n,m,shape,expected,actual,comparisons,direct_comparisons,budget,immutable,direct_formula,prefix_work,pass
0,0,0,0,0,0,0,32,1,1,1,1
0,0,1,0,0,0,0,32,1,1,1,1
0,0,2,0,0,0,0,32,1,1,1,1
0,0,3,0,0,0,0,32,1,1,1,1
0,0,4,0,0,0,0,32,1,1,1,1
0,0,5,0,0,0,0,32,1,1,1,1
0,1,0,18446744073709551615,18446744073709551615,0,0,64,1,1,1,1
0,1,1,18446744073709551615,18446744073709551615,0,0,64,1,1,1,1
0,1,2,18446744073709551615,18446744073709551615,0,0,64,1,1,1,1
0,1,3,18446744073709551615,18446744073709551615,0,0,64,1,1,1,1
0,1,4,18446744073709551615,18446744073709551615,0,0,64,1,1,1,1
0,1,5,18446744073709551615,18446744073709551615,0,0,64,1,1,1,1
0,2,0,18446744073709551615,18446744073709551615,0,0,96,1,1,1,1
0,2,1,18446744073709551615,18446744073709551615,0,0,96,1,1,1,1
0,2,2,18446744073709551615,18446744073709551615,0,0,96,1,1,1,1
0,2,3,18446744073709551615,18446744073709551615,0,0,96,1,1,1,1
0,2,4,18446744073709551615,18446744073709551615,0,0,96,1,1,1,1
0,2,5,18446744073709551615,18446744073709551615,0,0,96,1,1,1,1
0,31,0,18446744073709551615,18446744073709551615,0,0,1024,1,1,1,1
0,31,1,18446744073709551615,18446744073709551615,0,0,1024,1,1,1,1
0,31,2,18446744073709551615,18446744073709551615,0,0,1024,1,1,1,1
0,31,3,18446744073709551615,18446744073709551615,0,0,1024,1,1,1,1
0,31,4,18446744073709551615,18446744073709551615,0,0,1024,1,1,1,1
0,31,5,18446744073709551615,18446744073709551615,0,0,1024,1,1,1,1
0,32,0,18446744073709551615,18446744073709551615,0,0,320,1,1,1,1
0,32,1,18446744073709551615,18446744073709551615,0,0,320,1,1,1,1
0,32,2,18446744073709551615,18446744073709551615,0,0,320,1,1,1,1
0,32,3,18446744073709551615,18446744073709551615,0,0,320,1,1,1,1
0,32,4,18446744073709551615,18446744073709551615,0,0,320,1,1,1,1
0,32,5,18446744073709551615,18446744073709551615,0,0,320,1,1,1,1
0,33,0,18446744073709551615,18446744073709551615,0,0,328,1,1,1,1
0,33,1,18446744073709551615,18446744073709551615,0,0,328,1,1,1,1
0,33,2,18446744073709551615,18446744073709551615,0,0,328,1,1,1,1
0,33,3,18446744073709551615,18446744073709551615,0,0,328,1,1,1,1
0,33,4,18446744073709551615,18446744073709551615,0,0,328,1,1,1,1
0,33,5,18446744073709551615,18446744073709551615,0,0,328,1,1,1,1
0,63,0,18446744073709551615,18446744073709551615,0,0,568,1,1,1,1
0,63,1,18446744073709551615,18446744073709551615,0,0,568,1,1,1,1
0,63,2,18446744073709551615,18446744073709551615,0,0,568,1,1,1,1
0,63,3,18446744073709551615,18446744073709551615,0,0,568,1,1,1,1
0,63,4,18446744073709551615,18446744073709551615,0,0,568,1,1,1,1
0,63,5,18446744073709551615,18446744073709551615,0,0,568,1,1,1,1
0,64,0,18446744073709551615,18446744073709551615,0,0,576,1,1,1,1
0,64,1,18446744073709551615,18446744073709551615,0,0,576,1,1,1,1
0,64,2,18446744073709551615,18446744073709551615,0,0,576,1,1,1,1
0,64,3,18446744073709551615,18446744073709551615,0,0,576,1,1,1,1
0,64,4,18446744073709551615,18446744073709551615,0,0,576,1,1,1,1
0,64,5,18446744073709551615,18446744073709551615,0,0,576,1,1,1,1
0,65,0,18446744073709551615,18446744073709551615,0,0,584,1,1,1,1
0,65,1,18446744073709551615,18446744073709551615,0,0,584,1,1,1,1
0,65,2,18446744073709551615,18446744073709551615,0,0,584,1,1,1,1
0,65,3,18446744073709551615,18446744073709551615,0,0,584,1,1,1,1
0,65,4,18446744073709551615,18446744073709551615,0,0,584,1,1,1,1
0,65,5,18446744073709551615,18446744073709551615,0,0,584,1,1,1,1
0,128,0,18446744073709551615,18446744073709551615,0,0,1088,1,1,1,1
0,128,1,18446744073709551615,18446744073709551615,0,0,1088,1,1,1,1
0,128,2,18446744073709551615,18446744073709551615,0,0,1088,1,1,1,1
0,128,3,18446744073709551615,18446744073709551615,0,0,1088,1,1,1,1
0,128,4,18446744073709551615,18446744073709551615,0,0,1088,1,1,1,1
0,128,5,18446744073709551615,18446744073709551615,0,0,1088,1,1,1,1
0,129,0,18446744073709551615,18446744073709551615,0,0,1096,1,1,1,1
0,129,1,18446744073709551615,18446744073709551615,0,0,1096,1,1,1,1
0,129,2,18446744073709551615,18446744073709551615,0,0,1096,1,1,1,1
0,129,3,18446744073709551615,18446744073709551615,0,0,1096,1,1,1,1
0,129,4,18446744073709551615,18446744073709551615,0,0,1096,1,1,1,1
0,129,5,18446744073709551615,18446744073709551615,0,0,1096,1,1,1,1
0,257,0,18446744073709551615,18446744073709551615,0,0,2120,1,1,1,1
0,257,1,18446744073709551615,18446744073709551615,0,0,2120,1,1,1,1
0,257,2,18446744073709551615,18446744073709551615,0,0,2120,1,1,1,1
0,257,3,18446744073709551615,18446744073709551615,0,0,2120,1,1,1,1
0,257,4,18446744073709551615,18446744073709551615,0,0,2120,1,1,1,1
0,257,5,18446744073709551615,18446744073709551615,0,0,2120,1,1,1,1
0,512,0,18446744073709551615,18446744073709551615,0,0,4160,1,1,1,1
0,512,1,18446744073709551615,18446744073709551615,0,0,4160,1,1,1,1
0,512,2,18446744073709551615,18446744073709551615,0,0,4160,1,1,1,1
0,512,3,18446744073709551615,18446744073709551615,0,0,4160,1,1,1,1
0,512,4,18446744073709551615,18446744073709551615,0,0,4160,1,1,1,1
0,512,5,18446744073709551615,18446744073709551615,0,0,4160,1,1,1,1
0,1024,0,18446744073709551615,18446744073709551615,0,0,8256,1,1,1,1
0,1024,1,18446744073709551615,18446744073709551615,0,0,8256,1,1,1,1
0,1024,2,18446744073709551615,18446744073709551615,0,0,8256,1,1,1,1
0,1024,3,18446744073709551615,18446744073709551615,0,0,8256,1,1,1,1
0,1024,4,18446744073709551615,18446744073709551615,0,0,8256,1,1,1,1
0,1024,5,18446744073709551615,18446744073709551615,0,0,8256,1,1,1,1
0,2048,0,18446744073709551615,18446744073709551615,0,0,16448,1,1,1,1
0,2048,1,18446744073709551615,18446744073709551615,0,0,16448,1,1,1,1
0,2048,2,18446744073709551615,18446744073709551615,0,0,16448,1,1,1,1
0,2048,3,18446744073709551615,18446744073709551615,0,0,16448,1,1,1,1
0,2048,4,18446744073709551615,18446744073709551615,0,0,16448,1,1,1,1
0,2048,5,18446744073709551615,18446744073709551615,0,0,16448,1,1,1,1
0,4096,0,18446744073709551615,18446744073709551615,0,0,32832,1,1,1,1
0,4096,1,18446744073709551615,18446744073709551615,0,0,32832,1,1,1,1
0,4096,2,18446744073709551615,18446744073709551615,0,0,32832,1,1,1,1
0,4096,3,18446744073709551615,18446744073709551615,0,0,32832,1,1,1,1
0,4096,4,18446744073709551615,18446744073709551615,0,0,32832,1,1,1,1
0,4096,5,18446744073709551615,18446744073709551615,0,0,32832,1,1,1,1
1,0,0,0,0,0,0,64,1,1,1,1
1,0,1,0,0,0,0,64,1,1,1,1
1,0,2,0,0,0,0,64,1,1,1,1
1,0,3,0,0,0,0,64,1,1,1,1
1,0,4,0,0,0,0,64,1,1,1,1
1,0,5,0,0,0,0,64,1,1,1,1
1,1,0,18446744073709551615,18446744073709551615,1,1,96,1,1,1,1
1,1,1,0,0,1,1,96,1,1,1,1
1,1,2,0,0,1,1,96,1,1,1,1
1,1,3,0,0,1,1,96,1,1,1,1
1,1,4,0,0,1,1,96,1,1,1,1
1,1,5,0,0,1,1,96,1,1,1,1
1,2,0,18446744073709551615,18446744073709551615,0,0,128,1,1,1,1
1,2,1,18446744073709551615,18446744073709551615,0,0,128,1,1,1,1
1,2,2,18446744073709551615,18446744073709551615,0,0,128,1,1,1,1
1,2,3,18446744073709551615,18446744073709551615,0,0,128,1,1,1,1
1,2,4,18446744073709551615,18446744073709551615,0,0,128,1,1,1,1
1,2,5,18446744073709551615,18446744073709551615,0,0,128,1,1,1,1
1,31,0,18446744073709551615,18446744073709551615,0,0,1056,1,1,1,1
1,31,1,18446744073709551615,18446744073709551615,0,0,1056,1,1,1,1
1,31,2,18446744073709551615,18446744073709551615,0,0,1056,1,1,1,1
1,31,3,18446744073709551615,18446744073709551615,0,0,1056,1,1,1,1
1,31,4,18446744073709551615,18446744073709551615,0,0,1056,1,1,1,1
1,31,5,18446744073709551615,18446744073709551615,0,0,1056,1,1,1,1
1,32,0,18446744073709551615,18446744073709551615,0,0,328,1,1,1,1
1,32,1,18446744073709551615,18446744073709551615,0,0,328,1,1,1,1
1,32,2,18446744073709551615,18446744073709551615,0,0,328,1,1,1,1
1,32,3,18446744073709551615,18446744073709551615,0,0,328,1,1,1,1
1,32,4,18446744073709551615,18446744073709551615,0,0,328,1,1,1,1
1,32,5,18446744073709551615,18446744073709551615,0,0,328,1,1,1,1
1,33,0,18446744073709551615,18446744073709551615,0,0,336,1,1,1,1
1,33,1,18446744073709551615,18446744073709551615,0,0,336,1,1,1,1
1,33,2,18446744073709551615,18446744073709551615,0,0,336,1,1,1,1
1,33,3,18446744073709551615,18446744073709551615,0,0,336,1,1,1,1
1,33,4,18446744073709551615,18446744073709551615,0,0,336,1,1,1,1
1,33,5,18446744073709551615,18446744073709551615,0,0,336,1,1,1,1
1,63,0,18446744073709551615,18446744073709551615,0,0,576,1,1,1,1
1,63,1,18446744073709551615,18446744073709551615,0,0,576,1,1,1,1
1,63,2,18446744073709551615,18446744073709551615,0,0,576,1,1,1,1
1,63,3,18446744073709551615,18446744073709551615,0,0,576,1,1,1,1
1,63,4,18446744073709551615,18446744073709551615,0,0,576,1,1,1,1
1,63,5,18446744073709551615,18446744073709551615,0,0,576,1,1,1,1
1,64,0,18446744073709551615,18446744073709551615,0,0,584,1,1,1,1
1,64,1,18446744073709551615,18446744073709551615,0,0,584,1,1,1,1
1,64,2,18446744073709551615,18446744073709551615,0,0,584,1,1,1,1
1,64,3,18446744073709551615,18446744073709551615,0,0,584,1,1,1,1
1,64,4,18446744073709551615,18446744073709551615,0,0,584,1,1,1,1
1,64,5,18446744073709551615,18446744073709551615,0,0,584,1,1,1,1
1,65,0,18446744073709551615,18446744073709551615,0,0,592,1,1,1,1
1,65,1,18446744073709551615,18446744073709551615,0,0,592,1,1,1,1
1,65,2,18446744073709551615,18446744073709551615,0,0,592,1,1,1,1
1,65,3,18446744073709551615,18446744073709551615,0,0,592,1,1,1,1
1,65,4,18446744073709551615,18446744073709551615,0,0,592,1,1,1,1
1,65,5,18446744073709551615,18446744073709551615,0,0,592,1,1,1,1
1,128,0,18446744073709551615,18446744073709551615,0,0,1096,1,1,1,1
1,128,1,18446744073709551615,18446744073709551615,0,0,1096,1,1,1,1
1,128,2,18446744073709551615,18446744073709551615,0,0,1096,1,1,1,1
1,128,3,18446744073709551615,18446744073709551615,0,0,1096,1,1,1,1
1,128,4,18446744073709551615,18446744073709551615,0,0,1096,1,1,1,1
1,128,5,18446744073709551615,18446744073709551615,0,0,1096,1,1,1,1
1,129,0,18446744073709551615,18446744073709551615,0,0,1104,1,1,1,1
1,129,1,18446744073709551615,18446744073709551615,0,0,1104,1,1,1,1
1,129,2,18446744073709551615,18446744073709551615,0,0,1104,1,1,1,1
1,129,3,18446744073709551615,18446744073709551615,0,0,1104,1,1,1,1
1,129,4,18446744073709551615,18446744073709551615,0,0,1104,1,1,1,1
1,129,5,18446744073709551615,18446744073709551615,0,0,1104,1,1,1,1
1,257,0,18446744073709551615,18446744073709551615,0,0,2128,1,1,1,1
1,257,1,18446744073709551615,18446744073709551615,0,0,2128,1,1,1,1
1,257,2,18446744073709551615,18446744073709551615,0,0,2128,1,1,1,1
1,257,3,18446744073709551615,18446744073709551615,0,0,2128,1,1,1,1
1,257,4,18446744073709551615,18446744073709551615,0,0,2128,1,1,1,1
1,257,5,18446744073709551615,18446744073709551615,0,0,2128,1,1,1,1
1,512,0,18446744073709551615,18446744073709551615,0,0,4168,1,1,1,1
1,512,1,18446744073709551615,18446744073709551615,0,0,4168,1,1,1,1
1,512,2,18446744073709551615,18446744073709551615,0,0,4168,1,1,1,1
1,512,3,18446744073709551615,18446744073709551615,0,0,4168,1,1,1,1
1,512,4,18446744073709551615,18446744073709551615,0,0,4168,1,1,1,1
1,512,5,18446744073709551615,18446744073709551615,0,0,4168,1,1,1,1
1,1024,0,18446744073709551615,18446744073709551615,0,0,8264,1,1,1,1
1,1024,1,18446744073709551615,18446744073709551615,0,0,8264,1,1,1,1
1,1024,2,18446744073709551615,18446744073709551615,0,0,8264,1,1,1,1
1,1024,3,18446744073709551615,18446744073709551615,0,0,8264,1,1,1,1
1,1024,4,18446744073709551615,18446744073709551615,0,0,8264,1,1,1,1
1,1024,5,18446744073709551615,18446744073709551615,0,0,8264,1,1,1,1
1,2048,0,18446744073709551615,18446744073709551615,0,0,16456,1,1,1,1
1,2048,1,18446744073709551615,18446744073709551615,0,0,16456,1,1,1,1
1,2048,2,18446744073709551615,18446744073709551615,0,0,16456,1,1,1,1
1,2048,3,18446744073709551615,18446744073709551615,0,0,16456,1,1,1,1
1,2048,4,18446744073709551615,18446744073709551615,0,0,16456,1,1,1,1
1,2048,5,18446744073709551615,18446744073709551615,0,0,16456,1,1,1,1
1,4096,0,18446744073709551615,18446744073709551615,0,0,32840,1,1,1,1
1,4096,1,18446744073709551615,18446744073709551615,0,0,32840,1,1,1,1
1,4096,2,18446744073709551615,18446744073709551615,0,0,32840,1,1,1,1
1,4096,3,18446744073709551615,18446744073709551615,0,0,32840,1,1,1,1
1,4096,4,18446744073709551615,18446744073709551615,0,0,32840,1,1,1,1
1,4096,5,18446744073709551615,18446744073709551615,0,0,32840,1,1,1,1
2,0,0,0,0,0,0,96,1,1,1,1
2,0,1,0,0,0,0,96,1,1,1,1
2,0,2,0,0,0,0,96,1,1,1,1
2,0,3,0,0,0,0,96,1,1,1,1
2,0,4,0,0,0,0,96,1,1,1,1
2,0,5,0,0,0,0,96,1,1,1,1
2,1,0,18446744073709551615,18446744073709551615,2,2,128,1,1,1,1
2,1,1,1,1,2,2,128,1,1,1,1
2,1,2,0,0,1,1,128,1,1,1,1
2,1,3,0,0,1,1,128,1,1,1,1
2,1,4,1,1,2,2,128,1,1,1,1
2,1,5,18446744073709551615,18446744073709551615,2,2,128,1,1,1,1
2,2,0,18446744073709551615,18446744073709551615,2,2,160,1,1,1,1
2,2,1,0,0,2,2,160,1,1,1,1
2,2,2,0,0,2,2,160,1,1,1,1
2,2,3,0,0,2,2,160,1,1,1,1
2,2,4,0,0,2,2,160,1,1,1,1
2,2,5,0,0,2,2,160,1,1,1,1
2,31,0,18446744073709551615,18446744073709551615,0,0,1088,1,1,1,1
2,31,1,18446744073709551615,18446744073709551615,0,0,1088,1,1,1,1
2,31,2,18446744073709551615,18446744073709551615,0,0,1088,1,1,1,1
2,31,3,18446744073709551615,18446744073709551615,0,0,1088,1,1,1,1
2,31,4,18446744073709551615,18446744073709551615,0,0,1088,1,1,1,1
2,31,5,18446744073709551615,18446744073709551615,0,0,1088,1,1,1,1
2,32,0,18446744073709551615,18446744073709551615,0,0,336,1,1,1,1
2,32,1,18446744073709551615,18446744073709551615,0,0,336,1,1,1,1
2,32,2,18446744073709551615,18446744073709551615,0,0,336,1,1,1,1
2,32,3,18446744073709551615,18446744073709551615,0,0,336,1,1,1,1
2,32,4,18446744073709551615,18446744073709551615,0,0,336,1,1,1,1
2,32,5,18446744073709551615,18446744073709551615,0,0,336,1,1,1,1
2,33,0,18446744073709551615,18446744073709551615,0,0,344,1,1,1,1
2,33,1,18446744073709551615,18446744073709551615,0,0,344,1,1,1,1
2,33,2,18446744073709551615,18446744073709551615,0,0,344,1,1,1,1
2,33,3,18446744073709551615,18446744073709551615,0,0,344,1,1,1,1
2,33,4,18446744073709551615,18446744073709551615,0,0,344,1,1,1,1
2,33,5,18446744073709551615,18446744073709551615,0,0,344,1,1,1,1
2,63,0,18446744073709551615,18446744073709551615,0,0,584,1,1,1,1
2,63,1,18446744073709551615,18446744073709551615,0,0,584,1,1,1,1
2,63,2,18446744073709551615,18446744073709551615,0,0,584,1,1,1,1
2,63,3,18446744073709551615,18446744073709551615,0,0,584,1,1,1,1
2,63,4,18446744073709551615,18446744073709551615,0,0,584,1,1,1,1
2,63,5,18446744073709551615,18446744073709551615,0,0,584,1,1,1,1
2,64,0,18446744073709551615,18446744073709551615,0,0,592,1,1,1,1
2,64,1,18446744073709551615,18446744073709551615,0,0,592,1,1,1,1
2,64,2,18446744073709551615,18446744073709551615,0,0,592,1,1,1,1
2,64,3,18446744073709551615,18446744073709551615,0,0,592,1,1,1,1
2,64,4,18446744073709551615,18446744073709551615,0,0,592,1,1,1,1
2,64,5,18446744073709551615,18446744073709551615,0,0,592,1,1,1,1
2,65,0,18446744073709551615,18446744073709551615,0,0,600,1,1,1,1
2,65,1,18446744073709551615,18446744073709551615,0,0,600,1,1,1,1
2,65,2,18446744073709551615,18446744073709551615,0,0,600,1,1,1,1
2,65,3,18446744073709551615,18446744073709551615,0,0,600,1,1,1,1
2,65,4,18446744073709551615,18446744073709551615,0,0,600,1,1,1,1
2,65,5,18446744073709551615,18446744073709551615,0,0,600,1,1,1,1
2,128,0,18446744073709551615,18446744073709551615,0,0,1104,1,1,1,1
2,128,1,18446744073709551615,18446744073709551615,0,0,1104,1,1,1,1
2,128,2,18446744073709551615,18446744073709551615,0,0,1104,1,1,1,1
2,128,3,18446744073709551615,18446744073709551615,0,0,1104,1,1,1,1
2,128,4,18446744073709551615,18446744073709551615,0,0,1104,1,1,1,1
2,128,5,18446744073709551615,18446744073709551615,0,0,1104,1,1,1,1
2,129,0,18446744073709551615,18446744073709551615,0,0,1112,1,1,1,1
2,129,1,18446744073709551615,18446744073709551615,0,0,1112,1,1,1,1
2,129,2,18446744073709551615,18446744073709551615,0,0,1112,1,1,1,1
2,129,3,18446744073709551615,18446744073709551615,0,0,1112,1,1,1,1
2,129,4,18446744073709551615,18446744073709551615,0,0,1112,1,1,1,1
2,129,5,18446744073709551615,18446744073709551615,0,0,1112,1,1,1,1
2,257,0,18446744073709551615,18446744073709551615,0,0,2136,1,1,1,1
2,257,1,18446744073709551615,18446744073709551615,0,0,2136,1,1,1,1
2,257,2,18446744073709551615,18446744073709551615,0,0,2136,1,1,1,1
2,257,3,18446744073709551615,18446744073709551615,0,0,2136,1,1,1,1
2,257,4,18446744073709551615,18446744073709551615,0,0,2136,1,1,1,1
2,257,5,18446744073709551615,18446744073709551615,0,0,2136,1,1,1,1
2,512,0,18446744073709551615,18446744073709551615,0,0,4176,1,1,1,1
2,512,1,18446744073709551615,18446744073709551615,0,0,4176,1,1,1,1
2,512,2,18446744073709551615,18446744073709551615,0,0,4176,1,1,1,1
2,512,3,18446744073709551615,18446744073709551615,0,0,4176,1,1,1,1
2,512,4,18446744073709551615,18446744073709551615,0,0,4176,1,1,1,1
2,512,5,18446744073709551615,18446744073709551615,0,0,4176,1,1,1,1
2,1024,0,18446744073709551615,18446744073709551615,0,0,8272,1,1,1,1
2,1024,1,18446744073709551615,18446744073709551615,0,0,8272,1,1,1,1
2,1024,2,18446744073709551615,18446744073709551615,0,0,8272,1,1,1,1
2,1024,3,18446744073709551615,18446744073709551615,0,0,8272,1,1,1,1
2,1024,4,18446744073709551615,18446744073709551615,0,0,8272,1,1,1,1
2,1024,5,18446744073709551615,18446744073709551615,0,0,8272,1,1,1,1
2,2048,0,18446744073709551615,18446744073709551615,0,0,16464,1,1,1,1
2,2048,1,18446744073709551615,18446744073709551615,0,0,16464,1,1,1,1
2,2048,2,18446744073709551615,18446744073709551615,0,0,16464,1,1,1,1
2,2048,3,18446744073709551615,18446744073709551615,0,0,16464,1,1,1,1
2,2048,4,18446744073709551615,18446744073709551615,0,0,16464,1,1,1,1
2,2048,5,18446744073709551615,18446744073709551615,0,0,16464,1,1,1,1
2,4096,0,18446744073709551615,18446744073709551615,0,0,32848,1,1,1,1
2,4096,1,18446744073709551615,18446744073709551615,0,0,32848,1,1,1,1
2,4096,2,18446744073709551615,18446744073709551615,0,0,32848,1,1,1,1
2,4096,3,18446744073709551615,18446744073709551615,0,0,32848,1,1,1,1
2,4096,4,18446744073709551615,18446744073709551615,0,0,32848,1,1,1,1
2,4096,5,18446744073709551615,18446744073709551615,0,0,32848,1,1,1,1
31,0,0,0,0,0,0,1024,1,1,1,1
31,0,1,0,0,0,0,1024,1,1,1,1
31,0,2,0,0,0,0,1024,1,1,1,1
31,0,3,0,0,0,0,1024,1,1,1,1
31,0,4,0,0,0,0,1024,1,1,1,1
31,0,5,0,0,0,0,1024,1,1,1,1
31,1,0,18446744073709551615,18446744073709551615,31,31,1056,1,1,1,1
31,1,1,30,30,31,31,1056,1,1,1,1
31,1,2,0,0,1,1,1056,1,1,1,1
31,1,3,0,0,1,1,1056,1,1,1,1
31,1,4,30,30,31,31,1056,1,1,1,1
31,1,5,17,17,18,18,1056,1,1,1,1
31,2,0,18446744073709551615,18446744073709551615,60,60,1088,1,1,1,1
31,2,1,29,29,60,60,1088,1,1,1,1
31,2,2,0,0,2,2,1088,1,1,1,1
31,2,3,0,0,2,2,1088,1,1,1,1
31,2,4,29,29,31,31,1088,1,1,1,1
31,2,5,18446744073709551615,18446744073709551615,31,31,1088,1,1,1,1
31,31,0,18446744073709551615,18446744073709551615,31,31,2016,1,1,1,1
31,31,1,0,0,31,31,2016,1,1,1,1
31,31,2,0,0,31,31,2016,1,1,1,1
31,31,3,0,0,31,31,2016,1,1,1,1
31,31,4,0,0,31,31,2016,1,1,1,1
31,31,5,0,0,31,31,2016,1,1,1,1
31,32,0,18446744073709551615,18446744073709551615,0,0,568,1,1,1,1
31,32,1,18446744073709551615,18446744073709551615,0,0,568,1,1,1,1
31,32,2,18446744073709551615,18446744073709551615,0,0,568,1,1,1,1
31,32,3,18446744073709551615,18446744073709551615,0,0,568,1,1,1,1
31,32,4,18446744073709551615,18446744073709551615,0,0,568,1,1,1,1
31,32,5,18446744073709551615,18446744073709551615,0,0,568,1,1,1,1
31,33,0,18446744073709551615,18446744073709551615,0,0,576,1,1,1,1
31,33,1,18446744073709551615,18446744073709551615,0,0,576,1,1,1,1
31,33,2,18446744073709551615,18446744073709551615,0,0,576,1,1,1,1
31,33,3,18446744073709551615,18446744073709551615,0,0,576,1,1,1,1
31,33,4,18446744073709551615,18446744073709551615,0,0,576,1,1,1,1
31,33,5,18446744073709551615,18446744073709551615,0,0,576,1,1,1,1
31,63,0,18446744073709551615,18446744073709551615,0,0,816,1,1,1,1
31,63,1,18446744073709551615,18446744073709551615,0,0,816,1,1,1,1
31,63,2,18446744073709551615,18446744073709551615,0,0,816,1,1,1,1
31,63,3,18446744073709551615,18446744073709551615,0,0,816,1,1,1,1
31,63,4,18446744073709551615,18446744073709551615,0,0,816,1,1,1,1
31,63,5,18446744073709551615,18446744073709551615,0,0,816,1,1,1,1
31,64,0,18446744073709551615,18446744073709551615,0,0,824,1,1,1,1
31,64,1,18446744073709551615,18446744073709551615,0,0,824,1,1,1,1
31,64,2,18446744073709551615,18446744073709551615,0,0,824,1,1,1,1
31,64,3,18446744073709551615,18446744073709551615,0,0,824,1,1,1,1
31,64,4,18446744073709551615,18446744073709551615,0,0,824,1,1,1,1
31,64,5,18446744073709551615,18446744073709551615,0,0,824,1,1,1,1
31,65,0,18446744073709551615,18446744073709551615,0,0,832,1,1,1,1
31,65,1,18446744073709551615,18446744073709551615,0,0,832,1,1,1,1
31,65,2,18446744073709551615,18446744073709551615,0,0,832,1,1,1,1
31,65,3,18446744073709551615,18446744073709551615,0,0,832,1,1,1,1
31,65,4,18446744073709551615,18446744073709551615,0,0,832,1,1,1,1
31,65,5,18446744073709551615,18446744073709551615,0,0,832,1,1,1,1
31,128,0,18446744073709551615,18446744073709551615,0,0,1336,1,1,1,1
31,128,1,18446744073709551615,18446744073709551615,0,0,1336,1,1,1,1
31,128,2,18446744073709551615,18446744073709551615,0,0,1336,1,1,1,1
31,128,3,18446744073709551615,18446744073709551615,0,0,1336,1,1,1,1
31,128,4,18446744073709551615,18446744073709551615,0,0,1336,1,1,1,1
31,128,5,18446744073709551615,18446744073709551615,0,0,1336,1,1,1,1
31,129,0,18446744073709551615,18446744073709551615,0,0,1344,1,1,1,1
31,129,1,18446744073709551615,18446744073709551615,0,0,1344,1,1,1,1
31,129,2,18446744073709551615,18446744073709551615,0,0,1344,1,1,1,1
31,129,3,18446744073709551615,18446744073709551615,0,0,1344,1,1,1,1
31,129,4,18446744073709551615,18446744073709551615,0,0,1344,1,1,1,1
31,129,5,18446744073709551615,18446744073709551615,0,0,1344,1,1,1,1
31,257,0,18446744073709551615,18446744073709551615,0,0,2368,1,1,1,1
31,257,1,18446744073709551615,18446744073709551615,0,0,2368,1,1,1,1
31,257,2,18446744073709551615,18446744073709551615,0,0,2368,1,1,1,1
31,257,3,18446744073709551615,18446744073709551615,0,0,2368,1,1,1,1
31,257,4,18446744073709551615,18446744073709551615,0,0,2368,1,1,1,1
31,257,5,18446744073709551615,18446744073709551615,0,0,2368,1,1,1,1
31,512,0,18446744073709551615,18446744073709551615,0,0,4408,1,1,1,1
31,512,1,18446744073709551615,18446744073709551615,0,0,4408,1,1,1,1
31,512,2,18446744073709551615,18446744073709551615,0,0,4408,1,1,1,1
31,512,3,18446744073709551615,18446744073709551615,0,0,4408,1,1,1,1
31,512,4,18446744073709551615,18446744073709551615,0,0,4408,1,1,1,1
31,512,5,18446744073709551615,18446744073709551615,0,0,4408,1,1,1,1
31,1024,0,18446744073709551615,18446744073709551615,0,0,8504,1,1,1,1
31,1024,1,18446744073709551615,18446744073709551615,0,0,8504,1,1,1,1
31,1024,2,18446744073709551615,18446744073709551615,0,0,8504,1,1,1,1
31,1024,3,18446744073709551615,18446744073709551615,0,0,8504,1,1,1,1
31,1024,4,18446744073709551615,18446744073709551615,0,0,8504,1,1,1,1
31,1024,5,18446744073709551615,18446744073709551615,0,0,8504,1,1,1,1
31,2048,0,18446744073709551615,18446744073709551615,0,0,16696,1,1,1,1
31,2048,1,18446744073709551615,18446744073709551615,0,0,16696,1,1,1,1
31,2048,2,18446744073709551615,18446744073709551615,0,0,16696,1,1,1,1
31,2048,3,18446744073709551615,18446744073709551615,0,0,16696,1,1,1,1
31,2048,4,18446744073709551615,18446744073709551615,0,0,16696,1,1,1,1
31,2048,5,18446744073709551615,18446744073709551615,0,0,16696,1,1,1,1
31,4096,0,18446744073709551615,18446744073709551615,0,0,33080,1,1,1,1
31,4096,1,18446744073709551615,18446744073709551615,0,0,33080,1,1,1,1
31,4096,2,18446744073709551615,18446744073709551615,0,0,33080,1,1,1,1
31,4096,3,18446744073709551615,18446744073709551615,0,0,33080,1,1,1,1
31,4096,4,18446744073709551615,18446744073709551615,0,0,33080,1,1,1,1
31,4096,5,18446744073709551615,18446744073709551615,0,0,33080,1,1,1,1
32,0,0,0,0,0,0,1056,1,1,1,1
32,0,1,0,0,0,0,1056,1,1,1,1
32,0,2,0,0,0,0,1056,1,1,1,1
32,0,3,0,0,0,0,1056,1,1,1,1
32,0,4,0,0,0,0,1056,1,1,1,1
32,0,5,0,0,0,0,1056,1,1,1,1
32,1,0,18446744073709551615,18446744073709551615,32,32,1088,1,1,1,1
32,1,1,31,31,32,32,1088,1,1,1,1
32,1,2,0,0,1,1,1088,1,1,1,1
32,1,3,0,0,1,1,1088,1,1,1,1
32,1,4,31,31,32,32,1088,1,1,1,1
32,1,5,18446744073709551615,18446744073709551615,32,32,1088,1,1,1,1
32,2,0,18446744073709551615,18446744073709551615,62,62,1120,1,1,1,1
32,2,1,30,30,62,62,1120,1,1,1,1
32,2,2,0,0,2,2,1120,1,1,1,1
32,2,3,0,0,2,2,1120,1,1,1,1
32,2,4,30,30,32,32,1120,1,1,1,1
32,2,5,30,30,32,32,1120,1,1,1,1
32,31,0,18446744073709551615,18446744073709551615,62,62,2048,1,1,1,1
32,31,1,1,1,62,62,2048,1,1,1,1
32,31,2,0,0,31,31,2048,1,1,1,1
32,31,3,0,0,31,31,2048,1,1,1,1
32,31,4,1,1,32,32,2048,1,1,1,1
32,31,5,18446744073709551615,18446744073709551615,17,17,2048,1,1,1,1
32,32,0,18446744073709551615,18446744073709551615,96,32,576,1,1,1,1
32,32,1,0,0,127,32,576,1,1,0,0
32,32,2,0,0,94,32,576,1,1,0,0
32,32,3,0,0,98,32,576,1,1,0,0
32,32,4,0,0,157,32,576,1,1,0,0
32,32,5,0,0,157,32,576,1,1,0,0
32,33,0,18446744073709551615,18446744073709551615,0,0,584,1,1,1,1
32,33,1,18446744073709551615,18446744073709551615,0,0,584,1,1,1,1
32,33,2,18446744073709551615,18446744073709551615,0,0,584,1,1,1,1
32,33,3,18446744073709551615,18446744073709551615,0,0,584,1,1,1,1
32,33,4,18446744073709551615,18446744073709551615,0,0,584,1,1,1,1
32,33,5,18446744073709551615,18446744073709551615,0,0,584,1,1,1,1
32,63,0,18446744073709551615,18446744073709551615,0,0,824,1,1,1,1
32,63,1,18446744073709551615,18446744073709551615,0,0,824,1,1,1,1
32,63,2,18446744073709551615,18446744073709551615,0,0,824,1,1,1,1
32,63,3,18446744073709551615,18446744073709551615,0,0,824,1,1,1,1
32,63,4,18446744073709551615,18446744073709551615,0,0,824,1,1,1,1
32,63,5,18446744073709551615,18446744073709551615,0,0,824,1,1,1,1
32,64,0,18446744073709551615,18446744073709551615,0,0,832,1,1,1,1
32,64,1,18446744073709551615,18446744073709551615,0,0,832,1,1,1,1
32,64,2,18446744073709551615,18446744073709551615,0,0,832,1,1,1,1
32,64,3,18446744073709551615,18446744073709551615,0,0,832,1,1,1,1
32,64,4,18446744073709551615,18446744073709551615,0,0,832,1,1,1,1
32,64,5,18446744073709551615,18446744073709551615,0,0,832,1,1,1,1
32,65,0,18446744073709551615,18446744073709551615,0,0,840,1,1,1,1
32,65,1,18446744073709551615,18446744073709551615,0,0,840,1,1,1,1
32,65,2,18446744073709551615,18446744073709551615,0,0,840,1,1,1,1
32,65,3,18446744073709551615,18446744073709551615,0,0,840,1,1,1,1
32,65,4,18446744073709551615,18446744073709551615,0,0,840,1,1,1,1
32,65,5,18446744073709551615,18446744073709551615,0,0,840,1,1,1,1
32,128,0,18446744073709551615,18446744073709551615,0,0,1344,1,1,1,1
32,128,1,18446744073709551615,18446744073709551615,0,0,1344,1,1,1,1
32,128,2,18446744073709551615,18446744073709551615,0,0,1344,1,1,1,1
32,128,3,18446744073709551615,18446744073709551615,0,0,1344,1,1,1,1
32,128,4,18446744073709551615,18446744073709551615,0,0,1344,1,1,1,1
32,128,5,18446744073709551615,18446744073709551615,0,0,1344,1,1,1,1
32,129,0,18446744073709551615,18446744073709551615,0,0,1352,1,1,1,1
32,129,1,18446744073709551615,18446744073709551615,0,0,1352,1,1,1,1
32,129,2,18446744073709551615,18446744073709551615,0,0,1352,1,1,1,1
32,129,3,18446744073709551615,18446744073709551615,0,0,1352,1,1,1,1
32,129,4,18446744073709551615,18446744073709551615,0,0,1352,1,1,1,1
32,129,5,18446744073709551615,18446744073709551615,0,0,1352,1,1,1,1
32,257,0,18446744073709551615,18446744073709551615,0,0,2376,1,1,1,1
32,257,1,18446744073709551615,18446744073709551615,0,0,2376,1,1,1,1
32,257,2,18446744073709551615,18446744073709551615,0,0,2376,1,1,1,1
32,257,3,18446744073709551615,18446744073709551615,0,0,2376,1,1,1,1
32,257,4,18446744073709551615,18446744073709551615,0,0,2376,1,1,1,1
32,257,5,18446744073709551615,18446744073709551615,0,0,2376,1,1,1,1
32,512,0,18446744073709551615,18446744073709551615,0,0,4416,1,1,1,1
32,512,1,18446744073709551615,18446744073709551615,0,0,4416,1,1,1,1
32,512,2,18446744073709551615,18446744073709551615,0,0,4416,1,1,1,1
32,512,3,18446744073709551615,18446744073709551615,0,0,4416,1,1,1,1
32,512,4,18446744073709551615,18446744073709551615,0,0,4416,1,1,1,1
32,512,5,18446744073709551615,18446744073709551615,0,0,4416,1,1,1,1
32,1024,0,18446744073709551615,18446744073709551615,0,0,8512,1,1,1,1
32,1024,1,18446744073709551615,18446744073709551615,0,0,8512,1,1,1,1
32,1024,2,18446744073709551615,18446744073709551615,0,0,8512,1,1,1,1
32,1024,3,18446744073709551615,18446744073709551615,0,0,8512,1,1,1,1
32,1024,4,18446744073709551615,18446744073709551615,0,0,8512,1,1,1,1
32,1024,5,18446744073709551615,18446744073709551615,0,0,8512,1,1,1,1
32,2048,0,18446744073709551615,18446744073709551615,0,0,16704,1,1,1,1
32,2048,1,18446744073709551615,18446744073709551615,0,0,16704,1,1,1,1
32,2048,2,18446744073709551615,18446744073709551615,0,0,16704,1,1,1,1
32,2048,3,18446744073709551615,18446744073709551615,0,0,16704,1,1,1,1
32,2048,4,18446744073709551615,18446744073709551615,0,0,16704,1,1,1,1
32,2048,5,18446744073709551615,18446744073709551615,0,0,16704,1,1,1,1
32,4096,0,18446744073709551615,18446744073709551615,0,0,33088,1,1,1,1
32,4096,1,18446744073709551615,18446744073709551615,0,0,33088,1,1,1,1
32,4096,2,18446744073709551615,18446744073709551615,0,0,33088,1,1,1,1
32,4096,3,18446744073709551615,18446744073709551615,0,0,33088,1,1,1,1
32,4096,4,18446744073709551615,18446744073709551615,0,0,33088,1,1,1,1
32,4096,5,18446744073709551615,18446744073709551615,0,0,33088,1,1,1,1
33,0,0,0,0,0,0,1088,1,1,1,1
33,0,1,0,0,0,0,1088,1,1,1,1
33,0,2,0,0,0,0,1088,1,1,1,1
33,0,3,0,0,0,0,1088,1,1,1,1
33,0,4,0,0,0,0,1088,1,1,1,1
33,0,5,0,0,0,0,1088,1,1,1,1
33,1,0,18446744073709551615,18446744073709551615,33,33,1120,1,1,1,1
33,1,1,32,32,33,33,1120,1,1,1,1
33,1,2,0,0,1,1,1120,1,1,1,1
33,1,3,0,0,1,1,1120,1,1,1,1
33,1,4,32,32,33,33,1120,1,1,1,1
33,1,5,17,17,18,18,1120,1,1,1,1
33,2,0,18446744073709551615,18446744073709551615,64,64,1152,1,1,1,1
33,2,1,31,31,64,64,1152,1,1,1,1
33,2,2,0,0,2,2,1152,1,1,1,1
33,2,3,0,0,2,2,1152,1,1,1,1
33,2,4,31,31,33,33,1152,1,1,1,1
33,2,5,18446744073709551615,18446744073709551615,33,33,1152,1,1,1,1
33,31,0,18446744073709551615,18446744073709551615,93,93,2080,1,1,1,1
33,31,1,2,2,93,93,2080,1,1,1,1
33,31,2,0,0,31,31,2080,1,1,1,1
33,31,3,0,0,31,31,2080,1,1,1,1
33,31,4,2,2,33,33,2080,1,1,1,1
33,31,5,2,2,33,33,2080,1,1,1,1
33,32,0,18446744073709551615,18446744073709551615,97,64,584,1,1,1,1
33,32,1,1,1,128,64,584,1,1,1,1
33,32,2,0,0,94,32,584,1,1,0,0
33,32,3,0,0,98,32,584,1,1,0,0
33,32,4,1,1,158,33,584,1,1,1,1
33,32,5,18446744073709551615,18446744073709551615,128,18,584,1,1,1,1
33,33,0,18446744073709551615,18446744073709551615,99,33,592,1,1,1,1
33,33,1,0,0,131,33,592,1,1,0,0
33,33,2,0,0,97,33,592,1,1,0,0
33,33,3,0,0,101,33,592,1,1,0,0
33,33,4,0,0,162,33,592,1,1,0,0
33,33,5,0,0,162,33,592,1,1,0,0
33,63,0,18446744073709551615,18446744073709551615,0,0,832,1,1,1,1
33,63,1,18446744073709551615,18446744073709551615,0,0,832,1,1,1,1
33,63,2,18446744073709551615,18446744073709551615,0,0,832,1,1,1,1
33,63,3,18446744073709551615,18446744073709551615,0,0,832,1,1,1,1
33,63,4,18446744073709551615,18446744073709551615,0,0,832,1,1,1,1
33,63,5,18446744073709551615,18446744073709551615,0,0,832,1,1,1,1
33,64,0,18446744073709551615,18446744073709551615,0,0,840,1,1,1,1
33,64,1,18446744073709551615,18446744073709551615,0,0,840,1,1,1,1
33,64,2,18446744073709551615,18446744073709551615,0,0,840,1,1,1,1
33,64,3,18446744073709551615,18446744073709551615,0,0,840,1,1,1,1
33,64,4,18446744073709551615,18446744073709551615,0,0,840,1,1,1,1
33,64,5,18446744073709551615,18446744073709551615,0,0,840,1,1,1,1
33,65,0,18446744073709551615,18446744073709551615,0,0,848,1,1,1,1
33,65,1,18446744073709551615,18446744073709551615,0,0,848,1,1,1,1
33,65,2,18446744073709551615,18446744073709551615,0,0,848,1,1,1,1
33,65,3,18446744073709551615,18446744073709551615,0,0,848,1,1,1,1
33,65,4,18446744073709551615,18446744073709551615,0,0,848,1,1,1,1
33,65,5,18446744073709551615,18446744073709551615,0,0,848,1,1,1,1
33,128,0,18446744073709551615,18446744073709551615,0,0,1352,1,1,1,1
33,128,1,18446744073709551615,18446744073709551615,0,0,1352,1,1,1,1
33,128,2,18446744073709551615,18446744073709551615,0,0,1352,1,1,1,1
33,128,3,18446744073709551615,18446744073709551615,0,0,1352,1,1,1,1
33,128,4,18446744073709551615,18446744073709551615,0,0,1352,1,1,1,1
33,128,5,18446744073709551615,18446744073709551615,0,0,1352,1,1,1,1
33,129,0,18446744073709551615,18446744073709551615,0,0,1360,1,1,1,1
33,129,1,18446744073709551615,18446744073709551615,0,0,1360,1,1,1,1
33,129,2,18446744073709551615,18446744073709551615,0,0,1360,1,1,1,1
33,129,3,18446744073709551615,18446744073709551615,0,0,1360,1,1,1,1
33,129,4,18446744073709551615,18446744073709551615,0,0,1360,1,1,1,1
33,129,5,18446744073709551615,18446744073709551615,0,0,1360,1,1,1,1
33,257,0,18446744073709551615,18446744073709551615,0,0,2384,1,1,1,1
33,257,1,18446744073709551615,18446744073709551615,0,0,2384,1,1,1,1
33,257,2,18446744073709551615,18446744073709551615,0,0,2384,1,1,1,1
33,257,3,18446744073709551615,18446744073709551615,0,0,2384,1,1,1,1
33,257,4,18446744073709551615,18446744073709551615,0,0,2384,1,1,1,1
33,257,5,18446744073709551615,18446744073709551615,0,0,2384,1,1,1,1
33,512,0,18446744073709551615,18446744073709551615,0,0,4424,1,1,1,1
33,512,1,18446744073709551615,18446744073709551615,0,0,4424,1,1,1,1
33,512,2,18446744073709551615,18446744073709551615,0,0,4424,1,1,1,1
33,512,3,18446744073709551615,18446744073709551615,0,0,4424,1,1,1,1
33,512,4,18446744073709551615,18446744073709551615,0,0,4424,1,1,1,1
33,512,5,18446744073709551615,18446744073709551615,0,0,4424,1,1,1,1
33,1024,0,18446744073709551615,18446744073709551615,0,0,8520,1,1,1,1
33,1024,1,18446744073709551615,18446744073709551615,0,0,8520,1,1,1,1
33,1024,2,18446744073709551615,18446744073709551615,0,0,8520,1,1,1,1
33,1024,3,18446744073709551615,18446744073709551615,0,0,8520,1,1,1,1
33,1024,4,18446744073709551615,18446744073709551615,0,0,8520,1,1,1,1
33,1024,5,18446744073709551615,18446744073709551615,0,0,8520,1,1,1,1
33,2048,0,18446744073709551615,18446744073709551615,0,0,16712,1,1,1,1
33,2048,1,18446744073709551615,18446744073709551615,0,0,16712,1,1,1,1
33,2048,2,18446744073709551615,18446744073709551615,0,0,16712,1,1,1,1
33,2048,3,18446744073709551615,18446744073709551615,0,0,16712,1,1,1,1
33,2048,4,18446744073709551615,18446744073709551615,0,0,16712,1,1,1,1
33,2048,5,18446744073709551615,18446744073709551615,0,0,16712,1,1,1,1
33,4096,0,18446744073709551615,18446744073709551615,0,0,33096,1,1,1,1
33,4096,1,18446744073709551615,18446744073709551615,0,0,33096,1,1,1,1
33,4096,2,18446744073709551615,18446744073709551615,0,0,33096,1,1,1,1
33,4096,3,18446744073709551615,18446744073709551615,0,0,33096,1,1,1,1
33,4096,4,18446744073709551615,18446744073709551615,0,0,33096,1,1,1,1
33,4096,5,18446744073709551615,18446744073709551615,0,0,33096,1,1,1,1
63,0,0,0,0,0,0,2048,1,1,1,1
63,0,1,0,0,0,0,2048,1,1,1,1
63,0,2,0,0,0,0,2048,1,1,1,1
63,0,3,0,0,0,0,2048,1,1,1,1
63,0,4,0,0,0,0,2048,1,1,1,1
63,0,5,0,0,0,0,2048,1,1,1,1
63,1,0,18446744073709551615,18446744073709551615,63,63,2080,1,1,1,1
63,1,1,62,62,63,63,2080,1,1,1,1
63,1,2,0,0,1,1,2080,1,1,1,1
63,1,3,0,0,1,1,2080,1,1,1,1
63,1,4,62,62,63,63,2080,1,1,1,1
63,1,5,12,12,13,13,2080,1,1,1,1
63,2,0,18446744073709551615,18446744073709551615,124,124,2112,1,1,1,1
63,2,1,61,61,124,124,2112,1,1,1,1
63,2,2,0,0,2,2,2112,1,1,1,1
63,2,3,0,0,2,2,2112,1,1,1,1
63,2,4,61,61,63,63,2112,1,1,1,1
63,2,5,18446744073709551615,18446744073709551615,63,63,2112,1,1,1,1
63,31,0,18446744073709551615,18446744073709551615,1023,1023,3040,1,1,1,1
63,31,1,32,32,1023,1023,3040,1,1,1,1
63,31,2,0,0,31,31,3040,1,1,1,1
63,31,3,0,0,31,31,3040,1,1,1,1
63,31,4,32,32,63,63,3040,1,1,1,1
63,31,5,32,32,63,63,3040,1,1,1,1
63,32,0,18446744073709551615,18446744073709551615,127,1024,824,1,1,1,1
63,32,1,31,31,158,1024,824,1,1,1,1
63,32,2,0,0,94,32,824,1,1,0,0
63,32,3,0,0,98,32,824,1,1,0,0
63,32,4,31,31,188,63,824,1,1,1,1
63,32,5,18446744073709551615,18446744073709551615,172,48,824,1,1,1,1
63,33,0,18446744073709551615,18446744073709551615,129,1023,832,1,1,1,1
63,33,1,30,30,161,1023,832,1,1,1,1
63,33,2,0,0,97,33,832,1,1,0,0
63,33,3,0,0,101,33,832,1,1,0,0
63,33,4,30,30,192,63,832,1,1,1,1
63,33,5,30,30,192,63,832,1,1,1,1
63,63,0,18446744073709551615,18446744073709551615,189,63,1072,1,1,1,1
63,63,1,0,0,251,63,1072,1,1,0,0
63,63,2,0,0,187,63,1072,1,1,0,0
63,63,3,0,0,191,63,1072,1,1,0,0
63,63,4,0,0,312,63,1072,1,1,0,0
63,63,5,0,0,312,63,1072,1,1,0,0
63,64,0,18446744073709551615,18446744073709551615,0,0,1080,1,1,1,1
63,64,1,18446744073709551615,18446744073709551615,0,0,1080,1,1,1,1
63,64,2,18446744073709551615,18446744073709551615,0,0,1080,1,1,1,1
63,64,3,18446744073709551615,18446744073709551615,0,0,1080,1,1,1,1
63,64,4,18446744073709551615,18446744073709551615,0,0,1080,1,1,1,1
63,64,5,18446744073709551615,18446744073709551615,0,0,1080,1,1,1,1
63,65,0,18446744073709551615,18446744073709551615,0,0,1088,1,1,1,1
63,65,1,18446744073709551615,18446744073709551615,0,0,1088,1,1,1,1
63,65,2,18446744073709551615,18446744073709551615,0,0,1088,1,1,1,1
63,65,3,18446744073709551615,18446744073709551615,0,0,1088,1,1,1,1
63,65,4,18446744073709551615,18446744073709551615,0,0,1088,1,1,1,1
63,65,5,18446744073709551615,18446744073709551615,0,0,1088,1,1,1,1
63,128,0,18446744073709551615,18446744073709551615,0,0,1592,1,1,1,1
63,128,1,18446744073709551615,18446744073709551615,0,0,1592,1,1,1,1
63,128,2,18446744073709551615,18446744073709551615,0,0,1592,1,1,1,1
63,128,3,18446744073709551615,18446744073709551615,0,0,1592,1,1,1,1
63,128,4,18446744073709551615,18446744073709551615,0,0,1592,1,1,1,1
63,128,5,18446744073709551615,18446744073709551615,0,0,1592,1,1,1,1
63,129,0,18446744073709551615,18446744073709551615,0,0,1600,1,1,1,1
63,129,1,18446744073709551615,18446744073709551615,0,0,1600,1,1,1,1
63,129,2,18446744073709551615,18446744073709551615,0,0,1600,1,1,1,1
63,129,3,18446744073709551615,18446744073709551615,0,0,1600,1,1,1,1
63,129,4,18446744073709551615,18446744073709551615,0,0,1600,1,1,1,1
63,129,5,18446744073709551615,18446744073709551615,0,0,1600,1,1,1,1
63,257,0,18446744073709551615,18446744073709551615,0,0,2624,1,1,1,1
63,257,1,18446744073709551615,18446744073709551615,0,0,2624,1,1,1,1
63,257,2,18446744073709551615,18446744073709551615,0,0,2624,1,1,1,1
63,257,3,18446744073709551615,18446744073709551615,0,0,2624,1,1,1,1
63,257,4,18446744073709551615,18446744073709551615,0,0,2624,1,1,1,1
63,257,5,18446744073709551615,18446744073709551615,0,0,2624,1,1,1,1
63,512,0,18446744073709551615,18446744073709551615,0,0,4664,1,1,1,1
63,512,1,18446744073709551615,18446744073709551615,0,0,4664,1,1,1,1
63,512,2,18446744073709551615,18446744073709551615,0,0,4664,1,1,1,1
63,512,3,18446744073709551615,18446744073709551615,0,0,4664,1,1,1,1
63,512,4,18446744073709551615,18446744073709551615,0,0,4664,1,1,1,1
63,512,5,18446744073709551615,18446744073709551615,0,0,4664,1,1,1,1
63,1024,0,18446744073709551615,18446744073709551615,0,0,8760,1,1,1,1
63,1024,1,18446744073709551615,18446744073709551615,0,0,8760,1,1,1,1
63,1024,2,18446744073709551615,18446744073709551615,0,0,8760,1,1,1,1
63,1024,3,18446744073709551615,18446744073709551615,0,0,8760,1,1,1,1
63,1024,4,18446744073709551615,18446744073709551615,0,0,8760,1,1,1,1
63,1024,5,18446744073709551615,18446744073709551615,0,0,8760,1,1,1,1
63,2048,0,18446744073709551615,18446744073709551615,0,0,16952,1,1,1,1
63,2048,1,18446744073709551615,18446744073709551615,0,0,16952,1,1,1,1
63,2048,2,18446744073709551615,18446744073709551615,0,0,16952,1,1,1,1
63,2048,3,18446744073709551615,18446744073709551615,0,0,16952,1,1,1,1
63,2048,4,18446744073709551615,18446744073709551615,0,0,16952,1,1,1,1
63,2048,5,18446744073709551615,18446744073709551615,0,0,16952,1,1,1,1
63,4096,0,18446744073709551615,18446744073709551615,0,0,33336,1,1,1,1
63,4096,1,18446744073709551615,18446744073709551615,0,0,33336,1,1,1,1
63,4096,2,18446744073709551615,18446744073709551615,0,0,33336,1,1,1,1
63,4096,3,18446744073709551615,18446744073709551615,0,0,33336,1,1,1,1
63,4096,4,18446744073709551615,18446744073709551615,0,0,33336,1,1,1,1
63,4096,5,18446744073709551615,18446744073709551615,0,0,33336,1,1,1,1
64,0,0,0,0,0,0,2080,1,1,1,1
64,0,1,0,0,0,0,2080,1,1,1,1
64,0,2,0,0,0,0,2080,1,1,1,1
64,0,3,0,0,0,0,2080,1,1,1,1
64,0,4,0,0,0,0,2080,1,1,1,1
64,0,5,0,0,0,0,2080,1,1,1,1
64,1,0,18446744073709551615,18446744073709551615,64,64,2112,1,1,1,1
64,1,1,63,63,64,64,2112,1,1,1,1
64,1,2,0,0,1,1,2112,1,1,1,1
64,1,3,0,0,1,1,2112,1,1,1,1
64,1,4,63,63,64,64,2112,1,1,1,1
64,1,5,18446744073709551615,18446744073709551615,64,64,2112,1,1,1,1
64,2,0,18446744073709551615,18446744073709551615,126,126,2144,1,1,1,1
64,2,1,62,62,126,126,2144,1,1,1,1
64,2,2,0,0,2,2,2144,1,1,1,1
64,2,3,0,0,2,2,2144,1,1,1,1
64,2,4,62,62,64,64,2144,1,1,1,1
64,2,5,62,62,64,64,2144,1,1,1,1
64,31,0,18446744073709551615,18446744073709551615,1054,1054,3072,1,1,1,1
64,31,1,33,33,1054,1054,3072,1,1,1,1
64,31,2,0,0,31,31,3072,1,1,1,1
64,31,3,0,0,31,31,3072,1,1,1,1
64,31,4,33,33,64,64,3072,1,1,1,1
64,31,5,18446744073709551615,18446744073709551615,49,49,3072,1,1,1,1
64,32,0,18446744073709551615,18446744073709551615,128,1056,832,1,1,1,1
64,32,1,32,32,159,1056,832,1,1,1,1
64,32,2,0,0,94,32,832,1,1,0,0
64,32,3,0,0,98,32,832,1,1,0,0
64,32,4,32,32,189,64,832,1,1,1,1
64,32,5,32,32,189,64,832,1,1,1,1
64,33,0,18446744073709551615,18446744073709551615,130,1056,840,1,1,1,1
64,33,1,31,31,162,1056,840,1,1,1,1
64,33,2,0,0,97,33,840,1,1,0,0
64,33,3,0,0,101,33,840,1,1,0,0
64,33,4,31,31,193,64,840,1,1,1,1
64,33,5,18446744073709551615,18446744073709551615,177,48,840,1,1,1,1
64,63,0,18446744073709551615,18446744073709551615,190,126,1080,1,1,1,1
64,63,1,1,1,252,126,1080,1,1,1,1
64,63,2,0,0,187,63,1080,1,1,0,0
64,63,3,0,0,191,63,1080,1,1,0,0
64,63,4,1,1,313,64,1080,1,1,1,1
64,63,5,18446744073709551615,18446744073709551615,282,33,1080,1,1,1,1
64,64,0,18446744073709551615,18446744073709551615,192,64,1088,1,1,1,1
64,64,1,0,0,255,64,1088,1,1,0,0
64,64,2,0,0,190,64,1088,1,1,0,0
64,64,3,0,0,194,64,1088,1,1,0,0
64,64,4,0,0,317,64,1088,1,1,0,0
64,64,5,0,0,316,64,1088,1,1,0,0
64,65,0,18446744073709551615,18446744073709551615,0,0,1096,1,1,1,1
64,65,1,18446744073709551615,18446744073709551615,0,0,1096,1,1,1,1
64,65,2,18446744073709551615,18446744073709551615,0,0,1096,1,1,1,1
64,65,3,18446744073709551615,18446744073709551615,0,0,1096,1,1,1,1
64,65,4,18446744073709551615,18446744073709551615,0,0,1096,1,1,1,1
64,65,5,18446744073709551615,18446744073709551615,0,0,1096,1,1,1,1
64,128,0,18446744073709551615,18446744073709551615,0,0,1600,1,1,1,1
64,128,1,18446744073709551615,18446744073709551615,0,0,1600,1,1,1,1
64,128,2,18446744073709551615,18446744073709551615,0,0,1600,1,1,1,1
64,128,3,18446744073709551615,18446744073709551615,0,0,1600,1,1,1,1
64,128,4,18446744073709551615,18446744073709551615,0,0,1600,1,1,1,1
64,128,5,18446744073709551615,18446744073709551615,0,0,1600,1,1,1,1
64,129,0,18446744073709551615,18446744073709551615,0,0,1608,1,1,1,1
64,129,1,18446744073709551615,18446744073709551615,0,0,1608,1,1,1,1
64,129,2,18446744073709551615,18446744073709551615,0,0,1608,1,1,1,1
64,129,3,18446744073709551615,18446744073709551615,0,0,1608,1,1,1,1
64,129,4,18446744073709551615,18446744073709551615,0,0,1608,1,1,1,1
64,129,5,18446744073709551615,18446744073709551615,0,0,1608,1,1,1,1
64,257,0,18446744073709551615,18446744073709551615,0,0,2632,1,1,1,1
64,257,1,18446744073709551615,18446744073709551615,0,0,2632,1,1,1,1
64,257,2,18446744073709551615,18446744073709551615,0,0,2632,1,1,1,1
64,257,3,18446744073709551615,18446744073709551615,0,0,2632,1,1,1,1
64,257,4,18446744073709551615,18446744073709551615,0,0,2632,1,1,1,1
64,257,5,18446744073709551615,18446744073709551615,0,0,2632,1,1,1,1
64,512,0,18446744073709551615,18446744073709551615,0,0,4672,1,1,1,1
64,512,1,18446744073709551615,18446744073709551615,0,0,4672,1,1,1,1
64,512,2,18446744073709551615,18446744073709551615,0,0,4672,1,1,1,1
64,512,3,18446744073709551615,18446744073709551615,0,0,4672,1,1,1,1
64,512,4,18446744073709551615,18446744073709551615,0,0,4672,1,1,1,1
64,512,5,18446744073709551615,18446744073709551615,0,0,4672,1,1,1,1
64,1024,0,18446744073709551615,18446744073709551615,0,0,8768,1,1,1,1
64,1024,1,18446744073709551615,18446744073709551615,0,0,8768,1,1,1,1
64,1024,2,18446744073709551615,18446744073709551615,0,0,8768,1,1,1,1
64,1024,3,18446744073709551615,18446744073709551615,0,0,8768,1,1,1,1
64,1024,4,18446744073709551615,18446744073709551615,0,0,8768,1,1,1,1
64,1024,5,18446744073709551615,18446744073709551615,0,0,8768,1,1,1,1
64,2048,0,18446744073709551615,18446744073709551615,0,0,16960,1,1,1,1
64,2048,1,18446744073709551615,18446744073709551615,0,0,16960,1,1,1,1
64,2048,2,18446744073709551615,18446744073709551615,0,0,16960,1,1,1,1
64,2048,3,18446744073709551615,18446744073709551615,0,0,16960,1,1,1,1
64,2048,4,18446744073709551615,18446744073709551615,0,0,16960,1,1,1,1
64,2048,5,18446744073709551615,18446744073709551615,0,0,16960,1,1,1,1
64,4096,0,18446744073709551615,18446744073709551615,0,0,33344,1,1,1,1
64,4096,1,18446744073709551615,18446744073709551615,0,0,33344,1,1,1,1
64,4096,2,18446744073709551615,18446744073709551615,0,0,33344,1,1,1,1
64,4096,3,18446744073709551615,18446744073709551615,0,0,33344,1,1,1,1
64,4096,4,18446744073709551615,18446744073709551615,0,0,33344,1,1,1,1
64,4096,5,18446744073709551615,18446744073709551615,0,0,33344,1,1,1,1
65,0,0,0,0,0,0,2112,1,1,1,1
65,0,1,0,0,0,0,2112,1,1,1,1
65,0,2,0,0,0,0,2112,1,1,1,1
65,0,3,0,0,0,0,2112,1,1,1,1
65,0,4,0,0,0,0,2112,1,1,1,1
65,0,5,0,0,0,0,2112,1,1,1,1
65,1,0,18446744073709551615,18446744073709551615,65,65,2144,1,1,1,1
65,1,1,64,64,65,65,2144,1,1,1,1
65,1,2,0,0,1,1,2144,1,1,1,1
65,1,3,0,0,1,1,2144,1,1,1,1
65,1,4,64,64,65,65,2144,1,1,1,1
65,1,5,64,64,65,65,2144,1,1,1,1
65,2,0,18446744073709551615,18446744073709551615,128,128,2176,1,1,1,1
65,2,1,63,63,128,128,2176,1,1,1,1
65,2,2,0,0,2,2,2176,1,1,1,1
65,2,3,0,0,2,2,2176,1,1,1,1
65,2,4,63,63,65,65,2176,1,1,1,1
65,2,5,18446744073709551615,18446744073709551615,65,65,2176,1,1,1,1
65,31,0,18446744073709551615,18446744073709551615,1085,1085,3104,1,1,1,1
65,31,1,34,34,1085,1085,3104,1,1,1,1
65,31,2,0,0,31,31,3104,1,1,1,1
65,31,3,0,0,31,31,3104,1,1,1,1
65,31,4,34,34,65,65,3104,1,1,1,1
65,31,5,34,34,65,65,3104,1,1,1,1
65,32,0,18446744073709551615,18446744073709551615,129,1088,840,1,1,1,1
65,32,1,33,33,160,1088,840,1,1,1,1
65,32,2,0,0,94,32,840,1,1,0,0
65,32,3,0,0,98,32,840,1,1,0,0
65,32,4,33,33,190,65,840,1,1,1,1
65,32,5,18446744073709551615,18446744073709551615,175,51,840,1,1,1,1
65,33,0,18446744073709551615,18446744073709551615,131,1089,848,1,1,1,1
65,33,1,32,32,163,1089,848,1,1,1,1
65,33,2,0,0,97,33,848,1,1,0,0
65,33,3,0,0,101,33,848,1,1,0,0
65,33,4,32,32,194,65,848,1,1,1,1
65,33,5,32,32,194,65,848,1,1,1,1
65,63,0,18446744073709551615,18446744073709551615,191,189,1088,1,1,1,1
65,63,1,2,2,253,189,1088,1,1,1,1
65,63,2,0,0,187,63,1088,1,1,0,0
65,63,3,0,0,191,63,1088,1,1,0,0
65,63,4,2,2,314,65,1088,1,1,1,1
65,63,5,2,2,313,65,1088,1,1,1,1
65,64,0,18446744073709551615,18446744073709551615,193,128,1096,1,1,1,1
65,64,1,1,1,256,128,1096,1,1,1,1
65,64,2,0,0,190,64,1096,1,1,0,0
65,64,3,0,0,194,64,1096,1,1,0,0
65,64,4,1,1,318,65,1096,1,1,1,1
65,64,5,18446744073709551615,18446744073709551615,286,34,1096,1,1,1,1
65,65,0,18446744073709551615,18446744073709551615,195,65,1104,1,1,1,1
65,65,1,0,0,259,65,1104,1,1,0,0
65,65,2,0,0,193,65,1104,1,1,0,0
65,65,3,0,0,197,65,1104,1,1,0,0
65,65,4,0,0,322,65,1104,1,1,0,0
65,65,5,0,0,323,65,1104,1,1,0,0
65,128,0,18446744073709551615,18446744073709551615,0,0,1608,1,1,1,1
65,128,1,18446744073709551615,18446744073709551615,0,0,1608,1,1,1,1
65,128,2,18446744073709551615,18446744073709551615,0,0,1608,1,1,1,1
65,128,3,18446744073709551615,18446744073709551615,0,0,1608,1,1,1,1
65,128,4,18446744073709551615,18446744073709551615,0,0,1608,1,1,1,1
65,128,5,18446744073709551615,18446744073709551615,0,0,1608,1,1,1,1
65,129,0,18446744073709551615,18446744073709551615,0,0,1616,1,1,1,1
65,129,1,18446744073709551615,18446744073709551615,0,0,1616,1,1,1,1
65,129,2,18446744073709551615,18446744073709551615,0,0,1616,1,1,1,1
65,129,3,18446744073709551615,18446744073709551615,0,0,1616,1,1,1,1
65,129,4,18446744073709551615,18446744073709551615,0,0,1616,1,1,1,1
65,129,5,18446744073709551615,18446744073709551615,0,0,1616,1,1,1,1
65,257,0,18446744073709551615,18446744073709551615,0,0,2640,1,1,1,1
65,257,1,18446744073709551615,18446744073709551615,0,0,2640,1,1,1,1
65,257,2,18446744073709551615,18446744073709551615,0,0,2640,1,1,1,1
65,257,3,18446744073709551615,18446744073709551615,0,0,2640,1,1,1,1
65,257,4,18446744073709551615,18446744073709551615,0,0,2640,1,1,1,1
65,257,5,18446744073709551615,18446744073709551615,0,0,2640,1,1,1,1
65,512,0,18446744073709551615,18446744073709551615,0,0,4680,1,1,1,1
65,512,1,18446744073709551615,18446744073709551615,0,0,4680,1,1,1,1
65,512,2,18446744073709551615,18446744073709551615,0,0,4680,1,1,1,1
65,512,3,18446744073709551615,18446744073709551615,0,0,4680,1,1,1,1
65,512,4,18446744073709551615,18446744073709551615,0,0,4680,1,1,1,1
65,512,5,18446744073709551615,18446744073709551615,0,0,4680,1,1,1,1
65,1024,0,18446744073709551615,18446744073709551615,0,0,8776,1,1,1,1
65,1024,1,18446744073709551615,18446744073709551615,0,0,8776,1,1,1,1
65,1024,2,18446744073709551615,18446744073709551615,0,0,8776,1,1,1,1
65,1024,3,18446744073709551615,18446744073709551615,0,0,8776,1,1,1,1
65,1024,4,18446744073709551615,18446744073709551615,0,0,8776,1,1,1,1
65,1024,5,18446744073709551615,18446744073709551615,0,0,8776,1,1,1,1
65,2048,0,18446744073709551615,18446744073709551615,0,0,16968,1,1,1,1
65,2048,1,18446744073709551615,18446744073709551615,0,0,16968,1,1,1,1
65,2048,2,18446744073709551615,18446744073709551615,0,0,16968,1,1,1,1
65,2048,3,18446744073709551615,18446744073709551615,0,0,16968,1,1,1,1
65,2048,4,18446744073709551615,18446744073709551615,0,0,16968,1,1,1,1
65,2048,5,18446744073709551615,18446744073709551615,0,0,16968,1,1,1,1
65,4096,0,18446744073709551615,18446744073709551615,0,0,33352,1,1,1,1
65,4096,1,18446744073709551615,18446744073709551615,0,0,33352,1,1,1,1
65,4096,2,18446744073709551615,18446744073709551615,0,0,33352,1,1,1,1
65,4096,3,18446744073709551615,18446744073709551615,0,0,33352,1,1,1,1
65,4096,4,18446744073709551615,18446744073709551615,0,0,33352,1,1,1,1
65,4096,5,18446744073709551615,18446744073709551615,0,0,33352,1,1,1,1
128,0,0,0,0,0,0,4128,1,1,1,1
128,0,1,0,0,0,0,4128,1,1,1,1
128,0,2,0,0,0,0,4128,1,1,1,1
128,0,3,0,0,0,0,4128,1,1,1,1
128,0,4,0,0,0,0,4128,1,1,1,1
128,0,5,0,0,0,0,4128,1,1,1,1
128,1,0,18446744073709551615,18446744073709551615,128,128,4160,1,1,1,1
128,1,1,127,127,128,128,4160,1,1,1,1
128,1,2,0,0,1,1,4160,1,1,1,1
128,1,3,0,0,1,1,4160,1,1,1,1
128,1,4,127,127,128,128,4160,1,1,1,1
128,1,5,18446744073709551615,18446744073709551615,128,128,4160,1,1,1,1
128,2,0,18446744073709551615,18446744073709551615,254,254,4192,1,1,1,1
128,2,1,126,126,254,254,4192,1,1,1,1
128,2,2,0,0,2,2,4192,1,1,1,1
128,2,3,0,0,2,2,4192,1,1,1,1
128,2,4,126,126,128,128,4192,1,1,1,1
128,2,5,126,126,128,128,4192,1,1,1,1
128,31,0,18446744073709551615,18446744073709551615,3038,3038,5120,1,1,1,1
128,31,1,97,97,3038,3038,5120,1,1,1,1
128,31,2,0,0,31,31,5120,1,1,1,1
128,31,3,0,0,31,31,5120,1,1,1,1
128,31,4,97,97,128,128,5120,1,1,1,1
128,31,5,18446744073709551615,18446744073709551615,113,113,5120,1,1,1,1
128,32,0,18446744073709551615,18446744073709551615,192,3104,1344,1,1,1,1
128,32,1,96,96,223,3104,1344,1,1,1,1
128,32,2,0,0,94,32,1344,1,1,0,0
128,32,3,0,0,98,32,1344,1,1,0,0
128,32,4,96,96,253,128,1344,1,1,1,1
128,32,5,96,96,253,129,1344,1,1,1,1
128,33,0,18446744073709551615,18446744073709551615,194,3168,1352,1,1,1,1
128,33,1,95,95,226,3168,1352,1,1,1,1
128,33,2,0,0,97,33,1352,1,1,0,0
128,33,3,0,0,101,33,1352,1,1,0,0
128,33,4,95,95,257,128,1352,1,1,1,1
128,33,5,18446744073709551615,18446744073709551615,241,112,1352,1,1,1,1
128,63,0,18446744073709551615,18446744073709551615,254,4158,1592,1,1,1,1
128,63,1,65,65,316,4158,1592,1,1,1,1
128,63,2,0,0,187,63,1592,1,1,0,0
128,63,3,0,0,191,63,1592,1,1,0,0
128,63,4,65,65,377,128,1592,1,1,1,1
128,63,5,18446744073709551615,18446744073709551615,345,99,1592,1,1,1,1
128,64,0,18446744073709551615,18446744073709551615,256,4160,1600,1,1,1,1
128,64,1,64,64,319,4160,1600,1,1,1,1
128,64,2,0,0,190,64,1600,1,1,0,0
128,64,3,0,0,194,64,1600,1,1,0,0
128,64,4,64,64,381,128,1600,1,1,1,1
128,64,5,64,64,381,128,1600,1,1,1,1
128,65,0,18446744073709551615,18446744073709551615,258,4160,1608,1,1,1,1
128,65,1,63,63,322,4160,1608,1,1,1,1
128,65,2,0,0,193,65,1608,1,1,0,0
128,65,3,0,0,197,65,1608,1,1,0,0
128,65,4,63,63,385,128,1608,1,1,1,1
128,65,5,18446744073709551615,18446744073709551615,353,96,1608,1,1,1,1
128,128,0,18446744073709551615,18446744073709551615,384,128,2112,1,1,1,1
128,128,1,0,0,511,128,2112,1,1,0,0
128,128,2,0,0,382,128,2112,1,1,0,0
128,128,3,0,0,386,128,2112,1,1,0,0
128,128,4,0,0,637,128,2112,1,1,0,0
128,128,5,0,0,637,128,2112,1,1,0,0
128,129,0,18446744073709551615,18446744073709551615,0,0,2120,1,1,1,1
128,129,1,18446744073709551615,18446744073709551615,0,0,2120,1,1,1,1
128,129,2,18446744073709551615,18446744073709551615,0,0,2120,1,1,1,1
128,129,3,18446744073709551615,18446744073709551615,0,0,2120,1,1,1,1
128,129,4,18446744073709551615,18446744073709551615,0,0,2120,1,1,1,1
128,129,5,18446744073709551615,18446744073709551615,0,0,2120,1,1,1,1
128,257,0,18446744073709551615,18446744073709551615,0,0,3144,1,1,1,1
128,257,1,18446744073709551615,18446744073709551615,0,0,3144,1,1,1,1
128,257,2,18446744073709551615,18446744073709551615,0,0,3144,1,1,1,1
128,257,3,18446744073709551615,18446744073709551615,0,0,3144,1,1,1,1
128,257,4,18446744073709551615,18446744073709551615,0,0,3144,1,1,1,1
128,257,5,18446744073709551615,18446744073709551615,0,0,3144,1,1,1,1
128,512,0,18446744073709551615,18446744073709551615,0,0,5184,1,1,1,1
128,512,1,18446744073709551615,18446744073709551615,0,0,5184,1,1,1,1
128,512,2,18446744073709551615,18446744073709551615,0,0,5184,1,1,1,1
128,512,3,18446744073709551615,18446744073709551615,0,0,5184,1,1,1,1
128,512,4,18446744073709551615,18446744073709551615,0,0,5184,1,1,1,1
128,512,5,18446744073709551615,18446744073709551615,0,0,5184,1,1,1,1
128,1024,0,18446744073709551615,18446744073709551615,0,0,9280,1,1,1,1
128,1024,1,18446744073709551615,18446744073709551615,0,0,9280,1,1,1,1
128,1024,2,18446744073709551615,18446744073709551615,0,0,9280,1,1,1,1
128,1024,3,18446744073709551615,18446744073709551615,0,0,9280,1,1,1,1
128,1024,4,18446744073709551615,18446744073709551615,0,0,9280,1,1,1,1
128,1024,5,18446744073709551615,18446744073709551615,0,0,9280,1,1,1,1
128,2048,0,18446744073709551615,18446744073709551615,0,0,17472,1,1,1,1
128,2048,1,18446744073709551615,18446744073709551615,0,0,17472,1,1,1,1
128,2048,2,18446744073709551615,18446744073709551615,0,0,17472,1,1,1,1
128,2048,3,18446744073709551615,18446744073709551615,0,0,17472,1,1,1,1
128,2048,4,18446744073709551615,18446744073709551615,0,0,17472,1,1,1,1
128,2048,5,18446744073709551615,18446744073709551615,0,0,17472,1,1,1,1
128,4096,0,18446744073709551615,18446744073709551615,0,0,33856,1,1,1,1
128,4096,1,18446744073709551615,18446744073709551615,0,0,33856,1,1,1,1
128,4096,2,18446744073709551615,18446744073709551615,0,0,33856,1,1,1,1
128,4096,3,18446744073709551615,18446744073709551615,0,0,33856,1,1,1,1
128,4096,4,18446744073709551615,18446744073709551615,0,0,33856,1,1,1,1
128,4096,5,18446744073709551615,18446744073709551615,0,0,33856,1,1,1,1
129,0,0,0,0,0,0,4160,1,1,1,1
129,0,1,0,0,0,0,4160,1,1,1,1
129,0,2,0,0,0,0,4160,1,1,1,1
129,0,3,0,0,0,0,4160,1,1,1,1
129,0,4,0,0,0,0,4160,1,1,1,1
129,0,5,0,0,0,0,4160,1,1,1,1
129,1,0,18446744073709551615,18446744073709551615,129,129,4192,1,1,1,1
129,1,1,128,128,129,129,4192,1,1,1,1
129,1,2,0,0,1,1,4192,1,1,1,1
129,1,3,0,0,1,1,4192,1,1,1,1
129,1,4,128,128,129,129,4192,1,1,1,1
129,1,5,128,128,129,129,4192,1,1,1,1
129,2,0,18446744073709551615,18446744073709551615,256,256,4224,1,1,1,1
129,2,1,127,127,256,256,4224,1,1,1,1
129,2,2,0,0,2,2,4224,1,1,1,1
129,2,3,0,0,2,2,4224,1,1,1,1
129,2,4,127,127,129,129,4224,1,1,1,1
129,2,5,18446744073709551615,18446744073709551615,129,129,4224,1,1,1,1
129,31,0,18446744073709551615,18446744073709551615,3069,3069,5152,1,1,1,1
129,31,1,98,98,3069,3069,5152,1,1,1,1
129,31,2,0,0,31,31,5152,1,1,1,1
129,31,3,0,0,31,31,5152,1,1,1,1
129,31,4,98,98,129,129,5152,1,1,1,1
129,31,5,98,98,129,129,5152,1,1,1,1
129,32,0,18446744073709551615,18446744073709551615,193,3136,1352,1,1,1,1
129,32,1,97,97,224,3136,1352,1,1,1,1
129,32,2,0,0,94,32,1352,1,1,0,0
129,32,3,0,0,98,32,1352,1,1,0,0
129,32,4,97,97,254,129,1352,1,1,1,1
129,32,5,18446744073709551615,18446744073709551615,238,114,1352,1,1,1,1
129,33,0,18446744073709551615,18446744073709551615,195,3201,1360,1,1,1,1
129,33,1,96,96,227,3201,1360,1,1,1,1
129,33,2,0,0,97,33,1360,1,1,0,0
129,33,3,0,0,101,33,1360,1,1,0,0
129,33,4,96,96,258,129,1360,1,1,1,1
129,33,5,96,96,258,129,1360,1,1,1,1
129,63,0,18446744073709551615,18446744073709551615,255,4221,1600,1,1,1,1
129,63,1,66,66,317,4221,1600,1,1,1,1
129,63,2,0,0,187,63,1600,1,1,0,0
129,63,3,0,0,191,63,1600,1,1,0,0
129,63,4,66,66,378,129,1600,1,1,1,1
129,63,5,66,66,378,129,1600,1,1,1,1
129,64,0,18446744073709551615,18446744073709551615,257,4224,1608,1,1,1,1
129,64,1,65,65,320,4224,1608,1,1,1,1
129,64,2,0,0,190,64,1608,1,1,0,0
129,64,3,0,0,194,64,1608,1,1,0,0
129,64,4,65,65,382,129,1608,1,1,1,1
129,64,5,18446744073709551615,18446744073709551615,349,99,1608,1,1,1,1
129,65,0,18446744073709551615,18446744073709551615,259,4225,1616,1,1,1,1
129,65,1,64,64,323,4225,1616,1,1,1,1
129,65,2,0,0,193,65,1616,1,1,0,0
129,65,3,0,0,197,65,1616,1,1,0,0
129,65,4,64,64,386,129,1616,1,1,1,1
129,65,5,64,64,385,129,1616,1,1,1,1
129,128,0,18446744073709551615,18446744073709551615,385,256,2120,1,1,1,1
129,128,1,1,1,512,256,2120,1,1,1,1
129,128,2,0,0,382,128,2120,1,1,0,0
129,128,3,0,0,386,128,2120,1,1,0,0
129,128,4,1,1,638,129,2120,1,1,1,1
129,128,5,18446744073709551615,18446744073709551615,545,66,2120,1,1,1,1
129,129,0,18446744073709551615,18446744073709551615,387,129,2128,1,1,1,1
129,129,1,0,0,515,129,2128,1,1,0,0
129,129,2,0,0,385,129,2128,1,1,0,0
129,129,3,0,0,389,129,2128,1,1,0,0
129,129,4,0,0,642,129,2128,1,1,0,0
129,129,5,0,0,642,129,2128,1,1,0,0
129,257,0,18446744073709551615,18446744073709551615,0,0,3152,1,1,1,1
129,257,1,18446744073709551615,18446744073709551615,0,0,3152,1,1,1,1
129,257,2,18446744073709551615,18446744073709551615,0,0,3152,1,1,1,1
129,257,3,18446744073709551615,18446744073709551615,0,0,3152,1,1,1,1
129,257,4,18446744073709551615,18446744073709551615,0,0,3152,1,1,1,1
129,257,5,18446744073709551615,18446744073709551615,0,0,3152,1,1,1,1
129,512,0,18446744073709551615,18446744073709551615,0,0,5192,1,1,1,1
129,512,1,18446744073709551615,18446744073709551615,0,0,5192,1,1,1,1
129,512,2,18446744073709551615,18446744073709551615,0,0,5192,1,1,1,1
129,512,3,18446744073709551615,18446744073709551615,0,0,5192,1,1,1,1
129,512,4,18446744073709551615,18446744073709551615,0,0,5192,1,1,1,1
129,512,5,18446744073709551615,18446744073709551615,0,0,5192,1,1,1,1
129,1024,0,18446744073709551615,18446744073709551615,0,0,9288,1,1,1,1
129,1024,1,18446744073709551615,18446744073709551615,0,0,9288,1,1,1,1
129,1024,2,18446744073709551615,18446744073709551615,0,0,9288,1,1,1,1
129,1024,3,18446744073709551615,18446744073709551615,0,0,9288,1,1,1,1
129,1024,4,18446744073709551615,18446744073709551615,0,0,9288,1,1,1,1
129,1024,5,18446744073709551615,18446744073709551615,0,0,9288,1,1,1,1
129,2048,0,18446744073709551615,18446744073709551615,0,0,17480,1,1,1,1
129,2048,1,18446744073709551615,18446744073709551615,0,0,17480,1,1,1,1
129,2048,2,18446744073709551615,18446744073709551615,0,0,17480,1,1,1,1
129,2048,3,18446744073709551615,18446744073709551615,0,0,17480,1,1,1,1
129,2048,4,18446744073709551615,18446744073709551615,0,0,17480,1,1,1,1
129,2048,5,18446744073709551615,18446744073709551615,0,0,17480,1,1,1,1
129,4096,0,18446744073709551615,18446744073709551615,0,0,33864,1,1,1,1
129,4096,1,18446744073709551615,18446744073709551615,0,0,33864,1,1,1,1
129,4096,2,18446744073709551615,18446744073709551615,0,0,33864,1,1,1,1
129,4096,3,18446744073709551615,18446744073709551615,0,0,33864,1,1,1,1
129,4096,4,18446744073709551615,18446744073709551615,0,0,33864,1,1,1,1
129,4096,5,18446744073709551615,18446744073709551615,0,0,33864,1,1,1,1
257,0,0,0,0,0,0,8256,1,1,1,1
257,0,1,0,0,0,0,8256,1,1,1,1
257,0,2,0,0,0,0,8256,1,1,1,1
257,0,3,0,0,0,0,8256,1,1,1,1
257,0,4,0,0,0,0,8256,1,1,1,1
257,0,5,0,0,0,0,8256,1,1,1,1
257,1,0,18446744073709551615,18446744073709551615,257,257,8288,1,1,1,1
257,1,1,256,256,257,257,8288,1,1,1,1
257,1,2,0,0,1,1,8288,1,1,1,1
257,1,3,0,0,1,1,8288,1,1,1,1
257,1,4,5,5,6,6,8288,1,1,1,1
257,1,5,256,256,257,257,8288,1,1,1,1
257,2,0,18446744073709551615,18446744073709551615,512,512,8320,1,1,1,1
257,2,1,255,255,512,512,8320,1,1,1,1
257,2,2,0,0,2,2,8320,1,1,1,1
257,2,3,0,0,2,2,8320,1,1,1,1
257,2,4,4,4,6,6,8320,1,1,1,1
257,2,5,18446744073709551615,18446744073709551615,259,259,8320,1,1,1,1
257,31,0,18446744073709551615,18446744073709551615,7037,7037,9248,1,1,1,1
257,31,1,226,226,7037,7037,9248,1,1,1,1
257,31,2,0,0,31,31,9248,1,1,1,1
257,31,3,0,0,31,31,9248,1,1,1,1
257,31,4,226,226,257,257,9248,1,1,1,1
257,31,5,226,226,258,258,9248,1,1,1,1
257,32,0,18446744073709551615,18446744073709551615,321,7232,2376,1,1,1,1
257,32,1,225,225,352,7232,2376,1,1,1,1
257,32,2,0,0,94,32,2376,1,1,0,0
257,32,3,0,0,98,32,2376,1,1,0,0
257,32,4,225,225,382,257,2376,1,1,1,1
257,32,5,18446744073709551615,18446744073709551615,352,242,2376,1,1,1,1
257,33,0,18446744073709551615,18446744073709551615,323,7425,2384,1,1,1,1
257,33,1,224,224,355,7425,2384,1,1,1,1
257,33,2,0,0,97,33,2384,1,1,0,0
257,33,3,0,0,101,33,2384,1,1,0,0
257,33,4,224,224,386,257,2384,1,1,1,1
257,33,5,224,224,386,257,2384,1,1,1,1
257,63,0,18446744073709551615,18446744073709551615,383,12285,2624,1,1,1,1
257,63,1,194,194,445,12285,2624,1,1,1,1
257,63,2,0,0,187,63,2624,1,1,0,0
257,63,3,0,0,191,63,2624,1,1,0,0
257,63,4,194,194,506,257,2624,1,1,1,1
257,63,5,194,194,506,257,2624,1,1,1,1
257,64,0,18446744073709551615,18446744073709551615,385,12416,2632,1,1,1,1
257,64,1,193,193,448,12416,2632,1,1,1,1
257,64,2,0,0,190,64,2632,1,1,0,0
257,64,3,0,0,194,64,2632,1,1,0,0
257,64,4,193,193,510,257,2632,1,1,1,1
257,64,5,18446744073709551615,18446744073709551615,478,228,2632,1,1,1,1
257,65,0,18446744073709551615,18446744073709551615,387,12545,2640,1,1,1,1
257,65,1,192,192,451,12545,2640,1,1,1,1
257,65,2,0,0,193,65,2640,1,1,0,0
257,65,3,0,0,197,65,2640,1,1,0,0
257,65,4,192,192,514,257,2640,1,1,1,1
257,65,5,192,192,516,257,2640,1,1,1,1
257,128,0,18446744073709551615,18446744073709551615,513,16640,3144,1,1,1,1
257,128,1,129,129,640,16640,3144,1,1,1,1
257,128,2,0,0,382,128,3144,1,1,0,0
257,128,3,0,0,386,128,3144,1,1,0,0
257,128,4,129,129,766,257,3144,1,1,1,1
257,128,5,18446744073709551615,18446744073709551615,703,194,3144,1,1,1,1
257,129,0,18446744073709551615,18446744073709551615,515,16641,3152,1,1,1,1
257,129,1,128,128,643,16641,3152,1,1,1,1
257,129,2,0,0,385,129,3152,1,1,0,0
257,129,3,0,0,389,129,3152,1,1,0,0
257,129,4,128,128,770,257,3152,1,1,1,1
257,129,5,128,128,769,259,3152,1,1,1,1
257,257,0,18446744073709551615,18446744073709551615,771,257,4176,1,1,1,1
257,257,1,0,0,1027,257,4176,1,1,0,0
257,257,2,0,0,769,257,4176,1,1,0,0
257,257,3,0,0,773,257,4176,1,1,0,0
257,257,4,0,0,1282,257,4176,1,1,0,0
257,257,5,0,0,1285,257,4176,1,1,0,0
257,512,0,18446744073709551615,18446744073709551615,0,0,6216,1,1,1,1
257,512,1,18446744073709551615,18446744073709551615,0,0,6216,1,1,1,1
257,512,2,18446744073709551615,18446744073709551615,0,0,6216,1,1,1,1
257,512,3,18446744073709551615,18446744073709551615,0,0,6216,1,1,1,1
257,512,4,18446744073709551615,18446744073709551615,0,0,6216,1,1,1,1
257,512,5,18446744073709551615,18446744073709551615,0,0,6216,1,1,1,1
257,1024,0,18446744073709551615,18446744073709551615,0,0,10312,1,1,1,1
257,1024,1,18446744073709551615,18446744073709551615,0,0,10312,1,1,1,1
257,1024,2,18446744073709551615,18446744073709551615,0,0,10312,1,1,1,1
257,1024,3,18446744073709551615,18446744073709551615,0,0,10312,1,1,1,1
257,1024,4,18446744073709551615,18446744073709551615,0,0,10312,1,1,1,1
257,1024,5,18446744073709551615,18446744073709551615,0,0,10312,1,1,1,1
257,2048,0,18446744073709551615,18446744073709551615,0,0,18504,1,1,1,1
257,2048,1,18446744073709551615,18446744073709551615,0,0,18504,1,1,1,1
257,2048,2,18446744073709551615,18446744073709551615,0,0,18504,1,1,1,1
257,2048,3,18446744073709551615,18446744073709551615,0,0,18504,1,1,1,1
257,2048,4,18446744073709551615,18446744073709551615,0,0,18504,1,1,1,1
257,2048,5,18446744073709551615,18446744073709551615,0,0,18504,1,1,1,1
257,4096,0,18446744073709551615,18446744073709551615,0,0,34888,1,1,1,1
257,4096,1,18446744073709551615,18446744073709551615,0,0,34888,1,1,1,1
257,4096,2,18446744073709551615,18446744073709551615,0,0,34888,1,1,1,1
257,4096,3,18446744073709551615,18446744073709551615,0,0,34888,1,1,1,1
257,4096,4,18446744073709551615,18446744073709551615,0,0,34888,1,1,1,1
257,4096,5,18446744073709551615,18446744073709551615,0,0,34888,1,1,1,1
512,0,0,0,0,0,0,16416,1,1,1,1
512,0,1,0,0,0,0,16416,1,1,1,1
512,0,2,0,0,0,0,16416,1,1,1,1
512,0,3,0,0,0,0,16416,1,1,1,1
512,0,4,0,0,0,0,16416,1,1,1,1
512,0,5,0,0,0,0,16416,1,1,1,1
512,1,0,18446744073709551615,18446744073709551615,512,512,16448,1,1,1,1
512,1,1,511,511,512,512,16448,1,1,1,1
512,1,2,0,0,1,1,16448,1,1,1,1
512,1,3,0,0,1,1,16448,1,1,1,1
512,1,4,9,9,10,10,16448,1,1,1,1
512,1,5,192,192,193,193,16448,1,1,1,1
512,2,0,18446744073709551615,18446744073709551615,1022,1022,16480,1,1,1,1
512,2,1,510,510,1022,1022,16480,1,1,1,1
512,2,2,0,0,2,2,16480,1,1,1,1
512,2,3,0,0,2,2,16480,1,1,1,1
512,2,4,8,8,10,10,16480,1,1,1,1
512,2,5,510,510,517,517,16480,1,1,1,1
512,31,0,18446744073709551615,18446744073709551615,14942,14942,17408,1,1,1,1
512,31,1,481,481,14942,14942,17408,1,1,1,1
512,31,2,0,0,31,31,17408,1,1,1,1
512,31,3,0,0,31,31,17408,1,1,1,1
512,31,4,230,230,261,261,17408,1,1,1,1
512,31,5,18446744073709551615,18446744073709551615,499,499,17408,1,1,1,1
512,32,0,18446744073709551615,18446744073709551615,576,15392,4416,1,1,1,1
512,32,1,480,480,607,15392,4416,1,1,1,1
512,32,2,0,0,94,32,4416,1,1,0,0
512,32,3,0,0,98,32,4416,1,1,0,0
512,32,4,229,229,386,261,4416,1,1,1,1
512,32,5,480,480,637,519,4416,1,1,1,1
512,33,0,18446744073709551615,18446744073709551615,578,15840,4424,1,1,1,1
512,33,1,479,479,610,15840,4424,1,1,1,1
512,33,2,0,0,97,33,4424,1,1,0,0
512,33,3,0,0,101,33,4424,1,1,0,0
512,33,4,228,228,390,261,4424,1,1,1,1
512,33,5,18446744073709551615,18446744073709551615,625,499,4424,1,1,1,1
512,63,0,18446744073709551615,18446744073709551615,638,28350,4664,1,1,1,1
512,63,1,449,449,700,28350,4664,1,1,1,1
512,63,2,0,0,187,63,4664,1,1,0,0
512,63,3,0,0,191,63,4664,1,1,0,0
512,63,4,198,198,510,261,4664,1,1,1,1
512,63,5,18446744073709551615,18446744073709551615,730,484,4664,1,1,1,1
512,64,0,18446744073709551615,18446744073709551615,640,28736,4672,1,1,1,1
512,64,1,448,448,703,28736,4672,1,1,1,1
512,64,2,0,0,190,64,4672,1,1,0,0
512,64,3,0,0,194,64,4672,1,1,0,0
512,64,4,197,197,514,261,4672,1,1,1,1
512,64,5,448,448,765,516,4672,1,1,1,1
512,65,0,18446744073709551615,18446744073709551615,642,29120,4680,1,1,1,1
512,65,1,447,447,706,29120,4680,1,1,1,1
512,65,2,0,0,193,65,4680,1,1,0,0
512,65,3,0,0,197,65,4680,1,1,0,0
512,65,4,196,196,518,261,4680,1,1,1,1
512,65,5,18446744073709551615,18446744073709551615,736,483,4680,1,1,1,1
512,128,0,18446744073709551615,18446744073709551615,768,49280,5184,1,1,1,1
512,128,1,384,384,895,49280,5184,1,1,1,1
512,128,2,0,0,382,128,5184,1,1,0,0
512,128,3,0,0,386,128,5184,1,1,0,0
512,128,4,133,133,770,261,5184,1,1,1,1
512,128,5,384,384,1020,516,5184,1,1,1,1
512,129,0,18446744073709551615,18446744073709551615,770,49536,5192,1,1,1,1
512,129,1,383,383,898,49536,5192,1,1,1,1
512,129,2,0,0,385,129,5192,1,1,0,0
512,129,3,0,0,389,129,5192,1,1,0,0
512,129,4,132,132,774,261,5192,1,1,1,1
512,129,5,18446744073709551615,18446744073709551615,962,452,5192,1,1,1,1
512,257,0,18446744073709551615,18446744073709551615,1026,65792,6216,1,1,1,1
512,257,1,255,255,1282,65792,6216,1,1,1,1
512,257,2,0,0,769,257,6216,1,1,0,0
512,257,3,0,0,773,257,6216,1,1,0,0
512,257,4,4,4,1286,261,6216,1,1,1,1
512,257,5,18446744073709551615,18446744073709551615,1407,385,6216,1,1,1,1
512,512,0,18446744073709551615,18446744073709551615,1536,512,8256,1,1,1,1
512,512,1,0,0,2047,512,8256,1,1,0,0
512,512,2,0,0,1534,512,8256,1,1,0,0
512,512,3,0,0,1538,512,8256,1,1,0,0
512,512,4,0,0,2592,512,8256,1,1,0,0
512,512,5,0,0,2557,512,8256,1,1,0,0
512,1024,0,18446744073709551615,18446744073709551615,0,0,12352,1,1,1,1
512,1024,1,18446744073709551615,18446744073709551615,0,0,12352,1,1,1,1
512,1024,2,18446744073709551615,18446744073709551615,0,0,12352,1,1,1,1
512,1024,3,18446744073709551615,18446744073709551615,0,0,12352,1,1,1,1
512,1024,4,18446744073709551615,18446744073709551615,0,0,12352,1,1,1,1
512,1024,5,18446744073709551615,18446744073709551615,0,0,12352,1,1,1,1
512,2048,0,18446744073709551615,18446744073709551615,0,0,20544,1,1,1,1
512,2048,1,18446744073709551615,18446744073709551615,0,0,20544,1,1,1,1
512,2048,2,18446744073709551615,18446744073709551615,0,0,20544,1,1,1,1
512,2048,3,18446744073709551615,18446744073709551615,0,0,20544,1,1,1,1
512,2048,4,18446744073709551615,18446744073709551615,0,0,20544,1,1,1,1
512,2048,5,18446744073709551615,18446744073709551615,0,0,20544,1,1,1,1
512,4096,0,18446744073709551615,18446744073709551615,0,0,36928,1,1,1,1
512,4096,1,18446744073709551615,18446744073709551615,0,0,36928,1,1,1,1
512,4096,2,18446744073709551615,18446744073709551615,0,0,36928,1,1,1,1
512,4096,3,18446744073709551615,18446744073709551615,0,0,36928,1,1,1,1
512,4096,4,18446744073709551615,18446744073709551615,0,0,36928,1,1,1,1
512,4096,5,18446744073709551615,18446744073709551615,0,0,36928,1,1,1,1
1024,0,0,0,0,0,0,32800,1,1,1,1
1024,0,1,0,0,0,0,32800,1,1,1,1
1024,0,2,0,0,0,0,32800,1,1,1,1
1024,0,3,0,0,0,0,32800,1,1,1,1
1024,0,4,0,0,0,0,32800,1,1,1,1
1024,0,5,0,0,0,0,32800,1,1,1,1
1024,1,0,18446744073709551615,18446744073709551615,1024,1024,32832,1,1,1,1
1024,1,1,1023,1023,1024,1024,32832,1,1,1,1
1024,1,2,0,0,1,1,32832,1,1,1,1
1024,1,3,0,0,1,1,32832,1,1,1,1
1024,1,4,19,19,20,20,32832,1,1,1,1
1024,1,5,553,553,554,554,32832,1,1,1,1
1024,2,0,18446744073709551615,18446744073709551615,2046,2046,32864,1,1,1,1
1024,2,1,1022,1022,2046,2046,32864,1,1,1,1
1024,2,2,0,0,2,2,32864,1,1,1,1
1024,2,3,0,0,2,2,32864,1,1,1,1
1024,2,4,18,18,20,20,32864,1,1,1,1
1024,2,5,1022,1022,1026,1026,32864,1,1,1,1
1024,31,0,18446744073709551615,18446744073709551615,30814,30814,33792,1,1,1,1
1024,31,1,993,993,30814,30814,33792,1,1,1,1
1024,31,2,0,0,31,31,33792,1,1,1,1
1024,31,3,0,0,31,31,33792,1,1,1,1
1024,31,4,240,240,271,271,33792,1,1,1,1
1024,31,5,18446744073709551615,18446744073709551615,1013,1013,33792,1,1,1,1
1024,32,0,18446744073709551615,18446744073709551615,1088,31776,8512,1,1,1,1
1024,32,1,992,992,1119,31776,8512,1,1,1,1
1024,32,2,0,0,94,32,8512,1,1,0,0
1024,32,3,0,0,98,32,8512,1,1,0,0
1024,32,4,239,239,396,271,8512,1,1,1,1
1024,32,5,992,992,1149,1025,8512,1,1,1,1
1024,33,0,18446744073709551615,18446744073709551615,1090,32736,8520,1,1,1,1
1024,33,1,991,991,1122,32736,8520,1,1,1,1
1024,33,2,0,0,97,33,8520,1,1,0,0
1024,33,3,0,0,101,33,8520,1,1,0,0
1024,33,4,238,238,400,271,8520,1,1,1,1
1024,33,5,18446744073709551615,18446744073709551615,1136,1010,8520,1,1,1,1
1024,63,0,18446744073709551615,18446744073709551615,1150,60606,8760,1,1,1,1
1024,63,1,961,961,1212,60606,8760,1,1,1,1
1024,63,2,0,0,187,63,8760,1,1,0,0
1024,63,3,0,0,191,63,8760,1,1,0,0
1024,63,4,208,208,520,271,8760,1,1,1,1
1024,63,5,18446744073709551615,18446744073709551615,1242,995,8760,1,1,1,1
1024,64,0,18446744073709551615,18446744073709551615,1152,61504,8768,1,1,1,1
1024,64,1,960,960,1215,61504,8768,1,1,1,1
1024,64,2,0,0,190,64,8768,1,1,0,0
1024,64,3,0,0,194,64,8768,1,1,0,0
1024,64,4,207,207,524,271,8768,1,1,1,1
1024,64,5,960,960,1278,1026,8768,1,1,1,1
1024,65,0,18446744073709551615,18446744073709551615,1154,62400,8776,1,1,1,1
1024,65,1,959,959,1218,62400,8776,1,1,1,1
1024,65,2,0,0,193,65,8776,1,1,0,0
1024,65,3,0,0,197,65,8776,1,1,0,0
1024,65,4,206,206,528,271,8776,1,1,1,1
1024,65,5,18446744073709551615,18446744073709551615,1249,996,8776,1,1,1,1
1024,128,0,18446744073709551615,18446744073709551615,1280,114816,9280,1,1,1,1
1024,128,1,896,896,1407,114816,9280,1,1,1,1
1024,128,2,0,0,382,128,9280,1,1,0,0
1024,128,3,0,0,386,128,9280,1,1,0,0
1024,128,4,143,143,780,271,9280,1,1,1,1
1024,128,5,896,896,1531,1025,9280,1,1,1,1
1024,129,0,18446744073709551615,18446744073709551615,1282,115584,9288,1,1,1,1
1024,129,1,895,895,1410,115584,9288,1,1,1,1
1024,129,2,0,0,385,129,9288,1,1,0,0
1024,129,3,0,0,389,129,9288,1,1,0,0
1024,129,4,142,142,784,271,9288,1,1,1,1
1024,129,5,18446744073709551615,18446744073709551615,1222,963,9288,1,1,1,1
1024,257,0,18446744073709551615,18446744073709551615,1538,197376,10312,1,1,1,1
1024,257,1,767,767,1794,197376,10312,1,1,1,1
1024,257,2,0,0,769,257,10312,1,1,0,0
1024,257,3,0,0,773,257,10312,1,1,0,0
1024,257,4,14,14,1296,271,10312,1,1,1,1
1024,257,5,18446744073709551615,18446744073709551615,1919,898,10312,1,1,1,1
1024,512,0,18446744073709551615,18446744073709551615,2048,262656,12352,1,1,1,1
1024,512,1,512,512,2559,262656,12352,1,1,1,1
1024,512,2,0,0,1534,512,12352,1,1,0,0
1024,512,3,0,0,1538,512,12352,1,1,0,0
1024,512,4,10,10,2572,522,12352,1,1,1,1
1024,512,5,512,512,3067,1024,12352,1,1,1,1
1024,1024,0,18446744073709551615,18446744073709551615,3072,1024,16448,1,1,1,1
1024,1024,1,0,0,4095,1024,16448,1,1,0,0
1024,1024,2,0,0,3070,1024,16448,1,1,0,0
1024,1024,3,0,0,3074,1024,16448,1,1,0,0
1024,1024,4,0,0,4128,1024,16448,1,1,0,0
1024,1024,5,0,0,5115,1024,16448,1,1,0,0
1024,2048,0,18446744073709551615,18446744073709551615,0,0,24640,1,1,1,1
1024,2048,1,18446744073709551615,18446744073709551615,0,0,24640,1,1,1,1
1024,2048,2,18446744073709551615,18446744073709551615,0,0,24640,1,1,1,1
1024,2048,3,18446744073709551615,18446744073709551615,0,0,24640,1,1,1,1
1024,2048,4,18446744073709551615,18446744073709551615,0,0,24640,1,1,1,1
1024,2048,5,18446744073709551615,18446744073709551615,0,0,24640,1,1,1,1
1024,4096,0,18446744073709551615,18446744073709551615,0,0,41024,1,1,1,1
1024,4096,1,18446744073709551615,18446744073709551615,0,0,41024,1,1,1,1
1024,4096,2,18446744073709551615,18446744073709551615,0,0,41024,1,1,1,1
1024,4096,3,18446744073709551615,18446744073709551615,0,0,41024,1,1,1,1
1024,4096,4,18446744073709551615,18446744073709551615,0,0,41024,1,1,1,1
1024,4096,5,18446744073709551615,18446744073709551615,0,0,41024,1,1,1,1
2048,0,0,0,0,0,0,65568,1,1,1,1
2048,0,1,0,0,0,0,65568,1,1,1,1
2048,0,2,0,0,0,0,65568,1,1,1,1
2048,0,3,0,0,0,0,65568,1,1,1,1
2048,0,4,0,0,0,0,65568,1,1,1,1
2048,0,5,0,0,0,0,65568,1,1,1,1
2048,1,0,18446744073709551615,18446744073709551615,2048,2048,65600,1,1,1,1
2048,1,1,2047,2047,2048,2048,65600,1,1,1,1
2048,1,2,0,0,1,1,65600,1,1,1,1
2048,1,3,0,0,1,1,65600,1,1,1,1
2048,1,4,39,39,40,40,65600,1,1,1,1
2048,1,5,800,800,801,801,65600,1,1,1,1
2048,2,0,18446744073709551615,18446744073709551615,4094,4094,65632,1,1,1,1
2048,2,1,2046,2046,4094,4094,65632,1,1,1,1
2048,2,2,0,0,2,2,65632,1,1,1,1
2048,2,3,0,0,2,2,65632,1,1,1,1
2048,2,4,38,38,40,40,65632,1,1,1,1
2048,2,5,2046,2046,2052,2052,65632,1,1,1,1
2048,31,0,18446744073709551615,18446744073709551615,62558,62558,66560,1,1,1,1
2048,31,1,2017,2017,62558,62558,66560,1,1,1,1
2048,31,2,0,0,31,31,66560,1,1,1,1
2048,31,3,0,0,31,31,66560,1,1,1,1
2048,31,4,9,9,40,40,66560,1,1,1,1
2048,31,5,18446744073709551615,18446744073709551615,2043,2043,66560,1,1,1,1
2048,32,0,18446744073709551615,18446744073709551615,2112,64544,16704,1,1,1,1
2048,32,1,2016,2016,2143,64544,16704,1,1,1,1
2048,32,2,0,0,94,32,16704,1,1,0,0
2048,32,3,0,0,98,32,16704,1,1,0,0
2048,32,4,8,8,165,40,16704,1,1,1,1
2048,32,5,2016,2016,2172,2055,16704,1,1,1,1
2048,33,0,18446744073709551615,18446744073709551615,2114,66528,16712,1,1,1,1
2048,33,1,2015,2015,2146,66528,16712,1,1,1,1
2048,33,2,0,0,97,33,16712,1,1,0,0
2048,33,3,0,0,101,33,16712,1,1,0,0
2048,33,4,7,7,169,40,16712,1,1,1,1
2048,33,5,18446744073709551615,18446744073709551615,2161,2038,16712,1,1,1,1
2048,63,0,18446744073709551615,18446744073709551615,2174,125118,16952,1,1,1,1
2048,63,1,1985,1985,2236,125118,16952,1,1,1,1
2048,63,2,0,0,187,63,16952,1,1,0,0
2048,63,3,0,0,191,63,16952,1,1,0,0
2048,63,4,228,228,540,291,16952,1,1,1,1
2048,63,5,18446744073709551615,18446744073709551615,2266,2024,16952,1,1,1,1
2048,64,0,18446744073709551615,18446744073709551615,2176,127040,16960,1,1,1,1
2048,64,1,1984,1984,2239,127040,16960,1,1,1,1
2048,64,2,0,0,190,64,16960,1,1,0,0
2048,64,3,0,0,194,64,16960,1,1,0,0
2048,64,4,227,227,544,291,16960,1,1,1,1
2048,64,5,1984,1984,2301,2056,16960,1,1,1,1
2048,65,0,18446744073709551615,18446744073709551615,2178,128960,16968,1,1,1,1
2048,65,1,1983,1983,2242,128960,16968,1,1,1,1
2048,65,2,0,0,193,65,16968,1,1,0,0
2048,65,3,0,0,197,65,16968,1,1,0,0
2048,65,4,226,226,548,291,16968,1,1,1,1
2048,65,5,18446744073709551615,18446744073709551615,2273,2027,16968,1,1,1,1
2048,128,0,18446744073709551615,18446744073709551615,2304,245888,17472,1,1,1,1
2048,128,1,1920,1920,2431,245888,17472,1,1,1,1
2048,128,2,0,0,382,128,17472,1,1,0,0
2048,128,3,0,0,386,128,17472,1,1,0,0
2048,128,4,163,163,800,291,17472,1,1,1,1
2048,128,5,1920,1920,2556,2056,17472,1,1,1,1
2048,129,0,18446744073709551615,18446744073709551615,2306,247680,17480,1,1,1,1
2048,129,1,1919,1919,2434,247680,17480,1,1,1,1
2048,129,2,0,0,385,129,17480,1,1,0,0
2048,129,3,0,0,389,129,17480,1,1,0,0
2048,129,4,162,162,804,291,17480,1,1,1,1
2048,129,5,18446744073709551615,18446744073709551615,2497,1992,17480,1,1,1,1
2048,257,0,18446744073709551615,18446744073709551615,2562,460544,18504,1,1,1,1
2048,257,1,1791,1791,2818,460544,18504,1,1,1,1
2048,257,2,0,0,769,257,18504,1,1,0,0
2048,257,3,0,0,773,257,18504,1,1,0,0
2048,257,4,34,34,1316,291,18504,1,1,1,1
2048,257,5,18446744073709551615,18446744073709551615,2836,1929,18504,1,1,1,1
2048,512,0,18446744073709551615,18446744073709551615,3072,786944,20544,1,1,1,1
2048,512,1,1536,1536,3583,786944,20544,1,1,1,1
2048,512,2,0,0,1534,512,20544,1,1,0,0
2048,512,3,0,0,1538,512,20544,1,1,0,0
2048,512,4,30,30,2532,542,20544,1,1,1,1
2048,512,5,1536,1536,4092,2049,20544,1,1,1,1
2048,1024,0,18446744073709551615,18446744073709551615,4096,1049600,24640,1,1,1,1
2048,1024,1,1024,1024,5119,1049600,24640,1,1,1,1
2048,1024,2,0,0,3070,1024,24640,1,1,0,0
2048,1024,3,0,0,3074,1024,24640,1,1,0,0
2048,1024,4,20,20,4088,1044,24640,1,1,1,1
2048,1024,5,1024,1024,6142,2054,24640,1,1,1,1
2048,2048,0,18446744073709551615,18446744073709551615,6144,2048,32832,1,1,1,1
2048,2048,1,0,0,8191,2048,32832,1,1,0,0
2048,2048,2,0,0,6142,2048,32832,1,1,0,0
2048,2048,3,0,0,6146,2048,32832,1,1,0,0
2048,2048,4,0,0,7200,2048,32832,1,1,0,0
2048,2048,5,0,0,10232,2048,32832,1,1,0,0
2048,4096,0,18446744073709551615,18446744073709551615,0,0,49216,1,1,1,1
2048,4096,1,18446744073709551615,18446744073709551615,0,0,49216,1,1,1,1
2048,4096,2,18446744073709551615,18446744073709551615,0,0,49216,1,1,1,1
2048,4096,3,18446744073709551615,18446744073709551615,0,0,49216,1,1,1,1
2048,4096,4,18446744073709551615,18446744073709551615,0,0,49216,1,1,1,1
2048,4096,5,18446744073709551615,18446744073709551615,0,0,49216,1,1,1,1
4096,0,0,0,0,0,0,131104,1,1,1,1
4096,0,1,0,0,0,0,131104,1,1,1,1
4096,0,2,0,0,0,0,131104,1,1,1,1
4096,0,3,0,0,0,0,131104,1,1,1,1
4096,0,4,0,0,0,0,131104,1,1,1,1
4096,0,5,0,0,0,0,131104,1,1,1,1
4096,1,0,18446744073709551615,18446744073709551615,4096,4096,131136,1,1,1,1
4096,1,1,4095,4095,4096,4096,131136,1,1,1,1
4096,1,2,0,0,1,1,131136,1,1,1,1
4096,1,3,0,0,1,1,131136,1,1,1,1
4096,1,4,79,79,80,80,131136,1,1,1,1
4096,1,5,1196,1196,1197,1197,131136,1,1,1,1
4096,2,0,18446744073709551615,18446744073709551615,8190,8190,131168,1,1,1,1
4096,2,1,4094,4094,8190,8190,131168,1,1,1,1
4096,2,2,0,0,2,2,131168,1,1,1,1
4096,2,3,0,0,2,2,131168,1,1,1,1
4096,2,4,78,78,80,80,131168,1,1,1,1
4096,2,5,4094,4094,4114,4114,131168,1,1,1,1
4096,31,0,18446744073709551615,18446744073709551615,126046,126046,132096,1,1,1,1
4096,31,1,4065,4065,126046,126046,132096,1,1,1,1
4096,31,2,0,0,31,31,132096,1,1,1,1
4096,31,3,0,0,31,31,132096,1,1,1,1
4096,31,4,49,49,80,80,132096,1,1,1,1
4096,31,5,18446744073709551615,18446744073709551615,4097,4097,132096,1,1,1,1
4096,32,0,18446744073709551615,18446744073709551615,4160,130080,33088,1,1,1,1
4096,32,1,4064,4064,4191,130080,33088,1,1,1,1
4096,32,2,0,0,94,32,33088,1,1,0,0
4096,32,3,0,0,98,32,33088,1,1,0,0
4096,32,4,48,48,205,80,33088,1,1,1,1
4096,32,5,4064,4064,4220,4110,33088,1,1,1,1
4096,33,0,18446744073709551615,18446744073709551615,4162,134112,33096,1,1,1,1
4096,33,1,4063,4063,4194,134112,33096,1,1,1,1
4096,33,2,0,0,97,33,33096,1,1,0,0
4096,33,3,0,0,101,33,33096,1,1,0,0
4096,33,4,47,47,209,80,33096,1,1,1,1
4096,33,5,18446744073709551615,18446744073709551615,4208,4098,33096,1,1,1,1
4096,63,0,18446744073709551615,18446744073709551615,4222,254142,33336,1,1,1,1
4096,63,1,4033,4033,4284,254142,33336,1,1,1,1
4096,63,2,0,0,187,63,33336,1,1,0,0
4096,63,3,0,0,191,63,33336,1,1,0,0
4096,63,4,17,17,329,80,33336,1,1,1,1
4096,63,5,18446744073709551615,18446744073709551615,4314,4092,33336,1,1,1,1
4096,64,0,18446744073709551615,18446744073709551615,4224,258112,33344,1,1,1,1
4096,64,1,4032,4032,4287,258112,33344,1,1,1,1
4096,64,2,0,0,190,64,33344,1,1,0,0
4096,64,3,0,0,194,64,33344,1,1,0,0
4096,64,4,16,16,333,80,33344,1,1,1,1
4096,64,5,4032,4032,4348,4116,33344,1,1,1,1
4096,65,0,18446744073709551615,18446744073709551615,4226,262080,33352,1,1,1,1
4096,65,1,4031,4031,4290,262080,33352,1,1,1,1
4096,65,2,0,0,193,65,33352,1,1,0,0
4096,65,3,0,0,197,65,33352,1,1,0,0
4096,65,4,15,15,337,80,33352,1,1,1,1
4096,65,5,18446744073709551615,18446744073709551615,4321,4084,33352,1,1,1,1
4096,128,0,18446744073709551615,18446744073709551615,4352,508032,33856,1,1,1,1
4096,128,1,3968,3968,4479,508032,33856,1,1,1,1
4096,128,2,0,0,382,128,33856,1,1,0,0
4096,128,3,0,0,386,128,33856,1,1,0,0
4096,128,4,203,203,840,331,33856,1,1,1,1
4096,128,5,3968,3968,4604,4114,33856,1,1,1,1
4096,129,0,18446744073709551615,18446744073709551615,4354,511872,33864,1,1,1,1
4096,129,1,3967,3967,4482,511872,33864,1,1,1,1
4096,129,2,0,0,385,129,33864,1,1,0,0
4096,129,3,0,0,389,129,33864,1,1,0,0
4096,129,4,202,202,844,331,33864,1,1,1,1
4096,129,5,18446744073709551615,18446744073709551615,4545,4046,33864,1,1,1,1
4096,257,0,18446744073709551615,18446744073709551615,4610,986880,34888,1,1,1,1
4096,257,1,3839,3839,4866,986880,34888,1,1,1,1
4096,257,2,0,0,769,257,34888,1,1,0,0
4096,257,3,0,0,773,257,34888,1,1,0,0
4096,257,4,74,74,1356,331,34888,1,1,1,1
4096,257,5,18446744073709551615,18446744073709551615,4991,3985,34888,1,1,1,1
4096,512,0,18446744073709551615,18446744073709551615,5120,1835520,36928,1,1,1,1
4096,512,1,3584,3584,5631,1835520,36928,1,1,1,1
4096,512,2,0,0,1534,512,36928,1,1,0,0
4096,512,3,0,0,1538,512,36928,1,1,0,0
4096,512,4,70,70,2452,582,36928,1,1,1,1
4096,512,5,3584,3584,6143,4107,36928,1,1,1,1
4096,1024,0,18446744073709551615,18446744073709551615,6144,3146752,41024,1,1,1,1
4096,1024,1,3072,3072,7167,3146752,41024,1,1,1,1
4096,1024,2,0,0,3070,1024,41024,1,1,0,0
4096,1024,3,0,0,3074,1024,41024,1,1,0,0
4096,1024,4,60,60,4008,1084,41024,1,1,1,1
4096,1024,5,3072,3072,8193,4107,41024,1,1,1,1
4096,2048,0,18446744073709551615,18446744073709551615,8192,4196352,49216,1,1,1,1
4096,2048,1,2048,2048,10239,4196352,49216,1,1,1,1
4096,2048,2,0,0,6142,2048,49216,1,1,0,0
4096,2048,3,0,0,6146,2048,49216,1,1,0,0
4096,2048,4,40,40,7120,2088,49216,1,1,1,1
4096,2048,5,2048,2048,12271,4102,49216,1,1,1,1
4096,4096,0,18446744073709551615,18446744073709551615,12288,4096,65600,1,1,1,1
4096,4096,1,0,0,16383,4096,65600,1,1,0,0
4096,4096,2,0,0,12286,4096,65600,1,1,0,0
4096,4096,3,0,0,12290,4096,65600,1,1,0,0
4096,4096,4,0,0,13344,4096,65600,1,1,0,0
4096,4096,5,0,0,20450,4096,65600,1,1,0,0
85,52,5,18446744073709551615,18446744073709551615,247,60,1160,1,1,1,1
68,70,5,18446744073709551615,18446744073709551615,0,0,1168,1,1,1,1
126,53,5,18446744073709551615,18446744073709551615,286,100,1496,1,1,1,1
181,127,5,54,54,687,181,2528,1,1,1,1
133,55,5,78,78,350,134,1568,1,1,1,1
179,41,5,138,138,341,179,1824,1,1,1,1
207,43,5,164,164,377,209,2064,1,1,1,1
60,70,5,18446744073709551615,18446744073709551615,0,0,1104,1,1,1,1
172,77,5,18446744073709551615,18446744073709551615,440,134,2056,1,1,1,1
111,73,5,38,38,400,111,1536,1,1,1,1
56,93,5,18446744073709551615,18446744073709551615,0,0,1256,1,1,1,1
149,82,5,18446744073709551615,18446744073709551615,433,109,1912,1,1,1,1
33,124,5,18446744073709551615,18446744073709551615,0,0,1320,1,1,1,1
221,73,5,148,148,510,224,2416,1,1,1,1
33,43,5,18446744073709551615,18446744073709551615,0,0,672,1,1,1,1
240,112,5,128,128,683,242,2880,1,1,1,1
179,118,5,18446744073709551615,18446744073709551615,589,121,2440,1,1,1,1
165,79,5,86,86,480,165,2016,1,1,1,1
84,47,5,18446744073709551615,18446744073709551615,247,61,1112,1,1,1,1
172,68,5,104,104,441,175,1984,1,1,1,1
266,84,5,182,182,599,268,2864,1,1,1,1
160,36,5,124,124,301,160,1632,1,1,1,1
182,49,5,18446744073709551615,18446744073709551615,352,160,1912,1,1,1,1
90,118,5,18446744073709551615,18446744073709551615,0,0,1728,1,1,1,1
97,111,5,18446744073709551615,18446744073709551615,0,0,1728,1,1,1,1
276,79,5,18446744073709551615,18446744073709551615,529,238,2904,1,1,1,1
67,91,5,18446744073709551615,18446744073709551615,0,0,1328,1,1,1,1
49,33,5,16,16,178,49,720,1,1,1,1
278,93,5,18446744073709551615,18446744073709551615,601,233,3032,1,1,1,1
193,86,5,18446744073709551615,18446744073709551615,491,151,2296,1,1,1,1
69,75,5,18446744073709551615,18446744073709551615,0,0,1216,1,1,1,1
172,35,5,18446744073709551615,18446744073709551615,291,155,1720,1,1,1,1
52,124,5,18446744073709551615,18446744073709551615,0,0,1472,1,1,1,1
237,119,5,118,118,710,237,2912,1,1,1,1
162,67,5,18446744073709551615,18446744073709551615,394,129,1896,1,1,1,1
173,39,5,134,134,326,173,1760,1,1,1,1
254,58,5,196,196,483,254,2560,1,1,1,1
283,60,5,18446744073709551615,18446744073709551615,490,255,2808,1,1,1,1
59,121,5,18446744073709551615,18446744073709551615,0,0,1504,1,1,1,1
120,95,5,18446744073709551615,18446744073709551615,449,73,1784,1,1,1,1
210,57,5,18446744073709551615,18446744073709551615,383,182,2200,1,1,1,1
72,44,5,28,28,245,72,992,1,1,1,1
176,101,5,18446744073709551615,18446744073709551615,526,126,2280,1,1,1,1
153,69,5,84,84,427,153,1840,1,1,1,1
105,96,5,18446744073709551615,18446744073709551615,439,58,1672,1,1,1,1
287,36,5,18446744073709551615,18446744073709551615,409,270,2648,1,1,1,1
137,89,5,48,48,490,137,1872,1,1,1,1
274,75,5,18446744073709551615,18446744073709551615,534,237,2856,1,1,1,1
125,99,5,26,26,518,125,1856,1,1,1,1
137,111,5,26,26,578,137,2048,1,1,1,1
42,87,5,18446744073709551615,18446744073709551615,0,0,1096,1,1,1,1
262,65,5,18446744073709551615,18446744073709551615,488,230,2680,1,1,1,1
249,93,5,156,156,619,250,2800,1,1,1,1
123,119,5,4,4,595,123,2000,1,1,1,1
238,118,5,120,120,707,239,2912,1,1,1,1
67,119,5,18446744073709551615,18446744073709551615,0,0,1552,1,1,1,1
271,93,5,178,178,640,271,2976,1,1,1,1
135,64,5,18446744073709551615,18446744073709551615,356,104,1656,1,1,1,1
153,91,5,62,62,514,154,2016,1,1,1,1
100,127,5,18446744073709551615,18446744073709551615,0,0,1880,1,1,1,1
272,60,5,212,212,509,272,2720,1,1,1,1
107,99,5,8,8,500,107,1712,1,1,1,1
111,52,5,18446744073709551615,18446744073709551615,290,86,1368,1,1,1,1
57,56,5,18446744073709551615,18446744073709551615,251,30,968,1,1,1,1
125,125,5,0,0,622,125,2064,1,1,0,0
142,54,5,88,88,353,142,1632,1,1,1,1
40,125,5,18446744073709551615,18446744073709551615,0,0,1384,1,1,1,1
208,102,5,106,106,614,208,2544,1,1,1,1
205,83,5,122,122,534,206,2368,1,1,1,1
76,37,5,18446744073709551615,18446744073709551615,188,58,968,1,1,1,1
167,122,5,18446744073709551615,18446744073709551615,592,107,2376,1,1,1,1
75,65,5,10,10,332,75,1184,1,1,1,1
174,117,5,18446744073709551615,18446744073709551615,537,117,2392,1,1,1,1
123,113,5,10,10,572,123,1952,1,1,1,1
196,90,5,106,106,554,197,2352,1,1,1,1
116,32,5,84,84,241,116,1248,1,1,1,1
196,88,5,108,108,545,196,2336,1,1,1,1
251,91,5,160,160,612,251,2800,1,1,1,1
216,40,5,176,176,373,217,2112,1,1,1,1
103,124,5,18446744073709551615,18446744073709551615,0,0,1880,1,1,1,1
87,98,5,18446744073709551615,18446744073709551615,0,0,1544,1,1,1,1
185,112,5,18446744073709551615,18446744073709551615,574,130,2440,1,1,1,1
108,72,5,36,36,393,110,1504,1,1,1,1
78,53,5,18446744073709551615,18446744073709551615,262,52,1112,1,1,1,1
264,103,5,18446744073709551615,18446744073709551615,621,213,3000,1,1,1,1
49,52,5,18446744073709551615,18446744073709551615,0,0,872,1,1,1,1
277,51,5,226,226,478,279,2688,1,1,1,1
154,50,5,104,104,351,154,1696,1,1,1,1
76,41,5,18446744073709551615,18446744073709551615,217,56,1000,1,1,1,1
43,63,5,18446744073709551615,18446744073709551615,0,0,912,1,1,1,1
116,106,5,10,10,538,116,1840,1,1,1,1
63,85,5,18446744073709551615,18446744073709551615,0,0,1248,1,1,1,1
180,84,5,96,96,513,181,2176,1,1,1,1
159,94,5,18446744073709551615,18446744073709551615,482,113,2088,1,1,1,1
270,82,5,188,188,594,270,2880,1,1,1,1
285,98,5,18446744073709551615,18446744073709551615,623,238,3128,1,1,1,1
106,84,5,22,22,439,106,1584,1,1,1,1
55,104,5,18446744073709551615,18446744073709551615,0,0,1336,1,1,1,1
249,75,5,174,174,546,250,2656,1,1,1,1
172,66,5,106,106,432,172,1968,1,1,1,1
161,54,5,18446744073709551615,18446744073709551615,345,135,1784,1,1,1,1
161,111,5,50,50,603,162,2240,1,1,1,1
108,83,5,18446744073709551615,18446744073709551615,395,67,1592,1,1,1,1
256,34,5,222,222,389,257,2384,1,1,1,1
84,53,5,18446744073709551615,18446744073709551615,267,58,1160,1,1,1,1
194,86,5,108,108,535,195,2304,1,1,1,1
244,92,5,152,152,609,247,2752,1,1,1,1
70,122,5,18446744073709551615,18446744073709551615,0,0,1600,1,1,1,1
270,94,5,176,176,644,271,2976,1,1,1,1
194,85,5,18446744073709551615,18446744073709551615,463,153,2296,1,1,1,1
192,83,5,18446744073709551615,18446744073709551615,480,151,2264,1,1,1,1
224,63,5,18446744073709551615,18446744073709551615,442,195,2360,1,1,1,1
192,76,5,116,116,493,192,2208,1,1,1,1
87,46,5,18446744073709551615,18446744073709551615,245,65,1128,1,1,1,1
63,43,5,20,20,233,63,912,1,1,1,1
287,51,5,236,236,488,289,2768,1,1,1,1
55,43,5,12,12,224,55,848,1,1,1,1
217,124,5,18446744073709551615,18446744073709551615,648,157,2792,1,1,1,1
160,56,5,104,104,381,161,1792,1,1,1,1
68,93,5,18446744073709551615,18446744073709551615,0,0,1352,1,1,1,1
205,121,5,84,84,686,205,2672,1,1,1,1
47,78,5,18446744073709551615,18446744073709551615,0,0,1064,1,1,1,1
90,125,5,18446744073709551615,18446744073709551615,0,0,1784,1,1,1,1
216,78,5,138,138,524,217,2416,1,1,1,1
86,69,5,18446744073709551615,18446744073709551615,297,52,1304,1,1,1,1
74,33,5,18446744073709551615,18446744073709551615,187,58,920,1,1,1,1
267,126,5,18446744073709551615,18446744073709551615,705,207,3208,1,1,1,1
146,92,5,54,54,511,146,1968,1,1,1,1
118,55,5,18446744073709551615,18446744073709551615,309,91,1448,1,1,1,1
76,89,5,18446744073709551615,18446744073709551615,0,0,1384,1,1,1,1
261,109,5,152,152,695,262,3024,1,1,1,1
283,119,5,164,164,756,284,3280,1,1,1,1
168,102,5,66,66,573,168,2224,1,1,1,1
70,92,5,18446744073709551615,18446744073709551615,0,0,1360,1,1,1,1
95,69,5,26,26,369,95,1376,1,1,1,1
180,46,5,134,134,360,180,1872,1,1,1,1
200,70,5,130,130,477,201,2224,1,1,1,1
102,84,5,18,18,435,102,1552,1,1,1,1
275,118,5,18446744073709551615,18446744073709551615,685,220,3208,1,1,1,1
172,68,5,104,104,442,172,1984,1,1,1,1
107,108,5,18446744073709551615,18446744073709551615,0,0,1784,1,1,1,1
77,118,5,18446744073709551615,18446744073709551615,0,0,1624,1,1,1,1
39,75,5,18446744073709551615,18446744073709551615,0,0,976,1,1,1,1
233,58,5,18446744073709551615,18446744073709551615,434,205,2392,1,1,1,1
206,52,5,154,154,412,207,2128,1,1,1,1
280,88,5,192,192,629,281,3008,1,1,1,1
77,74,5,18446744073709551615,18446744073709551615,333,41,1272,1,1,1,1
283,51,5,232,232,485,283,2736,1,1,1,1
40,127,5,18446744073709551615,18446744073709551615,0,0,1400,1,1,1,1
276,58,5,218,218,505,277,2736,1,1,1,1
180,47,5,18446744073709551615,18446744073709551615,342,158,1880,1,1,1,1
79,119,5,18446744073709551615,18446744073709551615,0,0,1648,1,1,1,1
230,92,5,138,138,593,230,2640,1,1,1,1
94,75,5,18446744073709551615,18446744073709551615,317,57,1416,1,1,1,1
42,40,5,2,2,199,42,720,1,1,1,1
57,79,5,18446744073709551615,18446744073709551615,0,0,1152,1,1,1,1
194,89,5,18446744073709551615,18446744073709551615,502,150,2328,1,1,1,1
258,71,5,18446744073709551615,18446744073709551615,504,223,2696,1,1,1,1
247,101,5,146,146,648,247,2848,1,1,1,1
106,66,5,40,40,367,106,1440,1,1,1,1
166,34,5,132,132,299,166,1664,1,1,1,1
43,120,5,18446744073709551615,18446744073709551615,0,0,1368,1,1,1,1
48,64,5,18446744073709551615,18446744073709551615,0,0,960,1,1,1,1
265,68,5,18446744073709551615,18446744073709551615,500,232,2728,1,1,1,1
240,105,5,18446744073709551615,18446744073709551615,569,188,2824,1,1,1,1
191,50,5,18446744073709551615,18446744073709551615,348,167,1992,1,1,1,1
244,46,5,198,198,425,245,2384,1,1,1,1
163,40,5,18446744073709551615,18446744073709551615,300,145,1688,1,1,1,1
134,96,5,38,38,514,134,1904,1,1,1,1
236,127,5,18446744073709551615,18446744073709551615,674,173,2968,1,1,1,1
103,64,5,18446744073709551615,18446744073709551615,323,73,1400,1,1,1,1
184,120,5,64,64,660,184,2496,1,1,1,1
184,41,5,18446744073709551615,18446744073709551615,324,164,1864,1,1,1,1
121,49,5,72,72,314,121,1424,1,1,1,1
157,66,5,18446744073709551615,18446744073709551615,374,126,1848,1,1,1,1
197,70,5,18446744073709551615,18446744073709551615,440,163,2200,1,1,1,1
158,96,5,62,62,539,158,2096,1,1,1,1
202,101,5,18446744073709551615,18446744073709551615,553,152,2488,1,1,1,1
111,91,5,20,20,473,111,1680,1,1,1,1
225,94,5,18446744073709551615,18446744073709551615,550,180,2616,1,1,1,1
47,91,5,18446744073709551615,18446744073709551615,0,0,1168,1,1,1,1
138,116,5,22,22,598,138,2096,1,1,1,1
229,92,5,18446744073709551615,18446744073709551615,550,184,2632,1,1,1,1
244,58,5,186,186,473,245,2480,1,1,1,1
84,68,5,16,16,354,84,1280,1,1,1,1
46,67,5,18446744073709551615,18446744073709551615,0,0,968,1,1,1,1
34,45,5,18446744073709551615,18446744073709551615,0,0,696,1,1,1,1
148,53,5,18446744073709551615,18446744073709551615,310,122,1672,1,1,1,1
97,117,5,18446744073709551615,18446744073709551615,0,0,1776,1,1,1,1
90,91,5,18446744073709551615,18446744073709551615,0,0,1512,1,1,1,1
199,41,5,158,158,359,199,1984,1,1,1,1
124,80,5,44,44,441,124,1696,1,1,1,1
137,96,5,18446744073709551615,18446744073709551615,437,90,1928,1,1,1,1
154,101,5,18446744073709551615,18446744073709551615,464,104,2104,1,1,1,1
34,96,5,18446744073709551615,18446744073709551615,0,0,1104,1,1,1,1
134,75,5,18446744073709551615,18446744073709551615,394,97,1736,1,1,1,1
269,75,5,194,194,566,269,2816,1,1,1,1
197,55,5,142,142,413,197,2080,1,1,1,1
112,106,5,6,6,532,112,1808,1,1,1,1
158,34,5,124,124,291,158,1600,1,1,1,1
80,86,5,18446744073709551615,18446744073709551615,0,0,1392,1,1,1,1
279,33,5,246,246,409,281,2560,1,1,1,1
168,86,5,82,82,509,168,2096,1,1,1,1
168,75,5,18446744073709551615,18446744073709551615,428,131,2008,1,1,1,1
277,36,5,18446744073709551615,18446744073709551615,401,261,2568,1,1,1,1
126,37,5,18446744073709551615,18446744073709551615,238,109,1368,1,1,1,1
240,58,5,182,182,468,240,2448,1,1,1,1
208,111,5,18446744073709551615,18446744073709551615,593,154,2616,1,1,1,1
154,61,5,18446744073709551615,18446744073709551615,365,124,1784,1,1,1,1
273,56,5,18446744073709551615,18446744073709551615,447,247,2696,1,1,1,1
230,102,5,128,128,632,231,2720,1,1,1,1
40,126,5,18446744073709551615,18446744073709551615,0,0,1392,1,1,1,1
150,105,5,18446744073709551615,18446744073709551615,516,98,2104,1,1,1,1
245,40,5,18446744073709551615,18446744073709551615,382,226,2344,1,1,1,1
58,60,5,18446744073709551615,18446744073709551615,0,0,1008,1,1,1,1
140,75,5,18446744073709551615,18446744073709551615,399,103,1784,1,1,1,1
261,88,5,18446744073709551615,18446744073709551615,566,218,2856,1,1,1,1
259,101,5,158,158,660,259,2944,1,1,1,1
155,99,5,56,56,547,155,2096,1,1,1,1
177,112,5,18446744073709551615,18446744073709551615,536,122,2376,1,1,1,1
193,72,5,18446744073709551615,18446744073709551615,418,158,2184,1,1,1,1
247,105,5,142,142,664,247,2880,1,1,1,1
40,119,5,18446744073709551615,18446744073709551615,0,0,1336,1,1,1,1
107,53,5,54,54,316,108,1344,1,1,1,1
220,124,5,96,96,714,221,2816,1,1,1,1
55,85,5,18446744073709551615,18446744073709551615,0,0,1184,1,1,1,1
134,54,5,80,80,347,134,1568,1,1,1,1
217,40,5,18446744073709551615,18446744073709551615,335,199,2120,1,1,1,1
195,63,5,132,132,445,195,2128,1,1,1,1
189,123,5,66,66,679,189,2560,1,1,1,1
250,70,5,180,180,527,252,2624,1,1,1,1
135,86,5,18446744073709551615,18446744073709551615,410,94,1832,1,1,1,1
143,59,5,84,84,375,143,1680,1,1,1,1
225,65,5,160,160,482,225,2384,1,1,1,1
277,99,5,178,178,670,278,3072,1,1,1,1
152,96,5,56,56,533,152,2048,1,1,1,1
265,60,5,18446744073709551615,18446744073709551615,471,236,2664,1,1,1,1
284,44,5,240,240,457,284,2688,1,1,1,1
103,111,5,18446744073709551615,18446744073709551615,0,0,1776,1,1,1,1
71,94,5,18446744073709551615,18446744073709551615,0,0,1384,1,1,1,1
51,50,5,18446744073709551615,18446744073709551615,223,27,872,1,1,1,1
166,39,5,18446744073709551615,18446744073709551615,301,147,1704,1,1,1,1
189,44,5,18446744073709551615,18446744073709551615,339,168,1928,1,1,1,1
176,75,5,18446744073709551615,18446744073709551615,438,139,2072,1,1,1,1
151,79,5,72,72,464,151,1904,1,1,1,1
229,83,5,146,146,558,230,2560,1,1,1,1
80,70,5,10,10,356,80,1264,1,1,1,1
176,103,5,18446744073709551615,18446744073709551615,536,125,2296,1,1,1,1
76,98,5,18446744073709551615,18446744073709551615,0,0,1456,1,1,1,1
286,109,5,18446744073709551615,18446744073709551615,665,232,3224,1,1,1,1
150,89,5,18446744073709551615,18446744073709551615,458,106,1976,1,1,1,1
121,77,5,44,44,426,121,1648,1,1,1,1
152,34,5,118,118,284,153,1552,1,1,1,1
53,83,5,18446744073709551615,18446744073709551615,0,0,1152,1,1,1,1
137,90,5,18446744073709551615,18446744073709551615,449,93,1880,1,1,1,1
247,91,5,156,156,606,247,2768,1,1,1,1
239,85,5,154,154,576,240,2656,1,1,1,1
91,62,5,18446744073709551615,18446744073709551615,304,61,1288,1,1,1,1
104,65,5,18446744073709551615,18446744073709551615,329,72,1416,1,1,1,1
218,86,5,132,132,559,219,2496,1,1,1,1
199,71,5,128,128,480,199,2224,1,1,1,1
118,84,5,34,34,451,118,1680,1,1,1,1
171,96,5,18446744073709551615,18446744073709551615,505,126,2200,1,1,1,1
79,67,5,12,12,344,79,1232,1,1,1,1
88,57,5,18446744073709551615,18446744073709551615,284,60,1224,1,1,1,1
255,100,5,18446744073709551615,18446744073709551615,602,206,2904,1,1,1,1
189,68,5,18446744073709551615,18446744073709551615,424,156,2120,1,1,1,1
235,32,5,18446744073709551615,18446744073709551615,344,221,2200,1,1,1,1
49,92,5,18446744073709551615,18446744073709551615,0,0,1192,1,1,1,1
98,64,5,34,34,351,99,1360,1,1,1,1
238,91,5,18446744073709551615,18446744073709551615,518,193,2696,1,1,1,1
224,81,5,18446744073709551615,18446744073709551615,474,184,2504,1,1,1,1
195,69,5,126,126,469,196,2176,1,1,1,1
151,65,5,86,86,408,151,1792,1,1,1,1
99,49,5,50,50,292,99,1248,1,1,1,1
220,71,5,18446744073709551615,18446744073709551615,466,185,2392,1,1,1,1
130,65,5,18446744073709551615,18446744073709551615,355,98,1624,1,1,1,1
110,97,5,18446744073709551615,18446744073709551615,448,62,1720,1,1,1,1
253,61,5,192,192,494,254,2576,1,1,1,1
192,76,5,116,116,494,192,2208,1,1,1,1
71,50,5,18446744073709551615,18446744073709551615,243,47,1032,1,1,1,1
277,85,5,192,192,614,279,2960,1,1,1,1
37,120,5,18446744073709551615,18446744073709551615,0,0,1320,1,1,1,1
276,37,5,18446744073709551615,18446744073709551615,398,258,2568,1,1,1,1
220,93,5,18446744073709551615,18446744073709551615,543,174,2568,1,1,1,1
222,58,5,164,164,449,223,2304,1,1,1,1
240,62,5,178,178,485,241,2480,1,1,1,1
226,124,5,102,102,716,226,2864,1,1,1,1
186,84,5,102,102,520,186,2224,1,1,1,1
162,94,5,68,68,533,162,2112,1,1,1,1
83,52,5,18446744073709551615,18446744073709551615,254,58,1144,1,1,1,1
202,116,5,86,86,663,202,2608,1,1,1,1
218,86,5,132,132,558,219,2496,1,1,1,1
268,32,5,236,236,393,268,2464,1,1,1,1
278,49,5,18446744073709551615,18446744073709551615,401,254,2680,1,1,1,1
130,74,5,56,56,423,130,1696,1,1,1,1
142,75,5,18446744073709551615,18446744073709551615,402,105,1800,1,1,1,1
88,100,5,18446744073709551615,18446744073709551615,0,0,1568,1,1,1,1
227,115,5,112,112,683,228,2800,1,1,1,1
194,106,5,88,88,614,194,2464,1,1,1,1
273,44,5,18446744073709551615,18446744073709551615,424,252,2600,1,1,1,1
109,47,5,62,62,294,109,1312,1,1,1,1
267,45,5,222,222,444,268,2560,1,1,1,1
145,74,5,18446744073709551615,18446744073709551615,401,109,1816,1,1,1,1
44,49,5,18446744073709551615,18446744073709551615,0,0,808,1,1,1,1
173,73,5,100,100,463,173,2032,1,1,1,1
175,123,5,52,52,663,175,2448,1,1,1,1
207,48,5,18446744073709551615,18446744073709551615,373,184,2104,1,1,1,1
47,42,5,18446744073709551615,18446744073709551615,192,27,776,1,1,1,1
154,101,5,18446744073709551615,18446744073709551615,505,104,2104,1,1,1,1
61,95,5,18446744073709551615,18446744073709551615,0,0,1312,1,1,1,1
273,102,5,18446744073709551615,18446744073709551615,587,223,3064,1,1,1,1
258,89,5,18446744073709551615,18446744073709551615,537,215,2840,1,1,1,1
263,66,5,18446744073709551615,18446744073709551615,491,232,2696,1,1,1,1
229,42,5,18446744073709551615,18446744073709551615,373,209,2232,1,1,1,1
52,84,5,18446744073709551615,18446744073709551615,0,0,1152,1,1,1,1
72,69,5,18446744073709551615,18446744073709551615,311,38,1192,1,1,1,1
187,90,5,18446744073709551615,18446744073709551615,499,143,2280,1,1,1,1
270,79,5,18446744073709551615,18446744073709551615,544,231,2856,1,1,1,1
66,84,5,18446744073709551615,18446744073709551615,0,0,1264,1,1,1,1
79,88,5,18446744073709551615,18446744073709551615,0,0,1400,1,1,1,1
229,68,5,18446744073709551615,18446744073709551615,455,198,2440,1,1,1,1
34,54,5,18446744073709551615,18446744073709551615,0,0,768,1,1,1,1
63,66,5,18446744073709551615,18446744073709551615,0,0,1096,1,1,1,1
253,91,5,162,162,614,254,2816,1,1,1,1
58,99,5,18446744073709551615,18446744073709551615,0,0,1320,1,1,1,1
278,93,5,18446744073709551615,18446744073709551615,567,233,3032,1,1,1,1
65,78,5,18446744073709551615,18446744073709551615,0,0,1208,1,1,1,1
34,58,5,18446744073709551615,18446744073709551615,0,0,800,1,1,1,1
258,114,5,144,144,710,258,3040,1,1,1,1
156,74,5,82,82,448,156,1904,1,1,1,1
112,41,5,18446744073709551615,18446744073709551615,253,93,1288,1,1,1,1
73,51,5,22,22,275,73,1056,1,1,1,1
108,87,5,18446744073709551615,18446744073709551615,410,65,1624,1,1,1,1
276,74,5,202,202,569,277,2864,1,1,1,1
57,51,5,6,6,258,57,928,1,1,1,1
113,66,5,18446744073709551615,18446744073709551615,341,81,1496,1,1,1,1
150,32,5,118,118,275,150,1520,1,1,1,1
138,121,5,18446744073709551615,18446744073709551615,561,78,2136,1,1,1,1
168,62,5,106,106,412,168,1904,1,1,1,1
158,105,5,18446744073709551615,18446744073709551615,524,107,2168,1,1,1,1
240,55,5,18446744073709551615,18446744073709551615,431,215,2424,1,1,1,1
269,67,5,202,202,534,269,2752,1,1,1,1
37,63,5,18446744073709551615,18446744073709551615,0,0,864,1,1,1,1
78,91,5,18446744073709551615,18446744073709551615,0,0,1416,1,1,1,1
281,84,5,18446744073709551615,18446744073709551615,572,240,2984,1,1,1,1
35,90,5,18446744073709551615,18446744073709551615,0,0,1064,1,1,1,1
108,58,5,50,50,334,108,1392,1,1,1,1
112,91,5,18446744073709551615,18446744073709551615,428,67,1688,1,1,1,1
66,79,5,18446744073709551615,18446744073709551615,0,0,1224,1,1,1,1
260,57,5,18446744073709551615,18446744073709551615,431,233,2600,1,1,1,1
219,106,5,18446744073709551615,18446744073709551615,587,168,2664,1,1,1,1
120,40,5,80,80,278,120,1344,1,1,1,1
34,64,5,18446744073709551615,18446744073709551615,0,0,848,1,1,1,1
188,34,5,154,154,321,188,1840,1,1,1,1
200,84,5,116,116,531,200,2336,1,1,1,1
146,91,5,18446744073709551615,18446744073709551615,462,101,1960,1,1,1,1
276,52,5,224,224,481,277,2688,1,1,1,1
42,39,5,18446744073709551615,18446744073709551615,176,23,712,1,1,1,1
241,61,5,180,180,482,241,2480,1,1,1,1
192,57,5,18446744073709551615,18446744073709551615,389,164,2056,1,1,1,1
95,76,5,18446744073709551615,18446744073709551615,359,59,1432,1,1,1,1
193,48,5,18446744073709551615,18446744073709551615,345,170,1992,1,1,1,1
272,51,5,18446744073709551615,18446744073709551615,449,247,2648,1,1,1,1
87,68,5,18446744073709551615,18446744073709551615,295,54,1304,1,1,1,1
218,123,5,18446744073709551615,18446744073709551615,644,157,2792,1,1,1,1
261,74,5,18446744073709551615,18446744073709551615,516,227,2744,1,1,1,1
231,84,5,18446744073709551615,18446744073709551615,522,191,2584,1,1,1,1
137,77,5,60,60,442,137,1776,1,1,1,1
207,34,5,18446744073709551615,18446744073709551615,307,191,1992,1,1,1,1
94,101,5,18446744073709551615,18446744073709551615,0,0,1624,1,1,1,1
172,126,5,46,46,673,173,2448,1,1,1,1
210,35,5,18446744073709551615,18446744073709551615,330,193,2024,1,1,1,1
267,106,5,18446744073709551615,18446744073709551615,635,215,3048,1,1,1,1
51,37,5,14,14,195,51,768,1,1,1,1
208,55,5,18446744073709551615,18446744073709551615,399,182,2168,1,1,1,1
69,93,5,18446744073709551615,18446744073709551615,0,0,1360,1,1,1,1
165,60,5,18446744073709551615,18446744073709551615,355,136,1864,1,1,1,1
33,41,5,18446744073709551615,18446744073709551615,0,0,656,1,1,1,1
141,68,5,18446744073709551615,18446744073709551615,376,108,1736,1,1,1,1
258,87,5,18446744073709551615,18446744073709551615,560,215,2824,1,1,1,1
106,61,5,18446744073709551615,18446744073709551615,316,76,1400,1,1,1,1
245,111,5,134,134,687,247,2912,1,1,1,1
267,75,5,192,192,564,267,2800,1,1,1,1
227,123,5,104,104,717,227,2864,1,1,1,1
268,84,5,184,184,601,268,2880,1,1,1,1
270,44,5,226,226,441,272,2576,1,1,1,1
40,49,5,18446744073709551615,18446744073709551615,0,0,776,1,1,1,1
138,79,5,18446744073709551615,18446744073709551615,412,99,1800,1,1,1,1
144,97,5,18446744073709551615,18446744073709551615,482,96,1992,1,1,1,1
69,78,5,18446744073709551615,18446744073709551615,0,0,1240,1,1,1,1
190,67,5,18446744073709551615,18446744073709551615,422,157,2120,1,1,1,1
161,48,5,18446744073709551615,18446744073709551615,325,138,1736,1,1,1,1
164,108,5,56,56,593,164,2240,1,1,1,1
73,116,5,18446744073709551615,18446744073709551615,0,0,1576,1,1,1,1
83,119,5,18446744073709551615,18446744073709551615,0,0,1680,1,1,1,1
87,63,5,24,24,335,87,1264,1,1,1,1
134,83,5,18446744073709551615,18446744073709551615,397,93,1800,1,1,1,1
97,92,5,18446744073709551615,18446744073709551615,387,52,1576,1,1,1,1
59,105,5,18446744073709551615,18446744073709551615,0,0,1376,1,1,1,1
191,67,5,124,124,456,191,2128,1,1,1,1
106,81,5,18446744073709551615,18446744073709551615,387,66,1560,1,1,1,1
285,38,5,18446744073709551615,18446744073709551615,400,267,2648,1,1,1,1
54,93,5,18446744073709551615,18446744073709551615,0,0,1240,1,1,1,1
83,113,5,18446744073709551615,18446744073709551615,0,0,1632,1,1,1,1
112,48,5,64,64,301,113,1344,1,1,1,1
254,60,5,194,194,491,255,2576,1,1,1,1
139,39,5,100,100,292,139,1488,1,1,1,1
79,95,5,18446744073709551615,18446744073709551615,0,0,1456,1,1,1,1
156,62,5,94,94,401,157,1808,1,1,1,1
268,62,5,206,206,513,270,2704,1,1,1,1
286,70,5,216,216,563,287,2912,1,1,1,1
93,61,5,32,32,334,94,1296,1,1,1,1
135,32,5,18446744073709551615,18446744073709551615,245,121,1400,1,1,1,1
104,94,5,10,10,477,104,1648,1,1,1,1
203,74,5,18446744073709551615,18446744073709551615,436,168,2280,1,1,1,1
146,33,5,18446744073709551615,18446744073709551615,259,130,1496,1,1,1,1
75,100,5,18446744073709551615,18446744073709551615,0,0,1464,1,1,1,1
110,75,5,18446744073709551615,18446744073709551615,370,73,1544,1,1,1,1
104,39,5,18446744073709551615,18446744073709551615,238,85,1208,1,1,1,1
125,89,5,36,36,478,126,1776,1,1,1,1
272,49,5,18446744073709551615,18446744073709551615,442,249,2632,1,1,1,1
160,38,5,122,122,309,160,1648,1,1,1,1
280,38,5,242,242,429,280,2608,1,1,1,1
165,118,5,18446744073709551615,18446744073709551615,575,107,2328,1,1,1,1
187,83,5,104,104,516,188,2224,1,1,1,1
139,69,5,70,70,413,139,1728,1,1,1,1
63,86,5,18446744073709551615,18446744073709551615,0,0,1256,1,1,1,1
112,59,5,18446744073709551615,18446744073709551615,316,84,1432,1,1,1,1
234,71,5,18446744073709551615,18446744073709551615,481,200,2504,1,1,1,1
222,85,5,18446744073709551615,18446744073709551615,491,180,2520,1,1,1,1
236,33,5,18446744073709551615,18446744073709551615,349,220,2216,1,1,1,1
235,44,5,18446744073709551615,18446744073709551615,376,214,2296,1,1,1,1
100,51,5,18446744073709551615,18446744073709551615,275,75,1272,1,1,1,1
139,55,5,84,84,355,139,1616,1,1,1,1
265,84,5,18446744073709551615,18446744073709551615,520,225,2856,1,1,1,1
282,99,5,18446744073709551615,18446744073709551615,627,233,3112,1,1,1,1
283,46,5,18446744073709551615,18446744073709551615,441,263,2696,1,1,1,1
241,75,5,166,166,540,241,2592,1,1,1,1
188,98,5,90,90,577,190,2352,1,1,1,1
231,65,5,166,166,488,231,2432,1,1,1,1
274,44,5,230,230,448,274,2608,1,1,1,1
61,91,5,18446744073709551615,18446744073709551615,0,0,1280,1,1,1,1
146,113,5,18446744073709551615,18446744073709551615,539,90,2136,1,1,1,1
158,121,5,18446744073709551615,18446744073709551615,579,98,2296,1,1,1,1
285,81,5,204,204,606,287,2992,1,1,1,1
76,53,5,18446744073709551615,18446744073709551615,259,50,1096,1,1,1,1
165,59,5,106,106,397,166,1856,1,1,1,1
231,72,5,18446744073709551615,18446744073709551615,480,197,2488,1,1,1,1
84,94,5,18446744073709551615,18446744073709551615,0,0,1488,1,1,1,1
251,112,5,18446744073709551615,18446744073709551615,606,197,2968,1,1,1,1
171,45,5,126,126,348,174,1792,1,1,1,1
190,94,5,96,96,563,190,2336,1,1,1,1
284,40,5,244,244,441,284,2656,1,1,1,1
202,56,5,146,146,423,203,2128,1,1,1,1
249,125,5,124,124,746,249,3056,1,1,1,1
157,49,5,108,108,349,157,1712,1,1,1,1
50,100,5,18446744073709551615,18446744073709551615,0,0,1264,1,1,1,1
42,61,5,18446744073709551615,18446744073709551615,0,0,888,1,1,1,1
202,80,5,122,122,519,203,2320,1,1,1,1
105,98,5,18446744073709551615,18446744073709551615,445,57,1688,1,1,1,1
200,72,5,128,128,484,200,2240,1,1,1,1
215,126,5,18446744073709551615,18446744073709551615,655,153,2792,1,1,1,1
271,57,5,214,214,496,272,2688,1,1,1,1
246,59,5,18446744073709551615,18446744073709551615,450,218,2504,1,1,1,1
215,109,5,106,106,648,215,2656,1,1,1,1
128,46,5,82,82,308,131,1456,1,1,1,1
77,87,5,18446744073709551615,18446744073709551615,0,0,1376,1,1,1,1
73,92,5,18446744073709551615,18446744073709551615,0,0,1384,1,1,1,1
93,109,5,18446744073709551615,18446744073709551615,0,0,1680,1,1,1,1
60,61,5,18446744073709551615,18446744073709551615,0,0,1032,1,1,1,1
277,60,5,18446744073709551615,18446744073709551615,485,249,2760,1,1,1,1
102,50,5,52,52,298,102,1280,1,1,1,1
113,47,5,66,66,299,113,1344,1,1,1,1
210,49,5,18446744073709551615,18446744073709551615,380,187,2136,1,1,1,1
103,85,5,18,18,440,103,1568,1,1,1,1
276,62,5,214,214,522,277,2768,1,1,1,1
193,45,5,148,148,370,194,1968,1,1,1,1
224,33,5,18446744073709551615,18446744073709551615,337,208,2120,1,1,1,1
49,90,5,18446744073709551615,18446744073709551615,0,0,1176,1,1,1,1
81,65,5,16,16,338,81,1232,1,1,1,1
286,53,5,18446744073709551615,18446744073709551615,468,261,2776,1,1,1,1
220,70,5,150,150,497,220,2384,1,1,1,1
269,51,5,218,218,471,269,2624,1,1,1,1
185,35,5,150,150,322,185,1824,1,1,1,1
213,117,5,96,96,678,213,2704,1,1,1,1
226,89,5,18446744073709551615,18446744073709551615,535,182,2584,1,1,1,1
207,110,5,18446744073709551615,18446744073709551615,590,153,2600,1,1,1,1
98,70,5,28,28,375,98,1408,1,1,1,1
162,112,5,50,50,607,162,2256,1,1,1,1
253,51,5,202,202,455,254,2496,1,1,1,1
48,114,5,18446744073709551615,18446744073709551615,0,0,1360,1,1,1,1
84,78,5,6,6,393,84,1360,1,1,1,1
154,127,5,18446744073709551615,18446744073709551615,597,92,2312,1,1,1,1
231,45,5,186,186,408,231,2272,1,1,1,1
283,75,5,208,208,580,283,2928,1,1,1,1
254,127,5,18446744073709551615,18446744073709551615,633,192,3112,1,1,1,1
75,74,5,18446744073709551615,18446744073709551615,314,39,1256,1,1,1,1
39,81,5,18446744073709551615,18446744073709551615,0,0,1024,1,1,1,1
107,119,5,18446744073709551615,18446744073709551615,0,0,1872,1,1,1,1
129,111,5,18,18,570,129,1984,1,1,1,1
184,76,5,108,108,485,184,2144,1,1,1,1
221,91,5,130,130,581,221,2560,1,1,1,1
50,95,5,18446744073709551615,18446744073709551615,0,0,1224,1,1,1,1
100,39,5,18446744073709551615,18446744073709551615,235,81,1176,1,1,1,1
183,105,5,78,78,601,185,2368,1,1,1,1
250,73,5,18446744073709551615,18446744073709551615,503,216,2648,1,1,1,1
39,74,5,18446744073709551615,18446744073709551615,0,0,968,1,1,1,1
267,97,5,170,170,652,268,2976,1,1,1,1
282,42,5,240,240,447,286,2656,1,1,1,1
260,58,5,202,202,490,262,2608,1,1,1,1
155,100,5,18446744073709551615,18446744073709551615,503,106,2104,1,1,1,1
120,33,5,18446744073709551615,18446744073709551615,233,104,1288,1,1,1,1
146,70,5,76,76,424,146,1792,1,1,1,1
101,35,5,66,66,238,101,1152,1,1,1,1
150,89,5,18446744073709551615,18446744073709551615,458,106,1976,1,1,1,1
203,88,5,18446744073709551615,18446744073709551615,508,161,2392,1,1,1,1
130,78,5,52,52,439,130,1728,1,1,1,1
33,56,5,18446744073709551615,18446744073709551615,0,0,776,1,1,1,1
122,34,5,88,88,255,123,1312,1,1,1,1
136,106,5,30,30,557,136,2000,1,1,1,1
98,111,5,18446744073709551615,18446744073709551615,0,0,1736,1,1,1,1
119,61,5,58,58,361,119,1504,1,1,1,1
167,74,5,18446744073709551615,18446744073709551615,387,131,1992,1,1,1,1
198,97,5,18446744073709551615,18446744073709551615,534,152,2424,1,1,1,1
102,32,5,70,70,227,102,1136,1,1,1,1
174,86,5,88,88,516,176,2144,1,1,1,1
206,84,5,122,122,539,206,2384,1,1,1,1
232,84,5,148,148,565,232,2592,1,1,1,1
209,47,5,162,162,395,209,2112,1,1,1,1
128,93,5,18446744073709551615,18446744073709551615,451,82,1832,1,1,1,1
193,33,5,160,160,322,193,1872,1,1,1,1
77,74,5,18446744073709551615,18446744073709551615,332,41,1272,1,1,1,1
166,90,5,76,76,523,167,2112,1,1,1,1
208,118,5,90,90,675,209,2672,1,1,1,1
124,55,5,18446744073709551615,18446744073709551615,295,97,1496,1,1,1,1
279,47,5,232,232,464,281,2672,1,1,1,1
167,115,5,52,52,625,167,2320,1,1,1,1
148,78,5,70,70,457,149,1872,1,1,1,1
197,70,5,18446744073709551615,18446744073709551615,439,164,2200,1,1,1,1
269,84,5,18446744073709551615,18446744073709551615,561,228,2888,1,1,1,1
203,98,5,18446744073709551615,18446744073709551615,543,155,2472,1,1,1,1
229,117,5,112,112,695,230,2832,1,1,1,1
32,75,5,18446744073709551615,18446744073709551615,0,0,920,1,1,1,1
138,122,5,16,16,621,138,2144,1,1,1,1
114,116,5,18446744073709551615,18446744073709551615,0,0,1904,1,1,1,1
158,80,5,78,78,475,159,1968,1,1,1,1
95,44,5,18446744073709551615,18446744073709551615,246,74,1176,1,1,1,1
177,53,5,124,124,387,177,1904,1,1,1,1
169,41,5,128,128,330,170,1744,1,1,1,1
60,32,5,28,28,185,60,800,1,1,1,1
258,48,5,210,210,447,259,2512,1,1,1,1
132,63,5,18446744073709551615,18446744073709551615,348,101,1624,1,1,1,1
163,99,5,64,64,556,163,2160,1,1,1,1
160,56,5,104,104,381,160,1792,1,1,1,1
215,57,5,158,158,441,215,2240,1,1,1,1
41,70,5,18446744073709551615,18446744073709551615,0,0,952,1,1,1,1
204,82,5,122,122,530,205,2352,1,1,1,1
139,36,5,18446744073709551615,18446744073709551615,262,123,1464,1,1,1,1
59,87,5,18446744073709551615,18446744073709551615,0,0,1232,1,1,1,1
274,83,5,18446744073709551615,18446744073709551615,560,234,2920,1,1,1,1
222,50,5,172,172,419,222,2240,1,1,1,1
256,71,5,18446744073709551615,18446744073709551615,502,221,2680,1,1,1,1
110,63,5,18446744073709551615,18446744073709551615,299,79,1448,1,1,1,1
66,83,5,18446744073709551615,18446744073709551615,0,0,1256,1,1,1,1
142,34,5,108,108,275,142,1472,1,1,1,1
167,39,5,128,128,319,167,1712,1,1,1,1
230,117,5,18446744073709551615,18446744073709551615,636,172,2840,1,1,1,1
188,52,5,136,136,392,188,1984,1,1,1,1
71,95,5,18446744073709551615,18446744073709551615,0,0,1392,1,1,1,1
175,85,5,90,90,512,175,2144,1,1,1,1
77,121,5,18446744073709551615,18446744073709551615,0,0,1648,1,1,1,1
89,58,5,18446744073709551615,18446744073709551615,288,62,1240,1,1,1,1
91,87,5,4,4,436,91,1488,1,1,1,1
47,115,5,18446744073709551615,18446744073709551615,0,0,1360,1,1,1,1
278,102,5,176,176,682,279,3104,1,1,1,1
101,56,5,18446744073709551615,18446744073709551615,294,74,1320,1,1,1,1
207,46,5,18446744073709551615,18446744073709551615,365,185,2088,1,1,1,1
150,93,5,18446744073709551615,18446744073709551615,473,105,2008,1,1,1,1
148,48,5,100,100,337,148,1632,1,1,1,1
180,81,5,18446744073709551615,18446744073709551615,434,141,2152,1,1,1,1
256,102,5,154,154,660,256,2928,1,1,1,1
208,75,5,18446744073709551615,18446744073709551615,467,171,2328,1,1,1,1
251,52,5,18446744073709551615,18446744073709551615,406,226,2488,1,1,1,1
246,116,5,130,130,707,246,2960,1,1,1,1
256,110,5,146,146,693,257,2992,1,1,1,1
56,34,5,22,22,189,56,784,1,1,1,1
81,56,5,18446744073709551615,18446744073709551615,274,54,1160,1,1,1,1
101,65,5,36,36,358,101,1392,1,1,1,1
220,84,5,136,136,553,220,2496,1,1,1,1
274,101,5,18446744073709551615,18446744073709551615,625,224,3064,1,1,1,1
80,93,5,18446744073709551615,18446744073709551615,0,0,1448,1,1,1,1
83,106,5,18446744073709551615,18446744073709551615,0,0,1576,1,1,1,1
276,69,5,18446744073709551615,18446744073709551615,516,244,2824,1,1,1,1
188,34,5,154,154,321,189,1840,1,1,1,1
80,55,5,18446744073709551615,18446744073709551615,270,53,1144,1,1,1,1
113,115,5,18446744073709551615,18446744073709551615,0,0,1888,1,1,1,1
139,112,5,18446744073709551615,18446744073709551615,528,84,2072,1,1,1,1
200,88,5,112,112,549,200,2368,1,1,1,1
194,49,5,18446744073709551615,18446744073709551615,363,171,2008,1,1,1,1
88,79,5,18446744073709551615,18446744073709551615,325,49,1400,1,1,1,1
280,79,5,18446744073709551615,18446744073709551615,556,242,2936,1,1,1,1
65,84,5,18446744073709551615,18446744073709551615,0,0,1256,1,1,1,1
139,89,5,50,50,494,139,1888,1,1,1,1
62,78,5,18446744073709551615,18446744073709551615,0,0,1184,1,1,1,1
243,43,5,200,200,412,245,2352,1,1,1,1
138,62,5,76,76,381,138,1664,1,1,1,1
246,55,5,18446744073709551615,18446744073709551615,436,220,2472,1,1,1,1
145,38,5,18446744073709551615,18446744073709551615,275,127,1528,1,1,1,1
124,87,5,18446744073709551615,18446744073709551615,403,81,1752,1,1,1,1
114,81,5,18446744073709551615,18446744073709551615,395,74,1624,1,1,1,1
161,59,5,102,102,394,162,1824,1,1,1,1
36,68,5,18446744073709551615,18446744073709551615,0,0,896,1,1,1,1
154,112,5,42,42,600,154,2192,1,1,1,1
87,68,5,18446744073709551615,18446744073709551615,321,54,1304,1,1,1,1
91,47,5,44,44,276,91,1168,1,1,1,1
258,55,5,18446744073709551615,18446744073709551615,448,233,2568,1,1,1,1
130,64,5,66,66,384,131,1616,1,1,1,1
184,122,5,62,62,668,184,2512,1,1,1,1
276,54,5,222,222,489,276,2704,1,1,1,1
248,62,5,186,186,493,251,2544,1,1,1,1
81,63,5,18,18,330,81,1216,1,1,1,1
258,65,5,18446744073709551615,18446744073709551615,482,227,2648,1,1,1,1
136,69,5,18446744073709551615,18446744073709551615,375,103,1704,1,1,1,1
94,35,5,18446744073709551615,18446744073709551615,214,77,1096,1,1,1,1
264,102,5,162,162,668,267,2992,1,1,1,1
38,101,5,18446744073709551615,18446744073709551615,0,0,1176,1,1,1,1
174,58,5,116,116,403,174,1920,1,1,1,1
38,85,5,18446744073709551615,18446744073709551615,0,0,1048,1,1,1,1
234,91,5,18446744073709551615,18446744073709551615,550,189,2664,1,1,1,1
265,74,5,18446744073709551615,18446744073709551615,486,229,2776,1,1,1,1
220,117,5,18446744073709551615,18446744073709551615,614,162,2760,1,1,1,1
223,60,5,18446744073709551615,18446744073709551615,430,195,2328,1,1,1,1
75,57,5,18,18,302,75,1120,1,1,1,1
184,35,5,18446744073709551615,18446744073709551615,304,168,1816,1,1,1,1
131,116,5,18446744073709551615,18446744073709551615,481,74,2040,1,1,1,1
184,52,5,132,132,389,185,1952,1,1,1,1
147,121,5,26,26,629,147,2208,1,1,1,1
248,47,5,18446744073709551615,18446744073709551615,366,227,2424,1,1,1,1
133,98,5,18446744073709551615,18446744073709551615,473,85,1912,1,1,1,1
55,61,5,18446744073709551615,18446744073709551615,0,0,992,1,1,1,1
143,81,5,62,62,463,143,1856,1,1,1,1
165,98,5,18446744073709551615,18446744073709551615,505,117,2168,1,1,1,1
132,52,5,80,80,338,132,1536,1,1,1,1
125,107,5,18,18,551,125,1920,1,1,1,1
93,118,5,18446744073709551615,18446744073709551615,0,0,1752,1,1,1,1
143,123,5,20,20,632,143,2192,1,1,1,1
71,124,5,18446744073709551615,18446744073709551615,0,0,1624,1,1,1,1
226,70,5,156,156,503,226,2432,1,1,1,1
105,44,5,18446744073709551615,18446744073709551615,236,84,1256,1,1,1,1
97,57,5,40,40,322,97,1296,1,1,1,1
32,110,5,18446744073709551615,18446744073709551615,0,0,1200,1,1,1,1
273,33,5,240,240,403,274,2512,1,1,1,1
213,84,5,18446744073709551615,18446744073709551615,504,172,2440,1,1,1,1
188,95,5,18446744073709551615,18446744073709551615,506,141,2328,1,1,1,1
241,46,5,18446744073709551615,18446744073709551615,400,221,2360,1,1,1,1
229,90,5,18446744073709551615,18446744073709551615,541,185,2616,1,1,1,1
102,84,5,18,18,435,102,1552,1,1,1,1
142,59,5,18446744073709551615,18446744073709551615,347,114,1672,1,1,1,1
65,105,5,18446744073709551615,18446744073709551615,0,0,1424,1,1,1,1
42,68,5,18446744073709551615,18446744073709551615,0,0,944,1,1,1,1
222,109,5,18446744073709551615,18446744073709551615,601,168,2712,1,1,1,1
118,44,5,74,74,292,119,1360,1,1,1,1
79,77,5,2,2,384,79,1312,1,1,1,1
242,56,5,186,186,462,243,2448,1,1,1,1
178,91,5,18446744073709551615,18446744073709551615,496,133,2216,1,1,1,1
201,85,5,116,116,539,202,2352,1,1,1,1
266,49,5,18446744073709551615,18446744073709551615,419,242,2584,1,1,1,1
269,49,5,220,220,462,269,2608,1,1,1,1
53,35,5,18,18,189,53,768,1,1,1,1
246,114,5,132,132,699,246,2944,1,1,1,1
268,89,5,18446744073709551615,18446744073709551615,577,225,2920,1,1,1,1
174,93,5,18446744073709551615,18446744073709551615,497,129,2200,1,1,1,1
163,51,5,112,112,364,163,1776,1,1,1,1
210,34,5,176,176,343,212,2016,1,1,1,1
102,68,5,34,34,370,102,1424,1,1,1,1
187,118,5,18446744073709551615,18446744073709551615,598,129,2504,1,1,1,1
125,55,5,70,70,342,126,1504,1,1,1,1
225,95,5,130,130,603,226,2624,1,1,1,1
105,127,5,18446744073709551615,18446744073709551615,0,0,1920,1,1,1,1
249,106,5,18446744073709551615,18446744073709551615,592,199,2904,1,1,1,1
226,56,5,170,170,447,226,2320,1,1,1,1
167,89,5,78,78,521,167,2112,1,1,1,1
120,36,5,84,84,261,120,1312,1,1,1,1
267,98,5,18446744073709551615,18446744073709551615,561,219,2984,1,1,1,1
101,87,5,14,14,446,101,1568,1,1,1,1
144,114,5,30,30,597,144,2128,1,1,1,1
216,84,5,132,132,548,217,2464,1,1,1,1
167,60,5,18446744073709551615,18446744073709551615,374,139,1880,1,1,1,1
126,88,5,38,38,475,126,1776,1,1,1,1
121,63,5,58,58,370,121,1536,1,1,1,1
235,38,5,18446744073709551615,18446744073709551615,365,217,2248,1,1,1,1
162,47,5,18446744073709551615,18446744073709551615,324,139,1736,1,1,1,1
269,118,5,18446744073709551615,18446744073709551615,679,211,3160,1,1,1,1
53,77,5,18446744073709551615,18446744073709551615,0,0,1104,1,1,1,1
171,37,5,134,134,316,172,1728,1,1,1,1
233,33,5,200,200,361,233,2192,1,1,1,1
105,47,5,58,58,289,105,1280,1,1,1,1
271,87,5,184,184,616,272,2928,1,1,1,1
250,71,5,18446744073709551615,18446744073709551615,496,217,2632,1,1,1,1
88,114,5,18446744073709551615,18446744073709551615,0,0,1680,1,1,1,1
72,83,5,18446744073709551615,18446744073709551615,0,0,1304,1,1,1,1
276,46,5,230,230,457,276,2640,1,1,1,1
238,65,5,18446744073709551615,18446744073709551615,442,206,2488,1,1,1,1
209,107,5,102,102,635,209,2592,1,1,1,1
237,36,5,18446744073709551615,18446744073709551615,359,221,2248,1,1,1,1
259,34,5,18446744073709551615,18446744073709551615,375,244,2408,1,1,1,1
182,112,5,70,70,626,182,2416,1,1,1,1
44,93,5,18446744073709551615,18446744073709551615,0,0,1160,1,1,1,1
88,118,5,18446744073709551615,18446744073709551615,0,0,1712,1,1,1,1
265,101,5,164,164,666,265,2992,1,1,1,1
91,44,5,18446744073709551615,18446744073709551615,243,70,1144,1,1,1,1
273,37,5,236,236,418,273,2544,1,1,1,1
205,67,5,138,138,470,206,2240,1,1,1,1
78,40,5,38,38,235,78,1008,1,1,1,1
200,79,5,18446744073709551615,18446744073709551615,475,161,2296,1,1,1,1
93,94,5,18446744073709551615,18446744073709551615,0,0,1560,1,1,1,1
73,97,5,18446744073709551615,18446744073709551615,0,0,1424,1,1,1,1
270,117,5,18446744073709551615,18446744073709551615,625,212,3160,1,1,1,1
270,120,5,150,150,747,270,3184,1,1,1,1
179,72,5,18446744073709551615,18446744073709551615,428,144,2072,1,1,1,1
271,44,5,18446744073709551615,18446744073709551615,422,251,2584,1,1,1,1
143,64,5,18446744073709551615,18446744073709551615,363,112,1720,1,1,1,1
276,80,5,196,196,593,276,2912,1,1,1,1
105,78,5,18446744073709551615,18446744073709551615,375,67,1528,1,1,1,1
228,78,5,150,150,537,228,2512,1,1,1,1
283,93,5,190,190,653,286,3072,1,1,1,1
183,99,5,84,84,576,183,2320,1,1,1,1
146,56,5,90,90,367,146,1680,1,1,1,1
136,121,5,18446744073709551615,18446744073709551615,557,76,2120,1,1,1,1
98,114,5,18446744073709551615,18446744073709551615,0,0,1760,1,1,1,1
62,71,5,18446744073709551615,18446744073709551615,0,0,1128,1,1,1,1
193,83,5,110,110,524,194,2272,1,1,1,1
157,112,5,18446744073709551615,18446744073709551615,547,102,2216,1,1,1,1
55,61,5,18446744073709551615,18446744073709551615,0,0,992,1,1,1,1
262,94,5,168,168,635,262,2912,1,1,1,1
88,51,5,18446744073709551615,18446744073709551615,264,63,1176,1,1,1,1
86,106,5,18446744073709551615,18446744073709551615,0,0,1600,1,1,1,1
211,99,5,112,112,604,211,2544,1,1,1,1
139,107,5,32,32,564,139,2032,1,1,1,1
161,88,5,18446744073709551615,18446744073709551615,428,118,2056,1,1,1,1
230,104,5,126,126,643,231,2736,1,1,1,1
218,89,5,18446744073709551615,18446744073709551615,527,174,2520,1,1,1,1
266,42,5,224,224,430,266,2528,1,1,1,1
157,67,5,90,90,422,158,1856,1,1,1,1
229,69,5,160,160,502,231,2448,1,1,1,1
71,89,5,18446744073709551615,18446744073709551615,0,0,1344,1,1,1,1
282,38,5,244,244,431,283,2624,1,1,1,1
141,39,5,102,102,295,141,1504,1,1,1,1
105,80,5,18446744073709551615,18446744073709551615,382,66,1544,1,1,1,1
285,90,5,18446744073709551615,18446744073709551615,597,242,3064,1,1,1,1
76,65,5,18446744073709551615,18446744073709551615,301,44,1192,1,1,1,1
209,117,5,92,92,676,209,2672,1,1,1,1
176,121,5,18446744073709551615,18446744073709551615,551,116,2440,1,1,1,1
70,63,5,18446744073709551615,18446744073709551615,289,39,1128,1,1,1,1
96,46,5,50,50,277,96,1200,1,1,1,1
203,73,5,130,130,492,204,2272,1,1,1,1
168,42,5,126,126,333,169,1744,1,1,1,1
60,127,5,18446744073709551615,18446744073709551615,0,0,1560,1,1,1,1
264,116,5,148,148,723,265,3104,1,1,1,1
143,122,5,18446744073709551615,18446744073709551615,567,83,2184,1,1,1,1
190,91,5,18446744073709551615,18446744073709551615,506,145,2312,1,1,1,1
191,100,5,18446744073709551615,18446744073709551615,537,142,2392,1,1,1,1
43,67,5,18446744073709551615,18446744073709551615,0,0,944,1,1,1,1
225,93,5,132,132,594,225,2608,1,1,1,1
215,46,5,18446744073709551615,18446744073709551615,373,193,2152,1,1,1,1
140,65,5,18446744073709551615,18446744073709551615,366,110,1704,1,1,1,1
144,55,5,18446744073709551615,18446744073709551615,335,117,1656,1,1,1,1
260,38,5,222,222,409,262,2448,1,1,1,1
139,76,5,18446744073709551615,18446744073709551615,402,103,1784,1,1,1,1
199,45,5,154,154,376,199,2016,1,1,1,1
38,33,5,18446744073709551615,18446744073709551615,150,22,632,1,1,1,1
186,75,5,18446744073709551615,18446744073709551615,446,149,2152,1,1,1,1
46,69,5,18446744073709551615,18446744073709551615,0,0,984,1,1,1,1
246,94,5,152,152,620,247,2784,1,1,1,1
225,71,5,154,154,507,226,2432,1,1,1,1
222,68,5,154,154,491,223,2384,1,1,1,1
146,55,5,18446744073709551615,18446744073709551615,331,119,1672,1,1,1,1
33,93,5,18446744073709551615,18446744073709551615,0,0,1072,1,1,1,1
158,40,5,118,118,315,159,1648,1,1,1,1
57,115,5,18446744073709551615,18446744073709551615,0,0,1440,1,1,1,1
205,61,5,144,144,447,205,2192,1,1,1,1
197,87,5,110,110,542,197,2336,1,1,1,1
64,114,5,18446744073709551615,18446744073709551615,0,0,1488,1,1,1,1
40,95,5,18446744073709551615,18446744073709551615,0,0,1144,1,1,1,1
105,120,5,18446744073709551615,18446744073709551615,0,0,1864,1,1,1,1
43,75,5,18446744073709551615,18446744073709551615,0,0,1008,1,1,1,1
93,40,5,18446744073709551615,18446744073709551615,214,74,1128,1,1,1,1
248,32,5,216,216,373,249,2304,1,1,1,1
108,32,5,76,76,232,108,1184,1,1,1,1
190,118,5,72,72,659,191,2528,1,1,1,1
192,75,5,18446744073709551615,18446744073709551615,450,156,2200,1,1,1,1
144,66,5,78,78,405,144,1744,1,1,1,1
220,117,5,18446744073709551615,18446744073709551615,628,162,2760,1,1,1,1
154,62,5,92,92,400,154,1792,1,1,1,1
272,112,5,160,160,717,272,3136,1,1,1,1
132,78,5,54,54,441,133,1744,1,1,1,1
76,94,5,18446744073709551615,18446744073709551615,0,0,1424,1,1,1,1
162,89,5,18446744073709551615,18446744073709551615,472,118,2072,1,1,1,1
189,88,5,18446744073709551615,18446744073709551615,494,146,2280,1,1,1,1
223,111,5,112,112,664,223,2736,1,1,1,1
55,44,5,18446744073709551615,18446744073709551615,205,34,856,1,1,1,1
163,71,5,92,92,444,163,1936,1,1,1,1
32,61,5,18446744073709551615,18446744073709551615,0,0,808,1,1,1,1
36,55,5,18446744073709551615,18446744073709551615,0,0,792,1,1,1,1
234,104,5,130,130,647,234,2768,1,1,1,1
68,103,5,18446744073709551615,18446744073709551615,0,0,1432,1,1,1,1
99,98,5,18446744073709551615,18446744073709551615,439,51,1640,1,1,1,1
159,98,5,18446744073709551615,18446744073709551615,497,111,2120,1,1,1,1
54,122,5,18446744073709551615,18446744073709551615,0,0,1472,1,1,1,1
78,118,5,18446744073709551615,18446744073709551615,0,0,1632,1,1,1,1
136,85,5,18446744073709551615,18446744073709551615,432,95,1832,1,1,1,1
199,69,5,130,130,472,199,2208,1,1,1,1
158,126,5,32,32,658,158,2336,1,1,1,1
276,46,5,230,230,414,276,2640,1,1,1,1
208,87,5,18446744073709551615,18446744073709551615,511,167,2424,1,1,1,1
262,45,5,18446744073709551615,18446744073709551615,417,240,2520,1,1,1,1
157,36,5,18446744073709551615,18446744073709551615,264,140,1608,1,1,1,1
57,68,5,18446744073709551615,18446744073709551615,0,0,1064,1,1,1,1
160,75,5,18446744073709551615,18446744073709551615,410,125,1944,1,1,1,1
82,34,5,48,48,216,82,992,1,1,1,1
284,58,5,226,226,513,284,2800,1,1,1,1
54,91,5,18446744073709551615,18446744073709551615,0,0,1224,1,1,1,1
139,67,5,72,72,405,141,1712,1,1,1,1
111,75,5,36,36,407,111,1552,1,1,1,1
156,82,5,74,74,480,157,1968,1,1,1,1
54,56,5,18446744073709551615,18446744073709551615,0,0,944,1,1,1,1
215,50,5,18446744073709551615,18446744073709551615,387,191,2184,1,1,1,1
191,53,5,138,138,400,194,2016,1,1,1,1
90,117,5,18446744073709551615,18446744073709551615,0,0,1720,1,1,1,1
150,84,5,66,66,483,150,1936,1,1,1,1
276,88,5,188,188,625,276,2976,1,1,1,1
125,123,5,2,2,614,125,2048,1,1,1,1
91,36,5,18446744073709551615,18446744073709551615,215,74,1080,1,1,1,1
45,41,5,4,4,206,45,752,1,1,1,1
243,116,5,18446744073709551615,18446744073709551615,645,186,2936,1,1,1,1
260,46,5,214,214,440,260,2512,1,1,1,1
145,79,5,66,66,458,145,1856,1,1,1,1
208,72,5,136,136,493,209,2304,1,1,1,1
81,98,5,18446744073709551615,18446744073709551615,0,0,1496,1,1,1,1
57,50,5,18446744073709551615,18446744073709551615,228,33,920,1,1,1,1
199,44,5,18446744073709551615,18446744073709551615,350,178,2008,1,1,1,1
132,53,5,18446744073709551615,18446744073709551615,315,106,1544,1,1,1,1
32,64,5,18446744073709551615,18446744073709551615,0,0,832,1,1,1,1
260,87,5,18446744073709551615,18446744073709551615,563,217,2840,1,1,1,1
33,83,5,18446744073709551615,18446744073709551615,0,0,992,1,1,1,1
83,54,5,18446744073709551615,18446744073709551615,268,57,1160,1,1,1,1
148,122,5,26,26,632,148,2224,1,1,1,1
150,77,5,18446744073709551615,18446744073709551615,419,113,1880,1,1,1,1
266,52,5,214,214,471,267,2608,1,1,1,1
219,57,5,162,162,444,219,2272,1,1,1,1
111,92,5,18446744073709551615,18446744073709551615,432,66,1688,1,1,1,1
169,48,5,18446744073709551615,18446744073709551615,289,147,1800,1,1,1,1
79,40,5,18446744073709551615,18446744073709551615,217,60,1016,1,1,1,1
282,87,5,18446744073709551615,18446744073709551615,584,239,3016,1,1,1,1
131,57,5,74,74,356,132,1568,1,1,1,1
164,111,5,18446744073709551615,18446744073709551615,551,109,2264,1,1,1,1
168,48,5,120,120,357,168,1792,1,1,1,1
53,55,5,18446744073709551615,18446744073709551615,0,0,928,1,1,1,1
275,32,5,18446744073709551615,18446744073709551615,383,260,2520,1,1,1,1
95,120,5,18446744073709551615,18446744073709551615,0,0,1784,1,1,1,1
101,88,5,18446744073709551615,18446744073709551615,406,58,1576,1,1,1,1
219,72,5,18446744073709551615,18446744073709551615,468,184,2392,1,1,1,1
187,115,5,72,72,644,187,2480,1,1,1,1
162,61,5,18446744073709551615,18446744073709551615,363,132,1848,1,1,1,1
177,62,5,18446744073709551615,18446744073709551615,389,147,1976,1,1,1,1
170,118,5,52,52,639,170,2368,1,1,1,1
173,64,5,18446744073709551615,18446744073709551615,394,143,1960,1,1,1,1
118,110,5,8,8,555,118,1888,1,1,1,1
209,96,5,18446744073709551615,18446744073709551615,542,162,2504,1,1,1,1
135,95,5,40,40,512,135,1904,1,1,1,1
70,53,5,18446744073709551615,18446744073709551615,253,44,1048,1,1,1,1
164,33,5,18446744073709551615,18446744073709551615,277,148,1640,1,1,1,1
216,52,5,164,164,422,217,2208,1,1,1,1
184,38,5,146,146,331,185,1840,1,1,1,1
115,61,5,54,54,356,115,1472,1,1,1,1
173,75,5,98,98,470,174,2048,1,1,1,1
88,87,5,18446744073709551615,18446744073709551615,390,45,1464,1,1,1,1
240,47,5,18446744073709551615,18446744073709551615,403,218,2360,1,1,1,1
172,32,5,140,140,298,173,1696,1,1,1,1
251,49,5,202,202,444,252,2464,1,1,1,1
185,40,5,18446744073709551615,18446744073709551615,322,170,1864,1,1,1,1
100,55,5,18446744073709551615,18446744073709551615,290,73,1304,1,1,1,1
216,62,5,154,154,461,216,2288,1,1,1,1
255,117,5,138,138,719,255,3040,1,1,1,1
200,74,5,126,126,492,203,2256,1,1,1,1
139,87,5,52,52,484,139,1872,1,1,1,1
49,37,5,12,12,194,49,752,1,1,1,1
89,124,5,18446744073709551615,18446744073709551615,0,0,1768,1,1,1,1
126,46,5,80,80,307,126,1440,1,1,1,1
32,120,5,18446744073709551615,18446744073709551615,0,0,1280,1,1,1,1
234,43,5,18446744073709551615,18446744073709551615,375,213,2280,1,1,1,1
167,51,5,116,116,369,167,1808,1,1,1,1
235,68,5,18446744073709551615,18446744073709551615,470,204,2488,1,1,1,1
144,80,5,64,64,460,144,1856,1,1,1,1
46,35,5,18446744073709551615,18446744073709551615,166,29,712,1,1,1,1
150,53,5,18446744073709551615,18446744073709551615,333,124,1688,1,1,1,1
56,50,5,6,6,253,57,912,1,1,1,1
230,100,5,130,130,625,230,2704,1,1,1,1
283,80,5,18446744073709551615,18446744073709551615,523,245,2968,1,1,1,1
211,92,5,18446744073709551615,18446744073709551615,517,166,2488,1,1,1,1
95,96,5,18446744073709551615,18446744073709551615,0,0,1592,1,1,1,1
176,56,5,120,120,397,176,1920,1,1,1,1
159,127,5,32,32,663,159,2352,1,1,1,1
33,43,5,18446744073709551615,18446744073709551615,0,0,672,1,1,1,1
43,45,5,18446744073709551615,18446744073709551615,0,0,768,1,1,1,1
258,83,5,18446744073709551615,18446744073709551615,546,217,2792,1,1,1,1
72,37,5,18446744073709551615,18446744073709551615,199,54,936,1,1,1,1
159,37,5,122,122,302,160,1632,1,1,1,1
64,89,5,18446744073709551615,18446744073709551615,0,0,1288,1,1,1,1
139,66,5,18446744073709551615,18446744073709551615,342,108,1704,1,1,1,1
93,119,5,18446744073709551615,18446744073709551615,0,0,1760,1,1,1,1
95,114,5,18446744073709551615,18446744073709551615,0,0,1736,1,1,1,1
212,113,5,18446744073709551615,18446744073709551615,605,157,2664,1,1,1,1
100,81,5,18446744073709551615,18446744073709551615,381,60,1512,1,1,1,1
35,63,5,18446744073709551615,18446744073709551615,0,0,848,1,1,1,1
121,74,5,18446744073709551615,18446744073709551615,377,86,1624,1,1,1,1
88,50,5,38,38,285,89,1168,1,1,1,1
104,88,5,16,16,453,104,1600,1,1,1,1
139,44,5,18446744073709551615,18446744073709551615,290,119,1528,1,1,1,1
166,63,5,18446744073709551615,18446744073709551615,384,135,1896,1,1,1,1
81,50,5,18446744073709551615,18446744073709551615,252,57,1112,1,1,1,1
51,67,5,18446744073709551615,18446744073709551615,0,0,1008,1,1,1,1
213,119,5,94,94,686,213,2720,1,1,1,1
243,93,5,150,150,611,244,2752,1,1,1,1
136,81,5,18446744073709551615,18446744073709551615,418,96,1800,1,1,1,1
124,72,5,52,52,409,124,1632,1,1,1,1
279,41,5,238,238,441,281,2624,1,1,1,1
266,88,5,178,178,615,267,2896,1,1,1,1
147,49,5,98,98,339,147,1632,1,1,1,1
205,118,5,18446744073709551615,18446744073709551615,615,148,2648,1,1,1,1
90,48,5,42,42,279,90,1168,1,1,1,1
39,90,5,18446744073709551615,18446744073709551615,0,0,1096,1,1,1,1
253,117,5,136,136,718,253,3024,1,1,1,1
223,102,5,18446744073709551615,18446744073709551615,531,174,2664,1,1,1,1
47,114,5,18446744073709551615,18446744073709551615,0,0,1352,1,1,1,1
97,100,5,18446744073709551615,18446744073709551615,0,0,1640,1,1,1,1
60,116,5,18446744073709551615,18446744073709551615,0,0,1472,1,1,1,1
169,76,5,18446744073709551615,18446744073709551615,432,134,2024,1,1,1,1
212,123,5,18446744073709551615,18446744073709551615,640,151,2744,1,1,1,1
158,93,5,18446744073709551615,18446744073709551615,481,112,2072,1,1,1,1
83,127,5,18446744073709551615,18446744073709551615,0,0,1744,1,1,1,1
119,37,5,82,82,264,119,1312,1,1,1,1
73,110,5,18446744073709551615,18446744073709551615,0,0,1528,1,1,1,1
137,86,5,18446744073709551615,18446744073709551615,436,95,1848,1,1,1,1
34,121,5,18446744073709551615,18446744073709551615,0,0,1304,1,1,1,1
106,92,5,14,14,470,106,1648,1,1,1,1
114,71,5,18446744073709551615,18446744073709551615,361,79,1544,1,1,1,1
209,75,5,134,134,506,209,2336,1,1,1,1
130,68,5,62,62,399,130,1648,1,1,1,1
135,78,5,18446744073709551615,18446744073709551615,405,97,1768,1,1,1,1
129,60,5,18446744073709551615,18446744073709551615,336,101,1576,1,1,1,1
145,92,5,18446744073709551615,18446744073709551615,463,100,1960,1,1,1,1
193,82,5,18446744073709551615,18446744073709551615,476,153,2264,1,1,1,1
91,68,5,18446744073709551615,18446744073709551615,326,58,1336,1,1,1,1
75,56,5,18446744073709551615,18446744073709551615,266,48,1112,1,1,1,1
89,45,5,44,44,265,89,1136,1,1,1,1
152,101,5,18446744073709551615,18446744073709551615,482,102,2088,1,1,1,1
111,83,5,28,28,439,111,1616,1,1,1,1
245,63,5,182,182,494,245,2528,1,1,1,1
155,38,5,18446744073709551615,18446744073709551615,285,137,1608,1,1,1,1
133,58,5,18446744073709551615,18446744073709551615,309,106,1592,1,1,1,1
49,62,5,18446744073709551615,18446744073709551615,0,0,952,1,1,1,1
234,80,5,154,154,552,234,2576,1,1,1,1
52,64,5,18446744073709551615,18446744073709551615,0,0,992,1,1,1,1
282,98,5,184,184,672,282,3104,1,1,1,1
273,63,5,210,210,522,273,2752,1,1,1,1
237,71,5,166,166,518,238,2528,1,1,1,1
139,127,5,12,12,644,140,2192,1,1,1,1
127,94,5,18446744073709551615,18446744073709551615,453,81,1832,1,1,1,1
156,67,5,18446744073709551615,18446744073709551615,387,123,1848,1,1,1,1
268,63,5,18446744073709551615,18446744073709551615,485,238,2712,1,1,1,1
249,63,5,186,186,498,250,2560,1,1,1,1
38,60,5,18446744073709551615,18446744073709551615,0,0,848,1,1,1,1
78,101,5,18446744073709551615,18446744073709551615,0,0,1496,1,1,1,1
277,77,5,200,200,582,277,2896,1,1,1,1
273,84,5,18446744073709551615,18446744073709551615,564,233,2920,1,1,1,1
112,115,5,18446744073709551615,18446744073709551615,0,0,1880,1,1,1,1
162,98,5,64,64,552,164,2144,1,1,1,1
68,66,5,2,2,328,68,1136,1,1,1,1
60,125,5,18446744073709551615,18446744073709551615,0,0,1544,1,1,1,1
117,88,5,18446744073709551615,18446744073709551615,422,74,1704,1,1,1,1
49,127,5,18446744073709551615,18446744073709551615,0,0,1472,1,1,1,1
241,118,5,18446744073709551615,18446744073709551615,637,183,2936,1,1,1,1
246,53,5,18446744073709551615,18446744073709551615,429,220,2456,1,1,1,1
87,54,5,18446744073709551615,18446744073709551615,248,61,1192,1,1,1,1
74,76,5,18446744073709551615,18446744073709551615,0,0,1264,1,1,1,1
114,62,5,52,52,359,114,1472,1,1,1,1
219,78,5,18446744073709551615,18446744073709551615,489,181,2440,1,1,1,1
134,52,5,82,82,338,134,1552,1,1,1,1
233,88,5,18446744073709551615,18446744073709551615,539,190,2632,1,1,1,1
197,82,5,18446744073709551615,18446744073709551615,481,157,2296,1,1,1,1
139,119,5,20,20,613,139,2128,1,1,1,1
127,111,5,16,16,571,127,1968,1,1,1,1
250,55,5,18446744073709551615,18446744073709551615,440,224,2504,1,1,1,1
54,73,5,18446744073709551615,18446744073709551615,0,0,1080,1,1,1,1
77,56,5,18446744073709551615,18446744073709551615,257,50,1128,1,1,1,1
223,57,5,166,166,448,223,2304,1,1,1,1
111,113,5,18446744073709551615,18446744073709551615,0,0,1856,1,1,1,1
223,107,5,116,116,647,224,2704,1,1,1,1
114,72,5,42,42,399,114,1552,1,1,1,1
253,81,5,172,172,574,253,2736,1,1,1,1
183,81,5,102,102,503,183,2176,1,1,1,1
105,49,5,56,56,297,105,1296,1,1,1,1
198,58,5,140,140,428,198,2112,1,1,1,1
279,40,5,18446744073709551615,18446744073709551615,416,262,2616,1,1,1,1
119,60,5,18446744073709551615,18446744073709551615,326,90,1496,1,1,1,1
177,59,5,118,118,409,178,1952,1,1,1,1
213,63,5,150,150,460,213,2272,1,1,1,1
33,80,5,18446744073709551615,18446744073709551615,0,0,968,1,1,1,1
64,99,5,18446744073709551615,18446744073709551615,0,0,1368,1,1,1,1
136,50,5,86,86,333,136,1552,1,1,1,1
282,88,5,194,194,633,284,3024,1,1,1,1
204,81,5,18446744073709551615,18446744073709551615,486,165,2344,1,1,1,1
237,96,5,18446744073709551615,18446744073709551615,556,190,2728,1,1,1,1
257,67,5,190,190,521,257,2656,1,1,1,1
261,74,5,18446744073709551615,18446744073709551615,517,226,2744,1,1,1,1
246,56,5,190,190,467,246,2480,1,1,1,1
193,114,5,18446744073709551615,18446744073709551615,589,138,2520,1,1,1,1
278,55,5,18446744073709551615,18446744073709551615,468,252,2728,1,1,1,1
112,114,5,18446744073709551615,18446744073709551615,0,0,1872,1,1,1,1
278,104,5,174,174,690,278,3120,1,1,1,1
256,41,5,18446744073709551615,18446744073709551615,397,237,2440,1,1,1,1
71,33,5,38,38,200,72,896,1,1,1,1
