round,pair,order,variant,job,wall_seconds,user_seconds,system_seconds,peak_rss_bytes,cycles,instructions,branches,branch_misses,cache_references,cache_misses,arena_calls,arena_bytes,output_bytes,source_bytes,source_lines,source_functions,output_sha256,minor_faults,major_faults,voluntary_context_switches,involuntary_context_switches
0,0,0,1,1,0.016585956000199076,0.011892999999999999,0.0043219999999999995,51900416,NA,NA,NA,NA,NA,NA,NA,NA,2056,136,5,1,6b21b079ef6f8f7f055926600e53b906dd7be041e021dd2791b7aa8c55e24585,552,0,1,6
0,0,1,0,1,0.0182008979973034,0.013960999999999999,0.0039769999999999996,51707904,NA,NA,NA,NA,NA,NA,NA,NA,2056,136,5,1,6b21b079ef6f8f7f055926600e53b906dd7be041e021dd2791b7aa8c55e24585,1001,0,1,0
0,0,0,1,11,0.028057281000656076,0.021624999999999998,0.006117,53825536,NA,NA,NA,NA,NA,NA,NA,NA,14928,5066,257,64,9655be68483f45304d566dfb3dc63ba1458a5653029061a6b60617464768d366,998,0,1,1
0,0,1,0,11,0.025270553000154905,0.020912,0.0039889999999999995,53915648,NA,NA,NA,NA,NA,NA,NA,NA,14928,5066,257,64,9655be68483f45304d566dfb3dc63ba1458a5653029061a6b60617464768d366,1002,0,1,1
0,0,0,0,21,0.053585159999784082,0.043263999999999997,0.0090469999999999995,81453056,NA,NA,NA,NA,NA,NA,NA,NA,277920,89118,2402,8,089ec4ce05f5e4d43e3e352375117ee462b31249b272f87015d01ad0429bd7f9,574,0,1,2
0,0,1,1,21,0.045593922997795744,0.031514,0.012780999999999999,81457152,NA,NA,NA,NA,NA,NA,NA,NA,277920,89118,2402,8,089ec4ce05f5e4d43e3e352375117ee462b31249b272f87015d01ad0429bd7f9,570,0,1,6
0,0,0,0,6,0.026019267999799922,0.019792000000000001,0.0059229999999999994,53714944,NA,NA,NA,NA,NA,NA,NA,NA,17504,6529,133,1,5e7e7625c8b52e7a71d9370c6c8ab5025ac2b81f4970efe917952ec17c538f1c,1001,0,1,0
0,0,1,1,6,0.023784091998095391,0.012770999999999999,0.010694,53850112,NA,NA,NA,NA,NA,NA,NA,NA,17504,6529,133,1,5e7e7625c8b52e7a71d9370c6c8ab5025ac2b81f4970efe917952ec17c538f1c,1026,0,1,1
0,0,0,1,0,0.029013737999775913,0.021877000000000001,0.0059549999999999994,51671040,NA,NA,NA,NA,NA,NA,NA,NA,2008,136,5,1,a8c1633e798ef980493443e67e6fdb6eada42f775edf7051d304d09c3ddadf5a,998,0,1,5
0,0,1,0,0,0.073215635999076767,0.060211000000000001,0.0088629999999999994,51781632,NA,NA,NA,NA,NA,NA,NA,NA,2008,136,5,1,a8c1633e798ef980493443e67e6fdb6eada42f775edf7051d304d09c3ddadf5a,553,0,1,26
0,0,0,1,9,0.01946011899781297,0.014988999999999999,0.0039750000000000002,53817344,NA,NA,NA,NA,NA,NA,NA,NA,20048,5066,257,64,d8d78f7bb977c6f730c6b5cdfaa88bed294d141a9777385856f783cc112e0874,999,0,1,5
0,0,1,0,9,0.024955341999884695,0.017645999999999998,0.0068599999999999998,53829632,NA,NA,NA,NA,NA,NA,NA,NA,20048,5066,257,64,d8d78f7bb977c6f730c6b5cdfaa88bed294d141a9777385856f783cc112e0874,1005,0,1,3
0,0,0,0,10,0.019396464998862939,0.013236999999999999,0.0056470000000000001,53846016,NA,NA,NA,NA,NA,NA,NA,NA,14928,5066,257,64,9655be68483f45304d566dfb3dc63ba1458a5653029061a6b60617464768d366,1003,0,1,5
0,0,1,1,10,0.023498009002651088,0.014985,0.0080070000000000002,53825536,NA,NA,NA,NA,NA,NA,NA,NA,14928,5066,257,64,9655be68483f45304d566dfb3dc63ba1458a5653029061a6b60617464768d366,1003,0,1,11
0,0,0,0,4,0.028467277999880025,0.020827999999999999,0.0069210000000000001,53686272,NA,NA,NA,NA,NA,NA,NA,NA,22160,6529,133,1,3ac5102c6f2bc513eb86f2343729d5f51295afd9e738a690903fa32334fb4c28,1002,0,1,4
0,0,1,1,4,0.020827837000979343,0.015231,0.0050850000000000001,53817344,NA,NA,NA,NA,NA,NA,NA,NA,22160,6529,133,1,3ac5102c6f2bc513eb86f2343729d5f51295afd9e738a690903fa32334fb4c28,1028,0,1,4
0,0,0,0,5,0.024930097002652474,0.015578999999999999,0.0067949999999999998,53772288,NA,NA,NA,NA,NA,NA,NA,NA,25888,6529,133,1,6cbbbbf695d9298d218c01af658d12c9a04646e608628360a5a03df9e71e6d9c,1003,0,1,13
0,0,1,1,5,0.036296578997280449,0.027184,0.0080319999999999992,54095872,NA,NA,NA,NA,NA,NA,NA,NA,25888,6529,133,1,6cbbbbf695d9298d218c01af658d12c9a04646e608628360a5a03df9e71e6d9c,553,0,1,10
0,0,0,0,16,0.032324725998478243,0.022509999999999999,0.0087739999999999988,64315392,NA,NA,NA,NA,NA,NA,NA,NA,136888,29499,417,8,af3bdbbd0003d101664215b713d407f2160931601787a4fad2f046110caa3e72,1005,0,1,10
0,0,1,1,16,0.02743172299960861,0.020694999999999998,0.0059429999999999995,64430080,NA,NA,NA,NA,NA,NA,NA,NA,136888,29499,417,8,af3bdbbd0003d101664215b713d407f2160931601787a4fad2f046110caa3e72,1008,0,1,9
0,0,0,0,2,0.018153304001316428,0.012751,0.0048960000000000002,51785728,NA,NA,NA,NA,NA,NA,NA,NA,2008,136,5,1,8210b4f6eac12a20575e673437437e82cfff653da437ea17992a3aed56a99207,998,0,1,7
0,0,1,1,2,0.01792116700016777,0.014027,0.0032239999999999999,51470336,NA,NA,NA,NA,NA,NA,NA,NA,2008,136,5,1,8210b4f6eac12a20575e673437437e82cfff653da437ea17992a3aed56a99207,994,0,1,7
0,0,0,0,12,0.021164248002605746,0.015692999999999999,0.0048869999999999999,56152064,NA,NA,NA,NA,NA,NA,NA,NA,40904,35142,517,1,5c836afd34e5659fc140fff27358a40506e741bf81aa02c58678151e3747eac9,564,0,1,7
0,0,1,1,12,0.021256021998851793,0.015723000000000001,0.0049109999999999996,56127488,NA,NA,NA,NA,NA,NA,NA,NA,40904,35142,517,1,5c836afd34e5659fc140fff27358a40506e741bf81aa02c58678151e3747eac9,561,0,1,7
0,0,0,1,3,0.017887208003230626,0.012277,0.0047159999999999997,51826688,NA,NA,NA,NA,NA,NA,NA,NA,2008,136,5,1,8210b4f6eac12a20575e673437437e82cfff653da437ea17992a3aed56a99207,556,0,1,5
0,0,1,0,3,0.02698681399851921,0.020181999999999999,0.0060359999999999997,51904512,NA,NA,NA,NA,NA,NA,NA,NA,2008,136,5,1,8210b4f6eac12a20575e673437437e82cfff653da437ea17992a3aed56a99207,563,0,2,0
0,0,0,1,20,0.070303033997333841,0.056749000000000001,0.012950999999999999,81485824,NA,NA,NA,NA,NA,NA,NA,NA,220064,89118,2402,8,9bed9a0bde0e198846d4983ba78bcd51e5e45d614941dd9bc544c1667832b5ea,574,0,1,0
0,0,1,0,20,0.04715820500132395,0.034439999999999998,0.0095440000000000004,81289216,NA,NA,NA,NA,NA,NA,NA,NA,220064,89118,2402,8,9bed9a0bde0e198846d4983ba78bcd51e5e45d614941dd9bc544c1667832b5ea,1017,0,1,21
0,0,0,0,15,0.022033020002709236,0.016407999999999999,0.0051199999999999996,55906304,NA,NA,NA,NA,NA,NA,NA,NA,32824,35142,517,1,5a24ee2382083ee5d5eb9b364e57818da3678644deec6a705c5878fcd40e5876,1006,0,1,3
0,0,1,1,15,0.025759393000043929,0.018456999999999998,0.0067779999999999993,56000512,NA,NA,NA,NA,NA,NA,NA,NA,32824,35142,517,1,5a24ee2382083ee5d5eb9b364e57818da3678644deec6a705c5878fcd40e5876,999,0,1,3
0,0,0,0,17,0.024478136998368427,0.019015000000000001,0.0050039999999999998,64380928,NA,NA,NA,NA,NA,NA,NA,NA,127800,29499,417,8,cf7b13a857f01f4a14779c4cf8ec5e795ca6dd011a53f4345643bcaf3709f18a,1043,0,1,5
0,0,1,1,17,0.02498860999912722,0.017621999999999999,0.006829,64462848,NA,NA,NA,NA,NA,NA,NA,NA,127800,29499,417,8,cf7b13a857f01f4a14779c4cf8ec5e795ca6dd011a53f4345643bcaf3709f18a,1007,0,1,6
0,0,0,0,8,0.021925775999989128,0.016496999999999998,0.004921,53645312,NA,NA,NA,NA,NA,NA,NA,NA,13904,5066,257,64,f70f03940df99c8ce0b0b02082129e05360030bd32e6edc5877c0f69a31bb0a4,999,0,1,0
0,0,1,1,8,0.029451954000251135,0.020046999999999999,0.00728,54104064,NA,NA,NA,NA,NA,NA,NA,NA,13904,5066,257,64,f70f03940df99c8ce0b0b02082129e05360030bd32e6edc5877c0f69a31bb0a4,558,0,1,12
0,0,0,0,7,0.033948912998312153,0.023379999999999998,0.009724,53657600,NA,NA,NA,NA,NA,NA,NA,NA,17504,6529,133,1,5e7e7625c8b52e7a71d9370c6c8ab5025ac2b81f4970efe917952ec17c538f1c,1003,0,1,5
0,0,1,1,7,0.020059255002706777,0.014728,0.0048999999999999998,54169600,NA,NA,NA,NA,NA,NA,NA,NA,17504,6529,133,1,5e7e7625c8b52e7a71d9370c6c8ab5025ac2b81f4970efe917952ec17c538f1c,560,0,1,4
0,0,0,1,18,0.030450918999122223,0.023594999999999998,0.0050989999999999994,64724992,NA,NA,NA,NA,NA,NA,NA,NA,94392,29499,417,8,ec97d55cded7bb1cbf8e12495905cb68073380af6a6370282abb8f233d21e857,566,0,1,11
0,0,1,0,18,0.029274743999849306,0.017621999999999999,0.0097349999999999989,64458752,NA,NA,NA,NA,NA,NA,NA,NA,94392,29499,417,8,ec97d55cded7bb1cbf8e12495905cb68073380af6a6370282abb8f233d21e857,1010,0,1,11
0,0,0,0,22,0.042325824000727152,0.033692,0.00792,81166336,NA,NA,NA,NA,NA,NA,NA,NA,180960,89118,2402,8,46606a158b66af8518456db0739cae64d8d2e5f9a80404e15ddbb91810d3af0d,1022,0,1,6
0,0,1,1,22,0.056309269999474054,0.042620999999999999,0.011838999999999999,80998400,NA,NA,NA,NA,NA,NA,NA,NA,180960,89118,2402,8,46606a158b66af8518456db0739cae64d8d2e5f9a80404e15ddbb91810d3af0d,1011,0,1,16
0,0,0,1,23,0.050276773003133712,0.039085000000000002,0.0096139999999999993,81293312,NA,NA,NA,NA,NA,NA,NA,NA,180960,89118,2402,8,46606a158b66af8518456db0739cae64d8d2e5f9a80404e15ddbb91810d3af0d,1017,0,1,7
0,0,1,0,23,0.032935929997620406,0.026231999999999998,0.0058109999999999993,81211392,NA,NA,NA,NA,NA,NA,NA,NA,180960,89118,2402,8,46606a158b66af8518456db0739cae64d8d2e5f9a80404e15ddbb91810d3af0d,1021,0,1,1
0,0,0,0,19,0.023101618997316109,0.017464999999999998,0.0049129999999999998,64757760,NA,NA,NA,NA,NA,NA,NA,NA,94392,29499,417,8,ec97d55cded7bb1cbf8e12495905cb68073380af6a6370282abb8f233d21e857,567,0,1,1
0,0,1,1,19,0.023110725000151433,0.015826,0.0069099999999999995,64430080,NA,NA,NA,NA,NA,NA,NA,NA,94392,29499,417,8,ec97d55cded7bb1cbf8e12495905cb68073380af6a6370282abb8f233d21e857,1010,0,1,2
0,0,0,1,13,0.019844566999381641,0.015387999999999999,0.0040959999999999998,55980032,NA,NA,NA,NA,NA,NA,NA,NA,41016,35142,517,1,662bf8c3f785828e59b2e955c5f9255272bd2640c5dd7e9c2804e24f24350bdf,1001,0,1,4
0,0,1,0,13,0.020725152000522939,0.014601999999999999,0.0058199999999999997,55926784,NA,NA,NA,NA,NA,NA,NA,NA,41016,35142,517,1,662bf8c3f785828e59b2e955c5f9255272bd2640c5dd7e9c2804e24f24350bdf,1000,0,1,0
0,0,0,1,14,0.033256364000408212,0.023729999999999998,0.0089109999999999988,55861248,NA,NA,NA,NA,NA,NA,NA,NA,32824,35142,517,1,5a24ee2382083ee5d5eb9b364e57818da3678644deec6a705c5878fcd40e5876,1005,0,1,3
0,0,1,0,14,0.031087444000149844,0.019768999999999998,0.010827999999999999,56098816,NA,NA,NA,NA,NA,NA,NA,NA,32824,35142,517,1,5a24ee2382083ee5d5eb9b364e57818da3678644deec6a705c5878fcd40e5876,1006,0,1,1
0,1,0,1,17,0.039263013000891078,0.029789999999999997,0.0088690000000000001,64286720,NA,NA,NA,NA,NA,NA,NA,NA,127800,29499,417,8,cf7b13a857f01f4a14779c4cf8ec5e795ca6dd011a53f4345643bcaf3709f18a,1004,0,1,4
0,1,1,0,17,0.030653422996692825,0.019057999999999999,0.010954,64372736,NA,NA,NA,NA,NA,NA,NA,NA,127800,29499,417,8,cf7b13a857f01f4a14779c4cf8ec5e795ca6dd011a53f4345643bcaf3709f18a,566,0,1,8
0,1,0,0,0,0.018850584001484094,0.013595999999999999,0.0048079999999999998,51994624,NA,NA,NA,NA,NA,NA,NA,NA,2008,136,5,1,a8c1633e798ef980493443e67e6fdb6eada42f775edf7051d304d09c3ddadf5a,1047,0,1,6
0,1,1,1,0,0.021821006001118803,0.015479,0.0057419999999999997,51765248,NA,NA,NA,NA,NA,NA,NA,NA,2008,136,5,1,a8c1633e798ef980493443e67e6fdb6eada42f775edf7051d304d09c3ddadf5a,1014,0,1,8
0,1,0,1,10,0.037115423001523595,0.028107,0.0067819999999999998,53755904,NA,NA,NA,NA,NA,NA,NA,NA,14928,5066,257,64,9655be68483f45304d566dfb3dc63ba1458a5653029061a6b60617464768d366,1004,0,1,10
0,1,1,0,10,0.031774920000316342,0.022484999999999998,0.0087840000000000001,54153216,NA,NA,NA,NA,NA,NA,NA,NA,14928,5066,257,64,9655be68483f45304d566dfb3dc63ba1458a5653029061a6b60617464768d366,564,0,1,0
0,1,0,1,8,0.019218399000237696,0.016936,0.0019979999999999998,53772288,NA,NA,NA,NA,NA,NA,NA,NA,13904,5066,257,64,f70f03940df99c8ce0b0b02082129e05360030bd32e6edc5877c0f69a31bb0a4,1000,0,1,1
0,1,1,0,8,0.027540013001271291,0.018896,0.0078390000000000005,53751808,NA,NA,NA,NA,NA,NA,NA,NA,13904,5066,257,64,f70f03940df99c8ce0b0b02082129e05360030bd32e6edc5877c0f69a31bb0a4,1002,0,1,0
0,1,0,0,9,0.037005479000072228,0.026270999999999999,0.0097539999999999988,53788672,NA,NA,NA,NA,NA,NA,NA,NA,20048,5066,257,64,d8d78f7bb977c6f730c6b5cdfaa88bed294d141a9777385856f783cc112e0874,1003,0,1,5
0,1,1,1,9,0.037404892002086854,0.027224999999999999,0.0090629999999999999,54009856,NA,NA,NA,NA,NA,NA,NA,NA,20048,5066,257,64,d8d78f7bb977c6f730c6b5cdfaa88bed294d141a9777385856f783cc112e0874,1025,0,1,3
0,1,0,0,18,0.047957071001292206,0.033321999999999997,0.011079,64401408,NA,NA,NA,NA,NA,NA,NA,NA,94392,29499,417,8,ec97d55cded7bb1cbf8e12495905cb68073380af6a6370282abb8f233d21e857,1010,0,1,20
0,1,1,1,18,0.027454816001409199,0.022438,0.0030490000000000001,64806912,NA,NA,NA,NA,NA,NA,NA,NA,94392,29499,417,8,ec97d55cded7bb1cbf8e12495905cb68073380af6a6370282abb8f233d21e857,567,0,1,13
0,1,0,0,11,0.019366499000170734,0.013493999999999999,0.0047949999999999998,54022144,NA,NA,NA,NA,NA,NA,NA,NA,14928,5066,257,64,9655be68483f45304d566dfb3dc63ba1458a5653029061a6b60617464768d366,561,0,1,5
0,1,1,1,11,0.01948064099997282,0.013021999999999999,0.0053969999999999999,53911552,NA,NA,NA,NA,NA,NA,NA,NA,14928,5066,257,64,9655be68483f45304d566dfb3dc63ba1458a5653029061a6b60617464768d366,997,0,1,7
0,1,0,1,12,0.021307604001776781,0.015592,0.0051809999999999998,55697408,NA,NA,NA,NA,NA,NA,NA,NA,40904,35142,517,1,5c836afd34e5659fc140fff27358a40506e741bf81aa02c58678151e3747eac9,1001,0,1,4
0,1,1,0,12,0.020232326998666395,0.014709,0.0049179999999999996,55869440,NA,NA,NA,NA,NA,NA,NA,NA,40904,35142,517,1,5c836afd34e5659fc140fff27358a40506e741bf81aa02c58678151e3747eac9,1002,0,1,5
0,1,0,1,2,0.017025828001351329,0.013483999999999999,0.0031229999999999999,51699712,NA,NA,NA,NA,NA,NA,NA,NA,2008,136,5,1,8210b4f6eac12a20575e673437437e82cfff653da437ea17992a3aed56a99207,1002,0,1,3
0,1,1,0,2,0.017360847999952966,0.011918,0.0049849999999999998,51687424,NA,NA,NA,NA,NA,NA,NA,NA,2008,136,5,1,8210b4f6eac12a20575e673437437e82cfff653da437ea17992a3aed56a99207,1001,0,1,3
0,1,0,0,20,0.03837285199915641,0.03184,0.0059410000000000001,81473536,NA,NA,NA,NA,NA,NA,NA,NA,220064,89118,2402,8,9bed9a0bde0e198846d4983ba78bcd51e5e45d614941dd9bc544c1667832b5ea,573,0,1,6
0,1,1,1,20,0.0435958269990806,0.035206000000000001,0.0080269999999999994,80891904,NA,NA,NA,NA,NA,NA,NA,NA,220064,89118,2402,8,9bed9a0bde0e198846d4983ba78bcd51e5e45d614941dd9bc544c1667832b5ea,1011,0,1,1
0,1,0,1,15,0.030705638000654289,0.022533999999999998,0.0058820000000000001,56016896,NA,NA,NA,NA,NA,NA,NA,NA,32824,35142,517,1,5a24ee2382083ee5d5eb9b364e57818da3678644deec6a705c5878fcd40e5876,1026,0,1,10
0,1,1,0,15,0.022598018000280717,0.015630999999999999,0.0055179999999999995,56045568,NA,NA,NA,NA,NA,NA,NA,NA,32824,35142,517,1,5a24ee2382083ee5d5eb9b364e57818da3678644deec6a705c5878fcd40e5876,1004,0,1,7
0,1,0,1,6,0.034548927000287222,0.027077999999999998,0.0070069999999999993,53862400,NA,NA,NA,NA,NA,NA,NA,NA,17504,6529,133,1,5e7e7625c8b52e7a71d9370c6c8ab5025ac2b81f4970efe917952ec17c538f1c,1002,0,1,0
0,1,1,0,6,0.028196049999678507,0.022786000000000001,0.0049589999999999999,53923840,NA,NA,NA,NA,NA,NA,NA,NA,17504,6529,133,1,5e7e7625c8b52e7a71d9370c6c8ab5025ac2b81f4970efe917952ec17c538f1c,1006,0,1,2
0,1,0,0,1,0.021823762999702012,0.015630999999999999,0.0058170000000000001,51691520,NA,NA,NA,NA,NA,NA,NA,NA,2056,136,5,1,6b21b079ef6f8f7f055926600e53b906dd7be041e021dd2791b7aa8c55e24585,1003,0,1,0
0,1,1,1,1,0.017048843001248315,0.01269,0.0038919999999999996,52031488,NA,NA,NA,NA,NA,NA,NA,NA,2056,136,5,1,6b21b079ef6f8f7f055926600e53b906dd7be041e021dd2791b7aa8c55e24585,556,0,1,9
0,1,0,0,3,0.017127918999904068,0.011927,0.0049689999999999995,51822592,NA,NA,NA,NA,NA,NA,NA,NA,2008,136,5,1,8210b4f6eac12a20575e673437437e82cfff653da437ea17992a3aed56a99207,999,0,1,0
0,1,1,1,3,0.02196501599973999,0.017738999999999998,0.003947,51855360,NA,NA,NA,NA,NA,NA,NA,NA,2008,136,5,1,8210b4f6eac12a20575e673437437e82cfff653da437ea17992a3aed56a99207,1004,0,1,0
0,1,0,1,21,0.05075508899972192,0.041776000000000001,0.0068059999999999996,80896000,NA,NA,NA,NA,NA,NA,NA,NA,277920,89118,2402,8,089ec4ce05f5e4d43e3e352375117ee462b31249b272f87015d01ad0429bd7f9,1016,0,1,12
0,1,1,0,21,0.048901009999099188,0.040285999999999995,0.0080569999999999999,81510400,NA,NA,NA,NA,NA,NA,NA,NA,277920,89118,2402,8,089ec4ce05f5e4d43e3e352375117ee462b31249b272f87015d01ad0429bd7f9,574,0,1,1
0,1,0,1,16,0.050003740001557162,0.038703999999999995,0.010178,64368640,NA,NA,NA,NA,NA,NA,NA,NA,136888,29499,417,8,af3bdbbd0003d101664215b713d407f2160931601787a4fad2f046110caa3e72,1010,0,1,10
0,1,1,0,16,0.047551081999699818,0.036316000000000001,0.010749,64245760,NA,NA,NA,NA,NA,NA,NA,NA,136888,29499,417,8,af3bdbbd0003d101664215b713d407f2160931601787a4fad2f046110caa3e72,1006,0,1,2
0,1,0,0,13,0.032496970001375303,0.024362999999999999,0.0077839999999999993,55996416,NA,NA,NA,NA,NA,NA,NA,NA,41016,35142,517,1,662bf8c3f785828e59b2e955c5f9255272bd2640c5dd7e9c2804e24f24350bdf,1002,0,1,0
0,1,1,1,13,0.028520200001366902,0.020805999999999998,0.0059309999999999996,56082432,NA,NA,NA,NA,NA,NA,NA,NA,41016,35142,517,1,662bf8c3f785828e59b2e955c5f9255272bd2640c5dd7e9c2804e24f24350bdf,552,0,1,9
0,1,0,0,23,0.051917782002419699,0.043992999999999997,0.0068239999999999993,81596416,NA,NA,NA,NA,NA,NA,NA,NA,180960,89118,2402,8,46606a158b66af8518456db0739cae64d8d2e5f9a80404e15ddbb91810d3af0d,571,0,1,10
0,1,1,1,23,0.056533523002144648,0.044069999999999998,0.011746999999999999,81227776,NA,NA,NA,NA,NA,NA,NA,NA,180960,89118,2402,8,46606a158b66af8518456db0739cae64d8d2e5f9a80404e15ddbb91810d3af0d,1018,0,1,6
0,1,0,0,14,0.021653092000633478,0.017263999999999998,0.0040669999999999994,56365056,NA,NA,NA,NA,NA,NA,NA,NA,32824,35142,517,1,5a24ee2382083ee5d5eb9b364e57818da3678644deec6a705c5878fcd40e5876,560,0,1,2
0,1,1,1,14,0.024253630999737652,0.018671999999999998,0.0049069999999999999,56107008,NA,NA,NA,NA,NA,NA,NA,NA,32824,35142,517,1,5a24ee2382083ee5d5eb9b364e57818da3678644deec6a705c5878fcd40e5876,554,0,1,3
0,1,0,1,7,0.035660671997902682,0.027102999999999999,0.0077359999999999998,53874688,NA,NA,NA,NA,NA,NA,NA,NA,17504,6529,133,1,5e7e7625c8b52e7a71d9370c6c8ab5025ac2b81f4970efe917952ec17c538f1c,556,0,2,9
0,1,1,0,7,0.028355787002510624,0.015997999999999998,0.011894999999999999,53825536,NA,NA,NA,NA,NA,NA,NA,NA,17504,6529,133,1,5e7e7625c8b52e7a71d9370c6c8ab5025ac2b81f4970efe917952ec17c538f1c,1004,0,1,0
0,1,0,1,5,0.027927729999646544,0.020211,0.006692,53616640,NA,NA,NA,NA,NA,NA,NA,NA,25888,6529,133,1,6cbbbbf695d9298d218c01af658d12c9a04646e608628360a5a03df9e71e6d9c,1002,0,1,5
0,1,1,0,5,0.032924389997788239,0.023233999999999998,0.0086899999999999998,54083584,NA,NA,NA,NA,NA,NA,NA,NA,25888,6529,133,1,6cbbbbf695d9298d218c01af658d12c9a04646e608628360a5a03df9e71e6d9c,559,0,1,19
0,1,0,1,4,0.036830193002970191,0.027823999999999998,0.0079509999999999997,53813248,NA,NA,NA,NA,NA,NA,NA,NA,22160,6529,133,1,3ac5102c6f2bc513eb86f2343729d5f51295afd9e738a690903fa32334fb4c28,1002,0,1,8
0,1,1,0,4,0.027435264997620834,0.020853,0.0059549999999999994,53809152,NA,NA,NA,NA,NA,NA,NA,NA,22160,6529,133,1,3ac5102c6f2bc513eb86f2343729d5f51295afd9e738a690903fa32334fb4c28,1002,0,1,5
0,1,0,1,22,0.033040092002920574,0.026391999999999999,0.0058639999999999994,81117184,NA,NA,NA,NA,NA,NA,NA,NA,180960,89118,2402,8,46606a158b66af8518456db0739cae64d8d2e5f9a80404e15ddbb91810d3af0d,1018,0,1,11
0,1,1,0,22,0.037337002002459485,0.028586,0.0078809999999999991,81494016,NA,NA,NA,NA,NA,NA,NA,NA,180960,89118,2402,8,46606a158b66af8518456db0739cae64d8d2e5f9a80404e15ddbb91810d3af0d,578,0,1,23
0,1,0,1,19,0.024921323001763085,0.018644999999999998,0.005855,64270336,NA,NA,NA,NA,NA,NA,NA,NA,94392,29499,417,8,ec97d55cded7bb1cbf8e12495905cb68073380af6a6370282abb8f233d21e857,1007,0,1,5
0,1,1,0,19,0.033583730000827927,0.023018999999999998,0.0085979999999999997,64507904,NA,NA,NA,NA,NA,NA,NA,NA,94392,29499,417,8,ec97d55cded7bb1cbf8e12495905cb68073380af6a6370282abb8f233d21e857,1011,0,1,10
0,2,0,1,17,0.047000282000226434,0.036382999999999999,0.0098169999999999993,64512000,NA,NA,NA,NA,NA,NA,NA,NA,127800,29499,417,8,cf7b13a857f01f4a14779c4cf8ec5e795ca6dd011a53f4345643bcaf3709f18a,1009,0,1,7
0,2,1,0,17,0.031249457999365404,0.020857999999999998,0.0099179999999999997,64356352,NA,NA,NA,NA,NA,NA,NA,NA,127800,29499,417,8,cf7b13a857f01f4a14779c4cf8ec5e795ca6dd011a53f4345643bcaf3709f18a,1010,0,1,0
0,2,0,1,10,0.025223202999768546,0.019902,0.0049509999999999997,54124544,NA,NA,NA,NA,NA,NA,NA,NA,14928,5066,257,64,9655be68483f45304d566dfb3dc63ba1458a5653029061a6b60617464768d366,554,0,1,0
0,2,1,0,10,0.029532442000345327,0.021183999999999998,0.0069909999999999998,54018048,NA,NA,NA,NA,NA,NA,NA,NA,14928,5066,257,64,9655be68483f45304d566dfb3dc63ba1458a5653029061a6b60617464768d366,559,0,1,9
0,2,0,1,21,0.049458449000667315,0.039376999999999995,0.0088620000000000001,81547264,NA,NA,NA,NA,NA,NA,NA,NA,277920,89118,2402,8,089ec4ce05f5e4d43e3e352375117ee462b31249b272f87015d01ad0429bd7f9,569,0,1,26
0,2,1,0,21,0.032672544999513775,0.022926999999999999,0.0090959999999999999,81133568,NA,NA,NA,NA,NA,NA,NA,NA,277920,89118,2402,8,089ec4ce05f5e4d43e3e352375117ee462b31249b272f87015d01ad0429bd7f9,1015,0,1,10
0,2,0,1,6,0.019052659998124,0.012803,0.0058859999999999997,53690368,NA,NA,NA,NA,NA,NA,NA,NA,17504,6529,133,1,5e7e7625c8b52e7a71d9370c6c8ab5025ac2b81f4970efe917952ec17c538f1c,998,0,1,0
0,2,1,0,6,0.02265175799766439,0.017755,0.0039680000000000002,53895168,NA,NA,NA,NA,NA,NA,NA,NA,17504,6529,133,1,5e7e7625c8b52e7a71d9370c6c8ab5025ac2b81f4970efe917952ec17c538f1c,1005,0,1,6
0,2,0,0,12,0.028120259998104302,0.021307,0.0061119999999999994,55967744,NA,NA,NA,NA,NA,NA,NA,NA,40904,35142,517,1,5c836afd34e5659fc140fff27358a40506e741bf81aa02c58678151e3747eac9,1004,0,1,3
0,2,1,1,12,0.020752360000187764,0.013411999999999999,0.0066839999999999998,55828480,NA,NA,NA,NA,NA,NA,NA,NA,40904,35142,517,1,5c836afd34e5659fc140fff27358a40506e741bf81aa02c58678151e3747eac9,1005,0,1,6
0,2,0,0,8,0.019784107000305085,0.013424,0.0057939999999999997,53817344,NA,NA,NA,NA,NA,NA,NA,NA,13904,5066,257,64,f70f03940df99c8ce0b0b02082129e05360030bd32e6edc5877c0f69a31bb0a4,1004,0,1,7
0,2,1,1,8,0.019077393000770826,0.012596999999999999,0.0058839999999999995,54079488,NA,NA,NA,NA,NA,NA,NA,NA,13904,5066,257,64,f70f03940df99c8ce0b0b02082129e05360030bd32e6edc5877c0f69a31bb0a4,558,0,1,0
0,2,0,1,22,0.031617690998245962,0.020749999999999998,0.0082649999999999998,81575936,NA,NA,NA,NA,NA,NA,NA,NA,180960,89118,2402,8,46606a158b66af8518456db0739cae64d8d2e5f9a80404e15ddbb91810d3af0d,568,0,1,14
0,2,1,0,22,0.031645205002860166,0.023181999999999998,0.006764,81178624,NA,NA,NA,NA,NA,NA,NA,NA,180960,89118,2402,8,46606a158b66af8518456db0739cae64d8d2e5f9a80404e15ddbb91810d3af0d,1016,0,1,10
0,2,0,1,0,0.020199388000037288,0.013538,0.0052119999999999996,51945472,NA,NA,NA,NA,NA,NA,NA,NA,2008,136,5,1,a8c1633e798ef980493443e67e6fdb6eada42f775edf7051d304d09c3ddadf5a,560,0,1,8
0,2,1,0,0,0.018858991999877617,0.011915,0.0059569999999999996,51601408,NA,NA,NA,NA,NA,NA,NA,NA,2008,136,5,1,a8c1633e798ef980493443e67e6fdb6eada42f775edf7051d304d09c3ddadf5a,1011,0,2,6
0,2,0,0,9,0.019180063998646801,0.015085999999999999,0.003026,53751808,NA,NA,NA,NA,NA,NA,NA,NA,20048,5066,257,64,d8d78f7bb977c6f730c6b5cdfaa88bed294d141a9777385856f783cc112e0874,1002,0,1,7
0,2,1,1,9,0.019705601000168826,0.013568,0.0057759999999999999,53874688,NA,NA,NA,NA,NA,NA,NA,NA,20048,5066,257,64,d8d78f7bb977c6f730c6b5cdfaa88bed294d141a9777385856f783cc112e0874,1000,0,1,2
0,2,0,0,15,0.028371240001433762,0.019913999999999998,0.0066339999999999993,55795712,NA,NA,NA,NA,NA,NA,NA,NA,32824,35142,517,1,5a24ee2382083ee5d5eb9b364e57818da3678644deec6a705c5878fcd40e5876,1004,0,1,5
0,2,1,1,15,0.022782336000091163,0.015134,0.0070469999999999994,55754752,NA,NA,NA,NA,NA,NA,NA,NA,32824,35142,517,1,5a24ee2382083ee5d5eb9b364e57818da3678644deec6a705c5878fcd40e5876,1000,0,1,3
0,2,0,0,2,0.018323168998904293,0.013901999999999999,0.0039579999999999997,51683328,NA,NA,NA,NA,NA,NA,NA,NA,2008,136,5,1,8210b4f6eac12a20575e673437437e82cfff653da437ea17992a3aed56a99207,1001,0,1,6
0,2,1,1,2,0.024330288000783185,0.018418999999999998,0.0043249999999999999,51560448,NA,NA,NA,NA,NA,NA,NA,NA,2008,136,5,1,8210b4f6eac12a20575e673437437e82cfff653da437ea17992a3aed56a99207,994,0,1,9
0,2,0,0,18,0.02958239399958984,0.019330999999999997,0.0096419999999999995,64643072,NA,NA,NA,NA,NA,NA,NA,NA,94392,29499,417,8,ec97d55cded7bb1cbf8e12495905cb68073380af6a6370282abb8f233d21e857,558,0,1,7
0,2,1,1,18,0.021594707999611273,0.017979999999999999,0.0029779999999999997,64495616,NA,NA,NA,NA,NA,NA,NA,NA,94392,29499,417,8,ec97d55cded7bb1cbf8e12495905cb68073380af6a6370282abb8f233d21e857,559,0,1,5
0,2,0,1,19,0.022070926999731455,0.015691,0.0058890000000000001,64700416,NA,NA,NA,NA,NA,NA,NA,NA,94392,29499,417,8,ec97d55cded7bb1cbf8e12495905cb68073380af6a6370282abb8f233d21e857,562,0,1,4
0,2,1,0,19,0.025086739999096608,0.018723,0.005901,64651264,NA,NA,NA,NA,NA,NA,NA,NA,94392,29499,417,8,ec97d55cded7bb1cbf8e12495905cb68073380af6a6370282abb8f233d21e857,567,0,2,1
0,2,0,0,5,0.031506409999565221,0.021061999999999997,0.0099249999999999998,53882880,NA,NA,NA,NA,NA,NA,NA,NA,25888,6529,133,1,6cbbbbf695d9298d218c01af658d12c9a04646e608628360a5a03df9e71e6d9c,1005,0,1,2
0,2,1,1,5,0.019305925001390278,0.013019999999999999,0.005986,53788672,NA,NA,NA,NA,NA,NA,NA,NA,25888,6529,133,1,6cbbbbf695d9298d218c01af658d12c9a04646e608628360a5a03df9e71e6d9c,1002,0,1,1
0,2,0,1,20,0.038051945000916021,0.028674999999999999,0.0088649999999999996,81539072,NA,NA,NA,NA,NA,NA,NA,NA,220064,89118,2402,8,9bed9a0bde0e198846d4983ba78bcd51e5e45d614941dd9bc544c1667832b5ea,570,0,1,7
0,2,1,0,20,0.038593770997977117,0.033189999999999997,0.005025,81231872,NA,NA,NA,NA,NA,NA,NA,NA,220064,89118,2402,8,9bed9a0bde0e198846d4983ba78bcd51e5e45d614941dd9bc544c1667832b5ea,1016,0,1,1
0,2,0,0,14,0.01890461199946003,0.011689999999999999,0.0068439999999999994,55918592,NA,NA,NA,NA,NA,NA,NA,NA,32824,35142,517,1,5a24ee2382083ee5d5eb9b364e57818da3678644deec6a705c5878fcd40e5876,1001,0,1,3
0,2,1,1,14,0.019754453998757526,0.016268999999999999,0.0030369999999999998,55959552,NA,NA,NA,NA,NA,NA,NA,NA,32824,35142,517,1,5a24ee2382083ee5d5eb9b364e57818da3678644deec6a705c5878fcd40e5876,999,0,1,3
0,2,0,1,3,0.018377061998762656,0.012934999999999999,0.0049670000000000001,51740672,NA,NA,NA,NA,NA,NA,NA,NA,2008,136,5,1,8210b4f6eac12a20575e673437437e82cfff653da437ea17992a3aed56a99207,1004,0,1,3
0,2,1,0,3,0.018904114000179106,0.013297999999999999,0.0051069999999999996,51830784,NA,NA,NA,NA,NA,NA,NA,NA,2008,136,5,1,8210b4f6eac12a20575e673437437e82cfff653da437ea17992a3aed56a99207,558,0,1,7
0,2,0,0,7,0.01869889800218516,0.013261,0.005097,54099968,NA,NA,NA,NA,NA,NA,NA,NA,17504,6529,133,1,5e7e7625c8b52e7a71d9370c6c8ab5025ac2b81f4970efe917952ec17c538f1c,559,0,1,6
0,2,1,1,7,0.032337500000721775,0.026008,0.0031229999999999999,54198272,NA,NA,NA,NA,NA,NA,NA,NA,17504,6529,133,1,5e7e7625c8b52e7a71d9370c6c8ab5025ac2b81f4970efe917952ec17c538f1c,560,0,1,14
0,2,0,1,13,0.039682439000898739,0.030291999999999999,0.0079869999999999993,55967744,NA,NA,NA,NA,NA,NA,NA,NA,41016,35142,517,1,662bf8c3f785828e59b2e955c5f9255272bd2640c5dd7e9c2804e24f24350bdf,1001,0,1,12
0,2,1,0,13,0.030736002001503948,0.018845000000000001,0.010777,56025088,NA,NA,NA,NA,NA,NA,NA,NA,41016,35142,517,1,662bf8c3f785828e59b2e955c5f9255272bd2640c5dd7e9c2804e24f24350bdf,1001,0,1,9
0,2,0,1,23,0.031886065000435337,0.025293,0.0057859999999999995,81219584,NA,NA,NA,NA,NA,NA,NA,NA,180960,89118,2402,8,46606a158b66af8518456db0739cae64d8d2e5f9a80404e15ddbb91810d3af0d,1013,0,1,10
0,2,1,0,23,0.040409671997622354,0.034741000000000001,0.0049749999999999994,81149952,NA,NA,NA,NA,NA,NA,NA,NA,180960,89118,2402,8,46606a158b66af8518456db0739cae64d8d2e5f9a80404e15ddbb91810d3af0d,1020,0,1,16
0,2,0,0,16,0.039147293002315564,0.030062999999999999,0.0079690000000000004,64286720,NA,NA,NA,NA,NA,NA,NA,NA,136888,29499,417,8,af3bdbbd0003d101664215b713d407f2160931601787a4fad2f046110caa3e72,1008,0,1,14
0,2,1,1,16,0.027503448000061326,0.021259,0.0057809999999999997,64425984,NA,NA,NA,NA,NA,NA,NA,NA,136888,29499,417,8,af3bdbbd0003d101664215b713d407f2160931601787a4fad2f046110caa3e72,559,0,1,3
0,2,0,1,1,0.019737090999115026,0.014449,0.0048309999999999994,51998720,NA,NA,NA,NA,NA,NA,NA,NA,2056,136,5,1,6b21b079ef6f8f7f055926600e53b906dd7be041e021dd2791b7aa8c55e24585,1039,0,1,4
0,2,1,0,1,0.019873454002663493,0.013176999999999999,0.0056369999999999996,51814400,NA,NA,NA,NA,NA,NA,NA,NA,2056,136,5,1,6b21b079ef6f8f7f055926600e53b906dd7be041e021dd2791b7aa8c55e24585,1003,0,1,6
0,2,0,1,11,0.022742904999176972,0.017434999999999999,0.0048170000000000001,54194176,NA,NA,NA,NA,NA,NA,NA,NA,14928,5066,257,64,9655be68483f45304d566dfb3dc63ba1458a5653029061a6b60617464768d366,554,0,1,3
0,2,1,0,11,0.028872139999293722,0.022394000000000001,0.0061040000000000001,53784576,NA,NA,NA,NA,NA,NA,NA,NA,14928,5066,257,64,9655be68483f45304d566dfb3dc63ba1458a5653029061a6b60617464768d366,1007,0,1,0
0,2,0,1,4,0.03305246700256248,0.023646,0.0088570000000000003,53854208,NA,NA,NA,NA,NA,NA,NA,NA,22160,6529,133,1,3ac5102c6f2bc513eb86f2343729d5f51295afd9e738a690903fa32334fb4c28,1000,0,1,1
0,2,1,0,4,0.02154401599909761,0.016202999999999999,0.0050749999999999997,53755904,NA,NA,NA,NA,NA,NA,NA,NA,22160,6529,133,1,3ac5102c6f2bc513eb86f2343729d5f51295afd9e738a690903fa32334fb4c28,999,0,1,1
0,3,0,0,17,0.023145929997554049,0.016858999999999999,0.0059329999999999999,64507904,NA,NA,NA,NA,NA,NA,NA,NA,127800,29499,417,8,cf7b13a857f01f4a14779c4cf8ec5e795ca6dd011a53f4345643bcaf3709f18a,1010,0,1,2
0,3,1,1,17,0.022902782999153715,0.018671,0.0039399999999999999,64647168,NA,NA,NA,NA,NA,NA,NA,NA,127800,29499,417,8,cf7b13a857f01f4a14779c4cf8ec5e795ca6dd011a53f4345643bcaf3709f18a,564,0,1,1
0,3,0,0,21,0.038128480999148451,0.02879,0.0089090000000000003,81547264,NA,NA,NA,NA,NA,NA,NA,NA,277920,89118,2402,8,089ec4ce05f5e4d43e3e352375117ee462b31249b272f87015d01ad0429bd7f9,569,0,1,1
0,3,1,1,21,0.039345465000224067,0.027871999999999997,0.010933999999999999,81080320,NA,NA,NA,NA,NA,NA,NA,NA,277920,89118,2402,8,089ec4ce05f5e4d43e3e352375117ee462b31249b272f87015d01ad0429bd7f9,1012,0,1,2
0,3,0,1,7,0.025571779002348194,0.020222999999999998,0.0050499999999999998,54075392,NA,NA,NA,NA,NA,NA,NA,NA,17504,6529,133,1,5e7e7625c8b52e7a71d9370c6c8ab5025ac2b81f4970efe917952ec17c538f1c,559,0,1,1
0,3,1,0,7,0.030563478001568001,0.022095999999999998,0.0080090000000000005,53698560,NA,NA,NA,NA,NA,NA,NA,NA,17504,6529,133,1,5e7e7625c8b52e7a71d9370c6c8ab5025ac2b81f4970efe917952ec17c538f1c,1000,0,1,0
0,3,0,0,1,0.018103518999851076,0.013802,0.0039519999999999998,51752960,NA,NA,NA,NA,NA,NA,NA,NA,2056,136,5,1,6b21b079ef6f8f7f055926600e53b906dd7be041e021dd2791b7aa8c55e24585,998,0,1,2
0,3,1,1,1,0.023367398000118556,0.018038999999999999,0.0049359999999999994,51621888,NA,NA,NA,NA,NA,NA,NA,NA,2056,136,5,1,6b21b079ef6f8f7f055926600e53b906dd7be041e021dd2791b7aa8c55e24585,1000,0,1,3
0,3,0,0,23,0.041271124999184394,0.029219999999999999,0.011647999999999999,81182720,NA,NA,NA,NA,NA,NA,NA,NA,180960,89118,2402,8,46606a158b66af8518456db0739cae64d8d2e5f9a80404e15ddbb91810d3af0d,1016,0,1,2
0,3,1,1,23,0.031184708997898269,0.02383,0.0069299999999999995,81268736,NA,NA,NA,NA,NA,NA,NA,NA,180960,89118,2402,8,46606a158b66af8518456db0739cae64d8d2e5f9a80404e15ddbb91810d3af0d,1018,0,1,3
0,3,0,1,5,0.01824001799832331,0.011972999999999999,0.0059659999999999999,53944320,NA,NA,NA,NA,NA,NA,NA,NA,25888,6529,133,1,6cbbbbf695d9298d218c01af658d12c9a04646e608628360a5a03df9e71e6d9c,553,0,1,1
0,3,1,0,5,0.018842930003302172,0.014383,0.004104,53891072,NA,NA,NA,NA,NA,NA,NA,NA,25888,6529,133,1,6cbbbbf695d9298d218c01af658d12c9a04646e608628360a5a03df9e71e6d9c,1000,0,1,1
0,3,0,1,16,0.026957443002174841,0.022487,0.0039109999999999995,64237568,NA,NA,NA,NA,NA,NA,NA,NA,136888,29499,417,8,af3bdbbd0003d101664215b713d407f2160931601787a4fad2f046110caa3e72,1007,0,2,6
0,3,1,0,16,0.026381293002486927,0.019337999999999998,0.0067380000000000001,64671744,NA,NA,NA,NA,NA,NA,NA,NA,136888,29499,417,8,af3bdbbd0003d101664215b713d407f2160931601787a4fad2f046110caa3e72,566,0,1,3
0,3,0,0,3,0.01687136699911207,0.010709,0.0058349999999999999,52019200,NA,NA,NA,NA,NA,NA,NA,NA,2008,136,5,1,8210b4f6eac12a20575e673437437e82cfff653da437ea17992a3aed56a99207,559,0,1,1
0,3,1,1,3,0.017662352001934778,0.010626999999999999,0.0067409999999999996,51617792,NA,NA,NA,NA,NA,NA,NA,NA,2008,136,5,1,8210b4f6eac12a20575e673437437e82cfff653da437ea17992a3aed56a99207,997,0,1,2
0,3,0,0,10,0.018093290000251727,0.013791999999999999,0.0039259999999999998,54108160,NA,NA,NA,NA,NA,NA,NA,NA,14928,5066,257,64,9655be68483f45304d566dfb3dc63ba1458a5653029061a6b60617464768d366,562,0,1,2
0,3,1,1,10,0.028467724998336053,0.022981999999999999,0.0049749999999999994,53846016,NA,NA,NA,NA,NA,NA,NA,NA,14928,5066,257,64,9655be68483f45304d566dfb3dc63ba1458a5653029061a6b60617464768d366,1001,0,1,4
0,3,0,0,11,0.021180505998927401,0.014704999999999999,0.0058769999999999994,53907456,NA,NA,NA,NA,NA,NA,NA,NA,14928,5066,257,64,9655be68483f45304d566dfb3dc63ba1458a5653029061a6b60617464768d366,1001,0,1,4
0,3,1,1,11,0.026689335001719883,0.020517999999999998,0.0058379999999999994,54095872,NA,NA,NA,NA,NA,NA,NA,NA,14928,5066,257,64,9655be68483f45304d566dfb3dc63ba1458a5653029061a6b60617464768d366,559,0,1,0
0,3,0,1,9,0.027721557999029756,0.021204000000000001,0.0060599999999999994,53854208,NA,NA,NA,NA,NA,NA,NA,NA,20048,5066,257,64,d8d78f7bb977c6f730c6b5cdfaa88bed294d141a9777385856f783cc112e0874,1000,0,1,2
0,3,1,0,9,0.031763719001901336,0.024958999999999999,0.005986,53997568,NA,NA,NA,NA,NA,NA,NA,NA,20048,5066,257,64,d8d78f7bb977c6f730c6b5cdfaa88bed294d141a9777385856f783cc112e0874,1030,0,1,6
0,3,0,1,15,0.027405335000366904,0.016846,0.0098420000000000001,55799808,NA,NA,NA,NA,NA,NA,NA,NA,32824,35142,517,1,5a24ee2382083ee5d5eb9b364e57818da3678644deec6a705c5878fcd40e5876,999,0,1,5
0,3,1,0,15,0.019443193999904906,0.013987999999999999,0.0050000000000000001,55910400,NA,NA,NA,NA,NA,NA,NA,NA,32824,35142,517,1,5a24ee2382083ee5d5eb9b364e57818da3678644deec6a705c5878fcd40e5876,1003,0,1,3
0,3,0,1,12,0.021738071998697706,0.017325,0.0038429999999999996,55963648,NA,NA,NA,NA,NA,NA,NA,NA,40904,35142,517,1,5c836afd34e5659fc140fff27358a40506e741bf81aa02c58678151e3747eac9,556,0,1,5
0,3,1,0,12,0.021122422000189545,0.017682,0.002947,55549952,NA,NA,NA,NA,NA,NA,NA,NA,40904,35142,517,1,5c836afd34e5659fc140fff27358a40506e741bf81aa02c58678151e3747eac9,998,0,1,8
0,3,0,1,2,0.018780926999170333,0.013306,0.0048690000000000001,51507200,NA,NA,NA,NA,NA,NA,NA,NA,2008,136,5,1,8210b4f6eac12a20575e673437437e82cfff653da437ea17992a3aed56a99207,993,0,1,1
0,3,1,0,2,0.020375891999719897,0.014947999999999999,0.004973,51908608,NA,NA,NA,NA,NA,NA,NA,NA,2008,136,5,1,8210b4f6eac12a20575e673437437e82cfff653da437ea17992a3aed56a99207,1026,0,1,3
0,3,0,1,14,0.02792222200150718,0.020316000000000001,0.0068759999999999993,55726080,NA,NA,NA,NA,NA,NA,NA,NA,32824,35142,517,1,5a24ee2382083ee5d5eb9b364e57818da3678644deec6a705c5878fcd40e5876,999,0,1,0
0,3,1,0,14,0.026750476001325296,0.020114999999999997,0.0057199999999999994,55701504,NA,NA,NA,NA,NA,NA,NA,NA,32824,35142,517,1,5a24ee2382083ee5d5eb9b364e57818da3678644deec6a705c5878fcd40e5876,998,0,1,1
0,3,0,0,0,0.027320956000039587,0.020863,0.0056990000000000001,51888128,NA,NA,NA,NA,NA,NA,NA,NA,2008,136,5,1,a8c1633e798ef980493443e67e6fdb6eada42f775edf7051d304d09c3ddadf5a,557,0,1,9
0,3,1,1,0,0.0336064279981656,0.025578,0.0068889999999999993,52072448,NA,NA,NA,NA,NA,NA,NA,NA,2008,136,5,1,a8c1633e798ef980493443e67e6fdb6eada42f775edf7051d304d09c3ddadf5a,558,0,1,6
0,3,0,0,20,0.071456497000326635,0.052953,0.01039,81260544,NA,NA,NA,NA,NA,NA,NA,NA,220064,89118,2402,8,9bed9a0bde0e198846d4983ba78bcd51e5e45d614941dd9bc544c1667832b5ea,1016,0,1,37
0,3,1,1,20,0.041787549002037849,0.034512999999999995,0.004927,81453056,NA,NA,NA,NA,NA,NA,NA,NA,220064,89118,2402,8,9bed9a0bde0e198846d4983ba78bcd51e5e45d614941dd9bc544c1667832b5ea,1054,0,1,17
0,3,0,0,6,0.019845808001264231,0.014707999999999999,0.0048849999999999996,53989376,NA,NA,NA,NA,NA,NA,NA,NA,17504,6529,133,1,5e7e7625c8b52e7a71d9370c6c8ab5025ac2b81f4970efe917952ec17c538f1c,554,0,1,2
0,3,1,1,6,0.018636207998497412,0.013547,0.0048329999999999996,53727232,NA,NA,NA,NA,NA,NA,NA,NA,17504,6529,133,1,5e7e7625c8b52e7a71d9370c6c8ab5025ac2b81f4970efe917952ec17c538f1c,1001,0,1,1
0,3,0,0,4,0.022065559001930524,0.017571,0.0040720000000000001,53800960,NA,NA,NA,NA,NA,NA,NA,NA,22160,6529,133,1,3ac5102c6f2bc513eb86f2343729d5f51295afd9e738a690903fa32334fb4c28,1003,0,1,1
0,3,1,1,4,0.020177010002953466,0.01487,0.0049659999999999999,54095872,NA,NA,NA,NA,NA,NA,NA,NA,22160,6529,133,1,3ac5102c6f2bc513eb86f2343729d5f51295afd9e738a690903fa32334fb4c28,560,0,1,3
0,3,0,1,8,0.01913192600113689,0.013904,0.0049540000000000001,54210560,NA,NA,NA,NA,NA,NA,NA,NA,13904,5066,257,64,f70f03940df99c8ce0b0b02082129e05360030bd32e6edc5877c0f69a31bb0a4,553,0,1,1
0,3,1,0,8,0.019941649999964284,0.013748,0.005914,53612544,NA,NA,NA,NA,NA,NA,NA,NA,13904,5066,257,64,f70f03940df99c8ce0b0b02082129e05360030bd32e6edc5877c0f69a31bb0a4,1000,0,1,1
0,3,0,0,19,0.037663898998289369,0.031738999999999996,0.0048709999999999995,64339968,NA,NA,NA,NA,NA,NA,NA,NA,94392,29499,417,8,ec97d55cded7bb1cbf8e12495905cb68073380af6a6370282abb8f233d21e857,1012,0,1,20
0,3,1,1,19,0.044040020999091212,0.034570999999999998,0.0088719999999999997,64544768,NA,NA,NA,NA,NA,NA,NA,NA,94392,29499,417,8,ec97d55cded7bb1cbf8e12495905cb68073380af6a6370282abb8f233d21e857,1050,0,1,3
0,3,0,1,18,0.045667373000469524,0.036804999999999997,0.0077189999999999993,64356352,NA,NA,NA,NA,NA,NA,NA,NA,94392,29499,417,8,ec97d55cded7bb1cbf8e12495905cb68073380af6a6370282abb8f233d21e857,1011,0,1,9
0,3,1,0,18,0.04628366500037373,0.036802000000000001,0.0089509999999999989,64319488,NA,NA,NA,NA,NA,NA,NA,NA,94392,29499,417,8,ec97d55cded7bb1cbf8e12495905cb68073380af6a6370282abb8f233d21e857,1023,0,1,0
0,3,0,0,13,0.02334703099768376,0.014936999999999999,0.0079209999999999992,55877632,NA,NA,NA,NA,NA,NA,NA,NA,41016,35142,517,1,662bf8c3f785828e59b2e955c5f9255272bd2640c5dd7e9c2804e24f24350bdf,1001,0,1,1
0,3,1,1,13,0.026889837001363048,0.021353999999999998,0.004836,55857152,NA,NA,NA,NA,NA,NA,NA,NA,41016,35142,517,1,662bf8c3f785828e59b2e955c5f9255272bd2640c5dd7e9c2804e24f24350bdf,999,0,1,13
0,3,0,0,22,0.04905374499867321,0.039600999999999997,0.0081370000000000001,81129472,NA,NA,NA,NA,NA,NA,NA,NA,180960,89118,2402,8,46606a158b66af8518456db0739cae64d8d2e5f9a80404e15ddbb91810d3af0d,1020,0,1,14
0,3,1,1,22,0.03130218400110607,0.026537999999999999,0.0038999999999999998,81244160,NA,NA,NA,NA,NA,NA,NA,NA,180960,89118,2402,8,46606a158b66af8518456db0739cae64d8d2e5f9a80404e15ddbb91810d3af0d,1016,0,1,10
0,4,0,1,13,0.022144920996652218,0.01788,0.0039529999999999999,55795712,NA,NA,NA,NA,NA,NA,NA,NA,41016,35142,517,1,662bf8c3f785828e59b2e955c5f9255272bd2640c5dd7e9c2804e24f24350bdf,999,0,1,0
0,4,1,0,13,0.030356706000020495,0.022893,0.0069340000000000001,56135680,NA,NA,NA,NA,NA,NA,NA,NA,41016,35142,517,1,662bf8c3f785828e59b2e955c5f9255272bd2640c5dd7e9c2804e24f24350bdf,557,0,2,1
0,4,0,1,23,0.057929549999244045,0.045766999999999995,0.0097450000000000002,81395712,NA,NA,NA,NA,NA,NA,NA,NA,180960,89118,2402,8,46606a158b66af8518456db0739cae64d8d2e5f9a80404e15ddbb91810d3af0d,573,0,1,12
0,4,1,0,23,0.05657472399980179,0.045336999999999995,0.0095350000000000001,81252352,NA,NA,NA,NA,NA,NA,NA,NA,180960,89118,2402,8,46606a158b66af8518456db0739cae64d8d2e5f9a80404e15ddbb91810d3af0d,1019,0,1,5
0,4,0,0,1,0.020144975002040155,0.012697,0.0067749999999999998,51781632,NA,NA,NA,NA,NA,NA,NA,NA,2056,136,5,1,6b21b079ef6f8f7f055926600e53b906dd7be041e021dd2791b7aa8c55e24585,999,0,1,3
0,4,1,1,1,0.018089896999299526,0.010284999999999999,0.007169,51609600,NA,NA,NA,NA,NA,NA,NA,NA,2056,136,5,1,6b21b079ef6f8f7f055926600e53b906dd7be041e021dd2791b7aa8c55e24585,999,0,1,1
0,4,0,1,12,0.023905035999632673,0.015382999999999999,0.0077069999999999994,56082432,NA,NA,NA,NA,NA,NA,NA,NA,40904,35142,517,1,5c836afd34e5659fc140fff27358a40506e741bf81aa02c58678151e3747eac9,560,0,1,8
0,4,1,0,12,0.036043809999682708,0.026728999999999999,0.0088819999999999993,55971840,NA,NA,NA,NA,NA,NA,NA,NA,40904,35142,517,1,5c836afd34e5659fc140fff27358a40506e741bf81aa02c58678151e3747eac9,1002,0,1,3
0,4,0,0,4,0.022689635999995517,0.016139999999999998,0.0060339999999999994,53841920,NA,NA,NA,NA,NA,NA,NA,NA,22160,6529,133,1,3ac5102c6f2bc513eb86f2343729d5f51295afd9e738a690903fa32334fb4c28,1000,0,1,3
0,4,1,1,4,0.020599290000973269,0.015120999999999999,0.0050530000000000002,53813248,NA,NA,NA,NA,NA,NA,NA,NA,22160,6529,133,1,3ac5102c6f2bc513eb86f2343729d5f51295afd9e738a690903fa32334fb4c28,1002,0,2,3
0,4,0,0,10,0.02247430399802397,0.015236,0.0060910000000000001,53956608,NA,NA,NA,NA,NA,NA,NA,NA,14928,5066,257,64,9655be68483f45304d566dfb3dc63ba1458a5653029061a6b60617464768d366,1005,0,1,7
0,4,1,1,10,0.018007115999353118,0.013797,0.0039480000000000001,53735424,NA,NA,NA,NA,NA,NA,NA,NA,14928,5066,257,64,9655be68483f45304d566dfb3dc63ba1458a5653029061a6b60617464768d366,1004,0,1,1
0,4,0,1,21,0.028579806999914581,0.021422999999999998,0.0068109999999999993,81391616,NA,NA,NA,NA,NA,NA,NA,NA,277920,89118,2402,8,089ec4ce05f5e4d43e3e352375117ee462b31249b272f87015d01ad0429bd7f9,570,0,1,2
0,4,1,0,21,0.029202317000454059,0.024916999999999998,0.0039849999999999998,81297408,NA,NA,NA,NA,NA,NA,NA,NA,277920,89118,2402,8,089ec4ce05f5e4d43e3e352375117ee462b31249b272f87015d01ad0429bd7f9,1017,0,1,1
0,4,0,1,20,0.038574881997192279,0.030039999999999997,0.0079639999999999989,81215488,NA,NA,NA,NA,NA,NA,NA,NA,220064,89118,2402,8,9bed9a0bde0e198846d4983ba78bcd51e5e45d614941dd9bc544c1667832b5ea,1018,0,1,6
0,4,1,0,20,0.054540553002880188,0.044819999999999999,0.006973,81174528,NA,NA,NA,NA,NA,NA,NA,NA,220064,89118,2402,8,9bed9a0bde0e198846d4983ba78bcd51e5e45d614941dd9bc544c1667832b5ea,1013,0,1,16
0,4,0,1,3,0.019163984001352219,0.012123999999999999,0.006045,51793920,NA,NA,NA,NA,NA,NA,NA,NA,2008,136,5,1,8210b4f6eac12a20575e673437437e82cfff653da437ea17992a3aed56a99207,999,0,1,9
0,4,1,0,3,0.017588850998436101,0.013814999999999999,0.0029479999999999997,51957760,NA,NA,NA,NA,NA,NA,NA,NA,2008,136,5,1,8210b4f6eac12a20575e673437437e82cfff653da437ea17992a3aed56a99207,563,0,1,5
0,4,0,1,6,0.022123153998109046,0.016749999999999998,0.0048849999999999996,54026240,NA,NA,NA,NA,NA,NA,NA,NA,17504,6529,133,1,5e7e7625c8b52e7a71d9370c6c8ab5025ac2b81f4970efe917952ec17c538f1c,1035,0,1,8
0,4,1,0,6,0.036186704997817287,0.025561999999999998,0.0098359999999999993,53936128,NA,NA,NA,NA,NA,NA,NA,NA,17504,6529,133,1,5e7e7625c8b52e7a71d9370c6c8ab5025ac2b81f4970efe917952ec17c538f1c,1011,0,1,7
0,4,0,0,19,0.035876332996849669,0.026180999999999999,0.0087580000000000002,64356352,NA,NA,NA,NA,NA,NA,NA,NA,94392,29499,417,8,ec97d55cded7bb1cbf8e12495905cb68073380af6a6370282abb8f233d21e857,1005,0,1,0
0,4,1,1,19,0.023779040002409602,0.018401000000000001,0.004816,64270336,NA,NA,NA,NA,NA,NA,NA,NA,94392,29499,417,8,ec97d55cded7bb1cbf8e12495905cb68073380af6a6370282abb8f233d21e857,1006,0,1,4
0,4,0,1,7,0.025125714000751032,0.016597999999999998,0.006228,53772288,NA,NA,NA,NA,NA,NA,NA,NA,17504,6529,133,1,5e7e7625c8b52e7a71d9370c6c8ab5025ac2b81f4970efe917952ec17c538f1c,997,0,1,12
0,4,1,0,7,0.027722964001441142,0.019621,0.006169,54046720,NA,NA,NA,NA,NA,NA,NA,NA,17504,6529,133,1,5e7e7625c8b52e7a71d9370c6c8ab5025ac2b81f4970efe917952ec17c538f1c,559,0,1,8
0,4,0,1,2,0.028698731999611482,0.023744999999999999,0.0039610000000000001,51843072,NA,NA,NA,NA,NA,NA,NA,NA,2008,136,5,1,8210b4f6eac12a20575e673437437e82cfff653da437ea17992a3aed56a99207,1001,0,1,17
0,4,1,0,2,0.036464097996940836,0.025264999999999999,0.0096399999999999993,51884032,NA,NA,NA,NA,NA,NA,NA,NA,2008,136,5,1,8210b4f6eac12a20575e673437437e82cfff653da437ea17992a3aed56a99207,1004,0,1,9
0,4,0,0,0,0.035911724000470713,0.026622,0.0071269999999999997,51662848,NA,NA,NA,NA,NA,NA,NA,NA,2008,136,5,1,a8c1633e798ef980493443e67e6fdb6eada42f775edf7051d304d09c3ddadf5a,1000,0,1,11
0,4,1,1,0,0.022416128998884233,0.015427,0.0057849999999999993,51687424,NA,NA,NA,NA,NA,NA,NA,NA,2008,136,5,1,a8c1633e798ef980493443e67e6fdb6eada42f775edf7051d304d09c3ddadf5a,1003,0,1,8
0,4,0,0,15,0.019151776999933645,0.014426999999999999,0.0038469999999999997,56180736,NA,NA,NA,NA,NA,NA,NA,NA,32824,35142,517,1,5a24ee2382083ee5d5eb9b364e57818da3678644deec6a705c5878fcd40e5876,565,0,1,7
0,4,1,1,15,0.020650999998906627,0.014060999999999999,0.0050299999999999997,56160256,NA,NA,NA,NA,NA,NA,NA,NA,32824,35142,517,1,5a24ee2382083ee5d5eb9b364e57818da3678644deec6a705c5878fcd40e5876,562,0,1,9
0,4,0,1,16,0.027883140002813889,0.021856999999999998,0.0049719999999999999,64233472,NA,NA,NA,NA,NA,NA,NA,NA,136888,29499,417,8,af3bdbbd0003d101664215b713d407f2160931601787a4fad2f046110caa3e72,1007,0,1,7
0,4,1,0,16,0.029203976999269798,0.020329999999999997,0.00711,64417792,NA,NA,NA,NA,NA,NA,NA,NA,136888,29499,417,8,af3bdbbd0003d101664215b713d407f2160931601787a4fad2f046110caa3e72,1008,0,1,13
0,4,0,0,5,0.019324411998240976,0.015378999999999999,0.002885,54239232,NA,NA,NA,NA,NA,NA,NA,NA,25888,6529,133,1,6cbbbbf695d9298d218c01af658d12c9a04646e608628360a5a03df9e71e6d9c,559,0,1,6
0,4,1,1,5,0.021950540998659562,0.015737000000000001,0.0058699999999999994,53796864,NA,NA,NA,NA,NA,NA,NA,NA,25888,6529,133,1,6cbbbbf695d9298d218c01af658d12c9a04646e608628360a5a03df9e71e6d9c,996,0,1,0
0,4,0,1,22,0.041245797001465689,0.031745999999999996,0.0089210000000000001,81203200,NA,NA,NA,NA,NA,NA,NA,NA,180960,89118,2402,8,46606a158b66af8518456db0739cae64d8d2e5f9a80404e15ddbb91810d3af0d,1014,0,1,5
0,4,1,0,22,0.030883726998581551,0.018526999999999998,0.011734,80982016,NA,NA,NA,NA,NA,NA,NA,NA,180960,89118,2402,8,46606a158b66af8518456db0739cae64d8d2e5f9a80404e15ddbb91810d3af0d,1014,0,1,7
0,4,0,0,17,0.023889105999842286,0.016302999999999998,0.0071669999999999998,64143360,NA,NA,NA,NA,NA,NA,NA,NA,127800,29499,417,8,cf7b13a857f01f4a14779c4cf8ec5e795ca6dd011a53f4345643bcaf3709f18a,1007,0,1,4
0,4,1,1,17,0.022894705998623976,0.017627,0.0049099999999999994,64569344,NA,NA,NA,NA,NA,NA,NA,NA,127800,29499,417,8,cf7b13a857f01f4a14779c4cf8ec5e795ca6dd011a53f4345643bcaf3709f18a,1047,0,1,2
0,4,0,1,18,0.022805548000178533,0.017551999999999998,0.0048690000000000001,64561152,NA,NA,NA,NA,NA,NA,NA,NA,94392,29499,417,8,ec97d55cded7bb1cbf8e12495905cb68073380af6a6370282abb8f233d21e857,556,0,1,5
0,4,1,0,18,0.024610197000583867,0.018276999999999998,0.0060899999999999999,64307200,NA,NA,NA,NA,NA,NA,NA,NA,94392,29499,417,8,ec97d55cded7bb1cbf8e12495905cb68073380af6a6370282abb8f233d21e857,1010,0,1,0
0,4,0,0,9,0.033626975000515813,0.026116999999999998,0.0070320000000000001,53751808,NA,NA,NA,NA,NA,NA,NA,NA,20048,5066,257,64,d8d78f7bb977c6f730c6b5cdfaa88bed294d141a9777385856f783cc112e0874,1000,0,1,0
0,4,1,1,9,0.026823879998119082,0.019549999999999998,0.005117,53862400,NA,NA,NA,NA,NA,NA,NA,NA,20048,5066,257,64,d8d78f7bb977c6f730c6b5cdfaa88bed294d141a9777385856f783cc112e0874,1002,0,1,10
0,4,0,1,14,0.018602707001264207,0.014974999999999999,0.0028089999999999999,55771136,NA,NA,NA,NA,NA,NA,NA,NA,32824,35142,517,1,5a24ee2382083ee5d5eb9b364e57818da3678644deec6a705c5878fcd40e5876,1002,0,1,5
0,4,1,0,14,0.019639346002804814,0.014461999999999999,0.0041310000000000001,55934976,NA,NA,NA,NA,NA,NA,NA,NA,32824,35142,517,1,5a24ee2382083ee5d5eb9b364e57818da3678644deec6a705c5878fcd40e5876,1007,0,1,7
0,4,0,0,8,0.019826044001092669,0.011240999999999999,0.0070819999999999998,54005760,NA,NA,NA,NA,NA,NA,NA,NA,13904,5066,257,64,f70f03940df99c8ce0b0b02082129e05360030bd32e6edc5877c0f69a31bb0a4,560,0,1,10
0,4,1,1,8,0.025084666998736793,0.018855999999999998,0.0059499999999999996,53829632,NA,NA,NA,NA,NA,NA,NA,NA,13904,5066,257,64,f70f03940df99c8ce0b0b02082129e05360030bd32e6edc5877c0f69a31bb0a4,999,0,1,0
0,4,0,0,11,0.028069400003005285,0.023722999999999998,0.0039529999999999999,53809152,NA,NA,NA,NA,NA,NA,NA,NA,14928,5066,257,64,9655be68483f45304d566dfb3dc63ba1458a5653029061a6b60617464768d366,1004,0,1,0
0,4,1,1,11,0.029379183997662039,0.020726999999999999,0.0078709999999999995,53776384,NA,NA,NA,NA,NA,NA,NA,NA,14928,5066,257,64,9655be68483f45304d566dfb3dc63ba1458a5653029061a6b60617464768d366,1004,0,1,1
0,5,0,1,4,0.03318824799862341,0.026740999999999997,0.0059299999999999995,54075392,NA,NA,NA,NA,NA,NA,NA,NA,22160,6529,133,1,3ac5102c6f2bc513eb86f2343729d5f51295afd9e738a690903fa32334fb4c28,556,0,1,1
0,5,1,0,4,0.03442233900204883,0.024943,0.0059649999999999998,53796864,NA,NA,NA,NA,NA,NA,NA,NA,22160,6529,133,1,3ac5102c6f2bc513eb86f2343729d5f51295afd9e738a690903fa32334fb4c28,1006,0,1,5
0,5,0,0,22,0.034261888999026269,0.025814999999999998,0.0079080000000000001,80912384,NA,NA,NA,NA,NA,NA,NA,NA,180960,89118,2402,8,46606a158b66af8518456db0739cae64d8d2e5f9a80404e15ddbb91810d3af0d,1014,0,1,3
0,5,1,1,22,0.036461708998103859,0.031023999999999999,0.0050099999999999997,81399808,NA,NA,NA,NA,NA,NA,NA,NA,180960,89118,2402,8,46606a158b66af8518456db0739cae64d8d2e5f9a80404e15ddbb91810d3af0d,575,0,1,1
0,5,0,1,8,0.019142864999594167,0.013125999999999999,0.0050149999999999995,53960704,NA,NA,NA,NA,NA,NA,NA,NA,13904,5066,257,64,f70f03940df99c8ce0b0b02082129e05360030bd32e6edc5877c0f69a31bb0a4,559,0,1,5
0,5,1,0,8,0.02020754299883265,0.015878,0.00298,53874688,NA,NA,NA,NA,NA,NA,NA,NA,13904,5066,257,64,f70f03940df99c8ce0b0b02082129e05360030bd32e6edc5877c0f69a31bb0a4,1004,0,1,6
0,5,0,1,10,0.018787261997204041,0.012631,0.0058189999999999995,53727232,NA,NA,NA,NA,NA,NA,NA,NA,14928,5066,257,64,9655be68483f45304d566dfb3dc63ba1458a5653029061a6b60617464768d366,998,0,1,0
0,5,1,0,10,0.01843001599991112,0.014435,0.0028879999999999999,54099968,NA,NA,NA,NA,NA,NA,NA,NA,14928,5066,257,64,9655be68483f45304d566dfb3dc63ba1458a5653029061a6b60617464768d366,559,0,1,7
0,5,0,0,20,0.049247563001699746,0.043312999999999997,0.0049159999999999994,81080320,NA,NA,NA,NA,NA,NA,NA,NA,220064,89118,2402,8,9bed9a0bde0e198846d4983ba78bcd51e5e45d614941dd9bc544c1667832b5ea,1016,0,1,6
0,5,1,1,20,0.041357484999025473,0.030514999999999997,0.0088640000000000004,81125376,NA,NA,NA,NA,NA,NA,NA,NA,220064,89118,2402,8,9bed9a0bde0e198846d4983ba78bcd51e5e45d614941dd9bc544c1667832b5ea,1018,0,1,10
0,5,0,0,12,0.021418632000859361,0.017158,0.0040070000000000001,55914496,NA,NA,NA,NA,NA,NA,NA,NA,40904,35142,517,1,5c836afd34e5659fc140fff27358a40506e741bf81aa02c58678151e3747eac9,1007,0,2,0
0,5,1,1,12,0.020664625000790693,0.017514999999999999,0.0029239999999999999,55889920,NA,NA,NA,NA,NA,NA,NA,NA,40904,35142,517,1,5c836afd34e5659fc140fff27358a40506e741bf81aa02c58678151e3747eac9,1003,0,1,1
0,5,0,0,16,0.028865500997198978,0.023982999999999997,0.0029989999999999999,64688128,NA,NA,NA,NA,NA,NA,NA,NA,136888,29499,417,8,af3bdbbd0003d101664215b713d407f2160931601787a4fad2f046110caa3e72,566,0,1,10
0,5,1,1,16,0.040576760002295487,0.033417999999999996,0.0060689999999999997,64430080,NA,NA,NA,NA,NA,NA,NA,NA,136888,29499,417,8,af3bdbbd0003d101664215b713d407f2160931601787a4fad2f046110caa3e72,1008,0,1,5
0,5,0,1,15,0.03668541200022446,0.026508999999999998,0.0090530000000000003,56377344,NA,NA,NA,NA,NA,NA,NA,NA,32824,35142,517,1,5a24ee2382083ee5d5eb9b364e57818da3678644deec6a705c5878fcd40e5876,555,0,1,17
0,5,1,0,15,0.035291995998704806,0.02547,0.0087349999999999997,55951360,NA,NA,NA,NA,NA,NA,NA,NA,32824,35142,517,1,5a24ee2382083ee5d5eb9b364e57818da3678644deec6a705c5878fcd40e5876,1004,0,1,17
0,5,0,0,2,0.023398553999868454,0.016774000000000001,0.0059439999999999996,51666944,NA,NA,NA,NA,NA,NA,NA,NA,2008,136,5,1,8210b4f6eac12a20575e673437437e82cfff653da437ea17992a3aed56a99207,1003,0,1,13
0,5,1,1,2,0.017345322001347085,0.011923999999999999,0.0049879999999999994,51924992,NA,NA,NA,NA,NA,NA,NA,NA,2008,136,5,1,8210b4f6eac12a20575e673437437e82cfff653da437ea17992a3aed56a99207,556,0,1,8
0,5,0,0,3,0.027975367000180995,0.023646,0.0039379999999999997,51679232,NA,NA,NA,NA,NA,NA,NA,NA,2008,136,5,1,8210b4f6eac12a20575e673437437e82cfff653da437ea17992a3aed56a99207,1006,0,1,0
0,5,1,1,3,0.031436580000445247,0.025020999999999998,0.0059779999999999998,51908608,NA,NA,NA,NA,NA,NA,NA,NA,2008,136,5,1,8210b4f6eac12a20575e673437437e82cfff653da437ea17992a3aed56a99207,553,0,1,0
0,5,0,0,14,0.024583698999776971,0.019222,0.0050679999999999996,56184832,NA,NA,NA,NA,NA,NA,NA,NA,32824,35142,517,1,5a24ee2382083ee5d5eb9b364e57818da3678644deec6a705c5878fcd40e5876,559,0,1,0
0,5,1,1,14,0.026157111002248712,0.018863999999999999,0.0069449999999999998,55959552,NA,NA,NA,NA,NA,NA,NA,NA,32824,35142,517,1,5a24ee2382083ee5d5eb9b364e57818da3678644deec6a705c5878fcd40e5876,1003,0,1,0
0,5,0,1,0,0.018077900000207592,0.012848999999999999,0.0049289999999999994,51646464,NA,NA,NA,NA,NA,NA,NA,NA,2008,136,5,1,a8c1633e798ef980493443e67e6fdb6eada42f775edf7051d304d09c3ddadf5a,998,0,1,1
0,5,1,0,0,0.018522803999076132,0.012190999999999999,0.0060999999999999995,51785728,NA,NA,NA,NA,NA,NA,NA,NA,2008,136,5,1,a8c1633e798ef980493443e67e6fdb6eada42f775edf7051d304d09c3ddadf5a,999,0,1,1
0,5,0,1,5,0.018833008001820417,0.014456,0.0041329999999999995,53661696,NA,NA,NA,NA,NA,NA,NA,NA,25888,6529,133,1,6cbbbbf695d9298d218c01af658d12c9a04646e608628360a5a03df9e71e6d9c,1000,0,1,1
0,5,1,0,5,0.020251185000233818,0.012884999999999999,0.0068319999999999995,53788672,NA,NA,NA,NA,NA,NA,NA,NA,25888,6529,133,1,6cbbbbf695d9298d218c01af658d12c9a04646e608628360a5a03df9e71e6d9c,1001,0,1,11
0,5,0,1,11,0.018542662000982091,0.013228999999999999,0.0050819999999999997,53825536,NA,NA,NA,NA,NA,NA,NA,NA,14928,5066,257,64,9655be68483f45304d566dfb3dc63ba1458a5653029061a6b60617464768d366,1003,0,1,0
0,5,1,0,11,0.019202467003196944,0.014964999999999999,0.0039919999999999999,53919744,NA,NA,NA,NA,NA,NA,NA,NA,14928,5066,257,64,9655be68483f45304d566dfb3dc63ba1458a5653029061a6b60617464768d366,1002,0,1,0
0,5,0,0,21,0.039458700000977842,0.031931999999999995,0.0051209999999999997,81305600,NA,NA,NA,NA,NA,NA,NA,NA,277920,89118,2402,8,089ec4ce05f5e4d43e3e352375117ee462b31249b272f87015d01ad0429bd7f9,1015,0,1,11
0,5,1,1,21,0.059623301000101492,0.053095999999999997,0.0058869999999999999,81043456,NA,NA,NA,NA,NA,NA,NA,NA,277920,89118,2402,8,089ec4ce05f5e4d43e3e352375117ee462b31249b272f87015d01ad0429bd7f9,1016,0,1,0
0,5,0,1,17,0.050919732999318512,0.039354,0.010817,64335872,NA,NA,NA,NA,NA,NA,NA,NA,127800,29499,417,8,cf7b13a857f01f4a14779c4cf8ec5e795ca6dd011a53f4345643bcaf3709f18a,1004,0,1,7
0,5,1,0,17,0.048043617000075756,0.038854,0.0080590000000000002,64425984,NA,NA,NA,NA,NA,NA,NA,NA,127800,29499,417,8,cf7b13a857f01f4a14779c4cf8ec5e795ca6dd011a53f4345643bcaf3709f18a,1048,0,1,5
0,5,0,1,1,0.035058490000665188,0.024482,0.009724,51757056,NA,NA,NA,NA,NA,NA,NA,NA,2056,136,5,1,6b21b079ef6f8f7f055926600e53b906dd7be041e021dd2791b7aa8c55e24585,1006,0,1,6
0,5,1,0,1,0.033833587000117404,0.025127999999999998,0.0080269999999999994,51974144,NA,NA,NA,NA,NA,NA,NA,NA,2056,136,5,1,6b21b079ef6f8f7f055926600e53b906dd7be041e021dd2791b7aa8c55e24585,555,0,1,2
0,5,0,0,13,0.024589275002654176,0.016506,0.0077319999999999993,55898112,NA,NA,NA,NA,NA,NA,NA,NA,41016,35142,517,1,662bf8c3f785828e59b2e955c5f9255272bd2640c5dd7e9c2804e24f24350bdf,1011,0,1,0
0,5,1,1,13,0.029715864999161568,0.022231999999999998,0.0070650000000000001,55922688,NA,NA,NA,NA,NA,NA,NA,NA,41016,35142,517,1,662bf8c3f785828e59b2e955c5f9255272bd2640c5dd7e9c2804e24f24350bdf,1001,0,1,0
0,5,0,0,7,0.033080512999731582,0.025765999999999997,0.0069019999999999993,53829632,NA,NA,NA,NA,NA,NA,NA,NA,17504,6529,133,1,5e7e7625c8b52e7a71d9370c6c8ab5025ac2b81f4970efe917952ec17c538f1c,1008,0,1,0
0,5,1,1,7,0.034410746000503423,0.026362,0.0070749999999999997,53964800,NA,NA,NA,NA,NA,NA,NA,NA,17504,6529,133,1,5e7e7625c8b52e7a71d9370c6c8ab5025ac2b81f4970efe917952ec17c538f1c,557,0,1,9
0,5,0,0,6,0.032615935000649188,0.024138999999999997,0.0080459999999999993,53800960,NA,NA,NA,NA,NA,NA,NA,NA,17504,6529,133,1,5e7e7625c8b52e7a71d9370c6c8ab5025ac2b81f4970efe917952ec17c538f1c,999,0,1,1
0,5,1,1,6,0.031928169002640061,0.025460999999999998,0.0058409999999999998,54157312,NA,NA,NA,NA,NA,NA,NA,NA,17504,6529,133,1,5e7e7625c8b52e7a71d9370c6c8ab5025ac2b81f4970efe917952ec17c538f1c,559,0,1,4
0,5,0,0,18,0.044921561999217374,0.032912999999999998,0.010964999999999999,64229376,NA,NA,NA,NA,NA,NA,NA,NA,94392,29499,417,8,ec97d55cded7bb1cbf8e12495905cb68073380af6a6370282abb8f233d21e857,1008,0,1,9
0,5,1,1,18,0.039659747999394313,0.028326999999999998,0.010718999999999999,64225280,NA,NA,NA,NA,NA,NA,NA,NA,94392,29499,417,8,ec97d55cded7bb1cbf8e12495905cb68073380af6a6370282abb8f233d21e857,1009,0,2,0
0,5,0,1,19,0.029459018998750253,0.020933,0.0079550000000000003,64315392,NA,NA,NA,NA,NA,NA,NA,NA,94392,29499,417,8,ec97d55cded7bb1cbf8e12495905cb68073380af6a6370282abb8f233d21e857,1008,0,1,1
0,5,1,0,19,0.023168843999883393,0.016833000000000001,0.0059059999999999998,64512000,NA,NA,NA,NA,NA,NA,NA,NA,94392,29499,417,8,ec97d55cded7bb1cbf8e12495905cb68073380af6a6370282abb8f233d21e857,565,0,1,1
0,5,0,1,9,0.024849541001458419,0.016392999999999998,0.0081849999999999996,54157312,NA,NA,NA,NA,NA,NA,NA,NA,20048,5066,257,64,d8d78f7bb977c6f730c6b5cdfaa88bed294d141a9777385856f783cc112e0874,557,0,1,0
0,5,1,0,9,0.024236114000814268,0.017895999999999999,0.0059419999999999994,53915648,NA,NA,NA,NA,NA,NA,NA,NA,20048,5066,257,64,d8d78f7bb977c6f730c6b5cdfaa88bed294d141a9777385856f783cc112e0874,1002,0,1,1
0,5,0,0,23,0.031262180000339868,0.025918,0.004973,81637376,NA,NA,NA,NA,NA,NA,NA,NA,180960,89118,2402,8,46606a158b66af8518456db0739cae64d8d2e5f9a80404e15ddbb91810d3af0d,573,0,1,0
0,5,1,1,23,0.037594823999825167,0.029207999999999998,0.0080169999999999998,81121280,NA,NA,NA,NA,NA,NA,NA,NA,180960,89118,2402,8,46606a158b66af8518456db0739cae64d8d2e5f9a80404e15ddbb91810d3af0d,1018,0,1,1
0,6,0,0,3,0.03011547200003406,0.024764999999999999,0.0049119999999999997,52129792,NA,NA,NA,NA,NA,NA,NA,NA,2008,136,5,1,8210b4f6eac12a20575e673437437e82cfff653da437ea17992a3aed56a99207,554,0,1,1
0,6,1,1,3,0.025512432999676093,0.019153,0.0060409999999999995,51945472,NA,NA,NA,NA,NA,NA,NA,NA,2008,136,5,1,8210b4f6eac12a20575e673437437e82cfff653da437ea17992a3aed56a99207,558,0,1,0
0,6,0,1,15,0.018932400998892263,0.011750999999999999,0.006868,55820288,NA,NA,NA,NA,NA,NA,NA,NA,32824,35142,517,1,5a24ee2382083ee5d5eb9b364e57818da3678644deec6a705c5878fcd40e5876,1001,0,1,1
0,6,1,0,15,0.018663300001207972,0.011278999999999999,0.0071549999999999999,55877632,NA,NA,NA,NA,NA,NA,NA,NA,32824,35142,517,1,5a24ee2382083ee5d5eb9b364e57818da3678644deec6a705c5878fcd40e5876,1005,0,1,0
0,6,0,1,2,0.018085425002936972,0.012647,0.004895,52064256,NA,NA,NA,NA,NA,NA,NA,NA,2008,136,5,1,8210b4f6eac12a20575e673437437e82cfff653da437ea17992a3aed56a99207,557,0,1,10
0,6,1,0,2,0.026472358000319218,0.018749999999999999,0.0059059999999999998,51826688,NA,NA,NA,NA,NA,NA,NA,NA,2008,136,5,1,8210b4f6eac12a20575e673437437e82cfff653da437ea17992a3aed56a99207,1004,0,1,8
0,6,0,0,6,0.036056673001439776,0.025513999999999998,0.0081419999999999999,54042624,NA,NA,NA,NA,NA,NA,NA,NA,17504,6529,133,1,5e7e7625c8b52e7a71d9370c6c8ab5025ac2b81f4970efe917952ec17c538f1c,561,0,1,12
0,6,1,1,6,0.021380455000326037,0.01213,0.0080579999999999992,53645312,NA,NA,NA,NA,NA,NA,NA,NA,17504,6529,133,1,5e7e7625c8b52e7a71d9370c6c8ab5025ac2b81f4970efe917952ec17c538f1c,1002,0,1,8
0,6,0,1,11,0.021016889000748051,0.014038,0.0054050000000000001,53751808,NA,NA,NA,NA,NA,NA,NA,NA,14928,5066,257,64,9655be68483f45304d566dfb3dc63ba1458a5653029061a6b60617464768d366,1004,0,1,11
0,6,1,0,11,0.019122694000543561,0.013429,0.0047780000000000001,53698560,NA,NA,NA,NA,NA,NA,NA,NA,14928,5066,257,64,9655be68483f45304d566dfb3dc63ba1458a5653029061a6b60617464768d366,1001,0,1,6
0,6,0,0,5,0.020125532999372808,0.014489999999999999,0.0051549999999999999,53747712,NA,NA,NA,NA,NA,NA,NA,NA,25888,6529,133,1,6cbbbbf695d9298d218c01af658d12c9a04646e608628360a5a03df9e71e6d9c,999,0,1,0
0,6,1,1,5,0.027936242997384397,0.020479999999999998,0.0068339999999999998,53813248,NA,NA,NA,NA,NA,NA,NA,NA,25888,6529,133,1,6cbbbbf695d9298d218c01af658d12c9a04646e608628360a5a03df9e71e6d9c,998,0,1,5
0,6,0,1,9,0.018198363999545109,0.014794999999999999,0.00297,53813248,NA,NA,NA,NA,NA,NA,NA,NA,20048,5066,257,64,d8d78f7bb977c6f730c6b5cdfaa88bed294d141a9777385856f783cc112e0874,1005,0,1,4
0,6,1,0,9,0.02286135200120043,0.017679999999999998,0.0049039999999999995,53874688,NA,NA,NA,NA,NA,NA,NA,NA,20048,5066,257,64,d8d78f7bb977c6f730c6b5cdfaa88bed294d141a9777385856f783cc112e0874,1029,0,1,0
0,6,0,1,7,0.033083725000324193,0.024702999999999999,0.0078989999999999998,53776384,NA,NA,NA,NA,NA,NA,NA,NA,17504,6529,133,1,5e7e7625c8b52e7a71d9370c6c8ab5025ac2b81f4970efe917952ec17c538f1c,1001,0,1,5
0,6,1,0,7,0.032199212997511495,0.024938999999999999,0.004163,54005760,NA,NA,NA,NA,NA,NA,NA,NA,17504,6529,133,1,5e7e7625c8b52e7a71d9370c6c8ab5025ac2b81f4970efe917952ec17c538f1c,562,0,1,13
0,6,0,0,14,0.028156552998552797,0.016281,0.0095519999999999997,55906304,NA,NA,NA,NA,NA,NA,NA,NA,32824,35142,517,1,5a24ee2382083ee5d5eb9b364e57818da3678644deec6a705c5878fcd40e5876,1007,0,2,15
0,6,1,1,14,0.019953524999436922,0.013642,0.0052389999999999997,55971840,NA,NA,NA,NA,NA,NA,NA,NA,32824,35142,517,1,5a24ee2382083ee5d5eb9b364e57818da3678644deec6a705c5878fcd40e5876,1001,0,1,6
0,6,0,0,16,0.028816531001211843,0.020108999999999998,0.0070549999999999996,64380928,NA,NA,NA,NA,NA,NA,NA,NA,136888,29499,417,8,af3bdbbd0003d101664215b713d407f2160931601787a4fad2f046110caa3e72,1007,0,1,13
0,6,1,1,16,0.028340336000837851,0.021614999999999999,0.0051129999999999995,64393216,NA,NA,NA,NA,NA,NA,NA,NA,136888,29499,417,8,af3bdbbd0003d101664215b713d407f2160931601787a4fad2f046110caa3e72,1005,0,1,11
0,6,0,0,20,0.053051022998261033,0.042208999999999997,0.0097970000000000002,81190912,NA,NA,NA,NA,NA,NA,NA,NA,220064,89118,2402,8,9bed9a0bde0e198846d4983ba78bcd51e5e45d614941dd9bc544c1667832b5ea,1013,0,1,22
0,6,1,1,20,0.053354166000644909,0.040423000000000001,0.011840999999999999,81481728,NA,NA,NA,NA,NA,NA,NA,NA,220064,89118,2402,8,9bed9a0bde0e198846d4983ba78bcd51e5e45d614941dd9bc544c1667832b5ea,571,0,1,11
0,6,0,1,12,0.026054270998429274,0.019837999999999998,0.0059459999999999999,56012800,NA,NA,NA,NA,NA,NA,NA,NA,40904,35142,517,1,5c836afd34e5659fc140fff27358a40506e741bf81aa02c58678151e3747eac9,1003,0,1,0
0,6,1,0,12,0.040418542997940676,0.031856999999999996,0.0079139999999999992,55787520,NA,NA,NA,NA,NA,NA,NA,NA,40904,35142,517,1,5c836afd34e5659fc140fff27358a40506e741bf81aa02c58678151e3747eac9,1002,0,3,5
0,6,0,1,21,0.051428373997623567,0.039003999999999997,0.010697,81391616,NA,NA,NA,NA,NA,NA,NA,NA,277920,89118,2402,8,089ec4ce05f5e4d43e3e352375117ee462b31249b272f87015d01ad0429bd7f9,574,0,1,9
0,6,1,0,21,0.049329096000292338,0.036776999999999997,0.011852,80969728,NA,NA,NA,NA,NA,NA,NA,NA,277920,89118,2402,8,089ec4ce05f5e4d43e3e352375117ee462b31249b272f87015d01ad0429bd7f9,1020,0,1,3
0,6,0,1,22,0.029898302000219701,0.022505000000000001,0.0071300000000000001,81580032,NA,NA,NA,NA,NA,NA,NA,NA,180960,89118,2402,8,46606a158b66af8518456db0739cae64d8d2e5f9a80404e15ddbb91810d3af0d,573,0,1,0
0,6,1,0,22,0.030228272000385914,0.025788999999999999,0.0039750000000000002,81235968,NA,NA,NA,NA,NA,NA,NA,NA,180960,89118,2402,8,46606a158b66af8518456db0739cae64d8d2e5f9a80404e15ddbb91810d3af0d,1015,0,1,5
0,6,0,0,8,0.022198178998223739,0.015987999999999999,0.0059749999999999994,53690368,NA,NA,NA,NA,NA,NA,NA,NA,13904,5066,257,64,f70f03940df99c8ce0b0b02082129e05360030bd32e6edc5877c0f69a31bb0a4,1002,0,1,0
0,6,1,1,8,0.023703071001364151,0.016295,0.0070569999999999999,54124544,NA,NA,NA,NA,NA,NA,NA,NA,13904,5066,257,64,f70f03940df99c8ce0b0b02082129e05360030bd32e6edc5877c0f69a31bb0a4,559,0,1,1
0,6,0,0,18,0.0346315599999798,0.026919999999999999,0.0069549999999999994,64249856,NA,NA,NA,NA,NA,NA,NA,NA,94392,29499,417,8,ec97d55cded7bb1cbf8e12495905cb68073380af6a6370282abb8f233d21e857,1005,0,1,10
0,6,1,1,18,0.04146625899738865,0.035195999999999998,0.0038999999999999998,64671744,NA,NA,NA,NA,NA,NA,NA,NA,94392,29499,417,8,ec97d55cded7bb1cbf8e12495905cb68073380af6a6370282abb8f233d21e857,566,0,1,12
0,6,0,0,19,0.042709639001259347,0.031077999999999998,0.01001,64323584,NA,NA,NA,NA,NA,NA,NA,NA,94392,29499,417,8,ec97d55cded7bb1cbf8e12495905cb68073380af6a6370282abb8f233d21e857,1007,0,1,10
0,6,1,1,19,0.035454125001706416,0.025165999999999997,0.0090679999999999997,64409600,NA,NA,NA,NA,NA,NA,NA,NA,94392,29499,417,8,ec97d55cded7bb1cbf8e12495905cb68073380af6a6370282abb8f233d21e857,1009,0,1,6
0,6,0,0,0,0.033189055997354444,0.025149999999999999,0.0060409999999999995,51449856,NA,NA,NA,NA,NA,NA,NA,NA,2008,136,5,1,a8c1633e798ef980493443e67e6fdb6eada42f775edf7051d304d09c3ddadf5a,1001,0,1,12
0,6,1,1,0,0.034228133998112753,0.021041000000000001,0.011018999999999999,51798016,NA,NA,NA,NA,NA,NA,NA,NA,2008,136,5,1,a8c1633e798ef980493443e67e6fdb6eada42f775edf7051d304d09c3ddadf5a,553,0,1,7
0,6,0,0,23,0.041683008999825688,0.032709999999999996,0.00613,81526784,NA,NA,NA,NA,NA,NA,NA,NA,180960,89118,2402,8,46606a158b66af8518456db0739cae64d8d2e5f9a80404e15ddbb91810d3af0d,575,0,1,13
0,6,1,1,23,0.035317167999892263,0.027642999999999997,0.0059119999999999997,81215488,NA,NA,NA,NA,NA,NA,NA,NA,180960,89118,2402,8,46606a158b66af8518456db0739cae64d8d2e5f9a80404e15ddbb91810d3af0d,1014,0,1,12
0,6,0,1,10,0.018793337996612536,0.012908999999999999,0.0049769999999999997,53837824,NA,NA,NA,NA,NA,NA,NA,NA,14928,5066,257,64,9655be68483f45304d566dfb3dc63ba1458a5653029061a6b60617464768d366,1002,0,1,9
0,6,1,0,10,0.019308552000438794,0.013058,0.0060169999999999998,53633024,NA,NA,NA,NA,NA,NA,NA,NA,14928,5066,257,64,9655be68483f45304d566dfb3dc63ba1458a5653029061a6b60617464768d366,998,0,1,0
0,6,0,0,13,0.027349698000762146,0.018918000000000001,0.0079799999999999992,55898112,NA,NA,NA,NA,NA,NA,NA,NA,41016,35142,517,1,662bf8c3f785828e59b2e955c5f9255272bd2640c5dd7e9c2804e24f24350bdf,1004,0,1,4
0,6,1,1,13,0.031102245000511175,0.021593999999999999,0.008768999999999999,55697408,NA,NA,NA,NA,NA,NA,NA,NA,41016,35142,517,1,662bf8c3f785828e59b2e955c5f9255272bd2640c5dd7e9c2804e24f24350bdf,998,0,1,17
0,6,0,0,4,0.035653068000101484,0.026053,0.0086610000000000003,53649408,NA,NA,NA,NA,NA,NA,NA,NA,22160,6529,133,1,3ac5102c6f2bc513eb86f2343729d5f51295afd9e738a690903fa32334fb4c28,999,0,3,14
0,6,1,1,4,0.02087078200202086,0.016621,0.0039119999999999997,53833728,NA,NA,NA,NA,NA,NA,NA,NA,22160,6529,133,1,3ac5102c6f2bc513eb86f2343729d5f51295afd9e738a690903fa32334fb4c28,1008,0,1,2
0,6,0,0,17,0.024180616001103772,0.017852,0.0059280000000000001,64241664,NA,NA,NA,NA,NA,NA,NA,NA,127800,29499,417,8,cf7b13a857f01f4a14779c4cf8ec5e795ca6dd011a53f4345643bcaf3709f18a,1011,0,1,6
0,6,1,1,17,0.032114108998939628,0.023386999999999998,0.0068219999999999999,64266240,NA,NA,NA,NA,NA,NA,NA,NA,127800,29499,417,8,cf7b13a857f01f4a14779c4cf8ec5e795ca6dd011a53f4345643bcaf3709f18a,1004,0,1,10
0,6,0,1,1,0.029051322999293916,0.021752999999999998,0.0069059999999999998,51683328,NA,NA,NA,NA,NA,NA,NA,NA,2056,136,5,1,6b21b079ef6f8f7f055926600e53b906dd7be041e021dd2791b7aa8c55e24585,1038,0,1,0
0,6,1,0,1,0.038555284998437855,0.029234999999999997,0.0087449999999999993,51683328,NA,NA,NA,NA,NA,NA,NA,NA,2056,136,5,1,6b21b079ef6f8f7f055926600e53b906dd7be041e021dd2791b7aa8c55e24585,1039,0,1,2
0,7,0,1,8,0.02052618900052039,0.015186999999999999,0.0047469999999999995,54145024,NA,NA,NA,NA,NA,NA,NA,NA,13904,5066,257,64,f70f03940df99c8ce0b0b02082129e05360030bd32e6edc5877c0f69a31bb0a4,560,0,1,15
0,7,1,0,8,0.020394577997649321,0.013923,0.0059549999999999994,54071296,NA,NA,NA,NA,NA,NA,NA,NA,13904,5066,257,64,f70f03940df99c8ce0b0b02082129e05360030bd32e6edc5877c0f69a31bb0a4,554,0,1,8
0,7,0,0,12,0.03116685499844607,0.025642999999999999,0.0049249999999999997,56131584,NA,NA,NA,NA,NA,NA,NA,NA,40904,35142,517,1,5c836afd34e5659fc140fff27358a40506e741bf81aa02c58678151e3747eac9,561,0,1,12
0,7,1,1,12,0.043226917001447873,0.032730999999999996,0.0089309999999999997,56238080,NA,NA,NA,NA,NA,NA,NA,NA,40904,35142,517,1,5c836afd34e5659fc140fff27358a40506e741bf81aa02c58678151e3747eac9,562,0,1,8
0,7,0,1,17,0.047809026997128967,0.035643000000000001,0.010891999999999999,64671744,NA,NA,NA,NA,NA,NA,NA,NA,127800,29499,417,8,cf7b13a857f01f4a14779c4cf8ec5e795ca6dd011a53f4345643bcaf3709f18a,563,0,2,24
0,7,1,0,17,0.049326503998599946,0.038925999999999995,0.0089889999999999987,64348160,NA,NA,NA,NA,NA,NA,NA,NA,127800,29499,417,8,cf7b13a857f01f4a14779c4cf8ec5e795ca6dd011a53f4345643bcaf3709f18a,1006,0,1,3
0,7,0,1,3,0.03149769700030447,0.022674,0.0075369999999999994,51671040,NA,NA,NA,NA,NA,NA,NA,NA,2008,136,5,1,8210b4f6eac12a20575e673437437e82cfff653da437ea17992a3aed56a99207,556,0,1,6
0,7,1,0,3,0.030501724999339785,0.022328999999999998,0.0077640000000000001,51658752,NA,NA,NA,NA,NA,NA,NA,NA,2008,136,5,1,8210b4f6eac12a20575e673437437e82cfff653da437ea17992a3aed56a99207,1004,0,1,0
0,7,0,1,6,0.036888853999698767,0.028419,0.0078359999999999992,53870592,NA,NA,NA,NA,NA,NA,NA,NA,17504,6529,133,1,5e7e7625c8b52e7a71d9370c6c8ab5025ac2b81f4970efe917952ec17c538f1c,1004,0,1,2
0,7,1,0,6,0.022193765998963499,0.016510999999999998,0.0051630000000000001,53891072,NA,NA,NA,NA,NA,NA,NA,NA,17504,6529,133,1,5e7e7625c8b52e7a71d9370c6c8ab5025ac2b81f4970efe917952ec17c538f1c,999,0,1,3
0,7,0,0,22,0.040806820001307642,0.033425999999999997,0.0068659999999999997,81440768,NA,NA,NA,NA,NA,NA,NA,NA,180960,89118,2402,8,46606a158b66af8518456db0739cae64d8d2e5f9a80404e15ddbb91810d3af0d,579,0,1,17
0,7,1,1,22,0.054215668002143502,0.038058999999999996,0.014561999999999999,81358848,NA,NA,NA,NA,NA,NA,NA,NA,180960,89118,2402,8,46606a158b66af8518456db0739cae64d8d2e5f9a80404e15ddbb91810d3af0d,1042,0,1,45
0,7,0,1,18,0.039719953998428537,0.031229,0.0080610000000000005,64335872,NA,NA,NA,NA,NA,NA,NA,NA,94392,29499,417,8,ec97d55cded7bb1cbf8e12495905cb68073380af6a6370282abb8f233d21e857,1011,0,1,0
0,7,1,0,18,0.042641766998713138,0.034825000000000002,0.0069800000000000001,64249856,NA,NA,NA,NA,NA,NA,NA,NA,94392,29499,417,8,ec97d55cded7bb1cbf8e12495905cb68073380af6a6370282abb8f233d21e857,1005,0,1,20
0,7,0,0,10,0.039045423000061419,0.032064999999999996,0.0058500000000000002,54157312,NA,NA,NA,NA,NA,NA,NA,NA,14928,5066,257,64,9655be68483f45304d566dfb3dc63ba1458a5653029061a6b60617464768d366,562,0,1,21
0,7,1,1,10,0.045944612000312191,0.032341000000000002,0.012052,53841920,NA,NA,NA,NA,NA,NA,NA,NA,14928,5066,257,64,9655be68483f45304d566dfb3dc63ba1458a5653029061a6b60617464768d366,1002,0,1,22
0,7,0,0,9,0.033903961997566512,0.024555,0.0088039999999999993,54079488,NA,NA,NA,NA,NA,NA,NA,NA,20048,5066,257,64,d8d78f7bb977c6f730c6b5cdfaa88bed294d141a9777385856f783cc112e0874,563,0,1,4
0,7,1,1,9,0.031445618002180709,0.024951999999999998,0.0057419999999999997,53891072,NA,NA,NA,NA,NA,NA,NA,NA,20048,5066,257,64,d8d78f7bb977c6f730c6b5cdfaa88bed294d141a9777385856f783cc112e0874,1000,0,1,5
0,7,0,0,15,0.033375400998920668,0.023740999999999998,0.0088889999999999993,56197120,NA,NA,NA,NA,NA,NA,NA,NA,32824,35142,517,1,5a24ee2382083ee5d5eb9b364e57818da3678644deec6a705c5878fcd40e5876,564,0,1,4
0,7,1,1,15,0.020712961999379331,0.015179,0.0050609999999999995,56094720,NA,NA,NA,NA,NA,NA,NA,NA,32824,35142,517,1,5a24ee2382083ee5d5eb9b364e57818da3678644deec6a705c5878fcd40e5876,555,0,1,4
0,7,0,0,11,0.017781800001102965,0.013637999999999999,0.0038659999999999996,54030336,NA,NA,NA,NA,NA,NA,NA,NA,14928,5066,257,64,9655be68483f45304d566dfb3dc63ba1458a5653029061a6b60617464768d366,557,0,1,0
0,7,1,1,11,0.021372015002270928,0.015924999999999998,0.0049589999999999999,53911552,NA,NA,NA,NA,NA,NA,NA,NA,14928,5066,257,64,9655be68483f45304d566dfb3dc63ba1458a5653029061a6b60617464768d366,998,0,1,10
0,7,0,1,14,0.034495198000513483,0.027047999999999999,0.0070190000000000001,55853056,NA,NA,NA,NA,NA,NA,NA,NA,32824,35142,517,1,5a24ee2382083ee5d5eb9b364e57818da3678644deec6a705c5878fcd40e5876,1003,0,1,0
0,7,1,0,14,0.031433234998985427,0.023982,0.0069470000000000001,56025088,NA,NA,NA,NA,NA,NA,NA,NA,32824,35142,517,1,5a24ee2382083ee5d5eb9b364e57818da3678644deec6a705c5878fcd40e5876,1000,0,1,0
0,7,0,1,20,0.058266927000659052,0.046852999999999999,0.0099729999999999992,81154048,NA,NA,NA,NA,NA,NA,NA,NA,220064,89118,2402,8,9bed9a0bde0e198846d4983ba78bcd51e5e45d614941dd9bc544c1667832b5ea,1019,0,1,34
0,7,1,0,20,0.040499201000784524,0.032691999999999999,0.0069419999999999994,81121280,NA,NA,NA,NA,NA,NA,NA,NA,220064,89118,2402,8,9bed9a0bde0e198846d4983ba78bcd51e5e45d614941dd9bc544c1667832b5ea,1018,0,1,24
0,7,0,1,4,0.022962802002439275,0.017385999999999999,0.0048189999999999995,53690368,NA,NA,NA,NA,NA,NA,NA,NA,22160,6529,133,1,3ac5102c6f2bc513eb86f2343729d5f51295afd9e738a690903fa32334fb4c28,1000,0,1,2
0,7,1,0,4,0.033408408002287615,0.023757999999999998,0.0088859999999999998,53854208,NA,NA,NA,NA,NA,NA,NA,NA,22160,6529,133,1,3ac5102c6f2bc513eb86f2343729d5f51295afd9e738a690903fa32334fb4c28,1002,0,1,4
0,7,0,1,5,0.020554315000481438,0.011991,0.0080029999999999997,53927936,NA,NA,NA,NA,NA,NA,NA,NA,25888,6529,133,1,6cbbbbf695d9298d218c01af658d12c9a04646e608628360a5a03df9e71e6d9c,1002,0,1,4
0,7,1,0,5,0.024344132998521673,0.019109999999999999,0.0040229999999999997,54173696,NA,NA,NA,NA,NA,NA,NA,NA,25888,6529,133,1,6cbbbbf695d9298d218c01af658d12c9a04646e608628360a5a03df9e71e6d9c,551,0,1,7
0,7,0,1,0,0.029281471001013415,0.019369000000000001,0.0087180000000000001,51625984,NA,NA,NA,NA,NA,NA,NA,NA,2008,136,5,1,a8c1633e798ef980493443e67e6fdb6eada42f775edf7051d304d09c3ddadf5a,1002,0,1,4
0,7,1,0,0,0.031124736000492703,0.024735999999999998,0.0058989999999999997,51646464,NA,NA,NA,NA,NA,NA,NA,NA,2008,136,5,1,a8c1633e798ef980493443e67e6fdb6eada42f775edf7051d304d09c3ddadf5a,1003,0,1,2
0,7,0,1,19,0.045282516999577638,0.033783000000000001,0.0084379999999999993,64286720,NA,NA,NA,NA,NA,NA,NA,NA,94392,29499,417,8,ec97d55cded7bb1cbf8e12495905cb68073380af6a6370282abb8f233d21e857,1008,0,1,13
0,7,1,0,19,0.047160538000753149,0.037576999999999999,0.0079049999999999988,64413696,NA,NA,NA,NA,NA,NA,NA,NA,94392,29499,417,8,ec97d55cded7bb1cbf8e12495905cb68073380af6a6370282abb8f233d21e857,562,0,1,6
0,7,0,0,1,0.028636074999667471,0.023278,0.0048519999999999995,51998720,NA,NA,NA,NA,NA,NA,NA,NA,2056,136,5,1,6b21b079ef6f8f7f055926600e53b906dd7be041e021dd2791b7aa8c55e24585,553,0,1,0
0,7,1,1,1,0.02914743799919961,0.023553999999999999,0.0048859999999999997,51793920,NA,NA,NA,NA,NA,NA,NA,NA,2056,136,5,1,6b21b079ef6f8f7f055926600e53b906dd7be041e021dd2791b7aa8c55e24585,555,0,1,4
0,7,0,1,13,0.020775611999852117,0.013205,0.0071109999999999993,56025088,NA,NA,NA,NA,NA,NA,NA,NA,41016,35142,517,1,662bf8c3f785828e59b2e955c5f9255272bd2640c5dd7e9c2804e24f24350bdf,1027,0,1,4
0,7,1,0,13,0.019268248001026222,0.011922,0.0069569999999999996,55951360,NA,NA,NA,NA,NA,NA,NA,NA,41016,35142,517,1,662bf8c3f785828e59b2e955c5f9255272bd2640c5dd7e9c2804e24f24350bdf,1005,0,1,5
0,7,0,1,23,0.031938343003275804,0.022119,0.009044,81166336,NA,NA,NA,NA,NA,NA,NA,NA,180960,89118,2402,8,46606a158b66af8518456db0739cae64d8d2e5f9a80404e15ddbb91810d3af0d,1016,0,1,5
0,7,1,0,23,0.031566875000862638,0.025167999999999999,0.0058089999999999999,81432576,NA,NA,NA,NA,NA,NA,NA,NA,180960,89118,2402,8,46606a158b66af8518456db0739cae64d8d2e5f9a80404e15ddbb91810d3af0d,571,0,1,4
0,7,0,0,7,0.018422577999444911,0.012092,0.0060569999999999999,53760000,NA,NA,NA,NA,NA,NA,NA,NA,17504,6529,133,1,5e7e7625c8b52e7a71d9370c6c8ab5025ac2b81f4970efe917952ec17c538f1c,1003,0,1,0
0,7,1,1,7,0.020433712998055853,0.014917999999999999,0.0049680000000000002,53833728,NA,NA,NA,NA,NA,NA,NA,NA,17504,6529,133,1,5e7e7625c8b52e7a71d9370c6c8ab5025ac2b81f4970efe917952ec17c538f1c,1000,0,1,14
0,7,0,0,2,0.017567258000781294,0.011209,0.0061139999999999996,51785728,NA,NA,NA,NA,NA,NA,NA,NA,2008,136,5,1,8210b4f6eac12a20575e673437437e82cfff653da437ea17992a3aed56a99207,1003,0,1,0
0,7,1,1,2,0.025891976998536848,0.022109,0.0029949999999999998,52060160,NA,NA,NA,NA,NA,NA,NA,NA,2008,136,5,1,8210b4f6eac12a20575e673437437e82cfff653da437ea17992a3aed56a99207,556,0,1,21
0,7,0,1,16,0.040581918001407757,0.033147999999999997,0.0070190000000000001,64335872,NA,NA,NA,NA,NA,NA,NA,NA,136888,29499,417,8,af3bdbbd0003d101664215b713d407f2160931601787a4fad2f046110caa3e72,1007,0,1,2
0,7,1,0,16,0.06210578600075678,0.050729999999999997,0.0090629999999999999,64290816,NA,NA,NA,NA,NA,NA,NA,NA,136888,29499,417,8,af3bdbbd0003d101664215b713d407f2160931601787a4fad2f046110caa3e72,1008,0,1,50
0,7,0,0,21,0.051268756000354188,0.039144999999999999,0.0097590000000000003,81342464,NA,NA,NA,NA,NA,NA,NA,NA,277920,89118,2402,8,089ec4ce05f5e4d43e3e352375117ee462b31249b272f87015d01ad0429bd7f9,571,0,2,19
0,7,1,1,21,0.058569667999108788,0.049342999999999998,0.0079059999999999998,81145856,NA,NA,NA,NA,NA,NA,NA,NA,277920,89118,2402,8,089ec4ce05f5e4d43e3e352375117ee462b31249b272f87015d01ad0429bd7f9,1016,0,1,9
1,0,0,0,19,0.032991610001772642,0.023191,0.0090419999999999997,64413696,NA,NA,NA,NA,NA,NA,NA,NA,94392,29499,417,8,ec97d55cded7bb1cbf8e12495905cb68073380af6a6370282abb8f233d21e857,1007,0,1,5
1,0,1,1,19,0.023280782999790972,0.017825000000000001,0.0049449999999999997,64557056,NA,NA,NA,NA,NA,NA,NA,NA,94392,29499,417,8,ec97d55cded7bb1cbf8e12495905cb68073380af6a6370282abb8f233d21e857,564,0,1,5
1,0,0,0,16,0.027469315002235817,0.020740999999999999,0.0062189999999999997,64278528,NA,NA,NA,NA,NA,NA,NA,NA,136888,29499,417,8,af3bdbbd0003d101664215b713d407f2160931601787a4fad2f046110caa3e72,1010,0,1,4
1,0,1,1,16,0.034230273999128258,0.025774999999999999,0.0078899999999999994,64524288,NA,NA,NA,NA,NA,NA,NA,NA,136888,29499,417,8,af3bdbbd0003d101664215b713d407f2160931601787a4fad2f046110caa3e72,564,0,1,14
1,0,0,1,7,0.03643542500140029,0.028292999999999999,0.006764,54018048,NA,NA,NA,NA,NA,NA,NA,NA,17504,6529,133,1,5e7e7625c8b52e7a71d9370c6c8ab5025ac2b81f4970efe917952ec17c538f1c,556,0,1,30
1,0,1,0,7,0.031807763003598666,0.023545999999999997,0.0078609999999999999,53821440,NA,NA,NA,NA,NA,NA,NA,NA,17504,6529,133,1,5e7e7625c8b52e7a71d9370c6c8ab5025ac2b81f4970efe917952ec17c538f1c,1001,0,1,0
1,0,0,0,2,0.032915601001150208,0.025270999999999998,0.0068039999999999993,51585024,NA,NA,NA,NA,NA,NA,NA,NA,2008,136,5,1,8210b4f6eac12a20575e673437437e82cfff653da437ea17992a3aed56a99207,999,0,1,5
1,0,1,1,2,0.034986390000995016,0.024412,0.010097,51666944,NA,NA,NA,NA,NA,NA,NA,NA,2008,136,5,1,8210b4f6eac12a20575e673437437e82cfff653da437ea17992a3aed56a99207,1000,0,1,2
1,0,0,0,0,0.034720404997642618,0.027328999999999999,0.006796,51666944,NA,NA,NA,NA,NA,NA,NA,NA,2008,136,5,1,a8c1633e798ef980493443e67e6fdb6eada42f775edf7051d304d09c3ddadf5a,997,0,3,3
1,0,1,1,0,0.026030921999335987,0.017663999999999999,0.0068279999999999999,51675136,NA,NA,NA,NA,NA,NA,NA,NA,2008,136,5,1,a8c1633e798ef980493443e67e6fdb6eada42f775edf7051d304d09c3ddadf5a,998,0,1,8
1,0,0,0,9,0.01980997500140802,0.014173999999999999,0.005019,53850112,NA,NA,NA,NA,NA,NA,NA,NA,20048,5066,257,64,d8d78f7bb977c6f730c6b5cdfaa88bed294d141a9777385856f783cc112e0874,1002,0,1,4
1,0,1,1,9,0.018117929001164157,0.013899,0.0039779999999999998,53743616,NA,NA,NA,NA,NA,NA,NA,NA,20048,5066,257,64,d8d78f7bb977c6f730c6b5cdfaa88bed294d141a9777385856f783cc112e0874,1004,0,1,1
1,0,0,1,10,0.017727093003486516,0.013257999999999999,0.0040809999999999996,53964800,NA,NA,NA,NA,NA,NA,NA,NA,14928,5066,257,64,9655be68483f45304d566dfb3dc63ba1458a5653029061a6b60617464768d366,552,0,1,2
1,0,1,0,10,0.01778175399886095,0.013366999999999999,0.0040969999999999999,53932032,NA,NA,NA,NA,NA,NA,NA,NA,14928,5066,257,64,9655be68483f45304d566dfb3dc63ba1458a5653029061a6b60617464768d366,1007,0,1,2
1,0,0,0,3,0.020596853999450104,0.017318,0.0030589999999999997,51736576,NA,NA,NA,NA,NA,NA,NA,NA,2008,136,5,1,8210b4f6eac12a20575e673437437e82cfff653da437ea17992a3aed56a99207,1000,0,1,0
1,0,1,1,3,0.020373339000798296,0.011816,0.0068919999999999997,52043776,NA,NA,NA,NA,NA,NA,NA,NA,2008,136,5,1,8210b4f6eac12a20575e673437437e82cfff653da437ea17992a3aed56a99207,559,0,1,8
1,0,0,0,8,0.018693939000513637,0.013607999999999999,0.0048379999999999994,54169600,NA,NA,NA,NA,NA,NA,NA,NA,13904,5066,257,64,f70f03940df99c8ce0b0b02082129e05360030bd32e6edc5877c0f69a31bb0a4,556,0,1,1
1,0,1,1,8,0.018365646999882301,0.013361,0.004764,54026240,NA,NA,NA,NA,NA,NA,NA,NA,13904,5066,257,64,f70f03940df99c8ce0b0b02082129e05360030bd32e6edc5877c0f69a31bb0a4,557,0,1,0
1,0,0,1,22,0.032325243002560455,0.026029999999999998,0.0060099999999999997,81383424,NA,NA,NA,NA,NA,NA,NA,NA,180960,89118,2402,8,46606a158b66af8518456db0739cae64d8d2e5f9a80404e15ddbb91810d3af0d,570,0,1,1
1,0,1,0,22,0.046365160000277683,0.035525999999999995,0.0088979999999999997,81104896,NA,NA,NA,NA,NA,NA,NA,NA,180960,89118,2402,8,46606a158b66af8518456db0739cae64d8d2e5f9a80404e15ddbb91810d3af0d,1015,0,1,9
1,0,0,0,21,0.053608451999025419,0.044517000000000001,0.00777,81571840,NA,NA,NA,NA,NA,NA,NA,NA,277920,89118,2402,8,089ec4ce05f5e4d43e3e352375117ee462b31249b272f87015d01ad0429bd7f9,576,0,1,30
1,0,1,1,21,0.062212930999521632,0.048300999999999997,0.012673,81375232,NA,NA,NA,NA,NA,NA,NA,NA,277920,89118,2402,8,089ec4ce05f5e4d43e3e352375117ee462b31249b272f87015d01ad0429bd7f9,574,0,1,2
1,0,0,1,12,0.041936743997212034,0.030424,0.010714,56016896,NA,NA,NA,NA,NA,NA,NA,NA,40904,35142,517,1,5c836afd34e5659fc140fff27358a40506e741bf81aa02c58678151e3747eac9,562,0,1,9
1,0,1,0,12,0.041556363001291174,0.031951,0.0072199999999999999,56004608,NA,NA,NA,NA,NA,NA,NA,NA,40904,35142,517,1,5c836afd34e5659fc140fff27358a40506e741bf81aa02c58678151e3747eac9,1005,0,1,10
1,0,0,1,14,0.028137785000581061,0.016864999999999998,0.010815999999999999,55984128,NA,NA,NA,NA,NA,NA,NA,NA,32824,35142,517,1,5a24ee2382083ee5d5eb9b364e57818da3678644deec6a705c5878fcd40e5876,1004,0,1,3
1,0,1,0,14,0.020232555998518365,0.015983999999999998,0.0039639999999999996,56262656,NA,NA,NA,NA,NA,NA,NA,NA,32824,35142,517,1,5a24ee2382083ee5d5eb9b364e57818da3678644deec6a705c5878fcd40e5876,552,0,1,0
1,0,0,1,17,0.023759241001243936,0.019581999999999999,0.0039150000000000001,64503808,NA,NA,NA,NA,NA,NA,NA,NA,127800,29499,417,8,cf7b13a857f01f4a14779c4cf8ec5e795ca6dd011a53f4345643bcaf3709f18a,1009,0,1,1
1,0,1,0,17,0.022938232999877073,0.017658999999999998,0.0049090000000000002,64372736,NA,NA,NA,NA,NA,NA,NA,NA,127800,29499,417,8,cf7b13a857f01f4a14779c4cf8ec5e795ca6dd011a53f4345643bcaf3709f18a,1009,0,1,1
1,0,0,0,18,0.026212290998955723,0.018831999999999998,0.0068999999999999999,64544768,NA,NA,NA,NA,NA,NA,NA,NA,94392,29499,417,8,ec97d55cded7bb1cbf8e12495905cb68073380af6a6370282abb8f233d21e857,1031,0,1,3
1,0,1,1,18,0.028516542999568628,0.018484,0.0092289999999999994,64237568,NA,NA,NA,NA,NA,NA,NA,NA,94392,29499,417,8,ec97d55cded7bb1cbf8e12495905cb68073380af6a6370282abb8f233d21e857,1001,0,1,29
1,0,0,0,20,0.039679893001448363,0.032358999999999999,0.0067689999999999998,81186816,NA,NA,NA,NA,NA,NA,NA,NA,220064,89118,2402,8,9bed9a0bde0e198846d4983ba78bcd51e5e45d614941dd9bc544c1667832b5ea,1015,0,1,6
1,0,1,1,20,0.04804730699834181,0.038672999999999999,0.0069289999999999994,81248256,NA,NA,NA,NA,NA,NA,NA,NA,220064,89118,2402,8,9bed9a0bde0e198846d4983ba78bcd51e5e45d614941dd9bc544c1667832b5ea,1013,0,1,16
1,0,0,1,1,0.017696785998850828,0.012090999999999999,0.0046619999999999995,51924992,NA,NA,NA,NA,NA,NA,NA,NA,2056,136,5,1,6b21b079ef6f8f7f055926600e53b906dd7be041e021dd2791b7aa8c55e24585,553,0,1,7
1,0,1,0,1,0.024201879998145159,0.019851000000000001,0.0039629999999999995,51617792,NA,NA,NA,NA,NA,NA,NA,NA,2056,136,5,1,6b21b079ef6f8f7f055926600e53b906dd7be041e021dd2791b7aa8c55e24585,1002,0,1,2
1,0,0,0,4,0.035592576998169534,0.026969,0.0079469999999999992,53719040,NA,NA,NA,NA,NA,NA,NA,NA,22160,6529,133,1,3ac5102c6f2bc513eb86f2343729d5f51295afd9e738a690903fa32334fb4c28,1004,0,1,4
1,0,1,1,4,0.020231432001310168,0.013864999999999999,0.0059569999999999996,53751808,NA,NA,NA,NA,NA,NA,NA,NA,22160,6529,133,1,3ac5102c6f2bc513eb86f2343729d5f51295afd9e738a690903fa32334fb4c28,1000,0,1,8
1,0,0,1,11,0.018703286001255037,0.014256999999999999,0.0040679999999999996,53743616,NA,NA,NA,NA,NA,NA,NA,NA,14928,5066,257,64,9655be68483f45304d566dfb3dc63ba1458a5653029061a6b60617464768d366,1003,0,1,4
1,0,1,0,11,0.021185001998674124,0.014950999999999999,0.0059619999999999994,54030336,NA,NA,NA,NA,NA,NA,NA,NA,14928,5066,257,64,9655be68483f45304d566dfb3dc63ba1458a5653029061a6b60617464768d366,1030,0,1,1
1,0,0,1,5,0.020958414999768138,0.014468999999999999,0.0057729999999999995,53829632,NA,NA,NA,NA,NA,NA,NA,NA,25888,6529,133,1,6cbbbbf695d9298d218c01af658d12c9a04646e608628360a5a03df9e71e6d9c,1001,0,1,8
1,0,1,0,5,0.019656131000374444,0.016271000000000001,0.003058,54136832,NA,NA,NA,NA,NA,NA,NA,NA,25888,6529,133,1,6cbbbbf695d9298d218c01af658d12c9a04646e608628360a5a03df9e71e6d9c,559,0,1,1
1,0,0,1,23,0.045000270001764875,0.035609000000000002,0.0088979999999999997,80941056,NA,NA,NA,NA,NA,NA,NA,NA,180960,89118,2402,8,46606a158b66af8518456db0739cae64d8d2e5f9a80404e15ddbb91810d3af0d,1014,0,1,1
1,0,1,0,23,0.032308867001120234,0.025158,0.0067629999999999999,81092608,NA,NA,NA,NA,NA,NA,NA,NA,180960,89118,2402,8,46606a158b66af8518456db0739cae64d8d2e5f9a80404e15ddbb91810d3af0d,1020,0,1,5
1,0,0,0,6,0.018058055000437889,0.011831,0.0058950000000000001,54214656,NA,NA,NA,NA,NA,NA,NA,NA,17504,6529,133,1,5e7e7625c8b52e7a71d9370c6c8ab5025ac2b81f4970efe917952ec17c538f1c,561,0,1,2
1,0,1,1,6,0.021637613001075806,0.016237999999999999,0.0050869999999999995,53825536,NA,NA,NA,NA,NA,NA,NA,NA,17504,6529,133,1,5e7e7625c8b52e7a71d9370c6c8ab5025ac2b81f4970efe917952ec17c538f1c,996,0,1,2
1,0,0,1,15,0.019647577002615435,0.015969000000000001,0.0031589999999999999,56225792,NA,NA,NA,NA,NA,NA,NA,NA,32824,35142,517,1,5a24ee2382083ee5d5eb9b364e57818da3678644deec6a705c5878fcd40e5876,557,0,1,12
1,0,1,0,15,0.027388997001253301,0.021507999999999999,0.0051119999999999994,55951360,NA,NA,NA,NA,NA,NA,NA,NA,32824,35142,517,1,5a24ee2382083ee5d5eb9b364e57818da3678644deec6a705c5878fcd40e5876,1003,0,1,6
1,0,0,1,13,0.02621230000295327,0.014751999999999999,0.010747,55918592,NA,NA,NA,NA,NA,NA,NA,NA,41016,35142,517,1,662bf8c3f785828e59b2e955c5f9255272bd2640c5dd7e9c2804e24f24350bdf,1000,0,1,5
1,0,1,0,13,0.02723387700098101,0.019866999999999999,0.0069149999999999993,56012800,NA,NA,NA,NA,NA,NA,NA,NA,41016,35142,517,1,662bf8c3f785828e59b2e955c5f9255272bd2640c5dd7e9c2804e24f24350bdf,1003,0,1,12
1,1,0,1,6,0.026600377001159359,0.021037,0.0049940000000000002,53751808,NA,NA,NA,NA,NA,NA,NA,NA,17504,6529,133,1,5e7e7625c8b52e7a71d9370c6c8ab5025ac2b81f4970efe917952ec17c538f1c,1002,0,1,10
1,1,1,0,6,0.019208793000871083,0.010935,0.0079309999999999988,53948416,NA,NA,NA,NA,NA,NA,NA,NA,17504,6529,133,1,5e7e7625c8b52e7a71d9370c6c8ab5025ac2b81f4970efe917952ec17c538f1c,1003,0,1,9
1,1,0,0,15,0.025543596002535196,0.019219999999999998,0.0050419999999999996,55857152,NA,NA,NA,NA,NA,NA,NA,NA,32824,35142,517,1,5a24ee2382083ee5d5eb9b364e57818da3678644deec6a705c5878fcd40e5876,1002,0,1,9
1,1,1,1,15,0.034833742000046186,0.025693000000000001,0.0079039999999999996,55955456,NA,NA,NA,NA,NA,NA,NA,NA,32824,35142,517,1,5a24ee2382083ee5d5eb9b364e57818da3678644deec6a705c5878fcd40e5876,1004,0,1,6
1,1,0,0,14,0.035062907998508308,0.027711,0.0068869999999999999,56147968,NA,NA,NA,NA,NA,NA,NA,NA,32824,35142,517,1,5a24ee2382083ee5d5eb9b364e57818da3678644deec6a705c5878fcd40e5876,554,0,1,0
1,1,1,1,14,0.026357020000432385,0.018831999999999998,0.0069369999999999996,56016896,NA,NA,NA,NA,NA,NA,NA,NA,32824,35142,517,1,5a24ee2382083ee5d5eb9b364e57818da3678644deec6a705c5878fcd40e5876,998,0,1,9
1,1,0,1,8,0.017799670000385959,0.013653,0.0038939999999999999,54022144,NA,NA,NA,NA,NA,NA,NA,NA,13904,5066,257,64,f70f03940df99c8ce0b0b02082129e05360030bd32e6edc5877c0f69a31bb0a4,558,0,1,3
1,1,1,0,8,0.025780629999644589,0.017166000000000001,0.0070589999999999993,53796864,NA,NA,NA,NA,NA,NA,NA,NA,13904,5066,257,64,f70f03940df99c8ce0b0b02082129e05360030bd32e6edc5877c0f69a31bb0a4,1004,0,1,8
1,1,0,1,20,0.046038991000386886,0.039064999999999996,0.0060149999999999995,81035264,NA,NA,NA,NA,NA,NA,NA,NA,220064,89118,2402,8,9bed9a0bde0e198846d4983ba78bcd51e5e45d614941dd9bc544c1667832b5ea,1013,0,1,19
1,1,1,0,20,0.048265058001561556,0.040503999999999998,0.0069129999999999999,81473536,NA,NA,NA,NA,NA,NA,NA,NA,220064,89118,2402,8,9bed9a0bde0e198846d4983ba78bcd51e5e45d614941dd9bc544c1667832b5ea,573,0,1,9
1,1,0,1,18,0.035754066997469636,0.025432,0.0097439999999999992,64258048,NA,NA,NA,NA,NA,NA,NA,NA,94392,29499,417,8,ec97d55cded7bb1cbf8e12495905cb68073380af6a6370282abb8f233d21e857,1008,0,1,1
1,1,1,0,18,0.040736022998316912,0.030263999999999999,0.0097029999999999998,64679936,NA,NA,NA,NA,NA,NA,NA,NA,94392,29499,417,8,ec97d55cded7bb1cbf8e12495905cb68073380af6a6370282abb8f233d21e857,569,0,1,19
1,1,0,0,13,0.037756743000500137,0.027496,0.0088419999999999992,55840768,NA,NA,NA,NA,NA,NA,NA,NA,41016,35142,517,1,662bf8c3f785828e59b2e955c5f9255272bd2640c5dd7e9c2804e24f24350bdf,1005,0,1,8
1,1,1,1,13,0.033084794999012956,0.024308,0.0078539999999999999,55734272,NA,NA,NA,NA,NA,NA,NA,NA,41016,35142,517,1,662bf8c3f785828e59b2e955c5f9255272bd2640c5dd7e9c2804e24f24350bdf,1000,0,1,16
1,1,0,1,0,0.040105227999447379,0.032476999999999999,0.0070749999999999997,51847168,NA,NA,NA,NA,NA,NA,NA,NA,2008,136,5,1,a8c1633e798ef980493443e67e6fdb6eada42f775edf7051d304d09c3ddadf5a,998,0,1,1
1,1,1,0,0,0.048335536001104629,0.039036999999999995,0.0079950000000000004,51625984,NA,NA,NA,NA,NA,NA,NA,NA,2008,136,5,1,a8c1633e798ef980493443e67e6fdb6eada42f775edf7051d304d09c3ddadf5a,1004,0,1,6
1,1,0,1,3,0.025227096000890015,0.016867,0.007925999999999999,51662848,NA,NA,NA,NA,NA,NA,NA,NA,2008,136,5,1,8210b4f6eac12a20575e673437437e82cfff653da437ea17992a3aed56a99207,1003,0,1,1
1,1,1,0,3,0.017398590996890562,0.014086999999999999,0.0030239999999999998,52084736,NA,NA,NA,NA,NA,NA,NA,NA,2008,136,5,1,8210b4f6eac12a20575e673437437e82cfff653da437ea17992a3aed56a99207,562,0,1,2
1,1,0,0,23,0.033152667001559166,0.024788999999999999,0.0079290000000000003,81625088,NA,NA,NA,NA,NA,NA,NA,NA,180960,89118,2402,8,46606a158b66af8518456db0739cae64d8d2e5f9a80404e15ddbb91810d3af0d,572,0,1,4
1,1,1,1,23,0.031848193000769243,0.024576999999999998,0.0068799999999999998,81121280,NA,NA,NA,NA,NA,NA,NA,NA,180960,89118,2402,8,46606a158b66af8518456db0739cae64d8d2e5f9a80404e15ddbb91810d3af0d,1017,0,1,3
1,1,0,0,1,0.020880149997537956,0.015314999999999999,0.0050850000000000001,51679232,NA,NA,NA,NA,NA,NA,NA,NA,2056,136,5,1,6b21b079ef6f8f7f055926600e53b906dd7be041e021dd2791b7aa8c55e24585,1005,0,1,3
1,1,1,1,1,0.018554817001131596,0.012128,0.0060489999999999997,51666944,NA,NA,NA,NA,NA,NA,NA,NA,2056,136,5,1,6b21b079ef6f8f7f055926600e53b906dd7be041e021dd2791b7aa8c55e24585,1000,0,1,3
1,1,0,1,2,0.023830527999962214,0.016596,0.0068230000000000001,51593216,NA,NA,NA,NA,NA,NA,NA,NA,2008,136,5,1,8210b4f6eac12a20575e673437437e82cfff653da437ea17992a3aed56a99207,1000,0,1,0
1,1,1,0,2,0.027695912998751737,0.021278999999999999,0.0060529999999999994,51683328,NA,NA,NA,NA,NA,NA,NA,NA,2008,136,5,1,8210b4f6eac12a20575e673437437e82cfff653da437ea17992a3aed56a99207,999,0,1,0
1,1,0,0,17,0.024555276002502069,0.020239,0.004019,64331776,NA,NA,NA,NA,NA,NA,NA,NA,127800,29499,417,8,cf7b13a857f01f4a14779c4cf8ec5e795ca6dd011a53f4345643bcaf3709f18a,1006,0,1,1
1,1,1,1,17,0.027552684001420857,0.022168,0.0050469999999999994,64569344,NA,NA,NA,NA,NA,NA,NA,NA,127800,29499,417,8,cf7b13a857f01f4a14779c4cf8ec5e795ca6dd011a53f4345643bcaf3709f18a,560,0,1,5
1,1,0,1,19,0.025518979000480613,0.017124,0.0080129999999999993,64262144,NA,NA,NA,NA,NA,NA,NA,NA,94392,29499,417,8,ec97d55cded7bb1cbf8e12495905cb68073380af6a6370282abb8f233d21e857,1008,0,1,4
1,1,1,0,19,0.023361114002909744,0.016943,0.0059659999999999999,64180224,NA,NA,NA,NA,NA,NA,NA,NA,94392,29499,417,8,ec97d55cded7bb1cbf8e12495905cb68073380af6a6370282abb8f233d21e857,1012,0,1,5
1,1,0,0,11,0.018400583001493942,0.015127,0.0030199999999999997,53882880,NA,NA,NA,NA,NA,NA,NA,NA,14928,5066,257,64,9655be68483f45304d566dfb3dc63ba1458a5653029061a6b60617464768d366,1003,0,1,0
1,1,1,1,11,0.017608499998459592,0.014284999999999999,0.0030689999999999997,53747712,NA,NA,NA,NA,NA,NA,NA,NA,14928,5066,257,64,9655be68483f45304d566dfb3dc63ba1458a5653029061a6b60617464768d366,998,0,1,2
1,1,0,0,22,0.029591868998977588,0.021228999999999998,0.0080509999999999991,80990208,NA,NA,NA,NA,NA,NA,NA,NA,180960,89118,2402,8,46606a158b66af8518456db0739cae64d8d2e5f9a80404e15ddbb91810d3af0d,1017,0,1,4
1,1,1,1,22,0.038625680001132423,0.031423,0.0052369999999999995,81129472,NA,NA,NA,NA,NA,NA,NA,NA,180960,89118,2402,8,46606a158b66af8518456db0739cae64d8d2e5f9a80404e15ddbb91810d3af0d,1018,0,1,12
1,1,0,1,4,0.043964414999209112,0.03576,0.0069309999999999997,53915648,NA,NA,NA,NA,NA,NA,NA,NA,22160,6529,133,1,3ac5102c6f2bc513eb86f2343729d5f51295afd9e738a690903fa32334fb4c28,552,0,1,8
1,1,1,0,4,0.040715494000323815,0.033312999999999995,0.0058909999999999995,53878784,NA,NA,NA,NA,NA,NA,NA,NA,22160,6529,133,1,3ac5102c6f2bc513eb86f2343729d5f51295afd9e738a690903fa32334fb4c28,1004,0,1,18
1,1,0,0,12,0.03977739300171379,0.032298,0.007045,55816192,NA,NA,NA,NA,NA,NA,NA,NA,40904,35142,517,1,5c836afd34e5659fc140fff27358a40506e741bf81aa02c58678151e3747eac9,1000,0,1,0
1,1,1,1,12,0.03681529099776526,0.027552,0.008846999999999999,55820288,NA,NA,NA,NA,NA,NA,NA,NA,40904,35142,517,1,5c836afd34e5659fc140fff27358a40506e741bf81aa02c58678151e3747eac9,1004,0,1,1
1,1,0,0,7,0.036202297000272665,0.029071999999999997,0.005953,53846016,NA,NA,NA,NA,NA,NA,NA,NA,17504,6529,133,1,5e7e7625c8b52e7a71d9370c6c8ab5025ac2b81f4970efe917952ec17c538f1c,1003,0,1,29
1,1,1,1,7,0.039021696997224353,0.031541,0.0069059999999999998,54026240,NA,NA,NA,NA,NA,NA,NA,NA,17504,6529,133,1,5e7e7625c8b52e7a71d9370c6c8ab5025ac2b81f4970efe917952ec17c538f1c,556,0,1,0
1,1,0,1,9,0.021467263999511488,0.013642,0.0073039999999999997,53755904,NA,NA,NA,NA,NA,NA,NA,NA,20048,5066,257,64,d8d78f7bb977c6f730c6b5cdfaa88bed294d141a9777385856f783cc112e0874,1000,0,1,3
1,1,1,0,9,0.018656905001989799,0.015196999999999999,0.003045,53899264,NA,NA,NA,NA,NA,NA,NA,NA,20048,5066,257,64,d8d78f7bb977c6f730c6b5cdfaa88bed294d141a9777385856f783cc112e0874,1003,0,1,3
1,1,0,0,5,0.022207901998626767,0.016768999999999999,0.0048370000000000002,53682176,NA,NA,NA,NA,NA,NA,NA,NA,25888,6529,133,1,6cbbbbf695d9298d218c01af658d12c9a04646e608628360a5a03df9e71e6d9c,1000,0,1,18
1,1,1,1,5,0.029893724000430666,0.024417999999999999,0.0050869999999999995,53710848,NA,NA,NA,NA,NA,NA,NA,NA,25888,6529,133,1,6cbbbbf695d9298d218c01af658d12c9a04646e608628360a5a03df9e71e6d9c,1001,0,1,0
1,1,0,0,10,0.034901287999673514,0.028218,0.0040099999999999997,54120448,NA,NA,NA,NA,NA,NA,NA,NA,14928,5066,257,64,9655be68483f45304d566dfb3dc63ba1458a5653029061a6b60617464768d366,553,0,1,13
1,1,1,1,10,0.029354556001635501,0.025908999999999998,0.0029870000000000001,53686272,NA,NA,NA,NA,NA,NA,NA,NA,14928,5066,257,64,9655be68483f45304d566dfb3dc63ba1458a5653029061a6b60617464768d366,997,0,1,0
1,1,0,1,21,0.034482202001527185,0.027078999999999999,0.0070239999999999999,81158144,NA,NA,NA,NA,NA,NA,NA,NA,277920,89118,2402,8,089ec4ce05f5e4d43e3e352375117ee462b31249b272f87015d01ad0429bd7f9,1017,0,1,1
1,1,1,0,21,0.0424663799967675,0.028940999999999998,0.012503,81211392,NA,NA,NA,NA,NA,NA,NA,NA,277920,89118,2402,8,089ec4ce05f5e4d43e3e352375117ee462b31249b272f87015d01ad0429bd7f9,1016,0,1,35
1,1,0,1,16,0.041493733999232063,0.035067999999999995,0.0060069999999999993,64126976,NA,NA,NA,NA,NA,NA,NA,NA,136888,29499,417,8,af3bdbbd0003d101664215b713d407f2160931601787a4fad2f046110caa3e72,1006,0,1,0
1,1,1,0,16,0.028009367000777274,0.021353,0.0058009999999999997,64585728,NA,NA,NA,NA,NA,NA,NA,NA,136888,29499,417,8,af3bdbbd0003d101664215b713d407f2160931601787a4fad2f046110caa3e72,564,0,1,23
1,2,0,0,15,0.028085592999559594,0.01951,0.0078009999999999998,55889920,NA,NA,NA,NA,NA,NA,NA,NA,32824,35142,517,1,5a24ee2382083ee5d5eb9b364e57818da3678644deec6a705c5878fcd40e5876,556,0,1,10
1,2,1,1,15,0.03722674900200218,0.025693000000000001,0.01086,55914496,NA,NA,NA,NA,NA,NA,NA,NA,32824,35142,517,1,5a24ee2382083ee5d5eb9b364e57818da3678644deec6a705c5878fcd40e5876,1005,0,1,5
1,2,0,1,9,0.035110748998704366,0.026404999999999998,0.0077819999999999999,53813248,NA,NA,NA,NA,NA,NA,NA,NA,20048,5066,257,64,d8d78f7bb977c6f730c6b5cdfaa88bed294d141a9777385856f783cc112e0874,1000,0,1,6
1,2,1,0,9,0.040019252999627497,0.027417999999999998,0.009755999999999999,53723136,NA,NA,NA,NA,NA,NA,NA,NA,20048,5066,257,64,d8d78f7bb977c6f730c6b5cdfaa88bed294d141a9777385856f783cc112e0874,1001,0,1,13
1,2,0,0,13,0.038030775001971051,0.030147,0.0070069999999999993,55840768,NA,NA,NA,NA,NA,NA,NA,NA,41016,35142,517,1,662bf8c3f785828e59b2e955c5f9255272bd2640c5dd7e9c2804e24f24350bdf,1004,0,1,6
1,2,1,1,13,0.040934186003141804,0.028894,0.010569,56033280,NA,NA,NA,NA,NA,NA,NA,NA,41016,35142,517,1,662bf8c3f785828e59b2e955c5f9255272bd2640c5dd7e9c2804e24f24350bdf,1001,0,1,35
1,2,0,1,18,0.069352385999081889,0.057692999999999994,0.010924999999999999,64491520,NA,NA,NA,NA,NA,NA,NA,NA,94392,29499,417,8,ec97d55cded7bb1cbf8e12495905cb68073380af6a6370282abb8f233d21e857,1009,0,1,2
1,2,1,0,18,0.036356091000925517,0.025954999999999999,0.0099579999999999998,64245760,NA,NA,NA,NA,NA,NA,NA,NA,94392,29499,417,8,ec97d55cded7bb1cbf8e12495905cb68073380af6a6370282abb8f233d21e857,1003,0,1,0
1,2,0,1,1,0.024103592997562373,0.017777999999999999,0.0059179999999999996,51732480,NA,NA,NA,NA,NA,NA,NA,NA,2056,136,5,1,6b21b079ef6f8f7f055926600e53b906dd7be041e021dd2791b7aa8c55e24585,1000,0,1,10
1,2,1,0,1,0.016936925996560603,0.011734,0.004888,51810304,NA,NA,NA,NA,NA,NA,NA,NA,2056,136,5,1,6b21b079ef6f8f7f055926600e53b906dd7be041e021dd2791b7aa8c55e24585,556,0,1,7
1,2,0,1,22,0.056062694002321223,0.048971000000000001,0.005973,81125376,NA,NA,NA,NA,NA,NA,NA,NA,180960,89118,2402,8,46606a158b66af8518456db0739cae64d8d2e5f9a80404e15ddbb91810d3af0d,1017,0,1,6
1,2,1,0,22,0.062755496001045685,0.050335999999999999,0.011828,81199104,NA,NA,NA,NA,NA,NA,NA,NA,180960,89118,2402,8,46606a158b66af8518456db0739cae64d8d2e5f9a80404e15ddbb91810d3af0d,1020,0,1,0
1,2,0,0,5,0.030865513999742689,0.021599,0.0088199999999999997,53706752,NA,NA,NA,NA,NA,NA,NA,NA,25888,6529,133,1,6cbbbbf695d9298d218c01af658d12c9a04646e608628360a5a03df9e71e6d9c,999,0,1,1
1,2,1,1,5,0.030199240001820726,0.019701,0.0088459999999999997,53747712,NA,NA,NA,NA,NA,NA,NA,NA,25888,6529,133,1,6cbbbbf695d9298d218c01af658d12c9a04646e608628360a5a03df9e71e6d9c,1000,0,1,8
1,2,0,0,23,0.051068098000541795,0.037776999999999998,0.0099159999999999995,81371136,NA,NA,NA,NA,NA,NA,NA,NA,180960,89118,2402,8,46606a158b66af8518456db0739cae64d8d2e5f9a80404e15ddbb91810d3af0d,1017,0,1,18
1,2,1,1,23,0.043272365997836459,0.032431000000000001,0.0097609999999999988,81223680,NA,NA,NA,NA,NA,NA,NA,NA,180960,89118,2402,8,46606a158b66af8518456db0739cae64d8d2e5f9a80404e15ddbb91810d3af0d,1013,0,1,16
1,2,0,0,14,0.0216988299980585,0.015155999999999999,0.0059969999999999997,56147968,NA,NA,NA,NA,NA,NA,NA,NA,32824,35142,517,1,5a24ee2382083ee5d5eb9b364e57818da3678644deec6a705c5878fcd40e5876,1036,0,1,10
1,2,1,1,14,0.024723886999709066,0.018814000000000001,0.0046969999999999998,56107008,NA,NA,NA,NA,NA,NA,NA,NA,32824,35142,517,1,5a24ee2382083ee5d5eb9b364e57818da3678644deec6a705c5878fcd40e5876,1004,0,1,7
1,2,0,0,21,0.061898748997919029,0.049457999999999995,0.011075,81113088,NA,NA,NA,NA,NA,NA,NA,NA,277920,89118,2402,8,089ec4ce05f5e4d43e3e352375117ee462b31249b272f87015d01ad0429bd7f9,1016,0,1,8
1,2,1,1,21,0.051417187001788989,0.043299999999999998,0.0068959999999999994,81215488,NA,NA,NA,NA,NA,NA,NA,NA,277920,89118,2402,8,089ec4ce05f5e4d43e3e352375117ee462b31249b272f87015d01ad0429bd7f9,563,0,1,9
1,2,0,1,4,0.032353246999264229,0.02461,0.0068969999999999995,53673984,NA,NA,NA,NA,NA,NA,NA,NA,22160,6529,133,1,3ac5102c6f2bc513eb86f2343729d5f51295afd9e738a690903fa32334fb4c28,1001,0,1,12
1,2,1,0,4,0.023640191000595223,0.015371999999999999,0.0076779999999999999,53899264,NA,NA,NA,NA,NA,NA,NA,NA,22160,6529,133,1,3ac5102c6f2bc513eb86f2343729d5f51295afd9e738a690903fa32334fb4c28,1000,0,1,13
1,2,0,0,17,0.023717162999673747,0.019133999999999998,0.0039969999999999997,64282624,NA,NA,NA,NA,NA,NA,NA,NA,127800,29499,417,8,cf7b13a857f01f4a14779c4cf8ec5e795ca6dd011a53f4345643bcaf3709f18a,1012,0,1,13
1,2,1,1,17,0.023718289998214459,0.015125,0.008005,64454656,NA,NA,NA,NA,NA,NA,NA,NA,127800,29499,417,8,cf7b13a857f01f4a14779c4cf8ec5e795ca6dd011a53f4345643bcaf3709f18a,1008,0,1,13
1,2,0,0,19,0.021796698001708137,0.018335000000000001,0.0028699999999999997,64262144,NA,NA,NA,NA,NA,NA,NA,NA,94392,29499,417,8,ec97d55cded7bb1cbf8e12495905cb68073380af6a6370282abb8f233d21e857,1009,0,1,14
1,2,1,1,19,0.0241693120005948,0.016836,0.005927,64507904,NA,NA,NA,NA,NA,NA,NA,NA,94392,29499,417,8,ec97d55cded7bb1cbf8e12495905cb68073380af6a6370282abb8f233d21e857,1003,0,1,7
1,2,0,1,6,0.017939877001481364,0.015188,0.0019019999999999998,53972992,NA,NA,NA,NA,NA,NA,NA,NA,17504,6529,133,1,5e7e7625c8b52e7a71d9370c6c8ab5025ac2b81f4970efe917952ec17c538f1c,552,0,1,6
1,2,1,0,6,0.019246575000579469,0.013405,0.0047910000000000001,54050816,NA,NA,NA,NA,NA,NA,NA,NA,17504,6529,133,1,5e7e7625c8b52e7a71d9370c6c8ab5025ac2b81f4970efe917952ec17c538f1c,562,0,1,8
1,2,0,0,11,0.018831298999430146,0.013014,0.0050139999999999994,53784576,NA,NA,NA,NA,NA,NA,NA,NA,14928,5066,257,64,9655be68483f45304d566dfb3dc63ba1458a5653029061a6b60617464768d366,1005,0,1,6
1,2,1,1,11,0.018986287999723572,0.014195999999999999,0.003784,53694464,NA,NA,NA,NA,NA,NA,NA,NA,14928,5066,257,64,9655be68483f45304d566dfb3dc63ba1458a5653029061a6b60617464768d366,997,0,1,6
1,2,0,0,7,0.020737599999847589,0.013082,0.0060219999999999996,53923840,NA,NA,NA,NA,NA,NA,NA,NA,17504,6529,133,1,5e7e7625c8b52e7a71d9370c6c8ab5025ac2b81f4970efe917952ec17c538f1c,1008,0,1,7
1,2,1,1,7,0.019843086000037147,0.016492,0.002068,53796864,NA,NA,NA,NA,NA,NA,NA,NA,17504,6529,133,1,5e7e7625c8b52e7a71d9370c6c8ab5025ac2b81f4970efe917952ec17c538f1c,1005,0,1,8
1,2,0,1,0,0.01824221800052328,0.013481999999999999,0.003849,51601408,NA,NA,NA,NA,NA,NA,NA,NA,2008,136,5,1,a8c1633e798ef980493443e67e6fdb6eada42f775edf7051d304d09c3ddadf5a,1003,0,1,4
1,2,1,0,0,0.017384335002134321,0.014275999999999999,0.0028579999999999999,51687424,NA,NA,NA,NA,NA,NA,NA,NA,2008,136,5,1,a8c1633e798ef980493443e67e6fdb6eada42f775edf7051d304d09c3ddadf5a,1002,0,1,1
1,2,0,1,2,0.01726509000218357,0.013025,0.0040019999999999995,51642368,NA,NA,NA,NA,NA,NA,NA,NA,2008,136,5,1,8210b4f6eac12a20575e673437437e82cfff653da437ea17992a3aed56a99207,1001,0,1,1
1,2,1,0,2,0.022269452001637546,0.018845999999999998,0.0029719999999999998,51773440,NA,NA,NA,NA,NA,NA,NA,NA,2008,136,5,1,8210b4f6eac12a20575e673437437e82cfff653da437ea17992a3aed56a99207,1000,0,1,3
1,2,0,1,20,0.057995461000245996,0.049623999999999995,0.0079179999999999997,81121280,NA,NA,NA,NA,NA,NA,NA,NA,220064,89118,2402,8,9bed9a0bde0e198846d4983ba78bcd51e5e45d614941dd9bc544c1667832b5ea,1014,0,1,0
1,2,1,0,20,0.04012010100268526,0.031773999999999997,0.0078829999999999994,81158144,NA,NA,NA,NA,NA,NA,NA,NA,220064,89118,2402,8,9bed9a0bde0e198846d4983ba78bcd51e5e45d614941dd9bc544c1667832b5ea,1021,0,1,3
1,2,0,0,12,0.025328277999506099,0.020038,0.0038219999999999999,55967744,NA,NA,NA,NA,NA,NA,NA,NA,40904,35142,517,1,5c836afd34e5659fc140fff27358a40506e741bf81aa02c58678151e3747eac9,1003,0,1,11
1,2,1,1,12,0.032402783999714302,0.022246999999999999,0.008088999999999999,56250368,NA,NA,NA,NA,NA,NA,NA,NA,40904,35142,517,1,5c836afd34e5659fc140fff27358a40506e741bf81aa02c58678151e3747eac9,559,0,1,12
1,2,0,1,10,0.020204258999001468,0.014317,0.0047729999999999995,53960704,NA,NA,NA,NA,NA,NA,NA,NA,14928,5066,257,64,9655be68483f45304d566dfb3dc63ba1458a5653029061a6b60617464768d366,1028,0,1,6
1,2,1,0,10,0.019992686000477988,0.014489,0.004156,53800960,NA,NA,NA,NA,NA,NA,NA,NA,14928,5066,257,64,9655be68483f45304d566dfb3dc63ba1458a5653029061a6b60617464768d366,998,0,1,9
1,2,0,0,16,0.027382569001929369,0.020472000000000001,0.0058399999999999997,64458752,NA,NA,NA,NA,NA,NA,NA,NA,136888,29499,417,8,af3bdbbd0003d101664215b713d407f2160931601787a4fad2f046110caa3e72,1044,0,1,9
1,2,1,1,16,0.028217063001648057,0.019667,0.0068690000000000001,64647168,NA,NA,NA,NA,NA,NA,NA,NA,136888,29499,417,8,af3bdbbd0003d101664215b713d407f2160931601787a4fad2f046110caa3e72,566,0,1,12
1,2,0,1,3,0.017793308001273545,0.012943999999999999,0.0039810000000000002,51933184,NA,NA,NA,NA,NA,NA,NA,NA,2008,136,5,1,8210b4f6eac12a20575e673437437e82cfff653da437ea17992a3aed56a99207,557,0,1,4
1,2,1,0,3,0.018470312999852467,0.013122,0.0050469999999999994,51621888,NA,NA,NA,NA,NA,NA,NA,NA,2008,136,5,1,8210b4f6eac12a20575e673437437e82cfff653da437ea17992a3aed56a99207,1003,0,1,5
1,2,0,1,8,0.024821379000059096,0.017221999999999998,0.0070910000000000001,53788672,NA,NA,NA,NA,NA,NA,NA,NA,13904,5066,257,64,f70f03940df99c8ce0b0b02082129e05360030bd32e6edc5877c0f69a31bb0a4,1002,0,1,9
1,2,1,0,8,0.027668177001032745,0.019529999999999999,0.0068129999999999996,53805056,NA,NA,NA,NA,NA,NA,NA,NA,13904,5066,257,64,f70f03940df99c8ce0b0b02082129e05360030bd32e6edc5877c0f69a31bb0a4,1004,0,1,7
1,3,0,0,18,0.039782464999007061,0.028850999999999998,0.0099290000000000003,64397312,NA,NA,NA,NA,NA,NA,NA,NA,94392,29499,417,8,ec97d55cded7bb1cbf8e12495905cb68073380af6a6370282abb8f233d21e857,1009,0,1,10
1,3,1,1,18,0.040981717000249773,0.028287999999999997,0.012114999999999999,64409600,NA,NA,NA,NA,NA,NA,NA,NA,94392,29499,417,8,ec97d55cded7bb1cbf8e12495905cb68073380af6a6370282abb8f233d21e857,1048,0,1,0
1,3,0,0,6,0.030890404999809107,0.021222999999999999,0.0086610000000000003,54067200,NA,NA,NA,NA,NA,NA,NA,NA,17504,6529,133,1,5e7e7625c8b52e7a71d9370c6c8ab5025ac2b81f4970efe917952ec17c538f1c,562,0,1,21
1,3,1,1,6,0.029807034999976167,0.021093999999999998,0.0080179999999999991,53768192,NA,NA,NA,NA,NA,NA,NA,NA,17504,6529,133,1,5e7e7625c8b52e7a71d9370c6c8ab5025ac2b81f4970efe917952ec17c538f1c,999,0,1,7
1,3,0,1,5,0.01890071900197654,0.015495999999999999,0.0029159999999999998,54087680,NA,NA,NA,NA,NA,NA,NA,NA,25888,6529,133,1,6cbbbbf695d9298d218c01af658d12c9a04646e608628360a5a03df9e71e6d9c,554,0,1,3
1,3,1,0,5,0.023855493000155548,0.016664999999999999,0.0068230000000000001,53817344,NA,NA,NA,NA,NA,NA,NA,NA,25888,6529,133,1,6cbbbbf695d9298d218c01af658d12c9a04646e608628360a5a03df9e71e6d9c,1004,0,1,0
1,3,0,0,2,0.024837500997819006,0.019400999999999998,0.0051019999999999998,51699712,NA,NA,NA,NA,NA,NA,NA,NA,2008,136,5,1,8210b4f6eac12a20575e673437437e82cfff653da437ea17992a3aed56a99207,1002,0,1,0
1,3,1,1,2,0.017806293999456102,0.011665,0.0058399999999999997,51666944,NA,NA,NA,NA,NA,NA,NA,NA,2008,136,5,1,8210b4f6eac12a20575e673437437e82cfff653da437ea17992a3aed56a99207,1002,0,1,1
1,3,0,1,17,0.023164808000728954,0.019847999999999998,0.00298,64139264,NA,NA,NA,NA,NA,NA,NA,NA,127800,29499,417,8,cf7b13a857f01f4a14779c4cf8ec5e795ca6dd011a53f4345643bcaf3709f18a,1005,0,1,2
1,3,1,0,17,0.023067011999955866,0.017433999999999998,0.0051459999999999995,64663552,NA,NA,NA,NA,NA,NA,NA,NA,127800,29499,417,8,cf7b13a857f01f4a14779c4cf8ec5e795ca6dd011a53f4345643bcaf3709f18a,564,0,1,12
1,3,0,1,12,0.023414397001033649,0.015941,0.0069509999999999997,55963648,NA,NA,NA,NA,NA,NA,NA,NA,40904,35142,517,1,5c836afd34e5659fc140fff27358a40506e741bf81aa02c58678151e3747eac9,1004,0,1,4
1,3,1,0,12,0.026849164001760073,0.021260999999999999,0.0050590000000000001,55971840,NA,NA,NA,NA,NA,NA,NA,NA,40904,35142,517,1,5c836afd34e5659fc140fff27358a40506e741bf81aa02c58678151e3747eac9,1005,0,1,5
1,3,0,0,3,0.018509653000364779,0.011949,0.0059670000000000001,51789824,NA,NA,NA,NA,NA,NA,NA,NA,2008,136,5,1,8210b4f6eac12a20575e673437437e82cfff653da437ea17992a3aed56a99207,1006,0,1,4
1,3,1,1,3,0.018782881998049561,0.015276,0.003055,51810304,NA,NA,NA,NA,NA,NA,NA,NA,2008,136,5,1,8210b4f6eac12a20575e673437437e82cfff653da437ea17992a3aed56a99207,997,0,1,4
1,3,0,1,14,0.021038574999693083,0.014239,0.005692,56311808,NA,NA,NA,NA,NA,NA,NA,NA,32824,35142,517,1,5a24ee2382083ee5d5eb9b364e57818da3678644deec6a705c5878fcd40e5876,555,0,1,7
1,3,1,0,14,0.025138490000244929,0.018279999999999998,0.0064189999999999994,55996416,NA,NA,NA,NA,NA,NA,NA,NA,32824,35142,517,1,5a24ee2382083ee5d5eb9b364e57818da3678644deec6a705c5878fcd40e5876,1008,0,1,3
1,3,0,1,7,0.018094314000336453,0.013526999999999999,0.0041580000000000002,53690368,NA,NA,NA,NA,NA,NA,NA,NA,17504,6529,133,1,5e7e7625c8b52e7a71d9370c6c8ab5025ac2b81f4970efe917952ec17c538f1c,1000,0,1,3
1,3,1,0,7,0.01853255600144621,0.013006,0.0049899999999999996,53846016,NA,NA,NA,NA,NA,NA,NA,NA,17504,6529,133,1,5e7e7625c8b52e7a71d9370c6c8ab5025ac2b81f4970efe917952ec17c538f1c,1003,0,2,4
1,3,0,1,23,0.04195776499909698,0.033179,0.0068319999999999995,81358848,NA,NA,NA,NA,NA,NA,NA,NA,180960,89118,2402,8,46606a158b66af8518456db0739cae64d8d2e5f9a80404e15ddbb91810d3af0d,1018,0,1,11
1,3,1,0,23,0.053480222002690425,0.044794,0.007951999999999999,81432576,NA,NA,NA,NA,NA,NA,NA,NA,180960,89118,2402,8,46606a158b66af8518456db0739cae64d8d2e5f9a80404e15ddbb91810d3af0d,576,0,1,3
1,3,0,1,15,0.022292124998784857,0.01396,0.0079719999999999999,55894016,NA,NA,NA,NA,NA,NA,NA,NA,32824,35142,517,1,5a24ee2382083ee5d5eb9b364e57818da3678644deec6a705c5878fcd40e5876,1004,0,1,1
1,3,1,0,15,0.018668377000722103,0.013259999999999999,0.0050739999999999995,56266752,NA,NA,NA,NA,NA,NA,NA,NA,32824,35142,517,1,5a24ee2382083ee5d5eb9b364e57818da3678644deec6a705c5878fcd40e5876,564,0,1,2
1,3,0,1,21,0.029689693001273554,0.023212999999999998,0.0060469999999999994,81162240,NA,NA,NA,NA,NA,NA,NA,NA,277920,89118,2402,8,089ec4ce05f5e4d43e3e352375117ee462b31249b272f87015d01ad0429bd7f9,1015,0,1,4
1,3,1,0,21,0.029269099999510217,0.023857999999999997,0.0049689999999999995,81473536,NA,NA,NA,NA,NA,NA,NA,NA,277920,89118,2402,8,089ec4ce05f5e4d43e3e352375117ee462b31249b272f87015d01ad0429bd7f9,573,0,1,4
1,3,0,0,20,0.039825654999731341,0.029550999999999997,0.0098549999999999992,81448960,NA,NA,NA,NA,NA,NA,NA,NA,220064,89118,2402,8,9bed9a0bde0e198846d4983ba78bcd51e5e45d614941dd9bc544c1667832b5ea,1043,0,1,2
1,3,1,1,20,0.04076174000147148,0.030532,0.0088509999999999995,80883712,NA,NA,NA,NA,NA,NA,NA,NA,220064,89118,2402,8,9bed9a0bde0e198846d4983ba78bcd51e5e45d614941dd9bc544c1667832b5ea,1015,0,1,5
1,3,0,0,10,0.019577366001612972,0.013231999999999999,0.0060949999999999997,53653504,NA,NA,NA,NA,NA,NA,NA,NA,14928,5066,257,64,9655be68483f45304d566dfb3dc63ba1458a5653029061a6b60617464768d366,999,0,1,0
1,3,1,1,10,0.020014798999909544,0.013618999999999999,0.0057939999999999997,54116352,NA,NA,NA,NA,NA,NA,NA,NA,14928,5066,257,64,9655be68483f45304d566dfb3dc63ba1458a5653029061a6b60617464768d366,557,0,1,12
1,3,0,1,19,0.022380434998922283,0.017030999999999998,0.0049959999999999996,64659456,NA,NA,NA,NA,NA,NA,NA,NA,94392,29499,417,8,ec97d55cded7bb1cbf8e12495905cb68073380af6a6370282abb8f233d21e857,558,0,1,0
1,3,1,0,19,0.02310647199919913,0.016702999999999999,0.0058869999999999999,64503808,NA,NA,NA,NA,NA,NA,NA,NA,94392,29499,417,8,ec97d55cded7bb1cbf8e12495905cb68073380af6a6370282abb8f233d21e857,562,0,1,2
1,3,0,0,9,0.018397035000816686,0.011457,0.006672,53882880,NA,NA,NA,NA,NA,NA,NA,NA,20048,5066,257,64,d8d78f7bb977c6f730c6b5cdfaa88bed294d141a9777385856f783cc112e0874,1001,0,1,2
1,3,1,1,9,0.021529218000068795,0.015533,0.004849,53903360,NA,NA,NA,NA,NA,NA,NA,NA,20048,5066,257,64,d8d78f7bb977c6f730c6b5cdfaa88bed294d141a9777385856f783cc112e0874,551,0,1,7
1,3,0,1,13,0.033318089001113549,0.023786999999999999,0.0089540000000000002,55762944,NA,NA,NA,NA,NA,NA,NA,NA,41016,35142,517,1,662bf8c3f785828e59b2e955c5f9255272bd2640c5dd7e9c2804e24f24350bdf,1020,0,1,8
1,3,1,0,13,0.030478703996777767,0.019932999999999999,0.0099349999999999994,55853056,NA,NA,NA,NA,NA,NA,NA,NA,41016,35142,517,1,662bf8c3f785828e59b2e955c5f9255272bd2640c5dd7e9c2804e24f24350bdf,1000,0,1,5
1,3,0,1,11,0.01807370499955141,0.014797999999999999,0.0029709999999999997,53620736,NA,NA,NA,NA,NA,NA,NA,NA,14928,5066,257,64,9655be68483f45304d566dfb3dc63ba1458a5653029061a6b60617464768d366,1002,0,1,4
1,3,1,0,11,0.024983437997434521,0.018598,0.0048859999999999997,53907456,NA,NA,NA,NA,NA,NA,NA,NA,14928,5066,257,64,9655be68483f45304d566dfb3dc63ba1458a5653029061a6b60617464768d366,1001,0,1,8
1,3,0,0,0,0.025634536999859847,0.018076999999999999,0.0070029999999999997,51761152,NA,NA,NA,NA,NA,NA,NA,NA,2008,136,5,1,a8c1633e798ef980493443e67e6fdb6eada42f775edf7051d304d09c3ddadf5a,1003,0,1,3
1,3,1,1,0,0.018080768000800163,0.013894,0.003967,51580928,NA,NA,NA,NA,NA,NA,NA,NA,2008,136,5,1,a8c1633e798ef980493443e67e6fdb6eada42f775edf7051d304d09c3ddadf5a,1000,0,1,0
1,3,0,0,4,0.029365334998146864,0.022879999999999998,0.0059819999999999995,53735424,NA,NA,NA,NA,NA,NA,NA,NA,22160,6529,133,1,3ac5102c6f2bc513eb86f2343729d5f51295afd9e738a690903fa32334fb4c28,1005,0,1,4
1,3,1,1,4,0.02830506600002991,0.019776999999999999,0.0079069999999999991,53927936,NA,NA,NA,NA,NA,NA,NA,NA,22160,6529,133,1,3ac5102c6f2bc513eb86f2343729d5f51295afd9e738a690903fa32334fb4c28,558,0,1,12
1,3,0,0,22,0.030359586999111343,0.023722999999999998,0.0059179999999999996,81043456,NA,NA,NA,NA,NA,NA,NA,NA,180960,89118,2402,8,46606a158b66af8518456db0739cae64d8d2e5f9a80404e15ddbb91810d3af0d,1014,0,1,15
1,3,1,1,22,0.040771498999674805,0.032203999999999997,0.007809,81027072,NA,NA,NA,NA,NA,NA,NA,NA,180960,89118,2402,8,46606a158b66af8518456db0739cae64d8d2e5f9a80404e15ddbb91810d3af0d,1013,0,1,7
1,3,0,0,8,0.02547191799749271,0.017927999999999999,0.00694,53878784,NA,NA,NA,NA,NA,NA,NA,NA,13904,5066,257,64,f70f03940df99c8ce0b0b02082129e05360030bd32e6edc5877c0f69a31bb0a4,1001,0,1,5
1,3,1,1,8,0.01978361799774575,0.015449999999999998,0.0038549999999999999,53735424,NA,NA,NA,NA,NA,NA,NA,NA,13904,5066,257,64,f70f03940df99c8ce0b0b02082129e05360030bd32e6edc5877c0f69a31bb0a4,1004,0,1,4
1,3,0,1,16,0.026735202998679597,0.021406999999999999,0.0048329999999999996,64516096,NA,NA,NA,NA,NA,NA,NA,NA,136888,29499,417,8,af3bdbbd0003d101664215b713d407f2160931601787a4fad2f046110caa3e72,565,0,1,7
1,3,1,0,16,0.026737653999589384,0.020329999999999997,0.0057829999999999999,64294912,NA,NA,NA,NA,NA,NA,NA,NA,136888,29499,417,8,af3bdbbd0003d101664215b713d407f2160931601787a4fad2f046110caa3e72,1009,0,2,4
1,3,0,0,1,0.018416220998915378,0.012496,0.0052090000000000001,51838976,NA,NA,NA,NA,NA,NA,NA,NA,2056,136,5,1,6b21b079ef6f8f7f055926600e53b906dd7be041e021dd2791b7aa8c55e24585,1011,0,1,4
1,3,1,1,1,0.017183030999149196,0.0099979999999999999,0.0069779999999999998,51474432,NA,NA,NA,NA,NA,NA,NA,NA,2056,136,5,1,6b21b079ef6f8f7f055926600e53b906dd7be041e021dd2791b7aa8c55e24585,997,0,1,0
1,4,0,1,14,0.019159442003001459,0.014882999999999999,0.0039579999999999997,56029184,NA,NA,NA,NA,NA,NA,NA,NA,32824,35142,517,1,5a24ee2382083ee5d5eb9b364e57818da3678644deec6a705c5878fcd40e5876,1040,0,1,3
1,4,1,0,14,0.028576541997608729,0.022016999999999998,0.0060229999999999997,55955456,NA,NA,NA,NA,NA,NA,NA,NA,32824,35142,517,1,5a24ee2382083ee5d5eb9b364e57818da3678644deec6a705c5878fcd40e5876,1006,0,1,4
1,4,0,1,0,0.028294439001911087,0.025883999999999997,0.0019949999999999998,51650560,NA,NA,NA,NA,NA,NA,NA,NA,2008,136,5,1,a8c1633e798ef980493443e67e6fdb6eada42f775edf7051d304d09c3ddadf5a,1000,0,1,0
1,4,1,0,0,0.019559841002774192,0.012156,0.007045,51646464,NA,NA,NA,NA,NA,NA,NA,NA,2008,136,5,1,a8c1633e798ef980493443e67e6fdb6eada42f775edf7051d304d09c3ddadf5a,1000,0,1,1
1,4,0,0,22,0.029634760001499671,0.024985999999999998,0.0039870000000000001,81182720,NA,NA,NA,NA,NA,NA,NA,NA,180960,89118,2402,8,46606a158b66af8518456db0739cae64d8d2e5f9a80404e15ddbb91810d3af0d,1019,0,1,3
1,4,1,1,22,0.039984474999073427,0.030671999999999998,0.0071509999999999994,81403904,NA,NA,NA,NA,NA,NA,NA,NA,180960,89118,2402,8,46606a158b66af8518456db0739cae64d8d2e5f9a80404e15ddbb91810d3af0d,1056,0,1,14
1,4,0,0,15,0.032232560999545967,0.021239999999999998,0.008657999999999999,56033280,NA,NA,NA,NA,NA,NA,NA,NA,32824,35142,517,1,5a24ee2382083ee5d5eb9b364e57818da3678644deec6a705c5878fcd40e5876,1013,0,1,11
1,4,1,1,15,0.019516169999405975,0.013642,0.0048529999999999997,56053760,NA,NA,NA,NA,NA,NA,NA,NA,32824,35142,517,1,5a24ee2382083ee5d5eb9b364e57818da3678644deec6a705c5878fcd40e5876,1004,0,1,5
1,4,0,1,6,0.019130734999635024,0.016069,0.0021440000000000001,53899264,NA,NA,NA,NA,NA,NA,NA,NA,17504,6529,133,1,5e7e7625c8b52e7a71d9370c6c8ab5025ac2b81f4970efe917952ec17c538f1c,1002,0,1,5
1,4,1,0,6,0.019423374000325566,0.014062,0.0040229999999999997,54157312,NA,NA,NA,NA,NA,NA,NA,NA,17504,6529,133,1,5e7e7625c8b52e7a71d9370c6c8ab5025ac2b81f4970efe917952ec17c538f1c,560,0,1,7
1,4,0,0,4,0.022025330999895232,0.015252,0.0060759999999999998,53735424,NA,NA,NA,NA,NA,NA,NA,NA,22160,6529,133,1,3ac5102c6f2bc513eb86f2343729d5f51295afd9e738a690903fa32334fb4c28,1004,0,1,4
1,4,1,1,4,0.027108075999421999,0.021322000000000001,0.0050019999999999995,53813248,NA,NA,NA,NA,NA,NA,NA,NA,22160,6529,133,1,3ac5102c6f2bc513eb86f2343729d5f51295afd9e738a690903fa32334fb4c28,1002,0,1,2
1,4,0,0,9,0.019233985000028042,0.012622,0.0059499999999999996,53702656,NA,NA,NA,NA,NA,NA,NA,NA,20048,5066,257,64,d8d78f7bb977c6f730c6b5cdfaa88bed294d141a9777385856f783cc112e0874,1002,0,0,3
1,4,1,1,9,0.024310990000230959,0.019577000000000001,0.0039459999999999999,53719040,NA,NA,NA,NA,NA,NA,NA,NA,20048,5066,257,64,d8d78f7bb977c6f730c6b5cdfaa88bed294d141a9777385856f783cc112e0874,999,0,1,8
1,4,0,0,8,0.033578233000298496,0.025013999999999998,0.0072689999999999994,53760000,NA,NA,NA,NA,NA,NA,NA,NA,13904,5066,257,64,f70f03940df99c8ce0b0b02082129e05360030bd32e6edc5877c0f69a31bb0a4,1003,0,1,11
1,4,1,1,8,0.020008538998808945,0.014192,0.0050499999999999998,53862400,NA,NA,NA,NA,NA,NA,NA,NA,13904,5066,257,64,f70f03940df99c8ce0b0b02082129e05360030bd32e6edc5877c0f69a31bb0a4,1004,0,1,7
1,4,0,0,2,0.018666563999431673,0.012086999999999999,0.0060279999999999995,51646464,NA,NA,NA,NA,NA,NA,NA,NA,2008,136,5,1,8210b4f6eac12a20575e673437437e82cfff653da437ea17992a3aed56a99207,999,0,1,7
1,4,1,1,2,0.01802618800138589,0.013429999999999999,0.0041199999999999995,51515392,NA,NA,NA,NA,NA,NA,NA,NA,2008,136,5,1,8210b4f6eac12a20575e673437437e82cfff653da437ea17992a3aed56a99207,998,0,1,4
1,4,0,0,18,0.022878504998516291,0.017402999999999998,0.0048449999999999995,64360448,NA,NA,NA,NA,NA,NA,NA,NA,94392,29499,417,8,ec97d55cded7bb1cbf8e12495905cb68073380af6a6370282abb8f233d21e857,1011,0,1,7
1,4,1,1,18,0.024721124998904997,0.020295999999999998,0.0040679999999999996,64483328,NA,NA,NA,NA,NA,NA,NA,NA,94392,29499,417,8,ec97d55cded7bb1cbf8e12495905cb68073380af6a6370282abb8f233d21e857,1004,0,1,2
1,4,0,0,23,0.056426973998895846,0.044850000000000001,0.010947,81268736,NA,NA,NA,NA,NA,NA,NA,NA,180960,89118,2402,8,46606a158b66af8518456db0739cae64d8d2e5f9a80404e15ddbb91810d3af0d,1020,0,1,4
1,4,1,1,23,0.03347672600284568,0.022301999999999999,0.010635,81235968,NA,NA,NA,NA,NA,NA,NA,NA,180960,89118,2402,8,46606a158b66af8518456db0739cae64d8d2e5f9a80404e15ddbb91810d3af0d,1020,0,1,4
1,4,0,0,17,0.024776252997980919,0.016292999999999998,0.0081269999999999988,64319488,NA,NA,NA,NA,NA,NA,NA,NA,127800,29499,417,8,cf7b13a857f01f4a14779c4cf8ec5e795ca6dd011a53f4345643bcaf3709f18a,1008,0,1,4
1,4,1,1,17,0.026655527002731105,0.020185999999999999,0.0060439999999999999,64278528,NA,NA,NA,NA,NA,NA,NA,NA,127800,29499,417,8,cf7b13a857f01f4a14779c4cf8ec5e795ca6dd011a53f4345643bcaf3709f18a,1007,0,1,5
1,4,0,0,5,0.019333570999151561,0.012558999999999999,0.0057989999999999995,54050816,NA,NA,NA,NA,NA,NA,NA,NA,25888,6529,133,1,6cbbbbf695d9298d218c01af658d12c9a04646e608628360a5a03df9e71e6d9c,558,0,1,8
1,4,1,1,5,0.020725092999782646,0.016298,0.0040749999999999996,53911552,NA,NA,NA,NA,NA,NA,NA,NA,25888,6529,133,1,6cbbbbf695d9298d218c01af658d12c9a04646e608628360a5a03df9e71e6d9c,1001,0,1,3
1,4,0,1,7,0.027207293998799287,0.019410999999999998,0.0071649999999999995,53813248,NA,NA,NA,NA,NA,NA,NA,NA,17504,6529,133,1,5e7e7625c8b52e7a71d9370c6c8ab5025ac2b81f4970efe917952ec17c538f1c,1011,0,1,5
1,4,1,0,7,0.029801990000123624,0.021177999999999999,0.0080949999999999998,54190080,NA,NA,NA,NA,NA,NA,NA,NA,17504,6529,133,1,5e7e7625c8b52e7a71d9370c6c8ab5025ac2b81f4970efe917952ec17c538f1c,565,0,1,1
1,4,0,0,20,0.063688317000924144,0.053758999999999994,0.0089589999999999999,81530880,NA,NA,NA,NA,NA,NA,NA,NA,220064,89118,2402,8,9bed9a0bde0e198846d4983ba78bcd51e5e45d614941dd9bc544c1667832b5ea,573,0,1,9
1,4,1,1,20,0.042180335000011837,0.035364,0.0057859999999999995,81272832,NA,NA,NA,NA,NA,NA,NA,NA,220064,89118,2402,8,9bed9a0bde0e198846d4983ba78bcd51e5e45d614941dd9bc544c1667832b5ea,1045,0,1,24
1,4,0,1,1,0.021720523000112735,0.013732999999999999,0.0064009999999999996,51675136,NA,NA,NA,NA,NA,NA,NA,NA,2056,136,5,1,6b21b079ef6f8f7f055926600e53b906dd7be041e021dd2791b7aa8c55e24585,1001,0,1,7
1,4,1,0,1,0.025689181999041466,0.017887999999999998,0.0069619999999999994,51748864,NA,NA,NA,NA,NA,NA,NA,NA,2056,136,5,1,6b21b079ef6f8f7f055926600e53b906dd7be041e021dd2791b7aa8c55e24585,1000,0,1,20
1,4,0,1,11,0.033983720000833273,0.025221,0.0070389999999999993,53743616,NA,NA,NA,NA,NA,NA,NA,NA,14928,5066,257,64,9655be68483f45304d566dfb3dc63ba1458a5653029061a6b60617464768d366,999,0,1,4
1,4,1,0,11,0.038832897000247613,0.028166,0.010003999999999999,54181888,NA,NA,NA,NA,NA,NA,NA,NA,14928,5066,257,64,9655be68483f45304d566dfb3dc63ba1458a5653029061a6b60617464768d366,556,0,1,1
1,4,0,0,16,0.054861865999555448,0.046185999999999998,0.0080070000000000002,64593920,NA,NA,NA,NA,NA,NA,NA,NA,136888,29499,417,8,af3bdbbd0003d101664215b713d407f2160931601787a4fad2f046110caa3e72,1045,0,1,1
1,4,1,1,16,0.051152426000044215,0.043708999999999998,0.0069349999999999993,64294912,NA,NA,NA,NA,NA,NA,NA,NA,136888,29499,417,8,af3bdbbd0003d101664215b713d407f2160931601787a4fad2f046110caa3e72,1005,0,1,0
1,4,0,0,12,0.039112684000428999,0.029211999999999998,0.0087189999999999993,55676928,NA,NA,NA,NA,NA,NA,NA,NA,40904,35142,517,1,5c836afd34e5659fc140fff27358a40506e741bf81aa02c58678151e3747eac9,1000,0,1,23
1,4,1,1,12,0.036399666001670994,0.027698999999999998,0.0078459999999999988,55820288,NA,NA,NA,NA,NA,NA,NA,NA,40904,35142,517,1,5c836afd34e5659fc140fff27358a40506e741bf81aa02c58678151e3747eac9,1002,0,1,4
1,4,0,0,19,0.031715095999970799,0.019348999999999998,0.011384999999999999,64393216,NA,NA,NA,NA,NA,NA,NA,NA,94392,29499,417,8,ec97d55cded7bb1cbf8e12495905cb68073380af6a6370282abb8f233d21e857,1011,0,1,0
1,4,1,1,19,0.022271218000241788,0.016590000000000001,0.0049699999999999996,64393216,NA,NA,NA,NA,NA,NA,NA,NA,94392,29499,417,8,ec97d55cded7bb1cbf8e12495905cb68073380af6a6370282abb8f233d21e857,1028,0,1,2
1,4,0,0,21,0.029956904003483942,0.024095999999999999,0.0050569999999999999,81244160,NA,NA,NA,NA,NA,NA,NA,NA,277920,89118,2402,8,089ec4ce05f5e4d43e3e352375117ee462b31249b272f87015d01ad0429bd7f9,1021,0,1,2
1,4,1,1,21,0.030822815002466086,0.023337,0.0067199999999999994,81190912,NA,NA,NA,NA,NA,NA,NA,NA,277920,89118,2402,8,089ec4ce05f5e4d43e3e352375117ee462b31249b272f87015d01ad0429bd7f9,1016,0,1,8
1,4,0,0,10,0.019669872002850752,0.014128,0.0050429999999999997,53747712,NA,NA,NA,NA,NA,NA,NA,NA,14928,5066,257,64,9655be68483f45304d566dfb3dc63ba1458a5653029061a6b60617464768d366,1004,0,1,4
1,4,1,1,10,0.019846062001306564,0.012617999999999999,0.0068009999999999998,54050816,NA,NA,NA,NA,NA,NA,NA,NA,14928,5066,257,64,9655be68483f45304d566dfb3dc63ba1458a5653029061a6b60617464768d366,555,0,1,4
1,4,0,0,3,0.01981261299806647,0.013639,0.005836,51691520,NA,NA,NA,NA,NA,NA,NA,NA,2008,136,5,1,8210b4f6eac12a20575e673437437e82cfff653da437ea17992a3aed56a99207,999,0,1,0
1,4,1,1,3,0.029405826000584057,0.022664999999999998,0.005901,51941376,NA,NA,NA,NA,NA,NA,NA,NA,2008,136,5,1,8210b4f6eac12a20575e673437437e82cfff653da437ea17992a3aed56a99207,1016,0,1,17
1,4,0,0,13,0.03216301599968574,0.024095999999999999,0.006992,56336384,NA,NA,NA,NA,NA,NA,NA,NA,41016,35142,517,1,662bf8c3f785828e59b2e955c5f9255272bd2640c5dd7e9c2804e24f24350bdf,558,0,1,24
1,4,1,1,13,0.030738897999981418,0.022966,0.0069779999999999998,56303616,NA,NA,NA,NA,NA,NA,NA,NA,41016,35142,517,1,662bf8c3f785828e59b2e955c5f9255272bd2640c5dd7e9c2804e24f24350bdf,561,0,1,4
1,5,0,1,2,0.035997528000734746,0.024766,0.0092789999999999991,51765248,NA,NA,NA,NA,NA,NA,NA,NA,2008,136,5,1,8210b4f6eac12a20575e673437437e82cfff653da437ea17992a3aed56a99207,998,0,1,9
1,5,1,0,2,0.023682893999648513,0.015349999999999999,0.0076399999999999992,51884032,NA,NA,NA,NA,NA,NA,NA,NA,2008,136,5,1,8210b4f6eac12a20575e673437437e82cfff653da437ea17992a3aed56a99207,1002,0,1,7
1,5,0,1,3,0.027392361000238452,0.017403999999999999,0.0082119999999999988,51757056,NA,NA,NA,NA,NA,NA,NA,NA,2008,136,5,1,8210b4f6eac12a20575e673437437e82cfff653da437ea17992a3aed56a99207,1002,0,1,9
1,5,1,0,3,0.026610065000568284,0.018394000000000001,0.0077379999999999992,51965952,NA,NA,NA,NA,NA,NA,NA,NA,2008,136,5,1,8210b4f6eac12a20575e673437437e82cfff653da437ea17992a3aed56a99207,557,0,1,0
1,5,0,1,9,0.019184943001164356,0.013021,0.004999,54022144,NA,NA,NA,NA,NA,NA,NA,NA,20048,5066,257,64,d8d78f7bb977c6f730c6b5cdfaa88bed294d141a9777385856f783cc112e0874,563,0,1,6
1,5,1,0,9,0.018648874000064097,0.01252,0.0052750000000000002,53817344,NA,NA,NA,NA,NA,NA,NA,NA,20048,5066,257,64,d8d78f7bb977c6f730c6b5cdfaa88bed294d141a9777385856f783cc112e0874,1028,0,1,3
1,5,0,0,11,0.02308192399868858,0.01584,0.0069259999999999999,53923840,NA,NA,NA,NA,NA,NA,NA,NA,14928,5066,257,64,9655be68483f45304d566dfb3dc63ba1458a5653029061a6b60617464768d366,1001,0,1,1
1,5,1,1,11,0.034572251002828125,0.025814999999999998,0.0079119999999999989,53764096,NA,NA,NA,NA,NA,NA,NA,NA,14928,5066,257,64,9655be68483f45304d566dfb3dc63ba1458a5653029061a6b60617464768d366,1001,0,1,4
1,5,0,0,14,0.028383784996549366,0.016749,0.010792999999999999,55922688,NA,NA,NA,NA,NA,NA,NA,NA,32824,35142,517,1,5a24ee2382083ee5d5eb9b364e57818da3678644deec6a705c5878fcd40e5876,1001,0,1,9
1,5,1,1,14,0.020440090000192868,0.015817999999999999,0.0039639999999999996,56074240,NA,NA,NA,NA,NA,NA,NA,NA,32824,35142,517,1,5a24ee2382083ee5d5eb9b364e57818da3678644deec6a705c5878fcd40e5876,1025,0,1,8
1,5,0,1,18,0.023179268999228952,0.015691,0.0068820000000000001,64307200,NA,NA,NA,NA,NA,NA,NA,NA,94392,29499,417,8,ec97d55cded7bb1cbf8e12495905cb68073380af6a6370282abb8f233d21e857,1002,0,1,7
1,5,1,0,18,0.025197546998242615,0.018619,0.0058769999999999994,64475136,NA,NA,NA,NA,NA,NA,NA,NA,94392,29499,417,8,ec97d55cded7bb1cbf8e12495905cb68073380af6a6370282abb8f233d21e857,561,0,1,15
1,5,0,1,5,0.030324847000883892,0.024591999999999999,0.0048599999999999997,53817344,NA,NA,NA,NA,NA,NA,NA,NA,25888,6529,133,1,6cbbbbf695d9298d218c01af658d12c9a04646e608628360a5a03df9e71e6d9c,997,0,1,12
1,5,1,0,5,0.019396316001802916,0.014019999999999999,0.004993,53972992,NA,NA,NA,NA,NA,NA,NA,NA,25888,6529,133,1,6cbbbbf695d9298d218c01af658d12c9a04646e608628360a5a03df9e71e6d9c,1016,0,1,1
1,5,0,1,21,0.029821924999851035,0.024501999999999999,0.0048939999999999999,81096704,NA,NA,NA,NA,NA,NA,NA,NA,277920,89118,2402,8,089ec4ce05f5e4d43e3e352375117ee462b31249b272f87015d01ad0429bd7f9,1017,0,1,3
1,5,1,0,21,0.029966643000079785,0.025406999999999999,0.0039129999999999998,81195008,NA,NA,NA,NA,NA,NA,NA,NA,277920,89118,2402,8,089ec4ce05f5e4d43e3e352375117ee462b31249b272f87015d01ad0429bd7f9,1019,0,1,14
1,5,0,1,12,0.020692024001618847,0.016367,0.0038419999999999999,55996416,NA,NA,NA,NA,NA,NA,NA,NA,40904,35142,517,1,5c836afd34e5659fc140fff27358a40506e741bf81aa02c58678151e3747eac9,1004,0,1,13
1,5,1,0,12,0.023585846000059973,0.014537,0.0083000000000000001,55959552,NA,NA,NA,NA,NA,NA,NA,NA,40904,35142,517,1,5c836afd34e5659fc140fff27358a40506e741bf81aa02c58678151e3747eac9,1005,0,1,4
1,5,0,0,7,0.029207837000285508,0.022733999999999997,0.0059059999999999998,54046720,NA,NA,NA,NA,NA,NA,NA,NA,17504,6529,133,1,5e7e7625c8b52e7a71d9370c6c8ab5025ac2b81f4970efe917952ec17c538f1c,556,0,1,4
1,5,1,1,7,0.019708872001501732,0.014218,0.0050559999999999997,53637120,NA,NA,NA,NA,NA,NA,NA,NA,17504,6529,133,1,5e7e7625c8b52e7a71d9370c6c8ab5025ac2b81f4970efe917952ec17c538f1c,995,0,1,3
1,5,0,1,8,0.017956181000045035,0.014664,0.0029369999999999999,54067200,NA,NA,NA,NA,NA,NA,NA,NA,13904,5066,257,64,f70f03940df99c8ce0b0b02082129e05360030bd32e6edc5877c0f69a31bb0a4,559,0,1,3
1,5,1,0,8,0.02528671099935309,0.016985999999999998,0.0079760000000000005,53936128,NA,NA,NA,NA,NA,NA,NA,NA,13904,5066,257,64,f70f03940df99c8ce0b0b02082129e05360030bd32e6edc5877c0f69a31bb0a4,1030,0,1,0
1,5,0,0,1,0.02760834700166015,0.021891999999999998,0.0049399999999999999,51781632,NA,NA,NA,NA,NA,NA,NA,NA,2056,136,5,1,6b21b079ef6f8f7f055926600e53b906dd7be041e021dd2791b7aa8c55e24585,1000,0,1,6
1,5,1,1,1,0.029006560002017068,0.02146,0.0067849999999999994,51961856,NA,NA,NA,NA,NA,NA,NA,NA,2056,136,5,1,6b21b079ef6f8f7f055926600e53b906dd7be041e021dd2791b7aa8c55e24585,554,0,1,15
1,5,0,1,23,0.036591874999430729,0.029937999999999999,0.0059540000000000001,81227776,NA,NA,NA,NA,NA,NA,NA,NA,180960,89118,2402,8,46606a158b66af8518456db0739cae64d8d2e5f9a80404e15ddbb91810d3af0d,572,0,1,9
1,5,1,0,23,0.032816275997902267,0.026320999999999997,0.0058430000000000001,81227776,NA,NA,NA,NA,NA,NA,NA,NA,180960,89118,2402,8,46606a158b66af8518456db0739cae64d8d2e5f9a80404e15ddbb91810d3af0d,1021,0,1,17
1,5,0,0,6,0.021507258999918122,0.016073,0.004999,53669888,NA,NA,NA,NA,NA,NA,NA,NA,17504,6529,133,1,5e7e7625c8b52e7a71d9370c6c8ab5025ac2b81f4970efe917952ec17c538f1c,1002,0,1,3
1,5,1,1,6,0.033739850001438754,0.028423999999999998,0.004888,53637120,NA,NA,NA,NA,NA,NA,NA,NA,17504,6529,133,1,5e7e7625c8b52e7a71d9370c6c8ab5025ac2b81f4970efe917952ec17c538f1c,999,0,1,0
1,5,0,1,13,0.038094290997833014,0.024566999999999999,0.011743,56004608,NA,NA,NA,NA,NA,NA,NA,NA,41016,35142,517,1,662bf8c3f785828e59b2e955c5f9255272bd2640c5dd7e9c2804e24f24350bdf,1002,0,1,9
1,5,1,0,13,0.025442864000069676,0.015909,0.0089160000000000003,55767040,NA,NA,NA,NA,NA,NA,NA,NA,41016,35142,517,1,662bf8c3f785828e59b2e955c5f9255272bd2640c5dd7e9c2804e24f24350bdf,1002,0,1,7
1,5,0,1,19,0.03493220900054439,0.029422,0.005071,64249856,NA,NA,NA,NA,NA,NA,NA,NA,94392,29499,417,8,ec97d55cded7bb1cbf8e12495905cb68073380af6a6370282abb8f233d21e857,1002,0,3,0
1,5,1,0,19,0.03323057899979176,0.022853999999999999,0.0099109999999999997,64335872,NA,NA,NA,NA,NA,NA,NA,NA,94392,29499,417,8,ec97d55cded7bb1cbf8e12495905cb68073380af6a6370282abb8f233d21e857,1008,0,1,1
1,5,0,1,20,0.040131509998900583,0.032765999999999997,0.0068909999999999996,80973824,NA,NA,NA,NA,NA,NA,NA,NA,220064,89118,2402,8,9bed9a0bde0e198846d4983ba78bcd51e5e45d614941dd9bc544c1667832b5ea,1016,0,1,4
1,5,1,0,20,0.043473393001477234,0.035936999999999997,0.005006,81260544,NA,NA,NA,NA,NA,NA,NA,NA,220064,89118,2402,8,9bed9a0bde0e198846d4983ba78bcd51e5e45d614941dd9bc544c1667832b5ea,1018,0,1,13
1,5,0,1,10,0.025883324000460561,0.022453999999999998,0.003052,54153216,NA,NA,NA,NA,NA,NA,NA,NA,14928,5066,257,64,9655be68483f45304d566dfb3dc63ba1458a5653029061a6b60617464768d366,550,0,1,0
1,5,1,0,10,0.037129926000488922,0.025795999999999999,0.0098969999999999995,53915648,NA,NA,NA,NA,NA,NA,NA,NA,14928,5066,257,64,9655be68483f45304d566dfb3dc63ba1458a5653029061a6b60617464768d366,1045,0,1,9
1,5,0,1,16,0.049194066999916686,0.040611000000000001,0.007901,64286720,NA,NA,NA,NA,NA,NA,NA,NA,136888,29499,417,8,af3bdbbd0003d101664215b713d407f2160931601787a4fad2f046110caa3e72,1005,0,1,4
1,5,1,0,16,0.026984036001522327,0.022662999999999999,0.0039429999999999995,64704512,NA,NA,NA,NA,NA,NA,NA,NA,136888,29499,417,8,af3bdbbd0003d101664215b713d407f2160931601787a4fad2f046110caa3e72,563,0,1,2
1,5,0,1,15,0.024753312998655019,0.020808999999999998,0.0028400000000000001,55885824,NA,NA,NA,NA,NA,NA,NA,NA,32824,35142,517,1,5a24ee2382083ee5d5eb9b364e57818da3678644deec6a705c5878fcd40e5876,1006,0,1,5
1,5,1,0,15,0.02296022699738387,0.015802999999999998,0.006894,55971840,NA,NA,NA,NA,NA,NA,NA,NA,32824,35142,517,1,5a24ee2382083ee5d5eb9b364e57818da3678644deec6a705c5878fcd40e5876,1003,0,1,0
1,5,0,0,0,0.025098933998378925,0.019466000000000001,0.0048589999999999996,51843072,NA,NA,NA,NA,NA,NA,NA,NA,2008,136,5,1,a8c1633e798ef980493443e67e6fdb6eada42f775edf7051d304d09c3ddadf5a,555,0,1,16
1,5,1,1,0,0.029273782998643583,0.019701,0.008763,51957760,NA,NA,NA,NA,NA,NA,NA,NA,2008,136,5,1,a8c1633e798ef980493443e67e6fdb6eada42f775edf7051d304d09c3ddadf5a,557,0,1,12
1,5,0,1,4,0.038551281999389175,0.027649,0.0088719999999999997,53673984,NA,NA,NA,NA,NA,NA,NA,NA,22160,6529,133,1,3ac5102c6f2bc513eb86f2343729d5f51295afd9e738a690903fa32334fb4c28,1002,0,1,8
1,5,1,0,4,0.04089534499871661,0.031779000000000002,0.0079030000000000003,53760000,NA,NA,NA,NA,NA,NA,NA,NA,22160,6529,133,1,3ac5102c6f2bc513eb86f2343729d5f51295afd9e738a690903fa32334fb4c28,1003,0,1,15
1,5,0,1,17,0.041586115999962203,0.032103,0.0089619999999999995,64286720,NA,NA,NA,NA,NA,NA,NA,NA,127800,29499,417,8,cf7b13a857f01f4a14779c4cf8ec5e795ca6dd011a53f4345643bcaf3709f18a,1009,0,1,2
1,5,1,0,17,0.038855470000271453,0.029918,0.0079340000000000001,64290816,NA,NA,NA,NA,NA,NA,NA,NA,127800,29499,417,8,cf7b13a857f01f4a14779c4cf8ec5e795ca6dd011a53f4345643bcaf3709f18a,1009,0,1,15
1,5,0,1,22,0.030029669997020392,0.024263999999999997,0.0049969999999999997,81068032,NA,NA,NA,NA,NA,NA,NA,NA,180960,89118,2402,8,46606a158b66af8518456db0739cae64d8d2e5f9a80404e15ddbb91810d3af0d,1038,0,1,13
1,5,1,0,22,0.030246546997659607,0.021840999999999999,0.0079129999999999999,81117184,NA,NA,NA,NA,NA,NA,NA,NA,180960,89118,2402,8,46606a158b66af8518456db0739cae64d8d2e5f9a80404e15ddbb91810d3af0d,1034,0,1,11
1,6,0,0,18,0.022185687001183396,0.018554999999999999,0.0029389999999999998,64659456,NA,NA,NA,NA,NA,NA,NA,NA,94392,29499,417,8,ec97d55cded7bb1cbf8e12495905cb68073380af6a6370282abb8f233d21e857,562,0,1,14
1,6,1,1,18,0.02286200999878929,0.015514999999999999,0.0067519999999999993,64307200,NA,NA,NA,NA,NA,NA,NA,NA,94392,29499,417,8,ec97d55cded7bb1cbf8e12495905cb68073380af6a6370282abb8f233d21e857,1002,0,1,13
1,6,0,1,0,0.01993401399886352,0.013548999999999999,0.0057949999999999998,51855360,NA,NA,NA,NA,NA,NA,NA,NA,2008,136,5,1,a8c1633e798ef980493443e67e6fdb6eada42f775edf7051d304d09c3ddadf5a,998,0,1,6
1,6,1,0,0,0.024188264000258641,0.018838000000000001,0.0049459999999999999,51728384,NA,NA,NA,NA,NA,NA,NA,NA,2008,136,5,1,a8c1633e798ef980493443e67e6fdb6eada42f775edf7051d304d09c3ddadf5a,1001,0,1,0
1,6,0,1,20,0.050206674000946805,0.040576999999999995,0.0089179999999999988,81072128,NA,NA,NA,NA,NA,NA,NA,NA,220064,89118,2402,8,9bed9a0bde0e198846d4983ba78bcd51e5e45d614941dd9bc544c1667832b5ea,1016,0,1,11
1,6,1,0,20,0.053996779999579303,0.045051999999999995,0.0080009999999999994,81117184,NA,NA,NA,NA,NA,NA,NA,NA,220064,89118,2402,8,9bed9a0bde0e198846d4983ba78bcd51e5e45d614941dd9bc544c1667832b5ea,1012,0,1,6
1,6,0,0,22,0.043502352997165872,0.033038999999999999,0.010001999999999999,81408000,NA,NA,NA,NA,NA,NA,NA,NA,180960,89118,2402,8,46606a158b66af8518456db0739cae64d8d2e5f9a80404e15ddbb91810d3af0d,577,0,1,0
1,6,1,1,22,0.052065178999328054,0.041985999999999996,0.0070060000000000001,81264640,NA,NA,NA,NA,NA,NA,NA,NA,180960,89118,2402,8,46606a158b66af8518456db0739cae64d8d2e5f9a80404e15ddbb91810d3af0d,1012,0,1,15
1,6,0,1,8,0.033519329001137521,0.026075999999999998,0.0070179999999999999,53911552,NA,NA,NA,NA,NA,NA,NA,NA,13904,5066,257,64,f70f03940df99c8ce0b0b02082129e05360030bd32e6edc5877c0f69a31bb0a4,556,0,1,0
1,6,1,0,8,0.036989001000620192,0.027698999999999998,0.0088839999999999995,53813248,NA,NA,NA,NA,NA,NA,NA,NA,13904,5066,257,64,f70f03940df99c8ce0b0b02082129e05360030bd32e6edc5877c0f69a31bb0a4,1005,0,1,0
1,6,0,0,10,0.022070779999921797,0.014841,0.0069109999999999996,53645312,NA,NA,NA,NA,NA,NA,NA,NA,14928,5066,257,64,9655be68483f45304d566dfb3dc63ba1458a5653029061a6b60617464768d366,1002,0,1,1
1,6,1,1,10,0.028324912000243785,0.019886999999999998,0.0079480000000000002,53702656,NA,NA,NA,NA,NA,NA,NA,NA,14928,5066,257,64,9655be68483f45304d566dfb3dc63ba1458a5653029061a6b60617464768d366,998,0,1,0
1,6,0,0,17,0.033093054997152649,0.023344,0.0090539999999999995,64413696,NA,NA,NA,NA,NA,NA,NA,NA,127800,29499,417,8,cf7b13a857f01f4a14779c4cf8ec5e795ca6dd011a53f4345643bcaf3709f18a,1009,0,1,6
1,6,1,1,17,0.024412762002611998,0.018100999999999999,0.0060009999999999994,64409600,NA,NA,NA,NA,NA,NA,NA,NA,127800,29499,417,8,cf7b13a857f01f4a14779c4cf8ec5e795ca6dd011a53f4345643bcaf3709f18a,1027,0,1,2
1,6,0,1,1,0.020564809998177225,0.016223999999999999,0.0040479999999999995,51736576,NA,NA,NA,NA,NA,NA,NA,NA,2056,136,5,1,6b21b079ef6f8f7f055926600e53b906dd7be041e021dd2791b7aa8c55e24585,998,0,1,0
1,6,1,0,1,0.033724992001225473,0.029064,0.0030299999999999997,51507200,NA,NA,NA,NA,NA,NA,NA,NA,2056,136,5,1,6b21b079ef6f8f7f055926600e53b906dd7be041e021dd2791b7aa8c55e24585,1007,0,1,13
1,6,0,1,16,0.041377165001904359,0.033769,0.006927,64327680,NA,NA,NA,NA,NA,NA,NA,NA,136888,29499,417,8,af3bdbbd0003d101664215b713d407f2160931601787a4fad2f046110caa3e72,1003,0,1,6
1,6,1,0,16,0.038118928001495078,0.027793999999999999,0.0098979999999999988,64425984,NA,NA,NA,NA,NA,NA,NA,NA,136888,29499,417,8,af3bdbbd0003d101664215b713d407f2160931601787a4fad2f046110caa3e72,1007,0,1,2
1,6,0,0,2,0.01881415300158551,0.013269,0.0051019999999999998,51552256,NA,NA,NA,NA,NA,NA,NA,NA,2008,136,5,1,8210b4f6eac12a20575e673437437e82cfff653da437ea17992a3aed56a99207,997,0,1,3
1,6,1,1,2,0.017463727999711409,0.011118999999999999,0.0060569999999999999,52117504,NA,NA,NA,NA,NA,NA,NA,NA,2008,136,5,1,8210b4f6eac12a20575e673437437e82cfff653da437ea17992a3aed56a99207,558,0,1,2
1,6,0,1,4,0.026043611000204692,0.021460999999999997,0.0038999999999999998,53870592,NA,NA,NA,NA,NA,NA,NA,NA,22160,6529,133,1,3ac5102c6f2bc513eb86f2343729d5f51295afd9e738a690903fa32334fb4c28,1003,0,1,16
1,6,1,0,4,0.029474917999323225,0.017826999999999999,0.010841999999999999,53682176,NA,NA,NA,NA,NA,NA,NA,NA,22160,6529,133,1,3ac5102c6f2bc513eb86f2343729d5f51295afd9e738a690903fa32334fb4c28,1002,0,1,18
1,6,0,1,21,0.029782392000925029,0.022269999999999998,0.006718,81354752,NA,NA,NA,NA,NA,NA,NA,NA,277920,89118,2402,8,089ec4ce05f5e4d43e3e352375117ee462b31249b272f87015d01ad0429bd7f9,574,0,1,18
1,6,1,0,21,0.030157721001160098,0.023583,0.0059080000000000001,81281024,NA,NA,NA,NA,NA,NA,NA,NA,277920,89118,2402,8,089ec4ce05f5e4d43e3e352375117ee462b31249b272f87015d01ad0429bd7f9,1019,0,1,17
1,6,0,1,3,0.016807129999506287,0.013271999999999999,0.0030639999999999999,51998720,NA,NA,NA,NA,NA,NA,NA,NA,2008,136,5,1,8210b4f6eac12a20575e673437437e82cfff653da437ea17992a3aed56a99207,558,0,1,11
1,6,1,0,3,0.021076521999930264,0.013365999999999999,0.0067319999999999993,51597312,NA,NA,NA,NA,NA,NA,NA,NA,2008,136,5,1,8210b4f6eac12a20575e673437437e82cfff653da437ea17992a3aed56a99207,1005,0,1,6
1,6,0,0,7,0.033947776999411872,0.02912,0.0040239999999999998,53792768,NA,NA,NA,NA,NA,NA,NA,NA,17504,6529,133,1,5e7e7625c8b52e7a71d9370c6c8ab5025ac2b81f4970efe917952ec17c538f1c,1011,0,1,6
1,6,1,1,7,0.025931371001206571,0.017399999999999999,0.0077099999999999998,53899264,NA,NA,NA,NA,NA,NA,NA,NA,17504,6529,133,1,5e7e7625c8b52e7a71d9370c6c8ab5025ac2b81f4970efe917952ec17c538f1c,1003,0,1,8
1,6,0,0,13,0.030202927999198437,0.024275999999999999,0.0050739999999999995,55889920,NA,NA,NA,NA,NA,NA,NA,NA,41016,35142,517,1,662bf8c3f785828e59b2e955c5f9255272bd2640c5dd7e9c2804e24f24350bdf,1001,0,1,21
1,6,1,1,13,0.035583709999627899,0.027837999999999998,0.0061830000000000001,55906304,NA,NA,NA,NA,NA,NA,NA,NA,41016,35142,517,1,662bf8c3f785828e59b2e955c5f9255272bd2640c5dd7e9c2804e24f24350bdf,1002,0,1,10
1,6,0,0,6,0.032166704997507622,0.023178999999999998,0.0080619999999999997,54185984,NA,NA,NA,NA,NA,NA,NA,NA,17504,6529,133,1,5e7e7625c8b52e7a71d9370c6c8ab5025ac2b81f4970efe917952ec17c538f1c,559,0,1,5
1,6,1,1,6,0.01794172200243338,0.012622,0.0048319999999999995,53809152,NA,NA,NA,NA,NA,NA,NA,NA,17504,6529,133,1,5e7e7625c8b52e7a71d9370c6c8ab5025ac2b81f4970efe917952ec17c538f1c,998,0,1,5
1,6,0,1,14,0.025822829000389902,0.020194,0.0048189999999999995,56070144,NA,NA,NA,NA,NA,NA,NA,NA,32824,35142,517,1,5a24ee2382083ee5d5eb9b364e57818da3678644deec6a705c5878fcd40e5876,561,0,1,16
1,6,1,0,14,0.031999712999095209,0.022289999999999997,0.0086750000000000004,55828480,NA,NA,NA,NA,NA,NA,NA,NA,32824,35142,517,1,5a24ee2382083ee5d5eb9b364e57818da3678644deec6a705c5878fcd40e5876,1000,0,2,6
1,6,0,0,15,0.020341055002063513,0.013649999999999999,0.0062509999999999996,55947264,NA,NA,NA,NA,NA,NA,NA,NA,32824,35142,517,1,5a24ee2382083ee5d5eb9b364e57818da3678644deec6a705c5878fcd40e5876,1006,0,1,4
1,6,1,1,15,0.018563852998340735,0.015118999999999999,0.003032,56049664,NA,NA,NA,NA,NA,NA,NA,NA,32824,35142,517,1,5a24ee2382083ee5d5eb9b364e57818da3678644deec6a705c5878fcd40e5876,997,0,1,3
1,6,0,1,5,0.021628624002914876,0.016205999999999998,0.0050639999999999999,54185984,NA,NA,NA,NA,NA,NA,NA,NA,25888,6529,133,1,6cbbbbf695d9298d218c01af658d12c9a04646e608628360a5a03df9e71e6d9c,558,0,1,0
1,6,1,0,5,0.030465584997728001,0.021051999999999998,0.0089589999999999999,53813248,NA,NA,NA,NA,NA,NA,NA,NA,25888,6529,133,1,6cbbbbf695d9298d218c01af658d12c9a04646e608628360a5a03df9e71e6d9c,1002,0,1,0
1,6,0,1,9,0.019015927002328681,0.013769999999999999,0.0049199999999999999,53968896,NA,NA,NA,NA,NA,NA,NA,NA,20048,5066,257,64,d8d78f7bb977c6f730c6b5cdfaa88bed294d141a9777385856f783cc112e0874,1026,0,1,2
1,6,1,0,9,0.019036310000956291,0.013545,0.0051909999999999994,53743616,NA,NA,NA,NA,NA,NA,NA,NA,20048,5066,257,64,d8d78f7bb977c6f730c6b5cdfaa88bed294d141a9777385856f783cc112e0874,1005,0,1,1
1,6,0,1,23,0.032314912001311313,0.025915999999999998,0.0059889999999999995,81391616,NA,NA,NA,NA,NA,NA,NA,NA,180960,89118,2402,8,46606a158b66af8518456db0739cae64d8d2e5f9a80404e15ddbb91810d3af0d,1054,0,1,3
1,6,1,0,23,0.033760043999791378,0.028114999999999998,0.0050330000000000001,81342464,NA,NA,NA,NA,NA,NA,NA,NA,180960,89118,2402,8,46606a158b66af8518456db0739cae64d8d2e5f9a80404e15ddbb91810d3af0d,1060,0,1,7
1,6,0,1,19,0.025556063999829348,0.018061999999999998,0.0069939999999999993,64397312,NA,NA,NA,NA,NA,NA,NA,NA,94392,29499,417,8,ec97d55cded7bb1cbf8e12495905cb68073380af6a6370282abb8f233d21e857,1007,0,1,4
1,6,1,0,19,0.031781600999238435,0.025243999999999999,0.0060289999999999996,64458752,NA,NA,NA,NA,NA,NA,NA,NA,94392,29499,417,8,ec97d55cded7bb1cbf8e12495905cb68073380af6a6370282abb8f233d21e857,566,0,1,4
1,6,0,0,12,0.021831809997820528,0.017540999999999998,0.0039129999999999998,55640064,NA,NA,NA,NA,NA,NA,NA,NA,40904,35142,517,1,5c836afd34e5659fc140fff27358a40506e741bf81aa02c58678151e3747eac9,1000,0,1,7
1,6,1,1,12,0.030226164002669975,0.021263000000000001,0.0070699999999999999,55947264,NA,NA,NA,NA,NA,NA,NA,NA,40904,35142,517,1,5c836afd34e5659fc140fff27358a40506e741bf81aa02c58678151e3747eac9,1001,0,1,10
1,6,0,1,11,0.033043601000827039,0.023181999999999998,0.0086920000000000001,53714944,NA,NA,NA,NA,NA,NA,NA,NA,14928,5066,257,64,9655be68483f45304d566dfb3dc63ba1458a5653029061a6b60617464768d366,1001,0,1,8
1,6,1,0,11,0.028655370999331353,0.020926,0.0069499999999999996,54063104,NA,NA,NA,NA,NA,NA,NA,NA,14928,5066,257,64,9655be68483f45304d566dfb3dc63ba1458a5653029061a6b60617464768d366,565,0,1,5
1,7,0,0,4,0.020828576001804322,0.013616,0.0068189999999999995,53915648,NA,NA,NA,NA,NA,NA,NA,NA,22160,6529,133,1,3ac5102c6f2bc513eb86f2343729d5f51295afd9e738a690903fa32334fb4c28,1004,0,1,2
1,7,1,1,4,0.029758651999145513,0.018928,0.0089479999999999994,53624832,NA,NA,NA,NA,NA,NA,NA,NA,22160,6529,133,1,3ac5102c6f2bc513eb86f2343729d5f51295afd9e738a690903fa32334fb4c28,1000,0,1,10
1,7,0,0,14,0.03517238200220163,0.024000999999999998,0.009972,56029184,NA,NA,NA,NA,NA,NA,NA,NA,32824,35142,517,1,5a24ee2382083ee5d5eb9b364e57818da3678644deec6a705c5878fcd40e5876,1010,0,1,5
1,7,1,1,14,0.023249530997418333,0.016795000000000001,0.0059189999999999998,55988224,NA,NA,NA,NA,NA,NA,NA,NA,32824,35142,517,1,5a24ee2382083ee5d5eb9b364e57818da3678644deec6a705c5878fcd40e5876,1042,0,1,4
1,7,0,1,7,0.027488765997986775,0.023119999999999998,0.0040260000000000001,54112256,NA,NA,NA,NA,NA,NA,NA,NA,17504,6529,133,1,5e7e7625c8b52e7a71d9370c6c8ab5025ac2b81f4970efe917952ec17c538f1c,560,0,1,0
1,7,1,0,7,0.03211652500249329,0.022383999999999998,0.0091209999999999989,54128640,NA,NA,NA,NA,NA,NA,NA,NA,17504,6529,133,1,5e7e7625c8b52e7a71d9370c6c8ab5025ac2b81f4970efe917952ec17c538f1c,561,0,1,2
1,7,0,0,20,0.05378116400243016,0.040306000000000002,0.012744999999999999,81494016,NA,NA,NA,NA,NA,NA,NA,NA,220064,89118,2402,8,9bed9a0bde0e198846d4983ba78bcd51e5e45d614941dd9bc544c1667832b5ea,571,0,2,7
1,7,1,1,20,0.038291991000733105,0.032896000000000002,0.0049810000000000002,81399808,NA,NA,NA,NA,NA,NA,NA,NA,220064,89118,2402,8,9bed9a0bde0e198846d4983ba78bcd51e5e45d614941dd9bc544c1667832b5ea,569,0,1,2
1,7,0,0,21,0.028913215999637032,0.019663999999999997,0.008820999999999999,81162240,NA,NA,NA,NA,NA,NA,NA,NA,277920,89118,2402,8,089ec4ce05f5e4d43e3e352375117ee462b31249b272f87015d01ad0429bd7f9,1020,0,1,3
1,7,1,1,21,0.028148964996944414,0.024884999999999997,0.0029809999999999997,81432576,NA,NA,NA,NA,NA,NA,NA,NA,277920,89118,2402,8,089ec4ce05f5e4d43e3e352375117ee462b31249b272f87015d01ad0429bd7f9,574,0,1,1
1,7,0,1,15,0.018315809000341687,0.012064,0.0060109999999999999,55902208,NA,NA,NA,NA,NA,NA,NA,NA,32824,35142,517,1,5a24ee2382083ee5d5eb9b364e57818da3678644deec6a705c5878fcd40e5876,1006,0,1,1
1,7,1,0,15,0.018873019998864038,0.012327999999999999,0.006156,56053760,NA,NA,NA,NA,NA,NA,NA,NA,32824,35142,517,1,5a24ee2382083ee5d5eb9b364e57818da3678644deec6a705c5878fcd40e5876,1002,0,1,1
1,7,0,1,17,0.024387912999372929,0.019046999999999998,0.005019,64385024,NA,NA,NA,NA,NA,NA,NA,NA,127800,29499,417,8,cf7b13a857f01f4a14779c4cf8ec5e795ca6dd011a53f4345643bcaf3709f18a,1013,0,1,1
1,7,1,0,17,0.022727395997208077,0.017284999999999998,0.0050769999999999999,64614400,NA,NA,NA,NA,NA,NA,NA,NA,127800,29499,417,8,cf7b13a857f01f4a14779c4cf8ec5e795ca6dd011a53f4345643bcaf3709f18a,562,0,1,2
1,7,0,0,1,0.017542020999826491,0.012156,0.005078,51761152,NA,NA,NA,NA,NA,NA,NA,NA,2056,136,5,1,6b21b079ef6f8f7f055926600e53b906dd7be041e021dd2791b7aa8c55e24585,1001,0,1,1
1,7,1,1,1,0.01940347500203643,0.011207,0.0071139999999999997,51703808,NA,NA,NA,NA,NA,NA,NA,NA,2056,136,5,1,6b21b079ef6f8f7f055926600e53b906dd7be041e021dd2791b7aa8c55e24585,995,0,1,5
1,7,0,1,13,0.029416035002213903,0.022300999999999998,0.0050689999999999997,55947264,NA,NA,NA,NA,NA,NA,NA,NA,41016,35142,517,1,662bf8c3f785828e59b2e955c5f9255272bd2640c5dd7e9c2804e24f24350bdf,997,0,1,11
1,7,1,0,13,0.020724195997900097,0.014126999999999999,0.005633,56107008,NA,NA,NA,NA,NA,NA,NA,NA,41016,35142,517,1,662bf8c3f785828e59b2e955c5f9255272bd2640c5dd7e9c2804e24f24350bdf,560,0,1,4
1,7,0,1,18,0.032765157000540057,0.026286,0.006045,64245760,NA,NA,NA,NA,NA,NA,NA,NA,94392,29499,417,8,ec97d55cded7bb1cbf8e12495905cb68073380af6a6370282abb8f233d21e857,1007,0,1,0
1,7,1,0,18,0.02628698899934534,0.020799999999999999,0.0049459999999999999,64667648,NA,NA,NA,NA,NA,NA,NA,NA,94392,29499,417,8,ec97d55cded7bb1cbf8e12495905cb68073380af6a6370282abb8f233d21e857,563,0,1,1
1,7,0,0,5,0.018309605999093037,0.013961999999999999,0.0039919999999999999,53821440,NA,NA,NA,NA,NA,NA,NA,NA,25888,6529,133,1,6cbbbbf695d9298d218c01af658d12c9a04646e608628360a5a03df9e71e6d9c,999,0,1,5
1,7,1,1,5,0.018154616998799611,0.014882999999999999,0.0029809999999999997,53768192,NA,NA,NA,NA,NA,NA,NA,NA,25888,6529,133,1,6cbbbbf695d9298d218c01af658d12c9a04646e608628360a5a03df9e71e6d9c,996,0,1,2
1,7,0,1,22,0.038384203002351569,0.030131999999999999,0.0058219999999999999,81252352,NA,NA,NA,NA,NA,NA,NA,NA,180960,89118,2402,8,46606a158b66af8518456db0739cae64d8d2e5f9a80404e15ddbb91810d3af0d,570,0,1,14
1,7,1,0,22,0.041876357001456199,0.033519,0.0078879999999999992,81170432,NA,NA,NA,NA,NA,NA,NA,NA,180960,89118,2402,8,46606a158b66af8518456db0739cae64d8d2e5f9a80404e15ddbb91810d3af0d,1014,0,1,0
1,7,0,1,6,0.019691395998961525,0.013236,0.0061059999999999994,53796864,NA,NA,NA,NA,NA,NA,NA,NA,17504,6529,133,1,5e7e7625c8b52e7a71d9370c6c8ab5025ac2b81f4970efe917952ec17c538f1c,1003,0,1,1
1,7,1,0,6,0.017504621999250958,0.014209999999999999,0.0030279999999999999,54124544,NA,NA,NA,NA,NA,NA,NA,NA,17504,6529,133,1,5e7e7625c8b52e7a71d9370c6c8ab5025ac2b81f4970efe917952ec17c538f1c,555,0,1,1
1,7,0,0,0,0.017427176000637701,0.011972,0.0050479999999999995,52072448,NA,NA,NA,NA,NA,NA,NA,NA,2008,136,5,1,a8c1633e798ef980493443e67e6fdb6eada42f775edf7051d304d09c3ddadf5a,557,0,1,3
1,7,1,1,0,0.020062760999280727,0.013902999999999999,0.0049540000000000001,51716096,NA,NA,NA,NA,NA,NA,NA,NA,2008,136,5,1,a8c1633e798ef980493443e67e6fdb6eada42f775edf7051d304d09c3ddadf5a,999,0,1,8
1,7,0,0,8,0.034877639998740051,0.028659999999999998,0.0049179999999999996,54030336,NA,NA,NA,NA,NA,NA,NA,NA,13904,5066,257,64,f70f03940df99c8ce0b0b02082129e05360030bd32e6edc5877c0f69a31bb0a4,554,0,1,7
1,7,1,1,8,0.034501590998843312,0.023791,0.0098729999999999998,53641216,NA,NA,NA,NA,NA,NA,NA,NA,13904,5066,257,64,f70f03940df99c8ce0b0b02082129e05360030bd32e6edc5877c0f69a31bb0a4,997,0,1,6
1,7,0,0,23,0.034375303002889268,0.027753,0.0059419999999999994,81129472,NA,NA,NA,NA,NA,NA,NA,NA,180960,89118,2402,8,46606a158b66af8518456db0739cae64d8d2e5f9a80404e15ddbb91810d3af0d,1016,0,1,10
1,7,1,1,23,0.03159220700035803,0.024240999999999999,0.0067669999999999996,81498112,NA,NA,NA,NA,NA,NA,NA,NA,180960,89118,2402,8,46606a158b66af8518456db0739cae64d8d2e5f9a80404e15ddbb91810d3af0d,571,0,1,8
1,7,0,1,12,0.021602841999992961,0.015437999999999999,0.0057479999999999996,55652352,NA,NA,NA,NA,NA,NA,NA,NA,40904,35142,517,1,5c836afd34e5659fc140fff27358a40506e741bf81aa02c58678151e3747eac9,997,0,1,6
1,7,1,0,12,0.023840650002966868,0.016514999999999998,0.0061839999999999994,55902208,NA,NA,NA,NA,NA,NA,NA,NA,40904,35142,517,1,5c836afd34e5659fc140fff27358a40506e741bf81aa02c58678151e3747eac9,1004,0,1,7
1,7,0,0,9,0.031424294000316877,0.019185000000000001,0.01108,53612544,NA,NA,NA,NA,NA,NA,NA,NA,20048,5066,257,64,d8d78f7bb977c6f730c6b5cdfaa88bed294d141a9777385856f783cc112e0874,1000,0,1,6
1,7,1,1,9,0.029174974999477854,0.022824999999999998,0.005953,53706752,NA,NA,NA,NA,NA,NA,NA,NA,20048,5066,257,64,d8d78f7bb977c6f730c6b5cdfaa88bed294d141a9777385856f783cc112e0874,996,0,1,1
1,7,0,1,10,0.036825819999648957,0.029325,0.0068449999999999995,54149120,NA,NA,NA,NA,NA,NA,NA,NA,14928,5066,257,64,9655be68483f45304d566dfb3dc63ba1458a5653029061a6b60617464768d366,556,0,1,5
1,7,1,0,10,0.026426847998664016,0.018956999999999998,0.0069489999999999994,53915648,NA,NA,NA,NA,NA,NA,NA,NA,14928,5066,257,64,9655be68483f45304d566dfb3dc63ba1458a5653029061a6b60617464768d366,1006,0,1,4
1,7,0,0,16,0.0441379939984472,0.037102999999999997,0.005999,64458752,NA,NA,NA,NA,NA,NA,NA,NA,136888,29499,417,8,af3bdbbd0003d101664215b713d407f2160931601787a4fad2f046110caa3e72,1010,0,1,8
1,7,1,1,16,0.028626924999116454,0.021870999999999998,0.0059449999999999998,64659456,NA,NA,NA,NA,NA,NA,NA,NA,136888,29499,417,8,af3bdbbd0003d101664215b713d407f2160931601787a4fad2f046110caa3e72,566,0,1,4
1,7,0,1,2,0.017965293998713605,0.013394999999999999,0.0041139999999999996,51838976,NA,NA,NA,NA,NA,NA,NA,NA,2008,136,5,1,8210b4f6eac12a20575e673437437e82cfff653da437ea17992a3aed56a99207,1000,0,1,3
1,7,1,0,2,0.018555446000391385,0.01406,0.0040179999999999999,51785728,NA,NA,NA,NA,NA,NA,NA,NA,2008,136,5,1,8210b4f6eac12a20575e673437437e82cfff653da437ea17992a3aed56a99207,998,0,1,4
1,7,0,0,11,0.018490614998881938,0.014034,0.0040130000000000001,53800960,NA,NA,NA,NA,NA,NA,NA,NA,14928,5066,257,64,9655be68483f45304d566dfb3dc63ba1458a5653029061a6b60617464768d366,1005,0,1,4
1,7,1,1,11,0.018911119001131738,0.015747999999999998,0.0029459999999999998,54091776,NA,NA,NA,NA,NA,NA,NA,NA,14928,5066,257,64,9655be68483f45304d566dfb3dc63ba1458a5653029061a6b60617464768d366,558,0,1,0
1,7,0,0,19,0.032282304997352185,0.026128999999999999,0.0050079999999999994,64385024,NA,NA,NA,NA,NA,NA,NA,NA,94392,29499,417,8,ec97d55cded7bb1cbf8e12495905cb68073380af6a6370282abb8f233d21e857,1009,0,1,7
1,7,1,1,19,0.02195333599956939,0.017602,0.0039220000000000001,64380928,NA,NA,NA,NA,NA,NA,NA,NA,94392,29499,417,8,ec97d55cded7bb1cbf8e12495905cb68073380af6a6370282abb8f233d21e857,1005,0,1,3
1,7,0,0,3,0.017788430999644333,0.013297,0.0040699999999999998,51675136,NA,NA,NA,NA,NA,NA,NA,NA,2008,136,5,1,8210b4f6eac12a20575e673437437e82cfff653da437ea17992a3aed56a99207,999,0,1,3
1,7,1,1,3,0.01768200999867986,0.012175,0.0050619999999999997,52101120,NA,NA,NA,NA,NA,NA,NA,NA,2008,136,5,1,8210b4f6eac12a20575e673437437e82cfff653da437ea17992a3aed56a99207,553,0,1,3
