round,pair,order,variant,job,wall_seconds,user_seconds,system_seconds,peak_rss_bytes,cycles,instructions,branches,branch_misses,cache_references,cache_misses,arena_calls,arena_bytes,output_bytes,source_bytes,source_lines,source_functions,output_sha256
0,0,0,1,1,0.014215088001947151,0.014017,0,24674304,NA,NA,NA,NA,NA,NA,NA,NA,2056,133,5,1,6b21b079ef6f8f7f055926600e53b906dd7be041e021dd2791b7aa8c55e24585
0,0,1,0,1,0.013136988000042038,0.0065119999999999996,0.0064809999999999998,24870912,NA,NA,NA,NA,NA,NA,NA,NA,2056,133,5,1,6b21b079ef6f8f7f055926600e53b906dd7be041e021dd2791b7aa8c55e24585
0,0,0,1,11,0.020896557001833571,0.016395,0.0043379999999999998,30474240,NA,NA,NA,NA,NA,NA,NA,NA,106320,39898,2049,512,7b8f1ead52d1f75ea51a9518f4611f96b3105a83b8e9ff16958705114f2a13b3
0,0,1,0,11,0.024004401002457598,0.019578999999999999,0.004228,30740480,NA,NA,NA,NA,NA,NA,NA,NA,106320,39898,2049,512,7b8f1ead52d1f75ea51a9518f4611f96b3105a83b8e9ff16958705114f2a13b3
0,0,0,0,21,0.1150379239988979,0.088021000000000002,0.026749999999999999,60407808,NA,NA,NA,NA,NA,NA,NA,NA,2209528,711531,19202,64,955dcf7525f03629d689feea1585905e0b8700805efb32f241197b1ebcb41ffa
0,0,1,1,21,0.1176529650001612,0.092923999999999993,0.024478,60502016,NA,NA,NA,NA,NA,NA,NA,NA,2209528,711531,19202,64,955dcf7525f03629d689feea1585905e0b8700805efb32f241197b1ebcb41ffa
0,0,0,0,6,0.025388660997123225,0.018350999999999999,0.006888,31219712,NA,NA,NA,NA,NA,NA,NA,NA,126024,51085,1029,1,d6479df97612ac41a8966333a6ef58076a32dad29a20f6bc64e0a5b65673088c
0,0,1,1,6,0.026452108999365009,0.017961999999999999,0.008286,31236096,NA,NA,NA,NA,NA,NA,NA,NA,126024,51085,1029,1,d6479df97612ac41a8966333a6ef58076a32dad29a20f6bc64e0a5b65673088c
0,0,0,1,0,0.017324281998298829,0.0094879999999999999,0.0076649999999999999,24870912,NA,NA,NA,NA,NA,NA,NA,NA,2008,133,5,1,a8c1633e798ef980493443e67e6fdb6eada42f775edf7051d304d09c3ddadf5a
0,0,1,0,0,0.015722399999503978,0.011510999999999999,0.0040260000000000001,24920064,NA,NA,NA,NA,NA,NA,NA,NA,2008,133,5,1,a8c1633e798ef980493443e67e6fdb6eada42f775edf7051d304d09c3ddadf5a
0,0,0,1,9,0.021167516999412328,0.012940999999999999,0.0080489999999999989,30601216,NA,NA,NA,NA,NA,NA,NA,NA,147280,39898,2049,512,02ee45f00f5fa967779eb017bd9c1965526161af8ee6a0f23a31a68b3dbbac77
0,0,1,0,9,0.021592864999547601,0.012955999999999999,0.0082259999999999989,30797824,NA,NA,NA,NA,NA,NA,NA,NA,147280,39898,2049,512,02ee45f00f5fa967779eb017bd9c1965526161af8ee6a0f23a31a68b3dbbac77
0,0,0,0,10,0.027816981997602852,0.016365999999999999,0.011294999999999999,30674944,NA,NA,NA,NA,NA,NA,NA,NA,106320,39898,2049,512,7b8f1ead52d1f75ea51a9518f4611f96b3105a83b8e9ff16958705114f2a13b3
0,0,1,1,10,0.023669976999372011,0.015592999999999999,0.0078689999999999993,30674944,NA,NA,NA,NA,NA,NA,NA,NA,106320,39898,2049,512,7b8f1ead52d1f75ea51a9518f4611f96b3105a83b8e9ff16958705114f2a13b3
0,0,0,0,4,0.028782725999917602,0.017807,0.010761999999999999,29110272,NA,NA,NA,NA,NA,NA,NA,NA,163920,51085,1029,1,3469c6c02ad818b9b840f744b74781f39d0d6d69319fb824d729f7875274b381
0,0,1,1,4,0.029654771999048535,0.025325999999999998,0.0040980000000000001,28950528,NA,NA,NA,NA,NA,NA,NA,NA,163920,51085,1029,1,3469c6c02ad818b9b840f744b74781f39d0d6d69319fb824d729f7875274b381
0,0,0,0,5,0.024475829999573762,0.015458999999999999,0.0088079999999999999,31342592,NA,NA,NA,NA,NA,NA,NA,NA,192736,51085,1029,1,98c15b8b4636441c6e839c68a3bed9dee3bd8ae062882739073db7b7ed7d66f3
0,0,1,1,5,0.023833107003156329,0.011831999999999999,0.011797,31014912,NA,NA,NA,NA,NA,NA,NA,NA,192736,51085,1029,1,98c15b8b4636441c6e839c68a3bed9dee3bd8ae062882739073db7b7ed7d66f3
0,0,0,0,16,0.066178724999190308,0.049187999999999996,0.016740999999999999,43257856,NA,NA,NA,NA,NA,NA,NA,NA,1082000,235398,3329,64,0a2640f1e20aa1aa539adbeb18cdf2a1ebe47a1dc573029aa0c35ed433364c04
0,0,1,1,16,0.05942940900058602,0.035644999999999996,0.023382999999999998,42930176,NA,NA,NA,NA,NA,NA,NA,NA,1082000,235398,3329,64,0a2640f1e20aa1aa539adbeb18cdf2a1ebe47a1dc573029aa0c35ed433364c04
0,0,0,0,2,0.013939950000349199,0.0091659999999999988,0.0045929999999999999,24805376,NA,NA,NA,NA,NA,NA,NA,NA,2008,133,5,1,8210b4f6eac12a20575e673437437e82cfff653da437ea17992a3aed56a99207
0,0,1,1,2,0.013649181000801036,0.0067419999999999997,0.0067419999999999997,24608768,NA,NA,NA,NA,NA,NA,NA,NA,2008,133,5,1,8210b4f6eac12a20575e673437437e82cfff653da437ea17992a3aed56a99207
0,0,0,0,12,0.030302617000415921,0.021502999999999998,0.0086299999999999988,31518720,NA,NA,NA,NA,NA,NA,NA,NA,313424,280189,4101,1,0f9e44f960c45a3ca86cde574970381ef909d64a6bb2d20a17395bced584502a
0,0,1,1,12,0.030731940998521168,0.026693999999999999,0.003833,31375360,NA,NA,NA,NA,NA,NA,NA,NA,313424,280189,4101,1,0f9e44f960c45a3ca86cde574970381ef909d64a6bb2d20a17395bced584502a
0,0,0,1,3,0.013994870998430997,0.0068249999999999995,0.006966,24772608,NA,NA,NA,NA,NA,NA,NA,NA,2008,133,5,1,8210b4f6eac12a20575e673437437e82cfff653da437ea17992a3aed56a99207
0,0,1,0,3,0.013088081999740098,0.012919,0,24879104,NA,NA,NA,NA,NA,NA,NA,NA,2008,133,5,1,8210b4f6eac12a20575e673437437e82cfff653da437ea17992a3aed56a99207
0,0,0,1,20,0.13429356299820938,0.12118,0.01256,60108800,NA,NA,NA,NA,NA,NA,NA,NA,1746680,711531,19202,64,e4041ce2b5b6df572ca4d0ca66e6006ad368116646e82963f7e9550b84ab78ca
0,0,1,0,20,0.13112610099778976,0.099940000000000001,0.030960999999999999,60051456,NA,NA,NA,NA,NA,NA,NA,NA,1746680,711531,19202,64,e4041ce2b5b6df572ca4d0ca66e6006ad368116646e82963f7e9550b84ab78ca
0,0,0,0,15,0.02418009899702156,0.019951,0.003999,32358400,NA,NA,NA,NA,NA,NA,NA,NA,247896,280189,4101,1,cf0f1cc1e290dce65809b3140c6f2dc9062a9f452120988a3a869e7faab69134
0,0,1,1,15,0.02256629499970586,0.011110999999999999,0.011110999999999999,32358400,NA,NA,NA,NA,NA,NA,NA,NA,247896,280189,4101,1,cf0f1cc1e290dce65809b3140c6f2dc9062a9f452120988a3a869e7faab69134
0,0,0,0,17,0.053280610001820605,0.040864999999999999,0.012175999999999999,41717760,NA,NA,NA,NA,NA,NA,NA,NA,1009296,235398,3329,64,46bbbc4439d5a1911d5728e76ba413a577b270d33a6d6f7287d5e66409ad1e95
0,0,1,1,17,0.052503579001495382,0.040196999999999997,0.012123,41508864,NA,NA,NA,NA,NA,NA,NA,NA,1009296,235398,3329,64,46bbbc4439d5a1911d5728e76ba413a577b270d33a6d6f7287d5e66409ad1e95
0,0,0,0,8,0.021064086999103893,0.016704999999999998,0.004176,31723520,NA,NA,NA,NA,NA,NA,NA,NA,98128,39898,2049,512,d54e0d3e437f1319c5e0037da4750229225984f79f1ebd587b1323affae587ab
0,0,1,1,8,0.021015286001784261,0.010456,0.010381,31854592,NA,NA,NA,NA,NA,NA,NA,NA,98128,39898,2049,512,d54e0d3e437f1319c5e0037da4750229225984f79f1ebd587b1323affae587ab
0,0,0,0,7,0.021840073997736908,0.013030999999999999,0.0086189999999999999,31457280,NA,NA,NA,NA,NA,NA,NA,NA,126024,51085,1029,1,d6479df97612ac41a8966333a6ef58076a32dad29a20f6bc64e0a5b65673088c
0,0,1,1,7,0.022782264000852592,0.02264,0,31277056,NA,NA,NA,NA,NA,NA,NA,NA,126024,51085,1029,1,d6479df97612ac41a8966333a6ef58076a32dad29a20f6bc64e0a5b65673088c
0,0,0,1,18,0.047463407001487212,0.031255999999999999,0.015823999999999998,41132032,NA,NA,NA,NA,NA,NA,NA,NA,742032,235398,3329,64,ef3fe9f327a6ee2b8ff8e0c5cce4ce61f805f0660ce139a533f5137453c188bc
0,0,1,0,18,0.047722289997182088,0.039518999999999999,0.0080029999999999997,41152512,NA,NA,NA,NA,NA,NA,NA,NA,742032,235398,3329,64,ef3fe9f327a6ee2b8ff8e0c5cce4ce61f805f0660ce139a533f5137453c188bc
0,0,0,0,22,0.10650091100251302,0.085765999999999995,0.020480999999999999,58478592,NA,NA,NA,NA,NA,NA,NA,NA,1433848,711531,19202,64,7fe8e0e1367c4dc75afe736c0ee35e3a3755c0152301f3880ce2412132a22623
0,0,1,1,22,0.10815416200057371,0.092146999999999993,0.015583,57561088,NA,NA,NA,NA,NA,NA,NA,NA,1433848,711531,19202,64,7fe8e0e1367c4dc75afe736c0ee35e3a3755c0152301f3880ce2412132a22623
0,0,0,1,23,0.13249696999992011,0.099257999999999999,0.032901,58355712,NA,NA,NA,NA,NA,NA,NA,NA,1433848,711531,19202,64,7fe8e0e1367c4dc75afe736c0ee35e3a3755c0152301f3880ce2412132a22623
0,0,1,0,23,0.13370925999697647,0.11325299999999999,0.020059,58671104,NA,NA,NA,NA,NA,NA,NA,NA,1433848,711531,19202,64,7fe8e0e1367c4dc75afe736c0ee35e3a3755c0152301f3880ce2412132a22623
0,0,0,0,19,0.051452181000058772,0.039267999999999997,0.011883999999999999,40931328,NA,NA,NA,NA,NA,NA,NA,NA,742032,235398,3329,64,ef3fe9f327a6ee2b8ff8e0c5cce4ce61f805f0660ce139a533f5137453c188bc
0,0,1,1,19,0.052219362998584984,0.038918000000000001,0.012990999999999999,41025536,NA,NA,NA,NA,NA,NA,NA,NA,742032,235398,3329,64,ef3fe9f327a6ee2b8ff8e0c5cce4ce61f805f0660ce139a533f5137453c188bc
0,0,0,1,13,0.028538141999888467,0.019168999999999999,0.0091559999999999992,32407552,NA,NA,NA,NA,NA,NA,NA,NA,313536,280189,4101,1,5a04cd3dab823e43a4d317f4a27057eec5b1fcaecf9843229a14a897b95f1f29
0,0,1,0,13,0.024455094000586541,0.015869999999999999,0.0083759999999999998,32423936,NA,NA,NA,NA,NA,NA,NA,NA,313536,280189,4101,1,5a04cd3dab823e43a4d317f4a27057eec5b1fcaecf9843229a14a897b95f1f29
0,0,0,1,14,0.02349971299918252,0.019341000000000001,0.0038599999999999997,32292864,NA,NA,NA,NA,NA,NA,NA,NA,247896,280189,4101,1,cf0f1cc1e290dce65809b3140c6f2dc9062a9f452120988a3a869e7faab69134
0,0,1,0,14,0.022972735998337157,0.015049999999999999,0.0077459999999999994,31834112,NA,NA,NA,NA,NA,NA,NA,NA,247896,280189,4101,1,cf0f1cc1e290dce65809b3140c6f2dc9062a9f452120988a3a869e7faab69134
0,1,0,1,17,0.058706610998342512,0.046524999999999997,0.012012,41684992,NA,NA,NA,NA,NA,NA,NA,NA,1009296,235398,3329,64,46bbbc4439d5a1911d5728e76ba413a577b270d33a6d6f7287d5e66409ad1e95
0,1,1,0,17,0.056497239002055721,0.047968999999999998,0.0082719999999999998,41775104,NA,NA,NA,NA,NA,NA,NA,NA,1009296,235398,3329,64,46bbbc4439d5a1911d5728e76ba413a577b270d33a6d6f7287d5e66409ad1e95
0,1,0,0,0,0.014173645999107976,0.0077059999999999993,0.0039449999999999997,24784896,NA,NA,NA,NA,NA,NA,NA,NA,2008,133,5,1,a8c1633e798ef980493443e67e6fdb6eada42f775edf7051d304d09c3ddadf5a
0,1,1,1,0,0.015001878000475699,0.0074649999999999994,0.0073869999999999995,24682496,NA,NA,NA,NA,NA,NA,NA,NA,2008,133,5,1,a8c1633e798ef980493443e67e6fdb6eada42f775edf7051d304d09c3ddadf5a
0,1,0,1,10,0.02083373699861113,0.0078829999999999994,0.012759,30609408,NA,NA,NA,NA,NA,NA,NA,NA,106320,39898,2049,512,7b8f1ead52d1f75ea51a9518f4611f96b3105a83b8e9ff16958705114f2a13b3
0,1,1,0,10,0.020194474000163609,0.012052,0.0079639999999999989,30642176,NA,NA,NA,NA,NA,NA,NA,NA,106320,39898,2049,512,7b8f1ead52d1f75ea51a9518f4611f96b3105a83b8e9ff16958705114f2a13b3
0,1,0,1,8,0.021874994999961928,0.017204999999999998,0.0042369999999999994,31657984,NA,NA,NA,NA,NA,NA,NA,NA,98128,39898,2049,512,d54e0d3e437f1319c5e0037da4750229225984f79f1ebd587b1323affae587ab
0,1,1,0,8,0.021251384001516271,0.012669999999999999,0.0083879999999999996,31752192,NA,NA,NA,NA,NA,NA,NA,NA,98128,39898,2049,512,d54e0d3e437f1319c5e0037da4750229225984f79f1ebd587b1323affae587ab
0,1,0,0,9,0.019614076998550445,0.019467999999999999,0,30691328,NA,NA,NA,NA,NA,NA,NA,NA,147280,39898,2049,512,02ee45f00f5fa967779eb017bd9c1965526161af8ee6a0f23a31a68b3dbbac77
0,1,1,1,9,0.019838799002172891,0.015878,0.0038119999999999999,30466048,NA,NA,NA,NA,NA,NA,NA,NA,147280,39898,2049,512,02ee45f00f5fa967779eb017bd9c1965526161af8ee6a0f23a31a68b3dbbac77
0,1,0,0,18,0.049051706999307498,0.044842,0.0040039999999999997,41037824,NA,NA,NA,NA,NA,NA,NA,NA,742032,235398,3329,64,ef3fe9f327a6ee2b8ff8e0c5cce4ce61f805f0660ce139a533f5137453c188bc
0,1,1,1,18,0.058579147000273224,0.043903999999999999,0.014452999999999999,40824832,NA,NA,NA,NA,NA,NA,NA,NA,742032,235398,3329,64,ef3fe9f327a6ee2b8ff8e0c5cce4ce61f805f0660ce139a533f5137453c188bc
0,1,0,0,11,0.021059290000266628,0.016649000000000001,0.0042049999999999995,30674944,NA,NA,NA,NA,NA,NA,NA,NA,106320,39898,2049,512,7b8f1ead52d1f75ea51a9518f4611f96b3105a83b8e9ff16958705114f2a13b3
0,1,1,1,11,0.019664116000058129,0.015744999999999999,0.0037399999999999998,30367744,NA,NA,NA,NA,NA,NA,NA,NA,106320,39898,2049,512,7b8f1ead52d1f75ea51a9518f4611f96b3105a83b8e9ff16958705114f2a13b3
0,1,0,1,12,0.031145230997935869,0.022792999999999997,0.007918999999999999,31498240,NA,NA,NA,NA,NA,NA,NA,NA,313424,280189,4101,1,0f9e44f960c45a3ca86cde574970381ef909d64a6bb2d20a17395bced584502a
0,1,1,0,12,0.030565013999876101,0.022598,0.0077559999999999999,31244288,NA,NA,NA,NA,NA,NA,NA,NA,313424,280189,4101,1,0f9e44f960c45a3ca86cde574970381ef909d64a6bb2d20a17395bced584502a
0,1,0,1,2,0.013591987000836525,0.004385,0.0090130000000000002,24727552,NA,NA,NA,NA,NA,NA,NA,NA,2008,133,5,1,8210b4f6eac12a20575e673437437e82cfff653da437ea17992a3aed56a99207
0,1,1,0,2,0.016491708000103245,0.0096139999999999993,0.006698,24936448,NA,NA,NA,NA,NA,NA,NA,NA,2008,133,5,1,8210b4f6eac12a20575e673437437e82cfff653da437ea17992a3aed56a99207
0,1,0,0,20,0.13038806700205896,0.11238999999999999,0.015174,60354560,NA,NA,NA,NA,NA,NA,NA,NA,1746680,711531,19202,64,e4041ce2b5b6df572ca4d0ca66e6006ad368116646e82963f7e9550b84ab78ca
0,1,1,1,20,0.13452743800007738,0.12576499999999999,0.0083280000000000003,60416000,NA,NA,NA,NA,NA,NA,NA,NA,1746680,711531,19202,64,e4041ce2b5b6df572ca4d0ca66e6006ad368116646e82963f7e9550b84ab78ca
0,1,0,1,15,0.023273288999916986,0.013986999999999999,0.0090390000000000002,32161792,NA,NA,NA,NA,NA,NA,NA,NA,247896,280189,4101,1,cf0f1cc1e290dce65809b3140c6f2dc9062a9f452120988a3a869e7faab69134
0,1,1,0,15,0.022717509000358405,0.018075000000000001,0.0042639999999999996,32030720,NA,NA,NA,NA,NA,NA,NA,NA,247896,280189,4101,1,cf0f1cc1e290dce65809b3140c6f2dc9062a9f452120988a3a869e7faab69134
0,1,0,1,6,0.022392918999685207,0.017520000000000001,0.0047029999999999997,31084544,NA,NA,NA,NA,NA,NA,NA,NA,126024,51085,1029,1,d6479df97612ac41a8966333a6ef58076a32dad29a20f6bc64e0a5b65673088c
0,1,1,0,6,0.022417875999963144,0.014893,0.0073339999999999994,31277056,NA,NA,NA,NA,NA,NA,NA,NA,126024,51085,1029,1,d6479df97612ac41a8966333a6ef58076a32dad29a20f6bc64e0a5b65673088c
0,1,0,0,1,0.013615250998554984,0.006698,0.006679,24739840,NA,NA,NA,NA,NA,NA,NA,NA,2056,133,5,1,6b21b079ef6f8f7f055926600e53b906dd7be041e021dd2791b7aa8c55e24585
0,1,1,1,1,0.01375728099810658,0.0092359999999999994,0.004352,24674304,NA,NA,NA,NA,NA,NA,NA,NA,2056,133,5,1,6b21b079ef6f8f7f055926600e53b906dd7be041e021dd2791b7aa8c55e24585
0,1,0,0,3,0.013878759000363061,0.0036609999999999998,0.010041999999999999,24870912,NA,NA,NA,NA,NA,NA,NA,NA,2008,133,5,1,8210b4f6eac12a20575e673437437e82cfff653da437ea17992a3aed56a99207
0,1,1,1,3,0.014125353998679202,0.013555999999999999,0,24805376,NA,NA,NA,NA,NA,NA,NA,NA,2008,133,5,1,8210b4f6eac12a20575e673437437e82cfff653da437ea17992a3aed56a99207
0,1,0,1,21,0.11434437099887873,0.101909,0.012211,60293120,NA,NA,NA,NA,NA,NA,NA,NA,2209528,711531,19202,64,955dcf7525f03629d689feea1585905e0b8700805efb32f241197b1ebcb41ffa
0,1,1,0,21,0.11037815500094439,0.086960999999999997,0.023186999999999999,60514304,NA,NA,NA,NA,NA,NA,NA,NA,2209528,711531,19202,64,955dcf7525f03629d689feea1585905e0b8700805efb32f241197b1ebcb41ffa
0,1,0,1,16,0.06162655199659639,0.053067999999999997,0.0082379999999999988,43089920,NA,NA,NA,NA,NA,NA,NA,NA,1082000,235398,3329,64,0a2640f1e20aa1aa539adbeb18cdf2a1ebe47a1dc573029aa0c35ed433364c04
0,1,1,0,16,0.062141116999555379,0.053849999999999995,0.0080470000000000003,43016192,NA,NA,NA,NA,NA,NA,NA,NA,1082000,235398,3329,64,0a2640f1e20aa1aa539adbeb18cdf2a1ebe47a1dc573029aa0c35ed433364c04
0,1,0,0,13,0.02406943399910233,0.015578999999999999,0.0082679999999999993,32325632,NA,NA,NA,NA,NA,NA,NA,NA,313536,280189,4101,1,5a04cd3dab823e43a4d317f4a27057eec5b1fcaecf9843229a14a897b95f1f29
0,1,1,1,13,0.024314756999956444,0.016063999999999998,0.008062999999999999,32227328,NA,NA,NA,NA,NA,NA,NA,NA,313536,280189,4101,1,5a04cd3dab823e43a4d317f4a27057eec5b1fcaecf9843229a14a897b95f1f29
0,1,0,0,23,0.12822247500298545,0.11567899999999999,0.012154999999999999,58466304,NA,NA,NA,NA,NA,NA,NA,NA,1433848,711531,19202,64,7fe8e0e1367c4dc75afe736c0ee35e3a3755c0152301f3880ce2412132a22623
0,1,1,1,23,0.13045767999938107,0.107598,0.022620999999999999,58413056,NA,NA,NA,NA,NA,NA,NA,NA,1433848,711531,19202,64,7fe8e0e1367c4dc75afe736c0ee35e3a3755c0152301f3880ce2412132a22623
0,1,0,0,14,0.024564985000324668,0.020253999999999998,0.004078,32284672,NA,NA,NA,NA,NA,NA,NA,NA,247896,280189,4101,1,cf0f1cc1e290dce65809b3140c6f2dc9062a9f452120988a3a869e7faab69134
0,1,1,1,14,0.025363836000906304,0.021394999999999997,0.0036339999999999996,32096256,NA,NA,NA,NA,NA,NA,NA,NA,247896,280189,4101,1,cf0f1cc1e290dce65809b3140c6f2dc9062a9f452120988a3a869e7faab69134
0,1,0,1,7,0.023724734997813357,0.019914999999999999,0.0036479999999999998,31506432,NA,NA,NA,NA,NA,NA,NA,NA,126024,51085,1029,1,d6479df97612ac41a8966333a6ef58076a32dad29a20f6bc64e0a5b65673088c
0,1,1,0,7,0.025309435000963276,0.016241999999999999,0.008881,31408128,NA,NA,NA,NA,NA,NA,NA,NA,126024,51085,1029,1,d6479df97612ac41a8966333a6ef58076a32dad29a20f6bc64e0a5b65673088c
0,1,0,1,5,0.022082180999859702,0.0087749999999999998,0.013153,31145984,NA,NA,NA,NA,NA,NA,NA,NA,192736,51085,1029,1,98c15b8b4636441c6e839c68a3bed9dee3bd8ae062882739073db7b7ed7d66f3
0,1,1,0,5,0.022622147997026332,0.014896999999999999,0.0074669999999999997,31145984,NA,NA,NA,NA,NA,NA,NA,NA,192736,51085,1029,1,98c15b8b4636441c6e839c68a3bed9dee3bd8ae062882739073db7b7ed7d66f3
0,1,0,1,4,0.031276945999707095,0.023382,0.0077069999999999994,28655616,NA,NA,NA,NA,NA,NA,NA,NA,163920,51085,1029,1,3469c6c02ad818b9b840f744b74781f39d0d6d69319fb824d729f7875274b381
0,1,1,0,4,0.030721233997610398,0.026726999999999997,0.0038279999999999998,28983296,NA,NA,NA,NA,NA,NA,NA,NA,163920,51085,1029,1,3469c6c02ad818b9b840f744b74781f39d0d6d69319fb824d729f7875274b381
0,1,0,1,22,0.11610133499925723,0.086751999999999996,0.029000999999999999,58347520,NA,NA,NA,NA,NA,NA,NA,NA,1433848,711531,19202,64,7fe8e0e1367c4dc75afe736c0ee35e3a3755c0152301f3880ce2412132a22623
0,1,1,0,22,0.10608643999876222,0.089651999999999996,0.016212000000000001,58347520,NA,NA,NA,NA,NA,NA,NA,NA,1433848,711531,19202,64,7fe8e0e1367c4dc75afe736c0ee35e3a3755c0152301f3880ce2412132a22623
0,1,0,1,19,0.046854793003149098,0.034634999999999999,0.011575,40374272,NA,NA,NA,NA,NA,NA,NA,NA,742032,235398,3329,64,ef3fe9f327a6ee2b8ff8e0c5cce4ce61f805f0660ce139a533f5137453c188bc
0,1,1,0,19,0.047762252997927135,0.023871,0.023446999999999999,40767488,NA,NA,NA,NA,NA,NA,NA,NA,742032,235398,3329,64,ef3fe9f327a6ee2b8ff8e0c5cce4ce61f805f0660ce139a533f5137453c188bc
0,2,0,1,17,0.051532689998566639,0.039411999999999996,0.011828999999999999,41816064,NA,NA,NA,NA,NA,NA,NA,NA,1009296,235398,3329,64,46bbbc4439d5a1911d5728e76ba413a577b270d33a6d6f7287d5e66409ad1e95
0,2,1,0,17,0.051959610998892458,0.039726999999999998,0.012013999999999999,41881600,NA,NA,NA,NA,NA,NA,NA,NA,1009296,235398,3329,64,46bbbc4439d5a1911d5728e76ba413a577b270d33a6d6f7287d5e66409ad1e95
0,2,0,1,10,0.019982780999271199,0.015887999999999999,0.003908,30412800,NA,NA,NA,NA,NA,NA,NA,NA,106320,39898,2049,512,7b8f1ead52d1f75ea51a9518f4611f96b3105a83b8e9ff16958705114f2a13b3
0,2,1,0,10,0.019480740000290098,0.011502999999999999,0.0078119999999999995,30642176,NA,NA,NA,NA,NA,NA,NA,NA,106320,39898,2049,512,7b8f1ead52d1f75ea51a9518f4611f96b3105a83b8e9ff16958705114f2a13b3
0,2,0,1,21,0.12154801499855239,0.100798,0.020361000000000001,60465152,NA,NA,NA,NA,NA,NA,NA,NA,2209528,711531,19202,64,955dcf7525f03629d689feea1585905e0b8700805efb32f241197b1ebcb41ffa
0,2,1,0,21,0.12074306499926024,0.099259,0.021207999999999998,60424192,NA,NA,NA,NA,NA,NA,NA,NA,2209528,711531,19202,64,955dcf7525f03629d689feea1585905e0b8700805efb32f241197b1ebcb41ffa
0,2,0,1,6,0.024428050997812534,0.020185999999999999,0.0040720000000000001,30425088,NA,NA,NA,NA,NA,NA,NA,NA,126024,51085,1029,1,d6479df97612ac41a8966333a6ef58076a32dad29a20f6bc64e0a5b65673088c
0,2,1,0,6,0.027268809997622157,0.018480999999999997,0.0086439999999999989,31145984,NA,NA,NA,NA,NA,NA,NA,NA,126024,51085,1029,1,d6479df97612ac41a8966333a6ef58076a32dad29a20f6bc64e0a5b65673088c
0,2,0,0,12,0.037195466997218318,0.029047999999999997,0.007835,31514624,NA,NA,NA,NA,NA,NA,NA,NA,313424,280189,4101,1,0f9e44f960c45a3ca86cde574970381ef909d64a6bb2d20a17395bced584502a
0,2,1,1,12,0.03544890199918882,0.023283999999999999,0.011961999999999999,31481856,NA,NA,NA,NA,NA,NA,NA,NA,313424,280189,4101,1,0f9e44f960c45a3ca86cde574970381ef909d64a6bb2d20a17395bced584502a
0,2,0,0,8,0.02444289800041588,0.012208999999999999,0.012045,31789056,NA,NA,NA,NA,NA,NA,NA,NA,98128,39898,2049,512,d54e0d3e437f1319c5e0037da4750229225984f79f1ebd587b1323affae587ab
0,2,1,1,8,0.02319896400149446,0.018960999999999999,0.0040689999999999997,31789056,NA,NA,NA,NA,NA,NA,NA,NA,98128,39898,2049,512,d54e0d3e437f1319c5e0037da4750229225984f79f1ebd587b1323affae587ab
0,2,0,1,22,0.12660699100160855,0.11448699999999999,0.011866999999999999,58232832,NA,NA,NA,NA,NA,NA,NA,NA,1433848,711531,19202,64,7fe8e0e1367c4dc75afe736c0ee35e3a3755c0152301f3880ce2412132a22623
0,2,1,0,22,0.11288943399995333,0.100327,0.012069999999999999,58343424,NA,NA,NA,NA,NA,NA,NA,NA,1433848,711531,19202,64,7fe8e0e1367c4dc75afe736c0ee35e3a3755c0152301f3880ce2412132a22623
0,2,0,1,0,0.014525850001518847,0.014273999999999998,0,24764416,NA,NA,NA,NA,NA,NA,NA,NA,2008,133,5,1,a8c1633e798ef980493443e67e6fdb6eada42f775edf7051d304d09c3ddadf5a
0,2,1,0,0,0.014304753996839281,0.0069019999999999993,0.0071599999999999997,24739840,NA,NA,NA,NA,NA,NA,NA,NA,2008,133,5,1,a8c1633e798ef980493443e67e6fdb6eada42f775edf7051d304d09c3ddadf5a
0,2,0,0,9,0.13641985099820886,0.084987999999999994,0.048437999999999995,30666752,NA,NA,NA,NA,NA,NA,NA,NA,147280,39898,2049,512,02ee45f00f5fa967779eb017bd9c1965526161af8ee6a0f23a31a68b3dbbac77
0,2,1,1,9,0.071694277998176403,0.019694,0.050532999999999995,30666752,NA,NA,NA,NA,NA,NA,NA,NA,147280,39898,2049,512,02ee45f00f5fa967779eb017bd9c1965526161af8ee6a0f23a31a68b3dbbac77
0,2,0,0,15,0.032985991001623916,0.012553999999999999,0.020105999999999999,32317440,NA,NA,NA,NA,NA,NA,NA,NA,247896,280189,4101,1,cf0f1cc1e290dce65809b3140c6f2dc9062a9f452120988a3a869e7faab69134
0,2,1,1,15,0.024917572998674586,0.020324999999999999,0.0041830000000000001,32358400,NA,NA,NA,NA,NA,NA,NA,NA,247896,280189,4101,1,cf0f1cc1e290dce65809b3140c6f2dc9062a9f452120988a3a869e7faab69134
0,2,0,0,2,0.020147079001617385,0.0082830000000000004,0.011528999999999999,24891392,NA,NA,NA,NA,NA,NA,NA,NA,2008,133,5,1,8210b4f6eac12a20575e673437437e82cfff653da437ea17992a3aed56a99207
0,2,1,1,2,0.015539944997726707,0.0037749999999999997,0.011453,24608768,NA,NA,NA,NA,NA,NA,NA,NA,2008,133,5,1,8210b4f6eac12a20575e673437437e82cfff653da437ea17992a3aed56a99207
0,2,0,0,18,0.077316118997259764,0.044211,0.032474999999999997,41029632,NA,NA,NA,NA,NA,NA,NA,NA,742032,235398,3329,64,ef3fe9f327a6ee2b8ff8e0c5cce4ce61f805f0660ce139a533f5137453c188bc
0,2,1,1,18,0.049114653000287944,0.036775999999999996,0.011935999999999999,40808448,NA,NA,NA,NA,NA,NA,NA,NA,742032,235398,3329,64,ef3fe9f327a6ee2b8ff8e0c5cce4ce61f805f0660ce139a533f5137453c188bc
0,2,0,1,19,0.049827123999421019,0.037142000000000001,0.012430999999999999,40886272,NA,NA,NA,NA,NA,NA,NA,NA,742032,235398,3329,64,ef3fe9f327a6ee2b8ff8e0c5cce4ce61f805f0660ce139a533f5137453c188bc
0,2,1,0,19,0.05124927100041532,0.038640000000000001,0.012175,41029632,NA,NA,NA,NA,NA,NA,NA,NA,742032,235398,3329,64,ef3fe9f327a6ee2b8ff8e0c5cce4ce61f805f0660ce139a533f5137453c188bc
0,2,0,0,5,0.022449083000537939,0.013519999999999999,0.0087349999999999997,31342592,NA,NA,NA,NA,NA,NA,NA,NA,192736,51085,1029,1,98c15b8b4636441c6e839c68a3bed9dee3bd8ae062882739073db7b7ed7d66f3
0,2,1,1,5,0.022685751999233617,0.008905999999999999,0.013576999999999999,31145984,NA,NA,NA,NA,NA,NA,NA,NA,192736,51085,1029,1,98c15b8b4636441c6e839c68a3bed9dee3bd8ae062882739073db7b7ed7d66f3
0,2,0,1,20,0.17469189699841081,0.13408599999999998,0.040098999999999996,60248064,NA,NA,NA,NA,NA,NA,NA,NA,1746680,711531,19202,64,e4041ce2b5b6df572ca4d0ca66e6006ad368116646e82963f7e9550b84ab78ca
0,2,1,0,20,0.13774173199999495,0.12464799999999999,0.01273,60215296,NA,NA,NA,NA,NA,NA,NA,NA,1746680,711531,19202,64,e4041ce2b5b6df572ca4d0ca66e6006ad368116646e82963f7e9550b84ab78ca
0,2,0,0,14,0.025905139002134092,0.014098999999999999,0.011644999999999999,32292864,NA,NA,NA,NA,NA,NA,NA,NA,247896,280189,4101,1,cf0f1cc1e290dce65809b3140c6f2dc9062a9f452120988a3a869e7faab69134
0,2,1,1,14,0.023164707999967504,0.019084,0.0039129999999999998,31965184,NA,NA,NA,NA,NA,NA,NA,NA,247896,280189,4101,1,cf0f1cc1e290dce65809b3140c6f2dc9062a9f452120988a3a869e7faab69134
0,2,0,1,3,0.015178792000369867,0.015023999999999999,0,24743936,NA,NA,NA,NA,NA,NA,NA,NA,2008,133,5,1,8210b4f6eac12a20575e673437437e82cfff653da437ea17992a3aed56a99207
0,2,1,0,3,0.013970340001833392,0.0034869999999999996,0.01031,24870912,NA,NA,NA,NA,NA,NA,NA,NA,2008,133,5,1,8210b4f6eac12a20575e673437437e82cfff653da437ea17992a3aed56a99207
0,2,0,0,7,0.023426544001267757,0.018376,0.0047559999999999998,31408128,NA,NA,NA,NA,NA,NA,NA,NA,126024,51085,1029,1,d6479df97612ac41a8966333a6ef58076a32dad29a20f6bc64e0a5b65673088c
0,2,1,1,7,0.024821400998916943,0.020532999999999999,0.0040869999999999995,31502336,NA,NA,NA,NA,NA,NA,NA,NA,126024,51085,1029,1,d6479df97612ac41a8966333a6ef58076a32dad29a20f6bc64e0a5b65673088c
0,2,0,1,13,0.023087444998964202,0.015226,0.0076369999999999997,32292864,NA,NA,NA,NA,NA,NA,NA,NA,313536,280189,4101,1,5a04cd3dab823e43a4d317f4a27057eec5b1fcaecf9843229a14a897b95f1f29
0,2,1,0,13,0.022783706001064274,0.011105,0.011297,32415744,NA,NA,NA,NA,NA,NA,NA,NA,313536,280189,4101,1,5a04cd3dab823e43a4d317f4a27057eec5b1fcaecf9843229a14a897b95f1f29
0,2,0,1,23,0.12042864199975156,0.10833699999999999,0.011890999999999999,58347520,NA,NA,NA,NA,NA,NA,NA,NA,1433848,711531,19202,64,7fe8e0e1367c4dc75afe736c0ee35e3a3755c0152301f3880ce2412132a22623
0,2,1,0,23,0.12333078200026648,0.103479,0.019424999999999998,58609664,NA,NA,NA,NA,NA,NA,NA,NA,1433848,711531,19202,64,7fe8e0e1367c4dc75afe736c0ee35e3a3755c0152301f3880ce2412132a22623
0,2,0,0,16,0.062157715998182539,0.046623999999999999,0.015304,43061248,NA,NA,NA,NA,NA,NA,NA,NA,1082000,235398,3329,64,0a2640f1e20aa1aa539adbeb18cdf2a1ebe47a1dc573029aa0c35ed433364c04
0,2,1,1,16,0.062605446997622494,0.050643000000000001,0.011713999999999999,43048960,NA,NA,NA,NA,NA,NA,NA,NA,1082000,235398,3329,64,0a2640f1e20aa1aa539adbeb18cdf2a1ebe47a1dc573029aa0c35ed433364c04
0,2,0,1,1,0.014561562002199935,0.0033529999999999996,0.010983999999999999,24535040,NA,NA,NA,NA,NA,NA,NA,NA,2056,133,5,1,6b21b079ef6f8f7f055926600e53b906dd7be041e021dd2791b7aa8c55e24585
0,2,1,0,1,0.015434979999554344,0.011278999999999999,0.0039759999999999995,24805376,NA,NA,NA,NA,NA,NA,NA,NA,2056,133,5,1,6b21b079ef6f8f7f055926600e53b906dd7be041e021dd2791b7aa8c55e24585
0,2,0,1,11,0.019925641998270294,0.015779999999999999,0.0039829999999999996,30552064,NA,NA,NA,NA,NA,NA,NA,NA,106320,39898,2049,512,7b8f1ead52d1f75ea51a9518f4611f96b3105a83b8e9ff16958705114f2a13b3
0,2,1,0,11,0.019647261000500293,0.0078469999999999998,0.01163,30740480,NA,NA,NA,NA,NA,NA,NA,NA,106320,39898,2049,512,7b8f1ead52d1f75ea51a9518f4611f96b3105a83b8e9ff16958705114f2a13b3
0,2,0,1,4,0.029471928002749337,0.024455999999999999,0.004633,28917760,NA,NA,NA,NA,NA,NA,NA,NA,163920,51085,1029,1,3469c6c02ad818b9b840f744b74781f39d0d6d69319fb824d729f7875274b381
0,2,1,0,4,0.030040728001040407,0.0223,0.0073590000000000001,28889088,NA,NA,NA,NA,NA,NA,NA,NA,163920,51085,1029,1,3469c6c02ad818b9b840f744b74781f39d0d6d69319fb824d729f7875274b381
0,3,0,0,17,0.053269280000677099,0.044739999999999995,0.0083109999999999989,41877504,NA,NA,NA,NA,NA,NA,NA,NA,1009296,235398,3329,64,46bbbc4439d5a1911d5728e76ba413a577b270d33a6d6f7287d5e66409ad1e95
0,3,1,1,17,0.057193275999452453,0.045194999999999999,0.011757999999999999,41029632,NA,NA,NA,NA,NA,NA,NA,NA,1009296,235398,3329,64,46bbbc4439d5a1911d5728e76ba413a577b270d33a6d6f7287d5e66409ad1e95
0,3,0,0,21,0.10935163799877046,0.10071999999999999,0.0082349999999999993,60444672,NA,NA,NA,NA,NA,NA,NA,NA,2209528,711531,19202,64,955dcf7525f03629d689feea1585905e0b8700805efb32f241197b1ebcb41ffa
0,3,1,1,21,0.11552047400255105,0.103156,0.012114999999999999,60481536,NA,NA,NA,NA,NA,NA,NA,NA,2209528,711531,19202,64,955dcf7525f03629d689feea1585905e0b8700805efb32f241197b1ebcb41ffa
0,3,0,1,7,0.023061464999045711,0.0094640000000000002,0.01342,31510528,NA,NA,NA,NA,NA,NA,NA,NA,126024,51085,1029,1,d6479df97612ac41a8966333a6ef58076a32dad29a20f6bc64e0a5b65673088c
0,3,1,0,7,0.023612428998603718,0.0079579999999999998,0.015391999999999999,31436800,NA,NA,NA,NA,NA,NA,NA,NA,126024,51085,1029,1,d6479df97612ac41a8966333a6ef58076a32dad29a20f6bc64e0a5b65673088c
0,3,0,0,1,0.014988581999205053,0.0097279999999999988,0.0050689999999999997,24731648,NA,NA,NA,NA,NA,NA,NA,NA,2056,133,5,1,6b21b079ef6f8f7f055926600e53b906dd7be041e021dd2791b7aa8c55e24585
0,3,1,1,1,0.013439538000966422,0,0.013287999999999999,24674304,NA,NA,NA,NA,NA,NA,NA,NA,2056,133,5,1,6b21b079ef6f8f7f055926600e53b906dd7be041e021dd2791b7aa8c55e24585
0,3,0,0,23,0.12282585700086202,0.11044599999999999,0.011977,58216448,NA,NA,NA,NA,NA,NA,NA,NA,1433848,711531,19202,64,7fe8e0e1367c4dc75afe736c0ee35e3a3755c0152301f3880ce2412132a22623
0,3,1,1,23,0.12213435699959518,0.102101,0.019730999999999999,58396672,NA,NA,NA,NA,NA,NA,NA,NA,1433848,711531,19202,64,7fe8e0e1367c4dc75afe736c0ee35e3a3755c0152301f3880ce2412132a22623
0,3,0,1,5,0.02216523400056758,0.014504999999999999,0.007293,31027200,NA,NA,NA,NA,NA,NA,NA,NA,192736,51085,1029,1,98c15b8b4636441c6e839c68a3bed9dee3bd8ae062882739073db7b7ed7d66f3
0,3,1,0,5,0.021399750999989919,0.012607999999999999,0.0086119999999999999,31145984,NA,NA,NA,NA,NA,NA,NA,NA,192736,51085,1029,1,98c15b8b4636441c6e839c68a3bed9dee3bd8ae062882739073db7b7ed7d66f3
0,3,0,1,16,0.060598126998229418,0.044209999999999999,0.01619,43167744,NA,NA,NA,NA,NA,NA,NA,NA,1082000,235398,3329,64,0a2640f1e20aa1aa539adbeb18cdf2a1ebe47a1dc573029aa0c35ed433364c04
0,3,1,0,16,0.063554436001140857,0.035380000000000002,0.027942999999999999,43192320,NA,NA,NA,NA,NA,NA,NA,NA,1082000,235398,3329,64,0a2640f1e20aa1aa539adbeb18cdf2a1ebe47a1dc573029aa0c35ed433364c04
0,3,0,0,3,0.015094318001501961,0.011091,0.0038339999999999997,24764416,NA,NA,NA,NA,NA,NA,NA,NA,2008,133,5,1,8210b4f6eac12a20575e673437437e82cfff653da437ea17992a3aed56a99207
0,3,1,1,3,0.013855821998731699,0.0034939999999999997,0.01021,24805376,NA,NA,NA,NA,NA,NA,NA,NA,2008,133,5,1,8210b4f6eac12a20575e673437437e82cfff653da437ea17992a3aed56a99207
0,3,0,0,10,0.020050725997862173,0.015802,0.0040699999999999998,30740480,NA,NA,NA,NA,NA,NA,NA,NA,106320,39898,2049,512,7b8f1ead52d1f75ea51a9518f4611f96b3105a83b8e9ff16958705114f2a13b3
0,3,1,1,10,0.021393320999777643,0.017024999999999998,0.0042049999999999995,29888512,NA,NA,NA,NA,NA,NA,NA,NA,106320,39898,2049,512,7b8f1ead52d1f75ea51a9518f4611f96b3105a83b8e9ff16958705114f2a13b3
0,3,0,0,11,0.020809245001146337,0.010341999999999999,0.010149,30662656,NA,NA,NA,NA,NA,NA,NA,NA,106320,39898,2049,512,7b8f1ead52d1f75ea51a9518f4611f96b3105a83b8e9ff16958705114f2a13b3
0,3,1,1,11,0.020732611999846995,0.020539999999999999,0,30654464,NA,NA,NA,NA,NA,NA,NA,NA,106320,39898,2049,512,7b8f1ead52d1f75ea51a9518f4611f96b3105a83b8e9ff16958705114f2a13b3
0,3,0,1,9,0.020110453999222955,0.015812,0.0041069999999999995,30412800,NA,NA,NA,NA,NA,NA,NA,NA,147280,39898,2049,512,02ee45f00f5fa967779eb017bd9c1965526161af8ee6a0f23a31a68b3dbbac77
0,3,1,0,9,0.020324390003224835,0.015982,0.0041339999999999997,30797824,NA,NA,NA,NA,NA,NA,NA,NA,147280,39898,2049,512,02ee45f00f5fa967779eb017bd9c1965526161af8ee6a0f23a31a68b3dbbac77
0,3,0,1,15,0.025750200999027584,0.0086949999999999996,0.016865999999999999,32321536,NA,NA,NA,NA,NA,NA,NA,NA,247896,280189,4101,1,cf0f1cc1e290dce65809b3140c6f2dc9062a9f452120988a3a869e7faab69134
0,3,1,0,15,0.023356456000328762,0.018657999999999998,0.004483,32387072,NA,NA,NA,NA,NA,NA,NA,NA,247896,280189,4101,1,cf0f1cc1e290dce65809b3140c6f2dc9062a9f452120988a3a869e7faab69134
0,3,0,1,12,0.030654662998131244,0.026615999999999997,0.0038339999999999997,31244288,NA,NA,NA,NA,NA,NA,NA,NA,313424,280189,4101,1,0f9e44f960c45a3ca86cde574970381ef909d64a6bb2d20a17395bced584502a
0,3,1,0,12,0.030831583000690443,0.023035999999999997,0.0075940000000000001,31559680,NA,NA,NA,NA,NA,NA,NA,NA,313424,280189,4101,1,0f9e44f960c45a3ca86cde574970381ef909d64a6bb2d20a17395bced584502a
0,3,0,1,2,0.014220305001799716,0.0035759999999999998,0.010468,24961024,NA,NA,NA,NA,NA,NA,NA,NA,2008,133,5,1,8210b4f6eac12a20575e673437437e82cfff653da437ea17992a3aed56a99207
0,3,1,0,2,0.014254878999054199,0.014079999999999999,0,24936448,NA,NA,NA,NA,NA,NA,NA,NA,2008,133,5,1,8210b4f6eac12a20575e673437437e82cfff653da437ea17992a3aed56a99207
0,3,0,1,14,0.023603845002071466,0.015781,0.0076249999999999998,32043008,NA,NA,NA,NA,NA,NA,NA,NA,247896,280189,4101,1,cf0f1cc1e290dce65809b3140c6f2dc9062a9f452120988a3a869e7faab69134
0,3,1,0,14,0.023362470001302427,0.017162,0.0058179999999999994,32227328,NA,NA,NA,NA,NA,NA,NA,NA,247896,280189,4101,1,cf0f1cc1e290dce65809b3140c6f2dc9062a9f452120988a3a869e7faab69134
0,3,0,0,0,0.01364192600158276,0.0088979999999999997,0.0045589999999999997,24870912,NA,NA,NA,NA,NA,NA,NA,NA,2008,133,5,1,a8c1633e798ef980493443e67e6fdb6eada42f775edf7051d304d09c3ddadf5a
0,3,1,1,0,0.013886505999835208,0.013701999999999999,0,24870912,NA,NA,NA,NA,NA,NA,NA,NA,2008,133,5,1,a8c1633e798ef980493443e67e6fdb6eada42f775edf7051d304d09c3ddadf5a
0,3,0,0,20,0.14144341999781318,0.12007699999999999,0.021151,60313600,NA,NA,NA,NA,NA,NA,NA,NA,1746680,711531,19202,64,e4041ce2b5b6df572ca4d0ca66e6006ad368116646e82963f7e9550b84ab78ca
0,3,1,1,20,0.1309386649991211,0.110622,0.019924000000000001,60379136,NA,NA,NA,NA,NA,NA,NA,NA,1746680,711531,19202,64,e4041ce2b5b6df572ca4d0ca66e6006ad368116646e82963f7e9550b84ab78ca
0,3,0,0,6,0.023298560998227913,0.015702000000000001,0.0073919999999999993,31145984,NA,NA,NA,NA,NA,NA,NA,NA,126024,51085,1029,1,d6479df97612ac41a8966333a6ef58076a32dad29a20f6bc64e0a5b65673088c
0,3,1,1,6,0.02183706000141683,0.012969,0.0086819999999999987,31211520,NA,NA,NA,NA,NA,NA,NA,NA,126024,51085,1029,1,d6479df97612ac41a8966333a6ef58076a32dad29a20f6bc64e0a5b65673088c
0,3,0,0,4,0.029591154001536779,0.029391999999999998,0,28852224,NA,NA,NA,NA,NA,NA,NA,NA,163920,51085,1029,1,3469c6c02ad818b9b840f744b74781f39d0d6d69319fb824d729f7875274b381
0,3,1,1,4,0.029925336999440333,0.018557999999999998,0.011146,28852224,NA,NA,NA,NA,NA,NA,NA,NA,163920,51085,1029,1,3469c6c02ad818b9b840f744b74781f39d0d6d69319fb824d729f7875274b381
0,3,0,1,8,0.020873289999144617,0.016537,0.0041339999999999997,31617024,NA,NA,NA,NA,NA,NA,NA,NA,98128,39898,2049,512,d54e0d3e437f1319c5e0037da4750229225984f79f1ebd587b1323affae587ab
0,3,1,0,8,0.021874366000702139,0.01294,0.0086230000000000005,31723520,NA,NA,NA,NA,NA,NA,NA,NA,98128,39898,2049,512,d54e0d3e437f1319c5e0037da4750229225984f79f1ebd587b1323affae587ab
0,3,0,0,19,0.049142602001666091,0.044625999999999999,0.0041199999999999995,41070592,NA,NA,NA,NA,NA,NA,NA,NA,742032,235398,3329,64,ef3fe9f327a6ee2b8ff8e0c5cce4ce61f805f0660ce139a533f5137453c188bc
0,3,1,1,19,0.047189223001623759,0.027243999999999997,0.019743,41160704,NA,NA,NA,NA,NA,NA,NA,NA,742032,235398,3329,64,ef3fe9f327a6ee2b8ff8e0c5cce4ce61f805f0660ce139a533f5137453c188bc
0,3,0,1,18,0.050733850999677088,0.039593999999999997,0.010818999999999999,40906752,NA,NA,NA,NA,NA,NA,NA,NA,742032,235398,3329,64,ef3fe9f327a6ee2b8ff8e0c5cce4ce61f805f0660ce139a533f5137453c188bc
0,3,1,0,18,0.05865812900083256,0.04181,0.016680999999999998,41144320,NA,NA,NA,NA,NA,NA,NA,NA,742032,235398,3329,64,ef3fe9f327a6ee2b8ff8e0c5cce4ce61f805f0660ce139a533f5137453c188bc
0,3,0,0,13,0.032822451998072211,0.018907999999999998,0.013731999999999999,32423936,NA,NA,NA,NA,NA,NA,NA,NA,313536,280189,4101,1,5a04cd3dab823e43a4d317f4a27057eec5b1fcaecf9843229a14a897b95f1f29
0,3,1,1,13,0.024084282998956041,0.015979,0.0079379999999999989,32555008,NA,NA,NA,NA,NA,NA,NA,NA,313536,280189,4101,1,5a04cd3dab823e43a4d317f4a27057eec5b1fcaecf9843229a14a897b95f1f29
0,3,0,0,22,0.11343546399803017,0.093007999999999993,0.020198000000000001,58474496,NA,NA,NA,NA,NA,NA,NA,NA,1433848,711531,19202,64,7fe8e0e1367c4dc75afe736c0ee35e3a3755c0152301f3880ce2412132a22623
0,3,1,1,22,0.3453127159991709,0.19550099999999998,0.148336,58204160,NA,NA,NA,NA,NA,NA,NA,NA,1433848,711531,19202,64,7fe8e0e1367c4dc75afe736c0ee35e3a3755c0152301f3880ce2412132a22623
0,4,0,1,13,0.032052456001110841,0.018943999999999999,0.012813,32280576,NA,NA,NA,NA,NA,NA,NA,NA,313536,280189,4101,1,5a04cd3dab823e43a4d317f4a27057eec5b1fcaecf9843229a14a897b95f1f29
0,4,1,0,13,0.027813463999336818,0.0098189999999999996,0.017808999999999998,32485376,NA,NA,NA,NA,NA,NA,NA,NA,313536,280189,4101,1,5a04cd3dab823e43a4d317f4a27057eec5b1fcaecf9843229a14a897b95f1f29
0,4,0,1,23,0.15917009599797893,0.12700400000000001,0.031682999999999996,58347520,NA,NA,NA,NA,NA,NA,NA,NA,1433848,711531,19202,64,7fe8e0e1367c4dc75afe736c0ee35e3a3755c0152301f3880ce2412132a22623
0,4,1,0,23,0.12449359899983392,0.10420599999999999,0.01993,58609664,NA,NA,NA,NA,NA,NA,NA,NA,1433848,711531,19202,64,7fe8e0e1367c4dc75afe736c0ee35e3a3755c0152301f3880ce2412132a22623
0,4,0,0,1,0.014964713001972996,0.011002,0.0037709999999999996,24866816,NA,NA,NA,NA,NA,NA,NA,NA,2056,133,5,1,6b21b079ef6f8f7f055926600e53b906dd7be041e021dd2791b7aa8c55e24585
0,4,1,1,1,0.014873527998133795,0.0070809999999999996,0.0074129999999999995,24084480,NA,NA,NA,NA,NA,NA,NA,NA,2056,133,5,1,6b21b079ef6f8f7f055926600e53b906dd7be041e021dd2791b7aa8c55e24585
0,4,0,1,12,0.031698203998530516,0.015726999999999998,0.015769999999999999,30785536,NA,NA,NA,NA,NA,NA,NA,NA,313424,280189,4101,1,0f9e44f960c45a3ca86cde574970381ef909d64a6bb2d20a17395bced584502a
0,4,1,0,12,0.032732318999478593,0.020305,0.012189999999999999,31703040,NA,NA,NA,NA,NA,NA,NA,NA,313424,280189,4101,1,0f9e44f960c45a3ca86cde574970381ef909d64a6bb2d20a17395bced584502a
0,4,0,0,4,0.030078936000791145,0.025623,0.0042759999999999994,28983296,NA,NA,NA,NA,NA,NA,NA,NA,163920,51085,1029,1,3469c6c02ad818b9b840f744b74781f39d0d6d69319fb824d729f7875274b381
0,4,1,1,4,0.03499171200019191,0.030327999999999997,0.0043059999999999999,28524544,NA,NA,NA,NA,NA,NA,NA,NA,163920,51085,1029,1,3469c6c02ad818b9b840f744b74781f39d0d6d69319fb824d729f7875274b381
0,4,0,0,10,0.02386730299986084,0.012343,0.011351,30683136,NA,NA,NA,NA,NA,NA,NA,NA,106320,39898,2049,512,7b8f1ead52d1f75ea51a9518f4611f96b3105a83b8e9ff16958705114f2a13b3
0,4,1,1,10,0.02170044800004689,0.013096,0.0083809999999999996,30609408,NA,NA,NA,NA,NA,NA,NA,NA,106320,39898,2049,512,7b8f1ead52d1f75ea51a9518f4611f96b3105a83b8e9ff16958705114f2a13b3
0,4,0,1,21,0.11799848399823532,0.093815999999999997,0.023955000000000001,60317696,NA,NA,NA,NA,NA,NA,NA,NA,2209528,711531,19202,64,955dcf7525f03629d689feea1585905e0b8700805efb32f241197b1ebcb41ffa
0,4,1,0,21,0.11678504500014242,0.084312999999999999,0.032085999999999996,60424192,NA,NA,NA,NA,NA,NA,NA,NA,2209528,711531,19202,64,955dcf7525f03629d689feea1585905e0b8700805efb32f241197b1ebcb41ffa
0,4,0,1,20,0.13274338300107047,0.11684399999999999,0.015660999999999998,60420096,NA,NA,NA,NA,NA,NA,NA,NA,1746680,711531,19202,64,e4041ce2b5b6df572ca4d0ca66e6006ad368116646e82963f7e9550b84ab78ca
0,4,1,0,20,0.12734668200209853,0.114994,0.011925999999999999,60510208,NA,NA,NA,NA,NA,NA,NA,NA,1746680,711531,19202,64,e4041ce2b5b6df572ca4d0ca66e6006ad368116646e82963f7e9550b84ab78ca
0,4,0,1,3,0.016420048999862047,0.0083949999999999997,0.0077689999999999999,24805376,NA,NA,NA,NA,NA,NA,NA,NA,2008,133,5,1,8210b4f6eac12a20575e673437437e82cfff653da437ea17992a3aed56a99207
0,4,1,0,3,0.013802127999952063,0.0034089999999999997,0.010196999999999999,24879104,NA,NA,NA,NA,NA,NA,NA,NA,2008,133,5,1,8210b4f6eac12a20575e673437437e82cfff653da437ea17992a3aed56a99207
0,4,0,1,6,0.021541718000662513,0.015365999999999999,0.0038579999999999999,30949376,NA,NA,NA,NA,NA,NA,NA,NA,126024,51085,1029,1,d6479df97612ac41a8966333a6ef58076a32dad29a20f6bc64e0a5b65673088c
0,4,1,0,6,0.021805437998409616,0.014383999999999999,0.0072299999999999994,31154176,NA,NA,NA,NA,NA,NA,NA,NA,126024,51085,1029,1,d6479df97612ac41a8966333a6ef58076a32dad29a20f6bc64e0a5b65673088c
0,4,0,0,19,0.048279366001224844,0.036351000000000001,0.011689999999999999,40964096,NA,NA,NA,NA,NA,NA,NA,NA,742032,235398,3329,64,ef3fe9f327a6ee2b8ff8e0c5cce4ce61f805f0660ce139a533f5137453c188bc
0,4,1,1,19,0.05074681999758468,0.042307999999999998,0.008010999999999999,40996864,NA,NA,NA,NA,NA,NA,NA,NA,742032,235398,3329,64,ef3fe9f327a6ee2b8ff8e0c5cce4ce61f805f0660ce139a533f5137453c188bc
0,4,0,1,7,0.022294609003438381,0.010966,0.011110999999999999,30818304,NA,NA,NA,NA,NA,NA,NA,NA,126024,51085,1029,1,d6479df97612ac41a8966333a6ef58076a32dad29a20f6bc64e0a5b65673088c
0,4,1,0,7,0.021185116998822195,0.0083850000000000001,0.012577,31444992,NA,NA,NA,NA,NA,NA,NA,NA,126024,51085,1029,1,d6479df97612ac41a8966333a6ef58076a32dad29a20f6bc64e0a5b65673088c
0,4,0,1,2,0.013486722000379814,0.0090889999999999999,0.0042339999999999999,24551424,NA,NA,NA,NA,NA,NA,NA,NA,2008,133,5,1,8210b4f6eac12a20575e673437437e82cfff653da437ea17992a3aed56a99207
0,4,1,0,2,0.012994777000130853,0.004274,0.0085489999999999993,24928256,NA,NA,NA,NA,NA,NA,NA,NA,2008,133,5,1,8210b4f6eac12a20575e673437437e82cfff653da437ea17992a3aed56a99207
0,4,0,0,0,0.013363169997319346,0.0032889999999999998,0.0098689999999999993,24768512,NA,NA,NA,NA,NA,NA,NA,NA,2008,133,5,1,a8c1633e798ef980493443e67e6fdb6eada42f775edf7051d304d09c3ddadf5a
0,4,1,1,0,0.01377517799846828,0.0045459999999999997,0.0090809999999999988,24805376,NA,NA,NA,NA,NA,NA,NA,NA,2008,133,5,1,a8c1633e798ef980493443e67e6fdb6eada42f775edf7051d304d09c3ddadf5a
0,4,0,0,15,0.023003529000561684,0.018957999999999999,0.0037959999999999999,32030720,NA,NA,NA,NA,NA,NA,NA,NA,247896,280189,4101,1,cf0f1cc1e290dce65809b3140c6f2dc9062a9f452120988a3a869e7faab69134
0,4,1,1,15,0.022605734000535449,0.022369,0,32243712,NA,NA,NA,NA,NA,NA,NA,NA,247896,280189,4101,1,cf0f1cc1e290dce65809b3140c6f2dc9062a9f452120988a3a869e7faab69134
0,4,0,1,16,0.058685980002337601,0.053208999999999999,0.0040999999999999995,43126784,NA,NA,NA,NA,NA,NA,NA,NA,1082000,235398,3329,64,0a2640f1e20aa1aa539adbeb18cdf2a1ebe47a1dc573029aa0c35ed433364c04
0,4,1,0,16,0.060306395000225166,0.047892999999999998,0.01205,43180032,NA,NA,NA,NA,NA,NA,NA,NA,1082000,235398,3329,64,0a2640f1e20aa1aa539adbeb18cdf2a1ebe47a1dc573029aa0c35ed433364c04
0,4,0,0,5,0.0215270970002166,0.01273,0.0086020000000000003,30949376,NA,NA,NA,NA,NA,NA,NA,NA,192736,51085,1029,1,98c15b8b4636441c6e839c68a3bed9dee3bd8ae062882739073db7b7ed7d66f3
0,4,1,1,5,0.021570274999248795,0.021361999999999999,0,31342592,NA,NA,NA,NA,NA,NA,NA,NA,192736,51085,1029,1,98c15b8b4636441c6e839c68a3bed9dee3bd8ae062882739073db7b7ed7d66f3
0,4,0,1,22,0.10705986999892048,0.091132999999999992,0.015657000000000001,58273792,NA,NA,NA,NA,NA,NA,NA,NA,1433848,711531,19202,64,7fe8e0e1367c4dc75afe736c0ee35e3a3755c0152301f3880ce2412132a22623
0,4,1,0,22,0.10872699900210137,0.088664999999999994,0.019488999999999999,58347520,NA,NA,NA,NA,NA,NA,NA,NA,1433848,711531,19202,64,7fe8e0e1367c4dc75afe736c0ee35e3a3755c0152301f3880ce2412132a22623
0,4,0,0,17,0.052272089997131843,0.03601,0.016022999999999999,41881600,NA,NA,NA,NA,NA,NA,NA,NA,1009296,235398,3329,64,46bbbc4439d5a1911d5728e76ba413a577b270d33a6d6f7287d5e66409ad1e95
0,4,1,1,17,0.052061403999687172,0.040059999999999998,0.011842,41029632,NA,NA,NA,NA,NA,NA,NA,NA,1009296,235398,3329,64,46bbbc4439d5a1911d5728e76ba413a577b270d33a6d6f7287d5e66409ad1e95
0,4,0,1,18,0.050000104001810541,0.033050999999999997,0.016746999999999998,40833024,NA,NA,NA,NA,NA,NA,NA,NA,742032,235398,3329,64,ef3fe9f327a6ee2b8ff8e0c5cce4ce61f805f0660ce139a533f5137453c188bc
0,4,1,0,18,0.050985121000849176,0.042881999999999997,0.0078829999999999994,40767488,NA,NA,NA,NA,NA,NA,NA,NA,742032,235398,3329,64,ef3fe9f327a6ee2b8ff8e0c5cce4ce61f805f0660ce139a533f5137453c188bc
0,4,0,0,9,0.019715710001037223,0.011797,0.0077510000000000001,30543872,NA,NA,NA,NA,NA,NA,NA,NA,147280,39898,2049,512,02ee45f00f5fa967779eb017bd9c1965526161af8ee6a0f23a31a68b3dbbac77
0,4,1,1,9,0.019114072998490883,0.015103,0.003872,30478336,NA,NA,NA,NA,NA,NA,NA,NA,147280,39898,2049,512,02ee45f00f5fa967779eb017bd9c1965526161af8ee6a0f23a31a68b3dbbac77
0,4,0,1,14,0.0235856680010329,0.019625,0.0037879999999999997,32292864,NA,NA,NA,NA,NA,NA,NA,NA,247896,280189,4101,1,cf0f1cc1e290dce65809b3140c6f2dc9062a9f452120988a3a869e7faab69134
0,4,1,0,14,0.022797466001065914,0.011439,0.011202,32161792,NA,NA,NA,NA,NA,NA,NA,NA,247896,280189,4101,1,cf0f1cc1e290dce65809b3140c6f2dc9062a9f452120988a3a869e7faab69134
0,4,0,0,8,0.020741092997923261,0.0039880000000000002,0.016535999999999999,31789056,NA,NA,NA,NA,NA,NA,NA,NA,98128,39898,2049,512,d54e0d3e437f1319c5e0037da4750229225984f79f1ebd587b1323affae587ab
0,4,1,1,8,0.020382524002343416,0.016142,0.0040860000000000002,31469568,NA,NA,NA,NA,NA,NA,NA,NA,98128,39898,2049,512,d54e0d3e437f1319c5e0037da4750229225984f79f1ebd587b1323affae587ab
0,4,0,0,11,0.020320651998190442,0.016293999999999999,0.0038789999999999996,30674944,NA,NA,NA,NA,NA,NA,NA,NA,106320,39898,2049,512,7b8f1ead52d1f75ea51a9518f4611f96b3105a83b8e9ff16958705114f2a13b3
0,4,1,1,11,0.019633915002486901,0.011691999999999999,0.0077529999999999995,30478336,NA,NA,NA,NA,NA,NA,NA,NA,106320,39898,2049,512,7b8f1ead52d1f75ea51a9518f4611f96b3105a83b8e9ff16958705114f2a13b3
0,5,0,1,4,0.030868095000187168,0.030504,0,28893184,NA,NA,NA,NA,NA,NA,NA,NA,163920,51085,1029,1,3469c6c02ad818b9b840f744b74781f39d0d6d69319fb824d729f7875274b381
0,5,1,0,4,0.02998771100101294,0.022268,0.0075429999999999994,29016064,NA,NA,NA,NA,NA,NA,NA,NA,163920,51085,1029,1,3469c6c02ad818b9b840f744b74781f39d0d6d69319fb824d729f7875274b381
0,5,0,0,22,0.10990403499818058,0.097203999999999999,0.012487,57954304,NA,NA,NA,NA,NA,NA,NA,NA,1433848,711531,19202,64,7fe8e0e1367c4dc75afe736c0ee35e3a3755c0152301f3880ce2412132a22623
0,5,1,1,22,0.12146236400076305,0.112812,0.0082769999999999996,58413056,NA,NA,NA,NA,NA,NA,NA,NA,1433848,711531,19202,64,7fe8e0e1367c4dc75afe736c0ee35e3a3755c0152301f3880ce2412132a22623
0,5,0,1,8,0.021540571997320512,0.012858999999999999,0.0084949999999999991,31526912,NA,NA,NA,NA,NA,NA,NA,NA,98128,39898,2049,512,d54e0d3e437f1319c5e0037da4750229225984f79f1ebd587b1323affae587ab
0,5,1,0,8,0.020658220000768779,0.012253999999999999,0.0082519999999999989,31870976,NA,NA,NA,NA,NA,NA,NA,NA,98128,39898,2049,512,d54e0d3e437f1319c5e0037da4750229225984f79f1ebd587b1323affae587ab
0,5,0,1,10,0.20060279300014372,0.065787999999999999,0.13345799999999999,30412800,NA,NA,NA,NA,NA,NA,NA,NA,106320,39898,2049,512,7b8f1ead52d1f75ea51a9518f4611f96b3105a83b8e9ff16958705114f2a13b3
0,5,1,0,10,0.051421145002677804,0.016961,0.033915000000000001,30691328,NA,NA,NA,NA,NA,NA,NA,NA,106320,39898,2049,512,7b8f1ead52d1f75ea51a9518f4611f96b3105a83b8e9ff16958705114f2a13b3
0,5,0,0,20,0.25785496900061844,0.13933099999999998,0.118033,60444672,NA,NA,NA,NA,NA,NA,NA,NA,1746680,711531,19202,64,e4041ce2b5b6df572ca4d0ca66e6006ad368116646e82963f7e9550b84ab78ca
0,5,1,1,20,0.13792238099995302,0.12178299999999999,0.015955,60444672,NA,NA,NA,NA,NA,NA,NA,NA,1746680,711531,19202,64,e4041ce2b5b6df572ca4d0ca66e6006ad368116646e82963f7e9550b84ab78ca
0,5,0,0,12,0.032255885998893064,0.024104999999999998,0.0078279999999999999,31395840,NA,NA,NA,NA,NA,NA,NA,NA,313424,280189,4101,1,0f9e44f960c45a3ca86cde574970381ef909d64a6bb2d20a17395bced584502a
0,5,1,1,12,0.030886215998179978,0.021898999999999998,0.0087479999999999988,31637504,NA,NA,NA,NA,NA,NA,NA,NA,313424,280189,4101,1,0f9e44f960c45a3ca86cde574970381ef909d64a6bb2d20a17395bced584502a
0,5,0,0,16,0.059186918999330373,0.043344999999999995,0.01566,43167744,NA,NA,NA,NA,NA,NA,NA,NA,1082000,235398,3329,64,0a2640f1e20aa1aa539adbeb18cdf2a1ebe47a1dc573029aa0c35ed433364c04
0,5,1,1,16,0.058302844001445919,0.037229999999999999,0.020878000000000001,42852352,NA,NA,NA,NA,NA,NA,NA,NA,1082000,235398,3329,64,0a2640f1e20aa1aa539adbeb18cdf2a1ebe47a1dc573029aa0c35ed433364c04
0,5,0,1,15,0.022567957003047923,0.017906999999999999,0.0044879999999999998,32145408,NA,NA,NA,NA,NA,NA,NA,NA,247896,280189,4101,1,cf0f1cc1e290dce65809b3140c6f2dc9062a9f452120988a3a869e7faab69134
0,5,1,0,15,0.022397054999601096,0.017801000000000001,0.00445,32251904,NA,NA,NA,NA,NA,NA,NA,NA,247896,280189,4101,1,cf0f1cc1e290dce65809b3140c6f2dc9062a9f452120988a3a869e7faab69134
0,5,0,0,2,0.013427915000647772,0.013103,0,25001984,NA,NA,NA,NA,NA,NA,NA,NA,2008,133,5,1,8210b4f6eac12a20575e673437437e82cfff653da437ea17992a3aed56a99207
0,5,1,1,2,0.013723912001296412,0.013573999999999999,0,24608768,NA,NA,NA,NA,NA,NA,NA,NA,2008,133,5,1,8210b4f6eac12a20575e673437437e82cfff653da437ea17992a3aed56a99207
0,5,0,0,3,0.015044050000142306,0.0072109999999999995,0.0076530000000000001,24805376,NA,NA,NA,NA,NA,NA,NA,NA,2008,133,5,1,8210b4f6eac12a20575e673437437e82cfff653da437ea17992a3aed56a99207
0,5,1,1,3,0.014164381002046866,0.014022999999999999,0,24739840,NA,NA,NA,NA,NA,NA,NA,NA,2008,133,5,1,8210b4f6eac12a20575e673437437e82cfff653da437ea17992a3aed56a99207
0,5,0,0,14,0.022663678002572851,0.014974999999999999,0.0074869999999999997,31965184,NA,NA,NA,NA,NA,NA,NA,NA,247896,280189,4101,1,cf0f1cc1e290dce65809b3140c6f2dc9062a9f452120988a3a869e7faab69134
0,5,1,1,14,0.022670417998597259,0.014882999999999999,0.0075179999999999995,31981568,NA,NA,NA,NA,NA,NA,NA,NA,247896,280189,4101,1,cf0f1cc1e290dce65809b3140c6f2dc9062a9f452120988a3a869e7faab69134
0,5,0,1,0,0.013790771998174023,0.010187,0.0034479999999999997,24739840,NA,NA,NA,NA,NA,NA,NA,NA,2008,133,5,1,a8c1633e798ef980493443e67e6fdb6eada42f775edf7051d304d09c3ddadf5a
0,5,1,0,0,0.014164036001602653,0.0069629999999999996,0.0069629999999999996,24698880,NA,NA,NA,NA,NA,NA,NA,NA,2008,133,5,1,a8c1633e798ef980493443e67e6fdb6eada42f775edf7051d304d09c3ddadf5a
0,5,0,1,5,0.022445476999564562,0.013283999999999999,0.0090200000000000002,31080448,NA,NA,NA,NA,NA,NA,NA,NA,192736,51085,1029,1,98c15b8b4636441c6e839c68a3bed9dee3bd8ae062882739073db7b7ed7d66f3
0,5,1,0,5,0.021985907998896437,0.013205,0.0085939999999999992,31145984,NA,NA,NA,NA,NA,NA,NA,NA,192736,51085,1029,1,98c15b8b4636441c6e839c68a3bed9dee3bd8ae062882739073db7b7ed7d66f3
0,5,0,1,11,0.020317077000072459,0.011996999999999999,0.0081589999999999996,30609408,NA,NA,NA,NA,NA,NA,NA,NA,106320,39898,2049,512,7b8f1ead52d1f75ea51a9518f4611f96b3105a83b8e9ff16958705114f2a13b3
0,5,1,0,11,0.02022498199949041,0.0080949999999999998,0.011984,30650368,NA,NA,NA,NA,NA,NA,NA,NA,106320,39898,2049,512,7b8f1ead52d1f75ea51a9518f4611f96b3105a83b8e9ff16958705114f2a13b3
0,5,0,0,21,0.13724003000243101,0.088513999999999995,0.048271999999999995,60452864,NA,NA,NA,NA,NA,NA,NA,NA,2209528,711531,19202,64,955dcf7525f03629d689feea1585905e0b8700805efb32f241197b1ebcb41ffa
0,5,1,1,21,0.15731248600059189,0.12179799999999999,0.035102000000000001,60518400,NA,NA,NA,NA,NA,NA,NA,NA,2209528,711531,19202,64,955dcf7525f03629d689feea1585905e0b8700805efb32f241197b1ebcb41ffa
0,5,0,1,17,0.054485805998410797,0.034558999999999999,0.019748999999999999,41881600,NA,NA,NA,NA,NA,NA,NA,NA,1009296,235398,3329,64,46bbbc4439d5a1911d5728e76ba413a577b270d33a6d6f7287d5e66409ad1e95
0,5,1,0,17,0.052591325998946559,0.048368999999999995,0.004045,41750528,NA,NA,NA,NA,NA,NA,NA,NA,1009296,235398,3329,64,46bbbc4439d5a1911d5728e76ba413a577b270d33a6d6f7287d5e66409ad1e95
0,5,0,1,1,0.014452096998866182,0.0071449999999999994,0.0071449999999999994,24535040,NA,NA,NA,NA,NA,NA,NA,NA,2056,133,5,1,6b21b079ef6f8f7f055926600e53b906dd7be041e021dd2791b7aa8c55e24585
0,5,1,0,1,0.013945153001259314,0.0091749999999999991,0.0045869999999999999,24584192,NA,NA,NA,NA,NA,NA,NA,NA,2056,133,5,1,6b21b079ef6f8f7f055926600e53b906dd7be041e021dd2791b7aa8c55e24585
0,5,0,0,13,0.023647861002245918,0.01942,0.0040530000000000002,32333824,NA,NA,NA,NA,NA,NA,NA,NA,313536,280189,4101,1,5a04cd3dab823e43a4d317f4a27057eec5b1fcaecf9843229a14a897b95f1f29
0,5,1,1,13,0.022714227001415566,0.022516999999999999,0,32292864,NA,NA,NA,NA,NA,NA,NA,NA,313536,280189,4101,1,5a04cd3dab823e43a4d317f4a27057eec5b1fcaecf9843229a14a897b95f1f29
0,5,0,0,7,0.022115128998848377,0.010917999999999999,0.011061999999999999,31424512,NA,NA,NA,NA,NA,NA,NA,NA,126024,51085,1029,1,d6479df97612ac41a8966333a6ef58076a32dad29a20f6bc64e0a5b65673088c
0,5,1,1,7,0.023937341997225303,0.023609999999999999,0,31277056,NA,NA,NA,NA,NA,NA,NA,NA,126024,51085,1029,1,d6479df97612ac41a8966333a6ef58076a32dad29a20f6bc64e0a5b65673088c
0,5,0,0,6,0.03348498899867991,0.019962999999999998,0.013314999999999999,30949376,NA,NA,NA,NA,NA,NA,NA,NA,126024,51085,1029,1,d6479df97612ac41a8966333a6ef58076a32dad29a20f6bc64e0a5b65673088c
0,5,1,1,6,0.023249311998370104,0.015307999999999999,0.0077739999999999997,31301632,NA,NA,NA,NA,NA,NA,NA,NA,126024,51085,1029,1,d6479df97612ac41a8966333a6ef58076a32dad29a20f6bc64e0a5b65673088c
0,5,0,0,18,0.069209602999762865,0.056759999999999998,0.012163,41222144,NA,NA,NA,NA,NA,NA,NA,NA,742032,235398,3329,64,ef3fe9f327a6ee2b8ff8e0c5cce4ce61f805f0660ce139a533f5137453c188bc
0,5,1,1,18,0.047390710002218839,0.031217999999999999,0.015901999999999999,41160704,NA,NA,NA,NA,NA,NA,NA,NA,742032,235398,3329,64,ef3fe9f327a6ee2b8ff8e0c5cce4ce61f805f0660ce139a533f5137453c188bc
0,5,0,1,19,0.047338583000964718,0.031389,0.015765999999999999,41029632,NA,NA,NA,NA,NA,NA,NA,NA,742032,235398,3329,64,ef3fe9f327a6ee2b8ff8e0c5cce4ce61f805f0660ce139a533f5137453c188bc
0,5,1,0,19,0.047198326003126567,0.038342999999999995,0.0086819999999999987,41013248,NA,NA,NA,NA,NA,NA,NA,NA,742032,235398,3329,64,ef3fe9f327a6ee2b8ff8e0c5cce4ce61f805f0660ce139a533f5137453c188bc
0,5,0,1,9,0.01993779800250195,0.011826999999999999,0.0079480000000000002,30609408,NA,NA,NA,NA,NA,NA,NA,NA,147280,39898,2049,512,02ee45f00f5fa967779eb017bd9c1965526161af8ee6a0f23a31a68b3dbbac77
0,5,1,0,9,0.019583019999117823,0.015512,0.0038109999999999997,30281728,NA,NA,NA,NA,NA,NA,NA,NA,147280,39898,2049,512,02ee45f00f5fa967779eb017bd9c1965526161af8ee6a0f23a31a68b3dbbac77
0,5,0,0,23,0.12045614899761858,0.10028899999999999,0.019923,58609664,NA,NA,NA,NA,NA,NA,NA,NA,1433848,711531,19202,64,7fe8e0e1367c4dc75afe736c0ee35e3a3755c0152301f3880ce2412132a22623
0,5,1,1,23,0.1251266779981961,0.098601999999999995,0.02605,58572800,NA,NA,NA,NA,NA,NA,NA,NA,1433848,711531,19202,64,7fe8e0e1367c4dc75afe736c0ee35e3a3755c0152301f3880ce2412132a22623
0,6,0,0,3,0.014697507998789661,0.014508999999999999,0,24788992,NA,NA,NA,NA,NA,NA,NA,NA,2008,133,5,1,8210b4f6eac12a20575e673437437e82cfff653da437ea17992a3aed56a99207
0,6,1,1,3,0.013786023999273311,0.0045449999999999996,0.0090340000000000004,24674304,NA,NA,NA,NA,NA,NA,NA,NA,2008,133,5,1,8210b4f6eac12a20575e673437437e82cfff653da437ea17992a3aed56a99207
0,6,0,1,15,0.042033452999021392,0.035522999999999999,0.0062220000000000001,32288768,NA,NA,NA,NA,NA,NA,NA,NA,247896,280189,4101,1,cf0f1cc1e290dce65809b3140c6f2dc9062a9f452120988a3a869e7faab69134
0,6,1,0,15,0.024839047000568826,0.020256,0.0044120000000000001,32358400,NA,NA,NA,NA,NA,NA,NA,NA,247896,280189,4101,1,cf0f1cc1e290dce65809b3140c6f2dc9062a9f452120988a3a869e7faab69134
0,6,0,1,2,0.015121583997824928,0.0038439999999999998,0.011136,24772608,NA,NA,NA,NA,NA,NA,NA,NA,2008,133,5,1,8210b4f6eac12a20575e673437437e82cfff653da437ea17992a3aed56a99207
0,6,1,0,2,0.017548412997712148,0.0098219999999999991,0.0075469999999999999,24870912,NA,NA,NA,NA,NA,NA,NA,NA,2008,133,5,1,8210b4f6eac12a20575e673437437e82cfff653da437ea17992a3aed56a99207
0,6,0,0,6,0.022083683001255849,0.018027999999999999,0.0036899999999999997,31145984,NA,NA,NA,NA,NA,NA,NA,NA,126024,51085,1029,1,d6479df97612ac41a8966333a6ef58076a32dad29a20f6bc64e0a5b65673088c
0,6,1,1,6,0.021138439002243103,0.012558999999999999,0.0083730000000000002,30965760,NA,NA,NA,NA,NA,NA,NA,NA,126024,51085,1029,1,d6479df97612ac41a8966333a6ef58076a32dad29a20f6bc64e0a5b65673088c
0,6,0,1,11,0.019432107001193799,0.011486999999999999,0.0076579999999999999,30703616,NA,NA,NA,NA,NA,NA,NA,NA,106320,39898,2049,512,7b8f1ead52d1f75ea51a9518f4611f96b3105a83b8e9ff16958705114f2a13b3
0,6,1,0,11,0.01925307799683651,0.011481999999999999,0.0075779999999999997,30740480,NA,NA,NA,NA,NA,NA,NA,NA,106320,39898,2049,512,7b8f1ead52d1f75ea51a9518f4611f96b3105a83b8e9ff16958705114f2a13b3
0,6,0,0,5,0.021117373002198292,0.010395,0.010518999999999999,31211520,NA,NA,NA,NA,NA,NA,NA,NA,192736,51085,1029,1,98c15b8b4636441c6e839c68a3bed9dee3bd8ae062882739073db7b7ed7d66f3
0,6,1,1,5,0.021154656998987775,0.012480999999999999,0.008487999999999999,31211520,NA,NA,NA,NA,NA,NA,NA,NA,192736,51085,1029,1,98c15b8b4636441c6e839c68a3bed9dee3bd8ae062882739073db7b7ed7d66f3
0,6,0,1,9,0.018985417998919729,0.011202999999999999,0.0075639999999999995,30437376,NA,NA,NA,NA,NA,NA,NA,NA,147280,39898,2049,512,02ee45f00f5fa967779eb017bd9c1965526161af8ee6a0f23a31a68b3dbbac77
0,6,1,0,9,0.01878464699984761,0.014901999999999999,0.003725,30609408,NA,NA,NA,NA,NA,NA,NA,NA,147280,39898,2049,512,02ee45f00f5fa967779eb017bd9c1965526161af8ee6a0f23a31a68b3dbbac77
0,6,0,1,7,0.02118869799960521,0.014032999999999999,0.0069779999999999998,31375360,NA,NA,NA,NA,NA,NA,NA,NA,126024,51085,1029,1,d6479df97612ac41a8966333a6ef58076a32dad29a20f6bc64e0a5b65673088c
0,6,1,0,7,0.021396304000518285,0.016996000000000001,0.0042290000000000001,31473664,NA,NA,NA,NA,NA,NA,NA,NA,126024,51085,1029,1,d6479df97612ac41a8966333a6ef58076a32dad29a20f6bc64e0a5b65673088c
0,6,0,0,14,0.022514973999932408,0.011127999999999999,0.011127999999999999,32227328,NA,NA,NA,NA,NA,NA,NA,NA,247896,280189,4101,1,cf0f1cc1e290dce65809b3140c6f2dc9062a9f452120988a3a869e7faab69134
0,6,1,1,14,0.021901863998209592,0.010858,0.010843,31965184,NA,NA,NA,NA,NA,NA,NA,NA,247896,280189,4101,1,cf0f1cc1e290dce65809b3140c6f2dc9062a9f452120988a3a869e7faab69134
0,6,0,0,16,0.059979047000524588,0.055514999999999995,0.0040539999999999994,43257856,NA,NA,NA,NA,NA,NA,NA,NA,1082000,235398,3329,64,0a2640f1e20aa1aa539adbeb18cdf2a1ebe47a1dc573029aa0c35ed433364c04
0,6,1,1,16,0.059786524001538055,0.043482,0.016025999999999999,43069440,NA,NA,NA,NA,NA,NA,NA,NA,1082000,235398,3329,64,0a2640f1e20aa1aa539adbeb18cdf2a1ebe47a1dc573029aa0c35ed433364c04
0,6,0,0,20,0.12915597100072773,0.10962899999999999,0.019289999999999998,60268544,NA,NA,NA,NA,NA,NA,NA,NA,1746680,711531,19202,64,e4041ce2b5b6df572ca4d0ca66e6006ad368116646e82963f7e9550b84ab78ca
0,6,1,1,20,0.1287008209983469,0.112124,0.016295999999999998,60063744,NA,NA,NA,NA,NA,NA,NA,NA,1746680,711531,19202,64,e4041ce2b5b6df572ca4d0ca66e6006ad368116646e82963f7e9550b84ab78ca
0,6,0,1,12,0.03130204999979469,0.031102999999999999,0,31375360,NA,NA,NA,NA,NA,NA,NA,NA,313424,280189,4101,1,0f9e44f960c45a3ca86cde574970381ef909d64a6bb2d20a17395bced584502a
0,6,1,0,12,0.030851539999275701,0.026860999999999999,0.0038079999999999998,31465472,NA,NA,NA,NA,NA,NA,NA,NA,313424,280189,4101,1,0f9e44f960c45a3ca86cde574970381ef909d64a6bb2d20a17395bced584502a
0,6,0,1,21,0.41469490300005418,0.19836099999999998,0.215117,60313600,NA,NA,NA,NA,NA,NA,NA,NA,2209528,711531,19202,64,955dcf7525f03629d689feea1585905e0b8700805efb32f241197b1ebcb41ffa
0,6,1,0,21,0.15378662000148324,0.093075999999999992,0.060328,60465152,NA,NA,NA,NA,NA,NA,NA,NA,2209528,711531,19202,64,955dcf7525f03629d689feea1585905e0b8700805efb32f241197b1ebcb41ffa
0,6,0,1,22,0.1180471360021329,0.101738,0.015931000000000001,58073088,NA,NA,NA,NA,NA,NA,NA,NA,1433848,711531,19202,64,7fe8e0e1367c4dc75afe736c0ee35e3a3755c0152301f3880ce2412132a22623
0,6,1,0,22,0.12099086799935321,0.104295,0.016458,57954304,NA,NA,NA,NA,NA,NA,NA,NA,1433848,711531,19202,64,7fe8e0e1367c4dc75afe736c0ee35e3a3755c0152301f3880ce2412132a22623
0,6,0,0,8,0.02379705999919679,0.016028999999999998,0.0075779999999999997,31707136,NA,NA,NA,NA,NA,NA,NA,NA,98128,39898,2049,512,d54e0d3e437f1319c5e0037da4750229225984f79f1ebd587b1323affae587ab
0,6,1,1,8,0.021744020999904023,0.010910999999999999,0.010558999999999999,31477760,NA,NA,NA,NA,NA,NA,NA,NA,98128,39898,2049,512,d54e0d3e437f1319c5e0037da4750229225984f79f1ebd587b1323affae587ab
0,6,0,0,18,0.051399323001533048,0.036200999999999997,0.014919,41029632,NA,NA,NA,NA,NA,NA,NA,NA,742032,235398,3329,64,ef3fe9f327a6ee2b8ff8e0c5cce4ce61f805f0660ce139a533f5137453c188bc
0,6,1,1,18,0.056303495002794079,0.043380999999999996,0.012539,40951808,NA,NA,NA,NA,NA,NA,NA,NA,742032,235398,3329,64,ef3fe9f327a6ee2b8ff8e0c5cce4ce61f805f0660ce139a533f5137453c188bc
0,6,0,0,19,0.048784314996737521,0.036344999999999995,0.012182,41099264,NA,NA,NA,NA,NA,NA,NA,NA,742032,235398,3329,64,ef3fe9f327a6ee2b8ff8e0c5cce4ce61f805f0660ce139a533f5137453c188bc
0,6,1,1,19,0.048602196999127045,0.032557999999999997,0.015844,41095168,NA,NA,NA,NA,NA,NA,NA,NA,742032,235398,3329,64,ef3fe9f327a6ee2b8ff8e0c5cce4ce61f805f0660ce139a533f5137453c188bc
0,6,0,0,0,0.019190856000932399,0.014586,0.0044329999999999994,24805376,NA,NA,NA,NA,NA,NA,NA,NA,2008,133,5,1,a8c1633e798ef980493443e67e6fdb6eada42f775edf7051d304d09c3ddadf5a
0,6,1,1,0,0.014202538000972709,0.010546999999999999,0.0034919999999999999,24805376,NA,NA,NA,NA,NA,NA,NA,NA,2008,133,5,1,a8c1633e798ef980493443e67e6fdb6eada42f775edf7051d304d09c3ddadf5a
0,6,0,0,23,0.12288440100019216,0.09880499999999999,0.023821999999999999,58671104,NA,NA,NA,NA,NA,NA,NA,NA,1433848,711531,19202,64,7fe8e0e1367c4dc75afe736c0ee35e3a3755c0152301f3880ce2412132a22623
0,6,1,1,23,0.16595014699851163,0.13863400000000001,0.027175999999999999,57823232,NA,NA,NA,NA,NA,NA,NA,NA,1433848,711531,19202,64,7fe8e0e1367c4dc75afe736c0ee35e3a3755c0152301f3880ce2412132a22623
0,6,0,1,10,0.02014191799753462,0.012024999999999999,0.0079799999999999992,29888512,NA,NA,NA,NA,NA,NA,NA,NA,106320,39898,2049,512,7b8f1ead52d1f75ea51a9518f4611f96b3105a83b8e9ff16958705114f2a13b3
0,6,1,0,10,0.019441315002040938,0.019254999999999998,0,30674944,NA,NA,NA,NA,NA,NA,NA,NA,106320,39898,2049,512,7b8f1ead52d1f75ea51a9518f4611f96b3105a83b8e9ff16958705114f2a13b3
0,6,0,0,13,0.023063412998453714,0.018301999999999999,0.0045880000000000001,32485376,NA,NA,NA,NA,NA,NA,NA,NA,313536,280189,4101,1,5a04cd3dab823e43a4d317f4a27057eec5b1fcaecf9843229a14a897b95f1f29
0,6,1,1,13,0.022642503001407022,0.017964000000000001,0.0045249999999999995,31703040,NA,NA,NA,NA,NA,NA,NA,NA,313536,280189,4101,1,5a04cd3dab823e43a4d317f4a27057eec5b1fcaecf9843229a14a897b95f1f29
0,6,0,0,4,0.033889876998728141,0.029012,0.0046089999999999994,29106176,NA,NA,NA,NA,NA,NA,NA,NA,163920,51085,1029,1,3469c6c02ad818b9b840f744b74781f39d0d6d69319fb824d729f7875274b381
0,6,1,1,4,0.029891420002968516,0.021121999999999998,0.0084709999999999994,28852224,NA,NA,NA,NA,NA,NA,NA,NA,163920,51085,1029,1,3469c6c02ad818b9b840f744b74781f39d0d6d69319fb824d729f7875274b381
0,6,0,0,17,0.055781209000997478,0.044048999999999998,0.011434,41775104,NA,NA,NA,NA,NA,NA,NA,NA,1009296,235398,3329,64,46bbbc4439d5a1911d5728e76ba413a577b270d33a6d6f7287d5e66409ad1e95
0,6,1,1,17,0.055663164999714354,0.051344999999999995,0.0041120000000000002,41676800,NA,NA,NA,NA,NA,NA,NA,NA,1009296,235398,3329,64,46bbbc4439d5a1911d5728e76ba413a577b270d33a6d6f7287d5e66409ad1e95
0,6,0,1,1,0.014470531998085789,0.0070339999999999995,0.0072349999999999992,24567808,NA,NA,NA,NA,NA,NA,NA,NA,2056,133,5,1,6b21b079ef6f8f7f055926600e53b906dd7be041e021dd2791b7aa8c55e24585
0,6,1,0,1,0.014444664000620833,0.010732999999999999,0.003552,24854528,NA,NA,NA,NA,NA,NA,NA,NA,2056,133,5,1,6b21b079ef6f8f7f055926600e53b906dd7be041e021dd2791b7aa8c55e24585
0,7,0,1,8,0.022471813001175178,0.017939999999999998,0.0043639999999999998,31617024,NA,NA,NA,NA,NA,NA,NA,NA,98128,39898,2049,512,d54e0d3e437f1319c5e0037da4750229225984f79f1ebd587b1323affae587ab
0,7,1,0,8,0.025894751001033001,0.021509,0.0041399999999999996,31854592,NA,NA,NA,NA,NA,NA,NA,NA,98128,39898,2049,512,d54e0d3e437f1319c5e0037da4750229225984f79f1ebd587b1323affae587ab
0,7,0,0,12,0.033251349999773083,0.022022999999999997,0.010976999999999999,31571968,NA,NA,NA,NA,NA,NA,NA,NA,313424,280189,4101,1,0f9e44f960c45a3ca86cde574970381ef909d64a6bb2d20a17395bced584502a
0,7,1,1,12,0.034078980999765918,0.022738999999999999,0.011129999999999999,31129600,NA,NA,NA,NA,NA,NA,NA,NA,313424,280189,4101,1,0f9e44f960c45a3ca86cde574970381ef909d64a6bb2d20a17395bced584502a
0,7,0,1,17,0.055569996999111027,0.039717999999999996,0.015657999999999998,41619456,NA,NA,NA,NA,NA,NA,NA,NA,1009296,235398,3329,64,46bbbc4439d5a1911d5728e76ba413a577b270d33a6d6f7287d5e66409ad1e95
0,7,1,0,17,0.058531324997602496,0.049741999999999995,0.0085779999999999988,41795584,NA,NA,NA,NA,NA,NA,NA,NA,1009296,235398,3329,64,46bbbc4439d5a1911d5728e76ba413a577b270d33a6d6f7287d5e66409ad1e95
0,7,0,1,3,0.015698703999078134,0.011582,0.0039480000000000001,24215552,NA,NA,NA,NA,NA,NA,NA,NA,2008,133,5,1,8210b4f6eac12a20575e673437437e82cfff653da437ea17992a3aed56a99207
0,7,1,0,3,0.014438844998949207,0.0074309999999999992,0.0067929999999999996,24846336,NA,NA,NA,NA,NA,NA,NA,NA,2008,133,5,1,8210b4f6eac12a20575e673437437e82cfff653da437ea17992a3aed56a99207
0,7,0,1,6,0.02427305899982457,0.020330999999999998,0.0037759999999999998,31014912,NA,NA,NA,NA,NA,NA,NA,NA,126024,51085,1029,1,d6479df97612ac41a8966333a6ef58076a32dad29a20f6bc64e0a5b65673088c
0,7,1,0,6,0.037148759001865983,0.018425,0.018498999999999998,31211520,NA,NA,NA,NA,NA,NA,NA,NA,126024,51085,1029,1,d6479df97612ac41a8966333a6ef58076a32dad29a20f6bc64e0a5b65673088c
0,7,0,0,22,0.12994890900154132,0.10980799999999999,0.019887999999999999,57954304,NA,NA,NA,NA,NA,NA,NA,NA,1433848,711531,19202,64,7fe8e0e1367c4dc75afe736c0ee35e3a3755c0152301f3880ce2412132a22623
0,7,1,1,22,0.1120945419970667,0.091641,0.020181999999999999,58347520,NA,NA,NA,NA,NA,NA,NA,NA,1433848,711531,19202,64,7fe8e0e1367c4dc75afe736c0ee35e3a3755c0152301f3880ce2412132a22623
0,7,0,1,18,0.051023912001255667,0.042928999999999995,0.0078820000000000001,41029632,NA,NA,NA,NA,NA,NA,NA,NA,742032,235398,3329,64,ef3fe9f327a6ee2b8ff8e0c5cce4ce61f805f0660ce139a533f5137453c188bc
0,7,1,0,18,0.16840717500235769,0.11945099999999999,0.047812999999999994,41160704,NA,NA,NA,NA,NA,NA,NA,NA,742032,235398,3329,64,ef3fe9f327a6ee2b8ff8e0c5cce4ce61f805f0660ce139a533f5137453c188bc
0,7,0,0,10,0.1192638460015587,0.015805,0.10288,30801920,NA,NA,NA,NA,NA,NA,NA,NA,106320,39898,2049,512,7b8f1ead52d1f75ea51a9518f4611f96b3105a83b8e9ff16958705114f2a13b3
0,7,1,1,10,0.029245633002574323,0.024777999999999998,0.0041479999999999998,30674944,NA,NA,NA,NA,NA,NA,NA,NA,106320,39898,2049,512,7b8f1ead52d1f75ea51a9518f4611f96b3105a83b8e9ff16958705114f2a13b3
0,7,0,0,9,0.022292417997960001,0.014447999999999999,0.0076469999999999993,30674944,NA,NA,NA,NA,NA,NA,NA,NA,147280,39898,2049,512,02ee45f00f5fa967779eb017bd9c1965526161af8ee6a0f23a31a68b3dbbac77
0,7,1,1,9,0.020410172000993043,0.016122000000000001,0.0040549999999999996,30470144,NA,NA,NA,NA,NA,NA,NA,NA,147280,39898,2049,512,02ee45f00f5fa967779eb017bd9c1965526161af8ee6a0f23a31a68b3dbbac77
0,7,0,0,15,0.026568845001747832,0.014924,0.011455999999999999,32411648,NA,NA,NA,NA,NA,NA,NA,NA,247896,280189,4101,1,cf0f1cc1e290dce65809b3140c6f2dc9062a9f452120988a3a869e7faab69134
0,7,1,1,15,0.025678311998490244,0.015573999999999999,0.007866999999999999,32030720,NA,NA,NA,NA,NA,NA,NA,NA,247896,280189,4101,1,cf0f1cc1e290dce65809b3140c6f2dc9062a9f452120988a3a869e7faab69134
0,7,0,0,11,0.021685802999854786,0.016982000000000001,0.0043200000000000001,30658560,NA,NA,NA,NA,NA,NA,NA,NA,106320,39898,2049,512,7b8f1ead52d1f75ea51a9518f4611f96b3105a83b8e9ff16958705114f2a13b3
0,7,1,1,11,0.027525086003151955,0.015519999999999999,0.01183,30715904,NA,NA,NA,NA,NA,NA,NA,NA,106320,39898,2049,512,7b8f1ead52d1f75ea51a9518f4611f96b3105a83b8e9ff16958705114f2a13b3
0,7,0,1,14,0.028586159998667426,0.024306999999999999,0.0040749999999999996,32227328,NA,NA,NA,NA,NA,NA,NA,NA,247896,280189,4101,1,cf0f1cc1e290dce65809b3140c6f2dc9062a9f452120988a3a869e7faab69134
0,7,1,0,14,0.025135110998235177,0.017707999999999998,0.0071979999999999995,32161792,NA,NA,NA,NA,NA,NA,NA,NA,247896,280189,4101,1,cf0f1cc1e290dce65809b3140c6f2dc9062a9f452120988a3a869e7faab69134
0,7,0,1,20,0.19521361099759815,0.123708,0.071243000000000001,60182528,NA,NA,NA,NA,NA,NA,NA,NA,1746680,711531,19202,64,e4041ce2b5b6df572ca4d0ca66e6006ad368116646e82963f7e9550b84ab78ca
0,7,1,0,20,0.13158362600006512,0.10345199999999999,0.027854999999999998,60354560,NA,NA,NA,NA,NA,NA,NA,NA,1746680,711531,19202,64,e4041ce2b5b6df572ca4d0ca66e6006ad368116646e82963f7e9550b84ab78ca
0,7,0,1,4,0.031438196001545293,0.023109999999999999,0.0081929999999999989,28786688,NA,NA,NA,NA,NA,NA,NA,NA,163920,51085,1029,1,3469c6c02ad818b9b840f744b74781f39d0d6d69319fb824d729f7875274b381
0,7,1,0,4,0.030149877002259018,0.025555999999999999,0.0043379999999999998,29057024,NA,NA,NA,NA,NA,NA,NA,NA,163920,51085,1029,1,3469c6c02ad818b9b840f744b74781f39d0d6d69319fb824d729f7875274b381
0,7,0,1,5,0.022365916996932356,0.01367,0.0085209999999999991,31006720,NA,NA,NA,NA,NA,NA,NA,NA,192736,51085,1029,1,98c15b8b4636441c6e839c68a3bed9dee3bd8ae062882739073db7b7ed7d66f3
0,7,1,0,5,0.026529536997259129,0.016871000000000001,0.0087840000000000001,31145984,NA,NA,NA,NA,NA,NA,NA,NA,192736,51085,1029,1,98c15b8b4636441c6e839c68a3bed9dee3bd8ae062882739073db7b7ed7d66f3
0,7,0,1,0,0.0171689820017491,0.0064069999999999995,0.01061,24682496,NA,NA,NA,NA,NA,NA,NA,NA,2008,133,5,1,a8c1633e798ef980493443e67e6fdb6eada42f775edf7051d304d09c3ddadf5a
0,7,1,0,0,0.014224698999896646,0.0093530000000000002,0.0046349999999999994,24739840,NA,NA,NA,NA,NA,NA,NA,NA,2008,133,5,1,a8c1633e798ef980493443e67e6fdb6eada42f775edf7051d304d09c3ddadf5a
0,7,0,1,19,0.047804714999074349,0.0436,0.0040439999999999999,41127936,NA,NA,NA,NA,NA,NA,NA,NA,742032,235398,3329,64,ef3fe9f327a6ee2b8ff8e0c5cce4ce61f805f0660ce139a533f5137453c188bc
0,7,1,0,19,0.047443322000617627,0.043215999999999997,0.0039789999999999999,41160704,NA,NA,NA,NA,NA,NA,NA,NA,742032,235398,3329,64,ef3fe9f327a6ee2b8ff8e0c5cce4ce61f805f0660ce139a533f5137453c188bc
0,7,0,0,1,0.013597389999631559,0.0089249999999999989,0.0044759999999999999,24690688,NA,NA,NA,NA,NA,NA,NA,NA,2056,133,5,1,6b21b079ef6f8f7f055926600e53b906dd7be041e021dd2791b7aa8c55e24585
0,7,1,1,1,0.015141962001507636,0.0074700000000000001,0.0075209999999999999,24784896,NA,NA,NA,NA,NA,NA,NA,NA,2056,133,5,1,6b21b079ef6f8f7f055926600e53b906dd7be041e021dd2791b7aa8c55e24585
0,7,0,1,13,0.024363652999454644,0.024171999999999999,0,32161792,NA,NA,NA,NA,NA,NA,NA,NA,313536,280189,4101,1,5a04cd3dab823e43a4d317f4a27057eec5b1fcaecf9843229a14a897b95f1f29
0,7,1,0,13,0.02586247300132527,0.013165999999999999,0.012464999999999999,32358400,NA,NA,NA,NA,NA,NA,NA,NA,313536,280189,4101,1,5a04cd3dab823e43a4d317f4a27057eec5b1fcaecf9843229a14a897b95f1f29
0,7,0,1,23,0.12709142099993187,0.11462499999999999,0.012263999999999999,58298368,NA,NA,NA,NA,NA,NA,NA,NA,1433848,711531,19202,64,7fe8e0e1367c4dc75afe736c0ee35e3a3755c0152301f3880ce2412132a22623
0,7,1,0,23,0.13079172800280503,0.090450000000000003,0.040129999999999999,58478592,NA,NA,NA,NA,NA,NA,NA,NA,1433848,711531,19202,64,7fe8e0e1367c4dc75afe736c0ee35e3a3755c0152301f3880ce2412132a22623
0,7,0,0,7,0.02158981100001256,0.017125999999999999,0.0042810000000000001,31604736,NA,NA,NA,NA,NA,NA,NA,NA,126024,51085,1029,1,d6479df97612ac41a8966333a6ef58076a32dad29a20f6bc64e0a5b65673088c
0,7,1,1,7,0.021602986002108082,0.012768,0.0086389999999999991,31465472,NA,NA,NA,NA,NA,NA,NA,NA,126024,51085,1029,1,d6479df97612ac41a8966333a6ef58076a32dad29a20f6bc64e0a5b65673088c
0,7,0,0,2,0.01443795399973169,0.014291999999999999,0,24936448,NA,NA,NA,NA,NA,NA,NA,NA,2008,133,5,1,8210b4f6eac12a20575e673437437e82cfff653da437ea17992a3aed56a99207
0,7,1,1,2,0.013670793003257131,0.006718,0.006757,24805376,NA,NA,NA,NA,NA,NA,NA,NA,2008,133,5,1,8210b4f6eac12a20575e673437437e82cfff653da437ea17992a3aed56a99207
0,7,0,1,16,0.058346206998976413,0.05391,0.004182,43065344,NA,NA,NA,NA,NA,NA,NA,NA,1082000,235398,3329,64,0a2640f1e20aa1aa539adbeb18cdf2a1ebe47a1dc573029aa0c35ed433364c04
0,7,1,0,16,0.060014201000740286,0.048297,0.011521999999999999,43134976,NA,NA,NA,NA,NA,NA,NA,NA,1082000,235398,3329,64,0a2640f1e20aa1aa539adbeb18cdf2a1ebe47a1dc573029aa0c35ed433364c04
0,7,0,0,21,0.11250294999990729,0.096175999999999998,0.016101999999999998,60420096,NA,NA,NA,NA,NA,NA,NA,NA,2209528,711531,19202,64,955dcf7525f03629d689feea1585905e0b8700805efb32f241197b1ebcb41ffa
0,7,1,1,21,0.11864065699774073,0.094132999999999994,0.024215,60440576,NA,NA,NA,NA,NA,NA,NA,NA,2209528,711531,19202,64,955dcf7525f03629d689feea1585905e0b8700805efb32f241197b1ebcb41ffa
0,8,0,0,19,0.049570519000553759,0.041285999999999996,0.0081169999999999992,41160704,NA,NA,NA,NA,NA,NA,NA,NA,742032,235398,3329,64,ef3fe9f327a6ee2b8ff8e0c5cce4ce61f805f0660ce139a533f5137453c188bc
0,8,1,1,19,0.048493521000636974,0.033514999999999996,0.014782,41050112,NA,NA,NA,NA,NA,NA,NA,NA,742032,235398,3329,64,ef3fe9f327a6ee2b8ff8e0c5cce4ce61f805f0660ce139a533f5137453c188bc
0,8,0,0,16,0.061656474001210881,0.061446999999999995,0,43126784,NA,NA,NA,NA,NA,NA,NA,NA,1082000,235398,3329,64,0a2640f1e20aa1aa539adbeb18cdf2a1ebe47a1dc573029aa0c35ed433364c04
0,8,1,1,16,0.061783778000972234,0.050663,0.010900999999999999,42733568,NA,NA,NA,NA,NA,NA,NA,NA,1082000,235398,3329,64,0a2640f1e20aa1aa539adbeb18cdf2a1ebe47a1dc573029aa0c35ed433364c04
0,8,0,1,7,0.025292237998655764,0.017728000000000001,0.0073439999999999998,31514624,NA,NA,NA,NA,NA,NA,NA,NA,126024,51085,1029,1,d6479df97612ac41a8966333a6ef58076a32dad29a20f6bc64e0a5b65673088c
0,8,1,0,7,0.022922496998944553,0.011368,0.011405,31481856,NA,NA,NA,NA,NA,NA,NA,NA,126024,51085,1029,1,d6479df97612ac41a8966333a6ef58076a32dad29a20f6bc64e0a5b65673088c
0,8,0,0,2,0.01443300200116937,0.014272999999999999,0,24870912,NA,NA,NA,NA,NA,NA,NA,NA,2008,133,5,1,8210b4f6eac12a20575e673437437e82cfff653da437ea17992a3aed56a99207
0,8,1,1,2,0.014034789001016179,0.013854999999999999,0,24801280,NA,NA,NA,NA,NA,NA,NA,NA,2008,133,5,1,8210b4f6eac12a20575e673437437e82cfff653da437ea17992a3aed56a99207
0,8,0,0,0,0.013982012002088595,0.0093130000000000001,0.0045209999999999998,24870912,NA,NA,NA,NA,NA,NA,NA,NA,2008,133,5,1,a8c1633e798ef980493443e67e6fdb6eada42f775edf7051d304d09c3ddadf5a
0,8,1,1,0,0.013925698000093689,0.0069239999999999996,0.0068589999999999996,24805376,NA,NA,NA,NA,NA,NA,NA,NA,2008,133,5,1,a8c1633e798ef980493443e67e6fdb6eada42f775edf7051d304d09c3ddadf5a
0,8,0,0,9,0.020727849998365855,0.0082869999999999992,0.012298999999999999,30584832,NA,NA,NA,NA,NA,NA,NA,NA,147280,39898,2049,512,02ee45f00f5fa967779eb017bd9c1965526161af8ee6a0f23a31a68b3dbbac77
0,8,1,1,9,0.020255423998605693,0.012043,0.0080649999999999993,30609408,NA,NA,NA,NA,NA,NA,NA,NA,147280,39898,2049,512,02ee45f00f5fa967779eb017bd9c1965526161af8ee6a0f23a31a68b3dbbac77
0,8,0,1,10,0.019611113002611091,0.014596,0.0048809999999999999,30486528,NA,NA,NA,NA,NA,NA,NA,NA,106320,39898,2049,512,7b8f1ead52d1f75ea51a9518f4611f96b3105a83b8e9ff16958705114f2a13b3
0,8,1,0,10,0.020409070999448886,0.01201,0.0082690000000000003,30662656,NA,NA,NA,NA,NA,NA,NA,NA,106320,39898,2049,512,7b8f1ead52d1f75ea51a9518f4611f96b3105a83b8e9ff16958705114f2a13b3
0,8,0,0,3,0.014024133000930306,0.0091079999999999998,0.0047919999999999994,24780800,NA,NA,NA,NA,NA,NA,NA,NA,2008,133,5,1,8210b4f6eac12a20575e673437437e82cfff653da437ea17992a3aed56a99207
0,8,1,1,3,0.014283185999374837,0.0069649999999999998,0.0072049999999999996,24674304,NA,NA,NA,NA,NA,NA,NA,NA,2008,133,5,1,8210b4f6eac12a20575e673437437e82cfff653da437ea17992a3aed56a99207
0,8,0,0,8,0.021543904000282055,0.012676999999999999,0.0087239999999999991,31813632,NA,NA,NA,NA,NA,NA,NA,NA,98128,39898,2049,512,d54e0d3e437f1319c5e0037da4750229225984f79f1ebd587b1323affae587ab
0,8,1,1,8,0.024053164997894783,0.012473999999999999,0.011092999999999999,31854592,NA,NA,NA,NA,NA,NA,NA,NA,98128,39898,2049,512,d54e0d3e437f1319c5e0037da4750229225984f79f1ebd587b1323affae587ab
0,8,0,1,22,0.11183943600190105,0.095052999999999999,0.016560999999999999,58413056,NA,NA,NA,NA,NA,NA,NA,NA,1433848,711531,19202,64,7fe8e0e1367c4dc75afe736c0ee35e3a3755c0152301f3880ce2412132a22623
0,8,1,0,22,0.1127509910002118,0.097820999999999991,0.014733999999999999,58392576,NA,NA,NA,NA,NA,NA,NA,NA,1433848,711531,19202,64,7fe8e0e1367c4dc75afe736c0ee35e3a3755c0152301f3880ce2412132a22623
0,8,0,0,21,0.11117031500180019,0.091000999999999999,0.019984999999999999,60379136,NA,NA,NA,NA,NA,NA,NA,NA,2209528,711531,19202,64,955dcf7525f03629d689feea1585905e0b8700805efb32f241197b1ebcb41ffa
0,8,1,1,21,0.1119422840019979,0.10348099999999999,0.0082379999999999988,60444672,NA,NA,NA,NA,NA,NA,NA,NA,2209528,711531,19202,64,955dcf7525f03629d689feea1585905e0b8700805efb32f241197b1ebcb41ffa
0,8,0,1,12,0.031601097001839662,0.019611,0.011821,31334400,NA,NA,NA,NA,NA,NA,NA,NA,313424,280189,4101,1,0f9e44f960c45a3ca86cde574970381ef909d64a6bb2d20a17395bced584502a
0,8,1,0,12,0.031456043001526268,0.027311999999999999,0.003973,31465472,NA,NA,NA,NA,NA,NA,NA,NA,313424,280189,4101,1,0f9e44f960c45a3ca86cde574970381ef909d64a6bb2d20a17395bced584502a
0,8,0,1,14,0.023763957997289253,0.015625,0.0077519999999999993,31973376,NA,NA,NA,NA,NA,NA,NA,NA,247896,280189,4101,1,cf0f1cc1e290dce65809b3140c6f2dc9062a9f452120988a3a869e7faab69134
0,8,1,0,14,0.023472177999792621,0.015595999999999999,0.0077039999999999999,32153600,NA,NA,NA,NA,NA,NA,NA,NA,247896,280189,4101,1,cf0f1cc1e290dce65809b3140c6f2dc9062a9f452120988a3a869e7faab69134
0,8,0,1,17,0.055016271002386929,0.039008999999999995,0.015833,41553920,NA,NA,NA,NA,NA,NA,NA,NA,1009296,235398,3329,64,46bbbc4439d5a1911d5728e76ba413a577b270d33a6d6f7287d5e66409ad1e95
0,8,1,0,17,0.055982900998060359,0.047816999999999998,0.0079729999999999992,41684992,NA,NA,NA,NA,NA,NA,NA,NA,1009296,235398,3329,64,46bbbc4439d5a1911d5728e76ba413a577b270d33a6d6f7287d5e66409ad1e95
0,8,0,0,18,0.049974510999163613,0.041230999999999997,0.0085159999999999993,41095168,NA,NA,NA,NA,NA,NA,NA,NA,742032,235398,3329,64,ef3fe9f327a6ee2b8ff8e0c5cce4ce61f805f0660ce139a533f5137453c188bc
0,8,1,1,18,0.047926533999998355,0.043860999999999997,0.0038739999999999998,40951808,NA,NA,NA,NA,NA,NA,NA,NA,742032,235398,3329,64,ef3fe9f327a6ee2b8ff8e0c5cce4ce61f805f0660ce139a533f5137453c188bc
0,8,0,0,20,0.13450094899963005,0.122081,0.012222,60375040,NA,NA,NA,NA,NA,NA,NA,NA,1746680,711531,19202,64,e4041ce2b5b6df572ca4d0ca66e6006ad368116646e82963f7e9550b84ab78ca
0,8,1,1,20,0.18069156699857558,0.15700699999999998,0.023486999999999997,60379136,NA,NA,NA,NA,NA,NA,NA,NA,1746680,711531,19202,64,e4041ce2b5b6df572ca4d0ca66e6006ad368116646e82963f7e9550b84ab78ca
0,8,0,1,1,0.019995270002254983,0.0079349999999999993,0.011875999999999999,24670208,NA,NA,NA,NA,NA,NA,NA,NA,2056,133,5,1,6b21b079ef6f8f7f055926600e53b906dd7be041e021dd2791b7aa8c55e24585
0,8,1,0,1,0.019433011002547573,0.0096290000000000004,0.0096290000000000004,24801280,NA,NA,NA,NA,NA,NA,NA,NA,2056,133,5,1,6b21b079ef6f8f7f055926600e53b906dd7be041e021dd2791b7aa8c55e24585
0,8,0,0,4,0.033164232001581695,0.024718,0.0082629999999999995,28917760,NA,NA,NA,NA,NA,NA,NA,NA,163920,51085,1029,1,3469c6c02ad818b9b840f744b74781f39d0d6d69319fb824d729f7875274b381
0,8,1,1,4,0.063717234002979239,0.023181999999999998,0.039660999999999995,28946432,NA,NA,NA,NA,NA,NA,NA,NA,163920,51085,1029,1,3469c6c02ad818b9b840f744b74781f39d0d6d69319fb824d729f7875274b381
0,8,0,1,11,0.20021787600126117,0.028285999999999999,0.171074,30478336,NA,NA,NA,NA,NA,NA,NA,NA,106320,39898,2049,512,7b8f1ead52d1f75ea51a9518f4611f96b3105a83b8e9ff16958705114f2a13b3
0,8,1,0,11,0.026807633003045339,0.022765999999999998,0.0038529999999999997,30638080,NA,NA,NA,NA,NA,NA,NA,NA,106320,39898,2049,512,7b8f1ead52d1f75ea51a9518f4611f96b3105a83b8e9ff16958705114f2a13b3
0,8,0,1,5,0.027045849001297029,0.011538,0.015319999999999999,30556160,NA,NA,NA,NA,NA,NA,NA,NA,192736,51085,1029,1,98c15b8b4636441c6e839c68a3bed9dee3bd8ae062882739073db7b7ed7d66f3
0,8,1,0,5,0.021883028999582166,0.010735,0.010735,30949376,NA,NA,NA,NA,NA,NA,NA,NA,192736,51085,1029,1,98c15b8b4636441c6e839c68a3bed9dee3bd8ae062882739073db7b7ed7d66f3
0,8,0,1,23,0.20830935000049067,0.11279099999999999,0.095283999999999994,58404864,NA,NA,NA,NA,NA,NA,NA,NA,1433848,711531,19202,64,7fe8e0e1367c4dc75afe736c0ee35e3a3755c0152301f3880ce2412132a22623
0,8,1,0,23,0.15661308999915491,0.126224,0.030193999999999999,58675200,NA,NA,NA,NA,NA,NA,NA,NA,1433848,711531,19202,64,7fe8e0e1367c4dc75afe736c0ee35e3a3755c0152301f3880ce2412132a22623
0,8,0,0,6,0.023829574001865694,0.011828999999999999,0.01184,31145984,NA,NA,NA,NA,NA,NA,NA,NA,126024,51085,1029,1,d6479df97612ac41a8966333a6ef58076a32dad29a20f6bc64e0a5b65673088c
0,8,1,1,6,0.02306314399902476,0.013873,0.0090150000000000004,31141888,NA,NA,NA,NA,NA,NA,NA,NA,126024,51085,1029,1,d6479df97612ac41a8966333a6ef58076a32dad29a20f6bc64e0a5b65673088c
0,8,0,1,15,0.033155639997858088,0.024101999999999998,0.0088779999999999987,32391168,NA,NA,NA,NA,NA,NA,NA,NA,247896,280189,4101,1,cf0f1cc1e290dce65809b3140c6f2dc9062a9f452120988a3a869e7faab69134
0,8,1,0,15,0.030095496997091686,0.018678999999999998,0.011207,32333824,NA,NA,NA,NA,NA,NA,NA,NA,247896,280189,4101,1,cf0f1cc1e290dce65809b3140c6f2dc9062a9f452120988a3a869e7faab69134
0,8,0,1,13,0.024266093998448923,0.015948,0.0081259999999999995,32161792,NA,NA,NA,NA,NA,NA,NA,NA,313536,280189,4101,1,5a04cd3dab823e43a4d317f4a27057eec5b1fcaecf9843229a14a897b95f1f29
0,8,1,0,13,0.02486993900311063,0.020641,0.0039899999999999996,32489472,NA,NA,NA,NA,NA,NA,NA,NA,313536,280189,4101,1,5a04cd3dab823e43a4d317f4a27057eec5b1fcaecf9843229a14a897b95f1f29
0,9,0,1,6,0.02299310599846649,0.018928,0.0038499999999999997,30949376,NA,NA,NA,NA,NA,NA,NA,NA,126024,51085,1029,1,d6479df97612ac41a8966333a6ef58076a32dad29a20f6bc64e0a5b65673088c
0,9,1,0,6,0.02240433299812139,0.014894999999999999,0.0073079999999999994,31268864,NA,NA,NA,NA,NA,NA,NA,NA,126024,51085,1029,1,d6479df97612ac41a8966333a6ef58076a32dad29a20f6bc64e0a5b65673088c
0,9,0,0,15,0.023414122002577642,0.015559999999999999,0.0076539999999999993,32194560,NA,NA,NA,NA,NA,NA,NA,NA,247896,280189,4101,1,cf0f1cc1e290dce65809b3140c6f2dc9062a9f452120988a3a869e7faab69134
0,9,1,1,15,0.023177143000793876,0.015325999999999999,0.0076699999999999997,32227328,NA,NA,NA,NA,NA,NA,NA,NA,247896,280189,4101,1,cf0f1cc1e290dce65809b3140c6f2dc9062a9f452120988a3a869e7faab69134
0,9,0,0,14,0.023705231997155352,0.015646,0.0078689999999999993,32198656,NA,NA,NA,NA,NA,NA,NA,NA,247896,280189,4101,1,cf0f1cc1e290dce65809b3140c6f2dc9062a9f452120988a3a869e7faab69134
0,9,1,1,14,0.02400974100237363,0.015723000000000001,0.0080809999999999996,31940608,NA,NA,NA,NA,NA,NA,NA,NA,247896,280189,4101,1,cf0f1cc1e290dce65809b3140c6f2dc9062a9f452120988a3a869e7faab69134
0,9,0,1,8,0.023388655001326697,0.015266,0.0079379999999999989,31526912,NA,NA,NA,NA,NA,NA,NA,NA,98128,39898,2049,512,d54e0d3e437f1319c5e0037da4750229225984f79f1ebd587b1323affae587ab
0,9,1,0,8,0.02129188199978671,0.016913000000000001,0.0042179999999999995,31694848,NA,NA,NA,NA,NA,NA,NA,NA,98128,39898,2049,512,d54e0d3e437f1319c5e0037da4750229225984f79f1ebd587b1323affae587ab
0,9,0,1,20,0.13767533599821036,0.121306,0.016161999999999999,60370944,NA,NA,NA,NA,NA,NA,NA,NA,1746680,711531,19202,64,e4041ce2b5b6df572ca4d0ca66e6006ad368116646e82963f7e9550b84ab78ca
0,9,1,0,20,0.13584846599769662,0.129355,0.006332,60051456,NA,NA,NA,NA,NA,NA,NA,NA,1746680,711531,19202,64,e4041ce2b5b6df572ca4d0ca66e6006ad368116646e82963f7e9550b84ab78ca
0,9,0,1,18,0.047270858001866145,0.039198999999999998,0.0078799999999999999,41123840,NA,NA,NA,NA,NA,NA,NA,NA,742032,235398,3329,64,ef3fe9f327a6ee2b8ff8e0c5cce4ce61f805f0660ce139a533f5137453c188bc
0,9,1,0,18,0.047386939000716666,0.035635,0.011554,40767488,NA,NA,NA,NA,NA,NA,NA,NA,742032,235398,3329,64,ef3fe9f327a6ee2b8ff8e0c5cce4ce61f805f0660ce139a533f5137453c188bc
0,9,0,0,13,0.025315612001577392,0.025115999999999999,0,32399360,NA,NA,NA,NA,NA,NA,NA,NA,313536,280189,4101,1,5a04cd3dab823e43a4d317f4a27057eec5b1fcaecf9843229a14a897b95f1f29
0,9,1,1,13,0.023661888000788167,0.018742999999999999,0.0047269999999999994,32423936,NA,NA,NA,NA,NA,NA,NA,NA,313536,280189,4101,1,5a04cd3dab823e43a4d317f4a27057eec5b1fcaecf9843229a14a897b95f1f29
0,9,0,1,0,0.015810072000022046,0.015616999999999999,0,24797184,NA,NA,NA,NA,NA,NA,NA,NA,2008,133,5,1,a8c1633e798ef980493443e67e6fdb6eada42f775edf7051d304d09c3ddadf5a
0,9,1,0,0,0.015195862000837224,0.0037399999999999998,0.011226,24780800,NA,NA,NA,NA,NA,NA,NA,NA,2008,133,5,1,a8c1633e798ef980493443e67e6fdb6eada42f775edf7051d304d09c3ddadf5a
0,9,0,1,3,0.015346152998972684,0.0075919999999999998,0.0075689999999999993,24674304,NA,NA,NA,NA,NA,NA,NA,NA,2008,133,5,1,8210b4f6eac12a20575e673437437e82cfff653da437ea17992a3aed56a99207
0,9,1,0,3,0.014314771997305797,0.0097780000000000002,0.004372,24793088,NA,NA,NA,NA,NA,NA,NA,NA,2008,133,5,1,8210b4f6eac12a20575e673437437e82cfff653da437ea17992a3aed56a99207
0,9,0,0,23,0.12040345700006583,0.11214399999999999,0.0080059999999999992,58544128,NA,NA,NA,NA,NA,NA,NA,NA,1433848,711531,19202,64,7fe8e0e1367c4dc75afe736c0ee35e3a3755c0152301f3880ce2412132a22623
0,9,1,1,23,0.12469063000025926,0.11638899999999999,0.0080850000000000002,58294272,NA,NA,NA,NA,NA,NA,NA,NA,1433848,711531,19202,64,7fe8e0e1367c4dc75afe736c0ee35e3a3755c0152301f3880ce2412132a22623
0,9,0,0,1,0.013842686003044946,0.0068709999999999995,0.0068319999999999995,24633344,NA,NA,NA,NA,NA,NA,NA,NA,2056,133,5,1,6b21b079ef6f8f7f055926600e53b906dd7be041e021dd2791b7aa8c55e24585
0,9,1,1,1,0.015215360999718541,0.015047999999999999,0,24084480,NA,NA,NA,NA,NA,NA,NA,NA,2056,133,5,1,6b21b079ef6f8f7f055926600e53b906dd7be041e021dd2791b7aa8c55e24585
0,9,0,1,2,0.01404995199845871,0.0091679999999999991,0.0047139999999999994,24674304,NA,NA,NA,NA,NA,NA,NA,NA,2008,133,5,1,8210b4f6eac12a20575e673437437e82cfff653da437ea17992a3aed56a99207
0,9,1,0,2,0.014803773003222886,0.011054,0.0035839999999999999,24608768,NA,NA,NA,NA,NA,NA,NA,NA,2008,133,5,1,8210b4f6eac12a20575e673437437e82cfff653da437ea17992a3aed56a99207
0,9,0,0,17,0.053919232999760425,0.041413999999999999,0.012348999999999999,41684992,NA,NA,NA,NA,NA,NA,NA,NA,1009296,235398,3329,64,46bbbc4439d5a1911d5728e76ba413a577b270d33a6d6f7287d5e66409ad1e95
0,9,1,1,17,0.068034800999157596,0.055694,0.012142999999999999,41857024,NA,NA,NA,NA,NA,NA,NA,NA,1009296,235398,3329,64,46bbbc4439d5a1911d5728e76ba413a577b270d33a6d6f7287d5e66409ad1e95
0,9,0,1,19,0.069281178999517579,0.056887,0.012189999999999999,41021440,NA,NA,NA,NA,NA,NA,NA,NA,742032,235398,3329,64,ef3fe9f327a6ee2b8ff8e0c5cce4ce61f805f0660ce139a533f5137453c188bc
0,9,1,0,19,0.061791602998710005,0.049192,0.012407,40964096,NA,NA,NA,NA,NA,NA,NA,NA,742032,235398,3329,64,ef3fe9f327a6ee2b8ff8e0c5cce4ce61f805f0660ce139a533f5137453c188bc
0,9,0,0,11,0.020528115001070546,0.012145999999999999,0.0081949999999999992,30568448,NA,NA,NA,NA,NA,NA,NA,NA,106320,39898,2049,512,7b8f1ead52d1f75ea51a9518f4611f96b3105a83b8e9ff16958705114f2a13b3
0,9,1,1,11,0.02313568200042937,0.017099,0.0042269999999999999,30470144,NA,NA,NA,NA,NA,NA,NA,NA,106320,39898,2049,512,7b8f1ead52d1f75ea51a9518f4611f96b3105a83b8e9ff16958705114f2a13b3
0,9,0,0,22,0.11082336300023599,0.091462000000000002,0.019106999999999999,58347520,NA,NA,NA,NA,NA,NA,NA,NA,1433848,711531,19202,64,7fe8e0e1367c4dc75afe736c0ee35e3a3755c0152301f3880ce2412132a22623
0,9,1,1,22,0.11517074500079616,0.10224899999999999,0.012740999999999999,58085376,NA,NA,NA,NA,NA,NA,NA,NA,1433848,711531,19202,64,7fe8e0e1367c4dc75afe736c0ee35e3a3755c0152301f3880ce2412132a22623
0,9,0,1,4,0.030944358000851935,0.022858,0.0078919999999999997,28766208,NA,NA,NA,NA,NA,NA,NA,NA,163920,51085,1029,1,3469c6c02ad818b9b840f744b74781f39d0d6d69319fb824d729f7875274b381
0,9,1,0,4,0.033721493997290963,0.029152999999999998,0.0043569999999999998,28823552,NA,NA,NA,NA,NA,NA,NA,NA,163920,51085,1029,1,3469c6c02ad818b9b840f744b74781f39d0d6d69319fb824d729f7875274b381
0,9,0,0,12,0.038446252998255659,0.030813999999999998,0.0074099999999999999,31559680,NA,NA,NA,NA,NA,NA,NA,NA,313424,280189,4101,1,0f9e44f960c45a3ca86cde574970381ef909d64a6bb2d20a17395bced584502a
0,9,1,1,12,0.037701039000239689,0.028204999999999997,0.0092110000000000004,31440896,NA,NA,NA,NA,NA,NA,NA,NA,313424,280189,4101,1,0f9e44f960c45a3ca86cde574970381ef909d64a6bb2d20a17395bced584502a
0,9,0,0,7,0.022966171000007307,0.011217999999999999,0.011516999999999999,31408128,NA,NA,NA,NA,NA,NA,NA,NA,126024,51085,1029,1,d6479df97612ac41a8966333a6ef58076a32dad29a20f6bc64e0a5b65673088c
0,9,1,1,7,0.023451667002518661,0.011455,0.011732999999999999,31277056,NA,NA,NA,NA,NA,NA,NA,NA,126024,51085,1029,1,d6479df97612ac41a8966333a6ef58076a32dad29a20f6bc64e0a5b65673088c
0,9,0,1,9,0.019787654000538168,0.0097469999999999987,0.0098289999999999992,30703616,NA,NA,NA,NA,NA,NA,NA,NA,147280,39898,2049,512,02ee45f00f5fa967779eb017bd9c1965526161af8ee6a0f23a31a68b3dbbac77
0,9,1,0,9,0.024075097000604728,0.020688999999999999,0.0032169999999999998,30789632,NA,NA,NA,NA,NA,NA,NA,NA,147280,39898,2049,512,02ee45f00f5fa967779eb017bd9c1965526161af8ee6a0f23a31a68b3dbbac77
0,9,0,0,5,0.034244500002387213,0.021665999999999998,0.012381,30949376,NA,NA,NA,NA,NA,NA,NA,NA,192736,51085,1029,1,98c15b8b4636441c6e839c68a3bed9dee3bd8ae062882739073db7b7ed7d66f3
0,9,1,1,5,0.036035306999110617,0.019621,0.016215999999999998,31014912,NA,NA,NA,NA,NA,NA,NA,NA,192736,51085,1029,1,98c15b8b4636441c6e839c68a3bed9dee3bd8ae062882739073db7b7ed7d66f3
0,9,0,0,10,0.032439474001876079,0.01933,0.012907999999999999,30740480,NA,NA,NA,NA,NA,NA,NA,NA,106320,39898,2049,512,7b8f1ead52d1f75ea51a9518f4611f96b3105a83b8e9ff16958705114f2a13b3
0,9,1,1,10,0.022801448001700919,0.010796,0.011805,30355456,NA,NA,NA,NA,NA,NA,NA,NA,106320,39898,2049,512,7b8f1ead52d1f75ea51a9518f4611f96b3105a83b8e9ff16958705114f2a13b3
0,9,0,1,21,0.11545402699994156,0.095044999999999991,0.020215999999999998,60510208,NA,NA,NA,NA,NA,NA,NA,NA,2209528,711531,19202,64,955dcf7525f03629d689feea1585905e0b8700805efb32f241197b1ebcb41ffa
0,9,1,0,21,0.11783751199982362,0.085443999999999992,0.032188000000000001,60444672,NA,NA,NA,NA,NA,NA,NA,NA,2209528,711531,19202,64,955dcf7525f03629d689feea1585905e0b8700805efb32f241197b1ebcb41ffa
0,9,0,1,16,0.063780825999856461,0.044346999999999998,0.019178999999999998,42864640,NA,NA,NA,NA,NA,NA,NA,NA,1082000,235398,3329,64,0a2640f1e20aa1aa539adbeb18cdf2a1ebe47a1dc573029aa0c35ed433364c04
0,9,1,0,16,0.063557574001606554,0.043753,0.019622000000000001,42733568,NA,NA,NA,NA,NA,NA,NA,NA,1082000,235398,3329,64,0a2640f1e20aa1aa539adbeb18cdf2a1ebe47a1dc573029aa0c35ed433364c04
0,10,0,0,15,0.023363271997368429,0.018554999999999999,0.0046709999999999998,32358400,NA,NA,NA,NA,NA,NA,NA,NA,247896,280189,4101,1,cf0f1cc1e290dce65809b3140c6f2dc9062a9f452120988a3a869e7faab69134
0,10,1,1,15,0.024426811000012094,0.015894999999999999,0.0083870000000000004,32124928,NA,NA,NA,NA,NA,NA,NA,NA,247896,280189,4101,1,cf0f1cc1e290dce65809b3140c6f2dc9062a9f452120988a3a869e7faab69134
0,10,0,1,9,0.02108844299800694,0.016773,0.0041240000000000001,30433280,NA,NA,NA,NA,NA,NA,NA,NA,147280,39898,2049,512,02ee45f00f5fa967779eb017bd9c1965526161af8ee6a0f23a31a68b3dbbac77
0,10,1,0,9,0.020427437997568632,0.01619,0.0040739999999999995,30744576,NA,NA,NA,NA,NA,NA,NA,NA,147280,39898,2049,512,02ee45f00f5fa967779eb017bd9c1965526161af8ee6a0f23a31a68b3dbbac77
0,10,0,0,13,0.022681531998387072,0.018727999999999998,0.0037979999999999997,32227328,NA,NA,NA,NA,NA,NA,NA,NA,313536,280189,4101,1,5a04cd3dab823e43a4d317f4a27057eec5b1fcaecf9843229a14a897b95f1f29
0,10,1,1,13,0.021957773999019992,0.014518,0.0072589999999999998,32137216,NA,NA,NA,NA,NA,NA,NA,NA,313536,280189,4101,1,5a04cd3dab823e43a4d317f4a27057eec5b1fcaecf9843229a14a897b95f1f29
0,10,0,1,18,0.047019000001455424,0.039,0.0078429999999999993,41078784,NA,NA,NA,NA,NA,NA,NA,NA,742032,235398,3329,64,ef3fe9f327a6ee2b8ff8e0c5cce4ce61f805f0660ce139a533f5137453c188bc
0,10,1,0,18,0.047762920003151521,0.034500999999999997,0.013037999999999999,41095168,NA,NA,NA,NA,NA,NA,NA,NA,742032,235398,3329,64,ef3fe9f327a6ee2b8ff8e0c5cce4ce61f805f0660ce139a533f5137453c188bc
0,10,0,1,1,0.013843533000908792,0.010211,0.0034299999999999999,24084480,NA,NA,NA,NA,NA,NA,NA,NA,2056,133,5,1,6b21b079ef6f8f7f055926600e53b906dd7be041e021dd2791b7aa8c55e24585
0,10,1,0,1,0.013474764000420691,0.0087749999999999998,0.0045459999999999997,24739840,NA,NA,NA,NA,NA,NA,NA,NA,2056,133,5,1,6b21b079ef6f8f7f055926600e53b906dd7be041e021dd2791b7aa8c55e24585
0,10,0,1,22,0.12636691100124153,0.108635,0.017537000000000001,58249216,NA,NA,NA,NA,NA,NA,NA,NA,1433848,711531,19202,64,7fe8e0e1367c4dc75afe736c0ee35e3a3755c0152301f3880ce2412132a22623
0,10,1,0,22,0.10717370200291043,0.087070999999999996,0.019897999999999999,58347520,NA,NA,NA,NA,NA,NA,NA,NA,1433848,711531,19202,64,7fe8e0e1367c4dc75afe736c0ee35e3a3755c0152301f3880ce2412132a22623
0,10,0,0,5,0.021683761002350366,0.012818999999999999,0.0086680000000000004,31211520,NA,NA,NA,NA,NA,NA,NA,NA,192736,51085,1029,1,98c15b8b4636441c6e839c68a3bed9dee3bd8ae062882739073db7b7ed7d66f3
0,10,1,1,5,0.021589332001894945,0.021394999999999997,0,31256576,NA,NA,NA,NA,NA,NA,NA,NA,192736,51085,1029,1,98c15b8b4636441c6e839c68a3bed9dee3bd8ae062882739073db7b7ed7d66f3
0,10,0,0,23,0.12430342700099573,0.100037,0.024090999999999998,58609664,NA,NA,NA,NA,NA,NA,NA,NA,1433848,711531,19202,64,7fe8e0e1367c4dc75afe736c0ee35e3a3755c0152301f3880ce2412132a22623
0,10,1,1,23,0.12239763599791331,0.106276,0.015896999999999998,58359808,NA,NA,NA,NA,NA,NA,NA,NA,1433848,711531,19202,64,7fe8e0e1367c4dc75afe736c0ee35e3a3755c0152301f3880ce2412132a22623
0,10,0,0,14,0.023250643000210403,0.015309999999999999,0.0077229999999999998,32292864,NA,NA,NA,NA,NA,NA,NA,NA,247896,280189,4101,1,cf0f1cc1e290dce65809b3140c6f2dc9062a9f452120988a3a869e7faab69134
0,10,1,1,14,0.024317205999977887,0.012577,0.011569999999999999,31965184,NA,NA,NA,NA,NA,NA,NA,NA,247896,280189,4101,1,cf0f1cc1e290dce65809b3140c6f2dc9062a9f452120988a3a869e7faab69134
0,10,0,0,21,0.11087937699994654,0.10156499999999999,0.0079639999999999989,60334080,NA,NA,NA,NA,NA,NA,NA,NA,2209528,711531,19202,64,955dcf7525f03629d689feea1585905e0b8700805efb32f241197b1ebcb41ffa
0,10,1,1,21,0.12810269100009464,0.11583399999999999,0.012045,60248064,NA,NA,NA,NA,NA,NA,NA,NA,2209528,711531,19202,64,955dcf7525f03629d689feea1585905e0b8700805efb32f241197b1ebcb41ffa
0,10,0,1,4,0.030882118000590708,0.026792999999999997,0.0038649999999999999,28745728,NA,NA,NA,NA,NA,NA,NA,NA,163920,51085,1029,1,3469c6c02ad818b9b840f744b74781f39d0d6d69319fb824d729f7875274b381
0,10,1,0,4,0.029648860003362643,0.022307,0.0071929999999999997,28954624,NA,NA,NA,NA,NA,NA,NA,NA,163920,51085,1029,1,3469c6c02ad818b9b840f744b74781f39d0d6d69319fb824d729f7875274b381
0,10,0,0,17,0.054955655999947339,0.046736,0.0080140000000000003,41701376,NA,NA,NA,NA,NA,NA,NA,NA,1009296,235398,3329,64,46bbbc4439d5a1911d5728e76ba413a577b270d33a6d6f7287d5e66409ad1e95
0,10,1,1,17,0.054142385000886861,0.045592999999999995,0.0083809999999999996,41775104,NA,NA,NA,NA,NA,NA,NA,NA,1009296,235398,3329,64,46bbbc4439d5a1911d5728e76ba413a577b270d33a6d6f7287d5e66409ad1e95
0,10,0,0,19,0.051815103000990348,0.047344999999999998,0.0041149999999999997,41009152,NA,NA,NA,NA,NA,NA,NA,NA,742032,235398,3329,64,ef3fe9f327a6ee2b8ff8e0c5cce4ce61f805f0660ce139a533f5137453c188bc
0,10,1,1,19,0.047953586999938125,0.039724999999999996,0.0080079999999999995,41086976,NA,NA,NA,NA,NA,NA,NA,NA,742032,235398,3329,64,ef3fe9f327a6ee2b8ff8e0c5cce4ce61f805f0660ce139a533f5137453c188bc
0,10,0,1,6,0.022630557999946177,0.018506999999999999,0.0038219999999999999,30949376,NA,NA,NA,NA,NA,NA,NA,NA,126024,51085,1029,1,d6479df97612ac41a8966333a6ef58076a32dad29a20f6bc64e0a5b65673088c
0,10,1,0,6,0.022357475998433074,0.018394999999999998,0.003803,31211520,NA,NA,NA,NA,NA,NA,NA,NA,126024,51085,1029,1,d6479df97612ac41a8966333a6ef58076a32dad29a20f6bc64e0a5b65673088c
0,10,0,0,11,0.019640056998468935,0.015764999999999998,0.0037099999999999998,30593024,NA,NA,NA,NA,NA,NA,NA,NA,106320,39898,2049,512,7b8f1ead52d1f75ea51a9518f4611f96b3105a83b8e9ff16958705114f2a13b3
0,10,1,1,11,0.020390043999213958,0.011994999999999999,0.0081650000000000004,30539776,NA,NA,NA,NA,NA,NA,NA,NA,106320,39898,2049,512,7b8f1ead52d1f75ea51a9518f4611f96b3105a83b8e9ff16958705114f2a13b3
0,10,0,0,7,0.021971906997350743,0.014530999999999999,0.0072459999999999998,31473664,NA,NA,NA,NA,NA,NA,NA,NA,126024,51085,1029,1,d6479df97612ac41a8966333a6ef58076a32dad29a20f6bc64e0a5b65673088c
0,10,1,1,7,0.022119264001958072,0.014506,0.0073889999999999997,31211520,NA,NA,NA,NA,NA,NA,NA,NA,126024,51085,1029,1,d6479df97612ac41a8966333a6ef58076a32dad29a20f6bc64e0a5b65673088c
0,10,0,1,0,0.014197720000083791,0.014034999999999999,0,24801280,NA,NA,NA,NA,NA,NA,NA,NA,2008,133,5,1,a8c1633e798ef980493443e67e6fdb6eada42f775edf7051d304d09c3ddadf5a
0,10,1,0,0,0.014531934000842739,0.0070060000000000001,0.0073539999999999994,24784896,NA,NA,NA,NA,NA,NA,NA,NA,2008,133,5,1,a8c1633e798ef980493443e67e6fdb6eada42f775edf7051d304d09c3ddadf5a
0,10,0,1,2,0.033660065000731265,0.022591999999999998,0.010900999999999999,24674304,NA,NA,NA,NA,NA,NA,NA,NA,2008,133,5,1,8210b4f6eac12a20575e673437437e82cfff653da437ea17992a3aed56a99207
0,10,1,0,2,0.075043723998533096,0.042307999999999998,0.031791,24932352,NA,NA,NA,NA,NA,NA,NA,NA,2008,133,5,1,8210b4f6eac12a20575e673437437e82cfff653da437ea17992a3aed56a99207
0,10,0,1,20,0.36118545899807941,0.162436,0.19801199999999999,60174336,NA,NA,NA,NA,NA,NA,NA,NA,1746680,711531,19202,64,e4041ce2b5b6df572ca4d0ca66e6006ad368116646e82963f7e9550b84ab78ca
0,10,1,0,20,0.13815629899909254,0.117619,0.020358999999999999,60452864,NA,NA,NA,NA,NA,NA,NA,NA,1746680,711531,19202,64,e4041ce2b5b6df572ca4d0ca66e6006ad368116646e82963f7e9550b84ab78ca
0,10,0,0,12,0.034782120997988386,0.026865999999999998,0.0076819999999999996,31637504,NA,NA,NA,NA,NA,NA,NA,NA,313424,280189,4101,1,0f9e44f960c45a3ca86cde574970381ef909d64a6bb2d20a17395bced584502a
0,10,1,1,12,0.033816826999100158,0.022376999999999998,0.011221999999999999,31506432,NA,NA,NA,NA,NA,NA,NA,NA,313424,280189,4101,1,0f9e44f960c45a3ca86cde574970381ef909d64a6bb2d20a17395bced584502a
0,10,0,1,10,0.021350830000301357,0.012678,0.0084519999999999994,30740480,NA,NA,NA,NA,NA,NA,NA,NA,106320,39898,2049,512,7b8f1ead52d1f75ea51a9518f4611f96b3105a83b8e9ff16958705114f2a13b3
0,10,1,0,10,0.022443591999035561,0.0086070000000000001,0.013637,30740480,NA,NA,NA,NA,NA,NA,NA,NA,106320,39898,2049,512,7b8f1ead52d1f75ea51a9518f4611f96b3105a83b8e9ff16958705114f2a13b3
0,10,0,0,16,0.066039862998877652,0.057713,0.0081060000000000004,43192320,NA,NA,NA,NA,NA,NA,NA,NA,1082000,235398,3329,64,0a2640f1e20aa1aa539adbeb18cdf2a1ebe47a1dc573029aa0c35ed433364c04
0,10,1,1,16,0.063955089000955923,0.051518999999999995,0.012159,42340352,NA,NA,NA,NA,NA,NA,NA,NA,1082000,235398,3329,64,0a2640f1e20aa1aa539adbeb18cdf2a1ebe47a1dc573029aa0c35ed433364c04
0,10,0,1,3,0.01615920400217874,0.0079699999999999997,0.0078770000000000003,24674304,NA,NA,NA,NA,NA,NA,NA,NA,2008,133,5,1,8210b4f6eac12a20575e673437437e82cfff653da437ea17992a3aed56a99207
0,10,1,0,3,0.014611810998758301,0.0072229999999999994,0.0072229999999999994,24805376,NA,NA,NA,NA,NA,NA,NA,NA,2008,133,5,1,8210b4f6eac12a20575e673437437e82cfff653da437ea17992a3aed56a99207
0,10,0,1,8,0.022651639999821782,0.017947999999999999,0.0045009999999999998,31805440,NA,NA,NA,NA,NA,NA,NA,NA,98128,39898,2049,512,d54e0d3e437f1319c5e0037da4750229225984f79f1ebd587b1323affae587ab
0,10,1,0,8,0.022543069000676041,0.017801000000000001,0.0044900000000000001,31977472,NA,NA,NA,NA,NA,NA,NA,NA,98128,39898,2049,512,d54e0d3e437f1319c5e0037da4750229225984f79f1ebd587b1323affae587ab
0,11,0,0,18,0.050143807999120327,0.034535999999999997,0.015370999999999999,41095168,NA,NA,NA,NA,NA,NA,NA,NA,742032,235398,3329,64,ef3fe9f327a6ee2b8ff8e0c5cce4ce61f805f0660ce139a533f5137453c188bc
0,11,1,1,18,0.053202790000796085,0.044568999999999998,0.0040569999999999998,40243200,NA,NA,NA,NA,NA,NA,NA,NA,742032,235398,3329,64,ef3fe9f327a6ee2b8ff8e0c5cce4ce61f805f0660ce139a533f5137453c188bc
0,11,0,0,6,0.02388280499872053,0.01184,0.01184,30949376,NA,NA,NA,NA,NA,NA,NA,NA,126024,51085,1029,1,d6479df97612ac41a8966333a6ef58076a32dad29a20f6bc64e0a5b65673088c
0,11,1,1,6,0.023697231998085044,0.011585999999999999,0.011925999999999999,30887936,NA,NA,NA,NA,NA,NA,NA,NA,126024,51085,1029,1,d6479df97612ac41a8966333a6ef58076a32dad29a20f6bc64e0a5b65673088c
0,11,0,1,5,0.023541161001048749,0.015495999999999999,0.0077949999999999998,31055872,NA,NA,NA,NA,NA,NA,NA,NA,192736,51085,1029,1,98c15b8b4636441c6e839c68a3bed9dee3bd8ae062882739073db7b7ed7d66f3
0,11,1,0,5,0.022527988003275823,0.017847999999999999,0.0044619999999999998,31211520,NA,NA,NA,NA,NA,NA,NA,NA,192736,51085,1029,1,98c15b8b4636441c6e839c68a3bed9dee3bd8ae062882739073db7b7ed7d66f3
0,11,0,0,2,0.013965187001304002,0.010329999999999999,0.0034429999999999999,24805376,NA,NA,NA,NA,NA,NA,NA,NA,2008,133,5,1,8210b4f6eac12a20575e673437437e82cfff653da437ea17992a3aed56a99207
0,11,1,1,2,0.014541698001266923,0.0036189999999999998,0.01072,24805376,NA,NA,NA,NA,NA,NA,NA,NA,2008,133,5,1,8210b4f6eac12a20575e673437437e82cfff653da437ea17992a3aed56a99207
0,11,0,1,17,0.054006485999707365,0.049503999999999999,0.0042220000000000001,41701376,NA,NA,NA,NA,NA,NA,NA,NA,1009296,235398,3329,64,46bbbc4439d5a1911d5728e76ba413a577b270d33a6d6f7287d5e66409ad1e95
0,11,1,0,17,0.063865455998893594,0.055763999999999994,0.007918999999999999,41787392,NA,NA,NA,NA,NA,NA,NA,NA,1009296,235398,3329,64,46bbbc4439d5a1911d5728e76ba413a577b270d33a6d6f7287d5e66409ad1e95
0,11,0,1,12,0.052842998997221002,0.016371,0.024201,31244288,NA,NA,NA,NA,NA,NA,NA,NA,313424,280189,4101,1,0f9e44f960c45a3ca86cde574970381ef909d64a6bb2d20a17395bced584502a
0,11,1,0,12,0.038583937999646878,0.028828999999999997,0.0082189999999999989,31535104,NA,NA,NA,NA,NA,NA,NA,NA,313424,280189,4101,1,0f9e44f960c45a3ca86cde574970381ef909d64a6bb2d20a17395bced584502a
0,11,0,0,3,0.014364155998919159,0.0095180000000000004,0.0047079999999999995,24768512,NA,NA,NA,NA,NA,NA,NA,NA,2008,133,5,1,8210b4f6eac12a20575e673437437e82cfff653da437ea17992a3aed56a99207
0,11,1,1,3,0.016911367998545757,0.016809999999999999,0,24764416,NA,NA,NA,NA,NA,NA,NA,NA,2008,133,5,1,8210b4f6eac12a20575e673437437e82cfff653da437ea17992a3aed56a99207
0,11,0,1,14,0.025680055998236639,0.021398,0.0041719999999999995,32161792,NA,NA,NA,NA,NA,NA,NA,NA,247896,280189,4101,1,cf0f1cc1e290dce65809b3140c6f2dc9062a9f452120988a3a869e7faab69134
0,11,1,0,14,0.026520144001551671,0.017041000000000001,0.009193999999999999,32219136,NA,NA,NA,NA,NA,NA,NA,NA,247896,280189,4101,1,cf0f1cc1e290dce65809b3140c6f2dc9062a9f452120988a3a869e7faab69134
0,11,0,1,7,0.023837708999053575,0.019674999999999998,0.0039889999999999995,31268864,NA,NA,NA,NA,NA,NA,NA,NA,126024,51085,1029,1,d6479df97612ac41a8966333a6ef58076a32dad29a20f6bc64e0a5b65673088c
0,11,1,0,7,0.023165787999460008,0.023005999999999999,0,31399936,NA,NA,NA,NA,NA,NA,NA,NA,126024,51085,1029,1,d6479df97612ac41a8966333a6ef58076a32dad29a20f6bc64e0a5b65673088c
0,11,0,1,23,0.1235646880013519,0.111483,0.011967999999999999,58535936,NA,NA,NA,NA,NA,NA,NA,NA,1433848,711531,19202,64,7fe8e0e1367c4dc75afe736c0ee35e3a3755c0152301f3880ce2412132a22623
0,11,1,0,23,0.12391728699731175,0.107433,0.016337999999999998,58445824,NA,NA,NA,NA,NA,NA,NA,NA,1433848,711531,19202,64,7fe8e0e1367c4dc75afe736c0ee35e3a3755c0152301f3880ce2412132a22623
0,11,0,1,15,0.022797143999923719,0.018879999999999997,0.0037759999999999998,32215040,NA,NA,NA,NA,NA,NA,NA,NA,247896,280189,4101,1,cf0f1cc1e290dce65809b3140c6f2dc9062a9f452120988a3a869e7faab69134
0,11,1,0,15,0.024451875000522705,0.020014000000000001,0.0043059999999999999,32362496,NA,NA,NA,NA,NA,NA,NA,NA,247896,280189,4101,1,cf0f1cc1e290dce65809b3140c6f2dc9062a9f452120988a3a869e7faab69134
0,11,0,1,21,0.1086557279995759,0.092303999999999997,0.016160999999999998,60510208,NA,NA,NA,NA,NA,NA,NA,NA,2209528,711531,19202,64,955dcf7525f03629d689feea1585905e0b8700805efb32f241197b1ebcb41ffa
0,11,1,0,21,0.10271848100092029,0.086193999999999993,0.016343,60432384,NA,NA,NA,NA,NA,NA,NA,NA,2209528,711531,19202,64,955dcf7525f03629d689feea1585905e0b8700805efb32f241197b1ebcb41ffa
0,11,0,0,20,0.12591024699941045,0.11355699999999999,0.012225999999999999,60379136,NA,NA,NA,NA,NA,NA,NA,NA,1746680,711531,19202,64,e4041ce2b5b6df572ca4d0ca66e6006ad368116646e82963f7e9550b84ab78ca
0,11,1,1,20,0.13180111600013333,0.103188,0.028476999999999999,60444672,NA,NA,NA,NA,NA,NA,NA,NA,1746680,711531,19202,64,e4041ce2b5b6df572ca4d0ca66e6006ad368116646e82963f7e9550b84ab78ca
0,11,0,0,10,0.019783589999860851,0.011875999999999999,0.0077859999999999995,30281728,NA,NA,NA,NA,NA,NA,NA,NA,106320,39898,2049,512,7b8f1ead52d1f75ea51a9518f4611f96b3105a83b8e9ff16958705114f2a13b3
0,11,1,1,10,0.01949782700103242,0.015467999999999999,0.0039099999999999994,30408704,NA,NA,NA,NA,NA,NA,NA,NA,106320,39898,2049,512,7b8f1ead52d1f75ea51a9518f4611f96b3105a83b8e9ff16958705114f2a13b3
0,11,0,1,19,0.049894269999640528,0.034075999999999995,0.015694,40910848,NA,NA,NA,NA,NA,NA,NA,NA,742032,235398,3329,64,ef3fe9f327a6ee2b8ff8e0c5cce4ce61f805f0660ce139a533f5137453c188bc
0,11,1,0,19,0.050850591000198619,0.038397000000000001,0.012303999999999999,41160704,NA,NA,NA,NA,NA,NA,NA,NA,742032,235398,3329,64,ef3fe9f327a6ee2b8ff8e0c5cce4ce61f805f0660ce139a533f5137453c188bc
0,11,0,0,9,0.019244574999902397,0.0076519999999999999,0.011457999999999999,30527488,NA,NA,NA,NA,NA,NA,NA,NA,147280,39898,2049,512,02ee45f00f5fa967779eb017bd9c1965526161af8ee6a0f23a31a68b3dbbac77
0,11,1,1,9,0.019021074000193039,0.018926999999999999,0,30601216,NA,NA,NA,NA,NA,NA,NA,NA,147280,39898,2049,512,02ee45f00f5fa967779eb017bd9c1965526161af8ee6a0f23a31a68b3dbbac77
0,11,0,1,13,0.021896354999626055,0.018142999999999999,0.0036279999999999997,32489472,NA,NA,NA,NA,NA,NA,NA,NA,313536,280189,4101,1,5a04cd3dab823e43a4d317f4a27057eec5b1fcaecf9843229a14a897b95f1f29
0,11,1,0,13,0.021893220000492875,0.014513,0.0072559999999999994,32358400,NA,NA,NA,NA,NA,NA,NA,NA,313536,280189,4101,1,5a04cd3dab823e43a4d317f4a27057eec5b1fcaecf9843229a14a897b95f1f29
0,11,0,1,11,0.019773975000134669,0.011892,0.0077759999999999999,30478336,NA,NA,NA,NA,NA,NA,NA,NA,106320,39898,2049,512,7b8f1ead52d1f75ea51a9518f4611f96b3105a83b8e9ff16958705114f2a13b3
0,11,1,0,11,0.019920931998058222,0.011908999999999999,0.0078619999999999992,30613504,NA,NA,NA,NA,NA,NA,NA,NA,106320,39898,2049,512,7b8f1ead52d1f75ea51a9518f4611f96b3105a83b8e9ff16958705114f2a13b3
0,11,0,0,0,0.014253262997954153,0.010626,0.0034029999999999998,24805376,NA,NA,NA,NA,NA,NA,NA,NA,2008,133,5,1,a8c1633e798ef980493443e67e6fdb6eada42f775edf7051d304d09c3ddadf5a
0,11,1,1,0,0.013893211998947663,0.0091649999999999995,0.0045820000000000001,24870912,NA,NA,NA,NA,NA,NA,NA,NA,2008,133,5,1,a8c1633e798ef980493443e67e6fdb6eada42f775edf7051d304d09c3ddadf5a
0,11,0,0,4,0.029363719000684796,0.014435999999999999,0.014799999999999999,28807168,NA,NA,NA,NA,NA,NA,NA,NA,163920,51085,1029,1,3469c6c02ad818b9b840f744b74781f39d0d6d69319fb824d729f7875274b381
0,11,1,1,4,0.030190718000085326,0.025727999999999997,0.0043509999999999998,28196864,NA,NA,NA,NA,NA,NA,NA,NA,163920,51085,1029,1,3469c6c02ad818b9b840f744b74781f39d0d6d69319fb824d729f7875274b381
0,11,0,0,22,0.1126586819991644,0.097323999999999994,0.015198,58408960,NA,NA,NA,NA,NA,NA,NA,NA,1433848,711531,19202,64,7fe8e0e1367c4dc75afe736c0ee35e3a3755c0152301f3880ce2412132a22623
0,11,1,1,22,0.11180152800079668,0.08823099999999999,0.023389999999999998,58204160,NA,NA,NA,NA,NA,NA,NA,NA,1433848,711531,19202,64,7fe8e0e1367c4dc75afe736c0ee35e3a3755c0152301f3880ce2412132a22623
0,11,0,0,8,0.020843844002229162,0.020726999999999999,0,31760384,NA,NA,NA,NA,NA,NA,NA,NA,98128,39898,2049,512,d54e0d3e437f1319c5e0037da4750229225984f79f1ebd587b1323affae587ab
0,11,1,1,8,0.020152232998952968,0.012085,0.0079769999999999997,31821824,NA,NA,NA,NA,NA,NA,NA,NA,98128,39898,2049,512,d54e0d3e437f1319c5e0037da4750229225984f79f1ebd587b1323affae587ab
0,11,0,1,16,0.058314349000283983,0.046373999999999999,0.011845,42864640,NA,NA,NA,NA,NA,NA,NA,NA,1082000,235398,3329,64,0a2640f1e20aa1aa539adbeb18cdf2a1ebe47a1dc573029aa0c35ed433364c04
0,11,1,0,16,0.058441995999601204,0.042692000000000001,0.015640999999999999,43315200,NA,NA,NA,NA,NA,NA,NA,NA,1082000,235398,3329,64,0a2640f1e20aa1aa539adbeb18cdf2a1ebe47a1dc573029aa0c35ed433364c04
0,11,0,0,1,0.01395827700252994,0.013829999999999999,0,24752128,NA,NA,NA,NA,NA,NA,NA,NA,2056,133,5,1,6b21b079ef6f8f7f055926600e53b906dd7be041e021dd2791b7aa8c55e24585
0,11,1,1,1,0.013102103999699466,0,0.013018999999999999,24084480,NA,NA,NA,NA,NA,NA,NA,NA,2056,133,5,1,6b21b079ef6f8f7f055926600e53b906dd7be041e021dd2791b7aa8c55e24585
0,12,0,1,14,0.022462930999608943,0.017802999999999999,0.0045339999999999998,32182272,NA,NA,NA,NA,NA,NA,NA,NA,247896,280189,4101,1,cf0f1cc1e290dce65809b3140c6f2dc9062a9f452120988a3a869e7faab69134
0,12,1,0,14,0.021650072001648368,0.021529,0,32210944,NA,NA,NA,NA,NA,NA,NA,NA,247896,280189,4101,1,cf0f1cc1e290dce65809b3140c6f2dc9062a9f452120988a3a869e7faab69134
0,12,0,1,0,0.013517497998691397,0.0090659999999999994,0.0042810000000000001,24850432,NA,NA,NA,NA,NA,NA,NA,NA,2008,133,5,1,a8c1633e798ef980493443e67e6fdb6eada42f775edf7051d304d09c3ddadf5a
0,12,1,0,0,0.012704226999630919,0.0084139999999999996,0.0042069999999999998,24739840,NA,NA,NA,NA,NA,NA,NA,NA,2008,133,5,1,a8c1633e798ef980493443e67e6fdb6eada42f775edf7051d304d09c3ddadf5a
0,12,0,0,22,0.11466304799978388,0.097865999999999995,0.016704999999999998,57954304,NA,NA,NA,NA,NA,NA,NA,NA,1433848,711531,19202,64,7fe8e0e1367c4dc75afe736c0ee35e3a3755c0152301f3880ce2412132a22623
0,12,1,1,22,0.11211997300051735,0.103812,0.0081829999999999993,57561088,NA,NA,NA,NA,NA,NA,NA,NA,1433848,711531,19202,64,7fe8e0e1367c4dc75afe736c0ee35e3a3755c0152301f3880ce2412132a22623
0,12,0,0,15,0.03109635000146227,0.021471000000000001,0.0094739999999999998,32358400,NA,NA,NA,NA,NA,NA,NA,NA,247896,280189,4101,1,cf0f1cc1e290dce65809b3140c6f2dc9062a9f452120988a3a869e7faab69134
0,12,1,1,15,0.024764675999904284,0.012180999999999999,0.012418,32288768,NA,NA,NA,NA,NA,NA,NA,NA,247896,280189,4101,1,cf0f1cc1e290dce65809b3140c6f2dc9062a9f452120988a3a869e7faab69134
0,12,0,1,6,0.023204084001918091,0.00762,0.015444999999999999,31096832,NA,NA,NA,NA,NA,NA,NA,NA,126024,51085,1029,1,d6479df97612ac41a8966333a6ef58076a32dad29a20f6bc64e0a5b65673088c
0,12,1,0,6,0.024692669001524337,0.012270999999999999,0.012213999999999999,31260672,NA,NA,NA,NA,NA,NA,NA,NA,126024,51085,1029,1,d6479df97612ac41a8966333a6ef58076a32dad29a20f6bc64e0a5b65673088c
0,12,0,0,4,0.030034078998141922,0.025912999999999999,0.0040270000000000002,29052928,NA,NA,NA,NA,NA,NA,NA,NA,163920,51085,1029,1,3469c6c02ad818b9b840f744b74781f39d0d6d69319fb824d729f7875274b381
0,12,1,1,4,0.029553257998486515,0.029440999999999998,0,28852224,NA,NA,NA,NA,NA,NA,NA,NA,163920,51085,1029,1,3469c6c02ad818b9b840f744b74781f39d0d6d69319fb824d729f7875274b381
0,12,0,0,9,0.020019457002490526,0.011937999999999999,0.0079899999999999988,30740480,NA,NA,NA,NA,NA,NA,NA,NA,147280,39898,2049,512,02ee45f00f5fa967779eb017bd9c1965526161af8ee6a0f23a31a68b3dbbac77
0,12,1,1,9,0.020991751000110526,0.012277,0.0086219999999999995,30543872,NA,NA,NA,NA,NA,NA,NA,NA,147280,39898,2049,512,02ee45f00f5fa967779eb017bd9c1965526161af8ee6a0f23a31a68b3dbbac77
0,12,0,0,8,0.022729304000677075,0.017953999999999998,0.00464,31830016,NA,NA,NA,NA,NA,NA,NA,NA,98128,39898,2049,512,d54e0d3e437f1319c5e0037da4750229225984f79f1ebd587b1323affae587ab
0,12,1,1,8,0.021423477002826985,0.017086999999999998,0.0042079999999999999,31723520,NA,NA,NA,NA,NA,NA,NA,NA,98128,39898,2049,512,d54e0d3e437f1319c5e0037da4750229225984f79f1ebd587b1323affae587ab
0,12,0,0,2,0.015545417998509947,0.011144999999999999,0.0042899999999999995,24932352,NA,NA,NA,NA,NA,NA,NA,NA,2008,133,5,1,8210b4f6eac12a20575e673437437e82cfff653da437ea17992a3aed56a99207
0,12,1,1,2,0.014218260999768972,0.009325,0.00479,24674304,NA,NA,NA,NA,NA,NA,NA,NA,2008,133,5,1,8210b4f6eac12a20575e673437437e82cfff653da437ea17992a3aed56a99207
0,12,0,0,18,0.054571248001593631,0.041811000000000001,0.012669999999999999,41095168,NA,NA,NA,NA,NA,NA,NA,NA,742032,235398,3329,64,ef3fe9f327a6ee2b8ff8e0c5cce4ce61f805f0660ce139a533f5137453c188bc
0,12,1,1,18,0.053890564002358587,0.039955999999999998,0.010673999999999999,40833024,NA,NA,NA,NA,NA,NA,NA,NA,742032,235398,3329,64,ef3fe9f327a6ee2b8ff8e0c5cce4ce61f805f0660ce139a533f5137453c188bc
0,12,0,0,23,0.13936856700092903,0.106166,0.033073999999999999,58535936,NA,NA,NA,NA,NA,NA,NA,NA,1433848,711531,19202,64,7fe8e0e1367c4dc75afe736c0ee35e3a3755c0152301f3880ce2412132a22623
0,12,1,1,23,0.13782913600152824,0.11020099999999999,0.027493,58400768,NA,NA,NA,NA,NA,NA,NA,NA,1433848,711531,19202,64,7fe8e0e1367c4dc75afe736c0ee35e3a3755c0152301f3880ce2412132a22623
0,12,0,0,17,0.055026941001415253,0.046976999999999998,0.007892999999999999,41881600,NA,NA,NA,NA,NA,NA,NA,NA,1009296,235398,3329,64,46bbbc4439d5a1911d5728e76ba413a577b270d33a6d6f7287d5e66409ad1e95
0,12,1,1,17,0.079113636002148269,0.071059999999999998,0.0079240000000000005,41553920,NA,NA,NA,NA,NA,NA,NA,NA,1009296,235398,3329,64,46bbbc4439d5a1911d5728e76ba413a577b270d33a6d6f7287d5e66409ad1e95
0,12,0,0,5,0.030983278000348946,0.019299999999999998,0.011542999999999999,31277056,NA,NA,NA,NA,NA,NA,NA,NA,192736,51085,1029,1,98c15b8b4636441c6e839c68a3bed9dee3bd8ae062882739073db7b7ed7d66f3
0,12,1,1,5,0.022179452000273159,0.022032,0,31232000,NA,NA,NA,NA,NA,NA,NA,NA,192736,51085,1029,1,98c15b8b4636441c6e839c68a3bed9dee3bd8ae062882739073db7b7ed7d66f3
0,12,0,1,7,0.022981146001257002,0.022866999999999998,0,31268864,NA,NA,NA,NA,NA,NA,NA,NA,126024,51085,1029,1,d6479df97612ac41a8966333a6ef58076a32dad29a20f6bc64e0a5b65673088c
0,12,1,0,7,0.022825113999715541,0.018904999999999998,0.0037889999999999998,31473664,NA,NA,NA,NA,NA,NA,NA,NA,126024,51085,1029,1,d6479df97612ac41a8966333a6ef58076a32dad29a20f6bc64e0a5b65673088c
0,12,0,0,20,0.13849250600105734,0.12230199999999999,0.016049000000000001,60379136,NA,NA,NA,NA,NA,NA,NA,NA,1746680,711531,19202,64,e4041ce2b5b6df572ca4d0ca66e6006ad368116646e82963f7e9550b84ab78ca
0,12,1,1,20,0.12741779200223391,0.11162899999999999,0.015664999999999998,60313600,NA,NA,NA,NA,NA,NA,NA,NA,1746680,711531,19202,64,e4041ce2b5b6df572ca4d0ca66e6006ad368116646e82963f7e9550b84ab78ca
0,12,0,1,1,0.013808285999402869,0.009101999999999999,0.004561,24739840,NA,NA,NA,NA,NA,NA,NA,NA,2056,133,5,1,6b21b079ef6f8f7f055926600e53b906dd7be041e021dd2791b7aa8c55e24585
0,12,1,0,1,0.013877988996682689,0.0068579999999999995,0.0069279999999999993,24776704,NA,NA,NA,NA,NA,NA,NA,NA,2056,133,5,1,6b21b079ef6f8f7f055926600e53b906dd7be041e021dd2791b7aa8c55e24585
0,12,0,1,11,0.021416708001197549,0.012419999999999999,0.0088900000000000003,30478336,NA,NA,NA,NA,NA,NA,NA,NA,106320,39898,2049,512,7b8f1ead52d1f75ea51a9518f4611f96b3105a83b8e9ff16958705114f2a13b3
0,12,1,0,11,0.029793122001137817,0.017448999999999999,0.012242999999999999,30633984,NA,NA,NA,NA,NA,NA,NA,NA,106320,39898,2049,512,7b8f1ead52d1f75ea51a9518f4611f96b3105a83b8e9ff16958705114f2a13b3
0,12,0,0,16,0.062973640000564046,0.051222999999999998,0.011642,43061248,NA,NA,NA,NA,NA,NA,NA,NA,1082000,235398,3329,64,0a2640f1e20aa1aa539adbeb18cdf2a1ebe47a1dc573029aa0c35ed433364c04
0,12,1,1,16,0.058713632002763916,0.042978999999999996,0.015593999999999998,42950656,NA,NA,NA,NA,NA,NA,NA,NA,1082000,235398,3329,64,0a2640f1e20aa1aa539adbeb18cdf2a1ebe47a1dc573029aa0c35ed433364c04
0,12,0,0,12,0.031348016000265488,0.015451999999999999,0.015786999999999999,31633408,NA,NA,NA,NA,NA,NA,NA,NA,313424,280189,4101,1,0f9e44f960c45a3ca86cde574970381ef909d64a6bb2d20a17395bced584502a
0,12,1,1,12,0.030152211998938583,0.022585999999999998,0.0074609999999999998,30785536,NA,NA,NA,NA,NA,NA,NA,NA,313424,280189,4101,1,0f9e44f960c45a3ca86cde574970381ef909d64a6bb2d20a17395bced584502a
0,12,0,0,19,0.047360994001792278,0.039333,0.0079329999999999991,41029632,NA,NA,NA,NA,NA,NA,NA,NA,742032,235398,3329,64,ef3fe9f327a6ee2b8ff8e0c5cce4ce61f805f0660ce139a533f5137453c188bc
0,12,1,1,19,0.052195299002050888,0.028062,0.024007999999999998,40722432,NA,NA,NA,NA,NA,NA,NA,NA,742032,235398,3329,64,ef3fe9f327a6ee2b8ff8e0c5cce4ce61f805f0660ce139a533f5137453c188bc
0,12,0,0,21,0.1128374010004336,0.10424799999999999,0.0084530000000000004,60542976,NA,NA,NA,NA,NA,NA,NA,NA,2209528,711531,19202,64,955dcf7525f03629d689feea1585905e0b8700805efb32f241197b1ebcb41ffa
0,12,1,1,21,0.10950795500320964,0.097429000000000002,0.011937999999999999,60248064,NA,NA,NA,NA,NA,NA,NA,NA,2209528,711531,19202,64,955dcf7525f03629d689feea1585905e0b8700805efb32f241197b1ebcb41ffa
0,12,0,0,10,0.020166553997114534,0.015998999999999999,0.00396,30543872,NA,NA,NA,NA,NA,NA,NA,NA,106320,39898,2049,512,7b8f1ead52d1f75ea51a9518f4611f96b3105a83b8e9ff16958705114f2a13b3
0,12,1,1,10,0.021190153998759342,0.012749999999999999,0.0083009999999999994,30674944,NA,NA,NA,NA,NA,NA,NA,NA,106320,39898,2049,512,7b8f1ead52d1f75ea51a9518f4611f96b3105a83b8e9ff16958705114f2a13b3
0,12,0,0,3,0.013633268001285614,0.0090799999999999995,0.0044529999999999995,24870912,NA,NA,NA,NA,NA,NA,NA,NA,2008,133,5,1,8210b4f6eac12a20575e673437437e82cfff653da437ea17992a3aed56a99207
0,12,1,1,3,0.013447614001051988,0.0099740000000000002,0.003388,24682496,NA,NA,NA,NA,NA,NA,NA,NA,2008,133,5,1,8210b4f6eac12a20575e673437437e82cfff653da437ea17992a3aed56a99207
0,12,0,0,13,0.022144951999507612,0.013214999999999999,0.0088170000000000002,32489472,NA,NA,NA,NA,NA,NA,NA,NA,313536,280189,4101,1,5a04cd3dab823e43a4d317f4a27057eec5b1fcaecf9843229a14a897b95f1f29
0,12,1,1,13,0.028248087997781113,0.015858000000000001,0.012270999999999999,32161792,NA,NA,NA,NA,NA,NA,NA,NA,313536,280189,4101,1,5a04cd3dab823e43a4d317f4a27057eec5b1fcaecf9843229a14a897b95f1f29
0,13,0,1,2,0.014680131997010903,0.0072809999999999993,0.0072809999999999993,24850432,NA,NA,NA,NA,NA,NA,NA,NA,2008,133,5,1,8210b4f6eac12a20575e673437437e82cfff653da437ea17992a3aed56a99207
0,13,1,0,2,0.014313742001831997,0.0071389999999999995,0.0070919999999999993,24608768,NA,NA,NA,NA,NA,NA,NA,NA,2008,133,5,1,8210b4f6eac12a20575e673437437e82cfff653da437ea17992a3aed56a99207
0,13,0,1,3,0.014536640999722295,0.0096299999999999997,0.0048069999999999996,24805376,NA,NA,NA,NA,NA,NA,NA,NA,2008,133,5,1,8210b4f6eac12a20575e673437437e82cfff653da437ea17992a3aed56a99207
0,13,1,0,3,0.015155282999330666,0.015054,0,24936448,NA,NA,NA,NA,NA,NA,NA,NA,2008,133,5,1,8210b4f6eac12a20575e673437437e82cfff653da437ea17992a3aed56a99207
0,13,0,1,9,0.022383352999895578,0.011290999999999999,0.010983999999999999,30674944,NA,NA,NA,NA,NA,NA,NA,NA,147280,39898,2049,512,02ee45f00f5fa967779eb017bd9c1965526161af8ee6a0f23a31a68b3dbbac77
0,13,1,0,9,0.020740670999657596,0.012350999999999999,0.0081869999999999998,30281728,NA,NA,NA,NA,NA,NA,NA,NA,147280,39898,2049,512,02ee45f00f5fa967779eb017bd9c1965526161af8ee6a0f23a31a68b3dbbac77
0,13,0,0,11,0.021275188999425154,0.010442,0.010704999999999999,30691328,NA,NA,NA,NA,NA,NA,NA,NA,106320,39898,2049,512,7b8f1ead52d1f75ea51a9518f4611f96b3105a83b8e9ff16958705114f2a13b3
0,13,1,1,11,0.020771425999555504,0.0080780000000000001,0.012579999999999999,30765056,NA,NA,NA,NA,NA,NA,NA,NA,106320,39898,2049,512,7b8f1ead52d1f75ea51a9518f4611f96b3105a83b8e9ff16958705114f2a13b3
0,13,0,0,14,0.023936554000101751,0.019833,0.0039829999999999996,32174080,NA,NA,NA,NA,NA,NA,NA,NA,247896,280189,4101,1,cf0f1cc1e290dce65809b3140c6f2dc9062a9f452120988a3a869e7faab69134
0,13,1,1,14,0.023678623998421244,0.023573999999999998,0,31952896,NA,NA,NA,NA,NA,NA,NA,NA,247896,280189,4101,1,cf0f1cc1e290dce65809b3140c6f2dc9062a9f452120988a3a869e7faab69134
0,13,0,1,18,0.048855316999834031,0.044614000000000001,0.0041099999999999999,40833024,NA,NA,NA,NA,NA,NA,NA,NA,742032,235398,3329,64,ef3fe9f327a6ee2b8ff8e0c5cce4ce61f805f0660ce139a533f5137453c188bc
0,13,1,0,18,0.048272006999468431,0.040167999999999995,0.0079939999999999994,41160704,NA,NA,NA,NA,NA,NA,NA,NA,742032,235398,3329,64,ef3fe9f327a6ee2b8ff8e0c5cce4ce61f805f0660ce139a533f5137453c188bc
0,13,0,1,5,0.02782231099990895,0.019702999999999998,0.0078689999999999993,30949376,NA,NA,NA,NA,NA,NA,NA,NA,192736,51085,1029,1,98c15b8b4636441c6e839c68a3bed9dee3bd8ae062882739073db7b7ed7d66f3
0,13,1,0,5,0.036240771998564014,0.023909999999999997,0.012152,31248384,NA,NA,NA,NA,NA,NA,NA,NA,192736,51085,1029,1,98c15b8b4636441c6e839c68a3bed9dee3bd8ae062882739073db7b7ed7d66f3
0,13,0,1,21,0.12973766699724365,0.10882599999999999,0.020733999999999999,60227584,NA,NA,NA,NA,NA,NA,NA,NA,2209528,711531,19202,64,955dcf7525f03629d689feea1585905e0b8700805efb32f241197b1ebcb41ffa
0,13,1,0,21,0.11292569600118441,0.104588,0.0081759999999999992,60317696,NA,NA,NA,NA,NA,NA,NA,NA,2209528,711531,19202,64,955dcf7525f03629d689feea1585905e0b8700805efb32f241197b1ebcb41ffa
0,13,0,1,12,0.044181353998283157,0.036032000000000002,0.0079869999999999993,31444992,NA,NA,NA,NA,NA,NA,NA,NA,313424,280189,4101,1,0f9e44f960c45a3ca86cde574970381ef909d64a6bb2d20a17395bced584502a
0,13,1,0,12,0.032973894001770532,0.024829,0.0080169999999999998,31571968,NA,NA,NA,NA,NA,NA,NA,NA,313424,280189,4101,1,0f9e44f960c45a3ca86cde574970381ef909d64a6bb2d20a17395bced584502a
0,13,0,0,7,0.023514692999015097,0.014173999999999999,0.0091859999999999997,31449088,NA,NA,NA,NA,NA,NA,NA,NA,126024,51085,1029,1,d6479df97612ac41a8966333a6ef58076a32dad29a20f6bc64e0a5b65673088c
0,13,1,1,7,0.026355612000770634,0.021325999999999998,0.004914,31277056,NA,NA,NA,NA,NA,NA,NA,NA,126024,51085,1029,1,d6479df97612ac41a8966333a6ef58076a32dad29a20f6bc64e0a5b65673088c
0,13,0,1,8,0.021791731000121217,0.021683999999999998,0,31068160,NA,NA,NA,NA,NA,NA,NA,NA,98128,39898,2049,512,d54e0d3e437f1319c5e0037da4750229225984f79f1ebd587b1323affae587ab
0,13,1,0,8,0.023731572000542656,0.019487000000000001,0.0041079999999999997,31920128,NA,NA,NA,NA,NA,NA,NA,NA,98128,39898,2049,512,d54e0d3e437f1319c5e0037da4750229225984f79f1ebd587b1323affae587ab
0,13,0,0,1,0.01453335599944694,0.01443,0,24752128,NA,NA,NA,NA,NA,NA,NA,NA,2056,133,5,1,6b21b079ef6f8f7f055926600e53b906dd7be041e021dd2791b7aa8c55e24585
0,13,1,1,1,0.013862907002476277,0.0044979999999999994,0.0092659999999999999,24739840,NA,NA,NA,NA,NA,NA,NA,NA,2056,133,5,1,6b21b079ef6f8f7f055926600e53b906dd7be041e021dd2791b7aa8c55e24585
0,13,0,1,23,0.15666191299897037,0.12892399999999998,0.027587999999999998,58306560,NA,NA,NA,NA,NA,NA,NA,NA,1433848,711531,19202,64,7fe8e0e1367c4dc75afe736c0ee35e3a3755c0152301f3880ce2412132a22623
0,13,1,0,23,0.16175561599811772,0.14122799999999999,0.020305,58445824,NA,NA,NA,NA,NA,NA,NA,NA,1433848,711531,19202,64,7fe8e0e1367c4dc75afe736c0ee35e3a3755c0152301f3880ce2412132a22623
0,13,0,0,6,0.024296844996570144,0.016007,0.0081529999999999988,31186944,NA,NA,NA,NA,NA,NA,NA,NA,126024,51085,1029,1,d6479df97612ac41a8966333a6ef58076a32dad29a20f6bc64e0a5b65673088c
0,13,1,1,6,0.024339065999811282,0.012154,0.012024999999999999,30941184,NA,NA,NA,NA,NA,NA,NA,NA,126024,51085,1029,1,d6479df97612ac41a8966333a6ef58076a32dad29a20f6bc64e0a5b65673088c
0,13,0,1,13,0.024325848000444239,0.015907999999999999,0.0083049999999999999,32489472,NA,NA,NA,NA,NA,NA,NA,NA,313536,280189,4101,1,5a04cd3dab823e43a4d317f4a27057eec5b1fcaecf9843229a14a897b95f1f29
0,13,1,0,13,0.024607743001979543,0.016301,0.0081890000000000001,32489472,NA,NA,NA,NA,NA,NA,NA,NA,313536,280189,4101,1,5a04cd3dab823e43a4d317f4a27057eec5b1fcaecf9843229a14a897b95f1f29
0,13,0,1,19,0.051052645001618657,0.039002999999999996,0.011932,40898560,NA,NA,NA,NA,NA,NA,NA,NA,742032,235398,3329,64,ef3fe9f327a6ee2b8ff8e0c5cce4ce61f805f0660ce139a533f5137453c188bc
0,13,1,0,19,0.050638603999686893,0.046274999999999997,0.0042459999999999998,41156608,NA,NA,NA,NA,NA,NA,NA,NA,742032,235398,3329,64,ef3fe9f327a6ee2b8ff8e0c5cce4ce61f805f0660ce139a533f5137453c188bc
0,13,0,1,20,0.14571435400284827,0.12192599999999999,0.023653999999999998,60223488,NA,NA,NA,NA,NA,NA,NA,NA,1746680,711531,19202,64,e4041ce2b5b6df572ca4d0ca66e6006ad368116646e82963f7e9550b84ab78ca
0,13,1,0,20,0.14833008599816822,0.135851,0.012173,60432384,NA,NA,NA,NA,NA,NA,NA,NA,1746680,711531,19202,64,e4041ce2b5b6df572ca4d0ca66e6006ad368116646e82963f7e9550b84ab78ca
0,13,0,1,10,0.022496560999570647,0.018404,0.003967,30629888,NA,NA,NA,NA,NA,NA,NA,NA,106320,39898,2049,512,7b8f1ead52d1f75ea51a9518f4611f96b3105a83b8e9ff16958705114f2a13b3
0,13,1,0,10,0.022123360002296977,0.011054,0.010933,30576640,NA,NA,NA,NA,NA,NA,NA,NA,106320,39898,2049,512,7b8f1ead52d1f75ea51a9518f4611f96b3105a83b8e9ff16958705114f2a13b3
0,13,0,1,16,0.064500232998398133,0.052103999999999998,0.012296,42848256,NA,NA,NA,NA,NA,NA,NA,NA,1082000,235398,3329,64,0a2640f1e20aa1aa539adbeb18cdf2a1ebe47a1dc573029aa0c35ed433364c04
0,13,1,0,16,0.068940681001549819,0.048646999999999996,0.020159,43061248,NA,NA,NA,NA,NA,NA,NA,NA,1082000,235398,3329,64,0a2640f1e20aa1aa539adbeb18cdf2a1ebe47a1dc573029aa0c35ed433364c04
0,13,0,1,15,0.025884176000545267,0.021096,0.0045869999999999999,32292864,NA,NA,NA,NA,NA,NA,NA,NA,247896,280189,4101,1,cf0f1cc1e290dce65809b3140c6f2dc9062a9f452120988a3a869e7faab69134
0,13,1,0,15,0.024173162000806769,0.019791,0.0042839999999999996,32358400,NA,NA,NA,NA,NA,NA,NA,NA,247896,280189,4101,1,cf0f1cc1e290dce65809b3140c6f2dc9062a9f452120988a3a869e7faab69134
0,13,0,0,0,0.014353634000144666,0.0069629999999999996,0.0073019999999999995,24854528,NA,NA,NA,NA,NA,NA,NA,NA,2008,133,5,1,a8c1633e798ef980493443e67e6fdb6eada42f775edf7051d304d09c3ddadf5a
0,13,1,1,0,0.014408814997295849,0.009330999999999999,0.0049870000000000001,24739840,NA,NA,NA,NA,NA,NA,NA,NA,2008,133,5,1,a8c1633e798ef980493443e67e6fdb6eada42f775edf7051d304d09c3ddadf5a
0,13,0,1,4,0.034876244000770384,0.027064999999999999,0.0077289999999999998,28655616,NA,NA,NA,NA,NA,NA,NA,NA,163920,51085,1029,1,3469c6c02ad818b9b840f744b74781f39d0d6d69319fb824d729f7875274b381
0,13,1,0,4,0.051085072998830583,0.023119999999999998,0.0079500000000000005,29057024,NA,NA,NA,NA,NA,NA,NA,NA,163920,51085,1029,1,3469c6c02ad818b9b840f744b74781f39d0d6d69319fb824d729f7875274b381
0,13,0,1,17,0.057461099000647664,0.037163999999999996,0.020178999999999999,41566208,NA,NA,NA,NA,NA,NA,NA,NA,1009296,235398,3329,64,46bbbc4439d5a1911d5728e76ba413a577b270d33a6d6f7287d5e66409ad1e95
0,13,1,0,17,0.055097739001212176,0.038994999999999995,0.015993999999999998,41877504,NA,NA,NA,NA,NA,NA,NA,NA,1009296,235398,3329,64,46bbbc4439d5a1911d5728e76ba413a577b270d33a6d6f7287d5e66409ad1e95
0,13,0,1,22,0.11799414699999033,0.10197299999999999,0.015886999999999998,57561088,NA,NA,NA,NA,NA,NA,NA,NA,1433848,711531,19202,64,7fe8e0e1367c4dc75afe736c0ee35e3a3755c0152301f3880ce2412132a22623
0,13,1,0,22,0.1156981319982151,0.099181999999999992,0.016372999999999999,58232832,NA,NA,NA,NA,NA,NA,NA,NA,1433848,711531,19202,64,7fe8e0e1367c4dc75afe736c0ee35e3a3755c0152301f3880ce2412132a22623
0,14,0,0,18,0.048598905999824638,0.044367999999999998,0.0041050000000000001,41029632,NA,NA,NA,NA,NA,NA,NA,NA,742032,235398,3329,64,ef3fe9f327a6ee2b8ff8e0c5cce4ce61f805f0660ce139a533f5137453c188bc
0,14,1,1,18,0.049147867001011036,0.040601999999999999,0.0084440000000000001,40988672,NA,NA,NA,NA,NA,NA,NA,NA,742032,235398,3329,64,ef3fe9f327a6ee2b8ff8e0c5cce4ce61f805f0660ce139a533f5137453c188bc
0,14,0,1,0,0.014367613999638706,0.0036459999999999999,0.010619999999999999,24633344,NA,NA,NA,NA,NA,NA,NA,NA,2008,133,5,1,a8c1633e798ef980493443e67e6fdb6eada42f775edf7051d304d09c3ddadf5a
0,14,1,0,0,0.013653411999257514,0.0045829999999999994,0.0089870000000000002,24870912,NA,NA,NA,NA,NA,NA,NA,NA,2008,133,5,1,a8c1633e798ef980493443e67e6fdb6eada42f775edf7051d304d09c3ddadf5a
0,14,0,1,20,0.13595506999990903,0.115244,0.020612999999999999,60248064,NA,NA,NA,NA,NA,NA,NA,NA,1746680,711531,19202,64,e4041ce2b5b6df572ca4d0ca66e6006ad368116646e82963f7e9550b84ab78ca
0,14,1,0,20,0.13301185000091209,0.128997,0.003872,60510208,NA,NA,NA,NA,NA,NA,NA,NA,1746680,711531,19202,64,e4041ce2b5b6df572ca4d0ca66e6006ad368116646e82963f7e9550b84ab78ca
0,14,0,0,22,0.14927665699724457,0.141184,0.0079419999999999994,58314752,NA,NA,NA,NA,NA,NA,NA,NA,1433848,711531,19202,64,7fe8e0e1367c4dc75afe736c0ee35e3a3755c0152301f3880ce2412132a22623
0,14,1,1,22,0.11490140699970652,0.091260999999999995,0.023477999999999999,58478592,NA,NA,NA,NA,NA,NA,NA,NA,1433848,711531,19202,64,7fe8e0e1367c4dc75afe736c0ee35e3a3755c0152301f3880ce2412132a22623
0,14,0,1,8,0.022060477000195533,0.013139999999999999,0.008796,31461376,NA,NA,NA,NA,NA,NA,NA,NA,98128,39898,2049,512,d54e0d3e437f1319c5e0037da4750229225984f79f1ebd587b1323affae587ab
0,14,1,0,8,0.021628080001391936,0.017262,0.004235,31703040,NA,NA,NA,NA,NA,NA,NA,NA,98128,39898,2049,512,d54e0d3e437f1319c5e0037da4750229225984f79f1ebd587b1323affae587ab
0,14,0,0,10,0.020048921000125119,0.01196,0.0079829999999999988,30609408,NA,NA,NA,NA,NA,NA,NA,NA,106320,39898,2049,512,7b8f1ead52d1f75ea51a9518f4611f96b3105a83b8e9ff16958705114f2a13b3
0,14,1,1,10,0.01979492600003141,0.019695000000000001,0,30633984,NA,NA,NA,NA,NA,NA,NA,NA,106320,39898,2049,512,7b8f1ead52d1f75ea51a9518f4611f96b3105a83b8e9ff16958705114f2a13b3
0,14,0,0,17,0.054393651000282262,0.034727000000000001,0.019467999999999999,41713664,NA,NA,NA,NA,NA,NA,NA,NA,1009296,235398,3329,64,46bbbc4439d5a1911d5728e76ba413a577b270d33a6d6f7287d5e66409ad1e95
0,14,1,1,17,0.052437285998166772,0.040267999999999998,0.012010999999999999,41816064,NA,NA,NA,NA,NA,NA,NA,NA,1009296,235398,3329,64,46bbbc4439d5a1911d5728e76ba413a577b270d33a6d6f7287d5e66409ad1e95
0,14,0,1,1,0.014714967001054902,0.014594999999999999,0,24543232,NA,NA,NA,NA,NA,NA,NA,NA,2056,133,5,1,6b21b079ef6f8f7f055926600e53b906dd7be041e021dd2791b7aa8c55e24585
0,14,1,0,1,0.014269319999584695,0.010560999999999999,0.0035799999999999998,24870912,NA,NA,NA,NA,NA,NA,NA,NA,2056,133,5,1,6b21b079ef6f8f7f055926600e53b906dd7be041e021dd2791b7aa8c55e24585
0,14,0,1,16,0.063188108000758803,0.051711,0.011384999999999999,43036672,NA,NA,NA,NA,NA,NA,NA,NA,1082000,235398,3329,64,0a2640f1e20aa1aa539adbeb18cdf2a1ebe47a1dc573029aa0c35ed433364c04
0,14,1,0,16,0.058907926999381743,0.042928999999999995,0.015866999999999999,43151360,NA,NA,NA,NA,NA,NA,NA,NA,1082000,235398,3329,64,0a2640f1e20aa1aa539adbeb18cdf2a1ebe47a1dc573029aa0c35ed433364c04
0,14,0,0,2,0.013281143001222517,0.013186,0,24936448,NA,NA,NA,NA,NA,NA,NA,NA,2008,133,5,1,8210b4f6eac12a20575e673437437e82cfff653da437ea17992a3aed56a99207
0,14,1,1,2,0.012967259997822111,0.012882999999999999,0,24600576,NA,NA,NA,NA,NA,NA,NA,NA,2008,133,5,1,8210b4f6eac12a20575e673437437e82cfff653da437ea17992a3aed56a99207
0,14,0,1,4,0.028730683003232116,0.021436999999999998,0.0071929999999999997,28942336,NA,NA,NA,NA,NA,NA,NA,NA,163920,51085,1029,1,3469c6c02ad818b9b840f744b74781f39d0d6d69319fb824d729f7875274b381
0,14,1,0,4,0.029351147000852507,0.024999999999999998,0.0042449999999999996,29106176,NA,NA,NA,NA,NA,NA,NA,NA,163920,51085,1029,1,3469c6c02ad818b9b840f744b74781f39d0d6d69319fb824d729f7875274b381
0,14,0,1,21,0.10730260199852637,0.095118999999999995,0.012078,60534784,NA,NA,NA,NA,NA,NA,NA,NA,2209528,711531,19202,64,955dcf7525f03629d689feea1585905e0b8700805efb32f241197b1ebcb41ffa
0,14,1,0,21,0.13961818100142409,0.131244,0.0082740000000000001,60391424,NA,NA,NA,NA,NA,NA,NA,NA,2209528,711531,19202,64,955dcf7525f03629d689feea1585905e0b8700805efb32f241197b1ebcb41ffa
0,14,0,1,3,0.014493398997728946,0.0035139999999999998,0.010867999999999999,24674304,NA,NA,NA,NA,NA,NA,NA,NA,2008,133,5,1,8210b4f6eac12a20575e673437437e82cfff653da437ea17992a3aed56a99207
0,14,1,0,3,0.013521546999982093,0.013432999999999999,0,24850432,NA,NA,NA,NA,NA,NA,NA,NA,2008,133,5,1,8210b4f6eac12a20575e673437437e82cfff653da437ea17992a3aed56a99207
0,14,0,0,7,0.027932435998081928,0.018870999999999999,0.0089639999999999997,31473664,NA,NA,NA,NA,NA,NA,NA,NA,126024,51085,1029,1,d6479df97612ac41a8966333a6ef58076a32dad29a20f6bc64e0a5b65673088c
0,14,1,1,7,0.024868927997886203,0.014156,0.010607999999999999,31232000,NA,NA,NA,NA,NA,NA,NA,NA,126024,51085,1029,1,d6479df97612ac41a8966333a6ef58076a32dad29a20f6bc64e0a5b65673088c
0,14,0,0,13,0.024939686998550314,0.016601999999999999,0.0082319999999999997,32550912,NA,NA,NA,NA,NA,NA,NA,NA,313536,280189,4101,1,5a04cd3dab823e43a4d317f4a27057eec5b1fcaecf9843229a14a897b95f1f29
0,14,1,1,13,0.025865106999845011,0.012600999999999999,0.013136,32161792,NA,NA,NA,NA,NA,NA,NA,NA,313536,280189,4101,1,5a04cd3dab823e43a4d317f4a27057eec5b1fcaecf9843229a14a897b95f1f29
0,14,0,0,6,0.025880188997689402,0.01251,0.013181999999999999,31277056,NA,NA,NA,NA,NA,NA,NA,NA,126024,51085,1029,1,d6479df97612ac41a8966333a6ef58076a32dad29a20f6bc64e0a5b65673088c
0,14,1,1,6,0.02428084100029082,0.016139000000000001,0.0079389999999999999,31145984,NA,NA,NA,NA,NA,NA,NA,NA,126024,51085,1029,1,d6479df97612ac41a8966333a6ef58076a32dad29a20f6bc64e0a5b65673088c
0,14,0,1,14,0.024943668002379127,0.012366,0.012452999999999999,32182272,NA,NA,NA,NA,NA,NA,NA,NA,247896,280189,4101,1,cf0f1cc1e290dce65809b3140c6f2dc9062a9f452120988a3a869e7faab69134
0,14,1,0,14,0.028217760998813901,0.016101000000000001,0.011965,32194560,NA,NA,NA,NA,NA,NA,NA,NA,247896,280189,4101,1,cf0f1cc1e290dce65809b3140c6f2dc9062a9f452120988a3a869e7faab69134
0,14,0,0,15,0.024212510001234477,0.020166999999999997,0.0038989999999999997,32301056,NA,NA,NA,NA,NA,NA,NA,NA,247896,280189,4101,1,cf0f1cc1e290dce65809b3140c6f2dc9062a9f452120988a3a869e7faab69134
0,14,1,1,15,0.024032094999711262,0.015939999999999999,0.0079679999999999994,31703040,NA,NA,NA,NA,NA,NA,NA,NA,247896,280189,4101,1,cf0f1cc1e290dce65809b3140c6f2dc9062a9f452120988a3a869e7faab69134
0,14,0,1,5,0.022852404003060656,0.015184,0.007541,31137792,NA,NA,NA,NA,NA,NA,NA,NA,192736,51085,1029,1,98c15b8b4636441c6e839c68a3bed9dee3bd8ae062882739073db7b7ed7d66f3
0,14,1,0,5,0.023181771000963636,0.0092289999999999994,0.013805999999999999,31248384,NA,NA,NA,NA,NA,NA,NA,NA,192736,51085,1029,1,98c15b8b4636441c6e839c68a3bed9dee3bd8ae062882739073db7b7ed7d66f3
0,14,0,1,9,0.021298653002304491,0.016820999999999999,0.0043540000000000002,30806016,NA,NA,NA,NA,NA,NA,NA,NA,147280,39898,2049,512,02ee45f00f5fa967779eb017bd9c1965526161af8ee6a0f23a31a68b3dbbac77
0,14,1,0,9,0.020822823000344215,0.0082789999999999999,0.012385,30740480,NA,NA,NA,NA,NA,NA,NA,NA,147280,39898,2049,512,02ee45f00f5fa967779eb017bd9c1965526161af8ee6a0f23a31a68b3dbbac77
0,14,0,1,23,0.12462038700323319,0.104199,0.020286999999999999,58609664,NA,NA,NA,NA,NA,NA,NA,NA,1433848,711531,19202,64,7fe8e0e1367c4dc75afe736c0ee35e3a3755c0152301f3880ce2412132a22623
0,14,1,0,23,0.14137130599920056,0.124609,0.016649000000000001,58544128,NA,NA,NA,NA,NA,NA,NA,NA,1433848,711531,19202,64,7fe8e0e1367c4dc75afe736c0ee35e3a3755c0152301f3880ce2412132a22623
0,14,0,1,19,0.049700310999469366,0.034549999999999997,0.015042,40833024,NA,NA,NA,NA,NA,NA,NA,NA,742032,235398,3329,64,ef3fe9f327a6ee2b8ff8e0c5cce4ce61f805f0660ce139a533f5137453c188bc
0,14,1,0,19,0.048221439999906579,0.036001999999999999,0.012109999999999999,41095168,NA,NA,NA,NA,NA,NA,NA,NA,742032,235398,3329,64,ef3fe9f327a6ee2b8ff8e0c5cce4ce61f805f0660ce139a533f5137453c188bc
0,14,0,0,12,0.031923720001941547,0.019782999999999999,0.012029,31551488,NA,NA,NA,NA,NA,NA,NA,NA,313424,280189,4101,1,0f9e44f960c45a3ca86cde574970381ef909d64a6bb2d20a17395bced584502a
0,14,1,1,12,0.032888022000406636,0.024281,0.0084969999999999993,31301632,NA,NA,NA,NA,NA,NA,NA,NA,313424,280189,4101,1,0f9e44f960c45a3ca86cde574970381ef909d64a6bb2d20a17395bced584502a
0,14,0,1,11,0.02075277800031472,0.016641,0.003986,30715904,NA,NA,NA,NA,NA,NA,NA,NA,106320,39898,2049,512,7b8f1ead52d1f75ea51a9518f4611f96b3105a83b8e9ff16958705114f2a13b3
0,14,1,0,11,0.021561672001553234,0.0078549999999999991,0.013507,30674944,NA,NA,NA,NA,NA,NA,NA,NA,106320,39898,2049,512,7b8f1ead52d1f75ea51a9518f4611f96b3105a83b8e9ff16958705114f2a13b3
0,15,0,0,4,0.029292800998518942,0.020669999999999997,0.0085179999999999995,29048832,NA,NA,NA,NA,NA,NA,NA,NA,163920,51085,1029,1,3469c6c02ad818b9b840f744b74781f39d0d6d69319fb824d729f7875274b381
0,15,1,1,4,0.030428796999331098,0.022609999999999998,0.007711,28975104,NA,NA,NA,NA,NA,NA,NA,NA,163920,51085,1029,1,3469c6c02ad818b9b840f744b74781f39d0d6d69319fb824d729f7875274b381
0,15,0,0,14,0.022790464001445798,0.011158,0.011531,32227328,NA,NA,NA,NA,NA,NA,NA,NA,247896,280189,4101,1,cf0f1cc1e290dce65809b3140c6f2dc9062a9f452120988a3a869e7faab69134
0,15,1,1,14,0.028866972999821883,0.025127999999999998,0.00363,31965184,NA,NA,NA,NA,NA,NA,NA,NA,247896,280189,4101,1,cf0f1cc1e290dce65809b3140c6f2dc9062a9f452120988a3a869e7faab69134
0,15,0,1,7,0.023481421998440055,0.015285,0.0080749999999999988,31510528,NA,NA,NA,NA,NA,NA,NA,NA,126024,51085,1029,1,d6479df97612ac41a8966333a6ef58076a32dad29a20f6bc64e0a5b65673088c
0,15,1,0,7,0.025702237002406036,0.016378999999999998,0.0092099999999999994,31465472,NA,NA,NA,NA,NA,NA,NA,NA,126024,51085,1029,1,d6479df97612ac41a8966333a6ef58076a32dad29a20f6bc64e0a5b65673088c
0,15,0,0,20,0.15371829099967727,0.12559499999999998,0.028011999999999999,60416000,NA,NA,NA,NA,NA,NA,NA,NA,1746680,711531,19202,64,e4041ce2b5b6df572ca4d0ca66e6006ad368116646e82963f7e9550b84ab78ca
0,15,1,1,20,0.12707753999711713,0.111024,0.015889999999999998,60362752,NA,NA,NA,NA,NA,NA,NA,NA,1746680,711531,19202,64,e4041ce2b5b6df572ca4d0ca66e6006ad368116646e82963f7e9550b84ab78ca
0,15,0,0,21,0.13802857200062135,0.109501,0.028367999999999997,60432384,NA,NA,NA,NA,NA,NA,NA,NA,2209528,711531,19202,64,955dcf7525f03629d689feea1585905e0b8700805efb32f241197b1ebcb41ffa
0,15,1,1,21,0.14108327100257156,0.109427,0.031475999999999997,60370944,NA,NA,NA,NA,NA,NA,NA,NA,2209528,711531,19202,64,955dcf7525f03629d689feea1585905e0b8700805efb32f241197b1ebcb41ffa
0,15,0,1,15,0.03687570100009907,0.02528,0.01142,32161792,NA,NA,NA,NA,NA,NA,NA,NA,247896,280189,4101,1,cf0f1cc1e290dce65809b3140c6f2dc9062a9f452120988a3a869e7faab69134
0,15,1,0,15,0.028777971998351859,0.020864999999999998,0.00777,32350208,NA,NA,NA,NA,NA,NA,NA,NA,247896,280189,4101,1,cf0f1cc1e290dce65809b3140c6f2dc9062a9f452120988a3a869e7faab69134
0,15,0,1,17,0.2419425139996747,0.15490099999999998,0.085904999999999995,41553920,NA,NA,NA,NA,NA,NA,NA,NA,1009296,235398,3329,64,46bbbc4439d5a1911d5728e76ba413a577b270d33a6d6f7287d5e66409ad1e95
0,15,1,0,17,0.13260311699923477,0.043633999999999999,0.088826999999999989,41865216,NA,NA,NA,NA,NA,NA,NA,NA,1009296,235398,3329,64,46bbbc4439d5a1911d5728e76ba413a577b270d33a6d6f7287d5e66409ad1e95
0,15,0,0,1,0.014270461000705836,0.00728,0.0068459999999999997,24739840,NA,NA,NA,NA,NA,NA,NA,NA,2056,133,5,1,6b21b079ef6f8f7f055926600e53b906dd7be041e021dd2791b7aa8c55e24585
0,15,1,1,1,0.018713411998760421,0.0074969999999999993,0.011087,24707072,NA,NA,NA,NA,NA,NA,NA,NA,2056,133,5,1,6b21b079ef6f8f7f055926600e53b906dd7be041e021dd2791b7aa8c55e24585
0,15,0,1,13,0.023836716998630436,0.01985,0.0038779999999999999,32292864,NA,NA,NA,NA,NA,NA,NA,NA,313536,280189,4101,1,5a04cd3dab823e43a4d317f4a27057eec5b1fcaecf9843229a14a897b95f1f29
0,15,1,0,13,0.024637626996991457,0.012232999999999999,0.012272999999999999,32423936,NA,NA,NA,NA,NA,NA,NA,NA,313536,280189,4101,1,5a04cd3dab823e43a4d317f4a27057eec5b1fcaecf9843229a14a897b95f1f29
0,15,0,1,18,0.053823260001081508,0.049376999999999997,0.0042329999999999998,40833024,NA,NA,NA,NA,NA,NA,NA,NA,742032,235398,3329,64,ef3fe9f327a6ee2b8ff8e0c5cce4ce61f805f0660ce139a533f5137453c188bc
0,15,1,0,18,0.047959894996893127,0.031760999999999998,0.016079,41152512,NA,NA,NA,NA,NA,NA,NA,NA,742032,235398,3329,64,ef3fe9f327a6ee2b8ff8e0c5cce4ce61f805f0660ce139a533f5137453c188bc
0,15,0,0,5,0.023870977001934079,0.015810999999999999,0.0079459999999999999,31334400,NA,NA,NA,NA,NA,NA,NA,NA,192736,51085,1029,1,98c15b8b4636441c6e839c68a3bed9dee3bd8ae062882739073db7b7ed7d66f3
0,15,1,1,5,0.022217238001758233,0.011004,0.011106999999999999,30883840,NA,NA,NA,NA,NA,NA,NA,NA,192736,51085,1029,1,98c15b8b4636441c6e839c68a3bed9dee3bd8ae062882739073db7b7ed7d66f3
0,15,0,1,22,0.13673332799953641,0.10009699999999999,0.036503000000000001,57561088,NA,NA,NA,NA,NA,NA,NA,NA,1433848,711531,19202,64,7fe8e0e1367c4dc75afe736c0ee35e3a3755c0152301f3880ce2412132a22623
0,15,1,0,22,0.12895609500264982,0.10808799999999999,0.020732999999999998,58236928,NA,NA,NA,NA,NA,NA,NA,NA,1433848,711531,19202,64,7fe8e0e1367c4dc75afe736c0ee35e3a3755c0152301f3880ce2412132a22623
0,15,0,1,6,0.032184104002226377,0.019993,0.011996,31342592,NA,NA,NA,NA,NA,NA,NA,NA,126024,51085,1029,1,d6479df97612ac41a8966333a6ef58076a32dad29a20f6bc64e0a5b65673088c
0,15,1,0,6,0.031486725998547627,0.02351,0.0078359999999999992,31182848,NA,NA,NA,NA,NA,NA,NA,NA,126024,51085,1029,1,d6479df97612ac41a8966333a6ef58076a32dad29a20f6bc64e0a5b65673088c
0,15,0,0,0,0.016099347998533631,0.0078859999999999989,0.0080850000000000002,24936448,NA,NA,NA,NA,NA,NA,NA,NA,2008,133,5,1,a8c1633e798ef980493443e67e6fdb6eada42f775edf7051d304d09c3ddadf5a
0,15,1,1,0,0.01433891200213111,0.010770999999999999,0.0034679999999999997,24539136,NA,NA,NA,NA,NA,NA,NA,NA,2008,133,5,1,a8c1633e798ef980493443e67e6fdb6eada42f775edf7051d304d09c3ddadf5a
0,15,0,0,8,0.021586168000794714,0.007228,0.014244999999999999,31756288,NA,NA,NA,NA,NA,NA,NA,NA,98128,39898,2049,512,d54e0d3e437f1319c5e0037da4750229225984f79f1ebd587b1323affae587ab
0,15,1,1,8,0.022271637997619109,0.017745999999999998,0.0043709999999999999,31490048,NA,NA,NA,NA,NA,NA,NA,NA,98128,39898,2049,512,d54e0d3e437f1319c5e0037da4750229225984f79f1ebd587b1323affae587ab
0,15,0,0,23,0.14434708800035878,0.10423499999999999,0.039881,58593280,NA,NA,NA,NA,NA,NA,NA,NA,1433848,711531,19202,64,7fe8e0e1367c4dc75afe736c0ee35e3a3755c0152301f3880ce2412132a22623
0,15,1,1,23,0.13175394499921822,0.11970299999999999,0.011932,58609664,NA,NA,NA,NA,NA,NA,NA,NA,1433848,711531,19202,64,7fe8e0e1367c4dc75afe736c0ee35e3a3755c0152301f3880ce2412132a22623
0,15,0,1,12,0.031478603999858024,0.031359999999999999,0,31375360,NA,NA,NA,NA,NA,NA,NA,NA,313424,280189,4101,1,0f9e44f960c45a3ca86cde574970381ef909d64a6bb2d20a17395bced584502a
0,15,1,0,12,0.032215971001278376,0.019892,0.012201999999999999,31440896,NA,NA,NA,NA,NA,NA,NA,NA,313424,280189,4101,1,0f9e44f960c45a3ca86cde574970381ef909d64a6bb2d20a17395bced584502a
0,15,0,0,9,0.019668831999297254,0.0078230000000000001,0.011727999999999999,30543872,NA,NA,NA,NA,NA,NA,NA,NA,147280,39898,2049,512,02ee45f00f5fa967779eb017bd9c1965526161af8ee6a0f23a31a68b3dbbac77
0,15,1,1,9,0.021717958999943221,0.012947999999999999,0.0086490000000000004,30740480,NA,NA,NA,NA,NA,NA,NA,NA,147280,39898,2049,512,02ee45f00f5fa967779eb017bd9c1965526161af8ee6a0f23a31a68b3dbbac77
0,15,0,1,10,0.021630270002788166,0.017311999999999998,0.0041339999999999997,30486528,NA,NA,NA,NA,NA,NA,NA,NA,106320,39898,2049,512,7b8f1ead52d1f75ea51a9518f4611f96b3105a83b8e9ff16958705114f2a13b3
0,15,1,0,10,0.021571303001110209,0.021471000000000001,0,30609408,NA,NA,NA,NA,NA,NA,NA,NA,106320,39898,2049,512,7b8f1ead52d1f75ea51a9518f4611f96b3105a83b8e9ff16958705114f2a13b3
0,15,0,0,16,0.064194722002866911,0.056108999999999999,0.007984999999999999,43163648,NA,NA,NA,NA,NA,NA,NA,NA,1082000,235398,3329,64,0a2640f1e20aa1aa539adbeb18cdf2a1ebe47a1dc573029aa0c35ed433364c04
0,15,1,1,16,0.06201096099903225,0.045017999999999996,0.016840000000000001,43163648,NA,NA,NA,NA,NA,NA,NA,NA,1082000,235398,3329,64,0a2640f1e20aa1aa539adbeb18cdf2a1ebe47a1dc573029aa0c35ed433364c04
0,15,0,1,2,0.014660239998192992,0.0095309999999999995,0.005025,24608768,NA,NA,NA,NA,NA,NA,NA,NA,2008,133,5,1,8210b4f6eac12a20575e673437437e82cfff653da437ea17992a3aed56a99207
0,15,1,0,2,0.013849483999365475,0.0068820000000000001,0.0068820000000000001,24920064,NA,NA,NA,NA,NA,NA,NA,NA,2008,133,5,1,8210b4f6eac12a20575e673437437e82cfff653da437ea17992a3aed56a99207
0,15,0,0,11,0.019616991001385031,0.011694999999999999,0.0078329999999999997,30806016,NA,NA,NA,NA,NA,NA,NA,NA,106320,39898,2049,512,7b8f1ead52d1f75ea51a9518f4611f96b3105a83b8e9ff16958705114f2a13b3
0,15,1,1,11,0.019788583998888498,0.012086,0.007607,29888512,NA,NA,NA,NA,NA,NA,NA,NA,106320,39898,2049,512,7b8f1ead52d1f75ea51a9518f4611f96b3105a83b8e9ff16958705114f2a13b3
0,15,0,0,19,0.047539178998704301,0.035345000000000001,0.012088,41160704,NA,NA,NA,NA,NA,NA,NA,NA,742032,235398,3329,64,ef3fe9f327a6ee2b8ff8e0c5cce4ce61f805f0660ce139a533f5137453c188bc
0,15,1,1,19,0.048310245998436585,0.032187,0.016004000000000001,40890368,NA,NA,NA,NA,NA,NA,NA,NA,742032,235398,3329,64,ef3fe9f327a6ee2b8ff8e0c5cce4ce61f805f0660ce139a533f5137453c188bc
0,15,0,0,3,0.015110063999600243,0.014999,0,24784896,NA,NA,NA,NA,NA,NA,NA,NA,2008,133,5,1,8210b4f6eac12a20575e673437437e82cfff653da437ea17992a3aed56a99207
0,15,1,1,3,0.015093108999280958,0.0099019999999999993,0.0048919999999999996,24805376,NA,NA,NA,NA,NA,NA,NA,NA,2008,133,5,1,8210b4f6eac12a20575e673437437e82cfff653da437ea17992a3aed56a99207
0,16,0,1,17,0.065884834999451414,0.057306999999999997,0.0084770000000000002,41512960,NA,NA,NA,NA,NA,NA,NA,NA,1009296,235398,3329,64,46bbbc4439d5a1911d5728e76ba413a577b270d33a6d6f7287d5e66409ad1e95
0,16,1,0,17,0.055323357999441214,0.047229,0.0079819999999999995,41750528,NA,NA,NA,NA,NA,NA,NA,NA,1009296,235398,3329,64,46bbbc4439d5a1911d5728e76ba413a577b270d33a6d6f7287d5e66409ad1e95
0,16,0,0,4,0.031344504997832701,0.027504999999999998,0.0037269999999999998,28770304,NA,NA,NA,NA,NA,NA,NA,NA,163920,51085,1029,1,3469c6c02ad818b9b840f744b74781f39d0d6d69319fb824d729f7875274b381
0,16,1,1,4,0.030342758996994235,0.018897000000000001,0.011340999999999999,28786688,NA,NA,NA,NA,NA,NA,NA,NA,163920,51085,1029,1,3469c6c02ad818b9b840f744b74781f39d0d6d69319fb824d729f7875274b381
0,16,0,0,15,0.024060252999333898,0.020163999999999998,0.0037659999999999998,32423936,NA,NA,NA,NA,NA,NA,NA,NA,247896,280189,4101,1,cf0f1cc1e290dce65809b3140c6f2dc9062a9f452120988a3a869e7faab69134
0,16,1,1,15,0.024658334998093778,0.017416000000000001,0.0071199999999999996,32288768,NA,NA,NA,NA,NA,NA,NA,NA,247896,280189,4101,1,cf0f1cc1e290dce65809b3140c6f2dc9062a9f452120988a3a869e7faab69134
0,16,0,1,16,0.063798427003348479,0.047516999999999997,0.016157999999999999,43147264,NA,NA,NA,NA,NA,NA,NA,NA,1082000,235398,3329,64,0a2640f1e20aa1aa539adbeb18cdf2a1ebe47a1dc573029aa0c35ed433364c04
0,16,1,0,16,0.062441537000267999,0.054281999999999997,0.0080439999999999991,43053056,NA,NA,NA,NA,NA,NA,NA,NA,1082000,235398,3329,64,0a2640f1e20aa1aa539adbeb18cdf2a1ebe47a1dc573029aa0c35ed433364c04
0,16,0,0,7,0.023070264000125462,0.01512,0.0078289999999999992,31391744,NA,NA,NA,NA,NA,NA,NA,NA,126024,51085,1029,1,d6479df97612ac41a8966333a6ef58076a32dad29a20f6bc64e0a5b65673088c
0,16,1,1,7,0.023307843002839945,0.019363999999999999,0.0038009999999999997,31277056,NA,NA,NA,NA,NA,NA,NA,NA,126024,51085,1029,1,d6479df97612ac41a8966333a6ef58076a32dad29a20f6bc64e0a5b65673088c
0,16,0,1,5,0.02340388599986909,0.019380999999999999,0.0039160000000000002,31068160,NA,NA,NA,NA,NA,NA,NA,NA,192736,51085,1029,1,98c15b8b4636441c6e839c68a3bed9dee3bd8ae062882739073db7b7ed7d66f3
0,16,1,0,5,0.022241370999836363,0.013372,0.0087259999999999994,31277056,NA,NA,NA,NA,NA,NA,NA,NA,192736,51085,1029,1,98c15b8b4636441c6e839c68a3bed9dee3bd8ae062882739073db7b7ed7d66f3
0,16,0,1,3,0.013784729999315459,0.0034189999999999997,0.010272,24768512,NA,NA,NA,NA,NA,NA,NA,NA,2008,133,5,1,8210b4f6eac12a20575e673437437e82cfff653da437ea17992a3aed56a99207
0,16,1,0,3,0.013796325998555403,0.013685999999999999,0,24793088,NA,NA,NA,NA,NA,NA,NA,NA,2008,133,5,1,8210b4f6eac12a20575e673437437e82cfff653da437ea17992a3aed56a99207
0,16,0,1,6,0.027353429999493528,0.016621,0.010633,30425088,NA,NA,NA,NA,NA,NA,NA,NA,126024,51085,1029,1,d6479df97612ac41a8966333a6ef58076a32dad29a20f6bc64e0a5b65673088c
0,16,1,0,6,0.022983614999247948,0.018341,0.0045119999999999995,31211520,NA,NA,NA,NA,NA,NA,NA,NA,126024,51085,1029,1,d6479df97612ac41a8966333a6ef58076a32dad29a20f6bc64e0a5b65673088c
0,16,0,1,11,0.021375333999458235,0.012364,0.0084700000000000001,30593024,NA,NA,NA,NA,NA,NA,NA,NA,106320,39898,2049,512,7b8f1ead52d1f75ea51a9518f4611f96b3105a83b8e9ff16958705114f2a13b3
0,16,1,0,11,0.020689912998932414,0.016357999999999998,0.0042329999999999998,30593024,NA,NA,NA,NA,NA,NA,NA,NA,106320,39898,2049,512,7b8f1ead52d1f75ea51a9518f4611f96b3105a83b8e9ff16958705114f2a13b3
0,16,0,0,22,0.12659661499856156,0.095183999999999991,0.031290999999999999,58404864,NA,NA,NA,NA,NA,NA,NA,NA,1433848,711531,19202,64,7fe8e0e1367c4dc75afe736c0ee35e3a3755c0152301f3880ce2412132a22623
0,16,1,1,22,0.10815226900012931,0.079808999999999991,0.028154999999999999,58441728,NA,NA,NA,NA,NA,NA,NA,NA,1433848,711531,19202,64,7fe8e0e1367c4dc75afe736c0ee35e3a3755c0152301f3880ce2412132a22623
0,16,0,0,10,0.020763040000019828,0.012657999999999999,0.0079760000000000005,30543872,NA,NA,NA,NA,NA,NA,NA,NA,106320,39898,2049,512,7b8f1ead52d1f75ea51a9518f4611f96b3105a83b8e9ff16958705114f2a13b3
0,16,1,1,10,0.019642167000711197,0.011899999999999999,0.007646,30674944,NA,NA,NA,NA,NA,NA,NA,NA,106320,39898,2049,512,7b8f1ead52d1f75ea51a9518f4611f96b3105a83b8e9ff16958705114f2a13b3
0,16,0,0,18,0.047507152001344366,0.031460999999999996,0.01592,41095168,NA,NA,NA,NA,NA,NA,NA,NA,742032,235398,3329,64,ef3fe9f327a6ee2b8ff8e0c5cce4ce61f805f0660ce139a533f5137453c188bc
0,16,1,1,18,0.048495729999558534,0.037524999999999996,0.010865,40833024,NA,NA,NA,NA,NA,NA,NA,NA,742032,235398,3329,64,ef3fe9f327a6ee2b8ff8e0c5cce4ce61f805f0660ce139a533f5137453c188bc
0,16,0,1,13,0.022686907999741379,0.018009000000000001,0.0045360000000000001,32423936,NA,NA,NA,NA,NA,NA,NA,NA,313536,280189,4101,1,5a04cd3dab823e43a4d317f4a27057eec5b1fcaecf9843229a14a897b95f1f29
0,16,1,0,13,0.022448806997999782,0.022329999999999999,0,32329728,NA,NA,NA,NA,NA,NA,NA,NA,313536,280189,4101,1,5a04cd3dab823e43a4d317f4a27057eec5b1fcaecf9843229a14a897b95f1f29
0,16,0,0,21,0.10538343599910149,0.080890999999999991,0.024358999999999999,60436480,NA,NA,NA,NA,NA,NA,NA,NA,2209528,711531,19202,64,955dcf7525f03629d689feea1585905e0b8700805efb32f241197b1ebcb41ffa
0,16,1,1,21,0.36423651299992343,0.170094,0.18803599999999998,60375040,NA,NA,NA,NA,NA,NA,NA,NA,2209528,711531,19202,64,955dcf7525f03629d689feea1585905e0b8700805efb32f241197b1ebcb41ffa
0,16,0,0,19,0.078102612002112437,0.031046999999999998,0.046768999999999998,41099264,NA,NA,NA,NA,NA,NA,NA,NA,742032,235398,3329,64,ef3fe9f327a6ee2b8ff8e0c5cce4ce61f805f0660ce139a533f5137453c188bc
0,16,1,1,19,0.05316202099857037,0.037337999999999996,0.015695000000000001,41095168,NA,NA,NA,NA,NA,NA,NA,NA,742032,235398,3329,64,ef3fe9f327a6ee2b8ff8e0c5cce4ce61f805f0660ce139a533f5137453c188bc
0,16,0,1,0,0.01682512399929692,0.010133999999999999,0.0065639999999999995,24797184,NA,NA,NA,NA,NA,NA,NA,NA,2008,133,5,1,a8c1633e798ef980493443e67e6fdb6eada42f775edf7051d304d09c3ddadf5a
0,16,1,0,0,0.015552607001154684,0.007744,0.0076,24936448,NA,NA,NA,NA,NA,NA,NA,NA,2008,133,5,1,a8c1633e798ef980493443e67e6fdb6eada42f775edf7051d304d09c3ddadf5a
0,16,0,0,20,0.17184973400071613,0.124347,0.047370999999999996,60444672,NA,NA,NA,NA,NA,NA,NA,NA,1746680,711531,19202,64,e4041ce2b5b6df572ca4d0ca66e6006ad368116646e82963f7e9550b84ab78ca
0,16,1,1,20,0.14355103499838151,0.12771199999999999,0.015678000000000001,60207104,NA,NA,NA,NA,NA,NA,NA,NA,1746680,711531,19202,64,e4041ce2b5b6df572ca4d0ca66e6006ad368116646e82963f7e9550b84ab78ca
0,16,0,1,23,0.12814961600088282,0.11572399999999999,0.012232999999999999,58400768,NA,NA,NA,NA,NA,NA,NA,NA,1433848,711531,19202,64,7fe8e0e1367c4dc75afe736c0ee35e3a3755c0152301f3880ce2412132a22623
0,16,1,0,23,0.14247576900015702,0.126607,0.015737000000000001,58675200,NA,NA,NA,NA,NA,NA,NA,NA,1433848,711531,19202,64,7fe8e0e1367c4dc75afe736c0ee35e3a3755c0152301f3880ce2412132a22623
0,16,0,1,9,0.027587813001446193,0.011715,0.015724999999999999,30740480,NA,NA,NA,NA,NA,NA,NA,NA,147280,39898,2049,512,02ee45f00f5fa967779eb017bd9c1965526161af8ee6a0f23a31a68b3dbbac77
0,16,1,0,9,0.027837777000968345,0.019791,0.0079159999999999994,30806016,NA,NA,NA,NA,NA,NA,NA,NA,147280,39898,2049,512,02ee45f00f5fa967779eb017bd9c1965526161af8ee6a0f23a31a68b3dbbac77
0,16,0,1,8,0.023063389002345502,0.011568,0.011368999999999999,31805440,NA,NA,NA,NA,NA,NA,NA,NA,98128,39898,2049,512,d54e0d3e437f1319c5e0037da4750229225984f79f1ebd587b1323affae587ab
0,16,1,0,8,0.02075096000044141,0.012355,0.0082989999999999991,31686656,NA,NA,NA,NA,NA,NA,NA,NA,98128,39898,2049,512,d54e0d3e437f1319c5e0037da4750229225984f79f1ebd587b1323affae587ab
0,16,0,1,1,0.013523265002731932,0.0033659999999999996,0.010033,24612864,NA,NA,NA,NA,NA,NA,NA,NA,2056,133,5,1,6b21b079ef6f8f7f055926600e53b906dd7be041e021dd2791b7aa8c55e24585
0,16,1,0,1,0.014022231000126339,0.0094609999999999989,0.0044669999999999996,24674304,NA,NA,NA,NA,NA,NA,NA,NA,2056,133,5,1,6b21b079ef6f8f7f055926600e53b906dd7be041e021dd2791b7aa8c55e24585
0,16,0,1,2,0.013359132997720735,0.0033969999999999998,0.009868,24702976,NA,NA,NA,NA,NA,NA,NA,NA,2008,133,5,1,8210b4f6eac12a20575e673437437e82cfff653da437ea17992a3aed56a99207
0,16,1,0,2,0.013347976997465594,0.0088409999999999999,0.0044199999999999995,24805376,NA,NA,NA,NA,NA,NA,NA,NA,2008,133,5,1,8210b4f6eac12a20575e673437437e82cfff653da437ea17992a3aed56a99207
0,16,0,0,14,0.022957883000344737,0.019039999999999998,0.00381,32284672,NA,NA,NA,NA,NA,NA,NA,NA,247896,280189,4101,1,cf0f1cc1e290dce65809b3140c6f2dc9062a9f452120988a3a869e7faab69134
0,16,1,1,14,0.023799263999535469,0.0040079999999999994,0.019682999999999999,31948800,NA,NA,NA,NA,NA,NA,NA,NA,247896,280189,4101,1,cf0f1cc1e290dce65809b3140c6f2dc9062a9f452120988a3a869e7faab69134
0,16,0,0,12,0.032559646999288816,0.024279999999999999,0.0081519999999999995,31473664,NA,NA,NA,NA,NA,NA,NA,NA,313424,280189,4101,1,0f9e44f960c45a3ca86cde574970381ef909d64a6bb2d20a17395bced584502a
0,16,1,1,12,0.034498516000894597,0.022834,0.011528999999999999,31506432,NA,NA,NA,NA,NA,NA,NA,NA,313424,280189,4101,1,0f9e44f960c45a3ca86cde574970381ef909d64a6bb2d20a17395bced584502a
0,17,0,0,13,0.02506264600015129,0.016465999999999998,0.0084510000000000002,32030720,NA,NA,NA,NA,NA,NA,NA,NA,313536,280189,4101,1,5a04cd3dab823e43a4d317f4a27057eec5b1fcaecf9843229a14a897b95f1f29
0,17,1,1,13,0.024527506000595167,0.011828,0.012591,32489472,NA,NA,NA,NA,NA,NA,NA,NA,313536,280189,4101,1,5a04cd3dab823e43a4d317f4a27057eec5b1fcaecf9843229a14a897b95f1f29
0,17,0,1,10,0.020255430001270724,0.0081419999999999999,0.012008,30400512,NA,NA,NA,NA,NA,NA,NA,NA,106320,39898,2049,512,7b8f1ead52d1f75ea51a9518f4611f96b3105a83b8e9ff16958705114f2a13b3
0,17,1,0,10,0.022093839001172455,0.012936999999999999,0.0090539999999999995,30609408,NA,NA,NA,NA,NA,NA,NA,NA,106320,39898,2049,512,7b8f1ead52d1f75ea51a9518f4611f96b3105a83b8e9ff16958705114f2a13b3
0,17,0,0,17,0.056762305997835938,0.033477,0.023175999999999999,41422848,NA,NA,NA,NA,NA,NA,NA,NA,1009296,235398,3329,64,46bbbc4439d5a1911d5728e76ba413a577b270d33a6d6f7287d5e66409ad1e95
0,17,1,1,17,0.054845590999320848,0.035158000000000002,0.019569,41816064,NA,NA,NA,NA,NA,NA,NA,NA,1009296,235398,3329,64,46bbbc4439d5a1911d5728e76ba413a577b270d33a6d6f7287d5e66409ad1e95
0,17,0,1,18,0.048670377000235021,0.037006999999999998,0.011556,41127936,NA,NA,NA,NA,NA,NA,NA,NA,742032,235398,3329,64,ef3fe9f327a6ee2b8ff8e0c5cce4ce61f805f0660ce139a533f5137453c188bc
0,17,1,0,18,0.049684833000355866,0.037040999999999998,0.012520999999999999,41160704,NA,NA,NA,NA,NA,NA,NA,NA,742032,235398,3329,64,ef3fe9f327a6ee2b8ff8e0c5cce4ce61f805f0660ce139a533f5137453c188bc
0,17,0,1,15,0.030769048000365729,0.022452,0.008182,32292864,NA,NA,NA,NA,NA,NA,NA,NA,247896,280189,4101,1,cf0f1cc1e290dce65809b3140c6f2dc9062a9f452120988a3a869e7faab69134
0,17,1,0,15,0.025409036999917589,0.016858999999999999,0.0084370000000000001,32419840,NA,NA,NA,NA,NA,NA,NA,NA,247896,280189,4101,1,cf0f1cc1e290dce65809b3140c6f2dc9062a9f452120988a3a869e7faab69134
0,17,0,0,8,0.022993426002358319,0.010980999999999999,0.011904999999999999,31854592,NA,NA,NA,NA,NA,NA,NA,NA,98128,39898,2049,512,d54e0d3e437f1319c5e0037da4750229225984f79f1ebd587b1323affae587ab
0,17,1,1,8,0.023675862001255155,0.0071439999999999993,0.016371999999999998,31748096,NA,NA,NA,NA,NA,NA,NA,NA,98128,39898,2049,512,d54e0d3e437f1319c5e0037da4750229225984f79f1ebd587b1323affae587ab
0,17,0,1,14,0.03432417899966822,0.029680999999999999,0.004509,32292864,NA,NA,NA,NA,NA,NA,NA,NA,247896,280189,4101,1,cf0f1cc1e290dce65809b3140c6f2dc9062a9f452120988a3a869e7faab69134
0,17,1,0,14,0.027289878998999484,0.023275000000000001,0.0038789999999999996,32190464,NA,NA,NA,NA,NA,NA,NA,NA,247896,280189,4101,1,cf0f1cc1e290dce65809b3140c6f2dc9062a9f452120988a3a869e7faab69134
0,17,0,1,19,0.051313002997630974,0.035196999999999999,0.015949999999999999,41185280,NA,NA,NA,NA,NA,NA,NA,NA,742032,235398,3329,64,ef3fe9f327a6ee2b8ff8e0c5cce4ce61f805f0660ce139a533f5137453c188bc
0,17,1,0,19,0.047497036997810937,0.035562999999999997,0.011762,41070592,NA,NA,NA,NA,NA,NA,NA,NA,742032,235398,3329,64,ef3fe9f327a6ee2b8ff8e0c5cce4ce61f805f0660ce139a533f5137453c188bc
0,17,0,1,12,0.031330565998359816,0.023358,0.0078079999999999998,31244288,NA,NA,NA,NA,NA,NA,NA,NA,313424,280189,4101,1,0f9e44f960c45a3ca86cde574970381ef909d64a6bb2d20a17395bced584502a
0,17,1,0,12,0.031480125999223674,0.023379999999999998,0.0079639999999999989,31178752,NA,NA,NA,NA,NA,NA,NA,NA,313424,280189,4101,1,0f9e44f960c45a3ca86cde574970381ef909d64a6bb2d20a17395bced584502a
0,17,0,0,23,0.14702058300099452,0.112317,0.034509999999999999,58589184,NA,NA,NA,NA,NA,NA,NA,NA,1433848,711531,19202,64,7fe8e0e1367c4dc75afe736c0ee35e3a3755c0152301f3880ce2412132a22623
0,17,1,1,23,0.12891034199856222,0.096278000000000002,0.032424999999999995,58675200,NA,NA,NA,NA,NA,NA,NA,NA,1433848,711531,19202,64,7fe8e0e1367c4dc75afe736c0ee35e3a3755c0152301f3880ce2412132a22623
0,17,0,0,1,0.014089610001974506,0.0035399999999999997,0.010419999999999999,24805376,NA,NA,NA,NA,NA,NA,NA,NA,2056,133,5,1,6b21b079ef6f8f7f055926600e53b906dd7be041e021dd2791b7aa8c55e24585
0,17,1,1,1,0.013504517999535892,0.013403999999999999,0,24690688,NA,NA,NA,NA,NA,NA,NA,NA,2056,133,5,1,6b21b079ef6f8f7f055926600e53b906dd7be041e021dd2791b7aa8c55e24585
0,17,0,1,21,0.10523319799904129,0.068814,0.036242999999999997,59658240,NA,NA,NA,NA,NA,NA,NA,NA,2209528,711531,19202,64,955dcf7525f03629d689feea1585905e0b8700805efb32f241197b1ebcb41ffa
0,17,1,0,21,0.10711983000146574,0.098839999999999997,0.0081069999999999996,60444672,NA,NA,NA,NA,NA,NA,NA,NA,2209528,711531,19202,64,955dcf7525f03629d689feea1585905e0b8700805efb32f241197b1ebcb41ffa
0,17,0,0,5,0.022068382000725251,0.014631,0.0073009999999999993,31145984,NA,NA,NA,NA,NA,NA,NA,NA,192736,51085,1029,1,98c15b8b4636441c6e839c68a3bed9dee3bd8ae062882739073db7b7ed7d66f3
0,17,1,1,5,0.02393082799972035,0.019765999999999999,0.0040379999999999999,31371264,NA,NA,NA,NA,NA,NA,NA,NA,192736,51085,1029,1,98c15b8b4636441c6e839c68a3bed9dee3bd8ae062882739073db7b7ed7d66f3
0,17,0,0,11,0.019417603998590494,0.019306,0,30674944,NA,NA,NA,NA,NA,NA,NA,NA,106320,39898,2049,512,7b8f1ead52d1f75ea51a9518f4611f96b3105a83b8e9ff16958705114f2a13b3
0,17,1,1,11,0.018785201998980483,0.014929999999999999,0.0037419999999999997,30674944,NA,NA,NA,NA,NA,NA,NA,NA,106320,39898,2049,512,7b8f1ead52d1f75ea51a9518f4611f96b3105a83b8e9ff16958705114f2a13b3
0,17,0,0,6,0.022433220001403242,0.011132999999999999,0.011139,31145984,NA,NA,NA,NA,NA,NA,NA,NA,126024,51085,1029,1,d6479df97612ac41a8966333a6ef58076a32dad29a20f6bc64e0a5b65673088c
0,17,1,1,6,0.022620576000917936,0.014914,0.0075819999999999993,30908416,NA,NA,NA,NA,NA,NA,NA,NA,126024,51085,1029,1,d6479df97612ac41a8966333a6ef58076a32dad29a20f6bc64e0a5b65673088c
0,17,0,0,3,0.013455815998895559,0.013339,0,24846336,NA,NA,NA,NA,NA,NA,NA,NA,2008,133,5,1,8210b4f6eac12a20575e673437437e82cfff653da437ea17992a3aed56a99207
0,17,1,1,3,0.013698122998903273,0.010156999999999999,0.0034269999999999999,24739840,NA,NA,NA,NA,NA,NA,NA,NA,2008,133,5,1,8210b4f6eac12a20575e673437437e82cfff653da437ea17992a3aed56a99207
0,17,0,1,7,0.022650100003374973,0.015057999999999998,0.0074819999999999999,31240192,NA,NA,NA,NA,NA,NA,NA,NA,126024,51085,1029,1,d6479df97612ac41a8966333a6ef58076a32dad29a20f6bc64e0a5b65673088c
0,17,1,0,7,0.023386646000290057,0.015834000000000001,0.0074289999999999998,31444992,NA,NA,NA,NA,NA,NA,NA,NA,126024,51085,1029,1,d6479df97612ac41a8966333a6ef58076a32dad29a20f6bc64e0a5b65673088c
0,17,0,1,22,0.11824241599970264,0.094497999999999999,0.023635999999999997,57561088,NA,NA,NA,NA,NA,NA,NA,NA,1433848,711531,19202,64,7fe8e0e1367c4dc75afe736c0ee35e3a3755c0152301f3880ce2412132a22623
0,17,1,0,22,0.19105534700065618,0.173123,0.017793,58347520,NA,NA,NA,NA,NA,NA,NA,NA,1433848,711531,19202,64,7fe8e0e1367c4dc75afe736c0ee35e3a3755c0152301f3880ce2412132a22623
0,17,0,0,16,0.061228559003211558,0.053101999999999996,0.0080009999999999994,43102208,NA,NA,NA,NA,NA,NA,NA,NA,1082000,235398,3329,64,0a2640f1e20aa1aa539adbeb18cdf2a1ebe47a1dc573029aa0c35ed433364c04
0,17,1,1,16,0.058712500998808537,0.054633999999999995,0.0039639999999999996,42864640,NA,NA,NA,NA,NA,NA,NA,NA,1082000,235398,3329,64,0a2640f1e20aa1aa539adbeb18cdf2a1ebe47a1dc573029aa0c35ed433364c04
0,17,0,0,0,0.014090250999288401,0.0068649999999999996,0.0069969999999999997,24756224,NA,NA,NA,NA,NA,NA,NA,NA,2008,133,5,1,a8c1633e798ef980493443e67e6fdb6eada42f775edf7051d304d09c3ddadf5a
0,17,1,1,0,0.013173409999581054,0.0086759999999999997,0.0044190000000000002,24805376,NA,NA,NA,NA,NA,NA,NA,NA,2008,133,5,1,a8c1633e798ef980493443e67e6fdb6eada42f775edf7051d304d09c3ddadf5a
0,17,0,1,20,0.13955712700044387,0.12421199999999999,0.015243,60416000,NA,NA,NA,NA,NA,NA,NA,NA,1746680,711531,19202,64,e4041ce2b5b6df572ca4d0ca66e6006ad368116646e82963f7e9550b84ab78ca
0,17,1,0,20,0.12970628599941847,0.10227599999999999,0.027311999999999999,60297216,NA,NA,NA,NA,NA,NA,NA,NA,1746680,711531,19202,64,e4041ce2b5b6df572ca4d0ca66e6006ad368116646e82963f7e9550b84ab78ca
0,17,0,0,2,0.014271248001023196,0.014133,0,24936448,NA,NA,NA,NA,NA,NA,NA,NA,2008,133,5,1,8210b4f6eac12a20575e673437437e82cfff653da437ea17992a3aed56a99207
0,17,1,1,2,0.013651764998940052,0.0068539999999999998,0.0066899999999999998,24731648,NA,NA,NA,NA,NA,NA,NA,NA,2008,133,5,1,8210b4f6eac12a20575e673437437e82cfff653da437ea17992a3aed56a99207
0,17,0,0,9,0.019315142999403179,0.015318999999999999,0.003888,30617600,NA,NA,NA,NA,NA,NA,NA,NA,147280,39898,2049,512,02ee45f00f5fa967779eb017bd9c1965526161af8ee6a0f23a31a68b3dbbac77
0,17,1,1,9,0.018785132000630256,0.014896999999999999,0.0037959999999999999,30420992,NA,NA,NA,NA,NA,NA,NA,NA,147280,39898,2049,512,02ee45f00f5fa967779eb017bd9c1965526161af8ee6a0f23a31a68b3dbbac77
0,17,0,1,4,0.028063228997780243,0.019949999999999999,0.0080199999999999994,28655616,NA,NA,NA,NA,NA,NA,NA,NA,163920,51085,1029,1,3469c6c02ad818b9b840f744b74781f39d0d6d69319fb824d729f7875274b381
0,17,1,0,4,0.029818185998010449,0.021214,0.0084379999999999993,28917760,NA,NA,NA,NA,NA,NA,NA,NA,163920,51085,1029,1,3469c6c02ad818b9b840f744b74781f39d0d6d69319fb824d729f7875274b381
0,18,0,1,19,0.048012025999923935,0.036073999999999995,0.011833999999999999,40833024,NA,NA,NA,NA,NA,NA,NA,NA,742032,235398,3329,64,ef3fe9f327a6ee2b8ff8e0c5cce4ce61f805f0660ce139a533f5137453c188bc
0,18,1,0,19,0.048501167999347672,0.032103,0.016274999999999998,41037824,NA,NA,NA,NA,NA,NA,NA,NA,742032,235398,3329,64,ef3fe9f327a6ee2b8ff8e0c5cce4ce61f805f0660ce139a533f5137453c188bc
0,18,0,0,10,0.021456910999404499,0.012742,0.0085789999999999998,30609408,NA,NA,NA,NA,NA,NA,NA,NA,106320,39898,2049,512,7b8f1ead52d1f75ea51a9518f4611f96b3105a83b8e9ff16958705114f2a13b3
0,18,1,1,10,0.021934465003141668,0.018283999999999998,0.0035229999999999997,30547968,NA,NA,NA,NA,NA,NA,NA,NA,106320,39898,2049,512,7b8f1ead52d1f75ea51a9518f4611f96b3105a83b8e9ff16958705114f2a13b3
0,18,0,0,3,0.014486464999208692,0.014383999999999999,0,24829952,NA,NA,NA,NA,NA,NA,NA,NA,2008,133,5,1,8210b4f6eac12a20575e673437437e82cfff653da437ea17992a3aed56a99207
0,18,1,1,3,0.016584809000050882,0.008404,0.008069999999999999,24870912,NA,NA,NA,NA,NA,NA,NA,NA,2008,133,5,1,8210b4f6eac12a20575e673437437e82cfff653da437ea17992a3aed56a99207
0,18,0,0,21,0.10697012899981928,0.082738999999999993,0.024114999999999998,60575744,NA,NA,NA,NA,NA,NA,NA,NA,2209528,711531,19202,64,955dcf7525f03629d689feea1585905e0b8700805efb32f241197b1ebcb41ffa
0,18,1,1,21,0.10728660499808029,0.079267999999999991,0.027875999999999998,60510208,NA,NA,NA,NA,NA,NA,NA,NA,2209528,711531,19202,64,955dcf7525f03629d689feea1585905e0b8700805efb32f241197b1ebcb41ffa
0,18,0,1,20,0.13751646899982006,0.121125,0.016250000000000001,59658240,NA,NA,NA,NA,NA,NA,NA,NA,1746680,711531,19202,64,e4041ce2b5b6df572ca4d0ca66e6006ad368116646e82963f7e9550b84ab78ca
0,18,1,0,20,0.13447366300169961,0.117767,0.016365999999999999,59920384,NA,NA,NA,NA,NA,NA,NA,NA,1746680,711531,19202,64,e4041ce2b5b6df572ca4d0ca66e6006ad368116646e82963f7e9550b84ab78ca
0,18,0,0,17,0.056170153002312873,0.051826999999999998,0.0042249999999999996,41816064,NA,NA,NA,NA,NA,NA,NA,NA,1009296,235398,3329,64,46bbbc4439d5a1911d5728e76ba413a577b270d33a6d6f7287d5e66409ad1e95
0,18,1,1,17,0.053217569999105763,0.041923999999999996,0.011188999999999999,41029632,NA,NA,NA,NA,NA,NA,NA,NA,1009296,235398,3329,64,46bbbc4439d5a1911d5728e76ba413a577b270d33a6d6f7287d5e66409ad1e95
0,18,0,1,6,0.022701926001900574,0.011417999999999999,0.011125999999999999,31137792,NA,NA,NA,NA,NA,NA,NA,NA,126024,51085,1029,1,d6479df97612ac41a8966333a6ef58076a32dad29a20f6bc64e0a5b65673088c
0,18,1,0,6,0.022761252999771386,0.015165999999999999,0.0074779999999999994,31145984,NA,NA,NA,NA,NA,NA,NA,NA,126024,51085,1029,1,d6479df97612ac41a8966333a6ef58076a32dad29a20f6bc64e0a5b65673088c
0,18,0,1,12,0.031536950002191588,0.019692999999999999,0.011746999999999999,31637504,NA,NA,NA,NA,NA,NA,NA,NA,313424,280189,4101,1,0f9e44f960c45a3ca86cde574970381ef909d64a6bb2d20a17395bced584502a
0,18,1,0,12,0.031311968999943929,0.015646,0.015561999999999999,31526912,NA,NA,NA,NA,NA,NA,NA,NA,313424,280189,4101,1,0f9e44f960c45a3ca86cde574970381ef909d64a6bb2d20a17395bced584502a
0,18,0,1,16,0.061761625998769887,0.050217999999999999,0.011436999999999999,43241472,NA,NA,NA,NA,NA,NA,NA,NA,1082000,235398,3329,64,0a2640f1e20aa1aa539adbeb18cdf2a1ebe47a1dc573029aa0c35ed433364c04
0,18,1,0,16,0.059830488000443438,0.043964999999999997,0.015741999999999999,43171840,NA,NA,NA,NA,NA,NA,NA,NA,1082000,235398,3329,64,0a2640f1e20aa1aa539adbeb18cdf2a1ebe47a1dc573029aa0c35ed433364c04
0,18,0,1,0,0.0138913880000473,0.0034589999999999998,0.010303999999999999,24801280,NA,NA,NA,NA,NA,NA,NA,NA,2008,133,5,1,a8c1633e798ef980493443e67e6fdb6eada42f775edf7051d304d09c3ddadf5a
0,18,1,0,0,0.015935981002257904,0.012556999999999999,0.003274,24764416,NA,NA,NA,NA,NA,NA,NA,NA,2008,133,5,1,a8c1633e798ef980493443e67e6fdb6eada42f775edf7051d304d09c3ddadf5a
0,18,0,0,22,0.11241125999731594,0.096308999999999992,0.015982,58355712,NA,NA,NA,NA,NA,NA,NA,NA,1433848,711531,19202,64,7fe8e0e1367c4dc75afe736c0ee35e3a3755c0152301f3880ce2412132a22623
0,18,1,1,22,0.10887950400137925,0.100591,0.0081799999999999998,58302464,NA,NA,NA,NA,NA,NA,NA,NA,1433848,711531,19202,64,7fe8e0e1367c4dc75afe736c0ee35e3a3755c0152301f3880ce2412132a22623
0,18,0,1,1,0.01337000000057742,0.0066339999999999993,0.0066339999999999993,24596480,NA,NA,NA,NA,NA,NA,NA,NA,2056,133,5,1,6b21b079ef6f8f7f055926600e53b906dd7be041e021dd2791b7aa8c55e24585
0,18,1,0,1,0.016524378999747569,0.016445999999999999,0,24657920,NA,NA,NA,NA,NA,NA,NA,NA,2056,133,5,1,6b21b079ef6f8f7f055926600e53b906dd7be041e021dd2791b7aa8c55e24585
0,18,0,0,15,0.024428781001915922,0.012062999999999999,0.012279,32292864,NA,NA,NA,NA,NA,NA,NA,NA,247896,280189,4101,1,cf0f1cc1e290dce65809b3140c6f2dc9062a9f452120988a3a869e7faab69134
0,18,1,1,15,0.024205011999583803,0.016109999999999999,0.0079969999999999989,32391168,NA,NA,NA,NA,NA,NA,NA,NA,247896,280189,4101,1,cf0f1cc1e290dce65809b3140c6f2dc9062a9f452120988a3a869e7faab69134
0,18,0,1,8,0.020970353001757758,0.0084499999999999992,0.012425,31784960,NA,NA,NA,NA,NA,NA,NA,NA,98128,39898,2049,512,d54e0d3e437f1319c5e0037da4750229225984f79f1ebd587b1323affae587ab
0,18,1,0,8,0.022193357002834091,0.018380000000000001,0.0037239999999999999,31842304,NA,NA,NA,NA,NA,NA,NA,NA,98128,39898,2049,512,d54e0d3e437f1319c5e0037da4750229225984f79f1ebd587b1323affae587ab
0,18,0,0,13,0.02674599699821556,0.023250999999999997,0.0033989999999999997,32485376,NA,NA,NA,NA,NA,NA,NA,NA,313536,280189,4101,1,5a04cd3dab823e43a4d317f4a27057eec5b1fcaecf9843229a14a897b95f1f29
0,18,1,1,13,0.024820799997542053,0.017665999999999998,0.0070529999999999994,32358400,NA,NA,NA,NA,NA,NA,NA,NA,313536,280189,4101,1,5a04cd3dab823e43a4d317f4a27057eec5b1fcaecf9843229a14a897b95f1f29
0,18,0,1,14,0.024267344000691082,0.015994999999999999,0.0081759999999999992,32264192,NA,NA,NA,NA,NA,NA,NA,NA,247896,280189,4101,1,cf0f1cc1e290dce65809b3140c6f2dc9062a9f452120988a3a869e7faab69134
0,18,1,0,14,0.023974491999979364,0.015803999999999999,0.0080739999999999996,32227328,NA,NA,NA,NA,NA,NA,NA,NA,247896,280189,4101,1,cf0f1cc1e290dce65809b3140c6f2dc9062a9f452120988a3a869e7faab69134
0,18,0,1,2,0.016797184998722514,0.012026,0.0046800000000000001,24727552,NA,NA,NA,NA,NA,NA,NA,NA,2008,133,5,1,8210b4f6eac12a20575e673437437e82cfff653da437ea17992a3aed56a99207
0,18,1,0,2,0.014103909001278225,0.0035689999999999997,0.010452999999999999,24915968,NA,NA,NA,NA,NA,NA,NA,NA,2008,133,5,1,8210b4f6eac12a20575e673437437e82cfff653da437ea17992a3aed56a99207
0,18,0,1,5,0.023205451001558686,0.0093439999999999999,0.013777999999999999,31080448,NA,NA,NA,NA,NA,NA,NA,NA,192736,51085,1029,1,98c15b8b4636441c6e839c68a3bed9dee3bd8ae062882739073db7b7ed7d66f3
0,18,1,0,5,0.024808605001453543,0.016891,0.0077839999999999993,31211520,NA,NA,NA,NA,NA,NA,NA,NA,192736,51085,1029,1,98c15b8b4636441c6e839c68a3bed9dee3bd8ae062882739073db7b7ed7d66f3
0,18,0,0,7,0.023847077001846628,0.015585999999999999,0.0081309999999999993,31465472,NA,NA,NA,NA,NA,NA,NA,NA,126024,51085,1029,1,d6479df97612ac41a8966333a6ef58076a32dad29a20f6bc64e0a5b65673088c
0,18,1,1,7,0.022662579998723231,0.01354,0.0090019999999999996,31277056,NA,NA,NA,NA,NA,NA,NA,NA,126024,51085,1029,1,d6479df97612ac41a8966333a6ef58076a32dad29a20f6bc64e0a5b65673088c
0,18,0,1,18,0.047465637999266619,0.035515999999999999,0.011849999999999999,40972288,NA,NA,NA,NA,NA,NA,NA,NA,742032,235398,3329,64,ef3fe9f327a6ee2b8ff8e0c5cce4ce61f805f0660ce139a533f5137453c188bc
0,18,1,0,18,0.048162064002099214,0.043971999999999997,0.004071,41005056,NA,NA,NA,NA,NA,NA,NA,NA,742032,235398,3329,64,ef3fe9f327a6ee2b8ff8e0c5cce4ce61f805f0660ce139a533f5137453c188bc
0,18,0,0,11,0.020584066001902102,0.0040629999999999998,0.016389000000000001,30617600,NA,NA,NA,NA,NA,NA,NA,NA,106320,39898,2049,512,7b8f1ead52d1f75ea51a9518f4611f96b3105a83b8e9ff16958705114f2a13b3
0,18,1,1,11,0.020558788000926143,0.016330000000000001,0.0041359999999999999,30633984,NA,NA,NA,NA,NA,NA,NA,NA,106320,39898,2049,512,7b8f1ead52d1f75ea51a9518f4611f96b3105a83b8e9ff16958705114f2a13b3
0,18,0,0,9,0.020757391001097858,0.016420000000000001,0.0042449999999999996,30674944,NA,NA,NA,NA,NA,NA,NA,NA,147280,39898,2049,512,02ee45f00f5fa967779eb017bd9c1965526161af8ee6a0f23a31a68b3dbbac77
0,18,1,1,9,0.020378262001031544,0.0083719999999999992,0.011873999999999999,30478336,NA,NA,NA,NA,NA,NA,NA,NA,147280,39898,2049,512,02ee45f00f5fa967779eb017bd9c1965526161af8ee6a0f23a31a68b3dbbac77
0,18,0,1,23,0.12549974400099018,0.113799,0.011549,58413056,NA,NA,NA,NA,NA,NA,NA,NA,1433848,711531,19202,64,7fe8e0e1367c4dc75afe736c0ee35e3a3755c0152301f3880ce2412132a22623
0,18,1,0,23,0.12053677500080084,0.096965999999999997,0.023434,58462208,NA,NA,NA,NA,NA,NA,NA,NA,1433848,711531,19202,64,7fe8e0e1367c4dc75afe736c0ee35e3a3755c0152301f3880ce2412132a22623
0,18,0,1,4,0.031068606996996095,0.022960999999999999,0.0079909999999999998,28983296,NA,NA,NA,NA,NA,NA,NA,NA,163920,51085,1029,1,3469c6c02ad818b9b840f744b74781f39d0d6d69319fb824d729f7875274b381
0,18,1,0,4,0.029033063998213038,0.020577999999999999,0.0083289999999999996,28971008,NA,NA,NA,NA,NA,NA,NA,NA,163920,51085,1029,1,3469c6c02ad818b9b840f744b74781f39d0d6d69319fb824d729f7875274b381
0,19,0,0,20,0.13630232500145212,0.11976299999999999,0.016414999999999999,60379136,NA,NA,NA,NA,NA,NA,NA,NA,1746680,711531,19202,64,e4041ce2b5b6df572ca4d0ca66e6006ad368116646e82963f7e9550b84ab78ca
0,19,1,1,20,0.13450705699870014,0.11780499999999999,0.016548999999999998,60116992,NA,NA,NA,NA,NA,NA,NA,NA,1746680,711531,19202,64,e4041ce2b5b6df572ca4d0ca66e6006ad368116646e82963f7e9550b84ab78ca
0,19,0,1,7,0.022309780000796309,0.014780999999999999,0.0073879999999999996,31408128,NA,NA,NA,NA,NA,NA,NA,NA,126024,51085,1029,1,d6479df97612ac41a8966333a6ef58076a32dad29a20f6bc64e0a5b65673088c
0,19,1,0,7,0.022160951000842033,0.014643999999999999,0.0073720000000000001,31531008,NA,NA,NA,NA,NA,NA,NA,NA,126024,51085,1029,1,d6479df97612ac41a8966333a6ef58076a32dad29a20f6bc64e0a5b65673088c
0,19,0,0,5,0.021918722999544116,0.018245999999999998,0.0035599999999999998,31211520,NA,NA,NA,NA,NA,NA,NA,NA,192736,51085,1029,1,98c15b8b4636441c6e839c68a3bed9dee3bd8ae062882739073db7b7ed7d66f3
0,19,1,1,5,0.022976893997110892,0.015664000000000001,0.007208,30556160,NA,NA,NA,NA,NA,NA,NA,NA,192736,51085,1029,1,98c15b8b4636441c6e839c68a3bed9dee3bd8ae062882739073db7b7ed7d66f3
0,19,0,0,0,0.013458277000609087,0.013351,0,24870912,NA,NA,NA,NA,NA,NA,NA,NA,2008,133,5,1,a8c1633e798ef980493443e67e6fdb6eada42f775edf7051d304d09c3ddadf5a
0,19,1,1,0,0.014327007997053443,0.0070069999999999993,0.0071849999999999995,24489984,NA,NA,NA,NA,NA,NA,NA,NA,2008,133,5,1,a8c1633e798ef980493443e67e6fdb6eada42f775edf7051d304d09c3ddadf5a
0,19,0,0,1,0.013853960997948889,0.013734,0,24813568,NA,NA,NA,NA,NA,NA,NA,NA,2056,133,5,1,6b21b079ef6f8f7f055926600e53b906dd7be041e021dd2791b7aa8c55e24585
0,19,1,1,1,0.013457164997817017,0.013368999999999999,0,24805376,NA,NA,NA,NA,NA,NA,NA,NA,2056,133,5,1,6b21b079ef6f8f7f055926600e53b906dd7be041e021dd2791b7aa8c55e24585
0,19,0,0,6,0.022394163999706507,0.014766,0.0075129999999999997,30949376,NA,NA,NA,NA,NA,NA,NA,NA,126024,51085,1029,1,d6479df97612ac41a8966333a6ef58076a32dad29a20f6bc64e0a5b65673088c
0,19,1,1,6,0.022535894000611734,0.008822,0.013599,31252480,NA,NA,NA,NA,NA,NA,NA,NA,126024,51085,1029,1,d6479df97612ac41a8966333a6ef58076a32dad29a20f6bc64e0a5b65673088c
0,19,0,1,11,0.019121567998809041,0.014261999999999999,0.0047539999999999995,30629888,NA,NA,NA,NA,NA,NA,NA,NA,106320,39898,2049,512,7b8f1ead52d1f75ea51a9518f4611f96b3105a83b8e9ff16958705114f2a13b3
0,19,1,0,11,0.01950863900128752,0.0097479999999999997,0.0096530000000000001,30674944,NA,NA,NA,NA,NA,NA,NA,NA,106320,39898,2049,512,7b8f1ead52d1f75ea51a9518f4611f96b3105a83b8e9ff16958705114f2a13b3
0,19,0,1,9,0.019828931999654742,0.011665999999999999,0.0080610000000000005,30478336,NA,NA,NA,NA,NA,NA,NA,NA,147280,39898,2049,512,02ee45f00f5fa967779eb017bd9c1965526161af8ee6a0f23a31a68b3dbbac77
0,19,1,0,9,0.019436112001130823,0.011580999999999999,0.0077539999999999996,30674944,NA,NA,NA,NA,NA,NA,NA,NA,147280,39898,2049,512,02ee45f00f5fa967779eb017bd9c1965526161af8ee6a0f23a31a68b3dbbac77
0,19,0,1,22,0.12109067200071877,0.089145000000000002,0.031824999999999999,58347520,NA,NA,NA,NA,NA,NA,NA,NA,1433848,711531,19202,64,7fe8e0e1367c4dc75afe736c0ee35e3a3755c0152301f3880ce2412132a22623
0,19,1,0,22,0.34529121500236215,0.18761899999999998,0.15671299999999999,58281984,NA,NA,NA,NA,NA,NA,NA,NA,1433848,711531,19202,64,7fe8e0e1367c4dc75afe736c0ee35e3a3755c0152301f3880ce2412132a22623
0,19,0,1,13,0.032989188999636099,0.02427,0.0082719999999999998,32153600,NA,NA,NA,NA,NA,NA,NA,NA,313536,280189,4101,1,5a04cd3dab823e43a4d317f4a27057eec5b1fcaecf9843229a14a897b95f1f29
0,19,1,0,13,0.022537846998602618,0.013443999999999999,0.0089629999999999987,32030720,NA,NA,NA,NA,NA,NA,NA,NA,313536,280189,4101,1,5a04cd3dab823e43a4d317f4a27057eec5b1fcaecf9843229a14a897b95f1f29
0,19,0,0,16,0.059964408999803709,0.043913999999999995,0.015934,43323392,NA,NA,NA,NA,NA,NA,NA,NA,1082000,235398,3329,64,0a2640f1e20aa1aa539adbeb18cdf2a1ebe47a1dc573029aa0c35ed433364c04
0,19,1,1,16,0.0595803629985312,0.043890999999999999,0.015559,43126784,NA,NA,NA,NA,NA,NA,NA,NA,1082000,235398,3329,64,0a2640f1e20aa1aa539adbeb18cdf2a1ebe47a1dc573029aa0c35ed433364c04
0,19,0,0,19,0.047886258002108661,0.043305999999999997,0.0043949999999999996,41029632,NA,NA,NA,NA,NA,NA,NA,NA,742032,235398,3329,64,ef3fe9f327a6ee2b8ff8e0c5cce4ce61f805f0660ce139a533f5137453c188bc
0,19,1,1,19,0.048955154001305345,0.033635999999999999,0.015207,41029632,NA,NA,NA,NA,NA,NA,NA,NA,742032,235398,3329,64,ef3fe9f327a6ee2b8ff8e0c5cce4ce61f805f0660ce139a533f5137453c188bc
0,19,0,1,21,0.12453580199871794,0.10439999999999999,0.019878,59658240,NA,NA,NA,NA,NA,NA,NA,NA,2209528,711531,19202,64,955dcf7525f03629d689feea1585905e0b8700805efb32f241197b1ebcb41ffa
0,19,1,0,21,0.10380214700126089,0.08341599999999999,0.020147999999999999,60497920,NA,NA,NA,NA,NA,NA,NA,NA,2209528,711531,19202,64,955dcf7525f03629d689feea1585905e0b8700805efb32f241197b1ebcb41ffa
0,19,0,0,8,0.021244449002551846,0.016822,0.0043080000000000002,31789056,NA,NA,NA,NA,NA,NA,NA,NA,98128,39898,2049,512,d54e0d3e437f1319c5e0037da4750229225984f79f1ebd587b1323affae587ab
0,19,1,1,8,0.021313541001291014,0.017003000000000001,0.0042119999999999996,31395840,NA,NA,NA,NA,NA,NA,NA,NA,98128,39898,2049,512,d54e0d3e437f1319c5e0037da4750229225984f79f1ebd587b1323affae587ab
0,19,0,0,23,0.13022839800032671,0.105902,0.024229000000000001,58585088,NA,NA,NA,NA,NA,NA,NA,NA,1433848,711531,19202,64,7fe8e0e1367c4dc75afe736c0ee35e3a3755c0152301f3880ce2412132a22623
0,19,1,1,23,0.12126399200133164,0.10525799999999999,0.01584,58544128,NA,NA,NA,NA,NA,NA,NA,NA,1433848,711531,19202,64,7fe8e0e1367c4dc75afe736c0ee35e3a3755c0152301f3880ce2412132a22623
0,19,0,0,2,0.013991764000820694,0.010409999999999999,0.0034679999999999997,24870912,NA,NA,NA,NA,NA,NA,NA,NA,2008,133,5,1,8210b4f6eac12a20575e673437437e82cfff653da437ea17992a3aed56a99207
0,19,1,1,2,0.01518757699886919,0.011053,0.0040400000000000002,24588288,NA,NA,NA,NA,NA,NA,NA,NA,2008,133,5,1,8210b4f6eac12a20575e673437437e82cfff653da437ea17992a3aed56a99207
0,19,0,1,3,0.016082807000202592,0.015960999999999999,0,24870912,NA,NA,NA,NA,NA,NA,NA,NA,2008,133,5,1,8210b4f6eac12a20575e673437437e82cfff653da437ea17992a3aed56a99207
0,19,1,0,3,0.014312857001641532,0.0048339999999999998,0.0093460000000000001,24858624,NA,NA,NA,NA,NA,NA,NA,NA,2008,133,5,1,8210b4f6eac12a20575e673437437e82cfff653da437ea17992a3aed56a99207
0,19,0,1,15,0.025457892003032612,0.020863,0.0044819999999999999,32161792,NA,NA,NA,NA,NA,NA,NA,NA,247896,280189,4101,1,cf0f1cc1e290dce65809b3140c6f2dc9062a9f452120988a3a869e7faab69134
0,19,1,0,15,0.024159136999514885,0.020036999999999999,0.0039969999999999997,32378880,NA,NA,NA,NA,NA,NA,NA,NA,247896,280189,4101,1,cf0f1cc1e290dce65809b3140c6f2dc9062a9f452120988a3a869e7faab69134
0,19,0,0,18,0.04994309100220562,0.042749999999999996,0.0070469999999999994,41152512,NA,NA,NA,NA,NA,NA,NA,NA,742032,235398,3329,64,ef3fe9f327a6ee2b8ff8e0c5cce4ce61f805f0660ce139a533f5137453c188bc
0,19,1,1,18,0.049533697001606924,0.041256999999999995,0.008116,40833024,NA,NA,NA,NA,NA,NA,NA,NA,742032,235398,3329,64,ef3fe9f327a6ee2b8ff8e0c5cce4ce61f805f0660ce139a533f5137453c188bc
0,19,0,0,14,0.023492303997045383,0.011410999999999999,0.011965,32186368,NA,NA,NA,NA,NA,NA,NA,NA,247896,280189,4101,1,cf0f1cc1e290dce65809b3140c6f2dc9062a9f452120988a3a869e7faab69134
0,19,1,1,14,0.022719373999279924,0.011320999999999999,0.011131,32292864,NA,NA,NA,NA,NA,NA,NA,NA,247896,280189,4101,1,cf0f1cc1e290dce65809b3140c6f2dc9062a9f452120988a3a869e7faab69134
0,19,0,1,17,0.055005987000185996,0.043050999999999999,0.011837,41488384,NA,NA,NA,NA,NA,NA,NA,NA,1009296,235398,3329,64,46bbbc4439d5a1911d5728e76ba413a577b270d33a6d6f7287d5e66409ad1e95
0,19,1,0,17,0.059145332001207862,0.054348999999999995,0.0046349999999999994,41816064,NA,NA,NA,NA,NA,NA,NA,NA,1009296,235398,3329,64,46bbbc4439d5a1911d5728e76ba413a577b270d33a6d6f7287d5e66409ad1e95
0,19,0,0,12,0.030814712001301814,0.021864999999999999,0.0088050000000000003,31428608,NA,NA,NA,NA,NA,NA,NA,NA,313424,280189,4101,1,0f9e44f960c45a3ca86cde574970381ef909d64a6bb2d20a17395bced584502a
0,19,1,1,12,0.031723172000056366,0.023629999999999998,0.0076989999999999992,31236096,NA,NA,NA,NA,NA,NA,NA,NA,313424,280189,4101,1,0f9e44f960c45a3ca86cde574970381ef909d64a6bb2d20a17395bced584502a
0,19,0,0,4,0.029247571001178585,0.02503,0.0040699999999999998,29114368,NA,NA,NA,NA,NA,NA,NA,NA,163920,51085,1029,1,3469c6c02ad818b9b840f744b74781f39d0d6d69319fb824d729f7875274b381
0,19,1,1,4,0.030348389998835046,0.025817999999999997,0.004424,28909568,NA,NA,NA,NA,NA,NA,NA,NA,163920,51085,1029,1,3469c6c02ad818b9b840f744b74781f39d0d6d69319fb824d729f7875274b381
0,19,0,1,10,0.020655249998526415,0.012315999999999999,0.0082379999999999988,30367744,NA,NA,NA,NA,NA,NA,NA,NA,106320,39898,2049,512,7b8f1ead52d1f75ea51a9518f4611f96b3105a83b8e9ff16958705114f2a13b3
0,19,1,0,10,0.019331028001033701,0.011573,0.0076679999999999995,30633984,NA,NA,NA,NA,NA,NA,NA,NA,106320,39898,2049,512,7b8f1ead52d1f75ea51a9518f4611f96b3105a83b8e9ff16958705114f2a13b3
1,0,0,0,3,0.0175785020001058,0.017482999999999999,0,24608768,NA,NA,NA,NA,NA,NA,NA,NA,2008,133,5,1,8210b4f6eac12a20575e673437437e82cfff653da437ea17992a3aed56a99207
1,0,1,1,3,0.014215613999112975,0.014121,0,24776704,NA,NA,NA,NA,NA,NA,NA,NA,2008,133,5,1,8210b4f6eac12a20575e673437437e82cfff653da437ea17992a3aed56a99207
1,0,0,1,0,0.01408016399727785,0.010553,0.0034389999999999998,24846336,NA,NA,NA,NA,NA,NA,NA,NA,2008,133,5,1,a8c1633e798ef980493443e67e6fdb6eada42f775edf7051d304d09c3ddadf5a
1,0,1,0,0,0.014099893000093289,0.0093349999999999995,0.004679,24834048,NA,NA,NA,NA,NA,NA,NA,NA,2008,133,5,1,a8c1633e798ef980493443e67e6fdb6eada42f775edf7051d304d09c3ddadf5a
1,0,0,1,6,0.02248284500092268,0.013361,0.0090390000000000002,30949376,NA,NA,NA,NA,NA,NA,NA,NA,126024,51085,1029,1,d6479df97612ac41a8966333a6ef58076a32dad29a20f6bc64e0a5b65673088c
1,0,1,0,6,0.024581028999818955,0.016902,0.0075839999999999996,31277056,NA,NA,NA,NA,NA,NA,NA,NA,126024,51085,1029,1,d6479df97612ac41a8966333a6ef58076a32dad29a20f6bc64e0a5b65673088c
1,0,0,0,21,0.11318725499950233,0.080635999999999999,0.032376999999999996,60444672,NA,NA,NA,NA,NA,NA,NA,NA,2209528,711531,19202,64,955dcf7525f03629d689feea1585905e0b8700805efb32f241197b1ebcb41ffa
1,0,1,1,21,0.10535289399922476,0.097081000000000001,0.0081289999999999991,60248064,NA,NA,NA,NA,NA,NA,NA,NA,2209528,711531,19202,64,955dcf7525f03629d689feea1585905e0b8700805efb32f241197b1ebcb41ffa
1,0,0,1,22,0.10566454400031944,0.089230999999999991,0.016247999999999999,58085376,NA,NA,NA,NA,NA,NA,NA,NA,1433848,711531,19202,64,7fe8e0e1367c4dc75afe736c0ee35e3a3755c0152301f3880ce2412132a22623
1,0,1,0,22,0.10990035699796863,0.097221000000000002,0.012548,58413056,NA,NA,NA,NA,NA,NA,NA,NA,1433848,711531,19202,64,7fe8e0e1367c4dc75afe736c0ee35e3a3755c0152301f3880ce2412132a22623
1,0,0,0,23,0.1160391260018514,0.091955999999999996,0.023976999999999998,58454016,NA,NA,NA,NA,NA,NA,NA,NA,1433848,711531,19202,64,7fe8e0e1367c4dc75afe736c0ee35e3a3755c0152301f3880ce2412132a22623
1,0,1,1,23,0.1210126180012594,0.10871199999999999,0.012182,58454016,NA,NA,NA,NA,NA,NA,NA,NA,1433848,711531,19202,64,7fe8e0e1367c4dc75afe736c0ee35e3a3755c0152301f3880ce2412132a22623
1,0,0,0,5,0.02140547199815046,0.016989000000000001,0.00428,31277056,NA,NA,NA,NA,NA,NA,NA,NA,192736,51085,1029,1,98c15b8b4636441c6e839c68a3bed9dee3bd8ae062882739073db7b7ed7d66f3
1,0,1,1,5,0.022601715001655975,0.014990999999999999,0.0074949999999999999,31232000,NA,NA,NA,NA,NA,NA,NA,NA,192736,51085,1029,1,98c15b8b4636441c6e839c68a3bed9dee3bd8ae062882739073db7b7ed7d66f3
1,0,0,0,9,0.018879169001593255,0.011264999999999999,0.0075239999999999994,30281728,NA,NA,NA,NA,NA,NA,NA,NA,147280,39898,2049,512,02ee45f00f5fa967779eb017bd9c1965526161af8ee6a0f23a31a68b3dbbac77
1,0,1,1,9,0.022160365002491744,0.011386,0.0076139999999999992,30543872,NA,NA,NA,NA,NA,NA,NA,NA,147280,39898,2049,512,02ee45f00f5fa967779eb017bd9c1965526161af8ee6a0f23a31a68b3dbbac77
1,0,0,1,8,0.020831226000154857,0.0082939999999999993,0.012440999999999999,31813632,NA,NA,NA,NA,NA,NA,NA,NA,98128,39898,2049,512,d54e0d3e437f1319c5e0037da4750229225984f79f1ebd587b1323affae587ab
1,0,1,0,8,0.021435547001601662,0.012773999999999999,0.0085550000000000001,31690752,NA,NA,NA,NA,NA,NA,NA,NA,98128,39898,2049,512,d54e0d3e437f1319c5e0037da4750229225984f79f1ebd587b1323affae587ab
1,0,0,0,15,0.022713520000252174,0.013642999999999999,0.0089639999999999997,32358400,NA,NA,NA,NA,NA,NA,NA,NA,247896,280189,4101,1,cf0f1cc1e290dce65809b3140c6f2dc9062a9f452120988a3a869e7faab69134
1,0,1,1,15,0.022683015002257889,0.018047000000000001,0.0045109999999999994,32227328,NA,NA,NA,NA,NA,NA,NA,NA,247896,280189,4101,1,cf0f1cc1e290dce65809b3140c6f2dc9062a9f452120988a3a869e7faab69134
1,0,0,1,18,0.057132805999572156,0.037289999999999997,0.019727999999999999,40787968,NA,NA,NA,NA,NA,NA,NA,NA,742032,235398,3329,64,ef3fe9f327a6ee2b8ff8e0c5cce4ce61f805f0660ce139a533f5137453c188bc
1,0,1,0,18,0.049459349997050595,0.028544,0.020761999999999999,41144320,NA,NA,NA,NA,NA,NA,NA,NA,742032,235398,3329,64,ef3fe9f327a6ee2b8ff8e0c5cce4ce61f805f0660ce139a533f5137453c188bc
1,0,0,1,12,0.035849273001076654,0.019209999999999998,0.016521999999999998,31526912,NA,NA,NA,NA,NA,NA,NA,NA,313424,280189,4101,1,0f9e44f960c45a3ca86cde574970381ef909d64a6bb2d20a17395bced584502a
1,0,1,0,12,0.038686294999934034,0.02921,0.0093549999999999987,31244288,NA,NA,NA,NA,NA,NA,NA,NA,313424,280189,4101,1,0f9e44f960c45a3ca86cde574970381ef909d64a6bb2d20a17395bced584502a
1,0,0,1,13,0.029264075998071348,0.024964999999999998,0.0041679999999999998,32161792,NA,NA,NA,NA,NA,NA,NA,NA,313536,280189,4101,1,5a04cd3dab823e43a4d317f4a27057eec5b1fcaecf9843229a14a897b95f1f29
1,0,1,0,13,0.028240122002898715,0.016115999999999998,0.011972,32489472,NA,NA,NA,NA,NA,NA,NA,NA,313536,280189,4101,1,5a04cd3dab823e43a4d317f4a27057eec5b1fcaecf9843229a14a897b95f1f29
1,0,0,0,4,0.030944963997171726,0.01941,0.011382999999999999,29040640,NA,NA,NA,NA,NA,NA,NA,NA,163920,51085,1029,1,3469c6c02ad818b9b840f744b74781f39d0d6d69319fb824d729f7875274b381
1,0,1,1,4,0.03285616100038169,0.028936999999999997,0.003813,28983296,NA,NA,NA,NA,NA,NA,NA,NA,163920,51085,1029,1,3469c6c02ad818b9b840f744b74781f39d0d6d69319fb824d729f7875274b381
1,0,0,0,1,0.014580422001017723,0.010907,0.0035719999999999997,24752128,NA,NA,NA,NA,NA,NA,NA,NA,2056,133,5,1,6b21b079ef6f8f7f055926600e53b906dd7be041e021dd2791b7aa8c55e24585
1,0,1,1,1,0.01511147500059451,0.015018,0,24784896,NA,NA,NA,NA,NA,NA,NA,NA,2056,133,5,1,6b21b079ef6f8f7f055926600e53b906dd7be041e021dd2791b7aa8c55e24585
1,0,0,0,14,0.025506268000754062,0.012643999999999999,0.012699,32227328,NA,NA,NA,NA,NA,NA,NA,NA,247896,280189,4101,1,cf0f1cc1e290dce65809b3140c6f2dc9062a9f452120988a3a869e7faab69134
1,0,1,1,14,0.024733958001888823,0.012197,0.012414999999999999,32153600,NA,NA,NA,NA,NA,NA,NA,NA,247896,280189,4101,1,cf0f1cc1e290dce65809b3140c6f2dc9062a9f452120988a3a869e7faab69134
1,0,0,1,16,0.069801505000214092,0.059855999999999999,0.0098279999999999999,42950656,NA,NA,NA,NA,NA,NA,NA,NA,1082000,235398,3329,64,0a2640f1e20aa1aa539adbeb18cdf2a1ebe47a1dc573029aa0c35ed433364c04
1,0,1,0,16,0.063734406998264603,0.053069999999999999,0.01051,43147264,NA,NA,NA,NA,NA,NA,NA,NA,1082000,235398,3329,64,0a2640f1e20aa1aa539adbeb18cdf2a1ebe47a1dc573029aa0c35ed433364c04
1,0,0,0,17,0.061852352999267168,0.045672999999999998,0.016018999999999999,41594880,NA,NA,NA,NA,NA,NA,NA,NA,1009296,235398,3329,64,46bbbc4439d5a1911d5728e76ba413a577b270d33a6d6f7287d5e66409ad1e95
1,0,1,1,17,0.060171465000166791,0.056221999999999994,0.0037809999999999996,41771008,NA,NA,NA,NA,NA,NA,NA,NA,1009296,235398,3329,64,46bbbc4439d5a1911d5728e76ba413a577b270d33a6d6f7287d5e66409ad1e95
1,0,0,1,11,0.022313090001262026,0.0088149999999999999,0.013363,30478336,NA,NA,NA,NA,NA,NA,NA,NA,106320,39898,2049,512,7b8f1ead52d1f75ea51a9518f4611f96b3105a83b8e9ff16958705114f2a13b3
1,0,1,0,11,0.025346352002088679,0.014830999999999999,0.010386999999999999,30662656,NA,NA,NA,NA,NA,NA,NA,NA,106320,39898,2049,512,7b8f1ead52d1f75ea51a9518f4611f96b3105a83b8e9ff16958705114f2a13b3
1,0,0,0,20,0.13854991199696087,0.126307,0.012114999999999999,60350464,NA,NA,NA,NA,NA,NA,NA,NA,1746680,711531,19202,64,e4041ce2b5b6df572ca4d0ca66e6006ad368116646e82963f7e9550b84ab78ca
1,0,1,1,20,0.13835345800180221,0.117296,0.020903999999999999,59658240,NA,NA,NA,NA,NA,NA,NA,NA,1746680,711531,19202,64,e4041ce2b5b6df572ca4d0ca66e6006ad368116646e82963f7e9550b84ab78ca
1,0,0,0,7,0.022421480000048177,0.011233999999999999,0.011053,31535104,NA,NA,NA,NA,NA,NA,NA,NA,126024,51085,1029,1,d6479df97612ac41a8966333a6ef58076a32dad29a20f6bc64e0a5b65673088c
1,0,1,1,7,0.021801605998916784,0.010936999999999999,0.010742999999999999,31506432,NA,NA,NA,NA,NA,NA,NA,NA,126024,51085,1029,1,d6479df97612ac41a8966333a6ef58076a32dad29a20f6bc64e0a5b65673088c
1,0,0,1,19,0.049258718998316908,0.029071999999999997,0.020077999999999999,41025536,NA,NA,NA,NA,NA,NA,NA,NA,742032,235398,3329,64,ef3fe9f327a6ee2b8ff8e0c5cce4ce61f805f0660ce139a533f5137453c188bc
1,0,1,0,19,0.047818256000027759,0.043639999999999998,0.0040339999999999994,41095168,NA,NA,NA,NA,NA,NA,NA,NA,742032,235398,3329,64,ef3fe9f327a6ee2b8ff8e0c5cce4ce61f805f0660ce139a533f5137453c188bc
1,0,0,1,10,0.020615036999515723,0.020459999999999999,0,30404608,NA,NA,NA,NA,NA,NA,NA,NA,106320,39898,2049,512,7b8f1ead52d1f75ea51a9518f4611f96b3105a83b8e9ff16958705114f2a13b3
1,0,1,0,10,0.022599572999752127,0.014331,0.0081569999999999993,30588928,NA,NA,NA,NA,NA,NA,NA,NA,106320,39898,2049,512,7b8f1ead52d1f75ea51a9518f4611f96b3105a83b8e9ff16958705114f2a13b3
1,0,0,1,2,0.013896994998503942,0.0092179999999999988,0.0045560000000000002,24543232,NA,NA,NA,NA,NA,NA,NA,NA,2008,133,5,1,8210b4f6eac12a20575e673437437e82cfff653da437ea17992a3aed56a99207
1,0,1,0,2,0.013755875999777345,0.00694,0.0067189999999999993,24752128,NA,NA,NA,NA,NA,NA,NA,NA,2008,133,5,1,8210b4f6eac12a20575e673437437e82cfff653da437ea17992a3aed56a99207
1,1,0,1,1,0.013516433999029687,0.0089820000000000004,0.0044409999999999996,24739840,NA,NA,NA,NA,NA,NA,NA,NA,2056,133,5,1,6b21b079ef6f8f7f055926600e53b906dd7be041e021dd2791b7aa8c55e24585
1,1,1,0,1,0.013944103997346247,0.0069969999999999997,0.0068389999999999996,24674304,NA,NA,NA,NA,NA,NA,NA,NA,2056,133,5,1,6b21b079ef6f8f7f055926600e53b906dd7be041e021dd2791b7aa8c55e24585
1,1,0,1,23,0.12411892599993735,0.100186,0.023764,58544128,NA,NA,NA,NA,NA,NA,NA,NA,1433848,711531,19202,64,7fe8e0e1367c4dc75afe736c0ee35e3a3755c0152301f3880ce2412132a22623
1,1,1,0,23,0.12071143299908726,0.096284999999999996,0.024305,58613760,NA,NA,NA,NA,NA,NA,NA,NA,1433848,711531,19202,64,7fe8e0e1367c4dc75afe736c0ee35e3a3755c0152301f3880ce2412132a22623
1,1,0,1,17,0.055750083000020823,0.038893999999999998,0.016732999999999998,41750528,NA,NA,NA,NA,NA,NA,NA,NA,1009296,235398,3329,64,46bbbc4439d5a1911d5728e76ba413a577b270d33a6d6f7287d5e66409ad1e95
1,1,1,0,17,0.054336323002644349,0.045898999999999995,0.0083119999999999999,41816064,NA,NA,NA,NA,NA,NA,NA,NA,1009296,235398,3329,64,46bbbc4439d5a1911d5728e76ba413a577b270d33a6d6f7287d5e66409ad1e95
1,1,0,1,9,0.020953636998456204,0.013658999999999999,0.0071859999999999997,30777344,NA,NA,NA,NA,NA,NA,NA,NA,147280,39898,2049,512,02ee45f00f5fa967779eb017bd9c1965526161af8ee6a0f23a31a68b3dbbac77
1,1,1,0,9,0.019335821001732256,0.011609,0.0076239999999999997,30740480,NA,NA,NA,NA,NA,NA,NA,NA,147280,39898,2049,512,02ee45f00f5fa967779eb017bd9c1965526161af8ee6a0f23a31a68b3dbbac77
1,1,0,1,5,0.022543058999872301,0.010936999999999999,0.011446,31342592,NA,NA,NA,NA,NA,NA,NA,NA,192736,51085,1029,1,98c15b8b4636441c6e839c68a3bed9dee3bd8ae062882739073db7b7ed7d66f3
1,1,1,0,5,0.025975357999413973,0.013561999999999999,0.012305,31178752,NA,NA,NA,NA,NA,NA,NA,NA,192736,51085,1029,1,98c15b8b4636441c6e839c68a3bed9dee3bd8ae062882739073db7b7ed7d66f3
1,1,0,1,7,0.026238416001433507,0.017988000000000001,0.0081130000000000004,31215616,NA,NA,NA,NA,NA,NA,NA,NA,126024,51085,1029,1,d6479df97612ac41a8966333a6ef58076a32dad29a20f6bc64e0a5b65673088c
1,1,1,0,7,0.02350051000030362,0.015502999999999999,0.007835,31408128,NA,NA,NA,NA,NA,NA,NA,NA,126024,51085,1029,1,d6479df97612ac41a8966333a6ef58076a32dad29a20f6bc64e0a5b65673088c
1,1,0,0,19,0.049689915002090856,0.045716,0.003852,41160704,NA,NA,NA,NA,NA,NA,NA,NA,742032,235398,3329,64,ef3fe9f327a6ee2b8ff8e0c5cce4ce61f805f0660ce139a533f5137453c188bc
1,1,1,1,19,0.048396949998277705,0.040147999999999996,0.0081309999999999993,41127936,NA,NA,NA,NA,NA,NA,NA,NA,742032,235398,3329,64,ef3fe9f327a6ee2b8ff8e0c5cce4ce61f805f0660ce139a533f5137453c188bc
1,1,0,0,2,0.015335084000980714,0.0073659999999999993,0.0078529999999999989,24805376,NA,NA,NA,NA,NA,NA,NA,NA,2008,133,5,1,8210b4f6eac12a20575e673437437e82cfff653da437ea17992a3aed56a99207
1,1,1,1,2,0.014093904999754159,0.010416999999999999,0.0035819999999999997,24911872,NA,NA,NA,NA,NA,NA,NA,NA,2008,133,5,1,8210b4f6eac12a20575e673437437e82cfff653da437ea17992a3aed56a99207
1,1,0,0,11,0.019904541000869358,0.011861999999999999,0.0079240000000000005,30609408,NA,NA,NA,NA,NA,NA,NA,NA,106320,39898,2049,512,7b8f1ead52d1f75ea51a9518f4611f96b3105a83b8e9ff16958705114f2a13b3
1,1,1,1,11,0.020058417001564521,0.015965,0.0039979999999999998,30674944,NA,NA,NA,NA,NA,NA,NA,NA,106320,39898,2049,512,7b8f1ead52d1f75ea51a9518f4611f96b3105a83b8e9ff16958705114f2a13b3
1,1,0,1,4,0.029197518000728451,0.024871999999999998,0.0042239999999999995,28966912,NA,NA,NA,NA,NA,NA,NA,NA,163920,51085,1029,1,3469c6c02ad818b9b840f744b74781f39d0d6d69319fb824d729f7875274b381
1,1,1,0,4,0.029485482999007218,0.021011999999999999,0.008371,28983296,NA,NA,NA,NA,NA,NA,NA,NA,163920,51085,1029,1,3469c6c02ad818b9b840f744b74781f39d0d6d69319fb824d729f7875274b381
1,1,0,0,8,0.021189864997722907,0.0043,0.016777,31981568,NA,NA,NA,NA,NA,NA,NA,NA,98128,39898,2049,512,d54e0d3e437f1319c5e0037da4750229225984f79f1ebd587b1323affae587ab
1,1,1,1,8,0.020995167000364745,0.020884,0,31772672,NA,NA,NA,NA,NA,NA,NA,NA,98128,39898,2049,512,d54e0d3e437f1319c5e0037da4750229225984f79f1ebd587b1323affae587ab
1,1,0,0,18,0.046677754999109311,0.02717,0.019408999999999999,41123840,NA,NA,NA,NA,NA,NA,NA,NA,742032,235398,3329,64,ef3fe9f327a6ee2b8ff8e0c5cce4ce61f805f0660ce139a533f5137453c188bc
1,1,1,1,18,0.050947417999850586,0.044873999999999997,0.0059689999999999995,40833024,NA,NA,NA,NA,NA,NA,NA,NA,742032,235398,3329,64,ef3fe9f327a6ee2b8ff8e0c5cce4ce61f805f0660ce139a533f5137453c188bc
1,1,0,0,0,0.016017270001611905,0.006953,0.0089439999999999988,24870912,NA,NA,NA,NA,NA,NA,NA,NA,2008,133,5,1,a8c1633e798ef980493443e67e6fdb6eada42f775edf7051d304d09c3ddadf5a
1,1,1,1,0,0.013463906001561554,0.013283,0,24674304,NA,NA,NA,NA,NA,NA,NA,NA,2008,133,5,1,a8c1633e798ef980493443e67e6fdb6eada42f775edf7051d304d09c3ddadf5a
1,1,0,1,14,0.022418106000259286,0.014931999999999999,0.0073949999999999997,31965184,NA,NA,NA,NA,NA,NA,NA,NA,247896,280189,4101,1,cf0f1cc1e290dce65809b3140c6f2dc9062a9f452120988a3a869e7faab69134
1,1,1,0,14,0.022715823000908131,0.011259999999999999,0.011354,32190464,NA,NA,NA,NA,NA,NA,NA,NA,247896,280189,4101,1,cf0f1cc1e290dce65809b3140c6f2dc9062a9f452120988a3a869e7faab69134
1,1,0,1,15,0.023934901000757236,0.019816999999999998,0.004006,32227328,NA,NA,NA,NA,NA,NA,NA,NA,247896,280189,4101,1,cf0f1cc1e290dce65809b3140c6f2dc9062a9f452120988a3a869e7faab69134
1,1,1,0,15,0.024197598999307957,0.01376,0.010319999999999999,32268288,NA,NA,NA,NA,NA,NA,NA,NA,247896,280189,4101,1,cf0f1cc1e290dce65809b3140c6f2dc9062a9f452120988a3a869e7faab69134
1,1,0,0,13,0.023162020999734523,0.015339999999999999,0.007705,32268288,NA,NA,NA,NA,NA,NA,NA,NA,313536,280189,4101,1,5a04cd3dab823e43a4d317f4a27057eec5b1fcaecf9843229a14a897b95f1f29
1,1,1,1,13,0.02306423700065352,0.015227999999999998,0.007731,32342016,NA,NA,NA,NA,NA,NA,NA,NA,313536,280189,4101,1,5a04cd3dab823e43a4d317f4a27057eec5b1fcaecf9843229a14a897b95f1f29
1,1,0,0,22,0.11142748899874277,0.091133999999999993,0.020167999999999998,58322944,NA,NA,NA,NA,NA,NA,NA,NA,1433848,711531,19202,64,7fe8e0e1367c4dc75afe736c0ee35e3a3755c0152301f3880ce2412132a22623
1,1,1,1,22,0.10944295300214435,0.10149699999999999,0.0078109999999999994,58281984,NA,NA,NA,NA,NA,NA,NA,NA,1433848,711531,19202,64,7fe8e0e1367c4dc75afe736c0ee35e3a3755c0152301f3880ce2412132a22623
1,1,0,1,20,0.1285969459968328,0.104916,0.023533999999999999,60116992,NA,NA,NA,NA,NA,NA,NA,NA,1746680,711531,19202,64,e4041ce2b5b6df572ca4d0ca66e6006ad368116646e82963f7e9550b84ab78ca
1,1,1,0,20,0.13100649899934069,0.110597,0.020222,60452864,NA,NA,NA,NA,NA,NA,NA,NA,1746680,711531,19202,64,e4041ce2b5b6df572ca4d0ca66e6006ad368116646e82963f7e9550b84ab78ca
1,1,0,1,3,0.013461843998811673,0.0044489999999999998,0.0088989999999999989,24936448,NA,NA,NA,NA,NA,NA,NA,NA,2008,133,5,1,8210b4f6eac12a20575e673437437e82cfff653da437ea17992a3aed56a99207
1,1,1,0,3,0.01297686899852124,0.0064459999999999995,0.0064459999999999995,24870912,NA,NA,NA,NA,NA,NA,NA,NA,2008,133,5,1,8210b4f6eac12a20575e673437437e82cfff653da437ea17992a3aed56a99207
1,1,0,0,6,0.020664399999077432,0.020565,0,31047680,NA,NA,NA,NA,NA,NA,NA,NA,126024,51085,1029,1,d6479df97612ac41a8966333a6ef58076a32dad29a20f6bc64e0a5b65673088c
1,1,1,1,6,0.02095626000300399,0.017371999999999999,0.0034739999999999997,31166464,NA,NA,NA,NA,NA,NA,NA,NA,126024,51085,1029,1,d6479df97612ac41a8966333a6ef58076a32dad29a20f6bc64e0a5b65673088c
1,1,0,0,16,0.056787907000398263,0.040494999999999996,0.016198000000000001,43094016,NA,NA,NA,NA,NA,NA,NA,NA,1082000,235398,3329,64,0a2640f1e20aa1aa539adbeb18cdf2a1ebe47a1dc573029aa0c35ed433364c04
1,1,1,1,16,0.056691816000238759,0.048495999999999997,0.0080819999999999989,42864640,NA,NA,NA,NA,NA,NA,NA,NA,1082000,235398,3329,64,0a2640f1e20aa1aa539adbeb18cdf2a1ebe47a1dc573029aa0c35ed433364c04
1,1,0,0,10,0.019004203000804409,0.014171999999999999,0.0047239999999999999,30650368,NA,NA,NA,NA,NA,NA,NA,NA,106320,39898,2049,512,7b8f1ead52d1f75ea51a9518f4611f96b3105a83b8e9ff16958705114f2a13b3
1,1,1,1,10,0.019218359000660712,0.011476999999999999,0.0076469999999999993,30601216,NA,NA,NA,NA,NA,NA,NA,NA,106320,39898,2049,512,7b8f1ead52d1f75ea51a9518f4611f96b3105a83b8e9ff16958705114f2a13b3
1,1,0,1,21,0.10480973299854668,0.096590999999999996,0.0080850000000000002,60256256,NA,NA,NA,NA,NA,NA,NA,NA,2209528,711531,19202,64,955dcf7525f03629d689feea1585905e0b8700805efb32f241197b1ebcb41ffa
1,1,1,0,21,0.10374924999996438,0.091629999999999989,0.011989999999999999,60563456,NA,NA,NA,NA,NA,NA,NA,NA,2209528,711531,19202,64,955dcf7525f03629d689feea1585905e0b8700805efb32f241197b1ebcb41ffa
1,1,0,0,12,0.029801288001181092,0.022268,0.0074219999999999998,31526912,NA,NA,NA,NA,NA,NA,NA,NA,313424,280189,4101,1,0f9e44f960c45a3ca86cde574970381ef909d64a6bb2d20a17395bced584502a
1,1,1,1,12,0.030194267998012947,0.022508,0.0075629999999999994,31637504,NA,NA,NA,NA,NA,NA,NA,NA,313424,280189,4101,1,0f9e44f960c45a3ca86cde574970381ef909d64a6bb2d20a17395bced584502a
1,2,0,1,10,0.019582174998504343,0.0078109999999999994,0.011568,30363648,NA,NA,NA,NA,NA,NA,NA,NA,106320,39898,2049,512,7b8f1ead52d1f75ea51a9518f4611f96b3105a83b8e9ff16958705114f2a13b3
1,2,1,0,10,0.019470549999823561,0.007626,0.011691,30519296,NA,NA,NA,NA,NA,NA,NA,NA,106320,39898,2049,512,7b8f1ead52d1f75ea51a9518f4611f96b3105a83b8e9ff16958705114f2a13b3
1,2,0,0,23,0.11950426399926073,0.098905999999999994,0.020458,58531840,NA,NA,NA,NA,NA,NA,NA,NA,1433848,711531,19202,64,7fe8e0e1367c4dc75afe736c0ee35e3a3755c0152301f3880ce2412132a22623
1,2,1,1,23,0.12690352099889424,0.118603,0.008175,58347520,NA,NA,NA,NA,NA,NA,NA,NA,1433848,711531,19202,64,7fe8e0e1367c4dc75afe736c0ee35e3a3755c0152301f3880ce2412132a22623
1,2,0,0,11,0.020148569001321448,0.012163999999999999,0.0078709999999999995,30740480,NA,NA,NA,NA,NA,NA,NA,NA,106320,39898,2049,512,7b8f1ead52d1f75ea51a9518f4611f96b3105a83b8e9ff16958705114f2a13b3
1,2,1,1,11,0.019364613999641733,0.014435,0.0048110000000000002,30707712,NA,NA,NA,NA,NA,NA,NA,NA,106320,39898,2049,512,7b8f1ead52d1f75ea51a9518f4611f96b3105a83b8e9ff16958705114f2a13b3
1,2,0,1,7,0.021534372001042357,0.012855999999999999,0.0085709999999999988,31436800,NA,NA,NA,NA,NA,NA,NA,NA,126024,51085,1029,1,d6479df97612ac41a8966333a6ef58076a32dad29a20f6bc64e0a5b65673088c
1,2,1,0,7,0.021971736998239066,0.010914,0.010950999999999999,31444992,NA,NA,NA,NA,NA,NA,NA,NA,126024,51085,1029,1,d6479df97612ac41a8966333a6ef58076a32dad29a20f6bc64e0a5b65673088c
1,2,0,0,12,0.030056944997340906,0.022456999999999998,0.0074929999999999997,31637504,NA,NA,NA,NA,NA,NA,NA,NA,313424,280189,4101,1,0f9e44f960c45a3ca86cde574970381ef909d64a6bb2d20a17395bced584502a
1,2,1,1,12,0.032390845000918489,0.028098999999999999,0.0041830000000000001,31244288,NA,NA,NA,NA,NA,NA,NA,NA,313424,280189,4101,1,0f9e44f960c45a3ca86cde574970381ef909d64a6bb2d20a17395bced584502a
1,2,0,1,20,0.13056538900127634,0.11010099999999999,0.020329,60116992,NA,NA,NA,NA,NA,NA,NA,NA,1746680,711531,19202,64,e4041ce2b5b6df572ca4d0ca66e6006ad368116646e82963f7e9550b84ab78ca
1,2,1,0,20,0.13030483400143567,0.10643,0.023762999999999999,60379136,NA,NA,NA,NA,NA,NA,NA,NA,1746680,711531,19202,64,e4041ce2b5b6df572ca4d0ca66e6006ad368116646e82963f7e9550b84ab78ca
1,2,0,1,13,0.02327271400281461,0.018447999999999999,0.0047039999999999998,32456704,NA,NA,NA,NA,NA,NA,NA,NA,313536,280189,4101,1,5a04cd3dab823e43a4d317f4a27057eec5b1fcaecf9843229a14a897b95f1f29
1,2,1,0,13,0.022771176001697313,0.018879,0.003787,32423936,NA,NA,NA,NA,NA,NA,NA,NA,313536,280189,4101,1,5a04cd3dab823e43a4d317f4a27057eec5b1fcaecf9843229a14a897b95f1f29
1,2,0,1,21,0.10970091200215393,0.089583999999999997,0.019962000000000001,60207104,NA,NA,NA,NA,NA,NA,NA,NA,2209528,711531,19202,64,955dcf7525f03629d689feea1585905e0b8700805efb32f241197b1ebcb41ffa
1,2,1,0,21,0.10370487199907075,0.083864999999999995,0.019722,60567552,NA,NA,NA,NA,NA,NA,NA,NA,2209528,711531,19202,64,955dcf7525f03629d689feea1585905e0b8700805efb32f241197b1ebcb41ffa
1,2,0,1,15,0.022999626999080647,0.0038059999999999999,0.019032999999999998,32096256,NA,NA,NA,NA,NA,NA,NA,NA,247896,280189,4101,1,cf0f1cc1e290dce65809b3140c6f2dc9062a9f452120988a3a869e7faab69134
1,2,1,0,15,0.023685066000325605,0.015705999999999998,0.0078580000000000004,32395264,NA,NA,NA,NA,NA,NA,NA,NA,247896,280189,4101,1,cf0f1cc1e290dce65809b3140c6f2dc9062a9f452120988a3a869e7faab69134
1,2,0,0,19,0.046926668997912202,0.042542999999999997,0.0042690000000000002,40939520,NA,NA,NA,NA,NA,NA,NA,NA,742032,235398,3329,64,ef3fe9f327a6ee2b8ff8e0c5cce4ce61f805f0660ce139a533f5137453c188bc
1,2,1,1,19,0.049609945999691263,0.045782999999999997,0.0037239999999999999,40914944,NA,NA,NA,NA,NA,NA,NA,NA,742032,235398,3329,64,ef3fe9f327a6ee2b8ff8e0c5cce4ce61f805f0660ce139a533f5137453c188bc
1,2,0,1,18,0.047705889002827462,0.034582000000000002,0.013014999999999999,40833024,NA,NA,NA,NA,NA,NA,NA,NA,742032,235398,3329,64,ef3fe9f327a6ee2b8ff8e0c5cce4ce61f805f0660ce139a533f5137453c188bc
1,2,1,0,18,0.048857066001801286,0.036308,0.012404,41037824,NA,NA,NA,NA,NA,NA,NA,NA,742032,235398,3329,64,ef3fe9f327a6ee2b8ff8e0c5cce4ce61f805f0660ce139a533f5137453c188bc
1,2,0,0,3,0.014926551000826294,0.014822999999999999,0,24870912,NA,NA,NA,NA,NA,NA,NA,NA,2008,133,5,1,8210b4f6eac12a20575e673437437e82cfff653da437ea17992a3aed56a99207
1,2,1,1,3,0.014009188002091832,0.0069439999999999997,0.0069489999999999994,24215552,NA,NA,NA,NA,NA,NA,NA,NA,2008,133,5,1,8210b4f6eac12a20575e673437437e82cfff653da437ea17992a3aed56a99207
1,2,0,0,2,0.014158166999550303,0.014046999999999999,0,24891392,NA,NA,NA,NA,NA,NA,NA,NA,2008,133,5,1,8210b4f6eac12a20575e673437437e82cfff653da437ea17992a3aed56a99207
1,2,1,1,2,0.0136915709990717,0.0066709999999999998,0.0069219999999999993,24911872,NA,NA,NA,NA,NA,NA,NA,NA,2008,133,5,1,8210b4f6eac12a20575e673437437e82cfff653da437ea17992a3aed56a99207
1,2,0,1,4,0.02865515500161564,0.016303999999999999,0.012256999999999999,28655616,NA,NA,NA,NA,NA,NA,NA,NA,163920,51085,1029,1,3469c6c02ad818b9b840f744b74781f39d0d6d69319fb824d729f7875274b381
1,2,1,0,4,0.029654268997546751,0.025467999999999998,0.0040790000000000002,29114368,NA,NA,NA,NA,NA,NA,NA,NA,163920,51085,1029,1,3469c6c02ad818b9b840f744b74781f39d0d6d69319fb824d729f7875274b381
1,2,0,0,16,0.061520549999841023,0.052913999999999996,0.0084989999999999996,43307008,NA,NA,NA,NA,NA,NA,NA,NA,1082000,235398,3329,64,0a2640f1e20aa1aa539adbeb18cdf2a1ebe47a1dc573029aa0c35ed433364c04
1,2,1,1,16,0.060873841001011897,0.0528,0.0079329999999999991,43151360,NA,NA,NA,NA,NA,NA,NA,NA,1082000,235398,3329,64,0a2640f1e20aa1aa539adbeb18cdf2a1ebe47a1dc573029aa0c35ed433364c04
1,2,0,1,1,0.013697749000129988,0.013597999999999999,0,24526848,NA,NA,NA,NA,NA,NA,NA,NA,2056,133,5,1,6b21b079ef6f8f7f055926600e53b906dd7be041e021dd2791b7aa8c55e24585
1,2,1,0,1,0.013097523999022087,0.0086719999999999992,0.0043359999999999996,24739840,NA,NA,NA,NA,NA,NA,NA,NA,2056,133,5,1,6b21b079ef6f8f7f055926600e53b906dd7be041e021dd2791b7aa8c55e24585
1,2,0,1,6,0.022061422998376656,0.013125,0.0088129999999999997,30937088,NA,NA,NA,NA,NA,NA,NA,NA,126024,51085,1029,1,d6479df97612ac41a8966333a6ef58076a32dad29a20f6bc64e0a5b65673088c
1,2,1,0,6,0.022150654000142822,0.014738999999999999,0.0072809999999999993,31150080,NA,NA,NA,NA,NA,NA,NA,NA,126024,51085,1029,1,d6479df97612ac41a8966333a6ef58076a32dad29a20f6bc64e0a5b65673088c
1,2,0,1,17,0.053923748000670457,0.042093999999999999,0.011722,41504768,NA,NA,NA,NA,NA,NA,NA,NA,1009296,235398,3329,64,46bbbc4439d5a1911d5728e76ba413a577b270d33a6d6f7287d5e66409ad1e95
1,2,1,0,17,0.057458240000414662,0.037811999999999998,0.019511000000000001,41422848,NA,NA,NA,NA,NA,NA,NA,NA,1009296,235398,3329,64,46bbbc4439d5a1911d5728e76ba413a577b270d33a6d6f7287d5e66409ad1e95
1,2,0,1,14,0.022270450001087738,0.017706,0.0044489999999999998,31506432,NA,NA,NA,NA,NA,NA,NA,NA,247896,280189,4101,1,cf0f1cc1e290dce65809b3140c6f2dc9062a9f452120988a3a869e7faab69134
1,2,1,0,14,0.023168045001511928,0.018623000000000001,0.0044409999999999996,32292864,NA,NA,NA,NA,NA,NA,NA,NA,247896,280189,4101,1,cf0f1cc1e290dce65809b3140c6f2dc9062a9f452120988a3a869e7faab69134
1,2,0,1,0,0.013797816001897445,0.0090010000000000003,0.0047000000000000002,24870912,NA,NA,NA,NA,NA,NA,NA,NA,2008,133,5,1,a8c1633e798ef980493443e67e6fdb6eada42f775edf7051d304d09c3ddadf5a
1,2,1,0,0,0.013354423001146642,0.0066299999999999996,0.0066359999999999995,24834048,NA,NA,NA,NA,NA,NA,NA,NA,2008,133,5,1,a8c1633e798ef980493443e67e6fdb6eada42f775edf7051d304d09c3ddadf5a
1,2,0,1,9,0.01981720299954759,0.011710999999999999,0.0079829999999999988,30543872,NA,NA,NA,NA,NA,NA,NA,NA,147280,39898,2049,512,02ee45f00f5fa967779eb017bd9c1965526161af8ee6a0f23a31a68b3dbbac77
1,2,1,0,9,0.020982452002499485,0.016653999999999999,0.0042239999999999995,30674944,NA,NA,NA,NA,NA,NA,NA,NA,147280,39898,2049,512,02ee45f00f5fa967779eb017bd9c1965526161af8ee6a0f23a31a68b3dbbac77
1,2,0,0,8,0.033462174000305822,0.015195,0.018090999999999999,31854592,NA,NA,NA,NA,NA,NA,NA,NA,98128,39898,2049,512,d54e0d3e437f1319c5e0037da4750229225984f79f1ebd587b1323affae587ab
1,2,1,1,8,0.022687815999233862,0.018106000000000001,0.0044180000000000001,31477760,NA,NA,NA,NA,NA,NA,NA,NA,98128,39898,2049,512,d54e0d3e437f1319c5e0037da4750229225984f79f1ebd587b1323affae587ab
1,2,0,1,22,0.1370509199987282,0.10895299999999999,0.027969999999999998,58413056,NA,NA,NA,NA,NA,NA,NA,NA,1433848,711531,19202,64,7fe8e0e1367c4dc75afe736c0ee35e3a3755c0152301f3880ce2412132a22623
1,2,1,0,22,0.14108824399954756,0.11627999999999999,0.024631,58261504,NA,NA,NA,NA,NA,NA,NA,NA,1433848,711531,19202,64,7fe8e0e1367c4dc75afe736c0ee35e3a3755c0152301f3880ce2412132a22623
1,2,0,0,5,0.030491764002363198,0.018922999999999999,0.011365999999999999,31256576,NA,NA,NA,NA,NA,NA,NA,NA,192736,51085,1029,1,98c15b8b4636441c6e839c68a3bed9dee3bd8ae062882739073db7b7ed7d66f3
1,2,1,1,5,0.030704437998792855,0.019095000000000001,0.011457,31145984,NA,NA,NA,NA,NA,NA,NA,NA,192736,51085,1029,1,98c15b8b4636441c6e839c68a3bed9dee3bd8ae062882739073db7b7ed7d66f3
1,3,0,0,14,0.031689030001871288,0.019726,0.011835,32272384,NA,NA,NA,NA,NA,NA,NA,NA,247896,280189,4101,1,cf0f1cc1e290dce65809b3140c6f2dc9062a9f452120988a3a869e7faab69134
1,3,1,1,14,0.022467500999482581,0.014905999999999999,0.0074639999999999993,32157696,NA,NA,NA,NA,NA,NA,NA,NA,247896,280189,4101,1,cf0f1cc1e290dce65809b3140c6f2dc9062a9f452120988a3a869e7faab69134
1,3,0,0,1,0.013928329000918893,0.0069119999999999997,0.0069119999999999997,24674304,NA,NA,NA,NA,NA,NA,NA,NA,2056,133,5,1,6b21b079ef6f8f7f055926600e53b906dd7be041e021dd2791b7aa8c55e24585
1,3,1,1,1,0.014026783999725012,0.0092759999999999995,0.004646,24805376,NA,NA,NA,NA,NA,NA,NA,NA,2056,133,5,1,6b21b079ef6f8f7f055926600e53b906dd7be041e021dd2791b7aa8c55e24585
1,3,0,0,13,0.022901571999682346,0.015165999999999999,0.0076089999999999994,32456704,NA,NA,NA,NA,NA,NA,NA,NA,313536,280189,4101,1,5a04cd3dab823e43a4d317f4a27057eec5b1fcaecf9843229a14a897b95f1f29
1,3,1,1,13,0.025068736998946406,0.013621999999999999,0.011328999999999999,32423936,NA,NA,NA,NA,NA,NA,NA,NA,313536,280189,4101,1,5a04cd3dab823e43a4d317f4a27057eec5b1fcaecf9843229a14a897b95f1f29
1,3,0,0,21,0.10678811300022062,0.086986999999999995,0.019685999999999999,60481536,NA,NA,NA,NA,NA,NA,NA,NA,2209528,711531,19202,64,955dcf7525f03629d689feea1585905e0b8700805efb32f241197b1ebcb41ffa
1,3,1,1,21,0.10709326299911481,0.082974999999999993,0.023980999999999999,60510208,NA,NA,NA,NA,NA,NA,NA,NA,2209528,711531,19202,64,955dcf7525f03629d689feea1585905e0b8700805efb32f241197b1ebcb41ffa
1,3,0,0,9,0.020415584996953839,0.012104,0.0081770000000000002,30740480,NA,NA,NA,NA,NA,NA,NA,NA,147280,39898,2049,512,02ee45f00f5fa967779eb017bd9c1965526161af8ee6a0f23a31a68b3dbbac77
1,3,1,1,9,0.019977620002464391,0.0080149999999999996,0.011856,30543872,NA,NA,NA,NA,NA,NA,NA,NA,147280,39898,2049,512,02ee45f00f5fa967779eb017bd9c1965526161af8ee6a0f23a31a68b3dbbac77
1,3,0,0,20,0.12573337000139873,0.11753699999999999,0.0080789999999999994,60502016,NA,NA,NA,NA,NA,NA,NA,NA,1746680,711531,19202,64,e4041ce2b5b6df572ca4d0ca66e6006ad368116646e82963f7e9550b84ab78ca
1,3,1,1,20,0.13362388599853148,0.101254,0.032243000000000001,60342272,NA,NA,NA,NA,NA,NA,NA,NA,1746680,711531,19202,64,e4041ce2b5b6df572ca4d0ca66e6006ad368116646e82963f7e9550b84ab78ca
1,3,0,0,10,0.01976903199829394,0.015736,0.0039309999999999996,30806016,NA,NA,NA,NA,NA,NA,NA,NA,106320,39898,2049,512,7b8f1ead52d1f75ea51a9518f4611f96b3105a83b8e9ff16958705114f2a13b3
1,3,1,1,10,0.021365415999753168,0.016844999999999999,0.0044209999999999996,30633984,NA,NA,NA,NA,NA,NA,NA,NA,106320,39898,2049,512,7b8f1ead52d1f75ea51a9518f4611f96b3105a83b8e9ff16958705114f2a13b3
1,3,0,1,16,0.060173414000018965,0.056721999999999995,0.0033439999999999998,42864640,NA,NA,NA,NA,NA,NA,NA,NA,1082000,235398,3329,64,0a2640f1e20aa1aa539adbeb18cdf2a1ebe47a1dc573029aa0c35ed433364c04
1,3,1,0,16,0.060557810000318568,0.044316999999999995,0.016094999999999998,43094016,NA,NA,NA,NA,NA,NA,NA,NA,1082000,235398,3329,64,0a2640f1e20aa1aa539adbeb18cdf2a1ebe47a1dc573029aa0c35ed433364c04
1,3,0,0,22,0.1064320180012146,0.090786999999999993,0.015524,58413056,NA,NA,NA,NA,NA,NA,NA,NA,1433848,711531,19202,64,7fe8e0e1367c4dc75afe736c0ee35e3a3755c0152301f3880ce2412132a22623
1,3,1,1,22,0.10757071699845255,0.091662999999999994,0.015747000000000001,58318848,NA,NA,NA,NA,NA,NA,NA,NA,1433848,711531,19202,64,7fe8e0e1367c4dc75afe736c0ee35e3a3755c0152301f3880ce2412132a22623
1,3,0,0,15,0.022342126001603901,0.017767999999999999,0.0044419999999999998,32358400,NA,NA,NA,NA,NA,NA,NA,NA,247896,280189,4101,1,cf0f1cc1e290dce65809b3140c6f2dc9062a9f452120988a3a869e7faab69134
1,3,1,1,15,0.022114201001386391,0.021998999999999998,0,32096256,NA,NA,NA,NA,NA,NA,NA,NA,247896,280189,4101,1,cf0f1cc1e290dce65809b3140c6f2dc9062a9f452120988a3a869e7faab69134
1,3,0,1,23,0.1213188599977002,0.093052999999999997,0.028155999999999997,58544128,NA,NA,NA,NA,NA,NA,NA,NA,1433848,711531,19202,64,7fe8e0e1367c4dc75afe736c0ee35e3a3755c0152301f3880ce2412132a22623
1,3,1,0,23,0.11922679499912192,0.08746799999999999,0.031647000000000002,58675200,NA,NA,NA,NA,NA,NA,NA,NA,1433848,711531,19202,64,7fe8e0e1367c4dc75afe736c0ee35e3a3755c0152301f3880ce2412132a22623
1,3,0,0,17,0.0528184879985929,0.044552000000000001,0.0081359999999999991,41750528,NA,NA,NA,NA,NA,NA,NA,NA,1009296,235398,3329,64,46bbbc4439d5a1911d5728e76ba413a577b270d33a6d6f7287d5e66409ad1e95
1,3,1,1,17,0.052185994998581009,0.039938000000000001,0.012137,41512960,NA,NA,NA,NA,NA,NA,NA,NA,1009296,235398,3329,64,46bbbc4439d5a1911d5728e76ba413a577b270d33a6d6f7287d5e66409ad1e95
1,3,0,1,2,0.013529722000384936,0.013422999999999999,0,24870912,NA,NA,NA,NA,NA,NA,NA,NA,2008,133,5,1,8210b4f6eac12a20575e673437437e82cfff653da437ea17992a3aed56a99207
1,3,1,0,2,0.01287229200170259,0.0085039999999999994,0.0042519999999999997,24936448,NA,NA,NA,NA,NA,NA,NA,NA,2008,133,5,1,8210b4f6eac12a20575e673437437e82cfff653da437ea17992a3aed56a99207
1,3,0,0,7,0.021555696999712382,0.017152000000000001,0.0042880000000000001,31416320,NA,NA,NA,NA,NA,NA,NA,NA,126024,51085,1029,1,d6479df97612ac41a8966333a6ef58076a32dad29a20f6bc64e0a5b65673088c
1,3,1,1,7,0.02237479399991571,0.014936,0.0073359999999999996,31408128,NA,NA,NA,NA,NA,NA,NA,NA,126024,51085,1029,1,d6479df97612ac41a8966333a6ef58076a32dad29a20f6bc64e0a5b65673088c
1,3,0,0,6,0.022266554999077925,0.014763,0.0073850000000000001,31080448,NA,NA,NA,NA,NA,NA,NA,NA,126024,51085,1029,1,d6479df97612ac41a8966333a6ef58076a32dad29a20f6bc64e0a5b65673088c
1,3,1,1,6,0.021709843997086864,0.017247999999999999,0.0043479999999999994,31277056,NA,NA,NA,NA,NA,NA,NA,NA,126024,51085,1029,1,d6479df97612ac41a8966333a6ef58076a32dad29a20f6bc64e0a5b65673088c
1,3,0,1,5,0.021686009000404738,0.021578,0,30973952,NA,NA,NA,NA,NA,NA,NA,NA,192736,51085,1029,1,98c15b8b4636441c6e839c68a3bed9dee3bd8ae062882739073db7b7ed7d66f3
1,3,1,0,5,0.021989815999404527,0.010973,0.010912,30949376,NA,NA,NA,NA,NA,NA,NA,NA,192736,51085,1029,1,98c15b8b4636441c6e839c68a3bed9dee3bd8ae062882739073db7b7ed7d66f3
1,3,0,1,11,0.019875039000908146,0.019754000000000001,0,30658560,NA,NA,NA,NA,NA,NA,NA,NA,106320,39898,2049,512,7b8f1ead52d1f75ea51a9518f4611f96b3105a83b8e9ff16958705114f2a13b3
1,3,1,0,11,0.01909070200053975,0.011394,0.0075959999999999995,30674944,NA,NA,NA,NA,NA,NA,NA,NA,106320,39898,2049,512,7b8f1ead52d1f75ea51a9518f4611f96b3105a83b8e9ff16958705114f2a13b3
1,3,0,1,3,0.012996514000406023,0.0042979999999999997,0.0085970000000000005,24616960,NA,NA,NA,NA,NA,NA,NA,NA,2008,133,5,1,8210b4f6eac12a20575e673437437e82cfff653da437ea17992a3aed56a99207
1,3,1,0,3,0.012900202997116139,0.0064089999999999998,0.0064089999999999998,24608768,NA,NA,NA,NA,NA,NA,NA,NA,2008,133,5,1,8210b4f6eac12a20575e673437437e82cfff653da437ea17992a3aed56a99207
1,3,0,1,8,0.020644481999624986,0.012326,0.0082170000000000003,31723520,NA,NA,NA,NA,NA,NA,NA,NA,98128,39898,2049,512,d54e0d3e437f1319c5e0037da4750229225984f79f1ebd587b1323affae587ab
1,3,1,0,8,0.020459841001866153,0.016281999999999998,0.0040699999999999998,31461376,NA,NA,NA,NA,NA,NA,NA,NA,98128,39898,2049,512,d54e0d3e437f1319c5e0037da4750229225984f79f1ebd587b1323affae587ab
1,3,0,0,18,0.047662004002631875,0.0356,0.011953,41160704,NA,NA,NA,NA,NA,NA,NA,NA,742032,235398,3329,64,ef3fe9f327a6ee2b8ff8e0c5cce4ce61f805f0660ce139a533f5137453c188bc
1,3,1,1,18,0.046054213002207689,0.034458999999999997,0.011488999999999999,40833024,NA,NA,NA,NA,NA,NA,NA,NA,742032,235398,3329,64,ef3fe9f327a6ee2b8ff8e0c5cce4ce61f805f0660ce139a533f5137453c188bc
1,3,0,0,0,0.013812537999911001,0.0068509999999999995,0.0068509999999999995,24739840,NA,NA,NA,NA,NA,NA,NA,NA,2008,133,5,1,a8c1633e798ef980493443e67e6fdb6eada42f775edf7051d304d09c3ddadf5a
1,3,1,1,0,0.013255736997962231,0.0087749999999999998,0.0043869999999999994,24674304,NA,NA,NA,NA,NA,NA,NA,NA,2008,133,5,1,a8c1633e798ef980493443e67e6fdb6eada42f775edf7051d304d09c3ddadf5a
1,3,0,1,19,0.046520330000930699,0.027057999999999999,0.019365999999999998,41136128,NA,NA,NA,NA,NA,NA,NA,NA,742032,235398,3329,64,ef3fe9f327a6ee2b8ff8e0c5cce4ce61f805f0660ce139a533f5137453c188bc
1,3,1,0,19,0.046556151999538997,0.042213000000000001,0.0042239999999999995,40964096,NA,NA,NA,NA,NA,NA,NA,NA,742032,235398,3329,64,ef3fe9f327a6ee2b8ff8e0c5cce4ce61f805f0660ce139a533f5137453c188bc
1,3,0,0,4,0.027891089001059299,0.023798999999999997,0.0039659999999999999,28987392,NA,NA,NA,NA,NA,NA,NA,NA,163920,51085,1029,1,3469c6c02ad818b9b840f744b74781f39d0d6d69319fb824d729f7875274b381
1,3,1,1,4,0.028831524999986868,0.020451999999999998,0.0082629999999999995,28852224,NA,NA,NA,NA,NA,NA,NA,NA,163920,51085,1029,1,3469c6c02ad818b9b840f744b74781f39d0d6d69319fb824d729f7875274b381
1,3,0,1,12,0.029963074000988854,0.017058999999999998,0.012794,31498240,NA,NA,NA,NA,NA,NA,NA,NA,313424,280189,4101,1,0f9e44f960c45a3ca86cde574970381ef909d64a6bb2d20a17395bced584502a
1,3,1,0,12,0.029641670000273734,0.029534999999999999,0,31440896,NA,NA,NA,NA,NA,NA,NA,NA,313424,280189,4101,1,0f9e44f960c45a3ca86cde574970381ef909d64a6bb2d20a17395bced584502a
1,4,0,0,6,0.021488877999217948,0.021246999999999999,0,31145984,NA,NA,NA,NA,NA,NA,NA,NA,126024,51085,1029,1,d6479df97612ac41a8966333a6ef58076a32dad29a20f6bc64e0a5b65673088c
1,4,1,1,6,0.021299338000972057,0.014121,0.0070599999999999994,30949376,NA,NA,NA,NA,NA,NA,NA,NA,126024,51085,1029,1,d6479df97612ac41a8966333a6ef58076a32dad29a20f6bc64e0a5b65673088c
1,4,0,1,15,0.02260603499962599,0.017987,0.004496,32317440,NA,NA,NA,NA,NA,NA,NA,NA,247896,280189,4101,1,cf0f1cc1e290dce65809b3140c6f2dc9062a9f452120988a3a869e7faab69134
1,4,1,0,15,0.022261927999352338,0.013287,0.0088579999999999996,32251904,NA,NA,NA,NA,NA,NA,NA,NA,247896,280189,4101,1,cf0f1cc1e290dce65809b3140c6f2dc9062a9f452120988a3a869e7faab69134
1,4,0,1,17,0.052090933997533284,0.047962999999999999,0.003999,41676800,NA,NA,NA,NA,NA,NA,NA,NA,1009296,235398,3329,64,46bbbc4439d5a1911d5728e76ba413a577b270d33a6d6f7287d5e66409ad1e95
1,4,1,0,17,0.054580706000706414,0.041929000000000001,0.012525,41664512,NA,NA,NA,NA,NA,NA,NA,NA,1009296,235398,3329,64,46bbbc4439d5a1911d5728e76ba413a577b270d33a6d6f7287d5e66409ad1e95
1,4,0,1,11,0.01953579700057162,0.019424999999999998,0,30470144,NA,NA,NA,NA,NA,NA,NA,NA,106320,39898,2049,512,7b8f1ead52d1f75ea51a9518f4611f96b3105a83b8e9ff16958705114f2a13b3
1,4,1,0,11,0.019323716001963476,0.0096099999999999988,0.0096099999999999988,30679040,NA,NA,NA,NA,NA,NA,NA,NA,106320,39898,2049,512,7b8f1ead52d1f75ea51a9518f4611f96b3105a83b8e9ff16958705114f2a13b3
1,4,0,1,12,0.030073627000092529,0.021392999999999999,0.0085749999999999993,31506432,NA,NA,NA,NA,NA,NA,NA,NA,313424,280189,4101,1,0f9e44f960c45a3ca86cde574970381ef909d64a6bb2d20a17395bced584502a
1,4,1,0,12,0.030169648998707999,0.025765999999999997,0.0042969999999999996,31637504,NA,NA,NA,NA,NA,NA,NA,NA,313424,280189,4101,1,0f9e44f960c45a3ca86cde574970381ef909d64a6bb2d20a17395bced584502a
1,4,0,0,23,0.11930836500323494,0.086183999999999997,0.03295,58675200,NA,NA,NA,NA,NA,NA,NA,NA,1433848,711531,19202,64,7fe8e0e1367c4dc75afe736c0ee35e3a3755c0152301f3880ce2412132a22623
1,4,1,1,23,0.11868956200123648,0.094806000000000001,0.023750999999999998,58646528,NA,NA,NA,NA,NA,NA,NA,NA,1433848,711531,19202,64,7fe8e0e1367c4dc75afe736c0ee35e3a3755c0152301f3880ce2412132a22623
1,4,0,1,19,0.046479008997266646,0.034748000000000001,0.011599,40374272,NA,NA,NA,NA,NA,NA,NA,NA,742032,235398,3329,64,ef3fe9f327a6ee2b8ff8e0c5cce4ce61f805f0660ce139a533f5137453c188bc
1,4,1,0,19,0.046269489997939672,0.046146,0,41160704,NA,NA,NA,NA,NA,NA,NA,NA,742032,235398,3329,64,ef3fe9f327a6ee2b8ff8e0c5cce4ce61f805f0660ce139a533f5137453c188bc
1,4,0,0,3,0.013340421999600949,0.006698,0.0065399999999999998,24936448,NA,NA,NA,NA,NA,NA,NA,NA,2008,133,5,1,8210b4f6eac12a20575e673437437e82cfff653da437ea17992a3aed56a99207
1,4,1,1,3,0.013020790000155102,0.012943999999999999,0,24801280,NA,NA,NA,NA,NA,NA,NA,NA,2008,133,5,1,8210b4f6eac12a20575e673437437e82cfff653da437ea17992a3aed56a99207
1,4,0,0,16,0.057747415998164797,0.049770999999999996,0.0078580000000000004,43044864,NA,NA,NA,NA,NA,NA,NA,NA,1082000,235398,3329,64,0a2640f1e20aa1aa539adbeb18cdf2a1ebe47a1dc573029aa0c35ed433364c04
1,4,1,1,16,0.057453202000033343,0.049199,0.0081349999999999999,42868736,NA,NA,NA,NA,NA,NA,NA,NA,1082000,235398,3329,64,0a2640f1e20aa1aa539adbeb18cdf2a1ebe47a1dc573029aa0c35ed433364c04
1,4,0,0,1,0.013730978000239702,0.010215999999999999,0.003405,24870912,NA,NA,NA,NA,NA,NA,NA,NA,2056,133,5,1,6b21b079ef6f8f7f055926600e53b906dd7be041e021dd2791b7aa8c55e24585
1,4,1,1,1,0.013852677002432756,0.0090919999999999994,0.0046480000000000002,24084480,NA,NA,NA,NA,NA,NA,NA,NA,2056,133,5,1,6b21b079ef6f8f7f055926600e53b906dd7be041e021dd2791b7aa8c55e24585
1,4,0,0,10,0.020534901002974948,0.020424999999999999,0,30629888,NA,NA,NA,NA,NA,NA,NA,NA,106320,39898,2049,512,7b8f1ead52d1f75ea51a9518f4611f96b3105a83b8e9ff16958705114f2a13b3
1,4,1,1,10,0.019381150003027869,0.019254999999999998,0,30543872,NA,NA,NA,NA,NA,NA,NA,NA,106320,39898,2049,512,7b8f1ead52d1f75ea51a9518f4611f96b3105a83b8e9ff16958705114f2a13b3
1,4,0,0,7,0.021534665000217501,0.012915999999999999,0.008515,31461376,NA,NA,NA,NA,NA,NA,NA,NA,126024,51085,1029,1,d6479df97612ac41a8966333a6ef58076a32dad29a20f6bc64e0a5b65673088c
1,4,1,1,7,0.021402721002232283,0.014204999999999999,0.0071019999999999998,31211520,NA,NA,NA,NA,NA,NA,NA,NA,126024,51085,1029,1,d6479df97612ac41a8966333a6ef58076a32dad29a20f6bc64e0a5b65673088c
1,4,0,1,0,0.013167866996809607,0.013059999999999999,0,24674304,NA,NA,NA,NA,NA,NA,NA,NA,2008,133,5,1,a8c1633e798ef980493443e67e6fdb6eada42f775edf7051d304d09c3ddadf5a
1,4,1,0,0,0.014379434000147739,0.00694,0.0073359999999999996,24805376,NA,NA,NA,NA,NA,NA,NA,NA,2008,133,5,1,a8c1633e798ef980493443e67e6fdb6eada42f775edf7051d304d09c3ddadf5a
1,4,0,0,18,0.046041052999498788,0.033419999999999998,0.012522999999999999,41160704,NA,NA,NA,NA,NA,NA,NA,NA,742032,235398,3329,64,ef3fe9f327a6ee2b8ff8e0c5cce4ce61f805f0660ce139a533f5137453c188bc
1,4,1,1,18,0.046436687000095844,0.034748999999999995,0.011583,41029632,NA,NA,NA,NA,NA,NA,NA,NA,742032,235398,3329,64,ef3fe9f327a6ee2b8ff8e0c5cce4ce61f805f0660ce139a533f5137453c188bc
1,4,0,0,2,0.013279332000820432,0.0087889999999999999,0.0043939999999999995,24780800,NA,NA,NA,NA,NA,NA,NA,NA,2008,133,5,1,8210b4f6eac12a20575e673437437e82cfff653da437ea17992a3aed56a99207
1,4,1,1,2,0.012926721999974689,0.0085620000000000002,0.0042810000000000001,24862720,NA,NA,NA,NA,NA,NA,NA,NA,2008,133,5,1,8210b4f6eac12a20575e673437437e82cfff653da437ea17992a3aed56a99207
1,4,0,0,14,0.022118625998700736,0.014681,0.0073399999999999993,32227328,NA,NA,NA,NA,NA,NA,NA,NA,247896,280189,4101,1,cf0f1cc1e290dce65809b3140c6f2dc9062a9f452120988a3a869e7faab69134
1,4,1,1,14,0.022051488002034603,0.010974999999999999,0.010974999999999999,31965184,NA,NA,NA,NA,NA,NA,NA,NA,247896,280189,4101,1,cf0f1cc1e290dce65809b3140c6f2dc9062a9f452120988a3a869e7faab69134
1,4,0,1,13,0.021955545998935122,0.014572999999999999,0.0072859999999999999,32215040,NA,NA,NA,NA,NA,NA,NA,NA,313536,280189,4101,1,5a04cd3dab823e43a4d317f4a27057eec5b1fcaecf9843229a14a897b95f1f29
1,4,1,0,13,0.022061062001739629,0.018300999999999998,0.0036619999999999999,32358400,NA,NA,NA,NA,NA,NA,NA,NA,313536,280189,4101,1,5a04cd3dab823e43a4d317f4a27057eec5b1fcaecf9843229a14a897b95f1f29
1,4,0,1,22,0.1057864949980285,0.077230999999999994,0.028452999999999999,57561088,NA,NA,NA,NA,NA,NA,NA,NA,1433848,711531,19202,64,7fe8e0e1367c4dc75afe736c0ee35e3a3755c0152301f3880ce2412132a22623
1,4,1,0,22,0.10419778300274629,0.092061999999999991,0.012022,58310656,NA,NA,NA,NA,NA,NA,NA,NA,1433848,711531,19202,64,7fe8e0e1367c4dc75afe736c0ee35e3a3755c0152301f3880ce2412132a22623
1,4,0,0,8,0.020952146998752141,0.016656999999999998,0.0041669999999999997,31461376,NA,NA,NA,NA,NA,NA,NA,NA,98128,39898,2049,512,d54e0d3e437f1319c5e0037da4750229225984f79f1ebd587b1323affae587ab
1,4,1,1,8,0.020421674998942763,0.012104,0.008206999999999999,31764480,NA,NA,NA,NA,NA,NA,NA,NA,98128,39898,2049,512,d54e0d3e437f1319c5e0037da4750229225984f79f1ebd587b1323affae587ab
1,4,0,0,5,0.021662594001099933,0.017219999999999999,0.0043340000000000002,31223808,NA,NA,NA,NA,NA,NA,NA,NA,192736,51085,1029,1,98c15b8b4636441c6e839c68a3bed9dee3bd8ae062882739073db7b7ed7d66f3
1,4,1,1,5,0.022061111998482374,0.018283000000000001,0.0036709999999999998,31014912,NA,NA,NA,NA,NA,NA,NA,NA,192736,51085,1029,1,98c15b8b4636441c6e839c68a3bed9dee3bd8ae062882739073db7b7ed7d66f3
1,4,0,0,21,0.10927610100043239,0.093018999999999991,0.016132000000000001,60489728,NA,NA,NA,NA,NA,NA,NA,NA,2209528,711531,19202,64,955dcf7525f03629d689feea1585905e0b8700805efb32f241197b1ebcb41ffa
1,4,1,1,21,0.10620994000055362,0.093686999999999993,0.012404,60313600,NA,NA,NA,NA,NA,NA,NA,NA,2209528,711531,19202,64,955dcf7525f03629d689feea1585905e0b8700805efb32f241197b1ebcb41ffa
1,4,0,0,4,0.02928367300046375,0.020940999999999998,0.0082290000000000002,28590080,NA,NA,NA,NA,NA,NA,NA,NA,163920,51085,1029,1,3469c6c02ad818b9b840f744b74781f39d0d6d69319fb824d729f7875274b381
1,4,1,1,4,0.028884073002700461,0.02155,0.007234,28786688,NA,NA,NA,NA,NA,NA,NA,NA,163920,51085,1029,1,3469c6c02ad818b9b840f744b74781f39d0d6d69319fb824d729f7875274b381
1,4,0,0,20,0.12737840600311756,0.11554499999999999,0.011686999999999999,60510208,NA,NA,NA,NA,NA,NA,NA,NA,1746680,711531,19202,64,e4041ce2b5b6df572ca4d0ca66e6006ad368116646e82963f7e9550b84ab78ca
1,4,1,1,20,0.12733364000087022,0.115119,0.012079999999999999,60116992,NA,NA,NA,NA,NA,NA,NA,NA,1746680,711531,19202,64,e4041ce2b5b6df572ca4d0ca66e6006ad368116646e82963f7e9550b84ab78ca
1,4,0,0,9,0.019667251999635482,0.015633999999999999,0.0039189999999999997,30806016,NA,NA,NA,NA,NA,NA,NA,NA,147280,39898,2049,512,02ee45f00f5fa967779eb017bd9c1965526161af8ee6a0f23a31a68b3dbbac77
1,4,1,1,9,0.019023501998162828,0.0037849999999999997,0.015139999999999999,30806016,NA,NA,NA,NA,NA,NA,NA,NA,147280,39898,2049,512,02ee45f00f5fa967779eb017bd9c1965526161af8ee6a0f23a31a68b3dbbac77
1,5,0,0,19,0.045566352997411741,0.037888999999999999,0.0075659999999999998,41070592,NA,NA,NA,NA,NA,NA,NA,NA,742032,235398,3329,64,ef3fe9f327a6ee2b8ff8e0c5cce4ce61f805f0660ce139a533f5137453c188bc
1,5,1,1,19,0.045884361999924295,0.033291999999999995,0.012483999999999999,40374272,NA,NA,NA,NA,NA,NA,NA,NA,742032,235398,3329,64,ef3fe9f327a6ee2b8ff8e0c5cce4ce61f805f0660ce139a533f5137453c188bc
1,5,0,0,13,0.022267054999247193,0.0036949999999999999,0.018442,32256000,NA,NA,NA,NA,NA,NA,NA,NA,313536,280189,4101,1,5a04cd3dab823e43a4d317f4a27057eec5b1fcaecf9843229a14a897b95f1f29
1,5,1,1,13,0.022434172002249397,0.011027,0.011283,32423936,NA,NA,NA,NA,NA,NA,NA,NA,313536,280189,4101,1,5a04cd3dab823e43a4d317f4a27057eec5b1fcaecf9843229a14a897b95f1f29
1,5,0,0,0,0.01382112099963706,0.0090910000000000001,0.0046280000000000002,24924160,NA,NA,NA,NA,NA,NA,NA,NA,2008,133,5,1,a8c1633e798ef980493443e67e6fdb6eada42f775edf7051d304d09c3ddadf5a
1,5,1,1,0,0.013379520001763012,0.0099659999999999992,0.0033219999999999999,24686592,NA,NA,NA,NA,NA,NA,NA,NA,2008,133,5,1,a8c1633e798ef980493443e67e6fdb6eada42f775edf7051d304d09c3ddadf5a
1,5,0,0,11,0.019014499997865641,0.011349999999999999,0.0075669999999999999,30629888,NA,NA,NA,NA,NA,NA,NA,NA,106320,39898,2049,512,7b8f1ead52d1f75ea51a9518f4611f96b3105a83b8e9ff16958705114f2a13b3
1,5,1,1,11,0.019053846997849178,0.01136,0.0076,30531584,NA,NA,NA,NA,NA,NA,NA,NA,106320,39898,2049,512,7b8f1ead52d1f75ea51a9518f4611f96b3105a83b8e9ff16958705114f2a13b3
1,5,0,1,23,0.12063239800045267,0.100368,0.0201,58675200,NA,NA,NA,NA,NA,NA,NA,NA,1433848,711531,19202,64,7fe8e0e1367c4dc75afe736c0ee35e3a3755c0152301f3880ce2412132a22623
1,5,1,0,23,0.1190473300011945,0.102323,0.016583000000000001,58544128,NA,NA,NA,NA,NA,NA,NA,NA,1433848,711531,19202,64,7fe8e0e1367c4dc75afe736c0ee35e3a3755c0152301f3880ce2412132a22623
1,5,0,1,3,0.014078951000556117,0.0045179999999999994,0.0094149999999999998,24739840,NA,NA,NA,NA,NA,NA,NA,NA,2008,133,5,1,8210b4f6eac12a20575e673437437e82cfff653da437ea17992a3aed56a99207
1,5,1,0,3,0.013852387000952149,0.013755,0,24834048,NA,NA,NA,NA,NA,NA,NA,NA,2008,133,5,1,8210b4f6eac12a20575e673437437e82cfff653da437ea17992a3aed56a99207
1,5,0,0,12,0.030432286002906039,0.022669999999999999,0.0076489999999999995,31514624,NA,NA,NA,NA,NA,NA,NA,NA,313424,280189,4101,1,0f9e44f960c45a3ca86cde574970381ef909d64a6bb2d20a17395bced584502a
1,5,1,1,12,0.03164564499820699,0.023792999999999998,0.0077389999999999994,31244288,NA,NA,NA,NA,NA,NA,NA,NA,313424,280189,4101,1,0f9e44f960c45a3ca86cde574970381ef909d64a6bb2d20a17395bced584502a
1,5,0,1,21,0.1107132700017246,0.094154000000000002,0.016438999999999999,60379136,NA,NA,NA,NA,NA,NA,NA,NA,2209528,711531,19202,64,955dcf7525f03629d689feea1585905e0b8700805efb32f241197b1ebcb41ffa
1,5,1,0,21,0.10627385399857303,0.085463999999999998,0.020652,60379136,NA,NA,NA,NA,NA,NA,NA,NA,2209528,711531,19202,64,955dcf7525f03629d689feea1585905e0b8700805efb32f241197b1ebcb41ffa
1,5,0,1,20,0.13539674499770626,0.10725899999999999,0.027965,60104704,NA,NA,NA,NA,NA,NA,NA,NA,1746680,711531,19202,64,e4041ce2b5b6df572ca4d0ca66e6006ad368116646e82963f7e9550b84ab78ca
1,5,1,0,20,0.13695194300089497,0.12889399999999998,0.0079309999999999988,60051456,NA,NA,NA,NA,NA,NA,NA,NA,1746680,711531,19202,64,e4041ce2b5b6df572ca4d0ca66e6006ad368116646e82963f7e9550b84ab78ca
1,5,0,1,18,0.048670169999240898,0.028384,0.020140999999999999,40243200,NA,NA,NA,NA,NA,NA,NA,NA,742032,235398,3329,64,ef3fe9f327a6ee2b8ff8e0c5cce4ce61f805f0660ce139a533f5137453c188bc
1,5,1,0,18,0.047966242000256898,0.035895999999999997,0.011961999999999999,41050112,NA,NA,NA,NA,NA,NA,NA,NA,742032,235398,3329,64,ef3fe9f327a6ee2b8ff8e0c5cce4ce61f805f0660ce139a533f5137453c188bc
1,5,0,0,17,0.053212318001897074,0.040712999999999999,0.012378999999999999,41357312,NA,NA,NA,NA,NA,NA,NA,NA,1009296,235398,3329,64,46bbbc4439d5a1911d5728e76ba413a577b270d33a6d6f7287d5e66409ad1e95
1,5,1,1,17,0.054721913998946548,0.039139,0.015451999999999999,41750528,NA,NA,NA,NA,NA,NA,NA,NA,1009296,235398,3329,64,46bbbc4439d5a1911d5728e76ba413a577b270d33a6d6f7287d5e66409ad1e95
1,5,0,0,22,0.11102129500068258,0.086398000000000003,0.024496999999999998,58228736,NA,NA,NA,NA,NA,NA,NA,NA,1433848,711531,19202,64,7fe8e0e1367c4dc75afe736c0ee35e3a3755c0152301f3880ce2412132a22623
1,5,1,1,22,0.21169762399949832,0.11980499999999999,0.089732999999999993,58073088,NA,NA,NA,NA,NA,NA,NA,NA,1433848,711531,19202,64,7fe8e0e1367c4dc75afe736c0ee35e3a3755c0152301f3880ce2412132a22623
1,5,0,1,2,0.12963431200114428,0.0039389999999999998,0.12525999999999998,24674304,NA,NA,NA,NA,NA,NA,NA,NA,2008,133,5,1,8210b4f6eac12a20575e673437437e82cfff653da437ea17992a3aed56a99207
1,5,1,0,2,0.021573142999841366,0.01702,0.0043419999999999995,24690688,NA,NA,NA,NA,NA,NA,NA,NA,2008,133,5,1,8210b4f6eac12a20575e673437437e82cfff653da437ea17992a3aed56a99207
1,5,0,1,8,0.056748823000816628,0.019144999999999999,0.037172999999999998,31776768,NA,NA,NA,NA,NA,NA,NA,NA,98128,39898,2049,512,d54e0d3e437f1319c5e0037da4750229225984f79f1ebd587b1323affae587ab
1,5,1,0,8,0.022677179997117491,0.018775,0.003774,31825920,NA,NA,NA,NA,NA,NA,NA,NA,98128,39898,2049,512,d54e0d3e437f1319c5e0037da4750229225984f79f1ebd587b1323affae587ab
1,5,0,1,4,0.02932262999820523,0.025513999999999998,0.003673,28942336,NA,NA,NA,NA,NA,NA,NA,NA,163920,51085,1029,1,3469c6c02ad818b9b840f744b74781f39d0d6d69319fb824d729f7875274b381
1,5,1,0,4,0.029615431998536224,0.025149999999999999,0.0042420000000000001,28983296,NA,NA,NA,NA,NA,NA,NA,NA,163920,51085,1029,1,3469c6c02ad818b9b840f744b74781f39d0d6d69319fb824d729f7875274b381
1,5,0,1,1,0.015729754999483703,0.015604999999999999,0,24645632,NA,NA,NA,NA,NA,NA,NA,NA,2056,133,5,1,6b21b079ef6f8f7f055926600e53b906dd7be041e021dd2791b7aa8c55e24585
1,5,1,0,1,0.014463537998381071,0.010093999999999999,0.0042069999999999998,24739840,NA,NA,NA,NA,NA,NA,NA,NA,2056,133,5,1,6b21b079ef6f8f7f055926600e53b906dd7be041e021dd2791b7aa8c55e24585
1,5,0,1,5,0.022075152999605052,0.017484,0.0044279999999999996,31133696,NA,NA,NA,NA,NA,NA,NA,NA,192736,51085,1029,1,98c15b8b4636441c6e839c68a3bed9dee3bd8ae062882739073db7b7ed7d66f3
1,5,1,0,5,0.021909649000008358,0.012969,0.0088179999999999994,31105024,NA,NA,NA,NA,NA,NA,NA,NA,192736,51085,1029,1,98c15b8b4636441c6e839c68a3bed9dee3bd8ae062882739073db7b7ed7d66f3
1,5,0,0,15,0.029827374000888085,0.022572999999999999,0.007136,32358400,NA,NA,NA,NA,NA,NA,NA,NA,247896,280189,4101,1,cf0f1cc1e290dce65809b3140c6f2dc9062a9f452120988a3a869e7faab69134
1,5,1,1,15,0.024710348996450193,0.024589,0,32292864,NA,NA,NA,NA,NA,NA,NA,NA,247896,280189,4101,1,cf0f1cc1e290dce65809b3140c6f2dc9062a9f452120988a3a869e7faab69134
1,5,0,1,9,0.022126899999420857,0.017596000000000001,0.0044180000000000001,30531584,NA,NA,NA,NA,NA,NA,NA,NA,147280,39898,2049,512,02ee45f00f5fa967779eb017bd9c1965526161af8ee6a0f23a31a68b3dbbac77
1,5,1,0,9,0.021938821999356151,0.018002999999999998,0.0038059999999999999,30740480,NA,NA,NA,NA,NA,NA,NA,NA,147280,39898,2049,512,02ee45f00f5fa967779eb017bd9c1965526161af8ee6a0f23a31a68b3dbbac77
1,5,0,1,14,0.027244135002547409,0.0189,0.0082319999999999997,32206848,NA,NA,NA,NA,NA,NA,NA,NA,247896,280189,4101,1,cf0f1cc1e290dce65809b3140c6f2dc9062a9f452120988a3a869e7faab69134
1,5,1,0,14,0.026620205000654096,0.017305000000000001,0.0090130000000000002,32292864,NA,NA,NA,NA,NA,NA,NA,NA,247896,280189,4101,1,cf0f1cc1e290dce65809b3140c6f2dc9062a9f452120988a3a869e7faab69134
1,5,0,1,7,0.023015187998680631,0.018366999999999998,0.0044889999999999999,31539200,NA,NA,NA,NA,NA,NA,NA,NA,126024,51085,1029,1,d6479df97612ac41a8966333a6ef58076a32dad29a20f6bc64e0a5b65673088c
1,5,1,0,7,0.024494581000908511,0.016267999999999998,0.008071,31440896,NA,NA,NA,NA,NA,NA,NA,NA,126024,51085,1029,1,d6479df97612ac41a8966333a6ef58076a32dad29a20f6bc64e0a5b65673088c
1,5,0,1,6,0.024410967002040707,0.012203,0.012074999999999999,31068160,NA,NA,NA,NA,NA,NA,NA,NA,126024,51085,1029,1,d6479df97612ac41a8966333a6ef58076a32dad29a20f6bc64e0a5b65673088c
1,5,1,0,6,0.025177376999636181,0.016413999999999998,0.0085579999999999996,31174656,NA,NA,NA,NA,NA,NA,NA,NA,126024,51085,1029,1,d6479df97612ac41a8966333a6ef58076a32dad29a20f6bc64e0a5b65673088c
1,5,0,1,10,0.021190177998505533,0.016646999999999999,0.0044120000000000001,30511104,NA,NA,NA,NA,NA,NA,NA,NA,106320,39898,2049,512,7b8f1ead52d1f75ea51a9518f4611f96b3105a83b8e9ff16958705114f2a13b3
1,5,1,0,10,0.021979220000503119,0.017583999999999999,0.0039379999999999997,30740480,NA,NA,NA,NA,NA,NA,NA,NA,106320,39898,2049,512,7b8f1ead52d1f75ea51a9518f4611f96b3105a83b8e9ff16958705114f2a13b3
1,5,0,1,16,0.10652572499748203,0.042991999999999995,0.063136999999999999,42995712,NA,NA,NA,NA,NA,NA,NA,NA,1082000,235398,3329,64,0a2640f1e20aa1aa539adbeb18cdf2a1ebe47a1dc573029aa0c35ed433364c04
1,5,1,0,16,0.064612940001097741,0.056142999999999998,0.0083590000000000001,43139072,NA,NA,NA,NA,NA,NA,NA,NA,1082000,235398,3329,64,0a2640f1e20aa1aa539adbeb18cdf2a1ebe47a1dc573029aa0c35ed433364c04
1,6,0,0,14,0.022807473000284517,0.013594999999999999,0.0090629999999999999,32174080,NA,NA,NA,NA,NA,NA,NA,NA,247896,280189,4101,1,cf0f1cc1e290dce65809b3140c6f2dc9062a9f452120988a3a869e7faab69134
1,6,1,1,14,0.025946546000341186,0.018675999999999998,0.0071329999999999996,32153600,NA,NA,NA,NA,NA,NA,NA,NA,247896,280189,4101,1,cf0f1cc1e290dce65809b3140c6f2dc9062a9f452120988a3a869e7faab69134
1,6,0,0,12,0.033003357002598932,0.024743999999999999,0.0081460000000000005,31698944,NA,NA,NA,NA,NA,NA,NA,NA,313424,280189,4101,1,0f9e44f960c45a3ca86cde574970381ef909d64a6bb2d20a17395bced584502a
1,6,1,1,12,0.031429446000402095,0.026699000000000001,0.0046129999999999999,31571968,NA,NA,NA,NA,NA,NA,NA,NA,313424,280189,4101,1,0f9e44f960c45a3ca86cde574970381ef909d64a6bb2d20a17395bced584502a
1,6,0,1,19,0.048855424000066705,0.028495999999999997,0.020223999999999999,41095168,NA,NA,NA,NA,NA,NA,NA,NA,742032,235398,3329,64,ef3fe9f327a6ee2b8ff8e0c5cce4ce61f805f0660ce139a533f5137453c188bc
1,6,1,0,19,0.050682136999967042,0.039496999999999997,0.011044999999999999,41082880,NA,NA,NA,NA,NA,NA,NA,NA,742032,235398,3329,64,ef3fe9f327a6ee2b8ff8e0c5cce4ce61f805f0660ce139a533f5137453c188bc
1,6,0,1,9,0.023472032000427134,0.023327999999999998,0,30478336,NA,NA,NA,NA,NA,NA,NA,NA,147280,39898,2049,512,02ee45f00f5fa967779eb017bd9c1965526161af8ee6a0f23a31a68b3dbbac77
1,6,1,0,9,0.021066866000182927,0.016659999999999998,0.0042929999999999999,30740480,NA,NA,NA,NA,NA,NA,NA,NA,147280,39898,2049,512,02ee45f00f5fa967779eb017bd9c1965526161af8ee6a0f23a31a68b3dbbac77
1,6,0,1,4,0.03082319299937808,0.026801999999999999,0.0039229999999999994,28602368,NA,NA,NA,NA,NA,NA,NA,NA,163920,51085,1029,1,3469c6c02ad818b9b840f744b74781f39d0d6d69319fb824d729f7875274b381
1,6,1,0,4,0.029366634000325575,0.029259,0,28831744,NA,NA,NA,NA,NA,NA,NA,NA,163920,51085,1029,1,3469c6c02ad818b9b840f744b74781f39d0d6d69319fb824d729f7875274b381
1,6,0,1,13,0.024054911998973694,0.015927999999999998,0.0079959999999999996,32407552,NA,NA,NA,NA,NA,NA,NA,NA,313536,280189,4101,1,5a04cd3dab823e43a4d317f4a27057eec5b1fcaecf9843229a14a897b95f1f29
1,6,1,0,13,0.024052779001067393,0.012237999999999999,0.011653999999999999,32342016,NA,NA,NA,NA,NA,NA,NA,NA,313536,280189,4101,1,5a04cd3dab823e43a4d317f4a27057eec5b1fcaecf9843229a14a897b95f1f29
1,6,0,1,23,0.17477036999844131,0.105519,0.069096999999999992,58494976,NA,NA,NA,NA,NA,NA,NA,NA,1433848,711531,19202,64,7fe8e0e1367c4dc75afe736c0ee35e3a3755c0152301f3880ce2412132a22623
1,6,1,0,23,0.1219605349979247,0.101966,0.019865000000000001,58609664,NA,NA,NA,NA,NA,NA,NA,NA,1433848,711531,19202,64,7fe8e0e1367c4dc75afe736c0ee35e3a3755c0152301f3880ce2412132a22623
1,6,0,1,18,0.049209405002329731,0.044854999999999999,0.0042220000000000001,40779776,NA,NA,NA,NA,NA,NA,NA,NA,742032,235398,3329,64,ef3fe9f327a6ee2b8ff8e0c5cce4ce61f805f0660ce139a533f5137453c188bc
1,6,1,0,18,0.046999766000226373,0.039002999999999996,0.0078729999999999998,41144320,NA,NA,NA,NA,NA,NA,NA,NA,742032,235398,3329,64,ef3fe9f327a6ee2b8ff8e0c5cce4ce61f805f0660ce139a533f5137453c188bc
1,6,0,0,16,0.059278974000335438,0.047169999999999997,0.011923999999999999,43020288,NA,NA,NA,NA,NA,NA,NA,NA,1082000,235398,3329,64,0a2640f1e20aa1aa539adbeb18cdf2a1ebe47a1dc573029aa0c35ed433364c04
1,6,1,1,16,0.060667371999443276,0.052277999999999998,0.008258999999999999,43126784,NA,NA,NA,NA,NA,NA,NA,NA,1082000,235398,3329,64,0a2640f1e20aa1aa539adbeb18cdf2a1ebe47a1dc573029aa0c35ed433364c04
1,6,0,0,10,0.01948163799897884,0.015475999999999998,0.003885,30740480,NA,NA,NA,NA,NA,NA,NA,NA,106320,39898,2049,512,7b8f1ead52d1f75ea51a9518f4611f96b3105a83b8e9ff16958705114f2a13b3
1,6,1,1,10,0.01923026700023911,0.0075589999999999997,0.011559999999999999,30408704,NA,NA,NA,NA,NA,NA,NA,NA,106320,39898,2049,512,7b8f1ead52d1f75ea51a9518f4611f96b3105a83b8e9ff16958705114f2a13b3
1,6,0,1,22,0.11173676999896998,0.087646000000000002,0.023975,58081280,NA,NA,NA,NA,NA,NA,NA,NA,1433848,711531,19202,64,7fe8e0e1367c4dc75afe736c0ee35e3a3755c0152301f3880ce2412132a22623
1,6,1,0,22,0.12018594999972265,0.087649999999999992,0.032409,58413056,NA,NA,NA,NA,NA,NA,NA,NA,1433848,711531,19202,64,7fe8e0e1367c4dc75afe736c0ee35e3a3755c0152301f3880ce2412132a22623
1,6,0,1,1,0.019921635997889098,0.0075189999999999996,0.012185999999999999,24543232,NA,NA,NA,NA,NA,NA,NA,NA,2056,133,5,1,6b21b079ef6f8f7f055926600e53b906dd7be041e021dd2791b7aa8c55e24585
1,6,1,0,1,0.015971742999681737,0.015845999999999999,0,24805376,NA,NA,NA,NA,NA,NA,NA,NA,2056,133,5,1,6b21b079ef6f8f7f055926600e53b906dd7be041e021dd2791b7aa8c55e24585
1,6,0,1,17,0.055370369998854585,0.039359999999999999,0.015886999999999998,41553920,NA,NA,NA,NA,NA,NA,NA,NA,1009296,235398,3329,64,46bbbc4439d5a1911d5728e76ba413a577b270d33a6d6f7287d5e66409ad1e95
1,6,1,0,17,0.062096689001919003,0.050491999999999995,0.011474999999999999,41422848,NA,NA,NA,NA,NA,NA,NA,NA,1009296,235398,3329,64,46bbbc4439d5a1911d5728e76ba413a577b270d33a6d6f7287d5e66409ad1e95
1,6,0,1,15,0.039564774000609759,0.033943000000000001,0.0050219999999999996,32202752,NA,NA,NA,NA,NA,NA,NA,NA,247896,280189,4101,1,cf0f1cc1e290dce65809b3140c6f2dc9062a9f452120988a3a869e7faab69134
1,6,1,0,15,0.025492592001683079,0.012589999999999999,0.012749,32346112,NA,NA,NA,NA,NA,NA,NA,NA,247896,280189,4101,1,cf0f1cc1e290dce65809b3140c6f2dc9062a9f452120988a3a869e7faab69134
1,6,0,1,8,0.024808256999676814,0.020357999999999998,0.0043099999999999996,31854592,NA,NA,NA,NA,NA,NA,NA,NA,98128,39898,2049,512,d54e0d3e437f1319c5e0037da4750229225984f79f1ebd587b1323affae587ab
1,6,1,0,8,0.02370281300318311,0.019619999999999999,0.0039509999999999997,31789056,NA,NA,NA,NA,NA,NA,NA,NA,98128,39898,2049,512,d54e0d3e437f1319c5e0037da4750229225984f79f1ebd587b1323affae587ab
1,6,0,0,5,0.027955513000051724,0.023549,0.0042560000000000002,31223808,NA,NA,NA,NA,NA,NA,NA,NA,192736,51085,1029,1,98c15b8b4636441c6e839c68a3bed9dee3bd8ae062882739073db7b7ed7d66f3
1,6,1,1,5,0.030933555000956403,0.026102999999999998,0.0046779999999999999,30998528,NA,NA,NA,NA,NA,NA,NA,NA,192736,51085,1029,1,98c15b8b4636441c6e839c68a3bed9dee3bd8ae062882739073db7b7ed7d66f3
1,6,0,0,3,0.020268358002795139,0.011802999999999999,0.0083289999999999996,24608768,NA,NA,NA,NA,NA,NA,NA,NA,2008,133,5,1,8210b4f6eac12a20575e673437437e82cfff653da437ea17992a3aed56a99207
1,6,1,1,3,0.018416607999824919,0.010026,0.0080719999999999993,24662016,NA,NA,NA,NA,NA,NA,NA,NA,2008,133,5,1,8210b4f6eac12a20575e673437437e82cfff653da437ea17992a3aed56a99207
1,6,0,1,11,0.02769497000190313,0.022727999999999998,0.0048409999999999998,30560256,NA,NA,NA,NA,NA,NA,NA,NA,106320,39898,2049,512,7b8f1ead52d1f75ea51a9518f4611f96b3105a83b8e9ff16958705114f2a13b3
1,6,1,0,11,0.026676176999899326,0.0088179999999999994,0.017651,30674944,NA,NA,NA,NA,NA,NA,NA,NA,106320,39898,2049,512,7b8f1ead52d1f75ea51a9518f4611f96b3105a83b8e9ff16958705114f2a13b3
1,6,0,0,7,0.024397387001954485,0.016139000000000001,0.0080929999999999995,31408128,NA,NA,NA,NA,NA,NA,NA,NA,126024,51085,1029,1,d6479df97612ac41a8966333a6ef58076a32dad29a20f6bc64e0a5b65673088c
1,6,1,1,7,0.025672397001471836,0.012416999999999999,0.013132,31330304,NA,NA,NA,NA,NA,NA,NA,NA,126024,51085,1029,1,d6479df97612ac41a8966333a6ef58076a32dad29a20f6bc64e0a5b65673088c
1,6,0,0,6,0.022689088000333868,0.013358,0.0092239999999999996,31256576,NA,NA,NA,NA,NA,NA,NA,NA,126024,51085,1029,1,d6479df97612ac41a8966333a6ef58076a32dad29a20f6bc64e0a5b65673088c
1,6,1,1,6,0.02538441300202976,0.014138999999999999,0.011139999999999999,31277056,NA,NA,NA,NA,NA,NA,NA,NA,126024,51085,1029,1,d6479df97612ac41a8966333a6ef58076a32dad29a20f6bc64e0a5b65673088c
1,6,0,1,21,0.14958867699897382,0.087055999999999994,0.062393999999999998,60231680,NA,NA,NA,NA,NA,NA,NA,NA,2209528,711531,19202,64,955dcf7525f03629d689feea1585905e0b8700805efb32f241197b1ebcb41ffa
1,6,1,0,21,0.11823468200236675,0.090661999999999993,0.027371999999999997,60489728,NA,NA,NA,NA,NA,NA,NA,NA,2209528,711531,19202,64,955dcf7525f03629d689feea1585905e0b8700805efb32f241197b1ebcb41ffa
1,6,0,1,20,0.13213551999797346,0.116007,0.015910000000000001,60063744,NA,NA,NA,NA,NA,NA,NA,NA,1746680,711531,19202,64,e4041ce2b5b6df572ca4d0ca66e6006ad368116646e82963f7e9550b84ab78ca
1,6,1,0,20,0.13921312699676491,0.12175499999999999,0.014551,60444672,NA,NA,NA,NA,NA,NA,NA,NA,1746680,711531,19202,64,e4041ce2b5b6df572ca4d0ca66e6006ad368116646e82963f7e9550b84ab78ca
1,6,0,1,2,0.013933516001998214,0.0092519999999999998,0.0045579999999999996,24756224,NA,NA,NA,NA,NA,NA,NA,NA,2008,133,5,1,8210b4f6eac12a20575e673437437e82cfff653da437ea17992a3aed56a99207
1,6,1,0,2,0.013473719001922291,0.0066409999999999993,0.006718,25001984,NA,NA,NA,NA,NA,NA,NA,NA,2008,133,5,1,8210b4f6eac12a20575e673437437e82cfff653da437ea17992a3aed56a99207
1,6,0,0,0,0.013345418999961112,0.013240999999999999,0,24477696,NA,NA,NA,NA,NA,NA,NA,NA,2008,133,5,1,a8c1633e798ef980493443e67e6fdb6eada42f775edf7051d304d09c3ddadf5a
1,6,1,1,0,0.020000894000986591,0.015960999999999999,0.0039099999999999994,24805376,NA,NA,NA,NA,NA,NA,NA,NA,2008,133,5,1,a8c1633e798ef980493443e67e6fdb6eada42f775edf7051d304d09c3ddadf5a
1,7,0,1,10,0.029330190998734906,0.016652,0.012515999999999999,30412800,NA,NA,NA,NA,NA,NA,NA,NA,106320,39898,2049,512,7b8f1ead52d1f75ea51a9518f4611f96b3105a83b8e9ff16958705114f2a13b3
1,7,1,0,10,0.020331817999249324,0.01213,0.0080660000000000003,30638080,NA,NA,NA,NA,NA,NA,NA,NA,106320,39898,2049,512,7b8f1ead52d1f75ea51a9518f4611f96b3105a83b8e9ff16958705114f2a13b3
1,7,0,0,15,0.027383299999200972,0.012445999999999999,0.014782,32423936,NA,NA,NA,NA,NA,NA,NA,NA,247896,280189,4101,1,cf0f1cc1e290dce65809b3140c6f2dc9062a9f452120988a3a869e7faab69134
1,7,1,1,15,0.024113498999213334,0.015938000000000001,0.0080149999999999996,32387072,NA,NA,NA,NA,NA,NA,NA,NA,247896,280189,4101,1,cf0f1cc1e290dce65809b3140c6f2dc9062a9f452120988a3a869e7faab69134
1,7,0,1,14,0.022486169000330847,0.022335999999999998,0,32083968,NA,NA,NA,NA,NA,NA,NA,NA,247896,280189,4101,1,cf0f1cc1e290dce65809b3140c6f2dc9062a9f452120988a3a869e7faab69134
1,7,1,0,14,0.022582440000405768,0.018113999999999998,0.0043400000000000001,32169984,NA,NA,NA,NA,NA,NA,NA,NA,247896,280189,4101,1,cf0f1cc1e290dce65809b3140c6f2dc9062a9f452120988a3a869e7faab69134
1,7,0,0,20,0.13574172300286591,0.10747899999999999,0.028044999999999997,60321792,NA,NA,NA,NA,NA,NA,NA,NA,1746680,711531,19202,64,e4041ce2b5b6df572ca4d0ca66e6006ad368116646e82963f7e9550b84ab78ca
1,7,1,1,20,0.14622521800265531,0.13028100000000001,0.015688000000000001,60444672,NA,NA,NA,NA,NA,NA,NA,NA,1746680,711531,19202,64,e4041ce2b5b6df572ca4d0ca66e6006ad368116646e82963f7e9550b84ab78ca
1,7,0,0,13,0.026824946999113308,0.015543,0.011101999999999999,32096256,NA,NA,NA,NA,NA,NA,NA,NA,313536,280189,4101,1,5a04cd3dab823e43a4d317f4a27057eec5b1fcaecf9843229a14a897b95f1f29
1,7,1,1,13,0.026140447000216227,0.018109,0.0078580000000000004,32161792,NA,NA,NA,NA,NA,NA,NA,NA,313536,280189,4101,1,5a04cd3dab823e43a4d317f4a27057eec5b1fcaecf9843229a14a897b95f1f29
1,7,0,0,23,0.13710671099761385,0.11352999999999999,0.023458,58544128,NA,NA,NA,NA,NA,NA,NA,NA,1433848,711531,19202,64,7fe8e0e1367c4dc75afe736c0ee35e3a3755c0152301f3880ce2412132a22623
1,7,1,1,23,0.12845963300060248,0.12014599999999999,0.0081779999999999995,57823232,NA,NA,NA,NA,NA,NA,NA,NA,1433848,711531,19202,64,7fe8e0e1367c4dc75afe736c0ee35e3a3755c0152301f3880ce2412132a22623
1,7,0,0,19,0.052389426000445383,0.045191999999999996,0.0070829999999999999,41029632,NA,NA,NA,NA,NA,NA,NA,NA,742032,235398,3329,64,ef3fe9f327a6ee2b8ff8e0c5cce4ce61f805f0660ce139a533f5137453c188bc
1,7,1,1,19,0.055269956999836722,0.046691999999999997,0.0084689999999999991,41029632,NA,NA,NA,NA,NA,NA,NA,NA,742032,235398,3329,64,ef3fe9f327a6ee2b8ff8e0c5cce4ce61f805f0660ce139a533f5137453c188bc
1,7,0,1,5,0.024472639001032803,0.020326,0.0039759999999999995,31014912,NA,NA,NA,NA,NA,NA,NA,NA,192736,51085,1029,1,98c15b8b4636441c6e839c68a3bed9dee3bd8ae062882739073db7b7ed7d66f3
1,7,1,0,5,0.034502006001275731,0.014685999999999999,0.01967,31268864,NA,NA,NA,NA,NA,NA,NA,NA,192736,51085,1029,1,98c15b8b4636441c6e839c68a3bed9dee3bd8ae062882739073db7b7ed7d66f3
1,7,0,0,8,0.034078320000844542,0.017200999999999998,0.016718999999999998,31461376,NA,NA,NA,NA,NA,NA,NA,NA,98128,39898,2049,512,d54e0d3e437f1319c5e0037da4750229225984f79f1ebd587b1323affae587ab
1,7,1,1,8,0.024338571001862874,0.024080999999999998,0,31723520,NA,NA,NA,NA,NA,NA,NA,NA,98128,39898,2049,512,d54e0d3e437f1319c5e0037da4750229225984f79f1ebd587b1323affae587ab
1,7,0,0,18,0.0491745159997663,0.037753999999999996,0.011198,41123840,NA,NA,NA,NA,NA,NA,NA,NA,742032,235398,3329,64,ef3fe9f327a6ee2b8ff8e0c5cce4ce61f805f0660ce139a533f5137453c188bc
1,7,1,1,18,0.048741116999735823,0.036359999999999996,0.012209999999999999,41160704,NA,NA,NA,NA,NA,NA,NA,NA,742032,235398,3329,64,ef3fe9f327a6ee2b8ff8e0c5cce4ce61f805f0660ce139a533f5137453c188bc
1,7,0,0,2,0.01395156799844699,0.0092079999999999992,0.0046039999999999996,24870912,NA,NA,NA,NA,NA,NA,NA,NA,2008,133,5,1,8210b4f6eac12a20575e673437437e82cfff653da437ea17992a3aed56a99207
1,7,1,1,2,0.013746905999141745,0.013623,0,24772608,NA,NA,NA,NA,NA,NA,NA,NA,2008,133,5,1,8210b4f6eac12a20575e673437437e82cfff653da437ea17992a3aed56a99207
1,7,0,0,21,0.1198804449995805,0.095725999999999992,0.024029999999999999,60559360,NA,NA,NA,NA,NA,NA,NA,NA,2209528,711531,19202,64,955dcf7525f03629d689feea1585905e0b8700805efb32f241197b1ebcb41ffa
1,7,1,1,21,0.25779439599864418,0.18260699999999999,0.06722199999999999,60125184,NA,NA,NA,NA,NA,NA,NA,NA,2209528,711531,19202,64,955dcf7525f03629d689feea1585905e0b8700805efb32f241197b1ebcb41ffa
1,7,0,1,16,0.10060735200022464,0.043861999999999998,0.056488999999999998,43098112,NA,NA,NA,NA,NA,NA,NA,NA,1082000,235398,3329,64,0a2640f1e20aa1aa539adbeb18cdf2a1ebe47a1dc573029aa0c35ed433364c04
1,7,1,0,16,0.060695219999615801,0.048284999999999995,0.012036,43249664,NA,NA,NA,NA,NA,NA,NA,NA,1082000,235398,3329,64,0a2640f1e20aa1aa539adbeb18cdf2a1ebe47a1dc573029aa0c35ed433364c04
1,7,0,0,4,0.029147301000193693,0.028899999999999999,0,29032448,NA,NA,NA,NA,NA,NA,NA,NA,163920,51085,1029,1,3469c6c02ad818b9b840f744b74781f39d0d6d69319fb824d729f7875274b381
1,7,1,1,4,0.029094812998664565,0.021734999999999997,0.0072559999999999994,28909568,NA,NA,NA,NA,NA,NA,NA,NA,163920,51085,1029,1,3469c6c02ad818b9b840f744b74781f39d0d6d69319fb824d729f7875274b381
1,7,0,0,22,0.12332050600161892,0.10296,0.020257000000000001,58413056,NA,NA,NA,NA,NA,NA,NA,NA,1433848,711531,19202,64,7fe8e0e1367c4dc75afe736c0ee35e3a3755c0152301f3880ce2412132a22623
1,7,1,1,22,0.13439397699767142,0.101132,0.033031999999999999,58085376,NA,NA,NA,NA,NA,NA,NA,NA,1433848,711531,19202,64,7fe8e0e1367c4dc75afe736c0ee35e3a3755c0152301f3880ce2412132a22623
1,7,0,1,6,0.033142551001219545,0.024697999999999998,0.0082319999999999997,30941184,NA,NA,NA,NA,NA,NA,NA,NA,126024,51085,1029,1,d6479df97612ac41a8966333a6ef58076a32dad29a20f6bc64e0a5b65673088c
1,7,1,0,6,0.031825940000999253,0.027590999999999997,0.0039439999999999996,31154176,NA,NA,NA,NA,NA,NA,NA,NA,126024,51085,1029,1,d6479df97612ac41a8966333a6ef58076a32dad29a20f6bc64e0a5b65673088c
1,7,0,1,7,0.034962122997967526,0.021666999999999999,0.012999999999999999,30818304,NA,NA,NA,NA,NA,NA,NA,NA,126024,51085,1029,1,d6479df97612ac41a8966333a6ef58076a32dad29a20f6bc64e0a5b65673088c
1,7,1,0,7,0.027750432000175351,0.023598999999999998,0.0039889999999999995,31440896,NA,NA,NA,NA,NA,NA,NA,NA,126024,51085,1029,1,d6479df97612ac41a8966333a6ef58076a32dad29a20f6bc64e0a5b65673088c
1,7,0,0,17,0.055375136998918606,0.047284,0.0079439999999999997,41684992,NA,NA,NA,NA,NA,NA,NA,NA,1009296,235398,3329,64,46bbbc4439d5a1911d5728e76ba413a577b270d33a6d6f7287d5e66409ad1e95
1,7,1,1,17,0.05732691400044132,0.036935999999999997,0.020181999999999999,41848832,NA,NA,NA,NA,NA,NA,NA,NA,1009296,235398,3329,64,46bbbc4439d5a1911d5728e76ba413a577b270d33a6d6f7287d5e66409ad1e95
1,7,0,0,9,0.019393391001358395,0.014674999999999999,0.0046010000000000001,30769152,NA,NA,NA,NA,NA,NA,NA,NA,147280,39898,2049,512,02ee45f00f5fa967779eb017bd9c1965526161af8ee6a0f23a31a68b3dbbac77
1,7,1,1,9,0.019741935000638478,0.015602999999999999,0.0040070000000000001,30523392,NA,NA,NA,NA,NA,NA,NA,NA,147280,39898,2049,512,02ee45f00f5fa967779eb017bd9c1965526161af8ee6a0f23a31a68b3dbbac77
1,7,0,0,11,0.021200995997787686,0.016722000000000001,0.0043689999999999996,30679040,NA,NA,NA,NA,NA,NA,NA,NA,106320,39898,2049,512,7b8f1ead52d1f75ea51a9518f4611f96b3105a83b8e9ff16958705114f2a13b3
1,7,1,1,11,0.024326864000613568,0.012187999999999999,0.01197,30658560,NA,NA,NA,NA,NA,NA,NA,NA,106320,39898,2049,512,7b8f1ead52d1f75ea51a9518f4611f96b3105a83b8e9ff16958705114f2a13b3
1,7,0,1,0,0.015431138999701943,0.015311999999999999,0,24633344,NA,NA,NA,NA,NA,NA,NA,NA,2008,133,5,1,a8c1633e798ef980493443e67e6fdb6eada42f775edf7051d304d09c3ddadf5a
1,7,1,0,0,0.014743665000423789,0.0050289999999999996,0.009578999999999999,24940544,NA,NA,NA,NA,NA,NA,NA,NA,2008,133,5,1,a8c1633e798ef980493443e67e6fdb6eada42f775edf7051d304d09c3ddadf5a
1,7,0,0,1,0.014889600999595132,0.011007999999999999,0.0037699999999999999,24801280,NA,NA,NA,NA,NA,NA,NA,NA,2056,133,5,1,6b21b079ef6f8f7f055926600e53b906dd7be041e021dd2791b7aa8c55e24585
1,7,1,1,1,0.015598966998368269,0.0077999999999999996,0.0076949999999999996,24539136,NA,NA,NA,NA,NA,NA,NA,NA,2056,133,5,1,6b21b079ef6f8f7f055926600e53b906dd7be041e021dd2791b7aa8c55e24585
1,7,0,1,12,0.03209186200183467,0.019827999999999998,0.012145,31309824,NA,NA,NA,NA,NA,NA,NA,NA,313424,280189,4101,1,0f9e44f960c45a3ca86cde574970381ef909d64a6bb2d20a17395bced584502a
1,7,1,0,12,0.033581708001293009,0.029215999999999999,0.0042160000000000001,31506432,NA,NA,NA,NA,NA,NA,NA,NA,313424,280189,4101,1,0f9e44f960c45a3ca86cde574970381ef909d64a6bb2d20a17395bced584502a
1,7,0,1,3,0.019426570001087384,0.019290999999999999,0,24797184,NA,NA,NA,NA,NA,NA,NA,NA,2008,133,5,1,8210b4f6eac12a20575e673437437e82cfff653da437ea17992a3aed56a99207
1,7,1,0,3,0.015197865999653004,0.011323999999999999,0.0037089999999999996,24870912,NA,NA,NA,NA,NA,NA,NA,NA,2008,133,5,1,8210b4f6eac12a20575e673437437e82cfff653da437ea17992a3aed56a99207
1,8,0,0,1,0.01447799899688107,0.010787,0.0035659999999999997,24608768,NA,NA,NA,NA,NA,NA,NA,NA,2056,133,5,1,6b21b079ef6f8f7f055926600e53b906dd7be041e021dd2791b7aa8c55e24585
1,8,1,1,1,0.0132844549989386,0.013174,0,24543232,NA,NA,NA,NA,NA,NA,NA,NA,2056,133,5,1,6b21b079ef6f8f7f055926600e53b906dd7be041e021dd2791b7aa8c55e24585
1,8,0,0,8,0.021771957002783893,0.014393,0.0072639999999999996,31817728,NA,NA,NA,NA,NA,NA,NA,NA,98128,39898,2049,512,d54e0d3e437f1319c5e0037da4750229225984f79f1ebd587b1323affae587ab
1,8,1,1,8,0.021174066001549363,0.016909,0.0041419999999999998,31395840,NA,NA,NA,NA,NA,NA,NA,NA,98128,39898,2049,512,d54e0d3e437f1319c5e0037da4750229225984f79f1ebd587b1323affae587ab
1,8,0,0,9,0.024328065999725368,0.015705,0.0081989999999999997,30740480,NA,NA,NA,NA,NA,NA,NA,NA,147280,39898,2049,512,02ee45f00f5fa967779eb017bd9c1965526161af8ee6a0f23a31a68b3dbbac77
1,8,1,1,9,0.031847682002990041,0.027719999999999998,0.003934,30478336,NA,NA,NA,NA,NA,NA,NA,NA,147280,39898,2049,512,02ee45f00f5fa967779eb017bd9c1965526161af8ee6a0f23a31a68b3dbbac77
1,8,0,0,15,0.037984929997037398,0.026466,0.011342,32268288,NA,NA,NA,NA,NA,NA,NA,NA,247896,280189,4101,1,cf0f1cc1e290dce65809b3140c6f2dc9062a9f452120988a3a869e7faab69134
1,8,1,1,15,0.026576439999189461,0.015007999999999999,0.01141,31703040,NA,NA,NA,NA,NA,NA,NA,NA,247896,280189,4101,1,cf0f1cc1e290dce65809b3140c6f2dc9062a9f452120988a3a869e7faab69134
1,8,0,1,6,0.022913150001841132,0.015156999999999999,0.0076049999999999998,31088640,NA,NA,NA,NA,NA,NA,NA,NA,126024,51085,1029,1,d6479df97612ac41a8966333a6ef58076a32dad29a20f6bc64e0a5b65673088c
1,8,1,0,6,0.022577464998903451,0.015101,0.0073179999999999999,31088640,NA,NA,NA,NA,NA,NA,NA,NA,126024,51085,1029,1,d6479df97612ac41a8966333a6ef58076a32dad29a20f6bc64e0a5b65673088c
1,8,0,0,23,0.13282443799835164,0.104615,0.027948999999999998,58490880,NA,NA,NA,NA,NA,NA,NA,NA,1433848,711531,19202,64,7fe8e0e1367c4dc75afe736c0ee35e3a3755c0152301f3880ce2412132a22623
1,8,1,1,23,0.12653870099893538,0.10725799999999999,0.019101999999999997,58413056,NA,NA,NA,NA,NA,NA,NA,NA,1433848,711531,19202,64,7fe8e0e1367c4dc75afe736c0ee35e3a3755c0152301f3880ce2412132a22623
1,8,0,1,7,0.023339809002209222,0.019564999999999999,0.0036059999999999998,31211520,NA,NA,NA,NA,NA,NA,NA,NA,126024,51085,1029,1,d6479df97612ac41a8966333a6ef58076a32dad29a20f6bc64e0a5b65673088c
1,8,1,0,7,0.02253373100029421,0.0090840000000000001,0.013295,31473664,NA,NA,NA,NA,NA,NA,NA,NA,126024,51085,1029,1,d6479df97612ac41a8966333a6ef58076a32dad29a20f6bc64e0a5b65673088c
1,8,0,1,16,0.063852275001408998,0.059510999999999994,0.0041729999999999996,42930176,NA,NA,NA,NA,NA,NA,NA,NA,1082000,235398,3329,64,0a2640f1e20aa1aa539adbeb18cdf2a1ebe47a1dc573029aa0c35ed433364c04
1,8,1,0,16,0.062763830002950272,0.058387999999999995,0.0042069999999999998,43098112,NA,NA,NA,NA,NA,NA,NA,NA,1082000,235398,3329,64,0a2640f1e20aa1aa539adbeb18cdf2a1ebe47a1dc573029aa0c35ed433364c04
1,8,0,1,18,0.049103640998509945,0.044847999999999999,0.0041209999999999997,40243200,NA,NA,NA,NA,NA,NA,NA,NA,742032,235398,3329,64,ef3fe9f327a6ee2b8ff8e0c5cce4ce61f805f0660ce139a533f5137453c188bc
1,8,1,0,18,0.051926567997725215,0.034790000000000001,0.016947,41099264,NA,NA,NA,NA,NA,NA,NA,NA,742032,235398,3329,64,ef3fe9f327a6ee2b8ff8e0c5cce4ce61f805f0660ce139a533f5137453c188bc
1,8,0,0,19,0.048898239001573529,0.036573000000000001,0.012147999999999999,41156608,NA,NA,NA,NA,NA,NA,NA,NA,742032,235398,3329,64,ef3fe9f327a6ee2b8ff8e0c5cce4ce61f805f0660ce139a533f5137453c188bc
1,8,1,1,19,0.047815912999794818,0.043683,0.0039810000000000002,40894464,NA,NA,NA,NA,NA,NA,NA,NA,742032,235398,3329,64,ef3fe9f327a6ee2b8ff8e0c5cce4ce61f805f0660ce139a533f5137453c188bc
1,8,0,0,4,0.028852866998931859,0.016548,0.012178,28983296,NA,NA,NA,NA,NA,NA,NA,NA,163920,51085,1029,1,3469c6c02ad818b9b840f744b74781f39d0d6d69319fb824d729f7875274b381
1,8,1,1,4,0.029719194000790594,0.021159999999999998,0.0083819999999999988,28905472,NA,NA,NA,NA,NA,NA,NA,NA,163920,51085,1029,1,3469c6c02ad818b9b840f744b74781f39d0d6d69319fb824d729f7875274b381
1,8,0,1,0,0.013952700002846541,0.0092420000000000002,0.0046049999999999997,24543232,NA,NA,NA,NA,NA,NA,NA,NA,2008,133,5,1,a8c1633e798ef980493443e67e6fdb6eada42f775edf7051d304d09c3ddadf5a
1,8,1,0,0,0.013807745999656618,0.01023,0.0034759999999999999,24997888,NA,NA,NA,NA,NA,NA,NA,NA,2008,133,5,1,a8c1633e798ef980493443e67e6fdb6eada42f775edf7051d304d09c3ddadf5a
1,8,0,1,2,0.013592789000540506,0.013486999999999999,0,24674304,NA,NA,NA,NA,NA,NA,NA,NA,2008,133,5,1,8210b4f6eac12a20575e673437437e82cfff653da437ea17992a3aed56a99207
1,8,1,0,2,0.014999293001892511,0.011223,0.0036819999999999999,24936448,NA,NA,NA,NA,NA,NA,NA,NA,2008,133,5,1,8210b4f6eac12a20575e673437437e82cfff653da437ea17992a3aed56a99207
1,8,0,0,3,0.013853083000867628,0.01375,0,24870912,NA,NA,NA,NA,NA,NA,NA,NA,2008,133,5,1,8210b4f6eac12a20575e673437437e82cfff653da437ea17992a3aed56a99207
1,8,1,1,3,0.013886240998544963,0.013776999999999999,0,24805376,NA,NA,NA,NA,NA,NA,NA,NA,2008,133,5,1,8210b4f6eac12a20575e673437437e82cfff653da437ea17992a3aed56a99207
1,8,0,1,5,0.024616611997771543,0.016805999999999998,0.0076889999999999997,31088640,NA,NA,NA,NA,NA,NA,NA,NA,192736,51085,1029,1,98c15b8b4636441c6e839c68a3bed9dee3bd8ae062882739073db7b7ed7d66f3
1,8,1,0,5,0.022228420999454102,0.017682,0.0044169999999999999,31211520,NA,NA,NA,NA,NA,NA,NA,NA,192736,51085,1029,1,98c15b8b4636441c6e839c68a3bed9dee3bd8ae062882739073db7b7ed7d66f3
1,8,0,1,13,0.023005425999144791,0.015229999999999999,0.0076269999999999992,32030720,NA,NA,NA,NA,NA,NA,NA,NA,313536,280189,4101,1,5a04cd3dab823e43a4d317f4a27057eec5b1fcaecf9843229a14a897b95f1f29
1,8,1,0,13,0.023198991999379359,0.023073999999999997,0,32387072,NA,NA,NA,NA,NA,NA,NA,NA,313536,280189,4101,1,5a04cd3dab823e43a4d317f4a27057eec5b1fcaecf9843229a14a897b95f1f29
1,8,0,1,10,0.019639653997728601,0.0078069999999999997,0.011727999999999999,30543872,NA,NA,NA,NA,NA,NA,NA,NA,106320,39898,2049,512,7b8f1ead52d1f75ea51a9518f4611f96b3105a83b8e9ff16958705114f2a13b3
1,8,1,0,10,0.020002639997983351,0.016074999999999999,0.0038109999999999997,30568448,NA,NA,NA,NA,NA,NA,NA,NA,106320,39898,2049,512,7b8f1ead52d1f75ea51a9518f4611f96b3105a83b8e9ff16958705114f2a13b3
1,8,0,0,14,0.02322647100299946,0.023094999999999997,0,32227328,NA,NA,NA,NA,NA,NA,NA,NA,247896,280189,4101,1,cf0f1cc1e290dce65809b3140c6f2dc9062a9f452120988a3a869e7faab69134
1,8,1,1,14,0.023427899002854247,0.023307999999999999,0,32161792,NA,NA,NA,NA,NA,NA,NA,NA,247896,280189,4101,1,cf0f1cc1e290dce65809b3140c6f2dc9062a9f452120988a3a869e7faab69134
1,8,0,1,22,0.21887642100045923,0.15457799999999999,0.059929999999999997,58413056,NA,NA,NA,NA,NA,NA,NA,NA,1433848,711531,19202,64,7fe8e0e1367c4dc75afe736c0ee35e3a3755c0152301f3880ce2412132a22623
1,8,1,0,22,0.21478115300124045,0.11816,0.096134999999999998,58216448,NA,NA,NA,NA,NA,NA,NA,NA,1433848,711531,19202,64,7fe8e0e1367c4dc75afe736c0ee35e3a3755c0152301f3880ce2412132a22623
1,8,0,0,20,0.16754553500140901,0.13576199999999999,0.031424000000000001,60313600,NA,NA,NA,NA,NA,NA,NA,NA,1746680,711531,19202,64,e4041ce2b5b6df572ca4d0ca66e6006ad368116646e82963f7e9550b84ab78ca
1,8,1,1,20,0.1549738020003133,0.121889,0.032896999999999996,60100608,NA,NA,NA,NA,NA,NA,NA,NA,1746680,711531,19202,64,e4041ce2b5b6df572ca4d0ca66e6006ad368116646e82963f7e9550b84ab78ca
1,8,0,1,12,0.048693037002522033,0.029871999999999999,0.018657,31195136,NA,NA,NA,NA,NA,NA,NA,NA,313424,280189,4101,1,0f9e44f960c45a3ca86cde574970381ef909d64a6bb2d20a17395bced584502a
1,8,1,0,12,0.034612718001881149,0.019318999999999999,0.015172,31391744,NA,NA,NA,NA,NA,NA,NA,NA,313424,280189,4101,1,0f9e44f960c45a3ca86cde574970381ef909d64a6bb2d20a17395bced584502a
1,8,0,0,21,0.11725141900024028,0.09837499999999999,0.018695,60424192,NA,NA,NA,NA,NA,NA,NA,NA,2209528,711531,19202,64,955dcf7525f03629d689feea1585905e0b8700805efb32f241197b1ebcb41ffa
1,8,1,1,21,0.12413707000087015,0.099951999999999999,0.024049999999999998,60198912,NA,NA,NA,NA,NA,NA,NA,NA,2209528,711531,19202,64,955dcf7525f03629d689feea1585905e0b8700805efb32f241197b1ebcb41ffa
1,8,0,0,17,0.055388791999575915,0.035189999999999999,0.020035000000000001,41766912,NA,NA,NA,NA,NA,NA,NA,NA,1009296,235398,3329,64,46bbbc4439d5a1911d5728e76ba413a577b270d33a6d6f7287d5e66409ad1e95
1,8,1,1,17,0.059185034002439352,0.042654999999999998,0.016421999999999999,41553920,NA,NA,NA,NA,NA,NA,NA,NA,1009296,235398,3329,64,46bbbc4439d5a1911d5728e76ba413a577b270d33a6d6f7287d5e66409ad1e95
1,8,0,0,11,0.026047549999930197,0.021047,0.0048929999999999998,30281728,NA,NA,NA,NA,NA,NA,NA,NA,106320,39898,2049,512,7b8f1ead52d1f75ea51a9518f4611f96b3105a83b8e9ff16958705114f2a13b3
1,8,1,1,11,0.022134462000394706,0.018158000000000001,0.0038769999999999998,30412800,NA,NA,NA,NA,NA,NA,NA,NA,106320,39898,2049,512,7b8f1ead52d1f75ea51a9518f4611f96b3105a83b8e9ff16958705114f2a13b3
1,9,0,0,5,0.023008670999843162,0.019379999999999998,0.0035309999999999999,31240192,NA,NA,NA,NA,NA,NA,NA,NA,192736,51085,1029,1,98c15b8b4636441c6e839c68a3bed9dee3bd8ae062882739073db7b7ed7d66f3
1,9,1,1,5,0.024614387999463361,0.012383,0.012095,31080448,NA,NA,NA,NA,NA,NA,NA,NA,192736,51085,1029,1,98c15b8b4636441c6e839c68a3bed9dee3bd8ae062882739073db7b7ed7d66f3
1,9,0,1,4,0.050436020999768516,0.040694000000000001,0.0095729999999999999,28917760,NA,NA,NA,NA,NA,NA,NA,NA,163920,51085,1029,1,3469c6c02ad818b9b840f744b74781f39d0d6d69319fb824d729f7875274b381
1,9,1,0,4,0.04567459000099916,0.045481000000000001,0,28590080,NA,NA,NA,NA,NA,NA,NA,NA,163920,51085,1029,1,3469c6c02ad818b9b840f744b74781f39d0d6d69319fb824d729f7875274b381
1,9,0,1,20,0.1622757820005063,0.132244,0.029914999999999997,60379136,NA,NA,NA,NA,NA,NA,NA,NA,1746680,711531,19202,64,e4041ce2b5b6df572ca4d0ca66e6006ad368116646e82963f7e9550b84ab78ca
1,9,1,0,20,0.14211823000005097,0.1153,0.026664,60051456,NA,NA,NA,NA,NA,NA,NA,NA,1746680,711531,19202,64,e4041ce2b5b6df572ca4d0ca66e6006ad368116646e82963f7e9550b84ab78ca
1,9,0,1,21,0.12348859399935463,0.107484,0.015837999999999998,60575744,NA,NA,NA,NA,NA,NA,NA,NA,2209528,711531,19202,64,955dcf7525f03629d689feea1585905e0b8700805efb32f241197b1ebcb41ffa
1,9,1,0,21,0.1070861119987967,0.08323499999999999,0.023682999999999999,60407808,NA,NA,NA,NA,NA,NA,NA,NA,2209528,711531,19202,64,955dcf7525f03629d689feea1585905e0b8700805efb32f241197b1ebcb41ffa
1,9,0,1,14,0.025411693000933155,0.017649999999999999,0.0076009999999999993,32260096,NA,NA,NA,NA,NA,NA,NA,NA,247896,280189,4101,1,cf0f1cc1e290dce65809b3140c6f2dc9062a9f452120988a3a869e7faab69134
1,9,1,0,14,0.024591635003162082,0.020247999999999999,0.0042049999999999995,32292864,NA,NA,NA,NA,NA,NA,NA,NA,247896,280189,4101,1,cf0f1cc1e290dce65809b3140c6f2dc9062a9f452120988a3a869e7faab69134
1,9,0,1,9,0.02133583500108216,0.012433,0.0087659999999999995,30543872,NA,NA,NA,NA,NA,NA,NA,NA,147280,39898,2049,512,02ee45f00f5fa967779eb017bd9c1965526161af8ee6a0f23a31a68b3dbbac77
1,9,1,0,9,0.022542172999237664,0.019056,0.0033079999999999997,30687232,NA,NA,NA,NA,NA,NA,NA,NA,147280,39898,2049,512,02ee45f00f5fa967779eb017bd9c1965526161af8ee6a0f23a31a68b3dbbac77
1,9,0,1,15,0.024227467001765035,0.019949999999999999,0.0040949999999999997,31703040,NA,NA,NA,NA,NA,NA,NA,NA,247896,280189,4101,1,cf0f1cc1e290dce65809b3140c6f2dc9062a9f452120988a3a869e7faab69134
1,9,1,0,15,0.023651538002013694,0.018733,0.0047019999999999996,32325632,NA,NA,NA,NA,NA,NA,NA,NA,247896,280189,4101,1,cf0f1cc1e290dce65809b3140c6f2dc9062a9f452120988a3a869e7faab69134
1,9,0,0,10,0.019397436000872403,0.015406999999999999,0.0038509999999999998,30625792,NA,NA,NA,NA,NA,NA,NA,NA,106320,39898,2049,512,7b8f1ead52d1f75ea51a9518f4611f96b3105a83b8e9ff16958705114f2a13b3
1,9,1,1,10,0.019319481998536503,0.015309999999999999,0.0038269999999999997,30740480,NA,NA,NA,NA,NA,NA,NA,NA,106320,39898,2049,512,7b8f1ead52d1f75ea51a9518f4611f96b3105a83b8e9ff16958705114f2a13b3
1,9,0,0,22,0.11056869700041716,0.09845799999999999,0.011939,57954304,NA,NA,NA,NA,NA,NA,NA,NA,1433848,711531,19202,64,7fe8e0e1367c4dc75afe736c0ee35e3a3755c0152301f3880ce2412132a22623
1,9,1,1,22,0.11040750900065177,0.095336999999999991,0.01486,57495552,NA,NA,NA,NA,NA,NA,NA,NA,1433848,711531,19202,64,7fe8e0e1367c4dc75afe736c0ee35e3a3755c0152301f3880ce2412132a22623
1,9,0,0,12,0.03016706400012481,0.01499,0.01499,31637504,NA,NA,NA,NA,NA,NA,NA,NA,313424,280189,4101,1,0f9e44f960c45a3ca86cde574970381ef909d64a6bb2d20a17395bced584502a
1,9,1,1,12,0.030350003999046749,0.018998999999999999,0.011160999999999999,31547392,NA,NA,NA,NA,NA,NA,NA,NA,313424,280189,4101,1,0f9e44f960c45a3ca86cde574970381ef909d64a6bb2d20a17395bced584502a
1,9,0,0,16,0.058112902999710059,0.046338999999999998,0.011594999999999999,43315200,NA,NA,NA,NA,NA,NA,NA,NA,1082000,235398,3329,64,0a2640f1e20aa1aa539adbeb18cdf2a1ebe47a1dc573029aa0c35ed433364c04
1,9,1,1,16,0.064159657998970943,0.050116000000000001,0.013833,43061248,NA,NA,NA,NA,NA,NA,NA,NA,1082000,235398,3329,64,0a2640f1e20aa1aa539adbeb18cdf2a1ebe47a1dc573029aa0c35ed433364c04
1,9,0,0,13,0.036573499000951415,0.025423999999999999,0.010919999999999999,32317440,NA,NA,NA,NA,NA,NA,NA,NA,313536,280189,4101,1,5a04cd3dab823e43a4d317f4a27057eec5b1fcaecf9843229a14a897b95f1f29
1,9,1,1,13,0.055766382996807806,0.025846999999999998,0.029683999999999999,32292864,NA,NA,NA,NA,NA,NA,NA,NA,313536,280189,4101,1,5a04cd3dab823e43a4d317f4a27057eec5b1fcaecf9843229a14a897b95f1f29
1,9,0,1,17,0.063244478998967679,0.059116999999999996,0.0038759999999999997,41553920,NA,NA,NA,NA,NA,NA,NA,NA,1009296,235398,3329,64,46bbbc4439d5a1911d5728e76ba413a577b270d33a6d6f7287d5e66409ad1e95
1,9,1,0,17,0.057797739002126036,0.049540999999999995,0.0080660000000000003,41684992,NA,NA,NA,NA,NA,NA,NA,NA,1009296,235398,3329,64,46bbbc4439d5a1911d5728e76ba413a577b270d33a6d6f7287d5e66409ad1e95
1,9,0,0,7,0.029722147999564186,0.026327999999999997,0,31211520,NA,NA,NA,NA,NA,NA,NA,NA,126024,51085,1029,1,d6479df97612ac41a8966333a6ef58076a32dad29a20f6bc64e0a5b65673088c
1,9,1,1,7,0.023506593999627512,0.01864,0.0047169999999999998,31277056,NA,NA,NA,NA,NA,NA,NA,NA,126024,51085,1029,1,d6479df97612ac41a8966333a6ef58076a32dad29a20f6bc64e0a5b65673088c
1,9,0,1,8,0.021449512001709081,0.017033,0.00428,31854592,NA,NA,NA,NA,NA,NA,NA,NA,98128,39898,2049,512,d54e0d3e437f1319c5e0037da4750229225984f79f1ebd587b1323affae587ab
1,9,1,0,8,0.023870781998994062,0.015406999999999999,0.0083169999999999997,31592448,NA,NA,NA,NA,NA,NA,NA,NA,98128,39898,2049,512,d54e0d3e437f1319c5e0037da4750229225984f79f1ebd587b1323affae587ab
1,9,0,1,1,0.014724567998200655,0.0075589999999999997,0.0070109999999999999,24498176,NA,NA,NA,NA,NA,NA,NA,NA,2056,133,5,1,6b21b079ef6f8f7f055926600e53b906dd7be041e021dd2791b7aa8c55e24585
1,9,1,0,1,0.013482996997481678,0.0044780000000000002,0.0088859999999999998,24657920,NA,NA,NA,NA,NA,NA,NA,NA,2056,133,5,1,6b21b079ef6f8f7f055926600e53b906dd7be041e021dd2791b7aa8c55e24585
1,9,0,1,19,0.050036496999382507,0.033683999999999999,0.016140999999999999,41021440,NA,NA,NA,NA,NA,NA,NA,NA,742032,235398,3329,64,ef3fe9f327a6ee2b8ff8e0c5cce4ce61f805f0660ce139a533f5137453c188bc
1,9,1,0,19,0.051532433000829769,0.038970999999999999,0.01231,41037824,NA,NA,NA,NA,NA,NA,NA,NA,742032,235398,3329,64,ef3fe9f327a6ee2b8ff8e0c5cce4ce61f805f0660ce139a533f5137453c188bc
1,9,0,1,23,0.12996126700090826,0.11030699999999999,0.019441999999999997,58503168,NA,NA,NA,NA,NA,NA,NA,NA,1433848,711531,19202,64,7fe8e0e1367c4dc75afe736c0ee35e3a3755c0152301f3880ce2412132a22623
1,9,1,0,23,0.12595116499869619,0.109015,0.016752,58609664,NA,NA,NA,NA,NA,NA,NA,NA,1433848,711531,19202,64,7fe8e0e1367c4dc75afe736c0ee35e3a3755c0152301f3880ce2412132a22623
1,9,0,1,3,0.014026789001945872,0.0091690000000000001,0.0047299999999999998,24657920,NA,NA,NA,NA,NA,NA,NA,NA,2008,133,5,1,8210b4f6eac12a20575e673437437e82cfff653da437ea17992a3aed56a99207
1,9,1,0,3,0.014451895996899111,0.014114999999999999,0,24723456,NA,NA,NA,NA,NA,NA,NA,NA,2008,133,5,1,8210b4f6eac12a20575e673437437e82cfff653da437ea17992a3aed56a99207
1,9,0,0,0,0.013442076997307595,0.0088939999999999991,0.0044469999999999996,24936448,NA,NA,NA,NA,NA,NA,NA,NA,2008,133,5,1,a8c1633e798ef980493443e67e6fdb6eada42f775edf7051d304d09c3ddadf5a
1,9,1,1,0,0.013752673999988474,0.010187999999999999,0.003473,24850432,NA,NA,NA,NA,NA,NA,NA,NA,2008,133,5,1,a8c1633e798ef980493443e67e6fdb6eada42f775edf7051d304d09c3ddadf5a
1,9,0,0,2,0.013018362998991506,0.0086,0.0043359999999999996,24870912,NA,NA,NA,NA,NA,NA,NA,NA,2008,133,5,1,8210b4f6eac12a20575e673437437e82cfff653da437ea17992a3aed56a99207
1,9,1,1,2,0.013275310997414635,0.013184999999999999,0,24895488,NA,NA,NA,NA,NA,NA,NA,NA,2008,133,5,1,8210b4f6eac12a20575e673437437e82cfff653da437ea17992a3aed56a99207
1,9,0,1,11,0.020194532000459731,0.0078390000000000005,0.012152999999999999,29888512,NA,NA,NA,NA,NA,NA,NA,NA,106320,39898,2049,512,7b8f1ead52d1f75ea51a9518f4611f96b3105a83b8e9ff16958705114f2a13b3
1,9,1,0,11,0.019118825999612454,0.018981999999999999,0,30633984,NA,NA,NA,NA,NA,NA,NA,NA,106320,39898,2049,512,7b8f1ead52d1f75ea51a9518f4611f96b3105a83b8e9ff16958705114f2a13b3
1,9,0,0,6,0.021246573000098579,0.016906000000000001,0.004241,31272960,NA,NA,NA,NA,NA,NA,NA,NA,126024,51085,1029,1,d6479df97612ac41a8966333a6ef58076a32dad29a20f6bc64e0a5b65673088c
1,9,1,1,6,0.021351286999561125,0.010621,0.010621,30949376,NA,NA,NA,NA,NA,NA,NA,NA,126024,51085,1029,1,d6479df97612ac41a8966333a6ef58076a32dad29a20f6bc64e0a5b65673088c
1,9,0,0,18,0.047733981999044772,0.031548,0.016046999999999999,40767488,NA,NA,NA,NA,NA,NA,NA,NA,742032,235398,3329,64,ef3fe9f327a6ee2b8ff8e0c5cce4ce61f805f0660ce139a533f5137453c188bc
1,9,1,1,18,0.049416722999012563,0.036823000000000002,0.012464999999999999,40824832,NA,NA,NA,NA,NA,NA,NA,NA,742032,235398,3329,64,ef3fe9f327a6ee2b8ff8e0c5cce4ce61f805f0660ce139a533f5137453c188bc
1,10,0,1,2,0.013409319002676057,0.013313999999999999,0,24805376,NA,NA,NA,NA,NA,NA,NA,NA,2008,133,5,1,8210b4f6eac12a20575e673437437e82cfff653da437ea17992a3aed56a99207
1,10,1,0,2,0.013230504999228287,0.0087609999999999997,0.0043800000000000002,24834048,NA,NA,NA,NA,NA,NA,NA,NA,2008,133,5,1,8210b4f6eac12a20575e673437437e82cfff653da437ea17992a3aed56a99207
1,10,0,1,23,0.12613077500282088,0.097455,0.028554999999999997,58650624,NA,NA,NA,NA,NA,NA,NA,NA,1433848,711531,19202,64,7fe8e0e1367c4dc75afe736c0ee35e3a3755c0152301f3880ce2412132a22623
1,10,1,0,23,0.12335394600086147,0.092202999999999993,0.031015999999999998,58675200,NA,NA,NA,NA,NA,NA,NA,NA,1433848,711531,19202,64,7fe8e0e1367c4dc75afe736c0ee35e3a3755c0152301f3880ce2412132a22623
1,10,0,0,13,0.024733403002755949,0.012072999999999999,0.012546999999999999,32292864,NA,NA,NA,NA,NA,NA,NA,NA,313536,280189,4101,1,5a04cd3dab823e43a4d317f4a27057eec5b1fcaecf9843229a14a897b95f1f29
1,10,1,1,13,0.022664683001494268,0.014947999999999999,0.0076099999999999996,32423936,NA,NA,NA,NA,NA,NA,NA,NA,313536,280189,4101,1,5a04cd3dab823e43a4d317f4a27057eec5b1fcaecf9843229a14a897b95f1f29
1,10,0,0,15,0.023089469999831636,0.011396,0.011562999999999999,32337920,NA,NA,NA,NA,NA,NA,NA,NA,247896,280189,4101,1,cf0f1cc1e290dce65809b3140c6f2dc9062a9f452120988a3a869e7faab69134
1,10,1,1,15,0.024144975999661256,0.020263,0.003764,32423936,NA,NA,NA,NA,NA,NA,NA,NA,247896,280189,4101,1,cf0f1cc1e290dce65809b3140c6f2dc9062a9f452120988a3a869e7faab69134
1,10,0,1,9,0.022533850999025162,0.014218,0.0082170000000000003,30433280,NA,NA,NA,NA,NA,NA,NA,NA,147280,39898,2049,512,02ee45f00f5fa967779eb017bd9c1965526161af8ee6a0f23a31a68b3dbbac77
1,10,1,0,9,0.020649171998229576,0.016448999999999998,0.0041009999999999996,30646272,NA,NA,NA,NA,NA,NA,NA,NA,147280,39898,2049,512,02ee45f00f5fa967779eb017bd9c1965526161af8ee6a0f23a31a68b3dbbac77
1,10,0,0,8,0.022882655001012608,0.019004999999999998,0.0037689999999999998,31887360,NA,NA,NA,NA,NA,NA,NA,NA,98128,39898,2049,512,d54e0d3e437f1319c5e0037da4750229225984f79f1ebd587b1323affae587ab
1,10,1,1,8,0.02286263499991037,0.015160999999999999,0.0075469999999999999,31473664,NA,NA,NA,NA,NA,NA,NA,NA,98128,39898,2049,512,d54e0d3e437f1319c5e0037da4750229225984f79f1ebd587b1323affae587ab
1,10,0,0,7,0.035774750998825766,0.023424999999999998,0.012196,31502336,NA,NA,NA,NA,NA,NA,NA,NA,126024,51085,1029,1,d6479df97612ac41a8966333a6ef58076a32dad29a20f6bc64e0a5b65673088c
1,10,1,1,7,0.035460178001812892,0.023517999999999997,0.011762999999999999,31342592,NA,NA,NA,NA,NA,NA,NA,NA,126024,51085,1029,1,d6479df97612ac41a8966333a6ef58076a32dad29a20f6bc64e0a5b65673088c
1,10,0,0,20,0.13022907099730219,0.102004,0.028031999999999998,60444672,NA,NA,NA,NA,NA,NA,NA,NA,1746680,711531,19202,64,e4041ce2b5b6df572ca4d0ca66e6006ad368116646e82963f7e9550b84ab78ca
1,10,1,1,20,0.13132883200159995,0.11898299999999999,0.012182999999999999,60379136,NA,NA,NA,NA,NA,NA,NA,NA,1746680,711531,19202,64,e4041ce2b5b6df572ca4d0ca66e6006ad368116646e82963f7e9550b84ab78ca
1,10,0,1,19,0.047379400002682814,0.043267,0.0039769999999999996,40878080,NA,NA,NA,NA,NA,NA,NA,NA,742032,235398,3329,64,ef3fe9f327a6ee2b8ff8e0c5cce4ce61f805f0660ce139a533f5137453c188bc
1,10,1,0,19,0.046481986999424407,0.037902999999999999,0.0084219999999999989,41160704,NA,NA,NA,NA,NA,NA,NA,NA,742032,235398,3329,64,ef3fe9f327a6ee2b8ff8e0c5cce4ce61f805f0660ce139a533f5137453c188bc
1,10,0,0,3,0.013748699999268865,0.0034549999999999997,0.010161,24870912,NA,NA,NA,NA,NA,NA,NA,NA,2008,133,5,1,8210b4f6eac12a20575e673437437e82cfff653da437ea17992a3aed56a99207
1,10,1,1,3,0.013259098999697017,0.013167,0,24805376,NA,NA,NA,NA,NA,NA,NA,NA,2008,133,5,1,8210b4f6eac12a20575e673437437e82cfff653da437ea17992a3aed56a99207
1,10,0,1,1,0.013307249999343185,0.0044139999999999995,0.0087709999999999993,24084480,NA,NA,NA,NA,NA,NA,NA,NA,2056,133,5,1,6b21b079ef6f8f7f055926600e53b906dd7be041e021dd2791b7aa8c55e24585
1,10,1,0,1,0.01315540599898668,0.0097689999999999999,0.0032810000000000001,24805376,NA,NA,NA,NA,NA,NA,NA,NA,2056,133,5,1,6b21b079ef6f8f7f055926600e53b906dd7be041e021dd2791b7aa8c55e24585
1,10,0,1,10,0.019053822001296794,0.014192,0.0047659999999999994,30478336,NA,NA,NA,NA,NA,NA,NA,NA,106320,39898,2049,512,7b8f1ead52d1f75ea51a9518f4611f96b3105a83b8e9ff16958705114f2a13b3
1,10,1,0,10,0.020853676000115229,0.0087239999999999991,0.012031,30609408,NA,NA,NA,NA,NA,NA,NA,NA,106320,39898,2049,512,7b8f1ead52d1f75ea51a9518f4611f96b3105a83b8e9ff16958705114f2a13b3
1,10,0,0,22,0.10503377399800229,0.093257999999999994,0.011653999999999999,58298368,NA,NA,NA,NA,NA,NA,NA,NA,1433848,711531,19202,64,7fe8e0e1367c4dc75afe736c0ee35e3a3755c0152301f3880ce2412132a22623
1,10,1,1,22,0.10694802699799766,0.08313799999999999,0.023687,58347520,NA,NA,NA,NA,NA,NA,NA,NA,1433848,711531,19202,64,7fe8e0e1367c4dc75afe736c0ee35e3a3755c0152301f3880ce2412132a22623
1,10,0,1,21,0.1388435729968478,0.11384999999999999,0.024872999999999999,60542976,NA,NA,NA,NA,NA,NA,NA,NA,2209528,711531,19202,64,955dcf7525f03629d689feea1585905e0b8700805efb32f241197b1ebcb41ffa
1,10,1,0,21,0.12693642700105556,0.106307,0.020455999999999998,60379136,NA,NA,NA,NA,NA,NA,NA,NA,2209528,711531,19202,64,955dcf7525f03629d689feea1585905e0b8700805efb32f241197b1ebcb41ffa
1,10,0,1,5,0.026344570000219392,0.025765999999999997,0,31236096,NA,NA,NA,NA,NA,NA,NA,NA,192736,51085,1029,1,98c15b8b4636441c6e839c68a3bed9dee3bd8ae062882739073db7b7ed7d66f3
1,10,1,0,5,0.031654409001930617,0.019685999999999999,0.011811,31105024,NA,NA,NA,NA,NA,NA,NA,NA,192736,51085,1029,1,98c15b8b4636441c6e839c68a3bed9dee3bd8ae062882739073db7b7ed7d66f3
1,10,0,1,6,0.023582158999488456,0.015602,0.0078239999999999994,31145984,NA,NA,NA,NA,NA,NA,NA,NA,126024,51085,1029,1,d6479df97612ac41a8966333a6ef58076a32dad29a20f6bc64e0a5b65673088c
1,10,1,0,6,0.025995475996751338,0.017498,0.0083400000000000002,31109120,NA,NA,NA,NA,NA,NA,NA,NA,126024,51085,1029,1,d6479df97612ac41a8966333a6ef58076a32dad29a20f6bc64e0a5b65673088c
1,10,0,1,4,0.031899902001896407,0.019903000000000001,0.011892,28889088,NA,NA,NA,NA,NA,NA,NA,NA,163920,51085,1029,1,3469c6c02ad818b9b840f744b74781f39d0d6d69319fb824d729f7875274b381
1,10,1,0,4,0.029947802999231499,0.025555999999999999,0.0042629999999999994,28852224,NA,NA,NA,NA,NA,NA,NA,NA,163920,51085,1029,1,3469c6c02ad818b9b840f744b74781f39d0d6d69319fb824d729f7875274b381
1,10,0,1,18,0.054798821998701897,0.046231000000000001,0.0084519999999999994,40833024,NA,NA,NA,NA,NA,NA,NA,NA,742032,235398,3329,64,ef3fe9f327a6ee2b8ff8e0c5cce4ce61f805f0660ce139a533f5137453c188bc
1,10,1,0,18,0.05002473300191923,0.034558999999999999,0.015340999999999999,41177088,NA,NA,NA,NA,NA,NA,NA,NA,742032,235398,3329,64,ef3fe9f327a6ee2b8ff8e0c5cce4ce61f805f0660ce139a533f5137453c188bc
1,10,0,0,0,0.019959417000791291,0.011887999999999999,0.0079249999999999998,24715264,NA,NA,NA,NA,NA,NA,NA,NA,2008,133,5,1,a8c1633e798ef980493443e67e6fdb6eada42f775edf7051d304d09c3ddadf5a
1,10,1,1,0,0.014258721999794943,0.0095059999999999988,0.0046259999999999999,24600576,NA,NA,NA,NA,NA,NA,NA,NA,2008,133,5,1,a8c1633e798ef980493443e67e6fdb6eada42f775edf7051d304d09c3ddadf5a
1,10,0,1,12,0.031385812999360496,0.026705,0.004509,30851072,NA,NA,NA,NA,NA,NA,NA,NA,313424,280189,4101,1,0f9e44f960c45a3ca86cde574970381ef909d64a6bb2d20a17395bced584502a
1,10,1,0,12,0.031099130999791669,0.023212,0.0077329999999999994,31440896,NA,NA,NA,NA,NA,NA,NA,NA,313424,280189,4101,1,0f9e44f960c45a3ca86cde574970381ef909d64a6bb2d20a17395bced584502a
1,10,0,0,14,0.031000065002444899,0.021419999999999998,0.0085839999999999996,32292864,NA,NA,NA,NA,NA,NA,NA,NA,247896,280189,4101,1,cf0f1cc1e290dce65809b3140c6f2dc9062a9f452120988a3a869e7faab69134
1,10,1,1,14,0.024421484999038512,0.012563999999999999,0.011715,31965184,NA,NA,NA,NA,NA,NA,NA,NA,247896,280189,4101,1,cf0f1cc1e290dce65809b3140c6f2dc9062a9f452120988a3a869e7faab69134
1,10,0,1,17,0.053226293999614427,0.049019,0.0040939999999999995,41545728,NA,NA,NA,NA,NA,NA,NA,NA,1009296,235398,3329,64,46bbbc4439d5a1911d5728e76ba413a577b270d33a6d6f7287d5e66409ad1e95
1,10,1,0,17,0.060848920998978429,0.048576000000000001,0.012150999999999999,41684992,NA,NA,NA,NA,NA,NA,NA,NA,1009296,235398,3329,64,46bbbc4439d5a1911d5728e76ba413a577b270d33a6d6f7287d5e66409ad1e95
1,10,0,0,16,0.06593111500114901,0.046508000000000001,0.019292,43032576,NA,NA,NA,NA,NA,NA,NA,NA,1082000,235398,3329,64,0a2640f1e20aa1aa539adbeb18cdf2a1ebe47a1dc573029aa0c35ed433364c04
1,10,1,1,16,0.060236449000512948,0.039667999999999995,0.020437,42340352,NA,NA,NA,NA,NA,NA,NA,NA,1082000,235398,3329,64,0a2640f1e20aa1aa539adbeb18cdf2a1ebe47a1dc573029aa0c35ed433364c04
1,10,0,1,11,0.020023501001560362,0.015913999999999998,0.0039779999999999998,30478336,NA,NA,NA,NA,NA,NA,NA,NA,106320,39898,2049,512,7b8f1ead52d1f75ea51a9518f4611f96b3105a83b8e9ff16958705114f2a13b3
1,10,1,0,11,0.019582210999942617,0.015574999999999999,0.0038929999999999998,30593024,NA,NA,NA,NA,NA,NA,NA,NA,106320,39898,2049,512,7b8f1ead52d1f75ea51a9518f4611f96b3105a83b8e9ff16958705114f2a13b3
1,11,0,0,9,0.019522121998306829,0.011609,0.0077789999999999995,30703616,NA,NA,NA,NA,NA,NA,NA,NA,147280,39898,2049,512,02ee45f00f5fa967779eb017bd9c1965526161af8ee6a0f23a31a68b3dbbac77
1,11,1,1,9,0.019928290999814635,0.0079290000000000003,0.011892999999999999,30490624,NA,NA,NA,NA,NA,NA,NA,NA,147280,39898,2049,512,02ee45f00f5fa967779eb017bd9c1965526161af8ee6a0f23a31a68b3dbbac77
1,11,0,0,1,0.013808668998535722,0.009134999999999999,0.0045669999999999999,24805376,NA,NA,NA,NA,NA,NA,NA,NA,2056,133,5,1,6b21b079ef6f8f7f055926600e53b906dd7be041e021dd2791b7aa8c55e24585
1,11,1,1,1,0.014758228997379774,0.010985,0.0036609999999999998,24543232,NA,NA,NA,NA,NA,NA,NA,NA,2056,133,5,1,6b21b079ef6f8f7f055926600e53b906dd7be041e021dd2791b7aa8c55e24585
1,11,0,0,2,0.01393891000043368,0.0091999999999999998,0.0046289999999999994,24805376,NA,NA,NA,NA,NA,NA,NA,NA,2008,133,5,1,8210b4f6eac12a20575e673437437e82cfff653da437ea17992a3aed56a99207
1,11,1,1,2,0.013739046000409871,0.0090589999999999993,0.004529,24600576,NA,NA,NA,NA,NA,NA,NA,NA,2008,133,5,1,8210b4f6eac12a20575e673437437e82cfff653da437ea17992a3aed56a99207
1,11,0,0,23,0.13223175399980391,0.11606699999999999,0.016018000000000001,58609664,NA,NA,NA,NA,NA,NA,NA,NA,1433848,711531,19202,64,7fe8e0e1367c4dc75afe736c0ee35e3a3755c0152301f3880ce2412132a22623
1,11,1,1,23,0.12224094900011551,0.1099,0.012182999999999999,58470400,NA,NA,NA,NA,NA,NA,NA,NA,1433848,711531,19202,64,7fe8e0e1367c4dc75afe736c0ee35e3a3755c0152301f3880ce2412132a22623
1,11,0,0,5,0.02215853999950923,0.011129,0.010872999999999999,31133696,NA,NA,NA,NA,NA,NA,NA,NA,192736,51085,1029,1,98c15b8b4636441c6e839c68a3bed9dee3bd8ae062882739073db7b7ed7d66f3
1,11,1,1,5,0.022054185003071325,0.010964,0.010964,31014912,NA,NA,NA,NA,NA,NA,NA,NA,192736,51085,1029,1,98c15b8b4636441c6e839c68a3bed9dee3bd8ae062882739073db7b7ed7d66f3
1,11,0,0,12,0.031137977999605937,0.027097999999999997,0.0039389999999999998,31625216,NA,NA,NA,NA,NA,NA,NA,NA,313424,280189,4101,1,0f9e44f960c45a3ca86cde574970381ef909d64a6bb2d20a17395bced584502a
1,11,1,1,12,0.033068844997615088,0.016691000000000001,0.016233000000000001,30851072,NA,NA,NA,NA,NA,NA,NA,NA,313424,280189,4101,1,0f9e44f960c45a3ca86cde574970381ef909d64a6bb2d20a17395bced584502a
1,11,0,0,10,0.021836253999936162,0.012227999999999999,0.0086819999999999987,30674944,NA,NA,NA,NA,NA,NA,NA,NA,106320,39898,2049,512,7b8f1ead52d1f75ea51a9518f4611f96b3105a83b8e9ff16958705114f2a13b3
1,11,1,1,10,0.020125622002524324,0.011951,0.0080619999999999997,30674944,NA,NA,NA,NA,NA,NA,NA,NA,106320,39898,2049,512,7b8f1ead52d1f75ea51a9518f4611f96b3105a83b8e9ff16958705114f2a13b3
1,11,0,1,13,0.023131103000196163,0.023022999999999998,0,32489472,NA,NA,NA,NA,NA,NA,NA,NA,313536,280189,4101,1,5a04cd3dab823e43a4d317f4a27057eec5b1fcaecf9843229a14a897b95f1f29
1,11,1,0,13,0.022972069000388728,0.013661999999999999,0.009195,32358400,NA,NA,NA,NA,NA,NA,NA,NA,313536,280189,4101,1,5a04cd3dab823e43a4d317f4a27057eec5b1fcaecf9843229a14a897b95f1f29
1,11,0,1,7,0.022499352002341766,0.014825999999999999,0.0075419999999999992,31473664,NA,NA,NA,NA,NA,NA,NA,NA,126024,51085,1029,1,d6479df97612ac41a8966333a6ef58076a32dad29a20f6bc64e0a5b65673088c
1,11,1,0,7,0.022908816001290688,0.015243999999999999,0.0075379999999999996,31531008,NA,NA,NA,NA,NA,NA,NA,NA,126024,51085,1029,1,d6479df97612ac41a8966333a6ef58076a32dad29a20f6bc64e0a5b65673088c
1,11,0,0,4,0.031439012000191724,0.027185999999999998,0.0041459999999999995,29036544,NA,NA,NA,NA,NA,NA,NA,NA,163920,51085,1029,1,3469c6c02ad818b9b840f744b74781f39d0d6d69319fb824d729f7875274b381
1,11,1,1,4,0.033601970000745496,0.029531999999999999,0.0039490000000000003,28762112,NA,NA,NA,NA,NA,NA,NA,NA,163920,51085,1029,1,3469c6c02ad818b9b840f744b74781f39d0d6d69319fb824d729f7875274b381
1,11,0,1,3,0.014793640999414492,0.0097439999999999992,0.0049429999999999995,24674304,NA,NA,NA,NA,NA,NA,NA,NA,2008,133,5,1,8210b4f6eac12a20575e673437437e82cfff653da437ea17992a3aed56a99207
1,11,1,0,3,0.014436553999985335,0.007182,0.0071279999999999998,24870912,NA,NA,NA,NA,NA,NA,NA,NA,2008,133,5,1,8210b4f6eac12a20575e673437437e82cfff653da437ea17992a3aed56a99207
1,11,0,1,14,0.023872556001151679,0.015705,0.0080429999999999998,32260096,NA,NA,NA,NA,NA,NA,NA,NA,247896,280189,4101,1,cf0f1cc1e290dce65809b3140c6f2dc9062a9f452120988a3a869e7faab69134
1,11,1,0,14,0.024103126001136843,0.020275999999999999,0.0036899999999999997,32169984,NA,NA,NA,NA,NA,NA,NA,NA,247896,280189,4101,1,cf0f1cc1e290dce65809b3140c6f2dc9062a9f452120988a3a869e7faab69134
1,11,0,0,21,0.10989270800200757,0.090477000000000002,0.019262999999999999,60481536,NA,NA,NA,NA,NA,NA,NA,NA,2209528,711531,19202,64,955dcf7525f03629d689feea1585905e0b8700805efb32f241197b1ebcb41ffa
1,11,1,1,21,0.30315423199863289,0.15365599999999999,0.147892,60248064,NA,NA,NA,NA,NA,NA,NA,NA,2209528,711531,19202,64,955dcf7525f03629d689feea1585905e0b8700805efb32f241197b1ebcb41ffa
1,11,0,0,18,0.063439221001317492,0.039484999999999999,0.023708,41062400,NA,NA,NA,NA,NA,NA,NA,NA,742032,235398,3329,64,ef3fe9f327a6ee2b8ff8e0c5cce4ce61f805f0660ce139a533f5137453c188bc
1,11,1,1,18,0.048501967001357116,0.028114,0.020102999999999999,40308736,NA,NA,NA,NA,NA,NA,NA,NA,742032,235398,3329,64,ef3fe9f327a6ee2b8ff8e0c5cce4ce61f805f0660ce139a533f5137453c188bc
1,11,0,0,17,0.056606237001687987,0.044014999999999999,0.012338,41734144,NA,NA,NA,NA,NA,NA,NA,NA,1009296,235398,3329,64,46bbbc4439d5a1911d5728e76ba413a577b270d33a6d6f7287d5e66409ad1e95
1,11,1,1,17,0.054679295997630106,0.045940999999999996,0.0084359999999999991,41619456,NA,NA,NA,NA,NA,NA,NA,NA,1009296,235398,3329,64,46bbbc4439d5a1911d5728e76ba413a577b270d33a6d6f7287d5e66409ad1e95
1,11,0,0,6,0.023328433999267872,0.011554,0.011519999999999999,31211520,NA,NA,NA,NA,NA,NA,NA,NA,126024,51085,1029,1,d6479df97612ac41a8966333a6ef58076a32dad29a20f6bc64e0a5b65673088c
1,11,1,1,6,0.023734853999485495,0.015215999999999999,0.0082039999999999995,31014912,NA,NA,NA,NA,NA,NA,NA,NA,126024,51085,1029,1,d6479df97612ac41a8966333a6ef58076a32dad29a20f6bc64e0a5b65673088c
1,11,0,1,16,0.063486560997262131,0.047423,0.015928999999999999,43040768,NA,NA,NA,NA,NA,NA,NA,NA,1082000,235398,3329,64,0a2640f1e20aa1aa539adbeb18cdf2a1ebe47a1dc573029aa0c35ed433364c04
1,11,1,0,16,0.064000379003118724,0.051732999999999994,0.012109999999999999,43061248,NA,NA,NA,NA,NA,NA,NA,NA,1082000,235398,3329,64,0a2640f1e20aa1aa539adbeb18cdf2a1ebe47a1dc573029aa0c35ed433364c04
1,11,0,1,0,0.015091429999301909,0.0074749999999999999,0.0074749999999999999,24084480,NA,NA,NA,NA,NA,NA,NA,NA,2008,133,5,1,a8c1633e798ef980493443e67e6fdb6eada42f775edf7051d304d09c3ddadf5a
1,11,1,0,0,0.013994983000884531,0.013795999999999999,0,24936448,NA,NA,NA,NA,NA,NA,NA,NA,2008,133,5,1,a8c1633e798ef980493443e67e6fdb6eada42f775edf7051d304d09c3ddadf5a
1,11,0,1,20,0.16109557799791219,0.11753899999999999,0.043437999999999997,60379136,NA,NA,NA,NA,NA,NA,NA,NA,1746680,711531,19202,64,e4041ce2b5b6df572ca4d0ca66e6006ad368116646e82963f7e9550b84ab78ca
1,11,1,0,20,0.15146810500300489,0.122932,0.028376999999999999,60444672,NA,NA,NA,NA,NA,NA,NA,NA,1746680,711531,19202,64,e4041ce2b5b6df572ca4d0ca66e6006ad368116646e82963f7e9550b84ab78ca
1,11,0,1,8,0.021560616998613114,0.021413999999999999,0,31854592,NA,NA,NA,NA,NA,NA,NA,NA,98128,39898,2049,512,d54e0d3e437f1319c5e0037da4750229225984f79f1ebd587b1323affae587ab
1,11,1,0,8,0.021049504000984598,0.017451999999999999,0.00349,31858688,NA,NA,NA,NA,NA,NA,NA,NA,98128,39898,2049,512,d54e0d3e437f1319c5e0037da4750229225984f79f1ebd587b1323affae587ab
1,11,0,1,22,0.11041868399843224,0.090666999999999998,0.019639999999999998,58327040,NA,NA,NA,NA,NA,NA,NA,NA,1433848,711531,19202,64,7fe8e0e1367c4dc75afe736c0ee35e3a3755c0152301f3880ce2412132a22623
1,11,1,0,22,0.12781032100247103,0.099361999999999992,0.028323999999999998,58376192,NA,NA,NA,NA,NA,NA,NA,NA,1433848,711531,19202,64,7fe8e0e1367c4dc75afe736c0ee35e3a3755c0152301f3880ce2412132a22623
1,11,0,0,11,0.025528968999424251,0.018107999999999999,0.0072429999999999994,30769152,NA,NA,NA,NA,NA,NA,NA,NA,106320,39898,2049,512,7b8f1ead52d1f75ea51a9518f4611f96b3105a83b8e9ff16958705114f2a13b3
1,11,1,1,11,0.020356601999083068,0.020254999999999999,0,30711808,NA,NA,NA,NA,NA,NA,NA,NA,106320,39898,2049,512,7b8f1ead52d1f75ea51a9518f4611f96b3105a83b8e9ff16958705114f2a13b3
1,11,0,0,19,0.052803785998548847,0.052696,0,41144320,NA,NA,NA,NA,NA,NA,NA,NA,742032,235398,3329,64,ef3fe9f327a6ee2b8ff8e0c5cce4ce61f805f0660ce139a533f5137453c188bc
1,11,1,1,19,0.060785554000176489,0.048853999999999995,0.011802,40898560,NA,NA,NA,NA,NA,NA,NA,NA,742032,235398,3329,64,ef3fe9f327a6ee2b8ff8e0c5cce4ce61f805f0660ce139a533f5137453c188bc
1,11,0,1,15,0.03401297600066755,0.016902999999999998,0.016929,32423936,NA,NA,NA,NA,NA,NA,NA,NA,247896,280189,4101,1,cf0f1cc1e290dce65809b3140c6f2dc9062a9f452120988a3a869e7faab69134
1,11,1,0,15,0.024192097000195645,0.016083999999999998,0.0079899999999999988,32342016,NA,NA,NA,NA,NA,NA,NA,NA,247896,280189,4101,1,cf0f1cc1e290dce65809b3140c6f2dc9062a9f452120988a3a869e7faab69134
1,12,0,0,12,0.034046370001306059,0.014575999999999999,0.019325999999999999,31576064,NA,NA,NA,NA,NA,NA,NA,NA,313424,280189,4101,1,0f9e44f960c45a3ca86cde574970381ef909d64a6bb2d20a17395bced584502a
1,12,1,1,12,0.031130996998399496,0.023285999999999998,0.007718,31571968,NA,NA,NA,NA,NA,NA,NA,NA,313424,280189,4101,1,0f9e44f960c45a3ca86cde574970381ef909d64a6bb2d20a17395bced584502a
1,12,0,0,23,0.12218220700015081,0.089307999999999998,0.032754999999999999,58527744,NA,NA,NA,NA,NA,NA,NA,NA,1433848,711531,19202,64,7fe8e0e1367c4dc75afe736c0ee35e3a3755c0152301f3880ce2412132a22623
1,12,1,1,23,0.12564391100022476,0.11031199999999999,0.015146999999999999,58486784,NA,NA,NA,NA,NA,NA,NA,NA,1433848,711531,19202,64,7fe8e0e1367c4dc75afe736c0ee35e3a3755c0152301f3880ce2412132a22623
1,12,0,0,4,0.037122947000170825,0.031953999999999996,0.0050289999999999996,28893184,NA,NA,NA,NA,NA,NA,NA,NA,163920,51085,1029,1,3469c6c02ad818b9b840f744b74781f39d0d6d69319fb824d729f7875274b381
1,12,1,1,4,0.031286237001040718,0.027413,0.003728,28958720,NA,NA,NA,NA,NA,NA,NA,NA,163920,51085,1029,1,3469c6c02ad818b9b840f744b74781f39d0d6d69319fb824d729f7875274b381
1,12,0,0,6,0.028297749999182997,0.015681,0.012482,31186944,NA,NA,NA,NA,NA,NA,NA,NA,126024,51085,1029,1,d6479df97612ac41a8966333a6ef58076a32dad29a20f6bc64e0a5b65673088c
1,12,1,1,6,0.023853007001889637,0.023715,0,30941184,NA,NA,NA,NA,NA,NA,NA,NA,126024,51085,1029,1,d6479df97612ac41a8966333a6ef58076a32dad29a20f6bc64e0a5b65673088c
1,12,0,0,14,0.023498334001487819,0.015729,0.0076619999999999995,32301056,NA,NA,NA,NA,NA,NA,NA,NA,247896,280189,4101,1,cf0f1cc1e290dce65809b3140c6f2dc9062a9f452120988a3a869e7faab69134
1,12,1,1,14,0.026976662000379292,0.014797999999999999,0.012045999999999999,31965184,NA,NA,NA,NA,NA,NA,NA,NA,247896,280189,4101,1,cf0f1cc1e290dce65809b3140c6f2dc9062a9f452120988a3a869e7faab69134
1,12,0,1,13,0.024192057000618661,0.015951,0.0081239999999999993,32227328,NA,NA,NA,NA,NA,NA,NA,NA,313536,280189,4101,1,5a04cd3dab823e43a4d317f4a27057eec5b1fcaecf9843229a14a897b95f1f29
1,12,1,0,13,0.024619167001219466,0.020294,0.0041809999999999998,32292864,NA,NA,NA,NA,NA,NA,NA,NA,313536,280189,4101,1,5a04cd3dab823e43a4d317f4a27057eec5b1fcaecf9843229a14a897b95f1f29
1,12,0,1,9,0.02076526500241016,0.016354,0.0042079999999999999,30478336,NA,NA,NA,NA,NA,NA,NA,NA,147280,39898,2049,512,02ee45f00f5fa967779eb017bd9c1965526161af8ee6a0f23a31a68b3dbbac77
1,12,1,0,9,0.020009771000331966,0.011906,0.0079889999999999996,30703616,NA,NA,NA,NA,NA,NA,NA,NA,147280,39898,2049,512,02ee45f00f5fa967779eb017bd9c1965526161af8ee6a0f23a31a68b3dbbac77
1,12,0,0,5,0.021646694000082789,0.017207,0.0043010000000000001,31191040,NA,NA,NA,NA,NA,NA,NA,NA,192736,51085,1029,1,98c15b8b4636441c6e839c68a3bed9dee3bd8ae062882739073db7b7ed7d66f3
1,12,1,1,5,0.02262792100009392,0.017884000000000001,0.0046049999999999997,31113216,NA,NA,NA,NA,NA,NA,NA,NA,192736,51085,1029,1,98c15b8b4636441c6e839c68a3bed9dee3bd8ae062882739073db7b7ed7d66f3
1,12,0,1,22,0.11677460400096606,0.091937999999999992,0.024707,58060800,NA,NA,NA,NA,NA,NA,NA,NA,1433848,711531,19202,64,7fe8e0e1367c4dc75afe736c0ee35e3a3755c0152301f3880ce2412132a22623
1,12,1,0,22,0.11193171999912011,0.093049999999999994,0.015571999999999999,58232832,NA,NA,NA,NA,NA,NA,NA,NA,1433848,711531,19202,64,7fe8e0e1367c4dc75afe736c0ee35e3a3755c0152301f3880ce2412132a22623
1,12,0,0,19,0.048749874000350246,0.036295000000000001,0.012322,40701952,NA,NA,NA,NA,NA,NA,NA,NA,742032,235398,3329,64,ef3fe9f327a6ee2b8ff8e0c5cce4ce61f805f0660ce139a533f5137453c188bc
1,12,1,1,19,0.048464413001056528,0.040195999999999996,0.0081429999999999992,40374272,NA,NA,NA,NA,NA,NA,NA,NA,742032,235398,3329,64,ef3fe9f327a6ee2b8ff8e0c5cce4ce61f805f0660ce139a533f5137453c188bc
1,12,0,0,3,0.01424249800038524,0.0069099999999999995,0.0072299999999999994,24739840,NA,NA,NA,NA,NA,NA,NA,NA,2008,133,5,1,8210b4f6eac12a20575e673437437e82cfff653da437ea17992a3aed56a99207
1,12,1,1,3,0.015868405000219354,0.0076379999999999998,0.0081329999999999996,24215552,NA,NA,NA,NA,NA,NA,NA,NA,2008,133,5,1,8210b4f6eac12a20575e673437437e82cfff653da437ea17992a3aed56a99207
1,12,0,0,7,0.022529516001668526,0.011129,0.011259999999999999,31211520,NA,NA,NA,NA,NA,NA,NA,NA,126024,51085,1029,1,d6479df97612ac41a8966333a6ef58076a32dad29a20f6bc64e0a5b65673088c
1,12,1,1,7,0.02172676200279966,0.013004,0.0086199999999999992,31428608,NA,NA,NA,NA,NA,NA,NA,NA,126024,51085,1029,1,d6479df97612ac41a8966333a6ef58076a32dad29a20f6bc64e0a5b65673088c
1,12,0,1,10,0.020355270997242769,0.0082279999999999992,0.012022999999999999,30609408,NA,NA,NA,NA,NA,NA,NA,NA,106320,39898,2049,512,7b8f1ead52d1f75ea51a9518f4611f96b3105a83b8e9ff16958705114f2a13b3
1,12,1,0,10,0.019636911998532014,0.011783,0.0077539999999999996,30609408,NA,NA,NA,NA,NA,NA,NA,NA,106320,39898,2049,512,7b8f1ead52d1f75ea51a9518f4611f96b3105a83b8e9ff16958705114f2a13b3
1,12,0,1,8,0.022006604998750845,0.013318999999999999,0.0085799999999999991,31526912,NA,NA,NA,NA,NA,NA,NA,NA,98128,39898,2049,512,d54e0d3e437f1319c5e0037da4750229225984f79f1ebd587b1323affae587ab
1,12,1,0,8,0.022924238000996411,0.018386,0.0044180000000000001,31985664,NA,NA,NA,NA,NA,NA,NA,NA,98128,39898,2049,512,d54e0d3e437f1319c5e0037da4750229225984f79f1ebd587b1323affae587ab
1,12,0,1,2,0.018712173001404153,0.015587,0.0029059999999999997,24793088,NA,NA,NA,NA,NA,NA,NA,NA,2008,133,5,1,8210b4f6eac12a20575e673437437e82cfff653da437ea17992a3aed56a99207
1,12,1,0,2,0.031386900001962204,0.022173999999999999,0.0090819999999999998,24784896,NA,NA,NA,NA,NA,NA,NA,NA,2008,133,5,1,8210b4f6eac12a20575e673437437e82cfff653da437ea17992a3aed56a99207
1,12,0,0,16,0.061076417001459049,0.044732999999999995,0.016218,43126784,NA,NA,NA,NA,NA,NA,NA,NA,1082000,235398,3329,64,0a2640f1e20aa1aa539adbeb18cdf2a1ebe47a1dc573029aa0c35ed433364c04
1,12,1,1,16,0.064103130000148667,0.059975999999999995,0.0040219999999999995,43192320,NA,NA,NA,NA,NA,NA,NA,NA,1082000,235398,3329,64,0a2640f1e20aa1aa539adbeb18cdf2a1ebe47a1dc573029aa0c35ed433364c04
1,12,0,1,20,0.13927621999755502,0.11498,0.024069999999999998,60444672,NA,NA,NA,NA,NA,NA,NA,NA,1746680,711531,19202,64,e4041ce2b5b6df572ca4d0ca66e6006ad368116646e82963f7e9550b84ab78ca
1,12,1,0,20,0.13495939100175747,0.11904099999999999,0.015781,60444672,NA,NA,NA,NA,NA,NA,NA,NA,1746680,711531,19202,64,e4041ce2b5b6df572ca4d0ca66e6006ad368116646e82963f7e9550b84ab78ca
1,12,0,1,17,0.056040763000055449,0.048148999999999997,0.0077909999999999993,41619456,NA,NA,NA,NA,NA,NA,NA,NA,1009296,235398,3329,64,46bbbc4439d5a1911d5728e76ba413a577b270d33a6d6f7287d5e66409ad1e95
1,12,1,0,17,0.056403787999443011,0.052340999999999999,0.0039480000000000001,41750528,NA,NA,NA,NA,NA,NA,NA,NA,1009296,235398,3329,64,46bbbc4439d5a1911d5728e76ba413a577b270d33a6d6f7287d5e66409ad1e95
1,12,0,1,1,0.014382064000528771,0.014220999999999999,0,24526848,NA,NA,NA,NA,NA,NA,NA,NA,2056,133,5,1,6b21b079ef6f8f7f055926600e53b906dd7be041e021dd2791b7aa8c55e24585
1,12,1,0,1,0.014202479000232415,0.0070809999999999996,0.007025,24674304,NA,NA,NA,NA,NA,NA,NA,NA,2056,133,5,1,6b21b079ef6f8f7f055926600e53b906dd7be041e021dd2791b7aa8c55e24585
1,12,0,0,15,0.024051460000919178,0.015774,0.0081630000000000001,32325632,NA,NA,NA,NA,NA,NA,NA,NA,247896,280189,4101,1,cf0f1cc1e290dce65809b3140c6f2dc9062a9f452120988a3a869e7faab69134
1,12,1,1,15,0.023847298998589395,0.015924000000000001,0.0078079999999999998,32243712,NA,NA,NA,NA,NA,NA,NA,NA,247896,280189,4101,1,cf0f1cc1e290dce65809b3140c6f2dc9062a9f452120988a3a869e7faab69134
1,12,0,1,0,0.013910648998717079,0.0069239999999999996,0.0068889999999999993,24829952,NA,NA,NA,NA,NA,NA,NA,NA,2008,133,5,1,a8c1633e798ef980493443e67e6fdb6eada42f775edf7051d304d09c3ddadf5a
1,12,1,0,0,0.013975975998619106,0.0091579999999999995,0.0047199999999999994,24932352,NA,NA,NA,NA,NA,NA,NA,NA,2008,133,5,1,a8c1633e798ef980493443e67e6fdb6eada42f775edf7051d304d09c3ddadf5a
1,12,0,0,21,0.10816686499674688,0.087854000000000002,0.020201999999999998,60567552,NA,NA,NA,NA,NA,NA,NA,NA,2209528,711531,19202,64,955dcf7525f03629d689feea1585905e0b8700805efb32f241197b1ebcb41ffa
1,12,1,1,21,0.10852085700025782,0.088340000000000002,0.020028000000000001,60203008,NA,NA,NA,NA,NA,NA,NA,NA,2209528,711531,19202,64,955dcf7525f03629d689feea1585905e0b8700805efb32f241197b1ebcb41ffa
1,12,0,0,18,0.047330450997833395,0.047206999999999999,0,41160704,NA,NA,NA,NA,NA,NA,NA,NA,742032,235398,3329,64,ef3fe9f327a6ee2b8ff8e0c5cce4ce61f805f0660ce139a533f5137453c188bc
1,12,1,1,18,0.048091833999933442,0.036155,0.011812999999999999,40964096,NA,NA,NA,NA,NA,NA,NA,NA,742032,235398,3329,64,ef3fe9f327a6ee2b8ff8e0c5cce4ce61f805f0660ce139a533f5137453c188bc
1,12,0,1,11,0.021204403001320316,0.016763999999999998,0.0043249999999999999,30711808,NA,NA,NA,NA,NA,NA,NA,NA,106320,39898,2049,512,7b8f1ead52d1f75ea51a9518f4611f96b3105a83b8e9ff16958705114f2a13b3
1,12,1,0,11,0.020258328000636538,0.012074,0.0080800000000000004,30711808,NA,NA,NA,NA,NA,NA,NA,NA,106320,39898,2049,512,7b8f1ead52d1f75ea51a9518f4611f96b3105a83b8e9ff16958705114f2a13b3
1,13,0,0,8,0.022026153001206694,0.013146999999999999,0.0087639999999999992,31846400,NA,NA,NA,NA,NA,NA,NA,NA,98128,39898,2049,512,d54e0d3e437f1319c5e0037da4750229225984f79f1ebd587b1323affae587ab
1,13,1,1,8,0.022575865001272177,0.017877999999999998,0.0045839999999999995,31657984,NA,NA,NA,NA,NA,NA,NA,NA,98128,39898,2049,512,d54e0d3e437f1319c5e0037da4750229225984f79f1ebd587b1323affae587ab
1,13,0,1,15,0.02416713099955814,0.019976000000000001,0.0040629999999999998,32215040,NA,NA,NA,NA,NA,NA,NA,NA,247896,280189,4101,1,cf0f1cc1e290dce65809b3140c6f2dc9062a9f452120988a3a869e7faab69134
1,13,1,0,15,0.023915910001960583,0.015916,0.0078469999999999998,32227328,NA,NA,NA,NA,NA,NA,NA,NA,247896,280189,4101,1,cf0f1cc1e290dce65809b3140c6f2dc9062a9f452120988a3a869e7faab69134
1,13,0,0,22,0.12110166499769548,0.097203999999999999,0.023778999999999998,58408960,NA,NA,NA,NA,NA,NA,NA,NA,1433848,711531,19202,64,7fe8e0e1367c4dc75afe736c0ee35e3a3755c0152301f3880ce2412132a22623
1,13,1,1,22,0.10991200699936599,0.082334999999999992,0.02743,58167296,NA,NA,NA,NA,NA,NA,NA,NA,1433848,711531,19202,64,7fe8e0e1367c4dc75afe736c0ee35e3a3755c0152301f3880ce2412132a22623
1,13,0,1,4,0.030190130997652886,0.026298999999999999,0.0037849999999999997,28917760,NA,NA,NA,NA,NA,NA,NA,NA,163920,51085,1029,1,3469c6c02ad818b9b840f744b74781f39d0d6d69319fb824d729f7875274b381
1,13,1,0,4,0.029529826999350917,0.025704999999999999,0.003702,29048832,NA,NA,NA,NA,NA,NA,NA,NA,163920,51085,1029,1,3469c6c02ad818b9b840f744b74781f39d0d6d69319fb824d729f7875274b381
1,13,0,1,21,0.11688710099770105,0.096436999999999995,0.020326,60248064,NA,NA,NA,NA,NA,NA,NA,NA,2209528,711531,19202,64,955dcf7525f03629d689feea1585905e0b8700805efb32f241197b1ebcb41ffa
1,13,1,0,21,0.10748996700203861,0.091454999999999995,0.015903999999999998,60510208,NA,NA,NA,NA,NA,NA,NA,NA,2209528,711531,19202,64,955dcf7525f03629d689feea1585905e0b8700805efb32f241197b1ebcb41ffa
1,13,0,1,14,0.023731739001959795,0,0.023621,31965184,NA,NA,NA,NA,NA,NA,NA,NA,247896,280189,4101,1,cf0f1cc1e290dce65809b3140c6f2dc9062a9f452120988a3a869e7faab69134
1,13,1,0,14,0.034800723002263112,0.022962,0.011689999999999999,32161792,NA,NA,NA,NA,NA,NA,NA,NA,247896,280189,4101,1,cf0f1cc1e290dce65809b3140c6f2dc9062a9f452120988a3a869e7faab69134
1,13,0,1,5,0.03002634900258272,0.021325999999999998,0.0085699999999999995,31014912,NA,NA,NA,NA,NA,NA,NA,NA,192736,51085,1029,1,98c15b8b4636441c6e839c68a3bed9dee3bd8ae062882739073db7b7ed7d66f3
1,13,1,0,5,0.032812467001349432,0.028596999999999997,0.0040850000000000001,31342592,NA,NA,NA,NA,NA,NA,NA,NA,192736,51085,1029,1,98c15b8b4636441c6e839c68a3bed9dee3bd8ae062882739073db7b7ed7d66f3
1,13,0,0,13,0.034854146997531643,0.030362,0.0043400000000000001,32358400,NA,NA,NA,NA,NA,NA,NA,NA,313536,280189,4101,1,5a04cd3dab823e43a4d317f4a27057eec5b1fcaecf9843229a14a897b95f1f29
1,13,1,1,13,0.026808894999703625,0.014919,0.011757999999999999,32407552,NA,NA,NA,NA,NA,NA,NA,NA,313536,280189,4101,1,5a04cd3dab823e43a4d317f4a27057eec5b1fcaecf9843229a14a897b95f1f29
1,13,0,0,10,0.02112470499923802,0.0086059999999999991,0.012402,30740480,NA,NA,NA,NA,NA,NA,NA,NA,106320,39898,2049,512,7b8f1ead52d1f75ea51a9518f4611f96b3105a83b8e9ff16958705114f2a13b3
1,13,1,1,10,0.023777660997438943,0.0086049999999999998,0.015070999999999999,30355456,NA,NA,NA,NA,NA,NA,NA,NA,106320,39898,2049,512,7b8f1ead52d1f75ea51a9518f4611f96b3105a83b8e9ff16958705114f2a13b3
1,13,0,0,11,0.024046523001743481,0.019574999999999999,0.0043489999999999996,30601216,NA,NA,NA,NA,NA,NA,NA,NA,106320,39898,2049,512,7b8f1ead52d1f75ea51a9518f4611f96b3105a83b8e9ff16958705114f2a13b3
1,13,1,1,11,0.029781337001622887,0.022574999999999998,0.0070749999999999997,30715904,NA,NA,NA,NA,NA,NA,NA,NA,106320,39898,2049,512,7b8f1ead52d1f75ea51a9518f4611f96b3105a83b8e9ff16958705114f2a13b3
1,13,0,1,6,0.024030689000937855,0.012133999999999999,0.011779,30949376,NA,NA,NA,NA,NA,NA,NA,NA,126024,51085,1029,1,d6479df97612ac41a8966333a6ef58076a32dad29a20f6bc64e0a5b65673088c
1,13,1,0,6,0.023786859997926513,0.015931999999999998,0.0077409999999999996,31342592,NA,NA,NA,NA,NA,NA,NA,NA,126024,51085,1029,1,d6479df97612ac41a8966333a6ef58076a32dad29a20f6bc64e0a5b65673088c
1,13,0,1,3,0.014044797000678955,0.004666,0.0092420000000000002,24612864,NA,NA,NA,NA,NA,NA,NA,NA,2008,133,5,1,8210b4f6eac12a20575e673437437e82cfff653da437ea17992a3aed56a99207
1,13,1,0,3,0.018032605999906082,0.014293999999999999,0.0036289999999999998,24805376,NA,NA,NA,NA,NA,NA,NA,NA,2008,133,5,1,8210b4f6eac12a20575e673437437e82cfff653da437ea17992a3aed56a99207
1,13,0,0,2,0.016261205000773771,0.012135,0.0040270000000000002,24788992,NA,NA,NA,NA,NA,NA,NA,NA,2008,133,5,1,8210b4f6eac12a20575e673437437e82cfff653da437ea17992a3aed56a99207
1,13,1,1,2,0.014077299998461967,0.0047749999999999997,0.0092009999999999991,24805376,NA,NA,NA,NA,NA,NA,NA,NA,2008,133,5,1,8210b4f6eac12a20575e673437437e82cfff653da437ea17992a3aed56a99207
1,13,0,1,7,0.023143652000726433,0.013633999999999999,0.0093969999999999991,30818304,NA,NA,NA,NA,NA,NA,NA,NA,126024,51085,1029,1,d6479df97612ac41a8966333a6ef58076a32dad29a20f6bc64e0a5b65673088c
1,13,1,0,7,0.026065760001074523,0.0095719999999999989,0.016364,31395840,NA,NA,NA,NA,NA,NA,NA,NA,126024,51085,1029,1,d6479df97612ac41a8966333a6ef58076a32dad29a20f6bc64e0a5b65673088c
1,13,0,0,0,0.016803002999949967,0.0076399999999999992,0.0090229999999999998,24731648,NA,NA,NA,NA,NA,NA,NA,NA,2008,133,5,1,a8c1633e798ef980493443e67e6fdb6eada42f775edf7051d304d09c3ddadf5a
1,13,1,1,0,0.017514682000182802,0.0087379999999999992,0.0086889999999999988,24489984,NA,NA,NA,NA,NA,NA,NA,NA,2008,133,5,1,a8c1633e798ef980493443e67e6fdb6eada42f775edf7051d304d09c3ddadf5a
1,13,0,1,12,0.037247634998493595,0.028636999999999999,0.0085159999999999993,31531008,NA,NA,NA,NA,NA,NA,NA,NA,313424,280189,4101,1,0f9e44f960c45a3ca86cde574970381ef909d64a6bb2d20a17395bced584502a
1,13,1,0,12,0.048254727997118607,0.039451,0.0086990000000000001,31440896,NA,NA,NA,NA,NA,NA,NA,NA,313424,280189,4101,1,0f9e44f960c45a3ca86cde574970381ef909d64a6bb2d20a17395bced584502a
1,13,0,1,23,0.15711485099745914,0.128604,0.028414999999999999,58408960,NA,NA,NA,NA,NA,NA,NA,NA,1433848,711531,19202,64,7fe8e0e1367c4dc75afe736c0ee35e3a3755c0152301f3880ce2412132a22623
1,13,1,0,23,0.12348471699806396,0.091470999999999997,0.031904000000000002,58544128,NA,NA,NA,NA,NA,NA,NA,NA,1433848,711531,19202,64,7fe8e0e1367c4dc75afe736c0ee35e3a3755c0152301f3880ce2412132a22623
1,13,0,0,1,0.014357697997184005,0.014244999999999999,0,24870912,NA,NA,NA,NA,NA,NA,NA,NA,2056,133,5,1,6b21b079ef6f8f7f055926600e53b906dd7be041e021dd2791b7aa8c55e24585
1,13,1,1,1,0.015530726999713806,0.0082240000000000004,0.007195,24846336,NA,NA,NA,NA,NA,NA,NA,NA,2056,133,5,1,6b21b079ef6f8f7f055926600e53b906dd7be041e021dd2791b7aa8c55e24585
1,13,0,1,19,0.049374054000509204,0.036781000000000001,0.012454,41021440,NA,NA,NA,NA,NA,NA,NA,NA,742032,235398,3329,64,ef3fe9f327a6ee2b8ff8e0c5cce4ce61f805f0660ce139a533f5137453c188bc
1,13,1,0,19,0.050457160999940243,0.041339999999999995,0.0088310000000000003,41095168,NA,NA,NA,NA,NA,NA,NA,NA,742032,235398,3329,64,ef3fe9f327a6ee2b8ff8e0c5cce4ce61f805f0660ce139a533f5137453c188bc
1,13,0,1,18,0.052418158000364201,0.032607999999999998,0.019642,40243200,NA,NA,NA,NA,NA,NA,NA,NA,742032,235398,3329,64,ef3fe9f327a6ee2b8ff8e0c5cce4ce61f805f0660ce139a533f5137453c188bc
1,13,1,0,18,0.048193203001574147,0.040046999999999999,0.0079829999999999988,40767488,NA,NA,NA,NA,NA,NA,NA,NA,742032,235398,3329,64,ef3fe9f327a6ee2b8ff8e0c5cce4ce61f805f0660ce139a533f5137453c188bc
1,13,0,0,20,0.13370097799997893,0.110176,0.023283999999999999,60571648,NA,NA,NA,NA,NA,NA,NA,NA,1746680,711531,19202,64,e4041ce2b5b6df572ca4d0ca66e6006ad368116646e82963f7e9550b84ab78ca
1,13,1,1,20,0.17649081299896352,0.15357799999999999,0.022596999999999999,60248064,NA,NA,NA,NA,NA,NA,NA,NA,1746680,711531,19202,64,e4041ce2b5b6df572ca4d0ca66e6006ad368116646e82963f7e9550b84ab78ca
1,13,0,0,9,0.020986838000681018,0.012414,0.0084079999999999988,30633984,NA,NA,NA,NA,NA,NA,NA,NA,147280,39898,2049,512,02ee45f00f5fa967779eb017bd9c1965526161af8ee6a0f23a31a68b3dbbac77
1,13,1,1,9,0.020320306000940036,0.012081,0.0081069999999999996,30601216,NA,NA,NA,NA,NA,NA,NA,NA,147280,39898,2049,512,02ee45f00f5fa967779eb017bd9c1965526161af8ee6a0f23a31a68b3dbbac77
1,13,0,1,16,0.061506391997681931,0.049034999999999995,0.012307,42811392,NA,NA,NA,NA,NA,NA,NA,NA,1082000,235398,3329,64,0a2640f1e20aa1aa539adbeb18cdf2a1ebe47a1dc573029aa0c35ed433364c04
1,13,1,0,16,0.06307452100008959,0.050626999999999998,0.012274,43315200,NA,NA,NA,NA,NA,NA,NA,NA,1082000,235398,3329,64,0a2640f1e20aa1aa539adbeb18cdf2a1ebe47a1dc573029aa0c35ed433364c04
1,13,0,0,17,0.073612582000350812,0.061133,0.01223,41750528,NA,NA,NA,NA,NA,NA,NA,NA,1009296,235398,3329,64,46bbbc4439d5a1911d5728e76ba413a577b270d33a6d6f7287d5e66409ad1e95
1,13,1,1,17,0.057678970999404555,0.035886000000000001,0.021624999999999998,41787392,NA,NA,NA,NA,NA,NA,NA,NA,1009296,235398,3329,64,46bbbc4439d5a1911d5728e76ba413a577b270d33a6d6f7287d5e66409ad1e95
1,14,0,1,15,0.022963520998018794,0.011387,0.011387,32178176,NA,NA,NA,NA,NA,NA,NA,NA,247896,280189,4101,1,cf0f1cc1e290dce65809b3140c6f2dc9062a9f452120988a3a869e7faab69134
1,14,1,0,15,0.025138085999060422,0.018703000000000001,0.0062779999999999997,32317440,NA,NA,NA,NA,NA,NA,NA,NA,247896,280189,4101,1,cf0f1cc1e290dce65809b3140c6f2dc9062a9f452120988a3a869e7faab69134
1,14,0,0,5,0.022430606000853004,0.014799999999999999,0.0074779999999999994,31293440,NA,NA,NA,NA,NA,NA,NA,NA,192736,51085,1029,1,98c15b8b4636441c6e839c68a3bed9dee3bd8ae062882739073db7b7ed7d66f3
1,14,1,1,5,0.022407682001357898,0.018540999999999998,0.0037189999999999996,31014912,NA,NA,NA,NA,NA,NA,NA,NA,192736,51085,1029,1,98c15b8b4636441c6e839c68a3bed9dee3bd8ae062882739073db7b7ed7d66f3
1,14,0,1,16,0.062958680999145145,0.055638,0.0071469999999999997,42921984,NA,NA,NA,NA,NA,NA,NA,NA,1082000,235398,3329,64,0a2640f1e20aa1aa539adbeb18cdf2a1ebe47a1dc573029aa0c35ed433364c04
1,14,1,0,16,0.074404429997230181,0.063511999999999999,0.0088149999999999999,43098112,NA,NA,NA,NA,NA,NA,NA,NA,1082000,235398,3329,64,0a2640f1e20aa1aa539adbeb18cdf2a1ebe47a1dc573029aa0c35ed433364c04
1,14,0,1,19,0.049674274996505119,0.045443999999999998,0.0041089999999999998,41119744,NA,NA,NA,NA,NA,NA,NA,NA,742032,235398,3329,64,ef3fe9f327a6ee2b8ff8e0c5cce4ce61f805f0660ce139a533f5137453c188bc
1,14,1,0,19,0.046926085000450257,0.035090999999999997,0.011696999999999999,41029632,NA,NA,NA,NA,NA,NA,NA,NA,742032,235398,3329,64,ef3fe9f327a6ee2b8ff8e0c5cce4ce61f805f0660ce139a533f5137453c188bc
1,14,0,0,8,0.021532172002480365,0.017117999999999998,0.0042789999999999998,31764480,NA,NA,NA,NA,NA,NA,NA,NA,98128,39898,2049,512,d54e0d3e437f1319c5e0037da4750229225984f79f1ebd587b1323affae587ab
1,14,1,1,8,0.021339628001442179,0.010605999999999999,0.010605999999999999,31899648,NA,NA,NA,NA,NA,NA,NA,NA,98128,39898,2049,512,d54e0d3e437f1319c5e0037da4750229225984f79f1ebd587b1323affae587ab
1,14,0,0,21,0.10634163400027319,0.077590999999999993,0.028586999999999998,60559360,NA,NA,NA,NA,NA,NA,NA,NA,2209528,711531,19202,64,955dcf7525f03629d689feea1585905e0b8700805efb32f241197b1ebcb41ffa
1,14,1,1,21,0.11139331899903482,0.094668000000000002,0.016567999999999999,60493824,NA,NA,NA,NA,NA,NA,NA,NA,2209528,711531,19202,64,955dcf7525f03629d689feea1585905e0b8700805efb32f241197b1ebcb41ffa
1,14,0,0,12,0.036221358997863717,0.032121999999999998,0.0039689999999999994,31576064,NA,NA,NA,NA,NA,NA,NA,NA,313424,280189,4101,1,0f9e44f960c45a3ca86cde574970381ef909d64a6bb2d20a17395bced584502a
1,14,1,1,12,0.034019213999272324,0.025974999999999998,0.00792,31477760,NA,NA,NA,NA,NA,NA,NA,NA,313424,280189,4101,1,0f9e44f960c45a3ca86cde574970381ef909d64a6bb2d20a17395bced584502a
1,14,0,1,0,0.015108374998817453,0.010014,0.0049410000000000001,24543232,NA,NA,NA,NA,NA,NA,NA,NA,2008,133,5,1,a8c1633e798ef980493443e67e6fdb6eada42f775edf7051d304d09c3ddadf5a
1,14,1,0,0,0.014194768999004737,0.010506999999999999,0.0035629999999999998,24780800,NA,NA,NA,NA,NA,NA,NA,NA,2008,133,5,1,a8c1633e798ef980493443e67e6fdb6eada42f775edf7051d304d09c3ddadf5a
1,14,0,0,6,0.022709316999680595,0.011197,0.011412,31211520,NA,NA,NA,NA,NA,NA,NA,NA,126024,51085,1029,1,d6479df97612ac41a8966333a6ef58076a32dad29a20f6bc64e0a5b65673088c
1,14,1,1,6,0.02252507499724743,0.014912,0.0075119999999999996,30932992,NA,NA,NA,NA,NA,NA,NA,NA,126024,51085,1029,1,d6479df97612ac41a8966333a6ef58076a32dad29a20f6bc64e0a5b65673088c
1,14,0,0,17,0.057886306000000332,0.057777999999999996,0,41807872,NA,NA,NA,NA,NA,NA,NA,NA,1009296,235398,3329,64,46bbbc4439d5a1911d5728e76ba413a577b270d33a6d6f7287d5e66409ad1e95
1,14,1,1,17,0.053270164000423392,0.041069999999999995,0.012081,41619456,NA,NA,NA,NA,NA,NA,NA,NA,1009296,235398,3329,64,46bbbc4439d5a1911d5728e76ba413a577b270d33a6d6f7287d5e66409ad1e95
1,14,0,1,18,0.047787243998755002,0.035583999999999998,0.012041999999999999,41132032,NA,NA,NA,NA,NA,NA,NA,NA,742032,235398,3329,64,ef3fe9f327a6ee2b8ff8e0c5cce4ce61f805f0660ce139a533f5137453c188bc
1,14,1,0,18,0.057243999999627704,0.052976999999999996,0.0041289999999999999,41140224,NA,NA,NA,NA,NA,NA,NA,NA,742032,235398,3329,64,ef3fe9f327a6ee2b8ff8e0c5cce4ce61f805f0660ce139a533f5137453c188bc
1,14,0,1,10,0.020165317997452803,0.0078919999999999997,0.012076,30412800,NA,NA,NA,NA,NA,NA,NA,NA,106320,39898,2049,512,7b8f1ead52d1f75ea51a9518f4611f96b3105a83b8e9ff16958705114f2a13b3
1,14,1,0,10,0.021718400999816367,0.01061,0.010985999999999999,30740480,NA,NA,NA,NA,NA,NA,NA,NA,106320,39898,2049,512,7b8f1ead52d1f75ea51a9518f4611f96b3105a83b8e9ff16958705114f2a13b3
1,14,0,1,3,0.015403650002554059,0.0075129999999999997,0.0077739999999999997,24584192,NA,NA,NA,NA,NA,NA,NA,NA,2008,133,5,1,8210b4f6eac12a20575e673437437e82cfff653da437ea17992a3aed56a99207
1,14,1,0,3,0.017900775001180591,0.0076660000000000001,0.010130999999999999,24870912,NA,NA,NA,NA,NA,NA,NA,NA,2008,133,5,1,8210b4f6eac12a20575e673437437e82cfff653da437ea17992a3aed56a99207
1,14,0,1,2,0.018558318999566836,0.0096889999999999997,0.0087510000000000001,24801280,NA,NA,NA,NA,NA,NA,NA,NA,2008,133,5,1,8210b4f6eac12a20575e673437437e82cfff653da437ea17992a3aed56a99207
1,14,1,0,2,0.015879652000876376,0.0077399999999999995,0.0080249999999999991,24788992,NA,NA,NA,NA,NA,NA,NA,NA,2008,133,5,1,8210b4f6eac12a20575e673437437e82cfff653da437ea17992a3aed56a99207
1,14,0,1,7,0.027774901998782298,0.023220999999999999,0.0044159999999999998,31408128,NA,NA,NA,NA,NA,NA,NA,NA,126024,51085,1029,1,d6479df97612ac41a8966333a6ef58076a32dad29a20f6bc64e0a5b65673088c
1,14,1,0,7,0.023946809000335634,0.0039940000000000002,0.019826999999999997,31473664,NA,NA,NA,NA,NA,NA,NA,NA,126024,51085,1029,1,d6479df97612ac41a8966333a6ef58076a32dad29a20f6bc64e0a5b65673088c
1,14,0,0,22,0.11159762099850923,0.09111699999999999,0.020371999999999998,58413056,NA,NA,NA,NA,NA,NA,NA,NA,1433848,711531,19202,64,7fe8e0e1367c4dc75afe736c0ee35e3a3755c0152301f3880ce2412132a22623
1,14,1,1,22,0.1083476409985451,0.096114999999999992,0.012086999999999999,58347520,NA,NA,NA,NA,NA,NA,NA,NA,1433848,711531,19202,64,7fe8e0e1367c4dc75afe736c0ee35e3a3755c0152301f3880ce2412132a22623
1,14,0,1,4,0.029675693000172032,0.025304999999999998,0.0042519999999999997,28917760,NA,NA,NA,NA,NA,NA,NA,NA,163920,51085,1029,1,3469c6c02ad818b9b840f744b74781f39d0d6d69319fb824d729f7875274b381
1,14,1,0,4,0.029853926000214415,0.018276000000000001,0.011420999999999999,28827648,NA,NA,NA,NA,NA,NA,NA,NA,163920,51085,1029,1,3469c6c02ad818b9b840f744b74781f39d0d6d69319fb824d729f7875274b381
1,14,0,0,11,0.020062106003024383,0.011965,0.0079919999999999991,30740480,NA,NA,NA,NA,NA,NA,NA,NA,106320,39898,2049,512,7b8f1ead52d1f75ea51a9518f4611f96b3105a83b8e9ff16958705114f2a13b3
1,14,1,1,11,0.020385291998536559,0.016361999999999998,0.0039059999999999997,30547968,NA,NA,NA,NA,NA,NA,NA,NA,106320,39898,2049,512,7b8f1ead52d1f75ea51a9518f4611f96b3105a83b8e9ff16958705114f2a13b3
1,14,0,1,23,0.12550564600314829,0.11712599999999999,0.0082279999999999992,58544128,NA,NA,NA,NA,NA,NA,NA,NA,1433848,711531,19202,64,7fe8e0e1367c4dc75afe736c0ee35e3a3755c0152301f3880ce2412132a22623
1,14,1,0,23,0.12497173999872757,0.100356,0.024513999999999998,58544128,NA,NA,NA,NA,NA,NA,NA,NA,1433848,711531,19202,64,7fe8e0e1367c4dc75afe736c0ee35e3a3755c0152301f3880ce2412132a22623
1,14,0,1,13,0.022811457001807867,0.013696,0.0089999999999999993,32456704,NA,NA,NA,NA,NA,NA,NA,NA,313536,280189,4101,1,5a04cd3dab823e43a4d317f4a27057eec5b1fcaecf9843229a14a897b95f1f29
1,14,1,0,13,0.024232832001871429,0.016338999999999999,0.0077749999999999998,32423936,NA,NA,NA,NA,NA,NA,NA,NA,313536,280189,4101,1,5a04cd3dab823e43a4d317f4a27057eec5b1fcaecf9843229a14a897b95f1f29
1,14,0,0,20,0.13435303399819531,0.11576599999999999,0.018466,60436480,NA,NA,NA,NA,NA,NA,NA,NA,1746680,711531,19202,64,e4041ce2b5b6df572ca4d0ca66e6006ad368116646e82963f7e9550b84ab78ca
1,14,1,1,20,0.14451296599872876,0.12216099999999999,0.022200999999999999,60223488,NA,NA,NA,NA,NA,NA,NA,NA,1746680,711531,19202,64,e4041ce2b5b6df572ca4d0ca66e6006ad368116646e82963f7e9550b84ab78ca
1,14,0,0,1,0.017660105000686599,0.0063859999999999993,0.011125999999999999,24576000,NA,NA,NA,NA,NA,NA,NA,NA,2056,133,5,1,6b21b079ef6f8f7f055926600e53b906dd7be041e021dd2791b7aa8c55e24585
1,14,1,1,1,0.014766461001272546,0.0097279999999999988,0.0049199999999999999,24543232,NA,NA,NA,NA,NA,NA,NA,NA,2056,133,5,1,6b21b079ef6f8f7f055926600e53b906dd7be041e021dd2791b7aa8c55e24585
1,14,0,1,9,0.021248102999379626,0.021134999999999998,0,30466048,NA,NA,NA,NA,NA,NA,NA,NA,147280,39898,2049,512,02ee45f00f5fa967779eb017bd9c1965526161af8ee6a0f23a31a68b3dbbac77
1,14,1,0,9,0.021043942000687821,0.012626,0.0083049999999999999,30666752,NA,NA,NA,NA,NA,NA,NA,NA,147280,39898,2049,512,02ee45f00f5fa967779eb017bd9c1965526161af8ee6a0f23a31a68b3dbbac77
1,14,0,0,14,0.023635030000150437,0.018879999999999997,0.0046429999999999996,31899648,NA,NA,NA,NA,NA,NA,NA,NA,247896,280189,4101,1,cf0f1cc1e290dce65809b3140c6f2dc9062a9f452120988a3a869e7faab69134
1,14,1,1,14,0.024339899002370657,0.020135,0.0040819999999999997,32083968,NA,NA,NA,NA,NA,NA,NA,NA,247896,280189,4101,1,cf0f1cc1e290dce65809b3140c6f2dc9062a9f452120988a3a869e7faab69134
1,15,0,0,10,0.020955061001586728,0.013739999999999999,0.0070849999999999993,30281728,NA,NA,NA,NA,NA,NA,NA,NA,106320,39898,2049,512,7b8f1ead52d1f75ea51a9518f4611f96b3105a83b8e9ff16958705114f2a13b3
1,15,1,1,10,0.020868063998932485,0.012492999999999999,0.0082649999999999998,30605312,NA,NA,NA,NA,NA,NA,NA,NA,106320,39898,2049,512,7b8f1ead52d1f75ea51a9518f4611f96b3105a83b8e9ff16958705114f2a13b3
1,15,0,0,7,0.024999892000778345,0.020286999999999999,0.0044840000000000001,31211520,NA,NA,NA,NA,NA,NA,NA,NA,126024,51085,1029,1,d6479df97612ac41a8966333a6ef58076a32dad29a20f6bc64e0a5b65673088c
1,15,1,1,7,0.023813653999241069,0.015996,0.0077029999999999998,31539200,NA,NA,NA,NA,NA,NA,NA,NA,126024,51085,1029,1,d6479df97612ac41a8966333a6ef58076a32dad29a20f6bc64e0a5b65673088c
1,15,0,0,9,0.020415465998667059,0.012163,0.0081130000000000004,30609408,NA,NA,NA,NA,NA,NA,NA,NA,147280,39898,2049,512,02ee45f00f5fa967779eb017bd9c1965526161af8ee6a0f23a31a68b3dbbac77
1,15,1,1,9,0.02059026300048572,0.01261,0.007835,30609408,NA,NA,NA,NA,NA,NA,NA,NA,147280,39898,2049,512,02ee45f00f5fa967779eb017bd9c1965526161af8ee6a0f23a31a68b3dbbac77
1,15,0,1,14,0.024039105999690946,0.015750999999999998,0.0081779999999999995,31506432,NA,NA,NA,NA,NA,NA,NA,NA,247896,280189,4101,1,cf0f1cc1e290dce65809b3140c6f2dc9062a9f452120988a3a869e7faab69134
1,15,1,0,14,0.026411142000142718,0.01426,0.011875999999999999,32292864,NA,NA,NA,NA,NA,NA,NA,NA,247896,280189,4101,1,cf0f1cc1e290dce65809b3140c6f2dc9062a9f452120988a3a869e7faab69134
1,15,0,1,12,0.031673386998591013,0.023747999999999998,0.0078199999999999988,31375360,NA,NA,NA,NA,NA,NA,NA,NA,313424,280189,4101,1,0f9e44f960c45a3ca86cde574970381ef909d64a6bb2d20a17395bced584502a
1,15,1,0,12,0.039625336001336109,0.025141999999999998,0.014364999999999999,31391744,NA,NA,NA,NA,NA,NA,NA,NA,313424,280189,4101,1,0f9e44f960c45a3ca86cde574970381ef909d64a6bb2d20a17395bced584502a
1,15,0,0,0,0.014281956999184331,0.0094629999999999992,0.0047139999999999994,24870912,NA,NA,NA,NA,NA,NA,NA,NA,2008,133,5,1,a8c1633e798ef980493443e67e6fdb6eada42f775edf7051d304d09c3ddadf5a
1,15,1,1,0,0.013692679000087082,0.013597999999999999,0,24608768,NA,NA,NA,NA,NA,NA,NA,NA,2008,133,5,1,a8c1633e798ef980493443e67e6fdb6eada42f775edf7051d304d09c3ddadf5a
1,15,0,0,3,0.014043246002984233,0.0094879999999999999,0.0044589999999999994,24936448,NA,NA,NA,NA,NA,NA,NA,NA,2008,133,5,1,8210b4f6eac12a20575e673437437e82cfff653da437ea17992a3aed56a99207
1,15,1,1,3,0.014604993000830291,0.010862,0.0036449999999999998,24674304,NA,NA,NA,NA,NA,NA,NA,NA,2008,133,5,1,8210b4f6eac12a20575e673437437e82cfff653da437ea17992a3aed56a99207
1,15,0,0,2,0.015670273998694029,0.015573999999999999,0,24870912,NA,NA,NA,NA,NA,NA,NA,NA,2008,133,5,1,8210b4f6eac12a20575e673437437e82cfff653da437ea17992a3aed56a99207
1,15,1,1,2,0.015016310000646627,0.0074059999999999994,0.0075139999999999998,24604672,NA,NA,NA,NA,NA,NA,NA,NA,2008,133,5,1,8210b4f6eac12a20575e673437437e82cfff653da437ea17992a3aed56a99207
1,15,0,1,5,0.022754824000003282,0.018800999999999998,0.003833,31240192,NA,NA,NA,NA,NA,NA,NA,NA,192736,51085,1029,1,98c15b8b4636441c6e839c68a3bed9dee3bd8ae062882739073db7b7ed7d66f3
1,15,1,0,5,0.027949559000262525,0.025082999999999998,0.002761,31334400,NA,NA,NA,NA,NA,NA,NA,NA,192736,51085,1029,1,98c15b8b4636441c6e839c68a3bed9dee3bd8ae062882739073db7b7ed7d66f3
1,15,0,0,19,0.048176607997447718,0.040093999999999998,0.0079799999999999992,41017344,NA,NA,NA,NA,NA,NA,NA,NA,742032,235398,3329,64,ef3fe9f327a6ee2b8ff8e0c5cce4ce61f805f0660ce139a533f5137453c188bc
1,15,1,1,19,0.049689465999108506,0.032539999999999999,0.017041000000000001,40886272,NA,NA,NA,NA,NA,NA,NA,NA,742032,235398,3329,64,ef3fe9f327a6ee2b8ff8e0c5cce4ce61f805f0660ce139a533f5137453c188bc
1,15,0,1,21,0.12039523600105895,0.098898,0.021343999999999998,59658240,NA,NA,NA,NA,NA,NA,NA,NA,2209528,711531,19202,64,955dcf7525f03629d689feea1585905e0b8700805efb32f241197b1ebcb41ffa
1,15,1,0,21,0.11640278100094292,0.088270000000000001,0.027951,60485632,NA,NA,NA,NA,NA,NA,NA,NA,2209528,711531,19202,64,955dcf7525f03629d689feea1585905e0b8700805efb32f241197b1ebcb41ffa
1,15,0,0,23,0.12856350199945155,0.12058999999999999,0.0077729999999999995,58740736,NA,NA,NA,NA,NA,NA,NA,NA,1433848,711531,19202,64,7fe8e0e1367c4dc75afe736c0ee35e3a3755c0152301f3880ce2412132a22623
1,15,1,1,23,0.12008897399937268,0.095988999999999991,0.023972,58413056,NA,NA,NA,NA,NA,NA,NA,NA,1433848,711531,19202,64,7fe8e0e1367c4dc75afe736c0ee35e3a3755c0152301f3880ce2412132a22623
1,15,0,1,11,0.019923160998587264,0.014841,0.0048919999999999996,30703616,NA,NA,NA,NA,NA,NA,NA,NA,106320,39898,2049,512,7b8f1ead52d1f75ea51a9518f4611f96b3105a83b8e9ff16958705114f2a13b3
1,15,1,0,11,0.020000053998955991,0.011901999999999999,0.0080020000000000004,30724096,NA,NA,NA,NA,NA,NA,NA,NA,106320,39898,2049,512,7b8f1ead52d1f75ea51a9518f4611f96b3105a83b8e9ff16958705114f2a13b3
1,15,0,0,15,0.02252003700050409,0.0089639999999999997,0.013446,32280576,NA,NA,NA,NA,NA,NA,NA,NA,247896,280189,4101,1,cf0f1cc1e290dce65809b3140c6f2dc9062a9f452120988a3a869e7faab69134
1,15,1,1,15,0.022560736997547792,0.014948999999999999,0.0075009999999999999,32161792,NA,NA,NA,NA,NA,NA,NA,NA,247896,280189,4101,1,cf0f1cc1e290dce65809b3140c6f2dc9062a9f452120988a3a869e7faab69134
1,15,0,1,20,0.12913817000298877,0.11685,0.012149999999999999,60207104,NA,NA,NA,NA,NA,NA,NA,NA,1746680,711531,19202,64,e4041ce2b5b6df572ca4d0ca66e6006ad368116646e82963f7e9550b84ab78ca
1,15,1,0,20,0.12977278499965905,0.105805,0.023816999999999998,60366848,NA,NA,NA,NA,NA,NA,NA,NA,1746680,711531,19202,64,e4041ce2b5b6df572ca4d0ca66e6006ad368116646e82963f7e9550b84ab78ca
1,15,0,1,8,0.020764149998285575,0.016494999999999999,0.0041310000000000001,31854592,NA,NA,NA,NA,NA,NA,NA,NA,98128,39898,2049,512,d54e0d3e437f1319c5e0037da4750229225984f79f1ebd587b1323affae587ab
1,15,1,0,8,0.023744021000311477,0.020844999999999999,0.0027989999999999998,31817728,NA,NA,NA,NA,NA,NA,NA,NA,98128,39898,2049,512,d54e0d3e437f1319c5e0037da4750229225984f79f1ebd587b1323affae587ab
1,15,0,0,18,0.048841487001482164,0.044657999999999996,0.0040759999999999998,41029632,NA,NA,NA,NA,NA,NA,NA,NA,742032,235398,3329,64,ef3fe9f327a6ee2b8ff8e0c5cce4ce61f805f0660ce139a533f5137453c188bc
1,15,1,1,18,0.0477495880004426,0.039576,0.0080540000000000004,40964096,NA,NA,NA,NA,NA,NA,NA,NA,742032,235398,3329,64,ef3fe9f327a6ee2b8ff8e0c5cce4ce61f805f0660ce139a533f5137453c188bc
1,15,0,1,6,0.023702520000369987,0.016434999999999998,0.0071669999999999998,31244288,NA,NA,NA,NA,NA,NA,NA,NA,126024,51085,1029,1,d6479df97612ac41a8966333a6ef58076a32dad29a20f6bc64e0a5b65673088c
1,15,1,0,6,0.029248478000226896,0.020885999999999998,0.0082489999999999994,31277056,NA,NA,NA,NA,NA,NA,NA,NA,126024,51085,1029,1,d6479df97612ac41a8966333a6ef58076a32dad29a20f6bc64e0a5b65673088c
1,15,0,1,17,0.082147289998829365,0.061491999999999998,0.020496999999999998,41619456,NA,NA,NA,NA,NA,NA,NA,NA,1009296,235398,3329,64,46bbbc4439d5a1911d5728e76ba413a577b270d33a6d6f7287d5e66409ad1e95
1,15,1,0,17,0.057695365001563914,0.053186999999999998,0.0043489999999999996,41594880,NA,NA,NA,NA,NA,NA,NA,NA,1009296,235398,3329,64,46bbbc4439d5a1911d5728e76ba413a577b270d33a6d6f7287d5e66409ad1e95
1,15,0,0,13,0.024631910000607604,0.013663,0.010853999999999999,32428032,NA,NA,NA,NA,NA,NA,NA,NA,313536,280189,4101,1,5a04cd3dab823e43a4d317f4a27057eec5b1fcaecf9843229a14a897b95f1f29
1,15,1,1,13,0.026772404999064747,0.022407,0.0042199999999999998,32215040,NA,NA,NA,NA,NA,NA,NA,NA,313536,280189,4101,1,5a04cd3dab823e43a4d317f4a27057eec5b1fcaecf9843229a14a897b95f1f29
1,15,0,1,1,0.019711617998837028,0.0079569999999999988,0.011599999999999999,24543232,NA,NA,NA,NA,NA,NA,NA,NA,2056,133,5,1,6b21b079ef6f8f7f055926600e53b906dd7be041e021dd2791b7aa8c55e24585
1,15,1,0,1,0.01552538899704814,0.015429,0,24649728,NA,NA,NA,NA,NA,NA,NA,NA,2056,133,5,1,6b21b079ef6f8f7f055926600e53b906dd7be041e021dd2791b7aa8c55e24585
1,15,0,1,22,0.12869810100164614,0.099941000000000002,0.028646999999999999,58163200,NA,NA,NA,NA,NA,NA,NA,NA,1433848,711531,19202,64,7fe8e0e1367c4dc75afe736c0ee35e3a3755c0152301f3880ce2412132a22623
1,15,1,0,22,0.14210294599979534,0.12104899999999999,0.020927999999999999,58314752,NA,NA,NA,NA,NA,NA,NA,NA,1433848,711531,19202,64,7fe8e0e1367c4dc75afe736c0ee35e3a3755c0152301f3880ce2412132a22623
1,15,0,0,4,0.031187130000034813,0.023556999999999998,0.0074969999999999993,29114368,NA,NA,NA,NA,NA,NA,NA,NA,163920,51085,1029,1,3469c6c02ad818b9b840f744b74781f39d0d6d69319fb824d729f7875274b381
1,15,1,1,4,0.029754479000985157,0.029649999999999999,0,28934144,NA,NA,NA,NA,NA,NA,NA,NA,163920,51085,1029,1,3469c6c02ad818b9b840f744b74781f39d0d6d69319fb824d729f7875274b381
1,15,0,0,16,0.061962612999195699,0.053441999999999996,0.0083789999999999993,43077632,NA,NA,NA,NA,NA,NA,NA,NA,1082000,235398,3329,64,0a2640f1e20aa1aa539adbeb18cdf2a1ebe47a1dc573029aa0c35ed433364c04
1,15,1,1,16,0.066271087998757139,0.058812999999999997,0.0072959999999999995,43089920,NA,NA,NA,NA,NA,NA,NA,NA,1082000,235398,3329,64,0a2640f1e20aa1aa539adbeb18cdf2a1ebe47a1dc573029aa0c35ed433364c04
1,16,0,1,7,0.025209290000930196,0.014121,0.010884999999999999,31539200,NA,NA,NA,NA,NA,NA,NA,NA,126024,51085,1029,1,d6479df97612ac41a8966333a6ef58076a32dad29a20f6bc64e0a5b65673088c
1,16,1,0,7,0.023820589001843473,0.019896999999999998,0.0037659999999999998,31518720,NA,NA,NA,NA,NA,NA,NA,NA,126024,51085,1029,1,d6479df97612ac41a8966333a6ef58076a32dad29a20f6bc64e0a5b65673088c
1,16,0,1,16,0.066279114998906152,0.049991000000000001,0.016118999999999998,43126784,NA,NA,NA,NA,NA,NA,NA,NA,1082000,235398,3329,64,0a2640f1e20aa1aa539adbeb18cdf2a1ebe47a1dc573029aa0c35ed433364c04
1,16,1,0,16,0.067498440999770537,0.055215,0.012171999999999999,43044864,NA,NA,NA,NA,NA,NA,NA,NA,1082000,235398,3329,64,0a2640f1e20aa1aa539adbeb18cdf2a1ebe47a1dc573029aa0c35ed433364c04
1,16,0,0,3,0.016847047001647297,0.012542999999999999,0.0040460000000000001,24805376,NA,NA,NA,NA,NA,NA,NA,NA,2008,133,5,1,8210b4f6eac12a20575e673437437e82cfff653da437ea17992a3aed56a99207
1,16,1,1,3,0.017878857997857267,0.003392,0.014343,24608768,NA,NA,NA,NA,NA,NA,NA,NA,2008,133,5,1,8210b4f6eac12a20575e673437437e82cfff653da437ea17992a3aed56a99207
1,16,0,0,8,0.025133899998763809,0.016799999999999999,0.0082220000000000001,31748096,NA,NA,NA,NA,NA,NA,NA,NA,98128,39898,2049,512,d54e0d3e437f1319c5e0037da4750229225984f79f1ebd587b1323affae587ab
1,16,1,1,8,0.023120303001633147,0.011464,0.011542999999999999,31510528,NA,NA,NA,NA,NA,NA,NA,NA,98128,39898,2049,512,d54e0d3e437f1319c5e0037da4750229225984f79f1ebd587b1323affae587ab
1,16,0,0,12,0.032782080998003948,0.018492999999999999,0.014185,31465472,NA,NA,NA,NA,NA,NA,NA,NA,313424,280189,4101,1,0f9e44f960c45a3ca86cde574970381ef909d64a6bb2d20a17395bced584502a
1,16,1,1,12,0.03415406299973256,0.019342999999999999,0.014672999999999999,31477760,NA,NA,NA,NA,NA,NA,NA,NA,313424,280189,4101,1,0f9e44f960c45a3ca86cde574970381ef909d64a6bb2d20a17395bced584502a
1,16,0,0,21,0.11634817500089412,0.091096999999999997,0.025094999999999999,60510208,NA,NA,NA,NA,NA,NA,NA,NA,2209528,711531,19202,64,955dcf7525f03629d689feea1585905e0b8700805efb32f241197b1ebcb41ffa
1,16,1,1,21,0.12059348700131522,0.100731,0.019715999999999997,60289024,NA,NA,NA,NA,NA,NA,NA,NA,2209528,711531,19202,64,955dcf7525f03629d689feea1585905e0b8700805efb32f241197b1ebcb41ffa
1,16,0,1,18,0.053349951002019225,0.037537999999999995,0.015665999999999999,41160704,NA,NA,NA,NA,NA,NA,NA,NA,742032,235398,3329,64,ef3fe9f327a6ee2b8ff8e0c5cce4ce61f805f0660ce139a533f5137453c188bc
1,16,1,0,18,0.04900608000025386,0.040681999999999996,0.008201,41156608,NA,NA,NA,NA,NA,NA,NA,NA,742032,235398,3329,64,ef3fe9f327a6ee2b8ff8e0c5cce4ce61f805f0660ce139a533f5137453c188bc
1,16,0,0,11,0.021650857001077384,0.0088109999999999994,0.012730999999999999,30638080,NA,NA,NA,NA,NA,NA,NA,NA,106320,39898,2049,512,7b8f1ead52d1f75ea51a9518f4611f96b3105a83b8e9ff16958705114f2a13b3
1,16,1,1,11,0.023108024000976002,0.019042999999999997,0.0039459999999999999,30519296,NA,NA,NA,NA,NA,NA,NA,NA,106320,39898,2049,512,7b8f1ead52d1f75ea51a9518f4611f96b3105a83b8e9ff16958705114f2a13b3
1,16,0,0,9,0.02039775999946869,0.0080920000000000002,0.012197999999999999,30711808,NA,NA,NA,NA,NA,NA,NA,NA,147280,39898,2049,512,02ee45f00f5fa967779eb017bd9c1965526161af8ee6a0f23a31a68b3dbbac77
1,16,1,1,9,0.021461123000335647,0.016924999999999999,0.0044289999999999998,30724096,NA,NA,NA,NA,NA,NA,NA,NA,147280,39898,2049,512,02ee45f00f5fa967779eb017bd9c1965526161af8ee6a0f23a31a68b3dbbac77
1,16,0,0,17,0.069098735999432392,0.054297999999999999,0.013599999999999999,41762816,NA,NA,NA,NA,NA,NA,NA,NA,1009296,235398,3329,64,46bbbc4439d5a1911d5728e76ba413a577b270d33a6d6f7287d5e66409ad1e95
1,16,1,1,17,0.057940275000873953,0.045503999999999996,0.012315999999999999,41619456,NA,NA,NA,NA,NA,NA,NA,NA,1009296,235398,3329,64,46bbbc4439d5a1911d5728e76ba413a577b270d33a6d6f7287d5e66409ad1e95
1,16,0,0,20,0.1346530460032227,0.11397299999999999,0.020524000000000001,60575744,NA,NA,NA,NA,NA,NA,NA,NA,1746680,711531,19202,64,e4041ce2b5b6df572ca4d0ca66e6006ad368116646e82963f7e9550b84ab78ca
1,16,1,1,20,0.14559349999763072,0.121518,0.023951,60379136,NA,NA,NA,NA,NA,NA,NA,NA,1746680,711531,19202,64,e4041ce2b5b6df572ca4d0ca66e6006ad368116646e82963f7e9550b84ab78ca
1,16,0,0,4,0.040552572001615772,0.036372999999999996,0.0040409999999999995,28852224,NA,NA,NA,NA,NA,NA,NA,NA,163920,51085,1029,1,3469c6c02ad818b9b840f744b74781f39d0d6d69319fb824d729f7875274b381
1,16,1,1,4,0.029116149002220482,0.020671999999999999,0.0083160000000000005,28983296,NA,NA,NA,NA,NA,NA,NA,NA,163920,51085,1029,1,3469c6c02ad818b9b840f744b74781f39d0d6d69319fb824d729f7875274b381
1,16,0,1,1,0.014222599998902297,0.0034159999999999998,0.010683,24670208,NA,NA,NA,NA,NA,NA,NA,NA,2056,133,5,1,6b21b079ef6f8f7f055926600e53b906dd7be041e021dd2791b7aa8c55e24585
1,16,1,0,1,0.014218012998753693,0.0093130000000000001,0.004803,24805376,NA,NA,NA,NA,NA,NA,NA,NA,2056,133,5,1,6b21b079ef6f8f7f055926600e53b906dd7be041e021dd2791b7aa8c55e24585
1,16,0,1,10,0.020135893999395194,0.011993,0.0080359999999999997,30388224,NA,NA,NA,NA,NA,NA,NA,NA,106320,39898,2049,512,7b8f1ead52d1f75ea51a9518f4611f96b3105a83b8e9ff16958705114f2a13b3
1,16,1,0,10,0.019473768003081204,0.015489999999999999,0.003872,30560256,NA,NA,NA,NA,NA,NA,NA,NA,106320,39898,2049,512,7b8f1ead52d1f75ea51a9518f4611f96b3105a83b8e9ff16958705114f2a13b3
1,16,0,1,0,0.014043485000001965,0.010442,0.0035019999999999999,24854528,NA,NA,NA,NA,NA,NA,NA,NA,2008,133,5,1,a8c1633e798ef980493443e67e6fdb6eada42f775edf7051d304d09c3ddadf5a
1,16,1,0,0,0.01417436900010216,0.0093220000000000004,0.004751,24870912,NA,NA,NA,NA,NA,NA,NA,NA,2008,133,5,1,a8c1633e798ef980493443e67e6fdb6eada42f775edf7051d304d09c3ddadf5a
1,16,0,0,15,0.024186613001802471,0.015865999999999998,0.008201,32227328,NA,NA,NA,NA,NA,NA,NA,NA,247896,280189,4101,1,cf0f1cc1e290dce65809b3140c6f2dc9062a9f452120988a3a869e7faab69134
1,16,1,1,15,0.024375352000788553,0.020142,0.0041009999999999996,32358400,NA,NA,NA,NA,NA,NA,NA,NA,247896,280189,4101,1,cf0f1cc1e290dce65809b3140c6f2dc9062a9f452120988a3a869e7faab69134
1,16,0,1,13,0.033288121001533,0.020678999999999999,0.012492999999999999,32292864,NA,NA,NA,NA,NA,NA,NA,NA,313536,280189,4101,1,5a04cd3dab823e43a4d317f4a27057eec5b1fcaecf9843229a14a897b95f1f29
1,16,1,0,13,0.032978821000142489,0.024631999999999998,0.0081939999999999999,32292864,NA,NA,NA,NA,NA,NA,NA,NA,313536,280189,4101,1,5a04cd3dab823e43a4d317f4a27057eec5b1fcaecf9843229a14a897b95f1f29
1,16,0,1,23,0.16168209399984335,0.13783599999999999,0.023713999999999999,58306560,NA,NA,NA,NA,NA,NA,NA,NA,1433848,711531,19202,64,7fe8e0e1367c4dc75afe736c0ee35e3a3755c0152301f3880ce2412132a22623
1,16,1,0,23,0.13115798099897802,0.122803,0.0082039999999999995,58675200,NA,NA,NA,NA,NA,NA,NA,NA,1433848,711531,19202,64,7fe8e0e1367c4dc75afe736c0ee35e3a3755c0152301f3880ce2412132a22623
1,16,0,0,6,0.02318833299796097,0.023054999999999999,0,31195136,NA,NA,NA,NA,NA,NA,NA,NA,126024,51085,1029,1,d6479df97612ac41a8966333a6ef58076a32dad29a20f6bc64e0a5b65673088c
1,16,1,1,6,0.02329440900211921,0.019264,0.0039269999999999999,31305728,NA,NA,NA,NA,NA,NA,NA,NA,126024,51085,1029,1,d6479df97612ac41a8966333a6ef58076a32dad29a20f6bc64e0a5b65673088c
1,16,0,1,14,0.023403148999932455,0.023288,0,32112640,NA,NA,NA,NA,NA,NA,NA,NA,247896,280189,4101,1,cf0f1cc1e290dce65809b3140c6f2dc9062a9f452120988a3a869e7faab69134
1,16,1,0,14,0.024397893997956999,0.016352999999999999,0.0079340000000000001,32251904,NA,NA,NA,NA,NA,NA,NA,NA,247896,280189,4101,1,cf0f1cc1e290dce65809b3140c6f2dc9062a9f452120988a3a869e7faab69134
1,16,0,0,5,0.023379514001135249,0.015245999999999999,0.0080159999999999988,31342592,NA,NA,NA,NA,NA,NA,NA,NA,192736,51085,1029,1,98c15b8b4636441c6e839c68a3bed9dee3bd8ae062882739073db7b7ed7d66f3
1,16,1,1,5,0.023581512003147509,0.01585,0.0076239999999999997,31014912,NA,NA,NA,NA,NA,NA,NA,NA,192736,51085,1029,1,98c15b8b4636441c6e839c68a3bed9dee3bd8ae062882739073db7b7ed7d66f3
1,16,0,0,19,0.049773701000958681,0.038232999999999996,0.011372,41058304,NA,NA,NA,NA,NA,NA,NA,NA,742032,235398,3329,64,ef3fe9f327a6ee2b8ff8e0c5cce4ce61f805f0660ce139a533f5137453c188bc
1,16,1,1,19,0.050599406997207552,0.034791999999999997,0.015703999999999999,41136128,NA,NA,NA,NA,NA,NA,NA,NA,742032,235398,3329,64,ef3fe9f327a6ee2b8ff8e0c5cce4ce61f805f0660ce139a533f5137453c188bc
1,16,0,1,2,0.015749720001622336,0.011646,0.0040019999999999995,24756224,NA,NA,NA,NA,NA,NA,NA,NA,2008,133,5,1,8210b4f6eac12a20575e673437437e82cfff653da437ea17992a3aed56a99207
1,16,1,0,2,0.017152978001831798,0.012083999999999999,0.0049659999999999999,24756224,NA,NA,NA,NA,NA,NA,NA,NA,2008,133,5,1,8210b4f6eac12a20575e673437437e82cfff653da437ea17992a3aed56a99207
1,16,0,1,22,0.11555185799807077,0.094555,0.020826000000000001,58036224,NA,NA,NA,NA,NA,NA,NA,NA,1433848,711531,19202,64,7fe8e0e1367c4dc75afe736c0ee35e3a3755c0152301f3880ce2412132a22623
1,16,1,0,22,0.11280747399723623,0.096226999999999993,0.016458999999999998,58281984,NA,NA,NA,NA,NA,NA,NA,NA,1433848,711531,19202,64,7fe8e0e1367c4dc75afe736c0ee35e3a3755c0152301f3880ce2412132a22623
1,17,0,1,5,0.0256478170012997,0.014081999999999999,0.011252999999999999,31141888,NA,NA,NA,NA,NA,NA,NA,NA,192736,51085,1029,1,98c15b8b4636441c6e839c68a3bed9dee3bd8ae062882739073db7b7ed7d66f3
1,17,1,0,5,0.023668379999435274,0.012121,0.011438,31145984,NA,NA,NA,NA,NA,NA,NA,NA,192736,51085,1029,1,98c15b8b4636441c6e839c68a3bed9dee3bd8ae062882739073db7b7ed7d66f3
1,17,0,1,9,0.020917596000799676,0.020791999999999998,0,30429184,NA,NA,NA,NA,NA,NA,NA,NA,147280,39898,2049,512,02ee45f00f5fa967779eb017bd9c1965526161af8ee6a0f23a31a68b3dbbac77
1,17,1,0,9,0.019726680999156088,0.014733999999999999,0.004875,30633984,NA,NA,NA,NA,NA,NA,NA,NA,147280,39898,2049,512,02ee45f00f5fa967779eb017bd9c1965526161af8ee6a0f23a31a68b3dbbac77
1,17,0,0,2,0.015552509001281578,0.011276,0.0041649999999999994,24805376,NA,NA,NA,NA,NA,NA,NA,NA,2008,133,5,1,8210b4f6eac12a20575e673437437e82cfff653da437ea17992a3aed56a99207
1,17,1,1,2,0.014752309998584678,0.0097469999999999987,0.0048999999999999998,24608768,NA,NA,NA,NA,NA,NA,NA,NA,2008,133,5,1,8210b4f6eac12a20575e673437437e82cfff653da437ea17992a3aed56a99207
1,17,0,1,15,0.02440103000117233,0.017264999999999999,0.0070269999999999994,32292864,NA,NA,NA,NA,NA,NA,NA,NA,247896,280189,4101,1,cf0f1cc1e290dce65809b3140c6f2dc9062a9f452120988a3a869e7faab69134
1,17,1,0,15,0.023638777001906419,0.011875,0.011641,32309248,NA,NA,NA,NA,NA,NA,NA,NA,247896,280189,4101,1,cf0f1cc1e290dce65809b3140c6f2dc9062a9f452120988a3a869e7faab69134
1,17,0,0,22,0.11735661800048547,0.097495999999999999,0.019757,58368000,NA,NA,NA,NA,NA,NA,NA,NA,1433848,711531,19202,64,7fe8e0e1367c4dc75afe736c0ee35e3a3755c0152301f3880ce2412132a22623
1,17,1,1,22,0.11512602499715285,0.099004999999999996,0.015989,58281984,NA,NA,NA,NA,NA,NA,NA,NA,1433848,711531,19202,64,7fe8e0e1367c4dc75afe736c0ee35e3a3755c0152301f3880ce2412132a22623
1,17,0,0,16,0.061121824001020286,0.041374999999999995,0.019630999999999999,43192320,NA,NA,NA,NA,NA,NA,NA,NA,1082000,235398,3329,64,0a2640f1e20aa1aa539adbeb18cdf2a1ebe47a1dc573029aa0c35ed433364c04
1,17,1,1,16,0.061376983998343349,0.053925000000000001,0.0074879999999999999,43134976,NA,NA,NA,NA,NA,NA,NA,NA,1082000,235398,3329,64,0a2640f1e20aa1aa539adbeb18cdf2a1ebe47a1dc573029aa0c35ed433364c04
1,17,0,1,17,0.05679978600164759,0.045145999999999999,0.011623999999999999,41529344,NA,NA,NA,NA,NA,NA,NA,NA,1009296,235398,3329,64,46bbbc4439d5a1911d5728e76ba413a577b270d33a6d6f7287d5e66409ad1e95
1,17,1,0,17,0.054651146998367039,0.046776999999999999,0.007901,41816064,NA,NA,NA,NA,NA,NA,NA,NA,1009296,235398,3329,64,46bbbc4439d5a1911d5728e76ba413a577b270d33a6d6f7287d5e66409ad1e95
1,17,0,0,14,0.023921788000734523,0.015842999999999999,0.0080129999999999993,32202752,NA,NA,NA,NA,NA,NA,NA,NA,247896,280189,4101,1,cf0f1cc1e290dce65809b3140c6f2dc9062a9f452120988a3a869e7faab69134
1,17,1,1,14,0.023117442000511801,0.018432,0.0046340000000000001,32030720,NA,NA,NA,NA,NA,NA,NA,NA,247896,280189,4101,1,cf0f1cc1e290dce65809b3140c6f2dc9062a9f452120988a3a869e7faab69134
1,17,0,0,7,0.023074372998962644,0.019101,0.003898,31408128,NA,NA,NA,NA,NA,NA,NA,NA,126024,51085,1029,1,d6479df97612ac41a8966333a6ef58076a32dad29a20f6bc64e0a5b65673088c
1,17,1,1,7,0.023848174001614098,0.019650999999999998,0.0041279999999999997,31432704,NA,NA,NA,NA,NA,NA,NA,NA,126024,51085,1029,1,d6479df97612ac41a8966333a6ef58076a32dad29a20f6bc64e0a5b65673088c
1,17,0,1,12,0.031455726999411127,0.023480999999999998,0.0079360000000000003,31113216,NA,NA,NA,NA,NA,NA,NA,NA,313424,280189,4101,1,0f9e44f960c45a3ca86cde574970381ef909d64a6bb2d20a17395bced584502a
1,17,1,0,12,0.034242197998537449,0.030272,0.0039399999999999999,31440896,NA,NA,NA,NA,NA,NA,NA,NA,313424,280189,4101,1,0f9e44f960c45a3ca86cde574970381ef909d64a6bb2d20a17395bced584502a
1,17,0,1,6,0.022923818996787304,0.0077879999999999998,0.015096,31129600,NA,NA,NA,NA,NA,NA,NA,NA,126024,51085,1029,1,d6479df97612ac41a8966333a6ef58076a32dad29a20f6bc64e0a5b65673088c
1,17,1,0,6,0.026585942003293894,0.014145,0.012399,31158272,NA,NA,NA,NA,NA,NA,NA,NA,126024,51085,1029,1,d6479df97612ac41a8966333a6ef58076a32dad29a20f6bc64e0a5b65673088c
1,17,0,1,4,0.066036645999702159,0.033426999999999998,0.032669999999999998,28917760,NA,NA,NA,NA,NA,NA,NA,NA,163920,51085,1029,1,3469c6c02ad818b9b840f744b74781f39d0d6d69319fb824d729f7875274b381
1,17,1,0,4,0.034968334999575745,0.022598,0.0081009999999999988,29048832,NA,NA,NA,NA,NA,NA,NA,NA,163920,51085,1029,1,3469c6c02ad818b9b840f744b74781f39d0d6d69319fb824d729f7875274b381
1,17,0,0,18,0.059755143000074895,0.048710999999999997,0.011075,41029632,NA,NA,NA,NA,NA,NA,NA,NA,742032,235398,3329,64,ef3fe9f327a6ee2b8ff8e0c5cce4ce61f805f0660ce139a533f5137453c188bc
1,17,1,1,18,0.055826077998062829,0.047466000000000001,0.0083549999999999996,40910848,NA,NA,NA,NA,NA,NA,NA,NA,742032,235398,3329,64,ef3fe9f327a6ee2b8ff8e0c5cce4ce61f805f0660ce139a533f5137453c188bc
1,17,0,1,11,0.023494769000535598,0.020088999999999999,0.0033599999999999997,30392320,NA,NA,NA,NA,NA,NA,NA,NA,106320,39898,2049,512,7b8f1ead52d1f75ea51a9518f4611f96b3105a83b8e9ff16958705114f2a13b3
1,17,1,0,11,0.022516937002365012,0.011554999999999999,0.010902,30801920,NA,NA,NA,NA,NA,NA,NA,NA,106320,39898,2049,512,7b8f1ead52d1f75ea51a9518f4611f96b3105a83b8e9ff16958705114f2a13b3
1,17,0,0,10,0.020305602000007639,0.020250000000000001,0,30679040,NA,NA,NA,NA,NA,NA,NA,NA,106320,39898,2049,512,7b8f1ead52d1f75ea51a9518f4611f96b3105a83b8e9ff16958705114f2a13b3
1,17,1,1,10,0.022131628000352066,0.017565999999999998,0.0044939999999999997,30494720,NA,NA,NA,NA,NA,NA,NA,NA,106320,39898,2049,512,7b8f1ead52d1f75ea51a9518f4611f96b3105a83b8e9ff16958705114f2a13b3
1,17,0,0,23,0.12438105999899562,0.108168,0.016381,58216448,NA,NA,NA,NA,NA,NA,NA,NA,1433848,711531,19202,64,7fe8e0e1367c4dc75afe736c0ee35e3a3755c0152301f3880ce2412132a22623
1,17,1,1,23,0.12750896800207556,0.11064499999999999,0.017024999999999998,58601472,NA,NA,NA,NA,NA,NA,NA,NA,1433848,711531,19202,64,7fe8e0e1367c4dc75afe736c0ee35e3a3755c0152301f3880ce2412132a22623
1,17,0,0,13,0.023858512999140657,0.023736999999999998,0,32268288,NA,NA,NA,NA,NA,NA,NA,NA,313536,280189,4101,1,5a04cd3dab823e43a4d317f4a27057eec5b1fcaecf9843229a14a897b95f1f29
1,17,1,1,13,0.02220560400019167,0.011037,0.011051999999999999,32227328,NA,NA,NA,NA,NA,NA,NA,NA,313536,280189,4101,1,5a04cd3dab823e43a4d317f4a27057eec5b1fcaecf9843229a14a897b95f1f29
1,17,0,1,3,0.013422472999081947,0.0033279999999999998,0.0099860000000000001,24498176,NA,NA,NA,NA,NA,NA,NA,NA,2008,133,5,1,8210b4f6eac12a20575e673437437e82cfff653da437ea17992a3aed56a99207
1,17,1,0,3,0.013297358000272652,0.013188999999999999,0,24858624,NA,NA,NA,NA,NA,NA,NA,NA,2008,133,5,1,8210b4f6eac12a20575e673437437e82cfff653da437ea17992a3aed56a99207
1,17,0,0,0,0.013553095999668585,0.0089769999999999989,0.0044879999999999998,24756224,NA,NA,NA,NA,NA,NA,NA,NA,2008,133,5,1,a8c1633e798ef980493443e67e6fdb6eada42f775edf7051d304d09c3ddadf5a
1,17,1,1,0,0.015795502000401029,0.011356,0.0043429999999999996,24805376,NA,NA,NA,NA,NA,NA,NA,NA,2008,133,5,1,a8c1633e798ef980493443e67e6fdb6eada42f775edf7051d304d09c3ddadf5a
1,17,0,1,20,0.13555049400019925,0.12290999999999999,0.01251,60370944,NA,NA,NA,NA,NA,NA,NA,NA,1746680,711531,19202,64,e4041ce2b5b6df572ca4d0ca66e6006ad368116646e82963f7e9550b84ab78ca
1,17,1,0,20,0.13271258999884594,0.11691199999999999,0.015675999999999999,60354560,NA,NA,NA,NA,NA,NA,NA,NA,1746680,711531,19202,64,e4041ce2b5b6df572ca4d0ca66e6006ad368116646e82963f7e9550b84ab78ca
1,17,0,1,19,0.04867402599847992,0.033505,0.015049,40374272,NA,NA,NA,NA,NA,NA,NA,NA,742032,235398,3329,64,ef3fe9f327a6ee2b8ff8e0c5cce4ce61f805f0660ce139a533f5137453c188bc
1,17,1,0,19,0.046693225001945393,0.042685999999999995,0.0039019999999999997,41062400,NA,NA,NA,NA,NA,NA,NA,NA,742032,235398,3329,64,ef3fe9f327a6ee2b8ff8e0c5cce4ce61f805f0660ce139a533f5137453c188bc
1,17,0,1,21,0.10904428900175844,0.10053999999999999,0.0083859999999999994,60510208,NA,NA,NA,NA,NA,NA,NA,NA,2209528,711531,19202,64,955dcf7525f03629d689feea1585905e0b8700805efb32f241197b1ebcb41ffa
1,17,1,0,21,0.10860946700267959,0.083976999999999996,0.024479999999999998,60575744,NA,NA,NA,NA,NA,NA,NA,NA,2209528,711531,19202,64,955dcf7525f03629d689feea1585905e0b8700805efb32f241197b1ebcb41ffa
1,17,0,0,1,0.013828322000335902,0.0067949999999999998,0.0069159999999999994,24797184,NA,NA,NA,NA,NA,NA,NA,NA,2056,133,5,1,6b21b079ef6f8f7f055926600e53b906dd7be041e021dd2791b7aa8c55e24585
1,17,1,1,1,0.013866137000150047,0.013776999999999999,0,24084480,NA,NA,NA,NA,NA,NA,NA,NA,2056,133,5,1,6b21b079ef6f8f7f055926600e53b906dd7be041e021dd2791b7aa8c55e24585
1,17,0,1,8,0.022159898002428235,0.011023999999999999,0.011021,31854592,NA,NA,NA,NA,NA,NA,NA,NA,98128,39898,2049,512,d54e0d3e437f1319c5e0037da4750229225984f79f1ebd587b1323affae587ab
1,17,1,0,8,0.028389044000505237,0.01695,0.011339999999999999,31854592,NA,NA,NA,NA,NA,NA,NA,NA,98128,39898,2049,512,d54e0d3e437f1319c5e0037da4750229225984f79f1ebd587b1323affae587ab
1,18,0,1,18,0.051338855002541095,0.031796999999999999,0.019407999999999998,41058304,NA,NA,NA,NA,NA,NA,NA,NA,742032,235398,3329,64,ef3fe9f327a6ee2b8ff8e0c5cce4ce61f805f0660ce139a533f5137453c188bc
1,18,1,0,18,0.054622677002043929,0.039879999999999999,0.014591,41029632,NA,NA,NA,NA,NA,NA,NA,NA,742032,235398,3329,64,ef3fe9f327a6ee2b8ff8e0c5cce4ce61f805f0660ce139a533f5137453c188bc
1,18,0,1,19,0.054819477998535149,0.039782999999999999,0.014875999999999999,40894464,NA,NA,NA,NA,NA,NA,NA,NA,742032,235398,3329,64,ef3fe9f327a6ee2b8ff8e0c5cce4ce61f805f0660ce139a533f5137453c188bc
1,18,1,0,19,0.052627214001404354,0.045471999999999999,0.0070479999999999996,40988672,NA,NA,NA,NA,NA,NA,NA,NA,742032,235398,3329,64,ef3fe9f327a6ee2b8ff8e0c5cce4ce61f805f0660ce139a533f5137453c188bc
1,18,0,1,10,0.020823205999477068,0.007025,0.013677,30494720,NA,NA,NA,NA,NA,NA,NA,NA,106320,39898,2049,512,7b8f1ead52d1f75ea51a9518f4611f96b3105a83b8e9ff16958705114f2a13b3
1,18,1,0,10,0.021674812000128441,0.017603999999999998,0.0039399999999999999,30674944,NA,NA,NA,NA,NA,NA,NA,NA,106320,39898,2049,512,7b8f1ead52d1f75ea51a9518f4611f96b3105a83b8e9ff16958705114f2a13b3
1,18,0,0,3,0.014727227000548737,0.01073,0.0039019999999999997,24805376,NA,NA,NA,NA,NA,NA,NA,NA,2008,133,5,1,8210b4f6eac12a20575e673437437e82cfff653da437ea17992a3aed56a99207
1,18,1,1,3,0.014146880999760469,0.0069589999999999999,0.0071019999999999998,24215552,NA,NA,NA,NA,NA,NA,NA,NA,2008,133,5,1,8210b4f6eac12a20575e673437437e82cfff653da437ea17992a3aed56a99207
1,18,0,0,8,0.022382484999980079,0.0045409999999999999,0.017746999999999999,31752192,NA,NA,NA,NA,NA,NA,NA,NA,98128,39898,2049,512,d54e0d3e437f1319c5e0037da4750229225984f79f1ebd587b1323affae587ab
1,18,1,1,8,0.021341309999115765,0.012683999999999999,0.0085509999999999996,31821824,NA,NA,NA,NA,NA,NA,NA,NA,98128,39898,2049,512,d54e0d3e437f1319c5e0037da4750229225984f79f1ebd587b1323affae587ab
1,18,0,1,4,0.031319334000727395,0.027699999999999999,0.0035169999999999997,28983296,NA,NA,NA,NA,NA,NA,NA,NA,163920,51085,1029,1,3469c6c02ad818b9b840f744b74781f39d0d6d69319fb824d729f7875274b381
1,18,1,0,4,0.030489190001389943,0.022612999999999998,0.0077779999999999993,28971008,NA,NA,NA,NA,NA,NA,NA,NA,163920,51085,1029,1,3469c6c02ad818b9b840f744b74781f39d0d6d69319fb824d729f7875274b381
1,18,0,0,21,0.11569406000126037,0.091932,0.023650999999999998,60403712,NA,NA,NA,NA,NA,NA,NA,NA,2209528,711531,19202,64,955dcf7525f03629d689feea1585905e0b8700805efb32f241197b1ebcb41ffa
1,18,1,1,21,0.11713527900064946,0.104575,0.012438999999999999,60313600,NA,NA,NA,NA,NA,NA,NA,NA,2209528,711531,19202,64,955dcf7525f03629d689feea1585905e0b8700805efb32f241197b1ebcb41ffa
1,18,0,1,5,0.023858101998484926,0.012725,0.010929999999999999,31010816,NA,NA,NA,NA,NA,NA,NA,NA,192736,51085,1029,1,98c15b8b4636441c6e839c68a3bed9dee3bd8ae062882739073db7b7ed7d66f3
1,18,1,0,5,0.022534971001732629,0.013375999999999999,0.0090539999999999995,31277056,NA,NA,NA,NA,NA,NA,NA,NA,192736,51085,1029,1,98c15b8b4636441c6e839c68a3bed9dee3bd8ae062882739073db7b7ed7d66f3
1,18,0,0,11,0.021829470999364275,0.021714000000000001,0,30674944,NA,NA,NA,NA,NA,NA,NA,NA,106320,39898,2049,512,7b8f1ead52d1f75ea51a9518f4611f96b3105a83b8e9ff16958705114f2a13b3
1,18,1,1,11,0.025035467999259708,0.019879999999999998,0.0050439999999999999,30605312,NA,NA,NA,NA,NA,NA,NA,NA,106320,39898,2049,512,7b8f1ead52d1f75ea51a9518f4611f96b3105a83b8e9ff16958705114f2a13b3
1,18,0,0,1,0.016517877000296721,0,0.016403999999999998,24784896,NA,NA,NA,NA,NA,NA,NA,NA,2056,133,5,1,6b21b079ef6f8f7f055926600e53b906dd7be041e021dd2791b7aa8c55e24585
1,18,1,1,1,0.014650524000899168,0.0097859999999999996,0.0046839999999999998,24535040,NA,NA,NA,NA,NA,NA,NA,NA,2056,133,5,1,6b21b079ef6f8f7f055926600e53b906dd7be041e021dd2791b7aa8c55e24585
1,18,0,0,22,0.12680705200182274,0.11854899999999999,0.0080999999999999996,58376192,NA,NA,NA,NA,NA,NA,NA,NA,1433848,711531,19202,64,7fe8e0e1367c4dc75afe736c0ee35e3a3755c0152301f3880ce2412132a22623
1,18,1,1,22,0.11635598999782815,0.09691799999999999,0.019262999999999999,58036224,NA,NA,NA,NA,NA,NA,NA,NA,1433848,711531,19202,64,7fe8e0e1367c4dc75afe736c0ee35e3a3755c0152301f3880ce2412132a22623
1,18,0,1,6,0.023089427002560114,0.015307999999999999,0.0075459999999999998,31166464,NA,NA,NA,NA,NA,NA,NA,NA,126024,51085,1029,1,d6479df97612ac41a8966333a6ef58076a32dad29a20f6bc64e0a5b65673088c
1,18,1,0,6,0.021644087002641754,0.021529,0,30949376,NA,NA,NA,NA,NA,NA,NA,NA,126024,51085,1029,1,d6479df97612ac41a8966333a6ef58076a32dad29a20f6bc64e0a5b65673088c
1,18,0,0,9,0.019079233999946155,0.014227,0.0047419999999999997,30281728,NA,NA,NA,NA,NA,NA,NA,NA,147280,39898,2049,512,02ee45f00f5fa967779eb017bd9c1965526161af8ee6a0f23a31a68b3dbbac77
1,18,1,1,9,0.019105764000414638,0.01422,0.0047399999999999994,30437376,NA,NA,NA,NA,NA,NA,NA,NA,147280,39898,2049,512,02ee45f00f5fa967779eb017bd9c1965526161af8ee6a0f23a31a68b3dbbac77
1,18,0,0,12,0.031196112002362497,0.026542999999999997,0.0045500000000000002,31637504,NA,NA,NA,NA,NA,NA,NA,NA,313424,280189,4101,1,0f9e44f960c45a3ca86cde574970381ef909d64a6bb2d20a17395bced584502a
1,18,1,1,12,0.031932669000525493,0.019736999999999998,0.012086,31469568,NA,NA,NA,NA,NA,NA,NA,NA,313424,280189,4101,1,0f9e44f960c45a3ca86cde574970381ef909d64a6bb2d20a17395bced584502a
1,18,0,0,14,0.022862302001158241,0.015129,0.0076309999999999998,32215040,NA,NA,NA,NA,NA,NA,NA,NA,247896,280189,4101,1,cf0f1cc1e290dce65809b3140c6f2dc9062a9f452120988a3a869e7faab69134
1,18,1,1,14,0.023300300003029406,0.0037309999999999999,0.019465,32043008,NA,NA,NA,NA,NA,NA,NA,NA,247896,280189,4101,1,cf0f1cc1e290dce65809b3140c6f2dc9062a9f452120988a3a869e7faab69134
1,18,0,0,13,0.023572179998154752,0.019577000000000001,0.0038539999999999998,32260096,NA,NA,NA,NA,NA,NA,NA,NA,313536,280189,4101,1,5a04cd3dab823e43a4d317f4a27057eec5b1fcaecf9843229a14a897b95f1f29
1,18,1,1,13,0.023135126000852324,0.019111,0.003875,32358400,NA,NA,NA,NA,NA,NA,NA,NA,313536,280189,4101,1,5a04cd3dab823e43a4d317f4a27057eec5b1fcaecf9843229a14a897b95f1f29
1,18,0,0,7,0.026313913000194589,0.010744999999999999,0.015463999999999999,31211520,NA,NA,NA,NA,NA,NA,NA,NA,126024,51085,1029,1,d6479df97612ac41a8966333a6ef58076a32dad29a20f6bc64e0a5b65673088c
1,18,1,1,7,0.02250483600073494,0.017866,0.004535,30818304,NA,NA,NA,NA,NA,NA,NA,NA,126024,51085,1029,1,d6479df97612ac41a8966333a6ef58076a32dad29a20f6bc64e0a5b65673088c
1,18,0,0,2,0.013441931001580087,0.0088959999999999994,0.0044479999999999997,24805376,NA,NA,NA,NA,NA,NA,NA,NA,2008,133,5,1,8210b4f6eac12a20575e673437437e82cfff653da437ea17992a3aed56a99207
1,18,1,1,2,0.013811976998113096,0.0045719999999999997,0.0091450000000000004,24776704,NA,NA,NA,NA,NA,NA,NA,NA,2008,133,5,1,8210b4f6eac12a20575e673437437e82cfff653da437ea17992a3aed56a99207
1,18,0,0,0,0.013627115000417689,0.009023999999999999,0.0045119999999999995,24715264,NA,NA,NA,NA,NA,NA,NA,NA,2008,133,5,1,a8c1633e798ef980493443e67e6fdb6eada42f775edf7051d304d09c3ddadf5a
1,18,1,1,0,0.014584336000552867,0.010799,0.0036849999999999999,24674304,NA,NA,NA,NA,NA,NA,NA,NA,2008,133,5,1,a8c1633e798ef980493443e67e6fdb6eada42f775edf7051d304d09c3ddadf5a
1,18,0,1,17,0.054728263003198663,0.042858,0.011753999999999999,41627648,NA,NA,NA,NA,NA,NA,NA,NA,1009296,235398,3329,64,46bbbc4439d5a1911d5728e76ba413a577b270d33a6d6f7287d5e66409ad1e95
1,18,1,0,17,0.054488689998834161,0.033047,0.021273999999999998,41750528,NA,NA,NA,NA,NA,NA,NA,NA,1009296,235398,3329,64,46bbbc4439d5a1911d5728e76ba413a577b270d33a6d6f7287d5e66409ad1e95
1,18,0,0,15,0.024224753000453347,0.020056999999999998,0.0040409999999999995,32030720,NA,NA,NA,NA,NA,NA,NA,NA,247896,280189,4101,1,cf0f1cc1e290dce65809b3140c6f2dc9062a9f452120988a3a869e7faab69134
1,18,1,1,15,0.02307862199813826,0.022966,0,32161792,NA,NA,NA,NA,NA,NA,NA,NA,247896,280189,4101,1,cf0f1cc1e290dce65809b3140c6f2dc9062a9f452120988a3a869e7faab69134
1,18,0,1,20,0.13153782799781766,0.11953499999999999,0.011764999999999999,60116992,NA,NA,NA,NA,NA,NA,NA,NA,1746680,711531,19202,64,e4041ce2b5b6df572ca4d0ca66e6006ad368116646e82963f7e9550b84ab78ca
1,18,1,0,20,0.15953283999988344,0.13870099999999999,0.020722999999999998,60510208,NA,NA,NA,NA,NA,NA,NA,NA,1746680,711531,19202,64,e4041ce2b5b6df572ca4d0ca66e6006ad368116646e82963f7e9550b84ab78ca
1,18,0,1,16,0.060739197000657441,0.044625999999999999,0.015984999999999999,43061248,NA,NA,NA,NA,NA,NA,NA,NA,1082000,235398,3329,64,0a2640f1e20aa1aa539adbeb18cdf2a1ebe47a1dc573029aa0c35ed433364c04
1,18,1,0,16,0.061596791998454137,0.049618999999999996,0.011826,43257856,NA,NA,NA,NA,NA,NA,NA,NA,1082000,235398,3329,64,0a2640f1e20aa1aa539adbeb18cdf2a1ebe47a1dc573029aa0c35ed433364c04
1,18,0,0,23,0.13654615400082548,0.11970599999999999,0.016722000000000001,58675200,NA,NA,NA,NA,NA,NA,NA,NA,1433848,711531,19202,64,7fe8e0e1367c4dc75afe736c0ee35e3a3755c0152301f3880ce2412132a22623
1,18,1,1,23,0.13148556099986308,0.10718899999999999,0.02418,58413056,NA,NA,NA,NA,NA,NA,NA,NA,1433848,711531,19202,64,7fe8e0e1367c4dc75afe736c0ee35e3a3755c0152301f3880ce2412132a22623
1,19,0,1,9,0.025985268002841622,0.017358999999999999,0.0084939999999999998,30543872,NA,NA,NA,NA,NA,NA,NA,NA,147280,39898,2049,512,02ee45f00f5fa967779eb017bd9c1965526161af8ee6a0f23a31a68b3dbbac77
1,19,1,0,9,0.021109377998072887,0.016878000000000001,0.0041269999999999996,30773248,NA,NA,NA,NA,NA,NA,NA,NA,147280,39898,2049,512,02ee45f00f5fa967779eb017bd9c1965526161af8ee6a0f23a31a68b3dbbac77
1,19,0,0,19,0.051810029999614926,0.039472,0.012237999999999999,41013248,NA,NA,NA,NA,NA,NA,NA,NA,742032,235398,3329,64,ef3fe9f327a6ee2b8ff8e0c5cce4ce61f805f0660ce139a533f5137453c188bc
1,19,1,1,19,0.054106555999169359,0.037751,0.016250000000000001,41066496,NA,NA,NA,NA,NA,NA,NA,NA,742032,235398,3329,64,ef3fe9f327a6ee2b8ff8e0c5cce4ce61f805f0660ce139a533f5137453c188bc
1,19,0,1,0,0.015107567000086419,0.0072749999999999993,0.007718,24846336,NA,NA,NA,NA,NA,NA,NA,NA,2008,133,5,1,a8c1633e798ef980493443e67e6fdb6eada42f775edf7051d304d09c3ddadf5a
1,19,1,0,0,0.014733455998793943,0.009885999999999999,0.0047609999999999996,24936448,NA,NA,NA,NA,NA,NA,NA,NA,2008,133,5,1,a8c1633e798ef980493443e67e6fdb6eada42f775edf7051d304d09c3ddadf5a
1,19,0,1,14,0.028807671002141433,0.022904999999999998,0.0057399999999999994,32030720,NA,NA,NA,NA,NA,NA,NA,NA,247896,280189,4101,1,cf0f1cc1e290dce65809b3140c6f2dc9062a9f452120988a3a869e7faab69134
1,19,1,0,14,0.034935632000269834,0.025464999999999998,0.0093559999999999997,32202752,NA,NA,NA,NA,NA,NA,NA,NA,247896,280189,4101,1,cf0f1cc1e290dce65809b3140c6f2dc9062a9f452120988a3a869e7faab69134
1,19,0,0,18,0.052019799000845524,0.043754999999999995,0.0081599999999999989,41226240,NA,NA,NA,NA,NA,NA,NA,NA,742032,235398,3329,64,ef3fe9f327a6ee2b8ff8e0c5cce4ce61f805f0660ce139a533f5137453c188bc
1,19,1,1,18,0.052130292002402712,0.040216999999999996,0.011819,40906752,NA,NA,NA,NA,NA,NA,NA,NA,742032,235398,3329,64,ef3fe9f327a6ee2b8ff8e0c5cce4ce61f805f0660ce139a533f5137453c188bc
1,19,0,0,17,0.055257042997254757,0.043736999999999998,0.011408,41422848,NA,NA,NA,NA,NA,NA,NA,NA,1009296,235398,3329,64,46bbbc4439d5a1911d5728e76ba413a577b270d33a6d6f7287d5e66409ad1e95
1,19,1,1,17,0.057188881997717544,0.052561999999999998,0.0042709999999999996,41750528,NA,NA,NA,NA,NA,NA,NA,NA,1009296,235398,3329,64,46bbbc4439d5a1911d5728e76ba413a577b270d33a6d6f7287d5e66409ad1e95
1,19,0,1,8,0.022382455998013029,0.01337,0.0088970000000000004,31760384,NA,NA,NA,NA,NA,NA,NA,NA,98128,39898,2049,512,d54e0d3e437f1319c5e0037da4750229225984f79f1ebd587b1323affae587ab
1,19,1,0,8,0.022110113997769076,0.0089669999999999993,0.013035,31461376,NA,NA,NA,NA,NA,NA,NA,NA,98128,39898,2049,512,d54e0d3e437f1319c5e0037da4750229225984f79f1ebd587b1323affae587ab
1,19,0,0,16,0.064592663999064825,0.049237999999999997,0.015250999999999999,43094016,NA,NA,NA,NA,NA,NA,NA,NA,1082000,235398,3329,64,0a2640f1e20aa1aa539adbeb18cdf2a1ebe47a1dc573029aa0c35ed433364c04
1,19,1,1,16,0.060853524999401998,0.052575999999999998,0.0081259999999999995,42864640,NA,NA,NA,NA,NA,NA,NA,NA,1082000,235398,3329,64,0a2640f1e20aa1aa539adbeb18cdf2a1ebe47a1dc573029aa0c35ed433364c04
1,19,0,1,13,0.024688074998266529,0.016118,0.0084339999999999988,32468992,NA,NA,NA,NA,NA,NA,NA,NA,313536,280189,4101,1,5a04cd3dab823e43a4d317f4a27057eec5b1fcaecf9843229a14a897b95f1f29
1,19,1,0,13,0.028183160000480711,0.019710999999999999,0.0083549999999999996,32227328,NA,NA,NA,NA,NA,NA,NA,NA,313536,280189,4101,1,5a04cd3dab823e43a4d317f4a27057eec5b1fcaecf9843229a14a897b95f1f29
1,19,0,1,12,0.039190901999972994,0.023937999999999997,0.015132,31506432,NA,NA,NA,NA,NA,NA,NA,NA,313424,280189,4101,1,0f9e44f960c45a3ca86cde574970381ef909d64a6bb2d20a17395bced584502a
1,19,1,0,12,0.036413074998563388,0.028229999999999998,0.0079819999999999995,31555584,NA,NA,NA,NA,NA,NA,NA,NA,313424,280189,4101,1,0f9e44f960c45a3ca86cde574970381ef909d64a6bb2d20a17395bced584502a
1,19,0,1,21,0.10666376799781574,0.094621999999999998,0.011922,60375040,NA,NA,NA,NA,NA,NA,NA,NA,2209528,711531,19202,64,955dcf7525f03629d689feea1585905e0b8700805efb32f241197b1ebcb41ffa
1,19,1,0,21,0.10404308299985132,0.083709999999999993,0.020202999999999999,60510208,NA,NA,NA,NA,NA,NA,NA,NA,2209528,711531,19202,64,955dcf7525f03629d689feea1585905e0b8700805efb32f241197b1ebcb41ffa
1,19,0,0,6,0.022150963999592932,0.017624999999999998,0.0043660000000000001,31277056,NA,NA,NA,NA,NA,NA,NA,NA,126024,51085,1029,1,d6479df97612ac41a8966333a6ef58076a32dad29a20f6bc64e0a5b65673088c
1,19,1,1,6,0.021618729002511827,0.017149999999999999,0.0043559999999999996,30924800,NA,NA,NA,NA,NA,NA,NA,NA,126024,51085,1029,1,d6479df97612ac41a8966333a6ef58076a32dad29a20f6bc64e0a5b65673088c
1,19,0,1,22,0.11166308000247227,0.094691999999999998,0.016851999999999999,58347520,NA,NA,NA,NA,NA,NA,NA,NA,1433848,711531,19202,64,7fe8e0e1367c4dc75afe736c0ee35e3a3755c0152301f3880ce2412132a22623
1,19,1,0,22,0.11001392800244503,0.087373999999999993,0.022494,58413056,NA,NA,NA,NA,NA,NA,NA,NA,1433848,711531,19202,64,7fe8e0e1367c4dc75afe736c0ee35e3a3755c0152301f3880ce2412132a22623
1,19,0,0,4,0.03102197499902104,0.013424,0.017233999999999999,29048832,NA,NA,NA,NA,NA,NA,NA,NA,163920,51085,1029,1,3469c6c02ad818b9b840f744b74781f39d0d6d69319fb824d729f7875274b381
1,19,1,1,4,0.030629767003119923,0.026095999999999998,0.0044099999999999999,28196864,NA,NA,NA,NA,NA,NA,NA,NA,163920,51085,1029,1,3469c6c02ad818b9b840f744b74781f39d0d6d69319fb824d729f7875274b381
1,19,0,0,5,0.028603253998880973,0.01967,0.0088179999999999994,31408128,NA,NA,NA,NA,NA,NA,NA,NA,192736,51085,1029,1,98c15b8b4636441c6e839c68a3bed9dee3bd8ae062882739073db7b7ed7d66f3
1,19,1,1,5,0.022158705000038026,0.014617999999999999,0.0074159999999999998,31145984,NA,NA,NA,NA,NA,NA,NA,NA,192736,51085,1029,1,98c15b8b4636441c6e839c68a3bed9dee3bd8ae062882739073db7b7ed7d66f3
1,19,0,1,15,0.02265835199796129,0.014990999999999999,0.0075569999999999995,32161792,NA,NA,NA,NA,NA,NA,NA,NA,247896,280189,4101,1,cf0f1cc1e290dce65809b3140c6f2dc9062a9f452120988a3a869e7faab69134
1,19,1,0,15,0.025760315998923033,0.016577999999999999,0.0090639999999999991,32411648,NA,NA,NA,NA,NA,NA,NA,NA,247896,280189,4101,1,cf0f1cc1e290dce65809b3140c6f2dc9062a9f452120988a3a869e7faab69134
1,19,0,1,3,0.013821582000673516,0.0090939999999999997,0.0045849999999999997,24788992,NA,NA,NA,NA,NA,NA,NA,NA,2008,133,5,1,8210b4f6eac12a20575e673437437e82cfff653da437ea17992a3aed56a99207
1,19,1,0,3,0.013230549000581959,0.0043990000000000001,0.0087299999999999999,24768512,NA,NA,NA,NA,NA,NA,NA,NA,2008,133,5,1,8210b4f6eac12a20575e673437437e82cfff653da437ea17992a3aed56a99207
1,19,0,1,1,0.013629498000227613,0.0091710000000000003,0.0043609999999999994,24674304,NA,NA,NA,NA,NA,NA,NA,NA,2056,133,5,1,6b21b079ef6f8f7f055926600e53b906dd7be041e021dd2791b7aa8c55e24585
1,19,1,0,1,0.013837906000844669,0.0046849999999999999,0.009049999999999999,24793088,NA,NA,NA,NA,NA,NA,NA,NA,2056,133,5,1,6b21b079ef6f8f7f055926600e53b906dd7be041e021dd2791b7aa8c55e24585
1,19,0,0,20,0.13041031499960809,0.109761,0.020475999999999998,60346368,NA,NA,NA,NA,NA,NA,NA,NA,1746680,711531,19202,64,e4041ce2b5b6df572ca4d0ca66e6006ad368116646e82963f7e9550b84ab78ca
1,19,1,1,20,0.17413530699923285,0.138873,0.035073,60407808,NA,NA,NA,NA,NA,NA,NA,NA,1746680,711531,19202,64,e4041ce2b5b6df572ca4d0ca66e6006ad368116646e82963f7e9550b84ab78ca
1,19,0,1,23,0.12266714699944714,0.122542,0,58413056,NA,NA,NA,NA,NA,NA,NA,NA,1433848,711531,19202,64,7fe8e0e1367c4dc75afe736c0ee35e3a3755c0152301f3880ce2412132a22623
1,19,1,0,23,0.12645124699702137,0.10768899999999999,0.014754,58597376,NA,NA,NA,NA,NA,NA,NA,NA,1433848,711531,19202,64,7fe8e0e1367c4dc75afe736c0ee35e3a3755c0152301f3880ce2412132a22623
1,19,0,1,7,0.02202921400021296,0.018280999999999999,0.0036259999999999999,31211520,NA,NA,NA,NA,NA,NA,NA,NA,126024,51085,1029,1,d6479df97612ac41a8966333a6ef58076a32dad29a20f6bc64e0a5b65673088c
1,19,1,0,7,0.022193305998371216,0.014596,0.0074689999999999999,31408128,NA,NA,NA,NA,NA,NA,NA,NA,126024,51085,1029,1,d6479df97612ac41a8966333a6ef58076a32dad29a20f6bc64e0a5b65673088c
1,19,0,0,10,0.01983865500005777,0.019743,0,30609408,NA,NA,NA,NA,NA,NA,NA,NA,106320,39898,2049,512,7b8f1ead52d1f75ea51a9518f4611f96b3105a83b8e9ff16958705114f2a13b3
1,19,1,1,10,0.020838188000197988,0.016628,0.0040489999999999996,29888512,NA,NA,NA,NA,NA,NA,NA,NA,106320,39898,2049,512,7b8f1ead52d1f75ea51a9518f4611f96b3105a83b8e9ff16958705114f2a13b3
1,19,0,1,11,0.020862213998043444,0.0070849999999999993,0.013613999999999999,30412800,NA,NA,NA,NA,NA,NA,NA,NA,106320,39898,2049,512,7b8f1ead52d1f75ea51a9518f4611f96b3105a83b8e9ff16958705114f2a13b3
1,19,1,0,11,0.024749516000156291,0.020701000000000001,0.0039369999999999995,30650368,NA,NA,NA,NA,NA,NA,NA,NA,106320,39898,2049,512,7b8f1ead52d1f75ea51a9518f4611f96b3105a83b8e9ff16958705114f2a13b3
1,19,0,1,2,0.019861978998960694,0.015790999999999999,0.003947,24608768,NA,NA,NA,NA,NA,NA,NA,NA,2008,133,5,1,8210b4f6eac12a20575e673437437e82cfff653da437ea17992a3aed56a99207
1,19,1,0,2,0.019747399997868342,0.011772999999999999,0.0078490000000000001,24870912,NA,NA,NA,NA,NA,NA,NA,NA,2008,133,5,1,8210b4f6eac12a20575e673437437e82cfff653da437ea17992a3aed56a99207
