round,pair,order,variant,job,wall_seconds,user_seconds,system_seconds,peak_rss_bytes,cycles,instructions,branches,branch_misses,cache_references,cache_misses,arena_calls,arena_bytes,output_bytes,source_bytes,source_lines,source_functions,output_sha256,minor_faults,major_faults,voluntary_context_switches,involuntary_context_switches
0,0,0,1,1,0.019537028001650469,0.015446999999999999,0.0040089999999999995,24195072,NA,NA,NA,NA,NA,NA,NA,NA,2056,136,5,1,6b21b079ef6f8f7f055926600e53b906dd7be041e021dd2791b7aa8c55e24585,3647,0,1,0
0,0,1,0,1,0.019351626000570832,0.011235,0.0080190000000000001,24358912,NA,NA,NA,NA,NA,NA,NA,NA,2056,136,5,1,6b21b079ef6f8f7f055926600e53b906dd7be041e021dd2791b7aa8c55e24585,3620,0,1,1
0,0,0,1,11,0.020023664998007007,0.012045999999999999,0.0078980000000000005,25403392,NA,NA,NA,NA,NA,NA,NA,NA,14928,5066,257,64,9655be68483f45304d566dfb3dc63ba1458a5653029061a6b60617464768d366,3833,0,1,0
0,0,1,0,11,0.019220486999984132,0.011160999999999999,0.0079649999999999999,25116672,NA,NA,NA,NA,NA,NA,NA,NA,14928,5066,257,64,9655be68483f45304d566dfb3dc63ba1458a5653029061a6b60617464768d366,3824,0,1,1
0,0,0,0,21,0.033464760999777354,0.021145000000000001,0.012225999999999999,29736960,NA,NA,NA,NA,NA,NA,NA,NA,277920,89118,2402,8,089ec4ce05f5e4d43e3e352375117ee462b31249b272f87015d01ad0429bd7f9,4902,0,1,1
0,0,1,1,21,0.043041526001616148,0.027349999999999999,0.015597,29900800,NA,NA,NA,NA,NA,NA,NA,NA,277920,89118,2402,8,089ec4ce05f5e4d43e3e352375117ee462b31249b272f87015d01ad0429bd7f9,4916,0,1,0
0,0,0,0,6,0.022046905996830901,0.013210999999999999,0.0087399999999999995,25100288,NA,NA,NA,NA,NA,NA,NA,NA,17504,6529,133,1,5e7e7625c8b52e7a71d9370c6c8ab5025ac2b81f4970efe917952ec17c538f1c,3827,0,0,0
0,0,1,1,6,0.021387529999628896,0.0084270000000000005,0.012775999999999999,25206784,NA,NA,NA,NA,NA,NA,NA,NA,17504,6529,133,1,5e7e7625c8b52e7a71d9370c6c8ab5025ac2b81f4970efe917952ec17c538f1c,3862,0,1,1
0,0,0,1,0,0.020128643998759799,0.015754000000000001,0.004202,24440832,NA,NA,NA,NA,NA,NA,NA,NA,2008,136,5,1,a8c1633e798ef980493443e67e6fdb6eada42f775edf7051d304d09c3ddadf5a,3674,0,1,2
0,0,1,0,0,0.020434907000890234,0.01183,0.0084869999999999998,24797184,NA,NA,NA,NA,NA,NA,NA,NA,2008,136,5,1,a8c1633e798ef980493443e67e6fdb6eada42f775edf7051d304d09c3ddadf5a,3661,0,1,2
0,0,0,1,9,0.022249434001423651,0.010966,0.011188999999999999,26406912,NA,NA,NA,NA,NA,NA,NA,NA,20048,5066,257,64,d8d78f7bb977c6f730c6b5cdfaa88bed294d141a9777385856f783cc112e0874,3857,0,1,0
0,0,1,0,9,0.020424105001438875,0.016050999999999999,0.004267,25440256,NA,NA,NA,NA,NA,NA,NA,NA,20048,5066,257,64,d8d78f7bb977c6f730c6b5cdfaa88bed294d141a9777385856f783cc112e0874,3828,0,1,1
0,0,0,0,10,0.019600526000431273,0.015623,0.0038699999999999997,25321472,NA,NA,NA,NA,NA,NA,NA,NA,14928,5066,257,64,9655be68483f45304d566dfb3dc63ba1458a5653029061a6b60617464768d366,3821,0,1,1
0,0,1,1,10,0.018630458998813992,0.014782999999999999,0.0037619999999999997,25776128,NA,NA,NA,NA,NA,NA,NA,NA,14928,5066,257,64,9655be68483f45304d566dfb3dc63ba1458a5653029061a6b60617464768d366,3840,0,1,0
0,0,0,0,4,0.030111998003121698,0.025248,0.0047619999999999997,25231360,NA,NA,NA,NA,NA,NA,NA,NA,22160,6529,133,1,3ac5102c6f2bc513eb86f2343729d5f51295afd9e738a690903fa32334fb4c28,3832,0,1,0
0,0,1,1,4,0.023776386999088572,0.015722,0.0079430000000000004,26140672,NA,NA,NA,NA,NA,NA,NA,NA,22160,6529,133,1,3ac5102c6f2bc513eb86f2343729d5f51295afd9e738a690903fa32334fb4c28,3861,0,1,1
0,0,0,0,5,0.024584331000369275,0.011856999999999999,0.012614999999999999,25182208,NA,NA,NA,NA,NA,NA,NA,NA,25888,6529,133,1,6cbbbbf695d9298d218c01af658d12c9a04646e608628360a5a03df9e71e6d9c,3838,0,1,1
0,0,1,1,5,0.021141196997632505,0.0070039999999999998,0.014019,25374720,NA,NA,NA,NA,NA,NA,NA,NA,25888,6529,133,1,6cbbbbf695d9298d218c01af658d12c9a04646e608628360a5a03df9e71e6d9c,3868,0,1,1
0,0,0,0,16,0.036415547001524828,0.024556999999999999,0.011762,27107328,NA,NA,NA,NA,NA,NA,NA,NA,136888,29499,417,8,af3bdbbd0003d101664215b713d407f2160931601787a4fad2f046110caa3e72,4318,0,1,0
0,0,1,1,16,0.054795616000774316,0.040472999999999995,0.014230999999999999,27377664,NA,NA,NA,NA,NA,NA,NA,NA,136888,29499,417,8,af3bdbbd0003d101664215b713d407f2160931601787a4fad2f046110caa3e72,4316,0,1,0
0,0,0,0,2,0.024304468999616802,0.019293999999999999,0.0048899999999999994,24293376,NA,NA,NA,NA,NA,NA,NA,NA,2008,136,5,1,8210b4f6eac12a20575e673437437e82cfff653da437ea17992a3aed56a99207,3635,0,1,0
0,0,1,1,2,0.0257198299987067,0.015141999999999999,0.010489,24391680,NA,NA,NA,NA,NA,NA,NA,NA,2008,136,5,1,8210b4f6eac12a20575e673437437e82cfff653da437ea17992a3aed56a99207,3635,0,1,1
0,0,0,0,12,0.028954804998647887,0.018825999999999999,0.010019999999999999,25636864,NA,NA,NA,NA,NA,NA,NA,NA,40904,35142,517,1,5c836afd34e5659fc140fff27358a40506e741bf81aa02c58678151e3747eac9,3917,0,1,0
0,0,1,1,12,0.10958221200053231,0.077496999999999996,0.031965,25341952,NA,NA,NA,NA,NA,NA,NA,NA,40904,35142,517,1,5c836afd34e5659fc140fff27358a40506e741bf81aa02c58678151e3747eac9,3916,0,1,1
0,0,0,1,3,0.024660864000907168,0.0099919999999999991,0.014499,24391680,NA,NA,NA,NA,NA,NA,NA,NA,2008,136,5,1,8210b4f6eac12a20575e673437437e82cfff653da437ea17992a3aed56a99207,3635,0,1,0
0,0,1,0,3,0.02301346999956877,0.013096999999999999,0.0097839999999999993,24358912,NA,NA,NA,NA,NA,NA,NA,NA,2008,136,5,1,8210b4f6eac12a20575e673437437e82cfff653da437ea17992a3aed56a99207,3616,0,1,0
0,0,0,1,20,0.048860705999686616,0.040763000000000001,0.0079469999999999992,29773824,NA,NA,NA,NA,NA,NA,NA,NA,220064,89118,2402,8,9bed9a0bde0e198846d4983ba78bcd51e5e45d614941dd9bc544c1667832b5ea,4860,0,1,0
0,0,1,0,20,0.046771312998316716,0.034834999999999998,0.011084999999999999,29409280,NA,NA,NA,NA,NA,NA,NA,NA,220064,89118,2402,8,9bed9a0bde0e198846d4983ba78bcd51e5e45d614941dd9bc544c1667832b5ea,4863,0,0,0
0,0,0,0,15,0.023923459000798175,0.015761000000000001,0.0080669999999999995,25456640,NA,NA,NA,NA,NA,NA,NA,NA,32824,35142,517,1,5a24ee2382083ee5d5eb9b364e57818da3678644deec6a705c5878fcd40e5876,3880,0,1,0
0,0,1,1,15,0.026025751998531632,0.014435,0.011417,25456640,NA,NA,NA,NA,NA,NA,NA,NA,32824,35142,517,1,5a24ee2382083ee5d5eb9b364e57818da3678644deec6a705c5878fcd40e5876,3879,0,1,0
0,0,0,0,17,0.025044788999366574,0.016628999999999998,0.0083239999999999998,27041792,NA,NA,NA,NA,NA,NA,NA,NA,127800,29499,417,8,cf7b13a857f01f4a14779c4cf8ec5e795ca6dd011a53f4345643bcaf3709f18a,4232,0,1,0
0,0,1,1,17,0.025975021999329329,0.014851999999999999,0.011013,26861568,NA,NA,NA,NA,NA,NA,NA,NA,127800,29499,417,8,cf7b13a857f01f4a14779c4cf8ec5e795ca6dd011a53f4345643bcaf3709f18a,4259,0,1,1
0,0,0,0,8,0.020849153999733971,0.020760000000000001,0,25767936,NA,NA,NA,NA,NA,NA,NA,NA,13904,5066,257,64,f70f03940df99c8ce0b0b02082129e05360030bd32e6edc5877c0f69a31bb0a4,3891,0,1,0
0,0,1,1,8,0.026632594999682624,0.011096,0.015406,25837568,NA,NA,NA,NA,NA,NA,NA,NA,13904,5066,257,64,f70f03940df99c8ce0b0b02082129e05360030bd32e6edc5877c0f69a31bb0a4,3904,0,1,1
0,0,0,0,7,0.022227063996979268,0.0091260000000000004,0.01299,25325568,NA,NA,NA,NA,NA,NA,NA,NA,17504,6529,133,1,5e7e7625c8b52e7a71d9370c6c8ab5025ac2b81f4970efe917952ec17c538f1c,3839,0,1,1
0,0,1,1,7,0.0212062699974922,0.010204,0.010891999999999999,25575424,NA,NA,NA,NA,NA,NA,NA,NA,17504,6529,133,1,5e7e7625c8b52e7a71d9370c6c8ab5025ac2b81f4970efe917952ec17c538f1c,3858,0,1,0
0,0,0,1,18,0.023851292000472313,0.015778999999999998,0.0079609999999999993,27041792,NA,NA,NA,NA,NA,NA,NA,NA,94392,29499,417,8,ec97d55cded7bb1cbf8e12495905cb68073380af6a6370282abb8f233d21e857,4236,0,1,1
0,0,1,0,18,0.024388354002439883,0.020357999999999998,0.0039059999999999997,26845184,NA,NA,NA,NA,NA,NA,NA,NA,94392,29499,417,8,ec97d55cded7bb1cbf8e12495905cb68073380af6a6370282abb8f233d21e857,4159,0,1,0
0,0,0,0,22,0.038322090000292519,0.025892999999999999,0.012326999999999999,29442048,NA,NA,NA,NA,NA,NA,NA,NA,180960,89118,2402,8,46606a158b66af8518456db0739cae64d8d2e5f9a80404e15ddbb91810d3af0d,4829,0,1,0
0,0,1,1,22,0.040461176999087911,0.028829999999999998,0.011512999999999999,29564928,NA,NA,NA,NA,NA,NA,NA,NA,180960,89118,2402,8,46606a158b66af8518456db0739cae64d8d2e5f9a80404e15ddbb91810d3af0d,4841,0,1,0
0,0,0,1,23,0.04236323000077391,0.038712999999999997,0.003532,30814208,NA,NA,NA,NA,NA,NA,NA,NA,180960,89118,2402,8,46606a158b66af8518456db0739cae64d8d2e5f9a80404e15ddbb91810d3af0d,4905,0,1,0
0,0,1,0,23,0.035776909000560408,0.023729999999999998,0.011939999999999999,29679616,NA,NA,NA,NA,NA,NA,NA,NA,180960,89118,2402,8,46606a158b66af8518456db0739cae64d8d2e5f9a80404e15ddbb91810d3af0d,4890,0,1,1
0,0,0,0,19,0.026049500000226544,0.014855,0.011099999999999999,27025408,NA,NA,NA,NA,NA,NA,NA,NA,94392,29499,417,8,ec97d55cded7bb1cbf8e12495905cb68073380af6a6370282abb8f233d21e857,4235,0,1,0
0,0,1,1,19,0.029371068001637468,0.029217999999999997,0,27054080,NA,NA,NA,NA,NA,NA,NA,NA,94392,29499,417,8,ec97d55cded7bb1cbf8e12495905cb68073380af6a6370282abb8f233d21e857,4252,0,1,1
0,0,0,1,13,0.019510261001414619,0.014463,0.0049429999999999995,25333760,NA,NA,NA,NA,NA,NA,NA,NA,41016,35142,517,1,662bf8c3f785828e59b2e955c5f9255272bd2640c5dd7e9c2804e24f24350bdf,3894,0,1,0
0,0,1,0,13,0.020396235002408503,0.014178999999999999,0.004764,25538560,NA,NA,NA,NA,NA,NA,NA,NA,41016,35142,517,1,662bf8c3f785828e59b2e955c5f9255272bd2640c5dd7e9c2804e24f24350bdf,3883,0,1,0
0,0,0,1,14,0.022910653002327308,0.022806999999999997,0,25669632,NA,NA,NA,NA,NA,NA,NA,NA,32824,35142,517,1,5a24ee2382083ee5d5eb9b364e57818da3678644deec6a705c5878fcd40e5876,3891,0,1,0
0,0,1,0,14,0.021976690000883536,0.0089949999999999995,0.012402999999999999,25538560,NA,NA,NA,NA,NA,NA,NA,NA,32824,35142,517,1,5a24ee2382083ee5d5eb9b364e57818da3678644deec6a705c5878fcd40e5876,3871,0,1,0
0,1,0,1,17,0.028686461999313906,0.019663,0.0087539999999999996,27041792,NA,NA,NA,NA,NA,NA,NA,NA,127800,29499,417,8,cf7b13a857f01f4a14779c4cf8ec5e795ca6dd011a53f4345643bcaf3709f18a,4242,0,1,0
0,1,1,0,17,0.024474526999256341,0.020416999999999998,0.0039559999999999994,27029504,NA,NA,NA,NA,NA,NA,NA,NA,127800,29499,417,8,cf7b13a857f01f4a14779c4cf8ec5e795ca6dd011a53f4345643bcaf3709f18a,4229,0,1,0
0,1,0,0,0,0.018152037999243475,0.013576999999999999,0.0044559999999999999,24494080,NA,NA,NA,NA,NA,NA,NA,NA,2008,136,5,1,a8c1633e798ef980493443e67e6fdb6eada42f775edf7051d304d09c3ddadf5a,3663,0,1,0
0,1,1,1,0,0.022052024000004167,0.014201999999999999,0.0077649999999999993,24612864,NA,NA,NA,NA,NA,NA,NA,NA,2008,136,5,1,a8c1633e798ef980493443e67e6fdb6eada42f775edf7051d304d09c3ddadf5a,3659,0,1,0
0,1,0,1,10,0.031078079999133479,0.023434,0.0075289999999999992,25616384,NA,NA,NA,NA,NA,NA,NA,NA,14928,5066,257,64,9655be68483f45304d566dfb3dc63ba1458a5653029061a6b60617464768d366,3837,0,1,1
0,1,1,0,10,0.02087045699954615,0.012329999999999999,0.0084419999999999999,25329664,NA,NA,NA,NA,NA,NA,NA,NA,14928,5066,257,64,9655be68483f45304d566dfb3dc63ba1458a5653029061a6b60617464768d366,3823,0,1,0
0,1,0,1,8,0.027003925999451894,0.013148,0.013751999999999999,25387008,NA,NA,NA,NA,NA,NA,NA,NA,13904,5066,257,64,f70f03940df99c8ce0b0b02082129e05360030bd32e6edc5877c0f69a31bb0a4,3902,0,1,1
0,1,1,0,8,0.035946447002061177,0.018539999999999997,0.017301999999999998,25559040,NA,NA,NA,NA,NA,NA,NA,NA,13904,5066,257,64,f70f03940df99c8ce0b0b02082129e05360030bd32e6edc5877c0f69a31bb0a4,3906,0,1,0
0,1,0,0,9,0.024302041001647012,0.016087000000000001,0.0080809999999999996,25272320,NA,NA,NA,NA,NA,NA,NA,NA,20048,5066,257,64,d8d78f7bb977c6f730c6b5cdfaa88bed294d141a9777385856f783cc112e0874,3840,0,1,3
0,1,1,1,9,0.022142243997222977,0.011070999999999999,0.010948999999999999,25640960,NA,NA,NA,NA,NA,NA,NA,NA,20048,5066,257,64,d8d78f7bb977c6f730c6b5cdfaa88bed294d141a9777385856f783cc112e0874,3858,0,1,2
0,1,0,0,18,0.024254687003121944,0.012022,0.012142,27275264,NA,NA,NA,NA,NA,NA,NA,NA,94392,29499,417,8,ec97d55cded7bb1cbf8e12495905cb68073380af6a6370282abb8f233d21e857,4239,0,1,0
0,1,1,1,18,0.028718391000438714,0.020584999999999999,0.0080439999999999991,26968064,NA,NA,NA,NA,NA,NA,NA,NA,94392,29499,417,8,ec97d55cded7bb1cbf8e12495905cb68073380af6a6370282abb8f233d21e857,4251,0,1,0
0,1,0,0,11,0.027418056000897195,0.021940999999999999,0.0051939999999999998,25546752,NA,NA,NA,NA,NA,NA,NA,NA,14928,5066,257,64,9655be68483f45304d566dfb3dc63ba1458a5653029061a6b60617464768d366,3841,0,1,2
0,1,1,1,11,0.025181917997542769,0.01602,0.0090530000000000003,25608192,NA,NA,NA,NA,NA,NA,NA,NA,14928,5066,257,64,9655be68483f45304d566dfb3dc63ba1458a5653029061a6b60617464768d366,3842,0,1,1
0,1,0,1,12,0.025404168998647947,0.018116,0.0071989999999999997,26320896,NA,NA,NA,NA,NA,NA,NA,NA,40904,35142,517,1,5c836afd34e5659fc140fff27358a40506e741bf81aa02c58678151e3747eac9,3929,0,1,1
0,1,1,0,12,0.025487161998171359,0.013202999999999999,0.012196,25636864,NA,NA,NA,NA,NA,NA,NA,NA,40904,35142,517,1,5c836afd34e5659fc140fff27358a40506e741bf81aa02c58678151e3747eac9,3918,0,1,0
0,1,0,1,2,0.018948010001622606,0.011316,0.0075439999999999995,24440832,NA,NA,NA,NA,NA,NA,NA,NA,2008,136,5,1,8210b4f6eac12a20575e673437437e82cfff653da437ea17992a3aed56a99207,3646,0,1,0
0,1,1,0,2,0.017540338998514926,0.010529,0.0069289999999999994,24588288,NA,NA,NA,NA,NA,NA,NA,NA,2008,136,5,1,8210b4f6eac12a20575e673437437e82cfff653da437ea17992a3aed56a99207,3633,0,1,0
0,1,0,0,20,0.047192491001624148,0.042765999999999998,0.0043019999999999994,29409280,NA,NA,NA,NA,NA,NA,NA,NA,220064,89118,2402,8,9bed9a0bde0e198846d4983ba78bcd51e5e45d614941dd9bc544c1667832b5ea,4847,0,1,0
0,1,1,1,20,0.045308377000765176,0.040827999999999996,0.0041240000000000001,30437376,NA,NA,NA,NA,NA,NA,NA,NA,220064,89118,2402,8,9bed9a0bde0e198846d4983ba78bcd51e5e45d614941dd9bc544c1667832b5ea,4869,0,1,1
0,1,0,1,15,0.021902184998907614,0.017920999999999999,0.003882,25554944,NA,NA,NA,NA,NA,NA,NA,NA,32824,35142,517,1,5a24ee2382083ee5d5eb9b364e57818da3678644deec6a705c5878fcd40e5876,3877,0,1,0
0,1,1,0,15,0.020832481000979897,0.020711,0,25706496,NA,NA,NA,NA,NA,NA,NA,NA,32824,35142,517,1,5a24ee2382083ee5d5eb9b364e57818da3678644deec6a705c5878fcd40e5876,3880,0,1,1
0,1,0,1,6,0.026103659998625517,0.021604999999999999,0.0043879999999999995,25116672,NA,NA,NA,NA,NA,NA,NA,NA,17504,6529,133,1,5e7e7625c8b52e7a71d9370c6c8ab5025ac2b81f4970efe917952ec17c538f1c,3863,0,1,1
0,1,1,0,6,0.021773735999886412,0.017946,0.003712,25141248,NA,NA,NA,NA,NA,NA,NA,NA,17504,6529,133,1,5e7e7625c8b52e7a71d9370c6c8ab5025ac2b81f4970efe917952ec17c538f1c,3832,0,1,1
0,1,0,0,1,0.018903840998973465,0.014879999999999999,0.003934,24522752,NA,NA,NA,NA,NA,NA,NA,NA,2056,136,5,1,6b21b079ef6f8f7f055926600e53b906dd7be041e021dd2791b7aa8c55e24585,3614,0,1,1
0,1,1,1,1,0.018104106999089709,0.0073029999999999996,0.010711,24440832,NA,NA,NA,NA,NA,NA,NA,NA,2056,136,5,1,6b21b079ef6f8f7f055926600e53b906dd7be041e021dd2791b7aa8c55e24585,3632,0,1,1
0,1,0,0,3,0.017920902002515504,0.0087489999999999998,0.0091000000000000004,24530944,NA,NA,NA,NA,NA,NA,NA,NA,2008,136,5,1,8210b4f6eac12a20575e673437437e82cfff653da437ea17992a3aed56a99207,3635,0,1,0
0,1,1,1,3,0.02116190699962317,0.021069999999999998,0,24391680,NA,NA,NA,NA,NA,NA,NA,NA,2008,136,5,1,8210b4f6eac12a20575e673437437e82cfff653da437ea17992a3aed56a99207,3636,0,1,1
0,1,0,1,21,0.036304413002653746,0.026688,0.0095090000000000001,29851648,NA,NA,NA,NA,NA,NA,NA,NA,277920,89118,2402,8,089ec4ce05f5e4d43e3e352375117ee462b31249b272f87015d01ad0429bd7f9,4896,0,1,0
0,1,1,0,21,0.035252727000624873,0.022949999999999998,0.012199999999999999,29925376,NA,NA,NA,NA,NA,NA,NA,NA,277920,89118,2402,8,089ec4ce05f5e4d43e3e352375117ee462b31249b272f87015d01ad0429bd7f9,4899,0,1,0
0,1,0,1,16,0.09172669899999164,0.056781999999999999,0.032565999999999998,27406336,NA,NA,NA,NA,NA,NA,NA,NA,136888,29499,417,8,af3bdbbd0003d101664215b713d407f2160931601787a4fad2f046110caa3e72,4334,0,1,2
0,1,1,0,16,0.15143255300063174,0.033838,0.117061,27537408,NA,NA,NA,NA,NA,NA,NA,NA,136888,29499,417,8,af3bdbbd0003d101664215b713d407f2160931601787a4fad2f046110caa3e72,4302,0,1,4
0,1,0,0,13,0.064294558000256075,0.023882,0.040265999999999996,25563136,NA,NA,NA,NA,NA,NA,NA,NA,41016,35142,517,1,662bf8c3f785828e59b2e955c5f9255272bd2640c5dd7e9c2804e24f24350bdf,3861,0,1,0
0,1,1,1,13,0.030976402998931007,0.016938999999999999,0.013736,25481216,NA,NA,NA,NA,NA,NA,NA,NA,41016,35142,517,1,662bf8c3f785828e59b2e955c5f9255272bd2640c5dd7e9c2804e24f24350bdf,3895,0,1,0
0,1,0,0,23,0.051515881001250818,0.035123000000000001,0.016234999999999999,29691904,NA,NA,NA,NA,NA,NA,NA,NA,180960,89118,2402,8,46606a158b66af8518456db0739cae64d8d2e5f9a80404e15ddbb91810d3af0d,4894,0,1,1
0,1,1,1,23,0.055433099998481339,0.037199999999999997,0.018054999999999998,29708288,NA,NA,NA,NA,NA,NA,NA,NA,180960,89118,2402,8,46606a158b66af8518456db0739cae64d8d2e5f9a80404e15ddbb91810d3af0d,4891,0,1,1
0,1,0,0,14,0.019661074999021366,0.011625999999999999,0.0078219999999999991,25444352,NA,NA,NA,NA,NA,NA,NA,NA,32824,35142,517,1,5a24ee2382083ee5d5eb9b364e57818da3678644deec6a705c5878fcd40e5876,3874,0,1,1
0,1,1,1,14,0.021797148998302873,0.017351999999999999,0.0043470000000000002,25534464,NA,NA,NA,NA,NA,NA,NA,NA,32824,35142,517,1,5a24ee2382083ee5d5eb9b364e57818da3678644deec6a705c5878fcd40e5876,3872,0,1,0
0,1,0,1,7,0.023220957002195064,0.023113999999999999,0,26214400,NA,NA,NA,NA,NA,NA,NA,NA,17504,6529,133,1,5e7e7625c8b52e7a71d9370c6c8ab5025ac2b81f4970efe917952ec17c538f1c,3867,0,1,1
0,1,1,0,7,0.021187778002058621,0.012305999999999999,0.0082170000000000003,25505792,NA,NA,NA,NA,NA,NA,NA,NA,17504,6529,133,1,5e7e7625c8b52e7a71d9370c6c8ab5025ac2b81f4970efe917952ec17c538f1c,3855,0,1,1
0,1,0,1,5,0.029550480001489632,0.024204999999999997,0.003241,25538560,NA,NA,NA,NA,NA,NA,NA,NA,25888,6529,133,1,6cbbbbf695d9298d218c01af658d12c9a04646e608628360a5a03df9e71e6d9c,3854,0,0,1
0,1,1,0,5,0.028288034001889173,0.028176999999999997,0,25239552,NA,NA,NA,NA,NA,NA,NA,NA,25888,6529,133,1,6cbbbbf695d9298d218c01af658d12c9a04646e608628360a5a03df9e71e6d9c,3849,0,1,0
0,1,0,1,4,0.040019246000156272,0.030587,0.0093299999999999998,26021888,NA,NA,NA,NA,NA,NA,NA,NA,22160,6529,133,1,3ac5102c6f2bc513eb86f2343729d5f51295afd9e738a690903fa32334fb4c28,3858,0,1,1
0,1,1,0,4,0.039350438997644233,0.0087790000000000003,0.030470999999999998,25358336,NA,NA,NA,NA,NA,NA,NA,NA,22160,6529,133,1,3ac5102c6f2bc513eb86f2343729d5f51295afd9e738a690903fa32334fb4c28,3830,0,1,0
0,1,0,1,22,0.036959569999453379,0.025403999999999999,0.011450999999999999,29458432,NA,NA,NA,NA,NA,NA,NA,NA,180960,89118,2402,8,46606a158b66af8518456db0739cae64d8d2e5f9a80404e15ddbb91810d3af0d,4840,0,1,0
0,1,1,0,22,0.037471633997483877,0.024708999999999998,0.012667999999999999,29560832,NA,NA,NA,NA,NA,NA,NA,NA,180960,89118,2402,8,46606a158b66af8518456db0739cae64d8d2e5f9a80404e15ddbb91810d3af0d,4809,0,1,0
0,1,0,1,19,0.024963807001768146,0.012525999999999999,0.012333999999999999,28082176,NA,NA,NA,NA,NA,NA,NA,NA,94392,29499,417,8,ec97d55cded7bb1cbf8e12495905cb68073380af6a6370282abb8f233d21e857,4255,0,1,0
0,1,1,0,19,0.027483265999762807,0.02333,0.0040379999999999999,27316224,NA,NA,NA,NA,NA,NA,NA,NA,94392,29499,417,8,ec97d55cded7bb1cbf8e12495905cb68073380af6a6370282abb8f233d21e857,4223,0,1,0
0,2,0,1,17,0.028670284998952411,0.025359999999999997,0.0031999999999999997,27205632,NA,NA,NA,NA,NA,NA,NA,NA,127800,29499,417,8,cf7b13a857f01f4a14779c4cf8ec5e795ca6dd011a53f4345643bcaf3709f18a,4245,0,1,1
0,2,1,0,17,0.02573879600095097,0.0085389999999999997,0.017077999999999999,27000832,NA,NA,NA,NA,NA,NA,NA,NA,127800,29499,417,8,cf7b13a857f01f4a14779c4cf8ec5e795ca6dd011a53f4345643bcaf3709f18a,4244,0,1,0
0,2,0,1,10,0.018563853998784907,0.0092779999999999998,0.009193999999999999,25477120,NA,NA,NA,NA,NA,NA,NA,NA,14928,5066,257,64,9655be68483f45304d566dfb3dc63ba1458a5653029061a6b60617464768d366,3839,0,1,0
0,2,1,0,10,0.018661779999092687,0.011058,0.0075249999999999996,25370624,NA,NA,NA,NA,NA,NA,NA,NA,14928,5066,257,64,9655be68483f45304d566dfb3dc63ba1458a5653029061a6b60617464768d366,3825,0,1,0
0,2,0,1,21,0.037679566998122027,0.028315,0.0091559999999999992,29741056,NA,NA,NA,NA,NA,NA,NA,NA,277920,89118,2402,8,089ec4ce05f5e4d43e3e352375117ee462b31249b272f87015d01ad0429bd7f9,4895,0,1,2
0,2,1,0,21,0.038139887001307216,0.033618999999999996,0.0043860000000000001,29761536,NA,NA,NA,NA,NA,NA,NA,NA,277920,89118,2402,8,089ec4ce05f5e4d43e3e352375117ee462b31249b272f87015d01ad0429bd7f9,4898,0,1,2
0,2,0,1,6,0.037022838998382213,0.0074459999999999995,0.029227,25415680,NA,NA,NA,NA,NA,NA,NA,NA,17504,6529,133,1,5e7e7625c8b52e7a71d9370c6c8ab5025ac2b81f4970efe917952ec17c538f1c,3860,0,1,1
0,2,1,0,6,0.023420353001711192,0.007894,0.015413999999999999,25272320,NA,NA,NA,NA,NA,NA,NA,NA,17504,6529,133,1,5e7e7625c8b52e7a71d9370c6c8ab5025ac2b81f4970efe917952ec17c538f1c,3831,0,1,1
0,2,0,0,12,0.033278507999057183,0.016583000000000001,0.016586999999999998,25575424,NA,NA,NA,NA,NA,NA,NA,NA,40904,35142,517,1,5c836afd34e5659fc140fff27358a40506e741bf81aa02c58678151e3747eac9,3920,0,1,1
0,2,1,1,12,0.021775021999928867,0.011023,0.010543,25309184,NA,NA,NA,NA,NA,NA,NA,NA,40904,35142,517,1,5c836afd34e5659fc140fff27358a40506e741bf81aa02c58678151e3747eac9,3912,0,1,3
0,2,0,0,8,0.02467805600099382,0.019938999999999998,0.004614,25378816,NA,NA,NA,NA,NA,NA,NA,NA,13904,5066,257,64,f70f03940df99c8ce0b0b02082129e05360030bd32e6edc5877c0f69a31bb0a4,3830,0,1,0
0,2,1,1,8,0.022268889999395469,0.011318999999999999,0.010855,25575424,NA,NA,NA,NA,NA,NA,NA,NA,13904,5066,257,64,f70f03940df99c8ce0b0b02082129e05360030bd32e6edc5877c0f69a31bb0a4,3904,0,1,0
0,2,0,1,22,0.035973278998426395,0.027675999999999999,0.0082089999999999993,29589504,NA,NA,NA,NA,NA,NA,NA,NA,180960,89118,2402,8,46606a158b66af8518456db0739cae64d8d2e5f9a80404e15ddbb91810d3af0d,4824,0,1,0
0,2,1,0,22,0.043513068998436211,0.039269999999999999,0.0041479999999999998,29589504,NA,NA,NA,NA,NA,NA,NA,NA,180960,89118,2402,8,46606a158b66af8518456db0739cae64d8d2e5f9a80404e15ddbb91810d3af0d,4825,0,1,0
0,2,0,1,0,0.019328628000948811,0.011455,0.0076709999999999999,24465408,NA,NA,NA,NA,NA,NA,NA,NA,2008,136,5,1,a8c1633e798ef980493443e67e6fdb6eada42f775edf7051d304d09c3ddadf5a,3659,0,1,0
0,2,1,0,0,0.019227947002946166,0.015181,0.0039299999999999995,24694784,NA,NA,NA,NA,NA,NA,NA,NA,2008,136,5,1,a8c1633e798ef980493443e67e6fdb6eada42f775edf7051d304d09c3ddadf5a,3644,0,1,1
0,2,0,0,9,0.018966036001074826,0.015087999999999999,0.0037759999999999998,25288704,NA,NA,NA,NA,NA,NA,NA,NA,20048,5066,257,64,d8d78f7bb977c6f730c6b5cdfaa88bed294d141a9777385856f783cc112e0874,3843,0,1,1
0,2,1,1,9,0.024499122999259271,0.017333999999999999,0.007038,25387008,NA,NA,NA,NA,NA,NA,NA,NA,20048,5066,257,64,d8d78f7bb977c6f730c6b5cdfaa88bed294d141a9777385856f783cc112e0874,3854,0,1,0
0,2,0,0,15,0.02363070399951539,0.018845999999999998,0.0046769999999999997,25608192,NA,NA,NA,NA,NA,NA,NA,NA,32824,35142,517,1,5a24ee2382083ee5d5eb9b364e57818da3678644deec6a705c5878fcd40e5876,3863,0,1,0
0,2,1,1,15,0.025349926003400469,0.011772999999999999,0.013486,25579520,NA,NA,NA,NA,NA,NA,NA,NA,32824,35142,517,1,5a24ee2382083ee5d5eb9b364e57818da3678644deec6a705c5878fcd40e5876,3878,0,1,0
0,2,0,0,2,0.018339815000217641,0.018245000000000001,0,24457216,NA,NA,NA,NA,NA,NA,NA,NA,2008,136,5,1,8210b4f6eac12a20575e673437437e82cfff653da437ea17992a3aed56a99207,3634,0,1,1
0,2,1,1,2,0.021974179999233456,0.017069000000000001,0.0048079999999999998,24551424,NA,NA,NA,NA,NA,NA,NA,NA,2008,136,5,1,8210b4f6eac12a20575e673437437e82cfff653da437ea17992a3aed56a99207,3650,0,1,1
0,2,0,0,18,0.049427784000727115,0.029212999999999999,0.020105999999999999,27099136,NA,NA,NA,NA,NA,NA,NA,NA,94392,29499,417,8,ec97d55cded7bb1cbf8e12495905cb68073380af6a6370282abb8f233d21e857,4224,0,1,0
0,2,1,1,18,0.040600307998829521,0.015342999999999999,0.025104999999999999,27017216,NA,NA,NA,NA,NA,NA,NA,NA,94392,29499,417,8,ec97d55cded7bb1cbf8e12495905cb68073380af6a6370282abb8f233d21e857,4252,0,1,0
0,2,0,1,19,0.028380356998241041,0.01529,0.012976999999999999,28069888,NA,NA,NA,NA,NA,NA,NA,NA,94392,29499,417,8,ec97d55cded7bb1cbf8e12495905cb68073380af6a6370282abb8f233d21e857,4252,0,1,0
0,2,1,0,19,0.026005657000496285,0.009332,0.016393999999999999,27279360,NA,NA,NA,NA,NA,NA,NA,NA,94392,29499,417,8,ec97d55cded7bb1cbf8e12495905cb68073380af6a6370282abb8f233d21e857,4220,0,1,0
0,2,0,0,5,0.026589102999423631,0.026481999999999999,0,25300992,NA,NA,NA,NA,NA,NA,NA,NA,25888,6529,133,1,6cbbbbf695d9298d218c01af658d12c9a04646e608628360a5a03df9e71e6d9c,3840,0,1,1
0,2,1,1,5,0.025763610003195936,0.018645999999999999,0.0069670000000000001,25120768,NA,NA,NA,NA,NA,NA,NA,NA,25888,6529,133,1,6cbbbbf695d9298d218c01af658d12c9a04646e608628360a5a03df9e71e6d9c,3848,0,1,0
0,2,0,1,20,0.04973554900061572,0.034322999999999999,0.015285,29495296,NA,NA,NA,NA,NA,NA,NA,NA,220064,89118,2402,8,9bed9a0bde0e198846d4983ba78bcd51e5e45d614941dd9bc544c1667832b5ea,4873,0,1,0
0,2,1,0,20,0.047159795998595655,0.039146,0.0078630000000000002,29528064,NA,NA,NA,NA,NA,NA,NA,NA,220064,89118,2402,8,9bed9a0bde0e198846d4983ba78bcd51e5e45d614941dd9bc544c1667832b5ea,4860,0,1,0
0,2,0,0,14,0.030306823999126209,0.02315,0.0070320000000000001,25272320,NA,NA,NA,NA,NA,NA,NA,NA,32824,35142,517,1,5a24ee2382083ee5d5eb9b364e57818da3678644deec6a705c5878fcd40e5876,3872,0,1,0
0,2,1,1,14,0.022759687999496236,0.015583,0.0070609999999999996,25735168,NA,NA,NA,NA,NA,NA,NA,NA,32824,35142,517,1,5a24ee2382083ee5d5eb9b364e57818da3678644deec6a705c5878fcd40e5876,3874,0,1,0
0,2,0,1,3,0.02006631300173467,0.0082199999999999999,0.011745999999999999,24383488,NA,NA,NA,NA,NA,NA,NA,NA,2008,136,5,1,8210b4f6eac12a20575e673437437e82cfff653da437ea17992a3aed56a99207,3646,0,1,0
0,2,1,0,3,0.02052498700140859,0.0075680000000000001,0.011821,24293376,NA,NA,NA,NA,NA,NA,NA,NA,2008,136,5,1,8210b4f6eac12a20575e673437437e82cfff653da437ea17992a3aed56a99207,3636,0,1,0
0,2,0,0,7,0.022801432998676319,0.0064469999999999996,0.016254999999999999,25509888,NA,NA,NA,NA,NA,NA,NA,NA,17504,6529,133,1,5e7e7625c8b52e7a71d9370c6c8ab5025ac2b81f4970efe917952ec17c538f1c,3838,0,1,0
0,2,1,1,7,0.023158190997492056,0.012282999999999999,0.010789,26222592,NA,NA,NA,NA,NA,NA,NA,NA,17504,6529,133,1,5e7e7625c8b52e7a71d9370c6c8ab5025ac2b81f4970efe917952ec17c538f1c,3864,0,1,0
0,2,0,1,13,0.024435658000584226,0.015987999999999999,0.0083379999999999999,25575424,NA,NA,NA,NA,NA,NA,NA,NA,41016,35142,517,1,662bf8c3f785828e59b2e955c5f9255272bd2640c5dd7e9c2804e24f24350bdf,3877,0,1,0
0,2,1,0,13,0.019175485002051573,0.011458999999999999,0.0076029999999999995,25432064,NA,NA,NA,NA,NA,NA,NA,NA,41016,35142,517,1,662bf8c3f785828e59b2e955c5f9255272bd2640c5dd7e9c2804e24f24350bdf,3867,0,1,0
0,2,0,1,23,0.046447493001323892,0.046304999999999999,0,29908992,NA,NA,NA,NA,NA,NA,NA,NA,180960,89118,2402,8,46606a158b66af8518456db0739cae64d8d2e5f9a80404e15ddbb91810d3af0d,4908,0,1,0
0,2,1,0,23,0.037000219999754336,0.024434999999999998,0.012421,29646848,NA,NA,NA,NA,NA,NA,NA,NA,180960,89118,2402,8,46606a158b66af8518456db0739cae64d8d2e5f9a80404e15ddbb91810d3af0d,4876,0,1,3
0,2,0,0,16,0.03471954300039215,0.021104999999999999,0.013462999999999999,27107328,NA,NA,NA,NA,NA,NA,NA,NA,136888,29499,417,8,af3bdbbd0003d101664215b713d407f2160931601787a4fad2f046110caa3e72,4323,0,1,1
0,2,1,1,16,0.030923346999770729,0.015643000000000001,0.015146,27348992,NA,NA,NA,NA,NA,NA,NA,NA,136888,29499,417,8,af3bdbbd0003d101664215b713d407f2160931601787a4fad2f046110caa3e72,4332,0,1,1
0,2,0,1,1,0.021455856000102358,0.021287,0,24453120,NA,NA,NA,NA,NA,NA,NA,NA,2056,136,5,1,6b21b079ef6f8f7f055926600e53b906dd7be041e021dd2791b7aa8c55e24585,3634,0,1,0
0,2,1,0,1,0.018231283997010905,0.014816999999999999,0.0032979999999999997,24375296,NA,NA,NA,NA,NA,NA,NA,NA,2056,136,5,1,6b21b079ef6f8f7f055926600e53b906dd7be041e021dd2791b7aa8c55e24585,3617,0,1,0
0,2,0,1,11,0.021664234998752363,0.0092560000000000003,0.012286,25366528,NA,NA,NA,NA,NA,NA,NA,NA,14928,5066,257,64,9655be68483f45304d566dfb3dc63ba1458a5653029061a6b60617464768d366,3834,0,1,0
0,2,1,0,11,0.021083941999677336,0.013672999999999999,0.0072769999999999996,25182208,NA,NA,NA,NA,NA,NA,NA,NA,14928,5066,257,64,9655be68483f45304d566dfb3dc63ba1458a5653029061a6b60617464768d366,3824,0,1,1
0,2,0,1,4,0.024289085999043891,0.024177999999999998,0,25100288,NA,NA,NA,NA,NA,NA,NA,NA,22160,6529,133,1,3ac5102c6f2bc513eb86f2343729d5f51295afd9e738a690903fa32334fb4c28,3860,0,1,1
0,2,1,0,4,0.022796260000177426,0.01507,0.0076049999999999998,25202688,NA,NA,NA,NA,NA,NA,NA,NA,22160,6529,133,1,3ac5102c6f2bc513eb86f2343729d5f51295afd9e738a690903fa32334fb4c28,3831,0,1,0
0,3,0,0,17,0.025401949002116453,0.012612,0.012683,26992640,NA,NA,NA,NA,NA,NA,NA,NA,127800,29499,417,8,cf7b13a857f01f4a14779c4cf8ec5e795ca6dd011a53f4345643bcaf3709f18a,4228,0,1,0
0,3,1,1,17,0.03390870899966103,0.016930999999999998,0.016868999999999999,27123712,NA,NA,NA,NA,NA,NA,NA,NA,127800,29499,417,8,cf7b13a857f01f4a14779c4cf8ec5e795ca6dd011a53f4345643bcaf3709f18a,4257,0,1,0
0,3,0,0,21,0.035702047000086168,0.02095,0.014652,29736960,NA,NA,NA,NA,NA,NA,NA,NA,277920,89118,2402,8,089ec4ce05f5e4d43e3e352375117ee462b31249b272f87015d01ad0429bd7f9,4898,0,1,0
0,3,1,1,21,0.042450458000530489,0.028271999999999999,0.01393,29663232,NA,NA,NA,NA,NA,NA,NA,NA,277920,89118,2402,8,089ec4ce05f5e4d43e3e352375117ee462b31249b272f87015d01ad0429bd7f9,4914,0,1,0
0,3,0,1,7,0.022807765002653468,0.016820999999999999,0.0058839999999999995,25133056,NA,NA,NA,NA,NA,NA,NA,NA,17504,6529,133,1,5e7e7625c8b52e7a71d9370c6c8ab5025ac2b81f4970efe917952ec17c538f1c,3854,0,1,0
0,3,1,0,7,0.019943551000324078,0.019814999999999999,0,25325568,NA,NA,NA,NA,NA,NA,NA,NA,17504,6529,133,1,5e7e7625c8b52e7a71d9370c6c8ab5025ac2b81f4970efe917952ec17c538f1c,3857,0,1,1
0,3,0,0,1,0.02252524300274672,0.013092999999999999,0.009323999999999999,24506368,NA,NA,NA,NA,NA,NA,NA,NA,2056,136,5,1,6b21b079ef6f8f7f055926600e53b906dd7be041e021dd2791b7aa8c55e24585,3635,0,1,0
0,3,1,1,1,0.019975936000264483,0.015965999999999998,0.0039039999999999999,24551424,NA,NA,NA,NA,NA,NA,NA,NA,2056,136,5,1,6b21b079ef6f8f7f055926600e53b906dd7be041e021dd2791b7aa8c55e24585,3649,0,1,0
0,3,0,0,23,0.054350845999579178,0.043188999999999998,0.010980999999999999,29720576,NA,NA,NA,NA,NA,NA,NA,NA,180960,89118,2402,8,46606a158b66af8518456db0739cae64d8d2e5f9a80404e15ddbb91810d3af0d,4875,0,1,1
0,3,1,1,23,0.053057885997986887,0.041242999999999995,0.011623999999999999,30015488,NA,NA,NA,NA,NA,NA,NA,NA,180960,89118,2402,8,46606a158b66af8518456db0739cae64d8d2e5f9a80404e15ddbb91810d3af0d,4894,0,1,1
0,3,0,1,5,0.025546677999955136,0.02129,0.0041409999999999997,25214976,NA,NA,NA,NA,NA,NA,NA,NA,25888,6529,133,1,6cbbbbf695d9298d218c01af658d12c9a04646e608628360a5a03df9e71e6d9c,3849,0,1,0
0,3,1,0,5,0.025362979002238717,0.016059999999999998,0.0091669999999999998,25546752,NA,NA,NA,NA,NA,NA,NA,NA,25888,6529,133,1,6cbbbbf695d9298d218c01af658d12c9a04646e608628360a5a03df9e71e6d9c,3850,0,1,0
0,3,0,1,16,0.031767730000865413,0.020627,0.010888,27430912,NA,NA,NA,NA,NA,NA,NA,NA,136888,29499,417,8,af3bdbbd0003d101664215b713d407f2160931601787a4fad2f046110caa3e72,4331,0,1,0
0,3,1,0,16,0.036275972997827921,0.031768999999999999,0.0043540000000000002,27246592,NA,NA,NA,NA,NA,NA,NA,NA,136888,29499,417,8,af3bdbbd0003d101664215b713d407f2160931601787a4fad2f046110caa3e72,4303,0,1,0
0,3,0,0,3,0.019761558000027435,0.0078639999999999995,0.011800999999999999,24481792,NA,NA,NA,NA,NA,NA,NA,NA,2008,136,5,1,8210b4f6eac12a20575e673437437e82cfff653da437ea17992a3aed56a99207,3616,0,1,0
0,3,1,1,3,0.020491575000050943,0.0099659999999999992,0.010421,24358912,NA,NA,NA,NA,NA,NA,NA,NA,2008,136,5,1,8210b4f6eac12a20575e673437437e82cfff653da437ea17992a3aed56a99207,3632,0,1,1
0,3,0,0,10,0.018805225998221431,0.009391,0.0093189999999999992,25346048,NA,NA,NA,NA,NA,NA,NA,NA,14928,5066,257,64,9655be68483f45304d566dfb3dc63ba1458a5653029061a6b60617464768d366,3840,0,1,0
0,3,1,1,10,0.027306755000608973,0.018647,0.0085369999999999994,25550848,NA,NA,NA,NA,NA,NA,NA,NA,14928,5066,257,64,9655be68483f45304d566dfb3dc63ba1458a5653029061a6b60617464768d366,3854,0,1,1
0,3,0,0,11,0.021155769001779845,0.013623,0.0074389999999999994,25296896,NA,NA,NA,NA,NA,NA,NA,NA,14928,5066,257,64,9655be68483f45304d566dfb3dc63ba1458a5653029061a6b60617464768d366,3840,0,1,0
0,3,1,1,11,0.033874453998578247,0.021568,0.012206,25444352,NA,NA,NA,NA,NA,NA,NA,NA,14928,5066,257,64,9655be68483f45304d566dfb3dc63ba1458a5653029061a6b60617464768d366,3841,0,1,0
0,3,0,1,9,0.0210774789993593,0.0080179999999999991,0.012246999999999999,25624576,NA,NA,NA,NA,NA,NA,NA,NA,20048,5066,257,64,d8d78f7bb977c6f730c6b5cdfaa88bed294d141a9777385856f783cc112e0874,3839,0,1,0
0,3,1,0,9,0.031116368001676165,0.023517,0.0074739999999999997,25264128,NA,NA,NA,NA,NA,NA,NA,NA,20048,5066,257,64,d8d78f7bb977c6f730c6b5cdfaa88bed294d141a9777385856f783cc112e0874,3843,0,1,1
0,3,0,1,15,0.019474422999337548,0.011630999999999999,0.0077539999999999996,26624000,NA,NA,NA,NA,NA,NA,NA,NA,32824,35142,517,1,5a24ee2382083ee5d5eb9b364e57818da3678644deec6a705c5878fcd40e5876,3895,0,1,0
0,3,1,0,15,0.019304290999571094,0.015333999999999999,0.0038509999999999998,25440256,NA,NA,NA,NA,NA,NA,NA,NA,32824,35142,517,1,5a24ee2382083ee5d5eb9b364e57818da3678644deec6a705c5878fcd40e5876,3867,0,1,0
0,3,0,1,12,0.020599028997821733,0.012232999999999999,0.0082419999999999993,25341952,NA,NA,NA,NA,NA,NA,NA,NA,40904,35142,517,1,5c836afd34e5659fc140fff27358a40506e741bf81aa02c58678151e3747eac9,3931,0,1,0
0,3,1,0,12,0.021327475998987211,0.010780999999999999,0.010447999999999999,25878528,NA,NA,NA,NA,NA,NA,NA,NA,40904,35142,517,1,5c836afd34e5659fc140fff27358a40506e741bf81aa02c58678151e3747eac9,3916,0,1,0
0,3,0,1,2,0.019271319997642422,0.01102,0.0081339999999999989,24391680,NA,NA,NA,NA,NA,NA,NA,NA,2008,136,5,1,8210b4f6eac12a20575e673437437e82cfff653da437ea17992a3aed56a99207,3634,0,1,1
0,3,1,0,2,0.021589923999272287,0.016608999999999999,0.0048700000000000002,24309760,NA,NA,NA,NA,NA,NA,NA,NA,2008,136,5,1,8210b4f6eac12a20575e673437437e82cfff653da437ea17992a3aed56a99207,3636,0,1,0
0,3,0,1,14,0.031538676998025039,0.013004,0.018332999999999999,25661440,NA,NA,NA,NA,NA,NA,NA,NA,32824,35142,517,1,5a24ee2382083ee5d5eb9b364e57818da3678644deec6a705c5878fcd40e5876,3869,0,1,1
0,3,1,0,14,0.024890519998734817,0.0088500000000000002,0.015879999999999998,25587712,NA,NA,NA,NA,NA,NA,NA,NA,32824,35142,517,1,5a24ee2382083ee5d5eb9b364e57818da3678644deec6a705c5878fcd40e5876,3858,0,1,1
0,3,0,0,0,0.031407845002831891,0.026679999999999999,0.0045890000000000002,24514560,NA,NA,NA,NA,NA,NA,NA,NA,2008,136,5,1,a8c1633e798ef980493443e67e6fdb6eada42f775edf7051d304d09c3ddadf5a,3660,0,1,1
0,3,1,1,0,0.026075877001858316,0.016767999999999998,0.0089439999999999988,24469504,NA,NA,NA,NA,NA,NA,NA,NA,2008,136,5,1,a8c1633e798ef980493443e67e6fdb6eada42f775edf7051d304d09c3ddadf5a,3675,0,1,2
0,3,0,0,20,0.045965131001139525,0.037128000000000001,0.0082699999999999996,29368320,NA,NA,NA,NA,NA,NA,NA,NA,220064,89118,2402,8,9bed9a0bde0e198846d4983ba78bcd51e5e45d614941dd9bc544c1667832b5ea,4846,0,1,1
0,3,1,1,20,0.06733564100068179,0.061031999999999996,0.0061799999999999997,29753344,NA,NA,NA,NA,NA,NA,NA,NA,220064,89118,2402,8,9bed9a0bde0e198846d4983ba78bcd51e5e45d614941dd9bc544c1667832b5ea,4859,0,1,2
0,3,0,0,6,0.029440360998705728,0.023099999999999999,0.006221,25399296,NA,NA,NA,NA,NA,NA,NA,NA,17504,6529,133,1,5e7e7625c8b52e7a71d9370c6c8ab5025ac2b81f4970efe917952ec17c538f1c,3845,0,1,1
0,3,1,1,6,0.036474743999860948,0.027375,0.0089859999999999992,25526272,NA,NA,NA,NA,NA,NA,NA,NA,17504,6529,133,1,5e7e7625c8b52e7a71d9370c6c8ab5025ac2b81f4970efe917952ec17c538f1c,3843,0,1,0
0,3,0,0,4,0.022960682999837445,0.011273,0.011573999999999999,25559040,NA,NA,NA,NA,NA,NA,NA,NA,22160,6529,133,1,3ac5102c6f2bc513eb86f2343729d5f51295afd9e738a690903fa32334fb4c28,3846,0,1,0
0,3,1,1,4,0.0365257740013476,0.027878,0.0084219999999999989,25034752,NA,NA,NA,NA,NA,NA,NA,NA,22160,6529,133,1,3ac5102c6f2bc513eb86f2343729d5f51295afd9e738a690903fa32334fb4c28,3845,0,1,1
0,3,0,1,8,0.02228015999935451,0.018511,0.0036409999999999997,25333760,NA,NA,NA,NA,NA,NA,NA,NA,13904,5066,257,64,f70f03940df99c8ce0b0b02082129e05360030bd32e6edc5877c0f69a31bb0a4,3905,0,1,0
0,3,1,0,8,0.030350545999681344,0.015144999999999999,0.014940999999999999,25395200,NA,NA,NA,NA,NA,NA,NA,NA,13904,5066,257,64,f70f03940df99c8ce0b0b02082129e05360030bd32e6edc5877c0f69a31bb0a4,3890,0,0,1
0,3,0,0,19,0.036744250999618089,0.021297,0.014946999999999998,27058176,NA,NA,NA,NA,NA,NA,NA,NA,94392,29499,417,8,ec97d55cded7bb1cbf8e12495905cb68073380af6a6370282abb8f233d21e857,4239,0,1,1
0,3,1,1,19,0.05795329900138313,0.033382999999999996,0.024454,26918912,NA,NA,NA,NA,NA,NA,NA,NA,94392,29499,417,8,ec97d55cded7bb1cbf8e12495905cb68073380af6a6370282abb8f233d21e857,4235,0,1,0
0,3,0,1,18,0.029736795000644634,0.014926,0.014679999999999999,27041792,NA,NA,NA,NA,NA,NA,NA,NA,94392,29499,417,8,ec97d55cded7bb1cbf8e12495905cb68073380af6a6370282abb8f233d21e857,4251,0,1,0
0,3,1,0,18,0.047954474997823127,0.032014000000000001,0.015819,26910720,NA,NA,NA,NA,NA,NA,NA,NA,94392,29499,417,8,ec97d55cded7bb1cbf8e12495905cb68073380af6a6370282abb8f233d21e857,4236,0,1,1
0,3,0,0,13,0.027393736003432423,0.017208999999999999,0.010036999999999999,25579520,NA,NA,NA,NA,NA,NA,NA,NA,41016,35142,517,1,662bf8c3f785828e59b2e955c5f9255272bd2640c5dd7e9c2804e24f24350bdf,3878,0,1,0
0,3,1,1,13,0.021533975999773247,0.013377,0.0080009999999999994,25690112,NA,NA,NA,NA,NA,NA,NA,NA,41016,35142,517,1,662bf8c3f785828e59b2e955c5f9255272bd2640c5dd7e9c2804e24f24350bdf,3881,0,1,1
0,3,0,0,22,0.049112756998511031,0.044982000000000001,0.0040200000000000001,29458432,NA,NA,NA,NA,NA,NA,NA,NA,180960,89118,2402,8,46606a158b66af8518456db0739cae64d8d2e5f9a80404e15ddbb91810d3af0d,4829,0,1,0
0,3,1,1,22,0.036355206000735052,0.032041,0.0041900000000000001,29339648,NA,NA,NA,NA,NA,NA,NA,NA,180960,89118,2402,8,46606a158b66af8518456db0739cae64d8d2e5f9a80404e15ddbb91810d3af0d,4819,0,1,1
0,4,0,1,13,0.021564574999501929,0.010773999999999999,0.010681,25681920,NA,NA,NA,NA,NA,NA,NA,NA,41016,35142,517,1,662bf8c3f785828e59b2e955c5f9255272bd2640c5dd7e9c2804e24f24350bdf,3883,0,0,0
0,4,1,0,13,0.021121714999026153,0.012938,0.0080780000000000001,25374720,NA,NA,NA,NA,NA,NA,NA,NA,41016,35142,517,1,662bf8c3f785828e59b2e955c5f9255272bd2640c5dd7e9c2804e24f24350bdf,3865,0,1,0
0,4,0,1,23,0.035728479000681546,0.031659,0.0038669999999999998,30015488,NA,NA,NA,NA,NA,NA,NA,NA,180960,89118,2402,8,46606a158b66af8518456db0739cae64d8d2e5f9a80404e15ddbb91810d3af0d,4891,0,1,1
0,4,1,0,23,0.03443890500057023,0.026605999999999998,0.0076339999999999993,29638656,NA,NA,NA,NA,NA,NA,NA,NA,180960,89118,2402,8,46606a158b66af8518456db0739cae64d8d2e5f9a80404e15ddbb91810d3af0d,4873,0,1,0
0,4,0,0,1,0.021850043998711044,0.021665,0,24334336,NA,NA,NA,NA,NA,NA,NA,NA,2056,136,5,1,6b21b079ef6f8f7f055926600e53b906dd7be041e021dd2791b7aa8c55e24585,3634,0,1,0
0,4,1,1,1,0.026313385002140421,0.020465000000000001,0.0052859999999999999,24440832,NA,NA,NA,NA,NA,NA,NA,NA,2056,136,5,1,6b21b079ef6f8f7f055926600e53b906dd7be041e021dd2791b7aa8c55e24585,3630,0,1,0
0,4,0,1,12,0.02918278400102281,0.021267999999999999,0.0073109999999999998,25653248,NA,NA,NA,NA,NA,NA,NA,NA,40904,35142,517,1,5c836afd34e5659fc140fff27358a40506e741bf81aa02c58678151e3747eac9,3930,0,1,0
0,4,1,0,12,0.025883237001835369,0.01453,0.011193,25550848,NA,NA,NA,NA,NA,NA,NA,NA,40904,35142,517,1,5c836afd34e5659fc140fff27358a40506e741bf81aa02c58678151e3747eac9,3918,0,1,3
0,4,0,0,4,0.022740108001016779,0.014886,0.0077609999999999997,25198592,NA,NA,NA,NA,NA,NA,NA,NA,22160,6529,133,1,3ac5102c6f2bc513eb86f2343729d5f51295afd9e738a690903fa32334fb4c28,3848,0,1,0
0,4,1,1,4,0.024541528000554536,0.012799,0.011634,26017792,NA,NA,NA,NA,NA,NA,NA,NA,22160,6529,133,1,3ac5102c6f2bc513eb86f2343729d5f51295afd9e738a690903fa32334fb4c28,3859,0,1,0
0,4,0,0,10,0.021271409998007584,0.021166999999999998,0,25657344,NA,NA,NA,NA,NA,NA,NA,NA,14928,5066,257,64,9655be68483f45304d566dfb3dc63ba1458a5653029061a6b60617464768d366,3827,0,1,0
0,4,1,1,10,0.019186325000191573,0.0096399999999999993,0.0094509999999999993,25489408,NA,NA,NA,NA,NA,NA,NA,NA,14928,5066,257,64,9655be68483f45304d566dfb3dc63ba1458a5653029061a6b60617464768d366,3839,0,1,0
0,4,0,1,21,0.036411851000593742,0.018220999999999998,0.018061000000000001,30146560,NA,NA,NA,NA,NA,NA,NA,NA,277920,89118,2402,8,089ec4ce05f5e4d43e3e352375117ee462b31249b272f87015d01ad0429bd7f9,4900,0,1,1
0,4,1,0,21,0.045036972001980757,0.037525999999999997,0.0073799999999999994,29704192,NA,NA,NA,NA,NA,NA,NA,NA,277920,89118,2402,8,089ec4ce05f5e4d43e3e352375117ee462b31249b272f87015d01ad0429bd7f9,4885,0,1,1
0,4,0,1,20,0.044460987999627832,0.040472000000000001,0.0037529999999999998,29614080,NA,NA,NA,NA,NA,NA,NA,NA,220064,89118,2402,8,9bed9a0bde0e198846d4983ba78bcd51e5e45d614941dd9bc544c1667832b5ea,4859,0,1,1
0,4,1,0,20,0.047843275999184698,0.031982999999999998,0.015227999999999998,29822976,NA,NA,NA,NA,NA,NA,NA,NA,220064,89118,2402,8,9bed9a0bde0e198846d4983ba78bcd51e5e45d614941dd9bc544c1667832b5ea,4860,0,1,0
0,4,0,1,3,0.01923316800093744,0.019057999999999999,0,24494080,NA,NA,NA,NA,NA,NA,NA,NA,2008,136,5,1,8210b4f6eac12a20575e673437437e82cfff653da437ea17992a3aed56a99207,3648,0,1,1
0,4,1,0,3,0.01876915500179166,0.018647999999999998,0,24293376,NA,NA,NA,NA,NA,NA,NA,NA,2008,136,5,1,8210b4f6eac12a20575e673437437e82cfff653da437ea17992a3aed56a99207,3631,0,1,1
0,4,0,1,6,0.024196800000936491,0.015657000000000001,0.0082310000000000005,25116672,NA,NA,NA,NA,NA,NA,NA,NA,17504,6529,133,1,5e7e7625c8b52e7a71d9370c6c8ab5025ac2b81f4970efe917952ec17c538f1c,3844,0,1,1
0,4,1,0,6,0.022169703999679768,0.0061029999999999999,0.015789999999999998,25317376,NA,NA,NA,NA,NA,NA,NA,NA,17504,6529,133,1,5e7e7625c8b52e7a71d9370c6c8ab5025ac2b81f4970efe917952ec17c538f1c,3845,0,1,0
0,4,0,0,19,0.026480771000933601,0.021388000000000001,0.0049789999999999999,27279360,NA,NA,NA,NA,NA,NA,NA,NA,94392,29499,417,8,ec97d55cded7bb1cbf8e12495905cb68073380af6a6370282abb8f233d21e857,4223,0,1,0
0,4,1,1,19,0.024608790001366287,0.012017,0.012490999999999999,27226112,NA,NA,NA,NA,NA,NA,NA,NA,94392,29499,417,8,ec97d55cded7bb1cbf8e12495905cb68073380af6a6370282abb8f233d21e857,4240,0,1,0
0,4,0,1,7,0.02809046199763543,0.014305,0.013682999999999999,25362432,NA,NA,NA,NA,NA,NA,NA,NA,17504,6529,133,1,5e7e7625c8b52e7a71d9370c6c8ab5025ac2b81f4970efe917952ec17c538f1c,3865,0,1,0
0,4,1,0,7,0.023709576998953708,0.010796999999999999,0.012766999999999999,25325568,NA,NA,NA,NA,NA,NA,NA,NA,17504,6529,133,1,5e7e7625c8b52e7a71d9370c6c8ab5025ac2b81f4970efe917952ec17c538f1c,3857,0,1,2
0,4,0,1,2,0.020048361999215558,0.0041370000000000001,0.015809,24252416,NA,NA,NA,NA,NA,NA,NA,NA,2008,136,5,1,8210b4f6eac12a20575e673437437e82cfff653da437ea17992a3aed56a99207,3629,0,1,0
0,4,1,0,2,0.022918599999684375,0.019056999999999998,0.003754,24375296,NA,NA,NA,NA,NA,NA,NA,NA,2008,136,5,1,8210b4f6eac12a20575e673437437e82cfff653da437ea17992a3aed56a99207,3620,0,1,1
0,4,0,0,0,0.022595366001041839,0.013790999999999999,0.0085050000000000004,24461312,NA,NA,NA,NA,NA,NA,NA,NA,2008,136,5,1,a8c1633e798ef980493443e67e6fdb6eada42f775edf7051d304d09c3ddadf5a,3643,0,1,0
0,4,1,1,0,0.021287987001414876,0.017849,0.0033189999999999999,24760320,NA,NA,NA,NA,NA,NA,NA,NA,2008,136,5,1,a8c1633e798ef980493443e67e6fdb6eada42f775edf7051d304d09c3ddadf5a,3677,0,1,0
0,4,0,0,15,0.023214766999444691,0.010782999999999999,0.012338999999999999,25440256,NA,NA,NA,NA,NA,NA,NA,NA,32824,35142,517,1,5a24ee2382083ee5d5eb9b364e57818da3678644deec6a705c5878fcd40e5876,3864,0,1,0
0,4,1,1,15,0.022357840000040596,0.017846999999999998,0.0044089999999999997,25681920,NA,NA,NA,NA,NA,NA,NA,NA,32824,35142,517,1,5a24ee2382083ee5d5eb9b364e57818da3678644deec6a705c5878fcd40e5876,3882,0,1,0
0,4,0,1,16,0.048417959998914739,0.035732,0.012581,27377664,NA,NA,NA,NA,NA,NA,NA,NA,136888,29499,417,8,af3bdbbd0003d101664215b713d407f2160931601787a4fad2f046110caa3e72,4315,0,1,0
0,4,1,0,16,0.033487664000858786,0.022384999999999999,0.008149,27205632,NA,NA,NA,NA,NA,NA,NA,NA,136888,29499,417,8,af3bdbbd0003d101664215b713d407f2160931601787a4fad2f046110caa3e72,4323,0,0,0
0,4,0,0,5,0.020282788002077723,0.0079909999999999998,0.012104,25444352,NA,NA,NA,NA,NA,NA,NA,NA,25888,6529,133,1,6cbbbbf695d9298d218c01af658d12c9a04646e608628360a5a03df9e71e6d9c,3837,0,1,0
0,4,1,1,5,0.021882696997636231,0.017367999999999998,0.0044050000000000001,25358336,NA,NA,NA,NA,NA,NA,NA,NA,25888,6529,133,1,6cbbbbf695d9298d218c01af658d12c9a04646e608628360a5a03df9e71e6d9c,3847,0,1,0
0,4,0,1,22,0.045405393000692129,0.041721000000000001,0.0035539999999999999,29614080,NA,NA,NA,NA,NA,NA,NA,NA,180960,89118,2402,8,46606a158b66af8518456db0739cae64d8d2e5f9a80404e15ddbb91810d3af0d,4824,0,1,0
0,4,1,0,22,0.034268801002326654,0.030140999999999998,0.0040140000000000002,29589504,NA,NA,NA,NA,NA,NA,NA,NA,180960,89118,2402,8,46606a158b66af8518456db0739cae64d8d2e5f9a80404e15ddbb91810d3af0d,4824,0,1,1
0,4,0,0,17,0.028203655998368049,0.01188,0.016222,27447296,NA,NA,NA,NA,NA,NA,NA,NA,127800,29499,417,8,cf7b13a857f01f4a14779c4cf8ec5e795ca6dd011a53f4345643bcaf3709f18a,4232,0,1,0
0,4,1,1,17,0.029983465999976033,0.025335999999999997,0.0045009999999999998,27074560,NA,NA,NA,NA,NA,NA,NA,NA,127800,29499,417,8,cf7b13a857f01f4a14779c4cf8ec5e795ca6dd011a53f4345643bcaf3709f18a,4245,0,1,0
0,4,0,1,18,0.025441495999984909,0.016548999999999998,0.0087409999999999988,27123712,NA,NA,NA,NA,NA,NA,NA,NA,94392,29499,417,8,ec97d55cded7bb1cbf8e12495905cb68073380af6a6370282abb8f233d21e857,4236,0,1,0
0,4,1,0,18,0.025714637999044498,0.018061000000000001,0.0074309999999999992,26984448,NA,NA,NA,NA,NA,NA,NA,NA,94392,29499,417,8,ec97d55cded7bb1cbf8e12495905cb68073380af6a6370282abb8f233d21e857,4236,0,1,3
0,4,0,0,9,0.020647065000957809,0.012444999999999999,0.008064,25182208,NA,NA,NA,NA,NA,NA,NA,NA,20048,5066,257,64,d8d78f7bb977c6f730c6b5cdfaa88bed294d141a9777385856f783cc112e0874,3841,0,1,0
0,4,1,1,9,0.019442860000708606,0.015398999999999999,0.0038609999999999998,25591808,NA,NA,NA,NA,NA,NA,NA,NA,20048,5066,257,64,d8d78f7bb977c6f730c6b5cdfaa88bed294d141a9777385856f783cc112e0874,3855,0,1,0
0,4,0,1,14,0.0217972619975626,0.021703999999999998,0,25473024,NA,NA,NA,NA,NA,NA,NA,NA,32824,35142,517,1,5a24ee2382083ee5d5eb9b364e57818da3678644deec6a705c5878fcd40e5876,3875,0,1,0
0,4,1,0,14,0.029458446999342414,0.020874,0.0084429999999999991,25411584,NA,NA,NA,NA,NA,NA,NA,NA,32824,35142,517,1,5a24ee2382083ee5d5eb9b364e57818da3678644deec6a705c5878fcd40e5876,3875,0,1,0
0,4,0,0,8,0.019879308998497436,0.015806000000000001,0.0039229999999999994,25944064,NA,NA,NA,NA,NA,NA,NA,NA,13904,5066,257,64,f70f03940df99c8ce0b0b02082129e05360030bd32e6edc5877c0f69a31bb0a4,3905,0,1,0
0,4,1,1,8,0.030862474999594269,0.019473000000000001,0.011290999999999999,25706496,NA,NA,NA,NA,NA,NA,NA,NA,13904,5066,257,64,f70f03940df99c8ce0b0b02082129e05360030bd32e6edc5877c0f69a31bb0a4,3902,0,1,0
0,4,0,0,11,0.019254323000495788,0.0076679999999999995,0.011472999999999999,25313280,NA,NA,NA,NA,NA,NA,NA,NA,14928,5066,257,64,9655be68483f45304d566dfb3dc63ba1458a5653029061a6b60617464768d366,3822,0,1,0
0,4,1,1,11,0.019922778999898583,0.012001,0.0078180000000000003,25460736,NA,NA,NA,NA,NA,NA,NA,NA,14928,5066,257,64,9655be68483f45304d566dfb3dc63ba1458a5653029061a6b60617464768d366,3856,0,1,1
0,5,0,1,4,0.022592640998482239,0.017929999999999998,0.0045649999999999996,25415680,NA,NA,NA,NA,NA,NA,NA,NA,22160,6529,133,1,3ac5102c6f2bc513eb86f2343729d5f51295afd9e738a690903fa32334fb4c28,3844,0,1,0
0,5,1,0,4,0.023800994000339415,0.019629000000000001,0.0040489999999999996,25214976,NA,NA,NA,NA,NA,NA,NA,NA,22160,6529,133,1,3ac5102c6f2bc513eb86f2343729d5f51295afd9e738a690903fa32334fb4c28,3833,0,1,0
0,5,0,0,22,0.055824057999416254,0.055704999999999998,0,29544448,NA,NA,NA,NA,NA,NA,NA,NA,180960,89118,2402,8,46606a158b66af8518456db0739cae64d8d2e5f9a80404e15ddbb91810d3af0d,4829,0,1,1
0,5,1,1,22,0.037038193997432245,0.032830999999999999,0.0040990000000000002,29462528,NA,NA,NA,NA,NA,NA,NA,NA,180960,89118,2402,8,46606a158b66af8518456db0739cae64d8d2e5f9a80404e15ddbb91810d3af0d,4843,0,1,1
0,5,0,1,8,0.020782496001629625,0.016510999999999998,0.0041599999999999996,25567232,NA,NA,NA,NA,NA,NA,NA,NA,13904,5066,257,64,f70f03940df99c8ce0b0b02082129e05360030bd32e6edc5877c0f69a31bb0a4,3919,0,1,0
0,5,1,0,8,0.029732098999375012,0.018970000000000001,0.010664999999999999,25980928,NA,NA,NA,NA,NA,NA,NA,NA,13904,5066,257,64,f70f03940df99c8ce0b0b02082129e05360030bd32e6edc5877c0f69a31bb0a4,3892,0,1,0
0,5,0,1,10,0.021926836001512129,0.012775999999999999,0.0088690000000000001,25477120,NA,NA,NA,NA,NA,NA,NA,NA,14928,5066,257,64,9655be68483f45304d566dfb3dc63ba1458a5653029061a6b60617464768d366,3857,0,1,1
0,5,1,0,10,0.031402679000166245,0.019184,0.012111,25378816,NA,NA,NA,NA,NA,NA,NA,NA,14928,5066,257,64,9655be68483f45304d566dfb3dc63ba1458a5653029061a6b60617464768d366,3823,0,1,0
0,5,0,0,20,0.053429006999067497,0.044304999999999997,0.0090029999999999989,29519872,NA,NA,NA,NA,NA,NA,NA,NA,220064,89118,2402,8,9bed9a0bde0e198846d4983ba78bcd51e5e45d614941dd9bc544c1667832b5ea,4843,0,1,1
0,5,1,1,20,0.059463896999659482,0.044986999999999999,0.014381,29716480,NA,NA,NA,NA,NA,NA,NA,NA,220064,89118,2402,8,9bed9a0bde0e198846d4983ba78bcd51e5e45d614941dd9bc544c1667832b5ea,4873,0,1,0
0,5,0,0,12,0.022058045000449056,0.014518999999999999,0.0074199999999999995,25759744,NA,NA,NA,NA,NA,NA,NA,NA,40904,35142,517,1,5c836afd34e5659fc140fff27358a40506e741bf81aa02c58678151e3747eac9,3920,0,1,0
0,5,1,1,12,0.021005808001063997,0.016562,0.0041929999999999997,25784320,NA,NA,NA,NA,NA,NA,NA,NA,40904,35142,517,1,5c836afd34e5659fc140fff27358a40506e741bf81aa02c58678151e3747eac9,3913,0,1,0
0,5,0,0,16,0.036322706997452769,0.023349999999999999,0.012869,27238400,NA,NA,NA,NA,NA,NA,NA,NA,136888,29499,417,8,af3bdbbd0003d101664215b713d407f2160931601787a4fad2f046110caa3e72,4305,0,1,0
0,5,1,1,16,0.027837098001327831,0.015796999999999999,0.011941,27197440,NA,NA,NA,NA,NA,NA,NA,NA,136888,29499,417,8,af3bdbbd0003d101664215b713d407f2160931601787a4fad2f046110caa3e72,4335,0,1,0
0,5,0,1,15,0.026875005001784302,0.021194999999999999,0.0054879999999999998,25554944,NA,NA,NA,NA,NA,NA,NA,NA,32824,35142,517,1,5a24ee2382083ee5d5eb9b364e57818da3678644deec6a705c5878fcd40e5876,3881,0,1,1
0,5,1,0,15,0.024459561998810386,0.022526999999999998,0.0018299999999999998,25604096,NA,NA,NA,NA,NA,NA,NA,NA,32824,35142,517,1,5a24ee2382083ee5d5eb9b364e57818da3678644deec6a705c5878fcd40e5876,3880,0,1,0
0,5,0,0,2,0.031198615000903374,0.016552999999999998,0.014249999999999999,24637440,NA,NA,NA,NA,NA,NA,NA,NA,2008,136,5,1,8210b4f6eac12a20575e673437437e82cfff653da437ea17992a3aed56a99207,3619,0,1,0
0,5,1,1,2,0.024987984001199948,0.017939999999999998,0.0069439999999999997,24625152,NA,NA,NA,NA,NA,NA,NA,NA,2008,136,5,1,8210b4f6eac12a20575e673437437e82cfff653da437ea17992a3aed56a99207,3649,0,1,0
0,5,0,0,3,0.021646175999194384,0.017690999999999998,0.0038499999999999997,24346624,NA,NA,NA,NA,NA,NA,NA,NA,2008,136,5,1,8210b4f6eac12a20575e673437437e82cfff653da437ea17992a3aed56a99207,3633,0,1,0
0,5,1,1,3,0.019966593001299771,0.011859999999999999,0.0079919999999999991,24600576,NA,NA,NA,NA,NA,NA,NA,NA,2008,136,5,1,8210b4f6eac12a20575e673437437e82cfff653da437ea17992a3aed56a99207,3632,0,1,0
0,5,0,0,14,0.022993104998022318,0.0077539999999999996,0.015139,25300992,NA,NA,NA,NA,NA,NA,NA,NA,32824,35142,517,1,5a24ee2382083ee5d5eb9b364e57818da3678644deec6a705c5878fcd40e5876,3873,0,1,0
0,5,1,1,14,0.024298768999869935,0.023951,0,25571328,NA,NA,NA,NA,NA,NA,NA,NA,32824,35142,517,1,5a24ee2382083ee5d5eb9b364e57818da3678644deec6a705c5878fcd40e5876,3870,0,1,2
0,5,0,1,0,0.020330920000560582,0.011923,0.008208,24637440,NA,NA,NA,NA,NA,NA,NA,NA,2008,136,5,1,a8c1633e798ef980493443e67e6fdb6eada42f775edf7051d304d09c3ddadf5a,3676,0,1,3
0,5,1,0,0,0.01955651900061639,0.014428,0.005012,24530944,NA,NA,NA,NA,NA,NA,NA,NA,2008,136,5,1,a8c1633e798ef980493443e67e6fdb6eada42f775edf7051d304d09c3ddadf5a,3659,0,1,0
0,5,0,1,5,0.024970205002318835,0.011039,0.013835,25313280,NA,NA,NA,NA,NA,NA,NA,NA,25888,6529,133,1,6cbbbbf695d9298d218c01af658d12c9a04646e608628360a5a03df9e71e6d9c,3853,0,1,0
0,5,1,0,5,0.022304476999124745,0.013618,0.0085749999999999993,25403392,NA,NA,NA,NA,NA,NA,NA,NA,25888,6529,133,1,6cbbbbf695d9298d218c01af658d12c9a04646e608628360a5a03df9e71e6d9c,3837,0,1,0
0,5,0,1,11,0.021365207001508679,0.010518,0.010725999999999999,25591808,NA,NA,NA,NA,NA,NA,NA,NA,14928,5066,257,64,9655be68483f45304d566dfb3dc63ba1458a5653029061a6b60617464768d366,3841,0,1,0
0,5,1,0,11,0.020048536000103923,0.011951,0.0079979999999999999,25395200,NA,NA,NA,NA,NA,NA,NA,NA,14928,5066,257,64,9655be68483f45304d566dfb3dc63ba1458a5653029061a6b60617464768d366,3825,0,1,0
0,5,0,0,21,0.039126481002313085,0.026526999999999998,0.012459,29523968,NA,NA,NA,NA,NA,NA,NA,NA,277920,89118,2402,8,089ec4ce05f5e4d43e3e352375117ee462b31249b272f87015d01ad0429bd7f9,4890,0,1,0
0,5,1,1,21,0.035812130001431797,0.028049999999999999,0.0076319999999999999,29720576,NA,NA,NA,NA,NA,NA,NA,NA,277920,89118,2402,8,089ec4ce05f5e4d43e3e352375117ee462b31249b272f87015d01ad0429bd7f9,4918,0,1,0
0,5,0,1,17,0.025449268996453611,0.010898,0.014419,27033600,NA,NA,NA,NA,NA,NA,NA,NA,127800,29499,417,8,cf7b13a857f01f4a14779c4cf8ec5e795ca6dd011a53f4345643bcaf3709f18a,4259,0,1,0
0,5,1,0,17,0.025447175001318101,0.017117999999999998,0.0081989999999999997,27275264,NA,NA,NA,NA,NA,NA,NA,NA,127800,29499,417,8,cf7b13a857f01f4a14779c4cf8ec5e795ca6dd011a53f4345643bcaf3709f18a,4229,0,1,1
0,5,0,1,1,0.018875336998462444,0.013937999999999999,0.0047889999999999999,24440832,NA,NA,NA,NA,NA,NA,NA,NA,2056,136,5,1,6b21b079ef6f8f7f055926600e53b906dd7be041e021dd2791b7aa8c55e24585,3632,0,1,1
0,5,1,0,1,0.019230695001169806,0.015620999999999999,0.0035139999999999998,24637440,NA,NA,NA,NA,NA,NA,NA,NA,2056,136,5,1,6b21b079ef6f8f7f055926600e53b906dd7be041e021dd2791b7aa8c55e24585,3631,0,1,0
0,5,0,0,13,0.0189433019986609,0.015037999999999999,0.0037979999999999997,25456640,NA,NA,NA,NA,NA,NA,NA,NA,41016,35142,517,1,662bf8c3f785828e59b2e955c5f9255272bd2640c5dd7e9c2804e24f24350bdf,3865,0,1,0
0,5,1,1,13,0.019578982002713019,0.015592,0.0038769999999999998,25456640,NA,NA,NA,NA,NA,NA,NA,NA,41016,35142,517,1,662bf8c3f785828e59b2e955c5f9255272bd2640c5dd7e9c2804e24f24350bdf,3896,0,1,1
0,5,0,0,7,0.019734580000658752,0.011569999999999999,0.0080289999999999997,25337856,NA,NA,NA,NA,NA,NA,NA,NA,17504,6529,133,1,5e7e7625c8b52e7a71d9370c6c8ab5025ac2b81f4970efe917952ec17c538f1c,3858,0,1,1
0,5,1,1,7,0.021324348999769427,0.017305000000000001,0.0039019999999999997,25522176,NA,NA,NA,NA,NA,NA,NA,NA,17504,6529,133,1,5e7e7625c8b52e7a71d9370c6c8ab5025ac2b81f4970efe917952ec17c538f1c,3873,0,1,0
0,5,0,0,6,0.021352165000280365,0.010328,0.010891999999999999,25247744,NA,NA,NA,NA,NA,NA,NA,NA,17504,6529,133,1,5e7e7625c8b52e7a71d9370c6c8ab5025ac2b81f4970efe917952ec17c538f1c,3845,0,1,1
0,5,1,1,6,0.024586620002082782,0.013557,0.010905999999999999,25165824,NA,NA,NA,NA,NA,NA,NA,NA,17504,6529,133,1,5e7e7625c8b52e7a71d9370c6c8ab5025ac2b81f4970efe917952ec17c538f1c,3846,0,1,0
0,5,0,0,18,0.023857300999225117,0.015685999999999999,0.0080610000000000005,26845184,NA,NA,NA,NA,NA,NA,NA,NA,94392,29499,417,8,ec97d55cded7bb1cbf8e12495905cb68073380af6a6370282abb8f233d21e857,4222,0,1,0
0,5,1,1,18,0.027413163999881363,0.019012999999999999,0.0082830000000000004,26898432,NA,NA,NA,NA,NA,NA,NA,NA,94392,29499,417,8,ec97d55cded7bb1cbf8e12495905cb68073380af6a6370282abb8f233d21e857,4232,0,1,0
0,5,0,1,19,0.024846093998348806,0.020388999999999997,0.0043509999999999998,26918912,NA,NA,NA,NA,NA,NA,NA,NA,94392,29499,417,8,ec97d55cded7bb1cbf8e12495905cb68073380af6a6370282abb8f233d21e857,4253,0,1,0
0,5,1,0,19,0.030646362996776588,0.025526999999999998,0.0049849999999999998,26812416,NA,NA,NA,NA,NA,NA,NA,NA,94392,29499,417,8,ec97d55cded7bb1cbf8e12495905cb68073380af6a6370282abb8f233d21e857,4222,0,1,0
0,5,0,1,9,0.02439377699920442,0.01538,0.0088500000000000002,26374144,NA,NA,NA,NA,NA,NA,NA,NA,20048,5066,257,64,d8d78f7bb977c6f730c6b5cdfaa88bed294d141a9777385856f783cc112e0874,3852,0,1,0
0,5,1,0,9,0.023202190001029521,0.014114999999999999,0.0089169999999999996,25419776,NA,NA,NA,NA,NA,NA,NA,NA,20048,5066,257,64,d8d78f7bb977c6f730c6b5cdfaa88bed294d141a9777385856f783cc112e0874,3841,0,1,0
0,5,0,0,23,0.041309213000204181,0.032819000000000001,0.0083680000000000004,29777920,NA,NA,NA,NA,NA,NA,NA,NA,180960,89118,2402,8,46606a158b66af8518456db0739cae64d8d2e5f9a80404e15ddbb91810d3af0d,4876,0,1,0
0,5,1,1,23,0.047040636000019731,0.041908000000000001,0.0047999999999999996,30052352,NA,NA,NA,NA,NA,NA,NA,NA,180960,89118,2402,8,46606a158b66af8518456db0739cae64d8d2e5f9a80404e15ddbb91810d3af0d,4910,0,0,1
0,6,0,0,3,0.018158512000809424,0.010794,0.0072589999999999998,24530944,NA,NA,NA,NA,NA,NA,NA,NA,2008,136,5,1,8210b4f6eac12a20575e673437437e82cfff653da437ea17992a3aed56a99207,3617,0,1,0
0,6,1,1,3,0.019118444000923773,0.011386,0.007626,24539136,NA,NA,NA,NA,NA,NA,NA,NA,2008,136,5,1,8210b4f6eac12a20575e673437437e82cfff653da437ea17992a3aed56a99207,3633,0,1,0
0,6,0,1,15,0.021037168000475504,0.016652,0.0042620000000000002,25276416,NA,NA,NA,NA,NA,NA,NA,NA,32824,35142,517,1,5a24ee2382083ee5d5eb9b364e57818da3678644deec6a705c5878fcd40e5876,3876,0,1,0
0,6,1,0,15,0.020141364002483897,0.011849999999999999,0.0081929999999999989,25669632,NA,NA,NA,NA,NA,NA,NA,NA,32824,35142,517,1,5a24ee2382083ee5d5eb9b364e57818da3678644deec6a705c5878fcd40e5876,3861,0,1,0
0,6,0,1,2,0.031713942000351381,0.029614999999999999,0.0019109999999999999,24358912,NA,NA,NA,NA,NA,NA,NA,NA,2008,136,5,1,8210b4f6eac12a20575e673437437e82cfff653da437ea17992a3aed56a99207,3637,0,1,1
0,6,1,0,2,0.029763778002234176,0.019736,0.0098770000000000004,24309760,NA,NA,NA,NA,NA,NA,NA,NA,2008,136,5,1,8210b4f6eac12a20575e673437437e82cfff653da437ea17992a3aed56a99207,3637,0,1,0
0,6,0,0,6,0.026435579999088077,0.017291000000000001,0.0090289999999999988,25198592,NA,NA,NA,NA,NA,NA,NA,NA,17504,6529,133,1,5e7e7625c8b52e7a71d9370c6c8ab5025ac2b81f4970efe917952ec17c538f1c,3849,0,1,0
0,6,1,1,6,0.023320486001466634,0.011542999999999999,0.011677999999999999,25354240,NA,NA,NA,NA,NA,NA,NA,NA,17504,6529,133,1,5e7e7625c8b52e7a71d9370c6c8ab5025ac2b81f4970efe917952ec17c538f1c,3860,0,1,0
0,6,0,1,11,0.034530426000856096,0.018435999999999998,0.015924000000000001,25456640,NA,NA,NA,NA,NA,NA,NA,NA,14928,5066,257,64,9655be68483f45304d566dfb3dc63ba1458a5653029061a6b60617464768d366,3838,0,1,0
0,6,1,0,11,0.024982931001432007,0.022303,0.0025709999999999999,25350144,NA,NA,NA,NA,NA,NA,NA,NA,14928,5066,257,64,9655be68483f45304d566dfb3dc63ba1458a5653029061a6b60617464768d366,3839,0,1,0
0,6,0,0,5,0.021625348999805283,0.017863999999999998,0.00365,25239552,NA,NA,NA,NA,NA,NA,NA,NA,25888,6529,133,1,6cbbbbf695d9298d218c01af658d12c9a04646e608628360a5a03df9e71e6d9c,3836,0,1,0
0,6,1,1,5,0.021800909999001306,0.021697999999999999,0,25522176,NA,NA,NA,NA,NA,NA,NA,NA,25888,6529,133,1,6cbbbbf695d9298d218c01af658d12c9a04646e608628360a5a03df9e71e6d9c,3851,0,1,0
0,6,0,1,9,0.024464153000735678,0.019635,0.0046860000000000001,25305088,NA,NA,NA,NA,NA,NA,NA,NA,20048,5066,257,64,d8d78f7bb977c6f730c6b5cdfaa88bed294d141a9777385856f783cc112e0874,3842,0,1,0
0,6,1,0,9,0.02517258200168726,0.018296,0.00677,25206784,NA,NA,NA,NA,NA,NA,NA,NA,20048,5066,257,64,d8d78f7bb977c6f730c6b5cdfaa88bed294d141a9777385856f783cc112e0874,3843,0,1,0
0,6,0,1,7,0.039500168000813574,0.02673,0.012664,25214976,NA,NA,NA,NA,NA,NA,NA,NA,17504,6529,133,1,5e7e7625c8b52e7a71d9370c6c8ab5025ac2b81f4970efe917952ec17c538f1c,3853,0,1,0
0,6,1,0,7,0.023829836001823423,0.016056000000000001,0.007659,25391104,NA,NA,NA,NA,NA,NA,NA,NA,17504,6529,133,1,5e7e7625c8b52e7a71d9370c6c8ab5025ac2b81f4970efe917952ec17c538f1c,3840,0,1,0
0,6,0,0,14,0.020172058000753168,0.012012,0.0080610000000000005,25587712,NA,NA,NA,NA,NA,NA,NA,NA,32824,35142,517,1,5a24ee2382083ee5d5eb9b364e57818da3678644deec6a705c5878fcd40e5876,3853,0,1,0
0,6,1,1,14,0.020340498002042295,0.016077999999999999,0.0041669999999999997,25280512,NA,NA,NA,NA,NA,NA,NA,NA,32824,35142,517,1,5a24ee2382083ee5d5eb9b364e57818da3678644deec6a705c5878fcd40e5876,3869,0,1,0
0,6,0,0,16,0.029497326999262441,0.024624,0.0044599999999999996,27181056,NA,NA,NA,NA,NA,NA,NA,NA,136888,29499,417,8,af3bdbbd0003d101664215b713d407f2160931601787a4fad2f046110caa3e72,4319,0,1,0
0,6,1,1,16,0.030468470002233516,0.030362999999999998,0,27336704,NA,NA,NA,NA,NA,NA,NA,NA,136888,29499,417,8,af3bdbbd0003d101664215b713d407f2160931601787a4fad2f046110caa3e72,4317,0,1,0
0,6,0,0,20,0.043714726998587139,0.034549999999999997,0.0090200000000000002,29704192,NA,NA,NA,NA,NA,NA,NA,NA,220064,89118,2402,8,9bed9a0bde0e198846d4983ba78bcd51e5e45d614941dd9bc544c1667832b5ea,4847,0,1,1
0,6,1,1,20,0.053743350999866379,0.045902999999999999,0.0077299999999999999,29753344,NA,NA,NA,NA,NA,NA,NA,NA,220064,89118,2402,8,9bed9a0bde0e198846d4983ba78bcd51e5e45d614941dd9bc544c1667832b5ea,4861,0,1,0
0,6,0,1,12,0.021911514999374049,0.012839,0.0089479999999999994,25575424,NA,NA,NA,NA,NA,NA,NA,NA,40904,35142,517,1,5c836afd34e5659fc140fff27358a40506e741bf81aa02c58678151e3747eac9,3914,0,1,0
0,6,1,0,12,0.021413689999462804,0.010739,0.010581999999999999,25538560,NA,NA,NA,NA,NA,NA,NA,NA,40904,35142,517,1,5c836afd34e5659fc140fff27358a40506e741bf81aa02c58678151e3747eac9,3903,0,1,0
0,6,0,1,21,0.036089907000132371,0.028208,0.0077749999999999998,29851648,NA,NA,NA,NA,NA,NA,NA,NA,277920,89118,2402,8,089ec4ce05f5e4d43e3e352375117ee462b31249b272f87015d01ad0429bd7f9,4913,0,1,0
0,6,1,0,21,0.036098273001698544,0.027376999999999999,0.0086230000000000005,29696000,NA,NA,NA,NA,NA,NA,NA,NA,277920,89118,2402,8,089ec4ce05f5e4d43e3e352375117ee462b31249b272f87015d01ad0429bd7f9,4903,0,1,0
0,6,0,1,22,0.038061560997448396,0.029346999999999998,0.0085929999999999999,29130752,NA,NA,NA,NA,NA,NA,NA,NA,180960,89118,2402,8,46606a158b66af8518456db0739cae64d8d2e5f9a80404e15ddbb91810d3af0d,4825,0,1,1
0,6,1,0,22,0.044593700000405079,0.037108999999999996,0.0073839999999999999,29425664,NA,NA,NA,NA,NA,NA,NA,NA,180960,89118,2402,8,46606a158b66af8518456db0739cae64d8d2e5f9a80404e15ddbb91810d3af0d,4829,0,1,0
0,6,0,0,8,0.020163213997875573,0.020055,0,25821184,NA,NA,NA,NA,NA,NA,NA,NA,13904,5066,257,64,f70f03940df99c8ce0b0b02082129e05360030bd32e6edc5877c0f69a31bb0a4,3908,0,1,0
0,6,1,1,8,0.020860286000242922,0.016444,0.0041489999999999999,25464832,NA,NA,NA,NA,NA,NA,NA,NA,13904,5066,257,64,f70f03940df99c8ce0b0b02082129e05360030bd32e6edc5877c0f69a31bb0a4,3901,0,1,0
0,6,0,0,18,0.023321272001339821,0.014121999999999999,0.0070459999999999993,27222016,NA,NA,NA,NA,NA,NA,NA,NA,94392,29499,417,8,ec97d55cded7bb1cbf8e12495905cb68073380af6a6370282abb8f233d21e857,4219,0,0,1
0,6,1,1,18,0.025976402997912373,0.014756999999999999,0.010990999999999999,26714112,NA,NA,NA,NA,NA,NA,NA,NA,94392,29499,417,8,ec97d55cded7bb1cbf8e12495905cb68073380af6a6370282abb8f233d21e857,4235,0,1,0
0,6,0,0,19,0.023643412001547404,0.015567999999999999,0.0079509999999999997,27013120,NA,NA,NA,NA,NA,NA,NA,NA,94392,29499,417,8,ec97d55cded7bb1cbf8e12495905cb68073380af6a6370282abb8f233d21e857,4220,0,1,0
0,6,1,1,19,0.026037997999083018,0.016933999999999998,0.0089889999999999987,26976256,NA,NA,NA,NA,NA,NA,NA,NA,94392,29499,417,8,ec97d55cded7bb1cbf8e12495905cb68073380af6a6370282abb8f233d21e857,4255,0,1,0
0,6,0,0,0,0.027121098999487003,0.023004,0.0039379999999999997,24768512,NA,NA,NA,NA,NA,NA,NA,NA,2008,136,5,1,a8c1633e798ef980493443e67e6fdb6eada42f775edf7051d304d09c3ddadf5a,3661,0,1,1
0,6,1,1,0,0.022655458000372164,0.022520999999999999,0,24698880,NA,NA,NA,NA,NA,NA,NA,NA,2008,136,5,1,a8c1633e798ef980493443e67e6fdb6eada42f775edf7051d304d09c3ddadf5a,3673,0,1,1
0,6,0,0,23,0.042202176999126095,0.035186999999999996,0.0068889999999999993,29958144,NA,NA,NA,NA,NA,NA,NA,NA,180960,89118,2402,8,46606a158b66af8518456db0739cae64d8d2e5f9a80404e15ddbb91810d3af0d,4873,0,1,0
0,6,1,1,23,0.039680803998635383,0.023562,0.015975,30728192,NA,NA,NA,NA,NA,NA,NA,NA,180960,89118,2402,8,46606a158b66af8518456db0739cae64d8d2e5f9a80404e15ddbb91810d3af0d,4903,0,1,0
0,6,0,1,10,0.024400186001003021,0.021360999999999998,0.002898,26361856,NA,NA,NA,NA,NA,NA,NA,NA,14928,5066,257,64,9655be68483f45304d566dfb3dc63ba1458a5653029061a6b60617464768d366,3854,0,1,0
0,6,1,0,10,0.019395232000533724,0.0077779999999999993,0.011481999999999999,25296896,NA,NA,NA,NA,NA,NA,NA,NA,14928,5066,257,64,9655be68483f45304d566dfb3dc63ba1458a5653029061a6b60617464768d366,3824,0,1,1
0,6,0,0,13,0.021107533000758849,0.016799999999999999,0.0040860000000000002,25489408,NA,NA,NA,NA,NA,NA,NA,NA,41016,35142,517,1,662bf8c3f785828e59b2e955c5f9255272bd2640c5dd7e9c2804e24f24350bdf,3880,0,1,0
0,6,1,1,13,0.026412521001475397,0.01487,0.011393,25530368,NA,NA,NA,NA,NA,NA,NA,NA,41016,35142,517,1,662bf8c3f785828e59b2e955c5f9255272bd2640c5dd7e9c2804e24f24350bdf,3877,0,1,0
0,6,0,0,4,0.031915777999529382,0.016225,0.015486999999999999,25346048,NA,NA,NA,NA,NA,NA,NA,NA,22160,6529,133,1,3ac5102c6f2bc513eb86f2343729d5f51295afd9e738a690903fa32334fb4c28,3850,0,1,1
0,6,1,1,4,0.035524803002772387,0.016012999999999999,0.019288,25284608,NA,NA,NA,NA,NA,NA,NA,NA,22160,6529,133,1,3ac5102c6f2bc513eb86f2343729d5f51295afd9e738a690903fa32334fb4c28,3861,0,1,0
0,6,0,0,17,0.028433493000193266,0.024274,0.0040289999999999996,26984448,NA,NA,NA,NA,NA,NA,NA,NA,127800,29499,417,8,cf7b13a857f01f4a14779c4cf8ec5e795ca6dd011a53f4345643bcaf3709f18a,4230,0,1,0
0,6,1,1,17,0.027076330999989295,0.019376999999999998,0.0075429999999999994,27000832,NA,NA,NA,NA,NA,NA,NA,NA,127800,29499,417,8,cf7b13a857f01f4a14779c4cf8ec5e795ca6dd011a53f4345643bcaf3709f18a,4243,0,1,0
0,6,0,1,1,0.019918744001188315,0.009755999999999999,0.009972,24391680,NA,NA,NA,NA,NA,NA,NA,NA,2056,136,5,1,6b21b079ef6f8f7f055926600e53b906dd7be041e021dd2791b7aa8c55e24585,3633,0,1,1
0,6,1,0,1,0.023897221999504836,0.023719,0,24457216,NA,NA,NA,NA,NA,NA,NA,NA,2056,136,5,1,6b21b079ef6f8f7f055926600e53b906dd7be041e021dd2791b7aa8c55e24585,3631,0,1,0
0,7,0,1,8,0.023621128999366192,0.01196,0.0077929999999999996,25403392,NA,NA,NA,NA,NA,NA,NA,NA,13904,5066,257,64,f70f03940df99c8ce0b0b02082129e05360030bd32e6edc5877c0f69a31bb0a4,3904,0,0,0
0,7,1,0,8,0.021320929998182692,0.017117999999999998,0.0040559999999999997,25452544,NA,NA,NA,NA,NA,NA,NA,NA,13904,5066,257,64,f70f03940df99c8ce0b0b02082129e05360030bd32e6edc5877c0f69a31bb0a4,3908,0,1,0
0,7,0,0,12,0.022205337998457253,0.022113000000000001,0,25423872,NA,NA,NA,NA,NA,NA,NA,NA,40904,35142,517,1,5c836afd34e5659fc140fff27358a40506e741bf81aa02c58678151e3747eac9,3902,0,1,0
0,7,1,1,12,0.024363385000469862,0.01555,0.0086879999999999995,25280512,NA,NA,NA,NA,NA,NA,NA,NA,40904,35142,517,1,5c836afd34e5659fc140fff27358a40506e741bf81aa02c58678151e3747eac9,3909,0,1,1
0,7,0,1,17,0.026943135002511553,0.011089,0.015733,27058176,NA,NA,NA,NA,NA,NA,NA,NA,127800,29499,417,8,cf7b13a857f01f4a14779c4cf8ec5e795ca6dd011a53f4345643bcaf3709f18a,4244,0,1,1
0,7,1,0,17,0.033502729998872383,0.027932999999999999,0.0053899999999999998,26976256,NA,NA,NA,NA,NA,NA,NA,NA,127800,29499,417,8,cf7b13a857f01f4a14779c4cf8ec5e795ca6dd011a53f4345643bcaf3709f18a,4231,0,1,0
0,7,0,1,3,0.018729531002463773,0.014879999999999999,0.0037579999999999996,24358912,NA,NA,NA,NA,NA,NA,NA,NA,2008,136,5,1,8210b4f6eac12a20575e673437437e82cfff653da437ea17992a3aed56a99207,3650,0,1,0
0,7,1,0,3,0.018690307999349898,0.018574999999999998,0,24469504,NA,NA,NA,NA,NA,NA,NA,NA,2008,136,5,1,8210b4f6eac12a20575e673437437e82cfff653da437ea17992a3aed56a99207,3633,0,1,1
0,7,0,1,6,0.019695250000950182,0.015599,0.0039899999999999996,25395200,NA,NA,NA,NA,NA,NA,NA,NA,17504,6529,133,1,5e7e7625c8b52e7a71d9370c6c8ab5025ac2b81f4970efe917952ec17c538f1c,3844,0,1,0
0,7,1,0,6,0.018403791000309866,0.018282,0,25161728,NA,NA,NA,NA,NA,NA,NA,NA,17504,6529,133,1,5e7e7625c8b52e7a71d9370c6c8ab5025ac2b81f4970efe917952ec17c538f1c,3830,0,1,0
0,7,0,0,22,0.035415556998486863,0.027351,0.0079229999999999995,29261824,NA,NA,NA,NA,NA,NA,NA,NA,180960,89118,2402,8,46606a158b66af8518456db0739cae64d8d2e5f9a80404e15ddbb91810d3af0d,4828,0,1,1
0,7,1,1,22,0.034614688000146998,0.025690999999999999,0.008796,29442048,NA,NA,NA,NA,NA,NA,NA,NA,180960,89118,2402,8,46606a158b66af8518456db0739cae64d8d2e5f9a80404e15ddbb91810d3af0d,4822,0,1,1
0,7,0,1,18,0.025677596997411456,0.021065999999999998,0.0044979999999999994,27041792,NA,NA,NA,NA,NA,NA,NA,NA,94392,29499,417,8,ec97d55cded7bb1cbf8e12495905cb68073380af6a6370282abb8f233d21e857,4235,0,1,1
0,7,1,0,18,0.026351639000495197,0.014034,0.012206,27041792,NA,NA,NA,NA,NA,NA,NA,NA,94392,29499,417,8,ec97d55cded7bb1cbf8e12495905cb68073380af6a6370282abb8f233d21e857,4218,0,1,0
0,7,0,0,10,0.021257789998344379,0.013124,0.0080289999999999997,25440256,NA,NA,NA,NA,NA,NA,NA,NA,14928,5066,257,64,9655be68483f45304d566dfb3dc63ba1458a5653029061a6b60617464768d366,3825,0,1,0
0,7,1,1,10,0.019810890000371728,0.011474,0.0081829999999999993,25419776,NA,NA,NA,NA,NA,NA,NA,NA,14928,5066,257,64,9655be68483f45304d566dfb3dc63ba1458a5653029061a6b60617464768d366,3853,0,1,1
0,7,0,0,9,0.022849572000268381,0.014362,0.0082129999999999998,25190400,NA,NA,NA,NA,NA,NA,NA,NA,20048,5066,257,64,d8d78f7bb977c6f730c6b5cdfaa88bed294d141a9777385856f783cc112e0874,3823,0,1,1
0,7,1,1,9,0.019437833998381393,0.011526,0.0076790000000000001,26251264,NA,NA,NA,NA,NA,NA,NA,NA,20048,5066,257,64,d8d78f7bb977c6f730c6b5cdfaa88bed294d141a9777385856f783cc112e0874,3851,0,1,1
0,7,0,0,15,0.021124180002516368,0.0084329999999999995,0.012588999999999999,25448448,NA,NA,NA,NA,NA,NA,NA,NA,32824,35142,517,1,5a24ee2382083ee5d5eb9b364e57818da3678644deec6a705c5878fcd40e5876,3880,0,1,0
0,7,1,1,15,0.019391121997614391,0.019266999999999999,0,26296320,NA,NA,NA,NA,NA,NA,NA,NA,32824,35142,517,1,5a24ee2382083ee5d5eb9b364e57818da3678644deec6a705c5878fcd40e5876,3892,0,1,0
0,7,0,0,11,0.01850807899973006,0.010860999999999999,0.0075009999999999999,25313280,NA,NA,NA,NA,NA,NA,NA,NA,14928,5066,257,64,9655be68483f45304d566dfb3dc63ba1458a5653029061a6b60617464768d366,3822,0,1,0
0,7,1,1,11,0.017832481000368716,0.017703999999999998,0,26411008,NA,NA,NA,NA,NA,NA,NA,NA,14928,5066,257,64,9655be68483f45304d566dfb3dc63ba1458a5653029061a6b60617464768d366,3853,0,1,1
0,7,0,1,14,0.020942301998729818,0.013684999999999999,0.0071579999999999994,25792512,NA,NA,NA,NA,NA,NA,NA,NA,32824,35142,517,1,5a24ee2382083ee5d5eb9b364e57818da3678644deec6a705c5878fcd40e5876,3870,0,1,1
0,7,1,0,14,0.019626739001978422,0.015358,0.0041259999999999995,25473024,NA,NA,NA,NA,NA,NA,NA,NA,32824,35142,517,1,5a24ee2382083ee5d5eb9b364e57818da3678644deec6a705c5878fcd40e5876,3853,0,1,0
0,7,0,1,20,0.043658724000124494,0.02767,0.015869999999999999,30580736,NA,NA,NA,NA,NA,NA,NA,NA,220064,89118,2402,8,9bed9a0bde0e198846d4983ba78bcd51e5e45d614941dd9bc544c1667832b5ea,4870,0,1,0
0,7,1,0,20,0.058540972000628244,0.042270999999999996,0.016188000000000001,29822976,NA,NA,NA,NA,NA,NA,NA,NA,220064,89118,2402,8,9bed9a0bde0e198846d4983ba78bcd51e5e45d614941dd9bc544c1667832b5ea,4859,0,0,0
0,7,0,1,4,0.024066371999651892,0.019873999999999999,0.0040629999999999998,25387008,NA,NA,NA,NA,NA,NA,NA,NA,22160,6529,133,1,3ac5102c6f2bc513eb86f2343729d5f51295afd9e738a690903fa32334fb4c28,3860,0,1,0
0,7,1,0,4,0.022141859000839759,0.017586000000000001,0.004463,25370624,NA,NA,NA,NA,NA,NA,NA,NA,22160,6529,133,1,3ac5102c6f2bc513eb86f2343729d5f51295afd9e738a690903fa32334fb4c28,3851,0,0,0
0,7,0,1,5,0.022130476998427184,0.0090189999999999992,0.012973999999999999,25288704,NA,NA,NA,NA,NA,NA,NA,NA,25888,6529,133,1,6cbbbbf695d9298d218c01af658d12c9a04646e608628360a5a03df9e71e6d9c,3849,0,1,1
0,7,1,0,5,0.020600795000063954,0.0080870000000000004,0.012409,25493504,NA,NA,NA,NA,NA,NA,NA,NA,25888,6529,133,1,6cbbbbf695d9298d218c01af658d12c9a04646e608628360a5a03df9e71e6d9c,3851,0,1,0
0,7,0,1,0,0.022431335000874242,0.022315999999999999,0,24715264,NA,NA,NA,NA,NA,NA,NA,NA,2008,136,5,1,a8c1633e798ef980493443e67e6fdb6eada42f775edf7051d304d09c3ddadf5a,3658,0,1,0
0,7,1,0,0,0.018714644000283442,0.0072870000000000001,0.011179999999999999,24793088,NA,NA,NA,NA,NA,NA,NA,NA,2008,136,5,1,a8c1633e798ef980493443e67e6fdb6eada42f775edf7051d304d09c3ddadf5a,3661,0,1,0
0,7,0,1,19,0.02578962899860926,0.021318,0.0043499999999999997,27099136,NA,NA,NA,NA,NA,NA,NA,NA,94392,29499,417,8,ec97d55cded7bb1cbf8e12495905cb68073380af6a6370282abb8f233d21e857,4254,0,1,0
0,7,1,0,19,0.030699166996782878,0.024357999999999998,0.0062369999999999995,27049984,NA,NA,NA,NA,NA,NA,NA,NA,94392,29499,417,8,ec97d55cded7bb1cbf8e12495905cb68073380af6a6370282abb8f233d21e857,4240,0,1,0
0,7,0,0,1,0.023804033997294027,0.014072999999999999,0.0090569999999999991,24719360,NA,NA,NA,NA,NA,NA,NA,NA,2056,136,5,1,6b21b079ef6f8f7f055926600e53b906dd7be041e021dd2791b7aa8c55e24585,3633,0,1,0
0,7,1,1,1,0.022034893001546152,0.0079059999999999998,0.013583999999999999,24260608,NA,NA,NA,NA,NA,NA,NA,NA,2056,136,5,1,6b21b079ef6f8f7f055926600e53b906dd7be041e021dd2791b7aa8c55e24585,3646,0,1,0
0,7,0,1,13,0.033402288998331642,0.019129999999999998,0.013908,25505792,NA,NA,NA,NA,NA,NA,NA,NA,41016,35142,517,1,662bf8c3f785828e59b2e955c5f9255272bd2640c5dd7e9c2804e24f24350bdf,3898,0,1,1
0,7,1,0,13,0.023921830998006044,0.0085199999999999998,0.015257,25448448,NA,NA,NA,NA,NA,NA,NA,NA,41016,35142,517,1,662bf8c3f785828e59b2e955c5f9255272bd2640c5dd7e9c2804e24f24350bdf,3883,0,1,0
0,7,0,1,23,0.037808904999110382,0.023047999999999999,0.014638999999999999,29700096,NA,NA,NA,NA,NA,NA,NA,NA,180960,89118,2402,8,46606a158b66af8518456db0739cae64d8d2e5f9a80404e15ddbb91810d3af0d,4890,0,1,1
0,7,1,0,23,0.043930152998655103,0.032146000000000001,0.011691,29855744,NA,NA,NA,NA,NA,NA,NA,NA,180960,89118,2402,8,46606a158b66af8518456db0739cae64d8d2e5f9a80404e15ddbb91810d3af0d,4875,0,1,0
0,7,0,0,7,0.021182822001719614,0.01074,0.010300999999999999,25350144,NA,NA,NA,NA,NA,NA,NA,NA,17504,6529,133,1,5e7e7625c8b52e7a71d9370c6c8ab5025ac2b81f4970efe917952ec17c538f1c,3842,0,1,1
0,7,1,1,7,0.020015238002088154,0.019910999999999998,0,25575424,NA,NA,NA,NA,NA,NA,NA,NA,17504,6529,133,1,5e7e7625c8b52e7a71d9370c6c8ab5025ac2b81f4970efe917952ec17c538f1c,3857,0,1,1
0,7,0,0,2,0.019468700000288663,0.0077339999999999996,0.011635999999999999,24412160,NA,NA,NA,NA,NA,NA,NA,NA,2008,136,5,1,8210b4f6eac12a20575e673437437e82cfff653da437ea17992a3aed56a99207,3634,0,1,0
0,7,1,1,2,0.02111420400251518,0.016434000000000001,0.0045820000000000001,24453120,NA,NA,NA,NA,NA,NA,NA,NA,2008,136,5,1,8210b4f6eac12a20575e673437437e82cfff653da437ea17992a3aed56a99207,3648,0,1,0
0,7,0,1,16,0.030882221999490866,0.023016999999999999,0.0077719999999999994,27041792,NA,NA,NA,NA,NA,NA,NA,NA,136888,29499,417,8,af3bdbbd0003d101664215b713d407f2160931601787a4fad2f046110caa3e72,4315,0,1,0
0,7,1,0,16,0.026492708999285242,0.018862999999999998,0.0075179999999999995,27238400,NA,NA,NA,NA,NA,NA,NA,NA,136888,29499,417,8,af3bdbbd0003d101664215b713d407f2160931601787a4fad2f046110caa3e72,4319,0,1,0
0,7,0,0,21,0.034857626000302844,0.030211999999999999,0.0044949999999999999,29638656,NA,NA,NA,NA,NA,NA,NA,NA,277920,89118,2402,8,089ec4ce05f5e4d43e3e352375117ee462b31249b272f87015d01ad0429bd7f9,4888,0,1,0
0,7,1,1,21,0.036178991002088878,0.024344999999999999,0.011694999999999999,29851648,NA,NA,NA,NA,NA,NA,NA,NA,277920,89118,2402,8,089ec4ce05f5e4d43e3e352375117ee462b31249b272f87015d01ad0429bd7f9,4900,0,1,0
1,0,0,0,19,0.023187484999652952,0.011616999999999999,0.011457999999999999,27049984,NA,NA,NA,NA,NA,NA,NA,NA,94392,29499,417,8,ec97d55cded7bb1cbf8e12495905cb68073380af6a6370282abb8f233d21e857,4220,0,1,1
1,0,1,1,19,0.024518088001059368,0.024392999999999998,0,27086848,NA,NA,NA,NA,NA,NA,NA,NA,94392,29499,417,8,ec97d55cded7bb1cbf8e12495905cb68073380af6a6370282abb8f233d21e857,4237,0,1,1
1,0,0,0,16,0.027084418001322774,0.017878999999999999,0.0090749999999999997,27578368,NA,NA,NA,NA,NA,NA,NA,NA,136888,29499,417,8,af3bdbbd0003d101664215b713d407f2160931601787a4fad2f046110caa3e72,4305,0,1,1
1,0,1,1,16,0.030453553001279943,0.026261,0.0040790000000000002,27443200,NA,NA,NA,NA,NA,NA,NA,NA,136888,29499,417,8,af3bdbbd0003d101664215b713d407f2160931601787a4fad2f046110caa3e72,4334,0,1,0
1,0,0,1,7,0.018800279998686165,0.018692999999999998,0,26222592,NA,NA,NA,NA,NA,NA,NA,NA,17504,6529,133,1,5e7e7625c8b52e7a71d9370c6c8ab5025ac2b81f4970efe917952ec17c538f1c,3865,0,1,0
1,0,1,0,7,0.020908107999275671,0.008650999999999999,0.012135999999999999,25198592,NA,NA,NA,NA,NA,NA,NA,NA,17504,6529,133,1,5e7e7625c8b52e7a71d9370c6c8ab5025ac2b81f4970efe917952ec17c538f1c,3852,0,1,1
1,0,0,0,2,0.021762740998383379,0.011673999999999999,0.0099389999999999999,24797184,NA,NA,NA,NA,NA,NA,NA,NA,2008,136,5,1,8210b4f6eac12a20575e673437437e82cfff653da437ea17992a3aed56a99207,3618,0,1,0
1,0,1,1,2,0.021233700997981941,0.0067269999999999995,0.014404999999999999,24432640,NA,NA,NA,NA,NA,NA,NA,NA,2008,136,5,1,8210b4f6eac12a20575e673437437e82cfff653da437ea17992a3aed56a99207,3635,0,1,0
1,0,0,0,0,0.018715679001616081,0.014086999999999999,0.004509,24338432,NA,NA,NA,NA,NA,NA,NA,NA,2008,136,5,1,a8c1633e798ef980493443e67e6fdb6eada42f775edf7051d304d09c3ddadf5a,3647,0,1,0
1,0,1,1,0,0.020279942000342999,0.012031999999999999,0.0081440000000000002,24625152,NA,NA,NA,NA,NA,NA,NA,NA,2008,136,5,1,a8c1633e798ef980493443e67e6fdb6eada42f775edf7051d304d09c3ddadf5a,3658,0,1,0
1,0,0,0,9,0.021613176999380812,0.014017,0.0074679999999999998,25116672,NA,NA,NA,NA,NA,NA,NA,NA,20048,5066,257,64,d8d78f7bb977c6f730c6b5cdfaa88bed294d141a9777385856f783cc112e0874,3826,0,1,1
1,0,1,1,9,0.020231189999321941,0.020133999999999999,0,25456640,NA,NA,NA,NA,NA,NA,NA,NA,20048,5066,257,64,d8d78f7bb977c6f730c6b5cdfaa88bed294d141a9777385856f783cc112e0874,3839,0,1,0
1,0,0,1,10,0.019885384001099737,0.019571999999999999,0,25645056,NA,NA,NA,NA,NA,NA,NA,NA,14928,5066,257,64,9655be68483f45304d566dfb3dc63ba1458a5653029061a6b60617464768d366,3855,0,1,0
1,0,1,0,10,0.018129282001609681,0.0071890000000000001,0.010836999999999999,25436160,NA,NA,NA,NA,NA,NA,NA,NA,14928,5066,257,64,9655be68483f45304d566dfb3dc63ba1458a5653029061a6b60617464768d366,3822,0,1,0
1,0,0,0,3,0.018081857000652235,0.017950000000000001,0,24473600,NA,NA,NA,NA,NA,NA,NA,NA,2008,136,5,1,8210b4f6eac12a20575e673437437e82cfff653da437ea17992a3aed56a99207,3631,0,1,0
1,0,1,1,3,0.018588445000204956,0.010917,0.0075699999999999995,24440832,NA,NA,NA,NA,NA,NA,NA,NA,2008,136,5,1,8210b4f6eac12a20575e673437437e82cfff653da437ea17992a3aed56a99207,3649,0,1,1
1,0,0,0,8,0.024748808998992899,0.012964999999999999,0.011686999999999999,25849856,NA,NA,NA,NA,NA,NA,NA,NA,13904,5066,257,64,f70f03940df99c8ce0b0b02082129e05360030bd32e6edc5877c0f69a31bb0a4,3907,0,1,0
1,0,1,1,8,0.026116545002878411,0.013757999999999999,0.012227999999999999,25460736,NA,NA,NA,NA,NA,NA,NA,NA,13904,5066,257,64,f70f03940df99c8ce0b0b02082129e05360030bd32e6edc5877c0f69a31bb0a4,3903,0,1,0
1,0,0,1,22,0.034553085999505129,0.025902999999999999,0.0085439999999999995,29753344,NA,NA,NA,NA,NA,NA,NA,NA,180960,89118,2402,8,46606a158b66af8518456db0739cae64d8d2e5f9a80404e15ddbb91810d3af0d,4830,0,1,0
1,0,1,0,22,0.035822199999529403,0.027535,0.0081419999999999999,29261824,NA,NA,NA,NA,NA,NA,NA,NA,180960,89118,2402,8,46606a158b66af8518456db0739cae64d8d2e5f9a80404e15ddbb91810d3af0d,4827,0,1,0
1,0,0,0,21,0.034910518999822671,0.019861,0.014936999999999999,29736960,NA,NA,NA,NA,NA,NA,NA,NA,277920,89118,2402,8,089ec4ce05f5e4d43e3e352375117ee462b31249b272f87015d01ad0429bd7f9,4900,0,1,0
1,0,1,1,21,0.039993532998778392,0.032854000000000001,0.0070359999999999997,29523968,NA,NA,NA,NA,NA,NA,NA,NA,277920,89118,2402,8,089ec4ce05f5e4d43e3e352375117ee462b31249b272f87015d01ad0429bd7f9,4917,0,1,0
1,0,0,1,12,0.022979967998253414,0.022859999999999998,0,25595904,NA,NA,NA,NA,NA,NA,NA,NA,40904,35142,517,1,5c836afd34e5659fc140fff27358a40506e741bf81aa02c58678151e3747eac9,3932,0,1,0
1,0,1,0,12,0.023744653997709975,0.0079220000000000002,0.015681,25493504,NA,NA,NA,NA,NA,NA,NA,NA,40904,35142,517,1,5c836afd34e5659fc140fff27358a40506e741bf81aa02c58678151e3747eac9,3899,0,1,0
1,0,0,1,14,0.025329569998575607,0.017343999999999998,0.0078519999999999996,25575424,NA,NA,NA,NA,NA,NA,NA,NA,32824,35142,517,1,5a24ee2382083ee5d5eb9b364e57818da3678644deec6a705c5878fcd40e5876,3870,0,1,1
1,0,1,0,14,0.023926043999381363,0.019674000000000001,0.0041570000000000001,25530368,NA,NA,NA,NA,NA,NA,NA,NA,32824,35142,517,1,5a24ee2382083ee5d5eb9b364e57818da3678644deec6a705c5878fcd40e5876,3872,0,1,0
1,0,0,1,17,0.031754216000990709,0.023314999999999999,0.0083260000000000001,27205632,NA,NA,NA,NA,NA,NA,NA,NA,127800,29499,417,8,cf7b13a857f01f4a14779c4cf8ec5e795ca6dd011a53f4345643bcaf3709f18a,4247,0,1,0
1,0,1,0,17,0.032013123000069754,0.018530999999999999,0.013342999999999999,26845184,NA,NA,NA,NA,NA,NA,NA,NA,127800,29499,417,8,cf7b13a857f01f4a14779c4cf8ec5e795ca6dd011a53f4345643bcaf3709f18a,4246,0,1,0
1,0,0,0,18,0.024539115001971368,0.02444,0,27025408,NA,NA,NA,NA,NA,NA,NA,NA,94392,29499,417,8,ec97d55cded7bb1cbf8e12495905cb68073380af6a6370282abb8f233d21e857,4218,0,1,0
1,0,1,1,18,0.027550722999876598,0.015096,0.012326,27041792,NA,NA,NA,NA,NA,NA,NA,NA,94392,29499,417,8,ec97d55cded7bb1cbf8e12495905cb68073380af6a6370282abb8f233d21e857,4235,0,1,0
1,0,0,0,20,0.046737874999962514,0.038467999999999995,0.0081700000000000002,29798400,NA,NA,NA,NA,NA,NA,NA,NA,220064,89118,2402,8,9bed9a0bde0e198846d4983ba78bcd51e5e45d614941dd9bc544c1667832b5ea,4847,0,1,0
1,0,1,1,20,0.043508963997737737,0.038967999999999996,0.0043879999999999995,29499392,NA,NA,NA,NA,NA,NA,NA,NA,220064,89118,2402,8,9bed9a0bde0e198846d4983ba78bcd51e5e45d614941dd9bc544c1667832b5ea,4873,0,1,1
1,0,0,1,1,0.022758630999305751,0.013170999999999999,0.0094889999999999992,24391680,NA,NA,NA,NA,NA,NA,NA,NA,2056,136,5,1,6b21b079ef6f8f7f055926600e53b906dd7be041e021dd2791b7aa8c55e24585,3647,0,1,0
1,0,1,0,1,0.020112496000365354,0.0079249999999999998,0.012088,24358912,NA,NA,NA,NA,NA,NA,NA,NA,2056,136,5,1,6b21b079ef6f8f7f055926600e53b906dd7be041e021dd2791b7aa8c55e24585,3634,0,1,0
1,0,0,0,4,0.022078906000388088,0.013262999999999999,0.0087019999999999997,25362432,NA,NA,NA,NA,NA,NA,NA,NA,22160,6529,133,1,3ac5102c6f2bc513eb86f2343729d5f51295afd9e738a690903fa32334fb4c28,3847,0,1,0
1,0,1,1,4,0.020959784000297077,0.012411999999999999,0.0084419999999999999,25411584,NA,NA,NA,NA,NA,NA,NA,NA,22160,6529,133,1,3ac5102c6f2bc513eb86f2343729d5f51295afd9e738a690903fa32334fb4c28,3862,0,1,0
1,0,0,1,11,0.019130896002025111,0.014256,0.0047460000000000002,25444352,NA,NA,NA,NA,NA,NA,NA,NA,14928,5066,257,64,9655be68483f45304d566dfb3dc63ba1458a5653029061a6b60617464768d366,3837,0,1,1
1,0,1,0,11,0.019877083002938889,0.019771,0,25214976,NA,NA,NA,NA,NA,NA,NA,NA,14928,5066,257,64,9655be68483f45304d566dfb3dc63ba1458a5653029061a6b60617464768d366,3841,0,1,1
1,0,0,1,5,0.019617312002083054,0.016014,0.0034719999999999998,25116672,NA,NA,NA,NA,NA,NA,NA,NA,25888,6529,133,1,6cbbbbf695d9298d218c01af658d12c9a04646e608628360a5a03df9e71e6d9c,3846,0,1,1
1,0,1,0,5,0.017808812997827772,0.014150999999999999,0.0035479999999999999,25325568,NA,NA,NA,NA,NA,NA,NA,NA,25888,6529,133,1,6cbbbbf695d9298d218c01af658d12c9a04646e608628360a5a03df9e71e6d9c,3837,0,1,1
1,0,0,1,23,0.037366151002061088,0.037241999999999997,0,29773824,NA,NA,NA,NA,NA,NA,NA,NA,180960,89118,2402,8,46606a158b66af8518456db0739cae64d8d2e5f9a80404e15ddbb91810d3af0d,4903,0,1,1
1,0,1,0,23,0.036646888998802751,0.024603,0.011897,29802496,NA,NA,NA,NA,NA,NA,NA,NA,180960,89118,2402,8,46606a158b66af8518456db0739cae64d8d2e5f9a80404e15ddbb91810d3af0d,4877,0,1,1
1,0,0,0,6,0.022363538999343291,0.010428,0.011833999999999999,25411584,NA,NA,NA,NA,NA,NA,NA,NA,17504,6529,133,1,5e7e7625c8b52e7a71d9370c6c8ab5025ac2b81f4970efe917952ec17c538f1c,3845,0,1,0
1,0,1,1,6,0.021794000000227243,0.013323,0.008317999999999999,25538560,NA,NA,NA,NA,NA,NA,NA,NA,17504,6529,133,1,5e7e7625c8b52e7a71d9370c6c8ab5025ac2b81f4970efe917952ec17c538f1c,3850,0,1,1
1,0,0,1,15,0.019357601999217877,0.015422,0.0038109999999999997,25681920,NA,NA,NA,NA,NA,NA,NA,NA,32824,35142,517,1,5a24ee2382083ee5d5eb9b364e57818da3678644deec6a705c5878fcd40e5876,3877,0,1,1
1,0,1,0,15,0.025763439000002109,0.016021000000000001,0.0096319999999999999,25456640,NA,NA,NA,NA,NA,NA,NA,NA,32824,35142,517,1,5a24ee2382083ee5d5eb9b364e57818da3678644deec6a705c5878fcd40e5876,3882,0,1,1
1,0,0,1,13,0.020902811000269139,0.0085900000000000004,0.012211999999999999,25145344,NA,NA,NA,NA,NA,NA,NA,NA,41016,35142,517,1,662bf8c3f785828e59b2e955c5f9255272bd2640c5dd7e9c2804e24f24350bdf,3896,0,1,0
1,0,1,0,13,0.019563478999771178,0.011691999999999999,0.0077649999999999993,25718784,NA,NA,NA,NA,NA,NA,NA,NA,41016,35142,517,1,662bf8c3f785828e59b2e955c5f9255272bd2640c5dd7e9c2804e24f24350bdf,3862,0,1,0
1,1,0,1,6,0.022029056002793368,0.013687999999999999,0.0082179999999999996,25501696,NA,NA,NA,NA,NA,NA,NA,NA,17504,6529,133,1,5e7e7625c8b52e7a71d9370c6c8ab5025ac2b81f4970efe917952ec17c538f1c,3859,0,1,0
1,1,1,0,6,0.023089448000973789,0.019018999999999998,0.0039239999999999995,25272320,NA,NA,NA,NA,NA,NA,NA,NA,17504,6529,133,1,5e7e7625c8b52e7a71d9370c6c8ab5025ac2b81f4970efe917952ec17c538f1c,3845,0,1,0
1,1,0,0,15,0.024174350000976119,0.016542999999999999,0.0074069999999999995,25669632,NA,NA,NA,NA,NA,NA,NA,NA,32824,35142,517,1,5a24ee2382083ee5d5eb9b364e57818da3678644deec6a705c5878fcd40e5876,3861,0,1,0
1,1,1,1,15,0.019451385000138544,0.015488999999999999,0.0038469999999999997,25681920,NA,NA,NA,NA,NA,NA,NA,NA,32824,35142,517,1,5a24ee2382083ee5d5eb9b364e57818da3678644deec6a705c5878fcd40e5876,3880,0,1,0
1,1,0,0,14,0.01963928700206452,0.011873999999999999,0.0076679999999999995,25587712,NA,NA,NA,NA,NA,NA,NA,NA,32824,35142,517,1,5a24ee2382083ee5d5eb9b364e57818da3678644deec6a705c5878fcd40e5876,3870,0,1,0
1,1,1,1,14,0.021697947999200551,0.014664,0.0065439999999999995,25640960,NA,NA,NA,NA,NA,NA,NA,NA,32824,35142,517,1,5a24ee2382083ee5d5eb9b364e57818da3678644deec6a705c5878fcd40e5876,3874,0,1,2
1,1,0,1,8,0.02400636699894676,0.020329999999999997,0.003565,25649152,NA,NA,NA,NA,NA,NA,NA,NA,13904,5066,257,64,f70f03940df99c8ce0b0b02082129e05360030bd32e6edc5877c0f69a31bb0a4,3921,0,1,1
1,1,1,0,8,0.024630122999951709,0.020434000000000001,0.0040140000000000002,25432064,NA,NA,NA,NA,NA,NA,NA,NA,13904,5066,257,64,f70f03940df99c8ce0b0b02082129e05360030bd32e6edc5877c0f69a31bb0a4,3892,0,1,0
1,1,0,1,20,0.044861271999252494,0.040544999999999998,0.0042119999999999996,29327360,NA,NA,NA,NA,NA,NA,NA,NA,220064,89118,2402,8,9bed9a0bde0e198846d4983ba78bcd51e5e45d614941dd9bc544c1667832b5ea,4856,0,1,0
1,1,1,0,20,0.046818319999147207,0.042318999999999996,0.0043889999999999997,29294592,NA,NA,NA,NA,NA,NA,NA,NA,220064,89118,2402,8,9bed9a0bde0e198846d4983ba78bcd51e5e45d614941dd9bc544c1667832b5ea,4845,0,1,0
1,1,0,1,18,0.022851817000628216,0.013703,0.0090349999999999996,26714112,NA,NA,NA,NA,NA,NA,NA,NA,94392,29499,417,8,ec97d55cded7bb1cbf8e12495905cb68073380af6a6370282abb8f233d21e857,4235,0,1,0
1,1,1,0,18,0.029756166000879603,0.016899000000000001,0.012735999999999999,27176960,NA,NA,NA,NA,NA,NA,NA,NA,94392,29499,417,8,ec97d55cded7bb1cbf8e12495905cb68073380af6a6370282abb8f233d21e857,4233,0,1,0
1,1,0,0,13,0.021060185998067027,0.0082100000000000003,0.012754999999999999,25554944,NA,NA,NA,NA,NA,NA,NA,NA,41016,35142,517,1,662bf8c3f785828e59b2e955c5f9255272bd2640c5dd7e9c2804e24f24350bdf,3879,0,1,0
1,1,1,1,13,0.020670961999712745,0.011953,0.007685,26365952,NA,NA,NA,NA,NA,NA,NA,NA,41016,35142,517,1,662bf8c3f785828e59b2e955c5f9255272bd2640c5dd7e9c2804e24f24350bdf,3893,0,0,0
1,1,0,1,0,0.023001134999503847,0.0077640000000000001,0.015110999999999999,24530944,NA,NA,NA,NA,NA,NA,NA,NA,2008,136,5,1,a8c1633e798ef980493443e67e6fdb6eada42f775edf7051d304d09c3ddadf5a,3675,0,1,0
1,1,1,0,0,0.020701117999124108,0.012341,0.0082459999999999999,24760320,NA,NA,NA,NA,NA,NA,NA,NA,2008,136,5,1,a8c1633e798ef980493443e67e6fdb6eada42f775edf7051d304d09c3ddadf5a,3661,0,1,0
1,1,0,1,3,0.023794469998392742,0.021536,0.002163,24465408,NA,NA,NA,NA,NA,NA,NA,NA,2008,136,5,1,8210b4f6eac12a20575e673437437e82cfff653da437ea17992a3aed56a99207,3649,0,1,0
1,1,1,0,3,0.028241661002539331,0.022745999999999999,0.0052849999999999998,24391680,NA,NA,NA,NA,NA,NA,NA,NA,2008,136,5,1,8210b4f6eac12a20575e673437437e82cfff653da437ea17992a3aed56a99207,3633,0,1,1
1,1,0,0,23,0.040959066998766502,0.040409,0,30117888,NA,NA,NA,NA,NA,NA,NA,NA,180960,89118,2402,8,46606a158b66af8518456db0739cae64d8d2e5f9a80404e15ddbb91810d3af0d,4893,0,1,0
1,1,1,1,23,0.040974830000777729,0.032145,0.0085459999999999998,30699520,NA,NA,NA,NA,NA,NA,NA,NA,180960,89118,2402,8,46606a158b66af8518456db0739cae64d8d2e5f9a80404e15ddbb91810d3af0d,4906,0,1,0
1,1,0,0,1,0.022516666002047714,0.014437,0.0079880000000000003,24571904,NA,NA,NA,NA,NA,NA,NA,NA,2056,136,5,1,6b21b079ef6f8f7f055926600e53b906dd7be041e021dd2791b7aa8c55e24585,3633,0,1,0
1,1,1,1,1,0.018698833002417814,0.013859,0.0047450000000000001,24367104,NA,NA,NA,NA,NA,NA,NA,NA,2056,136,5,1,6b21b079ef6f8f7f055926600e53b906dd7be041e021dd2791b7aa8c55e24585,3633,0,1,0
1,1,0,1,2,0.019046182998863515,0.015404999999999999,0.0035239999999999998,24580096,NA,NA,NA,NA,NA,NA,NA,NA,2008,136,5,1,8210b4f6eac12a20575e673437437e82cfff653da437ea17992a3aed56a99207,3650,0,1,1
1,1,1,0,2,0.059273505998135079,0.028770999999999998,0.030318999999999999,24797184,NA,NA,NA,NA,NA,NA,NA,NA,2008,136,5,1,8210b4f6eac12a20575e673437437e82cfff653da437ea17992a3aed56a99207,3617,0,1,6
1,1,0,0,17,0.028302857997914543,0.024013,0.004169,26992640,NA,NA,NA,NA,NA,NA,NA,NA,127800,29499,417,8,cf7b13a857f01f4a14779c4cf8ec5e795ca6dd011a53f4345643bcaf3709f18a,4229,0,1,0
1,1,1,1,17,0.026206950002233498,0.022364999999999999,0.0037399999999999998,27242496,NA,NA,NA,NA,NA,NA,NA,NA,127800,29499,417,8,cf7b13a857f01f4a14779c4cf8ec5e795ca6dd011a53f4345643bcaf3709f18a,4260,0,1,0
1,1,0,1,19,0.026029666998510947,0.018161999999999998,0.0077129999999999994,28004352,NA,NA,NA,NA,NA,NA,NA,NA,94392,29499,417,8,ec97d55cded7bb1cbf8e12495905cb68073380af6a6370282abb8f233d21e857,4253,0,1,1
1,1,1,0,19,0.025234879001800437,0.02129,0.0038439999999999998,26976256,NA,NA,NA,NA,NA,NA,NA,NA,94392,29499,417,8,ec97d55cded7bb1cbf8e12495905cb68073380af6a6370282abb8f233d21e857,4242,0,1,0
1,1,0,0,11,0.021158059000299545,0.012735,0.0082939999999999993,25149440,NA,NA,NA,NA,NA,NA,NA,NA,14928,5066,257,64,9655be68483f45304d566dfb3dc63ba1458a5653029061a6b60617464768d366,3842,0,1,0
1,1,1,1,11,0.019838273998175282,0.014792999999999999,0.004836,26292224,NA,NA,NA,NA,NA,NA,NA,NA,14928,5066,257,64,9655be68483f45304d566dfb3dc63ba1458a5653029061a6b60617464768d366,3852,0,1,1
1,1,0,0,22,0.036763488998985849,0.024523,0.012126,29327360,NA,NA,NA,NA,NA,NA,NA,NA,180960,89118,2402,8,46606a158b66af8518456db0739cae64d8d2e5f9a80404e15ddbb91810d3af0d,4831,0,1,0
1,1,1,1,22,0.043310295997798676,0.026072999999999999,0.017103,29773824,NA,NA,NA,NA,NA,NA,NA,NA,180960,89118,2402,8,46606a158b66af8518456db0739cae64d8d2e5f9a80404e15ddbb91810d3af0d,4844,0,1,0
1,1,0,1,4,0.022304019999864977,0.014882999999999999,0.0072889999999999995,26050560,NA,NA,NA,NA,NA,NA,NA,NA,22160,6529,133,1,3ac5102c6f2bc513eb86f2343729d5f51295afd9e738a690903fa32334fb4c28,3859,0,1,0
1,1,1,0,4,0.023427211999660358,0.019231999999999999,0.0040669999999999994,25264128,NA,NA,NA,NA,NA,NA,NA,NA,22160,6529,133,1,3ac5102c6f2bc513eb86f2343729d5f51295afd9e738a690903fa32334fb4c28,3846,0,1,1
1,1,0,0,12,0.027294535000692122,0.014775,0.012421,25456640,NA,NA,NA,NA,NA,NA,NA,NA,40904,35142,517,1,5c836afd34e5659fc140fff27358a40506e741bf81aa02c58678151e3747eac9,3920,0,1,0
1,1,1,1,12,0.02431677799904719,0.015821999999999999,0.0083809999999999996,25653248,NA,NA,NA,NA,NA,NA,NA,NA,40904,35142,517,1,5c836afd34e5659fc140fff27358a40506e741bf81aa02c58678151e3747eac9,3930,0,1,1
1,1,0,0,7,0.020572581997839734,0.016229,0.004228,25657344,NA,NA,NA,NA,NA,NA,NA,NA,17504,6529,133,1,5e7e7625c8b52e7a71d9370c6c8ab5025ac2b81f4970efe917952ec17c538f1c,3855,0,1,0
1,1,1,1,7,0.023311035001825076,0.010902,0.012267,25370624,NA,NA,NA,NA,NA,NA,NA,NA,17504,6529,133,1,5e7e7625c8b52e7a71d9370c6c8ab5025ac2b81f4970efe917952ec17c538f1c,3871,0,1,1
1,1,0,1,9,0.022304662001261022,0.011590999999999999,0.0106,25116672,NA,NA,NA,NA,NA,NA,NA,NA,20048,5066,257,64,d8d78f7bb977c6f730c6b5cdfaa88bed294d141a9777385856f783cc112e0874,3854,0,1,1
1,1,1,0,9,0.019438160001300275,0.014442999999999999,0.0048849999999999996,25321472,NA,NA,NA,NA,NA,NA,NA,NA,20048,5066,257,64,d8d78f7bb977c6f730c6b5cdfaa88bed294d141a9777385856f783cc112e0874,3841,0,1,0
1,1,0,0,5,0.026560665002762107,0.019573999999999998,0.0068629999999999993,25341952,NA,NA,NA,NA,NA,NA,NA,NA,25888,6529,133,1,6cbbbbf695d9298d218c01af658d12c9a04646e608628360a5a03df9e71e6d9c,3839,0,1,1
1,1,1,1,5,0.023695433003013022,0.018957999999999999,0.0046039999999999996,25329664,NA,NA,NA,NA,NA,NA,NA,NA,25888,6529,133,1,6cbbbbf695d9298d218c01af658d12c9a04646e608628360a5a03df9e71e6d9c,3868,0,1,0
1,1,0,0,10,0.022153482001158409,0.011738999999999999,0.010312999999999999,25264128,NA,NA,NA,NA,NA,NA,NA,NA,14928,5066,257,64,9655be68483f45304d566dfb3dc63ba1458a5653029061a6b60617464768d366,3824,0,1,0
1,1,1,1,10,0.021878891999222105,0.017769,0.0040019999999999995,25604096,NA,NA,NA,NA,NA,NA,NA,NA,14928,5066,257,64,9655be68483f45304d566dfb3dc63ba1458a5653029061a6b60617464768d366,3854,0,1,0
1,1,0,1,21,0.04025368699876708,0.033284999999999995,0.0068309999999999994,29933568,NA,NA,NA,NA,NA,NA,NA,NA,277920,89118,2402,8,089ec4ce05f5e4d43e3e352375117ee462b31249b272f87015d01ad0429bd7f9,4900,0,1,0
1,1,1,0,21,0.061358113998721819,0.04283,0.018388999999999999,29949952,NA,NA,NA,NA,NA,NA,NA,NA,277920,89118,2402,8,089ec4ce05f5e4d43e3e352375117ee462b31249b272f87015d01ad0429bd7f9,4881,0,1,0
1,1,0,1,16,0.030713975000253413,0.026719999999999997,0.0035539999999999999,27430912,NA,NA,NA,NA,NA,NA,NA,NA,136888,29499,417,8,af3bdbbd0003d101664215b713d407f2160931601787a4fad2f046110caa3e72,4329,0,1,1
1,1,1,0,16,0.034322762996453093,0.030178999999999997,0.0040309999999999999,27578368,NA,NA,NA,NA,NA,NA,NA,NA,136888,29499,417,8,af3bdbbd0003d101664215b713d407f2160931601787a4fad2f046110caa3e72,4320,0,1,0
1,2,0,0,15,0.025118631998338969,0.013273999999999999,0.011729,25718784,NA,NA,NA,NA,NA,NA,NA,NA,32824,35142,517,1,5a24ee2382083ee5d5eb9b364e57818da3678644deec6a705c5878fcd40e5876,3864,0,1,0
1,2,1,1,15,0.024369947001105174,0.0089519999999999999,0.015302999999999999,25456640,NA,NA,NA,NA,NA,NA,NA,NA,32824,35142,517,1,5a24ee2382083ee5d5eb9b364e57818da3678644deec6a705c5878fcd40e5876,3890,0,1,1
1,2,0,1,9,0.024644357999932254,0.020878999999999998,0.0036549999999999998,25370624,NA,NA,NA,NA,NA,NA,NA,NA,20048,5066,257,64,d8d78f7bb977c6f730c6b5cdfaa88bed294d141a9777385856f783cc112e0874,3840,0,1,0
1,2,1,0,9,0.037537070002144901,0.023184999999999997,0.014249999999999999,25448448,NA,NA,NA,NA,NA,NA,NA,NA,20048,5066,257,64,d8d78f7bb977c6f730c6b5cdfaa88bed294d141a9777385856f783cc112e0874,3829,0,1,0
1,2,0,0,13,0.031105243000638438,0.027803999999999999,0.0031939999999999998,25411584,NA,NA,NA,NA,NA,NA,NA,NA,41016,35142,517,1,662bf8c3f785828e59b2e955c5f9255272bd2640c5dd7e9c2804e24f24350bdf,3881,0,1,0
1,2,1,1,13,0.024702145001356257,0.011894999999999999,0.012667999999999999,25456640,NA,NA,NA,NA,NA,NA,NA,NA,41016,35142,517,1,662bf8c3f785828e59b2e955c5f9255272bd2640c5dd7e9c2804e24f24350bdf,3895,0,1,0
1,2,0,1,18,0.026956150999467354,0.014591999999999999,0.011734999999999999,28024832,NA,NA,NA,NA,NA,NA,NA,NA,94392,29499,417,8,ec97d55cded7bb1cbf8e12495905cb68073380af6a6370282abb8f233d21e857,4253,0,1,0
1,2,1,0,18,0.030362017998413648,0.017592,0.012657999999999999,27017216,NA,NA,NA,NA,NA,NA,NA,NA,94392,29499,417,8,ec97d55cded7bb1cbf8e12495905cb68073380af6a6370282abb8f233d21e857,4238,0,1,1
1,2,0,1,1,0.020042759999341797,0.015830999999999998,0.0040969999999999999,24571904,NA,NA,NA,NA,NA,NA,NA,NA,2056,136,5,1,6b21b079ef6f8f7f055926600e53b906dd7be041e021dd2791b7aa8c55e24585,3646,0,1,1
1,2,1,0,1,0.021320771000318928,0.0066749999999999995,0.014449999999999999,24395776,NA,NA,NA,NA,NA,NA,NA,NA,2056,136,5,1,6b21b079ef6f8f7f055926600e53b906dd7be041e021dd2791b7aa8c55e24585,3632,0,1,3
1,2,0,1,22,0.040262208000058308,0.032185999999999999,0.0079569999999999988,29659136,NA,NA,NA,NA,NA,NA,NA,NA,180960,89118,2402,8,46606a158b66af8518456db0739cae64d8d2e5f9a80404e15ddbb91810d3af0d,4841,0,1,1
1,2,1,0,22,0.036324203996628057,0.024409,0.011781,29425664,NA,NA,NA,NA,NA,NA,NA,NA,180960,89118,2402,8,46606a158b66af8518456db0739cae64d8d2e5f9a80404e15ddbb91810d3af0d,4823,0,1,0
1,2,0,0,5,0.02021606899870676,0.012291,0.0077919999999999994,25329664,NA,NA,NA,NA,NA,NA,NA,NA,25888,6529,133,1,6cbbbbf695d9298d218c01af658d12c9a04646e608628360a5a03df9e71e6d9c,3852,0,1,0
1,2,1,1,5,0.022124715000245487,0.014435,0.0075810000000000001,25505792,NA,NA,NA,NA,NA,NA,NA,NA,25888,6529,133,1,6cbbbbf695d9298d218c01af658d12c9a04646e608628360a5a03df9e71e6d9c,3849,0,1,0
1,2,0,0,23,0.04240284100160352,0.023153,0.019140999999999998,29835264,NA,NA,NA,NA,NA,NA,NA,NA,180960,89118,2402,8,46606a158b66af8518456db0739cae64d8d2e5f9a80404e15ddbb91810d3af0d,4892,0,1,1
1,2,1,1,23,0.04510786500031827,0.028947999999999998,0.016015999999999999,30842880,NA,NA,NA,NA,NA,NA,NA,NA,180960,89118,2402,8,46606a158b66af8518456db0739cae64d8d2e5f9a80404e15ddbb91810d3af0d,4903,0,1,1
1,2,0,0,14,0.023087895999196917,0.014881999999999999,0.0079509999999999997,25473024,NA,NA,NA,NA,NA,NA,NA,NA,32824,35142,517,1,5a24ee2382083ee5d5eb9b364e57818da3678644deec6a705c5878fcd40e5876,3873,0,1,1
1,2,1,1,14,0.022885383001266746,0.015028,0.0073289999999999996,25686016,NA,NA,NA,NA,NA,NA,NA,NA,32824,35142,517,1,5a24ee2382083ee5d5eb9b364e57818da3678644deec6a705c5878fcd40e5876,3871,0,1,0
1,2,0,0,21,0.037924947999272263,0.029730999999999997,0.0079930000000000001,29589504,NA,NA,NA,NA,NA,NA,NA,NA,277920,89118,2402,8,089ec4ce05f5e4d43e3e352375117ee462b31249b272f87015d01ad0429bd7f9,4885,0,1,0
1,2,1,1,21,0.042086636000021826,0.033749000000000001,0.0081969999999999994,30023680,NA,NA,NA,NA,NA,NA,NA,NA,277920,89118,2402,8,089ec4ce05f5e4d43e3e352375117ee462b31249b272f87015d01ad0429bd7f9,4917,0,1,0
1,2,0,1,4,0.029978900001879083,0.024485999999999997,0.0053319999999999999,25522176,NA,NA,NA,NA,NA,NA,NA,NA,22160,6529,133,1,3ac5102c6f2bc513eb86f2343729d5f51295afd9e738a690903fa32334fb4c28,3845,0,1,1
1,2,1,0,4,0.023132135997002479,0.011899999999999999,0.011115999999999999,25149440,NA,NA,NA,NA,NA,NA,NA,NA,22160,6529,133,1,3ac5102c6f2bc513eb86f2343729d5f51295afd9e738a690903fa32334fb4c28,3830,0,1,0
1,2,0,0,17,0.025138119999610353,0.020826999999999998,0.0041770000000000002,27025408,NA,NA,NA,NA,NA,NA,NA,NA,127800,29499,417,8,cf7b13a857f01f4a14779c4cf8ec5e795ca6dd011a53f4345643bcaf3709f18a,4245,0,1,1
1,2,1,1,17,0.031475515999773052,0.020913999999999999,0.0099039999999999996,27140096,NA,NA,NA,NA,NA,NA,NA,NA,127800,29499,417,8,cf7b13a857f01f4a14779c4cf8ec5e795ca6dd011a53f4345643bcaf3709f18a,4262,0,1,1
1,2,0,0,19,0.026985427000909112,0.018286999999999998,0.0085559999999999994,27000832,NA,NA,NA,NA,NA,NA,NA,NA,94392,29499,417,8,ec97d55cded7bb1cbf8e12495905cb68073380af6a6370282abb8f233d21e857,4239,0,1,1
1,2,1,1,19,0.02814168699842412,0.023827999999999998,0.0042119999999999996,27074560,NA,NA,NA,NA,NA,NA,NA,NA,94392,29499,417,8,ec97d55cded7bb1cbf8e12495905cb68073380af6a6370282abb8f233d21e857,4252,0,1,0
1,2,0,1,6,0.026637863997166278,0.021519,0.0049979999999999998,25161728,NA,NA,NA,NA,NA,NA,NA,NA,17504,6529,133,1,5e7e7625c8b52e7a71d9370c6c8ab5025ac2b81f4970efe917952ec17c538f1c,3843,0,1,0
1,2,1,0,6,0.021041348998551257,0.016714,0.0042030000000000001,25243648,NA,NA,NA,NA,NA,NA,NA,NA,17504,6529,133,1,5e7e7625c8b52e7a71d9370c6c8ab5025ac2b81f4970efe917952ec17c538f1c,3843,0,1,1
1,2,0,0,11,0.023030167001707014,0.0040010000000000002,0.018925000000000001,25550848,NA,NA,NA,NA,NA,NA,NA,NA,14928,5066,257,64,9655be68483f45304d566dfb3dc63ba1458a5653029061a6b60617464768d366,3840,0,1,0
1,2,1,1,11,0.024493029002769617,0.021963,0.0023809999999999999,26443776,NA,NA,NA,NA,NA,NA,NA,NA,14928,5066,257,64,9655be68483f45304d566dfb3dc63ba1458a5653029061a6b60617464768d366,3849,0,1,1
1,2,0,0,7,0.022172254997713026,0.017675,0.0043739999999999994,25452544,NA,NA,NA,NA,NA,NA,NA,NA,17504,6529,133,1,5e7e7625c8b52e7a71d9370c6c8ab5025ac2b81f4970efe917952ec17c538f1c,3841,0,1,0
1,2,1,1,7,0.021164068999496521,0.013921999999999999,0.0071329999999999996,26222592,NA,NA,NA,NA,NA,NA,NA,NA,17504,6529,133,1,5e7e7625c8b52e7a71d9370c6c8ab5025ac2b81f4970efe917952ec17c538f1c,3864,0,1,0
1,2,0,1,0,0.018384053000772838,0.0091599999999999997,0.0091170000000000001,24702976,NA,NA,NA,NA,NA,NA,NA,NA,2008,136,5,1,a8c1633e798ef980493443e67e6fdb6eada42f775edf7051d304d09c3ddadf5a,3656,0,1,1
1,2,1,0,0,0.017927133998455247,0.010671999999999999,0.0071179999999999993,24731648,NA,NA,NA,NA,NA,NA,NA,NA,2008,136,5,1,a8c1633e798ef980493443e67e6fdb6eada42f775edf7051d304d09c3ddadf5a,3663,0,1,1
1,2,0,1,2,0.023231305000081193,0.01098,0.012145999999999999,24600576,NA,NA,NA,NA,NA,NA,NA,NA,2008,136,5,1,8210b4f6eac12a20575e673437437e82cfff653da437ea17992a3aed56a99207,3633,0,1,0
1,2,1,0,2,0.028115786000853404,0.016556999999999999,0.010950999999999999,24637440,NA,NA,NA,NA,NA,NA,NA,NA,2008,136,5,1,8210b4f6eac12a20575e673437437e82cfff653da437ea17992a3aed56a99207,3618,0,1,1
1,2,0,1,20,0.051262479999422794,0.039994999999999996,0.011165999999999999,29720576,NA,NA,NA,NA,NA,NA,NA,NA,220064,89118,2402,8,9bed9a0bde0e198846d4983ba78bcd51e5e45d614941dd9bc544c1667832b5ea,4870,0,1,0
1,2,1,0,20,0.051595748002000619,0.046980000000000001,0.0044819999999999999,29417472,NA,NA,NA,NA,NA,NA,NA,NA,220064,89118,2402,8,9bed9a0bde0e198846d4983ba78bcd51e5e45d614941dd9bc544c1667832b5ea,4843,0,1,0
1,2,0,0,12,0.04325977500047884,0.016175999999999999,0.026971999999999999,25669632,NA,NA,NA,NA,NA,NA,NA,NA,40904,35142,517,1,5c836afd34e5659fc140fff27358a40506e741bf81aa02c58678151e3747eac9,3902,0,1,0
1,2,1,1,12,0.023376459001156036,0.019317999999999998,0.0038999999999999998,26431488,NA,NA,NA,NA,NA,NA,NA,NA,40904,35142,517,1,5c836afd34e5659fc140fff27358a40506e741bf81aa02c58678151e3747eac9,3928,0,1,0
1,2,0,1,10,0.021243660998152336,0.003666,0.017465999999999999,25645056,NA,NA,NA,NA,NA,NA,NA,NA,14928,5066,257,64,9655be68483f45304d566dfb3dc63ba1458a5653029061a6b60617464768d366,3841,0,1,0
1,2,1,0,10,0.024042108998401091,0.014646999999999999,0.0091780000000000004,25534464,NA,NA,NA,NA,NA,NA,NA,NA,14928,5066,257,64,9655be68483f45304d566dfb3dc63ba1458a5653029061a6b60617464768d366,3837,0,1,1
1,2,0,0,16,0.0309656499994162,0.021839999999999998,0.0089820000000000004,27574272,NA,NA,NA,NA,NA,NA,NA,NA,136888,29499,417,8,af3bdbbd0003d101664215b713d407f2160931601787a4fad2f046110caa3e72,4303,0,1,0
1,2,1,1,16,0.031186513999273302,0.027149999999999997,0.0039290000000000002,27492352,NA,NA,NA,NA,NA,NA,NA,NA,136888,29499,417,8,af3bdbbd0003d101664215b713d407f2160931601787a4fad2f046110caa3e72,4314,0,1,1
1,2,0,1,3,0.019658674002130283,0.0077659999999999995,0.011748999999999999,24494080,NA,NA,NA,NA,NA,NA,NA,NA,2008,136,5,1,8210b4f6eac12a20575e673437437e82cfff653da437ea17992a3aed56a99207,3647,0,1,0
1,2,1,0,3,0.019002452001586789,0.014109999999999999,0.0048009999999999997,24367104,NA,NA,NA,NA,NA,NA,NA,NA,2008,136,5,1,8210b4f6eac12a20575e673437437e82cfff653da437ea17992a3aed56a99207,3618,0,1,0
1,2,0,1,8,0.021191032999922754,0.010669,0.01043,26443776,NA,NA,NA,NA,NA,NA,NA,NA,13904,5066,257,64,f70f03940df99c8ce0b0b02082129e05360030bd32e6edc5877c0f69a31bb0a4,3920,0,1,0
1,2,1,0,8,0.021182344000408193,0.016958999999999998,0.0040959999999999998,25640960,NA,NA,NA,NA,NA,NA,NA,NA,13904,5066,257,64,f70f03940df99c8ce0b0b02082129e05360030bd32e6edc5877c0f69a31bb0a4,3907,0,1,0
1,3,0,0,18,0.023714979000942549,0.015561999999999999,0.0080479999999999996,27049984,NA,NA,NA,NA,NA,NA,NA,NA,94392,29499,417,8,ec97d55cded7bb1cbf8e12495905cb68073380af6a6370282abb8f233d21e857,4220,0,1,0
1,3,1,1,18,0.025846214997727657,0.010742,0.014952999999999999,27373568,NA,NA,NA,NA,NA,NA,NA,NA,94392,29499,417,8,ec97d55cded7bb1cbf8e12495905cb68073380af6a6370282abb8f233d21e857,4236,0,1,0
1,3,0,0,6,0.035318256999744335,0.019289999999999998,0.015864,25116672,NA,NA,NA,NA,NA,NA,NA,NA,17504,6529,133,1,5e7e7625c8b52e7a71d9370c6c8ab5025ac2b81f4970efe917952ec17c538f1c,3846,0,1,1
1,3,1,1,6,0.035298301001603249,0.014329,0.020549999999999999,25346048,NA,NA,NA,NA,NA,NA,NA,NA,17504,6529,133,1,5e7e7625c8b52e7a71d9370c6c8ab5025ac2b81f4970efe917952ec17c538f1c,3846,0,1,1
1,3,0,1,5,0.039220764003403019,0.015477999999999999,0.023519999999999999,25116672,NA,NA,NA,NA,NA,NA,NA,NA,25888,6529,133,1,6cbbbbf695d9298d218c01af658d12c9a04646e608628360a5a03df9e71e6d9c,3865,0,1,0
1,3,1,0,5,0.15703208099876065,0.022821999999999999,0.13392999999999999,25452544,NA,NA,NA,NA,NA,NA,NA,NA,25888,6529,133,1,6cbbbbf695d9298d218c01af658d12c9a04646e608628360a5a03df9e71e6d9c,3836,0,1,1
1,3,0,0,2,0.022627657999692019,0.0080730000000000003,0.0132,24326144,NA,NA,NA,NA,NA,NA,NA,NA,2008,136,5,1,8210b4f6eac12a20575e673437437e82cfff653da437ea17992a3aed56a99207,3621,0,1,0
1,3,1,1,2,0.023722333000478102,0.011613999999999999,0.011427,24604672,NA,NA,NA,NA,NA,NA,NA,NA,2008,136,5,1,8210b4f6eac12a20575e673437437e82cfff653da437ea17992a3aed56a99207,3633,0,1,0
1,3,0,1,17,0.039373562998662237,0.015587,0.022516999999999999,27033600,NA,NA,NA,NA,NA,NA,NA,NA,127800,29499,417,8,cf7b13a857f01f4a14779c4cf8ec5e795ca6dd011a53f4345643bcaf3709f18a,4241,0,1,0
1,3,1,0,17,0.028707438999845181,0.021023999999999998,0.0069979999999999999,26910720,NA,NA,NA,NA,NA,NA,NA,NA,127800,29499,417,8,cf7b13a857f01f4a14779c4cf8ec5e795ca6dd011a53f4345643bcaf3709f18a,4248,0,1,1
1,3,0,1,12,0.025806931000261102,0.017315999999999998,0.0076530000000000001,25440256,NA,NA,NA,NA,NA,NA,NA,NA,40904,35142,517,1,5c836afd34e5659fc140fff27358a40506e741bf81aa02c58678151e3747eac9,3916,0,1,0
1,3,1,0,12,0.022735816000931663,0.017912999999999998,0.0043790000000000001,25559040,NA,NA,NA,NA,NA,NA,NA,NA,40904,35142,517,1,5c836afd34e5659fc140fff27358a40506e741bf81aa02c58678151e3747eac9,3919,0,1,0
1,3,0,0,3,0.025708968001708854,0.015117999999999999,0.010050999999999999,24260608,NA,NA,NA,NA,NA,NA,NA,NA,2008,136,5,1,8210b4f6eac12a20575e673437437e82cfff653da437ea17992a3aed56a99207,3623,0,1,0
1,3,1,1,3,0.024358047001442173,0.018988999999999999,0.0046519999999999999,24633344,NA,NA,NA,NA,NA,NA,NA,NA,2008,136,5,1,8210b4f6eac12a20575e673437437e82cfff653da437ea17992a3aed56a99207,3651,0,1,0
1,3,0,1,14,0.021166191003430868,0.016456999999999999,0.0041879999999999999,25341952,NA,NA,NA,NA,NA,NA,NA,NA,32824,35142,517,1,5a24ee2382083ee5d5eb9b364e57818da3678644deec6a705c5878fcd40e5876,3868,0,1,0
1,3,1,0,14,0.0202212510012032,0.014554999999999998,0.0050549999999999996,25276416,NA,NA,NA,NA,NA,NA,NA,NA,32824,35142,517,1,5a24ee2382083ee5d5eb9b364e57818da3678644deec6a705c5878fcd40e5876,3859,0,1,0
1,3,0,1,7,0.021296134000294842,0.017750999999999999,0.0032269999999999998,25477120,NA,NA,NA,NA,NA,NA,NA,NA,17504,6529,133,1,5e7e7625c8b52e7a71d9370c6c8ab5025ac2b81f4970efe917952ec17c538f1c,3868,0,1,0
1,3,1,0,7,0.020063071999175008,0.012034,0.0077209999999999996,25403392,NA,NA,NA,NA,NA,NA,NA,NA,17504,6529,133,1,5e7e7625c8b52e7a71d9370c6c8ab5025ac2b81f4970efe917952ec17c538f1c,3839,0,1,1
1,3,0,1,23,0.065444756000943016,0.030483,0.034562999999999997,29933568,NA,NA,NA,NA,NA,NA,NA,NA,180960,89118,2402,8,46606a158b66af8518456db0739cae64d8d2e5f9a80404e15ddbb91810d3af0d,4906,0,1,0
1,3,1,0,23,0.058399364999786485,0.037905999999999995,0.020159,29753344,NA,NA,NA,NA,NA,NA,NA,NA,180960,89118,2402,8,46606a158b66af8518456db0739cae64d8d2e5f9a80404e15ddbb91810d3af0d,4892,0,1,0
1,3,0,1,15,0.025048706000234233,0.013058,0.011434999999999999,25473024,NA,NA,NA,NA,NA,NA,NA,NA,32824,35142,517,1,5a24ee2382083ee5d5eb9b364e57818da3678644deec6a705c5878fcd40e5876,3896,0,1,1
1,3,1,0,15,0.027192224999453174,0.0083070000000000001,0.018265999999999998,25513984,NA,NA,NA,NA,NA,NA,NA,NA,32824,35142,517,1,5a24ee2382083ee5d5eb9b364e57818da3678644deec6a705c5878fcd40e5876,3883,0,0,0
1,3,0,1,21,0.061373518998152576,0.022877999999999999,0.038262999999999998,29933568,NA,NA,NA,NA,NA,NA,NA,NA,277920,89118,2402,8,089ec4ce05f5e4d43e3e352375117ee462b31249b272f87015d01ad0429bd7f9,4900,0,1,0
1,3,1,0,21,0.043051109001680743,0.031121999999999997,0.011613,29593600,NA,NA,NA,NA,NA,NA,NA,NA,277920,89118,2402,8,089ec4ce05f5e4d43e3e352375117ee462b31249b272f87015d01ad0429bd7f9,4883,0,1,1
1,3,0,0,20,0.046080293999693822,0.041881000000000002,0.0040790000000000002,29687808,NA,NA,NA,NA,NA,NA,NA,NA,220064,89118,2402,8,9bed9a0bde0e198846d4983ba78bcd51e5e45d614941dd9bc544c1667832b5ea,4842,0,1,1
1,3,1,1,20,0.043987958000798244,0.028261999999999999,0.015606,29904896,NA,NA,NA,NA,NA,NA,NA,NA,220064,89118,2402,8,9bed9a0bde0e198846d4983ba78bcd51e5e45d614941dd9bc544c1667832b5ea,4857,0,1,1
1,3,0,0,10,0.062981388997286558,0.01197,0.050853999999999996,25481216,NA,NA,NA,NA,NA,NA,NA,NA,14928,5066,257,64,9655be68483f45304d566dfb3dc63ba1458a5653029061a6b60617464768d366,3840,0,1,0
1,3,1,1,10,0.022223741998459445,0.013297,0.0087229999999999999,25329664,NA,NA,NA,NA,NA,NA,NA,NA,14928,5066,257,64,9655be68483f45304d566dfb3dc63ba1458a5653029061a6b60617464768d366,3833,0,1,1
1,3,0,1,19,0.031163223000476137,0.015318999999999999,0.015733,27185152,NA,NA,NA,NA,NA,NA,NA,NA,94392,29499,417,8,ec97d55cded7bb1cbf8e12495905cb68073380af6a6370282abb8f233d21e857,4239,0,1,1
1,3,1,0,19,0.057726694998564199,0.018852000000000001,0.038703999999999995,27033600,NA,NA,NA,NA,NA,NA,NA,NA,94392,29499,417,8,ec97d55cded7bb1cbf8e12495905cb68073380af6a6370282abb8f233d21e857,4237,0,1,3
1,3,0,0,9,0.018848838997655548,0.014988,0.0037559999999999998,25116672,NA,NA,NA,NA,NA,NA,NA,NA,20048,5066,257,64,d8d78f7bb977c6f730c6b5cdfaa88bed294d141a9777385856f783cc112e0874,3843,0,1,0
1,3,1,1,9,0.032071334000647767,0.019813000000000001,0.01214,25309184,NA,NA,NA,NA,NA,NA,NA,NA,20048,5066,257,64,d8d78f7bb977c6f730c6b5cdfaa88bed294d141a9777385856f783cc112e0874,3851,0,1,1
1,3,0,1,13,0.021243724000669317,0.0088779999999999987,0.012216999999999999,25600000,NA,NA,NA,NA,NA,NA,NA,NA,41016,35142,517,1,662bf8c3f785828e59b2e955c5f9255272bd2640c5dd7e9c2804e24f24350bdf,3878,0,1,0
1,3,1,0,13,0.020005500002298504,0.011875999999999999,0.0080260000000000001,25432064,NA,NA,NA,NA,NA,NA,NA,NA,41016,35142,517,1,662bf8c3f785828e59b2e955c5f9255272bd2640c5dd7e9c2804e24f24350bdf,3862,0,1,1
1,3,0,1,11,0.02028257099664188,0.014946999999999998,0.0050489999999999997,26443776,NA,NA,NA,NA,NA,NA,NA,NA,14928,5066,257,64,9655be68483f45304d566dfb3dc63ba1458a5653029061a6b60617464768d366,3849,0,1,0
1,3,1,0,11,0.074008861000038451,0.027549999999999998,0.046244,25493504,NA,NA,NA,NA,NA,NA,NA,NA,14928,5066,257,64,9655be68483f45304d566dfb3dc63ba1458a5653029061a6b60617464768d366,3838,0,1,0
1,3,0,0,0,0.038505076001456473,0.018844,0.019271,24580096,NA,NA,NA,NA,NA,NA,NA,NA,2008,136,5,1,a8c1633e798ef980493443e67e6fdb6eada42f775edf7051d304d09c3ddadf5a,3647,0,1,0
1,3,1,1,0,0.059071206000226084,0.018106999999999998,0.040730999999999996,24702976,NA,NA,NA,NA,NA,NA,NA,NA,2008,136,5,1,a8c1633e798ef980493443e67e6fdb6eada42f775edf7051d304d09c3ddadf5a,3657,0,1,0
1,3,0,0,4,0.033906626002135454,0.02384,0.0086049999999999998,25358336,NA,NA,NA,NA,NA,NA,NA,NA,22160,6529,133,1,3ac5102c6f2bc513eb86f2343729d5f51295afd9e738a690903fa32334fb4c28,3829,0,1,2
1,3,1,1,4,0.18631395800184691,0.037941999999999997,0.14715300000000001,25354240,NA,NA,NA,NA,NA,NA,NA,NA,22160,6529,133,1,3ac5102c6f2bc513eb86f2343729d5f51295afd9e738a690903fa32334fb4c28,3845,0,1,0
1,3,0,0,22,0.25342839800214279,0.056020999999999994,0.195907,29474816,NA,NA,NA,NA,NA,NA,NA,NA,180960,89118,2402,8,46606a158b66af8518456db0739cae64d8d2e5f9a80404e15ddbb91810d3af0d,4830,0,1,0
1,3,1,1,22,0.050254925998160616,0.036713999999999997,0.013396,29089792,NA,NA,NA,NA,NA,NA,NA,NA,180960,89118,2402,8,46606a158b66af8518456db0739cae64d8d2e5f9a80404e15ddbb91810d3af0d,4840,0,1,2
1,3,0,0,8,0.030903236001904588,0.013946999999999999,0.016819000000000001,25427968,NA,NA,NA,NA,NA,NA,NA,NA,13904,5066,257,64,f70f03940df99c8ce0b0b02082129e05360030bd32e6edc5877c0f69a31bb0a4,3889,0,1,1
1,3,1,1,8,0.028293948998907581,0.012116,0.015993,26476544,NA,NA,NA,NA,NA,NA,NA,NA,13904,5066,257,64,f70f03940df99c8ce0b0b02082129e05360030bd32e6edc5877c0f69a31bb0a4,3920,0,1,1
1,3,0,1,16,0.030613653001637431,0.026428,0.003986,27205632,NA,NA,NA,NA,NA,NA,NA,NA,136888,29499,417,8,af3bdbbd0003d101664215b713d407f2160931601787a4fad2f046110caa3e72,4333,0,0,0
1,3,1,0,16,0.03533445799985202,0.011158,0.024042999999999998,27107328,NA,NA,NA,NA,NA,NA,NA,NA,136888,29499,417,8,af3bdbbd0003d101664215b713d407f2160931601787a4fad2f046110caa3e72,4319,0,1,1
1,3,0,0,1,0.024917856000683969,0.012745999999999999,0.011953,24453120,NA,NA,NA,NA,NA,NA,NA,NA,2056,136,5,1,6b21b079ef6f8f7f055926600e53b906dd7be041e021dd2791b7aa8c55e24585,3618,0,1,0
1,3,1,1,1,0.027572898998187156,0.014792999999999999,0.012591,24539136,NA,NA,NA,NA,NA,NA,NA,NA,2056,136,5,1,6b21b079ef6f8f7f055926600e53b906dd7be041e021dd2791b7aa8c55e24585,3650,0,1,0
1,4,0,1,14,0.029714279000472743,0.02214,0.00547,25681920,NA,NA,NA,NA,NA,NA,NA,NA,32824,35142,517,1,5a24ee2382083ee5d5eb9b364e57818da3678644deec6a705c5878fcd40e5876,3875,0,1,0
1,4,1,0,14,0.036082203998375917,0.023341000000000001,0.012633,25407488,NA,NA,NA,NA,NA,NA,NA,NA,32824,35142,517,1,5a24ee2382083ee5d5eb9b364e57818da3678644deec6a705c5878fcd40e5876,3857,0,1,0
1,4,0,1,0,0.02656784200007678,0.023955000000000001,0.0025119999999999999,24834048,NA,NA,NA,NA,NA,NA,NA,NA,2008,136,5,1,a8c1633e798ef980493443e67e6fdb6eada42f775edf7051d304d09c3ddadf5a,3659,0,1,0
1,4,1,0,0,0.019070652997470461,0.018956999999999998,0,24702976,NA,NA,NA,NA,NA,NA,NA,NA,2008,136,5,1,a8c1633e798ef980493443e67e6fdb6eada42f775edf7051d304d09c3ddadf5a,3647,0,1,0
1,4,0,0,22,0.058517204000963829,0.048391999999999998,0.0099919999999999991,29392896,NA,NA,NA,NA,NA,NA,NA,NA,180960,89118,2402,8,46606a158b66af8518456db0739cae64d8d2e5f9a80404e15ddbb91810d3af0d,4811,0,1,0
1,4,1,1,22,0.041358832000696566,0.027807999999999999,0.013436999999999999,29540352,NA,NA,NA,NA,NA,NA,NA,NA,180960,89118,2402,8,46606a158b66af8518456db0739cae64d8d2e5f9a80404e15ddbb91810d3af0d,4826,0,1,0
1,4,0,0,15,0.023940631999721518,0.016447,0.0072959999999999995,25645056,NA,NA,NA,NA,NA,NA,NA,NA,32824,35142,517,1,5a24ee2382083ee5d5eb9b364e57818da3678644deec6a705c5878fcd40e5876,3878,0,1,1
1,4,1,1,15,0.030278086000180338,0.011911,0.018248,26382336,NA,NA,NA,NA,NA,NA,NA,NA,32824,35142,517,1,5a24ee2382083ee5d5eb9b364e57818da3678644deec6a705c5878fcd40e5876,3891,0,1,0
1,4,0,1,6,0.022466806996817468,0.017462999999999999,0.0048799999999999998,25186304,NA,NA,NA,NA,NA,NA,NA,NA,17504,6529,133,1,5e7e7625c8b52e7a71d9370c6c8ab5025ac2b81f4970efe917952ec17c538f1c,3845,0,1,1
1,4,1,0,6,0.12868712400086224,0.10065299999999999,0.027066999999999997,25403392,NA,NA,NA,NA,NA,NA,NA,NA,17504,6529,133,1,5e7e7625c8b52e7a71d9370c6c8ab5025ac2b81f4970efe917952ec17c538f1c,3846,0,1,1
1,4,0,0,4,0.17842180300067412,0.085261999999999991,0.090068999999999996,25202688,NA,NA,NA,NA,NA,NA,NA,NA,22160,6529,133,1,3ac5102c6f2bc513eb86f2343729d5f51295afd9e738a690903fa32334fb4c28,3832,0,1,3
1,4,1,1,4,0.18731340899830684,0.090186000000000002,0.096585999999999991,26021888,NA,NA,NA,NA,NA,NA,NA,NA,22160,6529,133,1,3ac5102c6f2bc513eb86f2343729d5f51295afd9e738a690903fa32334fb4c28,3859,0,1,1
1,4,0,0,9,0.051801860998239135,0.025391999999999998,0.026165999999999998,25321472,NA,NA,NA,NA,NA,NA,NA,NA,20048,5066,257,64,d8d78f7bb977c6f730c6b5cdfaa88bed294d141a9777385856f783cc112e0874,3841,0,1,1
1,4,1,1,9,0.11524332200133358,0.017433999999999998,0.097685999999999995,26386432,NA,NA,NA,NA,NA,NA,NA,NA,20048,5066,257,64,d8d78f7bb977c6f730c6b5cdfaa88bed294d141a9777385856f783cc112e0874,3855,0,1,1
1,4,0,0,8,0.080242531999829225,0.004346,0.075742999999999991,25378816,NA,NA,NA,NA,NA,NA,NA,NA,13904,5066,257,64,f70f03940df99c8ce0b0b02082129e05360030bd32e6edc5877c0f69a31bb0a4,3830,0,1,0
1,4,1,1,8,0.026168969998252578,0.015002999999999999,0.011032,25468928,NA,NA,NA,NA,NA,NA,NA,NA,13904,5066,257,64,f70f03940df99c8ce0b0b02082129e05360030bd32e6edc5877c0f69a31bb0a4,3900,0,1,0
1,4,0,0,2,0.01974946499831276,0.0080149999999999996,0.011618999999999999,24424448,NA,NA,NA,NA,NA,NA,NA,NA,2008,136,5,1,8210b4f6eac12a20575e673437437e82cfff653da437ea17992a3aed56a99207,3635,0,1,0
1,4,1,1,2,0.020077771998330718,0.012235999999999999,0.0076209999999999993,24625152,NA,NA,NA,NA,NA,NA,NA,NA,2008,136,5,1,8210b4f6eac12a20575e673437437e82cfff653da437ea17992a3aed56a99207,3650,0,1,0
1,4,0,0,18,0.033106097998825135,0.01949,0.013193999999999999,27078656,NA,NA,NA,NA,NA,NA,NA,NA,94392,29499,417,8,ec97d55cded7bb1cbf8e12495905cb68073380af6a6370282abb8f233d21e857,4236,0,1,0
1,4,1,1,18,0.028468562999478308,0.012393999999999999,0.015865999999999998,27205632,NA,NA,NA,NA,NA,NA,NA,NA,94392,29499,417,8,ec97d55cded7bb1cbf8e12495905cb68073380af6a6370282abb8f233d21e857,4239,0,1,0
1,4,0,0,23,0.10026833699885174,0.047289999999999999,0.052537,29483008,NA,NA,NA,NA,NA,NA,NA,NA,180960,89118,2402,8,46606a158b66af8518456db0739cae64d8d2e5f9a80404e15ddbb91810d3af0d,4892,0,1,1
1,4,1,1,23,0.21588103100293665,0.037881999999999999,0.17557899999999999,30842880,NA,NA,NA,NA,NA,NA,NA,NA,180960,89118,2402,8,46606a158b66af8518456db0739cae64d8d2e5f9a80404e15ddbb91810d3af0d,4904,0,1,6
1,4,0,0,17,0.036237319000065327,0.022799999999999997,0.011925999999999999,27279360,NA,NA,NA,NA,NA,NA,NA,NA,127800,29499,417,8,cf7b13a857f01f4a14779c4cf8ec5e795ca6dd011a53f4345643bcaf3709f18a,4243,0,1,0
1,4,1,1,17,0.13754039799823659,0.028230999999999999,0.107886,28098560,NA,NA,NA,NA,NA,NA,NA,NA,127800,29499,417,8,cf7b13a857f01f4a14779c4cf8ec5e795ca6dd011a53f4345643bcaf3709f18a,4259,0,1,0
1,4,0,0,5,0.042316638999182032,0.028334999999999999,0.013550999999999999,25214976,NA,NA,NA,NA,NA,NA,NA,NA,25888,6529,133,1,6cbbbbf695d9298d218c01af658d12c9a04646e608628360a5a03df9e71e6d9c,3836,0,1,0
1,4,1,1,5,0.028601530997548252,0.016038999999999998,0.012326,25296896,NA,NA,NA,NA,NA,NA,NA,NA,25888,6529,133,1,6cbbbbf695d9298d218c01af658d12c9a04646e608628360a5a03df9e71e6d9c,3863,0,1,0
1,4,0,1,7,0.06776661800176953,0.018002999999999998,0.049659999999999996,26271744,NA,NA,NA,NA,NA,NA,NA,NA,17504,6529,133,1,5e7e7625c8b52e7a71d9370c6c8ab5025ac2b81f4970efe917952ec17c538f1c,3868,0,1,0
1,4,1,0,7,0.061617953000677517,0.026379,0.032087999999999998,25272320,NA,NA,NA,NA,NA,NA,NA,NA,17504,6529,133,1,5e7e7625c8b52e7a71d9370c6c8ab5025ac2b81f4970efe917952ec17c538f1c,3838,0,0,2
1,4,0,0,20,0.071985307000431931,0.059643999999999996,0.012140999999999999,29446144,NA,NA,NA,NA,NA,NA,NA,NA,220064,89118,2402,8,9bed9a0bde0e198846d4983ba78bcd51e5e45d614941dd9bc544c1667832b5ea,4847,0,1,0
1,4,1,1,20,0.059947826001007343,0.047112000000000001,0.012676999999999999,29478912,NA,NA,NA,NA,NA,NA,NA,NA,220064,89118,2402,8,9bed9a0bde0e198846d4983ba78bcd51e5e45d614941dd9bc544c1667832b5ea,4852,0,1,1
1,4,0,1,1,0.027141878003021702,0.018803999999999998,0.0079969999999999989,24268800,NA,NA,NA,NA,NA,NA,NA,NA,2056,136,5,1,6b21b079ef6f8f7f055926600e53b906dd7be041e021dd2791b7aa8c55e24585,3631,0,1,0
1,4,1,0,1,0.042696035998233128,0.015684,0.025977,24457216,NA,NA,NA,NA,NA,NA,NA,NA,2056,136,5,1,6b21b079ef6f8f7f055926600e53b906dd7be041e021dd2791b7aa8c55e24585,3631,0,1,0
1,4,0,1,11,0.03903815200101235,0.016958000000000001,0.021777999999999999,25444352,NA,NA,NA,NA,NA,NA,NA,NA,14928,5066,257,64,9655be68483f45304d566dfb3dc63ba1458a5653029061a6b60617464768d366,3853,0,1,0
1,4,1,0,11,0.15734610199797316,0.017809999999999999,0.139347,25288704,NA,NA,NA,NA,NA,NA,NA,NA,14928,5066,257,64,9655be68483f45304d566dfb3dc63ba1458a5653029061a6b60617464768d366,3841,0,1,0
1,4,0,0,16,0.045799479998095194,0.029071999999999997,0.015455,27312128,NA,NA,NA,NA,NA,NA,NA,NA,136888,29499,417,8,af3bdbbd0003d101664215b713d407f2160931601787a4fad2f046110caa3e72,4301,0,1,0
1,4,1,1,16,0.030279274000349687,0.021214,0.0083590000000000001,27422720,NA,NA,NA,NA,NA,NA,NA,NA,136888,29499,417,8,af3bdbbd0003d101664215b713d407f2160931601787a4fad2f046110caa3e72,4318,0,1,1
1,4,0,0,12,0.11378525699910824,0.021003999999999998,0.088127999999999998,25636864,NA,NA,NA,NA,NA,NA,NA,NA,40904,35142,517,1,5c836afd34e5659fc140fff27358a40506e741bf81aa02c58678151e3747eac9,3915,0,2,1
1,4,1,1,12,0.062086797999654664,0.033619999999999997,0.027597999999999998,25661440,NA,NA,NA,NA,NA,NA,NA,NA,40904,35142,517,1,5c836afd34e5659fc140fff27358a40506e741bf81aa02c58678151e3747eac9,3932,0,1,0
1,4,0,0,19,0.15920453400030965,0.028058999999999997,0.130857,27107328,NA,NA,NA,NA,NA,NA,NA,NA,94392,29499,417,8,ec97d55cded7bb1cbf8e12495905cb68073380af6a6370282abb8f233d21e857,4222,0,1,0
1,4,1,1,19,0.060916185997484718,0.031555,0.027393999999999998,27205632,NA,NA,NA,NA,NA,NA,NA,NA,94392,29499,417,8,ec97d55cded7bb1cbf8e12495905cb68073380af6a6370282abb8f233d21e857,4254,0,1,0
1,4,0,0,21,0.063529545997880632,0.028160999999999999,0.034526000000000001,29704192,NA,NA,NA,NA,NA,NA,NA,NA,277920,89118,2402,8,089ec4ce05f5e4d43e3e352375117ee462b31249b272f87015d01ad0429bd7f9,4883,0,1,1
1,4,1,1,21,0.040250809001008747,0.026905999999999999,0.013207999999999999,29863936,NA,NA,NA,NA,NA,NA,NA,NA,277920,89118,2402,8,089ec4ce05f5e4d43e3e352375117ee462b31249b272f87015d01ad0429bd7f9,4902,0,1,1
1,4,0,0,10,0.078882991001592018,0.030800999999999999,0.045603999999999999,25448448,NA,NA,NA,NA,NA,NA,NA,NA,14928,5066,257,64,9655be68483f45304d566dfb3dc63ba1458a5653029061a6b60617464768d366,3824,0,0,10
1,4,1,1,10,0.068284532000689069,0.0097599999999999996,0.058276999999999995,25587712,NA,NA,NA,NA,NA,NA,NA,NA,14928,5066,257,64,9655be68483f45304d566dfb3dc63ba1458a5653029061a6b60617464768d366,3852,0,1,0
1,4,0,0,3,0.048406680001789937,0.0081009999999999988,0.040183999999999997,24424448,NA,NA,NA,NA,NA,NA,NA,NA,2008,136,5,1,8210b4f6eac12a20575e673437437e82cfff653da437ea17992a3aed56a99207,3620,0,1,0
1,4,1,1,3,0.036199591999320546,0.023445000000000001,0.012643999999999999,24391680,NA,NA,NA,NA,NA,NA,NA,NA,2008,136,5,1,8210b4f6eac12a20575e673437437e82cfff653da437ea17992a3aed56a99207,3650,0,1,2
1,4,0,0,13,0.033397571998648345,0.021127,0.012166999999999999,25604096,NA,NA,NA,NA,NA,NA,NA,NA,41016,35142,517,1,662bf8c3f785828e59b2e955c5f9255272bd2640c5dd7e9c2804e24f24350bdf,3862,0,1,0
1,4,1,1,13,0.022358685000654077,0.017752999999999998,0.0045100000000000001,25735168,NA,NA,NA,NA,NA,NA,NA,NA,41016,35142,517,1,662bf8c3f785828e59b2e955c5f9255272bd2640c5dd7e9c2804e24f24350bdf,3881,0,1,0
1,5,0,1,2,0.024802604999422329,0.012608999999999999,0.012064999999999999,24653824,NA,NA,NA,NA,NA,NA,NA,NA,2008,136,5,1,8210b4f6eac12a20575e673437437e82cfff653da437ea17992a3aed56a99207,3651,0,1,0
1,5,1,0,2,0.019565164999221452,0.011380999999999999,0.0080260000000000001,24395776,NA,NA,NA,NA,NA,NA,NA,NA,2008,136,5,1,8210b4f6eac12a20575e673437437e82cfff653da437ea17992a3aed56a99207,3621,0,1,0
1,5,0,1,3,0.025023140999110183,0.014794999999999999,0.010076,24600576,NA,NA,NA,NA,NA,NA,NA,NA,2008,136,5,1,8210b4f6eac12a20575e673437437e82cfff653da437ea17992a3aed56a99207,3635,0,1,0
1,5,1,0,3,0.026739378001366276,0.017252999999999998,0.0093679999999999996,24637440,NA,NA,NA,NA,NA,NA,NA,NA,2008,136,5,1,8210b4f6eac12a20575e673437437e82cfff653da437ea17992a3aed56a99207,3616,0,1,0
1,5,0,1,9,0.027126187000249047,0.012640999999999999,0.014322999999999999,25501696,NA,NA,NA,NA,NA,NA,NA,NA,20048,5066,257,64,d8d78f7bb977c6f730c6b5cdfaa88bed294d141a9777385856f783cc112e0874,3857,0,1,0
1,5,1,0,9,0.030195937000826234,0.021402999999999998,0.008624999999999999,25427968,NA,NA,NA,NA,NA,NA,NA,NA,20048,5066,257,64,d8d78f7bb977c6f730c6b5cdfaa88bed294d141a9777385856f783cc112e0874,3825,0,1,0
1,5,0,0,11,0.024463248999381904,0.016257999999999998,0.0079769999999999997,25321472,NA,NA,NA,NA,NA,NA,NA,NA,14928,5066,257,64,9655be68483f45304d566dfb3dc63ba1458a5653029061a6b60617464768d366,3820,0,1,0
1,5,1,1,11,0.021249282999633579,0.012423999999999999,0.0087010000000000004,25628672,NA,NA,NA,NA,NA,NA,NA,NA,14928,5066,257,64,9655be68483f45304d566dfb3dc63ba1458a5653029061a6b60617464768d366,3837,0,1,0
1,5,0,0,14,0.019853019999573007,0.0078079999999999998,0.011944,25341952,NA,NA,NA,NA,NA,NA,NA,NA,32824,35142,517,1,5a24ee2382083ee5d5eb9b364e57818da3678644deec6a705c5878fcd40e5876,3876,0,1,0
1,5,1,1,14,0.024142721998941852,0.020478,0.0034989999999999999,25505792,NA,NA,NA,NA,NA,NA,NA,NA,32824,35142,517,1,5a24ee2382083ee5d5eb9b364e57818da3678644deec6a705c5878fcd40e5876,3873,0,1,0
1,5,0,1,18,0.028974515000300016,0.017486999999999999,0.011375,27140096,NA,NA,NA,NA,NA,NA,NA,NA,94392,29499,417,8,ec97d55cded7bb1cbf8e12495905cb68073380af6a6370282abb8f233d21e857,4252,0,1,0
1,5,1,0,18,0.027754742000979604,0.015646999999999998,0.012003,27025408,NA,NA,NA,NA,NA,NA,NA,NA,94392,29499,417,8,ec97d55cded7bb1cbf8e12495905cb68073380af6a6370282abb8f233d21e857,4220,0,1,0
1,5,0,1,5,0.021374108000600245,0.010806999999999999,0.010373,25313280,NA,NA,NA,NA,NA,NA,NA,NA,25888,6529,133,1,6cbbbbf695d9298d218c01af658d12c9a04646e608628360a5a03df9e71e6d9c,3853,0,1,0
1,5,1,0,5,0.035907648998545483,0.026844999999999997,0.0087229999999999999,25448448,NA,NA,NA,NA,NA,NA,NA,NA,25888,6529,133,1,6cbbbbf695d9298d218c01af658d12c9a04646e608628360a5a03df9e71e6d9c,3836,0,1,1
1,5,0,1,21,0.043324529000528855,0.030348,0.012872999999999999,29720576,NA,NA,NA,NA,NA,NA,NA,NA,277920,89118,2402,8,089ec4ce05f5e4d43e3e352375117ee462b31249b272f87015d01ad0429bd7f9,4918,0,1,0
1,5,1,0,21,0.040434153001115192,0.027587999999999998,0.012723999999999999,29777920,NA,NA,NA,NA,NA,NA,NA,NA,277920,89118,2402,8,089ec4ce05f5e4d43e3e352375117ee462b31249b272f87015d01ad0429bd7f9,4887,0,1,0
1,5,0,1,12,0.026653780998458387,0.021784999999999999,0.004738,26357760,NA,NA,NA,NA,NA,NA,NA,NA,40904,35142,517,1,5c836afd34e5659fc140fff27358a40506e741bf81aa02c58678151e3747eac9,3931,0,1,1
1,5,1,0,12,0.02740844900108641,0.023011,0.004267,25571328,NA,NA,NA,NA,NA,NA,NA,NA,40904,35142,517,1,5c836afd34e5659fc140fff27358a40506e741bf81aa02c58678151e3747eac9,3921,0,1,0
1,5,0,0,7,0.029464783998264465,0.022601,0.0066899999999999998,25452544,NA,NA,NA,NA,NA,NA,NA,NA,17504,6529,133,1,5e7e7625c8b52e7a71d9370c6c8ab5025ac2b81f4970efe917952ec17c538f1c,3839,0,1,0
1,5,1,1,7,0.023463936999178259,0.019389999999999998,0.0039490000000000003,25296896,NA,NA,NA,NA,NA,NA,NA,NA,17504,6529,133,1,5e7e7625c8b52e7a71d9370c6c8ab5025ac2b81f4970efe917952ec17c538f1c,3864,0,1,0
1,5,0,1,8,0.022585471997444984,0.017707999999999998,0.0047079999999999995,25640960,NA,NA,NA,NA,NA,NA,NA,NA,13904,5066,257,64,f70f03940df99c8ce0b0b02082129e05360030bd32e6edc5877c0f69a31bb0a4,3923,0,1,0
1,5,1,0,8,0.028054831000190461,0.020684999999999999,0.0039220000000000001,25509888,NA,NA,NA,NA,NA,NA,NA,NA,13904,5066,257,64,f70f03940df99c8ce0b0b02082129e05360030bd32e6edc5877c0f69a31bb0a4,3909,0,0,0
1,5,0,0,1,0.021530740999878617,0.013781,0.0076369999999999997,24387584,NA,NA,NA,NA,NA,NA,NA,NA,2056,136,5,1,6b21b079ef6f8f7f055926600e53b906dd7be041e021dd2791b7aa8c55e24585,3615,0,1,0
1,5,1,1,1,0.020781794999493286,0.012317,0.0083029999999999996,24244224,NA,NA,NA,NA,NA,NA,NA,NA,2056,136,5,1,6b21b079ef6f8f7f055926600e53b906dd7be041e021dd2791b7aa8c55e24585,3647,0,1,0
1,5,0,1,23,0.050913222999952268,0.043247000000000001,0.0075259999999999997,29851648,NA,NA,NA,NA,NA,NA,NA,NA,180960,89118,2402,8,46606a158b66af8518456db0739cae64d8d2e5f9a80404e15ddbb91810d3af0d,4886,0,1,1
1,5,1,0,23,0.048074737998831552,0.035748999999999996,0.012178999999999999,29835264,NA,NA,NA,NA,NA,NA,NA,NA,180960,89118,2402,8,46606a158b66af8518456db0739cae64d8d2e5f9a80404e15ddbb91810d3af0d,4892,0,1,2
1,5,0,0,6,0.02345485299883876,0.01132,0.012026999999999999,25280512,NA,NA,NA,NA,NA,NA,NA,NA,17504,6529,133,1,5e7e7625c8b52e7a71d9370c6c8ab5025ac2b81f4970efe917952ec17c538f1c,3847,0,1,0
1,5,1,1,6,0.020579379997798242,0.012166,0.0082609999999999992,25485312,NA,NA,NA,NA,NA,NA,NA,NA,17504,6529,133,1,5e7e7625c8b52e7a71d9370c6c8ab5025ac2b81f4970efe917952ec17c538f1c,3849,0,1,0
1,5,0,1,13,0.020540520999929868,0.012456999999999999,0.0079399999999999991,25505792,NA,NA,NA,NA,NA,NA,NA,NA,41016,35142,517,1,662bf8c3f785828e59b2e955c5f9255272bd2640c5dd7e9c2804e24f24350bdf,3897,0,1,1
1,5,1,0,13,0.028516061000118498,0.028402,0,25554944,NA,NA,NA,NA,NA,NA,NA,NA,41016,35142,517,1,662bf8c3f785828e59b2e955c5f9255272bd2640c5dd7e9c2804e24f24350bdf,3867,0,1,0
1,5,0,1,19,0.026302567999664461,0.015512999999999999,0.01069,27189248,NA,NA,NA,NA,NA,NA,NA,NA,94392,29499,417,8,ec97d55cded7bb1cbf8e12495905cb68073380af6a6370282abb8f233d21e857,4235,0,1,0
1,5,1,0,19,0.02532448499914608,0.025219999999999999,0,26935296,NA,NA,NA,NA,NA,NA,NA,NA,94392,29499,417,8,ec97d55cded7bb1cbf8e12495905cb68073380af6a6370282abb8f233d21e857,4238,0,1,0
1,5,0,1,20,0.045155837997299386,0.037749999999999999,0.0072989999999999999,29474816,NA,NA,NA,NA,NA,NA,NA,NA,220064,89118,2402,8,9bed9a0bde0e198846d4983ba78bcd51e5e45d614941dd9bc544c1667832b5ea,4856,0,1,0
1,5,1,0,20,0.048192596001172205,0.040707,0.0073299999999999997,29491200,NA,NA,NA,NA,NA,NA,NA,NA,220064,89118,2402,8,9bed9a0bde0e198846d4983ba78bcd51e5e45d614941dd9bc544c1667832b5ea,4860,0,1,0
1,5,0,1,10,0.019794895997620188,0.015719999999999998,0.0039610000000000001,25489408,NA,NA,NA,NA,NA,NA,NA,NA,14928,5066,257,64,9655be68483f45304d566dfb3dc63ba1458a5653029061a6b60617464768d366,3839,0,1,0
1,5,1,0,10,0.020122391000768403,0.012209999999999999,0.0078209999999999998,25296896,NA,NA,NA,NA,NA,NA,NA,NA,14928,5066,257,64,9655be68483f45304d566dfb3dc63ba1458a5653029061a6b60617464768d366,3841,0,1,0
1,5,0,1,16,0.030702341999131022,0.026535,0.004058,27332608,NA,NA,NA,NA,NA,NA,NA,NA,136888,29499,417,8,af3bdbbd0003d101664215b713d407f2160931601787a4fad2f046110caa3e72,4315,0,1,0
1,5,1,0,16,0.033475684002041817,0.018043999999999998,0.015333999999999999,27238400,NA,NA,NA,NA,NA,NA,NA,NA,136888,29499,417,8,af3bdbbd0003d101664215b713d407f2160931601787a4fad2f046110caa3e72,4320,0,1,0
1,5,0,1,15,0.020694418002676684,0.012603999999999999,0.007953,25579520,NA,NA,NA,NA,NA,NA,NA,NA,32824,35142,517,1,5a24ee2382083ee5d5eb9b364e57818da3678644deec6a705c5878fcd40e5876,3894,0,1,1
1,5,1,0,15,0.019600357998569962,0.019504999999999998,0,25407488,NA,NA,NA,NA,NA,NA,NA,NA,32824,35142,517,1,5a24ee2382083ee5d5eb9b364e57818da3678644deec6a705c5878fcd40e5876,3865,0,1,0
1,5,0,0,0,0.020216878001519945,0.012600999999999999,0.0075069999999999998,24555520,NA,NA,NA,NA,NA,NA,NA,NA,2008,136,5,1,a8c1633e798ef980493443e67e6fdb6eada42f775edf7051d304d09c3ddadf5a,3643,0,1,0
1,5,1,1,0,0.01962019200072973,0.011243999999999999,0.0082839999999999997,24563712,NA,NA,NA,NA,NA,NA,NA,NA,2008,136,5,1,a8c1633e798ef980493443e67e6fdb6eada42f775edf7051d304d09c3ddadf5a,3674,0,1,0
1,5,0,1,4,0.023263705999852391,0.015529999999999999,0.0076439999999999998,25337856,NA,NA,NA,NA,NA,NA,NA,NA,22160,6529,133,1,3ac5102c6f2bc513eb86f2343729d5f51295afd9e738a690903fa32334fb4c28,3842,0,1,0
1,5,1,0,4,0.021687254000426037,0.021589999999999998,0,25346048,NA,NA,NA,NA,NA,NA,NA,NA,22160,6529,133,1,3ac5102c6f2bc513eb86f2343729d5f51295afd9e738a690903fa32334fb4c28,3849,0,1,0
1,5,0,1,17,0.026575682000839151,0.022321999999999998,0.0041019999999999997,27045888,NA,NA,NA,NA,NA,NA,NA,NA,127800,29499,417,8,cf7b13a857f01f4a14779c4cf8ec5e795ca6dd011a53f4345643bcaf3709f18a,4261,0,1,0
1,5,1,0,17,0.027226932001212845,0.018945,0.0081460000000000005,27279360,NA,NA,NA,NA,NA,NA,NA,NA,127800,29499,417,8,cf7b13a857f01f4a14779c4cf8ec5e795ca6dd011a53f4345643bcaf3709f18a,4242,0,1,0
1,5,0,1,22,0.035679084998264443,0.02334,0.012161999999999999,29659136,NA,NA,NA,NA,NA,NA,NA,NA,180960,89118,2402,8,46606a158b66af8518456db0739cae64d8d2e5f9a80404e15ddbb91810d3af0d,4829,0,1,0
1,5,1,0,22,0.040144881000742316,0.032070999999999995,0.0079159999999999994,29859840,NA,NA,NA,NA,NA,NA,NA,NA,180960,89118,2402,8,46606a158b66af8518456db0739cae64d8d2e5f9a80404e15ddbb91810d3af0d,4829,0,1,0
1,6,0,0,18,0.03302372399775777,0.02358,0.0093099999999999988,27025408,NA,NA,NA,NA,NA,NA,NA,NA,94392,29499,417,8,ec97d55cded7bb1cbf8e12495905cb68073380af6a6370282abb8f233d21e857,4220,0,1,0
1,6,1,1,18,0.025037921001057839,0.01057,0.014358999999999999,27041792,NA,NA,NA,NA,NA,NA,NA,NA,94392,29499,417,8,ec97d55cded7bb1cbf8e12495905cb68073380af6a6370282abb8f233d21e857,4232,0,1,0
1,6,0,1,0,0.019713191999471746,0.007894,0.011446,24391680,NA,NA,NA,NA,NA,NA,NA,NA,2008,136,5,1,a8c1633e798ef980493443e67e6fdb6eada42f775edf7051d304d09c3ddadf5a,3677,0,1,1
1,6,1,0,0,0.02904990800016094,0.014976999999999999,0.013831,24358912,NA,NA,NA,NA,NA,NA,NA,NA,2008,136,5,1,a8c1633e798ef980493443e67e6fdb6eada42f775edf7051d304d09c3ddadf5a,3649,0,1,0
1,6,0,1,20,0.057237540997448377,0.036905,0.019823,29671424,NA,NA,NA,NA,NA,NA,NA,NA,220064,89118,2402,8,9bed9a0bde0e198846d4983ba78bcd51e5e45d614941dd9bc544c1667832b5ea,4859,0,1,0
1,6,1,0,20,0.064974435998010449,0.060632999999999999,0.004202,29409280,NA,NA,NA,NA,NA,NA,NA,NA,220064,89118,2402,8,9bed9a0bde0e198846d4983ba78bcd51e5e45d614941dd9bc544c1667832b5ea,4862,0,1,1
1,6,0,0,22,0.045357191000221064,0.031456999999999999,0.013783,29466624,NA,NA,NA,NA,NA,NA,NA,NA,180960,89118,2402,8,46606a158b66af8518456db0739cae64d8d2e5f9a80404e15ddbb91810d3af0d,4810,0,1,1
1,6,1,1,22,0.039361671999358805,0.027289999999999998,0.011942999999999999,29286400,NA,NA,NA,NA,NA,NA,NA,NA,180960,89118,2402,8,46606a158b66af8518456db0739cae64d8d2e5f9a80404e15ddbb91810d3af0d,4824,0,1,0
1,6,0,1,8,0.029327480999199906,0.022919999999999999,0.0062940000000000001,25739264,NA,NA,NA,NA,NA,NA,NA,NA,13904,5066,257,64,f70f03940df99c8ce0b0b02082129e05360030bd32e6edc5877c0f69a31bb0a4,3920,0,0,0
1,6,1,0,8,0.024842278002324747,0.010962,0.013729999999999999,25477120,NA,NA,NA,NA,NA,NA,NA,NA,13904,5066,257,64,f70f03940df99c8ce0b0b02082129e05360030bd32e6edc5877c0f69a31bb0a4,3904,0,1,0
1,6,0,0,10,0.023362560998066328,0.012463999999999999,0.010808,25653248,NA,NA,NA,NA,NA,NA,NA,NA,14928,5066,257,64,9655be68483f45304d566dfb3dc63ba1458a5653029061a6b60617464768d366,3826,0,1,0
1,6,1,1,10,0.025058492999960436,0.020246,0.0046860000000000001,25346048,NA,NA,NA,NA,NA,NA,NA,NA,14928,5066,257,64,9655be68483f45304d566dfb3dc63ba1458a5653029061a6b60617464768d366,3834,0,1,0
1,6,0,0,17,0.030960607000452001,0.015158,0.015247999999999999,27279360,NA,NA,NA,NA,NA,NA,NA,NA,127800,29499,417,8,cf7b13a857f01f4a14779c4cf8ec5e795ca6dd011a53f4345643bcaf3709f18a,4230,0,1,0
1,6,1,1,17,0.027511233001860091,0.018970000000000001,0.00843,27074560,NA,NA,NA,NA,NA,NA,NA,NA,127800,29499,417,8,cf7b13a857f01f4a14779c4cf8ec5e795ca6dd011a53f4345643bcaf3709f18a,4262,0,1,0
1,6,0,1,1,0.025672643998404965,0.020027,0.005365,25341952,NA,NA,NA,NA,NA,NA,NA,NA,2056,136,5,1,6b21b079ef6f8f7f055926600e53b906dd7be041e021dd2791b7aa8c55e24585,3648,0,1,1
1,6,1,0,1,0.020317387999966741,0.016267,0.0039420000000000002,24350720,NA,NA,NA,NA,NA,NA,NA,NA,2056,136,5,1,6b21b079ef6f8f7f055926600e53b906dd7be041e021dd2791b7aa8c55e24585,3631,0,1,1
1,6,0,1,16,0.030061739998927806,0.021412,0.0085290000000000001,27344896,NA,NA,NA,NA,NA,NA,NA,NA,136888,29499,417,8,af3bdbbd0003d101664215b713d407f2160931601787a4fad2f046110caa3e72,4334,0,1,0
1,6,1,0,16,0.028975830999115715,0.017892999999999999,0.010931,27123712,NA,NA,NA,NA,NA,NA,NA,NA,136888,29499,417,8,af3bdbbd0003d101664215b713d407f2160931601787a4fad2f046110caa3e72,4321,0,1,0
1,6,0,0,2,0.01960541500011459,0.011984,0.0072829999999999995,24563712,NA,NA,NA,NA,NA,NA,NA,NA,2008,136,5,1,8210b4f6eac12a20575e673437437e82cfff653da437ea17992a3aed56a99207,3633,0,1,0
1,6,1,1,2,0.018912268998974469,0.00743,0.011382,24195072,NA,NA,NA,NA,NA,NA,NA,NA,2008,136,5,1,8210b4f6eac12a20575e673437437e82cfff653da437ea17992a3aed56a99207,3650,0,1,0
1,6,0,1,4,0.023932627998874523,0.022291999999999999,0,25321472,NA,NA,NA,NA,NA,NA,NA,NA,22160,6529,133,1,3ac5102c6f2bc513eb86f2343729d5f51295afd9e738a690903fa32334fb4c28,3845,0,1,0
1,6,1,0,4,0.023232468996866373,0.017634999999999998,0.0045529999999999998,25444352,NA,NA,NA,NA,NA,NA,NA,NA,22160,6529,133,1,3ac5102c6f2bc513eb86f2343729d5f51295afd9e738a690903fa32334fb4c28,3833,0,1,0
1,6,0,1,21,0.03616491600041627,0.024478,0.011587,29851648,NA,NA,NA,NA,NA,NA,NA,NA,277920,89118,2402,8,089ec4ce05f5e4d43e3e352375117ee462b31249b272f87015d01ad0429bd7f9,4904,0,1,0
1,6,1,0,21,0.039537357999506639,0.032681000000000002,0.0067539999999999996,29523968,NA,NA,NA,NA,NA,NA,NA,NA,277920,89118,2402,8,089ec4ce05f5e4d43e3e352375117ee462b31249b272f87015d01ad0429bd7f9,4904,0,1,0
1,6,0,1,3,0.01882139999725041,0.01494,0.0037469999999999999,24571904,NA,NA,NA,NA,NA,NA,NA,NA,2008,136,5,1,8210b4f6eac12a20575e673437437e82cfff653da437ea17992a3aed56a99207,3646,0,1,0
1,6,1,0,3,0.02035681800043676,0.011975,0.0082709999999999988,24395776,NA,NA,NA,NA,NA,NA,NA,NA,2008,136,5,1,8210b4f6eac12a20575e673437437e82cfff653da437ea17992a3aed56a99207,3620,0,1,0
1,6,0,0,7,0.024380117996770423,0.015588999999999999,0.0086449999999999999,25313280,NA,NA,NA,NA,NA,NA,NA,NA,17504,6529,133,1,5e7e7625c8b52e7a71d9370c6c8ab5025ac2b81f4970efe917952ec17c538f1c,3857,0,1,1
1,6,1,1,7,0.021778711998194922,0.017807,0.0038639999999999998,25354240,NA,NA,NA,NA,NA,NA,NA,NA,17504,6529,133,1,5e7e7625c8b52e7a71d9370c6c8ab5025ac2b81f4970efe917952ec17c538f1c,3850,0,1,0
1,6,0,0,13,0.020564661001117202,0.012237,0.0082240000000000004,25583616,NA,NA,NA,NA,NA,NA,NA,NA,41016,35142,517,1,662bf8c3f785828e59b2e955c5f9255272bd2640c5dd7e9c2804e24f24350bdf,3878,0,1,0
1,6,1,1,13,0.019996884002466686,0.011703,0.008199999999999999,25346048,NA,NA,NA,NA,NA,NA,NA,NA,41016,35142,517,1,662bf8c3f785828e59b2e955c5f9255272bd2640c5dd7e9c2804e24f24350bdf,3875,0,1,0
1,6,0,0,6,0.021999372002028394,0.011356999999999999,0.010527999999999999,25718784,NA,NA,NA,NA,NA,NA,NA,NA,17504,6529,133,1,5e7e7625c8b52e7a71d9370c6c8ab5025ac2b81f4970efe917952ec17c538f1c,3834,0,1,0
1,6,1,1,6,0.023291691002668813,0.01908,0.0041019999999999997,25354240,NA,NA,NA,NA,NA,NA,NA,NA,17504,6529,133,1,5e7e7625c8b52e7a71d9370c6c8ab5025ac2b81f4970efe917952ec17c538f1c,3846,0,1,0
1,6,0,1,14,0.020163639997917926,0.012447,0.0075819999999999993,25522176,NA,NA,NA,NA,NA,NA,NA,NA,32824,35142,517,1,5a24ee2382083ee5d5eb9b364e57818da3678644deec6a705c5878fcd40e5876,3872,0,1,0
1,6,1,0,14,0.022486884998215828,0.0090039999999999999,0.013375999999999999,25677824,NA,NA,NA,NA,NA,NA,NA,NA,32824,35142,517,1,5a24ee2382083ee5d5eb9b364e57818da3678644deec6a705c5878fcd40e5876,3857,0,1,0
1,6,0,0,15,0.028323869999439921,0.016784,0.011099999999999999,25645056,NA,NA,NA,NA,NA,NA,NA,NA,32824,35142,517,1,5a24ee2382083ee5d5eb9b364e57818da3678644deec6a705c5878fcd40e5876,3860,0,1,0
1,6,1,1,15,0.024439589000394335,0.020635999999999998,0.0036959999999999996,25280512,NA,NA,NA,NA,NA,NA,NA,NA,32824,35142,517,1,5a24ee2382083ee5d5eb9b364e57818da3678644deec6a705c5878fcd40e5876,3878,0,1,0
1,6,0,1,5,0.026488679999602027,0.017136999999999999,0.0090639999999999991,25116672,NA,NA,NA,NA,NA,NA,NA,NA,25888,6529,133,1,6cbbbbf695d9298d218c01af658d12c9a04646e608628360a5a03df9e71e6d9c,3851,0,1,0
1,6,1,0,5,0.020493613999860827,0.016399,0.003999,25247744,NA,NA,NA,NA,NA,NA,NA,NA,25888,6529,133,1,6cbbbbf695d9298d218c01af658d12c9a04646e608628360a5a03df9e71e6d9c,3851,0,1,0
1,6,0,1,9,0.02236572900073952,0.013321999999999999,0.0088299999999999993,25526272,NA,NA,NA,NA,NA,NA,NA,NA,20048,5066,257,64,d8d78f7bb977c6f730c6b5cdfaa88bed294d141a9777385856f783cc112e0874,3854,0,1,0
1,6,1,0,9,0.025330853997729719,0.017936999999999998,0.0072939999999999993,25546752,NA,NA,NA,NA,NA,NA,NA,NA,20048,5066,257,64,d8d78f7bb977c6f730c6b5cdfaa88bed294d141a9777385856f783cc112e0874,3823,0,1,0
1,6,0,1,23,0.037326081001083367,0.028586999999999998,0.0085849999999999989,29892608,NA,NA,NA,NA,NA,NA,NA,NA,180960,89118,2402,8,46606a158b66af8518456db0739cae64d8d2e5f9a80404e15ddbb91810d3af0d,4892,0,1,0
1,6,1,0,23,0.036664348997874185,0.028371999999999998,0.0081720000000000004,29835264,NA,NA,NA,NA,NA,NA,NA,NA,180960,89118,2402,8,46606a158b66af8518456db0739cae64d8d2e5f9a80404e15ddbb91810d3af0d,4889,0,1,0
1,6,0,1,19,0.031887065000773873,0.018543999999999998,0.013214,27049984,NA,NA,NA,NA,NA,NA,NA,NA,94392,29499,417,8,ec97d55cded7bb1cbf8e12495905cb68073380af6a6370282abb8f233d21e857,4253,0,1,0
1,6,1,0,19,0.026166792998992605,0.022189999999999998,0.0038669999999999998,27156480,NA,NA,NA,NA,NA,NA,NA,NA,94392,29499,417,8,ec97d55cded7bb1cbf8e12495905cb68073380af6a6370282abb8f233d21e857,4235,0,1,0
1,6,0,0,12,0.031869290000031469,0.018144999999999998,0.013642999999999999,25608192,NA,NA,NA,NA,NA,NA,NA,NA,40904,35142,517,1,5c836afd34e5659fc140fff27358a40506e741bf81aa02c58678151e3747eac9,3916,0,0,0
1,6,1,1,12,0.023550767997221556,0.015625,0.0078099999999999992,25653248,NA,NA,NA,NA,NA,NA,NA,NA,40904,35142,517,1,5c836afd34e5659fc140fff27358a40506e741bf81aa02c58678151e3747eac9,3933,0,1,0
1,6,0,1,11,0.019983301001047948,0.015854,0.0040169999999999997,26288128,NA,NA,NA,NA,NA,NA,NA,NA,14928,5066,257,64,9655be68483f45304d566dfb3dc63ba1458a5653029061a6b60617464768d366,3848,0,1,0
1,6,1,0,11,0.026094775999808917,0.017430999999999999,0.0085550000000000001,25260032,NA,NA,NA,NA,NA,NA,NA,NA,14928,5066,257,64,9655be68483f45304d566dfb3dc63ba1458a5653029061a6b60617464768d366,3840,0,1,1
1,7,0,0,4,0.023786090998328291,0.019684,0.0039559999999999994,25214976,NA,NA,NA,NA,NA,NA,NA,NA,22160,6529,133,1,3ac5102c6f2bc513eb86f2343729d5f51295afd9e738a690903fa32334fb4c28,3849,0,1,2
1,7,1,1,4,0.025326577000669204,0.017014999999999999,0.0082259999999999989,25411584,NA,NA,NA,NA,NA,NA,NA,NA,22160,6529,133,1,3ac5102c6f2bc513eb86f2343729d5f51295afd9e738a690903fa32334fb4c28,3861,0,1,0
1,7,0,0,14,0.022389751000446267,0.0074669999999999997,0.014832,25341952,NA,NA,NA,NA,NA,NA,NA,NA,32824,35142,517,1,5a24ee2382083ee5d5eb9b364e57818da3678644deec6a705c5878fcd40e5876,3875,0,1,0
1,7,1,1,14,0.020740644999023061,0.0083309999999999999,0.01227,25341952,NA,NA,NA,NA,NA,NA,NA,NA,32824,35142,517,1,5a24ee2382083ee5d5eb9b364e57818da3678644deec6a705c5878fcd40e5876,3866,0,1,0
1,7,0,1,7,0.022506276000058278,0.014428,0.007925999999999999,25501696,NA,NA,NA,NA,NA,NA,NA,NA,17504,6529,133,1,5e7e7625c8b52e7a71d9370c6c8ab5025ac2b81f4970efe917952ec17c538f1c,3872,0,1,0
1,7,1,0,7,0.022719280001183506,0.011842999999999999,0.010756,25395200,NA,NA,NA,NA,NA,NA,NA,NA,17504,6529,133,1,5e7e7625c8b52e7a71d9370c6c8ab5025ac2b81f4970efe917952ec17c538f1c,3856,0,1,0
1,7,0,0,20,0.049469680001493543,0.041477,0.0078890000000000002,29392896,NA,NA,NA,NA,NA,NA,NA,NA,220064,89118,2402,8,9bed9a0bde0e198846d4983ba78bcd51e5e45d614941dd9bc544c1667832b5ea,4846,0,1,0
1,7,1,1,20,0.046106482997856801,0.034469,0.011509,29753344,NA,NA,NA,NA,NA,NA,NA,NA,220064,89118,2402,8,9bed9a0bde0e198846d4983ba78bcd51e5e45d614941dd9bc544c1667832b5ea,4857,0,1,0
1,7,0,0,21,0.042250095000781585,0.022995999999999999,0.018949000000000001,29831168,NA,NA,NA,NA,NA,NA,NA,NA,277920,89118,2402,8,089ec4ce05f5e4d43e3e352375117ee462b31249b272f87015d01ad0429bd7f9,4885,0,1,4
1,7,1,1,21,0.036492883002210874,0.020091999999999999,0.016302000000000001,30658560,NA,NA,NA,NA,NA,NA,NA,NA,277920,89118,2402,8,089ec4ce05f5e4d43e3e352375117ee462b31249b272f87015d01ad0429bd7f9,4911,0,1,0
1,7,0,1,15,0.020942672003002372,0.016913000000000001,0.0039069999999999999,25415680,NA,NA,NA,NA,NA,NA,NA,NA,32824,35142,517,1,5a24ee2382083ee5d5eb9b364e57818da3678644deec6a705c5878fcd40e5876,3895,0,1,1
1,7,1,0,15,0.022516393000842072,0.011039,0.011379,25604096,NA,NA,NA,NA,NA,NA,NA,NA,32824,35142,517,1,5a24ee2382083ee5d5eb9b364e57818da3678644deec6a705c5878fcd40e5876,3881,0,1,0
1,7,0,1,17,0.027948033999564359,0.023446999999999999,0.0043660000000000001,26976256,NA,NA,NA,NA,NA,NA,NA,NA,127800,29499,417,8,cf7b13a857f01f4a14779c4cf8ec5e795ca6dd011a53f4345643bcaf3709f18a,4244,0,1,1
1,7,1,0,17,0.026698912999563618,0.014997,0.011576999999999999,27156480,NA,NA,NA,NA,NA,NA,NA,NA,127800,29499,417,8,cf7b13a857f01f4a14779c4cf8ec5e795ca6dd011a53f4345643bcaf3709f18a,4226,0,1,0
1,7,0,0,1,0.019215382002585102,0.011502,0.0076149999999999994,24326144,NA,NA,NA,NA,NA,NA,NA,NA,2056,136,5,1,6b21b079ef6f8f7f055926600e53b906dd7be041e021dd2791b7aa8c55e24585,3618,0,1,0
1,7,1,1,1,0.023306052997213555,0.017856999999999998,0.0051009999999999996,24293376,NA,NA,NA,NA,NA,NA,NA,NA,2056,136,5,1,6b21b079ef6f8f7f055926600e53b906dd7be041e021dd2791b7aa8c55e24585,3650,0,1,0
1,7,0,1,13,0.022347104000800755,0.013561999999999999,0.0086750000000000004,25600000,NA,NA,NA,NA,NA,NA,NA,NA,41016,35142,517,1,662bf8c3f785828e59b2e955c5f9255272bd2640c5dd7e9c2804e24f24350bdf,3881,0,1,0
1,7,1,0,13,0.019937855999160092,0.0078079999999999998,0.012010999999999999,25595904,NA,NA,NA,NA,NA,NA,NA,NA,41016,35142,517,1,662bf8c3f785828e59b2e955c5f9255272bd2640c5dd7e9c2804e24f24350bdf,3882,0,1,0
1,7,0,1,18,0.025249460999475559,0.017866,0.0072889999999999995,27029504,NA,NA,NA,NA,NA,NA,NA,NA,94392,29499,417,8,ec97d55cded7bb1cbf8e12495905cb68073380af6a6370282abb8f233d21e857,4253,0,1,0
1,7,1,0,18,0.025752141998964362,0.017559999999999999,0.0080649999999999993,27164672,NA,NA,NA,NA,NA,NA,NA,NA,94392,29499,417,8,ec97d55cded7bb1cbf8e12495905cb68073380af6a6370282abb8f233d21e857,4218,0,1,0
1,7,0,0,5,0.021354546999646118,0.010825,0.010432,25559040,NA,NA,NA,NA,NA,NA,NA,NA,25888,6529,133,1,6cbbbbf695d9298d218c01af658d12c9a04646e608628360a5a03df9e71e6d9c,3834,0,1,0
1,7,1,1,5,0.020421788998646662,0.012031,0.0081960000000000002,25133056,NA,NA,NA,NA,NA,NA,NA,NA,25888,6529,133,1,6cbbbbf695d9298d218c01af658d12c9a04646e608628360a5a03df9e71e6d9c,3851,0,1,0
1,7,0,1,22,0.03723886800071341,0.029589999999999998,0.0074729999999999996,29601792,NA,NA,NA,NA,NA,NA,NA,NA,180960,89118,2402,8,46606a158b66af8518456db0739cae64d8d2e5f9a80404e15ddbb91810d3af0d,4843,0,1,0
1,7,1,0,22,0.038798350000433857,0.029699,0.0089709999999999998,29466624,NA,NA,NA,NA,NA,NA,NA,NA,180960,89118,2402,8,46606a158b66af8518456db0739cae64d8d2e5f9a80404e15ddbb91810d3af0d,4808,0,1,0
1,7,0,1,6,0.024278052998852218,0.017632999999999999,0.0065389999999999997,25116672,NA,NA,NA,NA,NA,NA,NA,NA,17504,6529,133,1,5e7e7625c8b52e7a71d9370c6c8ab5025ac2b81f4970efe917952ec17c538f1c,3862,0,1,0
1,7,1,0,6,0.022326736001559766,0.017151,0.0050539999999999995,25219072,NA,NA,NA,NA,NA,NA,NA,NA,17504,6529,133,1,5e7e7625c8b52e7a71d9370c6c8ab5025ac2b81f4970efe917952ec17c538f1c,3830,0,1,0
1,7,0,0,0,0.022370467999280663,0.018251,0.0038899999999999998,24637440,NA,NA,NA,NA,NA,NA,NA,NA,2008,136,5,1,a8c1633e798ef980493443e67e6fdb6eada42f775edf7051d304d09c3ddadf5a,3644,0,1,0
1,7,1,1,0,0.024658477999764727,0.013500999999999999,0.010919,24399872,NA,NA,NA,NA,NA,NA,NA,NA,2008,136,5,1,a8c1633e798ef980493443e67e6fdb6eada42f775edf7051d304d09c3ddadf5a,3655,0,1,1
1,7,0,0,8,0.021153760000743205,0.0087609999999999997,0.01226,25788416,NA,NA,NA,NA,NA,NA,NA,NA,13904,5066,257,64,f70f03940df99c8ce0b0b02082129e05360030bd32e6edc5877c0f69a31bb0a4,3910,0,1,0
1,7,1,1,8,0.021034987999883015,0.0087779999999999993,0.012152,25624576,NA,NA,NA,NA,NA,NA,NA,NA,13904,5066,257,64,f70f03940df99c8ce0b0b02082129e05360030bd32e6edc5877c0f69a31bb0a4,3903,0,1,1
1,7,0,0,23,0.034962850997544592,0.019202999999999998,0.01566,29589504,NA,NA,NA,NA,NA,NA,NA,NA,180960,89118,2402,8,46606a158b66af8518456db0739cae64d8d2e5f9a80404e15ddbb91810d3af0d,4892,0,1,0
1,7,1,1,23,0.0472266969991324,0.038051999999999996,0.008853999999999999,29843456,NA,NA,NA,NA,NA,NA,NA,NA,180960,89118,2402,8,46606a158b66af8518456db0739cae64d8d2e5f9a80404e15ddbb91810d3af0d,4887,0,1,0
1,7,0,1,12,0.022762331998819718,0.018754,0.0039099999999999994,26292224,NA,NA,NA,NA,NA,NA,NA,NA,40904,35142,517,1,5c836afd34e5659fc140fff27358a40506e741bf81aa02c58678151e3747eac9,3929,0,1,0
1,7,1,0,12,0.032289935999870067,0.022151999999999998,0.01001,25636864,NA,NA,NA,NA,NA,NA,NA,NA,40904,35142,517,1,5c836afd34e5659fc140fff27358a40506e741bf81aa02c58678151e3747eac9,3899,0,1,2
1,7,0,0,9,0.024428028998954687,0.017562999999999999,0.006764,25718784,NA,NA,NA,NA,NA,NA,NA,NA,20048,5066,257,64,d8d78f7bb977c6f730c6b5cdfaa88bed294d141a9777385856f783cc112e0874,3842,0,1,1
1,7,1,1,9,0.021492277999641374,0.0077099999999999998,0.013635999999999999,25116672,NA,NA,NA,NA,NA,NA,NA,NA,20048,5066,257,64,d8d78f7bb977c6f730c6b5cdfaa88bed294d141a9777385856f783cc112e0874,3840,0,1,1
1,7,0,1,10,0.027921927001443692,0.019177,0.0085690000000000002,26443776,NA,NA,NA,NA,NA,NA,NA,NA,14928,5066,257,64,9655be68483f45304d566dfb3dc63ba1458a5653029061a6b60617464768d366,3853,0,1,1
1,7,1,0,10,0.025466359998972621,0.019975,0.005391,25264128,NA,NA,NA,NA,NA,NA,NA,NA,14928,5066,257,64,9655be68483f45304d566dfb3dc63ba1458a5653029061a6b60617464768d366,3842,0,1,1
1,7,0,0,16,0.042268502998922486,0.023741999999999999,0.0076339999999999993,27308032,NA,NA,NA,NA,NA,NA,NA,NA,136888,29499,417,8,af3bdbbd0003d101664215b713d407f2160931601787a4fad2f046110caa3e72,4321,0,1,1
1,7,1,1,16,0.032552264998230385,0.023265999999999998,0.0091329999999999988,27484160,NA,NA,NA,NA,NA,NA,NA,NA,136888,29499,417,8,af3bdbbd0003d101664215b713d407f2160931601787a4fad2f046110caa3e72,4314,0,1,1
1,7,0,1,2,0.020894899000268197,0.016767000000000001,0.0039610000000000001,24440832,NA,NA,NA,NA,NA,NA,NA,NA,2008,136,5,1,8210b4f6eac12a20575e673437437e82cfff653da437ea17992a3aed56a99207,3649,0,1,0
1,7,1,0,2,0.018616118002682924,0.0092239999999999996,0.0090609999999999996,24285184,NA,NA,NA,NA,NA,NA,NA,NA,2008,136,5,1,8210b4f6eac12a20575e673437437e82cfff653da437ea17992a3aed56a99207,3634,0,1,0
1,7,0,0,11,0.019941915998060722,0.016256,0.003588,25370624,NA,NA,NA,NA,NA,NA,NA,NA,14928,5066,257,64,9655be68483f45304d566dfb3dc63ba1458a5653029061a6b60617464768d366,3840,0,1,0
1,7,1,1,11,0.018981003999215318,0.015042,0.0037719999999999997,25284608,NA,NA,NA,NA,NA,NA,NA,NA,14928,5066,257,64,9655be68483f45304d566dfb3dc63ba1458a5653029061a6b60617464768d366,3837,0,1,0
1,7,0,0,19,0.02261188899865374,0.015151999999999999,0.0073679999999999995,27045888,NA,NA,NA,NA,NA,NA,NA,NA,94392,29499,417,8,ec97d55cded7bb1cbf8e12495905cb68073380af6a6370282abb8f233d21e857,4222,0,1,0
1,7,1,1,19,0.024485051002557157,0.016056000000000001,0.0083099999999999997,28000256,NA,NA,NA,NA,NA,NA,NA,NA,94392,29499,417,8,ec97d55cded7bb1cbf8e12495905cb68073380af6a6370282abb8f233d21e857,4252,0,1,0
1,7,0,0,3,0.019781188002525596,0.0078300000000000002,0.011821,24637440,NA,NA,NA,NA,NA,NA,NA,NA,2008,136,5,1,8210b4f6eac12a20575e673437437e82cfff653da437ea17992a3aed56a99207,3636,0,1,0
1,7,1,1,3,0.017169848000776256,0.0085369999999999994,0.0085369999999999994,24268800,NA,NA,NA,NA,NA,NA,NA,NA,2008,136,5,1,8210b4f6eac12a20575e673437437e82cfff653da437ea17992a3aed56a99207,3627,0,1,1
