round,pair,order,variant,job,wall_seconds,user_seconds,system_seconds,peak_rss_bytes,cycles,instructions,branches,branch_misses,cache_references,cache_misses,arena_calls,arena_bytes,output_bytes,source_bytes,source_lines,source_functions,output_sha256,minor_faults,major_faults,voluntary_context_switches,involuntary_context_switches
0,0,0,0,4,0.19897242900000001,0.16839899999999999,0.0066039999999999996,411549696,NA,NA,NA,NA,NA,NA,NA,NA,3318496,1882629,26625,512,ff2a25ad60d39948f157d4ecadc3b1f099b61e0fa95b5446763968dcc9e0e2de,1229,0,99,22
0,0,1,1,4,0.19567420200000002,0.15576999999999999,0.020760000000000001,411971584,NA,NA,NA,NA,NA,NA,NA,NA,3318496,1882629,26625,512,ff2a25ad60d39948f157d4ecadc3b1f099b61e0fa95b5446763968dcc9e0e2de,788,0,58,22
0,0,0,1,0,0.019707467000000003,0.0044510000000000001,0.0044539999999999996,55521280,NA,NA,NA,NA,NA,NA,NA,NA,2408,135,5,1,3d4d37e7dcef36139698862d60d536450dfb480779ac0676046a82e065e8af0f,1032,0,11,2
0,0,1,0,0,0.019633276000000002,0.0084479999999999989,0,55287808,NA,NA,NA,NA,NA,NA,NA,NA,2408,135,5,1,3d4d37e7dcef36139698862d60d536450dfb480779ac0676046a82e065e8af0f,1026,0,11,3
0,0,0,1,3,0.061062707000000001,0.042419999999999999,0.0070739999999999996,175271936,NA,NA,NA,NA,NA,NA,NA,NA,2034104,2240463,32773,1,ac2c95b5e7d6e8c1837c1873a4de39a4ebe4476436e3f88bac5be95b6d1b5c2c,1122,0,18,10
0,0,1,0,3,0.062766473000000003,0.044655,0.0063829999999999998,174968832,NA,NA,NA,NA,NA,NA,NA,NA,2034104,2240463,32773,1,ac2c95b5e7d6e8c1837c1873a4de39a4ebe4476436e3f88bac5be95b6d1b5c2c,1117,0,39,10
0,0,0,0,5,0.45269523300000003,0.38522000000000001,0.046898999999999996,1028005888,NA,NA,NA,NA,NA,NA,NA,NA,11457352,5690734,153602,512,403312a97a3e99fe27317c1f28b1ff252fafdd2816dd615c6a7e00126747644b,1140,0,192,24
0,0,1,1,5,0.46613452200000005,0.37859699999999996,0.053134000000000001,1028370432,NA,NA,NA,NA,NA,NA,NA,NA,11457352,5690734,153602,512,403312a97a3e99fe27317c1f28b1ff252fafdd2816dd615c6a7e00126747644b,1149,0,65,27
0,0,0,1,1,0.058394573000000005,0.042907000000000001,0.003578,152281088,NA,NA,NA,NA,NA,NA,NA,NA,1018592,407679,8197,1,20eb35e3894499e2f63cb7de484c538d87cee78f36bdbc9a59f2c383a0ec97fb,1081,0,20,7
0,0,1,0,1,0.061356798000000004,0.043226999999999995,0.0066479999999999994,154439680,NA,NA,NA,NA,NA,NA,NA,NA,1018592,407679,8197,1,20eb35e3894499e2f63cb7de484c538d87cee78f36bdbc9a59f2c383a0ec97fb,636,0,23,11
0,0,0,0,2,0.040527397999999999,0.026341999999999997,0.0032959999999999999,131702784,NA,NA,NA,NA,NA,NA,NA,NA,837856,318511,16385,4096,53bcb4b7244f10985ba78b02026020f091907c6c2bc8edcdcc9bf568fb6ba9bf,632,0,26,7
0,0,1,1,2,0.041720967000000005,0.021211999999999998,0.0090879999999999989,133472256,NA,NA,NA,NA,NA,NA,NA,NA,837856,318511,16385,4096,53bcb4b7244f10985ba78b02026020f091907c6c2bc8edcdcc9bf568fb6ba9bf,1074,0,22,6
0,1,0,0,3,0.062160928000000004,0.040541999999999995,0.010121999999999999,174862336,NA,NA,NA,NA,NA,NA,NA,NA,2034104,2240463,32773,1,ac2c95b5e7d6e8c1837c1873a4de39a4ebe4476436e3f88bac5be95b6d1b5c2c,1118,0,40,8
0,1,1,1,3,0.061085609000000006,0.045921999999999998,0.0035349999999999999,175099904,NA,NA,NA,NA,NA,NA,NA,NA,2034104,2240463,32773,1,ac2c95b5e7d6e8c1837c1873a4de39a4ebe4476436e3f88bac5be95b6d1b5c2c,1120,0,50,10
0,1,0,1,4,0.19331608900000002,0.15739400000000001,0.016743999999999998,411934720,NA,NA,NA,NA,NA,NA,NA,NA,3318496,1882629,26625,512,ff2a25ad60d39948f157d4ecadc3b1f099b61e0fa95b5446763968dcc9e0e2de,785,0,114,17
0,1,1,0,4,0.19379753200000002,0.15470100000000001,0.019747000000000001,411529216,NA,NA,NA,NA,NA,NA,NA,NA,3318496,1882629,26625,512,ff2a25ad60d39948f157d4ecadc3b1f099b61e0fa95b5446763968dcc9e0e2de,1224,0,74,15
0,1,0,1,2,0.041332358,0.023479,0.0067199999999999994,133533696,NA,NA,NA,NA,NA,NA,NA,NA,837856,318511,16385,4096,53bcb4b7244f10985ba78b02026020f091907c6c2bc8edcdcc9bf568fb6ba9bf,1075,0,23,6
0,1,1,0,2,0.041159694000000004,0.030010999999999999,0,131313664,NA,NA,NA,NA,NA,NA,NA,NA,837856,318511,16385,4096,53bcb4b7244f10985ba78b02026020f091907c6c2bc8edcdcc9bf568fb6ba9bf,626,0,25,6
0,1,0,0,1,0.060245192000000003,0.027224999999999999,0.021144,154370048,NA,NA,NA,NA,NA,NA,NA,NA,1018592,407679,8197,1,20eb35e3894499e2f63cb7de484c538d87cee78f36bdbc9a59f2c383a0ec97fb,1082,0,40,9
0,1,1,1,1,0.057864799000000001,0.039733999999999998,0.0066259999999999999,152420352,NA,NA,NA,NA,NA,NA,NA,NA,1018592,407679,8197,1,20eb35e3894499e2f63cb7de484c538d87cee78f36bdbc9a59f2c383a0ec97fb,1082,0,24,8
0,1,0,0,0,0.018770728,0.0054310000000000001,0.0027129999999999997,55324672,NA,NA,NA,NA,NA,NA,NA,NA,2408,135,5,1,3d4d37e7dcef36139698862d60d536450dfb480779ac0676046a82e065e8af0f,1028,0,12,3
0,1,1,1,0,0.018861119000000003,0.004104,0.004104,55427072,NA,NA,NA,NA,NA,NA,NA,NA,2408,135,5,1,3d4d37e7dcef36139698862d60d536450dfb480779ac0676046a82e065e8af0f,1053,0,12,3
0,1,0,1,5,0.45238740200000005,0.37840499999999999,0.053101999999999996,1028341760,NA,NA,NA,NA,NA,NA,NA,NA,11457352,5690734,153602,512,403312a97a3e99fe27317c1f28b1ff252fafdd2816dd615c6a7e00126747644b,1145,0,108,27
0,1,1,0,5,0.45097342200000001,0.38983299999999999,0.040316999999999999,1028009984,NA,NA,NA,NA,NA,NA,NA,NA,11457352,5690734,153602,512,403312a97a3e99fe27317c1f28b1ff252fafdd2816dd615c6a7e00126747644b,1130,0,95,31
0,2,0,0,5,0.45990849900000003,0.390096,0.039685999999999999,1027964928,NA,NA,NA,NA,NA,NA,NA,NA,11457352,5690734,153602,512,403312a97a3e99fe27317c1f28b1ff252fafdd2816dd615c6a7e00126747644b,1583,0,197,17
0,2,1,1,5,0.45448349300000002,0.39335499999999995,0.040351999999999999,1028014080,NA,NA,NA,NA,NA,NA,NA,NA,11457352,5690734,153602,512,403312a97a3e99fe27317c1f28b1ff252fafdd2816dd615c6a7e00126747644b,1142,0,114,16
0,2,0,0,1,0.060382360000000003,0.041606999999999998,0.0069369999999999996,154288128,NA,NA,NA,NA,NA,NA,NA,NA,1018592,407679,8197,1,20eb35e3894499e2f63cb7de484c538d87cee78f36bdbc9a59f2c383a0ec97fb,1079,0,19,10
0,2,1,1,1,0.058079430000000001,0.036291999999999998,0.0099049999999999989,152178688,NA,NA,NA,NA,NA,NA,NA,NA,1018592,407679,8197,1,20eb35e3894499e2f63cb7de484c538d87cee78f36bdbc9a59f2c383a0ec97fb,1079,0,41,10
0,2,0,0,3,0.062107726000000002,0.037677999999999996,0.012551999999999999,175177728,NA,NA,NA,NA,NA,NA,NA,NA,2034104,2240463,32773,1,ac2c95b5e7d6e8c1837c1873a4de39a4ebe4476436e3f88bac5be95b6d1b5c2c,1122,0,49,10
0,2,1,1,3,0.061892512000000004,0.046538999999999997,0.0035629999999999998,174977024,NA,NA,NA,NA,NA,NA,NA,NA,2034104,2240463,32773,1,ac2c95b5e7d6e8c1837c1873a4de39a4ebe4476436e3f88bac5be95b6d1b5c2c,1118,0,28,9
0,2,0,1,2,0.041333900999999999,0.026265999999999998,0.003754,133181440,NA,NA,NA,NA,NA,NA,NA,NA,837856,318511,16385,4096,53bcb4b7244f10985ba78b02026020f091907c6c2bc8edcdcc9bf568fb6ba9bf,1070,0,28,7
0,2,1,0,2,0.041017357000000004,0.023199999999999998,0.0066279999999999993,131616768,NA,NA,NA,NA,NA,NA,NA,NA,837856,318511,16385,4096,53bcb4b7244f10985ba78b02026020f091907c6c2bc8edcdcc9bf568fb6ba9bf,626,0,27,8
0,2,0,1,4,0.19517376,0.16200000000000001,0.013224999999999999,412012544,NA,NA,NA,NA,NA,NA,NA,NA,3318496,1882629,26625,512,ff2a25ad60d39948f157d4ecadc3b1f099b61e0fa95b5446763968dcc9e0e2de,788,0,83,16
0,2,1,0,4,0.19315079500000001,0.150562,0.023420999999999997,411701248,NA,NA,NA,NA,NA,NA,NA,NA,3318496,1882629,26625,512,ff2a25ad60d39948f157d4ecadc3b1f099b61e0fa95b5446763968dcc9e0e2de,1227,0,103,16
0,2,0,0,0,0.019485769,0.0043080000000000002,0.0043140000000000001,55070720,NA,NA,NA,NA,NA,NA,NA,NA,2408,135,5,1,3d4d37e7dcef36139698862d60d536450dfb480779ac0676046a82e065e8af0f,1024,0,11,3
0,2,1,1,0,0.019072917000000002,0.0041939999999999998,0.0041970000000000002,55296000,NA,NA,NA,NA,NA,NA,NA,NA,2408,135,5,1,3d4d37e7dcef36139698862d60d536450dfb480779ac0676046a82e065e8af0f,1027,0,10,4
0,3,0,1,0,0.018586452,0.003993,0.0039889999999999995,55316480,NA,NA,NA,NA,NA,NA,NA,NA,2408,135,5,1,3d4d37e7dcef36139698862d60d536450dfb480779ac0676046a82e065e8af0f,1028,0,12,3
0,3,1,0,0,0.019396372000000002,0.0041279999999999997,0.00413,55177216,NA,NA,NA,NA,NA,NA,NA,NA,2408,135,5,1,3d4d37e7dcef36139698862d60d536450dfb480779ac0676046a82e065e8af0f,1055,0,12,4
0,3,0,0,2,0.041105492,0.029845999999999998,0,131305472,NA,NA,NA,NA,NA,NA,NA,NA,837856,318511,16385,4096,53bcb4b7244f10985ba78b02026020f091907c6c2bc8edcdcc9bf568fb6ba9bf,1071,0,30,7
0,3,1,1,2,0.041446532000000001,0.021122999999999999,0.0090589999999999993,133365760,NA,NA,NA,NA,NA,NA,NA,NA,837856,318511,16385,4096,53bcb4b7244f10985ba78b02026020f091907c6c2bc8edcdcc9bf568fb6ba9bf,1085,0,24,7
0,3,0,0,4,0.19390827500000002,0.14559800000000001,0.029121999999999999,412045312,NA,NA,NA,NA,NA,NA,NA,NA,3318496,1882629,26625,512,ff2a25ad60d39948f157d4ecadc3b1f099b61e0fa95b5446763968dcc9e0e2de,790,0,103,18
0,3,1,1,4,0.19520596000000001,0.159666,0.016293999999999999,411549696,NA,NA,NA,NA,NA,NA,NA,NA,3318496,1882629,26625,512,ff2a25ad60d39948f157d4ecadc3b1f099b61e0fa95b5446763968dcc9e0e2de,1228,0,118,18
0,3,0,1,1,0.057763858000000001,0.039654999999999996,0.0066169999999999996,152383488,NA,NA,NA,NA,NA,NA,NA,NA,1018592,407679,8197,1,20eb35e3894499e2f63cb7de484c538d87cee78f36bdbc9a59f2c383a0ec97fb,630,0,18,7
0,3,1,0,1,0.074196191000000009,0.048404999999999997,0,154206208,NA,NA,NA,NA,NA,NA,NA,NA,1018592,407679,8197,1,20eb35e3894499e2f63cb7de484c538d87cee78f36bdbc9a59f2c383a0ec97fb,1076,0,38,9
0,3,0,1,3,0.062154975000000001,0.040080999999999999,0.010024,174985216,NA,NA,NA,NA,NA,NA,NA,NA,2034104,2240463,32773,1,ac2c95b5e7d6e8c1837c1873a4de39a4ebe4476436e3f88bac5be95b6d1b5c2c,1120,0,72,9
0,3,1,0,3,0.061908462000000004,0.043451999999999998,0.0066799999999999993,175165440,NA,NA,NA,NA,NA,NA,NA,NA,2034104,2240463,32773,1,ac2c95b5e7d6e8c1837c1873a4de39a4ebe4476436e3f88bac5be95b6d1b5c2c,678,0,39,8
0,3,0,1,5,0.45750955600000004,0.37842199999999998,0.053116999999999998,1027776512,NA,NA,NA,NA,NA,NA,NA,NA,11457352,5690734,153602,512,403312a97a3e99fe27317c1f28b1ff252fafdd2816dd615c6a7e00126747644b,1584,0,142,22
0,3,1,0,5,0.45795026900000002,0.37567,0.053648999999999995,1028202496,NA,NA,NA,NA,NA,NA,NA,NA,11457352,5690734,153602,512,403312a97a3e99fe27317c1f28b1ff252fafdd2816dd615c6a7e00126747644b,1142,0,218,15
0,4,0,1,4,0.19593739100000002,0.15892299999999998,0.017906999999999999,411713536,NA,NA,NA,NA,NA,NA,NA,NA,3318496,1882629,26625,512,ff2a25ad60d39948f157d4ecadc3b1f099b61e0fa95b5446763968dcc9e0e2de,1230,0,88,13
0,4,1,0,4,0.19446301500000002,0.155528,0.019439999999999999,411484160,NA,NA,NA,NA,NA,NA,NA,NA,3318496,1882629,26625,512,ff2a25ad60d39948f157d4ecadc3b1f099b61e0fa95b5446763968dcc9e0e2de,1228,0,120,16
0,4,0,1,1,0.057874143000000003,0.036304999999999997,0.0099010000000000001,152055808,NA,NA,NA,NA,NA,NA,NA,NA,1018592,407679,8197,1,20eb35e3894499e2f63cb7de484c538d87cee78f36bdbc9a59f2c383a0ec97fb,1076,0,22,10
0,4,1,0,1,0.060268467000000006,0.041624999999999995,0.0069379999999999997,154402816,NA,NA,NA,NA,NA,NA,NA,NA,1018592,407679,8197,1,20eb35e3894499e2f63cb7de484c538d87cee78f36bdbc9a59f2c383a0ec97fb,1081,0,47,8
0,4,0,1,3,0.062520259000000009,0.047244000000000001,0.0033769999999999998,175132672,NA,NA,NA,NA,NA,NA,NA,NA,2034104,2240463,32773,1,ac2c95b5e7d6e8c1837c1873a4de39a4ebe4476436e3f88bac5be95b6d1b5c2c,1123,0,56,11
0,4,1,0,3,0.062762565000000006,0.040506,0.010128,175312896,NA,NA,NA,NA,NA,NA,NA,NA,2034104,2240463,32773,1,ac2c95b5e7d6e8c1837c1873a4de39a4ebe4476436e3f88bac5be95b6d1b5c2c,1127,0,40,10
0,4,0,1,0,0.019210814,0.0042560000000000002,0.0042639999999999996,55525376,NA,NA,NA,NA,NA,NA,NA,NA,2408,135,5,1,3d4d37e7dcef36139698862d60d536450dfb480779ac0676046a82e065e8af0f,1060,0,14,4
0,4,1,0,0,0.018726635000000002,0.0080439999999999991,0,55222272,NA,NA,NA,NA,NA,NA,NA,NA,2408,135,5,1,3d4d37e7dcef36139698862d60d536450dfb480779ac0676046a82e065e8af0f,1032,0,13,4
0,4,0,1,5,0.46274609400000005,0.39696899999999996,0.036698999999999996,1027989504,NA,NA,NA,NA,NA,NA,NA,NA,11457352,5690734,153602,512,403312a97a3e99fe27317c1f28b1ff252fafdd2816dd615c6a7e00126747644b,1140,0,211,22
0,4,1,0,5,0.44549724100000004,0.386467,0.046627999999999996,1027948544,NA,NA,NA,NA,NA,NA,NA,NA,11457352,5690734,153602,512,403312a97a3e99fe27317c1f28b1ff252fafdd2816dd615c6a7e00126747644b,1140,0,302,24
0,4,0,1,2,0.041564974000000005,0.020126999999999999,0.010064,133259264,NA,NA,NA,NA,NA,NA,NA,NA,837856,318511,16385,4096,53bcb4b7244f10985ba78b02026020f091907c6c2bc8edcdcc9bf568fb6ba9bf,1072,0,25,6
0,4,1,0,2,0.041183908000000005,0.026598999999999998,0.0033309999999999998,131248128,NA,NA,NA,NA,NA,NA,NA,NA,837856,318511,16385,4096,53bcb4b7244f10985ba78b02026020f091907c6c2bc8edcdcc9bf568fb6ba9bf,1068,0,21,7
0,5,0,0,2,0.041142059000000002,0.023191999999999997,0.0066209999999999993,131031040,NA,NA,NA,NA,NA,NA,NA,NA,837856,318511,16385,4096,53bcb4b7244f10985ba78b02026020f091907c6c2bc8edcdcc9bf568fb6ba9bf,1067,0,21,6
0,5,1,1,2,0.051108734000000003,0.021066999999999999,0.0090200000000000002,133439488,NA,NA,NA,NA,NA,NA,NA,NA,837856,318511,16385,4096,53bcb4b7244f10985ba78b02026020f091907c6c2bc8edcdcc9bf568fb6ba9bf,629,0,23,8
0,5,0,0,1,0.060240062000000004,0.044912000000000001,0.0034579999999999997,154333184,NA,NA,NA,NA,NA,NA,NA,NA,1018592,407679,8197,1,20eb35e3894499e2f63cb7de484c538d87cee78f36bdbc9a59f2c383a0ec97fb,1079,0,22,8
0,5,1,1,1,0.057580825000000002,0.036126999999999999,0.0098619999999999992,152436736,NA,NA,NA,NA,NA,NA,NA,NA,1018592,407679,8197,1,20eb35e3894499e2f63cb7de484c538d87cee78f36bdbc9a59f2c383a0ec97fb,1085,0,27,8
0,5,0,0,3,0.061847407000000007,0.043553999999999995,0.0066889999999999996,174960640,NA,NA,NA,NA,NA,NA,NA,NA,2034104,2240463,32773,1,ac2c95b5e7d6e8c1837c1873a4de39a4ebe4476436e3f88bac5be95b6d1b5c2c,1118,0,55,9
0,5,1,1,3,0.061154407000000001,0.043011000000000001,0.0066010000000000001,175271936,NA,NA,NA,NA,NA,NA,NA,NA,2034104,2240463,32773,1,ac2c95b5e7d6e8c1837c1873a4de39a4ebe4476436e3f88bac5be95b6d1b5c2c,1123,0,41,9
0,5,0,0,0,0.018751873000000002,0.0027810000000000001,0.0055690000000000002,55091200,NA,NA,NA,NA,NA,NA,NA,NA,2408,135,5,1,3d4d37e7dcef36139698862d60d536450dfb480779ac0676046a82e065e8af0f,1027,0,12,4
0,5,1,1,0,0.018997575000000003,0.0083619999999999996,0,55357440,NA,NA,NA,NA,NA,NA,NA,NA,2408,135,5,1,3d4d37e7dcef36139698862d60d536450dfb480779ac0676046a82e065e8af0f,585,0,9,3
0,5,0,0,5,0.44353777200000005,0.38751199999999997,0.043427,1028009984,NA,NA,NA,NA,NA,NA,NA,NA,11457352,5690734,153602,512,403312a97a3e99fe27317c1f28b1ff252fafdd2816dd615c6a7e00126747644b,1624,0,294,27
0,5,1,1,5,0.45382087000000004,0.37943099999999996,0.053251,1027911680,NA,NA,NA,NA,NA,NA,NA,NA,11457352,5690734,153602,512,403312a97a3e99fe27317c1f28b1ff252fafdd2816dd615c6a7e00126747644b,1585,0,83,19
0,5,0,0,4,0.19458515200000001,0.16214499999999998,0.01324,411549696,NA,NA,NA,NA,NA,NA,NA,NA,3318496,1882629,26625,512,ff2a25ad60d39948f157d4ecadc3b1f099b61e0fa95b5446763968dcc9e0e2de,1227,0,93,10
0,5,1,1,4,0.19529812000000002,0.146726,0.029342999999999998,411590656,NA,NA,NA,NA,NA,NA,NA,NA,3318496,1882629,26625,512,ff2a25ad60d39948f157d4ecadc3b1f099b61e0fa95b5446763968dcc9e0e2de,1227,0,104,17
0,6,0,0,1,0.060617961000000005,0.035730999999999999,0.012999999999999999,154267648,NA,NA,NA,NA,NA,NA,NA,NA,1018592,407679,8197,1,20eb35e3894499e2f63cb7de484c538d87cee78f36bdbc9a59f2c383a0ec97fb,1078,0,24,10
0,6,1,1,1,0.060046708000000004,0.039063000000000001,0.0097699999999999992,152399872,NA,NA,NA,NA,NA,NA,NA,NA,1018592,407679,8197,1,20eb35e3894499e2f63cb7de484c538d87cee78f36bdbc9a59f2c383a0ec97fb,1084,0,25,10
0,6,0,1,2,0.040873666000000003,0.026563999999999997,0.0033209999999999997,133263360,NA,NA,NA,NA,NA,NA,NA,NA,837856,318511,16385,4096,53bcb4b7244f10985ba78b02026020f091907c6c2bc8edcdcc9bf568fb6ba9bf,1069,0,29,5
0,6,1,0,2,0.041117273000000003,0.014875999999999999,0.014893999999999999,131022848,NA,NA,NA,NA,NA,NA,NA,NA,837856,318511,16385,4096,53bcb4b7244f10985ba78b02026020f091907c6c2bc8edcdcc9bf568fb6ba9bf,1068,0,27,10
0,6,0,0,4,0.194346765,0.145761,0.029165,411545600,NA,NA,NA,NA,NA,NA,NA,NA,3318496,1882629,26625,512,ff2a25ad60d39948f157d4ecadc3b1f099b61e0fa95b5446763968dcc9e0e2de,1228,0,92,17
0,6,1,1,4,0.19345837800000001,0.154112,0.020108999999999998,411811840,NA,NA,NA,NA,NA,NA,NA,NA,3318496,1882629,26625,512,ff2a25ad60d39948f157d4ecadc3b1f099b61e0fa95b5446763968dcc9e0e2de,778,0,101,14
0,6,0,1,5,0.46674049900000003,0.37338299999999996,0.059993999999999999,1027584000,NA,NA,NA,NA,NA,NA,NA,NA,11457352,5690734,153602,512,403312a97a3e99fe27317c1f28b1ff252fafdd2816dd615c6a7e00126747644b,1582,0,175,26
0,6,1,0,5,0.45911343500000001,0.37688099999999997,0.052905999999999995,1027919872,NA,NA,NA,NA,NA,NA,NA,NA,11457352,5690734,153602,512,403312a97a3e99fe27317c1f28b1ff252fafdd2816dd615c6a7e00126747644b,1623,0,60,15
0,6,0,1,0,0.020050147000000001,0.0029979999999999998,0.0059849999999999999,55209984,NA,NA,NA,NA,NA,NA,NA,NA,2408,135,5,1,3d4d37e7dcef36139698862d60d536450dfb480779ac0676046a82e065e8af0f,1029,0,10,4
0,6,1,0,0,0.020067039000000002,0.0054840000000000002,0.0027299999999999998,55631872,NA,NA,NA,NA,NA,NA,NA,NA,2408,135,5,1,3d4d37e7dcef36139698862d60d536450dfb480779ac0676046a82e065e8af0f,585,0,9,4
0,6,0,1,3,0.061698127000000005,0.042723999999999998,0.0071289999999999999,175083520,NA,NA,NA,NA,NA,NA,NA,NA,2034104,2240463,32773,1,ac2c95b5e7d6e8c1837c1873a4de39a4ebe4476436e3f88bac5be95b6d1b5c2c,1121,0,58,10
0,6,1,0,3,0.061968243000000006,0.046982999999999997,0.0033549999999999999,175546368,NA,NA,NA,NA,NA,NA,NA,NA,2034104,2240463,32773,1,ac2c95b5e7d6e8c1837c1873a4de39a4ebe4476436e3f88bac5be95b6d1b5c2c,681,0,56,8
0,7,0,0,5,0.45346293400000004,0.38518399999999997,0.046901999999999999,1027694592,NA,NA,NA,NA,NA,NA,NA,NA,11457352,5690734,153602,512,403312a97a3e99fe27317c1f28b1ff252fafdd2816dd615c6a7e00126747644b,1582,0,20,23
0,7,1,1,5,0.46151842400000004,0.376975,0.056209999999999996,1028009984,NA,NA,NA,NA,NA,NA,NA,NA,11457352,5690734,153602,512,403312a97a3e99fe27317c1f28b1ff252fafdd2816dd615c6a7e00126747644b,1141,0,174,17
0,7,0,0,3,0.062320764000000001,0.043541999999999997,0.0067039999999999999,175030272,NA,NA,NA,NA,NA,NA,NA,NA,2034104,2240463,32773,1,ac2c95b5e7d6e8c1837c1873a4de39a4ebe4476436e3f88bac5be95b6d1b5c2c,1133,0,45,9
0,7,1,1,3,0.061559155000000004,0.036567999999999996,0.013313,175378432,NA,NA,NA,NA,NA,NA,NA,NA,2034104,2240463,32773,1,ac2c95b5e7d6e8c1837c1873a4de39a4ebe4476436e3f88bac5be95b6d1b5c2c,678,0,64,11
0,7,0,0,2,0.041548552000000002,0.023428999999999998,0.0066860000000000001,131162112,NA,NA,NA,NA,NA,NA,NA,NA,837856,318511,16385,4096,53bcb4b7244f10985ba78b02026020f091907c6c2bc8edcdcc9bf568fb6ba9bf,1068,0,31,7
0,7,1,1,2,0.041498358000000006,0.020052999999999998,0.010033,133746688,NA,NA,NA,NA,NA,NA,NA,NA,837856,318511,16385,4096,53bcb4b7244f10985ba78b02026020f091907c6c2bc8edcdcc9bf568fb6ba9bf,631,0,25,6
0,7,0,1,4,0.19529155600000001,0.165773,0.010151,412188672,NA,NA,NA,NA,NA,NA,NA,NA,3318496,1882629,26625,512,ff2a25ad60d39948f157d4ecadc3b1f099b61e0fa95b5446763968dcc9e0e2de,792,0,93,17
0,7,1,0,4,0.19431061400000002,0.15814699999999998,0.016823999999999999,411877376,NA,NA,NA,NA,NA,NA,NA,NA,3318496,1882629,26625,512,ff2a25ad60d39948f157d4ecadc3b1f099b61e0fa95b5446763968dcc9e0e2de,787,0,121,17
0,7,0,1,1,0.058133530000000003,0.037051000000000001,0.0092529999999999991,152375296,NA,NA,NA,NA,NA,NA,NA,NA,1018592,407679,8197,1,20eb35e3894499e2f63cb7de484c538d87cee78f36bdbc9a59f2c383a0ec97fb,636,0,20,9
0,7,1,0,1,0.061605142000000002,0.039923,0.0099620000000000004,154222592,NA,NA,NA,NA,NA,NA,NA,NA,1018592,407679,8197,1,20eb35e3894499e2f63cb7de484c538d87cee78f36bdbc9a59f2c383a0ec97fb,1076,0,22,8
0,7,0,0,0,0.019771064000000001,0.0055009999999999998,0.0027469999999999999,55201792,NA,NA,NA,NA,NA,NA,NA,NA,2408,135,5,1,3d4d37e7dcef36139698862d60d536450dfb480779ac0676046a82e065e8af0f,1024,0,9,3
0,7,1,1,0,0.019908993,0.0055649999999999996,0.0027789999999999998,55259136,NA,NA,NA,NA,NA,NA,NA,NA,2408,135,5,1,3d4d37e7dcef36139698862d60d536450dfb480779ac0676046a82e065e8af0f,1026,0,10,4
0,8,0,1,4,0.19388021700000002,0.14772299999999999,0.026841999999999998,411512832,NA,NA,NA,NA,NA,NA,NA,NA,3318496,1882629,26625,512,ff2a25ad60d39948f157d4ecadc3b1f099b61e0fa95b5446763968dcc9e0e2de,1228,0,103,16
0,8,1,0,4,0.19475943700000001,0.16175100000000001,0.013486999999999999,411537408,NA,NA,NA,NA,NA,NA,NA,NA,3318496,1882629,26625,512,ff2a25ad60d39948f157d4ecadc3b1f099b61e0fa95b5446763968dcc9e0e2de,1227,0,99,14
0,8,0,0,1,0.061480418000000002,0.049571999999999998,0,154169344,NA,NA,NA,NA,NA,NA,NA,NA,1018592,407679,8197,1,20eb35e3894499e2f63cb7de484c538d87cee78f36bdbc9a59f2c383a0ec97fb,1080,0,29,8
0,8,1,1,1,0.057345531000000005,0.045742999999999999,0,152371200,NA,NA,NA,NA,NA,NA,NA,NA,1018592,407679,8197,1,20eb35e3894499e2f63cb7de484c538d87cee78f36bdbc9a59f2c383a0ec97fb,637,0,25,9
0,8,0,1,0,0.019593742000000001,0.0084010000000000005,0,55160832,NA,NA,NA,NA,NA,NA,NA,NA,2408,135,5,1,3d4d37e7dcef36139698862d60d536450dfb480779ac0676046a82e065e8af0f,1024,0,10,4
0,8,1,0,0,0.019342150000000002,0.0082240000000000004,0,55488512,NA,NA,NA,NA,NA,NA,NA,NA,2408,135,5,1,3d4d37e7dcef36139698862d60d536450dfb480779ac0676046a82e065e8af0f,585,0,9,2
0,8,0,0,2,0.041124206000000003,0.026092999999999998,0.0037339999999999999,131055616,NA,NA,NA,NA,NA,NA,NA,NA,837856,318511,16385,4096,53bcb4b7244f10985ba78b02026020f091907c6c2bc8edcdcc9bf568fb6ba9bf,1068,0,45,7
0,8,1,1,2,0.041549361999999999,0.022542,0.0075139999999999998,133312512,NA,NA,NA,NA,NA,NA,NA,NA,837856,318511,16385,4096,53bcb4b7244f10985ba78b02026020f091907c6c2bc8edcdcc9bf568fb6ba9bf,1072,0,23,6
0,8,0,0,5,0.45245331700000002,0.37837999999999999,0.053092999999999994,1027645440,NA,NA,NA,NA,NA,NA,NA,NA,11457352,5690734,153602,512,403312a97a3e99fe27317c1f28b1ff252fafdd2816dd615c6a7e00126747644b,1579,0,139,25
0,8,1,1,5,0.46372635100000004,0.38787299999999997,0.046814999999999996,1027739648,NA,NA,NA,NA,NA,NA,NA,NA,11457352,5690734,153602,512,403312a97a3e99fe27317c1f28b1ff252fafdd2816dd615c6a7e00126747644b,1585,0,194,36
0,8,0,0,3,0.061597968000000003,0.040604999999999995,0.0093699999999999999,175259648,NA,NA,NA,NA,NA,NA,NA,NA,2034104,2240463,32773,1,ac2c95b5e7d6e8c1837c1873a4de39a4ebe4476436e3f88bac5be95b6d1b5c2c,676,0,24,8
0,8,1,1,3,0.061933217000000006,0.046639,0.0035929999999999998,175153152,NA,NA,NA,NA,NA,NA,NA,NA,2034104,2240463,32773,1,ac2c95b5e7d6e8c1837c1873a4de39a4ebe4476436e3f88bac5be95b6d1b5c2c,1149,0,51,8
0,9,0,1,3,0.062021924000000006,0.040327999999999996,0.010078999999999999,175267840,NA,NA,NA,NA,NA,NA,NA,NA,2034104,2240463,32773,1,ac2c95b5e7d6e8c1837c1873a4de39a4ebe4476436e3f88bac5be95b6d1b5c2c,1125,0,36,8
0,9,1,0,3,0.061784148000000004,0.040146999999999995,0.010026,175157248,NA,NA,NA,NA,NA,NA,NA,NA,2034104,2240463,32773,1,ac2c95b5e7d6e8c1837c1873a4de39a4ebe4476436e3f88bac5be95b6d1b5c2c,1143,0,44,9
0,9,0,1,5,0.45414084000000005,0.38327299999999997,0.050000999999999997,1027702784,NA,NA,NA,NA,NA,NA,NA,NA,11457352,5690734,153602,512,403312a97a3e99fe27317c1f28b1ff252fafdd2816dd615c6a7e00126747644b,1581,0,173,27
0,9,1,0,5,0.46023150300000004,0.37740899999999999,0.053919999999999996,1027792896,NA,NA,NA,NA,NA,NA,NA,NA,11457352,5690734,153602,512,403312a97a3e99fe27317c1f28b1ff252fafdd2816dd615c6a7e00126747644b,1584,0,256,36
0,9,0,1,1,0.058955111000000004,0.037123999999999997,0.010130999999999999,152260608,NA,NA,NA,NA,NA,NA,NA,NA,1018592,407679,8197,1,20eb35e3894499e2f63cb7de484c538d87cee78f36bdbc9a59f2c383a0ec97fb,1081,0,24,8
0,9,1,0,1,0.060319570000000003,0.048809999999999999,0,154312704,NA,NA,NA,NA,NA,NA,NA,NA,1018592,407679,8197,1,20eb35e3894499e2f63cb7de484c538d87cee78f36bdbc9a59f2c383a0ec97fb,1078,0,26,9
0,9,0,0,4,0.19418280300000001,0.15112999999999999,0.023517999999999997,411541504,NA,NA,NA,NA,NA,NA,NA,NA,3318496,1882629,26625,512,ff2a25ad60d39948f157d4ecadc3b1f099b61e0fa95b5446763968dcc9e0e2de,1227,0,86,21
0,9,1,1,4,0.19410282200000001,0.139048,0.035570999999999998,411602944,NA,NA,NA,NA,NA,NA,NA,NA,3318496,1882629,26625,512,ff2a25ad60d39948f157d4ecadc3b1f099b61e0fa95b5446763968dcc9e0e2de,1229,0,83,18
0,9,0,1,2,0.041338669000000001,0.023306999999999998,0.0066709999999999998,133537792,NA,NA,NA,NA,NA,NA,NA,NA,837856,318511,16385,4096,53bcb4b7244f10985ba78b02026020f091907c6c2bc8edcdcc9bf568fb6ba9bf,628,0,28,7
0,9,1,0,2,0.041296379000000001,0.023259999999999999,0.0066539999999999993,131194880,NA,NA,NA,NA,NA,NA,NA,NA,837856,318511,16385,4096,53bcb4b7244f10985ba78b02026020f091907c6c2bc8edcdcc9bf568fb6ba9bf,1070,0,19,7
0,9,0,0,0,0.019085186000000001,0.0027729999999999999,0.0055509999999999995,55320576,NA,NA,NA,NA,NA,NA,NA,NA,2408,135,5,1,3d4d37e7dcef36139698862d60d536450dfb480779ac0676046a82e065e8af0f,1025,0,12,5
0,9,1,1,0,0.018875834000000001,0.004091,0.0040929999999999994,55242752,NA,NA,NA,NA,NA,NA,NA,NA,2408,135,5,1,3d4d37e7dcef36139698862d60d536450dfb480779ac0676046a82e065e8af0f,1026,0,11,4
0,10,0,1,0,0.019030816000000002,0.005463,0.0027290000000000001,55078912,NA,NA,NA,NA,NA,NA,NA,NA,2408,135,5,1,3d4d37e7dcef36139698862d60d536450dfb480779ac0676046a82e065e8af0f,1024,0,9,4
0,10,1,0,0,0.019446215000000003,0.004254,0.0042009999999999999,55238656,NA,NA,NA,NA,NA,NA,NA,NA,2408,135,5,1,3d4d37e7dcef36139698862d60d536450dfb480779ac0676046a82e065e8af0f,1029,0,11,3
0,10,0,1,1,0.057327236000000004,0.038591,0.0070209999999999995,152047616,NA,NA,NA,NA,NA,NA,NA,NA,1018592,407679,8197,1,20eb35e3894499e2f63cb7de484c538d87cee78f36bdbc9a59f2c383a0ec97fb,1081,0,32,10
0,10,1,0,1,0.060097423000000004,0.041791999999999996,0.0064339999999999996,154578944,NA,NA,NA,NA,NA,NA,NA,NA,1018592,407679,8197,1,20eb35e3894499e2f63cb7de484c538d87cee78f36bdbc9a59f2c383a0ec97fb,629,0,32,9
0,10,0,1,3,0.061444239000000005,0.039,0.010640999999999999,175136768,NA,NA,NA,NA,NA,NA,NA,NA,2034104,2240463,32773,1,ac2c95b5e7d6e8c1837c1873a4de39a4ebe4476436e3f88bac5be95b6d1b5c2c,676,0,25,8
0,10,1,0,3,0.062516651000000006,0.037173999999999999,0.013521,175099904,NA,NA,NA,NA,NA,NA,NA,NA,2034104,2240463,32773,1,ac2c95b5e7d6e8c1837c1873a4de39a4ebe4476436e3f88bac5be95b6d1b5c2c,1120,0,66,9
0,10,0,0,5,0.45984842200000003,0.37393799999999999,0.056777999999999995,1027821568,NA,NA,NA,NA,NA,NA,NA,NA,11457352,5690734,153602,512,403312a97a3e99fe27317c1f28b1ff252fafdd2816dd615c6a7e00126747644b,1580,0,153,20
0,10,1,1,5,0.46021120100000001,0.40059699999999998,0.033392999999999999,1027600384,NA,NA,NA,NA,NA,NA,NA,NA,11457352,5690734,153602,512,403312a97a3e99fe27317c1f28b1ff252fafdd2816dd615c6a7e00126747644b,1581,0,160,29
0,10,0,0,2,0.041447130000000006,0.023410999999999998,0.0066879999999999995,131538944,NA,NA,NA,NA,NA,NA,NA,NA,837856,318511,16385,4096,53bcb4b7244f10985ba78b02026020f091907c6c2bc8edcdcc9bf568fb6ba9bf,629,0,16,6
0,10,1,1,2,0.041522452000000001,0.023479999999999997,0.0067079999999999996,133079040,NA,NA,NA,NA,NA,NA,NA,NA,837856,318511,16385,4096,53bcb4b7244f10985ba78b02026020f091907c6c2bc8edcdcc9bf568fb6ba9bf,1068,0,18,5
0,10,0,0,4,0.193305165,0.16727999999999998,0.0066929999999999993,411676672,NA,NA,NA,NA,NA,NA,NA,NA,3318496,1882629,26625,512,ff2a25ad60d39948f157d4ecadc3b1f099b61e0fa95b5446763968dcc9e0e2de,1228,0,101,17
0,10,1,1,4,0.19536883600000002,0.152558,0.023216000000000001,411627520,NA,NA,NA,NA,NA,NA,NA,NA,3318496,1882629,26625,512,ff2a25ad60d39948f157d4ecadc3b1f099b61e0fa95b5446763968dcc9e0e2de,1230,0,72,19
0,11,0,1,2,0.041275309000000003,0.026515,0.00332,133025792,NA,NA,NA,NA,NA,NA,NA,NA,837856,318511,16385,4096,53bcb4b7244f10985ba78b02026020f091907c6c2bc8edcdcc9bf568fb6ba9bf,1069,0,29,8
0,11,1,0,2,0.041268426000000004,0.02095,0.0089680000000000003,131706880,NA,NA,NA,NA,NA,NA,NA,NA,837856,318511,16385,4096,53bcb4b7244f10985ba78b02026020f091907c6c2bc8edcdcc9bf568fb6ba9bf,631,0,27,8
0,11,0,0,0,0.019647493000000002,0.0028599999999999997,0.0057279999999999996,55324672,NA,NA,NA,NA,NA,NA,NA,NA,2408,135,5,1,3d4d37e7dcef36139698862d60d536450dfb480779ac0676046a82e065e8af0f,1065,0,11,4
0,11,1,1,0,0.019767377000000003,0.0056439999999999997,0.002826,55406592,NA,NA,NA,NA,NA,NA,NA,NA,2408,135,5,1,3d4d37e7dcef36139698862d60d536450dfb480779ac0676046a82e065e8af0f,1060,0,10,4
0,11,0,0,1,0.064710153000000006,0.028707,0.019153999999999997,154808320,NA,NA,NA,NA,NA,NA,NA,NA,1018592,407679,8197,1,20eb35e3894499e2f63cb7de484c538d87cee78f36bdbc9a59f2c383a0ec97fb,643,0,26,11
0,11,1,1,1,0.058196407000000006,0.039697999999999997,0.006613,152084480,NA,NA,NA,NA,NA,NA,NA,NA,1018592,407679,8197,1,20eb35e3894499e2f63cb7de484c538d87cee78f36bdbc9a59f2c383a0ec97fb,1079,0,35,9
0,11,0,1,5,0.45257414500000004,0.38952500000000001,0.043298999999999997,1027780608,NA,NA,NA,NA,NA,NA,NA,NA,11457352,5690734,153602,512,403312a97a3e99fe27317c1f28b1ff252fafdd2816dd615c6a7e00126747644b,1595,0,300,21
0,11,1,0,5,0.46042960800000005,0.39780799999999999,0.033438999999999997,1028055040,NA,NA,NA,NA,NA,NA,NA,NA,11457352,5690734,153602,512,403312a97a3e99fe27317c1f28b1ff252fafdd2816dd615c6a7e00126747644b,1140,0,276,19
0,11,0,1,4,0.19511036000000001,0.15596599999999999,0.019910000000000001,411856896,NA,NA,NA,NA,NA,NA,NA,NA,3318496,1882629,26625,512,ff2a25ad60d39948f157d4ecadc3b1f099b61e0fa95b5446763968dcc9e0e2de,1232,0,108,15
0,11,1,0,4,0.19597666500000002,0.16322499999999998,0.01333,411627520,NA,NA,NA,NA,NA,NA,NA,NA,3318496,1882629,26625,512,ff2a25ad60d39948f157d4ecadc3b1f099b61e0fa95b5446763968dcc9e0e2de,1228,0,75,15
0,11,0,0,3,0.062184486000000004,0.043281,0.0072189999999999997,175087616,NA,NA,NA,NA,NA,NA,NA,NA,2034104,2240463,32773,1,ac2c95b5e7d6e8c1837c1873a4de39a4ebe4476436e3f88bac5be95b6d1b5c2c,1120,0,49,7
0,11,1,1,3,0.061728562000000001,0.033159999999999995,0.016580999999999999,175083520,NA,NA,NA,NA,NA,NA,NA,NA,2034104,2240463,32773,1,ac2c95b5e7d6e8c1837c1873a4de39a4ebe4476436e3f88bac5be95b6d1b5c2c,670,0,39,9
0,12,0,1,0,0.018874413,0.0041180000000000001,0.0041189999999999994,55742464,NA,NA,NA,NA,NA,NA,NA,NA,2408,135,5,1,3d4d37e7dcef36139698862d60d536450dfb480779ac0676046a82e065e8af0f,587,0,12,3
0,12,1,0,0,0.019359751000000001,0.0055560000000000002,0.0027810000000000001,55345152,NA,NA,NA,NA,NA,NA,NA,NA,2408,135,5,1,3d4d37e7dcef36139698862d60d536450dfb480779ac0676046a82e065e8af0f,1027,0,11,4
0,12,0,0,5,0.47100751800000001,0.39312199999999997,0.040304,1028075520,NA,NA,NA,NA,NA,NA,NA,NA,11457352,5690734,153602,512,403312a97a3e99fe27317c1f28b1ff252fafdd2816dd615c6a7e00126747644b,1589,0,252,27
0,12,1,1,5,0.45619899000000003,0.384241,0.049682999999999998,1027870720,NA,NA,NA,NA,NA,NA,NA,NA,11457352,5690734,153602,512,403312a97a3e99fe27317c1f28b1ff252fafdd2816dd615c6a7e00126747644b,1584,0,27,14
0,12,0,0,1,0.060767980000000006,0.045448999999999996,0.0034999999999999996,154075136,NA,NA,NA,NA,NA,NA,NA,NA,1018592,407679,8197,1,20eb35e3894499e2f63cb7de484c538d87cee78f36bdbc9a59f2c383a0ec97fb,1077,0,47,8
0,12,1,1,1,0.057683314000000006,0.038768999999999998,0.0070599999999999994,152379392,NA,NA,NA,NA,NA,NA,NA,NA,1018592,407679,8197,1,20eb35e3894499e2f63cb7de484c538d87cee78f36bdbc9a59f2c383a0ec97fb,1083,0,29,8
0,12,0,1,4,0.19446591100000002,0.15188599999999999,0.023118,411766784,NA,NA,NA,NA,NA,NA,NA,NA,3318496,1882629,26625,512,ff2a25ad60d39948f157d4ecadc3b1f099b61e0fa95b5446763968dcc9e0e2de,786,0,94,16
0,12,1,0,4,0.19453216400000001,0.165215,0.0099089999999999994,411619328,NA,NA,NA,NA,NA,NA,NA,NA,3318496,1882629,26625,512,ff2a25ad60d39948f157d4ecadc3b1f099b61e0fa95b5446763968dcc9e0e2de,1226,0,102,13
0,12,0,0,3,0.062557584999999999,0.047358999999999998,0.003385,175091712,NA,NA,NA,NA,NA,NA,NA,NA,2034104,2240463,32773,1,ac2c95b5e7d6e8c1837c1873a4de39a4ebe4476436e3f88bac5be95b6d1b5c2c,1119,0,35,9
0,12,1,1,3,0.061953593000000001,0.040887,0.0094380000000000002,175042560,NA,NA,NA,NA,NA,NA,NA,NA,2034104,2240463,32773,1,ac2c95b5e7d6e8c1837c1873a4de39a4ebe4476436e3f88bac5be95b6d1b5c2c,1122,0,35,9
0,12,0,0,2,0.041595849000000004,0.026990999999999998,0.002996,131162112,NA,NA,NA,NA,NA,NA,NA,NA,837856,318511,16385,4096,53bcb4b7244f10985ba78b02026020f091907c6c2bc8edcdcc9bf568fb6ba9bf,1067,0,25,6
0,12,1,1,2,0.041446499000000005,0.026738999999999999,0.0033439999999999998,133320704,NA,NA,NA,NA,NA,NA,NA,NA,837856,318511,16385,4096,53bcb4b7244f10985ba78b02026020f091907c6c2bc8edcdcc9bf568fb6ba9bf,1069,0,25,7
0,13,0,0,0,0.019066642000000002,0.0056540000000000002,0.002826,55304192,NA,NA,NA,NA,NA,NA,NA,NA,2408,135,5,1,3d4d37e7dcef36139698862d60d536450dfb480779ac0676046a82e065e8af0f,1028,0,11,4
0,13,1,1,0,0.018746292000000001,0.0052989999999999999,0.0026559999999999999,55320576,NA,NA,NA,NA,NA,NA,NA,NA,2408,135,5,1,3d4d37e7dcef36139698862d60d536450dfb480779ac0676046a82e065e8af0f,1029,0,11,5
0,13,0,1,1,0.057112954,0.041895999999999996,0.0034939999999999997,152195072,NA,NA,NA,NA,NA,NA,NA,NA,1018592,407679,8197,1,20eb35e3894499e2f63cb7de484c538d87cee78f36bdbc9a59f2c383a0ec97fb,1080,0,30,11
0,13,1,0,1,0.066760760000000002,0.046385999999999997,0.0033169999999999996,154300416,NA,NA,NA,NA,NA,NA,NA,NA,1018592,407679,8197,1,20eb35e3894499e2f63cb7de484c538d87cee78f36bdbc9a59f2c383a0ec97fb,1081,0,22,10
0,13,0,1,5,0.45608955400000001,0.36227299999999996,0.072416999999999995,1027858432,NA,NA,NA,NA,NA,NA,NA,NA,11457352,5690734,153602,512,403312a97a3e99fe27317c1f28b1ff252fafdd2816dd615c6a7e00126747644b,1617,0,233,33
0,13,1,0,5,0.46053911900000005,0.39088000000000001,0.03977,1027772416,NA,NA,NA,NA,NA,NA,NA,NA,11457352,5690734,153602,512,403312a97a3e99fe27317c1f28b1ff252fafdd2816dd615c6a7e00126747644b,1605,0,198,15
0,13,0,1,2,0.041575170000000002,0.020229,0.010102,133169152,NA,NA,NA,NA,NA,NA,NA,NA,837856,318511,16385,4096,53bcb4b7244f10985ba78b02026020f091907c6c2bc8edcdcc9bf568fb6ba9bf,1069,0,25,6
0,13,1,0,2,0.041079421000000005,0.023196999999999999,0.0066270000000000001,131301376,NA,NA,NA,NA,NA,NA,NA,NA,837856,318511,16385,4096,53bcb4b7244f10985ba78b02026020f091907c6c2bc8edcdcc9bf568fb6ba9bf,1070,0,27,8
0,13,0,1,3,0.061576216000000003,0.039726999999999998,0.0099309999999999989,174862336,NA,NA,NA,NA,NA,NA,NA,NA,2034104,2240463,32773,1,ac2c95b5e7d6e8c1837c1873a4de39a4ebe4476436e3f88bac5be95b6d1b5c2c,1118,0,66,8
0,13,1,0,3,0.061830001000000002,0.043797999999999997,0.0062599999999999999,175476736,NA,NA,NA,NA,NA,NA,NA,NA,2034104,2240463,32773,1,ac2c95b5e7d6e8c1837c1873a4de39a4ebe4476436e3f88bac5be95b6d1b5c2c,681,0,58,9
0,13,0,0,4,0.19341286400000002,0.14387,0.030110999999999999,411746304,NA,NA,NA,NA,NA,NA,NA,NA,3318496,1882629,26625,512,ff2a25ad60d39948f157d4ecadc3b1f099b61e0fa95b5446763968dcc9e0e2de,779,0,99,17
0,13,1,1,4,0.19579779600000002,0.15966,0.016633999999999999,411856896,NA,NA,NA,NA,NA,NA,NA,NA,3318496,1882629,26625,512,ff2a25ad60d39948f157d4ecadc3b1f099b61e0fa95b5446763968dcc9e0e2de,786,0,76,23
0,14,0,1,3,0.062242916000000002,0.046965,0.0036129999999999999,175312896,NA,NA,NA,NA,NA,NA,NA,NA,2034104,2240463,32773,1,ac2c95b5e7d6e8c1837c1873a4de39a4ebe4476436e3f88bac5be95b6d1b5c2c,1143,0,35,8
0,14,1,0,3,0.062058169000000003,0.043554999999999996,0.0066889999999999996,174960640,NA,NA,NA,NA,NA,NA,NA,NA,2034104,2240463,32773,1,ac2c95b5e7d6e8c1837c1873a4de39a4ebe4476436e3f88bac5be95b6d1b5c2c,1115,0,44,9
0,14,0,1,2,0.041493676,0.018161999999999998,0.012098999999999999,133328896,NA,NA,NA,NA,NA,NA,NA,NA,837856,318511,16385,4096,53bcb4b7244f10985ba78b02026020f091907c6c2bc8edcdcc9bf568fb6ba9bf,1085,0,36,6
0,14,1,0,2,0.041237107000000002,0.026556,0.003307,131076096,NA,NA,NA,NA,NA,NA,NA,NA,837856,318511,16385,4096,53bcb4b7244f10985ba78b02026020f091907c6c2bc8edcdcc9bf568fb6ba9bf,1069,0,29,5
0,14,0,1,1,0.057576943000000005,0.036906999999999995,0.0092230000000000003,152600576,NA,NA,NA,NA,NA,NA,NA,NA,1018592,407679,8197,1,20eb35e3894499e2f63cb7de484c538d87cee78f36bdbc9a59f2c383a0ec97fb,637,0,24,11
0,14,1,0,1,0.060328955000000004,0.038737000000000001,0.0096849999999999992,154296320,NA,NA,NA,NA,NA,NA,NA,NA,1018592,407679,8197,1,20eb35e3894499e2f63cb7de484c538d87cee78f36bdbc9a59f2c383a0ec97fb,1078,0,22,9
0,14,0,1,4,0.19429681100000001,0.15487999999999999,0.020208,411635712,NA,NA,NA,NA,NA,NA,NA,NA,3318496,1882629,26625,512,ff2a25ad60d39948f157d4ecadc3b1f099b61e0fa95b5446763968dcc9e0e2de,1256,0,86,12
0,14,1,0,4,0.19477720100000001,0.14887400000000001,0.026470999999999998,411500544,NA,NA,NA,NA,NA,NA,NA,NA,3318496,1882629,26625,512,ff2a25ad60d39948f157d4ecadc3b1f099b61e0fa95b5446763968dcc9e0e2de,1229,0,53,16
0,14,0,0,5,0.45811836400000006,0.366315,0.070580999999999991,1027756032,NA,NA,NA,NA,NA,NA,NA,NA,11457352,5690734,153602,512,403312a97a3e99fe27317c1f28b1ff252fafdd2816dd615c6a7e00126747644b,1578,0,179,19
0,14,1,1,5,0.45403122800000001,0.38955699999999999,0.043656,1028055040,NA,NA,NA,NA,NA,NA,NA,NA,11457352,5690734,153602,512,403312a97a3e99fe27317c1f28b1ff252fafdd2816dd615c6a7e00126747644b,1141,0,75,13
0,14,0,1,0,0.019747248000000002,0.0044510000000000001,0.0044520000000000002,55214080,NA,NA,NA,NA,NA,NA,NA,NA,2408,135,5,1,3d4d37e7dcef36139698862d60d536450dfb480779ac0676046a82e065e8af0f,1027,0,11,3
0,14,1,0,0,0.019211705000000003,0.0040720000000000001,0.0040359999999999997,55455744,NA,NA,NA,NA,NA,NA,NA,NA,2408,135,5,1,3d4d37e7dcef36139698862d60d536450dfb480779ac0676046a82e065e8af0f,576,0,9,3
0,15,0,0,1,0.065655516000000011,0.048372999999999999,0,154406912,NA,NA,NA,NA,NA,NA,NA,NA,1018592,407679,8197,1,20eb35e3894499e2f63cb7de484c538d87cee78f36bdbc9a59f2c383a0ec97fb,1080,0,20,9
0,15,1,1,1,0.058629968000000005,0.043390999999999999,0.0033419999999999999,152461312,NA,NA,NA,NA,NA,NA,NA,NA,1018592,407679,8197,1,20eb35e3894499e2f63cb7de484c538d87cee78f36bdbc9a59f2c383a0ec97fb,1084,0,32,11
0,15,0,0,4,0.19216976900000002,0.14971599999999999,0.023288,411856896,NA,NA,NA,NA,NA,NA,NA,NA,3318496,1882629,26625,512,ff2a25ad60d39948f157d4ecadc3b1f099b61e0fa95b5446763968dcc9e0e2de,786,0,109,15
0,15,1,1,4,0.19470573700000002,0.15265599999999999,0.022747,411615232,NA,NA,NA,NA,NA,NA,NA,NA,3318496,1882629,26625,512,ff2a25ad60d39948f157d4ecadc3b1f099b61e0fa95b5446763968dcc9e0e2de,1230,0,66,17
0,15,0,0,2,0.045096535,0.026613999999999999,0.003333,131194880,NA,NA,NA,NA,NA,NA,NA,NA,837856,318511,16385,4096,53bcb4b7244f10985ba78b02026020f091907c6c2bc8edcdcc9bf568fb6ba9bf,1113,0,25,7
0,15,1,1,2,0.041353104000000002,0.026741999999999998,0.0033269999999999997,133177344,NA,NA,NA,NA,NA,NA,NA,NA,837856,318511,16385,4096,53bcb4b7244f10985ba78b02026020f091907c6c2bc8edcdcc9bf568fb6ba9bf,1070,0,27,7
0,15,0,1,5,0.45291546300000002,0.38514199999999998,0.046905999999999996,1028222976,NA,NA,NA,NA,NA,NA,NA,NA,11457352,5690734,153602,512,403312a97a3e99fe27317c1f28b1ff252fafdd2816dd615c6a7e00126747644b,1143,0,219,33
0,15,1,0,5,0.45108629200000006,0.37629299999999999,0.053265,1027932160,NA,NA,NA,NA,NA,NA,NA,NA,11457352,5690734,153602,512,403312a97a3e99fe27317c1f28b1ff252fafdd2816dd615c6a7e00126747644b,1584,0,208,34
0,15,0,0,3,0.061728490000000004,0.046539999999999998,0.0035739999999999999,174891008,NA,NA,NA,NA,NA,NA,NA,NA,2034104,2240463,32773,1,ac2c95b5e7d6e8c1837c1873a4de39a4ebe4476436e3f88bac5be95b6d1b5c2c,1116,0,43,7
0,15,1,1,3,0.061347465000000004,0.036402999999999998,0.013248999999999999,175124480,NA,NA,NA,NA,NA,NA,NA,NA,2034104,2240463,32773,1,ac2c95b5e7d6e8c1837c1873a4de39a4ebe4476436e3f88bac5be95b6d1b5c2c,1123,0,28,10
0,15,0,0,0,0.018656213000000001,0.0081089999999999999,0,55304192,NA,NA,NA,NA,NA,NA,NA,NA,2408,135,5,1,3d4d37e7dcef36139698862d60d536450dfb480779ac0676046a82e065e8af0f,1025,0,12,4
0,15,1,1,0,0.018525006,0.0039750000000000002,0.0039829999999999996,55578624,NA,NA,NA,NA,NA,NA,NA,NA,2408,135,5,1,3d4d37e7dcef36139698862d60d536450dfb480779ac0676046a82e065e8af0f,1032,0,12,3
0,16,0,0,3,0.061985643000000007,0.031514,0.018904000000000001,174858240,NA,NA,NA,NA,NA,NA,NA,NA,2034104,2240463,32773,1,ac2c95b5e7d6e8c1837c1873a4de39a4ebe4476436e3f88bac5be95b6d1b5c2c,1120,0,34,10
0,16,1,1,3,0.061924688000000006,0.046685999999999998,0.003594,174841856,NA,NA,NA,NA,NA,NA,NA,NA,2034104,2240463,32773,1,ac2c95b5e7d6e8c1837c1873a4de39a4ebe4476436e3f88bac5be95b6d1b5c2c,1118,0,27,11
0,16,0,0,1,0.070585102000000011,0.048521999999999996,0,154480640,NA,NA,NA,NA,NA,NA,NA,NA,1018592,407679,8197,1,20eb35e3894499e2f63cb7de484c538d87cee78f36bdbc9a59f2c383a0ec97fb,637,0,29,8
0,16,1,1,1,0.057274175000000004,0.045634999999999995,0,152268800,NA,NA,NA,NA,NA,NA,NA,NA,1018592,407679,8197,1,20eb35e3894499e2f63cb7de484c538d87cee78f36bdbc9a59f2c383a0ec97fb,637,0,23,10
0,16,0,0,4,0.19281504900000002,0.15678499999999998,0.01668,411901952,NA,NA,NA,NA,NA,NA,NA,NA,3318496,1882629,26625,512,ff2a25ad60d39948f157d4ecadc3b1f099b61e0fa95b5446763968dcc9e0e2de,779,0,100,16
0,16,1,1,4,0.19468627900000002,0.15875799999999998,0.016535999999999999,411992064,NA,NA,NA,NA,NA,NA,NA,NA,3318496,1882629,26625,512,ff2a25ad60d39948f157d4ecadc3b1f099b61e0fa95b5446763968dcc9e0e2de,788,0,98,14
0,16,0,1,5,0.46117312900000001,0.382577,0.050338999999999995,1027813376,NA,NA,NA,NA,NA,NA,NA,NA,11457352,5690734,153602,512,403312a97a3e99fe27317c1f28b1ff252fafdd2816dd615c6a7e00126747644b,1587,0,206,26
0,16,1,0,5,0.452363554,0.39469399999999999,0.036503000000000001,1028333568,NA,NA,NA,NA,NA,NA,NA,NA,11457352,5690734,153602,512,403312a97a3e99fe27317c1f28b1ff252fafdd2816dd615c6a7e00126747644b,1145,0,162,24
0,16,0,0,0,0.020241125000000002,0.0059289999999999994,0.0029510000000000001,55074816,NA,NA,NA,NA,NA,NA,NA,NA,2408,135,5,1,3d4d37e7dcef36139698862d60d536450dfb480779ac0676046a82e065e8af0f,1025,0,10,4
0,16,1,1,0,0.01988175,0.002905,0.00579,55291904,NA,NA,NA,NA,NA,NA,NA,NA,2408,135,5,1,3d4d37e7dcef36139698862d60d536450dfb480779ac0676046a82e065e8af0f,1026,0,9,4
0,16,0,1,2,0.040863494,0.022325999999999999,0.0074029999999999999,133312512,NA,NA,NA,NA,NA,NA,NA,NA,837856,318511,16385,4096,53bcb4b7244f10985ba78b02026020f091907c6c2bc8edcdcc9bf568fb6ba9bf,1071,0,22,6
0,16,1,0,2,0.041126417000000005,0.029839999999999998,0,131284992,NA,NA,NA,NA,NA,NA,NA,NA,837856,318511,16385,4096,53bcb4b7244f10985ba78b02026020f091907c6c2bc8edcdcc9bf568fb6ba9bf,1072,0,28,6
0,17,0,1,3,0.061487467000000004,0.037351999999999996,0.012444999999999999,175284224,NA,NA,NA,NA,NA,NA,NA,NA,2034104,2240463,32773,1,ac2c95b5e7d6e8c1837c1873a4de39a4ebe4476436e3f88bac5be95b6d1b5c2c,1123,0,54,10
0,17,1,0,3,0.067142354000000001,0.043635,0.0067129999999999993,175468544,NA,NA,NA,NA,NA,NA,NA,NA,2034104,2240463,32773,1,ac2c95b5e7d6e8c1837c1873a4de39a4ebe4476436e3f88bac5be95b6d1b5c2c,680,0,34,8
0,17,0,0,5,0.44999911800000003,0.39243899999999998,0.036849,1027850240,NA,NA,NA,NA,NA,NA,NA,NA,11457352,5690734,153602,512,403312a97a3e99fe27317c1f28b1ff252fafdd2816dd615c6a7e00126747644b,1585,0,192,22
0,17,1,1,5,0.45497596100000004,0.38077800000000001,0.053447999999999996,1027608576,NA,NA,NA,NA,NA,NA,NA,NA,11457352,5690734,153602,512,403312a97a3e99fe27317c1f28b1ff252fafdd2816dd615c6a7e00126747644b,1583,0,140,21
0,17,0,0,2,0.041719620000000006,0.023703999999999999,0.0067739999999999996,131305472,NA,NA,NA,NA,NA,NA,NA,NA,837856,318511,16385,4096,53bcb4b7244f10985ba78b02026020f091907c6c2bc8edcdcc9bf568fb6ba9bf,620,0,27,4
0,17,1,1,2,0.041203994000000001,0.023164000000000001,0.0066289999999999995,133431296,NA,NA,NA,NA,NA,NA,NA,NA,837856,318511,16385,4096,53bcb4b7244f10985ba78b02026020f091907c6c2bc8edcdcc9bf568fb6ba9bf,629,0,24,8
0,17,0,1,4,0.194344767,0.158082,0.016813999999999999,411906048,NA,NA,NA,NA,NA,NA,NA,NA,3318496,1882629,26625,512,ff2a25ad60d39948f157d4ecadc3b1f099b61e0fa95b5446763968dcc9e0e2de,1233,0,75,21
0,17,1,0,4,0.19922509000000002,0.15152099999999999,0.02307,411860992,NA,NA,NA,NA,NA,NA,NA,NA,3318496,1882629,26625,512,ff2a25ad60d39948f157d4ecadc3b1f099b61e0fa95b5446763968dcc9e0e2de,1232,0,100,15
0,17,0,1,0,0.019677567,0.00877,0,55554048,NA,NA,NA,NA,NA,NA,NA,NA,2408,135,5,1,3d4d37e7dcef36139698862d60d536450dfb480779ac0676046a82e065e8af0f,585,0,10,4
0,17,1,0,0,0.019416418000000001,0.002787,0.0055299999999999993,55390208,NA,NA,NA,NA,NA,NA,NA,NA,2408,135,5,1,3d4d37e7dcef36139698862d60d536450dfb480779ac0676046a82e065e8af0f,1027,0,9,4
0,17,0,1,1,0.057405782000000002,0.045740999999999997,0,152215552,NA,NA,NA,NA,NA,NA,NA,NA,1018592,407679,8197,1,20eb35e3894499e2f63cb7de484c538d87cee78f36bdbc9a59f2c383a0ec97fb,1079,0,27,8
0,17,1,0,1,0.061623011000000005,0.039730000000000001,0.0099379999999999989,154234880,NA,NA,NA,NA,NA,NA,NA,NA,1018592,407679,8197,1,20eb35e3894499e2f63cb7de484c538d87cee78f36bdbc9a59f2c383a0ec97fb,1079,0,25,11
0,18,0,0,0,0.018782038000000001,0.0053629999999999997,0.0026689999999999999,55255040,NA,NA,NA,NA,NA,NA,NA,NA,2408,135,5,1,3d4d37e7dcef36139698862d60d536450dfb480779ac0676046a82e065e8af0f,1029,0,10,4
0,18,1,1,0,0.019456362000000001,0.0083299999999999989,0,55164928,NA,NA,NA,NA,NA,NA,NA,NA,2408,135,5,1,3d4d37e7dcef36139698862d60d536450dfb480779ac0676046a82e065e8af0f,1025,0,11,4
0,18,0,0,1,0.060204421000000001,0.041901000000000001,0.0064489999999999999,154398720,NA,NA,NA,NA,NA,NA,NA,NA,1018592,407679,8197,1,20eb35e3894499e2f63cb7de484c538d87cee78f36bdbc9a59f2c383a0ec97fb,1082,0,32,10
0,18,1,1,1,0.057832633000000001,0.046174,0,152260608,NA,NA,NA,NA,NA,NA,NA,NA,1018592,407679,8197,1,20eb35e3894499e2f63cb7de484c538d87cee78f36bdbc9a59f2c383a0ec97fb,1080,0,16,8
0,18,0,0,5,0.46267507000000002,0.383575,0.050009999999999999,1027588096,NA,NA,NA,NA,NA,NA,NA,NA,11457352,5690734,153602,512,403312a97a3e99fe27317c1f28b1ff252fafdd2816dd615c6a7e00126747644b,1581,0,189,20
0,18,1,1,5,0.45437477100000001,0.37355699999999997,0.060023,1028308992,NA,NA,NA,NA,NA,NA,NA,NA,11457352,5690734,153602,512,403312a97a3e99fe27317c1f28b1ff252fafdd2816dd615c6a7e00126747644b,1145,0,236,22
0,18,0,0,4,0.19361913500000003,0.15099899999999999,0.023496,411791360,NA,NA,NA,NA,NA,NA,NA,NA,3318496,1882629,26625,512,ff2a25ad60d39948f157d4ecadc3b1f099b61e0fa95b5446763968dcc9e0e2de,1230,0,88,13
0,18,1,1,4,0.194716783,0.15840499999999999,0.016850999999999998,411648000,NA,NA,NA,NA,NA,NA,NA,NA,3318496,1882629,26625,512,ff2a25ad60d39948f157d4ecadc3b1f099b61e0fa95b5446763968dcc9e0e2de,1233,0,131,25
0,18,0,1,3,0.061786187000000006,0.040030999999999997,0.010012999999999999,175337472,NA,NA,NA,NA,NA,NA,NA,NA,2034104,2240463,32773,1,ac2c95b5e7d6e8c1837c1873a4de39a4ebe4476436e3f88bac5be95b6d1b5c2c,673,0,45,8
0,18,1,0,3,0.062131204000000002,0.036629999999999996,0.013304999999999999,174981120,NA,NA,NA,NA,NA,NA,NA,NA,2034104,2240463,32773,1,ac2c95b5e7d6e8c1837c1873a4de39a4ebe4476436e3f88bac5be95b6d1b5c2c,1118,0,76,8
0,18,0,1,2,0.041580949000000006,0.022602000000000001,0.007541,133496832,NA,NA,NA,NA,NA,NA,NA,NA,837856,318511,16385,4096,53bcb4b7244f10985ba78b02026020f091907c6c2bc8edcdcc9bf568fb6ba9bf,628,0,22,6
0,18,1,0,2,0.040956538000000001,0.029818999999999998,0,131338240,NA,NA,NA,NA,NA,NA,NA,NA,837856,318511,16385,4096,53bcb4b7244f10985ba78b02026020f091907c6c2bc8edcdcc9bf568fb6ba9bf,1070,0,18,7
0,19,0,1,4,0.195085434,0.15875699999999998,0.016884,411549696,NA,NA,NA,NA,NA,NA,NA,NA,3318496,1882629,26625,512,ff2a25ad60d39948f157d4ecadc3b1f099b61e0fa95b5446763968dcc9e0e2de,1231,0,125,18
0,19,1,0,4,0.19488465700000002,0.155696,0.019882,411795456,NA,NA,NA,NA,NA,NA,NA,NA,3318496,1882629,26625,512,ff2a25ad60d39948f157d4ecadc3b1f099b61e0fa95b5446763968dcc9e0e2de,1231,0,92,16
0,19,0,0,3,0.072809092000000006,0.046922999999999999,0.0033549999999999999,174944256,NA,NA,NA,NA,NA,NA,NA,NA,2034104,2240463,32773,1,ac2c95b5e7d6e8c1837c1873a4de39a4ebe4476436e3f88bac5be95b6d1b5c2c,1121,0,52,9
0,19,1,1,3,0.062744143000000002,0.044094999999999995,0.00679,175030272,NA,NA,NA,NA,NA,NA,NA,NA,2034104,2240463,32773,1,ac2c95b5e7d6e8c1837c1873a4de39a4ebe4476436e3f88bac5be95b6d1b5c2c,1119,0,58,7
0,19,0,0,2,0.041551755000000003,0.024177000000000001,0.0060419999999999996,131477504,NA,NA,NA,NA,NA,NA,NA,NA,837856,318511,16385,4096,53bcb4b7244f10985ba78b02026020f091907c6c2bc8edcdcc9bf568fb6ba9bf,627,0,20,6
0,19,1,1,2,0.04146416,0.021138999999999998,0.0090519999999999993,133308416,NA,NA,NA,NA,NA,NA,NA,NA,837856,318511,16385,4096,53bcb4b7244f10985ba78b02026020f091907c6c2bc8edcdcc9bf568fb6ba9bf,1070,0,24,6
0,19,0,1,5,0.45224635600000002,0.38880199999999998,0.043573999999999995,1028161536,NA,NA,NA,NA,NA,NA,NA,NA,11457352,5690734,153602,512,403312a97a3e99fe27317c1f28b1ff252fafdd2816dd615c6a7e00126747644b,1141,0,273,18
0,19,1,0,5,0.45837278600000003,0.37653500000000001,0.052850999999999995,1027842048,NA,NA,NA,NA,NA,NA,NA,NA,11457352,5690734,153602,512,403312a97a3e99fe27317c1f28b1ff252fafdd2816dd615c6a7e00126747644b,1584,0,172,14
0,19,0,1,1,0.057945392000000005,0.039587999999999998,0.006594,152764416,NA,NA,NA,NA,NA,NA,NA,NA,1018592,407679,8197,1,20eb35e3894499e2f63cb7de484c538d87cee78f36bdbc9a59f2c383a0ec97fb,643,0,24,7
0,19,1,0,1,0.060077021000000001,0.044781000000000001,0.0034459999999999998,154124288,NA,NA,NA,NA,NA,NA,NA,NA,1018592,407679,8197,1,20eb35e3894499e2f63cb7de484c538d87cee78f36bdbc9a59f2c383a0ec97fb,1079,0,26,10
0,19,0,1,0,0.020030369000000003,0.0029069999999999999,0.0058079999999999998,55214080,NA,NA,NA,NA,NA,NA,NA,NA,2408,135,5,1,3d4d37e7dcef36139698862d60d536450dfb480779ac0676046a82e065e8af0f,1026,0,11,5
0,19,1,0,0,0.018972094000000002,0.0040879999999999996,0.0040549999999999996,55463936,NA,NA,NA,NA,NA,NA,NA,NA,2408,135,5,1,3d4d37e7dcef36139698862d60d536450dfb480779ac0676046a82e065e8af0f,582,0,9,3
0,20,0,1,1,0.057701445000000004,0.038790999999999999,0.0070549999999999996,152338432,NA,NA,NA,NA,NA,NA,NA,NA,1018592,407679,8197,1,20eb35e3894499e2f63cb7de484c538d87cee78f36bdbc9a59f2c383a0ec97fb,637,0,47,8
0,20,1,0,1,0.061512653,0.049686999999999995,0,154234880,NA,NA,NA,NA,NA,NA,NA,NA,1018592,407679,8197,1,20eb35e3894499e2f63cb7de484c538d87cee78f36bdbc9a59f2c383a0ec97fb,1090,0,40,8
0,20,0,1,5,0.45393615300000001,0.38983799999999996,0.043323,1028112384,NA,NA,NA,NA,NA,NA,NA,NA,11457352,5690734,153602,512,403312a97a3e99fe27317c1f28b1ff252fafdd2816dd615c6a7e00126747644b,1141,0,229,21
0,20,1,0,5,0.45854448600000003,0.38321899999999998,0.049567,1027743744,NA,NA,NA,NA,NA,NA,NA,NA,11457352,5690734,153602,512,403312a97a3e99fe27317c1f28b1ff252fafdd2816dd615c6a7e00126747644b,1581,0,213,16
0,20,0,1,3,0.077870664000000006,0.043133999999999999,0.0071849999999999995,175284224,NA,NA,NA,NA,NA,NA,NA,NA,2034104,2240463,32773,1,ac2c95b5e7d6e8c1837c1873a4de39a4ebe4476436e3f88bac5be95b6d1b5c2c,1123,0,41,9
0,20,1,0,3,0.062075358000000004,0.040916000000000001,0.0094459999999999995,174956544,NA,NA,NA,NA,NA,NA,NA,NA,2034104,2240463,32773,1,ac2c95b5e7d6e8c1837c1873a4de39a4ebe4476436e3f88bac5be95b6d1b5c2c,1117,0,56,10
0,20,0,1,2,0.041539732000000003,0.023578999999999999,0.006744,133451776,NA,NA,NA,NA,NA,NA,NA,NA,837856,318511,16385,4096,53bcb4b7244f10985ba78b02026020f091907c6c2bc8edcdcc9bf568fb6ba9bf,1074,0,24,7
0,20,1,0,2,0.041314940000000001,0.020945999999999999,0.0089839999999999989,131256320,NA,NA,NA,NA,NA,NA,NA,NA,837856,318511,16385,4096,53bcb4b7244f10985ba78b02026020f091907c6c2bc8edcdcc9bf568fb6ba9bf,1071,0,23,8
0,20,0,1,0,0.019244646000000001,0.0021379999999999997,0.0064219999999999998,55214080,NA,NA,NA,NA,NA,NA,NA,NA,2408,135,5,1,3d4d37e7dcef36139698862d60d536450dfb480779ac0676046a82e065e8af0f,1027,0,11,3
0,20,1,0,0,0.018723248000000001,0.0053419999999999995,0.0026769999999999997,55349248,NA,NA,NA,NA,NA,NA,NA,NA,2408,135,5,1,3d4d37e7dcef36139698862d60d536450dfb480779ac0676046a82e065e8af0f,1027,0,12,5
0,20,0,1,4,0.19335944500000002,0.15444099999999999,0.019713999999999999,411717632,NA,NA,NA,NA,NA,NA,NA,NA,3318496,1882629,26625,512,ff2a25ad60d39948f157d4ecadc3b1f099b61e0fa95b5446763968dcc9e0e2de,1247,0,84,17
0,20,1,0,4,0.19710866600000002,0.16070399999999999,0.013391999999999999,411893760,NA,NA,NA,NA,NA,NA,NA,NA,3318496,1882629,26625,512,ff2a25ad60d39948f157d4ecadc3b1f099b61e0fa95b5446763968dcc9e0e2de,786,0,67,15
0,21,0,0,1,0.060515263000000007,0.045371999999999996,0.0034909999999999997,154292224,NA,NA,NA,NA,NA,NA,NA,NA,1018592,407679,8197,1,20eb35e3894499e2f63cb7de484c538d87cee78f36bdbc9a59f2c383a0ec97fb,1081,0,27,9
0,21,1,1,1,0.057402955000000006,0.042644000000000001,0.0032759999999999998,152571904,NA,NA,NA,NA,NA,NA,NA,NA,1018592,407679,8197,1,20eb35e3894499e2f63cb7de484c538d87cee78f36bdbc9a59f2c383a0ec97fb,634,0,27,9
0,21,0,0,3,0.061887876000000001,0.040007000000000001,0.010007,175206400,NA,NA,NA,NA,NA,NA,NA,NA,2034104,2240463,32773,1,ac2c95b5e7d6e8c1837c1873a4de39a4ebe4476436e3f88bac5be95b6d1b5c2c,669,0,61,7
0,21,1,1,3,0.066820036999999999,0.039782999999999999,0.0099539999999999993,175095808,NA,NA,NA,NA,NA,NA,NA,NA,2034104,2240463,32773,1,ac2c95b5e7d6e8c1837c1873a4de39a4ebe4476436e3f88bac5be95b6d1b5c2c,1121,0,45,8
0,21,0,0,2,0.04128855,0.026192,0.0037469999999999999,131698688,NA,NA,NA,NA,NA,NA,NA,NA,837856,318511,16385,4096,53bcb4b7244f10985ba78b02026020f091907c6c2bc8edcdcc9bf568fb6ba9bf,631,0,25,7
0,21,1,1,2,0.041034283000000005,0.023372,0.0066739999999999994,133525504,NA,NA,NA,NA,NA,NA,NA,NA,837856,318511,16385,4096,53bcb4b7244f10985ba78b02026020f091907c6c2bc8edcdcc9bf568fb6ba9bf,1077,0,23,7
0,21,0,0,5,0.45538697100000003,0.376558,0.052839999999999998,1028075520,NA,NA,NA,NA,NA,NA,NA,NA,11457352,5690734,153602,512,403312a97a3e99fe27317c1f28b1ff252fafdd2816dd615c6a7e00126747644b,1142,0,190,24
0,21,1,1,5,0.454521167,0.38330599999999998,0.049505999999999994,1027878912,NA,NA,NA,NA,NA,NA,NA,NA,11457352,5690734,153602,512,403312a97a3e99fe27317c1f28b1ff252fafdd2816dd615c6a7e00126747644b,1139,0,258,15
0,21,0,0,4,0.193659096,0.14440600000000001,0.029534999999999999,411590656,NA,NA,NA,NA,NA,NA,NA,NA,3318496,1882629,26625,512,ff2a25ad60d39948f157d4ecadc3b1f099b61e0fa95b5446763968dcc9e0e2de,1227,0,94,14
0,21,1,1,4,0.19502771200000002,0.16908399999999998,0.006764,411672576,NA,NA,NA,NA,NA,NA,NA,NA,3318496,1882629,26625,512,ff2a25ad60d39948f157d4ecadc3b1f099b61e0fa95b5446763968dcc9e0e2de,1232,0,98,17
0,21,0,0,0,0.019347909,0.0043159999999999995,0.004346,55373824,NA,NA,NA,NA,NA,NA,NA,NA,2408,135,5,1,3d4d37e7dcef36139698862d60d536450dfb480779ac0676046a82e065e8af0f,1036,0,12,3
0,21,1,1,0,0.018595578000000001,0.0053079999999999994,0.0026639999999999997,55685120,NA,NA,NA,NA,NA,NA,NA,NA,2408,135,5,1,3d4d37e7dcef36139698862d60d536450dfb480779ac0676046a82e065e8af0f,589,0,12,5
0,22,0,1,0,0.018358544000000001,0.0039049999999999996,0.0039090000000000001,55087104,NA,NA,NA,NA,NA,NA,NA,NA,2408,135,5,1,3d4d37e7dcef36139698862d60d536450dfb480779ac0676046a82e065e8af0f,1024,0,11,5
0,22,1,0,0,0.018221136000000002,0.0076009999999999993,0,55595008,NA,NA,NA,NA,NA,NA,NA,NA,2408,135,5,1,3d4d37e7dcef36139698862d60d536450dfb480779ac0676046a82e065e8af0f,584,0,11,4
0,22,0,1,5,0.44554868600000003,0.400171,0.033076999999999995,1027690496,NA,NA,NA,NA,NA,NA,NA,NA,11457352,5690734,153602,512,403312a97a3e99fe27317c1f28b1ff252fafdd2816dd615c6a7e00126747644b,1586,0,231,30
0,22,1,0,5,0.45440528700000005,0.41341299999999997,0.020168999999999999,1028116480,NA,NA,NA,NA,NA,NA,NA,NA,11457352,5690734,153602,512,403312a97a3e99fe27317c1f28b1ff252fafdd2816dd615c6a7e00126747644b,1140,0,305,25
0,22,0,0,1,0.060365150000000006,0.042083999999999996,0.0064709999999999993,154365952,NA,NA,NA,NA,NA,NA,NA,NA,1018592,407679,8197,1,20eb35e3894499e2f63cb7de484c538d87cee78f36bdbc9a59f2c383a0ec97fb,1110,0,25,9
0,22,1,1,1,0.057592960000000006,0.046012999999999998,0,152489984,NA,NA,NA,NA,NA,NA,NA,NA,1018592,407679,8197,1,20eb35e3894499e2f63cb7de484c538d87cee78f36bdbc9a59f2c383a0ec97fb,639,0,18,9
0,22,0,0,2,0.040711818000000004,0.029529999999999997,0,131149824,NA,NA,NA,NA,NA,NA,NA,NA,837856,318511,16385,4096,53bcb4b7244f10985ba78b02026020f091907c6c2bc8edcdcc9bf568fb6ba9bf,1106,0,19,7
0,22,1,1,2,0.041327684000000003,0.030121999999999999,0,133193728,NA,NA,NA,NA,NA,NA,NA,NA,837856,318511,16385,4096,53bcb4b7244f10985ba78b02026020f091907c6c2bc8edcdcc9bf568fb6ba9bf,1071,0,19,5
0,22,0,0,4,0.19410732500000002,0.16462199999999999,0.010078,411652096,NA,NA,NA,NA,NA,NA,NA,NA,3318496,1882629,26625,512,ff2a25ad60d39948f157d4ecadc3b1f099b61e0fa95b5446763968dcc9e0e2de,1228,0,70,15
0,22,1,1,4,0.19559752000000002,0.16259199999999999,0.013526,411783168,NA,NA,NA,NA,NA,NA,NA,NA,3318496,1882629,26625,512,ff2a25ad60d39948f157d4ecadc3b1f099b61e0fa95b5446763968dcc9e0e2de,1231,0,69,15
0,22,0,0,3,0.061665369000000005,0.040521999999999996,0.0093600000000000003,174931968,NA,NA,NA,NA,NA,NA,NA,NA,2034104,2240463,32773,1,ac2c95b5e7d6e8c1837c1873a4de39a4ebe4476436e3f88bac5be95b6d1b5c2c,1119,0,42,9
0,22,1,1,3,0.062605230999999997,0.044020999999999998,0.0067749999999999998,174854144,NA,NA,NA,NA,NA,NA,NA,NA,2034104,2240463,32773,1,ac2c95b5e7d6e8c1837c1873a4de39a4ebe4476436e3f88bac5be95b6d1b5c2c,1119,0,45,9
0,23,0,1,1,0.057718907000000007,0.045759999999999995,0,152678400,NA,NA,NA,NA,NA,NA,NA,NA,1018592,407679,8197,1,20eb35e3894499e2f63cb7de484c538d87cee78f36bdbc9a59f2c383a0ec97fb,643,0,16,9
0,23,1,0,1,0.059840385000000003,0.041701999999999996,0.0064129999999999994,154619904,NA,NA,NA,NA,NA,NA,NA,NA,1018592,407679,8197,1,20eb35e3894499e2f63cb7de484c538d87cee78f36bdbc9a59f2c383a0ec97fb,633,0,48,8
0,23,0,1,2,0.041019205000000003,0.029805999999999999,0,133722112,NA,NA,NA,NA,NA,NA,NA,NA,837856,318511,16385,4096,53bcb4b7244f10985ba78b02026020f091907c6c2bc8edcdcc9bf568fb6ba9bf,632,0,20,7
0,23,1,0,2,0.040798902000000005,0.025869999999999997,0.003699,130928640,NA,NA,NA,NA,NA,NA,NA,NA,837856,318511,16385,4096,53bcb4b7244f10985ba78b02026020f091907c6c2bc8edcdcc9bf568fb6ba9bf,1069,0,25,5
0,23,0,0,0,0.024118476,0.0082989999999999991,0,55599104,NA,NA,NA,NA,NA,NA,NA,NA,2408,135,5,1,3d4d37e7dcef36139698862d60d536450dfb480779ac0676046a82e065e8af0f,585,0,13,4
0,23,1,1,0,0.019374238000000002,0.0028729999999999997,0.0057369999999999999,55099392,NA,NA,NA,NA,NA,NA,NA,NA,2408,135,5,1,3d4d37e7dcef36139698862d60d536450dfb480779ac0676046a82e065e8af0f,1025,0,10,4
0,23,0,1,3,0.062109120000000004,0.046431,0.0035719999999999997,175222784,NA,NA,NA,NA,NA,NA,NA,NA,2034104,2240463,32773,1,ac2c95b5e7d6e8c1837c1873a4de39a4ebe4476436e3f88bac5be95b6d1b5c2c,679,0,28,9
0,23,1,0,3,0.061604995000000003,0.050152999999999996,0,175132672,NA,NA,NA,NA,NA,NA,NA,NA,2034104,2240463,32773,1,ac2c95b5e7d6e8c1837c1873a4de39a4ebe4476436e3f88bac5be95b6d1b5c2c,678,0,35,10
0,23,0,1,4,0.19444936600000001,0.157833,0.016784,411799552,NA,NA,NA,NA,NA,NA,NA,NA,3318496,1882629,26625,512,ff2a25ad60d39948f157d4ecadc3b1f099b61e0fa95b5446763968dcc9e0e2de,785,0,93,14
0,23,1,0,4,0.19332517800000001,0.16370299999999999,0.010222999999999999,411824128,NA,NA,NA,NA,NA,NA,NA,NA,3318496,1882629,26625,512,ff2a25ad60d39948f157d4ecadc3b1f099b61e0fa95b5446763968dcc9e0e2de,785,0,122,23
0,23,0,0,5,0.45369991000000004,0.38966299999999998,0.043306999999999998,1027788800,NA,NA,NA,NA,NA,NA,NA,NA,11457352,5690734,153602,512,403312a97a3e99fe27317c1f28b1ff252fafdd2816dd615c6a7e00126747644b,1582,0,277,19
0,23,1,1,5,0.46332438100000001,0.38991999999999999,0.043305999999999997,1028239360,NA,NA,NA,NA,NA,NA,NA,NA,11457352,5690734,153602,512,403312a97a3e99fe27317c1f28b1ff252fafdd2816dd615c6a7e00126747644b,1139,0,75,15
0,24,0,0,2,0.041141725000000004,0.026169999999999999,0.0037319999999999996,131051520,NA,NA,NA,NA,NA,NA,NA,NA,837856,318511,16385,4096,53bcb4b7244f10985ba78b02026020f091907c6c2bc8edcdcc9bf568fb6ba9bf,1068,0,19,6
0,24,1,1,2,0.040770037000000002,0.029617999999999998,0,133795840,NA,NA,NA,NA,NA,NA,NA,NA,837856,318511,16385,4096,53bcb4b7244f10985ba78b02026020f091907c6c2bc8edcdcc9bf568fb6ba9bf,632,0,27,6
0,24,0,1,5,0.46465116900000003,0.38112599999999996,0.050095000000000001,1028038656,NA,NA,NA,NA,NA,NA,NA,NA,11457352,5690734,153602,512,403312a97a3e99fe27317c1f28b1ff252fafdd2816dd615c6a7e00126747644b,1141,0,159,20
0,24,1,0,5,0.45506692200000004,0.38765299999999997,0.046393999999999998,1028038656,NA,NA,NA,NA,NA,NA,NA,NA,11457352,5690734,153602,512,403312a97a3e99fe27317c1f28b1ff252fafdd2816dd615c6a7e00126747644b,1138,0,166,23
0,24,0,1,1,0.058066799000000002,0.036995,0.0092370000000000004,152412160,NA,NA,NA,NA,NA,NA,NA,NA,1018592,407679,8197,1,20eb35e3894499e2f63cb7de484c538d87cee78f36bdbc9a59f2c383a0ec97fb,1084,0,42,10
0,24,1,0,1,0.061254056000000001,0.046017999999999996,0.003542,154562560,NA,NA,NA,NA,NA,NA,NA,NA,1018592,407679,8197,1,20eb35e3894499e2f63cb7de484c538d87cee78f36bdbc9a59f2c383a0ec97fb,640,0,37,10
0,24,0,1,0,0.018841158,0.008149,0,55791616,NA,NA,NA,NA,NA,NA,NA,NA,2408,135,5,1,3d4d37e7dcef36139698862d60d536450dfb480779ac0676046a82e065e8af0f,588,0,11,3
0,24,1,0,0,0.018608893000000001,0.007925999999999999,0,55214080,NA,NA,NA,NA,NA,NA,NA,NA,2408,135,5,1,3d4d37e7dcef36139698862d60d536450dfb480779ac0676046a82e065e8af0f,1023,0,12,4
0,24,0,1,3,0.061922970000000001,0.046800000000000001,0.0033439999999999998,175554560,NA,NA,NA,NA,NA,NA,NA,NA,2034104,2240463,32773,1,ac2c95b5e7d6e8c1837c1873a4de39a4ebe4476436e3f88bac5be95b6d1b5c2c,682,0,30,10
0,24,1,0,3,0.062305910000000006,0.040258999999999996,0.010071,175235072,NA,NA,NA,NA,NA,NA,NA,NA,2034104,2240463,32773,1,ac2c95b5e7d6e8c1837c1873a4de39a4ebe4476436e3f88bac5be95b6d1b5c2c,677,0,42,9
0,24,0,1,4,0.19442455800000003,0.14213599999999998,0.033055000000000001,411541504,NA,NA,NA,NA,NA,NA,NA,NA,3318496,1882629,26625,512,ff2a25ad60d39948f157d4ecadc3b1f099b61e0fa95b5446763968dcc9e0e2de,1226,0,70,17
0,24,1,0,4,0.195223596,0.152392,0.023188999999999998,411881472,NA,NA,NA,NA,NA,NA,NA,NA,3318496,1882629,26625,512,ff2a25ad60d39948f157d4ecadc3b1f099b61e0fa95b5446763968dcc9e0e2de,778,0,92,15
0,25,0,0,5,0.46162022100000005,0.390932,0.040437999999999995,1027674112,NA,NA,NA,NA,NA,NA,NA,NA,11457352,5690734,153602,512,403312a97a3e99fe27317c1f28b1ff252fafdd2816dd615c6a7e00126747644b,1584,0,227,21
0,25,1,1,5,0.45412702700000002,0.39697299999999996,0.036684000000000001,1027903488,NA,NA,NA,NA,NA,NA,NA,NA,11457352,5690734,153602,512,403312a97a3e99fe27317c1f28b1ff252fafdd2816dd615c6a7e00126747644b,1584,0,290,23
0,25,0,0,3,0.061707737000000006,0.040131,0.010019999999999999,175476736,NA,NA,NA,NA,NA,NA,NA,NA,2034104,2240463,32773,1,ac2c95b5e7d6e8c1837c1873a4de39a4ebe4476436e3f88bac5be95b6d1b5c2c,680,0,55,9
0,25,1,1,3,0.061865853000000005,0.037356,0.012438999999999999,175067136,NA,NA,NA,NA,NA,NA,NA,NA,2034104,2240463,32773,1,ac2c95b5e7d6e8c1837c1873a4de39a4ebe4476436e3f88bac5be95b6d1b5c2c,1145,0,67,10
0,25,0,0,0,0.019454799000000002,0.0042490000000000002,0.0042529999999999998,55291904,NA,NA,NA,NA,NA,NA,NA,NA,2408,135,5,1,3d4d37e7dcef36139698862d60d536450dfb480779ac0676046a82e065e8af0f,1027,0,10,2
0,25,1,1,0,0.019717721000000001,0.0083889999999999989,0,55181312,NA,NA,NA,NA,NA,NA,NA,NA,2408,135,5,1,3d4d37e7dcef36139698862d60d536450dfb480779ac0676046a82e065e8af0f,1023,0,11,4
0,25,0,0,4,0.18703457600000001,0.16544799999999998,0.0099229999999999995,411717632,NA,NA,NA,NA,NA,NA,NA,NA,3318496,1882629,26625,512,ff2a25ad60d39948f157d4ecadc3b1f099b61e0fa95b5446763968dcc9e0e2de,1243,0,90,18
0,25,1,1,4,0.194418645,0.15842199999999998,0.016507999999999998,411623424,NA,NA,NA,NA,NA,NA,NA,NA,3318496,1882629,26625,512,ff2a25ad60d39948f157d4ecadc3b1f099b61e0fa95b5446763968dcc9e0e2de,1231,0,111,16
0,25,0,0,1,0.060785398000000004,0.039564999999999996,0.0091380000000000003,154124288,NA,NA,NA,NA,NA,NA,NA,NA,1018592,407679,8197,1,20eb35e3894499e2f63cb7de484c538d87cee78f36bdbc9a59f2c383a0ec97fb,1079,0,40,11
0,25,1,1,1,0.057936313000000003,0.039524999999999998,0.0065899999999999995,152285184,NA,NA,NA,NA,NA,NA,NA,NA,1018592,407679,8197,1,20eb35e3894499e2f63cb7de484c538d87cee78f36bdbc9a59f2c383a0ec97fb,1080,0,47,9
0,25,0,1,2,0.041399327,0.030029999999999998,0,133459968,NA,NA,NA,NA,NA,NA,NA,NA,837856,318511,16385,4096,53bcb4b7244f10985ba78b02026020f091907c6c2bc8edcdcc9bf568fb6ba9bf,1073,0,29,6
0,25,1,0,2,0.041192309000000003,0.026535,0.0033219999999999999,131301376,NA,NA,NA,NA,NA,NA,NA,NA,837856,318511,16385,4096,53bcb4b7244f10985ba78b02026020f091907c6c2bc8edcdcc9bf568fb6ba9bf,618,0,28,7
0,26,0,1,4,0.195162421,0.152779,0.022737,411521024,NA,NA,NA,NA,NA,NA,NA,NA,3318496,1882629,26625,512,ff2a25ad60d39948f157d4ecadc3b1f099b61e0fa95b5446763968dcc9e0e2de,1229,0,105,18
0,26,1,0,4,0.19473848500000002,0.14882199999999998,0.026466,411758592,NA,NA,NA,NA,NA,NA,NA,NA,3318496,1882629,26625,512,ff2a25ad60d39948f157d4ecadc3b1f099b61e0fa95b5446763968dcc9e0e2de,1230,0,65,16
0,26,0,1,0,0.020054202,0.0059480000000000002,0.002977,55443456,NA,NA,NA,NA,NA,NA,NA,NA,2408,135,5,1,3d4d37e7dcef36139698862d60d536450dfb480779ac0676046a82e065e8af0f,1068,0,10,4
0,26,1,0,0,0.019754452000000002,0.0055490000000000001,0.0027780000000000001,55275520,NA,NA,NA,NA,NA,NA,NA,NA,2408,135,5,1,3d4d37e7dcef36139698862d60d536450dfb480779ac0676046a82e065e8af0f,1028,0,10,3
0,26,0,1,1,0.057450541000000001,0.039085999999999996,0.0065249999999999996,152498176,NA,NA,NA,NA,NA,NA,NA,NA,1018592,407679,8197,1,20eb35e3894499e2f63cb7de484c538d87cee78f36bdbc9a59f2c383a0ec97fb,637,0,30,8
0,26,1,0,1,0.060022957000000002,0.044863,0.0034519999999999998,154599424,NA,NA,NA,NA,NA,NA,NA,NA,1018592,407679,8197,1,20eb35e3894499e2f63cb7de484c538d87cee78f36bdbc9a59f2c383a0ec97fb,639,0,26,10
0,26,0,0,5,0.45338148500000003,0.38270199999999999,0.049457999999999995,1027862528,NA,NA,NA,NA,NA,NA,NA,NA,11457352,5690734,153602,512,403312a97a3e99fe27317c1f28b1ff252fafdd2816dd615c6a7e00126747644b,1140,0,192,24
0,26,1,1,5,0.46213669600000001,0.39250499999999999,0.040264999999999995,1028153344,NA,NA,NA,NA,NA,NA,NA,NA,11457352,5690734,153602,512,403312a97a3e99fe27317c1f28b1ff252fafdd2816dd615c6a7e00126747644b,1142,0,52,28
0,26,0,1,3,0.061839744000000002,0.040108999999999999,0.010014,175562752,NA,NA,NA,NA,NA,NA,NA,NA,2034104,2240463,32773,1,ac2c95b5e7d6e8c1837c1873a4de39a4ebe4476436e3f88bac5be95b6d1b5c2c,681,0,51,9
0,26,1,0,3,0.062976645999999997,0.04079,0.010182,175345664,NA,NA,NA,NA,NA,NA,NA,NA,2034104,2240463,32773,1,ac2c95b5e7d6e8c1837c1873a4de39a4ebe4476436e3f88bac5be95b6d1b5c2c,679,0,42,10
0,26,0,0,2,0.041186828000000002,0.023203999999999999,0.0066400000000000001,131584000,NA,NA,NA,NA,NA,NA,NA,NA,837856,318511,16385,4096,53bcb4b7244f10985ba78b02026020f091907c6c2bc8edcdcc9bf568fb6ba9bf,629,0,29,8
0,26,1,1,2,0.041468557000000003,0.024114,0.0060229999999999997,133275648,NA,NA,NA,NA,NA,NA,NA,NA,837856,318511,16385,4096,53bcb4b7244f10985ba78b02026020f091907c6c2bc8edcdcc9bf568fb6ba9bf,1072,0,24,6
0,27,0,0,1,0.061067336000000007,0.030397999999999998,0.018251,154337280,NA,NA,NA,NA,NA,NA,NA,NA,1018592,407679,8197,1,20eb35e3894499e2f63cb7de484c538d87cee78f36bdbc9a59f2c383a0ec97fb,1119,0,23,11
0,27,1,1,1,0.057904453000000002,0.042784999999999997,0.0035629999999999998,152109056,NA,NA,NA,NA,NA,NA,NA,NA,1018592,407679,8197,1,20eb35e3894499e2f63cb7de484c538d87cee78f36bdbc9a59f2c383a0ec97fb,1079,0,18,9
0,27,0,0,4,0.19303076100000002,0.16016900000000001,0.013344,411770880,NA,NA,NA,NA,NA,NA,NA,NA,3318496,1882629,26625,512,ff2a25ad60d39948f157d4ecadc3b1f099b61e0fa95b5446763968dcc9e0e2de,1231,0,71,17
0,27,1,1,4,0.19536440700000002,0.152279,0.023694,411545600,NA,NA,NA,NA,NA,NA,NA,NA,3318496,1882629,26625,512,ff2a25ad60d39948f157d4ecadc3b1f099b61e0fa95b5446763968dcc9e0e2de,1230,0,75,14
0,27,0,0,0,0.01972175,0.0086039999999999988,0,55169024,NA,NA,NA,NA,NA,NA,NA,NA,2408,135,5,1,3d4d37e7dcef36139698862d60d536450dfb480779ac0676046a82e065e8af0f,1026,0,11,2
0,27,1,1,0,0.019471861,0.004248,0.0042309999999999995,55525376,NA,NA,NA,NA,NA,NA,NA,NA,2408,135,5,1,3d4d37e7dcef36139698862d60d536450dfb480779ac0676046a82e065e8af0f,586,0,9,3
0,27,0,0,3,0.062225968000000006,0.037465999999999999,0.012494999999999999,174944256,NA,NA,NA,NA,NA,NA,NA,NA,2034104,2240463,32773,1,ac2c95b5e7d6e8c1837c1873a4de39a4ebe4476436e3f88bac5be95b6d1b5c2c,1119,0,38,10
0,27,1,1,3,0.061463539000000005,0.042974999999999999,0.0066149999999999994,175009792,NA,NA,NA,NA,NA,NA,NA,NA,2034104,2240463,32773,1,ac2c95b5e7d6e8c1837c1873a4de39a4ebe4476436e3f88bac5be95b6d1b5c2c,1121,0,40,7
0,27,0,1,2,0.041732000000000005,0.026297999999999998,0.0037619999999999997,133480448,NA,NA,NA,NA,NA,NA,NA,NA,837856,318511,16385,4096,53bcb4b7244f10985ba78b02026020f091907c6c2bc8edcdcc9bf568fb6ba9bf,626,0,23,6
0,27,1,0,2,0.041125873,0.023143,0.0066169999999999996,131125248,NA,NA,NA,NA,NA,NA,NA,NA,837856,318511,16385,4096,53bcb4b7244f10985ba78b02026020f091907c6c2bc8edcdcc9bf568fb6ba9bf,1068,0,24,8
0,27,0,1,5,0.45555889600000005,0.36165399999999998,0.073005,1028055040,NA,NA,NA,NA,NA,NA,NA,NA,11457352,5690734,153602,512,403312a97a3e99fe27317c1f28b1ff252fafdd2816dd615c6a7e00126747644b,1141,0,238,19
0,27,1,0,5,0.46365031300000004,0.39104899999999998,0.043078999999999999,1027887104,NA,NA,NA,NA,NA,NA,NA,NA,11457352,5690734,153602,512,403312a97a3e99fe27317c1f28b1ff252fafdd2816dd615c6a7e00126747644b,1584,0,124,30
0,28,0,0,5,0.459178052,0.39991199999999999,0.033321999999999997,1027915776,NA,NA,NA,NA,NA,NA,NA,NA,11457352,5690734,153602,512,403312a97a3e99fe27317c1f28b1ff252fafdd2816dd615c6a7e00126747644b,1584,0,251,25
0,28,1,1,5,0.45255532100000001,0.384907,0.046461999999999996,1027874816,NA,NA,NA,NA,NA,NA,NA,NA,11457352,5690734,153602,512,403312a97a3e99fe27317c1f28b1ff252fafdd2816dd615c6a7e00126747644b,1584,0,53,18
0,28,0,0,4,0.193009179,0.146402,0.027227999999999999,411910144,NA,NA,NA,NA,NA,NA,NA,NA,3318496,1882629,26625,512,ff2a25ad60d39948f157d4ecadc3b1f099b61e0fa95b5446763968dcc9e0e2de,788,0,107,13
0,28,1,1,4,0.20541113800000002,0.16508899999999999,0.0099039999999999996,412033024,NA,NA,NA,NA,NA,NA,NA,NA,3318496,1882629,26625,512,ff2a25ad60d39948f157d4ecadc3b1f099b61e0fa95b5446763968dcc9e0e2de,788,0,63,15
0,28,0,0,0,0.020542629,0.002163,0.0064839999999999993,55373824,NA,NA,NA,NA,NA,NA,NA,NA,2408,135,5,1,3d4d37e7dcef36139698862d60d536450dfb480779ac0676046a82e065e8af0f,1029,0,9,4
0,28,1,1,0,0.01995659,0.0029119999999999997,0.0058089999999999999,55394304,NA,NA,NA,NA,NA,NA,NA,NA,2408,135,5,1,3d4d37e7dcef36139698862d60d536450dfb480779ac0676046a82e065e8af0f,1053,0,9,5
0,28,0,1,1,0.057687586000000006,0.045669000000000001,0,152322048,NA,NA,NA,NA,NA,NA,NA,NA,1018592,407679,8197,1,20eb35e3894499e2f63cb7de484c538d87cee78f36bdbc9a59f2c383a0ec97fb,631,0,18,9
0,28,1,0,1,0.060113906000000002,0.041641999999999998,0.006404,154550272,NA,NA,NA,NA,NA,NA,NA,NA,1018592,407679,8197,1,20eb35e3894499e2f63cb7de484c538d87cee78f36bdbc9a59f2c383a0ec97fb,1085,0,46,10
0,28,0,0,3,0.062186815000000006,0.040632000000000001,0.0093819999999999997,175538176,NA,NA,NA,NA,NA,NA,NA,NA,2034104,2240463,32773,1,ac2c95b5e7d6e8c1837c1873a4de39a4ebe4476436e3f88bac5be95b6d1b5c2c,681,0,57,10
0,28,1,1,3,0.061809728000000001,0.043243999999999998,0.0066519999999999999,175280128,NA,NA,NA,NA,NA,NA,NA,NA,2034104,2240463,32773,1,ac2c95b5e7d6e8c1837c1873a4de39a4ebe4476436e3f88bac5be95b6d1b5c2c,1123,0,55,9
0,28,0,0,2,0.041233014000000005,0.020847999999999998,0.0089420000000000003,131084288,NA,NA,NA,NA,NA,NA,NA,NA,837856,318511,16385,4096,53bcb4b7244f10985ba78b02026020f091907c6c2bc8edcdcc9bf568fb6ba9bf,1070,0,29,8
0,28,1,1,2,0.041652701,0.020146999999999998,0.010059999999999999,133230592,NA,NA,NA,NA,NA,NA,NA,NA,837856,318511,16385,4096,53bcb4b7244f10985ba78b02026020f091907c6c2bc8edcdcc9bf568fb6ba9bf,1079,0,26,7
0,29,0,0,1,0.061824434000000004,0.046773999999999996,0.003117,154173440,NA,NA,NA,NA,NA,NA,NA,NA,1018592,407679,8197,1,20eb35e3894499e2f63cb7de484c538d87cee78f36bdbc9a59f2c383a0ec97fb,1082,0,43,10
0,29,1,1,1,0.057593339,0.036076999999999998,0.0098429999999999993,152371200,NA,NA,NA,NA,NA,NA,NA,NA,1018592,407679,8197,1,20eb35e3894499e2f63cb7de484c538d87cee78f36bdbc9a59f2c383a0ec97fb,1081,0,28,9
0,29,0,1,4,0.19582875400000002,0.15922699999999998,0.016570999999999999,411672576,NA,NA,NA,NA,NA,NA,NA,NA,3318496,1882629,26625,512,ff2a25ad60d39948f157d4ecadc3b1f099b61e0fa95b5446763968dcc9e0e2de,1232,0,60,15
0,29,1,0,4,0.193667272,0.15403899999999998,0.020093,411877376,NA,NA,NA,NA,NA,NA,NA,NA,3318496,1882629,26625,512,ff2a25ad60d39948f157d4ecadc3b1f099b61e0fa95b5446763968dcc9e0e2de,1232,0,129,15
0,29,0,1,3,0.061918681000000003,0.043845999999999996,0.0062680000000000001,175079424,NA,NA,NA,NA,NA,NA,NA,NA,2034104,2240463,32773,1,ac2c95b5e7d6e8c1837c1873a4de39a4ebe4476436e3f88bac5be95b6d1b5c2c,1122,0,36,8
0,29,1,0,3,0.062320896000000001,0.043862999999999999,0.0067499999999999999,175267840,NA,NA,NA,NA,NA,NA,NA,NA,2034104,2240463,32773,1,ac2c95b5e7d6e8c1837c1873a4de39a4ebe4476436e3f88bac5be95b6d1b5c2c,1124,0,42,11
0,29,0,1,2,0.041423672000000002,0.022348999999999997,0.0074489999999999999,133173248,NA,NA,NA,NA,NA,NA,NA,NA,837856,318511,16385,4096,53bcb4b7244f10985ba78b02026020f091907c6c2bc8edcdcc9bf568fb6ba9bf,1072,0,29,5
0,29,1,0,2,0.041277738000000001,0.023258999999999998,0.0066479999999999994,131330048,NA,NA,NA,NA,NA,NA,NA,NA,837856,318511,16385,4096,53bcb4b7244f10985ba78b02026020f091907c6c2bc8edcdcc9bf568fb6ba9bf,1068,0,24,7
0,29,0,1,5,0.46365390300000003,0.39477000000000001,0.036796999999999996,1027706880,NA,NA,NA,NA,NA,NA,NA,NA,11457352,5690734,153602,512,403312a97a3e99fe27317c1f28b1ff252fafdd2816dd615c6a7e00126747644b,1583,0,223,20
0,29,1,0,5,0.467583943,0.39033399999999996,0.043003,1027956736,NA,NA,NA,NA,NA,NA,NA,NA,11457352,5690734,153602,512,403312a97a3e99fe27317c1f28b1ff252fafdd2816dd615c6a7e00126747644b,1587,0,50,22
0,29,0,1,0,0.019298475000000002,0.004287,0.0042849999999999997,55414784,NA,NA,NA,NA,NA,NA,NA,NA,2408,135,5,1,3d4d37e7dcef36139698862d60d536450dfb480779ac0676046a82e065e8af0f,1032,0,11,5
0,29,1,0,0,0.018542658,0.0039629999999999995,0.0039829999999999996,55152640,NA,NA,NA,NA,NA,NA,NA,NA,2408,135,5,1,3d4d37e7dcef36139698862d60d536450dfb480779ac0676046a82e065e8af0f,1026,0,11,4
0,30,0,0,0,0.018451586000000002,0.0038699999999999997,0.003862,55439360,NA,NA,NA,NA,NA,NA,NA,NA,2408,135,5,1,3d4d37e7dcef36139698862d60d536450dfb480779ac0676046a82e065e8af0f,1029,0,10,4
0,30,1,1,0,0.018373240000000002,0.0051069999999999996,0.0025539999999999998,55631872,NA,NA,NA,NA,NA,NA,NA,NA,2408,135,5,1,3d4d37e7dcef36139698862d60d536450dfb480779ac0676046a82e065e8af0f,585,0,10,4
0,30,0,1,1,0.065917631000000004,0.048507999999999996,0,152428544,NA,NA,NA,NA,NA,NA,NA,NA,1018592,407679,8197,1,20eb35e3894499e2f63cb7de484c538d87cee78f36bdbc9a59f2c383a0ec97fb,1084,0,24,10
0,30,1,0,1,0.060435290000000003,0.042007999999999997,0.0064669999999999997,154320896,NA,NA,NA,NA,NA,NA,NA,NA,1018592,407679,8197,1,20eb35e3894499e2f63cb7de484c538d87cee78f36bdbc9a59f2c383a0ec97fb,1079,0,46,9
0,30,0,0,3,0.067294663000000005,0.042973999999999998,0.0071649999999999995,175108096,NA,NA,NA,NA,NA,NA,NA,NA,2034104,2240463,32773,1,ac2c95b5e7d6e8c1837c1873a4de39a4ebe4476436e3f88bac5be95b6d1b5c2c,1119,0,59,8
0,30,1,1,3,0.061930134000000005,0.040125000000000001,0.010036,174960640,NA,NA,NA,NA,NA,NA,NA,NA,2034104,2240463,32773,1,ac2c95b5e7d6e8c1837c1873a4de39a4ebe4476436e3f88bac5be95b6d1b5c2c,1116,0,49,9
0,30,0,1,2,0.041403042000000001,0.022622999999999997,0.0075439999999999995,133091328,NA,NA,NA,NA,NA,NA,NA,NA,837856,318511,16385,4096,53bcb4b7244f10985ba78b02026020f091907c6c2bc8edcdcc9bf568fb6ba9bf,1080,0,21,6
0,30,1,0,2,0.040829768000000002,0.022237,0.0074179999999999992,131317760,NA,NA,NA,NA,NA,NA,NA,NA,837856,318511,16385,4096,53bcb4b7244f10985ba78b02026020f091907c6c2bc8edcdcc9bf568fb6ba9bf,1073,0,17,5
0,30,0,1,5,0.47761971500000006,0.38603999999999999,0.047003999999999997,1027887104,NA,NA,NA,NA,NA,NA,NA,NA,11457352,5690734,153602,512,403312a97a3e99fe27317c1f28b1ff252fafdd2816dd615c6a7e00126747644b,1598,0,108,23
0,30,1,0,5,0.46564070700000004,0.396476,0.039940999999999997,1027817472,NA,NA,NA,NA,NA,NA,NA,NA,11457352,5690734,153602,512,403312a97a3e99fe27317c1f28b1ff252fafdd2816dd615c6a7e00126747644b,1584,0,236,15
0,30,0,0,4,0.19426922900000002,0.147983,0.026911999999999998,412008448,NA,NA,NA,NA,NA,NA,NA,NA,3318496,1882629,26625,512,ff2a25ad60d39948f157d4ecadc3b1f099b61e0fa95b5446763968dcc9e0e2de,787,0,77,17
0,30,1,1,4,0.20411750000000001,0.15557699999999999,0.019449999999999999,411664384,NA,NA,NA,NA,NA,NA,NA,NA,3318496,1882629,26625,512,ff2a25ad60d39948f157d4ecadc3b1f099b61e0fa95b5446763968dcc9e0e2de,1230,0,117,19
0,31,0,1,4,0.19535234000000001,0.15912999999999999,0.016570999999999999,411521024,NA,NA,NA,NA,NA,NA,NA,NA,3318496,1882629,26625,512,ff2a25ad60d39948f157d4ecadc3b1f099b61e0fa95b5446763968dcc9e0e2de,1227,0,91,17
0,31,1,0,4,0.19405883500000001,0.15473399999999998,0.019747999999999998,411807744,NA,NA,NA,NA,NA,NA,NA,NA,3318496,1882629,26625,512,ff2a25ad60d39948f157d4ecadc3b1f099b61e0fa95b5446763968dcc9e0e2de,779,0,62,17
0,31,0,1,3,0.061542996000000003,0.04999,0,175308800,NA,NA,NA,NA,NA,NA,NA,NA,2034104,2240463,32773,1,ac2c95b5e7d6e8c1837c1873a4de39a4ebe4476436e3f88bac5be95b6d1b5c2c,1126,0,60,9
0,31,1,0,3,0.062201090000000001,0.040289999999999999,0.010078999999999999,175067136,NA,NA,NA,NA,NA,NA,NA,NA,2034104,2240463,32773,1,ac2c95b5e7d6e8c1837c1873a4de39a4ebe4476436e3f88bac5be95b6d1b5c2c,1124,0,23,8
0,31,0,1,0,0.019136682000000002,0.0055989999999999998,0.0028,55361536,NA,NA,NA,NA,NA,NA,NA,NA,2408,135,5,1,3d4d37e7dcef36139698862d60d536450dfb480779ac0676046a82e065e8af0f,1027,0,12,4
0,31,1,0,0,0.018416952,0.007814999999999999,0,55250944,NA,NA,NA,NA,NA,NA,NA,NA,2408,135,5,1,3d4d37e7dcef36139698862d60d536450dfb480779ac0676046a82e065e8af0f,1023,0,12,4
0,31,0,0,1,0.059391521000000003,0.041005,0.0068239999999999993,154861568,NA,NA,NA,NA,NA,NA,NA,NA,1018592,407679,8197,1,20eb35e3894499e2f63cb7de484c538d87cee78f36bdbc9a59f2c383a0ec97fb,641,0,30,9
0,31,1,1,1,0.058531448000000007,0.043165999999999996,0.00332,152449024,NA,NA,NA,NA,NA,NA,NA,NA,1018592,407679,8197,1,20eb35e3894499e2f63cb7de484c538d87cee78f36bdbc9a59f2c383a0ec97fb,633,0,31,8
0,31,0,0,2,0.040924516000000001,0.017880999999999998,0.011918,131055616,NA,NA,NA,NA,NA,NA,NA,NA,837856,318511,16385,4096,53bcb4b7244f10985ba78b02026020f091907c6c2bc8edcdcc9bf568fb6ba9bf,1070,0,40,7
0,31,1,1,2,0.041275283000000003,0.016653999999999999,0.013323999999999999,133255168,NA,NA,NA,NA,NA,NA,NA,NA,837856,318511,16385,4096,53bcb4b7244f10985ba78b02026020f091907c6c2bc8edcdcc9bf568fb6ba9bf,1070,0,25,5
0,31,0,0,5,0.45263695400000004,0.38209099999999996,0.049401,1027670016,NA,NA,NA,NA,NA,NA,NA,NA,11457352,5690734,153602,512,403312a97a3e99fe27317c1f28b1ff252fafdd2816dd615c6a7e00126747644b,1582,0,196,21
0,31,1,1,5,0.46170137500000002,0.38908999999999999,0.043587999999999995,1027731456,NA,NA,NA,NA,NA,NA,NA,NA,11457352,5690734,153602,512,403312a97a3e99fe27317c1f28b1ff252fafdd2816dd615c6a7e00126747644b,1583,0,185,15
0,32,0,0,2,0.041491077000000001,0.021069999999999998,0.0090399999999999994,131076096,NA,NA,NA,NA,NA,NA,NA,NA,837856,318511,16385,4096,53bcb4b7244f10985ba78b02026020f091907c6c2bc8edcdcc9bf568fb6ba9bf,1067,0,24,6
0,32,1,1,2,0.041696934000000005,0.021242,0.009101999999999999,133234688,NA,NA,NA,NA,NA,NA,NA,NA,837856,318511,16385,4096,53bcb4b7244f10985ba78b02026020f091907c6c2bc8edcdcc9bf568fb6ba9bf,1097,0,22,8
0,32,0,1,1,0.057979151000000007,0.039683999999999997,0.0066019999999999994,152080384,NA,NA,NA,NA,NA,NA,NA,NA,1018592,407679,8197,1,20eb35e3894499e2f63cb7de484c538d87cee78f36bdbc9a59f2c383a0ec97fb,1079,0,27,9
0,32,1,0,1,0.064282163000000003,0.048417999999999996,0,154206208,NA,NA,NA,NA,NA,NA,NA,NA,1018592,407679,8197,1,20eb35e3894499e2f63cb7de484c538d87cee78f36bdbc9a59f2c383a0ec97fb,1079,0,28,9
0,32,0,0,5,0.45324226000000001,0.369676,0.062709000000000001,1027960832,NA,NA,NA,NA,NA,NA,NA,NA,11457352,5690734,153602,512,403312a97a3e99fe27317c1f28b1ff252fafdd2816dd615c6a7e00126747644b,1132,0,203,22
0,32,1,1,5,0.46135004400000001,0.38553799999999999,0.046933999999999997,1028354048,NA,NA,NA,NA,NA,NA,NA,NA,11457352,5690734,153602,512,403312a97a3e99fe27317c1f28b1ff252fafdd2816dd615c6a7e00126747644b,1146,0,144,17
0,32,0,0,3,0.062046680000000007,0.040174999999999995,0.010050999999999999,175403008,NA,NA,NA,NA,NA,NA,NA,NA,2034104,2240463,32773,1,ac2c95b5e7d6e8c1837c1873a4de39a4ebe4476436e3f88bac5be95b6d1b5c2c,1158,0,69,9
0,32,1,1,3,0.061472985000000001,0.039964,0.0099880000000000004,175562752,NA,NA,NA,NA,NA,NA,NA,NA,2034104,2240463,32773,1,ac2c95b5e7d6e8c1837c1873a4de39a4ebe4476436e3f88bac5be95b6d1b5c2c,683,0,32,8
0,32,0,0,4,0.196073521,0.15664599999999998,0.020003,411623424,NA,NA,NA,NA,NA,NA,NA,NA,3318496,1882629,26625,512,ff2a25ad60d39948f157d4ecadc3b1f099b61e0fa95b5446763968dcc9e0e2de,1227,0,63,16
0,32,1,1,4,0.19434779400000002,0.15487899999999999,0.020201999999999998,411545600,NA,NA,NA,NA,NA,NA,NA,NA,3318496,1882629,26625,512,ff2a25ad60d39948f157d4ecadc3b1f099b61e0fa95b5446763968dcc9e0e2de,1229,0,92,16
0,32,0,1,0,0.019058676,0.0042569999999999995,0.0042589999999999998,55574528,NA,NA,NA,NA,NA,NA,NA,NA,2408,135,5,1,3d4d37e7dcef36139698862d60d536450dfb480779ac0676046a82e065e8af0f,1036,0,13,4
0,32,1,0,0,0.018572463000000001,0.0080590000000000002,0,55291904,NA,NA,NA,NA,NA,NA,NA,NA,2408,135,5,1,3d4d37e7dcef36139698862d60d536450dfb480779ac0676046a82e065e8af0f,1026,0,11,4
0,33,0,1,3,0.061808804000000002,0.046537999999999996,0.0033239999999999997,174919680,NA,NA,NA,NA,NA,NA,NA,NA,2034104,2240463,32773,1,ac2c95b5e7d6e8c1837c1873a4de39a4ebe4476436e3f88bac5be95b6d1b5c2c,1119,0,62,11
0,33,1,0,3,0.062095291000000004,0.047211999999999997,0.0033739999999999998,175271936,NA,NA,NA,NA,NA,NA,NA,NA,2034104,2240463,32773,1,ac2c95b5e7d6e8c1837c1873a4de39a4ebe4476436e3f88bac5be95b6d1b5c2c,679,0,40,9
0,33,0,1,2,0.040827564000000004,0.029810999999999997,0,133349376,NA,NA,NA,NA,NA,NA,NA,NA,837856,318511,16385,4096,53bcb4b7244f10985ba78b02026020f091907c6c2bc8edcdcc9bf568fb6ba9bf,1072,0,35,7
0,33,1,0,2,0.041212574000000002,0.026195,0.0037449999999999996,131067904,NA,NA,NA,NA,NA,NA,NA,NA,837856,318511,16385,4096,53bcb4b7244f10985ba78b02026020f091907c6c2bc8edcdcc9bf568fb6ba9bf,1068,0,24,6
0,33,0,1,5,0.45649366300000005,0.38886499999999996,0.043210999999999999,1027944448,NA,NA,NA,NA,NA,NA,NA,NA,11457352,5690734,153602,512,403312a97a3e99fe27317c1f28b1ff252fafdd2816dd615c6a7e00126747644b,1585,0,118,21
0,33,1,0,5,0.45846608300000002,0.39228399999999997,0.040231999999999997,1027784704,NA,NA,NA,NA,NA,NA,NA,NA,11457352,5690734,153602,512,403312a97a3e99fe27317c1f28b1ff252fafdd2816dd615c6a7e00126747644b,1580,0,253,27
0,33,0,1,4,0.19592752500000002,0.14951399999999998,0.026584,411766784,NA,NA,NA,NA,NA,NA,NA,NA,3318496,1882629,26625,512,ff2a25ad60d39948f157d4ecadc3b1f099b61e0fa95b5446763968dcc9e0e2de,1246,0,27,20
0,33,1,0,4,0.19595600800000001,0.16664599999999999,0.01,411750400,NA,NA,NA,NA,NA,NA,NA,NA,3318496,1882629,26625,512,ff2a25ad60d39948f157d4ecadc3b1f099b61e0fa95b5446763968dcc9e0e2de,1258,0,81,18
0,33,0,0,1,0.060257394000000006,0.048558999999999998,0,154402816,NA,NA,NA,NA,NA,NA,NA,NA,1018592,407679,8197,1,20eb35e3894499e2f63cb7de484c538d87cee78f36bdbc9a59f2c383a0ec97fb,1082,0,38,7
0,33,1,1,1,0.058335229000000002,0.043281,0.0033309999999999998,152104960,NA,NA,NA,NA,NA,NA,NA,NA,1018592,407679,8197,1,20eb35e3894499e2f63cb7de484c538d87cee78f36bdbc9a59f2c383a0ec97fb,1077,0,47,8
0,33,0,0,0,0.018917470000000002,0.0054900000000000001,0.0027439999999999999,55287808,NA,NA,NA,NA,NA,NA,NA,NA,2408,135,5,1,3d4d37e7dcef36139698862d60d536450dfb480779ac0676046a82e065e8af0f,1026,0,11,4
0,33,1,1,0,0.019523686000000002,0.0085509999999999996,0,55287808,NA,NA,NA,NA,NA,NA,NA,NA,2408,135,5,1,3d4d37e7dcef36139698862d60d536450dfb480779ac0676046a82e065e8af0f,1028,0,11,4
0,34,0,1,5,0.46432803400000006,0.38816599999999996,0.046841999999999995,1027829760,NA,NA,NA,NA,NA,NA,NA,NA,11457352,5690734,153602,512,403312a97a3e99fe27317c1f28b1ff252fafdd2816dd615c6a7e00126747644b,1584,0,218,28
0,34,1,0,5,0.44494745500000005,0.38237299999999996,0.049447999999999999,1028317184,NA,NA,NA,NA,NA,NA,NA,NA,11457352,5690734,153602,512,403312a97a3e99fe27317c1f28b1ff252fafdd2816dd615c6a7e00126747644b,1145,0,254,18
0,34,0,1,2,0.041411607000000003,0.026946999999999999,0.0033729999999999997,133537792,NA,NA,NA,NA,NA,NA,NA,NA,837856,318511,16385,4096,53bcb4b7244f10985ba78b02026020f091907c6c2bc8edcdcc9bf568fb6ba9bf,628,0,32,7
0,34,1,0,2,0.040700263,0.026357999999999999,0.0032889999999999998,131059712,NA,NA,NA,NA,NA,NA,NA,NA,837856,318511,16385,4096,53bcb4b7244f10985ba78b02026020f091907c6c2bc8edcdcc9bf568fb6ba9bf,1067,0,32,7
0,34,0,0,3,0.062086724000000003,0.041059999999999999,0.0094830000000000001,175276032,NA,NA,NA,NA,NA,NA,NA,NA,2034104,2240463,32773,1,ac2c95b5e7d6e8c1837c1873a4de39a4ebe4476436e3f88bac5be95b6d1b5c2c,1125,0,30,10
0,34,1,1,3,0.062485302000000006,0.044052999999999995,0.006783,174858240,NA,NA,NA,NA,NA,NA,NA,NA,2034104,2240463,32773,1,ac2c95b5e7d6e8c1837c1873a4de39a4ebe4476436e3f88bac5be95b6d1b5c2c,1119,0,52,9
0,34,0,0,0,0.018750858000000002,0.0027749999999999997,0.0055560000000000002,55472128,NA,NA,NA,NA,NA,NA,NA,NA,2408,135,5,1,3d4d37e7dcef36139698862d60d536450dfb480779ac0676046a82e065e8af0f,1049,0,12,4
0,34,1,1,0,0.018728435000000002,0.0080809999999999996,0,55410688,NA,NA,NA,NA,NA,NA,NA,NA,2408,135,5,1,3d4d37e7dcef36139698862d60d536450dfb480779ac0676046a82e065e8af0f,1032,0,12,4
0,34,0,0,4,0.19244038400000002,0.156524,0.016652999999999998,411914240,NA,NA,NA,NA,NA,NA,NA,NA,3318496,1882629,26625,512,ff2a25ad60d39948f157d4ecadc3b1f099b61e0fa95b5446763968dcc9e0e2de,1234,0,105,20
0,34,1,1,4,0.19497752200000001,0.14608499999999999,0.029214,411574272,NA,NA,NA,NA,NA,NA,NA,NA,3318496,1882629,26625,512,ff2a25ad60d39948f157d4ecadc3b1f099b61e0fa95b5446763968dcc9e0e2de,1238,0,75,18
0,34,0,1,1,0.058226494000000004,0.033248,0.013297,152485888,NA,NA,NA,NA,NA,NA,NA,NA,1018592,407679,8197,1,20eb35e3894499e2f63cb7de484c538d87cee78f36bdbc9a59f2c383a0ec97fb,638,0,27,8
0,34,1,0,1,0.059600521000000004,0.044990999999999996,0.003215,154550272,NA,NA,NA,NA,NA,NA,NA,NA,1018592,407679,8197,1,20eb35e3894499e2f63cb7de484c538d87cee78f36bdbc9a59f2c383a0ec97fb,1084,0,36,10
0,35,0,0,5,0.45821581900000002,0.378828,0.053654999999999994,1027985408,NA,NA,NA,NA,NA,NA,NA,NA,11457352,5690734,153602,512,403312a97a3e99fe27317c1f28b1ff252fafdd2816dd615c6a7e00126747644b,1586,0,297,22
0,35,1,1,5,0.46269747300000003,0.39562999999999998,0.036552999999999995,1027874816,NA,NA,NA,NA,NA,NA,NA,NA,11457352,5690734,153602,512,403312a97a3e99fe27317c1f28b1ff252fafdd2816dd615c6a7e00126747644b,1584,0,242,18
0,35,0,0,1,0.061363007000000004,0.049562999999999996,0,154296320,NA,NA,NA,NA,NA,NA,NA,NA,1018592,407679,8197,1,20eb35e3894499e2f63cb7de484c538d87cee78f36bdbc9a59f2c383a0ec97fb,1081,0,30,8
0,35,1,1,1,0.057556618000000004,0.039473000000000001,0.0065669999999999999,152047616,NA,NA,NA,NA,NA,NA,NA,NA,1018592,407679,8197,1,20eb35e3894499e2f63cb7de484c538d87cee78f36bdbc9a59f2c383a0ec97fb,1078,0,22,9
0,35,0,1,0,0.018949570000000002,0.0054989999999999995,0.0027519999999999997,55422976,NA,NA,NA,NA,NA,NA,NA,NA,2408,135,5,1,3d4d37e7dcef36139698862d60d536450dfb480779ac0676046a82e065e8af0f,1029,0,11,4
0,35,1,0,0,0.019278697000000001,0.0084969999999999993,0,55353344,NA,NA,NA,NA,NA,NA,NA,NA,2408,135,5,1,3d4d37e7dcef36139698862d60d536450dfb480779ac0676046a82e065e8af0f,1029,0,10,5
0,35,0,1,4,0.19924671900000002,0.17213299999999998,0.0033119999999999998,412057600,NA,NA,NA,NA,NA,NA,NA,NA,3318496,1882629,26625,512,ff2a25ad60d39948f157d4ecadc3b1f099b61e0fa95b5446763968dcc9e0e2de,788,0,105,19
0,35,1,0,4,0.19323135800000002,0.160605,0.01338,411910144,NA,NA,NA,NA,NA,NA,NA,NA,3318496,1882629,26625,512,ff2a25ad60d39948f157d4ecadc3b1f099b61e0fa95b5446763968dcc9e0e2de,788,0,105,23
0,35,0,1,3,0.061604971000000001,0.040038999999999998,0.010019,175026176,NA,NA,NA,NA,NA,NA,NA,NA,2034104,2240463,32773,1,ac2c95b5e7d6e8c1837c1873a4de39a4ebe4476436e3f88bac5be95b6d1b5c2c,1124,0,33,9
0,35,1,0,3,0.063060020000000008,0.038575999999999999,0.012836999999999999,175087616,NA,NA,NA,NA,NA,NA,NA,NA,2034104,2240463,32773,1,ac2c95b5e7d6e8c1837c1873a4de39a4ebe4476436e3f88bac5be95b6d1b5c2c,1118,0,33,11
0,35,0,0,2,0.041196195000000005,0.026166999999999999,0.0037389999999999997,131137536,NA,NA,NA,NA,NA,NA,NA,NA,837856,318511,16385,4096,53bcb4b7244f10985ba78b02026020f091907c6c2bc8edcdcc9bf568fb6ba9bf,1067,0,26,6
0,35,1,1,2,0.041292785000000005,0.020950999999999997,0.0089839999999999989,133525504,NA,NA,NA,NA,NA,NA,NA,NA,837856,318511,16385,4096,53bcb4b7244f10985ba78b02026020f091907c6c2bc8edcdcc9bf568fb6ba9bf,629,0,23,5
0,36,0,0,1,0.060323567000000002,0.045211999999999995,0.00348,154587136,NA,NA,NA,NA,NA,NA,NA,NA,1018592,407679,8197,1,20eb35e3894499e2f63cb7de484c538d87cee78f36bdbc9a59f2c383a0ec97fb,633,0,27,8
0,36,1,1,1,0.058450254000000007,0.039992,0.0066509999999999998,152154112,NA,NA,NA,NA,NA,NA,NA,NA,1018592,407679,8197,1,20eb35e3894499e2f63cb7de484c538d87cee78f36bdbc9a59f2c383a0ec97fb,1076,0,39,9
0,36,0,1,5,0.46420556000000002,0.38155800000000001,0.05355,1027760128,NA,NA,NA,NA,NA,NA,NA,NA,11457352,5690734,153602,512,403312a97a3e99fe27317c1f28b1ff252fafdd2816dd615c6a7e00126747644b,1580,0,130,22
0,36,1,0,5,0.46302663700000002,0.38980100000000001,0.043317999999999995,1027952640,NA,NA,NA,NA,NA,NA,NA,NA,11457352,5690734,153602,512,403312a97a3e99fe27317c1f28b1ff252fafdd2816dd615c6a7e00126747644b,1583,0,236,27
0,36,0,1,4,0.19420029200000002,0.154612,0.020175999999999999,412008448,NA,NA,NA,NA,NA,NA,NA,NA,3318496,1882629,26625,512,ff2a25ad60d39948f157d4ecadc3b1f099b61e0fa95b5446763968dcc9e0e2de,790,0,105,12
0,36,1,0,4,0.19553543700000001,0.15637199999999998,0.019962999999999998,411750400,NA,NA,NA,NA,NA,NA,NA,NA,3318496,1882629,26625,512,ff2a25ad60d39948f157d4ecadc3b1f099b61e0fa95b5446763968dcc9e0e2de,1230,0,96,16
0,36,0,1,2,0.041426055000000003,0.02351,0.0067229999999999998,133263360,NA,NA,NA,NA,NA,NA,NA,NA,837856,318511,16385,4096,53bcb4b7244f10985ba78b02026020f091907c6c2bc8edcdcc9bf568fb6ba9bf,1070,0,24,7
0,36,1,0,2,0.041268769000000004,0.019987999999999999,0.0099899999999999989,131284992,NA,NA,NA,NA,NA,NA,NA,NA,837856,318511,16385,4096,53bcb4b7244f10985ba78b02026020f091907c6c2bc8edcdcc9bf568fb6ba9bf,1069,0,26,7
0,36,0,0,0,0.019260684,0.0042299999999999994,0.004235,55312384,NA,NA,NA,NA,NA,NA,NA,NA,2408,135,5,1,3d4d37e7dcef36139698862d60d536450dfb480779ac0676046a82e065e8af0f,1024,0,11,4
0,36,1,1,0,0.019479884000000003,0.0042469999999999999,0.0042269999999999999,55832576,NA,NA,NA,NA,NA,NA,NA,NA,2408,135,5,1,3d4d37e7dcef36139698862d60d536450dfb480779ac0676046a82e065e8af0f,591,0,9,3
0,36,0,1,3,0.061432137000000005,0.046605000000000001,0.0033309999999999998,175349760,NA,NA,NA,NA,NA,NA,NA,NA,2034104,2240463,32773,1,ac2c95b5e7d6e8c1837c1873a4de39a4ebe4476436e3f88bac5be95b6d1b5c2c,681,0,43,10
0,36,1,0,3,0.062772269000000006,0.044332999999999997,0.0068249999999999995,175067136,NA,NA,NA,NA,NA,NA,NA,NA,2034104,2240463,32773,1,ac2c95b5e7d6e8c1837c1873a4de39a4ebe4476436e3f88bac5be95b6d1b5c2c,1121,0,35,8
0,37,0,0,3,0.061955728000000002,0.040251999999999996,0.010069999999999999,174915584,NA,NA,NA,NA,NA,NA,NA,NA,2034104,2240463,32773,1,ac2c95b5e7d6e8c1837c1873a4de39a4ebe4476436e3f88bac5be95b6d1b5c2c,1118,0,29,9
0,37,1,1,3,0.061842717000000005,0.042883999999999999,0.007149,175083520,NA,NA,NA,NA,NA,NA,NA,NA,2034104,2240463,32773,1,ac2c95b5e7d6e8c1837c1873a4de39a4ebe4476436e3f88bac5be95b6d1b5c2c,676,0,56,9
0,37,0,1,1,0.058051996000000002,0.042779999999999999,0.0035689999999999997,152186880,NA,NA,NA,NA,NA,NA,NA,NA,1018592,407679,8197,1,20eb35e3894499e2f63cb7de484c538d87cee78f36bdbc9a59f2c383a0ec97fb,1079,0,33,8
0,37,1,0,1,0.061366914000000002,0.039688999999999995,0.0099299999999999996,154333184,NA,NA,NA,NA,NA,NA,NA,NA,1018592,407679,8197,1,20eb35e3894499e2f63cb7de484c538d87cee78f36bdbc9a59f2c383a0ec97fb,1079,0,43,9
0,37,0,0,5,0.47717241700000002,0.39096399999999998,0.040106999999999997,1028231168,NA,NA,NA,NA,NA,NA,NA,NA,11457352,5690734,153602,512,403312a97a3e99fe27317c1f28b1ff252fafdd2816dd615c6a7e00126747644b,1143,0,226,21
0,37,1,1,5,0.45329648600000005,0.38577,0.046544999999999996,1027825664,NA,NA,NA,NA,NA,NA,NA,NA,11457352,5690734,153602,512,403312a97a3e99fe27317c1f28b1ff252fafdd2816dd615c6a7e00126747644b,1583,0,141,18
0,37,0,0,2,0.047575718000000003,0.026821999999999999,0.0033549999999999999,131153920,NA,NA,NA,NA,NA,NA,NA,NA,837856,318511,16385,4096,53bcb4b7244f10985ba78b02026020f091907c6c2bc8edcdcc9bf568fb6ba9bf,1070,0,19,7
0,37,1,1,2,0.046249812000000001,0.023550999999999999,0.0067359999999999998,133226496,NA,NA,NA,NA,NA,NA,NA,NA,837856,318511,16385,4096,53bcb4b7244f10985ba78b02026020f091907c6c2bc8edcdcc9bf568fb6ba9bf,1073,0,21,5
0,37,0,1,0,0.01916847,0.00413,0.0041289999999999999,55353344,NA,NA,NA,NA,NA,NA,NA,NA,2408,135,5,1,3d4d37e7dcef36139698862d60d536450dfb480779ac0676046a82e065e8af0f,1030,0,9,2
0,37,1,0,0,0.019297764000000002,0.0041219999999999998,0.0041209999999999997,55578624,NA,NA,NA,NA,NA,NA,NA,NA,2408,135,5,1,3d4d37e7dcef36139698862d60d536450dfb480779ac0676046a82e065e8af0f,1029,0,11,3
0,37,0,0,4,0.19907260900000001,0.15687499999999999,0.017048999999999998,411889664,NA,NA,NA,NA,NA,NA,NA,NA,3318496,1882629,26625,512,ff2a25ad60d39948f157d4ecadc3b1f099b61e0fa95b5446763968dcc9e0e2de,1265,0,70,18
0,37,1,1,4,0.20008134200000002,0.15510299999999999,0.020225,411836416,NA,NA,NA,NA,NA,NA,NA,NA,3318496,1882629,26625,512,ff2a25ad60d39948f157d4ecadc3b1f099b61e0fa95b5446763968dcc9e0e2de,1235,0,86,16
0,38,0,0,3,0.061826105000000006,0.042991999999999995,0.0071679999999999999,175042560,NA,NA,NA,NA,NA,NA,NA,NA,2034104,2240463,32773,1,ac2c95b5e7d6e8c1837c1873a4de39a4ebe4476436e3f88bac5be95b6d1b5c2c,1121,0,47,7
0,38,1,1,3,0.061879705000000007,0.043735999999999997,0.0067199999999999994,175267840,NA,NA,NA,NA,NA,NA,NA,NA,2034104,2240463,32773,1,ac2c95b5e7d6e8c1837c1873a4de39a4ebe4476436e3f88bac5be95b6d1b5c2c,679,0,39,7
0,38,0,1,0,0.019096886,0.0084200000000000004,0,55320576,NA,NA,NA,NA,NA,NA,NA,NA,2408,135,5,1,3d4d37e7dcef36139698862d60d536450dfb480779ac0676046a82e065e8af0f,1027,0,12,4
0,38,1,0,0,0.019155565000000003,0.0056369999999999996,0.0028019999999999998,55250944,NA,NA,NA,NA,NA,NA,NA,NA,2408,135,5,1,3d4d37e7dcef36139698862d60d536450dfb480779ac0676046a82e065e8af0f,1026,0,11,5
0,38,0,0,2,0.044246705000000004,0.029380999999999997,0,131444736,NA,NA,NA,NA,NA,NA,NA,NA,837856,318511,16385,4096,53bcb4b7244f10985ba78b02026020f091907c6c2bc8edcdcc9bf568fb6ba9bf,1075,0,25,6
0,38,1,1,2,0.041811998000000003,0.021238999999999997,0.0090930000000000004,133246976,NA,NA,NA,NA,NA,NA,NA,NA,837856,318511,16385,4096,53bcb4b7244f10985ba78b02026020f091907c6c2bc8edcdcc9bf568fb6ba9bf,1069,0,21,7
0,38,0,0,5,0.46849165300000001,0.39200399999999996,0.039838999999999999,1027780608,NA,NA,NA,NA,NA,NA,NA,NA,11457352,5690734,153602,512,403312a97a3e99fe27317c1f28b1ff252fafdd2816dd615c6a7e00126747644b,1582,0,77,21
0,38,1,1,5,0.45428695200000002,0.37949899999999998,0.053232999999999996,1027596288,NA,NA,NA,NA,NA,NA,NA,NA,11457352,5690734,153602,512,403312a97a3e99fe27317c1f28b1ff252fafdd2816dd615c6a7e00126747644b,1581,0,336,18
0,38,0,0,1,0.060785373000000004,0.045522,0.0032459999999999998,154009600,NA,NA,NA,NA,NA,NA,NA,NA,1018592,407679,8197,1,20eb35e3894499e2f63cb7de484c538d87cee78f36bdbc9a59f2c383a0ec97fb,1077,0,19,8
0,38,1,1,1,0.058443339000000004,0.039782999999999999,0.0066359999999999995,152539136,NA,NA,NA,NA,NA,NA,NA,NA,1018592,407679,8197,1,20eb35e3894499e2f63cb7de484c538d87cee78f36bdbc9a59f2c383a0ec97fb,639,0,31,10
0,38,0,1,4,0.19334238100000001,0.150723,0.023428999999999998,411873280,NA,NA,NA,NA,NA,NA,NA,NA,3318496,1882629,26625,512,ff2a25ad60d39948f157d4ecadc3b1f099b61e0fa95b5446763968dcc9e0e2de,786,0,96,15
0,38,1,0,4,0.19324485800000002,0.160634,0.013387,411525120,NA,NA,NA,NA,NA,NA,NA,NA,3318496,1882629,26625,512,ff2a25ad60d39948f157d4ecadc3b1f099b61e0fa95b5446763968dcc9e0e2de,1229,0,90,16
0,39,0,1,3,0.061192295000000001,0.042668999999999999,0.0071159999999999999,175579136,NA,NA,NA,NA,NA,NA,NA,NA,2034104,2240463,32773,1,ac2c95b5e7d6e8c1837c1873a4de39a4ebe4476436e3f88bac5be95b6d1b5c2c,682,0,48,8
0,39,1,0,3,0.061607423000000001,0.043621,0.0067159999999999997,174845952,NA,NA,NA,NA,NA,NA,NA,NA,2034104,2240463,32773,1,ac2c95b5e7d6e8c1837c1873a4de39a4ebe4476436e3f88bac5be95b6d1b5c2c,1115,0,50,9
0,39,0,1,5,0.45825876700000001,0.38894099999999998,0.043587999999999995,1028001792,NA,NA,NA,NA,NA,NA,NA,NA,11457352,5690734,153602,512,403312a97a3e99fe27317c1f28b1ff252fafdd2816dd615c6a7e00126747644b,1588,0,242,35
0,39,1,0,5,0.45096810400000004,0.38144899999999998,0.049752999999999999,1027850240,NA,NA,NA,NA,NA,NA,NA,NA,11457352,5690734,153602,512,403312a97a3e99fe27317c1f28b1ff252fafdd2816dd615c6a7e00126747644b,1614,0,297,23
0,39,0,0,0,0.019329833000000001,0.0042719999999999998,0.0042789999999999998,55545856,NA,NA,NA,NA,NA,NA,NA,NA,2408,135,5,1,3d4d37e7dcef36139698862d60d536450dfb480779ac0676046a82e065e8af0f,1031,0,9,5
0,39,1,1,0,0.018630381000000001,0.0026389999999999999,0.0052949999999999994,55820288,NA,NA,NA,NA,NA,NA,NA,NA,2408,135,5,1,3d4d37e7dcef36139698862d60d536450dfb480779ac0676046a82e065e8af0f,591,0,9,3
0,39,0,0,4,0.19238160800000001,0.156864,0.016347,411672576,NA,NA,NA,NA,NA,NA,NA,NA,3318496,1882629,26625,512,ff2a25ad60d39948f157d4ecadc3b1f099b61e0fa95b5446763968dcc9e0e2de,1258,0,81,20
0,39,1,1,4,0.19446269300000002,0.152142,0.02316,411963392,NA,NA,NA,NA,NA,NA,NA,NA,3318496,1882629,26625,512,ff2a25ad60d39948f157d4ecadc3b1f099b61e0fa95b5446763968dcc9e0e2de,788,0,78,16
0,39,0,1,2,0.041250554000000002,0.023393999999999998,0.0066959999999999997,133771264,NA,NA,NA,NA,NA,NA,NA,NA,837856,318511,16385,4096,53bcb4b7244f10985ba78b02026020f091907c6c2bc8edcdcc9bf568fb6ba9bf,630,0,21,7
0,39,1,0,2,0.041098960000000004,0.020861999999999999,0.0089499999999999996,130916352,NA,NA,NA,NA,NA,NA,NA,NA,837856,318511,16385,4096,53bcb4b7244f10985ba78b02026020f091907c6c2bc8edcdcc9bf568fb6ba9bf,1067,0,25,7
0,39,0,1,1,0.057677563000000001,0.033860999999999995,0.012315999999999999,152051712,NA,NA,NA,NA,NA,NA,NA,NA,1018592,407679,8197,1,20eb35e3894499e2f63cb7de484c538d87cee78f36bdbc9a59f2c383a0ec97fb,1080,0,29,11
0,39,1,0,1,0.059940187000000006,0.038753999999999997,0.0096889999999999997,154267648,NA,NA,NA,NA,NA,NA,NA,NA,1018592,407679,8197,1,20eb35e3894499e2f63cb7de484c538d87cee78f36bdbc9a59f2c383a0ec97fb,1078,0,21,9
1,0,0,0,4,0.19353334900000002,0.15081600000000001,0.023445000000000001,411815936,NA,NA,NA,NA,NA,NA,NA,NA,3318496,1882629,26625,512,ff2a25ad60d39948f157d4ecadc3b1f099b61e0fa95b5446763968dcc9e0e2de,784,0,83,15
1,0,1,1,4,0.19442320800000001,0.14593,0.029189999999999997,411430912,NA,NA,NA,NA,NA,NA,NA,NA,3318496,1882629,26625,512,ff2a25ad60d39948f157d4ecadc3b1f099b61e0fa95b5446763968dcc9e0e2de,1228,0,104,17
1,0,0,1,0,0.020050434000000002,0.005816,0.0029139999999999999,55443456,NA,NA,NA,NA,NA,NA,NA,NA,2408,135,5,1,3d4d37e7dcef36139698862d60d536450dfb480779ac0676046a82e065e8af0f,1028,0,12,4
1,0,1,0,0,0.018280024000000002,0.0025919999999999997,0.0051869999999999998,55382016,NA,NA,NA,NA,NA,NA,NA,NA,2408,135,5,1,3d4d37e7dcef36139698862d60d536450dfb480779ac0676046a82e065e8af0f,1026,0,12,4
1,0,0,0,5,0.45118132200000005,0.37388499999999997,0.056212999999999999,1027866624,NA,NA,NA,NA,NA,NA,NA,NA,11457352,5690734,153602,512,403312a97a3e99fe27317c1f28b1ff252fafdd2816dd615c6a7e00126747644b,1596,0,299,30
1,0,1,1,5,0.454411118,0.383405,0.049568999999999995,1027977216,NA,NA,NA,NA,NA,NA,NA,NA,11457352,5690734,153602,512,403312a97a3e99fe27317c1f28b1ff252fafdd2816dd615c6a7e00126747644b,1134,0,245,16
1,0,0,1,3,0.061445200000000005,0.034339000000000001,0.015609,174780416,NA,NA,NA,NA,NA,NA,NA,NA,2034104,2240463,32773,1,ac2c95b5e7d6e8c1837c1873a4de39a4ebe4476436e3f88bac5be95b6d1b5c2c,1115,0,38,7
1,0,1,0,3,0.067650457000000011,0.043701999999999998,0.0067279999999999996,175194112,NA,NA,NA,NA,NA,NA,NA,NA,2034104,2240463,32773,1,ac2c95b5e7d6e8c1837c1873a4de39a4ebe4476436e3f88bac5be95b6d1b5c2c,677,0,40,8
1,0,0,0,2,0.041376621000000002,0.020022999999999999,0.0099930000000000001,131088384,NA,NA,NA,NA,NA,NA,NA,NA,837856,318511,16385,4096,53bcb4b7244f10985ba78b02026020f091907c6c2bc8edcdcc9bf568fb6ba9bf,1077,0,27,5
1,0,1,1,2,0.041305867000000003,0.026256999999999999,0.0037529999999999998,133603328,NA,NA,NA,NA,NA,NA,NA,NA,837856,318511,16385,4096,53bcb4b7244f10985ba78b02026020f091907c6c2bc8edcdcc9bf568fb6ba9bf,1113,0,22,8
1,0,0,0,1,0.059830371000000007,0.048249,0,154451968,NA,NA,NA,NA,NA,NA,NA,NA,1018592,407679,8197,1,20eb35e3894499e2f63cb7de484c538d87cee78f36bdbc9a59f2c383a0ec97fb,639,0,42,10
1,0,1,1,1,0.058448679000000003,0.042823,0.0035729999999999998,151994368,NA,NA,NA,NA,NA,NA,NA,NA,1018592,407679,8197,1,20eb35e3894499e2f63cb7de484c538d87cee78f36bdbc9a59f2c383a0ec97fb,1079,0,36,9
1,1,0,1,1,0.057765910000000004,0.039418999999999996,0.0065750000000000001,152592384,NA,NA,NA,NA,NA,NA,NA,NA,1018592,407679,8197,1,20eb35e3894499e2f63cb7de484c538d87cee78f36bdbc9a59f2c383a0ec97fb,640,0,23,8
1,1,1,0,1,0.060093122000000006,0.038693999999999999,0.0096759999999999988,154439680,NA,NA,NA,NA,NA,NA,NA,NA,1018592,407679,8197,1,20eb35e3894499e2f63cb7de484c538d87cee78f36bdbc9a59f2c383a0ec97fb,1083,0,24,9
1,1,0,1,2,0.041316418000000001,0.023316999999999997,0.0066709999999999998,133255168,NA,NA,NA,NA,NA,NA,NA,NA,837856,318511,16385,4096,53bcb4b7244f10985ba78b02026020f091907c6c2bc8edcdcc9bf568fb6ba9bf,1070,0,22,7
1,1,1,0,2,0.041131089000000003,0.016642000000000001,0.013321999999999999,130990080,NA,NA,NA,NA,NA,NA,NA,NA,837856,318511,16385,4096,53bcb4b7244f10985ba78b02026020f091907c6c2bc8edcdcc9bf568fb6ba9bf,1067,0,19,7
1,1,0,0,3,0.061852834000000002,0.042727999999999995,0.0071239999999999993,174923776,NA,NA,NA,NA,NA,NA,NA,NA,2034104,2240463,32773,1,ac2c95b5e7d6e8c1837c1873a4de39a4ebe4476436e3f88bac5be95b6d1b5c2c,1118,0,53,8
1,1,1,1,3,0.061234904000000007,0.038764,0.01057,175083520,NA,NA,NA,NA,NA,NA,NA,NA,2034104,2240463,32773,1,ac2c95b5e7d6e8c1837c1873a4de39a4ebe4476436e3f88bac5be95b6d1b5c2c,1119,0,56,8
1,1,0,0,0,0.019556587,0.0086470000000000002,0,55218176,NA,NA,NA,NA,NA,NA,NA,NA,2408,135,5,1,3d4d37e7dcef36139698862d60d536450dfb480779ac0676046a82e065e8af0f,1027,0,11,3
1,1,1,1,0,0.019335683000000003,0.0055259999999999997,0.0027659999999999998,55263232,NA,NA,NA,NA,NA,NA,NA,NA,2408,135,5,1,3d4d37e7dcef36139698862d60d536450dfb480779ac0676046a82e065e8af0f,1028,0,9,4
1,1,0,1,4,0.19512927000000002,0.15884599999999999,0.016898,411709440,NA,NA,NA,NA,NA,NA,NA,NA,3318496,1882629,26625,512,ff2a25ad60d39948f157d4ecadc3b1f099b61e0fa95b5446763968dcc9e0e2de,1267,0,96,14
1,1,1,0,4,0.19459986800000001,0.16522899999999999,0.010109999999999999,411549696,NA,NA,NA,NA,NA,NA,NA,NA,3318496,1882629,26625,512,ff2a25ad60d39948f157d4ecadc3b1f099b61e0fa95b5446763968dcc9e0e2de,1227,0,117,13
1,1,0,1,5,0.46312914500000002,0.39421200000000001,0.040097000000000001,1028100096,NA,NA,NA,NA,NA,NA,NA,NA,11457352,5690734,153602,512,403312a97a3e99fe27317c1f28b1ff252fafdd2816dd615c6a7e00126747644b,1588,0,140,23
1,1,1,0,5,0.46869774000000003,0.38638600000000001,0.046231000000000001,1028108288,NA,NA,NA,NA,NA,NA,NA,NA,11457352,5690734,153602,512,403312a97a3e99fe27317c1f28b1ff252fafdd2816dd615c6a7e00126747644b,1589,0,135,18
1,2,0,1,1,0.058012741000000007,0.039615999999999998,0.0066010000000000001,152473600,NA,NA,NA,NA,NA,NA,NA,NA,1018592,407679,8197,1,20eb35e3894499e2f63cb7de484c538d87cee78f36bdbc9a59f2c383a0ec97fb,638,0,31,8
1,2,1,0,1,0.060438309000000003,0.048430999999999995,0,154349568,NA,NA,NA,NA,NA,NA,NA,NA,1018592,407679,8197,1,20eb35e3894499e2f63cb7de484c538d87cee78f36bdbc9a59f2c383a0ec97fb,1109,0,22,10
1,2,0,0,4,0.19413826100000001,0.14435699999999999,0.030209999999999997,411787264,NA,NA,NA,NA,NA,NA,NA,NA,3318496,1882629,26625,512,ff2a25ad60d39948f157d4ecadc3b1f099b61e0fa95b5446763968dcc9e0e2de,1230,0,82,19
1,2,1,1,4,0.194780494,0.165717,0.010135,411815936,NA,NA,NA,NA,NA,NA,NA,NA,3318496,1882629,26625,512,ff2a25ad60d39948f157d4ecadc3b1f099b61e0fa95b5446763968dcc9e0e2de,1233,0,97,14
1,2,0,0,3,0.062232095000000001,0.043552,0.0067079999999999996,175509504,NA,NA,NA,NA,NA,NA,NA,NA,2034104,2240463,32773,1,ac2c95b5e7d6e8c1837c1873a4de39a4ebe4476436e3f88bac5be95b6d1b5c2c,679,0,53,10
1,2,1,1,3,0.062702095999999999,0.050713999999999995,0,175284224,NA,NA,NA,NA,NA,NA,NA,NA,2034104,2240463,32773,1,ac2c95b5e7d6e8c1837c1873a4de39a4ebe4476436e3f88bac5be95b6d1b5c2c,1127,0,50,9
1,2,0,0,5,0.47114192200000005,0.36874999999999997,0.063711000000000004,1027977216,NA,NA,NA,NA,NA,NA,NA,NA,11457352,5690734,153602,512,403312a97a3e99fe27317c1f28b1ff252fafdd2816dd615c6a7e00126747644b,1140,0,234,37
1,2,1,1,5,0.46282115400000001,0.40221499999999999,0.039895,1027706880,NA,NA,NA,NA,NA,NA,NA,NA,11457352,5690734,153602,512,403312a97a3e99fe27317c1f28b1ff252fafdd2816dd615c6a7e00126747644b,1584,0,156,30
1,2,0,1,2,0.041519950999999999,0.024209999999999999,0.006051,133373952,NA,NA,NA,NA,NA,NA,NA,NA,837856,318511,16385,4096,53bcb4b7244f10985ba78b02026020f091907c6c2bc8edcdcc9bf568fb6ba9bf,1097,0,28,5
1,2,1,0,2,0.040903723000000003,0.029884999999999998,0,131444736,NA,NA,NA,NA,NA,NA,NA,NA,837856,318511,16385,4096,53bcb4b7244f10985ba78b02026020f091907c6c2bc8edcdcc9bf568fb6ba9bf,627,0,20,6
1,2,0,0,0,0.018489867,0.0079119999999999989,0,55480320,NA,NA,NA,NA,NA,NA,NA,NA,2408,135,5,1,3d4d37e7dcef36139698862d60d536450dfb480779ac0676046a82e065e8af0f,584,0,12,4
1,2,1,1,0,0.019023859000000001,0.0055109999999999994,0.0027649999999999997,55513088,NA,NA,NA,NA,NA,NA,NA,NA,2408,135,5,1,3d4d37e7dcef36139698862d60d536450dfb480779ac0676046a82e065e8af0f,1033,0,11,5
1,3,0,0,2,0.041175013000000003,0.026529999999999998,0.0033179999999999998,131334144,NA,NA,NA,NA,NA,NA,NA,NA,837856,318511,16385,4096,53bcb4b7244f10985ba78b02026020f091907c6c2bc8edcdcc9bf568fb6ba9bf,1069,0,31,7
1,3,1,1,2,0.041506133000000001,0.015047,0.01507,133300224,NA,NA,NA,NA,NA,NA,NA,NA,837856,318511,16385,4096,53bcb4b7244f10985ba78b02026020f091907c6c2bc8edcdcc9bf568fb6ba9bf,1073,0,25,6
1,3,0,1,3,0.061982807000000001,0.043566000000000001,0.0061909999999999995,174960640,NA,NA,NA,NA,NA,NA,NA,NA,2034104,2240463,32773,1,ac2c95b5e7d6e8c1837c1873a4de39a4ebe4476436e3f88bac5be95b6d1b5c2c,1146,0,46,10
1,3,1,0,3,0.062019516000000004,0.043104999999999997,0.0071789999999999996,175136768,NA,NA,NA,NA,NA,NA,NA,NA,2034104,2240463,32773,1,ac2c95b5e7d6e8c1837c1873a4de39a4ebe4476436e3f88bac5be95b6d1b5c2c,673,0,43,8
1,3,0,1,0,0.019873532000000003,0.0043579999999999999,0.0043639999999999998,55463936,NA,NA,NA,NA,NA,NA,NA,NA,2408,135,5,1,3d4d37e7dcef36139698862d60d536450dfb480779ac0676046a82e065e8af0f,586,0,10,4
1,3,1,0,0,0.018939420000000002,0.005228,0.0026319999999999998,55468032,NA,NA,NA,NA,NA,NA,NA,NA,2408,135,5,1,3d4d37e7dcef36139698862d60d536450dfb480779ac0676046a82e065e8af0f,1030,0,11,5
1,3,0,1,5,0.45315441400000001,0.39805699999999999,0.033160999999999996,1027731456,NA,NA,NA,NA,NA,NA,NA,NA,11457352,5690734,153602,512,403312a97a3e99fe27317c1f28b1ff252fafdd2816dd615c6a7e00126747644b,1582,0,143,27
1,3,1,0,5,0.47407848600000002,0.386353,0.046644999999999999,1027825664,NA,NA,NA,NA,NA,NA,NA,NA,11457352,5690734,153602,512,403312a97a3e99fe27317c1f28b1ff252fafdd2816dd615c6a7e00126747644b,1583,0,134,17
1,3,0,1,4,0.19554222300000001,0.171932,0.0033679999999999999,412073984,NA,NA,NA,NA,NA,NA,NA,NA,3318496,1882629,26625,512,ff2a25ad60d39948f157d4ecadc3b1f099b61e0fa95b5446763968dcc9e0e2de,1270,0,93,15
1,3,1,0,4,0.19327407700000002,0.15378699999999998,0.020063999999999999,411512832,NA,NA,NA,NA,NA,NA,NA,NA,3318496,1882629,26625,512,ff2a25ad60d39948f157d4ecadc3b1f099b61e0fa95b5446763968dcc9e0e2de,1228,0,110,14
1,3,0,0,1,0.061077648000000005,0.049307999999999998,0,154161152,NA,NA,NA,NA,NA,NA,NA,NA,1018592,407679,8197,1,20eb35e3894499e2f63cb7de484c538d87cee78f36bdbc9a59f2c383a0ec97fb,1079,0,28,8
1,3,1,1,1,0.060582079000000004,0.041922999999999995,0.0069930000000000001,152166400,NA,NA,NA,NA,NA,NA,NA,NA,1018592,407679,8197,1,20eb35e3894499e2f63cb7de484c538d87cee78f36bdbc9a59f2c383a0ec97fb,1079,0,21,8
1,4,0,0,3,0.061636887000000001,0.037503000000000002,0.012508,175075328,NA,NA,NA,NA,NA,NA,NA,NA,2034104,2240463,32773,1,ac2c95b5e7d6e8c1837c1873a4de39a4ebe4476436e3f88bac5be95b6d1b5c2c,1119,0,67,10
1,4,1,1,3,0.062350446000000004,0.031609999999999999,0.018955,175235072,NA,NA,NA,NA,NA,NA,NA,NA,2034104,2240463,32773,1,ac2c95b5e7d6e8c1837c1873a4de39a4ebe4476436e3f88bac5be95b6d1b5c2c,676,0,34,10
1,4,0,1,0,0.020182801,0.0058309999999999994,0.0029059999999999997,55377920,NA,NA,NA,NA,NA,NA,NA,NA,2408,135,5,1,3d4d37e7dcef36139698862d60d536450dfb480779ac0676046a82e065e8af0f,1028,0,11,4
1,4,1,0,0,0.019705877,0.0028040000000000001,0.0055999999999999999,55320576,NA,NA,NA,NA,NA,NA,NA,NA,2408,135,5,1,3d4d37e7dcef36139698862d60d536450dfb480779ac0676046a82e065e8af0f,1029,0,9,6
1,4,0,1,4,0.19462868900000002,0.15840699999999999,0.016826999999999998,411856896,NA,NA,NA,NA,NA,NA,NA,NA,3318496,1882629,26625,512,ff2a25ad60d39948f157d4ecadc3b1f099b61e0fa95b5446763968dcc9e0e2de,785,0,105,19
1,4,1,0,4,0.19446549200000002,0.16500799999999999,0.010106,411529216,NA,NA,NA,NA,NA,NA,NA,NA,3318496,1882629,26625,512,ff2a25ad60d39948f157d4ecadc3b1f099b61e0fa95b5446763968dcc9e0e2de,1224,0,116,11
1,4,0,0,5,0.46238386000000004,0.39944999999999997,0.033279999999999997,1027842048,NA,NA,NA,NA,NA,NA,NA,NA,11457352,5690734,153602,512,403312a97a3e99fe27317c1f28b1ff252fafdd2816dd615c6a7e00126747644b,1132,0,37,24
1,4,1,1,5,0.47183323100000002,0.38998699999999997,0.050428000000000001,1027907584,NA,NA,NA,NA,NA,NA,NA,NA,11457352,5690734,153602,512,403312a97a3e99fe27317c1f28b1ff252fafdd2816dd615c6a7e00126747644b,1586,0,88,22
1,4,0,1,2,0.041277133000000001,0.023400000000000001,0.0066929999999999993,133632000,NA,NA,NA,NA,NA,NA,NA,NA,837856,318511,16385,4096,53bcb4b7244f10985ba78b02026020f091907c6c2bc8edcdcc9bf568fb6ba9bf,632,0,18,7
1,4,1,0,2,0.041393081000000005,0.02419,0.0060559999999999998,131137536,NA,NA,NA,NA,NA,NA,NA,NA,837856,318511,16385,4096,53bcb4b7244f10985ba78b02026020f091907c6c2bc8edcdcc9bf568fb6ba9bf,1068,0,22,7
1,4,0,1,1,0.058125533000000007,0.033163999999999999,0.013273,152444928,NA,NA,NA,NA,NA,NA,NA,NA,1018592,407679,8197,1,20eb35e3894499e2f63cb7de484c538d87cee78f36bdbc9a59f2c383a0ec97fb,1118,0,28,8
1,4,1,0,1,0.062015287000000002,0.0436,0.0067120000000000001,154140672,NA,NA,NA,NA,NA,NA,NA,NA,1018592,407679,8197,1,20eb35e3894499e2f63cb7de484c538d87cee78f36bdbc9a59f2c383a0ec97fb,1078,0,24,10
1,5,0,0,1,0.061470465000000002,0.042887000000000002,0.0066,154247168,NA,NA,NA,NA,NA,NA,NA,NA,1018592,407679,8197,1,20eb35e3894499e2f63cb7de484c538d87cee78f36bdbc9a59f2c383a0ec97fb,1102,0,30,8
1,5,1,1,1,0.057481954000000002,0.045985999999999999,0,152498176,NA,NA,NA,NA,NA,NA,NA,NA,1018592,407679,8197,1,20eb35e3894499e2f63cb7de484c538d87cee78f36bdbc9a59f2c383a0ec97fb,1086,0,24,9
1,5,0,0,2,0.040916166000000004,0.023025999999999998,0.0065829999999999994,131448832,NA,NA,NA,NA,NA,NA,NA,NA,837856,318511,16385,4096,53bcb4b7244f10985ba78b02026020f091907c6c2bc8edcdcc9bf568fb6ba9bf,627,0,28,7
1,5,1,1,2,0.041648139000000001,0.030367999999999999,0,133279744,NA,NA,NA,NA,NA,NA,NA,NA,837856,318511,16385,4096,53bcb4b7244f10985ba78b02026020f091907c6c2bc8edcdcc9bf568fb6ba9bf,1073,0,28,6
1,5,0,1,3,0.061956978000000003,0.046847,0.0033479999999999998,174956544,NA,NA,NA,NA,NA,NA,NA,NA,2034104,2240463,32773,1,ac2c95b5e7d6e8c1837c1873a4de39a4ebe4476436e3f88bac5be95b6d1b5c2c,1119,0,54,10
1,5,1,0,3,0.063045188000000002,0.044421999999999996,0.0068329999999999997,175099904,NA,NA,NA,NA,NA,NA,NA,NA,2034104,2240463,32773,1,ac2c95b5e7d6e8c1837c1873a4de39a4ebe4476436e3f88bac5be95b6d1b5c2c,1119,0,40,9
1,5,0,1,5,0.46651120900000004,0.36907299999999998,0.063148999999999997,1027895296,NA,NA,NA,NA,NA,NA,NA,NA,11457352,5690734,153602,512,403312a97a3e99fe27317c1f28b1ff252fafdd2816dd615c6a7e00126747644b,1584,0,318,23
1,5,1,0,5,0.459949039,0.39068399999999998,0.040058999999999997,1027760128,NA,NA,NA,NA,NA,NA,NA,NA,11457352,5690734,153602,512,403312a97a3e99fe27317c1f28b1ff252fafdd2816dd615c6a7e00126747644b,1584,0,264,17
1,5,0,0,4,0.19430369600000003,0.15487099999999998,0.020206999999999999,411648000,NA,NA,NA,NA,NA,NA,NA,NA,3318496,1882629,26625,512,ff2a25ad60d39948f157d4ecadc3b1f099b61e0fa95b5446763968dcc9e0e2de,1230,0,108,9
1,5,1,1,4,0.19484790700000001,0.162194,0.013517,411688960,NA,NA,NA,NA,NA,NA,NA,NA,3318496,1882629,26625,512,ff2a25ad60d39948f157d4ecadc3b1f099b61e0fa95b5446763968dcc9e0e2de,1255,0,90,22
1,5,0,0,0,0.020093203,0.00877,0,55427072,NA,NA,NA,NA,NA,NA,NA,NA,2408,135,5,1,3d4d37e7dcef36139698862d60d536450dfb480779ac0676046a82e065e8af0f,1029,0,12,4
1,5,1,1,0,0.019587936,0.0043409999999999994,0.0042969999999999996,55455744,NA,NA,NA,NA,NA,NA,NA,NA,2408,135,5,1,3d4d37e7dcef36139698862d60d536450dfb480779ac0676046a82e065e8af0f,1027,0,9,4
1,6,0,0,3,0.061703944000000004,0.039764999999999995,0.009953,175202304,NA,NA,NA,NA,NA,NA,NA,NA,2034104,2240463,32773,1,ac2c95b5e7d6e8c1837c1873a4de39a4ebe4476436e3f88bac5be95b6d1b5c2c,675,0,55,10
1,6,1,1,3,0.061157078000000004,0.039598000000000001,0.0099039999999999996,175382528,NA,NA,NA,NA,NA,NA,NA,NA,2034104,2240463,32773,1,ac2c95b5e7d6e8c1837c1873a4de39a4ebe4476436e3f88bac5be95b6d1b5c2c,681,0,42,8
1,6,0,1,0,0.019071619000000001,0.0055669999999999999,0.0027859999999999998,55402496,NA,NA,NA,NA,NA,NA,NA,NA,2408,135,5,1,3d4d37e7dcef36139698862d60d536450dfb480779ac0676046a82e065e8af0f,1030,0,11,4
1,6,1,0,0,0.019396368000000001,0.0083850000000000001,0,55083008,NA,NA,NA,NA,NA,NA,NA,NA,2408,135,5,1,3d4d37e7dcef36139698862d60d536450dfb480779ac0676046a82e065e8af0f,1026,0,10,4
1,6,0,1,4,0.19483421100000001,0.15526399999999999,0.020254999999999999,411975680,NA,NA,NA,NA,NA,NA,NA,NA,3318496,1882629,26625,512,ff2a25ad60d39948f157d4ecadc3b1f099b61e0fa95b5446763968dcc9e0e2de,786,0,131,13
1,6,1,0,4,0.19449524600000001,0.155477,0.019840999999999998,411586560,NA,NA,NA,NA,NA,NA,NA,NA,3318496,1882629,26625,512,ff2a25ad60d39948f157d4ecadc3b1f099b61e0fa95b5446763968dcc9e0e2de,1253,0,97,17
1,6,0,0,5,0.44988602600000005,0.38918999999999998,0.040281999999999998,1027719168,NA,NA,NA,NA,NA,NA,NA,NA,11457352,5690734,153602,512,403312a97a3e99fe27317c1f28b1ff252fafdd2816dd615c6a7e00126747644b,1582,0,224,20
1,6,1,1,5,0.46443416000000004,0.37588299999999997,0.059320999999999999,1027751936,NA,NA,NA,NA,NA,NA,NA,NA,11457352,5690734,153602,512,403312a97a3e99fe27317c1f28b1ff252fafdd2816dd615c6a7e00126747644b,1582,0,146,16
1,6,0,0,1,0.062060230000000001,0.039971,0.0099959999999999997,154550272,NA,NA,NA,NA,NA,NA,NA,NA,1018592,407679,8197,1,20eb35e3894499e2f63cb7de484c538d87cee78f36bdbc9a59f2c383a0ec97fb,1086,0,46,9
1,6,1,1,1,0.058281864000000003,0.042699999999999995,0.0035599999999999998,152076288,NA,NA,NA,NA,NA,NA,NA,NA,1018592,407679,8197,1,20eb35e3894499e2f63cb7de484c538d87cee78f36bdbc9a59f2c383a0ec97fb,1089,0,25,9
1,6,0,1,2,0.041148402000000001,0.026931,0.0029879999999999998,133435392,NA,NA,NA,NA,NA,NA,NA,NA,837856,318511,16385,4096,53bcb4b7244f10985ba78b02026020f091907c6c2bc8edcdcc9bf568fb6ba9bf,1079,0,19,7
1,6,1,0,2,0.041261153000000002,0.026668999999999998,0.0033349999999999999,131149824,NA,NA,NA,NA,NA,NA,NA,NA,837856,318511,16385,4096,53bcb4b7244f10985ba78b02026020f091907c6c2bc8edcdcc9bf568fb6ba9bf,1070,0,25,6
1,7,0,1,3,0.061850948000000003,0.043267,0.0066539999999999993,175083520,NA,NA,NA,NA,NA,NA,NA,NA,2034104,2240463,32773,1,ac2c95b5e7d6e8c1837c1873a4de39a4ebe4476436e3f88bac5be95b6d1b5c2c,1123,0,40,11
1,7,1,0,3,0.070270067000000005,0.036764999999999999,0.01337,174960640,NA,NA,NA,NA,NA,NA,NA,NA,2034104,2240463,32773,1,ac2c95b5e7d6e8c1837c1873a4de39a4ebe4476436e3f88bac5be95b6d1b5c2c,1118,0,40,9
1,7,0,0,2,0.041334019,0.017978999999999998,0.012003999999999999,131022848,NA,NA,NA,NA,NA,NA,NA,NA,837856,318511,16385,4096,53bcb4b7244f10985ba78b02026020f091907c6c2bc8edcdcc9bf568fb6ba9bf,1071,0,28,9
1,7,1,1,2,0.041820662000000002,0.019948999999999998,0.0099849999999999991,133443584,NA,NA,NA,NA,NA,NA,NA,NA,837856,318511,16385,4096,53bcb4b7244f10985ba78b02026020f091907c6c2bc8edcdcc9bf568fb6ba9bf,621,0,34,6
1,7,0,1,1,0.057528351000000005,0.045856000000000001,0,152440832,NA,NA,NA,NA,NA,NA,NA,NA,1018592,407679,8197,1,20eb35e3894499e2f63cb7de484c538d87cee78f36bdbc9a59f2c383a0ec97fb,637,0,33,8
1,7,1,0,1,0.061641035000000004,0.040461999999999998,0.0093329999999999993,154316800,NA,NA,NA,NA,NA,NA,NA,NA,1018592,407679,8197,1,20eb35e3894499e2f63cb7de484c538d87cee78f36bdbc9a59f2c383a0ec97fb,1079,0,23,10
1,7,0,0,0,0.020092553000000003,0.0042490000000000002,0.0042299999999999994,55214080,NA,NA,NA,NA,NA,NA,NA,NA,2408,135,5,1,3d4d37e7dcef36139698862d60d536450dfb480779ac0676046a82e065e8af0f,1027,0,11,4
1,7,1,1,0,0.020013804,0.0041339999999999997,0.0041259999999999995,55513088,NA,NA,NA,NA,NA,NA,NA,NA,2408,135,5,1,3d4d37e7dcef36139698862d60d536450dfb480779ac0676046a82e065e8af0f,1038,0,9,4
1,7,0,1,5,0.45332934200000002,0.379075,0.053205999999999996,1027653632,NA,NA,NA,NA,NA,NA,NA,NA,11457352,5690734,153602,512,403312a97a3e99fe27317c1f28b1ff252fafdd2816dd615c6a7e00126747644b,1583,0,60,25
1,7,1,0,5,0.45424562900000004,0.37735299999999999,0.053434999999999996,1027932160,NA,NA,NA,NA,NA,NA,NA,NA,11457352,5690734,153602,512,403312a97a3e99fe27317c1f28b1ff252fafdd2816dd615c6a7e00126747644b,1625,0,41,21
1,7,0,0,4,0.19360268900000002,0.15764599999999998,0.016774999999999998,411627520,NA,NA,NA,NA,NA,NA,NA,NA,3318496,1882629,26625,512,ff2a25ad60d39948f157d4ecadc3b1f099b61e0fa95b5446763968dcc9e0e2de,1228,0,82,14
1,7,1,1,4,0.19704601700000002,0.16763400000000001,0.010057,411561984,NA,NA,NA,NA,NA,NA,NA,NA,3318496,1882629,26625,512,ff2a25ad60d39948f157d4ecadc3b1f099b61e0fa95b5446763968dcc9e0e2de,1228,0,96,17
1,8,0,0,2,0.051049200000000003,0.020104,0.010057,131198976,NA,NA,NA,NA,NA,NA,NA,NA,837856,318511,16385,4096,53bcb4b7244f10985ba78b02026020f091907c6c2bc8edcdcc9bf568fb6ba9bf,1071,0,22,7
1,8,1,1,2,0.041841452000000001,0.021507999999999999,0.0092189999999999998,133144576,NA,NA,NA,NA,NA,NA,NA,NA,837856,318511,16385,4096,53bcb4b7244f10985ba78b02026020f091907c6c2bc8edcdcc9bf568fb6ba9bf,1071,0,23,7
1,8,0,1,1,0.059942568000000002,0.038745999999999996,0.0096860000000000002,152498176,NA,NA,NA,NA,NA,NA,NA,NA,1018592,407679,8197,1,20eb35e3894499e2f63cb7de484c538d87cee78f36bdbc9a59f2c383a0ec97fb,633,0,33,9
1,8,1,0,1,0.060533988000000004,0.033383999999999997,0.015174999999999999,154521600,NA,NA,NA,NA,NA,NA,NA,NA,1018592,407679,8197,1,20eb35e3894499e2f63cb7de484c538d87cee78f36bdbc9a59f2c383a0ec97fb,636,0,40,8
1,8,0,0,0,0.01993077,0.005633,0.00282,55472128,NA,NA,NA,NA,NA,NA,NA,NA,2408,135,5,1,3d4d37e7dcef36139698862d60d536450dfb480779ac0676046a82e065e8af0f,1030,0,10,5
1,8,1,1,0,0.019790987000000003,0.0055139999999999998,0.002748,55488512,NA,NA,NA,NA,NA,NA,NA,NA,2408,135,5,1,3d4d37e7dcef36139698862d60d536450dfb480779ac0676046a82e065e8af0f,586,0,10,4
1,8,0,0,3,0.061768874000000001,0.046558999999999996,0.0033300000000000001,175382528,NA,NA,NA,NA,NA,NA,NA,NA,2034104,2240463,32773,1,ac2c95b5e7d6e8c1837c1873a4de39a4ebe4476436e3f88bac5be95b6d1b5c2c,679,0,32,11
1,8,1,1,3,0.062057375000000005,0.046564999999999995,0.0035819999999999997,174989312,NA,NA,NA,NA,NA,NA,NA,NA,2034104,2240463,32773,1,ac2c95b5e7d6e8c1837c1873a4de39a4ebe4476436e3f88bac5be95b6d1b5c2c,1122,0,43,7
1,8,0,1,5,0.452851744,0.368398,0.063600999999999991,1028067328,NA,NA,NA,NA,NA,NA,NA,NA,11457352,5690734,153602,512,403312a97a3e99fe27317c1f28b1ff252fafdd2816dd615c6a7e00126747644b,1141,0,111,21
1,8,1,0,5,0.45267154600000004,0.37725500000000001,0.052962999999999996,1027739648,NA,NA,NA,NA,NA,NA,NA,NA,11457352,5690734,153602,512,403312a97a3e99fe27317c1f28b1ff252fafdd2816dd615c6a7e00126747644b,1579,0,46,19
1,8,0,0,4,0.19415879200000002,0.164851,0.010088,411533312,NA,NA,NA,NA,NA,NA,NA,NA,3318496,1882629,26625,512,ff2a25ad60d39948f157d4ecadc3b1f099b61e0fa95b5446763968dcc9e0e2de,1226,0,89,13
1,8,1,1,4,0.19560713700000001,0.166269,0.0099679999999999994,411652096,NA,NA,NA,NA,NA,NA,NA,NA,3318496,1882629,26625,512,ff2a25ad60d39948f157d4ecadc3b1f099b61e0fa95b5446763968dcc9e0e2de,1229,0,100,15
1,9,0,1,2,0.041384363,0.026686999999999999,0.0033419999999999999,133722112,NA,NA,NA,NA,NA,NA,NA,NA,837856,318511,16385,4096,53bcb4b7244f10985ba78b02026020f091907c6c2bc8edcdcc9bf568fb6ba9bf,631,0,28,6
1,9,1,0,2,0.040892230000000002,0.026241999999999998,0.0032649999999999997,131321856,NA,NA,NA,NA,NA,NA,NA,NA,837856,318511,16385,4096,53bcb4b7244f10985ba78b02026020f091907c6c2bc8edcdcc9bf568fb6ba9bf,625,0,26,7
1,9,0,1,4,0.19507506900000002,0.15922699999999998,0.016591999999999999,411820032,NA,NA,NA,NA,NA,NA,NA,NA,3318496,1882629,26625,512,ff2a25ad60d39948f157d4ecadc3b1f099b61e0fa95b5446763968dcc9e0e2de,1233,0,111,15
1,9,1,0,4,0.19352313800000001,0.15794,0.016456999999999999,411770880,NA,NA,NA,NA,NA,NA,NA,NA,3318496,1882629,26625,512,ff2a25ad60d39948f157d4ecadc3b1f099b61e0fa95b5446763968dcc9e0e2de,1230,0,85,15
1,9,0,1,3,0.061962947000000004,0.04709,0.0033659999999999996,175284224,NA,NA,NA,NA,NA,NA,NA,NA,2034104,2240463,32773,1,ac2c95b5e7d6e8c1837c1873a4de39a4ebe4476436e3f88bac5be95b6d1b5c2c,1131,0,37,9
1,9,1,0,3,0.063085202000000007,0.044553999999999996,0.0068560000000000001,175054848,NA,NA,NA,NA,NA,NA,NA,NA,2034104,2240463,32773,1,ac2c95b5e7d6e8c1837c1873a4de39a4ebe4476436e3f88bac5be95b6d1b5c2c,1119,0,38,9
1,9,0,0,5,0.462485429,0.37356400000000001,0.056183999999999998,1027719168,NA,NA,NA,NA,NA,NA,NA,NA,11457352,5690734,153602,512,403312a97a3e99fe27317c1f28b1ff252fafdd2816dd615c6a7e00126747644b,1582,0,255,24
1,9,1,1,5,0.45709202300000001,0.389125,0.046952000000000001,1027735552,NA,NA,NA,NA,NA,NA,NA,NA,11457352,5690734,153602,512,403312a97a3e99fe27317c1f28b1ff252fafdd2816dd615c6a7e00126747644b,1582,0,162,14
1,9,0,1,0,0.019153631000000001,0.0027949999999999997,0.0056080000000000001,55222272,NA,NA,NA,NA,NA,NA,NA,NA,2408,135,5,1,3d4d37e7dcef36139698862d60d536450dfb480779ac0676046a82e065e8af0f,1028,0,12,5
1,9,1,0,0,0.018512079000000001,0.0052209999999999999,0.0026259999999999999,55492608,NA,NA,NA,NA,NA,NA,NA,NA,2408,135,5,1,3d4d37e7dcef36139698862d60d536450dfb480779ac0676046a82e065e8af0f,582,0,11,2
1,9,0,0,1,0.060180173000000003,0.041884999999999999,0.0064319999999999993,154386432,NA,NA,NA,NA,NA,NA,NA,NA,1018592,407679,8197,1,20eb35e3894499e2f63cb7de484c538d87cee78f36bdbc9a59f2c383a0ec97fb,1080,0,42,9
1,9,1,1,1,0.057513783000000006,0.039508000000000001,0.0065759999999999994,152338432,NA,NA,NA,NA,NA,NA,NA,NA,1018592,407679,8197,1,20eb35e3894499e2f63cb7de484c538d87cee78f36bdbc9a59f2c383a0ec97fb,634,0,22,9
1,10,0,1,3,0.062952591000000002,0.044602999999999997,0.0063759999999999997,175226880,NA,NA,NA,NA,NA,NA,NA,NA,2034104,2240463,32773,1,ac2c95b5e7d6e8c1837c1873a4de39a4ebe4476436e3f88bac5be95b6d1b5c2c,1122,0,35,10
1,10,1,0,3,0.062557189999999999,0.047302999999999998,0.003382,175087616,NA,NA,NA,NA,NA,NA,NA,NA,2034104,2240463,32773,1,ac2c95b5e7d6e8c1837c1873a4de39a4ebe4476436e3f88bac5be95b6d1b5c2c,1119,0,36,9
1,10,0,1,0,0.018833450000000002,0.0055149999999999999,0.0027680000000000001,55558144,NA,NA,NA,NA,NA,NA,NA,NA,2408,135,5,1,3d4d37e7dcef36139698862d60d536450dfb480779ac0676046a82e065e8af0f,580,0,12,5
1,10,1,0,0,0.019076428000000003,0.0040200000000000001,0.0040330000000000001,55463936,NA,NA,NA,NA,NA,NA,NA,NA,2408,135,5,1,3d4d37e7dcef36139698862d60d536450dfb480779ac0676046a82e065e8af0f,584,0,10,4
1,10,0,1,2,0.040975687000000004,0.022197999999999999,0.0073980000000000001,133292032,NA,NA,NA,NA,NA,NA,NA,NA,837856,318511,16385,4096,53bcb4b7244f10985ba78b02026020f091907c6c2bc8edcdcc9bf568fb6ba9bf,1072,0,23,5
1,10,1,0,2,0.041273925000000003,0.016603,0.013273999999999999,131092480,NA,NA,NA,NA,NA,NA,NA,NA,837856,318511,16385,4096,53bcb4b7244f10985ba78b02026020f091907c6c2bc8edcdcc9bf568fb6ba9bf,1069,0,21,7
1,10,0,1,4,0.19440238700000001,0.161554,0.01346,411725824,NA,NA,NA,NA,NA,NA,NA,NA,3318496,1882629,26625,512,ff2a25ad60d39948f157d4ecadc3b1f099b61e0fa95b5446763968dcc9e0e2de,1231,0,113,19
1,10,1,0,4,0.19405581700000002,0.16136200000000001,0.013448,411508736,NA,NA,NA,NA,NA,NA,NA,NA,3318496,1882629,26625,512,ff2a25ad60d39948f157d4ecadc3b1f099b61e0fa95b5446763968dcc9e0e2de,1229,0,91,17
1,10,0,1,5,0.46031123600000001,0.38724799999999998,0.043032999999999995,1027985408,NA,NA,NA,NA,NA,NA,NA,NA,11457352,5690734,153602,512,403312a97a3e99fe27317c1f28b1ff252fafdd2816dd615c6a7e00126747644b,1141,0,78,39
1,10,1,0,5,0.45348157700000002,0.386409,0.046649999999999997,1027698688,NA,NA,NA,NA,NA,NA,NA,NA,11457352,5690734,153602,512,403312a97a3e99fe27317c1f28b1ff252fafdd2816dd615c6a7e00126747644b,1584,0,200,20
1,10,0,0,1,0.060521152000000002,0.032507999999999995,0.01626,154415104,NA,NA,NA,NA,NA,NA,NA,NA,1018592,407679,8197,1,20eb35e3894499e2f63cb7de484c538d87cee78f36bdbc9a59f2c383a0ec97fb,1080,0,25,8
1,10,1,1,1,0.057675295000000001,0.033703999999999998,0.012265,152567808,NA,NA,NA,NA,NA,NA,NA,NA,1018592,407679,8197,1,20eb35e3894499e2f63cb7de484c538d87cee78f36bdbc9a59f2c383a0ec97fb,636,0,33,9
1,11,0,0,5,0.45318901800000005,0.38866799999999996,0.043535999999999998,1027948544,NA,NA,NA,NA,NA,NA,NA,NA,11457352,5690734,153602,512,403312a97a3e99fe27317c1f28b1ff252fafdd2816dd615c6a7e00126747644b,1584,0,248,28
1,11,1,1,5,0.46074461800000005,0.378994,0.053190999999999995,1028108288,NA,NA,NA,NA,NA,NA,NA,NA,11457352,5690734,153602,512,403312a97a3e99fe27317c1f28b1ff252fafdd2816dd615c6a7e00126747644b,1142,0,207,13
1,11,0,1,1,0.058210339000000007,0.036406000000000001,0.0099220000000000003,152272896,NA,NA,NA,NA,NA,NA,NA,NA,1018592,407679,8197,1,20eb35e3894499e2f63cb7de484c538d87cee78f36bdbc9a59f2c383a0ec97fb,1079,0,40,8
1,11,1,0,1,0.059752911000000006,0.045148999999999995,0.0032269999999999998,154443776,NA,NA,NA,NA,NA,NA,NA,NA,1018592,407679,8197,1,20eb35e3894499e2f63cb7de484c538d87cee78f36bdbc9a59f2c383a0ec97fb,1078,0,29,9
1,11,0,0,2,0.040829964000000003,0.017899999999999999,0.011935999999999999,131428352,NA,NA,NA,NA,NA,NA,NA,NA,837856,318511,16385,4096,53bcb4b7244f10985ba78b02026020f091907c6c2bc8edcdcc9bf568fb6ba9bf,1073,0,25,7
1,11,1,1,2,0.041151807000000006,0.020986999999999999,0.0089820000000000004,133414912,NA,NA,NA,NA,NA,NA,NA,NA,837856,318511,16385,4096,53bcb4b7244f10985ba78b02026020f091907c6c2bc8edcdcc9bf568fb6ba9bf,625,0,28,6
1,11,0,0,0,0.025547363,0.0058560000000000001,0.0029250000000000001,55259136,NA,NA,NA,NA,NA,NA,NA,NA,2408,135,5,1,3d4d37e7dcef36139698862d60d536450dfb480779ac0676046a82e065e8af0f,1026,0,9,4
1,11,1,1,0,0.018814164000000001,0.0040790000000000002,0.004084,55087104,NA,NA,NA,NA,NA,NA,NA,NA,2408,135,5,1,3d4d37e7dcef36139698862d60d536450dfb480779ac0676046a82e065e8af0f,1027,0,12,4
1,11,0,0,4,0.18651060500000002,0.16817499999999999,0.006718,411611136,NA,NA,NA,NA,NA,NA,NA,NA,3318496,1882629,26625,512,ff2a25ad60d39948f157d4ecadc3b1f099b61e0fa95b5446763968dcc9e0e2de,1226,0,77,20
1,11,1,1,4,0.194519525,0.155664,0.019462,411750400,NA,NA,NA,NA,NA,NA,NA,NA,3318496,1882629,26625,512,ff2a25ad60d39948f157d4ecadc3b1f099b61e0fa95b5446763968dcc9e0e2de,1245,0,99,16
1,11,0,0,3,0.062356414000000006,0.047206999999999999,0.0033759999999999997,175005696,NA,NA,NA,NA,NA,NA,NA,NA,2034104,2240463,32773,1,ac2c95b5e7d6e8c1837c1873a4de39a4ebe4476436e3f88bac5be95b6d1b5c2c,1118,0,50,8
1,11,1,1,3,0.061367289000000005,0.038962999999999998,0.010607,175095808,NA,NA,NA,NA,NA,NA,NA,NA,2034104,2240463,32773,1,ac2c95b5e7d6e8c1837c1873a4de39a4ebe4476436e3f88bac5be95b6d1b5c2c,1122,0,18,8
1,12,0,1,4,0.194781285,0.16198599999999999,0.013503999999999999,411480064,NA,NA,NA,NA,NA,NA,NA,NA,3318496,1882629,26625,512,ff2a25ad60d39948f157d4ecadc3b1f099b61e0fa95b5446763968dcc9e0e2de,1228,0,102,16
1,12,1,0,4,0.19424766500000001,0.17179700000000001,0.0033609999999999998,411631616,NA,NA,NA,NA,NA,NA,NA,NA,3318496,1882629,26625,512,ff2a25ad60d39948f157d4ecadc3b1f099b61e0fa95b5446763968dcc9e0e2de,1229,0,108,18
1,12,0,1,5,0.46672606300000002,0.38210699999999997,0.049831999999999994,1027760128,NA,NA,NA,NA,NA,NA,NA,NA,11457352,5690734,153602,512,403312a97a3e99fe27317c1f28b1ff252fafdd2816dd615c6a7e00126747644b,1585,0,219,21
1,12,1,0,5,0.45333318500000003,0.38570299999999996,0.046965,1028026368,NA,NA,NA,NA,NA,NA,NA,NA,11457352,5690734,153602,512,403312a97a3e99fe27317c1f28b1ff252fafdd2816dd615c6a7e00126747644b,1584,0,165,22
1,12,0,0,1,0.060351474000000002,0.045343999999999995,0.00349,154198016,NA,NA,NA,NA,NA,NA,NA,NA,1018592,407679,8197,1,20eb35e3894499e2f63cb7de484c538d87cee78f36bdbc9a59f2c383a0ec97fb,1123,0,29,7
1,12,1,1,1,0.057427491000000004,0.038797999999999999,0.0070569999999999999,152485888,NA,NA,NA,NA,NA,NA,NA,NA,1018592,407679,8197,1,20eb35e3894499e2f63cb7de484c538d87cee78f36bdbc9a59f2c383a0ec97fb,638,0,22,9
1,12,0,1,0,0.019546367000000002,0.0028289999999999999,0.0056509999999999998,55480320,NA,NA,NA,NA,NA,NA,NA,NA,2408,135,5,1,3d4d37e7dcef36139698862d60d536450dfb480779ac0676046a82e065e8af0f,1030,0,10,5
1,12,1,0,0,0.019603445000000001,0.0028679999999999999,0.0057069999999999994,55283712,NA,NA,NA,NA,NA,NA,NA,NA,2408,135,5,1,3d4d37e7dcef36139698862d60d536450dfb480779ac0676046a82e065e8af0f,1025,0,9,3
1,12,0,1,3,0.067072699,0.042617999999999996,0.0071059999999999995,175464448,NA,NA,NA,NA,NA,NA,NA,NA,2034104,2240463,32773,1,ac2c95b5e7d6e8c1837c1873a4de39a4ebe4476436e3f88bac5be95b6d1b5c2c,683,0,45,9
1,12,1,0,3,0.062857812999999998,0.041457999999999995,0.0095569999999999995,175120384,NA,NA,NA,NA,NA,NA,NA,NA,2034104,2240463,32773,1,ac2c95b5e7d6e8c1837c1873a4de39a4ebe4476436e3f88bac5be95b6d1b5c2c,1120,0,53,8
1,12,0,1,2,0.041066826000000001,0.023285,0.0066669999999999993,133251072,NA,NA,NA,NA,NA,NA,NA,NA,837856,318511,16385,4096,53bcb4b7244f10985ba78b02026020f091907c6c2bc8edcdcc9bf568fb6ba9bf,1072,0,32,7
1,12,1,0,2,0.041069823000000005,0.026558999999999999,0.0033219999999999999,131203072,NA,NA,NA,NA,NA,NA,NA,NA,837856,318511,16385,4096,53bcb4b7244f10985ba78b02026020f091907c6c2bc8edcdcc9bf568fb6ba9bf,1071,0,28,6
1,13,0,0,0,0.018878635000000001,0.0027619999999999997,0.0055230000000000001,55209984,NA,NA,NA,NA,NA,NA,NA,NA,2408,135,5,1,3d4d37e7dcef36139698862d60d536450dfb480779ac0676046a82e065e8af0f,1025,0,11,3
1,13,1,1,0,0.018376603000000002,0.0038559999999999996,0.003862,55599104,NA,NA,NA,NA,NA,NA,NA,NA,2408,135,5,1,3d4d37e7dcef36139698862d60d536450dfb480779ac0676046a82e065e8af0f,585,0,9,5
1,13,0,0,3,0.061842772000000004,0.043378,0.0066649999999999999,174952448,NA,NA,NA,NA,NA,NA,NA,NA,2034104,2240463,32773,1,ac2c95b5e7d6e8c1837c1873a4de39a4ebe4476436e3f88bac5be95b6d1b5c2c,1122,0,19,10
1,13,1,1,3,0.061461255000000006,0.040654999999999997,0.0093749999999999997,175267840,NA,NA,NA,NA,NA,NA,NA,NA,2034104,2240463,32773,1,ac2c95b5e7d6e8c1837c1873a4de39a4ebe4476436e3f88bac5be95b6d1b5c2c,1126,0,33,10
1,13,0,0,5,0.45145349900000004,0.397428,0.033401,1027952640,NA,NA,NA,NA,NA,NA,NA,NA,11457352,5690734,153602,512,403312a97a3e99fe27317c1f28b1ff252fafdd2816dd615c6a7e00126747644b,1585,0,185,20
1,13,1,1,5,0.46196834600000003,0.37608599999999998,0.056059999999999999,1028046848,NA,NA,NA,NA,NA,NA,NA,NA,11457352,5690734,153602,512,403312a97a3e99fe27317c1f28b1ff252fafdd2816dd615c6a7e00126747644b,1623,0,92,28
1,13,0,0,4,0.19328448600000001,0.154248,0.019692999999999999,411922432,NA,NA,NA,NA,NA,NA,NA,NA,3318496,1882629,26625,512,ff2a25ad60d39948f157d4ecadc3b1f099b61e0fa95b5446763968dcc9e0e2de,1234,0,97,17
1,13,1,1,4,0.195523366,0.150223,0.026130999999999998,411652096,NA,NA,NA,NA,NA,NA,NA,NA,3318496,1882629,26625,512,ff2a25ad60d39948f157d4ecadc3b1f099b61e0fa95b5446763968dcc9e0e2de,1229,0,87,18
1,13,0,0,2,0.040653111000000006,0.025845,0.0036879999999999999,131534848,NA,NA,NA,NA,NA,NA,NA,NA,837856,318511,16385,4096,53bcb4b7244f10985ba78b02026020f091907c6c2bc8edcdcc9bf568fb6ba9bf,621,0,27,5
1,13,1,1,2,0.041311426000000005,0.026439999999999998,0.0037799999999999999,133357568,NA,NA,NA,NA,NA,NA,NA,NA,837856,318511,16385,4096,53bcb4b7244f10985ba78b02026020f091907c6c2bc8edcdcc9bf568fb6ba9bf,1074,0,24,6
1,13,0,1,1,0.057986507000000007,0.046175000000000001,0,152477696,NA,NA,NA,NA,NA,NA,NA,NA,1018592,407679,8197,1,20eb35e3894499e2f63cb7de484c538d87cee78f36bdbc9a59f2c383a0ec97fb,1084,0,29,9
1,13,1,0,1,0.061153057000000004,0.039765999999999996,0.0099469999999999992,154259456,NA,NA,NA,NA,NA,NA,NA,NA,1018592,407679,8197,1,20eb35e3894499e2f63cb7de484c538d87cee78f36bdbc9a59f2c383a0ec97fb,1080,0,20,10
1,14,0,0,5,0.45159866800000004,0.39722199999999996,0.033389999999999996,1027813376,NA,NA,NA,NA,NA,NA,NA,NA,11457352,5690734,153602,512,403312a97a3e99fe27317c1f28b1ff252fafdd2816dd615c6a7e00126747644b,1585,0,90,26
1,14,1,1,5,0.46140631000000004,0.37292700000000001,0.059935999999999996,1027911680,NA,NA,NA,NA,NA,NA,NA,NA,11457352,5690734,153602,512,403312a97a3e99fe27317c1f28b1ff252fafdd2816dd615c6a7e00126747644b,1586,0,184,19
1,14,0,0,3,0.062255945000000007,0.037159999999999999,0.013516,174936064,NA,NA,NA,NA,NA,NA,NA,NA,2034104,2240463,32773,1,ac2c95b5e7d6e8c1837c1873a4de39a4ebe4476436e3f88bac5be95b6d1b5c2c,1118,0,48,8
1,14,1,1,3,0.062517966000000008,0.050754000000000001,0,175083520,NA,NA,NA,NA,NA,NA,NA,NA,2034104,2240463,32773,1,ac2c95b5e7d6e8c1837c1873a4de39a4ebe4476436e3f88bac5be95b6d1b5c2c,1127,0,40,9
1,14,0,0,0,0.019772562,0.0043,0.0043029999999999995,55312384,NA,NA,NA,NA,NA,NA,NA,NA,2408,135,5,1,3d4d37e7dcef36139698862d60d536450dfb480779ac0676046a82e065e8af0f,1027,0,11,3
1,14,1,1,0,0.019744949000000001,0.0057970000000000001,0.0028859999999999997,55488512,NA,NA,NA,NA,NA,NA,NA,NA,2408,135,5,1,3d4d37e7dcef36139698862d60d536450dfb480779ac0676046a82e065e8af0f,1032,0,9,3
1,14,0,1,2,0.040949928000000003,0.022317,0.0074399999999999996,133431296,NA,NA,NA,NA,NA,NA,NA,NA,837856,318511,16385,4096,53bcb4b7244f10985ba78b02026020f091907c6c2bc8edcdcc9bf568fb6ba9bf,629,0,14,6
1,14,1,0,2,0.041390303000000003,0.023406999999999997,0.006692,131108864,NA,NA,NA,NA,NA,NA,NA,NA,837856,318511,16385,4096,53bcb4b7244f10985ba78b02026020f091907c6c2bc8edcdcc9bf568fb6ba9bf,1068,0,19,4
1,14,0,0,1,0.060170755000000006,0.045129999999999997,0.0034749999999999998,154279936,NA,NA,NA,NA,NA,NA,NA,NA,1018592,407679,8197,1,20eb35e3894499e2f63cb7de484c538d87cee78f36bdbc9a59f2c383a0ec97fb,1078,0,23,8
1,14,1,1,1,0.057712844000000006,0.036288000000000001,0.0098999999999999991,152662016,NA,NA,NA,NA,NA,NA,NA,NA,1018592,407679,8197,1,20eb35e3894499e2f63cb7de484c538d87cee78f36bdbc9a59f2c383a0ec97fb,643,0,24,9
1,14,0,0,4,0.1936012,0.157892,0.016448000000000001,411860992,NA,NA,NA,NA,NA,NA,NA,NA,3318496,1882629,26625,512,ff2a25ad60d39948f157d4ecadc3b1f099b61e0fa95b5446763968dcc9e0e2de,785,0,131,16
1,14,1,1,4,0.194932306,0.15582599999999999,0.019896,411815936,NA,NA,NA,NA,NA,NA,NA,NA,3318496,1882629,26625,512,ff2a25ad60d39948f157d4ecadc3b1f099b61e0fa95b5446763968dcc9e0e2de,1231,0,74,14
1,15,0,1,5,0.47341396700000005,0.391511,0.046855999999999995,1027575808,NA,NA,NA,NA,NA,NA,NA,NA,11457352,5690734,153602,512,403312a97a3e99fe27317c1f28b1ff252fafdd2816dd615c6a7e00126747644b,1581,0,119,29
1,15,1,0,5,0.452125363,0.39080599999999999,0.040084999999999996,1027702784,NA,NA,NA,NA,NA,NA,NA,NA,11457352,5690734,153602,512,403312a97a3e99fe27317c1f28b1ff252fafdd2816dd615c6a7e00126747644b,1581,0,51,19
1,15,0,1,3,0.061614531000000007,0.043447,0.0066879999999999995,175181824,NA,NA,NA,NA,NA,NA,NA,NA,2034104,2240463,32773,1,ac2c95b5e7d6e8c1837c1873a4de39a4ebe4476436e3f88bac5be95b6d1b5c2c,676,0,44,8
1,15,1,0,3,0.062080425000000002,0.047112999999999995,0.0033419999999999999,175341568,NA,NA,NA,NA,NA,NA,NA,NA,2034104,2240463,32773,1,ac2c95b5e7d6e8c1837c1873a4de39a4ebe4476436e3f88bac5be95b6d1b5c2c,678,0,38,9
1,15,0,1,1,0.057731860000000003,0.030782,0.015392999999999999,152305664,NA,NA,NA,NA,NA,NA,NA,NA,1018592,407679,8197,1,20eb35e3894499e2f63cb7de484c538d87cee78f36bdbc9a59f2c383a0ec97fb,1081,0,28,8
1,15,1,0,1,0.060337267000000007,0.032136999999999999,0.016056999999999998,154263552,NA,NA,NA,NA,NA,NA,NA,NA,1018592,407679,8197,1,20eb35e3894499e2f63cb7de484c538d87cee78f36bdbc9a59f2c383a0ec97fb,1079,0,24,10
1,15,0,1,4,0.197138491,0.15124099999999999,0.023018,411889664,NA,NA,NA,NA,NA,NA,NA,NA,3318496,1882629,26625,512,ff2a25ad60d39948f157d4ecadc3b1f099b61e0fa95b5446763968dcc9e0e2de,1234,0,77,14
1,15,1,0,4,0.19477578100000001,0.15520100000000001,0.020243000000000001,411660288,NA,NA,NA,NA,NA,NA,NA,NA,3318496,1882629,26625,512,ff2a25ad60d39948f157d4ecadc3b1f099b61e0fa95b5446763968dcc9e0e2de,1228,0,108,15
1,15,0,0,2,0.041262684000000001,0.026297999999999998,0.003748,131063808,NA,NA,NA,NA,NA,NA,NA,NA,837856,318511,16385,4096,53bcb4b7244f10985ba78b02026020f091907c6c2bc8edcdcc9bf568fb6ba9bf,1069,0,21,7
1,15,1,1,2,0.04626707,0.019934,0.009972,133541888,NA,NA,NA,NA,NA,NA,NA,NA,837856,318511,16385,4096,53bcb4b7244f10985ba78b02026020f091907c6c2bc8edcdcc9bf568fb6ba9bf,629,0,19,7
1,15,0,1,0,0.018861423000000002,0.0082109999999999995,0,55492608,NA,NA,NA,NA,NA,NA,NA,NA,2408,135,5,1,3d4d37e7dcef36139698862d60d536450dfb480779ac0676046a82e065e8af0f,585,0,12,4
1,15,1,0,0,0.019524817,0.0043309999999999998,0.0043309999999999998,55328768,NA,NA,NA,NA,NA,NA,NA,NA,2408,135,5,1,3d4d37e7dcef36139698862d60d536450dfb480779ac0676046a82e065e8af0f,1037,0,10,4
1,16,0,1,0,0.019463983000000001,0.004019,0.0040000000000000001,55500800,NA,NA,NA,NA,NA,NA,NA,NA,2408,135,5,1,3d4d37e7dcef36139698862d60d536450dfb480779ac0676046a82e065e8af0f,578,0,9,3
1,16,1,0,0,0.029461062000000003,0.0086149999999999994,0,55439360,NA,NA,NA,NA,NA,NA,NA,NA,2408,135,5,1,3d4d37e7dcef36139698862d60d536450dfb480779ac0676046a82e065e8af0f,1028,0,10,4
1,16,0,1,4,0.20092026300000002,0.15168699999999999,0.02358,411877376,NA,NA,NA,NA,NA,NA,NA,NA,3318496,1882629,26625,512,ff2a25ad60d39948f157d4ecadc3b1f099b61e0fa95b5446763968dcc9e0e2de,787,0,68,17
1,16,1,0,4,0.204286776,0.14715400000000001,0.026754999999999998,411893760,NA,NA,NA,NA,NA,NA,NA,NA,3318496,1882629,26625,512,ff2a25ad60d39948f157d4ecadc3b1f099b61e0fa95b5446763968dcc9e0e2de,786,0,82,18
1,16,0,0,5,0.45111883300000005,0.39136299999999996,0.040150999999999999,1027772416,NA,NA,NA,NA,NA,NA,NA,NA,11457352,5690734,153602,512,403312a97a3e99fe27317c1f28b1ff252fafdd2816dd615c6a7e00126747644b,1596,0,207,24
1,16,1,1,5,0.45473981300000005,0.37783800000000001,0.055864999999999998,1027715072,NA,NA,NA,NA,NA,NA,NA,NA,11457352,5690734,153602,512,403312a97a3e99fe27317c1f28b1ff252fafdd2816dd615c6a7e00126747644b,1581,0,242,22
1,16,0,0,3,0.074662311000000009,0.034859000000000001,0.015823,174968832,NA,NA,NA,NA,NA,NA,NA,NA,2034104,2240463,32773,1,ac2c95b5e7d6e8c1837c1873a4de39a4ebe4476436e3f88bac5be95b6d1b5c2c,1116,0,41,10
1,16,1,1,3,0.061802033000000006,0.046665999999999999,0.003591,175480832,NA,NA,NA,NA,NA,NA,NA,NA,2034104,2240463,32773,1,ac2c95b5e7d6e8c1837c1873a4de39a4ebe4476436e3f88bac5be95b6d1b5c2c,682,0,47,7
1,16,0,0,2,0.041342053000000004,0.021018999999999999,0.0090080000000000004,131162112,NA,NA,NA,NA,NA,NA,NA,NA,837856,318511,16385,4096,53bcb4b7244f10985ba78b02026020f091907c6c2bc8edcdcc9bf568fb6ba9bf,1068,0,26,7
1,16,1,1,2,0.041111209000000003,0.023313,0.006672,133804032,NA,NA,NA,NA,NA,NA,NA,NA,837856,318511,16385,4096,53bcb4b7244f10985ba78b02026020f091907c6c2bc8edcdcc9bf568fb6ba9bf,636,0,33,7
1,16,0,1,1,0.057993220000000005,0.033902000000000002,0.012315,152604672,NA,NA,NA,NA,NA,NA,NA,NA,1018592,407679,8197,1,20eb35e3894499e2f63cb7de484c538d87cee78f36bdbc9a59f2c383a0ec97fb,633,0,17,9
1,16,1,0,1,0.061262330000000004,0.032962999999999999,0.016482999999999998,154718208,NA,NA,NA,NA,NA,NA,NA,NA,1018592,407679,8197,1,20eb35e3894499e2f63cb7de484c538d87cee78f36bdbc9a59f2c383a0ec97fb,639,0,37,9
1,17,0,1,5,0.45878746300000001,0.37531100000000001,0.058438999999999998,1027801088,NA,NA,NA,NA,NA,NA,NA,NA,11457352,5690734,153602,512,403312a97a3e99fe27317c1f28b1ff252fafdd2816dd615c6a7e00126747644b,1582,0,357,20
1,17,1,0,5,0.46220286800000004,0.38561499999999999,0.046550999999999995,1027702784,NA,NA,NA,NA,NA,NA,NA,NA,11457352,5690734,153602,512,403312a97a3e99fe27317c1f28b1ff252fafdd2816dd615c6a7e00126747644b,1582,0,276,22
1,17,0,1,3,0.061519142000000006,0.039978,0.0099930000000000001,175300608,NA,NA,NA,NA,NA,NA,NA,NA,2034104,2240463,32773,1,ac2c95b5e7d6e8c1837c1873a4de39a4ebe4476436e3f88bac5be95b6d1b5c2c,1124,0,57,8
1,17,1,0,3,0.062588275999999998,0.040633999999999997,0.010161,175091712,NA,NA,NA,NA,NA,NA,NA,NA,2034104,2240463,32773,1,ac2c95b5e7d6e8c1837c1873a4de39a4ebe4476436e3f88bac5be95b6d1b5c2c,1119,0,70,8
1,17,0,0,1,0.060579550000000003,0.041664,0.0069369999999999996,154103808,NA,NA,NA,NA,NA,NA,NA,NA,1018592,407679,8197,1,20eb35e3894499e2f63cb7de484c538d87cee78f36bdbc9a59f2c383a0ec97fb,1080,0,46,9
1,17,1,1,1,0.067313207999999999,0.036379999999999996,0.0099319999999999999,152424448,NA,NA,NA,NA,NA,NA,NA,NA,1018592,407679,8197,1,20eb35e3894499e2f63cb7de484c538d87cee78f36bdbc9a59f2c383a0ec97fb,1083,0,25,11
1,17,0,0,4,0.19290490100000002,0.14351899999999998,0.030039999999999997,411648000,NA,NA,NA,NA,NA,NA,NA,NA,3318496,1882629,26625,512,ff2a25ad60d39948f157d4ecadc3b1f099b61e0fa95b5446763968dcc9e0e2de,1227,0,69,15
1,17,1,1,4,0.195113651,0.15886999999999998,0.016551,411643904,NA,NA,NA,NA,NA,NA,NA,NA,3318496,1882629,26625,512,ff2a25ad60d39948f157d4ecadc3b1f099b61e0fa95b5446763968dcc9e0e2de,1232,0,60,20
1,17,0,0,0,0.020002062000000001,0.0042620000000000002,0.0042620000000000002,55316480,NA,NA,NA,NA,NA,NA,NA,NA,2408,135,5,1,3d4d37e7dcef36139698862d60d536450dfb480779ac0676046a82e065e8af0f,1025,0,11,4
1,17,1,1,0,0.018666847,0.0053439999999999998,0.002676,55263232,NA,NA,NA,NA,NA,NA,NA,NA,2408,135,5,1,3d4d37e7dcef36139698862d60d536450dfb480779ac0676046a82e065e8af0f,1070,0,11,5
1,17,0,1,2,0.041338415000000003,0.029831999999999997,0,133246976,NA,NA,NA,NA,NA,NA,NA,NA,837856,318511,16385,4096,53bcb4b7244f10985ba78b02026020f091907c6c2bc8edcdcc9bf568fb6ba9bf,1069,0,24,7
1,17,1,0,2,0.041060735000000001,0.023320999999999998,0.0066699999999999997,131678208,NA,NA,NA,NA,NA,NA,NA,NA,837856,318511,16385,4096,53bcb4b7244f10985ba78b02026020f091907c6c2bc8edcdcc9bf568fb6ba9bf,630,0,33,7
1,18,0,0,4,0.19367142600000001,0.15426599999999999,0.020126999999999999,411652096,NA,NA,NA,NA,NA,NA,NA,NA,3318496,1882629,26625,512,ff2a25ad60d39948f157d4ecadc3b1f099b61e0fa95b5446763968dcc9e0e2de,1242,0,96,15
1,18,1,1,4,0.19476417700000001,0.14954599999999998,0.026017999999999999,411623424,NA,NA,NA,NA,NA,NA,NA,NA,3318496,1882629,26625,512,ff2a25ad60d39948f157d4ecadc3b1f099b61e0fa95b5446763968dcc9e0e2de,1230,0,115,16
1,18,0,0,2,0.041374453000000005,0.020905999999999998,0.0089719999999999991,131076096,NA,NA,NA,NA,NA,NA,NA,NA,837856,318511,16385,4096,53bcb4b7244f10985ba78b02026020f091907c6c2bc8edcdcc9bf568fb6ba9bf,1068,0,24,7
1,18,1,1,2,0.041654027000000003,0.016813999999999999,0.013436,133038080,NA,NA,NA,NA,NA,NA,NA,NA,837856,318511,16385,4096,53bcb4b7244f10985ba78b02026020f091907c6c2bc8edcdcc9bf568fb6ba9bf,1069,0,25,6
1,18,0,0,1,0.060425701000000005,0.038221999999999999,0.010437,154353664,NA,NA,NA,NA,NA,NA,NA,NA,1018592,407679,8197,1,20eb35e3894499e2f63cb7de484c538d87cee78f36bdbc9a59f2c383a0ec97fb,1080,0,42,9
1,18,1,1,1,0.057879145000000007,0.039629999999999999,0.0065979999999999997,152399872,NA,NA,NA,NA,NA,NA,NA,NA,1018592,407679,8197,1,20eb35e3894499e2f63cb7de484c538d87cee78f36bdbc9a59f2c383a0ec97fb,1085,0,29,10
1,18,0,0,5,0.46065062300000004,0.40590199999999999,0.033554,1028235264,NA,NA,NA,NA,NA,NA,NA,NA,11457352,5690734,153602,512,403312a97a3e99fe27317c1f28b1ff252fafdd2816dd615c6a7e00126747644b,1143,0,183,25
1,18,1,1,5,0.46267688300000004,0.37690199999999996,0.056693,1027825664,NA,NA,NA,NA,NA,NA,NA,NA,11457352,5690734,153602,512,403312a97a3e99fe27317c1f28b1ff252fafdd2816dd615c6a7e00126747644b,1586,0,196,15
1,18,0,1,0,0.020905886000000002,0.0044879999999999998,0.0044979999999999994,55414784,NA,NA,NA,NA,NA,NA,NA,NA,2408,135,5,1,3d4d37e7dcef36139698862d60d536450dfb480779ac0676046a82e065e8af0f,1032,0,11,4
1,18,1,0,0,0.019734970000000001,0.002898,0.00577,55160832,NA,NA,NA,NA,NA,NA,NA,NA,2408,135,5,1,3d4d37e7dcef36139698862d60d536450dfb480779ac0676046a82e065e8af0f,1025,0,11,4
1,18,0,0,3,0.062495783000000006,0.043664000000000001,0.0066879999999999995,175353856,NA,NA,NA,NA,NA,NA,NA,NA,2034104,2240463,32773,1,ac2c95b5e7d6e8c1837c1873a4de39a4ebe4476436e3f88bac5be95b6d1b5c2c,1143,0,38,11
1,18,1,1,3,0.061899333000000001,0.037274999999999996,0.012426999999999999,175255552,NA,NA,NA,NA,NA,NA,NA,NA,2034104,2240463,32773,1,ac2c95b5e7d6e8c1837c1873a4de39a4ebe4476436e3f88bac5be95b6d1b5c2c,677,0,41,10
1,19,0,1,4,0.19422149800000002,0.15118499999999999,0.023517999999999997,411521024,NA,NA,NA,NA,NA,NA,NA,NA,3318496,1882629,26625,512,ff2a25ad60d39948f157d4ecadc3b1f099b61e0fa95b5446763968dcc9e0e2de,1229,0,65,21
1,19,1,0,4,0.193514612,0.16411199999999998,0.010050999999999999,411856896,NA,NA,NA,NA,NA,NA,NA,NA,3318496,1882629,26625,512,ff2a25ad60d39948f157d4ecadc3b1f099b61e0fa95b5446763968dcc9e0e2de,786,0,119,12
1,19,0,1,2,0.041572885000000004,0.020177,0.010088,133550080,NA,NA,NA,NA,NA,NA,NA,NA,837856,318511,16385,4096,53bcb4b7244f10985ba78b02026020f091907c6c2bc8edcdcc9bf568fb6ba9bf,1095,0,32,7
1,19,1,0,2,0.041357782000000003,0.029944999999999999,0,131260416,NA,NA,NA,NA,NA,NA,NA,NA,837856,318511,16385,4096,53bcb4b7244f10985ba78b02026020f091907c6c2bc8edcdcc9bf568fb6ba9bf,1071,0,18,7
1,19,0,1,5,0.45550810700000005,0.391289,0.043117999999999997,1027747840,NA,NA,NA,NA,NA,NA,NA,NA,11457352,5690734,153602,512,403312a97a3e99fe27317c1f28b1ff252fafdd2816dd615c6a7e00126747644b,1582,0,126,23
1,19,1,0,5,0.46073255400000002,0.38503599999999999,0.046448999999999997,1027796992,NA,NA,NA,NA,NA,NA,NA,NA,11457352,5690734,153602,512,403312a97a3e99fe27317c1f28b1ff252fafdd2816dd615c6a7e00126747644b,1585,0,279,19
1,19,0,0,0,0.020728875000000001,0.0044989999999999995,0.0044970000000000001,55517184,NA,NA,NA,NA,NA,NA,NA,NA,2408,135,5,1,3d4d37e7dcef36139698862d60d536450dfb480779ac0676046a82e065e8af0f,1031,0,10,5
1,19,1,1,0,0.020033469000000002,0.0029059999999999997,0.0058119999999999995,55369728,NA,NA,NA,NA,NA,NA,NA,NA,2408,135,5,1,3d4d37e7dcef36139698862d60d536450dfb480779ac0676046a82e065e8af0f,1029,0,9,4
1,19,0,1,3,0.061757349000000003,0.036659999999999998,0.013299,175034368,NA,NA,NA,NA,NA,NA,NA,NA,2034104,2240463,32773,1,ac2c95b5e7d6e8c1837c1873a4de39a4ebe4476436e3f88bac5be95b6d1b5c2c,1120,0,36,10
1,19,1,0,3,0.062588086000000001,0.041173999999999995,0.0095040000000000003,175104000,NA,NA,NA,NA,NA,NA,NA,NA,2034104,2240463,32773,1,ac2c95b5e7d6e8c1837c1873a4de39a4ebe4476436e3f88bac5be95b6d1b5c2c,1120,0,57,9
1,19,0,1,1,0.058121208000000001,0.036567999999999996,0.009972,152215552,NA,NA,NA,NA,NA,NA,NA,NA,1018592,407679,8197,1,20eb35e3894499e2f63cb7de484c538d87cee78f36bdbc9a59f2c383a0ec97fb,1079,0,27,7
1,19,1,0,1,0.060219754,0.048405999999999998,0,154370048,NA,NA,NA,NA,NA,NA,NA,NA,1018592,407679,8197,1,20eb35e3894499e2f63cb7de484c538d87cee78f36bdbc9a59f2c383a0ec97fb,1079,0,50,8
1,20,0,1,4,0.19502580500000002,0.162219,0.013509999999999999,411897856,NA,NA,NA,NA,NA,NA,NA,NA,3318496,1882629,26625,512,ff2a25ad60d39948f157d4ecadc3b1f099b61e0fa95b5446763968dcc9e0e2de,788,0,84,15
1,20,1,0,4,0.19432837700000002,0.15799099999999999,0.016454,411578368,NA,NA,NA,NA,NA,NA,NA,NA,3318496,1882629,26625,512,ff2a25ad60d39948f157d4ecadc3b1f099b61e0fa95b5446763968dcc9e0e2de,1250,0,65,17
1,20,0,1,1,0.057873824000000004,0.046272000000000001,0,152080384,NA,NA,NA,NA,NA,NA,NA,NA,1018592,407679,8197,1,20eb35e3894499e2f63cb7de484c538d87cee78f36bdbc9a59f2c383a0ec97fb,1082,0,15,7
1,20,1,0,1,0.060572355000000001,0.048703999999999997,0,154329088,NA,NA,NA,NA,NA,NA,NA,NA,1018592,407679,8197,1,20eb35e3894499e2f63cb7de484c538d87cee78f36bdbc9a59f2c383a0ec97fb,1080,0,24,9
1,20,0,0,5,0.45254554800000002,0.38078599999999996,0.049666999999999996,1027756032,NA,NA,NA,NA,NA,NA,NA,NA,11457352,5690734,153602,512,403312a97a3e99fe27317c1f28b1ff252fafdd2816dd615c6a7e00126747644b,1578,0,116,22
1,20,1,1,5,0.46665042900000003,0.38609599999999999,0.049910999999999997,1028059136,NA,NA,NA,NA,NA,NA,NA,NA,11457352,5690734,153602,512,403312a97a3e99fe27317c1f28b1ff252fafdd2816dd615c6a7e00126747644b,1588,0,190,29
1,20,0,1,0,0.020271366000000002,0.0043730000000000002,0.0043749999999999995,55287808,NA,NA,NA,NA,NA,NA,NA,NA,2408,135,5,1,3d4d37e7dcef36139698862d60d536450dfb480779ac0676046a82e065e8af0f,1029,0,11,4
1,20,1,0,0,0.019714922000000003,0.002859,0.0057039999999999999,55455744,NA,NA,NA,NA,NA,NA,NA,NA,2408,135,5,1,3d4d37e7dcef36139698862d60d536450dfb480779ac0676046a82e065e8af0f,1048,0,9,4
1,20,0,0,2,0.040643372000000004,0.02563,0.003673,131334144,NA,NA,NA,NA,NA,NA,NA,NA,837856,318511,16385,4096,53bcb4b7244f10985ba78b02026020f091907c6c2bc8edcdcc9bf568fb6ba9bf,624,0,22,7
1,20,1,1,2,0.041235030000000006,0.02656,0.0033209999999999997,133472256,NA,NA,NA,NA,NA,NA,NA,NA,837856,318511,16385,4096,53bcb4b7244f10985ba78b02026020f091907c6c2bc8edcdcc9bf568fb6ba9bf,629,0,31,5
1,20,0,0,3,0.062063643000000002,0.040599999999999997,0.0093659999999999993,175206400,NA,NA,NA,NA,NA,NA,NA,NA,2034104,2240463,32773,1,ac2c95b5e7d6e8c1837c1873a4de39a4ebe4476436e3f88bac5be95b6d1b5c2c,677,0,33,10
1,20,1,1,3,0.061962993000000001,0.037623999999999998,0.012541,174850048,NA,NA,NA,NA,NA,NA,NA,NA,2034104,2240463,32773,1,ac2c95b5e7d6e8c1837c1873a4de39a4ebe4476436e3f88bac5be95b6d1b5c2c,1130,0,44,9
1,21,0,0,0,0.019690737,0.0084929999999999988,0,55259136,NA,NA,NA,NA,NA,NA,NA,NA,2408,135,5,1,3d4d37e7dcef36139698862d60d536450dfb480779ac0676046a82e065e8af0f,1024,0,11,4
1,21,1,1,0,0.019625164,0.0042889999999999994,0.0042599999999999999,55382016,NA,NA,NA,NA,NA,NA,NA,NA,2408,135,5,1,3d4d37e7dcef36139698862d60d536450dfb480779ac0676046a82e065e8af0f,1026,0,10,5
1,21,0,1,2,0.041350296000000002,0.022447999999999999,0.0074839999999999993,133468160,NA,NA,NA,NA,NA,NA,NA,NA,837856,318511,16385,4096,53bcb4b7244f10985ba78b02026020f091907c6c2bc8edcdcc9bf568fb6ba9bf,1109,0,24,8
1,21,1,0,2,0.041624752000000001,0.023269999999999999,0.006659,131108864,NA,NA,NA,NA,NA,NA,NA,NA,837856,318511,16385,4096,53bcb4b7244f10985ba78b02026020f091907c6c2bc8edcdcc9bf568fb6ba9bf,1090,0,23,6
1,21,0,1,3,0.061832077000000006,0.040541999999999995,0.0093639999999999991,174948352,NA,NA,NA,NA,NA,NA,NA,NA,2034104,2240463,32773,1,ac2c95b5e7d6e8c1837c1873a4de39a4ebe4476436e3f88bac5be95b6d1b5c2c,1120,0,39,10
1,21,1,0,3,0.061796852000000006,0.040185999999999999,0.01005,175259648,NA,NA,NA,NA,NA,NA,NA,NA,2034104,2240463,32773,1,ac2c95b5e7d6e8c1837c1873a4de39a4ebe4476436e3f88bac5be95b6d1b5c2c,676,0,27,9
1,21,0,0,1,0.060993786000000001,0.045474999999999995,0.0034859999999999999,154144768,NA,NA,NA,NA,NA,NA,NA,NA,1018592,407679,8197,1,20eb35e3894499e2f63cb7de484c538d87cee78f36bdbc9a59f2c383a0ec97fb,1076,0,46,9
1,21,1,1,1,0.057511424000000005,0.046031999999999997,0,152469504,NA,NA,NA,NA,NA,NA,NA,NA,1018592,407679,8197,1,20eb35e3894499e2f63cb7de484c538d87cee78f36bdbc9a59f2c383a0ec97fb,1084,0,36,11
1,21,0,0,4,0.19490161,0.15507699999999999,0.019789999999999999,411533312,NA,NA,NA,NA,NA,NA,NA,NA,3318496,1882629,26625,512,ff2a25ad60d39948f157d4ecadc3b1f099b61e0fa95b5446763968dcc9e0e2de,1226,0,63,18
1,21,1,1,4,0.19570608,0.149786,0.026631999999999999,411594752,NA,NA,NA,NA,NA,NA,NA,NA,3318496,1882629,26625,512,ff2a25ad60d39948f157d4ecadc3b1f099b61e0fa95b5446763968dcc9e0e2de,1228,0,112,18
1,21,0,1,5,0.45519535500000002,0.38083600000000001,0.053461999999999996,1028190208,NA,NA,NA,NA,NA,NA,NA,NA,11457352,5690734,153602,512,403312a97a3e99fe27317c1f28b1ff252fafdd2816dd615c6a7e00126747644b,1138,0,102,18
1,21,1,0,5,0.46130560300000001,0.37420300000000001,0.056787999999999998,1028009984,NA,NA,NA,NA,NA,NA,NA,NA,11457352,5690734,153602,512,403312a97a3e99fe27317c1f28b1ff252fafdd2816dd615c6a7e00126747644b,1140,0,222,32
1,22,0,1,2,0.041014517,0.030043999999999998,0,133447680,NA,NA,NA,NA,NA,NA,NA,NA,837856,318511,16385,4096,53bcb4b7244f10985ba78b02026020f091907c6c2bc8edcdcc9bf568fb6ba9bf,629,0,24,6
1,22,1,0,2,0.040635285,0.022950999999999999,0.0065569999999999995,131260416,NA,NA,NA,NA,NA,NA,NA,NA,837856,318511,16385,4096,53bcb4b7244f10985ba78b02026020f091907c6c2bc8edcdcc9bf568fb6ba9bf,1070,0,34,5
1,22,0,0,1,0.059666055000000003,0.048062999999999995,0,154574848,NA,NA,NA,NA,NA,NA,NA,NA,1018592,407679,8197,1,20eb35e3894499e2f63cb7de484c538d87cee78f36bdbc9a59f2c383a0ec97fb,633,0,29,9
1,22,1,1,1,0.058308349000000002,0.042812999999999997,0.003571,152502272,NA,NA,NA,NA,NA,NA,NA,NA,1018592,407679,8197,1,20eb35e3894499e2f63cb7de484c538d87cee78f36bdbc9a59f2c383a0ec97fb,638,0,17,9
1,22,0,1,5,0.45446528500000005,0.39687899999999998,0.036681999999999999,1028198400,NA,NA,NA,NA,NA,NA,NA,NA,11457352,5690734,153602,512,403312a97a3e99fe27317c1f28b1ff252fafdd2816dd615c6a7e00126747644b,1136,0,78,20
1,22,1,0,5,0.46248702600000002,0.38693099999999997,0.046710999999999996,1027932160,NA,NA,NA,NA,NA,NA,NA,NA,11457352,5690734,153602,512,403312a97a3e99fe27317c1f28b1ff252fafdd2816dd615c6a7e00126747644b,1583,0,120,19
1,22,0,1,3,0.062060616000000006,0.040372999999999999,0.0101,175087616,NA,NA,NA,NA,NA,NA,NA,NA,2034104,2240463,32773,1,ac2c95b5e7d6e8c1837c1873a4de39a4ebe4476436e3f88bac5be95b6d1b5c2c,1121,0,37,6
1,22,1,0,3,0.062219464000000002,0.040389000000000001,0.010079999999999999,175280128,NA,NA,NA,NA,NA,NA,NA,NA,2034104,2240463,32773,1,ac2c95b5e7d6e8c1837c1873a4de39a4ebe4476436e3f88bac5be95b6d1b5c2c,676,0,46,7
1,22,0,0,0,0.019690176,0.0086210000000000002,0,55316480,NA,NA,NA,NA,NA,NA,NA,NA,2408,135,5,1,3d4d37e7dcef36139698862d60d536450dfb480779ac0676046a82e065e8af0f,1024,0,11,3
1,22,1,1,0,0.019176634000000001,0.0054879999999999998,0.0027529999999999998,55586816,NA,NA,NA,NA,NA,NA,NA,NA,2408,135,5,1,3d4d37e7dcef36139698862d60d536450dfb480779ac0676046a82e065e8af0f,1032,0,11,4
1,22,0,0,4,0.19968333800000002,0.154942,0.019784,412184576,NA,NA,NA,NA,NA,NA,NA,NA,3318496,1882629,26625,512,ff2a25ad60d39948f157d4ecadc3b1f099b61e0fa95b5446763968dcc9e0e2de,790,0,96,16
1,22,1,1,4,0.19571714800000001,0.15995399999999999,0.016309000000000001,411418624,NA,NA,NA,NA,NA,NA,NA,NA,3318496,1882629,26625,512,ff2a25ad60d39948f157d4ecadc3b1f099b61e0fa95b5446763968dcc9e0e2de,1228,0,94,22
1,23,0,0,5,0.462998505,0.39604400000000001,0.036623999999999997,1027604480,NA,NA,NA,NA,NA,NA,NA,NA,11457352,5690734,153602,512,403312a97a3e99fe27317c1f28b1ff252fafdd2816dd615c6a7e00126747644b,1581,0,204,20
1,23,1,1,5,0.45377822300000004,0.38900399999999996,0.043239,1027878912,NA,NA,NA,NA,NA,NA,NA,NA,11457352,5690734,153602,512,403312a97a3e99fe27317c1f28b1ff252fafdd2816dd615c6a7e00126747644b,1141,0,192,15
1,23,0,1,1,0.073149662000000004,0.036429999999999997,0.0099439999999999997,152457216,NA,NA,NA,NA,NA,NA,NA,NA,1018592,407679,8197,1,20eb35e3894499e2f63cb7de484c538d87cee78f36bdbc9a59f2c383a0ec97fb,1087,0,22,9
1,23,1,0,1,0.060468951000000007,0.035761999999999995,0.013004,154259456,NA,NA,NA,NA,NA,NA,NA,NA,1018592,407679,8197,1,20eb35e3894499e2f63cb7de484c538d87cee78f36bdbc9a59f2c383a0ec97fb,1079,0,20,8
1,23,0,0,2,0.046230869000000001,0.026428999999999998,0.0033049999999999998,131067904,NA,NA,NA,NA,NA,NA,NA,NA,837856,318511,16385,4096,53bcb4b7244f10985ba78b02026020f091907c6c2bc8edcdcc9bf568fb6ba9bf,1068,0,43,5
1,23,1,1,2,0.041264645000000003,0.026960999999999999,0.00299,133685248,NA,NA,NA,NA,NA,NA,NA,NA,837856,318511,16385,4096,53bcb4b7244f10985ba78b02026020f091907c6c2bc8edcdcc9bf568fb6ba9bf,1112,0,28,8
1,23,0,0,3,0.062051168000000004,0.041036999999999997,0.009476,175071232,NA,NA,NA,NA,NA,NA,NA,NA,2034104,2240463,32773,1,ac2c95b5e7d6e8c1837c1873a4de39a4ebe4476436e3f88bac5be95b6d1b5c2c,1122,0,32,9
1,23,1,1,3,0.062136016000000002,0.043608999999999995,0.0067129999999999993,175288320,NA,NA,NA,NA,NA,NA,NA,NA,2034104,2240463,32773,1,ac2c95b5e7d6e8c1837c1873a4de39a4ebe4476436e3f88bac5be95b6d1b5c2c,1125,0,34,9
1,23,0,1,0,0.018874988000000002,0.0041099999999999999,0.0041159999999999999,55554048,NA,NA,NA,NA,NA,NA,NA,NA,2408,135,5,1,3d4d37e7dcef36139698862d60d536450dfb480779ac0676046a82e065e8af0f,1032,0,12,4
1,23,1,0,0,0.022655807,0.0038419999999999999,0.0038439999999999998,55754752,NA,NA,NA,NA,NA,NA,NA,NA,2408,135,5,1,3d4d37e7dcef36139698862d60d536450dfb480779ac0676046a82e065e8af0f,588,0,11,4
1,23,0,1,4,0.19895068200000002,0.154226,0.020109999999999999,411406336,NA,NA,NA,NA,NA,NA,NA,NA,3318496,1882629,26625,512,ff2a25ad60d39948f157d4ecadc3b1f099b61e0fa95b5446763968dcc9e0e2de,1227,0,98,22
1,23,1,0,4,0.19341866600000002,0.150563,0.02342,411656192,NA,NA,NA,NA,NA,NA,NA,NA,3318496,1882629,26625,512,ff2a25ad60d39948f157d4ecadc3b1f099b61e0fa95b5446763968dcc9e0e2de,1231,0,90,15
1,24,0,0,3,0.062338486000000005,0.033619999999999997,0.016809999999999999,174972928,NA,NA,NA,NA,NA,NA,NA,NA,2034104,2240463,32773,1,ac2c95b5e7d6e8c1837c1873a4de39a4ebe4476436e3f88bac5be95b6d1b5c2c,1120,0,32,8
1,24,1,1,3,0.062074972000000006,0.046519999999999999,0.0035789999999999997,175218688,NA,NA,NA,NA,NA,NA,NA,NA,2034104,2240463,32773,1,ac2c95b5e7d6e8c1837c1873a4de39a4ebe4476436e3f88bac5be95b6d1b5c2c,678,0,46,9
1,24,0,1,2,0.047618852000000003,0.026990999999999998,0.0033769999999999998,133550080,NA,NA,NA,NA,NA,NA,NA,NA,837856,318511,16385,4096,53bcb4b7244f10985ba78b02026020f091907c6c2bc8edcdcc9bf568fb6ba9bf,629,0,23,7
1,24,1,0,2,0.040978869000000001,0.017710999999999998,0.011816999999999999,131416064,NA,NA,NA,NA,NA,NA,NA,NA,837856,318511,16385,4096,53bcb4b7244f10985ba78b02026020f091907c6c2bc8edcdcc9bf568fb6ba9bf,618,0,21,5
1,24,0,0,0,0.018974873,0.0082810000000000002,0,55607296,NA,NA,NA,NA,NA,NA,NA,NA,2408,135,5,1,3d4d37e7dcef36139698862d60d536450dfb480779ac0676046a82e065e8af0f,584,0,12,3
1,24,1,1,0,0.019581654,0.005548,0.0027649999999999997,55873536,NA,NA,NA,NA,NA,NA,NA,NA,2408,135,5,1,3d4d37e7dcef36139698862d60d536450dfb480779ac0676046a82e065e8af0f,592,0,10,4
1,24,0,1,4,0.19441457400000001,0.15834399999999998,0.016829,411627520,NA,NA,NA,NA,NA,NA,NA,NA,3318496,1882629,26625,512,ff2a25ad60d39948f157d4ecadc3b1f099b61e0fa95b5446763968dcc9e0e2de,1270,0,91,15
1,24,1,0,4,0.20001134100000001,0.16473699999999999,0.010088,411848704,NA,NA,NA,NA,NA,NA,NA,NA,3318496,1882629,26625,512,ff2a25ad60d39948f157d4ecadc3b1f099b61e0fa95b5446763968dcc9e0e2de,779,0,64,16
1,24,0,1,1,0.057486206000000005,0.036671999999999996,0.0091690000000000001,152354816,NA,NA,NA,NA,NA,NA,NA,NA,1018592,407679,8197,1,20eb35e3894499e2f63cb7de484c538d87cee78f36bdbc9a59f2c383a0ec97fb,636,0,27,8
1,24,1,0,1,0.060483839000000005,0.036422999999999997,0.012152,154513408,NA,NA,NA,NA,NA,NA,NA,NA,1018592,407679,8197,1,20eb35e3894499e2f63cb7de484c538d87cee78f36bdbc9a59f2c383a0ec97fb,636,0,23,9
1,24,0,1,5,0.46313231200000005,0.38065499999999997,0.052479999999999999,1027657728,NA,NA,NA,NA,NA,NA,NA,NA,11457352,5690734,153602,512,403312a97a3e99fe27317c1f28b1ff252fafdd2816dd615c6a7e00126747644b,1583,0,172,28
1,24,1,0,5,0.45283830700000005,0.39532,0.036852999999999997,1028104192,NA,NA,NA,NA,NA,NA,NA,NA,11457352,5690734,153602,512,403312a97a3e99fe27317c1f28b1ff252fafdd2816dd615c6a7e00126747644b,1590,0,166,18
1,25,0,0,5,0.45290520000000001,0.388741,0.043184,1027997696,NA,NA,NA,NA,NA,NA,NA,NA,11457352,5690734,153602,512,403312a97a3e99fe27317c1f28b1ff252fafdd2816dd615c6a7e00126747644b,1139,0,58,27
1,25,1,1,5,0.46181228500000004,0.382631,0.049898999999999999,1027710976,NA,NA,NA,NA,NA,NA,NA,NA,11457352,5690734,153602,512,403312a97a3e99fe27317c1f28b1ff252fafdd2816dd615c6a7e00126747644b,1583,0,187,19
1,25,0,0,4,0.19523230800000002,0.158606,0.016877,411693056,NA,NA,NA,NA,NA,NA,NA,NA,3318496,1882629,26625,512,ff2a25ad60d39948f157d4ecadc3b1f099b61e0fa95b5446763968dcc9e0e2de,1228,0,71,12
1,25,1,1,4,0.19381508800000002,0.16125999999999999,0.013446,411684864,NA,NA,NA,NA,NA,NA,NA,NA,3318496,1882629,26625,512,ff2a25ad60d39948f157d4ecadc3b1f099b61e0fa95b5446763968dcc9e0e2de,1230,0,83,16
1,25,0,1,0,0.020533338000000002,0.004457,0.0044819999999999999,55586816,NA,NA,NA,NA,NA,NA,NA,NA,2408,135,5,1,3d4d37e7dcef36139698862d60d536450dfb480779ac0676046a82e065e8af0f,1032,0,11,4
1,25,1,0,0,0.019148739000000001,0.002777,0.0055160000000000001,55488512,NA,NA,NA,NA,NA,NA,NA,NA,2408,135,5,1,3d4d37e7dcef36139698862d60d536450dfb480779ac0676046a82e065e8af0f,1034,0,9,4
1,25,0,0,2,0.041138358,0.022872999999999998,0.0065129999999999997,131145728,NA,NA,NA,NA,NA,NA,NA,NA,837856,318511,16385,4096,53bcb4b7244f10985ba78b02026020f091907c6c2bc8edcdcc9bf568fb6ba9bf,1069,0,26,7
1,25,1,1,2,0.041500347999999999,0.023404999999999999,0.006685,133545984,NA,NA,NA,NA,NA,NA,NA,NA,837856,318511,16385,4096,53bcb4b7244f10985ba78b02026020f091907c6c2bc8edcdcc9bf568fb6ba9bf,627,0,28,7
1,25,0,1,3,0.061858345000000002,0.046668000000000001,0.0033339999999999997,175247360,NA,NA,NA,NA,NA,NA,NA,NA,2034104,2240463,32773,1,ac2c95b5e7d6e8c1837c1873a4de39a4ebe4476436e3f88bac5be95b6d1b5c2c,675,0,35,11
1,25,1,0,3,0.062786544999999999,0.040478,0.010118,174858240,NA,NA,NA,NA,NA,NA,NA,NA,2034104,2240463,32773,1,ac2c95b5e7d6e8c1837c1873a4de39a4ebe4476436e3f88bac5be95b6d1b5c2c,1120,0,45,10
1,25,0,0,1,0.060214913000000002,0.048501999999999997,0,154402816,NA,NA,NA,NA,NA,NA,NA,NA,1018592,407679,8197,1,20eb35e3894499e2f63cb7de484c538d87cee78f36bdbc9a59f2c383a0ec97fb,637,0,26,9
1,25,1,1,1,0.057952300000000005,0.046355,0,152289280,NA,NA,NA,NA,NA,NA,NA,NA,1018592,407679,8197,1,20eb35e3894499e2f63cb7de484c538d87cee78f36bdbc9a59f2c383a0ec97fb,635,0,37,7
1,26,0,0,1,0.061330806000000002,0.039535000000000001,0.0098919999999999998,154415104,NA,NA,NA,NA,NA,NA,NA,NA,1018592,407679,8197,1,20eb35e3894499e2f63cb7de484c538d87cee78f36bdbc9a59f2c383a0ec97fb,1080,0,33,10
1,26,1,1,1,0.058437370000000002,0.043594000000000001,0.0033569999999999997,152297472,NA,NA,NA,NA,NA,NA,NA,NA,1018592,407679,8197,1,20eb35e3894499e2f63cb7de484c538d87cee78f36bdbc9a59f2c383a0ec97fb,1082,0,26,10
1,26,0,1,2,0.041658975000000001,0.026213999999999998,0.003748,133459968,NA,NA,NA,NA,NA,NA,NA,NA,837856,318511,16385,4096,53bcb4b7244f10985ba78b02026020f091907c6c2bc8edcdcc9bf568fb6ba9bf,1075,0,21,7
1,26,1,0,2,0.041314348000000001,0.026752999999999999,0.003349,130957312,NA,NA,NA,NA,NA,NA,NA,NA,837856,318511,16385,4096,53bcb4b7244f10985ba78b02026020f091907c6c2bc8edcdcc9bf568fb6ba9bf,1074,0,19,8
1,26,0,0,3,0.062153038000000001,0.043454,0.006692,175013888,NA,NA,NA,NA,NA,NA,NA,NA,2034104,2240463,32773,1,ac2c95b5e7d6e8c1837c1873a4de39a4ebe4476436e3f88bac5be95b6d1b5c2c,1146,0,41,9
1,26,1,1,3,0.062182252000000007,0.046619999999999995,0.0035859999999999998,174927872,NA,NA,NA,NA,NA,NA,NA,NA,2034104,2240463,32773,1,ac2c95b5e7d6e8c1837c1873a4de39a4ebe4476436e3f88bac5be95b6d1b5c2c,1121,0,65,9
1,26,0,0,0,0.019193343000000002,0.0027159999999999997,0.0054269999999999995,55537664,NA,NA,NA,NA,NA,NA,NA,NA,2408,135,5,1,3d4d37e7dcef36139698862d60d536450dfb480779ac0676046a82e065e8af0f,582,0,12,4
1,26,1,1,0,0.019728187000000001,0.0028669999999999998,0.005705,55578624,NA,NA,NA,NA,NA,NA,NA,NA,2408,135,5,1,3d4d37e7dcef36139698862d60d536450dfb480779ac0676046a82e065e8af0f,586,0,10,4
1,26,0,0,4,0.19401284800000002,0.14773500000000001,0.026866999999999999,411836416,NA,NA,NA,NA,NA,NA,NA,NA,3318496,1882629,26625,512,ff2a25ad60d39948f157d4ecadc3b1f099b61e0fa95b5446763968dcc9e0e2de,788,0,75,24
1,26,1,1,4,0.19529074400000002,0.16574999999999998,0.010152999999999999,411725824,NA,NA,NA,NA,NA,NA,NA,NA,3318496,1882629,26625,512,ff2a25ad60d39948f157d4ecadc3b1f099b61e0fa95b5446763968dcc9e0e2de,784,0,92,16
1,26,0,1,5,0.45439492000000004,0.38752300000000001,0.046350999999999996,1028083712,NA,NA,NA,NA,NA,NA,NA,NA,11457352,5690734,153602,512,403312a97a3e99fe27317c1f28b1ff252fafdd2816dd615c6a7e00126747644b,1135,0,208,21
1,26,1,0,5,0.45307291200000005,0.39560099999999998,0.036873999999999997,1027796992,NA,NA,NA,NA,NA,NA,NA,NA,11457352,5690734,153602,512,403312a97a3e99fe27317c1f28b1ff252fafdd2816dd615c6a7e00126747644b,1583,0,244,20
1,27,0,1,3,0.065451834,0.040668999999999997,0.0093889999999999998,175345664,NA,NA,NA,NA,NA,NA,NA,NA,2034104,2240463,32773,1,ac2c95b5e7d6e8c1837c1873a4de39a4ebe4476436e3f88bac5be95b6d1b5c2c,680,0,41,11
1,27,1,0,3,0.062250710000000001,0.050296,0,175091712,NA,NA,NA,NA,NA,NA,NA,NA,2034104,2240463,32773,1,ac2c95b5e7d6e8c1837c1873a4de39a4ebe4476436e3f88bac5be95b6d1b5c2c,1120,0,19,10
1,27,0,1,4,0.19453634900000003,0.15842799999999999,0.016840000000000001,411648000,NA,NA,NA,NA,NA,NA,NA,NA,3318496,1882629,26625,512,ff2a25ad60d39948f157d4ecadc3b1f099b61e0fa95b5446763968dcc9e0e2de,1270,0,71,17
1,27,1,0,4,0.19480953200000001,0.16816,0.0067269999999999995,411619328,NA,NA,NA,NA,NA,NA,NA,NA,3318496,1882629,26625,512,ff2a25ad60d39948f157d4ecadc3b1f099b61e0fa95b5446763968dcc9e0e2de,1227,0,80,17
1,27,0,0,2,0.040954915000000001,0.020656999999999998,0.0088559999999999993,131338240,NA,NA,NA,NA,NA,NA,NA,NA,837856,318511,16385,4096,53bcb4b7244f10985ba78b02026020f091907c6c2bc8edcdcc9bf568fb6ba9bf,626,0,29,8
1,27,1,1,2,0.041168914000000001,0.023304999999999999,0.0066549999999999995,133128192,NA,NA,NA,NA,NA,NA,NA,NA,837856,318511,16385,4096,53bcb4b7244f10985ba78b02026020f091907c6c2bc8edcdcc9bf568fb6ba9bf,1067,0,26,6
1,27,0,1,0,0.019047380000000003,0.0056909999999999999,0.0028479999999999998,55484416,NA,NA,NA,NA,NA,NA,NA,NA,2408,135,5,1,3d4d37e7dcef36139698862d60d536450dfb480779ac0676046a82e065e8af0f,1061,0,10,4
1,27,1,0,0,0.019289154000000003,0.004261,0.004248,55320576,NA,NA,NA,NA,NA,NA,NA,NA,2408,135,5,1,3d4d37e7dcef36139698862d60d536450dfb480779ac0676046a82e065e8af0f,1025,0,11,4
1,27,0,1,1,0.057906893000000001,0.046210000000000001,0,152686592,NA,NA,NA,NA,NA,NA,NA,NA,1018592,407679,8197,1,20eb35e3894499e2f63cb7de484c538d87cee78f36bdbc9a59f2c383a0ec97fb,640,0,21,9
1,27,1,0,1,0.061435101000000006,0.043439999999999999,0.0061960000000000001,154337280,NA,NA,NA,NA,NA,NA,NA,NA,1018592,407679,8197,1,20eb35e3894499e2f63cb7de484c538d87cee78f36bdbc9a59f2c383a0ec97fb,1081,0,51,8
1,27,0,0,5,0.46169241400000005,0.37944099999999997,0.053252000000000001,1027657728,NA,NA,NA,NA,NA,NA,NA,NA,11457352,5690734,153602,512,403312a97a3e99fe27317c1f28b1ff252fafdd2816dd615c6a7e00126747644b,1582,0,196,30
1,27,1,1,5,0.45337504700000003,0.389459,0.043253,1027821568,NA,NA,NA,NA,NA,NA,NA,NA,11457352,5690734,153602,512,403312a97a3e99fe27317c1f28b1ff252fafdd2816dd615c6a7e00126747644b,1583,0,228,20
1,28,0,0,3,0.072860546999999998,0.037948999999999997,0.012655999999999999,175271936,NA,NA,NA,NA,NA,NA,NA,NA,2034104,2240463,32773,1,ac2c95b5e7d6e8c1837c1873a4de39a4ebe4476436e3f88bac5be95b6d1b5c2c,1125,0,49,10
1,28,1,1,3,0.061675741000000006,0.040085999999999997,0.010029,174981120,NA,NA,NA,NA,NA,NA,NA,NA,2034104,2240463,32773,1,ac2c95b5e7d6e8c1837c1873a4de39a4ebe4476436e3f88bac5be95b6d1b5c2c,1122,0,53,8
1,28,0,0,5,0.45039292200000003,0.38296599999999997,0.046643999999999998,1027817472,NA,NA,NA,NA,NA,NA,NA,NA,11457352,5690734,153602,512,403312a97a3e99fe27317c1f28b1ff252fafdd2816dd615c6a7e00126747644b,1581,0,111,18
1,28,1,1,5,0.45522793800000005,0.39039299999999999,0.043343,1027919872,NA,NA,NA,NA,NA,NA,NA,NA,11457352,5690734,153602,512,403312a97a3e99fe27317c1f28b1ff252fafdd2816dd615c6a7e00126747644b,1586,0,321,24
1,28,0,1,1,0.058319649000000001,0.040362999999999996,0.0062129999999999998,152195072,NA,NA,NA,NA,NA,NA,NA,NA,1018592,407679,8197,1,20eb35e3894499e2f63cb7de484c538d87cee78f36bdbc9a59f2c383a0ec97fb,1081,0,27,9
1,28,1,0,1,0.060129722000000004,0.035706999999999996,0.012985999999999999,154316800,NA,NA,NA,NA,NA,NA,NA,NA,1018592,407679,8197,1,20eb35e3894499e2f63cb7de484c538d87cee78f36bdbc9a59f2c383a0ec97fb,1079,0,26,9
1,28,0,0,2,0.041036808000000001,0.020871999999999998,0.0089420000000000003,131141632,NA,NA,NA,NA,NA,NA,NA,NA,837856,318511,16385,4096,53bcb4b7244f10985ba78b02026020f091907c6c2bc8edcdcc9bf568fb6ba9bf,1067,0,21,8
1,28,1,1,2,0.041316040000000005,0.023355999999999998,0.006659,133300224,NA,NA,NA,NA,NA,NA,NA,NA,837856,318511,16385,4096,53bcb4b7244f10985ba78b02026020f091907c6c2bc8edcdcc9bf568fb6ba9bf,1072,0,26,8
1,28,0,1,0,0.019600708000000001,0.0085719999999999998,0,55451648,NA,NA,NA,NA,NA,NA,NA,NA,2408,135,5,1,3d4d37e7dcef36139698862d60d536450dfb480779ac0676046a82e065e8af0f,1030,0,10,4
1,28,1,0,0,0.018820624000000001,0.0054289999999999998,0.0027179999999999999,55599104,NA,NA,NA,NA,NA,NA,NA,NA,2408,135,5,1,3d4d37e7dcef36139698862d60d536450dfb480779ac0676046a82e065e8af0f,582,0,12,5
1,28,0,0,4,0.193304748,0.15398000000000001,0.020067999999999999,412131328,NA,NA,NA,NA,NA,NA,NA,NA,3318496,1882629,26625,512,ff2a25ad60d39948f157d4ecadc3b1f099b61e0fa95b5446763968dcc9e0e2de,788,0,80,20
1,28,1,1,4,0.19542115900000001,0.15568499999999999,0.019882,411570176,NA,NA,NA,NA,NA,NA,NA,NA,3318496,1882629,26625,512,ff2a25ad60d39948f157d4ecadc3b1f099b61e0fa95b5446763968dcc9e0e2de,1226,0,63,17
1,29,0,1,4,0.18689054900000002,0.151807,0.023623999999999999,411934720,NA,NA,NA,NA,NA,NA,NA,NA,3318496,1882629,26625,512,ff2a25ad60d39948f157d4ecadc3b1f099b61e0fa95b5446763968dcc9e0e2de,786,0,109,18
1,29,1,0,4,0.193277005,0.15451399999999998,0.019705999999999998,411844608,NA,NA,NA,NA,NA,NA,NA,NA,3318496,1882629,26625,512,ff2a25ad60d39948f157d4ecadc3b1f099b61e0fa95b5446763968dcc9e0e2de,1231,0,109,17
1,29,0,0,0,0.018801819000000001,0.0040949999999999997,0.0041209999999999997,55500800,NA,NA,NA,NA,NA,NA,NA,NA,2408,135,5,1,3d4d37e7dcef36139698862d60d536450dfb480779ac0676046a82e065e8af0f,1061,0,12,3
1,29,1,1,0,0.018663199000000002,0.0053600000000000002,0.0026839999999999998,55345152,NA,NA,NA,NA,NA,NA,NA,NA,2408,135,5,1,3d4d37e7dcef36139698862d60d536450dfb480779ac0676046a82e065e8af0f,1029,0,11,3
1,29,0,0,1,0.059859364000000005,0.048250000000000001,0,154566656,NA,NA,NA,NA,NA,NA,NA,NA,1018592,407679,8197,1,20eb35e3894499e2f63cb7de484c538d87cee78f36bdbc9a59f2c383a0ec97fb,638,0,21,10
1,29,1,1,1,0.058034955000000006,0.04011,0.0061709999999999994,152178688,NA,NA,NA,NA,NA,NA,NA,NA,1018592,407679,8197,1,20eb35e3894499e2f63cb7de484c538d87cee78f36bdbc9a59f2c383a0ec97fb,1079,0,47,9
1,29,0,1,2,0.041301323000000001,0.020933,0.0089800000000000001,133722112,NA,NA,NA,NA,NA,NA,NA,NA,837856,318511,16385,4096,53bcb4b7244f10985ba78b02026020f091907c6c2bc8edcdcc9bf568fb6ba9bf,631,0,23,8
1,29,1,0,2,0.041135883000000005,0.020971999999999998,0.0089889999999999987,131121152,NA,NA,NA,NA,NA,NA,NA,NA,837856,318511,16385,4096,53bcb4b7244f10985ba78b02026020f091907c6c2bc8edcdcc9bf568fb6ba9bf,1067,0,28,5
1,29,0,1,5,0.46154310900000001,0.38547599999999999,0.050293999999999998,1027989504,NA,NA,NA,NA,NA,NA,NA,NA,11457352,5690734,153602,512,403312a97a3e99fe27317c1f28b1ff252fafdd2816dd615c6a7e00126747644b,1590,0,281,24
1,29,1,0,5,0.46055771200000001,0.37434299999999998,0.056294999999999998,1027862528,NA,NA,NA,NA,NA,NA,NA,NA,11457352,5690734,153602,512,403312a97a3e99fe27317c1f28b1ff252fafdd2816dd615c6a7e00126747644b,1589,0,202,30
1,29,0,1,3,0.06580126800000001,0.043417999999999998,0.006685,175517696,NA,NA,NA,NA,NA,NA,NA,NA,2034104,2240463,32773,1,ac2c95b5e7d6e8c1837c1873a4de39a4ebe4476436e3f88bac5be95b6d1b5c2c,675,0,67,8
1,29,1,0,3,0.062647824000000005,0.040820999999999996,0.010211,174977024,NA,NA,NA,NA,NA,NA,NA,NA,2034104,2240463,32773,1,ac2c95b5e7d6e8c1837c1873a4de39a4ebe4476436e3f88bac5be95b6d1b5c2c,1119,0,34,9
1,30,0,1,3,0.061791868000000007,0.046870999999999996,0.003349,174977024,NA,NA,NA,NA,NA,NA,NA,NA,2034104,2240463,32773,1,ac2c95b5e7d6e8c1837c1873a4de39a4ebe4476436e3f88bac5be95b6d1b5c2c,1119,0,56,8
1,30,1,0,3,0.062400943000000007,0.033666999999999996,0.016829,175067136,NA,NA,NA,NA,NA,NA,NA,NA,2034104,2240463,32773,1,ac2c95b5e7d6e8c1837c1873a4de39a4ebe4476436e3f88bac5be95b6d1b5c2c,1121,0,51,9
1,30,0,1,0,0.018995462000000001,0.0041779999999999994,0.0041869999999999997,55349248,NA,NA,NA,NA,NA,NA,NA,NA,2408,135,5,1,3d4d37e7dcef36139698862d60d536450dfb480779ac0676046a82e065e8af0f,1029,0,12,4
1,30,1,0,0,0.018490415,0.0078399999999999997,0,55332864,NA,NA,NA,NA,NA,NA,NA,NA,2408,135,5,1,3d4d37e7dcef36139698862d60d536450dfb480779ac0676046a82e065e8af0f,576,0,12,5
1,30,0,1,2,0.040672554,0.026246999999999999,0.0032729999999999999,133222400,NA,NA,NA,NA,NA,NA,NA,NA,837856,318511,16385,4096,53bcb4b7244f10985ba78b02026020f091907c6c2bc8edcdcc9bf568fb6ba9bf,1071,0,29,8
1,30,1,0,2,0.040900301,0.023890999999999999,0.0059699999999999996,131190784,NA,NA,NA,NA,NA,NA,NA,NA,837856,318511,16385,4096,53bcb4b7244f10985ba78b02026020f091907c6c2bc8edcdcc9bf568fb6ba9bf,1078,0,25,7
1,30,0,1,5,0.45305989800000002,0.38209399999999999,0.049842999999999998,1028022272,NA,NA,NA,NA,NA,NA,NA,NA,11457352,5690734,153602,512,403312a97a3e99fe27317c1f28b1ff252fafdd2816dd615c6a7e00126747644b,1588,0,208,33
1,30,1,0,5,0.46228290600000005,0.38567099999999999,0.046559999999999997,1027715072,NA,NA,NA,NA,NA,NA,NA,NA,11457352,5690734,153602,512,403312a97a3e99fe27317c1f28b1ff252fafdd2816dd615c6a7e00126747644b,1581,0,297,17
1,30,0,0,4,0.19407453800000002,0.154893,0.019781999999999998,411508736,NA,NA,NA,NA,NA,NA,NA,NA,3318496,1882629,26625,512,ff2a25ad60d39948f157d4ecadc3b1f099b61e0fa95b5446763968dcc9e0e2de,1227,0,112,12
1,30,1,1,4,0.194710252,0.14587899999999998,0.029186,411713536,NA,NA,NA,NA,NA,NA,NA,NA,3318496,1882629,26625,512,ff2a25ad60d39948f157d4ecadc3b1f099b61e0fa95b5446763968dcc9e0e2de,1230,0,86,21
1,30,0,1,1,0.058718666000000003,0.040648999999999998,0.0062509999999999996,152551424,NA,NA,NA,NA,NA,NA,NA,NA,1018592,407679,8197,1,20eb35e3894499e2f63cb7de484c538d87cee78f36bdbc9a59f2c383a0ec97fb,639,0,23,9
1,30,1,0,1,0.061371821000000007,0.043008999999999999,0.0066179999999999998,154566656,NA,NA,NA,NA,NA,NA,NA,NA,1018592,407679,8197,1,20eb35e3894499e2f63cb7de484c538d87cee78f36bdbc9a59f2c383a0ec97fb,1085,0,39,9
1,31,0,0,3,0.062213189000000002,0.037832999999999999,0.012605,175230976,NA,NA,NA,NA,NA,NA,NA,NA,2034104,2240463,32773,1,ac2c95b5e7d6e8c1837c1873a4de39a4ebe4476436e3f88bac5be95b6d1b5c2c,1122,0,34,9
1,31,1,1,3,0.061666313,0.046289999999999998,0.0035609999999999999,175181824,NA,NA,NA,NA,NA,NA,NA,NA,2034104,2240463,32773,1,ac2c95b5e7d6e8c1837c1873a4de39a4ebe4476436e3f88bac5be95b6d1b5c2c,674,0,52,8
1,31,0,0,0,0.018769588,0.0080479999999999996,0,55549952,NA,NA,NA,NA,NA,NA,NA,NA,2408,135,5,1,3d4d37e7dcef36139698862d60d536450dfb480779ac0676046a82e065e8af0f,585,0,11,4
1,31,1,1,0,0.018567981000000001,0.0052919999999999998,0.00265,55361536,NA,NA,NA,NA,NA,NA,NA,NA,2408,135,5,1,3d4d37e7dcef36139698862d60d536450dfb480779ac0676046a82e065e8af0f,1031,0,12,4
1,31,0,0,2,0.040436712,0.022789,0.0065129999999999997,131178496,NA,NA,NA,NA,NA,NA,NA,NA,837856,318511,16385,4096,53bcb4b7244f10985ba78b02026020f091907c6c2bc8edcdcc9bf568fb6ba9bf,1070,0,30,5
1,31,1,1,2,0.041092101000000006,0.026925999999999999,0.0029939999999999997,133509120,NA,NA,NA,NA,NA,NA,NA,NA,837856,318511,16385,4096,53bcb4b7244f10985ba78b02026020f091907c6c2bc8edcdcc9bf568fb6ba9bf,629,0,29,7
1,31,0,0,1,0.060280274000000002,0.041527999999999995,0.006927,154320896,NA,NA,NA,NA,NA,NA,NA,NA,1018592,407679,8197,1,20eb35e3894499e2f63cb7de484c538d87cee78f36bdbc9a59f2c383a0ec97fb,1079,0,39,10
1,31,1,1,1,0.057555644000000003,0.039337999999999998,0.0065579999999999996,152158208,NA,NA,NA,NA,NA,NA,NA,NA,1018592,407679,8197,1,20eb35e3894499e2f63cb7de484c538d87cee78f36bdbc9a59f2c383a0ec97fb,1082,0,25,9
1,31,0,1,4,0.194911209,0.14291399999999999,0.032487999999999996,411566080,NA,NA,NA,NA,NA,NA,NA,NA,3318496,1882629,26625,512,ff2a25ad60d39948f157d4ecadc3b1f099b61e0fa95b5446763968dcc9e0e2de,1228,0,100,15
1,31,1,0,4,0.19419978300000001,0.155613,0.019462,411545600,NA,NA,NA,NA,NA,NA,NA,NA,3318496,1882629,26625,512,ff2a25ad60d39948f157d4ecadc3b1f099b61e0fa95b5446763968dcc9e0e2de,1227,0,100,15
1,31,0,0,5,0.46099901300000001,0.36489199999999999,0.06633,1027825664,NA,NA,NA,NA,NA,NA,NA,NA,11457352,5690734,153602,512,403312a97a3e99fe27317c1f28b1ff252fafdd2816dd615c6a7e00126747644b,1581,0,190,21
1,31,1,1,5,0.46286708800000004,0.39377199999999996,0.040400999999999999,1028042752,NA,NA,NA,NA,NA,NA,NA,NA,11457352,5690734,153602,512,403312a97a3e99fe27317c1f28b1ff252fafdd2816dd615c6a7e00126747644b,1588,0,288,18
1,32,0,1,1,0.058494545000000002,0.036788000000000001,0.010036999999999999,152096768,NA,NA,NA,NA,NA,NA,NA,NA,1018592,407679,8197,1,20eb35e3894499e2f63cb7de484c538d87cee78f36bdbc9a59f2c383a0ec97fb,1078,0,20,8
1,32,1,0,1,0.060154599000000003,0.038753999999999997,0.0096939999999999995,154263552,NA,NA,NA,NA,NA,NA,NA,NA,1018592,407679,8197,1,20eb35e3894499e2f63cb7de484c538d87cee78f36bdbc9a59f2c383a0ec97fb,1109,0,31,9
1,32,0,0,5,0.46318350900000005,0.390625,0.039738999999999997,1027665920,NA,NA,NA,NA,NA,NA,NA,NA,11457352,5690734,153602,512,403312a97a3e99fe27317c1f28b1ff252fafdd2816dd615c6a7e00126747644b,1583,0,80,21
1,32,1,1,5,0.46300818900000001,0.39454400000000001,0.047201,1027747840,NA,NA,NA,NA,NA,NA,NA,NA,11457352,5690734,153602,512,403312a97a3e99fe27317c1f28b1ff252fafdd2816dd615c6a7e00126747644b,1584,0,230,14
1,32,0,0,3,0.07230874100000001,0.038009999999999995,0.012659,174931968,NA,NA,NA,NA,NA,NA,NA,NA,2034104,2240463,32773,1,ac2c95b5e7d6e8c1837c1873a4de39a4ebe4476436e3f88bac5be95b6d1b5c2c,1120,0,27,7
1,32,1,1,3,0.071449359000000004,0.042549999999999998,0.0070959999999999999,174972928,NA,NA,NA,NA,NA,NA,NA,NA,2034104,2240463,32773,1,ac2c95b5e7d6e8c1837c1873a4de39a4ebe4476436e3f88bac5be95b6d1b5c2c,1119,0,43,10
1,32,0,0,4,0.20992774700000003,0.16134399999999999,0.013163999999999999,411729920,NA,NA,NA,NA,NA,NA,NA,NA,3318496,1882629,26625,512,ff2a25ad60d39948f157d4ecadc3b1f099b61e0fa95b5446763968dcc9e0e2de,1232,0,83,18
1,32,1,1,4,0.200840457,0.15312599999999998,0.022799999999999997,411553792,NA,NA,NA,NA,NA,NA,NA,NA,3318496,1882629,26625,512,ff2a25ad60d39948f157d4ecadc3b1f099b61e0fa95b5446763968dcc9e0e2de,1228,0,64,17
1,32,0,1,0,0.022364821,0.0054319999999999993,0.0027209999999999999,55226368,NA,NA,NA,NA,NA,NA,NA,NA,2408,135,5,1,3d4d37e7dcef36139698862d60d536450dfb480779ac0676046a82e065e8af0f,1025,0,10,4
1,32,1,0,0,0.019383910000000001,0.0041570000000000001,0.0041570000000000001,55201792,NA,NA,NA,NA,NA,NA,NA,NA,2408,135,5,1,3d4d37e7dcef36139698862d60d536450dfb480779ac0676046a82e065e8af0f,1024,0,11,3
1,32,0,0,2,0.040944302000000002,0.023637999999999999,0.0058950000000000001,131031040,NA,NA,NA,NA,NA,NA,NA,NA,837856,318511,16385,4096,53bcb4b7244f10985ba78b02026020f091907c6c2bc8edcdcc9bf568fb6ba9bf,1066,0,23,7
1,32,1,1,2,0.041369301000000004,0.020072,0.010019999999999999,133292032,NA,NA,NA,NA,NA,NA,NA,NA,837856,318511,16385,4096,53bcb4b7244f10985ba78b02026020f091907c6c2bc8edcdcc9bf568fb6ba9bf,1071,0,27,6
1,33,0,1,2,0.041731549999999999,0.023602999999999999,0.0067349999999999997,133099520,NA,NA,NA,NA,NA,NA,NA,NA,837856,318511,16385,4096,53bcb4b7244f10985ba78b02026020f091907c6c2bc8edcdcc9bf568fb6ba9bf,1069,0,28,7
1,33,1,0,2,0.041046614000000002,0.022357999999999999,0.0074570000000000001,131031040,NA,NA,NA,NA,NA,NA,NA,NA,837856,318511,16385,4096,53bcb4b7244f10985ba78b02026020f091907c6c2bc8edcdcc9bf568fb6ba9bf,1068,0,18,6
1,33,0,1,4,0.19460892000000002,0.16858099999999998,0.0067429999999999999,411783168,NA,NA,NA,NA,NA,NA,NA,NA,3318496,1882629,26625,512,ff2a25ad60d39948f157d4ecadc3b1f099b61e0fa95b5446763968dcc9e0e2de,788,0,89,25
1,33,1,0,4,0.19405066300000001,0.16131899999999999,0.013437999999999999,411750400,NA,NA,NA,NA,NA,NA,NA,NA,3318496,1882629,26625,512,ff2a25ad60d39948f157d4ecadc3b1f099b61e0fa95b5446763968dcc9e0e2de,1230,0,81,14
1,33,0,0,0,0.019903565000000002,0.0087399999999999995,0,55279616,NA,NA,NA,NA,NA,NA,NA,NA,2408,135,5,1,3d4d37e7dcef36139698862d60d536450dfb480779ac0676046a82e065e8af0f,1026,0,9,3
1,33,1,1,0,0.019146706000000003,0.0055459999999999997,0.0027889999999999998,55357440,NA,NA,NA,NA,NA,NA,NA,NA,2408,135,5,1,3d4d37e7dcef36139698862d60d536450dfb480779ac0676046a82e065e8af0f,1028,0,9,4
1,33,0,1,5,0.46432413600000005,0.38501299999999999,0.046884999999999996,1028083712,NA,NA,NA,NA,NA,NA,NA,NA,11457352,5690734,153602,512,403312a97a3e99fe27317c1f28b1ff252fafdd2816dd615c6a7e00126747644b,1591,0,176,22
1,33,1,0,5,0.45202555000000005,0.38186999999999999,0.049375999999999996,1027997696,NA,NA,NA,NA,NA,NA,NA,NA,11457352,5690734,153602,512,403312a97a3e99fe27317c1f28b1ff252fafdd2816dd615c6a7e00126747644b,1141,0,199,14
1,33,0,1,3,0.063180802000000008,0.047486,0.0033889999999999997,175136768,NA,NA,NA,NA,NA,NA,NA,NA,2034104,2240463,32773,1,ac2c95b5e7d6e8c1837c1873a4de39a4ebe4476436e3f88bac5be95b6d1b5c2c,1121,0,41,10
1,33,1,0,3,0.062225602000000005,0.040390999999999996,0.010100999999999999,175140864,NA,NA,NA,NA,NA,NA,NA,NA,2034104,2240463,32773,1,ac2c95b5e7d6e8c1837c1873a4de39a4ebe4476436e3f88bac5be95b6d1b5c2c,1123,0,35,8
1,33,0,0,1,0.061377851000000004,0.036322,0.0132,154439680,NA,NA,NA,NA,NA,NA,NA,NA,1018592,407679,8197,1,20eb35e3894499e2f63cb7de484c538d87cee78f36bdbc9a59f2c383a0ec97fb,1081,0,24,10
1,33,1,1,1,0.057782769000000005,0.042629,0.0035559999999999997,152506368,NA,NA,NA,NA,NA,NA,NA,NA,1018592,407679,8197,1,20eb35e3894499e2f63cb7de484c538d87cee78f36bdbc9a59f2c383a0ec97fb,1087,0,18,10
1,34,0,0,0,0.019268845,0.0043099999999999996,0.0043140000000000001,55554048,NA,NA,NA,NA,NA,NA,NA,NA,2408,135,5,1,3d4d37e7dcef36139698862d60d536450dfb480779ac0676046a82e065e8af0f,1032,0,11,4
1,34,1,1,0,0.019164860000000002,0.0027749999999999997,0.0055369999999999994,55091200,NA,NA,NA,NA,NA,NA,NA,NA,2408,135,5,1,3d4d37e7dcef36139698862d60d536450dfb480779ac0676046a82e065e8af0f,1027,0,9,4
1,34,0,0,3,0.061609235000000005,0.042694999999999997,0.0071199999999999996,175202304,NA,NA,NA,NA,NA,NA,NA,NA,2034104,2240463,32773,1,ac2c95b5e7d6e8c1837c1873a4de39a4ebe4476436e3f88bac5be95b6d1b5c2c,1121,0,55,9
1,34,1,1,3,0.061910340000000001,0.037544999999999995,0.012523999999999999,175362048,NA,NA,NA,NA,NA,NA,NA,NA,2034104,2240463,32773,1,ac2c95b5e7d6e8c1837c1873a4de39a4ebe4476436e3f88bac5be95b6d1b5c2c,680,0,68,10
1,34,0,0,1,0.069282705,0.043191,0.0066339999999999993,154320896,NA,NA,NA,NA,NA,NA,NA,NA,1018592,407679,8197,1,20eb35e3894499e2f63cb7de484c538d87cee78f36bdbc9a59f2c383a0ec97fb,1082,0,45,11
1,34,1,1,1,0.058523670000000007,0.040096,0.0066869999999999994,152412160,NA,NA,NA,NA,NA,NA,NA,NA,1018592,407679,8197,1,20eb35e3894499e2f63cb7de484c538d87cee78f36bdbc9a59f2c383a0ec97fb,1084,0,17,9
1,34,0,0,5,0.46087863200000001,0.38059099999999996,0.050072999999999999,1027735552,NA,NA,NA,NA,NA,NA,NA,NA,11457352,5690734,153602,512,403312a97a3e99fe27317c1f28b1ff252fafdd2816dd615c6a7e00126747644b,1582,0,115,30
1,34,1,1,5,0.46404822500000004,0.36461399999999999,0.069623999999999991,1027981312,NA,NA,NA,NA,NA,NA,NA,NA,11457352,5690734,153602,512,403312a97a3e99fe27317c1f28b1ff252fafdd2816dd615c6a7e00126747644b,1140,0,319,15
1,34,0,0,2,0.040830879,0.026050999999999998,0.0037189999999999996,131420160,NA,NA,NA,NA,NA,NA,NA,NA,837856,318511,16385,4096,53bcb4b7244f10985ba78b02026020f091907c6c2bc8edcdcc9bf568fb6ba9bf,624,0,30,6
1,34,1,1,2,0.041153103000000003,0.026723,0.0033339999999999997,133275648,NA,NA,NA,NA,NA,NA,NA,NA,837856,318511,16385,4096,53bcb4b7244f10985ba78b02026020f091907c6c2bc8edcdcc9bf568fb6ba9bf,1073,0,35,7
1,34,0,1,4,0.19541899700000001,0.159028,0.016563999999999999,411693056,NA,NA,NA,NA,NA,NA,NA,NA,3318496,1882629,26625,512,ff2a25ad60d39948f157d4ecadc3b1f099b61e0fa95b5446763968dcc9e0e2de,1246,0,47,19
1,34,1,0,4,0.19330933,0.15377299999999999,0.020062999999999998,411545600,NA,NA,NA,NA,NA,NA,NA,NA,3318496,1882629,26625,512,ff2a25ad60d39948f157d4ecadc3b1f099b61e0fa95b5446763968dcc9e0e2de,1228,0,89,16
1,35,0,1,5,0.46272251700000006,0.37351699999999999,0.060026999999999997,1027911680,NA,NA,NA,NA,NA,NA,NA,NA,11457352,5690734,153602,512,403312a97a3e99fe27317c1f28b1ff252fafdd2816dd615c6a7e00126747644b,1587,0,144,16
1,35,1,0,5,0.45308421100000001,0.38873099999999999,0.043196999999999999,1027989504,NA,NA,NA,NA,NA,NA,NA,NA,11457352,5690734,153602,512,403312a97a3e99fe27317c1f28b1ff252fafdd2816dd615c6a7e00126747644b,1589,0,288,37
1,35,0,1,0,0.019991661000000001,0.0029969999999999997,0.0059719999999999999,55324672,NA,NA,NA,NA,NA,NA,NA,NA,2408,135,5,1,3d4d37e7dcef36139698862d60d536450dfb480779ac0676046a82e065e8af0f,1056,0,10,3
1,35,1,0,0,0.018962130000000001,0.0080649999999999993,0,55566336,NA,NA,NA,NA,NA,NA,NA,NA,2408,135,5,1,3d4d37e7dcef36139698862d60d536450dfb480779ac0676046a82e065e8af0f,585,0,9,4
1,35,0,1,2,0.041345132999999999,0.026054999999999998,0.003722,133373952,NA,NA,NA,NA,NA,NA,NA,NA,837856,318511,16385,4096,53bcb4b7244f10985ba78b02026020f091907c6c2bc8edcdcc9bf568fb6ba9bf,1087,0,25,6
1,35,1,0,2,0.041126623000000001,0.026116999999999998,0.0037289999999999997,131031040,NA,NA,NA,NA,NA,NA,NA,NA,837856,318511,16385,4096,53bcb4b7244f10985ba78b02026020f091907c6c2bc8edcdcc9bf568fb6ba9bf,1068,0,28,6
1,35,0,0,4,0.19947643600000001,0.15846299999999999,0.016504999999999999,411406336,NA,NA,NA,NA,NA,NA,NA,NA,3318496,1882629,26625,512,ff2a25ad60d39948f157d4ecadc3b1f099b61e0fa95b5446763968dcc9e0e2de,1227,0,94,16
1,35,1,1,4,0.19466974000000001,0.15832399999999999,0.01685,411488256,NA,NA,NA,NA,NA,NA,NA,NA,3318496,1882629,26625,512,ff2a25ad60d39948f157d4ecadc3b1f099b61e0fa95b5446763968dcc9e0e2de,1226,0,57,13
1,35,0,1,3,0.061576945000000001,0.049485000000000001,0,175157248,NA,NA,NA,NA,NA,NA,NA,NA,2034104,2240463,32773,1,ac2c95b5e7d6e8c1837c1873a4de39a4ebe4476436e3f88bac5be95b6d1b5c2c,669,0,47,7
1,35,1,0,3,0.06261575300000001,0.041104999999999996,0.0094929999999999997,175054848,NA,NA,NA,NA,NA,NA,NA,NA,2034104,2240463,32773,1,ac2c95b5e7d6e8c1837c1873a4de39a4ebe4476436e3f88bac5be95b6d1b5c2c,1144,0,59,11
1,35,0,1,1,0.057732363000000002,0.032846,0.013127999999999999,152231936,NA,NA,NA,NA,NA,NA,NA,NA,1018592,407679,8197,1,20eb35e3894499e2f63cb7de484c538d87cee78f36bdbc9a59f2c383a0ec97fb,1080,0,21,8
1,35,1,0,1,0.060235058000000001,0.035720000000000002,0.012959999999999999,154853376,NA,NA,NA,NA,NA,NA,NA,NA,1018592,407679,8197,1,20eb35e3894499e2f63cb7de484c538d87cee78f36bdbc9a59f2c383a0ec97fb,641,0,25,9
1,36,0,1,4,0.19425129600000002,0.14172999999999999,0.032966999999999996,411602944,NA,NA,NA,NA,NA,NA,NA,NA,3318496,1882629,26625,512,ff2a25ad60d39948f157d4ecadc3b1f099b61e0fa95b5446763968dcc9e0e2de,1229,0,108,15
1,36,1,0,4,0.193973065,0.15108099999999999,0.023511999999999998,411713536,NA,NA,NA,NA,NA,NA,NA,NA,3318496,1882629,26625,512,ff2a25ad60d39948f157d4ecadc3b1f099b61e0fa95b5446763968dcc9e0e2de,1230,0,69,13
1,36,0,0,2,0.041262378000000002,0.026539,0.003323,131334144,NA,NA,NA,NA,NA,NA,NA,NA,837856,318511,16385,4096,53bcb4b7244f10985ba78b02026020f091907c6c2bc8edcdcc9bf568fb6ba9bf,626,0,28,6
1,36,1,1,2,0.041526884,0.016729999999999998,0.013394,133320704,NA,NA,NA,NA,NA,NA,NA,NA,837856,318511,16385,4096,53bcb4b7244f10985ba78b02026020f091907c6c2bc8edcdcc9bf568fb6ba9bf,1070,0,27,7
1,36,0,0,3,0.063006544999999997,0.040808999999999998,0.010211,174927872,NA,NA,NA,NA,NA,NA,NA,NA,2034104,2240463,32773,1,ac2c95b5e7d6e8c1837c1873a4de39a4ebe4476436e3f88bac5be95b6d1b5c2c,1119,0,44,10
1,36,1,1,3,0.061777970000000001,0.036594999999999996,0.013302999999999999,175288320,NA,NA,NA,NA,NA,NA,NA,NA,2034104,2240463,32773,1,ac2c95b5e7d6e8c1837c1873a4de39a4ebe4476436e3f88bac5be95b6d1b5c2c,671,0,42,9
1,36,0,1,5,0.46375856800000004,0.39408699999999997,0.040091000000000002,1027731456,NA,NA,NA,NA,NA,NA,NA,NA,11457352,5690734,153602,512,403312a97a3e99fe27317c1f28b1ff252fafdd2816dd615c6a7e00126747644b,1585,0,152,34
1,36,1,0,5,0.46111122200000004,0.39111199999999996,0.043464999999999997,1027723264,NA,NA,NA,NA,NA,NA,NA,NA,11457352,5690734,153602,512,403312a97a3e99fe27317c1f28b1ff252fafdd2816dd615c6a7e00126747644b,1582,0,178,15
1,36,0,0,1,0.060446093000000006,0.045387999999999998,0.003238,154202112,NA,NA,NA,NA,NA,NA,NA,NA,1018592,407679,8197,1,20eb35e3894499e2f63cb7de484c538d87cee78f36bdbc9a59f2c383a0ec97fb,1078,0,20,7
1,36,1,1,1,0.058283548000000004,0.039730000000000001,0.0066259999999999999,152346624,NA,NA,NA,NA,NA,NA,NA,NA,1018592,407679,8197,1,20eb35e3894499e2f63cb7de484c538d87cee78f36bdbc9a59f2c383a0ec97fb,637,0,30,12
1,36,0,0,0,0.019944392000000002,0.0042360000000000002,0.0042360000000000002,55164928,NA,NA,NA,NA,NA,NA,NA,NA,2408,135,5,1,3d4d37e7dcef36139698862d60d536450dfb480779ac0676046a82e065e8af0f,1026,0,10,6
1,36,1,1,0,0.019957986,0.0042569999999999995,0.0042509999999999996,55271424,NA,NA,NA,NA,NA,NA,NA,NA,2408,135,5,1,3d4d37e7dcef36139698862d60d536450dfb480779ac0676046a82e065e8af0f,1027,0,10,5
1,37,0,1,1,0.058294068000000004,0.037149999999999996,0.0092610000000000001,152313856,NA,NA,NA,NA,NA,NA,NA,NA,1018592,407679,8197,1,20eb35e3894499e2f63cb7de484c538d87cee78f36bdbc9a59f2c383a0ec97fb,1084,0,26,9
1,37,1,0,1,0.060261606000000002,0.048563999999999996,0,154550272,NA,NA,NA,NA,NA,NA,NA,NA,1018592,407679,8197,1,20eb35e3894499e2f63cb7de484c538d87cee78f36bdbc9a59f2c383a0ec97fb,1085,0,20,11
1,37,0,1,0,0.019874090000000001,0.0028739999999999998,0.0057520000000000002,55291904,NA,NA,NA,NA,NA,NA,NA,NA,2408,135,5,1,3d4d37e7dcef36139698862d60d536450dfb480779ac0676046a82e065e8af0f,1028,0,11,4
1,37,1,0,0,0.019763682000000001,0.0055209999999999999,0.002764,55369728,NA,NA,NA,NA,NA,NA,NA,NA,2408,135,5,1,3d4d37e7dcef36139698862d60d536450dfb480779ac0676046a82e065e8af0f,1025,0,10,4
1,37,0,0,4,0.193172021,0.137457,0.036006999999999997,411824128,NA,NA,NA,NA,NA,NA,NA,NA,3318496,1882629,26625,512,ff2a25ad60d39948f157d4ecadc3b1f099b61e0fa95b5446763968dcc9e0e2de,786,0,98,17
1,37,1,1,4,0.19682096300000002,0.157418,0.019681999999999998,411648000,NA,NA,NA,NA,NA,NA,NA,NA,3318496,1882629,26625,512,ff2a25ad60d39948f157d4ecadc3b1f099b61e0fa95b5446763968dcc9e0e2de,1229,0,110,14
1,37,0,0,5,0.45292116100000002,0.40188599999999997,0.03015,1027735552,NA,NA,NA,NA,NA,NA,NA,NA,11457352,5690734,153602,512,403312a97a3e99fe27317c1f28b1ff252fafdd2816dd615c6a7e00126747644b,1580,0,234,18
1,37,1,1,5,0.45884174300000002,0.389737,0.043307999999999999,1027723264,NA,NA,NA,NA,NA,NA,NA,NA,11457352,5690734,153602,512,403312a97a3e99fe27317c1f28b1ff252fafdd2816dd615c6a7e00126747644b,1583,0,216,21
1,37,0,1,3,0.062514820999999998,0.043646999999999998,0.006711,175099904,NA,NA,NA,NA,NA,NA,NA,NA,2034104,2240463,32773,1,ac2c95b5e7d6e8c1837c1873a4de39a4ebe4476436e3f88bac5be95b6d1b5c2c,1120,0,46,8
1,37,1,0,3,0.062231330000000001,0.040271000000000001,0.010064999999999999,175312896,NA,NA,NA,NA,NA,NA,NA,NA,2034104,2240463,32773,1,ac2c95b5e7d6e8c1837c1873a4de39a4ebe4476436e3f88bac5be95b6d1b5c2c,669,0,36,11
1,37,0,1,2,0.041249374000000005,0.020902,0.0089619999999999995,133230592,NA,NA,NA,NA,NA,NA,NA,NA,837856,318511,16385,4096,53bcb4b7244f10985ba78b02026020f091907c6c2bc8edcdcc9bf568fb6ba9bf,1070,0,27,7
1,37,1,0,2,0.041225780000000004,0.026086999999999999,0.0037079999999999999,131158016,NA,NA,NA,NA,NA,NA,NA,NA,837856,318511,16385,4096,53bcb4b7244f10985ba78b02026020f091907c6c2bc8edcdcc9bf568fb6ba9bf,1066,0,28,5
1,38,0,1,0,0.020200412000000001,0.0090279999999999996,0,55345152,NA,NA,NA,NA,NA,NA,NA,NA,2408,135,5,1,3d4d37e7dcef36139698862d60d536450dfb480779ac0676046a82e065e8af0f,1027,0,10,4
1,38,1,0,0,0.019402344000000002,0.002725,0.0054250000000000001,55836672,NA,NA,NA,NA,NA,NA,NA,NA,2408,135,5,1,3d4d37e7dcef36139698862d60d536450dfb480779ac0676046a82e065e8af0f,589,0,9,4
1,38,0,0,2,0.040847609999999999,0.029588999999999997,0,131088384,NA,NA,NA,NA,NA,NA,NA,NA,837856,318511,16385,4096,53bcb4b7244f10985ba78b02026020f091907c6c2bc8edcdcc9bf568fb6ba9bf,1066,0,21,6
1,38,1,1,2,0.041045101000000001,0.026017999999999999,0.0037229999999999997,133406720,NA,NA,NA,NA,NA,NA,NA,NA,837856,318511,16385,4096,53bcb4b7244f10985ba78b02026020f091907c6c2bc8edcdcc9bf568fb6ba9bf,1092,0,28,6
1,38,0,1,1,0.058065808000000003,0.035408999999999996,0.010629999999999999,152489984,NA,NA,NA,NA,NA,NA,NA,NA,1018592,407679,8197,1,20eb35e3894499e2f63cb7de484c538d87cee78f36bdbc9a59f2c383a0ec97fb,640,0,19,8
1,38,1,0,1,0.061288594000000002,0.040187,0.0092579999999999989,154169344,NA,NA,NA,NA,NA,NA,NA,NA,1018592,407679,8197,1,20eb35e3894499e2f63cb7de484c538d87cee78f36bdbc9a59f2c383a0ec97fb,1078,0,29,10
1,38,0,0,4,0.193054739,0.15687699999999999,0.016688999999999999,411881472,NA,NA,NA,NA,NA,NA,NA,NA,3318496,1882629,26625,512,ff2a25ad60d39948f157d4ecadc3b1f099b61e0fa95b5446763968dcc9e0e2de,1234,0,99,16
1,38,1,1,4,0.193249375,0.154087,0.019667,411697152,NA,NA,NA,NA,NA,NA,NA,NA,3318496,1882629,26625,512,ff2a25ad60d39948f157d4ecadc3b1f099b61e0fa95b5446763968dcc9e0e2de,784,0,115,17
1,38,0,1,5,0.45526068700000005,0.38424399999999997,0.050130000000000001,1028210688,NA,NA,NA,NA,NA,NA,NA,NA,11457352,5690734,153602,512,403312a97a3e99fe27317c1f28b1ff252fafdd2816dd615c6a7e00126747644b,1625,0,248,16
1,38,1,0,5,0.46002268600000001,0.38621,0.049950999999999995,1027915776,NA,NA,NA,NA,NA,NA,NA,NA,11457352,5690734,153602,512,403312a97a3e99fe27317c1f28b1ff252fafdd2816dd615c6a7e00126747644b,1583,0,211,33
1,38,0,0,3,0.062567230000000001,0.047507000000000001,0.0033939999999999999,174780416,NA,NA,NA,NA,NA,NA,NA,NA,2034104,2240463,32773,1,ac2c95b5e7d6e8c1837c1873a4de39a4ebe4476436e3f88bac5be95b6d1b5c2c,1117,0,43,9
1,38,1,1,3,0.062125402000000003,0.040084999999999996,0.010015,175316992,NA,NA,NA,NA,NA,NA,NA,NA,2034104,2240463,32773,1,ac2c95b5e7d6e8c1837c1873a4de39a4ebe4476436e3f88bac5be95b6d1b5c2c,673,0,58,10
1,39,0,0,1,0.061898506000000006,0.044049999999999999,0.0062949999999999994,154431488,NA,NA,NA,NA,NA,NA,NA,NA,1018592,407679,8197,1,20eb35e3894499e2f63cb7de484c538d87cee78f36bdbc9a59f2c383a0ec97fb,1081,0,30,11
1,39,1,1,1,0.057973665000000001,0.042818999999999996,0.003571,152473600,NA,NA,NA,NA,NA,NA,NA,NA,1018592,407679,8197,1,20eb35e3894499e2f63cb7de484c538d87cee78f36bdbc9a59f2c383a0ec97fb,1087,0,25,8
1,39,0,1,3,0.061705295000000007,0.039692999999999999,0.0099299999999999996,175362048,NA,NA,NA,NA,NA,NA,NA,NA,2034104,2240463,32773,1,ac2c95b5e7d6e8c1837c1873a4de39a4ebe4476436e3f88bac5be95b6d1b5c2c,679,0,51,9
1,39,1,0,3,0.062111446000000001,0.046901999999999999,0.0033519999999999999,175095808,NA,NA,NA,NA,NA,NA,NA,NA,2034104,2240463,32773,1,ac2c95b5e7d6e8c1837c1873a4de39a4ebe4476436e3f88bac5be95b6d1b5c2c,1120,0,48,9
1,39,0,0,0,0.020716299000000001,0.002199,0.0065949999999999993,55345152,NA,NA,NA,NA,NA,NA,NA,NA,2408,135,5,1,3d4d37e7dcef36139698862d60d536450dfb480779ac0676046a82e065e8af0f,1036,0,11,4
1,39,1,1,0,0.019743474,0.0028349999999999998,0.0056619999999999995,55365632,NA,NA,NA,NA,NA,NA,NA,NA,2408,135,5,1,3d4d37e7dcef36139698862d60d536450dfb480779ac0676046a82e065e8af0f,583,0,9,4
1,39,0,1,2,0.041277066000000001,0.026074,0.0037309999999999999,133431296,NA,NA,NA,NA,NA,NA,NA,NA,837856,318511,16385,4096,53bcb4b7244f10985ba78b02026020f091907c6c2bc8edcdcc9bf568fb6ba9bf,1111,0,24,7
1,39,1,0,2,0.041606573000000001,0.026457999999999999,0.0033089999999999999,131207168,NA,NA,NA,NA,NA,NA,NA,NA,837856,318511,16385,4096,53bcb4b7244f10985ba78b02026020f091907c6c2bc8edcdcc9bf568fb6ba9bf,1068,0,32,8
1,39,0,1,4,0.19366776800000002,0.15762299999999999,0.016775999999999999,411807744,NA,NA,NA,NA,NA,NA,NA,NA,3318496,1882629,26625,512,ff2a25ad60d39948f157d4ecadc3b1f099b61e0fa95b5446763968dcc9e0e2de,1233,0,118,16
1,39,1,0,4,0.19455104500000001,0.16503499999999999,0.0099010000000000001,411828224,NA,NA,NA,NA,NA,NA,NA,NA,3318496,1882629,26625,512,ff2a25ad60d39948f157d4ecadc3b1f099b61e0fa95b5446763968dcc9e0e2de,786,0,107,16
1,39,0,0,5,0.46067771200000002,0.391376,0.040149999999999998,1028083712,NA,NA,NA,NA,NA,NA,NA,NA,11457352,5690734,153602,512,403312a97a3e99fe27317c1f28b1ff252fafdd2816dd615c6a7e00126747644b,1142,0,162,18
1,39,1,1,5,0.46224876800000003,0.38243099999999997,0.049431999999999997,1028014080,NA,NA,NA,NA,NA,NA,NA,NA,11457352,5690734,153602,512,403312a97a3e99fe27317c1f28b1ff252fafdd2816dd615c6a7e00126747644b,1141,0,188,26
