round,pair,order,variant,job,wall_seconds,user_seconds,system_seconds,peak_rss_bytes,cycles,instructions,branches,branch_misses,cache_references,cache_misses,arena_calls,arena_bytes,output_bytes,source_bytes,source_lines,source_functions,output_sha256,minor_faults,major_faults,voluntary_context_switches,involuntary_context_switches
0,0,0,1,1,0.019708075000380632,0.01566,0.0038339999999999997,22814720,NA,NA,NA,NA,NA,NA,NA,NA,2056,133,5,1,6b21b079ef6f8f7f055926600e53b906dd7be041e021dd2791b7aa8c55e24585,3555,0,2,1
0,0,1,0,1,0.019290917000034824,0.011847,0.0072889999999999995,22339584,NA,NA,NA,NA,NA,NA,NA,NA,2056,133,5,1,6b21b079ef6f8f7f055926600e53b906dd7be041e021dd2791b7aa8c55e24585,3547,0,2,1
0,0,0,1,11,0.083133117000215861,0.011377999999999999,0.070899999999999991,28250112,NA,NA,NA,NA,NA,NA,NA,NA,106320,39898,2049,512,7b8f1ead52d1f75ea51a9518f4611f96b3105a83b8e9ff16958705114f2a13b3,4949,0,2,2
0,0,1,0,11,0.028363955999338941,0.015775000000000001,0.011840999999999999,28684288,NA,NA,NA,NA,NA,NA,NA,NA,106320,39898,2049,512,7b8f1ead52d1f75ea51a9518f4611f96b3105a83b8e9ff16958705114f2a13b3,4963,0,2,0
0,0,0,0,21,0.13447645099950023,0.087095999999999993,0.047139,64745472,NA,NA,NA,NA,NA,NA,NA,NA,2209528,711531,19202,64,955dcf7525f03629d689feea1585905e0b8700805efb32f241197b1ebcb41ffa,13600,0,2,2
0,0,1,1,21,0.11176907600020058,0.087188000000000002,0.024383999999999999,64278528,NA,NA,NA,NA,NA,NA,NA,NA,2209528,711531,19202,64,955dcf7525f03629d689feea1585905e0b8700805efb32f241197b1ebcb41ffa,13610,0,2,2
0,0,0,0,6,0.029559207000602328,0.012688999999999999,0.016583999999999998,28155904,NA,NA,NA,NA,NA,NA,NA,NA,126024,51085,1029,1,d6479df97612ac41a8966333a6ef58076a32dad29a20f6bc64e0a5b65673088c,4928,0,2,1
0,0,1,1,6,0.027893939999557915,0.020022999999999999,0.0076109999999999997,28155904,NA,NA,NA,NA,NA,NA,NA,NA,126024,51085,1029,1,d6479df97612ac41a8966333a6ef58076a32dad29a20f6bc64e0a5b65673088c,4930,0,2,1
0,0,0,1,0,0.017853597000794252,0.014117999999999999,0.003594,22683648,NA,NA,NA,NA,NA,NA,NA,NA,2008,133,5,1,a8c1633e798ef980493443e67e6fdb6eada42f775edf7051d304d09c3ddadf5a,3577,0,2,0
0,0,1,0,0,0.018824576000042725,0.010959,0.0076339999999999993,22974464,NA,NA,NA,NA,NA,NA,NA,NA,2008,133,5,1,a8c1633e798ef980493443e67e6fdb6eada42f775edf7051d304d09c3ddadf5a,3576,0,2,2
0,0,0,1,9,0.024817321999762498,0.016723999999999999,0.0079299999999999995,28258304,NA,NA,NA,NA,NA,NA,NA,NA,147280,39898,2049,512,02ee45f00f5fa967779eb017bd9c1965526161af8ee6a0f23a31a68b3dbbac77,4979,0,2,0
0,0,1,0,9,0.025553748000675114,0.016903999999999999,0.0082880000000000002,28315648,NA,NA,NA,NA,NA,NA,NA,NA,147280,39898,2049,512,02ee45f00f5fa967779eb017bd9c1965526161af8ee6a0f23a31a68b3dbbac77,4979,0,2,2
0,0,0,0,10,0.022328996000396728,0.017686999999999998,0.0044729999999999995,28401664,NA,NA,NA,NA,NA,NA,NA,NA,106320,39898,2049,512,7b8f1ead52d1f75ea51a9518f4611f96b3105a83b8e9ff16958705114f2a13b3,4958,0,2,2
0,0,1,1,10,0.0219147529996917,0.017395999999999998,0.0043639999999999998,28094464,NA,NA,NA,NA,NA,NA,NA,NA,106320,39898,2049,512,7b8f1ead52d1f75ea51a9518f4611f96b3105a83b8e9ff16958705114f2a13b3,4947,0,2,0
0,0,0,0,4,0.037544375000834407,0.033826000000000002,0.003503,26521600,NA,NA,NA,NA,NA,NA,NA,NA,163920,51085,1029,1,3469c6c02ad818b9b840f744b74781f39d0d6d69319fb824d729f7875274b381,4515,0,2,2
0,0,1,1,4,0.079920909000065876,0.060816999999999996,0.015657999999999998,26718208,NA,NA,NA,NA,NA,NA,NA,NA,163920,51085,1029,1,3469c6c02ad818b9b840f744b74781f39d0d6d69319fb824d729f7875274b381,4522,0,2,2
0,0,0,0,5,0.059511806000045908,0.020375999999999998,0.037900999999999997,28930048,NA,NA,NA,NA,NA,NA,NA,NA,192736,51085,1029,1,98c15b8b4636441c6e839c68a3bed9dee3bd8ae062882739073db7b7ed7d66f3,4979,0,2,1
0,0,1,1,5,0.028560820000166132,0.019687,0.0084449999999999994,28938240,NA,NA,NA,NA,NA,NA,NA,NA,192736,51085,1029,1,98c15b8b4636441c6e839c68a3bed9dee3bd8ae062882739073db7b7ed7d66f3,4978,0,2,1
0,0,0,0,16,0.097588522000478406,0.071490999999999999,0.02588,42168320,NA,NA,NA,NA,NA,NA,NA,NA,1083024,235398,3329,64,5916968f62e510f778d0d1e3d1fe7cb78db1f7fd7a3ef52fe1a3aefaf683922d,8296,0,2,1
0,0,1,1,16,0.085990404999392922,0.068925,0.016774999999999998,42131456,NA,NA,NA,NA,NA,NA,NA,NA,1083024,235398,3329,64,5916968f62e510f778d0d1e3d1fe7cb78db1f7fd7a3ef52fe1a3aefaf683922d,8301,0,2,2
0,0,0,0,2,0.019292738999865833,0.015323,0.0037189999999999996,23015424,NA,NA,NA,NA,NA,NA,NA,NA,2008,133,5,1,8210b4f6eac12a20575e673437437e82cfff653da437ea17992a3aed56a99207,3558,0,2,0
0,0,1,1,2,0.018506471999899077,0.010758,0.0074909999999999994,22990848,NA,NA,NA,NA,NA,NA,NA,NA,2008,133,5,1,8210b4f6eac12a20575e673437437e82cfff653da437ea17992a3aed56a99207,3553,0,2,2
0,0,0,0,12,0.039945225999872491,0.024409,0.015293999999999999,28827648,NA,NA,NA,NA,NA,NA,NA,NA,313424,280189,4101,1,0f9e44f960c45a3ca86cde574970381ef909d64a6bb2d20a17395bced584502a,5035,0,2,1
0,0,1,1,12,0.038270796000688279,0.030546999999999998,0.0075729999999999999,28549120,NA,NA,NA,NA,NA,NA,NA,NA,313424,280189,4101,1,0f9e44f960c45a3ca86cde574970381ef909d64a6bb2d20a17395bced584502a,5024,0,2,1
0,0,0,1,3,0.019680522000271594,0.015191999999999999,0.0041879999999999999,22331392,NA,NA,NA,NA,NA,NA,NA,NA,2008,133,5,1,8210b4f6eac12a20575e673437437e82cfff653da437ea17992a3aed56a99207,3552,0,2,1
0,0,1,0,3,0.018442196000250988,0.018304999999999998,0,22867968,NA,NA,NA,NA,NA,NA,NA,NA,2008,133,5,1,8210b4f6eac12a20575e673437437e82cfff653da437ea17992a3aed56a99207,3558,0,2,0
0,0,0,1,20,0.26434405599957245,0.14813399999999999,0.113691,64516096,NA,NA,NA,NA,NA,NA,NA,NA,1746680,711531,19202,64,e4041ce2b5b6df572ca4d0ca66e6006ad368116646e82963f7e9550b84ab78ca,13664,0,1,2
0,0,1,0,20,0.16606721399966773,0.128497,0.036341999999999999,64376832,NA,NA,NA,NA,NA,NA,NA,NA,1746680,711531,19202,64,e4041ce2b5b6df572ca4d0ca66e6006ad368116646e82963f7e9550b84ab78ca,13666,0,2,4
0,0,0,0,15,0.033138046000203758,0.020156999999999998,0.012563999999999999,29302784,NA,NA,NA,NA,NA,NA,NA,NA,247896,280189,4101,1,cf0f1cc1e290dce65809b3140c6f2dc9062a9f452120988a3a869e7faab69134,5184,0,2,0
0,0,1,1,15,0.031441991000065173,0.018463999999999998,0.012681,29835264,NA,NA,NA,NA,NA,NA,NA,NA,247896,280189,4101,1,cf0f1cc1e290dce65809b3140c6f2dc9062a9f452120988a3a869e7faab69134,5194,0,2,1
0,0,0,0,17,0.060475984999357024,0.052262999999999997,0.0080599999999999995,40570880,NA,NA,NA,NA,NA,NA,NA,NA,1009296,235398,3329,64,38ac9f9d8df5158b7a074eaf4b5e0c874f05fd31c535c3796e06db0d216a0323,7934,0,1,1
0,0,1,1,17,0.065237976000389608,0.049416999999999996,0.015640999999999999,40529920,NA,NA,NA,NA,NA,NA,NA,NA,1009296,235398,3329,64,38ac9f9d8df5158b7a074eaf4b5e0c874f05fd31c535c3796e06db0d216a0323,7934,0,2,1
0,0,0,0,8,0.029478726999514038,0.016858999999999999,0.012433,29732864,NA,NA,NA,NA,NA,NA,NA,NA,98128,39898,2049,512,d54e0d3e437f1319c5e0037da4750229225984f79f1ebd587b1323affae587ab,5480,0,2,2
0,0,1,1,8,0.026524383999458223,0.017533,0.0087709999999999993,29536256,NA,NA,NA,NA,NA,NA,NA,NA,98128,39898,2049,512,d54e0d3e437f1319c5e0037da4750229225984f79f1ebd587b1323affae587ab,5483,0,2,0
0,0,0,0,7,0.025273731999732263,0.014260999999999999,0.010837999999999999,28327936,NA,NA,NA,NA,NA,NA,NA,NA,126024,51085,1029,1,d6479df97612ac41a8966333a6ef58076a32dad29a20f6bc64e0a5b65673088c,4991,0,2,1
0,0,1,1,7,0.043787394999526441,0.039127999999999996,0.0043899999999999998,28950528,NA,NA,NA,NA,NA,NA,NA,NA,126024,51085,1029,1,d6479df97612ac41a8966333a6ef58076a32dad29a20f6bc64e0a5b65673088c,5000,0,2,2
0,0,0,1,18,0.050799508000636706,0.039085000000000002,0.011524,39940096,NA,NA,NA,NA,NA,NA,NA,NA,742032,235398,3329,64,bbb3d34b2aa5abdd298d84b8be032ee0c65ab3dbe74b5d4f0ba0963e99614893,7773,0,2,0
0,0,1,0,18,0.054446246999759751,0.024782999999999999,0.029448999999999999,39890944,NA,NA,NA,NA,NA,NA,NA,NA,742032,235398,3329,64,bbb3d34b2aa5abdd298d84b8be032ee0c65ab3dbe74b5d4f0ba0963e99614893,7771,0,2,3
0,0,0,0,22,0.10779785799968522,0.072973999999999997,0.034648999999999999,61976576,NA,NA,NA,NA,NA,NA,NA,NA,1433848,711531,19202,64,7fe8e0e1367c4dc75afe736c0ee35e3a3755c0152301f3880ce2412132a22623,13047,0,2,1
0,0,1,1,22,0.10217539799941733,0.08256899999999999,0.019414000000000001,62017536,NA,NA,NA,NA,NA,NA,NA,NA,1433848,711531,19202,64,7fe8e0e1367c4dc75afe736c0ee35e3a3755c0152301f3880ce2412132a22623,13038,0,2,2
0,0,0,1,23,0.15902942000047915,0.12067599999999999,0.034049999999999997,62312448,NA,NA,NA,NA,NA,NA,NA,NA,1433848,711531,19202,64,7fe8e0e1367c4dc75afe736c0ee35e3a3755c0152301f3880ce2412132a22623,13115,0,0,2
0,0,1,0,23,0.16973763599980884,0.088080999999999993,0.08119599999999999,62296064,NA,NA,NA,NA,NA,NA,NA,NA,1433848,711531,19202,64,7fe8e0e1367c4dc75afe736c0ee35e3a3755c0152301f3880ce2412132a22623,13117,0,2,3
0,0,0,0,19,0.058035123000081512,0.042115,0.015685999999999999,40222720,NA,NA,NA,NA,NA,NA,NA,NA,742032,235398,3329,64,bbb3d34b2aa5abdd298d84b8be032ee0c65ab3dbe74b5d4f0ba0963e99614893,7767,0,2,2
0,0,1,1,19,0.053707066000242776,0.036433,0.017056999999999999,39915520,NA,NA,NA,NA,NA,NA,NA,NA,742032,235398,3329,64,bbb3d34b2aa5abdd298d84b8be032ee0c65ab3dbe74b5d4f0ba0963e99614893,7753,0,2,1
0,0,0,1,13,0.026767777000713977,0.0077359999999999998,0.018863999999999999,29900800,NA,NA,NA,NA,NA,NA,NA,NA,313536,280189,4101,1,5a04cd3dab823e43a4d317f4a27057eec5b1fcaecf9843229a14a897b95f1f29,5240,0,2,1
0,0,1,0,13,0.028448761000618106,0.015427,0.012797999999999999,29913088,NA,NA,NA,NA,NA,NA,NA,NA,313536,280189,4101,1,5a04cd3dab823e43a4d317f4a27057eec5b1fcaecf9843229a14a897b95f1f29,5239,0,2,1
0,0,0,1,14,0.027837322000777931,0.019553999999999998,0.0081189999999999995,29655040,NA,NA,NA,NA,NA,NA,NA,NA,247896,280189,4101,1,cf0f1cc1e290dce65809b3140c6f2dc9062a9f452120988a3a869e7faab69134,5160,0,2,1
0,0,1,0,14,0.027959518999523425,0.016218,0.011363,29642752,NA,NA,NA,NA,NA,NA,NA,NA,247896,280189,4101,1,cf0f1cc1e290dce65809b3140c6f2dc9062a9f452120988a3a869e7faab69134,5154,0,2,1
0,1,0,1,17,0.065555960999517993,0.061376,0.0039649999999999998,41005056,NA,NA,NA,NA,NA,NA,NA,NA,1009296,235398,3329,64,38ac9f9d8df5158b7a074eaf4b5e0c874f05fd31c535c3796e06db0d216a0323,7940,0,2,1
0,1,1,0,17,0.061117933000787161,0.044346999999999998,0.016500999999999998,40534016,NA,NA,NA,NA,NA,NA,NA,NA,1009296,235398,3329,64,38ac9f9d8df5158b7a074eaf4b5e0c874f05fd31c535c3796e06db0d216a0323,7933,0,2,1
0,1,0,0,0,0.017013556999700086,0.0066809999999999994,0.010180999999999999,22867968,NA,NA,NA,NA,NA,NA,NA,NA,2008,133,5,1,a8c1633e798ef980493443e67e6fdb6eada42f775edf7051d304d09c3ddadf5a,3579,0,2,1
0,1,1,1,0,0.0171559199998228,0.012860999999999999,0.0041269999999999996,22867968,NA,NA,NA,NA,NA,NA,NA,NA,2008,133,5,1,a8c1633e798ef980493443e67e6fdb6eada42f775edf7051d304d09c3ddadf5a,3574,0,2,0
0,1,0,1,10,0.024124049999954877,0.012246,0.011731,28733440,NA,NA,NA,NA,NA,NA,NA,NA,106320,39898,2049,512,7b8f1ead52d1f75ea51a9518f4611f96b3105a83b8e9ff16958705114f2a13b3,4963,0,2,1
0,1,1,0,10,0.024838031999934174,0.020327999999999999,0.0042629999999999994,28209152,NA,NA,NA,NA,NA,NA,NA,NA,106320,39898,2049,512,7b8f1ead52d1f75ea51a9518f4611f96b3105a83b8e9ff16958705114f2a13b3,4956,0,2,2
0,1,0,1,8,0.025165082999592414,0.020853999999999998,0.004182,29683712,NA,NA,NA,NA,NA,NA,NA,NA,98128,39898,2049,512,d54e0d3e437f1319c5e0037da4750229225984f79f1ebd587b1323affae587ab,5484,0,2,0
0,1,1,0,8,0.026544422000370105,0.016070999999999998,0.010312999999999999,29708288,NA,NA,NA,NA,NA,NA,NA,NA,98128,39898,2049,512,d54e0d3e437f1319c5e0037da4750229225984f79f1ebd587b1323affae587ab,5483,0,2,2
0,1,0,0,9,0.023146777999500046,0.011547999999999999,0.011469,28438528,NA,NA,NA,NA,NA,NA,NA,NA,147280,39898,2049,512,02ee45f00f5fa967779eb017bd9c1965526161af8ee6a0f23a31a68b3dbbac77,4986,0,2,0
0,1,1,1,9,0.021803034000186017,0.017145999999999998,0.0045079999999999999,28385280,NA,NA,NA,NA,NA,NA,NA,NA,147280,39898,2049,512,02ee45f00f5fa967779eb017bd9c1965526161af8ee6a0f23a31a68b3dbbac77,4978,0,2,2
0,1,0,0,18,0.048015430000305059,0.039889999999999995,0.0079909999999999998,40341504,NA,NA,NA,NA,NA,NA,NA,NA,742032,235398,3329,64,bbb3d34b2aa5abdd298d84b8be032ee0c65ab3dbe74b5d4f0ba0963e99614893,7773,0,2,1
0,1,1,1,18,0.049433009000495076,0.040862999999999997,0.0084110000000000001,39948288,NA,NA,NA,NA,NA,NA,NA,NA,742032,235398,3329,64,bbb3d34b2aa5abdd298d84b8be032ee0c65ab3dbe74b5d4f0ba0963e99614893,7764,0,2,1
0,1,0,0,11,0.022000259000378719,0.013302,0.0085749999999999993,28766208,NA,NA,NA,NA,NA,NA,NA,NA,106320,39898,2049,512,7b8f1ead52d1f75ea51a9518f4611f96b3105a83b8e9ff16958705114f2a13b3,4963,0,2,0
0,1,1,1,11,0.022134487999210251,0.01772,0.0042839999999999996,28184576,NA,NA,NA,NA,NA,NA,NA,NA,106320,39898,2049,512,7b8f1ead52d1f75ea51a9518f4611f96b3105a83b8e9ff16958705114f2a13b3,4948,0,2,0
0,1,0,1,12,0.035456135000458744,0.030796999999999998,0.0044729999999999995,28729344,NA,NA,NA,NA,NA,NA,NA,NA,313424,280189,4101,1,0f9e44f960c45a3ca86cde574970381ef909d64a6bb2d20a17395bced584502a,5030,0,2,1
0,1,1,0,12,0.037138392999622738,0.036983999999999996,0,28573696,NA,NA,NA,NA,NA,NA,NA,NA,313424,280189,4101,1,0f9e44f960c45a3ca86cde574970381ef909d64a6bb2d20a17395bced584502a,5021,0,2,2
0,1,0,1,2,0.018385425999440486,0.018241,0,22339584,NA,NA,NA,NA,NA,NA,NA,NA,2008,133,5,1,8210b4f6eac12a20575e673437437e82cfff653da437ea17992a3aed56a99207,3545,0,2,1
0,1,1,0,2,0.021277525999721547,0.012442,0.0087019999999999997,22990848,NA,NA,NA,NA,NA,NA,NA,NA,2008,133,5,1,8210b4f6eac12a20575e673437437e82cfff653da437ea17992a3aed56a99207,3558,0,2,0
0,1,0,0,20,0.23005001100045774,0.15146799999999999,0.076301999999999995,64270336,NA,NA,NA,NA,NA,NA,NA,NA,1746680,711531,19202,64,e4041ce2b5b6df572ca4d0ca66e6006ad368116646e82963f7e9550b84ab78ca,13657,0,1,4
0,1,1,1,20,0.23037782599931234,0.17316499999999999,0.056323999999999999,64262144,NA,NA,NA,NA,NA,NA,NA,NA,1746680,711531,19202,64,e4041ce2b5b6df572ca4d0ca66e6006ad368116646e82963f7e9550b84ab78ca,13658,0,2,1
0,1,0,1,15,0.029688278999856266,0.016909,0.012355999999999999,29786112,NA,NA,NA,NA,NA,NA,NA,NA,247896,280189,4101,1,cf0f1cc1e290dce65809b3140c6f2dc9062a9f452120988a3a869e7faab69134,5193,0,2,1
0,1,1,0,15,0.026858831999561517,0.0076769999999999998,0.019023999999999999,29650944,NA,NA,NA,NA,NA,NA,NA,NA,247896,280189,4101,1,cf0f1cc1e290dce65809b3140c6f2dc9062a9f452120988a3a869e7faab69134,5197,0,2,1
0,1,0,1,6,0.025073611999687273,0.016913999999999998,0.0079950000000000004,28635136,NA,NA,NA,NA,NA,NA,NA,NA,126024,51085,1029,1,d6479df97612ac41a8966333a6ef58076a32dad29a20f6bc64e0a5b65673088c,4936,0,2,1
0,1,1,0,6,0.024652471999615955,0.024506,0,28807168,NA,NA,NA,NA,NA,NA,NA,NA,126024,51085,1029,1,d6479df97612ac41a8966333a6ef58076a32dad29a20f6bc64e0a5b65673088c,4945,0,2,1
0,1,0,0,1,0.016924264999943262,0.01248,0.004215,22937600,NA,NA,NA,NA,NA,NA,NA,NA,2056,133,5,1,6b21b079ef6f8f7f055926600e53b906dd7be041e021dd2791b7aa8c55e24585,3556,0,2,0
0,1,1,1,1,0.017445524999857298,0.012941999999999999,0.0042449999999999996,22528000,NA,NA,NA,NA,NA,NA,NA,NA,2056,133,5,1,6b21b079ef6f8f7f055926600e53b906dd7be041e021dd2791b7aa8c55e24585,3545,0,2,1
0,1,0,0,3,0.017531227999825205,0.0090580000000000001,0.0083409999999999995,22577152,NA,NA,NA,NA,NA,NA,NA,NA,2008,133,5,1,8210b4f6eac12a20575e673437437e82cfff653da437ea17992a3aed56a99207,3553,0,2,0
0,1,1,1,3,0.016861414999766566,0.008376999999999999,0.0082480000000000001,23031808,NA,NA,NA,NA,NA,NA,NA,NA,2008,133,5,1,8210b4f6eac12a20575e673437437e82cfff653da437ea17992a3aed56a99207,3556,0,2,1
0,1,0,1,21,0.10433396299958986,0.071184999999999998,0.032934999999999999,64745472,NA,NA,NA,NA,NA,NA,NA,NA,2209528,711531,19202,64,955dcf7525f03629d689feea1585905e0b8700805efb32f241197b1ebcb41ffa,13622,0,2,2
0,1,1,0,21,0.10279528699993534,0.073863999999999999,0.028805999999999998,64139264,NA,NA,NA,NA,NA,NA,NA,NA,2209528,711531,19202,64,955dcf7525f03629d689feea1585905e0b8700805efb32f241197b1ebcb41ffa,13615,0,1,1
0,1,0,1,16,0.083000021999396267,0.078460000000000002,0.0043999999999999994,42024960,NA,NA,NA,NA,NA,NA,NA,NA,1083024,235398,3329,64,5916968f62e510f778d0d1e3d1fe7cb78db1f7fd7a3ef52fe1a3aefaf683922d,8300,0,1,1
0,1,1,0,16,0.085144114000286208,0.064760999999999999,0.020211,41963520,NA,NA,NA,NA,NA,NA,NA,NA,1083024,235398,3329,64,5916968f62e510f778d0d1e3d1fe7cb78db1f7fd7a3ef52fe1a3aefaf683922d,8295,0,1,2
0,1,0,0,13,0.0426463750000039,0.024247999999999999,0.01823,30052352,NA,NA,NA,NA,NA,NA,NA,NA,313536,280189,4101,1,5a04cd3dab823e43a4d317f4a27057eec5b1fcaecf9843229a14a897b95f1f29,5239,0,1,1
0,1,1,1,13,0.035435906999737199,0.019963999999999999,0.015143999999999999,29605888,NA,NA,NA,NA,NA,NA,NA,NA,313536,280189,4101,1,5a04cd3dab823e43a4d317f4a27057eec5b1fcaecf9843229a14a897b95f1f29,5234,0,1,2
0,1,0,0,23,0.12090823600010481,0.104116,0.016522999999999999,62705664,NA,NA,NA,NA,NA,NA,NA,NA,1433848,711531,19202,64,7fe8e0e1367c4dc75afe736c0ee35e3a3755c0152301f3880ce2412132a22623,13119,0,2,1
0,1,1,1,23,0.13475130499955412,0.10905999999999999,0.025538999999999999,62271488,NA,NA,NA,NA,NA,NA,NA,NA,1433848,711531,19202,64,7fe8e0e1367c4dc75afe736c0ee35e3a3755c0152301f3880ce2412132a22623,13110,0,1,1
0,1,0,0,14,0.028405122999174637,0.015609,0.012645999999999999,29224960,NA,NA,NA,NA,NA,NA,NA,NA,247896,280189,4101,1,cf0f1cc1e290dce65809b3140c6f2dc9062a9f452120988a3a869e7faab69134,5146,0,1,2
0,1,1,1,14,0.029095285999574116,0.020138,0.0087139999999999995,29184000,NA,NA,NA,NA,NA,NA,NA,NA,247896,280189,4101,1,cf0f1cc1e290dce65809b3140c6f2dc9062a9f452120988a3a869e7faab69134,5151,0,1,2
0,1,0,1,7,0.025378752000506211,0.017932999999999998,0.0073049999999999999,28286976,NA,NA,NA,NA,NA,NA,NA,NA,126024,51085,1029,1,d6479df97612ac41a8966333a6ef58076a32dad29a20f6bc64e0a5b65673088c,4986,0,2,0
0,1,1,0,7,0.025474178000877146,0.016338999999999999,0.0089719999999999991,28930048,NA,NA,NA,NA,NA,NA,NA,NA,126024,51085,1029,1,d6479df97612ac41a8966333a6ef58076a32dad29a20f6bc64e0a5b65673088c,4997,0,2,1
0,1,0,1,5,0.024112488999890047,0.015901999999999999,0.0080350000000000005,28344320,NA,NA,NA,NA,NA,NA,NA,NA,192736,51085,1029,1,98c15b8b4636441c6e839c68a3bed9dee3bd8ae062882739073db7b7ed7d66f3,4973,0,2,1
0,1,1,0,5,0.023401245000059134,0.015529999999999999,0.0077429999999999999,28360704,NA,NA,NA,NA,NA,NA,NA,NA,192736,51085,1029,1,98c15b8b4636441c6e839c68a3bed9dee3bd8ae062882739073db7b7ed7d66f3,4966,0,1,0
0,1,0,1,4,0.039960970999345591,0.035466999999999999,0.0043169999999999997,26775552,NA,NA,NA,NA,NA,NA,NA,NA,163920,51085,1029,1,3469c6c02ad818b9b840f744b74781f39d0d6d69319fb824d729f7875274b381,4523,0,2,0
0,1,1,0,4,0.039134139999987383,0.031279999999999995,0.0076539999999999993,26775552,NA,NA,NA,NA,NA,NA,NA,NA,163920,51085,1029,1,3469c6c02ad818b9b840f744b74781f39d0d6d69319fb824d729f7875274b381,4525,0,2,3
0,1,0,1,22,0.10657704899949749,0.086557999999999996,0.019685999999999999,62517248,NA,NA,NA,NA,NA,NA,NA,NA,1433848,711531,19202,64,7fe8e0e1367c4dc75afe736c0ee35e3a3755c0152301f3880ce2412132a22623,13052,0,2,12
0,1,1,0,22,0.22241989199937962,0.19892599999999999,0.023119000000000001,62464000,NA,NA,NA,NA,NA,NA,NA,NA,1433848,711531,19202,64,7fe8e0e1367c4dc75afe736c0ee35e3a3755c0152301f3880ce2412132a22623,13052,0,2,3
0,1,0,1,19,0.093837911000264285,0.077607999999999996,0.015195999999999999,39931904,NA,NA,NA,NA,NA,NA,NA,NA,742032,235398,3329,64,bbb3d34b2aa5abdd298d84b8be032ee0c65ab3dbe74b5d4f0ba0963e99614893,7754,0,1,2
0,1,1,0,19,0.081209418999605987,0.056006,0.025003999999999998,40341504,NA,NA,NA,NA,NA,NA,NA,NA,742032,235398,3329,64,bbb3d34b2aa5abdd298d84b8be032ee0c65ab3dbe74b5d4f0ba0963e99614893,7762,0,2,1
0,2,0,1,17,0.066137678999439231,0.050738999999999999,0.015205999999999999,40935424,NA,NA,NA,NA,NA,NA,NA,NA,1009296,235398,3329,64,38ac9f9d8df5158b7a074eaf4b5e0c874f05fd31c535c3796e06db0d216a0323,7931,0,2,2
0,2,1,0,17,0.057737549000194122,0.046794999999999996,0.01078,40996864,NA,NA,NA,NA,NA,NA,NA,NA,1009296,235398,3329,64,38ac9f9d8df5158b7a074eaf4b5e0c874f05fd31c535c3796e06db0d216a0323,7940,0,1,1
0,2,0,1,10,0.02401546600049187,0.020239999999999998,0.0036219999999999998,28364800,NA,NA,NA,NA,NA,NA,NA,NA,106320,39898,2049,512,7b8f1ead52d1f75ea51a9518f4611f96b3105a83b8e9ff16958705114f2a13b3,4959,0,2,1
0,2,1,0,10,0.025192002000039793,0.025052999999999999,0,28758016,NA,NA,NA,NA,NA,NA,NA,NA,106320,39898,2049,512,7b8f1ead52d1f75ea51a9518f4611f96b3105a83b8e9ff16958705114f2a13b3,4963,0,2,0
0,2,0,1,21,0.11302444500051934,0.083037,0.029828,64139264,NA,NA,NA,NA,NA,NA,NA,NA,2209528,711531,19202,64,955dcf7525f03629d689feea1585905e0b8700805efb32f241197b1ebcb41ffa,13613,0,1,2
0,2,1,0,21,0.10989343100027327,0.082449999999999996,0.027261999999999998,64188416,NA,NA,NA,NA,NA,NA,NA,NA,2209528,711531,19202,64,955dcf7525f03629d689feea1585905e0b8700805efb32f241197b1ebcb41ffa,13611,0,1,1
0,2,0,1,6,0.02802517700001772,0.024058,0.0038039999999999997,28643328,NA,NA,NA,NA,NA,NA,NA,NA,126024,51085,1029,1,d6479df97612ac41a8966333a6ef58076a32dad29a20f6bc64e0a5b65673088c,4937,0,1,1
0,2,1,0,6,0.029388680999545613,0.017994,0.010532,28172288,NA,NA,NA,NA,NA,NA,NA,NA,126024,51085,1029,1,d6479df97612ac41a8966333a6ef58076a32dad29a20f6bc64e0a5b65673088c,4937,0,2,0
0,2,0,0,12,0.10750925200045458,0.026831999999999998,0.075895999999999991,28516352,NA,NA,NA,NA,NA,NA,NA,NA,313424,280189,4101,1,0f9e44f960c45a3ca86cde574970381ef909d64a6bb2d20a17395bced584502a,5021,0,2,2
0,2,1,1,12,0.040343534000385262,0.019698999999999998,0.020132999999999998,28729344,NA,NA,NA,NA,NA,NA,NA,NA,313424,280189,4101,1,0f9e44f960c45a3ca86cde574970381ef909d64a6bb2d20a17395bced584502a,5033,0,1,1
0,2,0,0,8,0.027298268999402353,0.019330999999999997,0.0077689999999999999,29536256,NA,NA,NA,NA,NA,NA,NA,NA,98128,39898,2049,512,d54e0d3e437f1319c5e0037da4750229225984f79f1ebd587b1323affae587ab,5481,0,2,1
0,2,1,1,8,0.024976195000817825,0.020590999999999998,0.0041989999999999996,29315072,NA,NA,NA,NA,NA,NA,NA,NA,98128,39898,2049,512,d54e0d3e437f1319c5e0037da4750229225984f79f1ebd587b1323affae587ab,5481,0,2,1
0,2,0,1,22,0.16165195400026278,0.106893,0.054309999999999997,62459904,NA,NA,NA,NA,NA,NA,NA,NA,1433848,711531,19202,64,7fe8e0e1367c4dc75afe736c0ee35e3a3755c0152301f3880ce2412132a22623,13056,0,2,3
0,2,1,0,22,0.17859932000010303,0.11454099999999999,0.063423999999999994,62464000,NA,NA,NA,NA,NA,NA,NA,NA,1433848,711531,19202,64,7fe8e0e1367c4dc75afe736c0ee35e3a3755c0152301f3880ce2412132a22623,13053,0,1,2
0,2,0,1,0,0.022045961000003444,0.017861999999999999,0.0028079999999999997,22867968,NA,NA,NA,NA,NA,NA,NA,NA,2008,133,5,1,a8c1633e798ef980493443e67e6fdb6eada42f775edf7051d304d09c3ddadf5a,3580,0,1,1
0,2,1,0,0,0.018965149999530695,0.013333999999999999,0.0047720000000000002,22872064,NA,NA,NA,NA,NA,NA,NA,NA,2008,133,5,1,a8c1633e798ef980493443e67e6fdb6eada42f775edf7051d304d09c3ddadf5a,3574,0,2,0
0,2,0,0,9,0.023890797000603925,0.023289999999999998,0,28258304,NA,NA,NA,NA,NA,NA,NA,NA,147280,39898,2049,512,02ee45f00f5fa967779eb017bd9c1965526161af8ee6a0f23a31a68b3dbbac77,4979,0,2,1
0,2,1,1,9,0.023683073000029253,0.012145999999999999,0.011035999999999999,28815360,NA,NA,NA,NA,NA,NA,NA,NA,147280,39898,2049,512,02ee45f00f5fa967779eb017bd9c1965526161af8ee6a0f23a31a68b3dbbac77,4986,0,2,1
0,2,0,0,15,0.028990741000598064,0.023837000000000001,0.0046389999999999999,29343744,NA,NA,NA,NA,NA,NA,NA,NA,247896,280189,4101,1,cf0f1cc1e290dce65809b3140c6f2dc9062a9f452120988a3a869e7faab69134,5193,0,2,0
0,2,1,1,15,0.031399489000250469,0.024031,0.0069179999999999997,29638656,NA,NA,NA,NA,NA,NA,NA,NA,247896,280189,4101,1,cf0f1cc1e290dce65809b3140c6f2dc9062a9f452120988a3a869e7faab69134,5189,0,2,1
0,2,0,0,2,0.020062530999894079,0.011698,0.0080870000000000004,23048192,NA,NA,NA,NA,NA,NA,NA,NA,2008,133,5,1,8210b4f6eac12a20575e673437437e82cfff653da437ea17992a3aed56a99207,3551,0,2,0
0,2,1,1,2,0.029020229000707332,0.015925999999999999,0.012208999999999999,22339584,NA,NA,NA,NA,NA,NA,NA,NA,2008,133,5,1,8210b4f6eac12a20575e673437437e82cfff653da437ea17992a3aed56a99207,3546,0,2,1
0,2,0,0,18,0.051261915000395675,0.038911000000000001,0.011689,40251392,NA,NA,NA,NA,NA,NA,NA,NA,742032,235398,3329,64,bbb3d34b2aa5abdd298d84b8be032ee0c65ab3dbe74b5d4f0ba0963e99614893,7778,0,2,2
0,2,1,1,18,0.054032222999921942,0.042532,0.011209999999999999,40378368,NA,NA,NA,NA,NA,NA,NA,NA,742032,235398,3329,64,bbb3d34b2aa5abdd298d84b8be032ee0c65ab3dbe74b5d4f0ba0963e99614893,7772,0,2,1
0,2,0,1,19,0.054634107999845583,0.045358999999999997,0.0089959999999999988,40357888,NA,NA,NA,NA,NA,NA,NA,NA,742032,235398,3329,64,bbb3d34b2aa5abdd298d84b8be032ee0c65ab3dbe74b5d4f0ba0963e99614893,7765,0,2,1
0,2,1,0,19,0.058475015999647439,0.046808999999999996,0.011516999999999999,40366080,NA,NA,NA,NA,NA,NA,NA,NA,742032,235398,3329,64,bbb3d34b2aa5abdd298d84b8be032ee0c65ab3dbe74b5d4f0ba0963e99614893,7769,0,2,1
0,2,0,0,5,0.026379341000392742,0.014825,0.011375,28385280,NA,NA,NA,NA,NA,NA,NA,NA,192736,51085,1029,1,98c15b8b4636441c6e839c68a3bed9dee3bd8ae062882739073db7b7ed7d66f3,4972,0,1,1
0,2,1,1,5,0.032250303000182612,0.026359,0.004267,28368896,NA,NA,NA,NA,NA,NA,NA,NA,192736,51085,1029,1,98c15b8b4636441c6e839c68a3bed9dee3bd8ae062882739073db7b7ed7d66f3,4972,0,2,1
0,2,0,1,20,0.16129996099971322,0.13303099999999998,0.028074999999999999,64401408,NA,NA,NA,NA,NA,NA,NA,NA,1746680,711531,19202,64,e4041ce2b5b6df572ca4d0ca66e6006ad368116646e82963f7e9550b84ab78ca,13662,0,2,1
0,2,1,0,20,0.20686718299930362,0.15936400000000001,0.047190999999999997,64278528,NA,NA,NA,NA,NA,NA,NA,NA,1746680,711531,19202,64,e4041ce2b5b6df572ca4d0ca66e6006ad368116646e82963f7e9550b84ab78ca,13666,0,1,2
0,2,0,0,14,0.09787088200027938,0.020968000000000001,0.071748999999999993,29741056,NA,NA,NA,NA,NA,NA,NA,NA,247896,280189,4101,1,cf0f1cc1e290dce65809b3140c6f2dc9062a9f452120988a3a869e7faab69134,5158,0,1,1
0,2,1,1,14,0.028573370999765757,0.024060999999999999,0.0040309999999999999,29188096,NA,NA,NA,NA,NA,NA,NA,NA,247896,280189,4101,1,cf0f1cc1e290dce65809b3140c6f2dc9062a9f452120988a3a869e7faab69134,5149,0,2,1
0,2,0,1,3,0.018156594000174664,0.013028999999999999,0.0045919999999999997,23023616,NA,NA,NA,NA,NA,NA,NA,NA,2008,133,5,1,8210b4f6eac12a20575e673437437e82cfff653da437ea17992a3aed56a99207,3559,0,2,0
0,2,1,0,3,0.01757706100033829,0.014079999999999999,0.003248,22614016,NA,NA,NA,NA,NA,NA,NA,NA,2008,133,5,1,8210b4f6eac12a20575e673437437e82cfff653da437ea17992a3aed56a99207,3548,0,2,2
0,2,0,0,7,0.025192508999680285,0.013127,0.011869999999999999,28774400,NA,NA,NA,NA,NA,NA,NA,NA,126024,51085,1029,1,d6479df97612ac41a8966333a6ef58076a32dad29a20f6bc64e0a5b65673088c,4998,0,2,1
0,2,1,1,7,0.027294294999592239,0.015469999999999999,0.011611,28278784,NA,NA,NA,NA,NA,NA,NA,NA,126024,51085,1029,1,d6479df97612ac41a8966333a6ef58076a32dad29a20f6bc64e0a5b65673088c,4991,0,2,1
0,2,0,1,13,0.034297236000384146,0.025131999999999998,0.0077679999999999997,30105600,NA,NA,NA,NA,NA,NA,NA,NA,313536,280189,4101,1,5a04cd3dab823e43a4d317f4a27057eec5b1fcaecf9843229a14a897b95f1f29,5237,0,2,1
0,2,1,0,13,0.035085464000076172,0.018887999999999999,0.015970999999999999,29450240,NA,NA,NA,NA,NA,NA,NA,NA,313536,280189,4101,1,5a04cd3dab823e43a4d317f4a27057eec5b1fcaecf9843229a14a897b95f1f29,5225,0,2,1
0,2,0,1,23,0.17955275500025891,0.136661,0.042583999999999997,62296064,NA,NA,NA,NA,NA,NA,NA,NA,1433848,711531,19202,64,7fe8e0e1367c4dc75afe736c0ee35e3a3755c0152301f3880ce2412132a22623,13107,0,2,1
0,2,1,0,23,0.13149054299992713,0.11051699999999999,0.020850999999999998,62713856,NA,NA,NA,NA,NA,NA,NA,NA,1433848,711531,19202,64,7fe8e0e1367c4dc75afe736c0ee35e3a3755c0152301f3880ce2412132a22623,13114,0,1,1
0,2,0,0,16,0.080130958000154351,0.059540999999999997,0.020442999999999999,42102784,NA,NA,NA,NA,NA,NA,NA,NA,1083024,235398,3329,64,5916968f62e510f778d0d1e3d1fe7cb78db1f7fd7a3ef52fe1a3aefaf683922d,8299,0,1,1
0,2,1,1,16,0.079335845000059635,0.075014999999999998,0.0041599999999999996,42156032,NA,NA,NA,NA,NA,NA,NA,NA,1083024,235398,3329,64,5916968f62e510f778d0d1e3d1fe7cb78db1f7fd7a3ef52fe1a3aefaf683922d,8296,0,1,1
0,2,0,1,1,0.020393495999996958,0.020250000000000001,0,22331392,NA,NA,NA,NA,NA,NA,NA,NA,2056,133,5,1,6b21b079ef6f8f7f055926600e53b906dd7be041e021dd2791b7aa8c55e24585,3551,0,1,1
0,2,1,0,1,0.016863116000422451,0.016721,0,22487040,NA,NA,NA,NA,NA,NA,NA,NA,2056,133,5,1,6b21b079ef6f8f7f055926600e53b906dd7be041e021dd2791b7aa8c55e24585,3542,0,2,0
0,2,0,1,11,0.022476073000689212,0.022345,0,28356608,NA,NA,NA,NA,NA,NA,NA,NA,106320,39898,2049,512,7b8f1ead52d1f75ea51a9518f4611f96b3105a83b8e9ff16958705114f2a13b3,4958,0,1,3
0,2,1,0,11,0.023252832999787643,0.014934999999999999,0.0081799999999999998,28147712,NA,NA,NA,NA,NA,NA,NA,NA,106320,39898,2049,512,7b8f1ead52d1f75ea51a9518f4611f96b3105a83b8e9ff16958705114f2a13b3,4947,0,2,0
0,2,0,1,4,0.036022735999722499,0.035855999999999999,0,26779648,NA,NA,NA,NA,NA,NA,NA,NA,163920,51085,1029,1,3469c6c02ad818b9b840f744b74781f39d0d6d69319fb824d729f7875274b381,4516,0,2,3
0,2,1,0,4,0.033846076000372705,0.025232999999999998,0.0084770000000000002,26710016,NA,NA,NA,NA,NA,NA,NA,NA,163920,51085,1029,1,3469c6c02ad818b9b840f744b74781f39d0d6d69319fb824d729f7875274b381,4518,0,2,1
0,3,0,0,17,0.067276386999765236,0.049803,0.017308999999999998,41013248,NA,NA,NA,NA,NA,NA,NA,NA,1009296,235398,3329,64,38ac9f9d8df5158b7a074eaf4b5e0c874f05fd31c535c3796e06db0d216a0323,7941,0,2,1
0,3,1,1,17,0.069242014000337804,0.052683999999999995,0.016416999999999998,40529920,NA,NA,NA,NA,NA,NA,NA,NA,1009296,235398,3329,64,38ac9f9d8df5158b7a074eaf4b5e0c874f05fd31c535c3796e06db0d216a0323,7927,0,1,1
0,3,0,0,21,0.10289993399965169,0.059205999999999995,0.043491999999999996,64679936,NA,NA,NA,NA,NA,NA,NA,NA,2209528,711531,19202,64,955dcf7525f03629d689feea1585905e0b8700805efb32f241197b1ebcb41ffa,13619,0,1,2
0,3,1,1,21,0.11848926600032428,0.073877999999999999,0.044435999999999996,64745472,NA,NA,NA,NA,NA,NA,NA,NA,2209528,711531,19202,64,955dcf7525f03629d689feea1585905e0b8700805efb32f241197b1ebcb41ffa,13623,0,1,1
0,3,0,1,7,0.025750312000127451,0.018175,0.0072819999999999994,28819456,NA,NA,NA,NA,NA,NA,NA,NA,126024,51085,1029,1,d6479df97612ac41a8966333a6ef58076a32dad29a20f6bc64e0a5b65673088c,4999,0,1,1
0,3,1,0,7,0.02561415800028044,0.017004999999999999,0.0084399999999999996,28758016,NA,NA,NA,NA,NA,NA,NA,NA,126024,51085,1029,1,d6479df97612ac41a8966333a6ef58076a32dad29a20f6bc64e0a5b65673088c,4997,0,2,1
0,3,0,0,1,0.017016485000567627,0.012737999999999999,0.0041129999999999995,22523904,NA,NA,NA,NA,NA,NA,NA,NA,2056,133,5,1,6b21b079ef6f8f7f055926600e53b906dd7be041e021dd2791b7aa8c55e24585,3544,0,1,1
0,3,1,1,1,0.01979665299950284,0.010168999999999999,0.0094900000000000002,22745088,NA,NA,NA,NA,NA,NA,NA,NA,2056,133,5,1,6b21b079ef6f8f7f055926600e53b906dd7be041e021dd2791b7aa8c55e24585,3549,0,2,0
0,3,0,0,23,0.11926662299993041,0.093944,0.025117,62808064,NA,NA,NA,NA,NA,NA,NA,NA,1433848,711531,19202,64,7fe8e0e1367c4dc75afe736c0ee35e3a3755c0152301f3880ce2412132a22623,13120,0,2,2
0,3,1,1,23,0.11870201800047653,0.095208000000000001,0.023338999999999999,62656512,NA,NA,NA,NA,NA,NA,NA,NA,1433848,711531,19202,64,7fe8e0e1367c4dc75afe736c0ee35e3a3755c0152301f3880ce2412132a22623,13112,0,1,2
0,3,0,1,5,0.024381805999837525,0.0081890000000000001,0.016070000000000001,28327936,NA,NA,NA,NA,NA,NA,NA,NA,192736,51085,1029,1,98c15b8b4636441c6e839c68a3bed9dee3bd8ae062882739073db7b7ed7d66f3,4966,0,1,1
0,3,1,0,5,0.022897353000189469,0.018953999999999999,0.00379,28921856,NA,NA,NA,NA,NA,NA,NA,NA,192736,51085,1029,1,98c15b8b4636441c6e839c68a3bed9dee3bd8ae062882739073db7b7ed7d66f3,4974,0,2,0
0,3,0,1,16,0.083648304999769607,0.068791999999999992,0.011939999999999999,42233856,NA,NA,NA,NA,NA,NA,NA,NA,1083024,235398,3329,64,5916968f62e510f778d0d1e3d1fe7cb78db1f7fd7a3ef52fe1a3aefaf683922d,8302,0,1,2
0,3,1,0,16,0.17868945600002917,0.08569199999999999,0.088755000000000001,42303488,NA,NA,NA,NA,NA,NA,NA,NA,1083024,235398,3329,64,5916968f62e510f778d0d1e3d1fe7cb78db1f7fd7a3ef52fe1a3aefaf683922d,8305,0,2,4
0,3,0,0,3,0.020972688999790989,0.016274,0.0043739999999999994,22577152,NA,NA,NA,NA,NA,NA,NA,NA,2008,133,5,1,8210b4f6eac12a20575e673437437e82cfff653da437ea17992a3aed56a99207,3553,0,2,0
0,3,1,1,3,0.024110102000122424,0.019226999999999998,0.0046129999999999999,22577152,NA,NA,NA,NA,NA,NA,NA,NA,2008,133,5,1,8210b4f6eac12a20575e673437437e82cfff653da437ea17992a3aed56a99207,3545,0,2,1
0,3,0,0,10,0.02647694400002365,0.015047999999999999,0.011275,28160000,NA,NA,NA,NA,NA,NA,NA,NA,106320,39898,2049,512,7b8f1ead52d1f75ea51a9518f4611f96b3105a83b8e9ff16958705114f2a13b3,4949,0,2,1
0,3,1,1,10,0.022505162000015844,0.014855,0.0075109999999999994,28618752,NA,NA,NA,NA,NA,NA,NA,NA,106320,39898,2049,512,7b8f1ead52d1f75ea51a9518f4611f96b3105a83b8e9ff16958705114f2a13b3,4963,0,2,0
0,3,0,0,11,0.021900580999499653,0.00726,0.010747999999999999,28401664,NA,NA,NA,NA,NA,NA,NA,NA,106320,39898,2049,512,7b8f1ead52d1f75ea51a9518f4611f96b3105a83b8e9ff16958705114f2a13b3,4957,0,1,2
0,3,1,1,11,0.021475456000189297,0.021329999999999998,0,28348416,NA,NA,NA,NA,NA,NA,NA,NA,106320,39898,2049,512,7b8f1ead52d1f75ea51a9518f4611f96b3105a83b8e9ff16958705114f2a13b3,4953,0,2,1
0,3,0,1,9,0.021318990000509075,0.010388,0.010676999999999999,28274688,NA,NA,NA,NA,NA,NA,NA,NA,147280,39898,2049,512,02ee45f00f5fa967779eb017bd9c1965526161af8ee6a0f23a31a68b3dbbac77,4985,0,2,2
0,3,1,0,9,0.022163530999932846,0.0091139999999999988,0.012926999999999999,28336128,NA,NA,NA,NA,NA,NA,NA,NA,147280,39898,2049,512,02ee45f00f5fa967779eb017bd9c1965526161af8ee6a0f23a31a68b3dbbac77,4980,0,2,0
0,3,0,1,15,0.025149413999315584,0.020236000000000001,0.0041149999999999997,29790208,NA,NA,NA,NA,NA,NA,NA,NA,247896,280189,4101,1,cf0f1cc1e290dce65809b3140c6f2dc9062a9f452120988a3a869e7faab69134,5197,0,2,2
0,3,1,0,15,0.023988144999748329,0.0201,0.0037629999999999999,29638656,NA,NA,NA,NA,NA,NA,NA,NA,247896,280189,4101,1,cf0f1cc1e290dce65809b3140c6f2dc9062a9f452120988a3a869e7faab69134,5194,0,2,0
0,3,0,1,12,0.042395278999720176,0.032690999999999998,0.00958,28581888,NA,NA,NA,NA,NA,NA,NA,NA,313424,280189,4101,1,0f9e44f960c45a3ca86cde574970381ef909d64a6bb2d20a17395bced584502a,5028,0,2,0
0,3,1,0,12,0.03537325600063923,0.031295999999999997,0.0039480000000000001,28819456,NA,NA,NA,NA,NA,NA,NA,NA,313424,280189,4101,1,0f9e44f960c45a3ca86cde574970381ef909d64a6bb2d20a17395bced584502a,5028,0,1,1
0,3,0,1,2,0.018872774000556092,0.012877999999999999,0.0028219999999999999,23040000,NA,NA,NA,NA,NA,NA,NA,NA,2008,133,5,1,8210b4f6eac12a20575e673437437e82cfff653da437ea17992a3aed56a99207,3554,0,1,0
0,3,1,0,2,0.018129306999981054,0.012333999999999999,0.0041349999999999998,22536192,NA,NA,NA,NA,NA,NA,NA,NA,2008,133,5,1,8210b4f6eac12a20575e673437437e82cfff653da437ea17992a3aed56a99207,3544,0,2,0
0,3,0,1,14,0.026617149999765388,0.018998999999999999,0.0074219999999999998,29663232,NA,NA,NA,NA,NA,NA,NA,NA,247896,280189,4101,1,cf0f1cc1e290dce65809b3140c6f2dc9062a9f452120988a3a869e7faab69134,5156,0,2,3
0,3,1,0,14,0.024522165999769641,0.016389999999999998,0.0079740000000000002,29122560,NA,NA,NA,NA,NA,NA,NA,NA,247896,280189,4101,1,cf0f1cc1e290dce65809b3140c6f2dc9062a9f452120988a3a869e7faab69134,5152,0,2,0
0,3,0,0,0,0.017871209999611892,0.010019,0.0076619999999999995,22470656,NA,NA,NA,NA,NA,NA,NA,NA,2008,133,5,1,a8c1633e798ef980493443e67e6fdb6eada42f775edf7051d304d09c3ddadf5a,3568,0,2,1
0,3,1,1,0,0.015962319999744068,0.0078779999999999996,0.0079209999999999992,22708224,NA,NA,NA,NA,NA,NA,NA,NA,2008,133,5,1,a8c1633e798ef980493443e67e6fdb6eada42f775edf7051d304d09c3ddadf5a,3570,0,2,0
0,3,0,0,20,0.17410340099922905,0.14918299999999998,0.024539999999999999,64507904,NA,NA,NA,NA,NA,NA,NA,NA,1746680,711531,19202,64,e4041ce2b5b6df572ca4d0ca66e6006ad368116646e82963f7e9550b84ab78ca,13664,0,2,3
0,3,1,1,20,0.15417223399981594,0.130995,0.023032,64614400,NA,NA,NA,NA,NA,NA,NA,NA,1746680,711531,19202,64,e4041ce2b5b6df572ca4d0ca66e6006ad368116646e82963f7e9550b84ab78ca,13668,0,1,1
0,3,0,0,6,0.025164320999465417,0.01223,0.012789999999999999,28401664,NA,NA,NA,NA,NA,NA,NA,NA,126024,51085,1029,1,d6479df97612ac41a8966333a6ef58076a32dad29a20f6bc64e0a5b65673088c,4938,0,1,1
0,3,1,1,6,0.034573655000713188,0.028694999999999998,0.0056549999999999994,28684288,NA,NA,NA,NA,NA,NA,NA,NA,126024,51085,1029,1,d6479df97612ac41a8966333a6ef58076a32dad29a20f6bc64e0a5b65673088c,4945,0,2,2
0,3,0,0,4,0.038259038000433065,0.038099999999999995,0,26509312,NA,NA,NA,NA,NA,NA,NA,NA,163920,51085,1029,1,3469c6c02ad818b9b840f744b74781f39d0d6d69319fb824d729f7875274b381,4521,0,2,1
0,3,1,1,4,0.035552811000343354,0.027462999999999998,0.0079139999999999992,26726400,NA,NA,NA,NA,NA,NA,NA,NA,163920,51085,1029,1,3469c6c02ad818b9b840f744b74781f39d0d6d69319fb824d729f7875274b381,4525,0,2,2
0,3,0,1,8,0.025755276999916532,0.011025,0.014565,29765632,NA,NA,NA,NA,NA,NA,NA,NA,98128,39898,2049,512,d54e0d3e437f1319c5e0037da4750229225984f79f1ebd587b1323affae587ab,5484,0,2,1
0,3,1,0,8,0.030961543000557867,0.017604999999999999,0.013195999999999999,29732864,NA,NA,NA,NA,NA,NA,NA,NA,98128,39898,2049,512,d54e0d3e437f1319c5e0037da4750229225984f79f1ebd587b1323affae587ab,5477,0,2,1
0,3,0,0,19,0.058129591999204422,0.048569999999999995,0.0094019999999999989,40210432,NA,NA,NA,NA,NA,NA,NA,NA,742032,235398,3329,64,bbb3d34b2aa5abdd298d84b8be032ee0c65ab3dbe74b5d4f0ba0963e99614893,7767,0,2,1
0,3,1,1,19,0.059496603999832587,0.050730999999999998,0.0085900000000000004,40222720,NA,NA,NA,NA,NA,NA,NA,NA,742032,235398,3329,64,bbb3d34b2aa5abdd298d84b8be032ee0c65ab3dbe74b5d4f0ba0963e99614893,7763,0,2,1
0,3,0,1,18,0.05201817499983008,0.027733999999999998,0.024125999999999998,40210432,NA,NA,NA,NA,NA,NA,NA,NA,742032,235398,3329,64,bbb3d34b2aa5abdd298d84b8be032ee0c65ab3dbe74b5d4f0ba0963e99614893,7771,0,1,2
0,3,1,0,18,0.053912144999230804,0.041738999999999998,0.011635,40415232,NA,NA,NA,NA,NA,NA,NA,NA,742032,235398,3329,64,bbb3d34b2aa5abdd298d84b8be032ee0c65ab3dbe74b5d4f0ba0963e99614893,7771,0,1,1
0,3,0,0,13,0.025187240999912319,0.020888,0.0040969999999999999,29569024,NA,NA,NA,NA,NA,NA,NA,NA,313536,280189,4101,1,5a04cd3dab823e43a4d317f4a27057eec5b1fcaecf9843229a14a897b95f1f29,5226,0,2,1
0,3,1,1,13,0.03411166299974866,0.02085,0.013104999999999999,29589504,NA,NA,NA,NA,NA,NA,NA,NA,313536,280189,4101,1,5a04cd3dab823e43a4d317f4a27057eec5b1fcaecf9843229a14a897b95f1f29,5233,0,2,1
0,3,0,0,22,0.17728877499939699,0.112883,0.060367999999999998,61939712,NA,NA,NA,NA,NA,NA,NA,NA,1433848,711531,19202,64,7fe8e0e1367c4dc75afe736c0ee35e3a3755c0152301f3880ce2412132a22623,13047,0,1,3
0,3,1,1,22,0.17299215700040804,0.101336,0.067750999999999992,62484480,NA,NA,NA,NA,NA,NA,NA,NA,1433848,711531,19202,64,7fe8e0e1367c4dc75afe736c0ee35e3a3755c0152301f3880ce2412132a22623,13054,0,2,2
0,4,0,1,13,0.029375493000770803,0.021443999999999998,0.007816,29499392,NA,NA,NA,NA,NA,NA,NA,NA,313536,280189,4101,1,5a04cd3dab823e43a4d317f4a27057eec5b1fcaecf9843229a14a897b95f1f29,5232,0,1,0
0,4,1,0,13,0.025172528000439343,0.020851999999999999,0.0041789999999999996,30134272,NA,NA,NA,NA,NA,NA,NA,NA,313536,280189,4101,1,5a04cd3dab823e43a4d317f4a27057eec5b1fcaecf9843229a14a897b95f1f29,5241,0,2,0
0,4,0,1,23,0.23196673300026305,0.13078699999999999,0.10038599999999999,62263296,NA,NA,NA,NA,NA,NA,NA,NA,1433848,711531,19202,64,7fe8e0e1367c4dc75afe736c0ee35e3a3755c0152301f3880ce2412132a22623,13107,0,2,4
0,4,1,0,23,0.41510609800025122,0.32430300000000001,0.090255999999999989,62713856,NA,NA,NA,NA,NA,NA,NA,NA,1433848,711531,19202,64,7fe8e0e1367c4dc75afe736c0ee35e3a3755c0152301f3880ce2412132a22623,13121,0,1,2
0,4,0,0,1,0.024136433000421675,0.012792999999999999,0.010825999999999999,23052288,NA,NA,NA,NA,NA,NA,NA,NA,2056,133,5,1,6b21b079ef6f8f7f055926600e53b906dd7be041e021dd2791b7aa8c55e24585,3560,0,1,2
0,4,1,1,1,0.020958639000127732,0.016215,0.0042160000000000001,22675456,NA,NA,NA,NA,NA,NA,NA,NA,2056,133,5,1,6b21b079ef6f8f7f055926600e53b906dd7be041e021dd2791b7aa8c55e24585,3550,0,2,1
0,4,0,1,12,0.041597983999963617,0.032433999999999998,0.008036999999999999,28573696,NA,NA,NA,NA,NA,NA,NA,NA,313424,280189,4101,1,0f9e44f960c45a3ca86cde574970381ef909d64a6bb2d20a17395bced584502a,5022,0,2,1
0,4,1,0,12,0.047533517999909236,0.04181,0.0046730000000000001,28663808,NA,NA,NA,NA,NA,NA,NA,NA,313424,280189,4101,1,0f9e44f960c45a3ca86cde574970381ef909d64a6bb2d20a17395bced584502a,5026,0,2,1
0,4,0,0,4,0.04016734600008931,0.031454999999999997,0.0082389999999999998,26681344,NA,NA,NA,NA,NA,NA,NA,NA,163920,51085,1029,1,3469c6c02ad818b9b840f744b74781f39d0d6d69319fb824d729f7875274b381,4524,0,2,1
0,4,1,1,4,0.039178309999442718,0.026894999999999999,0.012142,26640384,NA,NA,NA,NA,NA,NA,NA,NA,163920,51085,1029,1,3469c6c02ad818b9b840f744b74781f39d0d6d69319fb824d729f7875274b381,4526,0,1,1
0,4,0,0,10,0.027837359000841388,0.011984,0.015720999999999999,28614656,NA,NA,NA,NA,NA,NA,NA,NA,106320,39898,2049,512,7b8f1ead52d1f75ea51a9518f4611f96b3105a83b8e9ff16958705114f2a13b3,4954,0,2,0
0,4,1,1,10,0.02535553199959395,0.014294999999999999,0.0071609999999999998,28622848,NA,NA,NA,NA,NA,NA,NA,NA,106320,39898,2049,512,7b8f1ead52d1f75ea51a9518f4611f96b3105a83b8e9ff16958705114f2a13b3,4957,0,1,1
0,4,0,1,21,0.11349736899956042,0.085502999999999996,0.027822,64114688,NA,NA,NA,NA,NA,NA,NA,NA,2209528,711531,19202,64,955dcf7525f03629d689feea1585905e0b8700805efb32f241197b1ebcb41ffa,13615,0,2,1
0,4,1,0,21,0.10775324000042019,0.072544999999999998,0.034898999999999999,64540672,NA,NA,NA,NA,NA,NA,NA,NA,2209528,711531,19202,64,955dcf7525f03629d689feea1585905e0b8700805efb32f241197b1ebcb41ffa,13618,0,2,2
0,4,0,1,20,0.17326345299989043,0.14315,0.029884999999999998,64499712,NA,NA,NA,NA,NA,NA,NA,NA,1746680,711531,19202,64,e4041ce2b5b6df572ca4d0ca66e6006ad368116646e82963f7e9550b84ab78ca,13660,0,2,2
0,4,1,0,20,0.18054699399999663,0.160277,0.019918999999999999,64401408,NA,NA,NA,NA,NA,NA,NA,NA,1746680,711531,19202,64,e4041ce2b5b6df572ca4d0ca66e6006ad368116646e82963f7e9550b84ab78ca,13668,0,1,3
0,4,0,1,3,0.0254545509997115,0.013826,0.011453,22880256,NA,NA,NA,NA,NA,NA,NA,NA,2008,133,5,1,8210b4f6eac12a20575e673437437e82cfff653da437ea17992a3aed56a99207,3554,0,1,1
0,4,1,0,3,0.018525177999435982,0.01401,0.0043699999999999998,22966272,NA,NA,NA,NA,NA,NA,NA,NA,2008,133,5,1,8210b4f6eac12a20575e673437437e82cfff653da437ea17992a3aed56a99207,3557,0,2,0
0,4,0,1,6,0.024952409000434272,0.020546999999999999,0.0035299999999999997,28401664,NA,NA,NA,NA,NA,NA,NA,NA,126024,51085,1029,1,d6479df97612ac41a8966333a6ef58076a32dad29a20f6bc64e0a5b65673088c,4939,0,1,2
0,4,1,0,6,0.023610647000168683,0.019431999999999998,0.0039039999999999999,28782592,NA,NA,NA,NA,NA,NA,NA,NA,126024,51085,1029,1,d6479df97612ac41a8966333a6ef58076a32dad29a20f6bc64e0a5b65673088c,4937,0,2,2
0,4,0,0,19,0.071868803999677766,0.057872,0.013842,40341504,NA,NA,NA,NA,NA,NA,NA,NA,742032,235398,3329,64,bbb3d34b2aa5abdd298d84b8be032ee0c65ab3dbe74b5d4f0ba0963e99614893,7765,0,2,1
0,4,1,1,19,0.053500557000006665,0.036975999999999995,0.016351000000000001,40316928,NA,NA,NA,NA,NA,NA,NA,NA,742032,235398,3329,64,bbb3d34b2aa5abdd298d84b8be032ee0c65ab3dbe74b5d4f0ba0963e99614893,7767,0,2,1
0,4,0,1,7,0.024786361000224133,0.012130999999999999,0.012459999999999999,28766208,NA,NA,NA,NA,NA,NA,NA,NA,126024,51085,1029,1,d6479df97612ac41a8966333a6ef58076a32dad29a20f6bc64e0a5b65673088c,4998,0,2,1
0,4,1,0,7,0.025686602999485331,0.020961,0.0045849999999999997,28770304,NA,NA,NA,NA,NA,NA,NA,NA,126024,51085,1029,1,d6479df97612ac41a8966333a6ef58076a32dad29a20f6bc64e0a5b65673088c,4997,0,2,0
0,4,0,1,2,0.016401922999648377,0.012331999999999999,0.0039119999999999997,22339584,NA,NA,NA,NA,NA,NA,NA,NA,2008,133,5,1,8210b4f6eac12a20575e673437437e82cfff653da437ea17992a3aed56a99207,3548,0,2,0
0,4,1,0,2,0.01736444499965728,0.013158999999999999,0.0040539999999999994,22880256,NA,NA,NA,NA,NA,NA,NA,NA,2008,133,5,1,8210b4f6eac12a20575e673437437e82cfff653da437ea17992a3aed56a99207,3535,0,2,1
0,4,0,0,0,0.016773565999756102,0.0082819999999999994,0.0082109999999999995,22999040,NA,NA,NA,NA,NA,NA,NA,NA,2008,133,5,1,a8c1633e798ef980493443e67e6fdb6eada42f775edf7051d304d09c3ddadf5a,3580,0,2,1
0,4,1,1,0,0.018920997999885003,0.01537,0.0034139999999999999,22687744,NA,NA,NA,NA,NA,NA,NA,NA,2008,133,5,1,a8c1633e798ef980493443e67e6fdb6eada42f775edf7051d304d09c3ddadf5a,3570,0,2,1
0,4,0,0,15,0.025304531999609026,0.012692,0.012473999999999999,29302784,NA,NA,NA,NA,NA,NA,NA,NA,247896,280189,4101,1,cf0f1cc1e290dce65809b3140c6f2dc9062a9f452120988a3a869e7faab69134,5192,0,2,1
0,4,1,1,15,0.026576262000162387,0.016944000000000001,0.0094809999999999998,29302784,NA,NA,NA,NA,NA,NA,NA,NA,247896,280189,4101,1,cf0f1cc1e290dce65809b3140c6f2dc9062a9f452120988a3a869e7faab69134,5192,0,2,1
0,4,0,1,16,0.083659063000595779,0.075382999999999992,0.0081239999999999993,42266624,NA,NA,NA,NA,NA,NA,NA,NA,1083024,235398,3329,64,5916968f62e510f778d0d1e3d1fe7cb78db1f7fd7a3ef52fe1a3aefaf683922d,8303,0,2,1
0,4,1,0,16,0.077878029000203242,0.050639999999999998,0.027066,41930752,NA,NA,NA,NA,NA,NA,NA,NA,1083024,235398,3329,64,5916968f62e510f778d0d1e3d1fe7cb78db1f7fd7a3ef52fe1a3aefaf683922d,8300,0,2,2
0,4,0,0,5,0.024329734999810171,0.024208999999999998,0,28778496,NA,NA,NA,NA,NA,NA,NA,NA,192736,51085,1029,1,98c15b8b4636441c6e839c68a3bed9dee3bd8ae062882739073db7b7ed7d66f3,4980,0,1,1
0,4,1,1,5,0.024244354999609641,0.020036999999999999,0.0040980000000000001,28766208,NA,NA,NA,NA,NA,NA,NA,NA,192736,51085,1029,1,98c15b8b4636441c6e839c68a3bed9dee3bd8ae062882739073db7b7ed7d66f3,4979,0,1,1
0,4,0,1,22,0.1055311129994152,0.08255499999999999,0.022814999999999998,62042112,NA,NA,NA,NA,NA,NA,NA,NA,1433848,711531,19202,64,7fe8e0e1367c4dc75afe736c0ee35e3a3755c0152301f3880ce2412132a22623,13042,0,1,2
0,4,1,0,22,0.098680601999149076,0.067634,0.030734999999999998,62451712,NA,NA,NA,NA,NA,NA,NA,NA,1433848,711531,19202,64,7fe8e0e1367c4dc75afe736c0ee35e3a3755c0152301f3880ce2412132a22623,13046,0,1,1
0,4,0,0,17,0.061970966999979282,0.048931999999999996,0.012881999999999999,40906752,NA,NA,NA,NA,NA,NA,NA,NA,1009296,235398,3329,64,38ac9f9d8df5158b7a074eaf4b5e0c874f05fd31c535c3796e06db0d216a0323,7938,0,1,1
0,4,1,1,17,0.065169997999873885,0.036449999999999996,0.028487999999999999,41037824,NA,NA,NA,NA,NA,NA,NA,NA,1009296,235398,3329,64,38ac9f9d8df5158b7a074eaf4b5e0c874f05fd31c535c3796e06db0d216a0323,7940,0,1,2
0,4,0,1,18,0.051786225999421731,0.039455999999999998,0.012156999999999999,40382464,NA,NA,NA,NA,NA,NA,NA,NA,742032,235398,3329,64,bbb3d34b2aa5abdd298d84b8be032ee0c65ab3dbe74b5d4f0ba0963e99614893,7769,0,2,1
0,4,1,0,18,0.050166834999799903,0.041959999999999997,0.0080199999999999994,40210432,NA,NA,NA,NA,NA,NA,NA,NA,742032,235398,3329,64,bbb3d34b2aa5abdd298d84b8be032ee0c65ab3dbe74b5d4f0ba0963e99614893,7773,0,2,1
0,4,0,0,9,0.02540828600012901,0.012253999999999999,0.013004999999999999,28315648,NA,NA,NA,NA,NA,NA,NA,NA,147280,39898,2049,512,02ee45f00f5fa967779eb017bd9c1965526161af8ee6a0f23a31a68b3dbbac77,4978,0,1,1
0,4,1,1,9,0.034117173000595358,0.028650999999999999,0.0052889999999999994,28762112,NA,NA,NA,NA,NA,NA,NA,NA,147280,39898,2049,512,02ee45f00f5fa967779eb017bd9c1965526161af8ee6a0f23a31a68b3dbbac77,4987,0,2,1
0,4,0,1,14,0.025997552000262658,0.018380000000000001,0.0074729999999999996,29659136,NA,NA,NA,NA,NA,NA,NA,NA,247896,280189,4101,1,cf0f1cc1e290dce65809b3140c6f2dc9062a9f452120988a3a869e7faab69134,5153,0,2,1
0,4,1,0,14,0.026128963999326515,0.018242999999999999,0.007685,29659136,NA,NA,NA,NA,NA,NA,NA,NA,247896,280189,4101,1,cf0f1cc1e290dce65809b3140c6f2dc9062a9f452120988a3a869e7faab69134,5160,0,2,1
0,4,0,0,8,0.024996954000016558,0.020878999999999998,0.0039499999999999995,29536256,NA,NA,NA,NA,NA,NA,NA,NA,98128,39898,2049,512,d54e0d3e437f1319c5e0037da4750229225984f79f1ebd587b1323affae587ab,5482,0,2,1
0,4,1,1,8,0.024335192000762618,0.020067999999999999,0.0041339999999999997,29495296,NA,NA,NA,NA,NA,NA,NA,NA,98128,39898,2049,512,d54e0d3e437f1319c5e0037da4750229225984f79f1ebd587b1323affae587ab,5481,0,2,0
0,4,0,0,11,0.021869766000236268,0.017232000000000001,0.0045049999999999995,28135424,NA,NA,NA,NA,NA,NA,NA,NA,106320,39898,2049,512,7b8f1ead52d1f75ea51a9518f4611f96b3105a83b8e9ff16958705114f2a13b3,4958,0,2,1
0,4,1,1,11,0.024897391999729734,0.023762999999999999,0,28217344,NA,NA,NA,NA,NA,NA,NA,NA,106320,39898,2049,512,7b8f1ead52d1f75ea51a9518f4611f96b3105a83b8e9ff16958705114f2a13b3,4958,0,2,1
0,5,0,1,4,0.035301285000059579,0.035203999999999999,0,26775552,NA,NA,NA,NA,NA,NA,NA,NA,163920,51085,1029,1,3469c6c02ad818b9b840f744b74781f39d0d6d69319fb824d729f7875274b381,4523,0,1,1
0,5,1,0,4,0.036796432999835815,0.027656999999999998,0.0079919999999999991,26546176,NA,NA,NA,NA,NA,NA,NA,NA,163920,51085,1029,1,3469c6c02ad818b9b840f744b74781f39d0d6d69319fb824d729f7875274b381,4526,0,1,0
0,5,0,0,22,0.20245192899983522,0.092120999999999995,0.108694,61988864,NA,NA,NA,NA,NA,NA,NA,NA,1433848,711531,19202,64,7fe8e0e1367c4dc75afe736c0ee35e3a3755c0152301f3880ce2412132a22623,13038,0,2,15
0,5,1,1,22,0.10987325999940367,0.086013999999999993,0.02368,62324736,NA,NA,NA,NA,NA,NA,NA,NA,1433848,711531,19202,64,7fe8e0e1367c4dc75afe736c0ee35e3a3755c0152301f3880ce2412132a22623,13047,0,2,1
0,5,0,1,8,0.027019387000109418,0.011849999999999999,0.014846,29528064,NA,NA,NA,NA,NA,NA,NA,NA,98128,39898,2049,512,d54e0d3e437f1319c5e0037da4750229225984f79f1ebd587b1323affae587ab,5476,0,2,0
0,5,1,0,8,0.025522431999888795,0.021135999999999999,0.004274,29708288,NA,NA,NA,NA,NA,NA,NA,NA,98128,39898,2049,512,d54e0d3e437f1319c5e0037da4750229225984f79f1ebd587b1323affae587ab,5483,0,2,0
0,5,0,1,10,0.023190670999611029,0.018294999999999999,0.0047919999999999994,28672000,NA,NA,NA,NA,NA,NA,NA,NA,106320,39898,2049,512,7b8f1ead52d1f75ea51a9518f4611f96b3105a83b8e9ff16958705114f2a13b3,4963,0,2,0
0,5,1,0,10,0.021570726999925682,0.017087999999999999,0.0043829999999999997,28766208,NA,NA,NA,NA,NA,NA,NA,NA,106320,39898,2049,512,7b8f1ead52d1f75ea51a9518f4611f96b3105a83b8e9ff16958705114f2a13b3,4959,0,2,0
0,5,0,0,20,0.1780465819992969,0.14174999999999999,0.036163000000000001,64401408,NA,NA,NA,NA,NA,NA,NA,NA,1746680,711531,19202,64,e4041ce2b5b6df572ca4d0ca66e6006ad368116646e82963f7e9550b84ab78ca,13660,0,2,1
0,5,1,1,20,0.17656985499979783,0.14838199999999999,0.027992,64311296,NA,NA,NA,NA,NA,NA,NA,NA,1746680,711531,19202,64,e4041ce2b5b6df572ca4d0ca66e6006ad368116646e82963f7e9550b84ab78ca,13667,0,2,2
0,5,0,0,12,0.041686333999678027,0.032889000000000002,0.008404,28696576,NA,NA,NA,NA,NA,NA,NA,NA,313424,280189,4101,1,0f9e44f960c45a3ca86cde574970381ef909d64a6bb2d20a17395bced584502a,5024,0,2,0
0,5,1,1,12,0.036574345999724756,0.028615999999999999,0.0078269999999999989,28827648,NA,NA,NA,NA,NA,NA,NA,NA,313424,280189,4101,1,0f9e44f960c45a3ca86cde574970381ef909d64a6bb2d20a17395bced584502a,5026,0,2,0
0,5,0,0,16,0.084124531000270508,0.065022999999999997,0.019002999999999999,42176512,NA,NA,NA,NA,NA,NA,NA,NA,1083024,235398,3329,64,5916968f62e510f778d0d1e3d1fe7cb78db1f7fd7a3ef52fe1a3aefaf683922d,8302,0,2,0
0,5,1,1,16,0.082967678000386513,0.075449000000000002,0.0074119999999999993,41992192,NA,NA,NA,NA,NA,NA,NA,NA,1083024,235398,3329,64,5916968f62e510f778d0d1e3d1fe7cb78db1f7fd7a3ef52fe1a3aefaf683922d,8294,0,2,0
0,5,0,1,15,0.029587121000076877,0.011035999999999999,0.018321999999999998,29769728,NA,NA,NA,NA,NA,NA,NA,NA,247896,280189,4101,1,cf0f1cc1e290dce65809b3140c6f2dc9062a9f452120988a3a869e7faab69134,5199,0,2,0
0,5,1,0,15,0.027829538000332832,0.015807999999999999,0.011901999999999999,29364224,NA,NA,NA,NA,NA,NA,NA,NA,247896,280189,4101,1,cf0f1cc1e290dce65809b3140c6f2dc9062a9f452120988a3a869e7faab69134,5188,0,2,0
0,5,0,0,2,0.017227751000064018,0.010204,0.0069069999999999999,22974464,NA,NA,NA,NA,NA,NA,NA,NA,2008,133,5,1,8210b4f6eac12a20575e673437437e82cfff653da437ea17992a3aed56a99207,3552,0,2,1
0,5,1,1,2,0.01655776200004766,0.016434000000000001,0,23015424,NA,NA,NA,NA,NA,NA,NA,NA,2008,133,5,1,8210b4f6eac12a20575e673437437e82cfff653da437ea17992a3aed56a99207,3556,0,2,0
0,5,0,0,3,0.016227694000008341,0.0079679999999999994,0.0081829999999999993,23031808,NA,NA,NA,NA,NA,NA,NA,NA,2008,133,5,1,8210b4f6eac12a20575e673437437e82cfff653da437ea17992a3aed56a99207,3561,0,2,0
0,5,1,1,3,0.015743354000733234,0.007899999999999999,0.0077510000000000001,22581248,NA,NA,NA,NA,NA,NA,NA,NA,2008,133,5,1,8210b4f6eac12a20575e673437437e82cfff653da437ea17992a3aed56a99207,3548,0,2,0
0,5,0,0,14,0.026500711000153387,0.018776999999999999,0.0076449999999999999,29548544,NA,NA,NA,NA,NA,NA,NA,NA,247896,280189,4101,1,cf0f1cc1e290dce65809b3140c6f2dc9062a9f452120988a3a869e7faab69134,5153,0,2,0
0,5,1,1,14,0.025899176000166335,0.021360999999999998,0.0044549999999999998,29675520,NA,NA,NA,NA,NA,NA,NA,NA,247896,280189,4101,1,cf0f1cc1e290dce65809b3140c6f2dc9062a9f452120988a3a869e7faab69134,5162,0,2,0
0,5,0,1,0,0.018614659999911964,0.006803,0.011717999999999999,22544384,NA,NA,NA,NA,NA,NA,NA,NA,2008,133,5,1,a8c1633e798ef980493443e67e6fdb6eada42f775edf7051d304d09c3ddadf5a,3577,0,2,0
0,5,1,0,0,0.01633252099964011,0.012189999999999999,0.0040539999999999994,22831104,NA,NA,NA,NA,NA,NA,NA,NA,2008,133,5,1,a8c1633e798ef980493443e67e6fdb6eada42f775edf7051d304d09c3ddadf5a,3577,0,2,0
0,5,0,1,5,0.024397443000452768,0.020045999999999998,0.0042680000000000001,28774400,NA,NA,NA,NA,NA,NA,NA,NA,192736,51085,1029,1,98c15b8b4636441c6e839c68a3bed9dee3bd8ae062882739073db7b7ed7d66f3,4975,0,2,0
0,5,1,0,5,0.024380670000027749,0.020153000000000001,0.0041219999999999998,28762112,NA,NA,NA,NA,NA,NA,NA,NA,192736,51085,1029,1,98c15b8b4636441c6e839c68a3bed9dee3bd8ae062882739073db7b7ed7d66f3,4974,0,2,1
0,5,0,1,11,0.021683553000002576,0.012867,0.0087390000000000002,28766208,NA,NA,NA,NA,NA,NA,NA,NA,106320,39898,2049,512,7b8f1ead52d1f75ea51a9518f4611f96b3105a83b8e9ff16958705114f2a13b3,4961,0,2,0
0,5,1,0,11,0.0216468349999559,0.014397999999999999,0.0071519999999999995,28184576,NA,NA,NA,NA,NA,NA,NA,NA,106320,39898,2049,512,7b8f1ead52d1f75ea51a9518f4611f96b3105a83b8e9ff16958705114f2a13b3,4951,0,2,0
0,5,0,0,21,0.1055308420000074,0.072524999999999992,0.032895000000000001,64667648,NA,NA,NA,NA,NA,NA,NA,NA,2209528,711531,19202,64,955dcf7525f03629d689feea1585905e0b8700805efb32f241197b1ebcb41ffa,13623,0,2,0
0,5,1,1,21,0.11364022699945053,0.082462999999999995,0.031052,64692224,NA,NA,NA,NA,NA,NA,NA,NA,2209528,711531,19202,64,955dcf7525f03629d689feea1585905e0b8700805efb32f241197b1ebcb41ffa,13624,0,2,1
0,5,0,1,17,0.059576108000328531,0.047947999999999998,0.011507,41037824,NA,NA,NA,NA,NA,NA,NA,NA,1009296,235398,3329,64,38ac9f9d8df5158b7a074eaf4b5e0c874f05fd31c535c3796e06db0d216a0323,7940,0,2,0
0,5,1,0,17,0.059864404000109062,0.051762999999999997,0.007951999999999999,40996864,NA,NA,NA,NA,NA,NA,NA,NA,1009296,235398,3329,64,38ac9f9d8df5158b7a074eaf4b5e0c874f05fd31c535c3796e06db0d216a0323,7932,0,2,0
0,5,0,1,1,0.0232172329997411,0.014485999999999999,0.0085849999999999989,23031808,NA,NA,NA,NA,NA,NA,NA,NA,2056,133,5,1,6b21b079ef6f8f7f055926600e53b906dd7be041e021dd2791b7aa8c55e24585,3560,0,2,0
0,5,1,0,1,0.023643251999601489,0.018744,0.0047959999999999999,22458368,NA,NA,NA,NA,NA,NA,NA,NA,2056,133,5,1,6b21b079ef6f8f7f055926600e53b906dd7be041e021dd2791b7aa8c55e24585,3544,0,2,0
0,5,0,0,13,0.027217584000027273,0.017686,0.0094399999999999987,30048256,NA,NA,NA,NA,NA,NA,NA,NA,313536,280189,4101,1,5a04cd3dab823e43a4d317f4a27057eec5b1fcaecf9843229a14a897b95f1f29,5235,0,2,0
0,5,1,1,13,0.026043300999845087,0.017017999999999998,0.008881,30097408,NA,NA,NA,NA,NA,NA,NA,NA,313536,280189,4101,1,5a04cd3dab823e43a4d317f4a27057eec5b1fcaecf9843229a14a897b95f1f29,5233,0,2,0
0,5,0,0,7,0.023952497000209405,0.015868999999999998,0.0079959999999999996,28827648,NA,NA,NA,NA,NA,NA,NA,NA,126024,51085,1029,1,d6479df97612ac41a8966333a6ef58076a32dad29a20f6bc64e0a5b65673088c,4992,0,2,0
0,5,1,1,7,0.024981571999887819,0.017899999999999999,0.0069540000000000001,28495872,NA,NA,NA,NA,NA,NA,NA,NA,126024,51085,1029,1,d6479df97612ac41a8966333a6ef58076a32dad29a20f6bc64e0a5b65673088c,4994,0,2,0
0,5,0,0,6,0.032092381999973441,0.023927999999999998,0.00809,28758016,NA,NA,NA,NA,NA,NA,NA,NA,126024,51085,1029,1,d6479df97612ac41a8966333a6ef58076a32dad29a20f6bc64e0a5b65673088c,4945,0,2,0
0,5,1,1,6,0.024611384000309044,0.020428999999999999,0.004091,28745728,NA,NA,NA,NA,NA,NA,NA,NA,126024,51085,1029,1,d6479df97612ac41a8966333a6ef58076a32dad29a20f6bc64e0a5b65673088c,4942,0,2,0
0,5,0,0,18,0.056709761999627517,0.035811999999999997,0.020752,40349696,NA,NA,NA,NA,NA,NA,NA,NA,742032,235398,3329,64,bbb3d34b2aa5abdd298d84b8be032ee0c65ab3dbe74b5d4f0ba0963e99614893,7777,0,2,0
0,5,1,1,18,0.050117114999920886,0.033356999999999998,0.016642000000000001,40349696,NA,NA,NA,NA,NA,NA,NA,NA,742032,235398,3329,64,bbb3d34b2aa5abdd298d84b8be032ee0c65ab3dbe74b5d4f0ba0963e99614893,7776,0,2,1
0,5,0,1,19,0.054814077000628458,0.050678000000000001,0.0040079999999999994,39915520,NA,NA,NA,NA,NA,NA,NA,NA,742032,235398,3329,64,bbb3d34b2aa5abdd298d84b8be032ee0c65ab3dbe74b5d4f0ba0963e99614893,7756,0,2,1
0,5,1,0,19,0.050015695000183769,0.033325,0.016593999999999998,39903232,NA,NA,NA,NA,NA,NA,NA,NA,742032,235398,3329,64,bbb3d34b2aa5abdd298d84b8be032ee0c65ab3dbe74b5d4f0ba0963e99614893,7763,0,2,0
0,5,0,1,9,0.022740510000403447,0.011309,0.011346,28717056,NA,NA,NA,NA,NA,NA,NA,NA,147280,39898,2049,512,02ee45f00f5fa967779eb017bd9c1965526161af8ee6a0f23a31a68b3dbbac77,4984,0,2,0
0,5,1,0,9,0.022767953000766283,0.018676999999999999,0.0040019999999999995,28299264,NA,NA,NA,NA,NA,NA,NA,NA,147280,39898,2049,512,02ee45f00f5fa967779eb017bd9c1965526161af8ee6a0f23a31a68b3dbbac77,4985,0,2,0
0,5,0,0,23,0.12126013800025248,0.097574999999999995,0.023573999999999998,62722048,NA,NA,NA,NA,NA,NA,NA,NA,1433848,711531,19202,64,7fe8e0e1367c4dc75afe736c0ee35e3a3755c0152301f3880ce2412132a22623,13117,0,2,1
0,5,1,1,23,0.11548460800077009,0.091444999999999999,0.023910999999999998,62713856,NA,NA,NA,NA,NA,NA,NA,NA,1433848,711531,19202,64,7fe8e0e1367c4dc75afe736c0ee35e3a3755c0152301f3880ce2412132a22623,13114,0,2,0
0,6,0,0,3,0.022920972999600053,0.017721999999999998,0.0047069999999999994,22331392,NA,NA,NA,NA,NA,NA,NA,NA,2008,133,5,1,8210b4f6eac12a20575e673437437e82cfff653da437ea17992a3aed56a99207,3551,0,2,0
0,6,1,1,3,0.017967918999602261,0.014152999999999999,0.0037269999999999998,22597632,NA,NA,NA,NA,NA,NA,NA,NA,2008,133,5,1,8210b4f6eac12a20575e673437437e82cfff653da437ea17992a3aed56a99207,3545,0,2,0
0,6,0,1,15,0.025034930999936478,0.020778999999999999,0.0041700000000000001,29831168,NA,NA,NA,NA,NA,NA,NA,NA,247896,280189,4101,1,cf0f1cc1e290dce65809b3140c6f2dc9062a9f452120988a3a869e7faab69134,5191,0,2,0
0,6,1,0,15,0.026134855000236712,0.017360999999999998,0.0086389999999999991,29302784,NA,NA,NA,NA,NA,NA,NA,NA,247896,280189,4101,1,cf0f1cc1e290dce65809b3140c6f2dc9062a9f452120988a3a869e7faab69134,5183,0,2,0
0,6,0,1,2,0.021435626999846136,0.021333999999999999,0,22814720,NA,NA,NA,NA,NA,NA,NA,NA,2008,133,5,1,8210b4f6eac12a20575e673437437e82cfff653da437ea17992a3aed56a99207,3557,0,2,1
0,6,1,0,2,0.01868935499987856,0.013999999999999999,0.0045379999999999995,23015424,NA,NA,NA,NA,NA,NA,NA,NA,2008,133,5,1,8210b4f6eac12a20575e673437437e82cfff653da437ea17992a3aed56a99207,3557,0,2,0
0,6,0,0,6,0.025763988000107929,0.025677999999999999,0,28790784,NA,NA,NA,NA,NA,NA,NA,NA,126024,51085,1029,1,d6479df97612ac41a8966333a6ef58076a32dad29a20f6bc64e0a5b65673088c,4939,0,2,0
0,6,1,1,6,0.023930376000862452,0.019864,0.0039699999999999996,28798976,NA,NA,NA,NA,NA,NA,NA,NA,126024,51085,1029,1,d6479df97612ac41a8966333a6ef58076a32dad29a20f6bc64e0a5b65673088c,4942,0,2,0
0,6,0,1,11,0.023533259999567235,0.015845999999999999,0.0075689999999999993,28618752,NA,NA,NA,NA,NA,NA,NA,NA,106320,39898,2049,512,7b8f1ead52d1f75ea51a9518f4611f96b3105a83b8e9ff16958705114f2a13b3,4963,0,2,1
0,6,1,0,11,0.023180770000180928,0.023074999999999998,0,28344320,NA,NA,NA,NA,NA,NA,NA,NA,106320,39898,2049,512,7b8f1ead52d1f75ea51a9518f4611f96b3105a83b8e9ff16958705114f2a13b3,4949,0,2,0
0,6,0,0,5,0.025486231000286352,0.016382000000000001,0.0090159999999999997,28315648,NA,NA,NA,NA,NA,NA,NA,NA,192736,51085,1029,1,98c15b8b4636441c6e839c68a3bed9dee3bd8ae062882739073db7b7ed7d66f3,4976,0,2,0
0,6,1,1,5,0.026368101999651117,0.026088,0,28770304,NA,NA,NA,NA,NA,NA,NA,NA,192736,51085,1029,1,98c15b8b4636441c6e839c68a3bed9dee3bd8ae062882739073db7b7ed7d66f3,4977,0,2,0
0,6,0,1,9,0.03259076999984245,0.017166000000000001,0.015325,28307456,NA,NA,NA,NA,NA,NA,NA,NA,147280,39898,2049,512,02ee45f00f5fa967779eb017bd9c1965526161af8ee6a0f23a31a68b3dbbac77,4987,0,2,0
0,6,1,0,9,0.024137630999575777,0.016306999999999999,0.0077339999999999996,28368896,NA,NA,NA,NA,NA,NA,NA,NA,147280,39898,2049,512,02ee45f00f5fa967779eb017bd9c1965526161af8ee6a0f23a31a68b3dbbac77,4984,0,2,1
0,6,0,1,7,0.02520165799978713,0.010945,0.014027999999999999,28430336,NA,NA,NA,NA,NA,NA,NA,NA,126024,51085,1029,1,d6479df97612ac41a8966333a6ef58076a32dad29a20f6bc64e0a5b65673088c,4987,0,2,0
0,6,1,0,7,0.023681081000177073,0.019698999999999998,0.0038889999999999997,28856320,NA,NA,NA,NA,NA,NA,NA,NA,126024,51085,1029,1,d6479df97612ac41a8966333a6ef58076a32dad29a20f6bc64e0a5b65673088c,5000,0,2,0
0,6,0,0,14,0.024905742999180802,0.012126,0.012688,29638656,NA,NA,NA,NA,NA,NA,NA,NA,247896,280189,4101,1,cf0f1cc1e290dce65809b3140c6f2dc9062a9f452120988a3a869e7faab69134,5155,0,2,0
0,6,1,1,14,0.028546412000650889,0.022498999999999998,0.005953,29200384,NA,NA,NA,NA,NA,NA,NA,NA,247896,280189,4101,1,cf0f1cc1e290dce65809b3140c6f2dc9062a9f452120988a3a869e7faab69134,5156,0,2,1
0,6,0,0,16,0.08185439499993663,0.065372,0.016390999999999999,42180608,NA,NA,NA,NA,NA,NA,NA,NA,1083024,235398,3329,64,5916968f62e510f778d0d1e3d1fe7cb78db1f7fd7a3ef52fe1a3aefaf683922d,8302,0,2,0
0,6,1,1,16,0.080992260000130045,0.065558999999999992,0.015311,42029056,NA,NA,NA,NA,NA,NA,NA,NA,1083024,235398,3329,64,5916968f62e510f778d0d1e3d1fe7cb78db1f7fd7a3ef52fe1a3aefaf683922d,8291,0,2,0
0,6,0,0,20,0.15367261600022175,0.133466,0.020013,64360448,NA,NA,NA,NA,NA,NA,NA,NA,1746680,711531,19202,64,e4041ce2b5b6df572ca4d0ca66e6006ad368116646e82963f7e9550b84ab78ca,13664,0,2,1
0,6,1,1,20,0.15752795300068101,0.13250499999999998,0.024844999999999999,64466944,NA,NA,NA,NA,NA,NA,NA,NA,1746680,711531,19202,64,e4041ce2b5b6df572ca4d0ca66e6006ad368116646e82963f7e9550b84ab78ca,13667,0,2,2
0,6,0,1,12,0.065269215000625991,0.036728999999999998,0.023009999999999999,28721152,NA,NA,NA,NA,NA,NA,NA,NA,313424,280189,4101,1,0f9e44f960c45a3ca86cde574970381ef909d64a6bb2d20a17395bced584502a,5024,0,2,2
0,6,1,0,12,0.13258709799993085,0.031949999999999999,0.099992999999999999,28581888,NA,NA,NA,NA,NA,NA,NA,NA,313424,280189,4101,1,0f9e44f960c45a3ca86cde574970381ef909d64a6bb2d20a17395bced584502a,5030,0,2,1
0,6,0,1,21,0.14046732099996007,0.081883999999999998,0.058427,64712704,NA,NA,NA,NA,NA,NA,NA,NA,2209528,711531,19202,64,955dcf7525f03629d689feea1585905e0b8700805efb32f241197b1ebcb41ffa,13615,0,2,0
0,6,1,0,21,0.1137446179991457,0.084130999999999997,0.029390999999999997,64114688,NA,NA,NA,NA,NA,NA,NA,NA,2209528,711531,19202,64,955dcf7525f03629d689feea1585905e0b8700805efb32f241197b1ebcb41ffa,13613,0,2,0
0,6,0,1,22,0.11463436099984392,0.085883000000000001,0.028608999999999999,62001152,NA,NA,NA,NA,NA,NA,NA,NA,1433848,711531,19202,64,7fe8e0e1367c4dc75afe736c0ee35e3a3755c0152301f3880ce2412132a22623,13048,0,2,0
0,6,1,0,22,0.10599906500010547,0.089721999999999996,0.016107,62418944,NA,NA,NA,NA,NA,NA,NA,NA,1433848,711531,19202,64,7fe8e0e1367c4dc75afe736c0ee35e3a3755c0152301f3880ce2412132a22623,13046,0,2,2
0,6,0,0,8,0.027005762999579019,0.011238999999999999,0.015623999999999999,29548544,NA,NA,NA,NA,NA,NA,NA,NA,98128,39898,2049,512,d54e0d3e437f1319c5e0037da4750229225984f79f1ebd587b1323affae587ab,5480,0,2,0
0,6,1,1,8,0.026993530000254395,0.011054,0.015554,29523968,NA,NA,NA,NA,NA,NA,NA,NA,98128,39898,2049,512,d54e0d3e437f1319c5e0037da4750229225984f79f1ebd587b1323affae587ab,5481,0,2,0
0,6,0,0,18,0.053440543000760954,0.045377999999999995,0.0077459999999999994,39874560,NA,NA,NA,NA,NA,NA,NA,NA,742032,235398,3329,64,bbb3d34b2aa5abdd298d84b8be032ee0c65ab3dbe74b5d4f0ba0963e99614893,7762,0,2,0
0,6,1,1,18,0.052431253000577271,0.032225999999999998,0.020109999999999999,40341504,NA,NA,NA,NA,NA,NA,NA,NA,742032,235398,3329,64,bbb3d34b2aa5abdd298d84b8be032ee0c65ab3dbe74b5d4f0ba0963e99614893,7771,0,2,0
0,6,0,0,19,0.049037042999771074,0.044857999999999995,0.0040379999999999999,40349696,NA,NA,NA,NA,NA,NA,NA,NA,742032,235398,3329,64,bbb3d34b2aa5abdd298d84b8be032ee0c65ab3dbe74b5d4f0ba0963e99614893,7763,0,2,2
0,6,1,1,19,0.049590836999414023,0.045260999999999996,0.004202,39874560,NA,NA,NA,NA,NA,NA,NA,NA,742032,235398,3329,64,bbb3d34b2aa5abdd298d84b8be032ee0c65ab3dbe74b5d4f0ba0963e99614893,7763,0,2,0
0,6,0,0,0,0.016609231000074942,0.0066709999999999998,0.0098510000000000004,22876160,NA,NA,NA,NA,NA,NA,NA,NA,2008,133,5,1,a8c1633e798ef980493443e67e6fdb6eada42f775edf7051d304d09c3ddadf5a,3575,0,2,0
0,6,1,1,0,0.016077306999250141,0.012041,0.0039589999999999998,22949888,NA,NA,NA,NA,NA,NA,NA,NA,2008,133,5,1,a8c1633e798ef980493443e67e6fdb6eada42f775edf7051d304d09c3ddadf5a,3572,0,2,0
0,6,0,0,23,0.14420956699996168,0.103382,0.040732999999999998,62779392,NA,NA,NA,NA,NA,NA,NA,NA,1433848,711531,19202,64,7fe8e0e1367c4dc75afe736c0ee35e3a3755c0152301f3880ce2412132a22623,13119,0,2,0
0,6,1,1,23,0.12360870300017268,0.104128,0.019303999999999998,62238720,NA,NA,NA,NA,NA,NA,NA,NA,1433848,711531,19202,64,7fe8e0e1367c4dc75afe736c0ee35e3a3755c0152301f3880ce2412132a22623,13116,0,2,2
0,6,0,1,10,0.024179817000003823,0.016178999999999999,0.0078519999999999996,28200960,NA,NA,NA,NA,NA,NA,NA,NA,106320,39898,2049,512,7b8f1ead52d1f75ea51a9518f4611f96b3105a83b8e9ff16958705114f2a13b3,4952,0,2,0
0,6,1,0,10,0.023152697000114131,0.015363999999999999,0.0076969999999999998,28332032,NA,NA,NA,NA,NA,NA,NA,NA,106320,39898,2049,512,7b8f1ead52d1f75ea51a9518f4611f96b3105a83b8e9ff16958705114f2a13b3,4953,0,2,0
0,6,0,0,13,0.038584447999710392,0.024656999999999998,0.013835999999999999,29597696,NA,NA,NA,NA,NA,NA,NA,NA,313536,280189,4101,1,5a04cd3dab823e43a4d317f4a27057eec5b1fcaecf9843229a14a897b95f1f29,5226,0,2,0
0,6,1,1,13,0.026975619000040751,0.026882,0,29499392,NA,NA,NA,NA,NA,NA,NA,NA,313536,280189,4101,1,5a04cd3dab823e43a4d317f4a27057eec5b1fcaecf9843229a14a897b95f1f29,5231,0,2,0
0,6,0,0,4,0.039018553999994765,0.038903,0,26529792,NA,NA,NA,NA,NA,NA,NA,NA,163920,51085,1029,1,3469c6c02ad818b9b840f744b74781f39d0d6d69319fb824d729f7875274b381,4523,0,2,0
0,6,1,1,4,0.035772569000073418,0.023875,0.011679999999999999,26558464,NA,NA,NA,NA,NA,NA,NA,NA,163920,51085,1029,1,3469c6c02ad818b9b840f744b74781f39d0d6d69319fb824d729f7875274b381,4520,0,2,0
0,6,0,0,17,0.063753824000741588,0.047233999999999998,0.016438999999999999,41000960,NA,NA,NA,NA,NA,NA,NA,NA,1009296,235398,3329,64,38ac9f9d8df5158b7a074eaf4b5e0c874f05fd31c535c3796e06db0d216a0323,7938,0,2,0
0,6,1,1,17,0.061420761999215756,0.045020999999999999,0.016241999999999999,40595456,NA,NA,NA,NA,NA,NA,NA,NA,1009296,235398,3329,64,38ac9f9d8df5158b7a074eaf4b5e0c874f05fd31c535c3796e06db0d216a0323,7929,0,2,3
0,6,0,1,1,0.018117763000191189,0.010655,0.0073679999999999995,22482944,NA,NA,NA,NA,NA,NA,NA,NA,2056,133,5,1,6b21b079ef6f8f7f055926600e53b906dd7be041e021dd2791b7aa8c55e24585,3551,0,2,0
0,6,1,0,1,0.017408972000339418,0.0086389999999999991,0.0086769999999999989,23040000,NA,NA,NA,NA,NA,NA,NA,NA,2056,133,5,1,6b21b079ef6f8f7f055926600e53b906dd7be041e021dd2791b7aa8c55e24585,3559,0,2,1
0,7,0,1,8,0.025845841999398544,0.018201999999999999,0.0075589999999999997,29650944,NA,NA,NA,NA,NA,NA,NA,NA,98128,39898,2049,512,d54e0d3e437f1319c5e0037da4750229225984f79f1ebd587b1323affae587ab,5478,0,2,0
0,7,1,0,8,0.029000434999943536,0.02887,0,29814784,NA,NA,NA,NA,NA,NA,NA,NA,98128,39898,2049,512,d54e0d3e437f1319c5e0037da4750229225984f79f1ebd587b1323affae587ab,5486,0,2,0
0,7,0,0,12,0.037816798000676499,0.02273,0.014978,28712960,NA,NA,NA,NA,NA,NA,NA,NA,313424,280189,4101,1,0f9e44f960c45a3ca86cde574970381ef909d64a6bb2d20a17395bced584502a,5032,0,2,0
0,7,1,1,12,0.056444557999384415,0.044238,0.012095999999999999,28581888,NA,NA,NA,NA,NA,NA,NA,NA,313424,280189,4101,1,0f9e44f960c45a3ca86cde574970381ef909d64a6bb2d20a17395bced584502a,5024,0,2,0
0,7,0,1,17,0.060173931999997876,0.043961,0.016128,40587264,NA,NA,NA,NA,NA,NA,NA,NA,1009296,235398,3329,64,38ac9f9d8df5158b7a074eaf4b5e0c874f05fd31c535c3796e06db0d216a0323,7936,0,2,0
0,7,1,0,17,0.058784070999536198,0.050497,0.008088999999999999,40878080,NA,NA,NA,NA,NA,NA,NA,NA,1009296,235398,3329,64,38ac9f9d8df5158b7a074eaf4b5e0c874f05fd31c535c3796e06db0d216a0323,7938,0,2,1
0,7,0,1,3,0.017140233999271004,0.010324,0.0066990000000000001,22982656,NA,NA,NA,NA,NA,NA,NA,NA,2008,133,5,1,8210b4f6eac12a20575e673437437e82cfff653da437ea17992a3aed56a99207,3558,0,2,0
0,7,1,0,3,0.015841829999772017,0.015764,0,23040000,NA,NA,NA,NA,NA,NA,NA,NA,2008,133,5,1,8210b4f6eac12a20575e673437437e82cfff653da437ea17992a3aed56a99207,3560,0,2,0
0,7,0,1,6,0.023436767000021064,0.011639,0.011713999999999999,28684288,NA,NA,NA,NA,NA,NA,NA,NA,126024,51085,1029,1,d6479df97612ac41a8966333a6ef58076a32dad29a20f6bc64e0a5b65673088c,4941,0,2,0
0,7,1,0,6,0.025070250000680971,0.02495,0,28626944,NA,NA,NA,NA,NA,NA,NA,NA,126024,51085,1029,1,d6479df97612ac41a8966333a6ef58076a32dad29a20f6bc64e0a5b65673088c,4936,0,2,0
0,7,0,0,22,0.10287807699933182,0.071695999999999996,0.031070999999999998,62042112,NA,NA,NA,NA,NA,NA,NA,NA,1433848,711531,19202,64,7fe8e0e1367c4dc75afe736c0ee35e3a3755c0152301f3880ce2412132a22623,13041,0,2,0
0,7,1,1,22,0.24444020800001454,0.13816000000000001,0.102326,62517248,NA,NA,NA,NA,NA,NA,NA,NA,1433848,711531,19202,64,7fe8e0e1367c4dc75afe736c0ee35e3a3755c0152301f3880ce2412132a22623,13033,0,2,2
0,7,0,1,18,0.061538429999927757,0.044844999999999996,0.016364,40292352,NA,NA,NA,NA,NA,NA,NA,NA,742032,235398,3329,64,bbb3d34b2aa5abdd298d84b8be032ee0c65ab3dbe74b5d4f0ba0963e99614893,7771,0,2,2
0,7,1,0,18,0.051164159999643744,0.039806999999999995,0.011224999999999999,39931904,NA,NA,NA,NA,NA,NA,NA,NA,742032,235398,3329,64,bbb3d34b2aa5abdd298d84b8be032ee0c65ab3dbe74b5d4f0ba0963e99614893,7772,0,2,0
0,7,0,0,10,0.028124098999796843,0.023122999999999998,0.0049069999999999999,28348416,NA,NA,NA,NA,NA,NA,NA,NA,106320,39898,2049,512,7b8f1ead52d1f75ea51a9518f4611f96b3105a83b8e9ff16958705114f2a13b3,4952,0,2,0
0,7,1,1,10,0.022818876000201271,0.011349999999999999,0.011361,28348416,NA,NA,NA,NA,NA,NA,NA,NA,106320,39898,2049,512,7b8f1ead52d1f75ea51a9518f4611f96b3105a83b8e9ff16958705114f2a13b3,4953,0,2,0
0,7,0,0,9,0.024030795000726357,0.016485,0.0074599999999999996,28381184,NA,NA,NA,NA,NA,NA,NA,NA,147280,39898,2049,512,02ee45f00f5fa967779eb017bd9c1965526161af8ee6a0f23a31a68b3dbbac77,4985,0,2,0
0,7,1,1,9,0.021513917999982368,0.014180999999999999,0.007228,28344320,NA,NA,NA,NA,NA,NA,NA,NA,147280,39898,2049,512,02ee45f00f5fa967779eb017bd9c1965526161af8ee6a0f23a31a68b3dbbac77,4985,0,2,0
0,7,0,0,15,0.026675754999814671,0.015054999999999999,0.011524,29872128,NA,NA,NA,NA,NA,NA,NA,NA,247896,280189,4101,1,cf0f1cc1e290dce65809b3140c6f2dc9062a9f452120988a3a869e7faab69134,5199,0,2,1
0,7,1,1,15,0.025040706999789109,0.016777,0.0081669999999999989,29368320,NA,NA,NA,NA,NA,NA,NA,NA,247896,280189,4101,1,cf0f1cc1e290dce65809b3140c6f2dc9062a9f452120988a3a869e7faab69134,5188,0,2,0
0,7,0,0,11,0.021376212999712152,0.016990999999999999,0.0043049999999999998,28250112,NA,NA,NA,NA,NA,NA,NA,NA,106320,39898,2049,512,7b8f1ead52d1f75ea51a9518f4611f96b3105a83b8e9ff16958705114f2a13b3,4951,0,2,0
0,7,1,1,11,0.02262603399958607,0.022471999999999999,0,28401664,NA,NA,NA,NA,NA,NA,NA,NA,106320,39898,2049,512,7b8f1ead52d1f75ea51a9518f4611f96b3105a83b8e9ff16958705114f2a13b3,4958,0,2,0
0,7,0,1,14,0.025290329000199563,0.014530999999999999,0.010676,29638656,NA,NA,NA,NA,NA,NA,NA,NA,247896,280189,4101,1,cf0f1cc1e290dce65809b3140c6f2dc9062a9f452120988a3a869e7faab69134,5162,0,2,0
0,7,1,0,14,0.023899295999399328,0.023809999999999998,0,29175808,NA,NA,NA,NA,NA,NA,NA,NA,247896,280189,4101,1,cf0f1cc1e290dce65809b3140c6f2dc9062a9f452120988a3a869e7faab69134,5153,0,2,0
0,7,0,1,20,0.15877892800017435,0.117988,0.040666999999999995,64516096,NA,NA,NA,NA,NA,NA,NA,NA,1746680,711531,19202,64,e4041ce2b5b6df572ca4d0ca66e6006ad368116646e82963f7e9550b84ab78ca,13669,0,2,0
0,7,1,0,20,0.15396468499966431,0.129159,0.024669,64339968,NA,NA,NA,NA,NA,NA,NA,NA,1746680,711531,19202,64,e4041ce2b5b6df572ca4d0ca66e6006ad368116646e82963f7e9550b84ab78ca,13660,0,2,1
0,7,0,1,4,0.038790956999946502,0.030511999999999997,0.008149,26599424,NA,NA,NA,NA,NA,NA,NA,NA,163920,51085,1029,1,3469c6c02ad818b9b840f744b74781f39d0d6d69319fb824d729f7875274b381,4517,0,2,0
0,7,1,0,4,0.037039148000076239,0.025807999999999998,0.011115,26669056,NA,NA,NA,NA,NA,NA,NA,NA,163920,51085,1029,1,3469c6c02ad818b9b840f744b74781f39d0d6d69319fb824d729f7875274b381,4519,0,2,0
0,7,0,1,5,0.025883670999974129,0.021205999999999999,0.0045279999999999999,28819456,NA,NA,NA,NA,NA,NA,NA,NA,192736,51085,1029,1,98c15b8b4636441c6e839c68a3bed9dee3bd8ae062882739073db7b7ed7d66f3,4982,0,2,0
0,7,1,0,5,0.027321604000462685,0.011382,0.015820999999999998,28495872,NA,NA,NA,NA,NA,NA,NA,NA,192736,51085,1029,1,98c15b8b4636441c6e839c68a3bed9dee3bd8ae062882739073db7b7ed7d66f3,4968,0,2,1
0,7,0,1,0,0.018070756999804871,0.010612,0.0073599999999999994,22925312,NA,NA,NA,NA,NA,NA,NA,NA,2008,133,5,1,a8c1633e798ef980493443e67e6fdb6eada42f775edf7051d304d09c3ddadf5a,3573,0,2,0
0,7,1,0,0,0.016226808999817877,0.0081919999999999996,0.0079209999999999992,22532096,NA,NA,NA,NA,NA,NA,NA,NA,2008,133,5,1,a8c1633e798ef980493443e67e6fdb6eada42f775edf7051d304d09c3ddadf5a,3571,0,2,0
0,7,0,1,19,0.053471867000553175,0.045217,0.0080829999999999999,40382464,NA,NA,NA,NA,NA,NA,NA,NA,742032,235398,3329,64,bbb3d34b2aa5abdd298d84b8be032ee0c65ab3dbe74b5d4f0ba0963e99614893,7765,0,2,0
0,7,1,0,19,0.051878940000278817,0.020167999999999998,0.031616999999999999,39919616,NA,NA,NA,NA,NA,NA,NA,NA,742032,235398,3329,64,bbb3d34b2aa5abdd298d84b8be032ee0c65ab3dbe74b5d4f0ba0963e99614893,7757,0,2,0
0,7,0,0,1,0.028959855999346473,0.019993999999999998,0.0088640000000000004,22282240,NA,NA,NA,NA,NA,NA,NA,NA,2056,133,5,1,6b21b079ef6f8f7f055926600e53b906dd7be041e021dd2791b7aa8c55e24585,3543,0,2,0
0,7,1,1,1,0.020038845999806654,0.010263,0.0096550000000000004,23052288,NA,NA,NA,NA,NA,NA,NA,NA,2056,133,5,1,6b21b079ef6f8f7f055926600e53b906dd7be041e021dd2791b7aa8c55e24585,3559,0,2,0
0,7,0,1,13,0.026773671999762882,0.022245999999999998,0.0044169999999999999,29450240,NA,NA,NA,NA,NA,NA,NA,NA,313536,280189,4101,1,5a04cd3dab823e43a4d317f4a27057eec5b1fcaecf9843229a14a897b95f1f29,5231,0,2,0
0,7,1,0,13,0.024748827999246714,0.024548,0,29605888,NA,NA,NA,NA,NA,NA,NA,NA,313536,280189,4101,1,5a04cd3dab823e43a4d317f4a27057eec5b1fcaecf9843229a14a897b95f1f29,5226,0,2,0
0,7,0,1,23,0.12897681800041028,0.107082,0.02172,62263296,NA,NA,NA,NA,NA,NA,NA,NA,1433848,711531,19202,64,7fe8e0e1367c4dc75afe736c0ee35e3a3755c0152301f3880ce2412132a22623,13107,0,2,0
0,7,1,0,23,0.11790983299943036,0.094288999999999998,0.023488999999999999,62615552,NA,NA,NA,NA,NA,NA,NA,NA,1433848,711531,19202,64,7fe8e0e1367c4dc75afe736c0ee35e3a3755c0152301f3880ce2412132a22623,13120,0,2,2
0,7,0,0,7,0.026144538999687938,0.018790999999999999,0.0072319999999999997,28495872,NA,NA,NA,NA,NA,NA,NA,NA,126024,51085,1029,1,d6479df97612ac41a8966333a6ef58076a32dad29a20f6bc64e0a5b65673088c,4986,0,2,0
0,7,1,1,7,0.026562582000224211,0.022835999999999999,0.0036219999999999998,28827648,NA,NA,NA,NA,NA,NA,NA,NA,126024,51085,1029,1,d6479df97612ac41a8966333a6ef58076a32dad29a20f6bc64e0a5b65673088c,4999,0,2,0
0,7,0,0,2,0.016359358999579854,0.012145,0.0041319999999999994,23015424,NA,NA,NA,NA,NA,NA,NA,NA,2008,133,5,1,8210b4f6eac12a20575e673437437e82cfff653da437ea17992a3aed56a99207,3553,0,2,0
0,7,1,1,2,0.017508017999716685,0.012697,0.0047299999999999998,22413312,NA,NA,NA,NA,NA,NA,NA,NA,2008,133,5,1,8210b4f6eac12a20575e673437437e82cfff653da437ea17992a3aed56a99207,3552,0,2,0
0,7,0,1,16,0.077162456000223756,0.069186999999999999,0.0078949999999999992,42168320,NA,NA,NA,NA,NA,NA,NA,NA,1083024,235398,3329,64,5916968f62e510f778d0d1e3d1fe7cb78db1f7fd7a3ef52fe1a3aefaf683922d,8303,0,2,0
0,7,1,0,16,0.075387042999864207,0.060149999999999995,0.015136,42168320,NA,NA,NA,NA,NA,NA,NA,NA,1083024,235398,3329,64,5916968f62e510f778d0d1e3d1fe7cb78db1f7fd7a3ef52fe1a3aefaf683922d,8303,0,2,1
0,7,0,0,21,0.10249384400049166,0.081865999999999994,0.020496999999999998,64262144,NA,NA,NA,NA,NA,NA,NA,NA,2209528,711531,19202,64,955dcf7525f03629d689feea1585905e0b8700805efb32f241197b1ebcb41ffa,13609,0,2,0
0,7,1,1,21,0.10544711900001857,0.082762999999999989,0.022560999999999998,64540672,NA,NA,NA,NA,NA,NA,NA,NA,2209528,711531,19202,64,955dcf7525f03629d689feea1585905e0b8700805efb32f241197b1ebcb41ffa,13622,0,2,0
0,8,0,0,19,0.055896086999382533,0.042213000000000001,0.013557999999999999,39903232,NA,NA,NA,NA,NA,NA,NA,NA,742032,235398,3329,64,bbb3d34b2aa5abdd298d84b8be032ee0c65ab3dbe74b5d4f0ba0963e99614893,7756,0,2,0
0,8,1,1,19,0.05185136100044474,0.039552999999999998,0.012192,40292352,NA,NA,NA,NA,NA,NA,NA,NA,742032,235398,3329,64,bbb3d34b2aa5abdd298d84b8be032ee0c65ab3dbe74b5d4f0ba0963e99614893,7762,0,2,0
0,8,0,0,16,0.090072630999202374,0.077648999999999996,0.012322999999999999,42151936,NA,NA,NA,NA,NA,NA,NA,NA,1083024,235398,3329,64,5916968f62e510f778d0d1e3d1fe7cb78db1f7fd7a3ef52fe1a3aefaf683922d,8295,0,2,0
0,8,1,1,16,0.081015671000386646,0.069443999999999992,0.011471,42143744,NA,NA,NA,NA,NA,NA,NA,NA,1083024,235398,3329,64,5916968f62e510f778d0d1e3d1fe7cb78db1f7fd7a3ef52fe1a3aefaf683922d,8299,0,2,1
0,8,0,1,7,0.026476301000002422,0.013578999999999999,0.012445999999999999,28446720,NA,NA,NA,NA,NA,NA,NA,NA,126024,51085,1029,1,d6479df97612ac41a8966333a6ef58076a32dad29a20f6bc64e0a5b65673088c,4994,0,2,0
0,8,1,0,7,0.025152326000352332,0.016431999999999999,0.008598999999999999,28381184,NA,NA,NA,NA,NA,NA,NA,NA,126024,51085,1029,1,d6479df97612ac41a8966333a6ef58076a32dad29a20f6bc64e0a5b65673088c,4995,0,2,0
0,8,0,0,2,0.018136240999410802,0.009441999999999999,0.0083809999999999996,22511616,NA,NA,NA,NA,NA,NA,NA,NA,2008,133,5,1,8210b4f6eac12a20575e673437437e82cfff653da437ea17992a3aed56a99207,3552,0,2,10
0,8,1,1,2,0.017974405999666487,0.011148999999999999,0.0067499999999999999,22339584,NA,NA,NA,NA,NA,NA,NA,NA,2008,133,5,1,8210b4f6eac12a20575e673437437e82cfff653da437ea17992a3aed56a99207,3547,0,2,0
0,8,0,0,0,0.018729112000073656,0.018650999999999997,0,22708224,NA,NA,NA,NA,NA,NA,NA,NA,2008,133,5,1,a8c1633e798ef980493443e67e6fdb6eada42f775edf7051d304d09c3ddadf5a,3571,0,2,0
0,8,1,1,0,0.018223029000182578,0.014371999999999999,0.0037579999999999996,22958080,NA,NA,NA,NA,NA,NA,NA,NA,2008,133,5,1,a8c1633e798ef980493443e67e6fdb6eada42f775edf7051d304d09c3ddadf5a,3578,0,2,1
0,8,0,0,9,0.021887656000217248,0.013009,0.0087989999999999995,28749824,NA,NA,NA,NA,NA,NA,NA,NA,147280,39898,2049,512,02ee45f00f5fa967779eb017bd9c1965526161af8ee6a0f23a31a68b3dbbac77,4993,0,2,0
0,8,1,1,9,0.021497547999388189,0.017162,0.0042550000000000001,28766208,NA,NA,NA,NA,NA,NA,NA,NA,147280,39898,2049,512,02ee45f00f5fa967779eb017bd9c1965526161af8ee6a0f23a31a68b3dbbac77,4991,0,2,0
0,8,0,1,10,0.023251556000104756,0.014903,0.0082500000000000004,28786688,NA,NA,NA,NA,NA,NA,NA,NA,106320,39898,2049,512,7b8f1ead52d1f75ea51a9518f4611f96b3105a83b8e9ff16958705114f2a13b3,4960,0,2,0
0,8,1,0,10,0.022983252999438264,0.022890999999999998,0,28807168,NA,NA,NA,NA,NA,NA,NA,NA,106320,39898,2049,512,7b8f1ead52d1f75ea51a9518f4611f96b3105a83b8e9ff16958705114f2a13b3,4960,0,2,0
0,8,0,0,3,0.017704216000311135,0.010933999999999999,0.0065979999999999997,22552576,NA,NA,NA,NA,NA,NA,NA,NA,2008,133,5,1,8210b4f6eac12a20575e673437437e82cfff653da437ea17992a3aed56a99207,3545,0,2,0
0,8,1,1,3,0.017611123000278894,0.013344999999999999,0.0041830000000000001,22589440,NA,NA,NA,NA,NA,NA,NA,NA,2008,133,5,1,8210b4f6eac12a20575e673437437e82cfff653da437ea17992a3aed56a99207,3554,0,2,0
0,8,0,0,8,0.025620407000133127,0.017832000000000001,0.0077069999999999994,29536256,NA,NA,NA,NA,NA,NA,NA,NA,98128,39898,2049,512,d54e0d3e437f1319c5e0037da4750229225984f79f1ebd587b1323affae587ab,5482,0,2,0
0,8,1,1,8,0.025478142000793014,0.012806,0.012588999999999999,29573120,NA,NA,NA,NA,NA,NA,NA,NA,98128,39898,2049,512,d54e0d3e437f1319c5e0037da4750229225984f79f1ebd587b1323affae587ab,5475,0,2,0
0,8,0,1,22,0.10026500699950702,0.088006000000000001,0.012154,62042112,NA,NA,NA,NA,NA,NA,NA,NA,1433848,711531,19202,64,7fe8e0e1367c4dc75afe736c0ee35e3a3755c0152301f3880ce2412132a22623,13045,0,2,0
0,8,1,0,22,0.10206375100005971,0.077215999999999993,0.024714,62005248,NA,NA,NA,NA,NA,NA,NA,NA,1433848,711531,19202,64,7fe8e0e1367c4dc75afe736c0ee35e3a3755c0152301f3880ce2412132a22623,13039,0,2,1
0,8,0,0,21,0.09653402699950675,0.064537999999999998,0.031879999999999999,64233472,NA,NA,NA,NA,NA,NA,NA,NA,2209528,711531,19202,64,955dcf7525f03629d689feea1585905e0b8700805efb32f241197b1ebcb41ffa,13618,0,2,0
0,8,1,1,21,0.10651913199944829,0.083380999999999997,0.022981999999999999,64688128,NA,NA,NA,NA,NA,NA,NA,NA,2209528,711531,19202,64,955dcf7525f03629d689feea1585905e0b8700805efb32f241197b1ebcb41ffa,13621,0,2,1
0,8,0,1,12,0.038438663000306406,0.023251999999999998,0.015004,28811264,NA,NA,NA,NA,NA,NA,NA,NA,313424,280189,4101,1,0f9e44f960c45a3ca86cde574970381ef909d64a6bb2d20a17395bced584502a,5032,0,2,0
0,8,1,0,12,0.037222121000013431,0.033375999999999996,0.0036959999999999996,28741632,NA,NA,NA,NA,NA,NA,NA,NA,313424,280189,4101,1,0f9e44f960c45a3ca86cde574970381ef909d64a6bb2d20a17395bced584502a,5033,0,2,0
0,8,0,1,14,0.025112635999903432,0.021169,0.0038429999999999996,29245440,NA,NA,NA,NA,NA,NA,NA,NA,247896,280189,4101,1,cf0f1cc1e290dce65809b3140c6f2dc9062a9f452120988a3a869e7faab69134,5155,0,2,0
0,8,1,0,14,0.024971584999548213,0.020761999999999999,0.0041189999999999994,29196288,NA,NA,NA,NA,NA,NA,NA,NA,247896,280189,4101,1,cf0f1cc1e290dce65809b3140c6f2dc9062a9f452120988a3a869e7faab69134,5150,0,2,0
0,8,0,1,17,0.073151606000465108,0.050410999999999997,0.022526999999999998,41033728,NA,NA,NA,NA,NA,NA,NA,NA,1009296,235398,3329,64,38ac9f9d8df5158b7a074eaf4b5e0c874f05fd31c535c3796e06db0d216a0323,7940,0,2,0
0,8,1,0,17,0.063193381999553822,0.031357999999999997,0.031442999999999999,41013248,NA,NA,NA,NA,NA,NA,NA,NA,1009296,235398,3329,64,38ac9f9d8df5158b7a074eaf4b5e0c874f05fd31c535c3796e06db0d216a0323,7939,0,2,0
0,8,0,0,18,0.052786569000090822,0.044202999999999999,0.0084659999999999996,40288256,NA,NA,NA,NA,NA,NA,NA,NA,742032,235398,3329,64,bbb3d34b2aa5abdd298d84b8be032ee0c65ab3dbe74b5d4f0ba0963e99614893,7772,0,2,0
0,8,1,1,18,0.053213979999782168,0.045087999999999996,0.0079829999999999988,39874560,NA,NA,NA,NA,NA,NA,NA,NA,742032,235398,3329,64,bbb3d34b2aa5abdd298d84b8be032ee0c65ab3dbe74b5d4f0ba0963e99614893,7771,0,2,1
0,8,0,0,20,0.15499442199961777,0.13477699999999998,0.020086,64270336,NA,NA,NA,NA,NA,NA,NA,NA,1746680,711531,19202,64,e4041ce2b5b6df572ca4d0ca66e6006ad368116646e82963f7e9550b84ab78ca,13658,0,2,1
0,8,1,1,20,0.15169535800032463,0.131915,0.019522999999999999,64450560,NA,NA,NA,NA,NA,NA,NA,NA,1746680,711531,19202,64,e4041ce2b5b6df572ca4d0ca66e6006ad368116646e82963f7e9550b84ab78ca,13668,0,2,0
0,8,0,1,1,0.02360498899997765,0.021142999999999999,0,22814720,NA,NA,NA,NA,NA,NA,NA,NA,2056,133,5,1,6b21b079ef6f8f7f055926600e53b906dd7be041e021dd2791b7aa8c55e24585,3551,0,2,2
0,8,1,0,1,0.017804040000555688,0.013734999999999999,0.0039709999999999997,22413312,NA,NA,NA,NA,NA,NA,NA,NA,2056,133,5,1,6b21b079ef6f8f7f055926600e53b906dd7be041e021dd2791b7aa8c55e24585,3547,0,2,0
0,8,0,0,4,0.035498891999850457,0.035406,0,26730496,NA,NA,NA,NA,NA,NA,NA,NA,163920,51085,1029,1,3469c6c02ad818b9b840f744b74781f39d0d6d69319fb824d729f7875274b381,4517,0,2,0
0,8,1,1,4,0.03495262999967963,0.030952999999999998,0.0038839999999999999,26537984,NA,NA,NA,NA,NA,NA,NA,NA,163920,51085,1029,1,3469c6c02ad818b9b840f744b74781f39d0d6d69319fb824d729f7875274b381,4514,0,2,0
0,8,0,1,11,0.023919621999993979,0.015564999999999999,0.0082399999999999991,28766208,NA,NA,NA,NA,NA,NA,NA,NA,106320,39898,2049,512,7b8f1ead52d1f75ea51a9518f4611f96b3105a83b8e9ff16958705114f2a13b3,4957,0,2,0
0,8,1,0,11,0.023634612000023481,0.015782000000000001,0.0077679999999999997,28250112,NA,NA,NA,NA,NA,NA,NA,NA,106320,39898,2049,512,7b8f1ead52d1f75ea51a9518f4611f96b3105a83b8e9ff16958705114f2a13b3,4948,0,2,0
0,8,0,1,5,0.024056434000158333,0.019937999999999997,0.0040289999999999996,28327936,NA,NA,NA,NA,NA,NA,NA,NA,192736,51085,1029,1,98c15b8b4636441c6e839c68a3bed9dee3bd8ae062882739073db7b7ed7d66f3,4975,0,2,0
0,8,1,0,5,0.023179728000286559,0.011363,0.011712,28393472,NA,NA,NA,NA,NA,NA,NA,NA,192736,51085,1029,1,98c15b8b4636441c6e839c68a3bed9dee3bd8ae062882739073db7b7ed7d66f3,4965,0,2,0
0,8,0,1,23,0.12889316900054837,0.097466999999999998,0.031301999999999996,62717952,NA,NA,NA,NA,NA,NA,NA,NA,1433848,711531,19202,64,7fe8e0e1367c4dc75afe736c0ee35e3a3755c0152301f3880ce2412132a22623,13115,0,2,1
0,8,1,0,23,0.13222928100003628,0.102937,0.029149999999999999,62681088,NA,NA,NA,NA,NA,NA,NA,NA,1433848,711531,19202,64,7fe8e0e1367c4dc75afe736c0ee35e3a3755c0152301f3880ce2412132a22623,13115,0,2,1
0,8,0,0,6,0.03089406599974609,0.019334,0.011405999999999999,28155904,NA,NA,NA,NA,NA,NA,NA,NA,126024,51085,1029,1,d6479df97612ac41a8966333a6ef58076a32dad29a20f6bc64e0a5b65673088c,4935,0,2,0
0,8,1,1,6,0.025319191000562569,0.020721,0.0044419999999999998,28315648,NA,NA,NA,NA,NA,NA,NA,NA,126024,51085,1029,1,d6479df97612ac41a8966333a6ef58076a32dad29a20f6bc64e0a5b65673088c,4932,0,2,0
0,8,0,1,15,0.027209962000597443,0.015247,0.011835,29769728,NA,NA,NA,NA,NA,NA,NA,NA,247896,280189,4101,1,cf0f1cc1e290dce65809b3140c6f2dc9062a9f452120988a3a869e7faab69134,5192,0,2,0
0,8,1,0,15,0.025924317000317387,0.017686999999999998,0.0081409999999999989,29376512,NA,NA,NA,NA,NA,NA,NA,NA,247896,280189,4101,1,cf0f1cc1e290dce65809b3140c6f2dc9062a9f452120988a3a869e7faab69134,5192,0,2,0
0,8,0,1,13,0.03050714499931928,0.020035000000000001,0.0082909999999999998,29446144,NA,NA,NA,NA,NA,NA,NA,NA,313536,280189,4101,1,5a04cd3dab823e43a4d317f4a27057eec5b1fcaecf9843229a14a897b95f1f29,5224,0,2,1
0,8,1,0,13,0.026470236000022851,0.015545999999999999,0.010803,29609984,NA,NA,NA,NA,NA,NA,NA,NA,313536,280189,4101,1,5a04cd3dab823e43a4d317f4a27057eec5b1fcaecf9843229a14a897b95f1f29,5228,0,2,0
0,9,0,1,6,0.023448711000128242,0.015474,0.0078809999999999991,28389376,NA,NA,NA,NA,NA,NA,NA,NA,126024,51085,1029,1,d6479df97612ac41a8966333a6ef58076a32dad29a20f6bc64e0a5b65673088c,4931,0,2,0
0,9,1,0,6,0.023371709000457486,0.015344,0.0079449999999999989,28147712,NA,NA,NA,NA,NA,NA,NA,NA,126024,51085,1029,1,d6479df97612ac41a8966333a6ef58076a32dad29a20f6bc64e0a5b65673088c,4937,0,2,0
0,9,0,0,15,0.025786688999687613,0.025693000000000001,0,29409280,NA,NA,NA,NA,NA,NA,NA,NA,247896,280189,4101,1,cf0f1cc1e290dce65809b3140c6f2dc9062a9f452120988a3a869e7faab69134,5194,0,2,0
0,9,1,1,15,0.027143744999193586,0.018846999999999999,0.008182,29831168,NA,NA,NA,NA,NA,NA,NA,NA,247896,280189,4101,1,cf0f1cc1e290dce65809b3140c6f2dc9062a9f452120988a3a869e7faab69134,5198,0,2,0
0,9,0,0,14,0.026340022999647772,0.01762,0.008626,29171712,NA,NA,NA,NA,NA,NA,NA,NA,247896,280189,4101,1,cf0f1cc1e290dce65809b3140c6f2dc9062a9f452120988a3a869e7faab69134,5157,0,2,0
0,9,1,1,14,0.026447735000147077,0.021703,0.0046389999999999999,29659136,NA,NA,NA,NA,NA,NA,NA,NA,247896,280189,4101,1,cf0f1cc1e290dce65809b3140c6f2dc9062a9f452120988a3a869e7faab69134,5160,0,2,0
0,9,0,1,8,0.024317897999935667,0.024243999999999998,0,29536256,NA,NA,NA,NA,NA,NA,NA,NA,98128,39898,2049,512,d54e0d3e437f1319c5e0037da4750229225984f79f1ebd587b1323affae587ab,5477,0,2,0
0,9,1,0,8,0.024652232999869739,0.016204,0.0083669999999999994,29696000,NA,NA,NA,NA,NA,NA,NA,NA,98128,39898,2049,512,d54e0d3e437f1319c5e0037da4750229225984f79f1ebd587b1323affae587ab,5484,0,2,0
0,9,0,1,20,0.15644580100070016,0.12415599999999999,0.032157999999999999,64458752,NA,NA,NA,NA,NA,NA,NA,NA,1746680,711531,19202,64,e4041ce2b5b6df572ca4d0ca66e6006ad368116646e82963f7e9550b84ab78ca,13660,0,2,1
0,9,1,0,20,0.15170529799979704,0.132131,0.019415999999999999,64258048,NA,NA,NA,NA,NA,NA,NA,NA,1746680,711531,19202,64,e4041ce2b5b6df572ca4d0ca66e6006ad368116646e82963f7e9550b84ab78ca,13658,0,2,0
0,9,0,1,18,0.055769891000636562,0.016036999999999999,0.039605000000000001,39931904,NA,NA,NA,NA,NA,NA,NA,NA,742032,235398,3329,64,bbb3d34b2aa5abdd298d84b8be032ee0c65ab3dbe74b5d4f0ba0963e99614893,7771,0,2,0
0,9,1,0,18,0.056038440000520495,0.040376999999999996,0.015519,40337408,NA,NA,NA,NA,NA,NA,NA,NA,742032,235398,3329,64,bbb3d34b2aa5abdd298d84b8be032ee0c65ab3dbe74b5d4f0ba0963e99614893,7771,0,2,1
0,9,0,0,13,0.024853163000443601,0.016326,0.008395999999999999,30035968,NA,NA,NA,NA,NA,NA,NA,NA,313536,280189,4101,1,5a04cd3dab823e43a4d317f4a27057eec5b1fcaecf9843229a14a897b95f1f29,5234,0,2,0
0,9,1,1,13,0.024970698000288394,0.020597000000000001,0.0042709999999999996,30105600,NA,NA,NA,NA,NA,NA,NA,NA,313536,280189,4101,1,5a04cd3dab823e43a4d317f4a27057eec5b1fcaecf9843229a14a897b95f1f29,5234,0,2,0
0,9,0,1,0,0.016510587000084342,0.008095999999999999,0.0083109999999999989,22925312,NA,NA,NA,NA,NA,NA,NA,NA,2008,133,5,1,a8c1633e798ef980493443e67e6fdb6eada42f775edf7051d304d09c3ddadf5a,3574,0,2,0
0,9,1,0,0,0.015702540000347653,0.015630999999999999,0,22695936,NA,NA,NA,NA,NA,NA,NA,NA,2008,133,5,1,a8c1633e798ef980493443e67e6fdb6eada42f775edf7051d304d09c3ddadf5a,3571,0,2,0
0,9,0,1,3,0.017635753000831755,0.0089969999999999998,0.0085570000000000004,22589440,NA,NA,NA,NA,NA,NA,NA,NA,2008,133,5,1,8210b4f6eac12a20575e673437437e82cfff653da437ea17992a3aed56a99207,3553,0,2,0
0,9,1,0,3,0.020152678999693308,0.015903999999999998,0.0041419999999999998,22634496,NA,NA,NA,NA,NA,NA,NA,NA,2008,133,5,1,8210b4f6eac12a20575e673437437e82cfff653da437ea17992a3aed56a99207,3548,0,2,0
0,9,0,0,23,0.1310388249994503,0.10962,0.020149,62230528,NA,NA,NA,NA,NA,NA,NA,NA,1433848,711531,19202,64,7fe8e0e1367c4dc75afe736c0ee35e3a3755c0152301f3880ce2412132a22623,13113,0,2,1
0,9,1,1,23,0.12346829199941567,0.088057999999999997,0.035242999999999997,62574592,NA,NA,NA,NA,NA,NA,NA,NA,1433848,711531,19202,64,7fe8e0e1367c4dc75afe736c0ee35e3a3755c0152301f3880ce2412132a22623,13113,0,2,1
0,9,0,0,1,0.018348543000684003,0.013831,0.0043959999999999997,22966272,NA,NA,NA,NA,NA,NA,NA,NA,2056,133,5,1,6b21b079ef6f8f7f055926600e53b906dd7be041e021dd2791b7aa8c55e24585,3549,0,2,0
0,9,1,1,1,0.017074686999876576,0.0085299999999999994,0.0084580000000000002,22990848,NA,NA,NA,NA,NA,NA,NA,NA,2056,133,5,1,6b21b079ef6f8f7f055926600e53b906dd7be041e021dd2791b7aa8c55e24585,3555,0,2,0
0,9,0,1,2,0.018933262999780709,0.0090729999999999995,0.0097739999999999997,22806528,NA,NA,NA,NA,NA,NA,NA,NA,2008,133,5,1,8210b4f6eac12a20575e673437437e82cfff653da437ea17992a3aed56a99207,3551,0,2,0
0,9,1,0,2,0.016266802999780339,0.012142999999999999,0.0040470000000000002,22577152,NA,NA,NA,NA,NA,NA,NA,NA,2008,133,5,1,8210b4f6eac12a20575e673437437e82cfff653da437ea17992a3aed56a99207,3546,0,2,0
0,9,0,0,17,0.061347759999989648,0.045400999999999997,0.015828999999999999,40456192,NA,NA,NA,NA,NA,NA,NA,NA,1009296,235398,3329,64,38ac9f9d8df5158b7a074eaf4b5e0c874f05fd31c535c3796e06db0d216a0323,7932,0,2,0
0,9,1,1,17,0.058742905999679351,0.043566999999999995,0.015070999999999999,40554496,NA,NA,NA,NA,NA,NA,NA,NA,1009296,235398,3329,64,38ac9f9d8df5158b7a074eaf4b5e0c874f05fd31c535c3796e06db0d216a0323,7929,0,2,0
0,9,0,1,19,0.062514919000022928,0.052690999999999995,0.009528,40361984,NA,NA,NA,NA,NA,NA,NA,NA,742032,235398,3329,64,bbb3d34b2aa5abdd298d84b8be032ee0c65ab3dbe74b5d4f0ba0963e99614893,7764,0,2,0
0,9,1,0,19,0.060590701999899466,0.046670999999999997,0.013649,39915520,NA,NA,NA,NA,NA,NA,NA,NA,742032,235398,3329,64,bbb3d34b2aa5abdd298d84b8be032ee0c65ab3dbe74b5d4f0ba0963e99614893,7759,0,2,0
0,9,0,0,11,0.023809340999832784,0.019616999999999999,0.0040010000000000002,28184576,NA,NA,NA,NA,NA,NA,NA,NA,106320,39898,2049,512,7b8f1ead52d1f75ea51a9518f4611f96b3105a83b8e9ff16958705114f2a13b3,4955,0,2,0
0,9,1,1,11,0.022815958000137471,0.022737,0,28684288,NA,NA,NA,NA,NA,NA,NA,NA,106320,39898,2049,512,7b8f1ead52d1f75ea51a9518f4611f96b3105a83b8e9ff16958705114f2a13b3,4965,0,2,0
0,9,0,0,22,0.10424843400051031,0.10005599999999999,0.0040889999999999998,61927424,NA,NA,NA,NA,NA,NA,NA,NA,1433848,711531,19202,64,7fe8e0e1367c4dc75afe736c0ee35e3a3755c0152301f3880ce2412132a22623,13037,0,2,0
0,9,1,1,22,0.11917656900004658,0.10652399999999999,0.012490999999999999,62033920,NA,NA,NA,NA,NA,NA,NA,NA,1433848,711531,19202,64,7fe8e0e1367c4dc75afe736c0ee35e3a3755c0152301f3880ce2412132a22623,13046,0,2,1
0,9,0,1,4,0.036947806000171113,0.025683999999999998,0.011115,26320896,NA,NA,NA,NA,NA,NA,NA,NA,163920,51085,1029,1,3469c6c02ad818b9b840f744b74781f39d0d6d69319fb824d729f7875274b381,4517,0,2,0
0,9,1,0,4,0.035946537000199896,0.031812,0.0040219999999999995,26701824,NA,NA,NA,NA,NA,NA,NA,NA,163920,51085,1029,1,3469c6c02ad818b9b840f744b74781f39d0d6d69319fb824d729f7875274b381,4522,0,2,0
0,9,0,0,12,0.038479079999888199,0.026454999999999999,0.011930999999999999,28925952,NA,NA,NA,NA,NA,NA,NA,NA,313424,280189,4101,1,0f9e44f960c45a3ca86cde574970381ef909d64a6bb2d20a17395bced584502a,5027,0,2,0
0,9,1,1,12,0.042737276000480051,0.030518,0.012041999999999999,28848128,NA,NA,NA,NA,NA,NA,NA,NA,313424,280189,4101,1,0f9e44f960c45a3ca86cde574970381ef909d64a6bb2d20a17395bced584502a,5033,0,2,0
0,9,0,0,7,0.029738961000475683,0.016684000000000001,0.012936999999999999,28872704,NA,NA,NA,NA,NA,NA,NA,NA,126024,51085,1029,1,d6479df97612ac41a8966333a6ef58076a32dad29a20f6bc64e0a5b65673088c,4997,0,2,0
0,9,1,1,7,0.027060831000198959,0.017780999999999998,0.0091219999999999999,28532736,NA,NA,NA,NA,NA,NA,NA,NA,126024,51085,1029,1,d6479df97612ac41a8966333a6ef58076a32dad29a20f6bc64e0a5b65673088c,4993,0,2,0
0,9,0,1,9,0.023009964000266336,0.015391,0.0074509999999999993,28749824,NA,NA,NA,NA,NA,NA,NA,NA,147280,39898,2049,512,02ee45f00f5fa967779eb017bd9c1965526161af8ee6a0f23a31a68b3dbbac77,4993,0,2,1
0,9,1,0,9,0.022137058000225807,0.010836999999999999,0.011183999999999999,28393472,NA,NA,NA,NA,NA,NA,NA,NA,147280,39898,2049,512,02ee45f00f5fa967779eb017bd9c1965526161af8ee6a0f23a31a68b3dbbac77,4984,0,2,0
0,9,0,0,5,0.027974055999948177,0.014945999999999999,0.012889999999999999,28897280,NA,NA,NA,NA,NA,NA,NA,NA,192736,51085,1029,1,98c15b8b4636441c6e839c68a3bed9dee3bd8ae062882739073db7b7ed7d66f3,4982,0,2,1
0,9,1,1,5,0.025448242000493337,0.014478999999999999,0.010827999999999999,28270592,NA,NA,NA,NA,NA,NA,NA,NA,192736,51085,1029,1,98c15b8b4636441c6e839c68a3bed9dee3bd8ae062882739073db7b7ed7d66f3,4967,0,2,0
0,9,0,0,10,0.023520884000390652,0.011653,0.011786999999999999,28712960,NA,NA,NA,NA,NA,NA,NA,NA,106320,39898,2049,512,7b8f1ead52d1f75ea51a9518f4611f96b3105a83b8e9ff16958705114f2a13b3,4958,0,2,0
0,9,1,1,10,0.022221295999770518,0.007267,0.014877,28610560,NA,NA,NA,NA,NA,NA,NA,NA,106320,39898,2049,512,7b8f1ead52d1f75ea51a9518f4611f96b3105a83b8e9ff16958705114f2a13b3,4957,0,2,0
0,9,0,1,21,0.11304553399986617,0.088891999999999999,0.024043999999999999,64204800,NA,NA,NA,NA,NA,NA,NA,NA,2209528,711531,19202,64,955dcf7525f03629d689feea1585905e0b8700805efb32f241197b1ebcb41ffa,13612,0,2,0
0,9,1,0,21,0.09909685900038312,0.079100999999999991,0.019820999999999998,64196608,NA,NA,NA,NA,NA,NA,NA,NA,2209528,711531,19202,64,955dcf7525f03629d689feea1585905e0b8700805efb32f241197b1ebcb41ffa,13615,0,2,0
0,9,0,1,16,0.083033883999632963,0.062021999999999994,0.020893999999999999,42233856,NA,NA,NA,NA,NA,NA,NA,NA,1083024,235398,3329,64,5916968f62e510f778d0d1e3d1fe7cb78db1f7fd7a3ef52fe1a3aefaf683922d,8294,0,2,0
0,9,1,0,16,0.081584230999396823,0.064471000000000001,0.016971999999999998,42180608,NA,NA,NA,NA,NA,NA,NA,NA,1083024,235398,3329,64,5916968f62e510f778d0d1e3d1fe7cb78db1f7fd7a3ef52fe1a3aefaf683922d,8298,0,2,1
0,10,0,0,15,0.026504299000407627,0.018806,0.0075849999999999997,29302784,NA,NA,NA,NA,NA,NA,NA,NA,247896,280189,4101,1,cf0f1cc1e290dce65809b3140c6f2dc9062a9f452120988a3a869e7faab69134,5188,0,2,0
0,10,1,1,15,0.025732520999554254,0.021249999999999998,0.0043619999999999996,29708288,NA,NA,NA,NA,NA,NA,NA,NA,247896,280189,4101,1,cf0f1cc1e290dce65809b3140c6f2dc9062a9f452120988a3a869e7faab69134,5196,0,2,0
0,10,0,1,9,0.022340372999678948,0.013583,0.0086529999999999992,28307456,NA,NA,NA,NA,NA,NA,NA,NA,147280,39898,2049,512,02ee45f00f5fa967779eb017bd9c1965526161af8ee6a0f23a31a68b3dbbac77,4985,0,2,0
0,10,1,0,9,0.022712597000463575,0.013724,0.0089040000000000005,28319744,NA,NA,NA,NA,NA,NA,NA,NA,147280,39898,2049,512,02ee45f00f5fa967779eb017bd9c1965526161af8ee6a0f23a31a68b3dbbac77,4980,0,2,0
0,10,0,0,13,0.026124926000193227,0.022858,0.0031749999999999999,29491200,NA,NA,NA,NA,NA,NA,NA,NA,313536,280189,4101,1,5a04cd3dab823e43a4d317f4a27057eec5b1fcaecf9843229a14a897b95f1f29,5231,0,2,0
0,10,1,1,13,0.034597552999912295,0.018311000000000001,0.016157999999999999,29622272,NA,NA,NA,NA,NA,NA,NA,NA,313536,280189,4101,1,5a04cd3dab823e43a4d317f4a27057eec5b1fcaecf9843229a14a897b95f1f29,5227,0,2,0
0,10,0,1,18,0.05578826399960235,0.047403000000000001,0.0082529999999999999,39874560,NA,NA,NA,NA,NA,NA,NA,NA,742032,235398,3329,64,bbb3d34b2aa5abdd298d84b8be032ee0c65ab3dbe74b5d4f0ba0963e99614893,7768,0,2,3
0,10,1,0,18,0.052465347000179463,0.048295999999999999,0.0040749999999999996,40222720,NA,NA,NA,NA,NA,NA,NA,NA,742032,235398,3329,64,bbb3d34b2aa5abdd298d84b8be032ee0c65ab3dbe74b5d4f0ba0963e99614893,7775,0,2,0
0,10,0,1,1,0.019505121999827679,0.015205999999999999,0.0038469999999999997,22523904,NA,NA,NA,NA,NA,NA,NA,NA,2056,133,5,1,6b21b079ef6f8f7f055926600e53b906dd7be041e021dd2791b7aa8c55e24585,3552,0,2,1
0,10,1,0,1,0.017795706000470091,0.0070159999999999997,0.010702,22511616,NA,NA,NA,NA,NA,NA,NA,NA,2056,133,5,1,6b21b079ef6f8f7f055926600e53b906dd7be041e021dd2791b7aa8c55e24585,3553,0,2,0
0,10,0,1,22,0.12514601699967898,0.081023999999999999,0.043749999999999997,62443520,NA,NA,NA,NA,NA,NA,NA,NA,1433848,711531,19202,64,7fe8e0e1367c4dc75afe736c0ee35e3a3755c0152301f3880ce2412132a22623,13048,0,2,2
0,10,1,0,22,0.10701900599997316,0.095580999999999999,0.011269,62033920,NA,NA,NA,NA,NA,NA,NA,NA,1433848,711531,19202,64,7fe8e0e1367c4dc75afe736c0ee35e3a3755c0152301f3880ce2412132a22623,13046,0,2,1
0,10,0,0,5,0.026674650999666483,0.018970000000000001,0.0075759999999999994,28332032,NA,NA,NA,NA,NA,NA,NA,NA,192736,51085,1029,1,98c15b8b4636441c6e839c68a3bed9dee3bd8ae062882739073db7b7ed7d66f3,4970,0,2,0
0,10,1,1,5,0.024425650000011956,0.0082830000000000004,0.016024999999999998,28360704,NA,NA,NA,NA,NA,NA,NA,NA,192736,51085,1029,1,98c15b8b4636441c6e839c68a3bed9dee3bd8ae062882739073db7b7ed7d66f3,4975,0,2,0
0,10,0,0,23,0.12129243900017173,0.085801000000000002,0.035387000000000002,62722048,NA,NA,NA,NA,NA,NA,NA,NA,1433848,711531,19202,64,7fe8e0e1367c4dc75afe736c0ee35e3a3755c0152301f3880ce2412132a22623,13121,0,2,0
0,10,1,1,23,0.11460988500039093,0.094244999999999995,0.020212000000000001,62283776,NA,NA,NA,NA,NA,NA,NA,NA,1433848,711531,19202,64,7fe8e0e1367c4dc75afe736c0ee35e3a3755c0152301f3880ce2412132a22623,13108,0,2,0
0,10,0,0,14,0.031195808999655128,0.026522,0.0045500000000000002,29646848,NA,NA,NA,NA,NA,NA,NA,NA,247896,280189,4101,1,cf0f1cc1e290dce65809b3140c6f2dc9062a9f452120988a3a869e7faab69134,5161,0,2,0
0,10,1,1,14,0.026177205999374564,0.018783999999999999,0.0072509999999999996,29679616,NA,NA,NA,NA,NA,NA,NA,NA,247896,280189,4101,1,cf0f1cc1e290dce65809b3140c6f2dc9062a9f452120988a3a869e7faab69134,5161,0,2,0
0,10,0,0,21,0.10875633899922832,0.093946999999999989,0.014681999999999999,64233472,NA,NA,NA,NA,NA,NA,NA,NA,2209528,711531,19202,64,955dcf7525f03629d689feea1585905e0b8700805efb32f241197b1ebcb41ffa,13619,0,2,1
0,10,1,1,21,0.11433011000008264,0.098299999999999998,0.015889999999999998,64278528,NA,NA,NA,NA,NA,NA,NA,NA,2209528,711531,19202,64,955dcf7525f03629d689feea1585905e0b8700805efb32f241197b1ebcb41ffa,13611,0,2,0
0,10,0,1,4,0.047605740999642876,0.033243999999999996,0.014218999999999999,26759168,NA,NA,NA,NA,NA,NA,NA,NA,163920,51085,1029,1,3469c6c02ad818b9b840f744b74781f39d0d6d69319fb824d729f7875274b381,4517,0,2,1
0,10,1,0,4,0.040153306999854976,0.028266999999999997,0.011762999999999999,26730496,NA,NA,NA,NA,NA,NA,NA,NA,163920,51085,1029,1,3469c6c02ad818b9b840f744b74781f39d0d6d69319fb824d729f7875274b381,4525,0,2,0
0,10,0,0,17,0.061073877999660908,0.036075999999999997,0.024877,41000960,NA,NA,NA,NA,NA,NA,NA,NA,1009296,235398,3329,64,38ac9f9d8df5158b7a074eaf4b5e0c874f05fd31c535c3796e06db0d216a0323,7939,0,2,0
0,10,1,1,17,0.075648511000508734,0.054704999999999997,0.020816999999999999,41033728,NA,NA,NA,NA,NA,NA,NA,NA,1009296,235398,3329,64,38ac9f9d8df5158b7a074eaf4b5e0c874f05fd31c535c3796e06db0d216a0323,7941,0,2,0
0,10,0,0,19,0.055384808999406232,0.051077999999999998,0.0040999999999999995,39899136,NA,NA,NA,NA,NA,NA,NA,NA,742032,235398,3329,64,bbb3d34b2aa5abdd298d84b8be032ee0c65ab3dbe74b5d4f0ba0963e99614893,7758,0,2,1
0,10,1,1,19,0.062343974999748752,0.036278999999999999,0.025892999999999999,39878656,NA,NA,NA,NA,NA,NA,NA,NA,742032,235398,3329,64,bbb3d34b2aa5abdd298d84b8be032ee0c65ab3dbe74b5d4f0ba0963e99614893,7752,0,2,0
0,10,0,1,6,0.029742629999418568,0.021899999999999999,0.0077229999999999998,28819456,NA,NA,NA,NA,NA,NA,NA,NA,126024,51085,1029,1,d6479df97612ac41a8966333a6ef58076a32dad29a20f6bc64e0a5b65673088c,4945,0,2,0
0,10,1,0,6,0.028949283999281761,0.013828,0.014428,28213248,NA,NA,NA,NA,NA,NA,NA,NA,126024,51085,1029,1,d6479df97612ac41a8966333a6ef58076a32dad29a20f6bc64e0a5b65673088c,4928,0,2,1
0,10,0,0,11,0.025918518000253243,0.017079999999999998,0.0087219999999999989,28360704,NA,NA,NA,NA,NA,NA,NA,NA,106320,39898,2049,512,7b8f1ead52d1f75ea51a9518f4611f96b3105a83b8e9ff16958705114f2a13b3,4952,0,2,0
0,10,1,1,11,0.025836503999926208,0.021499999999999998,0.0040229999999999997,28364800,NA,NA,NA,NA,NA,NA,NA,NA,106320,39898,2049,512,7b8f1ead52d1f75ea51a9518f4611f96b3105a83b8e9ff16958705114f2a13b3,4953,0,2,0
0,10,0,0,7,0.024588328000390902,0.024428999999999999,0,28463104,NA,NA,NA,NA,NA,NA,NA,NA,126024,51085,1029,1,d6479df97612ac41a8966333a6ef58076a32dad29a20f6bc64e0a5b65673088c,4988,0,2,0
0,10,1,1,7,0.029703397999583103,0.019757,0.008201,28487680,NA,NA,NA,NA,NA,NA,NA,NA,126024,51085,1029,1,d6479df97612ac41a8966333a6ef58076a32dad29a20f6bc64e0a5b65673088c,4993,0,2,6
0,10,0,1,0,0.018319425999834493,0.014565999999999999,0.003669,22736896,NA,NA,NA,NA,NA,NA,NA,NA,2008,133,5,1,a8c1633e798ef980493443e67e6fdb6eada42f775edf7051d304d09c3ddadf5a,3577,0,2,0
0,10,1,0,0,0.019291135999992548,0.015344999999999999,0.0038399999999999997,22728704,NA,NA,NA,NA,NA,NA,NA,NA,2008,133,5,1,a8c1633e798ef980493443e67e6fdb6eada42f775edf7051d304d09c3ddadf5a,3577,0,2,0
0,10,0,1,2,0.017004672999973991,0.012778999999999999,0.0041440000000000001,22982656,NA,NA,NA,NA,NA,NA,NA,NA,2008,133,5,1,8210b4f6eac12a20575e673437437e82cfff653da437ea17992a3aed56a99207,3550,0,2,0
0,10,1,0,2,0.016200069000660733,0.016119999999999999,0,23052288,NA,NA,NA,NA,NA,NA,NA,NA,2008,133,5,1,8210b4f6eac12a20575e673437437e82cfff653da437ea17992a3aed56a99207,3557,0,2,0
0,10,0,1,20,0.16043320900007529,0.13633799999999999,0.023991999999999999,64245760,NA,NA,NA,NA,NA,NA,NA,NA,1746680,711531,19202,64,e4041ce2b5b6df572ca4d0ca66e6006ad368116646e82963f7e9550b84ab78ca,13659,0,2,1
0,10,1,0,20,0.1586631430000125,0.13797999999999999,0.020527,64417792,NA,NA,NA,NA,NA,NA,NA,NA,1746680,711531,19202,64,e4041ce2b5b6df572ca4d0ca66e6006ad368116646e82963f7e9550b84ab78ca,13665,0,2,1
0,10,0,0,12,0.04559619500014378,0.033118000000000002,0.012265,28712960,NA,NA,NA,NA,NA,NA,NA,NA,313424,280189,4101,1,0f9e44f960c45a3ca86cde574970381ef909d64a6bb2d20a17395bced584502a,5024,0,2,0
0,10,1,1,12,0.042420593999850098,0.029741999999999998,0.012532,28753920,NA,NA,NA,NA,NA,NA,NA,NA,313424,280189,4101,1,0f9e44f960c45a3ca86cde574970381ef909d64a6bb2d20a17395bced584502a,5032,0,2,0
0,10,0,1,10,0.026149286999498145,0.01091,0.015122999999999999,28631040,NA,NA,NA,NA,NA,NA,NA,NA,106320,39898,2049,512,7b8f1ead52d1f75ea51a9518f4611f96b3105a83b8e9ff16958705114f2a13b3,4962,0,2,1
0,10,1,0,10,0.024282524999762245,0.020462999999999999,0.0037059999999999997,28344320,NA,NA,NA,NA,NA,NA,NA,NA,106320,39898,2049,512,7b8f1ead52d1f75ea51a9518f4611f96b3105a83b8e9ff16958705114f2a13b3,4953,0,2,0
0,10,0,0,16,0.081376526999520138,0.069186999999999999,0.012078999999999999,42029056,NA,NA,NA,NA,NA,NA,NA,NA,1083024,235398,3329,64,5916968f62e510f778d0d1e3d1fe7cb78db1f7fd7a3ef52fe1a3aefaf683922d,8293,0,2,0
0,10,1,1,16,0.10231134300011036,0.07614499999999999,0.026029999999999998,41897984,NA,NA,NA,NA,NA,NA,NA,NA,1083024,235398,3329,64,5916968f62e510f778d0d1e3d1fe7cb78db1f7fd7a3ef52fe1a3aefaf683922d,8297,0,2,0
0,10,0,1,3,0.019143353999425017,0.011287999999999999,0.0077069999999999994,22990848,NA,NA,NA,NA,NA,NA,NA,NA,2008,133,5,1,8210b4f6eac12a20575e673437437e82cfff653da437ea17992a3aed56a99207,3560,0,2,0
0,10,1,0,3,0.020059276999745634,0.0080289999999999997,0.011923999999999999,22511616,NA,NA,NA,NA,NA,NA,NA,NA,2008,133,5,1,8210b4f6eac12a20575e673437437e82cfff653da437ea17992a3aed56a99207,3544,0,2,1
0,10,0,1,8,0.030241870000281779,0.025363999999999998,0.0047889999999999999,29753344,NA,NA,NA,NA,NA,NA,NA,NA,98128,39898,2049,512,d54e0d3e437f1319c5e0037da4750229225984f79f1ebd587b1323affae587ab,5484,0,2,0
0,10,1,0,8,0.030476734999865585,0.022036,0.008343999999999999,29728768,NA,NA,NA,NA,NA,NA,NA,NA,98128,39898,2049,512,d54e0d3e437f1319c5e0037da4750229225984f79f1ebd587b1323affae587ab,5483,0,2,0
0,11,0,0,18,0.055304286000136926,0.040511999999999999,0.014674,39915520,NA,NA,NA,NA,NA,NA,NA,NA,742032,235398,3329,64,bbb3d34b2aa5abdd298d84b8be032ee0c65ab3dbe74b5d4f0ba0963e99614893,7767,0,2,0
0,11,1,1,18,0.0576178080000318,0.041959999999999997,0.015491999999999999,40357888,NA,NA,NA,NA,NA,NA,NA,NA,742032,235398,3329,64,bbb3d34b2aa5abdd298d84b8be032ee0c65ab3dbe74b5d4f0ba0963e99614893,7777,0,2,0
0,11,0,0,6,0.026763628000480821,0.018499999999999999,0.008123,28766208,NA,NA,NA,NA,NA,NA,NA,NA,126024,51085,1029,1,d6479df97612ac41a8966333a6ef58076a32dad29a20f6bc64e0a5b65673088c,4944,0,2,0
0,11,1,1,6,0.025763116000234731,0.021642999999999999,0.0039659999999999999,28221440,NA,NA,NA,NA,NA,NA,NA,NA,126024,51085,1029,1,d6479df97612ac41a8966333a6ef58076a32dad29a20f6bc64e0a5b65673088c,4936,0,2,0
0,11,0,1,5,0.026428328000292822,0.013715,0.012598,28385280,NA,NA,NA,NA,NA,NA,NA,NA,192736,51085,1029,1,98c15b8b4636441c6e839c68a3bed9dee3bd8ae062882739073db7b7ed7d66f3,4972,0,2,0
0,11,1,0,5,0.024396695999712392,0.012470999999999999,0.011824999999999999,28921856,NA,NA,NA,NA,NA,NA,NA,NA,192736,51085,1029,1,98c15b8b4636441c6e839c68a3bed9dee3bd8ae062882739073db7b7ed7d66f3,4982,0,2,0
0,11,0,0,2,0.016685546999724465,0.0086280000000000003,0.0079620000000000003,22966272,NA,NA,NA,NA,NA,NA,NA,NA,2008,133,5,1,8210b4f6eac12a20575e673437437e82cfff653da437ea17992a3aed56a99207,3548,0,2,0
0,11,1,1,2,0.016549648999898636,0.012242999999999999,0.0042189999999999997,22937600,NA,NA,NA,NA,NA,NA,NA,NA,2008,133,5,1,8210b4f6eac12a20575e673437437e82cfff653da437ea17992a3aed56a99207,3553,0,2,0
0,11,0,1,17,0.061392101999445003,0.045068999999999998,0.016198000000000001,40558592,NA,NA,NA,NA,NA,NA,NA,NA,1009296,235398,3329,64,38ac9f9d8df5158b7a074eaf4b5e0c874f05fd31c535c3796e06db0d216a0323,7927,0,2,0
0,11,1,0,17,0.060794086999521824,0.048516999999999998,0.012166,40562688,NA,NA,NA,NA,NA,NA,NA,NA,1009296,235398,3329,64,38ac9f9d8df5158b7a074eaf4b5e0c874f05fd31c535c3796e06db0d216a0323,7934,0,2,0
0,11,0,1,12,0.042397981999783951,0.029923999999999999,0.012341999999999999,28721152,NA,NA,NA,NA,NA,NA,NA,NA,313424,280189,4101,1,0f9e44f960c45a3ca86cde574970381ef909d64a6bb2d20a17395bced584502a,5025,0,2,1
0,11,1,0,12,0.037133197999537515,0.032962999999999999,0.0040669999999999994,28688384,NA,NA,NA,NA,NA,NA,NA,NA,313424,280189,4101,1,0f9e44f960c45a3ca86cde574970381ef909d64a6bb2d20a17395bced584502a,5027,0,2,0
0,11,0,0,3,0.01723698699970555,0.010532,0.006613,22982656,NA,NA,NA,NA,NA,NA,NA,NA,2008,133,5,1,8210b4f6eac12a20575e673437437e82cfff653da437ea17992a3aed56a99207,3558,0,2,0
0,11,1,1,3,0.01702617699993425,0.012718,0.0042220000000000001,22560768,NA,NA,NA,NA,NA,NA,NA,NA,2008,133,5,1,8210b4f6eac12a20575e673437437e82cfff653da437ea17992a3aed56a99207,3543,0,2,0
0,11,0,1,14,0.025929736999387387,0.021817,0.0040229999999999997,29704192,NA,NA,NA,NA,NA,NA,NA,NA,247896,280189,4101,1,cf0f1cc1e290dce65809b3140c6f2dc9062a9f452120988a3a869e7faab69134,5161,0,2,0
0,11,1,0,14,0.026498692000131996,0.022589999999999999,0.0038159999999999999,29212672,NA,NA,NA,NA,NA,NA,NA,NA,247896,280189,4101,1,cf0f1cc1e290dce65809b3140c6f2dc9062a9f452120988a3a869e7faab69134,5147,0,2,0
0,11,0,1,7,0.027984581000055186,0.015326999999999999,0.011963,28774400,NA,NA,NA,NA,NA,NA,NA,NA,126024,51085,1029,1,d6479df97612ac41a8966333a6ef58076a32dad29a20f6bc64e0a5b65673088c,4995,0,2,0
0,11,1,0,7,0.02307818299959763,0.015248999999999999,0.0077159999999999998,28622848,NA,NA,NA,NA,NA,NA,NA,NA,126024,51085,1029,1,d6479df97612ac41a8966333a6ef58076a32dad29a20f6bc64e0a5b65673088c,4991,0,2,0
0,11,0,1,23,0.13047334000020783,0.101909,0.028451999999999998,62263296,NA,NA,NA,NA,NA,NA,NA,NA,1433848,711531,19202,64,7fe8e0e1367c4dc75afe736c0ee35e3a3755c0152301f3880ce2412132a22623,13115,0,2,1
0,11,1,0,23,0.13239205500030948,0.105596,0.026657999999999998,62255104,NA,NA,NA,NA,NA,NA,NA,NA,1433848,711531,19202,64,7fe8e0e1367c4dc75afe736c0ee35e3a3755c0152301f3880ce2412132a22623,13111,0,2,0
0,11,0,1,15,0.031362534999971103,0.023129,0.0080090000000000005,29343744,NA,NA,NA,NA,NA,NA,NA,NA,247896,280189,4101,1,cf0f1cc1e290dce65809b3140c6f2dc9062a9f452120988a3a869e7faab69134,5185,0,2,1
0,11,1,0,15,0.027649268999994092,0.015462999999999999,0.012062,29716480,NA,NA,NA,NA,NA,NA,NA,NA,247896,280189,4101,1,cf0f1cc1e290dce65809b3140c6f2dc9062a9f452120988a3a869e7faab69134,5197,0,2,1
0,11,0,1,21,0.11543831699964358,0.082238999999999993,0.033028000000000002,64647168,NA,NA,NA,NA,NA,NA,NA,NA,2209528,711531,19202,64,955dcf7525f03629d689feea1585905e0b8700805efb32f241197b1ebcb41ffa,13616,0,2,0
0,11,1,0,21,0.10161691600023914,0.076595999999999997,0.024893999999999999,64155648,NA,NA,NA,NA,NA,NA,NA,NA,2209528,711531,19202,64,955dcf7525f03629d689feea1585905e0b8700805efb32f241197b1ebcb41ffa,13611,0,2,0
0,11,0,0,20,0.16071507499964355,0.128442,0.032098999999999996,64270336,NA,NA,NA,NA,NA,NA,NA,NA,1746680,711531,19202,64,e4041ce2b5b6df572ca4d0ca66e6006ad368116646e82963f7e9550b84ab78ca,13665,0,2,0
0,11,1,1,20,0.15720616299950052,0.13281899999999999,0.024212999999999998,64442368,NA,NA,NA,NA,NA,NA,NA,NA,1746680,711531,19202,64,e4041ce2b5b6df572ca4d0ca66e6006ad368116646e82963f7e9550b84ab78ca,13665,0,2,1
0,11,0,0,10,0.025525197999741067,0.013916,0.011493,28344320,NA,NA,NA,NA,NA,NA,NA,NA,106320,39898,2049,512,7b8f1ead52d1f75ea51a9518f4611f96b3105a83b8e9ff16958705114f2a13b3,4957,0,2,0
0,11,1,1,10,0.026897239000390982,0.012102999999999999,0.014681999999999999,28798976,NA,NA,NA,NA,NA,NA,NA,NA,106320,39898,2049,512,7b8f1ead52d1f75ea51a9518f4611f96b3105a83b8e9ff16958705114f2a13b3,4965,0,2,0
0,11,0,1,19,0.052411981999284762,0.032111000000000001,0.020206999999999999,40292352,NA,NA,NA,NA,NA,NA,NA,NA,742032,235398,3329,64,bbb3d34b2aa5abdd298d84b8be032ee0c65ab3dbe74b5d4f0ba0963e99614893,7764,0,2,0
0,11,1,0,19,0.058963569000297866,0.047565999999999997,0.011264999999999999,39837696,NA,NA,NA,NA,NA,NA,NA,NA,742032,235398,3329,64,bbb3d34b2aa5abdd298d84b8be032ee0c65ab3dbe74b5d4f0ba0963e99614893,7748,0,2,0
0,11,0,0,9,0.026404871000522689,0.011394999999999999,0.014888,28778496,NA,NA,NA,NA,NA,NA,NA,NA,147280,39898,2049,512,02ee45f00f5fa967779eb017bd9c1965526161af8ee6a0f23a31a68b3dbbac77,4987,0,2,0
0,11,1,1,9,0.024142381999809004,0.024050999999999999,0,28753920,NA,NA,NA,NA,NA,NA,NA,NA,147280,39898,2049,512,02ee45f00f5fa967779eb017bd9c1965526161af8ee6a0f23a31a68b3dbbac77,4986,0,2,0
0,11,0,1,13,0.02584328499960975,0.021391999999999998,0.0043569999999999998,29597696,NA,NA,NA,NA,NA,NA,NA,NA,313536,280189,4101,1,5a04cd3dab823e43a4d317f4a27057eec5b1fcaecf9843229a14a897b95f1f29,5228,0,2,0
0,11,1,0,13,0.027667687999382906,0.015597,0.011944999999999999,30048256,NA,NA,NA,NA,NA,NA,NA,NA,313536,280189,4101,1,5a04cd3dab823e43a4d317f4a27057eec5b1fcaecf9843229a14a897b95f1f29,5234,0,2,0
0,11,0,1,11,0.033695034000629676,0.028874,0.0042100000000000002,28364800,NA,NA,NA,NA,NA,NA,NA,NA,106320,39898,2049,512,7b8f1ead52d1f75ea51a9518f4611f96b3105a83b8e9ff16958705114f2a13b3,4959,0,2,0
0,11,1,0,11,0.030100742999820795,0.025007999999999999,0.0046509999999999998,28684288,NA,NA,NA,NA,NA,NA,NA,NA,106320,39898,2049,512,7b8f1ead52d1f75ea51a9518f4611f96b3105a83b8e9ff16958705114f2a13b3,4959,0,2,0
0,11,0,0,0,0.020729928999571712,0.016591999999999999,0.0039639999999999996,22749184,NA,NA,NA,NA,NA,NA,NA,NA,2008,133,5,1,a8c1633e798ef980493443e67e6fdb6eada42f775edf7051d304d09c3ddadf5a,3567,0,2,1
0,11,1,1,0,0.021114330000273185,0.016480999999999999,0.0045119999999999995,22724608,NA,NA,NA,NA,NA,NA,NA,NA,2008,133,5,1,a8c1633e798ef980493443e67e6fdb6eada42f775edf7051d304d09c3ddadf5a,3571,0,2,0
0,11,0,0,4,0.040179984000133118,0.035996,0.0040799999999999994,26517504,NA,NA,NA,NA,NA,NA,NA,NA,163920,51085,1029,1,3469c6c02ad818b9b840f744b74781f39d0d6d69319fb824d729f7875274b381,4516,0,2,1
0,11,1,1,4,0.040066861000013887,0.023916,0.016059999999999998,26669056,NA,NA,NA,NA,NA,NA,NA,NA,163920,51085,1029,1,3469c6c02ad818b9b840f744b74781f39d0d6d69319fb824d729f7875274b381,4520,0,2,0
0,11,0,0,22,0.12236105000010866,0.11071599999999999,0.011536999999999999,62312448,NA,NA,NA,NA,NA,NA,NA,NA,1433848,711531,19202,64,7fe8e0e1367c4dc75afe736c0ee35e3a3755c0152301f3880ce2412132a22623,13049,0,2,0
0,11,1,1,22,0.11387929200009239,0.097922999999999996,0.015748999999999999,62443520,NA,NA,NA,NA,NA,NA,NA,NA,1433848,711531,19202,64,7fe8e0e1367c4dc75afe736c0ee35e3a3755c0152301f3880ce2412132a22623,13046,0,2,0
0,11,0,0,8,0.03084997000041767,0.026927,0.003764,29655040,NA,NA,NA,NA,NA,NA,NA,NA,98128,39898,2049,512,d54e0d3e437f1319c5e0037da4750229225984f79f1ebd587b1323affae587ab,5478,0,2,0
0,11,1,1,8,0.034928388000480481,0.034713000000000001,0,29655040,NA,NA,NA,NA,NA,NA,NA,NA,98128,39898,2049,512,d54e0d3e437f1319c5e0037da4750229225984f79f1ebd587b1323affae587ab,5478,0,2,0
0,11,0,1,16,0.084562058999836154,0.057727000000000001,0.026737999999999998,41975808,NA,NA,NA,NA,NA,NA,NA,NA,1083024,235398,3329,64,5916968f62e510f778d0d1e3d1fe7cb78db1f7fd7a3ef52fe1a3aefaf683922d,8292,0,2,0
0,11,1,0,16,0.08308303200010414,0.067094000000000001,0.015848999999999999,42037248,NA,NA,NA,NA,NA,NA,NA,NA,1083024,235398,3329,64,5916968f62e510f778d0d1e3d1fe7cb78db1f7fd7a3ef52fe1a3aefaf683922d,8302,0,2,1
0,11,0,0,1,0.028884505999485555,0.010678999999999999,0.017103,23031808,NA,NA,NA,NA,NA,NA,NA,NA,2056,133,5,1,6b21b079ef6f8f7f055926600e53b906dd7be041e021dd2791b7aa8c55e24585,3560,0,2,0
0,11,1,1,1,0.027590941000198654,0.023678999999999999,0.0031699999999999996,22978560,NA,NA,NA,NA,NA,NA,NA,NA,2056,133,5,1,6b21b079ef6f8f7f055926600e53b906dd7be041e021dd2791b7aa8c55e24585,3556,0,2,2
0,12,0,1,14,0.028693614999610872,0.016823999999999999,0.01175,29679616,NA,NA,NA,NA,NA,NA,NA,NA,247896,280189,4101,1,cf0f1cc1e290dce65809b3140c6f2dc9062a9f452120988a3a869e7faab69134,5162,0,2,0
0,12,1,0,14,0.031024570000226959,0.022549,0.0083529999999999993,29245440,NA,NA,NA,NA,NA,NA,NA,NA,247896,280189,4101,1,cf0f1cc1e290dce65809b3140c6f2dc9062a9f452120988a3a869e7faab69134,5155,0,2,0
0,12,0,1,0,0.017485805999967852,0.013061999999999999,0.0043159999999999995,23031808,NA,NA,NA,NA,NA,NA,NA,NA,2008,133,5,1,a8c1633e798ef980493443e67e6fdb6eada42f775edf7051d304d09c3ddadf5a,3582,0,2,0
0,12,1,0,0,0.019575727000301413,0.019501999999999999,0,22732800,NA,NA,NA,NA,NA,NA,NA,NA,2008,133,5,1,a8c1633e798ef980493443e67e6fdb6eada42f775edf7051d304d09c3ddadf5a,3568,0,2,0
0,12,0,0,22,0.11589997900046001,0.099077999999999999,0.016715999999999998,61927424,NA,NA,NA,NA,NA,NA,NA,NA,1433848,711531,19202,64,7fe8e0e1367c4dc75afe736c0ee35e3a3755c0152301f3880ce2412132a22623,13043,0,2,1
0,12,1,1,22,0.1289868359999673,0.109279,0.019554999999999999,62455808,NA,NA,NA,NA,NA,NA,NA,NA,1433848,711531,19202,64,7fe8e0e1367c4dc75afe736c0ee35e3a3755c0152301f3880ce2412132a22623,13051,0,2,1
0,12,0,0,15,0.029512946999602718,0.016548999999999998,0.012797999999999999,29716480,NA,NA,NA,NA,NA,NA,NA,NA,247896,280189,4101,1,cf0f1cc1e290dce65809b3140c6f2dc9062a9f452120988a3a869e7faab69134,5195,0,2,1
0,12,1,1,15,0.028383466000377666,0.019826,0.0079150000000000002,29831168,NA,NA,NA,NA,NA,NA,NA,NA,247896,280189,4101,1,cf0f1cc1e290dce65809b3140c6f2dc9062a9f452120988a3a869e7faab69134,5194,0,2,1
0,12,0,1,6,0.032758077000835328,0.019851000000000001,0.012388,28221440,NA,NA,NA,NA,NA,NA,NA,NA,126024,51085,1029,1,d6479df97612ac41a8966333a6ef58076a32dad29a20f6bc64e0a5b65673088c,4928,0,2,0
0,12,1,0,6,0.026372727999842027,0.015306999999999999,0.010917,28217344,NA,NA,NA,NA,NA,NA,NA,NA,126024,51085,1029,1,d6479df97612ac41a8966333a6ef58076a32dad29a20f6bc64e0a5b65673088c,4934,0,2,0
0,12,0,0,4,0.04458310799964238,0.035955999999999995,0.0085339999999999999,26800128,NA,NA,NA,NA,NA,NA,NA,NA,163920,51085,1029,1,3469c6c02ad818b9b840f744b74781f39d0d6d69319fb824d729f7875274b381,4521,0,2,0
0,12,1,1,4,0.042206441999951494,0.042127999999999999,0,26595328,NA,NA,NA,NA,NA,NA,NA,NA,163920,51085,1029,1,3469c6c02ad818b9b840f744b74781f39d0d6d69319fb824d729f7875274b381,4514,0,2,0
0,12,0,0,9,0.023624792999726196,0.019089999999999999,0.0040149999999999995,28815360,NA,NA,NA,NA,NA,NA,NA,NA,147280,39898,2049,512,02ee45f00f5fa967779eb017bd9c1965526161af8ee6a0f23a31a68b3dbbac77,4988,0,2,0
0,12,1,1,9,0.02186705200074357,0.013181,0.0085970000000000005,28266496,NA,NA,NA,NA,NA,NA,NA,NA,147280,39898,2049,512,02ee45f00f5fa967779eb017bd9c1965526161af8ee6a0f23a31a68b3dbbac77,4987,0,2,0
0,12,0,0,8,0.03356429300038144,0.018977000000000001,0.014478999999999999,29573120,NA,NA,NA,NA,NA,NA,NA,NA,98128,39898,2049,512,d54e0d3e437f1319c5e0037da4750229225984f79f1ebd587b1323affae587ab,5480,0,2,1
0,12,1,1,8,0.029343516999688291,0.015578999999999999,0.013668999999999999,29523968,NA,NA,NA,NA,NA,NA,NA,NA,98128,39898,2049,512,d54e0d3e437f1319c5e0037da4750229225984f79f1ebd587b1323affae587ab,5473,0,2,0
0,12,0,0,2,0.017299361000368663,0.010289,0.0069259999999999999,22802432,NA,NA,NA,NA,NA,NA,NA,NA,2008,133,5,1,8210b4f6eac12a20575e673437437e82cfff653da437ea17992a3aed56a99207,3550,0,2,0
0,12,1,1,2,0.023517468000136432,0.023424999999999998,0,22507520,NA,NA,NA,NA,NA,NA,NA,NA,2008,133,5,1,8210b4f6eac12a20575e673437437e82cfff653da437ea17992a3aed56a99207,3547,0,2,0
0,12,0,0,18,0.05762600000070961,0.048626999999999997,0.0089160000000000003,40357888,NA,NA,NA,NA,NA,NA,NA,NA,742032,235398,3329,64,bbb3d34b2aa5abdd298d84b8be032ee0c65ab3dbe74b5d4f0ba0963e99614893,7772,0,2,0
0,12,1,1,18,0.052752978999706102,0.037686999999999998,0.014907999999999999,39948288,NA,NA,NA,NA,NA,NA,NA,NA,742032,235398,3329,64,bbb3d34b2aa5abdd298d84b8be032ee0c65ab3dbe74b5d4f0ba0963e99614893,7772,0,2,0
0,12,0,0,23,0.12859848799962492,0.099612999999999993,0.028851999999999999,62705664,NA,NA,NA,NA,NA,NA,NA,NA,1433848,711531,19202,64,7fe8e0e1367c4dc75afe736c0ee35e3a3755c0152301f3880ce2412132a22623,13114,0,2,1
0,12,1,1,23,0.12699844800044957,0.094671999999999992,0.032049000000000001,62312448,NA,NA,NA,NA,NA,NA,NA,NA,1433848,711531,19202,64,7fe8e0e1367c4dc75afe736c0ee35e3a3755c0152301f3880ce2412132a22623,13114,0,2,0
0,12,0,0,17,0.073437025000202993,0.049311999999999995,0.02384,40439808,NA,NA,NA,NA,NA,NA,NA,NA,1009296,235398,3329,64,38ac9f9d8df5158b7a074eaf4b5e0c874f05fd31c535c3796e06db0d216a0323,7931,0,2,2
0,12,1,1,17,0.065976703000160342,0.046237,0.019608,41058304,NA,NA,NA,NA,NA,NA,NA,NA,1009296,235398,3329,64,38ac9f9d8df5158b7a074eaf4b5e0c874f05fd31c535c3796e06db0d216a0323,7939,0,2,0
0,12,0,0,5,0.025871503000416851,0.011349,0.014407,28897280,NA,NA,NA,NA,NA,NA,NA,NA,192736,51085,1029,1,98c15b8b4636441c6e839c68a3bed9dee3bd8ae062882739073db7b7ed7d66f3,4975,0,2,0
0,12,1,1,5,0.026820520999535802,0.018349999999999998,0.0083730000000000002,28278784,NA,NA,NA,NA,NA,NA,NA,NA,192736,51085,1029,1,98c15b8b4636441c6e839c68a3bed9dee3bd8ae062882739073db7b7ed7d66f3,4975,0,2,0
0,12,0,1,7,0.03803461499956029,0.033466999999999997,0.0044120000000000001,28815360,NA,NA,NA,NA,NA,NA,NA,NA,126024,51085,1029,1,d6479df97612ac41a8966333a6ef58076a32dad29a20f6bc64e0a5b65673088c,4996,0,2,1
0,12,1,0,7,0.025812024000515521,0.018484999999999998,0.0072179999999999996,28770304,NA,NA,NA,NA,NA,NA,NA,NA,126024,51085,1029,1,d6479df97612ac41a8966333a6ef58076a32dad29a20f6bc64e0a5b65673088c,4996,0,2,0
0,12,0,0,20,0.1650302769994596,0.14003399999999999,0.024885999999999998,64516096,NA,NA,NA,NA,NA,NA,NA,NA,1746680,711531,19202,64,e4041ce2b5b6df572ca4d0ca66e6006ad368116646e82963f7e9550b84ab78ca,13663,0,2,1
0,12,1,1,20,0.15506702699985908,0.123306,0.031634999999999996,64442368,NA,NA,NA,NA,NA,NA,NA,NA,1746680,711531,19202,64,e4041ce2b5b6df572ca4d0ca66e6006ad368116646e82963f7e9550b84ab78ca,13669,0,2,1
0,12,0,1,1,0.020570124000187207,0.011798999999999999,0.0086610000000000003,23023616,NA,NA,NA,NA,NA,NA,NA,NA,2056,133,5,1,6b21b079ef6f8f7f055926600e53b906dd7be041e021dd2791b7aa8c55e24585,3551,0,2,0
0,12,1,0,1,0.017070150000108697,0.01362,0.003362,22814720,NA,NA,NA,NA,NA,NA,NA,NA,2056,133,5,1,6b21b079ef6f8f7f055926600e53b906dd7be041e021dd2791b7aa8c55e24585,3554,0,2,0
0,12,0,1,11,0.02409685500060732,0.015286999999999999,0.0087349999999999997,28585984,NA,NA,NA,NA,NA,NA,NA,NA,106320,39898,2049,512,7b8f1ead52d1f75ea51a9518f4611f96b3105a83b8e9ff16958705114f2a13b3,4963,0,2,0
0,12,1,0,11,0.021123628000168537,0.021045999999999999,0,28626944,NA,NA,NA,NA,NA,NA,NA,NA,106320,39898,2049,512,7b8f1ead52d1f75ea51a9518f4611f96b3105a83b8e9ff16958705114f2a13b3,4962,0,2,0
0,12,0,0,16,0.078772694000690535,0.062447999999999997,0.016246,41873408,NA,NA,NA,NA,NA,NA,NA,NA,1083024,235398,3329,64,5916968f62e510f778d0d1e3d1fe7cb78db1f7fd7a3ef52fe1a3aefaf683922d,8293,0,2,0
0,12,1,1,16,0.080985786999917764,0.069339999999999999,0.011533999999999999,42004480,NA,NA,NA,NA,NA,NA,NA,NA,1083024,235398,3329,64,5916968f62e510f778d0d1e3d1fe7cb78db1f7fd7a3ef52fe1a3aefaf683922d,8294,0,2,1
0,12,0,0,12,0.038167873000020336,0.019810999999999999,0.018161,28721152,NA,NA,NA,NA,NA,NA,NA,NA,313424,280189,4101,1,0f9e44f960c45a3ca86cde574970381ef909d64a6bb2d20a17395bced584502a,5030,0,2,0
0,12,1,1,12,0.037827139000000898,0.030317999999999998,0.0073929999999999994,28532736,NA,NA,NA,NA,NA,NA,NA,NA,313424,280189,4101,1,0f9e44f960c45a3ca86cde574970381ef909d64a6bb2d20a17395bced584502a,5024,0,2,0
0,12,0,0,19,0.052425902999857499,0.040080999999999999,0.012248999999999999,39878656,NA,NA,NA,NA,NA,NA,NA,NA,742032,235398,3329,64,bbb3d34b2aa5abdd298d84b8be032ee0c65ab3dbe74b5d4f0ba0963e99614893,7753,0,2,0
0,12,1,1,19,0.052497277999464131,0.040125999999999995,0.012272,40292352,NA,NA,NA,NA,NA,NA,NA,NA,742032,235398,3329,64,bbb3d34b2aa5abdd298d84b8be032ee0c65ab3dbe74b5d4f0ba0963e99614893,7764,0,2,0
0,12,0,0,21,0.10369730800084653,0.079174999999999995,0.024409999999999998,64196608,NA,NA,NA,NA,NA,NA,NA,NA,2209528,711531,19202,64,955dcf7525f03629d689feea1585905e0b8700805efb32f241197b1ebcb41ffa,13617,0,2,1
0,12,1,1,21,0.11715969499982748,0.074267,0.042706000000000001,64737280,NA,NA,NA,NA,NA,NA,NA,NA,2209528,711531,19202,64,955dcf7525f03629d689feea1585905e0b8700805efb32f241197b1ebcb41ffa,13623,0,2,2
0,12,0,0,10,0.024982208999972499,0.012038999999999999,0.012459,28356608,NA,NA,NA,NA,NA,NA,NA,NA,106320,39898,2049,512,7b8f1ead52d1f75ea51a9518f4611f96b3105a83b8e9ff16958705114f2a13b3,4957,0,2,0
0,12,1,1,10,0.033620440999584389,0.023337999999999998,0.010166,28344320,NA,NA,NA,NA,NA,NA,NA,NA,106320,39898,2049,512,7b8f1ead52d1f75ea51a9518f4611f96b3105a83b8e9ff16958705114f2a13b3,4957,0,2,0
0,12,0,0,3,0.021568142999967677,0.017717,0.0037559999999999998,22593536,NA,NA,NA,NA,NA,NA,NA,NA,2008,133,5,1,8210b4f6eac12a20575e673437437e82cfff653da437ea17992a3aed56a99207,3548,0,2,0
0,12,1,1,3,0.022107136999693466,0.015951,0.006084,23052288,NA,NA,NA,NA,NA,NA,NA,NA,2008,133,5,1,8210b4f6eac12a20575e673437437e82cfff653da437ea17992a3aed56a99207,3560,0,2,0
0,12,0,0,13,0.026259909000145853,0.017652999999999999,0.0085229999999999993,30105600,NA,NA,NA,NA,NA,NA,NA,NA,313536,280189,4101,1,5a04cd3dab823e43a4d317f4a27057eec5b1fcaecf9843229a14a897b95f1f29,5240,0,2,0
0,12,1,1,13,0.025538245999996434,0.02103,0.0044269999999999995,29593600,NA,NA,NA,NA,NA,NA,NA,NA,313536,280189,4101,1,5a04cd3dab823e43a4d317f4a27057eec5b1fcaecf9843229a14a897b95f1f29,5236,0,2,0
0,13,0,1,2,0.016287920000650047,0.012537,0.0036739999999999997,22745088,NA,NA,NA,NA,NA,NA,NA,NA,2008,133,5,1,8210b4f6eac12a20575e673437437e82cfff653da437ea17992a3aed56a99207,3549,0,2,0
0,13,1,0,2,0.015704048999396036,0.015632999999999998,0,22999040,NA,NA,NA,NA,NA,NA,NA,NA,2008,133,5,1,8210b4f6eac12a20575e673437437e82cfff653da437ea17992a3aed56a99207,3556,0,2,0
0,13,0,1,3,0.015532919999714068,0.011576999999999999,0.0038789999999999996,23015424,NA,NA,NA,NA,NA,NA,NA,NA,2008,133,5,1,8210b4f6eac12a20575e673437437e82cfff653da437ea17992a3aed56a99207,3558,0,2,0
0,13,1,0,3,0.016843972000060603,0.016774000000000001,0,22573056,NA,NA,NA,NA,NA,NA,NA,NA,2008,133,5,1,8210b4f6eac12a20575e673437437e82cfff653da437ea17992a3aed56a99207,3550,0,2,0
0,13,0,1,9,0.021445666000545316,0.017118999999999999,0.004248,28303360,NA,NA,NA,NA,NA,NA,NA,NA,147280,39898,2049,512,02ee45f00f5fa967779eb017bd9c1965526161af8ee6a0f23a31a68b3dbbac77,4987,0,2,0
0,13,1,0,9,0.022353837000082422,0.018619999999999998,0.0036349999999999998,28889088,NA,NA,NA,NA,NA,NA,NA,NA,147280,39898,2049,512,02ee45f00f5fa967779eb017bd9c1965526161af8ee6a0f23a31a68b3dbbac77,4992,0,2,0
0,13,0,0,11,0.023472922999644652,0.019407999999999998,0.0039870000000000001,28340224,NA,NA,NA,NA,NA,NA,NA,NA,106320,39898,2049,512,7b8f1ead52d1f75ea51a9518f4611f96b3105a83b8e9ff16958705114f2a13b3,4955,0,2,0
0,13,1,1,11,0.026361862000157998,0.01847,0.0078069999999999997,28819456,NA,NA,NA,NA,NA,NA,NA,NA,106320,39898,2049,512,7b8f1ead52d1f75ea51a9518f4611f96b3105a83b8e9ff16958705114f2a13b3,4965,0,2,0
0,13,0,0,14,0.033478616000138572,0.026880999999999999,0.0064689999999999999,29196288,NA,NA,NA,NA,NA,NA,NA,NA,247896,280189,4101,1,cf0f1cc1e290dce65809b3140c6f2dc9062a9f452120988a3a869e7faab69134,5155,0,2,0
0,13,1,1,14,0.025847435000287078,0.011198,0.014556999999999999,29704192,NA,NA,NA,NA,NA,NA,NA,NA,247896,280189,4101,1,cf0f1cc1e290dce65809b3140c6f2dc9062a9f452120988a3a869e7faab69134,5155,0,2,0
0,13,0,1,18,0.05692252999961056,0.043788999999999995,0.013018,40402944,NA,NA,NA,NA,NA,NA,NA,NA,742032,235398,3329,64,bbb3d34b2aa5abdd298d84b8be032ee0c65ab3dbe74b5d4f0ba0963e99614893,7768,0,2,0
0,13,1,0,18,0.050239956000041275,0.042077999999999997,0.0080079999999999995,40357888,NA,NA,NA,NA,NA,NA,NA,NA,742032,235398,3329,64,bbb3d34b2aa5abdd298d84b8be032ee0c65ab3dbe74b5d4f0ba0963e99614893,7777,0,2,2
0,13,0,1,5,0.024936591999903612,0.016539999999999999,0.0082959999999999996,28393472,NA,NA,NA,NA,NA,NA,NA,NA,192736,51085,1029,1,98c15b8b4636441c6e839c68a3bed9dee3bd8ae062882739073db7b7ed7d66f3,4967,0,2,0
0,13,1,0,5,0.024183735000406159,0.012088999999999999,0.011972,28393472,NA,NA,NA,NA,NA,NA,NA,NA,192736,51085,1029,1,98c15b8b4636441c6e839c68a3bed9dee3bd8ae062882739073db7b7ed7d66f3,4972,0,2,1
0,13,0,1,21,0.1078213170003437,0.07928099999999999,0.028450999999999997,64110592,NA,NA,NA,NA,NA,NA,NA,NA,2209528,711531,19202,64,955dcf7525f03629d689feea1585905e0b8700805efb32f241197b1ebcb41ffa,13610,0,2,0
0,13,1,0,21,0.10324344299988297,0.08433199999999999,0.018794999999999999,64581632,NA,NA,NA,NA,NA,NA,NA,NA,2209528,711531,19202,64,955dcf7525f03629d689feea1585905e0b8700805efb32f241197b1ebcb41ffa,13622,0,2,0
0,13,0,1,12,0.044662846999926842,0.040007000000000001,0.0045389999999999996,28676096,NA,NA,NA,NA,NA,NA,NA,NA,313424,280189,4101,1,0f9e44f960c45a3ca86cde574970381ef909d64a6bb2d20a17395bced584502a,5035,0,2,0
0,13,1,0,12,0.038542088000212971,0.030454999999999999,0.0079579999999999998,28549120,NA,NA,NA,NA,NA,NA,NA,NA,313424,280189,4101,1,0f9e44f960c45a3ca86cde574970381ef909d64a6bb2d20a17395bced584502a,5030,0,2,0
0,13,0,0,7,0.029240987999401113,0.021617999999999998,0.0073749999999999996,28360704,NA,NA,NA,NA,NA,NA,NA,NA,126024,51085,1029,1,d6479df97612ac41a8966333a6ef58076a32dad29a20f6bc64e0a5b65673088c,4994,0,2,1
0,13,1,1,7,0.028816627000196604,0.017413999999999999,0.011294,28930048,NA,NA,NA,NA,NA,NA,NA,NA,126024,51085,1029,1,d6479df97612ac41a8966333a6ef58076a32dad29a20f6bc64e0a5b65673088c,5002,0,2,0
0,13,0,1,8,0.031623372000467498,0.027359999999999999,0.0041700000000000001,29564928,NA,NA,NA,NA,NA,NA,NA,NA,98128,39898,2049,512,d54e0d3e437f1319c5e0037da4750229225984f79f1ebd587b1323affae587ab,5471,0,2,0
0,13,1,0,8,0.026568297000267194,0.011299999999999999,0.015179999999999999,29675520,NA,NA,NA,NA,NA,NA,NA,NA,98128,39898,2049,512,d54e0d3e437f1319c5e0037da4750229225984f79f1ebd587b1323affae587ab,5483,0,2,0
0,13,0,0,1,0.017042614000274625,0.016938999999999999,0,22937600,NA,NA,NA,NA,NA,NA,NA,NA,2056,133,5,1,6b21b079ef6f8f7f055926600e53b906dd7be041e021dd2791b7aa8c55e24585,3558,0,2,1
0,13,1,1,1,0.017460283999753301,0.012823999999999999,0.0045449999999999996,23015424,NA,NA,NA,NA,NA,NA,NA,NA,2056,133,5,1,6b21b079ef6f8f7f055926600e53b906dd7be041e021dd2791b7aa8c55e24585,3551,0,2,0
0,13,0,1,23,0.13182016300015675,0.100255,0.031463999999999999,62726144,NA,NA,NA,NA,NA,NA,NA,NA,1433848,711531,19202,64,7fe8e0e1367c4dc75afe736c0ee35e3a3755c0152301f3880ce2412132a22623,13117,0,2,0
0,13,1,0,23,0.11499192799965385,0.085727999999999999,0.029125999999999999,62279680,NA,NA,NA,NA,NA,NA,NA,NA,1433848,711531,19202,64,7fe8e0e1367c4dc75afe736c0ee35e3a3755c0152301f3880ce2412132a22623,13114,0,2,0
0,13,0,0,6,0.03317289900041942,0.019049,0.013972999999999999,28106752,NA,NA,NA,NA,NA,NA,NA,NA,126024,51085,1029,1,d6479df97612ac41a8966333a6ef58076a32dad29a20f6bc64e0a5b65673088c,4931,0,2,0
0,13,1,1,6,0.030902494000656588,0.017547,0.013205999999999999,28798976,NA,NA,NA,NA,NA,NA,NA,NA,126024,51085,1029,1,d6479df97612ac41a8966333a6ef58076a32dad29a20f6bc64e0a5b65673088c,4946,0,2,0
0,13,0,1,13,0.024904135999349819,0.020603,0.0041749999999999999,29569024,NA,NA,NA,NA,NA,NA,NA,NA,313536,280189,4101,1,5a04cd3dab823e43a4d317f4a27057eec5b1fcaecf9843229a14a897b95f1f29,5226,0,2,0
0,13,1,0,13,0.024471208999784722,0.012216999999999999,0.012161,30105600,NA,NA,NA,NA,NA,NA,NA,NA,313536,280189,4101,1,5a04cd3dab823e43a4d317f4a27057eec5b1fcaecf9843229a14a897b95f1f29,5236,0,2,0
0,13,0,1,19,0.055156784000246262,0.035643000000000001,0.019424,40280064,NA,NA,NA,NA,NA,NA,NA,NA,742032,235398,3329,64,bbb3d34b2aa5abdd298d84b8be032ee0c65ab3dbe74b5d4f0ba0963e99614893,7763,0,2,0
0,13,1,0,19,0.049414942999646883,0.032802999999999999,0.016508999999999999,39854080,NA,NA,NA,NA,NA,NA,NA,NA,742032,235398,3329,64,bbb3d34b2aa5abdd298d84b8be032ee0c65ab3dbe74b5d4f0ba0963e99614893,7756,0,2,0
0,13,0,1,20,0.1644879570003468,0.13928699999999999,0.025041999999999998,64524288,NA,NA,NA,NA,NA,NA,NA,NA,1746680,711531,19202,64,e4041ce2b5b6df572ca4d0ca66e6006ad368116646e82963f7e9550b84ab78ca,13668,0,2,2
0,13,1,0,20,0.16915167400020437,0.14266599999999999,0.025852999999999998,64278528,NA,NA,NA,NA,NA,NA,NA,NA,1746680,711531,19202,64,e4041ce2b5b6df572ca4d0ca66e6006ad368116646e82963f7e9550b84ab78ca,13667,0,2,3
0,13,0,1,10,0.026435617000061029,0.0075819999999999993,0.018714999999999999,28200960,NA,NA,NA,NA,NA,NA,NA,NA,106320,39898,2049,512,7b8f1ead52d1f75ea51a9518f4611f96b3105a83b8e9ff16958705114f2a13b3,4957,0,2,0
0,13,1,0,10,0.031304023999837227,0.015148,0.016043999999999999,28684288,NA,NA,NA,NA,NA,NA,NA,NA,106320,39898,2049,512,7b8f1ead52d1f75ea51a9518f4611f96b3105a83b8e9ff16958705114f2a13b3,4961,0,2,0
0,13,0,1,16,0.099893200000224169,0.074134999999999993,0.025635999999999999,41906176,NA,NA,NA,NA,NA,NA,NA,NA,1083024,235398,3329,64,5916968f62e510f778d0d1e3d1fe7cb78db1f7fd7a3ef52fe1a3aefaf683922d,8298,0,2,0
0,13,1,0,16,0.08802334600022732,0.072897000000000003,0.014999999999999999,42012672,NA,NA,NA,NA,NA,NA,NA,NA,1083024,235398,3329,64,5916968f62e510f778d0d1e3d1fe7cb78db1f7fd7a3ef52fe1a3aefaf683922d,8294,0,2,0
0,13,0,1,15,0.027194619000511011,0.007456,0.019618,29343744,NA,NA,NA,NA,NA,NA,NA,NA,247896,280189,4101,1,cf0f1cc1e290dce65809b3140c6f2dc9062a9f452120988a3a869e7faab69134,5182,0,2,0
0,13,1,0,15,0.026702885999839054,0.018766999999999999,0.0078250000000000004,29360128,NA,NA,NA,NA,NA,NA,NA,NA,247896,280189,4101,1,cf0f1cc1e290dce65809b3140c6f2dc9062a9f452120988a3a869e7faab69134,5184,0,2,0
0,13,0,0,0,0.016528746999938448,0.012293999999999999,0.0041199999999999995,22831104,NA,NA,NA,NA,NA,NA,NA,NA,2008,133,5,1,a8c1633e798ef980493443e67e6fdb6eada42f775edf7051d304d09c3ddadf5a,3572,0,2,0
0,13,1,1,0,0.022133075000056124,0.017484,0.0045719999999999997,22876160,NA,NA,NA,NA,NA,NA,NA,NA,2008,133,5,1,a8c1633e798ef980493443e67e6fdb6eada42f775edf7051d304d09c3ddadf5a,3579,0,2,0
0,13,0,1,4,0.042165384000327322,0.042082999999999995,0,26394624,NA,NA,NA,NA,NA,NA,NA,NA,163920,51085,1029,1,3469c6c02ad818b9b840f744b74781f39d0d6d69319fb824d729f7875274b381,4522,0,2,0
0,13,1,0,4,0.036896689000059268,0.032487000000000002,0.0043270000000000001,26710016,NA,NA,NA,NA,NA,NA,NA,NA,163920,51085,1029,1,3469c6c02ad818b9b840f744b74781f39d0d6d69319fb824d729f7875274b381,4522,0,2,0
0,13,0,1,17,0.066934583000147541,0.050595000000000001,0.016226999999999998,40529920,NA,NA,NA,NA,NA,NA,NA,NA,1009296,235398,3329,64,38ac9f9d8df5158b7a074eaf4b5e0c874f05fd31c535c3796e06db0d216a0323,7935,0,2,0
0,13,1,0,17,0.062290467999446264,0.054106999999999995,0.0080459999999999993,40562688,NA,NA,NA,NA,NA,NA,NA,NA,1009296,235398,3329,64,38ac9f9d8df5158b7a074eaf4b5e0c874f05fd31c535c3796e06db0d216a0323,7927,0,2,1
0,13,0,1,22,0.11657317699973646,0.083400000000000002,0.033041000000000001,62382080,NA,NA,NA,NA,NA,NA,NA,NA,1433848,711531,19202,64,7fe8e0e1367c4dc75afe736c0ee35e3a3755c0152301f3880ce2412132a22623,13047,0,2,0
0,13,1,0,22,0.10724425799980963,0.069810999999999998,0.037305999999999999,62439424,NA,NA,NA,NA,NA,NA,NA,NA,1433848,711531,19202,64,7fe8e0e1367c4dc75afe736c0ee35e3a3755c0152301f3880ce2412132a22623,13048,0,2,0
0,14,0,0,18,0.056935508000606205,0.042560000000000001,0.014256,39931904,NA,NA,NA,NA,NA,NA,NA,NA,742032,235398,3329,64,bbb3d34b2aa5abdd298d84b8be032ee0c65ab3dbe74b5d4f0ba0963e99614893,7768,0,2,0
0,14,1,1,18,0.053857909000726067,0.040820999999999996,0.012910999999999999,40407040,NA,NA,NA,NA,NA,NA,NA,NA,742032,235398,3329,64,bbb3d34b2aa5abdd298d84b8be032ee0c65ab3dbe74b5d4f0ba0963e99614893,7772,0,2,0
0,14,0,1,0,0.022896597999533697,0.018339999999999999,0.0044389999999999994,22974464,NA,NA,NA,NA,NA,NA,NA,NA,2008,133,5,1,a8c1633e798ef980493443e67e6fdb6eada42f775edf7051d304d09c3ddadf5a,3574,0,2,1
0,14,1,0,0,0.018581035999886808,0.010562,0.0079340000000000001,22544384,NA,NA,NA,NA,NA,NA,NA,NA,2008,133,5,1,a8c1633e798ef980493443e67e6fdb6eada42f775edf7051d304d09c3ddadf5a,3573,0,2,0
0,14,0,1,20,0.1699116519994277,0.14419799999999999,0.025592,64237568,NA,NA,NA,NA,NA,NA,NA,NA,1746680,711531,19202,64,e4041ce2b5b6df572ca4d0ca66e6006ad368116646e82963f7e9550b84ab78ca,13666,0,2,1
0,14,1,0,20,0.1635454290008056,0.13037399999999999,0.032964,64270336,NA,NA,NA,NA,NA,NA,NA,NA,1746680,711531,19202,64,e4041ce2b5b6df572ca4d0ca66e6006ad368116646e82963f7e9550b84ab78ca,13659,0,2,1
0,14,0,0,22,0.10794319900014671,0.083274000000000001,0.024541,62545920,NA,NA,NA,NA,NA,NA,NA,NA,1433848,711531,19202,64,7fe8e0e1367c4dc75afe736c0ee35e3a3755c0152301f3880ce2412132a22623,13046,0,2,0
0,14,1,1,22,0.10900091599978623,0.088703999999999991,0.020104999999999998,62042112,NA,NA,NA,NA,NA,NA,NA,NA,1433848,711531,19202,64,7fe8e0e1367c4dc75afe736c0ee35e3a3755c0152301f3880ce2412132a22623,13039,0,2,0
0,14,0,1,8,0.028692336999483814,0.016319999999999998,0.012209999999999999,29782016,NA,NA,NA,NA,NA,NA,NA,NA,98128,39898,2049,512,d54e0d3e437f1319c5e0037da4750229225984f79f1ebd587b1323affae587ab,5479,0,2,0
0,14,1,0,8,0.025917694000781921,0.021513999999999998,0.0042899999999999995,29687808,NA,NA,NA,NA,NA,NA,NA,NA,98128,39898,2049,512,d54e0d3e437f1319c5e0037da4750229225984f79f1ebd587b1323affae587ab,5483,0,2,0
0,14,0,0,10,0.022786929999710992,0.013503999999999999,0.0091919999999999988,28200960,NA,NA,NA,NA,NA,NA,NA,NA,106320,39898,2049,512,7b8f1ead52d1f75ea51a9518f4611f96b3105a83b8e9ff16958705114f2a13b3,4948,0,2,0
0,14,1,1,10,0.023168921999968006,0.0080070000000000002,0.014886,28143616,NA,NA,NA,NA,NA,NA,NA,NA,106320,39898,2049,512,7b8f1ead52d1f75ea51a9518f4611f96b3105a83b8e9ff16958705114f2a13b3,4949,0,2,0
0,14,0,0,17,0.063317474000541552,0.052330999999999996,0.010862999999999999,40529920,NA,NA,NA,NA,NA,NA,NA,NA,1009296,235398,3329,64,38ac9f9d8df5158b7a074eaf4b5e0c874f05fd31c535c3796e06db0d216a0323,7933,0,2,1
0,14,1,1,17,0.063552151000294543,0.039542000000000001,0.023866999999999999,40464384,NA,NA,NA,NA,NA,NA,NA,NA,1009296,235398,3329,64,38ac9f9d8df5158b7a074eaf4b5e0c874f05fd31c535c3796e06db0d216a0323,7922,0,2,0
0,14,0,1,1,0.017211541000506259,0.013613,0.003457,22867968,NA,NA,NA,NA,NA,NA,NA,NA,2056,133,5,1,6b21b079ef6f8f7f055926600e53b906dd7be041e021dd2791b7aa8c55e24585,3558,0,2,0
0,14,1,0,1,0.017183650999868405,0.012749,0.0042499999999999994,22999040,NA,NA,NA,NA,NA,NA,NA,NA,2056,133,5,1,6b21b079ef6f8f7f055926600e53b906dd7be041e021dd2791b7aa8c55e24585,3555,0,2,0
0,14,0,1,16,0.079470835999927658,0.055589,0.023792999999999998,42053632,NA,NA,NA,NA,NA,NA,NA,NA,1083024,235398,3329,64,5916968f62e510f778d0d1e3d1fe7cb78db1f7fd7a3ef52fe1a3aefaf683922d,8300,0,2,0
0,14,1,0,16,0.086176716000409215,0.069919999999999996,0.015685999999999999,41865216,NA,NA,NA,NA,NA,NA,NA,NA,1083024,235398,3329,64,5916968f62e510f778d0d1e3d1fe7cb78db1f7fd7a3ef52fe1a3aefaf683922d,8291,0,2,2
0,14,0,0,2,0.018109745000401745,0.014265999999999999,0.0036839999999999998,22577152,NA,NA,NA,NA,NA,NA,NA,NA,2008,133,5,1,8210b4f6eac12a20575e673437437e82cfff653da437ea17992a3aed56a99207,3545,0,2,0
0,14,1,1,2,0.018858929999623797,0.0035750000000000001,0.015179999999999999,22966272,NA,NA,NA,NA,NA,NA,NA,NA,2008,133,5,1,8210b4f6eac12a20575e673437437e82cfff653da437ea17992a3aed56a99207,3556,0,2,0
0,14,0,1,4,0.040955139999823587,0.026897999999999998,0.013949,26525696,NA,NA,NA,NA,NA,NA,NA,NA,163920,51085,1029,1,3469c6c02ad818b9b840f744b74781f39d0d6d69319fb824d729f7875274b381,4522,0,2,0
0,14,1,0,4,0.043486057999871264,0.034665999999999995,0.0086999999999999994,26480640,NA,NA,NA,NA,NA,NA,NA,NA,163920,51085,1029,1,3469c6c02ad818b9b840f744b74781f39d0d6d69319fb824d729f7875274b381,4513,0,2,0
0,14,0,1,21,0.11831535600049392,0.060887999999999998,0.057236999999999996,64692224,NA,NA,NA,NA,NA,NA,NA,NA,2209528,711531,19202,64,955dcf7525f03629d689feea1585905e0b8700805efb32f241197b1ebcb41ffa,13620,0,2,1
0,14,1,0,21,0.10065942199980782,0.071999999999999995,0.028537,64204800,NA,NA,NA,NA,NA,NA,NA,NA,2209528,711531,19202,64,955dcf7525f03629d689feea1585905e0b8700805efb32f241197b1ebcb41ffa,13609,0,2,0
0,14,0,1,3,0.017705012999613245,0.017558000000000001,0,22880256,NA,NA,NA,NA,NA,NA,NA,NA,2008,133,5,1,8210b4f6eac12a20575e673437437e82cfff653da437ea17992a3aed56a99207,3552,0,2,0
0,14,1,0,3,0.017114117999881273,0.012737999999999999,0.0042940000000000001,22577152,NA,NA,NA,NA,NA,NA,NA,NA,2008,133,5,1,8210b4f6eac12a20575e673437437e82cfff653da437ea17992a3aed56a99207,3553,0,2,0
0,14,0,0,7,0.028398739999829559,0.024232999999999998,0.0040660000000000002,28770304,NA,NA,NA,NA,NA,NA,NA,NA,126024,51085,1029,1,d6479df97612ac41a8966333a6ef58076a32dad29a20f6bc64e0a5b65673088c,4991,0,2,0
0,14,1,1,7,0.02503545200033841,0.020576000000000001,0.0043540000000000002,28815360,NA,NA,NA,NA,NA,NA,NA,NA,126024,51085,1029,1,d6479df97612ac41a8966333a6ef58076a32dad29a20f6bc64e0a5b65673088c,4996,0,2,0
0,14,0,0,13,0.026866683999287488,0.022976,0.0037959999999999999,29564928,NA,NA,NA,NA,NA,NA,NA,NA,313536,280189,4101,1,5a04cd3dab823e43a4d317f4a27057eec5b1fcaecf9843229a14a897b95f1f29,5235,0,2,0
0,14,1,1,13,0.026004606999777025,0.017226999999999999,0.0086779999999999999,29569024,NA,NA,NA,NA,NA,NA,NA,NA,313536,280189,4101,1,5a04cd3dab823e43a4d317f4a27057eec5b1fcaecf9843229a14a897b95f1f29,5233,0,2,0
0,14,0,0,6,0.024847631999364239,0.0087289999999999989,0.015931999999999998,28180480,NA,NA,NA,NA,NA,NA,NA,NA,126024,51085,1029,1,d6479df97612ac41a8966333a6ef58076a32dad29a20f6bc64e0a5b65673088c,4935,0,2,0
0,14,1,1,6,0.023828836000575393,0.019688999999999998,0.0040509999999999999,28213248,NA,NA,NA,NA,NA,NA,NA,NA,126024,51085,1029,1,d6479df97612ac41a8966333a6ef58076a32dad29a20f6bc64e0a5b65673088c,4936,0,2,0
0,14,0,1,14,0.025050117999853683,0.020715999999999998,0.0042420000000000001,29675520,NA,NA,NA,NA,NA,NA,NA,NA,247896,280189,4101,1,cf0f1cc1e290dce65809b3140c6f2dc9062a9f452120988a3a869e7faab69134,5162,0,2,0
0,14,1,0,14,0.023659394999413053,0.011772999999999999,0.011797,29712384,NA,NA,NA,NA,NA,NA,NA,NA,247896,280189,4101,1,cf0f1cc1e290dce65809b3140c6f2dc9062a9f452120988a3a869e7faab69134,5139,0,2,0
0,14,0,0,15,0.025550082000336261,0.021002,0.0044559999999999999,29339648,NA,NA,NA,NA,NA,NA,NA,NA,247896,280189,4101,1,cf0f1cc1e290dce65809b3140c6f2dc9062a9f452120988a3a869e7faab69134,5185,0,2,0
0,14,1,1,15,0.028034016999299638,0.018872999999999997,0.0090729999999999995,29319168,NA,NA,NA,NA,NA,NA,NA,NA,247896,280189,4101,1,cf0f1cc1e290dce65809b3140c6f2dc9062a9f452120988a3a869e7faab69134,5192,0,2,0
0,14,0,1,5,0.025446417999773985,0.018487,0.006875,28815360,NA,NA,NA,NA,NA,NA,NA,NA,192736,51085,1029,1,98c15b8b4636441c6e839c68a3bed9dee3bd8ae062882739073db7b7ed7d66f3,4974,0,2,0
0,14,1,0,5,0.022580095000193978,0.011193999999999999,0.011269999999999999,28872704,NA,NA,NA,NA,NA,NA,NA,NA,192736,51085,1029,1,98c15b8b4636441c6e839c68a3bed9dee3bd8ae062882739073db7b7ed7d66f3,4979,0,2,1
0,14,0,1,9,0.023498504000599496,0.016227999999999999,0.0071709999999999994,28307456,NA,NA,NA,NA,NA,NA,NA,NA,147280,39898,2049,512,02ee45f00f5fa967779eb017bd9c1965526161af8ee6a0f23a31a68b3dbbac77,4981,0,2,0
0,14,1,0,9,0.022328525000375521,0.011281999999999999,0.010947999999999999,28921856,NA,NA,NA,NA,NA,NA,NA,NA,147280,39898,2049,512,02ee45f00f5fa967779eb017bd9c1965526161af8ee6a0f23a31a68b3dbbac77,4986,0,2,0
0,14,0,1,23,0.12101833199994871,0.092068999999999998,0.028844999999999999,62271488,NA,NA,NA,NA,NA,NA,NA,NA,1433848,711531,19202,64,7fe8e0e1367c4dc75afe736c0ee35e3a3755c0152301f3880ce2412132a22623,13113,0,2,0
0,14,1,0,23,0.13018349300000409,0.097720000000000001,0.032306999999999995,62779392,NA,NA,NA,NA,NA,NA,NA,NA,1433848,711531,19202,64,7fe8e0e1367c4dc75afe736c0ee35e3a3755c0152301f3880ce2412132a22623,13119,0,2,1
0,14,0,1,19,0.056910733000222535,0.048191999999999999,0.0085719999999999998,40353792,NA,NA,NA,NA,NA,NA,NA,NA,742032,235398,3329,64,bbb3d34b2aa5abdd298d84b8be032ee0c65ab3dbe74b5d4f0ba0963e99614893,7765,0,2,0
0,14,1,0,19,0.061265584000466333,0.053941999999999997,0.0072009999999999999,40312832,NA,NA,NA,NA,NA,NA,NA,NA,742032,235398,3329,64,bbb3d34b2aa5abdd298d84b8be032ee0c65ab3dbe74b5d4f0ba0963e99614893,7758,0,2,0
0,14,0,0,12,0.039737718999276694,0.032177999999999998,0.0074149999999999997,28925952,NA,NA,NA,NA,NA,NA,NA,NA,313424,280189,4101,1,0f9e44f960c45a3ca86cde574970381ef909d64a6bb2d20a17395bced584502a,5034,0,2,0
0,14,1,1,12,0.041620504999627883,0.029401999999999998,0.012100999999999999,28516352,NA,NA,NA,NA,NA,NA,NA,NA,313424,280189,4101,1,0f9e44f960c45a3ca86cde574970381ef909d64a6bb2d20a17395bced584502a,5021,0,2,0
0,14,0,1,11,0.025096508000387985,0.020573999999999999,0.0044320000000000002,28651520,NA,NA,NA,NA,NA,NA,NA,NA,106320,39898,2049,512,7b8f1ead52d1f75ea51a9518f4611f96b3105a83b8e9ff16958705114f2a13b3,4964,0,2,0
0,14,1,0,11,0.022207660999811196,0.018442999999999998,0.0036619999999999999,28635136,NA,NA,NA,NA,NA,NA,NA,NA,106320,39898,2049,512,7b8f1ead52d1f75ea51a9518f4611f96b3105a83b8e9ff16958705114f2a13b3,4962,0,2,0
0,15,0,0,4,0.036499771000308101,0.028032999999999999,0.0083540000000000003,26427392,NA,NA,NA,NA,NA,NA,NA,NA,163920,51085,1029,1,3469c6c02ad818b9b840f744b74781f39d0d6d69319fb824d729f7875274b381,4522,0,2,2
0,15,1,1,4,0.035023120999539969,0.027052999999999997,0.0078809999999999991,26775552,NA,NA,NA,NA,NA,NA,NA,NA,163920,51085,1029,1,3469c6c02ad818b9b840f744b74781f39d0d6d69319fb824d729f7875274b381,4519,0,2,0
0,15,0,0,14,0.025168821000079333,0.020792999999999999,0.0042789999999999998,29548544,NA,NA,NA,NA,NA,NA,NA,NA,247896,280189,4101,1,cf0f1cc1e290dce65809b3140c6f2dc9062a9f452120988a3a869e7faab69134,5157,0,2,0
0,15,1,1,14,0.027347461000317708,0.023540999999999999,0.0037189999999999996,29171712,NA,NA,NA,NA,NA,NA,NA,NA,247896,280189,4101,1,cf0f1cc1e290dce65809b3140c6f2dc9062a9f452120988a3a869e7faab69134,5148,0,2,0
0,15,0,1,7,0.025482426000053238,0.021017999999999998,0.0043670000000000002,28286976,NA,NA,NA,NA,NA,NA,NA,NA,126024,51085,1029,1,d6479df97612ac41a8966333a6ef58076a32dad29a20f6bc64e0a5b65673088c,4991,0,2,0
0,15,1,0,7,0.024655176999658579,0.010241,0.014320999999999999,28487680,NA,NA,NA,NA,NA,NA,NA,NA,126024,51085,1029,1,d6479df97612ac41a8966333a6ef58076a32dad29a20f6bc64e0a5b65673088c,4995,0,2,0
0,15,0,0,20,0.15545447900058207,0.12414,0.031201,64335872,NA,NA,NA,NA,NA,NA,NA,NA,1746680,711531,19202,64,e4041ce2b5b6df572ca4d0ca66e6006ad368116646e82963f7e9550b84ab78ca,13664,0,2,0
0,15,1,1,20,0.16194713799995952,0.14099699999999998,0.020746000000000001,64499712,NA,NA,NA,NA,NA,NA,NA,NA,1746680,711531,19202,64,e4041ce2b5b6df572ca4d0ca66e6006ad368116646e82963f7e9550b84ab78ca,13668,0,2,2
0,15,0,0,21,0.10647255499952735,0.089464000000000002,0.01687,64688128,NA,NA,NA,NA,NA,NA,NA,NA,2209528,711531,19202,64,955dcf7525f03629d689feea1585905e0b8700805efb32f241197b1ebcb41ffa,13621,0,2,0
0,15,1,1,21,0.10947726199992758,0.077562999999999993,0.031738999999999996,64139264,NA,NA,NA,NA,NA,NA,NA,NA,2209528,711531,19202,64,955dcf7525f03629d689feea1585905e0b8700805efb32f241197b1ebcb41ffa,13610,0,2,2
0,15,0,1,15,0.027005766999536718,0.026872,0,29638656,NA,NA,NA,NA,NA,NA,NA,NA,247896,280189,4101,1,cf0f1cc1e290dce65809b3140c6f2dc9062a9f452120988a3a869e7faab69134,5198,0,2,0
0,15,1,0,15,0.02849533300013718,0.023937999999999997,0.0044529999999999995,29302784,NA,NA,NA,NA,NA,NA,NA,NA,247896,280189,4101,1,cf0f1cc1e290dce65809b3140c6f2dc9062a9f452120988a3a869e7faab69134,5191,0,2,0
0,15,0,1,17,0.070406405000539962,0.053848,0.015844,40456192,NA,NA,NA,NA,NA,NA,NA,NA,1009296,235398,3329,64,38ac9f9d8df5158b7a074eaf4b5e0c874f05fd31c535c3796e06db0d216a0323,7922,0,2,2
0,15,1,0,17,0.064491441999962262,0.048903999999999996,0.015408999999999999,41017344,NA,NA,NA,NA,NA,NA,NA,NA,1009296,235398,3329,64,38ac9f9d8df5158b7a074eaf4b5e0c874f05fd31c535c3796e06db0d216a0323,7933,0,2,1
0,15,0,0,1,0.021168563999708567,0.016222999999999998,0.0048409999999999998,23040000,NA,NA,NA,NA,NA,NA,NA,NA,2056,133,5,1,6b21b079ef6f8f7f055926600e53b906dd7be041e021dd2791b7aa8c55e24585,3559,0,2,0
0,15,1,1,1,0.017539046999445418,0.013174999999999999,0.00428,22966272,NA,NA,NA,NA,NA,NA,NA,NA,2056,133,5,1,6b21b079ef6f8f7f055926600e53b906dd7be041e021dd2791b7aa8c55e24585,3549,0,2,0
0,15,0,1,13,0.026666487000511552,0.017528999999999999,0.009042999999999999,29638656,NA,NA,NA,NA,NA,NA,NA,NA,313536,280189,4101,1,5a04cd3dab823e43a4d317f4a27057eec5b1fcaecf9843229a14a897b95f1f29,5234,0,2,0
0,15,1,0,13,0.026508231000661908,0.009332,0.017041999999999998,29597696,NA,NA,NA,NA,NA,NA,NA,NA,313536,280189,4101,1,5a04cd3dab823e43a4d317f4a27057eec5b1fcaecf9843229a14a897b95f1f29,5229,0,2,0
0,15,0,1,18,0.054293672000312654,0.041960999999999998,0.012211999999999999,39940096,NA,NA,NA,NA,NA,NA,NA,NA,742032,235398,3329,64,bbb3d34b2aa5abdd298d84b8be032ee0c65ab3dbe74b5d4f0ba0963e99614893,7759,0,2,0
0,15,1,0,18,0.055085152000174276,0.033271999999999996,0.021683999999999998,39931904,NA,NA,NA,NA,NA,NA,NA,NA,742032,235398,3329,64,bbb3d34b2aa5abdd298d84b8be032ee0c65ab3dbe74b5d4f0ba0963e99614893,7768,0,2,0
0,15,0,0,5,0.024407892000454012,0.012104,0.012154,28344320,NA,NA,NA,NA,NA,NA,NA,NA,192736,51085,1029,1,98c15b8b4636441c6e839c68a3bed9dee3bd8ae062882739073db7b7ed7d66f3,4974,0,2,0
0,15,1,1,5,0.028254355000171927,0.015901999999999999,0.012222999999999999,28393472,NA,NA,NA,NA,NA,NA,NA,NA,192736,51085,1029,1,98c15b8b4636441c6e839c68a3bed9dee3bd8ae062882739073db7b7ed7d66f3,4965,0,2,0
0,15,0,1,22,0.10737135299950751,0.069742999999999999,0.037502000000000001,62042112,NA,NA,NA,NA,NA,NA,NA,NA,1433848,711531,19202,64,7fe8e0e1367c4dc75afe736c0ee35e3a3755c0152301f3880ce2412132a22623,13045,0,2,0
0,15,1,0,22,0.10424646799947368,0.072140999999999997,0.031966000000000001,62418944,NA,NA,NA,NA,NA,NA,NA,NA,1433848,711531,19202,64,7fe8e0e1367c4dc75afe736c0ee35e3a3755c0152301f3880ce2412132a22623,13054,0,2,0
0,15,0,1,6,0.02856934299961722,0.013875,0.014541999999999999,28344320,NA,NA,NA,NA,NA,NA,NA,NA,126024,51085,1029,1,d6479df97612ac41a8966333a6ef58076a32dad29a20f6bc64e0a5b65673088c,4939,0,2,1
0,15,1,0,6,0.024824521000482491,0.016461,0.0082290000000000002,28315648,NA,NA,NA,NA,NA,NA,NA,NA,126024,51085,1029,1,d6479df97612ac41a8966333a6ef58076a32dad29a20f6bc64e0a5b65673088c,4938,0,2,0
0,15,0,0,0,0.01770665399999416,0.017624000000000001,0,22544384,NA,NA,NA,NA,NA,NA,NA,NA,2008,133,5,1,a8c1633e798ef980493443e67e6fdb6eada42f775edf7051d304d09c3ddadf5a,3577,0,2,0
0,15,1,1,0,0.016538539000066521,0.012261999999999999,0.0041970000000000002,22966272,NA,NA,NA,NA,NA,NA,NA,NA,2008,133,5,1,a8c1633e798ef980493443e67e6fdb6eada42f775edf7051d304d09c3ddadf5a,3578,0,2,0
0,15,0,0,8,0.026014506999672449,0.02147,0.0044609999999999997,29315072,NA,NA,NA,NA,NA,NA,NA,NA,98128,39898,2049,512,d54e0d3e437f1319c5e0037da4750229225984f79f1ebd587b1323affae587ab,5480,0,2,0
0,15,1,1,8,0.027163652999661281,0.014894999999999999,0.012159,29790208,NA,NA,NA,NA,NA,NA,NA,NA,98128,39898,2049,512,d54e0d3e437f1319c5e0037da4750229225984f79f1ebd587b1323affae587ab,5479,0,2,0
0,15,0,0,23,0.12337651899997581,0.09486,0.028357999999999998,62238720,NA,NA,NA,NA,NA,NA,NA,NA,1433848,711531,19202,64,7fe8e0e1367c4dc75afe736c0ee35e3a3755c0152301f3880ce2412132a22623,13110,0,2,2
0,15,1,1,23,0.14001325100070972,0.11839999999999999,0.021443,62705664,NA,NA,NA,NA,NA,NA,NA,NA,1433848,711531,19202,64,7fe8e0e1367c4dc75afe736c0ee35e3a3755c0152301f3880ce2412132a22623,13118,0,2,0
0,15,0,1,12,0.038848079999297624,0.023379999999999998,0.015316,28549120,NA,NA,NA,NA,NA,NA,NA,NA,313424,280189,4101,1,0f9e44f960c45a3ca86cde574970381ef909d64a6bb2d20a17395bced584502a,5022,0,2,0
0,15,1,0,12,0.040460002000145323,0.024011999999999999,0.016319999999999998,28848128,NA,NA,NA,NA,NA,NA,NA,NA,313424,280189,4101,1,0f9e44f960c45a3ca86cde574970381ef909d64a6bb2d20a17395bced584502a,5026,0,2,0
0,15,0,0,9,0.025149115000203892,0.021541999999999999,0.0034639999999999996,28266496,NA,NA,NA,NA,NA,NA,NA,NA,147280,39898,2049,512,02ee45f00f5fa967779eb017bd9c1965526161af8ee6a0f23a31a68b3dbbac77,4985,0,2,0
0,15,1,1,9,0.0226997929994468,0.015014,0.0075859999999999999,28332032,NA,NA,NA,NA,NA,NA,NA,NA,147280,39898,2049,512,02ee45f00f5fa967779eb017bd9c1965526161af8ee6a0f23a31a68b3dbbac77,4978,0,2,0
0,15,0,1,10,0.023600685000019439,0.016111,0.0074079999999999997,28200960,NA,NA,NA,NA,NA,NA,NA,NA,106320,39898,2049,512,7b8f1ead52d1f75ea51a9518f4611f96b3105a83b8e9ff16958705114f2a13b3,4950,0,2,0
0,15,1,0,10,0.021748383000158356,0.013023999999999999,0.0086309999999999998,28172288,NA,NA,NA,NA,NA,NA,NA,NA,106320,39898,2049,512,7b8f1ead52d1f75ea51a9518f4611f96b3105a83b8e9ff16958705114f2a13b3,4951,0,2,0
0,15,0,0,16,0.084714931000235083,0.073021000000000003,0.011575999999999999,41881600,NA,NA,NA,NA,NA,NA,NA,NA,1083024,235398,3329,64,5916968f62e510f778d0d1e3d1fe7cb78db1f7fd7a3ef52fe1a3aefaf683922d,8293,0,2,0
0,15,1,1,16,0.083670576999793411,0.067531999999999995,0.016018000000000001,42266624,NA,NA,NA,NA,NA,NA,NA,NA,1083024,235398,3329,64,5916968f62e510f778d0d1e3d1fe7cb78db1f7fd7a3ef52fe1a3aefaf683922d,8304,0,2,0
0,15,0,1,2,0.01968615699934162,0.011864,0.0076859999999999993,22511616,NA,NA,NA,NA,NA,NA,NA,NA,2008,133,5,1,8210b4f6eac12a20575e673437437e82cfff653da437ea17992a3aed56a99207,3549,0,2,0
0,15,1,0,2,0.01845146300001943,0.009670999999999999,0.0086800000000000002,22982656,NA,NA,NA,NA,NA,NA,NA,NA,2008,133,5,1,8210b4f6eac12a20575e673437437e82cfff653da437ea17992a3aed56a99207,3556,0,2,0
0,15,0,0,11,0.023095165999620804,0.015347999999999999,0.0076509999999999998,28626944,NA,NA,NA,NA,NA,NA,NA,NA,106320,39898,2049,512,7b8f1ead52d1f75ea51a9518f4611f96b3105a83b8e9ff16958705114f2a13b3,4954,0,2,0
0,15,1,1,11,0.024031638999986171,0.019890999999999999,0.0040390000000000001,28160000,NA,NA,NA,NA,NA,NA,NA,NA,106320,39898,2049,512,7b8f1ead52d1f75ea51a9518f4611f96b3105a83b8e9ff16958705114f2a13b3,4952,0,2,0
0,15,0,0,19,0.055958096000722435,0.027268999999999998,0.028589999999999997,40353792,NA,NA,NA,NA,NA,NA,NA,NA,742032,235398,3329,64,bbb3d34b2aa5abdd298d84b8be032ee0c65ab3dbe74b5d4f0ba0963e99614893,7765,0,2,0
0,15,1,1,19,0.053659817000152543,0.028833999999999999,0.024664999999999999,39890944,NA,NA,NA,NA,NA,NA,NA,NA,742032,235398,3329,64,bbb3d34b2aa5abdd298d84b8be032ee0c65ab3dbe74b5d4f0ba0963e99614893,7751,0,2,0
0,15,0,0,3,0.017014693999954034,0.016891,0,22605824,NA,NA,NA,NA,NA,NA,NA,NA,2008,133,5,1,8210b4f6eac12a20575e673437437e82cfff653da437ea17992a3aed56a99207,3554,0,2,0
0,15,1,1,3,0.019839824999507982,0.015702000000000001,0.004045,22974464,NA,NA,NA,NA,NA,NA,NA,NA,2008,133,5,1,8210b4f6eac12a20575e673437437e82cfff653da437ea17992a3aed56a99207,3558,0,2,1
0,16,0,1,17,0.059760424999694806,0.055712999999999999,0.0039439999999999996,41017344,NA,NA,NA,NA,NA,NA,NA,NA,1009296,235398,3329,64,38ac9f9d8df5158b7a074eaf4b5e0c874f05fd31c535c3796e06db0d216a0323,7934,0,2,0
0,16,1,0,17,0.06263436700010061,0.05015,0.012385999999999999,40554496,NA,NA,NA,NA,NA,NA,NA,NA,1009296,235398,3329,64,38ac9f9d8df5158b7a074eaf4b5e0c874f05fd31c535c3796e06db0d216a0323,7931,0,2,0
0,16,0,0,4,0.042700343999968027,0.034627999999999999,0.0079629999999999996,26480640,NA,NA,NA,NA,NA,NA,NA,NA,163920,51085,1029,1,3469c6c02ad818b9b840f744b74781f39d0d6d69319fb824d729f7875274b381,4513,0,2,0
0,16,1,1,4,0.039059902999724727,0.026095,0.012829999999999999,26521600,NA,NA,NA,NA,NA,NA,NA,NA,163920,51085,1029,1,3469c6c02ad818b9b840f744b74781f39d0d6d69319fb824d729f7875274b381,4520,0,2,1
0,16,0,0,15,0.027813095999590587,0.015325,0.012383,29638656,NA,NA,NA,NA,NA,NA,NA,NA,247896,280189,4101,1,cf0f1cc1e290dce65809b3140c6f2dc9062a9f452120988a3a869e7faab69134,5192,0,2,0
0,16,1,1,15,0.029056240000500111,0.025021999999999999,0.0038899999999999998,29708288,NA,NA,NA,NA,NA,NA,NA,NA,247896,280189,4101,1,cf0f1cc1e290dce65809b3140c6f2dc9062a9f452120988a3a869e7faab69134,5191,0,2,1
0,16,0,1,16,0.091007396999884804,0.086222999999999994,0.0046779999999999999,42151936,NA,NA,NA,NA,NA,NA,NA,NA,1083024,235398,3329,64,5916968f62e510f778d0d1e3d1fe7cb78db1f7fd7a3ef52fe1a3aefaf683922d,8303,0,2,0
0,16,1,0,16,0.091725985999801196,0.069900999999999991,0.021689,42029056,NA,NA,NA,NA,NA,NA,NA,NA,1083024,235398,3329,64,5916968f62e510f778d0d1e3d1fe7cb78db1f7fd7a3ef52fe1a3aefaf683922d,8301,0,2,0
0,16,0,0,7,0.030162621999807016,0.025035999999999999,0.0037729999999999999,28360704,NA,NA,NA,NA,NA,NA,NA,NA,126024,51085,1029,1,d6479df97612ac41a8966333a6ef58076a32dad29a20f6bc64e0a5b65673088c,4989,0,2,1
0,16,1,1,7,0.028204137000102492,0.01985,0.0082439999999999996,28475392,NA,NA,NA,NA,NA,NA,NA,NA,126024,51085,1029,1,d6479df97612ac41a8966333a6ef58076a32dad29a20f6bc64e0a5b65673088c,4993,0,2,0
0,16,0,1,5,0.026260646000082488,0.017291000000000001,0.0088640000000000004,28950528,NA,NA,NA,NA,NA,NA,NA,NA,192736,51085,1029,1,98c15b8b4636441c6e839c68a3bed9dee3bd8ae062882739073db7b7ed7d66f3,4982,0,2,0
0,16,1,0,5,0.024790604999907373,0.012133,0.012572999999999999,28319744,NA,NA,NA,NA,NA,NA,NA,NA,192736,51085,1029,1,98c15b8b4636441c6e839c68a3bed9dee3bd8ae062882739073db7b7ed7d66f3,4975,0,2,0
0,16,0,1,3,0.019661839000036707,0.014594999999999999,0.0049680000000000002,22536192,NA,NA,NA,NA,NA,NA,NA,NA,2008,133,5,1,8210b4f6eac12a20575e673437437e82cfff653da437ea17992a3aed56a99207,3552,0,2,0
0,16,1,0,3,0.017941807000170229,0.01308,0.0047590000000000002,22974464,NA,NA,NA,NA,NA,NA,NA,NA,2008,133,5,1,8210b4f6eac12a20575e673437437e82cfff653da437ea17992a3aed56a99207,3550,0,2,0
0,16,0,1,6,0.027155484000104479,0.01746,0.0095929999999999991,28348416,NA,NA,NA,NA,NA,NA,NA,NA,126024,51085,1029,1,d6479df97612ac41a8966333a6ef58076a32dad29a20f6bc64e0a5b65673088c,4934,0,2,0
0,16,1,0,6,0.023237233999680029,0.018474000000000001,0.0046219999999999994,28200960,NA,NA,NA,NA,NA,NA,NA,NA,126024,51085,1029,1,d6479df97612ac41a8966333a6ef58076a32dad29a20f6bc64e0a5b65673088c,4933,0,2,0
0,16,0,1,11,0.022024643000804645,0.017403999999999999,0.0045269999999999998,28250112,NA,NA,NA,NA,NA,NA,NA,NA,106320,39898,2049,512,7b8f1ead52d1f75ea51a9518f4611f96b3105a83b8e9ff16958705114f2a13b3,4956,0,2,0
0,16,1,0,11,0.021658625999407377,0.021579999999999998,0,28344320,NA,NA,NA,NA,NA,NA,NA,NA,106320,39898,2049,512,7b8f1ead52d1f75ea51a9518f4611f96b3105a83b8e9ff16958705114f2a13b3,4952,0,2,0
0,16,0,0,22,0.10550557799979288,0.07260599999999999,0.032792999999999996,62353408,NA,NA,NA,NA,NA,NA,NA,NA,1433848,711531,19202,64,7fe8e0e1367c4dc75afe736c0ee35e3a3755c0152301f3880ce2412132a22623,13049,0,2,0
0,16,1,1,22,0.11093103999974119,0.087568999999999994,0.023181999999999998,62050304,NA,NA,NA,NA,NA,NA,NA,NA,1433848,711531,19202,64,7fe8e0e1367c4dc75afe736c0ee35e3a3755c0152301f3880ce2412132a22623,13047,0,2,0
0,16,0,0,10,0.023890544999630947,0.015986,0.0077609999999999997,28635136,NA,NA,NA,NA,NA,NA,NA,NA,106320,39898,2049,512,7b8f1ead52d1f75ea51a9518f4611f96b3105a83b8e9ff16958705114f2a13b3,4962,0,2,0
0,16,1,1,10,0.024852831999851333,0.012728999999999999,0.012005999999999999,28672000,NA,NA,NA,NA,NA,NA,NA,NA,106320,39898,2049,512,7b8f1ead52d1f75ea51a9518f4611f96b3105a83b8e9ff16958705114f2a13b3,4956,0,2,0
0,16,0,0,18,0.050387838000460761,0.037345999999999997,0.012914,39874560,NA,NA,NA,NA,NA,NA,NA,NA,742032,235398,3329,64,bbb3d34b2aa5abdd298d84b8be032ee0c65ab3dbe74b5d4f0ba0963e99614893,7768,0,2,1
0,16,1,1,18,0.050729182999930345,0.038786999999999995,0.011835,39874560,NA,NA,NA,NA,NA,NA,NA,NA,742032,235398,3329,64,bbb3d34b2aa5abdd298d84b8be032ee0c65ab3dbe74b5d4f0ba0963e99614893,7769,0,2,0
0,16,0,1,13,0.034696515000177897,0.020405,0.014147999999999999,30105600,NA,NA,NA,NA,NA,NA,NA,NA,313536,280189,4101,1,5a04cd3dab823e43a4d317f4a27057eec5b1fcaecf9843229a14a897b95f1f29,5242,0,2,0
0,16,1,0,13,0.027097956999568851,0.015885,0.010898999999999999,29450240,NA,NA,NA,NA,NA,NA,NA,NA,313536,280189,4101,1,5a04cd3dab823e43a4d317f4a27057eec5b1fcaecf9843229a14a897b95f1f29,5233,0,2,1
0,16,0,0,21,0.11381980299938732,0.088921,0.024714,64552960,NA,NA,NA,NA,NA,NA,NA,NA,2209528,711531,19202,64,955dcf7525f03629d689feea1585905e0b8700805efb32f241197b1ebcb41ffa,13622,0,2,1
0,16,1,1,21,0.14325902099972154,0.112013,0.031108,64249856,NA,NA,NA,NA,NA,NA,NA,NA,2209528,711531,19202,64,955dcf7525f03629d689feea1585905e0b8700805efb32f241197b1ebcb41ffa,13613,0,2,0
0,16,0,0,19,0.07484858499992697,0.069128999999999996,0.0055139999999999998,40239104,NA,NA,NA,NA,NA,NA,NA,NA,742032,235398,3329,64,bbb3d34b2aa5abdd298d84b8be032ee0c65ab3dbe74b5d4f0ba0963e99614893,7762,0,2,1
0,16,1,1,19,0.057468610999421799,0.044635000000000001,0.012688,40267776,NA,NA,NA,NA,NA,NA,NA,NA,742032,235398,3329,64,bbb3d34b2aa5abdd298d84b8be032ee0c65ab3dbe74b5d4f0ba0963e99614893,7762,0,2,0
0,16,0,1,0,0.022993114999735553,0.01132,0.01155,22974464,NA,NA,NA,NA,NA,NA,NA,NA,2008,133,5,1,a8c1633e798ef980493443e67e6fdb6eada42f775edf7051d304d09c3ddadf5a,3578,0,2,0
0,16,1,0,0,0.02389705000041431,0.014528999999999999,0.0091799999999999989,22921216,NA,NA,NA,NA,NA,NA,NA,NA,2008,133,5,1,a8c1633e798ef980493443e67e6fdb6eada42f775edf7051d304d09c3ddadf5a,3579,0,2,0
0,16,0,0,20,0.31068176900043909,0.18910299999999999,0.12128,64409600,NA,NA,NA,NA,NA,NA,NA,NA,1746680,711531,19202,64,e4041ce2b5b6df572ca4d0ca66e6006ad368116646e82963f7e9550b84ab78ca,13667,0,2,0
0,16,1,1,20,0.20970468999985314,0.155445,0.054038999999999997,64524288,NA,NA,NA,NA,NA,NA,NA,NA,1746680,711531,19202,64,e4041ce2b5b6df572ca4d0ca66e6006ad368116646e82963f7e9550b84ab78ca,13663,0,2,2
0,16,0,1,23,0.32749162399977649,0.148148,0.179114,62271488,NA,NA,NA,NA,NA,NA,NA,NA,1433848,711531,19202,64,7fe8e0e1367c4dc75afe736c0ee35e3a3755c0152301f3880ce2412132a22623,13114,0,2,1
0,16,1,0,23,0.14714323499993043,0.130578,0.015103,62312448,NA,NA,NA,NA,NA,NA,NA,NA,1433848,711531,19202,64,7fe8e0e1367c4dc75afe736c0ee35e3a3755c0152301f3880ce2412132a22623,13109,0,2,2
0,16,0,1,9,0.026159315000768402,0.013096,0.012917999999999999,28307456,NA,NA,NA,NA,NA,NA,NA,NA,147280,39898,2049,512,02ee45f00f5fa967779eb017bd9c1965526161af8ee6a0f23a31a68b3dbbac77,4985,0,2,0
0,16,1,0,9,0.029134907999832649,0.014941999999999999,0.014050999999999999,28266496,NA,NA,NA,NA,NA,NA,NA,NA,147280,39898,2049,512,02ee45f00f5fa967779eb017bd9c1965526161af8ee6a0f23a31a68b3dbbac77,4986,0,2,0
0,16,0,1,8,0.03502162299992051,0.018851,0.015521999999999999,29573120,NA,NA,NA,NA,NA,NA,NA,NA,98128,39898,2049,512,d54e0d3e437f1319c5e0037da4750229225984f79f1ebd587b1323affae587ab,5480,0,2,44
0,16,1,0,8,0.030272368000623828,0.017409999999999998,0.012751999999999999,29687808,NA,NA,NA,NA,NA,NA,NA,NA,98128,39898,2049,512,d54e0d3e437f1319c5e0037da4750229225984f79f1ebd587b1323affae587ab,5477,0,2,1
0,16,0,1,1,0.018572862999462814,0.0088089999999999991,0.0096790000000000001,22872064,NA,NA,NA,NA,NA,NA,NA,NA,2056,133,5,1,6b21b079ef6f8f7f055926600e53b906dd7be041e021dd2791b7aa8c55e24585,3551,0,2,0
0,16,1,0,1,0.02590927900018869,0.019827999999999998,0.0059829999999999996,22937600,NA,NA,NA,NA,NA,NA,NA,NA,2056,133,5,1,6b21b079ef6f8f7f055926600e53b906dd7be041e021dd2791b7aa8c55e24585,3554,0,2,0
0,16,0,1,2,0.028536845999951765,0.015952999999999998,0.012499,23040000,NA,NA,NA,NA,NA,NA,NA,NA,2008,133,5,1,8210b4f6eac12a20575e673437437e82cfff653da437ea17992a3aed56a99207,3558,0,2,0
0,16,1,0,2,0.018349762999605446,0.014723,0.0035269999999999998,22974464,NA,NA,NA,NA,NA,NA,NA,NA,2008,133,5,1,8210b4f6eac12a20575e673437437e82cfff653da437ea17992a3aed56a99207,3554,0,2,0
0,16,0,0,14,0.02538928899957682,0.01269,0.012608999999999999,29614080,NA,NA,NA,NA,NA,NA,NA,NA,247896,280189,4101,1,cf0f1cc1e290dce65809b3140c6f2dc9062a9f452120988a3a869e7faab69134,5161,0,2,0
0,16,1,1,14,0.033057944000574935,0.023987999999999999,0.0089809999999999994,29712384,NA,NA,NA,NA,NA,NA,NA,NA,247896,280189,4101,1,cf0f1cc1e290dce65809b3140c6f2dc9062a9f452120988a3a869e7faab69134,5162,0,2,0
0,16,0,0,12,0.044402735999938159,0.039583,0.0047289999999999997,28696576,NA,NA,NA,NA,NA,NA,NA,NA,313424,280189,4101,1,0f9e44f960c45a3ca86cde574970381ef909d64a6bb2d20a17395bced584502a,5024,0,2,0
0,16,1,1,12,0.03629250999983924,0.032152,0.0040470000000000002,28516352,NA,NA,NA,NA,NA,NA,NA,NA,313424,280189,4101,1,0f9e44f960c45a3ca86cde574970381ef909d64a6bb2d20a17395bced584502a,5021,0,2,0
0,17,0,0,13,0.026939293000395992,0.01145,0.015342,29515776,NA,NA,NA,NA,NA,NA,NA,NA,313536,280189,4101,1,5a04cd3dab823e43a4d317f4a27057eec5b1fcaecf9843229a14a897b95f1f29,5234,0,2,1
0,17,1,1,13,0.025689205999697151,0.025592,0,30072832,NA,NA,NA,NA,NA,NA,NA,NA,313536,280189,4101,1,5a04cd3dab823e43a4d317f4a27057eec5b1fcaecf9843229a14a897b95f1f29,5233,0,2,0
0,17,0,1,10,0.023585167999954137,0.015056,0.0084479999999999989,28364800,NA,NA,NA,NA,NA,NA,NA,NA,106320,39898,2049,512,7b8f1ead52d1f75ea51a9518f4611f96b3105a83b8e9ff16958705114f2a13b3,4958,0,2,0
0,17,1,0,10,0.033427668000513222,0.022908999999999999,0.010426999999999999,28160000,NA,NA,NA,NA,NA,NA,NA,NA,106320,39898,2049,512,7b8f1ead52d1f75ea51a9518f4611f96b3105a83b8e9ff16958705114f2a13b3,4953,0,2,0
0,17,0,0,17,0.073451643000225886,0.048797,0.02239,40415232,NA,NA,NA,NA,NA,NA,NA,NA,1009296,235398,3329,64,38ac9f9d8df5158b7a074eaf4b5e0c874f05fd31c535c3796e06db0d216a0323,7928,0,2,2
0,17,1,1,17,0.062132902000485046,0.049997,0.011951,40595456,NA,NA,NA,NA,NA,NA,NA,NA,1009296,235398,3329,64,38ac9f9d8df5158b7a074eaf4b5e0c874f05fd31c535c3796e06db0d216a0323,7929,0,2,0
0,17,0,1,18,0.060530532000484527,0.049082999999999995,0.011304,39886848,NA,NA,NA,NA,NA,NA,NA,NA,742032,235398,3329,64,bbb3d34b2aa5abdd298d84b8be032ee0c65ab3dbe74b5d4f0ba0963e99614893,7764,0,2,1
0,17,1,0,18,0.054664498999954958,0.054489999999999997,0,39874560,NA,NA,NA,NA,NA,NA,NA,NA,742032,235398,3329,64,bbb3d34b2aa5abdd298d84b8be032ee0c65ab3dbe74b5d4f0ba0963e99614893,7769,0,2,0
0,17,0,1,15,0.03177952800069761,0.024818999999999997,0.0067679999999999997,29790208,NA,NA,NA,NA,NA,NA,NA,NA,247896,280189,4101,1,cf0f1cc1e290dce65809b3140c6f2dc9062a9f452120988a3a869e7faab69134,5192,0,2,0
0,17,1,0,15,0.026797827000336838,0.015453,0.011226,29302784,NA,NA,NA,NA,NA,NA,NA,NA,247896,280189,4101,1,cf0f1cc1e290dce65809b3140c6f2dc9062a9f452120988a3a869e7faab69134,5185,0,2,0
0,17,0,0,8,0.024729581999963557,0.016423,0.0082030000000000002,29696000,NA,NA,NA,NA,NA,NA,NA,NA,98128,39898,2049,512,d54e0d3e437f1319c5e0037da4750229225984f79f1ebd587b1323affae587ab,5484,0,2,0
0,17,1,1,8,0.027052921000176866,0.022865999999999997,0.0040889999999999998,29732864,NA,NA,NA,NA,NA,NA,NA,NA,98128,39898,2049,512,d54e0d3e437f1319c5e0037da4750229225984f79f1ebd587b1323affae587ab,5483,0,2,1
0,17,0,1,14,0.030326500000228407,0.025779,0.0044619999999999998,29638656,NA,NA,NA,NA,NA,NA,NA,NA,247896,280189,4101,1,cf0f1cc1e290dce65809b3140c6f2dc9062a9f452120988a3a869e7faab69134,5162,0,2,0
0,17,1,0,14,0.026420862999657402,0.015247,0.011089999999999999,29229056,NA,NA,NA,NA,NA,NA,NA,NA,247896,280189,4101,1,cf0f1cc1e290dce65809b3140c6f2dc9062a9f452120988a3a869e7faab69134,5157,0,2,0
0,17,0,1,19,0.059848196000530152,0.046786000000000001,0.012976999999999999,40284160,NA,NA,NA,NA,NA,NA,NA,NA,742032,235398,3329,64,bbb3d34b2aa5abdd298d84b8be032ee0c65ab3dbe74b5d4f0ba0963e99614893,7763,0,2,0
0,17,1,0,19,0.047954136000043945,0.031897000000000002,0.015944,40345600,NA,NA,NA,NA,NA,NA,NA,NA,742032,235398,3329,64,bbb3d34b2aa5abdd298d84b8be032ee0c65ab3dbe74b5d4f0ba0963e99614893,7763,0,2,0
0,17,0,1,12,0.038756920999730937,0.023462,0.015208999999999999,28581888,NA,NA,NA,NA,NA,NA,NA,NA,313424,280189,4101,1,0f9e44f960c45a3ca86cde574970381ef909d64a6bb2d20a17395bced584502a,5023,0,2,0
0,17,1,0,12,0.035525980999409512,0.023462,0.011972,28581888,NA,NA,NA,NA,NA,NA,NA,NA,313424,280189,4101,1,0f9e44f960c45a3ca86cde574970381ef909d64a6bb2d20a17395bced584502a,5022,0,2,0
0,17,0,0,23,0.12692881000020861,0.097820999999999991,0.028999999999999998,62779392,NA,NA,NA,NA,NA,NA,NA,NA,1433848,711531,19202,64,7fe8e0e1367c4dc75afe736c0ee35e3a3755c0152301f3880ce2412132a22623,13113,0,2,0
0,17,1,1,23,0.12430101399968407,0.099308999999999995,0.024849,62283776,NA,NA,NA,NA,NA,NA,NA,NA,1433848,711531,19202,64,7fe8e0e1367c4dc75afe736c0ee35e3a3755c0152301f3880ce2412132a22623,13110,0,2,0
0,17,0,0,1,0.019544895999388245,0.015698,0.0036679999999999998,22540288,NA,NA,NA,NA,NA,NA,NA,NA,2056,133,5,1,6b21b079ef6f8f7f055926600e53b906dd7be041e021dd2791b7aa8c55e24585,3551,0,2,1
0,17,1,1,1,0.017810563000239199,0.0093949999999999988,0.0083059999999999991,22867968,NA,NA,NA,NA,NA,NA,NA,NA,2056,133,5,1,6b21b079ef6f8f7f055926600e53b906dd7be041e021dd2791b7aa8c55e24585,3553,0,2,0
0,17,0,1,21,0.11205792399960046,0.083710999999999994,0.028204999999999997,64712704,NA,NA,NA,NA,NA,NA,NA,NA,2209528,711531,19202,64,955dcf7525f03629d689feea1585905e0b8700805efb32f241197b1ebcb41ffa,13616,0,2,1
0,17,1,0,21,0.10220188600032998,0.074117000000000002,0.027961999999999997,64618496,NA,NA,NA,NA,NA,NA,NA,NA,2209528,711531,19202,64,955dcf7525f03629d689feea1585905e0b8700805efb32f241197b1ebcb41ffa,13622,0,2,0
0,17,0,0,5,0.028934568999829935,0.020465999999999998,0.008352,28770304,NA,NA,NA,NA,NA,NA,NA,NA,192736,51085,1029,1,98c15b8b4636441c6e839c68a3bed9dee3bd8ae062882739073db7b7ed7d66f3,4976,0,2,0
0,17,1,1,5,0.027315778000229329,0.022589999999999999,0.0046259999999999999,28495872,NA,NA,NA,NA,NA,NA,NA,NA,192736,51085,1029,1,98c15b8b4636441c6e839c68a3bed9dee3bd8ae062882739073db7b7ed7d66f3,4976,0,2,0
0,17,0,0,11,0.026185538999925484,0.00975,0.016351999999999998,28200960,NA,NA,NA,NA,NA,NA,NA,NA,106320,39898,2049,512,7b8f1ead52d1f75ea51a9518f4611f96b3105a83b8e9ff16958705114f2a13b3,4948,0,2,0
0,17,1,1,11,0.023048220999953628,0.0079509999999999997,0.015011999999999999,28745728,NA,NA,NA,NA,NA,NA,NA,NA,106320,39898,2049,512,7b8f1ead52d1f75ea51a9518f4611f96b3105a83b8e9ff16958705114f2a13b3,4958,0,2,0
0,17,0,0,6,0.029499373000362539,0.024500999999999998,0.0048799999999999998,28364800,NA,NA,NA,NA,NA,NA,NA,NA,126024,51085,1029,1,d6479df97612ac41a8966333a6ef58076a32dad29a20f6bc64e0a5b65673088c,4939,0,2,0
0,17,1,1,6,0.025505801000690553,0.011075,0.014341,28364800,NA,NA,NA,NA,NA,NA,NA,NA,126024,51085,1029,1,d6479df97612ac41a8966333a6ef58076a32dad29a20f6bc64e0a5b65673088c,4931,0,2,0
0,17,0,0,3,0.016780456000560662,0.0084639999999999993,0.0082279999999999992,22974464,NA,NA,NA,NA,NA,NA,NA,NA,2008,133,5,1,8210b4f6eac12a20575e673437437e82cfff653da437ea17992a3aed56a99207,3556,0,2,0
0,17,1,1,3,0.017219586999999592,0.012886,0.0042519999999999997,22577152,NA,NA,NA,NA,NA,NA,NA,NA,2008,133,5,1,8210b4f6eac12a20575e673437437e82cfff653da437ea17992a3aed56a99207,3548,0,2,0
0,17,0,1,7,0.02832789900003263,0.018731999999999999,0.0092449999999999997,28475392,NA,NA,NA,NA,NA,NA,NA,NA,126024,51085,1029,1,d6479df97612ac41a8966333a6ef58076a32dad29a20f6bc64e0a5b65673088c,4985,0,2,1
0,17,1,0,7,0.027927033000196388,0.020494999999999999,0.0073399999999999993,28495872,NA,NA,NA,NA,NA,NA,NA,NA,126024,51085,1029,1,d6479df97612ac41a8966333a6ef58076a32dad29a20f6bc64e0a5b65673088c,4987,0,2,0
0,17,0,1,22,0.10721568300050421,0.082899,0.024225999999999998,62382080,NA,NA,NA,NA,NA,NA,NA,NA,1433848,711531,19202,64,7fe8e0e1367c4dc75afe736c0ee35e3a3755c0152301f3880ce2412132a22623,13047,0,2,0
0,17,1,0,22,0.10714825800005201,0.090797000000000003,0.016219999999999998,62050304,NA,NA,NA,NA,NA,NA,NA,NA,1433848,711531,19202,64,7fe8e0e1367c4dc75afe736c0ee35e3a3755c0152301f3880ce2412132a22623,13048,0,2,0
0,17,0,0,16,0.086648450000211596,0.078259999999999996,0.0082779999999999989,42061824,NA,NA,NA,NA,NA,NA,NA,NA,1083024,235398,3329,64,5916968f62e510f778d0d1e3d1fe7cb78db1f7fd7a3ef52fe1a3aefaf683922d,8302,0,2,0
0,17,1,1,16,0.086807086000590061,0.07377199999999999,0.012869,41865216,NA,NA,NA,NA,NA,NA,NA,NA,1083024,235398,3329,64,5916968f62e510f778d0d1e3d1fe7cb78db1f7fd7a3ef52fe1a3aefaf683922d,8294,0,2,5
0,17,0,0,0,0.017590905999895767,0.013087999999999999,0.0043739999999999994,22880256,NA,NA,NA,NA,NA,NA,NA,NA,2008,133,5,1,a8c1633e798ef980493443e67e6fdb6eada42f775edf7051d304d09c3ddadf5a,3576,0,2,0
0,17,1,1,0,0.017721413000799657,0.014053,0.0035859999999999998,22974464,NA,NA,NA,NA,NA,NA,NA,NA,2008,133,5,1,a8c1633e798ef980493443e67e6fdb6eada42f775edf7051d304d09c3ddadf5a,3578,0,2,0
0,17,0,1,20,0.16358196700002736,0.144175,0.019254999999999998,64499712,NA,NA,NA,NA,NA,NA,NA,NA,1746680,711531,19202,64,e4041ce2b5b6df572ca4d0ca66e6006ad368116646e82963f7e9550b84ab78ca,13669,0,2,2
0,17,1,0,20,0.15581552499952522,0.13681199999999999,0.018866999999999998,64278528,NA,NA,NA,NA,NA,NA,NA,NA,1746680,711531,19202,64,e4041ce2b5b6df572ca4d0ca66e6006ad368116646e82963f7e9550b84ab78ca,13658,0,2,1
0,17,0,0,2,0.020844484000008379,0.016642000000000001,0.0040799999999999994,23015424,NA,NA,NA,NA,NA,NA,NA,NA,2008,133,5,1,8210b4f6eac12a20575e673437437e82cfff653da437ea17992a3aed56a99207,3554,0,2,0
0,17,1,1,2,0.020617819999642961,0.0075599999999999999,0.012959999999999999,22532096,NA,NA,NA,NA,NA,NA,NA,NA,2008,133,5,1,8210b4f6eac12a20575e673437437e82cfff653da437ea17992a3aed56a99207,3544,0,2,0
0,17,0,0,9,0.026152831999752379,0.019068999999999999,0.0070039999999999998,28913664,NA,NA,NA,NA,NA,NA,NA,NA,147280,39898,2049,512,02ee45f00f5fa967779eb017bd9c1965526161af8ee6a0f23a31a68b3dbbac77,4990,0,2,0
0,17,1,1,9,0.023511055000199121,0.011722999999999999,0.011703999999999999,28344320,NA,NA,NA,NA,NA,NA,NA,NA,147280,39898,2049,512,02ee45f00f5fa967779eb017bd9c1965526161af8ee6a0f23a31a68b3dbbac77,4985,0,2,0
0,17,0,1,4,0.039397509000082209,0.024834999999999999,0.014478999999999999,26726400,NA,NA,NA,NA,NA,NA,NA,NA,163920,51085,1029,1,3469c6c02ad818b9b840f744b74781f39d0d6d69319fb824d729f7875274b381,4525,0,2,0
0,17,1,0,4,0.067903962999480427,0.047143999999999998,0.020424999999999999,26632192,NA,NA,NA,NA,NA,NA,NA,NA,163920,51085,1029,1,3469c6c02ad818b9b840f744b74781f39d0d6d69319fb824d729f7875274b381,4518,0,2,1
0,18,0,1,19,0.13247218400010752,0.035479999999999998,0.096859000000000001,39915520,NA,NA,NA,NA,NA,NA,NA,NA,742032,235398,3329,64,bbb3d34b2aa5abdd298d84b8be032ee0c65ab3dbe74b5d4f0ba0963e99614893,7756,0,2,0
0,18,1,0,19,0.053805171000021801,0.045236999999999999,0.0084339999999999988,40292352,NA,NA,NA,NA,NA,NA,NA,NA,742032,235398,3329,64,bbb3d34b2aa5abdd298d84b8be032ee0c65ab3dbe74b5d4f0ba0963e99614893,7760,0,2,0
0,18,0,0,10,0.022358019999956014,0.018529999999999998,0.0037339999999999999,28364800,NA,NA,NA,NA,NA,NA,NA,NA,106320,39898,2049,512,7b8f1ead52d1f75ea51a9518f4611f96b3105a83b8e9ff16958705114f2a13b3,4960,0,2,0
0,18,1,1,10,0.021948618999886094,0.014657999999999999,0.0072089999999999993,28479488,NA,NA,NA,NA,NA,NA,NA,NA,106320,39898,2049,512,7b8f1ead52d1f75ea51a9518f4611f96b3105a83b8e9ff16958705114f2a13b3,4956,0,2,0
0,18,0,0,3,0.016285071999845968,0.016195999999999999,0,22597632,NA,NA,NA,NA,NA,NA,NA,NA,2008,133,5,1,8210b4f6eac12a20575e673437437e82cfff653da437ea17992a3aed56a99207,3546,0,2,0
0,18,1,1,3,0.018568649999906484,0.0070609999999999996,0.01137,22339584,NA,NA,NA,NA,NA,NA,NA,NA,2008,133,5,1,8210b4f6eac12a20575e673437437e82cfff653da437ea17992a3aed56a99207,3548,0,2,0
0,18,0,0,21,0.11643235400060803,0.071535000000000001,0.044791999999999998,64090112,NA,NA,NA,NA,NA,NA,NA,NA,2209528,711531,19202,64,955dcf7525f03629d689feea1585905e0b8700805efb32f241197b1ebcb41ffa,13616,0,2,0
0,18,1,1,21,0.10199860700049612,0.072745999999999991,0.029116999999999997,64647168,NA,NA,NA,NA,NA,NA,NA,NA,2209528,711531,19202,64,955dcf7525f03629d689feea1585905e0b8700805efb32f241197b1ebcb41ffa,13618,0,2,0
0,18,0,1,20,0.16430683499947918,0.13572799999999999,0.026230999999999997,64401408,NA,NA,NA,NA,NA,NA,NA,NA,1746680,711531,19202,64,e4041ce2b5b6df572ca4d0ca66e6006ad368116646e82963f7e9550b84ab78ca,13662,0,2,2
0,18,1,0,20,0.16436565300045913,0.15566199999999999,0.0084669999999999988,64245760,NA,NA,NA,NA,NA,NA,NA,NA,1746680,711531,19202,64,e4041ce2b5b6df572ca4d0ca66e6006ad368116646e82963f7e9550b84ab78ca,13663,0,2,2
0,18,0,0,17,0.066931295999893337,0.050939999999999999,0.015737999999999999,40587264,NA,NA,NA,NA,NA,NA,NA,NA,1009296,235398,3329,64,38ac9f9d8df5158b7a074eaf4b5e0c874f05fd31c535c3796e06db0d216a0323,7928,0,2,0
0,18,1,1,17,0.064928216000225802,0.041056999999999996,0.023727999999999999,40603648,NA,NA,NA,NA,NA,NA,NA,NA,1009296,235398,3329,64,38ac9f9d8df5158b7a074eaf4b5e0c874f05fd31c535c3796e06db0d216a0323,7933,0,2,0
0,18,0,1,6,0.02921451999918645,0.029103999999999998,0,28807168,NA,NA,NA,NA,NA,NA,NA,NA,126024,51085,1029,1,d6479df97612ac41a8966333a6ef58076a32dad29a20f6bc64e0a5b65673088c,4941,0,2,0
0,18,1,0,6,0.026893736999227258,0.019011,0.0077969999999999992,28106752,NA,NA,NA,NA,NA,NA,NA,NA,126024,51085,1029,1,d6479df97612ac41a8966333a6ef58076a32dad29a20f6bc64e0a5b65673088c,4935,0,2,0
0,18,0,1,12,0.036796782999772404,0.021908,0.014811,28819456,NA,NA,NA,NA,NA,NA,NA,NA,313424,280189,4101,1,0f9e44f960c45a3ca86cde574970381ef909d64a6bb2d20a17395bced584502a,5028,0,2,0
0,18,1,0,12,0.038760206999540969,0.022955999999999997,0.015712999999999998,28549120,NA,NA,NA,NA,NA,NA,NA,NA,313424,280189,4101,1,0f9e44f960c45a3ca86cde574970381ef909d64a6bb2d20a17395bced584502a,5024,0,2,0
0,18,0,1,16,0.080742813000142633,0.072208999999999995,0.0083990000000000002,42094592,NA,NA,NA,NA,NA,NA,NA,NA,1083024,235398,3329,64,5916968f62e510f778d0d1e3d1fe7cb78db1f7fd7a3ef52fe1a3aefaf683922d,8301,0,2,0
0,18,1,0,16,0.084098239000013564,0.075595999999999997,0.0083850000000000001,42029056,NA,NA,NA,NA,NA,NA,NA,NA,1083024,235398,3329,64,5916968f62e510f778d0d1e3d1fe7cb78db1f7fd7a3ef52fe1a3aefaf683922d,8291,0,2,0
0,18,0,1,0,0.018316734000109136,0.011221,0.0069519999999999998,22544384,NA,NA,NA,NA,NA,NA,NA,NA,2008,133,5,1,a8c1633e798ef980493443e67e6fdb6eada42f775edf7051d304d09c3ddadf5a,3577,0,2,0
0,18,1,0,0,0.017253154000172799,0.012740999999999999,0.0044039999999999999,22974464,NA,NA,NA,NA,NA,NA,NA,NA,2008,133,5,1,a8c1633e798ef980493443e67e6fdb6eada42f775edf7051d304d09c3ddadf5a,3580,0,2,0
0,18,0,0,22,0.10576242900060606,0.081470000000000001,0.024197999999999997,62418944,NA,NA,NA,NA,NA,NA,NA,NA,1433848,711531,19202,64,7fe8e0e1367c4dc75afe736c0ee35e3a3755c0152301f3880ce2412132a22623,13053,0,2,0
0,18,1,1,22,0.10576657699948555,0.068168999999999993,0.037470999999999997,62033920,NA,NA,NA,NA,NA,NA,NA,NA,1433848,711531,19202,64,7fe8e0e1367c4dc75afe736c0ee35e3a3755c0152301f3880ce2412132a22623,13046,0,2,1
0,18,0,1,1,0.018207836999863503,0.010553999999999999,0.0075449999999999996,22487040,NA,NA,NA,NA,NA,NA,NA,NA,2056,133,5,1,6b21b079ef6f8f7f055926600e53b906dd7be041e021dd2791b7aa8c55e24585,3549,0,2,0
0,18,1,0,1,0.016718490000130259,0.0082570000000000005,0.0083819999999999988,22978560,NA,NA,NA,NA,NA,NA,NA,NA,2056,133,5,1,6b21b079ef6f8f7f055926600e53b906dd7be041e021dd2791b7aa8c55e24585,3550,0,2,0
0,18,0,0,15,0.024405898000622983,0.016181000000000001,0.0081440000000000002,29765632,NA,NA,NA,NA,NA,NA,NA,NA,247896,280189,4101,1,cf0f1cc1e290dce65809b3140c6f2dc9062a9f452120988a3a869e7faab69134,5200,0,2,0
0,18,1,1,15,0.029270480999912252,0.025696999999999998,0.0034749999999999998,29319168,NA,NA,NA,NA,NA,NA,NA,NA,247896,280189,4101,1,cf0f1cc1e290dce65809b3140c6f2dc9062a9f452120988a3a869e7faab69134,5184,0,2,0
0,18,0,1,8,0.025546658999701322,0.021096999999999998,0.0043499999999999997,29528064,NA,NA,NA,NA,NA,NA,NA,NA,98128,39898,2049,512,d54e0d3e437f1319c5e0037da4750229225984f79f1ebd587b1323affae587ab,5475,0,2,0
0,18,1,0,8,0.025811882000198239,0.021933999999999999,0.0037729999999999999,29683712,NA,NA,NA,NA,NA,NA,NA,NA,98128,39898,2049,512,d54e0d3e437f1319c5e0037da4750229225984f79f1ebd587b1323affae587ab,5484,0,2,0
0,18,0,0,13,0.024023200000556244,0.019948999999999998,0.0039880000000000002,29941760,NA,NA,NA,NA,NA,NA,NA,NA,313536,280189,4101,1,5a04cd3dab823e43a4d317f4a27057eec5b1fcaecf9843229a14a897b95f1f29,5239,0,2,0
0,18,1,1,13,0.040199379999648954,0.034886,0.0052229999999999993,29900800,NA,NA,NA,NA,NA,NA,NA,NA,313536,280189,4101,1,5a04cd3dab823e43a4d317f4a27057eec5b1fcaecf9843229a14a897b95f1f29,5239,0,2,0
0,18,0,1,14,0.026702847999331425,0.017697000000000001,0.0089119999999999998,29122560,NA,NA,NA,NA,NA,NA,NA,NA,247896,280189,4101,1,cf0f1cc1e290dce65809b3140c6f2dc9062a9f452120988a3a869e7faab69134,5153,0,2,0
0,18,1,0,14,0.026396528000077524,0.022026,0.004261,29196288,NA,NA,NA,NA,NA,NA,NA,NA,247896,280189,4101,1,cf0f1cc1e290dce65809b3140c6f2dc9062a9f452120988a3a869e7faab69134,5155,0,2,0
0,18,0,1,2,0.016748400000324182,0.0082969999999999988,0.0082939999999999993,22880256,NA,NA,NA,NA,NA,NA,NA,NA,2008,133,5,1,8210b4f6eac12a20575e673437437e82cfff653da437ea17992a3aed56a99207,3550,0,2,0
0,18,1,0,2,0.02034820300013962,0.015678999999999998,0.0045919999999999997,22753280,NA,NA,NA,NA,NA,NA,NA,NA,2008,133,5,1,8210b4f6eac12a20575e673437437e82cfff653da437ea17992a3aed56a99207,3548,0,2,0
0,18,0,1,5,0.025551949000146124,0.011396,0.014057999999999999,28368896,NA,NA,NA,NA,NA,NA,NA,NA,192736,51085,1029,1,98c15b8b4636441c6e839c68a3bed9dee3bd8ae062882739073db7b7ed7d66f3,4964,0,2,0
0,18,1,0,5,0.027540123000107997,0.023043999999999999,0.0044060000000000002,28930048,NA,NA,NA,NA,NA,NA,NA,NA,192736,51085,1029,1,98c15b8b4636441c6e839c68a3bed9dee3bd8ae062882739073db7b7ed7d66f3,4980,0,2,0
0,18,0,0,7,0.024096561000078509,0.015778,0.0082170000000000003,28352512,NA,NA,NA,NA,NA,NA,NA,NA,126024,51085,1029,1,d6479df97612ac41a8966333a6ef58076a32dad29a20f6bc64e0a5b65673088c,4984,0,2,0
0,18,1,1,7,0.024937873999988369,0.020535999999999999,0.0043159999999999995,28532736,NA,NA,NA,NA,NA,NA,NA,NA,126024,51085,1029,1,d6479df97612ac41a8966333a6ef58076a32dad29a20f6bc64e0a5b65673088c,4993,0,2,0
0,18,0,1,18,0.05818533199999365,0.045871999999999996,0.012232,40357888,NA,NA,NA,NA,NA,NA,NA,NA,742032,235398,3329,64,bbb3d34b2aa5abdd298d84b8be032ee0c65ab3dbe74b5d4f0ba0963e99614893,7776,0,2,0
0,18,1,0,18,0.055834683000284713,0.038712999999999997,0.016916,40222720,NA,NA,NA,NA,NA,NA,NA,NA,742032,235398,3329,64,bbb3d34b2aa5abdd298d84b8be032ee0c65ab3dbe74b5d4f0ba0963e99614893,7769,0,2,13
0,18,0,0,11,0.023486421999223239,0.019481999999999999,0.0039129999999999998,28626944,NA,NA,NA,NA,NA,NA,NA,NA,106320,39898,2049,512,7b8f1ead52d1f75ea51a9518f4611f96b3105a83b8e9ff16958705114f2a13b3,4962,0,2,0
0,18,1,1,11,0.022519272999488749,0.014992999999999999,0.0074329999999999995,28676096,NA,NA,NA,NA,NA,NA,NA,NA,106320,39898,2049,512,7b8f1ead52d1f75ea51a9518f4611f96b3105a83b8e9ff16958705114f2a13b3,4963,0,2,0
0,18,0,0,9,0.020999239999582642,0.020905,0,28930048,NA,NA,NA,NA,NA,NA,NA,NA,147280,39898,2049,512,02ee45f00f5fa967779eb017bd9c1965526161af8ee6a0f23a31a68b3dbbac77,4994,0,2,0
0,18,1,1,9,0.020696362999842677,0.012372999999999999,0.0082469999999999991,32157696,NA,NA,NA,NA,NA,NA,NA,NA,147280,39898,2049,512,02ee45f00f5fa967779eb017bd9c1965526161af8ee6a0f23a31a68b3dbbac77,4898,0,2,0
0,18,0,1,23,0.12365130800026236,0.10234699999999999,0.019196999999999999,62644224,NA,NA,NA,NA,NA,NA,NA,NA,1433848,711531,19202,64,7fe8e0e1367c4dc75afe736c0ee35e3a3755c0152301f3880ce2412132a22623,13118,0,2,2
0,18,1,0,23,0.11448457900041831,0.081312999999999996,0.033052999999999999,62808064,NA,NA,NA,NA,NA,NA,NA,NA,1433848,711531,19202,64,7fe8e0e1367c4dc75afe736c0ee35e3a3755c0152301f3880ce2412132a22623,13114,0,2,0
0,18,0,1,4,0.036262157000237494,0.032049000000000001,0.0040939999999999995,26312704,NA,NA,NA,NA,NA,NA,NA,NA,163920,51085,1029,1,3469c6c02ad818b9b840f744b74781f39d0d6d69319fb824d729f7875274b381,4520,0,2,0
0,18,1,0,4,0.03849552199972095,0.030317,0.0080619999999999997,26533888,NA,NA,NA,NA,NA,NA,NA,NA,163920,51085,1029,1,3469c6c02ad818b9b840f744b74781f39d0d6d69319fb824d729f7875274b381,4522,0,2,1
0,19,0,0,20,0.15465432800010603,0.12660199999999999,0.027921999999999999,64401408,NA,NA,NA,NA,NA,NA,NA,NA,1746680,711531,19202,64,e4041ce2b5b6df572ca4d0ca66e6006ad368116646e82963f7e9550b84ab78ca,13661,0,2,1
0,19,1,1,20,0.18332849500075099,0.140097,0.043087,64507904,NA,NA,NA,NA,NA,NA,NA,NA,1746680,711531,19202,64,e4041ce2b5b6df572ca4d0ca66e6006ad368116646e82963f7e9550b84ab78ca,13672,0,2,1
0,19,0,1,7,0.028134991000115406,0.020174999999999998,0.0078329999999999997,28766208,NA,NA,NA,NA,NA,NA,NA,NA,126024,51085,1029,1,d6479df97612ac41a8966333a6ef58076a32dad29a20f6bc64e0a5b65673088c,4996,0,2,0
0,19,1,0,7,0.030720469000698358,0.019927,0.010673999999999999,28770304,NA,NA,NA,NA,NA,NA,NA,NA,126024,51085,1029,1,d6479df97612ac41a8966333a6ef58076a32dad29a20f6bc64e0a5b65673088c,4992,0,2,0
0,19,0,0,5,0.024207471000408987,0.019973999999999999,0.0041159999999999999,28327936,NA,NA,NA,NA,NA,NA,NA,NA,192736,51085,1029,1,98c15b8b4636441c6e839c68a3bed9dee3bd8ae062882739073db7b7ed7d66f3,4970,0,2,0
0,19,1,1,5,0.025706731999889598,0.016684999999999998,0.0089289999999999994,28729344,NA,NA,NA,NA,NA,NA,NA,NA,192736,51085,1029,1,98c15b8b4636441c6e839c68a3bed9dee3bd8ae062882739073db7b7ed7d66f3,4980,0,2,0
0,19,0,0,0,0.019477730000289739,0.0070320000000000001,0.012362999999999999,22736896,NA,NA,NA,NA,NA,NA,NA,NA,2008,133,5,1,a8c1633e798ef980493443e67e6fdb6eada42f775edf7051d304d09c3ddadf5a,3578,0,2,0
0,19,1,1,0,0.021254098999634152,0.014841,0.0061999999999999998,22974464,NA,NA,NA,NA,NA,NA,NA,NA,2008,133,5,1,a8c1633e798ef980493443e67e6fdb6eada42f775edf7051d304d09c3ddadf5a,3580,0,2,0
0,19,0,0,1,0.016242697999587108,0.0081069999999999996,0.0080439999999999991,22470656,NA,NA,NA,NA,NA,NA,NA,NA,2056,133,5,1,6b21b079ef6f8f7f055926600e53b906dd7be041e021dd2791b7aa8c55e24585,3545,0,2,0
0,19,1,1,1,0.016589582999586128,0.0080619999999999997,0.0084539999999999997,22880256,NA,NA,NA,NA,NA,NA,NA,NA,2056,133,5,1,6b21b079ef6f8f7f055926600e53b906dd7be041e021dd2791b7aa8c55e24585,3559,0,2,0
0,19,0,0,6,0.02324828000018897,0.015503999999999999,0.0076629999999999997,28639232,NA,NA,NA,NA,NA,NA,NA,NA,126024,51085,1029,1,d6479df97612ac41a8966333a6ef58076a32dad29a20f6bc64e0a5b65673088c,4938,0,2,0
0,19,1,1,6,0.023266982000677672,0.015467999999999999,0.007711,28491776,NA,NA,NA,NA,NA,NA,NA,NA,126024,51085,1029,1,d6479df97612ac41a8966333a6ef58076a32dad29a20f6bc64e0a5b65673088c,4937,0,2,0
0,19,0,1,11,0.0236245179994512,0.015903,0.0076489999999999995,28356608,NA,NA,NA,NA,NA,NA,NA,NA,106320,39898,2049,512,7b8f1ead52d1f75ea51a9518f4611f96b3105a83b8e9ff16958705114f2a13b3,4958,0,2,0
0,19,1,0,11,0.021404351999990467,0.0072099999999999994,0.014119,28635136,NA,NA,NA,NA,NA,NA,NA,NA,106320,39898,2049,512,7b8f1ead52d1f75ea51a9518f4611f96b3105a83b8e9ff16958705114f2a13b3,4958,0,2,0
0,19,0,1,9,0.021198286000071676,0.021118999999999999,0,28876800,NA,NA,NA,NA,NA,NA,NA,NA,147280,39898,2049,512,02ee45f00f5fa967779eb017bd9c1965526161af8ee6a0f23a31a68b3dbbac77,4992,0,2,0
0,19,1,0,9,0.020647227999688766,0.016316000000000001,0.0041570000000000001,28348416,NA,NA,NA,NA,NA,NA,NA,NA,147280,39898,2049,512,02ee45f00f5fa967779eb017bd9c1965526161af8ee6a0f23a31a68b3dbbac77,4985,0,2,0
0,19,0,1,22,0.10778473299978941,0.091699000000000003,0.015989,62443520,NA,NA,NA,NA,NA,NA,NA,NA,1433848,711531,19202,64,7fe8e0e1367c4dc75afe736c0ee35e3a3755c0152301f3880ce2412132a22623,13053,0,2,1
0,19,1,0,22,0.10068901600061508,0.084735999999999992,0.015654999999999999,62042112,NA,NA,NA,NA,NA,NA,NA,NA,1433848,711531,19202,64,7fe8e0e1367c4dc75afe736c0ee35e3a3755c0152301f3880ce2412132a22623,13040,0,2,0
0,19,0,1,13,0.025823570999818912,0.018286999999999998,0.0074209999999999996,30093312,NA,NA,NA,NA,NA,NA,NA,NA,313536,280189,4101,1,5a04cd3dab823e43a4d317f4a27057eec5b1fcaecf9843229a14a897b95f1f29,5233,0,2,0
0,19,1,0,13,0.025044568999874173,0.016825,0.0080149999999999996,29564928,NA,NA,NA,NA,NA,NA,NA,NA,313536,280189,4101,1,5a04cd3dab823e43a4d317f4a27057eec5b1fcaecf9843229a14a897b95f1f29,5235,0,2,0
0,19,0,0,16,0.081499590000021271,0.06509899999999999,0.016258999999999999,42020864,NA,NA,NA,NA,NA,NA,NA,NA,1083024,235398,3329,64,5916968f62e510f778d0d1e3d1fe7cb78db1f7fd7a3ef52fe1a3aefaf683922d,8300,0,2,2
0,19,1,1,16,0.079051941000216175,0.066094,0.012851999999999999,42172416,NA,NA,NA,NA,NA,NA,NA,NA,1083024,235398,3329,64,5916968f62e510f778d0d1e3d1fe7cb78db1f7fd7a3ef52fe1a3aefaf683922d,8303,0,2,0
0,19,0,0,19,0.052520973000355298,0.037154,0.015243999999999999,40316928,NA,NA,NA,NA,NA,NA,NA,NA,742032,235398,3329,64,bbb3d34b2aa5abdd298d84b8be032ee0c65ab3dbe74b5d4f0ba0963e99614893,7763,0,2,0
0,19,1,1,19,0.053838490000089223,0.040774999999999999,0.012941999999999999,39931904,NA,NA,NA,NA,NA,NA,NA,NA,742032,235398,3329,64,bbb3d34b2aa5abdd298d84b8be032ee0c65ab3dbe74b5d4f0ba0963e99614893,7756,0,2,0
0,19,0,1,21,0.10781370699987747,0.082664000000000001,0.025024999999999999,64696320,NA,NA,NA,NA,NA,NA,NA,NA,2209528,711531,19202,64,955dcf7525f03629d689feea1585905e0b8700805efb32f241197b1ebcb41ffa,13625,0,2,1
0,19,1,0,21,0.10766888299986022,0.085766999999999996,0.021769,64692224,NA,NA,NA,NA,NA,NA,NA,NA,2209528,711531,19202,64,955dcf7525f03629d689feea1585905e0b8700805efb32f241197b1ebcb41ffa,13623,0,2,0
0,19,0,0,8,0.032374069000070449,0.011776,0.020496,29540352,NA,NA,NA,NA,NA,NA,NA,NA,98128,39898,2049,512,d54e0d3e437f1319c5e0037da4750229225984f79f1ebd587b1323affae587ab,5477,0,2,0
0,19,1,1,8,0.026853850999941642,0.015332999999999999,0.011429999999999999,29523968,NA,NA,NA,NA,NA,NA,NA,NA,98128,39898,2049,512,d54e0d3e437f1319c5e0037da4750229225984f79f1ebd587b1323affae587ab,5482,0,2,0
0,19,0,0,23,0.12439868399997067,0.106873,0.017399999999999999,62296064,NA,NA,NA,NA,NA,NA,NA,NA,1433848,711531,19202,64,7fe8e0e1367c4dc75afe736c0ee35e3a3755c0152301f3880ce2412132a22623,13113,0,2,0
0,19,1,1,23,0.12466645800031984,0.11334599999999999,0.011188999999999999,62296064,NA,NA,NA,NA,NA,NA,NA,NA,1433848,711531,19202,64,7fe8e0e1367c4dc75afe736c0ee35e3a3755c0152301f3880ce2412132a22623,13111,0,2,0
0,19,0,0,2,0.018814128000485653,0.014237999999999999,0.0044419999999999998,22413312,NA,NA,NA,NA,NA,NA,NA,NA,2008,133,5,1,8210b4f6eac12a20575e673437437e82cfff653da437ea17992a3aed56a99207,3552,0,2,0
0,19,1,1,2,0.01722757300012745,0.0069439999999999997,0.010201999999999999,23040000,NA,NA,NA,NA,NA,NA,NA,NA,2008,133,5,1,8210b4f6eac12a20575e673437437e82cfff653da437ea17992a3aed56a99207,3552,0,2,0
0,19,0,1,3,0.015732505000414676,0.011727,0.0039299999999999995,22548480,NA,NA,NA,NA,NA,NA,NA,NA,2008,133,5,1,8210b4f6eac12a20575e673437437e82cfff653da437ea17992a3aed56a99207,3553,0,2,0
0,19,1,0,3,0.015710928999396856,0.0078199999999999988,0.0078199999999999988,22511616,NA,NA,NA,NA,NA,NA,NA,NA,2008,133,5,1,8210b4f6eac12a20575e673437437e82cfff653da437ea17992a3aed56a99207,3546,0,2,0
0,19,0,1,15,0.024902783000470663,0.024827999999999999,0,29306880,NA,NA,NA,NA,NA,NA,NA,NA,247896,280189,4101,1,cf0f1cc1e290dce65809b3140c6f2dc9062a9f452120988a3a869e7faab69134,5185,0,2,0
0,19,1,0,15,0.02436199800013128,0.012152,0.01205,29360128,NA,NA,NA,NA,NA,NA,NA,NA,247896,280189,4101,1,cf0f1cc1e290dce65809b3140c6f2dc9062a9f452120988a3a869e7faab69134,5190,0,2,0
0,19,0,0,18,0.059432447000290267,0.041410999999999996,0.017905999999999998,40341504,NA,NA,NA,NA,NA,NA,NA,NA,742032,235398,3329,64,bbb3d34b2aa5abdd298d84b8be032ee0c65ab3dbe74b5d4f0ba0963e99614893,7769,0,2,1
0,19,1,1,18,0.05376112199974159,0.045400999999999997,0.0082449999999999989,40357888,NA,NA,NA,NA,NA,NA,NA,NA,742032,235398,3329,64,bbb3d34b2aa5abdd298d84b8be032ee0c65ab3dbe74b5d4f0ba0963e99614893,7773,0,2,0
0,19,0,0,14,0.024588428999777534,0.020369999999999999,0.0041059999999999994,29229056,NA,NA,NA,NA,NA,NA,NA,NA,247896,280189,4101,1,cf0f1cc1e290dce65809b3140c6f2dc9062a9f452120988a3a869e7faab69134,5155,0,2,0
0,19,1,1,14,0.026070853999954124,0.021571,0.0044099999999999999,29704192,NA,NA,NA,NA,NA,NA,NA,NA,247896,280189,4101,1,cf0f1cc1e290dce65809b3140c6f2dc9062a9f452120988a3a869e7faab69134,5158,0,2,0
0,19,0,1,17,0.062201264000577794,0.045182,0.016929,40562688,NA,NA,NA,NA,NA,NA,NA,NA,1009296,235398,3329,64,38ac9f9d8df5158b7a074eaf4b5e0c874f05fd31c535c3796e06db0d216a0323,7932,0,2,0
0,19,1,0,17,0.059829589000401029,0.044535999999999999,0.015203999999999999,40906752,NA,NA,NA,NA,NA,NA,NA,NA,1009296,235398,3329,64,38ac9f9d8df5158b7a074eaf4b5e0c874f05fd31c535c3796e06db0d216a0323,7939,0,2,0
0,19,0,0,12,0.036567503000696888,0.028448999999999999,0.0080239999999999999,28549120,NA,NA,NA,NA,NA,NA,NA,NA,313424,280189,4101,1,0f9e44f960c45a3ca86cde574970381ef909d64a6bb2d20a17395bced584502a,5029,0,2,0
0,19,1,1,12,0.037602822999360797,0.037489999999999996,0,28827648,NA,NA,NA,NA,NA,NA,NA,NA,313424,280189,4101,1,0f9e44f960c45a3ca86cde574970381ef909d64a6bb2d20a17395bced584502a,5029,0,2,1
0,19,0,0,4,0.043244081000011647,0.033194000000000001,0.0099499999999999988,26832896,NA,NA,NA,NA,NA,NA,NA,NA,163920,51085,1029,1,3469c6c02ad818b9b840f744b74781f39d0d6d69319fb824d729f7875274b381,4523,0,2,0
0,19,1,1,4,0.040520153000215942,0.040420999999999999,0,26521600,NA,NA,NA,NA,NA,NA,NA,NA,163920,51085,1029,1,3469c6c02ad818b9b840f744b74781f39d0d6d69319fb824d729f7875274b381,4513,0,2,0
0,19,0,1,10,0.025868454000374186,0.015909,0.0098689999999999993,28819456,NA,NA,NA,NA,NA,NA,NA,NA,106320,39898,2049,512,7b8f1ead52d1f75ea51a9518f4611f96b3105a83b8e9ff16958705114f2a13b3,4957,0,2,0
0,19,1,0,10,0.02389502900041407,0.016015999999999999,0.0077979999999999994,28610560,NA,NA,NA,NA,NA,NA,NA,NA,106320,39898,2049,512,7b8f1ead52d1f75ea51a9518f4611f96b3105a83b8e9ff16958705114f2a13b3,4956,0,2,0
1,0,0,0,3,0.016992463999486063,0.012624999999999999,0.0042849999999999997,23040000,NA,NA,NA,NA,NA,NA,NA,NA,2008,133,5,1,8210b4f6eac12a20575e673437437e82cfff653da437ea17992a3aed56a99207,3556,0,2,0
1,0,1,1,3,0.018072280000524188,0.017998,0,22867968,NA,NA,NA,NA,NA,NA,NA,NA,2008,133,5,1,8210b4f6eac12a20575e673437437e82cfff653da437ea17992a3aed56a99207,3558,0,2,0
1,0,0,1,0,0.018898782000178471,0.0038549999999999999,0.014974999999999999,22867968,NA,NA,NA,NA,NA,NA,NA,NA,2008,133,5,1,a8c1633e798ef980493443e67e6fdb6eada42f775edf7051d304d09c3ddadf5a,3573,0,2,0
1,0,1,0,0,0.018656566000572639,0.01345,0.00513,22876160,NA,NA,NA,NA,NA,NA,NA,NA,2008,133,5,1,a8c1633e798ef980493443e67e6fdb6eada42f775edf7051d304d09c3ddadf5a,3579,0,2,0
1,0,0,1,6,0.024686785000085365,0.013947999999999999,0.010647,28106752,NA,NA,NA,NA,NA,NA,NA,NA,126024,51085,1029,1,d6479df97612ac41a8966333a6ef58076a32dad29a20f6bc64e0a5b65673088c,4935,0,2,1
1,0,1,0,6,0.024498503999893728,0.020313999999999999,0.0040990000000000002,28626944,NA,NA,NA,NA,NA,NA,NA,NA,126024,51085,1029,1,d6479df97612ac41a8966333a6ef58076a32dad29a20f6bc64e0a5b65673088c,4935,0,2,0
1,0,0,0,21,0.099829599999793572,0.064056000000000002,0.035686999999999997,64679936,NA,NA,NA,NA,NA,NA,NA,NA,2209528,711531,19202,64,955dcf7525f03629d689feea1585905e0b8700805efb32f241197b1ebcb41ffa,13624,0,2,0
1,0,1,1,21,0.10633270600010292,0.075377,0.030842999999999999,64696320,NA,NA,NA,NA,NA,NA,NA,NA,2209528,711531,19202,64,955dcf7525f03629d689feea1585905e0b8700805efb32f241197b1ebcb41ffa,13624,0,2,0
1,0,0,1,22,0.10512523999932455,0.081237999999999991,0.023739999999999997,62509056,NA,NA,NA,NA,NA,NA,NA,NA,1433848,711531,19202,64,7fe8e0e1367c4dc75afe736c0ee35e3a3755c0152301f3880ce2412132a22623,13055,0,2,0
1,0,1,0,22,0.10620368599938956,0.066544999999999993,0.039491999999999999,62447616,NA,NA,NA,NA,NA,NA,NA,NA,1433848,711531,19202,64,7fe8e0e1367c4dc75afe736c0ee35e3a3755c0152301f3880ce2412132a22623,13046,0,2,1
1,0,0,0,23,0.11502856500010239,0.10278,0.012064,62238720,NA,NA,NA,NA,NA,NA,NA,NA,1433848,711531,19202,64,7fe8e0e1367c4dc75afe736c0ee35e3a3755c0152301f3880ce2412132a22623,13113,0,2,1
1,0,1,1,23,0.12120629099990765,0.100921,0.019736999999999998,62586880,NA,NA,NA,NA,NA,NA,NA,NA,1433848,711531,19202,64,7fe8e0e1367c4dc75afe736c0ee35e3a3755c0152301f3880ce2412132a22623,13116,0,2,2
1,0,0,0,5,0.025247745999877225,0.016697,0.0083979999999999992,28291072,NA,NA,NA,NA,NA,NA,NA,NA,192736,51085,1029,1,98c15b8b4636441c6e839c68a3bed9dee3bd8ae062882739073db7b7ed7d66f3,4965,0,2,0
1,0,1,1,5,0.02549846600049932,0.021172999999999997,0.0042160000000000001,28286976,NA,NA,NA,NA,NA,NA,NA,NA,192736,51085,1029,1,98c15b8b4636441c6e839c68a3bed9dee3bd8ae062882739073db7b7ed7d66f3,4973,0,2,1
1,0,0,0,9,0.023641787999622466,0.011762999999999999,0.011790999999999999,28319744,NA,NA,NA,NA,NA,NA,NA,NA,147280,39898,2049,512,02ee45f00f5fa967779eb017bd9c1965526161af8ee6a0f23a31a68b3dbbac77,4980,0,2,0
1,0,1,1,9,0.022055734000787197,0.017527000000000001,0.00445,28332032,NA,NA,NA,NA,NA,NA,NA,NA,147280,39898,2049,512,02ee45f00f5fa967779eb017bd9c1965526161af8ee6a0f23a31a68b3dbbac77,4986,0,2,0
1,0,0,1,8,0.030333292999785044,0.025503999999999999,0.0047399999999999994,29515776,NA,NA,NA,NA,NA,NA,NA,NA,98128,39898,2049,512,d54e0d3e437f1319c5e0037da4750229225984f79f1ebd587b1323affae587ab,5475,0,2,0
1,0,1,0,8,0.029982447999827855,0.029900999999999997,0,29573120,NA,NA,NA,NA,NA,NA,NA,NA,98128,39898,2049,512,d54e0d3e437f1319c5e0037da4750229225984f79f1ebd587b1323affae587ab,5471,0,2,0
1,0,0,0,15,0.026482307000151195,0.019172999999999999,0.0072229999999999994,29769728,NA,NA,NA,NA,NA,NA,NA,NA,247896,280189,4101,1,cf0f1cc1e290dce65809b3140c6f2dc9062a9f452120988a3a869e7faab69134,5198,0,2,0
1,0,1,1,15,0.027378898999813828,0.015844999999999998,0.01145,29343744,NA,NA,NA,NA,NA,NA,NA,NA,247896,280189,4101,1,cf0f1cc1e290dce65809b3140c6f2dc9062a9f452120988a3a869e7faab69134,5186,0,2,0
1,0,0,1,18,0.054692477000571671,0.043808,0.010803999999999999,39903232,NA,NA,NA,NA,NA,NA,NA,NA,742032,235398,3329,64,bbb3d34b2aa5abdd298d84b8be032ee0c65ab3dbe74b5d4f0ba0963e99614893,7764,0,2,0
1,0,1,0,18,0.05063898899970809,0.038389,0.012163999999999999,39948288,NA,NA,NA,NA,NA,NA,NA,NA,742032,235398,3329,64,bbb3d34b2aa5abdd298d84b8be032ee0c65ab3dbe74b5d4f0ba0963e99614893,7771,0,2,0
1,0,0,1,12,0.035455522000120254,0.031619000000000001,0.0037519999999999997,28651520,NA,NA,NA,NA,NA,NA,NA,NA,313424,280189,4101,1,0f9e44f960c45a3ca86cde574970381ef909d64a6bb2d20a17395bced584502a,5030,0,2,0
1,0,1,0,12,0.035123057000419067,0.027115,0.0078859999999999989,28557312,NA,NA,NA,NA,NA,NA,NA,NA,313424,280189,4101,1,0f9e44f960c45a3ca86cde574970381ef909d64a6bb2d20a17395bced584502a,5030,0,2,0
1,0,0,1,13,0.024832692000018142,0.017080999999999999,0.0076549999999999995,30052352,NA,NA,NA,NA,NA,NA,NA,NA,313536,280189,4101,1,5a04cd3dab823e43a4d317f4a27057eec5b1fcaecf9843229a14a897b95f1f29,5239,0,2,0
1,0,1,0,13,0.02588419900075678,0.022280999999999999,0.0035139999999999998,29597696,NA,NA,NA,NA,NA,NA,NA,NA,313536,280189,4101,1,5a04cd3dab823e43a4d317f4a27057eec5b1fcaecf9843229a14a897b95f1f29,5234,0,2,0
1,0,0,0,4,0.035187127000426699,0.031031999999999997,0.0040769999999999999,26533888,NA,NA,NA,NA,NA,NA,NA,NA,163920,51085,1029,1,3469c6c02ad818b9b840f744b74781f39d0d6d69319fb824d729f7875274b381,4520,0,2,0
1,0,1,1,4,0.03568206799991458,0.031934999999999998,0.0036719999999999999,26533888,NA,NA,NA,NA,NA,NA,NA,NA,163920,51085,1029,1,3469c6c02ad818b9b840f744b74781f39d0d6d69319fb824d729f7875274b381,4522,0,2,0
1,0,0,0,1,0.016946067999924708,0.010319999999999999,0.0065519999999999997,23031808,NA,NA,NA,NA,NA,NA,NA,NA,2056,133,5,1,6b21b079ef6f8f7f055926600e53b906dd7be041e021dd2791b7aa8c55e24585,3560,0,2,0
1,0,1,1,1,0.017467267000029096,0.0087080000000000005,0.008683999999999999,22880256,NA,NA,NA,NA,NA,NA,NA,NA,2056,133,5,1,6b21b079ef6f8f7f055926600e53b906dd7be041e021dd2791b7aa8c55e24585,3552,0,2,0
1,0,0,0,14,0.024498434000634006,0.020222,0.004058,29237248,NA,NA,NA,NA,NA,NA,NA,NA,247896,280189,4101,1,cf0f1cc1e290dce65809b3140c6f2dc9062a9f452120988a3a869e7faab69134,5149,0,2,0
1,0,1,1,14,0.024830047999785165,0.016413999999999998,0.0083389999999999992,29175808,NA,NA,NA,NA,NA,NA,NA,NA,247896,280189,4101,1,cf0f1cc1e290dce65809b3140c6f2dc9062a9f452120988a3a869e7faab69134,5148,0,2,0
1,0,0,1,16,0.081139416999576497,0.061344999999999997,0.019710999999999999,42184704,NA,NA,NA,NA,NA,NA,NA,NA,1083024,235398,3329,64,5916968f62e510f778d0d1e3d1fe7cb78db1f7fd7a3ef52fe1a3aefaf683922d,8298,0,2,0
1,0,1,0,16,0.078912128999945708,0.060135999999999995,0.018661000000000001,41996288,NA,NA,NA,NA,NA,NA,NA,NA,1083024,235398,3329,64,5916968f62e510f778d0d1e3d1fe7cb78db1f7fd7a3ef52fe1a3aefaf683922d,8296,0,2,0
1,0,0,0,17,0.058188216999951692,0.046550999999999995,0.011526,41000960,NA,NA,NA,NA,NA,NA,NA,NA,1009296,235398,3329,64,38ac9f9d8df5158b7a074eaf4b5e0c874f05fd31c535c3796e06db0d216a0323,7930,0,2,1
1,0,1,1,17,0.059003915999710443,0.054817999999999999,0.004065,41033728,NA,NA,NA,NA,NA,NA,NA,NA,1009296,235398,3329,64,38ac9f9d8df5158b7a074eaf4b5e0c874f05fd31c535c3796e06db0d216a0323,7941,0,2,0
1,0,0,1,11,0.024667534999935015,0.024548999999999998,0,28160000,NA,NA,NA,NA,NA,NA,NA,NA,106320,39898,2049,512,7b8f1ead52d1f75ea51a9518f4611f96b3105a83b8e9ff16958705114f2a13b3,4956,0,2,0
1,0,1,0,11,0.023005629999715893,0.018425999999999998,0.004496,28614656,NA,NA,NA,NA,NA,NA,NA,NA,106320,39898,2049,512,7b8f1ead52d1f75ea51a9518f4611f96b3105a83b8e9ff16958705114f2a13b3,4962,0,2,0
1,0,0,0,20,0.15331801199954498,0.13303599999999999,0.020104,64409600,NA,NA,NA,NA,NA,NA,NA,NA,1746680,711531,19202,64,e4041ce2b5b6df572ca4d0ca66e6006ad368116646e82963f7e9550b84ab78ca,13662,0,2,11
1,0,1,1,20,0.1705093599994143,0.13864399999999999,0.031734999999999999,64409600,NA,NA,NA,NA,NA,NA,NA,NA,1746680,711531,19202,64,e4041ce2b5b6df572ca4d0ca66e6006ad368116646e82963f7e9550b84ab78ca,13668,0,2,0
1,0,0,0,7,0.025632554999901913,0.014445,0.011053,28749824,NA,NA,NA,NA,NA,NA,NA,NA,126024,51085,1029,1,d6479df97612ac41a8966333a6ef58076a32dad29a20f6bc64e0a5b65673088c,4992,0,2,0
1,0,1,1,7,0.023900999999568739,0.016125999999999998,0.0076309999999999998,28409856,NA,NA,NA,NA,NA,NA,NA,NA,126024,51085,1029,1,d6479df97612ac41a8966333a6ef58076a32dad29a20f6bc64e0a5b65673088c,4994,0,2,0
1,0,0,1,19,0.050845935000324971,0.030608,0.020140999999999999,39915520,NA,NA,NA,NA,NA,NA,NA,NA,742032,235398,3329,64,bbb3d34b2aa5abdd298d84b8be032ee0c65ab3dbe74b5d4f0ba0963e99614893,7754,0,2,0
1,0,1,0,19,0.051415635999546794,0.047446999999999996,0.0038669999999999998,40251392,NA,NA,NA,NA,NA,NA,NA,NA,742032,235398,3329,64,bbb3d34b2aa5abdd298d84b8be032ee0c65ab3dbe74b5d4f0ba0963e99614893,7766,0,2,0
1,0,0,1,10,0.021794006999698468,0.021676999999999998,0,28200960,NA,NA,NA,NA,NA,NA,NA,NA,106320,39898,2049,512,7b8f1ead52d1f75ea51a9518f4611f96b3105a83b8e9ff16958705114f2a13b3,4949,0,2,0
1,0,1,0,10,0.023581177000778553,0.015893999999999998,0.007613,28618752,NA,NA,NA,NA,NA,NA,NA,NA,106320,39898,2049,512,7b8f1ead52d1f75ea51a9518f4611f96b3105a83b8e9ff16958705114f2a13b3,4960,0,2,0
1,0,0,1,2,0.015728323999610438,0.015653,0,22560768,NA,NA,NA,NA,NA,NA,NA,NA,2008,133,5,1,8210b4f6eac12a20575e673437437e82cfff653da437ea17992a3aed56a99207,3549,0,2,0
1,0,1,0,2,0.016700391000085801,0.012428,0.004202,22540288,NA,NA,NA,NA,NA,NA,NA,NA,2008,133,5,1,8210b4f6eac12a20575e673437437e82cfff653da437ea17992a3aed56a99207,3545,0,2,0
1,1,0,1,1,0.016656754999530676,0.0080299999999999989,0.0085329999999999989,22495232,NA,NA,NA,NA,NA,NA,NA,NA,2056,133,5,1,6b21b079ef6f8f7f055926600e53b906dd7be041e021dd2791b7aa8c55e24585,3542,0,2,0
1,1,1,0,1,0.016978994000055536,0.012412999999999999,0.00447,23015424,NA,NA,NA,NA,NA,NA,NA,NA,2056,133,5,1,6b21b079ef6f8f7f055926600e53b906dd7be041e021dd2791b7aa8c55e24585,3559,0,2,0
1,1,0,1,23,0.12009665999994468,0.095925999999999997,0.024034,62644224,NA,NA,NA,NA,NA,NA,NA,NA,1433848,711531,19202,64,7fe8e0e1367c4dc75afe736c0ee35e3a3755c0152301f3880ce2412132a22623,13110,0,2,1
1,1,1,0,23,0.11567345200001,0.099378999999999995,0.016139000000000001,62238720,NA,NA,NA,NA,NA,NA,NA,NA,1433848,711531,19202,64,7fe8e0e1367c4dc75afe736c0ee35e3a3755c0152301f3880ce2412132a22623,13114,0,2,1
1,1,0,1,17,0.061828220999814221,0.057539,0.004143,41070592,NA,NA,NA,NA,NA,NA,NA,NA,1009296,235398,3329,64,38ac9f9d8df5158b7a074eaf4b5e0c874f05fd31c535c3796e06db0d216a0323,7933,0,2,0
1,1,1,0,17,0.062080679000246164,0.050228999999999996,0.011731,40972288,NA,NA,NA,NA,NA,NA,NA,NA,1009296,235398,3329,64,38ac9f9d8df5158b7a074eaf4b5e0c874f05fd31c535c3796e06db0d216a0323,7932,0,2,0
1,1,0,1,9,0.021835647999978391,0.012924,0.0087899999999999992,28930048,NA,NA,NA,NA,NA,NA,NA,NA,147280,39898,2049,512,02ee45f00f5fa967779eb017bd9c1965526161af8ee6a0f23a31a68b3dbbac77,4987,0,2,0
1,1,1,0,9,0.021841320000021369,0.021755,0,28766208,NA,NA,NA,NA,NA,NA,NA,NA,147280,39898,2049,512,02ee45f00f5fa967779eb017bd9c1965526161af8ee6a0f23a31a68b3dbbac77,4991,0,2,0
1,1,0,1,5,0.022707490999891888,0.011337999999999999,0.011283999999999999,28938240,NA,NA,NA,NA,NA,NA,NA,NA,192736,51085,1029,1,98c15b8b4636441c6e839c68a3bed9dee3bd8ae062882739073db7b7ed7d66f3,4978,0,2,0
1,1,1,0,5,0.023077333000401268,0.01133,0.011661999999999999,28286976,NA,NA,NA,NA,NA,NA,NA,NA,192736,51085,1029,1,98c15b8b4636441c6e839c68a3bed9dee3bd8ae062882739073db7b7ed7d66f3,4973,0,2,0
1,1,0,1,7,0.027837721000651072,0.019497999999999998,0.0082379999999999988,28360704,NA,NA,NA,NA,NA,NA,NA,NA,126024,51085,1029,1,d6479df97612ac41a8966333a6ef58076a32dad29a20f6bc64e0a5b65673088c,4987,0,2,1
1,1,1,0,7,0.024421271000392153,0.016261999999999999,0.008064,28827648,NA,NA,NA,NA,NA,NA,NA,NA,126024,51085,1029,1,d6479df97612ac41a8966333a6ef58076a32dad29a20f6bc64e0a5b65673088c,4991,0,2,0
1,1,0,0,19,0.055376243999489816,0.042948,0.012348,40366080,NA,NA,NA,NA,NA,NA,NA,NA,742032,235398,3329,64,bbb3d34b2aa5abdd298d84b8be032ee0c65ab3dbe74b5d4f0ba0963e99614893,7769,0,2,0
1,1,1,1,19,0.059363229999689793,0.048601999999999999,0.010664999999999999,39874560,NA,NA,NA,NA,NA,NA,NA,NA,742032,235398,3329,64,bbb3d34b2aa5abdd298d84b8be032ee0c65ab3dbe74b5d4f0ba0963e99614893,7763,0,2,0
1,1,0,0,2,0.018733160000010685,0.018511,0,22999040,NA,NA,NA,NA,NA,NA,NA,NA,2008,133,5,1,8210b4f6eac12a20575e673437437e82cfff653da437ea17992a3aed56a99207,3558,0,2,0
1,1,1,1,2,0.022087831999670016,0.010223999999999999,0.010652999999999999,23040000,NA,NA,NA,NA,NA,NA,NA,NA,2008,133,5,1,8210b4f6eac12a20575e673437437e82cfff653da437ea17992a3aed56a99207,3554,0,2,0
1,1,0,0,11,0.024096897000163153,0.012508,0.011491999999999999,28798976,NA,NA,NA,NA,NA,NA,NA,NA,106320,39898,2049,512,7b8f1ead52d1f75ea51a9518f4611f96b3105a83b8e9ff16958705114f2a13b3,4959,0,2,1
1,1,1,1,11,0.022047180999834382,0.013261,0.0085880000000000001,28250112,NA,NA,NA,NA,NA,NA,NA,NA,106320,39898,2049,512,7b8f1ead52d1f75ea51a9518f4611f96b3105a83b8e9ff16958705114f2a13b3,4952,0,2,0
1,1,0,1,4,0.034349346000453806,0.029866999999999998,0.004339,26787840,NA,NA,NA,NA,NA,NA,NA,NA,163920,51085,1029,1,3469c6c02ad818b9b840f744b74781f39d0d6d69319fb824d729f7875274b381,4521,0,2,0
1,1,1,0,4,0.037640769000063301,0.033718999999999999,0.0038219999999999999,26521600,NA,NA,NA,NA,NA,NA,NA,NA,163920,51085,1029,1,3469c6c02ad818b9b840f744b74781f39d0d6d69319fb824d729f7875274b381,4521,0,2,0
1,1,0,0,8,0.025246539999898232,0.01273,0.012428999999999999,29470720,NA,NA,NA,NA,NA,NA,NA,NA,98128,39898,2049,512,d54e0d3e437f1319c5e0037da4750229225984f79f1ebd587b1323affae587ab,5476,0,2,0
1,1,1,1,8,0.026011257000391197,0.021849999999999998,0.0039389999999999998,29683712,NA,NA,NA,NA,NA,NA,NA,NA,98128,39898,2049,512,d54e0d3e437f1319c5e0037da4750229225984f79f1ebd587b1323affae587ab,5480,0,2,0
1,1,0,0,18,0.050194204000035825,0.046075999999999999,0.0040460000000000001,39907328,NA,NA,NA,NA,NA,NA,NA,NA,742032,235398,3329,64,bbb3d34b2aa5abdd298d84b8be032ee0c65ab3dbe74b5d4f0ba0963e99614893,7766,0,2,0
1,1,1,1,18,0.050046609000673925,0.034412999999999999,0.015548999999999999,39825408,NA,NA,NA,NA,NA,NA,NA,NA,742032,235398,3329,64,bbb3d34b2aa5abdd298d84b8be032ee0c65ab3dbe74b5d4f0ba0963e99614893,7766,0,2,0
1,1,0,0,0,0.016794211000160431,0.012416,0.0042899999999999995,22921216,NA,NA,NA,NA,NA,NA,NA,NA,2008,133,5,1,a8c1633e798ef980493443e67e6fdb6eada42f775edf7051d304d09c3ddadf5a,3579,0,2,0
1,1,1,1,0,0.018334567000238167,0.013313,0.0049399999999999999,22999040,NA,NA,NA,NA,NA,NA,NA,NA,2008,133,5,1,a8c1633e798ef980493443e67e6fdb6eada42f775edf7051d304d09c3ddadf5a,3576,0,2,0
1,1,0,1,14,0.024873033000403666,0.016347999999999998,0.0084409999999999989,29650944,NA,NA,NA,NA,NA,NA,NA,NA,247896,280189,4101,1,cf0f1cc1e290dce65809b3140c6f2dc9062a9f452120988a3a869e7faab69134,5152,0,2,0
1,1,1,0,14,0.024515277000318747,0.016153999999999998,0.008267,29237248,NA,NA,NA,NA,NA,NA,NA,NA,247896,280189,4101,1,cf0f1cc1e290dce65809b3140c6f2dc9062a9f452120988a3a869e7faab69134,5149,0,2,0
1,1,0,1,15,0.02778968500024348,0.021034999999999998,0.0064779999999999994,29319168,NA,NA,NA,NA,NA,NA,NA,NA,247896,280189,4101,1,cf0f1cc1e290dce65809b3140c6f2dc9062a9f452120988a3a869e7faab69134,5187,0,2,1
1,1,1,0,15,0.026798955999765894,0.019182999999999999,0.0074139999999999996,29679616,NA,NA,NA,NA,NA,NA,NA,NA,247896,280189,4101,1,cf0f1cc1e290dce65809b3140c6f2dc9062a9f452120988a3a869e7faab69134,5194,0,2,0
1,1,0,0,13,0.025844634999884875,0.014855999999999999,0.010891,30134272,NA,NA,NA,NA,NA,NA,NA,NA,313536,280189,4101,1,5a04cd3dab823e43a4d317f4a27057eec5b1fcaecf9843229a14a897b95f1f29,5241,0,2,0
1,1,1,1,13,0.024262155000542407,0.020080000000000001,0.0040929999999999994,29450240,NA,NA,NA,NA,NA,NA,NA,NA,313536,280189,4101,1,5a04cd3dab823e43a4d317f4a27057eec5b1fcaecf9843229a14a897b95f1f29,5232,0,2,0
1,1,0,0,22,0.098741707999579376,0.086207999999999993,0.01244,62042112,NA,NA,NA,NA,NA,NA,NA,NA,1433848,711531,19202,64,7fe8e0e1367c4dc75afe736c0ee35e3a3755c0152301f3880ce2412132a22623,13048,0,2,1
1,1,1,1,22,0.10880921299940383,0.09215799999999999,0.016538000000000001,62050304,NA,NA,NA,NA,NA,NA,NA,NA,1433848,711531,19202,64,7fe8e0e1367c4dc75afe736c0ee35e3a3755c0152301f3880ce2412132a22623,13042,0,2,0
1,1,0,1,20,0.16726749600002222,0.154777,0.012369999999999999,64270336,NA,NA,NA,NA,NA,NA,NA,NA,1746680,711531,19202,64,e4041ce2b5b6df572ca4d0ca66e6006ad368116646e82963f7e9550b84ab78ca,13655,0,2,1
1,1,1,0,20,0.16766619299960439,0.15133099999999999,0.016212999999999998,64430080,NA,NA,NA,NA,NA,NA,NA,NA,1746680,711531,19202,64,e4041ce2b5b6df572ca4d0ca66e6006ad368116646e82963f7e9550b84ab78ca,13668,0,2,0
1,1,0,1,3,0.019605481999860785,0.019507999999999998,0,22331392,NA,NA,NA,NA,NA,NA,NA,NA,2008,133,5,1,8210b4f6eac12a20575e673437437e82cfff653da437ea17992a3aed56a99207,3552,0,2,0
1,1,1,0,3,0.018159427000682626,0.013566999999999999,0.0044840000000000001,22908928,NA,NA,NA,NA,NA,NA,NA,NA,2008,133,5,1,8210b4f6eac12a20575e673437437e82cfff653da437ea17992a3aed56a99207,3553,0,2,0
1,1,0,0,6,0.024200028999985079,0.01171,0.012385,28725248,NA,NA,NA,NA,NA,NA,NA,NA,126024,51085,1029,1,d6479df97612ac41a8966333a6ef58076a32dad29a20f6bc64e0a5b65673088c,4941,0,2,0
1,1,1,1,6,0.023811746999854222,0.019536999999999999,0.0041919999999999995,28344320,NA,NA,NA,NA,NA,NA,NA,NA,126024,51085,1029,1,d6479df97612ac41a8966333a6ef58076a32dad29a20f6bc64e0a5b65673088c,4938,0,2,0
1,1,0,0,16,0.079022836000149255,0.067638000000000004,0.011302999999999999,42139648,NA,NA,NA,NA,NA,NA,NA,NA,1083024,235398,3329,64,5916968f62e510f778d0d1e3d1fe7cb78db1f7fd7a3ef52fe1a3aefaf683922d,8302,0,2,0
1,1,1,1,16,0.075626699000167719,0.075537999999999994,0,42168320,NA,NA,NA,NA,NA,NA,NA,NA,1083024,235398,3329,64,5916968f62e510f778d0d1e3d1fe7cb78db1f7fd7a3ef52fe1a3aefaf683922d,8299,0,2,0
1,1,0,0,10,0.024659583000357088,0.01222,0.012327999999999999,28758016,NA,NA,NA,NA,NA,NA,NA,NA,106320,39898,2049,512,7b8f1ead52d1f75ea51a9518f4611f96b3105a83b8e9ff16958705114f2a13b3,4964,0,2,0
1,1,1,1,10,0.022108819000095536,0.014622999999999999,0.0074110000000000001,28635136,NA,NA,NA,NA,NA,NA,NA,NA,106320,39898,2049,512,7b8f1ead52d1f75ea51a9518f4611f96b3105a83b8e9ff16958705114f2a13b3,4957,0,2,0
1,1,0,1,21,0.10434353799973906,0.063126000000000002,0.041091999999999997,64688128,NA,NA,NA,NA,NA,NA,NA,NA,2209528,711531,19202,64,955dcf7525f03629d689feea1585905e0b8700805efb32f241197b1ebcb41ffa,13621,0,2,1
1,1,1,0,21,0.10139304399945104,0.084449999999999997,0.016791,64229376,NA,NA,NA,NA,NA,NA,NA,NA,2209528,711531,19202,64,955dcf7525f03629d689feea1585905e0b8700805efb32f241197b1ebcb41ffa,13615,0,2,1
1,1,0,0,12,0.038191211000594194,0.023455999999999998,0.014636999999999999,28770304,NA,NA,NA,NA,NA,NA,NA,NA,313424,280189,4101,1,0f9e44f960c45a3ca86cde574970381ef909d64a6bb2d20a17395bced584502a,5030,0,2,0
1,1,1,1,12,0.040881498000089778,0.040785999999999996,0,28540928,NA,NA,NA,NA,NA,NA,NA,NA,313424,280189,4101,1,0f9e44f960c45a3ca86cde574970381ef909d64a6bb2d20a17395bced584502a,5029,0,2,0
1,2,0,1,10,0.14879160300006333,0.126137,0.022551999999999999,28217344,NA,NA,NA,NA,NA,NA,NA,NA,106320,39898,2049,512,7b8f1ead52d1f75ea51a9518f4611f96b3105a83b8e9ff16958705114f2a13b3,4958,0,2,0
1,2,1,0,10,0.02696966599978623,0.019335999999999999,0.007528,28741632,NA,NA,NA,NA,NA,NA,NA,NA,106320,39898,2049,512,7b8f1ead52d1f75ea51a9518f4611f96b3105a83b8e9ff16958705114f2a13b3,4963,0,2,1
1,2,0,0,23,0.13158575800025574,0.11302999999999999,0.018418999999999998,62574592,NA,NA,NA,NA,NA,NA,NA,NA,1433848,711531,19202,64,7fe8e0e1367c4dc75afe736c0ee35e3a3755c0152301f3880ce2412132a22623,13121,0,2,2
1,2,1,1,23,0.12599641699944186,0.087343999999999991,0.038459,62263296,NA,NA,NA,NA,NA,NA,NA,NA,1433848,711531,19202,64,7fe8e0e1367c4dc75afe736c0ee35e3a3755c0152301f3880ce2412132a22623,13110,0,2,2
1,2,0,0,11,0.023180170000159706,0.011188999999999999,0.011896,28200960,NA,NA,NA,NA,NA,NA,NA,NA,106320,39898,2049,512,7b8f1ead52d1f75ea51a9518f4611f96b3105a83b8e9ff16958705114f2a13b3,4952,0,2,0
1,2,1,1,11,0.022875106999890704,0.011441999999999999,0.011334,28315648,NA,NA,NA,NA,NA,NA,NA,NA,106320,39898,2049,512,7b8f1ead52d1f75ea51a9518f4611f96b3105a83b8e9ff16958705114f2a13b3,4952,0,2,0
1,2,0,1,7,0.023749514999508392,0.015869999999999999,0.0077869999999999997,28344320,NA,NA,NA,NA,NA,NA,NA,NA,126024,51085,1029,1,d6479df97612ac41a8966333a6ef58076a32dad29a20f6bc64e0a5b65673088c,4983,0,2,0
1,2,1,0,7,0.024968663000436209,0.017825999999999998,0.0070389999999999993,28921856,NA,NA,NA,NA,NA,NA,NA,NA,126024,51085,1029,1,d6479df97612ac41a8966333a6ef58076a32dad29a20f6bc64e0a5b65673088c,5000,0,2,0
1,2,0,0,12,0.035035648000302899,0.026997999999999998,0.0079579999999999998,28712960,NA,NA,NA,NA,NA,NA,NA,NA,313424,280189,4101,1,0f9e44f960c45a3ca86cde574970381ef909d64a6bb2d20a17395bced584502a,5032,0,2,0
1,2,1,1,12,0.035698908999620471,0.030969999999999998,0.004607,28721152,NA,NA,NA,NA,NA,NA,NA,NA,313424,280189,4101,1,0f9e44f960c45a3ca86cde574970381ef909d64a6bb2d20a17395bced584502a,5030,0,2,0
1,2,0,1,20,0.16160246799972811,0.13168299999999999,0.029765,64417792,NA,NA,NA,NA,NA,NA,NA,NA,1746680,711531,19202,64,e4041ce2b5b6df572ca4d0ca66e6006ad368116646e82963f7e9550b84ab78ca,13667,0,2,1
1,2,1,0,20,0.1655312339999,0.14166799999999999,0.023656,64376832,NA,NA,NA,NA,NA,NA,NA,NA,1746680,711531,19202,64,e4041ce2b5b6df572ca4d0ca66e6006ad368116646e82963f7e9550b84ab78ca,13661,0,2,2
1,2,0,1,13,0.029305967000254896,0.021547999999999998,0.007607,30048256,NA,NA,NA,NA,NA,NA,NA,NA,313536,280189,4101,1,5a04cd3dab823e43a4d317f4a27057eec5b1fcaecf9843229a14a897b95f1f29,5242,0,2,0
1,2,1,0,13,0.025971865999963484,0.025873999999999998,0,30048256,NA,NA,NA,NA,NA,NA,NA,NA,313536,280189,4101,1,5a04cd3dab823e43a4d317f4a27057eec5b1fcaecf9843229a14a897b95f1f29,5231,0,2,0
1,2,0,1,21,0.10199418699994567,0.073664999999999994,0.028197,64204800,NA,NA,NA,NA,NA,NA,NA,NA,2209528,711531,19202,64,955dcf7525f03629d689feea1585905e0b8700805efb32f241197b1ebcb41ffa,13611,0,2,0
1,2,1,0,21,0.11542842099970585,0.077976999999999991,0.037303999999999997,64688128,NA,NA,NA,NA,NA,NA,NA,NA,2209528,711531,19202,64,955dcf7525f03629d689feea1585905e0b8700805efb32f241197b1ebcb41ffa,13621,0,2,1
1,2,0,1,15,0.029084429999784334,0.016271000000000001,0.012693999999999999,29376512,NA,NA,NA,NA,NA,NA,NA,NA,247896,280189,4101,1,cf0f1cc1e290dce65809b3140c6f2dc9062a9f452120988a3a869e7faab69134,5187,0,2,0
1,2,1,0,15,0.02641819500058773,0.026313,0,29843456,NA,NA,NA,NA,NA,NA,NA,NA,247896,280189,4101,1,cf0f1cc1e290dce65809b3140c6f2dc9062a9f452120988a3a869e7faab69134,5198,0,2,0
1,2,0,0,19,0.05618143300034717,0.038956999999999999,0.017122999999999999,40366080,NA,NA,NA,NA,NA,NA,NA,NA,742032,235398,3329,64,bbb3d34b2aa5abdd298d84b8be032ee0c65ab3dbe74b5d4f0ba0963e99614893,7767,0,2,1
1,2,1,1,19,0.053457877000255394,0.040663999999999999,0.012669,39874560,NA,NA,NA,NA,NA,NA,NA,NA,742032,235398,3329,64,bbb3d34b2aa5abdd298d84b8be032ee0c65ab3dbe74b5d4f0ba0963e99614893,7763,0,2,0
1,2,0,1,18,0.053331281999817293,0.028733999999999999,0.023892,40292352,NA,NA,NA,NA,NA,NA,NA,NA,742032,235398,3329,64,bbb3d34b2aa5abdd298d84b8be032ee0c65ab3dbe74b5d4f0ba0963e99614893,7775,0,2,0
1,2,1,0,18,0.050674328999775753,0.034575999999999996,0.015987999999999999,39940096,NA,NA,NA,NA,NA,NA,NA,NA,742032,235398,3329,64,bbb3d34b2aa5abdd298d84b8be032ee0c65ab3dbe74b5d4f0ba0963e99614893,7772,0,2,0
1,2,0,0,3,0.015866478000134521,0.0078919999999999997,0.0078840000000000004,22560768,NA,NA,NA,NA,NA,NA,NA,NA,2008,133,5,1,8210b4f6eac12a20575e673437437e82cfff653da437ea17992a3aed56a99207,3543,0,2,0
1,2,1,1,3,0.015736381000351685,0.0077979999999999994,0.0078529999999999989,22880256,NA,NA,NA,NA,NA,NA,NA,NA,2008,133,5,1,8210b4f6eac12a20575e673437437e82cfff653da437ea17992a3aed56a99207,3559,0,2,0
1,2,0,0,2,0.015365426000244042,0.0076449999999999999,0.0076449999999999999,23040000,NA,NA,NA,NA,NA,NA,NA,NA,2008,133,5,1,8210b4f6eac12a20575e673437437e82cfff653da437ea17992a3aed56a99207,3559,0,2,0
1,2,1,1,2,0.015775021000081324,0.011715999999999999,0.0039880000000000002,22560768,NA,NA,NA,NA,NA,NA,NA,NA,2008,133,5,1,8210b4f6eac12a20575e673437437e82cfff653da437ea17992a3aed56a99207,3541,0,2,0
1,2,0,1,4,0.03732646200023737,0.028093,0.008267,26599424,NA,NA,NA,NA,NA,NA,NA,NA,163920,51085,1029,1,3469c6c02ad818b9b840f744b74781f39d0d6d69319fb824d729f7875274b381,4517,0,2,5
1,2,1,0,4,0.035687727000549785,0.027074999999999998,0.0080780000000000001,26640384,NA,NA,NA,NA,NA,NA,NA,NA,163920,51085,1029,1,3469c6c02ad818b9b840f744b74781f39d0d6d69319fb824d729f7875274b381,4524,0,2,2
1,2,0,0,16,0.083297026999389345,0.075549999999999992,0.0076059999999999999,41988096,NA,NA,NA,NA,NA,NA,NA,NA,1083024,235398,3329,64,5916968f62e510f778d0d1e3d1fe7cb78db1f7fd7a3ef52fe1a3aefaf683922d,8292,0,2,1
1,2,1,1,16,0.079003911000654625,0.062806000000000001,0.016084999999999999,42246144,NA,NA,NA,NA,NA,NA,NA,NA,1083024,235398,3329,64,5916968f62e510f778d0d1e3d1fe7cb78db1f7fd7a3ef52fe1a3aefaf683922d,8303,0,2,1
1,2,0,1,1,0.017420612999558216,0.013030999999999999,0.0042820000000000002,23031808,NA,NA,NA,NA,NA,NA,NA,NA,2056,133,5,1,6b21b079ef6f8f7f055926600e53b906dd7be041e021dd2791b7aa8c55e24585,3552,0,2,0
1,2,1,0,1,0.016639409999697818,0.012386999999999999,0.0041580000000000002,22937600,NA,NA,NA,NA,NA,NA,NA,NA,2056,133,5,1,6b21b079ef6f8f7f055926600e53b906dd7be041e021dd2791b7aa8c55e24585,3552,0,2,0
1,2,0,1,6,0.024302703999637743,0.012003,0.012196,28635136,NA,NA,NA,NA,NA,NA,NA,NA,126024,51085,1029,1,d6479df97612ac41a8966333a6ef58076a32dad29a20f6bc64e0a5b65673088c,4934,0,2,0
1,2,1,0,6,0.024839734999659413,0.016278999999999998,0.0084409999999999989,28172288,NA,NA,NA,NA,NA,NA,NA,NA,126024,51085,1029,1,d6479df97612ac41a8966333a6ef58076a32dad29a20f6bc64e0a5b65673088c,4937,0,2,1
1,2,0,1,17,0.065575030999752926,0.053848,0.011611,40480768,NA,NA,NA,NA,NA,NA,NA,NA,1009296,235398,3329,64,38ac9f9d8df5158b7a074eaf4b5e0c874f05fd31c535c3796e06db0d216a0323,7927,0,2,0
1,2,1,0,17,0.056703482000557415,0.049336999999999999,0.0072759999999999995,40529920,NA,NA,NA,NA,NA,NA,NA,NA,1009296,235398,3329,64,38ac9f9d8df5158b7a074eaf4b5e0c874f05fd31c535c3796e06db0d216a0323,7934,0,2,0
1,2,0,1,14,0.023418628999934299,0.015531,0.0078019999999999999,29245440,NA,NA,NA,NA,NA,NA,NA,NA,247896,280189,4101,1,cf0f1cc1e290dce65809b3140c6f2dc9062a9f452120988a3a869e7faab69134,5147,0,2,0
1,2,1,0,14,0.025209014000211027,0.016403999999999998,0.0087180000000000001,29188096,NA,NA,NA,NA,NA,NA,NA,NA,247896,280189,4101,1,cf0f1cc1e290dce65809b3140c6f2dc9062a9f452120988a3a869e7faab69134,5149,0,2,0
1,2,0,1,0,0.019817555000372522,0.013552999999999999,0.0044529999999999995,22958080,NA,NA,NA,NA,NA,NA,NA,NA,2008,133,5,1,a8c1633e798ef980493443e67e6fdb6eada42f775edf7051d304d09c3ddadf5a,3580,0,2,0
1,2,1,0,0,0.027834989999973914,0.024069999999999998,0,22917120,NA,NA,NA,NA,NA,NA,NA,NA,2008,133,5,1,a8c1633e798ef980493443e67e6fdb6eada42f775edf7051d304d09c3ddadf5a,3578,0,2,0
1,2,0,1,9,0.024970155000119121,0.024834999999999999,0,28303360,NA,NA,NA,NA,NA,NA,NA,NA,147280,39898,2049,512,02ee45f00f5fa967779eb017bd9c1965526161af8ee6a0f23a31a68b3dbbac77,4987,0,2,1
1,2,1,0,9,0.031774416000189376,0.031673,0,28344320,NA,NA,NA,NA,NA,NA,NA,NA,147280,39898,2049,512,02ee45f00f5fa967779eb017bd9c1965526161af8ee6a0f23a31a68b3dbbac77,4979,0,2,0
1,2,0,0,8,0.025104905000262079,0.020961,0.0040609999999999995,29573120,NA,NA,NA,NA,NA,NA,NA,NA,98128,39898,2049,512,d54e0d3e437f1319c5e0037da4750229225984f79f1ebd587b1323affae587ab,5481,0,2,0
1,2,1,1,8,0.030028272999516048,0.021729999999999999,0.0082129999999999998,29536256,NA,NA,NA,NA,NA,NA,NA,NA,98128,39898,2049,512,d54e0d3e437f1319c5e0037da4750229225984f79f1ebd587b1323affae587ab,5482,0,2,0
1,2,0,1,22,0.10699532300077408,0.082050999999999999,0.024853,61968384,NA,NA,NA,NA,NA,NA,NA,NA,1433848,711531,19202,64,7fe8e0e1367c4dc75afe736c0ee35e3a3755c0152301f3880ce2412132a22623,13039,0,2,0
1,2,1,0,22,0.10246160600036092,0.086445999999999995,0.015906,61976576,NA,NA,NA,NA,NA,NA,NA,NA,1433848,711531,19202,64,7fe8e0e1367c4dc75afe736c0ee35e3a3755c0152301f3880ce2412132a22623,13049,0,2,0
1,2,0,0,5,0.025920682999640121,0.012022999999999999,0.013795,28393472,NA,NA,NA,NA,NA,NA,NA,NA,192736,51085,1029,1,98c15b8b4636441c6e839c68a3bed9dee3bd8ae062882739073db7b7ed7d66f3,4972,0,2,0
1,2,1,1,5,0.022698497000419593,0.018820999999999997,0.0037879999999999997,28381184,NA,NA,NA,NA,NA,NA,NA,NA,192736,51085,1029,1,98c15b8b4636441c6e839c68a3bed9dee3bd8ae062882739073db7b7ed7d66f3,4967,0,2,0
1,3,0,0,14,0.023653277000448725,0.015710999999999999,0.0078589999999999997,29507584,NA,NA,NA,NA,NA,NA,NA,NA,247896,280189,4101,1,cf0f1cc1e290dce65809b3140c6f2dc9062a9f452120988a3a869e7faab69134,5155,0,2,0
1,3,1,1,14,0.023324680999394332,0.023248999999999999,0,29245440,NA,NA,NA,NA,NA,NA,NA,NA,247896,280189,4101,1,cf0f1cc1e290dce65809b3140c6f2dc9062a9f452120988a3a869e7faab69134,5155,0,2,0
1,3,0,0,1,0.017766265000318526,0.012770999999999999,0.0049119999999999997,22487040,NA,NA,NA,NA,NA,NA,NA,NA,2056,133,5,1,6b21b079ef6f8f7f055926600e53b906dd7be041e021dd2791b7aa8c55e24585,3543,0,2,0
1,3,1,1,1,0.015538316999482049,0.007672,0.007796,22523904,NA,NA,NA,NA,NA,NA,NA,NA,2056,133,5,1,6b21b079ef6f8f7f055926600e53b906dd7be041e021dd2791b7aa8c55e24585,3552,0,2,0
1,3,0,0,13,0.023394954999275797,0.019682999999999999,0.0036309999999999997,29474816,NA,NA,NA,NA,NA,NA,NA,NA,313536,280189,4101,1,5a04cd3dab823e43a4d317f4a27057eec5b1fcaecf9843229a14a897b95f1f29,5226,0,2,0
1,3,1,1,13,0.025432836999243591,0.021475999999999999,0.0038509999999999998,29900800,NA,NA,NA,NA,NA,NA,NA,NA,313536,280189,4101,1,5a04cd3dab823e43a4d317f4a27057eec5b1fcaecf9843229a14a897b95f1f29,5239,0,2,1
1,3,0,0,21,0.10339649799971085,0.084673999999999999,0.018612,64278528,NA,NA,NA,NA,NA,NA,NA,NA,2209528,711531,19202,64,955dcf7525f03629d689feea1585905e0b8700805efb32f241197b1ebcb41ffa,13617,0,2,0
1,3,1,1,21,0.10145641399958549,0.081770999999999996,0.019563000000000001,64737280,NA,NA,NA,NA,NA,NA,NA,NA,2209528,711531,19202,64,955dcf7525f03629d689feea1585905e0b8700805efb32f241197b1ebcb41ffa,13624,0,2,0
1,3,0,0,9,0.023567361000459641,0.014329,0.0090969999999999992,28348416,NA,NA,NA,NA,NA,NA,NA,NA,147280,39898,2049,512,02ee45f00f5fa967779eb017bd9c1965526161af8ee6a0f23a31a68b3dbbac77,4978,0,2,1
1,3,1,1,9,0.024842677999913576,0.011288999999999999,0.013457999999999999,28930048,NA,NA,NA,NA,NA,NA,NA,NA,147280,39898,2049,512,02ee45f00f5fa967779eb017bd9c1965526161af8ee6a0f23a31a68b3dbbac77,4994,0,2,0
1,3,0,0,20,0.14864630200008833,0.12212099999999999,0.026178,64401408,NA,NA,NA,NA,NA,NA,NA,NA,1746680,711531,19202,64,e4041ce2b5b6df572ca4d0ca66e6006ad368116646e82963f7e9550b84ab78ca,13665,0,2,0
1,3,1,1,20,0.17122808400017675,0.14978,0.021155999999999998,64262144,NA,NA,NA,NA,NA,NA,NA,NA,1746680,711531,19202,64,e4041ce2b5b6df572ca4d0ca66e6006ad368116646e82963f7e9550b84ab78ca,13666,0,2,9
1,3,0,0,10,0.033419863000744954,0.030074999999999998,0.0032009999999999999,28344320,NA,NA,NA,NA,NA,NA,NA,NA,106320,39898,2049,512,7b8f1ead52d1f75ea51a9518f4611f96b3105a83b8e9ff16958705114f2a13b3,4957,0,2,0
1,3,1,1,10,0.024608056000033685,0.016031999999999998,0.008482,28184576,NA,NA,NA,NA,NA,NA,NA,NA,106320,39898,2049,512,7b8f1ead52d1f75ea51a9518f4611f96b3105a83b8e9ff16958705114f2a13b3,4955,0,2,0
1,3,0,1,16,0.085902746000101615,0.070380999999999999,0.015413,42233856,NA,NA,NA,NA,NA,NA,NA,NA,1083024,235398,3329,64,5916968f62e510f778d0d1e3d1fe7cb78db1f7fd7a3ef52fe1a3aefaf683922d,8302,0,2,1
1,3,1,0,16,0.084298646000206645,0.065388000000000002,0.018815999999999999,42168320,NA,NA,NA,NA,NA,NA,NA,NA,1083024,235398,3329,64,5916968f62e510f778d0d1e3d1fe7cb78db1f7fd7a3ef52fe1a3aefaf683922d,8304,0,2,0
1,3,0,0,22,0.10124347800046962,0.08030699999999999,0.020812999999999998,61927424,NA,NA,NA,NA,NA,NA,NA,NA,1433848,711531,19202,64,7fe8e0e1367c4dc75afe736c0ee35e3a3755c0152301f3880ce2412132a22623,13044,0,2,0
1,3,1,1,22,0.10879663299965614,0.085040999999999992,0.023427999999999997,62050304,NA,NA,NA,NA,NA,NA,NA,NA,1433848,711531,19202,64,7fe8e0e1367c4dc75afe736c0ee35e3a3755c0152301f3880ce2412132a22623,13046,0,2,1
1,3,0,0,15,0.026206583000202954,0.026078999999999998,0,29253632,NA,NA,NA,NA,NA,NA,NA,NA,247896,280189,4101,1,cf0f1cc1e290dce65809b3140c6f2dc9062a9f452120988a3a869e7faab69134,5190,0,2,0
1,3,1,1,15,0.026835096000468184,0.018075000000000001,0.0086160000000000004,29650944,NA,NA,NA,NA,NA,NA,NA,NA,247896,280189,4101,1,cf0f1cc1e290dce65809b3140c6f2dc9062a9f452120988a3a869e7faab69134,5190,0,2,0
1,3,0,1,23,0.12038454200046544,0.09672299999999999,0.023562,62296064,NA,NA,NA,NA,NA,NA,NA,NA,1433848,711531,19202,64,7fe8e0e1367c4dc75afe736c0ee35e3a3755c0152301f3880ce2412132a22623,13112,0,2,0
1,3,1,0,23,0.11976448099994741,0.100052,0.019588999999999999,62279680,NA,NA,NA,NA,NA,NA,NA,NA,1433848,711531,19202,64,7fe8e0e1367c4dc75afe736c0ee35e3a3755c0152301f3880ce2412132a22623,13108,0,2,0
1,3,0,0,17,0.060576654999749735,0.049166999999999995,0.011287,40562688,NA,NA,NA,NA,NA,NA,NA,NA,1009296,235398,3329,64,38ac9f9d8df5158b7a074eaf4b5e0c874f05fd31c535c3796e06db0d216a0323,7934,0,2,0
1,3,1,1,17,0.0648114159994293,0.052738999999999994,0.011949,40972288,NA,NA,NA,NA,NA,NA,NA,NA,1009296,235398,3329,64,38ac9f9d8df5158b7a074eaf4b5e0c874f05fd31c535c3796e06db0d216a0323,7932,0,2,1
1,3,0,1,2,0.022408005999750458,0.011288999999999999,0.010992999999999999,23040000,NA,NA,NA,NA,NA,NA,NA,NA,2008,133,5,1,8210b4f6eac12a20575e673437437e82cfff653da437ea17992a3aed56a99207,3559,0,2,0
1,3,1,0,2,0.019005554000614211,0.0093169999999999989,0.0096019999999999994,22867968,NA,NA,NA,NA,NA,NA,NA,NA,2008,133,5,1,8210b4f6eac12a20575e673437437e82cfff653da437ea17992a3aed56a99207,3553,0,2,0
1,3,0,0,7,0.028847278000284859,0.025696,0.0030669999999999998,28229632,NA,NA,NA,NA,NA,NA,NA,NA,126024,51085,1029,1,d6479df97612ac41a8966333a6ef58076a32dad29a20f6bc64e0a5b65673088c,4984,0,2,0
1,3,1,1,7,0.025548796000293805,0.014284999999999999,0.011179999999999999,28327936,NA,NA,NA,NA,NA,NA,NA,NA,126024,51085,1029,1,d6479df97612ac41a8966333a6ef58076a32dad29a20f6bc64e0a5b65673088c,4991,0,2,0
1,3,0,0,6,0.023670978000154719,0.015540999999999999,0.0080450000000000001,28798976,NA,NA,NA,NA,NA,NA,NA,NA,126024,51085,1029,1,d6479df97612ac41a8966333a6ef58076a32dad29a20f6bc64e0a5b65673088c,4942,0,2,0
1,3,1,1,6,0.024938348999967275,0.016284,0.0085709999999999988,28598272,NA,NA,NA,NA,NA,NA,NA,NA,126024,51085,1029,1,d6479df97612ac41a8966333a6ef58076a32dad29a20f6bc64e0a5b65673088c,4943,0,2,0
1,3,0,1,5,0.026689368000006652,0.021700000000000001,0.0048709999999999995,28311552,NA,NA,NA,NA,NA,NA,NA,NA,192736,51085,1029,1,98c15b8b4636441c6e839c68a3bed9dee3bd8ae062882739073db7b7ed7d66f3,4975,0,2,0
1,3,1,0,5,0.026453152999238227,0.012383,0.013982,28762112,NA,NA,NA,NA,NA,NA,NA,NA,192736,51085,1029,1,98c15b8b4636441c6e839c68a3bed9dee3bd8ae062882739073db7b7ed7d66f3,4977,0,2,0
1,3,0,1,11,0.024407674000030966,0.017197,0.0071339999999999997,28315648,NA,NA,NA,NA,NA,NA,NA,NA,106320,39898,2049,512,7b8f1ead52d1f75ea51a9518f4611f96b3105a83b8e9ff16958705114f2a13b3,4958,0,2,0
1,3,1,0,11,0.022125825999864901,0.022033999999999998,0,28614656,NA,NA,NA,NA,NA,NA,NA,NA,106320,39898,2049,512,7b8f1ead52d1f75ea51a9518f4611f96b3105a83b8e9ff16958705114f2a13b3,4961,0,2,0
1,3,0,1,3,0.015898917999948026,0.011821,0.0040070000000000001,22605824,NA,NA,NA,NA,NA,NA,NA,NA,2008,133,5,1,8210b4f6eac12a20575e673437437e82cfff653da437ea17992a3aed56a99207,3553,0,2,0
1,3,1,0,3,0.016292576000523695,0.012270999999999999,0.003947,22867968,NA,NA,NA,NA,NA,NA,NA,NA,2008,133,5,1,8210b4f6eac12a20575e673437437e82cfff653da437ea17992a3aed56a99207,3552,0,2,0
1,3,0,1,8,0.025665139999546227,0.022255,0.0033,29523968,NA,NA,NA,NA,NA,NA,NA,NA,98128,39898,2049,512,d54e0d3e437f1319c5e0037da4750229225984f79f1ebd587b1323affae587ab,5481,0,2,0
1,3,1,0,8,0.023243227999955707,0.015415999999999999,0.0077529999999999995,29724672,NA,NA,NA,NA,NA,NA,NA,NA,98128,39898,2049,512,d54e0d3e437f1319c5e0037da4750229225984f79f1ebd587b1323affae587ab,5482,0,2,0
1,3,0,0,18,0.04756319500029349,0.035581000000000002,0.011908999999999999,40316928,NA,NA,NA,NA,NA,NA,NA,NA,742032,235398,3329,64,bbb3d34b2aa5abdd298d84b8be032ee0c65ab3dbe74b5d4f0ba0963e99614893,7777,0,2,0
1,3,1,1,18,0.052433535000091069,0.039854000000000001,0.012374,40210432,NA,NA,NA,NA,NA,NA,NA,NA,742032,235398,3329,64,bbb3d34b2aa5abdd298d84b8be032ee0c65ab3dbe74b5d4f0ba0963e99614893,7773,0,2,0
1,3,0,0,0,0.018123244999515009,0.014145999999999999,0.003875,22732800,NA,NA,NA,NA,NA,NA,NA,NA,2008,133,5,1,a8c1633e798ef980493443e67e6fdb6eada42f775edf7051d304d09c3ddadf5a,3567,0,2,0
1,3,1,1,0,0.019322831999488699,0.018745999999999999,0,22937600,NA,NA,NA,NA,NA,NA,NA,NA,2008,133,5,1,a8c1633e798ef980493443e67e6fdb6eada42f775edf7051d304d09c3ddadf5a,3572,0,2,2
1,3,0,1,19,0.055861910999738029,0.039771000000000001,0.016014999999999998,39931904,NA,NA,NA,NA,NA,NA,NA,NA,742032,235398,3329,64,bbb3d34b2aa5abdd298d84b8be032ee0c65ab3dbe74b5d4f0ba0963e99614893,7761,0,2,0
1,3,1,0,19,0.048189825999543245,0.035990000000000001,0.012114999999999999,40210432,NA,NA,NA,NA,NA,NA,NA,NA,742032,235398,3329,64,bbb3d34b2aa5abdd298d84b8be032ee0c65ab3dbe74b5d4f0ba0963e99614893,7767,0,2,0
1,3,0,0,4,0.034786870000061754,0.027035999999999998,0.0076530000000000001,26521600,NA,NA,NA,NA,NA,NA,NA,NA,163920,51085,1029,1,3469c6c02ad818b9b840f744b74781f39d0d6d69319fb824d729f7875274b381,4521,0,2,0
1,3,1,1,4,0.035195242000554572,0.031236,0.003882,26513408,NA,NA,NA,NA,NA,NA,NA,NA,163920,51085,1029,1,3469c6c02ad818b9b840f744b74781f39d0d6d69319fb824d729f7875274b381,4518,0,2,0
1,3,0,1,12,0.037497543999961636,0.03737,0,28581888,NA,NA,NA,NA,NA,NA,NA,NA,313424,280189,4101,1,0f9e44f960c45a3ca86cde574970381ef909d64a6bb2d20a17395bced584502a,5030,0,2,0
1,3,1,0,12,0.037881269000536122,0.020597000000000001,0.017087999999999999,28573696,NA,NA,NA,NA,NA,NA,NA,NA,313424,280189,4101,1,0f9e44f960c45a3ca86cde574970381ef909d64a6bb2d20a17395bced584502a,5027,0,2,1
1,4,0,0,6,0.024737845999879937,0.020303999999999999,0.0043169999999999997,28643328,NA,NA,NA,NA,NA,NA,NA,NA,126024,51085,1029,1,d6479df97612ac41a8966333a6ef58076a32dad29a20f6bc64e0a5b65673088c,4943,0,2,1
1,4,1,1,6,0.025919836999491963,0.014858999999999999,0.010976,28766208,NA,NA,NA,NA,NA,NA,NA,NA,126024,51085,1029,1,d6479df97612ac41a8966333a6ef58076a32dad29a20f6bc64e0a5b65673088c,4944,0,2,0
1,4,0,1,15,0.02443029700043553,0.016125,0.0082179999999999996,29777920,NA,NA,NA,NA,NA,NA,NA,NA,247896,280189,4101,1,cf0f1cc1e290dce65809b3140c6f2dc9062a9f452120988a3a869e7faab69134,5195,0,2,0
1,4,1,0,15,0.02352621999943949,0.018936999999999999,0.0045049999999999995,29790208,NA,NA,NA,NA,NA,NA,NA,NA,247896,280189,4101,1,cf0f1cc1e290dce65809b3140c6f2dc9062a9f452120988a3a869e7faab69134,5197,0,2,0
1,4,0,1,17,0.059275487999912002,0.055315999999999997,0.0038799999999999998,40427520,NA,NA,NA,NA,NA,NA,NA,NA,1009296,235398,3329,64,38ac9f9d8df5158b7a074eaf4b5e0c874f05fd31c535c3796e06db0d216a0323,7926,0,2,0
1,4,1,0,17,0.059093347000271024,0.051066,0.0079419999999999994,40878080,NA,NA,NA,NA,NA,NA,NA,NA,1009296,235398,3329,64,38ac9f9d8df5158b7a074eaf4b5e0c874f05fd31c535c3796e06db0d216a0323,7934,0,2,0
1,4,0,1,11,0.025446556999668246,0.0070739999999999996,0.017949,28651520,NA,NA,NA,NA,NA,NA,NA,NA,106320,39898,2049,512,7b8f1ead52d1f75ea51a9518f4611f96b3105a83b8e9ff16958705114f2a13b3,4959,0,2,1
1,4,1,0,11,0.027840186000503309,0.021599999999999998,0.0060590000000000001,28356608,NA,NA,NA,NA,NA,NA,NA,NA,106320,39898,2049,512,7b8f1ead52d1f75ea51a9518f4611f96b3105a83b8e9ff16958705114f2a13b3,4959,0,2,1
1,4,0,1,12,0.051891924000301515,0.042623000000000001,0.0091459999999999996,28532736,NA,NA,NA,NA,NA,NA,NA,NA,313424,280189,4101,1,0f9e44f960c45a3ca86cde574970381ef909d64a6bb2d20a17395bced584502a,5029,0,2,0
1,4,1,0,12,0.10208108799997717,0.077226000000000003,0.024621999999999998,28770304,NA,NA,NA,NA,NA,NA,NA,NA,313424,280189,4101,1,0f9e44f960c45a3ca86cde574970381ef909d64a6bb2d20a17395bced584502a,5024,0,2,1
1,4,0,0,23,0.12276115899931028,0.103612,0.019022999999999998,62279680,NA,NA,NA,NA,NA,NA,NA,NA,1433848,711531,19202,64,7fe8e0e1367c4dc75afe736c0ee35e3a3755c0152301f3880ce2412132a22623,13109,0,2,1
1,4,1,1,23,0.11579413799972826,0.10351299999999999,0.012175,62717952,NA,NA,NA,NA,NA,NA,NA,NA,1433848,711531,19202,64,7fe8e0e1367c4dc75afe736c0ee35e3a3755c0152301f3880ce2412132a22623,13114,0,2,0
1,4,0,1,19,0.056864877999942109,0.049229999999999996,0.0074919999999999995,39858176,NA,NA,NA,NA,NA,NA,NA,NA,742032,235398,3329,64,bbb3d34b2aa5abdd298d84b8be032ee0c65ab3dbe74b5d4f0ba0963e99614893,7756,0,2,2
1,4,1,0,19,0.050420743999893602,0.041731999999999998,0.0085889999999999994,40337408,NA,NA,NA,NA,NA,NA,NA,NA,742032,235398,3329,64,bbb3d34b2aa5abdd298d84b8be032ee0c65ab3dbe74b5d4f0ba0963e99614893,7770,0,2,0
1,4,0,0,3,0.016459768000459007,0.012232999999999999,0.0041310000000000001,22597632,NA,NA,NA,NA,NA,NA,NA,NA,2008,133,5,1,8210b4f6eac12a20575e673437437e82cfff653da437ea17992a3aed56a99207,3554,0,2,0
1,4,1,1,3,0.016208230999836815,0.012085,0.0040439999999999999,22413312,NA,NA,NA,NA,NA,NA,NA,NA,2008,133,5,1,8210b4f6eac12a20575e673437437e82cfff653da437ea17992a3aed56a99207,3546,0,2,0
1,4,0,0,16,0.076135184999657213,0.060241999999999997,0.015629999999999998,42274816,NA,NA,NA,NA,NA,NA,NA,NA,1083024,235398,3329,64,5916968f62e510f778d0d1e3d1fe7cb78db1f7fd7a3ef52fe1a3aefaf683922d,8307,0,2,0
1,4,1,1,16,0.081021109000175784,0.068261000000000002,0.012645999999999999,41955328,NA,NA,NA,NA,NA,NA,NA,NA,1083024,235398,3329,64,5916968f62e510f778d0d1e3d1fe7cb78db1f7fd7a3ef52fe1a3aefaf683922d,8295,0,2,0
1,4,0,0,1,0.017121381999459118,0.0083420000000000005,0.0086819999999999987,23031808,NA,NA,NA,NA,NA,NA,NA,NA,2056,133,5,1,6b21b079ef6f8f7f055926600e53b906dd7be041e021dd2791b7aa8c55e24585,3560,0,2,1
1,4,1,1,1,0.035061212000073283,0.019868,0.015108,22597632,NA,NA,NA,NA,NA,NA,NA,NA,2056,133,5,1,6b21b079ef6f8f7f055926600e53b906dd7be041e021dd2791b7aa8c55e24585,3553,0,2,0
1,4,0,0,10,0.022719483999935619,0.017738,0.0045389999999999996,28135424,NA,NA,NA,NA,NA,NA,NA,NA,106320,39898,2049,512,7b8f1ead52d1f75ea51a9518f4611f96b3105a83b8e9ff16958705114f2a13b3,4956,0,2,0
1,4,1,1,10,0.025373538000167173,0.023424,0.0018499999999999999,28184576,NA,NA,NA,NA,NA,NA,NA,NA,106320,39898,2049,512,7b8f1ead52d1f75ea51a9518f4611f96b3105a83b8e9ff16958705114f2a13b3,4957,0,2,0
1,4,0,0,7,0.022624503999395529,0.022540999999999999,0,28487680,NA,NA,NA,NA,NA,NA,NA,NA,126024,51085,1029,1,d6479df97612ac41a8966333a6ef58076a32dad29a20f6bc64e0a5b65673088c,4988,0,2,0
1,4,1,1,7,0.026376820000223233,0.015529999999999999,0.010766,28446720,NA,NA,NA,NA,NA,NA,NA,NA,126024,51085,1029,1,d6479df97612ac41a8966333a6ef58076a32dad29a20f6bc64e0a5b65673088c,4994,0,2,0
1,4,0,1,0,0.024780515000202286,0.015007,0.0096889999999999997,22720512,NA,NA,NA,NA,NA,NA,NA,NA,2008,133,5,1,a8c1633e798ef980493443e67e6fdb6eada42f775edf7051d304d09c3ddadf5a,3569,0,2,0
1,4,1,0,0,0.015767611000228499,0.0078689999999999993,0.0078109999999999994,22720512,NA,NA,NA,NA,NA,NA,NA,NA,2008,133,5,1,a8c1633e798ef980493443e67e6fdb6eada42f775edf7051d304d09c3ddadf5a,3577,0,2,0
1,4,0,0,18,0.052359595999405428,0.048298000000000001,0.0039870000000000001,40366080,NA,NA,NA,NA,NA,NA,NA,NA,742032,235398,3329,64,bbb3d34b2aa5abdd298d84b8be032ee0c65ab3dbe74b5d4f0ba0963e99614893,7771,0,2,0
1,4,1,1,18,0.056603748000270571,0.048381999999999994,0.0081169999999999992,39915520,NA,NA,NA,NA,NA,NA,NA,NA,742032,235398,3329,64,bbb3d34b2aa5abdd298d84b8be032ee0c65ab3dbe74b5d4f0ba0963e99614893,7763,0,2,1
1,4,0,0,2,0.016778321999481705,0.016691000000000001,0,22589440,NA,NA,NA,NA,NA,NA,NA,NA,2008,133,5,1,8210b4f6eac12a20575e673437437e82cfff653da437ea17992a3aed56a99207,3551,0,2,0
1,4,1,1,2,0.018079881000630849,0.0096699999999999998,0.0083339999999999994,23031808,NA,NA,NA,NA,NA,NA,NA,NA,2008,133,5,1,8210b4f6eac12a20575e673437437e82cfff653da437ea17992a3aed56a99207,3559,0,2,0
1,4,0,0,14,0.024274876999697881,0.024177999999999998,0,29638656,NA,NA,NA,NA,NA,NA,NA,NA,247896,280189,4101,1,cf0f1cc1e290dce65809b3140c6f2dc9062a9f452120988a3a869e7faab69134,5160,0,2,0
1,4,1,1,14,0.03142403300080332,0.027680999999999997,0.0036589999999999999,29712384,NA,NA,NA,NA,NA,NA,NA,NA,247896,280189,4101,1,cf0f1cc1e290dce65809b3140c6f2dc9062a9f452120988a3a869e7faab69134,5154,0,2,0
1,4,0,1,13,0.06316257999969821,0.037357000000000001,0.025006999999999998,29630464,NA,NA,NA,NA,NA,NA,NA,NA,313536,280189,4101,1,5a04cd3dab823e43a4d317f4a27057eec5b1fcaecf9843229a14a897b95f1f29,5235,0,2,0
1,4,1,0,13,0.026429411000208347,0.014919999999999999,0.011424999999999999,30052352,NA,NA,NA,NA,NA,NA,NA,NA,313536,280189,4101,1,5a04cd3dab823e43a4d317f4a27057eec5b1fcaecf9843229a14a897b95f1f29,5240,0,2,0
1,4,0,1,22,0.10422576099972503,0.082115999999999995,0.022015,62504960,NA,NA,NA,NA,NA,NA,NA,NA,1433848,711531,19202,64,7fe8e0e1367c4dc75afe736c0ee35e3a3755c0152301f3880ce2412132a22623,13047,0,2,0
1,4,1,0,22,0.10022046499943826,0.084094000000000002,0.016001999999999999,62418944,NA,NA,NA,NA,NA,NA,NA,NA,1433848,711531,19202,64,7fe8e0e1367c4dc75afe736c0ee35e3a3755c0152301f3880ce2412132a22623,13049,0,2,1
1,4,0,0,8,0.028567070000462991,0.020534,0.0079179999999999997,29495296,NA,NA,NA,NA,NA,NA,NA,NA,98128,39898,2049,512,d54e0d3e437f1319c5e0037da4750229225984f79f1ebd587b1323affae587ab,5481,0,2,0
1,4,1,1,8,0.024211128000388271,0.020111999999999998,0.0039899999999999996,29536256,NA,NA,NA,NA,NA,NA,NA,NA,98128,39898,2049,512,d54e0d3e437f1319c5e0037da4750229225984f79f1ebd587b1323affae587ab,5474,0,2,0
1,4,0,0,5,0.024253608999970311,0.016049999999999998,0.0081139999999999997,28753920,NA,NA,NA,NA,NA,NA,NA,NA,192736,51085,1029,1,98c15b8b4636441c6e839c68a3bed9dee3bd8ae062882739073db7b7ed7d66f3,4974,0,2,0
1,4,1,1,5,0.02309925800000201,0.022987,0,28774400,NA,NA,NA,NA,NA,NA,NA,NA,192736,51085,1029,1,98c15b8b4636441c6e839c68a3bed9dee3bd8ae062882739073db7b7ed7d66f3,4973,0,2,0
1,4,0,0,21,0.097492174000763043,0.084894999999999998,0.012492,64675840,NA,NA,NA,NA,NA,NA,NA,NA,2209528,711531,19202,64,955dcf7525f03629d689feea1585905e0b8700805efb32f241197b1ebcb41ffa,13614,0,2,0
1,4,1,1,21,0.11967077899953438,0.10524199999999999,0.014234,64733184,NA,NA,NA,NA,NA,NA,NA,NA,2209528,711531,19202,64,955dcf7525f03629d689feea1585905e0b8700805efb32f241197b1ebcb41ffa,13623,0,2,1
1,4,0,0,4,0.036248956000235921,0.032001999999999996,0.0040899999999999999,26558464,NA,NA,NA,NA,NA,NA,NA,NA,163920,51085,1029,1,3469c6c02ad818b9b840f744b74781f39d0d6d69319fb824d729f7875274b381,4512,0,2,0
1,4,1,1,4,0.036889262999466155,0.032548000000000001,0.004254,26558464,NA,NA,NA,NA,NA,NA,NA,NA,163920,51085,1029,1,3469c6c02ad818b9b840f744b74781f39d0d6d69319fb824d729f7875274b381,4514,0,2,0
1,4,0,0,20,0.15558135700030107,0.13952000000000001,0.015928999999999999,64401408,NA,NA,NA,NA,NA,NA,NA,NA,1746680,711531,19202,64,e4041ce2b5b6df572ca4d0ca66e6006ad368116646e82963f7e9550b84ab78ca,13667,0,2,1
1,4,1,1,20,0.1708694690005359,0.140852,0.029866999999999998,64229376,NA,NA,NA,NA,NA,NA,NA,NA,1746680,711531,19202,64,e4041ce2b5b6df572ca4d0ca66e6006ad368116646e82963f7e9550b84ab78ca,13656,0,2,0
1,4,0,0,9,0.025342176000776817,0.016541999999999998,0.0083420000000000005,28393472,NA,NA,NA,NA,NA,NA,NA,NA,147280,39898,2049,512,02ee45f00f5fa967779eb017bd9c1965526161af8ee6a0f23a31a68b3dbbac77,4979,0,2,0
1,4,1,1,9,0.025713942000038514,0.016812000000000001,0.0088179999999999994,28778496,NA,NA,NA,NA,NA,NA,NA,NA,147280,39898,2049,512,02ee45f00f5fa967779eb017bd9c1965526161af8ee6a0f23a31a68b3dbbac77,4986,0,2,0
1,5,0,0,19,0.048223934999441553,0.040139999999999995,0.008003999999999999,40316928,NA,NA,NA,NA,NA,NA,NA,NA,742032,235398,3329,64,bbb3d34b2aa5abdd298d84b8be032ee0c65ab3dbe74b5d4f0ba0963e99614893,7768,0,2,0
1,5,1,1,19,0.050891369999590097,0.034749999999999996,0.016063000000000001,39899136,NA,NA,NA,NA,NA,NA,NA,NA,742032,235398,3329,64,bbb3d34b2aa5abdd298d84b8be032ee0c65ab3dbe74b5d4f0ba0963e99614893,7753,0,2,0
1,5,0,0,13,0.023698540000623325,0.018789,0.0048170000000000001,29913088,NA,NA,NA,NA,NA,NA,NA,NA,313536,280189,4101,1,5a04cd3dab823e43a4d317f4a27057eec5b1fcaecf9843229a14a897b95f1f29,5239,0,2,0
1,5,1,1,13,0.024824188999446051,0.020390999999999999,0.0043200000000000001,30093312,NA,NA,NA,NA,NA,NA,NA,NA,313536,280189,4101,1,5a04cd3dab823e43a4d317f4a27057eec5b1fcaecf9843229a14a897b95f1f29,5242,0,2,0
1,5,0,0,0,0.018214403999991191,0.008456,0.0096080000000000002,22917120,NA,NA,NA,NA,NA,NA,NA,NA,2008,133,5,1,a8c1633e798ef980493443e67e6fdb6eada42f775edf7051d304d09c3ddadf5a,3578,0,2,1
1,5,1,1,0,0.018469926000761916,0.014398999999999999,0.0039909999999999998,22806528,NA,NA,NA,NA,NA,NA,NA,NA,2008,133,5,1,a8c1633e798ef980493443e67e6fdb6eada42f775edf7051d304d09c3ddadf5a,3570,0,2,0
1,5,0,0,11,0.021974262000185263,0.013405,0.0084689999999999991,28356608,NA,NA,NA,NA,NA,NA,NA,NA,106320,39898,2049,512,7b8f1ead52d1f75ea51a9518f4611f96b3105a83b8e9ff16958705114f2a13b3,4950,0,2,0
1,5,1,1,11,0.020894795999993221,0.020799999999999999,0,28356608,NA,NA,NA,NA,NA,NA,NA,NA,106320,39898,2049,512,7b8f1ead52d1f75ea51a9518f4611f96b3105a83b8e9ff16958705114f2a13b3,4957,0,2,1
1,5,0,1,23,0.11964617500052555,0.091258999999999993,0.028308,62779392,NA,NA,NA,NA,NA,NA,NA,NA,1433848,711531,19202,64,7fe8e0e1367c4dc75afe736c0ee35e3a3755c0152301f3880ce2412132a22623,13121,0,2,0
1,5,1,0,23,0.11429475300064951,0.089332999999999996,0.024794999999999998,62713856,NA,NA,NA,NA,NA,NA,NA,NA,1433848,711531,19202,64,7fe8e0e1367c4dc75afe736c0ee35e3a3755c0152301f3880ce2412132a22623,13121,0,2,4
1,5,0,1,3,0.019637264999801118,0.019517,0,22511616,NA,NA,NA,NA,NA,NA,NA,NA,2008,133,5,1,8210b4f6eac12a20575e673437437e82cfff653da437ea17992a3aed56a99207,3553,0,2,0
1,5,1,0,3,0.016428901999461232,0.012258999999999999,0.0040799999999999994,23052288,NA,NA,NA,NA,NA,NA,NA,NA,2008,133,5,1,8210b4f6eac12a20575e673437437e82cfff653da437ea17992a3aed56a99207,3556,0,2,1
1,5,0,0,12,0.035965250000117521,0.027791999999999997,0.0080909999999999992,28696576,NA,NA,NA,NA,NA,NA,NA,NA,313424,280189,4101,1,0f9e44f960c45a3ca86cde574970381ef909d64a6bb2d20a17395bced584502a,5025,0,2,0
1,5,1,1,12,0.039107071999751497,0.023231999999999999,0.015774,28557312,NA,NA,NA,NA,NA,NA,NA,NA,313424,280189,4101,1,0f9e44f960c45a3ca86cde574970381ef909d64a6bb2d20a17395bced584502a,5029,0,2,1
1,5,0,1,21,0.10315078199982963,0.079396999999999995,0.023668999999999999,64692224,NA,NA,NA,NA,NA,NA,NA,NA,2209528,711531,19202,64,955dcf7525f03629d689feea1585905e0b8700805efb32f241197b1ebcb41ffa,13622,0,2,0
1,5,1,0,21,0.10986478900031216,0.066085999999999992,0.043649,64688128,NA,NA,NA,NA,NA,NA,NA,NA,2209528,711531,19202,64,955dcf7525f03629d689feea1585905e0b8700805efb32f241197b1ebcb41ffa,13620,0,2,1
1,5,0,1,20,0.16826484900047944,0.14015,0.027954999999999997,64221184,NA,NA,NA,NA,NA,NA,NA,NA,1746680,711531,19202,64,e4041ce2b5b6df572ca4d0ca66e6006ad368116646e82963f7e9550b84ab78ca,13660,0,2,1
1,5,1,0,20,0.15500081999925897,0.12662099999999998,0.028240999999999999,64245760,NA,NA,NA,NA,NA,NA,NA,NA,1746680,711531,19202,64,e4041ce2b5b6df572ca4d0ca66e6006ad368116646e82963f7e9550b84ab78ca,13664,0,2,1
1,5,0,1,18,0.055455155000345258,0.043723999999999999,0.011604,40382464,NA,NA,NA,NA,NA,NA,NA,NA,742032,235398,3329,64,bbb3d34b2aa5abdd298d84b8be032ee0c65ab3dbe74b5d4f0ba0963e99614893,7770,0,2,0
1,5,1,0,18,0.052122434000011708,0.039662999999999997,0.011856999999999999,40288256,NA,NA,NA,NA,NA,NA,NA,NA,742032,235398,3329,64,bbb3d34b2aa5abdd298d84b8be032ee0c65ab3dbe74b5d4f0ba0963e99614893,7776,0,2,2
1,5,0,0,17,0.09096738800053572,0.069915999999999992,0.020660999999999999,40562688,NA,NA,NA,NA,NA,NA,NA,NA,1009296,235398,3329,64,38ac9f9d8df5158b7a074eaf4b5e0c874f05fd31c535c3796e06db0d216a0323,7934,0,2,0
1,5,1,1,17,0.075764379000247573,0.057213999999999994,0.018376,40439808,NA,NA,NA,NA,NA,NA,NA,NA,1009296,235398,3329,64,38ac9f9d8df5158b7a074eaf4b5e0c874f05fd31c535c3796e06db0d216a0323,7930,0,2,0
1,5,0,0,22,0.11306057700039673,0.095831,0.017058999999999998,62033920,NA,NA,NA,NA,NA,NA,NA,NA,1433848,711531,19202,64,7fe8e0e1367c4dc75afe736c0ee35e3a3755c0152301f3880ce2412132a22623,13045,0,2,1
1,5,1,1,22,0.10690839000017149,0.079191999999999999,0.02758,62484480,NA,NA,NA,NA,NA,NA,NA,NA,1433848,711531,19202,64,7fe8e0e1367c4dc75afe736c0ee35e3a3755c0152301f3880ce2412132a22623,13052,0,2,0
1,5,0,1,2,0.019760676999794669,0.011533,0.0080940000000000005,22982656,NA,NA,NA,NA,NA,NA,NA,NA,2008,133,5,1,8210b4f6eac12a20575e673437437e82cfff653da437ea17992a3aed56a99207,3556,0,2,0
1,5,1,0,2,0.017458701000578003,0.008905999999999999,0.0084499999999999992,23031808,NA,NA,NA,NA,NA,NA,NA,NA,2008,133,5,1,8210b4f6eac12a20575e673437437e82cfff653da437ea17992a3aed56a99207,3559,0,2,0
1,5,0,1,8,0.028944855000190728,0.020781999999999998,0.008064,29683712,NA,NA,NA,NA,NA,NA,NA,NA,98128,39898,2049,512,d54e0d3e437f1319c5e0037da4750229225984f79f1ebd587b1323affae587ab,5484,0,2,0
1,5,1,0,8,0.031485483000324166,0.018931,0.012338,29495296,NA,NA,NA,NA,NA,NA,NA,NA,98128,39898,2049,512,d54e0d3e437f1319c5e0037da4750229225984f79f1ebd587b1323affae587ab,5481,0,2,1
1,5,0,1,4,0.037195179000264034,0.032938999999999996,0.0041649999999999994,26464256,NA,NA,NA,NA,NA,NA,NA,NA,163920,51085,1029,1,3469c6c02ad818b9b840f744b74781f39d0d6d69319fb824d729f7875274b381,4515,0,2,0
1,5,1,0,4,0.040276398000059999,0.031205,0.0089029999999999995,26464256,NA,NA,NA,NA,NA,NA,NA,NA,163920,51085,1029,1,3469c6c02ad818b9b840f744b74781f39d0d6d69319fb824d729f7875274b381,4514,0,2,0
1,5,0,1,1,0.017768128000170691,0.010515,0.007025,22974464,NA,NA,NA,NA,NA,NA,NA,NA,2056,133,5,1,6b21b079ef6f8f7f055926600e53b906dd7be041e021dd2791b7aa8c55e24585,3555,0,2,0
1,5,1,0,1,0.021981057000630244,0.01256,0.0092849999999999999,22511616,NA,NA,NA,NA,NA,NA,NA,NA,2056,133,5,1,6b21b079ef6f8f7f055926600e53b906dd7be041e021dd2791b7aa8c55e24585,3553,0,2,0
1,5,0,1,5,0.034201110999674711,0.028312999999999998,0.00579,28864512,NA,NA,NA,NA,NA,NA,NA,NA,192736,51085,1029,1,98c15b8b4636441c6e839c68a3bed9dee3bd8ae062882739073db7b7ed7d66f3,4979,0,2,0
1,5,1,0,5,0.032110039000144752,0.027208,0.0047959999999999999,28385280,NA,NA,NA,NA,NA,NA,NA,NA,192736,51085,1029,1,98c15b8b4636441c6e839c68a3bed9dee3bd8ae062882739073db7b7ed7d66f3,4972,0,2,0
1,5,0,0,15,0.026815868999619852,0.019021,0.0075269999999999998,29253632,NA,NA,NA,NA,NA,NA,NA,NA,247896,280189,4101,1,cf0f1cc1e290dce65809b3140c6f2dc9062a9f452120988a3a869e7faab69134,5192,0,2,1
1,5,1,1,15,0.048853838000468386,0.036963999999999997,0.011793999999999999,29343744,NA,NA,NA,NA,NA,NA,NA,NA,247896,280189,4101,1,cf0f1cc1e290dce65809b3140c6f2dc9062a9f452120988a3a869e7faab69134,5191,0,2,1
1,5,0,1,9,0.0361730130007345,0.022442999999999998,0.013644,28307456,NA,NA,NA,NA,NA,NA,NA,NA,147280,39898,2049,512,02ee45f00f5fa967779eb017bd9c1965526161af8ee6a0f23a31a68b3dbbac77,4982,0,2,0
1,5,1,0,9,0.026994406999619969,0.014071999999999999,0.010723,28921856,NA,NA,NA,NA,NA,NA,NA,NA,147280,39898,2049,512,02ee45f00f5fa967779eb017bd9c1965526161af8ee6a0f23a31a68b3dbbac77,4994,0,2,1
1,5,0,1,14,0.029334142000152497,0.022945,0.0062889999999999995,29229056,NA,NA,NA,NA,NA,NA,NA,NA,247896,280189,4101,1,cf0f1cc1e290dce65809b3140c6f2dc9062a9f452120988a3a869e7faab69134,5155,0,2,0
1,5,1,0,14,0.027469706999909249,0.015573,0.011776999999999999,29122560,NA,NA,NA,NA,NA,NA,NA,NA,247896,280189,4101,1,cf0f1cc1e290dce65809b3140c6f2dc9062a9f452120988a3a869e7faab69134,5152,0,2,0
1,5,0,1,7,0.023041340000418131,0.022966999999999998,0,28815360,NA,NA,NA,NA,NA,NA,NA,NA,126024,51085,1029,1,d6479df97612ac41a8966333a6ef58076a32dad29a20f6bc64e0a5b65673088c,4998,0,2,0
1,5,1,0,7,0.023510097000325914,0.015595999999999999,0.007809,28835840,NA,NA,NA,NA,NA,NA,NA,NA,126024,51085,1029,1,d6479df97612ac41a8966333a6ef58076a32dad29a20f6bc64e0a5b65673088c,4999,0,2,0
1,5,0,1,6,0.02275174100032018,0.018879,0.0037849999999999997,28635136,NA,NA,NA,NA,NA,NA,NA,NA,126024,51085,1029,1,d6479df97612ac41a8966333a6ef58076a32dad29a20f6bc64e0a5b65673088c,4936,0,2,0
1,5,1,0,6,0.025419382999643858,0.021854999999999999,0.0034749999999999998,28631040,NA,NA,NA,NA,NA,NA,NA,NA,126024,51085,1029,1,d6479df97612ac41a8966333a6ef58076a32dad29a20f6bc64e0a5b65673088c,4944,0,2,0
1,5,0,1,10,0.028187523999804398,0.024934999999999999,0.003176,28585984,NA,NA,NA,NA,NA,NA,NA,NA,106320,39898,2049,512,7b8f1ead52d1f75ea51a9518f4611f96b3105a83b8e9ff16958705114f2a13b3,4958,0,2,0
1,5,1,0,10,0.0233433410003272,0.015834999999999998,0.0074279999999999997,28684288,NA,NA,NA,NA,NA,NA,NA,NA,106320,39898,2049,512,7b8f1ead52d1f75ea51a9518f4611f96b3105a83b8e9ff16958705114f2a13b3,4956,0,2,0
1,5,0,1,16,0.081127880000167352,0.068596999999999991,0.012435999999999999,41975808,NA,NA,NA,NA,NA,NA,NA,NA,1083024,235398,3329,64,5916968f62e510f778d0d1e3d1fe7cb78db1f7fd7a3ef52fe1a3aefaf683922d,8294,0,2,0
1,5,1,0,16,0.081561856000007538,0.065359,0.015932999999999999,42139648,NA,NA,NA,NA,NA,NA,NA,NA,1083024,235398,3329,64,5916968f62e510f778d0d1e3d1fe7cb78db1f7fd7a3ef52fe1a3aefaf683922d,8302,0,2,0
1,6,0,0,14,0.028110244999879797,0.019519999999999999,0.0084499999999999992,29171712,NA,NA,NA,NA,NA,NA,NA,NA,247896,280189,4101,1,cf0f1cc1e290dce65809b3140c6f2dc9062a9f452120988a3a869e7faab69134,5155,0,2,1
1,6,1,1,14,0.026601020999805769,0.022010999999999999,0.0044659999999999995,29122560,NA,NA,NA,NA,NA,NA,NA,NA,247896,280189,4101,1,cf0f1cc1e290dce65809b3140c6f2dc9062a9f452120988a3a869e7faab69134,5145,0,2,0
1,6,0,0,12,0.063039515999662399,0.056489999999999999,0.0064599999999999996,28532736,NA,NA,NA,NA,NA,NA,NA,NA,313424,280189,4101,1,0f9e44f960c45a3ca86cde574970381ef909d64a6bb2d20a17395bced584502a,5029,0,2,0
1,6,1,1,12,0.042406149000271398,0.036885000000000001,0.0039249999999999997,28676096,NA,NA,NA,NA,NA,NA,NA,NA,313424,280189,4101,1,0f9e44f960c45a3ca86cde574970381ef909d64a6bb2d20a17395bced584502a,5035,0,2,0
1,6,0,1,19,0.055901637999340892,0.044468000000000001,0.011342,39940096,NA,NA,NA,NA,NA,NA,NA,NA,742032,235398,3329,64,bbb3d34b2aa5abdd298d84b8be032ee0c65ab3dbe74b5d4f0ba0963e99614893,7757,0,2,0
1,6,1,0,19,0.062312860000020009,0.044359999999999997,0.017846000000000001,40210432,NA,NA,NA,NA,NA,NA,NA,NA,742032,235398,3329,64,bbb3d34b2aa5abdd298d84b8be032ee0c65ab3dbe74b5d4f0ba0963e99614893,7762,0,2,1
1,6,0,1,9,0.028832692999458231,0.017121999999999998,0.011585999999999999,28762112,NA,NA,NA,NA,NA,NA,NA,NA,147280,39898,2049,512,02ee45f00f5fa967779eb017bd9c1965526161af8ee6a0f23a31a68b3dbbac77,4989,0,2,0
1,6,1,0,9,0.02302612599942222,0.022921999999999998,0,28332032,NA,NA,NA,NA,NA,NA,NA,NA,147280,39898,2049,512,02ee45f00f5fa967779eb017bd9c1965526161af8ee6a0f23a31a68b3dbbac77,4978,0,2,0
1,6,0,1,4,0.039662804000727192,0.032100999999999998,0.0074789999999999995,26677248,NA,NA,NA,NA,NA,NA,NA,NA,163920,51085,1029,1,3469c6c02ad818b9b840f744b74781f39d0d6d69319fb824d729f7875274b381,4524,0,2,0
1,6,1,0,4,0.038785559000643843,0.029099999999999997,0.0095969999999999996,26832896,NA,NA,NA,NA,NA,NA,NA,NA,163920,51085,1029,1,3469c6c02ad818b9b840f744b74781f39d0d6d69319fb824d729f7875274b381,4523,0,2,0
1,6,0,1,13,0.030191105999620049,0.025176,0.0049159999999999994,29515776,NA,NA,NA,NA,NA,NA,NA,NA,313536,280189,4101,1,5a04cd3dab823e43a4d317f4a27057eec5b1fcaecf9843229a14a897b95f1f29,5228,0,2,1
1,6,1,0,13,0.028495136000856292,0.022727999999999998,0.0043509999999999998,30105600,NA,NA,NA,NA,NA,NA,NA,NA,313536,280189,4101,1,5a04cd3dab823e43a4d317f4a27057eec5b1fcaecf9843229a14a897b95f1f29,5240,0,2,0
1,6,0,1,23,0.11798873499992624,0.085794999999999996,0.032066999999999998,62726144,NA,NA,NA,NA,NA,NA,NA,NA,1433848,711531,19202,64,7fe8e0e1367c4dc75afe736c0ee35e3a3755c0152301f3880ce2412132a22623,13114,0,2,2
1,6,1,0,23,0.13460735500029841,0.098160999999999998,0.036242999999999997,62279680,NA,NA,NA,NA,NA,NA,NA,NA,1433848,711531,19202,64,7fe8e0e1367c4dc75afe736c0ee35e3a3755c0152301f3880ce2412132a22623,13112,0,2,0
1,6,0,1,18,0.12561035199996695,0.076989000000000002,0.048336999999999998,39915520,NA,NA,NA,NA,NA,NA,NA,NA,742032,235398,3329,64,bbb3d34b2aa5abdd298d84b8be032ee0c65ab3dbe74b5d4f0ba0963e99614893,7761,0,2,0
1,6,1,0,18,0.055228403999535658,0.035428999999999995,0.019605999999999998,40341504,NA,NA,NA,NA,NA,NA,NA,NA,742032,235398,3329,64,bbb3d34b2aa5abdd298d84b8be032ee0c65ab3dbe74b5d4f0ba0963e99614893,7774,0,2,0
1,6,0,0,16,0.087712165000084497,0.068649000000000002,0.018915999999999999,42127360,NA,NA,NA,NA,NA,NA,NA,NA,1083024,235398,3329,64,5916968f62e510f778d0d1e3d1fe7cb78db1f7fd7a3ef52fe1a3aefaf683922d,8298,0,2,0
1,6,1,1,16,0.083446825999999419,0.079070000000000001,0.0041879999999999999,42168320,NA,NA,NA,NA,NA,NA,NA,NA,1083024,235398,3329,64,5916968f62e510f778d0d1e3d1fe7cb78db1f7fd7a3ef52fe1a3aefaf683922d,8299,0,2,0
1,6,0,0,10,0.026392924999527168,0.022074,0.0041279999999999997,28200960,NA,NA,NA,NA,NA,NA,NA,NA,106320,39898,2049,512,7b8f1ead52d1f75ea51a9518f4611f96b3105a83b8e9ff16958705114f2a13b3,4949,0,2,0
1,6,1,1,10,0.026274386999830313,0.019304999999999999,0.0068519999999999996,28184576,NA,NA,NA,NA,NA,NA,NA,NA,106320,39898,2049,512,7b8f1ead52d1f75ea51a9518f4611f96b3105a83b8e9ff16958705114f2a13b3,4957,0,2,0
1,6,0,1,22,0.167226051000398,0.11341699999999999,0.053672999999999998,62050304,NA,NA,NA,NA,NA,NA,NA,NA,1433848,711531,19202,64,7fe8e0e1367c4dc75afe736c0ee35e3a3755c0152301f3880ce2412132a22623,13048,0,2,1
1,6,1,0,22,0.12563197700001183,0.107864,0.017485999999999998,62517248,NA,NA,NA,NA,NA,NA,NA,NA,1433848,711531,19202,64,7fe8e0e1367c4dc75afe736c0ee35e3a3755c0152301f3880ce2412132a22623,13049,0,2,1
1,6,0,1,1,0.019652313000733557,0.012220999999999999,0.0072519999999999998,22523904,NA,NA,NA,NA,NA,NA,NA,NA,2056,133,5,1,6b21b079ef6f8f7f055926600e53b906dd7be041e021dd2791b7aa8c55e24585,3553,0,2,0
1,6,1,0,1,0.017924132999723952,0.013578999999999999,0.0042429999999999994,23031808,NA,NA,NA,NA,NA,NA,NA,NA,2056,133,5,1,6b21b079ef6f8f7f055926600e53b906dd7be041e021dd2791b7aa8c55e24585,3553,0,2,0
1,6,0,1,17,0.070103795999784779,0.057275,0.012718,40972288,NA,NA,NA,NA,NA,NA,NA,NA,1009296,235398,3329,64,38ac9f9d8df5158b7a074eaf4b5e0c874f05fd31c535c3796e06db0d216a0323,7939,0,2,0
1,6,1,0,17,0.064377314999546797,0.064084000000000002,0,40480768,NA,NA,NA,NA,NA,NA,NA,NA,1009296,235398,3329,64,38ac9f9d8df5158b7a074eaf4b5e0c874f05fd31c535c3796e06db0d216a0323,7927,0,2,1
1,6,0,1,15,0.025753069000529649,0.021367000000000001,0.0042649999999999997,29335552,NA,NA,NA,NA,NA,NA,NA,NA,247896,280189,4101,1,cf0f1cc1e290dce65809b3140c6f2dc9062a9f452120988a3a869e7faab69134,5188,0,2,0
1,6,1,0,15,0.024891154999750142,0.020625999999999999,0.0041580000000000002,29319168,NA,NA,NA,NA,NA,NA,NA,NA,247896,280189,4101,1,cf0f1cc1e290dce65809b3140c6f2dc9062a9f452120988a3a869e7faab69134,5192,0,2,0
1,6,0,1,8,0.026010908999523963,0.022206,0.0036849999999999999,29773824,NA,NA,NA,NA,NA,NA,NA,NA,98128,39898,2049,512,d54e0d3e437f1319c5e0037da4750229225984f79f1ebd587b1323affae587ab,5484,0,2,0
1,6,1,0,8,0.025291896999988239,0.012482,0.012704,29528064,NA,NA,NA,NA,NA,NA,NA,NA,98128,39898,2049,512,d54e0d3e437f1319c5e0037da4750229225984f79f1ebd587b1323affae587ab,5478,0,2,0
1,6,0,0,5,0.026289733999874443,0.024466999999999999,0.0016969999999999999,28286976,NA,NA,NA,NA,NA,NA,NA,NA,192736,51085,1029,1,98c15b8b4636441c6e839c68a3bed9dee3bd8ae062882739073db7b7ed7d66f3,4974,0,2,0
1,6,1,1,5,0.056414273999507714,0.024676,0.031491999999999999,28778496,NA,NA,NA,NA,NA,NA,NA,NA,192736,51085,1029,1,98c15b8b4636441c6e839c68a3bed9dee3bd8ae062882739073db7b7ed7d66f3,4980,0,2,0
1,6,0,0,3,0.030241202000070189,0.014797999999999999,0.015139,22814720,NA,NA,NA,NA,NA,NA,NA,NA,2008,133,5,1,8210b4f6eac12a20575e673437437e82cfff653da437ea17992a3aed56a99207,3553,0,2,0
1,6,1,1,3,0.018128024999896297,0.017988000000000001,0,22413312,NA,NA,NA,NA,NA,NA,NA,NA,2008,133,5,1,8210b4f6eac12a20575e673437437e82cfff653da437ea17992a3aed56a99207,3553,0,2,0
1,6,0,1,11,0.025742892999915057,0.018272,0.0073809999999999995,28344320,NA,NA,NA,NA,NA,NA,NA,NA,106320,39898,2049,512,7b8f1ead52d1f75ea51a9518f4611f96b3105a83b8e9ff16958705114f2a13b3,4957,0,2,0
1,6,1,0,11,0.025305154999841761,0.014071,0.011065,28631040,NA,NA,NA,NA,NA,NA,NA,NA,106320,39898,2049,512,7b8f1ead52d1f75ea51a9518f4611f96b3105a83b8e9ff16958705114f2a13b3,4955,0,2,0
1,6,0,0,7,0.025671513999441231,0.018165000000000001,0.0074009999999999996,28303360,NA,NA,NA,NA,NA,NA,NA,NA,126024,51085,1029,1,d6479df97612ac41a8966333a6ef58076a32dad29a20f6bc64e0a5b65673088c,4992,0,2,0
1,6,1,1,7,0.025534813999911421,0.020915,0.0044910000000000002,28495872,NA,NA,NA,NA,NA,NA,NA,NA,126024,51085,1029,1,d6479df97612ac41a8966333a6ef58076a32dad29a20f6bc64e0a5b65673088c,4990,0,2,1
1,6,0,0,6,0.030487464999168878,0.024537,0.0058439999999999994,28631040,NA,NA,NA,NA,NA,NA,NA,NA,126024,51085,1029,1,d6479df97612ac41a8966333a6ef58076a32dad29a20f6bc64e0a5b65673088c,4938,0,2,1
1,6,1,1,6,0.025590381000256457,0.0081460000000000005,0.017249,28147712,NA,NA,NA,NA,NA,NA,NA,NA,126024,51085,1029,1,d6479df97612ac41a8966333a6ef58076a32dad29a20f6bc64e0a5b65673088c,4930,0,2,0
1,6,0,1,21,0.18192848599937861,0.068692000000000003,0.113079,64745472,NA,NA,NA,NA,NA,NA,NA,NA,2209528,711531,19202,64,955dcf7525f03629d689feea1585905e0b8700805efb32f241197b1ebcb41ffa,13619,0,2,0
1,6,1,0,21,0.11317279800005053,0.095305000000000001,0.017714999999999998,64688128,NA,NA,NA,NA,NA,NA,NA,NA,2209528,711531,19202,64,955dcf7525f03629d689feea1585905e0b8700805efb32f241197b1ebcb41ffa,13625,0,2,1
1,6,0,1,20,0.17827674500040303,0.145311,0.032798000000000001,64364544,NA,NA,NA,NA,NA,NA,NA,NA,1746680,711531,19202,64,e4041ce2b5b6df572ca4d0ca66e6006ad368116646e82963f7e9550b84ab78ca,13667,0,2,2
1,6,1,0,20,0.15730088599957526,0.142955,0.014135999999999999,64389120,NA,NA,NA,NA,NA,NA,NA,NA,1746680,711531,19202,64,e4041ce2b5b6df572ca4d0ca66e6006ad368116646e82963f7e9550b84ab78ca,13661,0,2,18
1,6,0,1,2,0.018657500999324839,0.014685,0.0038249999999999998,22536192,NA,NA,NA,NA,NA,NA,NA,NA,2008,133,5,1,8210b4f6eac12a20575e673437437e82cfff653da437ea17992a3aed56a99207,3540,0,2,2
1,6,1,0,2,0.01684366300014517,0.012643999999999999,0.0040999999999999995,23040000,NA,NA,NA,NA,NA,NA,NA,NA,2008,133,5,1,8210b4f6eac12a20575e673437437e82cfff653da437ea17992a3aed56a99207,3558,0,2,2
1,6,0,0,0,0.016722961000596115,0.013210999999999999,0.003424,22728704,NA,NA,NA,NA,NA,NA,NA,NA,2008,133,5,1,a8c1633e798ef980493443e67e6fdb6eada42f775edf7051d304d09c3ddadf5a,3577,0,2,3
1,6,1,1,0,0.01706192799974815,0.0085880000000000001,0.0083850000000000001,22880256,NA,NA,NA,NA,NA,NA,NA,NA,2008,133,5,1,a8c1633e798ef980493443e67e6fdb6eada42f775edf7051d304d09c3ddadf5a,3573,0,2,2
1,7,0,1,10,0.02569464499993046,0.022175999999999998,0.003395,28209152,NA,NA,NA,NA,NA,NA,NA,NA,106320,39898,2049,512,7b8f1ead52d1f75ea51a9518f4611f96b3105a83b8e9ff16958705114f2a13b3,4950,0,2,3
1,7,1,0,10,0.024367696999433974,0.020191999999999998,0.0040790000000000002,28217344,NA,NA,NA,NA,NA,NA,NA,NA,106320,39898,2049,512,7b8f1ead52d1f75ea51a9518f4611f96b3105a83b8e9ff16958705114f2a13b3,4960,0,2,3
1,7,0,0,15,0.024591454000074009,0.020257999999999998,0.0042319999999999997,29790208,NA,NA,NA,NA,NA,NA,NA,NA,247896,280189,4101,1,cf0f1cc1e290dce65809b3140c6f2dc9062a9f452120988a3a869e7faab69134,5197,0,2,3
1,7,1,1,15,0.023663655000746076,0.015702999999999998,0.0078510000000000003,29650944,NA,NA,NA,NA,NA,NA,NA,NA,247896,280189,4101,1,cf0f1cc1e290dce65809b3140c6f2dc9062a9f452120988a3a869e7faab69134,5189,0,2,0
1,7,0,1,14,0.02446585000052437,0.020140999999999999,0.0042399999999999998,29212672,NA,NA,NA,NA,NA,NA,NA,NA,247896,280189,4101,1,cf0f1cc1e290dce65809b3140c6f2dc9062a9f452120988a3a869e7faab69134,5153,0,2,0
1,7,1,0,14,0.024224195999522635,0.012400999999999999,0.011738,29548544,NA,NA,NA,NA,NA,NA,NA,NA,247896,280189,4101,1,cf0f1cc1e290dce65809b3140c6f2dc9062a9f452120988a3a869e7faab69134,5162,0,2,0
1,7,0,0,20,0.17808654600048612,0.13899,0.038870999999999996,64262144,NA,NA,NA,NA,NA,NA,NA,NA,1746680,711531,19202,64,e4041ce2b5b6df572ca4d0ca66e6006ad368116646e82963f7e9550b84ab78ca,13659,0,2,2
1,7,1,1,20,0.30423202099973423,0.18784999999999999,0.116061,64409600,NA,NA,NA,NA,NA,NA,NA,NA,1746680,711531,19202,64,e4041ce2b5b6df572ca4d0ca66e6006ad368116646e82963f7e9550b84ab78ca,13662,0,2,3
1,7,0,0,13,0.036232740999366797,0.030962999999999997,0.0051619999999999999,29499392,NA,NA,NA,NA,NA,NA,NA,NA,313536,280189,4101,1,5a04cd3dab823e43a4d317f4a27057eec5b1fcaecf9843229a14a897b95f1f29,5224,0,2,0
1,7,1,1,13,0.034308399000110512,0.022769999999999999,0.011398999999999999,29982720,NA,NA,NA,NA,NA,NA,NA,NA,313536,280189,4101,1,5a04cd3dab823e43a4d317f4a27057eec5b1fcaecf9843229a14a897b95f1f29,5238,0,2,1
1,7,0,0,23,0.12887318000048253,0.10560799999999999,0.023106999999999999,62283776,NA,NA,NA,NA,NA,NA,NA,NA,1433848,711531,19202,64,7fe8e0e1367c4dc75afe736c0ee35e3a3755c0152301f3880ce2412132a22623,13110,0,2,2
1,7,1,1,23,0.12006616000053327,0.083461999999999995,0.036381999999999998,62726144,NA,NA,NA,NA,NA,NA,NA,NA,1433848,711531,19202,64,7fe8e0e1367c4dc75afe736c0ee35e3a3755c0152301f3880ce2412132a22623,13120,0,2,1
1,7,0,0,19,0.056329032000576262,0.052171999999999996,0.0040409999999999995,39931904,NA,NA,NA,NA,NA,NA,NA,NA,742032,235398,3329,64,bbb3d34b2aa5abdd298d84b8be032ee0c65ab3dbe74b5d4f0ba0963e99614893,7764,0,2,0
1,7,1,1,19,0.077748678999341791,0.054851999999999998,0.022636999999999997,39890944,NA,NA,NA,NA,NA,NA,NA,NA,742032,235398,3329,64,bbb3d34b2aa5abdd298d84b8be032ee0c65ab3dbe74b5d4f0ba0963e99614893,7761,0,2,0
1,7,0,1,5,0.035312341000462766,0.012211999999999999,0.02282,28815360,NA,NA,NA,NA,NA,NA,NA,NA,192736,51085,1029,1,98c15b8b4636441c6e839c68a3bed9dee3bd8ae062882739073db7b7ed7d66f3,4978,0,2,0
1,7,1,0,5,0.036889575999339286,0.027913999999999998,0.0088519999999999988,28766208,NA,NA,NA,NA,NA,NA,NA,NA,192736,51085,1029,1,98c15b8b4636441c6e839c68a3bed9dee3bd8ae062882739073db7b7ed7d66f3,4973,0,2,0
1,7,0,0,8,0.035871677999239182,0.020024999999999998,0.015733,29847552,NA,NA,NA,NA,NA,NA,NA,NA,98128,39898,2049,512,d54e0d3e437f1319c5e0037da4750229225984f79f1ebd587b1323affae587ab,5483,0,2,1
1,7,1,1,8,0.063438418999794521,0.033652999999999995,0.027751999999999999,29315072,NA,NA,NA,NA,NA,NA,NA,NA,98128,39898,2049,512,d54e0d3e437f1319c5e0037da4750229225984f79f1ebd587b1323affae587ab,5480,0,2,2
1,7,0,0,18,0.20025102999989031,0.099427999999999989,0.100662,39931904,NA,NA,NA,NA,NA,NA,NA,NA,742032,235398,3329,64,bbb3d34b2aa5abdd298d84b8be032ee0c65ab3dbe74b5d4f0ba0963e99614893,7770,0,2,2
1,7,1,1,18,0.13869773799979157,0.103105,0.035404999999999999,39948288,NA,NA,NA,NA,NA,NA,NA,NA,742032,235398,3329,64,bbb3d34b2aa5abdd298d84b8be032ee0c65ab3dbe74b5d4f0ba0963e99614893,7772,0,2,0
1,7,0,0,2,0.020093956999517104,0.012074999999999999,0.0077819999999999999,22597632,NA,NA,NA,NA,NA,NA,NA,NA,2008,133,5,1,8210b4f6eac12a20575e673437437e82cfff653da437ea17992a3aed56a99207,3552,0,2,0
1,7,1,1,2,0.026342069999373052,0.026241,0,22511616,NA,NA,NA,NA,NA,NA,NA,NA,2008,133,5,1,8210b4f6eac12a20575e673437437e82cfff653da437ea17992a3aed56a99207,3552,0,2,0
1,7,0,0,21,0.16516441500061774,0.099199999999999997,0.065620999999999999,64237568,NA,NA,NA,NA,NA,NA,NA,NA,2209528,711531,19202,64,955dcf7525f03629d689feea1585905e0b8700805efb32f241197b1ebcb41ffa,13611,0,2,1
1,7,1,1,21,0.10443208499964385,0.068587999999999996,0.035698000000000001,64708608,NA,NA,NA,NA,NA,NA,NA,NA,2209528,711531,19202,64,955dcf7525f03629d689feea1585905e0b8700805efb32f241197b1ebcb41ffa,13623,0,2,0
1,7,0,1,16,0.094588377000036417,0.080867999999999995,0.01358,42135552,NA,NA,NA,NA,NA,NA,NA,NA,1083024,235398,3329,64,5916968f62e510f778d0d1e3d1fe7cb78db1f7fd7a3ef52fe1a3aefaf683922d,8296,0,2,0
1,7,1,0,16,0.082595543999559595,0.065517999999999993,0.016913000000000001,42004480,NA,NA,NA,NA,NA,NA,NA,NA,1083024,235398,3329,64,5916968f62e510f778d0d1e3d1fe7cb78db1f7fd7a3ef52fe1a3aefaf683922d,8292,0,2,0
1,7,0,0,4,0.037607983999805583,0.033402999999999995,0.0040790000000000002,26693632,NA,NA,NA,NA,NA,NA,NA,NA,163920,51085,1029,1,3469c6c02ad818b9b840f744b74781f39d0d6d69319fb824d729f7875274b381,4518,0,2,0
1,7,1,1,4,0.035818878000100085,0.023497999999999998,0.012206999999999999,26533888,NA,NA,NA,NA,NA,NA,NA,NA,163920,51085,1029,1,3469c6c02ad818b9b840f744b74781f39d0d6d69319fb824d729f7875274b381,4520,0,2,1
1,7,0,0,22,0.10426429300059681,0.082889999999999991,0.021283,62033920,NA,NA,NA,NA,NA,NA,NA,NA,1433848,711531,19202,64,7fe8e0e1367c4dc75afe736c0ee35e3a3755c0152301f3880ce2412132a22623,13039,0,2,0
1,7,1,1,22,0.14167411200014612,0.10860199999999999,0.032648999999999997,62451712,NA,NA,NA,NA,NA,NA,NA,NA,1433848,711531,19202,64,7fe8e0e1367c4dc75afe736c0ee35e3a3755c0152301f3880ce2412132a22623,13048,0,2,0
1,7,0,1,6,0.10587093300000561,0.027781999999999998,0.077537999999999996,28155904,NA,NA,NA,NA,NA,NA,NA,NA,126024,51085,1029,1,d6479df97612ac41a8966333a6ef58076a32dad29a20f6bc64e0a5b65673088c,4930,0,2,0
1,7,1,0,6,0.032452261999424081,0.023470999999999999,0.008855,28647424,NA,NA,NA,NA,NA,NA,NA,NA,126024,51085,1029,1,d6479df97612ac41a8966333a6ef58076a32dad29a20f6bc64e0a5b65673088c,4942,0,2,0
1,7,0,1,7,0.026195743000243965,0.014445,0.011609999999999999,28475392,NA,NA,NA,NA,NA,NA,NA,NA,126024,51085,1029,1,d6479df97612ac41a8966333a6ef58076a32dad29a20f6bc64e0a5b65673088c,4996,0,2,0
1,7,1,0,7,0.048483334999218641,0.033442,0.014919,28778496,NA,NA,NA,NA,NA,NA,NA,NA,126024,51085,1029,1,d6479df97612ac41a8966333a6ef58076a32dad29a20f6bc64e0a5b65673088c,4998,0,2,1
1,7,0,0,17,0.077256534999833093,0.048431999999999996,0.028603,40603648,NA,NA,NA,NA,NA,NA,NA,NA,1009296,235398,3329,64,38ac9f9d8df5158b7a074eaf4b5e0c874f05fd31c535c3796e06db0d216a0323,7929,0,2,1
1,7,1,1,17,0.074268100999688613,0.052877,0.021203,41062400,NA,NA,NA,NA,NA,NA,NA,NA,1009296,235398,3329,64,38ac9f9d8df5158b7a074eaf4b5e0c874f05fd31c535c3796e06db0d216a0323,7936,0,2,0
1,7,0,0,9,0.040920851000009861,0.021687999999999999,0.017863999999999998,28897280,NA,NA,NA,NA,NA,NA,NA,NA,147280,39898,2049,512,02ee45f00f5fa967779eb017bd9c1965526161af8ee6a0f23a31a68b3dbbac77,4994,0,2,0
1,7,1,1,9,0.024220119999881717,0.0082059999999999998,0.015901999999999999,28930048,NA,NA,NA,NA,NA,NA,NA,NA,147280,39898,2049,512,02ee45f00f5fa967779eb017bd9c1965526161af8ee6a0f23a31a68b3dbbac77,4996,0,2,0
1,7,0,0,11,0.025793775999773061,0.022651999999999999,0.0029499999999999999,28647424,NA,NA,NA,NA,NA,NA,NA,NA,106320,39898,2049,512,7b8f1ead52d1f75ea51a9518f4611f96b3105a83b8e9ff16958705114f2a13b3,4957,0,2,0
1,7,1,1,11,0.026049405999401642,0.015167,0.010799999999999999,28807168,NA,NA,NA,NA,NA,NA,NA,NA,106320,39898,2049,512,7b8f1ead52d1f75ea51a9518f4611f96b3105a83b8e9ff16958705114f2a13b3,4960,0,2,0
1,7,0,1,0,0.021680686999388854,0.012858,0.0087219999999999989,22966272,NA,NA,NA,NA,NA,NA,NA,NA,2008,133,5,1,a8c1633e798ef980493443e67e6fdb6eada42f775edf7051d304d09c3ddadf5a,3578,0,2,0
1,7,1,0,0,0.01762483099992096,0.012726999999999999,0.0048009999999999997,22917120,NA,NA,NA,NA,NA,NA,NA,NA,2008,133,5,1,a8c1633e798ef980493443e67e6fdb6eada42f775edf7051d304d09c3ddadf5a,3578,0,2,0
1,7,0,0,1,0.019879851000041526,0.010362,0.0088509999999999995,22806528,NA,NA,NA,NA,NA,NA,NA,NA,2056,133,5,1,6b21b079ef6f8f7f055926600e53b906dd7be041e021dd2791b7aa8c55e24585,3552,0,2,0
1,7,1,1,1,0.018131674999494862,0.010152,0.0078619999999999992,23015424,NA,NA,NA,NA,NA,NA,NA,NA,2056,133,5,1,6b21b079ef6f8f7f055926600e53b906dd7be041e021dd2791b7aa8c55e24585,3558,0,2,0
1,7,0,1,12,0.03960418299993762,0.031348000000000001,0.0081619999999999991,28925952,NA,NA,NA,NA,NA,NA,NA,NA,313424,280189,4101,1,0f9e44f960c45a3ca86cde574970381ef909d64a6bb2d20a17395bced584502a,5027,0,2,0
1,7,1,0,12,0.038729783000235329,0.03397,0.0046010000000000001,28651520,NA,NA,NA,NA,NA,NA,NA,NA,313424,280189,4101,1,0f9e44f960c45a3ca86cde574970381ef909d64a6bb2d20a17395bced584502a,5030,0,2,0
1,7,0,1,3,0.018364535999353393,0.013717,0.0045430000000000002,22966272,NA,NA,NA,NA,NA,NA,NA,NA,2008,133,5,1,8210b4f6eac12a20575e673437437e82cfff653da437ea17992a3aed56a99207,3557,0,2,0
1,7,1,0,3,0.016113395000502351,0.011896,0.0041180000000000001,22560768,NA,NA,NA,NA,NA,NA,NA,NA,2008,133,5,1,8210b4f6eac12a20575e673437437e82cfff653da437ea17992a3aed56a99207,3551,0,2,0
1,8,0,0,1,0.017230759000085527,0.012759999999999999,0.0043779999999999999,22867968,NA,NA,NA,NA,NA,NA,NA,NA,2056,133,5,1,6b21b079ef6f8f7f055926600e53b906dd7be041e021dd2791b7aa8c55e24585,3551,0,2,0
1,8,1,1,1,0.020030304999636428,0.016152,0.0037919999999999998,22597632,NA,NA,NA,NA,NA,NA,NA,NA,2056,133,5,1,6b21b079ef6f8f7f055926600e53b906dd7be041e021dd2791b7aa8c55e24585,3554,0,2,0
1,8,0,0,8,0.037596297999698436,0.019709999999999998,0.017780999999999998,29736960,NA,NA,NA,NA,NA,NA,NA,NA,98128,39898,2049,512,d54e0d3e437f1319c5e0037da4750229225984f79f1ebd587b1323affae587ab,5479,0,2,1
1,8,1,1,8,0.027339743000084127,0.016,0.011242,29753344,NA,NA,NA,NA,NA,NA,NA,NA,98128,39898,2049,512,d54e0d3e437f1319c5e0037da4750229225984f79f1ebd587b1323affae587ab,5483,0,2,0
1,8,0,0,9,0.020666460999564151,0.016475,0.0040969999999999999,28307456,NA,NA,NA,NA,NA,NA,NA,NA,147280,39898,2049,512,02ee45f00f5fa967779eb017bd9c1965526161af8ee6a0f23a31a68b3dbbac77,4981,0,2,0
1,8,1,1,9,0.020740560000376718,0.013770999999999999,0.0068699999999999994,28717056,NA,NA,NA,NA,NA,NA,NA,NA,147280,39898,2049,512,02ee45f00f5fa967779eb017bd9c1965526161af8ee6a0f23a31a68b3dbbac77,4991,0,2,0
1,8,0,0,15,0.025861087000521366,0.021212999999999999,0.0045300000000000002,29872128,NA,NA,NA,NA,NA,NA,NA,NA,247896,280189,4101,1,cf0f1cc1e290dce65809b3140c6f2dc9062a9f452120988a3a869e7faab69134,5199,0,2,0
1,8,1,1,15,0.024607069000012416,0.016336,0.0081679999999999999,29335552,NA,NA,NA,NA,NA,NA,NA,NA,247896,280189,4101,1,cf0f1cc1e290dce65809b3140c6f2dc9062a9f452120988a3a869e7faab69134,5189,0,2,0
1,8,0,1,6,0.025349204000121972,0.021656999999999999,0.0035769999999999999,28573696,NA,NA,NA,NA,NA,NA,NA,NA,126024,51085,1029,1,d6479df97612ac41a8966333a6ef58076a32dad29a20f6bc64e0a5b65673088c,4935,0,2,0
1,8,1,0,6,0.02442401799999061,0.024315999999999997,0,28356608,NA,NA,NA,NA,NA,NA,NA,NA,126024,51085,1029,1,d6479df97612ac41a8966333a6ef58076a32dad29a20f6bc64e0a5b65673088c,4938,0,2,0
1,8,0,0,23,0.19109925700013264,0.11894199999999999,0.072022000000000003,62230528,NA,NA,NA,NA,NA,NA,NA,NA,1433848,711531,19202,64,7fe8e0e1367c4dc75afe736c0ee35e3a3755c0152301f3880ce2412132a22623,13112,0,2,3
1,8,1,1,23,0.14889766299984331,0.106041,0.039376999999999995,62705664,NA,NA,NA,NA,NA,NA,NA,NA,1433848,711531,19202,64,7fe8e0e1367c4dc75afe736c0ee35e3a3755c0152301f3880ce2412132a22623,13113,0,2,3
1,8,0,1,7,0.024812471000586811,0.016441999999999998,0.0082319999999999997,28774400,NA,NA,NA,NA,NA,NA,NA,NA,126024,51085,1029,1,d6479df97612ac41a8966333a6ef58076a32dad29a20f6bc64e0a5b65673088c,4993,0,2,0
1,8,1,0,7,0.023976738999408553,0.015910000000000001,0.0079629999999999996,28475392,NA,NA,NA,NA,NA,NA,NA,NA,126024,51085,1029,1,d6479df97612ac41a8966333a6ef58076a32dad29a20f6bc64e0a5b65673088c,4994,0,2,0
1,8,0,1,16,0.081019369000387087,0.073225999999999999,0.0076829999999999997,42225664,NA,NA,NA,NA,NA,NA,NA,NA,1083024,235398,3329,64,5916968f62e510f778d0d1e3d1fe7cb78db1f7fd7a3ef52fe1a3aefaf683922d,8303,0,2,0
1,8,1,0,16,0.096111263999773655,0.065841999999999998,0.030155999999999999,42283008,NA,NA,NA,NA,NA,NA,NA,NA,1083024,235398,3329,64,5916968f62e510f778d0d1e3d1fe7cb78db1f7fd7a3ef52fe1a3aefaf683922d,8298,0,2,0
1,8,0,1,18,0.053230657000312931,0.048850999999999999,0.0042620000000000002,39890944,NA,NA,NA,NA,NA,NA,NA,NA,742032,235398,3329,64,bbb3d34b2aa5abdd298d84b8be032ee0c65ab3dbe74b5d4f0ba0963e99614893,7771,0,2,0
1,8,1,0,18,0.049912158000552154,0.046107999999999996,0.0036809999999999998,39874560,NA,NA,NA,NA,NA,NA,NA,NA,742032,235398,3329,64,bbb3d34b2aa5abdd298d84b8be032ee0c65ab3dbe74b5d4f0ba0963e99614893,7771,0,2,0
1,8,0,0,19,0.050667066999267263,0.038766999999999996,0.011786999999999999,40316928,NA,NA,NA,NA,NA,NA,NA,NA,742032,235398,3329,64,bbb3d34b2aa5abdd298d84b8be032ee0c65ab3dbe74b5d4f0ba0963e99614893,7769,0,2,0
1,8,1,1,19,0.056235950999507622,0.046819,0.009304999999999999,39919616,NA,NA,NA,NA,NA,NA,NA,NA,742032,235398,3329,64,bbb3d34b2aa5abdd298d84b8be032ee0c65ab3dbe74b5d4f0ba0963e99614893,7757,0,2,2
1,8,0,0,4,0.038293855999654625,0.034328999999999998,0.0038689999999999996,26660864,NA,NA,NA,NA,NA,NA,NA,NA,163920,51085,1029,1,3469c6c02ad818b9b840f744b74781f39d0d6d69319fb824d729f7875274b381,4523,0,2,0
1,8,1,1,4,0.033455482000135817,0.025072999999999998,0.0083059999999999991,26599424,NA,NA,NA,NA,NA,NA,NA,NA,163920,51085,1029,1,3469c6c02ad818b9b840f744b74781f39d0d6d69319fb824d729f7875274b381,4517,0,2,0
1,8,0,1,0,0.016628379000394489,0.012483999999999999,0.0040669999999999994,22880256,NA,NA,NA,NA,NA,NA,NA,NA,2008,133,5,1,a8c1633e798ef980493443e67e6fdb6eada42f775edf7051d304d09c3ddadf5a,3579,0,2,0
1,8,1,0,0,0.017189190000863164,0.017114999999999998,0,22892544,NA,NA,NA,NA,NA,NA,NA,NA,2008,133,5,1,a8c1633e798ef980493443e67e6fdb6eada42f775edf7051d304d09c3ddadf5a,3573,0,2,0
1,8,0,1,2,0.015856070000154432,0.012137999999999999,0.0036469999999999996,22990848,NA,NA,NA,NA,NA,NA,NA,NA,2008,133,5,1,8210b4f6eac12a20575e673437437e82cfff653da437ea17992a3aed56a99207,3549,0,2,0
1,8,1,0,2,0.015456878999430046,0.011526999999999999,0.0038609999999999998,22753280,NA,NA,NA,NA,NA,NA,NA,NA,2008,133,5,1,8210b4f6eac12a20575e673437437e82cfff653da437ea17992a3aed56a99207,3549,0,2,0
1,8,0,0,3,0.016295231999720272,0.011923,0.0043029999999999995,22974464,NA,NA,NA,NA,NA,NA,NA,NA,2008,133,5,1,8210b4f6eac12a20575e673437437e82cfff653da437ea17992a3aed56a99207,3551,0,2,0
1,8,1,1,3,0.016008626000257209,0.011868999999999999,0.0040299999999999997,22962176,NA,NA,NA,NA,NA,NA,NA,NA,2008,133,5,1,8210b4f6eac12a20575e673437437e82cfff653da437ea17992a3aed56a99207,3555,0,2,0
1,8,0,1,5,0.022873864999382931,0.0037129999999999997,0.019060999999999998,28291072,NA,NA,NA,NA,NA,NA,NA,NA,192736,51085,1029,1,98c15b8b4636441c6e839c68a3bed9dee3bd8ae062882739073db7b7ed7d66f3,4968,0,2,0
1,8,1,0,5,0.027131747999192157,0.027050999999999999,0,28295168,NA,NA,NA,NA,NA,NA,NA,NA,192736,51085,1029,1,98c15b8b4636441c6e839c68a3bed9dee3bd8ae062882739073db7b7ed7d66f3,4968,0,2,0
1,8,0,1,13,0.027040433999900415,0.019139,0.0077909999999999993,30105600,NA,NA,NA,NA,NA,NA,NA,NA,313536,280189,4101,1,5a04cd3dab823e43a4d317f4a27057eec5b1fcaecf9843229a14a897b95f1f29,5240,0,2,1
1,8,1,0,13,0.027109845000268251,0.02699,0,30027776,NA,NA,NA,NA,NA,NA,NA,NA,313536,280189,4101,1,5a04cd3dab823e43a4d317f4a27057eec5b1fcaecf9843229a14a897b95f1f29,5240,0,2,0
1,8,0,1,10,0.022291485000096145,0.017717999999999998,0.0044859999999999995,28217344,NA,NA,NA,NA,NA,NA,NA,NA,106320,39898,2049,512,7b8f1ead52d1f75ea51a9518f4611f96b3105a83b8e9ff16958705114f2a13b3,4953,0,2,0
1,8,1,0,10,0.024774616000286187,0.013344999999999999,0.011351,28626944,NA,NA,NA,NA,NA,NA,NA,NA,106320,39898,2049,512,7b8f1ead52d1f75ea51a9518f4611f96b3105a83b8e9ff16958705114f2a13b3,4962,0,2,1
1,8,0,0,14,0.023903215999780514,0.012052,0.011703999999999999,29638656,NA,NA,NA,NA,NA,NA,NA,NA,247896,280189,4101,1,cf0f1cc1e290dce65809b3140c6f2dc9062a9f452120988a3a869e7faab69134,5155,0,2,0
1,8,1,1,14,0.024242293000497739,0.016035000000000001,0.0081189999999999995,29245440,NA,NA,NA,NA,NA,NA,NA,NA,247896,280189,4101,1,cf0f1cc1e290dce65809b3140c6f2dc9062a9f452120988a3a869e7faab69134,5155,0,2,0
1,8,0,1,22,0.12156208000033075,0.095689999999999997,0.025701999999999999,62033920,NA,NA,NA,NA,NA,NA,NA,NA,1433848,711531,19202,64,7fe8e0e1367c4dc75afe736c0ee35e3a3755c0152301f3880ce2412132a22623,13045,0,2,1
1,8,1,0,22,0.10508059000039793,0.08072,0.024225,62545920,NA,NA,NA,NA,NA,NA,NA,NA,1433848,711531,19202,64,7fe8e0e1367c4dc75afe736c0ee35e3a3755c0152301f3880ce2412132a22623,13048,0,2,0
1,8,0,0,20,0.15445766099946923,0.133488,0.020853,64237568,NA,NA,NA,NA,NA,NA,NA,NA,1746680,711531,19202,64,e4041ce2b5b6df572ca4d0ca66e6006ad368116646e82963f7e9550b84ab78ca,13659,0,2,0
1,8,1,1,20,0.26258758099993429,0.17002999999999999,0.092271999999999993,64442368,NA,NA,NA,NA,NA,NA,NA,NA,1746680,711531,19202,64,e4041ce2b5b6df572ca4d0ca66e6006ad368116646e82963f7e9550b84ab78ca,13661,0,2,1
1,8,0,1,12,0.050474376999773085,0.037852999999999998,0.012411,28721152,NA,NA,NA,NA,NA,NA,NA,NA,313424,280189,4101,1,0f9e44f960c45a3ca86cde574970381ef909d64a6bb2d20a17395bced584502a,5032,0,2,0
1,8,1,0,12,0.040113962000759784,0.036021999999999998,0.0039699999999999996,28499968,NA,NA,NA,NA,NA,NA,NA,NA,313424,280189,4101,1,0f9e44f960c45a3ca86cde574970381ef909d64a6bb2d20a17395bced584502a,5024,0,2,0
1,8,0,0,21,0.13971490800031461,0.11287899999999999,0.026710999999999999,64688128,NA,NA,NA,NA,NA,NA,NA,NA,2209528,711531,19202,64,955dcf7525f03629d689feea1585905e0b8700805efb32f241197b1ebcb41ffa,13624,0,2,2
1,8,1,1,21,0.10984180899959028,0.094143999999999992,0.015557,64155648,NA,NA,NA,NA,NA,NA,NA,NA,2209528,711531,19202,64,955dcf7525f03629d689feea1585905e0b8700805efb32f241197b1ebcb41ffa,13615,0,2,1
1,8,0,0,17,0.080155595000178437,0.06758299999999999,0.012381999999999999,40996864,NA,NA,NA,NA,NA,NA,NA,NA,1009296,235398,3329,64,38ac9f9d8df5158b7a074eaf4b5e0c874f05fd31c535c3796e06db0d216a0323,7933,0,2,2
1,8,1,1,17,0.062283947999276279,0.046689000000000001,0.015488,40878080,NA,NA,NA,NA,NA,NA,NA,NA,1009296,235398,3329,64,38ac9f9d8df5158b7a074eaf4b5e0c874f05fd31c535c3796e06db0d216a0323,7934,0,2,0
1,8,0,0,11,0.024491969999871799,0.020076,0.0043200000000000001,28741632,NA,NA,NA,NA,NA,NA,NA,NA,106320,39898,2049,512,7b8f1ead52d1f75ea51a9518f4611f96b3105a83b8e9ff16958705114f2a13b3,4961,0,2,0
1,8,1,1,11,0.023266916000466153,0.0189,0.0041479999999999998,28647424,NA,NA,NA,NA,NA,NA,NA,NA,106320,39898,2049,512,7b8f1ead52d1f75ea51a9518f4611f96b3105a83b8e9ff16958705114f2a13b3,4964,0,2,0
1,9,0,0,5,0.023188180000033753,0.023095999999999998,0,28827648,NA,NA,NA,NA,NA,NA,NA,NA,192736,51085,1029,1,98c15b8b4636441c6e839c68a3bed9dee3bd8ae062882739073db7b7ed7d66f3,4977,0,2,0
1,9,1,1,5,0.023294016999898304,0.023196999999999999,0,28876800,NA,NA,NA,NA,NA,NA,NA,NA,192736,51085,1029,1,98c15b8b4636441c6e839c68a3bed9dee3bd8ae062882739073db7b7ed7d66f3,4979,0,2,0
1,9,0,1,4,0.042583713000567514,0.037307,0.0051929999999999997,26558464,NA,NA,NA,NA,NA,NA,NA,NA,163920,51085,1029,1,3469c6c02ad818b9b840f744b74781f39d0d6d69319fb824d729f7875274b381,4515,0,2,0
1,9,1,0,4,0.036878019000141649,0.036792999999999999,0,26714112,NA,NA,NA,NA,NA,NA,NA,NA,163920,51085,1029,1,3469c6c02ad818b9b840f744b74781f39d0d6d69319fb824d729f7875274b381,4515,0,2,0
1,9,0,1,20,0.1988200699997833,0.14511299999999999,0.053506999999999999,64450560,NA,NA,NA,NA,NA,NA,NA,NA,1746680,711531,19202,64,e4041ce2b5b6df572ca4d0ca66e6006ad368116646e82963f7e9550b84ab78ca,13668,0,2,0
1,9,1,0,20,0.36265639700013708,0.200794,0.161491,64401408,NA,NA,NA,NA,NA,NA,NA,NA,1746680,711531,19202,64,e4041ce2b5b6df572ca4d0ca66e6006ad368116646e82963f7e9550b84ab78ca,13667,0,2,3
1,9,0,1,21,0.13075869399926887,0.085545999999999997,0.044975000000000001,64696320,NA,NA,NA,NA,NA,NA,NA,NA,2209528,711531,19202,64,955dcf7525f03629d689feea1585905e0b8700805efb32f241197b1ebcb41ffa,13623,0,2,4
1,9,1,0,21,0.29586923199985904,0.221083,0.07467,64671744,NA,NA,NA,NA,NA,NA,NA,NA,2209528,711531,19202,64,955dcf7525f03629d689feea1585905e0b8700805efb32f241197b1ebcb41ffa,13618,0,2,0
1,9,0,1,14,0.030587621000449872,0.011904,0.018419999999999999,29171712,NA,NA,NA,NA,NA,NA,NA,NA,247896,280189,4101,1,cf0f1cc1e290dce65809b3140c6f2dc9062a9f452120988a3a869e7faab69134,5157,0,2,0
1,9,1,0,14,0.027587651999965601,0.016205999999999998,0.011261999999999999,29171712,NA,NA,NA,NA,NA,NA,NA,NA,247896,280189,4101,1,cf0f1cc1e290dce65809b3140c6f2dc9062a9f452120988a3a869e7faab69134,5147,0,2,0
1,9,0,1,9,0.032825930999933917,0.013306999999999999,0.019421000000000001,28717056,NA,NA,NA,NA,NA,NA,NA,NA,147280,39898,2049,512,02ee45f00f5fa967779eb017bd9c1965526161af8ee6a0f23a31a68b3dbbac77,4984,0,2,0
1,9,1,0,9,0.023457823000171629,0.015637999999999999,0.0077339999999999996,28741632,NA,NA,NA,NA,NA,NA,NA,NA,147280,39898,2049,512,02ee45f00f5fa967779eb017bd9c1965526161af8ee6a0f23a31a68b3dbbac77,4985,0,2,0
1,9,0,1,15,0.035682724000253074,0.024157999999999999,0.011420999999999999,29376512,NA,NA,NA,NA,NA,NA,NA,NA,247896,280189,4101,1,cf0f1cc1e290dce65809b3140c6f2dc9062a9f452120988a3a869e7faab69134,5194,0,2,0
1,9,1,0,15,0.037819471000148042,0.0074440000000000001,0.030270999999999999,29794304,NA,NA,NA,NA,NA,NA,NA,NA,247896,280189,4101,1,cf0f1cc1e290dce65809b3140c6f2dc9062a9f452120988a3a869e7faab69134,5192,0,2,0
1,9,0,0,10,0.024619144000098458,0.011748,0.012791,28160000,NA,NA,NA,NA,NA,NA,NA,NA,106320,39898,2049,512,7b8f1ead52d1f75ea51a9518f4611f96b3105a83b8e9ff16958705114f2a13b3,4956,0,2,0
1,9,1,1,10,0.02302538399999321,0.016357999999999998,0.0064849999999999994,28344320,NA,NA,NA,NA,NA,NA,NA,NA,106320,39898,2049,512,7b8f1ead52d1f75ea51a9518f4611f96b3105a83b8e9ff16958705114f2a13b3,4952,0,2,1
1,9,0,0,22,0.10414094899988413,0.087329999999999991,0.01669,61976576,NA,NA,NA,NA,NA,NA,NA,NA,1433848,711531,19202,64,7fe8e0e1367c4dc75afe736c0ee35e3a3755c0152301f3880ce2412132a22623,13045,0,2,1
1,9,1,1,22,0.10851113300032011,0.090428999999999995,0.016043999999999999,62509056,NA,NA,NA,NA,NA,NA,NA,NA,1433848,711531,19202,64,7fe8e0e1367c4dc75afe736c0ee35e3a3755c0152301f3880ce2412132a22623,13054,0,2,2
1,9,0,0,12,0.043442404999950668,0.034505000000000001,0.0087709999999999993,28688384,NA,NA,NA,NA,NA,NA,NA,NA,313424,280189,4101,1,0f9e44f960c45a3ca86cde574970381ef909d64a6bb2d20a17395bced584502a,5026,0,2,1
1,9,1,1,12,0.042679045000113547,0.035500999999999998,0.0069519999999999998,28839936,NA,NA,NA,NA,NA,NA,NA,NA,313424,280189,4101,1,0f9e44f960c45a3ca86cde574970381ef909d64a6bb2d20a17395bced584502a,5034,0,2,0
1,9,0,0,16,0.084240354000030493,0.068041999999999991,0.016063000000000001,42201088,NA,NA,NA,NA,NA,NA,NA,NA,1083024,235398,3329,64,5916968f62e510f778d0d1e3d1fe7cb78db1f7fd7a3ef52fe1a3aefaf683922d,8295,0,2,1
1,9,1,1,16,0.084629917999336612,0.060627,0.023774999999999998,42283008,NA,NA,NA,NA,NA,NA,NA,NA,1083024,235398,3329,64,5916968f62e510f778d0d1e3d1fe7cb78db1f7fd7a3ef52fe1a3aefaf683922d,8300,0,2,0
1,9,0,0,13,0.027053861000240431,0.011089,0.015854999999999998,29900800,NA,NA,NA,NA,NA,NA,NA,NA,313536,280189,4101,1,5a04cd3dab823e43a4d317f4a27057eec5b1fcaecf9843229a14a897b95f1f29,5239,0,2,0
1,9,1,1,13,0.028548691000651161,0.021307,0.0071249999999999994,29499392,NA,NA,NA,NA,NA,NA,NA,NA,313536,280189,4101,1,5a04cd3dab823e43a4d317f4a27057eec5b1fcaecf9843229a14a897b95f1f29,5226,0,2,0
1,9,0,1,17,0.062963170000330138,0.039292000000000001,0.02358,40947712,NA,NA,NA,NA,NA,NA,NA,NA,1009296,235398,3329,64,38ac9f9d8df5158b7a074eaf4b5e0c874f05fd31c535c3796e06db0d216a0323,7938,0,2,0
1,9,1,0,17,0.068818761000329687,0.050948999999999994,0.017765,40456192,NA,NA,NA,NA,NA,NA,NA,NA,1009296,235398,3329,64,38ac9f9d8df5158b7a074eaf4b5e0c874f05fd31c535c3796e06db0d216a0323,7930,0,2,0
1,9,0,0,7,0.026186549999692943,0.018255,0.0077909999999999993,28487680,NA,NA,NA,NA,NA,NA,NA,NA,126024,51085,1029,1,d6479df97612ac41a8966333a6ef58076a32dad29a20f6bc64e0a5b65673088c,4994,0,2,0
1,9,1,1,7,0.026773012000376184,0.014759999999999999,0.011916,28770304,NA,NA,NA,NA,NA,NA,NA,NA,126024,51085,1029,1,d6479df97612ac41a8966333a6ef58076a32dad29a20f6bc64e0a5b65673088c,4994,0,2,0
1,9,0,1,8,0.025940977000573184,0.017295999999999999,0.0085509999999999996,29847552,NA,NA,NA,NA,NA,NA,NA,NA,98128,39898,2049,512,d54e0d3e437f1319c5e0037da4750229225984f79f1ebd587b1323affae587ab,5487,0,2,0
1,9,1,0,8,0.026587295999888738,0.013019999999999999,0.013472,29696000,NA,NA,NA,NA,NA,NA,NA,NA,98128,39898,2049,512,d54e0d3e437f1319c5e0037da4750229225984f79f1ebd587b1323affae587ab,5484,0,2,0
1,9,0,1,1,0.016673467000146047,0.012601999999999999,0.0039899999999999996,22482944,NA,NA,NA,NA,NA,NA,NA,NA,2056,133,5,1,6b21b079ef6f8f7f055926600e53b906dd7be041e021dd2791b7aa8c55e24585,3545,0,2,0
1,9,1,0,1,0.017761922000318009,0.012737999999999999,0.0049419999999999993,22982656,NA,NA,NA,NA,NA,NA,NA,NA,2056,133,5,1,6b21b079ef6f8f7f055926600e53b906dd7be041e021dd2791b7aa8c55e24585,3557,0,2,0
1,9,0,1,19,0.051240853000308562,0.047139,0.0040209999999999994,40357888,NA,NA,NA,NA,NA,NA,NA,NA,742032,235398,3329,64,bbb3d34b2aa5abdd298d84b8be032ee0c65ab3dbe74b5d4f0ba0963e99614893,7772,0,2,0
1,9,1,0,19,0.051548462000027939,0.047257,0.0042039999999999994,39825408,NA,NA,NA,NA,NA,NA,NA,NA,742032,235398,3329,64,bbb3d34b2aa5abdd298d84b8be032ee0c65ab3dbe74b5d4f0ba0963e99614893,7760,0,2,0
1,9,0,1,23,0.12168063699937193,0.109371,0.012194,62312448,NA,NA,NA,NA,NA,NA,NA,NA,1433848,711531,19202,64,7fe8e0e1367c4dc75afe736c0ee35e3a3755c0152301f3880ce2412132a22623,13111,0,2,1
1,9,1,0,23,0.11607255800026905,0.094875000000000001,0.020975999999999998,62586880,NA,NA,NA,NA,NA,NA,NA,NA,1433848,711531,19202,64,7fe8e0e1367c4dc75afe736c0ee35e3a3755c0152301f3880ce2412132a22623,13115,0,2,1
1,9,0,1,3,0.018598554999698536,0.014055999999999999,0.0044149999999999997,22982656,NA,NA,NA,NA,NA,NA,NA,NA,2008,133,5,1,8210b4f6eac12a20575e673437437e82cfff653da437ea17992a3aed56a99207,3557,0,2,0
1,9,1,0,3,0.018391959000837232,0.014305999999999999,0.0039949999999999994,22560768,NA,NA,NA,NA,NA,NA,NA,NA,2008,133,5,1,8210b4f6eac12a20575e673437437e82cfff653da437ea17992a3aed56a99207,3543,0,2,0
1,9,0,0,0,0.019370083000467275,0.011710999999999999,0.0075669999999999999,22806528,NA,NA,NA,NA,NA,NA,NA,NA,2008,133,5,1,a8c1633e798ef980493443e67e6fdb6eada42f775edf7051d304d09c3ddadf5a,3571,0,2,1
1,9,1,1,0,0.018210062000434846,0.013302,0.0048179999999999994,22683648,NA,NA,NA,NA,NA,NA,NA,NA,2008,133,5,1,a8c1633e798ef980493443e67e6fdb6eada42f775edf7051d304d09c3ddadf5a,3570,0,2,0
1,9,0,0,2,0.018783428999995522,0.014277,0.0044079999999999996,22990848,NA,NA,NA,NA,NA,NA,NA,NA,2008,133,5,1,8210b4f6eac12a20575e673437437e82cfff653da437ea17992a3aed56a99207,3553,0,2,1
1,9,1,1,2,0.01829109500067716,0.010466,0.0077510000000000001,22675456,NA,NA,NA,NA,NA,NA,NA,NA,2008,133,5,1,8210b4f6eac12a20575e673437437e82cfff653da437ea17992a3aed56a99207,3549,0,2,0
1,9,0,1,11,0.024753092000537436,0.017100999999999998,0.007489,28635136,NA,NA,NA,NA,NA,NA,NA,NA,106320,39898,2049,512,7b8f1ead52d1f75ea51a9518f4611f96b3105a83b8e9ff16958705114f2a13b3,4959,0,2,0
1,9,1,0,11,0.024560537999605003,0.015618999999999999,0.0088310000000000003,28766208,NA,NA,NA,NA,NA,NA,NA,NA,106320,39898,2049,512,7b8f1ead52d1f75ea51a9518f4611f96b3105a83b8e9ff16958705114f2a13b3,4957,0,2,1
1,9,0,0,6,0.023618836999958148,0.019518000000000001,0.0040219999999999995,28790784,NA,NA,NA,NA,NA,NA,NA,NA,126024,51085,1029,1,d6479df97612ac41a8966333a6ef58076a32dad29a20f6bc64e0a5b65673088c,4940,0,2,0
1,9,1,1,6,0.024175294999622565,0.015774,0.0083219999999999995,28491776,NA,NA,NA,NA,NA,NA,NA,NA,126024,51085,1029,1,d6479df97612ac41a8966333a6ef58076a32dad29a20f6bc64e0a5b65673088c,4936,0,2,0
1,9,0,0,18,0.052115313999820501,0.028833999999999999,0.023205999999999997,39931904,NA,NA,NA,NA,NA,NA,NA,NA,742032,235398,3329,64,bbb3d34b2aa5abdd298d84b8be032ee0c65ab3dbe74b5d4f0ba0963e99614893,7771,0,2,0
1,9,1,1,18,0.049731637000149931,0.037212999999999996,0.012430999999999999,40402944,NA,NA,NA,NA,NA,NA,NA,NA,742032,235398,3329,64,bbb3d34b2aa5abdd298d84b8be032ee0c65ab3dbe74b5d4f0ba0963e99614893,7778,0,2,0
1,10,0,1,2,0.018353647999902023,0.009358,0.0086909999999999991,23031808,NA,NA,NA,NA,NA,NA,NA,NA,2008,133,5,1,8210b4f6eac12a20575e673437437e82cfff653da437ea17992a3aed56a99207,3559,0,2,0
1,10,1,0,2,0.016380197999751545,0.012301999999999999,0.0039769999999999996,22290432,NA,NA,NA,NA,NA,NA,NA,NA,2008,133,5,1,8210b4f6eac12a20575e673437437e82cfff653da437ea17992a3aed56a99207,3544,0,2,0
1,10,0,1,23,0.12740635799946176,0.10562299999999999,0.021686,62312448,NA,NA,NA,NA,NA,NA,NA,NA,1433848,711531,19202,64,7fe8e0e1367c4dc75afe736c0ee35e3a3755c0152301f3880ce2412132a22623,13108,0,2,0
1,10,1,0,23,0.11988062000000355,0.099336999999999995,0.020395,62574592,NA,NA,NA,NA,NA,NA,NA,NA,1433848,711531,19202,64,7fe8e0e1367c4dc75afe736c0ee35e3a3755c0152301f3880ce2412132a22623,13113,0,2,0
1,10,0,0,13,0.02780537299986463,0.019323999999999997,0.0079579999999999998,30052352,NA,NA,NA,NA,NA,NA,NA,NA,313536,280189,4101,1,5a04cd3dab823e43a4d317f4a27057eec5b1fcaecf9843229a14a897b95f1f29,5235,0,2,0
1,10,1,1,13,0.026458180000190623,0.022789999999999998,0.0035609999999999999,30056448,NA,NA,NA,NA,NA,NA,NA,NA,313536,280189,4101,1,5a04cd3dab823e43a4d317f4a27057eec5b1fcaecf9843229a14a897b95f1f29,5242,0,2,0
1,10,0,0,15,0.025334791999739537,0.017044999999999998,0.0081919999999999996,29343744,NA,NA,NA,NA,NA,NA,NA,NA,247896,280189,4101,1,cf0f1cc1e290dce65809b3140c6f2dc9062a9f452120988a3a869e7faab69134,5191,0,2,0
1,10,1,1,15,0.027599118000580347,0.015090999999999999,0.012407999999999999,29745152,NA,NA,NA,NA,NA,NA,NA,NA,247896,280189,4101,1,cf0f1cc1e290dce65809b3140c6f2dc9062a9f452120988a3a869e7faab69134,5191,0,2,0
1,10,0,1,9,0.02229230099965207,0.015075,0.0071109999999999993,28409856,NA,NA,NA,NA,NA,NA,NA,NA,147280,39898,2049,512,02ee45f00f5fa967779eb017bd9c1965526161af8ee6a0f23a31a68b3dbbac77,4987,0,2,0
1,10,1,0,9,0.021299549000104889,0.0086990000000000001,0.01252,28299264,NA,NA,NA,NA,NA,NA,NA,NA,147280,39898,2049,512,02ee45f00f5fa967779eb017bd9c1965526161af8ee6a0f23a31a68b3dbbac77,4986,0,2,0
1,10,0,0,8,0.023798074000296765,0.018974999999999999,0.0047260000000000002,29540352,NA,NA,NA,NA,NA,NA,NA,NA,98128,39898,2049,512,d54e0d3e437f1319c5e0037da4750229225984f79f1ebd587b1323affae587ab,5476,0,2,0
1,10,1,1,8,0.028094556999349152,0.015257,0.012763,29536256,NA,NA,NA,NA,NA,NA,NA,NA,98128,39898,2049,512,d54e0d3e437f1319c5e0037da4750229225984f79f1ebd587b1323affae587ab,5474,0,2,0
1,10,0,0,7,0.02396904600027483,0.019871,0.0039899999999999996,28774400,NA,NA,NA,NA,NA,NA,NA,NA,126024,51085,1029,1,d6479df97612ac41a8966333a6ef58076a32dad29a20f6bc64e0a5b65673088c,4998,0,2,1
1,10,1,1,7,0.023716065999906277,0.011904999999999999,0.011727999999999999,28930048,NA,NA,NA,NA,NA,NA,NA,NA,126024,51085,1029,1,d6479df97612ac41a8966333a6ef58076a32dad29a20f6bc64e0a5b65673088c,5001,0,2,0
1,10,0,0,20,0.1543482960005349,0.13441799999999998,0.019837,64229376,NA,NA,NA,NA,NA,NA,NA,NA,1746680,711531,19202,64,e4041ce2b5b6df572ca4d0ca66e6006ad368116646e82963f7e9550b84ab78ca,13665,0,2,0
1,10,1,1,20,0.17020258899992768,0.13939699999999999,0.030609999999999998,64262144,NA,NA,NA,NA,NA,NA,NA,NA,1746680,711531,19202,64,e4041ce2b5b6df572ca4d0ca66e6006ad368116646e82963f7e9550b84ab78ca,13667,0,2,6
1,10,0,1,19,0.052298923999842373,0.028003999999999998,0.024180999999999998,40415232,NA,NA,NA,NA,NA,NA,NA,NA,742032,235398,3329,64,bbb3d34b2aa5abdd298d84b8be032ee0c65ab3dbe74b5d4f0ba0963e99614893,7742,0,2,0
1,10,1,0,19,0.050576781000017945,0.034189999999999998,0.016286999999999999,39940096,NA,NA,NA,NA,NA,NA,NA,NA,742032,235398,3329,64,bbb3d34b2aa5abdd298d84b8be032ee0c65ab3dbe74b5d4f0ba0963e99614893,7754,0,2,0
1,10,0,0,3,0.016882896999959485,0.01251,0.0042789999999999998,22577152,NA,NA,NA,NA,NA,NA,NA,NA,2008,133,5,1,8210b4f6eac12a20575e673437437e82cfff653da437ea17992a3aed56a99207,3556,0,2,0
1,10,1,1,3,0.016007702000024437,0.011896,0.0040079999999999994,22573056,NA,NA,NA,NA,NA,NA,NA,NA,2008,133,5,1,8210b4f6eac12a20575e673437437e82cfff653da437ea17992a3aed56a99207,3550,0,2,0
1,10,0,1,1,0.016150750000633707,0.011989999999999999,0.0040689999999999997,22339584,NA,NA,NA,NA,NA,NA,NA,NA,2056,133,5,1,6b21b079ef6f8f7f055926600e53b906dd7be041e021dd2791b7aa8c55e24585,3543,0,2,0
1,10,1,0,1,0.01619434199983516,0.011927,0.0041510000000000002,22966272,NA,NA,NA,NA,NA,NA,NA,NA,2056,133,5,1,6b21b079ef6f8f7f055926600e53b906dd7be041e021dd2791b7aa8c55e24585,3556,0,2,0
1,10,0,1,10,0.025378027999977348,0.020937999999999998,0.004372,28315648,NA,NA,NA,NA,NA,NA,NA,NA,106320,39898,2049,512,7b8f1ead52d1f75ea51a9518f4611f96b3105a83b8e9ff16958705114f2a13b3,4957,0,2,0
1,10,1,0,10,0.022290036999947915,0.014938,0.0072749999999999993,28200960,NA,NA,NA,NA,NA,NA,NA,NA,106320,39898,2049,512,7b8f1ead52d1f75ea51a9518f4611f96b3105a83b8e9ff16958705114f2a13b3,4950,0,2,0
1,10,0,0,22,0.11100187499960157,0.077345999999999998,0.033564999999999998,62017536,NA,NA,NA,NA,NA,NA,NA,NA,1433848,711531,19202,64,7fe8e0e1367c4dc75afe736c0ee35e3a3755c0152301f3880ce2412132a22623,13039,0,2,0
1,10,1,1,22,0.10804612599986285,0.08813399999999999,0.019741999999999999,62459904,NA,NA,NA,NA,NA,NA,NA,NA,1433848,711531,19202,64,7fe8e0e1367c4dc75afe736c0ee35e3a3755c0152301f3880ce2412132a22623,13053,0,2,1
1,10,0,1,21,0.10566476899930421,0.089082999999999996,0.016448999999999998,64622592,NA,NA,NA,NA,NA,NA,NA,NA,2209528,711531,19202,64,955dcf7525f03629d689feea1585905e0b8700805efb32f241197b1ebcb41ffa,13616,0,2,0
1,10,1,0,21,0.10154172599959566,0.074214000000000002,0.027182999999999999,64618496,NA,NA,NA,NA,NA,NA,NA,NA,2209528,711531,19202,64,955dcf7525f03629d689feea1585905e0b8700805efb32f241197b1ebcb41ffa,13615,0,2,2
1,10,0,1,5,0.026980964000358654,0.021829999999999999,0.0050219999999999996,28876800,NA,NA,NA,NA,NA,NA,NA,NA,192736,51085,1029,1,98c15b8b4636441c6e839c68a3bed9dee3bd8ae062882739073db7b7ed7d66f3,4979,0,2,0
1,10,1,0,5,0.02365785500023776,0.015453999999999999,0.0080929999999999995,28344320,NA,NA,NA,NA,NA,NA,NA,NA,192736,51085,1029,1,98c15b8b4636441c6e839c68a3bed9dee3bd8ae062882739073db7b7ed7d66f3,4973,0,2,0
1,10,0,1,6,0.023941159999594674,0.019747999999999998,0.0040790000000000002,28356608,NA,NA,NA,NA,NA,NA,NA,NA,126024,51085,1029,1,d6479df97612ac41a8966333a6ef58076a32dad29a20f6bc64e0a5b65673088c,4933,0,2,0
1,10,1,0,6,0.02389684199988551,0.020028999999999998,0.0037749999999999997,28307456,NA,NA,NA,NA,NA,NA,NA,NA,126024,51085,1029,1,d6479df97612ac41a8966333a6ef58076a32dad29a20f6bc64e0a5b65673088c,4938,0,2,0
1,10,0,1,4,0.035593914999481058,0.027622999999999998,0.0078750000000000001,26820608,NA,NA,NA,NA,NA,NA,NA,NA,163920,51085,1029,1,3469c6c02ad818b9b840f744b74781f39d0d6d69319fb824d729f7875274b381,4520,0,2,0
1,10,1,0,4,0.037094023000463494,0.036955999999999996,0,26525696,NA,NA,NA,NA,NA,NA,NA,NA,163920,51085,1029,1,3469c6c02ad818b9b840f744b74781f39d0d6d69319fb824d729f7875274b381,4517,0,2,1
1,10,0,1,18,0.057988897000541328,0.045906999999999996,0.011996,40210432,NA,NA,NA,NA,NA,NA,NA,NA,742032,235398,3329,64,bbb3d34b2aa5abdd298d84b8be032ee0c65ab3dbe74b5d4f0ba0963e99614893,7773,0,2,1
1,10,1,0,18,0.05421318800017616,0.038002000000000001,0.016115999999999998,40222720,NA,NA,NA,NA,NA,NA,NA,NA,742032,235398,3329,64,bbb3d34b2aa5abdd298d84b8be032ee0c65ab3dbe74b5d4f0ba0963e99614893,7775,0,2,0
1,10,0,0,0,0.018725062000157777,0.0093889999999999998,0.0092420000000000002,22900736,NA,NA,NA,NA,NA,NA,NA,NA,2008,133,5,1,a8c1633e798ef980493443e67e6fdb6eada42f775edf7051d304d09c3ddadf5a,3573,0,2,0
1,10,1,1,0,0.016369654999834893,0.012225,0.0040619999999999996,22986752,NA,NA,NA,NA,NA,NA,NA,NA,2008,133,5,1,a8c1633e798ef980493443e67e6fdb6eada42f775edf7051d304d09c3ddadf5a,3580,0,2,0
1,10,0,1,12,0.037087855999743624,0.032986999999999995,0.0040149999999999995,28557312,NA,NA,NA,NA,NA,NA,NA,NA,313424,280189,4101,1,0f9e44f960c45a3ca86cde574970381ef909d64a6bb2d20a17395bced584502a,5022,0,2,0
1,10,1,0,12,0.039522910000414413,0.031156,0.0082799999999999992,28925952,NA,NA,NA,NA,NA,NA,NA,NA,313424,280189,4101,1,0f9e44f960c45a3ca86cde574970381ef909d64a6bb2d20a17395bced584502a,5030,0,2,0
1,10,0,0,14,0.024597848999292182,0.024489,0,29245440,NA,NA,NA,NA,NA,NA,NA,NA,247896,280189,4101,1,cf0f1cc1e290dce65809b3140c6f2dc9062a9f452120988a3a869e7faab69134,5151,0,2,1
1,10,1,1,14,0.024008600000342994,0.019892,0.0040219999999999995,29519872,NA,NA,NA,NA,NA,NA,NA,NA,247896,280189,4101,1,cf0f1cc1e290dce65809b3140c6f2dc9062a9f452120988a3a869e7faab69134,5157,0,2,1
1,10,0,1,17,0.063055725000594975,0.054245999999999996,0.0086949999999999996,40529920,NA,NA,NA,NA,NA,NA,NA,NA,1009296,235398,3329,64,38ac9f9d8df5158b7a074eaf4b5e0c874f05fd31c535c3796e06db0d216a0323,7932,0,2,0
1,10,1,0,17,0.075363253999967128,0.054368,0.018533000000000001,40865792,NA,NA,NA,NA,NA,NA,NA,NA,1009296,235398,3329,64,38ac9f9d8df5158b7a074eaf4b5e0c874f05fd31c535c3796e06db0d216a0323,7933,0,2,0
1,10,0,0,16,0.081462689000545652,0.061177999999999996,0.020116999999999999,41881600,NA,NA,NA,NA,NA,NA,NA,NA,1083024,235398,3329,64,5916968f62e510f778d0d1e3d1fe7cb78db1f7fd7a3ef52fe1a3aefaf683922d,8297,0,2,1
1,10,1,1,16,0.081589657999757037,0.061696999999999995,0.019722999999999997,42115072,NA,NA,NA,NA,NA,NA,NA,NA,1083024,235398,3329,64,5916968f62e510f778d0d1e3d1fe7cb78db1f7fd7a3ef52fe1a3aefaf683922d,8295,0,2,1
1,10,0,1,11,0.026119447999917611,0.022024999999999999,0.0039870000000000001,28364800,NA,NA,NA,NA,NA,NA,NA,NA,106320,39898,2049,512,7b8f1ead52d1f75ea51a9518f4611f96b3105a83b8e9ff16958705114f2a13b3,4960,0,2,0
1,10,1,0,11,0.022527219000039622,0.018096999999999999,0.0043369999999999997,28626944,NA,NA,NA,NA,NA,NA,NA,NA,106320,39898,2049,512,7b8f1ead52d1f75ea51a9518f4611f96b3105a83b8e9ff16958705114f2a13b3,4958,0,2,0
1,11,0,0,9,0.021878794999793172,0.021797,0,28758016,NA,NA,NA,NA,NA,NA,NA,NA,147280,39898,2049,512,02ee45f00f5fa967779eb017bd9c1965526161af8ee6a0f23a31a68b3dbbac77,4984,0,2,0
1,11,1,1,9,0.021523804000025848,0.017814,0.0036129999999999999,28327936,NA,NA,NA,NA,NA,NA,NA,NA,147280,39898,2049,512,02ee45f00f5fa967779eb017bd9c1965526161af8ee6a0f23a31a68b3dbbac77,4981,0,2,0
1,11,0,0,1,0.018219321999822569,0.0088419999999999992,0.0092639999999999997,23015424,NA,NA,NA,NA,NA,NA,NA,NA,2056,133,5,1,6b21b079ef6f8f7f055926600e53b906dd7be041e021dd2791b7aa8c55e24585,3554,0,2,0
1,11,1,1,1,0.017206815000463394,0.012744999999999999,0.0043660000000000001,22974464,NA,NA,NA,NA,NA,NA,NA,NA,2056,133,5,1,6b21b079ef6f8f7f055926600e53b906dd7be041e021dd2791b7aa8c55e24585,3557,0,2,0
1,11,0,0,2,0.018053620000500814,0.017971999999999998,0,22536192,NA,NA,NA,NA,NA,NA,NA,NA,2008,133,5,1,8210b4f6eac12a20575e673437437e82cfff653da437ea17992a3aed56a99207,3549,0,2,0
1,11,1,1,2,0.019483338000100048,0.013986999999999999,0.0052699999999999995,23052288,NA,NA,NA,NA,NA,NA,NA,NA,2008,133,5,1,8210b4f6eac12a20575e673437437e82cfff653da437ea17992a3aed56a99207,3554,0,2,1
1,11,0,0,23,0.11583874999996624,0.087820999999999996,0.027857999999999997,62779392,NA,NA,NA,NA,NA,NA,NA,NA,1433848,711531,19202,64,7fe8e0e1367c4dc75afe736c0ee35e3a3755c0152301f3880ce2412132a22623,13113,0,2,2
1,11,1,1,23,0.12444012000014482,0.12032799999999999,0.0039179999999999996,62656512,NA,NA,NA,NA,NA,NA,NA,NA,1433848,711531,19202,64,7fe8e0e1367c4dc75afe736c0ee35e3a3755c0152301f3880ce2412132a22623,13117,0,2,2
1,11,0,0,5,0.028573683999638888,0.024052,0.0043210000000000002,28835840,NA,NA,NA,NA,NA,NA,NA,NA,192736,51085,1029,1,98c15b8b4636441c6e839c68a3bed9dee3bd8ae062882739073db7b7ed7d66f3,4975,0,2,2
1,11,1,1,5,0.026380607999271888,0.013236999999999999,0.012853999999999999,28876800,NA,NA,NA,NA,NA,NA,NA,NA,192736,51085,1029,1,98c15b8b4636441c6e839c68a3bed9dee3bd8ae062882739073db7b7ed7d66f3,4978,0,2,0
1,11,0,0,12,0.040348489000280097,0.029227,0.011009999999999999,28549120,NA,NA,NA,NA,NA,NA,NA,NA,313424,280189,4101,1,0f9e44f960c45a3ca86cde574970381ef909d64a6bb2d20a17395bced584502a,5030,0,2,0
1,11,1,1,12,0.037653305000276305,0.029028999999999999,0.0084609999999999998,28753920,NA,NA,NA,NA,NA,NA,NA,NA,313424,280189,4101,1,0f9e44f960c45a3ca86cde574970381ef909d64a6bb2d20a17395bced584502a,5032,0,2,1
1,11,0,0,10,0.022302401000160899,0.014780999999999999,0.0073720000000000001,28200960,NA,NA,NA,NA,NA,NA,NA,NA,106320,39898,2049,512,7b8f1ead52d1f75ea51a9518f4611f96b3105a83b8e9ff16958705114f2a13b3,4958,0,2,1
1,11,1,1,10,0.025233491999642865,0.010064999999999999,0.015082,28745728,NA,NA,NA,NA,NA,NA,NA,NA,106320,39898,2049,512,7b8f1ead52d1f75ea51a9518f4611f96b3105a83b8e9ff16958705114f2a13b3,4961,0,2,0
1,11,0,1,13,0.025600953999855847,0.013032999999999999,0.012477,29638656,NA,NA,NA,NA,NA,NA,NA,NA,313536,280189,4101,1,5a04cd3dab823e43a4d317f4a27057eec5b1fcaecf9843229a14a897b95f1f29,5233,0,2,0
1,11,1,0,13,0.024591731999862532,0.024434999999999998,0,29450240,NA,NA,NA,NA,NA,NA,NA,NA,313536,280189,4101,1,5a04cd3dab823e43a4d317f4a27057eec5b1fcaecf9843229a14a897b95f1f29,5232,0,2,1
1,11,0,1,7,0.023048942000059469,0.022963999999999998,0,28692480,NA,NA,NA,NA,NA,NA,NA,NA,126024,51085,1029,1,d6479df97612ac41a8966333a6ef58076a32dad29a20f6bc64e0a5b65673088c,4990,0,2,0
1,11,1,0,7,0.025170392999825708,0.021533,0.003552,28381184,NA,NA,NA,NA,NA,NA,NA,NA,126024,51085,1029,1,d6479df97612ac41a8966333a6ef58076a32dad29a20f6bc64e0a5b65673088c,4985,0,2,0
1,11,0,0,4,0.035468115000185207,0.027733999999999998,0.0076149999999999994,26533888,NA,NA,NA,NA,NA,NA,NA,NA,163920,51085,1029,1,3469c6c02ad818b9b840f744b74781f39d0d6d69319fb824d729f7875274b381,4520,0,2,1
1,11,1,1,4,0.045739811999737867,0.035763999999999997,0.0098969999999999995,26787840,NA,NA,NA,NA,NA,NA,NA,NA,163920,51085,1029,1,3469c6c02ad818b9b840f744b74781f39d0d6d69319fb824d729f7875274b381,4521,0,2,0
1,11,0,1,3,0.020631772999877285,0.017314,0.0031819999999999999,22597632,NA,NA,NA,NA,NA,NA,NA,NA,2008,133,5,1,8210b4f6eac12a20575e673437437e82cfff653da437ea17992a3aed56a99207,3553,0,2,0
1,11,1,0,3,0.017215961000147217,0.012836,0.0043039999999999997,22880256,NA,NA,NA,NA,NA,NA,NA,NA,2008,133,5,1,8210b4f6eac12a20575e673437437e82cfff653da437ea17992a3aed56a99207,3559,0,2,0
1,11,0,1,14,0.027091516000837146,0.019245999999999999,0.0076989999999999992,29675520,NA,NA,NA,NA,NA,NA,NA,NA,247896,280189,4101,1,cf0f1cc1e290dce65809b3140c6f2dc9062a9f452120988a3a869e7faab69134,5162,0,2,1
1,11,1,0,14,0.025693429999591899,0.010884,0.014700999999999999,29585408,NA,NA,NA,NA,NA,NA,NA,NA,247896,280189,4101,1,cf0f1cc1e290dce65809b3140c6f2dc9062a9f452120988a3a869e7faab69134,5153,0,2,0
1,11,0,0,21,0.22161067199976969,0.14862,0.070406999999999997,64679936,NA,NA,NA,NA,NA,NA,NA,NA,2209528,711531,19202,64,955dcf7525f03629d689feea1585905e0b8700805efb32f241197b1ebcb41ffa,13626,0,2,4
1,11,1,1,21,0.14305394100028934,0.063131999999999994,0.079089999999999994,64688128,NA,NA,NA,NA,NA,NA,NA,NA,2209528,711531,19202,64,955dcf7525f03629d689feea1585905e0b8700805efb32f241197b1ebcb41ffa,13620,0,2,3
1,11,0,0,18,0.058262485000341258,0.040861000000000001,0.013552,40341504,NA,NA,NA,NA,NA,NA,NA,NA,742032,235398,3329,64,bbb3d34b2aa5abdd298d84b8be032ee0c65ab3dbe74b5d4f0ba0963e99614893,7770,0,1,1
1,11,1,1,18,0.055944269000065106,0.051087,0.0046639999999999997,40378368,NA,NA,NA,NA,NA,NA,NA,NA,742032,235398,3329,64,bbb3d34b2aa5abdd298d84b8be032ee0c65ab3dbe74b5d4f0ba0963e99614893,7775,0,2,1
1,11,0,0,17,0.068286259000160499,0.042629,0.025215999999999999,41013248,NA,NA,NA,NA,NA,NA,NA,NA,1009296,235398,3329,64,38ac9f9d8df5158b7a074eaf4b5e0c874f05fd31c535c3796e06db0d216a0323,7936,0,2,4
1,11,1,1,17,0.071325480999803403,0.046321999999999995,0.024555999999999998,41062400,NA,NA,NA,NA,NA,NA,NA,NA,1009296,235398,3329,64,38ac9f9d8df5158b7a074eaf4b5e0c874f05fd31c535c3796e06db0d216a0323,7935,0,2,2
1,11,0,0,6,0.025314975000583217,0.020931999999999999,0.0041370000000000001,28356608,NA,NA,NA,NA,NA,NA,NA,NA,126024,51085,1029,1,d6479df97612ac41a8966333a6ef58076a32dad29a20f6bc64e0a5b65673088c,4930,0,2,1
1,11,1,1,6,0.026264509000611724,0.016943,0.009221,28196864,NA,NA,NA,NA,NA,NA,NA,NA,126024,51085,1029,1,d6479df97612ac41a8966333a6ef58076a32dad29a20f6bc64e0a5b65673088c,4930,0,1,0
1,11,0,1,16,0.077175047999844537,0.06545999999999999,0.011493,41852928,NA,NA,NA,NA,NA,NA,NA,NA,1083024,235398,3329,64,5916968f62e510f778d0d1e3d1fe7cb78db1f7fd7a3ef52fe1a3aefaf683922d,8291,0,2,4
1,11,1,0,16,0.084829706999698828,0.066752999999999993,0.017774999999999999,41881600,NA,NA,NA,NA,NA,NA,NA,NA,1083024,235398,3329,64,5916968f62e510f778d0d1e3d1fe7cb78db1f7fd7a3ef52fe1a3aefaf683922d,8292,0,2,2
1,11,0,1,0,0.028441675000067335,0.028265999999999999,0,22720512,NA,NA,NA,NA,NA,NA,NA,NA,2008,133,5,1,a8c1633e798ef980493443e67e6fdb6eada42f775edf7051d304d09c3ddadf5a,3575,0,2,1
1,11,1,0,0,0.018205258999842044,0.018047000000000001,0,22720512,NA,NA,NA,NA,NA,NA,NA,NA,2008,133,5,1,a8c1633e798ef980493443e67e6fdb6eada42f775edf7051d304d09c3ddadf5a,3569,0,2,0
1,11,0,1,20,0.17613460899974598,0.146456,0.029391999999999998,64458752,NA,NA,NA,NA,NA,NA,NA,NA,1746680,711531,19202,64,e4041ce2b5b6df572ca4d0ca66e6006ad368116646e82963f7e9550b84ab78ca,13668,0,2,4
1,11,1,0,20,0.16857619300026272,0.15620599999999998,0.011913999999999999,64270336,NA,NA,NA,NA,NA,NA,NA,NA,1746680,711531,19202,64,e4041ce2b5b6df572ca4d0ca66e6006ad368116646e82963f7e9550b84ab78ca,13666,0,2,3
1,11,0,1,8,0.03255735899983847,0.027833999999999998,0.0044120000000000001,29528064,NA,NA,NA,NA,NA,NA,NA,NA,98128,39898,2049,512,d54e0d3e437f1319c5e0037da4750229225984f79f1ebd587b1323affae587ab,5474,0,2,2
1,11,1,0,8,0.027330693999829236,0.019715999999999997,0.0073999999999999995,29528064,NA,NA,NA,NA,NA,NA,NA,NA,98128,39898,2049,512,d54e0d3e437f1319c5e0037da4750229225984f79f1ebd587b1323affae587ab,5481,0,2,2
1,11,0,1,22,0.10457088499970268,0.079969999999999999,0.024348999999999999,61976576,NA,NA,NA,NA,NA,NA,NA,NA,1433848,711531,19202,64,7fe8e0e1367c4dc75afe736c0ee35e3a3755c0152301f3880ce2412132a22623,13043,0,2,2
1,11,1,0,22,0.11281520299962722,0.086999999999999994,0.025509,62447616,NA,NA,NA,NA,NA,NA,NA,NA,1433848,711531,19202,64,7fe8e0e1367c4dc75afe736c0ee35e3a3755c0152301f3880ce2412132a22623,13051,0,2,4
1,11,0,0,11,0.038813197999843396,0.014698999999999999,0.023931999999999998,28741632,NA,NA,NA,NA,NA,NA,NA,NA,106320,39898,2049,512,7b8f1ead52d1f75ea51a9518f4611f96b3105a83b8e9ff16958705114f2a13b3,4962,0,2,1
1,11,1,1,11,0.023499568000261206,0.0118,0.011488,28585984,NA,NA,NA,NA,NA,NA,NA,NA,106320,39898,2049,512,7b8f1ead52d1f75ea51a9518f4611f96b3105a83b8e9ff16958705114f2a13b3,4963,0,2,2
1,11,0,0,19,0.057288469999548397,0.037683999999999995,0.016459999999999999,39907328,NA,NA,NA,NA,NA,NA,NA,NA,742032,235398,3329,64,bbb3d34b2aa5abdd298d84b8be032ee0c65ab3dbe74b5d4f0ba0963e99614893,7759,0,2,1
1,11,1,1,19,0.049079299000368337,0.028426,0.020472999999999998,40325120,NA,NA,NA,NA,NA,NA,NA,NA,742032,235398,3329,64,bbb3d34b2aa5abdd298d84b8be032ee0c65ab3dbe74b5d4f0ba0963e99614893,7764,0,2,2
1,11,0,1,15,0.025331326000014087,0.016906000000000001,0.0082480000000000001,29790208,NA,NA,NA,NA,NA,NA,NA,NA,247896,280189,4101,1,cf0f1cc1e290dce65809b3140c6f2dc9062a9f452120988a3a869e7faab69134,5197,0,2,1
1,11,1,0,15,0.02702860600038548,0.01342,0.013427,29339648,NA,NA,NA,NA,NA,NA,NA,NA,247896,280189,4101,1,cf0f1cc1e290dce65809b3140c6f2dc9062a9f452120988a3a869e7faab69134,5185,0,2,0
1,12,0,0,12,0.043518281000615389,0.034519999999999995,0.0088059999999999996,28573696,NA,NA,NA,NA,NA,NA,NA,NA,313424,280189,4101,1,0f9e44f960c45a3ca86cde574970381ef909d64a6bb2d20a17395bced584502a,5030,0,2,2
1,12,1,1,12,0.046716832000129216,0.035754000000000001,0.010770999999999999,28729344,NA,NA,NA,NA,NA,NA,NA,NA,313424,280189,4101,1,0f9e44f960c45a3ca86cde574970381ef909d64a6bb2d20a17395bced584502a,5032,0,2,1
1,12,0,0,23,0.13001228799930686,0.101836,0.027866999999999999,62586880,NA,NA,NA,NA,NA,NA,NA,NA,1433848,711531,19202,64,7fe8e0e1367c4dc75afe736c0ee35e3a3755c0152301f3880ce2412132a22623,13115,0,2,3
1,12,1,1,23,0.131037242000275,0.110286,0.020440999999999997,62271488,NA,NA,NA,NA,NA,NA,NA,NA,1433848,711531,19202,64,7fe8e0e1367c4dc75afe736c0ee35e3a3755c0152301f3880ce2412132a22623,13114,0,2,2
1,12,0,0,4,0.04342794399963168,0.038716,0.003872,26714112,NA,NA,NA,NA,NA,NA,NA,NA,163920,51085,1029,1,3469c6c02ad818b9b840f744b74781f39d0d6d69319fb824d729f7875274b381,4518,0,1,3
1,12,1,1,4,0.11505678899993654,0.055806999999999995,0.054883999999999995,26529792,NA,NA,NA,NA,NA,NA,NA,NA,163920,51085,1029,1,3469c6c02ad818b9b840f744b74781f39d0d6d69319fb824d729f7875274b381,4513,0,2,5
1,12,0,0,6,0.033084305000556924,0.018157,0.014719999999999999,28696576,NA,NA,NA,NA,NA,NA,NA,NA,126024,51085,1029,1,d6479df97612ac41a8966333a6ef58076a32dad29a20f6bc64e0a5b65673088c,4922,0,2,1
1,12,1,1,6,0.026250949999848672,0.026095999999999998,0,28696576,NA,NA,NA,NA,NA,NA,NA,NA,126024,51085,1029,1,d6479df97612ac41a8966333a6ef58076a32dad29a20f6bc64e0a5b65673088c,4937,0,2,1
1,12,0,0,14,0.029999814000802871,0.017809999999999999,0.012001,29212672,NA,NA,NA,NA,NA,NA,NA,NA,247896,280189,4101,1,cf0f1cc1e290dce65809b3140c6f2dc9062a9f452120988a3a869e7faab69134,5157,0,2,1
1,12,1,1,14,0.029237722999823745,0.024739000000000001,0.004346,29663232,NA,NA,NA,NA,NA,NA,NA,NA,247896,280189,4101,1,cf0f1cc1e290dce65809b3140c6f2dc9062a9f452120988a3a869e7faab69134,5154,0,2,2
1,12,0,1,13,0.034129661999941163,0.026168,0.007731,29614080,NA,NA,NA,NA,NA,NA,NA,NA,313536,280189,4101,1,5a04cd3dab823e43a4d317f4a27057eec5b1fcaecf9843229a14a897b95f1f29,5230,0,2,2
1,12,1,0,13,0.028637534000154119,0.024583999999999998,0.003813,30048256,NA,NA,NA,NA,NA,NA,NA,NA,313536,280189,4101,1,5a04cd3dab823e43a4d317f4a27057eec5b1fcaecf9843229a14a897b95f1f29,5235,0,2,2
1,12,0,1,9,0.027498262000335671,0.019878,0.0074599999999999996,28303360,NA,NA,NA,NA,NA,NA,NA,NA,147280,39898,2049,512,02ee45f00f5fa967779eb017bd9c1965526161af8ee6a0f23a31a68b3dbbac77,4980,0,2,2
1,12,1,0,9,0.029277106000336062,0.014261999999999999,0.011967999999999999,28758016,NA,NA,NA,NA,NA,NA,NA,NA,147280,39898,2049,512,02ee45f00f5fa967779eb017bd9c1965526161af8ee6a0f23a31a68b3dbbac77,4984,0,2,1
1,12,0,0,5,0.030810168999778398,0.023165999999999999,0.007443,28778496,NA,NA,NA,NA,NA,NA,NA,NA,192736,51085,1029,1,98c15b8b4636441c6e839c68a3bed9dee3bd8ae062882739073db7b7ed7d66f3,4981,0,2,2
1,12,1,1,5,0.022647275999588601,0.013514,0.0089680000000000003,28327936,NA,NA,NA,NA,NA,NA,NA,NA,192736,51085,1029,1,98c15b8b4636441c6e839c68a3bed9dee3bd8ae062882739073db7b7ed7d66f3,4970,0,2,1
1,12,0,1,22,0.12043380400064052,0.084443999999999991,0.035723999999999999,62443520,NA,NA,NA,NA,NA,NA,NA,NA,1433848,711531,19202,64,7fe8e0e1367c4dc75afe736c0ee35e3a3755c0152301f3880ce2412132a22623,13047,0,2,2
1,12,1,0,22,0.11356656899988593,0.090136999999999995,0.023001999999999998,62390272,NA,NA,NA,NA,NA,NA,NA,NA,1433848,711531,19202,64,7fe8e0e1367c4dc75afe736c0ee35e3a3755c0152301f3880ce2412132a22623,13053,0,2,2
1,12,0,0,19,0.068771161000768188,0.058587,0.0059099999999999995,39936000,NA,NA,NA,NA,NA,NA,NA,NA,742032,235398,3329,64,bbb3d34b2aa5abdd298d84b8be032ee0c65ab3dbe74b5d4f0ba0963e99614893,7759,0,1,2
1,12,1,1,19,0.053056855999784602,0.040189999999999997,0.012626999999999999,39948288,NA,NA,NA,NA,NA,NA,NA,NA,742032,235398,3329,64,bbb3d34b2aa5abdd298d84b8be032ee0c65ab3dbe74b5d4f0ba0963e99614893,7755,0,2,2
1,12,0,0,3,0.017280136999943352,0.012721,0.0043489999999999996,22552576,NA,NA,NA,NA,NA,NA,NA,NA,2008,133,5,1,8210b4f6eac12a20575e673437437e82cfff653da437ea17992a3aed56a99207,3543,0,2,1
1,12,1,1,3,0.017362921999847458,0.0042690000000000002,0.01295,23019520,NA,NA,NA,NA,NA,NA,NA,NA,2008,133,5,1,8210b4f6eac12a20575e673437437e82cfff653da437ea17992a3aed56a99207,3554,0,2,0
1,12,0,0,7,0.032321050000064133,0.020504999999999999,0.011635,28344320,NA,NA,NA,NA,NA,NA,NA,NA,126024,51085,1029,1,d6479df97612ac41a8966333a6ef58076a32dad29a20f6bc64e0a5b65673088c,4990,0,2,2
1,12,1,1,7,0.029482320000170148,0.017773000000000001,0.011512999999999999,28729344,NA,NA,NA,NA,NA,NA,NA,NA,126024,51085,1029,1,d6479df97612ac41a8966333a6ef58076a32dad29a20f6bc64e0a5b65673088c,4994,0,2,2
1,12,0,1,10,0.022364106999702926,0.013644999999999999,0.0085449999999999988,28172288,NA,NA,NA,NA,NA,NA,NA,NA,106320,39898,2049,512,7b8f1ead52d1f75ea51a9518f4611f96b3105a83b8e9ff16958705114f2a13b3,4959,0,2,0
1,12,1,0,10,0.021502958000382932,0.021374000000000001,0,28176384,NA,NA,NA,NA,NA,NA,NA,NA,106320,39898,2049,512,7b8f1ead52d1f75ea51a9518f4611f96b3105a83b8e9ff16958705114f2a13b3,4951,0,2,0
1,12,0,1,8,0.027414311000029556,0.016406,0.010834999999999999,29536256,NA,NA,NA,NA,NA,NA,NA,NA,98128,39898,2049,512,d54e0d3e437f1319c5e0037da4750229225984f79f1ebd587b1323affae587ab,5481,0,2,2
1,12,1,0,8,0.024253511000097205,0.015963999999999999,0.0080769999999999991,29614080,NA,NA,NA,NA,NA,NA,NA,NA,98128,39898,2049,512,d54e0d3e437f1319c5e0037da4750229225984f79f1ebd587b1323affae587ab,5477,0,2,2
1,12,0,1,2,0.016487550999954692,0.012312999999999999,0.0040349999999999995,22978560,NA,NA,NA,NA,NA,NA,NA,NA,2008,133,5,1,8210b4f6eac12a20575e673437437e82cfff653da437ea17992a3aed56a99207,3552,0,2,0
1,12,1,0,2,0.01638226199975179,0.0080439999999999991,0.0082109999999999995,22982656,NA,NA,NA,NA,NA,NA,NA,NA,2008,133,5,1,8210b4f6eac12a20575e673437437e82cfff653da437ea17992a3aed56a99207,3556,0,2,0
1,12,0,0,16,0.081496121000782296,0.068386000000000002,0.012843,42037248,NA,NA,NA,NA,NA,NA,NA,NA,1083024,235398,3329,64,5916968f62e510f778d0d1e3d1fe7cb78db1f7fd7a3ef52fe1a3aefaf683922d,8300,0,2,4
1,12,1,1,16,0.081685500999810756,0.065418000000000004,0.015761999999999998,42115072,NA,NA,NA,NA,NA,NA,NA,NA,1083024,235398,3329,64,5916968f62e510f778d0d1e3d1fe7cb78db1f7fd7a3ef52fe1a3aefaf683922d,8299,0,2,2
1,12,0,1,20,0.16716750600062369,0.12650400000000001,0.035379000000000001,64237568,NA,NA,NA,NA,NA,NA,NA,NA,1746680,711531,19202,64,e4041ce2b5b6df572ca4d0ca66e6006ad368116646e82963f7e9550b84ab78ca,13659,0,1,4
1,12,1,0,20,0.16680435700072849,0.14938299999999999,0.016978999999999998,64188416,NA,NA,NA,NA,NA,NA,NA,NA,1746680,711531,19202,64,e4041ce2b5b6df572ca4d0ca66e6006ad368116646e82963f7e9550b84ab78ca,13659,0,2,2
1,12,0,1,17,0.061931033000291791,0.049575000000000001,0.012119,40603648,NA,NA,NA,NA,NA,NA,NA,NA,1009296,235398,3329,64,38ac9f9d8df5158b7a074eaf4b5e0c874f05fd31c535c3796e06db0d216a0323,7933,0,2,4
1,12,1,0,17,0.071734367999852111,0.044822000000000001,0.026693999999999999,41005056,NA,NA,NA,NA,NA,NA,NA,NA,1009296,235398,3329,64,38ac9f9d8df5158b7a074eaf4b5e0c874f05fd31c535c3796e06db0d216a0323,7934,0,2,2
1,12,0,1,1,0.023290737000024819,0.023127999999999999,0,22540288,NA,NA,NA,NA,NA,NA,NA,NA,2056,133,5,1,6b21b079ef6f8f7f055926600e53b906dd7be041e021dd2791b7aa8c55e24585,3552,0,2,1
1,12,1,0,1,0.018440028000441089,0.018296,0,22482944,NA,NA,NA,NA,NA,NA,NA,NA,2056,133,5,1,6b21b079ef6f8f7f055926600e53b906dd7be041e021dd2791b7aa8c55e24585,3544,0,2,0
1,12,0,0,15,0.025610776999201335,0.017142999999999999,0.0083119999999999999,29794304,NA,NA,NA,NA,NA,NA,NA,NA,247896,280189,4101,1,cf0f1cc1e290dce65809b3140c6f2dc9062a9f452120988a3a869e7faab69134,5195,0,2,1
1,12,1,1,15,0.027374692999728722,0.023036999999999998,0.0041489999999999999,29794304,NA,NA,NA,NA,NA,NA,NA,NA,247896,280189,4101,1,cf0f1cc1e290dce65809b3140c6f2dc9062a9f452120988a3a869e7faab69134,5199,0,2,2
1,12,0,1,0,0.016517189000296639,0.012232999999999999,0.0041310000000000001,22839296,NA,NA,NA,NA,NA,NA,NA,NA,2008,133,5,1,a8c1633e798ef980493443e67e6fdb6eada42f775edf7051d304d09c3ddadf5a,3580,0,2,1
1,12,1,0,0,0.0180127090006863,0.01108,0.0067799999999999996,22859776,NA,NA,NA,NA,NA,NA,NA,NA,2008,133,5,1,a8c1633e798ef980493443e67e6fdb6eada42f775edf7051d304d09c3ddadf5a,3579,0,2,1
1,12,0,0,21,0.10683997999967687,0.067862999999999993,0.038737000000000001,64671744,NA,NA,NA,NA,NA,NA,NA,NA,2209528,711531,19202,64,955dcf7525f03629d689feea1585905e0b8700805efb32f241197b1ebcb41ffa,13624,0,2,2
1,12,1,1,21,0.11368038199998409,0.081091999999999997,0.032245999999999997,64733184,NA,NA,NA,NA,NA,NA,NA,NA,2209528,711531,19202,64,955dcf7525f03629d689feea1585905e0b8700805efb32f241197b1ebcb41ffa,13619,0,2,2
1,12,0,0,18,0.057377877999897464,0.041645999999999996,0.015382,40415232,NA,NA,NA,NA,NA,NA,NA,NA,742032,235398,3329,64,bbb3d34b2aa5abdd298d84b8be032ee0c65ab3dbe74b5d4f0ba0963e99614893,7776,0,2,2
1,12,1,1,18,0.051622740999846428,0.039920999999999998,0.011462999999999999,40353792,NA,NA,NA,NA,NA,NA,NA,NA,742032,235398,3329,64,bbb3d34b2aa5abdd298d84b8be032ee0c65ab3dbe74b5d4f0ba0963e99614893,7765,0,2,1
1,12,0,1,11,0.022240632999455556,0.013469,0.0086299999999999988,28344320,NA,NA,NA,NA,NA,NA,NA,NA,106320,39898,2049,512,7b8f1ead52d1f75ea51a9518f4611f96b3105a83b8e9ff16958705114f2a13b3,4957,0,2,0
1,12,1,0,11,0.025106860999585479,0.017069999999999998,0.0078169999999999993,28618752,NA,NA,NA,NA,NA,NA,NA,NA,106320,39898,2049,512,7b8f1ead52d1f75ea51a9518f4611f96b3105a83b8e9ff16958705114f2a13b3,4959,0,2,1
1,13,0,0,8,0.027394668000852107,0.019078999999999999,0.0080739999999999996,29675520,NA,NA,NA,NA,NA,NA,NA,NA,98128,39898,2049,512,d54e0d3e437f1319c5e0037da4750229225984f79f1ebd587b1323affae587ab,5480,0,2,2
1,13,1,1,8,0.028579380999872228,0.025977999999999998,0.001916,29523968,NA,NA,NA,NA,NA,NA,NA,NA,98128,39898,2049,512,d54e0d3e437f1319c5e0037da4750229225984f79f1ebd587b1323affae587ab,5476,0,2,1
1,13,0,1,15,0.025452521000261186,0.016694000000000001,0.0085579999999999996,29650944,NA,NA,NA,NA,NA,NA,NA,NA,247896,280189,4101,1,cf0f1cc1e290dce65809b3140c6f2dc9062a9f452120988a3a869e7faab69134,5197,0,2,1
1,13,1,0,15,0.026541043000179343,0.019032,0.0073509999999999999,29773824,NA,NA,NA,NA,NA,NA,NA,NA,247896,280189,4101,1,cf0f1cc1e290dce65809b3140c6f2dc9062a9f452120988a3a869e7faab69134,5195,0,2,2
1,13,0,0,22,0.11266416400030721,0.098265999999999992,0.014130999999999999,62017536,NA,NA,NA,NA,NA,NA,NA,NA,1433848,711531,19202,64,7fe8e0e1367c4dc75afe736c0ee35e3a3755c0152301f3880ce2412132a22623,13046,0,2,3
1,13,1,1,22,0.10533290499915893,0.084459999999999993,0.020247999999999999,62042112,NA,NA,NA,NA,NA,NA,NA,NA,1433848,711531,19202,64,7fe8e0e1367c4dc75afe736c0ee35e3a3755c0152301f3880ce2412132a22623,13040,0,2,2
1,13,0,1,4,0.038117994999993243,0.029505999999999998,0.0085100000000000002,26550272,NA,NA,NA,NA,NA,NA,NA,NA,163920,51085,1029,1,3469c6c02ad818b9b840f744b74781f39d0d6d69319fb824d729f7875274b381,4515,0,1,1
1,13,1,0,4,0.039562936000038462,0.035132999999999998,0.0042369999999999994,26488832,NA,NA,NA,NA,NA,NA,NA,NA,163920,51085,1029,1,3469c6c02ad818b9b840f744b74781f39d0d6d69319fb824d729f7875274b381,4514,0,2,2
1,13,0,1,21,0.14673670799948013,0.094353999999999993,0.039960999999999997,64262144,NA,NA,NA,NA,NA,NA,NA,NA,2209528,711531,19202,64,955dcf7525f03629d689feea1585905e0b8700805efb32f241197b1ebcb41ffa,13610,0,2,2
1,13,1,0,21,0.1103161099999852,0.080323999999999993,0.029696999999999998,64204800,NA,NA,NA,NA,NA,NA,NA,NA,2209528,711531,19202,64,955dcf7525f03629d689feea1585905e0b8700805efb32f241197b1ebcb41ffa,13613,0,2,1
1,13,0,1,14,0.043316811000295274,0.035673999999999997,0.0073929999999999994,29704192,NA,NA,NA,NA,NA,NA,NA,NA,247896,280189,4101,1,cf0f1cc1e290dce65809b3140c6f2dc9062a9f452120988a3a869e7faab69134,5161,0,2,2
1,13,1,0,14,0.026843986000130826,0.022682999999999998,0.0040000000000000001,29212672,NA,NA,NA,NA,NA,NA,NA,NA,247896,280189,4101,1,cf0f1cc1e290dce65809b3140c6f2dc9062a9f452120988a3a869e7faab69134,5150,0,2,1
1,13,0,1,5,0.024072622999483428,0.011835,0.012092,28385280,NA,NA,NA,NA,NA,NA,NA,NA,192736,51085,1029,1,98c15b8b4636441c6e839c68a3bed9dee3bd8ae062882739073db7b7ed7d66f3,4972,0,2,0
1,13,1,0,5,0.02654936999988422,0.018317999999999997,0.0080029999999999997,28762112,NA,NA,NA,NA,NA,NA,NA,NA,192736,51085,1029,1,98c15b8b4636441c6e839c68a3bed9dee3bd8ae062882739073db7b7ed7d66f3,4974,0,2,3
1,13,0,0,13,0.024015662000238081,0.015737000000000001,0.0081359999999999991,30048256,NA,NA,NA,NA,NA,NA,NA,NA,313536,280189,4101,1,5a04cd3dab823e43a4d317f4a27057eec5b1fcaecf9843229a14a897b95f1f29,5239,0,2,1
1,13,1,1,13,0.026623837999977695,0.026490999999999997,0,29589504,NA,NA,NA,NA,NA,NA,NA,NA,313536,280189,4101,1,5a04cd3dab823e43a4d317f4a27057eec5b1fcaecf9843229a14a897b95f1f29,5233,0,1,2
1,13,0,0,10,0.027403530999436043,0.012610999999999999,0.01465,28299264,NA,NA,NA,NA,NA,NA,NA,NA,106320,39898,2049,512,7b8f1ead52d1f75ea51a9518f4611f96b3105a83b8e9ff16958705114f2a13b3,4951,0,2,0
1,13,1,1,10,0.023457160999896587,0.015219,0.0080129999999999993,28672000,NA,NA,NA,NA,NA,NA,NA,NA,106320,39898,2049,512,7b8f1ead52d1f75ea51a9518f4611f96b3105a83b8e9ff16958705114f2a13b3,4960,0,2,3
1,13,0,0,11,0.023089815999810526,0.011471,0.011306,28790784,NA,NA,NA,NA,NA,NA,NA,NA,106320,39898,2049,512,7b8f1ead52d1f75ea51a9518f4611f96b3105a83b8e9ff16958705114f2a13b3,4959,0,2,2
1,13,1,1,11,0.024054198000158067,0.019907999999999999,0.0040149999999999995,28160000,NA,NA,NA,NA,NA,NA,NA,NA,106320,39898,2049,512,7b8f1ead52d1f75ea51a9518f4611f96b3105a83b8e9ff16958705114f2a13b3,4957,0,2,0
1,13,0,1,6,0.046449176000351144,0.028563999999999999,0.017583999999999999,28221440,NA,NA,NA,NA,NA,NA,NA,NA,126024,51085,1029,1,d6479df97612ac41a8966333a6ef58076a32dad29a20f6bc64e0a5b65673088c,4936,0,2,2
1,13,1,0,6,0.027040261000365717,0.018880999999999998,0.0079740000000000002,28401664,NA,NA,NA,NA,NA,NA,NA,NA,126024,51085,1029,1,d6479df97612ac41a8966333a6ef58076a32dad29a20f6bc64e0a5b65673088c,4938,0,2,1
1,13,0,1,3,0.023145916000430589,0.018322999999999999,0.0038699999999999997,22536192,NA,NA,NA,NA,NA,NA,NA,NA,2008,133,5,1,8210b4f6eac12a20575e673437437e82cfff653da437ea17992a3aed56a99207,3551,0,2,1
1,13,1,0,3,0.019568889999391104,0.0082480000000000001,0.011139999999999999,22331392,NA,NA,NA,NA,NA,NA,NA,NA,2008,133,5,1,8210b4f6eac12a20575e673437437e82cfff653da437ea17992a3aed56a99207,3552,0,2,0
1,13,0,0,2,0.01942343999962759,0.0081029999999999991,0.011101999999999999,22990848,NA,NA,NA,NA,NA,NA,NA,NA,2008,133,5,1,8210b4f6eac12a20575e673437437e82cfff653da437ea17992a3aed56a99207,3557,0,2,3
1,13,1,1,2,0.019700201999512501,0.014355999999999999,0.0051799999999999997,23019520,NA,NA,NA,NA,NA,NA,NA,NA,2008,133,5,1,8210b4f6eac12a20575e673437437e82cfff653da437ea17992a3aed56a99207,3553,0,2,0
1,13,0,1,7,0.028905897000186087,0.019712999999999998,0.0081189999999999995,28729344,NA,NA,NA,NA,NA,NA,NA,NA,126024,51085,1029,1,d6479df97612ac41a8966333a6ef58076a32dad29a20f6bc64e0a5b65673088c,4999,0,2,1
1,13,1,0,7,0.026125774999854912,0.011153,0.014790999999999999,28475392,NA,NA,NA,NA,NA,NA,NA,NA,126024,51085,1029,1,d6479df97612ac41a8966333a6ef58076a32dad29a20f6bc64e0a5b65673088c,4992,0,2,2
1,13,0,0,0,0.018007425999712723,0.0081009999999999988,0.0082220000000000001,22880256,NA,NA,NA,NA,NA,NA,NA,NA,2008,133,5,1,a8c1633e798ef980493443e67e6fdb6eada42f775edf7051d304d09c3ddadf5a,3573,0,2,2
1,13,1,1,0,0.01680848900014098,0.016681999999999999,0,22974464,NA,NA,NA,NA,NA,NA,NA,NA,2008,133,5,1,a8c1633e798ef980493443e67e6fdb6eada42f775edf7051d304d09c3ddadf5a,3574,0,2,0
1,13,0,1,12,0.038166137999724015,0.038022,0,28549120,NA,NA,NA,NA,NA,NA,NA,NA,313424,280189,4101,1,0f9e44f960c45a3ca86cde574970381ef909d64a6bb2d20a17395bced584502a,5022,0,2,2
1,13,1,0,12,0.038615585999650648,0.025368999999999999,0.013068999999999999,28532736,NA,NA,NA,NA,NA,NA,NA,NA,313424,280189,4101,1,0f9e44f960c45a3ca86cde574970381ef909d64a6bb2d20a17395bced584502a,5029,0,2,2
1,13,0,1,23,0.13289526500011561,0.11143299999999999,0.020895999999999998,62271488,NA,NA,NA,NA,NA,NA,NA,NA,1433848,711531,19202,64,7fe8e0e1367c4dc75afe736c0ee35e3a3755c0152301f3880ce2412132a22623,13107,0,2,4
1,13,1,0,23,0.12800184000025183,0.100047,0.027605999999999999,62705664,NA,NA,NA,NA,NA,NA,NA,NA,1433848,711531,19202,64,7fe8e0e1367c4dc75afe736c0ee35e3a3755c0152301f3880ce2412132a22623,13119,0,2,2
1,13,0,0,1,0.092590043999734917,0.021731999999999998,0.067774000000000001,22937600,NA,NA,NA,NA,NA,NA,NA,NA,2056,133,5,1,6b21b079ef6f8f7f055926600e53b906dd7be041e021dd2791b7aa8c55e24585,3557,0,2,0
1,13,1,1,1,0.019000274000063655,0.014966999999999999,0.0037809999999999996,22978560,NA,NA,NA,NA,NA,NA,NA,NA,2056,133,5,1,6b21b079ef6f8f7f055926600e53b906dd7be041e021dd2791b7aa8c55e24585,3550,0,2,1
1,13,0,1,19,0.076201054999728512,0.048134999999999997,0.027852999999999999,40407040,NA,NA,NA,NA,NA,NA,NA,NA,742032,235398,3329,64,bbb3d34b2aa5abdd298d84b8be032ee0c65ab3dbe74b5d4f0ba0963e99614893,7765,0,2,2
1,13,1,0,19,0.055998115999500442,0.047233999999999998,0.0085339999999999999,40345600,NA,NA,NA,NA,NA,NA,NA,NA,742032,235398,3329,64,bbb3d34b2aa5abdd298d84b8be032ee0c65ab3dbe74b5d4f0ba0963e99614893,7764,0,2,1
1,13,0,1,18,0.063467313999353792,0.053065000000000001,0.010156999999999999,39890944,NA,NA,NA,NA,NA,NA,NA,NA,742032,235398,3329,64,bbb3d34b2aa5abdd298d84b8be032ee0c65ab3dbe74b5d4f0ba0963e99614893,7763,0,2,4
1,13,1,0,18,0.053035273999739729,0.037753999999999996,0.015028,40345600,NA,NA,NA,NA,NA,NA,NA,NA,742032,235398,3329,64,bbb3d34b2aa5abdd298d84b8be032ee0c65ab3dbe74b5d4f0ba0963e99614893,7774,0,2,2
1,13,0,0,20,0.18435107700042863,0.160887,0.022978999999999999,64245760,NA,NA,NA,NA,NA,NA,NA,NA,1746680,711531,19202,64,e4041ce2b5b6df572ca4d0ca66e6006ad368116646e82963f7e9550b84ab78ca,13659,0,2,4
1,13,1,1,20,0.1666955919999964,0.12762299999999999,0.033725999999999999,64278528,NA,NA,NA,NA,NA,NA,NA,NA,1746680,711531,19202,64,e4041ce2b5b6df572ca4d0ca66e6006ad368116646e82963f7e9550b84ab78ca,13667,0,2,4
1,13,0,0,9,0.025432831000216538,0.017062999999999998,0.0081960000000000002,28299264,NA,NA,NA,NA,NA,NA,NA,NA,147280,39898,2049,512,02ee45f00f5fa967779eb017bd9c1965526161af8ee6a0f23a31a68b3dbbac77,4982,0,2,1
1,13,1,1,9,0.023998984000172641,0.018800000000000001,0.0050000000000000001,28307456,NA,NA,NA,NA,NA,NA,NA,NA,147280,39898,2049,512,02ee45f00f5fa967779eb017bd9c1965526161af8ee6a0f23a31a68b3dbbac77,4978,0,2,1
1,13,0,1,16,0.095629100999758521,0.072333999999999996,0.022697999999999999,42078208,NA,NA,NA,NA,NA,NA,NA,NA,1083024,235398,3329,64,5916968f62e510f778d0d1e3d1fe7cb78db1f7fd7a3ef52fe1a3aefaf683922d,8300,0,2,2
1,13,1,0,16,0.085764860000381304,0.072877999999999998,0.012407999999999999,42098688,NA,NA,NA,NA,NA,NA,NA,NA,1083024,235398,3329,64,5916968f62e510f778d0d1e3d1fe7cb78db1f7fd7a3ef52fe1a3aefaf683922d,8295,0,2,1
1,13,0,0,17,0.066530591999253375,0.053760999999999996,0.012619,44412928,NA,NA,NA,NA,NA,NA,NA,NA,1009296,235398,3329,64,38ac9f9d8df5158b7a074eaf4b5e0c874f05fd31c535c3796e06db0d216a0323,7845,0,2,0
1,13,1,1,17,0.065988958000161801,0.057315999999999999,0.0079439999999999997,40935424,NA,NA,NA,NA,NA,NA,NA,NA,1009296,235398,3329,64,38ac9f9d8df5158b7a074eaf4b5e0c874f05fd31c535c3796e06db0d216a0323,7933,0,2,28
1,14,0,1,15,0.028846248999798263,0.020908,0.0077640000000000001,29769728,NA,NA,NA,NA,NA,NA,NA,NA,247896,280189,4101,1,cf0f1cc1e290dce65809b3140c6f2dc9062a9f452120988a3a869e7faab69134,5198,0,2,1
1,14,1,0,15,0.029393638000328792,0.01494,0.014263,29872128,NA,NA,NA,NA,NA,NA,NA,NA,247896,280189,4101,1,cf0f1cc1e290dce65809b3140c6f2dc9062a9f452120988a3a869e7faab69134,5199,0,2,2
1,14,0,0,5,0.027334596999935457,0.019806999999999998,0.0073609999999999995,28762112,NA,NA,NA,NA,NA,NA,NA,NA,192736,51085,1029,1,98c15b8b4636441c6e839c68a3bed9dee3bd8ae062882739073db7b7ed7d66f3,4975,0,2,1
1,14,1,1,5,0.033257199999752629,0.033112999999999997,0,28729344,NA,NA,NA,NA,NA,NA,NA,NA,192736,51085,1029,1,98c15b8b4636441c6e839c68a3bed9dee3bd8ae062882739073db7b7ed7d66f3,4981,0,2,1
1,14,0,1,16,0.085899468999741657,0.069628999999999996,0.016011999999999998,42037248,NA,NA,NA,NA,NA,NA,NA,NA,1083024,235398,3329,64,5916968f62e510f778d0d1e3d1fe7cb78db1f7fd7a3ef52fe1a3aefaf683922d,8294,0,2,4
1,14,1,0,16,0.09155635400020401,0.082931999999999992,0.0083099999999999997,42098688,NA,NA,NA,NA,NA,NA,NA,NA,1083024,235398,3329,64,5916968f62e510f778d0d1e3d1fe7cb78db1f7fd7a3ef52fe1a3aefaf683922d,8300,0,2,2
1,14,0,1,19,0.056273064000379236,0.052191999999999995,0.0038599999999999997,40333312,NA,NA,NA,NA,NA,NA,NA,NA,742032,235398,3329,64,bbb3d34b2aa5abdd298d84b8be032ee0c65ab3dbe74b5d4f0ba0963e99614893,7766,0,2,2
1,14,1,0,19,0.061656465999476495,0.036946,0.024475,40316928,NA,NA,NA,NA,NA,NA,NA,NA,742032,235398,3329,64,bbb3d34b2aa5abdd298d84b8be032ee0c65ab3dbe74b5d4f0ba0963e99614893,7764,0,2,2
1,14,0,0,8,0.028860245999567269,0.01555,0.013035999999999999,29536256,NA,NA,NA,NA,NA,NA,NA,NA,98128,39898,2049,512,d54e0d3e437f1319c5e0037da4750229225984f79f1ebd587b1323affae587ab,5481,0,2,2
1,14,1,1,8,0.028052983000634413,0.015430999999999999,0.010669999999999999,29528064,NA,NA,NA,NA,NA,NA,NA,NA,98128,39898,2049,512,d54e0d3e437f1319c5e0037da4750229225984f79f1ebd587b1323affae587ab,5475,0,2,1
1,14,0,0,21,0.099354857000435004,0.067493999999999998,0.031663999999999998,64688128,NA,NA,NA,NA,NA,NA,NA,NA,2209528,711531,19202,64,955dcf7525f03629d689feea1585905e0b8700805efb32f241197b1ebcb41ffa,13622,0,1,2
1,14,1,1,21,0.12088361899986921,0.09290699999999999,0.027732,64204800,NA,NA,NA,NA,NA,NA,NA,NA,2209528,711531,19202,64,955dcf7525f03629d689feea1585905e0b8700805efb32f241197b1ebcb41ffa,13618,0,2,2
1,14,0,0,12,0.043372946999625128,0.038507,0.0046589999999999999,28704768,NA,NA,NA,NA,NA,NA,NA,NA,313424,280189,4101,1,0f9e44f960c45a3ca86cde574970381ef909d64a6bb2d20a17395bced584502a,5023,0,2,0
1,14,1,1,12,0.038721152999642072,0.025915000000000001,0.012647,28721152,NA,NA,NA,NA,NA,NA,NA,NA,313424,280189,4101,1,0f9e44f960c45a3ca86cde574970381ef909d64a6bb2d20a17395bced584502a,5025,0,2,1
1,14,0,1,0,0.0191454910000175,0.011351999999999999,0.0075839999999999996,22880256,NA,NA,NA,NA,NA,NA,NA,NA,2008,133,5,1,a8c1633e798ef980493443e67e6fdb6eada42f775edf7051d304d09c3ddadf5a,3579,0,2,1
1,14,1,0,0,0.020358494999527466,0.017838,0.0023319999999999999,22732800,NA,NA,NA,NA,NA,NA,NA,NA,2008,133,5,1,a8c1633e798ef980493443e67e6fdb6eada42f775edf7051d304d09c3ddadf5a,3575,0,2,2
1,14,0,0,6,0.028649103999669023,0.020187,0.0082950000000000003,28631040,NA,NA,NA,NA,NA,NA,NA,NA,126024,51085,1029,1,d6479df97612ac41a8966333a6ef58076a32dad29a20f6bc64e0a5b65673088c,4944,0,2,1
1,14,1,1,6,0.02635011799975473,0.021762999999999998,0.003705,28684288,NA,NA,NA,NA,NA,NA,NA,NA,126024,51085,1029,1,d6479df97612ac41a8966333a6ef58076a32dad29a20f6bc64e0a5b65673088c,4940,0,2,1
1,14,0,0,17,0.067963641000460484,0.062928999999999999,0,40603648,NA,NA,NA,NA,NA,NA,NA,NA,1009296,235398,3329,64,38ac9f9d8df5158b7a074eaf4b5e0c874f05fd31c535c3796e06db0d216a0323,7933,0,2,1
1,14,1,1,17,0.061236647999976412,0.052565000000000001,0.0084960000000000001,40554496,NA,NA,NA,NA,NA,NA,NA,NA,1009296,235398,3329,64,38ac9f9d8df5158b7a074eaf4b5e0c874f05fd31c535c3796e06db0d216a0323,7930,0,2,1
1,14,0,1,18,0.055315423000138253,0.044052999999999995,0.010962999999999999,39903232,NA,NA,NA,NA,NA,NA,NA,NA,742032,235398,3329,64,bbb3d34b2aa5abdd298d84b8be032ee0c65ab3dbe74b5d4f0ba0963e99614893,7771,0,2,1
1,14,1,0,18,0.053023957999357663,0.040751999999999997,0.011850999999999999,39874560,NA,NA,NA,NA,NA,NA,NA,NA,742032,235398,3329,64,bbb3d34b2aa5abdd298d84b8be032ee0c65ab3dbe74b5d4f0ba0963e99614893,7765,0,2,2
1,14,0,1,10,0.025251449000279536,0.020618999999999998,0.0044050000000000001,28766208,NA,NA,NA,NA,NA,NA,NA,NA,106320,39898,2049,512,7b8f1ead52d1f75ea51a9518f4611f96b3105a83b8e9ff16958705114f2a13b3,4960,0,2,1
1,14,1,0,10,0.024234966000221903,0.016163999999999998,0.0079209999999999992,28631040,NA,NA,NA,NA,NA,NA,NA,NA,106320,39898,2049,512,7b8f1ead52d1f75ea51a9518f4611f96b3105a83b8e9ff16958705114f2a13b3,4955,0,2,1
1,14,0,1,3,0.017059157999938179,0.013358,0.0035589999999999997,22597632,NA,NA,NA,NA,NA,NA,NA,NA,2008,133,5,1,8210b4f6eac12a20575e673437437e82cfff653da437ea17992a3aed56a99207,3554,0,2,0
1,14,1,0,3,0.016462589999719057,0.0079179999999999997,0.0083260000000000001,22536192,NA,NA,NA,NA,NA,NA,NA,NA,2008,133,5,1,8210b4f6eac12a20575e673437437e82cfff653da437ea17992a3aed56a99207,3542,0,2,1
1,14,0,1,2,0.018054107999887492,0.0086990000000000001,0.0088100000000000001,22536192,NA,NA,NA,NA,NA,NA,NA,NA,2008,133,5,1,8210b4f6eac12a20575e673437437e82cfff653da437ea17992a3aed56a99207,3549,0,2,1
1,14,1,0,2,0.018127854999875126,0.0132,0.0045699999999999994,22536192,NA,NA,NA,NA,NA,NA,NA,NA,2008,133,5,1,8210b4f6eac12a20575e673437437e82cfff653da437ea17992a3aed56a99207,3550,0,2,2
1,14,0,1,7,0.068627917999947385,0.049281999999999999,0.019148999999999999,28864512,NA,NA,NA,NA,NA,NA,NA,NA,126024,51085,1029,1,d6479df97612ac41a8966333a6ef58076a32dad29a20f6bc64e0a5b65673088c,4997,0,2,0
1,14,1,0,7,0.029783021999719494,0.019231999999999999,0.0096889999999999997,28778496,NA,NA,NA,NA,NA,NA,NA,NA,126024,51085,1029,1,d6479df97612ac41a8966333a6ef58076a32dad29a20f6bc64e0a5b65673088c,4998,0,2,2
1,14,0,0,22,0.10417819499980396,0.093706999999999999,0.01031,61976576,NA,NA,NA,NA,NA,NA,NA,NA,1433848,711531,19202,64,7fe8e0e1367c4dc75afe736c0ee35e3a3755c0152301f3880ce2412132a22623,13046,0,2,1
1,14,1,1,22,0.11012575199947605,0.096194000000000002,0.013765999999999999,62025728,NA,NA,NA,NA,NA,NA,NA,NA,1433848,711531,19202,64,7fe8e0e1367c4dc75afe736c0ee35e3a3755c0152301f3880ce2412132a22623,13043,0,2,2
1,14,0,1,4,0.037189077000221005,0.024478,0.012558,26394624,NA,NA,NA,NA,NA,NA,NA,NA,163920,51085,1029,1,3469c6c02ad818b9b840f744b74781f39d0d6d69319fb824d729f7875274b381,4523,0,1,1
1,14,1,0,4,0.044283286999416305,0.042937999999999997,0,26800128,NA,NA,NA,NA,NA,NA,NA,NA,163920,51085,1029,1,3469c6c02ad818b9b840f744b74781f39d0d6d69319fb824d729f7875274b381,4524,0,2,1
1,14,0,0,11,0.031418112999745063,0.022300999999999998,0.0089560000000000004,28712960,NA,NA,NA,NA,NA,NA,NA,NA,106320,39898,2049,512,7b8f1ead52d1f75ea51a9518f4611f96b3105a83b8e9ff16958705114f2a13b3,4965,0,2,1
1,14,1,1,11,0.024111149999953341,0.019820000000000001,0.0041389999999999995,28250112,NA,NA,NA,NA,NA,NA,NA,NA,106320,39898,2049,512,7b8f1ead52d1f75ea51a9518f4611f96b3105a83b8e9ff16958705114f2a13b3,4955,0,2,1
1,14,0,1,23,0.12330884999937552,0.09894,0.024173,62681088,NA,NA,NA,NA,NA,NA,NA,NA,1433848,711531,19202,64,7fe8e0e1367c4dc75afe736c0ee35e3a3755c0152301f3880ce2412132a22623,13114,0,2,1
1,14,1,0,23,0.12398115100040741,0.099861999999999992,0.023788999999999998,62726144,NA,NA,NA,NA,NA,NA,NA,NA,1433848,711531,19202,64,7fe8e0e1367c4dc75afe736c0ee35e3a3755c0152301f3880ce2412132a22623,13119,0,2,1
1,14,0,1,13,0.027284552000310214,0.015510999999999999,0.011516999999999999,30056448,NA,NA,NA,NA,NA,NA,NA,NA,313536,280189,4101,1,5a04cd3dab823e43a4d317f4a27057eec5b1fcaecf9843229a14a897b95f1f29,5237,0,2,1
1,14,1,0,13,0.030320733999360527,0.025970999999999998,0.004182,29474816,NA,NA,NA,NA,NA,NA,NA,NA,313536,280189,4101,1,5a04cd3dab823e43a4d317f4a27057eec5b1fcaecf9843229a14a897b95f1f29,5227,0,2,1
1,14,0,0,20,0.16424176700002135,0.144455,0.019571999999999999,64417792,NA,NA,NA,NA,NA,NA,NA,NA,1746680,711531,19202,64,e4041ce2b5b6df572ca4d0ca66e6006ad368116646e82963f7e9550b84ab78ca,13660,0,2,1
1,14,1,1,20,0.1806034159999399,0.16021199999999999,0.018963999999999998,64458752,NA,NA,NA,NA,NA,NA,NA,NA,1746680,711531,19202,64,e4041ce2b5b6df572ca4d0ca66e6006ad368116646e82963f7e9550b84ab78ca,13663,0,2,2
1,14,0,0,1,0.020017693999761832,0.015730999999999998,0.0041069999999999995,22974464,NA,NA,NA,NA,NA,NA,NA,NA,2056,133,5,1,6b21b079ef6f8f7f055926600e53b906dd7be041e021dd2791b7aa8c55e24585,3550,0,2,1
1,14,1,1,1,0.019715039000402612,0.018311999999999998,0,22745088,NA,NA,NA,NA,NA,NA,NA,NA,2056,133,5,1,6b21b079ef6f8f7f055926600e53b906dd7be041e021dd2791b7aa8c55e24585,3549,0,2,0
1,14,0,1,9,0.12165639700015163,0.016333,0.101641,28348416,NA,NA,NA,NA,NA,NA,NA,NA,147280,39898,2049,512,02ee45f00f5fa967779eb017bd9c1965526161af8ee6a0f23a31a68b3dbbac77,4982,0,2,3
1,14,1,0,9,0.025867545000437531,0.010751,0.014846999999999999,28348416,NA,NA,NA,NA,NA,NA,NA,NA,147280,39898,2049,512,02ee45f00f5fa967779eb017bd9c1965526161af8ee6a0f23a31a68b3dbbac77,4986,0,2,1
1,14,0,0,14,0.028727443000207131,0.012105999999999999,0.016198999999999998,29188096,NA,NA,NA,NA,NA,NA,NA,NA,247896,280189,4101,1,cf0f1cc1e290dce65809b3140c6f2dc9062a9f452120988a3a869e7faab69134,5154,0,2,0
1,14,1,1,14,0.032063213000583346,0.011682,0.020215999999999998,29188096,NA,NA,NA,NA,NA,NA,NA,NA,247896,280189,4101,1,cf0f1cc1e290dce65809b3140c6f2dc9062a9f452120988a3a869e7faab69134,5154,0,2,2
1,15,0,0,10,0.024328203000550275,0.016302000000000001,0.0078689999999999993,28704768,NA,NA,NA,NA,NA,NA,NA,NA,106320,39898,2049,512,7b8f1ead52d1f75ea51a9518f4611f96b3105a83b8e9ff16958705114f2a13b3,4955,0,2,1
1,15,1,1,10,0.027126820999910706,0.0184,0.0081469999999999997,28094464,NA,NA,NA,NA,NA,NA,NA,NA,106320,39898,2049,512,7b8f1ead52d1f75ea51a9518f4611f96b3105a83b8e9ff16958705114f2a13b3,4950,0,2,0
1,15,0,0,7,0.026051484999698005,0.016791999999999998,0.0090549999999999988,28835840,NA,NA,NA,NA,NA,NA,NA,NA,126024,51085,1029,1,d6479df97612ac41a8966333a6ef58076a32dad29a20f6bc64e0a5b65673088c,4998,0,2,0
1,15,1,1,7,0.023750277000544884,0.011875999999999999,0.011729999999999999,28344320,NA,NA,NA,NA,NA,NA,NA,NA,126024,51085,1029,1,d6479df97612ac41a8966333a6ef58076a32dad29a20f6bc64e0a5b65673088c,4991,0,2,1
1,15,0,0,9,0.021760053999969386,0.014239,0.0073469999999999994,28303360,NA,NA,NA,NA,NA,NA,NA,NA,147280,39898,2049,512,02ee45f00f5fa967779eb017bd9c1965526161af8ee6a0f23a31a68b3dbbac77,4979,0,2,2
1,15,1,1,9,0.035354026999812049,0.026404999999999998,0.0087200000000000003,28368896,NA,NA,NA,NA,NA,NA,NA,NA,147280,39898,2049,512,02ee45f00f5fa967779eb017bd9c1965526161af8ee6a0f23a31a68b3dbbac77,4976,0,2,2
1,15,0,1,14,0.051830534000146145,0.021231999999999997,0.0041349999999999998,29171712,NA,NA,NA,NA,NA,NA,NA,NA,247896,280189,4101,1,cf0f1cc1e290dce65809b3140c6f2dc9062a9f452120988a3a869e7faab69134,5156,0,2,1
1,15,1,0,14,0.024846541999977489,0.020541999999999998,0.0041269999999999996,29646848,NA,NA,NA,NA,NA,NA,NA,NA,247896,280189,4101,1,cf0f1cc1e290dce65809b3140c6f2dc9062a9f452120988a3a869e7faab69134,5162,0,2,0
1,15,0,1,12,0.039206532000207517,0.034903999999999998,0.0039119999999999997,28721152,NA,NA,NA,NA,NA,NA,NA,NA,313424,280189,4101,1,0f9e44f960c45a3ca86cde574970381ef909d64a6bb2d20a17395bced584502a,5028,0,2,1
1,15,1,0,12,0.037154798000301525,0.020305,0.016657999999999999,28827648,NA,NA,NA,NA,NA,NA,NA,NA,313424,280189,4101,1,0f9e44f960c45a3ca86cde574970381ef909d64a6bb2d20a17395bced584502a,5033,0,1,1
1,15,0,0,0,0.016601977999926021,0.016468,0,22892544,NA,NA,NA,NA,NA,NA,NA,NA,2008,133,5,1,a8c1633e798ef980493443e67e6fdb6eada42f775edf7051d304d09c3ddadf5a,3578,0,2,1
1,15,1,1,0,0.019493671000418544,0.013871999999999999,0.0053229999999999996,22728704,NA,NA,NA,NA,NA,NA,NA,NA,2008,133,5,1,a8c1633e798ef980493443e67e6fdb6eada42f775edf7051d304d09c3ddadf5a,3576,0,2,1
1,15,0,0,3,0.019157327999892004,0.015143999999999999,0.0038729999999999997,22552576,NA,NA,NA,NA,NA,NA,NA,NA,2008,133,5,1,8210b4f6eac12a20575e673437437e82cfff653da437ea17992a3aed56a99207,3551,0,2,0
1,15,1,1,3,0.017549828000483103,0.010726999999999999,0.0065309999999999995,22990848,NA,NA,NA,NA,NA,NA,NA,NA,2008,133,5,1,8210b4f6eac12a20575e673437437e82cfff653da437ea17992a3aed56a99207,3551,0,2,2
1,15,0,0,2,0.022675637000247661,0.017809999999999999,0.0046369999999999996,22880256,NA,NA,NA,NA,NA,NA,NA,NA,2008,133,5,1,8210b4f6eac12a20575e673437437e82cfff653da437ea17992a3aed56a99207,3552,0,2,0
1,15,1,1,2,0.016795974999695318,0.016597999999999998,0,22343680,NA,NA,NA,NA,NA,NA,NA,NA,2008,133,5,1,8210b4f6eac12a20575e673437437e82cfff653da437ea17992a3aed56a99207,3545,0,2,1
1,15,0,1,5,0.028784023000298475,0.014825999999999999,0.013644999999999999,28729344,NA,NA,NA,NA,NA,NA,NA,NA,192736,51085,1029,1,98c15b8b4636441c6e839c68a3bed9dee3bd8ae062882739073db7b7ed7d66f3,4973,0,2,2
1,15,1,0,5,0.026485584000511153,0.015115,0.011085999999999999,28315648,NA,NA,NA,NA,NA,NA,NA,NA,192736,51085,1029,1,98c15b8b4636441c6e839c68a3bed9dee3bd8ae062882739073db7b7ed7d66f3,4975,0,2,2
1,15,0,0,19,0.073494164999829081,0.056978000000000001,0.016282999999999999,39854080,NA,NA,NA,NA,NA,NA,NA,NA,742032,235398,3329,64,bbb3d34b2aa5abdd298d84b8be032ee0c65ab3dbe74b5d4f0ba0963e99614893,7748,0,2,1
1,15,1,1,19,0.055266492000555445,0.039005999999999999,0.016035000000000001,39833600,NA,NA,NA,NA,NA,NA,NA,NA,742032,235398,3329,64,bbb3d34b2aa5abdd298d84b8be032ee0c65ab3dbe74b5d4f0ba0963e99614893,7751,0,2,1
1,15,0,1,21,0.14019543300037185,0.10166699999999999,0.038314999999999995,64155648,NA,NA,NA,NA,NA,NA,NA,NA,2209528,711531,19202,64,955dcf7525f03629d689feea1585905e0b8700805efb32f241197b1ebcb41ffa,13613,0,2,2
1,15,1,0,21,0.11725788900002954,0.081219,0.035685000000000001,64581632,NA,NA,NA,NA,NA,NA,NA,NA,2209528,711531,19202,64,955dcf7525f03629d689feea1585905e0b8700805efb32f241197b1ebcb41ffa,13618,0,2,2
1,15,0,0,23,0.137899551999908,0.103964,0.033703999999999998,62808064,NA,NA,NA,NA,NA,NA,NA,NA,1433848,711531,19202,64,7fe8e0e1367c4dc75afe736c0ee35e3a3755c0152301f3880ce2412132a22623,13116,0,2,2
1,15,1,1,23,0.13720946500052378,0.11317999999999999,0.023812999999999997,62730240,NA,NA,NA,NA,NA,NA,NA,NA,1433848,711531,19202,64,7fe8e0e1367c4dc75afe736c0ee35e3a3755c0152301f3880ce2412132a22623,13120,0,2,1
1,15,0,1,11,0.029478291999112116,0.025455999999999999,0.0038529999999999997,28647424,NA,NA,NA,NA,NA,NA,NA,NA,106320,39898,2049,512,7b8f1ead52d1f75ea51a9518f4611f96b3105a83b8e9ff16958705114f2a13b3,4959,0,1,1
1,15,1,0,11,0.026742977999674622,0.014763,0.011833999999999999,28356608,NA,NA,NA,NA,NA,NA,NA,NA,106320,39898,2049,512,7b8f1ead52d1f75ea51a9518f4611f96b3105a83b8e9ff16958705114f2a13b3,4958,0,2,0
1,15,0,0,15,0.034500450000450655,0.022846999999999999,0.01149,29786112,NA,NA,NA,NA,NA,NA,NA,NA,247896,280189,4101,1,cf0f1cc1e290dce65809b3140c6f2dc9062a9f452120988a3a869e7faab69134,5194,0,2,1
1,15,1,1,15,0.029093876999468193,0.018460999999999998,0.010482999999999999,29253632,NA,NA,NA,NA,NA,NA,NA,NA,247896,280189,4101,1,cf0f1cc1e290dce65809b3140c6f2dc9062a9f452120988a3a869e7faab69134,5183,0,2,1
1,15,0,1,20,0.18406027099990752,0.14784999999999998,0.035951999999999998,64417792,NA,NA,NA,NA,NA,NA,NA,NA,1746680,711531,19202,64,e4041ce2b5b6df572ca4d0ca66e6006ad368116646e82963f7e9550b84ab78ca,13661,0,2,4
1,15,1,0,20,0.16425742299998092,0.13187599999999999,0.032219999999999999,64393216,NA,NA,NA,NA,NA,NA,NA,NA,1746680,711531,19202,64,e4041ce2b5b6df572ca4d0ca66e6006ad368116646e82963f7e9550b84ab78ca,13667,0,1,1
1,15,0,1,8,0.037365434000093956,0.028826999999999998,0.0083369999999999989,29847552,NA,NA,NA,NA,NA,NA,NA,NA,98128,39898,2049,512,d54e0d3e437f1319c5e0037da4750229225984f79f1ebd587b1323affae587ab,5483,0,2,2
1,15,1,0,8,0.029374359000030381,0.021375999999999999,0.0078490000000000001,29548544,NA,NA,NA,NA,NA,NA,NA,NA,98128,39898,2049,512,d54e0d3e437f1319c5e0037da4750229225984f79f1ebd587b1323affae587ab,5472,0,2,0
1,15,0,0,18,0.050864746000115701,0.027722999999999998,0.022987999999999998,40357888,NA,NA,NA,NA,NA,NA,NA,NA,742032,235398,3329,64,bbb3d34b2aa5abdd298d84b8be032ee0c65ab3dbe74b5d4f0ba0963e99614893,7772,0,2,0
1,15,1,1,18,0.054390672000408813,0.046231999999999995,0.0074899999999999993,40361984,NA,NA,NA,NA,NA,NA,NA,NA,742032,235398,3329,64,bbb3d34b2aa5abdd298d84b8be032ee0c65ab3dbe74b5d4f0ba0963e99614893,7774,0,1,3
1,15,0,1,6,0.035066952999841305,0.015345999999999999,0.019567999999999999,28188672,NA,NA,NA,NA,NA,NA,NA,NA,126024,51085,1029,1,d6479df97612ac41a8966333a6ef58076a32dad29a20f6bc64e0a5b65673088c,4931,0,2,1
1,15,1,0,6,0.025433990000237827,0.013897999999999999,0.011332,28196864,NA,NA,NA,NA,NA,NA,NA,NA,126024,51085,1029,1,d6479df97612ac41a8966333a6ef58076a32dad29a20f6bc64e0a5b65673088c,4938,0,2,0
1,15,0,1,17,0.069177380999462912,0.057374999999999995,0.011627999999999999,40570880,NA,NA,NA,NA,NA,NA,NA,NA,1009296,235398,3329,64,38ac9f9d8df5158b7a074eaf4b5e0c874f05fd31c535c3796e06db0d216a0323,7927,0,2,2
1,15,1,0,17,0.065399146000345354,0.044926999999999995,0.020242,41099264,NA,NA,NA,NA,NA,NA,NA,NA,1009296,235398,3329,64,38ac9f9d8df5158b7a074eaf4b5e0c874f05fd31c535c3796e06db0d216a0323,7934,0,1,1
1,15,0,0,13,0.025933908999832056,0.017103,0.0086039999999999988,29622272,NA,NA,NA,NA,NA,NA,NA,NA,313536,280189,4101,1,5a04cd3dab823e43a4d317f4a27057eec5b1fcaecf9843229a14a897b95f1f29,5235,0,1,1
1,15,1,1,13,0.026540152000052331,0.019196999999999999,0.0071829999999999993,30052352,NA,NA,NA,NA,NA,NA,NA,NA,313536,280189,4101,1,5a04cd3dab823e43a4d317f4a27057eec5b1fcaecf9843229a14a897b95f1f29,5239,0,2,1
1,15,0,1,1,0.01799466400007077,0.0073999999999999995,0.010404999999999999,22540288,NA,NA,NA,NA,NA,NA,NA,NA,2056,133,5,1,6b21b079ef6f8f7f055926600e53b906dd7be041e021dd2791b7aa8c55e24585,3553,0,2,0
1,15,1,0,1,0.023037493999254366,0.017409000000000001,0.0054799999999999996,22974464,NA,NA,NA,NA,NA,NA,NA,NA,2056,133,5,1,6b21b079ef6f8f7f055926600e53b906dd7be041e021dd2791b7aa8c55e24585,3552,0,2,2
1,15,0,1,22,0.10889430000042921,0.096382999999999996,0.012284999999999999,62480384,NA,NA,NA,NA,NA,NA,NA,NA,1433848,711531,19202,64,7fe8e0e1367c4dc75afe736c0ee35e3a3755c0152301f3880ce2412132a22623,13047,0,2,1
1,15,1,0,22,0.10731071600002906,0.073609999999999995,0.033480999999999997,62447616,NA,NA,NA,NA,NA,NA,NA,NA,1433848,711531,19202,64,7fe8e0e1367c4dc75afe736c0ee35e3a3755c0152301f3880ce2412132a22623,13043,0,1,1
1,15,0,0,4,0.039906615000290913,0.023355999999999998,0.016354,26599424,NA,NA,NA,NA,NA,NA,NA,NA,163920,51085,1029,1,3469c6c02ad818b9b840f744b74781f39d0d6d69319fb824d729f7875274b381,4518,0,2,1
1,15,1,1,4,0.039124193999668933,0.031481999999999996,0.0074529999999999996,26681344,NA,NA,NA,NA,NA,NA,NA,NA,163920,51085,1029,1,3469c6c02ad818b9b840f744b74781f39d0d6d69319fb824d729f7875274b381,4524,0,2,1
1,15,0,0,16,0.082348675000503135,0.065973000000000004,0.016198999999999998,42250240,NA,NA,NA,NA,NA,NA,NA,NA,1083024,235398,3329,64,5916968f62e510f778d0d1e3d1fe7cb78db1f7fd7a3ef52fe1a3aefaf683922d,8296,0,2,1
1,15,1,1,16,0.17517160899933515,0.11206899999999999,0.062578999999999996,41816064,NA,NA,NA,NA,NA,NA,NA,NA,1083024,235398,3329,64,5916968f62e510f778d0d1e3d1fe7cb78db1f7fd7a3ef52fe1a3aefaf683922d,8290,0,2,2
1,16,0,1,7,0.059212422999735281,0.012397999999999999,0.045810999999999998,28532736,NA,NA,NA,NA,NA,NA,NA,NA,126024,51085,1029,1,d6479df97612ac41a8966333a6ef58076a32dad29a20f6bc64e0a5b65673088c,4985,0,2,1
1,16,1,0,7,0.027619240999229078,0.017568,0.009885999999999999,28381184,NA,NA,NA,NA,NA,NA,NA,NA,126024,51085,1029,1,d6479df97612ac41a8966333a6ef58076a32dad29a20f6bc64e0a5b65673088c,4995,0,1,1
1,16,0,1,16,0.092457574999571079,0.076983999999999997,0.015195,42151936,NA,NA,NA,NA,NA,NA,NA,NA,1083024,235398,3329,64,5916968f62e510f778d0d1e3d1fe7cb78db1f7fd7a3ef52fe1a3aefaf683922d,8297,0,1,1
1,16,1,0,16,0.087165412999638647,0.074440999999999993,0.012518999999999999,42127360,NA,NA,NA,NA,NA,NA,NA,NA,1083024,235398,3329,64,5916968f62e510f778d0d1e3d1fe7cb78db1f7fd7a3ef52fe1a3aefaf683922d,8294,0,2,1
1,16,0,0,3,0.022272594000241952,0.0123,0.009776,22982656,NA,NA,NA,NA,NA,NA,NA,NA,2008,133,5,1,8210b4f6eac12a20575e673437437e82cfff653da437ea17992a3aed56a99207,3554,0,2,1
1,16,1,1,3,0.017959565000637667,0.013810999999999999,0.0039550000000000002,22982656,NA,NA,NA,NA,NA,NA,NA,NA,2008,133,5,1,8210b4f6eac12a20575e673437437e82cfff653da437ea17992a3aed56a99207,3559,0,1,0
1,16,0,0,8,0.027954975999818998,0.011656999999999999,0.016153999999999998,29528064,NA,NA,NA,NA,NA,NA,NA,NA,98128,39898,2049,512,d54e0d3e437f1319c5e0037da4750229225984f79f1ebd587b1323affae587ab,5476,0,2,1
1,16,1,1,8,0.033373457999914535,0.014756,0.014159999999999999,29765632,NA,NA,NA,NA,NA,NA,NA,NA,98128,39898,2049,512,d54e0d3e437f1319c5e0037da4750229225984f79f1ebd587b1323affae587ab,5484,0,2,2
1,16,0,0,12,0.036979999000323005,0.028923999999999998,0.0079249999999999998,28573696,NA,NA,NA,NA,NA,NA,NA,NA,313424,280189,4101,1,0f9e44f960c45a3ca86cde574970381ef909d64a6bb2d20a17395bced584502a,5031,0,2,0
1,16,1,1,12,0.036151630000858859,0.028081999999999999,0.0079620000000000003,28581888,NA,NA,NA,NA,NA,NA,NA,NA,313424,280189,4101,1,0f9e44f960c45a3ca86cde574970381ef909d64a6bb2d20a17395bced584502a,5030,0,2,0
1,16,0,0,21,0.11554533900016395,0.067832000000000003,0.047588999999999999,64540672,NA,NA,NA,NA,NA,NA,NA,NA,2209528,711531,19202,64,955dcf7525f03629d689feea1585905e0b8700805efb32f241197b1ebcb41ffa,13619,0,2,0
1,16,1,1,21,0.10869140900013008,0.088566999999999993,0.019927,64745472,NA,NA,NA,NA,NA,NA,NA,NA,2209528,711531,19202,64,955dcf7525f03629d689feea1585905e0b8700805efb32f241197b1ebcb41ffa,13618,0,2,1
1,16,0,1,18,0.059423849000268092,0.055642999999999998,0.003617,39874560,NA,NA,NA,NA,NA,NA,NA,NA,742032,235398,3329,64,bbb3d34b2aa5abdd298d84b8be032ee0c65ab3dbe74b5d4f0ba0963e99614893,7768,0,2,1
1,16,1,0,18,0.05260890899990045,0.044297999999999997,0.0081359999999999991,39899136,NA,NA,NA,NA,NA,NA,NA,NA,742032,235398,3329,64,bbb3d34b2aa5abdd298d84b8be032ee0c65ab3dbe74b5d4f0ba0963e99614893,7767,0,2,0
1,16,0,0,11,0.023627098999895679,0.011876999999999999,0.011595999999999999,28758016,NA,NA,NA,NA,NA,NA,NA,NA,106320,39898,2049,512,7b8f1ead52d1f75ea51a9518f4611f96b3105a83b8e9ff16958705114f2a13b3,4956,0,2,0
1,16,1,1,11,0.0243855850003456,0.015482999999999998,0.0088059999999999996,28184576,NA,NA,NA,NA,NA,NA,NA,NA,106320,39898,2049,512,7b8f1ead52d1f75ea51a9518f4611f96b3105a83b8e9ff16958705114f2a13b3,4956,0,2,0
1,16,0,0,9,0.021701114000279631,0.017194999999999998,0.0044219999999999997,28889088,NA,NA,NA,NA,NA,NA,NA,NA,147280,39898,2049,512,02ee45f00f5fa967779eb017bd9c1965526161af8ee6a0f23a31a68b3dbbac77,4993,0,2,0
1,16,1,1,9,0.022887583999363414,0.0089879999999999995,0.013816,28930048,NA,NA,NA,NA,NA,NA,NA,NA,147280,39898,2049,512,02ee45f00f5fa967779eb017bd9c1965526161af8ee6a0f23a31a68b3dbbac77,4994,0,2,0
1,16,0,0,17,0.07194565700046951,0.055671999999999999,0.016182999999999999,41005056,NA,NA,NA,NA,NA,NA,NA,NA,1009296,235398,3329,64,38ac9f9d8df5158b7a074eaf4b5e0c874f05fd31c535c3796e06db0d216a0323,7932,0,2,1
1,16,1,1,17,0.063606588000766351,0.055535999999999995,0.0079469999999999992,40513536,NA,NA,NA,NA,NA,NA,NA,NA,1009296,235398,3329,64,38ac9f9d8df5158b7a074eaf4b5e0c874f05fd31c535c3796e06db0d216a0323,7927,0,2,0
1,16,0,0,20,0.15434670299964637,0.12537499999999999,0.028785999999999999,64335872,NA,NA,NA,NA,NA,NA,NA,NA,1746680,711531,19202,64,e4041ce2b5b6df572ca4d0ca66e6006ad368116646e82963f7e9550b84ab78ca,13665,0,2,4
1,16,1,1,20,0.17726244899949961,0.14717,0.029973,64516096,NA,NA,NA,NA,NA,NA,NA,NA,1746680,711531,19202,64,e4041ce2b5b6df572ca4d0ca66e6006ad368116646e82963f7e9550b84ab78ca,13663,0,2,0
1,16,0,0,4,0.038377980000404932,0.033930000000000002,0.0043210000000000002,26730496,NA,NA,NA,NA,NA,NA,NA,NA,163920,51085,1029,1,3469c6c02ad818b9b840f744b74781f39d0d6d69319fb824d729f7875274b381,4518,0,2,0
1,16,1,1,4,0.040954046000479138,0.025767999999999999,0.015077999999999999,26615808,NA,NA,NA,NA,NA,NA,NA,NA,163920,51085,1029,1,3469c6c02ad818b9b840f744b74781f39d0d6d69319fb824d729f7875274b381,4520,0,2,0
1,16,0,1,1,0.018210985000223445,0.010914999999999999,0.0071969999999999994,22511616,NA,NA,NA,NA,NA,NA,NA,NA,2056,133,5,1,6b21b079ef6f8f7f055926600e53b906dd7be041e021dd2791b7aa8c55e24585,3546,0,2,0
1,16,1,0,1,0.016933296000388509,0.016847999999999998,0,22446080,NA,NA,NA,NA,NA,NA,NA,NA,2056,133,5,1,6b21b079ef6f8f7f055926600e53b906dd7be041e021dd2791b7aa8c55e24585,3550,0,2,0
1,16,0,1,10,0.028556997999658051,0.026071,0.002408,28807168,NA,NA,NA,NA,NA,NA,NA,NA,106320,39898,2049,512,7b8f1ead52d1f75ea51a9518f4611f96b3105a83b8e9ff16958705114f2a13b3,4964,0,2,0
1,16,1,0,10,0.024292822000461456,0.024205999999999998,0,28712960,NA,NA,NA,NA,NA,NA,NA,NA,106320,39898,2049,512,7b8f1ead52d1f75ea51a9518f4611f96b3105a83b8e9ff16958705114f2a13b3,4964,0,2,0
1,16,0,1,0,0.016973185000097146,0.010005,0.0068719999999999996,22708224,NA,NA,NA,NA,NA,NA,NA,NA,2008,133,5,1,a8c1633e798ef980493443e67e6fdb6eada42f775edf7051d304d09c3ddadf5a,3576,0,2,0
1,16,1,0,0,0.016930081999817048,0.0085760000000000003,0.0082629999999999995,22679552,NA,NA,NA,NA,NA,NA,NA,NA,2008,133,5,1,a8c1633e798ef980493443e67e6fdb6eada42f775edf7051d304d09c3ddadf5a,3576,0,2,0
1,16,0,0,15,0.02612997800042649,0.011372,0.014551,29765632,NA,NA,NA,NA,NA,NA,NA,NA,247896,280189,4101,1,cf0f1cc1e290dce65809b3140c6f2dc9062a9f452120988a3a869e7faab69134,5199,0,2,1
1,16,1,1,15,0.027510805999554577,0.027425999999999999,0,29364224,NA,NA,NA,NA,NA,NA,NA,NA,247896,280189,4101,1,cf0f1cc1e290dce65809b3140c6f2dc9062a9f452120988a3a869e7faab69134,5185,0,2,0
1,16,0,1,13,0.027598140000009153,0.027511999999999998,0,30007296,NA,NA,NA,NA,NA,NA,NA,NA,313536,280189,4101,1,5a04cd3dab823e43a4d317f4a27057eec5b1fcaecf9843229a14a897b95f1f29,5240,0,2,0
1,16,1,0,13,0.036129285000242817,0.014718,0.015491,29450240,NA,NA,NA,NA,NA,NA,NA,NA,313536,280189,4101,1,5a04cd3dab823e43a4d317f4a27057eec5b1fcaecf9843229a14a897b95f1f29,5233,0,2,1
1,16,0,1,23,0.13058101700062252,0.10481799999999999,0.025604999999999999,62312448,NA,NA,NA,NA,NA,NA,NA,NA,1433848,711531,19202,64,7fe8e0e1367c4dc75afe736c0ee35e3a3755c0152301f3880ce2412132a22623,13107,0,2,0
1,16,1,0,23,0.12908465999953478,0.099351999999999996,0.029575999999999998,62287872,NA,NA,NA,NA,NA,NA,NA,NA,1433848,711531,19202,64,7fe8e0e1367c4dc75afe736c0ee35e3a3755c0152301f3880ce2412132a22623,13109,0,2,1
1,16,0,0,6,0.028784434000044712,0.024596,0.0040349999999999995,28196864,NA,NA,NA,NA,NA,NA,NA,NA,126024,51085,1029,1,d6479df97612ac41a8966333a6ef58076a32dad29a20f6bc64e0a5b65673088c,4929,0,2,0
1,16,1,1,6,0.02710281399959058,0.015382999999999999,0.011545,28798976,NA,NA,NA,NA,NA,NA,NA,NA,126024,51085,1029,1,d6479df97612ac41a8966333a6ef58076a32dad29a20f6bc64e0a5b65673088c,4946,0,2,0
1,16,0,1,14,0.027518538000549597,0.019698999999999998,0.007705,29704192,NA,NA,NA,NA,NA,NA,NA,NA,247896,280189,4101,1,cf0f1cc1e290dce65809b3140c6f2dc9062a9f452120988a3a869e7faab69134,5157,0,2,0
1,16,1,0,14,0.027846164000038698,0.012142999999999999,0.015594999999999999,29663232,NA,NA,NA,NA,NA,NA,NA,NA,247896,280189,4101,1,cf0f1cc1e290dce65809b3140c6f2dc9062a9f452120988a3a869e7faab69134,5155,0,2,0
1,16,0,0,5,0.024494025000421971,0.016580999999999999,0.0077849999999999994,28393472,NA,NA,NA,NA,NA,NA,NA,NA,192736,51085,1029,1,98c15b8b4636441c6e839c68a3bed9dee3bd8ae062882739073db7b7ed7d66f3,4973,0,2,0
1,16,1,1,5,0.02514124599929346,0.016244999999999999,0.0087969999999999993,28938240,NA,NA,NA,NA,NA,NA,NA,NA,192736,51085,1029,1,98c15b8b4636441c6e839c68a3bed9dee3bd8ae062882739073db7b7ed7d66f3,4982,0,2,0
1,16,0,0,19,0.053193567000562325,0.036052000000000001,0.017055999999999998,40210432,NA,NA,NA,NA,NA,NA,NA,NA,742032,235398,3329,64,bbb3d34b2aa5abdd298d84b8be032ee0c65ab3dbe74b5d4f0ba0963e99614893,7764,0,2,0
1,16,1,1,19,0.056540736999522778,0.044371000000000001,0.012065999999999999,40243200,NA,NA,NA,NA,NA,NA,NA,NA,742032,235398,3329,64,bbb3d34b2aa5abdd298d84b8be032ee0c65ab3dbe74b5d4f0ba0963e99614893,7759,0,2,0
1,16,0,1,2,0.021578761000455415,0.021425,0,22806528,NA,NA,NA,NA,NA,NA,NA,NA,2008,133,5,1,8210b4f6eac12a20575e673437437e82cfff653da437ea17992a3aed56a99207,3550,0,2,0
1,16,1,0,2,0.018121615000382008,0.014202999999999999,0.003823,22634496,NA,NA,NA,NA,NA,NA,NA,NA,2008,133,5,1,8210b4f6eac12a20575e673437437e82cfff653da437ea17992a3aed56a99207,3546,0,2,0
1,16,0,1,22,0.11116966200006573,0.078691999999999998,0.032379999999999999,61976576,NA,NA,NA,NA,NA,NA,NA,NA,1433848,711531,19202,64,7fe8e0e1367c4dc75afe736c0ee35e3a3755c0152301f3880ce2412132a22623,13046,0,2,0
1,16,1,0,22,0.10645344099975773,0.08181999999999999,0.024506,62005248,NA,NA,NA,NA,NA,NA,NA,NA,1433848,711531,19202,64,7fe8e0e1367c4dc75afe736c0ee35e3a3755c0152301f3880ce2412132a22623,13041,0,2,0
1,17,0,1,5,0.027658212999995158,0.027524999999999997,0,28381184,NA,NA,NA,NA,NA,NA,NA,NA,192736,51085,1029,1,98c15b8b4636441c6e839c68a3bed9dee3bd8ae062882739073db7b7ed7d66f3,4974,0,2,0
1,17,1,0,5,0.026170067000748531,0.014770999999999999,0.011271999999999999,28368896,NA,NA,NA,NA,NA,NA,NA,NA,192736,51085,1029,1,98c15b8b4636441c6e839c68a3bed9dee3bd8ae062882739073db7b7ed7d66f3,4964,0,2,2
1,17,0,1,9,0.024167964000298525,0.024060999999999999,0,28278784,NA,NA,NA,NA,NA,NA,NA,NA,147280,39898,2049,512,02ee45f00f5fa967779eb017bd9c1965526161af8ee6a0f23a31a68b3dbbac77,4978,0,2,0
1,17,1,0,9,0.025084312999752001,0.020556999999999999,0.0044199999999999995,28332032,NA,NA,NA,NA,NA,NA,NA,NA,147280,39898,2049,512,02ee45f00f5fa967779eb017bd9c1965526161af8ee6a0f23a31a68b3dbbac77,4979,0,2,0
1,17,0,0,2,0.017755934999513556,0.01034,0.0072719999999999998,22511616,NA,NA,NA,NA,NA,NA,NA,NA,2008,133,5,1,8210b4f6eac12a20575e673437437e82cfff653da437ea17992a3aed56a99207,3550,0,2,0
1,17,1,1,2,0.017667265999989468,0.0087139999999999995,0.0088269999999999998,23031808,NA,NA,NA,NA,NA,NA,NA,NA,2008,133,5,1,8210b4f6eac12a20575e673437437e82cfff653da437ea17992a3aed56a99207,3555,0,2,0
1,17,0,1,15,0.030781483000282606,0.023604,0.006855,29302784,NA,NA,NA,NA,NA,NA,NA,NA,247896,280189,4101,1,cf0f1cc1e290dce65809b3140c6f2dc9062a9f452120988a3a869e7faab69134,5188,0,2,1
1,17,1,0,15,0.028378308000355901,0.019734999999999999,0.0085039999999999994,29786112,NA,NA,NA,NA,NA,NA,NA,NA,247896,280189,4101,1,cf0f1cc1e290dce65809b3140c6f2dc9062a9f452120988a3a869e7faab69134,5201,0,2,1
1,17,0,0,22,0.10468378299992764,0.080586999999999992,0.023972999999999998,62050304,NA,NA,NA,NA,NA,NA,NA,NA,1433848,711531,19202,64,7fe8e0e1367c4dc75afe736c0ee35e3a3755c0152301f3880ce2412132a22623,13038,0,2,0
1,17,1,1,22,0.11116712900002312,0.095998,0.015014999999999999,62017536,NA,NA,NA,NA,NA,NA,NA,NA,1433848,711531,19202,64,7fe8e0e1367c4dc75afe736c0ee35e3a3755c0152301f3880ce2412132a22623,13039,0,2,1
1,17,0,0,16,0.08811704199979431,0.079144999999999993,0.0087149999999999988,41881600,NA,NA,NA,NA,NA,NA,NA,NA,1083024,235398,3329,64,5916968f62e510f778d0d1e3d1fe7cb78db1f7fd7a3ef52fe1a3aefaf683922d,8299,0,2,0
1,17,1,1,16,0.082332830999803264,0.078194,0.0039969999999999997,42225664,NA,NA,NA,NA,NA,NA,NA,NA,1083024,235398,3329,64,5916968f62e510f778d0d1e3d1fe7cb78db1f7fd7a3ef52fe1a3aefaf683922d,8299,0,2,0
1,17,0,1,17,0.06343842800015409,0.047354,0.015969000000000001,40570880,NA,NA,NA,NA,NA,NA,NA,NA,1009296,235398,3329,64,38ac9f9d8df5158b7a074eaf4b5e0c874f05fd31c535c3796e06db0d216a0323,7934,0,2,1
1,17,1,0,17,0.068284104999293049,0.049396999999999996,0.018616999999999998,40996864,NA,NA,NA,NA,NA,NA,NA,NA,1009296,235398,3329,64,38ac9f9d8df5158b7a074eaf4b5e0c874f05fd31c535c3796e06db0d216a0323,7941,0,2,0
1,17,0,0,14,0.028742489000251226,0.016763,0.011852,29663232,NA,NA,NA,NA,NA,NA,NA,NA,247896,280189,4101,1,cf0f1cc1e290dce65809b3140c6f2dc9062a9f452120988a3a869e7faab69134,5155,0,2,0
1,17,1,1,14,0.026373599999715225,0.026249999999999999,0,29122560,NA,NA,NA,NA,NA,NA,NA,NA,247896,280189,4101,1,cf0f1cc1e290dce65809b3140c6f2dc9062a9f452120988a3a869e7faab69134,5148,0,2,0
1,17,0,0,7,0.02412507699955313,0.012111,0.011899999999999999,28938240,NA,NA,NA,NA,NA,NA,NA,NA,126024,51085,1029,1,d6479df97612ac41a8966333a6ef58076a32dad29a20f6bc64e0a5b65673088c,5000,0,2,0
1,17,1,1,7,0.026413497999783431,0.015201999999999999,0.01108,28774400,NA,NA,NA,NA,NA,NA,NA,NA,126024,51085,1029,1,d6479df97612ac41a8966333a6ef58076a32dad29a20f6bc64e0a5b65673088c,4998,0,2,0
1,17,0,1,12,0.038348552000570635,0.030592999999999999,0.0075839999999999996,28721152,NA,NA,NA,NA,NA,NA,NA,NA,313424,280189,4101,1,0f9e44f960c45a3ca86cde574970381ef909d64a6bb2d20a17395bced584502a,5029,0,2,1
1,17,1,0,12,0.041500436999740486,0.032951000000000001,0.008454999999999999,28663808,NA,NA,NA,NA,NA,NA,NA,NA,313424,280189,4101,1,0f9e44f960c45a3ca86cde574970381ef909d64a6bb2d20a17395bced584502a,5025,0,2,0
1,17,0,1,6,0.02484325000023091,0.016382999999999998,0.0083549999999999996,28213248,NA,NA,NA,NA,NA,NA,NA,NA,126024,51085,1029,1,d6479df97612ac41a8966333a6ef58076a32dad29a20f6bc64e0a5b65673088c,4936,0,2,0
1,17,1,0,6,0.026799575999575609,0.015278999999999999,0.011434999999999999,28626944,NA,NA,NA,NA,NA,NA,NA,NA,126024,51085,1029,1,d6479df97612ac41a8966333a6ef58076a32dad29a20f6bc64e0a5b65673088c,4943,0,2,0
1,17,0,1,4,0.040241877999505959,0.032494999999999996,0.0076249999999999998,26759168,NA,NA,NA,NA,NA,NA,NA,NA,163920,51085,1029,1,3469c6c02ad818b9b840f744b74781f39d0d6d69319fb824d729f7875274b381,4524,0,2,1
1,17,1,0,4,0.040690412000003562,0.031911999999999996,0.0086479999999999994,26693632,NA,NA,NA,NA,NA,NA,NA,NA,163920,51085,1029,1,3469c6c02ad818b9b840f744b74781f39d0d6d69319fb824d729f7875274b381,4523,0,2,0
1,17,0,0,18,0.059497761999409704,0.048606999999999997,0.010798,40316928,NA,NA,NA,NA,NA,NA,NA,NA,742032,235398,3329,64,bbb3d34b2aa5abdd298d84b8be032ee0c65ab3dbe74b5d4f0ba0963e99614893,7771,0,2,0
1,17,1,1,18,0.055979222000132722,0.051514999999999998,0.0043449999999999999,39940096,NA,NA,NA,NA,NA,NA,NA,NA,742032,235398,3329,64,bbb3d34b2aa5abdd298d84b8be032ee0c65ab3dbe74b5d4f0ba0963e99614893,7767,0,2,1
1,17,0,1,11,0.026568788000076893,0.016392,0.010079999999999999,28745728,NA,NA,NA,NA,NA,NA,NA,NA,106320,39898,2049,512,7b8f1ead52d1f75ea51a9518f4611f96b3105a83b8e9ff16958705114f2a13b3,4962,0,2,0
1,17,1,0,11,0.023145944000134477,0.0036649999999999999,0.019400999999999998,28381184,NA,NA,NA,NA,NA,NA,NA,NA,106320,39898,2049,512,7b8f1ead52d1f75ea51a9518f4611f96b3105a83b8e9ff16958705114f2a13b3,4952,0,2,0
1,17,0,0,10,0.023264991999894846,0.019327999999999998,0.0038579999999999999,28315648,NA,NA,NA,NA,NA,NA,NA,NA,106320,39898,2049,512,7b8f1ead52d1f75ea51a9518f4611f96b3105a83b8e9ff16958705114f2a13b3,4959,0,2,0
1,17,1,1,10,0.021980709999297687,0.017891000000000001,0.0040130000000000001,28143616,NA,NA,NA,NA,NA,NA,NA,NA,106320,39898,2049,512,7b8f1ead52d1f75ea51a9518f4611f96b3105a83b8e9ff16958705114f2a13b3,4955,0,2,0
1,17,0,0,23,0.11733821400048328,0.100882,0.016362999999999999,62722048,NA,NA,NA,NA,NA,NA,NA,NA,1433848,711531,19202,64,7fe8e0e1367c4dc75afe736c0ee35e3a3755c0152301f3880ce2412132a22623,13111,0,2,0
1,17,1,1,23,0.13114808899990749,0.107277,0.023396999999999998,62717952,NA,NA,NA,NA,NA,NA,NA,NA,1433848,711531,19202,64,7fe8e0e1367c4dc75afe736c0ee35e3a3755c0152301f3880ce2412132a22623,13113,0,2,0
1,17,0,0,13,0.029632646999743883,0.016219000000000001,0.013294,29941760,NA,NA,NA,NA,NA,NA,NA,NA,313536,280189,4101,1,5a04cd3dab823e43a4d317f4a27057eec5b1fcaecf9843229a14a897b95f1f29,5235,0,2,0
1,17,1,1,13,0.027964246999545139,0.019970999999999999,0.0078949999999999992,30072832,NA,NA,NA,NA,NA,NA,NA,NA,313536,280189,4101,1,5a04cd3dab823e43a4d317f4a27057eec5b1fcaecf9843229a14a897b95f1f29,5234,0,2,0
1,17,0,1,3,0.018147174999285198,0.013642999999999999,0.0043999999999999994,22548480,NA,NA,NA,NA,NA,NA,NA,NA,2008,133,5,1,8210b4f6eac12a20575e673437437e82cfff653da437ea17992a3aed56a99207,3545,0,2,0
1,17,1,0,3,0.01699039699997229,0.010315,0.0065819999999999993,22577152,NA,NA,NA,NA,NA,NA,NA,NA,2008,133,5,1,8210b4f6eac12a20575e673437437e82cfff653da437ea17992a3aed56a99207,3546,0,2,0
1,17,0,0,0,0.019039865000195277,0.0096109999999999998,0.0093329999999999993,22867968,NA,NA,NA,NA,NA,NA,NA,NA,2008,133,5,1,a8c1633e798ef980493443e67e6fdb6eada42f775edf7051d304d09c3ddadf5a,3579,0,2,0
1,17,1,1,0,0.016394951999245677,0.0098689999999999993,0.0064570000000000001,22679552,NA,NA,NA,NA,NA,NA,NA,NA,2008,133,5,1,a8c1633e798ef980493443e67e6fdb6eada42f775edf7051d304d09c3ddadf5a,3576,0,2,0
1,17,0,1,20,0.16748379000000568,0.13292799999999999,0.034457999999999996,64499712,NA,NA,NA,NA,NA,NA,NA,NA,1746680,711531,19202,64,e4041ce2b5b6df572ca4d0ca66e6006ad368116646e82963f7e9550b84ab78ca,13661,0,2,0
1,17,1,0,20,0.1598889959996086,0.126577,0.033126999999999997,64409600,NA,NA,NA,NA,NA,NA,NA,NA,1746680,711531,19202,64,e4041ce2b5b6df572ca4d0ca66e6006ad368116646e82963f7e9550b84ab78ca,13662,0,2,1
1,17,0,1,19,0.056356004999543075,0.039522000000000002,0.016698999999999999,40341504,NA,NA,NA,NA,NA,NA,NA,NA,742032,235398,3329,64,bbb3d34b2aa5abdd298d84b8be032ee0c65ab3dbe74b5d4f0ba0963e99614893,7760,0,2,0
1,17,1,0,19,0.057165219000125944,0.054438,0.0025729999999999998,40308736,NA,NA,NA,NA,NA,NA,NA,NA,742032,235398,3329,64,bbb3d34b2aa5abdd298d84b8be032ee0c65ab3dbe74b5d4f0ba0963e99614893,7763,0,2,0
1,17,0,1,21,0.10551252900040708,0.090150999999999995,0.015236,64237568,NA,NA,NA,NA,NA,NA,NA,NA,2209528,711531,19202,64,955dcf7525f03629d689feea1585905e0b8700805efb32f241197b1ebcb41ffa,13616,0,2,1
1,17,1,0,21,0.10034259599979123,0.083699999999999997,0.016496,64278528,NA,NA,NA,NA,NA,NA,NA,NA,2209528,711531,19202,64,955dcf7525f03629d689feea1585905e0b8700805efb32f241197b1ebcb41ffa,13617,0,2,0
1,17,0,0,1,0.018293107999852509,0.010699,0.0074779999999999994,22470656,NA,NA,NA,NA,NA,NA,NA,NA,2056,133,5,1,6b21b079ef6f8f7f055926600e53b906dd7be041e021dd2791b7aa8c55e24585,3549,0,2,0
1,17,1,1,1,0.018306116999156075,0.018220999999999998,0,22487040,NA,NA,NA,NA,NA,NA,NA,NA,2056,133,5,1,6b21b079ef6f8f7f055926600e53b906dd7be041e021dd2791b7aa8c55e24585,3542,0,2,0
1,17,0,1,8,0.035172316999705799,0.032218999999999998,0.002823,29536256,NA,NA,NA,NA,NA,NA,NA,NA,98128,39898,2049,512,d54e0d3e437f1319c5e0037da4750229225984f79f1ebd587b1323affae587ab,5481,0,2,1
1,17,1,0,8,0.029896346999521484,0.025294999999999998,0.0044120000000000001,29573120,NA,NA,NA,NA,NA,NA,NA,NA,98128,39898,2049,512,d54e0d3e437f1319c5e0037da4750229225984f79f1ebd587b1323affae587ab,5475,0,2,0
1,18,0,1,18,0.051774987999124278,0.035723999999999999,0.015949999999999999,40357888,NA,NA,NA,NA,NA,NA,NA,NA,742032,235398,3329,64,bbb3d34b2aa5abdd298d84b8be032ee0c65ab3dbe74b5d4f0ba0963e99614893,7778,0,2,0
1,18,1,0,18,0.054167024999514979,0.034641999999999999,0.019434,39948288,NA,NA,NA,NA,NA,NA,NA,NA,742032,235398,3329,64,bbb3d34b2aa5abdd298d84b8be032ee0c65ab3dbe74b5d4f0ba0963e99614893,7771,0,2,0
1,18,0,1,19,0.05348797500028013,0.045038999999999996,0.0083559999999999988,39882752,NA,NA,NA,NA,NA,NA,NA,NA,742032,235398,3329,64,bbb3d34b2aa5abdd298d84b8be032ee0c65ab3dbe74b5d4f0ba0963e99614893,7754,0,2,0
1,18,1,0,19,0.056537180000304943,0.036854999999999999,0.019545999999999997,40341504,NA,NA,NA,NA,NA,NA,NA,NA,742032,235398,3329,64,bbb3d34b2aa5abdd298d84b8be032ee0c65ab3dbe74b5d4f0ba0963e99614893,7761,0,2,0
1,18,0,1,10,0.030680871000186016,0.021405,0.0089599999999999992,28745728,NA,NA,NA,NA,NA,NA,NA,NA,106320,39898,2049,512,7b8f1ead52d1f75ea51a9518f4611f96b3105a83b8e9ff16958705114f2a13b3,4961,0,2,0
1,18,1,0,10,0.027209517999835953,0.013457999999999999,0.013625,28798976,NA,NA,NA,NA,NA,NA,NA,NA,106320,39898,2049,512,7b8f1ead52d1f75ea51a9518f4611f96b3105a83b8e9ff16958705114f2a13b3,4965,0,2,0
1,18,0,0,3,0.018448871999680705,0.011462,0.0068889999999999993,22880256,NA,NA,NA,NA,NA,NA,NA,NA,2008,133,5,1,8210b4f6eac12a20575e673437437e82cfff653da437ea17992a3aed56a99207,3558,0,2,0
1,18,1,1,3,0.017470464999860269,0.012823999999999999,0.0045469999999999998,22867968,NA,NA,NA,NA,NA,NA,NA,NA,2008,133,5,1,8210b4f6eac12a20575e673437437e82cfff653da437ea17992a3aed56a99207,3552,0,2,0
1,18,0,0,8,0.027419924000241735,0.011717,0.015602999999999999,29675520,NA,NA,NA,NA,NA,NA,NA,NA,98128,39898,2049,512,d54e0d3e437f1319c5e0037da4750229225984f79f1ebd587b1323affae587ab,5476,0,2,0
1,18,1,1,8,0.028089831000215781,0.016244999999999999,0.011739999999999999,29802496,NA,NA,NA,NA,NA,NA,NA,NA,98128,39898,2049,512,d54e0d3e437f1319c5e0037da4750229225984f79f1ebd587b1323affae587ab,5481,0,2,0
1,18,0,1,4,0.035398549000092316,0.023389999999999998,0.011899999999999999,26832896,NA,NA,NA,NA,NA,NA,NA,NA,163920,51085,1029,1,3469c6c02ad818b9b840f744b74781f39d0d6d69319fb824d729f7875274b381,4524,0,2,0
1,18,1,0,4,0.038245351999648847,0.034224999999999998,0.0039309999999999996,26640384,NA,NA,NA,NA,NA,NA,NA,NA,163920,51085,1029,1,3469c6c02ad818b9b840f744b74781f39d0d6d69319fb824d729f7875274b381,4525,0,2,0
1,18,0,0,21,0.10498124300011114,0.084828000000000001,0.020014000000000001,64208896,NA,NA,NA,NA,NA,NA,NA,NA,2209528,711531,19202,64,955dcf7525f03629d689feea1585905e0b8700805efb32f241197b1ebcb41ffa,13611,0,2,1
1,18,1,1,21,0.11627967999993416,0.095715999999999996,0.020348999999999999,64278528,NA,NA,NA,NA,NA,NA,NA,NA,2209528,711531,19202,64,955dcf7525f03629d689feea1585905e0b8700805efb32f241197b1ebcb41ffa,13609,0,2,2
1,18,0,1,5,0.026127760000235867,0.014827999999999999,0.011172,28344320,NA,NA,NA,NA,NA,NA,NA,NA,192736,51085,1029,1,98c15b8b4636441c6e839c68a3bed9dee3bd8ae062882739073db7b7ed7d66f3,4972,0,2,1
1,18,1,0,5,0.025677289000668679,0.021203,0.0043609999999999994,28778496,NA,NA,NA,NA,NA,NA,NA,NA,192736,51085,1029,1,98c15b8b4636441c6e839c68a3bed9dee3bd8ae062882739073db7b7ed7d66f3,4981,0,2,0
1,18,0,0,11,0.02389781799956836,0.015685000000000001,0.0081250000000000003,28356608,NA,NA,NA,NA,NA,NA,NA,NA,106320,39898,2049,512,7b8f1ead52d1f75ea51a9518f4611f96b3105a83b8e9ff16958705114f2a13b3,4953,0,2,0
1,18,1,1,11,0.022302076000414672,0.0074739999999999997,0.014747,28622848,NA,NA,NA,NA,NA,NA,NA,NA,106320,39898,2049,512,7b8f1ead52d1f75ea51a9518f4611f96b3105a83b8e9ff16958705114f2a13b3,4961,0,2,0
1,18,0,0,1,0.015783397000632249,0.0078390000000000005,0.0078390000000000005,22597632,NA,NA,NA,NA,NA,NA,NA,NA,2056,133,5,1,6b21b079ef6f8f7f055926600e53b906dd7be041e021dd2791b7aa8c55e24585,3553,0,2,0
1,18,1,1,1,0.017091945000174746,0.012353999999999999,0.0043479999999999994,22343680,NA,NA,NA,NA,NA,NA,NA,NA,2056,133,5,1,6b21b079ef6f8f7f055926600e53b906dd7be041e021dd2791b7aa8c55e24585,3541,0,2,2
1,18,0,0,22,0.11035805400024401,0.092198000000000002,0.018067,62468096,NA,NA,NA,NA,NA,NA,NA,NA,1433848,711531,19202,64,7fe8e0e1367c4dc75afe736c0ee35e3a3755c0152301f3880ce2412132a22623,13048,0,2,0
1,18,1,1,22,0.11794836899935035,0.082405999999999993,0.035408999999999996,61992960,NA,NA,NA,NA,NA,NA,NA,NA,1433848,711531,19202,64,7fe8e0e1367c4dc75afe736c0ee35e3a3755c0152301f3880ce2412132a22623,13041,0,2,2
1,18,0,1,6,0.026436269000441825,0.014627999999999999,0.011346,28106752,NA,NA,NA,NA,NA,NA,NA,NA,126024,51085,1029,1,d6479df97612ac41a8966333a6ef58076a32dad29a20f6bc64e0a5b65673088c,4936,0,2,0
1,18,1,0,6,0.024494037000295066,0.016517,0.007868,28401664,NA,NA,NA,NA,NA,NA,NA,NA,126024,51085,1029,1,d6479df97612ac41a8966333a6ef58076a32dad29a20f6bc64e0a5b65673088c,4938,0,2,0
1,18,0,0,9,0.023321593000218854,0.0072979999999999998,0.015924999999999998,28778496,NA,NA,NA,NA,NA,NA,NA,NA,147280,39898,2049,512,02ee45f00f5fa967779eb017bd9c1965526161af8ee6a0f23a31a68b3dbbac77,4991,0,2,0
1,18,1,1,9,0.024724247000449395,0.016230999999999999,0.0082519999999999989,28749824,NA,NA,NA,NA,NA,NA,NA,NA,147280,39898,2049,512,02ee45f00f5fa967779eb017bd9c1965526161af8ee6a0f23a31a68b3dbbac77,4988,0,2,0
1,18,0,0,12,0.038009052999768755,0.029465999999999999,0.0084650000000000003,28549120,NA,NA,NA,NA,NA,NA,NA,NA,313424,280189,4101,1,0f9e44f960c45a3ca86cde574970381ef909d64a6bb2d20a17395bced584502a,5024,0,2,0
1,18,1,1,12,0.047094567000385723,0.037628000000000002,0.0093489999999999997,28762112,NA,NA,NA,NA,NA,NA,NA,NA,313424,280189,4101,1,0f9e44f960c45a3ca86cde574970381ef909d64a6bb2d20a17395bced584502a,5025,0,2,0
1,18,0,0,14,0.028778482000234362,0.015293999999999999,0.013368,29196288,NA,NA,NA,NA,NA,NA,NA,NA,247896,280189,4101,1,cf0f1cc1e290dce65809b3140c6f2dc9062a9f452120988a3a869e7faab69134,5151,0,2,0
1,18,1,1,14,0.027865736000421748,0.0074729999999999996,0.020298999999999998,29655040,NA,NA,NA,NA,NA,NA,NA,NA,247896,280189,4101,1,cf0f1cc1e290dce65809b3140c6f2dc9062a9f452120988a3a869e7faab69134,5164,0,2,0
1,18,0,0,13,0.030281526999715425,0.026549,0.0036439999999999997,29491200,NA,NA,NA,NA,NA,NA,NA,NA,313536,280189,4101,1,5a04cd3dab823e43a4d317f4a27057eec5b1fcaecf9843229a14a897b95f1f29,5232,0,2,0
1,18,1,1,13,0.027532948000043689,0.016531999999999998,0.010888,30040064,NA,NA,NA,NA,NA,NA,NA,NA,313536,280189,4101,1,5a04cd3dab823e43a4d317f4a27057eec5b1fcaecf9843229a14a897b95f1f29,5234,0,2,0
1,18,0,0,7,0.028005228999973042,0.024129999999999999,0.0037669999999999999,28827648,NA,NA,NA,NA,NA,NA,NA,NA,126024,51085,1029,1,d6479df97612ac41a8966333a6ef58076a32dad29a20f6bc64e0a5b65673088c,5000,0,2,0
1,18,1,1,7,0.026589100999444781,0.019037999999999999,0.0074599999999999996,28299264,NA,NA,NA,NA,NA,NA,NA,NA,126024,51085,1029,1,d6479df97612ac41a8966333a6ef58076a32dad29a20f6bc64e0a5b65673088c,4984,0,2,0
1,18,0,0,2,0.019697220999660203,0.015816999999999998,0.0036339999999999996,22597632,NA,NA,NA,NA,NA,NA,NA,NA,2008,133,5,1,8210b4f6eac12a20575e673437437e82cfff653da437ea17992a3aed56a99207,3547,0,2,0
1,18,1,1,2,0.019348015999639756,0.015609999999999999,0.0036539999999999997,22880256,NA,NA,NA,NA,NA,NA,NA,NA,2008,133,5,1,8210b4f6eac12a20575e673437437e82cfff653da437ea17992a3aed56a99207,3552,0,2,0
1,18,0,0,0,0.019843420999677619,0.0081469999999999997,0.011580999999999999,22757376,NA,NA,NA,NA,NA,NA,NA,NA,2008,133,5,1,a8c1633e798ef980493443e67e6fdb6eada42f775edf7051d304d09c3ddadf5a,3568,0,2,1
1,18,1,1,0,0.016659196000546217,0.0083269999999999993,0.0082119999999999988,22867968,NA,NA,NA,NA,NA,NA,NA,NA,2008,133,5,1,a8c1633e798ef980493443e67e6fdb6eada42f775edf7051d304d09c3ddadf5a,3578,0,2,0
1,18,0,1,17,0.06461810200016771,0.052166999999999998,0.012362,41017344,NA,NA,NA,NA,NA,NA,NA,NA,1009296,235398,3329,64,38ac9f9d8df5158b7a074eaf4b5e0c874f05fd31c535c3796e06db0d216a0323,7940,0,2,0
1,18,1,0,17,0.066097474999878614,0.056749000000000001,0.0087589999999999994,40554496,NA,NA,NA,NA,NA,NA,NA,NA,1009296,235398,3329,64,38ac9f9d8df5158b7a074eaf4b5e0c874f05fd31c535c3796e06db0d216a0323,7929,0,2,2
1,18,0,0,15,0.027877110999725119,0.023705999999999998,0.0040379999999999999,29769728,NA,NA,NA,NA,NA,NA,NA,NA,247896,280189,4101,1,cf0f1cc1e290dce65809b3140c6f2dc9062a9f452120988a3a869e7faab69134,5194,0,2,0
1,18,1,1,15,0.026612734999616805,0.017714999999999998,0.0087739999999999988,29339648,NA,NA,NA,NA,NA,NA,NA,NA,247896,280189,4101,1,cf0f1cc1e290dce65809b3140c6f2dc9062a9f452120988a3a869e7faab69134,5185,0,2,1
1,18,0,1,20,0.15981808800006547,0.12440499999999999,0.035300999999999999,64442368,NA,NA,NA,NA,NA,NA,NA,NA,1746680,711531,19202,64,e4041ce2b5b6df572ca4d0ca66e6006ad368116646e82963f7e9550b84ab78ca,13669,0,2,0
1,18,1,0,20,0.17021085999931529,0.14680599999999999,0.023262999999999999,64462848,NA,NA,NA,NA,NA,NA,NA,NA,1746680,711531,19202,64,e4041ce2b5b6df572ca4d0ca66e6006ad368116646e82963f7e9550b84ab78ca,13669,0,2,1
1,18,0,1,16,0.083682885999223799,0.056298000000000001,0.027271,42160128,NA,NA,NA,NA,NA,NA,NA,NA,1083024,235398,3329,64,5916968f62e510f778d0d1e3d1fe7cb78db1f7fd7a3ef52fe1a3aefaf683922d,8297,0,2,0
1,18,1,0,16,0.088953217000380391,0.066272999999999999,0.019278,41897984,NA,NA,NA,NA,NA,NA,NA,NA,1083024,235398,3329,64,5916968f62e510f778d0d1e3d1fe7cb78db1f7fd7a3ef52fe1a3aefaf683922d,8297,0,2,4
1,18,0,0,23,0.12971295599982113,0.10936,0.020227999999999999,62304256,NA,NA,NA,NA,NA,NA,NA,NA,1433848,711531,19202,64,7fe8e0e1367c4dc75afe736c0ee35e3a3755c0152301f3880ce2412132a22623,13115,0,2,1
1,18,1,1,23,0.12996268700044311,0.095055000000000001,0.034735999999999996,62263296,NA,NA,NA,NA,NA,NA,NA,NA,1433848,711531,19202,64,7fe8e0e1367c4dc75afe736c0ee35e3a3755c0152301f3880ce2412132a22623,13113,0,2,1
1,19,0,1,9,0.027050233999943885,0.026921999999999998,0,28282880,NA,NA,NA,NA,NA,NA,NA,NA,147280,39898,2049,512,02ee45f00f5fa967779eb017bd9c1965526161af8ee6a0f23a31a68b3dbbac77,4978,0,2,0
1,19,1,0,9,0.025124395000602817,0.016624,0.0083899999999999999,28381184,NA,NA,NA,NA,NA,NA,NA,NA,147280,39898,2049,512,02ee45f00f5fa967779eb017bd9c1965526161af8ee6a0f23a31a68b3dbbac77,4983,0,2,0
1,19,0,0,19,0.051403100999777962,0.04333,0.0079749999999999995,40366080,NA,NA,NA,NA,NA,NA,NA,NA,742032,235398,3329,64,bbb3d34b2aa5abdd298d84b8be032ee0c65ab3dbe74b5d4f0ba0963e99614893,7765,0,2,0
1,19,1,1,19,0.057947314000557526,0.044996000000000001,0.012841,40169472,NA,NA,NA,NA,NA,NA,NA,NA,742032,235398,3329,64,bbb3d34b2aa5abdd298d84b8be032ee0c65ab3dbe74b5d4f0ba0963e99614893,7762,0,2,0
1,19,0,1,0,0.018888800000240735,0.014981999999999999,0.0038049999999999998,22757376,NA,NA,NA,NA,NA,NA,NA,NA,2008,133,5,1,a8c1633e798ef980493443e67e6fdb6eada42f775edf7051d304d09c3ddadf5a,3575,0,2,0
1,19,1,0,0,0.017324211999948602,0.0088059999999999996,0.0084209999999999997,22962176,NA,NA,NA,NA,NA,NA,NA,NA,2008,133,5,1,a8c1633e798ef980493443e67e6fdb6eada42f775edf7051d304d09c3ddadf5a,3575,0,2,1
1,19,0,1,14,0.026805701999364828,0.022706999999999998,0.0040169999999999997,29245440,NA,NA,NA,NA,NA,NA,NA,NA,247896,280189,4101,1,cf0f1cc1e290dce65809b3140c6f2dc9062a9f452120988a3a869e7faab69134,5157,0,2,0
1,19,1,0,14,0.024095753000437981,0.015984999999999999,0.0080219999999999996,29585408,NA,NA,NA,NA,NA,NA,NA,NA,247896,280189,4101,1,cf0f1cc1e290dce65809b3140c6f2dc9062a9f452120988a3a869e7faab69134,5155,0,2,0
1,19,0,0,18,0.056573007999759284,0.038848000000000001,0.017638999999999998,40341504,NA,NA,NA,NA,NA,NA,NA,NA,742032,235398,3329,64,bbb3d34b2aa5abdd298d84b8be032ee0c65ab3dbe74b5d4f0ba0963e99614893,7771,0,2,0
1,19,1,1,18,0.061388360999444558,0.042970000000000001,0.018319999999999999,40407040,NA,NA,NA,NA,NA,NA,NA,NA,742032,235398,3329,64,bbb3d34b2aa5abdd298d84b8be032ee0c65ab3dbe74b5d4f0ba0963e99614893,7776,0,2,0
1,19,0,0,17,0.061979117999726441,0.057713999999999994,0.004052,41013248,NA,NA,NA,NA,NA,NA,NA,NA,1009296,235398,3329,64,38ac9f9d8df5158b7a074eaf4b5e0c874f05fd31c535c3796e06db0d216a0323,7934,0,2,0
1,19,1,1,17,0.070613228000183881,0.066008999999999998,0.0044889999999999999,41062400,NA,NA,NA,NA,NA,NA,NA,NA,1009296,235398,3329,64,38ac9f9d8df5158b7a074eaf4b5e0c874f05fd31c535c3796e06db0d216a0323,7933,0,2,1
1,19,0,1,8,0.027619929000138654,0.019245999999999999,0.0082469999999999991,29323264,NA,NA,NA,NA,NA,NA,NA,NA,98128,39898,2049,512,d54e0d3e437f1319c5e0037da4750229225984f79f1ebd587b1323affae587ab,5477,0,2,2
1,19,1,0,8,0.028063110999937635,0.027973999999999999,0,29564928,NA,NA,NA,NA,NA,NA,NA,NA,98128,39898,2049,512,d54e0d3e437f1319c5e0037da4750229225984f79f1ebd587b1323affae587ab,5481,0,2,0
1,19,0,0,16,0.081281366000439448,0.076886999999999997,0.0042979999999999997,42037248,NA,NA,NA,NA,NA,NA,NA,NA,1083024,235398,3329,64,5916968f62e510f778d0d1e3d1fe7cb78db1f7fd7a3ef52fe1a3aefaf683922d,8294,0,2,0
1,19,1,1,16,0.098467789000096673,0.072897000000000003,0.025273,42217472,NA,NA,NA,NA,NA,NA,NA,NA,1083024,235398,3329,64,5916968f62e510f778d0d1e3d1fe7cb78db1f7fd7a3ef52fe1a3aefaf683922d,8298,0,2,1
1,19,0,1,13,0.0322511439999289,0.024555999999999998,0.0075799999999999999,29638656,NA,NA,NA,NA,NA,NA,NA,NA,313536,280189,4101,1,5a04cd3dab823e43a4d317f4a27057eec5b1fcaecf9843229a14a897b95f1f29,5230,0,2,0
1,19,1,0,13,0.031230978000166942,0.01038,0.020745,29638656,NA,NA,NA,NA,NA,NA,NA,NA,313536,280189,4101,1,5a04cd3dab823e43a4d317f4a27057eec5b1fcaecf9843229a14a897b95f1f29,5228,0,2,0
1,19,0,1,12,0.038304546000290429,0.034284999999999996,0.0039220000000000001,28729344,NA,NA,NA,NA,NA,NA,NA,NA,313424,280189,4101,1,0f9e44f960c45a3ca86cde574970381ef909d64a6bb2d20a17395bced584502a,5031,0,2,0
1,19,1,0,12,0.039210363999700348,0.031493,0.0076089999999999994,28848128,NA,NA,NA,NA,NA,NA,NA,NA,313424,280189,4101,1,0f9e44f960c45a3ca86cde574970381ef909d64a6bb2d20a17395bced584502a,5033,0,2,0
1,19,0,1,21,0.11994097100068757,0.090554999999999997,0.029205999999999999,64684032,NA,NA,NA,NA,NA,NA,NA,NA,2209528,711531,19202,64,955dcf7525f03629d689feea1585905e0b8700805efb32f241197b1ebcb41ffa,13623,0,2,1
1,19,1,0,21,0.1161083659999349,0.088243000000000002,0.027689999999999999,64679936,NA,NA,NA,NA,NA,NA,NA,NA,2209528,711531,19202,64,955dcf7525f03629d689feea1585905e0b8700805efb32f241197b1ebcb41ffa,13617,0,2,0
1,19,0,0,6,0.028312518999882741,0.011375999999999999,0.016822,28229632,NA,NA,NA,NA,NA,NA,NA,NA,126024,51085,1029,1,d6479df97612ac41a8966333a6ef58076a32dad29a20f6bc64e0a5b65673088c,4934,0,2,0
1,19,1,1,6,0.024701159000869666,0.016558,0.0080400000000000003,28745728,NA,NA,NA,NA,NA,NA,NA,NA,126024,51085,1029,1,d6479df97612ac41a8966333a6ef58076a32dad29a20f6bc64e0a5b65673088c,4942,0,2,1
1,19,0,1,22,0.11103378099960537,0.085936999999999999,0.024995,61976576,NA,NA,NA,NA,NA,NA,NA,NA,1433848,711531,19202,64,7fe8e0e1367c4dc75afe736c0ee35e3a3755c0152301f3880ce2412132a22623,13042,0,2,0
1,19,1,0,22,0.11767949600016436,0.077456999999999998,0.040070999999999996,62459904,NA,NA,NA,NA,NA,NA,NA,NA,1433848,711531,19202,64,7fe8e0e1367c4dc75afe736c0ee35e3a3755c0152301f3880ce2412132a22623,13051,0,2,1
1,19,0,0,4,0.043904555000153778,0.034916999999999997,0.0088699999999999994,26640384,NA,NA,NA,NA,NA,NA,NA,NA,163920,51085,1029,1,3469c6c02ad818b9b840f744b74781f39d0d6d69319fb824d729f7875274b381,4517,0,2,0
1,19,1,1,4,0.046624687000075937,0.029034999999999998,0.017204999999999998,26775552,NA,NA,NA,NA,NA,NA,NA,NA,163920,51085,1029,1,3469c6c02ad818b9b840f744b74781f39d0d6d69319fb824d729f7875274b381,4523,0,2,0
1,19,0,0,5,0.024055421999946702,0.01227,0.011651999999999999,28766208,NA,NA,NA,NA,NA,NA,NA,NA,192736,51085,1029,1,98c15b8b4636441c6e839c68a3bed9dee3bd8ae062882739073db7b7ed7d66f3,4980,0,2,0
1,19,1,1,5,0.02719753600013064,0.015456999999999999,0.011658,28360704,NA,NA,NA,NA,NA,NA,NA,NA,192736,51085,1029,1,98c15b8b4636441c6e839c68a3bed9dee3bd8ae062882739073db7b7ed7d66f3,4972,0,2,0
1,19,0,1,15,0.02734133100057079,0.015567999999999999,0.011686,29376512,NA,NA,NA,NA,NA,NA,NA,NA,247896,280189,4101,1,cf0f1cc1e290dce65809b3140c6f2dc9062a9f452120988a3a869e7faab69134,5193,0,2,0
1,19,1,0,15,0.027821267000035732,0.022012999999999998,0.0036419999999999998,29376512,NA,NA,NA,NA,NA,NA,NA,NA,247896,280189,4101,1,cf0f1cc1e290dce65809b3140c6f2dc9062a9f452120988a3a869e7faab69134,5194,0,2,0
1,19,0,1,3,0.017797038999560755,0.0088679999999999991,0.0087980000000000003,23031808,NA,NA,NA,NA,NA,NA,NA,NA,2008,133,5,1,8210b4f6eac12a20575e673437437e82cfff653da437ea17992a3aed56a99207,3553,0,2,1
1,19,1,0,3,0.017054158999599167,0.013904999999999999,0.003068,23052288,NA,NA,NA,NA,NA,NA,NA,NA,2008,133,5,1,8210b4f6eac12a20575e673437437e82cfff653da437ea17992a3aed56a99207,3556,0,2,0
1,19,0,1,1,0.021214063000115857,0.014355999999999999,0.0067799999999999996,23019520,NA,NA,NA,NA,NA,NA,NA,NA,2056,133,5,1,6b21b079ef6f8f7f055926600e53b906dd7be041e021dd2791b7aa8c55e24585,3554,0,2,0
1,19,1,0,1,0.019247076000283414,0.014926999999999999,0.0042379999999999996,23040000,NA,NA,NA,NA,NA,NA,NA,NA,2056,133,5,1,6b21b079ef6f8f7f055926600e53b906dd7be041e021dd2791b7aa8c55e24585,3558,0,2,0
1,19,0,0,20,0.17437854099989636,0.15023899999999998,0.024000999999999998,64458752,NA,NA,NA,NA,NA,NA,NA,NA,1746680,711531,19202,64,e4041ce2b5b6df572ca4d0ca66e6006ad368116646e82963f7e9550b84ab78ca,13662,0,2,0
1,19,1,1,20,0.16897112399965408,0.15226599999999998,0.016382999999999998,64245760,NA,NA,NA,NA,NA,NA,NA,NA,1746680,711531,19202,64,e4041ce2b5b6df572ca4d0ca66e6006ad368116646e82963f7e9550b84ab78ca,13656,0,2,1
1,19,0,1,23,0.12666559799981769,0.10406499999999999,0.022436999999999999,62730240,NA,NA,NA,NA,NA,NA,NA,NA,1433848,711531,19202,64,7fe8e0e1367c4dc75afe736c0ee35e3a3755c0152301f3880ce2412132a22623,13116,0,2,1
1,19,1,0,23,0.12715872500029946,0.10069599999999999,0.026327999999999997,62701568,NA,NA,NA,NA,NA,NA,NA,NA,1433848,711531,19202,64,7fe8e0e1367c4dc75afe736c0ee35e3a3755c0152301f3880ce2412132a22623,13115,0,2,0
1,19,0,1,7,0.026626353999745334,0.018998999999999999,0.0075259999999999997,28819456,NA,NA,NA,NA,NA,NA,NA,NA,126024,51085,1029,1,d6479df97612ac41a8966333a6ef58076a32dad29a20f6bc64e0a5b65673088c,4992,0,2,0
1,19,1,0,7,0.02647917000012967,0.017536,0.0088439999999999994,28463104,NA,NA,NA,NA,NA,NA,NA,NA,126024,51085,1029,1,d6479df97612ac41a8966333a6ef58076a32dad29a20f6bc64e0a5b65673088c,4988,0,2,0
1,19,0,0,10,0.021564530999967246,0.012806999999999999,0.0086499999999999997,28135424,NA,NA,NA,NA,NA,NA,NA,NA,106320,39898,2049,512,7b8f1ead52d1f75ea51a9518f4611f96b3105a83b8e9ff16958705114f2a13b3,4956,0,2,1
1,19,1,1,10,0.037512934000005771,0.029703,0.0077039999999999999,28766208,NA,NA,NA,NA,NA,NA,NA,NA,106320,39898,2049,512,7b8f1ead52d1f75ea51a9518f4611f96b3105a83b8e9ff16958705114f2a13b3,4964,0,2,1
1,19,0,1,11,0.025925147999259934,0.020989999999999998,0.0048459999999999996,28807168,NA,NA,NA,NA,NA,NA,NA,NA,106320,39898,2049,512,7b8f1ead52d1f75ea51a9518f4611f96b3105a83b8e9ff16958705114f2a13b3,4964,0,2,0
1,19,1,0,11,0.023434464999809279,0.018534999999999999,0.0048179999999999994,28315648,NA,NA,NA,NA,NA,NA,NA,NA,106320,39898,2049,512,7b8f1ead52d1f75ea51a9518f4611f96b3105a83b8e9ff16958705114f2a13b3,4957,0,2,0
1,19,0,1,2,0.015908426000351028,0.011828999999999999,0.0040000000000000001,22827008,NA,NA,NA,NA,NA,NA,NA,NA,2008,133,5,1,8210b4f6eac12a20575e673437437e82cfff653da437ea17992a3aed56a99207,3549,0,2,0
1,19,1,0,2,0.016410646000622364,0.012079999999999999,0.0042569999999999995,22597632,NA,NA,NA,NA,NA,NA,NA,NA,2008,133,5,1,8210b4f6eac12a20575e673437437e82cfff653da437ea17992a3aed56a99207,3546,0,2,0
