round,pair,order,variant,job,wall_seconds,user_seconds,system_seconds,peak_rss_bytes,cycles,instructions,branches,branch_misses,cache_references,cache_misses,arena_calls,arena_bytes,output_bytes,source_bytes,source_lines,source_functions,output_sha256,minor_faults,major_faults,voluntary_context_switches,involuntary_context_switches
0,0,0,0,4,0.19819457600000001,0.162491,0.016583000000000001,428351488,NA,NA,NA,NA,NA,NA,NA,NA,5833440,1882629,26625,512,0f41e20848de6408cce7b1c5f57f0212c9401233ca75c7b6652c8ea62bfcd43f,1236,0,142,5
0,0,1,1,4,0.19787276200000001,0.16536099999999998,0.013486,428367872,NA,NA,NA,NA,NA,NA,NA,NA,5833440,1882629,26625,512,0f41e20848de6408cce7b1c5f57f0212c9401233ca75c7b6652c8ea62bfcd43f,1238,0,119,5
0,0,0,1,0,0.019031260000000001,0.002813,0.0056279999999999993,55312384,NA,NA,NA,NA,NA,NA,NA,NA,2408,135,5,1,3d4d37e7dcef36139698862d60d536450dfb480779ac0676046a82e065e8af0f,1027,0,11,2
0,0,1,0,0,0.018319546000000003,0.0078980000000000005,0,55390208,NA,NA,NA,NA,NA,NA,NA,NA,2408,135,5,1,3d4d37e7dcef36139698862d60d536450dfb480779ac0676046a82e065e8af0f,1027,0,12,3
0,0,0,1,3,0.059228820000000001,0.037515,0.010222,178987008,NA,NA,NA,NA,NA,NA,NA,NA,1968568,2240463,32773,1,c491f4791a93a71124b9219b05e718490cf6bd1c68b1ec8fc6a6550e31f844b1,1118,0,37,5
0,0,1,0,3,0.059725792000000007,0.048275999999999999,0,179314688,NA,NA,NA,NA,NA,NA,NA,NA,1968568,2240463,32773,1,c491f4791a93a71124b9219b05e718490cf6bd1c68b1ec8fc6a6550e31f844b1,1122,0,39,4
0,0,0,0,5,0.43454226900000004,0.36441499999999999,0.049699,1025736704,NA,NA,NA,NA,NA,NA,NA,NA,11457352,5690734,153602,512,388033e7552b3b3255277a47381a62d5067155e67b74e663ad0ac019ed72fc50,1582,0,254,8
0,0,1,1,5,0.434441509,0.36365999999999998,0.050521999999999997,1025822720,NA,NA,NA,NA,NA,NA,NA,NA,11457352,5690734,153602,512,388033e7552b3b3255277a47381a62d5067155e67b74e663ad0ac019ed72fc50,1583,0,275,5
0,0,0,1,1,0.055761162000000003,0.038029,0.0063309999999999998,156446720,NA,NA,NA,NA,NA,NA,NA,NA,994016,407679,8197,1,76f10b65f44b546f736cef2848789238eb7a5f77ce08b564ccca55b5bdc08f36,1081,0,24,3
0,0,1,0,1,0.056378329000000005,0.031927999999999998,0.012770999999999999,156565504,NA,NA,NA,NA,NA,NA,NA,NA,994016,407679,8197,1,76f10b65f44b546f736cef2848789238eb7a5f77ce08b564ccca55b5bdc08f36,1080,0,27,5
0,0,0,0,2,0.040908461,0.019861999999999998,0.0099299999999999996,131153920,NA,NA,NA,NA,NA,NA,NA,NA,837856,318511,16385,4096,b4f737276339a7626b246c204b626e79f9d9ec0f1f160233a5aa1c27728af83f,1071,0,22,3
0,0,1,1,2,0.040938738000000002,0.017898999999999998,0.011923999999999999,131076096,NA,NA,NA,NA,NA,NA,NA,NA,837856,318511,16385,4096,b4f737276339a7626b246c204b626e79f9d9ec0f1f160233a5aa1c27728af83f,1068,0,32,4
0,1,0,0,3,0.060590060000000001,0.042703999999999999,0.0061049999999999993,179478528,NA,NA,NA,NA,NA,NA,NA,NA,1968568,2240463,32773,1,c491f4791a93a71124b9219b05e718490cf6bd1c68b1ec8fc6a6550e31f844b1,1158,0,38,5
0,1,1,1,3,0.059855594000000005,0.038440999999999996,0.0096150000000000003,179089408,NA,NA,NA,NA,NA,NA,NA,NA,1968568,2240463,32773,1,c491f4791a93a71124b9219b05e718490cf6bd1c68b1ec8fc6a6550e31f844b1,1119,0,39,4
0,1,0,1,4,0.20310151900000001,0.15179699999999999,0.026383999999999998,428621824,NA,NA,NA,NA,NA,NA,NA,NA,5833440,1882629,26625,512,0f41e20848de6408cce7b1c5f57f0212c9401233ca75c7b6652c8ea62bfcd43f,795,0,108,5
0,1,1,0,4,0.19800547200000002,0.14571199999999998,0.033118999999999996,428232704,NA,NA,NA,NA,NA,NA,NA,NA,5833440,1882629,26625,512,0f41e20848de6408cce7b1c5f57f0212c9401233ca75c7b6652c8ea62bfcd43f,1235,0,184,4
0,1,0,1,2,0.040960359000000002,0.029832999999999998,0,131055616,NA,NA,NA,NA,NA,NA,NA,NA,837856,318511,16385,4096,b4f737276339a7626b246c204b626e79f9d9ec0f1f160233a5aa1c27728af83f,1067,0,20,4
0,1,1,0,2,0.040816330000000005,0.022227,0.0074139999999999996,131600384,NA,NA,NA,NA,NA,NA,NA,NA,837856,318511,16385,4096,b4f737276339a7626b246c204b626e79f9d9ec0f1f160233a5aa1c27728af83f,631,0,26,3
0,1,0,0,1,0.055852744000000003,0.044329,0,156475392,NA,NA,NA,NA,NA,NA,NA,NA,994016,407679,8197,1,76f10b65f44b546f736cef2848789238eb7a5f77ce08b564ccca55b5bdc08f36,1083,0,21,4
0,1,1,1,1,0.055180934000000001,0.040307999999999997,0.0033599999999999997,156336128,NA,NA,NA,NA,NA,NA,NA,NA,994016,407679,8197,1,76f10b65f44b546f736cef2848789238eb7a5f77ce08b564ccca55b5bdc08f36,1081,0,42,3
0,1,0,0,0,0.019662233000000001,0.0056679999999999994,0.0028279999999999998,55304192,NA,NA,NA,NA,NA,NA,NA,NA,2408,135,5,1,3d4d37e7dcef36139698862d60d536450dfb480779ac0676046a82e065e8af0f,1026,0,13,3
0,1,1,1,0,0.018666186000000001,0.0040070000000000001,0.0039959999999999996,55341056,NA,NA,NA,NA,NA,NA,NA,NA,2408,135,5,1,3d4d37e7dcef36139698862d60d536450dfb480779ac0676046a82e065e8af0f,1027,0,12,3
0,1,0,1,5,0.43858047600000005,0.37995099999999998,0.033635999999999999,1026023424,NA,NA,NA,NA,NA,NA,NA,NA,11457352,5690734,153602,512,388033e7552b3b3255277a47381a62d5067155e67b74e663ad0ac019ed72fc50,1141,0,182,7
0,1,1,0,5,0.43485474500000004,0.36113799999999996,0.052998999999999998,1025761280,NA,NA,NA,NA,NA,NA,NA,NA,11457352,5690734,153602,512,388033e7552b3b3255277a47381a62d5067155e67b74e663ad0ac019ed72fc50,1583,0,157,6
0,2,0,0,5,0.43302696000000002,0.36320199999999997,0.049491999999999994,1025626112,NA,NA,NA,NA,NA,NA,NA,NA,11457352,5690734,153602,512,388033e7552b3b3255277a47381a62d5067155e67b74e663ad0ac019ed72fc50,1580,0,168,4
0,2,1,1,5,0.446204981,0.360676,0.056776,1025744896,NA,NA,NA,NA,NA,NA,NA,NA,11457352,5690734,153602,512,388033e7552b3b3255277a47381a62d5067155e67b74e663ad0ac019ed72fc50,1581,0,227,7
0,2,0,0,1,0.055369538000000003,0.037150999999999997,0.0067469999999999995,156733440,NA,NA,NA,NA,NA,NA,NA,NA,994016,407679,8197,1,76f10b65f44b546f736cef2848789238eb7a5f77ce08b564ccca55b5bdc08f36,632,0,20,4
0,2,1,1,1,0.0555895,0.037353999999999998,0.0067919999999999994,156229632,NA,NA,NA,NA,NA,NA,NA,NA,994016,407679,8197,1,76f10b65f44b546f736cef2848789238eb7a5f77ce08b564ccca55b5bdc08f36,1079,0,34,3
0,2,0,0,3,0.060300218000000003,0.045048999999999999,0.0034709999999999997,179486720,NA,NA,NA,NA,NA,NA,NA,NA,1968568,2240463,32773,1,c491f4791a93a71124b9219b05e718490cf6bd1c68b1ec8fc6a6550e31f844b1,682,0,17,4
0,2,1,1,3,0.060021133000000004,0.038269999999999998,0.0095759999999999994,179490816,NA,NA,NA,NA,NA,NA,NA,NA,1968568,2240463,32773,1,c491f4791a93a71124b9219b05e718490cf6bd1c68b1ec8fc6a6550e31f844b1,680,0,60,4
0,2,0,1,2,0.041243008000000005,0.020825,0.0089280000000000002,130936832,NA,NA,NA,NA,NA,NA,NA,NA,837856,318511,16385,4096,b4f737276339a7626b246c204b626e79f9d9ec0f1f160233a5aa1c27728af83f,1067,0,25,4
0,2,1,0,2,0.041035039000000002,0.023896000000000001,0.005973,130953216,NA,NA,NA,NA,NA,NA,NA,NA,837856,318511,16385,4096,b4f737276339a7626b246c204b626e79f9d9ec0f1f160233a5aa1c27728af83f,1065,0,27,2
0,2,0,1,4,0.19850207,0.15316199999999999,0.026069999999999999,428515328,NA,NA,NA,NA,NA,NA,NA,NA,5833440,1882629,26625,512,0f41e20848de6408cce7b1c5f57f0212c9401233ca75c7b6652c8ea62bfcd43f,1240,0,142,5
0,2,1,0,4,0.20191832200000001,0.169206,0.013521999999999999,428384256,NA,NA,NA,NA,NA,NA,NA,NA,5833440,1882629,26625,512,0f41e20848de6408cce7b1c5f57f0212c9401233ca75c7b6652c8ea62bfcd43f,1235,0,125,6
0,2,0,0,0,0.018971978,0.0041519999999999994,0.0041519999999999994,55357440,NA,NA,NA,NA,NA,NA,NA,NA,2408,135,5,1,3d4d37e7dcef36139698862d60d536450dfb480779ac0676046a82e065e8af0f,1027,0,12,3
0,2,1,1,0,0.024227316000000002,0.0055249999999999995,0.0027719999999999997,55541760,NA,NA,NA,NA,NA,NA,NA,NA,2408,135,5,1,3d4d37e7dcef36139698862d60d536450dfb480779ac0676046a82e065e8af0f,585,0,11,3
0,3,0,1,0,0.018909142,0.0040809999999999996,0.004052,55431168,NA,NA,NA,NA,NA,NA,NA,NA,2408,135,5,1,3d4d37e7dcef36139698862d60d536450dfb480779ac0676046a82e065e8af0f,580,0,10,2
0,3,1,0,0,0.019451086000000003,0.0041879999999999999,0.0041749999999999999,55250944,NA,NA,NA,NA,NA,NA,NA,NA,2408,135,5,1,3d4d37e7dcef36139698862d60d536450dfb480779ac0676046a82e065e8af0f,1026,0,11,3
0,3,0,0,2,0.040249347000000005,0.022640999999999998,0.0064749999999999999,130985984,NA,NA,NA,NA,NA,NA,NA,NA,837856,318511,16385,4096,b4f737276339a7626b246c204b626e79f9d9ec0f1f160233a5aa1c27728af83f,1065,0,24,4
0,3,1,1,2,0.040964958000000003,0.023193999999999999,0.0066209999999999993,131317760,NA,NA,NA,NA,NA,NA,NA,NA,837856,318511,16385,4096,b4f737276339a7626b246c204b626e79f9d9ec0f1f160233a5aa1c27728af83f,1106,0,29,4
0,3,0,0,4,0.20190945500000002,0.15604799999999999,0.026574,428195840,NA,NA,NA,NA,NA,NA,NA,NA,5833440,1882629,26625,512,0f41e20848de6408cce7b1c5f57f0212c9401233ca75c7b6652c8ea62bfcd43f,1233,0,136,5
0,3,1,1,4,0.19767034300000003,0.14860399999999999,0.02972,428666880,NA,NA,NA,NA,NA,NA,NA,NA,5833440,1882629,26625,512,0f41e20848de6408cce7b1c5f57f0212c9401233ca75c7b6652c8ea62bfcd43f,788,0,66,5
0,3,0,1,1,0.055556759000000004,0.037287000000000001,0.0067779999999999993,156237824,NA,NA,NA,NA,NA,NA,NA,NA,994016,407679,8197,1,76f10b65f44b546f736cef2848789238eb7a5f77ce08b564ccca55b5bdc08f36,1076,0,22,4
0,3,1,0,1,0.055372584000000002,0.040632999999999996,0.0033899999999999998,156647424,NA,NA,NA,NA,NA,NA,NA,NA,994016,407679,8197,1,76f10b65f44b546f736cef2848789238eb7a5f77ce08b564ccca55b5bdc08f36,638,0,22,4
0,3,0,1,3,0.060070136000000003,0.042002999999999999,0.0064649999999999994,179208192,NA,NA,NA,NA,NA,NA,NA,NA,1968568,2240463,32773,1,c491f4791a93a71124b9219b05e718490cf6bd1c68b1ec8fc6a6550e31f844b1,1124,0,32,4
0,3,1,0,3,0.059589255000000001,0.034603999999999996,0.013854999999999999,179294208,NA,NA,NA,NA,NA,NA,NA,NA,1968568,2240463,32773,1,c491f4791a93a71124b9219b05e718490cf6bd1c68b1ec8fc6a6550e31f844b1,1121,0,56,5
0,3,0,1,5,0.43775882600000005,0.38017099999999998,0.037006999999999998,1025515520,NA,NA,NA,NA,NA,NA,NA,NA,11457352,5690734,153602,512,388033e7552b3b3255277a47381a62d5067155e67b74e663ad0ac019ed72fc50,1578,0,212,5
0,3,1,0,5,0.433987069,0.36623499999999998,0.047035999999999994,1026121728,NA,NA,NA,NA,NA,NA,NA,NA,11457352,5690734,153602,512,388033e7552b3b3255277a47381a62d5067155e67b74e663ad0ac019ed72fc50,1143,0,193,8
0,4,0,1,4,0.19820755900000001,0.16237299999999999,0.016556999999999999,428732416,NA,NA,NA,NA,NA,NA,NA,NA,5833440,1882629,26625,512,0f41e20848de6408cce7b1c5f57f0212c9401233ca75c7b6652c8ea62bfcd43f,795,0,155,7
0,4,1,0,4,0.19813660700000002,0.15890499999999999,0.019861,428441600,NA,NA,NA,NA,NA,NA,NA,NA,5833440,1882629,26625,512,0f41e20848de6408cce7b1c5f57f0212c9401233ca75c7b6652c8ea62bfcd43f,1237,0,169,6
0,4,0,1,1,0.055217283000000006,0.037586999999999995,0.0062659999999999999,156536832,NA,NA,NA,NA,NA,NA,NA,NA,994016,407679,8197,1,76f10b65f44b546f736cef2848789238eb7a5f77ce08b564ccca55b5bdc08f36,1083,0,33,4
0,4,1,0,1,0.055917515000000001,0.031807000000000002,0.012692999999999999,156540928,NA,NA,NA,NA,NA,NA,NA,NA,994016,407679,8197,1,76f10b65f44b546f736cef2848789238eb7a5f77ce08b564ccca55b5bdc08f36,1084,0,29,4
0,4,0,1,3,0.060268899000000001,0.045058000000000001,0.0034509999999999996,179560448,NA,NA,NA,NA,NA,NA,NA,NA,1968568,2240463,32773,1,c491f4791a93a71124b9219b05e718490cf6bd1c68b1ec8fc6a6550e31f844b1,681,0,54,4
0,4,1,0,3,0.059983985000000004,0.037999999999999999,0.010373,179269632,NA,NA,NA,NA,NA,NA,NA,NA,1968568,2240463,32773,1,c491f4791a93a71124b9219b05e718490cf6bd1c68b1ec8fc6a6550e31f844b1,1122,0,39,5
0,4,0,1,0,0.018979522000000002,0.0055769999999999995,0.002787,55398400,NA,NA,NA,NA,NA,NA,NA,NA,2408,135,5,1,3d4d37e7dcef36139698862d60d536450dfb480779ac0676046a82e065e8af0f,1065,0,12,3
0,4,1,0,0,0.018014354,0.0075439999999999995,0,55439360,NA,NA,NA,NA,NA,NA,NA,NA,2408,135,5,1,3d4d37e7dcef36139698862d60d536450dfb480779ac0676046a82e065e8af0f,575,0,13,3
0,4,0,1,5,0.43834462400000002,0.377168,0.040422,1025683456,NA,NA,NA,NA,NA,NA,NA,NA,11457352,5690734,153602,512,388033e7552b3b3255277a47381a62d5067155e67b74e663ad0ac019ed72fc50,1584,0,198,8
0,4,1,0,5,0.43414500500000003,0.37022499999999997,0.043371,1025708032,NA,NA,NA,NA,NA,NA,NA,NA,11457352,5690734,153602,512,388033e7552b3b3255277a47381a62d5067155e67b74e663ad0ac019ed72fc50,1581,0,271,5
0,4,0,1,2,0.040781455000000001,0.023046000000000001,0.0065909999999999996,131465216,NA,NA,NA,NA,NA,NA,NA,NA,837856,318511,16385,4096,b4f737276339a7626b246c204b626e79f9d9ec0f1f160233a5aa1c27728af83f,626,0,25,4
0,4,1,0,2,0.040981669000000005,0.019868999999999998,0.0099429999999999987,131354624,NA,NA,NA,NA,NA,NA,NA,NA,837856,318511,16385,4096,b4f737276339a7626b246c204b626e79f9d9ec0f1f160233a5aa1c27728af83f,627,0,21,4
0,5,0,0,2,0.040969215000000003,0.023098,0.0066049999999999998,131129344,NA,NA,NA,NA,NA,NA,NA,NA,837856,318511,16385,4096,b4f737276339a7626b246c204b626e79f9d9ec0f1f160233a5aa1c27728af83f,1069,0,22,3
0,5,1,1,2,0.040556592000000002,0.026398999999999999,0.0033019999999999998,131088384,NA,NA,NA,NA,NA,NA,NA,NA,837856,318511,16385,4096,b4f737276339a7626b246c204b626e79f9d9ec0f1f160233a5aa1c27728af83f,1070,0,23,4
0,5,0,0,1,0.055935769000000003,0.037593999999999995,0.0068399999999999997,156348416,NA,NA,NA,NA,NA,NA,NA,NA,994016,407679,8197,1,76f10b65f44b546f736cef2848789238eb7a5f77ce08b564ccca55b5bdc08f36,1085,0,27,4
0,5,1,1,1,0.055252409000000002,0.037117999999999998,0.0067539999999999996,156512256,NA,NA,NA,NA,NA,NA,NA,NA,994016,407679,8197,1,76f10b65f44b546f736cef2848789238eb7a5f77ce08b564ccca55b5bdc08f36,1081,0,28,3
0,5,0,0,3,0.060369738000000006,0.042175999999999998,0.0064949999999999999,179437568,NA,NA,NA,NA,NA,NA,NA,NA,1968568,2240463,32773,1,c491f4791a93a71124b9219b05e718490cf6bd1c68b1ec8fc6a6550e31f844b1,1163,0,36,5
0,5,1,1,3,0.060408189000000001,0.039043999999999995,0.0097450000000000002,179294208,NA,NA,NA,NA,NA,NA,NA,NA,1968568,2240463,32773,1,c491f4791a93a71124b9219b05e718490cf6bd1c68b1ec8fc6a6550e31f844b1,1120,0,56,4
0,5,0,0,0,0.019057338,0.0082609999999999992,0,55291904,NA,NA,NA,NA,NA,NA,NA,NA,2408,135,5,1,3d4d37e7dcef36139698862d60d536450dfb480779ac0676046a82e065e8af0f,1026,0,14,3
0,5,1,1,0,0.018120723000000002,0.007574,0,55357440,NA,NA,NA,NA,NA,NA,NA,NA,2408,135,5,1,3d4d37e7dcef36139698862d60d536450dfb480779ac0676046a82e065e8af0f,1028,0,14,3
0,5,0,0,5,0.43122315,0.36531599999999997,0.046508000000000001,1025769472,NA,NA,NA,NA,NA,NA,NA,NA,11457352,5690734,153602,512,388033e7552b3b3255277a47381a62d5067155e67b74e663ad0ac019ed72fc50,1130,0,250,8
0,5,1,1,5,0.43551178600000001,0.37859899999999996,0.036517000000000001,1025867776,NA,NA,NA,NA,NA,NA,NA,NA,11457352,5690734,153602,512,388033e7552b3b3255277a47381a62d5067155e67b74e663ad0ac019ed72fc50,1617,0,267,4
0,5,0,0,4,0.19683391600000003,0.15117,0.026298999999999999,428785664,NA,NA,NA,NA,NA,NA,NA,NA,5833440,1882629,26625,512,0f41e20848de6408cce7b1c5f57f0212c9401233ca75c7b6652c8ea62bfcd43f,797,0,227,6
0,5,1,1,4,0.19871950700000002,0.16243099999999999,0.016923000000000001,428670976,NA,NA,NA,NA,NA,NA,NA,NA,5833440,1882629,26625,512,0f41e20848de6408cce7b1c5f57f0212c9401233ca75c7b6652c8ea62bfcd43f,796,0,159,4
0,6,0,0,1,0.056220433,0.041249999999999995,0.003441,156286976,NA,NA,NA,NA,NA,NA,NA,NA,994016,407679,8197,1,76f10b65f44b546f736cef2848789238eb7a5f77ce08b564ccca55b5bdc08f36,1081,0,35,4
0,6,1,1,1,0.056245680000000006,0.044669,0,156540928,NA,NA,NA,NA,NA,NA,NA,NA,994016,407679,8197,1,76f10b65f44b546f736cef2848789238eb7a5f77ce08b564ccca55b5bdc08f36,638,0,33,2
0,6,0,1,2,0.040835756000000001,0.017849,0.011899,131166208,NA,NA,NA,NA,NA,NA,NA,NA,837856,318511,16385,4096,b4f737276339a7626b246c204b626e79f9d9ec0f1f160233a5aa1c27728af83f,1092,0,38,3
0,6,1,0,2,0.040948207,0.016499,0.013181,131129344,NA,NA,NA,NA,NA,NA,NA,NA,837856,318511,16385,4096,b4f737276339a7626b246c204b626e79f9d9ec0f1f160233a5aa1c27728af83f,1070,0,26,4
0,6,0,0,4,0.19748869100000002,0.15837499999999999,0.019809,428617728,NA,NA,NA,NA,NA,NA,NA,NA,5833440,1882629,26625,512,0f41e20848de6408cce7b1c5f57f0212c9401233ca75c7b6652c8ea62bfcd43f,795,0,128,6
0,6,1,1,4,0.19744103200000002,0.15847699999999998,0.019814999999999999,428875776,NA,NA,NA,NA,NA,NA,NA,NA,5833440,1882629,26625,512,0f41e20848de6408cce7b1c5f57f0212c9401233ca75c7b6652c8ea62bfcd43f,798,0,135,6
0,6,0,1,5,0.43618863300000005,0.37298599999999998,0.043271999999999998,1025581056,NA,NA,NA,NA,NA,NA,NA,NA,11457352,5690734,153602,512,388033e7552b3b3255277a47381a62d5067155e67b74e663ad0ac019ed72fc50,1581,0,203,6
0,6,1,0,5,0.43951477600000005,0.37029000000000001,0.046712999999999998,1025953792,NA,NA,NA,NA,NA,NA,NA,NA,11457352,5690734,153602,512,388033e7552b3b3255277a47381a62d5067155e67b74e663ad0ac019ed72fc50,1139,0,92,4
0,6,0,1,0,0.018872393000000001,0.0083590000000000001,0,55308288,NA,NA,NA,NA,NA,NA,NA,NA,2408,135,5,1,3d4d37e7dcef36139698862d60d536450dfb480779ac0676046a82e065e8af0f,1065,0,11,3
0,6,1,0,0,0.018448678,0.0039329999999999999,0.0039529999999999999,55508992,NA,NA,NA,NA,NA,NA,NA,NA,2408,135,5,1,3d4d37e7dcef36139698862d60d536450dfb480779ac0676046a82e065e8af0f,577,0,12,3
0,6,0,1,3,0.059028083000000002,0.040653999999999996,0.00679,179085312,NA,NA,NA,NA,NA,NA,NA,NA,1968568,2240463,32773,1,c491f4791a93a71124b9219b05e718490cf6bd1c68b1ec8fc6a6550e31f844b1,1119,0,54,6
0,6,1,0,3,0.060966094000000005,0.032750999999999995,0.016358999999999999,179245056,NA,NA,NA,NA,NA,NA,NA,NA,1968568,2240463,32773,1,c491f4791a93a71124b9219b05e718490cf6bd1c68b1ec8fc6a6550e31f844b1,1122,0,53,5
0,7,0,0,5,0.43274121400000004,0.37215499999999996,0.040243999999999995,1025818624,NA,NA,NA,NA,NA,NA,NA,NA,11457352,5690734,153602,512,388033e7552b3b3255277a47381a62d5067155e67b74e663ad0ac019ed72fc50,1582,0,188,7
0,7,1,1,5,0.43713363300000002,0.37582299999999996,0.040261999999999999,1025748992,NA,NA,NA,NA,NA,NA,NA,NA,11457352,5690734,153602,512,388033e7552b3b3255277a47381a62d5067155e67b74e663ad0ac019ed72fc50,1581,0,38,7
0,7,0,0,3,0.059678612000000006,0.038586999999999996,0.0096340000000000002,179589120,NA,NA,NA,NA,NA,NA,NA,NA,1968568,2240463,32773,1,c491f4791a93a71124b9219b05e718490cf6bd1c68b1ec8fc6a6550e31f844b1,683,0,68,3
0,7,1,1,3,0.059637385000000001,0.044874999999999998,0.0032049999999999999,179298304,NA,NA,NA,NA,NA,NA,NA,NA,1968568,2240463,32773,1,c491f4791a93a71124b9219b05e718490cf6bd1c68b1ec8fc6a6550e31f844b1,1122,0,44,4
0,7,0,0,2,0.041154913000000001,0.023326,0.0066689999999999996,131321856,NA,NA,NA,NA,NA,NA,NA,NA,837856,318511,16385,4096,b4f737276339a7626b246c204b626e79f9d9ec0f1f160233a5aa1c27728af83f,1072,0,21,2
0,7,1,1,2,0.040623258000000002,0.022898999999999999,0.0065499999999999994,131268608,NA,NA,NA,NA,NA,NA,NA,NA,837856,318511,16385,4096,b4f737276339a7626b246c204b626e79f9d9ec0f1f160233a5aa1c27728af83f,624,0,20,4
0,7,0,1,4,0.198559657,0.159581,0.019945999999999998,428216320,NA,NA,NA,NA,NA,NA,NA,NA,5833440,1882629,26625,512,0f41e20848de6408cce7b1c5f57f0212c9401233ca75c7b6652c8ea62bfcd43f,1231,0,185,6
0,7,1,0,4,0.19811464500000001,0.15226299999999998,0.026470999999999998,428302336,NA,NA,NA,NA,NA,NA,NA,NA,5833440,1882629,26625,512,0f41e20848de6408cce7b1c5f57f0212c9401233ca75c7b6652c8ea62bfcd43f,1234,0,155,3
0,7,0,1,1,0.055661925000000001,0.044010999999999995,0,156614656,NA,NA,NA,NA,NA,NA,NA,NA,994016,407679,8197,1,76f10b65f44b546f736cef2848789238eb7a5f77ce08b564ccca55b5bdc08f36,639,0,21,4
0,7,1,0,1,0.055423579000000001,0.037198999999999996,0.0067539999999999996,156823552,NA,NA,NA,NA,NA,NA,NA,NA,994016,407679,8197,1,76f10b65f44b546f736cef2848789238eb7a5f77ce08b564ccca55b5bdc08f36,642,0,40,3
0,7,0,0,0,0.019661329000000002,0.0027550000000000001,0.0055079999999999999,55148544,NA,NA,NA,NA,NA,NA,NA,NA,2408,135,5,1,3d4d37e7dcef36139698862d60d536450dfb480779ac0676046a82e065e8af0f,1025,0,11,2
0,7,1,1,0,0.019893685000000001,0.0028899999999999998,0.0057669999999999996,55074816,NA,NA,NA,NA,NA,NA,NA,NA,2408,135,5,1,3d4d37e7dcef36139698862d60d536450dfb480779ac0676046a82e065e8af0f,1022,0,9,3
0,8,0,1,4,0.19747195100000001,0.16450499999999998,0.013431999999999999,428523520,NA,NA,NA,NA,NA,NA,NA,NA,5833440,1882629,26625,512,0f41e20848de6408cce7b1c5f57f0212c9401233ca75c7b6652c8ea62bfcd43f,1239,0,188,7
0,8,1,0,4,0.19790413100000001,0.161799,0.016857,428400640,NA,NA,NA,NA,NA,NA,NA,NA,5833440,1882629,26625,512,0f41e20848de6408cce7b1c5f57f0212c9401233ca75c7b6652c8ea62bfcd43f,1237,0,158,5
0,8,0,0,1,0.056171090000000007,0.037830999999999997,0.0063099999999999996,156725248,NA,NA,NA,NA,NA,NA,NA,NA,994016,407679,8197,1,76f10b65f44b546f736cef2848789238eb7a5f77ce08b564ccca55b5bdc08f36,639,0,27,4
0,8,1,1,1,0.055706680000000001,0.040985000000000001,0.0031340000000000001,156471296,NA,NA,NA,NA,NA,NA,NA,NA,994016,407679,8197,1,76f10b65f44b546f736cef2848789238eb7a5f77ce08b564ccca55b5bdc08f36,1082,0,21,5
0,8,0,1,0,0.018916194000000001,0.0041159999999999999,0.0041189999999999994,55525376,NA,NA,NA,NA,NA,NA,NA,NA,2408,135,5,1,3d4d37e7dcef36139698862d60d536450dfb480779ac0676046a82e065e8af0f,584,0,14,3
0,8,1,0,0,0.019382609000000002,0.0041519999999999994,0.0041399999999999996,55246848,NA,NA,NA,NA,NA,NA,NA,NA,2408,135,5,1,3d4d37e7dcef36139698862d60d536450dfb480779ac0676046a82e065e8af0f,1025,0,10,3
0,8,0,0,2,0.040435105000000006,0.022637999999999998,0.0064609999999999997,131219456,NA,NA,NA,NA,NA,NA,NA,NA,837856,318511,16385,4096,b4f737276339a7626b246c204b626e79f9d9ec0f1f160233a5aa1c27728af83f,1068,0,20,6
0,8,1,1,2,0.040893384000000005,0.025937999999999999,0.0037089999999999996,131248128,NA,NA,NA,NA,NA,NA,NA,NA,837856,318511,16385,4096,b4f737276339a7626b246c204b626e79f9d9ec0f1f160233a5aa1c27728af83f,1070,0,35,3
0,8,0,0,5,0.434669527,0.388318,0.026785,1026052096,NA,NA,NA,NA,NA,NA,NA,NA,11457352,5690734,153602,512,388033e7552b3b3255277a47381a62d5067155e67b74e663ad0ac019ed72fc50,1142,0,333,8
0,8,1,1,5,0.43591269700000002,0.36504799999999998,0.050241999999999995,1025839104,NA,NA,NA,NA,NA,NA,NA,NA,11457352,5690734,153602,512,388033e7552b3b3255277a47381a62d5067155e67b74e663ad0ac019ed72fc50,1136,0,158,7
0,8,0,0,3,0.059839134000000002,0.03542,0.012869,179474432,NA,NA,NA,NA,NA,NA,NA,NA,1968568,2240463,32773,1,c491f4791a93a71124b9219b05e718490cf6bd1c68b1ec8fc6a6550e31f844b1,679,0,35,3
0,8,1,1,3,0.059883406000000007,0.039465,0.0091039999999999992,179220480,NA,NA,NA,NA,NA,NA,NA,NA,1968568,2240463,32773,1,c491f4791a93a71124b9219b05e718490cf6bd1c68b1ec8fc6a6550e31f844b1,1122,0,28,4
0,9,0,1,3,0.059616014000000002,0.041042999999999996,0.0068209999999999998,179630080,NA,NA,NA,NA,NA,NA,NA,NA,1968568,2240463,32773,1,c491f4791a93a71124b9219b05e718490cf6bd1c68b1ec8fc6a6550e31f844b1,680,0,43,3
0,9,1,0,3,0.060495001000000007,0.042678000000000001,0.0061029999999999999,179236864,NA,NA,NA,NA,NA,NA,NA,NA,1968568,2240463,32773,1,c491f4791a93a71124b9219b05e718490cf6bd1c68b1ec8fc6a6550e31f844b1,1120,0,63,3
0,9,0,1,5,0.44423540100000003,0.35913299999999998,0.055997999999999999,1025925120,NA,NA,NA,NA,NA,NA,NA,NA,11457352,5690734,153602,512,388033e7552b3b3255277a47381a62d5067155e67b74e663ad0ac019ed72fc50,1132,0,90,9
0,9,1,0,5,0.43297326900000005,0.38256499999999999,0.029935999999999997,1025597440,NA,NA,NA,NA,NA,NA,NA,NA,11457352,5690734,153602,512,388033e7552b3b3255277a47381a62d5067155e67b74e663ad0ac019ed72fc50,1579,0,240,5
0,9,0,1,1,0.055527224,0.040694000000000001,0.0033769999999999998,156180480,NA,NA,NA,NA,NA,NA,NA,NA,994016,407679,8197,1,76f10b65f44b546f736cef2848789238eb7a5f77ce08b564ccca55b5bdc08f36,1076,0,20,4
0,9,1,0,1,0.055886816000000006,0.040779999999999997,0.0033999999999999998,156467200,NA,NA,NA,NA,NA,NA,NA,NA,994016,407679,8197,1,76f10b65f44b546f736cef2848789238eb7a5f77ce08b564ccca55b5bdc08f36,1085,0,18,3
0,9,0,0,4,0.19895395700000001,0.159529,0.019944,428322816,NA,NA,NA,NA,NA,NA,NA,NA,5833440,1882629,26625,512,0f41e20848de6408cce7b1c5f57f0212c9401233ca75c7b6652c8ea62bfcd43f,1233,0,174,8
0,9,1,1,4,0.19799554100000002,0.15495,0.023573999999999998,428503040,NA,NA,NA,NA,NA,NA,NA,NA,5833440,1882629,26625,512,0f41e20848de6408cce7b1c5f57f0212c9401233ca75c7b6652c8ea62bfcd43f,792,0,166,5
0,9,0,1,2,0.041132652000000006,0.029848999999999997,0,131248128,NA,NA,NA,NA,NA,NA,NA,NA,837856,318511,16385,4096,b4f737276339a7626b246c204b626e79f9d9ec0f1f160233a5aa1c27728af83f,1069,0,25,3
0,9,1,0,2,0.040618398,0.022876000000000001,0.0065339999999999999,131149824,NA,NA,NA,NA,NA,NA,NA,NA,837856,318511,16385,4096,b4f737276339a7626b246c204b626e79f9d9ec0f1f160233a5aa1c27728af83f,1074,0,21,3
0,9,0,0,0,0.018775881000000001,0.0082170000000000003,0,55070720,NA,NA,NA,NA,NA,NA,NA,NA,2408,135,5,1,3d4d37e7dcef36139698862d60d536450dfb480779ac0676046a82e065e8af0f,1023,0,15,3
0,9,1,1,0,0.019048793000000001,0.0055179999999999995,0.0027599999999999999,55283712,NA,NA,NA,NA,NA,NA,NA,NA,2408,135,5,1,3d4d37e7dcef36139698862d60d536450dfb480779ac0676046a82e065e8af0f,1026,0,15,3
0,10,0,1,0,0.019063758,0.0081379999999999994,0,55230464,NA,NA,NA,NA,NA,NA,NA,NA,2408,135,5,1,3d4d37e7dcef36139698862d60d536450dfb480779ac0676046a82e065e8af0f,1025,0,9,3
0,10,1,0,0,0.019109789000000002,0.0054710000000000002,0.0027399999999999998,55341056,NA,NA,NA,NA,NA,NA,NA,NA,2408,135,5,1,3d4d37e7dcef36139698862d60d536450dfb480779ac0676046a82e065e8af0f,1030,0,9,3
0,10,0,1,1,0.054671129000000006,0.043112999999999999,0,156774400,NA,NA,NA,NA,NA,NA,NA,NA,994016,407679,8197,1,76f10b65f44b546f736cef2848789238eb7a5f77ce08b564ccca55b5bdc08f36,639,0,27,4
0,10,1,0,1,0.055569714000000006,0.034638999999999996,0.0094570000000000001,156573696,NA,NA,NA,NA,NA,NA,NA,NA,994016,407679,8197,1,76f10b65f44b546f736cef2848789238eb7a5f77ce08b564ccca55b5bdc08f36,1084,0,40,5
0,10,0,1,3,0.060366000000000003,0.038700999999999999,0.0096810000000000004,179175424,NA,NA,NA,NA,NA,NA,NA,NA,1968568,2240463,32773,1,c491f4791a93a71124b9219b05e718490cf6bd1c68b1ec8fc6a6550e31f844b1,1123,0,39,3
0,10,1,0,3,0.060265993000000004,0.041512,0.0069199999999999999,179310592,NA,NA,NA,NA,NA,NA,NA,NA,1968568,2240463,32773,1,c491f4791a93a71124b9219b05e718490cf6bd1c68b1ec8fc6a6550e31f844b1,1122,0,41,3
0,10,0,0,5,0.433734805,0.35989199999999999,0.053307999999999994,1025744896,NA,NA,NA,NA,NA,NA,NA,NA,11457352,5690734,153602,512,388033e7552b3b3255277a47381a62d5067155e67b74e663ad0ac019ed72fc50,1582,0,188,6
0,10,1,1,5,0.43601024900000002,0.36570999999999998,0.049845,1025536000,NA,NA,NA,NA,NA,NA,NA,NA,11457352,5690734,153602,512,388033e7552b3b3255277a47381a62d5067155e67b74e663ad0ac019ed72fc50,1580,0,223,7
0,10,0,0,2,0.040585756000000001,0.022265,0.0074289999999999998,131203072,NA,NA,NA,NA,NA,NA,NA,NA,837856,318511,16385,4096,b4f737276339a7626b246c204b626e79f9d9ec0f1f160233a5aa1c27728af83f,1099,0,37,3
0,10,1,1,2,0.040618119000000001,0.022158999999999998,0.0073919999999999993,131002368,NA,NA,NA,NA,NA,NA,NA,NA,837856,318511,16385,4096,b4f737276339a7626b246c204b626e79f9d9ec0f1f160233a5aa1c27728af83f,1067,0,34,3
0,10,0,0,4,0.19863989900000001,0.155693,0.023667000000000001,428584960,NA,NA,NA,NA,NA,NA,NA,NA,5833440,1882629,26625,512,0f41e20848de6408cce7b1c5f57f0212c9401233ca75c7b6652c8ea62bfcd43f,1241,0,179,7
0,10,1,1,4,0.19845634500000001,0.16237799999999999,0.016906999999999998,428572672,NA,NA,NA,NA,NA,NA,NA,NA,5833440,1882629,26625,512,0f41e20848de6408cce7b1c5f57f0212c9401233ca75c7b6652c8ea62bfcd43f,1234,0,164,5
0,11,0,1,2,0.040749184000000001,0.025946999999999998,0.0037059999999999997,131211264,NA,NA,NA,NA,NA,NA,NA,NA,837856,318511,16385,4096,b4f737276339a7626b246c204b626e79f9d9ec0f1f160233a5aa1c27728af83f,1066,0,19,2
0,11,1,0,2,0.040655227000000002,0.025873,0.0036969999999999998,131125248,NA,NA,NA,NA,NA,NA,NA,NA,837856,318511,16385,4096,b4f737276339a7626b246c204b626e79f9d9ec0f1f160233a5aa1c27728af83f,1069,0,16,3
0,11,0,0,0,0.029510323000000001,0.0028300000000000001,0.005666,55369728,NA,NA,NA,NA,NA,NA,NA,NA,2408,135,5,1,3d4d37e7dcef36139698862d60d536450dfb480779ac0676046a82e065e8af0f,1030,0,14,4
0,11,1,1,0,0.019759132000000002,0.005587,0.002794,55173120,NA,NA,NA,NA,NA,NA,NA,NA,2408,135,5,1,3d4d37e7dcef36139698862d60d536450dfb480779ac0676046a82e065e8af0f,1027,0,9,4
0,11,0,0,1,0.055142864000000007,0.039884999999999997,0.0036289999999999998,156459008,NA,NA,NA,NA,NA,NA,NA,NA,994016,407679,8197,1,76f10b65f44b546f736cef2848789238eb7a5f77ce08b564ccca55b5bdc08f36,635,0,31,3
0,11,1,1,1,0.055201322000000004,0.034331,0.0093369999999999998,156839936,NA,NA,NA,NA,NA,NA,NA,NA,994016,407679,8197,1,76f10b65f44b546f736cef2848789238eb7a5f77ce08b564ccca55b5bdc08f36,639,0,21,3
0,11,0,1,5,0.441587379,0.372504,0.043625999999999998,1026170880,NA,NA,NA,NA,NA,NA,NA,NA,11457352,5690734,153602,512,388033e7552b3b3255277a47381a62d5067155e67b74e663ad0ac019ed72fc50,1141,0,164,6
0,11,1,0,5,0.44307594800000005,0.38107399999999997,0.033139000000000002,1025753088,NA,NA,NA,NA,NA,NA,NA,NA,11457352,5690734,153602,512,388033e7552b3b3255277a47381a62d5067155e67b74e663ad0ac019ed72fc50,1581,0,198,7
0,11,0,1,4,0.197172029,0.15116399999999999,0.026868999999999997,428531712,NA,NA,NA,NA,NA,NA,NA,NA,5833440,1882629,26625,512,0f41e20848de6408cce7b1c5f57f0212c9401233ca75c7b6652c8ea62bfcd43f,792,0,165,4
0,11,1,0,4,0.19855226500000001,0.156003,0.023234999999999999,428748800,NA,NA,NA,NA,NA,NA,NA,NA,5833440,1882629,26625,512,0f41e20848de6408cce7b1c5f57f0212c9401233ca75c7b6652c8ea62bfcd43f,785,0,71,3
0,11,0,0,3,0.060365448000000002,0.045246999999999996,0.0032339999999999999,179298304,NA,NA,NA,NA,NA,NA,NA,NA,1968568,2240463,32773,1,c491f4791a93a71124b9219b05e718490cf6bd1c68b1ec8fc6a6550e31f844b1,1124,0,66,4
0,11,1,1,3,0.059977262000000003,0.036302999999999995,0.012105999999999999,179036160,NA,NA,NA,NA,NA,NA,NA,NA,1968568,2240463,32773,1,c491f4791a93a71124b9219b05e718490cf6bd1c68b1ec8fc6a6550e31f844b1,1120,0,42,3
0,12,0,1,0,0.02918772,0.0079569999999999988,0,55357440,NA,NA,NA,NA,NA,NA,NA,NA,2408,135,5,1,3d4d37e7dcef36139698862d60d536450dfb480779ac0676046a82e065e8af0f,579,0,13,3
0,12,1,0,0,0.018397181000000002,0.0078429999999999993,0,55406592,NA,NA,NA,NA,NA,NA,NA,NA,2408,135,5,1,3d4d37e7dcef36139698862d60d536450dfb480779ac0676046a82e065e8af0f,1026,0,15,5
0,12,0,0,5,0.43883301800000002,0.35810599999999998,0.056316999999999999,1025781760,NA,NA,NA,NA,NA,NA,NA,NA,11457352,5690734,153602,512,388033e7552b3b3255277a47381a62d5067155e67b74e663ad0ac019ed72fc50,1582,0,171,9
0,12,1,1,5,0.43472849700000005,0.374249,0.040098999999999996,1025789952,NA,NA,NA,NA,NA,NA,NA,NA,11457352,5690734,153602,512,388033e7552b3b3255277a47381a62d5067155e67b74e663ad0ac019ed72fc50,1581,0,252,5
0,12,0,0,1,0.055924268000000006,0.044435999999999996,0,156442624,NA,NA,NA,NA,NA,NA,NA,NA,994016,407679,8197,1,76f10b65f44b546f736cef2848789238eb7a5f77ce08b564ccca55b5bdc08f36,1081,0,36,4
0,12,1,1,1,0.055078864000000005,0.039925999999999996,0.0036309999999999997,156639232,NA,NA,NA,NA,NA,NA,NA,NA,994016,407679,8197,1,76f10b65f44b546f736cef2848789238eb7a5f77ce08b564ccca55b5bdc08f36,637,0,16,4
0,12,0,1,4,0.19713361600000001,0.16111899999999998,0.016434999999999998,428568576,NA,NA,NA,NA,NA,NA,NA,NA,5833440,1882629,26625,512,0f41e20848de6408cce7b1c5f57f0212c9401233ca75c7b6652c8ea62bfcd43f,1238,0,148,5
0,12,1,0,4,0.19854693500000001,0.172655,0.0067729999999999995,428539904,NA,NA,NA,NA,NA,NA,NA,NA,5833440,1882629,26625,512,0f41e20848de6408cce7b1c5f57f0212c9401233ca75c7b6652c8ea62bfcd43f,1238,0,171,6
0,12,0,0,3,0.059932568000000006,0.041362999999999997,0.0068929999999999998,179101696,NA,NA,NA,NA,NA,NA,NA,NA,1968568,2240463,32773,1,c491f4791a93a71124b9219b05e718490cf6bd1c68b1ec8fc6a6550e31f844b1,1119,0,24,4
0,12,1,1,3,0.059880200000000001,0.041593999999999999,0.006404,179208192,NA,NA,NA,NA,NA,NA,NA,NA,1968568,2240463,32773,1,c491f4791a93a71124b9219b05e718490cf6bd1c68b1ec8fc6a6550e31f844b1,1122,0,41,4
0,12,0,0,2,0.041061698000000001,0.023923999999999997,0.0059649999999999998,131514368,NA,NA,NA,NA,NA,NA,NA,NA,837856,318511,16385,4096,b4f737276339a7626b246c204b626e79f9d9ec0f1f160233a5aa1c27728af83f,628,0,34,3
0,12,1,1,2,0.041150895999999999,0.020798000000000001,0.0089230000000000004,131088384,NA,NA,NA,NA,NA,NA,NA,NA,837856,318511,16385,4096,b4f737276339a7626b246c204b626e79f9d9ec0f1f160233a5aa1c27728af83f,1070,0,31,4
0,13,0,0,0,0.024810238000000002,0.0042529999999999998,0.004241,55361536,NA,NA,NA,NA,NA,NA,NA,NA,2408,135,5,1,3d4d37e7dcef36139698862d60d536450dfb480779ac0676046a82e065e8af0f,1029,0,13,3
0,13,1,1,0,0.018530271000000001,0.0039039999999999999,0.0039039999999999999,55619584,NA,NA,NA,NA,NA,NA,NA,NA,2408,135,5,1,3d4d37e7dcef36139698862d60d536450dfb480779ac0676046a82e065e8af0f,584,0,14,3
0,13,0,1,1,0.055853746000000003,0.034880000000000001,0.0095219999999999992,156491776,NA,NA,NA,NA,NA,NA,NA,NA,994016,407679,8197,1,76f10b65f44b546f736cef2848789238eb7a5f77ce08b564ccca55b5bdc08f36,1081,0,26,5
0,13,1,0,1,0.055468503000000002,0.033898999999999999,0.010173,156540928,NA,NA,NA,NA,NA,NA,NA,NA,994016,407679,8197,1,76f10b65f44b546f736cef2848789238eb7a5f77ce08b564ccca55b5bdc08f36,637,0,37,3
0,13,0,1,5,0.43498483700000001,0.37415999999999999,0.040104999999999995,1025724416,NA,NA,NA,NA,NA,NA,NA,NA,11457352,5690734,153602,512,388033e7552b3b3255277a47381a62d5067155e67b74e663ad0ac019ed72fc50,1582,0,216,7
0,13,1,0,5,0.43436938400000003,0.36723899999999998,0.046323999999999997,1025810432,NA,NA,NA,NA,NA,NA,NA,NA,11457352,5690734,153602,512,388033e7552b3b3255277a47381a62d5067155e67b74e663ad0ac019ed72fc50,1618,0,207,6
0,13,0,1,2,0.040704709000000006,0.029696999999999998,0,130920448,NA,NA,NA,NA,NA,NA,NA,NA,837856,318511,16385,4096,b4f737276339a7626b246c204b626e79f9d9ec0f1f160233a5aa1c27728af83f,1063,0,19,2
0,13,1,0,2,0.045975766000000001,0.023066,0.0065880000000000001,131252224,NA,NA,NA,NA,NA,NA,NA,NA,837856,318511,16385,4096,b4f737276339a7626b246c204b626e79f9d9ec0f1f160233a5aa1c27728af83f,1068,0,22,3
0,13,0,1,3,0.059463579000000003,0.044588999999999997,0.003434,179015680,NA,NA,NA,NA,NA,NA,NA,NA,1968568,2240463,32773,1,c491f4791a93a71124b9219b05e718490cf6bd1c68b1ec8fc6a6550e31f844b1,1119,0,28,5
0,13,1,0,3,0.060913938000000001,0.038478999999999999,0.010496,179642368,NA,NA,NA,NA,NA,NA,NA,NA,1968568,2240463,32773,1,c491f4791a93a71124b9219b05e718490cf6bd1c68b1ec8fc6a6550e31f844b1,678,0,23,2
0,13,0,0,4,0.19734263800000001,0.154418,0.023501999999999999,428683264,NA,NA,NA,NA,NA,NA,NA,NA,5833440,1882629,26625,512,0f41e20848de6408cce7b1c5f57f0212c9401233ca75c7b6652c8ea62bfcd43f,796,0,85,5
0,13,1,1,4,0.197599681,0.15470299999999998,0.023553999999999999,428212224,NA,NA,NA,NA,NA,NA,NA,NA,5833440,1882629,26625,512,0f41e20848de6408cce7b1c5f57f0212c9401233ca75c7b6652c8ea62bfcd43f,1234,0,142,5
0,14,0,1,3,0.064665707000000003,0.044312999999999998,0.003411,179286016,NA,NA,NA,NA,NA,NA,NA,NA,1968568,2240463,32773,1,c491f4791a93a71124b9219b05e718490cf6bd1c68b1ec8fc6a6550e31f844b1,1140,0,35,3
0,14,1,0,3,0.065525507000000011,0.042131999999999996,0.0064879999999999998,179363840,NA,NA,NA,NA,NA,NA,NA,NA,1968568,2240463,32773,1,c491f4791a93a71124b9219b05e718490cf6bd1c68b1ec8fc6a6550e31f844b1,1125,0,31,4
0,14,0,1,2,0.041076005000000006,0.022353999999999999,0.0074539999999999997,131117056,NA,NA,NA,NA,NA,NA,NA,NA,837856,318511,16385,4096,b4f737276339a7626b246c204b626e79f9d9ec0f1f160233a5aa1c27728af83f,1068,0,24,3
0,14,1,0,2,0.040712886000000004,0.029538999999999999,0,131301376,NA,NA,NA,NA,NA,NA,NA,NA,837856,318511,16385,4096,b4f737276339a7626b246c204b626e79f9d9ec0f1f160233a5aa1c27728af83f,1073,0,21,3
0,14,0,1,1,0.055088843000000005,0.040292000000000001,0.0033599999999999997,156663808,NA,NA,NA,NA,NA,NA,NA,NA,994016,407679,8197,1,76f10b65f44b546f736cef2848789238eb7a5f77ce08b564ccca55b5bdc08f36,637,0,35,4
0,14,1,0,1,0.055774778000000004,0.037491999999999998,0.0068139999999999997,156569600,NA,NA,NA,NA,NA,NA,NA,NA,994016,407679,8197,1,76f10b65f44b546f736cef2848789238eb7a5f77ce08b564ccca55b5bdc08f36,1081,0,26,5
0,14,0,1,4,0.19761477800000002,0.15811600000000001,0.020163,428478464,NA,NA,NA,NA,NA,NA,NA,NA,5833440,1882629,26625,512,0f41e20848de6408cce7b1c5f57f0212c9401233ca75c7b6652c8ea62bfcd43f,1244,0,130,5
0,14,1,0,4,0.19754839500000002,0.16828299999999999,0.0101,428478464,NA,NA,NA,NA,NA,NA,NA,NA,5833440,1882629,26625,512,0f41e20848de6408cce7b1c5f57f0212c9401233ca75c7b6652c8ea62bfcd43f,1236,0,80,4
0,14,0,0,5,0.44508820700000001,0.35206299999999996,0.063098000000000001,1025634304,NA,NA,NA,NA,NA,NA,NA,NA,11457352,5690734,153602,512,388033e7552b3b3255277a47381a62d5067155e67b74e663ad0ac019ed72fc50,1581,0,17,5
0,14,1,1,5,0.45160761300000002,0.36934899999999998,0.046591,1025925120,NA,NA,NA,NA,NA,NA,NA,NA,11457352,5690734,153602,512,388033e7552b3b3255277a47381a62d5067155e67b74e663ad0ac019ed72fc50,1139,0,157,5
0,14,0,1,0,0.018834752,0.002689,0.0053809999999999995,55406592,NA,NA,NA,NA,NA,NA,NA,NA,2408,135,5,1,3d4d37e7dcef36139698862d60d536450dfb480779ac0676046a82e065e8af0f,1027,0,9,3
0,14,1,0,0,0.018836475000000002,0.0026719999999999999,0.0053369999999999997,55246848,NA,NA,NA,NA,NA,NA,NA,NA,2408,135,5,1,3d4d37e7dcef36139698862d60d536450dfb480779ac0676046a82e065e8af0f,1025,0,9,3
0,15,0,0,1,0.065197452000000003,0.037165999999999998,0.0067629999999999999,156397568,NA,NA,NA,NA,NA,NA,NA,NA,994016,407679,8197,1,76f10b65f44b546f736cef2848789238eb7a5f77ce08b564ccca55b5bdc08f36,1081,0,22,4
0,15,1,1,1,0.055393273000000007,0.033554,0.010071,156749824,NA,NA,NA,NA,NA,NA,NA,NA,994016,407679,8197,1,76f10b65f44b546f736cef2848789238eb7a5f77ce08b564ccca55b5bdc08f36,641,0,45,4
0,15,0,0,4,0.20675821000000003,0.15210299999999999,0.026459999999999997,428486656,NA,NA,NA,NA,NA,NA,NA,NA,5833440,1882629,26625,512,0f41e20848de6408cce7b1c5f57f0212c9401233ca75c7b6652c8ea62bfcd43f,1240,0,163,5
0,15,1,1,4,0.20103404600000002,0.15229399999999998,0.025922999999999998,428216320,NA,NA,NA,NA,NA,NA,NA,NA,5833440,1882629,26625,512,0f41e20848de6408cce7b1c5f57f0212c9401233ca75c7b6652c8ea62bfcd43f,1233,0,144,4
0,15,0,0,2,0.041109567999999999,0.026551999999999999,0.0033179999999999998,131182592,NA,NA,NA,NA,NA,NA,NA,NA,837856,318511,16385,4096,b4f737276339a7626b246c204b626e79f9d9ec0f1f160233a5aa1c27728af83f,1068,0,28,3
0,15,1,1,2,0.041121721999999999,0.026137999999999998,0.0037359999999999997,131436544,NA,NA,NA,NA,NA,NA,NA,NA,837856,318511,16385,4096,b4f737276339a7626b246c204b626e79f9d9ec0f1f160233a5aa1c27728af83f,627,0,18,3
0,15,0,1,5,0.43338801400000004,0.369923,0.043318999999999996,1025986560,NA,NA,NA,NA,NA,NA,NA,NA,11457352,5690734,153602,512,388033e7552b3b3255277a47381a62d5067155e67b74e663ad0ac019ed72fc50,1142,0,93,7
0,15,1,0,5,0.43581576400000005,0.38851199999999997,0.026806,1025802240,NA,NA,NA,NA,NA,NA,NA,NA,11457352,5690734,153602,512,388033e7552b3b3255277a47381a62d5067155e67b74e663ad0ac019ed72fc50,1580,0,215,5
0,15,0,0,3,0.060263408000000004,0.042019999999999995,0.0064579999999999993,179212288,NA,NA,NA,NA,NA,NA,NA,NA,1968568,2240463,32773,1,c491f4791a93a71124b9219b05e718490cf6bd1c68b1ec8fc6a6550e31f844b1,1121,0,50,3
0,15,1,1,3,0.059317334000000006,0.037328,0.010189999999999999,179265536,NA,NA,NA,NA,NA,NA,NA,NA,1968568,2240463,32773,1,c491f4791a93a71124b9219b05e718490cf6bd1c68b1ec8fc6a6550e31f844b1,1121,0,26,5
0,15,0,0,0,0.018726219000000002,0.0081139999999999997,0,55545856,NA,NA,NA,NA,NA,NA,NA,NA,2408,135,5,1,3d4d37e7dcef36139698862d60d536450dfb480779ac0676046a82e065e8af0f,584,0,13,3
0,15,1,1,0,0.01883992,0.0026809999999999998,0.0053769999999999998,55316480,NA,NA,NA,NA,NA,NA,NA,NA,2408,135,5,1,3d4d37e7dcef36139698862d60d536450dfb480779ac0676046a82e065e8af0f,1028,0,12,4
0,16,0,0,3,0.060706680000000006,0.045170999999999996,0.0034819999999999999,179240960,NA,NA,NA,NA,NA,NA,NA,NA,1968568,2240463,32773,1,c491f4791a93a71124b9219b05e718490cf6bd1c68b1ec8fc6a6550e31f844b1,1122,0,59,4
0,16,1,1,3,0.060140236000000007,0.041514999999999996,0.0069259999999999999,179273728,NA,NA,NA,NA,NA,NA,NA,NA,1968568,2240463,32773,1,c491f4791a93a71124b9219b05e718490cf6bd1c68b1ec8fc6a6550e31f844b1,1123,0,35,6
0,16,0,0,1,0.055662847000000001,0.037929999999999998,0.0063219999999999995,156405760,NA,NA,NA,NA,NA,NA,NA,NA,994016,407679,8197,1,76f10b65f44b546f736cef2848789238eb7a5f77ce08b564ccca55b5bdc08f36,1082,0,40,3
0,16,1,1,1,0.055993617000000002,0.037545999999999996,0.0068269999999999997,156631040,NA,NA,NA,NA,NA,NA,NA,NA,994016,407679,8197,1,76f10b65f44b546f736cef2848789238eb7a5f77ce08b564ccca55b5bdc08f36,639,0,41,3
0,16,0,0,4,0.19810697000000002,0.16928699999999999,0.0097539999999999988,428306432,NA,NA,NA,NA,NA,NA,NA,NA,5833440,1882629,26625,512,0f41e20848de6408cce7b1c5f57f0212c9401233ca75c7b6652c8ea62bfcd43f,1234,0,162,6
0,16,1,1,4,0.20285091900000002,0.161326,0.016802999999999998,428331008,NA,NA,NA,NA,NA,NA,NA,NA,5833440,1882629,26625,512,0f41e20848de6408cce7b1c5f57f0212c9401233ca75c7b6652c8ea62bfcd43f,1235,0,171,5
0,16,0,1,5,0.44839457200000005,0.379112,0.040256,1025720320,NA,NA,NA,NA,NA,NA,NA,NA,11457352,5690734,153602,512,388033e7552b3b3255277a47381a62d5067155e67b74e663ad0ac019ed72fc50,1584,0,148,4
0,16,1,0,5,0.44563398200000004,0.35916399999999998,0.056540999999999994,1025560576,NA,NA,NA,NA,NA,NA,NA,NA,11457352,5690734,153602,512,388033e7552b3b3255277a47381a62d5067155e67b74e663ad0ac019ed72fc50,1579,0,226,5
0,16,0,0,0,0.019656761000000002,0.0062659999999999999,0.0020899999999999998,55369728,NA,NA,NA,NA,NA,NA,NA,NA,2408,135,5,1,3d4d37e7dcef36139698862d60d536450dfb480779ac0676046a82e065e8af0f,1031,0,10,2
0,16,1,1,0,0.018481628999999999,0.008005,0,55324672,NA,NA,NA,NA,NA,NA,NA,NA,2408,135,5,1,3d4d37e7dcef36139698862d60d536450dfb480779ac0676046a82e065e8af0f,1028,0,14,3
0,16,0,1,2,0.040738442999999999,0.026189,0.0032789999999999998,131248128,NA,NA,NA,NA,NA,NA,NA,NA,837856,318511,16385,4096,b4f737276339a7626b246c204b626e79f9d9ec0f1f160233a5aa1c27728af83f,1071,0,26,4
0,16,1,0,2,0.041020091000000002,0.023272999999999999,0.0066499999999999997,131129344,NA,NA,NA,NA,NA,NA,NA,NA,837856,318511,16385,4096,b4f737276339a7626b246c204b626e79f9d9ec0f1f160233a5aa1c27728af83f,1069,0,36,3
0,17,0,1,3,0.060506082000000003,0.045147,0.003447,179302400,NA,NA,NA,NA,NA,NA,NA,NA,1968568,2240463,32773,1,c491f4791a93a71124b9219b05e718490cf6bd1c68b1ec8fc6a6550e31f844b1,1122,0,25,4
0,17,1,0,3,0.060022557000000004,0.041814999999999998,0.0069769999999999997,179539968,NA,NA,NA,NA,NA,NA,NA,NA,1968568,2240463,32773,1,c491f4791a93a71124b9219b05e718490cf6bd1c68b1ec8fc6a6550e31f844b1,678,0,67,5
0,17,0,0,5,0.43408327800000002,0.38042399999999998,0.033051999999999998,1026015232,NA,NA,NA,NA,NA,NA,NA,NA,11457352,5690734,153602,512,388033e7552b3b3255277a47381a62d5067155e67b74e663ad0ac019ed72fc50,1616,0,172,6
0,17,1,1,5,0.44384283500000005,0.37882499999999997,0.036549999999999999,1025896448,NA,NA,NA,NA,NA,NA,NA,NA,11457352,5690734,153602,512,388033e7552b3b3255277a47381a62d5067155e67b74e663ad0ac019ed72fc50,1620,0,184,9
0,17,0,0,2,0.040419475000000003,0.025529999999999997,0.0036479999999999998,131158016,NA,NA,NA,NA,NA,NA,NA,NA,837856,318511,16385,4096,b4f737276339a7626b246c204b626e79f9d9ec0f1f160233a5aa1c27728af83f,1067,0,21,3
0,17,1,1,2,0.040818483000000003,0.026360999999999999,0.0032979999999999997,131006464,NA,NA,NA,NA,NA,NA,NA,NA,837856,318511,16385,4096,b4f737276339a7626b246c204b626e79f9d9ec0f1f160233a5aa1c27728af83f,1069,0,19,3
0,17,0,1,4,0.20201593600000001,0.164802,0.013186999999999999,428462080,NA,NA,NA,NA,NA,NA,NA,NA,5833440,1882629,26625,512,0f41e20848de6408cce7b1c5f57f0212c9401233ca75c7b6652c8ea62bfcd43f,782,0,116,4
0,17,1,0,4,0.19768126200000002,0.161578,0.016833000000000001,428625920,NA,NA,NA,NA,NA,NA,NA,NA,5833440,1882629,26625,512,0f41e20848de6408cce7b1c5f57f0212c9401233ca75c7b6652c8ea62bfcd43f,795,0,134,5
0,17,0,1,0,0.018789436,0.0040829999999999998,0.0040790000000000002,55599104,NA,NA,NA,NA,NA,NA,NA,NA,2408,135,5,1,3d4d37e7dcef36139698862d60d536450dfb480779ac0676046a82e065e8af0f,586,0,11,3
0,17,1,0,0,0.018497960000000001,0.0079670000000000001,0,55046144,NA,NA,NA,NA,NA,NA,NA,NA,2408,135,5,1,3d4d37e7dcef36139698862d60d536450dfb480779ac0676046a82e065e8af0f,1024,0,11,3
0,17,0,1,1,0.055168030000000007,0.034268,0.0093419999999999996,156725248,NA,NA,NA,NA,NA,NA,NA,NA,994016,407679,8197,1,76f10b65f44b546f736cef2848789238eb7a5f77ce08b564ccca55b5bdc08f36,638,0,41,4
0,17,1,0,1,0.056064931000000005,0.044562999999999998,0,156258304,NA,NA,NA,NA,NA,NA,NA,NA,994016,407679,8197,1,76f10b65f44b546f736cef2848789238eb7a5f77ce08b564ccca55b5bdc08f36,1078,0,26,4
0,18,0,0,0,0.019754253000000003,0.0056540000000000002,0.0028209999999999997,55214080,NA,NA,NA,NA,NA,NA,NA,NA,2408,135,5,1,3d4d37e7dcef36139698862d60d536450dfb480779ac0676046a82e065e8af0f,1026,0,9,3
0,18,1,1,0,0.019142127000000002,0.0040390000000000001,0.0040279999999999995,55259136,NA,NA,NA,NA,NA,NA,NA,NA,2408,135,5,1,3d4d37e7dcef36139698862d60d536450dfb480779ac0676046a82e065e8af0f,1025,0,9,3
0,18,0,0,1,0.055553862000000002,0.037177000000000002,0.0067489999999999998,156463104,NA,NA,NA,NA,NA,NA,NA,NA,994016,407679,8197,1,76f10b65f44b546f736cef2848789238eb7a5f77ce08b564ccca55b5bdc08f36,1084,0,39,5
0,18,1,1,1,0.055955586000000002,0.033981999999999998,0.010185,156233728,NA,NA,NA,NA,NA,NA,NA,NA,994016,407679,8197,1,76f10b65f44b546f736cef2848789238eb7a5f77ce08b564ccca55b5bdc08f36,1078,0,51,4
0,18,0,0,5,0.43366180700000001,0.39299699999999999,0.020157999999999999,1025662976,NA,NA,NA,NA,NA,NA,NA,NA,11457352,5690734,153602,512,388033e7552b3b3255277a47381a62d5067155e67b74e663ad0ac019ed72fc50,1581,0,193,3
0,18,1,1,5,0.436884667,0.35905199999999998,0.057055999999999996,1025753088,NA,NA,NA,NA,NA,NA,NA,NA,11457352,5690734,153602,512,388033e7552b3b3255277a47381a62d5067155e67b74e663ad0ac019ed72fc50,1582,0,159,9
0,18,0,0,4,0.198974174,0.163304,0.016330000000000001,428478464,NA,NA,NA,NA,NA,NA,NA,NA,5833440,1882629,26625,512,0f41e20848de6408cce7b1c5f57f0212c9401233ca75c7b6652c8ea62bfcd43f,1236,0,123,5
0,18,1,1,4,0.19800473800000001,0.16211799999999998,0.016546999999999999,428171264,NA,NA,NA,NA,NA,NA,NA,NA,5833440,1882629,26625,512,0f41e20848de6408cce7b1c5f57f0212c9401233ca75c7b6652c8ea62bfcd43f,1235,0,109,4
0,18,0,1,3,0.059503685000000001,0.037379999999999997,0.010197999999999999,179273728,NA,NA,NA,NA,NA,NA,NA,NA,1968568,2240463,32773,1,c491f4791a93a71124b9219b05e718490cf6bd1c68b1ec8fc6a6550e31f844b1,1121,0,40,4
0,18,1,0,3,0.060037594000000007,0.038580999999999997,0.0096460000000000001,179388416,NA,NA,NA,NA,NA,NA,NA,NA,1968568,2240463,32773,1,c491f4791a93a71124b9219b05e718490cf6bd1c68b1ec8fc6a6550e31f844b1,677,0,64,3
0,18,0,1,2,0.041064884000000003,0.02087,0.0089459999999999991,130998272,NA,NA,NA,NA,NA,NA,NA,NA,837856,318511,16385,4096,b4f737276339a7626b246c204b626e79f9d9ec0f1f160233a5aa1c27728af83f,1068,0,27,2
0,18,1,0,2,0.041134044000000002,0.014870999999999999,0.014891,130945024,NA,NA,NA,NA,NA,NA,NA,NA,837856,318511,16385,4096,b4f737276339a7626b246c204b626e79f9d9ec0f1f160233a5aa1c27728af83f,1066,0,20,5
0,19,0,1,4,0.19814197500000003,0.155665,0.023182999999999999,428273664,NA,NA,NA,NA,NA,NA,NA,NA,5833440,1882629,26625,512,0f41e20848de6408cce7b1c5f57f0212c9401233ca75c7b6652c8ea62bfcd43f,1236,0,203,4
0,19,1,0,4,0.19806854900000001,0.15570899999999999,0.023196999999999999,428261376,NA,NA,NA,NA,NA,NA,NA,NA,5833440,1882629,26625,512,0f41e20848de6408cce7b1c5f57f0212c9401233ca75c7b6652c8ea62bfcd43f,1235,0,160,4
0,19,0,0,3,0.060626508000000003,0.033797000000000001,0.015365999999999999,179466240,NA,NA,NA,NA,NA,NA,NA,NA,1968568,2240463,32773,1,c491f4791a93a71124b9219b05e718490cf6bd1c68b1ec8fc6a6550e31f844b1,1161,0,30,4
0,19,1,1,3,0.059972603000000006,0.034473999999999998,0.013786,179478528,NA,NA,NA,NA,NA,NA,NA,NA,1968568,2240463,32773,1,c491f4791a93a71124b9219b05e718490cf6bd1c68b1ec8fc6a6550e31f844b1,679,0,52,5
0,19,0,0,2,0.040743823000000005,0.023089999999999999,0.0065969999999999996,130994176,NA,NA,NA,NA,NA,NA,NA,NA,837856,318511,16385,4096,b4f737276339a7626b246c204b626e79f9d9ec0f1f160233a5aa1c27728af83f,1066,0,20,3
0,19,1,1,2,0.040595926000000004,0.029287999999999998,0,131407872,NA,NA,NA,NA,NA,NA,NA,NA,837856,318511,16385,4096,b4f737276339a7626b246c204b626e79f9d9ec0f1f160233a5aa1c27728af83f,626,0,14,3
0,19,0,1,5,0.43590409800000002,0.36556099999999997,0.049818999999999995,1025654784,NA,NA,NA,NA,NA,NA,NA,NA,11457352,5690734,153602,512,388033e7552b3b3255277a47381a62d5067155e67b74e663ad0ac019ed72fc50,1582,0,164,8
0,19,1,0,5,0.43903316200000003,0.36862699999999998,0.049825999999999995,1025859584,NA,NA,NA,NA,NA,NA,NA,NA,11457352,5690734,153602,512,388033e7552b3b3255277a47381a62d5067155e67b74e663ad0ac019ed72fc50,1583,0,218,7
0,19,0,1,1,0.055457463000000005,0.037247999999999996,0.0067789999999999994,156516352,NA,NA,NA,NA,NA,NA,NA,NA,994016,407679,8197,1,76f10b65f44b546f736cef2848789238eb7a5f77ce08b564ccca55b5bdc08f36,1082,0,28,3
0,19,1,0,1,0.055821826000000005,0.040729000000000001,0.003398,156536832,NA,NA,NA,NA,NA,NA,NA,NA,994016,407679,8197,1,76f10b65f44b546f736cef2848789238eb7a5f77ce08b564ccca55b5bdc08f36,1083,0,20,4
0,19,0,1,0,0.019157104000000001,0.0027699999999999999,0.005522,55590912,NA,NA,NA,NA,NA,NA,NA,NA,2408,135,5,1,3d4d37e7dcef36139698862d60d536450dfb480779ac0676046a82e065e8af0f,585,0,12,3
0,19,1,0,0,0.018734244000000001,0.0039779999999999998,0.0039870000000000001,55349248,NA,NA,NA,NA,NA,NA,NA,NA,2408,135,5,1,3d4d37e7dcef36139698862d60d536450dfb480779ac0676046a82e065e8af0f,582,0,11,3
0,20,0,1,1,0.055588949000000006,0.040635999999999999,0.0033889999999999997,156577792,NA,NA,NA,NA,NA,NA,NA,NA,994016,407679,8197,1,76f10b65f44b546f736cef2848789238eb7a5f77ce08b564ccca55b5bdc08f36,1081,0,34,5
0,20,1,0,1,0.056655598000000001,0.032030999999999997,0.012794999999999999,156364800,NA,NA,NA,NA,NA,NA,NA,NA,994016,407679,8197,1,76f10b65f44b546f736cef2848789238eb7a5f77ce08b564ccca55b5bdc08f36,1080,0,25,4
0,20,0,1,5,0.43593621900000001,0.37826599999999999,0.036816000000000002,1025794048,NA,NA,NA,NA,NA,NA,NA,NA,11457352,5690734,153602,512,388033e7552b3b3255277a47381a62d5067155e67b74e663ad0ac019ed72fc50,1582,0,63,7
0,20,1,0,5,0.43559843600000003,0.36156199999999999,0.053071,1025613824,NA,NA,NA,NA,NA,NA,NA,NA,11457352,5690734,153602,512,388033e7552b3b3255277a47381a62d5067155e67b74e663ad0ac019ed72fc50,1579,0,82,6
0,20,0,1,3,0.060190691000000004,0.041556999999999997,0.006398,179576832,NA,NA,NA,NA,NA,NA,NA,NA,1968568,2240463,32773,1,c491f4791a93a71124b9219b05e718490cf6bd1c68b1ec8fc6a6550e31f844b1,681,0,33,2
0,20,1,0,3,0.060970594000000003,0.039359999999999999,0.0098409999999999991,179212288,NA,NA,NA,NA,NA,NA,NA,NA,1968568,2240463,32773,1,c491f4791a93a71124b9219b05e718490cf6bd1c68b1ec8fc6a6550e31f844b1,1123,0,32,5
0,20,0,1,2,0.040749984000000003,0.026599999999999999,0.0029549999999999997,131080192,NA,NA,NA,NA,NA,NA,NA,NA,837856,318511,16385,4096,b4f737276339a7626b246c204b626e79f9d9ec0f1f160233a5aa1c27728af83f,1067,0,23,3
0,20,1,0,2,0.040783708000000002,0.017666999999999999,0.01179,131239936,NA,NA,NA,NA,NA,NA,NA,NA,837856,318511,16385,4096,b4f737276339a7626b246c204b626e79f9d9ec0f1f160233a5aa1c27728af83f,1069,0,19,4
0,20,0,1,0,0.019771496,0.0086009999999999993,0,55296000,NA,NA,NA,NA,NA,NA,NA,NA,2408,135,5,1,3d4d37e7dcef36139698862d60d536450dfb480779ac0676046a82e065e8af0f,1026,0,12,2
0,20,1,0,0,0.019248338,0.0042179999999999995,0.0041700000000000001,55267328,NA,NA,NA,NA,NA,NA,NA,NA,2408,135,5,1,3d4d37e7dcef36139698862d60d536450dfb480779ac0676046a82e065e8af0f,1027,0,9,3
0,20,0,1,4,0.197614436,0.168101,0.010085999999999999,428498944,NA,NA,NA,NA,NA,NA,NA,NA,5833440,1882629,26625,512,0f41e20848de6408cce7b1c5f57f0212c9401233ca75c7b6652c8ea62bfcd43f,790,0,157,6
0,20,1,0,4,0.19777107000000002,0.15482099999999999,0.023549,428797952,NA,NA,NA,NA,NA,NA,NA,NA,5833440,1882629,26625,512,0f41e20848de6408cce7b1c5f57f0212c9401233ca75c7b6652c8ea62bfcd43f,795,0,170,5
0,21,0,0,1,0.055802890000000001,0.041097000000000002,0.0031619999999999999,156332032,NA,NA,NA,NA,NA,NA,NA,NA,994016,407679,8197,1,76f10b65f44b546f736cef2848789238eb7a5f77ce08b564ccca55b5bdc08f36,1080,0,18,4
0,21,1,1,1,0.055774476000000003,0.034081,0.010218999999999999,156364800,NA,NA,NA,NA,NA,NA,NA,NA,994016,407679,8197,1,76f10b65f44b546f736cef2848789238eb7a5f77ce08b564ccca55b5bdc08f36,1079,0,25,2
0,21,0,0,3,0.061219749000000004,0.045610999999999999,0.003509,179200000,NA,NA,NA,NA,NA,NA,NA,NA,1968568,2240463,32773,1,c491f4791a93a71124b9219b05e718490cf6bd1c68b1ec8fc6a6550e31f844b1,1121,0,32,3
0,21,1,1,3,0.059691436,0.037652999999999999,0.010272,179200000,NA,NA,NA,NA,NA,NA,NA,NA,1968568,2240463,32773,1,c491f4791a93a71124b9219b05e718490cf6bd1c68b1ec8fc6a6550e31f844b1,1122,0,24,3
0,21,0,0,2,0.040659986000000002,0.025989999999999999,0.0037159999999999997,131440640,NA,NA,NA,NA,NA,NA,NA,NA,837856,318511,16385,4096,b4f737276339a7626b246c204b626e79f9d9ec0f1f160233a5aa1c27728af83f,626,0,18,3
0,21,1,1,2,0.041128134000000004,0.02615,0.0037399999999999998,131334144,NA,NA,NA,NA,NA,NA,NA,NA,837856,318511,16385,4096,b4f737276339a7626b246c204b626e79f9d9ec0f1f160233a5aa1c27728af83f,1104,0,24,4
0,21,0,0,5,0.44350709500000002,0.37001599999999996,0.04333,1025740800,NA,NA,NA,NA,NA,NA,NA,NA,11457352,5690734,153602,512,388033e7552b3b3255277a47381a62d5067155e67b74e663ad0ac019ed72fc50,1580,0,190,9
0,21,1,1,5,0.43627189800000005,0.348825,0.066415000000000002,1025724416,NA,NA,NA,NA,NA,NA,NA,NA,11457352,5690734,153602,512,388033e7552b3b3255277a47381a62d5067155e67b74e663ad0ac019ed72fc50,1582,0,230,6
0,21,0,0,4,0.19762698100000001,0.154747,0.023560999999999999,428175360,NA,NA,NA,NA,NA,NA,NA,NA,5833440,1882629,26625,512,0f41e20848de6408cce7b1c5f57f0212c9401233ca75c7b6652c8ea62bfcd43f,1233,0,126,7
0,21,1,1,4,0.19765835900000001,0.158196,0.020194999999999998,428466176,NA,NA,NA,NA,NA,NA,NA,NA,5833440,1882629,26625,512,0f41e20848de6408cce7b1c5f57f0212c9401233ca75c7b6652c8ea62bfcd43f,1239,0,159,5
0,21,0,0,0,0.019009728,0.0055449999999999996,0.0027780000000000001,55361536,NA,NA,NA,NA,NA,NA,NA,NA,2408,135,5,1,3d4d37e7dcef36139698862d60d536450dfb480779ac0676046a82e065e8af0f,1028,0,12,3
0,21,1,1,0,0.018432778,0.0039269999999999999,0.0039280000000000001,55300096,NA,NA,NA,NA,NA,NA,NA,NA,2408,135,5,1,3d4d37e7dcef36139698862d60d536450dfb480779ac0676046a82e065e8af0f,1032,0,12,3
0,22,0,1,0,0.018028031,0.0037109999999999999,0.003715,55255040,NA,NA,NA,NA,NA,NA,NA,NA,2408,135,5,1,3d4d37e7dcef36139698862d60d536450dfb480779ac0676046a82e065e8af0f,1027,0,11,3
0,22,1,0,0,0.018117236000000002,0.0037929999999999999,0.0038189999999999999,55611392,NA,NA,NA,NA,NA,NA,NA,NA,2408,135,5,1,3d4d37e7dcef36139698862d60d536450dfb480779ac0676046a82e065e8af0f,580,0,11,4
0,22,0,1,5,0.44689799700000005,0.37947899999999996,0.033301999999999998,1026097152,NA,NA,NA,NA,NA,NA,NA,NA,11457352,5690734,153602,512,388033e7552b3b3255277a47381a62d5067155e67b74e663ad0ac019ed72fc50,1141,0,198,8
0,22,1,0,5,0.43666619600000001,0.36602899999999999,0.049912999999999999,1025748992,NA,NA,NA,NA,NA,NA,NA,NA,11457352,5690734,153602,512,388033e7552b3b3255277a47381a62d5067155e67b74e663ad0ac019ed72fc50,1583,0,192,6
0,22,0,0,1,0.056302144000000005,0.038065000000000002,0.0063499999999999997,156192768,NA,NA,NA,NA,NA,NA,NA,NA,994016,407679,8197,1,76f10b65f44b546f736cef2848789238eb7a5f77ce08b564ccca55b5bdc08f36,1076,0,40,4
0,22,1,1,1,0.055470056000000004,0.037193999999999998,0.0067599999999999995,156385280,NA,NA,NA,NA,NA,NA,NA,NA,994016,407679,8197,1,76f10b65f44b546f736cef2848789238eb7a5f77ce08b564ccca55b5bdc08f36,1082,0,18,3
0,22,0,0,2,0.040560359000000004,0.029366,0,131194880,NA,NA,NA,NA,NA,NA,NA,NA,837856,318511,16385,4096,b4f737276339a7626b246c204b626e79f9d9ec0f1f160233a5aa1c27728af83f,1070,0,23,2
0,22,1,1,2,0.040802063,0.026407999999999997,0.0032979999999999997,130908160,NA,NA,NA,NA,NA,NA,NA,NA,837856,318511,16385,4096,b4f737276339a7626b246c204b626e79f9d9ec0f1f160233a5aa1c27728af83f,1066,0,20,4
0,22,0,0,4,0.19769525800000001,0.16506099999999999,0.013436,428822528,NA,NA,NA,NA,NA,NA,NA,NA,5833440,1882629,26625,512,0f41e20848de6408cce7b1c5f57f0212c9401233ca75c7b6652c8ea62bfcd43f,797,0,125,4
0,22,1,1,4,0.19802088800000001,0.15524299999999999,0.023609999999999999,428630016,NA,NA,NA,NA,NA,NA,NA,NA,5833440,1882629,26625,512,0f41e20848de6408cce7b1c5f57f0212c9401233ca75c7b6652c8ea62bfcd43f,795,0,157,4
0,22,0,0,3,0.060287925000000006,0.038951,0.0097359999999999999,178995200,NA,NA,NA,NA,NA,NA,NA,NA,1968568,2240463,32773,1,c491f4791a93a71124b9219b05e718490cf6bd1c68b1ec8fc6a6550e31f844b1,1119,0,35,3
0,22,1,1,3,0.06003025,0.038942999999999998,0.0097419999999999989,179474432,NA,NA,NA,NA,NA,NA,NA,NA,1968568,2240463,32773,1,c491f4791a93a71124b9219b05e718490cf6bd1c68b1ec8fc6a6550e31f844b1,680,0,27,4
0,23,0,1,1,0.055415423000000005,0.040480999999999996,0.0033729999999999997,156381184,NA,NA,NA,NA,NA,NA,NA,NA,994016,407679,8197,1,76f10b65f44b546f736cef2848789238eb7a5f77ce08b564ccca55b5bdc08f36,1079,0,21,4
0,23,1,0,1,0.056084237000000002,0.037475999999999995,0.0068169999999999993,156327936,NA,NA,NA,NA,NA,NA,NA,NA,994016,407679,8197,1,76f10b65f44b546f736cef2848789238eb7a5f77ce08b564ccca55b5bdc08f36,1078,0,24,5
0,23,0,1,2,0.041005143000000001,0.023916999999999997,0.0059779999999999998,131190784,NA,NA,NA,NA,NA,NA,NA,NA,837856,318511,16385,4096,b4f737276339a7626b246c204b626e79f9d9ec0f1f160233a5aa1c27728af83f,1070,0,20,3
0,23,1,0,2,0.040801811,0.020747999999999999,0.0088929999999999999,131067904,NA,NA,NA,NA,NA,NA,NA,NA,837856,318511,16385,4096,b4f737276339a7626b246c204b626e79f9d9ec0f1f160233a5aa1c27728af83f,1068,0,28,3
0,23,0,0,0,0.018678368000000001,0.0054099999999999999,0.0027029999999999997,55328768,NA,NA,NA,NA,NA,NA,NA,NA,2408,135,5,1,3d4d37e7dcef36139698862d60d536450dfb480779ac0676046a82e065e8af0f,1024,0,12,3
0,23,1,1,0,0.018141442000000001,0.0075259999999999997,0,55336960,NA,NA,NA,NA,NA,NA,NA,NA,2408,135,5,1,3d4d37e7dcef36139698862d60d536450dfb480779ac0676046a82e065e8af0f,1030,0,13,3
0,23,0,1,3,0.058969042000000006,0.040725999999999998,0.0067719999999999994,179298304,NA,NA,NA,NA,NA,NA,NA,NA,1968568,2240463,32773,1,c491f4791a93a71124b9219b05e718490cf6bd1c68b1ec8fc6a6550e31f844b1,1123,0,30,6
0,23,1,0,3,0.060125870000000005,0.042111999999999997,0.0064709999999999993,179286016,NA,NA,NA,NA,NA,NA,NA,NA,1968568,2240463,32773,1,c491f4791a93a71124b9219b05e718490cf6bd1c68b1ec8fc6a6550e31f844b1,1124,0,46,3
0,23,0,1,4,0.19702607400000002,0.15484299999999998,0.023066999999999997,428716032,NA,NA,NA,NA,NA,NA,NA,NA,5833440,1882629,26625,512,0f41e20848de6408cce7b1c5f57f0212c9401233ca75c7b6652c8ea62bfcd43f,795,0,195,5
0,23,1,0,4,0.19810821200000001,0.16231299999999999,0.016566000000000001,428646400,NA,NA,NA,NA,NA,NA,NA,NA,5833440,1882629,26625,512,0f41e20848de6408cce7b1c5f57f0212c9401233ca75c7b6652c8ea62bfcd43f,794,0,119,5
0,23,0,0,5,0.43398284800000003,0.35329099999999997,0.059968999999999995,1025478656,NA,NA,NA,NA,NA,NA,NA,NA,11457352,5690734,153602,512,388033e7552b3b3255277a47381a62d5067155e67b74e663ad0ac019ed72fc50,1577,0,117,6
0,23,1,1,5,0.435552571,0.38138099999999997,0.033447999999999999,1025708032,NA,NA,NA,NA,NA,NA,NA,NA,11457352,5690734,153602,512,388033e7552b3b3255277a47381a62d5067155e67b74e663ad0ac019ed72fc50,1585,0,210,7
0,24,0,0,2,0.041022725000000003,0.029839999999999998,0,131309568,NA,NA,NA,NA,NA,NA,NA,NA,837856,318511,16385,4096,b4f737276339a7626b246c204b626e79f9d9ec0f1f160233a5aa1c27728af83f,1069,0,20,4
0,24,1,1,2,0.046162967000000006,0.023085999999999999,0.0065919999999999998,131125248,NA,NA,NA,NA,NA,NA,NA,NA,837856,318511,16385,4096,b4f737276339a7626b246c204b626e79f9d9ec0f1f160233a5aa1c27728af83f,1067,0,33,5
0,24,0,1,5,0.43889347000000001,0.39156399999999997,0.026761999999999998,1025646592,NA,NA,NA,NA,NA,NA,NA,NA,11457352,5690734,153602,512,388033e7552b3b3255277a47381a62d5067155e67b74e663ad0ac019ed72fc50,1583,0,170,7
0,24,1,0,5,0.43698161700000004,0.36974399999999996,0.046626000000000001,1025630208,NA,NA,NA,NA,NA,NA,NA,NA,11457352,5690734,153602,512,388033e7552b3b3255277a47381a62d5067155e67b74e663ad0ac019ed72fc50,1583,0,105,6
0,24,0,1,1,0.056057417000000005,0.038086999999999996,0.0063469999999999993,156442624,NA,NA,NA,NA,NA,NA,NA,NA,994016,407679,8197,1,76f10b65f44b546f736cef2848789238eb7a5f77ce08b564ccca55b5bdc08f36,1083,0,42,5
0,24,1,0,1,0.055963611000000003,0.034186999999999995,0.010258,156758016,NA,NA,NA,NA,NA,NA,NA,NA,994016,407679,8197,1,76f10b65f44b546f736cef2848789238eb7a5f77ce08b564ccca55b5bdc08f36,641,0,24,5
0,24,0,1,0,0.018776361000000002,0.004078,0.0040679999999999996,55500800,NA,NA,NA,NA,NA,NA,NA,NA,2408,135,5,1,3d4d37e7dcef36139698862d60d536450dfb480779ac0676046a82e065e8af0f,1064,0,11,3
0,24,1,0,0,0.019342504,0.0057029999999999997,0.0028509999999999998,55226368,NA,NA,NA,NA,NA,NA,NA,NA,2408,135,5,1,3d4d37e7dcef36139698862d60d536450dfb480779ac0676046a82e065e8af0f,1051,0,11,3
0,24,0,1,3,0.059636082000000007,0.041308999999999998,0.0063660000000000001,179376128,NA,NA,NA,NA,NA,NA,NA,NA,1968568,2240463,32773,1,c491f4791a93a71124b9219b05e718490cf6bd1c68b1ec8fc6a6550e31f844b1,1142,0,35,5
0,24,1,0,3,0.060570412000000004,0.035654999999999999,0.012964999999999999,179216384,NA,NA,NA,NA,NA,NA,NA,NA,1968568,2240463,32773,1,c491f4791a93a71124b9219b05e718490cf6bd1c68b1ec8fc6a6550e31f844b1,1121,0,53,4
0,24,0,1,4,0.197547371,0.168212,0.010097,428355584,NA,NA,NA,NA,NA,NA,NA,NA,5833440,1882629,26625,512,0f41e20848de6408cce7b1c5f57f0212c9401233ca75c7b6652c8ea62bfcd43f,1235,0,156,5
0,24,1,0,4,0.19902989000000001,0.160165,0.019608999999999998,428498944,NA,NA,NA,NA,NA,NA,NA,NA,5833440,1882629,26625,512,0f41e20848de6408cce7b1c5f57f0212c9401233ca75c7b6652c8ea62bfcd43f,1237,0,164,7
0,25,0,0,5,0.43439250600000001,0.35055500000000001,0.062834000000000001,1025826816,NA,NA,NA,NA,NA,NA,NA,NA,11457352,5690734,153602,512,388033e7552b3b3255277a47381a62d5067155e67b74e663ad0ac019ed72fc50,1596,0,144,6
0,25,1,1,5,0.44525428900000003,0.363149,0.053323999999999996,1025822720,NA,NA,NA,NA,NA,NA,NA,NA,11457352,5690734,153602,512,388033e7552b3b3255277a47381a62d5067155e67b74e663ad0ac019ed72fc50,1585,0,191,7
0,25,0,0,3,0.060225196000000002,0.041535999999999997,0.006927,179216384,NA,NA,NA,NA,NA,NA,NA,NA,1968568,2240463,32773,1,c491f4791a93a71124b9219b05e718490cf6bd1c68b1ec8fc6a6550e31f844b1,1120,0,44,4
0,25,1,1,3,0.060176435,0.031959000000000001,0.015979999999999998,179281920,NA,NA,NA,NA,NA,NA,NA,NA,1968568,2240463,32773,1,c491f4791a93a71124b9219b05e718490cf6bd1c68b1ec8fc6a6550e31f844b1,1122,0,46,4
0,25,0,0,0,0.019310172,0.0041619999999999999,0.004163,55693312,NA,NA,NA,NA,NA,NA,NA,NA,2408,135,5,1,3d4d37e7dcef36139698862d60d536450dfb480779ac0676046a82e065e8af0f,585,0,11,3
0,25,1,1,0,0.019272178000000001,0.0082550000000000002,0,55570432,NA,NA,NA,NA,NA,NA,NA,NA,2408,135,5,1,3d4d37e7dcef36139698862d60d536450dfb480779ac0676046a82e065e8af0f,585,0,9,3
0,25,0,0,4,0.20074403200000002,0.16774500000000001,0.01341,428572672,NA,NA,NA,NA,NA,NA,NA,NA,5833440,1882629,26625,512,0f41e20848de6408cce7b1c5f57f0212c9401233ca75c7b6652c8ea62bfcd43f,1279,0,133,6
0,25,1,1,4,0.19814547200000002,0.15510099999999999,0.023597999999999997,428216320,NA,NA,NA,NA,NA,NA,NA,NA,5833440,1882629,26625,512,0f41e20848de6408cce7b1c5f57f0212c9401233ca75c7b6652c8ea62bfcd43f,1233,0,176,5
0,25,0,0,1,0.055734041000000005,0.044165999999999997,0,156377088,NA,NA,NA,NA,NA,NA,NA,NA,994016,407679,8197,1,76f10b65f44b546f736cef2848789238eb7a5f77ce08b564ccca55b5bdc08f36,1080,0,21,3
0,25,1,1,1,0.055182287000000003,0.036917999999999999,0.0067099999999999998,156409856,NA,NA,NA,NA,NA,NA,NA,NA,994016,407679,8197,1,76f10b65f44b546f736cef2848789238eb7a5f77ce08b564ccca55b5bdc08f36,1081,0,40,3
0,25,0,1,2,0.041112373000000001,0.022977999999999998,0.0065719999999999997,131166208,NA,NA,NA,NA,NA,NA,NA,NA,837856,318511,16385,4096,b4f737276339a7626b246c204b626e79f9d9ec0f1f160233a5aa1c27728af83f,1069,0,26,4
0,25,1,0,2,0.041198014000000005,0.023158999999999999,0.0065989999999999998,131129344,NA,NA,NA,NA,NA,NA,NA,NA,837856,318511,16385,4096,b4f737276339a7626b246c204b626e79f9d9ec0f1f160233a5aa1c27728af83f,1083,0,29,4
0,26,0,1,4,0.19841030900000001,0.165601,0.01325,428548096,NA,NA,NA,NA,NA,NA,NA,NA,5833440,1882629,26625,512,0f41e20848de6408cce7b1c5f57f0212c9401233ca75c7b6652c8ea62bfcd43f,794,0,112,5
0,26,1,0,4,0.198294631,0.15556599999999998,0.023171999999999998,428326912,NA,NA,NA,NA,NA,NA,NA,NA,5833440,1882629,26625,512,0f41e20848de6408cce7b1c5f57f0212c9401233ca75c7b6652c8ea62bfcd43f,1235,0,133,5
0,26,0,1,0,0.019869109000000003,0.0028279999999999998,0.0056470000000000001,55529472,NA,NA,NA,NA,NA,NA,NA,NA,2408,135,5,1,3d4d37e7dcef36139698862d60d536450dfb480779ac0676046a82e065e8af0f,586,0,11,3
0,26,1,0,0,0.020371521,0.0042269999999999999,0.0042189999999999997,55218176,NA,NA,NA,NA,NA,NA,NA,NA,2408,135,5,1,3d4d37e7dcef36139698862d60d536450dfb480779ac0676046a82e065e8af0f,1026,0,11,4
0,26,0,1,1,0.055780148000000002,0.037321,0.0067979999999999994,156372992,NA,NA,NA,NA,NA,NA,NA,NA,994016,407679,8197,1,76f10b65f44b546f736cef2848789238eb7a5f77ce08b564ccca55b5bdc08f36,1081,0,18,5
0,26,1,0,1,0.056365784000000002,0.037711000000000001,0.006829,156377088,NA,NA,NA,NA,NA,NA,NA,NA,994016,407679,8197,1,76f10b65f44b546f736cef2848789238eb7a5f77ce08b564ccca55b5bdc08f36,1080,0,41,3
0,26,0,0,5,0.44274957300000001,0.38344699999999998,0.030008,1025675264,NA,NA,NA,NA,NA,NA,NA,NA,11457352,5690734,153602,512,388033e7552b3b3255277a47381a62d5067155e67b74e663ad0ac019ed72fc50,1581,0,159,5
0,26,1,1,5,0.45148085300000002,0.37345999999999996,0.040379999999999999,1025847296,NA,NA,NA,NA,NA,NA,NA,NA,11457352,5690734,153602,512,388033e7552b3b3255277a47381a62d5067155e67b74e663ad0ac019ed72fc50,1137,0,185,6
0,26,0,1,3,0.060169001000000007,0.037839999999999999,0.010328,179286016,NA,NA,NA,NA,NA,NA,NA,NA,1968568,2240463,32773,1,c491f4791a93a71124b9219b05e718490cf6bd1c68b1ec8fc6a6550e31f844b1,1144,0,53,5
0,26,1,0,3,0.059570419000000006,0.038358999999999997,0.0096019999999999994,179478528,NA,NA,NA,NA,NA,NA,NA,NA,1968568,2240463,32773,1,c491f4791a93a71124b9219b05e718490cf6bd1c68b1ec8fc6a6550e31f844b1,680,0,71,4
0,26,0,0,2,0.041093187000000003,0.020805999999999998,0.0089230000000000004,131235840,NA,NA,NA,NA,NA,NA,NA,NA,837856,318511,16385,4096,b4f737276339a7626b246c204b626e79f9d9ec0f1f160233a5aa1c27728af83f,1083,0,24,5
0,26,1,1,2,0.040949338000000002,0.01984,0.00992,130994176,NA,NA,NA,NA,NA,NA,NA,NA,837856,318511,16385,4096,b4f737276339a7626b246c204b626e79f9d9ec0f1f160233a5aa1c27728af83f,1065,0,24,3
0,27,0,0,1,0.056325750000000001,0.037744,0.0068429999999999993,156557312,NA,NA,NA,NA,NA,NA,NA,NA,994016,407679,8197,1,76f10b65f44b546f736cef2848789238eb7a5f77ce08b564ccca55b5bdc08f36,1112,0,38,4
0,27,1,1,1,0.055430001000000007,0.031279999999999995,0.012494,156786688,NA,NA,NA,NA,NA,NA,NA,NA,994016,407679,8197,1,76f10b65f44b546f736cef2848789238eb7a5f77ce08b564ccca55b5bdc08f36,641,0,21,4
0,27,0,0,4,0.197327158,0.158139,0.019757999999999998,428490752,NA,NA,NA,NA,NA,NA,NA,NA,5833440,1882629,26625,512,0f41e20848de6408cce7b1c5f57f0212c9401233ca75c7b6652c8ea62bfcd43f,1236,0,185,5
0,27,1,1,4,0.19780407200000003,0.15498399999999998,0.023584999999999998,428347392,NA,NA,NA,NA,NA,NA,NA,NA,5833440,1882629,26625,512,0f41e20848de6408cce7b1c5f57f0212c9401233ca75c7b6652c8ea62bfcd43f,1259,0,159,3
0,27,0,0,0,0.018886398000000002,0.0027199999999999998,0.0054459999999999995,55537664,NA,NA,NA,NA,NA,NA,NA,NA,2408,135,5,1,3d4d37e7dcef36139698862d60d536450dfb480779ac0676046a82e065e8af0f,583,0,11,3
0,27,1,1,0,0.018632883000000003,0.0039699999999999996,0.0039839999999999997,55263232,NA,NA,NA,NA,NA,NA,NA,NA,2408,135,5,1,3d4d37e7dcef36139698862d60d536450dfb480779ac0676046a82e065e8af0f,1025,0,11,4
0,27,0,0,3,0.059951202000000002,0.041332999999999995,0.0068999999999999999,179359744,NA,NA,NA,NA,NA,NA,NA,NA,1968568,2240463,32773,1,c491f4791a93a71124b9219b05e718490cf6bd1c68b1ec8fc6a6550e31f844b1,1124,0,49,4
0,27,1,1,3,0.059732001000000007,0.041055000000000001,0.0068259999999999996,179126272,NA,NA,NA,NA,NA,NA,NA,NA,1968568,2240463,32773,1,c491f4791a93a71124b9219b05e718490cf6bd1c68b1ec8fc6a6550e31f844b1,1120,0,37,4
0,27,0,1,2,0.041260361000000002,0.023313,0.0066639999999999998,130879488,NA,NA,NA,NA,NA,NA,NA,NA,837856,318511,16385,4096,b4f737276339a7626b246c204b626e79f9d9ec0f1f160233a5aa1c27728af83f,1065,0,23,3
0,27,1,0,2,0.040492943000000003,0.022952999999999998,0.0065459999999999997,131313664,NA,NA,NA,NA,NA,NA,NA,NA,837856,318511,16385,4096,b4f737276339a7626b246c204b626e79f9d9ec0f1f160233a5aa1c27728af83f,625,0,24,3
0,27,0,1,5,0.43534494000000001,0.378251,0.036472999999999998,1026068480,NA,NA,NA,NA,NA,NA,NA,NA,11457352,5690734,153602,512,388033e7552b3b3255277a47381a62d5067155e67b74e663ad0ac019ed72fc50,1140,0,191,7
0,27,1,0,5,0.44246456900000003,0.36691299999999999,0.046695,1025597440,NA,NA,NA,NA,NA,NA,NA,NA,11457352,5690734,153602,512,388033e7552b3b3255277a47381a62d5067155e67b74e663ad0ac019ed72fc50,1579,0,253,6
0,28,0,0,5,0.44595593100000003,0.39022099999999998,0.023333,1025667072,NA,NA,NA,NA,NA,NA,NA,NA,11457352,5690734,153602,512,388033e7552b3b3255277a47381a62d5067155e67b74e663ad0ac019ed72fc50,1590,0,248,7
0,28,1,1,5,0.44021000600000004,0.37229299999999999,0.046944,1025646592,NA,NA,NA,NA,NA,NA,NA,NA,11457352,5690734,153602,512,388033e7552b3b3255277a47381a62d5067155e67b74e663ad0ac019ed72fc50,1604,0,95,9
0,28,0,0,4,0.19829917000000002,0.16223899999999999,0.016555,428597248,NA,NA,NA,NA,NA,NA,NA,NA,5833440,1882629,26625,512,0f41e20848de6408cce7b1c5f57f0212c9401233ca75c7b6652c8ea62bfcd43f,1274,0,163,5
0,28,1,1,4,0.19878557100000002,0.16276399999999999,0.016611000000000001,428666880,NA,NA,NA,NA,NA,NA,NA,NA,5833440,1882629,26625,512,0f41e20848de6408cce7b1c5f57f0212c9401233ca75c7b6652c8ea62bfcd43f,795,0,105,5
0,28,0,0,0,0.020097527,0.0044659999999999995,0.0044589999999999994,55496704,NA,NA,NA,NA,NA,NA,NA,NA,2408,135,5,1,3d4d37e7dcef36139698862d60d536450dfb480779ac0676046a82e065e8af0f,1042,0,11,4
0,28,1,1,0,0.018510514000000002,0.0052369999999999995,0.0026210000000000001,55443456,NA,NA,NA,NA,NA,NA,NA,NA,2408,135,5,1,3d4d37e7dcef36139698862d60d536450dfb480779ac0676046a82e065e8af0f,1031,0,14,3
0,28,0,1,1,0.055226760000000007,0.043539000000000001,0,156139520,NA,NA,NA,NA,NA,NA,NA,NA,994016,407679,8197,1,76f10b65f44b546f736cef2848789238eb7a5f77ce08b564ccca55b5bdc08f36,1077,0,43,5
0,28,1,0,1,0.055624385000000005,0.037225000000000001,0.0067659999999999994,156848128,NA,NA,NA,NA,NA,NA,NA,NA,994016,407679,8197,1,76f10b65f44b546f736cef2848789238eb7a5f77ce08b564ccca55b5bdc08f36,639,0,16,3
0,28,0,0,3,0.060639863000000002,0.045214999999999998,0.0034809999999999997,179556352,NA,NA,NA,NA,NA,NA,NA,NA,1968568,2240463,32773,1,c491f4791a93a71124b9219b05e718490cf6bd1c68b1ec8fc6a6550e31f844b1,681,0,18,4
0,28,1,1,3,0.059949910000000002,0.044644999999999997,0.0034379999999999997,179134464,NA,NA,NA,NA,NA,NA,NA,NA,1968568,2240463,32773,1,c491f4791a93a71124b9219b05e718490cf6bd1c68b1ec8fc6a6550e31f844b1,1122,0,41,5
0,28,0,0,2,0.041088909,0.026303999999999998,0.0032799999999999999,131022848,NA,NA,NA,NA,NA,NA,NA,NA,837856,318511,16385,4096,b4f737276339a7626b246c204b626e79f9d9ec0f1f160233a5aa1c27728af83f,1067,0,24,4
0,28,1,1,2,0.040967222000000005,0.029574999999999997,0,131248128,NA,NA,NA,NA,NA,NA,NA,NA,837856,318511,16385,4096,b4f737276339a7626b246c204b626e79f9d9ec0f1f160233a5aa1c27728af83f,1069,0,24,4
0,29,0,0,1,0.056344895000000006,0.034623000000000001,0.0094319999999999994,156262400,NA,NA,NA,NA,NA,NA,NA,NA,994016,407679,8197,1,76f10b65f44b546f736cef2848789238eb7a5f77ce08b564ccca55b5bdc08f36,1078,0,25,3
0,29,1,1,1,0.055231720000000005,0.043522999999999999,0,156516352,NA,NA,NA,NA,NA,NA,NA,NA,994016,407679,8197,1,76f10b65f44b546f736cef2848789238eb7a5f77ce08b564ccca55b5bdc08f36,1084,0,46,5
0,29,0,1,4,0.197153461,0.15437999999999999,0.023483,428474368,NA,NA,NA,NA,NA,NA,NA,NA,5833440,1882629,26625,512,0f41e20848de6408cce7b1c5f57f0212c9401233ca75c7b6652c8ea62bfcd43f,784,0,175,5
0,29,1,0,4,0.19774229400000001,0.17169299999999998,0.0067369999999999999,428335104,NA,NA,NA,NA,NA,NA,NA,NA,5833440,1882629,26625,512,0f41e20848de6408cce7b1c5f57f0212c9401233ca75c7b6652c8ea62bfcd43f,1235,0,149,5
0,29,0,1,3,0.059854501000000004,0.034396999999999997,0.013772,179294208,NA,NA,NA,NA,NA,NA,NA,NA,1968568,2240463,32773,1,c491f4791a93a71124b9219b05e718490cf6bd1c68b1ec8fc6a6550e31f844b1,1124,0,38,4
0,29,1,0,3,0.061238585000000005,0.042279999999999998,0.0070499999999999998,178995200,NA,NA,NA,NA,NA,NA,NA,NA,1968568,2240463,32773,1,c491f4791a93a71124b9219b05e718490cf6bd1c68b1ec8fc6a6550e31f844b1,1118,0,45,3
0,29,0,1,2,0.04084376,0.023022999999999998,0.0065779999999999996,131592192,NA,NA,NA,NA,NA,NA,NA,NA,837856,318511,16385,4096,b4f737276339a7626b246c204b626e79f9d9ec0f1f160233a5aa1c27728af83f,630,0,24,3
0,29,1,0,2,0.041256995000000005,0.019959999999999999,0.0099569999999999988,131211264,NA,NA,NA,NA,NA,NA,NA,NA,837856,318511,16385,4096,b4f737276339a7626b246c204b626e79f9d9ec0f1f160233a5aa1c27728af83f,1069,0,27,4
0,29,0,1,5,0.43550473900000003,0.37783,0.036781999999999995,1025769472,NA,NA,NA,NA,NA,NA,NA,NA,11457352,5690734,153602,512,388033e7552b3b3255277a47381a62d5067155e67b74e663ad0ac019ed72fc50,1585,0,153,7
0,29,1,0,5,0.44196233700000004,0.36010899999999996,0.052861999999999999,1025691648,NA,NA,NA,NA,NA,NA,NA,NA,11457352,5690734,153602,512,388033e7552b3b3255277a47381a62d5067155e67b74e663ad0ac019ed72fc50,1581,0,187,6
0,29,0,1,0,0.019026451,0.0082690000000000003,0,55115776,NA,NA,NA,NA,NA,NA,NA,NA,2408,135,5,1,3d4d37e7dcef36139698862d60d536450dfb480779ac0676046a82e065e8af0f,1026,0,10,3
0,29,1,0,0,0.019796535000000001,0.0055880000000000001,0.0027919999999999998,55304192,NA,NA,NA,NA,NA,NA,NA,NA,2408,135,5,1,3d4d37e7dcef36139698862d60d536450dfb480779ac0676046a82e065e8af0f,1026,0,10,4
0,30,0,0,0,0.01855099,0.0051609999999999998,0.0025829999999999998,55234560,NA,NA,NA,NA,NA,NA,NA,NA,2408,135,5,1,3d4d37e7dcef36139698862d60d536450dfb480779ac0676046a82e065e8af0f,1025,0,11,3
0,30,1,1,0,0.018602155000000002,0.0078630000000000002,0,55537664,NA,NA,NA,NA,NA,NA,NA,NA,2408,135,5,1,3d4d37e7dcef36139698862d60d536450dfb480779ac0676046a82e065e8af0f,583,0,11,3
0,30,0,1,1,0.055918667000000005,0.037224,0.006777,156504064,NA,NA,NA,NA,NA,NA,NA,NA,994016,407679,8197,1,76f10b65f44b546f736cef2848789238eb7a5f77ce08b564ccca55b5bdc08f36,1083,0,34,6
0,30,1,0,1,0.055499070000000005,0.033953999999999998,0.010185,156598272,NA,NA,NA,NA,NA,NA,NA,NA,994016,407679,8197,1,76f10b65f44b546f736cef2848789238eb7a5f77ce08b564ccca55b5bdc08f36,638,0,19,3
0,30,0,0,3,0.060255983000000006,0.035456000000000001,0.012869,179245056,NA,NA,NA,NA,NA,NA,NA,NA,1968568,2240463,32773,1,c491f4791a93a71124b9219b05e718490cf6bd1c68b1ec8fc6a6550e31f844b1,1122,0,40,4
0,30,1,1,3,0.060159172000000004,0.038921999999999998,0.0097400000000000004,179077120,NA,NA,NA,NA,NA,NA,NA,NA,1968568,2240463,32773,1,c491f4791a93a71124b9219b05e718490cf6bd1c68b1ec8fc6a6550e31f844b1,1120,0,46,3
0,30,0,1,2,0.040998099000000003,0.023236999999999997,0.006646,131121152,NA,NA,NA,NA,NA,NA,NA,NA,837856,318511,16385,4096,b4f737276339a7626b246c204b626e79f9d9ec0f1f160233a5aa1c27728af83f,1067,0,19,3
0,30,1,0,2,0.041101583000000004,0.023819,0.00596,131125248,NA,NA,NA,NA,NA,NA,NA,NA,837856,318511,16385,4096,b4f737276339a7626b246c204b626e79f9d9ec0f1f160233a5aa1c27728af83f,1068,0,24,4
0,30,0,1,5,0.43886071700000001,0.38267499999999999,0.033260999999999999,1025671168,NA,NA,NA,NA,NA,NA,NA,NA,11457352,5690734,153602,512,388033e7552b3b3255277a47381a62d5067155e67b74e663ad0ac019ed72fc50,1583,0,226,9
0,30,1,0,5,0.434941462,0.36428299999999997,0.049682999999999998,1025609728,NA,NA,NA,NA,NA,NA,NA,NA,11457352,5690734,153602,512,388033e7552b3b3255277a47381a62d5067155e67b74e663ad0ac019ed72fc50,1580,0,225,6
0,30,0,0,4,0.20123917900000002,0.158277,0.023566999999999998,428388352,NA,NA,NA,NA,NA,NA,NA,NA,5833440,1882629,26625,512,0f41e20848de6408cce7b1c5f57f0212c9401233ca75c7b6652c8ea62bfcd43f,1234,0,165,7
0,30,1,1,4,0.19804323000000001,0.165323,0.013198999999999999,428408832,NA,NA,NA,NA,NA,NA,NA,NA,5833440,1882629,26625,512,0f41e20848de6408cce7b1c5f57f0212c9401233ca75c7b6652c8ea62bfcd43f,1239,0,132,5
0,31,0,1,4,0.19829791700000002,0.155607,0.023178999999999998,428306432,NA,NA,NA,NA,NA,NA,NA,NA,5833440,1882629,26625,512,0f41e20848de6408cce7b1c5f57f0212c9401233ca75c7b6652c8ea62bfcd43f,1241,0,133,5
0,31,1,0,4,0.19846229500000001,0.158468,0.019805,428576768,NA,NA,NA,NA,NA,NA,NA,NA,5833440,1882629,26625,512,0f41e20848de6408cce7b1c5f57f0212c9401233ca75c7b6652c8ea62bfcd43f,1250,0,151,6
0,31,0,1,3,0.064822240000000003,0.044581999999999997,0.0034329999999999999,179490816,NA,NA,NA,NA,NA,NA,NA,NA,1968568,2240463,32773,1,c491f4791a93a71124b9219b05e718490cf6bd1c68b1ec8fc6a6550e31f844b1,680,0,44,5
0,31,1,0,3,0.060497927000000007,0.034930999999999997,0.013966999999999999,179253248,NA,NA,NA,NA,NA,NA,NA,NA,1968568,2240463,32773,1,c491f4791a93a71124b9219b05e718490cf6bd1c68b1ec8fc6a6550e31f844b1,1121,0,25,4
0,31,0,1,0,0.018802311000000002,0.0040639999999999999,0.0040720000000000001,55586816,NA,NA,NA,NA,NA,NA,NA,NA,2408,135,5,1,3d4d37e7dcef36139698862d60d536450dfb480779ac0676046a82e065e8af0f,586,0,14,3
0,31,1,0,0,0.018556731,0.0052459999999999998,0.0026249999999999997,55320576,NA,NA,NA,NA,NA,NA,NA,NA,2408,135,5,1,3d4d37e7dcef36139698862d60d536450dfb480779ac0676046a82e065e8af0f,1065,0,12,3
0,31,0,0,1,0.055622070000000003,0.040850999999999998,0.003143,156176384,NA,NA,NA,NA,NA,NA,NA,NA,994016,407679,8197,1,76f10b65f44b546f736cef2848789238eb7a5f77ce08b564ccca55b5bdc08f36,1078,0,33,3
0,31,1,1,1,0.055622150000000002,0.033815999999999999,0.010135,156758016,NA,NA,NA,NA,NA,NA,NA,NA,994016,407679,8197,1,76f10b65f44b546f736cef2848789238eb7a5f77ce08b564ccca55b5bdc08f36,640,0,40,5
0,31,0,0,2,0.041149543000000004,0.016548,0.013245999999999999,131305472,NA,NA,NA,NA,NA,NA,NA,NA,837856,318511,16385,4096,b4f737276339a7626b246c204b626e79f9d9ec0f1f160233a5aa1c27728af83f,1070,0,28,3
0,31,1,1,2,0.041177355000000006,0.020874,0.0089449999999999998,131424256,NA,NA,NA,NA,NA,NA,NA,NA,837856,318511,16385,4096,b4f737276339a7626b246c204b626e79f9d9ec0f1f160233a5aa1c27728af83f,629,0,28,4
0,31,0,0,5,0.44343598000000001,0.36342399999999997,0.050022999999999998,1026027520,NA,NA,NA,NA,NA,NA,NA,NA,11457352,5690734,153602,512,388033e7552b3b3255277a47381a62d5067155e67b74e663ad0ac019ed72fc50,1139,0,232,6
0,31,1,1,5,0.45040829300000002,0.36113799999999996,0.053002999999999995,1025961984,NA,NA,NA,NA,NA,NA,NA,NA,11457352,5690734,153602,512,388033e7552b3b3255277a47381a62d5067155e67b74e663ad0ac019ed72fc50,1137,0,223,8
0,32,0,0,2,0.04081738,0.020801,0.0089109999999999988,131178496,NA,NA,NA,NA,NA,NA,NA,NA,837856,318511,16385,4096,b4f737276339a7626b246c204b626e79f9d9ec0f1f160233a5aa1c27728af83f,1068,0,20,4
0,32,1,1,2,0.040606035000000006,0.019668999999999999,0.0098399999999999998,131473408,NA,NA,NA,NA,NA,NA,NA,NA,837856,318511,16385,4096,b4f737276339a7626b246c204b626e79f9d9ec0f1f160233a5aa1c27728af83f,628,0,17,3
0,32,0,1,1,0.055792219000000004,0.037383,0.0068009999999999998,156205056,NA,NA,NA,NA,NA,NA,NA,NA,994016,407679,8197,1,76f10b65f44b546f736cef2848789238eb7a5f77ce08b564ccca55b5bdc08f36,1077,0,19,5
0,32,1,0,1,0.055410665000000005,0.037102999999999997,0.006744,156459008,NA,NA,NA,NA,NA,NA,NA,NA,994016,407679,8197,1,76f10b65f44b546f736cef2848789238eb7a5f77ce08b564ccca55b5bdc08f36,1082,0,24,3
0,32,0,0,5,0.443144011,0.38398699999999997,0.030053999999999997,1025925120,NA,NA,NA,NA,NA,NA,NA,NA,11457352,5690734,153602,512,388033e7552b3b3255277a47381a62d5067155e67b74e663ad0ac019ed72fc50,1612,0,169,7
0,32,1,1,5,0.45853228700000004,0.36785499999999999,0.046814999999999996,1025683456,NA,NA,NA,NA,NA,NA,NA,NA,11457352,5690734,153602,512,388033e7552b3b3255277a47381a62d5067155e67b74e663ad0ac019ed72fc50,1584,0,269,4
0,32,0,0,3,0.064127007999999999,0.041454999999999999,0.006914,179171328,NA,NA,NA,NA,NA,NA,NA,NA,1968568,2240463,32773,1,c491f4791a93a71124b9219b05e718490cf6bd1c68b1ec8fc6a6550e31f844b1,1121,0,32,3
0,32,1,1,3,0.072146573000000006,0.034909999999999997,0.012695,179306496,NA,NA,NA,NA,NA,NA,NA,NA,1968568,2240463,32773,1,c491f4791a93a71124b9219b05e718490cf6bd1c68b1ec8fc6a6550e31f844b1,1150,0,28,4
0,32,0,0,4,0.190190045,0.16177999999999998,0.016850999999999998,428822528,NA,NA,NA,NA,NA,NA,NA,NA,5833440,1882629,26625,512,0f41e20848de6408cce7b1c5f57f0212c9401233ca75c7b6652c8ea62bfcd43f,796,0,143,5
0,32,1,1,4,0.19813259700000002,0.15907099999999999,0.019876999999999999,428613632,NA,NA,NA,NA,NA,NA,NA,NA,5833440,1882629,26625,512,0f41e20848de6408cce7b1c5f57f0212c9401233ca75c7b6652c8ea62bfcd43f,1276,0,132,5
0,32,0,1,0,0.022702709000000001,0.0040730000000000002,0.0040790000000000002,55603200,NA,NA,NA,NA,NA,NA,NA,NA,2408,135,5,1,3d4d37e7dcef36139698862d60d536450dfb480779ac0676046a82e065e8af0f,584,0,11,3
0,32,1,0,0,0.019314700000000001,0.0056309999999999997,0.0028119999999999998,55193600,NA,NA,NA,NA,NA,NA,NA,NA,2408,135,5,1,3d4d37e7dcef36139698862d60d536450dfb480779ac0676046a82e065e8af0f,1025,0,10,4
0,33,0,1,3,0.059773540000000007,0.038212999999999997,0.0095599999999999991,179429376,NA,NA,NA,NA,NA,NA,NA,NA,1968568,2240463,32773,1,c491f4791a93a71124b9219b05e718490cf6bd1c68b1ec8fc6a6550e31f844b1,679,0,74,4
0,33,1,0,3,0.059685575000000005,0.037789999999999997,0.010303,179179520,NA,NA,NA,NA,NA,NA,NA,NA,1968568,2240463,32773,1,c491f4791a93a71124b9219b05e718490cf6bd1c68b1ec8fc6a6550e31f844b1,1121,0,30,3
0,33,0,1,2,0.041086926000000003,0.026015999999999997,0.003718,131428352,NA,NA,NA,NA,NA,NA,NA,NA,837856,318511,16385,4096,b4f737276339a7626b246c204b626e79f9d9ec0f1f160233a5aa1c27728af83f,627,0,24,3
0,33,1,0,2,0.041014399999999999,0.026397999999999998,0.0033019999999999998,131350528,NA,NA,NA,NA,NA,NA,NA,NA,837856,318511,16385,4096,b4f737276339a7626b246c204b626e79f9d9ec0f1f160233a5aa1c27728af83f,628,0,17,5
0,33,0,1,5,0.43593126800000004,0.36866599999999999,0.046495999999999996,1025556480,NA,NA,NA,NA,NA,NA,NA,NA,11457352,5690734,153602,512,388033e7552b3b3255277a47381a62d5067155e67b74e663ad0ac019ed72fc50,1577,0,100,8
0,33,1,0,5,0.43472109000000003,0.36017099999999996,0.053865999999999997,1025777664,NA,NA,NA,NA,NA,NA,NA,NA,11457352,5690734,153602,512,388033e7552b3b3255277a47381a62d5067155e67b74e663ad0ac019ed72fc50,1583,0,151,5
0,33,0,1,4,0.20328147500000002,0.15939899999999999,0.019928999999999999,428433408,NA,NA,NA,NA,NA,NA,NA,NA,5833440,1882629,26625,512,0f41e20848de6408cce7b1c5f57f0212c9401233ca75c7b6652c8ea62bfcd43f,1239,0,108,6
0,33,1,0,4,0.19871100100000003,0.159112,0.020295999999999998,428494848,NA,NA,NA,NA,NA,NA,NA,NA,5833440,1882629,26625,512,0f41e20848de6408cce7b1c5f57f0212c9401233ca75c7b6652c8ea62bfcd43f,1236,0,150,7
0,33,0,0,1,0.055631129000000001,0.044345999999999997,0,156356608,NA,NA,NA,NA,NA,NA,NA,NA,994016,407679,8197,1,76f10b65f44b546f736cef2848789238eb7a5f77ce08b564ccca55b5bdc08f36,1079,0,18,2
0,33,1,1,1,0.055110883000000006,0.031276999999999999,0.012503999999999999,156123136,NA,NA,NA,NA,NA,NA,NA,NA,994016,407679,8197,1,76f10b65f44b546f736cef2848789238eb7a5f77ce08b564ccca55b5bdc08f36,1076,0,18,3
0,33,0,0,0,0.018590163,0.0079919999999999991,0,55103488,NA,NA,NA,NA,NA,NA,NA,NA,2408,135,5,1,3d4d37e7dcef36139698862d60d536450dfb480779ac0676046a82e065e8af0f,1023,0,12,3
0,33,1,1,0,0.018341486000000001,0.003888,0.0038899999999999998,55341056,NA,NA,NA,NA,NA,NA,NA,NA,2408,135,5,1,3d4d37e7dcef36139698862d60d536450dfb480779ac0676046a82e065e8af0f,1027,0,11,3
0,34,0,1,5,0.44942752700000005,0.36744899999999997,0.052971999999999998,1025900544,NA,NA,NA,NA,NA,NA,NA,NA,11457352,5690734,153602,512,388033e7552b3b3255277a47381a62d5067155e67b74e663ad0ac019ed72fc50,1586,0,204,8
0,34,1,0,5,0.446559282,0.37995399999999996,0.033335999999999998,1025761280,NA,NA,NA,NA,NA,NA,NA,NA,11457352,5690734,153602,512,388033e7552b3b3255277a47381a62d5067155e67b74e663ad0ac019ed72fc50,1585,0,160,5
0,34,0,1,2,0.040901098000000004,0.022387999999999998,0.0074679999999999998,131108864,NA,NA,NA,NA,NA,NA,NA,NA,837856,318511,16385,4096,b4f737276339a7626b246c204b626e79f9d9ec0f1f160233a5aa1c27728af83f,1064,0,24,4
0,34,1,0,2,0.040636863000000002,0.022050999999999998,0.0073529999999999993,131268608,NA,NA,NA,NA,NA,NA,NA,NA,837856,318511,16385,4096,b4f737276339a7626b246c204b626e79f9d9ec0f1f160233a5aa1c27728af83f,1091,0,27,3
0,34,0,0,3,0.060063914000000003,0.037923999999999999,0.010355,179585024,NA,NA,NA,NA,NA,NA,NA,NA,1968568,2240463,32773,1,c491f4791a93a71124b9219b05e718490cf6bd1c68b1ec8fc6a6550e31f844b1,681,0,44,5
0,34,1,1,3,0.060040139000000006,0.038723,0.0096879999999999987,179281920,NA,NA,NA,NA,NA,NA,NA,NA,1968568,2240463,32773,1,c491f4791a93a71124b9219b05e718490cf6bd1c68b1ec8fc6a6550e31f844b1,1123,0,38,5
0,34,0,0,0,0.019063299000000002,0.002797,0.0055929999999999999,55312384,NA,NA,NA,NA,NA,NA,NA,NA,2408,135,5,1,3d4d37e7dcef36139698862d60d536450dfb480779ac0676046a82e065e8af0f,1028,0,12,2
0,34,1,1,0,0.019230602000000003,0.0054900000000000001,0.0027399999999999998,55246848,NA,NA,NA,NA,NA,NA,NA,NA,2408,135,5,1,3d4d37e7dcef36139698862d60d536450dfb480779ac0676046a82e065e8af0f,1026,0,13,3
0,34,0,0,4,0.20747502200000001,0.16075799999999998,0.016723999999999999,428699648,NA,NA,NA,NA,NA,NA,NA,NA,5833440,1882629,26625,512,0f41e20848de6408cce7b1c5f57f0212c9401233ca75c7b6652c8ea62bfcd43f,795,0,128,7
0,34,1,1,4,0.19753319400000002,0.15825899999999998,0.020208999999999998,428519424,NA,NA,NA,NA,NA,NA,NA,NA,5833440,1882629,26625,512,0f41e20848de6408cce7b1c5f57f0212c9401233ca75c7b6652c8ea62bfcd43f,1238,0,164,6
0,34,0,1,1,0.056190656000000005,0.037740999999999997,0.0068469999999999998,156696576,NA,NA,NA,NA,NA,NA,NA,NA,994016,407679,8197,1,76f10b65f44b546f736cef2848789238eb7a5f77ce08b564ccca55b5bdc08f36,640,0,47,4
0,34,1,0,1,0.055487849000000006,0.025079999999999998,0.018820999999999997,156336128,NA,NA,NA,NA,NA,NA,NA,NA,994016,407679,8197,1,76f10b65f44b546f736cef2848789238eb7a5f77ce08b564ccca55b5bdc08f36,636,0,17,5
0,35,0,0,5,0.43604588300000002,0.372145,0.043213000000000001,1026064384,NA,NA,NA,NA,NA,NA,NA,NA,11457352,5690734,153602,512,388033e7552b3b3255277a47381a62d5067155e67b74e663ad0ac019ed72fc50,1143,0,172,5
0,35,1,1,5,0.43433574800000002,0.36336099999999999,0.050013999999999996,1025929216,NA,NA,NA,NA,NA,NA,NA,NA,11457352,5690734,153602,512,388033e7552b3b3255277a47381a62d5067155e67b74e663ad0ac019ed72fc50,1140,0,181,7
0,35,0,0,1,0.056242544000000005,0.041206,0.0034219999999999997,156532736,NA,NA,NA,NA,NA,NA,NA,NA,994016,407679,8197,1,76f10b65f44b546f736cef2848789238eb7a5f77ce08b564ccca55b5bdc08f36,1083,0,29,5
0,35,1,1,1,0.055244493000000006,0.040278999999999995,0.0033609999999999998,156409856,NA,NA,NA,NA,NA,NA,NA,NA,994016,407679,8197,1,76f10b65f44b546f736cef2848789238eb7a5f77ce08b564ccca55b5bdc08f36,1084,0,21,4
0,35,0,1,0,0.018524931000000001,0.0078789999999999989,0,55336960,NA,NA,NA,NA,NA,NA,NA,NA,2408,135,5,1,3d4d37e7dcef36139698862d60d536450dfb480779ac0676046a82e065e8af0f,1028,0,12,3
0,35,1,0,0,0.018292845000000002,0.0076859999999999993,0,55406592,NA,NA,NA,NA,NA,NA,NA,NA,2408,135,5,1,3d4d37e7dcef36139698862d60d536450dfb480779ac0676046a82e065e8af0f,1026,0,11,3
0,35,0,1,4,0.19652415300000001,0.15753200000000001,0.019691999999999998,428404736,NA,NA,NA,NA,NA,NA,NA,NA,5833440,1882629,26625,512,0f41e20848de6408cce7b1c5f57f0212c9401233ca75c7b6652c8ea62bfcd43f,1238,0,155,6
0,35,1,0,4,0.19837877800000001,0.15890399999999999,0.020282999999999999,428544000,NA,NA,NA,NA,NA,NA,NA,NA,5833440,1882629,26625,512,0f41e20848de6408cce7b1c5f57f0212c9401233ca75c7b6652c8ea62bfcd43f,1239,0,131,4
0,35,0,1,3,0.059475992000000005,0.047751999999999996,0,179490816,NA,NA,NA,NA,NA,NA,NA,NA,1968568,2240463,32773,1,c491f4791a93a71124b9219b05e718490cf6bd1c68b1ec8fc6a6550e31f844b1,681,0,33,3
0,35,1,0,3,0.059930834000000002,0.037817999999999997,0.010326999999999999,179138560,NA,NA,NA,NA,NA,NA,NA,NA,1968568,2240463,32773,1,c491f4791a93a71124b9219b05e718490cf6bd1c68b1ec8fc6a6550e31f844b1,674,0,47,3
0,35,0,0,2,0.040629379,0.025821,0.0036909999999999998,131395584,NA,NA,NA,NA,NA,NA,NA,NA,837856,318511,16385,4096,b4f737276339a7626b246c204b626e79f9d9ec0f1f160233a5aa1c27728af83f,626,0,21,4
0,35,1,1,2,0.040652212,0.019657999999999998,0.0098319999999999987,131076096,NA,NA,NA,NA,NA,NA,NA,NA,837856,318511,16385,4096,b4f737276339a7626b246c204b626e79f9d9ec0f1f160233a5aa1c27728af83f,1068,0,20,4
0,36,0,0,1,0.055687353000000002,0.037315999999999995,0.0067869999999999996,156127232,NA,NA,NA,NA,NA,NA,NA,NA,994016,407679,8197,1,76f10b65f44b546f736cef2848789238eb7a5f77ce08b564ccca55b5bdc08f36,1076,0,42,5
0,36,1,1,1,0.055061311000000002,0.040311,0.0033569999999999997,156225536,NA,NA,NA,NA,NA,NA,NA,NA,994016,407679,8197,1,76f10b65f44b546f736cef2848789238eb7a5f77ce08b564ccca55b5bdc08f36,1079,0,21,4
0,36,0,1,5,0.44204837000000002,0.36850099999999997,0.053113999999999995,1025568768,NA,NA,NA,NA,NA,NA,NA,NA,11457352,5690734,153602,512,388033e7552b3b3255277a47381a62d5067155e67b74e663ad0ac019ed72fc50,1581,0,264,7
0,36,1,0,5,0.44482523200000001,0.36265599999999998,0.053212999999999996,1026134016,NA,NA,NA,NA,NA,NA,NA,NA,11457352,5690734,153602,512,388033e7552b3b3255277a47381a62d5067155e67b74e663ad0ac019ed72fc50,1142,0,206,7
0,36,0,1,4,0.19803150700000002,0.155477,0.023164999999999998,428392448,NA,NA,NA,NA,NA,NA,NA,NA,5833440,1882629,26625,512,0f41e20848de6408cce7b1c5f57f0212c9401233ca75c7b6652c8ea62bfcd43f,1235,0,104,5
0,36,1,0,4,0.197434208,0.16159999999999999,0.016489,428544000,NA,NA,NA,NA,NA,NA,NA,NA,5833440,1882629,26625,512,0f41e20848de6408cce7b1c5f57f0212c9401233ca75c7b6652c8ea62bfcd43f,785,0,118,4
0,36,0,1,2,0.040688499000000003,0.02358,0.0058829999999999993,131174400,NA,NA,NA,NA,NA,NA,NA,NA,837856,318511,16385,4096,b4f737276339a7626b246c204b626e79f9d9ec0f1f160233a5aa1c27728af83f,1068,0,24,2
0,36,1,0,2,0.040766815000000005,0.017749999999999998,0.011850999999999999,131231744,NA,NA,NA,NA,NA,NA,NA,NA,837856,318511,16385,4096,b4f737276339a7626b246c204b626e79f9d9ec0f1f160233a5aa1c27728af83f,1067,0,22,4
0,36,0,0,0,0.019167396,0.0042119999999999996,0.0042179999999999995,55738368,NA,NA,NA,NA,NA,NA,NA,NA,2408,135,5,1,3d4d37e7dcef36139698862d60d536450dfb480779ac0676046a82e065e8af0f,584,0,11,4
0,36,1,1,0,0.019347293000000002,0.0027169999999999998,0.0054199999999999995,55029760,NA,NA,NA,NA,NA,NA,NA,NA,2408,135,5,1,3d4d37e7dcef36139698862d60d536450dfb480779ac0676046a82e065e8af0f,1024,0,11,3
0,36,0,1,3,0.060040430000000006,0.044718999999999995,0.0034399999999999999,179277824,NA,NA,NA,NA,NA,NA,NA,NA,1968568,2240463,32773,1,c491f4791a93a71124b9219b05e718490cf6bd1c68b1ec8fc6a6550e31f844b1,1121,0,24,4
0,36,1,0,3,0.059887974000000004,0.038705999999999997,0.0096629999999999997,179568640,NA,NA,NA,NA,NA,NA,NA,NA,1968568,2240463,32773,1,c491f4791a93a71124b9219b05e718490cf6bd1c68b1ec8fc6a6550e31f844b1,683,0,35,4
0,37,0,0,3,0.060007197000000005,0.035366999999999996,0.012879,179658752,NA,NA,NA,NA,NA,NA,NA,NA,1968568,2240463,32773,1,c491f4791a93a71124b9219b05e718490cf6bd1c68b1ec8fc6a6550e31f844b1,682,0,55,4
0,37,1,1,3,0.059821389000000003,0.041739999999999999,0.006424,179228672,NA,NA,NA,NA,NA,NA,NA,NA,1968568,2240463,32773,1,c491f4791a93a71124b9219b05e718490cf6bd1c68b1ec8fc6a6550e31f844b1,1122,0,50,3
0,37,0,1,1,0.055644843000000006,0.033895999999999996,0.010177,156352512,NA,NA,NA,NA,NA,NA,NA,NA,994016,407679,8197,1,76f10b65f44b546f736cef2848789238eb7a5f77ce08b564ccca55b5bdc08f36,1081,0,36,5
0,37,1,0,1,0.055538955000000001,0.037100000000000001,0.0067479999999999997,156381184,NA,NA,NA,NA,NA,NA,NA,NA,994016,407679,8197,1,76f10b65f44b546f736cef2848789238eb7a5f77ce08b564ccca55b5bdc08f36,1081,0,21,3
0,37,0,0,5,0.42791871500000001,0.37257099999999999,0.042872,1025916928,NA,NA,NA,NA,NA,NA,NA,NA,11457352,5690734,153602,512,388033e7552b3b3255277a47381a62d5067155e67b74e663ad0ac019ed72fc50,1140,0,234,7
0,37,1,1,5,0.44419571400000002,0.37221799999999999,0.043182999999999999,1025642496,NA,NA,NA,NA,NA,NA,NA,NA,11457352,5690734,153602,512,388033e7552b3b3255277a47381a62d5067155e67b74e663ad0ac019ed72fc50,1581,0,128,7
0,37,0,0,2,0.040622185000000005,0.025838,0.003686,131297280,NA,NA,NA,NA,NA,NA,NA,NA,837856,318511,16385,4096,b4f737276339a7626b246c204b626e79f9d9ec0f1f160233a5aa1c27728af83f,1069,0,21,3
0,37,1,1,2,0.041166154000000003,0.023328999999999999,0.0066649999999999999,131223552,NA,NA,NA,NA,NA,NA,NA,NA,837856,318511,16385,4096,b4f737276339a7626b246c204b626e79f9d9ec0f1f160233a5aa1c27728af83f,1074,0,32,3
0,37,0,1,0,0.018682376000000001,0.0027309999999999999,0.0054640000000000001,55611392,NA,NA,NA,NA,NA,NA,NA,NA,2408,135,5,1,3d4d37e7dcef36139698862d60d536450dfb480779ac0676046a82e065e8af0f,584,0,13,2
0,37,1,0,0,0.018631581000000001,0.0080809999999999996,0,55320576,NA,NA,NA,NA,NA,NA,NA,NA,2408,135,5,1,3d4d37e7dcef36139698862d60d536450dfb480779ac0676046a82e065e8af0f,1048,0,12,3
0,37,0,0,4,0.197048104,0.15423299999999998,0.023476,428576768,NA,NA,NA,NA,NA,NA,NA,NA,5833440,1882629,26625,512,0f41e20848de6408cce7b1c5f57f0212c9401233ca75c7b6652c8ea62bfcd43f,1239,0,128,7
0,37,1,1,4,0.19782903900000001,0.15870099999999998,0.01984,428363776,NA,NA,NA,NA,NA,NA,NA,NA,5833440,1882629,26625,512,0f41e20848de6408cce7b1c5f57f0212c9401233ca75c7b6652c8ea62bfcd43f,1234,0,68,4
0,38,0,0,3,0.060863161000000006,0.039931000000000001,0.009219999999999999,179245056,NA,NA,NA,NA,NA,NA,NA,NA,1968568,2240463,32773,1,c491f4791a93a71124b9219b05e718490cf6bd1c68b1ec8fc6a6550e31f844b1,1121,0,39,4
0,38,1,1,3,0.059699651000000006,0.044358999999999996,0.0034149999999999996,179589120,NA,NA,NA,NA,NA,NA,NA,NA,1968568,2240463,32773,1,c491f4791a93a71124b9219b05e718490cf6bd1c68b1ec8fc6a6550e31f844b1,679,0,51,4
0,38,0,1,0,0.019633677000000002,0.0083090000000000004,0,55496704,NA,NA,NA,NA,NA,NA,NA,NA,2408,135,5,1,3d4d37e7dcef36139698862d60d536450dfb480779ac0676046a82e065e8af0f,584,0,10,2
0,38,1,0,0,0.020257796000000002,0.0021379999999999997,0.0064099999999999999,55123968,NA,NA,NA,NA,NA,NA,NA,NA,2408,135,5,1,3d4d37e7dcef36139698862d60d536450dfb480779ac0676046a82e065e8af0f,1024,0,11,4
0,38,0,0,2,0.040498403000000002,0.029343999999999999,0,131231744,NA,NA,NA,NA,NA,NA,NA,NA,837856,318511,16385,4096,b4f737276339a7626b246c204b626e79f9d9ec0f1f160233a5aa1c27728af83f,1072,0,29,2
0,38,1,1,2,0.040960580000000003,0.019788999999999998,0.0098989999999999998,131244032,NA,NA,NA,NA,NA,NA,NA,NA,837856,318511,16385,4096,b4f737276339a7626b246c204b626e79f9d9ec0f1f160233a5aa1c27728af83f,623,0,23,4
0,38,0,0,5,0.43859492800000005,0.36724199999999996,0.047177999999999998,1025650688,NA,NA,NA,NA,NA,NA,NA,NA,11457352,5690734,153602,512,388033e7552b3b3255277a47381a62d5067155e67b74e663ad0ac019ed72fc50,1582,0,201,8
0,38,1,1,5,0.43456686000000005,0.38082299999999997,0.033416000000000001,1026027520,NA,NA,NA,NA,NA,NA,NA,NA,11457352,5690734,153602,512,388033e7552b3b3255277a47381a62d5067155e67b74e663ad0ac019ed72fc50,1138,0,237,8
0,38,0,0,1,0.055787301000000004,0.037432,0.0068069999999999997,156839936,NA,NA,NA,NA,NA,NA,NA,NA,994016,407679,8197,1,76f10b65f44b546f736cef2848789238eb7a5f77ce08b564ccca55b5bdc08f36,642,0,23,5
0,38,1,1,1,0.055730224000000002,0.033798999999999996,0.010145,156356608,NA,NA,NA,NA,NA,NA,NA,NA,994016,407679,8197,1,76f10b65f44b546f736cef2848789238eb7a5f77ce08b564ccca55b5bdc08f36,1081,0,23,4
0,38,0,1,4,0.19678495300000001,0.151694,0.025786,428294144,NA,NA,NA,NA,NA,NA,NA,NA,5833440,1882629,26625,512,0f41e20848de6408cce7b1c5f57f0212c9401233ca75c7b6652c8ea62bfcd43f,1231,0,115,3
0,38,1,0,4,0.19737315400000002,0.157918,0.020150999999999999,428752896,NA,NA,NA,NA,NA,NA,NA,NA,5833440,1882629,26625,512,0f41e20848de6408cce7b1c5f57f0212c9401233ca75c7b6652c8ea62bfcd43f,796,0,131,5
0,39,0,1,3,0.060711246000000003,0.045178999999999997,0.0034789999999999999,179294208,NA,NA,NA,NA,NA,NA,NA,NA,1968568,2240463,32773,1,c491f4791a93a71124b9219b05e718490cf6bd1c68b1ec8fc6a6550e31f844b1,1120,0,21,5
0,39,1,0,3,0.060106763000000001,0.042133999999999998,0.0064909999999999994,179281920,NA,NA,NA,NA,NA,NA,NA,NA,1968568,2240463,32773,1,c491f4791a93a71124b9219b05e718490cf6bd1c68b1ec8fc6a6550e31f844b1,1122,0,43,4
0,39,0,1,5,0.43658760800000002,0.36990099999999998,0.046653,1025822720,NA,NA,NA,NA,NA,NA,NA,NA,11457352,5690734,153602,512,388033e7552b3b3255277a47381a62d5067155e67b74e663ad0ac019ed72fc50,1131,0,116,6
0,39,1,0,5,0.43439308500000001,0.340754,0.072800999999999991,1025695744,NA,NA,NA,NA,NA,NA,NA,NA,11457352,5690734,153602,512,388033e7552b3b3255277a47381a62d5067155e67b74e663ad0ac019ed72fc50,1582,0,259,4
0,39,0,0,0,0.019905178000000003,0.0028899999999999998,0.0057789999999999994,55443456,NA,NA,NA,NA,NA,NA,NA,NA,2408,135,5,1,3d4d37e7dcef36139698862d60d536450dfb480779ac0676046a82e065e8af0f,1027,0,10,3
0,39,1,1,0,0.018375280000000001,0.005215,0.0026129999999999999,55373824,NA,NA,NA,NA,NA,NA,NA,NA,2408,135,5,1,3d4d37e7dcef36139698862d60d536450dfb480779ac0676046a82e065e8af0f,1031,0,13,4
0,39,0,0,4,0.19761356500000002,0.165155,0.013200999999999999,428265472,NA,NA,NA,NA,NA,NA,NA,NA,5833440,1882629,26625,512,0f41e20848de6408cce7b1c5f57f0212c9401233ca75c7b6652c8ea62bfcd43f,1243,0,166,6
0,39,1,1,4,0.202552068,0.15815699999999999,0.019758999999999999,428363776,NA,NA,NA,NA,NA,NA,NA,NA,5833440,1882629,26625,512,0f41e20848de6408cce7b1c5f57f0212c9401233ca75c7b6652c8ea62bfcd43f,1237,0,154,5
0,39,0,1,2,0.040896770000000006,0.025881999999999999,0.0036979999999999999,131424256,NA,NA,NA,NA,NA,NA,NA,NA,837856,318511,16385,4096,b4f737276339a7626b246c204b626e79f9d9ec0f1f160233a5aa1c27728af83f,624,0,20,4
0,39,1,0,2,0.040723735000000004,0.022179999999999998,0.0073709999999999999,131391488,NA,NA,NA,NA,NA,NA,NA,NA,837856,318511,16385,4096,b4f737276339a7626b246c204b626e79f9d9ec0f1f160233a5aa1c27728af83f,623,0,22,3
0,39,0,1,1,0.055698945000000007,0.037227999999999997,0.006777,156430336,NA,NA,NA,NA,NA,NA,NA,NA,994016,407679,8197,1,76f10b65f44b546f736cef2848789238eb7a5f77ce08b564ccca55b5bdc08f36,1080,0,19,4
0,39,1,0,1,0.055634043000000001,0.037333999999999999,0.0067599999999999995,156348416,NA,NA,NA,NA,NA,NA,NA,NA,994016,407679,8197,1,76f10b65f44b546f736cef2848789238eb7a5f77ce08b564ccca55b5bdc08f36,1081,0,45,3
1,0,0,0,4,0.19876790600000002,0.162768,0.01661,428355584,NA,NA,NA,NA,NA,NA,NA,NA,5833440,1882629,26625,512,0f41e20848de6408cce7b1c5f57f0212c9401233ca75c7b6652c8ea62bfcd43f,1234,0,183,5
1,0,1,1,4,0.19849077800000001,0.15603300000000001,0.023243,428441600,NA,NA,NA,NA,NA,NA,NA,NA,5833440,1882629,26625,512,0f41e20848de6408cce7b1c5f57f0212c9401233ca75c7b6652c8ea62bfcd43f,1234,0,152,7
1,0,0,1,0,0.019790041000000001,0.0065680000000000001,0.0021839999999999997,55472128,NA,NA,NA,NA,NA,NA,NA,NA,2408,135,5,1,3d4d37e7dcef36139698862d60d536450dfb480779ac0676046a82e065e8af0f,1028,0,9,3
1,0,1,0,0,0.01865292,0.0052649999999999997,0.002637,55300096,NA,NA,NA,NA,NA,NA,NA,NA,2408,135,5,1,3d4d37e7dcef36139698862d60d536450dfb480779ac0676046a82e065e8af0f,1025,0,13,3
1,0,0,0,5,0.43479998700000005,0.36457899999999999,0.049694999999999996,1025871872,NA,NA,NA,NA,NA,NA,NA,NA,11457352,5690734,153602,512,388033e7552b3b3255277a47381a62d5067155e67b74e663ad0ac019ed72fc50,1585,0,173,7
1,0,1,1,5,0.43716195300000005,0.35298799999999997,0.063269999999999993,1025654784,NA,NA,NA,NA,NA,NA,NA,NA,11457352,5690734,153602,512,388033e7552b3b3255277a47381a62d5067155e67b74e663ad0ac019ed72fc50,1582,0,185,8
1,0,0,1,3,0.060299445000000007,0.041584999999999997,0.0069359999999999995,179240960,NA,NA,NA,NA,NA,NA,NA,NA,1968568,2240463,32773,1,c491f4791a93a71124b9219b05e718490cf6bd1c68b1ec8fc6a6550e31f844b1,1124,0,34,4
1,0,1,0,3,0.060729741000000004,0.039781999999999998,0.0091830000000000002,179089408,NA,NA,NA,NA,NA,NA,NA,NA,1968568,2240463,32773,1,c491f4791a93a71124b9219b05e718490cf6bd1c68b1ec8fc6a6550e31f844b1,1119,0,56,3
1,0,0,0,2,0.041075615000000003,0.023164000000000001,0.0066159999999999995,131194880,NA,NA,NA,NA,NA,NA,NA,NA,837856,318511,16385,4096,b4f737276339a7626b246c204b626e79f9d9ec0f1f160233a5aa1c27728af83f,1068,0,25,3
1,0,1,1,2,0.040888002999999999,0.020853,0.0089239999999999996,131362816,NA,NA,NA,NA,NA,NA,NA,NA,837856,318511,16385,4096,b4f737276339a7626b246c204b626e79f9d9ec0f1f160233a5aa1c27728af83f,627,0,19,4
1,0,0,0,1,0.055759768000000001,0.034185,0.010248999999999999,156180480,NA,NA,NA,NA,NA,NA,NA,NA,994016,407679,8197,1,76f10b65f44b546f736cef2848789238eb7a5f77ce08b564ccca55b5bdc08f36,1077,0,35,4
1,0,1,1,1,0.055493770000000005,0.034478000000000002,0.0094139999999999988,156168192,NA,NA,NA,NA,NA,NA,NA,NA,994016,407679,8197,1,76f10b65f44b546f736cef2848789238eb7a5f77ce08b564ccca55b5bdc08f36,1075,0,17,4
1,1,0,1,1,0.056717353000000005,0.032195000000000001,0.012860999999999999,156319744,NA,NA,NA,NA,NA,NA,NA,NA,994016,407679,8197,1,76f10b65f44b546f736cef2848789238eb7a5f77ce08b564ccca55b5bdc08f36,1080,0,36,2
1,1,1,0,1,0.055872620000000005,0.037447000000000001,0.0068119999999999995,156659712,NA,NA,NA,NA,NA,NA,NA,NA,994016,407679,8197,1,76f10b65f44b546f736cef2848789238eb7a5f77ce08b564ccca55b5bdc08f36,640,0,44,4
1,1,0,1,2,0.041066929000000002,0.023314999999999999,0.0066449999999999999,131158016,NA,NA,NA,NA,NA,NA,NA,NA,837856,318511,16385,4096,b4f737276339a7626b246c204b626e79f9d9ec0f1f160233a5aa1c27728af83f,1070,0,21,3
1,1,1,0,2,0.040992469000000004,0.019910000000000001,0.0099639999999999989,131194880,NA,NA,NA,NA,NA,NA,NA,NA,837856,318511,16385,4096,b4f737276339a7626b246c204b626e79f9d9ec0f1f160233a5aa1c27728af83f,1068,0,23,4
1,1,0,0,3,0.060124628000000006,0.042372,0.0064869999999999997,179298304,NA,NA,NA,NA,NA,NA,NA,NA,1968568,2240463,32773,1,c491f4791a93a71124b9219b05e718490cf6bd1c68b1ec8fc6a6550e31f844b1,1144,0,57,6
1,1,1,1,3,0.059944320000000002,0.044632999999999999,0.0034349999999999997,179105792,NA,NA,NA,NA,NA,NA,NA,NA,1968568,2240463,32773,1,c491f4791a93a71124b9219b05e718490cf6bd1c68b1ec8fc6a6550e31f844b1,1119,0,54,4
1,1,0,0,0,0.018880727,0.0055079999999999999,0.0027559999999999998,55726080,NA,NA,NA,NA,NA,NA,NA,NA,2408,135,5,1,3d4d37e7dcef36139698862d60d536450dfb480779ac0676046a82e065e8af0f,589,0,12,3
1,1,1,1,0,0.018484856000000001,0.0079690000000000004,0,55242752,NA,NA,NA,NA,NA,NA,NA,NA,2408,135,5,1,3d4d37e7dcef36139698862d60d536450dfb480779ac0676046a82e065e8af0f,1029,0,12,4
1,1,0,1,4,0.207782618,0.15498499999999998,0.023071999999999999,428343296,NA,NA,NA,NA,NA,NA,NA,NA,5833440,1882629,26625,512,0f41e20848de6408cce7b1c5f57f0212c9401233ca75c7b6652c8ea62bfcd43f,1238,0,156,7
1,1,1,0,4,0.19754490500000002,0.15798999999999999,0.020166,428724224,NA,NA,NA,NA,NA,NA,NA,NA,5833440,1882629,26625,512,0f41e20848de6408cce7b1c5f57f0212c9401233ca75c7b6652c8ea62bfcd43f,796,0,157,5
1,1,0,1,5,0.43804600900000001,0.386959,0.030286999999999998,1026015232,NA,NA,NA,NA,NA,NA,NA,NA,11457352,5690734,153602,512,388033e7552b3b3255277a47381a62d5067155e67b74e663ad0ac019ed72fc50,1133,0,57,6
1,1,1,0,5,0.44297873100000001,0.36431399999999997,0.049645999999999996,1025912832,NA,NA,NA,NA,NA,NA,NA,NA,11457352,5690734,153602,512,388033e7552b3b3255277a47381a62d5067155e67b74e663ad0ac019ed72fc50,1139,0,129,10
1,2,0,1,1,0.055471949000000007,0.044018999999999996,0,156512256,NA,NA,NA,NA,NA,NA,NA,NA,994016,407679,8197,1,76f10b65f44b546f736cef2848789238eb7a5f77ce08b564ccca55b5bdc08f36,1082,0,30,5
1,2,1,0,1,0.055746784000000001,0.040912999999999998,0.0034119999999999997,156385280,NA,NA,NA,NA,NA,NA,NA,NA,994016,407679,8197,1,76f10b65f44b546f736cef2848789238eb7a5f77ce08b564ccca55b5bdc08f36,1080,0,22,2
1,2,0,0,4,0.19733652300000001,0.15132899999999999,0.026901999999999999,428736512,NA,NA,NA,NA,NA,NA,NA,NA,5833440,1882629,26625,512,0f41e20848de6408cce7b1c5f57f0212c9401233ca75c7b6652c8ea62bfcd43f,794,0,65,5
1,2,1,1,4,0.19783711300000001,0.16862099999999999,0.010119999999999999,428322816,NA,NA,NA,NA,NA,NA,NA,NA,5833440,1882629,26625,512,0f41e20848de6408cce7b1c5f57f0212c9401233ca75c7b6652c8ea62bfcd43f,1233,0,124,6
1,2,0,0,3,0.059528881000000006,0.044733999999999996,0.003441,179318784,NA,NA,NA,NA,NA,NA,NA,NA,1968568,2240463,32773,1,c491f4791a93a71124b9219b05e718490cf6bd1c68b1ec8fc6a6550e31f844b1,1121,0,38,4
1,2,1,1,3,0.059910196000000006,0.041206,0.006868,179572736,NA,NA,NA,NA,NA,NA,NA,NA,1968568,2240463,32773,1,c491f4791a93a71124b9219b05e718490cf6bd1c68b1ec8fc6a6550e31f844b1,681,0,59,3
1,2,0,0,5,0.43557866700000003,0.37877899999999998,0.036227999999999996,1025814528,NA,NA,NA,NA,NA,NA,NA,NA,11457352,5690734,153602,512,388033e7552b3b3255277a47381a62d5067155e67b74e663ad0ac019ed72fc50,1584,0,118,10
1,2,1,1,5,0.43524674500000005,0.37717099999999998,0.037044000000000001,1025630208,NA,NA,NA,NA,NA,NA,NA,NA,11457352,5690734,153602,512,388033e7552b3b3255277a47381a62d5067155e67b74e663ad0ac019ed72fc50,1581,0,64,7
1,2,0,1,2,0.041130056000000005,0.02383,0.0059519999999999998,131158016,NA,NA,NA,NA,NA,NA,NA,NA,837856,318511,16385,4096,b4f737276339a7626b246c204b626e79f9d9ec0f1f160233a5aa1c27728af83f,1068,0,23,4
1,2,1,0,2,0.041249691000000005,0.019913999999999998,0.0099670000000000002,131219456,NA,NA,NA,NA,NA,NA,NA,NA,837856,318511,16385,4096,b4f737276339a7626b246c204b626e79f9d9ec0f1f160233a5aa1c27728af83f,1070,0,27,4
1,2,0,0,0,0.019055616000000001,0.0027799999999999999,0.005568,55287808,NA,NA,NA,NA,NA,NA,NA,NA,2408,135,5,1,3d4d37e7dcef36139698862d60d536450dfb480779ac0676046a82e065e8af0f,1026,0,9,3
1,2,1,1,0,0.018784626000000002,0.0079799999999999992,0,55562240,NA,NA,NA,NA,NA,NA,NA,NA,2408,135,5,1,3d4d37e7dcef36139698862d60d536450dfb480779ac0676046a82e065e8af0f,586,0,10,3
1,3,0,0,2,0.040656198000000004,0.021995000000000001,0.007339,131227648,NA,NA,NA,NA,NA,NA,NA,NA,837856,318511,16385,4096,b4f737276339a7626b246c204b626e79f9d9ec0f1f160233a5aa1c27728af83f,1068,0,29,6
1,3,1,1,2,0.041009190000000001,0.019834999999999998,0.0099069999999999991,131235840,NA,NA,NA,NA,NA,NA,NA,NA,837856,318511,16385,4096,b4f737276339a7626b246c204b626e79f9d9ec0f1f160233a5aa1c27728af83f,1070,0,25,4
1,3,0,1,3,0.059406672000000001,0.030029,0.018006999999999999,179126272,NA,NA,NA,NA,NA,NA,NA,NA,1968568,2240463,32773,1,c491f4791a93a71124b9219b05e718490cf6bd1c68b1ec8fc6a6550e31f844b1,1119,0,27,2
1,3,1,0,3,0.060420572000000006,0.034665999999999995,0.01388,179335168,NA,NA,NA,NA,NA,NA,NA,NA,1968568,2240463,32773,1,c491f4791a93a71124b9219b05e718490cf6bd1c68b1ec8fc6a6550e31f844b1,1124,0,22,4
1,3,0,1,0,0.018764689000000001,0.0081969999999999994,0,55357440,NA,NA,NA,NA,NA,NA,NA,NA,2408,135,5,1,3d4d37e7dcef36139698862d60d536450dfb480779ac0676046a82e065e8af0f,1027,0,11,3
1,3,1,0,0,0.018272979000000002,0.0051640000000000002,0.0025839999999999999,55287808,NA,NA,NA,NA,NA,NA,NA,NA,2408,135,5,1,3d4d37e7dcef36139698862d60d536450dfb480779ac0676046a82e065e8af0f,1028,0,12,3
1,3,0,1,5,0.45257498300000004,0.40549799999999997,0.013292,1025650688,NA,NA,NA,NA,NA,NA,NA,NA,11457352,5690734,153602,512,388033e7552b3b3255277a47381a62d5067155e67b74e663ad0ac019ed72fc50,1583,0,95,8
1,3,1,0,5,0.43503378600000003,0.36417699999999997,0.050103999999999996,1025871872,NA,NA,NA,NA,NA,NA,NA,NA,11457352,5690734,153602,512,388033e7552b3b3255277a47381a62d5067155e67b74e663ad0ac019ed72fc50,1585,0,123,6
1,3,0,1,4,0.19735015,0.168161,0.010078,428556288,NA,NA,NA,NA,NA,NA,NA,NA,5833440,1882629,26625,512,0f41e20848de6408cce7b1c5f57f0212c9401233ca75c7b6652c8ea62bfcd43f,1235,0,172,4
1,3,1,0,4,0.198067294,0.155391,0.023650999999999998,428302336,NA,NA,NA,NA,NA,NA,NA,NA,5833440,1882629,26625,512,0f41e20848de6408cce7b1c5f57f0212c9401233ca75c7b6652c8ea62bfcd43f,1236,0,173,5
1,3,0,0,1,0.056002514000000003,0.034265999999999998,0.010260999999999999,156483584,NA,NA,NA,NA,NA,NA,NA,NA,994016,407679,8197,1,76f10b65f44b546f736cef2848789238eb7a5f77ce08b564ccca55b5bdc08f36,1085,0,45,4
1,3,1,1,1,0.066253279999999998,0.037698999999999996,0.0062839999999999997,156471296,NA,NA,NA,NA,NA,NA,NA,NA,994016,407679,8197,1,76f10b65f44b546f736cef2848789238eb7a5f77ce08b564ccca55b5bdc08f36,1081,0,23,3
1,4,0,0,3,0.060415883000000004,0.036455000000000001,0.012149,179200000,NA,NA,NA,NA,NA,NA,NA,NA,1968568,2240463,32773,1,c491f4791a93a71124b9219b05e718490cf6bd1c68b1ec8fc6a6550e31f844b1,1122,0,53,3
1,4,1,1,3,0.059869579000000006,0.04471,0.0034419999999999997,178970624,NA,NA,NA,NA,NA,NA,NA,NA,1968568,2240463,32773,1,c491f4791a93a71124b9219b05e718490cf6bd1c68b1ec8fc6a6550e31f844b1,1118,0,43,4
1,4,0,1,0,0.018941391000000002,0.0082839999999999997,0,55328768,NA,NA,NA,NA,NA,NA,NA,NA,2408,135,5,1,3d4d37e7dcef36139698862d60d536450dfb480779ac0676046a82e065e8af0f,1024,0,13,3
1,4,1,0,0,0.018160457000000001,0.0038179999999999998,0.0038169999999999996,55320576,NA,NA,NA,NA,NA,NA,NA,NA,2408,135,5,1,3d4d37e7dcef36139698862d60d536450dfb480779ac0676046a82e065e8af0f,1025,0,12,2
1,4,0,1,4,0.19767927700000001,0.15137599999999998,0.026907,428453888,NA,NA,NA,NA,NA,NA,NA,NA,5833440,1882629,26625,512,0f41e20848de6408cce7b1c5f57f0212c9401233ca75c7b6652c8ea62bfcd43f,1235,0,184,7
1,4,1,0,4,0.19814970800000001,0.15928100000000001,0.019904999999999999,428564480,NA,NA,NA,NA,NA,NA,NA,NA,5833440,1882629,26625,512,0f41e20848de6408cce7b1c5f57f0212c9401233ca75c7b6652c8ea62bfcd43f,1239,0,180,5
1,4,0,0,5,0.43441116800000001,0.354439,0.059641,1025871872,NA,NA,NA,NA,NA,NA,NA,NA,11457352,5690734,153602,512,388033e7552b3b3255277a47381a62d5067155e67b74e663ad0ac019ed72fc50,1583,0,180,7
1,4,1,1,5,0.435798448,0.36871399999999999,0.046494000000000001,1025744896,NA,NA,NA,NA,NA,NA,NA,NA,11457352,5690734,153602,512,388033e7552b3b3255277a47381a62d5067155e67b74e663ad0ac019ed72fc50,1584,0,194,7
1,4,0,1,2,0.041173688,0.022447999999999999,0.0074789999999999995,131219456,NA,NA,NA,NA,NA,NA,NA,NA,837856,318511,16385,4096,b4f737276339a7626b246c204b626e79f9d9ec0f1f160233a5aa1c27728af83f,621,0,18,3
1,4,1,0,2,0.041048303000000001,0.029765,0,131178496,NA,NA,NA,NA,NA,NA,NA,NA,837856,318511,16385,4096,b4f737276339a7626b246c204b626e79f9d9ec0f1f160233a5aa1c27728af83f,1070,0,28,3
1,4,0,1,1,0.055290580000000006,0.040038999999999998,0.0036389999999999999,156823552,NA,NA,NA,NA,NA,NA,NA,NA,994016,407679,8197,1,76f10b65f44b546f736cef2848789238eb7a5f77ce08b564ccca55b5bdc08f36,641,0,41,3
1,4,1,0,1,0.055703533000000006,0.037319999999999999,0.00679,156315648,NA,NA,NA,NA,NA,NA,NA,NA,994016,407679,8197,1,76f10b65f44b546f736cef2848789238eb7a5f77ce08b564ccca55b5bdc08f36,1081,0,51,3
1,5,0,0,1,0.055559854000000006,0.027118,0.016938999999999999,156479488,NA,NA,NA,NA,NA,NA,NA,NA,994016,407679,8197,1,76f10b65f44b546f736cef2848789238eb7a5f77ce08b564ccca55b5bdc08f36,1085,0,25,4
1,5,1,1,1,0.055754529000000004,0.040755,0.0033969999999999998,156659712,NA,NA,NA,NA,NA,NA,NA,NA,994016,407679,8197,1,76f10b65f44b546f736cef2848789238eb7a5f77ce08b564ccca55b5bdc08f36,1112,0,21,3
1,5,0,0,2,0.040876381000000003,0.022168,0.0073879999999999996,130928640,NA,NA,NA,NA,NA,NA,NA,NA,837856,318511,16385,4096,b4f737276339a7626b246c204b626e79f9d9ec0f1f160233a5aa1c27728af83f,1065,0,21,4
1,5,1,1,2,0.041001625999999999,0.029755999999999998,0,131096576,NA,NA,NA,NA,NA,NA,NA,NA,837856,318511,16385,4096,b4f737276339a7626b246c204b626e79f9d9ec0f1f160233a5aa1c27728af83f,1067,0,31,3
1,5,0,1,3,0.060252847000000005,0.044898,0.0034579999999999997,179118080,NA,NA,NA,NA,NA,NA,NA,NA,1968568,2240463,32773,1,c491f4791a93a71124b9219b05e718490cf6bd1c68b1ec8fc6a6550e31f844b1,1121,0,37,6
1,5,1,0,3,0.060254781,0.041929000000000001,0.0064570000000000001,179351552,NA,NA,NA,NA,NA,NA,NA,NA,1968568,2240463,32773,1,c491f4791a93a71124b9219b05e718490cf6bd1c68b1ec8fc6a6550e31f844b1,1125,0,50,4
1,5,0,1,5,0.43808880900000002,0.35424099999999997,0.062922999999999993,1025523712,NA,NA,NA,NA,NA,NA,NA,NA,11457352,5690734,153602,512,388033e7552b3b3255277a47381a62d5067155e67b74e663ad0ac019ed72fc50,1581,0,193,7
1,5,1,0,5,0.43552880200000005,0.37415699999999996,0.040461999999999998,1026125824,NA,NA,NA,NA,NA,NA,NA,NA,11457352,5690734,153602,512,388033e7552b3b3255277a47381a62d5067155e67b74e663ad0ac019ed72fc50,1144,0,173,8
1,5,0,0,4,0.19745817300000001,0.16501099999999999,0.013205,428515328,NA,NA,NA,NA,NA,NA,NA,NA,5833440,1882629,26625,512,0f41e20848de6408cce7b1c5f57f0212c9401233ca75c7b6652c8ea62bfcd43f,1234,0,146,4
1,5,1,1,4,0.19915602500000001,0.15678,0.022853999999999999,428457984,NA,NA,NA,NA,NA,NA,NA,NA,5833440,1882629,26625,512,0f41e20848de6408cce7b1c5f57f0212c9401233ca75c7b6652c8ea62bfcd43f,1237,0,156,7
1,5,0,0,0,0.019794842,0.0086129999999999991,0,55398400,NA,NA,NA,NA,NA,NA,NA,NA,2408,135,5,1,3d4d37e7dcef36139698862d60d536450dfb480779ac0676046a82e065e8af0f,1029,0,10,3
1,5,1,1,0,0.020204085,0.0027919999999999998,0.0055839999999999996,55230464,NA,NA,NA,NA,NA,NA,NA,NA,2408,135,5,1,3d4d37e7dcef36139698862d60d536450dfb480779ac0676046a82e065e8af0f,1026,0,11,4
1,6,0,0,3,0.060171315000000003,0.044991999999999997,0.0034509999999999996,179580928,NA,NA,NA,NA,NA,NA,NA,NA,1968568,2240463,32773,1,c491f4791a93a71124b9219b05e718490cf6bd1c68b1ec8fc6a6550e31f844b1,682,0,38,5
1,6,1,1,3,0.060532001000000002,0.039544999999999997,0.0091299999999999992,179470336,NA,NA,NA,NA,NA,NA,NA,NA,1968568,2240463,32773,1,c491f4791a93a71124b9219b05e718490cf6bd1c68b1ec8fc6a6550e31f844b1,1161,0,43,5
1,6,0,1,0,0.018963372000000003,0.0027209999999999999,0.0054409999999999997,55259136,NA,NA,NA,NA,NA,NA,NA,NA,2408,135,5,1,3d4d37e7dcef36139698862d60d536450dfb480779ac0676046a82e065e8af0f,1026,0,11,3
1,6,1,0,0,0.019309452000000001,0.0041409999999999997,0.0041510000000000002,55255040,NA,NA,NA,NA,NA,NA,NA,NA,2408,135,5,1,3d4d37e7dcef36139698862d60d536450dfb480779ac0676046a82e065e8af0f,1034,0,9,3
1,6,0,1,4,0.19751800500000002,0.16476199999999999,0.013437999999999999,428367872,NA,NA,NA,NA,NA,NA,NA,NA,5833440,1882629,26625,512,0f41e20848de6408cce7b1c5f57f0212c9401233ca75c7b6652c8ea62bfcd43f,1238,0,182,7
1,6,1,0,4,0.19879159200000002,0.159081,0.020313999999999999,428732416,NA,NA,NA,NA,NA,NA,NA,NA,5833440,1882629,26625,512,0f41e20848de6408cce7b1c5f57f0212c9401233ca75c7b6652c8ea62bfcd43f,786,0,118,4
1,6,0,0,5,0.43463982700000003,0.36046400000000001,0.05339,1025871872,NA,NA,NA,NA,NA,NA,NA,NA,11457352,5690734,153602,512,388033e7552b3b3255277a47381a62d5067155e67b74e663ad0ac019ed72fc50,1587,0,206,9
1,6,1,1,5,0.43512203000000005,0.36779499999999998,0.046392999999999997,1025789952,NA,NA,NA,NA,NA,NA,NA,NA,11457352,5690734,153602,512,388033e7552b3b3255277a47381a62d5067155e67b74e663ad0ac019ed72fc50,1583,0,173,6
1,6,0,0,1,0.055576846000000006,0.034724999999999999,0.0094450000000000003,156524544,NA,NA,NA,NA,NA,NA,NA,NA,994016,407679,8197,1,76f10b65f44b546f736cef2848789238eb7a5f77ce08b564ccca55b5bdc08f36,1084,0,17,3
1,6,1,1,1,0.054991138000000002,0.043455000000000001,0,156418048,NA,NA,NA,NA,NA,NA,NA,NA,994016,407679,8197,1,76f10b65f44b546f736cef2848789238eb7a5f77ce08b564ccca55b5bdc08f36,1082,0,23,4
1,6,0,1,2,0.041112264000000003,0.023205999999999997,0.0066179999999999998,131170304,NA,NA,NA,NA,NA,NA,NA,NA,837856,318511,16385,4096,b4f737276339a7626b246c204b626e79f9d9ec0f1f160233a5aa1c27728af83f,1069,0,17,3
1,6,1,0,2,0.040760414000000002,0.022990999999999998,0.0065639999999999995,131575808,NA,NA,NA,NA,NA,NA,NA,NA,837856,318511,16385,4096,b4f737276339a7626b246c204b626e79f9d9ec0f1f160233a5aa1c27728af83f,630,0,28,4
1,7,0,1,3,0.059677129000000002,0.041044999999999998,0.0068360000000000001,179150848,NA,NA,NA,NA,NA,NA,NA,NA,1968568,2240463,32773,1,c491f4791a93a71124b9219b05e718490cf6bd1c68b1ec8fc6a6550e31f844b1,1130,0,44,5
1,7,1,0,3,0.060741243,0.041773999999999999,0.0069699999999999996,179216384,NA,NA,NA,NA,NA,NA,NA,NA,1968568,2240463,32773,1,c491f4791a93a71124b9219b05e718490cf6bd1c68b1ec8fc6a6550e31f844b1,1124,0,61,5
1,7,0,0,2,0.041556676000000001,0.020115999999999998,0.010057999999999999,131137536,NA,NA,NA,NA,NA,NA,NA,NA,837856,318511,16385,4096,b4f737276339a7626b246c204b626e79f9d9ec0f1f160233a5aa1c27728af83f,1071,0,27,3
1,7,1,1,2,0.040912609000000003,0.026015,0.0037169999999999998,131244032,NA,NA,NA,NA,NA,NA,NA,NA,837856,318511,16385,4096,b4f737276339a7626b246c204b626e79f9d9ec0f1f160233a5aa1c27728af83f,1068,0,24,3
1,7,0,1,1,0.055169544000000001,0.037073000000000002,0.0067429999999999999,156430336,NA,NA,NA,NA,NA,NA,NA,NA,994016,407679,8197,1,76f10b65f44b546f736cef2848789238eb7a5f77ce08b564ccca55b5bdc08f36,1081,0,26,4
1,7,1,0,1,0.055715486000000002,0.034006000000000002,0.010204999999999999,156573696,NA,NA,NA,NA,NA,NA,NA,NA,994016,407679,8197,1,76f10b65f44b546f736cef2848789238eb7a5f77ce08b564ccca55b5bdc08f36,1121,0,47,4
1,7,0,0,0,0.019448971000000002,0.0042420000000000001,0.0042209999999999999,55193600,NA,NA,NA,NA,NA,NA,NA,NA,2408,135,5,1,3d4d37e7dcef36139698862d60d536450dfb480779ac0676046a82e065e8af0f,1025,0,10,3
1,7,1,1,0,0.018981216000000002,0.0054169999999999999,0.002725,55480320,NA,NA,NA,NA,NA,NA,NA,NA,2408,135,5,1,3d4d37e7dcef36139698862d60d536450dfb480779ac0676046a82e065e8af0f,1029,0,10,3
1,7,0,1,5,0.43846425300000003,0.39753899999999998,0.020055,1025753088,NA,NA,NA,NA,NA,NA,NA,NA,11457352,5690734,153602,512,388033e7552b3b3255277a47381a62d5067155e67b74e663ad0ac019ed72fc50,1582,0,193,8
1,7,1,0,5,0.44235961100000004,0.37340899999999999,0.039647999999999996,1025667072,NA,NA,NA,NA,NA,NA,NA,NA,11457352,5690734,153602,512,388033e7552b3b3255277a47381a62d5067155e67b74e663ad0ac019ed72fc50,1592,0,119,10
1,7,0,0,4,0.19683625700000001,0.15768499999999999,0.019719999999999998,428654592,NA,NA,NA,NA,NA,NA,NA,NA,5833440,1882629,26625,512,0f41e20848de6408cce7b1c5f57f0212c9401233ca75c7b6652c8ea62bfcd43f,796,0,160,5
1,7,1,1,4,0.19775342600000001,0.15588099999999999,0.022737999999999998,428523520,NA,NA,NA,NA,NA,NA,NA,NA,5833440,1882629,26625,512,0f41e20848de6408cce7b1c5f57f0212c9401233ca75c7b6652c8ea62bfcd43f,791,0,136,6
1,8,0,0,2,0.040968464000000003,0.020777,0.0089079999999999993,131051520,NA,NA,NA,NA,NA,NA,NA,NA,837856,318511,16385,4096,b4f737276339a7626b246c204b626e79f9d9ec0f1f160233a5aa1c27728af83f,1066,0,26,4
1,8,1,1,2,0.040874177000000005,0.020771999999999999,0.0089020000000000002,130994176,NA,NA,NA,NA,NA,NA,NA,NA,837856,318511,16385,4096,b4f737276339a7626b246c204b626e79f9d9ec0f1f160233a5aa1c27728af83f,1076,0,30,4
1,8,0,1,1,0.055737727000000001,0.040774999999999999,0.0033999999999999998,156696576,NA,NA,NA,NA,NA,NA,NA,NA,994016,407679,8197,1,76f10b65f44b546f736cef2848789238eb7a5f77ce08b564ccca55b5bdc08f36,640,0,18,3
1,8,1,0,1,0.055697993000000001,0.037802999999999996,0.0063019999999999994,156237824,NA,NA,NA,NA,NA,NA,NA,NA,994016,407679,8197,1,76f10b65f44b546f736cef2848789238eb7a5f77ce08b564ccca55b5bdc08f36,1076,0,29,3
1,8,0,0,0,0.019124363000000002,0.0083049999999999999,0,55283712,NA,NA,NA,NA,NA,NA,NA,NA,2408,135,5,1,3d4d37e7dcef36139698862d60d536450dfb480779ac0676046a82e065e8af0f,1027,0,12,3
1,8,1,1,0,0.018349872,0.0038859999999999997,0.0038859999999999997,55386112,NA,NA,NA,NA,NA,NA,NA,NA,2408,135,5,1,3d4d37e7dcef36139698862d60d536450dfb480779ac0676046a82e065e8af0f,582,0,13,3
1,8,0,0,3,0.059772788,0.044697000000000001,0.0034419999999999997,179220480,NA,NA,NA,NA,NA,NA,NA,NA,1968568,2240463,32773,1,c491f4791a93a71124b9219b05e718490cf6bd1c68b1ec8fc6a6550e31f844b1,1121,0,38,4
1,8,1,1,3,0.059470001000000002,0.041104999999999996,0.0068499999999999993,179236864,NA,NA,NA,NA,NA,NA,NA,NA,1968568,2240463,32773,1,c491f4791a93a71124b9219b05e718490cf6bd1c68b1ec8fc6a6550e31f844b1,1119,0,49,3
1,8,0,1,5,0.43447909600000001,0.375023,0.039995999999999997,1025548288,NA,NA,NA,NA,NA,NA,NA,NA,11457352,5690734,153602,512,388033e7552b3b3255277a47381a62d5067155e67b74e663ad0ac019ed72fc50,1603,0,247,7
1,8,1,0,5,0.43433060700000004,0.36388799999999999,0.049629,1026007040,NA,NA,NA,NA,NA,NA,NA,NA,11457352,5690734,153602,512,388033e7552b3b3255277a47381a62d5067155e67b74e663ad0ac019ed72fc50,1140,0,213,5
1,8,0,0,4,0.19789214600000002,0.15220699999999998,0.026477000000000001,428408832,NA,NA,NA,NA,NA,NA,NA,NA,5833440,1882629,26625,512,0f41e20848de6408cce7b1c5f57f0212c9401233ca75c7b6652c8ea62bfcd43f,1236,0,164,7
1,8,1,1,4,0.19731261900000002,0.16117999999999999,0.016791,428666880,NA,NA,NA,NA,NA,NA,NA,NA,5833440,1882629,26625,512,0f41e20848de6408cce7b1c5f57f0212c9401233ca75c7b6652c8ea62bfcd43f,793,0,91,4
1,9,0,1,2,0.041024268000000003,0.026487,0.0033139999999999997,131072000,NA,NA,NA,NA,NA,NA,NA,NA,837856,318511,16385,4096,b4f737276339a7626b246c204b626e79f9d9ec0f1f160233a5aa1c27728af83f,1068,0,21,4
1,9,1,0,2,0.041039177000000003,0.016589,0.013247999999999999,131162112,NA,NA,NA,NA,NA,NA,NA,NA,837856,318511,16385,4096,b4f737276339a7626b246c204b626e79f9d9ec0f1f160233a5aa1c27728af83f,1067,0,25,3
1,9,0,1,4,0.19758784600000001,0.16820399999999999,0.010093999999999999,428802048,NA,NA,NA,NA,NA,NA,NA,NA,5833440,1882629,26625,512,0f41e20848de6408cce7b1c5f57f0212c9401233ca75c7b6652c8ea62bfcd43f,795,0,146,7
1,9,1,0,4,0.19708282900000001,0.157805,0.020139000000000001,428752896,NA,NA,NA,NA,NA,NA,NA,NA,5833440,1882629,26625,512,0f41e20848de6408cce7b1c5f57f0212c9401233ca75c7b6652c8ea62bfcd43f,794,0,185,3
1,9,0,1,3,0.059671058000000006,0.035130999999999996,0.012784999999999999,179257344,NA,NA,NA,NA,NA,NA,NA,NA,1968568,2240463,32773,1,c491f4791a93a71124b9219b05e718490cf6bd1c68b1ec8fc6a6550e31f844b1,1124,0,41,4
1,9,1,0,3,0.060494910000000006,0.045266000000000001,0.0032359999999999997,179236864,NA,NA,NA,NA,NA,NA,NA,NA,1968568,2240463,32773,1,c491f4791a93a71124b9219b05e718490cf6bd1c68b1ec8fc6a6550e31f844b1,1122,0,37,4
1,9,0,0,5,0.43063544400000003,0.38480500000000001,0.033474999999999998,1025593344,NA,NA,NA,NA,NA,NA,NA,NA,11457352,5690734,153602,512,388033e7552b3b3255277a47381a62d5067155e67b74e663ad0ac019ed72fc50,1579,0,205,9
1,9,1,1,5,0.43633902000000002,0.369006,0.046537999999999996,1025818624,NA,NA,NA,NA,NA,NA,NA,NA,11457352,5690734,153602,512,388033e7552b3b3255277a47381a62d5067155e67b74e663ad0ac019ed72fc50,1583,0,156,4
1,9,0,1,0,0.019598283000000001,0.0058300000000000001,0.0029089999999999997,55132160,NA,NA,NA,NA,NA,NA,NA,NA,2408,135,5,1,3d4d37e7dcef36139698862d60d536450dfb480779ac0676046a82e065e8af0f,1024,0,10,3
1,9,1,0,0,0.019798305000000002,0.002728,0.0054289999999999998,55648256,NA,NA,NA,NA,NA,NA,NA,NA,2408,135,5,1,3d4d37e7dcef36139698862d60d536450dfb480779ac0676046a82e065e8af0f,584,0,10,3
1,9,0,0,1,0.056154137000000007,0.044461000000000001,0,156422144,NA,NA,NA,NA,NA,NA,NA,NA,994016,407679,8197,1,76f10b65f44b546f736cef2848789238eb7a5f77ce08b564ccca55b5bdc08f36,1080,0,21,6
1,9,1,1,1,0.055701348000000005,0.028502,0.015841999999999998,156413952,NA,NA,NA,NA,NA,NA,NA,NA,994016,407679,8197,1,76f10b65f44b546f736cef2848789238eb7a5f77ce08b564ccca55b5bdc08f36,1081,0,27,4
1,10,0,1,3,0.068887997000000006,0.044614999999999995,0.0034359999999999998,179261440,NA,NA,NA,NA,NA,NA,NA,NA,1968568,2240463,32773,1,c491f4791a93a71124b9219b05e718490cf6bd1c68b1ec8fc6a6550e31f844b1,674,0,39,5
1,10,1,0,3,0.07049667200000001,0.038494,0.0096099999999999988,179552256,NA,NA,NA,NA,NA,NA,NA,NA,1968568,2240463,32773,1,c491f4791a93a71124b9219b05e718490cf6bd1c68b1ec8fc6a6550e31f844b1,680,0,25,4
1,10,0,1,0,0.018884514000000002,0.0054389999999999994,0.0027229999999999997,55451648,NA,NA,NA,NA,NA,NA,NA,NA,2408,135,5,1,3d4d37e7dcef36139698862d60d536450dfb480779ac0676046a82e065e8af0f,584,0,9,3
1,10,1,0,0,0.018717311,0.0026669999999999997,0.0053330000000000001,55226368,NA,NA,NA,NA,NA,NA,NA,NA,2408,135,5,1,3d4d37e7dcef36139698862d60d536450dfb480779ac0676046a82e065e8af0f,1025,0,9,3
1,10,0,1,2,0.045850512000000003,0.025814,0.003692,130949120,NA,NA,NA,NA,NA,NA,NA,NA,837856,318511,16385,4096,b4f737276339a7626b246c204b626e79f9d9ec0f1f160233a5aa1c27728af83f,1065,0,18,3
1,10,1,0,2,0.041208412,0.023255999999999999,0.0066499999999999997,131047424,NA,NA,NA,NA,NA,NA,NA,NA,837856,318511,16385,4096,b4f737276339a7626b246c204b626e79f9d9ec0f1f160233a5aa1c27728af83f,1066,0,23,4
1,10,0,1,4,0.20855778000000003,0.17182899999999998,0.0066140000000000001,428539904,NA,NA,NA,NA,NA,NA,NA,NA,5833440,1882629,26625,512,0f41e20848de6408cce7b1c5f57f0212c9401233ca75c7b6652c8ea62bfcd43f,1238,0,111,7
1,10,1,0,4,0.21517364500000002,0.17267299999999999,0.0066359999999999995,428429312,NA,NA,NA,NA,NA,NA,NA,NA,5833440,1882629,26625,512,0f41e20848de6408cce7b1c5f57f0212c9401233ca75c7b6652c8ea62bfcd43f,782,0,110,4
1,10,0,1,5,0.44701030500000005,0.37096599999999996,0.045973,1025634304,NA,NA,NA,NA,NA,NA,NA,NA,11457352,5690734,153602,512,388033e7552b3b3255277a47381a62d5067155e67b74e663ad0ac019ed72fc50,1581,0,218,9
1,10,1,0,5,0.43363006400000004,0.366892,0.046287999999999996,1025957888,NA,NA,NA,NA,NA,NA,NA,NA,11457352,5690734,153602,512,388033e7552b3b3255277a47381a62d5067155e67b74e663ad0ac019ed72fc50,1138,0,178,8
1,10,0,0,1,0.055754438000000003,0.034081,0.010225,156291072,NA,NA,NA,NA,NA,NA,NA,NA,994016,407679,8197,1,76f10b65f44b546f736cef2848789238eb7a5f77ce08b564ccca55b5bdc08f36,1105,0,18,5
1,10,1,1,1,0.055628814000000006,0.034775,0.0094539999999999989,156434432,NA,NA,NA,NA,NA,NA,NA,NA,994016,407679,8197,1,76f10b65f44b546f736cef2848789238eb7a5f77ce08b564ccca55b5bdc08f36,1081,0,19,4
1,11,0,0,5,0.43748047900000003,0.375913,0.036609999999999997,1025921024,NA,NA,NA,NA,NA,NA,NA,NA,11457352,5690734,153602,512,388033e7552b3b3255277a47381a62d5067155e67b74e663ad0ac019ed72fc50,1141,0,153,8
1,11,1,1,5,0.43661567800000001,0.36625399999999997,0.049456,1025527808,NA,NA,NA,NA,NA,NA,NA,NA,11457352,5690734,153602,512,388033e7552b3b3255277a47381a62d5067155e67b74e663ad0ac019ed72fc50,1581,0,234,5
1,11,0,1,1,0.055722178000000004,0.037420999999999996,0.0068109999999999993,156131328,NA,NA,NA,NA,NA,NA,NA,NA,994016,407679,8197,1,76f10b65f44b546f736cef2848789238eb7a5f77ce08b564ccca55b5bdc08f36,1076,0,31,4
1,11,1,0,1,0.055732647000000003,0.030696999999999999,0.013642,156397568,NA,NA,NA,NA,NA,NA,NA,NA,994016,407679,8197,1,76f10b65f44b546f736cef2848789238eb7a5f77ce08b564ccca55b5bdc08f36,1080,0,26,4
1,11,0,0,2,0.041139434000000003,0.020947,0.0089750000000000003,131305472,NA,NA,NA,NA,NA,NA,NA,NA,837856,318511,16385,4096,b4f737276339a7626b246c204b626e79f9d9ec0f1f160233a5aa1c27728af83f,1073,0,21,3
1,11,1,1,2,0.040857576,0.019869999999999999,0.009946,131239936,NA,NA,NA,NA,NA,NA,NA,NA,837856,318511,16385,4096,b4f737276339a7626b246c204b626e79f9d9ec0f1f160233a5aa1c27728af83f,1070,0,33,4
1,11,0,0,0,0.019040197000000002,0.0042100000000000002,0.0042129999999999997,55279616,NA,NA,NA,NA,NA,NA,NA,NA,2408,135,5,1,3d4d37e7dcef36139698862d60d536450dfb480779ac0676046a82e065e8af0f,1027,0,12,4
1,11,1,1,0,0.019375173000000002,0.005496,0.0027299999999999998,55341056,NA,NA,NA,NA,NA,NA,NA,NA,2408,135,5,1,3d4d37e7dcef36139698862d60d536450dfb480779ac0676046a82e065e8af0f,1027,0,10,3
1,11,0,0,4,0.20246918000000003,0.16225599999999998,0.016535999999999999,428564480,NA,NA,NA,NA,NA,NA,NA,NA,5833440,1882629,26625,512,0f41e20848de6408cce7b1c5f57f0212c9401233ca75c7b6652c8ea62bfcd43f,1241,0,182,7
1,11,1,1,4,0.19851711700000002,0.159858,0.019576,428662784,NA,NA,NA,NA,NA,NA,NA,NA,5833440,1882629,26625,512,0f41e20848de6408cce7b1c5f57f0212c9401233ca75c7b6652c8ea62bfcd43f,788,0,152,4
1,11,0,0,3,0.060235185000000004,0.039030999999999996,0.0097609999999999988,179474432,NA,NA,NA,NA,NA,NA,NA,NA,1968568,2240463,32773,1,c491f4791a93a71124b9219b05e718490cf6bd1c68b1ec8fc6a6550e31f844b1,681,0,33,5
1,11,1,1,3,0.058750571000000001,0.034818000000000002,0.012669999999999999,179286016,NA,NA,NA,NA,NA,NA,NA,NA,1968568,2240463,32773,1,c491f4791a93a71124b9219b05e718490cf6bd1c68b1ec8fc6a6550e31f844b1,1124,0,60,4
1,12,0,1,4,0.19716529400000002,0.15163099999999999,0.026367999999999999,428244992,NA,NA,NA,NA,NA,NA,NA,NA,5833440,1882629,26625,512,0f41e20848de6408cce7b1c5f57f0212c9401233ca75c7b6652c8ea62bfcd43f,1235,0,190,5
1,12,1,0,4,0.20810619400000002,0.16170799999999999,0.016844999999999999,428625920,NA,NA,NA,NA,NA,NA,NA,NA,5833440,1882629,26625,512,0f41e20848de6408cce7b1c5f57f0212c9401233ca75c7b6652c8ea62bfcd43f,795,0,134,6
1,12,0,1,5,0.44953156000000005,0.37138599999999999,0.043496,1025482752,NA,NA,NA,NA,NA,NA,NA,NA,11457352,5690734,153602,512,388033e7552b3b3255277a47381a62d5067155e67b74e663ad0ac019ed72fc50,1581,0,164,6
1,12,1,0,5,0.43380373900000002,0.38633799999999996,0.026869999999999998,1025912832,NA,NA,NA,NA,NA,NA,NA,NA,11457352,5690734,153602,512,388033e7552b3b3255277a47381a62d5067155e67b74e663ad0ac019ed72fc50,1138,0,106,5
1,12,0,0,1,0.055648430000000006,0.034422999999999995,0.009389999999999999,156733440,NA,NA,NA,NA,NA,NA,NA,NA,994016,407679,8197,1,76f10b65f44b546f736cef2848789238eb7a5f77ce08b564ccca55b5bdc08f36,641,0,36,4
1,12,1,1,1,0.054804719000000002,0.043410999999999998,0,156618752,NA,NA,NA,NA,NA,NA,NA,NA,994016,407679,8197,1,76f10b65f44b546f736cef2848789238eb7a5f77ce08b564ccca55b5bdc08f36,636,0,26,3
1,12,0,1,0,0.018509572000000002,0.0080359999999999997,0,55459840,NA,NA,NA,NA,NA,NA,NA,NA,2408,135,5,1,3d4d37e7dcef36139698862d60d536450dfb480779ac0676046a82e065e8af0f,1028,0,12,4
1,12,1,0,0,0.018262117000000001,0.0077339999999999996,0,55439360,NA,NA,NA,NA,NA,NA,NA,NA,2408,135,5,1,3d4d37e7dcef36139698862d60d536450dfb480779ac0676046a82e065e8af0f,1028,0,12,3
1,12,0,1,3,0.059411451000000004,0.038144999999999998,0.0095379999999999996,179060736,NA,NA,NA,NA,NA,NA,NA,NA,1968568,2240463,32773,1,c491f4791a93a71124b9219b05e718490cf6bd1c68b1ec8fc6a6550e31f844b1,1117,0,46,7
1,12,1,0,3,0.060473801000000001,0.042214999999999996,0.0064989999999999996,179576832,NA,NA,NA,NA,NA,NA,NA,NA,1968568,2240463,32773,1,c491f4791a93a71124b9219b05e718490cf6bd1c68b1ec8fc6a6550e31f844b1,679,0,58,3
1,12,0,1,2,0.040837577999999999,0.02376,0.0059410000000000001,131461120,NA,NA,NA,NA,NA,NA,NA,NA,837856,318511,16385,4096,b4f737276339a7626b246c204b626e79f9d9ec0f1f160233a5aa1c27728af83f,627,0,31,3
1,12,1,0,2,0.041119617000000004,0.020912,0.0089629999999999987,131112960,NA,NA,NA,NA,NA,NA,NA,NA,837856,318511,16385,4096,b4f737276339a7626b246c204b626e79f9d9ec0f1f160233a5aa1c27728af83f,1067,0,29,4
1,13,0,0,0,0.018868804000000003,0.0054440000000000001,0.0027309999999999999,55246848,NA,NA,NA,NA,NA,NA,NA,NA,2408,135,5,1,3d4d37e7dcef36139698862d60d536450dfb480779ac0676046a82e065e8af0f,1025,0,11,3
1,13,1,1,0,0.019099236000000002,0.0040980000000000001,0.0041209999999999997,55529472,NA,NA,NA,NA,NA,NA,NA,NA,2408,135,5,1,3d4d37e7dcef36139698862d60d536450dfb480779ac0676046a82e065e8af0f,585,0,10,3
1,13,0,0,3,0.060246647,0.034405999999999999,0.013774,179363840,NA,NA,NA,NA,NA,NA,NA,NA,1968568,2240463,32773,1,c491f4791a93a71124b9219b05e718490cf6bd1c68b1ec8fc6a6550e31f844b1,1125,0,32,7
1,13,1,1,3,0.059730438000000004,0.041685,0.006417,179437568,NA,NA,NA,NA,NA,NA,NA,NA,1968568,2240463,32773,1,c491f4791a93a71124b9219b05e718490cf6bd1c68b1ec8fc6a6550e31f844b1,1160,0,36,4
1,13,0,0,5,0.434320176,0.37059999999999998,0.043417999999999998,1025945600,NA,NA,NA,NA,NA,NA,NA,NA,11457352,5690734,153602,512,388033e7552b3b3255277a47381a62d5067155e67b74e663ad0ac019ed72fc50,1139,0,162,4
1,13,1,1,5,0.43575622700000005,0.36121700000000001,0.053520999999999999,1025740800,NA,NA,NA,NA,NA,NA,NA,NA,11457352,5690734,153602,512,388033e7552b3b3255277a47381a62d5067155e67b74e663ad0ac019ed72fc50,1585,0,37,7
1,13,0,0,4,0.19857789100000001,0.159333,0.019917999999999998,428498944,NA,NA,NA,NA,NA,NA,NA,NA,5833440,1882629,26625,512,0f41e20848de6408cce7b1c5f57f0212c9401233ca75c7b6652c8ea62bfcd43f,1235,0,123,5
1,13,1,1,4,0.197393701,0.15843299999999999,0.019779999999999999,428384256,NA,NA,NA,NA,NA,NA,NA,NA,5833440,1882629,26625,512,0f41e20848de6408cce7b1c5f57f0212c9401233ca75c7b6652c8ea62bfcd43f,1235,0,201,4
1,13,0,0,2,0.040863237000000004,0.025956999999999997,0.0037079999999999999,130969600,NA,NA,NA,NA,NA,NA,NA,NA,837856,318511,16385,4096,b4f737276339a7626b246c204b626e79f9d9ec0f1f160233a5aa1c27728af83f,1065,0,17,4
1,13,1,1,2,0.040971359000000006,0.026506999999999999,0.0033169999999999996,131112960,NA,NA,NA,NA,NA,NA,NA,NA,837856,318511,16385,4096,b4f737276339a7626b246c204b626e79f9d9ec0f1f160233a5aa1c27728af83f,1069,0,25,3
1,13,0,1,1,0.055339912000000005,0.040677999999999999,0.0033939999999999999,156229632,NA,NA,NA,NA,NA,NA,NA,NA,994016,407679,8197,1,76f10b65f44b546f736cef2848789238eb7a5f77ce08b564ccca55b5bdc08f36,1077,0,25,5
1,13,1,0,1,0.055584921000000002,0.037353999999999998,0.0067869999999999996,156209152,NA,NA,NA,NA,NA,NA,NA,NA,994016,407679,8197,1,76f10b65f44b546f736cef2848789238eb7a5f77ce08b564ccca55b5bdc08f36,1076,0,28,4
1,14,0,0,5,0.44258707500000005,0.37067899999999998,0.043020999999999997,1025822720,NA,NA,NA,NA,NA,NA,NA,NA,11457352,5690734,153602,512,388033e7552b3b3255277a47381a62d5067155e67b74e663ad0ac019ed72fc50,1138,0,191,7
1,14,1,1,5,0.43695130800000004,0.37005099999999996,0.046668000000000001,1025716224,NA,NA,NA,NA,NA,NA,NA,NA,11457352,5690734,153602,512,388033e7552b3b3255277a47381a62d5067155e67b74e663ad0ac019ed72fc50,1583,0,236,6
1,14,0,0,3,0.060306558000000003,0.038793999999999995,0.009689999999999999,179597312,NA,NA,NA,NA,NA,NA,NA,NA,1968568,2240463,32773,1,c491f4791a93a71124b9219b05e718490cf6bd1c68b1ec8fc6a6550e31f844b1,680,0,42,4
1,14,1,1,3,0.059866994000000007,0.031011999999999998,0.017235999999999998,179310592,NA,NA,NA,NA,NA,NA,NA,NA,1968568,2240463,32773,1,c491f4791a93a71124b9219b05e718490cf6bd1c68b1ec8fc6a6550e31f844b1,1124,0,47,4
1,14,0,0,0,0.018657439000000001,0.0041009999999999996,0.0041069999999999995,55332864,NA,NA,NA,NA,NA,NA,NA,NA,2408,135,5,1,3d4d37e7dcef36139698862d60d536450dfb480779ac0676046a82e065e8af0f,1026,0,13,2
1,14,1,1,0,0.018531072000000003,0.0052909999999999997,0.0026489999999999999,55386112,NA,NA,NA,NA,NA,NA,NA,NA,2408,135,5,1,3d4d37e7dcef36139698862d60d536450dfb480779ac0676046a82e065e8af0f,1028,0,13,3
1,14,0,1,2,0.040257652000000005,0.029144,0,131358720,NA,NA,NA,NA,NA,NA,NA,NA,837856,318511,16385,4096,b4f737276339a7626b246c204b626e79f9d9ec0f1f160233a5aa1c27728af83f,627,0,25,6
1,14,1,0,2,0.041038184000000005,0.029904,0,131055616,NA,NA,NA,NA,NA,NA,NA,NA,837856,318511,16385,4096,b4f737276339a7626b246c204b626e79f9d9ec0f1f160233a5aa1c27728af83f,1067,0,23,4
1,14,0,0,1,0.055692081000000004,0.037572000000000001,0.0068389999999999996,156323840,NA,NA,NA,NA,NA,NA,NA,NA,994016,407679,8197,1,76f10b65f44b546f736cef2848789238eb7a5f77ce08b564ccca55b5bdc08f36,1080,0,24,5
1,14,1,1,1,0.055233402000000001,0.037146999999999999,0.006757,156291072,NA,NA,NA,NA,NA,NA,NA,NA,994016,407679,8197,1,76f10b65f44b546f736cef2848789238eb7a5f77ce08b564ccca55b5bdc08f36,1086,0,25,3
1,14,0,0,4,0.19737086000000001,0.16145399999999999,0.016803999999999999,428494848,NA,NA,NA,NA,NA,NA,NA,NA,5833440,1882629,26625,512,0f41e20848de6408cce7b1c5f57f0212c9401233ca75c7b6652c8ea62bfcd43f,1238,0,170,4
1,14,1,1,4,0.19858119700000001,0.166044,0.013278999999999999,428068864,NA,NA,NA,NA,NA,NA,NA,NA,5833440,1882629,26625,512,0f41e20848de6408cce7b1c5f57f0212c9401233ca75c7b6652c8ea62bfcd43f,1231,0,189,4
1,15,0,1,5,0.43755282400000001,0.38347399999999998,0.033355999999999997,1025732608,NA,NA,NA,NA,NA,NA,NA,NA,11457352,5690734,153602,512,388033e7552b3b3255277a47381a62d5067155e67b74e663ad0ac019ed72fc50,1582,0,204,7
1,15,1,0,5,0.44403722300000004,0.35915999999999998,0.056513999999999995,1025503232,NA,NA,NA,NA,NA,NA,NA,NA,11457352,5690734,153602,512,388033e7552b3b3255277a47381a62d5067155e67b74e663ad0ac019ed72fc50,1579,0,197,7
1,15,0,1,3,0.059471563000000005,0.038467000000000001,0.0096220000000000003,179314688,NA,NA,NA,NA,NA,NA,NA,NA,1968568,2240463,32773,1,c491f4791a93a71124b9219b05e718490cf6bd1c68b1ec8fc6a6550e31f844b1,1123,0,53,4
1,15,1,0,3,0.060303402000000006,0.035512999999999996,0.012922999999999999,179200000,NA,NA,NA,NA,NA,NA,NA,NA,1968568,2240463,32773,1,c491f4791a93a71124b9219b05e718490cf6bd1c68b1ec8fc6a6550e31f844b1,1123,0,46,3
1,15,0,1,1,0.055814892000000005,0.034729999999999997,0.0094789999999999996,156405760,NA,NA,NA,NA,NA,NA,NA,NA,994016,407679,8197,1,76f10b65f44b546f736cef2848789238eb7a5f77ce08b564ccca55b5bdc08f36,1081,0,35,5
1,15,1,0,1,0.056221975,0.031904000000000002,0.012763,156127232,NA,NA,NA,NA,NA,NA,NA,NA,994016,407679,8197,1,76f10b65f44b546f736cef2848789238eb7a5f77ce08b564ccca55b5bdc08f36,1078,0,30,4
1,15,0,1,4,0.19770596700000001,0.158746,0.019847999999999998,428261376,NA,NA,NA,NA,NA,NA,NA,NA,5833440,1882629,26625,512,0f41e20848de6408cce7b1c5f57f0212c9401233ca75c7b6652c8ea62bfcd43f,1233,0,66,4
1,15,1,0,4,0.19881190900000001,0.15342899999999998,0.026116,428371968,NA,NA,NA,NA,NA,NA,NA,NA,5833440,1882629,26625,512,0f41e20848de6408cce7b1c5f57f0212c9401233ca75c7b6652c8ea62bfcd43f,1236,0,186,6
1,15,0,0,2,0.040832638000000004,0.023119999999999998,0.0066099999999999996,131121152,NA,NA,NA,NA,NA,NA,NA,NA,837856,318511,16385,4096,b4f737276339a7626b246c204b626e79f9d9ec0f1f160233a5aa1c27728af83f,1067,0,24,2
1,15,1,1,2,0.041088698999999999,0.020908,0.0089479999999999994,131436544,NA,NA,NA,NA,NA,NA,NA,NA,837856,318511,16385,4096,b4f737276339a7626b246c204b626e79f9d9ec0f1f160233a5aa1c27728af83f,626,0,27,2
1,15,0,1,0,0.020113157,0.0064319999999999993,0.0021479999999999997,55222272,NA,NA,NA,NA,NA,NA,NA,NA,2408,135,5,1,3d4d37e7dcef36139698862d60d536450dfb480779ac0676046a82e065e8af0f,1027,0,11,3
1,15,1,0,0,0.018534328000000003,0.0052339999999999999,0.0026219999999999998,55447552,NA,NA,NA,NA,NA,NA,NA,NA,2408,135,5,1,3d4d37e7dcef36139698862d60d536450dfb480779ac0676046a82e065e8af0f,1066,0,13,3
1,16,0,1,0,0.019304620000000002,0.0081419999999999999,0,55324672,NA,NA,NA,NA,NA,NA,NA,NA,2408,135,5,1,3d4d37e7dcef36139698862d60d536450dfb480779ac0676046a82e065e8af0f,1026,0,11,3
1,16,1,0,0,0.018886189000000001,0.0040969999999999999,0.0040260000000000001,55062528,NA,NA,NA,NA,NA,NA,NA,NA,2408,135,5,1,3d4d37e7dcef36139698862d60d536450dfb480779ac0676046a82e065e8af0f,1023,0,10,3
1,16,0,1,4,0.19906423200000001,0.15138699999999999,0.026907999999999998,428527616,NA,NA,NA,NA,NA,NA,NA,NA,5833440,1882629,26625,512,0f41e20848de6408cce7b1c5f57f0212c9401233ca75c7b6652c8ea62bfcd43f,1237,0,105,6
1,16,1,0,4,0.19801696000000002,0.16861299999999999,0.010118,428380160,NA,NA,NA,NA,NA,NA,NA,NA,5833440,1882629,26625,512,0f41e20848de6408cce7b1c5f57f0212c9401233ca75c7b6652c8ea62bfcd43f,1234,0,160,5
1,16,0,0,5,0.43726731800000002,0.37662000000000001,0.039994999999999996,1025769472,NA,NA,NA,NA,NA,NA,NA,NA,11457352,5690734,153602,512,388033e7552b3b3255277a47381a62d5067155e67b74e663ad0ac019ed72fc50,1585,0,70,8
1,16,1,1,5,0.43845763800000004,0.37321799999999999,0.043333999999999998,1025748992,NA,NA,NA,NA,NA,NA,NA,NA,11457352,5690734,153602,512,388033e7552b3b3255277a47381a62d5067155e67b74e663ad0ac019ed72fc50,1581,0,38,6
1,16,0,0,3,0.060488734000000002,0.031578000000000002,0.017218000000000001,179023872,NA,NA,NA,NA,NA,NA,NA,NA,1968568,2240463,32773,1,c491f4791a93a71124b9219b05e718490cf6bd1c68b1ec8fc6a6550e31f844b1,1119,0,37,5
1,16,1,1,3,0.060278858000000005,0.033479000000000002,0.015217999999999999,179073024,NA,NA,NA,NA,NA,NA,NA,NA,1968568,2240463,32773,1,c491f4791a93a71124b9219b05e718490cf6bd1c68b1ec8fc6a6550e31f844b1,1128,0,42,4
1,16,0,0,2,0.04626007,0.023143999999999998,0.0066140000000000001,131133440,NA,NA,NA,NA,NA,NA,NA,NA,837856,318511,16385,4096,b4f737276339a7626b246c204b626e79f9d9ec0f1f160233a5aa1c27728af83f,1069,0,26,3
1,16,1,1,2,0.040930912999999999,0.026022,0.0037239999999999999,131264512,NA,NA,NA,NA,NA,NA,NA,NA,837856,318511,16385,4096,b4f737276339a7626b246c204b626e79f9d9ec0f1f160233a5aa1c27728af83f,1070,0,26,4
1,16,0,1,1,0.055150506000000002,0.036516,0.0072829999999999995,156508160,NA,NA,NA,NA,NA,NA,NA,NA,994016,407679,8197,1,76f10b65f44b546f736cef2848789238eb7a5f77ce08b564ccca55b5bdc08f36,1083,0,23,5
1,16,1,0,1,0.056089496000000003,0.041034999999999995,0.003421,156254208,NA,NA,NA,NA,NA,NA,NA,NA,994016,407679,8197,1,76f10b65f44b546f736cef2848789238eb7a5f77ce08b564ccca55b5bdc08f36,1078,0,49,5
1,17,0,1,5,0.43596346300000005,0.35563899999999998,0.059850999999999994,1025978368,NA,NA,NA,NA,NA,NA,NA,NA,11457352,5690734,153602,512,388033e7552b3b3255277a47381a62d5067155e67b74e663ad0ac019ed72fc50,1140,0,196,6
1,17,1,0,5,0.44769456400000002,0.38273299999999999,0.030220999999999998,1025499136,NA,NA,NA,NA,NA,NA,NA,NA,11457352,5690734,153602,512,388033e7552b3b3255277a47381a62d5067155e67b74e663ad0ac019ed72fc50,1579,0,165,5
1,17,0,1,3,0.059922598000000001,0.041350999999999999,0.0068969999999999995,178966528,NA,NA,NA,NA,NA,NA,NA,NA,1968568,2240463,32773,1,c491f4791a93a71124b9219b05e718490cf6bd1c68b1ec8fc6a6550e31f844b1,1118,0,31,5
1,17,1,0,3,0.059870952000000005,0.044856,0.0034529999999999999,179486720,NA,NA,NA,NA,NA,NA,NA,NA,1968568,2240463,32773,1,c491f4791a93a71124b9219b05e718490cf6bd1c68b1ec8fc6a6550e31f844b1,682,0,34,2
1,17,0,0,1,0.057079101,0.035875999999999998,0.0097710000000000002,156295168,NA,NA,NA,NA,NA,NA,NA,NA,994016,407679,8197,1,76f10b65f44b546f736cef2848789238eb7a5f77ce08b564ccca55b5bdc08f36,1077,0,30,3
1,17,1,1,1,0.055358295000000002,0.040576000000000001,0.0033779999999999999,156119040,NA,NA,NA,NA,NA,NA,NA,NA,994016,407679,8197,1,76f10b65f44b546f736cef2848789238eb7a5f77ce08b564ccca55b5bdc08f36,1076,0,14,3
1,17,0,0,4,0.19718664200000002,0.15772899999999998,0.020140999999999999,428384256,NA,NA,NA,NA,NA,NA,NA,NA,5833440,1882629,26625,512,0f41e20848de6408cce7b1c5f57f0212c9401233ca75c7b6652c8ea62bfcd43f,1236,0,129,6
1,17,1,1,4,0.19789024900000002,0.16534099999999999,0.0135,428462080,NA,NA,NA,NA,NA,NA,NA,NA,5833440,1882629,26625,512,0f41e20848de6408cce7b1c5f57f0212c9401233ca75c7b6652c8ea62bfcd43f,791,0,212,3
1,17,0,0,0,0.018958973,0.0027649999999999997,0.0055269999999999998,55537664,NA,NA,NA,NA,NA,NA,NA,NA,2408,135,5,1,3d4d37e7dcef36139698862d60d536450dfb480779ac0676046a82e065e8af0f,585,0,10,3
1,17,1,1,0,0.020067321000000003,0.005607,0.0027879999999999997,55291904,NA,NA,NA,NA,NA,NA,NA,NA,2408,135,5,1,3d4d37e7dcef36139698862d60d536450dfb480779ac0676046a82e065e8af0f,1029,0,10,4
1,17,0,1,2,0.040615069000000004,0.022882,0.006535,131231744,NA,NA,NA,NA,NA,NA,NA,NA,837856,318511,16385,4096,b4f737276339a7626b246c204b626e79f9d9ec0f1f160233a5aa1c27728af83f,1070,0,22,4
1,17,1,0,2,0.040522130000000003,0.029389999999999999,0,131239936,NA,NA,NA,NA,NA,NA,NA,NA,837856,318511,16385,4096,b4f737276339a7626b246c204b626e79f9d9ec0f1f160233a5aa1c27728af83f,1069,0,22,5
1,18,0,0,4,0.19812110600000002,0.14906,0.029801999999999999,428449792,NA,NA,NA,NA,NA,NA,NA,NA,5833440,1882629,26625,512,0f41e20848de6408cce7b1c5f57f0212c9401233ca75c7b6652c8ea62bfcd43f,1235,0,110,8
1,18,1,1,4,0.19766276400000002,0.16852499999999998,0.010114,428367872,NA,NA,NA,NA,NA,NA,NA,NA,5833440,1882629,26625,512,0f41e20848de6408cce7b1c5f57f0212c9401233ca75c7b6652c8ea62bfcd43f,1236,0,126,6
1,18,0,0,2,0.040678030000000004,0.025815999999999999,0.0036899999999999997,131203072,NA,NA,NA,NA,NA,NA,NA,NA,837856,318511,16385,4096,b4f737276339a7626b246c204b626e79f9d9ec0f1f160233a5aa1c27728af83f,1071,0,23,2
1,18,1,1,2,0.040523089000000005,0.022089999999999999,0.007352,131473408,NA,NA,NA,NA,NA,NA,NA,NA,837856,318511,16385,4096,b4f737276339a7626b246c204b626e79f9d9ec0f1f160233a5aa1c27728af83f,629,0,21,1
1,18,0,0,1,0.055867290000000007,0.031744000000000001,0.012704999999999999,156487680,NA,NA,NA,NA,NA,NA,NA,NA,994016,407679,8197,1,76f10b65f44b546f736cef2848789238eb7a5f77ce08b564ccca55b5bdc08f36,1079,0,20,6
1,18,1,1,1,0.055243783000000005,0.037525999999999997,0.0062559999999999994,156557312,NA,NA,NA,NA,NA,NA,NA,NA,994016,407679,8197,1,76f10b65f44b546f736cef2848789238eb7a5f77ce08b564ccca55b5bdc08f36,1083,0,17,5
1,18,0,0,5,0.43514235200000001,0.38767199999999996,0.026738999999999999,1026043904,NA,NA,NA,NA,NA,NA,NA,NA,11457352,5690734,153602,512,388033e7552b3b3255277a47381a62d5067155e67b74e663ad0ac019ed72fc50,1139,0,224,6
1,18,1,1,5,0.43544005400000002,0.37137699999999996,0.043103999999999996,1026048000,NA,NA,NA,NA,NA,NA,NA,NA,11457352,5690734,153602,512,388033e7552b3b3255277a47381a62d5067155e67b74e663ad0ac019ed72fc50,1143,0,237,7
1,18,0,1,0,0.018564916000000001,0.0053949999999999996,0.0026999999999999997,55631872,NA,NA,NA,NA,NA,NA,NA,NA,2408,135,5,1,3d4d37e7dcef36139698862d60d536450dfb480779ac0676046a82e065e8af0f,587,0,12,3
1,18,1,0,0,0.019461716,0.0083409999999999995,0,55439360,NA,NA,NA,NA,NA,NA,NA,NA,2408,135,5,1,3d4d37e7dcef36139698862d60d536450dfb480779ac0676046a82e065e8af0f,1030,0,11,3
1,18,0,0,3,0.059492282,0.038269999999999998,0.0095689999999999994,179363840,NA,NA,NA,NA,NA,NA,NA,NA,1968568,2240463,32773,1,c491f4791a93a71124b9219b05e718490cf6bd1c68b1ec8fc6a6550e31f844b1,1120,0,58,4
1,18,1,1,3,0.059680816000000005,0.044455999999999996,0.0034199999999999999,179482624,NA,NA,NA,NA,NA,NA,NA,NA,1968568,2240463,32773,1,c491f4791a93a71124b9219b05e718490cf6bd1c68b1ec8fc6a6550e31f844b1,682,0,40,4
1,19,0,1,4,0.19854845500000001,0.16315499999999999,0.016319,428756992,NA,NA,NA,NA,NA,NA,NA,NA,5833440,1882629,26625,512,0f41e20848de6408cce7b1c5f57f0212c9401233ca75c7b6652c8ea62bfcd43f,793,0,181,5
1,19,1,0,4,0.198521685,0.15010599999999999,0.029363,428470272,NA,NA,NA,NA,NA,NA,NA,NA,5833440,1882629,26625,512,0f41e20848de6408cce7b1c5f57f0212c9401233ca75c7b6652c8ea62bfcd43f,784,0,188,6
1,19,0,1,2,0.04070505,0.026519999999999998,0.0033149999999999998,131399680,NA,NA,NA,NA,NA,NA,NA,NA,837856,318511,16385,4096,b4f737276339a7626b246c204b626e79f9d9ec0f1f160233a5aa1c27728af83f,625,0,18,3
1,19,1,0,2,0.040744114000000005,0.026372,0.0032859999999999999,131391488,NA,NA,NA,NA,NA,NA,NA,NA,837856,318511,16385,4096,b4f737276339a7626b246c204b626e79f9d9ec0f1f160233a5aa1c27728af83f,626,0,23,3
1,19,0,1,5,0.43892378200000004,0.36805899999999997,0.04684,1025740800,NA,NA,NA,NA,NA,NA,NA,NA,11457352,5690734,153602,512,388033e7552b3b3255277a47381a62d5067155e67b74e663ad0ac019ed72fc50,1583,0,246,8
1,19,1,0,5,0.43481050500000001,0.40437899999999999,0.010029999999999999,1025961984,NA,NA,NA,NA,NA,NA,NA,NA,11457352,5690734,153602,512,388033e7552b3b3255277a47381a62d5067155e67b74e663ad0ac019ed72fc50,1139,0,189,7
1,19,0,0,0,0.018868315,0.0042049999999999995,0.0042189999999999997,55369728,NA,NA,NA,NA,NA,NA,NA,NA,2408,135,5,1,3d4d37e7dcef36139698862d60d536450dfb480779ac0676046a82e065e8af0f,1030,0,12,4
1,19,1,1,0,0.018262528,0.003973,0.0039689999999999994,55410688,NA,NA,NA,NA,NA,NA,NA,NA,2408,135,5,1,3d4d37e7dcef36139698862d60d536450dfb480779ac0676046a82e065e8af0f,1026,0,13,3
1,19,0,1,3,0.059524803000000001,0.044165999999999997,0.0033989999999999997,179044352,NA,NA,NA,NA,NA,NA,NA,NA,1968568,2240463,32773,1,c491f4791a93a71124b9219b05e718490cf6bd1c68b1ec8fc6a6550e31f844b1,1119,0,36,5
1,19,1,0,3,0.059343513000000001,0.041763999999999996,0.0064259999999999994,179310592,NA,NA,NA,NA,NA,NA,NA,NA,1968568,2240463,32773,1,c491f4791a93a71124b9219b05e718490cf6bd1c68b1ec8fc6a6550e31f844b1,1122,0,59,5
1,19,0,1,1,0.055298996000000003,0.037245,0.00677,156405760,NA,NA,NA,NA,NA,NA,NA,NA,994016,407679,8197,1,76f10b65f44b546f736cef2848789238eb7a5f77ce08b564ccca55b5bdc08f36,636,0,19,3
1,19,1,0,1,0.055852151000000003,0.037443999999999998,0.0068049999999999994,156467200,NA,NA,NA,NA,NA,NA,NA,NA,994016,407679,8197,1,76f10b65f44b546f736cef2848789238eb7a5f77ce08b564ccca55b5bdc08f36,1084,0,48,3
1,20,0,1,4,0.19782855600000002,0.168875,0.0099379999999999989,428273664,NA,NA,NA,NA,NA,NA,NA,NA,5833440,1882629,26625,512,0f41e20848de6408cce7b1c5f57f0212c9401233ca75c7b6652c8ea62bfcd43f,1234,0,149,4
1,20,1,0,4,0.19769663800000001,0.15490899999999999,0.023581999999999999,428462080,NA,NA,NA,NA,NA,NA,NA,NA,5833440,1882629,26625,512,0f41e20848de6408cce7b1c5f57f0212c9401233ca75c7b6652c8ea62bfcd43f,1242,0,176,5
1,20,0,1,1,0.055735763000000001,0.034562999999999997,0.0094289999999999999,156332032,NA,NA,NA,NA,NA,NA,NA,NA,994016,407679,8197,1,76f10b65f44b546f736cef2848789238eb7a5f77ce08b564ccca55b5bdc08f36,1079,0,29,4
1,20,1,0,1,0.055578870000000002,0.033893,0.010168999999999999,156368896,NA,NA,NA,NA,NA,NA,NA,NA,994016,407679,8197,1,76f10b65f44b546f736cef2848789238eb7a5f77ce08b564ccca55b5bdc08f36,1078,0,51,4
1,20,0,0,5,0.442618756,0.36394499999999996,0.049632999999999997,1025818624,NA,NA,NA,NA,NA,NA,NA,NA,11457352,5690734,153602,512,388033e7552b3b3255277a47381a62d5067155e67b74e663ad0ac019ed72fc50,1584,0,207,7
1,20,1,1,5,0.43489712800000002,0.35878699999999997,0.056464,1025695744,NA,NA,NA,NA,NA,NA,NA,NA,11457352,5690734,153602,512,388033e7552b3b3255277a47381a62d5067155e67b74e663ad0ac019ed72fc50,1582,0,263,5
1,20,0,1,0,0.019635973000000001,0.0043819999999999996,0.0043699999999999998,55459840,NA,NA,NA,NA,NA,NA,NA,NA,2408,135,5,1,3d4d37e7dcef36139698862d60d536450dfb480779ac0676046a82e065e8af0f,1062,0,12,3
1,20,1,0,0,0.018961589000000001,0.0081770000000000002,0,55275520,NA,NA,NA,NA,NA,NA,NA,NA,2408,135,5,1,3d4d37e7dcef36139698862d60d536450dfb480779ac0676046a82e065e8af0f,1027,0,10,3
1,20,0,0,2,0.04073152,0.022114999999999999,0.0073850000000000001,131158016,NA,NA,NA,NA,NA,NA,NA,NA,837856,318511,16385,4096,b4f737276339a7626b246c204b626e79f9d9ec0f1f160233a5aa1c27728af83f,1069,0,19,4
1,20,1,1,2,0.041049195000000004,0.026162999999999999,0.0037369999999999999,131047424,NA,NA,NA,NA,NA,NA,NA,NA,837856,318511,16385,4096,b4f737276339a7626b246c204b626e79f9d9ec0f1f160233a5aa1c27728af83f,1107,0,23,3
1,20,0,0,3,0.060176295000000005,0.038508000000000001,0.0096139999999999993,179552256,NA,NA,NA,NA,NA,NA,NA,NA,1968568,2240463,32773,1,c491f4791a93a71124b9219b05e718490cf6bd1c68b1ec8fc6a6550e31f844b1,679,0,29,5
1,20,1,1,3,0.059284372000000002,0.031874,0.015945999999999998,179552256,NA,NA,NA,NA,NA,NA,NA,NA,1968568,2240463,32773,1,c491f4791a93a71124b9219b05e718490cf6bd1c68b1ec8fc6a6550e31f844b1,681,0,63,4
1,21,0,0,0,0.019088927000000002,0.0041640000000000002,0.0041649999999999994,55324672,NA,NA,NA,NA,NA,NA,NA,NA,2408,135,5,1,3d4d37e7dcef36139698862d60d536450dfb480779ac0676046a82e065e8af0f,1025,0,12,3
1,21,1,1,0,0.018360482000000001,0.0078379999999999995,0,55521280,NA,NA,NA,NA,NA,NA,NA,NA,2408,135,5,1,3d4d37e7dcef36139698862d60d536450dfb480779ac0676046a82e065e8af0f,586,0,11,3
1,21,0,1,2,0.040484097000000004,0.025999999999999999,0.0032539999999999999,131092480,NA,NA,NA,NA,NA,NA,NA,NA,837856,318511,16385,4096,b4f737276339a7626b246c204b626e79f9d9ec0f1f160233a5aa1c27728af83f,1067,0,26,4
1,21,1,0,2,0.040367798000000003,0.029448999999999999,0,131231744,NA,NA,NA,NA,NA,NA,NA,NA,837856,318511,16385,4096,b4f737276339a7626b246c204b626e79f9d9ec0f1f160233a5aa1c27728af83f,1068,0,19,3
1,21,0,1,3,0.059786814000000001,0.041340999999999996,0.0063660000000000001,179286016,NA,NA,NA,NA,NA,NA,NA,NA,1968568,2240463,32773,1,c491f4791a93a71124b9219b05e718490cf6bd1c68b1ec8fc6a6550e31f844b1,1124,0,56,4
1,21,1,0,3,0.061101426,0.033829999999999999,0.015385999999999999,179122176,NA,NA,NA,NA,NA,NA,NA,NA,1968568,2240463,32773,1,c491f4791a93a71124b9219b05e718490cf6bd1c68b1ec8fc6a6550e31f844b1,1121,0,44,4
1,21,0,0,1,0.055781339000000006,0.034717999999999999,0.0094649999999999995,156364800,NA,NA,NA,NA,NA,NA,NA,NA,994016,407679,8197,1,76f10b65f44b546f736cef2848789238eb7a5f77ce08b564ccca55b5bdc08f36,1079,0,17,2
1,21,1,1,1,0.055302642000000006,0.037575999999999998,0.0062649999999999997,156377088,NA,NA,NA,NA,NA,NA,NA,NA,994016,407679,8197,1,76f10b65f44b546f736cef2848789238eb7a5f77ce08b564ccca55b5bdc08f36,1079,0,16,4
1,21,0,0,4,0.197658468,0.15248999999999999,0.025953,428711936,NA,NA,NA,NA,NA,NA,NA,NA,5833440,1882629,26625,512,0f41e20848de6408cce7b1c5f57f0212c9401233ca75c7b6652c8ea62bfcd43f,793,0,130,5
1,21,1,1,4,0.197641967,0.15483,0.023559,428445696,NA,NA,NA,NA,NA,NA,NA,NA,5833440,1882629,26625,512,0f41e20848de6408cce7b1c5f57f0212c9401233ca75c7b6652c8ea62bfcd43f,1235,0,128,8
1,21,0,1,5,0.43620764200000001,0.37229199999999996,0.043188999999999998,1025806336,NA,NA,NA,NA,NA,NA,NA,NA,11457352,5690734,153602,512,388033e7552b3b3255277a47381a62d5067155e67b74e663ad0ac019ed72fc50,1136,0,283,7
1,21,1,0,5,0.44086297600000002,0.38548199999999999,0.026783999999999999,1025671168,NA,NA,NA,NA,NA,NA,NA,NA,11457352,5690734,153602,512,388033e7552b3b3255277a47381a62d5067155e67b74e663ad0ac019ed72fc50,1588,0,152,6
1,22,0,1,2,0.041248117000000001,0.023191999999999997,0.0066309999999999997,131145728,NA,NA,NA,NA,NA,NA,NA,NA,837856,318511,16385,4096,b4f737276339a7626b246c204b626e79f9d9ec0f1f160233a5aa1c27728af83f,1069,0,26,5
1,22,1,0,2,0.041380676000000005,0.021004999999999999,0.0089769999999999989,131010560,NA,NA,NA,NA,NA,NA,NA,NA,837856,318511,16385,4096,b4f737276339a7626b246c204b626e79f9d9ec0f1f160233a5aa1c27728af83f,1067,0,27,3
1,22,0,0,1,0.055868223000000002,0.037495000000000001,0.0068149999999999999,156393472,NA,NA,NA,NA,NA,NA,NA,NA,994016,407679,8197,1,76f10b65f44b546f736cef2848789238eb7a5f77ce08b564ccca55b5bdc08f36,1080,0,36,2
1,22,1,1,1,0.055407448000000005,0.040504999999999999,0.0033759999999999997,156651520,NA,NA,NA,NA,NA,NA,NA,NA,994016,407679,8197,1,76f10b65f44b546f736cef2848789238eb7a5f77ce08b564ccca55b5bdc08f36,639,0,28,3
1,22,0,1,5,0.43804490500000004,0.35658699999999999,0.060564,1025740800,NA,NA,NA,NA,NA,NA,NA,NA,11457352,5690734,153602,512,388033e7552b3b3255277a47381a62d5067155e67b74e663ad0ac019ed72fc50,1582,0,171,7
1,22,1,0,5,0.43452486000000001,0.38046799999999997,0.033382000000000002,1025810432,NA,NA,NA,NA,NA,NA,NA,NA,11457352,5690734,153602,512,388033e7552b3b3255277a47381a62d5067155e67b74e663ad0ac019ed72fc50,1583,0,289,6
1,22,0,1,3,0.059389881000000005,0.041029999999999997,0.0068439999999999994,179326976,NA,NA,NA,NA,NA,NA,NA,NA,1968568,2240463,32773,1,c491f4791a93a71124b9219b05e718490cf6bd1c68b1ec8fc6a6550e31f844b1,1155,0,33,2
1,22,1,0,3,0.061601845000000002,0.049423999999999996,0,179474432,NA,NA,NA,NA,NA,NA,NA,NA,1968568,2240463,32773,1,c491f4791a93a71124b9219b05e718490cf6bd1c68b1ec8fc6a6550e31f844b1,1162,0,21,3
1,22,0,0,0,0.0199171,0.0087340000000000004,0,55287808,NA,NA,NA,NA,NA,NA,NA,NA,2408,135,5,1,3d4d37e7dcef36139698862d60d536450dfb480779ac0676046a82e065e8af0f,1041,0,10,3
1,22,1,1,0,0.019612790000000001,0.005568,0.0027849999999999997,55160832,NA,NA,NA,NA,NA,NA,NA,NA,2408,135,5,1,3d4d37e7dcef36139698862d60d536450dfb480779ac0676046a82e065e8af0f,1024,0,9,4
1,22,0,0,4,0.197385485,0.16116,0.01678,428666880,NA,NA,NA,NA,NA,NA,NA,NA,5833440,1882629,26625,512,0f41e20848de6408cce7b1c5f57f0212c9401233ca75c7b6652c8ea62bfcd43f,796,0,135,7
1,22,1,1,4,0.19887422600000002,0.16291,0.016629999999999999,428859392,NA,NA,NA,NA,NA,NA,NA,NA,5833440,1882629,26625,512,0f41e20848de6408cce7b1c5f57f0212c9401233ca75c7b6652c8ea62bfcd43f,793,0,145,3
1,23,0,0,5,0.44096222100000004,0.36564199999999997,0.046522000000000001,1025929216,NA,NA,NA,NA,NA,NA,NA,NA,11457352,5690734,153602,512,388033e7552b3b3255277a47381a62d5067155e67b74e663ad0ac019ed72fc50,1139,0,127,6
1,23,1,1,5,0.44569255600000002,0.36999199999999999,0.046258000000000001,1026007040,NA,NA,NA,NA,NA,NA,NA,NA,11457352,5690734,153602,512,388033e7552b3b3255277a47381a62d5067155e67b74e663ad0ac019ed72fc50,1142,0,191,7
1,23,0,1,1,0.055755841,0.037130999999999997,0.006757,156426240,NA,NA,NA,NA,NA,NA,NA,NA,994016,407679,8197,1,76f10b65f44b546f736cef2848789238eb7a5f77ce08b564ccca55b5bdc08f36,1084,0,19,4
1,23,1,0,1,0.055817436000000005,0.030618999999999997,0.013609999999999999,156356608,NA,NA,NA,NA,NA,NA,NA,NA,994016,407679,8197,1,76f10b65f44b546f736cef2848789238eb7a5f77ce08b564ccca55b5bdc08f36,1081,0,21,4
1,23,0,0,2,0.040938957000000005,0.023045,0.0065859999999999998,131104768,NA,NA,NA,NA,NA,NA,NA,NA,837856,318511,16385,4096,b4f737276339a7626b246c204b626e79f9d9ec0f1f160233a5aa1c27728af83f,1093,0,20,2
1,23,1,1,2,0.041013618000000002,0.019843,0.0099059999999999999,131239936,NA,NA,NA,NA,NA,NA,NA,NA,837856,318511,16385,4096,b4f737276339a7626b246c204b626e79f9d9ec0f1f160233a5aa1c27728af83f,1069,0,30,4
1,23,0,0,3,0.060431773000000001,0.035749999999999997,0.013004999999999999,179200000,NA,NA,NA,NA,NA,NA,NA,NA,1968568,2240463,32773,1,c491f4791a93a71124b9219b05e718490cf6bd1c68b1ec8fc6a6550e31f844b1,1120,0,32,5
1,23,1,1,3,0.059338304000000001,0.031835999999999996,0.015911999999999999,179093504,NA,NA,NA,NA,NA,NA,NA,NA,1968568,2240463,32773,1,c491f4791a93a71124b9219b05e718490cf6bd1c68b1ec8fc6a6550e31f844b1,1120,0,40,4
1,23,0,1,0,0.019114735000000001,0.0027539999999999999,0.0055169999999999993,54968320,NA,NA,NA,NA,NA,NA,NA,NA,2408,135,5,1,3d4d37e7dcef36139698862d60d536450dfb480779ac0676046a82e065e8af0f,1022,0,12,4
1,23,1,0,0,0.018547172000000001,0.0026189999999999998,0.0052379999999999996,55611392,NA,NA,NA,NA,NA,NA,NA,NA,2408,135,5,1,3d4d37e7dcef36139698862d60d536450dfb480779ac0676046a82e065e8af0f,586,0,12,3
1,23,0,1,4,0.197192274,0.14774299999999999,0.030217999999999998,428302336,NA,NA,NA,NA,NA,NA,NA,NA,5833440,1882629,26625,512,0f41e20848de6408cce7b1c5f57f0212c9401233ca75c7b6652c8ea62bfcd43f,1233,0,192,7
1,23,1,0,4,0.19801721900000002,0.16866199999999998,0.010121,428838912,NA,NA,NA,NA,NA,NA,NA,NA,5833440,1882629,26625,512,0f41e20848de6408cce7b1c5f57f0212c9401233ca75c7b6652c8ea62bfcd43f,795,0,198,4
1,24,0,0,3,0.060339179000000007,0.042186999999999995,0.0064659999999999995,179466240,NA,NA,NA,NA,NA,NA,NA,NA,1968568,2240463,32773,1,c491f4791a93a71124b9219b05e718490cf6bd1c68b1ec8fc6a6550e31f844b1,678,0,38,3
1,24,1,1,3,0.059894406000000004,0.038490999999999997,0.0096309999999999989,179138560,NA,NA,NA,NA,NA,NA,NA,NA,1968568,2240463,32773,1,c491f4791a93a71124b9219b05e718490cf6bd1c68b1ec8fc6a6550e31f844b1,1121,0,51,5
1,24,0,1,2,0.040723534000000006,0.022990999999999998,0.0065709999999999996,131465216,NA,NA,NA,NA,NA,NA,NA,NA,837856,318511,16385,4096,b4f737276339a7626b246c204b626e79f9d9ec0f1f160233a5aa1c27728af83f,622,0,24,3
1,24,1,0,2,0.041016003000000002,0.023092999999999999,0.0066059999999999999,130965504,NA,NA,NA,NA,NA,NA,NA,NA,837856,318511,16385,4096,b4f737276339a7626b246c204b626e79f9d9ec0f1f160233a5aa1c27728af83f,1066,0,28,3
1,24,0,0,0,0.018911355000000001,0.0041510000000000002,0.0041329999999999995,55320576,NA,NA,NA,NA,NA,NA,NA,NA,2408,135,5,1,3d4d37e7dcef36139698862d60d536450dfb480779ac0676046a82e065e8af0f,1025,0,11,3
1,24,1,1,0,0.020033207000000001,0.0082979999999999998,0,55136256,NA,NA,NA,NA,NA,NA,NA,NA,2408,135,5,1,3d4d37e7dcef36139698862d60d536450dfb480779ac0676046a82e065e8af0f,1023,0,9,3
1,24,0,1,4,0.19795800900000002,0.158441,0.020208,428355584,NA,NA,NA,NA,NA,NA,NA,NA,5833440,1882629,26625,512,0f41e20848de6408cce7b1c5f57f0212c9401233ca75c7b6652c8ea62bfcd43f,1237,0,178,6
1,24,1,0,4,0.19900126400000001,0.162553,0.016920999999999999,428593152,NA,NA,NA,NA,NA,NA,NA,NA,5833440,1882629,26625,512,0f41e20848de6408cce7b1c5f57f0212c9401233ca75c7b6652c8ea62bfcd43f,785,0,181,6
1,24,0,1,1,0.055661124000000006,0.040758999999999997,0.003398,156405760,NA,NA,NA,NA,NA,NA,NA,NA,994016,407679,8197,1,76f10b65f44b546f736cef2848789238eb7a5f77ce08b564ccca55b5bdc08f36,1080,0,41,2
1,24,1,0,1,0.055691991000000003,0.030459999999999997,0.013542999999999999,156647424,NA,NA,NA,NA,NA,NA,NA,NA,994016,407679,8197,1,76f10b65f44b546f736cef2848789238eb7a5f77ce08b564ccca55b5bdc08f36,638,0,47,3
1,24,0,1,5,0.43792063200000003,0.35453999999999997,0.062371999999999997,1025744896,NA,NA,NA,NA,NA,NA,NA,NA,11457352,5690734,153602,512,388033e7552b3b3255277a47381a62d5067155e67b74e663ad0ac019ed72fc50,1580,0,236,7
1,24,1,0,5,0.43599069600000001,0.35851299999999997,0.056436,1025806336,NA,NA,NA,NA,NA,NA,NA,NA,11457352,5690734,153602,512,388033e7552b3b3255277a47381a62d5067155e67b74e663ad0ac019ed72fc50,1585,0,178,7
1,25,0,0,5,0.44482068100000005,0.37912199999999996,0.036552999999999995,1025626112,NA,NA,NA,NA,NA,NA,NA,NA,11457352,5690734,153602,512,388033e7552b3b3255277a47381a62d5067155e67b74e663ad0ac019ed72fc50,1581,0,141,6
1,25,1,1,5,0.43556989800000001,0.35817199999999999,0.056375999999999996,1026015232,NA,NA,NA,NA,NA,NA,NA,NA,11457352,5690734,153602,512,388033e7552b3b3255277a47381a62d5067155e67b74e663ad0ac019ed72fc50,1141,0,53,8
1,25,0,0,4,0.19804853900000002,0.155061,0.023604999999999998,428355584,NA,NA,NA,NA,NA,NA,NA,NA,5833440,1882629,26625,512,0f41e20848de6408cce7b1c5f57f0212c9401233ca75c7b6652c8ea62bfcd43f,791,0,166,4
1,25,1,1,4,0.19838983700000001,0.16873199999999999,0.010126,428511232,NA,NA,NA,NA,NA,NA,NA,NA,5833440,1882629,26625,512,0f41e20848de6408cce7b1c5f57f0212c9401233ca75c7b6652c8ea62bfcd43f,791,0,205,5
1,25,0,1,0,0.019486081000000002,0.0043089999999999995,0.0043109999999999997,55402496,NA,NA,NA,NA,NA,NA,NA,NA,2408,135,5,1,3d4d37e7dcef36139698862d60d536450dfb480779ac0676046a82e065e8af0f,1031,0,12,4
1,25,1,0,0,0.019447168000000001,0.004267,0.0042820000000000002,55435264,NA,NA,NA,NA,NA,NA,NA,NA,2408,135,5,1,3d4d37e7dcef36139698862d60d536450dfb480779ac0676046a82e065e8af0f,1065,0,9,3
1,25,0,0,2,0.040222395000000001,0.025451999999999999,0.0036469999999999996,131137536,NA,NA,NA,NA,NA,NA,NA,NA,837856,318511,16385,4096,b4f737276339a7626b246c204b626e79f9d9ec0f1f160233a5aa1c27728af83f,1068,0,19,4
1,25,1,1,2,0.040914162000000004,0.029562999999999999,0,131100672,NA,NA,NA,NA,NA,NA,NA,NA,837856,318511,16385,4096,b4f737276339a7626b246c204b626e79f9d9ec0f1f160233a5aa1c27728af83f,1070,0,24,3
1,25,0,1,3,0.059862785000000002,0.041098999999999997,0.0068499999999999993,179351552,NA,NA,NA,NA,NA,NA,NA,NA,1968568,2240463,32773,1,c491f4791a93a71124b9219b05e718490cf6bd1c68b1ec8fc6a6550e31f844b1,1126,0,45,5
1,25,1,0,3,0.060176344000000007,0.038893999999999998,0.0097059999999999994,179212288,NA,NA,NA,NA,NA,NA,NA,NA,1968568,2240463,32773,1,c491f4791a93a71124b9219b05e718490cf6bd1c68b1ec8fc6a6550e31f844b1,1122,0,36,4
1,25,0,0,1,0.055431724000000002,0.033857999999999999,0.010159999999999999,156708864,NA,NA,NA,NA,NA,NA,NA,NA,994016,407679,8197,1,76f10b65f44b546f736cef2848789238eb7a5f77ce08b564ccca55b5bdc08f36,634,0,28,3
1,25,1,1,1,0.055364548000000006,0.037027999999999998,0.006731,156475392,NA,NA,NA,NA,NA,NA,NA,NA,994016,407679,8197,1,76f10b65f44b546f736cef2848789238eb7a5f77ce08b564ccca55b5bdc08f36,1083,0,41,4
1,26,0,0,1,0.055562178000000004,0.031474999999999996,0.012572999999999999,156258304,NA,NA,NA,NA,NA,NA,NA,NA,994016,407679,8197,1,76f10b65f44b546f736cef2848789238eb7a5f77ce08b564ccca55b5bdc08f36,1080,0,20,3
1,26,1,1,1,0.055168160000000001,0.033551999999999998,0.010053999999999999,156389376,NA,NA,NA,NA,NA,NA,NA,NA,994016,407679,8197,1,76f10b65f44b546f736cef2848789238eb7a5f77ce08b564ccca55b5bdc08f36,1082,0,17,6
1,26,0,1,2,0.040929862000000004,0.019793999999999999,0.0098909999999999988,131190784,NA,NA,NA,NA,NA,NA,NA,NA,837856,318511,16385,4096,b4f737276339a7626b246c204b626e79f9d9ec0f1f160233a5aa1c27728af83f,1070,0,25,3
1,26,1,0,2,0.041365217000000003,0.017877999999999998,0.011920999999999999,131006464,NA,NA,NA,NA,NA,NA,NA,NA,837856,318511,16385,4096,b4f737276339a7626b246c204b626e79f9d9ec0f1f160233a5aa1c27728af83f,1066,0,29,3
1,26,0,0,3,0.060339730000000001,0.042363999999999999,0.0060549999999999996,179617792,NA,NA,NA,NA,NA,NA,NA,NA,1968568,2240463,32773,1,c491f4791a93a71124b9219b05e718490cf6bd1c68b1ec8fc6a6550e31f844b1,681,0,29,3
1,26,1,1,3,0.060158741000000002,0.038635999999999997,0.0096530000000000001,179539968,NA,NA,NA,NA,NA,NA,NA,NA,1968568,2240463,32773,1,c491f4791a93a71124b9219b05e718490cf6bd1c68b1ec8fc6a6550e31f844b1,675,0,52,4
1,26,0,0,0,0.019110819000000001,0.0054589999999999994,0.0027309999999999999,55095296,NA,NA,NA,NA,NA,NA,NA,NA,2408,135,5,1,3d4d37e7dcef36139698862d60d536450dfb480779ac0676046a82e065e8af0f,1024,0,13,3
1,26,1,1,0,0.018019673999999999,0.0075179999999999995,0,55377920,NA,NA,NA,NA,NA,NA,NA,NA,2408,135,5,1,3d4d37e7dcef36139698862d60d536450dfb480779ac0676046a82e065e8af0f,1029,0,11,3
1,26,0,0,4,0.19721176000000001,0.157808,0.020139999999999998,428462080,NA,NA,NA,NA,NA,NA,NA,NA,5833440,1882629,26625,512,0f41e20848de6408cce7b1c5f57f0212c9401233ca75c7b6652c8ea62bfcd43f,1242,0,164,8
1,26,1,1,4,0.20012453700000002,0.16061699999999998,0.020073999999999998,428437504,NA,NA,NA,NA,NA,NA,NA,NA,5833440,1882629,26625,512,0f41e20848de6408cce7b1c5f57f0212c9401233ca75c7b6652c8ea62bfcd43f,1238,0,163,6
1,26,0,1,5,0.43803353300000003,0.36298199999999997,0.053792,1025646592,NA,NA,NA,NA,NA,NA,NA,NA,11457352,5690734,153602,512,388033e7552b3b3255277a47381a62d5067155e67b74e663ad0ac019ed72fc50,1589,0,151,6
1,26,1,0,5,0.43416556500000003,0.35250699999999996,0.060413999999999995,1026064384,NA,NA,NA,NA,NA,NA,NA,NA,11457352,5690734,153602,512,388033e7552b3b3255277a47381a62d5067155e67b74e663ad0ac019ed72fc50,1141,0,182,7
1,27,0,1,3,0.059324077000000003,0.031876999999999996,0.015945999999999998,178978816,NA,NA,NA,NA,NA,NA,NA,NA,1968568,2240463,32773,1,c491f4791a93a71124b9219b05e718490cf6bd1c68b1ec8fc6a6550e31f844b1,1118,0,49,4
1,27,1,0,3,0.061147974000000001,0.042698,0.0065659999999999998,179511296,NA,NA,NA,NA,NA,NA,NA,NA,1968568,2240463,32773,1,c491f4791a93a71124b9219b05e718490cf6bd1c68b1ec8fc6a6550e31f844b1,679,0,67,4
1,27,0,1,4,0.19738834100000002,0.14844499999999999,0.029694999999999999,428408832,NA,NA,NA,NA,NA,NA,NA,NA,5833440,1882629,26625,512,0f41e20848de6408cce7b1c5f57f0212c9401233ca75c7b6652c8ea62bfcd43f,1239,0,123,6
1,27,1,0,4,0.19789975000000001,0.15262599999999998,0.025978999999999999,428273664,NA,NA,NA,NA,NA,NA,NA,NA,5833440,1882629,26625,512,0f41e20848de6408cce7b1c5f57f0212c9401233ca75c7b6652c8ea62bfcd43f,1234,0,143,4
1,27,0,0,2,0.040691124000000002,0.023757999999999998,0.0059289999999999994,131235840,NA,NA,NA,NA,NA,NA,NA,NA,837856,318511,16385,4096,b4f737276339a7626b246c204b626e79f9d9ec0f1f160233a5aa1c27728af83f,1071,0,37,2
1,27,1,1,2,0.040898251000000004,0.026685999999999998,0.0029649999999999998,131076096,NA,NA,NA,NA,NA,NA,NA,NA,837856,318511,16385,4096,b4f737276339a7626b246c204b626e79f9d9ec0f1f160233a5aa1c27728af83f,1070,0,21,3
1,27,0,1,0,0.028248680000000002,0.0053879999999999996,0.0027039999999999998,55513088,NA,NA,NA,NA,NA,NA,NA,NA,2408,135,5,1,3d4d37e7dcef36139698862d60d536450dfb480779ac0676046a82e065e8af0f,585,0,10,4
1,27,1,0,0,0.021344674000000001,0.0079799999999999992,0,55255040,NA,NA,NA,NA,NA,NA,NA,NA,2408,135,5,1,3d4d37e7dcef36139698862d60d536450dfb480779ac0676046a82e065e8af0f,1025,0,11,3
1,27,0,1,1,0.055406496000000006,0.040474999999999997,0.003372,156241920,NA,NA,NA,NA,NA,NA,NA,NA,994016,407679,8197,1,76f10b65f44b546f736cef2848789238eb7a5f77ce08b564ccca55b5bdc08f36,1077,0,26,5
1,27,1,0,1,0.055784284000000003,0.034809,0.0094780000000000003,156549120,NA,NA,NA,NA,NA,NA,NA,NA,994016,407679,8197,1,76f10b65f44b546f736cef2848789238eb7a5f77ce08b564ccca55b5bdc08f36,1084,0,22,3
1,27,0,0,5,0.44221795300000005,0.36448900000000001,0.050147999999999998,1025642496,NA,NA,NA,NA,NA,NA,NA,NA,11457352,5690734,153602,512,388033e7552b3b3255277a47381a62d5067155e67b74e663ad0ac019ed72fc50,1582,0,140,7
1,27,1,1,5,0.44647640400000005,0.38545799999999997,0.030175999999999998,1025736704,NA,NA,NA,NA,NA,NA,NA,NA,11457352,5690734,153602,512,388033e7552b3b3255277a47381a62d5067155e67b74e663ad0ac019ed72fc50,1587,0,322,5
1,28,0,0,3,0.064655446000000005,0.041539,0.006927,179204096,NA,NA,NA,NA,NA,NA,NA,NA,1968568,2240463,32773,1,c491f4791a93a71124b9219b05e718490cf6bd1c68b1ec8fc6a6550e31f844b1,1123,0,28,5
1,28,1,1,3,0.059371937000000007,0.038296999999999998,0.0095689999999999994,179175424,NA,NA,NA,NA,NA,NA,NA,NA,1968568,2240463,32773,1,c491f4791a93a71124b9219b05e718490cf6bd1c68b1ec8fc6a6550e31f844b1,1120,0,41,4
1,28,0,0,5,0.43011788100000004,0.37726099999999996,0.036711000000000001,1025695744,NA,NA,NA,NA,NA,NA,NA,NA,11457352,5690734,153602,512,388033e7552b3b3255277a47381a62d5067155e67b74e663ad0ac019ed72fc50,1582,0,177,6
1,28,1,1,5,0.437393003,0.38026799999999999,0.036382999999999999,1025830912,NA,NA,NA,NA,NA,NA,NA,NA,11457352,5690734,153602,512,388033e7552b3b3255277a47381a62d5067155e67b74e663ad0ac019ed72fc50,1135,0,229,6
1,28,0,1,1,0.055200070000000004,0.033524999999999999,0.010059999999999999,156479488,NA,NA,NA,NA,NA,NA,NA,NA,994016,407679,8197,1,76f10b65f44b546f736cef2848789238eb7a5f77ce08b564ccca55b5bdc08f36,628,0,24,6
1,28,1,0,1,0.055710166000000005,0.037724000000000001,0.0062969999999999996,156504064,NA,NA,NA,NA,NA,NA,NA,NA,994016,407679,8197,1,76f10b65f44b546f736cef2848789238eb7a5f77ce08b564ccca55b5bdc08f36,1082,0,25,4
1,28,0,0,2,0.040485177000000004,0.017658,0.011776,131371008,NA,NA,NA,NA,NA,NA,NA,NA,837856,318511,16385,4096,b4f737276339a7626b246c204b626e79f9d9ec0f1f160233a5aa1c27728af83f,624,0,31,4
1,28,1,1,2,0.040632485000000003,0.020697999999999998,0.0088430000000000002,131469312,NA,NA,NA,NA,NA,NA,NA,NA,837856,318511,16385,4096,b4f737276339a7626b246c204b626e79f9d9ec0f1f160233a5aa1c27728af83f,627,0,21,3
1,28,0,1,0,0.018901817000000001,0.0083000000000000001,0,55353344,NA,NA,NA,NA,NA,NA,NA,NA,2408,135,5,1,3d4d37e7dcef36139698862d60d536450dfb480779ac0676046a82e065e8af0f,1029,0,10,3
1,28,1,0,0,0.019511268000000002,0.0041510000000000002,0.0041770000000000002,55177216,NA,NA,NA,NA,NA,NA,NA,NA,2408,135,5,1,3d4d37e7dcef36139698862d60d536450dfb480779ac0676046a82e065e8af0f,1024,0,10,4
1,28,0,0,4,0.19704184100000002,0.177948,0,428568576,NA,NA,NA,NA,NA,NA,NA,NA,5833440,1882629,26625,512,0f41e20848de6408cce7b1c5f57f0212c9401233ca75c7b6652c8ea62bfcd43f,1239,0,179,6
1,28,1,1,4,0.19821202500000001,0.16875599999999999,0.010128,428429312,NA,NA,NA,NA,NA,NA,NA,NA,5833440,1882629,26625,512,0f41e20848de6408cce7b1c5f57f0212c9401233ca75c7b6652c8ea62bfcd43f,1241,0,143,5
1,29,0,1,4,0.19808978500000002,0.15901399999999999,0.019875999999999998,428699648,NA,NA,NA,NA,NA,NA,NA,NA,5833440,1882629,26625,512,0f41e20848de6408cce7b1c5f57f0212c9401233ca75c7b6652c8ea62bfcd43f,795,0,176,5
1,29,1,0,4,0.20911632600000002,0.15922600000000001,0.019906,428363776,NA,NA,NA,NA,NA,NA,NA,NA,5833440,1882629,26625,512,0f41e20848de6408cce7b1c5f57f0212c9401233ca75c7b6652c8ea62bfcd43f,1234,0,182,4
1,29,0,0,0,0.019310361000000002,0.0042239999999999995,0.0042249999999999996,55681024,NA,NA,NA,NA,NA,NA,NA,NA,2408,135,5,1,3d4d37e7dcef36139698862d60d536450dfb480779ac0676046a82e065e8af0f,580,0,11,3
1,29,1,1,0,0.019281478000000001,0.0082769999999999996,0,55390208,NA,NA,NA,NA,NA,NA,NA,NA,2408,135,5,1,3d4d37e7dcef36139698862d60d536450dfb480779ac0676046a82e065e8af0f,580,0,9,3
1,29,0,0,1,0.055248040000000005,0.036919,0.0067199999999999994,156430336,NA,NA,NA,NA,NA,NA,NA,NA,994016,407679,8197,1,76f10b65f44b546f736cef2848789238eb7a5f77ce08b564ccca55b5bdc08f36,1079,0,34,4
1,29,1,1,1,0.055369747000000004,0.028164999999999999,0.015637999999999999,156352512,NA,NA,NA,NA,NA,NA,NA,NA,994016,407679,8197,1,76f10b65f44b546f736cef2848789238eb7a5f77ce08b564ccca55b5bdc08f36,1078,0,21,3
1,29,0,1,2,0.040591397000000001,0.029467999999999998,0,131362816,NA,NA,NA,NA,NA,NA,NA,NA,837856,318511,16385,4096,b4f737276339a7626b246c204b626e79f9d9ec0f1f160233a5aa1c27728af83f,629,0,22,3
1,29,1,0,2,0.040849942,0.029767999999999999,0,131018752,NA,NA,NA,NA,NA,NA,NA,NA,837856,318511,16385,4096,b4f737276339a7626b246c204b626e79f9d9ec0f1f160233a5aa1c27728af83f,1068,0,14,4
1,29,0,1,5,0.43601428900000005,0.36568999999999996,0.049866000000000001,1025675264,NA,NA,NA,NA,NA,NA,NA,NA,11457352,5690734,153602,512,388033e7552b3b3255277a47381a62d5067155e67b74e663ad0ac019ed72fc50,1604,0,159,5
1,29,1,0,5,0.444299414,0.37212999999999996,0.043195999999999998,1025597440,NA,NA,NA,NA,NA,NA,NA,NA,11457352,5690734,153602,512,388033e7552b3b3255277a47381a62d5067155e67b74e663ad0ac019ed72fc50,1579,0,136,7
1,29,0,1,3,0.059856814000000001,0.035262999999999996,0.012806999999999999,178864128,NA,NA,NA,NA,NA,NA,NA,NA,1968568,2240463,32773,1,c491f4791a93a71124b9219b05e718490cf6bd1c68b1ec8fc6a6550e31f844b1,1115,0,59,4
1,29,1,0,3,0.060826763000000006,0.039129999999999998,0.0097850000000000003,179281920,NA,NA,NA,NA,NA,NA,NA,NA,1968568,2240463,32773,1,c491f4791a93a71124b9219b05e718490cf6bd1c68b1ec8fc6a6550e31f844b1,1122,0,39,3
1,30,0,1,3,0.059339174000000001,0.044344999999999996,0.0034129999999999998,178913280,NA,NA,NA,NA,NA,NA,NA,NA,1968568,2240463,32773,1,c491f4791a93a71124b9219b05e718490cf6bd1c68b1ec8fc6a6550e31f844b1,1126,0,29,3
1,30,1,0,3,0.060268036000000004,0.035538,0.012929999999999999,179036160,NA,NA,NA,NA,NA,NA,NA,NA,1968568,2240463,32773,1,c491f4791a93a71124b9219b05e718490cf6bd1c68b1ec8fc6a6550e31f844b1,1118,0,35,5
1,30,0,1,0,0.018656908,0.0054789999999999995,0.0027389999999999997,55140352,NA,NA,NA,NA,NA,NA,NA,NA,2408,135,5,1,3d4d37e7dcef36139698862d60d536450dfb480779ac0676046a82e065e8af0f,1026,0,11,3
1,30,1,0,0,0.019259046000000002,0.0055030000000000001,0.0027420000000000001,55087104,NA,NA,NA,NA,NA,NA,NA,NA,2408,135,5,1,3d4d37e7dcef36139698862d60d536450dfb480779ac0676046a82e065e8af0f,1024,0,11,5
1,30,0,1,2,0.040567332000000005,0.022029999999999998,0.0073299999999999997,131178496,NA,NA,NA,NA,NA,NA,NA,NA,837856,318511,16385,4096,b4f737276339a7626b246c204b626e79f9d9ec0f1f160233a5aa1c27728af83f,1108,0,21,4
1,30,1,0,2,0.041099650000000001,0.026048999999999999,0.0037299999999999998,130826240,NA,NA,NA,NA,NA,NA,NA,NA,837856,318511,16385,4096,b4f737276339a7626b246c204b626e79f9d9ec0f1f160233a5aa1c27728af83f,1067,0,21,4
1,30,0,1,5,0.451753289,0.34863899999999998,0.066411999999999999,1025720320,NA,NA,NA,NA,NA,NA,NA,NA,11457352,5690734,153602,512,388033e7552b3b3255277a47381a62d5067155e67b74e663ad0ac019ed72fc50,1584,0,155,6
1,30,1,0,5,0.43665374800000001,0.35681199999999996,0.059489,1025929216,NA,NA,NA,NA,NA,NA,NA,NA,11457352,5690734,153602,512,388033e7552b3b3255277a47381a62d5067155e67b74e663ad0ac019ed72fc50,1139,0,179,7
1,30,0,0,4,0.20296930700000002,0.161471,0.016819000000000001,428642304,NA,NA,NA,NA,NA,NA,NA,NA,5833440,1882629,26625,512,0f41e20848de6408cce7b1c5f57f0212c9401233ca75c7b6652c8ea62bfcd43f,792,0,146,5
1,30,1,1,4,0.19747551400000002,0.16500899999999999,0.013472,428687360,NA,NA,NA,NA,NA,NA,NA,NA,5833440,1882629,26625,512,0f41e20848de6408cce7b1c5f57f0212c9401233ca75c7b6652c8ea62bfcd43f,786,0,210,5
1,30,0,1,1,0.055408121000000005,0.037246999999999995,0.0067710000000000001,156622848,NA,NA,NA,NA,NA,NA,NA,NA,994016,407679,8197,1,76f10b65f44b546f736cef2848789238eb7a5f77ce08b564ccca55b5bdc08f36,640,0,31,5
1,30,1,0,1,0.055447864000000006,0.037330999999999996,0.0067879999999999998,156647424,NA,NA,NA,NA,NA,NA,NA,NA,994016,407679,8197,1,76f10b65f44b546f736cef2848789238eb7a5f77ce08b564ccca55b5bdc08f36,636,0,18,3
1,31,0,0,3,0.060885052000000002,0.035096999999999996,0.014043,179314688,NA,NA,NA,NA,NA,NA,NA,NA,1968568,2240463,32773,1,c491f4791a93a71124b9219b05e718490cf6bd1c68b1ec8fc6a6550e31f844b1,1122,0,64,4
1,31,1,1,3,0.060008249000000007,0.045553999999999997,0.0032539999999999999,179572736,NA,NA,NA,NA,NA,NA,NA,NA,1968568,2240463,32773,1,c491f4791a93a71124b9219b05e718490cf6bd1c68b1ec8fc6a6550e31f844b1,675,0,45,3
1,31,0,0,0,0.018772975000000001,0.0040869999999999995,0.0040860000000000002,55599104,NA,NA,NA,NA,NA,NA,NA,NA,2408,135,5,1,3d4d37e7dcef36139698862d60d536450dfb480779ac0676046a82e065e8af0f,586,0,11,3
1,31,1,1,0,0.018219839000000002,0.0038739999999999998,0.0038769999999999998,55304192,NA,NA,NA,NA,NA,NA,NA,NA,2408,135,5,1,3d4d37e7dcef36139698862d60d536450dfb480779ac0676046a82e065e8af0f,1028,0,13,2
1,31,0,0,2,0.040224239000000002,0.019462999999999998,0.0097389999999999994,131428352,NA,NA,NA,NA,NA,NA,NA,NA,837856,318511,16385,4096,b4f737276339a7626b246c204b626e79f9d9ec0f1f160233a5aa1c27728af83f,627,0,18,4
1,31,1,1,2,0.040906588000000001,0.019744999999999999,0.009859999999999999,131149824,NA,NA,NA,NA,NA,NA,NA,NA,837856,318511,16385,4096,b4f737276339a7626b246c204b626e79f9d9ec0f1f160233a5aa1c27728af83f,1069,0,29,4
1,31,0,0,1,0.055656976000000004,0.037946000000000001,0.006319,156434432,NA,NA,NA,NA,NA,NA,NA,NA,994016,407679,8197,1,76f10b65f44b546f736cef2848789238eb7a5f77ce08b564ccca55b5bdc08f36,1080,0,20,4
1,31,1,1,1,0.055521152000000004,0.033783000000000001,0.010137,156237824,NA,NA,NA,NA,NA,NA,NA,NA,994016,407679,8197,1,76f10b65f44b546f736cef2848789238eb7a5f77ce08b564ccca55b5bdc08f36,1075,0,19,4
1,31,0,1,4,0.19728045900000002,0.16836399999999999,0.0099019999999999993,428744704,NA,NA,NA,NA,NA,NA,NA,NA,5833440,1882629,26625,512,0f41e20848de6408cce7b1c5f57f0212c9401233ca75c7b6652c8ea62bfcd43f,794,0,212,4
1,31,1,0,4,0.19831330400000002,0.16271099999999999,0.016277,428445696,NA,NA,NA,NA,NA,NA,NA,NA,5833440,1882629,26625,512,0f41e20848de6408cce7b1c5f57f0212c9401233ca75c7b6652c8ea62bfcd43f,1238,0,119,6
1,31,0,0,5,0.43593965000000001,0.37195899999999998,0.043580999999999995,1025855488,NA,NA,NA,NA,NA,NA,NA,NA,11457352,5690734,153602,512,388033e7552b3b3255277a47381a62d5067155e67b74e663ad0ac019ed72fc50,1606,0,148,6
1,31,1,1,5,0.43645809200000002,0.365981,0.049847999999999996,1025740800,NA,NA,NA,NA,NA,NA,NA,NA,11457352,5690734,153602,512,388033e7552b3b3255277a47381a62d5067155e67b74e663ad0ac019ed72fc50,1584,0,217,8
1,32,0,1,1,0.055374397000000006,0.043818999999999997,0,156680192,NA,NA,NA,NA,NA,NA,NA,NA,994016,407679,8197,1,76f10b65f44b546f736cef2848789238eb7a5f77ce08b564ccca55b5bdc08f36,638,0,44,4
1,32,1,0,1,0.055591172000000001,0.030572999999999999,0.01359,156659712,NA,NA,NA,NA,NA,NA,NA,NA,994016,407679,8197,1,76f10b65f44b546f736cef2848789238eb7a5f77ce08b564ccca55b5bdc08f36,638,0,17,5
1,32,0,0,5,0.43595730200000005,0.372253,0.043213999999999995,1025671168,NA,NA,NA,NA,NA,NA,NA,NA,11457352,5690734,153602,512,388033e7552b3b3255277a47381a62d5067155e67b74e663ad0ac019ed72fc50,1580,0,135,6
1,32,1,1,5,0.44313973100000004,0.34273300000000001,0.070801000000000003,1025789952,NA,NA,NA,NA,NA,NA,NA,NA,11457352,5690734,153602,512,388033e7552b3b3255277a47381a62d5067155e67b74e663ad0ac019ed72fc50,1581,0,179,6
1,32,0,0,3,0.060171044000000007,0.038772999999999995,0.0097009999999999996,179298304,NA,NA,NA,NA,NA,NA,NA,NA,1968568,2240463,32773,1,c491f4791a93a71124b9219b05e718490cf6bd1c68b1ec8fc6a6550e31f844b1,1123,0,27,3
1,32,1,1,3,0.061076812000000001,0.042874999999999996,0.0065789999999999998,179417088,NA,NA,NA,NA,NA,NA,NA,NA,1968568,2240463,32773,1,c491f4791a93a71124b9219b05e718490cf6bd1c68b1ec8fc6a6550e31f844b1,1161,0,39,4
1,32,0,0,4,0.19776578800000003,0.15818199999999999,0.020194,428494848,NA,NA,NA,NA,NA,NA,NA,NA,5833440,1882629,26625,512,0f41e20848de6408cce7b1c5f57f0212c9401233ca75c7b6652c8ea62bfcd43f,792,0,110,5
1,32,1,1,4,0.19722653700000001,0.151114,0.026865999999999998,428548096,NA,NA,NA,NA,NA,NA,NA,NA,5833440,1882629,26625,512,0f41e20848de6408cce7b1c5f57f0212c9401233ca75c7b6652c8ea62bfcd43f,1235,0,175,6
1,32,0,1,0,0.019222989000000003,0.0085159999999999993,0,55246848,NA,NA,NA,NA,NA,NA,NA,NA,2408,135,5,1,3d4d37e7dcef36139698862d60d536450dfb480779ac0676046a82e065e8af0f,1027,0,14,3
1,32,1,0,0,0.019424426000000002,0.0041710000000000002,0.0041739999999999998,55312384,NA,NA,NA,NA,NA,NA,NA,NA,2408,135,5,1,3d4d37e7dcef36139698862d60d536450dfb480779ac0676046a82e065e8af0f,1029,0,10,3
1,32,0,0,2,0.040709619000000002,0.023434999999999997,0.0058719999999999996,131305472,NA,NA,NA,NA,NA,NA,NA,NA,837856,318511,16385,4096,b4f737276339a7626b246c204b626e79f9d9ec0f1f160233a5aa1c27728af83f,1068,0,27,5
1,32,1,1,2,0.041106874000000002,0.023132,0.0065899999999999995,131198976,NA,NA,NA,NA,NA,NA,NA,NA,837856,318511,16385,4096,b4f737276339a7626b246c204b626e79f9d9ec0f1f160233a5aa1c27728af83f,1070,0,28,2
1,33,0,1,2,0.041041529,0.025994999999999997,0.003715,131158016,NA,NA,NA,NA,NA,NA,NA,NA,837856,318511,16385,4096,b4f737276339a7626b246c204b626e79f9d9ec0f1f160233a5aa1c27728af83f,1071,0,22,4
1,33,1,0,2,0.041257365000000004,0.026336999999999999,0.0032940000000000001,131293184,NA,NA,NA,NA,NA,NA,NA,NA,837856,318511,16385,4096,b4f737276339a7626b246c204b626e79f9d9ec0f1f160233a5aa1c27728af83f,1072,0,19,4
1,33,0,1,4,0.19814012900000003,0.16530899999999998,0.013496999999999999,428273664,NA,NA,NA,NA,NA,NA,NA,NA,5833440,1882629,26625,512,0f41e20848de6408cce7b1c5f57f0212c9401233ca75c7b6652c8ea62bfcd43f,1235,0,143,7
1,33,1,0,4,0.19821045000000001,0.162135,0.016542999999999999,428257280,NA,NA,NA,NA,NA,NA,NA,NA,5833440,1882629,26625,512,0f41e20848de6408cce7b1c5f57f0212c9401233ca75c7b6652c8ea62bfcd43f,1233,0,52,4
1,33,0,0,0,0.019222046,0.0084399999999999996,0,55222272,NA,NA,NA,NA,NA,NA,NA,NA,2408,135,5,1,3d4d37e7dcef36139698862d60d536450dfb480779ac0676046a82e065e8af0f,1024,0,13,3
1,33,1,1,0,0.019140464000000003,0.0083079999999999994,0,55328768,NA,NA,NA,NA,NA,NA,NA,NA,2408,135,5,1,3d4d37e7dcef36139698862d60d536450dfb480779ac0676046a82e065e8af0f,1028,0,11,3
1,33,0,1,5,0.43535503400000003,0.38776499999999997,0.026752999999999999,1025847296,NA,NA,NA,NA,NA,NA,NA,NA,11457352,5690734,153602,512,388033e7552b3b3255277a47381a62d5067155e67b74e663ad0ac019ed72fc50,1129,0,183,8
1,33,1,0,5,0.434781209,0.374199,0.039751999999999996,1025970176,NA,NA,NA,NA,NA,NA,NA,NA,11457352,5690734,153602,512,388033e7552b3b3255277a47381a62d5067155e67b74e663ad0ac019ed72fc50,1138,0,167,6
1,33,0,1,3,0.059182721000000001,0.040697999999999998,0.0067749999999999998,179363840,NA,NA,NA,NA,NA,NA,NA,NA,1968568,2240463,32773,1,c491f4791a93a71124b9219b05e718490cf6bd1c68b1ec8fc6a6550e31f844b1,669,0,38,4
1,33,1,0,3,0.060024229000000005,0.041488999999999998,0.0069049999999999997,179138560,NA,NA,NA,NA,NA,NA,NA,NA,1968568,2240463,32773,1,c491f4791a93a71124b9219b05e718490cf6bd1c68b1ec8fc6a6550e31f844b1,1121,0,32,4
1,33,0,0,1,0.055780338000000006,0.037900999999999997,0.0063039999999999997,156639232,NA,NA,NA,NA,NA,NA,NA,NA,994016,407679,8197,1,76f10b65f44b546f736cef2848789238eb7a5f77ce08b564ccca55b5bdc08f36,638,0,19,3
1,33,1,1,1,0.055713151000000002,0.028343999999999998,0.015754000000000001,156221440,NA,NA,NA,NA,NA,NA,NA,NA,994016,407679,8197,1,76f10b65f44b546f736cef2848789238eb7a5f77ce08b564ccca55b5bdc08f36,1078,0,46,4
1,34,0,0,0,0.019078527000000001,0.0055669999999999999,0.0027759999999999998,55676928,NA,NA,NA,NA,NA,NA,NA,NA,2408,135,5,1,3d4d37e7dcef36139698862d60d536450dfb480779ac0676046a82e065e8af0f,586,0,11,3
1,34,1,1,0,0.025585820000000002,0.0040099999999999997,0.0040130000000000001,55238656,NA,NA,NA,NA,NA,NA,NA,NA,2408,135,5,1,3d4d37e7dcef36139698862d60d536450dfb480779ac0676046a82e065e8af0f,1027,0,13,3
1,34,0,0,3,0.059988722000000001,0.041245999999999998,0.006881,179105792,NA,NA,NA,NA,NA,NA,NA,NA,1968568,2240463,32773,1,c491f4791a93a71124b9219b05e718490cf6bd1c68b1ec8fc6a6550e31f844b1,1118,0,62,4
1,34,1,1,3,0.060261103000000003,0.042068000000000001,0.0064779999999999994,179412992,NA,NA,NA,NA,NA,NA,NA,NA,1968568,2240463,32773,1,c491f4791a93a71124b9219b05e718490cf6bd1c68b1ec8fc6a6550e31f844b1,679,0,33,5
1,34,0,0,1,0.056157724000000006,0.034210999999999998,0.010269,156499968,NA,NA,NA,NA,NA,NA,NA,NA,994016,407679,8197,1,76f10b65f44b546f736cef2848789238eb7a5f77ce08b564ccca55b5bdc08f36,1084,0,16,5
1,34,1,1,1,0.055197855000000004,0.036865999999999996,0.0067099999999999998,156413952,NA,NA,NA,NA,NA,NA,NA,NA,994016,407679,8197,1,76f10b65f44b546f736cef2848789238eb7a5f77ce08b564ccca55b5bdc08f36,1082,0,24,3
1,34,0,0,5,0.43348764400000001,0.37609399999999998,0.036616999999999997,1025794048,NA,NA,NA,NA,NA,NA,NA,NA,11457352,5690734,153602,512,388033e7552b3b3255277a47381a62d5067155e67b74e663ad0ac019ed72fc50,1584,0,39,10
1,34,1,1,5,0.435835203,0.374782,0.040163999999999998,1025671168,NA,NA,NA,NA,NA,NA,NA,NA,11457352,5690734,153602,512,388033e7552b3b3255277a47381a62d5067155e67b74e663ad0ac019ed72fc50,1581,0,58,7
1,34,0,0,2,0.041216689000000001,0.020867,0.0089549999999999994,131411968,NA,NA,NA,NA,NA,NA,NA,NA,837856,318511,16385,4096,b4f737276339a7626b246c204b626e79f9d9ec0f1f160233a5aa1c27728af83f,630,0,20,4
1,34,1,1,2,0.040936874000000005,0.017812999999999999,0.011868,131227648,NA,NA,NA,NA,NA,NA,NA,NA,837856,318511,16385,4096,b4f737276339a7626b246c204b626e79f9d9ec0f1f160233a5aa1c27728af83f,623,0,23,3
1,34,0,1,4,0.20276991400000002,0.16467499999999999,0.013424999999999999,428441600,NA,NA,NA,NA,NA,NA,NA,NA,5833440,1882629,26625,512,0f41e20848de6408cce7b1c5f57f0212c9401233ca75c7b6652c8ea62bfcd43f,1238,0,59,2
1,34,1,0,4,0.19823884400000003,0.16547199999999998,0.013240999999999999,428486656,NA,NA,NA,NA,NA,NA,NA,NA,5833440,1882629,26625,512,0f41e20848de6408cce7b1c5f57f0212c9401233ca75c7b6652c8ea62bfcd43f,1238,0,55,3
1,35,0,1,5,0.43477625900000005,0.36732100000000001,0.047202999999999995,1025789952,NA,NA,NA,NA,NA,NA,NA,NA,11457352,5690734,153602,512,388033e7552b3b3255277a47381a62d5067155e67b74e663ad0ac019ed72fc50,1610,0,73,7
1,35,1,0,5,0.44314065200000002,0.374307,0.040111999999999995,1025761280,NA,NA,NA,NA,NA,NA,NA,NA,11457352,5690734,153602,512,388033e7552b3b3255277a47381a62d5067155e67b74e663ad0ac019ed72fc50,1582,0,200,6
1,35,0,1,0,0.018920011,0.008180999999999999,0,55349248,NA,NA,NA,NA,NA,NA,NA,NA,2408,135,5,1,3d4d37e7dcef36139698862d60d536450dfb480779ac0676046a82e065e8af0f,1028,0,12,3
1,35,1,0,0,0.020227270000000002,0.0058459999999999996,0.0029150000000000001,55529472,NA,NA,NA,NA,NA,NA,NA,NA,2408,135,5,1,3d4d37e7dcef36139698862d60d536450dfb480779ac0676046a82e065e8af0f,1061,0,10,3
1,35,0,1,2,0.040609381,0.026254999999999997,0.0032779999999999997,130945024,NA,NA,NA,NA,NA,NA,NA,NA,837856,318511,16385,4096,b4f737276339a7626b246c204b626e79f9d9ec0f1f160233a5aa1c27728af83f,1066,0,23,3
1,35,1,0,2,0.040485499000000001,0.025701999999999999,0.0036749999999999999,131276800,NA,NA,NA,NA,NA,NA,NA,NA,837856,318511,16385,4096,b4f737276339a7626b246c204b626e79f9d9ec0f1f160233a5aa1c27728af83f,1105,0,24,4
1,35,0,0,4,0.19827227700000002,0.15518199999999999,0.023621,428523520,NA,NA,NA,NA,NA,NA,NA,NA,5833440,1882629,26625,512,0f41e20848de6408cce7b1c5f57f0212c9401233ca75c7b6652c8ea62bfcd43f,1258,0,81,7
1,35,1,1,4,0.19775916600000001,0.158219,0.020198000000000001,428421120,NA,NA,NA,NA,NA,NA,NA,NA,5833440,1882629,26625,512,0f41e20848de6408cce7b1c5f57f0212c9401233ca75c7b6652c8ea62bfcd43f,1238,0,41,6
1,35,0,1,3,0.059538950000000007,0.038233999999999997,0.009554,179089408,NA,NA,NA,NA,NA,NA,NA,NA,1968568,2240463,32773,1,c491f4791a93a71124b9219b05e718490cf6bd1c68b1ec8fc6a6550e31f844b1,1118,0,51,4
1,35,1,0,3,0.060957708000000006,0.042681999999999998,0.0065669999999999999,179261440,NA,NA,NA,NA,NA,NA,NA,NA,1968568,2240463,32773,1,c491f4791a93a71124b9219b05e718490cf6bd1c68b1ec8fc6a6550e31f844b1,1139,0,41,3
1,35,0,1,1,0.055579640000000007,0.040626999999999996,0.0033869999999999998,156131328,NA,NA,NA,NA,NA,NA,NA,NA,994016,407679,8197,1,76f10b65f44b546f736cef2848789238eb7a5f77ce08b564ccca55b5bdc08f36,1078,0,19,3
1,35,1,0,1,0.055435450000000004,0.034466999999999998,0.0093819999999999997,156508160,NA,NA,NA,NA,NA,NA,NA,NA,994016,407679,8197,1,76f10b65f44b546f736cef2848789238eb7a5f77ce08b564ccca55b5bdc08f36,637,0,21,3
1,36,0,1,4,0.198182357,0.15878200000000001,0.020270999999999997,428253184,NA,NA,NA,NA,NA,NA,NA,NA,5833440,1882629,26625,512,0f41e20848de6408cce7b1c5f57f0212c9401233ca75c7b6652c8ea62bfcd43f,1234,0,149,5
1,36,1,0,4,0.198879946,0.15975499999999998,0.019973999999999999,428064768,NA,NA,NA,NA,NA,NA,NA,NA,5833440,1882629,26625,512,0f41e20848de6408cce7b1c5f57f0212c9401233ca75c7b6652c8ea62bfcd43f,1232,0,163,6
1,36,0,0,2,0.040737582000000001,0.025943999999999998,0.0037069999999999998,131182592,NA,NA,NA,NA,NA,NA,NA,NA,837856,318511,16385,4096,b4f737276339a7626b246c204b626e79f9d9ec0f1f160233a5aa1c27728af83f,1068,0,24,3
1,36,1,1,2,0.041413507000000002,0.023354999999999997,0.0066799999999999993,131100672,NA,NA,NA,NA,NA,NA,NA,NA,837856,318511,16385,4096,b4f737276339a7626b246c204b626e79f9d9ec0f1f160233a5aa1c27728af83f,1069,0,21,4
1,36,0,0,3,0.060814149000000005,0.042238999999999999,0.0070359999999999997,179232768,NA,NA,NA,NA,NA,NA,NA,NA,1968568,2240463,32773,1,c491f4791a93a71124b9219b05e718490cf6bd1c68b1ec8fc6a6550e31f844b1,1120,0,46,3
1,36,1,1,3,0.059658865000000005,0.038364999999999996,0.0095949999999999994,179204096,NA,NA,NA,NA,NA,NA,NA,NA,1968568,2240463,32773,1,c491f4791a93a71124b9219b05e718490cf6bd1c68b1ec8fc6a6550e31f844b1,1123,0,35,5
1,36,0,1,5,0.43598936300000002,0.36893999999999999,0.046532999999999998,1025531904,NA,NA,NA,NA,NA,NA,NA,NA,11457352,5690734,153602,512,388033e7552b3b3255277a47381a62d5067155e67b74e663ad0ac019ed72fc50,1577,0,169,9
1,36,1,0,5,0.43310520900000005,0.359209,0.053206999999999997,1026166784,NA,NA,NA,NA,NA,NA,NA,NA,11457352,5690734,153602,512,388033e7552b3b3255277a47381a62d5067155e67b74e663ad0ac019ed72fc50,1142,0,112,8
1,36,0,0,1,0.055865897000000005,0.034089000000000001,0.01023,156413952,NA,NA,NA,NA,NA,NA,NA,NA,994016,407679,8197,1,76f10b65f44b546f736cef2848789238eb7a5f77ce08b564ccca55b5bdc08f36,637,0,21,2
1,36,1,1,1,0.056382054000000001,0.041187999999999995,0.003434,156229632,NA,NA,NA,NA,NA,NA,NA,NA,994016,407679,8197,1,76f10b65f44b546f736cef2848789238eb7a5f77ce08b564ccca55b5bdc08f36,1078,0,21,6
1,36,0,0,0,0.018823691,0.0080990000000000003,0,55193600,NA,NA,NA,NA,NA,NA,NA,NA,2408,135,5,1,3d4d37e7dcef36139698862d60d536450dfb480779ac0676046a82e065e8af0f,1025,0,12,3
1,36,1,1,0,0.018415335000000001,0.0051609999999999998,0.002581,55328768,NA,NA,NA,NA,NA,NA,NA,NA,2408,135,5,1,3d4d37e7dcef36139698862d60d536450dfb480779ac0676046a82e065e8af0f,1028,0,11,3
1,37,0,1,1,0.055727768000000004,0.037266000000000001,0.0067849999999999994,156426240,NA,NA,NA,NA,NA,NA,NA,NA,994016,407679,8197,1,76f10b65f44b546f736cef2848789238eb7a5f77ce08b564ccca55b5bdc08f36,1082,0,42,5
1,37,1,0,1,0.055559332000000003,0.037180999999999999,0.0067629999999999999,156426240,NA,NA,NA,NA,NA,NA,NA,NA,994016,407679,8197,1,76f10b65f44b546f736cef2848789238eb7a5f77ce08b564ccca55b5bdc08f36,1087,0,17,3
1,37,0,1,0,0.019411251000000001,0.004235,0.0042550000000000001,55021568,NA,NA,NA,NA,NA,NA,NA,NA,2408,135,5,1,3d4d37e7dcef36139698862d60d536450dfb480779ac0676046a82e065e8af0f,1022,0,13,4
1,37,1,0,0,0.018992618000000003,0.0053969999999999999,0.0027049999999999999,55234560,NA,NA,NA,NA,NA,NA,NA,NA,2408,135,5,1,3d4d37e7dcef36139698862d60d536450dfb480779ac0676046a82e065e8af0f,1027,0,10,3
1,37,0,0,4,0.19651722800000002,0.15756899999999999,0.019689999999999999,428752896,NA,NA,NA,NA,NA,NA,NA,NA,5833440,1882629,26625,512,0f41e20848de6408cce7b1c5f57f0212c9401233ca75c7b6652c8ea62bfcd43f,798,0,82,4
1,37,1,1,4,0.19821901600000003,0.165577,0.013240999999999999,428359680,NA,NA,NA,NA,NA,NA,NA,NA,5833440,1882629,26625,512,0f41e20848de6408cce7b1c5f57f0212c9401233ca75c7b6652c8ea62bfcd43f,1239,0,47,4
1,37,0,0,5,0.43501434500000002,0.36122699999999996,0.053009000000000001,1025630208,NA,NA,NA,NA,NA,NA,NA,NA,11457352,5690734,153602,512,388033e7552b3b3255277a47381a62d5067155e67b74e663ad0ac019ed72fc50,1580,0,66,8
1,37,1,1,5,0.44355368500000003,0.37123200000000001,0.043067000000000001,1025785856,NA,NA,NA,NA,NA,NA,NA,NA,11457352,5690734,153602,512,388033e7552b3b3255277a47381a62d5067155e67b74e663ad0ac019ed72fc50,1584,0,160,7
1,37,0,1,3,0.060135947000000002,0.041860000000000001,0.0064449999999999993,179150848,NA,NA,NA,NA,NA,NA,NA,NA,1968568,2240463,32773,1,c491f4791a93a71124b9219b05e718490cf6bd1c68b1ec8fc6a6550e31f844b1,674,0,45,4
1,37,1,0,3,0.061064979000000005,0.043185999999999995,0.006169,179286016,NA,NA,NA,NA,NA,NA,NA,NA,1968568,2240463,32773,1,c491f4791a93a71124b9219b05e718490cf6bd1c68b1ec8fc6a6550e31f844b1,1126,0,40,4
1,37,0,1,2,0.041121039000000005,0.019834999999999998,0.0099220000000000003,131411968,NA,NA,NA,NA,NA,NA,NA,NA,837856,318511,16385,4096,b4f737276339a7626b246c204b626e79f9d9ec0f1f160233a5aa1c27728af83f,628,0,27,4
1,37,1,0,2,0.040775874000000004,0.026407,0.0033039999999999996,130953216,NA,NA,NA,NA,NA,NA,NA,NA,837856,318511,16385,4096,b4f737276339a7626b246c204b626e79f9d9ec0f1f160233a5aa1c27728af83f,1065,0,29,3
1,38,0,1,0,0.019180999000000001,0.0055279999999999999,0.0027699999999999999,55324672,NA,NA,NA,NA,NA,NA,NA,NA,2408,135,5,1,3d4d37e7dcef36139698862d60d536450dfb480779ac0676046a82e065e8af0f,1028,0,12,4
1,38,1,0,0,0.018498652000000001,0.002562,0.0051259999999999995,55599104,NA,NA,NA,NA,NA,NA,NA,NA,2408,135,5,1,3d4d37e7dcef36139698862d60d536450dfb480779ac0676046a82e065e8af0f,585,0,13,3
1,38,0,0,2,0.040460843000000003,0.021840999999999999,0.0072629999999999995,131567616,NA,NA,NA,NA,NA,NA,NA,NA,837856,318511,16385,4096,b4f737276339a7626b246c204b626e79f9d9ec0f1f160233a5aa1c27728af83f,628,0,28,4
1,38,1,1,2,0.041160965000000001,0.025905999999999998,0.0036839999999999998,131530752,NA,NA,NA,NA,NA,NA,NA,NA,837856,318511,16385,4096,b4f737276339a7626b246c204b626e79f9d9ec0f1f160233a5aa1c27728af83f,628,0,23,4
1,38,0,1,1,0.056165719000000003,0.031823999999999998,0.012730999999999999,156413952,NA,NA,NA,NA,NA,NA,NA,NA,994016,407679,8197,1,76f10b65f44b546f736cef2848789238eb7a5f77ce08b564ccca55b5bdc08f36,1082,0,26,6
1,38,1,0,1,0.055664249000000006,0.037253000000000001,0.0067759999999999999,156811264,NA,NA,NA,NA,NA,NA,NA,NA,994016,407679,8197,1,76f10b65f44b546f736cef2848789238eb7a5f77ce08b564ccca55b5bdc08f36,633,0,23,3
1,38,0,0,4,0.19810340100000001,0.14888499999999999,0.029758,428449792,NA,NA,NA,NA,NA,NA,NA,NA,5833440,1882629,26625,512,0f41e20848de6408cce7b1c5f57f0212c9401233ca75c7b6652c8ea62bfcd43f,1237,0,118,5
1,38,1,1,4,0.19794313000000002,0.163684,0.014726,428232704,NA,NA,NA,NA,NA,NA,NA,NA,5833440,1882629,26625,512,0f41e20848de6408cce7b1c5f57f0212c9401233ca75c7b6652c8ea62bfcd43f,1233,0,62,5
1,38,0,1,5,0.439162408,0.38126499999999997,0.036773,1025695744,NA,NA,NA,NA,NA,NA,NA,NA,11457352,5690734,153602,512,388033e7552b3b3255277a47381a62d5067155e67b74e663ad0ac019ed72fc50,1582,0,177,7
1,38,1,0,5,0.44347868400000001,0.37817599999999996,0.036478999999999998,1026064384,NA,NA,NA,NA,NA,NA,NA,NA,11457352,5690734,153602,512,388033e7552b3b3255277a47381a62d5067155e67b74e663ad0ac019ed72fc50,1134,0,228,5
1,38,0,0,3,0.060381138000000001,0.042244999999999998,0.006496,179208192,NA,NA,NA,NA,NA,NA,NA,NA,1968568,2240463,32773,1,c491f4791a93a71124b9219b05e718490cf6bd1c68b1ec8fc6a6550e31f844b1,1121,0,38,4
1,38,1,1,3,0.060128834000000006,0.041752999999999998,0.0064279999999999997,178982912,NA,NA,NA,NA,NA,NA,NA,NA,1968568,2240463,32773,1,c491f4791a93a71124b9219b05e718490cf6bd1c68b1ec8fc6a6550e31f844b1,1117,0,51,6
1,39,0,0,1,0.055880193000000002,0.037529,0.0068079999999999998,156418048,NA,NA,NA,NA,NA,NA,NA,NA,994016,407679,8197,1,76f10b65f44b546f736cef2848789238eb7a5f77ce08b564ccca55b5bdc08f36,1079,0,30,4
1,39,1,1,1,0.055172307000000004,0.033509999999999998,0.010029999999999999,156536832,NA,NA,NA,NA,NA,NA,NA,NA,994016,407679,8197,1,76f10b65f44b546f736cef2848789238eb7a5f77ce08b564ccca55b5bdc08f36,636,0,38,5
1,39,0,1,3,0.059465612000000001,0.037575999999999998,0.010241999999999999,179294208,NA,NA,NA,NA,NA,NA,NA,NA,1968568,2240463,32773,1,c491f4791a93a71124b9219b05e718490cf6bd1c68b1ec8fc6a6550e31f844b1,1122,0,48,4
1,39,1,0,3,0.060364125000000005,0.038875,0.009722999999999999,179314688,NA,NA,NA,NA,NA,NA,NA,NA,1968568,2240463,32773,1,c491f4791a93a71124b9219b05e718490cf6bd1c68b1ec8fc6a6550e31f844b1,1123,0,43,4
1,39,0,0,0,0.019526217000000002,0.0042859999999999999,0.0042789999999999998,55308288,NA,NA,NA,NA,NA,NA,NA,NA,2408,135,5,1,3d4d37e7dcef36139698862d60d536450dfb480779ac0676046a82e065e8af0f,1026,0,12,3
1,39,1,1,0,0.018512968000000001,0.007927,0,55222272,NA,NA,NA,NA,NA,NA,NA,NA,2408,135,5,1,3d4d37e7dcef36139698862d60d536450dfb480779ac0676046a82e065e8af0f,1027,0,13,3
1,39,0,1,2,0.040820226000000001,0.026334,0.0032819999999999998,131104768,NA,NA,NA,NA,NA,NA,NA,NA,837856,318511,16385,4096,b4f737276339a7626b246c204b626e79f9d9ec0f1f160233a5aa1c27728af83f,1069,0,24,5
1,39,1,0,2,0.040703878000000006,0.019628,0.0097920000000000004,131158016,NA,NA,NA,NA,NA,NA,NA,NA,837856,318511,16385,4096,b4f737276339a7626b246c204b626e79f9d9ec0f1f160233a5aa1c27728af83f,1071,0,27,4
1,39,0,1,4,0.19812152500000002,0.148786,0.029737,428081152,NA,NA,NA,NA,NA,NA,NA,NA,5833440,1882629,26625,512,0f41e20848de6408cce7b1c5f57f0212c9401233ca75c7b6652c8ea62bfcd43f,1233,0,120,8
1,39,1,0,4,0.19800958400000002,0.15879699999999999,0.019845999999999999,428654592,NA,NA,NA,NA,NA,NA,NA,NA,5833440,1882629,26625,512,0f41e20848de6408cce7b1c5f57f0212c9401233ca75c7b6652c8ea62bfcd43f,792,0,60,4
1,39,0,0,5,0.44555928400000006,0.37654399999999999,0.039636999999999999,1025761280,NA,NA,NA,NA,NA,NA,NA,NA,11457352,5690734,153602,512,388033e7552b3b3255277a47381a62d5067155e67b74e663ad0ac019ed72fc50,1582,0,61,6
1,39,1,1,5,0.44669791700000006,0.37414999999999998,0.043436999999999996,1025769472,NA,NA,NA,NA,NA,NA,NA,NA,11457352,5690734,153602,512,388033e7552b3b3255277a47381a62d5067155e67b74e663ad0ac019ed72fc50,1585,0,133,7
