command_id	command
0	exit 0
1	exit 7
2	printf '%s' 'a'\''b c'
3	clang -g -O0 -fPIC -c '/home/runner/work/_temp/wild-evaluation/evidence/probe.c' -o '/home/runner/work/_temp/wild-evaluation/evidence/probe.o' && clang -g -O0 -c '/home/runner/work/_temp/wild-evaluation/evidence/main.c' -o '/home/runner/work/_temp/wild-evaluation/evidence/main.o' && ar rcs '/home/runner/work/_temp/wild-evaluation/evidence/libprobe.a' '/home/runner/work/_temp/wild-evaluation/evidence/probe.o'
4	clang -fuse-ld=mold -Wl,-z,relro,-z,now '/home/runner/work/_temp/wild-evaluation/evidence/main.o' '/home/runner/work/_temp/wild-evaluation/evidence/libprobe.a' -o '/home/runner/work/_temp/wild-evaluation/evidence/smoke-mold'
5	'/home/runner/work/_temp/wild-evaluation/evidence/smoke-mold'
6	clang -shared -fuse-ld=mold -Wl,-z,relro,-z,now '/home/runner/work/_temp/wild-evaluation/evidence/probe.o' -o '/home/runner/work/_temp/wild-evaluation/evidence/libprobe-mold.so'
7	clang -fuse-ld=mold '/home/runner/work/_temp/wild-evaluation/evidence/main.o' '/home/runner/work/_temp/wild-evaluation/evidence/libprobe-mold.so' -o '/home/runner/work/_temp/wild-evaluation/evidence/shared-mold'
8	'/home/runner/work/_temp/wild-evaluation/evidence/shared-mold'
9	readelf -W -l '/home/runner/work/_temp/wild-evaluation/evidence/smoke-mold' && readelf -p .comment '/home/runner/work/_temp/wild-evaluation/evidence/smoke-mold' && readelf -S '/home/runner/work/_temp/wild-evaluation/evidence/smoke-mold'
10	gdb -q -batch -ex 'break probe' -ex run -ex 'print x' -ex bt --args '/home/runner/work/_temp/wild-evaluation/evidence/smoke-mold'
11	clang -fuse-ld=wild -Wl,-z,relro,-z,now '/home/runner/work/_temp/wild-evaluation/evidence/main.o' '/home/runner/work/_temp/wild-evaluation/evidence/libprobe.a' -o '/home/runner/work/_temp/wild-evaluation/evidence/smoke-wild'
12	'/home/runner/work/_temp/wild-evaluation/evidence/smoke-wild'
13	clang -shared -fuse-ld=wild -Wl,-z,relro,-z,now '/home/runner/work/_temp/wild-evaluation/evidence/probe.o' -o '/home/runner/work/_temp/wild-evaluation/evidence/libprobe-wild.so'
14	clang -fuse-ld=wild '/home/runner/work/_temp/wild-evaluation/evidence/main.o' '/home/runner/work/_temp/wild-evaluation/evidence/libprobe-wild.so' -o '/home/runner/work/_temp/wild-evaluation/evidence/shared-wild'
15	'/home/runner/work/_temp/wild-evaluation/evidence/shared-wild'
16	readelf -W -l '/home/runner/work/_temp/wild-evaluation/evidence/smoke-wild' && readelf -p .comment '/home/runner/work/_temp/wild-evaluation/evidence/smoke-wild' && readelf -S '/home/runner/work/_temp/wild-evaluation/evidence/smoke-wild'
17	gdb -q -batch -ex 'break probe' -ex run -ex 'print x' -ex bt --args '/home/runner/work/_temp/wild-evaluation/evidence/smoke-wild'
18	clang --ld-path=/nonexistent/buster-2645-linker '/home/runner/work/_temp/wild-evaluation/evidence/main.o' -o '/home/runner/work/_temp/wild-evaluation/evidence/missing'
19	gcc -fuse-ld=wild '/home/runner/work/_temp/wild-evaluation/evidence/main.o' '/home/runner/work/_temp/wild-evaluation/evidence/probe.o' -o '/home/runner/work/_temp/wild-evaluation/evidence/gcc-smoke'
20	clang --ld-path=wild '/home/runner/work/_temp/wild-evaluation/evidence/main.o' '/home/runner/work/_temp/wild-evaluation/evidence/libprobe.a' -o '/home/runner/work/_temp/wild-evaluation/evidence/review-small' -###
21	strace -f -qq -s 4096 -e trace=openat,openat2 -o '/home/runner/work/_temp/wild-evaluation/evidence/small-archive-wild.opens.txt' sh -c 'cd '\''.'\'' && "/home/runner/work/_temp/wild-evaluation/bin/wild" "-z" "relro" "--hash-style=gnu" "--build-id" "--eh-frame-hdr" "-m" "elf_x86_64" "-pie" "-dynamic-linker" "/lib64/ld-linux-x86-64.so.2" "-o" "/home/runner/work/_temp/wild-evaluation/evidence/review-small" "/lib/x86_64-linux-gnu/Scrt1.o" "/lib/x86_64-linux-gnu/crti.o" "/usr/lib/gcc/x86_64-linux-gnu/15/crtbeginS.o" "-L/usr/lib/gcc/x86_64-linux-gnu/15" "-L/usr/lib/gcc/x86_64-linux-gnu/15/../../../../lib64" "-L/lib/x86_64-linux-gnu" "-L/lib/../lib64" "-L/usr/lib/x86_64-linux-gnu" "-L/usr/lib64" "-L/lib" "-L/usr/lib" "/home/runner/work/_temp/wild-evaluation/evidence/main.o" "/home/runner/work/_temp/wild-evaluation/evidence/libprobe.a" "-lgcc" "--as-needed" "-lgcc_s" "--no-as-needed" "-lc" "-lgcc" "--as-needed" "-lgcc_s" "--no-as-needed" "/usr/lib/gcc/x86_64-linux-gnu/15/crtendS.o" "/lib/x86_64-linux-gnu/crtn.o" --no-gc-sections --no-fork --icf=none --build-id=0x2645264526452645264526452645264526452645'
22	strace -f -qq -s 4096 -e trace=openat,openat2 -o '/home/runner/work/_temp/wild-evaluation/evidence/small-archive-mold.opens.txt' sh -c 'cd '\''.'\'' && '\''mold'\'' "-z" "relro" "--hash-style=gnu" "--build-id" "--eh-frame-hdr" "-m" "elf_x86_64" "-pie" "-dynamic-linker" "/lib64/ld-linux-x86-64.so.2" "-o" "/home/runner/work/_temp/wild-evaluation/evidence/review-small" "/lib/x86_64-linux-gnu/Scrt1.o" "/lib/x86_64-linux-gnu/crti.o" "/usr/lib/gcc/x86_64-linux-gnu/15/crtbeginS.o" "-L/usr/lib/gcc/x86_64-linux-gnu/15" "-L/usr/lib/gcc/x86_64-linux-gnu/15/../../../../lib64" "-L/lib/x86_64-linux-gnu" "-L/lib/../lib64" "-L/usr/lib/x86_64-linux-gnu" "-L/usr/lib64" "-L/lib" "-L/usr/lib" "/home/runner/work/_temp/wild-evaluation/evidence/main.o" "/home/runner/work/_temp/wild-evaluation/evidence/libprobe.a" "-lgcc" "--as-needed" "-lgcc_s" "--no-as-needed" "-lc" "-lgcc" "--as-needed" "-lgcc_s" "--no-as-needed" "/usr/lib/gcc/x86_64-linux-gnu/15/crtendS.o" "/lib/x86_64-linux-gnu/crtn.o" --no-gc-sections --no-fork --icf=none --build-id=0x2645264526452645264526452645264526452645'
23	sort -u '/home/runner/work/_temp/wild-evaluation/evidence/small-archive-read-paths.txt' | xargs -d '\n' sha256sum > '/home/runner/work/_temp/wild-evaluation/evidence/small-archive-all-read-inputs.sha256'
24	cd '.' && 'mold' "-z" "relro" "--hash-style=gnu" "--build-id" "--eh-frame-hdr" "-m" "elf_x86_64" "-pie" "-dynamic-linker" "/lib64/ld-linux-x86-64.so.2" "-o" "/home/runner/work/_temp/wild-evaluation/evidence/review-small" "/lib/x86_64-linux-gnu/Scrt1.o" "/lib/x86_64-linux-gnu/crti.o" "/usr/lib/gcc/x86_64-linux-gnu/15/crtbeginS.o" "-L/usr/lib/gcc/x86_64-linux-gnu/15" "-L/usr/lib/gcc/x86_64-linux-gnu/15/../../../../lib64" "-L/lib/x86_64-linux-gnu" "-L/lib/../lib64" "-L/usr/lib/x86_64-linux-gnu" "-L/usr/lib64" "-L/lib" "-L/usr/lib" "/home/runner/work/_temp/wild-evaluation/evidence/main.o" "/home/runner/work/_temp/wild-evaluation/evidence/libprobe.a" "-lgcc" "--as-needed" "-lgcc_s" "--no-as-needed" "-lc" "-lgcc" "--as-needed" "-lgcc_s" "--no-as-needed" "/usr/lib/gcc/x86_64-linux-gnu/15/crtendS.o" "/lib/x86_64-linux-gnu/crtn.o" --no-gc-sections --no-fork --icf=none --build-id=0x2645264526452645264526452645264526452645
25	cd '.' && "/home/runner/work/_temp/wild-evaluation/bin/wild" "-z" "relro" "--hash-style=gnu" "--build-id" "--eh-frame-hdr" "-m" "elf_x86_64" "-pie" "-dynamic-linker" "/lib64/ld-linux-x86-64.so.2" "-o" "/home/runner/work/_temp/wild-evaluation/evidence/review-small" "/lib/x86_64-linux-gnu/Scrt1.o" "/lib/x86_64-linux-gnu/crti.o" "/usr/lib/gcc/x86_64-linux-gnu/15/crtbeginS.o" "-L/usr/lib/gcc/x86_64-linux-gnu/15" "-L/usr/lib/gcc/x86_64-linux-gnu/15/../../../../lib64" "-L/lib/x86_64-linux-gnu" "-L/lib/../lib64" "-L/usr/lib/x86_64-linux-gnu" "-L/usr/lib64" "-L/lib" "-L/usr/lib" "/home/runner/work/_temp/wild-evaluation/evidence/main.o" "/home/runner/work/_temp/wild-evaluation/evidence/libprobe.a" "-lgcc" "--as-needed" "-lgcc_s" "--no-as-needed" "-lc" "-lgcc" "--as-needed" "-lgcc_s" "--no-as-needed" "/usr/lib/gcc/x86_64-linux-gnu/15/crtendS.o" "/lib/x86_64-linux-gnu/crtn.o" --no-gc-sections --no-fork --icf=none --build-id=0x2645264526452645264526452645264526452645
26	cd '.' && 'mold' "-z" "relro" "--hash-style=gnu" "--build-id" "--eh-frame-hdr" "-m" "elf_x86_64" "-pie" "-dynamic-linker" "/lib64/ld-linux-x86-64.so.2" "-o" "/home/runner/work/_temp/wild-evaluation/evidence/review-small" "/lib/x86_64-linux-gnu/Scrt1.o" "/lib/x86_64-linux-gnu/crti.o" "/usr/lib/gcc/x86_64-linux-gnu/15/crtbeginS.o" "-L/usr/lib/gcc/x86_64-linux-gnu/15" "-L/usr/lib/gcc/x86_64-linux-gnu/15/../../../../lib64" "-L/lib/x86_64-linux-gnu" "-L/lib/../lib64" "-L/usr/lib/x86_64-linux-gnu" "-L/usr/lib64" "-L/lib" "-L/usr/lib" "/home/runner/work/_temp/wild-evaluation/evidence/main.o" "/home/runner/work/_temp/wild-evaluation/evidence/libprobe.a" "-lgcc" "--as-needed" "-lgcc_s" "--no-as-needed" "-lc" "-lgcc" "--as-needed" "-lgcc_s" "--no-as-needed" "/usr/lib/gcc/x86_64-linux-gnu/15/crtendS.o" "/lib/x86_64-linux-gnu/crtn.o" --no-gc-sections --no-fork --icf=none --build-id=0x2645264526452645264526452645264526452645 --threads=1
27	cd '.' && "/home/runner/work/_temp/wild-evaluation/bin/wild" "-z" "relro" "--hash-style=gnu" "--build-id" "--eh-frame-hdr" "-m" "elf_x86_64" "-pie" "-dynamic-linker" "/lib64/ld-linux-x86-64.so.2" "-o" "/home/runner/work/_temp/wild-evaluation/evidence/review-small" "/lib/x86_64-linux-gnu/Scrt1.o" "/lib/x86_64-linux-gnu/crti.o" "/usr/lib/gcc/x86_64-linux-gnu/15/crtbeginS.o" "-L/usr/lib/gcc/x86_64-linux-gnu/15" "-L/usr/lib/gcc/x86_64-linux-gnu/15/../../../../lib64" "-L/lib/x86_64-linux-gnu" "-L/lib/../lib64" "-L/usr/lib/x86_64-linux-gnu" "-L/usr/lib64" "-L/lib" "-L/usr/lib" "/home/runner/work/_temp/wild-evaluation/evidence/main.o" "/home/runner/work/_temp/wild-evaluation/evidence/libprobe.a" "-lgcc" "--as-needed" "-lgcc_s" "--no-as-needed" "-lc" "-lgcc" "--as-needed" "-lgcc_s" "--no-as-needed" "/usr/lib/gcc/x86_64-linux-gnu/15/crtendS.o" "/lib/x86_64-linux-gnu/crtn.o" --no-gc-sections --no-fork --icf=none --build-id=0x2645264526452645264526452645264526452645 --threads=1
28	cp '/home/runner/work/_temp/wild-evaluation/evidence/review-small' '/home/runner/work/_temp/wild-evaluation/evidence/small-archive-mold.elf' && stat -c 'bytes=%s' '/home/runner/work/_temp/wild-evaluation/evidence/small-archive-mold.elf' && sha256sum '/home/runner/work/_temp/wild-evaluation/evidence/small-archive-mold.elf' && size -A '/home/runner/work/_temp/wild-evaluation/evidence/small-archive-mold.elf' && readelf -W -h -l -S -d '/home/runner/work/_temp/wild-evaluation/evidence/small-archive-mold.elf'
29	llvm-dwarfdump --verify --error-display=summary '/home/runner/work/_temp/wild-evaluation/evidence/small-archive-mold.elf'
30	'/home/runner/work/_temp/wild-evaluation/evidence/review-small'
31	cmp '/home/runner/work/_temp/wild-evaluation/evidence/review-small' '/home/runner/work/_temp/wild-evaluation/evidence/small-archive-mold.elf'
32	cp '/home/runner/work/_temp/wild-evaluation/evidence/review-small' '/home/runner/work/_temp/wild-evaluation/evidence/small-archive-wild.elf' && stat -c 'bytes=%s' '/home/runner/work/_temp/wild-evaluation/evidence/small-archive-wild.elf' && sha256sum '/home/runner/work/_temp/wild-evaluation/evidence/small-archive-wild.elf' && size -A '/home/runner/work/_temp/wild-evaluation/evidence/small-archive-wild.elf' && readelf -W -h -l -S -d '/home/runner/work/_temp/wild-evaluation/evidence/small-archive-wild.elf'
33	llvm-dwarfdump --verify --error-display=summary '/home/runner/work/_temp/wild-evaluation/evidence/small-archive-wild.elf'
34	cmp '/home/runner/work/_temp/wild-evaluation/evidence/review-small' '/home/runner/work/_temp/wild-evaluation/evidence/small-archive-wild.elf'
35	sha256sum --check '/home/runner/work/_temp/wild-evaluation/evidence/small-archive-all-read-inputs.sha256'
36	tar -xzf '/home/runner/work/_temp/wild-primary-inputs/unity-release-inputs.tar.gz'
37	tar -xzf '/home/runner/work/_temp/wild-primary-inputs/separate-release-inputs.tar.gz'
38	mkdir -p build-wild-unity/Debug build-wild-unity/Release build-wild-separate/Debug build-wild-separate/Release
39	cd 'build-wild-separate' && : && /usr/lib/llvm-21/bin/clang -g --ld-path=wild CMakeFiles/ide.dir/Debug/src/buster/apps/ide/ide.c.o CMakeFiles/ide.dir/Debug/src/buster/tests/byte_writer_test.c.o CMakeFiles/ide.dir/Debug/src/buster/tests/arena_test.c.o CMakeFiles/ide.dir/Debug/src/buster/tests/integer_test.c.o CMakeFiles/ide.dir/Debug/src/buster/tests/sanitizer_test.c.o CMakeFiles/ide.dir/Debug/src/buster/tests/hash_test.c.o CMakeFiles/ide.dir/Debug/src/buster/tests/simd_test.c.o CMakeFiles/ide.dir/Debug/src/buster/tests/string_test.c.o CMakeFiles/ide.dir/Debug/src/buster/tests/os_test.c.o CMakeFiles/ide.dir/Debug/src/buster/tests/file_test.c.o CMakeFiles/ide.dir/Debug/src/buster/tests/target_test.c.o CMakeFiles/ide.dir/Debug/src/buster/tests/truetype_test.c.o CMakeFiles/ide.dir/Debug/src/buster/tests/image_test.c.o CMakeFiles/ide.dir/Debug/src/buster/tests/compiler/metamorphic/metamorphic_test.c.o CMakeFiles/ide.dir/Debug/src/buster/tests/compiler/frontend/c/c_test.c.o CMakeFiles/ide.dir/Debug/src/buster/tests/compiler/frontend/c/once_test.c.o CMakeFiles/ide.dir/Debug/src/buster/tests/compiler/frontend/c/type_layout_test.c.o CMakeFiles/ide.dir/Debug/src/buster/tests/compiler/frontend/c/macro_conditional_test.c.o CMakeFiles/ide.dir/Debug/src/buster/tests/compiler/frontend/c/record_layout_test.c.o CMakeFiles/ide.dir/Debug/src/buster/tests/compiler/assembly/aarch64_encoding_test.c.o CMakeFiles/ide.dir/Debug/src/buster/tests/compiler/assembly/aarch64_exact_bridge_test.c.o CMakeFiles/ide.dir/Debug/src/buster/tests/compiler/assembly/aarch64_control_semantics_test.c.o CMakeFiles/ide.dir/Debug/src/buster/tests/compiler/assembly/aarch64_system_registers_test.c.o CMakeFiles/ide.dir/Debug/src/buster/tests/compiler/assembly/aarch64_semantics_test.c.o CMakeFiles/ide.dir/Debug/src/buster/tests/compiler/assembly/aarch64_system_semantics_test.c.o CMakeFiles/ide.dir/Debug/src/buster/tests/compiler/assembly/aarch64_syntax_test.c.o CMakeFiles/ide.dir/Debug/src/buster/tests/compiler/assembly/aarch64_semantic_vm_test.c.o CMakeFiles/ide.dir/Debug/src/buster/tests/compiler/assembly/aarch64_direct_simd_test.c.o CMakeFiles/ide.dir/Debug/src/buster/tests/compiler/assembly/aarch64_complex_simd_test.c.o CMakeFiles/ide.dir/Debug/src/buster/tests/compiler/assembly/aarch64_memory_semantics_test.c.o CMakeFiles/ide.dir/Debug/src/buster/tests/compiler/assembly/aarch64_alias_projection_test.c.o CMakeFiles/ide.dir/Debug/src/buster/tests/compiler/assembly/assembly_test.c.o CMakeFiles/ide.dir/Debug/src/buster/tests/compiler/assembly/x86_64_forwarding_test.c.o CMakeFiles/ide.dir/Debug/src/buster/tests/compiler/assembly/x86_64_metadata_test.c.o CMakeFiles/ide.dir/Debug/src/buster/tests/compiler/assembly/x86_64_tls_test.c.o CMakeFiles/ide.dir/Debug/src/buster/tests/compiler/assembly/padding_test.c.o CMakeFiles/ide.dir/Debug/src/buster/tests/compiler/assembly/x86_64_got_test.c.o CMakeFiles/ide.dir/Debug/src/buster/tests/compiler/assembly/x86_64_completion_census_test.c.o CMakeFiles/ide.dir/Debug/src/buster/tests/compiler/diagnostic_test.c.o CMakeFiles/ide.dir/Debug/src/buster/tests/compiler/ir/ir_test.c.o CMakeFiles/ide.dir/Debug/src/buster/tests/compiler/ir/vector_contract_test.c.o CMakeFiles/ide.dir/Debug/src/buster/tests/compiler/llvm/bitcode_test.c.o CMakeFiles/ide.dir/Debug/src/buster/tests/compiler/codegen/machine_select_test.c.o CMakeFiles/ide.dir/Debug/src/buster/tests/compiler/codegen/machine_test.c.o CMakeFiles/ide.dir/Debug/src/buster/tests/compiler/codegen/codegen_test.c.o CMakeFiles/ide.dir/Debug/src/buster/tests/compiler/codegen/aarch64_stride_test.c.o CMakeFiles/ide.dir/Debug/src/buster/tests/compiler/debug/debug_test.c.o CMakeFiles/ide.dir/Debug/src/buster/tests/compiler/dwarf/dwarf_test.c.o CMakeFiles/ide.dir/Debug/src/buster/tests/compiler/codeview/codeview_test.c.o CMakeFiles/ide.dir/Debug/src/buster/tests/compiler/pdb/pdb_test.c.o CMakeFiles/ide.dir/Debug/src/buster/tests/compiler/object/object_test.c.o CMakeFiles/ide.dir/Debug/src/buster/tests/compiler/jit/jit_test.c.o CMakeFiles/ide.dir/Debug/src/buster/tests/compiler/link/link_test.c.o CMakeFiles/ide.dir/Debug/src/buster/tests/compiler/gpu/gpu_test.c.o CMakeFiles/ide.dir/Debug/src/buster/tests/compiler/spirv/spirv_test.c.o CMakeFiles/ide.dir/Debug/src/buster/tests/compiler/driver/driver_test.c.o CMakeFiles/ide.dir/Debug/src/buster/tests/compiler/driver/object_path_test.c.o CMakeFiles/ide.dir/Debug/src/buster/tests/x86_64_test.c.o CMakeFiles/ide.dir/Debug/src/buster/lib/os.c.o CMakeFiles/ide.dir/Debug/src/buster/lib/entry_point.c.o CMakeFiles/ide.dir/Debug/src/buster/lib/arena.c.o CMakeFiles/ide.dir/Debug/src/buster/lib/integer.c.o CMakeFiles/ide.dir/Debug/src/buster/lib/string.c.o CMakeFiles/ide.dir/Debug/src/buster/lib/float.c.o CMakeFiles/ide.dir/Debug/src/buster/lib/compiler/frontend/c/c_source.c.o CMakeFiles/ide.dir/Debug/src/buster/lib/compiler/frontend/c/c_parse.c.o CMakeFiles/ide.dir/Debug/src/buster/lib/compiler/frontend/c/c_gen.c.o CMakeFiles/ide.dir/Debug/src/buster/lib/compiler/assembly/aarch64_encoding.c.o CMakeFiles/ide.dir/Debug/src/buster/lib/compiler/assembly/aarch64_exact_bridge.c.o CMakeFiles/ide.dir/Debug/src/buster/lib/compiler/assembly/aarch64_control_semantics.c.o CMakeFiles/ide.dir/Debug/src/buster/lib/compiler/assembly/aarch64_system_registers.c.o CMakeFiles/ide.dir/Debug/src/buster/lib/compiler/assembly/aarch64_semantics.c.o CMakeFiles/ide.dir/Debug/src/buster/lib/compiler/assembly/aarch64_system_semantics.c.o CMakeFiles/ide.dir/Debug/src/buster/lib/compiler/assembly/aarch64_syntax.c.o CMakeFiles/ide.dir/Debug/src/buster/lib/compiler/assembly/aarch64_semantic_vm.c.o CMakeFiles/ide.dir/Debug/src/buster/lib/compiler/assembly/aarch64_direct_simd_semantics.c.o CMakeFiles/ide.dir/Debug/src/buster/lib/compiler/assembly/aarch64_complex_simd_semantics.c.o CMakeFiles/ide.dir/Debug/src/buster/lib/compiler/assembly/aarch64_memory_semantics.c.o CMakeFiles/ide.dir/Debug/src/buster/lib/compiler/assembly/aarch64_alias_projection.c.o CMakeFiles/ide.dir/Debug/src/buster/lib/compiler/assembly/assembly.c.o CMakeFiles/ide.dir/Debug/src/buster/lib/compiler/assembly/assembly_unit.c.o CMakeFiles/ide.dir/Debug/src/buster/lib/compiler/assembly/x86_64_metadata.c.o CMakeFiles/ide.dir/Debug/src/buster/lib/compiler/assembly/x86_64_completion_census.c.o CMakeFiles/ide.dir/Debug/src/buster/lib/compiler/ir/ir.c.o CMakeFiles/ide.dir/Debug/src/buster/lib/compiler/diagnostic.c.o CMakeFiles/ide.dir/Debug/src/buster/lib/compiler/debug/debug.c.o CMakeFiles/ide.dir/Debug/src/buster/lib/compiler/codegen/machine.c.o CMakeFiles/ide.dir/Debug/src/buster/lib/compiler/codegen/bootstrap_trace.c.o CMakeFiles/ide.dir/Debug/src/buster/lib/compiler/codegen/codegen.c.o CMakeFiles/ide.dir/Debug/src/buster/lib/compiler/dwarf/dwarf.c.o CMakeFiles/ide.dir/Debug/src/buster/lib/byte_writer.c.o CMakeFiles/ide.dir/Debug/src/buster/lib/compiler/codeview/codeview.c.o CMakeFiles/ide.dir/Debug/src/buster/lib/compiler/pdb/pdb.c.o CMakeFiles/ide.dir/Debug/src/buster/lib/compiler/object/object.c.o CMakeFiles/ide.dir/Debug/src/buster/lib/compiler/jit/jit.c.o CMakeFiles/ide.dir/Debug/src/buster/lib/compiler/link/link.c.o CMakeFiles/ide.dir/Debug/src/buster/lib/compiler/wasm/wasm.c.o CMakeFiles/ide.dir/Debug/src/buster/lib/compiler/gpu/gpu.c.o CMakeFiles/ide.dir/Debug/src/buster/lib/compiler/llvm/bitcode.c.o CMakeFiles/ide.dir/Debug/src/buster/lib/compiler/ebpf/ebpf.c.o CMakeFiles/ide.dir/Debug/src/buster/lib/compiler/spirv/spirv.c.o CMakeFiles/ide.dir/Debug/src/buster/lib/compiler/driver/driver.c.o CMakeFiles/ide.dir/Debug/src/buster/lib/simd.c.o CMakeFiles/ide.dir/Debug/src/buster/lib/file.c.o CMakeFiles/ide.dir/Debug/src/buster/lib/target.c.o CMakeFiles/ide.dir/Debug/src/buster/lib/time.c.o CMakeFiles/ide.dir/Debug/src/buster/lib/hash.c.o CMakeFiles/ide.dir/Debug/src/buster/lib/x86_64.c.o -o Debug/ide  -lm -###
40	strace -f -qq -s 4096 -e trace=openat,openat2 -o '/home/runner/work/_temp/wild-evaluation/evidence/ide-debug-wild.opens.txt' sh -c 'cd '\''build-wild-separate'\'' && "/home/runner/work/_temp/wild-evaluation/bin/wild" "-z" "relro" "--hash-style=gnu" "--build-id" "--eh-frame-hdr" "-m" "elf_x86_64" "-pie" "-dynamic-linker" "/lib64/ld-linux-x86-64.so.2" "-o" "Debug/ide" "/lib/x86_64-linux-gnu/Scrt1.o" "/lib/x86_64-linux-gnu/crti.o" "/usr/lib/gcc/x86_64-linux-gnu/15/crtbeginS.o" "-L/usr/lib/gcc/x86_64-linux-gnu/15" "-L/usr/lib/gcc/x86_64-linux-gnu/15/../../../../lib64" "-L/lib/x86_64-linux-gnu" "-L/lib/../lib64" "-L/usr/lib/x86_64-linux-gnu" "-L/usr/lib64" "-L/lib" "-L/usr/lib" "CMakeFiles/ide.dir/Debug/src/buster/apps/ide/ide.c.o" "CMakeFiles/ide.dir/Debug/src/buster/tests/byte_writer_test.c.o" "CMakeFiles/ide.dir/Debug/src/buster/tests/arena_test.c.o" "CMakeFiles/ide.dir/Debug/src/buster/tests/integer_test.c.o" "CMakeFiles/ide.dir/Debug/src/buster/tests/sanitizer_test.c.o" "CMakeFiles/ide.dir/Debug/src/buster/tests/hash_test.c.o" "CMakeFiles/ide.dir/Debug/src/buster/tests/simd_test.c.o" "CMakeFiles/ide.dir/Debug/src/buster/tests/string_test.c.o" "CMakeFiles/ide.dir/Debug/src/buster/tests/os_test.c.o" "CMakeFiles/ide.dir/Debug/src/buster/tests/file_test.c.o" "CMakeFiles/ide.dir/Debug/src/buster/tests/target_test.c.o" "CMakeFiles/ide.dir/Debug/src/buster/tests/truetype_test.c.o" "CMakeFiles/ide.dir/Debug/src/buster/tests/image_test.c.o" "CMakeFiles/ide.dir/Debug/src/buster/tests/compiler/metamorphic/metamorphic_test.c.o" "CMakeFiles/ide.dir/Debug/src/buster/tests/compiler/frontend/c/c_test.c.o" "CMakeFiles/ide.dir/Debug/src/buster/tests/compiler/frontend/c/once_test.c.o" "CMakeFiles/ide.dir/Debug/src/buster/tests/compiler/frontend/c/type_layout_test.c.o" "CMakeFiles/ide.dir/Debug/src/buster/tests/compiler/frontend/c/macro_conditional_test.c.o" "CMakeFiles/ide.dir/Debug/src/buster/tests/compiler/frontend/c/record_layout_test.c.o" "CMakeFiles/ide.dir/Debug/src/buster/tests/compiler/assembly/aarch64_encoding_test.c.o" "CMakeFiles/ide.dir/Debug/src/buster/tests/compiler/assembly/aarch64_exact_bridge_test.c.o" "CMakeFiles/ide.dir/Debug/src/buster/tests/compiler/assembly/aarch64_control_semantics_test.c.o" "CMakeFiles/ide.dir/Debug/src/buster/tests/compiler/assembly/aarch64_system_registers_test.c.o" "CMakeFiles/ide.dir/Debug/src/buster/tests/compiler/assembly/aarch64_semantics_test.c.o" "CMakeFiles/ide.dir/Debug/src/buster/tests/compiler/assembly/aarch64_system_semantics_test.c.o" "CMakeFiles/ide.dir/Debug/src/buster/tests/compiler/assembly/aarch64_syntax_test.c.o" "CMakeFiles/ide.dir/Debug/src/buster/tests/compiler/assembly/aarch64_semantic_vm_test.c.o" "CMakeFiles/ide.dir/Debug/src/buster/tests/compiler/assembly/aarch64_direct_simd_test.c.o" "CMakeFiles/ide.dir/Debug/src/buster/tests/compiler/assembly/aarch64_complex_simd_test.c.o" "CMakeFiles/ide.dir/Debug/src/buster/tests/compiler/assembly/aarch64_memory_semantics_test.c.o" "CMakeFiles/ide.dir/Debug/src/buster/tests/compiler/assembly/aarch64_alias_projection_test.c.o" "CMakeFiles/ide.dir/Debug/src/buster/tests/compiler/assembly/assembly_test.c.o" "CMakeFiles/ide.dir/Debug/src/buster/tests/compiler/assembly/x86_64_forwarding_test.c.o" "CMakeFiles/ide.dir/Debug/src/buster/tests/compiler/assembly/x86_64_metadata_test.c.o" "CMakeFiles/ide.dir/Debug/src/buster/tests/compiler/assembly/x86_64_tls_test.c.o" "CMakeFiles/ide.dir/Debug/src/buster/tests/compiler/assembly/padding_test.c.o" "CMakeFiles/ide.dir/Debug/src/buster/tests/compiler/assembly/x86_64_got_test.c.o" "CMakeFiles/ide.dir/Debug/src/buster/tests/compiler/assembly/x86_64_completion_census_test.c.o" "CMakeFiles/ide.dir/Debug/src/buster/tests/compiler/diagnostic_test.c.o" "CMakeFiles/ide.dir/Debug/src/buster/tests/compiler/ir/ir_test.c.o" "CMakeFiles/ide.dir/Debug/src/buster/tests/compiler/ir/vector_contract_test.c.o" "CMakeFiles/ide.dir/Debug/src/buster/tests/compiler/llvm/bitcode_test.c.o" "CMakeFiles/ide.dir/Debug/src/buster/tests/compiler/codegen/machine_select_test.c.o" "CMakeFiles/ide.dir/Debug/src/buster/tests/compiler/codegen/machine_test.c.o" "CMakeFiles/ide.dir/Debug/src/buster/tests/compiler/codegen/codegen_test.c.o" "CMakeFiles/ide.dir/Debug/src/buster/tests/compiler/codegen/aarch64_stride_test.c.o" "CMakeFiles/ide.dir/Debug/src/buster/tests/compiler/debug/debug_test.c.o" "CMakeFiles/ide.dir/Debug/src/buster/tests/compiler/dwarf/dwarf_test.c.o" "CMakeFiles/ide.dir/Debug/src/buster/tests/compiler/codeview/codeview_test.c.o" "CMakeFiles/ide.dir/Debug/src/buster/tests/compiler/pdb/pdb_test.c.o" "CMakeFiles/ide.dir/Debug/src/buster/tests/compiler/object/object_test.c.o" "CMakeFiles/ide.dir/Debug/src/buster/tests/compiler/jit/jit_test.c.o" "CMakeFiles/ide.dir/Debug/src/buster/tests/compiler/link/link_test.c.o" "CMakeFiles/ide.dir/Debug/src/buster/tests/compiler/gpu/gpu_test.c.o" "CMakeFiles/ide.dir/Debug/src/buster/tests/compiler/spirv/spirv_test.c.o" "CMakeFiles/ide.dir/Debug/src/buster/tests/compiler/driver/driver_test.c.o" "CMakeFiles/ide.dir/Debug/src/buster/tests/compiler/driver/object_path_test.c.o" "CMakeFiles/ide.dir/Debug/src/buster/tests/x86_64_test.c.o" "CMakeFiles/ide.dir/Debug/src/buster/lib/os.c.o" "CMakeFiles/ide.dir/Debug/src/buster/lib/entry_point.c.o" "CMakeFiles/ide.dir/Debug/src/buster/lib/arena.c.o" "CMakeFiles/ide.dir/Debug/src/buster/lib/integer.c.o" "CMakeFiles/ide.dir/Debug/src/buster/lib/string.c.o" "CMakeFiles/ide.dir/Debug/src/buster/lib/float.c.o" "CMakeFiles/ide.dir/Debug/src/buster/lib/compiler/frontend/c/c_source.c.o" "CMakeFiles/ide.dir/Debug/src/buster/lib/compiler/frontend/c/c_parse.c.o" "CMakeFiles/ide.dir/Debug/src/buster/lib/compiler/frontend/c/c_gen.c.o" "CMakeFiles/ide.dir/Debug/src/buster/lib/compiler/assembly/aarch64_encoding.c.o" "CMakeFiles/ide.dir/Debug/src/buster/lib/compiler/assembly/aarch64_exact_bridge.c.o" "CMakeFiles/ide.dir/Debug/src/buster/lib/compiler/assembly/aarch64_control_semantics.c.o" "CMakeFiles/ide.dir/Debug/src/buster/lib/compiler/assembly/aarch64_system_registers.c.o" "CMakeFiles/ide.dir/Debug/src/buster/lib/compiler/assembly/aarch64_semantics.c.o" "CMakeFiles/ide.dir/Debug/src/buster/lib/compiler/assembly/aarch64_system_semantics.c.o" "CMakeFiles/ide.dir/Debug/src/buster/lib/compiler/assembly/aarch64_syntax.c.o" "CMakeFiles/ide.dir/Debug/src/buster/lib/compiler/assembly/aarch64_semantic_vm.c.o" "CMakeFiles/ide.dir/Debug/src/buster/lib/compiler/assembly/aarch64_direct_simd_semantics.c.o" "CMakeFiles/ide.dir/Debug/src/buster/lib/compiler/assembly/aarch64_complex_simd_semantics.c.o" "CMakeFiles/ide.dir/Debug/src/buster/lib/compiler/assembly/aarch64_memory_semantics.c.o" "CMakeFiles/ide.dir/Debug/src/buster/lib/compiler/assembly/aarch64_alias_projection.c.o" "CMakeFiles/ide.dir/Debug/src/buster/lib/compiler/assembly/assembly.c.o" "CMakeFiles/ide.dir/Debug/src/buster/lib/compiler/assembly/assembly_unit.c.o" "CMakeFiles/ide.dir/Debug/src/buster/lib/compiler/assembly/x86_64_metadata.c.o" "CMakeFiles/ide.dir/Debug/src/buster/lib/compiler/assembly/x86_64_completion_census.c.o" "CMakeFiles/ide.dir/Debug/src/buster/lib/compiler/ir/ir.c.o" "CMakeFiles/ide.dir/Debug/src/buster/lib/compiler/diagnostic.c.o" "CMakeFiles/ide.dir/Debug/src/buster/lib/compiler/debug/debug.c.o" "CMakeFiles/ide.dir/Debug/src/buster/lib/compiler/codegen/machine.c.o" "CMakeFiles/ide.dir/Debug/src/buster/lib/compiler/codegen/bootstrap_trace.c.o" "CMakeFiles/ide.dir/Debug/src/buster/lib/compiler/codegen/codegen.c.o" "CMakeFiles/ide.dir/Debug/src/buster/lib/compiler/dwarf/dwarf.c.o" "CMakeFiles/ide.dir/Debug/src/buster/lib/byte_writer.c.o" "CMakeFiles/ide.dir/Debug/src/buster/lib/compiler/codeview/codeview.c.o" "CMakeFiles/ide.dir/Debug/src/buster/lib/compiler/pdb/pdb.c.o" "CMakeFiles/ide.dir/Debug/src/buster/lib/compiler/object/object.c.o" "CMakeFiles/ide.dir/Debug/src/buster/lib/compiler/jit/jit.c.o" "CMakeFiles/ide.dir/Debug/src/buster/lib/compiler/link/link.c.o" "CMakeFiles/ide.dir/Debug/src/buster/lib/compiler/wasm/wasm.c.o" "CMakeFiles/ide.dir/Debug/src/buster/lib/compiler/gpu/gpu.c.o" "CMakeFiles/ide.dir/Debug/src/buster/lib/compiler/llvm/bitcode.c.o" "CMakeFiles/ide.dir/Debug/src/buster/lib/compiler/ebpf/ebpf.c.o" "CMakeFiles/ide.dir/Debug/src/buster/lib/compiler/spirv/spirv.c.o" "CMakeFiles/ide.dir/Debug/src/buster/lib/compiler/driver/driver.c.o" "CMakeFiles/ide.dir/Debug/src/buster/lib/simd.c.o" "CMakeFiles/ide.dir/Debug/src/buster/lib/file.c.o" "CMakeFiles/ide.dir/Debug/src/buster/lib/target.c.o" "CMakeFiles/ide.dir/Debug/src/buster/lib/time.c.o" "CMakeFiles/ide.dir/Debug/src/buster/lib/hash.c.o" "CMakeFiles/ide.dir/Debug/src/buster/lib/x86_64.c.o" "-lm" "-lgcc" "--as-needed" "-lgcc_s" "--no-as-needed" "-lc" "-lgcc" "--as-needed" "-lgcc_s" "--no-as-needed" "/usr/lib/gcc/x86_64-linux-gnu/15/crtendS.o" "/lib/x86_64-linux-gnu/crtn.o" --no-gc-sections --no-fork --icf=none --build-id=0x2645264526452645264526452645264526452645'
41	strace -f -qq -s 4096 -e trace=openat,openat2 -o '/home/runner/work/_temp/wild-evaluation/evidence/ide-debug-mold.opens.txt' sh -c 'cd '\''build-wild-separate'\'' && '\''mold'\'' "-z" "relro" "--hash-style=gnu" "--build-id" "--eh-frame-hdr" "-m" "elf_x86_64" "-pie" "-dynamic-linker" "/lib64/ld-linux-x86-64.so.2" "-o" "Debug/ide" "/lib/x86_64-linux-gnu/Scrt1.o" "/lib/x86_64-linux-gnu/crti.o" "/usr/lib/gcc/x86_64-linux-gnu/15/crtbeginS.o" "-L/usr/lib/gcc/x86_64-linux-gnu/15" "-L/usr/lib/gcc/x86_64-linux-gnu/15/../../../../lib64" "-L/lib/x86_64-linux-gnu" "-L/lib/../lib64" "-L/usr/lib/x86_64-linux-gnu" "-L/usr/lib64" "-L/lib" "-L/usr/lib" "CMakeFiles/ide.dir/Debug/src/buster/apps/ide/ide.c.o" "CMakeFiles/ide.dir/Debug/src/buster/tests/byte_writer_test.c.o" "CMakeFiles/ide.dir/Debug/src/buster/tests/arena_test.c.o" "CMakeFiles/ide.dir/Debug/src/buster/tests/integer_test.c.o" "CMakeFiles/ide.dir/Debug/src/buster/tests/sanitizer_test.c.o" "CMakeFiles/ide.dir/Debug/src/buster/tests/hash_test.c.o" "CMakeFiles/ide.dir/Debug/src/buster/tests/simd_test.c.o" "CMakeFiles/ide.dir/Debug/src/buster/tests/string_test.c.o" "CMakeFiles/ide.dir/Debug/src/buster/tests/os_test.c.o" "CMakeFiles/ide.dir/Debug/src/buster/tests/file_test.c.o" "CMakeFiles/ide.dir/Debug/src/buster/tests/target_test.c.o" "CMakeFiles/ide.dir/Debug/src/buster/tests/truetype_test.c.o" "CMakeFiles/ide.dir/Debug/src/buster/tests/image_test.c.o" "CMakeFiles/ide.dir/Debug/src/buster/tests/compiler/metamorphic/metamorphic_test.c.o" "CMakeFiles/ide.dir/Debug/src/buster/tests/compiler/frontend/c/c_test.c.o" "CMakeFiles/ide.dir/Debug/src/buster/tests/compiler/frontend/c/once_test.c.o" "CMakeFiles/ide.dir/Debug/src/buster/tests/compiler/frontend/c/type_layout_test.c.o" "CMakeFiles/ide.dir/Debug/src/buster/tests/compiler/frontend/c/macro_conditional_test.c.o" "CMakeFiles/ide.dir/Debug/src/buster/tests/compiler/frontend/c/record_layout_test.c.o" "CMakeFiles/ide.dir/Debug/src/buster/tests/compiler/assembly/aarch64_encoding_test.c.o" "CMakeFiles/ide.dir/Debug/src/buster/tests/compiler/assembly/aarch64_exact_bridge_test.c.o" "CMakeFiles/ide.dir/Debug/src/buster/tests/compiler/assembly/aarch64_control_semantics_test.c.o" "CMakeFiles/ide.dir/Debug/src/buster/tests/compiler/assembly/aarch64_system_registers_test.c.o" "CMakeFiles/ide.dir/Debug/src/buster/tests/compiler/assembly/aarch64_semantics_test.c.o" "CMakeFiles/ide.dir/Debug/src/buster/tests/compiler/assembly/aarch64_system_semantics_test.c.o" "CMakeFiles/ide.dir/Debug/src/buster/tests/compiler/assembly/aarch64_syntax_test.c.o" "CMakeFiles/ide.dir/Debug/src/buster/tests/compiler/assembly/aarch64_semantic_vm_test.c.o" "CMakeFiles/ide.dir/Debug/src/buster/tests/compiler/assembly/aarch64_direct_simd_test.c.o" "CMakeFiles/ide.dir/Debug/src/buster/tests/compiler/assembly/aarch64_complex_simd_test.c.o" "CMakeFiles/ide.dir/Debug/src/buster/tests/compiler/assembly/aarch64_memory_semantics_test.c.o" "CMakeFiles/ide.dir/Debug/src/buster/tests/compiler/assembly/aarch64_alias_projection_test.c.o" "CMakeFiles/ide.dir/Debug/src/buster/tests/compiler/assembly/assembly_test.c.o" "CMakeFiles/ide.dir/Debug/src/buster/tests/compiler/assembly/x86_64_forwarding_test.c.o" "CMakeFiles/ide.dir/Debug/src/buster/tests/compiler/assembly/x86_64_metadata_test.c.o" "CMakeFiles/ide.dir/Debug/src/buster/tests/compiler/assembly/x86_64_tls_test.c.o" "CMakeFiles/ide.dir/Debug/src/buster/tests/compiler/assembly/padding_test.c.o" "CMakeFiles/ide.dir/Debug/src/buster/tests/compiler/assembly/x86_64_got_test.c.o" "CMakeFiles/ide.dir/Debug/src/buster/tests/compiler/assembly/x86_64_completion_census_test.c.o" "CMakeFiles/ide.dir/Debug/src/buster/tests/compiler/diagnostic_test.c.o" "CMakeFiles/ide.dir/Debug/src/buster/tests/compiler/ir/ir_test.c.o" "CMakeFiles/ide.dir/Debug/src/buster/tests/compiler/ir/vector_contract_test.c.o" "CMakeFiles/ide.dir/Debug/src/buster/tests/compiler/llvm/bitcode_test.c.o" "CMakeFiles/ide.dir/Debug/src/buster/tests/compiler/codegen/machine_select_test.c.o" "CMakeFiles/ide.dir/Debug/src/buster/tests/compiler/codegen/machine_test.c.o" "CMakeFiles/ide.dir/Debug/src/buster/tests/compiler/codegen/codegen_test.c.o" "CMakeFiles/ide.dir/Debug/src/buster/tests/compiler/codegen/aarch64_stride_test.c.o" "CMakeFiles/ide.dir/Debug/src/buster/tests/compiler/debug/debug_test.c.o" "CMakeFiles/ide.dir/Debug/src/buster/tests/compiler/dwarf/dwarf_test.c.o" "CMakeFiles/ide.dir/Debug/src/buster/tests/compiler/codeview/codeview_test.c.o" "CMakeFiles/ide.dir/Debug/src/buster/tests/compiler/pdb/pdb_test.c.o" "CMakeFiles/ide.dir/Debug/src/buster/tests/compiler/object/object_test.c.o" "CMakeFiles/ide.dir/Debug/src/buster/tests/compiler/jit/jit_test.c.o" "CMakeFiles/ide.dir/Debug/src/buster/tests/compiler/link/link_test.c.o" "CMakeFiles/ide.dir/Debug/src/buster/tests/compiler/gpu/gpu_test.c.o" "CMakeFiles/ide.dir/Debug/src/buster/tests/compiler/spirv/spirv_test.c.o" "CMakeFiles/ide.dir/Debug/src/buster/tests/compiler/driver/driver_test.c.o" "CMakeFiles/ide.dir/Debug/src/buster/tests/compiler/driver/object_path_test.c.o" "CMakeFiles/ide.dir/Debug/src/buster/tests/x86_64_test.c.o" "CMakeFiles/ide.dir/Debug/src/buster/lib/os.c.o" "CMakeFiles/ide.dir/Debug/src/buster/lib/entry_point.c.o" "CMakeFiles/ide.dir/Debug/src/buster/lib/arena.c.o" "CMakeFiles/ide.dir/Debug/src/buster/lib/integer.c.o" "CMakeFiles/ide.dir/Debug/src/buster/lib/string.c.o" "CMakeFiles/ide.dir/Debug/src/buster/lib/float.c.o" "CMakeFiles/ide.dir/Debug/src/buster/lib/compiler/frontend/c/c_source.c.o" "CMakeFiles/ide.dir/Debug/src/buster/lib/compiler/frontend/c/c_parse.c.o" "CMakeFiles/ide.dir/Debug/src/buster/lib/compiler/frontend/c/c_gen.c.o" "CMakeFiles/ide.dir/Debug/src/buster/lib/compiler/assembly/aarch64_encoding.c.o" "CMakeFiles/ide.dir/Debug/src/buster/lib/compiler/assembly/aarch64_exact_bridge.c.o" "CMakeFiles/ide.dir/Debug/src/buster/lib/compiler/assembly/aarch64_control_semantics.c.o" "CMakeFiles/ide.dir/Debug/src/buster/lib/compiler/assembly/aarch64_system_registers.c.o" "CMakeFiles/ide.dir/Debug/src/buster/lib/compiler/assembly/aarch64_semantics.c.o" "CMakeFiles/ide.dir/Debug/src/buster/lib/compiler/assembly/aarch64_system_semantics.c.o" "CMakeFiles/ide.dir/Debug/src/buster/lib/compiler/assembly/aarch64_syntax.c.o" "CMakeFiles/ide.dir/Debug/src/buster/lib/compiler/assembly/aarch64_semantic_vm.c.o" "CMakeFiles/ide.dir/Debug/src/buster/lib/compiler/assembly/aarch64_direct_simd_semantics.c.o" "CMakeFiles/ide.dir/Debug/src/buster/lib/compiler/assembly/aarch64_complex_simd_semantics.c.o" "CMakeFiles/ide.dir/Debug/src/buster/lib/compiler/assembly/aarch64_memory_semantics.c.o" "CMakeFiles/ide.dir/Debug/src/buster/lib/compiler/assembly/aarch64_alias_projection.c.o" "CMakeFiles/ide.dir/Debug/src/buster/lib/compiler/assembly/assembly.c.o" "CMakeFiles/ide.dir/Debug/src/buster/lib/compiler/assembly/assembly_unit.c.o" "CMakeFiles/ide.dir/Debug/src/buster/lib/compiler/assembly/x86_64_metadata.c.o" "CMakeFiles/ide.dir/Debug/src/buster/lib/compiler/assembly/x86_64_completion_census.c.o" "CMakeFiles/ide.dir/Debug/src/buster/lib/compiler/ir/ir.c.o" "CMakeFiles/ide.dir/Debug/src/buster/lib/compiler/diagnostic.c.o" "CMakeFiles/ide.dir/Debug/src/buster/lib/compiler/debug/debug.c.o" "CMakeFiles/ide.dir/Debug/src/buster/lib/compiler/codegen/machine.c.o" "CMakeFiles/ide.dir/Debug/src/buster/lib/compiler/codegen/bootstrap_trace.c.o" "CMakeFiles/ide.dir/Debug/src/buster/lib/compiler/codegen/codegen.c.o" "CMakeFiles/ide.dir/Debug/src/buster/lib/compiler/dwarf/dwarf.c.o" "CMakeFiles/ide.dir/Debug/src/buster/lib/byte_writer.c.o" "CMakeFiles/ide.dir/Debug/src/buster/lib/compiler/codeview/codeview.c.o" "CMakeFiles/ide.dir/Debug/src/buster/lib/compiler/pdb/pdb.c.o" "CMakeFiles/ide.dir/Debug/src/buster/lib/compiler/object/object.c.o" "CMakeFiles/ide.dir/Debug/src/buster/lib/compiler/jit/jit.c.o" "CMakeFiles/ide.dir/Debug/src/buster/lib/compiler/link/link.c.o" "CMakeFiles/ide.dir/Debug/src/buster/lib/compiler/wasm/wasm.c.o" "CMakeFiles/ide.dir/Debug/src/buster/lib/compiler/gpu/gpu.c.o" "CMakeFiles/ide.dir/Debug/src/buster/lib/compiler/llvm/bitcode.c.o" "CMakeFiles/ide.dir/Debug/src/buster/lib/compiler/ebpf/ebpf.c.o" "CMakeFiles/ide.dir/Debug/src/buster/lib/compiler/spirv/spirv.c.o" "CMakeFiles/ide.dir/Debug/src/buster/lib/compiler/driver/driver.c.o" "CMakeFiles/ide.dir/Debug/src/buster/lib/simd.c.o" "CMakeFiles/ide.dir/Debug/src/buster/lib/file.c.o" "CMakeFiles/ide.dir/Debug/src/buster/lib/target.c.o" "CMakeFiles/ide.dir/Debug/src/buster/lib/time.c.o" "CMakeFiles/ide.dir/Debug/src/buster/lib/hash.c.o" "CMakeFiles/ide.dir/Debug/src/buster/lib/x86_64.c.o" "-lm" "-lgcc" "--as-needed" "-lgcc_s" "--no-as-needed" "-lc" "-lgcc" "--as-needed" "-lgcc_s" "--no-as-needed" "/usr/lib/gcc/x86_64-linux-gnu/15/crtendS.o" "/lib/x86_64-linux-gnu/crtn.o" --no-gc-sections --no-fork --icf=none --build-id=0x2645264526452645264526452645264526452645'
42	sort -u '/home/runner/work/_temp/wild-evaluation/evidence/ide-debug-read-paths.txt' | xargs -d '\n' sha256sum > '/home/runner/work/_temp/wild-evaluation/evidence/ide-debug-all-read-inputs.sha256'
43	cd 'build-wild-separate' && "/home/runner/work/_temp/wild-evaluation/bin/wild" "-z" "relro" "--hash-style=gnu" "--build-id" "--eh-frame-hdr" "-m" "elf_x86_64" "-pie" "-dynamic-linker" "/lib64/ld-linux-x86-64.so.2" "-o" "Debug/ide" "/lib/x86_64-linux-gnu/Scrt1.o" "/lib/x86_64-linux-gnu/crti.o" "/usr/lib/gcc/x86_64-linux-gnu/15/crtbeginS.o" "-L/usr/lib/gcc/x86_64-linux-gnu/15" "-L/usr/lib/gcc/x86_64-linux-gnu/15/../../../../lib64" "-L/lib/x86_64-linux-gnu" "-L/lib/../lib64" "-L/usr/lib/x86_64-linux-gnu" "-L/usr/lib64" "-L/lib" "-L/usr/lib" "CMakeFiles/ide.dir/Debug/src/buster/apps/ide/ide.c.o" "CMakeFiles/ide.dir/Debug/src/buster/tests/byte_writer_test.c.o" "CMakeFiles/ide.dir/Debug/src/buster/tests/arena_test.c.o" "CMakeFiles/ide.dir/Debug/src/buster/tests/integer_test.c.o" "CMakeFiles/ide.dir/Debug/src/buster/tests/sanitizer_test.c.o" "CMakeFiles/ide.dir/Debug/src/buster/tests/hash_test.c.o" "CMakeFiles/ide.dir/Debug/src/buster/tests/simd_test.c.o" "CMakeFiles/ide.dir/Debug/src/buster/tests/string_test.c.o" "CMakeFiles/ide.dir/Debug/src/buster/tests/os_test.c.o" "CMakeFiles/ide.dir/Debug/src/buster/tests/file_test.c.o" "CMakeFiles/ide.dir/Debug/src/buster/tests/target_test.c.o" "CMakeFiles/ide.dir/Debug/src/buster/tests/truetype_test.c.o" "CMakeFiles/ide.dir/Debug/src/buster/tests/image_test.c.o" "CMakeFiles/ide.dir/Debug/src/buster/tests/compiler/metamorphic/metamorphic_test.c.o" "CMakeFiles/ide.dir/Debug/src/buster/tests/compiler/frontend/c/c_test.c.o" "CMakeFiles/ide.dir/Debug/src/buster/tests/compiler/frontend/c/once_test.c.o" "CMakeFiles/ide.dir/Debug/src/buster/tests/compiler/frontend/c/type_layout_test.c.o" "CMakeFiles/ide.dir/Debug/src/buster/tests/compiler/frontend/c/macro_conditional_test.c.o" "CMakeFiles/ide.dir/Debug/src/buster/tests/compiler/frontend/c/record_layout_test.c.o" "CMakeFiles/ide.dir/Debug/src/buster/tests/compiler/assembly/aarch64_encoding_test.c.o" "CMakeFiles/ide.dir/Debug/src/buster/tests/compiler/assembly/aarch64_exact_bridge_test.c.o" "CMakeFiles/ide.dir/Debug/src/buster/tests/compiler/assembly/aarch64_control_semantics_test.c.o" "CMakeFiles/ide.dir/Debug/src/buster/tests/compiler/assembly/aarch64_system_registers_test.c.o" "CMakeFiles/ide.dir/Debug/src/buster/tests/compiler/assembly/aarch64_semantics_test.c.o" "CMakeFiles/ide.dir/Debug/src/buster/tests/compiler/assembly/aarch64_system_semantics_test.c.o" "CMakeFiles/ide.dir/Debug/src/buster/tests/compiler/assembly/aarch64_syntax_test.c.o" "CMakeFiles/ide.dir/Debug/src/buster/tests/compiler/assembly/aarch64_semantic_vm_test.c.o" "CMakeFiles/ide.dir/Debug/src/buster/tests/compiler/assembly/aarch64_direct_simd_test.c.o" "CMakeFiles/ide.dir/Debug/src/buster/tests/compiler/assembly/aarch64_complex_simd_test.c.o" "CMakeFiles/ide.dir/Debug/src/buster/tests/compiler/assembly/aarch64_memory_semantics_test.c.o" "CMakeFiles/ide.dir/Debug/src/buster/tests/compiler/assembly/aarch64_alias_projection_test.c.o" "CMakeFiles/ide.dir/Debug/src/buster/tests/compiler/assembly/assembly_test.c.o" "CMakeFiles/ide.dir/Debug/src/buster/tests/compiler/assembly/x86_64_forwarding_test.c.o" "CMakeFiles/ide.dir/Debug/src/buster/tests/compiler/assembly/x86_64_metadata_test.c.o" "CMakeFiles/ide.dir/Debug/src/buster/tests/compiler/assembly/x86_64_tls_test.c.o" "CMakeFiles/ide.dir/Debug/src/buster/tests/compiler/assembly/padding_test.c.o" "CMakeFiles/ide.dir/Debug/src/buster/tests/compiler/assembly/x86_64_got_test.c.o" "CMakeFiles/ide.dir/Debug/src/buster/tests/compiler/assembly/x86_64_completion_census_test.c.o" "CMakeFiles/ide.dir/Debug/src/buster/tests/compiler/diagnostic_test.c.o" "CMakeFiles/ide.dir/Debug/src/buster/tests/compiler/ir/ir_test.c.o" "CMakeFiles/ide.dir/Debug/src/buster/tests/compiler/ir/vector_contract_test.c.o" "CMakeFiles/ide.dir/Debug/src/buster/tests/compiler/llvm/bitcode_test.c.o" "CMakeFiles/ide.dir/Debug/src/buster/tests/compiler/codegen/machine_select_test.c.o" "CMakeFiles/ide.dir/Debug/src/buster/tests/compiler/codegen/machine_test.c.o" "CMakeFiles/ide.dir/Debug/src/buster/tests/compiler/codegen/codegen_test.c.o" "CMakeFiles/ide.dir/Debug/src/buster/tests/compiler/codegen/aarch64_stride_test.c.o" "CMakeFiles/ide.dir/Debug/src/buster/tests/compiler/debug/debug_test.c.o" "CMakeFiles/ide.dir/Debug/src/buster/tests/compiler/dwarf/dwarf_test.c.o" "CMakeFiles/ide.dir/Debug/src/buster/tests/compiler/codeview/codeview_test.c.o" "CMakeFiles/ide.dir/Debug/src/buster/tests/compiler/pdb/pdb_test.c.o" "CMakeFiles/ide.dir/Debug/src/buster/tests/compiler/object/object_test.c.o" "CMakeFiles/ide.dir/Debug/src/buster/tests/compiler/jit/jit_test.c.o" "CMakeFiles/ide.dir/Debug/src/buster/tests/compiler/link/link_test.c.o" "CMakeFiles/ide.dir/Debug/src/buster/tests/compiler/gpu/gpu_test.c.o" "CMakeFiles/ide.dir/Debug/src/buster/tests/compiler/spirv/spirv_test.c.o" "CMakeFiles/ide.dir/Debug/src/buster/tests/compiler/driver/driver_test.c.o" "CMakeFiles/ide.dir/Debug/src/buster/tests/compiler/driver/object_path_test.c.o" "CMakeFiles/ide.dir/Debug/src/buster/tests/x86_64_test.c.o" "CMakeFiles/ide.dir/Debug/src/buster/lib/os.c.o" "CMakeFiles/ide.dir/Debug/src/buster/lib/entry_point.c.o" "CMakeFiles/ide.dir/Debug/src/buster/lib/arena.c.o" "CMakeFiles/ide.dir/Debug/src/buster/lib/integer.c.o" "CMakeFiles/ide.dir/Debug/src/buster/lib/string.c.o" "CMakeFiles/ide.dir/Debug/src/buster/lib/float.c.o" "CMakeFiles/ide.dir/Debug/src/buster/lib/compiler/frontend/c/c_source.c.o" "CMakeFiles/ide.dir/Debug/src/buster/lib/compiler/frontend/c/c_parse.c.o" "CMakeFiles/ide.dir/Debug/src/buster/lib/compiler/frontend/c/c_gen.c.o" "CMakeFiles/ide.dir/Debug/src/buster/lib/compiler/assembly/aarch64_encoding.c.o" "CMakeFiles/ide.dir/Debug/src/buster/lib/compiler/assembly/aarch64_exact_bridge.c.o" "CMakeFiles/ide.dir/Debug/src/buster/lib/compiler/assembly/aarch64_control_semantics.c.o" "CMakeFiles/ide.dir/Debug/src/buster/lib/compiler/assembly/aarch64_system_registers.c.o" "CMakeFiles/ide.dir/Debug/src/buster/lib/compiler/assembly/aarch64_semantics.c.o" "CMakeFiles/ide.dir/Debug/src/buster/lib/compiler/assembly/aarch64_system_semantics.c.o" "CMakeFiles/ide.dir/Debug/src/buster/lib/compiler/assembly/aarch64_syntax.c.o" "CMakeFiles/ide.dir/Debug/src/buster/lib/compiler/assembly/aarch64_semantic_vm.c.o" "CMakeFiles/ide.dir/Debug/src/buster/lib/compiler/assembly/aarch64_direct_simd_semantics.c.o" "CMakeFiles/ide.dir/Debug/src/buster/lib/compiler/assembly/aarch64_complex_simd_semantics.c.o" "CMakeFiles/ide.dir/Debug/src/buster/lib/compiler/assembly/aarch64_memory_semantics.c.o" "CMakeFiles/ide.dir/Debug/src/buster/lib/compiler/assembly/aarch64_alias_projection.c.o" "CMakeFiles/ide.dir/Debug/src/buster/lib/compiler/assembly/assembly.c.o" "CMakeFiles/ide.dir/Debug/src/buster/lib/compiler/assembly/assembly_unit.c.o" "CMakeFiles/ide.dir/Debug/src/buster/lib/compiler/assembly/x86_64_metadata.c.o" "CMakeFiles/ide.dir/Debug/src/buster/lib/compiler/assembly/x86_64_completion_census.c.o" "CMakeFiles/ide.dir/Debug/src/buster/lib/compiler/ir/ir.c.o" "CMakeFiles/ide.dir/Debug/src/buster/lib/compiler/diagnostic.c.o" "CMakeFiles/ide.dir/Debug/src/buster/lib/compiler/debug/debug.c.o" "CMakeFiles/ide.dir/Debug/src/buster/lib/compiler/codegen/machine.c.o" "CMakeFiles/ide.dir/Debug/src/buster/lib/compiler/codegen/bootstrap_trace.c.o" "CMakeFiles/ide.dir/Debug/src/buster/lib/compiler/codegen/codegen.c.o" "CMakeFiles/ide.dir/Debug/src/buster/lib/compiler/dwarf/dwarf.c.o" "CMakeFiles/ide.dir/Debug/src/buster/lib/byte_writer.c.o" "CMakeFiles/ide.dir/Debug/src/buster/lib/compiler/codeview/codeview.c.o" "CMakeFiles/ide.dir/Debug/src/buster/lib/compiler/pdb/pdb.c.o" "CMakeFiles/ide.dir/Debug/src/buster/lib/compiler/object/object.c.o" "CMakeFiles/ide.dir/Debug/src/buster/lib/compiler/jit/jit.c.o" "CMakeFiles/ide.dir/Debug/src/buster/lib/compiler/link/link.c.o" "CMakeFiles/ide.dir/Debug/src/buster/lib/compiler/wasm/wasm.c.o" "CMakeFiles/ide.dir/Debug/src/buster/lib/compiler/gpu/gpu.c.o" "CMakeFiles/ide.dir/Debug/src/buster/lib/compiler/llvm/bitcode.c.o" "CMakeFiles/ide.dir/Debug/src/buster/lib/compiler/ebpf/ebpf.c.o" "CMakeFiles/ide.dir/Debug/src/buster/lib/compiler/spirv/spirv.c.o" "CMakeFiles/ide.dir/Debug/src/buster/lib/compiler/driver/driver.c.o" "CMakeFiles/ide.dir/Debug/src/buster/lib/simd.c.o" "CMakeFiles/ide.dir/Debug/src/buster/lib/file.c.o" "CMakeFiles/ide.dir/Debug/src/buster/lib/target.c.o" "CMakeFiles/ide.dir/Debug/src/buster/lib/time.c.o" "CMakeFiles/ide.dir/Debug/src/buster/lib/hash.c.o" "CMakeFiles/ide.dir/Debug/src/buster/lib/x86_64.c.o" "-lm" "-lgcc" "--as-needed" "-lgcc_s" "--no-as-needed" "-lc" "-lgcc" "--as-needed" "-lgcc_s" "--no-as-needed" "/usr/lib/gcc/x86_64-linux-gnu/15/crtendS.o" "/lib/x86_64-linux-gnu/crtn.o" --no-gc-sections --no-fork --icf=none --build-id=0x2645264526452645264526452645264526452645
44	cd 'build-wild-separate' && 'mold' "-z" "relro" "--hash-style=gnu" "--build-id" "--eh-frame-hdr" "-m" "elf_x86_64" "-pie" "-dynamic-linker" "/lib64/ld-linux-x86-64.so.2" "-o" "Debug/ide" "/lib/x86_64-linux-gnu/Scrt1.o" "/lib/x86_64-linux-gnu/crti.o" "/usr/lib/gcc/x86_64-linux-gnu/15/crtbeginS.o" "-L/usr/lib/gcc/x86_64-linux-gnu/15" "-L/usr/lib/gcc/x86_64-linux-gnu/15/../../../../lib64" "-L/lib/x86_64-linux-gnu" "-L/lib/../lib64" "-L/usr/lib/x86_64-linux-gnu" "-L/usr/lib64" "-L/lib" "-L/usr/lib" "CMakeFiles/ide.dir/Debug/src/buster/apps/ide/ide.c.o" "CMakeFiles/ide.dir/Debug/src/buster/tests/byte_writer_test.c.o" "CMakeFiles/ide.dir/Debug/src/buster/tests/arena_test.c.o" "CMakeFiles/ide.dir/Debug/src/buster/tests/integer_test.c.o" "CMakeFiles/ide.dir/Debug/src/buster/tests/sanitizer_test.c.o" "CMakeFiles/ide.dir/Debug/src/buster/tests/hash_test.c.o" "CMakeFiles/ide.dir/Debug/src/buster/tests/simd_test.c.o" "CMakeFiles/ide.dir/Debug/src/buster/tests/string_test.c.o" "CMakeFiles/ide.dir/Debug/src/buster/tests/os_test.c.o" "CMakeFiles/ide.dir/Debug/src/buster/tests/file_test.c.o" "CMakeFiles/ide.dir/Debug/src/buster/tests/target_test.c.o" "CMakeFiles/ide.dir/Debug/src/buster/tests/truetype_test.c.o" "CMakeFiles/ide.dir/Debug/src/buster/tests/image_test.c.o" "CMakeFiles/ide.dir/Debug/src/buster/tests/compiler/metamorphic/metamorphic_test.c.o" "CMakeFiles/ide.dir/Debug/src/buster/tests/compiler/frontend/c/c_test.c.o" "CMakeFiles/ide.dir/Debug/src/buster/tests/compiler/frontend/c/once_test.c.o" "CMakeFiles/ide.dir/Debug/src/buster/tests/compiler/frontend/c/type_layout_test.c.o" "CMakeFiles/ide.dir/Debug/src/buster/tests/compiler/frontend/c/macro_conditional_test.c.o" "CMakeFiles/ide.dir/Debug/src/buster/tests/compiler/frontend/c/record_layout_test.c.o" "CMakeFiles/ide.dir/Debug/src/buster/tests/compiler/assembly/aarch64_encoding_test.c.o" "CMakeFiles/ide.dir/Debug/src/buster/tests/compiler/assembly/aarch64_exact_bridge_test.c.o" "CMakeFiles/ide.dir/Debug/src/buster/tests/compiler/assembly/aarch64_control_semantics_test.c.o" "CMakeFiles/ide.dir/Debug/src/buster/tests/compiler/assembly/aarch64_system_registers_test.c.o" "CMakeFiles/ide.dir/Debug/src/buster/tests/compiler/assembly/aarch64_semantics_test.c.o" "CMakeFiles/ide.dir/Debug/src/buster/tests/compiler/assembly/aarch64_system_semantics_test.c.o" "CMakeFiles/ide.dir/Debug/src/buster/tests/compiler/assembly/aarch64_syntax_test.c.o" "CMakeFiles/ide.dir/Debug/src/buster/tests/compiler/assembly/aarch64_semantic_vm_test.c.o" "CMakeFiles/ide.dir/Debug/src/buster/tests/compiler/assembly/aarch64_direct_simd_test.c.o" "CMakeFiles/ide.dir/Debug/src/buster/tests/compiler/assembly/aarch64_complex_simd_test.c.o" "CMakeFiles/ide.dir/Debug/src/buster/tests/compiler/assembly/aarch64_memory_semantics_test.c.o" "CMakeFiles/ide.dir/Debug/src/buster/tests/compiler/assembly/aarch64_alias_projection_test.c.o" "CMakeFiles/ide.dir/Debug/src/buster/tests/compiler/assembly/assembly_test.c.o" "CMakeFiles/ide.dir/Debug/src/buster/tests/compiler/assembly/x86_64_forwarding_test.c.o" "CMakeFiles/ide.dir/Debug/src/buster/tests/compiler/assembly/x86_64_metadata_test.c.o" "CMakeFiles/ide.dir/Debug/src/buster/tests/compiler/assembly/x86_64_tls_test.c.o" "CMakeFiles/ide.dir/Debug/src/buster/tests/compiler/assembly/padding_test.c.o" "CMakeFiles/ide.dir/Debug/src/buster/tests/compiler/assembly/x86_64_got_test.c.o" "CMakeFiles/ide.dir/Debug/src/buster/tests/compiler/assembly/x86_64_completion_census_test.c.o" "CMakeFiles/ide.dir/Debug/src/buster/tests/compiler/diagnostic_test.c.o" "CMakeFiles/ide.dir/Debug/src/buster/tests/compiler/ir/ir_test.c.o" "CMakeFiles/ide.dir/Debug/src/buster/tests/compiler/ir/vector_contract_test.c.o" "CMakeFiles/ide.dir/Debug/src/buster/tests/compiler/llvm/bitcode_test.c.o" "CMakeFiles/ide.dir/Debug/src/buster/tests/compiler/codegen/machine_select_test.c.o" "CMakeFiles/ide.dir/Debug/src/buster/tests/compiler/codegen/machine_test.c.o" "CMakeFiles/ide.dir/Debug/src/buster/tests/compiler/codegen/codegen_test.c.o" "CMakeFiles/ide.dir/Debug/src/buster/tests/compiler/codegen/aarch64_stride_test.c.o" "CMakeFiles/ide.dir/Debug/src/buster/tests/compiler/debug/debug_test.c.o" "CMakeFiles/ide.dir/Debug/src/buster/tests/compiler/dwarf/dwarf_test.c.o" "CMakeFiles/ide.dir/Debug/src/buster/tests/compiler/codeview/codeview_test.c.o" "CMakeFiles/ide.dir/Debug/src/buster/tests/compiler/pdb/pdb_test.c.o" "CMakeFiles/ide.dir/Debug/src/buster/tests/compiler/object/object_test.c.o" "CMakeFiles/ide.dir/Debug/src/buster/tests/compiler/jit/jit_test.c.o" "CMakeFiles/ide.dir/Debug/src/buster/tests/compiler/link/link_test.c.o" "CMakeFiles/ide.dir/Debug/src/buster/tests/compiler/gpu/gpu_test.c.o" "CMakeFiles/ide.dir/Debug/src/buster/tests/compiler/spirv/spirv_test.c.o" "CMakeFiles/ide.dir/Debug/src/buster/tests/compiler/driver/driver_test.c.o" "CMakeFiles/ide.dir/Debug/src/buster/tests/compiler/driver/object_path_test.c.o" "CMakeFiles/ide.dir/Debug/src/buster/tests/x86_64_test.c.o" "CMakeFiles/ide.dir/Debug/src/buster/lib/os.c.o" "CMakeFiles/ide.dir/Debug/src/buster/lib/entry_point.c.o" "CMakeFiles/ide.dir/Debug/src/buster/lib/arena.c.o" "CMakeFiles/ide.dir/Debug/src/buster/lib/integer.c.o" "CMakeFiles/ide.dir/Debug/src/buster/lib/string.c.o" "CMakeFiles/ide.dir/Debug/src/buster/lib/float.c.o" "CMakeFiles/ide.dir/Debug/src/buster/lib/compiler/frontend/c/c_source.c.o" "CMakeFiles/ide.dir/Debug/src/buster/lib/compiler/frontend/c/c_parse.c.o" "CMakeFiles/ide.dir/Debug/src/buster/lib/compiler/frontend/c/c_gen.c.o" "CMakeFiles/ide.dir/Debug/src/buster/lib/compiler/assembly/aarch64_encoding.c.o" "CMakeFiles/ide.dir/Debug/src/buster/lib/compiler/assembly/aarch64_exact_bridge.c.o" "CMakeFiles/ide.dir/Debug/src/buster/lib/compiler/assembly/aarch64_control_semantics.c.o" "CMakeFiles/ide.dir/Debug/src/buster/lib/compiler/assembly/aarch64_system_registers.c.o" "CMakeFiles/ide.dir/Debug/src/buster/lib/compiler/assembly/aarch64_semantics.c.o" "CMakeFiles/ide.dir/Debug/src/buster/lib/compiler/assembly/aarch64_system_semantics.c.o" "CMakeFiles/ide.dir/Debug/src/buster/lib/compiler/assembly/aarch64_syntax.c.o" "CMakeFiles/ide.dir/Debug/src/buster/lib/compiler/assembly/aarch64_semantic_vm.c.o" "CMakeFiles/ide.dir/Debug/src/buster/lib/compiler/assembly/aarch64_direct_simd_semantics.c.o" "CMakeFiles/ide.dir/Debug/src/buster/lib/compiler/assembly/aarch64_complex_simd_semantics.c.o" "CMakeFiles/ide.dir/Debug/src/buster/lib/compiler/assembly/aarch64_memory_semantics.c.o" "CMakeFiles/ide.dir/Debug/src/buster/lib/compiler/assembly/aarch64_alias_projection.c.o" "CMakeFiles/ide.dir/Debug/src/buster/lib/compiler/assembly/assembly.c.o" "CMakeFiles/ide.dir/Debug/src/buster/lib/compiler/assembly/assembly_unit.c.o" "CMakeFiles/ide.dir/Debug/src/buster/lib/compiler/assembly/x86_64_metadata.c.o" "CMakeFiles/ide.dir/Debug/src/buster/lib/compiler/assembly/x86_64_completion_census.c.o" "CMakeFiles/ide.dir/Debug/src/buster/lib/compiler/ir/ir.c.o" "CMakeFiles/ide.dir/Debug/src/buster/lib/compiler/diagnostic.c.o" "CMakeFiles/ide.dir/Debug/src/buster/lib/compiler/debug/debug.c.o" "CMakeFiles/ide.dir/Debug/src/buster/lib/compiler/codegen/machine.c.o" "CMakeFiles/ide.dir/Debug/src/buster/lib/compiler/codegen/bootstrap_trace.c.o" "CMakeFiles/ide.dir/Debug/src/buster/lib/compiler/codegen/codegen.c.o" "CMakeFiles/ide.dir/Debug/src/buster/lib/compiler/dwarf/dwarf.c.o" "CMakeFiles/ide.dir/Debug/src/buster/lib/byte_writer.c.o" "CMakeFiles/ide.dir/Debug/src/buster/lib/compiler/codeview/codeview.c.o" "CMakeFiles/ide.dir/Debug/src/buster/lib/compiler/pdb/pdb.c.o" "CMakeFiles/ide.dir/Debug/src/buster/lib/compiler/object/object.c.o" "CMakeFiles/ide.dir/Debug/src/buster/lib/compiler/jit/jit.c.o" "CMakeFiles/ide.dir/Debug/src/buster/lib/compiler/link/link.c.o" "CMakeFiles/ide.dir/Debug/src/buster/lib/compiler/wasm/wasm.c.o" "CMakeFiles/ide.dir/Debug/src/buster/lib/compiler/gpu/gpu.c.o" "CMakeFiles/ide.dir/Debug/src/buster/lib/compiler/llvm/bitcode.c.o" "CMakeFiles/ide.dir/Debug/src/buster/lib/compiler/ebpf/ebpf.c.o" "CMakeFiles/ide.dir/Debug/src/buster/lib/compiler/spirv/spirv.c.o" "CMakeFiles/ide.dir/Debug/src/buster/lib/compiler/driver/driver.c.o" "CMakeFiles/ide.dir/Debug/src/buster/lib/simd.c.o" "CMakeFiles/ide.dir/Debug/src/buster/lib/file.c.o" "CMakeFiles/ide.dir/Debug/src/buster/lib/target.c.o" "CMakeFiles/ide.dir/Debug/src/buster/lib/time.c.o" "CMakeFiles/ide.dir/Debug/src/buster/lib/hash.c.o" "CMakeFiles/ide.dir/Debug/src/buster/lib/x86_64.c.o" "-lm" "-lgcc" "--as-needed" "-lgcc_s" "--no-as-needed" "-lc" "-lgcc" "--as-needed" "-lgcc_s" "--no-as-needed" "/usr/lib/gcc/x86_64-linux-gnu/15/crtendS.o" "/lib/x86_64-linux-gnu/crtn.o" --no-gc-sections --no-fork --icf=none --build-id=0x2645264526452645264526452645264526452645
45	cd 'build-wild-separate' && "/home/runner/work/_temp/wild-evaluation/bin/wild" "-z" "relro" "--hash-style=gnu" "--build-id" "--eh-frame-hdr" "-m" "elf_x86_64" "-pie" "-dynamic-linker" "/lib64/ld-linux-x86-64.so.2" "-o" "Debug/ide" "/lib/x86_64-linux-gnu/Scrt1.o" "/lib/x86_64-linux-gnu/crti.o" "/usr/lib/gcc/x86_64-linux-gnu/15/crtbeginS.o" "-L/usr/lib/gcc/x86_64-linux-gnu/15" "-L/usr/lib/gcc/x86_64-linux-gnu/15/../../../../lib64" "-L/lib/x86_64-linux-gnu" "-L/lib/../lib64" "-L/usr/lib/x86_64-linux-gnu" "-L/usr/lib64" "-L/lib" "-L/usr/lib" "CMakeFiles/ide.dir/Debug/src/buster/apps/ide/ide.c.o" "CMakeFiles/ide.dir/Debug/src/buster/tests/byte_writer_test.c.o" "CMakeFiles/ide.dir/Debug/src/buster/tests/arena_test.c.o" "CMakeFiles/ide.dir/Debug/src/buster/tests/integer_test.c.o" "CMakeFiles/ide.dir/Debug/src/buster/tests/sanitizer_test.c.o" "CMakeFiles/ide.dir/Debug/src/buster/tests/hash_test.c.o" "CMakeFiles/ide.dir/Debug/src/buster/tests/simd_test.c.o" "CMakeFiles/ide.dir/Debug/src/buster/tests/string_test.c.o" "CMakeFiles/ide.dir/Debug/src/buster/tests/os_test.c.o" "CMakeFiles/ide.dir/Debug/src/buster/tests/file_test.c.o" "CMakeFiles/ide.dir/Debug/src/buster/tests/target_test.c.o" "CMakeFiles/ide.dir/Debug/src/buster/tests/truetype_test.c.o" "CMakeFiles/ide.dir/Debug/src/buster/tests/image_test.c.o" "CMakeFiles/ide.dir/Debug/src/buster/tests/compiler/metamorphic/metamorphic_test.c.o" "CMakeFiles/ide.dir/Debug/src/buster/tests/compiler/frontend/c/c_test.c.o" "CMakeFiles/ide.dir/Debug/src/buster/tests/compiler/frontend/c/once_test.c.o" "CMakeFiles/ide.dir/Debug/src/buster/tests/compiler/frontend/c/type_layout_test.c.o" "CMakeFiles/ide.dir/Debug/src/buster/tests/compiler/frontend/c/macro_conditional_test.c.o" "CMakeFiles/ide.dir/Debug/src/buster/tests/compiler/frontend/c/record_layout_test.c.o" "CMakeFiles/ide.dir/Debug/src/buster/tests/compiler/assembly/aarch64_encoding_test.c.o" "CMakeFiles/ide.dir/Debug/src/buster/tests/compiler/assembly/aarch64_exact_bridge_test.c.o" "CMakeFiles/ide.dir/Debug/src/buster/tests/compiler/assembly/aarch64_control_semantics_test.c.o" "CMakeFiles/ide.dir/Debug/src/buster/tests/compiler/assembly/aarch64_system_registers_test.c.o" "CMakeFiles/ide.dir/Debug/src/buster/tests/compiler/assembly/aarch64_semantics_test.c.o" "CMakeFiles/ide.dir/Debug/src/buster/tests/compiler/assembly/aarch64_system_semantics_test.c.o" "CMakeFiles/ide.dir/Debug/src/buster/tests/compiler/assembly/aarch64_syntax_test.c.o" "CMakeFiles/ide.dir/Debug/src/buster/tests/compiler/assembly/aarch64_semantic_vm_test.c.o" "CMakeFiles/ide.dir/Debug/src/buster/tests/compiler/assembly/aarch64_direct_simd_test.c.o" "CMakeFiles/ide.dir/Debug/src/buster/tests/compiler/assembly/aarch64_complex_simd_test.c.o" "CMakeFiles/ide.dir/Debug/src/buster/tests/compiler/assembly/aarch64_memory_semantics_test.c.o" "CMakeFiles/ide.dir/Debug/src/buster/tests/compiler/assembly/aarch64_alias_projection_test.c.o" "CMakeFiles/ide.dir/Debug/src/buster/tests/compiler/assembly/assembly_test.c.o" "CMakeFiles/ide.dir/Debug/src/buster/tests/compiler/assembly/x86_64_forwarding_test.c.o" "CMakeFiles/ide.dir/Debug/src/buster/tests/compiler/assembly/x86_64_metadata_test.c.o" "CMakeFiles/ide.dir/Debug/src/buster/tests/compiler/assembly/x86_64_tls_test.c.o" "CMakeFiles/ide.dir/Debug/src/buster/tests/compiler/assembly/padding_test.c.o" "CMakeFiles/ide.dir/Debug/src/buster/tests/compiler/assembly/x86_64_got_test.c.o" "CMakeFiles/ide.dir/Debug/src/buster/tests/compiler/assembly/x86_64_completion_census_test.c.o" "CMakeFiles/ide.dir/Debug/src/buster/tests/compiler/diagnostic_test.c.o" "CMakeFiles/ide.dir/Debug/src/buster/tests/compiler/ir/ir_test.c.o" "CMakeFiles/ide.dir/Debug/src/buster/tests/compiler/ir/vector_contract_test.c.o" "CMakeFiles/ide.dir/Debug/src/buster/tests/compiler/llvm/bitcode_test.c.o" "CMakeFiles/ide.dir/Debug/src/buster/tests/compiler/codegen/machine_select_test.c.o" "CMakeFiles/ide.dir/Debug/src/buster/tests/compiler/codegen/machine_test.c.o" "CMakeFiles/ide.dir/Debug/src/buster/tests/compiler/codegen/codegen_test.c.o" "CMakeFiles/ide.dir/Debug/src/buster/tests/compiler/codegen/aarch64_stride_test.c.o" "CMakeFiles/ide.dir/Debug/src/buster/tests/compiler/debug/debug_test.c.o" "CMakeFiles/ide.dir/Debug/src/buster/tests/compiler/dwarf/dwarf_test.c.o" "CMakeFiles/ide.dir/Debug/src/buster/tests/compiler/codeview/codeview_test.c.o" "CMakeFiles/ide.dir/Debug/src/buster/tests/compiler/pdb/pdb_test.c.o" "CMakeFiles/ide.dir/Debug/src/buster/tests/compiler/object/object_test.c.o" "CMakeFiles/ide.dir/Debug/src/buster/tests/compiler/jit/jit_test.c.o" "CMakeFiles/ide.dir/Debug/src/buster/tests/compiler/link/link_test.c.o" "CMakeFiles/ide.dir/Debug/src/buster/tests/compiler/gpu/gpu_test.c.o" "CMakeFiles/ide.dir/Debug/src/buster/tests/compiler/spirv/spirv_test.c.o" "CMakeFiles/ide.dir/Debug/src/buster/tests/compiler/driver/driver_test.c.o" "CMakeFiles/ide.dir/Debug/src/buster/tests/compiler/driver/object_path_test.c.o" "CMakeFiles/ide.dir/Debug/src/buster/tests/x86_64_test.c.o" "CMakeFiles/ide.dir/Debug/src/buster/lib/os.c.o" "CMakeFiles/ide.dir/Debug/src/buster/lib/entry_point.c.o" "CMakeFiles/ide.dir/Debug/src/buster/lib/arena.c.o" "CMakeFiles/ide.dir/Debug/src/buster/lib/integer.c.o" "CMakeFiles/ide.dir/Debug/src/buster/lib/string.c.o" "CMakeFiles/ide.dir/Debug/src/buster/lib/float.c.o" "CMakeFiles/ide.dir/Debug/src/buster/lib/compiler/frontend/c/c_source.c.o" "CMakeFiles/ide.dir/Debug/src/buster/lib/compiler/frontend/c/c_parse.c.o" "CMakeFiles/ide.dir/Debug/src/buster/lib/compiler/frontend/c/c_gen.c.o" "CMakeFiles/ide.dir/Debug/src/buster/lib/compiler/assembly/aarch64_encoding.c.o" "CMakeFiles/ide.dir/Debug/src/buster/lib/compiler/assembly/aarch64_exact_bridge.c.o" "CMakeFiles/ide.dir/Debug/src/buster/lib/compiler/assembly/aarch64_control_semantics.c.o" "CMakeFiles/ide.dir/Debug/src/buster/lib/compiler/assembly/aarch64_system_registers.c.o" "CMakeFiles/ide.dir/Debug/src/buster/lib/compiler/assembly/aarch64_semantics.c.o" "CMakeFiles/ide.dir/Debug/src/buster/lib/compiler/assembly/aarch64_system_semantics.c.o" "CMakeFiles/ide.dir/Debug/src/buster/lib/compiler/assembly/aarch64_syntax.c.o" "CMakeFiles/ide.dir/Debug/src/buster/lib/compiler/assembly/aarch64_semantic_vm.c.o" "CMakeFiles/ide.dir/Debug/src/buster/lib/compiler/assembly/aarch64_direct_simd_semantics.c.o" "CMakeFiles/ide.dir/Debug/src/buster/lib/compiler/assembly/aarch64_complex_simd_semantics.c.o" "CMakeFiles/ide.dir/Debug/src/buster/lib/compiler/assembly/aarch64_memory_semantics.c.o" "CMakeFiles/ide.dir/Debug/src/buster/lib/compiler/assembly/aarch64_alias_projection.c.o" "CMakeFiles/ide.dir/Debug/src/buster/lib/compiler/assembly/assembly.c.o" "CMakeFiles/ide.dir/Debug/src/buster/lib/compiler/assembly/assembly_unit.c.o" "CMakeFiles/ide.dir/Debug/src/buster/lib/compiler/assembly/x86_64_metadata.c.o" "CMakeFiles/ide.dir/Debug/src/buster/lib/compiler/assembly/x86_64_completion_census.c.o" "CMakeFiles/ide.dir/Debug/src/buster/lib/compiler/ir/ir.c.o" "CMakeFiles/ide.dir/Debug/src/buster/lib/compiler/diagnostic.c.o" "CMakeFiles/ide.dir/Debug/src/buster/lib/compiler/debug/debug.c.o" "CMakeFiles/ide.dir/Debug/src/buster/lib/compiler/codegen/machine.c.o" "CMakeFiles/ide.dir/Debug/src/buster/lib/compiler/codegen/bootstrap_trace.c.o" "CMakeFiles/ide.dir/Debug/src/buster/lib/compiler/codegen/codegen.c.o" "CMakeFiles/ide.dir/Debug/src/buster/lib/compiler/dwarf/dwarf.c.o" "CMakeFiles/ide.dir/Debug/src/buster/lib/byte_writer.c.o" "CMakeFiles/ide.dir/Debug/src/buster/lib/compiler/codeview/codeview.c.o" "CMakeFiles/ide.dir/Debug/src/buster/lib/compiler/pdb/pdb.c.o" "CMakeFiles/ide.dir/Debug/src/buster/lib/compiler/object/object.c.o" "CMakeFiles/ide.dir/Debug/src/buster/lib/compiler/jit/jit.c.o" "CMakeFiles/ide.dir/Debug/src/buster/lib/compiler/link/link.c.o" "CMakeFiles/ide.dir/Debug/src/buster/lib/compiler/wasm/wasm.c.o" "CMakeFiles/ide.dir/Debug/src/buster/lib/compiler/gpu/gpu.c.o" "CMakeFiles/ide.dir/Debug/src/buster/lib/compiler/llvm/bitcode.c.o" "CMakeFiles/ide.dir/Debug/src/buster/lib/compiler/ebpf/ebpf.c.o" "CMakeFiles/ide.dir/Debug/src/buster/lib/compiler/spirv/spirv.c.o" "CMakeFiles/ide.dir/Debug/src/buster/lib/compiler/driver/driver.c.o" "CMakeFiles/ide.dir/Debug/src/buster/lib/simd.c.o" "CMakeFiles/ide.dir/Debug/src/buster/lib/file.c.o" "CMakeFiles/ide.dir/Debug/src/buster/lib/target.c.o" "CMakeFiles/ide.dir/Debug/src/buster/lib/time.c.o" "CMakeFiles/ide.dir/Debug/src/buster/lib/hash.c.o" "CMakeFiles/ide.dir/Debug/src/buster/lib/x86_64.c.o" "-lm" "-lgcc" "--as-needed" "-lgcc_s" "--no-as-needed" "-lc" "-lgcc" "--as-needed" "-lgcc_s" "--no-as-needed" "/usr/lib/gcc/x86_64-linux-gnu/15/crtendS.o" "/lib/x86_64-linux-gnu/crtn.o" --no-gc-sections --no-fork --icf=none --build-id=0x2645264526452645264526452645264526452645 --threads=1
46	cd 'build-wild-separate' && 'mold' "-z" "relro" "--hash-style=gnu" "--build-id" "--eh-frame-hdr" "-m" "elf_x86_64" "-pie" "-dynamic-linker" "/lib64/ld-linux-x86-64.so.2" "-o" "Debug/ide" "/lib/x86_64-linux-gnu/Scrt1.o" "/lib/x86_64-linux-gnu/crti.o" "/usr/lib/gcc/x86_64-linux-gnu/15/crtbeginS.o" "-L/usr/lib/gcc/x86_64-linux-gnu/15" "-L/usr/lib/gcc/x86_64-linux-gnu/15/../../../../lib64" "-L/lib/x86_64-linux-gnu" "-L/lib/../lib64" "-L/usr/lib/x86_64-linux-gnu" "-L/usr/lib64" "-L/lib" "-L/usr/lib" "CMakeFiles/ide.dir/Debug/src/buster/apps/ide/ide.c.o" "CMakeFiles/ide.dir/Debug/src/buster/tests/byte_writer_test.c.o" "CMakeFiles/ide.dir/Debug/src/buster/tests/arena_test.c.o" "CMakeFiles/ide.dir/Debug/src/buster/tests/integer_test.c.o" "CMakeFiles/ide.dir/Debug/src/buster/tests/sanitizer_test.c.o" "CMakeFiles/ide.dir/Debug/src/buster/tests/hash_test.c.o" "CMakeFiles/ide.dir/Debug/src/buster/tests/simd_test.c.o" "CMakeFiles/ide.dir/Debug/src/buster/tests/string_test.c.o" "CMakeFiles/ide.dir/Debug/src/buster/tests/os_test.c.o" "CMakeFiles/ide.dir/Debug/src/buster/tests/file_test.c.o" "CMakeFiles/ide.dir/Debug/src/buster/tests/target_test.c.o" "CMakeFiles/ide.dir/Debug/src/buster/tests/truetype_test.c.o" "CMakeFiles/ide.dir/Debug/src/buster/tests/image_test.c.o" "CMakeFiles/ide.dir/Debug/src/buster/tests/compiler/metamorphic/metamorphic_test.c.o" "CMakeFiles/ide.dir/Debug/src/buster/tests/compiler/frontend/c/c_test.c.o" "CMakeFiles/ide.dir/Debug/src/buster/tests/compiler/frontend/c/once_test.c.o" "CMakeFiles/ide.dir/Debug/src/buster/tests/compiler/frontend/c/type_layout_test.c.o" "CMakeFiles/ide.dir/Debug/src/buster/tests/compiler/frontend/c/macro_conditional_test.c.o" "CMakeFiles/ide.dir/Debug/src/buster/tests/compiler/frontend/c/record_layout_test.c.o" "CMakeFiles/ide.dir/Debug/src/buster/tests/compiler/assembly/aarch64_encoding_test.c.o" "CMakeFiles/ide.dir/Debug/src/buster/tests/compiler/assembly/aarch64_exact_bridge_test.c.o" "CMakeFiles/ide.dir/Debug/src/buster/tests/compiler/assembly/aarch64_control_semantics_test.c.o" "CMakeFiles/ide.dir/Debug/src/buster/tests/compiler/assembly/aarch64_system_registers_test.c.o" "CMakeFiles/ide.dir/Debug/src/buster/tests/compiler/assembly/aarch64_semantics_test.c.o" "CMakeFiles/ide.dir/Debug/src/buster/tests/compiler/assembly/aarch64_system_semantics_test.c.o" "CMakeFiles/ide.dir/Debug/src/buster/tests/compiler/assembly/aarch64_syntax_test.c.o" "CMakeFiles/ide.dir/Debug/src/buster/tests/compiler/assembly/aarch64_semantic_vm_test.c.o" "CMakeFiles/ide.dir/Debug/src/buster/tests/compiler/assembly/aarch64_direct_simd_test.c.o" "CMakeFiles/ide.dir/Debug/src/buster/tests/compiler/assembly/aarch64_complex_simd_test.c.o" "CMakeFiles/ide.dir/Debug/src/buster/tests/compiler/assembly/aarch64_memory_semantics_test.c.o" "CMakeFiles/ide.dir/Debug/src/buster/tests/compiler/assembly/aarch64_alias_projection_test.c.o" "CMakeFiles/ide.dir/Debug/src/buster/tests/compiler/assembly/assembly_test.c.o" "CMakeFiles/ide.dir/Debug/src/buster/tests/compiler/assembly/x86_64_forwarding_test.c.o" "CMakeFiles/ide.dir/Debug/src/buster/tests/compiler/assembly/x86_64_metadata_test.c.o" "CMakeFiles/ide.dir/Debug/src/buster/tests/compiler/assembly/x86_64_tls_test.c.o" "CMakeFiles/ide.dir/Debug/src/buster/tests/compiler/assembly/padding_test.c.o" "CMakeFiles/ide.dir/Debug/src/buster/tests/compiler/assembly/x86_64_got_test.c.o" "CMakeFiles/ide.dir/Debug/src/buster/tests/compiler/assembly/x86_64_completion_census_test.c.o" "CMakeFiles/ide.dir/Debug/src/buster/tests/compiler/diagnostic_test.c.o" "CMakeFiles/ide.dir/Debug/src/buster/tests/compiler/ir/ir_test.c.o" "CMakeFiles/ide.dir/Debug/src/buster/tests/compiler/ir/vector_contract_test.c.o" "CMakeFiles/ide.dir/Debug/src/buster/tests/compiler/llvm/bitcode_test.c.o" "CMakeFiles/ide.dir/Debug/src/buster/tests/compiler/codegen/machine_select_test.c.o" "CMakeFiles/ide.dir/Debug/src/buster/tests/compiler/codegen/machine_test.c.o" "CMakeFiles/ide.dir/Debug/src/buster/tests/compiler/codegen/codegen_test.c.o" "CMakeFiles/ide.dir/Debug/src/buster/tests/compiler/codegen/aarch64_stride_test.c.o" "CMakeFiles/ide.dir/Debug/src/buster/tests/compiler/debug/debug_test.c.o" "CMakeFiles/ide.dir/Debug/src/buster/tests/compiler/dwarf/dwarf_test.c.o" "CMakeFiles/ide.dir/Debug/src/buster/tests/compiler/codeview/codeview_test.c.o" "CMakeFiles/ide.dir/Debug/src/buster/tests/compiler/pdb/pdb_test.c.o" "CMakeFiles/ide.dir/Debug/src/buster/tests/compiler/object/object_test.c.o" "CMakeFiles/ide.dir/Debug/src/buster/tests/compiler/jit/jit_test.c.o" "CMakeFiles/ide.dir/Debug/src/buster/tests/compiler/link/link_test.c.o" "CMakeFiles/ide.dir/Debug/src/buster/tests/compiler/gpu/gpu_test.c.o" "CMakeFiles/ide.dir/Debug/src/buster/tests/compiler/spirv/spirv_test.c.o" "CMakeFiles/ide.dir/Debug/src/buster/tests/compiler/driver/driver_test.c.o" "CMakeFiles/ide.dir/Debug/src/buster/tests/compiler/driver/object_path_test.c.o" "CMakeFiles/ide.dir/Debug/src/buster/tests/x86_64_test.c.o" "CMakeFiles/ide.dir/Debug/src/buster/lib/os.c.o" "CMakeFiles/ide.dir/Debug/src/buster/lib/entry_point.c.o" "CMakeFiles/ide.dir/Debug/src/buster/lib/arena.c.o" "CMakeFiles/ide.dir/Debug/src/buster/lib/integer.c.o" "CMakeFiles/ide.dir/Debug/src/buster/lib/string.c.o" "CMakeFiles/ide.dir/Debug/src/buster/lib/float.c.o" "CMakeFiles/ide.dir/Debug/src/buster/lib/compiler/frontend/c/c_source.c.o" "CMakeFiles/ide.dir/Debug/src/buster/lib/compiler/frontend/c/c_parse.c.o" "CMakeFiles/ide.dir/Debug/src/buster/lib/compiler/frontend/c/c_gen.c.o" "CMakeFiles/ide.dir/Debug/src/buster/lib/compiler/assembly/aarch64_encoding.c.o" "CMakeFiles/ide.dir/Debug/src/buster/lib/compiler/assembly/aarch64_exact_bridge.c.o" "CMakeFiles/ide.dir/Debug/src/buster/lib/compiler/assembly/aarch64_control_semantics.c.o" "CMakeFiles/ide.dir/Debug/src/buster/lib/compiler/assembly/aarch64_system_registers.c.o" "CMakeFiles/ide.dir/Debug/src/buster/lib/compiler/assembly/aarch64_semantics.c.o" "CMakeFiles/ide.dir/Debug/src/buster/lib/compiler/assembly/aarch64_system_semantics.c.o" "CMakeFiles/ide.dir/Debug/src/buster/lib/compiler/assembly/aarch64_syntax.c.o" "CMakeFiles/ide.dir/Debug/src/buster/lib/compiler/assembly/aarch64_semantic_vm.c.o" "CMakeFiles/ide.dir/Debug/src/buster/lib/compiler/assembly/aarch64_direct_simd_semantics.c.o" "CMakeFiles/ide.dir/Debug/src/buster/lib/compiler/assembly/aarch64_complex_simd_semantics.c.o" "CMakeFiles/ide.dir/Debug/src/buster/lib/compiler/assembly/aarch64_memory_semantics.c.o" "CMakeFiles/ide.dir/Debug/src/buster/lib/compiler/assembly/aarch64_alias_projection.c.o" "CMakeFiles/ide.dir/Debug/src/buster/lib/compiler/assembly/assembly.c.o" "CMakeFiles/ide.dir/Debug/src/buster/lib/compiler/assembly/assembly_unit.c.o" "CMakeFiles/ide.dir/Debug/src/buster/lib/compiler/assembly/x86_64_metadata.c.o" "CMakeFiles/ide.dir/Debug/src/buster/lib/compiler/assembly/x86_64_completion_census.c.o" "CMakeFiles/ide.dir/Debug/src/buster/lib/compiler/ir/ir.c.o" "CMakeFiles/ide.dir/Debug/src/buster/lib/compiler/diagnostic.c.o" "CMakeFiles/ide.dir/Debug/src/buster/lib/compiler/debug/debug.c.o" "CMakeFiles/ide.dir/Debug/src/buster/lib/compiler/codegen/machine.c.o" "CMakeFiles/ide.dir/Debug/src/buster/lib/compiler/codegen/bootstrap_trace.c.o" "CMakeFiles/ide.dir/Debug/src/buster/lib/compiler/codegen/codegen.c.o" "CMakeFiles/ide.dir/Debug/src/buster/lib/compiler/dwarf/dwarf.c.o" "CMakeFiles/ide.dir/Debug/src/buster/lib/byte_writer.c.o" "CMakeFiles/ide.dir/Debug/src/buster/lib/compiler/codeview/codeview.c.o" "CMakeFiles/ide.dir/Debug/src/buster/lib/compiler/pdb/pdb.c.o" "CMakeFiles/ide.dir/Debug/src/buster/lib/compiler/object/object.c.o" "CMakeFiles/ide.dir/Debug/src/buster/lib/compiler/jit/jit.c.o" "CMakeFiles/ide.dir/Debug/src/buster/lib/compiler/link/link.c.o" "CMakeFiles/ide.dir/Debug/src/buster/lib/compiler/wasm/wasm.c.o" "CMakeFiles/ide.dir/Debug/src/buster/lib/compiler/gpu/gpu.c.o" "CMakeFiles/ide.dir/Debug/src/buster/lib/compiler/llvm/bitcode.c.o" "CMakeFiles/ide.dir/Debug/src/buster/lib/compiler/ebpf/ebpf.c.o" "CMakeFiles/ide.dir/Debug/src/buster/lib/compiler/spirv/spirv.c.o" "CMakeFiles/ide.dir/Debug/src/buster/lib/compiler/driver/driver.c.o" "CMakeFiles/ide.dir/Debug/src/buster/lib/simd.c.o" "CMakeFiles/ide.dir/Debug/src/buster/lib/file.c.o" "CMakeFiles/ide.dir/Debug/src/buster/lib/target.c.o" "CMakeFiles/ide.dir/Debug/src/buster/lib/time.c.o" "CMakeFiles/ide.dir/Debug/src/buster/lib/hash.c.o" "CMakeFiles/ide.dir/Debug/src/buster/lib/x86_64.c.o" "-lm" "-lgcc" "--as-needed" "-lgcc_s" "--no-as-needed" "-lc" "-lgcc" "--as-needed" "-lgcc_s" "--no-as-needed" "/usr/lib/gcc/x86_64-linux-gnu/15/crtendS.o" "/lib/x86_64-linux-gnu/crtn.o" --no-gc-sections --no-fork --icf=none --build-id=0x2645264526452645264526452645264526452645 --threads=1
47	cp 'build-wild-separate/Debug/ide' '/home/runner/work/_temp/wild-evaluation/evidence/ide-debug-mold.elf' && stat -c 'bytes=%s' '/home/runner/work/_temp/wild-evaluation/evidence/ide-debug-mold.elf' && sha256sum '/home/runner/work/_temp/wild-evaluation/evidence/ide-debug-mold.elf' && size -A '/home/runner/work/_temp/wild-evaluation/evidence/ide-debug-mold.elf' && readelf -W -h -l -S -d '/home/runner/work/_temp/wild-evaluation/evidence/ide-debug-mold.elf'
48	llvm-dwarfdump --verify --error-display=summary '/home/runner/work/_temp/wild-evaluation/evidence/ide-debug-mold.elf'
49	'build-wild-separate/Debug/ide' cc -g -c '/home/runner/work/_temp/wild-evaluation/evidence/probe.c' -o '/home/runner/work/_temp/wild-evaluation/evidence/review-check.o'
50	cmp 'build-wild-separate/Debug/ide' '/home/runner/work/_temp/wild-evaluation/evidence/ide-debug-mold.elf'
51	cp 'build-wild-separate/Debug/ide' '/home/runner/work/_temp/wild-evaluation/evidence/ide-debug-wild.elf' && stat -c 'bytes=%s' '/home/runner/work/_temp/wild-evaluation/evidence/ide-debug-wild.elf' && sha256sum '/home/runner/work/_temp/wild-evaluation/evidence/ide-debug-wild.elf' && size -A '/home/runner/work/_temp/wild-evaluation/evidence/ide-debug-wild.elf' && readelf -W -h -l -S -d '/home/runner/work/_temp/wild-evaluation/evidence/ide-debug-wild.elf'
52	llvm-dwarfdump --verify --error-display=summary '/home/runner/work/_temp/wild-evaluation/evidence/ide-debug-wild.elf'
53	cmp 'build-wild-separate/Debug/ide' '/home/runner/work/_temp/wild-evaluation/evidence/ide-debug-wild.elf'
54	sha256sum --check '/home/runner/work/_temp/wild-evaluation/evidence/ide-debug-all-read-inputs.sha256'
55	gdb -q -batch -ex 'set pagination off' -ex 'break entry_point' -ex run -ex bt --args '/home/runner/work/_temp/wild-evaluation/evidence/ide-debug-mold.elf'
56	gdb -q -batch -ex 'set pagination off' -ex 'break entry_point' -ex run -ex bt --args '/home/runner/work/_temp/wild-evaluation/evidence/ide-debug-wild.elf'
57	cd 'build-wild-unity' && : && /usr/lib/llvm-21/bin/clang -O3 -DNDEBUG --ld-path=wild CMakeFiles/ide.dir/Release/src/buster/apps/ide/ide.c.o -o Release/ide  -lm -###
58	strace -f -qq -s 4096 -e trace=openat,openat2 -o '/home/runner/work/_temp/wild-evaluation/evidence/ide-unity-release-wild.opens.txt' sh -c 'cd '\''build-wild-unity'\'' && "/home/runner/work/_temp/wild-evaluation/bin/wild" "-z" "relro" "--hash-style=gnu" "--build-id" "--eh-frame-hdr" "-m" "elf_x86_64" "-pie" "-dynamic-linker" "/lib64/ld-linux-x86-64.so.2" "-o" "Release/ide" "/lib/x86_64-linux-gnu/Scrt1.o" "/lib/x86_64-linux-gnu/crti.o" "/usr/lib/gcc/x86_64-linux-gnu/15/crtbeginS.o" "-L/usr/lib/gcc/x86_64-linux-gnu/15" "-L/usr/lib/gcc/x86_64-linux-gnu/15/../../../../lib64" "-L/lib/x86_64-linux-gnu" "-L/lib/../lib64" "-L/usr/lib/x86_64-linux-gnu" "-L/usr/lib64" "-L/lib" "-L/usr/lib" "CMakeFiles/ide.dir/Release/src/buster/apps/ide/ide.c.o" "-lm" "-lgcc" "--as-needed" "-lgcc_s" "--no-as-needed" "-lc" "-lgcc" "--as-needed" "-lgcc_s" "--no-as-needed" "/usr/lib/gcc/x86_64-linux-gnu/15/crtendS.o" "/lib/x86_64-linux-gnu/crtn.o" --no-gc-sections --no-fork --icf=none --build-id=0x2645264526452645264526452645264526452645'
59	strace -f -qq -s 4096 -e trace=openat,openat2 -o '/home/runner/work/_temp/wild-evaluation/evidence/ide-unity-release-mold.opens.txt' sh -c 'cd '\''build-wild-unity'\'' && '\''mold'\'' "-z" "relro" "--hash-style=gnu" "--build-id" "--eh-frame-hdr" "-m" "elf_x86_64" "-pie" "-dynamic-linker" "/lib64/ld-linux-x86-64.so.2" "-o" "Release/ide" "/lib/x86_64-linux-gnu/Scrt1.o" "/lib/x86_64-linux-gnu/crti.o" "/usr/lib/gcc/x86_64-linux-gnu/15/crtbeginS.o" "-L/usr/lib/gcc/x86_64-linux-gnu/15" "-L/usr/lib/gcc/x86_64-linux-gnu/15/../../../../lib64" "-L/lib/x86_64-linux-gnu" "-L/lib/../lib64" "-L/usr/lib/x86_64-linux-gnu" "-L/usr/lib64" "-L/lib" "-L/usr/lib" "CMakeFiles/ide.dir/Release/src/buster/apps/ide/ide.c.o" "-lm" "-lgcc" "--as-needed" "-lgcc_s" "--no-as-needed" "-lc" "-lgcc" "--as-needed" "-lgcc_s" "--no-as-needed" "/usr/lib/gcc/x86_64-linux-gnu/15/crtendS.o" "/lib/x86_64-linux-gnu/crtn.o" --no-gc-sections --no-fork --icf=none --build-id=0x2645264526452645264526452645264526452645'
60	sort -u '/home/runner/work/_temp/wild-evaluation/evidence/ide-unity-release-read-paths.txt' | xargs -d '\n' sha256sum > '/home/runner/work/_temp/wild-evaluation/evidence/ide-unity-release-all-read-inputs.sha256'
61	cd 'build-wild-unity' && 'mold' "-z" "relro" "--hash-style=gnu" "--build-id" "--eh-frame-hdr" "-m" "elf_x86_64" "-pie" "-dynamic-linker" "/lib64/ld-linux-x86-64.so.2" "-o" "Release/ide" "/lib/x86_64-linux-gnu/Scrt1.o" "/lib/x86_64-linux-gnu/crti.o" "/usr/lib/gcc/x86_64-linux-gnu/15/crtbeginS.o" "-L/usr/lib/gcc/x86_64-linux-gnu/15" "-L/usr/lib/gcc/x86_64-linux-gnu/15/../../../../lib64" "-L/lib/x86_64-linux-gnu" "-L/lib/../lib64" "-L/usr/lib/x86_64-linux-gnu" "-L/usr/lib64" "-L/lib" "-L/usr/lib" "CMakeFiles/ide.dir/Release/src/buster/apps/ide/ide.c.o" "-lm" "-lgcc" "--as-needed" "-lgcc_s" "--no-as-needed" "-lc" "-lgcc" "--as-needed" "-lgcc_s" "--no-as-needed" "/usr/lib/gcc/x86_64-linux-gnu/15/crtendS.o" "/lib/x86_64-linux-gnu/crtn.o" --no-gc-sections --no-fork --icf=none --build-id=0x2645264526452645264526452645264526452645
62	cd 'build-wild-unity' && "/home/runner/work/_temp/wild-evaluation/bin/wild" "-z" "relro" "--hash-style=gnu" "--build-id" "--eh-frame-hdr" "-m" "elf_x86_64" "-pie" "-dynamic-linker" "/lib64/ld-linux-x86-64.so.2" "-o" "Release/ide" "/lib/x86_64-linux-gnu/Scrt1.o" "/lib/x86_64-linux-gnu/crti.o" "/usr/lib/gcc/x86_64-linux-gnu/15/crtbeginS.o" "-L/usr/lib/gcc/x86_64-linux-gnu/15" "-L/usr/lib/gcc/x86_64-linux-gnu/15/../../../../lib64" "-L/lib/x86_64-linux-gnu" "-L/lib/../lib64" "-L/usr/lib/x86_64-linux-gnu" "-L/usr/lib64" "-L/lib" "-L/usr/lib" "CMakeFiles/ide.dir/Release/src/buster/apps/ide/ide.c.o" "-lm" "-lgcc" "--as-needed" "-lgcc_s" "--no-as-needed" "-lc" "-lgcc" "--as-needed" "-lgcc_s" "--no-as-needed" "/usr/lib/gcc/x86_64-linux-gnu/15/crtendS.o" "/lib/x86_64-linux-gnu/crtn.o" --no-gc-sections --no-fork --icf=none --build-id=0x2645264526452645264526452645264526452645
63	cd 'build-wild-unity' && "/home/runner/work/_temp/wild-evaluation/bin/wild" "-z" "relro" "--hash-style=gnu" "--build-id" "--eh-frame-hdr" "-m" "elf_x86_64" "-pie" "-dynamic-linker" "/lib64/ld-linux-x86-64.so.2" "-o" "Release/ide" "/lib/x86_64-linux-gnu/Scrt1.o" "/lib/x86_64-linux-gnu/crti.o" "/usr/lib/gcc/x86_64-linux-gnu/15/crtbeginS.o" "-L/usr/lib/gcc/x86_64-linux-gnu/15" "-L/usr/lib/gcc/x86_64-linux-gnu/15/../../../../lib64" "-L/lib/x86_64-linux-gnu" "-L/lib/../lib64" "-L/usr/lib/x86_64-linux-gnu" "-L/usr/lib64" "-L/lib" "-L/usr/lib" "CMakeFiles/ide.dir/Release/src/buster/apps/ide/ide.c.o" "-lm" "-lgcc" "--as-needed" "-lgcc_s" "--no-as-needed" "-lc" "-lgcc" "--as-needed" "-lgcc_s" "--no-as-needed" "/usr/lib/gcc/x86_64-linux-gnu/15/crtendS.o" "/lib/x86_64-linux-gnu/crtn.o" --no-gc-sections --no-fork --icf=none --build-id=0x2645264526452645264526452645264526452645 --threads=1
64	cd 'build-wild-unity' && 'mold' "-z" "relro" "--hash-style=gnu" "--build-id" "--eh-frame-hdr" "-m" "elf_x86_64" "-pie" "-dynamic-linker" "/lib64/ld-linux-x86-64.so.2" "-o" "Release/ide" "/lib/x86_64-linux-gnu/Scrt1.o" "/lib/x86_64-linux-gnu/crti.o" "/usr/lib/gcc/x86_64-linux-gnu/15/crtbeginS.o" "-L/usr/lib/gcc/x86_64-linux-gnu/15" "-L/usr/lib/gcc/x86_64-linux-gnu/15/../../../../lib64" "-L/lib/x86_64-linux-gnu" "-L/lib/../lib64" "-L/usr/lib/x86_64-linux-gnu" "-L/usr/lib64" "-L/lib" "-L/usr/lib" "CMakeFiles/ide.dir/Release/src/buster/apps/ide/ide.c.o" "-lm" "-lgcc" "--as-needed" "-lgcc_s" "--no-as-needed" "-lc" "-lgcc" "--as-needed" "-lgcc_s" "--no-as-needed" "/usr/lib/gcc/x86_64-linux-gnu/15/crtendS.o" "/lib/x86_64-linux-gnu/crtn.o" --no-gc-sections --no-fork --icf=none --build-id=0x2645264526452645264526452645264526452645 --threads=1
65	cp 'build-wild-unity/Release/ide' '/home/runner/work/_temp/wild-evaluation/evidence/ide-unity-release-mold.elf' && stat -c 'bytes=%s' '/home/runner/work/_temp/wild-evaluation/evidence/ide-unity-release-mold.elf' && sha256sum '/home/runner/work/_temp/wild-evaluation/evidence/ide-unity-release-mold.elf' && size -A '/home/runner/work/_temp/wild-evaluation/evidence/ide-unity-release-mold.elf' && readelf -W -h -l -S -d '/home/runner/work/_temp/wild-evaluation/evidence/ide-unity-release-mold.elf'
66	llvm-dwarfdump --verify --error-display=summary '/home/runner/work/_temp/wild-evaluation/evidence/ide-unity-release-mold.elf'
67	'build-wild-unity/Release/ide' cc -g -c '/home/runner/work/_temp/wild-evaluation/evidence/probe.c' -o '/home/runner/work/_temp/wild-evaluation/evidence/review-check.o'
68	cmp 'build-wild-unity/Release/ide' '/home/runner/work/_temp/wild-evaluation/evidence/ide-unity-release-mold.elf'
69	cp 'build-wild-unity/Release/ide' '/home/runner/work/_temp/wild-evaluation/evidence/ide-unity-release-wild.elf' && stat -c 'bytes=%s' '/home/runner/work/_temp/wild-evaluation/evidence/ide-unity-release-wild.elf' && sha256sum '/home/runner/work/_temp/wild-evaluation/evidence/ide-unity-release-wild.elf' && size -A '/home/runner/work/_temp/wild-evaluation/evidence/ide-unity-release-wild.elf' && readelf -W -h -l -S -d '/home/runner/work/_temp/wild-evaluation/evidence/ide-unity-release-wild.elf'
70	llvm-dwarfdump --verify --error-display=summary '/home/runner/work/_temp/wild-evaluation/evidence/ide-unity-release-wild.elf'
71	cmp 'build-wild-unity/Release/ide' '/home/runner/work/_temp/wild-evaluation/evidence/ide-unity-release-wild.elf'
72	sha256sum --check '/home/runner/work/_temp/wild-evaluation/evidence/ide-unity-release-all-read-inputs.sha256'
73	cd 'build-wild-separate' && : && /usr/lib/llvm-21/bin/clang -O3 -DNDEBUG --ld-path=wild CMakeFiles/ide.dir/Release/src/buster/apps/ide/ide.c.o CMakeFiles/ide.dir/Release/src/buster/tests/byte_writer_test.c.o CMakeFiles/ide.dir/Release/src/buster/tests/arena_test.c.o CMakeFiles/ide.dir/Release/src/buster/tests/integer_test.c.o CMakeFiles/ide.dir/Release/src/buster/tests/sanitizer_test.c.o CMakeFiles/ide.dir/Release/src/buster/tests/hash_test.c.o CMakeFiles/ide.dir/Release/src/buster/tests/simd_test.c.o CMakeFiles/ide.dir/Release/src/buster/tests/string_test.c.o CMakeFiles/ide.dir/Release/src/buster/tests/os_test.c.o CMakeFiles/ide.dir/Release/src/buster/tests/file_test.c.o CMakeFiles/ide.dir/Release/src/buster/tests/target_test.c.o CMakeFiles/ide.dir/Release/src/buster/tests/truetype_test.c.o CMakeFiles/ide.dir/Release/src/buster/tests/image_test.c.o CMakeFiles/ide.dir/Release/src/buster/tests/compiler/metamorphic/metamorphic_test.c.o CMakeFiles/ide.dir/Release/src/buster/tests/compiler/frontend/c/c_test.c.o CMakeFiles/ide.dir/Release/src/buster/tests/compiler/frontend/c/once_test.c.o CMakeFiles/ide.dir/Release/src/buster/tests/compiler/frontend/c/type_layout_test.c.o CMakeFiles/ide.dir/Release/src/buster/tests/compiler/frontend/c/macro_conditional_test.c.o CMakeFiles/ide.dir/Release/src/buster/tests/compiler/frontend/c/record_layout_test.c.o CMakeFiles/ide.dir/Release/src/buster/tests/compiler/assembly/aarch64_encoding_test.c.o CMakeFiles/ide.dir/Release/src/buster/tests/compiler/assembly/aarch64_exact_bridge_test.c.o CMakeFiles/ide.dir/Release/src/buster/tests/compiler/assembly/aarch64_control_semantics_test.c.o CMakeFiles/ide.dir/Release/src/buster/tests/compiler/assembly/aarch64_system_registers_test.c.o CMakeFiles/ide.dir/Release/src/buster/tests/compiler/assembly/aarch64_semantics_test.c.o CMakeFiles/ide.dir/Release/src/buster/tests/compiler/assembly/aarch64_system_semantics_test.c.o CMakeFiles/ide.dir/Release/src/buster/tests/compiler/assembly/aarch64_syntax_test.c.o CMakeFiles/ide.dir/Release/src/buster/tests/compiler/assembly/aarch64_semantic_vm_test.c.o CMakeFiles/ide.dir/Release/src/buster/tests/compiler/assembly/aarch64_direct_simd_test.c.o CMakeFiles/ide.dir/Release/src/buster/tests/compiler/assembly/aarch64_complex_simd_test.c.o CMakeFiles/ide.dir/Release/src/buster/tests/compiler/assembly/aarch64_memory_semantics_test.c.o CMakeFiles/ide.dir/Release/src/buster/tests/compiler/assembly/aarch64_alias_projection_test.c.o CMakeFiles/ide.dir/Release/src/buster/tests/compiler/assembly/assembly_test.c.o CMakeFiles/ide.dir/Release/src/buster/tests/compiler/assembly/x86_64_forwarding_test.c.o CMakeFiles/ide.dir/Release/src/buster/tests/compiler/assembly/x86_64_metadata_test.c.o CMakeFiles/ide.dir/Release/src/buster/tests/compiler/assembly/x86_64_tls_test.c.o CMakeFiles/ide.dir/Release/src/buster/tests/compiler/assembly/padding_test.c.o CMakeFiles/ide.dir/Release/src/buster/tests/compiler/assembly/x86_64_got_test.c.o CMakeFiles/ide.dir/Release/src/buster/tests/compiler/assembly/x86_64_completion_census_test.c.o CMakeFiles/ide.dir/Release/src/buster/tests/compiler/diagnostic_test.c.o CMakeFiles/ide.dir/Release/src/buster/tests/compiler/ir/ir_test.c.o CMakeFiles/ide.dir/Release/src/buster/tests/compiler/ir/vector_contract_test.c.o CMakeFiles/ide.dir/Release/src/buster/tests/compiler/llvm/bitcode_test.c.o CMakeFiles/ide.dir/Release/src/buster/tests/compiler/codegen/machine_select_test.c.o CMakeFiles/ide.dir/Release/src/buster/tests/compiler/codegen/machine_test.c.o CMakeFiles/ide.dir/Release/src/buster/tests/compiler/codegen/codegen_test.c.o CMakeFiles/ide.dir/Release/src/buster/tests/compiler/codegen/aarch64_stride_test.c.o CMakeFiles/ide.dir/Release/src/buster/tests/compiler/debug/debug_test.c.o CMakeFiles/ide.dir/Release/src/buster/tests/compiler/dwarf/dwarf_test.c.o CMakeFiles/ide.dir/Release/src/buster/tests/compiler/codeview/codeview_test.c.o CMakeFiles/ide.dir/Release/src/buster/tests/compiler/pdb/pdb_test.c.o CMakeFiles/ide.dir/Release/src/buster/tests/compiler/object/object_test.c.o CMakeFiles/ide.dir/Release/src/buster/tests/compiler/jit/jit_test.c.o CMakeFiles/ide.dir/Release/src/buster/tests/compiler/link/link_test.c.o CMakeFiles/ide.dir/Release/src/buster/tests/compiler/gpu/gpu_test.c.o CMakeFiles/ide.dir/Release/src/buster/tests/compiler/spirv/spirv_test.c.o CMakeFiles/ide.dir/Release/src/buster/tests/compiler/driver/driver_test.c.o CMakeFiles/ide.dir/Release/src/buster/tests/compiler/driver/object_path_test.c.o CMakeFiles/ide.dir/Release/src/buster/tests/x86_64_test.c.o CMakeFiles/ide.dir/Release/src/buster/lib/os.c.o CMakeFiles/ide.dir/Release/src/buster/lib/entry_point.c.o CMakeFiles/ide.dir/Release/src/buster/lib/arena.c.o CMakeFiles/ide.dir/Release/src/buster/lib/integer.c.o CMakeFiles/ide.dir/Release/src/buster/lib/string.c.o CMakeFiles/ide.dir/Release/src/buster/lib/float.c.o CMakeFiles/ide.dir/Release/src/buster/lib/compiler/frontend/c/c_source.c.o CMakeFiles/ide.dir/Release/src/buster/lib/compiler/frontend/c/c_parse.c.o CMakeFiles/ide.dir/Release/src/buster/lib/compiler/frontend/c/c_gen.c.o CMakeFiles/ide.dir/Release/src/buster/lib/compiler/assembly/aarch64_encoding.c.o CMakeFiles/ide.dir/Release/src/buster/lib/compiler/assembly/aarch64_exact_bridge.c.o CMakeFiles/ide.dir/Release/src/buster/lib/compiler/assembly/aarch64_control_semantics.c.o CMakeFiles/ide.dir/Release/src/buster/lib/compiler/assembly/aarch64_system_registers.c.o CMakeFiles/ide.dir/Release/src/buster/lib/compiler/assembly/aarch64_semantics.c.o CMakeFiles/ide.dir/Release/src/buster/lib/compiler/assembly/aarch64_system_semantics.c.o CMakeFiles/ide.dir/Release/src/buster/lib/compiler/assembly/aarch64_syntax.c.o CMakeFiles/ide.dir/Release/src/buster/lib/compiler/assembly/aarch64_semantic_vm.c.o CMakeFiles/ide.dir/Release/src/buster/lib/compiler/assembly/aarch64_direct_simd_semantics.c.o CMakeFiles/ide.dir/Release/src/buster/lib/compiler/assembly/aarch64_complex_simd_semantics.c.o CMakeFiles/ide.dir/Release/src/buster/lib/compiler/assembly/aarch64_memory_semantics.c.o CMakeFiles/ide.dir/Release/src/buster/lib/compiler/assembly/aarch64_alias_projection.c.o CMakeFiles/ide.dir/Release/src/buster/lib/compiler/assembly/assembly.c.o CMakeFiles/ide.dir/Release/src/buster/lib/compiler/assembly/assembly_unit.c.o CMakeFiles/ide.dir/Release/src/buster/lib/compiler/assembly/x86_64_metadata.c.o CMakeFiles/ide.dir/Release/src/buster/lib/compiler/assembly/x86_64_completion_census.c.o CMakeFiles/ide.dir/Release/src/buster/lib/compiler/ir/ir.c.o CMakeFiles/ide.dir/Release/src/buster/lib/compiler/diagnostic.c.o CMakeFiles/ide.dir/Release/src/buster/lib/compiler/debug/debug.c.o CMakeFiles/ide.dir/Release/src/buster/lib/compiler/codegen/machine.c.o CMakeFiles/ide.dir/Release/src/buster/lib/compiler/codegen/bootstrap_trace.c.o CMakeFiles/ide.dir/Release/src/buster/lib/compiler/codegen/codegen.c.o CMakeFiles/ide.dir/Release/src/buster/lib/compiler/dwarf/dwarf.c.o CMakeFiles/ide.dir/Release/src/buster/lib/byte_writer.c.o CMakeFiles/ide.dir/Release/src/buster/lib/compiler/codeview/codeview.c.o CMakeFiles/ide.dir/Release/src/buster/lib/compiler/pdb/pdb.c.o CMakeFiles/ide.dir/Release/src/buster/lib/compiler/object/object.c.o CMakeFiles/ide.dir/Release/src/buster/lib/compiler/jit/jit.c.o CMakeFiles/ide.dir/Release/src/buster/lib/compiler/link/link.c.o CMakeFiles/ide.dir/Release/src/buster/lib/compiler/wasm/wasm.c.o CMakeFiles/ide.dir/Release/src/buster/lib/compiler/gpu/gpu.c.o CMakeFiles/ide.dir/Release/src/buster/lib/compiler/llvm/bitcode.c.o CMakeFiles/ide.dir/Release/src/buster/lib/compiler/ebpf/ebpf.c.o CMakeFiles/ide.dir/Release/src/buster/lib/compiler/spirv/spirv.c.o CMakeFiles/ide.dir/Release/src/buster/lib/compiler/driver/driver.c.o CMakeFiles/ide.dir/Release/src/buster/lib/simd.c.o CMakeFiles/ide.dir/Release/src/buster/lib/file.c.o CMakeFiles/ide.dir/Release/src/buster/lib/target.c.o CMakeFiles/ide.dir/Release/src/buster/lib/time.c.o CMakeFiles/ide.dir/Release/src/buster/lib/hash.c.o CMakeFiles/ide.dir/Release/src/buster/lib/x86_64.c.o -o Release/ide  -lm -###
74	strace -f -qq -s 4096 -e trace=openat,openat2 -o '/home/runner/work/_temp/wild-evaluation/evidence/ide-separate-release-wild.opens.txt' sh -c 'cd '\''build-wild-separate'\'' && "/home/runner/work/_temp/wild-evaluation/bin/wild" "-z" "relro" "--hash-style=gnu" "--build-id" "--eh-frame-hdr" "-m" "elf_x86_64" "-pie" "-dynamic-linker" "/lib64/ld-linux-x86-64.so.2" "-o" "Release/ide" "/lib/x86_64-linux-gnu/Scrt1.o" "/lib/x86_64-linux-gnu/crti.o" "/usr/lib/gcc/x86_64-linux-gnu/15/crtbeginS.o" "-L/usr/lib/gcc/x86_64-linux-gnu/15" "-L/usr/lib/gcc/x86_64-linux-gnu/15/../../../../lib64" "-L/lib/x86_64-linux-gnu" "-L/lib/../lib64" "-L/usr/lib/x86_64-linux-gnu" "-L/usr/lib64" "-L/lib" "-L/usr/lib" "CMakeFiles/ide.dir/Release/src/buster/apps/ide/ide.c.o" "CMakeFiles/ide.dir/Release/src/buster/tests/byte_writer_test.c.o" "CMakeFiles/ide.dir/Release/src/buster/tests/arena_test.c.o" "CMakeFiles/ide.dir/Release/src/buster/tests/integer_test.c.o" "CMakeFiles/ide.dir/Release/src/buster/tests/sanitizer_test.c.o" "CMakeFiles/ide.dir/Release/src/buster/tests/hash_test.c.o" "CMakeFiles/ide.dir/Release/src/buster/tests/simd_test.c.o" "CMakeFiles/ide.dir/Release/src/buster/tests/string_test.c.o" "CMakeFiles/ide.dir/Release/src/buster/tests/os_test.c.o" "CMakeFiles/ide.dir/Release/src/buster/tests/file_test.c.o" "CMakeFiles/ide.dir/Release/src/buster/tests/target_test.c.o" "CMakeFiles/ide.dir/Release/src/buster/tests/truetype_test.c.o" "CMakeFiles/ide.dir/Release/src/buster/tests/image_test.c.o" "CMakeFiles/ide.dir/Release/src/buster/tests/compiler/metamorphic/metamorphic_test.c.o" "CMakeFiles/ide.dir/Release/src/buster/tests/compiler/frontend/c/c_test.c.o" "CMakeFiles/ide.dir/Release/src/buster/tests/compiler/frontend/c/once_test.c.o" "CMakeFiles/ide.dir/Release/src/buster/tests/compiler/frontend/c/type_layout_test.c.o" "CMakeFiles/ide.dir/Release/src/buster/tests/compiler/frontend/c/macro_conditional_test.c.o" "CMakeFiles/ide.dir/Release/src/buster/tests/compiler/frontend/c/record_layout_test.c.o" "CMakeFiles/ide.dir/Release/src/buster/tests/compiler/assembly/aarch64_encoding_test.c.o" "CMakeFiles/ide.dir/Release/src/buster/tests/compiler/assembly/aarch64_exact_bridge_test.c.o" "CMakeFiles/ide.dir/Release/src/buster/tests/compiler/assembly/aarch64_control_semantics_test.c.o" "CMakeFiles/ide.dir/Release/src/buster/tests/compiler/assembly/aarch64_system_registers_test.c.o" "CMakeFiles/ide.dir/Release/src/buster/tests/compiler/assembly/aarch64_semantics_test.c.o" "CMakeFiles/ide.dir/Release/src/buster/tests/compiler/assembly/aarch64_system_semantics_test.c.o" "CMakeFiles/ide.dir/Release/src/buster/tests/compiler/assembly/aarch64_syntax_test.c.o" "CMakeFiles/ide.dir/Release/src/buster/tests/compiler/assembly/aarch64_semantic_vm_test.c.o" "CMakeFiles/ide.dir/Release/src/buster/tests/compiler/assembly/aarch64_direct_simd_test.c.o" "CMakeFiles/ide.dir/Release/src/buster/tests/compiler/assembly/aarch64_complex_simd_test.c.o" "CMakeFiles/ide.dir/Release/src/buster/tests/compiler/assembly/aarch64_memory_semantics_test.c.o" "CMakeFiles/ide.dir/Release/src/buster/tests/compiler/assembly/aarch64_alias_projection_test.c.o" "CMakeFiles/ide.dir/Release/src/buster/tests/compiler/assembly/assembly_test.c.o" "CMakeFiles/ide.dir/Release/src/buster/tests/compiler/assembly/x86_64_forwarding_test.c.o" "CMakeFiles/ide.dir/Release/src/buster/tests/compiler/assembly/x86_64_metadata_test.c.o" "CMakeFiles/ide.dir/Release/src/buster/tests/compiler/assembly/x86_64_tls_test.c.o" "CMakeFiles/ide.dir/Release/src/buster/tests/compiler/assembly/padding_test.c.o" "CMakeFiles/ide.dir/Release/src/buster/tests/compiler/assembly/x86_64_got_test.c.o" "CMakeFiles/ide.dir/Release/src/buster/tests/compiler/assembly/x86_64_completion_census_test.c.o" "CMakeFiles/ide.dir/Release/src/buster/tests/compiler/diagnostic_test.c.o" "CMakeFiles/ide.dir/Release/src/buster/tests/compiler/ir/ir_test.c.o" "CMakeFiles/ide.dir/Release/src/buster/tests/compiler/ir/vector_contract_test.c.o" "CMakeFiles/ide.dir/Release/src/buster/tests/compiler/llvm/bitcode_test.c.o" "CMakeFiles/ide.dir/Release/src/buster/tests/compiler/codegen/machine_select_test.c.o" "CMakeFiles/ide.dir/Release/src/buster/tests/compiler/codegen/machine_test.c.o" "CMakeFiles/ide.dir/Release/src/buster/tests/compiler/codegen/codegen_test.c.o" "CMakeFiles/ide.dir/Release/src/buster/tests/compiler/codegen/aarch64_stride_test.c.o" "CMakeFiles/ide.dir/Release/src/buster/tests/compiler/debug/debug_test.c.o" "CMakeFiles/ide.dir/Release/src/buster/tests/compiler/dwarf/dwarf_test.c.o" "CMakeFiles/ide.dir/Release/src/buster/tests/compiler/codeview/codeview_test.c.o" "CMakeFiles/ide.dir/Release/src/buster/tests/compiler/pdb/pdb_test.c.o" "CMakeFiles/ide.dir/Release/src/buster/tests/compiler/object/object_test.c.o" "CMakeFiles/ide.dir/Release/src/buster/tests/compiler/jit/jit_test.c.o" "CMakeFiles/ide.dir/Release/src/buster/tests/compiler/link/link_test.c.o" "CMakeFiles/ide.dir/Release/src/buster/tests/compiler/gpu/gpu_test.c.o" "CMakeFiles/ide.dir/Release/src/buster/tests/compiler/spirv/spirv_test.c.o" "CMakeFiles/ide.dir/Release/src/buster/tests/compiler/driver/driver_test.c.o" "CMakeFiles/ide.dir/Release/src/buster/tests/compiler/driver/object_path_test.c.o" "CMakeFiles/ide.dir/Release/src/buster/tests/x86_64_test.c.o" "CMakeFiles/ide.dir/Release/src/buster/lib/os.c.o" "CMakeFiles/ide.dir/Release/src/buster/lib/entry_point.c.o" "CMakeFiles/ide.dir/Release/src/buster/lib/arena.c.o" "CMakeFiles/ide.dir/Release/src/buster/lib/integer.c.o" "CMakeFiles/ide.dir/Release/src/buster/lib/string.c.o" "CMakeFiles/ide.dir/Release/src/buster/lib/float.c.o" "CMakeFiles/ide.dir/Release/src/buster/lib/compiler/frontend/c/c_source.c.o" "CMakeFiles/ide.dir/Release/src/buster/lib/compiler/frontend/c/c_parse.c.o" "CMakeFiles/ide.dir/Release/src/buster/lib/compiler/frontend/c/c_gen.c.o" "CMakeFiles/ide.dir/Release/src/buster/lib/compiler/assembly/aarch64_encoding.c.o" "CMakeFiles/ide.dir/Release/src/buster/lib/compiler/assembly/aarch64_exact_bridge.c.o" "CMakeFiles/ide.dir/Release/src/buster/lib/compiler/assembly/aarch64_control_semantics.c.o" "CMakeFiles/ide.dir/Release/src/buster/lib/compiler/assembly/aarch64_system_registers.c.o" "CMakeFiles/ide.dir/Release/src/buster/lib/compiler/assembly/aarch64_semantics.c.o" "CMakeFiles/ide.dir/Release/src/buster/lib/compiler/assembly/aarch64_system_semantics.c.o" "CMakeFiles/ide.dir/Release/src/buster/lib/compiler/assembly/aarch64_syntax.c.o" "CMakeFiles/ide.dir/Release/src/buster/lib/compiler/assembly/aarch64_semantic_vm.c.o" "CMakeFiles/ide.dir/Release/src/buster/lib/compiler/assembly/aarch64_direct_simd_semantics.c.o" "CMakeFiles/ide.dir/Release/src/buster/lib/compiler/assembly/aarch64_complex_simd_semantics.c.o" "CMakeFiles/ide.dir/Release/src/buster/lib/compiler/assembly/aarch64_memory_semantics.c.o" "CMakeFiles/ide.dir/Release/src/buster/lib/compiler/assembly/aarch64_alias_projection.c.o" "CMakeFiles/ide.dir/Release/src/buster/lib/compiler/assembly/assembly.c.o" "CMakeFiles/ide.dir/Release/src/buster/lib/compiler/assembly/assembly_unit.c.o" "CMakeFiles/ide.dir/Release/src/buster/lib/compiler/assembly/x86_64_metadata.c.o" "CMakeFiles/ide.dir/Release/src/buster/lib/compiler/assembly/x86_64_completion_census.c.o" "CMakeFiles/ide.dir/Release/src/buster/lib/compiler/ir/ir.c.o" "CMakeFiles/ide.dir/Release/src/buster/lib/compiler/diagnostic.c.o" "CMakeFiles/ide.dir/Release/src/buster/lib/compiler/debug/debug.c.o" "CMakeFiles/ide.dir/Release/src/buster/lib/compiler/codegen/machine.c.o" "CMakeFiles/ide.dir/Release/src/buster/lib/compiler/codegen/bootstrap_trace.c.o" "CMakeFiles/ide.dir/Release/src/buster/lib/compiler/codegen/codegen.c.o" "CMakeFiles/ide.dir/Release/src/buster/lib/compiler/dwarf/dwarf.c.o" "CMakeFiles/ide.dir/Release/src/buster/lib/byte_writer.c.o" "CMakeFiles/ide.dir/Release/src/buster/lib/compiler/codeview/codeview.c.o" "CMakeFiles/ide.dir/Release/src/buster/lib/compiler/pdb/pdb.c.o" "CMakeFiles/ide.dir/Release/src/buster/lib/compiler/object/object.c.o" "CMakeFiles/ide.dir/Release/src/buster/lib/compiler/jit/jit.c.o" "CMakeFiles/ide.dir/Release/src/buster/lib/compiler/link/link.c.o" "CMakeFiles/ide.dir/Release/src/buster/lib/compiler/wasm/wasm.c.o" "CMakeFiles/ide.dir/Release/src/buster/lib/compiler/gpu/gpu.c.o" "CMakeFiles/ide.dir/Release/src/buster/lib/compiler/llvm/bitcode.c.o" "CMakeFiles/ide.dir/Release/src/buster/lib/compiler/ebpf/ebpf.c.o" "CMakeFiles/ide.dir/Release/src/buster/lib/compiler/spirv/spirv.c.o" "CMakeFiles/ide.dir/Release/src/buster/lib/compiler/driver/driver.c.o" "CMakeFiles/ide.dir/Release/src/buster/lib/simd.c.o" "CMakeFiles/ide.dir/Release/src/buster/lib/file.c.o" "CMakeFiles/ide.dir/Release/src/buster/lib/target.c.o" "CMakeFiles/ide.dir/Release/src/buster/lib/time.c.o" "CMakeFiles/ide.dir/Release/src/buster/lib/hash.c.o" "CMakeFiles/ide.dir/Release/src/buster/lib/x86_64.c.o" "-lm" "-lgcc" "--as-needed" "-lgcc_s" "--no-as-needed" "-lc" "-lgcc" "--as-needed" "-lgcc_s" "--no-as-needed" "/usr/lib/gcc/x86_64-linux-gnu/15/crtendS.o" "/lib/x86_64-linux-gnu/crtn.o" --no-gc-sections --no-fork --icf=none --build-id=0x2645264526452645264526452645264526452645'
75	strace -f -qq -s 4096 -e trace=openat,openat2 -o '/home/runner/work/_temp/wild-evaluation/evidence/ide-separate-release-mold.opens.txt' sh -c 'cd '\''build-wild-separate'\'' && '\''mold'\'' "-z" "relro" "--hash-style=gnu" "--build-id" "--eh-frame-hdr" "-m" "elf_x86_64" "-pie" "-dynamic-linker" "/lib64/ld-linux-x86-64.so.2" "-o" "Release/ide" "/lib/x86_64-linux-gnu/Scrt1.o" "/lib/x86_64-linux-gnu/crti.o" "/usr/lib/gcc/x86_64-linux-gnu/15/crtbeginS.o" "-L/usr/lib/gcc/x86_64-linux-gnu/15" "-L/usr/lib/gcc/x86_64-linux-gnu/15/../../../../lib64" "-L/lib/x86_64-linux-gnu" "-L/lib/../lib64" "-L/usr/lib/x86_64-linux-gnu" "-L/usr/lib64" "-L/lib" "-L/usr/lib" "CMakeFiles/ide.dir/Release/src/buster/apps/ide/ide.c.o" "CMakeFiles/ide.dir/Release/src/buster/tests/byte_writer_test.c.o" "CMakeFiles/ide.dir/Release/src/buster/tests/arena_test.c.o" "CMakeFiles/ide.dir/Release/src/buster/tests/integer_test.c.o" "CMakeFiles/ide.dir/Release/src/buster/tests/sanitizer_test.c.o" "CMakeFiles/ide.dir/Release/src/buster/tests/hash_test.c.o" "CMakeFiles/ide.dir/Release/src/buster/tests/simd_test.c.o" "CMakeFiles/ide.dir/Release/src/buster/tests/string_test.c.o" "CMakeFiles/ide.dir/Release/src/buster/tests/os_test.c.o" "CMakeFiles/ide.dir/Release/src/buster/tests/file_test.c.o" "CMakeFiles/ide.dir/Release/src/buster/tests/target_test.c.o" "CMakeFiles/ide.dir/Release/src/buster/tests/truetype_test.c.o" "CMakeFiles/ide.dir/Release/src/buster/tests/image_test.c.o" "CMakeFiles/ide.dir/Release/src/buster/tests/compiler/metamorphic/metamorphic_test.c.o" "CMakeFiles/ide.dir/Release/src/buster/tests/compiler/frontend/c/c_test.c.o" "CMakeFiles/ide.dir/Release/src/buster/tests/compiler/frontend/c/once_test.c.o" "CMakeFiles/ide.dir/Release/src/buster/tests/compiler/frontend/c/type_layout_test.c.o" "CMakeFiles/ide.dir/Release/src/buster/tests/compiler/frontend/c/macro_conditional_test.c.o" "CMakeFiles/ide.dir/Release/src/buster/tests/compiler/frontend/c/record_layout_test.c.o" "CMakeFiles/ide.dir/Release/src/buster/tests/compiler/assembly/aarch64_encoding_test.c.o" "CMakeFiles/ide.dir/Release/src/buster/tests/compiler/assembly/aarch64_exact_bridge_test.c.o" "CMakeFiles/ide.dir/Release/src/buster/tests/compiler/assembly/aarch64_control_semantics_test.c.o" "CMakeFiles/ide.dir/Release/src/buster/tests/compiler/assembly/aarch64_system_registers_test.c.o" "CMakeFiles/ide.dir/Release/src/buster/tests/compiler/assembly/aarch64_semantics_test.c.o" "CMakeFiles/ide.dir/Release/src/buster/tests/compiler/assembly/aarch64_system_semantics_test.c.o" "CMakeFiles/ide.dir/Release/src/buster/tests/compiler/assembly/aarch64_syntax_test.c.o" "CMakeFiles/ide.dir/Release/src/buster/tests/compiler/assembly/aarch64_semantic_vm_test.c.o" "CMakeFiles/ide.dir/Release/src/buster/tests/compiler/assembly/aarch64_direct_simd_test.c.o" "CMakeFiles/ide.dir/Release/src/buster/tests/compiler/assembly/aarch64_complex_simd_test.c.o" "CMakeFiles/ide.dir/Release/src/buster/tests/compiler/assembly/aarch64_memory_semantics_test.c.o" "CMakeFiles/ide.dir/Release/src/buster/tests/compiler/assembly/aarch64_alias_projection_test.c.o" "CMakeFiles/ide.dir/Release/src/buster/tests/compiler/assembly/assembly_test.c.o" "CMakeFiles/ide.dir/Release/src/buster/tests/compiler/assembly/x86_64_forwarding_test.c.o" "CMakeFiles/ide.dir/Release/src/buster/tests/compiler/assembly/x86_64_metadata_test.c.o" "CMakeFiles/ide.dir/Release/src/buster/tests/compiler/assembly/x86_64_tls_test.c.o" "CMakeFiles/ide.dir/Release/src/buster/tests/compiler/assembly/padding_test.c.o" "CMakeFiles/ide.dir/Release/src/buster/tests/compiler/assembly/x86_64_got_test.c.o" "CMakeFiles/ide.dir/Release/src/buster/tests/compiler/assembly/x86_64_completion_census_test.c.o" "CMakeFiles/ide.dir/Release/src/buster/tests/compiler/diagnostic_test.c.o" "CMakeFiles/ide.dir/Release/src/buster/tests/compiler/ir/ir_test.c.o" "CMakeFiles/ide.dir/Release/src/buster/tests/compiler/ir/vector_contract_test.c.o" "CMakeFiles/ide.dir/Release/src/buster/tests/compiler/llvm/bitcode_test.c.o" "CMakeFiles/ide.dir/Release/src/buster/tests/compiler/codegen/machine_select_test.c.o" "CMakeFiles/ide.dir/Release/src/buster/tests/compiler/codegen/machine_test.c.o" "CMakeFiles/ide.dir/Release/src/buster/tests/compiler/codegen/codegen_test.c.o" "CMakeFiles/ide.dir/Release/src/buster/tests/compiler/codegen/aarch64_stride_test.c.o" "CMakeFiles/ide.dir/Release/src/buster/tests/compiler/debug/debug_test.c.o" "CMakeFiles/ide.dir/Release/src/buster/tests/compiler/dwarf/dwarf_test.c.o" "CMakeFiles/ide.dir/Release/src/buster/tests/compiler/codeview/codeview_test.c.o" "CMakeFiles/ide.dir/Release/src/buster/tests/compiler/pdb/pdb_test.c.o" "CMakeFiles/ide.dir/Release/src/buster/tests/compiler/object/object_test.c.o" "CMakeFiles/ide.dir/Release/src/buster/tests/compiler/jit/jit_test.c.o" "CMakeFiles/ide.dir/Release/src/buster/tests/compiler/link/link_test.c.o" "CMakeFiles/ide.dir/Release/src/buster/tests/compiler/gpu/gpu_test.c.o" "CMakeFiles/ide.dir/Release/src/buster/tests/compiler/spirv/spirv_test.c.o" "CMakeFiles/ide.dir/Release/src/buster/tests/compiler/driver/driver_test.c.o" "CMakeFiles/ide.dir/Release/src/buster/tests/compiler/driver/object_path_test.c.o" "CMakeFiles/ide.dir/Release/src/buster/tests/x86_64_test.c.o" "CMakeFiles/ide.dir/Release/src/buster/lib/os.c.o" "CMakeFiles/ide.dir/Release/src/buster/lib/entry_point.c.o" "CMakeFiles/ide.dir/Release/src/buster/lib/arena.c.o" "CMakeFiles/ide.dir/Release/src/buster/lib/integer.c.o" "CMakeFiles/ide.dir/Release/src/buster/lib/string.c.o" "CMakeFiles/ide.dir/Release/src/buster/lib/float.c.o" "CMakeFiles/ide.dir/Release/src/buster/lib/compiler/frontend/c/c_source.c.o" "CMakeFiles/ide.dir/Release/src/buster/lib/compiler/frontend/c/c_parse.c.o" "CMakeFiles/ide.dir/Release/src/buster/lib/compiler/frontend/c/c_gen.c.o" "CMakeFiles/ide.dir/Release/src/buster/lib/compiler/assembly/aarch64_encoding.c.o" "CMakeFiles/ide.dir/Release/src/buster/lib/compiler/assembly/aarch64_exact_bridge.c.o" "CMakeFiles/ide.dir/Release/src/buster/lib/compiler/assembly/aarch64_control_semantics.c.o" "CMakeFiles/ide.dir/Release/src/buster/lib/compiler/assembly/aarch64_system_registers.c.o" "CMakeFiles/ide.dir/Release/src/buster/lib/compiler/assembly/aarch64_semantics.c.o" "CMakeFiles/ide.dir/Release/src/buster/lib/compiler/assembly/aarch64_system_semantics.c.o" "CMakeFiles/ide.dir/Release/src/buster/lib/compiler/assembly/aarch64_syntax.c.o" "CMakeFiles/ide.dir/Release/src/buster/lib/compiler/assembly/aarch64_semantic_vm.c.o" "CMakeFiles/ide.dir/Release/src/buster/lib/compiler/assembly/aarch64_direct_simd_semantics.c.o" "CMakeFiles/ide.dir/Release/src/buster/lib/compiler/assembly/aarch64_complex_simd_semantics.c.o" "CMakeFiles/ide.dir/Release/src/buster/lib/compiler/assembly/aarch64_memory_semantics.c.o" "CMakeFiles/ide.dir/Release/src/buster/lib/compiler/assembly/aarch64_alias_projection.c.o" "CMakeFiles/ide.dir/Release/src/buster/lib/compiler/assembly/assembly.c.o" "CMakeFiles/ide.dir/Release/src/buster/lib/compiler/assembly/assembly_unit.c.o" "CMakeFiles/ide.dir/Release/src/buster/lib/compiler/assembly/x86_64_metadata.c.o" "CMakeFiles/ide.dir/Release/src/buster/lib/compiler/assembly/x86_64_completion_census.c.o" "CMakeFiles/ide.dir/Release/src/buster/lib/compiler/ir/ir.c.o" "CMakeFiles/ide.dir/Release/src/buster/lib/compiler/diagnostic.c.o" "CMakeFiles/ide.dir/Release/src/buster/lib/compiler/debug/debug.c.o" "CMakeFiles/ide.dir/Release/src/buster/lib/compiler/codegen/machine.c.o" "CMakeFiles/ide.dir/Release/src/buster/lib/compiler/codegen/bootstrap_trace.c.o" "CMakeFiles/ide.dir/Release/src/buster/lib/compiler/codegen/codegen.c.o" "CMakeFiles/ide.dir/Release/src/buster/lib/compiler/dwarf/dwarf.c.o" "CMakeFiles/ide.dir/Release/src/buster/lib/byte_writer.c.o" "CMakeFiles/ide.dir/Release/src/buster/lib/compiler/codeview/codeview.c.o" "CMakeFiles/ide.dir/Release/src/buster/lib/compiler/pdb/pdb.c.o" "CMakeFiles/ide.dir/Release/src/buster/lib/compiler/object/object.c.o" "CMakeFiles/ide.dir/Release/src/buster/lib/compiler/jit/jit.c.o" "CMakeFiles/ide.dir/Release/src/buster/lib/compiler/link/link.c.o" "CMakeFiles/ide.dir/Release/src/buster/lib/compiler/wasm/wasm.c.o" "CMakeFiles/ide.dir/Release/src/buster/lib/compiler/gpu/gpu.c.o" "CMakeFiles/ide.dir/Release/src/buster/lib/compiler/llvm/bitcode.c.o" "CMakeFiles/ide.dir/Release/src/buster/lib/compiler/ebpf/ebpf.c.o" "CMakeFiles/ide.dir/Release/src/buster/lib/compiler/spirv/spirv.c.o" "CMakeFiles/ide.dir/Release/src/buster/lib/compiler/driver/driver.c.o" "CMakeFiles/ide.dir/Release/src/buster/lib/simd.c.o" "CMakeFiles/ide.dir/Release/src/buster/lib/file.c.o" "CMakeFiles/ide.dir/Release/src/buster/lib/target.c.o" "CMakeFiles/ide.dir/Release/src/buster/lib/time.c.o" "CMakeFiles/ide.dir/Release/src/buster/lib/hash.c.o" "CMakeFiles/ide.dir/Release/src/buster/lib/x86_64.c.o" "-lm" "-lgcc" "--as-needed" "-lgcc_s" "--no-as-needed" "-lc" "-lgcc" "--as-needed" "-lgcc_s" "--no-as-needed" "/usr/lib/gcc/x86_64-linux-gnu/15/crtendS.o" "/lib/x86_64-linux-gnu/crtn.o" --no-gc-sections --no-fork --icf=none --build-id=0x2645264526452645264526452645264526452645'
76	sort -u '/home/runner/work/_temp/wild-evaluation/evidence/ide-separate-release-read-paths.txt' | xargs -d '\n' sha256sum > '/home/runner/work/_temp/wild-evaluation/evidence/ide-separate-release-all-read-inputs.sha256'
77	cd 'build-wild-separate' && 'mold' "-z" "relro" "--hash-style=gnu" "--build-id" "--eh-frame-hdr" "-m" "elf_x86_64" "-pie" "-dynamic-linker" "/lib64/ld-linux-x86-64.so.2" "-o" "Release/ide" "/lib/x86_64-linux-gnu/Scrt1.o" "/lib/x86_64-linux-gnu/crti.o" "/usr/lib/gcc/x86_64-linux-gnu/15/crtbeginS.o" "-L/usr/lib/gcc/x86_64-linux-gnu/15" "-L/usr/lib/gcc/x86_64-linux-gnu/15/../../../../lib64" "-L/lib/x86_64-linux-gnu" "-L/lib/../lib64" "-L/usr/lib/x86_64-linux-gnu" "-L/usr/lib64" "-L/lib" "-L/usr/lib" "CMakeFiles/ide.dir/Release/src/buster/apps/ide/ide.c.o" "CMakeFiles/ide.dir/Release/src/buster/tests/byte_writer_test.c.o" "CMakeFiles/ide.dir/Release/src/buster/tests/arena_test.c.o" "CMakeFiles/ide.dir/Release/src/buster/tests/integer_test.c.o" "CMakeFiles/ide.dir/Release/src/buster/tests/sanitizer_test.c.o" "CMakeFiles/ide.dir/Release/src/buster/tests/hash_test.c.o" "CMakeFiles/ide.dir/Release/src/buster/tests/simd_test.c.o" "CMakeFiles/ide.dir/Release/src/buster/tests/string_test.c.o" "CMakeFiles/ide.dir/Release/src/buster/tests/os_test.c.o" "CMakeFiles/ide.dir/Release/src/buster/tests/file_test.c.o" "CMakeFiles/ide.dir/Release/src/buster/tests/target_test.c.o" "CMakeFiles/ide.dir/Release/src/buster/tests/truetype_test.c.o" "CMakeFiles/ide.dir/Release/src/buster/tests/image_test.c.o" "CMakeFiles/ide.dir/Release/src/buster/tests/compiler/metamorphic/metamorphic_test.c.o" "CMakeFiles/ide.dir/Release/src/buster/tests/compiler/frontend/c/c_test.c.o" "CMakeFiles/ide.dir/Release/src/buster/tests/compiler/frontend/c/once_test.c.o" "CMakeFiles/ide.dir/Release/src/buster/tests/compiler/frontend/c/type_layout_test.c.o" "CMakeFiles/ide.dir/Release/src/buster/tests/compiler/frontend/c/macro_conditional_test.c.o" "CMakeFiles/ide.dir/Release/src/buster/tests/compiler/frontend/c/record_layout_test.c.o" "CMakeFiles/ide.dir/Release/src/buster/tests/compiler/assembly/aarch64_encoding_test.c.o" "CMakeFiles/ide.dir/Release/src/buster/tests/compiler/assembly/aarch64_exact_bridge_test.c.o" "CMakeFiles/ide.dir/Release/src/buster/tests/compiler/assembly/aarch64_control_semantics_test.c.o" "CMakeFiles/ide.dir/Release/src/buster/tests/compiler/assembly/aarch64_system_registers_test.c.o" "CMakeFiles/ide.dir/Release/src/buster/tests/compiler/assembly/aarch64_semantics_test.c.o" "CMakeFiles/ide.dir/Release/src/buster/tests/compiler/assembly/aarch64_system_semantics_test.c.o" "CMakeFiles/ide.dir/Release/src/buster/tests/compiler/assembly/aarch64_syntax_test.c.o" "CMakeFiles/ide.dir/Release/src/buster/tests/compiler/assembly/aarch64_semantic_vm_test.c.o" "CMakeFiles/ide.dir/Release/src/buster/tests/compiler/assembly/aarch64_direct_simd_test.c.o" "CMakeFiles/ide.dir/Release/src/buster/tests/compiler/assembly/aarch64_complex_simd_test.c.o" "CMakeFiles/ide.dir/Release/src/buster/tests/compiler/assembly/aarch64_memory_semantics_test.c.o" "CMakeFiles/ide.dir/Release/src/buster/tests/compiler/assembly/aarch64_alias_projection_test.c.o" "CMakeFiles/ide.dir/Release/src/buster/tests/compiler/assembly/assembly_test.c.o" "CMakeFiles/ide.dir/Release/src/buster/tests/compiler/assembly/x86_64_forwarding_test.c.o" "CMakeFiles/ide.dir/Release/src/buster/tests/compiler/assembly/x86_64_metadata_test.c.o" "CMakeFiles/ide.dir/Release/src/buster/tests/compiler/assembly/x86_64_tls_test.c.o" "CMakeFiles/ide.dir/Release/src/buster/tests/compiler/assembly/padding_test.c.o" "CMakeFiles/ide.dir/Release/src/buster/tests/compiler/assembly/x86_64_got_test.c.o" "CMakeFiles/ide.dir/Release/src/buster/tests/compiler/assembly/x86_64_completion_census_test.c.o" "CMakeFiles/ide.dir/Release/src/buster/tests/compiler/diagnostic_test.c.o" "CMakeFiles/ide.dir/Release/src/buster/tests/compiler/ir/ir_test.c.o" "CMakeFiles/ide.dir/Release/src/buster/tests/compiler/ir/vector_contract_test.c.o" "CMakeFiles/ide.dir/Release/src/buster/tests/compiler/llvm/bitcode_test.c.o" "CMakeFiles/ide.dir/Release/src/buster/tests/compiler/codegen/machine_select_test.c.o" "CMakeFiles/ide.dir/Release/src/buster/tests/compiler/codegen/machine_test.c.o" "CMakeFiles/ide.dir/Release/src/buster/tests/compiler/codegen/codegen_test.c.o" "CMakeFiles/ide.dir/Release/src/buster/tests/compiler/codegen/aarch64_stride_test.c.o" "CMakeFiles/ide.dir/Release/src/buster/tests/compiler/debug/debug_test.c.o" "CMakeFiles/ide.dir/Release/src/buster/tests/compiler/dwarf/dwarf_test.c.o" "CMakeFiles/ide.dir/Release/src/buster/tests/compiler/codeview/codeview_test.c.o" "CMakeFiles/ide.dir/Release/src/buster/tests/compiler/pdb/pdb_test.c.o" "CMakeFiles/ide.dir/Release/src/buster/tests/compiler/object/object_test.c.o" "CMakeFiles/ide.dir/Release/src/buster/tests/compiler/jit/jit_test.c.o" "CMakeFiles/ide.dir/Release/src/buster/tests/compiler/link/link_test.c.o" "CMakeFiles/ide.dir/Release/src/buster/tests/compiler/gpu/gpu_test.c.o" "CMakeFiles/ide.dir/Release/src/buster/tests/compiler/spirv/spirv_test.c.o" "CMakeFiles/ide.dir/Release/src/buster/tests/compiler/driver/driver_test.c.o" "CMakeFiles/ide.dir/Release/src/buster/tests/compiler/driver/object_path_test.c.o" "CMakeFiles/ide.dir/Release/src/buster/tests/x86_64_test.c.o" "CMakeFiles/ide.dir/Release/src/buster/lib/os.c.o" "CMakeFiles/ide.dir/Release/src/buster/lib/entry_point.c.o" "CMakeFiles/ide.dir/Release/src/buster/lib/arena.c.o" "CMakeFiles/ide.dir/Release/src/buster/lib/integer.c.o" "CMakeFiles/ide.dir/Release/src/buster/lib/string.c.o" "CMakeFiles/ide.dir/Release/src/buster/lib/float.c.o" "CMakeFiles/ide.dir/Release/src/buster/lib/compiler/frontend/c/c_source.c.o" "CMakeFiles/ide.dir/Release/src/buster/lib/compiler/frontend/c/c_parse.c.o" "CMakeFiles/ide.dir/Release/src/buster/lib/compiler/frontend/c/c_gen.c.o" "CMakeFiles/ide.dir/Release/src/buster/lib/compiler/assembly/aarch64_encoding.c.o" "CMakeFiles/ide.dir/Release/src/buster/lib/compiler/assembly/aarch64_exact_bridge.c.o" "CMakeFiles/ide.dir/Release/src/buster/lib/compiler/assembly/aarch64_control_semantics.c.o" "CMakeFiles/ide.dir/Release/src/buster/lib/compiler/assembly/aarch64_system_registers.c.o" "CMakeFiles/ide.dir/Release/src/buster/lib/compiler/assembly/aarch64_semantics.c.o" "CMakeFiles/ide.dir/Release/src/buster/lib/compiler/assembly/aarch64_system_semantics.c.o" "CMakeFiles/ide.dir/Release/src/buster/lib/compiler/assembly/aarch64_syntax.c.o" "CMakeFiles/ide.dir/Release/src/buster/lib/compiler/assembly/aarch64_semantic_vm.c.o" "CMakeFiles/ide.dir/Release/src/buster/lib/compiler/assembly/aarch64_direct_simd_semantics.c.o" "CMakeFiles/ide.dir/Release/src/buster/lib/compiler/assembly/aarch64_complex_simd_semantics.c.o" "CMakeFiles/ide.dir/Release/src/buster/lib/compiler/assembly/aarch64_memory_semantics.c.o" "CMakeFiles/ide.dir/Release/src/buster/lib/compiler/assembly/aarch64_alias_projection.c.o" "CMakeFiles/ide.dir/Release/src/buster/lib/compiler/assembly/assembly.c.o" "CMakeFiles/ide.dir/Release/src/buster/lib/compiler/assembly/assembly_unit.c.o" "CMakeFiles/ide.dir/Release/src/buster/lib/compiler/assembly/x86_64_metadata.c.o" "CMakeFiles/ide.dir/Release/src/buster/lib/compiler/assembly/x86_64_completion_census.c.o" "CMakeFiles/ide.dir/Release/src/buster/lib/compiler/ir/ir.c.o" "CMakeFiles/ide.dir/Release/src/buster/lib/compiler/diagnostic.c.o" "CMakeFiles/ide.dir/Release/src/buster/lib/compiler/debug/debug.c.o" "CMakeFiles/ide.dir/Release/src/buster/lib/compiler/codegen/machine.c.o" "CMakeFiles/ide.dir/Release/src/buster/lib/compiler/codegen/bootstrap_trace.c.o" "CMakeFiles/ide.dir/Release/src/buster/lib/compiler/codegen/codegen.c.o" "CMakeFiles/ide.dir/Release/src/buster/lib/compiler/dwarf/dwarf.c.o" "CMakeFiles/ide.dir/Release/src/buster/lib/byte_writer.c.o" "CMakeFiles/ide.dir/Release/src/buster/lib/compiler/codeview/codeview.c.o" "CMakeFiles/ide.dir/Release/src/buster/lib/compiler/pdb/pdb.c.o" "CMakeFiles/ide.dir/Release/src/buster/lib/compiler/object/object.c.o" "CMakeFiles/ide.dir/Release/src/buster/lib/compiler/jit/jit.c.o" "CMakeFiles/ide.dir/Release/src/buster/lib/compiler/link/link.c.o" "CMakeFiles/ide.dir/Release/src/buster/lib/compiler/wasm/wasm.c.o" "CMakeFiles/ide.dir/Release/src/buster/lib/compiler/gpu/gpu.c.o" "CMakeFiles/ide.dir/Release/src/buster/lib/compiler/llvm/bitcode.c.o" "CMakeFiles/ide.dir/Release/src/buster/lib/compiler/ebpf/ebpf.c.o" "CMakeFiles/ide.dir/Release/src/buster/lib/compiler/spirv/spirv.c.o" "CMakeFiles/ide.dir/Release/src/buster/lib/compiler/driver/driver.c.o" "CMakeFiles/ide.dir/Release/src/buster/lib/simd.c.o" "CMakeFiles/ide.dir/Release/src/buster/lib/file.c.o" "CMakeFiles/ide.dir/Release/src/buster/lib/target.c.o" "CMakeFiles/ide.dir/Release/src/buster/lib/time.c.o" "CMakeFiles/ide.dir/Release/src/buster/lib/hash.c.o" "CMakeFiles/ide.dir/Release/src/buster/lib/x86_64.c.o" "-lm" "-lgcc" "--as-needed" "-lgcc_s" "--no-as-needed" "-lc" "-lgcc" "--as-needed" "-lgcc_s" "--no-as-needed" "/usr/lib/gcc/x86_64-linux-gnu/15/crtendS.o" "/lib/x86_64-linux-gnu/crtn.o" --no-gc-sections --no-fork --icf=none --build-id=0x2645264526452645264526452645264526452645
78	cd 'build-wild-separate' && "/home/runner/work/_temp/wild-evaluation/bin/wild" "-z" "relro" "--hash-style=gnu" "--build-id" "--eh-frame-hdr" "-m" "elf_x86_64" "-pie" "-dynamic-linker" "/lib64/ld-linux-x86-64.so.2" "-o" "Release/ide" "/lib/x86_64-linux-gnu/Scrt1.o" "/lib/x86_64-linux-gnu/crti.o" "/usr/lib/gcc/x86_64-linux-gnu/15/crtbeginS.o" "-L/usr/lib/gcc/x86_64-linux-gnu/15" "-L/usr/lib/gcc/x86_64-linux-gnu/15/../../../../lib64" "-L/lib/x86_64-linux-gnu" "-L/lib/../lib64" "-L/usr/lib/x86_64-linux-gnu" "-L/usr/lib64" "-L/lib" "-L/usr/lib" "CMakeFiles/ide.dir/Release/src/buster/apps/ide/ide.c.o" "CMakeFiles/ide.dir/Release/src/buster/tests/byte_writer_test.c.o" "CMakeFiles/ide.dir/Release/src/buster/tests/arena_test.c.o" "CMakeFiles/ide.dir/Release/src/buster/tests/integer_test.c.o" "CMakeFiles/ide.dir/Release/src/buster/tests/sanitizer_test.c.o" "CMakeFiles/ide.dir/Release/src/buster/tests/hash_test.c.o" "CMakeFiles/ide.dir/Release/src/buster/tests/simd_test.c.o" "CMakeFiles/ide.dir/Release/src/buster/tests/string_test.c.o" "CMakeFiles/ide.dir/Release/src/buster/tests/os_test.c.o" "CMakeFiles/ide.dir/Release/src/buster/tests/file_test.c.o" "CMakeFiles/ide.dir/Release/src/buster/tests/target_test.c.o" "CMakeFiles/ide.dir/Release/src/buster/tests/truetype_test.c.o" "CMakeFiles/ide.dir/Release/src/buster/tests/image_test.c.o" "CMakeFiles/ide.dir/Release/src/buster/tests/compiler/metamorphic/metamorphic_test.c.o" "CMakeFiles/ide.dir/Release/src/buster/tests/compiler/frontend/c/c_test.c.o" "CMakeFiles/ide.dir/Release/src/buster/tests/compiler/frontend/c/once_test.c.o" "CMakeFiles/ide.dir/Release/src/buster/tests/compiler/frontend/c/type_layout_test.c.o" "CMakeFiles/ide.dir/Release/src/buster/tests/compiler/frontend/c/macro_conditional_test.c.o" "CMakeFiles/ide.dir/Release/src/buster/tests/compiler/frontend/c/record_layout_test.c.o" "CMakeFiles/ide.dir/Release/src/buster/tests/compiler/assembly/aarch64_encoding_test.c.o" "CMakeFiles/ide.dir/Release/src/buster/tests/compiler/assembly/aarch64_exact_bridge_test.c.o" "CMakeFiles/ide.dir/Release/src/buster/tests/compiler/assembly/aarch64_control_semantics_test.c.o" "CMakeFiles/ide.dir/Release/src/buster/tests/compiler/assembly/aarch64_system_registers_test.c.o" "CMakeFiles/ide.dir/Release/src/buster/tests/compiler/assembly/aarch64_semantics_test.c.o" "CMakeFiles/ide.dir/Release/src/buster/tests/compiler/assembly/aarch64_system_semantics_test.c.o" "CMakeFiles/ide.dir/Release/src/buster/tests/compiler/assembly/aarch64_syntax_test.c.o" "CMakeFiles/ide.dir/Release/src/buster/tests/compiler/assembly/aarch64_semantic_vm_test.c.o" "CMakeFiles/ide.dir/Release/src/buster/tests/compiler/assembly/aarch64_direct_simd_test.c.o" "CMakeFiles/ide.dir/Release/src/buster/tests/compiler/assembly/aarch64_complex_simd_test.c.o" "CMakeFiles/ide.dir/Release/src/buster/tests/compiler/assembly/aarch64_memory_semantics_test.c.o" "CMakeFiles/ide.dir/Release/src/buster/tests/compiler/assembly/aarch64_alias_projection_test.c.o" "CMakeFiles/ide.dir/Release/src/buster/tests/compiler/assembly/assembly_test.c.o" "CMakeFiles/ide.dir/Release/src/buster/tests/compiler/assembly/x86_64_forwarding_test.c.o" "CMakeFiles/ide.dir/Release/src/buster/tests/compiler/assembly/x86_64_metadata_test.c.o" "CMakeFiles/ide.dir/Release/src/buster/tests/compiler/assembly/x86_64_tls_test.c.o" "CMakeFiles/ide.dir/Release/src/buster/tests/compiler/assembly/padding_test.c.o" "CMakeFiles/ide.dir/Release/src/buster/tests/compiler/assembly/x86_64_got_test.c.o" "CMakeFiles/ide.dir/Release/src/buster/tests/compiler/assembly/x86_64_completion_census_test.c.o" "CMakeFiles/ide.dir/Release/src/buster/tests/compiler/diagnostic_test.c.o" "CMakeFiles/ide.dir/Release/src/buster/tests/compiler/ir/ir_test.c.o" "CMakeFiles/ide.dir/Release/src/buster/tests/compiler/ir/vector_contract_test.c.o" "CMakeFiles/ide.dir/Release/src/buster/tests/compiler/llvm/bitcode_test.c.o" "CMakeFiles/ide.dir/Release/src/buster/tests/compiler/codegen/machine_select_test.c.o" "CMakeFiles/ide.dir/Release/src/buster/tests/compiler/codegen/machine_test.c.o" "CMakeFiles/ide.dir/Release/src/buster/tests/compiler/codegen/codegen_test.c.o" "CMakeFiles/ide.dir/Release/src/buster/tests/compiler/codegen/aarch64_stride_test.c.o" "CMakeFiles/ide.dir/Release/src/buster/tests/compiler/debug/debug_test.c.o" "CMakeFiles/ide.dir/Release/src/buster/tests/compiler/dwarf/dwarf_test.c.o" "CMakeFiles/ide.dir/Release/src/buster/tests/compiler/codeview/codeview_test.c.o" "CMakeFiles/ide.dir/Release/src/buster/tests/compiler/pdb/pdb_test.c.o" "CMakeFiles/ide.dir/Release/src/buster/tests/compiler/object/object_test.c.o" "CMakeFiles/ide.dir/Release/src/buster/tests/compiler/jit/jit_test.c.o" "CMakeFiles/ide.dir/Release/src/buster/tests/compiler/link/link_test.c.o" "CMakeFiles/ide.dir/Release/src/buster/tests/compiler/gpu/gpu_test.c.o" "CMakeFiles/ide.dir/Release/src/buster/tests/compiler/spirv/spirv_test.c.o" "CMakeFiles/ide.dir/Release/src/buster/tests/compiler/driver/driver_test.c.o" "CMakeFiles/ide.dir/Release/src/buster/tests/compiler/driver/object_path_test.c.o" "CMakeFiles/ide.dir/Release/src/buster/tests/x86_64_test.c.o" "CMakeFiles/ide.dir/Release/src/buster/lib/os.c.o" "CMakeFiles/ide.dir/Release/src/buster/lib/entry_point.c.o" "CMakeFiles/ide.dir/Release/src/buster/lib/arena.c.o" "CMakeFiles/ide.dir/Release/src/buster/lib/integer.c.o" "CMakeFiles/ide.dir/Release/src/buster/lib/string.c.o" "CMakeFiles/ide.dir/Release/src/buster/lib/float.c.o" "CMakeFiles/ide.dir/Release/src/buster/lib/compiler/frontend/c/c_source.c.o" "CMakeFiles/ide.dir/Release/src/buster/lib/compiler/frontend/c/c_parse.c.o" "CMakeFiles/ide.dir/Release/src/buster/lib/compiler/frontend/c/c_gen.c.o" "CMakeFiles/ide.dir/Release/src/buster/lib/compiler/assembly/aarch64_encoding.c.o" "CMakeFiles/ide.dir/Release/src/buster/lib/compiler/assembly/aarch64_exact_bridge.c.o" "CMakeFiles/ide.dir/Release/src/buster/lib/compiler/assembly/aarch64_control_semantics.c.o" "CMakeFiles/ide.dir/Release/src/buster/lib/compiler/assembly/aarch64_system_registers.c.o" "CMakeFiles/ide.dir/Release/src/buster/lib/compiler/assembly/aarch64_semantics.c.o" "CMakeFiles/ide.dir/Release/src/buster/lib/compiler/assembly/aarch64_system_semantics.c.o" "CMakeFiles/ide.dir/Release/src/buster/lib/compiler/assembly/aarch64_syntax.c.o" "CMakeFiles/ide.dir/Release/src/buster/lib/compiler/assembly/aarch64_semantic_vm.c.o" "CMakeFiles/ide.dir/Release/src/buster/lib/compiler/assembly/aarch64_direct_simd_semantics.c.o" "CMakeFiles/ide.dir/Release/src/buster/lib/compiler/assembly/aarch64_complex_simd_semantics.c.o" "CMakeFiles/ide.dir/Release/src/buster/lib/compiler/assembly/aarch64_memory_semantics.c.o" "CMakeFiles/ide.dir/Release/src/buster/lib/compiler/assembly/aarch64_alias_projection.c.o" "CMakeFiles/ide.dir/Release/src/buster/lib/compiler/assembly/assembly.c.o" "CMakeFiles/ide.dir/Release/src/buster/lib/compiler/assembly/assembly_unit.c.o" "CMakeFiles/ide.dir/Release/src/buster/lib/compiler/assembly/x86_64_metadata.c.o" "CMakeFiles/ide.dir/Release/src/buster/lib/compiler/assembly/x86_64_completion_census.c.o" "CMakeFiles/ide.dir/Release/src/buster/lib/compiler/ir/ir.c.o" "CMakeFiles/ide.dir/Release/src/buster/lib/compiler/diagnostic.c.o" "CMakeFiles/ide.dir/Release/src/buster/lib/compiler/debug/debug.c.o" "CMakeFiles/ide.dir/Release/src/buster/lib/compiler/codegen/machine.c.o" "CMakeFiles/ide.dir/Release/src/buster/lib/compiler/codegen/bootstrap_trace.c.o" "CMakeFiles/ide.dir/Release/src/buster/lib/compiler/codegen/codegen.c.o" "CMakeFiles/ide.dir/Release/src/buster/lib/compiler/dwarf/dwarf.c.o" "CMakeFiles/ide.dir/Release/src/buster/lib/byte_writer.c.o" "CMakeFiles/ide.dir/Release/src/buster/lib/compiler/codeview/codeview.c.o" "CMakeFiles/ide.dir/Release/src/buster/lib/compiler/pdb/pdb.c.o" "CMakeFiles/ide.dir/Release/src/buster/lib/compiler/object/object.c.o" "CMakeFiles/ide.dir/Release/src/buster/lib/compiler/jit/jit.c.o" "CMakeFiles/ide.dir/Release/src/buster/lib/compiler/link/link.c.o" "CMakeFiles/ide.dir/Release/src/buster/lib/compiler/wasm/wasm.c.o" "CMakeFiles/ide.dir/Release/src/buster/lib/compiler/gpu/gpu.c.o" "CMakeFiles/ide.dir/Release/src/buster/lib/compiler/llvm/bitcode.c.o" "CMakeFiles/ide.dir/Release/src/buster/lib/compiler/ebpf/ebpf.c.o" "CMakeFiles/ide.dir/Release/src/buster/lib/compiler/spirv/spirv.c.o" "CMakeFiles/ide.dir/Release/src/buster/lib/compiler/driver/driver.c.o" "CMakeFiles/ide.dir/Release/src/buster/lib/simd.c.o" "CMakeFiles/ide.dir/Release/src/buster/lib/file.c.o" "CMakeFiles/ide.dir/Release/src/buster/lib/target.c.o" "CMakeFiles/ide.dir/Release/src/buster/lib/time.c.o" "CMakeFiles/ide.dir/Release/src/buster/lib/hash.c.o" "CMakeFiles/ide.dir/Release/src/buster/lib/x86_64.c.o" "-lm" "-lgcc" "--as-needed" "-lgcc_s" "--no-as-needed" "-lc" "-lgcc" "--as-needed" "-lgcc_s" "--no-as-needed" "/usr/lib/gcc/x86_64-linux-gnu/15/crtendS.o" "/lib/x86_64-linux-gnu/crtn.o" --no-gc-sections --no-fork --icf=none --build-id=0x2645264526452645264526452645264526452645
79	cd 'build-wild-separate' && 'mold' "-z" "relro" "--hash-style=gnu" "--build-id" "--eh-frame-hdr" "-m" "elf_x86_64" "-pie" "-dynamic-linker" "/lib64/ld-linux-x86-64.so.2" "-o" "Release/ide" "/lib/x86_64-linux-gnu/Scrt1.o" "/lib/x86_64-linux-gnu/crti.o" "/usr/lib/gcc/x86_64-linux-gnu/15/crtbeginS.o" "-L/usr/lib/gcc/x86_64-linux-gnu/15" "-L/usr/lib/gcc/x86_64-linux-gnu/15/../../../../lib64" "-L/lib/x86_64-linux-gnu" "-L/lib/../lib64" "-L/usr/lib/x86_64-linux-gnu" "-L/usr/lib64" "-L/lib" "-L/usr/lib" "CMakeFiles/ide.dir/Release/src/buster/apps/ide/ide.c.o" "CMakeFiles/ide.dir/Release/src/buster/tests/byte_writer_test.c.o" "CMakeFiles/ide.dir/Release/src/buster/tests/arena_test.c.o" "CMakeFiles/ide.dir/Release/src/buster/tests/integer_test.c.o" "CMakeFiles/ide.dir/Release/src/buster/tests/sanitizer_test.c.o" "CMakeFiles/ide.dir/Release/src/buster/tests/hash_test.c.o" "CMakeFiles/ide.dir/Release/src/buster/tests/simd_test.c.o" "CMakeFiles/ide.dir/Release/src/buster/tests/string_test.c.o" "CMakeFiles/ide.dir/Release/src/buster/tests/os_test.c.o" "CMakeFiles/ide.dir/Release/src/buster/tests/file_test.c.o" "CMakeFiles/ide.dir/Release/src/buster/tests/target_test.c.o" "CMakeFiles/ide.dir/Release/src/buster/tests/truetype_test.c.o" "CMakeFiles/ide.dir/Release/src/buster/tests/image_test.c.o" "CMakeFiles/ide.dir/Release/src/buster/tests/compiler/metamorphic/metamorphic_test.c.o" "CMakeFiles/ide.dir/Release/src/buster/tests/compiler/frontend/c/c_test.c.o" "CMakeFiles/ide.dir/Release/src/buster/tests/compiler/frontend/c/once_test.c.o" "CMakeFiles/ide.dir/Release/src/buster/tests/compiler/frontend/c/type_layout_test.c.o" "CMakeFiles/ide.dir/Release/src/buster/tests/compiler/frontend/c/macro_conditional_test.c.o" "CMakeFiles/ide.dir/Release/src/buster/tests/compiler/frontend/c/record_layout_test.c.o" "CMakeFiles/ide.dir/Release/src/buster/tests/compiler/assembly/aarch64_encoding_test.c.o" "CMakeFiles/ide.dir/Release/src/buster/tests/compiler/assembly/aarch64_exact_bridge_test.c.o" "CMakeFiles/ide.dir/Release/src/buster/tests/compiler/assembly/aarch64_control_semantics_test.c.o" "CMakeFiles/ide.dir/Release/src/buster/tests/compiler/assembly/aarch64_system_registers_test.c.o" "CMakeFiles/ide.dir/Release/src/buster/tests/compiler/assembly/aarch64_semantics_test.c.o" "CMakeFiles/ide.dir/Release/src/buster/tests/compiler/assembly/aarch64_system_semantics_test.c.o" "CMakeFiles/ide.dir/Release/src/buster/tests/compiler/assembly/aarch64_syntax_test.c.o" "CMakeFiles/ide.dir/Release/src/buster/tests/compiler/assembly/aarch64_semantic_vm_test.c.o" "CMakeFiles/ide.dir/Release/src/buster/tests/compiler/assembly/aarch64_direct_simd_test.c.o" "CMakeFiles/ide.dir/Release/src/buster/tests/compiler/assembly/aarch64_complex_simd_test.c.o" "CMakeFiles/ide.dir/Release/src/buster/tests/compiler/assembly/aarch64_memory_semantics_test.c.o" "CMakeFiles/ide.dir/Release/src/buster/tests/compiler/assembly/aarch64_alias_projection_test.c.o" "CMakeFiles/ide.dir/Release/src/buster/tests/compiler/assembly/assembly_test.c.o" "CMakeFiles/ide.dir/Release/src/buster/tests/compiler/assembly/x86_64_forwarding_test.c.o" "CMakeFiles/ide.dir/Release/src/buster/tests/compiler/assembly/x86_64_metadata_test.c.o" "CMakeFiles/ide.dir/Release/src/buster/tests/compiler/assembly/x86_64_tls_test.c.o" "CMakeFiles/ide.dir/Release/src/buster/tests/compiler/assembly/padding_test.c.o" "CMakeFiles/ide.dir/Release/src/buster/tests/compiler/assembly/x86_64_got_test.c.o" "CMakeFiles/ide.dir/Release/src/buster/tests/compiler/assembly/x86_64_completion_census_test.c.o" "CMakeFiles/ide.dir/Release/src/buster/tests/compiler/diagnostic_test.c.o" "CMakeFiles/ide.dir/Release/src/buster/tests/compiler/ir/ir_test.c.o" "CMakeFiles/ide.dir/Release/src/buster/tests/compiler/ir/vector_contract_test.c.o" "CMakeFiles/ide.dir/Release/src/buster/tests/compiler/llvm/bitcode_test.c.o" "CMakeFiles/ide.dir/Release/src/buster/tests/compiler/codegen/machine_select_test.c.o" "CMakeFiles/ide.dir/Release/src/buster/tests/compiler/codegen/machine_test.c.o" "CMakeFiles/ide.dir/Release/src/buster/tests/compiler/codegen/codegen_test.c.o" "CMakeFiles/ide.dir/Release/src/buster/tests/compiler/codegen/aarch64_stride_test.c.o" "CMakeFiles/ide.dir/Release/src/buster/tests/compiler/debug/debug_test.c.o" "CMakeFiles/ide.dir/Release/src/buster/tests/compiler/dwarf/dwarf_test.c.o" "CMakeFiles/ide.dir/Release/src/buster/tests/compiler/codeview/codeview_test.c.o" "CMakeFiles/ide.dir/Release/src/buster/tests/compiler/pdb/pdb_test.c.o" "CMakeFiles/ide.dir/Release/src/buster/tests/compiler/object/object_test.c.o" "CMakeFiles/ide.dir/Release/src/buster/tests/compiler/jit/jit_test.c.o" "CMakeFiles/ide.dir/Release/src/buster/tests/compiler/link/link_test.c.o" "CMakeFiles/ide.dir/Release/src/buster/tests/compiler/gpu/gpu_test.c.o" "CMakeFiles/ide.dir/Release/src/buster/tests/compiler/spirv/spirv_test.c.o" "CMakeFiles/ide.dir/Release/src/buster/tests/compiler/driver/driver_test.c.o" "CMakeFiles/ide.dir/Release/src/buster/tests/compiler/driver/object_path_test.c.o" "CMakeFiles/ide.dir/Release/src/buster/tests/x86_64_test.c.o" "CMakeFiles/ide.dir/Release/src/buster/lib/os.c.o" "CMakeFiles/ide.dir/Release/src/buster/lib/entry_point.c.o" "CMakeFiles/ide.dir/Release/src/buster/lib/arena.c.o" "CMakeFiles/ide.dir/Release/src/buster/lib/integer.c.o" "CMakeFiles/ide.dir/Release/src/buster/lib/string.c.o" "CMakeFiles/ide.dir/Release/src/buster/lib/float.c.o" "CMakeFiles/ide.dir/Release/src/buster/lib/compiler/frontend/c/c_source.c.o" "CMakeFiles/ide.dir/Release/src/buster/lib/compiler/frontend/c/c_parse.c.o" "CMakeFiles/ide.dir/Release/src/buster/lib/compiler/frontend/c/c_gen.c.o" "CMakeFiles/ide.dir/Release/src/buster/lib/compiler/assembly/aarch64_encoding.c.o" "CMakeFiles/ide.dir/Release/src/buster/lib/compiler/assembly/aarch64_exact_bridge.c.o" "CMakeFiles/ide.dir/Release/src/buster/lib/compiler/assembly/aarch64_control_semantics.c.o" "CMakeFiles/ide.dir/Release/src/buster/lib/compiler/assembly/aarch64_system_registers.c.o" "CMakeFiles/ide.dir/Release/src/buster/lib/compiler/assembly/aarch64_semantics.c.o" "CMakeFiles/ide.dir/Release/src/buster/lib/compiler/assembly/aarch64_system_semantics.c.o" "CMakeFiles/ide.dir/Release/src/buster/lib/compiler/assembly/aarch64_syntax.c.o" "CMakeFiles/ide.dir/Release/src/buster/lib/compiler/assembly/aarch64_semantic_vm.c.o" "CMakeFiles/ide.dir/Release/src/buster/lib/compiler/assembly/aarch64_direct_simd_semantics.c.o" "CMakeFiles/ide.dir/Release/src/buster/lib/compiler/assembly/aarch64_complex_simd_semantics.c.o" "CMakeFiles/ide.dir/Release/src/buster/lib/compiler/assembly/aarch64_memory_semantics.c.o" "CMakeFiles/ide.dir/Release/src/buster/lib/compiler/assembly/aarch64_alias_projection.c.o" "CMakeFiles/ide.dir/Release/src/buster/lib/compiler/assembly/assembly.c.o" "CMakeFiles/ide.dir/Release/src/buster/lib/compiler/assembly/assembly_unit.c.o" "CMakeFiles/ide.dir/Release/src/buster/lib/compiler/assembly/x86_64_metadata.c.o" "CMakeFiles/ide.dir/Release/src/buster/lib/compiler/assembly/x86_64_completion_census.c.o" "CMakeFiles/ide.dir/Release/src/buster/lib/compiler/ir/ir.c.o" "CMakeFiles/ide.dir/Release/src/buster/lib/compiler/diagnostic.c.o" "CMakeFiles/ide.dir/Release/src/buster/lib/compiler/debug/debug.c.o" "CMakeFiles/ide.dir/Release/src/buster/lib/compiler/codegen/machine.c.o" "CMakeFiles/ide.dir/Release/src/buster/lib/compiler/codegen/bootstrap_trace.c.o" "CMakeFiles/ide.dir/Release/src/buster/lib/compiler/codegen/codegen.c.o" "CMakeFiles/ide.dir/Release/src/buster/lib/compiler/dwarf/dwarf.c.o" "CMakeFiles/ide.dir/Release/src/buster/lib/byte_writer.c.o" "CMakeFiles/ide.dir/Release/src/buster/lib/compiler/codeview/codeview.c.o" "CMakeFiles/ide.dir/Release/src/buster/lib/compiler/pdb/pdb.c.o" "CMakeFiles/ide.dir/Release/src/buster/lib/compiler/object/object.c.o" "CMakeFiles/ide.dir/Release/src/buster/lib/compiler/jit/jit.c.o" "CMakeFiles/ide.dir/Release/src/buster/lib/compiler/link/link.c.o" "CMakeFiles/ide.dir/Release/src/buster/lib/compiler/wasm/wasm.c.o" "CMakeFiles/ide.dir/Release/src/buster/lib/compiler/gpu/gpu.c.o" "CMakeFiles/ide.dir/Release/src/buster/lib/compiler/llvm/bitcode.c.o" "CMakeFiles/ide.dir/Release/src/buster/lib/compiler/ebpf/ebpf.c.o" "CMakeFiles/ide.dir/Release/src/buster/lib/compiler/spirv/spirv.c.o" "CMakeFiles/ide.dir/Release/src/buster/lib/compiler/driver/driver.c.o" "CMakeFiles/ide.dir/Release/src/buster/lib/simd.c.o" "CMakeFiles/ide.dir/Release/src/buster/lib/file.c.o" "CMakeFiles/ide.dir/Release/src/buster/lib/target.c.o" "CMakeFiles/ide.dir/Release/src/buster/lib/time.c.o" "CMakeFiles/ide.dir/Release/src/buster/lib/hash.c.o" "CMakeFiles/ide.dir/Release/src/buster/lib/x86_64.c.o" "-lm" "-lgcc" "--as-needed" "-lgcc_s" "--no-as-needed" "-lc" "-lgcc" "--as-needed" "-lgcc_s" "--no-as-needed" "/usr/lib/gcc/x86_64-linux-gnu/15/crtendS.o" "/lib/x86_64-linux-gnu/crtn.o" --no-gc-sections --no-fork --icf=none --build-id=0x2645264526452645264526452645264526452645 --threads=1
80	cd 'build-wild-separate' && "/home/runner/work/_temp/wild-evaluation/bin/wild" "-z" "relro" "--hash-style=gnu" "--build-id" "--eh-frame-hdr" "-m" "elf_x86_64" "-pie" "-dynamic-linker" "/lib64/ld-linux-x86-64.so.2" "-o" "Release/ide" "/lib/x86_64-linux-gnu/Scrt1.o" "/lib/x86_64-linux-gnu/crti.o" "/usr/lib/gcc/x86_64-linux-gnu/15/crtbeginS.o" "-L/usr/lib/gcc/x86_64-linux-gnu/15" "-L/usr/lib/gcc/x86_64-linux-gnu/15/../../../../lib64" "-L/lib/x86_64-linux-gnu" "-L/lib/../lib64" "-L/usr/lib/x86_64-linux-gnu" "-L/usr/lib64" "-L/lib" "-L/usr/lib" "CMakeFiles/ide.dir/Release/src/buster/apps/ide/ide.c.o" "CMakeFiles/ide.dir/Release/src/buster/tests/byte_writer_test.c.o" "CMakeFiles/ide.dir/Release/src/buster/tests/arena_test.c.o" "CMakeFiles/ide.dir/Release/src/buster/tests/integer_test.c.o" "CMakeFiles/ide.dir/Release/src/buster/tests/sanitizer_test.c.o" "CMakeFiles/ide.dir/Release/src/buster/tests/hash_test.c.o" "CMakeFiles/ide.dir/Release/src/buster/tests/simd_test.c.o" "CMakeFiles/ide.dir/Release/src/buster/tests/string_test.c.o" "CMakeFiles/ide.dir/Release/src/buster/tests/os_test.c.o" "CMakeFiles/ide.dir/Release/src/buster/tests/file_test.c.o" "CMakeFiles/ide.dir/Release/src/buster/tests/target_test.c.o" "CMakeFiles/ide.dir/Release/src/buster/tests/truetype_test.c.o" "CMakeFiles/ide.dir/Release/src/buster/tests/image_test.c.o" "CMakeFiles/ide.dir/Release/src/buster/tests/compiler/metamorphic/metamorphic_test.c.o" "CMakeFiles/ide.dir/Release/src/buster/tests/compiler/frontend/c/c_test.c.o" "CMakeFiles/ide.dir/Release/src/buster/tests/compiler/frontend/c/once_test.c.o" "CMakeFiles/ide.dir/Release/src/buster/tests/compiler/frontend/c/type_layout_test.c.o" "CMakeFiles/ide.dir/Release/src/buster/tests/compiler/frontend/c/macro_conditional_test.c.o" "CMakeFiles/ide.dir/Release/src/buster/tests/compiler/frontend/c/record_layout_test.c.o" "CMakeFiles/ide.dir/Release/src/buster/tests/compiler/assembly/aarch64_encoding_test.c.o" "CMakeFiles/ide.dir/Release/src/buster/tests/compiler/assembly/aarch64_exact_bridge_test.c.o" "CMakeFiles/ide.dir/Release/src/buster/tests/compiler/assembly/aarch64_control_semantics_test.c.o" "CMakeFiles/ide.dir/Release/src/buster/tests/compiler/assembly/aarch64_system_registers_test.c.o" "CMakeFiles/ide.dir/Release/src/buster/tests/compiler/assembly/aarch64_semantics_test.c.o" "CMakeFiles/ide.dir/Release/src/buster/tests/compiler/assembly/aarch64_system_semantics_test.c.o" "CMakeFiles/ide.dir/Release/src/buster/tests/compiler/assembly/aarch64_syntax_test.c.o" "CMakeFiles/ide.dir/Release/src/buster/tests/compiler/assembly/aarch64_semantic_vm_test.c.o" "CMakeFiles/ide.dir/Release/src/buster/tests/compiler/assembly/aarch64_direct_simd_test.c.o" "CMakeFiles/ide.dir/Release/src/buster/tests/compiler/assembly/aarch64_complex_simd_test.c.o" "CMakeFiles/ide.dir/Release/src/buster/tests/compiler/assembly/aarch64_memory_semantics_test.c.o" "CMakeFiles/ide.dir/Release/src/buster/tests/compiler/assembly/aarch64_alias_projection_test.c.o" "CMakeFiles/ide.dir/Release/src/buster/tests/compiler/assembly/assembly_test.c.o" "CMakeFiles/ide.dir/Release/src/buster/tests/compiler/assembly/x86_64_forwarding_test.c.o" "CMakeFiles/ide.dir/Release/src/buster/tests/compiler/assembly/x86_64_metadata_test.c.o" "CMakeFiles/ide.dir/Release/src/buster/tests/compiler/assembly/x86_64_tls_test.c.o" "CMakeFiles/ide.dir/Release/src/buster/tests/compiler/assembly/padding_test.c.o" "CMakeFiles/ide.dir/Release/src/buster/tests/compiler/assembly/x86_64_got_test.c.o" "CMakeFiles/ide.dir/Release/src/buster/tests/compiler/assembly/x86_64_completion_census_test.c.o" "CMakeFiles/ide.dir/Release/src/buster/tests/compiler/diagnostic_test.c.o" "CMakeFiles/ide.dir/Release/src/buster/tests/compiler/ir/ir_test.c.o" "CMakeFiles/ide.dir/Release/src/buster/tests/compiler/ir/vector_contract_test.c.o" "CMakeFiles/ide.dir/Release/src/buster/tests/compiler/llvm/bitcode_test.c.o" "CMakeFiles/ide.dir/Release/src/buster/tests/compiler/codegen/machine_select_test.c.o" "CMakeFiles/ide.dir/Release/src/buster/tests/compiler/codegen/machine_test.c.o" "CMakeFiles/ide.dir/Release/src/buster/tests/compiler/codegen/codegen_test.c.o" "CMakeFiles/ide.dir/Release/src/buster/tests/compiler/codegen/aarch64_stride_test.c.o" "CMakeFiles/ide.dir/Release/src/buster/tests/compiler/debug/debug_test.c.o" "CMakeFiles/ide.dir/Release/src/buster/tests/compiler/dwarf/dwarf_test.c.o" "CMakeFiles/ide.dir/Release/src/buster/tests/compiler/codeview/codeview_test.c.o" "CMakeFiles/ide.dir/Release/src/buster/tests/compiler/pdb/pdb_test.c.o" "CMakeFiles/ide.dir/Release/src/buster/tests/compiler/object/object_test.c.o" "CMakeFiles/ide.dir/Release/src/buster/tests/compiler/jit/jit_test.c.o" "CMakeFiles/ide.dir/Release/src/buster/tests/compiler/link/link_test.c.o" "CMakeFiles/ide.dir/Release/src/buster/tests/compiler/gpu/gpu_test.c.o" "CMakeFiles/ide.dir/Release/src/buster/tests/compiler/spirv/spirv_test.c.o" "CMakeFiles/ide.dir/Release/src/buster/tests/compiler/driver/driver_test.c.o" "CMakeFiles/ide.dir/Release/src/buster/tests/compiler/driver/object_path_test.c.o" "CMakeFiles/ide.dir/Release/src/buster/tests/x86_64_test.c.o" "CMakeFiles/ide.dir/Release/src/buster/lib/os.c.o" "CMakeFiles/ide.dir/Release/src/buster/lib/entry_point.c.o" "CMakeFiles/ide.dir/Release/src/buster/lib/arena.c.o" "CMakeFiles/ide.dir/Release/src/buster/lib/integer.c.o" "CMakeFiles/ide.dir/Release/src/buster/lib/string.c.o" "CMakeFiles/ide.dir/Release/src/buster/lib/float.c.o" "CMakeFiles/ide.dir/Release/src/buster/lib/compiler/frontend/c/c_source.c.o" "CMakeFiles/ide.dir/Release/src/buster/lib/compiler/frontend/c/c_parse.c.o" "CMakeFiles/ide.dir/Release/src/buster/lib/compiler/frontend/c/c_gen.c.o" "CMakeFiles/ide.dir/Release/src/buster/lib/compiler/assembly/aarch64_encoding.c.o" "CMakeFiles/ide.dir/Release/src/buster/lib/compiler/assembly/aarch64_exact_bridge.c.o" "CMakeFiles/ide.dir/Release/src/buster/lib/compiler/assembly/aarch64_control_semantics.c.o" "CMakeFiles/ide.dir/Release/src/buster/lib/compiler/assembly/aarch64_system_registers.c.o" "CMakeFiles/ide.dir/Release/src/buster/lib/compiler/assembly/aarch64_semantics.c.o" "CMakeFiles/ide.dir/Release/src/buster/lib/compiler/assembly/aarch64_system_semantics.c.o" "CMakeFiles/ide.dir/Release/src/buster/lib/compiler/assembly/aarch64_syntax.c.o" "CMakeFiles/ide.dir/Release/src/buster/lib/compiler/assembly/aarch64_semantic_vm.c.o" "CMakeFiles/ide.dir/Release/src/buster/lib/compiler/assembly/aarch64_direct_simd_semantics.c.o" "CMakeFiles/ide.dir/Release/src/buster/lib/compiler/assembly/aarch64_complex_simd_semantics.c.o" "CMakeFiles/ide.dir/Release/src/buster/lib/compiler/assembly/aarch64_memory_semantics.c.o" "CMakeFiles/ide.dir/Release/src/buster/lib/compiler/assembly/aarch64_alias_projection.c.o" "CMakeFiles/ide.dir/Release/src/buster/lib/compiler/assembly/assembly.c.o" "CMakeFiles/ide.dir/Release/src/buster/lib/compiler/assembly/assembly_unit.c.o" "CMakeFiles/ide.dir/Release/src/buster/lib/compiler/assembly/x86_64_metadata.c.o" "CMakeFiles/ide.dir/Release/src/buster/lib/compiler/assembly/x86_64_completion_census.c.o" "CMakeFiles/ide.dir/Release/src/buster/lib/compiler/ir/ir.c.o" "CMakeFiles/ide.dir/Release/src/buster/lib/compiler/diagnostic.c.o" "CMakeFiles/ide.dir/Release/src/buster/lib/compiler/debug/debug.c.o" "CMakeFiles/ide.dir/Release/src/buster/lib/compiler/codegen/machine.c.o" "CMakeFiles/ide.dir/Release/src/buster/lib/compiler/codegen/bootstrap_trace.c.o" "CMakeFiles/ide.dir/Release/src/buster/lib/compiler/codegen/codegen.c.o" "CMakeFiles/ide.dir/Release/src/buster/lib/compiler/dwarf/dwarf.c.o" "CMakeFiles/ide.dir/Release/src/buster/lib/byte_writer.c.o" "CMakeFiles/ide.dir/Release/src/buster/lib/compiler/codeview/codeview.c.o" "CMakeFiles/ide.dir/Release/src/buster/lib/compiler/pdb/pdb.c.o" "CMakeFiles/ide.dir/Release/src/buster/lib/compiler/object/object.c.o" "CMakeFiles/ide.dir/Release/src/buster/lib/compiler/jit/jit.c.o" "CMakeFiles/ide.dir/Release/src/buster/lib/compiler/link/link.c.o" "CMakeFiles/ide.dir/Release/src/buster/lib/compiler/wasm/wasm.c.o" "CMakeFiles/ide.dir/Release/src/buster/lib/compiler/gpu/gpu.c.o" "CMakeFiles/ide.dir/Release/src/buster/lib/compiler/llvm/bitcode.c.o" "CMakeFiles/ide.dir/Release/src/buster/lib/compiler/ebpf/ebpf.c.o" "CMakeFiles/ide.dir/Release/src/buster/lib/compiler/spirv/spirv.c.o" "CMakeFiles/ide.dir/Release/src/buster/lib/compiler/driver/driver.c.o" "CMakeFiles/ide.dir/Release/src/buster/lib/simd.c.o" "CMakeFiles/ide.dir/Release/src/buster/lib/file.c.o" "CMakeFiles/ide.dir/Release/src/buster/lib/target.c.o" "CMakeFiles/ide.dir/Release/src/buster/lib/time.c.o" "CMakeFiles/ide.dir/Release/src/buster/lib/hash.c.o" "CMakeFiles/ide.dir/Release/src/buster/lib/x86_64.c.o" "-lm" "-lgcc" "--as-needed" "-lgcc_s" "--no-as-needed" "-lc" "-lgcc" "--as-needed" "-lgcc_s" "--no-as-needed" "/usr/lib/gcc/x86_64-linux-gnu/15/crtendS.o" "/lib/x86_64-linux-gnu/crtn.o" --no-gc-sections --no-fork --icf=none --build-id=0x2645264526452645264526452645264526452645 --threads=1
81	cp 'build-wild-separate/Release/ide' '/home/runner/work/_temp/wild-evaluation/evidence/ide-separate-release-mold.elf' && stat -c 'bytes=%s' '/home/runner/work/_temp/wild-evaluation/evidence/ide-separate-release-mold.elf' && sha256sum '/home/runner/work/_temp/wild-evaluation/evidence/ide-separate-release-mold.elf' && size -A '/home/runner/work/_temp/wild-evaluation/evidence/ide-separate-release-mold.elf' && readelf -W -h -l -S -d '/home/runner/work/_temp/wild-evaluation/evidence/ide-separate-release-mold.elf'
82	llvm-dwarfdump --verify --error-display=summary '/home/runner/work/_temp/wild-evaluation/evidence/ide-separate-release-mold.elf'
83	'build-wild-separate/Release/ide' cc -g -c '/home/runner/work/_temp/wild-evaluation/evidence/probe.c' -o '/home/runner/work/_temp/wild-evaluation/evidence/review-check.o'
84	cmp 'build-wild-separate/Release/ide' '/home/runner/work/_temp/wild-evaluation/evidence/ide-separate-release-mold.elf'
85	cp 'build-wild-separate/Release/ide' '/home/runner/work/_temp/wild-evaluation/evidence/ide-separate-release-wild.elf' && stat -c 'bytes=%s' '/home/runner/work/_temp/wild-evaluation/evidence/ide-separate-release-wild.elf' && sha256sum '/home/runner/work/_temp/wild-evaluation/evidence/ide-separate-release-wild.elf' && size -A '/home/runner/work/_temp/wild-evaluation/evidence/ide-separate-release-wild.elf' && readelf -W -h -l -S -d '/home/runner/work/_temp/wild-evaluation/evidence/ide-separate-release-wild.elf'
86	llvm-dwarfdump --verify --error-display=summary '/home/runner/work/_temp/wild-evaluation/evidence/ide-separate-release-wild.elf'
87	cmp 'build-wild-separate/Release/ide' '/home/runner/work/_temp/wild-evaluation/evidence/ide-separate-release-wild.elf'
88	sha256sum --check '/home/runner/work/_temp/wild-evaluation/evidence/ide-separate-release-all-read-inputs.sha256'
89	'/home/runner/work/_temp/wild-evaluation/evidence/ide-unity-release-wild.elf' cc -g -fPIC -c '/home/runner/work/_temp/wild-evaluation/evidence/probe.c' -o '/home/runner/work/_temp/wild-evaluation/evidence/probe-buster.o' && '/home/runner/work/_temp/wild-evaluation/evidence/ide-unity-release-wild.elf' cc -g -fPIC -c '/home/runner/work/_temp/wild-evaluation/evidence/main.c' -o '/home/runner/work/_temp/wild-evaluation/evidence/main-buster.o'
90	clang -fuse-ld=mold '/home/runner/work/_temp/wild-evaluation/evidence/main-buster.o' '/home/runner/work/_temp/wild-evaluation/evidence/probe-buster.o' -o '/home/runner/work/_temp/wild-evaluation/evidence/buster-produced-mold'
91	'/home/runner/work/_temp/wild-evaluation/evidence/buster-produced-mold'
92	llvm-dwarfdump --verify '/home/runner/work/_temp/wild-evaluation/evidence/buster-produced-mold'
93	clang -fuse-ld=wild '/home/runner/work/_temp/wild-evaluation/evidence/main-buster.o' '/home/runner/work/_temp/wild-evaluation/evidence/probe-buster.o' -o '/home/runner/work/_temp/wild-evaluation/evidence/buster-produced-wild'
94	'/home/runner/work/_temp/wild-evaluation/evidence/buster-produced-wild'
95	llvm-dwarfdump --verify '/home/runner/work/_temp/wild-evaluation/evidence/buster-produced-wild'
96	clang --ld-path=wild '/home/runner/work/_temp/wild-evaluation/evidence/main-buster.o' '/home/runner/work/_temp/wild-evaluation/evidence/probe-buster.o' -o '/home/runner/work/_temp/wild-evaluation/evidence/buster-direct' -###
97	strace -f -qq -s 4096 -e trace=openat,openat2 -o '/home/runner/work/_temp/wild-evaluation/evidence/buster-produced-small-wild.opens.txt' sh -c 'cd '\''.'\'' && "/home/runner/work/_temp/wild-evaluation/bin/wild" "-z" "relro" "--hash-style=gnu" "--build-id" "--eh-frame-hdr" "-m" "elf_x86_64" "-pie" "-dynamic-linker" "/lib64/ld-linux-x86-64.so.2" "-o" "/home/runner/work/_temp/wild-evaluation/evidence/buster-direct" "/lib/x86_64-linux-gnu/Scrt1.o" "/lib/x86_64-linux-gnu/crti.o" "/usr/lib/gcc/x86_64-linux-gnu/15/crtbeginS.o" "-L/usr/lib/gcc/x86_64-linux-gnu/15" "-L/usr/lib/gcc/x86_64-linux-gnu/15/../../../../lib64" "-L/lib/x86_64-linux-gnu" "-L/lib/../lib64" "-L/usr/lib/x86_64-linux-gnu" "-L/usr/lib64" "-L/lib" "-L/usr/lib" "/home/runner/work/_temp/wild-evaluation/evidence/main-buster.o" "/home/runner/work/_temp/wild-evaluation/evidence/probe-buster.o" "-lgcc" "--as-needed" "-lgcc_s" "--no-as-needed" "-lc" "-lgcc" "--as-needed" "-lgcc_s" "--no-as-needed" "/usr/lib/gcc/x86_64-linux-gnu/15/crtendS.o" "/lib/x86_64-linux-gnu/crtn.o" --no-gc-sections --no-fork --icf=none --build-id=0x2645264526452645264526452645264526452645'
98	strace -f -qq -s 4096 -e trace=openat,openat2 -o '/home/runner/work/_temp/wild-evaluation/evidence/buster-produced-small-mold.opens.txt' sh -c 'cd '\''.'\'' && '\''mold'\'' "-z" "relro" "--hash-style=gnu" "--build-id" "--eh-frame-hdr" "-m" "elf_x86_64" "-pie" "-dynamic-linker" "/lib64/ld-linux-x86-64.so.2" "-o" "/home/runner/work/_temp/wild-evaluation/evidence/buster-direct" "/lib/x86_64-linux-gnu/Scrt1.o" "/lib/x86_64-linux-gnu/crti.o" "/usr/lib/gcc/x86_64-linux-gnu/15/crtbeginS.o" "-L/usr/lib/gcc/x86_64-linux-gnu/15" "-L/usr/lib/gcc/x86_64-linux-gnu/15/../../../../lib64" "-L/lib/x86_64-linux-gnu" "-L/lib/../lib64" "-L/usr/lib/x86_64-linux-gnu" "-L/usr/lib64" "-L/lib" "-L/usr/lib" "/home/runner/work/_temp/wild-evaluation/evidence/main-buster.o" "/home/runner/work/_temp/wild-evaluation/evidence/probe-buster.o" "-lgcc" "--as-needed" "-lgcc_s" "--no-as-needed" "-lc" "-lgcc" "--as-needed" "-lgcc_s" "--no-as-needed" "/usr/lib/gcc/x86_64-linux-gnu/15/crtendS.o" "/lib/x86_64-linux-gnu/crtn.o" --no-gc-sections --no-fork --icf=none --build-id=0x2645264526452645264526452645264526452645'
99	sort -u '/home/runner/work/_temp/wild-evaluation/evidence/buster-produced-small-read-paths.txt' | xargs -d '\n' sha256sum > '/home/runner/work/_temp/wild-evaluation/evidence/buster-produced-small-all-read-inputs.sha256'
100	cd '.' && "/home/runner/work/_temp/wild-evaluation/bin/wild" "-z" "relro" "--hash-style=gnu" "--build-id" "--eh-frame-hdr" "-m" "elf_x86_64" "-pie" "-dynamic-linker" "/lib64/ld-linux-x86-64.so.2" "-o" "/home/runner/work/_temp/wild-evaluation/evidence/buster-direct" "/lib/x86_64-linux-gnu/Scrt1.o" "/lib/x86_64-linux-gnu/crti.o" "/usr/lib/gcc/x86_64-linux-gnu/15/crtbeginS.o" "-L/usr/lib/gcc/x86_64-linux-gnu/15" "-L/usr/lib/gcc/x86_64-linux-gnu/15/../../../../lib64" "-L/lib/x86_64-linux-gnu" "-L/lib/../lib64" "-L/usr/lib/x86_64-linux-gnu" "-L/usr/lib64" "-L/lib" "-L/usr/lib" "/home/runner/work/_temp/wild-evaluation/evidence/main-buster.o" "/home/runner/work/_temp/wild-evaluation/evidence/probe-buster.o" "-lgcc" "--as-needed" "-lgcc_s" "--no-as-needed" "-lc" "-lgcc" "--as-needed" "-lgcc_s" "--no-as-needed" "/usr/lib/gcc/x86_64-linux-gnu/15/crtendS.o" "/lib/x86_64-linux-gnu/crtn.o" --no-gc-sections --no-fork --icf=none --build-id=0x2645264526452645264526452645264526452645
101	cd '.' && 'mold' "-z" "relro" "--hash-style=gnu" "--build-id" "--eh-frame-hdr" "-m" "elf_x86_64" "-pie" "-dynamic-linker" "/lib64/ld-linux-x86-64.so.2" "-o" "/home/runner/work/_temp/wild-evaluation/evidence/buster-direct" "/lib/x86_64-linux-gnu/Scrt1.o" "/lib/x86_64-linux-gnu/crti.o" "/usr/lib/gcc/x86_64-linux-gnu/15/crtbeginS.o" "-L/usr/lib/gcc/x86_64-linux-gnu/15" "-L/usr/lib/gcc/x86_64-linux-gnu/15/../../../../lib64" "-L/lib/x86_64-linux-gnu" "-L/lib/../lib64" "-L/usr/lib/x86_64-linux-gnu" "-L/usr/lib64" "-L/lib" "-L/usr/lib" "/home/runner/work/_temp/wild-evaluation/evidence/main-buster.o" "/home/runner/work/_temp/wild-evaluation/evidence/probe-buster.o" "-lgcc" "--as-needed" "-lgcc_s" "--no-as-needed" "-lc" "-lgcc" "--as-needed" "-lgcc_s" "--no-as-needed" "/usr/lib/gcc/x86_64-linux-gnu/15/crtendS.o" "/lib/x86_64-linux-gnu/crtn.o" --no-gc-sections --no-fork --icf=none --build-id=0x2645264526452645264526452645264526452645
102	cd '.' && "/home/runner/work/_temp/wild-evaluation/bin/wild" "-z" "relro" "--hash-style=gnu" "--build-id" "--eh-frame-hdr" "-m" "elf_x86_64" "-pie" "-dynamic-linker" "/lib64/ld-linux-x86-64.so.2" "-o" "/home/runner/work/_temp/wild-evaluation/evidence/buster-direct" "/lib/x86_64-linux-gnu/Scrt1.o" "/lib/x86_64-linux-gnu/crti.o" "/usr/lib/gcc/x86_64-linux-gnu/15/crtbeginS.o" "-L/usr/lib/gcc/x86_64-linux-gnu/15" "-L/usr/lib/gcc/x86_64-linux-gnu/15/../../../../lib64" "-L/lib/x86_64-linux-gnu" "-L/lib/../lib64" "-L/usr/lib/x86_64-linux-gnu" "-L/usr/lib64" "-L/lib" "-L/usr/lib" "/home/runner/work/_temp/wild-evaluation/evidence/main-buster.o" "/home/runner/work/_temp/wild-evaluation/evidence/probe-buster.o" "-lgcc" "--as-needed" "-lgcc_s" "--no-as-needed" "-lc" "-lgcc" "--as-needed" "-lgcc_s" "--no-as-needed" "/usr/lib/gcc/x86_64-linux-gnu/15/crtendS.o" "/lib/x86_64-linux-gnu/crtn.o" --no-gc-sections --no-fork --icf=none --build-id=0x2645264526452645264526452645264526452645 --threads=1
103	cd '.' && 'mold' "-z" "relro" "--hash-style=gnu" "--build-id" "--eh-frame-hdr" "-m" "elf_x86_64" "-pie" "-dynamic-linker" "/lib64/ld-linux-x86-64.so.2" "-o" "/home/runner/work/_temp/wild-evaluation/evidence/buster-direct" "/lib/x86_64-linux-gnu/Scrt1.o" "/lib/x86_64-linux-gnu/crti.o" "/usr/lib/gcc/x86_64-linux-gnu/15/crtbeginS.o" "-L/usr/lib/gcc/x86_64-linux-gnu/15" "-L/usr/lib/gcc/x86_64-linux-gnu/15/../../../../lib64" "-L/lib/x86_64-linux-gnu" "-L/lib/../lib64" "-L/usr/lib/x86_64-linux-gnu" "-L/usr/lib64" "-L/lib" "-L/usr/lib" "/home/runner/work/_temp/wild-evaluation/evidence/main-buster.o" "/home/runner/work/_temp/wild-evaluation/evidence/probe-buster.o" "-lgcc" "--as-needed" "-lgcc_s" "--no-as-needed" "-lc" "-lgcc" "--as-needed" "-lgcc_s" "--no-as-needed" "/usr/lib/gcc/x86_64-linux-gnu/15/crtendS.o" "/lib/x86_64-linux-gnu/crtn.o" --no-gc-sections --no-fork --icf=none --build-id=0x2645264526452645264526452645264526452645 --threads=1
104	cp '/home/runner/work/_temp/wild-evaluation/evidence/buster-direct' '/home/runner/work/_temp/wild-evaluation/evidence/buster-produced-small-mold.elf' && stat -c 'bytes=%s' '/home/runner/work/_temp/wild-evaluation/evidence/buster-produced-small-mold.elf' && sha256sum '/home/runner/work/_temp/wild-evaluation/evidence/buster-produced-small-mold.elf' && size -A '/home/runner/work/_temp/wild-evaluation/evidence/buster-produced-small-mold.elf' && readelf -W -h -l -S -d '/home/runner/work/_temp/wild-evaluation/evidence/buster-produced-small-mold.elf'
105	llvm-dwarfdump --verify --error-display=summary '/home/runner/work/_temp/wild-evaluation/evidence/buster-produced-small-mold.elf'
106	'/home/runner/work/_temp/wild-evaluation/evidence/buster-direct'
107	cmp '/home/runner/work/_temp/wild-evaluation/evidence/buster-direct' '/home/runner/work/_temp/wild-evaluation/evidence/buster-produced-small-mold.elf'
108	cp '/home/runner/work/_temp/wild-evaluation/evidence/buster-direct' '/home/runner/work/_temp/wild-evaluation/evidence/buster-produced-small-wild.elf' && stat -c 'bytes=%s' '/home/runner/work/_temp/wild-evaluation/evidence/buster-produced-small-wild.elf' && sha256sum '/home/runner/work/_temp/wild-evaluation/evidence/buster-produced-small-wild.elf' && size -A '/home/runner/work/_temp/wild-evaluation/evidence/buster-produced-small-wild.elf' && readelf -W -h -l -S -d '/home/runner/work/_temp/wild-evaluation/evidence/buster-produced-small-wild.elf'
109	llvm-dwarfdump --verify --error-display=summary '/home/runner/work/_temp/wild-evaluation/evidence/buster-produced-small-wild.elf'
110	cmp '/home/runner/work/_temp/wild-evaluation/evidence/buster-direct' '/home/runner/work/_temp/wild-evaluation/evidence/buster-produced-small-wild.elf'
111	sha256sum --check '/home/runner/work/_temp/wild-evaluation/evidence/buster-produced-small-all-read-inputs.sha256'
112	gdb -q -batch -ex 'set pagination off' -ex 'break probe' -ex run -ex bt --args '/home/runner/work/_temp/wild-evaluation/evidence/buster-produced-mold'
113	gdb -q -batch -ex 'set pagination off' -ex 'break probe' -ex run -ex bt --args '/home/runner/work/_temp/wild-evaluation/evidence/buster-produced-wild'
114	'/home/runner/work/_temp/wild-evaluation/build-driver' generate --build-directory build-wild-review --cc clang --linker WILD --no-include-tests --no-fuzz --no-sanitize --no-lto -- -DBUSTER_UNITY_BUILD=OFF -DBUSTER_HOT_RELOAD_DEMO=ON -DCMAKE_EXE_LINKER_FLAGS=-Wl,--no-gc-sections,--no-fork,--icf=none,--build-id=0x2645264526452645264526452645264526452645
115	'/home/runner/work/_temp/wild-evaluation/build-driver' build --build-directory build-wild-review --config Debug -t ide -t hot_reload
116	ninja -C 'build-wild-review' -f build-Debug.ninja -t commands hot_reload
117	cd 'build-wild-review' && : && /usr/lib/llvm-21/bin/clang -g -Wl,--no-gc-sections,--no-fork,--icf=none,--build-id=0x2645264526452645264526452645264526452645 -Xlinker --gc-sections --ld-path=wild CMakeFiles/hot_reload.dir/Debug/tools/hot_replace_probe/host.c.o CMakeFiles/hot_reload.dir/Debug/src/buster/lib/os.c.o CMakeFiles/hot_reload.dir/Debug/src/buster/lib/arena.c.o CMakeFiles/hot_reload.dir/Debug/src/buster/lib/integer.c.o CMakeFiles/hot_reload.dir/Debug/src/buster/lib/string.c.o CMakeFiles/hot_reload.dir/Debug/src/buster/lib/target.c.o CMakeFiles/hot_reload.dir/Debug/src/buster/lib/x86_64.c.o CMakeFiles/hot_reload.dir/Debug/src/buster/lib/hash.c.o CMakeFiles/hot_reload.dir/Debug/src/buster/lib/byte_writer.c.o CMakeFiles/hot_reload.dir/Debug/src/buster/lib/compiler/dwarf/dwarf.c.o CMakeFiles/hot_reload.dir/Debug/src/buster/lib/compiler/assembly/aarch64_encoding.c.o CMakeFiles/hot_reload.dir/Debug/src/buster/lib/compiler/assembly/x86_64_metadata.c.o CMakeFiles/hot_reload.dir/Debug/src/buster/lib/compiler/object/object.c.o CMakeFiles/hot_reload.dir/Debug/src/buster/lib/compiler/jit/jit.c.o -o Debug/hot_reload  -lm  -ldl  -lpthread -###
118	strace -f -qq -s 4096 -e trace=openat,openat2 -o '/home/runner/work/_temp/wild-evaluation/evidence/hot-reload-debug-wild.opens.txt' sh -c 'cd '\''build-wild-review'\'' && "/home/runner/work/_temp/wild-evaluation/bin/wild" "-z" "relro" "--hash-style=gnu" "--build-id" "--eh-frame-hdr" "-m" "elf_x86_64" "-pie" "-dynamic-linker" "/lib64/ld-linux-x86-64.so.2" "-o" "Debug/hot_reload" "/lib/x86_64-linux-gnu/Scrt1.o" "/lib/x86_64-linux-gnu/crti.o" "/usr/lib/gcc/x86_64-linux-gnu/15/crtbeginS.o" "-L/usr/lib/gcc/x86_64-linux-gnu/15" "-L/usr/lib/gcc/x86_64-linux-gnu/15/../../../../lib64" "-L/lib/x86_64-linux-gnu" "-L/lib/../lib64" "-L/usr/lib/x86_64-linux-gnu" "-L/usr/lib64" "-L/lib" "-L/usr/lib" "--no-gc-sections" "--no-fork" "--icf=none" "--build-id=0x2645264526452645264526452645264526452645" "--gc-sections" "CMakeFiles/hot_reload.dir/Debug/tools/hot_replace_probe/host.c.o" "CMakeFiles/hot_reload.dir/Debug/src/buster/lib/os.c.o" "CMakeFiles/hot_reload.dir/Debug/src/buster/lib/arena.c.o" "CMakeFiles/hot_reload.dir/Debug/src/buster/lib/integer.c.o" "CMakeFiles/hot_reload.dir/Debug/src/buster/lib/string.c.o" "CMakeFiles/hot_reload.dir/Debug/src/buster/lib/target.c.o" "CMakeFiles/hot_reload.dir/Debug/src/buster/lib/x86_64.c.o" "CMakeFiles/hot_reload.dir/Debug/src/buster/lib/hash.c.o" "CMakeFiles/hot_reload.dir/Debug/src/buster/lib/byte_writer.c.o" "CMakeFiles/hot_reload.dir/Debug/src/buster/lib/compiler/dwarf/dwarf.c.o" "CMakeFiles/hot_reload.dir/Debug/src/buster/lib/compiler/assembly/aarch64_encoding.c.o" "CMakeFiles/hot_reload.dir/Debug/src/buster/lib/compiler/assembly/x86_64_metadata.c.o" "CMakeFiles/hot_reload.dir/Debug/src/buster/lib/compiler/object/object.c.o" "CMakeFiles/hot_reload.dir/Debug/src/buster/lib/compiler/jit/jit.c.o" "-lm" "-ldl" "-lpthread" "-lgcc" "--as-needed" "-lgcc_s" "--no-as-needed" "-lc" "-lgcc" "--as-needed" "-lgcc_s" "--no-as-needed" "/usr/lib/gcc/x86_64-linux-gnu/15/crtendS.o" "/lib/x86_64-linux-gnu/crtn.o" --gc-sections --no-fork --icf=none --build-id=0x2645264526452645264526452645264526452645'
119	strace -f -qq -s 4096 -e trace=openat,openat2 -o '/home/runner/work/_temp/wild-evaluation/evidence/hot-reload-debug-mold.opens.txt' sh -c 'cd '\''build-wild-review'\'' && '\''mold'\'' "-z" "relro" "--hash-style=gnu" "--build-id" "--eh-frame-hdr" "-m" "elf_x86_64" "-pie" "-dynamic-linker" "/lib64/ld-linux-x86-64.so.2" "-o" "Debug/hot_reload" "/lib/x86_64-linux-gnu/Scrt1.o" "/lib/x86_64-linux-gnu/crti.o" "/usr/lib/gcc/x86_64-linux-gnu/15/crtbeginS.o" "-L/usr/lib/gcc/x86_64-linux-gnu/15" "-L/usr/lib/gcc/x86_64-linux-gnu/15/../../../../lib64" "-L/lib/x86_64-linux-gnu" "-L/lib/../lib64" "-L/usr/lib/x86_64-linux-gnu" "-L/usr/lib64" "-L/lib" "-L/usr/lib" "--no-gc-sections" "--no-fork" "--icf=none" "--build-id=0x2645264526452645264526452645264526452645" "--gc-sections" "CMakeFiles/hot_reload.dir/Debug/tools/hot_replace_probe/host.c.o" "CMakeFiles/hot_reload.dir/Debug/src/buster/lib/os.c.o" "CMakeFiles/hot_reload.dir/Debug/src/buster/lib/arena.c.o" "CMakeFiles/hot_reload.dir/Debug/src/buster/lib/integer.c.o" "CMakeFiles/hot_reload.dir/Debug/src/buster/lib/string.c.o" "CMakeFiles/hot_reload.dir/Debug/src/buster/lib/target.c.o" "CMakeFiles/hot_reload.dir/Debug/src/buster/lib/x86_64.c.o" "CMakeFiles/hot_reload.dir/Debug/src/buster/lib/hash.c.o" "CMakeFiles/hot_reload.dir/Debug/src/buster/lib/byte_writer.c.o" "CMakeFiles/hot_reload.dir/Debug/src/buster/lib/compiler/dwarf/dwarf.c.o" "CMakeFiles/hot_reload.dir/Debug/src/buster/lib/compiler/assembly/aarch64_encoding.c.o" "CMakeFiles/hot_reload.dir/Debug/src/buster/lib/compiler/assembly/x86_64_metadata.c.o" "CMakeFiles/hot_reload.dir/Debug/src/buster/lib/compiler/object/object.c.o" "CMakeFiles/hot_reload.dir/Debug/src/buster/lib/compiler/jit/jit.c.o" "-lm" "-ldl" "-lpthread" "-lgcc" "--as-needed" "-lgcc_s" "--no-as-needed" "-lc" "-lgcc" "--as-needed" "-lgcc_s" "--no-as-needed" "/usr/lib/gcc/x86_64-linux-gnu/15/crtendS.o" "/lib/x86_64-linux-gnu/crtn.o" --gc-sections --no-fork --icf=none --build-id=0x2645264526452645264526452645264526452645'
120	sort -u '/home/runner/work/_temp/wild-evaluation/evidence/hot-reload-debug-read-paths.txt' | xargs -d '\n' sha256sum > '/home/runner/work/_temp/wild-evaluation/evidence/hot-reload-debug-all-read-inputs.sha256'
121	cd 'build-wild-review' && 'mold' "-z" "relro" "--hash-style=gnu" "--build-id" "--eh-frame-hdr" "-m" "elf_x86_64" "-pie" "-dynamic-linker" "/lib64/ld-linux-x86-64.so.2" "-o" "Debug/hot_reload" "/lib/x86_64-linux-gnu/Scrt1.o" "/lib/x86_64-linux-gnu/crti.o" "/usr/lib/gcc/x86_64-linux-gnu/15/crtbeginS.o" "-L/usr/lib/gcc/x86_64-linux-gnu/15" "-L/usr/lib/gcc/x86_64-linux-gnu/15/../../../../lib64" "-L/lib/x86_64-linux-gnu" "-L/lib/../lib64" "-L/usr/lib/x86_64-linux-gnu" "-L/usr/lib64" "-L/lib" "-L/usr/lib" "--no-gc-sections" "--no-fork" "--icf=none" "--build-id=0x2645264526452645264526452645264526452645" "--gc-sections" "CMakeFiles/hot_reload.dir/Debug/tools/hot_replace_probe/host.c.o" "CMakeFiles/hot_reload.dir/Debug/src/buster/lib/os.c.o" "CMakeFiles/hot_reload.dir/Debug/src/buster/lib/arena.c.o" "CMakeFiles/hot_reload.dir/Debug/src/buster/lib/integer.c.o" "CMakeFiles/hot_reload.dir/Debug/src/buster/lib/string.c.o" "CMakeFiles/hot_reload.dir/Debug/src/buster/lib/target.c.o" "CMakeFiles/hot_reload.dir/Debug/src/buster/lib/x86_64.c.o" "CMakeFiles/hot_reload.dir/Debug/src/buster/lib/hash.c.o" "CMakeFiles/hot_reload.dir/Debug/src/buster/lib/byte_writer.c.o" "CMakeFiles/hot_reload.dir/Debug/src/buster/lib/compiler/dwarf/dwarf.c.o" "CMakeFiles/hot_reload.dir/Debug/src/buster/lib/compiler/assembly/aarch64_encoding.c.o" "CMakeFiles/hot_reload.dir/Debug/src/buster/lib/compiler/assembly/x86_64_metadata.c.o" "CMakeFiles/hot_reload.dir/Debug/src/buster/lib/compiler/object/object.c.o" "CMakeFiles/hot_reload.dir/Debug/src/buster/lib/compiler/jit/jit.c.o" "-lm" "-ldl" "-lpthread" "-lgcc" "--as-needed" "-lgcc_s" "--no-as-needed" "-lc" "-lgcc" "--as-needed" "-lgcc_s" "--no-as-needed" "/usr/lib/gcc/x86_64-linux-gnu/15/crtendS.o" "/lib/x86_64-linux-gnu/crtn.o" --gc-sections --no-fork --icf=none --build-id=0x2645264526452645264526452645264526452645
122	cd 'build-wild-review' && "/home/runner/work/_temp/wild-evaluation/bin/wild" "-z" "relro" "--hash-style=gnu" "--build-id" "--eh-frame-hdr" "-m" "elf_x86_64" "-pie" "-dynamic-linker" "/lib64/ld-linux-x86-64.so.2" "-o" "Debug/hot_reload" "/lib/x86_64-linux-gnu/Scrt1.o" "/lib/x86_64-linux-gnu/crti.o" "/usr/lib/gcc/x86_64-linux-gnu/15/crtbeginS.o" "-L/usr/lib/gcc/x86_64-linux-gnu/15" "-L/usr/lib/gcc/x86_64-linux-gnu/15/../../../../lib64" "-L/lib/x86_64-linux-gnu" "-L/lib/../lib64" "-L/usr/lib/x86_64-linux-gnu" "-L/usr/lib64" "-L/lib" "-L/usr/lib" "--no-gc-sections" "--no-fork" "--icf=none" "--build-id=0x2645264526452645264526452645264526452645" "--gc-sections" "CMakeFiles/hot_reload.dir/Debug/tools/hot_replace_probe/host.c.o" "CMakeFiles/hot_reload.dir/Debug/src/buster/lib/os.c.o" "CMakeFiles/hot_reload.dir/Debug/src/buster/lib/arena.c.o" "CMakeFiles/hot_reload.dir/Debug/src/buster/lib/integer.c.o" "CMakeFiles/hot_reload.dir/Debug/src/buster/lib/string.c.o" "CMakeFiles/hot_reload.dir/Debug/src/buster/lib/target.c.o" "CMakeFiles/hot_reload.dir/Debug/src/buster/lib/x86_64.c.o" "CMakeFiles/hot_reload.dir/Debug/src/buster/lib/hash.c.o" "CMakeFiles/hot_reload.dir/Debug/src/buster/lib/byte_writer.c.o" "CMakeFiles/hot_reload.dir/Debug/src/buster/lib/compiler/dwarf/dwarf.c.o" "CMakeFiles/hot_reload.dir/Debug/src/buster/lib/compiler/assembly/aarch64_encoding.c.o" "CMakeFiles/hot_reload.dir/Debug/src/buster/lib/compiler/assembly/x86_64_metadata.c.o" "CMakeFiles/hot_reload.dir/Debug/src/buster/lib/compiler/object/object.c.o" "CMakeFiles/hot_reload.dir/Debug/src/buster/lib/compiler/jit/jit.c.o" "-lm" "-ldl" "-lpthread" "-lgcc" "--as-needed" "-lgcc_s" "--no-as-needed" "-lc" "-lgcc" "--as-needed" "-lgcc_s" "--no-as-needed" "/usr/lib/gcc/x86_64-linux-gnu/15/crtendS.o" "/lib/x86_64-linux-gnu/crtn.o" --gc-sections --no-fork --icf=none --build-id=0x2645264526452645264526452645264526452645
123	cd 'build-wild-review' && "/home/runner/work/_temp/wild-evaluation/bin/wild" "-z" "relro" "--hash-style=gnu" "--build-id" "--eh-frame-hdr" "-m" "elf_x86_64" "-pie" "-dynamic-linker" "/lib64/ld-linux-x86-64.so.2" "-o" "Debug/hot_reload" "/lib/x86_64-linux-gnu/Scrt1.o" "/lib/x86_64-linux-gnu/crti.o" "/usr/lib/gcc/x86_64-linux-gnu/15/crtbeginS.o" "-L/usr/lib/gcc/x86_64-linux-gnu/15" "-L/usr/lib/gcc/x86_64-linux-gnu/15/../../../../lib64" "-L/lib/x86_64-linux-gnu" "-L/lib/../lib64" "-L/usr/lib/x86_64-linux-gnu" "-L/usr/lib64" "-L/lib" "-L/usr/lib" "--no-gc-sections" "--no-fork" "--icf=none" "--build-id=0x2645264526452645264526452645264526452645" "--gc-sections" "CMakeFiles/hot_reload.dir/Debug/tools/hot_replace_probe/host.c.o" "CMakeFiles/hot_reload.dir/Debug/src/buster/lib/os.c.o" "CMakeFiles/hot_reload.dir/Debug/src/buster/lib/arena.c.o" "CMakeFiles/hot_reload.dir/Debug/src/buster/lib/integer.c.o" "CMakeFiles/hot_reload.dir/Debug/src/buster/lib/string.c.o" "CMakeFiles/hot_reload.dir/Debug/src/buster/lib/target.c.o" "CMakeFiles/hot_reload.dir/Debug/src/buster/lib/x86_64.c.o" "CMakeFiles/hot_reload.dir/Debug/src/buster/lib/hash.c.o" "CMakeFiles/hot_reload.dir/Debug/src/buster/lib/byte_writer.c.o" "CMakeFiles/hot_reload.dir/Debug/src/buster/lib/compiler/dwarf/dwarf.c.o" "CMakeFiles/hot_reload.dir/Debug/src/buster/lib/compiler/assembly/aarch64_encoding.c.o" "CMakeFiles/hot_reload.dir/Debug/src/buster/lib/compiler/assembly/x86_64_metadata.c.o" "CMakeFiles/hot_reload.dir/Debug/src/buster/lib/compiler/object/object.c.o" "CMakeFiles/hot_reload.dir/Debug/src/buster/lib/compiler/jit/jit.c.o" "-lm" "-ldl" "-lpthread" "-lgcc" "--as-needed" "-lgcc_s" "--no-as-needed" "-lc" "-lgcc" "--as-needed" "-lgcc_s" "--no-as-needed" "/usr/lib/gcc/x86_64-linux-gnu/15/crtendS.o" "/lib/x86_64-linux-gnu/crtn.o" --gc-sections --no-fork --icf=none --build-id=0x2645264526452645264526452645264526452645 --threads=1
124	cd 'build-wild-review' && 'mold' "-z" "relro" "--hash-style=gnu" "--build-id" "--eh-frame-hdr" "-m" "elf_x86_64" "-pie" "-dynamic-linker" "/lib64/ld-linux-x86-64.so.2" "-o" "Debug/hot_reload" "/lib/x86_64-linux-gnu/Scrt1.o" "/lib/x86_64-linux-gnu/crti.o" "/usr/lib/gcc/x86_64-linux-gnu/15/crtbeginS.o" "-L/usr/lib/gcc/x86_64-linux-gnu/15" "-L/usr/lib/gcc/x86_64-linux-gnu/15/../../../../lib64" "-L/lib/x86_64-linux-gnu" "-L/lib/../lib64" "-L/usr/lib/x86_64-linux-gnu" "-L/usr/lib64" "-L/lib" "-L/usr/lib" "--no-gc-sections" "--no-fork" "--icf=none" "--build-id=0x2645264526452645264526452645264526452645" "--gc-sections" "CMakeFiles/hot_reload.dir/Debug/tools/hot_replace_probe/host.c.o" "CMakeFiles/hot_reload.dir/Debug/src/buster/lib/os.c.o" "CMakeFiles/hot_reload.dir/Debug/src/buster/lib/arena.c.o" "CMakeFiles/hot_reload.dir/Debug/src/buster/lib/integer.c.o" "CMakeFiles/hot_reload.dir/Debug/src/buster/lib/string.c.o" "CMakeFiles/hot_reload.dir/Debug/src/buster/lib/target.c.o" "CMakeFiles/hot_reload.dir/Debug/src/buster/lib/x86_64.c.o" "CMakeFiles/hot_reload.dir/Debug/src/buster/lib/hash.c.o" "CMakeFiles/hot_reload.dir/Debug/src/buster/lib/byte_writer.c.o" "CMakeFiles/hot_reload.dir/Debug/src/buster/lib/compiler/dwarf/dwarf.c.o" "CMakeFiles/hot_reload.dir/Debug/src/buster/lib/compiler/assembly/aarch64_encoding.c.o" "CMakeFiles/hot_reload.dir/Debug/src/buster/lib/compiler/assembly/x86_64_metadata.c.o" "CMakeFiles/hot_reload.dir/Debug/src/buster/lib/compiler/object/object.c.o" "CMakeFiles/hot_reload.dir/Debug/src/buster/lib/compiler/jit/jit.c.o" "-lm" "-ldl" "-lpthread" "-lgcc" "--as-needed" "-lgcc_s" "--no-as-needed" "-lc" "-lgcc" "--as-needed" "-lgcc_s" "--no-as-needed" "/usr/lib/gcc/x86_64-linux-gnu/15/crtendS.o" "/lib/x86_64-linux-gnu/crtn.o" --gc-sections --no-fork --icf=none --build-id=0x2645264526452645264526452645264526452645 --threads=1
125	cp 'build-wild-review/Debug/hot_reload' '/home/runner/work/_temp/wild-evaluation/evidence/hot-reload-debug-mold.elf' && stat -c 'bytes=%s' '/home/runner/work/_temp/wild-evaluation/evidence/hot-reload-debug-mold.elf' && sha256sum '/home/runner/work/_temp/wild-evaluation/evidence/hot-reload-debug-mold.elf' && size -A '/home/runner/work/_temp/wild-evaluation/evidence/hot-reload-debug-mold.elf' && readelf -W -h -l -S -d '/home/runner/work/_temp/wild-evaluation/evidence/hot-reload-debug-mold.elf'
126	llvm-dwarfdump --verify --error-display=summary '/home/runner/work/_temp/wild-evaluation/evidence/hot-reload-debug-mold.elf'
127	build-wild-review/Debug/hot_reload --self-test build-wild-review/Debug/ide
128	cmp 'build-wild-review/Debug/hot_reload' '/home/runner/work/_temp/wild-evaluation/evidence/hot-reload-debug-mold.elf'
129	cp 'build-wild-review/Debug/hot_reload' '/home/runner/work/_temp/wild-evaluation/evidence/hot-reload-debug-wild.elf' && stat -c 'bytes=%s' '/home/runner/work/_temp/wild-evaluation/evidence/hot-reload-debug-wild.elf' && sha256sum '/home/runner/work/_temp/wild-evaluation/evidence/hot-reload-debug-wild.elf' && size -A '/home/runner/work/_temp/wild-evaluation/evidence/hot-reload-debug-wild.elf' && readelf -W -h -l -S -d '/home/runner/work/_temp/wild-evaluation/evidence/hot-reload-debug-wild.elf'
130	llvm-dwarfdump --verify --error-display=summary '/home/runner/work/_temp/wild-evaluation/evidence/hot-reload-debug-wild.elf'
131	cmp 'build-wild-review/Debug/hot_reload' '/home/runner/work/_temp/wild-evaluation/evidence/hot-reload-debug-wild.elf'
132	sha256sum --check '/home/runner/work/_temp/wild-evaluation/evidence/hot-reload-debug-all-read-inputs.sha256'
133	cmake -B 'build-wild-review' -DCMAKE_LINKER_TYPE=WILD
134	'/home/runner/work/_temp/wild-evaluation/build-driver' build --build-directory 'build-wild-review' --config Debug -t ide
135	cmake --build 'build-wild-review' --config Debug --target clean
136	cmake -B 'build-wild-review' -DCMAKE_LINKER_TYPE=MOLD
137	git diff --exit-code -- src
138	'/home/runner/work/_temp/wild-evaluation/build-driver' generate --build-directory build-wild-regression --cc clang --linker WILD --include-tests --no-fuzz --sanitize --no-lto -- -DBUSTER_UNITY_BUILD=OFF -DCMAKE_EXE_LINKER_FLAGS=-Wl,--no-gc-sections,--icf=none,--build-id=0x2645264526452645264526452645264526452645
139	cmake -B build-wild-regression -DCMAKE_LINKER_TYPE=MOLD
140	'/home/runner/work/_temp/wild-evaluation/build-driver' build --build-directory build-wild-regression --config Debug -t ide
141	build-wild-regression/Debug/ide test --verbose=1 --module=debug_model_tests,dwarf_tests,object_tests,jit_tests,link_tests,compiler_driver_tests,compiler_driver_object_path_tests
142	cmake -B build-wild-regression -DCMAKE_LINKER_TYPE=WILD
143	sudo -n sh -c 'sync; echo 3 > /proc/sys/vm/drop_caches'
144	'/home/runner/work/_temp/wild-evaluation/build-driver' generate --build-directory build-wild-review-gcc --cc gcc --linker WILD --no-include-tests --no-fuzz --no-sanitize --no-lto
145	wild --buster-invalid-linker-option
146	clang --ld-path=/definitely/missing/wild '/home/runner/work/_temp/wild-evaluation/evidence/main.o' '/home/runner/work/_temp/wild-evaluation/evidence/libprobe.a' -o '/home/runner/work/_temp/wild-evaluation/evidence/missing-output'
147	cp '/home/runner/work/_temp/wild-primary-inputs/summary.csv' '/home/runner/work/_temp/wild-evaluation/evidence/original-summary.csv' && cp '/home/runner/work/_temp/wild-primary-inputs/raw.csv' '/home/runner/work/_temp/wild-evaluation/evidence/original-raw.csv'
