round,pair,order,variant,job,wall_seconds,user_seconds,system_seconds,peak_rss_bytes,cycles,instructions,branches,branch_misses,cache_references,cache_misses,arena_calls,arena_bytes,output_bytes,source_bytes,source_lines,source_functions,output_sha256,minor_faults,major_faults,voluntary_context_switches,involuntary_context_switches
0,0,0,1,1,0.01959716999772354,0.014924999999999999,0.0041329999999999995,24580096,NA,NA,NA,NA,NA,NA,NA,NA,2056,136,5,1,6b21b079ef6f8f7f055926600e53b906dd7be041e021dd2791b7aa8c55e24585,3647,0,1,1
0,0,1,0,1,0.020345065997389611,0.011332,0.0088830000000000003,24109056,NA,NA,NA,NA,NA,NA,NA,NA,2056,136,5,1,6b21b079ef6f8f7f055926600e53b906dd7be041e021dd2791b7aa8c55e24585,3640,0,1,1
0,0,0,1,11,0.019960875000833767,0.011762,0.0081019999999999998,25116672,NA,NA,NA,NA,NA,NA,NA,NA,14928,5066,257,64,9655be68483f45304d566dfb3dc63ba1458a5653029061a6b60617464768d366,3839,0,1,0
0,0,1,0,11,0.019011176998901647,0.011290999999999999,0.0076279999999999994,25280512,NA,NA,NA,NA,NA,NA,NA,NA,14928,5066,257,64,9655be68483f45304d566dfb3dc63ba1458a5653029061a6b60617464768d366,3847,0,1,0
0,0,0,0,21,0.039280157998291543,0.035309,0.0034449999999999997,29548544,NA,NA,NA,NA,NA,NA,NA,NA,277920,89118,2402,8,089ec4ce05f5e4d43e3e352375117ee462b31249b272f87015d01ad0429bd7f9,4906,0,1,1
0,0,1,1,21,0.035370398996747099,0.015321,0.019941,29970432,NA,NA,NA,NA,NA,NA,NA,NA,277920,89118,2402,8,089ec4ce05f5e4d43e3e352375117ee462b31249b272f87015d01ad0429bd7f9,4914,0,1,0
0,0,0,0,6,0.02411934200063115,0.018953999999999999,0.0048199999999999996,25206784,NA,NA,NA,NA,NA,NA,NA,NA,17504,6529,133,1,5e7e7625c8b52e7a71d9370c6c8ab5025ac2b81f4970efe917952ec17c538f1c,3855,0,1,1
0,0,1,1,6,0.022154223999677924,0.017273,0.0047739999999999996,26361856,NA,NA,NA,NA,NA,NA,NA,NA,17504,6529,133,1,5e7e7625c8b52e7a71d9370c6c8ab5025ac2b81f4970efe917952ec17c538f1c,3862,0,1,1
0,0,0,1,0,0.025450630000705132,0.014159,0.011193999999999999,24604672,NA,NA,NA,NA,NA,NA,NA,NA,2008,136,5,1,a8c1633e798ef980493443e67e6fdb6eada42f775edf7051d304d09c3ddadf5a,3656,0,1,0
0,0,1,0,0,0.018888262999098515,0.014183999999999999,0.0046029999999999995,24473600,NA,NA,NA,NA,NA,NA,NA,NA,2008,136,5,1,a8c1633e798ef980493443e67e6fdb6eada42f775edf7051d304d09c3ddadf5a,3665,0,1,1
0,0,0,1,9,0.024366978002944961,0.013554,0.01072,25505792,NA,NA,NA,NA,NA,NA,NA,NA,20048,5066,257,64,d8d78f7bb977c6f730c6b5cdfaa88bed294d141a9777385856f783cc112e0874,3840,0,1,0
0,0,1,0,9,0.026128831999812974,0.020323000000000001,0.0057149999999999996,25018368,NA,NA,NA,NA,NA,NA,NA,NA,20048,5066,257,64,d8d78f7bb977c6f730c6b5cdfaa88bed294d141a9777385856f783cc112e0874,3848,0,1,0
0,0,0,0,10,0.024602132998552406,0.01325,0.010815,25116672,NA,NA,NA,NA,NA,NA,NA,NA,14928,5066,257,64,9655be68483f45304d566dfb3dc63ba1458a5653029061a6b60617464768d366,3847,0,1,0
0,0,1,1,10,0.022744390997104347,0.014782999999999999,0.0078799999999999999,25116672,NA,NA,NA,NA,NA,NA,NA,NA,14928,5066,257,64,9655be68483f45304d566dfb3dc63ba1458a5653029061a6b60617464768d366,3854,0,1,0
0,0,0,0,4,0.020624224001949187,0.012485999999999999,0.0080229999999999989,25018368,NA,NA,NA,NA,NA,NA,NA,NA,22160,6529,133,1,3ac5102c6f2bc513eb86f2343729d5f51295afd9e738a690903fa32334fb4c28,3858,0,1,0
0,0,1,1,4,0.020996775001549395,0.010503999999999999,0.010390999999999999,26120192,NA,NA,NA,NA,NA,NA,NA,NA,22160,6529,133,1,3ac5102c6f2bc513eb86f2343729d5f51295afd9e738a690903fa32334fb4c28,3858,0,1,0
0,0,0,0,5,0.021180018997256411,0.012725,0.0083660000000000002,25088000,NA,NA,NA,NA,NA,NA,NA,NA,25888,6529,133,1,6cbbbbf695d9298d218c01af658d12c9a04646e608628360a5a03df9e71e6d9c,3858,0,1,0
0,0,1,1,5,0.021671096998034045,0.012907999999999999,0.0086629999999999988,25325568,NA,NA,NA,NA,NA,NA,NA,NA,25888,6529,133,1,6cbbbbf695d9298d218c01af658d12c9a04646e608628360a5a03df9e71e6d9c,3865,0,1,0
0,0,0,0,16,0.028704743999696802,0.016410000000000001,0.012171999999999999,27381760,NA,NA,NA,NA,NA,NA,NA,NA,136888,29499,417,8,af3bdbbd0003d101664215b713d407f2160931601787a4fad2f046110caa3e72,4332,0,1,4
0,0,1,1,16,0.029030197001702618,0.020639999999999999,0.008291999999999999,27369472,NA,NA,NA,NA,NA,NA,NA,NA,136888,29499,417,8,af3bdbbd0003d101664215b713d407f2160931601787a4fad2f046110caa3e72,4324,0,1,0
0,0,0,0,2,0.020482116000493988,0.012182999999999999,0.0082170000000000003,24567808,NA,NA,NA,NA,NA,NA,NA,NA,2008,136,5,1,8210b4f6eac12a20575e673437437e82cfff653da437ea17992a3aed56a99207,3641,0,1,0
0,0,1,1,2,0.026459389002411626,0.016098999999999999,0.010263999999999999,25309184,NA,NA,NA,NA,NA,NA,NA,NA,2008,136,5,1,8210b4f6eac12a20575e673437437e82cfff653da437ea17992a3aed56a99207,3645,0,1,1
0,0,0,0,12,0.023768463001033524,0.015695999999999998,0.0079139999999999992,25415680,NA,NA,NA,NA,NA,NA,NA,NA,40904,35142,517,1,5c836afd34e5659fc140fff27358a40506e741bf81aa02c58678151e3747eac9,3928,0,1,4
0,0,1,1,12,0.0226349679978739,0.014672999999999999,0.0078560000000000001,25714688,NA,NA,NA,NA,NA,NA,NA,NA,40904,35142,517,1,5c836afd34e5659fc140fff27358a40506e741bf81aa02c58678151e3747eac9,3931,0,1,0
0,0,0,1,3,0.021236716002022149,0.016788000000000001,0.0043449999999999999,24473600,NA,NA,NA,NA,NA,NA,NA,NA,2008,136,5,1,8210b4f6eac12a20575e673437437e82cfff653da437ea17992a3aed56a99207,3636,0,1,1
0,0,1,0,3,0.023053774002619321,0.022955,0,24633344,NA,NA,NA,NA,NA,NA,NA,NA,2008,136,5,1,8210b4f6eac12a20575e673437437e82cfff653da437ea17992a3aed56a99207,3643,0,1,0
0,0,0,1,20,0.045235235000291141,0.033160999999999996,0.011975,29196288,NA,NA,NA,NA,NA,NA,NA,NA,220064,89118,2402,8,9bed9a0bde0e198846d4983ba78bcd51e5e45d614941dd9bc544c1667832b5ea,4878,0,1,0
0,0,1,0,20,0.043839436002599541,0.031925000000000002,0.011795999999999999,29667328,NA,NA,NA,NA,NA,NA,NA,NA,220064,89118,2402,8,9bed9a0bde0e198846d4983ba78bcd51e5e45d614941dd9bc544c1667832b5ea,4874,0,1,0
0,0,0,0,15,0.020586430000548717,0.0083719999999999992,0.012123,25411584,NA,NA,NA,NA,NA,NA,NA,NA,32824,35142,517,1,5a24ee2382083ee5d5eb9b364e57818da3678644deec6a705c5878fcd40e5876,3887,0,1,0
0,0,1,1,15,0.020717947998491582,0.010388,0.0099399999999999992,25473024,NA,NA,NA,NA,NA,NA,NA,NA,32824,35142,517,1,5a24ee2382083ee5d5eb9b364e57818da3678644deec6a705c5878fcd40e5876,3882,0,1,1
0,0,0,0,17,0.026118301000678912,0.02146,0.0045119999999999995,27058176,NA,NA,NA,NA,NA,NA,NA,NA,127800,29499,417,8,cf7b13a857f01f4a14779c4cf8ec5e795ca6dd011a53f4345643bcaf3709f18a,4262,0,1,0
0,0,1,1,17,0.029907450003520353,0.025649999999999999,0.0037649999999999997,27189248,NA,NA,NA,NA,NA,NA,NA,NA,127800,29499,417,8,cf7b13a857f01f4a14779c4cf8ec5e795ca6dd011a53f4345643bcaf3709f18a,4247,0,1,0
0,0,0,0,8,0.024351527001272188,0.020316999999999998,0.0039350000000000001,25427968,NA,NA,NA,NA,NA,NA,NA,NA,13904,5066,257,64,f70f03940df99c8ce0b0b02082129e05360030bd32e6edc5877c0f69a31bb0a4,3915,0,1,0
0,0,1,1,8,0.020877880000625737,0.012584999999999999,0.0082030000000000002,25759744,NA,NA,NA,NA,NA,NA,NA,NA,13904,5066,257,64,f70f03940df99c8ce0b0b02082129e05360030bd32e6edc5877c0f69a31bb0a4,3923,0,1,0
0,0,0,0,7,0.020921383998938836,0.010402999999999999,0.010428,25260032,NA,NA,NA,NA,NA,NA,NA,NA,17504,6529,133,1,5e7e7625c8b52e7a71d9370c6c8ab5025ac2b81f4970efe917952ec17c538f1c,3860,0,1,0
0,0,1,1,7,0.024552036000386579,0.011675999999999999,0.012777999999999999,25313280,NA,NA,NA,NA,NA,NA,NA,NA,17504,6529,133,1,5e7e7625c8b52e7a71d9370c6c8ab5025ac2b81f4970efe917952ec17c538f1c,3874,0,1,1
0,0,0,1,18,0.026890630000707461,0.017822999999999999,0.0089699999999999988,28098560,NA,NA,NA,NA,NA,NA,NA,NA,94392,29499,417,8,ec97d55cded7bb1cbf8e12495905cb68073380af6a6370282abb8f233d21e857,4251,0,1,0
0,0,1,0,18,0.02341858200088609,0.0093530000000000002,0.013852999999999999,27009024,NA,NA,NA,NA,NA,NA,NA,NA,94392,29499,417,8,ec97d55cded7bb1cbf8e12495905cb68073380af6a6370282abb8f233d21e857,4249,0,1,0
0,0,0,0,22,0.033703932000207715,0.025099,0.0084650000000000003,29175808,NA,NA,NA,NA,NA,NA,NA,NA,180960,89118,2402,8,46606a158b66af8518456db0739cae64d8d2e5f9a80404e15ddbb91810d3af0d,4837,0,1,3
0,0,1,1,22,0.036860881999018602,0.025590999999999999,0.011176,29548544,NA,NA,NA,NA,NA,NA,NA,NA,180960,89118,2402,8,46606a158b66af8518456db0739cae64d8d2e5f9a80404e15ddbb91810d3af0d,4826,0,1,0
0,0,0,1,23,0.035946634998254012,0.035790999999999996,0,29966336,NA,NA,NA,NA,NA,NA,NA,NA,180960,89118,2402,8,46606a158b66af8518456db0739cae64d8d2e5f9a80404e15ddbb91810d3af0d,4909,0,1,6
0,0,1,0,23,0.039511669001512928,0.024260999999999998,0.01508,29564928,NA,NA,NA,NA,NA,NA,NA,NA,180960,89118,2402,8,46606a158b66af8518456db0739cae64d8d2e5f9a80404e15ddbb91810d3af0d,4898,0,1,0
0,0,0,0,19,0.032903978000831557,0.019778999999999998,0.013025999999999999,27164672,NA,NA,NA,NA,NA,NA,NA,NA,94392,29499,417,8,ec97d55cded7bb1cbf8e12495905cb68073380af6a6370282abb8f233d21e857,4254,0,1,0
0,0,1,1,19,0.023784005003108177,0.015713999999999999,0.0079639999999999989,27983872,NA,NA,NA,NA,NA,NA,NA,NA,94392,29499,417,8,ec97d55cded7bb1cbf8e12495905cb68073380af6a6370282abb8f233d21e857,4257,0,1,1
0,0,0,1,13,0.026208391002001008,0.015606,0.010487999999999999,25280512,NA,NA,NA,NA,NA,NA,NA,NA,41016,35142,517,1,662bf8c3f785828e59b2e955c5f9255272bd2640c5dd7e9c2804e24f24350bdf,3873,0,1,4
0,0,1,0,13,0.021013673002016731,0.010574999999999999,0.010338,25587712,NA,NA,NA,NA,NA,NA,NA,NA,41016,35142,517,1,662bf8c3f785828e59b2e955c5f9255272bd2640c5dd7e9c2804e24f24350bdf,3887,0,1,0
0,0,0,1,14,0.023450499000318814,0.011771,0.011566999999999999,25505792,NA,NA,NA,NA,NA,NA,NA,NA,32824,35142,517,1,5a24ee2382083ee5d5eb9b364e57818da3678644deec6a705c5878fcd40e5876,3888,0,1,3
0,0,1,0,14,0.028401980001945049,0.017943999999999998,0.010310999999999999,25292800,NA,NA,NA,NA,NA,NA,NA,NA,32824,35142,517,1,5a24ee2382083ee5d5eb9b364e57818da3678644deec6a705c5878fcd40e5876,3882,0,1,1
0,1,0,1,17,0.029693050997593673,0.01822,0.011297,28049408,NA,NA,NA,NA,NA,NA,NA,NA,127800,29499,417,8,cf7b13a857f01f4a14779c4cf8ec5e795ca6dd011a53f4345643bcaf3709f18a,4266,0,1,0
0,1,1,0,17,0.028567162997205742,0.014147,0.014282,27058176,NA,NA,NA,NA,NA,NA,NA,NA,127800,29499,417,8,cf7b13a857f01f4a14779c4cf8ec5e795ca6dd011a53f4345643bcaf3709f18a,4258,0,1,3
0,1,0,0,0,0.021177438000449911,0.012511999999999999,0.0085799999999999991,24293376,NA,NA,NA,NA,NA,NA,NA,NA,2008,136,5,1,a8c1633e798ef980493443e67e6fdb6eada42f775edf7051d304d09c3ddadf5a,3671,0,1,0
0,1,1,1,0,0.020068237001396483,0.0079319999999999998,0.012052999999999999,24760320,NA,NA,NA,NA,NA,NA,NA,NA,2008,136,5,1,a8c1633e798ef980493443e67e6fdb6eada42f775edf7051d304d09c3ddadf5a,3674,0,1,0
0,1,0,1,10,0.019091379999736091,0.011358999999999999,0.0075729999999999999,25300992,NA,NA,NA,NA,NA,NA,NA,NA,14928,5066,257,64,9655be68483f45304d566dfb3dc63ba1458a5653029061a6b60617464768d366,3838,0,1,0
0,1,1,0,10,0.019506312997691566,0.0077079999999999996,0.011686,25411584,NA,NA,NA,NA,NA,NA,NA,NA,14928,5066,257,64,9655be68483f45304d566dfb3dc63ba1458a5653029061a6b60617464768d366,3847,0,1,1
0,1,0,1,8,0.022835122999822488,0.015297,0.0074359999999999999,25403392,NA,NA,NA,NA,NA,NA,NA,NA,13904,5066,257,64,f70f03940df99c8ce0b0b02082129e05360030bd32e6edc5877c0f69a31bb0a4,3906,0,1,0
0,1,1,0,8,0.01938173199960147,0.0078370000000000002,0.011458999999999999,25546752,NA,NA,NA,NA,NA,NA,NA,NA,13904,5066,257,64,f70f03940df99c8ce0b0b02082129e05360030bd32e6edc5877c0f69a31bb0a4,3915,0,1,0
0,1,0,0,9,0.020274473001336446,0.011842,0.0083489999999999988,25153536,NA,NA,NA,NA,NA,NA,NA,NA,20048,5066,257,64,d8d78f7bb977c6f730c6b5cdfaa88bed294d141a9777385856f783cc112e0874,3849,0,1,0
0,1,1,1,9,0.020993006997741759,0.012615999999999999,0.0082769999999999996,25477120,NA,NA,NA,NA,NA,NA,NA,NA,20048,5066,257,64,d8d78f7bb977c6f730c6b5cdfaa88bed294d141a9777385856f783cc112e0874,3856,0,1,1
0,1,0,0,18,0.026684065000154078,0.019713999999999999,0.0068459999999999997,27058176,NA,NA,NA,NA,NA,NA,NA,NA,94392,29499,417,8,ec97d55cded7bb1cbf8e12495905cb68073380af6a6370282abb8f233d21e857,4248,0,1,3
0,1,1,1,18,0.035696646002179477,0.024496999999999998,0.011006,27156480,NA,NA,NA,NA,NA,NA,NA,NA,94392,29499,417,8,ec97d55cded7bb1cbf8e12495905cb68073380af6a6370282abb8f233d21e857,4238,0,1,1
0,1,0,0,11,0.020528164001007099,0.0081329999999999996,0.012293999999999999,25354240,NA,NA,NA,NA,NA,NA,NA,NA,14928,5066,257,64,9655be68483f45304d566dfb3dc63ba1458a5653029061a6b60617464768d366,3846,0,1,0
0,1,1,1,11,0.024445301998639479,0.015156999999999999,0.0091659999999999988,25305088,NA,NA,NA,NA,NA,NA,NA,NA,14928,5066,257,64,9655be68483f45304d566dfb3dc63ba1458a5653029061a6b60617464768d366,3854,0,1,3
0,1,0,1,12,0.022503275999042671,0.014723,0.0076779999999999999,25276416,NA,NA,NA,NA,NA,NA,NA,NA,40904,35142,517,1,5c836afd34e5659fc140fff27358a40506e741bf81aa02c58678151e3747eac9,3918,0,1,0
0,1,1,0,12,0.02323736299877055,0.011797,0.011314999999999999,25341952,NA,NA,NA,NA,NA,NA,NA,NA,40904,35142,517,1,5c836afd34e5659fc140fff27358a40506e741bf81aa02c58678151e3747eac9,3929,0,1,4
0,1,0,1,2,0.017872526001156075,0.013328,0.0044190000000000002,24784896,NA,NA,NA,NA,NA,NA,NA,NA,2008,136,5,1,8210b4f6eac12a20575e673437437e82cfff653da437ea17992a3aed56a99207,3635,0,1,0
0,1,1,0,2,0.016720124000130454,0.0099539999999999993,0.0066359999999999995,24346624,NA,NA,NA,NA,NA,NA,NA,NA,2008,136,5,1,8210b4f6eac12a20575e673437437e82cfff653da437ea17992a3aed56a99207,3638,0,1,3
0,1,0,0,20,0.04398345200024778,0.031944,0.011949,29663232,NA,NA,NA,NA,NA,NA,NA,NA,220064,89118,2402,8,9bed9a0bde0e198846d4983ba78bcd51e5e45d614941dd9bc544c1667832b5ea,4872,0,1,0
0,1,1,1,20,0.043052452001575148,0.031150999999999998,0.011776,29745152,NA,NA,NA,NA,NA,NA,NA,NA,220064,89118,2402,8,9bed9a0bde0e198846d4983ba78bcd51e5e45d614941dd9bc544c1667832b5ea,4864,0,1,4
0,1,0,1,15,0.022436986000684556,0.007358,0.014957999999999999,25276416,NA,NA,NA,NA,NA,NA,NA,NA,32824,35142,517,1,5a24ee2382083ee5d5eb9b364e57818da3678644deec6a705c5878fcd40e5876,3878,0,1,0
0,1,1,0,15,0.020437559000129113,0.0078239999999999994,0.011176999999999999,25288704,NA,NA,NA,NA,NA,NA,NA,NA,32824,35142,517,1,5a24ee2382083ee5d5eb9b364e57818da3678644deec6a705c5878fcd40e5876,3884,0,0,2
0,1,0,1,6,0.023084265001671156,0.008012,0.014926999999999999,26198016,NA,NA,NA,NA,NA,NA,NA,NA,17504,6529,133,1,5e7e7625c8b52e7a71d9370c6c8ab5025ac2b81f4970efe917952ec17c538f1c,3861,0,1,0
0,1,1,0,6,0.020642734998546075,0.012768999999999999,0.0077749999999999998,25128960,NA,NA,NA,NA,NA,NA,NA,NA,17504,6529,133,1,5e7e7625c8b52e7a71d9370c6c8ab5025ac2b81f4970efe917952ec17c538f1c,3858,0,1,2
0,1,0,0,1,0.016998790000798181,0.012775,0.0041159999999999999,24342528,NA,NA,NA,NA,NA,NA,NA,NA,2056,136,5,1,6b21b079ef6f8f7f055926600e53b906dd7be041e021dd2791b7aa8c55e24585,3644,0,1,1
0,1,1,1,1,0.019075729000178399,0.0076539999999999993,0.011349999999999999,24489984,NA,NA,NA,NA,NA,NA,NA,NA,2056,136,5,1,6b21b079ef6f8f7f055926600e53b906dd7be041e021dd2791b7aa8c55e24585,3631,0,1,0
0,1,0,0,3,0.018306404999748338,0.0072709999999999997,0.010929999999999999,24633344,NA,NA,NA,NA,NA,NA,NA,NA,2008,136,5,1,8210b4f6eac12a20575e673437437e82cfff653da437ea17992a3aed56a99207,3643,0,1,1
0,1,1,1,3,0.021192520998738473,0.012265,0.0083459999999999993,24494080,NA,NA,NA,NA,NA,NA,NA,NA,2008,136,5,1,8210b4f6eac12a20575e673437437e82cfff653da437ea17992a3aed56a99207,3635,0,1,1
0,1,0,1,21,0.036507979002635693,0.032313999999999996,0.0040999999999999995,30838784,NA,NA,NA,NA,NA,NA,NA,NA,277920,89118,2402,8,089ec4ce05f5e4d43e3e352375117ee462b31249b272f87015d01ad0429bd7f9,4914,0,1,0
0,1,1,0,21,0.034748425998259336,0.021266999999999998,0.013365999999999999,29818880,NA,NA,NA,NA,NA,NA,NA,NA,277920,89118,2402,8,089ec4ce05f5e4d43e3e352375117ee462b31249b272f87015d01ad0429bd7f9,4907,0,1,0
0,1,0,1,16,0.032053913000709144,0.020041,0.011923,28291072,NA,NA,NA,NA,NA,NA,NA,NA,136888,29499,417,8,af3bdbbd0003d101664215b713d407f2160931601787a4fad2f046110caa3e72,4333,0,1,0
0,1,1,0,16,0.029454400999384234,0.017186,0.012145999999999999,26976256,NA,NA,NA,NA,NA,NA,NA,NA,136888,29499,417,8,af3bdbbd0003d101664215b713d407f2160931601787a4fad2f046110caa3e72,4330,0,1,3
0,1,0,0,13,0.022892083001352148,0.0093270000000000002,0.010978,25292800,NA,NA,NA,NA,NA,NA,NA,NA,41016,35142,517,1,662bf8c3f785828e59b2e955c5f9255272bd2640c5dd7e9c2804e24f24350bdf,3887,0,0,0
0,1,1,1,13,0.020707525000034366,0.007925999999999999,0.012678,25669632,NA,NA,NA,NA,NA,NA,NA,NA,41016,35142,517,1,662bf8c3f785828e59b2e955c5f9255272bd2640c5dd7e9c2804e24f24350bdf,3898,0,1,1
0,1,0,0,23,0.039327881000644993,0.034654999999999998,0.0045259999999999996,29458432,NA,NA,NA,NA,NA,NA,NA,NA,180960,89118,2402,8,46606a158b66af8518456db0739cae64d8d2e5f9a80404e15ddbb91810d3af0d,4902,0,1,3
0,1,1,1,23,0.044330253000225639,0.034762999999999995,0.0084969999999999993,30007296,NA,NA,NA,NA,NA,NA,NA,NA,180960,89118,2402,8,46606a158b66af8518456db0739cae64d8d2e5f9a80404e15ddbb91810d3af0d,4911,0,1,9
0,1,0,0,14,0.020871050001005642,0.020750999999999999,0,25313280,NA,NA,NA,NA,NA,NA,NA,NA,32824,35142,517,1,5a24ee2382083ee5d5eb9b364e57818da3678644deec6a705c5878fcd40e5876,3879,0,1,0
0,1,1,1,14,0.022877154999150662,0.019039999999999998,0.0037309999999999999,25505792,NA,NA,NA,NA,NA,NA,NA,NA,32824,35142,517,1,5a24ee2382083ee5d5eb9b364e57818da3678644deec6a705c5878fcd40e5876,3872,0,1,3
0,1,0,1,7,0.02015311200011638,0.012012999999999999,0.0080350000000000005,25313280,NA,NA,NA,NA,NA,NA,NA,NA,17504,6529,133,1,5e7e7625c8b52e7a71d9370c6c8ab5025ac2b81f4970efe917952ec17c538f1c,3871,0,1,0
0,1,1,0,7,0.025041938002686948,0.015834999999999998,0.0091059999999999995,25460736,NA,NA,NA,NA,NA,NA,NA,NA,17504,6529,133,1,5e7e7625c8b52e7a71d9370c6c8ab5025ac2b81f4970efe917952ec17c538f1c,3864,0,1,0
0,1,0,1,5,0.026636443002644228,0.019007,0.0075199999999999998,25358336,NA,NA,NA,NA,NA,NA,NA,NA,25888,6529,133,1,6cbbbbf695d9298d218c01af658d12c9a04646e608628360a5a03df9e71e6d9c,3847,0,1,1
0,1,1,0,5,0.025284333998570219,0.013866999999999999,0.01081,25251840,NA,NA,NA,NA,NA,NA,NA,NA,25888,6529,133,1,6cbbbbf695d9298d218c01af658d12c9a04646e608628360a5a03df9e71e6d9c,3860,0,1,4
0,1,0,1,4,0.022534996998729184,0.017856999999999998,0.0045829999999999994,25370624,NA,NA,NA,NA,NA,NA,NA,NA,22160,6529,133,1,3ac5102c6f2bc513eb86f2343729d5f51295afd9e738a690903fa32334fb4c28,3850,0,1,0
0,1,1,0,4,0.023173821002274053,0.019022999999999998,0.0040470000000000002,25264128,NA,NA,NA,NA,NA,NA,NA,NA,22160,6529,133,1,3ac5102c6f2bc513eb86f2343729d5f51295afd9e738a690903fa32334fb4c28,3858,0,1,1
0,1,0,1,22,0.033835202997579472,0.022511999999999997,0.011219999999999999,29573120,NA,NA,NA,NA,NA,NA,NA,NA,180960,89118,2402,8,46606a158b66af8518456db0739cae64d8d2e5f9a80404e15ddbb91810d3af0d,4826,0,1,1
0,1,1,0,22,0.035456796998914797,0.027434999999999998,0.0079360000000000003,29286400,NA,NA,NA,NA,NA,NA,NA,NA,180960,89118,2402,8,46606a158b66af8518456db0739cae64d8d2e5f9a80404e15ddbb91810d3af0d,4835,0,1,0
0,1,0,1,19,0.024516409997886512,0.012289999999999999,0.01213,26988544,NA,NA,NA,NA,NA,NA,NA,NA,94392,29499,417,8,ec97d55cded7bb1cbf8e12495905cb68073380af6a6370282abb8f233d21e857,4240,0,1,0
0,1,1,0,19,0.023854797000240069,0.016014,0.0077129999999999994,27127808,NA,NA,NA,NA,NA,NA,NA,NA,94392,29499,417,8,ec97d55cded7bb1cbf8e12495905cb68073380af6a6370282abb8f233d21e857,4254,0,1,1
0,2,0,1,17,0.030159588000969961,0.021793999999999997,0.008258999999999999,28139520,NA,NA,NA,NA,NA,NA,NA,NA,127800,29499,417,8,cf7b13a857f01f4a14779c4cf8ec5e795ca6dd011a53f4345643bcaf3709f18a,4265,0,1,1
0,2,1,0,17,0.036078786000871332,0.023418999999999999,0.012565999999999999,26882048,NA,NA,NA,NA,NA,NA,NA,NA,127800,29499,417,8,cf7b13a857f01f4a14779c4cf8ec5e795ca6dd011a53f4345643bcaf3709f18a,4259,0,1,0
0,2,0,1,10,0.019918882000638405,0.015893000000000001,0.0039169999999999995,26443776,NA,NA,NA,NA,NA,NA,NA,NA,14928,5066,257,64,9655be68483f45304d566dfb3dc63ba1458a5653029061a6b60617464768d366,3855,0,1,0
0,2,1,0,10,0.019214551997720264,0.011445,0.0076169999999999996,25214976,NA,NA,NA,NA,NA,NA,NA,NA,14928,5066,257,64,9655be68483f45304d566dfb3dc63ba1458a5653029061a6b60617464768d366,3851,0,1,1
0,2,0,1,21,0.038029542000003858,0.026664,0.011266999999999999,29523968,NA,NA,NA,NA,NA,NA,NA,NA,277920,89118,2402,8,089ec4ce05f5e4d43e3e352375117ee462b31249b272f87015d01ad0429bd7f9,4900,0,1,0
0,2,1,0,21,0.034190285001386655,0.022650999999999998,0.011431999999999999,29544448,NA,NA,NA,NA,NA,NA,NA,NA,277920,89118,2402,8,089ec4ce05f5e4d43e3e352375117ee462b31249b272f87015d01ad0429bd7f9,4905,0,0,0
0,2,0,1,6,0.01998243299749447,0.011805,0.008064,25387008,NA,NA,NA,NA,NA,NA,NA,NA,17504,6529,133,1,5e7e7625c8b52e7a71d9370c6c8ab5025ac2b81f4970efe917952ec17c538f1c,3847,0,1,0
0,2,1,0,6,0.022460183001385303,0.01099,0.011387,25223168,NA,NA,NA,NA,NA,NA,NA,NA,17504,6529,133,1,5e7e7625c8b52e7a71d9370c6c8ab5025ac2b81f4970efe917952ec17c538f1c,3855,0,1,0
0,2,0,0,12,0.020700171997305006,0.020614999999999998,0,25649152,NA,NA,NA,NA,NA,NA,NA,NA,40904,35142,517,1,5c836afd34e5659fc140fff27358a40506e741bf81aa02c58678151e3747eac9,3926,0,1,0
0,2,1,1,12,0.024590785000327742,0.016444,0.0080599999999999995,25440256,NA,NA,NA,NA,NA,NA,NA,NA,40904,35142,517,1,5c836afd34e5659fc140fff27358a40506e741bf81aa02c58678151e3747eac9,3919,0,1,0
0,2,0,0,8,0.019835030001559062,0.019733999999999998,0,25739264,NA,NA,NA,NA,NA,NA,NA,NA,13904,5066,257,64,f70f03940df99c8ce0b0b02082129e05360030bd32e6edc5877c0f69a31bb0a4,3918,0,1,0
0,2,1,1,8,0.023255324002093403,0.011434999999999999,0.011719,26566656,NA,NA,NA,NA,NA,NA,NA,NA,13904,5066,257,64,f70f03940df99c8ce0b0b02082129e05360030bd32e6edc5877c0f69a31bb0a4,3920,0,1,0
0,2,0,1,22,0.040816323002218269,0.036006999999999997,0.0047000000000000002,29605888,NA,NA,NA,NA,NA,NA,NA,NA,180960,89118,2402,8,46606a158b66af8518456db0739cae64d8d2e5f9a80404e15ddbb91810d3af0d,4829,0,1,1
0,2,1,0,22,0.034164273998612771,0.029814,0.0042490000000000002,29253632,NA,NA,NA,NA,NA,NA,NA,NA,180960,89118,2402,8,46606a158b66af8518456db0739cae64d8d2e5f9a80404e15ddbb91810d3af0d,4840,0,0,1
0,2,0,1,0,0.019004821999260457,0.0074649999999999994,0.011417999999999999,24420352,NA,NA,NA,NA,NA,NA,NA,NA,2008,136,5,1,a8c1633e798ef980493443e67e6fdb6eada42f775edf7051d304d09c3ddadf5a,3673,0,1,2
0,2,1,0,0,0.022701564001181396,0.012492999999999999,0.0083229999999999988,24342528,NA,NA,NA,NA,NA,NA,NA,NA,2008,136,5,1,a8c1633e798ef980493443e67e6fdb6eada42f775edf7051d304d09c3ddadf5a,3668,0,2,0
0,2,0,0,9,0.019060995997278951,0.011259,0.0076920000000000001,25104384,NA,NA,NA,NA,NA,NA,NA,NA,20048,5066,257,64,d8d78f7bb977c6f730c6b5cdfaa88bed294d141a9777385856f783cc112e0874,3849,0,1,2
0,2,1,1,9,0.020312284999818075,0.016272999999999999,0.0039429999999999995,25427968,NA,NA,NA,NA,NA,NA,NA,NA,20048,5066,257,64,d8d78f7bb977c6f730c6b5cdfaa88bed294d141a9777385856f783cc112e0874,3841,0,1,0
0,2,0,0,15,0.020604277000529692,0.020514999999999999,0,25419776,NA,NA,NA,NA,NA,NA,NA,NA,32824,35142,517,1,5a24ee2382083ee5d5eb9b364e57818da3678644deec6a705c5878fcd40e5876,3889,0,1,0
0,2,1,1,15,0.02183158199841273,0.0075439999999999995,0.014182999999999999,25337856,NA,NA,NA,NA,NA,NA,NA,NA,32824,35142,517,1,5a24ee2382083ee5d5eb9b364e57818da3678644deec6a705c5878fcd40e5876,3881,0,1,1
0,2,0,0,2,0.021662850002030609,0.013148999999999999,0.0083210000000000003,24227840,NA,NA,NA,NA,NA,NA,NA,NA,2008,136,5,1,8210b4f6eac12a20575e673437437e82cfff653da437ea17992a3aed56a99207,3643,0,1,0
0,2,1,1,2,0.022577292998903431,0.015337999999999999,0.0071219999999999999,25288704,NA,NA,NA,NA,NA,NA,NA,NA,2008,136,5,1,8210b4f6eac12a20575e673437437e82cfff653da437ea17992a3aed56a99207,3646,0,1,3
0,2,0,0,18,0.024718565997318365,0.020548,0.0040809999999999996,27213824,NA,NA,NA,NA,NA,NA,NA,NA,94392,29499,417,8,ec97d55cded7bb1cbf8e12495905cb68073380af6a6370282abb8f233d21e857,4248,0,1,0
0,2,1,1,18,0.02447199800008093,0.016310999999999999,0.0080719999999999993,26963968,NA,NA,NA,NA,NA,NA,NA,NA,94392,29499,417,8,ec97d55cded7bb1cbf8e12495905cb68073380af6a6370282abb8f233d21e857,4236,0,1,0
0,2,0,1,19,0.026293969000107609,0.016688999999999999,0.0094719999999999995,26898432,NA,NA,NA,NA,NA,NA,NA,NA,94392,29499,417,8,ec97d55cded7bb1cbf8e12495905cb68073380af6a6370282abb8f233d21e857,4242,0,1,3
0,2,1,0,19,0.024223839998740004,0.019941,0.0041770000000000002,27185152,NA,NA,NA,NA,NA,NA,NA,NA,94392,29499,417,8,ec97d55cded7bb1cbf8e12495905cb68073380af6a6370282abb8f233d21e857,4254,0,1,0
0,2,0,0,5,0.022478191000118386,0.014941999999999999,0.0074489999999999999,25133056,NA,NA,NA,NA,NA,NA,NA,NA,25888,6529,133,1,6cbbbbf695d9298d218c01af658d12c9a04646e608628360a5a03df9e71e6d9c,3858,0,1,0
0,2,1,1,5,0.026531094998063054,0.012629,0.013805999999999999,25337856,NA,NA,NA,NA,NA,NA,NA,NA,25888,6529,133,1,6cbbbbf695d9298d218c01af658d12c9a04646e608628360a5a03df9e71e6d9c,3865,0,1,0
0,2,0,1,20,0.047909216998959891,0.031675999999999996,0.016122999999999998,29630464,NA,NA,NA,NA,NA,NA,NA,NA,220064,89118,2402,8,9bed9a0bde0e198846d4983ba78bcd51e5e45d614941dd9bc544c1667832b5ea,4864,0,1,0
0,2,1,0,20,0.065685820001817774,0.053488999999999995,0.011783999999999999,29425664,NA,NA,NA,NA,NA,NA,NA,NA,220064,89118,2402,8,9bed9a0bde0e198846d4983ba78bcd51e5e45d614941dd9bc544c1667832b5ea,4874,0,1,3
0,2,0,0,14,0.022370587001205422,0.017562999999999999,0.0047029999999999997,25415680,NA,NA,NA,NA,NA,NA,NA,NA,32824,35142,517,1,5a24ee2382083ee5d5eb9b364e57818da3678644deec6a705c5878fcd40e5876,3877,0,0,0
0,2,1,1,14,0.02025547999801347,0.008071,0.012062,25276416,NA,NA,NA,NA,NA,NA,NA,NA,32824,35142,517,1,5a24ee2382083ee5d5eb9b364e57818da3678644deec6a705c5878fcd40e5876,3874,0,1,1
0,2,0,1,3,0.019818072996713454,0.015592,0.0041529999999999996,25341952,NA,NA,NA,NA,NA,NA,NA,NA,2008,136,5,1,8210b4f6eac12a20575e673437437e82cfff653da437ea17992a3aed56a99207,3648,0,1,0
0,2,1,0,3,0.019533790000423323,0.0077119999999999992,0.011738999999999999,24313856,NA,NA,NA,NA,NA,NA,NA,NA,2008,136,5,1,8210b4f6eac12a20575e673437437e82cfff653da437ea17992a3aed56a99207,3642,0,1,0
0,2,0,0,7,0.021272871999826748,0.016944999999999998,0.0042209999999999999,25247744,NA,NA,NA,NA,NA,NA,NA,NA,17504,6529,133,1,5e7e7625c8b52e7a71d9370c6c8ab5025ac2b81f4970efe917952ec17c538f1c,3863,0,1,1
0,2,1,1,7,0.019999935997475404,0.011916999999999999,0.0079719999999999999,25411584,NA,NA,NA,NA,NA,NA,NA,NA,17504,6529,133,1,5e7e7625c8b52e7a71d9370c6c8ab5025ac2b81f4970efe917952ec17c538f1c,3871,0,1,0
0,2,0,1,13,0.020195286997477524,0.020109999999999999,0,25432064,NA,NA,NA,NA,NA,NA,NA,NA,41016,35142,517,1,662bf8c3f785828e59b2e955c5f9255272bd2640c5dd7e9c2804e24f24350bdf,3879,0,1,0
0,2,1,0,13,0.019468221998977242,0.015505999999999999,0.0038739999999999998,25407488,NA,NA,NA,NA,NA,NA,NA,NA,41016,35142,517,1,662bf8c3f785828e59b2e955c5f9255272bd2640c5dd7e9c2804e24f24350bdf,3888,0,1,0
0,2,0,1,23,0.039035404999594903,0.030622999999999997,0.0082789999999999999,30629888,NA,NA,NA,NA,NA,NA,NA,NA,180960,89118,2402,8,46606a158b66af8518456db0739cae64d8d2e5f9a80404e15ddbb91810d3af0d,4901,0,1,2
0,2,1,0,23,0.044009216002450557,0.035215999999999997,0.0086420000000000004,29499392,NA,NA,NA,NA,NA,NA,NA,NA,180960,89118,2402,8,46606a158b66af8518456db0739cae64d8d2e5f9a80404e15ddbb91810d3af0d,4900,0,1,1
0,2,0,0,16,0.030879186000674963,0.026591,0.0041869999999999997,27017216,NA,NA,NA,NA,NA,NA,NA,NA,136888,29499,417,8,af3bdbbd0003d101664215b713d407f2160931601787a4fad2f046110caa3e72,4329,0,1,0
0,2,1,1,16,0.031282504001865163,0.019214999999999999,0.011961999999999999,27484160,NA,NA,NA,NA,NA,NA,NA,NA,136888,29499,417,8,af3bdbbd0003d101664215b713d407f2160931601787a4fad2f046110caa3e72,4338,0,1,0
0,2,0,1,1,0.017603443000552943,0.0097359999999999999,0.0063249999999999999,25178112,NA,NA,NA,NA,NA,NA,NA,NA,2056,136,5,1,6b21b079ef6f8f7f055926600e53b906dd7be041e021dd2791b7aa8c55e24585,3645,0,0,1
0,2,1,0,1,0.019674021998071112,0.015602,0.003986,24199168,NA,NA,NA,NA,NA,NA,NA,NA,2056,136,5,1,6b21b079ef6f8f7f055926600e53b906dd7be041e021dd2791b7aa8c55e24585,3643,0,1,0
0,2,0,1,11,0.019486979999783216,0.011583999999999999,0.0076179999999999998,26378240,NA,NA,NA,NA,NA,NA,NA,NA,14928,5066,257,64,9655be68483f45304d566dfb3dc63ba1458a5653029061a6b60617464768d366,3848,0,1,2
0,2,1,0,11,0.023485461002564989,0.0075289999999999992,0.015831999999999999,25423872,NA,NA,NA,NA,NA,NA,NA,NA,14928,5066,257,64,9655be68483f45304d566dfb3dc63ba1458a5653029061a6b60617464768d366,3848,0,1,0
0,2,0,1,4,0.022568470998521661,0.018127000000000001,0.0043499999999999997,25264128,NA,NA,NA,NA,NA,NA,NA,NA,22160,6529,133,1,3ac5102c6f2bc513eb86f2343729d5f51295afd9e738a690903fa32334fb4c28,3865,0,1,0
0,2,1,0,4,0.023331008000241127,0.011325,0.011915,25231360,NA,NA,NA,NA,NA,NA,NA,NA,22160,6529,133,1,3ac5102c6f2bc513eb86f2343729d5f51295afd9e738a690903fa32334fb4c28,3859,0,1,0
0,3,0,0,17,0.025833288000285393,0.022419999999999999,0.0032949999999999998,26746880,NA,NA,NA,NA,NA,NA,NA,NA,127800,29499,417,8,cf7b13a857f01f4a14779c4cf8ec5e795ca6dd011a53f4345643bcaf3709f18a,4258,0,1,1
0,3,1,1,17,0.029768805998173775,0.017079999999999998,0.012565999999999999,27140096,NA,NA,NA,NA,NA,NA,NA,NA,127800,29499,417,8,cf7b13a857f01f4a14779c4cf8ec5e795ca6dd011a53f4345643bcaf3709f18a,4248,0,1,0
0,3,0,0,21,0.04123462300049141,0.033003999999999999,0.0080660000000000003,29503488,NA,NA,NA,NA,NA,NA,NA,NA,277920,89118,2402,8,089ec4ce05f5e4d43e3e352375117ee462b31249b272f87015d01ad0429bd7f9,4908,0,1,2
0,3,1,1,21,0.037116777999472106,0.025731,0.01129,29835264,NA,NA,NA,NA,NA,NA,NA,NA,277920,89118,2402,8,089ec4ce05f5e4d43e3e352375117ee462b31249b272f87015d01ad0429bd7f9,4899,0,1,0
0,3,0,1,7,0.023642399999516783,0.019972999999999998,0.0035719999999999997,25206784,NA,NA,NA,NA,NA,NA,NA,NA,17504,6529,133,1,5e7e7625c8b52e7a71d9370c6c8ab5025ac2b81f4970efe917952ec17c538f1c,3871,0,1,0
0,3,1,0,7,0.021617587000946514,0.0090099999999999989,0.012506,25239552,NA,NA,NA,NA,NA,NA,NA,NA,17504,6529,133,1,5e7e7625c8b52e7a71d9370c6c8ab5025ac2b81f4970efe917952ec17c538f1c,3864,0,1,0
0,3,0,0,1,0.018744373999652453,0.0096159999999999995,0.0090019999999999996,24211456,NA,NA,NA,NA,NA,NA,NA,NA,2056,136,5,1,6b21b079ef6f8f7f055926600e53b906dd7be041e021dd2791b7aa8c55e24585,3638,0,1,1
0,3,1,1,1,0.019683780999912415,0.019592999999999999,0,24494080,NA,NA,NA,NA,NA,NA,NA,NA,2056,136,5,1,6b21b079ef6f8f7f055926600e53b906dd7be041e021dd2791b7aa8c55e24585,3648,0,1,0
0,3,0,0,23,0.040951568000309635,0.032194,0.0086269999999999993,29773824,NA,NA,NA,NA,NA,NA,NA,NA,180960,89118,2402,8,46606a158b66af8518456db0739cae64d8d2e5f9a80404e15ddbb91810d3af0d,4904,0,1,0
0,3,1,1,23,0.039103287999751046,0.030188999999999997,0.0088059999999999996,30027776,NA,NA,NA,NA,NA,NA,NA,NA,180960,89118,2402,8,46606a158b66af8518456db0739cae64d8d2e5f9a80404e15ddbb91810d3af0d,4910,0,1,0
0,3,0,1,5,0.019815359999483917,0.011295999999999999,0.0076790000000000001,25280512,NA,NA,NA,NA,NA,NA,NA,NA,25888,6529,133,1,6cbbbbf695d9298d218c01af658d12c9a04646e608628360a5a03df9e71e6d9c,3856,0,0,0
0,3,1,0,5,0.020003104997158516,0.015879000000000001,0.0040229999999999997,25280512,NA,NA,NA,NA,NA,NA,NA,NA,25888,6529,133,1,6cbbbbf695d9298d218c01af658d12c9a04646e608628360a5a03df9e71e6d9c,3858,0,1,0
0,3,0,1,16,0.030298818001028849,0.021569999999999999,0.0086199999999999992,27250688,NA,NA,NA,NA,NA,NA,NA,NA,136888,29499,417,8,af3bdbbd0003d101664215b713d407f2160931601787a4fad2f046110caa3e72,4316,0,1,0
0,3,1,0,16,0.03049345399995218,0.030394999999999998,0,27131904,NA,NA,NA,NA,NA,NA,NA,NA,136888,29499,417,8,af3bdbbd0003d101664215b713d407f2160931601787a4fad2f046110caa3e72,4334,0,1,0
0,3,0,0,3,0.019830867000564467,0.012244,0.0074919999999999995,24408064,NA,NA,NA,NA,NA,NA,NA,NA,2008,136,5,1,8210b4f6eac12a20575e673437437e82cfff653da437ea17992a3aed56a99207,3642,0,1,0
0,3,1,1,3,0.028177586002129829,0.018030000000000001,0.0099019999999999993,24784896,NA,NA,NA,NA,NA,NA,NA,NA,2008,136,5,1,8210b4f6eac12a20575e673437437e82cfff653da437ea17992a3aed56a99207,3634,0,1,0
0,3,0,0,10,0.021029179999459302,0.012149999999999999,0.0087779999999999993,25092096,NA,NA,NA,NA,NA,NA,NA,NA,14928,5066,257,64,9655be68483f45304d566dfb3dc63ba1458a5653029061a6b60617464768d366,3849,0,1,0
0,3,1,1,10,0.020973231999960262,0.016563999999999999,0.0043210000000000002,25346048,NA,NA,NA,NA,NA,NA,NA,NA,14928,5066,257,64,9655be68483f45304d566dfb3dc63ba1458a5653029061a6b60617464768d366,3855,0,1,0
0,3,0,0,11,0.022030481002730085,0.011419,0.010496999999999999,25116672,NA,NA,NA,NA,NA,NA,NA,NA,14928,5066,257,64,9655be68483f45304d566dfb3dc63ba1458a5653029061a6b60617464768d366,3785,0,1,0
0,3,1,1,11,0.028029717002937105,0.016069,0.011769999999999999,26365952,NA,NA,NA,NA,NA,NA,NA,NA,14928,5066,257,64,9655be68483f45304d566dfb3dc63ba1458a5653029061a6b60617464768d366,3851,0,1,1
0,3,0,1,9,0.03029707200039411,0.018709999999999997,0.011431,25477120,NA,NA,NA,NA,NA,NA,NA,NA,20048,5066,257,64,d8d78f7bb977c6f730c6b5cdfaa88bed294d141a9777385856f783cc112e0874,3845,0,1,0
0,3,1,0,9,0.02154149700072594,0.010475,0.010362999999999999,25161728,NA,NA,NA,NA,NA,NA,NA,NA,20048,5066,257,64,d8d78f7bb977c6f730c6b5cdfaa88bed294d141a9777385856f783cc112e0874,3850,0,1,4
0,3,0,1,15,0.020984569000574993,0.016576,0.0042839999999999996,25612288,NA,NA,NA,NA,NA,NA,NA,NA,32824,35142,517,1,5a24ee2382083ee5d5eb9b364e57818da3678644deec6a705c5878fcd40e5876,3880,0,1,2
0,3,1,0,15,0.020688428001449211,0.016347999999999998,0.0042490000000000002,25620480,NA,NA,NA,NA,NA,NA,NA,NA,32824,35142,517,1,5a24ee2382083ee5d5eb9b364e57818da3678644deec6a705c5878fcd40e5876,3888,0,1,0
0,3,0,1,12,0.022107011998741655,0.011077,0.010924,25440256,NA,NA,NA,NA,NA,NA,NA,NA,40904,35142,517,1,5c836afd34e5659fc140fff27358a40506e741bf81aa02c58678151e3747eac9,3935,0,1,0
0,3,1,0,12,0.020869454001513077,0.016608999999999999,0.0041679999999999998,25366528,NA,NA,NA,NA,NA,NA,NA,NA,40904,35142,517,1,5c836afd34e5659fc140fff27358a40506e741bf81aa02c58678151e3747eac9,3927,0,1,0
0,3,0,1,2,0.018991916000231868,0.011217999999999999,0.0076909999999999999,24211456,NA,NA,NA,NA,NA,NA,NA,NA,2008,136,5,1,8210b4f6eac12a20575e673437437e82cfff653da437ea17992a3aed56a99207,3634,0,1,0
0,3,1,0,2,0.018420049000269501,0.014613999999999999,0.0037159999999999997,24514560,NA,NA,NA,NA,NA,NA,NA,NA,2008,136,5,1,8210b4f6eac12a20575e673437437e82cfff653da437ea17992a3aed56a99207,3642,0,1,0
0,3,0,1,14,0.020413883001310751,0.020317999999999999,0,25276416,NA,NA,NA,NA,NA,NA,NA,NA,32824,35142,517,1,5a24ee2382083ee5d5eb9b364e57818da3678644deec6a705c5878fcd40e5876,3866,0,1,0
0,3,1,0,14,0.021027435999712907,0.016376999999999999,0.0042329999999999998,25378816,NA,NA,NA,NA,NA,NA,NA,NA,32824,35142,517,1,5a24ee2382083ee5d5eb9b364e57818da3678644deec6a705c5878fcd40e5876,3881,0,1,0
0,3,0,0,0,0.02055233099963516,0.013058999999999999,0.0073739999999999995,24350720,NA,NA,NA,NA,NA,NA,NA,NA,2008,136,5,1,a8c1633e798ef980493443e67e6fdb6eada42f775edf7051d304d09c3ddadf5a,3667,0,1,1
0,3,1,1,0,0.02264335099971504,0.012643999999999999,0.0098789999999999989,24563712,NA,NA,NA,NA,NA,NA,NA,NA,2008,136,5,1,a8c1633e798ef980493443e67e6fdb6eada42f775edf7051d304d09c3ddadf5a,3672,0,1,0
0,3,0,0,20,0.050389544001518516,0.035906,0.014201,29421568,NA,NA,NA,NA,NA,NA,NA,NA,220064,89118,2402,8,9bed9a0bde0e198846d4983ba78bcd51e5e45d614941dd9bc544c1667832b5ea,4869,0,1,1
0,3,1,1,20,0.044138394001492998,0.035969999999999995,0.0080599999999999995,30490624,NA,NA,NA,NA,NA,NA,NA,NA,220064,89118,2402,8,9bed9a0bde0e198846d4983ba78bcd51e5e45d614941dd9bc544c1667832b5ea,4878,0,1,1
0,3,0,0,6,0.020468187998631038,0.0082509999999999997,0.012072999999999999,25214976,NA,NA,NA,NA,NA,NA,NA,NA,17504,6529,133,1,5e7e7625c8b52e7a71d9370c6c8ab5025ac2b81f4970efe917952ec17c538f1c,3855,0,1,1
0,3,1,1,6,0.02286630000162404,0.018057999999999998,0.004614,25358336,NA,NA,NA,NA,NA,NA,NA,NA,17504,6529,133,1,5e7e7625c8b52e7a71d9370c6c8ab5025ac2b81f4970efe917952ec17c538f1c,3843,0,1,1
0,3,0,0,4,0.023931200998049462,0.011611999999999999,0.012211999999999999,25358336,NA,NA,NA,NA,NA,NA,NA,NA,22160,6529,133,1,3ac5102c6f2bc513eb86f2343729d5f51295afd9e738a690903fa32334fb4c28,3857,0,1,0
0,3,1,1,4,0.021097323999129003,0.012501999999999999,0.00843,25051136,NA,NA,NA,NA,NA,NA,NA,NA,22160,6529,133,1,3ac5102c6f2bc513eb86f2343729d5f51295afd9e738a690903fa32334fb4c28,3865,0,1,0
0,3,0,1,8,0.022702775997458957,0.017506000000000001,0.0050790000000000002,25690112,NA,NA,NA,NA,NA,NA,NA,NA,13904,5066,257,64,f70f03940df99c8ce0b0b02082129e05360030bd32e6edc5877c0f69a31bb0a4,3923,0,1,0
0,3,1,0,8,0.021257698001136305,0.012662999999999999,0.0084969999999999993,25477120,NA,NA,NA,NA,NA,NA,NA,NA,13904,5066,257,64,f70f03940df99c8ce0b0b02082129e05360030bd32e6edc5877c0f69a31bb0a4,3914,0,1,0
0,3,0,0,19,0.027154708001035033,0.019230000000000001,0.0078259999999999996,27238400,NA,NA,NA,NA,NA,NA,NA,NA,94392,29499,417,8,ec97d55cded7bb1cbf8e12495905cb68073380af6a6370282abb8f233d21e857,4252,0,1,0
0,3,1,1,19,0.0286793929990381,0.020878999999999998,0.0076509999999999998,27049984,NA,NA,NA,NA,NA,NA,NA,NA,94392,29499,417,8,ec97d55cded7bb1cbf8e12495905cb68073380af6a6370282abb8f233d21e857,4255,0,1,1
0,3,0,1,18,0.027486346996738575,0.023701999999999997,0.0036939999999999998,27193344,NA,NA,NA,NA,NA,NA,NA,NA,94392,29499,417,8,ec97d55cded7bb1cbf8e12495905cb68073380af6a6370282abb8f233d21e857,4254,0,1,0
0,3,1,0,18,0.024419158999080537,0.016358999999999999,0.0079659999999999991,26996736,NA,NA,NA,NA,NA,NA,NA,NA,94392,29499,417,8,ec97d55cded7bb1cbf8e12495905cb68073380af6a6370282abb8f233d21e857,4247,0,1,0
0,3,0,0,13,0.021437769999465672,0.0082550000000000002,0.012588999999999999,25235456,NA,NA,NA,NA,NA,NA,NA,NA,41016,35142,517,1,662bf8c3f785828e59b2e955c5f9255272bd2640c5dd7e9c2804e24f24350bdf,3889,0,1,0
0,3,1,1,13,0.021481504998519085,0.017340999999999999,0.0040390000000000001,26382336,NA,NA,NA,NA,NA,NA,NA,NA,41016,35142,517,1,662bf8c3f785828e59b2e955c5f9255272bd2640c5dd7e9c2804e24f24350bdf,3892,0,1,0
0,3,0,0,22,0.035332049999851733,0.030761,0.0044619999999999998,29315072,NA,NA,NA,NA,NA,NA,NA,NA,180960,89118,2402,8,46606a158b66af8518456db0739cae64d8d2e5f9a80404e15ddbb91810d3af0d,4837,0,1,1
0,3,1,1,22,0.039366167999105528,0.035109000000000001,0.0041289999999999999,29458432,NA,NA,NA,NA,NA,NA,NA,NA,180960,89118,2402,8,46606a158b66af8518456db0739cae64d8d2e5f9a80404e15ddbb91810d3af0d,4848,0,1,1
0,4,0,1,13,0.01872930500030634,0.013909999999999999,0.0047039999999999998,25571328,NA,NA,NA,NA,NA,NA,NA,NA,41016,35142,517,1,662bf8c3f785828e59b2e955c5f9255272bd2640c5dd7e9c2804e24f24350bdf,3880,0,1,0
0,4,1,0,13,0.018645905998710077,0.014367999999999999,0.0041879999999999999,25358336,NA,NA,NA,NA,NA,NA,NA,NA,41016,35142,517,1,662bf8c3f785828e59b2e955c5f9255272bd2640c5dd7e9c2804e24f24350bdf,3886,0,1,0
0,4,0,1,23,0.04036936699776561,0.025003999999999998,0.015273999999999999,29908992,NA,NA,NA,NA,NA,NA,NA,NA,180960,89118,2402,8,46606a158b66af8518456db0739cae64d8d2e5f9a80404e15ddbb91810d3af0d,4892,0,1,0
0,4,1,0,23,0.036505813000985654,0.032122999999999999,0.0042839999999999996,29540352,NA,NA,NA,NA,NA,NA,NA,NA,180960,89118,2402,8,46606a158b66af8518456db0739cae64d8d2e5f9a80404e15ddbb91810d3af0d,4900,0,1,0
0,4,0,0,1,0.01984213800096768,0.011639999999999999,0.0080870000000000004,24297472,NA,NA,NA,NA,NA,NA,NA,NA,2056,136,5,1,6b21b079ef6f8f7f055926600e53b906dd7be041e021dd2791b7aa8c55e24585,3640,0,1,0
0,4,1,1,1,0.01941737299785018,0.019293999999999999,0,24428544,NA,NA,NA,NA,NA,NA,NA,NA,2056,136,5,1,6b21b079ef6f8f7f055926600e53b906dd7be041e021dd2791b7aa8c55e24585,3650,0,1,1
0,4,0,1,12,0.027257558002020232,0.014227,0.012898,26390528,NA,NA,NA,NA,NA,NA,NA,NA,40904,35142,517,1,5c836afd34e5659fc140fff27358a40506e741bf81aa02c58678151e3747eac9,3930,0,1,1
0,4,1,0,12,0.027885874998901272,0.016413000000000001,0.011375,25419776,NA,NA,NA,NA,NA,NA,NA,NA,40904,35142,517,1,5c836afd34e5659fc140fff27358a40506e741bf81aa02c58678151e3747eac9,3923,0,1,0
0,4,0,0,4,0.021594886002276326,0.017239000000000001,0.0042379999999999996,25358336,NA,NA,NA,NA,NA,NA,NA,NA,22160,6529,133,1,3ac5102c6f2bc513eb86f2343729d5f51295afd9e738a690903fa32334fb4c28,3857,0,1,0
0,4,1,1,4,0.024833604002196807,0.021248,0.0034889999999999999,25317376,NA,NA,NA,NA,NA,NA,NA,NA,22160,6529,133,1,3ac5102c6f2bc513eb86f2343729d5f51295afd9e738a690903fa32334fb4c28,3865,0,1,0
0,4,0,0,10,0.020144145000813296,0.020046999999999999,0,25198592,NA,NA,NA,NA,NA,NA,NA,NA,14928,5066,257,64,9655be68483f45304d566dfb3dc63ba1458a5653029061a6b60617464768d366,3847,0,1,0
0,4,1,1,10,0.027929272997425869,0.018436999999999999,0.0086079999999999993,25559040,NA,NA,NA,NA,NA,NA,NA,NA,14928,5066,257,64,9655be68483f45304d566dfb3dc63ba1458a5653029061a6b60617464768d366,3838,0,1,0
0,4,0,1,21,0.036564251000527292,0.028160999999999999,0.0080759999999999998,29777920,NA,NA,NA,NA,NA,NA,NA,NA,277920,89118,2402,8,089ec4ce05f5e4d43e3e352375117ee462b31249b272f87015d01ad0429bd7f9,4900,0,1,1
0,4,1,0,21,0.03689150799982599,0.024419,0.012381999999999999,29732864,NA,NA,NA,NA,NA,NA,NA,NA,277920,89118,2402,8,089ec4ce05f5e4d43e3e352375117ee462b31249b272f87015d01ad0429bd7f9,4908,0,1,0
0,4,0,1,20,0.043513258002349176,0.035353999999999997,0.0080439999999999991,29773824,NA,NA,NA,NA,NA,NA,NA,NA,220064,89118,2402,8,9bed9a0bde0e198846d4983ba78bcd51e5e45d614941dd9bc544c1667832b5ea,4860,0,1,0
0,4,1,0,20,0.043358910999813816,0.039216999999999995,0.0040089999999999995,29425664,NA,NA,NA,NA,NA,NA,NA,NA,220064,89118,2402,8,9bed9a0bde0e198846d4983ba78bcd51e5e45d614941dd9bc544c1667832b5ea,4874,0,1,1
0,4,0,1,3,0.02322336900033406,0.0089189999999999998,0.014187999999999999,25300992,NA,NA,NA,NA,NA,NA,NA,NA,2008,136,5,1,8210b4f6eac12a20575e673437437e82cfff653da437ea17992a3aed56a99207,3647,0,1,0
0,4,1,0,3,0.030296671997348312,0.019743,0.0086359999999999996,24412160,NA,NA,NA,NA,NA,NA,NA,NA,2008,136,5,1,8210b4f6eac12a20575e673437437e82cfff653da437ea17992a3aed56a99207,3640,0,0,0
0,4,0,1,6,0.023212699001305737,0.0075029999999999993,0.014560999999999999,25329664,NA,NA,NA,NA,NA,NA,NA,NA,17504,6529,133,1,5e7e7625c8b52e7a71d9370c6c8ab5025ac2b81f4970efe917952ec17c538f1c,3843,0,1,0
0,4,1,0,6,0.026054777998069767,0.014215,0.011729999999999999,25231360,NA,NA,NA,NA,NA,NA,NA,NA,17504,6529,133,1,5e7e7625c8b52e7a71d9370c6c8ab5025ac2b81f4970efe917952ec17c538f1c,3857,0,1,0
0,4,0,0,19,0.027766807997977594,0.019448999999999998,0.0082030000000000002,26869760,NA,NA,NA,NA,NA,NA,NA,NA,94392,29499,417,8,ec97d55cded7bb1cbf8e12495905cb68073380af6a6370282abb8f233d21e857,4247,0,1,0
0,4,1,1,19,0.025576911997632124,0.016996999999999998,0.008480999999999999,27082752,NA,NA,NA,NA,NA,NA,NA,NA,94392,29499,417,8,ec97d55cded7bb1cbf8e12495905cb68073380af6a6370282abb8f233d21e857,4261,0,1,0
0,4,0,1,7,0.025005244999192655,0.013625,0.011273,25358336,NA,NA,NA,NA,NA,NA,NA,NA,17504,6529,133,1,5e7e7625c8b52e7a71d9370c6c8ab5025ac2b81f4970efe917952ec17c538f1c,3854,0,1,0
0,4,1,0,7,0.021697563002817333,0.012683999999999999,0.0088970000000000004,25227264,NA,NA,NA,NA,NA,NA,NA,NA,17504,6529,133,1,5e7e7625c8b52e7a71d9370c6c8ab5025ac2b81f4970efe917952ec17c538f1c,3863,0,1,1
0,4,0,1,2,0.022703124999679858,0.019049999999999997,0.0035119999999999999,24473600,NA,NA,NA,NA,NA,NA,NA,NA,2008,136,5,1,8210b4f6eac12a20575e673437437e82cfff653da437ea17992a3aed56a99207,3634,0,1,1
0,4,1,0,2,0.018929521000245586,0.0075550000000000001,0.011283999999999999,24350720,NA,NA,NA,NA,NA,NA,NA,NA,2008,136,5,1,8210b4f6eac12a20575e673437437e82cfff653da437ea17992a3aed56a99207,3639,0,1,0
0,4,0,0,0,0.019258978001744254,0.0095040000000000003,0.0096569999999999989,24154112,NA,NA,NA,NA,NA,NA,NA,NA,2008,136,5,1,a8c1633e798ef980493443e67e6fdb6eada42f775edf7051d304d09c3ddadf5a,3666,0,1,0
0,4,1,1,0,0.020636080000258517,0.016153999999999998,0.0043739999999999994,24752128,NA,NA,NA,NA,NA,NA,NA,NA,2008,136,5,1,a8c1633e798ef980493443e67e6fdb6eada42f775edf7051d304d09c3ddadf5a,3673,0,1,0
0,4,0,0,15,0.022038122999219922,0.017493999999999999,0.0044129999999999994,25509888,NA,NA,NA,NA,NA,NA,NA,NA,32824,35142,517,1,5a24ee2382083ee5d5eb9b364e57818da3678644deec6a705c5878fcd40e5876,3888,0,1,0
0,4,1,1,15,0.03924304099928122,0.029014999999999999,0.010130999999999999,25522176,NA,NA,NA,NA,NA,NA,NA,NA,32824,35142,517,1,5a24ee2382083ee5d5eb9b364e57818da3678644deec6a705c5878fcd40e5876,3890,0,1,0
0,4,0,1,16,0.049527468996529933,0.038113000000000001,0.011304,27369472,NA,NA,NA,NA,NA,NA,NA,NA,136888,29499,417,8,af3bdbbd0003d101664215b713d407f2160931601787a4fad2f046110caa3e72,4321,0,1,0
0,4,1,0,16,0.046742956998059526,0.029026999999999997,0.017271999999999999,27136000,NA,NA,NA,NA,NA,NA,NA,NA,136888,29499,417,8,af3bdbbd0003d101664215b713d407f2160931601787a4fad2f046110caa3e72,4328,0,1,1
0,4,0,0,5,0.029768768999929307,0.020503,0.0091269999999999997,25034752,NA,NA,NA,NA,NA,NA,NA,NA,25888,6529,133,1,6cbbbbf695d9298d218c01af658d12c9a04646e608628360a5a03df9e71e6d9c,3860,0,1,1
0,4,1,1,5,0.03082356999948388,0.016580999999999999,0.014126999999999999,25411584,NA,NA,NA,NA,NA,NA,NA,NA,25888,6529,133,1,6cbbbbf695d9298d218c01af658d12c9a04646e608628360a5a03df9e71e6d9c,3848,0,1,0
0,4,0,1,22,0.046648883999296231,0.037537000000000001,0.0089809999999999994,29261824,NA,NA,NA,NA,NA,NA,NA,NA,180960,89118,2402,8,46606a158b66af8518456db0739cae64d8d2e5f9a80404e15ddbb91810d3af0d,4832,0,1,0
0,4,1,0,22,0.049504286998853786,0.042289,0.0070799999999999995,29315072,NA,NA,NA,NA,NA,NA,NA,NA,180960,89118,2402,8,46606a158b66af8518456db0739cae64d8d2e5f9a80404e15ddbb91810d3af0d,4838,0,1,0
0,4,0,0,17,0.03161929799898644,0.019458,0.012034999999999999,26877952,NA,NA,NA,NA,NA,NA,NA,NA,127800,29499,417,8,cf7b13a857f01f4a14779c4cf8ec5e795ca6dd011a53f4345643bcaf3709f18a,4259,0,1,0
0,4,1,1,17,0.032435572000395041,0.023265999999999998,0.0090519999999999993,27205632,NA,NA,NA,NA,NA,NA,NA,NA,127800,29499,417,8,cf7b13a857f01f4a14779c4cf8ec5e795ca6dd011a53f4345643bcaf3709f18a,4252,0,1,0
0,4,0,1,18,0.038638528996671084,0.029419999999999998,0.0090849999999999993,27074560,NA,NA,NA,NA,NA,NA,NA,NA,94392,29499,417,8,ec97d55cded7bb1cbf8e12495905cb68073380af6a6370282abb8f233d21e857,4237,0,1,0
0,4,1,0,18,0.040696848998777568,0.025589999999999998,0.01499,26890240,NA,NA,NA,NA,NA,NA,NA,NA,94392,29499,417,8,ec97d55cded7bb1cbf8e12495905cb68073380af6a6370282abb8f233d21e857,4248,0,1,0
0,4,0,0,9,0.022993866001343122,0.022883000000000001,0,25206784,NA,NA,NA,NA,NA,NA,NA,NA,20048,5066,257,64,d8d78f7bb977c6f730c6b5cdfaa88bed294d141a9777385856f783cc112e0874,3849,0,1,0
0,4,1,1,9,0.02864398499878007,0.021922000000000001,0.0066099999999999996,25550848,NA,NA,NA,NA,NA,NA,NA,NA,20048,5066,257,64,d8d78f7bb977c6f730c6b5cdfaa88bed294d141a9777385856f783cc112e0874,3858,0,1,0
0,4,0,1,14,0.023756105998472776,0.019202,0.0044209999999999996,25518080,NA,NA,NA,NA,NA,NA,NA,NA,32824,35142,517,1,5a24ee2382083ee5d5eb9b364e57818da3678644deec6a705c5878fcd40e5876,3887,0,1,0
0,4,1,0,14,0.034761309998430079,0.016059,0.018588,25423872,NA,NA,NA,NA,NA,NA,NA,NA,32824,35142,517,1,5a24ee2382083ee5d5eb9b364e57818da3678644deec6a705c5878fcd40e5876,3878,0,1,0
0,4,0,0,8,0.028605802002857672,0.019979,0.0084910000000000003,25419776,NA,NA,NA,NA,NA,NA,NA,NA,13904,5066,257,64,f70f03940df99c8ce0b0b02082129e05360030bd32e6edc5877c0f69a31bb0a4,3916,0,2,2
0,4,1,1,8,0.036411217999557266,0.018369999999999997,0.017923999999999999,26509312,NA,NA,NA,NA,NA,NA,NA,NA,13904,5066,257,64,f70f03940df99c8ce0b0b02082129e05360030bd32e6edc5877c0f69a31bb0a4,3920,0,1,0
0,4,0,0,11,0.022853214999486227,0.018772999999999998,0.0039769999999999996,25153536,NA,NA,NA,NA,NA,NA,NA,NA,14928,5066,257,64,9655be68483f45304d566dfb3dc63ba1458a5653029061a6b60617464768d366,3845,0,1,0
0,4,1,1,11,0.02225681000345503,0.010362999999999999,0.011779999999999999,25382912,NA,NA,NA,NA,NA,NA,NA,NA,14928,5066,257,64,9655be68483f45304d566dfb3dc63ba1458a5653029061a6b60617464768d366,3835,0,1,1
0,5,0,1,4,0.032712223997805268,0.028542999999999999,0.0040689999999999997,25337856,NA,NA,NA,NA,NA,NA,NA,NA,22160,6529,133,1,3ac5102c6f2bc513eb86f2343729d5f51295afd9e738a690903fa32334fb4c28,3862,0,1,0
0,5,1,0,4,0.024900101001549046,0.020836,0.003908,25174016,NA,NA,NA,NA,NA,NA,NA,NA,22160,6529,133,1,3ac5102c6f2bc513eb86f2343729d5f51295afd9e738a690903fa32334fb4c28,3859,0,1,0
0,5,0,0,22,0.046865456999512389,0.035131999999999997,0.011606999999999999,29474816,NA,NA,NA,NA,NA,NA,NA,NA,180960,89118,2402,8,46606a158b66af8518456db0739cae64d8d2e5f9a80404e15ddbb91810d3af0d,4838,0,1,1
0,5,1,1,22,0.050216536001244094,0.031454999999999997,0.018467999999999998,29478912,NA,NA,NA,NA,NA,NA,NA,NA,180960,89118,2402,8,46606a158b66af8518456db0739cae64d8d2e5f9a80404e15ddbb91810d3af0d,4824,0,1,1
0,5,0,1,8,0.025404800002434058,0.025145999999999998,0,25632768,NA,NA,NA,NA,NA,NA,NA,NA,13904,5066,257,64,f70f03940df99c8ce0b0b02082129e05360030bd32e6edc5877c0f69a31bb0a4,3903,0,1,0
0,5,1,0,8,0.02319813900248846,0.015117999999999999,0.0079249999999999998,25329664,NA,NA,NA,NA,NA,NA,NA,NA,13904,5066,257,64,f70f03940df99c8ce0b0b02082129e05360030bd32e6edc5877c0f69a31bb0a4,3916,0,1,0
0,5,0,1,10,0.022814055999333505,0.014808,0.0078630000000000002,25329664,NA,NA,NA,NA,NA,NA,NA,NA,14928,5066,257,64,9655be68483f45304d566dfb3dc63ba1458a5653029061a6b60617464768d366,3834,0,1,1
0,5,1,0,10,0.021649214999342803,0.014008999999999999,0.0036979999999999999,25268224,NA,NA,NA,NA,NA,NA,NA,NA,14928,5066,257,64,9655be68483f45304d566dfb3dc63ba1458a5653029061a6b60617464768d366,3851,0,0,2
0,5,0,0,20,0.051869668001017999,0.043268999999999995,0.0084700000000000001,29425664,NA,NA,NA,NA,NA,NA,NA,NA,220064,89118,2402,8,9bed9a0bde0e198846d4983ba78bcd51e5e45d614941dd9bc544c1667832b5ea,4873,0,1,1
0,5,1,1,20,0.055067959998268634,0.041653999999999997,0.013257999999999999,30535680,NA,NA,NA,NA,NA,NA,NA,NA,220064,89118,2402,8,9bed9a0bde0e198846d4983ba78bcd51e5e45d614941dd9bc544c1667832b5ea,4874,0,1,1
0,5,0,0,12,0.02421994500036817,0.015931000000000001,0.0081650000000000004,25554944,NA,NA,NA,NA,NA,NA,NA,NA,40904,35142,517,1,5c836afd34e5659fc140fff27358a40506e741bf81aa02c58678151e3747eac9,3928,0,1,0
0,5,1,1,12,0.025356608999572927,0.016444,0.0087489999999999998,25530368,NA,NA,NA,NA,NA,NA,NA,NA,40904,35142,517,1,5c836afd34e5659fc140fff27358a40506e741bf81aa02c58678151e3747eac9,3917,0,0,1
0,5,0,0,16,0.035971607998362742,0.027140999999999998,0.0086990000000000001,27017216,NA,NA,NA,NA,NA,NA,NA,NA,136888,29499,417,8,af3bdbbd0003d101664215b713d407f2160931601787a4fad2f046110caa3e72,4328,0,1,0
0,5,1,1,16,0.033932291000382975,0.019937,0.01384,27492352,NA,NA,NA,NA,NA,NA,NA,NA,136888,29499,417,8,af3bdbbd0003d101664215b713d407f2160931601787a4fad2f046110caa3e72,4336,0,1,1
0,5,0,1,15,0.021457307000673609,0.021329999999999998,0,26411008,NA,NA,NA,NA,NA,NA,NA,NA,32824,35142,517,1,5a24ee2382083ee5d5eb9b364e57818da3678644deec6a705c5878fcd40e5876,3893,0,1,1
0,5,1,0,15,0.022836691998236347,0.011261999999999999,0.011476999999999999,25169920,NA,NA,NA,NA,NA,NA,NA,NA,32824,35142,517,1,5a24ee2382083ee5d5eb9b364e57818da3678644deec6a705c5878fcd40e5876,3885,0,1,0
0,5,0,0,2,0.022825503998319618,0.0071919999999999996,0.015510999999999999,24473600,NA,NA,NA,NA,NA,NA,NA,NA,2008,136,5,1,8210b4f6eac12a20575e673437437e82cfff653da437ea17992a3aed56a99207,3641,0,1,0
0,5,1,1,2,0.021212527997704456,0.016759,0.0043249999999999999,24301568,NA,NA,NA,NA,NA,NA,NA,NA,2008,136,5,1,8210b4f6eac12a20575e673437437e82cfff653da437ea17992a3aed56a99207,3633,0,1,1
0,5,0,0,3,0.023302894001972163,0.011169999999999999,0.012022999999999999,24334336,NA,NA,NA,NA,NA,NA,NA,NA,2008,136,5,1,8210b4f6eac12a20575e673437437e82cfff653da437ea17992a3aed56a99207,3642,0,1,0
0,5,1,1,3,0.02024873400296201,0.0079349999999999993,0.012225,25341952,NA,NA,NA,NA,NA,NA,NA,NA,2008,136,5,1,8210b4f6eac12a20575e673437437e82cfff653da437ea17992a3aed56a99207,3648,0,1,0
0,5,0,0,14,0.021930120998149505,0.017281999999999999,0.0045459999999999997,25210880,NA,NA,NA,NA,NA,NA,NA,NA,32824,35142,517,1,5a24ee2382083ee5d5eb9b364e57818da3678644deec6a705c5878fcd40e5876,3879,0,1,1
0,5,1,1,14,0.022163032997923438,0.017382999999999999,0.0046769999999999997,25620480,NA,NA,NA,NA,NA,NA,NA,NA,32824,35142,517,1,5a24ee2382083ee5d5eb9b364e57818da3678644deec6a705c5878fcd40e5876,3870,0,1,0
0,5,0,1,0,0.02113912400091067,0.016684000000000001,0.0043559999999999996,25317376,NA,NA,NA,NA,NA,NA,NA,NA,2008,136,5,1,a8c1633e798ef980493443e67e6fdb6eada42f775edf7051d304d09c3ddadf5a,3673,0,1,0
0,5,1,0,0,0.018646624997927574,0.018467000000000001,0,24330240,NA,NA,NA,NA,NA,NA,NA,NA,2008,136,5,1,a8c1633e798ef980493443e67e6fdb6eada42f775edf7051d304d09c3ddadf5a,3667,0,1,1
0,5,0,1,5,0.024370963001274504,0.010985,0.013221999999999999,25485312,NA,NA,NA,NA,NA,NA,NA,NA,25888,6529,133,1,6cbbbbf695d9298d218c01af658d12c9a04646e608628360a5a03df9e71e6d9c,3854,0,1,1
0,5,1,0,5,0.037299122999684187,0.023014,0.013581999999999999,25010176,NA,NA,NA,NA,NA,NA,NA,NA,25888,6529,133,1,6cbbbbf695d9298d218c01af658d12c9a04646e608628360a5a03df9e71e6d9c,3857,0,0,0
0,5,0,1,11,0.028099611001380254,0.021798999999999999,0.0061789999999999996,25616384,NA,NA,NA,NA,NA,NA,NA,NA,14928,5066,257,64,9655be68483f45304d566dfb3dc63ba1458a5653029061a6b60617464768d366,3857,0,1,1
0,5,1,0,11,0.02982758099824423,0.025461999999999999,0.0042399999999999998,25116672,NA,NA,NA,NA,NA,NA,NA,NA,14928,5066,257,64,9655be68483f45304d566dfb3dc63ba1458a5653029061a6b60617464768d366,3846,0,1,0
0,5,0,0,21,0.046508498999173753,0.039370999999999996,0.0070229999999999997,29560832,NA,NA,NA,NA,NA,NA,NA,NA,277920,89118,2402,8,089ec4ce05f5e4d43e3e352375117ee462b31249b272f87015d01ad0429bd7f9,4908,0,1,0
0,5,1,1,21,0.055215451000549365,0.042331000000000001,0.012763,29708288,NA,NA,NA,NA,NA,NA,NA,NA,277920,89118,2402,8,089ec4ce05f5e4d43e3e352375117ee462b31249b272f87015d01ad0429bd7f9,4899,0,1,0
0,5,0,1,17,0.041296634000900667,0.024274999999999998,0.015460999999999999,28090368,NA,NA,NA,NA,NA,NA,NA,NA,127800,29499,417,8,cf7b13a857f01f4a14779c4cf8ec5e795ca6dd011a53f4345643bcaf3709f18a,4264,0,1,3
0,5,1,0,17,0.027048075000493554,0.023143999999999998,0.0037879999999999997,26845184,NA,NA,NA,NA,NA,NA,NA,NA,127800,29499,417,8,cf7b13a857f01f4a14779c4cf8ec5e795ca6dd011a53f4345643bcaf3709f18a,4261,0,1,0
0,5,0,1,1,0.021806955999636557,0.016916999999999998,0.0043530000000000001,24391680,NA,NA,NA,NA,NA,NA,NA,NA,2056,136,5,1,6b21b079ef6f8f7f055926600e53b906dd7be041e021dd2791b7aa8c55e24585,3647,0,1,1
0,5,1,0,1,0.025653182001406094,0.017010000000000001,0.0085199999999999998,24326144,NA,NA,NA,NA,NA,NA,NA,NA,2056,136,5,1,6b21b079ef6f8f7f055926600e53b906dd7be041e021dd2791b7aa8c55e24585,3641,0,1,1
0,5,0,0,13,0.023887256000307389,0.016352999999999999,0.0074129999999999995,25440256,NA,NA,NA,NA,NA,NA,NA,NA,41016,35142,517,1,662bf8c3f785828e59b2e955c5f9255272bd2640c5dd7e9c2804e24f24350bdf,3887,0,1,0
0,5,1,1,13,0.023359146998700453,0.0073499999999999998,0.015892,25485312,NA,NA,NA,NA,NA,NA,NA,NA,41016,35142,517,1,662bf8c3f785828e59b2e955c5f9255272bd2640c5dd7e9c2804e24f24350bdf,3897,0,1,0
0,5,0,0,7,0.023725134997221176,0.015417999999999999,0.0081869999999999998,25554944,NA,NA,NA,NA,NA,NA,NA,NA,17504,6529,133,1,5e7e7625c8b52e7a71d9370c6c8ab5025ac2b81f4970efe917952ec17c538f1c,3864,0,1,0
0,5,1,1,7,0.044283327999437461,0.028427999999999998,0.015169999999999999,25501696,NA,NA,NA,NA,NA,NA,NA,NA,17504,6529,133,1,5e7e7625c8b52e7a71d9370c6c8ab5025ac2b81f4970efe917952ec17c538f1c,3854,0,1,1
0,5,0,0,6,0.022036965998267988,0.010843,0.010862999999999999,25223168,NA,NA,NA,NA,NA,NA,NA,NA,17504,6529,133,1,5e7e7625c8b52e7a71d9370c6c8ab5025ac2b81f4970efe917952ec17c538f1c,3854,0,1,0
0,5,1,1,6,0.022883395002281759,0.017935,0.0044079999999999996,25346048,NA,NA,NA,NA,NA,NA,NA,NA,17504,6529,133,1,5e7e7625c8b52e7a71d9370c6c8ab5025ac2b81f4970efe917952ec17c538f1c,3844,0,1,0
0,5,0,0,18,0.025130877998890355,0.013021999999999999,0.012003999999999999,26779648,NA,NA,NA,NA,NA,NA,NA,NA,94392,29499,417,8,ec97d55cded7bb1cbf8e12495905cb68073380af6a6370282abb8f233d21e857,4249,0,1,0
0,5,1,1,18,0.025370262999786064,0.021066999999999999,0.0041529999999999996,26968064,NA,NA,NA,NA,NA,NA,NA,NA,94392,29499,417,8,ec97d55cded7bb1cbf8e12495905cb68073380af6a6370282abb8f233d21e857,4254,0,1,2
0,5,0,1,19,0.027527461999852676,0.018338,0.0090799999999999995,27074560,NA,NA,NA,NA,NA,NA,NA,NA,94392,29499,417,8,ec97d55cded7bb1cbf8e12495905cb68073380af6a6370282abb8f233d21e857,4258,0,1,0
0,5,1,0,19,0.02598176000174135,0.016707,0.0091240000000000002,26861568,NA,NA,NA,NA,NA,NA,NA,NA,94392,29499,417,8,ec97d55cded7bb1cbf8e12495905cb68073380af6a6370282abb8f233d21e857,4253,0,1,1
0,5,0,1,9,0.023551163001684472,0.016549999999999999,0.0068999999999999999,25378816,NA,NA,NA,NA,NA,NA,NA,NA,20048,5066,257,64,d8d78f7bb977c6f730c6b5cdfaa88bed294d141a9777385856f783cc112e0874,3845,0,1,0
0,5,1,0,9,0.020211462000588654,0.0078639999999999995,0.012234999999999999,25182208,NA,NA,NA,NA,NA,NA,NA,NA,20048,5066,257,64,d8d78f7bb977c6f730c6b5cdfaa88bed294d141a9777385856f783cc112e0874,3850,0,1,0
0,5,0,0,23,0.036425907997909235,0.032310999999999999,0.0040099999999999997,29564928,NA,NA,NA,NA,NA,NA,NA,NA,180960,89118,2402,8,46606a158b66af8518456db0739cae64d8d2e5f9a80404e15ddbb91810d3af0d,4900,0,1,1
0,5,1,1,23,0.039892772998427972,0.031787999999999997,0.0079899999999999988,29908992,NA,NA,NA,NA,NA,NA,NA,NA,180960,89118,2402,8,46606a158b66af8518456db0739cae64d8d2e5f9a80404e15ddbb91810d3af0d,4889,0,1,0
0,6,0,0,3,0.023603303001436871,0.021381999999999998,0.0020989999999999997,24514560,NA,NA,NA,NA,NA,NA,NA,NA,2008,136,5,1,8210b4f6eac12a20575e673437437e82cfff653da437ea17992a3aed56a99207,3643,0,1,1
0,6,1,1,3,0.019362412996997591,0.015306,0.0039519999999999998,24195072,NA,NA,NA,NA,NA,NA,NA,NA,2008,136,5,1,8210b4f6eac12a20575e673437437e82cfff653da437ea17992a3aed56a99207,3650,0,1,0
0,6,0,1,15,0.021237015000224346,0.012773999999999999,0.0083350000000000004,25571328,NA,NA,NA,NA,NA,NA,NA,NA,32824,35142,517,1,5a24ee2382083ee5d5eb9b364e57818da3678644deec6a705c5878fcd40e5876,3879,0,1,1
0,6,1,0,15,0.023916223999549402,0.01023,0.013542,25714688,NA,NA,NA,NA,NA,NA,NA,NA,32824,35142,517,1,5a24ee2382083ee5d5eb9b364e57818da3678644deec6a705c5878fcd40e5876,3888,0,1,0
0,6,0,1,2,0.019897689002391417,0.014756,0.004986,24551424,NA,NA,NA,NA,NA,NA,NA,NA,2008,136,5,1,8210b4f6eac12a20575e673437437e82cfff653da437ea17992a3aed56a99207,3650,0,1,0
0,6,1,0,2,0.020946606000507018,0.013385999999999999,0.0074589999999999995,24326144,NA,NA,NA,NA,NA,NA,NA,NA,2008,136,5,1,8210b4f6eac12a20575e673437437e82cfff653da437ea17992a3aed56a99207,3644,0,1,0
0,6,0,0,6,0.020309027000621427,0.01619,0.0040270000000000002,25370624,NA,NA,NA,NA,NA,NA,NA,NA,17504,6529,133,1,5e7e7625c8b52e7a71d9370c6c8ab5025ac2b81f4970efe917952ec17c538f1c,3854,0,1,0
0,6,1,1,6,0.026177583000389859,0.020534999999999998,0.0055199999999999997,25575424,NA,NA,NA,NA,NA,NA,NA,NA,17504,6529,133,1,5e7e7625c8b52e7a71d9370c6c8ab5025ac2b81f4970efe917952ec17c538f1c,3846,0,1,0
0,6,0,1,11,0.023774311001034221,0.019585999999999999,0.0040479999999999995,25526272,NA,NA,NA,NA,NA,NA,NA,NA,14928,5066,257,64,9655be68483f45304d566dfb3dc63ba1458a5653029061a6b60617464768d366,3839,0,1,0
0,6,1,0,11,0.02509450399884372,0.011956,0.012098999999999999,25092096,NA,NA,NA,NA,NA,NA,NA,NA,14928,5066,257,64,9655be68483f45304d566dfb3dc63ba1458a5653029061a6b60617464768d366,3846,0,1,0
0,6,0,0,5,0.026737653999589384,0.012480999999999999,0.014090999999999999,25280512,NA,NA,NA,NA,NA,NA,NA,NA,25888,6529,133,1,6cbbbbf695d9298d218c01af658d12c9a04646e608628360a5a03df9e71e6d9c,3859,0,1,1
0,6,1,1,5,0.020827934000408277,0.020728,0,25178112,NA,NA,NA,NA,NA,NA,NA,NA,25888,6529,133,1,6cbbbbf695d9298d218c01af658d12c9a04646e608628360a5a03df9e71e6d9c,3853,0,1,0
0,6,0,1,9,0.021901365998928668,0.0088769999999999995,0.012832999999999999,25501696,NA,NA,NA,NA,NA,NA,NA,NA,20048,5066,257,64,d8d78f7bb977c6f730c6b5cdfaa88bed294d141a9777385856f783cc112e0874,3858,0,1,0
0,6,1,0,9,0.026182839999819407,0.023358,0.0025579999999999999,25411584,NA,NA,NA,NA,NA,NA,NA,NA,20048,5066,257,64,d8d78f7bb977c6f730c6b5cdfaa88bed294d141a9777385856f783cc112e0874,3849,0,1,1
0,6,0,1,7,0.023855109997384716,0.011105,0.012591999999999999,25313280,NA,NA,NA,NA,NA,NA,NA,NA,17504,6529,133,1,5e7e7625c8b52e7a71d9370c6c8ab5025ac2b81f4970efe917952ec17c538f1c,3875,0,1,0
0,6,1,0,7,0.030768617001740495,0.016618999999999998,0.014039999999999999,25260032,NA,NA,NA,NA,NA,NA,NA,NA,17504,6529,133,1,5e7e7625c8b52e7a71d9370c6c8ab5025ac2b81f4970efe917952ec17c538f1c,3863,0,1,0
0,6,0,0,14,0.027046483002777677,0.018232999999999999,0.0087039999999999999,25288704,NA,NA,NA,NA,NA,NA,NA,NA,32824,35142,517,1,5a24ee2382083ee5d5eb9b364e57818da3678644deec6a705c5878fcd40e5876,3878,0,1,0
0,6,1,1,14,0.027184801001567394,0.019639999999999998,0.0074389999999999994,25575424,NA,NA,NA,NA,NA,NA,NA,NA,32824,35142,517,1,5a24ee2382083ee5d5eb9b364e57818da3678644deec6a705c5878fcd40e5876,3871,0,1,1
0,6,0,0,16,0.038378495999495499,0.033808999999999999,0.0043270000000000001,27000832,NA,NA,NA,NA,NA,NA,NA,NA,136888,29499,417,8,af3bdbbd0003d101664215b713d407f2160931601787a4fad2f046110caa3e72,4326,0,1,0
0,6,1,1,16,0.040010720000282163,0.031850999999999997,0.0079659999999999991,27377664,NA,NA,NA,NA,NA,NA,NA,NA,136888,29499,417,8,af3bdbbd0003d101664215b713d407f2160931601787a4fad2f046110caa3e72,4335,0,1,0
0,6,0,0,20,0.047435381999093806,0.035250999999999998,0.012060999999999999,29196288,NA,NA,NA,NA,NA,NA,NA,NA,220064,89118,2402,8,9bed9a0bde0e198846d4983ba78bcd51e5e45d614941dd9bc544c1667832b5ea,4873,0,1,1
0,6,1,1,20,0.06298548400081927,0.041141999999999998,0.021714999999999998,30478336,NA,NA,NA,NA,NA,NA,NA,NA,220064,89118,2402,8,9bed9a0bde0e198846d4983ba78bcd51e5e45d614941dd9bc544c1667832b5ea,4877,0,1,1
0,6,0,1,12,0.025551933002134319,0.015384,0.0096799999999999994,25440256,NA,NA,NA,NA,NA,NA,NA,NA,40904,35142,517,1,5c836afd34e5659fc140fff27358a40506e741bf81aa02c58678151e3747eac9,3932,0,1,0
0,6,1,0,12,0.039346476998616708,0.033890999999999998,0.0053359999999999996,25432064,NA,NA,NA,NA,NA,NA,NA,NA,40904,35142,517,1,5c836afd34e5659fc140fff27358a40506e741bf81aa02c58678151e3747eac9,3923,0,1,0
0,6,0,1,21,0.048782740002934588,0.035831999999999996,0.012697999999999999,29523968,NA,NA,NA,NA,NA,NA,NA,NA,277920,89118,2402,8,089ec4ce05f5e4d43e3e352375117ee462b31249b272f87015d01ad0429bd7f9,4914,0,1,1
0,6,1,0,21,0.041531550999934552,0.026661999999999998,0.014752999999999999,29491200,NA,NA,NA,NA,NA,NA,NA,NA,277920,89118,2402,8,089ec4ce05f5e4d43e3e352375117ee462b31249b272f87015d01ad0429bd7f9,4908,0,1,0
0,6,0,1,22,0.052128045997960726,0.03175,0.020236000000000001,29556736,NA,NA,NA,NA,NA,NA,NA,NA,180960,89118,2402,8,46606a158b66af8518456db0739cae64d8d2e5f9a80404e15ddbb91810d3af0d,4829,0,1,1
0,6,1,0,22,0.036662698999862187,0.028110999999999997,0.0083899999999999999,29286400,NA,NA,NA,NA,NA,NA,NA,NA,180960,89118,2402,8,46606a158b66af8518456db0739cae64d8d2e5f9a80404e15ddbb91810d3af0d,4835,0,1,0
0,6,0,0,8,0.022560907000297448,0.014522999999999999,0.00792,25411584,NA,NA,NA,NA,NA,NA,NA,NA,13904,5066,257,64,f70f03940df99c8ce0b0b02082129e05360030bd32e6edc5877c0f69a31bb0a4,3919,0,1,0
0,6,1,1,8,0.023974073999852408,0.015427,0.0084419999999999999,25575424,NA,NA,NA,NA,NA,NA,NA,NA,13904,5066,257,64,f70f03940df99c8ce0b0b02082129e05360030bd32e6edc5877c0f69a31bb0a4,3922,0,1,0
0,6,0,0,18,0.025958734000596451,0.013056999999999999,0.012808,26882048,NA,NA,NA,NA,NA,NA,NA,NA,94392,29499,417,8,ec97d55cded7bb1cbf8e12495905cb68073380af6a6370282abb8f233d21e857,4246,0,1,0
0,6,1,1,18,0.026396712000860134,0.012655999999999999,0.013592999999999999,27975680,NA,NA,NA,NA,NA,NA,NA,NA,94392,29499,417,8,ec97d55cded7bb1cbf8e12495905cb68073380af6a6370282abb8f233d21e857,4252,0,1,0
0,6,0,0,19,0.034185382999567082,0.023560999999999999,0.010525999999999999,26845184,NA,NA,NA,NA,NA,NA,NA,NA,94392,29499,417,8,ec97d55cded7bb1cbf8e12495905cb68073380af6a6370282abb8f233d21e857,4251,0,1,0
0,6,1,1,19,0.029874462001316715,0.01575,0.013998,27160576,NA,NA,NA,NA,NA,NA,NA,NA,94392,29499,417,8,ec97d55cded7bb1cbf8e12495905cb68073380af6a6370282abb8f233d21e857,4255,0,1,1
0,6,0,0,0,0.019803997001872631,0.015533,0.0040759999999999998,24244224,NA,NA,NA,NA,NA,NA,NA,NA,2008,136,5,1,a8c1633e798ef980493443e67e6fdb6eada42f775edf7051d304d09c3ddadf5a,3667,0,1,0
0,6,1,1,0,0.023350363000645302,0.012258,0.010886999999999999,24752128,NA,NA,NA,NA,NA,NA,NA,NA,2008,136,5,1,a8c1633e798ef980493443e67e6fdb6eada42f775edf7051d304d09c3ddadf5a,3672,0,1,0
0,6,0,0,23,0.045294861996808322,0.025210999999999997,0.019515999999999999,29560832,NA,NA,NA,NA,NA,NA,NA,NA,180960,89118,2402,8,46606a158b66af8518456db0739cae64d8d2e5f9a80404e15ddbb91810d3af0d,4900,0,2,0
0,6,1,1,23,0.036835300998063758,0.020163999999999998,0.016558,29741056,NA,NA,NA,NA,NA,NA,NA,NA,180960,89118,2402,8,46606a158b66af8518456db0739cae64d8d2e5f9a80404e15ddbb91810d3af0d,4890,0,1,0
0,6,0,1,10,0.020081951999600278,0.015959000000000001,0.0040010000000000002,25411584,NA,NA,NA,NA,NA,NA,NA,NA,14928,5066,257,64,9655be68483f45304d566dfb3dc63ba1458a5653029061a6b60617464768d366,3856,0,1,0
0,6,1,0,10,0.022784507000324083,0.013800999999999999,0.0088859999999999998,25329664,NA,NA,NA,NA,NA,NA,NA,NA,14928,5066,257,64,9655be68483f45304d566dfb3dc63ba1458a5653029061a6b60617464768d366,3850,0,1,0
0,6,0,0,13,0.02129120399695239,0.010383999999999999,0.010806999999999999,25088000,NA,NA,NA,NA,NA,NA,NA,NA,41016,35142,517,1,662bf8c3f785828e59b2e955c5f9255272bd2640c5dd7e9c2804e24f24350bdf,3886,0,1,0
0,6,1,1,13,0.020830949000810506,0.0043400000000000001,0.016400999999999999,26370048,NA,NA,NA,NA,NA,NA,NA,NA,41016,35142,517,1,662bf8c3f785828e59b2e955c5f9255272bd2640c5dd7e9c2804e24f24350bdf,3895,0,1,0
0,6,0,0,4,0.022144065998872975,0.0075129999999999997,0.014523999999999999,25329664,NA,NA,NA,NA,NA,NA,NA,NA,22160,6529,133,1,3ac5102c6f2bc513eb86f2343729d5f51295afd9e738a690903fa32334fb4c28,3857,0,1,1
0,6,1,1,4,0.029159467998397304,0.029016999999999998,0,25051136,NA,NA,NA,NA,NA,NA,NA,NA,22160,6529,133,1,3ac5102c6f2bc513eb86f2343729d5f51295afd9e738a690903fa32334fb4c28,3862,0,1,1
0,6,0,0,17,0.026482623001356842,0.011398999999999999,0.014981999999999999,27140096,NA,NA,NA,NA,NA,NA,NA,NA,127800,29499,417,8,cf7b13a857f01f4a14779c4cf8ec5e795ca6dd011a53f4345643bcaf3709f18a,4258,0,1,0
0,6,1,1,17,0.028950247000466334,0.020386999999999999,0.0084510000000000002,26845184,NA,NA,NA,NA,NA,NA,NA,NA,127800,29499,417,8,cf7b13a857f01f4a14779c4cf8ec5e795ca6dd011a53f4345643bcaf3709f18a,4269,0,1,0
0,6,0,1,1,0.027174797000043327,0.018346999999999999,0.0087279999999999996,24444928,NA,NA,NA,NA,NA,NA,NA,NA,2056,136,5,1,6b21b079ef6f8f7f055926600e53b906dd7be041e021dd2791b7aa8c55e24585,3650,0,1,0
0,6,1,0,1,0.021771115996671142,0.010999999999999999,0.010664999999999999,24506368,NA,NA,NA,NA,NA,NA,NA,NA,2056,136,5,1,6b21b079ef6f8f7f055926600e53b906dd7be041e021dd2791b7aa8c55e24585,3638,0,1,1
0,7,0,1,8,0.02709816200149362,0.012225999999999999,0.014770999999999999,25427968,NA,NA,NA,NA,NA,NA,NA,NA,13904,5066,257,64,f70f03940df99c8ce0b0b02082129e05360030bd32e6edc5877c0f69a31bb0a4,3921,0,1,1
0,7,1,0,8,0.021387328997661825,0.010612,0.010678,25534464,NA,NA,NA,NA,NA,NA,NA,NA,13904,5066,257,64,f70f03940df99c8ce0b0b02082129e05360030bd32e6edc5877c0f69a31bb0a4,3916,0,1,0
0,7,0,0,12,0.042498213999351719,0.020579,0.0079430000000000004,25309184,NA,NA,NA,NA,NA,NA,NA,NA,40904,35142,517,1,5c836afd34e5659fc140fff27358a40506e741bf81aa02c58678151e3747eac9,3923,0,1,0
0,7,1,1,12,0.03112076500110561,0.030983999999999998,0,26472448,NA,NA,NA,NA,NA,NA,NA,NA,40904,35142,517,1,5c836afd34e5659fc140fff27358a40506e741bf81aa02c58678151e3747eac9,3930,0,1,1
0,7,0,1,17,0.035709457002667477,0.019193999999999999,0.016289999999999999,27205632,NA,NA,NA,NA,NA,NA,NA,NA,127800,29499,417,8,cf7b13a857f01f4a14779c4cf8ec5e795ca6dd011a53f4345643bcaf3709f18a,4251,0,1,1
0,7,1,0,17,0.027552014002139913,0.019837,0.0075859999999999999,26808320,NA,NA,NA,NA,NA,NA,NA,NA,127800,29499,417,8,cf7b13a857f01f4a14779c4cf8ec5e795ca6dd011a53f4345643bcaf3709f18a,4261,0,1,1
0,7,0,1,3,0.061086494999472052,0.027538,0.032173,24604672,NA,NA,NA,NA,NA,NA,NA,NA,2008,136,5,1,8210b4f6eac12a20575e673437437e82cfff653da437ea17992a3aed56a99207,3632,0,1,1
0,7,1,0,3,0.019994606002001092,0.0040980000000000001,0.015774,24313856,NA,NA,NA,NA,NA,NA,NA,NA,2008,136,5,1,8210b4f6eac12a20575e673437437e82cfff653da437ea17992a3aed56a99207,3643,0,1,0
0,7,0,1,6,0.022362973999406677,0.014702,0.0075519999999999997,25448448,NA,NA,NA,NA,NA,NA,NA,NA,17504,6529,133,1,5e7e7625c8b52e7a71d9370c6c8ab5025ac2b81f4970efe917952ec17c538f1c,3864,0,1,0
0,7,1,0,6,0.021010764001403004,0.016756999999999998,0.0041389999999999995,24944640,NA,NA,NA,NA,NA,NA,NA,NA,17504,6529,133,1,5e7e7625c8b52e7a71d9370c6c8ab5025ac2b81f4970efe917952ec17c538f1c,3855,0,1,0
0,7,0,0,22,0.049334713999996893,0.036913999999999995,0.01223,29536256,NA,NA,NA,NA,NA,NA,NA,NA,180960,89118,2402,8,46606a158b66af8518456db0739cae64d8d2e5f9a80404e15ddbb91810d3af0d,4841,0,1,0
0,7,1,1,22,0.044786056998418644,0.044678999999999996,0,29573120,NA,NA,NA,NA,NA,NA,NA,NA,180960,89118,2402,8,46606a158b66af8518456db0739cae64d8d2e5f9a80404e15ddbb91810d3af0d,4829,0,1,0
0,7,0,1,18,0.025189641997712897,0.017850999999999999,0.0072289999999999993,27156480,NA,NA,NA,NA,NA,NA,NA,NA,94392,29499,417,8,ec97d55cded7bb1cbf8e12495905cb68073380af6a6370282abb8f233d21e857,4241,0,1,0
0,7,1,0,18,0.026331521999964025,0.022325999999999999,0.003898,26898432,NA,NA,NA,NA,NA,NA,NA,NA,94392,29499,417,8,ec97d55cded7bb1cbf8e12495905cb68073380af6a6370282abb8f233d21e857,4247,0,1,0
0,7,0,0,10,0.020782134000910446,0.012197999999999999,0.008454999999999999,25329664,NA,NA,NA,NA,NA,NA,NA,NA,14928,5066,257,64,9655be68483f45304d566dfb3dc63ba1458a5653029061a6b60617464768d366,3851,0,1,1
0,7,1,1,10,0.022921669999050209,0.015177,0.0076419999999999995,25624576,NA,NA,NA,NA,NA,NA,NA,NA,14928,5066,257,64,9655be68483f45304d566dfb3dc63ba1458a5653029061a6b60617464768d366,3838,0,1,0
0,7,0,0,9,0.017991452998103341,0.01358,0.0043249999999999999,25149440,NA,NA,NA,NA,NA,NA,NA,NA,20048,5066,257,64,d8d78f7bb977c6f730c6b5cdfaa88bed294d141a9777385856f783cc112e0874,3850,0,1,0
0,7,1,1,9,0.018757977999484865,0.011146,0.007463,26320896,NA,NA,NA,NA,NA,NA,NA,NA,20048,5066,257,64,d8d78f7bb977c6f730c6b5cdfaa88bed294d141a9777385856f783cc112e0874,3853,0,1,1
0,7,0,0,15,0.021756736998213455,0.0082719999999999998,0.013365,25440256,NA,NA,NA,NA,NA,NA,NA,NA,32824,35142,517,1,5a24ee2382083ee5d5eb9b364e57818da3678644deec6a705c5878fcd40e5876,3889,0,1,0
0,7,1,1,15,0.020711240998934954,0.010215,0.010402999999999999,25456640,NA,NA,NA,NA,NA,NA,NA,NA,32824,35142,517,1,5a24ee2382083ee5d5eb9b364e57818da3678644deec6a705c5878fcd40e5876,3890,0,1,0
0,7,0,0,11,0.019776369001192506,0.015695999999999998,0.0039810000000000002,25296896,NA,NA,NA,NA,NA,NA,NA,NA,14928,5066,257,64,9655be68483f45304d566dfb3dc63ba1458a5653029061a6b60617464768d366,3846,0,1,1
0,7,1,1,11,0.023819475001801038,0.011757,0.011941999999999999,25403392,NA,NA,NA,NA,NA,NA,NA,NA,14928,5066,257,64,9655be68483f45304d566dfb3dc63ba1458a5653029061a6b60617464768d366,3833,0,1,0
0,7,0,1,14,0.023961099999723956,0.0082969999999999988,0.015569,25346048,NA,NA,NA,NA,NA,NA,NA,NA,32824,35142,517,1,5a24ee2382083ee5d5eb9b364e57818da3678644deec6a705c5878fcd40e5876,3871,0,1,0
0,7,1,0,14,0.02429701100118109,0.016084999999999999,0.0078569999999999994,25288704,NA,NA,NA,NA,NA,NA,NA,NA,32824,35142,517,1,5a24ee2382083ee5d5eb9b364e57818da3678644deec6a705c5878fcd40e5876,3883,0,1,0
0,7,0,1,20,0.051411199001449859,0.034185,0.017072,29773824,NA,NA,NA,NA,NA,NA,NA,NA,220064,89118,2402,8,9bed9a0bde0e198846d4983ba78bcd51e5e45d614941dd9bc544c1667832b5ea,4864,0,1,0
0,7,1,0,20,0.045487294999475125,0.032929,0.012445999999999999,29622272,NA,NA,NA,NA,NA,NA,NA,NA,220064,89118,2402,8,9bed9a0bde0e198846d4983ba78bcd51e5e45d614941dd9bc544c1667832b5ea,4876,0,1,0
0,7,0,1,4,0.024549114001274575,0.020472999999999998,0.0039449999999999997,26087424,NA,NA,NA,NA,NA,NA,NA,NA,22160,6529,133,1,3ac5102c6f2bc513eb86f2343729d5f51295afd9e738a690903fa32334fb4c28,3861,0,1,1
0,7,1,0,4,0.025000295998324873,0.021097999999999999,0.003797,25018368,NA,NA,NA,NA,NA,NA,NA,NA,22160,6529,133,1,3ac5102c6f2bc513eb86f2343729d5f51295afd9e738a690903fa32334fb4c28,3855,0,1,0
0,7,0,1,5,0.019890551000571577,0.015859999999999999,0.0039109999999999995,25313280,NA,NA,NA,NA,NA,NA,NA,NA,25888,6529,133,1,6cbbbbf695d9298d218c01af658d12c9a04646e608628360a5a03df9e71e6d9c,3871,0,1,1
0,7,1,0,5,0.021067076002509566,0.014003,0.0069519999999999998,25198592,NA,NA,NA,NA,NA,NA,NA,NA,25888,6529,133,1,6cbbbbf695d9298d218c01af658d12c9a04646e608628360a5a03df9e71e6d9c,3859,0,1,1
0,7,0,1,0,0.0217047280020779,0.0082199999999999999,0.013372999999999999,24604672,NA,NA,NA,NA,NA,NA,NA,NA,2008,136,5,1,a8c1633e798ef980493443e67e6fdb6eada42f775edf7051d304d09c3ddadf5a,3657,0,1,1
0,7,1,0,0,0.026516114998230478,0.013306,0.01311,24326144,NA,NA,NA,NA,NA,NA,NA,NA,2008,136,5,1,a8c1633e798ef980493443e67e6fdb6eada42f775edf7051d304d09c3ddadf5a,3670,0,1,0
0,7,0,1,19,0.026725256000645459,0.015136999999999999,0.011467999999999999,27099136,NA,NA,NA,NA,NA,NA,NA,NA,94392,29499,417,8,ec97d55cded7bb1cbf8e12495905cb68073380af6a6370282abb8f233d21e857,4259,0,1,1
0,7,1,0,19,0.031841874002566328,0.01575,0.015965999999999998,26845184,NA,NA,NA,NA,NA,NA,NA,NA,94392,29499,417,8,ec97d55cded7bb1cbf8e12495905cb68073380af6a6370282abb8f233d21e857,4250,0,1,0
0,7,0,0,1,0.020191719999274937,0.012496999999999999,0.0075289999999999992,24227840,NA,NA,NA,NA,NA,NA,NA,NA,2056,136,5,1,6b21b079ef6f8f7f055926600e53b906dd7be041e021dd2791b7aa8c55e24585,3638,0,1,0
0,7,1,1,1,0.040782964999380056,0.028757999999999999,0.011932,25288704,NA,NA,NA,NA,NA,NA,NA,NA,2056,136,5,1,6b21b079ef6f8f7f055926600e53b906dd7be041e021dd2791b7aa8c55e24585,3648,0,1,0
0,7,0,1,13,0.023147624997363891,0.012631999999999999,0.0104,25608192,NA,NA,NA,NA,NA,NA,NA,NA,41016,35142,517,1,662bf8c3f785828e59b2e955c5f9255272bd2640c5dd7e9c2804e24f24350bdf,3896,0,1,0
0,7,1,0,13,0.029067415998724755,0.018369999999999997,0.010588999999999999,25280512,NA,NA,NA,NA,NA,NA,NA,NA,41016,35142,517,1,662bf8c3f785828e59b2e955c5f9255272bd2640c5dd7e9c2804e24f24350bdf,3885,0,1,0
0,7,0,1,23,0.043303409998770803,0.035392,0.0077929999999999996,30728192,NA,NA,NA,NA,NA,NA,NA,NA,180960,89118,2402,8,46606a158b66af8518456db0739cae64d8d2e5f9a80404e15ddbb91810d3af0d,4908,0,1,1
0,7,1,0,23,0.040708914002607344,0.029338999999999997,0.011269999999999999,29917184,NA,NA,NA,NA,NA,NA,NA,NA,180960,89118,2402,8,46606a158b66af8518456db0739cae64d8d2e5f9a80404e15ddbb91810d3af0d,4902,0,1,0
0,7,0,0,7,0.024623961999168387,0.012366,0.012156999999999999,25247744,NA,NA,NA,NA,NA,NA,NA,NA,17504,6529,133,1,5e7e7625c8b52e7a71d9370c6c8ab5025ac2b81f4970efe917952ec17c538f1c,3860,0,1,0
0,7,1,1,7,0.020664057999965735,0.012168999999999999,0.0083999999999999995,26361856,NA,NA,NA,NA,NA,NA,NA,NA,17504,6529,133,1,5e7e7625c8b52e7a71d9370c6c8ab5025ac2b81f4970efe917952ec17c538f1c,3870,0,1,0
0,7,0,0,2,0.01850250599818537,0.014853,0.0035479999999999999,24211456,NA,NA,NA,NA,NA,NA,NA,NA,2008,136,5,1,8210b4f6eac12a20575e673437437e82cfff653da437ea17992a3aed56a99207,3640,0,1,0
0,7,1,1,2,0.021188758997595869,0.012794,0.0082889999999999995,24518656,NA,NA,NA,NA,NA,NA,NA,NA,2008,136,5,1,8210b4f6eac12a20575e673437437e82cfff653da437ea17992a3aed56a99207,3648,0,1,1
0,7,0,1,16,0.030614256000262685,0.022551999999999999,0.0078719999999999988,28274688,NA,NA,NA,NA,NA,NA,NA,NA,136888,29499,417,8,af3bdbbd0003d101664215b713d407f2160931601787a4fad2f046110caa3e72,4334,0,1,0
0,7,1,0,16,0.029688626997085521,0.02581,0.0037719999999999997,27189248,NA,NA,NA,NA,NA,NA,NA,NA,136888,29499,417,8,af3bdbbd0003d101664215b713d407f2160931601787a4fad2f046110caa3e72,4330,0,1,0
0,7,0,0,21,0.038412258996686433,0.02896,0.009356999999999999,29523968,NA,NA,NA,NA,NA,NA,NA,NA,277920,89118,2402,8,089ec4ce05f5e4d43e3e352375117ee462b31249b272f87015d01ad0429bd7f9,4907,0,1,0
0,7,1,1,21,0.04468704099781462,0.036060999999999996,0.0085199999999999998,29872128,NA,NA,NA,NA,NA,NA,NA,NA,277920,89118,2402,8,089ec4ce05f5e4d43e3e352375117ee462b31249b272f87015d01ad0429bd7f9,4918,0,1,1
1,0,0,0,19,0.029641083998285467,0.02102,0.008515,26886144,NA,NA,NA,NA,NA,NA,NA,NA,94392,29499,417,8,ec97d55cded7bb1cbf8e12495905cb68073380af6a6370282abb8f233d21e857,4248,0,1,0
1,0,1,1,19,0.047631158999138279,0.028912,0.018578999999999998,27025408,NA,NA,NA,NA,NA,NA,NA,NA,94392,29499,417,8,ec97d55cded7bb1cbf8e12495905cb68073380af6a6370282abb8f233d21e857,4259,0,1,0
1,0,0,0,16,0.031345850002253428,0.023073,0.0081409999999999989,27140096,NA,NA,NA,NA,NA,NA,NA,NA,136888,29499,417,8,af3bdbbd0003d101664215b713d407f2160931601787a4fad2f046110caa3e72,4331,0,1,4
1,0,1,1,16,0.036851079999905778,0.019925999999999999,0.016826999999999998,27484160,NA,NA,NA,NA,NA,NA,NA,NA,136888,29499,417,8,af3bdbbd0003d101664215b713d407f2160931601787a4fad2f046110caa3e72,4322,0,1,0
1,0,0,1,7,0.021765697001683293,0.0087729999999999995,0.012877999999999999,25128960,NA,NA,NA,NA,NA,NA,NA,NA,17504,6529,133,1,5e7e7625c8b52e7a71d9370c6c8ab5025ac2b81f4970efe917952ec17c538f1c,3854,0,1,0
1,0,1,0,7,0.023419966000801651,0.023306,0,25223168,NA,NA,NA,NA,NA,NA,NA,NA,17504,6529,133,1,5e7e7625c8b52e7a71d9370c6c8ab5025ac2b81f4970efe917952ec17c538f1c,3861,0,1,2
1,0,0,0,2,0.020020203999592923,0.012128,0.0077849999999999994,24227840,NA,NA,NA,NA,NA,NA,NA,NA,2008,136,5,1,8210b4f6eac12a20575e673437437e82cfff653da437ea17992a3aed56a99207,3639,0,1,0
1,0,1,1,2,0.021387884997238871,0.014138999999999999,0.0071379999999999994,24264704,NA,NA,NA,NA,NA,NA,NA,NA,2008,136,5,1,8210b4f6eac12a20575e673437437e82cfff653da437ea17992a3aed56a99207,3631,0,1,3
1,0,0,0,0,0.020164292000117712,0.0075769999999999995,0.012393999999999999,24219648,NA,NA,NA,NA,NA,NA,NA,NA,2008,136,5,1,a8c1633e798ef980493443e67e6fdb6eada42f775edf7051d304d09c3ddadf5a,3666,0,1,0
1,0,1,1,0,0.021010494001529878,0.016725999999999998,0.004189,24489984,NA,NA,NA,NA,NA,NA,NA,NA,2008,136,5,1,a8c1633e798ef980493443e67e6fdb6eada42f775edf7051d304d09c3ddadf5a,3657,0,1,0
1,0,0,0,9,0.024601875000371365,0.0081879999999999991,0.016302999999999998,25264128,NA,NA,NA,NA,NA,NA,NA,NA,20048,5066,257,64,d8d78f7bb977c6f730c6b5cdfaa88bed294d141a9777385856f783cc112e0874,3849,0,1,0
1,0,1,1,9,0.02235207299963804,0.019469999999999998,0.0027749999999999997,26324992,NA,NA,NA,NA,NA,NA,NA,NA,20048,5066,257,64,d8d78f7bb977c6f730c6b5cdfaa88bed294d141a9777385856f783cc112e0874,3855,0,1,0
1,0,0,1,10,0.022599103998800274,0.010737999999999999,0.011758999999999999,25493504,NA,NA,NA,NA,NA,NA,NA,NA,14928,5066,257,64,9655be68483f45304d566dfb3dc63ba1458a5653029061a6b60617464768d366,3839,0,1,0
1,0,1,0,10,0.021857855001144344,0.021727,0,25272320,NA,NA,NA,NA,NA,NA,NA,NA,14928,5066,257,64,9655be68483f45304d566dfb3dc63ba1458a5653029061a6b60617464768d366,3847,0,1,1
1,0,0,0,3,0.024680089001776651,0.010787999999999999,0.013795,24637440,NA,NA,NA,NA,NA,NA,NA,NA,2008,136,5,1,8210b4f6eac12a20575e673437437e82cfff653da437ea17992a3aed56a99207,3642,0,1,0
1,0,1,1,3,0.019702754998434102,0.0078689999999999993,0.011696999999999999,25341952,NA,NA,NA,NA,NA,NA,NA,NA,2008,136,5,1,8210b4f6eac12a20575e673437437e82cfff653da437ea17992a3aed56a99207,3647,0,1,3
1,0,0,0,8,0.023092209998139879,0.016237999999999999,0.0067619999999999998,25399296,NA,NA,NA,NA,NA,NA,NA,NA,13904,5066,257,64,f70f03940df99c8ce0b0b02082129e05360030bd32e6edc5877c0f69a31bb0a4,3920,0,1,0
1,0,1,1,8,0.020897843001876026,0.012348999999999999,0.0084390000000000003,25722880,NA,NA,NA,NA,NA,NA,NA,NA,13904,5066,257,64,f70f03940df99c8ce0b0b02082129e05360030bd32e6edc5877c0f69a31bb0a4,3923,0,1,3
1,0,0,1,22,0.047118538001086563,0.036497999999999996,0.010530999999999999,30576640,NA,NA,NA,NA,NA,NA,NA,NA,180960,89118,2402,8,46606a158b66af8518456db0739cae64d8d2e5f9a80404e15ddbb91810d3af0d,4843,0,1,0
1,0,1,0,22,0.056489380000130041,0.042268,0.014091999999999999,29360128,NA,NA,NA,NA,NA,NA,NA,NA,180960,89118,2402,8,46606a158b66af8518456db0739cae64d8d2e5f9a80404e15ddbb91810d3af0d,4836,0,1,1
1,0,0,0,21,0.065500696000526659,0.038051000000000001,0.027278999999999998,29425664,NA,NA,NA,NA,NA,NA,NA,NA,277920,89118,2402,8,089ec4ce05f5e4d43e3e352375117ee462b31249b272f87015d01ad0429bd7f9,4906,0,1,0
1,0,1,1,21,0.057676481002999935,0.036448999999999995,0.021051,29986816,NA,NA,NA,NA,NA,NA,NA,NA,277920,89118,2402,8,089ec4ce05f5e4d43e3e352375117ee462b31249b272f87015d01ad0429bd7f9,4920,0,1,5
1,0,0,1,12,0.03483109100125148,0.025219999999999999,0.0084169999999999991,25702400,NA,NA,NA,NA,NA,NA,NA,NA,40904,35142,517,1,5c836afd34e5659fc140fff27358a40506e741bf81aa02c58678151e3747eac9,3915,0,1,1
1,0,1,0,12,0.03316340400124318,0.027390999999999999,0.0056059999999999999,25554944,NA,NA,NA,NA,NA,NA,NA,NA,40904,35142,517,1,5c836afd34e5659fc140fff27358a40506e741bf81aa02c58678151e3747eac9,3925,0,1,1
1,0,0,1,14,0.025582883001334267,0.010676,0.014744999999999999,25321472,NA,NA,NA,NA,NA,NA,NA,NA,32824,35142,517,1,5a24ee2382083ee5d5eb9b364e57818da3678644deec6a705c5878fcd40e5876,3887,0,1,1
1,0,1,0,14,0.022540088000823744,0.0075629999999999994,0.014744999999999999,25210880,NA,NA,NA,NA,NA,NA,NA,NA,32824,35142,517,1,5a24ee2382083ee5d5eb9b364e57818da3678644deec6a705c5878fcd40e5876,3878,0,1,0
1,0,0,1,17,0.028896769999846583,0.012171999999999999,0.016622999999999999,27189248,NA,NA,NA,NA,NA,NA,NA,NA,127800,29499,417,8,cf7b13a857f01f4a14779c4cf8ec5e795ca6dd011a53f4345643bcaf3709f18a,4247,0,1,0
1,0,1,0,17,0.02793487999952049,0.019720999999999999,0.0081009999999999988,26845184,NA,NA,NA,NA,NA,NA,NA,NA,127800,29499,417,8,cf7b13a857f01f4a14779c4cf8ec5e795ca6dd011a53f4345643bcaf3709f18a,4258,0,1,0
1,0,0,0,18,0.024937490001320839,0.017655999999999998,0.0071789999999999996,27000832,NA,NA,NA,NA,NA,NA,NA,NA,94392,29499,417,8,ec97d55cded7bb1cbf8e12495905cb68073380af6a6370282abb8f233d21e857,4248,0,1,0
1,0,1,1,18,0.025757205999980215,0.021682,0.003967,26951680,NA,NA,NA,NA,NA,NA,NA,NA,94392,29499,417,8,ec97d55cded7bb1cbf8e12495905cb68073380af6a6370282abb8f233d21e857,4236,0,1,0
1,0,0,0,20,0.046710607002751203,0.036041999999999998,0.010560999999999999,29315072,NA,NA,NA,NA,NA,NA,NA,NA,220064,89118,2402,8,9bed9a0bde0e198846d4983ba78bcd51e5e45d614941dd9bc544c1667832b5ea,4873,0,1,0
1,0,1,1,20,0.053502650000154972,0.040701000000000001,0.012683,29327360,NA,NA,NA,NA,NA,NA,NA,NA,220064,89118,2402,8,9bed9a0bde0e198846d4983ba78bcd51e5e45d614941dd9bc544c1667832b5ea,4879,0,1,0
1,0,0,1,1,0.020053141000971664,0.016201999999999998,0.0037339999999999999,24256512,NA,NA,NA,NA,NA,NA,NA,NA,2056,136,5,1,6b21b079ef6f8f7f055926600e53b906dd7be041e021dd2791b7aa8c55e24585,3635,0,1,0
1,0,1,0,1,0.024306666000484256,0.011804,0.012378,24195072,NA,NA,NA,NA,NA,NA,NA,NA,2056,136,5,1,6b21b079ef6f8f7f055926600e53b906dd7be041e021dd2791b7aa8c55e24585,3640,0,1,0
1,0,0,0,4,0.025808870999753708,0.014102,0.011592,25264128,NA,NA,NA,NA,NA,NA,NA,NA,22160,6529,133,1,3ac5102c6f2bc513eb86f2343729d5f51295afd9e738a690903fa32334fb4c28,3856,0,1,1
1,0,1,1,4,0.023239292000653222,0.015186999999999999,0.007951999999999999,25427968,NA,NA,NA,NA,NA,NA,NA,NA,22160,6529,133,1,3ac5102c6f2bc513eb86f2343729d5f51295afd9e738a690903fa32334fb4c28,3865,0,1,0
1,0,0,1,11,0.019931644997996045,0.0079799999999999992,0.011847,25403392,NA,NA,NA,NA,NA,NA,NA,NA,14928,5066,257,64,9655be68483f45304d566dfb3dc63ba1458a5653029061a6b60617464768d366,3837,0,1,0
1,0,1,0,11,0.021198863996687578,0.013042999999999999,0.0079670000000000001,25427968,NA,NA,NA,NA,NA,NA,NA,NA,14928,5066,257,64,9655be68483f45304d566dfb3dc63ba1458a5653029061a6b60617464768d366,3847,0,1,2
1,0,0,1,5,0.022526486998685868,0.010666999999999999,0.011734,25542656,NA,NA,NA,NA,NA,NA,NA,NA,25888,6529,133,1,6cbbbbf695d9298d218c01af658d12c9a04646e608628360a5a03df9e71e6d9c,3850,0,1,1
1,0,1,0,5,0.022291420002147788,0.013250999999999999,0.0089519999999999999,25141248,NA,NA,NA,NA,NA,NA,NA,NA,25888,6529,133,1,6cbbbbf695d9298d218c01af658d12c9a04646e608628360a5a03df9e71e6d9c,3860,0,1,0
1,0,0,1,23,0.046085486999800196,0.031877999999999997,0.014097999999999999,29900800,NA,NA,NA,NA,NA,NA,NA,NA,180960,89118,2402,8,46606a158b66af8518456db0739cae64d8d2e5f9a80404e15ddbb91810d3af0d,4888,0,1,0
1,0,1,0,23,0.041470345997367986,0.033027000000000001,0.0083039999999999989,29831168,NA,NA,NA,NA,NA,NA,NA,NA,180960,89118,2402,8,46606a158b66af8518456db0739cae64d8d2e5f9a80404e15ddbb91810d3af0d,4904,0,1,0
1,0,0,0,6,0.021469569997861981,0.017159000000000001,0.0041919999999999995,25247744,NA,NA,NA,NA,NA,NA,NA,NA,17504,6529,133,1,5e7e7625c8b52e7a71d9370c6c8ab5025ac2b81f4970efe917952ec17c538f1c,3855,0,1,1
1,0,1,1,6,0.02214670700050192,0.014596,0.007437,26214400,NA,NA,NA,NA,NA,NA,NA,NA,17504,6529,133,1,5e7e7625c8b52e7a71d9370c6c8ab5025ac2b81f4970efe917952ec17c538f1c,3862,0,1,0
1,0,0,1,15,0.021977074000460561,0.0091240000000000002,0.012697,25210880,NA,NA,NA,NA,NA,NA,NA,NA,32824,35142,517,1,5a24ee2382083ee5d5eb9b364e57818da3678644deec6a705c5878fcd40e5876,3880,0,1,1
1,0,1,0,15,0.021385034000559244,0.012622,0.0085449999999999988,25571328,NA,NA,NA,NA,NA,NA,NA,NA,32824,35142,517,1,5a24ee2382083ee5d5eb9b364e57818da3678644deec6a705c5878fcd40e5876,3892,0,1,0
1,0,0,1,13,0.021420141001726734,0.017056999999999999,0.0042629999999999994,25448448,NA,NA,NA,NA,NA,NA,NA,NA,41016,35142,517,1,662bf8c3f785828e59b2e955c5f9255272bd2640c5dd7e9c2804e24f24350bdf,3877,0,1,0
1,0,1,0,13,0.019898169000953203,0.0082620000000000002,0.011531999999999999,25260032,NA,NA,NA,NA,NA,NA,NA,NA,41016,35142,517,1,662bf8c3f785828e59b2e955c5f9255272bd2640c5dd7e9c2804e24f24350bdf,3883,0,1,0
1,1,0,1,6,0.0193579660008254,0.0095440000000000004,0.0095969999999999996,25272320,NA,NA,NA,NA,NA,NA,NA,NA,17504,6529,133,1,5e7e7625c8b52e7a71d9370c6c8ab5025ac2b81f4970efe917952ec17c538f1c,3847,0,1,1
1,1,1,0,6,0.024888137002562871,0.020694999999999998,0.0040679999999999996,25133056,NA,NA,NA,NA,NA,NA,NA,NA,17504,6529,133,1,5e7e7625c8b52e7a71d9370c6c8ab5025ac2b81f4970efe917952ec17c538f1c,3853,0,1,1
1,1,0,0,15,0.024041276999923866,0.023941,0,25288704,NA,NA,NA,NA,NA,NA,NA,NA,32824,35142,517,1,5a24ee2382083ee5d5eb9b364e57818da3678644deec6a705c5878fcd40e5876,3886,0,1,0
1,1,1,1,15,0.028905870000016876,0.019559999999999998,0.0089959999999999988,25645056,NA,NA,NA,NA,NA,NA,NA,NA,32824,35142,517,1,5a24ee2382083ee5d5eb9b364e57818da3678644deec6a705c5878fcd40e5876,3881,0,1,1
1,1,0,0,14,0.049048384000343503,0.024302999999999998,0.024638,25489408,NA,NA,NA,NA,NA,NA,NA,NA,32824,35142,517,1,5a24ee2382083ee5d5eb9b364e57818da3678644deec6a705c5878fcd40e5876,3879,0,1,0
1,1,1,1,14,0.037684787999751279,0.022941,0.014383,25440256,NA,NA,NA,NA,NA,NA,NA,NA,32824,35142,517,1,5a24ee2382083ee5d5eb9b364e57818da3678644deec6a705c5878fcd40e5876,3876,0,1,0
1,1,0,1,8,0.025311511002655607,0.018055999999999999,0.0071339999999999997,25313280,NA,NA,NA,NA,NA,NA,NA,NA,13904,5066,257,64,f70f03940df99c8ce0b0b02082129e05360030bd32e6edc5877c0f69a31bb0a4,3906,0,1,2
1,1,1,0,8,0.020475119999900926,0.012425,0.0079410000000000001,25378816,NA,NA,NA,NA,NA,NA,NA,NA,13904,5066,257,64,f70f03940df99c8ce0b0b02082129e05360030bd32e6edc5877c0f69a31bb0a4,3916,0,1,0
1,1,0,1,20,0.046545463999791536,0.038127999999999995,0.0083090000000000004,29470720,NA,NA,NA,NA,NA,NA,NA,NA,220064,89118,2402,8,9bed9a0bde0e198846d4983ba78bcd51e5e45d614941dd9bc544c1667832b5ea,4864,0,1,1
1,1,1,0,20,0.053719659998023417,0.048628999999999999,0.0049719999999999999,29294592,NA,NA,NA,NA,NA,NA,NA,NA,220064,89118,2402,8,9bed9a0bde0e198846d4983ba78bcd51e5e45d614941dd9bc544c1667832b5ea,4872,0,1,1
1,1,0,1,18,0.041057943999476265,0.01983,0.021078,27906048,NA,NA,NA,NA,NA,NA,NA,NA,94392,29499,417,8,ec97d55cded7bb1cbf8e12495905cb68073380af6a6370282abb8f233d21e857,4252,0,1,3
1,1,1,0,18,0.026808172999153612,0.015754999999999998,0.010945,27205632,NA,NA,NA,NA,NA,NA,NA,NA,94392,29499,417,8,ec97d55cded7bb1cbf8e12495905cb68073380af6a6370282abb8f233d21e857,4247,0,1,1
1,1,0,0,13,0.022593548001168529,0.0224,0,25341952,NA,NA,NA,NA,NA,NA,NA,NA,41016,35142,517,1,662bf8c3f785828e59b2e955c5f9255272bd2640c5dd7e9c2804e24f24350bdf,3885,0,1,1
1,1,1,1,13,0.022217293000721838,0.017686,0.0044139999999999995,25214976,NA,NA,NA,NA,NA,NA,NA,NA,41016,35142,517,1,662bf8c3f785828e59b2e955c5f9255272bd2640c5dd7e9c2804e24f24350bdf,3876,0,1,0
1,1,0,1,0,0.030060043001867598,0.016108999999999998,0.013732999999999999,24489984,NA,NA,NA,NA,NA,NA,NA,NA,2008,136,5,1,a8c1633e798ef980493443e67e6fdb6eada42f775edf7051d304d09c3ddadf5a,3658,0,1,0
1,1,1,0,0,0.01910159500039299,0.0078189999999999996,0.011169,24350720,NA,NA,NA,NA,NA,NA,NA,NA,2008,136,5,1,a8c1633e798ef980493443e67e6fdb6eada42f775edf7051d304d09c3ddadf5a,3666,0,1,0
1,1,0,1,3,0.020266964998882031,0.012235999999999999,0.0079080000000000001,24473600,NA,NA,NA,NA,NA,NA,NA,NA,2008,136,5,1,8210b4f6eac12a20575e673437437e82cfff653da437ea17992a3aed56a99207,3652,0,1,0
1,1,1,0,3,0.034477052999136504,0.0070659999999999994,0.027236,24514560,NA,NA,NA,NA,NA,NA,NA,NA,2008,136,5,1,8210b4f6eac12a20575e673437437e82cfff653da437ea17992a3aed56a99207,3644,0,1,0
1,1,0,0,23,0.046763180998823373,0.023292999999999998,0.023358999999999998,29556736,NA,NA,NA,NA,NA,NA,NA,NA,180960,89118,2402,8,46606a158b66af8518456db0739cae64d8d2e5f9a80404e15ddbb91810d3af0d,4901,0,1,0
1,1,1,1,23,0.0384582920014509,0.030324999999999998,0.008012,30851072,NA,NA,NA,NA,NA,NA,NA,NA,180960,89118,2402,8,46606a158b66af8518456db0739cae64d8d2e5f9a80404e15ddbb91810d3af0d,4904,0,1,0
1,1,0,0,1,0.020271509001759114,0.016187,0.003967,24248320,NA,NA,NA,NA,NA,NA,NA,NA,2056,136,5,1,6b21b079ef6f8f7f055926600e53b906dd7be041e021dd2791b7aa8c55e24585,3640,0,1,2
1,1,1,1,1,0.021901700001762947,0.015045999999999999,0.0067529999999999995,24195072,NA,NA,NA,NA,NA,NA,NA,NA,2056,136,5,1,6b21b079ef6f8f7f055926600e53b906dd7be041e021dd2791b7aa8c55e24585,3648,0,1,1
1,1,0,1,2,0.019251259000157006,0.0076379999999999998,0.011493999999999999,25239552,NA,NA,NA,NA,NA,NA,NA,NA,2008,136,5,1,8210b4f6eac12a20575e673437437e82cfff653da437ea17992a3aed56a99207,3645,0,1,0
1,1,1,0,2,0.030280697999842232,0.016330000000000001,0.013812999999999999,24154112,NA,NA,NA,NA,NA,NA,NA,NA,2008,136,5,1,8210b4f6eac12a20575e673437437e82cfff653da437ea17992a3aed56a99207,3641,0,1,4
1,1,0,0,17,0.031231278997438494,0.022225999999999999,0.0088989999999999989,26681344,NA,NA,NA,NA,NA,NA,NA,NA,127800,29499,417,8,cf7b13a857f01f4a14779c4cf8ec5e795ca6dd011a53f4345643bcaf3709f18a,4257,0,1,0
1,1,1,1,17,0.035389003001910169,0.029436999999999998,0.0058349999999999999,28164096,NA,NA,NA,NA,NA,NA,NA,NA,127800,29499,417,8,cf7b13a857f01f4a14779c4cf8ec5e795ca6dd011a53f4345643bcaf3709f18a,4263,0,1,0
1,1,0,1,19,0.027441785001428798,0.013122999999999999,0.013276,27009024,NA,NA,NA,NA,NA,NA,NA,NA,94392,29499,417,8,ec97d55cded7bb1cbf8e12495905cb68073380af6a6370282abb8f233d21e857,4259,0,1,0
1,1,1,0,19,0.026922412002022611,0.017325,0.0094920000000000004,26898432,NA,NA,NA,NA,NA,NA,NA,NA,94392,29499,417,8,ec97d55cded7bb1cbf8e12495905cb68073380af6a6370282abb8f233d21e857,4249,0,1,0
1,1,0,0,11,0.021990363999066176,0.014287999999999999,0.007574,25116672,NA,NA,NA,NA,NA,NA,NA,NA,14928,5066,257,64,9655be68483f45304d566dfb3dc63ba1458a5653029061a6b60617464768d366,3847,0,1,0
1,1,1,1,11,0.021193570999457734,0.016788999999999998,0.0042989999999999999,26361856,NA,NA,NA,NA,NA,NA,NA,NA,14928,5066,257,64,9655be68483f45304d566dfb3dc63ba1458a5653029061a6b60617464768d366,3852,0,1,0
1,1,0,0,22,0.036828447999141645,0.028898999999999998,0.0077669999999999996,29286400,NA,NA,NA,NA,NA,NA,NA,NA,180960,89118,2402,8,46606a158b66af8518456db0739cae64d8d2e5f9a80404e15ddbb91810d3af0d,4837,0,1,0
1,1,1,1,22,0.039386641001328826,0.018735999999999999,0.020527999999999998,29622272,NA,NA,NA,NA,NA,NA,NA,NA,180960,89118,2402,8,46606a158b66af8518456db0739cae64d8d2e5f9a80404e15ddbb91810d3af0d,4833,0,1,0
1,1,0,1,4,0.02204500700099743,0.010992999999999999,0.010957999999999999,25382912,NA,NA,NA,NA,NA,NA,NA,NA,22160,6529,133,1,3ac5102c6f2bc513eb86f2343729d5f51295afd9e738a690903fa32334fb4c28,3864,0,1,0
1,1,1,0,4,0.022304256999632344,0.017637,0.0045579999999999996,25018368,NA,NA,NA,NA,NA,NA,NA,NA,22160,6529,133,1,3ac5102c6f2bc513eb86f2343729d5f51295afd9e738a690903fa32334fb4c28,3856,0,1,2
1,1,0,0,12,0.024736698997003259,0.020334999999999999,0.0042789999999999998,25419776,NA,NA,NA,NA,NA,NA,NA,NA,40904,35142,517,1,5c836afd34e5659fc140fff27358a40506e741bf81aa02c58678151e3747eac9,3924,0,1,0
1,1,1,1,12,0.022310671000013826,0.0091129999999999996,0.013056999999999999,25714688,NA,NA,NA,NA,NA,NA,NA,NA,40904,35142,517,1,5c836afd34e5659fc140fff27358a40506e741bf81aa02c58678151e3747eac9,3932,0,1,2
1,1,0,0,7,0.021968131000903668,0.018110999999999999,0.0037659999999999998,25251840,NA,NA,NA,NA,NA,NA,NA,NA,17504,6529,133,1,5e7e7625c8b52e7a71d9370c6c8ab5025ac2b81f4970efe917952ec17c538f1c,3862,0,1,0
1,1,1,1,7,0.027198447001865134,0.012881,0.014208,25313280,NA,NA,NA,NA,NA,NA,NA,NA,17504,6529,133,1,5e7e7625c8b52e7a71d9370c6c8ab5025ac2b81f4970efe917952ec17c538f1c,3872,0,1,0
1,1,0,1,9,0.021368827001424506,0.0080079999999999995,0.013245999999999999,25427968,NA,NA,NA,NA,NA,NA,NA,NA,20048,5066,257,64,d8d78f7bb977c6f730c6b5cdfaa88bed294d141a9777385856f783cc112e0874,3842,0,1,2
1,1,1,0,9,0.022510506001708563,0.014827,0.0075779999999999997,25018368,NA,NA,NA,NA,NA,NA,NA,NA,20048,5066,257,64,d8d78f7bb977c6f730c6b5cdfaa88bed294d141a9777385856f783cc112e0874,3848,0,1,0
1,1,0,0,5,0.023277913001948036,0.012714999999999999,0.010466,25182208,NA,NA,NA,NA,NA,NA,NA,NA,25888,6529,133,1,6cbbbbf695d9298d218c01af658d12c9a04646e608628360a5a03df9e71e6d9c,3861,0,1,0
1,1,1,1,5,0.026351641001383541,0.018711999999999999,0.007456,25460736,NA,NA,NA,NA,NA,NA,NA,NA,25888,6529,133,1,6cbbbbf695d9298d218c01af658d12c9a04646e608628360a5a03df9e71e6d9c,3868,0,1,3
1,1,0,0,10,0.021608822000416694,0.014306999999999999,0.0072099999999999994,25305088,NA,NA,NA,NA,NA,NA,NA,NA,14928,5066,257,64,9655be68483f45304d566dfb3dc63ba1458a5653029061a6b60617464768d366,3849,0,1,0
1,1,1,1,10,0.020527995002339594,0.016458,0.0039610000000000001,25333760,NA,NA,NA,NA,NA,NA,NA,NA,14928,5066,257,64,9655be68483f45304d566dfb3dc63ba1458a5653029061a6b60617464768d366,3833,0,1,3
1,1,0,1,21,0.037286099999619182,0.021159999999999998,0.015996,29908992,NA,NA,NA,NA,NA,NA,NA,NA,277920,89118,2402,8,089ec4ce05f5e4d43e3e352375117ee462b31249b272f87015d01ad0429bd7f9,4902,0,1,1
1,1,1,0,21,0.046204354999645147,0.032769,0.013295999999999999,29818880,NA,NA,NA,NA,NA,NA,NA,NA,277920,89118,2402,8,089ec4ce05f5e4d43e3e352375117ee462b31249b272f87015d01ad0429bd7f9,4907,0,1,1
1,1,0,1,16,0.041100447000644635,0.032575,0.0084180000000000001,27361280,NA,NA,NA,NA,NA,NA,NA,NA,136888,29499,417,8,af3bdbbd0003d101664215b713d407f2160931601787a4fad2f046110caa3e72,4321,0,1,0
1,1,1,0,16,0.032282891999784624,0.020105999999999999,0.012036999999999999,27140096,NA,NA,NA,NA,NA,NA,NA,NA,136888,29499,417,8,af3bdbbd0003d101664215b713d407f2160931601787a4fad2f046110caa3e72,4334,0,0,2
1,2,0,0,15,0.021841368998138933,0.011027,0.010704,25378816,NA,NA,NA,NA,NA,NA,NA,NA,32824,35142,517,1,5a24ee2382083ee5d5eb9b364e57818da3678644deec6a705c5878fcd40e5876,3891,0,1,2
1,2,1,1,15,0.020964067000022624,0.012874999999999999,0.0079939999999999994,25518080,NA,NA,NA,NA,NA,NA,NA,NA,32824,35142,517,1,5a24ee2382083ee5d5eb9b364e57818da3678644deec6a705c5878fcd40e5876,3894,0,1,0
1,2,0,1,9,0.02200922699921648,0.014532999999999999,0.0073559999999999997,26324992,NA,NA,NA,NA,NA,NA,NA,NA,20048,5066,257,64,d8d78f7bb977c6f730c6b5cdfaa88bed294d141a9777385856f783cc112e0874,3855,0,1,2
1,2,1,0,9,0.018680215001950273,0.0073299999999999997,0.011254,25329664,NA,NA,NA,NA,NA,NA,NA,NA,20048,5066,257,64,d8d78f7bb977c6f730c6b5cdfaa88bed294d141a9777385856f783cc112e0874,3853,0,1,0
1,2,0,0,13,0.020843656999204541,0.012619999999999999,0.0081259999999999995,25440256,NA,NA,NA,NA,NA,NA,NA,NA,41016,35142,517,1,662bf8c3f785828e59b2e955c5f9255272bd2640c5dd7e9c2804e24f24350bdf,3890,0,1,0
1,2,1,1,13,0.026035443999717245,0.011013,0.014914999999999999,25571328,NA,NA,NA,NA,NA,NA,NA,NA,41016,35142,517,1,662bf8c3f785828e59b2e955c5f9255272bd2640c5dd7e9c2804e24f24350bdf,3879,0,1,0
1,2,0,1,18,0.057373513998754788,0.043905,0.013365,26918912,NA,NA,NA,NA,NA,NA,NA,NA,94392,29499,417,8,ec97d55cded7bb1cbf8e12495905cb68073380af6a6370282abb8f233d21e857,4238,0,1,0
1,2,1,0,18,0.025297953998233424,0.012208999999999999,0.012624999999999999,26882048,NA,NA,NA,NA,NA,NA,NA,NA,94392,29499,417,8,ec97d55cded7bb1cbf8e12495905cb68073380af6a6370282abb8f233d21e857,4247,0,1,1
1,2,0,1,1,0.02669583700117073,0.015618999999999999,0.0097520000000000003,24309760,NA,NA,NA,NA,NA,NA,NA,NA,2056,136,5,1,6b21b079ef6f8f7f055926600e53b906dd7be041e021dd2791b7aa8c55e24585,3631,0,1,1
1,2,1,0,1,0.021905124998738756,0.015014999999999999,0.0067619999999999998,24227840,NA,NA,NA,NA,NA,NA,NA,NA,2056,136,5,1,6b21b079ef6f8f7f055926600e53b906dd7be041e021dd2791b7aa8c55e24585,3640,0,1,1
1,2,0,1,22,0.034692528999585193,0.021610000000000001,0.012964,29556736,NA,NA,NA,NA,NA,NA,NA,NA,180960,89118,2402,8,46606a158b66af8518456db0739cae64d8d2e5f9a80404e15ddbb91810d3af0d,4846,0,0,0
1,2,1,0,22,0.053425909998622956,0.041780999999999999,0.011528,29184000,NA,NA,NA,NA,NA,NA,NA,NA,180960,89118,2402,8,46606a158b66af8518456db0739cae64d8d2e5f9a80404e15ddbb91810d3af0d,4836,0,1,1
1,2,0,0,5,0.02113213900156552,0.010995999999999999,0.010034999999999999,25247744,NA,NA,NA,NA,NA,NA,NA,NA,25888,6529,133,1,6cbbbbf695d9298d218c01af658d12c9a04646e608628360a5a03df9e71e6d9c,3863,0,1,0
1,2,1,1,5,0.024373617001401726,0.019525000000000001,0.004744,25116672,NA,NA,NA,NA,NA,NA,NA,NA,25888,6529,133,1,6cbbbbf695d9298d218c01af658d12c9a04646e608628360a5a03df9e71e6d9c,3851,0,1,0
1,2,0,0,23,0.048901838999881875,0.027220999999999999,0.021571999999999997,29523968,NA,NA,NA,NA,NA,NA,NA,NA,180960,89118,2402,8,46606a158b66af8518456db0739cae64d8d2e5f9a80404e15ddbb91810d3af0d,4901,0,1,0
1,2,1,1,23,0.042354404002253432,0.026792,0.015332,29802496,NA,NA,NA,NA,NA,NA,NA,NA,180960,89118,2402,8,46606a158b66af8518456db0739cae64d8d2e5f9a80404e15ddbb91810d3af0d,4889,0,1,0
1,2,0,0,14,0.023269420998985879,0.019536999999999999,0.0036119999999999998,25260032,NA,NA,NA,NA,NA,NA,NA,NA,32824,35142,517,1,5a24ee2382083ee5d5eb9b364e57818da3678644deec6a705c5878fcd40e5876,3883,0,1,1
1,2,1,1,14,0.022323258999676909,0.014369999999999999,0.0078529999999999989,25554944,NA,NA,NA,NA,NA,NA,NA,NA,32824,35142,517,1,5a24ee2382083ee5d5eb9b364e57818da3678644deec6a705c5878fcd40e5876,3886,0,1,0
1,2,0,0,21,0.037963956001476618,0.029214999999999998,0.0086479999999999994,29786112,NA,NA,NA,NA,NA,NA,NA,NA,277920,89118,2402,8,089ec4ce05f5e4d43e3e352375117ee462b31249b272f87015d01ad0429bd7f9,4909,0,1,0
1,2,1,1,21,0.035940394998760894,0.023019999999999999,0.011304999999999999,29884416,NA,NA,NA,NA,NA,NA,NA,NA,277920,89118,2402,8,089ec4ce05f5e4d43e3e352375117ee462b31249b272f87015d01ad0429bd7f9,4902,0,1,1
1,2,0,1,4,0.023713703998510027,0.019459000000000001,0.0041120000000000002,25051136,NA,NA,NA,NA,NA,NA,NA,NA,22160,6529,133,1,3ac5102c6f2bc513eb86f2343729d5f51295afd9e738a690903fa32334fb4c28,3862,0,1,0
1,2,1,0,4,0.026710435999120818,0.017604999999999999,0.0089829999999999997,25116672,NA,NA,NA,NA,NA,NA,NA,NA,22160,6529,133,1,3ac5102c6f2bc513eb86f2343729d5f51295afd9e738a690903fa32334fb4c28,3859,0,1,0
1,2,0,0,17,0.03309674900083337,0.027170999999999997,0.0030729999999999998,26996736,NA,NA,NA,NA,NA,NA,NA,NA,127800,29499,417,8,cf7b13a857f01f4a14779c4cf8ec5e795ca6dd011a53f4345643bcaf3709f18a,4260,0,0,0
1,2,1,1,17,0.026398802998301107,0.018415999999999998,0.0078599999999999989,27205632,NA,NA,NA,NA,NA,NA,NA,NA,127800,29499,417,8,cf7b13a857f01f4a14779c4cf8ec5e795ca6dd011a53f4345643bcaf3709f18a,4270,0,1,0
1,2,0,0,19,0.026088190999871586,0.014759999999999999,0.011221999999999999,26869760,NA,NA,NA,NA,NA,NA,NA,NA,94392,29499,417,8,ec97d55cded7bb1cbf8e12495905cb68073380af6a6370282abb8f233d21e857,4248,0,1,0
1,2,1,1,19,0.024548117999074748,0.020246,0.0042109999999999995,27205632,NA,NA,NA,NA,NA,NA,NA,NA,94392,29499,417,8,ec97d55cded7bb1cbf8e12495905cb68073380af6a6370282abb8f233d21e857,4245,0,1,0
1,2,0,1,6,0.023370147999230539,0.011498999999999999,0.011772999999999999,25202688,NA,NA,NA,NA,NA,NA,NA,NA,17504,6529,133,1,5e7e7625c8b52e7a71d9370c6c8ab5025ac2b81f4970efe917952ec17c538f1c,3844,0,1,0
1,2,1,0,6,0.023345076999248704,0.012388,0.010848999999999999,25247744,NA,NA,NA,NA,NA,NA,NA,NA,17504,6529,133,1,5e7e7625c8b52e7a71d9370c6c8ab5025ac2b81f4970efe917952ec17c538f1c,3855,0,1,0
1,2,0,0,11,0.020545054001559038,0.011942999999999999,0.0084969999999999993,25182208,NA,NA,NA,NA,NA,NA,NA,NA,14928,5066,257,64,9655be68483f45304d566dfb3dc63ba1458a5653029061a6b60617464768d366,3848,0,1,1
1,2,1,1,11,0.020337758000096073,0.0077069999999999994,0.012516999999999999,25550848,NA,NA,NA,NA,NA,NA,NA,NA,14928,5066,257,64,9655be68483f45304d566dfb3dc63ba1458a5653029061a6b60617464768d366,3857,0,1,0
1,2,0,0,7,0.019252193000284024,0.011505999999999999,0.0076549999999999995,25260032,NA,NA,NA,NA,NA,NA,NA,NA,17504,6529,133,1,5e7e7625c8b52e7a71d9370c6c8ab5025ac2b81f4970efe917952ec17c538f1c,3861,0,1,0
1,2,1,1,7,0.022098195000580745,0.0071109999999999993,0.014884,26222592,NA,NA,NA,NA,NA,NA,NA,NA,17504,6529,133,1,5e7e7625c8b52e7a71d9370c6c8ab5025ac2b81f4970efe917952ec17c538f1c,3867,0,1,1
1,2,0,1,0,0.022658615998807363,0.012187,0.010340999999999999,24330240,NA,NA,NA,NA,NA,NA,NA,NA,2008,136,5,1,a8c1633e798ef980493443e67e6fdb6eada42f775edf7051d304d09c3ddadf5a,3653,0,1,0
1,2,1,0,0,0.14810858100099722,0.016823999999999999,0.12502199999999999,24350720,NA,NA,NA,NA,NA,NA,NA,NA,2008,136,5,1,a8c1633e798ef980493443e67e6fdb6eada42f775edf7051d304d09c3ddadf5a,3665,0,1,3
1,2,0,1,2,0.027524930999788921,0.022307999999999998,0.0045639999999999995,24334336,NA,NA,NA,NA,NA,NA,NA,NA,2008,136,5,1,8210b4f6eac12a20575e673437437e82cfff653da437ea17992a3aed56a99207,3633,0,1,1
1,2,1,0,2,0.082463577997259563,0.014695999999999999,0.067652000000000004,24567808,NA,NA,NA,NA,NA,NA,NA,NA,2008,136,5,1,8210b4f6eac12a20575e673437437e82cfff653da437ea17992a3aed56a99207,3641,0,1,0
1,2,0,1,20,0.061486564998631366,0.033861999999999996,0.027451,29712384,NA,NA,NA,NA,NA,NA,NA,NA,220064,89118,2402,8,9bed9a0bde0e198846d4983ba78bcd51e5e45d614941dd9bc544c1667832b5ea,4881,0,1,0
1,2,1,0,20,0.085040742000273895,0.043519999999999996,0.041332999999999995,29294592,NA,NA,NA,NA,NA,NA,NA,NA,220064,89118,2402,8,9bed9a0bde0e198846d4983ba78bcd51e5e45d614941dd9bc544c1667832b5ea,4873,0,1,0
1,2,0,0,12,0.034356012001808267,0.029328,0.0048939999999999999,25309184,NA,NA,NA,NA,NA,NA,NA,NA,40904,35142,517,1,5c836afd34e5659fc140fff27358a40506e741bf81aa02c58678151e3747eac9,3925,0,1,1
1,2,1,1,12,0.021982849000778515,0.017436999999999998,0.0044219999999999997,25677824,NA,NA,NA,NA,NA,NA,NA,NA,40904,35142,517,1,5c836afd34e5659fc140fff27358a40506e741bf81aa02c58678151e3747eac9,3932,0,1,1
1,2,0,1,10,0.024587724001321476,0.013132999999999999,0.010921,25116672,NA,NA,NA,NA,NA,NA,NA,NA,14928,5066,257,64,9655be68483f45304d566dfb3dc63ba1458a5653029061a6b60617464768d366,3856,0,1,0
1,2,1,0,10,0.030877320998115465,0.019162999999999999,0.011590999999999999,25219072,NA,NA,NA,NA,NA,NA,NA,NA,14928,5066,257,64,9655be68483f45304d566dfb3dc63ba1458a5653029061a6b60617464768d366,3849,0,1,1
1,2,0,0,16,0.038691038997058058,0.014641,0.023793999999999999,26910720,NA,NA,NA,NA,NA,NA,NA,NA,136888,29499,417,8,af3bdbbd0003d101664215b713d407f2160931601787a4fad2f046110caa3e72,4332,0,1,0
1,2,1,1,16,0.032344053997803712,0.024258999999999999,0.0078300000000000002,28237824,NA,NA,NA,NA,NA,NA,NA,NA,136888,29499,417,8,af3bdbbd0003d101664215b713d407f2160931601787a4fad2f046110caa3e72,4334,0,1,2
1,2,0,1,3,0.021002282999688759,0.016309999999999998,0.0044029999999999998,24555520,NA,NA,NA,NA,NA,NA,NA,NA,2008,136,5,1,8210b4f6eac12a20575e673437437e82cfff653da437ea17992a3aed56a99207,3650,0,1,0
1,2,1,0,3,0.021773903001303552,0.017388000000000001,0.0042009999999999999,24268800,NA,NA,NA,NA,NA,NA,NA,NA,2008,136,5,1,8210b4f6eac12a20575e673437437e82cfff653da437ea17992a3aed56a99207,3643,0,1,0
1,2,0,1,8,0.039966845000890316,0.015688999999999998,0.024139999999999998,25624576,NA,NA,NA,NA,NA,NA,NA,NA,13904,5066,257,64,f70f03940df99c8ce0b0b02082129e05360030bd32e6edc5877c0f69a31bb0a4,3922,0,1,3
1,2,1,0,8,0.023001057001238223,0.013781999999999999,0.0090910000000000001,25497600,NA,NA,NA,NA,NA,NA,NA,NA,13904,5066,257,64,f70f03940df99c8ce0b0b02082129e05360030bd32e6edc5877c0f69a31bb0a4,3917,0,1,1
1,3,0,0,18,0.02603028399971663,0.022796,0.0031289999999999998,27156480,NA,NA,NA,NA,NA,NA,NA,NA,94392,29499,417,8,ec97d55cded7bb1cbf8e12495905cb68073380af6a6370282abb8f233d21e857,4251,0,1,0
1,3,1,1,18,0.030426052999246167,0.026681,0.0036479999999999998,28024832,NA,NA,NA,NA,NA,NA,NA,NA,94392,29499,417,8,ec97d55cded7bb1cbf8e12495905cb68073380af6a6370282abb8f233d21e857,4253,0,1,0
1,3,0,0,6,0.021292466000886634,0.017033,0.0041649999999999994,25280512,NA,NA,NA,NA,NA,NA,NA,NA,17504,6529,133,1,5e7e7625c8b52e7a71d9370c6c8ab5025ac2b81f4970efe917952ec17c538f1c,3856,0,1,0
1,3,1,1,6,0.022064729000703664,0.014803,0.0071569999999999993,25407488,NA,NA,NA,NA,NA,NA,NA,NA,17504,6529,133,1,5e7e7625c8b52e7a71d9370c6c8ab5025ac2b81f4970efe917952ec17c538f1c,3864,0,1,0
1,3,0,1,5,0.020620457999029895,0.012336,0.0081859999999999988,25288704,NA,NA,NA,NA,NA,NA,NA,NA,25888,6529,133,1,6cbbbbf695d9298d218c01af658d12c9a04646e608628360a5a03df9e71e6d9c,3850,0,1,0
1,3,1,0,5,0.022860769000544678,0.012924999999999999,0.0098230000000000001,25001984,NA,NA,NA,NA,NA,NA,NA,NA,25888,6529,133,1,6cbbbbf695d9298d218c01af658d12c9a04646e608628360a5a03df9e71e6d9c,3857,0,1,1
1,3,0,0,2,0.020995478000259027,0.016397999999999999,0.0044650000000000002,24231936,NA,NA,NA,NA,NA,NA,NA,NA,2008,136,5,1,8210b4f6eac12a20575e673437437e82cfff653da437ea17992a3aed56a99207,3640,0,1,0
1,3,1,1,2,0.024179814998205984,0.014624999999999999,0.0094640000000000002,24436736,NA,NA,NA,NA,NA,NA,NA,NA,2008,136,5,1,8210b4f6eac12a20575e673437437e82cfff653da437ea17992a3aed56a99207,3633,0,1,0
1,3,0,1,17,0.027608288000919856,0.023486999999999997,0.0040000000000000001,27213824,NA,NA,NA,NA,NA,NA,NA,NA,127800,29499,417,8,cf7b13a857f01f4a14779c4cf8ec5e795ca6dd011a53f4345643bcaf3709f18a,4267,0,1,1
1,3,1,0,17,0.029007372002524789,0.011389,0.017516999999999998,26910720,NA,NA,NA,NA,NA,NA,NA,NA,127800,29499,417,8,cf7b13a857f01f4a14779c4cf8ec5e795ca6dd011a53f4345643bcaf3709f18a,4257,0,1,1
1,3,0,1,12,0.1609923770010937,0.037326999999999999,0.123153,26431488,NA,NA,NA,NA,NA,NA,NA,NA,40904,35142,517,1,5c836afd34e5659fc140fff27358a40506e741bf81aa02c58678151e3747eac9,3929,0,1,1
1,3,1,0,12,0.038940668000577716,0.017571,0.021232999999999998,25370624,NA,NA,NA,NA,NA,NA,NA,NA,40904,35142,517,1,5c836afd34e5659fc140fff27358a40506e741bf81aa02c58678151e3747eac9,3924,0,1,1
1,3,0,0,3,0.022967238997807726,0.013047999999999999,0.0097619999999999998,24629248,NA,NA,NA,NA,NA,NA,NA,NA,2008,136,5,1,8210b4f6eac12a20575e673437437e82cfff653da437ea17992a3aed56a99207,3641,0,1,1
1,3,1,1,3,0.022951352002564818,0.0094929999999999997,0.013332999999999999,25329664,NA,NA,NA,NA,NA,NA,NA,NA,2008,136,5,1,8210b4f6eac12a20575e673437437e82cfff653da437ea17992a3aed56a99207,3650,0,1,1
1,3,0,1,14,0.11531420599931153,0.028558999999999998,0.086606000000000002,26300416,NA,NA,NA,NA,NA,NA,NA,NA,32824,35142,517,1,5a24ee2382083ee5d5eb9b364e57818da3678644deec6a705c5878fcd40e5876,3885,0,1,0
1,3,1,0,14,0.11690664799971273,0.064578999999999998,0.052135999999999995,25276416,NA,NA,NA,NA,NA,NA,NA,NA,32824,35142,517,1,5a24ee2382083ee5d5eb9b364e57818da3678644deec6a705c5878fcd40e5876,3877,0,1,1
1,3,0,1,7,0.059285699000611203,0.019733999999999998,0.039350999999999997,25571328,NA,NA,NA,NA,NA,NA,NA,NA,17504,6529,133,1,5e7e7625c8b52e7a71d9370c6c8ab5025ac2b81f4970efe917952ec17c538f1c,3872,0,1,0
1,3,1,0,7,0.025776135000342038,0.020414999999999999,0.0052139999999999999,25133056,NA,NA,NA,NA,NA,NA,NA,NA,17504,6529,133,1,5e7e7625c8b52e7a71d9370c6c8ab5025ac2b81f4970efe917952ec17c538f1c,3863,0,1,0
1,3,0,1,23,0.044947243000933668,0.029822999999999999,0.015007,29773824,NA,NA,NA,NA,NA,NA,NA,NA,180960,89118,2402,8,46606a158b66af8518456db0739cae64d8d2e5f9a80404e15ddbb91810d3af0d,4888,0,1,0
1,3,1,0,23,0.049495912000566022,0.040284,0.0090980000000000002,29528064,NA,NA,NA,NA,NA,NA,NA,NA,180960,89118,2402,8,46606a158b66af8518456db0739cae64d8d2e5f9a80404e15ddbb91810d3af0d,4905,0,1,0
1,3,0,1,15,0.021451598000567174,0.013692999999999999,0.0076239999999999997,25382912,NA,NA,NA,NA,NA,NA,NA,NA,32824,35142,517,1,5a24ee2382083ee5d5eb9b364e57818da3678644deec6a705c5878fcd40e5876,3877,0,1,0
1,3,1,0,15,0.020221905000653351,0.016229999999999998,0.0038869999999999998,25432064,NA,NA,NA,NA,NA,NA,NA,NA,32824,35142,517,1,5a24ee2382083ee5d5eb9b364e57818da3678644deec6a705c5878fcd40e5876,3884,0,1,0
1,3,0,1,21,0.14653399300004821,0.090701999999999991,0.054994999999999995,30052352,NA,NA,NA,NA,NA,NA,NA,NA,277920,89118,2402,8,089ec4ce05f5e4d43e3e352375117ee462b31249b272f87015d01ad0429bd7f9,4900,0,1,1
1,3,1,0,21,0.12319719399965834,0.034741000000000001,0.083023,29827072,NA,NA,NA,NA,NA,NA,NA,NA,277920,89118,2402,8,089ec4ce05f5e4d43e3e352375117ee462b31249b272f87015d01ad0429bd7f9,4907,0,0,2
1,3,0,0,20,0.10520965699834051,0.036172999999999997,0.068506999999999998,29667328,NA,NA,NA,NA,NA,NA,NA,NA,220064,89118,2402,8,9bed9a0bde0e198846d4983ba78bcd51e5e45d614941dd9bc544c1667832b5ea,4872,0,1,2
1,3,1,1,20,0.055664503997832071,0.041902999999999996,0.012235999999999999,29769728,NA,NA,NA,NA,NA,NA,NA,NA,220064,89118,2402,8,9bed9a0bde0e198846d4983ba78bcd51e5e45d614941dd9bc544c1667832b5ea,4878,0,1,4
1,3,0,0,10,0.026321149001887534,0.014808999999999999,0.011304999999999999,25116672,NA,NA,NA,NA,NA,NA,NA,NA,14928,5066,257,64,9655be68483f45304d566dfb3dc63ba1458a5653029061a6b60617464768d366,3847,0,1,0
1,3,1,1,10,0.047638508000090951,0.015611999999999999,0.031886999999999999,25493504,NA,NA,NA,NA,NA,NA,NA,NA,14928,5066,257,64,9655be68483f45304d566dfb3dc63ba1458a5653029061a6b60617464768d366,3855,0,1,1
1,3,0,1,19,0.024263072999019641,0.016118,0.0080499999999999999,26988544,NA,NA,NA,NA,NA,NA,NA,NA,94392,29499,417,8,ec97d55cded7bb1cbf8e12495905cb68073380af6a6370282abb8f233d21e857,4241,0,1,0
1,3,1,0,19,0.040699749999475898,0.027792999999999998,0.01277,26877952,NA,NA,NA,NA,NA,NA,NA,NA,94392,29499,417,8,ec97d55cded7bb1cbf8e12495905cb68073380af6a6370282abb8f233d21e857,4250,0,1,0
1,3,0,0,9,0.036601443000108702,0.013108,0.023386000000000001,25153536,NA,NA,NA,NA,NA,NA,NA,NA,20048,5066,257,64,d8d78f7bb977c6f730c6b5cdfaa88bed294d141a9777385856f783cc112e0874,3850,0,1,0
1,3,1,1,9,0.027403563999541802,0.012614,0.014683,25370624,NA,NA,NA,NA,NA,NA,NA,NA,20048,5066,257,64,d8d78f7bb977c6f730c6b5cdfaa88bed294d141a9777385856f783cc112e0874,3839,0,1,0
1,3,0,1,13,0.023337439000897575,0.010666,0.012553,26365952,NA,NA,NA,NA,NA,NA,NA,NA,41016,35142,517,1,662bf8c3f785828e59b2e955c5f9255272bd2640c5dd7e9c2804e24f24350bdf,3894,0,1,1
1,3,1,0,13,0.021234030999039533,0.016878999999999998,0.0042629999999999994,25382912,NA,NA,NA,NA,NA,NA,NA,NA,41016,35142,517,1,662bf8c3f785828e59b2e955c5f9255272bd2640c5dd7e9c2804e24f24350bdf,3885,0,1,0
1,3,0,1,11,0.020424000002094544,0.012314,0.008005,25591808,NA,NA,NA,NA,NA,NA,NA,NA,14928,5066,257,64,9655be68483f45304d566dfb3dc63ba1458a5653029061a6b60617464768d366,3836,0,1,0
1,3,1,0,11,0.018391924000752624,0.018273999999999999,0,25153536,NA,NA,NA,NA,NA,NA,NA,NA,14928,5066,257,64,9655be68483f45304d566dfb3dc63ba1458a5653029061a6b60617464768d366,3845,0,1,1
1,3,0,0,0,0.018019423001533141,0.010728,0.0071630000000000001,24330240,NA,NA,NA,NA,NA,NA,NA,NA,2008,136,5,1,a8c1633e798ef980493443e67e6fdb6eada42f775edf7051d304d09c3ddadf5a,3667,0,1,0
1,3,1,1,0,0.022055587000068044,0.016937000000000001,0.0050209999999999994,24399872,NA,NA,NA,NA,NA,NA,NA,NA,2008,136,5,1,a8c1633e798ef980493443e67e6fdb6eada42f775edf7051d304d09c3ddadf5a,3656,0,1,0
1,3,0,0,4,0.031714766002551187,0.017592,0.014029,25116672,NA,NA,NA,NA,NA,NA,NA,NA,22160,6529,133,1,3ac5102c6f2bc513eb86f2343729d5f51295afd9e738a690903fa32334fb4c28,3857,0,1,0
1,3,1,1,4,0.022026368998922408,0.018208999999999999,0.0037079999999999999,25337856,NA,NA,NA,NA,NA,NA,NA,NA,22160,6529,133,1,3ac5102c6f2bc513eb86f2343729d5f51295afd9e738a690903fa32334fb4c28,3844,0,1,1
1,3,0,0,22,0.038606810001510894,0.025847999999999999,0.012674999999999999,29212672,NA,NA,NA,NA,NA,NA,NA,NA,180960,89118,2402,8,46606a158b66af8518456db0739cae64d8d2e5f9a80404e15ddbb91810d3af0d,4837,0,1,0
1,3,1,1,22,0.045191211000201292,0.033368999999999996,0.011712999999999999,29499392,NA,NA,NA,NA,NA,NA,NA,NA,180960,89118,2402,8,46606a158b66af8518456db0739cae64d8d2e5f9a80404e15ddbb91810d3af0d,4830,0,1,0
1,3,0,0,8,0.021742711000115378,0.013228999999999999,0.008404,25530368,NA,NA,NA,NA,NA,NA,NA,NA,13904,5066,257,64,f70f03940df99c8ce0b0b02082129e05360030bd32e6edc5877c0f69a31bb0a4,3915,0,1,0
1,3,1,1,8,0.023563537000882206,0.019932999999999999,0.0035109999999999998,25624576,NA,NA,NA,NA,NA,NA,NA,NA,13904,5066,257,64,f70f03940df99c8ce0b0b02082129e05360030bd32e6edc5877c0f69a31bb0a4,3920,0,1,1
1,3,0,1,16,0.028091914999095025,0.020589,0.0074019999999999997,27394048,NA,NA,NA,NA,NA,NA,NA,NA,136888,29499,417,8,af3bdbbd0003d101664215b713d407f2160931601787a4fad2f046110caa3e72,4339,0,1,0
1,3,1,0,16,0.027646140002616448,0.023559,0.0040039999999999997,27000832,NA,NA,NA,NA,NA,NA,NA,NA,136888,29499,417,8,af3bdbbd0003d101664215b713d407f2160931601787a4fad2f046110caa3e72,4326,0,1,0
1,3,0,0,1,0.018285912999999709,0.013132999999999999,0.0033079999999999997,24199168,NA,NA,NA,NA,NA,NA,NA,NA,2056,136,5,1,6b21b079ef6f8f7f055926600e53b906dd7be041e021dd2791b7aa8c55e24585,3641,0,0,0
1,3,1,1,1,0.018027483998594107,0.010805,0.0070359999999999997,25264128,NA,NA,NA,NA,NA,NA,NA,NA,2056,136,5,1,6b21b079ef6f8f7f055926600e53b906dd7be041e021dd2791b7aa8c55e24585,3645,0,1,1
1,4,0,1,14,0.023027013001410523,0.0095909999999999988,0.013269999999999999,25432064,NA,NA,NA,NA,NA,NA,NA,NA,32824,35142,517,1,5a24ee2382083ee5d5eb9b364e57818da3678644deec6a705c5878fcd40e5876,3872,0,1,0
1,4,1,0,14,0.018395988998236135,0.014652999999999999,0.0036259999999999999,25423872,NA,NA,NA,NA,NA,NA,NA,NA,32824,35142,517,1,5a24ee2382083ee5d5eb9b364e57818da3678644deec6a705c5878fcd40e5876,3877,0,1,0
1,4,0,1,0,0.024075228000583593,0.018800999999999998,0.0051419999999999999,24686592,NA,NA,NA,NA,NA,NA,NA,NA,2008,136,5,1,a8c1633e798ef980493443e67e6fdb6eada42f775edf7051d304d09c3ddadf5a,3659,0,1,0
1,4,1,0,0,0.020201849001750816,0.015876999999999999,0.0042379999999999996,24473600,NA,NA,NA,NA,NA,NA,NA,NA,2008,136,5,1,a8c1633e798ef980493443e67e6fdb6eada42f775edf7051d304d09c3ddadf5a,3666,0,1,0
1,4,0,0,22,0.036357452001539059,0.032035000000000001,0.004241,29425664,NA,NA,NA,NA,NA,NA,NA,NA,180960,89118,2402,8,46606a158b66af8518456db0739cae64d8d2e5f9a80404e15ddbb91810d3af0d,4840,0,1,0
1,4,1,1,22,0.04178175700144493,0.03696,0.004712,29650944,NA,NA,NA,NA,NA,NA,NA,NA,180960,89118,2402,8,46606a158b66af8518456db0739cae64d8d2e5f9a80404e15ddbb91810d3af0d,4828,0,1,0
1,4,0,0,15,0.02361821699741995,0.012763,0.010673,25432064,NA,NA,NA,NA,NA,NA,NA,NA,32824,35142,517,1,5a24ee2382083ee5d5eb9b364e57818da3678644deec6a705c5878fcd40e5876,3884,0,1,1
1,4,1,1,15,0.026533673000812996,0.021628999999999999,0.0047109999999999999,26521600,NA,NA,NA,NA,NA,NA,NA,NA,32824,35142,517,1,5a24ee2382083ee5d5eb9b364e57818da3678644deec6a705c5878fcd40e5876,3896,0,1,0
1,4,0,1,6,0.020392726997670252,0.011958,0.0082539999999999992,26247168,NA,NA,NA,NA,NA,NA,NA,NA,17504,6529,133,1,5e7e7625c8b52e7a71d9370c6c8ab5025ac2b81f4970efe917952ec17c538f1c,3861,0,1,0
1,4,1,0,6,0.021457348000694765,0.010621999999999999,0.010706,25141248,NA,NA,NA,NA,NA,NA,NA,NA,17504,6529,133,1,5e7e7625c8b52e7a71d9370c6c8ab5025ac2b81f4970efe917952ec17c538f1c,3851,0,1,0
1,4,0,0,4,0.02490328500061878,0.01601,0.0087869999999999997,25120768,NA,NA,NA,NA,NA,NA,NA,NA,22160,6529,133,1,3ac5102c6f2bc513eb86f2343729d5f51295afd9e738a690903fa32334fb4c28,3857,0,1,0
1,4,1,1,4,0.025904150999849662,0.019091999999999998,0.0067129999999999993,25014272,NA,NA,NA,NA,NA,NA,NA,NA,22160,6529,133,1,3ac5102c6f2bc513eb86f2343729d5f51295afd9e738a690903fa32334fb4c28,3847,0,1,0
1,4,0,0,9,0.020667790999141289,0.016465,0.0040949999999999997,25174016,NA,NA,NA,NA,NA,NA,NA,NA,20048,5066,257,64,d8d78f7bb977c6f730c6b5cdfaa88bed294d141a9777385856f783cc112e0874,3849,0,1,0
1,4,1,1,9,0.022673578001558781,0.01124,0.011339999999999999,25460736,NA,NA,NA,NA,NA,NA,NA,NA,20048,5066,257,64,d8d78f7bb977c6f730c6b5cdfaa88bed294d141a9777385856f783cc112e0874,3840,0,1,0
1,4,0,0,8,0.019980952001787955,0.015793999999999999,0.0040629999999999998,25419776,NA,NA,NA,NA,NA,NA,NA,NA,13904,5066,257,64,f70f03940df99c8ce0b0b02082129e05360030bd32e6edc5877c0f69a31bb0a4,3916,0,1,0
1,4,1,1,8,0.02299382199998945,0.015406,0.007489,26521600,NA,NA,NA,NA,NA,NA,NA,NA,13904,5066,257,64,f70f03940df99c8ce0b0b02082129e05360030bd32e6edc5877c0f69a31bb0a4,3919,0,1,0
1,4,0,0,2,0.040425997001875658,0.014792,0.025065,24326144,NA,NA,NA,NA,NA,NA,NA,NA,2008,136,5,1,8210b4f6eac12a20575e673437437e82cfff653da437ea17992a3aed56a99207,3642,0,1,1
1,4,1,1,2,0.11841253499733284,0.024589,0.093669999999999989,24309760,NA,NA,NA,NA,NA,NA,NA,NA,2008,136,5,1,8210b4f6eac12a20575e673437437e82cfff653da437ea17992a3aed56a99207,3633,0,1,1
1,4,0,0,18,0.098505786998430267,0.021564999999999997,0.076790999999999998,27000832,NA,NA,NA,NA,NA,NA,NA,NA,94392,29499,417,8,ec97d55cded7bb1cbf8e12495905cb68073380af6a6370282abb8f233d21e857,4246,0,1,0
1,4,1,1,18,0.067581425999378553,0.023795999999999998,0.043639999999999998,27000832,NA,NA,NA,NA,NA,NA,NA,NA,94392,29499,417,8,ec97d55cded7bb1cbf8e12495905cb68073380af6a6370282abb8f233d21e857,4237,0,1,0
1,4,0,0,23,0.05201824200048577,0.033975999999999999,0.017787000000000001,29917184,NA,NA,NA,NA,NA,NA,NA,NA,180960,89118,2402,8,46606a158b66af8518456db0739cae64d8d2e5f9a80404e15ddbb91810d3af0d,4902,0,1,1
1,4,1,1,23,0.045841118000680581,0.043553999999999995,0.0021589999999999999,29810688,NA,NA,NA,NA,NA,NA,NA,NA,180960,89118,2402,8,46606a158b66af8518456db0739cae64d8d2e5f9a80404e15ddbb91810d3af0d,4889,0,1,0
1,4,0,0,17,0.0272638980022748,0.022387000000000001,0.0047539999999999995,26832896,NA,NA,NA,NA,NA,NA,NA,NA,127800,29499,417,8,cf7b13a857f01f4a14779c4cf8ec5e795ca6dd011a53f4345643bcaf3709f18a,4258,0,1,1
1,4,1,1,17,0.029092474000208313,0.01235,0.016636999999999999,27205632,NA,NA,NA,NA,NA,NA,NA,NA,127800,29499,417,8,cf7b13a857f01f4a14779c4cf8ec5e795ca6dd011a53f4345643bcaf3709f18a,4251,0,1,0
1,4,0,0,5,0.024731469999096589,0.019507999999999998,0.0051129999999999995,25223168,NA,NA,NA,NA,NA,NA,NA,NA,25888,6529,133,1,6cbbbbf695d9298d218c01af658d12c9a04646e608628360a5a03df9e71e6d9c,3861,0,1,0
1,4,1,1,5,0.021918653001193888,0.018012,0.003813,25174016,NA,NA,NA,NA,NA,NA,NA,NA,25888,6529,133,1,6cbbbbf695d9298d218c01af658d12c9a04646e608628360a5a03df9e71e6d9c,3851,0,1,0
1,4,0,1,7,0.018520001001888886,0.014756999999999999,0.0036709999999999998,25116672,NA,NA,NA,NA,NA,NA,NA,NA,17504,6529,133,1,5e7e7625c8b52e7a71d9370c6c8ab5025ac2b81f4970efe917952ec17c538f1c,3853,0,1,0
1,4,1,0,7,0.020616308000171557,0.0082760000000000004,0.012261999999999999,25247744,NA,NA,NA,NA,NA,NA,NA,NA,17504,6529,133,1,5e7e7625c8b52e7a71d9370c6c8ab5025ac2b81f4970efe917952ec17c538f1c,3862,0,1,0
1,4,0,0,20,0.048092699998960597,0.035792999999999998,0.012124999999999999,29499392,NA,NA,NA,NA,NA,NA,NA,NA,220064,89118,2402,8,9bed9a0bde0e198846d4983ba78bcd51e5e45d614941dd9bc544c1667832b5ea,4870,0,1,0
1,4,1,1,20,0.045371389998763334,0.041341999999999997,0.0039319999999999997,29589504,NA,NA,NA,NA,NA,NA,NA,NA,220064,89118,2402,8,9bed9a0bde0e198846d4983ba78bcd51e5e45d614941dd9bc544c1667832b5ea,4879,0,1,0
1,4,0,1,1,0.019879920000676066,0.015989,0.0037919999999999998,24530944,NA,NA,NA,NA,NA,NA,NA,NA,2056,136,5,1,6b21b079ef6f8f7f055926600e53b906dd7be041e021dd2791b7aa8c55e24585,3634,0,1,0
1,4,1,0,1,0.018383447000815067,0.013595999999999999,0.0045739999999999999,24326144,NA,NA,NA,NA,NA,NA,NA,NA,2056,136,5,1,6b21b079ef6f8f7f055926600e53b906dd7be041e021dd2791b7aa8c55e24585,3641,0,1,1
1,4,0,1,11,0.019162805998348631,0.0097129999999999994,0.0093469999999999994,25411584,NA,NA,NA,NA,NA,NA,NA,NA,14928,5066,257,64,9655be68483f45304d566dfb3dc63ba1458a5653029061a6b60617464768d366,3853,0,1,0
1,4,1,0,11,0.018402016001346055,0.0074319999999999994,0.010886999999999999,25399296,NA,NA,NA,NA,NA,NA,NA,NA,14928,5066,257,64,9655be68483f45304d566dfb3dc63ba1458a5653029061a6b60617464768d366,3848,0,1,0
1,4,0,0,16,0.028612576999876183,0.012175999999999999,0.016250999999999998,27381760,NA,NA,NA,NA,NA,NA,NA,NA,136888,29499,417,8,af3bdbbd0003d101664215b713d407f2160931601787a4fad2f046110caa3e72,4331,0,1,1
1,4,1,1,16,0.033736888999555958,0.033605999999999997,0,28274688,NA,NA,NA,NA,NA,NA,NA,NA,136888,29499,417,8,af3bdbbd0003d101664215b713d407f2160931601787a4fad2f046110caa3e72,4336,0,1,1
1,4,0,0,12,0.02384418599831406,0.016541999999999998,0.0071959999999999993,25432064,NA,NA,NA,NA,NA,NA,NA,NA,40904,35142,517,1,5c836afd34e5659fc140fff27358a40506e741bf81aa02c58678151e3747eac9,3922,0,1,0
1,4,1,1,12,0.022958035999181448,0.015075,0.0076829999999999997,25268224,NA,NA,NA,NA,NA,NA,NA,NA,40904,35142,517,1,5c836afd34e5659fc140fff27358a40506e741bf81aa02c58678151e3747eac9,3912,0,1,1
1,4,0,0,19,0.024802734998957021,0.01617,0.0085369999999999994,26918912,NA,NA,NA,NA,NA,NA,NA,NA,94392,29499,417,8,ec97d55cded7bb1cbf8e12495905cb68073380af6a6370282abb8f233d21e857,4253,0,1,0
1,4,1,1,19,0.027861209000548115,0.01558,0.012104,27041792,NA,NA,NA,NA,NA,NA,NA,NA,94392,29499,417,8,ec97d55cded7bb1cbf8e12495905cb68073380af6a6370282abb8f233d21e857,4255,0,1,0
1,4,0,0,21,0.05161594499804778,0.034446999999999998,0.016906000000000001,29818880,NA,NA,NA,NA,NA,NA,NA,NA,277920,89118,2402,8,089ec4ce05f5e4d43e3e352375117ee462b31249b272f87015d01ad0429bd7f9,4910,0,1,0
1,4,1,1,21,0.052492367998638656,0.024877,0.027481999999999999,29523968,NA,NA,NA,NA,NA,NA,NA,NA,277920,89118,2402,8,089ec4ce05f5e4d43e3e352375117ee462b31249b272f87015d01ad0429bd7f9,4899,0,1,0
1,4,0,0,10,0.019167929000104778,0.015292999999999999,0.0037689999999999998,25169920,NA,NA,NA,NA,NA,NA,NA,NA,14928,5066,257,64,9655be68483f45304d566dfb3dc63ba1458a5653029061a6b60617464768d366,3845,0,1,1
1,4,1,1,10,0.026202507000562036,0.021721999999999998,0.004359,25477120,NA,NA,NA,NA,NA,NA,NA,NA,14928,5066,257,64,9655be68483f45304d566dfb3dc63ba1458a5653029061a6b60617464768d366,3840,0,1,0
1,4,0,0,3,0.017106543000409147,0.013602999999999999,0.0034289999999999998,24276992,NA,NA,NA,NA,NA,NA,NA,NA,2008,136,5,1,8210b4f6eac12a20575e673437437e82cfff653da437ea17992a3aed56a99207,3642,0,1,0
1,4,1,1,3,0.017933257997356122,0.0088399999999999989,0.0090069999999999994,24264704,NA,NA,NA,NA,NA,NA,NA,NA,2008,136,5,1,8210b4f6eac12a20575e673437437e82cfff653da437ea17992a3aed56a99207,3630,0,1,1
1,4,0,0,13,0.02390730999832158,0.015113,0.0087069999999999995,25378816,NA,NA,NA,NA,NA,NA,NA,NA,41016,35142,517,1,662bf8c3f785828e59b2e955c5f9255272bd2640c5dd7e9c2804e24f24350bdf,3885,0,1,0
1,4,1,1,13,0.020555278999381699,0.012327999999999999,0.0081300000000000001,25505792,NA,NA,NA,NA,NA,NA,NA,NA,41016,35142,517,1,662bf8c3f785828e59b2e955c5f9255272bd2640c5dd7e9c2804e24f24350bdf,3895,0,1,1
1,5,0,1,2,0.020664149000367615,0.012978999999999999,0.0075759999999999994,24489984,NA,NA,NA,NA,NA,NA,NA,NA,2008,136,5,1,8210b4f6eac12a20575e673437437e82cfff653da437ea17992a3aed56a99207,3650,0,1,1
1,5,1,0,2,0.020909443999698851,0.011561999999999999,0.008853999999999999,24276992,NA,NA,NA,NA,NA,NA,NA,NA,2008,136,5,1,8210b4f6eac12a20575e673437437e82cfff653da437ea17992a3aed56a99207,3644,0,1,0
1,5,0,1,3,0.13998293899931014,0.018359,0.120877,24195072,NA,NA,NA,NA,NA,NA,NA,NA,2008,136,5,1,8210b4f6eac12a20575e673437437e82cfff653da437ea17992a3aed56a99207,3651,0,1,0
1,5,1,0,3,0.089749026999925263,0.019865999999999998,0.068957999999999992,24236032,NA,NA,NA,NA,NA,NA,NA,NA,2008,136,5,1,8210b4f6eac12a20575e673437437e82cfff653da437ea17992a3aed56a99207,3642,0,1,0
1,5,0,1,9,0.051627475997520378,0.016820999999999999,0.034469,25440256,NA,NA,NA,NA,NA,NA,NA,NA,20048,5066,257,64,d8d78f7bb977c6f730c6b5cdfaa88bed294d141a9777385856f783cc112e0874,3858,0,1,5
1,5,1,0,9,0.055293201003223658,0.017863999999999998,0.037156000000000002,25296896,NA,NA,NA,NA,NA,NA,NA,NA,20048,5066,257,64,d8d78f7bb977c6f730c6b5cdfaa88bed294d141a9777385856f783cc112e0874,3849,0,1,0
1,5,0,0,11,0.02025431099900743,0.018301999999999999,0,25366528,NA,NA,NA,NA,NA,NA,NA,NA,14928,5066,257,64,9655be68483f45304d566dfb3dc63ba1458a5653029061a6b60617464768d366,3849,0,0,2
1,5,1,1,11,0.021705006998672616,0.010499999999999999,0.011108999999999999,25628672,NA,NA,NA,NA,NA,NA,NA,NA,14928,5066,257,64,9655be68483f45304d566dfb3dc63ba1458a5653029061a6b60617464768d366,3839,0,1,0
1,5,0,0,14,0.040399398996669333,0.015602,0.024568,25190400,NA,NA,NA,NA,NA,NA,NA,NA,32824,35142,517,1,5a24ee2382083ee5d5eb9b364e57818da3678644deec6a705c5878fcd40e5876,3880,0,1,0
1,5,1,1,14,0.021723060999647714,0.017187000000000001,0.0043699999999999998,25276416,NA,NA,NA,NA,NA,NA,NA,NA,32824,35142,517,1,5a24ee2382083ee5d5eb9b364e57818da3678644deec6a705c5878fcd40e5876,3865,0,1,2
1,5,0,1,18,0.030383180997887393,0.018276999999999998,0.011849999999999999,26968064,NA,NA,NA,NA,NA,NA,NA,NA,94392,29499,417,8,ec97d55cded7bb1cbf8e12495905cb68073380af6a6370282abb8f233d21e857,4238,0,1,0
1,5,1,0,18,0.026417138000397244,0.015047999999999999,0.011170999999999999,26882048,NA,NA,NA,NA,NA,NA,NA,NA,94392,29499,417,8,ec97d55cded7bb1cbf8e12495905cb68073380af6a6370282abb8f233d21e857,4248,0,1,0
1,5,0,1,5,0.020890315001452109,0.012135999999999999,0.0086439999999999989,25346048,NA,NA,NA,NA,NA,NA,NA,NA,25888,6529,133,1,6cbbbbf695d9298d218c01af658d12c9a04646e608628360a5a03df9e71e6d9c,3848,0,1,0
1,5,1,0,5,0.019757457001105649,0.015819,0.0038039999999999997,25329664,NA,NA,NA,NA,NA,NA,NA,NA,25888,6529,133,1,6cbbbbf695d9298d218c01af658d12c9a04646e608628360a5a03df9e71e6d9c,3859,0,1,3
1,5,0,1,21,0.035921995000535389,0.023961999999999997,0.011833,29810688,NA,NA,NA,NA,NA,NA,NA,NA,277920,89118,2402,8,089ec4ce05f5e4d43e3e352375117ee462b31249b272f87015d01ad0429bd7f9,4900,0,1,1
1,5,1,0,21,0.033311148999928264,0.033064999999999997,0,29499392,NA,NA,NA,NA,NA,NA,NA,NA,277920,89118,2402,8,089ec4ce05f5e4d43e3e352375117ee462b31249b272f87015d01ad0429bd7f9,4910,0,1,1
1,5,0,1,12,0.030755970001337118,0.022286,0.0083680000000000004,26439680,NA,NA,NA,NA,NA,NA,NA,NA,40904,35142,517,1,5c836afd34e5659fc140fff27358a40506e741bf81aa02c58678151e3747eac9,3928,0,1,0
1,5,1,0,12,0.021283843001583591,0.010671,0.010492999999999999,25325568,NA,NA,NA,NA,NA,NA,NA,NA,40904,35142,517,1,5c836afd34e5659fc140fff27358a40506e741bf81aa02c58678151e3747eac9,3923,0,1,1
1,5,0,0,7,0.021272642999974778,0.021114999999999998,0,25444352,NA,NA,NA,NA,NA,NA,NA,NA,17504,6529,133,1,5e7e7625c8b52e7a71d9370c6c8ab5025ac2b81f4970efe917952ec17c538f1c,3866,0,1,0
1,5,1,1,7,0.02470620200256235,0.020142,0.0044489999999999998,25452544,NA,NA,NA,NA,NA,NA,NA,NA,17504,6529,133,1,5e7e7625c8b52e7a71d9370c6c8ab5025ac2b81f4970efe917952ec17c538f1c,3858,0,1,1
1,5,0,1,8,0.021614196000882657,0.014331,0.0070609999999999996,25403392,NA,NA,NA,NA,NA,NA,NA,NA,13904,5066,257,64,f70f03940df99c8ce0b0b02082129e05360030bd32e6edc5877c0f69a31bb0a4,3906,0,1,0
1,5,1,0,8,0.020930080001562601,0.016174000000000001,0.0041669999999999997,25378816,NA,NA,NA,NA,NA,NA,NA,NA,13904,5066,257,64,f70f03940df99c8ce0b0b02082129e05360030bd32e6edc5877c0f69a31bb0a4,3916,0,1,0
1,5,0,0,1,0.01997016599852941,0.019685999999999999,0,24502272,NA,NA,NA,NA,NA,NA,NA,NA,2056,136,5,1,6b21b079ef6f8f7f055926600e53b906dd7be041e021dd2791b7aa8c55e24585,3641,0,1,1
1,5,1,1,1,0.018656709999049781,0.011250999999999999,0.0072949999999999994,24653824,NA,NA,NA,NA,NA,NA,NA,NA,2056,136,5,1,6b21b079ef6f8f7f055926600e53b906dd7be041e021dd2791b7aa8c55e24585,3633,0,1,0
1,5,0,1,23,0.050336688000243157,0.030501999999999998,0.019661999999999999,29933568,NA,NA,NA,NA,NA,NA,NA,NA,180960,89118,2402,8,46606a158b66af8518456db0739cae64d8d2e5f9a80404e15ddbb91810d3af0d,4893,0,1,2
1,5,1,0,23,0.10016135799742187,0.060568999999999998,0.039140000000000001,29609984,NA,NA,NA,NA,NA,NA,NA,NA,180960,89118,2402,8,46606a158b66af8518456db0739cae64d8d2e5f9a80404e15ddbb91810d3af0d,4900,0,1,0
1,5,0,0,6,0.089404779999313178,0.025353000000000001,0.063906999999999992,25182208,NA,NA,NA,NA,NA,NA,NA,NA,17504,6529,133,1,5e7e7625c8b52e7a71d9370c6c8ab5025ac2b81f4970efe917952ec17c538f1c,3857,0,1,1
1,5,1,1,6,0.075294586000381969,0.023678999999999999,0.051470999999999996,25112576,NA,NA,NA,NA,NA,NA,NA,NA,17504,6529,133,1,5e7e7625c8b52e7a71d9370c6c8ab5025ac2b81f4970efe917952ec17c538f1c,3840,0,1,0
1,5,0,1,13,0.024246155000582803,0.016357,0.0075579999999999996,25276416,NA,NA,NA,NA,NA,NA,NA,NA,41016,35142,517,1,662bf8c3f785828e59b2e955c5f9255272bd2640c5dd7e9c2804e24f24350bdf,3897,0,1,0
1,5,1,0,13,0.043983215000480413,0.015337,0.028538999999999998,25280512,NA,NA,NA,NA,NA,NA,NA,NA,41016,35142,517,1,662bf8c3f785828e59b2e955c5f9255272bd2640c5dd7e9c2804e24f24350bdf,3886,0,1,0
1,5,0,1,19,0.026941866002744064,0.017752,0.009023999999999999,27000832,NA,NA,NA,NA,NA,NA,NA,NA,94392,29499,417,8,ec97d55cded7bb1cbf8e12495905cb68073380af6a6370282abb8f233d21e857,4239,0,1,1
1,5,1,0,19,0.027371448999474524,0.022133999999999997,0.0048009999999999997,26894336,NA,NA,NA,NA,NA,NA,NA,NA,94392,29499,417,8,ec97d55cded7bb1cbf8e12495905cb68073380af6a6370282abb8f233d21e857,4250,0,1,1
1,5,0,1,20,0.056797181998263113,0.040327999999999996,0.016341999999999999,29708288,NA,NA,NA,NA,NA,NA,NA,NA,220064,89118,2402,8,9bed9a0bde0e198846d4983ba78bcd51e5e45d614941dd9bc544c1667832b5ea,4877,0,1,1
1,5,1,0,20,0.062328648000402609,0.046396,0.014997999999999999,29302784,NA,NA,NA,NA,NA,NA,NA,NA,220064,89118,2402,8,9bed9a0bde0e198846d4983ba78bcd51e5e45d614941dd9bc544c1667832b5ea,4871,0,1,6
1,5,0,1,10,0.037023694996605627,0.012333999999999999,0.024576000000000001,25591808,NA,NA,NA,NA,NA,NA,NA,NA,14928,5066,257,64,9655be68483f45304d566dfb3dc63ba1458a5653029061a6b60617464768d366,3837,0,1,0
1,5,1,0,10,0.020804539999517146,0.0067909999999999993,0.013892999999999999,25223168,NA,NA,NA,NA,NA,NA,NA,NA,14928,5066,257,64,9655be68483f45304d566dfb3dc63ba1458a5653029061a6b60617464768d366,3849,0,1,0
1,5,0,1,16,0.030720761998964008,0.023126999999999998,0.0073829999999999998,27369472,NA,NA,NA,NA,NA,NA,NA,NA,136888,29499,417,8,af3bdbbd0003d101664215b713d407f2160931601787a4fad2f046110caa3e72,4322,0,1,3
1,5,1,0,16,0.028438186000130372,0.016191000000000001,0.012043,26976256,NA,NA,NA,NA,NA,NA,NA,NA,136888,29499,417,8,af3bdbbd0003d101664215b713d407f2160931601787a4fad2f046110caa3e72,4330,0,1,4
1,5,0,1,15,0.020521316997474059,0.012263,0.0081379999999999994,25440256,NA,NA,NA,NA,NA,NA,NA,NA,32824,35142,517,1,5a24ee2382083ee5d5eb9b364e57818da3678644deec6a705c5878fcd40e5876,3881,0,1,0
1,5,1,0,15,0.021816481999849202,0.0068079999999999998,0.014905999999999999,25620480,NA,NA,NA,NA,NA,NA,NA,NA,32824,35142,517,1,5a24ee2382083ee5d5eb9b364e57818da3678644deec6a705c5878fcd40e5876,3888,0,1,0
1,5,0,0,0,0.018647928998689167,0.018321999999999998,0,24428544,NA,NA,NA,NA,NA,NA,NA,NA,2008,136,5,1,a8c1633e798ef980493443e67e6fdb6eada42f775edf7051d304d09c3ddadf5a,3668,0,1,1
1,5,1,1,0,0.019173780998244183,0.0093189999999999992,0.0097339999999999996,24334336,NA,NA,NA,NA,NA,NA,NA,NA,2008,136,5,1,a8c1633e798ef980493443e67e6fdb6eada42f775edf7051d304d09c3ddadf5a,3657,0,1,0
1,5,0,1,4,0.077351454998279223,0.057197999999999999,0.019937999999999997,25149440,NA,NA,NA,NA,NA,NA,NA,NA,22160,6529,133,1,3ac5102c6f2bc513eb86f2343729d5f51295afd9e738a690903fa32334fb4c28,3849,0,0,1
1,5,1,0,4,0.030702000000019325,0.018300999999999998,0.012175,25124864,NA,NA,NA,NA,NA,NA,NA,NA,22160,6529,133,1,3ac5102c6f2bc513eb86f2343729d5f51295afd9e738a690903fa32334fb4c28,3858,0,1,0
1,5,0,1,17,0.029390666000836063,0.018151999999999998,0.011125999999999999,27213824,NA,NA,NA,NA,NA,NA,NA,NA,127800,29499,417,8,cf7b13a857f01f4a14779c4cf8ec5e795ca6dd011a53f4345643bcaf3709f18a,4252,0,1,0
1,5,1,0,17,0.031873128002189333,0.016799999999999999,0.014953999999999999,26836992,NA,NA,NA,NA,NA,NA,NA,NA,127800,29499,417,8,cf7b13a857f01f4a14779c4cf8ec5e795ca6dd011a53f4345643bcaf3709f18a,4258,0,1,0
1,5,0,1,22,0.041350913001224399,0.026263999999999999,0.014927999999999999,29704192,NA,NA,NA,NA,NA,NA,NA,NA,180960,89118,2402,8,46606a158b66af8518456db0739cae64d8d2e5f9a80404e15ddbb91810d3af0d,4848,0,1,1
1,5,1,0,22,0.039901043001009384,0.035431999999999998,0.0043219999999999995,29196288,NA,NA,NA,NA,NA,NA,NA,NA,180960,89118,2402,8,46606a158b66af8518456db0739cae64d8d2e5f9a80404e15ddbb91810d3af0d,4840,0,1,0
1,6,0,0,18,0.02902812699903734,0.0083109999999999989,0.020621,26963968,NA,NA,NA,NA,NA,NA,NA,NA,94392,29499,417,8,ec97d55cded7bb1cbf8e12495905cb68073380af6a6370282abb8f233d21e857,4247,0,1,0
1,6,1,1,18,0.028573126000992488,0.024409,0.0039979999999999998,26968064,NA,NA,NA,NA,NA,NA,NA,NA,94392,29499,417,8,ec97d55cded7bb1cbf8e12495905cb68073380af6a6370282abb8f233d21e857,4252,0,1,0
1,6,0,1,0,0.033050834001187468,0.016420999999999998,0.016527999999999998,24686592,NA,NA,NA,NA,NA,NA,NA,NA,2008,136,5,1,a8c1633e798ef980493443e67e6fdb6eada42f775edf7051d304d09c3ddadf5a,3659,0,1,0
1,6,1,0,0,0.022068955000577262,0.013143999999999999,0.0087239999999999991,24346624,NA,NA,NA,NA,NA,NA,NA,NA,2008,136,5,1,a8c1633e798ef980493443e67e6fdb6eada42f775edf7051d304d09c3ddadf5a,3667,0,1,0
1,6,0,1,20,0.055431597000278998,0.034839999999999996,0.020323000000000001,29773824,NA,NA,NA,NA,NA,NA,NA,NA,220064,89118,2402,8,9bed9a0bde0e198846d4983ba78bcd51e5e45d614941dd9bc544c1667832b5ea,4880,0,1,1
1,6,1,0,20,0.052415412999835098,0.035397999999999999,0.016909,29360128,NA,NA,NA,NA,NA,NA,NA,NA,220064,89118,2402,8,9bed9a0bde0e198846d4983ba78bcd51e5e45d614941dd9bc544c1667832b5ea,4873,0,1,0
1,6,0,0,22,0.051033102998189861,0.031206999999999999,0.019577999999999998,29204480,NA,NA,NA,NA,NA,NA,NA,NA,180960,89118,2402,8,46606a158b66af8518456db0739cae64d8d2e5f9a80404e15ddbb91810d3af0d,4838,0,1,0
1,6,1,1,22,0.042026328999781981,0.023008000000000001,0.018886,29646848,NA,NA,NA,NA,NA,NA,NA,NA,180960,89118,2402,8,46606a158b66af8518456db0739cae64d8d2e5f9a80404e15ddbb91810d3af0d,4847,0,1,0
1,6,0,1,8,0.023701535999862244,0.015935999999999999,0.0076319999999999999,25632768,NA,NA,NA,NA,NA,NA,NA,NA,13904,5066,257,64,f70f03940df99c8ce0b0b02082129e05360030bd32e6edc5877c0f69a31bb0a4,3923,0,1,2
1,6,1,0,8,0.021658061999914935,0.017288999999999999,0.0042299999999999994,25411584,NA,NA,NA,NA,NA,NA,NA,NA,13904,5066,257,64,f70f03940df99c8ce0b0b02082129e05360030bd32e6edc5877c0f69a31bb0a4,3913,0,1,1
1,6,0,0,10,0.021174224002606934,0.0072959999999999995,0.013687999999999999,25067520,NA,NA,NA,NA,NA,NA,NA,NA,14928,5066,257,64,9655be68483f45304d566dfb3dc63ba1458a5653029061a6b60617464768d366,3846,0,1,2
1,6,1,1,10,0.025718906003021402,0.013304999999999999,0.012279999999999999,25559040,NA,NA,NA,NA,NA,NA,NA,NA,14928,5066,257,64,9655be68483f45304d566dfb3dc63ba1458a5653029061a6b60617464768d366,3842,0,1,0
1,6,0,0,17,0.025073840999539243,0.017713,0.007071,26882048,NA,NA,NA,NA,NA,NA,NA,NA,127800,29499,417,8,cf7b13a857f01f4a14779c4cf8ec5e795ca6dd011a53f4345643bcaf3709f18a,4259,0,1,3
1,6,1,1,17,0.030906583997420967,0.020891999999999997,0.0098180000000000003,28114944,NA,NA,NA,NA,NA,NA,NA,NA,127800,29499,417,8,cf7b13a857f01f4a14779c4cf8ec5e795ca6dd011a53f4345643bcaf3709f18a,4265,0,1,1
1,6,0,1,1,0.022168288996908814,0.012386999999999999,0.0096749999999999996,24494080,NA,NA,NA,NA,NA,NA,NA,NA,2056,136,5,1,6b21b079ef6f8f7f055926600e53b906dd7be041e021dd2791b7aa8c55e24585,3635,0,1,0
1,6,1,0,1,0.049923572998523014,0.027033999999999999,0.022776999999999999,24227840,NA,NA,NA,NA,NA,NA,NA,NA,2056,136,5,1,6b21b079ef6f8f7f055926600e53b906dd7be041e021dd2791b7aa8c55e24585,3642,0,1,0
1,6,0,1,16,0.049295176002488006,0.032339,0.016830999999999999,27496448,NA,NA,NA,NA,NA,NA,NA,NA,136888,29499,417,8,af3bdbbd0003d101664215b713d407f2160931601787a4fad2f046110caa3e72,4321,0,1,0
1,6,1,0,16,0.10001308199935011,0.044427000000000001,0.051899000000000001,27140096,NA,NA,NA,NA,NA,NA,NA,NA,136888,29499,417,8,af3bdbbd0003d101664215b713d407f2160931601787a4fad2f046110caa3e72,4330,0,0,0
1,6,0,0,2,0.202265924999665,0.053076999999999999,0.147815,24236032,NA,NA,NA,NA,NA,NA,NA,NA,2008,136,5,1,8210b4f6eac12a20575e673437437e82cfff653da437ea17992a3aed56a99207,3641,0,1,1
1,6,1,1,2,0.054326745997968828,0.023113999999999999,0.030344999999999997,24494080,NA,NA,NA,NA,NA,NA,NA,NA,2008,136,5,1,8210b4f6eac12a20575e673437437e82cfff653da437ea17992a3aed56a99207,3649,0,1,1
1,6,0,1,4,0.15059287500116625,0.042455,0.10510499999999999,25554944,NA,NA,NA,NA,NA,NA,NA,NA,22160,6529,133,1,3ac5102c6f2bc513eb86f2343729d5f51295afd9e738a690903fa32334fb4c28,3848,0,1,8
1,6,1,0,4,0.04609139600142953,0.030585999999999999,0.015354999999999999,25034752,NA,NA,NA,NA,NA,NA,NA,NA,22160,6529,133,1,3ac5102c6f2bc513eb86f2343729d5f51295afd9e738a690903fa32334fb4c28,3855,0,1,0
1,6,0,1,21,0.10438777599847526,0.054676999999999996,0.049396999999999996,29884416,NA,NA,NA,NA,NA,NA,NA,NA,277920,89118,2402,8,089ec4ce05f5e4d43e3e352375117ee462b31249b272f87015d01ad0429bd7f9,4914,0,1,0
1,6,1,0,21,0.071016809000866488,0.044253999999999995,0.025471999999999998,29786112,NA,NA,NA,NA,NA,NA,NA,NA,277920,89118,2402,8,089ec4ce05f5e4d43e3e352375117ee462b31249b272f87015d01ad0429bd7f9,4908,0,1,0
1,6,0,1,3,0.049202504997083452,0.024299999999999999,0.024756999999999998,24129536,NA,NA,NA,NA,NA,NA,NA,NA,2008,136,5,1,8210b4f6eac12a20575e673437437e82cfff653da437ea17992a3aed56a99207,3634,0,1,0
1,6,1,0,3,0.028461998001148459,0.020223999999999999,0.0081019999999999998,24276992,NA,NA,NA,NA,NA,NA,NA,NA,2008,136,5,1,8210b4f6eac12a20575e673437437e82cfff653da437ea17992a3aed56a99207,3642,0,1,0
1,6,0,0,7,0.029194234997703461,0.016125999999999998,0.0129,25559040,NA,NA,NA,NA,NA,NA,NA,NA,17504,6529,133,1,5e7e7625c8b52e7a71d9370c6c8ab5025ac2b81f4970efe917952ec17c538f1c,3865,0,1,3
1,6,1,1,7,0.030673730001581134,0.018641999999999999,0.011920999999999999,25120768,NA,NA,NA,NA,NA,NA,NA,NA,17504,6529,133,1,5e7e7625c8b52e7a71d9370c6c8ab5025ac2b81f4970efe917952ec17c538f1c,3851,0,1,0
1,6,0,0,13,0.030196922998584341,0.018405999999999999,0.011686,25264128,NA,NA,NA,NA,NA,NA,NA,NA,41016,35142,517,1,662bf8c3f785828e59b2e955c5f9255272bd2640c5dd7e9c2804e24f24350bdf,3888,0,1,0
1,6,1,1,13,0.064273455001966795,0.027687999999999997,0.036461,25538560,NA,NA,NA,NA,NA,NA,NA,NA,41016,35142,517,1,662bf8c3f785828e59b2e955c5f9255272bd2640c5dd7e9c2804e24f24350bdf,3895,0,1,0
1,6,0,0,6,0.04114010799821699,0.021422,0.019532999999999998,25358336,NA,NA,NA,NA,NA,NA,NA,NA,17504,6529,133,1,5e7e7625c8b52e7a71d9370c6c8ab5025ac2b81f4970efe917952ec17c538f1c,3855,0,1,0
1,6,1,1,6,0.033126270998764085,0.012555999999999999,0.019892,25468928,NA,NA,NA,NA,NA,NA,NA,NA,17504,6529,133,1,5e7e7625c8b52e7a71d9370c6c8ab5025ac2b81f4970efe917952ec17c538f1c,3863,0,1,0
1,6,0,1,14,0.046003937000932638,0.025513999999999998,0.020372999999999999,25276416,NA,NA,NA,NA,NA,NA,NA,NA,32824,35142,517,1,5a24ee2382083ee5d5eb9b364e57818da3678644deec6a705c5878fcd40e5876,3886,0,1,0
1,6,1,0,14,0.030738556000869721,0.025177999999999999,0.0053299999999999997,25489408,NA,NA,NA,NA,NA,NA,NA,NA,32824,35142,517,1,5a24ee2382083ee5d5eb9b364e57818da3678644deec6a705c5878fcd40e5876,3879,0,1,0
1,6,0,0,15,0.038880634001543513,0.025153999999999999,0.013573999999999999,25276416,NA,NA,NA,NA,NA,NA,NA,NA,32824,35142,517,1,5a24ee2382083ee5d5eb9b364e57818da3678644deec6a705c5878fcd40e5876,3886,0,1,1
1,6,1,1,15,0.20816869899863377,0.071748999999999993,0.13452999999999998,25276416,NA,NA,NA,NA,NA,NA,NA,NA,32824,35142,517,1,5a24ee2382083ee5d5eb9b364e57818da3678644deec6a705c5878fcd40e5876,3893,0,0,1
1,6,0,1,5,0.18069286900208681,0.025904,0.15052499999999999,25149440,NA,NA,NA,NA,NA,NA,NA,NA,25888,6529,133,1,6cbbbbf695d9298d218c01af658d12c9a04646e608628360a5a03df9e71e6d9c,3867,0,1,1
1,6,1,0,5,0.14683734700156492,0.024943999999999997,0.11988799999999999,25133056,NA,NA,NA,NA,NA,NA,NA,NA,25888,6529,133,1,6cbbbbf695d9298d218c01af658d12c9a04646e608628360a5a03df9e71e6d9c,3856,0,2,0
1,6,0,1,9,0.039921446001244476,0.017024999999999998,0.022758,26460160,NA,NA,NA,NA,NA,NA,NA,NA,20048,5066,257,64,d8d78f7bb977c6f730c6b5cdfaa88bed294d141a9777385856f783cc112e0874,3857,0,1,0
1,6,1,0,9,0.035046288001467474,0.019199999999999998,0.015646999999999998,25018368,NA,NA,NA,NA,NA,NA,NA,NA,20048,5066,257,64,d8d78f7bb977c6f730c6b5cdfaa88bed294d141a9777385856f783cc112e0874,3849,0,1,0
1,6,0,1,23,0.056358849000389455,0.037169000000000001,0.019053999999999998,30695424,NA,NA,NA,NA,NA,NA,NA,NA,180960,89118,2402,8,46606a158b66af8518456db0739cae64d8d2e5f9a80404e15ddbb91810d3af0d,4907,0,1,0
1,6,1,0,23,0.11830588700104272,0.060964999999999998,0.057188999999999997,29868032,NA,NA,NA,NA,NA,NA,NA,NA,180960,89118,2402,8,46606a158b66af8518456db0739cae64d8d2e5f9a80404e15ddbb91810d3af0d,4903,0,1,0
1,6,0,1,19,0.040784095999697456,0.030254,0.010381,27082752,NA,NA,NA,NA,NA,NA,NA,NA,94392,29499,417,8,ec97d55cded7bb1cbf8e12495905cb68073380af6a6370282abb8f233d21e857,4245,0,1,1
1,6,1,0,19,0.048756311000033747,0.037464999999999998,0.011139,27189248,NA,NA,NA,NA,NA,NA,NA,NA,94392,29499,417,8,ec97d55cded7bb1cbf8e12495905cb68073380af6a6370282abb8f233d21e857,4252,0,1,1
1,6,0,0,12,0.031429392998688854,0.023303999999999998,0.008003999999999999,25407488,NA,NA,NA,NA,NA,NA,NA,NA,40904,35142,517,1,5c836afd34e5659fc140fff27358a40506e741bf81aa02c58678151e3747eac9,3925,0,1,0
1,6,1,1,12,0.065013921997888247,0.027616999999999999,0.037222999999999999,25280512,NA,NA,NA,NA,NA,NA,NA,NA,40904,35142,517,1,5c836afd34e5659fc140fff27358a40506e741bf81aa02c58678151e3747eac9,3911,0,1,1
1,6,0,1,11,0.034050146001391113,0.012333999999999999,0.020406999999999998,25427968,NA,NA,NA,NA,NA,NA,NA,NA,14928,5066,257,64,9655be68483f45304d566dfb3dc63ba1458a5653029061a6b60617464768d366,3835,0,1,2
1,6,1,0,11,0.026644456000212813,0.014326,0.012196,25444352,NA,NA,NA,NA,NA,NA,NA,NA,14928,5066,257,64,9655be68483f45304d566dfb3dc63ba1458a5653029061a6b60617464768d366,3846,0,1,0
1,7,0,0,4,0.034765969001455233,0.029685999999999997,0.0049670000000000001,25141248,NA,NA,NA,NA,NA,NA,NA,NA,22160,6529,133,1,3ac5102c6f2bc513eb86f2343729d5f51295afd9e738a690903fa32334fb4c28,3859,0,1,0
1,7,1,1,4,0.033342655999149429,0.021774999999999999,0.011439999999999999,25001984,NA,NA,NA,NA,NA,NA,NA,NA,22160,6529,133,1,3ac5102c6f2bc513eb86f2343729d5f51295afd9e738a690903fa32334fb4c28,3842,0,1,0
1,7,0,0,14,0.027115017001051456,0.020910999999999999,0.0060369999999999998,25251840,NA,NA,NA,NA,NA,NA,NA,NA,32824,35142,517,1,5a24ee2382083ee5d5eb9b364e57818da3678644deec6a705c5878fcd40e5876,3878,0,1,0
1,7,1,1,14,0.029296822001924738,0.023536999999999999,0.0055030000000000001,25714688,NA,NA,NA,NA,NA,NA,NA,NA,32824,35142,517,1,5a24ee2382083ee5d5eb9b364e57818da3678644deec6a705c5878fcd40e5876,3871,0,1,0
1,7,0,1,7,0.037051977000373881,0.017342,0.017427999999999999,25120768,NA,NA,NA,NA,NA,NA,NA,NA,17504,6529,133,1,5e7e7625c8b52e7a71d9370c6c8ab5025ac2b81f4970efe917952ec17c538f1c,3852,0,1,0
1,7,1,0,7,0.026869468998484081,0.014310999999999999,0.012433,25554944,NA,NA,NA,NA,NA,NA,NA,NA,17504,6529,133,1,5e7e7625c8b52e7a71d9370c6c8ab5025ac2b81f4970efe917952ec17c538f1c,3863,0,1,0
1,7,0,0,20,0.092140075998031534,0.071164999999999992,0.020829,29380608,NA,NA,NA,NA,NA,NA,NA,NA,220064,89118,2402,8,9bed9a0bde0e198846d4983ba78bcd51e5e45d614941dd9bc544c1667832b5ea,4873,0,1,2
1,7,1,1,20,0.095855217001371784,0.076999999999999999,0.018682999999999998,29777920,NA,NA,NA,NA,NA,NA,NA,NA,220064,89118,2402,8,9bed9a0bde0e198846d4983ba78bcd51e5e45d614941dd9bc544c1667832b5ea,4861,0,1,0
1,7,0,0,21,0.052187124001648044,0.038505999999999999,0.013243,29786112,NA,NA,NA,NA,NA,NA,NA,NA,277920,89118,2402,8,089ec4ce05f5e4d43e3e352375117ee462b31249b272f87015d01ad0429bd7f9,4910,0,1,2
1,7,1,1,21,0.058230978000210598,0.033567,0.024480999999999999,29810688,NA,NA,NA,NA,NA,NA,NA,NA,277920,89118,2402,8,089ec4ce05f5e4d43e3e352375117ee462b31249b272f87015d01ad0429bd7f9,4900,0,1,0
1,7,0,1,15,0.034205842999654124,0.012822,0.020898,25714688,NA,NA,NA,NA,NA,NA,NA,NA,32824,35142,517,1,5a24ee2382083ee5d5eb9b364e57818da3678644deec6a705c5878fcd40e5876,3881,0,1,0
1,7,1,0,15,0.03385961700041662,0.033702999999999997,0,25407488,NA,NA,NA,NA,NA,NA,NA,NA,32824,35142,517,1,5a24ee2382083ee5d5eb9b364e57818da3678644deec6a705c5878fcd40e5876,3888,0,1,0
1,7,0,1,17,0.037954341001750436,0.037761999999999997,0,27172864,NA,NA,NA,NA,NA,NA,NA,NA,127800,29499,417,8,cf7b13a857f01f4a14779c4cf8ec5e795ca6dd011a53f4345643bcaf3709f18a,4264,0,1,0
1,7,1,0,17,0.045532469001045683,0.032849999999999997,0.012513,26791936,NA,NA,NA,NA,NA,NA,NA,NA,127800,29499,417,8,cf7b13a857f01f4a14779c4cf8ec5e795ca6dd011a53f4345643bcaf3709f18a,4257,0,1,0
1,7,0,0,1,0.02357222199862008,0.0074389999999999994,0.01602,24506368,NA,NA,NA,NA,NA,NA,NA,NA,2056,136,5,1,6b21b079ef6f8f7f055926600e53b906dd7be041e021dd2791b7aa8c55e24585,3640,0,1,0
1,7,1,1,1,0.033434810000471771,0.029828999999999998,0.0034919999999999999,24408064,NA,NA,NA,NA,NA,NA,NA,NA,2056,136,5,1,6b21b079ef6f8f7f055926600e53b906dd7be041e021dd2791b7aa8c55e24585,3646,0,1,0
1,7,0,1,13,0.025496244998066686,0.01779,0.0075749999999999993,25280512,NA,NA,NA,NA,NA,NA,NA,NA,41016,35142,517,1,662bf8c3f785828e59b2e955c5f9255272bd2640c5dd7e9c2804e24f24350bdf,3873,0,1,0
1,7,1,0,13,0.037224670999421505,0.015165999999999999,0.021766000000000001,25178112,NA,NA,NA,NA,NA,NA,NA,NA,41016,35142,517,1,662bf8c3f785828e59b2e955c5f9255272bd2640c5dd7e9c2804e24f24350bdf,3885,0,1,0
1,7,0,1,18,0.051278799001011066,0.030252999999999999,0.020857999999999998,27222016,NA,NA,NA,NA,NA,NA,NA,NA,94392,29499,417,8,ec97d55cded7bb1cbf8e12495905cb68073380af6a6370282abb8f233d21e857,4237,0,1,4
1,7,1,0,18,0.034689929998421576,0.021583999999999999,0.012966999999999999,27090944,NA,NA,NA,NA,NA,NA,NA,NA,94392,29499,417,8,ec97d55cded7bb1cbf8e12495905cb68073380af6a6370282abb8f233d21e857,4247,0,1,0
1,7,0,0,5,0.03845348699906026,0.019358,0.018248,25133056,NA,NA,NA,NA,NA,NA,NA,NA,25888,6529,133,1,6cbbbbf695d9298d218c01af658d12c9a04646e608628360a5a03df9e71e6d9c,3858,0,1,0
1,7,1,1,5,0.026725384999735979,0.015973999999999999,0.0089870000000000002,25485312,NA,NA,NA,NA,NA,NA,NA,NA,25888,6529,133,1,6cbbbbf695d9298d218c01af658d12c9a04646e608628360a5a03df9e71e6d9c,3854,0,1,1
1,7,0,1,22,0.06884469700162299,0.055592999999999997,0.013113999999999999,29499392,NA,NA,NA,NA,NA,NA,NA,NA,180960,89118,2402,8,46606a158b66af8518456db0739cae64d8d2e5f9a80404e15ddbb91810d3af0d,4830,0,1,0
1,7,1,0,22,0.13704209899879061,0.088686000000000001,0.047197999999999997,29286400,NA,NA,NA,NA,NA,NA,NA,NA,180960,89118,2402,8,46606a158b66af8518456db0739cae64d8d2e5f9a80404e15ddbb91810d3af0d,4834,0,0,0
1,7,0,1,6,0.11204326100050821,0.028218999999999998,0.082050999999999999,25116672,NA,NA,NA,NA,NA,NA,NA,NA,17504,6529,133,1,5e7e7625c8b52e7a71d9370c6c8ab5025ac2b81f4970efe917952ec17c538f1c,3846,0,1,1
1,7,1,0,6,0.032390501000918448,0.024029999999999999,0.0078399999999999997,25239552,NA,NA,NA,NA,NA,NA,NA,NA,17504,6529,133,1,5e7e7625c8b52e7a71d9370c6c8ab5025ac2b81f4970efe917952ec17c538f1c,3853,0,1,1
1,7,0,0,0,0.11648396200325806,0.019214999999999999,0.097018999999999994,24260608,NA,NA,NA,NA,NA,NA,NA,NA,2008,136,5,1,a8c1633e798ef980493443e67e6fdb6eada42f775edf7051d304d09c3ddadf5a,3667,0,1,1
1,7,1,1,0,0.10390518499843893,0.025083999999999999,0.075171000000000002,24502272,NA,NA,NA,NA,NA,NA,NA,NA,2008,136,5,1,a8c1633e798ef980493443e67e6fdb6eada42f775edf7051d304d09c3ddadf5a,3673,0,0,0
1,7,0,0,8,0.034473686002456816,0.02248,0.011875999999999999,25477120,NA,NA,NA,NA,NA,NA,NA,NA,13904,5066,257,64,f70f03940df99c8ce0b0b02082129e05360030bd32e6edc5877c0f69a31bb0a4,3916,0,1,0
1,7,1,1,8,0.047690808998595458,0.034263999999999996,0.013283999999999999,25673728,NA,NA,NA,NA,NA,NA,NA,NA,13904,5066,257,64,f70f03940df99c8ce0b0b02082129e05360030bd32e6edc5877c0f69a31bb0a4,3906,0,1,0
1,7,0,0,23,0.057250792997365352,0.035430999999999997,0.021554999999999998,29614080,NA,NA,NA,NA,NA,NA,NA,NA,180960,89118,2402,8,46606a158b66af8518456db0739cae64d8d2e5f9a80404e15ddbb91810d3af0d,4900,0,1,0
1,7,1,1,23,0.07342009700005292,0.054547999999999999,0.018741999999999998,29712384,NA,NA,NA,NA,NA,NA,NA,NA,180960,89118,2402,8,46606a158b66af8518456db0739cae64d8d2e5f9a80404e15ddbb91810d3af0d,4908,0,1,0
1,7,0,1,12,0.032271976000629365,0.027233999999999998,0.0047619999999999997,25714688,NA,NA,NA,NA,NA,NA,NA,NA,40904,35142,517,1,5c836afd34e5659fc140fff27358a40506e741bf81aa02c58678151e3747eac9,3933,0,1,0
1,7,1,0,12,0.041000534001796041,0.029116999999999997,0.01176,25653248,NA,NA,NA,NA,NA,NA,NA,NA,40904,35142,517,1,5c836afd34e5659fc140fff27358a40506e741bf81aa02c58678151e3747eac9,3925,0,1,0
1,7,0,0,9,0.029967884998768568,0.019989,0.009868,25153536,NA,NA,NA,NA,NA,NA,NA,NA,20048,5066,257,64,d8d78f7bb977c6f730c6b5cdfaa88bed294d141a9777385856f783cc112e0874,3849,0,0,0
1,7,1,1,9,0.020945520001987461,0.012123999999999999,0.0079880000000000003,25116672,NA,NA,NA,NA,NA,NA,NA,NA,20048,5066,257,64,d8d78f7bb977c6f730c6b5cdfaa88bed294d141a9777385856f783cc112e0874,3841,0,1,0
1,7,0,1,10,0.028730229001666885,0.011025999999999999,0.017488,25411584,NA,NA,NA,NA,NA,NA,NA,NA,14928,5066,257,64,9655be68483f45304d566dfb3dc63ba1458a5653029061a6b60617464768d366,3838,0,1,1
1,7,1,0,10,0.020274277001590235,0.018290000000000001,0,25116672,NA,NA,NA,NA,NA,NA,NA,NA,14928,5066,257,64,9655be68483f45304d566dfb3dc63ba1458a5653029061a6b60617464768d366,3851,0,0,0
1,7,0,0,16,0.029311211997992359,0.029203999999999997,0,27156480,NA,NA,NA,NA,NA,NA,NA,NA,136888,29499,417,8,af3bdbbd0003d101664215b713d407f2160931601787a4fad2f046110caa3e72,4329,0,1,0
1,7,1,1,16,0.036149412000668235,0.015844999999999998,0.020201999999999998,27254784,NA,NA,NA,NA,NA,NA,NA,NA,136888,29499,417,8,af3bdbbd0003d101664215b713d407f2160931601787a4fad2f046110caa3e72,4317,0,1,0
1,7,0,1,2,0.018486554999981308,0.0073509999999999999,0.011006999999999999,24551424,NA,NA,NA,NA,NA,NA,NA,NA,2008,136,5,1,8210b4f6eac12a20575e673437437e82cfff653da437ea17992a3aed56a99207,3636,0,1,0
1,7,1,0,2,0.018579345000034664,0.0092280000000000001,0.0092329999999999999,24326144,NA,NA,NA,NA,NA,NA,NA,NA,2008,136,5,1,8210b4f6eac12a20575e673437437e82cfff653da437ea17992a3aed56a99207,3642,0,1,0
1,7,0,0,11,0.022012078999978257,0.014367,0.0075399999999999998,25149440,NA,NA,NA,NA,NA,NA,NA,NA,14928,5066,257,64,9655be68483f45304d566dfb3dc63ba1458a5653029061a6b60617464768d366,3846,0,1,0
1,7,1,1,11,0.019556336999812629,0.015512,0.0039059999999999997,25116672,NA,NA,NA,NA,NA,NA,NA,NA,14928,5066,257,64,9655be68483f45304d566dfb3dc63ba1458a5653029061a6b60617464768d366,3856,0,1,0
1,7,0,0,19,0.025657827998657012,0.017194999999999998,0.0082749999999999994,27172864,NA,NA,NA,NA,NA,NA,NA,NA,94392,29499,417,8,ec97d55cded7bb1cbf8e12495905cb68073380af6a6370282abb8f233d21e857,4251,0,1,0
1,7,1,1,19,0.02864840799884405,0.025217999999999997,0.0033049999999999998,26976256,NA,NA,NA,NA,NA,NA,NA,NA,94392,29499,417,8,ec97d55cded7bb1cbf8e12495905cb68073380af6a6370282abb8f233d21e857,4261,0,1,0
1,7,0,0,3,0.019770333998167189,0.016208999999999998,0.00346,24477696,NA,NA,NA,NA,NA,NA,NA,NA,2008,136,5,1,8210b4f6eac12a20575e673437437e82cfff653da437ea17992a3aed56a99207,3645,0,1,0
1,7,1,1,3,0.019525637999322498,0.011642999999999999,0.0077739999999999997,24424448,NA,NA,NA,NA,NA,NA,NA,NA,2008,136,5,1,8210b4f6eac12a20575e673437437e82cfff653da437ea17992a3aed56a99207,3631,0,1,0
