/* Generated from official Arm A-profile SysReg XML 2026-06. Do not edit. */
#pragma once
#include <buster/lib/base.h>
#define BUSTER_A64_SYSREG_GENERATED_SCHEMA_VERSION 2u
#define BUSTER_A64_SYSREG_RELEVANT_MECHANISM_COUNT 1400u
#define BUSTER_A64_SYSREG_ACCEPTED_MECHANISM_COUNT 402u
#define BUSTER_A64_SYSREG_FIXED_COUNT 392u
#define BUSTER_A64_SYSREG_PARAMETERIZED_COUNT 10u
#define BUSTER_A64_SYSREG_SOURCE_PARAMETERIZED_ROW_COUNT 8u
#define BUSTER_A64_SYSREG_SOURCE_RAW_S3_ROW_COUNT 2u
#define BUSTER_A64_SYSREG_FIXED_TARGET_NAME_COUNT 202u
#define BUSTER_A64_SYSREG_FIXED_ENCODING_COUNT 201u
#define BUSTER_A64_SYSREG_READABLE_FIXED_NAME_COUNT 200u
#define BUSTER_A64_SYSREG_WRITABLE_FIXED_NAME_COUNT 138u
#define BUSTER_A64_SYSREG_BOTH_FIXED_NAME_COUNT 136u
typedef struct BusterA64SysregGeneratedRow BusterA64SysregGeneratedRow;
struct BusterA64SysregGeneratedRow { u32 name_offset; u32 target_offset; u32 feature_profile_id; u32 source_file_offset; u32 accessor_offset; u16 packed_encoding; u8 mechanism; u8 flags; u16 array_start; u16 array_end; u32 parameter_encoding_offset; u32 parameter_encoding_count; u64 feature_digest; u64 source_digest; u64 access_digest; };
#define BUSTER_A64_SYSREG_ROW_FLAG_PARAMETERIZED 1u
#define BUSTER_A64_SYSREG_ROW_FLAG_ALIAS 2u
#define BUSTER_A64_SYSREG_ROW_FLAG_RAW_S3 4u
static char8 const buster_a64_sysreg_generated_pool[] = {
    0x41, 0x43, 0x54, 0x4c, 0x52, 0x5f, 0x45, 0x4c, 0x31, 0x00, 0x41, 0x41, 0x72, 0x63, 0x68, 0x36,
    0x34, 0x2d, 0x61, 0x63, 0x74, 0x6c, 0x72, 0x5f, 0x65, 0x6c, 0x31, 0x2e, 0x78, 0x6d, 0x6c, 0x00,
    0x4d, 0x52, 0x53, 0x20, 0x41, 0x43, 0x54, 0x4c, 0x52, 0x5f, 0x45, 0x4c, 0x31, 0x00, 0x4d, 0x53,
    0x52, 0x72, 0x65, 0x67, 0x69, 0x73, 0x74, 0x65, 0x72, 0x20, 0x41, 0x43, 0x54, 0x4c, 0x52, 0x5f,
    0x45, 0x4c, 0x31, 0x00, 0x41, 0x43, 0x54, 0x4c, 0x52, 0x5f, 0x45, 0x4c, 0x32, 0x00, 0x41, 0x41,
    0x72, 0x63, 0x68, 0x36, 0x34, 0x2d, 0x61, 0x63, 0x74, 0x6c, 0x72, 0x5f, 0x65, 0x6c, 0x32, 0x2e,
    0x78, 0x6d, 0x6c, 0x00, 0x4d, 0x52, 0x53, 0x20, 0x41, 0x43, 0x54, 0x4c, 0x52, 0x5f, 0x45, 0x4c,
    0x32, 0x00, 0x4d, 0x53, 0x52, 0x72, 0x65, 0x67, 0x69, 0x73, 0x74, 0x65, 0x72, 0x20, 0x41, 0x43,
    0x54, 0x4c, 0x52, 0x5f, 0x45, 0x4c, 0x32, 0x00, 0x41, 0x46, 0x53, 0x52, 0x30, 0x5f, 0x45, 0x4c,
    0x31, 0x00, 0x41, 0x41, 0x72, 0x63, 0x68, 0x36, 0x34, 0x2d, 0x61, 0x66, 0x73, 0x72, 0x30, 0x5f,
    0x65, 0x6c, 0x31, 0x2e, 0x78, 0x6d, 0x6c, 0x00, 0x4d, 0x52, 0x53, 0x20, 0x41, 0x46, 0x53, 0x52,
    0x30, 0x5f, 0x45, 0x4c, 0x31, 0x00, 0x4d, 0x53, 0x52, 0x72, 0x65, 0x67, 0x69, 0x73, 0x74, 0x65,
    0x72, 0x20, 0x41, 0x46, 0x53, 0x52, 0x30, 0x5f, 0x45, 0x4c, 0x31, 0x00, 0x41, 0x46, 0x53, 0x52,
    0x30, 0x5f, 0x45, 0x4c, 0x32, 0x00, 0x41, 0x41, 0x72, 0x63, 0x68, 0x36, 0x34, 0x2d, 0x61, 0x66,
    0x73, 0x72, 0x30, 0x5f, 0x65, 0x6c, 0x32, 0x2e, 0x78, 0x6d, 0x6c, 0x00, 0x41, 0x46, 0x53, 0x52,
    0x30, 0x5f, 0x45, 0x4c, 0x31, 0x32, 0x00, 0x4d, 0x52, 0x53, 0x20, 0x41, 0x46, 0x53, 0x52, 0x30,
    0x5f, 0x45, 0x4c, 0x31, 0x32, 0x00, 0x4d, 0x53, 0x52, 0x72, 0x65, 0x67, 0x69, 0x73, 0x74, 0x65,
    0x72, 0x20, 0x41, 0x46, 0x53, 0x52, 0x30, 0x5f, 0x45, 0x4c, 0x31, 0x32, 0x00, 0x4d, 0x52, 0x53,
    0x20, 0x41, 0x46, 0x53, 0x52, 0x30, 0x5f, 0x45, 0x4c, 0x32, 0x00, 0x4d, 0x53, 0x52, 0x72, 0x65,
    0x67, 0x69, 0x73, 0x74, 0x65, 0x72, 0x20, 0x41, 0x46, 0x53, 0x52, 0x30, 0x5f, 0x45, 0x4c, 0x32,
    0x00, 0x41, 0x46, 0x53, 0x52, 0x31, 0x5f, 0x45, 0x4c, 0x31, 0x00, 0x41, 0x41, 0x72, 0x63, 0x68,
    0x36, 0x34, 0x2d, 0x61, 0x66, 0x73, 0x72, 0x31, 0x5f, 0x65, 0x6c, 0x31, 0x2e, 0x78, 0x6d, 0x6c,
    0x00, 0x4d, 0x52, 0x53, 0x20, 0x41, 0x46, 0x53, 0x52, 0x31, 0x5f, 0x45, 0x4c, 0x31, 0x00, 0x4d,
    0x53, 0x52, 0x72, 0x65, 0x67, 0x69, 0x73, 0x74, 0x65, 0x72, 0x20, 0x41, 0x46, 0x53, 0x52, 0x31,
    0x5f, 0x45, 0x4c, 0x31, 0x00, 0x41, 0x46, 0x53, 0x52, 0x31, 0x5f, 0x45, 0x4c, 0x32, 0x00, 0x41,
    0x41, 0x72, 0x63, 0x68, 0x36, 0x34, 0x2d, 0x61, 0x66, 0x73, 0x72, 0x31, 0x5f, 0x65, 0x6c, 0x32,
    0x2e, 0x78, 0x6d, 0x6c, 0x00, 0x41, 0x46, 0x53, 0x52, 0x31, 0x5f, 0x45, 0x4c, 0x31, 0x32, 0x00,
    0x4d, 0x52, 0x53, 0x20, 0x41, 0x46, 0x53, 0x52, 0x31, 0x5f, 0x45, 0x4c, 0x31, 0x32, 0x00, 0x4d,
    0x53, 0x52, 0x72, 0x65, 0x67, 0x69, 0x73, 0x74, 0x65, 0x72, 0x20, 0x41, 0x46, 0x53, 0x52, 0x31,
    0x5f, 0x45, 0x4c, 0x31, 0x32, 0x00, 0x4d, 0x52, 0x53, 0x20, 0x41, 0x46, 0x53, 0x52, 0x31, 0x5f,
    0x45, 0x4c, 0x32, 0x00, 0x4d, 0x53, 0x52, 0x72, 0x65, 0x67, 0x69, 0x73, 0x74, 0x65, 0x72, 0x20,
    0x41, 0x46, 0x53, 0x52, 0x31, 0x5f, 0x45, 0x4c, 0x32, 0x00, 0x41, 0x49, 0x44, 0x52, 0x5f, 0x45,
    0x4c, 0x31, 0x00, 0x41, 0x41, 0x72, 0x63, 0x68, 0x36, 0x34, 0x2d, 0x61, 0x69, 0x64, 0x72, 0x5f,
    0x65, 0x6c, 0x31, 0x2e, 0x78, 0x6d, 0x6c, 0x00, 0x4d, 0x52, 0x53, 0x20, 0x41, 0x49, 0x44, 0x52,
    0x5f, 0x45, 0x4c, 0x31, 0x00, 0x41, 0x4d, 0x41, 0x49, 0x52, 0x5f, 0x45, 0x4c, 0x31, 0x00, 0x41,
    0x41, 0x72, 0x63, 0x68, 0x36, 0x34, 0x2d, 0x61, 0x6d, 0x61, 0x69, 0x72, 0x5f, 0x65, 0x6c, 0x31,
    0x2e, 0x78, 0x6d, 0x6c, 0x00, 0x4d, 0x52, 0x53, 0x20, 0x41, 0x4d, 0x41, 0x49, 0x52, 0x5f, 0x45,
    0x4c, 0x31, 0x00, 0x4d, 0x53, 0x52, 0x72, 0x65, 0x67, 0x69, 0x73, 0x74, 0x65, 0x72, 0x20, 0x41,
    0x4d, 0x41, 0x49, 0x52, 0x5f, 0x45, 0x4c, 0x31, 0x00, 0x41, 0x4d, 0x41, 0x49, 0x52, 0x5f, 0x45,
    0x4c, 0x32, 0x00, 0x41, 0x41, 0x72, 0x63, 0x68, 0x36, 0x34, 0x2d, 0x61, 0x6d, 0x61, 0x69, 0x72,
    0x5f, 0x65, 0x6c, 0x32, 0x2e, 0x78, 0x6d, 0x6c, 0x00, 0x41, 0x4d, 0x41, 0x49, 0x52, 0x5f, 0x45,
    0x4c, 0x31, 0x32, 0x00, 0x4d, 0x52, 0x53, 0x20, 0x41, 0x4d, 0x41, 0x49, 0x52, 0x5f, 0x45, 0x4c,
    0x31, 0x32, 0x00, 0x4d, 0x53, 0x52, 0x72, 0x65, 0x67, 0x69, 0x73, 0x74, 0x65, 0x72, 0x20, 0x41,
    0x4d, 0x41, 0x49, 0x52, 0x5f, 0x45, 0x4c, 0x31, 0x32, 0x00, 0x4d, 0x52, 0x53, 0x20, 0x41, 0x4d,
    0x41, 0x49, 0x52, 0x5f, 0x45, 0x4c, 0x32, 0x00, 0x4d, 0x53, 0x52, 0x72, 0x65, 0x67, 0x69, 0x73,
    0x74, 0x65, 0x72, 0x20, 0x41, 0x4d, 0x41, 0x49, 0x52, 0x5f, 0x45, 0x4c, 0x32, 0x00, 0x41, 0x50,
    0x44, 0x41, 0x4b, 0x65, 0x79, 0x48, 0x69, 0x5f, 0x45, 0x4c, 0x31, 0x00, 0x41, 0x41, 0x72, 0x63,
    0x68, 0x36, 0x34, 0x2d, 0x61, 0x70, 0x64, 0x61, 0x6b, 0x65, 0x79, 0x68, 0x69, 0x5f, 0x65, 0x6c,
    0x31, 0x2e, 0x78, 0x6d, 0x6c, 0x00, 0x4d, 0x52, 0x53, 0x20, 0x41, 0x50, 0x44, 0x41, 0x4b, 0x65,
    0x79, 0x48, 0x69, 0x5f, 0x45, 0x4c, 0x31, 0x00, 0x4d, 0x53, 0x52, 0x72, 0x65, 0x67, 0x69, 0x73,
    0x74, 0x65, 0x72, 0x20, 0x41, 0x50, 0x44, 0x41, 0x4b, 0x65, 0x79, 0x48, 0x69, 0x5f, 0x45, 0x4c,
    0x31, 0x00, 0x41, 0x50, 0x44, 0x41, 0x4b, 0x65, 0x79, 0x4c, 0x6f, 0x5f, 0x45, 0x4c, 0x31, 0x00,
    0x41, 0x41, 0x72, 0x63, 0x68, 0x36, 0x34, 0x2d, 0x61, 0x70, 0x64, 0x61, 0x6b, 0x65, 0x79, 0x6c,
    0x6f, 0x5f, 0x65, 0x6c, 0x31, 0x2e, 0x78, 0x6d, 0x6c, 0x00, 0x4d, 0x52, 0x53, 0x20, 0x41, 0x50,
    0x44, 0x41, 0x4b, 0x65, 0x79, 0x4c, 0x6f, 0x5f, 0x45, 0x4c, 0x31, 0x00, 0x4d, 0x53, 0x52, 0x72,
    0x65, 0x67, 0x69, 0x73, 0x74, 0x65, 0x72, 0x20, 0x41, 0x50, 0x44, 0x41, 0x4b, 0x65, 0x79, 0x4c,
    0x6f, 0x5f, 0x45, 0x4c, 0x31, 0x00, 0x41, 0x50, 0x44, 0x42, 0x4b, 0x65, 0x79, 0x48, 0x69, 0x5f,
    0x45, 0x4c, 0x31, 0x00, 0x41, 0x41, 0x72, 0x63, 0x68, 0x36, 0x34, 0x2d, 0x61, 0x70, 0x64, 0x62,
    0x6b, 0x65, 0x79, 0x68, 0x69, 0x5f, 0x65, 0x6c, 0x31, 0x2e, 0x78, 0x6d, 0x6c, 0x00, 0x4d, 0x52,
    0x53, 0x20, 0x41, 0x50, 0x44, 0x42, 0x4b, 0x65, 0x79, 0x48, 0x69, 0x5f, 0x45, 0x4c, 0x31, 0x00,
    0x4d, 0x53, 0x52, 0x72, 0x65, 0x67, 0x69, 0x73, 0x74, 0x65, 0x72, 0x20, 0x41, 0x50, 0x44, 0x42,
    0x4b, 0x65, 0x79, 0x48, 0x69, 0x5f, 0x45, 0x4c, 0x31, 0x00, 0x41, 0x50, 0x44, 0x42, 0x4b, 0x65,
    0x79, 0x4c, 0x6f, 0x5f, 0x45, 0x4c, 0x31, 0x00, 0x41, 0x41, 0x72, 0x63, 0x68, 0x36, 0x34, 0x2d,
    0x61, 0x70, 0x64, 0x62, 0x6b, 0x65, 0x79, 0x6c, 0x6f, 0x5f, 0x65, 0x6c, 0x31, 0x2e, 0x78, 0x6d,
    0x6c, 0x00, 0x4d, 0x52, 0x53, 0x20, 0x41, 0x50, 0x44, 0x42, 0x4b, 0x65, 0x79, 0x4c, 0x6f, 0x5f,
    0x45, 0x4c, 0x31, 0x00, 0x4d, 0x53, 0x52, 0x72, 0x65, 0x67, 0x69, 0x73, 0x74, 0x65, 0x72, 0x20,
    0x41, 0x50, 0x44, 0x42, 0x4b, 0x65, 0x79, 0x4c, 0x6f, 0x5f, 0x45, 0x4c, 0x31, 0x00, 0x41, 0x50,
    0x47, 0x41, 0x4b, 0x65, 0x79, 0x48, 0x69, 0x5f, 0x45, 0x4c, 0x31, 0x00, 0x41, 0x41, 0x72, 0x63,
    0x68, 0x36, 0x34, 0x2d, 0x61, 0x70, 0x67, 0x61, 0x6b, 0x65, 0x79, 0x68, 0x69, 0x5f, 0x65, 0x6c,
    0x31, 0x2e, 0x78, 0x6d, 0x6c, 0x00, 0x4d, 0x52, 0x53, 0x20, 0x41, 0x50, 0x47, 0x41, 0x4b, 0x65,
    0x79, 0x48, 0x69, 0x5f, 0x45, 0x4c, 0x31, 0x00, 0x4d, 0x53, 0x52, 0x72, 0x65, 0x67, 0x69, 0x73,
    0x74, 0x65, 0x72, 0x20, 0x41, 0x50, 0x47, 0x41, 0x4b, 0x65, 0x79, 0x48, 0x69, 0x5f, 0x45, 0x4c,
    0x31, 0x00, 0x41, 0x50, 0x47, 0x41, 0x4b, 0x65, 0x79, 0x4c, 0x6f, 0x5f, 0x45, 0x4c, 0x31, 0x00,
    0x41, 0x41, 0x72, 0x63, 0x68, 0x36, 0x34, 0x2d, 0x61, 0x70, 0x67, 0x61, 0x6b, 0x65, 0x79, 0x6c,
    0x6f, 0x5f, 0x65, 0x6c, 0x31, 0x2e, 0x78, 0x6d, 0x6c, 0x00, 0x4d, 0x52, 0x53, 0x20, 0x41, 0x50,
    0x47, 0x41, 0x4b, 0x65, 0x79, 0x4c, 0x6f, 0x5f, 0x45, 0x4c, 0x31, 0x00, 0x4d, 0x53, 0x52, 0x72,
    0x65, 0x67, 0x69, 0x73, 0x74, 0x65, 0x72, 0x20, 0x41, 0x50, 0x47, 0x41, 0x4b, 0x65, 0x79, 0x4c,
    0x6f, 0x5f, 0x45, 0x4c, 0x31, 0x00, 0x41, 0x50, 0x49, 0x41, 0x4b, 0x65, 0x79, 0x48, 0x69, 0x5f,
    0x45, 0x4c, 0x31, 0x00, 0x41, 0x41, 0x72, 0x63, 0x68, 0x36, 0x34, 0x2d, 0x61, 0x70, 0x69, 0x61,
    0x6b, 0x65, 0x79, 0x68, 0x69, 0x5f, 0x65, 0x6c, 0x31, 0x2e, 0x78, 0x6d, 0x6c, 0x00, 0x4d, 0x52,
    0x53, 0x20, 0x41, 0x50, 0x49, 0x41, 0x4b, 0x65, 0x79, 0x48, 0x69, 0x5f, 0x45, 0x4c, 0x31, 0x00,
    0x4d, 0x53, 0x52, 0x72, 0x65, 0x67, 0x69, 0x73, 0x74, 0x65, 0x72, 0x20, 0x41, 0x50, 0x49, 0x41,
    0x4b, 0x65, 0x79, 0x48, 0x69, 0x5f, 0x45, 0x4c, 0x31, 0x00, 0x41, 0x50, 0x49, 0x41, 0x4b, 0x65,
    0x79, 0x4c, 0x6f, 0x5f, 0x45, 0x4c, 0x31, 0x00, 0x41, 0x41, 0x72, 0x63, 0x68, 0x36, 0x34, 0x2d,
    0x61, 0x70, 0x69, 0x61, 0x6b, 0x65, 0x79, 0x6c, 0x6f, 0x5f, 0x65, 0x6c, 0x31, 0x2e, 0x78, 0x6d,
    0x6c, 0x00, 0x4d, 0x52, 0x53, 0x20, 0x41, 0x50, 0x49, 0x41, 0x4b, 0x65, 0x79, 0x4c, 0x6f, 0x5f,
    0x45, 0x4c, 0x31, 0x00, 0x4d, 0x53, 0x52, 0x72, 0x65, 0x67, 0x69, 0x73, 0x74, 0x65, 0x72, 0x20,
    0x41, 0x50, 0x49, 0x41, 0x4b, 0x65, 0x79, 0x4c, 0x6f, 0x5f, 0x45, 0x4c, 0x31, 0x00, 0x41, 0x50,
    0x49, 0x42, 0x4b, 0x65, 0x79, 0x48, 0x69, 0x5f, 0x45, 0x4c, 0x31, 0x00, 0x41, 0x41, 0x72, 0x63,
    0x68, 0x36, 0x34, 0x2d, 0x61, 0x70, 0x69, 0x62, 0x6b, 0x65, 0x79, 0x68, 0x69, 0x5f, 0x65, 0x6c,
    0x31, 0x2e, 0x78, 0x6d, 0x6c, 0x00, 0x4d, 0x52, 0x53, 0x20, 0x41, 0x50, 0x49, 0x42, 0x4b, 0x65,
    0x79, 0x48, 0x69, 0x5f, 0x45, 0x4c, 0x31, 0x00, 0x4d, 0x53, 0x52, 0x72, 0x65, 0x67, 0x69, 0x73,
    0x74, 0x65, 0x72, 0x20, 0x41, 0x50, 0x49, 0x42, 0x4b, 0x65, 0x79, 0x48, 0x69, 0x5f, 0x45, 0x4c,
    0x31, 0x00, 0x41, 0x50, 0x49, 0x42, 0x4b, 0x65, 0x79, 0x4c, 0x6f, 0x5f, 0x45, 0x4c, 0x31, 0x00,
    0x41, 0x41, 0x72, 0x63, 0x68, 0x36, 0x34, 0x2d, 0x61, 0x70, 0x69, 0x62, 0x6b, 0x65, 0x79, 0x6c,
    0x6f, 0x5f, 0x65, 0x6c, 0x31, 0x2e, 0x78, 0x6d, 0x6c, 0x00, 0x4d, 0x52, 0x53, 0x20, 0x41, 0x50,
    0x49, 0x42, 0x4b, 0x65, 0x79, 0x4c, 0x6f, 0x5f, 0x45, 0x4c, 0x31, 0x00, 0x4d, 0x53, 0x52, 0x72,
    0x65, 0x67, 0x69, 0x73, 0x74, 0x65, 0x72, 0x20, 0x41, 0x50, 0x49, 0x42, 0x4b, 0x65, 0x79, 0x4c,
    0x6f, 0x5f, 0x45, 0x4c, 0x31, 0x00, 0x43, 0x43, 0x53, 0x49, 0x44, 0x52, 0x5f, 0x45, 0x4c, 0x31,
    0x00, 0x41, 0x41, 0x72, 0x63, 0x68, 0x36, 0x34, 0x2d, 0x63, 0x63, 0x73, 0x69, 0x64, 0x72, 0x5f,
    0x65, 0x6c, 0x31, 0x2e, 0x78, 0x6d, 0x6c, 0x00, 0x4d, 0x52, 0x53, 0x20, 0x43, 0x43, 0x53, 0x49,
    0x44, 0x52, 0x5f, 0x45, 0x4c, 0x31, 0x00, 0x43, 0x4c, 0x49, 0x44, 0x52, 0x5f, 0x45, 0x4c, 0x31,
    0x00, 0x41, 0x41, 0x72, 0x63, 0x68, 0x36, 0x34, 0x2d, 0x63, 0x6c, 0x69, 0x64, 0x72, 0x5f, 0x65,
    0x6c, 0x31, 0x2e, 0x78, 0x6d, 0x6c, 0x00, 0x4d, 0x52, 0x53, 0x20, 0x43, 0x4c, 0x49, 0x44, 0x52,
    0x5f, 0x45, 0x4c, 0x31, 0x00, 0x43, 0x4e, 0x54, 0x46, 0x52, 0x51, 0x5f, 0x45, 0x4c, 0x30, 0x00,
    0x41, 0x41, 0x72, 0x63, 0x68, 0x36, 0x34, 0x2d, 0x63, 0x6e, 0x74, 0x66, 0x72, 0x71, 0x5f, 0x65,
    0x6c, 0x30, 0x2e, 0x78, 0x6d, 0x6c, 0x00, 0x4d, 0x52, 0x53, 0x20, 0x43, 0x4e, 0x54, 0x46, 0x52,
    0x51, 0x5f, 0x45, 0x4c, 0x30, 0x00, 0x4d, 0x53, 0x52, 0x72, 0x65, 0x67, 0x69, 0x73, 0x74, 0x65,
    0x72, 0x20, 0x43, 0x4e, 0x54, 0x46, 0x52, 0x51, 0x5f, 0x45, 0x4c, 0x30, 0x00, 0x43, 0x4e, 0x54,
    0x48, 0x43, 0x54, 0x4c, 0x5f, 0x45, 0x4c, 0x32, 0x00, 0x41, 0x41, 0x72, 0x63, 0x68, 0x36, 0x34,
    0x2d, 0x63, 0x6e, 0x74, 0x68, 0x63, 0x74, 0x6c, 0x5f, 0x65, 0x6c, 0x32, 0x2e, 0x78, 0x6d, 0x6c,
    0x00, 0x4d, 0x52, 0x53, 0x20, 0x43, 0x4e, 0x54, 0x48, 0x43, 0x54, 0x4c, 0x5f, 0x45, 0x4c, 0x32,
    0x00, 0x4d, 0x53, 0x52, 0x72, 0x65, 0x67, 0x69, 0x73, 0x74, 0x65, 0x72, 0x20, 0x43, 0x4e, 0x54,
    0x48, 0x43, 0x54, 0x4c, 0x5f, 0x45, 0x4c, 0x32, 0x00, 0x43, 0x4e, 0x54, 0x48, 0x50, 0x5f, 0x43,
    0x54, 0x4c, 0x5f, 0x45, 0x4c, 0x32, 0x00, 0x41, 0x41, 0x72, 0x63, 0x68, 0x36, 0x34, 0x2d, 0x63,
    0x6e, 0x74, 0x68, 0x70, 0x5f, 0x63, 0x74, 0x6c, 0x5f, 0x65, 0x6c, 0x32, 0x2e, 0x78, 0x6d, 0x6c,
    0x00, 0x4d, 0x52, 0x53, 0x20, 0x43, 0x4e, 0x54, 0x48, 0x50, 0x5f, 0x43, 0x54, 0x4c, 0x5f, 0x45,
    0x4c, 0x32, 0x00, 0x4d, 0x53, 0x52, 0x72, 0x65, 0x67, 0x69, 0x73, 0x74, 0x65, 0x72, 0x20, 0x43,
    0x4e, 0x54, 0x48, 0x50, 0x5f, 0x43, 0x54, 0x4c, 0x5f, 0x45, 0x4c, 0x32, 0x00, 0x43, 0x4e, 0x54,
    0x48, 0x50, 0x5f, 0x43, 0x56, 0x41, 0x4c, 0x5f, 0x45, 0x4c, 0x32, 0x00, 0x41, 0x41, 0x72, 0x63,
    0x68, 0x36, 0x34, 0x2d, 0x63, 0x6e, 0x74, 0x68, 0x70, 0x5f, 0x63, 0x76, 0x61, 0x6c, 0x5f, 0x65,
    0x6c, 0x32, 0x2e, 0x78, 0x6d, 0x6c, 0x00, 0x4d, 0x52, 0x53, 0x20, 0x43, 0x4e, 0x54, 0x48, 0x50,
    0x5f, 0x43, 0x56, 0x41, 0x4c, 0x5f, 0x45, 0x4c, 0x32, 0x00, 0x4d, 0x53, 0x52, 0x72, 0x65, 0x67,
    0x69, 0x73, 0x74, 0x65, 0x72, 0x20, 0x43, 0x4e, 0x54, 0x48, 0x50, 0x5f, 0x43, 0x56, 0x41, 0x4c,
    0x5f, 0x45, 0x4c, 0x32, 0x00, 0x43, 0x4e, 0x54, 0x48, 0x50, 0x5f, 0x54, 0x56, 0x41, 0x4c, 0x5f,
    0x45, 0x4c, 0x32, 0x00, 0x41, 0x41, 0x72, 0x63, 0x68, 0x36, 0x34, 0x2d, 0x63, 0x6e, 0x74, 0x68,
    0x70, 0x5f, 0x74, 0x76, 0x61, 0x6c, 0x5f, 0x65, 0x6c, 0x32, 0x2e, 0x78, 0x6d, 0x6c, 0x00, 0x4d,
    0x52, 0x53, 0x20, 0x43, 0x4e, 0x54, 0x48, 0x50, 0x5f, 0x54, 0x56, 0x41, 0x4c, 0x5f, 0x45, 0x4c,
    0x32, 0x00, 0x4d, 0x53, 0x52, 0x72, 0x65, 0x67, 0x69, 0x73, 0x74, 0x65, 0x72, 0x20, 0x43, 0x4e,
    0x54, 0x48, 0x50, 0x5f, 0x54, 0x56, 0x41, 0x4c, 0x5f, 0x45, 0x4c, 0x32, 0x00, 0x43, 0x4e, 0x54,
    0x48, 0x56, 0x5f, 0x43, 0x54, 0x4c, 0x5f, 0x45, 0x4c, 0x32, 0x00, 0x41, 0x41, 0x72, 0x63, 0x68,
    0x36, 0x34, 0x2d, 0x63, 0x6e, 0x74, 0x68, 0x76, 0x5f, 0x63, 0x74, 0x6c, 0x5f, 0x65, 0x6c, 0x32,
    0x2e, 0x78, 0x6d, 0x6c, 0x00, 0x4d, 0x52, 0x53, 0x20, 0x43, 0x4e, 0x54, 0x48, 0x56, 0x5f, 0x43,
    0x54, 0x4c, 0x5f, 0x45, 0x4c, 0x32, 0x00, 0x4d, 0x53, 0x52, 0x72, 0x65, 0x67, 0x69, 0x73, 0x74,
    0x65, 0x72, 0x20, 0x43, 0x4e, 0x54, 0x48, 0x56, 0x5f, 0x43, 0x54, 0x4c, 0x5f, 0x45, 0x4c, 0x32,
    0x00, 0x43, 0x4e, 0x54, 0x48, 0x56, 0x5f, 0x43, 0x56, 0x41, 0x4c, 0x5f, 0x45, 0x4c, 0x32, 0x00,
    0x41, 0x41, 0x72, 0x63, 0x68, 0x36, 0x34, 0x2d, 0x63, 0x6e, 0x74, 0x68, 0x76, 0x5f, 0x63, 0x76,
    0x61, 0x6c, 0x5f, 0x65, 0x6c, 0x32, 0x2e, 0x78, 0x6d, 0x6c, 0x00, 0x4d, 0x52, 0x53, 0x20, 0x43,
    0x4e, 0x54, 0x48, 0x56, 0x5f, 0x43, 0x56, 0x41, 0x4c, 0x5f, 0x45, 0x4c, 0x32, 0x00, 0x4d, 0x53,
    0x52, 0x72, 0x65, 0x67, 0x69, 0x73, 0x74, 0x65, 0x72, 0x20, 0x43, 0x4e, 0x54, 0x48, 0x56, 0x5f,
    0x43, 0x56, 0x41, 0x4c, 0x5f, 0x45, 0x4c, 0x32, 0x00, 0x43, 0x4e, 0x54, 0x48, 0x56, 0x5f, 0x54,
    0x56, 0x41, 0x4c, 0x5f, 0x45, 0x4c, 0x32, 0x00, 0x41, 0x41, 0x72, 0x63, 0x68, 0x36, 0x34, 0x2d,
    0x63, 0x6e, 0x74, 0x68, 0x76, 0x5f, 0x74, 0x76, 0x61, 0x6c, 0x5f, 0x65, 0x6c, 0x32, 0x2e, 0x78,
    0x6d, 0x6c, 0x00, 0x4d, 0x52, 0x53, 0x20, 0x43, 0x4e, 0x54, 0x48, 0x56, 0x5f, 0x54, 0x56, 0x41,
    0x4c, 0x5f, 0x45, 0x4c, 0x32, 0x00, 0x4d, 0x53, 0x52, 0x72, 0x65, 0x67, 0x69, 0x73, 0x74, 0x65,
    0x72, 0x20, 0x43, 0x4e, 0x54, 0x48, 0x56, 0x5f, 0x54, 0x56, 0x41, 0x4c, 0x5f, 0x45, 0x4c, 0x32,
    0x00, 0x43, 0x4e, 0x54, 0x4b, 0x43, 0x54, 0x4c, 0x5f, 0x45, 0x4c, 0x31, 0x00, 0x4d, 0x52, 0x53,
    0x20, 0x43, 0x4e, 0x54, 0x4b, 0x43, 0x54, 0x4c, 0x5f, 0x45, 0x4c, 0x31, 0x00, 0x4d, 0x53, 0x52,
    0x72, 0x65, 0x67, 0x69, 0x73, 0x74, 0x65, 0x72, 0x20, 0x43, 0x4e, 0x54, 0x4b, 0x43, 0x54, 0x4c,
    0x5f, 0x45, 0x4c, 0x31, 0x00, 0x41, 0x41, 0x72, 0x63, 0x68, 0x36, 0x34, 0x2d, 0x63, 0x6e, 0x74,
    0x6b, 0x63, 0x74, 0x6c, 0x5f, 0x65, 0x6c, 0x31, 0x2e, 0x78, 0x6d, 0x6c, 0x00, 0x43, 0x4e, 0x54,
    0x4b, 0x43, 0x54, 0x4c, 0x5f, 0x45, 0x4c, 0x31, 0x32, 0x00, 0x4d, 0x52, 0x53, 0x20, 0x43, 0x4e,
    0x54, 0x4b, 0x43, 0x54, 0x4c, 0x5f, 0x45, 0x4c, 0x31, 0x32, 0x00, 0x4d, 0x53, 0x52, 0x72, 0x65,
    0x67, 0x69, 0x73, 0x74, 0x65, 0x72, 0x20, 0x43, 0x4e, 0x54, 0x4b, 0x43, 0x54, 0x4c, 0x5f, 0x45,
    0x4c, 0x31, 0x32, 0x00, 0x43, 0x4e, 0x54, 0x50, 0x43, 0x54, 0x5f, 0x45, 0x4c, 0x30, 0x00, 0x41,
    0x41, 0x72, 0x63, 0x68, 0x36, 0x34, 0x2d, 0x63, 0x6e, 0x74, 0x70, 0x63, 0x74, 0x5f, 0x65, 0x6c,
    0x30, 0x2e, 0x78, 0x6d, 0x6c, 0x00, 0x4d, 0x52, 0x53, 0x20, 0x43, 0x4e, 0x54, 0x50, 0x43, 0x54,
    0x5f, 0x45, 0x4c, 0x30, 0x00, 0x43, 0x4e, 0x54, 0x50, 0x5f, 0x43, 0x54, 0x4c, 0x5f, 0x45, 0x4c,
    0x30, 0x00, 0x4d, 0x52, 0x53, 0x20, 0x43, 0x4e, 0x54, 0x50, 0x5f, 0x43, 0x54, 0x4c, 0x5f, 0x45,
    0x4c, 0x30, 0x00, 0x4d, 0x53, 0x52, 0x72, 0x65, 0x67, 0x69, 0x73, 0x74, 0x65, 0x72, 0x20, 0x43,
    0x4e, 0x54, 0x50, 0x5f, 0x43, 0x54, 0x4c, 0x5f, 0x45, 0x4c, 0x30, 0x00, 0x41, 0x41, 0x72, 0x63,
    0x68, 0x36, 0x34, 0x2d, 0x63, 0x6e, 0x74, 0x70, 0x5f, 0x63, 0x74, 0x6c, 0x5f, 0x65, 0x6c, 0x30,
    0x2e, 0x78, 0x6d, 0x6c, 0x00, 0x43, 0x4e, 0x54, 0x50, 0x5f, 0x43, 0x54, 0x4c, 0x5f, 0x45, 0x4c,
    0x30, 0x32, 0x00, 0x4d, 0x52, 0x53, 0x20, 0x43, 0x4e, 0x54, 0x50, 0x5f, 0x43, 0x54, 0x4c, 0x5f,
    0x45, 0x4c, 0x30, 0x32, 0x00, 0x4d, 0x53, 0x52, 0x72, 0x65, 0x67, 0x69, 0x73, 0x74, 0x65, 0x72,
    0x20, 0x43, 0x4e, 0x54, 0x50, 0x5f, 0x43, 0x54, 0x4c, 0x5f, 0x45, 0x4c, 0x30, 0x32, 0x00, 0x43,
    0x4e, 0x54, 0x50, 0x5f, 0x43, 0x56, 0x41, 0x4c, 0x5f, 0x45, 0x4c, 0x30, 0x00, 0x4d, 0x52, 0x53,
    0x20, 0x43, 0x4e, 0x54, 0x50, 0x5f, 0x43, 0x56, 0x41, 0x4c, 0x5f, 0x45, 0x4c, 0x30, 0x00, 0x4d,
    0x53, 0x52, 0x72, 0x65, 0x67, 0x69, 0x73, 0x74, 0x65, 0x72, 0x20, 0x43, 0x4e, 0x54, 0x50, 0x5f,
    0x43, 0x56, 0x41, 0x4c, 0x5f, 0x45, 0x4c, 0x30, 0x00, 0x41, 0x41, 0x72, 0x63, 0x68, 0x36, 0x34,
    0x2d, 0x63, 0x6e, 0x74, 0x70, 0x5f, 0x63, 0x76, 0x61, 0x6c, 0x5f, 0x65, 0x6c, 0x30, 0x2e, 0x78,
    0x6d, 0x6c, 0x00, 0x43, 0x4e, 0x54, 0x50, 0x5f, 0x43, 0x56, 0x41, 0x4c, 0x5f, 0x45, 0x4c, 0x30,
    0x32, 0x00, 0x4d, 0x52, 0x53, 0x20, 0x43, 0x4e, 0x54, 0x50, 0x5f, 0x43, 0x56, 0x41, 0x4c, 0x5f,
    0x45, 0x4c, 0x30, 0x32, 0x00, 0x4d, 0x53, 0x52, 0x72, 0x65, 0x67, 0x69, 0x73, 0x74, 0x65, 0x72,
    0x20, 0x43, 0x4e, 0x54, 0x50, 0x5f, 0x43, 0x56, 0x41, 0x4c, 0x5f, 0x45, 0x4c, 0x30, 0x32, 0x00,
    0x43, 0x4e, 0x54, 0x50, 0x5f, 0x54, 0x56, 0x41, 0x4c, 0x5f, 0x45, 0x4c, 0x30, 0x00, 0x4d, 0x52,
    0x53, 0x20, 0x43, 0x4e, 0x54, 0x50, 0x5f, 0x54, 0x56, 0x41, 0x4c, 0x5f, 0x45, 0x4c, 0x30, 0x00,
    0x4d, 0x53, 0x52, 0x72, 0x65, 0x67, 0x69, 0x73, 0x74, 0x65, 0x72, 0x20, 0x43, 0x4e, 0x54, 0x50,
    0x5f, 0x54, 0x56, 0x41, 0x4c, 0x5f, 0x45, 0x4c, 0x30, 0x00, 0x41, 0x41, 0x72, 0x63, 0x68, 0x36,
    0x34, 0x2d, 0x63, 0x6e, 0x74, 0x70, 0x5f, 0x74, 0x76, 0x61, 0x6c, 0x5f, 0x65, 0x6c, 0x30, 0x2e,
    0x78, 0x6d, 0x6c, 0x00, 0x43, 0x4e, 0x54, 0x50, 0x5f, 0x54, 0x56, 0x41, 0x4c, 0x5f, 0x45, 0x4c,
    0x30, 0x32, 0x00, 0x4d, 0x52, 0x53, 0x20, 0x43, 0x4e, 0x54, 0x50, 0x5f, 0x54, 0x56, 0x41, 0x4c,
    0x5f, 0x45, 0x4c, 0x30, 0x32, 0x00, 0x4d, 0x53, 0x52, 0x72, 0x65, 0x67, 0x69, 0x73, 0x74, 0x65,
    0x72, 0x20, 0x43, 0x4e, 0x54, 0x50, 0x5f, 0x54, 0x56, 0x41, 0x4c, 0x5f, 0x45, 0x4c, 0x30, 0x32,
    0x00, 0x43, 0x4e, 0x54, 0x56, 0x43, 0x54, 0x5f, 0x45, 0x4c, 0x30, 0x00, 0x41, 0x41, 0x72, 0x63,
    0x68, 0x36, 0x34, 0x2d, 0x63, 0x6e, 0x74, 0x76, 0x63, 0x74, 0x5f, 0x65, 0x6c, 0x30, 0x2e, 0x78,
    0x6d, 0x6c, 0x00, 0x4d, 0x52, 0x53, 0x20, 0x43, 0x4e, 0x54, 0x56, 0x43, 0x54, 0x5f, 0x45, 0x4c,
    0x30, 0x00, 0x43, 0x4e, 0x54, 0x56, 0x4f, 0x46, 0x46, 0x5f, 0x45, 0x4c, 0x32, 0x00, 0x41, 0x41,
    0x72, 0x63, 0x68, 0x36, 0x34, 0x2d, 0x63, 0x6e, 0x74, 0x76, 0x6f, 0x66, 0x66, 0x5f, 0x65, 0x6c,
    0x32, 0x2e, 0x78, 0x6d, 0x6c, 0x00, 0x4d, 0x52, 0x53, 0x20, 0x43, 0x4e, 0x54, 0x56, 0x4f, 0x46,
    0x46, 0x5f, 0x45, 0x4c, 0x32, 0x00, 0x4d, 0x53, 0x52, 0x72, 0x65, 0x67, 0x69, 0x73, 0x74, 0x65,
    0x72, 0x20, 0x43, 0x4e, 0x54, 0x56, 0x4f, 0x46, 0x46, 0x5f, 0x45, 0x4c, 0x32, 0x00, 0x43, 0x4e,
    0x54, 0x56, 0x5f, 0x43, 0x54, 0x4c, 0x5f, 0x45, 0x4c, 0x30, 0x00, 0x4d, 0x52, 0x53, 0x20, 0x43,
    0x4e, 0x54, 0x56, 0x5f, 0x43, 0x54, 0x4c, 0x5f, 0x45, 0x4c, 0x30, 0x00, 0x4d, 0x53, 0x52, 0x72,
    0x65, 0x67, 0x69, 0x73, 0x74, 0x65, 0x72, 0x20, 0x43, 0x4e, 0x54, 0x56, 0x5f, 0x43, 0x54, 0x4c,
    0x5f, 0x45, 0x4c, 0x30, 0x00, 0x41, 0x41, 0x72, 0x63, 0x68, 0x36, 0x34, 0x2d, 0x63, 0x6e, 0x74,
    0x76, 0x5f, 0x63, 0x74, 0x6c, 0x5f, 0x65, 0x6c, 0x30, 0x2e, 0x78, 0x6d, 0x6c, 0x00, 0x43, 0x4e,
    0x54, 0x56, 0x5f, 0x43, 0x54, 0x4c, 0x5f, 0x45, 0x4c, 0x30, 0x32, 0x00, 0x4d, 0x52, 0x53, 0x20,
    0x43, 0x4e, 0x54, 0x56, 0x5f, 0x43, 0x54, 0x4c, 0x5f, 0x45, 0x4c, 0x30, 0x32, 0x00, 0x4d, 0x53,
    0x52, 0x72, 0x65, 0x67, 0x69, 0x73, 0x74, 0x65, 0x72, 0x20, 0x43, 0x4e, 0x54, 0x56, 0x5f, 0x43,
    0x54, 0x4c, 0x5f, 0x45, 0x4c, 0x30, 0x32, 0x00, 0x43, 0x4e, 0x54, 0x56, 0x5f, 0x43, 0x56, 0x41,
    0x4c, 0x5f, 0x45, 0x4c, 0x30, 0x00, 0x4d, 0x52, 0x53, 0x20, 0x43, 0x4e, 0x54, 0x56, 0x5f, 0x43,
    0x56, 0x41, 0x4c, 0x5f, 0x45, 0x4c, 0x30, 0x00, 0x4d, 0x53, 0x52, 0x72, 0x65, 0x67, 0x69, 0x73,
    0x74, 0x65, 0x72, 0x20, 0x43, 0x4e, 0x54, 0x56, 0x5f, 0x43, 0x56, 0x41, 0x4c, 0x5f, 0x45, 0x4c,
    0x30, 0x00, 0x41, 0x41, 0x72, 0x63, 0x68, 0x36, 0x34, 0x2d, 0x63, 0x6e, 0x74, 0x76, 0x5f, 0x63,
    0x76, 0x61, 0x6c, 0x5f, 0x65, 0x6c, 0x30, 0x2e, 0x78, 0x6d, 0x6c, 0x00, 0x43, 0x4e, 0x54, 0x56,
    0x5f, 0x43, 0x56, 0x41, 0x4c, 0x5f, 0x45, 0x4c, 0x30, 0x32, 0x00, 0x4d, 0x52, 0x53, 0x20, 0x43,
    0x4e, 0x54, 0x56, 0x5f, 0x43, 0x56, 0x41, 0x4c, 0x5f, 0x45, 0x4c, 0x30, 0x32, 0x00, 0x4d, 0x53,
    0x52, 0x72, 0x65, 0x67, 0x69, 0x73, 0x74, 0x65, 0x72, 0x20, 0x43, 0x4e, 0x54, 0x56, 0x5f, 0x43,
    0x56, 0x41, 0x4c, 0x5f, 0x45, 0x4c, 0x30, 0x32, 0x00, 0x43, 0x4e, 0x54, 0x56, 0x5f, 0x54, 0x56,
    0x41, 0x4c, 0x5f, 0x45, 0x4c, 0x30, 0x00, 0x4d, 0x52, 0x53, 0x20, 0x43, 0x4e, 0x54, 0x56, 0x5f,
    0x54, 0x56, 0x41, 0x4c, 0x5f, 0x45, 0x4c, 0x30, 0x00, 0x4d, 0x53, 0x52, 0x72, 0x65, 0x67, 0x69,
    0x73, 0x74, 0x65, 0x72, 0x20, 0x43, 0x4e, 0x54, 0x56, 0x5f, 0x54, 0x56, 0x41, 0x4c, 0x5f, 0x45,
    0x4c, 0x30, 0x00, 0x41, 0x41, 0x72, 0x63, 0x68, 0x36, 0x34, 0x2d, 0x63, 0x6e, 0x74, 0x76, 0x5f,
    0x74, 0x76, 0x61, 0x6c, 0x5f, 0x65, 0x6c, 0x30, 0x2e, 0x78, 0x6d, 0x6c, 0x00, 0x43, 0x4e, 0x54,
    0x56, 0x5f, 0x54, 0x56, 0x41, 0x4c, 0x5f, 0x45, 0x4c, 0x30, 0x32, 0x00, 0x4d, 0x52, 0x53, 0x20,
    0x43, 0x4e, 0x54, 0x56, 0x5f, 0x54, 0x56, 0x41, 0x4c, 0x5f, 0x45, 0x4c, 0x30, 0x32, 0x00, 0x4d,
    0x53, 0x52, 0x72, 0x65, 0x67, 0x69, 0x73, 0x74, 0x65, 0x72, 0x20, 0x43, 0x4e, 0x54, 0x56, 0x5f,
    0x54, 0x56, 0x41, 0x4c, 0x5f, 0x45, 0x4c, 0x30, 0x32, 0x00, 0x43, 0x4f, 0x4e, 0x54, 0x45, 0x58,
    0x54, 0x49, 0x44, 0x52, 0x5f, 0x45, 0x4c, 0x31, 0x00, 0x41, 0x41, 0x72, 0x63, 0x68, 0x36, 0x34,
    0x2d, 0x63, 0x6f, 0x6e, 0x74, 0x65, 0x78, 0x74, 0x69, 0x64, 0x72, 0x5f, 0x65, 0x6c, 0x31, 0x2e,
    0x78, 0x6d, 0x6c, 0x00, 0x4d, 0x52, 0x53, 0x20, 0x43, 0x4f, 0x4e, 0x54, 0x45, 0x58, 0x54, 0x49,
    0x44, 0x52, 0x5f, 0x45, 0x4c, 0x31, 0x00, 0x4d, 0x53, 0x52, 0x72, 0x65, 0x67, 0x69, 0x73, 0x74,
    0x65, 0x72, 0x20, 0x43, 0x4f, 0x4e, 0x54, 0x45, 0x58, 0x54, 0x49, 0x44, 0x52, 0x5f, 0x45, 0x4c,
    0x31, 0x00, 0x43, 0x4f, 0x4e, 0x54, 0x45, 0x58, 0x54, 0x49, 0x44, 0x52, 0x5f, 0x45, 0x4c, 0x31,
    0x32, 0x00, 0x4d, 0x52, 0x53, 0x20, 0x43, 0x4f, 0x4e, 0x54, 0x45, 0x58, 0x54, 0x49, 0x44, 0x52,
    0x5f, 0x45, 0x4c, 0x31, 0x32, 0x00, 0x4d, 0x53, 0x52, 0x72, 0x65, 0x67, 0x69, 0x73, 0x74, 0x65,
    0x72, 0x20, 0x43, 0x4f, 0x4e, 0x54, 0x45, 0x58, 0x54, 0x49, 0x44, 0x52, 0x5f, 0x45, 0x4c, 0x31,
    0x32, 0x00, 0x43, 0x50, 0x41, 0x43, 0x52, 0x5f, 0x45, 0x4c, 0x31, 0x00, 0x41, 0x41, 0x72, 0x63,
    0x68, 0x36, 0x34, 0x2d, 0x63, 0x70, 0x61, 0x63, 0x72, 0x5f, 0x65, 0x6c, 0x31, 0x2e, 0x78, 0x6d,
    0x6c, 0x00, 0x4d, 0x52, 0x53, 0x20, 0x43, 0x50, 0x41, 0x43, 0x52, 0x5f, 0x45, 0x4c, 0x31, 0x00,
    0x4d, 0x53, 0x52, 0x72, 0x65, 0x67, 0x69, 0x73, 0x74, 0x65, 0x72, 0x20, 0x43, 0x50, 0x41, 0x43,
    0x52, 0x5f, 0x45, 0x4c, 0x31, 0x00, 0x43, 0x50, 0x54, 0x52, 0x5f, 0x45, 0x4c, 0x32, 0x00, 0x41,
    0x41, 0x72, 0x63, 0x68, 0x36, 0x34, 0x2d, 0x63, 0x70, 0x74, 0x72, 0x5f, 0x65, 0x6c, 0x32, 0x2e,
    0x78, 0x6d, 0x6c, 0x00, 0x43, 0x50, 0x41, 0x43, 0x52, 0x5f, 0x45, 0x4c, 0x31, 0x32, 0x00, 0x4d,
    0x52, 0x53, 0x20, 0x43, 0x50, 0x41, 0x43, 0x52, 0x5f, 0x45, 0x4c, 0x31, 0x32, 0x00, 0x4d, 0x53,
    0x52, 0x72, 0x65, 0x67, 0x69, 0x73, 0x74, 0x65, 0x72, 0x20, 0x43, 0x50, 0x41, 0x43, 0x52, 0x5f,
    0x45, 0x4c, 0x31, 0x32, 0x00, 0x4d, 0x52, 0x53, 0x20, 0x43, 0x50, 0x54, 0x52, 0x5f, 0x45, 0x4c,
    0x32, 0x00, 0x4d, 0x53, 0x52, 0x72, 0x65, 0x67, 0x69, 0x73, 0x74, 0x65, 0x72, 0x20, 0x43, 0x50,
    0x54, 0x52, 0x5f, 0x45, 0x4c, 0x32, 0x00, 0x43, 0x53, 0x53, 0x45, 0x4c, 0x52, 0x5f, 0x45, 0x4c,
    0x31, 0x00, 0x41, 0x41, 0x72, 0x63, 0x68, 0x36, 0x34, 0x2d, 0x63, 0x73, 0x73, 0x65, 0x6c, 0x72,
    0x5f, 0x65, 0x6c, 0x31, 0x2e, 0x78, 0x6d, 0x6c, 0x00, 0x4d, 0x52, 0x53, 0x20, 0x43, 0x53, 0x53,
    0x45, 0x4c, 0x52, 0x5f, 0x45, 0x4c, 0x31, 0x00, 0x4d, 0x53, 0x52, 0x72, 0x65, 0x67, 0x69, 0x73,
    0x74, 0x65, 0x72, 0x20, 0x43, 0x53, 0x53, 0x45, 0x4c, 0x52, 0x5f, 0x45, 0x4c, 0x31, 0x00, 0x43,
    0x54, 0x52, 0x5f, 0x45, 0x4c, 0x30, 0x00, 0x41, 0x41, 0x72, 0x63, 0x68, 0x36, 0x34, 0x2d, 0x63,
    0x74, 0x72, 0x5f, 0x65, 0x6c, 0x30, 0x2e, 0x78, 0x6d, 0x6c, 0x00, 0x4d, 0x52, 0x53, 0x20, 0x43,
    0x54, 0x52, 0x5f, 0x45, 0x4c, 0x30, 0x00, 0x43, 0x75, 0x72, 0x72, 0x65, 0x6e, 0x74, 0x45, 0x4c,
    0x00, 0x41, 0x41, 0x72, 0x63, 0x68, 0x36, 0x34, 0x2d, 0x63, 0x75, 0x72, 0x72, 0x65, 0x6e, 0x74,
    0x65, 0x6c, 0x2e, 0x78, 0x6d, 0x6c, 0x00, 0x4d, 0x52, 0x53, 0x20, 0x43, 0x75, 0x72, 0x72, 0x65,
    0x6e, 0x74, 0x45, 0x4c, 0x00, 0x44, 0x41, 0x49, 0x46, 0x00, 0x41, 0x41, 0x72, 0x63, 0x68, 0x36,
    0x34, 0x2d, 0x64, 0x61, 0x69, 0x66, 0x2e, 0x78, 0x6d, 0x6c, 0x00, 0x4d, 0x52, 0x53, 0x20, 0x44,
    0x41, 0x49, 0x46, 0x00, 0x4d, 0x53, 0x52, 0x72, 0x65, 0x67, 0x69, 0x73, 0x74, 0x65, 0x72, 0x20,
    0x44, 0x41, 0x49, 0x46, 0x00, 0x44, 0x42, 0x47, 0x41, 0x55, 0x54, 0x48, 0x53, 0x54, 0x41, 0x54,
    0x55, 0x53, 0x5f, 0x45, 0x4c, 0x31, 0x00, 0x41, 0x41, 0x72, 0x63, 0x68, 0x36, 0x34, 0x2d, 0x64,
    0x62, 0x67, 0x61, 0x75, 0x74, 0x68, 0x73, 0x74, 0x61, 0x74, 0x75, 0x73, 0x5f, 0x65, 0x6c, 0x31,
    0x2e, 0x78, 0x6d, 0x6c, 0x00, 0x4d, 0x52, 0x53, 0x20, 0x44, 0x42, 0x47, 0x41, 0x55, 0x54, 0x48,
    0x53, 0x54, 0x41, 0x54, 0x55, 0x53, 0x5f, 0x45, 0x4c, 0x31, 0x00, 0x44, 0x42, 0x47, 0x42, 0x43,
    0x52, 0x3c, 0x6e, 0x3e, 0x5f, 0x45, 0x4c, 0x31, 0x00, 0x44, 0x42, 0x47, 0x42, 0x43, 0x52, 0x3c,
    0x6d, 0x3e, 0x5f, 0x45, 0x4c, 0x31, 0x00, 0x41, 0x41, 0x72, 0x63, 0x68, 0x36, 0x34, 0x2d, 0x64,
    0x62, 0x67, 0x62, 0x63, 0x72, 0x6e, 0x5f, 0x65, 0x6c, 0x31, 0x2e, 0x78, 0x6d, 0x6c, 0x00, 0x4d,
    0x52, 0x53, 0x20, 0x44, 0x42, 0x47, 0x42, 0x43, 0x52, 0x3c, 0x6d, 0x3e, 0x5f, 0x45, 0x4c, 0x31,
    0x00, 0x4d, 0x53, 0x52, 0x72, 0x65, 0x67, 0x69, 0x73, 0x74, 0x65, 0x72, 0x20, 0x44, 0x42, 0x47,
    0x42, 0x43, 0x52, 0x3c, 0x6d, 0x3e, 0x5f, 0x45, 0x4c, 0x31, 0x00, 0x44, 0x42, 0x47, 0x42, 0x56,
    0x52, 0x3c, 0x6e, 0x3e, 0x5f, 0x45, 0x4c, 0x31, 0x00, 0x44, 0x42, 0x47, 0x42, 0x56, 0x52, 0x3c,
    0x6d, 0x3e, 0x5f, 0x45, 0x4c, 0x31, 0x00, 0x41, 0x41, 0x72, 0x63, 0x68, 0x36, 0x34, 0x2d, 0x64,
    0x62, 0x67, 0x62, 0x76, 0x72, 0x6e, 0x5f, 0x65, 0x6c, 0x31, 0x2e, 0x78, 0x6d, 0x6c, 0x00, 0x4d,
    0x52, 0x53, 0x20, 0x44, 0x42, 0x47, 0x42, 0x56, 0x52, 0x3c, 0x6d, 0x3e, 0x5f, 0x45, 0x4c, 0x31,
    0x00, 0x4d, 0x53, 0x52, 0x72, 0x65, 0x67, 0x69, 0x73, 0x74, 0x65, 0x72, 0x20, 0x44, 0x42, 0x47,
    0x42, 0x56, 0x52, 0x3c, 0x6d, 0x3e, 0x5f, 0x45, 0x4c, 0x31, 0x00, 0x44, 0x42, 0x47, 0x43, 0x4c,
    0x41, 0x49, 0x4d, 0x43, 0x4c, 0x52, 0x5f, 0x45, 0x4c, 0x31, 0x00, 0x41, 0x41, 0x72, 0x63, 0x68,
    0x36, 0x34, 0x2d, 0x64, 0x62, 0x67, 0x63, 0x6c, 0x61, 0x69, 0x6d, 0x63, 0x6c, 0x72, 0x5f, 0x65,
    0x6c, 0x31, 0x2e, 0x78, 0x6d, 0x6c, 0x00, 0x4d, 0x52, 0x53, 0x20, 0x44, 0x42, 0x47, 0x43, 0x4c,
    0x41, 0x49, 0x4d, 0x43, 0x4c, 0x52, 0x5f, 0x45, 0x4c, 0x31, 0x00, 0x4d, 0x53, 0x52, 0x72, 0x65,
    0x67, 0x69, 0x73, 0x74, 0x65, 0x72, 0x20, 0x44, 0x42, 0x47, 0x43, 0x4c, 0x41, 0x49, 0x4d, 0x43,
    0x4c, 0x52, 0x5f, 0x45, 0x4c, 0x31, 0x00, 0x44, 0x42, 0x47, 0x43, 0x4c, 0x41, 0x49, 0x4d, 0x53,
    0x45, 0x54, 0x5f, 0x45, 0x4c, 0x31, 0x00, 0x41, 0x41, 0x72, 0x63, 0x68, 0x36, 0x34, 0x2d, 0x64,
    0x62, 0x67, 0x63, 0x6c, 0x61, 0x69, 0x6d, 0x73, 0x65, 0x74, 0x5f, 0x65, 0x6c, 0x31, 0x2e, 0x78,
    0x6d, 0x6c, 0x00, 0x4d, 0x52, 0x53, 0x20, 0x44, 0x42, 0x47, 0x43, 0x4c, 0x41, 0x49, 0x4d, 0x53,
    0x45, 0x54, 0x5f, 0x45, 0x4c, 0x31, 0x00, 0x4d, 0x53, 0x52, 0x72, 0x65, 0x67, 0x69, 0x73, 0x74,
    0x65, 0x72, 0x20, 0x44, 0x42, 0x47, 0x43, 0x4c, 0x41, 0x49, 0x4d, 0x53, 0x45, 0x54, 0x5f, 0x45,
    0x4c, 0x31, 0x00, 0x44, 0x42, 0x47, 0x44, 0x54, 0x52, 0x52, 0x58, 0x5f, 0x45, 0x4c, 0x30, 0x00,
    0x41, 0x41, 0x72, 0x63, 0x68, 0x36, 0x34, 0x2d, 0x64, 0x62, 0x67, 0x64, 0x74, 0x72, 0x72, 0x78,
    0x5f, 0x65, 0x6c, 0x30, 0x2e, 0x78, 0x6d, 0x6c, 0x00, 0x4d, 0x52, 0x53, 0x20, 0x44, 0x42, 0x47,
    0x44, 0x54, 0x52, 0x52, 0x58, 0x5f, 0x45, 0x4c, 0x30, 0x00, 0x44, 0x42, 0x47, 0x44, 0x54, 0x52,
    0x54, 0x58, 0x5f, 0x45, 0x4c, 0x30, 0x00, 0x41, 0x41, 0x72, 0x63, 0x68, 0x36, 0x34, 0x2d, 0x64,
    0x62, 0x67, 0x64, 0x74, 0x72, 0x74, 0x78, 0x5f, 0x65, 0x6c, 0x30, 0x2e, 0x78, 0x6d, 0x6c, 0x00,
    0x4d, 0x53, 0x52, 0x72, 0x65, 0x67, 0x69, 0x73, 0x74, 0x65, 0x72, 0x20, 0x44, 0x42, 0x47, 0x44,
    0x54, 0x52, 0x54, 0x58, 0x5f, 0x45, 0x4c, 0x30, 0x00, 0x44, 0x42, 0x47, 0x44, 0x54, 0x52, 0x5f,
    0x45, 0x4c, 0x30, 0x00, 0x41, 0x41, 0x72, 0x63, 0x68, 0x36, 0x34, 0x2d, 0x64, 0x62, 0x67, 0x64,
    0x74, 0x72, 0x5f, 0x65, 0x6c, 0x30, 0x2e, 0x78, 0x6d, 0x6c, 0x00, 0x4d, 0x52, 0x53, 0x20, 0x44,
    0x42, 0x47, 0x44, 0x54, 0x52, 0x5f, 0x45, 0x4c, 0x30, 0x00, 0x4d, 0x53, 0x52, 0x72, 0x65, 0x67,
    0x69, 0x73, 0x74, 0x65, 0x72, 0x20, 0x44, 0x42, 0x47, 0x44, 0x54, 0x52, 0x5f, 0x45, 0x4c, 0x30,
    0x00, 0x44, 0x42, 0x47, 0x50, 0x52, 0x43, 0x52, 0x5f, 0x45, 0x4c, 0x31, 0x00, 0x41, 0x41, 0x72,
    0x63, 0x68, 0x36, 0x34, 0x2d, 0x64, 0x62, 0x67, 0x70, 0x72, 0x63, 0x72, 0x5f, 0x65, 0x6c, 0x31,
    0x2e, 0x78, 0x6d, 0x6c, 0x00, 0x4d, 0x52, 0x53, 0x20, 0x44, 0x42, 0x47, 0x50, 0x52, 0x43, 0x52,
    0x5f, 0x45, 0x4c, 0x31, 0x00, 0x4d, 0x53, 0x52, 0x72, 0x65, 0x67, 0x69, 0x73, 0x74, 0x65, 0x72,
    0x20, 0x44, 0x42, 0x47, 0x50, 0x52, 0x43, 0x52, 0x5f, 0x45, 0x4c, 0x31, 0x00, 0x44, 0x42, 0x47,
    0x57, 0x43, 0x52, 0x3c, 0x6e, 0x3e, 0x5f, 0x45, 0x4c, 0x31, 0x00, 0x44, 0x42, 0x47, 0x57, 0x43,
    0x52, 0x3c, 0x6d, 0x3e, 0x5f, 0x45, 0x4c, 0x31, 0x00, 0x41, 0x41, 0x72, 0x63, 0x68, 0x36, 0x34,
    0x2d, 0x64, 0x62, 0x67, 0x77, 0x63, 0x72, 0x6e, 0x5f, 0x65, 0x6c, 0x31, 0x2e, 0x78, 0x6d, 0x6c,
    0x00, 0x4d, 0x52, 0x53, 0x20, 0x44, 0x42, 0x47, 0x57, 0x43, 0x52, 0x3c, 0x6d, 0x3e, 0x5f, 0x45,
    0x4c, 0x31, 0x00, 0x4d, 0x53, 0x52, 0x72, 0x65, 0x67, 0x69, 0x73, 0x74, 0x65, 0x72, 0x20, 0x44,
    0x42, 0x47, 0x57, 0x43, 0x52, 0x3c, 0x6d, 0x3e, 0x5f, 0x45, 0x4c, 0x31, 0x00, 0x44, 0x42, 0x47,
    0x57, 0x56, 0x52, 0x3c, 0x6e, 0x3e, 0x5f, 0x45, 0x4c, 0x31, 0x00, 0x44, 0x42, 0x47, 0x57, 0x56,
    0x52, 0x3c, 0x6d, 0x3e, 0x5f, 0x45, 0x4c, 0x31, 0x00, 0x41, 0x41, 0x72, 0x63, 0x68, 0x36, 0x34,
    0x2d, 0x64, 0x62, 0x67, 0x77, 0x76, 0x72, 0x6e, 0x5f, 0x65, 0x6c, 0x31, 0x2e, 0x78, 0x6d, 0x6c,
    0x00, 0x4d, 0x52, 0x53, 0x20, 0x44, 0x42, 0x47, 0x57, 0x56, 0x52, 0x3c, 0x6d, 0x3e, 0x5f, 0x45,
    0x4c, 0x31, 0x00, 0x4d, 0x53, 0x52, 0x72, 0x65, 0x67, 0x69, 0x73, 0x74, 0x65, 0x72, 0x20, 0x44,
    0x42, 0x47, 0x57, 0x56, 0x52, 0x3c, 0x6d, 0x3e, 0x5f, 0x45, 0x4c, 0x31, 0x00, 0x44, 0x43, 0x5a,
    0x49, 0x44, 0x5f, 0x45, 0x4c, 0x30, 0x00, 0x41, 0x41, 0x72, 0x63, 0x68, 0x36, 0x34, 0x2d, 0x64,
    0x63, 0x7a, 0x69, 0x64, 0x5f, 0x65, 0x6c, 0x30, 0x2e, 0x78, 0x6d, 0x6c, 0x00, 0x4d, 0x52, 0x53,
    0x20, 0x44, 0x43, 0x5a, 0x49, 0x44, 0x5f, 0x45, 0x4c, 0x30, 0x00, 0x44, 0x49, 0x53, 0x52, 0x5f,
    0x45, 0x4c, 0x31, 0x00, 0x41, 0x41, 0x72, 0x63, 0x68, 0x36, 0x34, 0x2d, 0x64, 0x69, 0x73, 0x72,
    0x5f, 0x65, 0x6c, 0x31, 0x2e, 0x78, 0x6d, 0x6c, 0x00, 0x4d, 0x52, 0x53, 0x20, 0x44, 0x49, 0x53,
    0x52, 0x5f, 0x45, 0x4c, 0x31, 0x00, 0x4d, 0x53, 0x52, 0x72, 0x65, 0x67, 0x69, 0x73, 0x74, 0x65,
    0x72, 0x20, 0x44, 0x49, 0x53, 0x52, 0x5f, 0x45, 0x4c, 0x31, 0x00, 0x56, 0x44, 0x49, 0x53, 0x52,
    0x5f, 0x45, 0x4c, 0x32, 0x00, 0x41, 0x41, 0x72, 0x63, 0x68, 0x36, 0x34, 0x2d, 0x76, 0x64, 0x69,
    0x73, 0x72, 0x5f, 0x65, 0x6c, 0x32, 0x2e, 0x78, 0x6d, 0x6c, 0x00, 0x44, 0x49, 0x54, 0x00, 0x41,
    0x41, 0x72, 0x63, 0x68, 0x36, 0x34, 0x2d, 0x64, 0x69, 0x74, 0x2e, 0x78, 0x6d, 0x6c, 0x00, 0x4d,
    0x52, 0x53, 0x20, 0x44, 0x49, 0x54, 0x00, 0x4d, 0x53, 0x52, 0x72, 0x65, 0x67, 0x69, 0x73, 0x74,
    0x65, 0x72, 0x20, 0x44, 0x49, 0x54, 0x00, 0x44, 0x4c, 0x52, 0x5f, 0x45, 0x4c, 0x30, 0x00, 0x41,
    0x41, 0x72, 0x63, 0x68, 0x36, 0x34, 0x2d, 0x64, 0x6c, 0x72, 0x5f, 0x65, 0x6c, 0x30, 0x2e, 0x78,
    0x6d, 0x6c, 0x00, 0x4d, 0x52, 0x53, 0x20, 0x44, 0x4c, 0x52, 0x5f, 0x45, 0x4c, 0x30, 0x00, 0x4d,
    0x53, 0x52, 0x72, 0x65, 0x67, 0x69, 0x73, 0x74, 0x65, 0x72, 0x20, 0x44, 0x4c, 0x52, 0x5f, 0x45,
    0x4c, 0x30, 0x00, 0x44, 0x53, 0x50, 0x53, 0x52, 0x5f, 0x45, 0x4c, 0x30, 0x00, 0x41, 0x41, 0x72,
    0x63, 0x68, 0x36, 0x34, 0x2d, 0x64, 0x73, 0x70, 0x73, 0x72, 0x5f, 0x65, 0x6c, 0x30, 0x2e, 0x78,
    0x6d, 0x6c, 0x00, 0x4d, 0x52, 0x53, 0x20, 0x44, 0x53, 0x50, 0x53, 0x52, 0x5f, 0x45, 0x4c, 0x30,
    0x00, 0x4d, 0x53, 0x52, 0x72, 0x65, 0x67, 0x69, 0x73, 0x74, 0x65, 0x72, 0x20, 0x44, 0x53, 0x50,
    0x53, 0x52, 0x5f, 0x45, 0x4c, 0x30, 0x00, 0x45, 0x4c, 0x52, 0x5f, 0x45, 0x4c, 0x31, 0x00, 0x41,
    0x41, 0x72, 0x63, 0x68, 0x36, 0x34, 0x2d, 0x65, 0x6c, 0x72, 0x5f, 0x65, 0x6c, 0x31, 0x2e, 0x78,
    0x6d, 0x6c, 0x00, 0x4d, 0x52, 0x53, 0x20, 0x45, 0x4c, 0x52, 0x5f, 0x45, 0x4c, 0x31, 0x00, 0x4d,
    0x53, 0x52, 0x72, 0x65, 0x67, 0x69, 0x73, 0x74, 0x65, 0x72, 0x20, 0x45, 0x4c, 0x52, 0x5f, 0x45,
    0x4c, 0x31, 0x00, 0x45, 0x4c, 0x52, 0x5f, 0x45, 0x4c, 0x32, 0x00, 0x41, 0x41, 0x72, 0x63, 0x68,
    0x36, 0x34, 0x2d, 0x65, 0x6c, 0x72, 0x5f, 0x65, 0x6c, 0x32, 0x2e, 0x78, 0x6d, 0x6c, 0x00, 0x45,
    0x4c, 0x52, 0x5f, 0x45, 0x4c, 0x31, 0x32, 0x00, 0x4d, 0x52, 0x53, 0x20, 0x45, 0x4c, 0x52, 0x5f,
    0x45, 0x4c, 0x31, 0x32, 0x00, 0x4d, 0x53, 0x52, 0x72, 0x65, 0x67, 0x69, 0x73, 0x74, 0x65, 0x72,
    0x20, 0x45, 0x4c, 0x52, 0x5f, 0x45, 0x4c, 0x31, 0x32, 0x00, 0x4d, 0x52, 0x53, 0x20, 0x45, 0x4c,
    0x52, 0x5f, 0x45, 0x4c, 0x32, 0x00, 0x4d, 0x53, 0x52, 0x72, 0x65, 0x67, 0x69, 0x73, 0x74, 0x65,
    0x72, 0x20, 0x45, 0x4c, 0x52, 0x5f, 0x45, 0x4c, 0x32, 0x00, 0x45, 0x52, 0x52, 0x49, 0x44, 0x52,
    0x5f, 0x45, 0x4c, 0x31, 0x00, 0x41, 0x41, 0x72, 0x63, 0x68, 0x36, 0x34, 0x2d, 0x65, 0x72, 0x72,
    0x69, 0x64, 0x72, 0x5f, 0x65, 0x6c, 0x31, 0x2e, 0x78, 0x6d, 0x6c, 0x00, 0x4d, 0x52, 0x53, 0x20,
    0x45, 0x52, 0x52, 0x49, 0x44, 0x52, 0x5f, 0x45, 0x4c, 0x31, 0x00, 0x45, 0x52, 0x52, 0x53, 0x45,
    0x4c, 0x52, 0x5f, 0x45, 0x4c, 0x31, 0x00, 0x41, 0x41, 0x72, 0x63, 0x68, 0x36, 0x34, 0x2d, 0x65,
    0x72, 0x72, 0x73, 0x65, 0x6c, 0x72, 0x5f, 0x65, 0x6c, 0x31, 0x2e, 0x78, 0x6d, 0x6c, 0x00, 0x4d,
    0x52, 0x53, 0x20, 0x45, 0x52, 0x52, 0x53, 0x45, 0x4c, 0x52, 0x5f, 0x45, 0x4c, 0x31, 0x00, 0x4d,
    0x53, 0x52, 0x72, 0x65, 0x67, 0x69, 0x73, 0x74, 0x65, 0x72, 0x20, 0x45, 0x52, 0x52, 0x53, 0x45,
    0x4c, 0x52, 0x5f, 0x45, 0x4c, 0x31, 0x00, 0x45, 0x52, 0x58, 0x41, 0x44, 0x44, 0x52, 0x5f, 0x45,
    0x4c, 0x31, 0x00, 0x41, 0x41, 0x72, 0x63, 0x68, 0x36, 0x34, 0x2d, 0x65, 0x72, 0x78, 0x61, 0x64,
    0x64, 0x72, 0x5f, 0x65, 0x6c, 0x31, 0x2e, 0x78, 0x6d, 0x6c, 0x00, 0x4d, 0x52, 0x53, 0x20, 0x45,
    0x52, 0x58, 0x41, 0x44, 0x44, 0x52, 0x5f, 0x45, 0x4c, 0x31, 0x00, 0x4d, 0x53, 0x52, 0x72, 0x65,
    0x67, 0x69, 0x73, 0x74, 0x65, 0x72, 0x20, 0x45, 0x52, 0x58, 0x41, 0x44, 0x44, 0x52, 0x5f, 0x45,
    0x4c, 0x31, 0x00, 0x45, 0x52, 0x58, 0x43, 0x54, 0x4c, 0x52, 0x5f, 0x45, 0x4c, 0x31, 0x00, 0x41,
    0x41, 0x72, 0x63, 0x68, 0x36, 0x34, 0x2d, 0x65, 0x72, 0x78, 0x63, 0x74, 0x6c, 0x72, 0x5f, 0x65,
    0x6c, 0x31, 0x2e, 0x78, 0x6d, 0x6c, 0x00, 0x4d, 0x52, 0x53, 0x20, 0x45, 0x52, 0x58, 0x43, 0x54,
    0x4c, 0x52, 0x5f, 0x45, 0x4c, 0x31, 0x00, 0x4d, 0x53, 0x52, 0x72, 0x65, 0x67, 0x69, 0x73, 0x74,
    0x65, 0x72, 0x20, 0x45, 0x52, 0x58, 0x43, 0x54, 0x4c, 0x52, 0x5f, 0x45, 0x4c, 0x31, 0x00, 0x45,
    0x52, 0x58, 0x46, 0x52, 0x5f, 0x45, 0x4c, 0x31, 0x00, 0x41, 0x41, 0x72, 0x63, 0x68, 0x36, 0x34,
    0x2d, 0x65, 0x72, 0x78, 0x66, 0x72, 0x5f, 0x65, 0x6c, 0x31, 0x2e, 0x78, 0x6d, 0x6c, 0x00, 0x4d,
    0x52, 0x53, 0x20, 0x45, 0x52, 0x58, 0x46, 0x52, 0x5f, 0x45, 0x4c, 0x31, 0x00, 0x45, 0x52, 0x58,
    0x4d, 0x49, 0x53, 0x43, 0x30, 0x5f, 0x45, 0x4c, 0x31, 0x00, 0x41, 0x41, 0x72, 0x63, 0x68, 0x36,
    0x34, 0x2d, 0x65, 0x72, 0x78, 0x6d, 0x69, 0x73, 0x63, 0x30, 0x5f, 0x65, 0x6c, 0x31, 0x2e, 0x78,
    0x6d, 0x6c, 0x00, 0x4d, 0x52, 0x53, 0x20, 0x45, 0x52, 0x58, 0x4d, 0x49, 0x53, 0x43, 0x30, 0x5f,
    0x45, 0x4c, 0x31, 0x00, 0x4d, 0x53, 0x52, 0x72, 0x65, 0x67, 0x69, 0x73, 0x74, 0x65, 0x72, 0x20,
    0x45, 0x52, 0x58, 0x4d, 0x49, 0x53, 0x43, 0x30, 0x5f, 0x45, 0x4c, 0x31, 0x00, 0x45, 0x52, 0x58,
    0x4d, 0x49, 0x53, 0x43, 0x31, 0x5f, 0x45, 0x4c, 0x31, 0x00, 0x41, 0x41, 0x72, 0x63, 0x68, 0x36,
    0x34, 0x2d, 0x65, 0x72, 0x78, 0x6d, 0x69, 0x73, 0x63, 0x31, 0x5f, 0x65, 0x6c, 0x31, 0x2e, 0x78,
    0x6d, 0x6c, 0x00, 0x4d, 0x52, 0x53, 0x20, 0x45, 0x52, 0x58, 0x4d, 0x49, 0x53, 0x43, 0x31, 0x5f,
    0x45, 0x4c, 0x31, 0x00, 0x4d, 0x53, 0x52, 0x72, 0x65, 0x67, 0x69, 0x73, 0x74, 0x65, 0x72, 0x20,
    0x45, 0x52, 0x58, 0x4d, 0x49, 0x53, 0x43, 0x31, 0x5f, 0x45, 0x4c, 0x31, 0x00, 0x45, 0x52, 0x58,
    0x53, 0x54, 0x41, 0x54, 0x55, 0x53, 0x5f, 0x45, 0x4c, 0x31, 0x00, 0x41, 0x41, 0x72, 0x63, 0x68,
    0x36, 0x34, 0x2d, 0x65, 0x72, 0x78, 0x73, 0x74, 0x61, 0x74, 0x75, 0x73, 0x5f, 0x65, 0x6c, 0x31,
    0x2e, 0x78, 0x6d, 0x6c, 0x00, 0x4d, 0x52, 0x53, 0x20, 0x45, 0x52, 0x58, 0x53, 0x54, 0x41, 0x54,
    0x55, 0x53, 0x5f, 0x45, 0x4c, 0x31, 0x00, 0x4d, 0x53, 0x52, 0x72, 0x65, 0x67, 0x69, 0x73, 0x74,
    0x65, 0x72, 0x20, 0x45, 0x52, 0x58, 0x53, 0x54, 0x41, 0x54, 0x55, 0x53, 0x5f, 0x45, 0x4c, 0x31,
    0x00, 0x45, 0x53, 0x52, 0x5f, 0x45, 0x4c, 0x31, 0x00, 0x41, 0x41, 0x72, 0x63, 0x68, 0x36, 0x34,
    0x2d, 0x65, 0x73, 0x72, 0x5f, 0x65, 0x6c, 0x31, 0x2e, 0x78, 0x6d, 0x6c, 0x00, 0x4d, 0x52, 0x53,
    0x20, 0x45, 0x53, 0x52, 0x5f, 0x45, 0x4c, 0x31, 0x00, 0x4d, 0x53, 0x52, 0x72, 0x65, 0x67, 0x69,
    0x73, 0x74, 0x65, 0x72, 0x20, 0x45, 0x53, 0x52, 0x5f, 0x45, 0x4c, 0x31, 0x00, 0x45, 0x53, 0x52,
    0x5f, 0x45, 0x4c, 0x32, 0x00, 0x41, 0x41, 0x72, 0x63, 0x68, 0x36, 0x34, 0x2d, 0x65, 0x73, 0x72,
    0x5f, 0x65, 0x6c, 0x32, 0x2e, 0x78, 0x6d, 0x6c, 0x00, 0x45, 0x53, 0x52, 0x5f, 0x45, 0x4c, 0x31,
    0x32, 0x00, 0x4d, 0x52, 0x53, 0x20, 0x45, 0x53, 0x52, 0x5f, 0x45, 0x4c, 0x31, 0x32, 0x00, 0x4d,
    0x53, 0x52, 0x72, 0x65, 0x67, 0x69, 0x73, 0x74, 0x65, 0x72, 0x20, 0x45, 0x53, 0x52, 0x5f, 0x45,
    0x4c, 0x31, 0x32, 0x00, 0x4d, 0x52, 0x53, 0x20, 0x45, 0x53, 0x52, 0x5f, 0x45, 0x4c, 0x32, 0x00,
    0x4d, 0x53, 0x52, 0x72, 0x65, 0x67, 0x69, 0x73, 0x74, 0x65, 0x72, 0x20, 0x45, 0x53, 0x52, 0x5f,
    0x45, 0x4c, 0x32, 0x00, 0x46, 0x41, 0x52, 0x5f, 0x45, 0x4c, 0x31, 0x00, 0x41, 0x41, 0x72, 0x63,
    0x68, 0x36, 0x34, 0x2d, 0x66, 0x61, 0x72, 0x5f, 0x65, 0x6c, 0x31, 0x2e, 0x78, 0x6d, 0x6c, 0x00,
    0x4d, 0x52, 0x53, 0x20, 0x46, 0x41, 0x52, 0x5f, 0x45, 0x4c, 0x31, 0x00, 0x4d, 0x53, 0x52, 0x72,
    0x65, 0x67, 0x69, 0x73, 0x74, 0x65, 0x72, 0x20, 0x46, 0x41, 0x52, 0x5f, 0x45, 0x4c, 0x31, 0x00,
    0x46, 0x41, 0x52, 0x5f, 0x45, 0x4c, 0x32, 0x00, 0x41, 0x41, 0x72, 0x63, 0x68, 0x36, 0x34, 0x2d,
    0x66, 0x61, 0x72, 0x5f, 0x65, 0x6c, 0x32, 0x2e, 0x78, 0x6d, 0x6c, 0x00, 0x46, 0x41, 0x52, 0x5f,
    0x45, 0x4c, 0x31, 0x32, 0x00, 0x4d, 0x52, 0x53, 0x20, 0x46, 0x41, 0x52, 0x5f, 0x45, 0x4c, 0x31,
    0x32, 0x00, 0x4d, 0x53, 0x52, 0x72, 0x65, 0x67, 0x69, 0x73, 0x74, 0x65, 0x72, 0x20, 0x46, 0x41,
    0x52, 0x5f, 0x45, 0x4c, 0x31, 0x32, 0x00, 0x4d, 0x52, 0x53, 0x20, 0x46, 0x41, 0x52, 0x5f, 0x45,
    0x4c, 0x32, 0x00, 0x4d, 0x53, 0x52, 0x72, 0x65, 0x67, 0x69, 0x73, 0x74, 0x65, 0x72, 0x20, 0x46,
    0x41, 0x52, 0x5f, 0x45, 0x4c, 0x32, 0x00, 0x46, 0x50, 0x43, 0x52, 0x00, 0x41, 0x41, 0x72, 0x63,
    0x68, 0x36, 0x34, 0x2d, 0x66, 0x70, 0x63, 0x72, 0x2e, 0x78, 0x6d, 0x6c, 0x00, 0x4d, 0x52, 0x53,
    0x20, 0x46, 0x50, 0x43, 0x52, 0x00, 0x4d, 0x53, 0x52, 0x72, 0x65, 0x67, 0x69, 0x73, 0x74, 0x65,
    0x72, 0x20, 0x46, 0x50, 0x43, 0x52, 0x00, 0x46, 0x50, 0x53, 0x52, 0x00, 0x41, 0x41, 0x72, 0x63,
    0x68, 0x36, 0x34, 0x2d, 0x66, 0x70, 0x73, 0x72, 0x2e, 0x78, 0x6d, 0x6c, 0x00, 0x4d, 0x52, 0x53,
    0x20, 0x46, 0x50, 0x53, 0x52, 0x00, 0x4d, 0x53, 0x52, 0x72, 0x65, 0x67, 0x69, 0x73, 0x74, 0x65,
    0x72, 0x20, 0x46, 0x50, 0x53, 0x52, 0x00, 0x48, 0x41, 0x43, 0x52, 0x5f, 0x45, 0x4c, 0x32, 0x00,
    0x41, 0x41, 0x72, 0x63, 0x68, 0x36, 0x34, 0x2d, 0x68, 0x61, 0x63, 0x72, 0x5f, 0x65, 0x6c, 0x32,
    0x2e, 0x78, 0x6d, 0x6c, 0x00, 0x4d, 0x52, 0x53, 0x20, 0x48, 0x41, 0x43, 0x52, 0x5f, 0x45, 0x4c,
    0x32, 0x00, 0x4d, 0x53, 0x52, 0x72, 0x65, 0x67, 0x69, 0x73, 0x74, 0x65, 0x72, 0x20, 0x48, 0x41,
    0x43, 0x52, 0x5f, 0x45, 0x4c, 0x32, 0x00, 0x48, 0x43, 0x52, 0x5f, 0x45, 0x4c, 0x32, 0x00, 0x41,
    0x41, 0x72, 0x63, 0x68, 0x36, 0x34, 0x2d, 0x68, 0x63, 0x72, 0x5f, 0x65, 0x6c, 0x32, 0x2e, 0x78,
    0x6d, 0x6c, 0x00, 0x4d, 0x52, 0x53, 0x20, 0x48, 0x43, 0x52, 0x5f, 0x45, 0x4c, 0x32, 0x00, 0x4d,
    0x53, 0x52, 0x72, 0x65, 0x67, 0x69, 0x73, 0x74, 0x65, 0x72, 0x20, 0x48, 0x43, 0x52, 0x5f, 0x45,
    0x4c, 0x32, 0x00, 0x48, 0x50, 0x46, 0x41, 0x52, 0x5f, 0x45, 0x4c, 0x32, 0x00, 0x41, 0x41, 0x72,
    0x63, 0x68, 0x36, 0x34, 0x2d, 0x68, 0x70, 0x66, 0x61, 0x72, 0x5f, 0x65, 0x6c, 0x32, 0x2e, 0x78,
    0x6d, 0x6c, 0x00, 0x4d, 0x52, 0x53, 0x20, 0x48, 0x50, 0x46, 0x41, 0x52, 0x5f, 0x45, 0x4c, 0x32,
    0x00, 0x4d, 0x53, 0x52, 0x72, 0x65, 0x67, 0x69, 0x73, 0x74, 0x65, 0x72, 0x20, 0x48, 0x50, 0x46,
    0x41, 0x52, 0x5f, 0x45, 0x4c, 0x32, 0x00, 0x48, 0x53, 0x54, 0x52, 0x5f, 0x45, 0x4c, 0x32, 0x00,
    0x41, 0x41, 0x72, 0x63, 0x68, 0x36, 0x34, 0x2d, 0x68, 0x73, 0x74, 0x72, 0x5f, 0x65, 0x6c, 0x32,
    0x2e, 0x78, 0x6d, 0x6c, 0x00, 0x4d, 0x52, 0x53, 0x20, 0x48, 0x53, 0x54, 0x52, 0x5f, 0x45, 0x4c,
    0x32, 0x00, 0x4d, 0x53, 0x52, 0x72, 0x65, 0x67, 0x69, 0x73, 0x74, 0x65, 0x72, 0x20, 0x48, 0x53,
    0x54, 0x52, 0x5f, 0x45, 0x4c, 0x32, 0x00, 0x49, 0x44, 0x5f, 0x41, 0x41, 0x36, 0x34, 0x41, 0x46,
    0x52, 0x30, 0x5f, 0x45, 0x4c, 0x31, 0x00, 0x41, 0x41, 0x72, 0x63, 0x68, 0x36, 0x34, 0x2d, 0x69,
    0x64, 0x5f, 0x61, 0x61, 0x36, 0x34, 0x61, 0x66, 0x72, 0x30, 0x5f, 0x65, 0x6c, 0x31, 0x2e, 0x78,
    0x6d, 0x6c, 0x00, 0x4d, 0x52, 0x53, 0x20, 0x49, 0x44, 0x5f, 0x41, 0x41, 0x36, 0x34, 0x41, 0x46,
    0x52, 0x30, 0x5f, 0x45, 0x4c, 0x31, 0x00, 0x49, 0x44, 0x5f, 0x41, 0x41, 0x36, 0x34, 0x41, 0x46,
    0x52, 0x31, 0x5f, 0x45, 0x4c, 0x31, 0x00, 0x41, 0x41, 0x72, 0x63, 0x68, 0x36, 0x34, 0x2d, 0x69,
    0x64, 0x5f, 0x61, 0x61, 0x36, 0x34, 0x61, 0x66, 0x72, 0x31, 0x5f, 0x65, 0x6c, 0x31, 0x2e, 0x78,
    0x6d, 0x6c, 0x00, 0x4d, 0x52, 0x53, 0x20, 0x49, 0x44, 0x5f, 0x41, 0x41, 0x36, 0x34, 0x41, 0x46,
    0x52, 0x31, 0x5f, 0x45, 0x4c, 0x31, 0x00, 0x49, 0x44, 0x5f, 0x41, 0x41, 0x36, 0x34, 0x44, 0x46,
    0x52, 0x30, 0x5f, 0x45, 0x4c, 0x31, 0x00, 0x41, 0x41, 0x72, 0x63, 0x68, 0x36, 0x34, 0x2d, 0x69,
    0x64, 0x5f, 0x61, 0x61, 0x36, 0x34, 0x64, 0x66, 0x72, 0x30, 0x5f, 0x65, 0x6c, 0x31, 0x2e, 0x78,
    0x6d, 0x6c, 0x00, 0x4d, 0x52, 0x53, 0x20, 0x49, 0x44, 0x5f, 0x41, 0x41, 0x36, 0x34, 0x44, 0x46,
    0x52, 0x30, 0x5f, 0x45, 0x4c, 0x31, 0x00, 0x49, 0x44, 0x5f, 0x41, 0x41, 0x36, 0x34, 0x44, 0x46,
    0x52, 0x31, 0x5f, 0x45, 0x4c, 0x31, 0x00, 0x41, 0x41, 0x72, 0x63, 0x68, 0x36, 0x34, 0x2d, 0x69,
    0x64, 0x5f, 0x61, 0x61, 0x36, 0x34, 0x64, 0x66, 0x72, 0x31, 0x5f, 0x65, 0x6c, 0x31, 0x2e, 0x78,
    0x6d, 0x6c, 0x00, 0x4d, 0x52, 0x53, 0x20, 0x49, 0x44, 0x5f, 0x41, 0x41, 0x36, 0x34, 0x44, 0x46,
    0x52, 0x31, 0x5f, 0x45, 0x4c, 0x31, 0x00, 0x49, 0x44, 0x5f, 0x41, 0x41, 0x36, 0x34, 0x44, 0x46,
    0x52, 0x32, 0x5f, 0x45, 0x4c, 0x31, 0x00, 0x41, 0x41, 0x72, 0x63, 0x68, 0x36, 0x34, 0x2d, 0x69,
    0x64, 0x5f, 0x61, 0x61, 0x36, 0x34, 0x64, 0x66, 0x72, 0x32, 0x5f, 0x65, 0x6c, 0x31, 0x2e, 0x78,
    0x6d, 0x6c, 0x00, 0x4d, 0x52, 0x53, 0x20, 0x49, 0x44, 0x5f, 0x41, 0x41, 0x36, 0x34, 0x44, 0x46,
    0x52, 0x32, 0x5f, 0x45, 0x4c, 0x31, 0x00, 0x49, 0x44, 0x5f, 0x41, 0x41, 0x36, 0x34, 0x46, 0x50,
    0x46, 0x52, 0x30, 0x5f, 0x45, 0x4c, 0x31, 0x00, 0x41, 0x41, 0x72, 0x63, 0x68, 0x36, 0x34, 0x2d,
    0x69, 0x64, 0x5f, 0x61, 0x61, 0x36, 0x34, 0x66, 0x70, 0x66, 0x72, 0x30, 0x5f, 0x65, 0x6c, 0x31,
    0x2e, 0x78, 0x6d, 0x6c, 0x00, 0x4d, 0x52, 0x53, 0x20, 0x49, 0x44, 0x5f, 0x41, 0x41, 0x36, 0x34,
    0x46, 0x50, 0x46, 0x52, 0x30, 0x5f, 0x45, 0x4c, 0x31, 0x00, 0x49, 0x44, 0x5f, 0x41, 0x41, 0x36,
    0x34, 0x49, 0x53, 0x41, 0x52, 0x30, 0x5f, 0x45, 0x4c, 0x31, 0x00, 0x41, 0x41, 0x72, 0x63, 0x68,
    0x36, 0x34, 0x2d, 0x69, 0x64, 0x5f, 0x61, 0x61, 0x36, 0x34, 0x69, 0x73, 0x61, 0x72, 0x30, 0x5f,
    0x65, 0x6c, 0x31, 0x2e, 0x78, 0x6d, 0x6c, 0x00, 0x4d, 0x52, 0x53, 0x20, 0x49, 0x44, 0x5f, 0x41,
    0x41, 0x36, 0x34, 0x49, 0x53, 0x41, 0x52, 0x30, 0x5f, 0x45, 0x4c, 0x31, 0x00, 0x49, 0x44, 0x5f,
    0x41, 0x41, 0x36, 0x34, 0x49, 0x53, 0x41, 0x52, 0x31, 0x5f, 0x45, 0x4c, 0x31, 0x00, 0x41, 0x41,
    0x72, 0x63, 0x68, 0x36, 0x34, 0x2d, 0x69, 0x64, 0x5f, 0x61, 0x61, 0x36, 0x34, 0x69, 0x73, 0x61,
    0x72, 0x31, 0x5f, 0x65, 0x6c, 0x31, 0x2e, 0x78, 0x6d, 0x6c, 0x00, 0x4d, 0x52, 0x53, 0x20, 0x49,
    0x44, 0x5f, 0x41, 0x41, 0x36, 0x34, 0x49, 0x53, 0x41, 0x52, 0x31, 0x5f, 0x45, 0x4c, 0x31, 0x00,
    0x49, 0x44, 0x5f, 0x41, 0x41, 0x36, 0x34, 0x49, 0x53, 0x41, 0x52, 0x32, 0x5f, 0x45, 0x4c, 0x31,
    0x00, 0x41, 0x41, 0x72, 0x63, 0x68, 0x36, 0x34, 0x2d, 0x69, 0x64, 0x5f, 0x61, 0x61, 0x36, 0x34,
    0x69, 0x73, 0x61, 0x72, 0x32, 0x5f, 0x65, 0x6c, 0x31, 0x2e, 0x78, 0x6d, 0x6c, 0x00, 0x4d, 0x52,
    0x53, 0x20, 0x49, 0x44, 0x5f, 0x41, 0x41, 0x36, 0x34, 0x49, 0x53, 0x41, 0x52, 0x32, 0x5f, 0x45,
    0x4c, 0x31, 0x00, 0x49, 0x44, 0x5f, 0x41, 0x41, 0x36, 0x34, 0x49, 0x53, 0x41, 0x52, 0x33, 0x5f,
    0x45, 0x4c, 0x31, 0x00, 0x41, 0x41, 0x72, 0x63, 0x68, 0x36, 0x34, 0x2d, 0x69, 0x64, 0x5f, 0x61,
    0x61, 0x36, 0x34, 0x69, 0x73, 0x61, 0x72, 0x33, 0x5f, 0x65, 0x6c, 0x31, 0x2e, 0x78, 0x6d, 0x6c,
    0x00, 0x4d, 0x52, 0x53, 0x20, 0x49, 0x44, 0x5f, 0x41, 0x41, 0x36, 0x34, 0x49, 0x53, 0x41, 0x52,
    0x33, 0x5f, 0x45, 0x4c, 0x31, 0x00, 0x49, 0x44, 0x5f, 0x41, 0x41, 0x36, 0x34, 0x4d, 0x4d, 0x46,
    0x52, 0x30, 0x5f, 0x45, 0x4c, 0x31, 0x00, 0x41, 0x41, 0x72, 0x63, 0x68, 0x36, 0x34, 0x2d, 0x69,
    0x64, 0x5f, 0x61, 0x61, 0x36, 0x34, 0x6d, 0x6d, 0x66, 0x72, 0x30, 0x5f, 0x65, 0x6c, 0x31, 0x2e,
    0x78, 0x6d, 0x6c, 0x00, 0x4d, 0x52, 0x53, 0x20, 0x49, 0x44, 0x5f, 0x41, 0x41, 0x36, 0x34, 0x4d,
    0x4d, 0x46, 0x52, 0x30, 0x5f, 0x45, 0x4c, 0x31, 0x00, 0x49, 0x44, 0x5f, 0x41, 0x41, 0x36, 0x34,
    0x4d, 0x4d, 0x46, 0x52, 0x31, 0x5f, 0x45, 0x4c, 0x31, 0x00, 0x41, 0x41, 0x72, 0x63, 0x68, 0x36,
    0x34, 0x2d, 0x69, 0x64, 0x5f, 0x61, 0x61, 0x36, 0x34, 0x6d, 0x6d, 0x66, 0x72, 0x31, 0x5f, 0x65,
    0x6c, 0x31, 0x2e, 0x78, 0x6d, 0x6c, 0x00, 0x4d, 0x52, 0x53, 0x20, 0x49, 0x44, 0x5f, 0x41, 0x41,
    0x36, 0x34, 0x4d, 0x4d, 0x46, 0x52, 0x31, 0x5f, 0x45, 0x4c, 0x31, 0x00, 0x49, 0x44, 0x5f, 0x41,
    0x41, 0x36, 0x34, 0x4d, 0x4d, 0x46, 0x52, 0x32, 0x5f, 0x45, 0x4c, 0x31, 0x00, 0x41, 0x41, 0x72,
    0x63, 0x68, 0x36, 0x34, 0x2d, 0x69, 0x64, 0x5f, 0x61, 0x61, 0x36, 0x34, 0x6d, 0x6d, 0x66, 0x72,
    0x32, 0x5f, 0x65, 0x6c, 0x31, 0x2e, 0x78, 0x6d, 0x6c, 0x00, 0x4d, 0x52, 0x53, 0x20, 0x49, 0x44,
    0x5f, 0x41, 0x41, 0x36, 0x34, 0x4d, 0x4d, 0x46, 0x52, 0x32, 0x5f, 0x45, 0x4c, 0x31, 0x00, 0x49,
    0x44, 0x5f, 0x41, 0x41, 0x36, 0x34, 0x4d, 0x4d, 0x46, 0x52, 0x33, 0x5f, 0x45, 0x4c, 0x31, 0x00,
    0x41, 0x41, 0x72, 0x63, 0x68, 0x36, 0x34, 0x2d, 0x69, 0x64, 0x5f, 0x61, 0x61, 0x36, 0x34, 0x6d,
    0x6d, 0x66, 0x72, 0x33, 0x5f, 0x65, 0x6c, 0x31, 0x2e, 0x78, 0x6d, 0x6c, 0x00, 0x4d, 0x52, 0x53,
    0x20, 0x49, 0x44, 0x5f, 0x41, 0x41, 0x36, 0x34, 0x4d, 0x4d, 0x46, 0x52, 0x33, 0x5f, 0x45, 0x4c,
    0x31, 0x00, 0x49, 0x44, 0x5f, 0x41, 0x41, 0x36, 0x34, 0x4d, 0x4d, 0x46, 0x52, 0x34, 0x5f, 0x45,
    0x4c, 0x31, 0x00, 0x41, 0x41, 0x72, 0x63, 0x68, 0x36, 0x34, 0x2d, 0x69, 0x64, 0x5f, 0x61, 0x61,
    0x36, 0x34, 0x6d, 0x6d, 0x66, 0x72, 0x34, 0x5f, 0x65, 0x6c, 0x31, 0x2e, 0x78, 0x6d, 0x6c, 0x00,
    0x4d, 0x52, 0x53, 0x20, 0x49, 0x44, 0x5f, 0x41, 0x41, 0x36, 0x34, 0x4d, 0x4d, 0x46, 0x52, 0x34,
    0x5f, 0x45, 0x4c, 0x31, 0x00, 0x49, 0x44, 0x5f, 0x41, 0x41, 0x36, 0x34, 0x50, 0x46, 0x52, 0x30,
    0x5f, 0x45, 0x4c, 0x31, 0x00, 0x41, 0x41, 0x72, 0x63, 0x68, 0x36, 0x34, 0x2d, 0x69, 0x64, 0x5f,
    0x61, 0x61, 0x36, 0x34, 0x70, 0x66, 0x72, 0x30, 0x5f, 0x65, 0x6c, 0x31, 0x2e, 0x78, 0x6d, 0x6c,
    0x00, 0x4d, 0x52, 0x53, 0x20, 0x49, 0x44, 0x5f, 0x41, 0x41, 0x36, 0x34, 0x50, 0x46, 0x52, 0x30,
    0x5f, 0x45, 0x4c, 0x31, 0x00, 0x49, 0x44, 0x5f, 0x41, 0x41, 0x36, 0x34, 0x50, 0x46, 0x52, 0x31,
    0x5f, 0x45, 0x4c, 0x31, 0x00, 0x41, 0x41, 0x72, 0x63, 0x68, 0x36, 0x34, 0x2d, 0x69, 0x64, 0x5f,
    0x61, 0x61, 0x36, 0x34, 0x70, 0x66, 0x72, 0x31, 0x5f, 0x65, 0x6c, 0x31, 0x2e, 0x78, 0x6d, 0x6c,
    0x00, 0x4d, 0x52, 0x53, 0x20, 0x49, 0x44, 0x5f, 0x41, 0x41, 0x36, 0x34, 0x50, 0x46, 0x52, 0x31,
    0x5f, 0x45, 0x4c, 0x31, 0x00, 0x49, 0x44, 0x5f, 0x41, 0x41, 0x36, 0x34, 0x50, 0x46, 0x52, 0x32,
    0x5f, 0x45, 0x4c, 0x31, 0x00, 0x41, 0x41, 0x72, 0x63, 0x68, 0x36, 0x34, 0x2d, 0x69, 0x64, 0x5f,
    0x61, 0x61, 0x36, 0x34, 0x70, 0x66, 0x72, 0x32, 0x5f, 0x65, 0x6c, 0x31, 0x2e, 0x78, 0x6d, 0x6c,
    0x00, 0x4d, 0x52, 0x53, 0x20, 0x49, 0x44, 0x5f, 0x41, 0x41, 0x36, 0x34, 0x50, 0x46, 0x52, 0x32,
    0x5f, 0x45, 0x4c, 0x31, 0x00, 0x49, 0x44, 0x5f, 0x41, 0x41, 0x36, 0x34, 0x53, 0x4d, 0x46, 0x52,
    0x30, 0x5f, 0x45, 0x4c, 0x31, 0x00, 0x41, 0x41, 0x72, 0x63, 0x68, 0x36, 0x34, 0x2d, 0x69, 0x64,
    0x5f, 0x61, 0x61, 0x36, 0x34, 0x73, 0x6d, 0x66, 0x72, 0x30, 0x5f, 0x65, 0x6c, 0x31, 0x2e, 0x78,
    0x6d, 0x6c, 0x00, 0x4d, 0x52, 0x53, 0x20, 0x49, 0x44, 0x5f, 0x41, 0x41, 0x36, 0x34, 0x53, 0x4d,
    0x46, 0x52, 0x30, 0x5f, 0x45, 0x4c, 0x31, 0x00, 0x49, 0x44, 0x5f, 0x41, 0x41, 0x36, 0x34, 0x5a,
    0x46, 0x52, 0x30, 0x5f, 0x45, 0x4c, 0x31, 0x00, 0x41, 0x41, 0x72, 0x63, 0x68, 0x36, 0x34, 0x2d,
    0x69, 0x64, 0x5f, 0x61, 0x61, 0x36, 0x34, 0x7a, 0x66, 0x72, 0x30, 0x5f, 0x65, 0x6c, 0x31, 0x2e,
    0x78, 0x6d, 0x6c, 0x00, 0x4d, 0x52, 0x53, 0x20, 0x49, 0x44, 0x5f, 0x41, 0x41, 0x36, 0x34, 0x5a,
    0x46, 0x52, 0x30, 0x5f, 0x45, 0x4c, 0x31, 0x00, 0x49, 0x44, 0x5f, 0x41, 0x46, 0x52, 0x30, 0x5f,
    0x45, 0x4c, 0x31, 0x00, 0x41, 0x41, 0x72, 0x63, 0x68, 0x36, 0x34, 0x2d, 0x69, 0x64, 0x5f, 0x61,
    0x66, 0x72, 0x30, 0x5f, 0x65, 0x6c, 0x31, 0x2e, 0x78, 0x6d, 0x6c, 0x00, 0x4d, 0x52, 0x53, 0x20,
    0x49, 0x44, 0x5f, 0x41, 0x46, 0x52, 0x30, 0x5f, 0x45, 0x4c, 0x31, 0x00, 0x49, 0x44, 0x5f, 0x44,
    0x46, 0x52, 0x30, 0x5f, 0x45, 0x4c, 0x31, 0x00, 0x41, 0x41, 0x72, 0x63, 0x68, 0x36, 0x34, 0x2d,
    0x69, 0x64, 0x5f, 0x64, 0x66, 0x72, 0x30, 0x5f, 0x65, 0x6c, 0x31, 0x2e, 0x78, 0x6d, 0x6c, 0x00,
    0x4d, 0x52, 0x53, 0x20, 0x49, 0x44, 0x5f, 0x44, 0x46, 0x52, 0x30, 0x5f, 0x45, 0x4c, 0x31, 0x00,
    0x49, 0x44, 0x5f, 0x44, 0x46, 0x52, 0x31, 0x5f, 0x45, 0x4c, 0x31, 0x00, 0x41, 0x41, 0x72, 0x63,
    0x68, 0x36, 0x34, 0x2d, 0x69, 0x64, 0x5f, 0x64, 0x66, 0x72, 0x31, 0x5f, 0x65, 0x6c, 0x31, 0x2e,
    0x78, 0x6d, 0x6c, 0x00, 0x4d, 0x52, 0x53, 0x20, 0x49, 0x44, 0x5f, 0x44, 0x46, 0x52, 0x31, 0x5f,
    0x45, 0x4c, 0x31, 0x00, 0x49, 0x44, 0x5f, 0x49, 0x53, 0x41, 0x52, 0x30, 0x5f, 0x45, 0x4c, 0x31,
    0x00, 0x41, 0x41, 0x72, 0x63, 0x68, 0x36, 0x34, 0x2d, 0x69, 0x64, 0x5f, 0x69, 0x73, 0x61, 0x72,
    0x30, 0x5f, 0x65, 0x6c, 0x31, 0x2e, 0x78, 0x6d, 0x6c, 0x00, 0x4d, 0x52, 0x53, 0x20, 0x49, 0x44,
    0x5f, 0x49, 0x53, 0x41, 0x52, 0x30, 0x5f, 0x45, 0x4c, 0x31, 0x00, 0x49, 0x44, 0x5f, 0x49, 0x53,
    0x41, 0x52, 0x31, 0x5f, 0x45, 0x4c, 0x31, 0x00, 0x41, 0x41, 0x72, 0x63, 0x68, 0x36, 0x34, 0x2d,
    0x69, 0x64, 0x5f, 0x69, 0x73, 0x61, 0x72, 0x31, 0x5f, 0x65, 0x6c, 0x31, 0x2e, 0x78, 0x6d, 0x6c,
    0x00, 0x4d, 0x52, 0x53, 0x20, 0x49, 0x44, 0x5f, 0x49, 0x53, 0x41, 0x52, 0x31, 0x5f, 0x45, 0x4c,
    0x31, 0x00, 0x49, 0x44, 0x5f, 0x49, 0x53, 0x41, 0x52, 0x32, 0x5f, 0x45, 0x4c, 0x31, 0x00, 0x41,
    0x41, 0x72, 0x63, 0x68, 0x36, 0x34, 0x2d, 0x69, 0x64, 0x5f, 0x69, 0x73, 0x61, 0x72, 0x32, 0x5f,
    0x65, 0x6c, 0x31, 0x2e, 0x78, 0x6d, 0x6c, 0x00, 0x4d, 0x52, 0x53, 0x20, 0x49, 0x44, 0x5f, 0x49,
    0x53, 0x41, 0x52, 0x32, 0x5f, 0x45, 0x4c, 0x31, 0x00, 0x49, 0x44, 0x5f, 0x49, 0x53, 0x41, 0x52,
    0x33, 0x5f, 0x45, 0x4c, 0x31, 0x00, 0x41, 0x41, 0x72, 0x63, 0x68, 0x36, 0x34, 0x2d, 0x69, 0x64,
    0x5f, 0x69, 0x73, 0x61, 0x72, 0x33, 0x5f, 0x65, 0x6c, 0x31, 0x2e, 0x78, 0x6d, 0x6c, 0x00, 0x4d,
    0x52, 0x53, 0x20, 0x49, 0x44, 0x5f, 0x49, 0x53, 0x41, 0x52, 0x33, 0x5f, 0x45, 0x4c, 0x31, 0x00,
    0x49, 0x44, 0x5f, 0x49, 0x53, 0x41, 0x52, 0x34, 0x5f, 0x45, 0x4c, 0x31, 0x00, 0x41, 0x41, 0x72,
    0x63, 0x68, 0x36, 0x34, 0x2d, 0x69, 0x64, 0x5f, 0x69, 0x73, 0x61, 0x72, 0x34, 0x5f, 0x65, 0x6c,
    0x31, 0x2e, 0x78, 0x6d, 0x6c, 0x00, 0x4d, 0x52, 0x53, 0x20, 0x49, 0x44, 0x5f, 0x49, 0x53, 0x41,
    0x52, 0x34, 0x5f, 0x45, 0x4c, 0x31, 0x00, 0x49, 0x44, 0x5f, 0x49, 0x53, 0x41, 0x52, 0x35, 0x5f,
    0x45, 0x4c, 0x31, 0x00, 0x41, 0x41, 0x72, 0x63, 0x68, 0x36, 0x34, 0x2d, 0x69, 0x64, 0x5f, 0x69,
    0x73, 0x61, 0x72, 0x35, 0x5f, 0x65, 0x6c, 0x31, 0x2e, 0x78, 0x6d, 0x6c, 0x00, 0x4d, 0x52, 0x53,
    0x20, 0x49, 0x44, 0x5f, 0x49, 0x53, 0x41, 0x52, 0x35, 0x5f, 0x45, 0x4c, 0x31, 0x00, 0x49, 0x44,
    0x5f, 0x49, 0x53, 0x41, 0x52, 0x36, 0x5f, 0x45, 0x4c, 0x31, 0x00, 0x41, 0x41, 0x72, 0x63, 0x68,
    0x36, 0x34, 0x2d, 0x69, 0x64, 0x5f, 0x69, 0x73, 0x61, 0x72, 0x36, 0x5f, 0x65, 0x6c, 0x31, 0x2e,
    0x78, 0x6d, 0x6c, 0x00, 0x4d, 0x52, 0x53, 0x20, 0x49, 0x44, 0x5f, 0x49, 0x53, 0x41, 0x52, 0x36,
    0x5f, 0x45, 0x4c, 0x31, 0x00, 0x49, 0x44, 0x5f, 0x4d, 0x4d, 0x46, 0x52, 0x30, 0x5f, 0x45, 0x4c,
    0x31, 0x00, 0x41, 0x41, 0x72, 0x63, 0x68, 0x36, 0x34, 0x2d, 0x69, 0x64, 0x5f, 0x6d, 0x6d, 0x66,
    0x72, 0x30, 0x5f, 0x65, 0x6c, 0x31, 0x2e, 0x78, 0x6d, 0x6c, 0x00, 0x4d, 0x52, 0x53, 0x20, 0x49,
    0x44, 0x5f, 0x4d, 0x4d, 0x46, 0x52, 0x30, 0x5f, 0x45, 0x4c, 0x31, 0x00, 0x49, 0x44, 0x5f, 0x4d,
    0x4d, 0x46, 0x52, 0x31, 0x5f, 0x45, 0x4c, 0x31, 0x00, 0x41, 0x41, 0x72, 0x63, 0x68, 0x36, 0x34,
    0x2d, 0x69, 0x64, 0x5f, 0x6d, 0x6d, 0x66, 0x72, 0x31, 0x5f, 0x65, 0x6c, 0x31, 0x2e, 0x78, 0x6d,
    0x6c, 0x00, 0x4d, 0x52, 0x53, 0x20, 0x49, 0x44, 0x5f, 0x4d, 0x4d, 0x46, 0x52, 0x31, 0x5f, 0x45,
    0x4c, 0x31, 0x00, 0x49, 0x44, 0x5f, 0x4d, 0x4d, 0x46, 0x52, 0x32, 0x5f, 0x45, 0x4c, 0x31, 0x00,
    0x41, 0x41, 0x72, 0x63, 0x68, 0x36, 0x34, 0x2d, 0x69, 0x64, 0x5f, 0x6d, 0x6d, 0x66, 0x72, 0x32,
    0x5f, 0x65, 0x6c, 0x31, 0x2e, 0x78, 0x6d, 0x6c, 0x00, 0x4d, 0x52, 0x53, 0x20, 0x49, 0x44, 0x5f,
    0x4d, 0x4d, 0x46, 0x52, 0x32, 0x5f, 0x45, 0x4c, 0x31, 0x00, 0x49, 0x44, 0x5f, 0x4d, 0x4d, 0x46,
    0x52, 0x33, 0x5f, 0x45, 0x4c, 0x31, 0x00, 0x41, 0x41, 0x72, 0x63, 0x68, 0x36, 0x34, 0x2d, 0x69,
    0x64, 0x5f, 0x6d, 0x6d, 0x66, 0x72, 0x33, 0x5f, 0x65, 0x6c, 0x31, 0x2e, 0x78, 0x6d, 0x6c, 0x00,
    0x4d, 0x52, 0x53, 0x20, 0x49, 0x44, 0x5f, 0x4d, 0x4d, 0x46, 0x52, 0x33, 0x5f, 0x45, 0x4c, 0x31,
    0x00, 0x49, 0x44, 0x5f, 0x4d, 0x4d, 0x46, 0x52, 0x34, 0x5f, 0x45, 0x4c, 0x31, 0x00, 0x41, 0x41,
    0x72, 0x63, 0x68, 0x36, 0x34, 0x2d, 0x69, 0x64, 0x5f, 0x6d, 0x6d, 0x66, 0x72, 0x34, 0x5f, 0x65,
    0x6c, 0x31, 0x2e, 0x78, 0x6d, 0x6c, 0x00, 0x4d, 0x52, 0x53, 0x20, 0x49, 0x44, 0x5f, 0x4d, 0x4d,
    0x46, 0x52, 0x34, 0x5f, 0x45, 0x4c, 0x31, 0x00, 0x49, 0x44, 0x5f, 0x4d, 0x4d, 0x46, 0x52, 0x35,
    0x5f, 0x45, 0x4c, 0x31, 0x00, 0x41, 0x41, 0x72, 0x63, 0x68, 0x36, 0x34, 0x2d, 0x69, 0x64, 0x5f,
    0x6d, 0x6d, 0x66, 0x72, 0x35, 0x5f, 0x65, 0x6c, 0x31, 0x2e, 0x78, 0x6d, 0x6c, 0x00, 0x4d, 0x52,
    0x53, 0x20, 0x49, 0x44, 0x5f, 0x4d, 0x4d, 0x46, 0x52, 0x35, 0x5f, 0x45, 0x4c, 0x31, 0x00, 0x49,
    0x44, 0x5f, 0x50, 0x46, 0x52, 0x30, 0x5f, 0x45, 0x4c, 0x31, 0x00, 0x41, 0x41, 0x72, 0x63, 0x68,
    0x36, 0x34, 0x2d, 0x69, 0x64, 0x5f, 0x70, 0x66, 0x72, 0x30, 0x5f, 0x65, 0x6c, 0x31, 0x2e, 0x78,
    0x6d, 0x6c, 0x00, 0x4d, 0x52, 0x53, 0x20, 0x49, 0x44, 0x5f, 0x50, 0x46, 0x52, 0x30, 0x5f, 0x45,
    0x4c, 0x31, 0x00, 0x49, 0x44, 0x5f, 0x50, 0x46, 0x52, 0x31, 0x5f, 0x45, 0x4c, 0x31, 0x00, 0x41,
    0x41, 0x72, 0x63, 0x68, 0x36, 0x34, 0x2d, 0x69, 0x64, 0x5f, 0x70, 0x66, 0x72, 0x31, 0x5f, 0x65,
    0x6c, 0x31, 0x2e, 0x78, 0x6d, 0x6c, 0x00, 0x4d, 0x52, 0x53, 0x20, 0x49, 0x44, 0x5f, 0x50, 0x46,
    0x52, 0x31, 0x5f, 0x45, 0x4c, 0x31, 0x00, 0x49, 0x44, 0x5f, 0x50, 0x46, 0x52, 0x32, 0x5f, 0x45,
    0x4c, 0x31, 0x00, 0x41, 0x41, 0x72, 0x63, 0x68, 0x36, 0x34, 0x2d, 0x69, 0x64, 0x5f, 0x70, 0x66,
    0x72, 0x32, 0x5f, 0x65, 0x6c, 0x31, 0x2e, 0x78, 0x6d, 0x6c, 0x00, 0x4d, 0x52, 0x53, 0x20, 0x49,
    0x44, 0x5f, 0x50, 0x46, 0x52, 0x32, 0x5f, 0x45, 0x4c, 0x31, 0x00, 0x49, 0x53, 0x52, 0x5f, 0x45,
    0x4c, 0x31, 0x00, 0x41, 0x41, 0x72, 0x63, 0x68, 0x36, 0x34, 0x2d, 0x69, 0x73, 0x72, 0x5f, 0x65,
    0x6c, 0x31, 0x2e, 0x78, 0x6d, 0x6c, 0x00, 0x4d, 0x52, 0x53, 0x20, 0x49, 0x53, 0x52, 0x5f, 0x45,
    0x4c, 0x31, 0x00, 0x4c, 0x4f, 0x52, 0x43, 0x5f, 0x45, 0x4c, 0x31, 0x00, 0x41, 0x41, 0x72, 0x63,
    0x68, 0x36, 0x34, 0x2d, 0x6c, 0x6f, 0x72, 0x63, 0x5f, 0x65, 0x6c, 0x31, 0x2e, 0x78, 0x6d, 0x6c,
    0x00, 0x4d, 0x52, 0x53, 0x20, 0x4c, 0x4f, 0x52, 0x43, 0x5f, 0x45, 0x4c, 0x31, 0x00, 0x4d, 0x53,
    0x52, 0x72, 0x65, 0x67, 0x69, 0x73, 0x74, 0x65, 0x72, 0x20, 0x4c, 0x4f, 0x52, 0x43, 0x5f, 0x45,
    0x4c, 0x31, 0x00, 0x4c, 0x4f, 0x52, 0x45, 0x41, 0x5f, 0x45, 0x4c, 0x31, 0x00, 0x41, 0x41, 0x72,
    0x63, 0x68, 0x36, 0x34, 0x2d, 0x6c, 0x6f, 0x72, 0x65, 0x61, 0x5f, 0x65, 0x6c, 0x31, 0x2e, 0x78,
    0x6d, 0x6c, 0x00, 0x4d, 0x52, 0x53, 0x20, 0x4c, 0x4f, 0x52, 0x45, 0x41, 0x5f, 0x45, 0x4c, 0x31,
    0x00, 0x4d, 0x53, 0x52, 0x72, 0x65, 0x67, 0x69, 0x73, 0x74, 0x65, 0x72, 0x20, 0x4c, 0x4f, 0x52,
    0x45, 0x41, 0x5f, 0x45, 0x4c, 0x31, 0x00, 0x4c, 0x4f, 0x52, 0x49, 0x44, 0x5f, 0x45, 0x4c, 0x31,
    0x00, 0x41, 0x41, 0x72, 0x63, 0x68, 0x36, 0x34, 0x2d, 0x6c, 0x6f, 0x72, 0x69, 0x64, 0x5f, 0x65,
    0x6c, 0x31, 0x2e, 0x78, 0x6d, 0x6c, 0x00, 0x4d, 0x52, 0x53, 0x20, 0x4c, 0x4f, 0x52, 0x49, 0x44,
    0x5f, 0x45, 0x4c, 0x31, 0x00, 0x4c, 0x4f, 0x52, 0x4e, 0x5f, 0x45, 0x4c, 0x31, 0x00, 0x41, 0x41,
    0x72, 0x63, 0x68, 0x36, 0x34, 0x2d, 0x6c, 0x6f, 0x72, 0x6e, 0x5f, 0x65, 0x6c, 0x31, 0x2e, 0x78,
    0x6d, 0x6c, 0x00, 0x4d, 0x52, 0x53, 0x20, 0x4c, 0x4f, 0x52, 0x4e, 0x5f, 0x45, 0x4c, 0x31, 0x00,
    0x4d, 0x53, 0x52, 0x72, 0x65, 0x67, 0x69, 0x73, 0x74, 0x65, 0x72, 0x20, 0x4c, 0x4f, 0x52, 0x4e,
    0x5f, 0x45, 0x4c, 0x31, 0x00, 0x4c, 0x4f, 0x52, 0x53, 0x41, 0x5f, 0x45, 0x4c, 0x31, 0x00, 0x41,
    0x41, 0x72, 0x63, 0x68, 0x36, 0x34, 0x2d, 0x6c, 0x6f, 0x72, 0x73, 0x61, 0x5f, 0x65, 0x6c, 0x31,
    0x2e, 0x78, 0x6d, 0x6c, 0x00, 0x4d, 0x52, 0x53, 0x20, 0x4c, 0x4f, 0x52, 0x53, 0x41, 0x5f, 0x45,
    0x4c, 0x31, 0x00, 0x4d, 0x53, 0x52, 0x72, 0x65, 0x67, 0x69, 0x73, 0x74, 0x65, 0x72, 0x20, 0x4c,
    0x4f, 0x52, 0x53, 0x41, 0x5f, 0x45, 0x4c, 0x31, 0x00, 0x4d, 0x41, 0x49, 0x52, 0x5f, 0x45, 0x4c,
    0x31, 0x00, 0x41, 0x41, 0x72, 0x63, 0x68, 0x36, 0x34, 0x2d, 0x6d, 0x61, 0x69, 0x72, 0x5f, 0x65,
    0x6c, 0x31, 0x2e, 0x78, 0x6d, 0x6c, 0x00, 0x4d, 0x52, 0x53, 0x20, 0x4d, 0x41, 0x49, 0x52, 0x5f,
    0x45, 0x4c, 0x31, 0x00, 0x4d, 0x53, 0x52, 0x72, 0x65, 0x67, 0x69, 0x73, 0x74, 0x65, 0x72, 0x20,
    0x4d, 0x41, 0x49, 0x52, 0x5f, 0x45, 0x4c, 0x31, 0x00, 0x4d, 0x41, 0x49, 0x52, 0x5f, 0x45, 0x4c,
    0x32, 0x00, 0x41, 0x41, 0x72, 0x63, 0x68, 0x36, 0x34, 0x2d, 0x6d, 0x61, 0x69, 0x72, 0x5f, 0x65,
    0x6c, 0x32, 0x2e, 0x78, 0x6d, 0x6c, 0x00, 0x4d, 0x41, 0x49, 0x52, 0x5f, 0x45, 0x4c, 0x31, 0x32,
    0x00, 0x4d, 0x52, 0x53, 0x20, 0x4d, 0x41, 0x49, 0x52, 0x5f, 0x45, 0x4c, 0x31, 0x32, 0x00, 0x4d,
    0x53, 0x52, 0x72, 0x65, 0x67, 0x69, 0x73, 0x74, 0x65, 0x72, 0x20, 0x4d, 0x41, 0x49, 0x52, 0x5f,
    0x45, 0x4c, 0x31, 0x32, 0x00, 0x4d, 0x52, 0x53, 0x20, 0x4d, 0x41, 0x49, 0x52, 0x5f, 0x45, 0x4c,
    0x32, 0x00, 0x4d, 0x53, 0x52, 0x72, 0x65, 0x67, 0x69, 0x73, 0x74, 0x65, 0x72, 0x20, 0x4d, 0x41,
    0x49, 0x52, 0x5f, 0x45, 0x4c, 0x32, 0x00, 0x4d, 0x44, 0x43, 0x43, 0x49, 0x4e, 0x54, 0x5f, 0x45,
    0x4c, 0x31, 0x00, 0x41, 0x41, 0x72, 0x63, 0x68, 0x36, 0x34, 0x2d, 0x6d, 0x64, 0x63, 0x63, 0x69,
    0x6e, 0x74, 0x5f, 0x65, 0x6c, 0x31, 0x2e, 0x78, 0x6d, 0x6c, 0x00, 0x4d, 0x52, 0x53, 0x20, 0x4d,
    0x44, 0x43, 0x43, 0x49, 0x4e, 0x54, 0x5f, 0x45, 0x4c, 0x31, 0x00, 0x4d, 0x53, 0x52, 0x72, 0x65,
    0x67, 0x69, 0x73, 0x74, 0x65, 0x72, 0x20, 0x4d, 0x44, 0x43, 0x43, 0x49, 0x4e, 0x54, 0x5f, 0x45,
    0x4c, 0x31, 0x00, 0x4d, 0x44, 0x43, 0x43, 0x53, 0x52, 0x5f, 0x45, 0x4c, 0x30, 0x00, 0x41, 0x41,
    0x72, 0x63, 0x68, 0x36, 0x34, 0x2d, 0x6d, 0x64, 0x63, 0x63, 0x73, 0x72, 0x5f, 0x65, 0x6c, 0x30,
    0x2e, 0x78, 0x6d, 0x6c, 0x00, 0x4d, 0x52, 0x53, 0x20, 0x4d, 0x44, 0x43, 0x43, 0x53, 0x52, 0x5f,
    0x45, 0x4c, 0x30, 0x00, 0x4d, 0x44, 0x43, 0x52, 0x5f, 0x45, 0x4c, 0x32, 0x00, 0x41, 0x41, 0x72,
    0x63, 0x68, 0x36, 0x34, 0x2d, 0x6d, 0x64, 0x63, 0x72, 0x5f, 0x65, 0x6c, 0x32, 0x2e, 0x78, 0x6d,
    0x6c, 0x00, 0x4d, 0x52, 0x53, 0x20, 0x4d, 0x44, 0x43, 0x52, 0x5f, 0x45, 0x4c, 0x32, 0x00, 0x4d,
    0x53, 0x52, 0x72, 0x65, 0x67, 0x69, 0x73, 0x74, 0x65, 0x72, 0x20, 0x4d, 0x44, 0x43, 0x52, 0x5f,
    0x45, 0x4c, 0x32, 0x00, 0x4d, 0x44, 0x52, 0x41, 0x52, 0x5f, 0x45, 0x4c, 0x31, 0x00, 0x41, 0x41,
    0x72, 0x63, 0x68, 0x36, 0x34, 0x2d, 0x6d, 0x64, 0x72, 0x61, 0x72, 0x5f, 0x65, 0x6c, 0x31, 0x2e,
    0x78, 0x6d, 0x6c, 0x00, 0x4d, 0x52, 0x53, 0x20, 0x4d, 0x44, 0x52, 0x41, 0x52, 0x5f, 0x45, 0x4c,
    0x31, 0x00, 0x4d, 0x44, 0x53, 0x43, 0x52, 0x5f, 0x45, 0x4c, 0x31, 0x00, 0x41, 0x41, 0x72, 0x63,
    0x68, 0x36, 0x34, 0x2d, 0x6d, 0x64, 0x73, 0x63, 0x72, 0x5f, 0x65, 0x6c, 0x31, 0x2e, 0x78, 0x6d,
    0x6c, 0x00, 0x4d, 0x52, 0x53, 0x20, 0x4d, 0x44, 0x53, 0x43, 0x52, 0x5f, 0x45, 0x4c, 0x31, 0x00,
    0x4d, 0x53, 0x52, 0x72, 0x65, 0x67, 0x69, 0x73, 0x74, 0x65, 0x72, 0x20, 0x4d, 0x44, 0x53, 0x43,
    0x52, 0x5f, 0x45, 0x4c, 0x31, 0x00, 0x4d, 0x49, 0x44, 0x52, 0x5f, 0x45, 0x4c, 0x31, 0x00, 0x41,
    0x41, 0x72, 0x63, 0x68, 0x36, 0x34, 0x2d, 0x6d, 0x69, 0x64, 0x72, 0x5f, 0x65, 0x6c, 0x31, 0x2e,
    0x78, 0x6d, 0x6c, 0x00, 0x4d, 0x52, 0x53, 0x20, 0x4d, 0x49, 0x44, 0x52, 0x5f, 0x45, 0x4c, 0x31,
    0x00, 0x56, 0x50, 0x49, 0x44, 0x52, 0x5f, 0x45, 0x4c, 0x32, 0x00, 0x41, 0x41, 0x72, 0x63, 0x68,
    0x36, 0x34, 0x2d, 0x76, 0x70, 0x69, 0x64, 0x72, 0x5f, 0x65, 0x6c, 0x32, 0x2e, 0x78, 0x6d, 0x6c,
    0x00, 0x4d, 0x50, 0x49, 0x44, 0x52, 0x5f, 0x45, 0x4c, 0x31, 0x00, 0x41, 0x41, 0x72, 0x63, 0x68,
    0x36, 0x34, 0x2d, 0x6d, 0x70, 0x69, 0x64, 0x72, 0x5f, 0x65, 0x6c, 0x31, 0x2e, 0x78, 0x6d, 0x6c,
    0x00, 0x4d, 0x52, 0x53, 0x20, 0x4d, 0x50, 0x49, 0x44, 0x52, 0x5f, 0x45, 0x4c, 0x31, 0x00, 0x56,
    0x4d, 0x50, 0x49, 0x44, 0x52, 0x5f, 0x45, 0x4c, 0x32, 0x00, 0x41, 0x41, 0x72, 0x63, 0x68, 0x36,
    0x34, 0x2d, 0x76, 0x6d, 0x70, 0x69, 0x64, 0x72, 0x5f, 0x65, 0x6c, 0x32, 0x2e, 0x78, 0x6d, 0x6c,
    0x00, 0x4d, 0x56, 0x46, 0x52, 0x30, 0x5f, 0x45, 0x4c, 0x31, 0x00, 0x41, 0x41, 0x72, 0x63, 0x68,
    0x36, 0x34, 0x2d, 0x6d, 0x76, 0x66, 0x72, 0x30, 0x5f, 0x65, 0x6c, 0x31, 0x2e, 0x78, 0x6d, 0x6c,
    0x00, 0x4d, 0x52, 0x53, 0x20, 0x4d, 0x56, 0x46, 0x52, 0x30, 0x5f, 0x45, 0x4c, 0x31, 0x00, 0x4d,
    0x56, 0x46, 0x52, 0x31, 0x5f, 0x45, 0x4c, 0x31, 0x00, 0x41, 0x41, 0x72, 0x63, 0x68, 0x36, 0x34,
    0x2d, 0x6d, 0x76, 0x66, 0x72, 0x31, 0x5f, 0x65, 0x6c, 0x31, 0x2e, 0x78, 0x6d, 0x6c, 0x00, 0x4d,
    0x52, 0x53, 0x20, 0x4d, 0x56, 0x46, 0x52, 0x31, 0x5f, 0x45, 0x4c, 0x31, 0x00, 0x4d, 0x56, 0x46,
    0x52, 0x32, 0x5f, 0x45, 0x4c, 0x31, 0x00, 0x41, 0x41, 0x72, 0x63, 0x68, 0x36, 0x34, 0x2d, 0x6d,
    0x76, 0x66, 0x72, 0x32, 0x5f, 0x65, 0x6c, 0x31, 0x2e, 0x78, 0x6d, 0x6c, 0x00, 0x4d, 0x52, 0x53,
    0x20, 0x4d, 0x56, 0x46, 0x52, 0x32, 0x5f, 0x45, 0x4c, 0x31, 0x00, 0x4e, 0x5a, 0x43, 0x56, 0x00,
    0x41, 0x41, 0x72, 0x63, 0x68, 0x36, 0x34, 0x2d, 0x6e, 0x7a, 0x63, 0x76, 0x2e, 0x78, 0x6d, 0x6c,
    0x00, 0x4d, 0x52, 0x53, 0x20, 0x4e, 0x5a, 0x43, 0x56, 0x00, 0x4d, 0x53, 0x52, 0x72, 0x65, 0x67,
    0x69, 0x73, 0x74, 0x65, 0x72, 0x20, 0x4e, 0x5a, 0x43, 0x56, 0x00, 0x4f, 0x53, 0x44, 0x4c, 0x52,
    0x5f, 0x45, 0x4c, 0x31, 0x00, 0x41, 0x41, 0x72, 0x63, 0x68, 0x36, 0x34, 0x2d, 0x6f, 0x73, 0x64,
    0x6c, 0x72, 0x5f, 0x65, 0x6c, 0x31, 0x2e, 0x78, 0x6d, 0x6c, 0x00, 0x4d, 0x52, 0x53, 0x20, 0x4f,
    0x53, 0x44, 0x4c, 0x52, 0x5f, 0x45, 0x4c, 0x31, 0x00, 0x4d, 0x53, 0x52, 0x72, 0x65, 0x67, 0x69,
    0x73, 0x74, 0x65, 0x72, 0x20, 0x4f, 0x53, 0x44, 0x4c, 0x52, 0x5f, 0x45, 0x4c, 0x31, 0x00, 0x4f,
    0x53, 0x44, 0x54, 0x52, 0x52, 0x58, 0x5f, 0x45, 0x4c, 0x31, 0x00, 0x41, 0x41, 0x72, 0x63, 0x68,
    0x36, 0x34, 0x2d, 0x6f, 0x73, 0x64, 0x74, 0x72, 0x72, 0x78, 0x5f, 0x65, 0x6c, 0x31, 0x2e, 0x78,
    0x6d, 0x6c, 0x00, 0x4d, 0x52, 0x53, 0x20, 0x4f, 0x53, 0x44, 0x54, 0x52, 0x52, 0x58, 0x5f, 0x45,
    0x4c, 0x31, 0x00, 0x4d, 0x53, 0x52, 0x72, 0x65, 0x67, 0x69, 0x73, 0x74, 0x65, 0x72, 0x20, 0x4f,
    0x53, 0x44, 0x54, 0x52, 0x52, 0x58, 0x5f, 0x45, 0x4c, 0x31, 0x00, 0x4f, 0x53, 0x44, 0x54, 0x52,
    0x54, 0x58, 0x5f, 0x45, 0x4c, 0x31, 0x00, 0x41, 0x41, 0x72, 0x63, 0x68, 0x36, 0x34, 0x2d, 0x6f,
    0x73, 0x64, 0x74, 0x72, 0x74, 0x78, 0x5f, 0x65, 0x6c, 0x31, 0x2e, 0x78, 0x6d, 0x6c, 0x00, 0x4d,
    0x52, 0x53, 0x20, 0x4f, 0x53, 0x44, 0x54, 0x52, 0x54, 0x58, 0x5f, 0x45, 0x4c, 0x31, 0x00, 0x4d,
    0x53, 0x52, 0x72, 0x65, 0x67, 0x69, 0x73, 0x74, 0x65, 0x72, 0x20, 0x4f, 0x53, 0x44, 0x54, 0x52,
    0x54, 0x58, 0x5f, 0x45, 0x4c, 0x31, 0x00, 0x4f, 0x53, 0x45, 0x43, 0x43, 0x52, 0x5f, 0x45, 0x4c,
    0x31, 0x00, 0x41, 0x41, 0x72, 0x63, 0x68, 0x36, 0x34, 0x2d, 0x6f, 0x73, 0x65, 0x63, 0x63, 0x72,
    0x5f, 0x65, 0x6c, 0x31, 0x2e, 0x78, 0x6d, 0x6c, 0x00, 0x4d, 0x52, 0x53, 0x20, 0x4f, 0x53, 0x45,
    0x43, 0x43, 0x52, 0x5f, 0x45, 0x4c, 0x31, 0x00, 0x4d, 0x53, 0x52, 0x72, 0x65, 0x67, 0x69, 0x73,
    0x74, 0x65, 0x72, 0x20, 0x4f, 0x53, 0x45, 0x43, 0x43, 0x52, 0x5f, 0x45, 0x4c, 0x31, 0x00, 0x4f,
    0x53, 0x4c, 0x41, 0x52, 0x5f, 0x45, 0x4c, 0x31, 0x00, 0x41, 0x41, 0x72, 0x63, 0x68, 0x36, 0x34,
    0x2d, 0x6f, 0x73, 0x6c, 0x61, 0x72, 0x5f, 0x65, 0x6c, 0x31, 0x2e, 0x78, 0x6d, 0x6c, 0x00, 0x4d,
    0x53, 0x52, 0x72, 0x65, 0x67, 0x69, 0x73, 0x74, 0x65, 0x72, 0x20, 0x4f, 0x53, 0x4c, 0x41, 0x52,
    0x5f, 0x45, 0x4c, 0x31, 0x00, 0x4f, 0x53, 0x4c, 0x53, 0x52, 0x5f, 0x45, 0x4c, 0x31, 0x00, 0x41,
    0x41, 0x72, 0x63, 0x68, 0x36, 0x34, 0x2d, 0x6f, 0x73, 0x6c, 0x73, 0x72, 0x5f, 0x65, 0x6c, 0x31,
    0x2e, 0x78, 0x6d, 0x6c, 0x00, 0x4d, 0x52, 0x53, 0x20, 0x4f, 0x53, 0x4c, 0x53, 0x52, 0x5f, 0x45,
    0x4c, 0x31, 0x00, 0x50, 0x41, 0x4e, 0x00, 0x41, 0x41, 0x72, 0x63, 0x68, 0x36, 0x34, 0x2d, 0x70,
    0x61, 0x6e, 0x2e, 0x78, 0x6d, 0x6c, 0x00, 0x4d, 0x52, 0x53, 0x20, 0x50, 0x41, 0x4e, 0x00, 0x4d,
    0x53, 0x52, 0x72, 0x65, 0x67, 0x69, 0x73, 0x74, 0x65, 0x72, 0x20, 0x50, 0x41, 0x4e, 0x00, 0x50,
    0x41, 0x52, 0x5f, 0x45, 0x4c, 0x31, 0x00, 0x41, 0x41, 0x72, 0x63, 0x68, 0x36, 0x34, 0x2d, 0x70,
    0x61, 0x72, 0x5f, 0x65, 0x6c, 0x31, 0x2e, 0x78, 0x6d, 0x6c, 0x00, 0x4d, 0x52, 0x53, 0x20, 0x50,
    0x41, 0x52, 0x5f, 0x45, 0x4c, 0x31, 0x00, 0x4d, 0x53, 0x52, 0x72, 0x65, 0x67, 0x69, 0x73, 0x74,
    0x65, 0x72, 0x20, 0x50, 0x41, 0x52, 0x5f, 0x45, 0x4c, 0x31, 0x00, 0x52, 0x45, 0x56, 0x49, 0x44,
    0x52, 0x5f, 0x45, 0x4c, 0x31, 0x00, 0x41, 0x41, 0x72, 0x63, 0x68, 0x36, 0x34, 0x2d, 0x72, 0x65,
    0x76, 0x69, 0x64, 0x72, 0x5f, 0x65, 0x6c, 0x31, 0x2e, 0x78, 0x6d, 0x6c, 0x00, 0x4d, 0x52, 0x53,
    0x20, 0x52, 0x45, 0x56, 0x49, 0x44, 0x52, 0x5f, 0x45, 0x4c, 0x31, 0x00, 0x52, 0x4d, 0x52, 0x5f,
    0x45, 0x4c, 0x31, 0x00, 0x41, 0x41, 0x72, 0x63, 0x68, 0x36, 0x34, 0x2d, 0x72, 0x6d, 0x72, 0x5f,
    0x65, 0x6c, 0x31, 0x2e, 0x78, 0x6d, 0x6c, 0x00, 0x4d, 0x52, 0x53, 0x20, 0x52, 0x4d, 0x52, 0x5f,
    0x45, 0x4c, 0x31, 0x00, 0x4d, 0x53, 0x52, 0x72, 0x65, 0x67, 0x69, 0x73, 0x74, 0x65, 0x72, 0x20,
    0x52, 0x4d, 0x52, 0x5f, 0x45, 0x4c, 0x31, 0x00, 0x52, 0x4d, 0x52, 0x5f, 0x45, 0x4c, 0x32, 0x00,
    0x41, 0x41, 0x72, 0x63, 0x68, 0x36, 0x34, 0x2d, 0x72, 0x6d, 0x72, 0x5f, 0x65, 0x6c, 0x32, 0x2e,
    0x78, 0x6d, 0x6c, 0x00, 0x4d, 0x52, 0x53, 0x20, 0x52, 0x4d, 0x52, 0x5f, 0x45, 0x4c, 0x32, 0x00,
    0x4d, 0x53, 0x52, 0x72, 0x65, 0x67, 0x69, 0x73, 0x74, 0x65, 0x72, 0x20, 0x52, 0x4d, 0x52, 0x5f,
    0x45, 0x4c, 0x32, 0x00, 0x52, 0x56, 0x42, 0x41, 0x52, 0x5f, 0x45, 0x4c, 0x31, 0x00, 0x41, 0x41,
    0x72, 0x63, 0x68, 0x36, 0x34, 0x2d, 0x72, 0x76, 0x62, 0x61, 0x72, 0x5f, 0x65, 0x6c, 0x31, 0x2e,
    0x78, 0x6d, 0x6c, 0x00, 0x4d, 0x52, 0x53, 0x20, 0x52, 0x56, 0x42, 0x41, 0x52, 0x5f, 0x45, 0x4c,
    0x31, 0x00, 0x52, 0x56, 0x42, 0x41, 0x52, 0x5f, 0x45, 0x4c, 0x32, 0x00, 0x41, 0x41, 0x72, 0x63,
    0x68, 0x36, 0x34, 0x2d, 0x72, 0x76, 0x62, 0x61, 0x72, 0x5f, 0x65, 0x6c, 0x32, 0x2e, 0x78, 0x6d,
    0x6c, 0x00, 0x4d, 0x52, 0x53, 0x20, 0x52, 0x56, 0x42, 0x41, 0x52, 0x5f, 0x45, 0x4c, 0x32, 0x00,
    0x53, 0x33, 0x5f, 0x3c, 0x6f, 0x70, 0x31, 0x3e, 0x5f, 0x3c, 0x43, 0x6e, 0x3e, 0x5f, 0x3c, 0x43,
    0x6d, 0x3e, 0x5f, 0x3c, 0x6f, 0x70, 0x32, 0x3e, 0x00, 0x53, 0x33, 0x5f, 0x3c, 0x6f, 0x70, 0x31,
    0x3e, 0x5f, 0x43, 0x3c, 0x43, 0x6e, 0x3e, 0x5f, 0x43, 0x3c, 0x43, 0x6d, 0x3e, 0x5f, 0x3c, 0x6f,
    0x70, 0x32, 0x3e, 0x00, 0x41, 0x41, 0x72, 0x63, 0x68, 0x36, 0x34, 0x2d, 0x73, 0x33, 0x5f, 0x6f,
    0x70, 0x31, 0x5f, 0x63, 0x6e, 0x5f, 0x63, 0x6d, 0x5f, 0x6f, 0x70, 0x32, 0x2e, 0x78, 0x6d, 0x6c,
    0x00, 0x4d, 0x52, 0x53, 0x20, 0x53, 0x33, 0x5f, 0x3c, 0x6f, 0x70, 0x31, 0x3e, 0x5f, 0x43, 0x3c,
    0x43, 0x6e, 0x3e, 0x5f, 0x43, 0x3c, 0x43, 0x6d, 0x3e, 0x5f, 0x3c, 0x6f, 0x70, 0x32, 0x3e, 0x00,
    0x4d, 0x53, 0x52, 0x72, 0x65, 0x67, 0x69, 0x73, 0x74, 0x65, 0x72, 0x20, 0x53, 0x33, 0x5f, 0x3c,
    0x6f, 0x70, 0x31, 0x3e, 0x5f, 0x43, 0x3c, 0x43, 0x6e, 0x3e, 0x5f, 0x43, 0x3c, 0x43, 0x6d, 0x3e,
    0x5f, 0x3c, 0x6f, 0x70, 0x32, 0x3e, 0x00, 0x53, 0x43, 0x54, 0x4c, 0x52, 0x5f, 0x45, 0x4c, 0x31,
    0x00, 0x41, 0x41, 0x72, 0x63, 0x68, 0x36, 0x34, 0x2d, 0x73, 0x63, 0x74, 0x6c, 0x72, 0x5f, 0x65,
    0x6c, 0x31, 0x2e, 0x78, 0x6d, 0x6c, 0x00, 0x4d, 0x52, 0x53, 0x20, 0x53, 0x43, 0x54, 0x4c, 0x52,
    0x5f, 0x45, 0x4c, 0x31, 0x00, 0x4d, 0x53, 0x52, 0x72, 0x65, 0x67, 0x69, 0x73, 0x74, 0x65, 0x72,
    0x20, 0x53, 0x43, 0x54, 0x4c, 0x52, 0x5f, 0x45, 0x4c, 0x31, 0x00, 0x53, 0x43, 0x54, 0x4c, 0x52,
    0x5f, 0x45, 0x4c, 0x32, 0x00, 0x41, 0x41, 0x72, 0x63, 0x68, 0x36, 0x34, 0x2d, 0x73, 0x63, 0x74,
    0x6c, 0x72, 0x5f, 0x65, 0x6c, 0x32, 0x2e, 0x78, 0x6d, 0x6c, 0x00, 0x53, 0x43, 0x54, 0x4c, 0x52,
    0x5f, 0x45, 0x4c, 0x31, 0x32, 0x00, 0x4d, 0x52, 0x53, 0x20, 0x53, 0x43, 0x54, 0x4c, 0x52, 0x5f,
    0x45, 0x4c, 0x31, 0x32, 0x00, 0x4d, 0x53, 0x52, 0x72, 0x65, 0x67, 0x69, 0x73, 0x74, 0x65, 0x72,
    0x20, 0x53, 0x43, 0x54, 0x4c, 0x52, 0x5f, 0x45, 0x4c, 0x31, 0x32, 0x00, 0x4d, 0x52, 0x53, 0x20,
    0x53, 0x43, 0x54, 0x4c, 0x52, 0x5f, 0x45, 0x4c, 0x32, 0x00, 0x4d, 0x53, 0x52, 0x72, 0x65, 0x67,
    0x69, 0x73, 0x74, 0x65, 0x72, 0x20, 0x53, 0x43, 0x54, 0x4c, 0x52, 0x5f, 0x45, 0x4c, 0x32, 0x00,
    0x53, 0x50, 0x53, 0x52, 0x5f, 0x45, 0x4c, 0x31, 0x00, 0x41, 0x41, 0x72, 0x63, 0x68, 0x36, 0x34,
    0x2d, 0x73, 0x70, 0x73, 0x72, 0x5f, 0x65, 0x6c, 0x31, 0x2e, 0x78, 0x6d, 0x6c, 0x00, 0x4d, 0x52,
    0x53, 0x20, 0x53, 0x50, 0x53, 0x52, 0x5f, 0x45, 0x4c, 0x31, 0x00, 0x4d, 0x53, 0x52, 0x72, 0x65,
    0x67, 0x69, 0x73, 0x74, 0x65, 0x72, 0x20, 0x53, 0x50, 0x53, 0x52, 0x5f, 0x45, 0x4c, 0x31, 0x00,
    0x53, 0x50, 0x53, 0x52, 0x5f, 0x45, 0x4c, 0x32, 0x00, 0x41, 0x41, 0x72, 0x63, 0x68, 0x36, 0x34,
    0x2d, 0x73, 0x70, 0x73, 0x72, 0x5f, 0x65, 0x6c, 0x32, 0x2e, 0x78, 0x6d, 0x6c, 0x00, 0x53, 0x50,
    0x53, 0x52, 0x5f, 0x45, 0x4c, 0x31, 0x32, 0x00, 0x4d, 0x52, 0x53, 0x20, 0x53, 0x50, 0x53, 0x52,
    0x5f, 0x45, 0x4c, 0x31, 0x32, 0x00, 0x4d, 0x53, 0x52, 0x72, 0x65, 0x67, 0x69, 0x73, 0x74, 0x65,
    0x72, 0x20, 0x53, 0x50, 0x53, 0x52, 0x5f, 0x45, 0x4c, 0x31, 0x32, 0x00, 0x4d, 0x52, 0x53, 0x20,
    0x53, 0x50, 0x53, 0x52, 0x5f, 0x45, 0x4c, 0x32, 0x00, 0x4d, 0x53, 0x52, 0x72, 0x65, 0x67, 0x69,
    0x73, 0x74, 0x65, 0x72, 0x20, 0x53, 0x50, 0x53, 0x52, 0x5f, 0x45, 0x4c, 0x32, 0x00, 0x53, 0x50,
    0x53, 0x52, 0x5f, 0x61, 0x62, 0x74, 0x00, 0x41, 0x41, 0x72, 0x63, 0x68, 0x36, 0x34, 0x2d, 0x73,
    0x70, 0x73, 0x72, 0x5f, 0x61, 0x62, 0x74, 0x2e, 0x78, 0x6d, 0x6c, 0x00, 0x4d, 0x52, 0x53, 0x20,
    0x53, 0x50, 0x53, 0x52, 0x5f, 0x61, 0x62, 0x74, 0x00, 0x4d, 0x53, 0x52, 0x72, 0x65, 0x67, 0x69,
    0x73, 0x74, 0x65, 0x72, 0x20, 0x53, 0x50, 0x53, 0x52, 0x5f, 0x61, 0x62, 0x74, 0x00, 0x53, 0x50,
    0x53, 0x52, 0x5f, 0x66, 0x69, 0x71, 0x00, 0x41, 0x41, 0x72, 0x63, 0x68, 0x36, 0x34, 0x2d, 0x73,
    0x70, 0x73, 0x72, 0x5f, 0x66, 0x69, 0x71, 0x2e, 0x78, 0x6d, 0x6c, 0x00, 0x4d, 0x52, 0x53, 0x20,
    0x53, 0x50, 0x53, 0x52, 0x5f, 0x66, 0x69, 0x71, 0x00, 0x4d, 0x53, 0x52, 0x72, 0x65, 0x67, 0x69,
    0x73, 0x74, 0x65, 0x72, 0x20, 0x53, 0x50, 0x53, 0x52, 0x5f, 0x66, 0x69, 0x71, 0x00, 0x53, 0x50,
    0x53, 0x52, 0x5f, 0x69, 0x72, 0x71, 0x00, 0x41, 0x41, 0x72, 0x63, 0x68, 0x36, 0x34, 0x2d, 0x73,
    0x70, 0x73, 0x72, 0x5f, 0x69, 0x72, 0x71, 0x2e, 0x78, 0x6d, 0x6c, 0x00, 0x4d, 0x52, 0x53, 0x20,
    0x53, 0x50, 0x53, 0x52, 0x5f, 0x69, 0x72, 0x71, 0x00, 0x4d, 0x53, 0x52, 0x72, 0x65, 0x67, 0x69,
    0x73, 0x74, 0x65, 0x72, 0x20, 0x53, 0x50, 0x53, 0x52, 0x5f, 0x69, 0x72, 0x71, 0x00, 0x53, 0x50,
    0x53, 0x52, 0x5f, 0x75, 0x6e, 0x64, 0x00, 0x41, 0x41, 0x72, 0x63, 0x68, 0x36, 0x34, 0x2d, 0x73,
    0x70, 0x73, 0x72, 0x5f, 0x75, 0x6e, 0x64, 0x2e, 0x78, 0x6d, 0x6c, 0x00, 0x4d, 0x52, 0x53, 0x20,
    0x53, 0x50, 0x53, 0x52, 0x5f, 0x75, 0x6e, 0x64, 0x00, 0x4d, 0x53, 0x52, 0x72, 0x65, 0x67, 0x69,
    0x73, 0x74, 0x65, 0x72, 0x20, 0x53, 0x50, 0x53, 0x52, 0x5f, 0x75, 0x6e, 0x64, 0x00, 0x53, 0x50,
    0x53, 0x65, 0x6c, 0x00, 0x41, 0x41, 0x72, 0x63, 0x68, 0x36, 0x34, 0x2d, 0x73, 0x70, 0x73, 0x65,
    0x6c, 0x2e, 0x78, 0x6d, 0x6c, 0x00, 0x4d, 0x52, 0x53, 0x20, 0x53, 0x50, 0x53, 0x65, 0x6c, 0x00,
    0x4d, 0x53, 0x52, 0x72, 0x65, 0x67, 0x69, 0x73, 0x74, 0x65, 0x72, 0x20, 0x53, 0x50, 0x53, 0x65,
    0x6c, 0x00, 0x53, 0x50, 0x5f, 0x45, 0x4c, 0x30, 0x00, 0x41, 0x41, 0x72, 0x63, 0x68, 0x36, 0x34,
    0x2d, 0x73, 0x70, 0x5f, 0x65, 0x6c, 0x30, 0x2e, 0x78, 0x6d, 0x6c, 0x00, 0x4d, 0x52, 0x53, 0x20,
    0x53, 0x50, 0x5f, 0x45, 0x4c, 0x30, 0x00, 0x4d, 0x53, 0x52, 0x72, 0x65, 0x67, 0x69, 0x73, 0x74,
    0x65, 0x72, 0x20, 0x53, 0x50, 0x5f, 0x45, 0x4c, 0x30, 0x00, 0x53, 0x50, 0x5f, 0x45, 0x4c, 0x31,
    0x00, 0x41, 0x41, 0x72, 0x63, 0x68, 0x36, 0x34, 0x2d, 0x73, 0x70, 0x5f, 0x65, 0x6c, 0x31, 0x2e,
    0x78, 0x6d, 0x6c, 0x00, 0x4d, 0x52, 0x53, 0x20, 0x53, 0x50, 0x5f, 0x45, 0x4c, 0x31, 0x00, 0x4d,
    0x53, 0x52, 0x72, 0x65, 0x67, 0x69, 0x73, 0x74, 0x65, 0x72, 0x20, 0x53, 0x50, 0x5f, 0x45, 0x4c,
    0x31, 0x00, 0x53, 0x50, 0x5f, 0x45, 0x4c, 0x32, 0x00, 0x41, 0x41, 0x72, 0x63, 0x68, 0x36, 0x34,
    0x2d, 0x73, 0x70, 0x5f, 0x65, 0x6c, 0x32, 0x2e, 0x78, 0x6d, 0x6c, 0x00, 0x4d, 0x52, 0x53, 0x20,
    0x53, 0x50, 0x5f, 0x45, 0x4c, 0x32, 0x00, 0x4d, 0x53, 0x52, 0x72, 0x65, 0x67, 0x69, 0x73, 0x74,
    0x65, 0x72, 0x20, 0x53, 0x50, 0x5f, 0x45, 0x4c, 0x32, 0x00, 0x54, 0x43, 0x52, 0x5f, 0x45, 0x4c,
    0x31, 0x00, 0x41, 0x41, 0x72, 0x63, 0x68, 0x36, 0x34, 0x2d, 0x74, 0x63, 0x72, 0x5f, 0x65, 0x6c,
    0x31, 0x2e, 0x78, 0x6d, 0x6c, 0x00, 0x4d, 0x52, 0x53, 0x20, 0x54, 0x43, 0x52, 0x5f, 0x45, 0x4c,
    0x31, 0x00, 0x4d, 0x53, 0x52, 0x72, 0x65, 0x67, 0x69, 0x73, 0x74, 0x65, 0x72, 0x20, 0x54, 0x43,
    0x52, 0x5f, 0x45, 0x4c, 0x31, 0x00, 0x54, 0x43, 0x52, 0x5f, 0x45, 0x4c, 0x32, 0x00, 0x41, 0x41,
    0x72, 0x63, 0x68, 0x36, 0x34, 0x2d, 0x74, 0x63, 0x72, 0x5f, 0x65, 0x6c, 0x32, 0x2e, 0x78, 0x6d,
    0x6c, 0x00, 0x54, 0x43, 0x52, 0x5f, 0x45, 0x4c, 0x31, 0x32, 0x00, 0x4d, 0x52, 0x53, 0x20, 0x54,
    0x43, 0x52, 0x5f, 0x45, 0x4c, 0x31, 0x32, 0x00, 0x4d, 0x53, 0x52, 0x72, 0x65, 0x67, 0x69, 0x73,
    0x74, 0x65, 0x72, 0x20, 0x54, 0x43, 0x52, 0x5f, 0x45, 0x4c, 0x31, 0x32, 0x00, 0x4d, 0x52, 0x53,
    0x20, 0x54, 0x43, 0x52, 0x5f, 0x45, 0x4c, 0x32, 0x00, 0x4d, 0x53, 0x52, 0x72, 0x65, 0x67, 0x69,
    0x73, 0x74, 0x65, 0x72, 0x20, 0x54, 0x43, 0x52, 0x5f, 0x45, 0x4c, 0x32, 0x00, 0x54, 0x50, 0x49,
    0x44, 0x52, 0x52, 0x4f, 0x5f, 0x45, 0x4c, 0x30, 0x00, 0x41, 0x41, 0x72, 0x63, 0x68, 0x36, 0x34,
    0x2d, 0x74, 0x70, 0x69, 0x64, 0x72, 0x72, 0x6f, 0x5f, 0x65, 0x6c, 0x30, 0x2e, 0x78, 0x6d, 0x6c,
    0x00, 0x4d, 0x52, 0x53, 0x20, 0x54, 0x50, 0x49, 0x44, 0x52, 0x52, 0x4f, 0x5f, 0x45, 0x4c, 0x30,
    0x00, 0x4d, 0x53, 0x52, 0x72, 0x65, 0x67, 0x69, 0x73, 0x74, 0x65, 0x72, 0x20, 0x54, 0x50, 0x49,
    0x44, 0x52, 0x52, 0x4f, 0x5f, 0x45, 0x4c, 0x30, 0x00, 0x54, 0x50, 0x49, 0x44, 0x52, 0x5f, 0x45,
    0x4c, 0x30, 0x00, 0x41, 0x41, 0x72, 0x63, 0x68, 0x36, 0x34, 0x2d, 0x74, 0x70, 0x69, 0x64, 0x72,
    0x5f, 0x65, 0x6c, 0x30, 0x2e, 0x78, 0x6d, 0x6c, 0x00, 0x4d, 0x52, 0x53, 0x20, 0x54, 0x50, 0x49,
    0x44, 0x52, 0x5f, 0x45, 0x4c, 0x30, 0x00, 0x4d, 0x53, 0x52, 0x72, 0x65, 0x67, 0x69, 0x73, 0x74,
    0x65, 0x72, 0x20, 0x54, 0x50, 0x49, 0x44, 0x52, 0x5f, 0x45, 0x4c, 0x30, 0x00, 0x54, 0x50, 0x49,
    0x44, 0x52, 0x5f, 0x45, 0x4c, 0x31, 0x00, 0x41, 0x41, 0x72, 0x63, 0x68, 0x36, 0x34, 0x2d, 0x74,
    0x70, 0x69, 0x64, 0x72, 0x5f, 0x65, 0x6c, 0x31, 0x2e, 0x78, 0x6d, 0x6c, 0x00, 0x4d, 0x52, 0x53,
    0x20, 0x54, 0x50, 0x49, 0x44, 0x52, 0x5f, 0x45, 0x4c, 0x31, 0x00, 0x4d, 0x53, 0x52, 0x72, 0x65,
    0x67, 0x69, 0x73, 0x74, 0x65, 0x72, 0x20, 0x54, 0x50, 0x49, 0x44, 0x52, 0x5f, 0x45, 0x4c, 0x31,
    0x00, 0x54, 0x50, 0x49, 0x44, 0x52, 0x5f, 0x45, 0x4c, 0x32, 0x00, 0x41, 0x41, 0x72, 0x63, 0x68,
    0x36, 0x34, 0x2d, 0x74, 0x70, 0x69, 0x64, 0x72, 0x5f, 0x65, 0x6c, 0x32, 0x2e, 0x78, 0x6d, 0x6c,
    0x00, 0x4d, 0x52, 0x53, 0x20, 0x54, 0x50, 0x49, 0x44, 0x52, 0x5f, 0x45, 0x4c, 0x32, 0x00, 0x4d,
    0x53, 0x52, 0x72, 0x65, 0x67, 0x69, 0x73, 0x74, 0x65, 0x72, 0x20, 0x54, 0x50, 0x49, 0x44, 0x52,
    0x5f, 0x45, 0x4c, 0x32, 0x00, 0x54, 0x54, 0x42, 0x52, 0x30, 0x5f, 0x45, 0x4c, 0x31, 0x00, 0x41,
    0x41, 0x72, 0x63, 0x68, 0x36, 0x34, 0x2d, 0x74, 0x74, 0x62, 0x72, 0x30, 0x5f, 0x65, 0x6c, 0x31,
    0x2e, 0x78, 0x6d, 0x6c, 0x00, 0x4d, 0x52, 0x53, 0x20, 0x54, 0x54, 0x42, 0x52, 0x30, 0x5f, 0x45,
    0x4c, 0x31, 0x00, 0x4d, 0x53, 0x52, 0x72, 0x65, 0x67, 0x69, 0x73, 0x74, 0x65, 0x72, 0x20, 0x54,
    0x54, 0x42, 0x52, 0x30, 0x5f, 0x45, 0x4c, 0x31, 0x00, 0x54, 0x54, 0x42, 0x52, 0x30, 0x5f, 0x45,
    0x4c, 0x32, 0x00, 0x41, 0x41, 0x72, 0x63, 0x68, 0x36, 0x34, 0x2d, 0x74, 0x74, 0x62, 0x72, 0x30,
    0x5f, 0x65, 0x6c, 0x32, 0x2e, 0x78, 0x6d, 0x6c, 0x00, 0x54, 0x54, 0x42, 0x52, 0x30, 0x5f, 0x45,
    0x4c, 0x31, 0x32, 0x00, 0x4d, 0x52, 0x53, 0x20, 0x54, 0x54, 0x42, 0x52, 0x30, 0x5f, 0x45, 0x4c,
    0x31, 0x32, 0x00, 0x4d, 0x53, 0x52, 0x72, 0x65, 0x67, 0x69, 0x73, 0x74, 0x65, 0x72, 0x20, 0x54,
    0x54, 0x42, 0x52, 0x30, 0x5f, 0x45, 0x4c, 0x31, 0x32, 0x00, 0x4d, 0x52, 0x53, 0x20, 0x54, 0x54,
    0x42, 0x52, 0x30, 0x5f, 0x45, 0x4c, 0x32, 0x00, 0x4d, 0x53, 0x52, 0x72, 0x65, 0x67, 0x69, 0x73,
    0x74, 0x65, 0x72, 0x20, 0x54, 0x54, 0x42, 0x52, 0x30, 0x5f, 0x45, 0x4c, 0x32, 0x00, 0x54, 0x54,
    0x42, 0x52, 0x31, 0x5f, 0x45, 0x4c, 0x31, 0x00, 0x41, 0x41, 0x72, 0x63, 0x68, 0x36, 0x34, 0x2d,
    0x74, 0x74, 0x62, 0x72, 0x31, 0x5f, 0x65, 0x6c, 0x31, 0x2e, 0x78, 0x6d, 0x6c, 0x00, 0x4d, 0x52,
    0x53, 0x20, 0x54, 0x54, 0x42, 0x52, 0x31, 0x5f, 0x45, 0x4c, 0x31, 0x00, 0x4d, 0x53, 0x52, 0x72,
    0x65, 0x67, 0x69, 0x73, 0x74, 0x65, 0x72, 0x20, 0x54, 0x54, 0x42, 0x52, 0x31, 0x5f, 0x45, 0x4c,
    0x31, 0x00, 0x54, 0x54, 0x42, 0x52, 0x31, 0x5f, 0x45, 0x4c, 0x32, 0x00, 0x41, 0x41, 0x72, 0x63,
    0x68, 0x36, 0x34, 0x2d, 0x74, 0x74, 0x62, 0x72, 0x31, 0x5f, 0x65, 0x6c, 0x32, 0x2e, 0x78, 0x6d,
    0x6c, 0x00, 0x54, 0x54, 0x42, 0x52, 0x31, 0x5f, 0x45, 0x4c, 0x31, 0x32, 0x00, 0x4d, 0x52, 0x53,
    0x20, 0x54, 0x54, 0x42, 0x52, 0x31, 0x5f, 0x45, 0x4c, 0x31, 0x32, 0x00, 0x4d, 0x53, 0x52, 0x72,
    0x65, 0x67, 0x69, 0x73, 0x74, 0x65, 0x72, 0x20, 0x54, 0x54, 0x42, 0x52, 0x31, 0x5f, 0x45, 0x4c,
    0x31, 0x32, 0x00, 0x4d, 0x52, 0x53, 0x20, 0x54, 0x54, 0x42, 0x52, 0x31, 0x5f, 0x45, 0x4c, 0x32,
    0x00, 0x4d, 0x53, 0x52, 0x72, 0x65, 0x67, 0x69, 0x73, 0x74, 0x65, 0x72, 0x20, 0x54, 0x54, 0x42,
    0x52, 0x31, 0x5f, 0x45, 0x4c, 0x32, 0x00, 0x55, 0x41, 0x4f, 0x00, 0x41, 0x41, 0x72, 0x63, 0x68,
    0x36, 0x34, 0x2d, 0x75, 0x61, 0x6f, 0x2e, 0x78, 0x6d, 0x6c, 0x00, 0x4d, 0x52, 0x53, 0x20, 0x55,
    0x41, 0x4f, 0x00, 0x4d, 0x53, 0x52, 0x72, 0x65, 0x67, 0x69, 0x73, 0x74, 0x65, 0x72, 0x20, 0x55,
    0x41, 0x4f, 0x00, 0x56, 0x42, 0x41, 0x52, 0x5f, 0x45, 0x4c, 0x31, 0x00, 0x41, 0x41, 0x72, 0x63,
    0x68, 0x36, 0x34, 0x2d, 0x76, 0x62, 0x61, 0x72, 0x5f, 0x65, 0x6c, 0x31, 0x2e, 0x78, 0x6d, 0x6c,
    0x00, 0x4d, 0x52, 0x53, 0x20, 0x56, 0x42, 0x41, 0x52, 0x5f, 0x45, 0x4c, 0x31, 0x00, 0x4d, 0x53,
    0x52, 0x72, 0x65, 0x67, 0x69, 0x73, 0x74, 0x65, 0x72, 0x20, 0x56, 0x42, 0x41, 0x52, 0x5f, 0x45,
    0x4c, 0x31, 0x00, 0x56, 0x42, 0x41, 0x52, 0x5f, 0x45, 0x4c, 0x32, 0x00, 0x41, 0x41, 0x72, 0x63,
    0x68, 0x36, 0x34, 0x2d, 0x76, 0x62, 0x61, 0x72, 0x5f, 0x65, 0x6c, 0x32, 0x2e, 0x78, 0x6d, 0x6c,
    0x00, 0x56, 0x42, 0x41, 0x52, 0x5f, 0x45, 0x4c, 0x31, 0x32, 0x00, 0x4d, 0x52, 0x53, 0x20, 0x56,
    0x42, 0x41, 0x52, 0x5f, 0x45, 0x4c, 0x31, 0x32, 0x00, 0x4d, 0x53, 0x52, 0x72, 0x65, 0x67, 0x69,
    0x73, 0x74, 0x65, 0x72, 0x20, 0x56, 0x42, 0x41, 0x52, 0x5f, 0x45, 0x4c, 0x31, 0x32, 0x00, 0x4d,
    0x52, 0x53, 0x20, 0x56, 0x42, 0x41, 0x52, 0x5f, 0x45, 0x4c, 0x32, 0x00, 0x4d, 0x53, 0x52, 0x72,
    0x65, 0x67, 0x69, 0x73, 0x74, 0x65, 0x72, 0x20, 0x56, 0x42, 0x41, 0x52, 0x5f, 0x45, 0x4c, 0x32,
    0x00, 0x4d, 0x52, 0x53, 0x20, 0x56, 0x44, 0x49, 0x53, 0x52, 0x5f, 0x45, 0x4c, 0x32, 0x00, 0x4d,
    0x53, 0x52, 0x72, 0x65, 0x67, 0x69, 0x73, 0x74, 0x65, 0x72, 0x20, 0x56, 0x44, 0x49, 0x53, 0x52,
    0x5f, 0x45, 0x4c, 0x32, 0x00, 0x4d, 0x52, 0x53, 0x20, 0x56, 0x4d, 0x50, 0x49, 0x44, 0x52, 0x5f,
    0x45, 0x4c, 0x32, 0x00, 0x4d, 0x53, 0x52, 0x72, 0x65, 0x67, 0x69, 0x73, 0x74, 0x65, 0x72, 0x20,
    0x56, 0x4d, 0x50, 0x49, 0x44, 0x52, 0x5f, 0x45, 0x4c, 0x32, 0x00, 0x4d, 0x52, 0x53, 0x20, 0x56,
    0x50, 0x49, 0x44, 0x52, 0x5f, 0x45, 0x4c, 0x32, 0x00, 0x4d, 0x53, 0x52, 0x72, 0x65, 0x67, 0x69,
    0x73, 0x74, 0x65, 0x72, 0x20, 0x56, 0x50, 0x49, 0x44, 0x52, 0x5f, 0x45, 0x4c, 0x32, 0x00, 0x56,
    0x53, 0x45, 0x53, 0x52, 0x5f, 0x45, 0x4c, 0x32, 0x00, 0x41, 0x41, 0x72, 0x63, 0x68, 0x36, 0x34,
    0x2d, 0x76, 0x73, 0x65, 0x73, 0x72, 0x5f, 0x65, 0x6c, 0x32, 0x2e, 0x78, 0x6d, 0x6c, 0x00, 0x4d,
    0x52, 0x53, 0x20, 0x56, 0x53, 0x45, 0x53, 0x52, 0x5f, 0x45, 0x4c, 0x32, 0x00, 0x4d, 0x53, 0x52,
    0x72, 0x65, 0x67, 0x69, 0x73, 0x74, 0x65, 0x72, 0x20, 0x56, 0x53, 0x45, 0x53, 0x52, 0x5f, 0x45,
    0x4c, 0x32, 0x00, 0x56, 0x54, 0x43, 0x52, 0x5f, 0x45, 0x4c, 0x32, 0x00, 0x41, 0x41, 0x72, 0x63,
    0x68, 0x36, 0x34, 0x2d, 0x76, 0x74, 0x63, 0x72, 0x5f, 0x65, 0x6c, 0x32, 0x2e, 0x78, 0x6d, 0x6c,
    0x00, 0x4d, 0x52, 0x53, 0x20, 0x56, 0x54, 0x43, 0x52, 0x5f, 0x45, 0x4c, 0x32, 0x00, 0x4d, 0x53,
    0x52, 0x72, 0x65, 0x67, 0x69, 0x73, 0x74, 0x65, 0x72, 0x20, 0x56, 0x54, 0x43, 0x52, 0x5f, 0x45,
    0x4c, 0x32, 0x00, 0x56, 0x54, 0x54, 0x42, 0x52, 0x5f, 0x45, 0x4c, 0x32, 0x00, 0x41, 0x41, 0x72,
    0x63, 0x68, 0x36, 0x34, 0x2d, 0x76, 0x74, 0x74, 0x62, 0x72, 0x5f, 0x65, 0x6c, 0x32, 0x2e, 0x78,
    0x6d, 0x6c, 0x00, 0x4d, 0x52, 0x53, 0x20, 0x56, 0x54, 0x54, 0x42, 0x52, 0x5f, 0x45, 0x4c, 0x32,
    0x00, 0x4d, 0x53, 0x52, 0x72, 0x65, 0x67, 0x69, 0x73, 0x74, 0x65, 0x72, 0x20, 0x56, 0x54, 0x54,
    0x42, 0x52, 0x5f, 0x45, 0x4c, 0x32, 0x00,
};
static u16 const buster_a64_sysreg_generated_parameter_encodings[] = {
    0x8005, 0x800d, 0x8015, 0x801d, 0x8025, 0x802d, 0x8035, 0x803d, 0x8045, 0x804d, 0x8055, 0x805d, 0x8065, 0x806d, 0x8075, 0x807d,
    0x8005, 0x800d, 0x8015, 0x801d, 0x8025, 0x802d, 0x8035, 0x803d, 0x8045, 0x804d, 0x8055, 0x805d, 0x8065, 0x806d, 0x8075, 0x807d,
    0x8004, 0x800c, 0x8014, 0x801c, 0x8024, 0x802c, 0x8034, 0x803c, 0x8044, 0x804c, 0x8054, 0x805c, 0x8064, 0x806c, 0x8074, 0x807c,
    0x8004, 0x800c, 0x8014, 0x801c, 0x8024, 0x802c, 0x8034, 0x803c, 0x8044, 0x804c, 0x8054, 0x805c, 0x8064, 0x806c, 0x8074, 0x807c,
    0x8007, 0x800f, 0x8017, 0x801f, 0x8027, 0x802f, 0x8037, 0x803f, 0x8047, 0x804f, 0x8057, 0x805f, 0x8067, 0x806f, 0x8077, 0x807f,
    0x8007, 0x800f, 0x8017, 0x801f, 0x8027, 0x802f, 0x8037, 0x803f, 0x8047, 0x804f, 0x8057, 0x805f, 0x8067, 0x806f, 0x8077, 0x807f,
    0x8006, 0x800e, 0x8016, 0x801e, 0x8026, 0x802e, 0x8036, 0x803e, 0x8046, 0x804e, 0x8056, 0x805e, 0x8066, 0x806e, 0x8076, 0x807e,
    0x8006, 0x800e, 0x8016, 0x801e, 0x8026, 0x802e, 0x8036, 0x803e, 0x8046, 0x804e, 0x8056, 0x805e, 0x8066, 0x806e, 0x8076, 0x807e,
};
static BusterA64SysregGeneratedRow const buster_a64_sysreg_generated_rows[] = {
    {0,0,1,10,32,0xc081,1,0,0,0,0,0,UINT64_C(0x0659be4c98bad638),UINT64_C(0xd33cd62068c34a36),UINT64_C(0x6ac3b64c2b98de18)},
    {0,0,1,10,46,0xc081,2,0,0,0,0,0,UINT64_C(0x0659be4c98bad638),UINT64_C(0xd33cd62068c34a36),UINT64_C(0x7a8af93c6e150e37)},
    {68,68,1,78,100,0xe081,1,0,0,0,0,0,UINT64_C(0x0659be4c98bad638),UINT64_C(0xf8a5dc26eec6bc36),UINT64_C(0xf861d8dabc835a5d)},
    {68,68,1,78,114,0xe081,2,0,0,0,0,0,UINT64_C(0x0659be4c98bad638),UINT64_C(0xf8a5dc26eec6bc36),UINT64_C(0x620a46cc1d323692)},
    {136,136,1,146,168,0xc288,1,0,0,0,0,0,UINT64_C(0x0659be4c98bad638),UINT64_C(0x1703ec2f945893ac),UINT64_C(0x12ff175523c61212)},
    {136,136,1,146,182,0xc288,2,0,0,0,0,0,UINT64_C(0x0659be4c98bad638),UINT64_C(0x1703ec2f945893ac),UINT64_C(0xe7541847a9d68823)},
    {204,136,1,214,168,0xc288,1,2,0,0,0,0,UINT64_C(0x3905670921e5df28),UINT64_C(0x0bcf46f5d855421b),UINT64_C(0x12ff175523c61212)},
    {204,136,1,214,182,0xc288,2,2,0,0,0,0,UINT64_C(0x3905670921e5df28),UINT64_C(0x0bcf46f5d855421b),UINT64_C(0xe7541847a9d68823)},
    {136,236,1,146,247,0xea88,1,2,0,0,0,0,UINT64_C(0x3905670921e5df28),UINT64_C(0x1703ec2f945893ac),UINT64_C(0x2f3687fbb36e8348)},
    {136,236,1,146,262,0xea88,2,2,0,0,0,0,UINT64_C(0x3905670921e5df28),UINT64_C(0x1703ec2f945893ac),UINT64_C(0x89db080413ba0ab5)},
    {204,204,1,214,285,0xe288,1,0,0,0,0,0,UINT64_C(0x0659be4c98bad638),UINT64_C(0x0bcf46f5d855421b),UINT64_C(0x9c1fa056a8344583)},
    {204,204,1,214,299,0xe288,2,0,0,0,0,0,UINT64_C(0x0659be4c98bad638),UINT64_C(0x0bcf46f5d855421b),UINT64_C(0xb3f643af7bb88a78)},
    {321,321,1,331,353,0xc289,1,0,0,0,0,0,UINT64_C(0x0659be4c98bad638),UINT64_C(0x4e46068b3533feb5),UINT64_C(0xb0fda95869960f08)},
    {321,321,1,331,367,0xc289,2,0,0,0,0,0,UINT64_C(0x0659be4c98bad638),UINT64_C(0x4e46068b3533feb5),UINT64_C(0x680dae650dc1939f)},
    {389,321,1,399,353,0xc289,1,2,0,0,0,0,UINT64_C(0x3905670921e5df28),UINT64_C(0x03f1934da3188a6b),UINT64_C(0xb0fda95869960f08)},
    {389,321,1,399,367,0xc289,2,2,0,0,0,0,UINT64_C(0x3905670921e5df28),UINT64_C(0x03f1934da3188a6b),UINT64_C(0x680dae650dc1939f)},
    {321,421,1,331,432,0xea89,1,2,0,0,0,0,UINT64_C(0x3905670921e5df28),UINT64_C(0x4e46068b3533feb5),UINT64_C(0xc9f2bcd0fbfd9aa2)},
    {321,421,1,331,447,0xea89,2,2,0,0,0,0,UINT64_C(0x3905670921e5df28),UINT64_C(0x4e46068b3533feb5),UINT64_C(0x3ec65aec09fa1ffa)},
    {389,389,1,399,470,0xe289,1,0,0,0,0,0,UINT64_C(0x0659be4c98bad638),UINT64_C(0x03f1934da3188a6b),UINT64_C(0x5a6b739384aed462)},
    {389,389,1,399,484,0xe289,2,0,0,0,0,0,UINT64_C(0x0659be4c98bad638),UINT64_C(0x03f1934da3188a6b),UINT64_C(0x99a5c7434a4e6d59)},
    {506,506,1,515,536,0xc807,1,0,0,0,0,0,UINT64_C(0x0659be4c98bad638),UINT64_C(0xfd4b23589333627c),UINT64_C(0x479b44a50541b572)},
    {549,549,1,559,581,0xc518,1,0,0,0,0,0,UINT64_C(0x0659be4c98bad638),UINT64_C(0x7d854e394e5e5ea7),UINT64_C(0xa671020bef7e19b5)},
    {549,549,1,559,595,0xc518,2,0,0,0,0,0,UINT64_C(0x0659be4c98bad638),UINT64_C(0x7d854e394e5e5ea7),UINT64_C(0xc4fc3392826de0a3)},
    {617,549,1,627,581,0xc518,1,2,0,0,0,0,UINT64_C(0x3905670921e5df28),UINT64_C(0xf7a3c8e528da48e6),UINT64_C(0xa671020bef7e19b5)},
    {617,549,1,627,595,0xc518,2,2,0,0,0,0,UINT64_C(0x3905670921e5df28),UINT64_C(0xf7a3c8e528da48e6),UINT64_C(0xc4fc3392826de0a3)},
    {549,649,1,559,660,0xed18,1,2,0,0,0,0,UINT64_C(0x3905670921e5df28),UINT64_C(0x7d854e394e5e5ea7),UINT64_C(0x029393c5900b9478)},
    {549,649,1,559,675,0xed18,2,2,0,0,0,0,UINT64_C(0x3905670921e5df28),UINT64_C(0x7d854e394e5e5ea7),UINT64_C(0xab3e0b075063eef7)},
    {617,617,1,627,698,0xe518,1,0,0,0,0,0,UINT64_C(0x0659be4c98bad638),UINT64_C(0xf7a3c8e528da48e6),UINT64_C(0xa9b73bf976811e0a)},
    {617,617,1,627,712,0xe518,2,0,0,0,0,0,UINT64_C(0x0659be4c98bad638),UINT64_C(0xf7a3c8e528da48e6),UINT64_C(0xfa7db83385a3c914)},
    {734,734,1,748,774,0xc111,1,0,0,0,0,0,UINT64_C(0x7c4ddb2eb47d5008),UINT64_C(0xe32c0bb64701db15),UINT64_C(0x9ed06370ca9d9144)},
    {734,734,1,748,792,0xc111,2,0,0,0,0,0,UINT64_C(0x7c4ddb2eb47d5008),UINT64_C(0xe32c0bb64701db15),UINT64_C(0x29d802647845cbef)},
    {818,818,1,832,858,0xc110,1,0,0,0,0,0,UINT64_C(0x7c4ddb2eb47d5008),UINT64_C(0x50d63de98e4196c8),UINT64_C(0xe0987fdd4bf2e68b)},
    {818,818,1,832,876,0xc110,2,0,0,0,0,0,UINT64_C(0x7c4ddb2eb47d5008),UINT64_C(0x50d63de98e4196c8),UINT64_C(0x3aa909ea2661bb1c)},
    {902,902,1,916,942,0xc113,1,0,0,0,0,0,UINT64_C(0x7c4ddb2eb47d5008),UINT64_C(0x1b70a59358a0a544),UINT64_C(0x724c1d95ad3d479a)},
    {902,902,1,916,960,0xc113,2,0,0,0,0,0,UINT64_C(0x7c4ddb2eb47d5008),UINT64_C(0x1b70a59358a0a544),UINT64_C(0x10c6f95e0ca2f20c)},
    {986,986,1,1000,1026,0xc112,1,0,0,0,0,0,UINT64_C(0x7c4ddb2eb47d5008),UINT64_C(0xd4455c47a697d702),UINT64_C(0x9a12b35168078d22)},
    {986,986,1,1000,1044,0xc112,2,0,0,0,0,0,UINT64_C(0x7c4ddb2eb47d5008),UINT64_C(0xd4455c47a697d702),UINT64_C(0xaaab87442273fd2d)},
    {1070,1070,1,1084,1110,0xc119,1,0,0,0,0,0,UINT64_C(0x7c4ddb2eb47d5008),UINT64_C(0xc317cd14889a5c8c),UINT64_C(0x69dab0edccf60fc7)},
    {1070,1070,1,1084,1128,0xc119,2,0,0,0,0,0,UINT64_C(0x7c4ddb2eb47d5008),UINT64_C(0xc317cd14889a5c8c),UINT64_C(0x36c34d8a6e672859)},
    {1154,1154,1,1168,1194,0xc118,1,0,0,0,0,0,UINT64_C(0x7c4ddb2eb47d5008),UINT64_C(0xd3f81422f3d5a53a),UINT64_C(0x9af2cb4b85ff5f0a)},
    {1154,1154,1,1168,1212,0xc118,2,0,0,0,0,0,UINT64_C(0x7c4ddb2eb47d5008),UINT64_C(0xd3f81422f3d5a53a),UINT64_C(0x9ec14aa22be073d3)},
    {1238,1238,1,1252,1278,0xc109,1,0,0,0,0,0,UINT64_C(0x7c4ddb2eb47d5008),UINT64_C(0x54bc031c61aa84ec),UINT64_C(0x52e5097645f0e894)},
    {1238,1238,1,1252,1296,0xc109,2,0,0,0,0,0,UINT64_C(0x7c4ddb2eb47d5008),UINT64_C(0x54bc031c61aa84ec),UINT64_C(0x7388f6de000e14e1)},
    {1322,1322,1,1336,1362,0xc108,1,0,0,0,0,0,UINT64_C(0x7c4ddb2eb47d5008),UINT64_C(0xb3cf71da428e7292),UINT64_C(0xa7c609487240cc58)},
    {1322,1322,1,1336,1380,0xc108,2,0,0,0,0,0,UINT64_C(0x7c4ddb2eb47d5008),UINT64_C(0xb3cf71da428e7292),UINT64_C(0x17db03e45c30e2b8)},
    {1406,1406,1,1420,1446,0xc10b,1,0,0,0,0,0,UINT64_C(0x7c4ddb2eb47d5008),UINT64_C(0x6a9e8cd969cfdcc0),UINT64_C(0xceb888098c1a201e)},
    {1406,1406,1,1420,1464,0xc10b,2,0,0,0,0,0,UINT64_C(0x7c4ddb2eb47d5008),UINT64_C(0x6a9e8cd969cfdcc0),UINT64_C(0x76e349f827b7ea42)},
    {1490,1490,1,1504,1530,0xc10a,1,0,0,0,0,0,UINT64_C(0x7c4ddb2eb47d5008),UINT64_C(0x153e6068751e0913),UINT64_C(0xba31c27b9025c863)},
    {1490,1490,1,1504,1548,0xc10a,2,0,0,0,0,0,UINT64_C(0x7c4ddb2eb47d5008),UINT64_C(0x153e6068751e0913),UINT64_C(0xe6916f7bdea568eb)},
    {1574,1574,1,1585,1608,0xc800,1,0,0,0,0,0,UINT64_C(0x0659be4c98bad638),UINT64_C(0xec3eda8170d5491d),UINT64_C(0x88560511210e27ab)},
    {1623,1623,1,1633,1655,0xc801,1,0,0,0,0,0,UINT64_C(0x0659be4c98bad638),UINT64_C(0xa0f3fe4b72a3cae8),UINT64_C(0x97e9cdc8a9a8ca77)},
    {1669,1669,1,1680,1703,0xdf00,1,0,0,0,0,0,UINT64_C(0x0659be4c98bad638),UINT64_C(0x0f93abf18cd02b68),UINT64_C(0x196807d3bfb15b0c)},
    {1669,1669,1,1680,1718,0xdf00,2,0,0,0,0,0,UINT64_C(0x0659be4c98bad638),UINT64_C(0x0f93abf18cd02b68),UINT64_C(0x4a1c300691ce30e9)},
    {1741,1741,1,1753,1777,0xe708,1,0,0,0,0,0,UINT64_C(0x0659be4c98bad638),UINT64_C(0xfa93f6f80b90391b),UINT64_C(0x2f037b066781046a)},
    {1741,1741,1,1753,1793,0xe708,2,0,0,0,0,0,UINT64_C(0x0659be4c98bad638),UINT64_C(0xfa93f6f80b90391b),UINT64_C(0x63fb5fa14083873d)},
    {1817,1817,1,1831,1857,0xe711,1,0,0,0,0,0,UINT64_C(0x800b21432367e121),UINT64_C(0x6216bc5a5bd818d9),UINT64_C(0x4112b99f61ef3350)},
    {1817,1817,1,1831,1875,0xe711,2,0,0,0,0,0,UINT64_C(0x800b21432367e121),UINT64_C(0x6216bc5a5bd818d9),UINT64_C(0x9b9ef55c92cf70bb)},
    {1901,1901,1,1916,1943,0xe712,1,0,0,0,0,0,UINT64_C(0x800b21432367e121),UINT64_C(0x4f0266a11088526b),UINT64_C(0x0bd01ba4bf001815)},
    {1901,1901,1,1916,1962,0xe712,2,0,0,0,0,0,UINT64_C(0x800b21432367e121),UINT64_C(0x4f0266a11088526b),UINT64_C(0x9ef90f059de4441e)},
    {1989,1989,1,2004,2031,0xe710,1,0,0,0,0,0,UINT64_C(0x800b21432367e121),UINT64_C(0x8eaf17d08a6d9751),UINT64_C(0xbd61dbb37308d8bc)},
    {1989,1989,1,2004,2050,0xe710,2,0,0,0,0,0,UINT64_C(0x800b21432367e121),UINT64_C(0x8eaf17d08a6d9751),UINT64_C(0x3e569caccfd41815)},
    {2077,2077,1,2091,2117,0xe719,1,0,0,0,0,0,UINT64_C(0xea63d2c69a9d679b),UINT64_C(0xe92ee389ca41f396),UINT64_C(0x44c6c76159ca7f42)},
    {2077,2077,1,2091,2135,0xe719,2,0,0,0,0,0,UINT64_C(0xea63d2c69a9d679b),UINT64_C(0xe92ee389ca41f396),UINT64_C(0xe0f8069fbaf1b91a)},
    {2161,2161,1,2176,2203,0xe71a,1,0,0,0,0,0,UINT64_C(0xea63d2c69a9d679b),UINT64_C(0xab2142d42d248fa3),UINT64_C(0x2781427378d6b5cd)},
    {2161,2161,1,2176,2222,0xe71a,2,0,0,0,0,0,UINT64_C(0xea63d2c69a9d679b),UINT64_C(0xab2142d42d248fa3),UINT64_C(0x92f9a6f331f21aff)},
    {2249,2249,1,2264,2291,0xe718,1,0,0,0,0,0,UINT64_C(0xea63d2c69a9d679b),UINT64_C(0x2c607f3bdebc0b57),UINT64_C(0x1882827f2a19f72b)},
    {2249,2249,1,2264,2310,0xe718,2,0,0,0,0,0,UINT64_C(0xea63d2c69a9d679b),UINT64_C(0x2c607f3bdebc0b57),UINT64_C(0x56bb9434e1ed57ce)},
    {1741,2337,1,1753,2349,0xc708,1,2,0,0,0,0,UINT64_C(0x3905670921e5df28),UINT64_C(0xfa93f6f80b90391b),UINT64_C(0x1c8afc0ef038af9c)},
    {1741,2337,1,1753,2365,0xc708,2,2,0,0,0,0,UINT64_C(0x3905670921e5df28),UINT64_C(0xfa93f6f80b90391b),UINT64_C(0x5f24ceb061d93bbf)},
    {2337,2337,1,2389,2349,0xc708,1,0,0,0,0,0,UINT64_C(0x0659be4c98bad638),UINT64_C(0xacc0f95a155921e7),UINT64_C(0x1c8afc0ef038af9c)},
    {2337,2337,1,2389,2365,0xc708,2,0,0,0,0,0,UINT64_C(0x0659be4c98bad638),UINT64_C(0xacc0f95a155921e7),UINT64_C(0x5f24ceb061d93bbf)},
    {2337,2413,1,2389,2426,0xef08,1,2,0,0,0,0,UINT64_C(0x3905670921e5df28),UINT64_C(0xacc0f95a155921e7),UINT64_C(0x4ed949b7384e020a)},
    {2337,2413,1,2389,2443,0xef08,2,2,0,0,0,0,UINT64_C(0x3905670921e5df28),UINT64_C(0xacc0f95a155921e7),UINT64_C(0xd66e0cb287b8f677)},
    {2468,2468,1,2479,2502,0xdf01,1,0,0,0,0,0,UINT64_C(0x0659be4c98bad638),UINT64_C(0xcf4100c6657b0eb6),UINT64_C(0x55cacde90bea0545)},
    {1817,2517,1,1831,2530,0xdf11,1,2,0,0,0,0,UINT64_C(0x800b21432367e121),UINT64_C(0x6216bc5a5bd818d9),UINT64_C(0xfd6f9376b0347da5)},
    {1817,2517,1,1831,2547,0xdf11,2,2,0,0,0,0,UINT64_C(0x800b21432367e121),UINT64_C(0x6216bc5a5bd818d9),UINT64_C(0xbfdbe3a62fb2fe0b)},
    {2517,2517,1,2572,2530,0xdf11,1,0,0,0,0,0,UINT64_C(0x0659be4c98bad638),UINT64_C(0xe8b3c5588202aed1),UINT64_C(0xfd6f9376b0347da5)},
    {2517,2517,1,2572,2547,0xdf11,2,0,0,0,0,0,UINT64_C(0x0659be4c98bad638),UINT64_C(0xe8b3c5588202aed1),UINT64_C(0xbfdbe3a62fb2fe0b)},
    {2517,2597,1,2572,2611,0xef11,1,2,0,0,0,0,UINT64_C(0x3905670921e5df28),UINT64_C(0xe8b3c5588202aed1),UINT64_C(0x04feeaffa5668ada)},
    {2517,2597,1,2572,2629,0xef11,2,2,0,0,0,0,UINT64_C(0x3905670921e5df28),UINT64_C(0xe8b3c5588202aed1),UINT64_C(0xd0e8a0c6b0445565)},
    {1901,2655,1,1916,2669,0xdf12,1,2,0,0,0,0,UINT64_C(0x800b21432367e121),UINT64_C(0x4f0266a11088526b),UINT64_C(0xf8f8c1f2ea1ba90c)},
    {1901,2655,1,1916,2687,0xdf12,2,2,0,0,0,0,UINT64_C(0x800b21432367e121),UINT64_C(0x4f0266a11088526b),UINT64_C(0x0b9d754890a9757a)},
    {2655,2655,1,2713,2669,0xdf12,1,0,0,0,0,0,UINT64_C(0x0659be4c98bad638),UINT64_C(0xdc78bacc466d8fa1),UINT64_C(0xf8f8c1f2ea1ba90c)},
    {2655,2655,1,2713,2687,0xdf12,2,0,0,0,0,0,UINT64_C(0x0659be4c98bad638),UINT64_C(0xdc78bacc466d8fa1),UINT64_C(0x0b9d754890a9757a)},
    {2655,2739,1,2713,2754,0xef12,1,2,0,0,0,0,UINT64_C(0x3905670921e5df28),UINT64_C(0xdc78bacc466d8fa1),UINT64_C(0x30d24b7717db244a)},
    {2655,2739,1,2713,2773,0xef12,2,2,0,0,0,0,UINT64_C(0x3905670921e5df28),UINT64_C(0xdc78bacc466d8fa1),UINT64_C(0x65b328cec613282b)},
    {1989,2800,1,2004,2814,0xdf10,1,2,0,0,0,0,UINT64_C(0x800b21432367e121),UINT64_C(0x8eaf17d08a6d9751),UINT64_C(0x41125dea6364be00)},
    {1989,2800,1,2004,2832,0xdf10,2,2,0,0,0,0,UINT64_C(0x800b21432367e121),UINT64_C(0x8eaf17d08a6d9751),UINT64_C(0xcb3f47d80d38210a)},
    {2800,2800,1,2858,2814,0xdf10,1,0,0,0,0,0,UINT64_C(0x0659be4c98bad638),UINT64_C(0xae068cee6d1eeda4),UINT64_C(0x41125dea6364be00)},
    {2800,2800,1,2858,2832,0xdf10,2,0,0,0,0,0,UINT64_C(0x0659be4c98bad638),UINT64_C(0xae068cee6d1eeda4),UINT64_C(0xcb3f47d80d38210a)},
    {2800,2884,1,2858,2899,0xef10,1,2,0,0,0,0,UINT64_C(0x3905670921e5df28),UINT64_C(0xae068cee6d1eeda4),UINT64_C(0xd0b08302b97a0f9f)},
    {2800,2884,1,2858,2918,0xef10,2,2,0,0,0,0,UINT64_C(0x3905670921e5df28),UINT64_C(0xae068cee6d1eeda4),UINT64_C(0x32273004bb8eb242)},
    {2945,2945,1,2956,2979,0xdf02,1,0,0,0,0,0,UINT64_C(0x0659be4c98bad638),UINT64_C(0x3505d29361a65bf9),UINT64_C(0xca8a3d16ca655966)},
    {2994,2994,1,3006,3030,0xe703,1,0,0,0,0,0,UINT64_C(0x0659be4c98bad638),UINT64_C(0x7d94b3e7068fa282),UINT64_C(0x1771bc64f8713c67)},
    {2994,2994,1,3006,3046,0xe703,2,0,0,0,0,0,UINT64_C(0x0659be4c98bad638),UINT64_C(0x7d94b3e7068fa282),UINT64_C(0xdd7ec436d0f1ed92)},
    {2077,3070,1,2091,3083,0xdf19,1,2,0,0,0,0,UINT64_C(0xea63d2c69a9d679b),UINT64_C(0xe92ee389ca41f396),UINT64_C(0xe8c303693618ae0f)},
    {2077,3070,1,2091,3100,0xdf19,2,2,0,0,0,0,UINT64_C(0xea63d2c69a9d679b),UINT64_C(0xe92ee389ca41f396),UINT64_C(0x7e9a87680e3ea8bf)},
    {3070,3070,1,3125,3083,0xdf19,1,0,0,0,0,0,UINT64_C(0x0659be4c98bad638),UINT64_C(0x1f049fbfbaf771bf),UINT64_C(0xe8c303693618ae0f)},
    {3070,3070,1,3125,3100,0xdf19,2,0,0,0,0,0,UINT64_C(0x0659be4c98bad638),UINT64_C(0x1f049fbfbaf771bf),UINT64_C(0x7e9a87680e3ea8bf)},
    {3070,3150,1,3125,3164,0xef19,1,2,0,0,0,0,UINT64_C(0x3905670921e5df28),UINT64_C(0x1f049fbfbaf771bf),UINT64_C(0xba06d8843e77a8a3)},
    {3070,3150,1,3125,3182,0xef19,2,2,0,0,0,0,UINT64_C(0x3905670921e5df28),UINT64_C(0x1f049fbfbaf771bf),UINT64_C(0xb4a31521d2e87769)},
    {2161,3208,1,2176,3222,0xdf1a,1,2,0,0,0,0,UINT64_C(0xea63d2c69a9d679b),UINT64_C(0xab2142d42d248fa3),UINT64_C(0x6d37c38eab214fa6)},
    {2161,3208,1,2176,3240,0xdf1a,2,2,0,0,0,0,UINT64_C(0xea63d2c69a9d679b),UINT64_C(0xab2142d42d248fa3),UINT64_C(0x13861ca40245d791)},
    {3208,3208,1,3266,3222,0xdf1a,1,0,0,0,0,0,UINT64_C(0x0659be4c98bad638),UINT64_C(0x0414f59b1e1d6ffb),UINT64_C(0x6d37c38eab214fa6)},
    {3208,3208,1,3266,3240,0xdf1a,2,0,0,0,0,0,UINT64_C(0x0659be4c98bad638),UINT64_C(0x0414f59b1e1d6ffb),UINT64_C(0x13861ca40245d791)},
    {3208,3292,1,3266,3307,0xef1a,1,2,0,0,0,0,UINT64_C(0x3905670921e5df28),UINT64_C(0x0414f59b1e1d6ffb),UINT64_C(0x58bb9aa1d0034014)},
    {3208,3292,1,3266,3326,0xef1a,2,2,0,0,0,0,UINT64_C(0x3905670921e5df28),UINT64_C(0x0414f59b1e1d6ffb),UINT64_C(0x9cf83d35528320cc)},
    {2249,3353,1,2264,3367,0xdf18,1,2,0,0,0,0,UINT64_C(0xea63d2c69a9d679b),UINT64_C(0x2c607f3bdebc0b57),UINT64_C(0xf1fa921c456a3d14)},
    {2249,3353,1,2264,3385,0xdf18,2,2,0,0,0,0,UINT64_C(0xea63d2c69a9d679b),UINT64_C(0x2c607f3bdebc0b57),UINT64_C(0x7e8cab5b195bb08b)},
    {3353,3353,1,3411,3367,0xdf18,1,0,0,0,0,0,UINT64_C(0x0659be4c98bad638),UINT64_C(0x2b8e87e13573fc36),UINT64_C(0xf1fa921c456a3d14)},
    {3353,3353,1,3411,3385,0xdf18,2,0,0,0,0,0,UINT64_C(0x0659be4c98bad638),UINT64_C(0x2b8e87e13573fc36),UINT64_C(0x7e8cab5b195bb08b)},
    {3353,3437,1,3411,3452,0xef18,1,2,0,0,0,0,UINT64_C(0x3905670921e5df28),UINT64_C(0x2b8e87e13573fc36),UINT64_C(0x9fce614d401b34db)},
    {3353,3437,1,3411,3471,0xef18,2,2,0,0,0,0,UINT64_C(0x3905670921e5df28),UINT64_C(0x2b8e87e13573fc36),UINT64_C(0x30dc09d447a605ae)},
    {3498,3498,1,3513,3540,0xc681,1,0,0,0,0,0,UINT64_C(0x0659be4c98bad638),UINT64_C(0xaf86429b601bf8f2),UINT64_C(0xa830589f774a620b)},
    {3498,3498,1,3513,3559,0xc681,2,0,0,0,0,0,UINT64_C(0x0659be4c98bad638),UINT64_C(0xaf86429b601bf8f2),UINT64_C(0xf6b2a17c2e697203)},
    {3498,3586,1,3513,3602,0xee81,1,2,0,0,0,0,UINT64_C(0x3905670921e5df28),UINT64_C(0xaf86429b601bf8f2),UINT64_C(0x28cfa5104b67ab5b)},
    {3498,3586,1,3513,3622,0xee81,2,2,0,0,0,0,UINT64_C(0x3905670921e5df28),UINT64_C(0xaf86429b601bf8f2),UINT64_C(0x5696fa68e6dda51b)},
    {3650,3650,1,3660,3682,0xc082,1,0,0,0,0,0,UINT64_C(0x0659be4c98bad638),UINT64_C(0x29ea8778d1167172),UINT64_C(0x925b2b50928d63b7)},
    {3650,3650,1,3660,3696,0xc082,2,0,0,0,0,0,UINT64_C(0x0659be4c98bad638),UINT64_C(0x29ea8778d1167172),UINT64_C(0xf632f6eb838c7208)},
    {3718,3650,1,3727,3682,0xc082,1,2,0,0,0,0,UINT64_C(0x3905670921e5df28),UINT64_C(0x99fd231c00c36cf2),UINT64_C(0x925b2b50928d63b7)},
    {3718,3650,1,3727,3696,0xc082,2,2,0,0,0,0,UINT64_C(0x3905670921e5df28),UINT64_C(0x99fd231c00c36cf2),UINT64_C(0xf632f6eb838c7208)},
    {3650,3748,1,3660,3759,0xe882,1,2,0,0,0,0,UINT64_C(0x3905670921e5df28),UINT64_C(0x29ea8778d1167172),UINT64_C(0x4eaa850d574b18e0)},
    {3650,3748,1,3660,3774,0xe882,2,2,0,0,0,0,UINT64_C(0x3905670921e5df28),UINT64_C(0x29ea8778d1167172),UINT64_C(0xef621103022fff0e)},
    {3718,3718,1,3727,3797,0xe08a,1,0,0,0,0,0,UINT64_C(0x0659be4c98bad638),UINT64_C(0x99fd231c00c36cf2),UINT64_C(0x23477a8d479117fc)},
    {3718,3718,1,3727,3810,0xe08a,2,0,0,0,0,0,UINT64_C(0x0659be4c98bad638),UINT64_C(0x99fd231c00c36cf2),UINT64_C(0xc6699af616cabad1)},
    {3831,3831,1,3842,3865,0xd000,1,0,0,0,0,0,UINT64_C(0x0659be4c98bad638),UINT64_C(0xf0da360f6f70c05d),UINT64_C(0x8f5fec7ac56aa71c)},
    {3831,3831,1,3842,3880,0xd000,2,0,0,0,0,0,UINT64_C(0x0659be4c98bad638),UINT64_C(0xf0da360f6f70c05d),UINT64_C(0xd7a73d582a41ffec)},
    {3903,3903,1,3911,3931,0xd801,1,0,0,0,0,0,UINT64_C(0x0659be4c98bad638),UINT64_C(0xaa588e8e2bac9bee),UINT64_C(0x450e919724a14527)},
    {3943,3943,1,3953,3975,0xc212,1,0,0,0,0,0,UINT64_C(0x0659be4c98bad638),UINT64_C(0xc342a3d273d4c8f6),UINT64_C(0xb02f6ecdec18cd94)},
    {3989,3989,1,3994,4011,0xda11,1,0,0,0,0,0,UINT64_C(0x0659be4c98bad638),UINT64_C(0xf62c29538bb6c70e),UINT64_C(0x4f5004d1681d9b1c)},
    {3989,3989,1,3994,4020,0xda11,2,0,0,0,0,0,UINT64_C(0x0659be4c98bad638),UINT64_C(0xf62c29538bb6c70e),UINT64_C(0x6eea5d730e1c7abe)},
    {4037,4037,1,4055,4085,0x83f6,1,0,0,0,0,0,UINT64_C(0x0659be4c98bad638),UINT64_C(0x8b4964194348dc2e),UINT64_C(0x9636da622fd99cbe)},
    {4107,4121,1,4135,4159,0x8005,1,1,0,15,0,16,UINT64_C(0x0659be4c98bad638),UINT64_C(0xc7fd17eabfa17cc7),UINT64_C(0x51725331d5b1fd46)},
    {4107,4121,1,4135,4177,0x8005,2,1,0,15,16,16,UINT64_C(0x0659be4c98bad638),UINT64_C(0xc7fd17eabfa17cc7),UINT64_C(0x3aee724b776c4bd8)},
    {4203,4217,1,4231,4255,0x8004,1,1,0,15,32,16,UINT64_C(0x0659be4c98bad638),UINT64_C(0x7a4c789d4e916b1f),UINT64_C(0xfb5fc92710dadfff)},
    {4203,4217,1,4231,4273,0x8004,2,1,0,15,48,16,UINT64_C(0x0659be4c98bad638),UINT64_C(0x7a4c789d4e916b1f),UINT64_C(0x30bf150d24fddd50)},
    {4299,4299,1,4315,4343,0x83ce,1,0,0,0,64,0,UINT64_C(0x0659be4c98bad638),UINT64_C(0x86e040b325f68ff4),UINT64_C(0x1c95ea5baf60b4ac)},
    {4299,4299,1,4315,4363,0x83ce,2,0,0,0,64,0,UINT64_C(0x0659be4c98bad638),UINT64_C(0x86e040b325f68ff4),UINT64_C(0x065f536083091fac)},
    {4391,4391,1,4407,4435,0x83c6,1,0,0,0,64,0,UINT64_C(0x0659be4c98bad638),UINT64_C(0x21a57a7ecc0f3119),UINT64_C(0x015d272d5e22a297)},
    {4391,4391,1,4407,4455,0x83c6,2,0,0,0,64,0,UINT64_C(0x0659be4c98bad638),UINT64_C(0x21a57a7ecc0f3119),UINT64_C(0x8d578dacf729d9ab)},
    {4483,4483,1,4496,4521,0x9828,1,0,0,0,64,0,UINT64_C(0x0659be4c98bad638),UINT64_C(0x86a0dbd433856422),UINT64_C(0x780c966cd6b8e2d0)},
    {4538,4538,1,4551,4576,0x9828,2,0,0,0,64,0,UINT64_C(0x0659be4c98bad638),UINT64_C(0x77cf73acbcb611d5),UINT64_C(0x7e1c06c55dcd2586)},
    {4601,4601,1,4612,4635,0x9820,1,0,0,0,64,0,UINT64_C(0x0659be4c98bad638),UINT64_C(0x9c4c05d14c44e9c2),UINT64_C(0x0ecd669c66f832ee)},
    {4601,4601,1,4612,4650,0x9820,2,0,0,0,64,0,UINT64_C(0x0659be4c98bad638),UINT64_C(0x9c4c05d14c44e9c2),UINT64_C(0x6c37736d5995ea52)},
    {4673,4673,1,4685,4709,0x80a4,1,0,0,0,64,0,UINT64_C(0x0659be4c98bad638),UINT64_C(0xea033442ab5411b0),UINT64_C(0x3f61e3a8b19b35ef)},
    {4673,4673,1,4685,4725,0x80a4,2,0,0,0,64,0,UINT64_C(0x0659be4c98bad638),UINT64_C(0xea033442ab5411b0),UINT64_C(0x384a90f0e736fddd)},
    {4749,4763,1,4777,4801,0x8007,1,1,0,15,64,16,UINT64_C(0x0659be4c98bad638),UINT64_C(0x442fef57ab0cc483),UINT64_C(0x6a9d09538b40b016)},
    {4749,4763,1,4777,4819,0x8007,2,1,0,15,80,16,UINT64_C(0x0659be4c98bad638),UINT64_C(0x442fef57ab0cc483),UINT64_C(0xb475de6df5ead899)},
    {4845,4859,1,4873,4897,0x8006,1,1,0,15,96,16,UINT64_C(0x0659be4c98bad638),UINT64_C(0x47dba610af24d55e),UINT64_C(0x984b8fbb70e9b0c5)},
    {4845,4859,1,4873,4915,0x8006,2,1,0,15,112,16,UINT64_C(0x0659be4c98bad638),UINT64_C(0x47dba610af24d55e),UINT64_C(0x69cb9a3eb1372c84)},
    {4941,4941,1,4951,4973,0xd807,1,0,0,0,128,0,UINT64_C(0x0659be4c98bad638),UINT64_C(0x06fd7b6a85aa1ca3),UINT64_C(0x190157df79d2e840)},
    {4987,4987,1,4996,5017,0xc609,1,0,0,0,128,0,UINT64_C(0x1e16d4d31bed6af2),UINT64_C(0x046e918b1fdee47c),UINT64_C(0x86a2ed329a2c0a55)},
    {4987,4987,1,4996,5030,0xc609,2,0,0,0,128,0,UINT64_C(0x1e16d4d31bed6af2),UINT64_C(0x046e918b1fdee47c),UINT64_C(0xef450043e307138b)},
    {5051,4987,1,5061,5017,0xc609,1,2,0,0,128,0,UINT64_C(0x1e16d4d31bed6af2),UINT64_C(0xecab893c5ca0224c),UINT64_C(0x86a2ed329a2c0a55)},
    {5051,4987,1,5061,5030,0xc609,2,2,0,0,128,0,UINT64_C(0x1e16d4d31bed6af2),UINT64_C(0xecab893c5ca0224c),UINT64_C(0xef450043e307138b)},
    {5083,5083,1,5087,5103,0xda15,1,0,0,0,128,0,UINT64_C(0xa7889579c62ab2a5),UINT64_C(0x842f1104d0b37487),UINT64_C(0xaca8780efa24f29b)},
    {5083,5083,1,5087,5111,0xda15,2,0,0,0,128,0,UINT64_C(0xa7889579c62ab2a5),UINT64_C(0x842f1104d0b37487),UINT64_C(0x34a594b73a5cc75b)},
    {5127,5127,1,5135,5155,0xda29,1,0,0,0,128,0,UINT64_C(0x0659be4c98bad638),UINT64_C(0xcc59536dcae6cc32),UINT64_C(0x3977a2a5ee61ad56)},
    {5127,5127,1,5135,5167,0xda29,2,0,0,0,128,0,UINT64_C(0x0659be4c98bad638),UINT64_C(0xcc59536dcae6cc32),UINT64_C(0x27b0093d795dbc45)},
    {5187,5187,1,5197,5219,0xda28,1,0,0,0,128,0,UINT64_C(0x0659be4c98bad638),UINT64_C(0xf906c17066add2d6),UINT64_C(0xcedac8d7895cae1d)},
    {5187,5187,1,5197,5233,0xda28,2,0,0,0,128,0,UINT64_C(0x0659be4c98bad638),UINT64_C(0xf906c17066add2d6),UINT64_C(0x51978342c46d5ac7)},
    {5255,5255,1,5263,5283,0xc201,1,0,0,0,128,0,UINT64_C(0x0659be4c98bad638),UINT64_C(0xca05a9e6e460ef43),UINT64_C(0xc5c60e830c167cdb)},
    {5255,5255,1,5263,5295,0xc201,2,0,0,0,128,0,UINT64_C(0x0659be4c98bad638),UINT64_C(0xca05a9e6e460ef43),UINT64_C(0x97521cef58d880e3)},
    {5315,5255,1,5323,5283,0xc201,1,2,0,0,128,0,UINT64_C(0x3905670921e5df28),UINT64_C(0xd6df2c17fb9ccc02),UINT64_C(0xc5c60e830c167cdb)},
    {5315,5255,1,5323,5295,0xc201,2,2,0,0,128,0,UINT64_C(0x3905670921e5df28),UINT64_C(0xd6df2c17fb9ccc02),UINT64_C(0x97521cef58d880e3)},
    {5255,5343,1,5263,5352,0xea01,1,2,0,0,128,0,UINT64_C(0x3905670921e5df28),UINT64_C(0xca05a9e6e460ef43),UINT64_C(0x565d84da42ca1321)},
    {5255,5343,1,5263,5365,0xea01,2,2,0,0,128,0,UINT64_C(0x3905670921e5df28),UINT64_C(0xca05a9e6e460ef43),UINT64_C(0x451a9abb70d9956a)},
    {5255,5315,1,5263,5386,0xe201,1,2,0,0,128,0,UINT64_C(0x3905670921e5df28),UINT64_C(0xca05a9e6e460ef43),UINT64_C(0x8c330c12acd607ed)},
    {5255,5315,1,5263,5398,0xe201,2,2,0,0,128,0,UINT64_C(0x3905670921e5df28),UINT64_C(0xca05a9e6e460ef43),UINT64_C(0xa3fd840cb5f5ffa7)},
    {5315,5315,1,5323,5386,0xe201,1,0,0,0,128,0,UINT64_C(0x0659be4c98bad638),UINT64_C(0xd6df2c17fb9ccc02),UINT64_C(0x8c330c12acd607ed)},
    {5315,5315,1,5323,5398,0xe201,2,0,0,0,128,0,UINT64_C(0x0659be4c98bad638),UINT64_C(0xd6df2c17fb9ccc02),UINT64_C(0xa3fd840cb5f5ffa7)},
    {5418,5418,1,5429,5452,0xc298,1,0,0,0,128,0,UINT64_C(0x1e16d4d31bed6af2),UINT64_C(0xfc59293f9126eb99),UINT64_C(0xc2b0b2050325a46b)},
    {5467,5467,1,5479,5503,0xc299,1,0,0,0,128,0,UINT64_C(0x1e16d4d31bed6af2),UINT64_C(0xc110aca4b4645a16),UINT64_C(0xd71272f0a0fb5961)},
    {5467,5467,1,5479,5519,0xc299,2,0,0,0,128,0,UINT64_C(0x1e16d4d31bed6af2),UINT64_C(0xc110aca4b4645a16),UINT64_C(0x68fab02ff8c183d9)},
    {5543,5543,1,5555,5579,0xc2a3,1,0,0,0,128,0,UINT64_C(0x1e16d4d31bed6af2),UINT64_C(0xf7f5da611d63725a),UINT64_C(0xbf30eadfc0c7f58c)},
    {5543,5543,1,5555,5595,0xc2a3,2,0,0,0,128,0,UINT64_C(0x1e16d4d31bed6af2),UINT64_C(0xf7f5da611d63725a),UINT64_C(0x1fb57696a7fde0fa)},
    {5619,5619,1,5631,5655,0xc2a1,1,0,0,0,128,0,UINT64_C(0x1e16d4d31bed6af2),UINT64_C(0xeab65ad2f6bd41b4),UINT64_C(0xb9785cc26a1294f5)},
    {5619,5619,1,5631,5671,0xc2a1,2,0,0,0,128,0,UINT64_C(0x1e16d4d31bed6af2),UINT64_C(0xeab65ad2f6bd41b4),UINT64_C(0x4977dd7e439c94f3)},
    {5695,5695,1,5705,5727,0xc2a0,1,0,0,0,128,0,UINT64_C(0x1e16d4d31bed6af2),UINT64_C(0xb821f3ec2a6b6181),UINT64_C(0x97e19ba6087a1f74)},
    {5741,5741,1,5754,5779,0xc2a8,1,0,0,0,128,0,UINT64_C(0x1e16d4d31bed6af2),UINT64_C(0xbbaeb2d983246fc1),UINT64_C(0x9b5a1ffbd9a57724)},
    {5741,5741,1,5754,5796,0xc2a8,2,0,0,0,128,0,UINT64_C(0x1e16d4d31bed6af2),UINT64_C(0xbbaeb2d983246fc1),UINT64_C(0x8e8d883c8286562b)},
    {5821,5821,1,5834,5859,0xc2a9,1,0,0,0,128,0,UINT64_C(0x1e16d4d31bed6af2),UINT64_C(0x6a48eb8c2bd79383),UINT64_C(0x5bb3705be13f3f56)},
    {5821,5821,1,5834,5876,0xc2a9,2,0,0,0,128,0,UINT64_C(0x1e16d4d31bed6af2),UINT64_C(0x6a48eb8c2bd79383),UINT64_C(0x2e686d695a595d76)},
    {5901,5901,1,5915,5941,0xc2a2,1,0,0,0,128,0,UINT64_C(0x1e16d4d31bed6af2),UINT64_C(0x5ad5f1039316b918),UINT64_C(0x3e4e21c454752b0f)},
    {5901,5901,1,5915,5959,0xc2a2,2,0,0,0,128,0,UINT64_C(0x1e16d4d31bed6af2),UINT64_C(0x5ad5f1039316b918),UINT64_C(0xe786ef876211a558)},
    {5985,5985,1,5993,6013,0xc290,1,0,0,0,128,0,UINT64_C(0x0659be4c98bad638),UINT64_C(0x77a4d392450dbc1b),UINT64_C(0x800501563c450dc9)},
    {5985,5985,1,5993,6025,0xc290,2,0,0,0,128,0,UINT64_C(0x0659be4c98bad638),UINT64_C(0x77a4d392450dbc1b),UINT64_C(0xb3e71e667b1fc931)},
    {6045,5985,1,6053,6013,0xc290,1,2,0,0,128,0,UINT64_C(0x0659be4c98bad638),UINT64_C(0x3b2bdca8dfb4ddb3),UINT64_C(0x800501563c450dc9)},
    {6045,5985,1,6053,6025,0xc290,2,2,0,0,128,0,UINT64_C(0x0659be4c98bad638),UINT64_C(0x3b2bdca8dfb4ddb3),UINT64_C(0xb3e71e667b1fc931)},
    {5985,6073,1,5993,6082,0xea90,1,2,0,0,128,0,UINT64_C(0x3905670921e5df28),UINT64_C(0x77a4d392450dbc1b),UINT64_C(0xb696b1b481306b85)},
    {5985,6073,1,5993,6095,0xea90,2,2,0,0,128,0,UINT64_C(0x3905670921e5df28),UINT64_C(0x77a4d392450dbc1b),UINT64_C(0xf5e8e7aa78b6dc59)},
    {5985,6045,1,5993,6116,0xe290,1,2,0,0,128,0,UINT64_C(0x0659be4c98bad638),UINT64_C(0x77a4d392450dbc1b),UINT64_C(0xa2ea9e48ab2d1623)},
    {5985,6045,1,5993,6128,0xe290,2,2,0,0,128,0,UINT64_C(0x0659be4c98bad638),UINT64_C(0x77a4d392450dbc1b),UINT64_C(0x37afbc17358d4ab9)},
    {6045,6045,1,6053,6116,0xe290,1,0,0,0,128,0,UINT64_C(0x0659be4c98bad638),UINT64_C(0x3b2bdca8dfb4ddb3),UINT64_C(0xa2ea9e48ab2d1623)},
    {6045,6045,1,6053,6128,0xe290,2,0,0,0,128,0,UINT64_C(0x0659be4c98bad638),UINT64_C(0x3b2bdca8dfb4ddb3),UINT64_C(0x37afbc17358d4ab9)},
    {6148,6148,1,6156,6176,0xc300,1,0,0,0,128,0,UINT64_C(0x0659be4c98bad638),UINT64_C(0x116963cc36ef23fb),UINT64_C(0x06f29604a56b62ef)},
    {6148,6148,1,6156,6188,0xc300,2,0,0,0,128,0,UINT64_C(0x0659be4c98bad638),UINT64_C(0x116963cc36ef23fb),UINT64_C(0xa939f980859267f3)},
    {6208,6148,1,6216,6176,0xc300,1,2,0,0,128,0,UINT64_C(0x3905670921e5df28),UINT64_C(0xd34ff1c3b4b98a49),UINT64_C(0x06f29604a56b62ef)},
    {6208,6148,1,6216,6188,0xc300,2,2,0,0,128,0,UINT64_C(0x3905670921e5df28),UINT64_C(0xd34ff1c3b4b98a49),UINT64_C(0xa939f980859267f3)},
    {6148,6236,1,6156,6245,0xeb00,1,2,0,0,128,0,UINT64_C(0x3905670921e5df28),UINT64_C(0x116963cc36ef23fb),UINT64_C(0xa9b21789e5754168)},
    {6148,6236,1,6156,6258,0xeb00,2,2,0,0,128,0,UINT64_C(0x3905670921e5df28),UINT64_C(0x116963cc36ef23fb),UINT64_C(0x087bca6b8d548aab)},
    {6148,6208,1,6156,6279,0xe300,1,2,0,0,128,0,UINT64_C(0x3905670921e5df28),UINT64_C(0x116963cc36ef23fb),UINT64_C(0x043fc4a0fdd5c1f7)},
    {6148,6208,1,6156,6291,0xe300,2,2,0,0,128,0,UINT64_C(0x3905670921e5df28),UINT64_C(0x116963cc36ef23fb),UINT64_C(0x8e08086b95943502)},
    {6208,6208,1,6216,6279,0xe300,1,0,0,0,128,0,UINT64_C(0x0659be4c98bad638),UINT64_C(0xd34ff1c3b4b98a49),UINT64_C(0x043fc4a0fdd5c1f7)},
    {6208,6208,1,6216,6291,0xe300,2,0,0,0,128,0,UINT64_C(0x0659be4c98bad638),UINT64_C(0xd34ff1c3b4b98a49),UINT64_C(0x8e08086b95943502)},
    {6311,6311,1,6316,6333,0xda20,1,0,0,0,128,0,UINT64_C(0x0659be4c98bad638),UINT64_C(0xe7c809946738d958),UINT64_C(0x281769bc900b2abb)},
    {6311,6311,1,6316,6342,0xda20,2,0,0,0,128,0,UINT64_C(0x0659be4c98bad638),UINT64_C(0xe7c809946738d958),UINT64_C(0xedfa4b2e17e2f14c)},
    {6359,6359,1,6364,6381,0xda21,1,0,0,0,128,0,UINT64_C(0x0659be4c98bad638),UINT64_C(0x0213bf2d6133fc64),UINT64_C(0x0992ae78736d5a49)},
    {6359,6359,1,6364,6390,0xda21,2,0,0,0,128,0,UINT64_C(0x0659be4c98bad638),UINT64_C(0x0213bf2d6133fc64),UINT64_C(0x99108c468adf10c5)},
    {6407,6407,1,6416,6437,0xe08f,1,0,0,0,128,0,UINT64_C(0x0659be4c98bad638),UINT64_C(0x5175a99a122a3f29),UINT64_C(0x444733e175ef12a4)},
    {6407,6407,1,6416,6450,0xe08f,2,0,0,0,128,0,UINT64_C(0x0659be4c98bad638),UINT64_C(0x5175a99a122a3f29),UINT64_C(0xc32239115ed5902e)},
    {6471,6471,1,6479,6499,0xe088,1,0,0,0,128,0,UINT64_C(0x0659be4c98bad638),UINT64_C(0xd1318ad268e74a4f),UINT64_C(0x7b7708a0f39405c0)},
    {6471,6471,1,6479,6511,0xe088,2,0,0,0,128,0,UINT64_C(0x0659be4c98bad638),UINT64_C(0xd1318ad268e74a4f),UINT64_C(0x9d3c926139fb5187)},
    {6531,6531,1,6541,6563,0xe304,1,0,0,0,128,0,UINT64_C(0x0659be4c98bad638),UINT64_C(0x4a862acc026a6492),UINT64_C(0xe50cb845f9cf02b3)},
    {6531,6531,1,6541,6577,0xe304,2,0,0,0,128,0,UINT64_C(0x0659be4c98bad638),UINT64_C(0x4a862acc026a6492),UINT64_C(0xecf2b02d0277e8d5)},
    {6599,6599,1,6608,6629,0xe08b,1,0,0,0,128,0,UINT64_C(0x0659be4c98bad638),UINT64_C(0xb31ea097ab268fce),UINT64_C(0xcc88c3ccb1b035dd)},
    {6599,6599,1,6608,6642,0xe08b,2,0,0,0,128,0,UINT64_C(0x0659be4c98bad638),UINT64_C(0xb31ea097ab268fce),UINT64_C(0x3d3575cf7c6c1362)},
    {6663,6663,1,6679,6707,0xc02c,1,0,0,0,128,0,UINT64_C(0x0659be4c98bad638),UINT64_C(0x003bc2efc2933a40),UINT64_C(0x46c667953ded6cb9)},
    {6727,6727,1,6743,6771,0xc02d,1,0,0,0,128,0,UINT64_C(0x0659be4c98bad638),UINT64_C(0x9c4fe0f50dc0aecd),UINT64_C(0x067cddfdecd67b66)},
    {6791,6791,1,6807,6835,0xc028,1,0,0,0,128,0,UINT64_C(0x0659be4c98bad638),UINT64_C(0xa9ef542fe08c7e78),UINT64_C(0x301ad789aaa47be3)},
    {6855,6855,1,6871,6899,0xc029,1,0,0,0,128,0,UINT64_C(0x0659be4c98bad638),UINT64_C(0x644a0ca838a7f13f),UINT64_C(0xe3fad4a6923ffb49)},
    {6919,6919,1,6935,6963,0xc02a,1,0,0,0,128,0,UINT64_C(0x0659be4c98bad638),UINT64_C(0x1e8deae1138acc9e),UINT64_C(0x89210e4d61cd8af9)},
    {6983,6983,1,7000,7029,0xc027,1,0,0,0,128,0,UINT64_C(0x0659be4c98bad638),UINT64_C(0x0199703e8ecc861f),UINT64_C(0x5e9f715b3845c007)},
    {7050,7050,1,7067,7096,0xc030,1,0,0,0,128,0,UINT64_C(0x0659be4c98bad638),UINT64_C(0xe53e084538bff88a),UINT64_C(0xe61d162be881e079)},
    {7117,7117,1,7134,7163,0xc031,1,0,0,0,128,0,UINT64_C(0x0659be4c98bad638),UINT64_C(0x6677fb8e424dfb7c),UINT64_C(0x67e89d360e78a942)},
    {7184,7184,1,7201,7230,0xc032,1,0,0,0,128,0,UINT64_C(0x0659be4c98bad638),UINT64_C(0x14053a3b74e329bc),UINT64_C(0x5b641083eda731c8)},
    {7251,7251,1,7268,7297,0xc033,1,0,0,0,128,0,UINT64_C(0x0659be4c98bad638),UINT64_C(0x75530c31a7f166d1),UINT64_C(0xa7f8d6c64dbf851a)},
    {7318,7318,1,7335,7364,0xc038,1,0,0,0,128,0,UINT64_C(0x0659be4c98bad638),UINT64_C(0x0c005d3e3bd7b7a5),UINT64_C(0x4a2d8f4fe705e9e7)},
    {7385,7385,1,7402,7431,0xc039,1,0,0,0,128,0,UINT64_C(0x0659be4c98bad638),UINT64_C(0x1b42579c70adaa78),UINT64_C(0xe8f06b8cdc003525)},
    {7452,7452,1,7469,7498,0xc03a,1,0,0,0,128,0,UINT64_C(0x0659be4c98bad638),UINT64_C(0xb59868f8c0ab5e3e),UINT64_C(0x7026c1f1af81a393)},
    {7519,7519,1,7536,7565,0xc03b,1,0,0,0,128,0,UINT64_C(0x0659be4c98bad638),UINT64_C(0x8c177eea281e1214),UINT64_C(0x8bbe4c4fb2954b5c)},
    {7586,7586,1,7603,7632,0xc03c,1,0,0,0,128,0,UINT64_C(0x0659be4c98bad638),UINT64_C(0xa524b9f427a0a18a),UINT64_C(0x7620efbbe4ac8455)},
    {7653,7653,1,7669,7697,0xc020,1,0,0,0,128,0,UINT64_C(0x0659be4c98bad638),UINT64_C(0x58d7614b883850c3),UINT64_C(0x7a0c4ac4d3978c1c)},
    {7717,7717,1,7733,7761,0xc021,1,0,0,0,128,0,UINT64_C(0x0659be4c98bad638),UINT64_C(0xd42002fa21e2a66d),UINT64_C(0x84b273a3cd976e4a)},
    {7781,7781,1,7797,7825,0xc022,1,0,0,0,128,0,UINT64_C(0x0659be4c98bad638),UINT64_C(0x38cc149cf98e66f6),UINT64_C(0x380df756f9601640)},
    {7845,7845,1,7862,7891,0xc025,1,0,0,0,128,0,UINT64_C(0xe3b0c44298fc1c14),UINT64_C(0x1dcdbbfb2dbe351a),UINT64_C(0x694295aed6fbfaf9)},
    {7912,7912,1,7928,7956,0xc024,1,0,0,0,128,0,UINT64_C(0xe3b0c44298fc1c14),UINT64_C(0x024d49390e7f85c1),UINT64_C(0xc8f1380ae014159f)},
    {7976,7976,1,7988,8012,0xc00b,1,0,0,0,128,0,UINT64_C(0x0659be4c98bad638),UINT64_C(0xe3c00786df624a47),UINT64_C(0xd01c4a54638acbe9)},
    {8028,8028,1,8040,8064,0xc00a,1,0,0,0,128,0,UINT64_C(0x0659be4c98bad638),UINT64_C(0x2321e4220de1ee08),UINT64_C(0xd13b01026fa5e6d4)},
    {8080,8080,1,8092,8116,0xc01d,1,0,0,0,128,0,UINT64_C(0x0659be4c98bad638),UINT64_C(0x7b3945bcb0b1b7e9),UINT64_C(0x1cc00b00be7349bc)},
    {8132,8132,1,8145,8170,0xc010,1,0,0,0,128,0,UINT64_C(0x0659be4c98bad638),UINT64_C(0xe48c0418b2149372),UINT64_C(0x6407713acff93851)},
    {8187,8187,1,8200,8225,0xc011,1,0,0,0,128,0,UINT64_C(0x0659be4c98bad638),UINT64_C(0x8562c55a2a6d0d34),UINT64_C(0x84a5496e833e1565)},
    {8242,8242,1,8255,8280,0xc012,1,0,0,0,128,0,UINT64_C(0x0659be4c98bad638),UINT64_C(0x7ece84ace37cce58),UINT64_C(0xabd4304c949f5547)},
    {8297,8297,1,8310,8335,0xc013,1,0,0,0,128,0,UINT64_C(0x0659be4c98bad638),UINT64_C(0x4dcb42da81d75758),UINT64_C(0xb70ce28cf38f129a)},
    {8352,8352,1,8365,8390,0xc014,1,0,0,0,128,0,UINT64_C(0x0659be4c98bad638),UINT64_C(0xe095476db92882d0),UINT64_C(0x806d407c31cbcad1)},
    {8407,8407,1,8420,8445,0xc015,1,0,0,0,128,0,UINT64_C(0x0659be4c98bad638),UINT64_C(0xf34d2592e8135841),UINT64_C(0x4de1525ce3fbc298)},
    {8462,8462,1,8475,8500,0xc017,1,0,0,0,128,0,UINT64_C(0x0659be4c98bad638),UINT64_C(0x84c07e95ef55560c),UINT64_C(0xcf6bb81bd532af1e)},
    {8517,8517,1,8530,8555,0xc00c,1,0,0,0,128,0,UINT64_C(0x0659be4c98bad638),UINT64_C(0x2e151c95cbe2427f),UINT64_C(0xa8422dfcfa6eecde)},
    {8572,8572,1,8585,8610,0xc00d,1,0,0,0,128,0,UINT64_C(0x0659be4c98bad638),UINT64_C(0x747866cf65be1937),UINT64_C(0x9d8cd7cc7ad75145)},
    {8627,8627,1,8640,8665,0xc00e,1,0,0,0,128,0,UINT64_C(0x0659be4c98bad638),UINT64_C(0xd545f32e863e0835),UINT64_C(0x6b76311ec0e88d77)},
    {8682,8682,1,8695,8720,0xc00f,1,0,0,0,128,0,UINT64_C(0x0659be4c98bad638),UINT64_C(0x4d9859c8b9ac684d),UINT64_C(0xf7f14a60b1af62ba)},
    {8737,8737,1,8750,8775,0xc016,1,0,0,0,128,0,UINT64_C(0x0659be4c98bad638),UINT64_C(0x11d6da1f468550d8),UINT64_C(0x6b19831fd20c3838)},
    {8792,8792,1,8805,8830,0xc01e,1,0,0,0,128,0,UINT64_C(0x0659be4c98bad638),UINT64_C(0xc04f22d1eac45ff9),UINT64_C(0x8d9574f89099d0f6)},
    {8847,8847,1,8859,8883,0xc008,1,0,0,0,128,0,UINT64_C(0x0659be4c98bad638),UINT64_C(0x576b31872856b5bd),UINT64_C(0xeece247d6fb01690)},
    {8899,8899,1,8911,8935,0xc009,1,0,0,0,128,0,UINT64_C(0x0659be4c98bad638),UINT64_C(0xa1268298f27cd2e8),UINT64_C(0x96df79689f939673)},
    {8951,8951,1,8963,8987,0xc01c,1,0,0,0,128,0,UINT64_C(0x0659be4c98bad638),UINT64_C(0x72fb11c41752fbd5),UINT64_C(0xe28ac58a01b1a171)},
    {9003,9003,1,9011,9031,0xc608,1,0,0,0,128,0,UINT64_C(0x0659be4c98bad638),UINT64_C(0x2e85680e92c15b34),UINT64_C(0x4cc2b9bd430cc260)},
    {9043,9043,1,9052,9073,0xc523,1,0,0,0,128,0,UINT64_C(0x3a5307c3d8354f2d),UINT64_C(0x4b44dff204522fd5),UINT64_C(0x1469b74bdd6b7bc4)},
    {9043,9043,1,9052,9086,0xc523,2,0,0,0,128,0,UINT64_C(0x3a5307c3d8354f2d),UINT64_C(0x4b44dff204522fd5),UINT64_C(0x43f5134e2f9237f3)},
    {9107,9107,1,9117,9139,0xc521,1,0,0,0,128,0,UINT64_C(0x3a5307c3d8354f2d),UINT64_C(0xb58cff0141713648),UINT64_C(0x21a2fef19e5cdf28)},
    {9107,9107,1,9117,9153,0xc521,2,0,0,0,128,0,UINT64_C(0x3a5307c3d8354f2d),UINT64_C(0xb58cff0141713648),UINT64_C(0x6472f78614a14450)},
    {9175,9175,1,9185,9207,0xc527,1,0,0,0,128,0,UINT64_C(0x3a5307c3d8354f2d),UINT64_C(0xd2048bce1c9e4cfb),UINT64_C(0xbf450480bb5cb5ff)},
    {9221,9221,1,9230,9251,0xc522,1,0,0,0,128,0,UINT64_C(0x3a5307c3d8354f2d),UINT64_C(0x1004733d726ed3a7),UINT64_C(0x2bda87375b68fbac)},
    {9221,9221,1,9230,9264,0xc522,2,0,0,0,128,0,UINT64_C(0x3a5307c3d8354f2d),UINT64_C(0x1004733d726ed3a7),UINT64_C(0x70e9f596f973840f)},
    {9285,9285,1,9295,9317,0xc520,1,0,0,0,128,0,UINT64_C(0x3a5307c3d8354f2d),UINT64_C(0x620496f2e3c9d0d8),UINT64_C(0x2fda1cbd83a294cb)},
    {9285,9285,1,9295,9331,0xc520,2,0,0,0,128,0,UINT64_C(0x3a5307c3d8354f2d),UINT64_C(0x620496f2e3c9d0d8),UINT64_C(0xd6dd46b78fddcc1e)},
    {9353,9353,1,9362,9383,0xc510,1,0,0,0,128,0,UINT64_C(0x0659be4c98bad638),UINT64_C(0x080f23e92b9c68ba),UINT64_C(0x96a697ac63a0d22b)},
    {9353,9353,1,9362,9396,0xc510,2,0,0,0,128,0,UINT64_C(0x0659be4c98bad638),UINT64_C(0x080f23e92b9c68ba),UINT64_C(0xdbfb2fff89161927)},
    {9417,9353,1,9426,9383,0xc510,1,2,0,0,128,0,UINT64_C(0x0659be4c98bad638),UINT64_C(0xc543013708ab1397),UINT64_C(0x96a697ac63a0d22b)},
    {9417,9353,1,9426,9396,0xc510,2,2,0,0,128,0,UINT64_C(0x0659be4c98bad638),UINT64_C(0xc543013708ab1397),UINT64_C(0xdbfb2fff89161927)},
    {9353,9447,1,9362,9457,0xed10,1,2,0,0,128,0,UINT64_C(0x3905670921e5df28),UINT64_C(0x080f23e92b9c68ba),UINT64_C(0x942e180061c9dbba)},
    {9353,9447,1,9362,9471,0xed10,2,2,0,0,128,0,UINT64_C(0x3905670921e5df28),UINT64_C(0x080f23e92b9c68ba),UINT64_C(0xe5339abc547c2651)},
    {9417,9417,1,9426,9493,0xe510,1,0,0,0,128,0,UINT64_C(0x0659be4c98bad638),UINT64_C(0xc543013708ab1397),UINT64_C(0x453997bbd520a5e1)},
    {9417,9417,1,9426,9506,0xe510,2,0,0,0,128,0,UINT64_C(0x0659be4c98bad638),UINT64_C(0xc543013708ab1397),UINT64_C(0xb49adf9257155467)},
    {9527,9527,1,9539,9563,0x8010,1,0,0,0,128,0,UINT64_C(0x0659be4c98bad638),UINT64_C(0x32c4e4f6a44f43b4),UINT64_C(0x44e8e6c2a305d2bf)},
    {9527,9527,1,9539,9579,0x8010,2,0,0,0,128,0,UINT64_C(0x0659be4c98bad638),UINT64_C(0x32c4e4f6a44f43b4),UINT64_C(0x2cc701e5f7cb611b)},
    {9603,9603,1,9614,9637,0x9808,1,0,0,0,128,0,UINT64_C(0x0659be4c98bad638),UINT64_C(0x133752e9e643ce40),UINT64_C(0xba8700f7da1d1686)},
    {9652,9652,1,9661,9682,0xe089,1,0,0,0,128,0,UINT64_C(0x0659be4c98bad638),UINT64_C(0xe4550fd5e39af261),UINT64_C(0xf3f7aa965296bf18)},
    {9652,9652,1,9661,9695,0xe089,2,0,0,0,128,0,UINT64_C(0x0659be4c98bad638),UINT64_C(0xe4550fd5e39af261),UINT64_C(0x31b667ccafff0d72)},
    {9716,9716,1,9726,9748,0x8080,1,0,0,0,128,0,UINT64_C(0x0659be4c98bad638),UINT64_C(0xab3a2bca999362c8),UINT64_C(0xb643ccfa2550c6a0)},
    {9762,9762,1,9772,9794,0x8012,1,0,0,0,128,0,UINT64_C(0x0659be4c98bad638),UINT64_C(0x7e807d093454305b),UINT64_C(0x1161de2611703d6f)},
    {9762,9762,1,9772,9808,0x8012,2,0,0,0,128,0,UINT64_C(0x0659be4c98bad638),UINT64_C(0x7e807d093454305b),UINT64_C(0x57c8de50a851d51e)},
    {9830,9830,1,9839,9860,0xc000,1,0,0,0,128,0,UINT64_C(0x0659be4c98bad638),UINT64_C(0xb2eb99507997e91a),UINT64_C(0x5b65521f742d71a6)},
    {9873,9830,1,9883,9860,0xc000,1,2,0,0,128,0,UINT64_C(0x0659be4c98bad638),UINT64_C(0x7ae8eb6538919634),UINT64_C(0x5b65521f742d71a6)},
    {9905,9905,1,9915,9937,0xc005,1,0,0,0,128,0,UINT64_C(0x0659be4c98bad638),UINT64_C(0x4abb8d39ba77469d),UINT64_C(0x6ed37610b486a4e7)},
    {9951,9905,1,9962,9937,0xc005,1,2,0,0,128,0,UINT64_C(0x0659be4c98bad638),UINT64_C(0x0ca7215a42ee1cf1),UINT64_C(0x6ed37610b486a4e7)},
    {9985,9985,1,9995,10017,0xc018,1,0,0,0,128,0,UINT64_C(0x0659be4c98bad638),UINT64_C(0x42330c1a3d4db529),UINT64_C(0xde665df92e043f8d)},
    {10031,10031,1,10041,10063,0xc019,1,0,0,0,128,0,UINT64_C(0x0659be4c98bad638),UINT64_C(0x8634fdb89ccd966b),UINT64_C(0xb8afb431231c9ca3)},
    {10077,10077,1,10087,10109,0xc01a,1,0,0,0,128,0,UINT64_C(0x0659be4c98bad638),UINT64_C(0x5a9da4a623acea43),UINT64_C(0x7c1a407e30fa2544)},
    {10123,10123,1,10128,10145,0xda10,1,0,0,0,128,0,UINT64_C(0x0659be4c98bad638),UINT64_C(0x55d73a31302f7976),UINT64_C(0x0c21efd9c56d899c)},
    {10123,10123,1,10128,10154,0xda10,2,0,0,0,128,0,UINT64_C(0x0659be4c98bad638),UINT64_C(0x55d73a31302f7976),UINT64_C(0x80de35cf70af10c4)},
    {10171,10171,1,10181,10203,0x809c,1,0,0,0,128,0,UINT64_C(0x0659be4c98bad638),UINT64_C(0xa86311ee8269357a),UINT64_C(0x93ef71ad1078fc68)},
    {10171,10171,1,10181,10217,0x809c,2,0,0,0,128,0,UINT64_C(0x0659be4c98bad638),UINT64_C(0xa86311ee8269357a),UINT64_C(0xf03b5799e47ba81f)},
    {10239,10239,1,10251,10275,0x8002,1,0,0,0,128,0,UINT64_C(0x0659be4c98bad638),UINT64_C(0xb2f359b812a593b6),UINT64_C(0xb7aa72d1259082d4)},
    {10239,10239,1,10251,10291,0x8002,2,0,0,0,128,0,UINT64_C(0x0659be4c98bad638),UINT64_C(0xb2f359b812a593b6),UINT64_C(0x9b711db00e04ddbf)},
    {10315,10315,1,10327,10351,0x801a,1,0,0,0,128,0,UINT64_C(0x0659be4c98bad638),UINT64_C(0x3a103c33cabccc5a),UINT64_C(0xd2c11886c96e8b90)},
    {10315,10315,1,10327,10367,0x801a,2,0,0,0,128,0,UINT64_C(0x0659be4c98bad638),UINT64_C(0x3a103c33cabccc5a),UINT64_C(0x6cd8ed5ce49e9b17)},
    {10391,10391,1,10402,10425,0x8032,1,0,0,0,128,0,UINT64_C(0x0659be4c98bad638),UINT64_C(0x08f03652334439a4),UINT64_C(0xa884e6968a7dc48d)},
    {10391,10391,1,10402,10440,0x8032,2,0,0,0,128,0,UINT64_C(0x0659be4c98bad638),UINT64_C(0x08f03652334439a4),UINT64_C(0xfda542cb81f38246)},
    {10463,10463,1,10473,10495,0x8084,2,0,0,0,128,0,UINT64_C(0x0659be4c98bad638),UINT64_C(0x5558d66c00fb247c),UINT64_C(0x5d818fcc623fe4f6)},
    {10517,10517,1,10527,10549,0x808c,1,0,0,0,128,0,UINT64_C(0x0659be4c98bad638),UINT64_C(0xcc30e40efba209fc),UINT64_C(0xcb2ed4e03675c415)},
    {10563,10563,1,10567,10583,0xc213,1,0,0,0,128,0,UINT64_C(0xd495f717f7c5573f),UINT64_C(0x01790e9f4d6222ab),UINT64_C(0x345fb9eaab7bcca2)},
    {10563,10563,1,10567,10591,0xc213,2,0,0,0,128,0,UINT64_C(0xd495f717f7c5573f),UINT64_C(0x01790e9f4d6222ab),UINT64_C(0x5abc123c5e12f2e1)},
    {10607,10607,1,10615,10635,0xc3a0,1,0,0,0,128,0,UINT64_C(0x0659be4c98bad638),UINT64_C(0xfc60e9474c155e44),UINT64_C(0x0d53dccc80b66d34)},
    {10607,10607,1,10615,10647,0xc3a0,2,0,0,0,128,0,UINT64_C(0x0659be4c98bad638),UINT64_C(0xfc60e9474c155e44),UINT64_C(0x9d59dec62b23e010)},
    {10667,10667,1,10678,10701,0xc006,1,0,0,0,128,0,UINT64_C(0x0659be4c98bad638),UINT64_C(0x6836d99c24e682ee),UINT64_C(0xa4bf7e7447b439db)},
    {10716,10716,1,10724,10744,0xc602,1,0,0,0,128,0,UINT64_C(0x85fa5d6ae52e21c5),UINT64_C(0xe63e5469cef955f2),UINT64_C(0xab10bac0db32d468)},
    {10716,10716,1,10724,10756,0xc602,2,0,0,0,128,0,UINT64_C(0x85fa5d6ae52e21c5),UINT64_C(0xe63e5469cef955f2),UINT64_C(0x4755fc131c123bf6)},
    {10776,10776,1,10784,10804,0xe602,1,0,0,0,128,0,UINT64_C(0x840767d5ded47286),UINT64_C(0x869ce6ac73050771),UINT64_C(0x33ce852edf7c7499)},
    {10776,10776,1,10784,10816,0xe602,2,0,0,0,128,0,UINT64_C(0x840767d5ded47286),UINT64_C(0x869ce6ac73050771),UINT64_C(0xd7af76e682d58238)},
    {10836,10836,1,10846,10868,0xc601,1,0,0,0,128,0,UINT64_C(0x85fa5d6ae52e21c5),UINT64_C(0x8bf5b94427b059a2),UINT64_C(0xb4af32a80e4a6e4c)},
    {10882,10882,1,10892,10914,0xe601,1,0,0,0,128,0,UINT64_C(0x840767d5ded47286),UINT64_C(0xdb97b7bbbbefa9fb),UINT64_C(0xe687d1db57f6e28b)},
    {10928,10953,1,10980,11009,0x0000,1,7,0,0,128,0,UINT64_C(0x0659be4c98bad638),UINT64_C(0x192eec335e0187d5),UINT64_C(0x3e96e3ec261c00e8)},
    {10928,10953,1,10980,11040,0x0000,2,7,0,0,128,0,UINT64_C(0x0659be4c98bad638),UINT64_C(0x192eec335e0187d5),UINT64_C(0xa48ce6f1ee97c297)},
    {11079,11079,1,11089,11111,0xc080,1,0,0,0,128,0,UINT64_C(0x0659be4c98bad638),UINT64_C(0x75f67964e4376e5b),UINT64_C(0xbc5da4ec474a67d6)},
    {11079,11079,1,11089,11125,0xc080,2,0,0,0,128,0,UINT64_C(0x0659be4c98bad638),UINT64_C(0x75f67964e4376e5b),UINT64_C(0x5163be46eecc7292)},
    {11147,11079,1,11157,11111,0xc080,1,2,0,0,128,0,UINT64_C(0x3905670921e5df28),UINT64_C(0xb023c3dc809a4528),UINT64_C(0xbc5da4ec474a67d6)},
    {11147,11079,1,11157,11125,0xc080,2,2,0,0,128,0,UINT64_C(0x3905670921e5df28),UINT64_C(0xb023c3dc809a4528),UINT64_C(0x5163be46eecc7292)},
    {11079,11179,1,11089,11190,0xe880,1,2,0,0,128,0,UINT64_C(0x3905670921e5df28),UINT64_C(0x75f67964e4376e5b),UINT64_C(0x5b0c790e7295c32d)},
    {11079,11179,1,11089,11205,0xe880,2,2,0,0,128,0,UINT64_C(0x3905670921e5df28),UINT64_C(0x75f67964e4376e5b),UINT64_C(0x1dc697335550a76f)},
    {11147,11147,1,11157,11228,0xe080,1,0,0,0,128,0,UINT64_C(0x0659be4c98bad638),UINT64_C(0xb023c3dc809a4528),UINT64_C(0xfcb734d298b8f688)},
    {11147,11147,1,11157,11242,0xe080,2,0,0,0,128,0,UINT64_C(0x0659be4c98bad638),UINT64_C(0xb023c3dc809a4528),UINT64_C(0xdac08f448cb127c8)},
    {11264,11264,1,11273,11294,0xc200,1,0,0,0,128,0,UINT64_C(0x0659be4c98bad638),UINT64_C(0x09e2babe706345d7),UINT64_C(0xf7b2fb3ab25e4424)},
    {11264,11264,1,11273,11307,0xc200,2,0,0,0,128,0,UINT64_C(0x0659be4c98bad638),UINT64_C(0x09e2babe706345d7),UINT64_C(0x9948a6251f6de119)},
    {11328,11264,1,11337,11294,0xc200,1,2,0,0,128,0,UINT64_C(0x3905670921e5df28),UINT64_C(0x666325041fd373c9),UINT64_C(0xf7b2fb3ab25e4424)},
    {11328,11264,1,11337,11307,0xc200,2,2,0,0,128,0,UINT64_C(0x3905670921e5df28),UINT64_C(0x666325041fd373c9),UINT64_C(0x9948a6251f6de119)},
    {11264,11358,1,11273,11368,0xea00,1,2,0,0,128,0,UINT64_C(0x3905670921e5df28),UINT64_C(0x09e2babe706345d7),UINT64_C(0xcd287f53c0fc0f07)},
    {11264,11358,1,11273,11382,0xea00,2,2,0,0,128,0,UINT64_C(0x3905670921e5df28),UINT64_C(0x09e2babe706345d7),UINT64_C(0x970a53f9a42143da)},
    {11264,11328,1,11273,11404,0xe200,1,2,0,0,128,0,UINT64_C(0x3905670921e5df28),UINT64_C(0x09e2babe706345d7),UINT64_C(0x25fe8b62db85e5cf)},
    {11264,11328,1,11273,11417,0xe200,2,2,0,0,128,0,UINT64_C(0x3905670921e5df28),UINT64_C(0x09e2babe706345d7),UINT64_C(0x350640acc31d056b)},
    {11328,11328,1,11337,11404,0xe200,1,0,0,0,128,0,UINT64_C(0x0659be4c98bad638),UINT64_C(0x666325041fd373c9),UINT64_C(0x25fe8b62db85e5cf)},
    {11328,11328,1,11337,11417,0xe200,2,0,0,0,128,0,UINT64_C(0x0659be4c98bad638),UINT64_C(0x666325041fd373c9),UINT64_C(0x350640acc31d056b)},
    {11438,11438,1,11447,11468,0xe219,1,0,0,0,128,0,UINT64_C(0x0659be4c98bad638),UINT64_C(0xea2146afe6e62782),UINT64_C(0x3e9e30afafb2bc3c)},
    {11438,11438,1,11447,11481,0xe219,2,0,0,0,128,0,UINT64_C(0x0659be4c98bad638),UINT64_C(0xea2146afe6e62782),UINT64_C(0xeee1b501d4d15738)},
    {11502,11502,1,11511,11532,0xe21b,1,0,0,0,128,0,UINT64_C(0x0659be4c98bad638),UINT64_C(0x7e3c499825004ad5),UINT64_C(0xdc53e067f84436b6)},
    {11502,11502,1,11511,11545,0xe21b,2,0,0,0,128,0,UINT64_C(0x0659be4c98bad638),UINT64_C(0x7e3c499825004ad5),UINT64_C(0x601408d733499d67)},
    {11566,11566,1,11575,11596,0xe218,1,0,0,0,128,0,UINT64_C(0x0659be4c98bad638),UINT64_C(0x19ac5eac0bb20015),UINT64_C(0x0e6af2391c246cca)},
    {11566,11566,1,11575,11609,0xe218,2,0,0,0,128,0,UINT64_C(0x0659be4c98bad638),UINT64_C(0x19ac5eac0bb20015),UINT64_C(0xa525cae4211c2d4e)},
    {11630,11630,1,11639,11660,0xe21a,1,0,0,0,128,0,UINT64_C(0x0659be4c98bad638),UINT64_C(0x1962cdc6b39c8113),UINT64_C(0x9ea4b34f0290679e)},
    {11630,11630,1,11639,11673,0xe21a,2,0,0,0,128,0,UINT64_C(0x0659be4c98bad638),UINT64_C(0x1962cdc6b39c8113),UINT64_C(0x0edf80286174f2b9)},
    {11694,11694,1,11700,11718,0xc210,1,0,0,0,128,0,UINT64_C(0x0659be4c98bad638),UINT64_C(0x0b9785c979c0dc67),UINT64_C(0x27cf861f430ece4e)},
    {11694,11694,1,11700,11728,0xc210,2,0,0,0,128,0,UINT64_C(0x0659be4c98bad638),UINT64_C(0x0b9785c979c0dc67),UINT64_C(0x4322bb7762d3818e)},
    {11746,11746,1,11753,11772,0xc208,1,0,0,0,128,0,UINT64_C(0x0659be4c98bad638),UINT64_C(0x1b8764d2a38a6590),UINT64_C(0xa543052c4c189932)},
    {11746,11746,1,11753,11783,0xc208,2,0,0,0,128,0,UINT64_C(0x0659be4c98bad638),UINT64_C(0x1b8764d2a38a6590),UINT64_C(0xb808d5d284390ffb)},
    {11802,11802,1,11809,11828,0xe208,1,0,0,0,128,0,UINT64_C(0x0659be4c98bad638),UINT64_C(0xb1cedf335f72f4b0),UINT64_C(0xab2749f3fec76d19)},
    {11802,11802,1,11809,11839,0xe208,2,0,0,0,128,0,UINT64_C(0x0659be4c98bad638),UINT64_C(0xb1cedf335f72f4b0),UINT64_C(0x6634ff1391c858a4)},
    {11858,11858,1,11865,11884,0xf208,1,0,0,0,128,0,UINT64_C(0x0659be4c98bad638),UINT64_C(0xbbbcb7b1e57b09fd),UINT64_C(0x7766d0ad5c725adc)},
    {11858,11858,1,11865,11895,0xf208,2,0,0,0,128,0,UINT64_C(0x0659be4c98bad638),UINT64_C(0xbbbcb7b1e57b09fd),UINT64_C(0x520aec20bf79e9f9)},
    {11914,11914,1,11922,11942,0xc102,1,0,0,0,128,0,UINT64_C(0x0659be4c98bad638),UINT64_C(0xd12b9ebc7d7b9858),UINT64_C(0xf19a9113a752710f)},
    {11914,11914,1,11922,11954,0xc102,2,0,0,0,128,0,UINT64_C(0x0659be4c98bad638),UINT64_C(0xd12b9ebc7d7b9858),UINT64_C(0xdb8e3565a8ead72e)},
    {11974,11914,1,11982,11942,0xc102,1,2,0,0,128,0,UINT64_C(0x3905670921e5df28),UINT64_C(0x94fa11fc9d635a4f),UINT64_C(0xf19a9113a752710f)},
    {11974,11914,1,11982,11954,0xc102,2,2,0,0,128,0,UINT64_C(0x3905670921e5df28),UINT64_C(0x94fa11fc9d635a4f),UINT64_C(0xdb8e3565a8ead72e)},
    {11914,12002,1,11922,12011,0xe902,1,2,0,0,128,0,UINT64_C(0x3905670921e5df28),UINT64_C(0xd12b9ebc7d7b9858),UINT64_C(0xe823e723f006c783)},
    {11914,12002,1,11922,12024,0xe902,2,2,0,0,128,0,UINT64_C(0x3905670921e5df28),UINT64_C(0xd12b9ebc7d7b9858),UINT64_C(0x8bf90026b934ea73)},
    {11974,11974,1,11982,12045,0xe102,1,0,0,0,128,0,UINT64_C(0x0659be4c98bad638),UINT64_C(0x94fa11fc9d635a4f),UINT64_C(0x5c889f82e1c6e235)},
    {11974,11974,1,11982,12057,0xe102,2,0,0,0,128,0,UINT64_C(0x0659be4c98bad638),UINT64_C(0x94fa11fc9d635a4f),UINT64_C(0x0ecdf3628d13e9d6)},
    {12077,12077,1,12089,12113,0xde83,1,0,0,0,128,0,UINT64_C(0x0659be4c98bad638),UINT64_C(0xe38d8085902a59d6),UINT64_C(0x8ed888889ecfeb59)},
    {12077,12077,1,12089,12129,0xde83,2,0,0,0,128,0,UINT64_C(0x0659be4c98bad638),UINT64_C(0xe38d8085902a59d6),UINT64_C(0x3f33d140303922b1)},
    {12153,12153,1,12163,12185,0xde82,1,0,0,0,128,0,UINT64_C(0x0659be4c98bad638),UINT64_C(0x9c43e51011ad3a58),UINT64_C(0x20aa25c8e7e10458)},
    {12153,12153,1,12163,12199,0xde82,2,0,0,0,128,0,UINT64_C(0x0659be4c98bad638),UINT64_C(0x9c43e51011ad3a58),UINT64_C(0x88b1bf36f3274a55)},
    {12221,12221,1,12231,12253,0xc684,1,0,0,0,128,0,UINT64_C(0x0659be4c98bad638),UINT64_C(0xdfb86923ba44ed97),UINT64_C(0x36829b2a83206f43)},
    {12221,12221,1,12231,12267,0xc684,2,0,0,0,128,0,UINT64_C(0x0659be4c98bad638),UINT64_C(0xdfb86923ba44ed97),UINT64_C(0xd5f730a88ee45dda)},
    {12289,12289,1,12299,12321,0xe682,1,0,0,0,128,0,UINT64_C(0x0659be4c98bad638),UINT64_C(0x5764574684dc497f),UINT64_C(0x5659e20358aea6cf)},
    {12289,12289,1,12299,12335,0xe682,2,0,0,0,128,0,UINT64_C(0x0659be4c98bad638),UINT64_C(0x5764574684dc497f),UINT64_C(0x3a2f7e9604c34e39)},
    {12357,12357,1,12367,12389,0xc100,1,0,0,0,128,0,UINT64_C(0x0659be4c98bad638),UINT64_C(0x5fd7fd31dcea8b43),UINT64_C(0x38b820c60dbad586)},
    {12357,12357,1,12367,12403,0xc100,2,0,0,0,128,0,UINT64_C(0x0659be4c98bad638),UINT64_C(0x5fd7fd31dcea8b43),UINT64_C(0xa03409b48be6ad17)},
    {12425,12357,1,12435,12389,0xc100,1,2,0,0,128,0,UINT64_C(0x0659be4c98bad638),UINT64_C(0x5fc5788b69641615),UINT64_C(0x38b820c60dbad586)},
    {12425,12357,1,12435,12403,0xc100,2,2,0,0,128,0,UINT64_C(0x0659be4c98bad638),UINT64_C(0x5fc5788b69641615),UINT64_C(0xa03409b48be6ad17)},
    {12357,12457,1,12367,12468,0xe900,1,2,0,0,128,0,UINT64_C(0x3905670921e5df28),UINT64_C(0x5fd7fd31dcea8b43),UINT64_C(0x292259208fbeceb6)},
    {12357,12457,1,12367,12483,0xe900,2,2,0,0,128,0,UINT64_C(0x3905670921e5df28),UINT64_C(0x5fd7fd31dcea8b43),UINT64_C(0x9a5c706cc6342ddb)},
    {12425,12425,1,12435,12506,0xe100,1,0,0,0,128,0,UINT64_C(0x0659be4c98bad638),UINT64_C(0x5fc5788b69641615),UINT64_C(0xa9af15c2fa6b16e5)},
    {12425,12425,1,12435,12520,0xe100,2,0,0,0,128,0,UINT64_C(0x0659be4c98bad638),UINT64_C(0x5fc5788b69641615),UINT64_C(0x79cc32302600093e)},
    {12542,12542,1,12552,12574,0xc101,1,0,0,0,128,0,UINT64_C(0x0659be4c98bad638),UINT64_C(0x80adaaddce08dd44),UINT64_C(0xaf1900d521ef0804)},
    {12542,12542,1,12552,12588,0xc101,2,0,0,0,128,0,UINT64_C(0x0659be4c98bad638),UINT64_C(0x80adaaddce08dd44),UINT64_C(0xe244793f823d6e4e)},
    {12610,12542,1,12620,12574,0xc101,1,2,0,0,128,0,UINT64_C(0x7fda1f6d620cf550),UINT64_C(0xa3ce62f886f8405d),UINT64_C(0xaf1900d521ef0804)},
    {12610,12542,1,12620,12588,0xc101,2,2,0,0,128,0,UINT64_C(0x7fda1f6d620cf550),UINT64_C(0xa3ce62f886f8405d),UINT64_C(0xe244793f823d6e4e)},
    {12542,12642,1,12552,12653,0xe901,1,2,0,0,128,0,UINT64_C(0x3905670921e5df28),UINT64_C(0x80adaaddce08dd44),UINT64_C(0x3397ff27054e7d3d)},
    {12542,12642,1,12552,12668,0xe901,2,2,0,0,128,0,UINT64_C(0x3905670921e5df28),UINT64_C(0x80adaaddce08dd44),UINT64_C(0xb8bcab9ae4645e4a)},
    {12610,12610,1,12620,12691,0xe101,1,0,0,0,128,0,UINT64_C(0x7fda1f6d620cf550),UINT64_C(0xa3ce62f886f8405d),UINT64_C(0xbb1850b131072e01)},
    {12610,12610,1,12620,12705,0xe101,2,0,0,0,128,0,UINT64_C(0x7fda1f6d620cf550),UINT64_C(0xa3ce62f886f8405d),UINT64_C(0xf1dc1af9520f9d95)},
    {12727,12727,1,12731,12747,0xc214,1,0,0,0,128,0,UINT64_C(0xf0d896b9302abb8d),UINT64_C(0x4d86cf58bc00a374),UINT64_C(0x20362fbc450c7b66)},
    {12727,12727,1,12731,12755,0xc214,2,0,0,0,128,0,UINT64_C(0xf0d896b9302abb8d),UINT64_C(0x4d86cf58bc00a374),UINT64_C(0xf7b125f7ce816d9e)},
    {12771,12771,1,12780,12801,0xc600,1,0,0,0,128,0,UINT64_C(0x0659be4c98bad638),UINT64_C(0x157a137ac7d82061),UINT64_C(0x9475fba992bfe55e)},
    {12771,12771,1,12780,12814,0xc600,2,0,0,0,128,0,UINT64_C(0x0659be4c98bad638),UINT64_C(0x157a137ac7d82061),UINT64_C(0x3b4dd07d969fa79f)},
    {12835,12771,1,12844,12801,0xc600,1,2,0,0,128,0,UINT64_C(0x3905670921e5df28),UINT64_C(0x3ebaf288df99aaa9),UINT64_C(0x9475fba992bfe55e)},
    {12835,12771,1,12844,12814,0xc600,2,2,0,0,128,0,UINT64_C(0x3905670921e5df28),UINT64_C(0x3ebaf288df99aaa9),UINT64_C(0x3b4dd07d969fa79f)},
    {12771,12865,1,12780,12875,0xee00,1,2,0,0,128,0,UINT64_C(0x3905670921e5df28),UINT64_C(0x157a137ac7d82061),UINT64_C(0xcd1be1bbb017686f)},
    {12771,12865,1,12780,12889,0xee00,2,2,0,0,128,0,UINT64_C(0x3905670921e5df28),UINT64_C(0x157a137ac7d82061),UINT64_C(0x3761b8e1421ca2af)},
    {12835,12835,1,12844,12911,0xe600,1,0,0,0,128,0,UINT64_C(0x0659be4c98bad638),UINT64_C(0x3ebaf288df99aaa9),UINT64_C(0x4577ca2a0ff11f6f)},
    {12835,12835,1,12844,12924,0xe600,2,0,0,0,128,0,UINT64_C(0x0659be4c98bad638),UINT64_C(0x3ebaf288df99aaa9),UINT64_C(0x669fb9e9cf639f3e)},
    {5051,5051,1,5061,12945,0xe609,1,0,0,0,128,0,UINT64_C(0x1e16d4d31bed6af2),UINT64_C(0xecab893c5ca0224c),UINT64_C(0xf6ec22edacee1c4e)},
    {5051,5051,1,5061,12959,0xe609,2,0,0,0,128,0,UINT64_C(0x1e16d4d31bed6af2),UINT64_C(0xecab893c5ca0224c),UINT64_C(0x34a39a2363055e7a)},
    {9951,9951,1,9962,12981,0xe005,1,0,0,0,128,0,UINT64_C(0x0659be4c98bad638),UINT64_C(0x0ca7215a42ee1cf1),UINT64_C(0xf3f62b78bfb606a8)},
    {9951,9951,1,9962,12996,0xe005,2,0,0,0,128,0,UINT64_C(0x0659be4c98bad638),UINT64_C(0x0ca7215a42ee1cf1),UINT64_C(0x04a59a96b683ddd4)},
    {9873,9873,1,9883,13019,0xe000,1,0,0,0,128,0,UINT64_C(0x0659be4c98bad638),UINT64_C(0x7ae8eb6538919634),UINT64_C(0xd062073e608ac738)},
    {9873,9873,1,9883,13033,0xe000,2,0,0,0,128,0,UINT64_C(0x0659be4c98bad638),UINT64_C(0x7ae8eb6538919634),UINT64_C(0x2102239697e55430)},
    {13055,13055,1,13065,13087,0xe293,1,0,0,0,128,0,UINT64_C(0x1e16d4d31bed6af2),UINT64_C(0x487f2f1eb8a3a665),UINT64_C(0x2450823498fca5b3)},
    {13055,13055,1,13065,13101,0xe293,2,0,0,0,128,0,UINT64_C(0x1e16d4d31bed6af2),UINT64_C(0x487f2f1eb8a3a665),UINT64_C(0x46a6c3825464a0a5)},
    {13123,13123,1,13132,13153,0xe10a,1,0,0,0,128,0,UINT64_C(0x0659be4c98bad638),UINT64_C(0xa21977e975bef8c6),UINT64_C(0x76c25f215bc2623e)},
    {13123,13123,1,13132,13166,0xe10a,2,0,0,0,128,0,UINT64_C(0x0659be4c98bad638),UINT64_C(0xa21977e975bef8c6),UINT64_C(0xee2ec48996d238fd)},
    {13187,13187,1,13197,13219,0xe108,1,0,0,0,128,0,UINT64_C(0x0659be4c98bad638),UINT64_C(0x5a3f170046c0c295),UINT64_C(0xa62674529dfc6a90)},
    {13187,13187,1,13197,13233,0xe108,2,0,0,0,128,0,UINT64_C(0x0659be4c98bad638),UINT64_C(0x5a3f170046c0c295),UINT64_C(0x88889e522f1c9215)},
};
#define BUSTER_A64_SYSREG_GENERATED_ROW_COUNT ((u32)(sizeof(buster_a64_sysreg_generated_rows)/sizeof(buster_a64_sysreg_generated_rows[0])))
#define BUSTER_A64_SYSREG_PARAMETER_ENCODING_COUNT ((u32)(sizeof(buster_a64_sysreg_generated_parameter_encodings)/sizeof(buster_a64_sysreg_generated_parameter_encodings[0])))
#define BUSTER_A64_SYSREG_GENERATED_POOL_SIZE ((u32)(sizeof(buster_a64_sysreg_generated_pool)))
BUSTER_CT_CHECK(BUSTER_A64_SYSREG_GENERATED_ROW_COUNT == BUSTER_A64_SYSREG_ACCEPTED_MECHANISM_COUNT);
BUSTER_CT_CHECK(BUSTER_A64_SYSREG_GENERATED_POOL_SIZE > 0);
