/* Generated by generate_aarch64_complex_simd.py; do not edit. */
#ifndef BUSTER_AARCH64_COMPLEX_SIMD_GENERATED_H
#define BUSTER_AARCH64_COMPLEX_SIMD_GENERATED_H

#include <buster/lib/base.h>

#define BUSTER_A64_COMPLEX_SIMD_SCHEMA_VERSION 1u
#define BUSTER_A64_COMPLEX_SIMD_ROW_COUNT 345u
#define BUSTER_A64_COMPLEX_SIMD_TRANSFORM_ROW_COUNT 206u
#define BUSTER_A64_COMPLEX_SIMD_MAX_OPERANDS 8u
#define BUSTER_A64_COMPLEX_SIMD_ARRANGEMENT_BINDING_NONE 255u
#define BUSTER_A64_COMPLEX_SIMD_ARRANGEMENT_BINDING_COUNT 352u
#define BUSTER_A64_COMPLEX_SIMD_EXECUTABLE_ROW_COUNT 345u
#define BUSTER_A64_COMPLEX_SIMD_FEATURE_GATED_ROW_COUNT 345u
#define BUSTER_A64_COMPLEX_SIMD_CMODE_LOGICAL_SLICE_COUNT 8u
#define BUSTER_A64_COMPLEX_SIMD_LITERAL_CONTROL_OVERLAP_COUNT 3u
#define BUSTER_A64_COMPLEX_SIMD_DENOMINATOR_SHA256 "b186dfa380b7067e23f007df9d5b78d0a21130e89886e6c1ede4379885fed0c5"
#define BUSTER_A64_COMPLEX_SIMD_CANONICAL_SHA256 "8485c5c61835d5394d325757ab2964890e8bdfea304c6faa8fd4c23e4c7aabec"
#define BUSTER_A64_COMPLEX_SIMD_STRING_POOL_SIZE 21079u

typedef struct BusterA64ComplexSIMDGeneratedRow BusterA64ComplexSIMDGeneratedRow;
struct BusterA64ComplexSIMDGeneratedRow
{
    u32 row_index;
    u32 semantic_form_id;
    u64 source_digest;
    u32 id_offset;
    u16 id_length;
    u32 assembly_offset;
    u16 assembly_length;
    u8 operand_count;
    u8 executable;
};
BUSTER_CT_CHECK(sizeof(BusterA64ComplexSIMDGeneratedRow) == 32);

typedef struct BusterA64ComplexSIMDGeneratedArrangementBinding BusterA64ComplexSIMDGeneratedArrangementBinding;
struct BusterA64ComplexSIMDGeneratedArrangementBinding
{
    u8 selector_index;
    s8 direction;
};
BUSTER_CT_CHECK(sizeof(BusterA64ComplexSIMDGeneratedArrangementBinding) == 2);

static const char8 buster_a64_complex_simd_generated_string_pool[] = {
0x61, 0x72, 0x6d, 0x2d, 0x61, 0x36, 0x34, 0x40, 0x32, 0x30, 0x32, 0x36, 0x2d, 0x30, 0x36, 0x3a, 0x41, 0x44, 0x44, 0x48, 0x4e, 0x5f, 0x61, 0x73, 0x69, 0x6d, 0x64, 0x64, 0x69, 0x66, 0x66, 0x5f,
0x4e, 0x41, 0x44, 0x44, 0x48, 0x4e, 0x7b, 0x32, 0x7d, 0x20, 0x3c, 0x56, 0x64, 0x3e, 0x2e, 0x3c, 0x54, 0x62, 0x3e, 0x2c, 0x20, 0x3c, 0x56, 0x6e, 0x3e, 0x2e, 0x3c, 0x54, 0x61, 0x3e, 0x2c, 0x20,
0x3c, 0x56, 0x6d, 0x3e, 0x2e, 0x3c, 0x54, 0x61, 0x3e, 0x61, 0x72, 0x6d, 0x2d, 0x61, 0x36, 0x34, 0x40, 0x32, 0x30, 0x32, 0x36, 0x2d, 0x30, 0x36, 0x3a, 0x42, 0x49, 0x43, 0x5f, 0x61, 0x73, 0x69,
0x6d, 0x64, 0x69, 0x6d, 0x6d, 0x5f, 0x4c, 0x5f, 0x68, 0x6c, 0x42, 0x49, 0x43, 0x20, 0x3c, 0x56, 0x64, 0x3e, 0x2e, 0x3c, 0x54, 0x3e, 0x2c, 0x20, 0x23, 0x3c, 0x69, 0x6d, 0x6d, 0x38, 0x3e, 0x7b,
0x2c, 0x20, 0x4c, 0x53, 0x4c, 0x20, 0x23, 0x3c, 0x61, 0x6d, 0x6f, 0x75, 0x6e, 0x74, 0x3e, 0x7d, 0x61, 0x72, 0x6d, 0x2d, 0x61, 0x36, 0x34, 0x40, 0x32, 0x30, 0x32, 0x36, 0x2d, 0x30, 0x36, 0x3a,
0x42, 0x49, 0x43, 0x5f, 0x61, 0x73, 0x69, 0x6d, 0x64, 0x69, 0x6d, 0x6d, 0x5f, 0x4c, 0x5f, 0x73, 0x6c, 0x61, 0x72, 0x6d, 0x2d, 0x61, 0x36, 0x34, 0x40, 0x32, 0x30, 0x32, 0x36, 0x2d, 0x30, 0x36,
0x3a, 0x43, 0x4d, 0x45, 0x51, 0x5f, 0x61, 0x73, 0x69, 0x6d, 0x64, 0x6d, 0x69, 0x73, 0x63, 0x5f, 0x5a, 0x43, 0x4d, 0x45, 0x51, 0x20, 0x3c, 0x56, 0x64, 0x3e, 0x2e, 0x3c, 0x54, 0x3e, 0x2c, 0x20,
0x3c, 0x56, 0x6e, 0x3e, 0x2e, 0x3c, 0x54, 0x3e, 0x2c, 0x20, 0x23, 0x30, 0x61, 0x72, 0x6d, 0x2d, 0x61, 0x36, 0x34, 0x40, 0x32, 0x30, 0x32, 0x36, 0x2d, 0x30, 0x36, 0x3a, 0x43, 0x4d, 0x45, 0x51,
0x5f, 0x61, 0x73, 0x69, 0x73, 0x64, 0x6d, 0x69, 0x73, 0x63, 0x5f, 0x5a, 0x43, 0x4d, 0x45, 0x51, 0x20, 0x44, 0x3c, 0x64, 0x3e, 0x2c, 0x20, 0x44, 0x3c, 0x6e, 0x3e, 0x2c, 0x20, 0x23, 0x30, 0x61,
0x72, 0x6d, 0x2d, 0x61, 0x36, 0x34, 0x40, 0x32, 0x30, 0x32, 0x36, 0x2d, 0x30, 0x36, 0x3a, 0x43, 0x4d, 0x47, 0x45, 0x5f, 0x61, 0x73, 0x69, 0x6d, 0x64, 0x6d, 0x69, 0x73, 0x63, 0x5f, 0x5a, 0x43,
0x4d, 0x47, 0x45, 0x20, 0x3c, 0x56, 0x64, 0x3e, 0x2e, 0x3c, 0x54, 0x3e, 0x2c, 0x20, 0x3c, 0x56, 0x6e, 0x3e, 0x2e, 0x3c, 0x54, 0x3e, 0x2c, 0x20, 0x23, 0x30, 0x61, 0x72, 0x6d, 0x2d, 0x61, 0x36,
0x34, 0x40, 0x32, 0x30, 0x32, 0x36, 0x2d, 0x30, 0x36, 0x3a, 0x43, 0x4d, 0x47, 0x45, 0x5f, 0x61, 0x73, 0x69, 0x73, 0x64, 0x6d, 0x69, 0x73, 0x63, 0x5f, 0x5a, 0x43, 0x4d, 0x47, 0x45, 0x20, 0x44,
0x3c, 0x64, 0x3e, 0x2c, 0x20, 0x44, 0x3c, 0x6e, 0x3e, 0x2c, 0x20, 0x23, 0x30, 0x61, 0x72, 0x6d, 0x2d, 0x61, 0x36, 0x34, 0x40, 0x32, 0x30, 0x32, 0x36, 0x2d, 0x30, 0x36, 0x3a, 0x43, 0x4d, 0x47,
0x54, 0x5f, 0x61, 0x73, 0x69, 0x6d, 0x64, 0x6d, 0x69, 0x73, 0x63, 0x5f, 0x5a, 0x43, 0x4d, 0x47, 0x54, 0x20, 0x3c, 0x56, 0x64, 0x3e, 0x2e, 0x3c, 0x54, 0x3e, 0x2c, 0x20, 0x3c, 0x56, 0x6e, 0x3e,
0x2e, 0x3c, 0x54, 0x3e, 0x2c, 0x20, 0x23, 0x30, 0x61, 0x72, 0x6d, 0x2d, 0x61, 0x36, 0x34, 0x40, 0x32, 0x30, 0x32, 0x36, 0x2d, 0x30, 0x36, 0x3a, 0x43, 0x4d, 0x47, 0x54, 0x5f, 0x61, 0x73, 0x69,
0x73, 0x64, 0x6d, 0x69, 0x73, 0x63, 0x5f, 0x5a, 0x43, 0x4d, 0x47, 0x54, 0x20, 0x44, 0x3c, 0x64, 0x3e, 0x2c, 0x20, 0x44, 0x3c, 0x6e, 0x3e, 0x2c, 0x20, 0x23, 0x30, 0x61, 0x72, 0x6d, 0x2d, 0x61,
0x36, 0x34, 0x40, 0x32, 0x30, 0x32, 0x36, 0x2d, 0x30, 0x36, 0x3a, 0x43, 0x4d, 0x4c, 0x45, 0x5f, 0x61, 0x73, 0x69, 0x6d, 0x64, 0x6d, 0x69, 0x73, 0x63, 0x5f, 0x5a, 0x43, 0x4d, 0x4c, 0x45, 0x20,
0x3c, 0x56, 0x64, 0x3e, 0x2e, 0x3c, 0x54, 0x3e, 0x2c, 0x20, 0x3c, 0x56, 0x6e, 0x3e, 0x2e, 0x3c, 0x54, 0x3e, 0x2c, 0x20, 0x23, 0x30, 0x61, 0x72, 0x6d, 0x2d, 0x61, 0x36, 0x34, 0x40, 0x32, 0x30,
0x32, 0x36, 0x2d, 0x30, 0x36, 0x3a, 0x43, 0x4d, 0x4c, 0x45, 0x5f, 0x61, 0x73, 0x69, 0x73, 0x64, 0x6d, 0x69, 0x73, 0x63, 0x5f, 0x5a, 0x43, 0x4d, 0x4c, 0x45, 0x20, 0x44, 0x3c, 0x64, 0x3e, 0x2c,
0x20, 0x44, 0x3c, 0x6e, 0x3e, 0x2c, 0x20, 0x23, 0x30, 0x61, 0x72, 0x6d, 0x2d, 0x61, 0x36, 0x34, 0x40, 0x32, 0x30, 0x32, 0x36, 0x2d, 0x30, 0x36, 0x3a, 0x43, 0x4d, 0x4c, 0x54, 0x5f, 0x61, 0x73,
0x69, 0x6d, 0x64, 0x6d, 0x69, 0x73, 0x63, 0x5f, 0x5a, 0x43, 0x4d, 0x4c, 0x54, 0x20, 0x3c, 0x56, 0x64, 0x3e, 0x2e, 0x3c, 0x54, 0x3e, 0x2c, 0x20, 0x3c, 0x56, 0x6e, 0x3e, 0x2e, 0x3c, 0x54, 0x3e,
0x2c, 0x20, 0x23, 0x30, 0x61, 0x72, 0x6d, 0x2d, 0x61, 0x36, 0x34, 0x40, 0x32, 0x30, 0x32, 0x36, 0x2d, 0x30, 0x36, 0x3a, 0x43, 0x4d, 0x4c, 0x54, 0x5f, 0x61, 0x73, 0x69, 0x73, 0x64, 0x6d, 0x69,
0x73, 0x63, 0x5f, 0x5a, 0x43, 0x4d, 0x4c, 0x54, 0x20, 0x44, 0x3c, 0x64, 0x3e, 0x2c, 0x20, 0x44, 0x3c, 0x6e, 0x3e, 0x2c, 0x20, 0x23, 0x30, 0x61, 0x72, 0x6d, 0x2d, 0x61, 0x36, 0x34, 0x40, 0x32,
0x30, 0x32, 0x36, 0x2d, 0x30, 0x36, 0x3a, 0x44, 0x55, 0x50, 0x5f, 0x61, 0x73, 0x69, 0x6d, 0x64, 0x69, 0x6e, 0x73, 0x5f, 0x44, 0x56, 0x5f, 0x76, 0x44, 0x55, 0x50, 0x20, 0x3c, 0x56, 0x64, 0x3e,
0x2e, 0x3c, 0x54, 0x3e, 0x2c, 0x20, 0x3c, 0x56, 0x6e, 0x3e, 0x2e, 0x3c, 0x54, 0x73, 0x3e, 0x5b, 0x3c, 0x69, 0x6e, 0x64, 0x65, 0x78, 0x3e, 0x5d, 0x61, 0x72, 0x6d, 0x2d, 0x61, 0x36, 0x34, 0x40,
0x32, 0x30, 0x32, 0x36, 0x2d, 0x30, 0x36, 0x3a, 0x44, 0x55, 0x50, 0x5f, 0x61, 0x73, 0x69, 0x73, 0x64, 0x6f, 0x6e, 0x65, 0x5f, 0x6f, 0x6e, 0x6c, 0x79, 0x44, 0x55, 0x50, 0x20, 0x3c, 0x56, 0x3e,
0x3c, 0x64, 0x3e, 0x2c, 0x20, 0x3c, 0x56, 0x6e, 0x3e, 0x2e, 0x3c, 0x54, 0x3e, 0x5b, 0x3c, 0x69, 0x6e, 0x64, 0x65, 0x78, 0x3e, 0x5d, 0x61, 0x72, 0x6d, 0x2d, 0x61, 0x36, 0x34, 0x40, 0x32, 0x30,
0x32, 0x36, 0x2d, 0x30, 0x36, 0x3a, 0x45, 0x58, 0x54, 0x5f, 0x61, 0x73, 0x69, 0x6d, 0x64, 0x65, 0x78, 0x74, 0x5f, 0x6f, 0x6e, 0x6c, 0x79, 0x45, 0x58, 0x54, 0x20, 0x3c, 0x56, 0x64, 0x3e, 0x2e,
0x3c, 0x54, 0x3e, 0x2c, 0x20, 0x3c, 0x56, 0x6e, 0x3e, 0x2e, 0x3c, 0x54, 0x3e, 0x2c, 0x20, 0x3c, 0x56, 0x6d, 0x3e, 0x2e, 0x3c, 0x54, 0x3e, 0x2c, 0x20, 0x23, 0x3c, 0x69, 0x6e, 0x64, 0x65, 0x78,
0x3e, 0x61, 0x72, 0x6d, 0x2d, 0x61, 0x36, 0x34, 0x40, 0x32, 0x30, 0x32, 0x36, 0x2d, 0x30, 0x36, 0x3a, 0x46, 0x43, 0x41, 0x44, 0x44, 0x5f, 0x61, 0x73, 0x69, 0x6d, 0x64, 0x73, 0x61, 0x6d, 0x65,
0x32, 0x5f, 0x43, 0x46, 0x43, 0x41, 0x44, 0x44, 0x20, 0x3c, 0x56, 0x64, 0x3e, 0x2e, 0x3c, 0x54, 0x3e, 0x2c, 0x20, 0x3c, 0x56, 0x6e, 0x3e, 0x2e, 0x3c, 0x54, 0x3e, 0x2c, 0x20, 0x3c, 0x56, 0x6d,
0x3e, 0x2e, 0x3c, 0x54, 0x3e, 0x2c, 0x20, 0x23, 0x3c, 0x72, 0x6f, 0x74, 0x61, 0x74, 0x65, 0x3e, 0x61, 0x72, 0x6d, 0x2d, 0x61, 0x36, 0x34, 0x40, 0x32, 0x30, 0x32, 0x36, 0x2d, 0x30, 0x36, 0x3a,
0x46, 0x43, 0x43, 0x4d, 0x50, 0x45, 0x5f, 0x44, 0x5f, 0x66, 0x6c, 0x6f, 0x61, 0x74, 0x63, 0x63, 0x6d, 0x70, 0x46, 0x43, 0x43, 0x4d, 0x50, 0x45, 0x20, 0x3c, 0x44, 0x6e, 0x3e, 0x2c, 0x20, 0x3c,
0x44, 0x6d, 0x3e, 0x2c, 0x20, 0x23, 0x3c, 0x6e, 0x7a, 0x63, 0x76, 0x3e, 0x2c, 0x20, 0x3c, 0x63, 0x6f, 0x6e, 0x64, 0x3e, 0x61, 0x72, 0x6d, 0x2d, 0x61, 0x36, 0x34, 0x40, 0x32, 0x30, 0x32, 0x36,
0x2d, 0x30, 0x36, 0x3a, 0x46, 0x43, 0x43, 0x4d, 0x50, 0x45, 0x5f, 0x48, 0x5f, 0x66, 0x6c, 0x6f, 0x61, 0x74, 0x63, 0x63, 0x6d, 0x70, 0x46, 0x43, 0x43, 0x4d, 0x50, 0x45, 0x20, 0x3c, 0x48, 0x6e,
0x3e, 0x2c, 0x20, 0x3c, 0x48, 0x6d, 0x3e, 0x2c, 0x20, 0x23, 0x3c, 0x6e, 0x7a, 0x63, 0x76, 0x3e, 0x2c, 0x20, 0x3c, 0x63, 0x6f, 0x6e, 0x64, 0x3e, 0x61, 0x72, 0x6d, 0x2d, 0x61, 0x36, 0x34, 0x40,
0x32, 0x30, 0x32, 0x36, 0x2d, 0x30, 0x36, 0x3a, 0x46, 0x43, 0x43, 0x4d, 0x50, 0x45, 0x5f, 0x53, 0x5f, 0x66, 0x6c, 0x6f, 0x61, 0x74, 0x63, 0x63, 0x6d, 0x70, 0x46, 0x43, 0x43, 0x4d, 0x50, 0x45,
0x20, 0x3c, 0x53, 0x6e, 0x3e, 0x2c, 0x20, 0x3c, 0x53, 0x6d, 0x3e, 0x2c, 0x20, 0x23, 0x3c, 0x6e, 0x7a, 0x63, 0x76, 0x3e, 0x2c, 0x20, 0x3c, 0x63, 0x6f, 0x6e, 0x64, 0x3e, 0x61, 0x72, 0x6d, 0x2d,
0x61, 0x36, 0x34, 0x40, 0x32, 0x30, 0x32, 0x36, 0x2d, 0x30, 0x36, 0x3a, 0x46, 0x43, 0x43, 0x4d, 0x50, 0x5f, 0x44, 0x5f, 0x66, 0x6c, 0x6f, 0x61, 0x74, 0x63, 0x63, 0x6d, 0x70, 0x46, 0x43, 0x43,
0x4d, 0x50, 0x20, 0x3c, 0x44, 0x6e, 0x3e, 0x2c, 0x20, 0x3c, 0x44, 0x6d, 0x3e, 0x2c, 0x20, 0x23, 0x3c, 0x6e, 0x7a, 0x63, 0x76, 0x3e, 0x2c, 0x20, 0x3c, 0x63, 0x6f, 0x6e, 0x64, 0x3e, 0x61, 0x72,
0x6d, 0x2d, 0x61, 0x36, 0x34, 0x40, 0x32, 0x30, 0x32, 0x36, 0x2d, 0x30, 0x36, 0x3a, 0x46, 0x43, 0x43, 0x4d, 0x50, 0x5f, 0x48, 0x5f, 0x66, 0x6c, 0x6f, 0x61, 0x74, 0x63, 0x63, 0x6d, 0x70, 0x46,
0x43, 0x43, 0x4d, 0x50, 0x20, 0x3c, 0x48, 0x6e, 0x3e, 0x2c, 0x20, 0x3c, 0x48, 0x6d, 0x3e, 0x2c, 0x20, 0x23, 0x3c, 0x6e, 0x7a, 0x63, 0x76, 0x3e, 0x2c, 0x20, 0x3c, 0x63, 0x6f, 0x6e, 0x64, 0x3e,
0x61, 0x72, 0x6d, 0x2d, 0x61, 0x36, 0x34, 0x40, 0x32, 0x30, 0x32, 0x36, 0x2d, 0x30, 0x36, 0x3a, 0x46, 0x43, 0x43, 0x4d, 0x50, 0x5f, 0x53, 0x5f, 0x66, 0x6c, 0x6f, 0x61, 0x74, 0x63, 0x63, 0x6d,
0x70, 0x46, 0x43, 0x43, 0x4d, 0x50, 0x20, 0x3c, 0x53, 0x6e, 0x3e, 0x2c, 0x20, 0x3c, 0x53, 0x6d, 0x3e, 0x2c, 0x20, 0x23, 0x3c, 0x6e, 0x7a, 0x63, 0x76, 0x3e, 0x2c, 0x20, 0x3c, 0x63, 0x6f, 0x6e,
0x64, 0x3e, 0x61, 0x72, 0x6d, 0x2d, 0x61, 0x36, 0x34, 0x40, 0x32, 0x30, 0x32, 0x36, 0x2d, 0x30, 0x36, 0x3a, 0x46, 0x43, 0x4d, 0x45, 0x51, 0x5f, 0x61, 0x73, 0x69, 0x6d, 0x64, 0x6d, 0x69, 0x73,
0x63, 0x5f, 0x46, 0x5a, 0x46, 0x43, 0x4d, 0x45, 0x51, 0x20, 0x3c, 0x56, 0x64, 0x3e, 0x2e, 0x3c, 0x54, 0x3e, 0x2c, 0x20, 0x3c, 0x56, 0x6e, 0x3e, 0x2e, 0x3c, 0x54, 0x3e, 0x2c, 0x20, 0x23, 0x30,
0x2e, 0x30, 0x61, 0x72, 0x6d, 0x2d, 0x61, 0x36, 0x34, 0x40, 0x32, 0x30, 0x32, 0x36, 0x2d, 0x30, 0x36, 0x3a, 0x46, 0x43, 0x4d, 0x45, 0x51, 0x5f, 0x61, 0x73, 0x69, 0x6d, 0x64, 0x6d, 0x69, 0x73,
0x63, 0x66, 0x70, 0x31, 0x36, 0x5f, 0x46, 0x5a, 0x61, 0x72, 0x6d, 0x2d, 0x61, 0x36, 0x34, 0x40, 0x32, 0x30, 0x32, 0x36, 0x2d, 0x30, 0x36, 0x3a, 0x46, 0x43, 0x4d, 0x45, 0x51, 0x5f, 0x61, 0x73,
0x69, 0x73, 0x64, 0x6d, 0x69, 0x73, 0x63, 0x5f, 0x46, 0x5a, 0x46, 0x43, 0x4d, 0x45, 0x51, 0x20, 0x3c, 0x56, 0x3e, 0x3c, 0x64, 0x3e, 0x2c, 0x20, 0x3c, 0x56, 0x3e, 0x3c, 0x6e, 0x3e, 0x2c, 0x20,
0x23, 0x30, 0x2e, 0x30, 0x61, 0x72, 0x6d, 0x2d, 0x61, 0x36, 0x34, 0x40, 0x32, 0x30, 0x32, 0x36, 0x2d, 0x30, 0x36, 0x3a, 0x46, 0x43, 0x4d, 0x45, 0x51, 0x5f, 0x61, 0x73, 0x69, 0x73, 0x64, 0x6d,
0x69, 0x73, 0x63, 0x66, 0x70, 0x31, 0x36, 0x5f, 0x46, 0x5a, 0x46, 0x43, 0x4d, 0x45, 0x51, 0x20, 0x3c, 0x48, 0x64, 0x3e, 0x2c, 0x20, 0x3c, 0x48, 0x6e, 0x3e, 0x2c, 0x20, 0x23, 0x30, 0x2e, 0x30,
0x61, 0x72, 0x6d, 0x2d, 0x61, 0x36, 0x34, 0x40, 0x32, 0x30, 0x32, 0x36, 0x2d, 0x30, 0x36, 0x3a, 0x46, 0x43, 0x4d, 0x47, 0x45, 0x5f, 0x61, 0x73, 0x69, 0x6d, 0x64, 0x6d, 0x69, 0x73, 0x63, 0x5f,
0x46, 0x5a, 0x46, 0x43, 0x4d, 0x47, 0x45, 0x20, 0x3c, 0x56, 0x64, 0x3e, 0x2e, 0x3c, 0x54, 0x3e, 0x2c, 0x20, 0x3c, 0x56, 0x6e, 0x3e, 0x2e, 0x3c, 0x54, 0x3e, 0x2c, 0x20, 0x23, 0x30, 0x2e, 0x30,
0x61, 0x72, 0x6d, 0x2d, 0x61, 0x36, 0x34, 0x40, 0x32, 0x30, 0x32, 0x36, 0x2d, 0x30, 0x36, 0x3a, 0x46, 0x43, 0x4d, 0x47, 0x45, 0x5f, 0x61, 0x73, 0x69, 0x6d, 0x64, 0x6d, 0x69, 0x73, 0x63, 0x66,
0x70, 0x31, 0x36, 0x5f, 0x46, 0x5a, 0x61, 0x72, 0x6d, 0x2d, 0x61, 0x36, 0x34, 0x40, 0x32, 0x30, 0x32, 0x36, 0x2d, 0x30, 0x36, 0x3a, 0x46, 0x43, 0x4d, 0x47, 0x45, 0x5f, 0x61, 0x73, 0x69, 0x73,
0x64, 0x6d, 0x69, 0x73, 0x63, 0x5f, 0x46, 0x5a, 0x46, 0x43, 0x4d, 0x47, 0x45, 0x20, 0x3c, 0x56, 0x3e, 0x3c, 0x64, 0x3e, 0x2c, 0x20, 0x3c, 0x56, 0x3e, 0x3c, 0x6e, 0x3e, 0x2c, 0x20, 0x23, 0x30,
0x2e, 0x30, 0x61, 0x72, 0x6d, 0x2d, 0x61, 0x36, 0x34, 0x40, 0x32, 0x30, 0x32, 0x36, 0x2d, 0x30, 0x36, 0x3a, 0x46, 0x43, 0x4d, 0x47, 0x45, 0x5f, 0x61, 0x73, 0x69, 0x73, 0x64, 0x6d, 0x69, 0x73,
0x63, 0x66, 0x70, 0x31, 0x36, 0x5f, 0x46, 0x5a, 0x46, 0x43, 0x4d, 0x47, 0x45, 0x20, 0x3c, 0x48, 0x64, 0x3e, 0x2c, 0x20, 0x3c, 0x48, 0x6e, 0x3e, 0x2c, 0x20, 0x23, 0x30, 0x2e, 0x30, 0x61, 0x72,
0x6d, 0x2d, 0x61, 0x36, 0x34, 0x40, 0x32, 0x30, 0x32, 0x36, 0x2d, 0x30, 0x36, 0x3a, 0x46, 0x43, 0x4d, 0x47, 0x54, 0x5f, 0x61, 0x73, 0x69, 0x6d, 0x64, 0x6d, 0x69, 0x73, 0x63, 0x5f, 0x46, 0x5a,
0x46, 0x43, 0x4d, 0x47, 0x54, 0x20, 0x3c, 0x56, 0x64, 0x3e, 0x2e, 0x3c, 0x54, 0x3e, 0x2c, 0x20, 0x3c, 0x56, 0x6e, 0x3e, 0x2e, 0x3c, 0x54, 0x3e, 0x2c, 0x20, 0x23, 0x30, 0x2e, 0x30, 0x61, 0x72,
0x6d, 0x2d, 0x61, 0x36, 0x34, 0x40, 0x32, 0x30, 0x32, 0x36, 0x2d, 0x30, 0x36, 0x3a, 0x46, 0x43, 0x4d, 0x47, 0x54, 0x5f, 0x61, 0x73, 0x69, 0x6d, 0x64, 0x6d, 0x69, 0x73, 0x63, 0x66, 0x70, 0x31,
0x36, 0x5f, 0x46, 0x5a, 0x61, 0x72, 0x6d, 0x2d, 0x61, 0x36, 0x34, 0x40, 0x32, 0x30, 0x32, 0x36, 0x2d, 0x30, 0x36, 0x3a, 0x46, 0x43, 0x4d, 0x47, 0x54, 0x5f, 0x61, 0x73, 0x69, 0x73, 0x64, 0x6d,
0x69, 0x73, 0x63, 0x5f, 0x46, 0x5a, 0x46, 0x43, 0x4d, 0x47, 0x54, 0x20, 0x3c, 0x56, 0x3e, 0x3c, 0x64, 0x3e, 0x2c, 0x20, 0x3c, 0x56, 0x3e, 0x3c, 0x6e, 0x3e, 0x2c, 0x20, 0x23, 0x30, 0x2e, 0x30,
0x61, 0x72, 0x6d, 0x2d, 0x61, 0x36, 0x34, 0x40, 0x32, 0x30, 0x32, 0x36, 0x2d, 0x30, 0x36, 0x3a, 0x46, 0x43, 0x4d, 0x47, 0x54, 0x5f, 0x61, 0x73, 0x69, 0x73, 0x64, 0x6d, 0x69, 0x73, 0x63, 0x66,
0x70, 0x31, 0x36, 0x5f, 0x46, 0x5a, 0x46, 0x43, 0x4d, 0x47, 0x54, 0x20, 0x3c, 0x48, 0x64, 0x3e, 0x2c, 0x20, 0x3c, 0x48, 0x6e, 0x3e, 0x2c, 0x20, 0x23, 0x30, 0x2e, 0x30, 0x61, 0x72, 0x6d, 0x2d,
0x61, 0x36, 0x34, 0x40, 0x32, 0x30, 0x32, 0x36, 0x2d, 0x30, 0x36, 0x3a, 0x46, 0x43, 0x4d, 0x4c, 0x41, 0x5f, 0x61, 0x64, 0x76, 0x73, 0x69, 0x6d, 0x64, 0x5f, 0x65, 0x6c, 0x74, 0x46, 0x43, 0x4d,
0x4c, 0x41, 0x20, 0x3c, 0x56, 0x64, 0x3e, 0x2e, 0x3c, 0x54, 0x3e, 0x2c, 0x20, 0x3c, 0x56, 0x6e, 0x3e, 0x2e, 0x3c, 0x54, 0x3e, 0x2c, 0x20, 0x3c, 0x56, 0x6d, 0x3e, 0x2e, 0x3c, 0x54, 0x73, 0x3e,
0x5b, 0x3c, 0x69, 0x6e, 0x64, 0x65, 0x78, 0x3e, 0x5d, 0x2c, 0x20, 0x23, 0x3c, 0x72, 0x6f, 0x74, 0x61, 0x74, 0x65, 0x3e, 0x61, 0x72, 0x6d, 0x2d, 0x61, 0x36, 0x34, 0x40, 0x32, 0x30, 0x32, 0x36,
0x2d, 0x30, 0x36, 0x3a, 0x46, 0x43, 0x4d, 0x4c, 0x41, 0x5f, 0x61, 0x73, 0x69, 0x6d, 0x64, 0x73, 0x61, 0x6d, 0x65, 0x32, 0x5f, 0x43, 0x46, 0x43, 0x4d, 0x4c, 0x41, 0x20, 0x3c, 0x56, 0x64, 0x3e,
0x2e, 0x3c, 0x54, 0x3e, 0x2c, 0x20, 0x3c, 0x56, 0x6e, 0x3e, 0x2e, 0x3c, 0x54, 0x3e, 0x2c, 0x20, 0x3c, 0x56, 0x6d, 0x3e, 0x2e, 0x3c, 0x54, 0x3e, 0x2c, 0x20, 0x23, 0x3c, 0x72, 0x6f, 0x74, 0x61,
0x74, 0x65, 0x3e, 0x61, 0x72, 0x6d, 0x2d, 0x61, 0x36, 0x34, 0x40, 0x32, 0x30, 0x32, 0x36, 0x2d, 0x30, 0x36, 0x3a, 0x46, 0x43, 0x4d, 0x4c, 0x45, 0x5f, 0x61, 0x73, 0x69, 0x6d, 0x64, 0x6d, 0x69,
0x73, 0x63, 0x5f, 0x46, 0x5a, 0x46, 0x43, 0x4d, 0x4c, 0x45, 0x20, 0x3c, 0x56, 0x64, 0x3e, 0x2e, 0x3c, 0x54, 0x3e, 0x2c, 0x20, 0x3c, 0x56, 0x6e, 0x3e, 0x2e, 0x3c, 0x54, 0x3e, 0x2c, 0x20, 0x23,
0x30, 0x2e, 0x30, 0x61, 0x72, 0x6d, 0x2d, 0x61, 0x36, 0x34, 0x40, 0x32, 0x30, 0x32, 0x36, 0x2d, 0x30, 0x36, 0x3a, 0x46, 0x43, 0x4d, 0x4c, 0x45, 0x5f, 0x61, 0x73, 0x69, 0x6d, 0x64, 0x6d, 0x69,
0x73, 0x63, 0x66, 0x70, 0x31, 0x36, 0x5f, 0x46, 0x5a, 0x61, 0x72, 0x6d, 0x2d, 0x61, 0x36, 0x34, 0x40, 0x32, 0x30, 0x32, 0x36, 0x2d, 0x30, 0x36, 0x3a, 0x46, 0x43, 0x4d, 0x4c, 0x45, 0x5f, 0x61,
0x73, 0x69, 0x73, 0x64, 0x6d, 0x69, 0x73, 0x63, 0x5f, 0x46, 0x5a, 0x46, 0x43, 0x4d, 0x4c, 0x45, 0x20, 0x3c, 0x56, 0x3e, 0x3c, 0x64, 0x3e, 0x2c, 0x20, 0x3c, 0x56, 0x3e, 0x3c, 0x6e, 0x3e, 0x2c,
0x20, 0x23, 0x30, 0x2e, 0x30, 0x61, 0x72, 0x6d, 0x2d, 0x61, 0x36, 0x34, 0x40, 0x32, 0x30, 0x32, 0x36, 0x2d, 0x30, 0x36, 0x3a, 0x46, 0x43, 0x4d, 0x4c, 0x45, 0x5f, 0x61, 0x73, 0x69, 0x73, 0x64,
0x6d, 0x69, 0x73, 0x63, 0x66, 0x70, 0x31, 0x36, 0x5f, 0x46, 0x5a, 0x46, 0x43, 0x4d, 0x4c, 0x45, 0x20, 0x3c, 0x48, 0x64, 0x3e, 0x2c, 0x20, 0x3c, 0x48, 0x6e, 0x3e, 0x2c, 0x20, 0x23, 0x30, 0x2e,
0x30, 0x61, 0x72, 0x6d, 0x2d, 0x61, 0x36, 0x34, 0x40, 0x32, 0x30, 0x32, 0x36, 0x2d, 0x30, 0x36, 0x3a, 0x46, 0x43, 0x4d, 0x4c, 0x54, 0x5f, 0x61, 0x73, 0x69, 0x6d, 0x64, 0x6d, 0x69, 0x73, 0x63,
0x5f, 0x46, 0x5a, 0x46, 0x43, 0x4d, 0x4c, 0x54, 0x20, 0x3c, 0x56, 0x64, 0x3e, 0x2e, 0x3c, 0x54, 0x3e, 0x2c, 0x20, 0x3c, 0x56, 0x6e, 0x3e, 0x2e, 0x3c, 0x54, 0x3e, 0x2c, 0x20, 0x23, 0x30, 0x2e,
0x30, 0x61, 0x72, 0x6d, 0x2d, 0x61, 0x36, 0x34, 0x40, 0x32, 0x30, 0x32, 0x36, 0x2d, 0x30, 0x36, 0x3a, 0x46, 0x43, 0x4d, 0x4c, 0x54, 0x5f, 0x61, 0x73, 0x69, 0x6d, 0x64, 0x6d, 0x69, 0x73, 0x63,
0x66, 0x70, 0x31, 0x36, 0x5f, 0x46, 0x5a, 0x61, 0x72, 0x6d, 0x2d, 0x61, 0x36, 0x34, 0x40, 0x32, 0x30, 0x32, 0x36, 0x2d, 0x30, 0x36, 0x3a, 0x46, 0x43, 0x4d, 0x4c, 0x54, 0x5f, 0x61, 0x73, 0x69,
0x73, 0x64, 0x6d, 0x69, 0x73, 0x63, 0x5f, 0x46, 0x5a, 0x46, 0x43, 0x4d, 0x4c, 0x54, 0x20, 0x3c, 0x56, 0x3e, 0x3c, 0x64, 0x3e, 0x2c, 0x20, 0x3c, 0x56, 0x3e, 0x3c, 0x6e, 0x3e, 0x2c, 0x20, 0x23,
0x30, 0x2e, 0x30, 0x61, 0x72, 0x6d, 0x2d, 0x61, 0x36, 0x34, 0x40, 0x32, 0x30, 0x32, 0x36, 0x2d, 0x30, 0x36, 0x3a, 0x46, 0x43, 0x4d, 0x4c, 0x54, 0x5f, 0x61, 0x73, 0x69, 0x73, 0x64, 0x6d, 0x69,
0x73, 0x63, 0x66, 0x70, 0x31, 0x36, 0x5f, 0x46, 0x5a, 0x46, 0x43, 0x4d, 0x4c, 0x54, 0x20, 0x3c, 0x48, 0x64, 0x3e, 0x2c, 0x20, 0x3c, 0x48, 0x6e, 0x3e, 0x2c, 0x20, 0x23, 0x30, 0x2e, 0x30, 0x61,
0x72, 0x6d, 0x2d, 0x61, 0x36, 0x34, 0x40, 0x32, 0x30, 0x32, 0x36, 0x2d, 0x30, 0x36, 0x3a, 0x46, 0x43, 0x4d, 0x50, 0x45, 0x5f, 0x44, 0x5a, 0x5f, 0x66, 0x6c, 0x6f, 0x61, 0x74, 0x63, 0x6d, 0x70,
0x46, 0x43, 0x4d, 0x50, 0x45, 0x20, 0x3c, 0x44, 0x6e, 0x3e, 0x2c, 0x20, 0x23, 0x30, 0x2e, 0x30, 0x61, 0x72, 0x6d, 0x2d, 0x61, 0x36, 0x34, 0x40, 0x32, 0x30, 0x32, 0x36, 0x2d, 0x30, 0x36, 0x3a,
0x46, 0x43, 0x4d, 0x50, 0x45, 0x5f, 0x48, 0x5a, 0x5f, 0x66, 0x6c, 0x6f, 0x61, 0x74, 0x63, 0x6d, 0x70, 0x46, 0x43, 0x4d, 0x50, 0x45, 0x20, 0x3c, 0x48, 0x6e, 0x3e, 0x2c, 0x20, 0x23, 0x30, 0x2e,
0x30, 0x61, 0x72, 0x6d, 0x2d, 0x61, 0x36, 0x34, 0x40, 0x32, 0x30, 0x32, 0x36, 0x2d, 0x30, 0x36, 0x3a, 0x46, 0x43, 0x4d, 0x50, 0x45, 0x5f, 0x53, 0x5a, 0x5f, 0x66, 0x6c, 0x6f, 0x61, 0x74, 0x63,
0x6d, 0x70, 0x46, 0x43, 0x4d, 0x50, 0x45, 0x20, 0x3c, 0x53, 0x6e, 0x3e, 0x2c, 0x20, 0x23, 0x30, 0x2e, 0x30, 0x61, 0x72, 0x6d, 0x2d, 0x61, 0x36, 0x34, 0x40, 0x32, 0x30, 0x32, 0x36, 0x2d, 0x30,
0x36, 0x3a, 0x46, 0x43, 0x4d, 0x50, 0x5f, 0x44, 0x5a, 0x5f, 0x66, 0x6c, 0x6f, 0x61, 0x74, 0x63, 0x6d, 0x70, 0x46, 0x43, 0x4d, 0x50, 0x20, 0x3c, 0x44, 0x6e, 0x3e, 0x2c, 0x20, 0x23, 0x30, 0x2e,
0x30, 0x61, 0x72, 0x6d, 0x2d, 0x61, 0x36, 0x34, 0x40, 0x32, 0x30, 0x32, 0x36, 0x2d, 0x30, 0x36, 0x3a, 0x46, 0x43, 0x4d, 0x50, 0x5f, 0x48, 0x5a, 0x5f, 0x66, 0x6c, 0x6f, 0x61, 0x74, 0x63, 0x6d,
0x70, 0x46, 0x43, 0x4d, 0x50, 0x20, 0x3c, 0x48, 0x6e, 0x3e, 0x2c, 0x20, 0x23, 0x30, 0x2e, 0x30, 0x61, 0x72, 0x6d, 0x2d, 0x61, 0x36, 0x34, 0x40, 0x32, 0x30, 0x32, 0x36, 0x2d, 0x30, 0x36, 0x3a,
0x46, 0x43, 0x4d, 0x50, 0x5f, 0x53, 0x5a, 0x5f, 0x66, 0x6c, 0x6f, 0x61, 0x74, 0x63, 0x6d, 0x70, 0x46, 0x43, 0x4d, 0x50, 0x20, 0x3c, 0x53, 0x6e, 0x3e, 0x2c, 0x20, 0x23, 0x30, 0x2e, 0x30, 0x61,
0x72, 0x6d, 0x2d, 0x61, 0x36, 0x34, 0x40, 0x32, 0x30, 0x32, 0x36, 0x2d, 0x30, 0x36, 0x3a, 0x46, 0x43, 0x56, 0x54, 0x50, 0x55, 0x5f, 0x36, 0x34, 0x44, 0x5f, 0x66, 0x6c, 0x6f, 0x61, 0x74, 0x32,
0x69, 0x6e, 0x74, 0x46, 0x43, 0x56, 0x54, 0x50, 0x55, 0x20, 0x3c, 0x58, 0x64, 0x3e, 0x2c, 0x20, 0x3c, 0x44, 0x6e, 0x3e, 0x61, 0x72, 0x6d, 0x2d, 0x61, 0x36, 0x34, 0x40, 0x32, 0x30, 0x32, 0x36,
0x2d, 0x30, 0x36, 0x3a, 0x46, 0x43, 0x56, 0x54, 0x50, 0x55, 0x5f, 0x36, 0x34, 0x48, 0x5f, 0x66, 0x6c, 0x6f, 0x61, 0x74, 0x32, 0x69, 0x6e, 0x74, 0x46, 0x43, 0x56, 0x54, 0x50, 0x55, 0x20, 0x3c,
0x58, 0x64, 0x3e, 0x2c, 0x20, 0x3c, 0x48, 0x6e, 0x3e, 0x61, 0x72, 0x6d, 0x2d, 0x61, 0x36, 0x34, 0x40, 0x32, 0x30, 0x32, 0x36, 0x2d, 0x30, 0x36, 0x3a, 0x46, 0x43, 0x56, 0x54, 0x50, 0x55, 0x5f,
0x36, 0x34, 0x53, 0x5f, 0x66, 0x6c, 0x6f, 0x61, 0x74, 0x32, 0x69, 0x6e, 0x74, 0x46, 0x43, 0x56, 0x54, 0x50, 0x55, 0x20, 0x3c, 0x58, 0x64, 0x3e, 0x2c, 0x20, 0x3c, 0x53, 0x6e, 0x3e, 0x61, 0x72,
0x6d, 0x2d, 0x61, 0x36, 0x34, 0x40, 0x32, 0x30, 0x32, 0x36, 0x2d, 0x30, 0x36, 0x3a, 0x46, 0x43, 0x56, 0x54, 0x58, 0x4e, 0x5f, 0x61, 0x73, 0x69, 0x6d, 0x64, 0x6d, 0x69, 0x73, 0x63, 0x5f, 0x4e,
0x46, 0x43, 0x56, 0x54, 0x58, 0x4e, 0x7b, 0x32, 0x7d, 0x20, 0x3c, 0x56, 0x64, 0x3e, 0x2e, 0x3c, 0x54, 0x62, 0x3e, 0x2c, 0x20, 0x3c, 0x56, 0x6e, 0x3e, 0x2e, 0x32, 0x44, 0x61, 0x72, 0x6d, 0x2d,
0x61, 0x36, 0x34, 0x40, 0x32, 0x30, 0x32, 0x36, 0x2d, 0x30, 0x36, 0x3a, 0x46, 0x43, 0x56, 0x54, 0x5a, 0x53, 0x5f, 0x33, 0x32, 0x44, 0x5f, 0x66, 0x6c, 0x6f, 0x61, 0x74, 0x32, 0x66, 0x69, 0x78,
0x46, 0x43, 0x56, 0x54, 0x5a, 0x53, 0x20, 0x3c, 0x57, 0x64, 0x3e, 0x2c, 0x20, 0x3c, 0x44, 0x6e, 0x3e, 0x2c, 0x20, 0x23, 0x3c, 0x66, 0x62, 0x69, 0x74, 0x73, 0x3e, 0x61, 0x72, 0x6d, 0x2d, 0x61,
0x36, 0x34, 0x40, 0x32, 0x30, 0x32, 0x36, 0x2d, 0x30, 0x36, 0x3a, 0x46, 0x43, 0x56, 0x54, 0x5a, 0x53, 0x5f, 0x33, 0x32, 0x44, 0x5f, 0x66, 0x6c, 0x6f, 0x61, 0x74, 0x32, 0x69, 0x6e, 0x74, 0x46,
0x43, 0x56, 0x54, 0x5a, 0x53, 0x20, 0x3c, 0x57, 0x64, 0x3e, 0x2c, 0x20, 0x3c, 0x44, 0x6e, 0x3e, 0x61, 0x72, 0x6d, 0x2d, 0x61, 0x36, 0x34, 0x40, 0x32, 0x30, 0x32, 0x36, 0x2d, 0x30, 0x36, 0x3a,
0x46, 0x43, 0x56, 0x54, 0x5a, 0x53, 0x5f, 0x33, 0x32, 0x48, 0x5f, 0x66, 0x6c, 0x6f, 0x61, 0x74, 0x32, 0x66, 0x69, 0x78, 0x46, 0x43, 0x56, 0x54, 0x5a, 0x53, 0x20, 0x3c, 0x57, 0x64, 0x3e, 0x2c,
0x20, 0x3c, 0x48, 0x6e, 0x3e, 0x2c, 0x20, 0x23, 0x3c, 0x66, 0x62, 0x69, 0x74, 0x73, 0x3e, 0x61, 0x72, 0x6d, 0x2d, 0x61, 0x36, 0x34, 0x40, 0x32, 0x30, 0x32, 0x36, 0x2d, 0x30, 0x36, 0x3a, 0x46,
0x43, 0x56, 0x54, 0x5a, 0x53, 0x5f, 0x33, 0x32, 0x48, 0x5f, 0x66, 0x6c, 0x6f, 0x61, 0x74, 0x32, 0x69, 0x6e, 0x74, 0x46, 0x43, 0x56, 0x54, 0x5a, 0x53, 0x20, 0x3c, 0x57, 0x64, 0x3e, 0x2c, 0x20,
0x3c, 0x48, 0x6e, 0x3e, 0x61, 0x72, 0x6d, 0x2d, 0x61, 0x36, 0x34, 0x40, 0x32, 0x30, 0x32, 0x36, 0x2d, 0x30, 0x36, 0x3a, 0x46, 0x43, 0x56, 0x54, 0x5a, 0x53, 0x5f, 0x33, 0x32, 0x53, 0x5f, 0x66,
0x6c, 0x6f, 0x61, 0x74, 0x32, 0x66, 0x69, 0x78, 0x46, 0x43, 0x56, 0x54, 0x5a, 0x53, 0x20, 0x3c, 0x57, 0x64, 0x3e, 0x2c, 0x20, 0x3c, 0x53, 0x6e, 0x3e, 0x2c, 0x20, 0x23, 0x3c, 0x66, 0x62, 0x69,
0x74, 0x73, 0x3e, 0x61, 0x72, 0x6d, 0x2d, 0x61, 0x36, 0x34, 0x40, 0x32, 0x30, 0x32, 0x36, 0x2d, 0x30, 0x36, 0x3a, 0x46, 0x43, 0x56, 0x54, 0x5a, 0x53, 0x5f, 0x33, 0x32, 0x53, 0x5f, 0x66, 0x6c,
0x6f, 0x61, 0x74, 0x32, 0x69, 0x6e, 0x74, 0x46, 0x43, 0x56, 0x54, 0x5a, 0x53, 0x20, 0x3c, 0x57, 0x64, 0x3e, 0x2c, 0x20, 0x3c, 0x53, 0x6e, 0x3e, 0x61, 0x72, 0x6d, 0x2d, 0x61, 0x36, 0x34, 0x40,
0x32, 0x30, 0x32, 0x36, 0x2d, 0x30, 0x36, 0x3a, 0x46, 0x43, 0x56, 0x54, 0x5a, 0x53, 0x5f, 0x36, 0x34, 0x44, 0x5f, 0x66, 0x6c, 0x6f, 0x61, 0x74, 0x32, 0x66, 0x69, 0x78, 0x46, 0x43, 0x56, 0x54,
0x5a, 0x53, 0x20, 0x3c, 0x58, 0x64, 0x3e, 0x2c, 0x20, 0x3c, 0x44, 0x6e, 0x3e, 0x2c, 0x20, 0x23, 0x3c, 0x66, 0x62, 0x69, 0x74, 0x73, 0x3e, 0x61, 0x72, 0x6d, 0x2d, 0x61, 0x36, 0x34, 0x40, 0x32,
0x30, 0x32, 0x36, 0x2d, 0x30, 0x36, 0x3a, 0x46, 0x43, 0x56, 0x54, 0x5a, 0x53, 0x5f, 0x36, 0x34, 0x44, 0x5f, 0x66, 0x6c, 0x6f, 0x61, 0x74, 0x32, 0x69, 0x6e, 0x74, 0x46, 0x43, 0x56, 0x54, 0x5a,
0x53, 0x20, 0x3c, 0x58, 0x64, 0x3e, 0x2c, 0x20, 0x3c, 0x44, 0x6e, 0x3e, 0x61, 0x72, 0x6d, 0x2d, 0x61, 0x36, 0x34, 0x40, 0x32, 0x30, 0x32, 0x36, 0x2d, 0x30, 0x36, 0x3a, 0x46, 0x43, 0x56, 0x54,
0x5a, 0x53, 0x5f, 0x36, 0x34, 0x48, 0x5f, 0x66, 0x6c, 0x6f, 0x61, 0x74, 0x32, 0x66, 0x69, 0x78, 0x46, 0x43, 0x56, 0x54, 0x5a, 0x53, 0x20, 0x3c, 0x58, 0x64, 0x3e, 0x2c, 0x20, 0x3c, 0x48, 0x6e,
0x3e, 0x2c, 0x20, 0x23, 0x3c, 0x66, 0x62, 0x69, 0x74, 0x73, 0x3e, 0x61, 0x72, 0x6d, 0x2d, 0x61, 0x36, 0x34, 0x40, 0x32, 0x30, 0x32, 0x36, 0x2d, 0x30, 0x36, 0x3a, 0x46, 0x43, 0x56, 0x54, 0x5a,
0x53, 0x5f, 0x36, 0x34, 0x48, 0x5f, 0x66, 0x6c, 0x6f, 0x61, 0x74, 0x32, 0x69, 0x6e, 0x74, 0x46, 0x43, 0x56, 0x54, 0x5a, 0x53, 0x20, 0x3c, 0x58, 0x64, 0x3e, 0x2c, 0x20, 0x3c, 0x48, 0x6e, 0x3e,
0x61, 0x72, 0x6d, 0x2d, 0x61, 0x36, 0x34, 0x40, 0x32, 0x30, 0x32, 0x36, 0x2d, 0x30, 0x36, 0x3a, 0x46, 0x43, 0x56, 0x54, 0x5a, 0x53, 0x5f, 0x36, 0x34, 0x53, 0x5f, 0x66, 0x6c, 0x6f, 0x61, 0x74,
0x32, 0x66, 0x69, 0x78, 0x46, 0x43, 0x56, 0x54, 0x5a, 0x53, 0x20, 0x3c, 0x58, 0x64, 0x3e, 0x2c, 0x20, 0x3c, 0x53, 0x6e, 0x3e, 0x2c, 0x20, 0x23, 0x3c, 0x66, 0x62, 0x69, 0x74, 0x73, 0x3e, 0x61,
0x72, 0x6d, 0x2d, 0x61, 0x36, 0x34, 0x40, 0x32, 0x30, 0x32, 0x36, 0x2d, 0x30, 0x36, 0x3a, 0x46, 0x43, 0x56, 0x54, 0x5a, 0x53, 0x5f, 0x36, 0x34, 0x53, 0x5f, 0x66, 0x6c, 0x6f, 0x61, 0x74, 0x32,
0x69, 0x6e, 0x74, 0x46, 0x43, 0x56, 0x54, 0x5a, 0x53, 0x20, 0x3c, 0x58, 0x64, 0x3e, 0x2c, 0x20, 0x3c, 0x53, 0x6e, 0x3e, 0x61, 0x72, 0x6d, 0x2d, 0x61, 0x36, 0x34, 0x40, 0x32, 0x30, 0x32, 0x36,
0x2d, 0x30, 0x36, 0x3a, 0x46, 0x43, 0x56, 0x54, 0x5a, 0x53, 0x5f, 0x61, 0x73, 0x69, 0x6d, 0x64, 0x73, 0x68, 0x66, 0x5f, 0x43, 0x46, 0x43, 0x56, 0x54, 0x5a, 0x53, 0x20, 0x3c, 0x56, 0x64, 0x3e,
0x2e, 0x3c, 0x54, 0x3e, 0x2c, 0x20, 0x3c, 0x56, 0x6e, 0x3e, 0x2e, 0x3c, 0x54, 0x3e, 0x2c, 0x20, 0x23, 0x3c, 0x66, 0x62, 0x69, 0x74, 0x73, 0x3e, 0x61, 0x72, 0x6d, 0x2d, 0x61, 0x36, 0x34, 0x40,
0x32, 0x30, 0x32, 0x36, 0x2d, 0x30, 0x36, 0x3a, 0x46, 0x43, 0x56, 0x54, 0x5a, 0x53, 0x5f, 0x61, 0x73, 0x69, 0x73, 0x64, 0x73, 0x68, 0x66, 0x5f, 0x43, 0x46, 0x43, 0x56, 0x54, 0x5a, 0x53, 0x20,
0x3c, 0x56, 0x3e, 0x3c, 0x64, 0x3e, 0x2c, 0x20, 0x3c, 0x56, 0x3e, 0x3c, 0x6e, 0x3e, 0x2c, 0x20, 0x23, 0x3c, 0x66, 0x62, 0x69, 0x74, 0x73, 0x3e, 0x61, 0x72, 0x6d, 0x2d, 0x61, 0x36, 0x34, 0x40,
0x32, 0x30, 0x32, 0x36, 0x2d, 0x30, 0x36, 0x3a, 0x46, 0x43, 0x56, 0x54, 0x5a, 0x55, 0x5f, 0x33, 0x32, 0x44, 0x5f, 0x66, 0x6c, 0x6f, 0x61, 0x74, 0x32, 0x66, 0x69, 0x78, 0x46, 0x43, 0x56, 0x54,
0x5a, 0x55, 0x20, 0x3c, 0x57, 0x64, 0x3e, 0x2c, 0x20, 0x3c, 0x44, 0x6e, 0x3e, 0x2c, 0x20, 0x23, 0x3c, 0x66, 0x62, 0x69, 0x74, 0x73, 0x3e, 0x61, 0x72, 0x6d, 0x2d, 0x61, 0x36, 0x34, 0x40, 0x32,
0x30, 0x32, 0x36, 0x2d, 0x30, 0x36, 0x3a, 0x46, 0x43, 0x56, 0x54, 0x5a, 0x55, 0x5f, 0x33, 0x32, 0x44, 0x5f, 0x66, 0x6c, 0x6f, 0x61, 0x74, 0x32, 0x69, 0x6e, 0x74, 0x46, 0x43, 0x56, 0x54, 0x5a,
0x55, 0x20, 0x3c, 0x57, 0x64, 0x3e, 0x2c, 0x20, 0x3c, 0x44, 0x6e, 0x3e, 0x61, 0x72, 0x6d, 0x2d, 0x61, 0x36, 0x34, 0x40, 0x32, 0x30, 0x32, 0x36, 0x2d, 0x30, 0x36, 0x3a, 0x46, 0x43, 0x56, 0x54,
0x5a, 0x55, 0x5f, 0x33, 0x32, 0x48, 0x5f, 0x66, 0x6c, 0x6f, 0x61, 0x74, 0x32, 0x66, 0x69, 0x78, 0x46, 0x43, 0x56, 0x54, 0x5a, 0x55, 0x20, 0x3c, 0x57, 0x64, 0x3e, 0x2c, 0x20, 0x3c, 0x48, 0x6e,
0x3e, 0x2c, 0x20, 0x23, 0x3c, 0x66, 0x62, 0x69, 0x74, 0x73, 0x3e, 0x61, 0x72, 0x6d, 0x2d, 0x61, 0x36, 0x34, 0x40, 0x32, 0x30, 0x32, 0x36, 0x2d, 0x30, 0x36, 0x3a, 0x46, 0x43, 0x56, 0x54, 0x5a,
0x55, 0x5f, 0x33, 0x32, 0x48, 0x5f, 0x66, 0x6c, 0x6f, 0x61, 0x74, 0x32, 0x69, 0x6e, 0x74, 0x46, 0x43, 0x56, 0x54, 0x5a, 0x55, 0x20, 0x3c, 0x57, 0x64, 0x3e, 0x2c, 0x20, 0x3c, 0x48, 0x6e, 0x3e,
0x61, 0x72, 0x6d, 0x2d, 0x61, 0x36, 0x34, 0x40, 0x32, 0x30, 0x32, 0x36, 0x2d, 0x30, 0x36, 0x3a, 0x46, 0x43, 0x56, 0x54, 0x5a, 0x55, 0x5f, 0x33, 0x32, 0x53, 0x5f, 0x66, 0x6c, 0x6f, 0x61, 0x74,
0x32, 0x66, 0x69, 0x78, 0x46, 0x43, 0x56, 0x54, 0x5a, 0x55, 0x20, 0x3c, 0x57, 0x64, 0x3e, 0x2c, 0x20, 0x3c, 0x53, 0x6e, 0x3e, 0x2c, 0x20, 0x23, 0x3c, 0x66, 0x62, 0x69, 0x74, 0x73, 0x3e, 0x61,
0x72, 0x6d, 0x2d, 0x61, 0x36, 0x34, 0x40, 0x32, 0x30, 0x32, 0x36, 0x2d, 0x30, 0x36, 0x3a, 0x46, 0x43, 0x56, 0x54, 0x5a, 0x55, 0x5f, 0x33, 0x32, 0x53, 0x5f, 0x66, 0x6c, 0x6f, 0x61, 0x74, 0x32,
0x69, 0x6e, 0x74, 0x46, 0x43, 0x56, 0x54, 0x5a, 0x55, 0x20, 0x3c, 0x57, 0x64, 0x3e, 0x2c, 0x20, 0x3c, 0x53, 0x6e, 0x3e, 0x61, 0x72, 0x6d, 0x2d, 0x61, 0x36, 0x34, 0x40, 0x32, 0x30, 0x32, 0x36,
0x2d, 0x30, 0x36, 0x3a, 0x46, 0x43, 0x56, 0x54, 0x5a, 0x55, 0x5f, 0x36, 0x34, 0x44, 0x5f, 0x66, 0x6c, 0x6f, 0x61, 0x74, 0x32, 0x66, 0x69, 0x78, 0x46, 0x43, 0x56, 0x54, 0x5a, 0x55, 0x20, 0x3c,
0x58, 0x64, 0x3e, 0x2c, 0x20, 0x3c, 0x44, 0x6e, 0x3e, 0x2c, 0x20, 0x23, 0x3c, 0x66, 0x62, 0x69, 0x74, 0x73, 0x3e, 0x61, 0x72, 0x6d, 0x2d, 0x61, 0x36, 0x34, 0x40, 0x32, 0x30, 0x32, 0x36, 0x2d,
0x30, 0x36, 0x3a, 0x46, 0x43, 0x56, 0x54, 0x5a, 0x55, 0x5f, 0x36, 0x34, 0x44, 0x5f, 0x66, 0x6c, 0x6f, 0x61, 0x74, 0x32, 0x69, 0x6e, 0x74, 0x46, 0x43, 0x56, 0x54, 0x5a, 0x55, 0x20, 0x3c, 0x58,
0x64, 0x3e, 0x2c, 0x20, 0x3c, 0x44, 0x6e, 0x3e, 0x61, 0x72, 0x6d, 0x2d, 0x61, 0x36, 0x34, 0x40, 0x32, 0x30, 0x32, 0x36, 0x2d, 0x30, 0x36, 0x3a, 0x46, 0x43, 0x56, 0x54, 0x5a, 0x55, 0x5f, 0x36,
0x34, 0x48, 0x5f, 0x66, 0x6c, 0x6f, 0x61, 0x74, 0x32, 0x66, 0x69, 0x78, 0x46, 0x43, 0x56, 0x54, 0x5a, 0x55, 0x20, 0x3c, 0x58, 0x64, 0x3e, 0x2c, 0x20, 0x3c, 0x48, 0x6e, 0x3e, 0x2c, 0x20, 0x23,
0x3c, 0x66, 0x62, 0x69, 0x74, 0x73, 0x3e, 0x61, 0x72, 0x6d, 0x2d, 0x61, 0x36, 0x34, 0x40, 0x32, 0x30, 0x32, 0x36, 0x2d, 0x30, 0x36, 0x3a, 0x46, 0x43, 0x56, 0x54, 0x5a, 0x55, 0x5f, 0x36, 0x34,
0x48, 0x5f, 0x66, 0x6c, 0x6f, 0x61, 0x74, 0x32, 0x69, 0x6e, 0x74, 0x46, 0x43, 0x56, 0x54, 0x5a, 0x55, 0x20, 0x3c, 0x58, 0x64, 0x3e, 0x2c, 0x20, 0x3c, 0x48, 0x6e, 0x3e, 0x61, 0x72, 0x6d, 0x2d,
0x61, 0x36, 0x34, 0x40, 0x32, 0x30, 0x32, 0x36, 0x2d, 0x30, 0x36, 0x3a, 0x46, 0x43, 0x56, 0x54, 0x5a, 0x55, 0x5f, 0x36, 0x34, 0x53, 0x5f, 0x66, 0x6c, 0x6f, 0x61, 0x74, 0x32, 0x66, 0x69, 0x78,
0x46, 0x43, 0x56, 0x54, 0x5a, 0x55, 0x20, 0x3c, 0x58, 0x64, 0x3e, 0x2c, 0x20, 0x3c, 0x53, 0x6e, 0x3e, 0x2c, 0x20, 0x23, 0x3c, 0x66, 0x62, 0x69, 0x74, 0x73, 0x3e, 0x61, 0x72, 0x6d, 0x2d, 0x61,
0x36, 0x34, 0x40, 0x32, 0x30, 0x32, 0x36, 0x2d, 0x30, 0x36, 0x3a, 0x46, 0x43, 0x56, 0x54, 0x5a, 0x55, 0x5f, 0x36, 0x34, 0x53, 0x5f, 0x66, 0x6c, 0x6f, 0x61, 0x74, 0x32, 0x69, 0x6e, 0x74, 0x46,
0x43, 0x56, 0x54, 0x5a, 0x55, 0x20, 0x3c, 0x58, 0x64, 0x3e, 0x2c, 0x20, 0x3c, 0x53, 0x6e, 0x3e, 0x61, 0x72, 0x6d, 0x2d, 0x61, 0x36, 0x34, 0x40, 0x32, 0x30, 0x32, 0x36, 0x2d, 0x30, 0x36, 0x3a,
0x46, 0x43, 0x56, 0x54, 0x5a, 0x55, 0x5f, 0x61, 0x73, 0x69, 0x6d, 0x64, 0x73, 0x68, 0x66, 0x5f, 0x43, 0x46, 0x43, 0x56, 0x54, 0x5a, 0x55, 0x20, 0x3c, 0x56, 0x64, 0x3e, 0x2e, 0x3c, 0x54, 0x3e,
0x2c, 0x20, 0x3c, 0x56, 0x6e, 0x3e, 0x2e, 0x3c, 0x54, 0x3e, 0x2c, 0x20, 0x23, 0x3c, 0x66, 0x62, 0x69, 0x74, 0x73, 0x3e, 0x61, 0x72, 0x6d, 0x2d, 0x61, 0x36, 0x34, 0x40, 0x32, 0x30, 0x32, 0x36,
0x2d, 0x30, 0x36, 0x3a, 0x46, 0x43, 0x56, 0x54, 0x5a, 0x55, 0x5f, 0x61, 0x73, 0x69, 0x73, 0x64, 0x73, 0x68, 0x66, 0x5f, 0x43, 0x46, 0x43, 0x56, 0x54, 0x5a, 0x55, 0x20, 0x3c, 0x56, 0x3e, 0x3c,
0x64, 0x3e, 0x2c, 0x20, 0x3c, 0x56, 0x3e, 0x3c, 0x6e, 0x3e, 0x2c, 0x20, 0x23, 0x3c, 0x66, 0x62, 0x69, 0x74, 0x73, 0x3e, 0x61, 0x72, 0x6d, 0x2d, 0x61, 0x36, 0x34, 0x40, 0x32, 0x30, 0x32, 0x36,
0x2d, 0x30, 0x36, 0x3a, 0x46, 0x43, 0x56, 0x54, 0x5f, 0x44, 0x48, 0x5f, 0x66, 0x6c, 0x6f, 0x61, 0x74, 0x64, 0x70, 0x31, 0x46, 0x43, 0x56, 0x54, 0x20, 0x3c, 0x44, 0x64, 0x3e, 0x2c, 0x20, 0x3c,
0x48, 0x6e, 0x3e, 0x61, 0x72, 0x6d, 0x2d, 0x61, 0x36, 0x34, 0x40, 0x32, 0x30, 0x32, 0x36, 0x2d, 0x30, 0x36, 0x3a, 0x46, 0x43, 0x56, 0x54, 0x5f, 0x44, 0x53, 0x5f, 0x66, 0x6c, 0x6f, 0x61, 0x74,
0x64, 0x70, 0x31, 0x46, 0x43, 0x56, 0x54, 0x20, 0x3c, 0x44, 0x64, 0x3e, 0x2c, 0x20, 0x3c, 0x53, 0x6e, 0x3e, 0x61, 0x72, 0x6d, 0x2d, 0x61, 0x36, 0x34, 0x40, 0x32, 0x30, 0x32, 0x36, 0x2d, 0x30,
0x36, 0x3a, 0x46, 0x43, 0x56, 0x54, 0x5f, 0x48, 0x44, 0x5f, 0x66, 0x6c, 0x6f, 0x61, 0x74, 0x64, 0x70, 0x31, 0x46, 0x43, 0x56, 0x54, 0x20, 0x3c, 0x48, 0x64, 0x3e, 0x2c, 0x20, 0x3c, 0x44, 0x6e,
0x3e, 0x61, 0x72, 0x6d, 0x2d, 0x61, 0x36, 0x34, 0x40, 0x32, 0x30, 0x32, 0x36, 0x2d, 0x30, 0x36, 0x3a, 0x46, 0x43, 0x56, 0x54, 0x5f, 0x48, 0x53, 0x5f, 0x66, 0x6c, 0x6f, 0x61, 0x74, 0x64, 0x70,
0x31, 0x46, 0x43, 0x56, 0x54, 0x20, 0x3c, 0x48, 0x64, 0x3e, 0x2c, 0x20, 0x3c, 0x53, 0x6e, 0x3e, 0x61, 0x72, 0x6d, 0x2d, 0x61, 0x36, 0x34, 0x40, 0x32, 0x30, 0x32, 0x36, 0x2d, 0x30, 0x36, 0x3a,
0x46, 0x43, 0x56, 0x54, 0x5f, 0x53, 0x44, 0x5f, 0x66, 0x6c, 0x6f, 0x61, 0x74, 0x64, 0x70, 0x31, 0x46, 0x43, 0x56, 0x54, 0x20, 0x3c, 0x53, 0x64, 0x3e, 0x2c, 0x20, 0x3c, 0x44, 0x6e, 0x3e, 0x61,
0x72, 0x6d, 0x2d, 0x61, 0x36, 0x34, 0x40, 0x32, 0x30, 0x32, 0x36, 0x2d, 0x30, 0x36, 0x3a, 0x46, 0x43, 0x56, 0x54, 0x5f, 0x53, 0x48, 0x5f, 0x66, 0x6c, 0x6f, 0x61, 0x74, 0x64, 0x70, 0x31, 0x46,
0x43, 0x56, 0x54, 0x20, 0x3c, 0x53, 0x64, 0x3e, 0x2c, 0x20, 0x3c, 0x48, 0x6e, 0x3e, 0x61, 0x72, 0x6d, 0x2d, 0x61, 0x36, 0x34, 0x40, 0x32, 0x30, 0x32, 0x36, 0x2d, 0x30, 0x36, 0x3a, 0x46, 0x44,
0x49, 0x56, 0x5f, 0x44, 0x5f, 0x66, 0x6c, 0x6f, 0x61, 0x74, 0x64, 0x70, 0x32, 0x46, 0x44, 0x49, 0x56, 0x20, 0x3c, 0x44, 0x64, 0x3e, 0x2c, 0x20, 0x3c, 0x44, 0x6e, 0x3e, 0x2c, 0x20, 0x3c, 0x44,
0x6d, 0x3e, 0x61, 0x72, 0x6d, 0x2d, 0x61, 0x36, 0x34, 0x40, 0x32, 0x30, 0x32, 0x36, 0x2d, 0x30, 0x36, 0x3a, 0x46, 0x44, 0x49, 0x56, 0x5f, 0x48, 0x5f, 0x66, 0x6c, 0x6f, 0x61, 0x74, 0x64, 0x70,
0x32, 0x46, 0x44, 0x49, 0x56, 0x20, 0x3c, 0x48, 0x64, 0x3e, 0x2c, 0x20, 0x3c, 0x48, 0x6e, 0x3e, 0x2c, 0x20, 0x3c, 0x48, 0x6d, 0x3e, 0x61, 0x72, 0x6d, 0x2d, 0x61, 0x36, 0x34, 0x40, 0x32, 0x30,
0x32, 0x36, 0x2d, 0x30, 0x36, 0x3a, 0x46, 0x44, 0x49, 0x56, 0x5f, 0x53, 0x5f, 0x66, 0x6c, 0x6f, 0x61, 0x74, 0x64, 0x70, 0x32, 0x46, 0x44, 0x49, 0x56, 0x20, 0x3c, 0x53, 0x64, 0x3e, 0x2c, 0x20,
0x3c, 0x53, 0x6e, 0x3e, 0x2c, 0x20, 0x3c, 0x53, 0x6d, 0x3e, 0x61, 0x72, 0x6d, 0x2d, 0x61, 0x36, 0x34, 0x40, 0x32, 0x30, 0x32, 0x36, 0x2d, 0x30, 0x36, 0x3a, 0x46, 0x4a, 0x43, 0x56, 0x54, 0x5a,
0x53, 0x5f, 0x33, 0x32, 0x44, 0x5f, 0x66, 0x6c, 0x6f, 0x61, 0x74, 0x32, 0x69, 0x6e, 0x74, 0x46, 0x4a, 0x43, 0x56, 0x54, 0x5a, 0x53, 0x20, 0x3c, 0x57, 0x64, 0x3e, 0x2c, 0x20, 0x3c, 0x44, 0x6e,
0x3e, 0x61, 0x72, 0x6d, 0x2d, 0x61, 0x36, 0x34, 0x40, 0x32, 0x30, 0x32, 0x36, 0x2d, 0x30, 0x36, 0x3a, 0x46, 0x4d, 0x41, 0x44, 0x44, 0x5f, 0x44, 0x5f, 0x66, 0x6c, 0x6f, 0x61, 0x74, 0x64, 0x70,
0x33, 0x46, 0x4d, 0x41, 0x44, 0x44, 0x20, 0x3c, 0x44, 0x64, 0x3e, 0x2c, 0x20, 0x3c, 0x44, 0x6e, 0x3e, 0x2c, 0x20, 0x3c, 0x44, 0x6d, 0x3e, 0x2c, 0x20, 0x3c, 0x44, 0x61, 0x3e, 0x61, 0x72, 0x6d,
0x2d, 0x61, 0x36, 0x34, 0x40, 0x32, 0x30, 0x32, 0x36, 0x2d, 0x30, 0x36, 0x3a, 0x46, 0x4d, 0x41, 0x44, 0x44, 0x5f, 0x48, 0x5f, 0x66, 0x6c, 0x6f, 0x61, 0x74, 0x64, 0x70, 0x33, 0x46, 0x4d, 0x41,
0x44, 0x44, 0x20, 0x3c, 0x48, 0x64, 0x3e, 0x2c, 0x20, 0x3c, 0x48, 0x6e, 0x3e, 0x2c, 0x20, 0x3c, 0x48, 0x6d, 0x3e, 0x2c, 0x20, 0x3c, 0x48, 0x61, 0x3e, 0x61, 0x72, 0x6d, 0x2d, 0x61, 0x36, 0x34,
0x40, 0x32, 0x30, 0x32, 0x36, 0x2d, 0x30, 0x36, 0x3a, 0x46, 0x4d, 0x41, 0x44, 0x44, 0x5f, 0x53, 0x5f, 0x66, 0x6c, 0x6f, 0x61, 0x74, 0x64, 0x70, 0x33, 0x46, 0x4d, 0x41, 0x44, 0x44, 0x20, 0x3c,
0x53, 0x64, 0x3e, 0x2c, 0x20, 0x3c, 0x53, 0x6e, 0x3e, 0x2c, 0x20, 0x3c, 0x53, 0x6d, 0x3e, 0x2c, 0x20, 0x3c, 0x53, 0x61, 0x3e, 0x61, 0x72, 0x6d, 0x2d, 0x61, 0x36, 0x34, 0x40, 0x32, 0x30, 0x32,
0x36, 0x2d, 0x30, 0x36, 0x3a, 0x46, 0x4d, 0x41, 0x58, 0x4e, 0x4d, 0x5f, 0x44, 0x5f, 0x66, 0x6c, 0x6f, 0x61, 0x74, 0x64, 0x70, 0x32, 0x46, 0x4d, 0x41, 0x58, 0x4e, 0x4d, 0x20, 0x3c, 0x44, 0x64,
0x3e, 0x2c, 0x20, 0x3c, 0x44, 0x6e, 0x3e, 0x2c, 0x20, 0x3c, 0x44, 0x6d, 0x3e, 0x61, 0x72, 0x6d, 0x2d, 0x61, 0x36, 0x34, 0x40, 0x32, 0x30, 0x32, 0x36, 0x2d, 0x30, 0x36, 0x3a, 0x46, 0x4d, 0x41,
0x58, 0x4e, 0x4d, 0x5f, 0x48, 0x5f, 0x66, 0x6c, 0x6f, 0x61, 0x74, 0x64, 0x70, 0x32, 0x46, 0x4d, 0x41, 0x58, 0x4e, 0x4d, 0x20, 0x3c, 0x48, 0x64, 0x3e, 0x2c, 0x20, 0x3c, 0x48, 0x6e, 0x3e, 0x2c,
0x20, 0x3c, 0x48, 0x6d, 0x3e, 0x61, 0x72, 0x6d, 0x2d, 0x61, 0x36, 0x34, 0x40, 0x32, 0x30, 0x32, 0x36, 0x2d, 0x30, 0x36, 0x3a, 0x46, 0x4d, 0x41, 0x58, 0x4e, 0x4d, 0x5f, 0x53, 0x5f, 0x66, 0x6c,
0x6f, 0x61, 0x74, 0x64, 0x70, 0x32, 0x46, 0x4d, 0x41, 0x58, 0x4e, 0x4d, 0x20, 0x3c, 0x53, 0x64, 0x3e, 0x2c, 0x20, 0x3c, 0x53, 0x6e, 0x3e, 0x2c, 0x20, 0x3c, 0x53, 0x6d, 0x3e, 0x61, 0x72, 0x6d,
0x2d, 0x61, 0x36, 0x34, 0x40, 0x32, 0x30, 0x32, 0x36, 0x2d, 0x30, 0x36, 0x3a, 0x46, 0x4d, 0x41, 0x58, 0x5f, 0x44, 0x5f, 0x66, 0x6c, 0x6f, 0x61, 0x74, 0x64, 0x70, 0x32, 0x46, 0x4d, 0x41, 0x58,
0x20, 0x3c, 0x44, 0x64, 0x3e, 0x2c, 0x20, 0x3c, 0x44, 0x6e, 0x3e, 0x2c, 0x20, 0x3c, 0x44, 0x6d, 0x3e, 0x61, 0x72, 0x6d, 0x2d, 0x61, 0x36, 0x34, 0x40, 0x32, 0x30, 0x32, 0x36, 0x2d, 0x30, 0x36,
0x3a, 0x46, 0x4d, 0x41, 0x58, 0x5f, 0x48, 0x5f, 0x66, 0x6c, 0x6f, 0x61, 0x74, 0x64, 0x70, 0x32, 0x46, 0x4d, 0x41, 0x58, 0x20, 0x3c, 0x48, 0x64, 0x3e, 0x2c, 0x20, 0x3c, 0x48, 0x6e, 0x3e, 0x2c,
0x20, 0x3c, 0x48, 0x6d, 0x3e, 0x61, 0x72, 0x6d, 0x2d, 0x61, 0x36, 0x34, 0x40, 0x32, 0x30, 0x32, 0x36, 0x2d, 0x30, 0x36, 0x3a, 0x46, 0x4d, 0x41, 0x58, 0x5f, 0x53, 0x5f, 0x66, 0x6c, 0x6f, 0x61,
0x74, 0x64, 0x70, 0x32, 0x46, 0x4d, 0x41, 0x58, 0x20, 0x3c, 0x53, 0x64, 0x3e, 0x2c, 0x20, 0x3c, 0x53, 0x6e, 0x3e, 0x2c, 0x20, 0x3c, 0x53, 0x6d, 0x3e, 0x61, 0x72, 0x6d, 0x2d, 0x61, 0x36, 0x34,
0x40, 0x32, 0x30, 0x32, 0x36, 0x2d, 0x30, 0x36, 0x3a, 0x46, 0x4d, 0x49, 0x4e, 0x4e, 0x4d, 0x5f, 0x44, 0x5f, 0x66, 0x6c, 0x6f, 0x61, 0x74, 0x64, 0x70, 0x32, 0x46, 0x4d, 0x49, 0x4e, 0x4e, 0x4d,
0x20, 0x3c, 0x44, 0x64, 0x3e, 0x2c, 0x20, 0x3c, 0x44, 0x6e, 0x3e, 0x2c, 0x20, 0x3c, 0x44, 0x6d, 0x3e, 0x61, 0x72, 0x6d, 0x2d, 0x61, 0x36, 0x34, 0x40, 0x32, 0x30, 0x32, 0x36, 0x2d, 0x30, 0x36,
0x3a, 0x46, 0x4d, 0x49, 0x4e, 0x4e, 0x4d, 0x5f, 0x48, 0x5f, 0x66, 0x6c, 0x6f, 0x61, 0x74, 0x64, 0x70, 0x32, 0x46, 0x4d, 0x49, 0x4e, 0x4e, 0x4d, 0x20, 0x3c, 0x48, 0x64, 0x3e, 0x2c, 0x20, 0x3c,
0x48, 0x6e, 0x3e, 0x2c, 0x20, 0x3c, 0x48, 0x6d, 0x3e, 0x61, 0x72, 0x6d, 0x2d, 0x61, 0x36, 0x34, 0x40, 0x32, 0x30, 0x32, 0x36, 0x2d, 0x30, 0x36, 0x3a, 0x46, 0x4d, 0x49, 0x4e, 0x4e, 0x4d, 0x5f,
0x53, 0x5f, 0x66, 0x6c, 0x6f, 0x61, 0x74, 0x64, 0x70, 0x32, 0x46, 0x4d, 0x49, 0x4e, 0x4e, 0x4d, 0x20, 0x3c, 0x53, 0x64, 0x3e, 0x2c, 0x20, 0x3c, 0x53, 0x6e, 0x3e, 0x2c, 0x20, 0x3c, 0x53, 0x6d,
0x3e, 0x61, 0x72, 0x6d, 0x2d, 0x61, 0x36, 0x34, 0x40, 0x32, 0x30, 0x32, 0x36, 0x2d, 0x30, 0x36, 0x3a, 0x46, 0x4d, 0x49, 0x4e, 0x5f, 0x44, 0x5f, 0x66, 0x6c, 0x6f, 0x61, 0x74, 0x64, 0x70, 0x32,
0x46, 0x4d, 0x49, 0x4e, 0x20, 0x3c, 0x44, 0x64, 0x3e, 0x2c, 0x20, 0x3c, 0x44, 0x6e, 0x3e, 0x2c, 0x20, 0x3c, 0x44, 0x6d, 0x3e, 0x61, 0x72, 0x6d, 0x2d, 0x61, 0x36, 0x34, 0x40, 0x32, 0x30, 0x32,
0x36, 0x2d, 0x30, 0x36, 0x3a, 0x46, 0x4d, 0x49, 0x4e, 0x5f, 0x48, 0x5f, 0x66, 0x6c, 0x6f, 0x61, 0x74, 0x64, 0x70, 0x32, 0x46, 0x4d, 0x49, 0x4e, 0x20, 0x3c, 0x48, 0x64, 0x3e, 0x2c, 0x20, 0x3c,
0x48, 0x6e, 0x3e, 0x2c, 0x20, 0x3c, 0x48, 0x6d, 0x3e, 0x61, 0x72, 0x6d, 0x2d, 0x61, 0x36, 0x34, 0x40, 0x32, 0x30, 0x32, 0x36, 0x2d, 0x30, 0x36, 0x3a, 0x46, 0x4d, 0x49, 0x4e, 0x5f, 0x53, 0x5f,
0x66, 0x6c, 0x6f, 0x61, 0x74, 0x64, 0x70, 0x32, 0x46, 0x4d, 0x49, 0x4e, 0x20, 0x3c, 0x53, 0x64, 0x3e, 0x2c, 0x20, 0x3c, 0x53, 0x6e, 0x3e, 0x2c, 0x20, 0x3c, 0x53, 0x6d, 0x3e, 0x61, 0x72, 0x6d,
0x2d, 0x61, 0x36, 0x34, 0x40, 0x32, 0x30, 0x32, 0x36, 0x2d, 0x30, 0x36, 0x3a, 0x46, 0x4d, 0x4c, 0x41, 0x4c, 0x32, 0x5f, 0x61, 0x73, 0x69, 0x6d, 0x64, 0x65, 0x6c, 0x65, 0x6d, 0x5f, 0x4c, 0x48,
0x46, 0x4d, 0x4c, 0x41, 0x4c, 0x32, 0x20, 0x3c, 0x56, 0x64, 0x3e, 0x2e, 0x3c, 0x54, 0x61, 0x3e, 0x2c, 0x20, 0x3c, 0x56, 0x6e, 0x3e, 0x2e, 0x3c, 0x54, 0x62, 0x3e, 0x2c, 0x20, 0x3c, 0x56, 0x6d,
0x3e, 0x2e, 0x48, 0x5b, 0x3c, 0x69, 0x6e, 0x64, 0x65, 0x78, 0x3e, 0x5d, 0x61, 0x72, 0x6d, 0x2d, 0x61, 0x36, 0x34, 0x40, 0x32, 0x30, 0x32, 0x36, 0x2d, 0x30, 0x36, 0x3a, 0x46, 0x4d, 0x4c, 0x41,
0x4c, 0x5f, 0x61, 0x73, 0x69, 0x6d, 0x64, 0x65, 0x6c, 0x65, 0x6d, 0x5f, 0x4c, 0x48, 0x46, 0x4d, 0x4c, 0x41, 0x4c, 0x20, 0x3c, 0x56, 0x64, 0x3e, 0x2e, 0x3c, 0x54, 0x61, 0x3e, 0x2c, 0x20, 0x3c,
0x56, 0x6e, 0x3e, 0x2e, 0x3c, 0x54, 0x62, 0x3e, 0x2c, 0x20, 0x3c, 0x56, 0x6d, 0x3e, 0x2e, 0x48, 0x5b, 0x3c, 0x69, 0x6e, 0x64, 0x65, 0x78, 0x3e, 0x5d, 0x61, 0x72, 0x6d, 0x2d, 0x61, 0x36, 0x34,
0x40, 0x32, 0x30, 0x32, 0x36, 0x2d, 0x30, 0x36, 0x3a, 0x46, 0x4d, 0x4c, 0x41, 0x5f, 0x61, 0x73, 0x69, 0x6d, 0x64, 0x65, 0x6c, 0x65, 0x6d, 0x5f, 0x52, 0x48, 0x5f, 0x48, 0x46, 0x4d, 0x4c, 0x41,
0x20, 0x3c, 0x56, 0x64, 0x3e, 0x2e, 0x3c, 0x54, 0x3e, 0x2c, 0x20, 0x3c, 0x56, 0x6e, 0x3e, 0x2e, 0x3c, 0x54, 0x3e, 0x2c, 0x20, 0x3c, 0x56, 0x6d, 0x3e, 0x2e, 0x48, 0x5b, 0x3c, 0x69, 0x6e, 0x64,
0x65, 0x78, 0x3e, 0x5d, 0x61, 0x72, 0x6d, 0x2d, 0x61, 0x36, 0x34, 0x40, 0x32, 0x30, 0x32, 0x36, 0x2d, 0x30, 0x36, 0x3a, 0x46, 0x4d, 0x4c, 0x41, 0x5f, 0x61, 0x73, 0x69, 0x6d, 0x64, 0x65, 0x6c,
0x65, 0x6d, 0x5f, 0x52, 0x5f, 0x53, 0x44, 0x46, 0x4d, 0x4c, 0x41, 0x20, 0x3c, 0x56, 0x64, 0x3e, 0x2e, 0x3c, 0x54, 0x3e, 0x2c, 0x20, 0x3c, 0x56, 0x6e, 0x3e, 0x2e, 0x3c, 0x54, 0x3e, 0x2c, 0x20,
0x3c, 0x56, 0x6d, 0x3e, 0x2e, 0x3c, 0x54, 0x73, 0x3e, 0x5b, 0x3c, 0x69, 0x6e, 0x64, 0x65, 0x78, 0x3e, 0x5d, 0x61, 0x72, 0x6d, 0x2d, 0x61, 0x36, 0x34, 0x40, 0x32, 0x30, 0x32, 0x36, 0x2d, 0x30,
0x36, 0x3a, 0x46, 0x4d, 0x4c, 0x41, 0x5f, 0x61, 0x73, 0x69, 0x73, 0x64, 0x65, 0x6c, 0x65, 0x6d, 0x5f, 0x52, 0x48, 0x5f, 0x48, 0x46, 0x4d, 0x4c, 0x41, 0x20, 0x3c, 0x48, 0x64, 0x3e, 0x2c, 0x20,
0x3c, 0x48, 0x6e, 0x3e, 0x2c, 0x20, 0x3c, 0x56, 0x6d, 0x3e, 0x2e, 0x48, 0x5b, 0x3c, 0x69, 0x6e, 0x64, 0x65, 0x78, 0x3e, 0x5d, 0x61, 0x72, 0x6d, 0x2d, 0x61, 0x36, 0x34, 0x40, 0x32, 0x30, 0x32,
0x36, 0x2d, 0x30, 0x36, 0x3a, 0x46, 0x4d, 0x4c, 0x41, 0x5f, 0x61, 0x73, 0x69, 0x73, 0x64, 0x65, 0x6c, 0x65, 0x6d, 0x5f, 0x52, 0x5f, 0x53, 0x44, 0x46, 0x4d, 0x4c, 0x41, 0x20, 0x3c, 0x56, 0x3e,
0x3c, 0x64, 0x3e, 0x2c, 0x20, 0x3c, 0x56, 0x3e, 0x3c, 0x6e, 0x3e, 0x2c, 0x20, 0x3c, 0x56, 0x6d, 0x3e, 0x2e, 0x3c, 0x54, 0x73, 0x3e, 0x5b, 0x3c, 0x69, 0x6e, 0x64, 0x65, 0x78, 0x3e, 0x5d, 0x61,
0x72, 0x6d, 0x2d, 0x61, 0x36, 0x34, 0x40, 0x32, 0x30, 0x32, 0x36, 0x2d, 0x30, 0x36, 0x3a, 0x46, 0x4d, 0x4c, 0x53, 0x4c, 0x32, 0x5f, 0x61, 0x73, 0x69, 0x6d, 0x64, 0x65, 0x6c, 0x65, 0x6d, 0x5f,
0x4c, 0x48, 0x46, 0x4d, 0x4c, 0x53, 0x4c, 0x32, 0x20, 0x3c, 0x56, 0x64, 0x3e, 0x2e, 0x3c, 0x54, 0x61, 0x3e, 0x2c, 0x20, 0x3c, 0x56, 0x6e, 0x3e, 0x2e, 0x3c, 0x54, 0x62, 0x3e, 0x2c, 0x20, 0x3c,
0x56, 0x6d, 0x3e, 0x2e, 0x48, 0x5b, 0x3c, 0x69, 0x6e, 0x64, 0x65, 0x78, 0x3e, 0x5d, 0x61, 0x72, 0x6d, 0x2d, 0x61, 0x36, 0x34, 0x40, 0x32, 0x30, 0x32, 0x36, 0x2d, 0x30, 0x36, 0x3a, 0x46, 0x4d,
0x4c, 0x53, 0x4c, 0x5f, 0x61, 0x73, 0x69, 0x6d, 0x64, 0x65, 0x6c, 0x65, 0x6d, 0x5f, 0x4c, 0x48, 0x46, 0x4d, 0x4c, 0x53, 0x4c, 0x20, 0x3c, 0x56, 0x64, 0x3e, 0x2e, 0x3c, 0x54, 0x61, 0x3e, 0x2c,
0x20, 0x3c, 0x56, 0x6e, 0x3e, 0x2e, 0x3c, 0x54, 0x62, 0x3e, 0x2c, 0x20, 0x3c, 0x56, 0x6d, 0x3e, 0x2e, 0x48, 0x5b, 0x3c, 0x69, 0x6e, 0x64, 0x65, 0x78, 0x3e, 0x5d, 0x61, 0x72, 0x6d, 0x2d, 0x61,
0x36, 0x34, 0x40, 0x32, 0x30, 0x32, 0x36, 0x2d, 0x30, 0x36, 0x3a, 0x46, 0x4d, 0x4c, 0x53, 0x5f, 0x61, 0x73, 0x69, 0x6d, 0x64, 0x65, 0x6c, 0x65, 0x6d, 0x5f, 0x52, 0x48, 0x5f, 0x48, 0x46, 0x4d,
0x4c, 0x53, 0x20, 0x3c, 0x56, 0x64, 0x3e, 0x2e, 0x3c, 0x54, 0x3e, 0x2c, 0x20, 0x3c, 0x56, 0x6e, 0x3e, 0x2e, 0x3c, 0x54, 0x3e, 0x2c, 0x20, 0x3c, 0x56, 0x6d, 0x3e, 0x2e, 0x48, 0x5b, 0x3c, 0x69,
0x6e, 0x64, 0x65, 0x78, 0x3e, 0x5d, 0x61, 0x72, 0x6d, 0x2d, 0x61, 0x36, 0x34, 0x40, 0x32, 0x30, 0x32, 0x36, 0x2d, 0x30, 0x36, 0x3a, 0x46, 0x4d, 0x4c, 0x53, 0x5f, 0x61, 0x73, 0x69, 0x6d, 0x64,
0x65, 0x6c, 0x65, 0x6d, 0x5f, 0x52, 0x5f, 0x53, 0x44, 0x46, 0x4d, 0x4c, 0x53, 0x20, 0x3c, 0x56, 0x64, 0x3e, 0x2e, 0x3c, 0x54, 0x3e, 0x2c, 0x20, 0x3c, 0x56, 0x6e, 0x3e, 0x2e, 0x3c, 0x54, 0x3e,
0x2c, 0x20, 0x3c, 0x56, 0x6d, 0x3e, 0x2e, 0x3c, 0x54, 0x73, 0x3e, 0x5b, 0x3c, 0x69, 0x6e, 0x64, 0x65, 0x78, 0x3e, 0x5d, 0x61, 0x72, 0x6d, 0x2d, 0x61, 0x36, 0x34, 0x40, 0x32, 0x30, 0x32, 0x36,
0x2d, 0x30, 0x36, 0x3a, 0x46, 0x4d, 0x4c, 0x53, 0x5f, 0x61, 0x73, 0x69, 0x73, 0x64, 0x65, 0x6c, 0x65, 0x6d, 0x5f, 0x52, 0x48, 0x5f, 0x48, 0x46, 0x4d, 0x4c, 0x53, 0x20, 0x3c, 0x48, 0x64, 0x3e,
0x2c, 0x20, 0x3c, 0x48, 0x6e, 0x3e, 0x2c, 0x20, 0x3c, 0x56, 0x6d, 0x3e, 0x2e, 0x48, 0x5b, 0x3c, 0x69, 0x6e, 0x64, 0x65, 0x78, 0x3e, 0x5d, 0x61, 0x72, 0x6d, 0x2d, 0x61, 0x36, 0x34, 0x40, 0x32,
0x30, 0x32, 0x36, 0x2d, 0x30, 0x36, 0x3a, 0x46, 0x4d, 0x4c, 0x53, 0x5f, 0x61, 0x73, 0x69, 0x73, 0x64, 0x65, 0x6c, 0x65, 0x6d, 0x5f, 0x52, 0x5f, 0x53, 0x44, 0x46, 0x4d, 0x4c, 0x53, 0x20, 0x3c,
0x56, 0x3e, 0x3c, 0x64, 0x3e, 0x2c, 0x20, 0x3c, 0x56, 0x3e, 0x3c, 0x6e, 0x3e, 0x2c, 0x20, 0x3c, 0x56, 0x6d, 0x3e, 0x2e, 0x3c, 0x54, 0x73, 0x3e, 0x5b, 0x3c, 0x69, 0x6e, 0x64, 0x65, 0x78, 0x3e,
0x5d, 0x61, 0x72, 0x6d, 0x2d, 0x61, 0x36, 0x34, 0x40, 0x32, 0x30, 0x32, 0x36, 0x2d, 0x30, 0x36, 0x3a, 0x46, 0x4d, 0x4f, 0x56, 0x5f, 0x33, 0x32, 0x48, 0x5f, 0x66, 0x6c, 0x6f, 0x61, 0x74, 0x32,
0x69, 0x6e, 0x74, 0x46, 0x4d, 0x4f, 0x56, 0x20, 0x3c, 0x57, 0x64, 0x3e, 0x2c, 0x20, 0x3c, 0x48, 0x6e, 0x3e, 0x61, 0x72, 0x6d, 0x2d, 0x61, 0x36, 0x34, 0x40, 0x32, 0x30, 0x32, 0x36, 0x2d, 0x30,
0x36, 0x3a, 0x46, 0x4d, 0x4f, 0x56, 0x5f, 0x33, 0x32, 0x53, 0x5f, 0x66, 0x6c, 0x6f, 0x61, 0x74, 0x32, 0x69, 0x6e, 0x74, 0x46, 0x4d, 0x4f, 0x56, 0x20, 0x3c, 0x57, 0x64, 0x3e, 0x2c, 0x20, 0x3c,
0x53, 0x6e, 0x3e, 0x61, 0x72, 0x6d, 0x2d, 0x61, 0x36, 0x34, 0x40, 0x32, 0x30, 0x32, 0x36, 0x2d, 0x30, 0x36, 0x3a, 0x46, 0x4d, 0x4f, 0x56, 0x5f, 0x36, 0x34, 0x44, 0x5f, 0x66, 0x6c, 0x6f, 0x61,
0x74, 0x32, 0x69, 0x6e, 0x74, 0x46, 0x4d, 0x4f, 0x56, 0x20, 0x3c, 0x58, 0x64, 0x3e, 0x2c, 0x20, 0x3c, 0x44, 0x6e, 0x3e, 0x61, 0x72, 0x6d, 0x2d, 0x61, 0x36, 0x34, 0x40, 0x32, 0x30, 0x32, 0x36,
0x2d, 0x30, 0x36, 0x3a, 0x46, 0x4d, 0x4f, 0x56, 0x5f, 0x36, 0x34, 0x48, 0x5f, 0x66, 0x6c, 0x6f, 0x61, 0x74, 0x32, 0x69, 0x6e, 0x74, 0x46, 0x4d, 0x4f, 0x56, 0x20, 0x3c, 0x58, 0x64, 0x3e, 0x2c,
0x20, 0x3c, 0x48, 0x6e, 0x3e, 0x61, 0x72, 0x6d, 0x2d, 0x61, 0x36, 0x34, 0x40, 0x32, 0x30, 0x32, 0x36, 0x2d, 0x30, 0x36, 0x3a, 0x46, 0x4d, 0x4f, 0x56, 0x5f, 0x36, 0x34, 0x56, 0x58, 0x5f, 0x66,
0x6c, 0x6f, 0x61, 0x74, 0x32, 0x69, 0x6e, 0x74, 0x46, 0x4d, 0x4f, 0x56, 0x20, 0x3c, 0x58, 0x64, 0x3e, 0x2c, 0x20, 0x3c, 0x56, 0x6e, 0x3e, 0x2e, 0x44, 0x5b, 0x31, 0x5d, 0x61, 0x72, 0x6d, 0x2d,
0x61, 0x36, 0x34, 0x40, 0x32, 0x30, 0x32, 0x36, 0x2d, 0x30, 0x36, 0x3a, 0x46, 0x4d, 0x4f, 0x56, 0x5f, 0x44, 0x36, 0x34, 0x5f, 0x66, 0x6c, 0x6f, 0x61, 0x74, 0x32, 0x69, 0x6e, 0x74, 0x46, 0x4d,
0x4f, 0x56, 0x20, 0x3c, 0x44, 0x64, 0x3e, 0x2c, 0x20, 0x3c, 0x58, 0x6e, 0x3e, 0x61, 0x72, 0x6d, 0x2d, 0x61, 0x36, 0x34, 0x40, 0x32, 0x30, 0x32, 0x36, 0x2d, 0x30, 0x36, 0x3a, 0x46, 0x4d, 0x4f,
0x56, 0x5f, 0x44, 0x5f, 0x66, 0x6c, 0x6f, 0x61, 0x74, 0x64, 0x70, 0x31, 0x46, 0x4d, 0x4f, 0x56, 0x20, 0x3c, 0x44, 0x64, 0x3e, 0x2c, 0x20, 0x3c, 0x44, 0x6e, 0x3e, 0x61, 0x72, 0x6d, 0x2d, 0x61,
0x36, 0x34, 0x40, 0x32, 0x30, 0x32, 0x36, 0x2d, 0x30, 0x36, 0x3a, 0x46, 0x4d, 0x4f, 0x56, 0x5f, 0x44, 0x5f, 0x66, 0x6c, 0x6f, 0x61, 0x74, 0x69, 0x6d, 0x6d, 0x46, 0x4d, 0x4f, 0x56, 0x20, 0x3c,
0x44, 0x64, 0x3e, 0x2c, 0x20, 0x23, 0x3c, 0x69, 0x6d, 0x6d, 0x3e, 0x61, 0x72, 0x6d, 0x2d, 0x61, 0x36, 0x34, 0x40, 0x32, 0x30, 0x32, 0x36, 0x2d, 0x30, 0x36, 0x3a, 0x46, 0x4d, 0x4f, 0x56, 0x5f,
0x48, 0x33, 0x32, 0x5f, 0x66, 0x6c, 0x6f, 0x61, 0x74, 0x32, 0x69, 0x6e, 0x74, 0x46, 0x4d, 0x4f, 0x56, 0x20, 0x3c, 0x48, 0x64, 0x3e, 0x2c, 0x20, 0x3c, 0x57, 0x6e, 0x3e, 0x61, 0x72, 0x6d, 0x2d,
0x61, 0x36, 0x34, 0x40, 0x32, 0x30, 0x32, 0x36, 0x2d, 0x30, 0x36, 0x3a, 0x46, 0x4d, 0x4f, 0x56, 0x5f, 0x48, 0x36, 0x34, 0x5f, 0x66, 0x6c, 0x6f, 0x61, 0x74, 0x32, 0x69, 0x6e, 0x74, 0x46, 0x4d,
0x4f, 0x56, 0x20, 0x3c, 0x48, 0x64, 0x3e, 0x2c, 0x20, 0x3c, 0x58, 0x6e, 0x3e, 0x61, 0x72, 0x6d, 0x2d, 0x61, 0x36, 0x34, 0x40, 0x32, 0x30, 0x32, 0x36, 0x2d, 0x30, 0x36, 0x3a, 0x46, 0x4d, 0x4f,
0x56, 0x5f, 0x48, 0x5f, 0x66, 0x6c, 0x6f, 0x61, 0x74, 0x64, 0x70, 0x31, 0x46, 0x4d, 0x4f, 0x56, 0x20, 0x3c, 0x48, 0x64, 0x3e, 0x2c, 0x20, 0x3c, 0x48, 0x6e, 0x3e, 0x61, 0x72, 0x6d, 0x2d, 0x61,
0x36, 0x34, 0x40, 0x32, 0x30, 0x32, 0x36, 0x2d, 0x30, 0x36, 0x3a, 0x46, 0x4d, 0x4f, 0x56, 0x5f, 0x48, 0x5f, 0x66, 0x6c, 0x6f, 0x61, 0x74, 0x69, 0x6d, 0x6d, 0x46, 0x4d, 0x4f, 0x56, 0x20, 0x3c,
0x48, 0x64, 0x3e, 0x2c, 0x20, 0x23, 0x3c, 0x69, 0x6d, 0x6d, 0x3e, 0x61, 0x72, 0x6d, 0x2d, 0x61, 0x36, 0x34, 0x40, 0x32, 0x30, 0x32, 0x36, 0x2d, 0x30, 0x36, 0x3a, 0x46, 0x4d, 0x4f, 0x56, 0x5f,
0x53, 0x33, 0x32, 0x5f, 0x66, 0x6c, 0x6f, 0x61, 0x74, 0x32, 0x69, 0x6e, 0x74, 0x46, 0x4d, 0x4f, 0x56, 0x20, 0x3c, 0x53, 0x64, 0x3e, 0x2c, 0x20, 0x3c, 0x57, 0x6e, 0x3e, 0x61, 0x72, 0x6d, 0x2d,
0x61, 0x36, 0x34, 0x40, 0x32, 0x30, 0x32, 0x36, 0x2d, 0x30, 0x36, 0x3a, 0x46, 0x4d, 0x4f, 0x56, 0x5f, 0x53, 0x5f, 0x66, 0x6c, 0x6f, 0x61, 0x74, 0x64, 0x70, 0x31, 0x46, 0x4d, 0x4f, 0x56, 0x20,
0x3c, 0x53, 0x64, 0x3e, 0x2c, 0x20, 0x3c, 0x53, 0x6e, 0x3e, 0x61, 0x72, 0x6d, 0x2d, 0x61, 0x36, 0x34, 0x40, 0x32, 0x30, 0x32, 0x36, 0x2d, 0x30, 0x36, 0x3a, 0x46, 0x4d, 0x4f, 0x56, 0x5f, 0x53,
0x5f, 0x66, 0x6c, 0x6f, 0x61, 0x74, 0x69, 0x6d, 0x6d, 0x46, 0x4d, 0x4f, 0x56, 0x20, 0x3c, 0x53, 0x64, 0x3e, 0x2c, 0x20, 0x23, 0x3c, 0x69, 0x6d, 0x6d, 0x3e, 0x61, 0x72, 0x6d, 0x2d, 0x61, 0x36,
0x34, 0x40, 0x32, 0x30, 0x32, 0x36, 0x2d, 0x30, 0x36, 0x3a, 0x46, 0x4d, 0x4f, 0x56, 0x5f, 0x56, 0x36, 0x34, 0x49, 0x5f, 0x66, 0x6c, 0x6f, 0x61, 0x74, 0x32, 0x69, 0x6e, 0x74, 0x46, 0x4d, 0x4f,
0x56, 0x20, 0x3c, 0x56, 0x64, 0x3e, 0x2e, 0x44, 0x5b, 0x31, 0x5d, 0x2c, 0x20, 0x3c, 0x58, 0x6e, 0x3e, 0x61, 0x72, 0x6d, 0x2d, 0x61, 0x36, 0x34, 0x40, 0x32, 0x30, 0x32, 0x36, 0x2d, 0x30, 0x36,
0x3a, 0x46, 0x4d, 0x4f, 0x56, 0x5f, 0x61, 0x73, 0x69, 0x6d, 0x64, 0x69, 0x6d, 0x6d, 0x5f, 0x44, 0x32, 0x5f, 0x64, 0x46, 0x4d, 0x4f, 0x56, 0x20, 0x3c, 0x56, 0x64, 0x3e, 0x2e, 0x32, 0x44, 0x2c,
0x20, 0x23, 0x3c, 0x69, 0x6d, 0x6d, 0x3e, 0x61, 0x72, 0x6d, 0x2d, 0x61, 0x36, 0x34, 0x40, 0x32, 0x30, 0x32, 0x36, 0x2d, 0x30, 0x36, 0x3a, 0x46, 0x4d, 0x4f, 0x56, 0x5f, 0x61, 0x73, 0x69, 0x6d,
0x64, 0x69, 0x6d, 0x6d, 0x5f, 0x48, 0x5f, 0x68, 0x46, 0x4d, 0x4f, 0x56, 0x20, 0x3c, 0x56, 0x64, 0x3e, 0x2e, 0x3c, 0x54, 0x3e, 0x2c, 0x20, 0x23, 0x3c, 0x69, 0x6d, 0x6d, 0x3e, 0x61, 0x72, 0x6d,
0x2d, 0x61, 0x36, 0x34, 0x40, 0x32, 0x30, 0x32, 0x36, 0x2d, 0x30, 0x36, 0x3a, 0x46, 0x4d, 0x4f, 0x56, 0x5f, 0x61, 0x73, 0x69, 0x6d, 0x64, 0x69, 0x6d, 0x6d, 0x5f, 0x53, 0x5f, 0x73, 0x61, 0x72,
0x6d, 0x2d, 0x61, 0x36, 0x34, 0x40, 0x32, 0x30, 0x32, 0x36, 0x2d, 0x30, 0x36, 0x3a, 0x46, 0x4d, 0x53, 0x55, 0x42, 0x5f, 0x44, 0x5f, 0x66, 0x6c, 0x6f, 0x61, 0x74, 0x64, 0x70, 0x33, 0x46, 0x4d,
0x53, 0x55, 0x42, 0x20, 0x3c, 0x44, 0x64, 0x3e, 0x2c, 0x20, 0x3c, 0x44, 0x6e, 0x3e, 0x2c, 0x20, 0x3c, 0x44, 0x6d, 0x3e, 0x2c, 0x20, 0x3c, 0x44, 0x61, 0x3e, 0x61, 0x72, 0x6d, 0x2d, 0x61, 0x36,
0x34, 0x40, 0x32, 0x30, 0x32, 0x36, 0x2d, 0x30, 0x36, 0x3a, 0x46, 0x4d, 0x53, 0x55, 0x42, 0x5f, 0x48, 0x5f, 0x66, 0x6c, 0x6f, 0x61, 0x74, 0x64, 0x70, 0x33, 0x46, 0x4d, 0x53, 0x55, 0x42, 0x20,
0x3c, 0x48, 0x64, 0x3e, 0x2c, 0x20, 0x3c, 0x48, 0x6e, 0x3e, 0x2c, 0x20, 0x3c, 0x48, 0x6d, 0x3e, 0x2c, 0x20, 0x3c, 0x48, 0x61, 0x3e, 0x61, 0x72, 0x6d, 0x2d, 0x61, 0x36, 0x34, 0x40, 0x32, 0x30,
0x32, 0x36, 0x2d, 0x30, 0x36, 0x3a, 0x46, 0x4d, 0x53, 0x55, 0x42, 0x5f, 0x53, 0x5f, 0x66, 0x6c, 0x6f, 0x61, 0x74, 0x64, 0x70, 0x33, 0x46, 0x4d, 0x53, 0x55, 0x42, 0x20, 0x3c, 0x53, 0x64, 0x3e,
0x2c, 0x20, 0x3c, 0x53, 0x6e, 0x3e, 0x2c, 0x20, 0x3c, 0x53, 0x6d, 0x3e, 0x2c, 0x20, 0x3c, 0x53, 0x61, 0x3e, 0x61, 0x72, 0x6d, 0x2d, 0x61, 0x36, 0x34, 0x40, 0x32, 0x30, 0x32, 0x36, 0x2d, 0x30,
0x36, 0x3a, 0x46, 0x4d, 0x55, 0x4c, 0x58, 0x5f, 0x61, 0x73, 0x69, 0x6d, 0x64, 0x65, 0x6c, 0x65, 0x6d, 0x5f, 0x52, 0x48, 0x5f, 0x48, 0x46, 0x4d, 0x55, 0x4c, 0x58, 0x20, 0x3c, 0x56, 0x64, 0x3e,
0x2e, 0x3c, 0x54, 0x3e, 0x2c, 0x20, 0x3c, 0x56, 0x6e, 0x3e, 0x2e, 0x3c, 0x54, 0x3e, 0x2c, 0x20, 0x3c, 0x56, 0x6d, 0x3e, 0x2e, 0x48, 0x5b, 0x3c, 0x69, 0x6e, 0x64, 0x65, 0x78, 0x3e, 0x5d, 0x61,
0x72, 0x6d, 0x2d, 0x61, 0x36, 0x34, 0x40, 0x32, 0x30, 0x32, 0x36, 0x2d, 0x30, 0x36, 0x3a, 0x46, 0x4d, 0x55, 0x4c, 0x58, 0x5f, 0x61, 0x73, 0x69, 0x6d, 0x64, 0x65, 0x6c, 0x65, 0x6d, 0x5f, 0x52,
0x5f, 0x53, 0x44, 0x46, 0x4d, 0x55, 0x4c, 0x58, 0x20, 0x3c, 0x56, 0x64, 0x3e, 0x2e, 0x3c, 0x54, 0x3e, 0x2c, 0x20, 0x3c, 0x56, 0x6e, 0x3e, 0x2e, 0x3c, 0x54, 0x3e, 0x2c, 0x20, 0x3c, 0x56, 0x6d,
0x3e, 0x2e, 0x3c, 0x54, 0x73, 0x3e, 0x5b, 0x3c, 0x69, 0x6e, 0x64, 0x65, 0x78, 0x3e, 0x5d, 0x61, 0x72, 0x6d, 0x2d, 0x61, 0x36, 0x34, 0x40, 0x32, 0x30, 0x32, 0x36, 0x2d, 0x30, 0x36, 0x3a, 0x46,
0x4d, 0x55, 0x4c, 0x58, 0x5f, 0x61, 0x73, 0x69, 0x73, 0x64, 0x65, 0x6c, 0x65, 0x6d, 0x5f, 0x52, 0x48, 0x5f, 0x48, 0x46, 0x4d, 0x55, 0x4c, 0x58, 0x20, 0x3c, 0x48, 0x64, 0x3e, 0x2c, 0x20, 0x3c,
0x48, 0x6e, 0x3e, 0x2c, 0x20, 0x3c, 0x56, 0x6d, 0x3e, 0x2e, 0x48, 0x5b, 0x3c, 0x69, 0x6e, 0x64, 0x65, 0x78, 0x3e, 0x5d, 0x61, 0x72, 0x6d, 0x2d, 0x61, 0x36, 0x34, 0x40, 0x32, 0x30, 0x32, 0x36,
0x2d, 0x30, 0x36, 0x3a, 0x46, 0x4d, 0x55, 0x4c, 0x58, 0x5f, 0x61, 0x73, 0x69, 0x73, 0x64, 0x65, 0x6c, 0x65, 0x6d, 0x5f, 0x52, 0x5f, 0x53, 0x44, 0x46, 0x4d, 0x55, 0x4c, 0x58, 0x20, 0x3c, 0x56,
0x3e, 0x3c, 0x64, 0x3e, 0x2c, 0x20, 0x3c, 0x56, 0x3e, 0x3c, 0x6e, 0x3e, 0x2c, 0x20, 0x3c, 0x56, 0x6d, 0x3e, 0x2e, 0x3c, 0x54, 0x73, 0x3e, 0x5b, 0x3c, 0x69, 0x6e, 0x64, 0x65, 0x78, 0x3e, 0x5d,
0x61, 0x72, 0x6d, 0x2d, 0x61, 0x36, 0x34, 0x40, 0x32, 0x30, 0x32, 0x36, 0x2d, 0x30, 0x36, 0x3a, 0x46, 0x4d, 0x55, 0x4c, 0x5f, 0x44, 0x5f, 0x66, 0x6c, 0x6f, 0x61, 0x74, 0x64, 0x70, 0x32, 0x46,
0x4d, 0x55, 0x4c, 0x20, 0x3c, 0x44, 0x64, 0x3e, 0x2c, 0x20, 0x3c, 0x44, 0x6e, 0x3e, 0x2c, 0x20, 0x3c, 0x44, 0x6d, 0x3e, 0x61, 0x72, 0x6d, 0x2d, 0x61, 0x36, 0x34, 0x40, 0x32, 0x30, 0x32, 0x36,
0x2d, 0x30, 0x36, 0x3a, 0x46, 0x4d, 0x55, 0x4c, 0x5f, 0x48, 0x5f, 0x66, 0x6c, 0x6f, 0x61, 0x74, 0x64, 0x70, 0x32, 0x46, 0x4d, 0x55, 0x4c, 0x20, 0x3c, 0x48, 0x64, 0x3e, 0x2c, 0x20, 0x3c, 0x48,
0x6e, 0x3e, 0x2c, 0x20, 0x3c, 0x48, 0x6d, 0x3e, 0x61, 0x72, 0x6d, 0x2d, 0x61, 0x36, 0x34, 0x40, 0x32, 0x30, 0x32, 0x36, 0x2d, 0x30, 0x36, 0x3a, 0x46, 0x4d, 0x55, 0x4c, 0x5f, 0x53, 0x5f, 0x66,
0x6c, 0x6f, 0x61, 0x74, 0x64, 0x70, 0x32, 0x46, 0x4d, 0x55, 0x4c, 0x20, 0x3c, 0x53, 0x64, 0x3e, 0x2c, 0x20, 0x3c, 0x53, 0x6e, 0x3e, 0x2c, 0x20, 0x3c, 0x53, 0x6d, 0x3e, 0x61, 0x72, 0x6d, 0x2d,
0x61, 0x36, 0x34, 0x40, 0x32, 0x30, 0x32, 0x36, 0x2d, 0x30, 0x36, 0x3a, 0x46, 0x4d, 0x55, 0x4c, 0x5f, 0x61, 0x73, 0x69, 0x6d, 0x64, 0x65, 0x6c, 0x65, 0x6d, 0x5f, 0x52, 0x48, 0x5f, 0x48, 0x46,
0x4d, 0x55, 0x4c, 0x20, 0x3c, 0x56, 0x64, 0x3e, 0x2e, 0x3c, 0x54, 0x3e, 0x2c, 0x20, 0x3c, 0x56, 0x6e, 0x3e, 0x2e, 0x3c, 0x54, 0x3e, 0x2c, 0x20, 0x3c, 0x56, 0x6d, 0x3e, 0x2e, 0x48, 0x5b, 0x3c,
0x69, 0x6e, 0x64, 0x65, 0x78, 0x3e, 0x5d, 0x61, 0x72, 0x6d, 0x2d, 0x61, 0x36, 0x34, 0x40, 0x32, 0x30, 0x32, 0x36, 0x2d, 0x30, 0x36, 0x3a, 0x46, 0x4d, 0x55, 0x4c, 0x5f, 0x61, 0x73, 0x69, 0x6d,
0x64, 0x65, 0x6c, 0x65, 0x6d, 0x5f, 0x52, 0x5f, 0x53, 0x44, 0x46, 0x4d, 0x55, 0x4c, 0x20, 0x3c, 0x56, 0x64, 0x3e, 0x2e, 0x3c, 0x54, 0x3e, 0x2c, 0x20, 0x3c, 0x56, 0x6e, 0x3e, 0x2e, 0x3c, 0x54,
0x3e, 0x2c, 0x20, 0x3c, 0x56, 0x6d, 0x3e, 0x2e, 0x3c, 0x54, 0x73, 0x3e, 0x5b, 0x3c, 0x69, 0x6e, 0x64, 0x65, 0x78, 0x3e, 0x5d, 0x61, 0x72, 0x6d, 0x2d, 0x61, 0x36, 0x34, 0x40, 0x32, 0x30, 0x32,
0x36, 0x2d, 0x30, 0x36, 0x3a, 0x46, 0x4d, 0x55, 0x4c, 0x5f, 0x61, 0x73, 0x69, 0x73, 0x64, 0x65, 0x6c, 0x65, 0x6d, 0x5f, 0x52, 0x48, 0x5f, 0x48, 0x46, 0x4d, 0x55, 0x4c, 0x20, 0x3c, 0x48, 0x64,
0x3e, 0x2c, 0x20, 0x3c, 0x48, 0x6e, 0x3e, 0x2c, 0x20, 0x3c, 0x56, 0x6d, 0x3e, 0x2e, 0x48, 0x5b, 0x3c, 0x69, 0x6e, 0x64, 0x65, 0x78, 0x3e, 0x5d, 0x61, 0x72, 0x6d, 0x2d, 0x61, 0x36, 0x34, 0x40,
0x32, 0x30, 0x32, 0x36, 0x2d, 0x30, 0x36, 0x3a, 0x46, 0x4d, 0x55, 0x4c, 0x5f, 0x61, 0x73, 0x69, 0x73, 0x64, 0x65, 0x6c, 0x65, 0x6d, 0x5f, 0x52, 0x5f, 0x53, 0x44, 0x46, 0x4d, 0x55, 0x4c, 0x20,
0x3c, 0x56, 0x3e, 0x3c, 0x64, 0x3e, 0x2c, 0x20, 0x3c, 0x56, 0x3e, 0x3c, 0x6e, 0x3e, 0x2c, 0x20, 0x3c, 0x56, 0x6d, 0x3e, 0x2e, 0x3c, 0x54, 0x73, 0x3e, 0x5b, 0x3c, 0x69, 0x6e, 0x64, 0x65, 0x78,
0x3e, 0x5d, 0x61, 0x72, 0x6d, 0x2d, 0x61, 0x36, 0x34, 0x40, 0x32, 0x30, 0x32, 0x36, 0x2d, 0x30, 0x36, 0x3a, 0x46, 0x4e, 0x45, 0x47, 0x5f, 0x44, 0x5f, 0x66, 0x6c, 0x6f, 0x61, 0x74, 0x64, 0x70,
0x31, 0x46, 0x4e, 0x45, 0x47, 0x20, 0x3c, 0x44, 0x64, 0x3e, 0x2c, 0x20, 0x3c, 0x44, 0x6e, 0x3e, 0x61, 0x72, 0x6d, 0x2d, 0x61, 0x36, 0x34, 0x40, 0x32, 0x30, 0x32, 0x36, 0x2d, 0x30, 0x36, 0x3a,
0x46, 0x4e, 0x45, 0x47, 0x5f, 0x48, 0x5f, 0x66, 0x6c, 0x6f, 0x61, 0x74, 0x64, 0x70, 0x31, 0x46, 0x4e, 0x45, 0x47, 0x20, 0x3c, 0x48, 0x64, 0x3e, 0x2c, 0x20, 0x3c, 0x48, 0x6e, 0x3e, 0x61, 0x72,
0x6d, 0x2d, 0x61, 0x36, 0x34, 0x40, 0x32, 0x30, 0x32, 0x36, 0x2d, 0x30, 0x36, 0x3a, 0x46, 0x4e, 0x45, 0x47, 0x5f, 0x53, 0x5f, 0x66, 0x6c, 0x6f, 0x61, 0x74, 0x64, 0x70, 0x31, 0x46, 0x4e, 0x45,
0x47, 0x20, 0x3c, 0x53, 0x64, 0x3e, 0x2c, 0x20, 0x3c, 0x53, 0x6e, 0x3e, 0x61, 0x72, 0x6d, 0x2d, 0x61, 0x36, 0x34, 0x40, 0x32, 0x30, 0x32, 0x36, 0x2d, 0x30, 0x36, 0x3a, 0x46, 0x4e, 0x4d, 0x41,
0x44, 0x44, 0x5f, 0x44, 0x5f, 0x66, 0x6c, 0x6f, 0x61, 0x74, 0x64, 0x70, 0x33, 0x46, 0x4e, 0x4d, 0x41, 0x44, 0x44, 0x20, 0x3c, 0x44, 0x64, 0x3e, 0x2c, 0x20, 0x3c, 0x44, 0x6e, 0x3e, 0x2c, 0x20,
0x3c, 0x44, 0x6d, 0x3e, 0x2c, 0x20, 0x3c, 0x44, 0x61, 0x3e, 0x61, 0x72, 0x6d, 0x2d, 0x61, 0x36, 0x34, 0x40, 0x32, 0x30, 0x32, 0x36, 0x2d, 0x30, 0x36, 0x3a, 0x46, 0x4e, 0x4d, 0x41, 0x44, 0x44,
0x5f, 0x48, 0x5f, 0x66, 0x6c, 0x6f, 0x61, 0x74, 0x64, 0x70, 0x33, 0x46, 0x4e, 0x4d, 0x41, 0x44, 0x44, 0x20, 0x3c, 0x48, 0x64, 0x3e, 0x2c, 0x20, 0x3c, 0x48, 0x6e, 0x3e, 0x2c, 0x20, 0x3c, 0x48,
0x6d, 0x3e, 0x2c, 0x20, 0x3c, 0x48, 0x61, 0x3e, 0x61, 0x72, 0x6d, 0x2d, 0x61, 0x36, 0x34, 0x40, 0x32, 0x30, 0x32, 0x36, 0x2d, 0x30, 0x36, 0x3a, 0x46, 0x4e, 0x4d, 0x41, 0x44, 0x44, 0x5f, 0x53,
0x5f, 0x66, 0x6c, 0x6f, 0x61, 0x74, 0x64, 0x70, 0x33, 0x46, 0x4e, 0x4d, 0x41, 0x44, 0x44, 0x20, 0x3c, 0x53, 0x64, 0x3e, 0x2c, 0x20, 0x3c, 0x53, 0x6e, 0x3e, 0x2c, 0x20, 0x3c, 0x53, 0x6d, 0x3e,
0x2c, 0x20, 0x3c, 0x53, 0x61, 0x3e, 0x61, 0x72, 0x6d, 0x2d, 0x61, 0x36, 0x34, 0x40, 0x32, 0x30, 0x32, 0x36, 0x2d, 0x30, 0x36, 0x3a, 0x46, 0x4e, 0x4d, 0x53, 0x55, 0x42, 0x5f, 0x44, 0x5f, 0x66,
0x6c, 0x6f, 0x61, 0x74, 0x64, 0x70, 0x33, 0x46, 0x4e, 0x4d, 0x53, 0x55, 0x42, 0x20, 0x3c, 0x44, 0x64, 0x3e, 0x2c, 0x20, 0x3c, 0x44, 0x6e, 0x3e, 0x2c, 0x20, 0x3c, 0x44, 0x6d, 0x3e, 0x2c, 0x20,
0x3c, 0x44, 0x61, 0x3e, 0x61, 0x72, 0x6d, 0x2d, 0x61, 0x36, 0x34, 0x40, 0x32, 0x30, 0x32, 0x36, 0x2d, 0x30, 0x36, 0x3a, 0x46, 0x4e, 0x4d, 0x53, 0x55, 0x42, 0x5f, 0x48, 0x5f, 0x66, 0x6c, 0x6f,
0x61, 0x74, 0x64, 0x70, 0x33, 0x46, 0x4e, 0x4d, 0x53, 0x55, 0x42, 0x20, 0x3c, 0x48, 0x64, 0x3e, 0x2c, 0x20, 0x3c, 0x48, 0x6e, 0x3e, 0x2c, 0x20, 0x3c, 0x48, 0x6d, 0x3e, 0x2c, 0x20, 0x3c, 0x48,
0x61, 0x3e, 0x61, 0x72, 0x6d, 0x2d, 0x61, 0x36, 0x34, 0x40, 0x32, 0x30, 0x32, 0x36, 0x2d, 0x30, 0x36, 0x3a, 0x46, 0x4e, 0x4d, 0x53, 0x55, 0x42, 0x5f, 0x53, 0x5f, 0x66, 0x6c, 0x6f, 0x61, 0x74,
0x64, 0x70, 0x33, 0x46, 0x4e, 0x4d, 0x53, 0x55, 0x42, 0x20, 0x3c, 0x53, 0x64, 0x3e, 0x2c, 0x20, 0x3c, 0x53, 0x6e, 0x3e, 0x2c, 0x20, 0x3c, 0x53, 0x6d, 0x3e, 0x2c, 0x20, 0x3c, 0x53, 0x61, 0x3e,
0x61, 0x72, 0x6d, 0x2d, 0x61, 0x36, 0x34, 0x40, 0x32, 0x30, 0x32, 0x36, 0x2d, 0x30, 0x36, 0x3a, 0x46, 0x4e, 0x4d, 0x55, 0x4c, 0x5f, 0x44, 0x5f, 0x66, 0x6c, 0x6f, 0x61, 0x74, 0x64, 0x70, 0x32,
0x46, 0x4e, 0x4d, 0x55, 0x4c, 0x20, 0x3c, 0x44, 0x64, 0x3e, 0x2c, 0x20, 0x3c, 0x44, 0x6e, 0x3e, 0x2c, 0x20, 0x3c, 0x44, 0x6d, 0x3e, 0x61, 0x72, 0x6d, 0x2d, 0x61, 0x36, 0x34, 0x40, 0x32, 0x30,
0x32, 0x36, 0x2d, 0x30, 0x36, 0x3a, 0x46, 0x4e, 0x4d, 0x55, 0x4c, 0x5f, 0x48, 0x5f, 0x66, 0x6c, 0x6f, 0x61, 0x74, 0x64, 0x70, 0x32, 0x46, 0x4e, 0x4d, 0x55, 0x4c, 0x20, 0x3c, 0x48, 0x64, 0x3e,
0x2c, 0x20, 0x3c, 0x48, 0x6e, 0x3e, 0x2c, 0x20, 0x3c, 0x48, 0x6d, 0x3e, 0x61, 0x72, 0x6d, 0x2d, 0x61, 0x36, 0x34, 0x40, 0x32, 0x30, 0x32, 0x36, 0x2d, 0x30, 0x36, 0x3a, 0x46, 0x4e, 0x4d, 0x55,
0x4c, 0x5f, 0x53, 0x5f, 0x66, 0x6c, 0x6f, 0x61, 0x74, 0x64, 0x70, 0x32, 0x46, 0x4e, 0x4d, 0x55, 0x4c, 0x20, 0x3c, 0x53, 0x64, 0x3e, 0x2c, 0x20, 0x3c, 0x53, 0x6e, 0x3e, 0x2c, 0x20, 0x3c, 0x53,
0x6d, 0x3e, 0x61, 0x72, 0x6d, 0x2d, 0x61, 0x36, 0x34, 0x40, 0x32, 0x30, 0x32, 0x36, 0x2d, 0x30, 0x36, 0x3a, 0x46, 0x52, 0x49, 0x4e, 0x54, 0x33, 0x32, 0x58, 0x5f, 0x44, 0x5f, 0x66, 0x6c, 0x6f,
0x61, 0x74, 0x64, 0x70, 0x31, 0x46, 0x52, 0x49, 0x4e, 0x54, 0x33, 0x32, 0x58, 0x20, 0x3c, 0x44, 0x64, 0x3e, 0x2c, 0x20, 0x3c, 0x44, 0x6e, 0x3e, 0x61, 0x72, 0x6d, 0x2d, 0x61, 0x36, 0x34, 0x40,
0x32, 0x30, 0x32, 0x36, 0x2d, 0x30, 0x36, 0x3a, 0x46, 0x52, 0x49, 0x4e, 0x54, 0x33, 0x32, 0x58, 0x5f, 0x53, 0x5f, 0x66, 0x6c, 0x6f, 0x61, 0x74, 0x64, 0x70, 0x31, 0x46, 0x52, 0x49, 0x4e, 0x54,
0x33, 0x32, 0x58, 0x20, 0x3c, 0x53, 0x64, 0x3e, 0x2c, 0x20, 0x3c, 0x53, 0x6e, 0x3e, 0x61, 0x72, 0x6d, 0x2d, 0x61, 0x36, 0x34, 0x40, 0x32, 0x30, 0x32, 0x36, 0x2d, 0x30, 0x36, 0x3a, 0x46, 0x52,
0x49, 0x4e, 0x54, 0x33, 0x32, 0x5a, 0x5f, 0x44, 0x5f, 0x66, 0x6c, 0x6f, 0x61, 0x74, 0x64, 0x70, 0x31, 0x46, 0x52, 0x49, 0x4e, 0x54, 0x33, 0x32, 0x5a, 0x20, 0x3c, 0x44, 0x64, 0x3e, 0x2c, 0x20,
0x3c, 0x44, 0x6e, 0x3e, 0x61, 0x72, 0x6d, 0x2d, 0x61, 0x36, 0x34, 0x40, 0x32, 0x30, 0x32, 0x36, 0x2d, 0x30, 0x36, 0x3a, 0x46, 0x52, 0x49, 0x4e, 0x54, 0x33, 0x32, 0x5a, 0x5f, 0x53, 0x5f, 0x66,
0x6c, 0x6f, 0x61, 0x74, 0x64, 0x70, 0x31, 0x46, 0x52, 0x49, 0x4e, 0x54, 0x33, 0x32, 0x5a, 0x20, 0x3c, 0x53, 0x64, 0x3e, 0x2c, 0x20, 0x3c, 0x53, 0x6e, 0x3e, 0x61, 0x72, 0x6d, 0x2d, 0x61, 0x36,
0x34, 0x40, 0x32, 0x30, 0x32, 0x36, 0x2d, 0x30, 0x36, 0x3a, 0x46, 0x52, 0x49, 0x4e, 0x54, 0x36, 0x34, 0x58, 0x5f, 0x44, 0x5f, 0x66, 0x6c, 0x6f, 0x61, 0x74, 0x64, 0x70, 0x31, 0x46, 0x52, 0x49,
0x4e, 0x54, 0x36, 0x34, 0x58, 0x20, 0x3c, 0x44, 0x64, 0x3e, 0x2c, 0x20, 0x3c, 0x44, 0x6e, 0x3e, 0x61, 0x72, 0x6d, 0x2d, 0x61, 0x36, 0x34, 0x40, 0x32, 0x30, 0x32, 0x36, 0x2d, 0x30, 0x36, 0x3a,
0x46, 0x52, 0x49, 0x4e, 0x54, 0x36, 0x34, 0x58, 0x5f, 0x53, 0x5f, 0x66, 0x6c, 0x6f, 0x61, 0x74, 0x64, 0x70, 0x31, 0x46, 0x52, 0x49, 0x4e, 0x54, 0x36, 0x34, 0x58, 0x20, 0x3c, 0x53, 0x64, 0x3e,
0x2c, 0x20, 0x3c, 0x53, 0x6e, 0x3e, 0x61, 0x72, 0x6d, 0x2d, 0x61, 0x36, 0x34, 0x40, 0x32, 0x30, 0x32, 0x36, 0x2d, 0x30, 0x36, 0x3a, 0x46, 0x52, 0x49, 0x4e, 0x54, 0x36, 0x34, 0x5a, 0x5f, 0x44,
0x5f, 0x66, 0x6c, 0x6f, 0x61, 0x74, 0x64, 0x70, 0x31, 0x46, 0x52, 0x49, 0x4e, 0x54, 0x36, 0x34, 0x5a, 0x20, 0x3c, 0x44, 0x64, 0x3e, 0x2c, 0x20, 0x3c, 0x44, 0x6e, 0x3e, 0x61, 0x72, 0x6d, 0x2d,
0x61, 0x36, 0x34, 0x40, 0x32, 0x30, 0x32, 0x36, 0x2d, 0x30, 0x36, 0x3a, 0x46, 0x52, 0x49, 0x4e, 0x54, 0x36, 0x34, 0x5a, 0x5f, 0x53, 0x5f, 0x66, 0x6c, 0x6f, 0x61, 0x74, 0x64, 0x70, 0x31, 0x46,
0x52, 0x49, 0x4e, 0x54, 0x36, 0x34, 0x5a, 0x20, 0x3c, 0x53, 0x64, 0x3e, 0x2c, 0x20, 0x3c, 0x53, 0x6e, 0x3e, 0x61, 0x72, 0x6d, 0x2d, 0x61, 0x36, 0x34, 0x40, 0x32, 0x30, 0x32, 0x36, 0x2d, 0x30,
0x36, 0x3a, 0x46, 0x52, 0x49, 0x4e, 0x54, 0x41, 0x5f, 0x44, 0x5f, 0x66, 0x6c, 0x6f, 0x61, 0x74, 0x64, 0x70, 0x31, 0x46, 0x52, 0x49, 0x4e, 0x54, 0x41, 0x20, 0x3c, 0x44, 0x64, 0x3e, 0x2c, 0x20,
0x3c, 0x44, 0x6e, 0x3e, 0x61, 0x72, 0x6d, 0x2d, 0x61, 0x36, 0x34, 0x40, 0x32, 0x30, 0x32, 0x36, 0x2d, 0x30, 0x36, 0x3a, 0x46, 0x52, 0x49, 0x4e, 0x54, 0x41, 0x5f, 0x48, 0x5f, 0x66, 0x6c, 0x6f,
0x61, 0x74, 0x64, 0x70, 0x31, 0x46, 0x52, 0x49, 0x4e, 0x54, 0x41, 0x20, 0x3c, 0x48, 0x64, 0x3e, 0x2c, 0x20, 0x3c, 0x48, 0x6e, 0x3e, 0x61, 0x72, 0x6d, 0x2d, 0x61, 0x36, 0x34, 0x40, 0x32, 0x30,
0x32, 0x36, 0x2d, 0x30, 0x36, 0x3a, 0x46, 0x52, 0x49, 0x4e, 0x54, 0x41, 0x5f, 0x53, 0x5f, 0x66, 0x6c, 0x6f, 0x61, 0x74, 0x64, 0x70, 0x31, 0x46, 0x52, 0x49, 0x4e, 0x54, 0x41, 0x20, 0x3c, 0x53,
0x64, 0x3e, 0x2c, 0x20, 0x3c, 0x53, 0x6e, 0x3e, 0x61, 0x72, 0x6d, 0x2d, 0x61, 0x36, 0x34, 0x40, 0x32, 0x30, 0x32, 0x36, 0x2d, 0x30, 0x36, 0x3a, 0x46, 0x52, 0x49, 0x4e, 0x54, 0x49, 0x5f, 0x44,
0x5f, 0x66, 0x6c, 0x6f, 0x61, 0x74, 0x64, 0x70, 0x31, 0x46, 0x52, 0x49, 0x4e, 0x54, 0x49, 0x20, 0x3c, 0x44, 0x64, 0x3e, 0x2c, 0x20, 0x3c, 0x44, 0x6e, 0x3e, 0x61, 0x72, 0x6d, 0x2d, 0x61, 0x36,
0x34, 0x40, 0x32, 0x30, 0x32, 0x36, 0x2d, 0x30, 0x36, 0x3a, 0x46, 0x52, 0x49, 0x4e, 0x54, 0x49, 0x5f, 0x48, 0x5f, 0x66, 0x6c, 0x6f, 0x61, 0x74, 0x64, 0x70, 0x31, 0x46, 0x52, 0x49, 0x4e, 0x54,
0x49, 0x20, 0x3c, 0x48, 0x64, 0x3e, 0x2c, 0x20, 0x3c, 0x48, 0x6e, 0x3e, 0x61, 0x72, 0x6d, 0x2d, 0x61, 0x36, 0x34, 0x40, 0x32, 0x30, 0x32, 0x36, 0x2d, 0x30, 0x36, 0x3a, 0x46, 0x52, 0x49, 0x4e,
0x54, 0x49, 0x5f, 0x53, 0x5f, 0x66, 0x6c, 0x6f, 0x61, 0x74, 0x64, 0x70, 0x31, 0x46, 0x52, 0x49, 0x4e, 0x54, 0x49, 0x20, 0x3c, 0x53, 0x64, 0x3e, 0x2c, 0x20, 0x3c, 0x53, 0x6e, 0x3e, 0x61, 0x72,
0x6d, 0x2d, 0x61, 0x36, 0x34, 0x40, 0x32, 0x30, 0x32, 0x36, 0x2d, 0x30, 0x36, 0x3a, 0x46, 0x52, 0x49, 0x4e, 0x54, 0x4d, 0x5f, 0x44, 0x5f, 0x66, 0x6c, 0x6f, 0x61, 0x74, 0x64, 0x70, 0x31, 0x46,
0x52, 0x49, 0x4e, 0x54, 0x4d, 0x20, 0x3c, 0x44, 0x64, 0x3e, 0x2c, 0x20, 0x3c, 0x44, 0x6e, 0x3e, 0x61, 0x72, 0x6d, 0x2d, 0x61, 0x36, 0x34, 0x40, 0x32, 0x30, 0x32, 0x36, 0x2d, 0x30, 0x36, 0x3a,
0x46, 0x52, 0x49, 0x4e, 0x54, 0x4d, 0x5f, 0x48, 0x5f, 0x66, 0x6c, 0x6f, 0x61, 0x74, 0x64, 0x70, 0x31, 0x46, 0x52, 0x49, 0x4e, 0x54, 0x4d, 0x20, 0x3c, 0x48, 0x64, 0x3e, 0x2c, 0x20, 0x3c, 0x48,
0x6e, 0x3e, 0x61, 0x72, 0x6d, 0x2d, 0x61, 0x36, 0x34, 0x40, 0x32, 0x30, 0x32, 0x36, 0x2d, 0x30, 0x36, 0x3a, 0x46, 0x52, 0x49, 0x4e, 0x54, 0x4d, 0x5f, 0x53, 0x5f, 0x66, 0x6c, 0x6f, 0x61, 0x74,
0x64, 0x70, 0x31, 0x46, 0x52, 0x49, 0x4e, 0x54, 0x4d, 0x20, 0x3c, 0x53, 0x64, 0x3e, 0x2c, 0x20, 0x3c, 0x53, 0x6e, 0x3e, 0x61, 0x72, 0x6d, 0x2d, 0x61, 0x36, 0x34, 0x40, 0x32, 0x30, 0x32, 0x36,
0x2d, 0x30, 0x36, 0x3a, 0x46, 0x52, 0x49, 0x4e, 0x54, 0x4e, 0x5f, 0x44, 0x5f, 0x66, 0x6c, 0x6f, 0x61, 0x74, 0x64, 0x70, 0x31, 0x46, 0x52, 0x49, 0x4e, 0x54, 0x4e, 0x20, 0x3c, 0x44, 0x64, 0x3e,
0x2c, 0x20, 0x3c, 0x44, 0x6e, 0x3e, 0x61, 0x72, 0x6d, 0x2d, 0x61, 0x36, 0x34, 0x40, 0x32, 0x30, 0x32, 0x36, 0x2d, 0x30, 0x36, 0x3a, 0x46, 0x52, 0x49, 0x4e, 0x54, 0x4e, 0x5f, 0x48, 0x5f, 0x66,
0x6c, 0x6f, 0x61, 0x74, 0x64, 0x70, 0x31, 0x46, 0x52, 0x49, 0x4e, 0x54, 0x4e, 0x20, 0x3c, 0x48, 0x64, 0x3e, 0x2c, 0x20, 0x3c, 0x48, 0x6e, 0x3e, 0x61, 0x72, 0x6d, 0x2d, 0x61, 0x36, 0x34, 0x40,
0x32, 0x30, 0x32, 0x36, 0x2d, 0x30, 0x36, 0x3a, 0x46, 0x52, 0x49, 0x4e, 0x54, 0x4e, 0x5f, 0x53, 0x5f, 0x66, 0x6c, 0x6f, 0x61, 0x74, 0x64, 0x70, 0x31, 0x46, 0x52, 0x49, 0x4e, 0x54, 0x4e, 0x20,
0x3c, 0x53, 0x64, 0x3e, 0x2c, 0x20, 0x3c, 0x53, 0x6e, 0x3e, 0x61, 0x72, 0x6d, 0x2d, 0x61, 0x36, 0x34, 0x40, 0x32, 0x30, 0x32, 0x36, 0x2d, 0x30, 0x36, 0x3a, 0x46, 0x52, 0x49, 0x4e, 0x54, 0x50,
0x5f, 0x44, 0x5f, 0x66, 0x6c, 0x6f, 0x61, 0x74, 0x64, 0x70, 0x31, 0x46, 0x52, 0x49, 0x4e, 0x54, 0x50, 0x20, 0x3c, 0x44, 0x64, 0x3e, 0x2c, 0x20, 0x3c, 0x44, 0x6e, 0x3e, 0x61, 0x72, 0x6d, 0x2d,
0x61, 0x36, 0x34, 0x40, 0x32, 0x30, 0x32, 0x36, 0x2d, 0x30, 0x36, 0x3a, 0x46, 0x52, 0x49, 0x4e, 0x54, 0x50, 0x5f, 0x48, 0x5f, 0x66, 0x6c, 0x6f, 0x61, 0x74, 0x64, 0x70, 0x31, 0x46, 0x52, 0x49,
0x4e, 0x54, 0x50, 0x20, 0x3c, 0x48, 0x64, 0x3e, 0x2c, 0x20, 0x3c, 0x48, 0x6e, 0x3e, 0x61, 0x72, 0x6d, 0x2d, 0x61, 0x36, 0x34, 0x40, 0x32, 0x30, 0x32, 0x36, 0x2d, 0x30, 0x36, 0x3a, 0x46, 0x52,
0x49, 0x4e, 0x54, 0x50, 0x5f, 0x53, 0x5f, 0x66, 0x6c, 0x6f, 0x61, 0x74, 0x64, 0x70, 0x31, 0x46, 0x52, 0x49, 0x4e, 0x54, 0x50, 0x20, 0x3c, 0x53, 0x64, 0x3e, 0x2c, 0x20, 0x3c, 0x53, 0x6e, 0x3e,
0x61, 0x72, 0x6d, 0x2d, 0x61, 0x36, 0x34, 0x40, 0x32, 0x30, 0x32, 0x36, 0x2d, 0x30, 0x36, 0x3a, 0x46, 0x52, 0x49, 0x4e, 0x54, 0x58, 0x5f, 0x44, 0x5f, 0x66, 0x6c, 0x6f, 0x61, 0x74, 0x64, 0x70,
0x31, 0x46, 0x52, 0x49, 0x4e, 0x54, 0x58, 0x20, 0x3c, 0x44, 0x64, 0x3e, 0x2c, 0x20, 0x3c, 0x44, 0x6e, 0x3e, 0x61, 0x72, 0x6d, 0x2d, 0x61, 0x36, 0x34, 0x40, 0x32, 0x30, 0x32, 0x36, 0x2d, 0x30,
0x36, 0x3a, 0x46, 0x52, 0x49, 0x4e, 0x54, 0x58, 0x5f, 0x48, 0x5f, 0x66, 0x6c, 0x6f, 0x61, 0x74, 0x64, 0x70, 0x31, 0x46, 0x52, 0x49, 0x4e, 0x54, 0x58, 0x20, 0x3c, 0x48, 0x64, 0x3e, 0x2c, 0x20,
0x3c, 0x48, 0x6e, 0x3e, 0x61, 0x72, 0x6d, 0x2d, 0x61, 0x36, 0x34, 0x40, 0x32, 0x30, 0x32, 0x36, 0x2d, 0x30, 0x36, 0x3a, 0x46, 0x52, 0x49, 0x4e, 0x54, 0x58, 0x5f, 0x53, 0x5f, 0x66, 0x6c, 0x6f,
0x61, 0x74, 0x64, 0x70, 0x31, 0x46, 0x52, 0x49, 0x4e, 0x54, 0x58, 0x20, 0x3c, 0x53, 0x64, 0x3e, 0x2c, 0x20, 0x3c, 0x53, 0x6e, 0x3e, 0x61, 0x72, 0x6d, 0x2d, 0x61, 0x36, 0x34, 0x40, 0x32, 0x30,
0x32, 0x36, 0x2d, 0x30, 0x36, 0x3a, 0x46, 0x52, 0x49, 0x4e, 0x54, 0x5a, 0x5f, 0x44, 0x5f, 0x66, 0x6c, 0x6f, 0x61, 0x74, 0x64, 0x70, 0x31, 0x46, 0x52, 0x49, 0x4e, 0x54, 0x5a, 0x20, 0x3c, 0x44,
0x64, 0x3e, 0x2c, 0x20, 0x3c, 0x44, 0x6e, 0x3e, 0x61, 0x72, 0x6d, 0x2d, 0x61, 0x36, 0x34, 0x40, 0x32, 0x30, 0x32, 0x36, 0x2d, 0x30, 0x36, 0x3a, 0x46, 0x52, 0x49, 0x4e, 0x54, 0x5a, 0x5f, 0x48,
0x5f, 0x66, 0x6c, 0x6f, 0x61, 0x74, 0x64, 0x70, 0x31, 0x46, 0x52, 0x49, 0x4e, 0x54, 0x5a, 0x20, 0x3c, 0x48, 0x64, 0x3e, 0x2c, 0x20, 0x3c, 0x48, 0x6e, 0x3e, 0x61, 0x72, 0x6d, 0x2d, 0x61, 0x36,
0x34, 0x40, 0x32, 0x30, 0x32, 0x36, 0x2d, 0x30, 0x36, 0x3a, 0x46, 0x52, 0x49, 0x4e, 0x54, 0x5a, 0x5f, 0x53, 0x5f, 0x66, 0x6c, 0x6f, 0x61, 0x74, 0x64, 0x70, 0x31, 0x46, 0x52, 0x49, 0x4e, 0x54,
0x5a, 0x20, 0x3c, 0x53, 0x64, 0x3e, 0x2c, 0x20, 0x3c, 0x53, 0x6e, 0x3e, 0x61, 0x72, 0x6d, 0x2d, 0x61, 0x36, 0x34, 0x40, 0x32, 0x30, 0x32, 0x36, 0x2d, 0x30, 0x36, 0x3a, 0x46, 0x53, 0x51, 0x52,
0x54, 0x5f, 0x44, 0x5f, 0x66, 0x6c, 0x6f, 0x61, 0x74, 0x64, 0x70, 0x31, 0x46, 0x53, 0x51, 0x52, 0x54, 0x20, 0x3c, 0x44, 0x64, 0x3e, 0x2c, 0x20, 0x3c, 0x44, 0x6e, 0x3e, 0x61, 0x72, 0x6d, 0x2d,
0x61, 0x36, 0x34, 0x40, 0x32, 0x30, 0x32, 0x36, 0x2d, 0x30, 0x36, 0x3a, 0x46, 0x53, 0x51, 0x52, 0x54, 0x5f, 0x48, 0x5f, 0x66, 0x6c, 0x6f, 0x61, 0x74, 0x64, 0x70, 0x31, 0x46, 0x53, 0x51, 0x52,
0x54, 0x20, 0x3c, 0x48, 0x64, 0x3e, 0x2c, 0x20, 0x3c, 0x48, 0x6e, 0x3e, 0x61, 0x72, 0x6d, 0x2d, 0x61, 0x36, 0x34, 0x40, 0x32, 0x30, 0x32, 0x36, 0x2d, 0x30, 0x36, 0x3a, 0x46, 0x53, 0x51, 0x52,
0x54, 0x5f, 0x53, 0x5f, 0x66, 0x6c, 0x6f, 0x61, 0x74, 0x64, 0x70, 0x31, 0x46, 0x53, 0x51, 0x52, 0x54, 0x20, 0x3c, 0x53, 0x64, 0x3e, 0x2c, 0x20, 0x3c, 0x53, 0x6e, 0x3e, 0x61, 0x72, 0x6d, 0x2d,
0x61, 0x36, 0x34, 0x40, 0x32, 0x30, 0x32, 0x36, 0x2d, 0x30, 0x36, 0x3a, 0x46, 0x53, 0x55, 0x42, 0x5f, 0x44, 0x5f, 0x66, 0x6c, 0x6f, 0x61, 0x74, 0x64, 0x70, 0x32, 0x46, 0x53, 0x55, 0x42, 0x20,
0x3c, 0x44, 0x64, 0x3e, 0x2c, 0x20, 0x3c, 0x44, 0x6e, 0x3e, 0x2c, 0x20, 0x3c, 0x44, 0x6d, 0x3e, 0x61, 0x72, 0x6d, 0x2d, 0x61, 0x36, 0x34, 0x40, 0x32, 0x30, 0x32, 0x36, 0x2d, 0x30, 0x36, 0x3a,
0x46, 0x53, 0x55, 0x42, 0x5f, 0x48, 0x5f, 0x66, 0x6c, 0x6f, 0x61, 0x74, 0x64, 0x70, 0x32, 0x46, 0x53, 0x55, 0x42, 0x20, 0x3c, 0x48, 0x64, 0x3e, 0x2c, 0x20, 0x3c, 0x48, 0x6e, 0x3e, 0x2c, 0x20,
0x3c, 0x48, 0x6d, 0x3e, 0x61, 0x72, 0x6d, 0x2d, 0x61, 0x36, 0x34, 0x40, 0x32, 0x30, 0x32, 0x36, 0x2d, 0x30, 0x36, 0x3a, 0x46, 0x53, 0x55, 0x42, 0x5f, 0x53, 0x5f, 0x66, 0x6c, 0x6f, 0x61, 0x74,
0x64, 0x70, 0x32, 0x46, 0x53, 0x55, 0x42, 0x20, 0x3c, 0x53, 0x64, 0x3e, 0x2c, 0x20, 0x3c, 0x53, 0x6e, 0x3e, 0x2c, 0x20, 0x3c, 0x53, 0x6d, 0x3e, 0x61, 0x72, 0x6d, 0x2d, 0x61, 0x36, 0x34, 0x40,
0x32, 0x30, 0x32, 0x36, 0x2d, 0x30, 0x36, 0x3a, 0x49, 0x4e, 0x53, 0x5f, 0x61, 0x73, 0x69, 0x6d, 0x64, 0x69, 0x6e, 0x73, 0x5f, 0x49, 0x52, 0x5f, 0x72, 0x49, 0x4e, 0x53, 0x20, 0x3c, 0x56, 0x64,
0x3e, 0x2e, 0x3c, 0x54, 0x73, 0x3e, 0x5b, 0x3c, 0x69, 0x6e, 0x64, 0x65, 0x78, 0x3e, 0x5d, 0x2c, 0x20, 0x3c, 0x52, 0x3e, 0x3c, 0x6e, 0x3e, 0x61, 0x72, 0x6d, 0x2d, 0x61, 0x36, 0x34, 0x40, 0x32,
0x30, 0x32, 0x36, 0x2d, 0x30, 0x36, 0x3a, 0x49, 0x4e, 0x53, 0x5f, 0x61, 0x73, 0x69, 0x6d, 0x64, 0x69, 0x6e, 0x73, 0x5f, 0x49, 0x56, 0x5f, 0x76, 0x49, 0x4e, 0x53, 0x20, 0x3c, 0x56, 0x64, 0x3e,
0x2e, 0x3c, 0x54, 0x73, 0x3e, 0x5b, 0x3c, 0x69, 0x6e, 0x64, 0x65, 0x78, 0x31, 0x3e, 0x5d, 0x2c, 0x20, 0x3c, 0x56, 0x6e, 0x3e, 0x2e, 0x3c, 0x54, 0x73, 0x3e, 0x5b, 0x3c, 0x69, 0x6e, 0x64, 0x65,
0x78, 0x32, 0x3e, 0x5d, 0x61, 0x72, 0x6d, 0x2d, 0x61, 0x36, 0x34, 0x40, 0x32, 0x30, 0x32, 0x36, 0x2d, 0x30, 0x36, 0x3a, 0x4d, 0x4c, 0x41, 0x5f, 0x61, 0x73, 0x69, 0x6d, 0x64, 0x65, 0x6c, 0x65,
0x6d, 0x5f, 0x52, 0x4d, 0x4c, 0x41, 0x20, 0x3c, 0x56, 0x64, 0x3e, 0x2e, 0x3c, 0x54, 0x3e, 0x2c, 0x20, 0x3c, 0x56, 0x6e, 0x3e, 0x2e, 0x3c, 0x54, 0x3e, 0x2c, 0x20, 0x56, 0x3c, 0x6d, 0x3e, 0x2e,
0x3c, 0x54, 0x73, 0x3e, 0x5b, 0x3c, 0x69, 0x6e, 0x64, 0x65, 0x78, 0x3e, 0x5d, 0x61, 0x72, 0x6d, 0x2d, 0x61, 0x36, 0x34, 0x40, 0x32, 0x30, 0x32, 0x36, 0x2d, 0x30, 0x36, 0x3a, 0x4d, 0x4c, 0x53,
0x5f, 0x61, 0x73, 0x69, 0x6d, 0x64, 0x65, 0x6c, 0x65, 0x6d, 0x5f, 0x52, 0x4d, 0x4c, 0x53, 0x20, 0x3c, 0x56, 0x64, 0x3e, 0x2e, 0x3c, 0x54, 0x3e, 0x2c, 0x20, 0x3c, 0x56, 0x6e, 0x3e, 0x2e, 0x3c,
0x54, 0x3e, 0x2c, 0x20, 0x56, 0x3c, 0x6d, 0x3e, 0x2e, 0x3c, 0x54, 0x73, 0x3e, 0x5b, 0x3c, 0x69, 0x6e, 0x64, 0x65, 0x78, 0x3e, 0x5d, 0x61, 0x72, 0x6d, 0x2d, 0x61, 0x36, 0x34, 0x40, 0x32, 0x30,
0x32, 0x36, 0x2d, 0x30, 0x36, 0x3a, 0x4d, 0x4f, 0x56, 0x49, 0x5f, 0x61, 0x73, 0x69, 0x6d, 0x64, 0x69, 0x6d, 0x6d, 0x5f, 0x44, 0x32, 0x5f, 0x64, 0x4d, 0x4f, 0x56, 0x49, 0x20, 0x3c, 0x56, 0x64,
0x3e, 0x2e, 0x32, 0x44, 0x2c, 0x20, 0x23, 0x3c, 0x69, 0x6d, 0x6d, 0x3e, 0x61, 0x72, 0x6d, 0x2d, 0x61, 0x36, 0x34, 0x40, 0x32, 0x30, 0x32, 0x36, 0x2d, 0x30, 0x36, 0x3a, 0x4d, 0x4f, 0x56, 0x49,
0x5f, 0x61, 0x73, 0x69, 0x6d, 0x64, 0x69, 0x6d, 0x6d, 0x5f, 0x44, 0x5f, 0x64, 0x73, 0x4d, 0x4f, 0x56, 0x49, 0x20, 0x3c, 0x44, 0x64, 0x3e, 0x2c, 0x20, 0x23, 0x3c, 0x69, 0x6d, 0x6d, 0x3e, 0x61,
0x72, 0x6d, 0x2d, 0x61, 0x36, 0x34, 0x40, 0x32, 0x30, 0x32, 0x36, 0x2d, 0x30, 0x36, 0x3a, 0x4d, 0x4f, 0x56, 0x49, 0x5f, 0x61, 0x73, 0x69, 0x6d, 0x64, 0x69, 0x6d, 0x6d, 0x5f, 0x4c, 0x5f, 0x68,
0x6c, 0x4d, 0x4f, 0x56, 0x49, 0x20, 0x3c, 0x56, 0x64, 0x3e, 0x2e, 0x3c, 0x54, 0x3e, 0x2c, 0x20, 0x23, 0x3c, 0x69, 0x6d, 0x6d, 0x38, 0x3e, 0x7b, 0x2c, 0x20, 0x4c, 0x53, 0x4c, 0x20, 0x23, 0x3c,
0x61, 0x6d, 0x6f, 0x75, 0x6e, 0x74, 0x3e, 0x7d, 0x61, 0x72, 0x6d, 0x2d, 0x61, 0x36, 0x34, 0x40, 0x32, 0x30, 0x32, 0x36, 0x2d, 0x30, 0x36, 0x3a, 0x4d, 0x4f, 0x56, 0x49, 0x5f, 0x61, 0x73, 0x69,
0x6d, 0x64, 0x69, 0x6d, 0x6d, 0x5f, 0x4c, 0x5f, 0x73, 0x6c, 0x61, 0x72, 0x6d, 0x2d, 0x61, 0x36, 0x34, 0x40, 0x32, 0x30, 0x32, 0x36, 0x2d, 0x30, 0x36, 0x3a, 0x4d, 0x4f, 0x56, 0x49, 0x5f, 0x61,
0x73, 0x69, 0x6d, 0x64, 0x69, 0x6d, 0x6d, 0x5f, 0x4d, 0x5f, 0x73, 0x6d, 0x4d, 0x4f, 0x56, 0x49, 0x20, 0x3c, 0x56, 0x64, 0x3e, 0x2e, 0x3c, 0x54, 0x3e, 0x2c, 0x20, 0x23, 0x3c, 0x69, 0x6d, 0x6d,
0x38, 0x3e, 0x2c, 0x20, 0x4d, 0x53, 0x4c, 0x20, 0x23, 0x3c, 0x61, 0x6d, 0x6f, 0x75, 0x6e, 0x74, 0x3e, 0x61, 0x72, 0x6d, 0x2d, 0x61, 0x36, 0x34, 0x40, 0x32, 0x30, 0x32, 0x36, 0x2d, 0x30, 0x36,
0x3a, 0x4d, 0x4f, 0x56, 0x49, 0x5f, 0x61, 0x73, 0x69, 0x6d, 0x64, 0x69, 0x6d, 0x6d, 0x5f, 0x4e, 0x5f, 0x62, 0x4d, 0x4f, 0x56, 0x49, 0x20, 0x3c, 0x56, 0x64, 0x3e, 0x2e, 0x3c, 0x54, 0x3e, 0x2c,
0x20, 0x23, 0x3c, 0x69, 0x6d, 0x6d, 0x38, 0x3e, 0x7b, 0x2c, 0x20, 0x4c, 0x53, 0x4c, 0x20, 0x23, 0x30, 0x7d, 0x61, 0x72, 0x6d, 0x2d, 0x61, 0x36, 0x34, 0x40, 0x32, 0x30, 0x32, 0x36, 0x2d, 0x30,
0x36, 0x3a, 0x4d, 0x55, 0x4c, 0x5f, 0x61, 0x73, 0x69, 0x6d, 0x64, 0x65, 0x6c, 0x65, 0x6d, 0x5f, 0x52, 0x4d, 0x55, 0x4c, 0x20, 0x3c, 0x56, 0x64, 0x3e, 0x2e, 0x3c, 0x54, 0x3e, 0x2c, 0x20, 0x3c,
0x56, 0x6e, 0x3e, 0x2e, 0x3c, 0x54, 0x3e, 0x2c, 0x20, 0x56, 0x3c, 0x6d, 0x3e, 0x2e, 0x3c, 0x54, 0x73, 0x3e, 0x5b, 0x3c, 0x69, 0x6e, 0x64, 0x65, 0x78, 0x3e, 0x5d, 0x61, 0x72, 0x6d, 0x2d, 0x61,
0x36, 0x34, 0x40, 0x32, 0x30, 0x32, 0x36, 0x2d, 0x30, 0x36, 0x3a, 0x4d, 0x56, 0x4e, 0x49, 0x5f, 0x61, 0x73, 0x69, 0x6d, 0x64, 0x69, 0x6d, 0x6d, 0x5f, 0x4c, 0x5f, 0x68, 0x6c, 0x4d, 0x56, 0x4e,
0x49, 0x20, 0x3c, 0x56, 0x64, 0x3e, 0x2e, 0x3c, 0x54, 0x3e, 0x2c, 0x20, 0x23, 0x3c, 0x69, 0x6d, 0x6d, 0x38, 0x3e, 0x7b, 0x2c, 0x20, 0x4c, 0x53, 0x4c, 0x20, 0x23, 0x3c, 0x61, 0x6d, 0x6f, 0x75,
0x6e, 0x74, 0x3e, 0x7d, 0x61, 0x72, 0x6d, 0x2d, 0x61, 0x36, 0x34, 0x40, 0x32, 0x30, 0x32, 0x36, 0x2d, 0x30, 0x36, 0x3a, 0x4d, 0x56, 0x4e, 0x49, 0x5f, 0x61, 0x73, 0x69, 0x6d, 0x64, 0x69, 0x6d,
0x6d, 0x5f, 0x4c, 0x5f, 0x73, 0x6c, 0x61, 0x72, 0x6d, 0x2d, 0x61, 0x36, 0x34, 0x40, 0x32, 0x30, 0x32, 0x36, 0x2d, 0x30, 0x36, 0x3a, 0x4d, 0x56, 0x4e, 0x49, 0x5f, 0x61, 0x73, 0x69, 0x6d, 0x64,
0x69, 0x6d, 0x6d, 0x5f, 0x4d, 0x5f, 0x73, 0x6d, 0x4d, 0x56, 0x4e, 0x49, 0x20, 0x3c, 0x56, 0x64, 0x3e, 0x2e, 0x3c, 0x54, 0x3e, 0x2c, 0x20, 0x23, 0x3c, 0x69, 0x6d, 0x6d, 0x38, 0x3e, 0x2c, 0x20,
0x4d, 0x53, 0x4c, 0x20, 0x23, 0x3c, 0x61, 0x6d, 0x6f, 0x75, 0x6e, 0x74, 0x3e, 0x61, 0x72, 0x6d, 0x2d, 0x61, 0x36, 0x34, 0x40, 0x32, 0x30, 0x32, 0x36, 0x2d, 0x30, 0x36, 0x3a, 0x4f, 0x52, 0x52,
0x5f, 0x61, 0x73, 0x69, 0x6d, 0x64, 0x69, 0x6d, 0x6d, 0x5f, 0x4c, 0x5f, 0x68, 0x6c, 0x4f, 0x52, 0x52, 0x20, 0x3c, 0x56, 0x64, 0x3e, 0x2e, 0x3c, 0x54, 0x3e, 0x2c, 0x20, 0x23, 0x3c, 0x69, 0x6d,
0x6d, 0x38, 0x3e, 0x7b, 0x2c, 0x20, 0x4c, 0x53, 0x4c, 0x20, 0x23, 0x3c, 0x61, 0x6d, 0x6f, 0x75, 0x6e, 0x74, 0x3e, 0x7d, 0x61, 0x72, 0x6d, 0x2d, 0x61, 0x36, 0x34, 0x40, 0x32, 0x30, 0x32, 0x36,
0x2d, 0x30, 0x36, 0x3a, 0x4f, 0x52, 0x52, 0x5f, 0x61, 0x73, 0x69, 0x6d, 0x64, 0x69, 0x6d, 0x6d, 0x5f, 0x4c, 0x5f, 0x73, 0x6c, 0x61, 0x72, 0x6d, 0x2d, 0x61, 0x36, 0x34, 0x40, 0x32, 0x30, 0x32,
0x36, 0x2d, 0x30, 0x36, 0x3a, 0x50, 0x4d, 0x55, 0x4c, 0x4c, 0x5f, 0x61, 0x73, 0x69, 0x6d, 0x64, 0x64, 0x69, 0x66, 0x66, 0x5f, 0x4c, 0x50, 0x4d, 0x55, 0x4c, 0x4c, 0x7b, 0x32, 0x7d, 0x20, 0x3c,
0x56, 0x64, 0x3e, 0x2e, 0x3c, 0x54, 0x61, 0x3e, 0x2c, 0x20, 0x3c, 0x56, 0x6e, 0x3e, 0x2e, 0x3c, 0x54, 0x62, 0x3e, 0x2c, 0x20, 0x3c, 0x56, 0x6d, 0x3e, 0x2e, 0x3c, 0x54, 0x62, 0x3e, 0x61, 0x72,
0x6d, 0x2d, 0x61, 0x36, 0x34, 0x40, 0x32, 0x30, 0x32, 0x36, 0x2d, 0x30, 0x36, 0x3a, 0x52, 0x41, 0x44, 0x44, 0x48, 0x4e, 0x5f, 0x61, 0x73, 0x69, 0x6d, 0x64, 0x64, 0x69, 0x66, 0x66, 0x5f, 0x4e,
0x52, 0x41, 0x44, 0x44, 0x48, 0x4e, 0x7b, 0x32, 0x7d, 0x20, 0x3c, 0x56, 0x64, 0x3e, 0x2e, 0x3c, 0x54, 0x62, 0x3e, 0x2c, 0x20, 0x3c, 0x56, 0x6e, 0x3e, 0x2e, 0x3c, 0x54, 0x61, 0x3e, 0x2c, 0x20,
0x3c, 0x56, 0x6d, 0x3e, 0x2e, 0x3c, 0x54, 0x61, 0x3e, 0x61, 0x72, 0x6d, 0x2d, 0x61, 0x36, 0x34, 0x40, 0x32, 0x30, 0x32, 0x36, 0x2d, 0x30, 0x36, 0x3a, 0x52, 0x53, 0x48, 0x52, 0x4e, 0x5f, 0x61,
0x73, 0x69, 0x6d, 0x64, 0x73, 0x68, 0x66, 0x5f, 0x4e, 0x52, 0x53, 0x48, 0x52, 0x4e, 0x7b, 0x32, 0x7d, 0x20, 0x3c, 0x56, 0x64, 0x3e, 0x2e, 0x3c, 0x54, 0x62, 0x3e, 0x2c, 0x20, 0x3c, 0x56, 0x6e,
0x3e, 0x2e, 0x3c, 0x54, 0x61, 0x3e, 0x2c, 0x20, 0x23, 0x3c, 0x73, 0x68, 0x69, 0x66, 0x74, 0x3e, 0x61, 0x72, 0x6d, 0x2d, 0x61, 0x36, 0x34, 0x40, 0x32, 0x30, 0x32, 0x36, 0x2d, 0x30, 0x36, 0x3a,
0x52, 0x53, 0x55, 0x42, 0x48, 0x4e, 0x5f, 0x61, 0x73, 0x69, 0x6d, 0x64, 0x64, 0x69, 0x66, 0x66, 0x5f, 0x4e, 0x52, 0x53, 0x55, 0x42, 0x48, 0x4e, 0x7b, 0x32, 0x7d, 0x20, 0x3c, 0x56, 0x64, 0x3e,
0x2e, 0x3c, 0x54, 0x62, 0x3e, 0x2c, 0x20, 0x3c, 0x56, 0x6e, 0x3e, 0x2e, 0x3c, 0x54, 0x61, 0x3e, 0x2c, 0x20, 0x3c, 0x56, 0x6d, 0x3e, 0x2e, 0x3c, 0x54, 0x61, 0x3e, 0x61, 0x72, 0x6d, 0x2d, 0x61,
0x36, 0x34, 0x40, 0x32, 0x30, 0x32, 0x36, 0x2d, 0x30, 0x36, 0x3a, 0x53, 0x41, 0x42, 0x41, 0x4c, 0x5f, 0x61, 0x73, 0x69, 0x6d, 0x64, 0x64, 0x69, 0x66, 0x66, 0x5f, 0x4c, 0x53, 0x41, 0x42, 0x41,
0x4c, 0x7b, 0x32, 0x7d, 0x20, 0x3c, 0x56, 0x64, 0x3e, 0x2e, 0x3c, 0x54, 0x61, 0x3e, 0x2c, 0x20, 0x3c, 0x56, 0x6e, 0x3e, 0x2e, 0x3c, 0x54, 0x62, 0x3e, 0x2c, 0x20, 0x3c, 0x56, 0x6d, 0x3e, 0x2e,
0x3c, 0x54, 0x62, 0x3e, 0x61, 0x72, 0x6d, 0x2d, 0x61, 0x36, 0x34, 0x40, 0x32, 0x30, 0x32, 0x36, 0x2d, 0x30, 0x36, 0x3a, 0x53, 0x41, 0x42, 0x44, 0x4c, 0x5f, 0x61, 0x73, 0x69, 0x6d, 0x64, 0x64,
0x69, 0x66, 0x66, 0x5f, 0x4c, 0x53, 0x41, 0x42, 0x44, 0x4c, 0x7b, 0x32, 0x7d, 0x20, 0x3c, 0x56, 0x64, 0x3e, 0x2e, 0x3c, 0x54, 0x61, 0x3e, 0x2c, 0x20, 0x3c, 0x56, 0x6e, 0x3e, 0x2e, 0x3c, 0x54,
0x62, 0x3e, 0x2c, 0x20, 0x3c, 0x56, 0x6d, 0x3e, 0x2e, 0x3c, 0x54, 0x62, 0x3e, 0x61, 0x72, 0x6d, 0x2d, 0x61, 0x36, 0x34, 0x40, 0x32, 0x30, 0x32, 0x36, 0x2d, 0x30, 0x36, 0x3a, 0x53, 0x41, 0x44,
0x44, 0x4c, 0x5f, 0x61, 0x73, 0x69, 0x6d, 0x64, 0x64, 0x69, 0x66, 0x66, 0x5f, 0x4c, 0x53, 0x41, 0x44, 0x44, 0x4c, 0x7b, 0x32, 0x7d, 0x20, 0x3c, 0x56, 0x64, 0x3e, 0x2e, 0x3c, 0x54, 0x61, 0x3e,
0x2c, 0x20, 0x3c, 0x56, 0x6e, 0x3e, 0x2e, 0x3c, 0x54, 0x62, 0x3e, 0x2c, 0x20, 0x3c, 0x56, 0x6d, 0x3e, 0x2e, 0x3c, 0x54, 0x62, 0x3e, 0x61, 0x72, 0x6d, 0x2d, 0x61, 0x36, 0x34, 0x40, 0x32, 0x30,
0x32, 0x36, 0x2d, 0x30, 0x36, 0x3a, 0x53, 0x41, 0x44, 0x44, 0x57, 0x5f, 0x61, 0x73, 0x69, 0x6d, 0x64, 0x64, 0x69, 0x66, 0x66, 0x5f, 0x57, 0x53, 0x41, 0x44, 0x44, 0x57, 0x7b, 0x32, 0x7d, 0x20,
0x3c, 0x56, 0x64, 0x3e, 0x2e, 0x3c, 0x54, 0x61, 0x3e, 0x2c, 0x20, 0x3c, 0x56, 0x6e, 0x3e, 0x2e, 0x3c, 0x54, 0x61, 0x3e, 0x2c, 0x20, 0x3c, 0x56, 0x6d, 0x3e, 0x2e, 0x3c, 0x54, 0x62, 0x3e, 0x61,
0x72, 0x6d, 0x2d, 0x61, 0x36, 0x34, 0x40, 0x32, 0x30, 0x32, 0x36, 0x2d, 0x30, 0x36, 0x3a, 0x53, 0x43, 0x56, 0x54, 0x46, 0x5f, 0x44, 0x33, 0x32, 0x5f, 0x66, 0x6c, 0x6f, 0x61, 0x74, 0x32, 0x66,
0x69, 0x78, 0x53, 0x43, 0x56, 0x54, 0x46, 0x20, 0x3c, 0x44, 0x64, 0x3e, 0x2c, 0x20, 0x3c, 0x57, 0x6e, 0x3e, 0x2c, 0x20, 0x23, 0x3c, 0x66, 0x62, 0x69, 0x74, 0x73, 0x3e, 0x61, 0x72, 0x6d, 0x2d,
0x61, 0x36, 0x34, 0x40, 0x32, 0x30, 0x32, 0x36, 0x2d, 0x30, 0x36, 0x3a, 0x53, 0x43, 0x56, 0x54, 0x46, 0x5f, 0x44, 0x33, 0x32, 0x5f, 0x66, 0x6c, 0x6f, 0x61, 0x74, 0x32, 0x69, 0x6e, 0x74, 0x53,
0x43, 0x56, 0x54, 0x46, 0x20, 0x3c, 0x44, 0x64, 0x3e, 0x2c, 0x20, 0x3c, 0x57, 0x6e, 0x3e, 0x61, 0x72, 0x6d, 0x2d, 0x61, 0x36, 0x34, 0x40, 0x32, 0x30, 0x32, 0x36, 0x2d, 0x30, 0x36, 0x3a, 0x53,
0x43, 0x56, 0x54, 0x46, 0x5f, 0x44, 0x36, 0x34, 0x5f, 0x66, 0x6c, 0x6f, 0x61, 0x74, 0x32, 0x66, 0x69, 0x78, 0x53, 0x43, 0x56, 0x54, 0x46, 0x20, 0x3c, 0x44, 0x64, 0x3e, 0x2c, 0x20, 0x3c, 0x58,
0x6e, 0x3e, 0x2c, 0x20, 0x23, 0x3c, 0x66, 0x62, 0x69, 0x74, 0x73, 0x3e, 0x61, 0x72, 0x6d, 0x2d, 0x61, 0x36, 0x34, 0x40, 0x32, 0x30, 0x32, 0x36, 0x2d, 0x30, 0x36, 0x3a, 0x53, 0x43, 0x56, 0x54,
0x46, 0x5f, 0x44, 0x36, 0x34, 0x5f, 0x66, 0x6c, 0x6f, 0x61, 0x74, 0x32, 0x69, 0x6e, 0x74, 0x53, 0x43, 0x56, 0x54, 0x46, 0x20, 0x3c, 0x44, 0x64, 0x3e, 0x2c, 0x20, 0x3c, 0x58, 0x6e, 0x3e, 0x61,
0x72, 0x6d, 0x2d, 0x61, 0x36, 0x34, 0x40, 0x32, 0x30, 0x32, 0x36, 0x2d, 0x30, 0x36, 0x3a, 0x53, 0x43, 0x56, 0x54, 0x46, 0x5f, 0x48, 0x33, 0x32, 0x5f, 0x66, 0x6c, 0x6f, 0x61, 0x74, 0x32, 0x66,
0x69, 0x78, 0x53, 0x43, 0x56, 0x54, 0x46, 0x20, 0x3c, 0x48, 0x64, 0x3e, 0x2c, 0x20, 0x3c, 0x57, 0x6e, 0x3e, 0x2c, 0x20, 0x23, 0x3c, 0x66, 0x62, 0x69, 0x74, 0x73, 0x3e, 0x61, 0x72, 0x6d, 0x2d,
0x61, 0x36, 0x34, 0x40, 0x32, 0x30, 0x32, 0x36, 0x2d, 0x30, 0x36, 0x3a, 0x53, 0x43, 0x56, 0x54, 0x46, 0x5f, 0x48, 0x33, 0x32, 0x5f, 0x66, 0x6c, 0x6f, 0x61, 0x74, 0x32, 0x69, 0x6e, 0x74, 0x53,
0x43, 0x56, 0x54, 0x46, 0x20, 0x3c, 0x48, 0x64, 0x3e, 0x2c, 0x20, 0x3c, 0x57, 0x6e, 0x3e, 0x61, 0x72, 0x6d, 0x2d, 0x61, 0x36, 0x34, 0x40, 0x32, 0x30, 0x32, 0x36, 0x2d, 0x30, 0x36, 0x3a, 0x53,
0x43, 0x56, 0x54, 0x46, 0x5f, 0x48, 0x36, 0x34, 0x5f, 0x66, 0x6c, 0x6f, 0x61, 0x74, 0x32, 0x66, 0x69, 0x78, 0x53, 0x43, 0x56, 0x54, 0x46, 0x20, 0x3c, 0x48, 0x64, 0x3e, 0x2c, 0x20, 0x3c, 0x58,
0x6e, 0x3e, 0x2c, 0x20, 0x23, 0x3c, 0x66, 0x62, 0x69, 0x74, 0x73, 0x3e, 0x61, 0x72, 0x6d, 0x2d, 0x61, 0x36, 0x34, 0x40, 0x32, 0x30, 0x32, 0x36, 0x2d, 0x30, 0x36, 0x3a, 0x53, 0x43, 0x56, 0x54,
0x46, 0x5f, 0x48, 0x36, 0x34, 0x5f, 0x66, 0x6c, 0x6f, 0x61, 0x74, 0x32, 0x69, 0x6e, 0x74, 0x53, 0x43, 0x56, 0x54, 0x46, 0x20, 0x3c, 0x48, 0x64, 0x3e, 0x2c, 0x20, 0x3c, 0x58, 0x6e, 0x3e, 0x61,
0x72, 0x6d, 0x2d, 0x61, 0x36, 0x34, 0x40, 0x32, 0x30, 0x32, 0x36, 0x2d, 0x30, 0x36, 0x3a, 0x53, 0x43, 0x56, 0x54, 0x46, 0x5f, 0x53, 0x33, 0x32, 0x5f, 0x66, 0x6c, 0x6f, 0x61, 0x74, 0x32, 0x66,
0x69, 0x78, 0x53, 0x43, 0x56, 0x54, 0x46, 0x20, 0x3c, 0x53, 0x64, 0x3e, 0x2c, 0x20, 0x3c, 0x57, 0x6e, 0x3e, 0x2c, 0x20, 0x23, 0x3c, 0x66, 0x62, 0x69, 0x74, 0x73, 0x3e, 0x61, 0x72, 0x6d, 0x2d,
0x61, 0x36, 0x34, 0x40, 0x32, 0x30, 0x32, 0x36, 0x2d, 0x30, 0x36, 0x3a, 0x53, 0x43, 0x56, 0x54, 0x46, 0x5f, 0x53, 0x33, 0x32, 0x5f, 0x66, 0x6c, 0x6f, 0x61, 0x74, 0x32, 0x69, 0x6e, 0x74, 0x53,
0x43, 0x56, 0x54, 0x46, 0x20, 0x3c, 0x53, 0x64, 0x3e, 0x2c, 0x20, 0x3c, 0x57, 0x6e, 0x3e, 0x61, 0x72, 0x6d, 0x2d, 0x61, 0x36, 0x34, 0x40, 0x32, 0x30, 0x32, 0x36, 0x2d, 0x30, 0x36, 0x3a, 0x53,
0x43, 0x56, 0x54, 0x46, 0x5f, 0x53, 0x36, 0x34, 0x5f, 0x66, 0x6c, 0x6f, 0x61, 0x74, 0x32, 0x66, 0x69, 0x78, 0x53, 0x43, 0x56, 0x54, 0x46, 0x20, 0x3c, 0x53, 0x64, 0x3e, 0x2c, 0x20, 0x3c, 0x58,
0x6e, 0x3e, 0x2c, 0x20, 0x23, 0x3c, 0x66, 0x62, 0x69, 0x74, 0x73, 0x3e, 0x61, 0x72, 0x6d, 0x2d, 0x61, 0x36, 0x34, 0x40, 0x32, 0x30, 0x32, 0x36, 0x2d, 0x30, 0x36, 0x3a, 0x53, 0x43, 0x56, 0x54,
0x46, 0x5f, 0x53, 0x36, 0x34, 0x5f, 0x66, 0x6c, 0x6f, 0x61, 0x74, 0x32, 0x69, 0x6e, 0x74, 0x53, 0x43, 0x56, 0x54, 0x46, 0x20, 0x3c, 0x53, 0x64, 0x3e, 0x2c, 0x20, 0x3c, 0x58, 0x6e, 0x3e, 0x61,
0x72, 0x6d, 0x2d, 0x61, 0x36, 0x34, 0x40, 0x32, 0x30, 0x32, 0x36, 0x2d, 0x30, 0x36, 0x3a, 0x53, 0x43, 0x56, 0x54, 0x46, 0x5f, 0x61, 0x73, 0x69, 0x6d, 0x64, 0x73, 0x68, 0x66, 0x5f, 0x43, 0x53,
0x43, 0x56, 0x54, 0x46, 0x20, 0x3c, 0x56, 0x64, 0x3e, 0x2e, 0x3c, 0x54, 0x3e, 0x2c, 0x20, 0x3c, 0x56, 0x6e, 0x3e, 0x2e, 0x3c, 0x54, 0x3e, 0x2c, 0x20, 0x23, 0x3c, 0x66, 0x62, 0x69, 0x74, 0x73,
0x3e, 0x61, 0x72, 0x6d, 0x2d, 0x61, 0x36, 0x34, 0x40, 0x32, 0x30, 0x32, 0x36, 0x2d, 0x30, 0x36, 0x3a, 0x53, 0x43, 0x56, 0x54, 0x46, 0x5f, 0x61, 0x73, 0x69, 0x73, 0x64, 0x73, 0x68, 0x66, 0x5f,
0x43, 0x53, 0x43, 0x56, 0x54, 0x46, 0x20, 0x3c, 0x56, 0x3e, 0x3c, 0x64, 0x3e, 0x2c, 0x20, 0x3c, 0x56, 0x3e, 0x3c, 0x6e, 0x3e, 0x2c, 0x20, 0x23, 0x3c, 0x66, 0x62, 0x69, 0x74, 0x73, 0x3e, 0x61,
0x72, 0x6d, 0x2d, 0x61, 0x36, 0x34, 0x40, 0x32, 0x30, 0x32, 0x36, 0x2d, 0x30, 0x36, 0x3a, 0x53, 0x44, 0x4f, 0x54, 0x5f, 0x61, 0x73, 0x69, 0x6d, 0x64, 0x65, 0x6c, 0x65, 0x6d, 0x5f, 0x44, 0x53,
0x44, 0x4f, 0x54, 0x20, 0x3c, 0x56, 0x64, 0x3e, 0x2e, 0x3c, 0x54, 0x61, 0x3e, 0x2c, 0x20, 0x3c, 0x56, 0x6e, 0x3e, 0x2e, 0x3c, 0x54, 0x62, 0x3e, 0x2c, 0x20, 0x3c, 0x56, 0x6d, 0x3e, 0x2e, 0x34,
0x42, 0x5b, 0x3c, 0x69, 0x6e, 0x64, 0x65, 0x78, 0x3e, 0x5d, 0x61, 0x72, 0x6d, 0x2d, 0x61, 0x36, 0x34, 0x40, 0x32, 0x30, 0x32, 0x36, 0x2d, 0x30, 0x36, 0x3a, 0x53, 0x48, 0x4c, 0x4c, 0x5f, 0x61,
0x73, 0x69, 0x6d, 0x64, 0x6d, 0x69, 0x73, 0x63, 0x5f, 0x53, 0x53, 0x48, 0x4c, 0x4c, 0x7b, 0x32, 0x7d, 0x20, 0x3c, 0x56, 0x64, 0x3e, 0x2e, 0x3c, 0x54, 0x61, 0x3e, 0x2c, 0x20, 0x3c, 0x56, 0x6e,
0x3e, 0x2e, 0x3c, 0x54, 0x62, 0x3e, 0x2c, 0x20, 0x23, 0x3c, 0x73, 0x68, 0x69, 0x66, 0x74, 0x3e, 0x61, 0x72, 0x6d, 0x2d, 0x61, 0x36, 0x34, 0x40, 0x32, 0x30, 0x32, 0x36, 0x2d, 0x30, 0x36, 0x3a,
0x53, 0x48, 0x4c, 0x5f, 0x61, 0x73, 0x69, 0x6d, 0x64, 0x73, 0x68, 0x66, 0x5f, 0x52, 0x53, 0x48, 0x4c, 0x20, 0x3c, 0x56, 0x64, 0x3e, 0x2e, 0x3c, 0x54, 0x3e, 0x2c, 0x20, 0x3c, 0x56, 0x6e, 0x3e,
0x2e, 0x3c, 0x54, 0x3e, 0x2c, 0x20, 0x23, 0x3c, 0x73, 0x68, 0x69, 0x66, 0x74, 0x3e, 0x61, 0x72, 0x6d, 0x2d, 0x61, 0x36, 0x34, 0x40, 0x32, 0x30, 0x32, 0x36, 0x2d, 0x30, 0x36, 0x3a, 0x53, 0x48,
0x4c, 0x5f, 0x61, 0x73, 0x69, 0x73, 0x64, 0x73, 0x68, 0x66, 0x5f, 0x52, 0x53, 0x48, 0x4c, 0x20, 0x44, 0x3c, 0x64, 0x3e, 0x2c, 0x20, 0x44, 0x3c, 0x6e, 0x3e, 0x2c, 0x20, 0x23, 0x3c, 0x73, 0x68,
0x69, 0x66, 0x74, 0x3e, 0x61, 0x72, 0x6d, 0x2d, 0x61, 0x36, 0x34, 0x40, 0x32, 0x30, 0x32, 0x36, 0x2d, 0x30, 0x36, 0x3a, 0x53, 0x48, 0x52, 0x4e, 0x5f, 0x61, 0x73, 0x69, 0x6d, 0x64, 0x73, 0x68,
0x66, 0x5f, 0x4e, 0x53, 0x48, 0x52, 0x4e, 0x7b, 0x32, 0x7d, 0x20, 0x3c, 0x56, 0x64, 0x3e, 0x2e, 0x3c, 0x54, 0x62, 0x3e, 0x2c, 0x20, 0x3c, 0x56, 0x6e, 0x3e, 0x2e, 0x3c, 0x54, 0x61, 0x3e, 0x2c,
0x20, 0x23, 0x3c, 0x73, 0x68, 0x69, 0x66, 0x74, 0x3e, 0x61, 0x72, 0x6d, 0x2d, 0x61, 0x36, 0x34, 0x40, 0x32, 0x30, 0x32, 0x36, 0x2d, 0x30, 0x36, 0x3a, 0x53, 0x4c, 0x49, 0x5f, 0x61, 0x73, 0x69,
0x6d, 0x64, 0x73, 0x68, 0x66, 0x5f, 0x52, 0x53, 0x4c, 0x49, 0x20, 0x3c, 0x56, 0x64, 0x3e, 0x2e, 0x3c, 0x54, 0x3e, 0x2c, 0x20, 0x3c, 0x56, 0x6e, 0x3e, 0x2e, 0x3c, 0x54, 0x3e, 0x2c, 0x20, 0x23,
0x3c, 0x73, 0x68, 0x69, 0x66, 0x74, 0x3e, 0x61, 0x72, 0x6d, 0x2d, 0x61, 0x36, 0x34, 0x40, 0x32, 0x30, 0x32, 0x36, 0x2d, 0x30, 0x36, 0x3a, 0x53, 0x4c, 0x49, 0x5f, 0x61, 0x73, 0x69, 0x73, 0x64,
0x73, 0x68, 0x66, 0x5f, 0x52, 0x53, 0x4c, 0x49, 0x20, 0x44, 0x3c, 0x64, 0x3e, 0x2c, 0x20, 0x44, 0x3c, 0x6e, 0x3e, 0x2c, 0x20, 0x23, 0x3c, 0x73, 0x68, 0x69, 0x66, 0x74, 0x3e, 0x61, 0x72, 0x6d,
0x2d, 0x61, 0x36, 0x34, 0x40, 0x32, 0x30, 0x32, 0x36, 0x2d, 0x30, 0x36, 0x3a, 0x53, 0x4d, 0x4c, 0x41, 0x4c, 0x5f, 0x61, 0x73, 0x69, 0x6d, 0x64, 0x64, 0x69, 0x66, 0x66, 0x5f, 0x4c, 0x53, 0x4d,
0x4c, 0x41, 0x4c, 0x7b, 0x32, 0x7d, 0x20, 0x3c, 0x56, 0x64, 0x3e, 0x2e, 0x3c, 0x54, 0x61, 0x3e, 0x2c, 0x20, 0x3c, 0x56, 0x6e, 0x3e, 0x2e, 0x3c, 0x54, 0x62, 0x3e, 0x2c, 0x20, 0x3c, 0x56, 0x6d,
0x3e, 0x2e, 0x3c, 0x54, 0x62, 0x3e, 0x61, 0x72, 0x6d, 0x2d, 0x61, 0x36, 0x34, 0x40, 0x32, 0x30, 0x32, 0x36, 0x2d, 0x30, 0x36, 0x3a, 0x53, 0x4d, 0x4c, 0x41, 0x4c, 0x5f, 0x61, 0x73, 0x69, 0x6d,
0x64, 0x65, 0x6c, 0x65, 0x6d, 0x5f, 0x4c, 0x53, 0x4d, 0x4c, 0x41, 0x4c, 0x7b, 0x32, 0x7d, 0x20, 0x3c, 0x56, 0x64, 0x3e, 0x2e, 0x3c, 0x54, 0x61, 0x3e, 0x2c, 0x20, 0x3c, 0x56, 0x6e, 0x3e, 0x2e,
0x3c, 0x54, 0x62, 0x3e, 0x2c, 0x20, 0x56, 0x3c, 0x6d, 0x3e, 0x2e, 0x3c, 0x54, 0x73, 0x3e, 0x5b, 0x3c, 0x69, 0x6e, 0x64, 0x65, 0x78, 0x3e, 0x5d, 0x61, 0x72, 0x6d, 0x2d, 0x61, 0x36, 0x34, 0x40,
0x32, 0x30, 0x32, 0x36, 0x2d, 0x30, 0x36, 0x3a, 0x53, 0x4d, 0x4c, 0x53, 0x4c, 0x5f, 0x61, 0x73, 0x69, 0x6d, 0x64, 0x64, 0x69, 0x66, 0x66, 0x5f, 0x4c, 0x53, 0x4d, 0x4c, 0x53, 0x4c, 0x7b, 0x32,
0x7d, 0x20, 0x3c, 0x56, 0x64, 0x3e, 0x2e, 0x3c, 0x54, 0x61, 0x3e, 0x2c, 0x20, 0x3c, 0x56, 0x6e, 0x3e, 0x2e, 0x3c, 0x54, 0x62, 0x3e, 0x2c, 0x20, 0x3c, 0x56, 0x6d, 0x3e, 0x2e, 0x3c, 0x54, 0x62,
0x3e, 0x61, 0x72, 0x6d, 0x2d, 0x61, 0x36, 0x34, 0x40, 0x32, 0x30, 0x32, 0x36, 0x2d, 0x30, 0x36, 0x3a, 0x53, 0x4d, 0x4c, 0x53, 0x4c, 0x5f, 0x61, 0x73, 0x69, 0x6d, 0x64, 0x65, 0x6c, 0x65, 0x6d,
0x5f, 0x4c, 0x53, 0x4d, 0x4c, 0x53, 0x4c, 0x7b, 0x32, 0x7d, 0x20, 0x3c, 0x56, 0x64, 0x3e, 0x2e, 0x3c, 0x54, 0x61, 0x3e, 0x2c, 0x20, 0x3c, 0x56, 0x6e, 0x3e, 0x2e, 0x3c, 0x54, 0x62, 0x3e, 0x2c,
0x20, 0x56, 0x3c, 0x6d, 0x3e, 0x2e, 0x3c, 0x54, 0x73, 0x3e, 0x5b, 0x3c, 0x69, 0x6e, 0x64, 0x65, 0x78, 0x3e, 0x5d, 0x61, 0x72, 0x6d, 0x2d, 0x61, 0x36, 0x34, 0x40, 0x32, 0x30, 0x32, 0x36, 0x2d,
0x30, 0x36, 0x3a, 0x53, 0x4d, 0x4f, 0x56, 0x5f, 0x61, 0x73, 0x69, 0x6d, 0x64, 0x69, 0x6e, 0x73, 0x5f, 0x57, 0x5f, 0x77, 0x53, 0x4d, 0x4f, 0x56, 0x20, 0x3c, 0x57, 0x64, 0x3e, 0x2c, 0x20, 0x3c,
0x56, 0x6e, 0x3e, 0x2e, 0x3c, 0x54, 0x73, 0x3e, 0x5b, 0x3c, 0x69, 0x6e, 0x64, 0x65, 0x78, 0x3e, 0x5d, 0x61, 0x72, 0x6d, 0x2d, 0x61, 0x36, 0x34, 0x40, 0x32, 0x30, 0x32, 0x36, 0x2d, 0x30, 0x36,
0x3a, 0x53, 0x4d, 0x4f, 0x56, 0x5f, 0x61, 0x73, 0x69, 0x6d, 0x64, 0x69, 0x6e, 0x73, 0x5f, 0x58, 0x5f, 0x78, 0x53, 0x4d, 0x4f, 0x56, 0x20, 0x3c, 0x58, 0x64, 0x3e, 0x2c, 0x20, 0x3c, 0x56, 0x6e,
0x3e, 0x2e, 0x3c, 0x54, 0x73, 0x3e, 0x5b, 0x3c, 0x69, 0x6e, 0x64, 0x65, 0x78, 0x3e, 0x5d, 0x61, 0x72, 0x6d, 0x2d, 0x61, 0x36, 0x34, 0x40, 0x32, 0x30, 0x32, 0x36, 0x2d, 0x30, 0x36, 0x3a, 0x53,
0x4d, 0x55, 0x4c, 0x4c, 0x5f, 0x61, 0x73, 0x69, 0x6d, 0x64, 0x64, 0x69, 0x66, 0x66, 0x5f, 0x4c, 0x53, 0x4d, 0x55, 0x4c, 0x4c, 0x7b, 0x32, 0x7d, 0x20, 0x3c, 0x56, 0x64, 0x3e, 0x2e, 0x3c, 0x54,
0x61, 0x3e, 0x2c, 0x20, 0x3c, 0x56, 0x6e, 0x3e, 0x2e, 0x3c, 0x54, 0x62, 0x3e, 0x2c, 0x20, 0x3c, 0x56, 0x6d, 0x3e, 0x2e, 0x3c, 0x54, 0x62, 0x3e, 0x61, 0x72, 0x6d, 0x2d, 0x61, 0x36, 0x34, 0x40,
0x32, 0x30, 0x32, 0x36, 0x2d, 0x30, 0x36, 0x3a, 0x53, 0x4d, 0x55, 0x4c, 0x4c, 0x5f, 0x61, 0x73, 0x69, 0x6d, 0x64, 0x65, 0x6c, 0x65, 0x6d, 0x5f, 0x4c, 0x53, 0x4d, 0x55, 0x4c, 0x4c, 0x7b, 0x32,
0x7d, 0x20, 0x3c, 0x56, 0x64, 0x3e, 0x2e, 0x3c, 0x54, 0x61, 0x3e, 0x2c, 0x20, 0x3c, 0x56, 0x6e, 0x3e, 0x2e, 0x3c, 0x54, 0x62, 0x3e, 0x2c, 0x20, 0x56, 0x3c, 0x6d, 0x3e, 0x2e, 0x3c, 0x54, 0x73,
0x3e, 0x5b, 0x3c, 0x69, 0x6e, 0x64, 0x65, 0x78, 0x3e, 0x5d, 0x61, 0x72, 0x6d, 0x2d, 0x61, 0x36, 0x34, 0x40, 0x32, 0x30, 0x32, 0x36, 0x2d, 0x30, 0x36, 0x3a, 0x53, 0x51, 0x44, 0x4d, 0x4c, 0x41,
0x4c, 0x5f, 0x61, 0x73, 0x69, 0x6d, 0x64, 0x64, 0x69, 0x66, 0x66, 0x5f, 0x4c, 0x53, 0x51, 0x44, 0x4d, 0x4c, 0x41, 0x4c, 0x7b, 0x32, 0x7d, 0x20, 0x3c, 0x56, 0x64, 0x3e, 0x2e, 0x3c, 0x54, 0x61,
0x3e, 0x2c, 0x20, 0x3c, 0x56, 0x6e, 0x3e, 0x2e, 0x3c, 0x54, 0x62, 0x3e, 0x2c, 0x20, 0x3c, 0x56, 0x6d, 0x3e, 0x2e, 0x3c, 0x54, 0x62, 0x3e, 0x61, 0x72, 0x6d, 0x2d, 0x61, 0x36, 0x34, 0x40, 0x32,
0x30, 0x32, 0x36, 0x2d, 0x30, 0x36, 0x3a, 0x53, 0x51, 0x44, 0x4d, 0x4c, 0x41, 0x4c, 0x5f, 0x61, 0x73, 0x69, 0x6d, 0x64, 0x65, 0x6c, 0x65, 0x6d, 0x5f, 0x4c, 0x53, 0x51, 0x44, 0x4d, 0x4c, 0x41,
0x4c, 0x7b, 0x32, 0x7d, 0x20, 0x3c, 0x56, 0x64, 0x3e, 0x2e, 0x3c, 0x54, 0x61, 0x3e, 0x2c, 0x20, 0x3c, 0x56, 0x6e, 0x3e, 0x2e, 0x3c, 0x54, 0x62, 0x3e, 0x2c, 0x20, 0x56, 0x3c, 0x6d, 0x3e, 0x2e,
0x3c, 0x54, 0x73, 0x3e, 0x5b, 0x3c, 0x69, 0x6e, 0x64, 0x65, 0x78, 0x3e, 0x5d, 0x61, 0x72, 0x6d, 0x2d, 0x61, 0x36, 0x34, 0x40, 0x32, 0x30, 0x32, 0x36, 0x2d, 0x30, 0x36, 0x3a, 0x53, 0x51, 0x44,
0x4d, 0x4c, 0x41, 0x4c, 0x5f, 0x61, 0x73, 0x69, 0x73, 0x64, 0x65, 0x6c, 0x65, 0x6d, 0x5f, 0x4c, 0x53, 0x51, 0x44, 0x4d, 0x4c, 0x41, 0x4c, 0x20, 0x3c, 0x56, 0x61, 0x3e, 0x3c, 0x64, 0x3e, 0x2c,
0x20, 0x3c, 0x56, 0x62, 0x3e, 0x3c, 0x6e, 0x3e, 0x2c, 0x20, 0x56, 0x3c, 0x6d, 0x3e, 0x2e, 0x3c, 0x54, 0x73, 0x3e, 0x5b, 0x3c, 0x69, 0x6e, 0x64, 0x65, 0x78, 0x3e, 0x5d, 0x61, 0x72, 0x6d, 0x2d,
0x61, 0x36, 0x34, 0x40, 0x32, 0x30, 0x32, 0x36, 0x2d, 0x30, 0x36, 0x3a, 0x53, 0x51, 0x44, 0x4d, 0x4c, 0x53, 0x4c, 0x5f, 0x61, 0x73, 0x69, 0x6d, 0x64, 0x64, 0x69, 0x66, 0x66, 0x5f, 0x4c, 0x53,
0x51, 0x44, 0x4d, 0x4c, 0x53, 0x4c, 0x7b, 0x32, 0x7d, 0x20, 0x3c, 0x56, 0x64, 0x3e, 0x2e, 0x3c, 0x54, 0x61, 0x3e, 0x2c, 0x20, 0x3c, 0x56, 0x6e, 0x3e, 0x2e, 0x3c, 0x54, 0x62, 0x3e, 0x2c, 0x20,
0x3c, 0x56, 0x6d, 0x3e, 0x2e, 0x3c, 0x54, 0x62, 0x3e, 0x61, 0x72, 0x6d, 0x2d, 0x61, 0x36, 0x34, 0x40, 0x32, 0x30, 0x32, 0x36, 0x2d, 0x30, 0x36, 0x3a, 0x53, 0x51, 0x44, 0x4d, 0x4c, 0x53, 0x4c,
0x5f, 0x61, 0x73, 0x69, 0x6d, 0x64, 0x65, 0x6c, 0x65, 0x6d, 0x5f, 0x4c, 0x53, 0x51, 0x44, 0x4d, 0x4c, 0x53, 0x4c, 0x7b, 0x32, 0x7d, 0x20, 0x3c, 0x56, 0x64, 0x3e, 0x2e, 0x3c, 0x54, 0x61, 0x3e,
0x2c, 0x20, 0x3c, 0x56, 0x6e, 0x3e, 0x2e, 0x3c, 0x54, 0x62, 0x3e, 0x2c, 0x20, 0x56, 0x3c, 0x6d, 0x3e, 0x2e, 0x3c, 0x54, 0x73, 0x3e, 0x5b, 0x3c, 0x69, 0x6e, 0x64, 0x65, 0x78, 0x3e, 0x5d, 0x61,
0x72, 0x6d, 0x2d, 0x61, 0x36, 0x34, 0x40, 0x32, 0x30, 0x32, 0x36, 0x2d, 0x30, 0x36, 0x3a, 0x53, 0x51, 0x44, 0x4d, 0x4c, 0x53, 0x4c, 0x5f, 0x61, 0x73, 0x69, 0x73, 0x64, 0x65, 0x6c, 0x65, 0x6d,
0x5f, 0x4c, 0x53, 0x51, 0x44, 0x4d, 0x4c, 0x53, 0x4c, 0x20, 0x3c, 0x56, 0x61, 0x3e, 0x3c, 0x64, 0x3e, 0x2c, 0x20, 0x3c, 0x56, 0x62, 0x3e, 0x3c, 0x6e, 0x3e, 0x2c, 0x20, 0x56, 0x3c, 0x6d, 0x3e,
0x2e, 0x3c, 0x54, 0x73, 0x3e, 0x5b, 0x3c, 0x69, 0x6e, 0x64, 0x65, 0x78, 0x3e, 0x5d, 0x61, 0x72, 0x6d, 0x2d, 0x61, 0x36, 0x34, 0x40, 0x32, 0x30, 0x32, 0x36, 0x2d, 0x30, 0x36, 0x3a, 0x53, 0x51,
0x44, 0x4d, 0x55, 0x4c, 0x48, 0x5f, 0x61, 0x73, 0x69, 0x6d, 0x64, 0x65, 0x6c, 0x65, 0x6d, 0x5f, 0x52, 0x53, 0x51, 0x44, 0x4d, 0x55, 0x4c, 0x48, 0x20, 0x3c, 0x56, 0x64, 0x3e, 0x2e, 0x3c, 0x54,
0x3e, 0x2c, 0x20, 0x3c, 0x56, 0x6e, 0x3e, 0x2e, 0x3c, 0x54, 0x3e, 0x2c, 0x20, 0x56, 0x3c, 0x6d, 0x3e, 0x2e, 0x3c, 0x54, 0x73, 0x3e, 0x5b, 0x3c, 0x69, 0x6e, 0x64, 0x65, 0x78, 0x3e, 0x5d, 0x61,
0x72, 0x6d, 0x2d, 0x61, 0x36, 0x34, 0x40, 0x32, 0x30, 0x32, 0x36, 0x2d, 0x30, 0x36, 0x3a, 0x53, 0x51, 0x44, 0x4d, 0x55, 0x4c, 0x48, 0x5f, 0x61, 0x73, 0x69, 0x73, 0x64, 0x65, 0x6c, 0x65, 0x6d,
0x5f, 0x52, 0x53, 0x51, 0x44, 0x4d, 0x55, 0x4c, 0x48, 0x20, 0x3c, 0x56, 0x3e, 0x3c, 0x64, 0x3e, 0x2c, 0x20, 0x3c, 0x56, 0x3e, 0x3c, 0x6e, 0x3e, 0x2c, 0x20, 0x56, 0x3c, 0x6d, 0x3e, 0x2e, 0x3c,
0x54, 0x73, 0x3e, 0x5b, 0x3c, 0x69, 0x6e, 0x64, 0x65, 0x78, 0x3e, 0x5d, 0x61, 0x72, 0x6d, 0x2d, 0x61, 0x36, 0x34, 0x40, 0x32, 0x30, 0x32, 0x36, 0x2d, 0x30, 0x36, 0x3a, 0x53, 0x51, 0x44, 0x4d,
0x55, 0x4c, 0x4c, 0x5f, 0x61, 0x73, 0x69, 0x6d, 0x64, 0x64, 0x69, 0x66, 0x66, 0x5f, 0x4c, 0x53, 0x51, 0x44, 0x4d, 0x55, 0x4c, 0x4c, 0x7b, 0x32, 0x7d, 0x20, 0x3c, 0x56, 0x64, 0x3e, 0x2e, 0x3c,
0x54, 0x61, 0x3e, 0x2c, 0x20, 0x3c, 0x56, 0x6e, 0x3e, 0x2e, 0x3c, 0x54, 0x62, 0x3e, 0x2c, 0x20, 0x3c, 0x56, 0x6d, 0x3e, 0x2e, 0x3c, 0x54, 0x62, 0x3e, 0x61, 0x72, 0x6d, 0x2d, 0x61, 0x36, 0x34,
0x40, 0x32, 0x30, 0x32, 0x36, 0x2d, 0x30, 0x36, 0x3a, 0x53, 0x51, 0x44, 0x4d, 0x55, 0x4c, 0x4c, 0x5f, 0x61, 0x73, 0x69, 0x6d, 0x64, 0x65, 0x6c, 0x65, 0x6d, 0x5f, 0x4c, 0x53, 0x51, 0x44, 0x4d,
0x55, 0x4c, 0x4c, 0x7b, 0x32, 0x7d, 0x20, 0x3c, 0x56, 0x64, 0x3e, 0x2e, 0x3c, 0x54, 0x61, 0x3e, 0x2c, 0x20, 0x3c, 0x56, 0x6e, 0x3e, 0x2e, 0x3c, 0x54, 0x62, 0x3e, 0x2c, 0x20, 0x56, 0x3c, 0x6d,
0x3e, 0x2e, 0x3c, 0x54, 0x73, 0x3e, 0x5b, 0x3c, 0x69, 0x6e, 0x64, 0x65, 0x78, 0x3e, 0x5d, 0x61, 0x72, 0x6d, 0x2d, 0x61, 0x36, 0x34, 0x40, 0x32, 0x30, 0x32, 0x36, 0x2d, 0x30, 0x36, 0x3a, 0x53,
0x51, 0x44, 0x4d, 0x55, 0x4c, 0x4c, 0x5f, 0x61, 0x73, 0x69, 0x73, 0x64, 0x65, 0x6c, 0x65, 0x6d, 0x5f, 0x4c, 0x53, 0x51, 0x44, 0x4d, 0x55, 0x4c, 0x4c, 0x20, 0x3c, 0x56, 0x61, 0x3e, 0x3c, 0x64,
0x3e, 0x2c, 0x20, 0x3c, 0x56, 0x62, 0x3e, 0x3c, 0x6e, 0x3e, 0x2c, 0x20, 0x56, 0x3c, 0x6d, 0x3e, 0x2e, 0x3c, 0x54, 0x73, 0x3e, 0x5b, 0x3c, 0x69, 0x6e, 0x64, 0x65, 0x78, 0x3e, 0x5d, 0x61, 0x72,
0x6d, 0x2d, 0x61, 0x36, 0x34, 0x40, 0x32, 0x30, 0x32, 0x36, 0x2d, 0x30, 0x36, 0x3a, 0x53, 0x51, 0x52, 0x44, 0x4d, 0x4c, 0x41, 0x48, 0x5f, 0x61, 0x73, 0x69, 0x6d, 0x64, 0x65, 0x6c, 0x65, 0x6d,
0x5f, 0x52, 0x53, 0x51, 0x52, 0x44, 0x4d, 0x4c, 0x41, 0x48, 0x20, 0x3c, 0x56, 0x64, 0x3e, 0x2e, 0x3c, 0x54, 0x3e, 0x2c, 0x20, 0x3c, 0x56, 0x6e, 0x3e, 0x2e, 0x3c, 0x54, 0x3e, 0x2c, 0x20, 0x56,
0x3c, 0x6d, 0x3e, 0x2e, 0x3c, 0x54, 0x73, 0x3e, 0x5b, 0x3c, 0x69, 0x6e, 0x64, 0x65, 0x78, 0x3e, 0x5d, 0x61, 0x72, 0x6d, 0x2d, 0x61, 0x36, 0x34, 0x40, 0x32, 0x30, 0x32, 0x36, 0x2d, 0x30, 0x36,
0x3a, 0x53, 0x51, 0x52, 0x44, 0x4d, 0x4c, 0x41, 0x48, 0x5f, 0x61, 0x73, 0x69, 0x73, 0x64, 0x65, 0x6c, 0x65, 0x6d, 0x5f, 0x52, 0x53, 0x51, 0x52, 0x44, 0x4d, 0x4c, 0x41, 0x48, 0x20, 0x3c, 0x56,
0x3e, 0x3c, 0x64, 0x3e, 0x2c, 0x20, 0x3c, 0x56, 0x3e, 0x3c, 0x6e, 0x3e, 0x2c, 0x20, 0x56, 0x3c, 0x6d, 0x3e, 0x2e, 0x3c, 0x54, 0x73, 0x3e, 0x5b, 0x3c, 0x69, 0x6e, 0x64, 0x65, 0x78, 0x3e, 0x5d,
0x61, 0x72, 0x6d, 0x2d, 0x61, 0x36, 0x34, 0x40, 0x32, 0x30, 0x32, 0x36, 0x2d, 0x30, 0x36, 0x3a, 0x53, 0x51, 0x52, 0x44, 0x4d, 0x4c, 0x53, 0x48, 0x5f, 0x61, 0x73, 0x69, 0x6d, 0x64, 0x65, 0x6c,
0x65, 0x6d, 0x5f, 0x52, 0x53, 0x51, 0x52, 0x44, 0x4d, 0x4c, 0x53, 0x48, 0x20, 0x3c, 0x56, 0x64, 0x3e, 0x2e, 0x3c, 0x54, 0x3e, 0x2c, 0x20, 0x3c, 0x56, 0x6e, 0x3e, 0x2e, 0x3c, 0x54, 0x3e, 0x2c,
0x20, 0x56, 0x3c, 0x6d, 0x3e, 0x2e, 0x3c, 0x54, 0x73, 0x3e, 0x5b, 0x3c, 0x69, 0x6e, 0x64, 0x65, 0x78, 0x3e, 0x5d, 0x61, 0x72, 0x6d, 0x2d, 0x61, 0x36, 0x34, 0x40, 0x32, 0x30, 0x32, 0x36, 0x2d,
0x30, 0x36, 0x3a, 0x53, 0x51, 0x52, 0x44, 0x4d, 0x4c, 0x53, 0x48, 0x5f, 0x61, 0x73, 0x69, 0x73, 0x64, 0x65, 0x6c, 0x65, 0x6d, 0x5f, 0x52, 0x53, 0x51, 0x52, 0x44, 0x4d, 0x4c, 0x53, 0x48, 0x20,
0x3c, 0x56, 0x3e, 0x3c, 0x64, 0x3e, 0x2c, 0x20, 0x3c, 0x56, 0x3e, 0x3c, 0x6e, 0x3e, 0x2c, 0x20, 0x56, 0x3c, 0x6d, 0x3e, 0x2e, 0x3c, 0x54, 0x73, 0x3e, 0x5b, 0x3c, 0x69, 0x6e, 0x64, 0x65, 0x78,
0x3e, 0x5d, 0x61, 0x72, 0x6d, 0x2d, 0x61, 0x36, 0x34, 0x40, 0x32, 0x30, 0x32, 0x36, 0x2d, 0x30, 0x36, 0x3a, 0x53, 0x51, 0x52, 0x44, 0x4d, 0x55, 0x4c, 0x48, 0x5f, 0x61, 0x73, 0x69, 0x6d, 0x64,
0x65, 0x6c, 0x65, 0x6d, 0x5f, 0x52, 0x53, 0x51, 0x52, 0x44, 0x4d, 0x55, 0x4c, 0x48, 0x20, 0x3c, 0x56, 0x64, 0x3e, 0x2e, 0x3c, 0x54, 0x3e, 0x2c, 0x20, 0x3c, 0x56, 0x6e, 0x3e, 0x2e, 0x3c, 0x54,
0x3e, 0x2c, 0x20, 0x56, 0x3c, 0x6d, 0x3e, 0x2e, 0x3c, 0x54, 0x73, 0x3e, 0x5b, 0x3c, 0x69, 0x6e, 0x64, 0x65, 0x78, 0x3e, 0x5d, 0x61, 0x72, 0x6d, 0x2d, 0x61, 0x36, 0x34, 0x40, 0x32, 0x30, 0x32,
0x36, 0x2d, 0x30, 0x36, 0x3a, 0x53, 0x51, 0x52, 0x44, 0x4d, 0x55, 0x4c, 0x48, 0x5f, 0x61, 0x73, 0x69, 0x73, 0x64, 0x65, 0x6c, 0x65, 0x6d, 0x5f, 0x52, 0x53, 0x51, 0x52, 0x44, 0x4d, 0x55, 0x4c,
0x48, 0x20, 0x3c, 0x56, 0x3e, 0x3c, 0x64, 0x3e, 0x2c, 0x20, 0x3c, 0x56, 0x3e, 0x3c, 0x6e, 0x3e, 0x2c, 0x20, 0x56, 0x3c, 0x6d, 0x3e, 0x2e, 0x3c, 0x54, 0x73, 0x3e, 0x5b, 0x3c, 0x69, 0x6e, 0x64,
0x65, 0x78, 0x3e, 0x5d, 0x61, 0x72, 0x6d, 0x2d, 0x61, 0x36, 0x34, 0x40, 0x32, 0x30, 0x32, 0x36, 0x2d, 0x30, 0x36, 0x3a, 0x53, 0x51, 0x52, 0x53, 0x48, 0x52, 0x4e, 0x5f, 0x61, 0x73, 0x69, 0x6d,
0x64, 0x73, 0x68, 0x66, 0x5f, 0x4e, 0x53, 0x51, 0x52, 0x53, 0x48, 0x52, 0x4e, 0x7b, 0x32, 0x7d, 0x20, 0x3c, 0x56, 0x64, 0x3e, 0x2e, 0x3c, 0x54, 0x62, 0x3e, 0x2c, 0x20, 0x3c, 0x56, 0x6e, 0x3e,
0x2e, 0x3c, 0x54, 0x61, 0x3e, 0x2c, 0x20, 0x23, 0x3c, 0x73, 0x68, 0x69, 0x66, 0x74, 0x3e, 0x61, 0x72, 0x6d, 0x2d, 0x61, 0x36, 0x34, 0x40, 0x32, 0x30, 0x32, 0x36, 0x2d, 0x30, 0x36, 0x3a, 0x53,
0x51, 0x52, 0x53, 0x48, 0x52, 0x4e, 0x5f, 0x61, 0x73, 0x69, 0x73, 0x64, 0x73, 0x68, 0x66, 0x5f, 0x4e, 0x53, 0x51, 0x52, 0x53, 0x48, 0x52, 0x4e, 0x20, 0x3c, 0x56, 0x62, 0x3e, 0x3c, 0x64, 0x3e,
0x2c, 0x20, 0x3c, 0x56, 0x61, 0x3e, 0x3c, 0x6e, 0x3e, 0x2c, 0x20, 0x23, 0x3c, 0x73, 0x68, 0x69, 0x66, 0x74, 0x3e, 0x61, 0x72, 0x6d, 0x2d, 0x61, 0x36, 0x34, 0x40, 0x32, 0x30, 0x32, 0x36, 0x2d,
0x30, 0x36, 0x3a, 0x53, 0x51, 0x52, 0x53, 0x48, 0x52, 0x55, 0x4e, 0x5f, 0x61, 0x73, 0x69, 0x6d, 0x64, 0x73, 0x68, 0x66, 0x5f, 0x4e, 0x53, 0x51, 0x52, 0x53, 0x48, 0x52, 0x55, 0x4e, 0x7b, 0x32,
0x7d, 0x20, 0x3c, 0x56, 0x64, 0x3e, 0x2e, 0x3c, 0x54, 0x62, 0x3e, 0x2c, 0x20, 0x3c, 0x56, 0x6e, 0x3e, 0x2e, 0x3c, 0x54, 0x61, 0x3e, 0x2c, 0x20, 0x23, 0x3c, 0x73, 0x68, 0x69, 0x66, 0x74, 0x3e,
0x61, 0x72, 0x6d, 0x2d, 0x61, 0x36, 0x34, 0x40, 0x32, 0x30, 0x32, 0x36, 0x2d, 0x30, 0x36, 0x3a, 0x53, 0x51, 0x52, 0x53, 0x48, 0x52, 0x55, 0x4e, 0x5f, 0x61, 0x73, 0x69, 0x73, 0x64, 0x73, 0x68,
0x66, 0x5f, 0x4e, 0x53, 0x51, 0x52, 0x53, 0x48, 0x52, 0x55, 0x4e, 0x20, 0x3c, 0x56, 0x62, 0x3e, 0x3c, 0x64, 0x3e, 0x2c, 0x20, 0x3c, 0x56, 0x61, 0x3e, 0x3c, 0x6e, 0x3e, 0x2c, 0x20, 0x23, 0x3c,
0x73, 0x68, 0x69, 0x66, 0x74, 0x3e, 0x61, 0x72, 0x6d, 0x2d, 0x61, 0x36, 0x34, 0x40, 0x32, 0x30, 0x32, 0x36, 0x2d, 0x30, 0x36, 0x3a, 0x53, 0x51, 0x53, 0x48, 0x4c, 0x55, 0x5f, 0x61, 0x73, 0x69,
0x6d, 0x64, 0x73, 0x68, 0x66, 0x5f, 0x52, 0x53, 0x51, 0x53, 0x48, 0x4c, 0x55, 0x20, 0x3c, 0x56, 0x64, 0x3e, 0x2e, 0x3c, 0x54, 0x3e, 0x2c, 0x20, 0x3c, 0x56, 0x6e, 0x3e, 0x2e, 0x3c, 0x54, 0x3e,
0x2c, 0x20, 0x23, 0x3c, 0x73, 0x68, 0x69, 0x66, 0x74, 0x3e, 0x61, 0x72, 0x6d, 0x2d, 0x61, 0x36, 0x34, 0x40, 0x32, 0x30, 0x32, 0x36, 0x2d, 0x30, 0x36, 0x3a, 0x53, 0x51, 0x53, 0x48, 0x4c, 0x55,
0x5f, 0x61, 0x73, 0x69, 0x73, 0x64, 0x73, 0x68, 0x66, 0x5f, 0x52, 0x53, 0x51, 0x53, 0x48, 0x4c, 0x55, 0x20, 0x3c, 0x56, 0x3e, 0x3c, 0x64, 0x3e, 0x2c, 0x20, 0x3c, 0x56, 0x3e, 0x3c, 0x6e, 0x3e,
0x2c, 0x20, 0x23, 0x3c, 0x73, 0x68, 0x69, 0x66, 0x74, 0x3e, 0x61, 0x72, 0x6d, 0x2d, 0x61, 0x36, 0x34, 0x40, 0x32, 0x30, 0x32, 0x36, 0x2d, 0x30, 0x36, 0x3a, 0x53, 0x51, 0x53, 0x48, 0x4c, 0x5f,
0x61, 0x73, 0x69, 0x6d, 0x64, 0x73, 0x68, 0x66, 0x5f, 0x52, 0x53, 0x51, 0x53, 0x48, 0x4c, 0x20, 0x3c, 0x56, 0x64, 0x3e, 0x2e, 0x3c, 0x54, 0x3e, 0x2c, 0x20, 0x3c, 0x56, 0x6e, 0x3e, 0x2e, 0x3c,
0x54, 0x3e, 0x2c, 0x20, 0x23, 0x3c, 0x73, 0x68, 0x69, 0x66, 0x74, 0x3e, 0x61, 0x72, 0x6d, 0x2d, 0x61, 0x36, 0x34, 0x40, 0x32, 0x30, 0x32, 0x36, 0x2d, 0x30, 0x36, 0x3a, 0x53, 0x51, 0x53, 0x48,
0x4c, 0x5f, 0x61, 0x73, 0x69, 0x73, 0x64, 0x73, 0x68, 0x66, 0x5f, 0x52, 0x53, 0x51, 0x53, 0x48, 0x4c, 0x20, 0x3c, 0x56, 0x3e, 0x3c, 0x64, 0x3e, 0x2c, 0x20, 0x3c, 0x56, 0x3e, 0x3c, 0x6e, 0x3e,
0x2c, 0x20, 0x23, 0x3c, 0x73, 0x68, 0x69, 0x66, 0x74, 0x3e, 0x61, 0x72, 0x6d, 0x2d, 0x61, 0x36, 0x34, 0x40, 0x32, 0x30, 0x32, 0x36, 0x2d, 0x30, 0x36, 0x3a, 0x53, 0x51, 0x53, 0x48, 0x52, 0x4e,
0x5f, 0x61, 0x73, 0x69, 0x6d, 0x64, 0x73, 0x68, 0x66, 0x5f, 0x4e, 0x53, 0x51, 0x53, 0x48, 0x52, 0x4e, 0x7b, 0x32, 0x7d, 0x20, 0x3c, 0x56, 0x64, 0x3e, 0x2e, 0x3c, 0x54, 0x62, 0x3e, 0x2c, 0x20,
0x3c, 0x56, 0x6e, 0x3e, 0x2e, 0x3c, 0x54, 0x61, 0x3e, 0x2c, 0x20, 0x23, 0x3c, 0x73, 0x68, 0x69, 0x66, 0x74, 0x3e, 0x61, 0x72, 0x6d, 0x2d, 0x61, 0x36, 0x34, 0x40, 0x32, 0x30, 0x32, 0x36, 0x2d,
0x30, 0x36, 0x3a, 0x53, 0x51, 0x53, 0x48, 0x52, 0x4e, 0x5f, 0x61, 0x73, 0x69, 0x73, 0x64, 0x73, 0x68, 0x66, 0x5f, 0x4e, 0x53, 0x51, 0x53, 0x48, 0x52, 0x4e, 0x20, 0x3c, 0x56, 0x62, 0x3e, 0x3c,
0x64, 0x3e, 0x2c, 0x20, 0x3c, 0x56, 0x61, 0x3e, 0x3c, 0x6e, 0x3e, 0x2c, 0x20, 0x23, 0x3c, 0x73, 0x68, 0x69, 0x66, 0x74, 0x3e, 0x61, 0x72, 0x6d, 0x2d, 0x61, 0x36, 0x34, 0x40, 0x32, 0x30, 0x32,
0x36, 0x2d, 0x30, 0x36, 0x3a, 0x53, 0x51, 0x53, 0x48, 0x52, 0x55, 0x4e, 0x5f, 0x61, 0x73, 0x69, 0x6d, 0x64, 0x73, 0x68, 0x66, 0x5f, 0x4e, 0x53, 0x51, 0x53, 0x48, 0x52, 0x55, 0x4e, 0x7b, 0x32,
0x7d, 0x20, 0x3c, 0x56, 0x64, 0x3e, 0x2e, 0x3c, 0x54, 0x62, 0x3e, 0x2c, 0x20, 0x3c, 0x56, 0x6e, 0x3e, 0x2e, 0x3c, 0x54, 0x61, 0x3e, 0x2c, 0x20, 0x23, 0x3c, 0x73, 0x68, 0x69, 0x66, 0x74, 0x3e,
0x61, 0x72, 0x6d, 0x2d, 0x61, 0x36, 0x34, 0x40, 0x32, 0x30, 0x32, 0x36, 0x2d, 0x30, 0x36, 0x3a, 0x53, 0x51, 0x53, 0x48, 0x52, 0x55, 0x4e, 0x5f, 0x61, 0x73, 0x69, 0x73, 0x64, 0x73, 0x68, 0x66,
0x5f, 0x4e, 0x53, 0x51, 0x53, 0x48, 0x52, 0x55, 0x4e, 0x20, 0x3c, 0x56, 0x62, 0x3e, 0x3c, 0x64, 0x3e, 0x2c, 0x20, 0x3c, 0x56, 0x61, 0x3e, 0x3c, 0x6e, 0x3e, 0x2c, 0x20, 0x23, 0x3c, 0x73, 0x68,
0x69, 0x66, 0x74, 0x3e, 0x61, 0x72, 0x6d, 0x2d, 0x61, 0x36, 0x34, 0x40, 0x32, 0x30, 0x32, 0x36, 0x2d, 0x30, 0x36, 0x3a, 0x53, 0x51, 0x58, 0x54, 0x4e, 0x5f, 0x61, 0x73, 0x69, 0x6d, 0x64, 0x6d,
0x69, 0x73, 0x63, 0x5f, 0x4e, 0x53, 0x51, 0x58, 0x54, 0x4e, 0x7b, 0x32, 0x7d, 0x20, 0x3c, 0x56, 0x64, 0x3e, 0x2e, 0x3c, 0x54, 0x62, 0x3e, 0x2c, 0x20, 0x3c, 0x56, 0x6e, 0x3e, 0x2e, 0x3c, 0x54,
0x61, 0x3e, 0x61, 0x72, 0x6d, 0x2d, 0x61, 0x36, 0x34, 0x40, 0x32, 0x30, 0x32, 0x36, 0x2d, 0x30, 0x36, 0x3a, 0x53, 0x51, 0x58, 0x54, 0x55, 0x4e, 0x5f, 0x61, 0x73, 0x69, 0x6d, 0x64, 0x6d, 0x69,
0x73, 0x63, 0x5f, 0x4e, 0x53, 0x51, 0x58, 0x54, 0x55, 0x4e, 0x7b, 0x32, 0x7d, 0x20, 0x3c, 0x56, 0x64, 0x3e, 0x2e, 0x3c, 0x54, 0x62, 0x3e, 0x2c, 0x20, 0x3c, 0x56, 0x6e, 0x3e, 0x2e, 0x3c, 0x54,
0x61, 0x3e, 0x61, 0x72, 0x6d, 0x2d, 0x61, 0x36, 0x34, 0x40, 0x32, 0x30, 0x32, 0x36, 0x2d, 0x30, 0x36, 0x3a, 0x53, 0x52, 0x49, 0x5f, 0x61, 0x73, 0x69, 0x6d, 0x64, 0x73, 0x68, 0x66, 0x5f, 0x52,
0x53, 0x52, 0x49, 0x20, 0x3c, 0x56, 0x64, 0x3e, 0x2e, 0x3c, 0x54, 0x3e, 0x2c, 0x20, 0x3c, 0x56, 0x6e, 0x3e, 0x2e, 0x3c, 0x54, 0x3e, 0x2c, 0x20, 0x23, 0x3c, 0x73, 0x68, 0x69, 0x66, 0x74, 0x3e,
0x61, 0x72, 0x6d, 0x2d, 0x61, 0x36, 0x34, 0x40, 0x32, 0x30, 0x32, 0x36, 0x2d, 0x30, 0x36, 0x3a, 0x53, 0x52, 0x49, 0x5f, 0x61, 0x73, 0x69, 0x73, 0x64, 0x73, 0x68, 0x66, 0x5f, 0x52, 0x53, 0x52,
0x49, 0x20, 0x44, 0x3c, 0x64, 0x3e, 0x2c, 0x20, 0x44, 0x3c, 0x6e, 0x3e, 0x2c, 0x20, 0x23, 0x3c, 0x73, 0x68, 0x69, 0x66, 0x74, 0x3e, 0x61, 0x72, 0x6d, 0x2d, 0x61, 0x36, 0x34, 0x40, 0x32, 0x30,
0x32, 0x36, 0x2d, 0x30, 0x36, 0x3a, 0x53, 0x52, 0x53, 0x48, 0x52, 0x5f, 0x61, 0x73, 0x69, 0x6d, 0x64, 0x73, 0x68, 0x66, 0x5f, 0x52, 0x53, 0x52, 0x53, 0x48, 0x52, 0x20, 0x3c, 0x56, 0x64, 0x3e,
0x2e, 0x3c, 0x54, 0x3e, 0x2c, 0x20, 0x3c, 0x56, 0x6e, 0x3e, 0x2e, 0x3c, 0x54, 0x3e, 0x2c, 0x20, 0x23, 0x3c, 0x73, 0x68, 0x69, 0x66, 0x74, 0x3e, 0x61, 0x72, 0x6d, 0x2d, 0x61, 0x36, 0x34, 0x40,
0x32, 0x30, 0x32, 0x36, 0x2d, 0x30, 0x36, 0x3a, 0x53, 0x52, 0x53, 0x48, 0x52, 0x5f, 0x61, 0x73, 0x69, 0x73, 0x64, 0x73, 0x68, 0x66, 0x5f, 0x52, 0x53, 0x52, 0x53, 0x48, 0x52, 0x20, 0x44, 0x3c,
0x64, 0x3e, 0x2c, 0x20, 0x44, 0x3c, 0x6e, 0x3e, 0x2c, 0x20, 0x23, 0x3c, 0x73, 0x68, 0x69, 0x66, 0x74, 0x3e, 0x61, 0x72, 0x6d, 0x2d, 0x61, 0x36, 0x34, 0x40, 0x32, 0x30, 0x32, 0x36, 0x2d, 0x30,
0x36, 0x3a, 0x53, 0x52, 0x53, 0x52, 0x41, 0x5f, 0x61, 0x73, 0x69, 0x6d, 0x64, 0x73, 0x68, 0x66, 0x5f, 0x52, 0x53, 0x52, 0x53, 0x52, 0x41, 0x20, 0x3c, 0x56, 0x64, 0x3e, 0x2e, 0x3c, 0x54, 0x3e,
0x2c, 0x20, 0x3c, 0x56, 0x6e, 0x3e, 0x2e, 0x3c, 0x54, 0x3e, 0x2c, 0x20, 0x23, 0x3c, 0x73, 0x68, 0x69, 0x66, 0x74, 0x3e, 0x61, 0x72, 0x6d, 0x2d, 0x61, 0x36, 0x34, 0x40, 0x32, 0x30, 0x32, 0x36,
0x2d, 0x30, 0x36, 0x3a, 0x53, 0x52, 0x53, 0x52, 0x41, 0x5f, 0x61, 0x73, 0x69, 0x73, 0x64, 0x73, 0x68, 0x66, 0x5f, 0x52, 0x53, 0x52, 0x53, 0x52, 0x41, 0x20, 0x44, 0x3c, 0x64, 0x3e, 0x2c, 0x20,
0x44, 0x3c, 0x6e, 0x3e, 0x2c, 0x20, 0x23, 0x3c, 0x73, 0x68, 0x69, 0x66, 0x74, 0x3e, 0x61, 0x72, 0x6d, 0x2d, 0x61, 0x36, 0x34, 0x40, 0x32, 0x30, 0x32, 0x36, 0x2d, 0x30, 0x36, 0x3a, 0x53, 0x53,
0x48, 0x4c, 0x4c, 0x5f, 0x61, 0x73, 0x69, 0x6d, 0x64, 0x73, 0x68, 0x66, 0x5f, 0x4c, 0x53, 0x53, 0x48, 0x4c, 0x4c, 0x7b, 0x32, 0x7d, 0x20, 0x3c, 0x56, 0x64, 0x3e, 0x2e, 0x3c, 0x54, 0x61, 0x3e,
0x2c, 0x20, 0x3c, 0x56, 0x6e, 0x3e, 0x2e, 0x3c, 0x54, 0x62, 0x3e, 0x2c, 0x20, 0x23, 0x3c, 0x73, 0x68, 0x69, 0x66, 0x74, 0x3e, 0x61, 0x72, 0x6d, 0x2d, 0x61, 0x36, 0x34, 0x40, 0x32, 0x30, 0x32,
0x36, 0x2d, 0x30, 0x36, 0x3a, 0x53, 0x53, 0x48, 0x52, 0x5f, 0x61, 0x73, 0x69, 0x6d, 0x64, 0x73, 0x68, 0x66, 0x5f, 0x52, 0x53, 0x53, 0x48, 0x52, 0x20, 0x3c, 0x56, 0x64, 0x3e, 0x2e, 0x3c, 0x54,
0x3e, 0x2c, 0x20, 0x3c, 0x56, 0x6e, 0x3e, 0x2e, 0x3c, 0x54, 0x3e, 0x2c, 0x20, 0x23, 0x3c, 0x73, 0x68, 0x69, 0x66, 0x74, 0x3e, 0x61, 0x72, 0x6d, 0x2d, 0x61, 0x36, 0x34, 0x40, 0x32, 0x30, 0x32,
0x36, 0x2d, 0x30, 0x36, 0x3a, 0x53, 0x53, 0x48, 0x52, 0x5f, 0x61, 0x73, 0x69, 0x73, 0x64, 0x73, 0x68, 0x66, 0x5f, 0x52, 0x53, 0x53, 0x48, 0x52, 0x20, 0x44, 0x3c, 0x64, 0x3e, 0x2c, 0x20, 0x44,
0x3c, 0x6e, 0x3e, 0x2c, 0x20, 0x23, 0x3c, 0x73, 0x68, 0x69, 0x66, 0x74, 0x3e, 0x61, 0x72, 0x6d, 0x2d, 0x61, 0x36, 0x34, 0x40, 0x32, 0x30, 0x32, 0x36, 0x2d, 0x30, 0x36, 0x3a, 0x53, 0x53, 0x52,
0x41, 0x5f, 0x61, 0x73, 0x69, 0x6d, 0x64, 0x73, 0x68, 0x66, 0x5f, 0x52, 0x53, 0x53, 0x52, 0x41, 0x20, 0x3c, 0x56, 0x64, 0x3e, 0x2e, 0x3c, 0x54, 0x3e, 0x2c, 0x20, 0x3c, 0x56, 0x6e, 0x3e, 0x2e,
0x3c, 0x54, 0x3e, 0x2c, 0x20, 0x23, 0x3c, 0x73, 0x68, 0x69, 0x66, 0x74, 0x3e, 0x61, 0x72, 0x6d, 0x2d, 0x61, 0x36, 0x34, 0x40, 0x32, 0x30, 0x32, 0x36, 0x2d, 0x30, 0x36, 0x3a, 0x53, 0x53, 0x52,
0x41, 0x5f, 0x61, 0x73, 0x69, 0x73, 0x64, 0x73, 0x68, 0x66, 0x5f, 0x52, 0x53, 0x53, 0x52, 0x41, 0x20, 0x44, 0x3c, 0x64, 0x3e, 0x2c, 0x20, 0x44, 0x3c, 0x6e, 0x3e, 0x2c, 0x20, 0x23, 0x3c, 0x73,
0x68, 0x69, 0x66, 0x74, 0x3e, 0x61, 0x72, 0x6d, 0x2d, 0x61, 0x36, 0x34, 0x40, 0x32, 0x30, 0x32, 0x36, 0x2d, 0x30, 0x36, 0x3a, 0x53, 0x53, 0x55, 0x42, 0x4c, 0x5f, 0x61, 0x73, 0x69, 0x6d, 0x64,
0x64, 0x69, 0x66, 0x66, 0x5f, 0x4c, 0x53, 0x53, 0x55, 0x42, 0x4c, 0x7b, 0x32, 0x7d, 0x20, 0x3c, 0x56, 0x64, 0x3e, 0x2e, 0x3c, 0x54, 0x61, 0x3e, 0x2c, 0x20, 0x3c, 0x56, 0x6e, 0x3e, 0x2e, 0x3c,
0x54, 0x62, 0x3e, 0x2c, 0x20, 0x3c, 0x56, 0x6d, 0x3e, 0x2e, 0x3c, 0x54, 0x62, 0x3e, 0x61, 0x72, 0x6d, 0x2d, 0x61, 0x36, 0x34, 0x40, 0x32, 0x30, 0x32, 0x36, 0x2d, 0x30, 0x36, 0x3a, 0x53, 0x53,
0x55, 0x42, 0x57, 0x5f, 0x61, 0x73, 0x69, 0x6d, 0x64, 0x64, 0x69, 0x66, 0x66, 0x5f, 0x57, 0x53, 0x53, 0x55, 0x42, 0x57, 0x7b, 0x32, 0x7d, 0x20, 0x3c, 0x56, 0x64, 0x3e, 0x2e, 0x3c, 0x54, 0x61,
0x3e, 0x2c, 0x20, 0x3c, 0x56, 0x6e, 0x3e, 0x2e, 0x3c, 0x54, 0x61, 0x3e, 0x2c, 0x20, 0x3c, 0x56, 0x6d, 0x3e, 0x2e, 0x3c, 0x54, 0x62, 0x3e, 0x61, 0x72, 0x6d, 0x2d, 0x61, 0x36, 0x34, 0x40, 0x32,
0x30, 0x32, 0x36, 0x2d, 0x30, 0x36, 0x3a, 0x53, 0x55, 0x42, 0x48, 0x4e, 0x5f, 0x61, 0x73, 0x69, 0x6d, 0x64, 0x64, 0x69, 0x66, 0x66, 0x5f, 0x4e, 0x53, 0x55, 0x42, 0x48, 0x4e, 0x7b, 0x32, 0x7d,
0x20, 0x3c, 0x56, 0x64, 0x3e, 0x2e, 0x3c, 0x54, 0x62, 0x3e, 0x2c, 0x20, 0x3c, 0x56, 0x6e, 0x3e, 0x2e, 0x3c, 0x54, 0x61, 0x3e, 0x2c, 0x20, 0x3c, 0x56, 0x6d, 0x3e, 0x2e, 0x3c, 0x54, 0x61, 0x3e,
0x61, 0x72, 0x6d, 0x2d, 0x61, 0x36, 0x34, 0x40, 0x32, 0x30, 0x32, 0x36, 0x2d, 0x30, 0x36, 0x3a, 0x55, 0x41, 0x42, 0x41, 0x4c, 0x5f, 0x61, 0x73, 0x69, 0x6d, 0x64, 0x64, 0x69, 0x66, 0x66, 0x5f,
0x4c, 0x55, 0x41, 0x42, 0x41, 0x4c, 0x7b, 0x32, 0x7d, 0x20, 0x3c, 0x56, 0x64, 0x3e, 0x2e, 0x3c, 0x54, 0x61, 0x3e, 0x2c, 0x20, 0x3c, 0x56, 0x6e, 0x3e, 0x2e, 0x3c, 0x54, 0x62, 0x3e, 0x2c, 0x20,
0x3c, 0x56, 0x6d, 0x3e, 0x2e, 0x3c, 0x54, 0x62, 0x3e, 0x61, 0x72, 0x6d, 0x2d, 0x61, 0x36, 0x34, 0x40, 0x32, 0x30, 0x32, 0x36, 0x2d, 0x30, 0x36, 0x3a, 0x55, 0x41, 0x42, 0x44, 0x4c, 0x5f, 0x61,
0x73, 0x69, 0x6d, 0x64, 0x64, 0x69, 0x66, 0x66, 0x5f, 0x4c, 0x55, 0x41, 0x42, 0x44, 0x4c, 0x7b, 0x32, 0x7d, 0x20, 0x3c, 0x56, 0x64, 0x3e, 0x2e, 0x3c, 0x54, 0x61, 0x3e, 0x2c, 0x20, 0x3c, 0x56,
0x6e, 0x3e, 0x2e, 0x3c, 0x54, 0x62, 0x3e, 0x2c, 0x20, 0x3c, 0x56, 0x6d, 0x3e, 0x2e, 0x3c, 0x54, 0x62, 0x3e, 0x61, 0x72, 0x6d, 0x2d, 0x61, 0x36, 0x34, 0x40, 0x32, 0x30, 0x32, 0x36, 0x2d, 0x30,
0x36, 0x3a, 0x55, 0x41, 0x44, 0x44, 0x4c, 0x5f, 0x61, 0x73, 0x69, 0x6d, 0x64, 0x64, 0x69, 0x66, 0x66, 0x5f, 0x4c, 0x55, 0x41, 0x44, 0x44, 0x4c, 0x7b, 0x32, 0x7d, 0x20, 0x3c, 0x56, 0x64, 0x3e,
0x2e, 0x3c, 0x54, 0x61, 0x3e, 0x2c, 0x20, 0x3c, 0x56, 0x6e, 0x3e, 0x2e, 0x3c, 0x54, 0x62, 0x3e, 0x2c, 0x20, 0x3c, 0x56, 0x6d, 0x3e, 0x2e, 0x3c, 0x54, 0x62, 0x3e, 0x61, 0x72, 0x6d, 0x2d, 0x61,
0x36, 0x34, 0x40, 0x32, 0x30, 0x32, 0x36, 0x2d, 0x30, 0x36, 0x3a, 0x55, 0x41, 0x44, 0x44, 0x57, 0x5f, 0x61, 0x73, 0x69, 0x6d, 0x64, 0x64, 0x69, 0x66, 0x66, 0x5f, 0x57, 0x55, 0x41, 0x44, 0x44,
0x57, 0x7b, 0x32, 0x7d, 0x20, 0x3c, 0x56, 0x64, 0x3e, 0x2e, 0x3c, 0x54, 0x61, 0x3e, 0x2c, 0x20, 0x3c, 0x56, 0x6e, 0x3e, 0x2e, 0x3c, 0x54, 0x61, 0x3e, 0x2c, 0x20, 0x3c, 0x56, 0x6d, 0x3e, 0x2e,
0x3c, 0x54, 0x62, 0x3e, 0x61, 0x72, 0x6d, 0x2d, 0x61, 0x36, 0x34, 0x40, 0x32, 0x30, 0x32, 0x36, 0x2d, 0x30, 0x36, 0x3a, 0x55, 0x43, 0x56, 0x54, 0x46, 0x5f, 0x44, 0x33, 0x32, 0x5f, 0x66, 0x6c,
0x6f, 0x61, 0x74, 0x32, 0x66, 0x69, 0x78, 0x55, 0x43, 0x56, 0x54, 0x46, 0x20, 0x3c, 0x44, 0x64, 0x3e, 0x2c, 0x20, 0x3c, 0x57, 0x6e, 0x3e, 0x2c, 0x20, 0x23, 0x3c, 0x66, 0x62, 0x69, 0x74, 0x73,
0x3e, 0x61, 0x72, 0x6d, 0x2d, 0x61, 0x36, 0x34, 0x40, 0x32, 0x30, 0x32, 0x36, 0x2d, 0x30, 0x36, 0x3a, 0x55, 0x43, 0x56, 0x54, 0x46, 0x5f, 0x44, 0x33, 0x32, 0x5f, 0x66, 0x6c, 0x6f, 0x61, 0x74,
0x32, 0x69, 0x6e, 0x74, 0x55, 0x43, 0x56, 0x54, 0x46, 0x20, 0x3c, 0x44, 0x64, 0x3e, 0x2c, 0x20, 0x3c, 0x57, 0x6e, 0x3e, 0x61, 0x72, 0x6d, 0x2d, 0x61, 0x36, 0x34, 0x40, 0x32, 0x30, 0x32, 0x36,
0x2d, 0x30, 0x36, 0x3a, 0x55, 0x43, 0x56, 0x54, 0x46, 0x5f, 0x44, 0x36, 0x34, 0x5f, 0x66, 0x6c, 0x6f, 0x61, 0x74, 0x32, 0x66, 0x69, 0x78, 0x55, 0x43, 0x56, 0x54, 0x46, 0x20, 0x3c, 0x44, 0x64,
0x3e, 0x2c, 0x20, 0x3c, 0x58, 0x6e, 0x3e, 0x2c, 0x20, 0x23, 0x3c, 0x66, 0x62, 0x69, 0x74, 0x73, 0x3e, 0x61, 0x72, 0x6d, 0x2d, 0x61, 0x36, 0x34, 0x40, 0x32, 0x30, 0x32, 0x36, 0x2d, 0x30, 0x36,
0x3a, 0x55, 0x43, 0x56, 0x54, 0x46, 0x5f, 0x44, 0x36, 0x34, 0x5f, 0x66, 0x6c, 0x6f, 0x61, 0x74, 0x32, 0x69, 0x6e, 0x74, 0x55, 0x43, 0x56, 0x54, 0x46, 0x20, 0x3c, 0x44, 0x64, 0x3e, 0x2c, 0x20,
0x3c, 0x58, 0x6e, 0x3e, 0x61, 0x72, 0x6d, 0x2d, 0x61, 0x36, 0x34, 0x40, 0x32, 0x30, 0x32, 0x36, 0x2d, 0x30, 0x36, 0x3a, 0x55, 0x43, 0x56, 0x54, 0x46, 0x5f, 0x48, 0x33, 0x32, 0x5f, 0x66, 0x6c,
0x6f, 0x61, 0x74, 0x32, 0x66, 0x69, 0x78, 0x55, 0x43, 0x56, 0x54, 0x46, 0x20, 0x3c, 0x48, 0x64, 0x3e, 0x2c, 0x20, 0x3c, 0x57, 0x6e, 0x3e, 0x2c, 0x20, 0x23, 0x3c, 0x66, 0x62, 0x69, 0x74, 0x73,
0x3e, 0x61, 0x72, 0x6d, 0x2d, 0x61, 0x36, 0x34, 0x40, 0x32, 0x30, 0x32, 0x36, 0x2d, 0x30, 0x36, 0x3a, 0x55, 0x43, 0x56, 0x54, 0x46, 0x5f, 0x48, 0x33, 0x32, 0x5f, 0x66, 0x6c, 0x6f, 0x61, 0x74,
0x32, 0x69, 0x6e, 0x74, 0x55, 0x43, 0x56, 0x54, 0x46, 0x20, 0x3c, 0x48, 0x64, 0x3e, 0x2c, 0x20, 0x3c, 0x57, 0x6e, 0x3e, 0x61, 0x72, 0x6d, 0x2d, 0x61, 0x36, 0x34, 0x40, 0x32, 0x30, 0x32, 0x36,
0x2d, 0x30, 0x36, 0x3a, 0x55, 0x43, 0x56, 0x54, 0x46, 0x5f, 0x48, 0x36, 0x34, 0x5f, 0x66, 0x6c, 0x6f, 0x61, 0x74, 0x32, 0x66, 0x69, 0x78, 0x55, 0x43, 0x56, 0x54, 0x46, 0x20, 0x3c, 0x48, 0x64,
0x3e, 0x2c, 0x20, 0x3c, 0x58, 0x6e, 0x3e, 0x2c, 0x20, 0x23, 0x3c, 0x66, 0x62, 0x69, 0x74, 0x73, 0x3e, 0x61, 0x72, 0x6d, 0x2d, 0x61, 0x36, 0x34, 0x40, 0x32, 0x30, 0x32, 0x36, 0x2d, 0x30, 0x36,
0x3a, 0x55, 0x43, 0x56, 0x54, 0x46, 0x5f, 0x48, 0x36, 0x34, 0x5f, 0x66, 0x6c, 0x6f, 0x61, 0x74, 0x32, 0x69, 0x6e, 0x74, 0x55, 0x43, 0x56, 0x54, 0x46, 0x20, 0x3c, 0x48, 0x64, 0x3e, 0x2c, 0x20,
0x3c, 0x58, 0x6e, 0x3e, 0x61, 0x72, 0x6d, 0x2d, 0x61, 0x36, 0x34, 0x40, 0x32, 0x30, 0x32, 0x36, 0x2d, 0x30, 0x36, 0x3a, 0x55, 0x43, 0x56, 0x54, 0x46, 0x5f, 0x53, 0x33, 0x32, 0x5f, 0x66, 0x6c,
0x6f, 0x61, 0x74, 0x32, 0x66, 0x69, 0x78, 0x55, 0x43, 0x56, 0x54, 0x46, 0x20, 0x3c, 0x53, 0x64, 0x3e, 0x2c, 0x20, 0x3c, 0x57, 0x6e, 0x3e, 0x2c, 0x20, 0x23, 0x3c, 0x66, 0x62, 0x69, 0x74, 0x73,
0x3e, 0x61, 0x72, 0x6d, 0x2d, 0x61, 0x36, 0x34, 0x40, 0x32, 0x30, 0x32, 0x36, 0x2d, 0x30, 0x36, 0x3a, 0x55, 0x43, 0x56, 0x54, 0x46, 0x5f, 0x53, 0x33, 0x32, 0x5f, 0x66, 0x6c, 0x6f, 0x61, 0x74,
0x32, 0x69, 0x6e, 0x74, 0x55, 0x43, 0x56, 0x54, 0x46, 0x20, 0x3c, 0x53, 0x64, 0x3e, 0x2c, 0x20, 0x3c, 0x57, 0x6e, 0x3e, 0x61, 0x72, 0x6d, 0x2d, 0x61, 0x36, 0x34, 0x40, 0x32, 0x30, 0x32, 0x36,
0x2d, 0x30, 0x36, 0x3a, 0x55, 0x43, 0x56, 0x54, 0x46, 0x5f, 0x53, 0x36, 0x34, 0x5f, 0x66, 0x6c, 0x6f, 0x61, 0x74, 0x32, 0x66, 0x69, 0x78, 0x55, 0x43, 0x56, 0x54, 0x46, 0x20, 0x3c, 0x53, 0x64,
0x3e, 0x2c, 0x20, 0x3c, 0x58, 0x6e, 0x3e, 0x2c, 0x20, 0x23, 0x3c, 0x66, 0x62, 0x69, 0x74, 0x73, 0x3e, 0x61, 0x72, 0x6d, 0x2d, 0x61, 0x36, 0x34, 0x40, 0x32, 0x30, 0x32, 0x36, 0x2d, 0x30, 0x36,
0x3a, 0x55, 0x43, 0x56, 0x54, 0x46, 0x5f, 0x53, 0x36, 0x34, 0x5f, 0x66, 0x6c, 0x6f, 0x61, 0x74, 0x32, 0x69, 0x6e, 0x74, 0x55, 0x43, 0x56, 0x54, 0x46, 0x20, 0x3c, 0x53, 0x64, 0x3e, 0x2c, 0x20,
0x3c, 0x58, 0x6e, 0x3e, 0x61, 0x72, 0x6d, 0x2d, 0x61, 0x36, 0x34, 0x40, 0x32, 0x30, 0x32, 0x36, 0x2d, 0x30, 0x36, 0x3a, 0x55, 0x43, 0x56, 0x54, 0x46, 0x5f, 0x61, 0x73, 0x69, 0x6d, 0x64, 0x73,
0x68, 0x66, 0x5f, 0x43, 0x55, 0x43, 0x56, 0x54, 0x46, 0x20, 0x3c, 0x56, 0x64, 0x3e, 0x2e, 0x3c, 0x54, 0x3e, 0x2c, 0x20, 0x3c, 0x56, 0x6e, 0x3e, 0x2e, 0x3c, 0x54, 0x3e, 0x2c, 0x20, 0x23, 0x3c,
0x66, 0x62, 0x69, 0x74, 0x73, 0x3e, 0x61, 0x72, 0x6d, 0x2d, 0x61, 0x36, 0x34, 0x40, 0x32, 0x30, 0x32, 0x36, 0x2d, 0x30, 0x36, 0x3a, 0x55, 0x43, 0x56, 0x54, 0x46, 0x5f, 0x61, 0x73, 0x69, 0x73,
0x64, 0x73, 0x68, 0x66, 0x5f, 0x43, 0x55, 0x43, 0x56, 0x54, 0x46, 0x20, 0x3c, 0x56, 0x3e, 0x3c, 0x64, 0x3e, 0x2c, 0x20, 0x3c, 0x56, 0x3e, 0x3c, 0x6e, 0x3e, 0x2c, 0x20, 0x23, 0x3c, 0x66, 0x62,
0x69, 0x74, 0x73, 0x3e, 0x61, 0x72, 0x6d, 0x2d, 0x61, 0x36, 0x34, 0x40, 0x32, 0x30, 0x32, 0x36, 0x2d, 0x30, 0x36, 0x3a, 0x55, 0x44, 0x4f, 0x54, 0x5f, 0x61, 0x73, 0x69, 0x6d, 0x64, 0x65, 0x6c,
0x65, 0x6d, 0x5f, 0x44, 0x55, 0x44, 0x4f, 0x54, 0x20, 0x3c, 0x56, 0x64, 0x3e, 0x2e, 0x3c, 0x54, 0x61, 0x3e, 0x2c, 0x20, 0x3c, 0x56, 0x6e, 0x3e, 0x2e, 0x3c, 0x54, 0x62, 0x3e, 0x2c, 0x20, 0x3c,
0x56, 0x6d, 0x3e, 0x2e, 0x34, 0x42, 0x5b, 0x3c, 0x69, 0x6e, 0x64, 0x65, 0x78, 0x3e, 0x5d, 0x61, 0x72, 0x6d, 0x2d, 0x61, 0x36, 0x34, 0x40, 0x32, 0x30, 0x32, 0x36, 0x2d, 0x30, 0x36, 0x3a, 0x55,
0x4d, 0x4c, 0x41, 0x4c, 0x5f, 0x61, 0x73, 0x69, 0x6d, 0x64, 0x64, 0x69, 0x66, 0x66, 0x5f, 0x4c, 0x55, 0x4d, 0x4c, 0x41, 0x4c, 0x7b, 0x32, 0x7d, 0x20, 0x3c, 0x56, 0x64, 0x3e, 0x2e, 0x3c, 0x54,
0x61, 0x3e, 0x2c, 0x20, 0x3c, 0x56, 0x6e, 0x3e, 0x2e, 0x3c, 0x54, 0x62, 0x3e, 0x2c, 0x20, 0x3c, 0x56, 0x6d, 0x3e, 0x2e, 0x3c, 0x54, 0x62, 0x3e, 0x61, 0x72, 0x6d, 0x2d, 0x61, 0x36, 0x34, 0x40,
0x32, 0x30, 0x32, 0x36, 0x2d, 0x30, 0x36, 0x3a, 0x55, 0x4d, 0x4c, 0x41, 0x4c, 0x5f, 0x61, 0x73, 0x69, 0x6d, 0x64, 0x65, 0x6c, 0x65, 0x6d, 0x5f, 0x4c, 0x55, 0x4d, 0x4c, 0x41, 0x4c, 0x7b, 0x32,
0x7d, 0x20, 0x3c, 0x56, 0x64, 0x3e, 0x2e, 0x3c, 0x54, 0x61, 0x3e, 0x2c, 0x20, 0x3c, 0x56, 0x6e, 0x3e, 0x2e, 0x3c, 0x54, 0x62, 0x3e, 0x2c, 0x20, 0x56, 0x3c, 0x6d, 0x3e, 0x2e, 0x3c, 0x54, 0x73,
0x3e, 0x5b, 0x3c, 0x69, 0x6e, 0x64, 0x65, 0x78, 0x3e, 0x5d, 0x61, 0x72, 0x6d, 0x2d, 0x61, 0x36, 0x34, 0x40, 0x32, 0x30, 0x32, 0x36, 0x2d, 0x30, 0x36, 0x3a, 0x55, 0x4d, 0x4c, 0x53, 0x4c, 0x5f,
0x61, 0x73, 0x69, 0x6d, 0x64, 0x64, 0x69, 0x66, 0x66, 0x5f, 0x4c, 0x55, 0x4d, 0x4c, 0x53, 0x4c, 0x7b, 0x32, 0x7d, 0x20, 0x3c, 0x56, 0x64, 0x3e, 0x2e, 0x3c, 0x54, 0x61, 0x3e, 0x2c, 0x20, 0x3c,
0x56, 0x6e, 0x3e, 0x2e, 0x3c, 0x54, 0x62, 0x3e, 0x2c, 0x20, 0x3c, 0x56, 0x6d, 0x3e, 0x2e, 0x3c, 0x54, 0x62, 0x3e, 0x61, 0x72, 0x6d, 0x2d, 0x61, 0x36, 0x34, 0x40, 0x32, 0x30, 0x32, 0x36, 0x2d,
0x30, 0x36, 0x3a, 0x55, 0x4d, 0x4c, 0x53, 0x4c, 0x5f, 0x61, 0x73, 0x69, 0x6d, 0x64, 0x65, 0x6c, 0x65, 0x6d, 0x5f, 0x4c, 0x55, 0x4d, 0x4c, 0x53, 0x4c, 0x7b, 0x32, 0x7d, 0x20, 0x3c, 0x56, 0x64,
0x3e, 0x2e, 0x3c, 0x54, 0x61, 0x3e, 0x2c, 0x20, 0x3c, 0x56, 0x6e, 0x3e, 0x2e, 0x3c, 0x54, 0x62, 0x3e, 0x2c, 0x20, 0x56, 0x3c, 0x6d, 0x3e, 0x2e, 0x3c, 0x54, 0x73, 0x3e, 0x5b, 0x3c, 0x69, 0x6e,
0x64, 0x65, 0x78, 0x3e, 0x5d, 0x61, 0x72, 0x6d, 0x2d, 0x61, 0x36, 0x34, 0x40, 0x32, 0x30, 0x32, 0x36, 0x2d, 0x30, 0x36, 0x3a, 0x55, 0x4d, 0x4f, 0x56, 0x5f, 0x61, 0x73, 0x69, 0x6d, 0x64, 0x69,
0x6e, 0x73, 0x5f, 0x57, 0x5f, 0x77, 0x55, 0x4d, 0x4f, 0x56, 0x20, 0x3c, 0x57, 0x64, 0x3e, 0x2c, 0x20, 0x3c, 0x56, 0x6e, 0x3e, 0x2e, 0x3c, 0x54, 0x73, 0x3e, 0x5b, 0x3c, 0x69, 0x6e, 0x64, 0x65,
0x78, 0x3e, 0x5d, 0x61, 0x72, 0x6d, 0x2d, 0x61, 0x36, 0x34, 0x40, 0x32, 0x30, 0x32, 0x36, 0x2d, 0x30, 0x36, 0x3a, 0x55, 0x4d, 0x4f, 0x56, 0x5f, 0x61, 0x73, 0x69, 0x6d, 0x64, 0x69, 0x6e, 0x73,
0x5f, 0x58, 0x5f, 0x78, 0x55, 0x4d, 0x4f, 0x56, 0x20, 0x3c, 0x58, 0x64, 0x3e, 0x2c, 0x20, 0x3c, 0x56, 0x6e, 0x3e, 0x2e, 0x44, 0x5b, 0x3c, 0x69, 0x6e, 0x64, 0x65, 0x78, 0x3e, 0x5d, 0x61, 0x72,
0x6d, 0x2d, 0x61, 0x36, 0x34, 0x40, 0x32, 0x30, 0x32, 0x36, 0x2d, 0x30, 0x36, 0x3a, 0x55, 0x4d, 0x55, 0x4c, 0x4c, 0x5f, 0x61, 0x73, 0x69, 0x6d, 0x64, 0x64, 0x69, 0x66, 0x66, 0x5f, 0x4c, 0x55,
0x4d, 0x55, 0x4c, 0x4c, 0x7b, 0x32, 0x7d, 0x20, 0x3c, 0x56, 0x64, 0x3e, 0x2e, 0x3c, 0x54, 0x61, 0x3e, 0x2c, 0x20, 0x3c, 0x56, 0x6e, 0x3e, 0x2e, 0x3c, 0x54, 0x62, 0x3e, 0x2c, 0x20, 0x3c, 0x56,
0x6d, 0x3e, 0x2e, 0x3c, 0x54, 0x62, 0x3e, 0x61, 0x72, 0x6d, 0x2d, 0x61, 0x36, 0x34, 0x40, 0x32, 0x30, 0x32, 0x36, 0x2d, 0x30, 0x36, 0x3a, 0x55, 0x4d, 0x55, 0x4c, 0x4c, 0x5f, 0x61, 0x73, 0x69,
0x6d, 0x64, 0x65, 0x6c, 0x65, 0x6d, 0x5f, 0x4c, 0x55, 0x4d, 0x55, 0x4c, 0x4c, 0x7b, 0x32, 0x7d, 0x20, 0x3c, 0x56, 0x64, 0x3e, 0x2e, 0x3c, 0x54, 0x61, 0x3e, 0x2c, 0x20, 0x3c, 0x56, 0x6e, 0x3e,
0x2e, 0x3c, 0x54, 0x62, 0x3e, 0x2c, 0x20, 0x56, 0x3c, 0x6d, 0x3e, 0x2e, 0x3c, 0x54, 0x73, 0x3e, 0x5b, 0x3c, 0x69, 0x6e, 0x64, 0x65, 0x78, 0x3e, 0x5d, 0x61, 0x72, 0x6d, 0x2d, 0x61, 0x36, 0x34,
0x40, 0x32, 0x30, 0x32, 0x36, 0x2d, 0x30, 0x36, 0x3a, 0x55, 0x51, 0x52, 0x53, 0x48, 0x52, 0x4e, 0x5f, 0x61, 0x73, 0x69, 0x6d, 0x64, 0x73, 0x68, 0x66, 0x5f, 0x4e, 0x55, 0x51, 0x52, 0x53, 0x48,
0x52, 0x4e, 0x7b, 0x32, 0x7d, 0x20, 0x3c, 0x56, 0x64, 0x3e, 0x2e, 0x3c, 0x54, 0x62, 0x3e, 0x2c, 0x20, 0x3c, 0x56, 0x6e, 0x3e, 0x2e, 0x3c, 0x54, 0x61, 0x3e, 0x2c, 0x20, 0x23, 0x3c, 0x73, 0x68,
0x69, 0x66, 0x74, 0x3e, 0x61, 0x72, 0x6d, 0x2d, 0x61, 0x36, 0x34, 0x40, 0x32, 0x30, 0x32, 0x36, 0x2d, 0x30, 0x36, 0x3a, 0x55, 0x51, 0x52, 0x53, 0x48, 0x52, 0x4e, 0x5f, 0x61, 0x73, 0x69, 0x73,
0x64, 0x73, 0x68, 0x66, 0x5f, 0x4e, 0x55, 0x51, 0x52, 0x53, 0x48, 0x52, 0x4e, 0x20, 0x3c, 0x56, 0x62, 0x3e, 0x3c, 0x64, 0x3e, 0x2c, 0x20, 0x3c, 0x56, 0x61, 0x3e, 0x3c, 0x6e, 0x3e, 0x2c, 0x20,
0x23, 0x3c, 0x73, 0x68, 0x69, 0x66, 0x74, 0x3e, 0x61, 0x72, 0x6d, 0x2d, 0x61, 0x36, 0x34, 0x40, 0x32, 0x30, 0x32, 0x36, 0x2d, 0x30, 0x36, 0x3a, 0x55, 0x51, 0x53, 0x48, 0x4c, 0x5f, 0x61, 0x73,
0x69, 0x6d, 0x64, 0x73, 0x68, 0x66, 0x5f, 0x52, 0x55, 0x51, 0x53, 0x48, 0x4c, 0x20, 0x3c, 0x56, 0x64, 0x3e, 0x2e, 0x3c, 0x54, 0x3e, 0x2c, 0x20, 0x3c, 0x56, 0x6e, 0x3e, 0x2e, 0x3c, 0x54, 0x3e,
0x2c, 0x20, 0x23, 0x3c, 0x73, 0x68, 0x69, 0x66, 0x74, 0x3e, 0x61, 0x72, 0x6d, 0x2d, 0x61, 0x36, 0x34, 0x40, 0x32, 0x30, 0x32, 0x36, 0x2d, 0x30, 0x36, 0x3a, 0x55, 0x51, 0x53, 0x48, 0x4c, 0x5f,
0x61, 0x73, 0x69, 0x73, 0x64, 0x73, 0x68, 0x66, 0x5f, 0x52, 0x55, 0x51, 0x53, 0x48, 0x4c, 0x20, 0x3c, 0x56, 0x3e, 0x3c, 0x64, 0x3e, 0x2c, 0x20, 0x3c, 0x56, 0x3e, 0x3c, 0x6e, 0x3e, 0x2c, 0x20,
0x23, 0x3c, 0x73, 0x68, 0x69, 0x66, 0x74, 0x3e, 0x61, 0x72, 0x6d, 0x2d, 0x61, 0x36, 0x34, 0x40, 0x32, 0x30, 0x32, 0x36, 0x2d, 0x30, 0x36, 0x3a, 0x55, 0x51, 0x53, 0x48, 0x52, 0x4e, 0x5f, 0x61,
0x73, 0x69, 0x6d, 0x64, 0x73, 0x68, 0x66, 0x5f, 0x4e, 0x55, 0x51, 0x53, 0x48, 0x52, 0x4e, 0x7b, 0x32, 0x7d, 0x20, 0x3c, 0x56, 0x64, 0x3e, 0x2e, 0x3c, 0x54, 0x62, 0x3e, 0x2c, 0x20, 0x3c, 0x56,
0x6e, 0x3e, 0x2e, 0x3c, 0x54, 0x61, 0x3e, 0x2c, 0x20, 0x23, 0x3c, 0x73, 0x68, 0x69, 0x66, 0x74, 0x3e, 0x61, 0x72, 0x6d, 0x2d, 0x61, 0x36, 0x34, 0x40, 0x32, 0x30, 0x32, 0x36, 0x2d, 0x30, 0x36,
0x3a, 0x55, 0x51, 0x53, 0x48, 0x52, 0x4e, 0x5f, 0x61, 0x73, 0x69, 0x73, 0x64, 0x73, 0x68, 0x66, 0x5f, 0x4e, 0x55, 0x51, 0x53, 0x48, 0x52, 0x4e, 0x20, 0x3c, 0x56, 0x62, 0x3e, 0x3c, 0x64, 0x3e,
0x2c, 0x20, 0x3c, 0x56, 0x61, 0x3e, 0x3c, 0x6e, 0x3e, 0x2c, 0x20, 0x23, 0x3c, 0x73, 0x68, 0x69, 0x66, 0x74, 0x3e, 0x61, 0x72, 0x6d, 0x2d, 0x61, 0x36, 0x34, 0x40, 0x32, 0x30, 0x32, 0x36, 0x2d,
0x30, 0x36, 0x3a, 0x55, 0x51, 0x58, 0x54, 0x4e, 0x5f, 0x61, 0x73, 0x69, 0x6d, 0x64, 0x6d, 0x69, 0x73, 0x63, 0x5f, 0x4e, 0x55, 0x51, 0x58, 0x54, 0x4e, 0x7b, 0x32, 0x7d, 0x20, 0x3c, 0x56, 0x64,
0x3e, 0x2e, 0x3c, 0x54, 0x62, 0x3e, 0x2c, 0x20, 0x3c, 0x56, 0x6e, 0x3e, 0x2e, 0x3c, 0x54, 0x61, 0x3e, 0x61, 0x72, 0x6d, 0x2d, 0x61, 0x36, 0x34, 0x40, 0x32, 0x30, 0x32, 0x36, 0x2d, 0x30, 0x36,
0x3a, 0x55, 0x52, 0x53, 0x48, 0x52, 0x5f, 0x61, 0x73, 0x69, 0x6d, 0x64, 0x73, 0x68, 0x66, 0x5f, 0x52, 0x55, 0x52, 0x53, 0x48, 0x52, 0x20, 0x3c, 0x56, 0x64, 0x3e, 0x2e, 0x3c, 0x54, 0x3e, 0x2c,
0x20, 0x3c, 0x56, 0x6e, 0x3e, 0x2e, 0x3c, 0x54, 0x3e, 0x2c, 0x20, 0x23, 0x3c, 0x73, 0x68, 0x69, 0x66, 0x74, 0x3e, 0x61, 0x72, 0x6d, 0x2d, 0x61, 0x36, 0x34, 0x40, 0x32, 0x30, 0x32, 0x36, 0x2d,
0x30, 0x36, 0x3a, 0x55, 0x52, 0x53, 0x48, 0x52, 0x5f, 0x61, 0x73, 0x69, 0x73, 0x64, 0x73, 0x68, 0x66, 0x5f, 0x52, 0x55, 0x52, 0x53, 0x48, 0x52, 0x20, 0x44, 0x3c, 0x64, 0x3e, 0x2c, 0x20, 0x44,
0x3c, 0x6e, 0x3e, 0x2c, 0x20, 0x23, 0x3c, 0x73, 0x68, 0x69, 0x66, 0x74, 0x3e, 0x61, 0x72, 0x6d, 0x2d, 0x61, 0x36, 0x34, 0x40, 0x32, 0x30, 0x32, 0x36, 0x2d, 0x30, 0x36, 0x3a, 0x55, 0x52, 0x53,
0x52, 0x41, 0x5f, 0x61, 0x73, 0x69, 0x6d, 0x64, 0x73, 0x68, 0x66, 0x5f, 0x52, 0x55, 0x52, 0x53, 0x52, 0x41, 0x20, 0x3c, 0x56, 0x64, 0x3e, 0x2e, 0x3c, 0x54, 0x3e, 0x2c, 0x20, 0x3c, 0x56, 0x6e,
0x3e, 0x2e, 0x3c, 0x54, 0x3e, 0x2c, 0x20, 0x23, 0x3c, 0x73, 0x68, 0x69, 0x66, 0x74, 0x3e, 0x61, 0x72, 0x6d, 0x2d, 0x61, 0x36, 0x34, 0x40, 0x32, 0x30, 0x32, 0x36, 0x2d, 0x30, 0x36, 0x3a, 0x55,
0x52, 0x53, 0x52, 0x41, 0x5f, 0x61, 0x73, 0x69, 0x73, 0x64, 0x73, 0x68, 0x66, 0x5f, 0x52, 0x55, 0x52, 0x53, 0x52, 0x41, 0x20, 0x44, 0x3c, 0x64, 0x3e, 0x2c, 0x20, 0x44, 0x3c, 0x6e, 0x3e, 0x2c,
0x20, 0x23, 0x3c, 0x73, 0x68, 0x69, 0x66, 0x74, 0x3e, 0x61, 0x72, 0x6d, 0x2d, 0x61, 0x36, 0x34, 0x40, 0x32, 0x30, 0x32, 0x36, 0x2d, 0x30, 0x36, 0x3a, 0x55, 0x53, 0x48, 0x4c, 0x4c, 0x5f, 0x61,
0x73, 0x69, 0x6d, 0x64, 0x73, 0x68, 0x66, 0x5f, 0x4c, 0x55, 0x53, 0x48, 0x4c, 0x4c, 0x7b, 0x32, 0x7d, 0x20, 0x3c, 0x56, 0x64, 0x3e, 0x2e, 0x3c, 0x54, 0x61, 0x3e, 0x2c, 0x20, 0x3c, 0x56, 0x6e,
0x3e, 0x2e, 0x3c, 0x54, 0x62, 0x3e, 0x2c, 0x20, 0x23, 0x3c, 0x73, 0x68, 0x69, 0x66, 0x74, 0x3e, 0x61, 0x72, 0x6d, 0x2d, 0x61, 0x36, 0x34, 0x40, 0x32, 0x30, 0x32, 0x36, 0x2d, 0x30, 0x36, 0x3a,
0x55, 0x53, 0x48, 0x52, 0x5f, 0x61, 0x73, 0x69, 0x6d, 0x64, 0x73, 0x68, 0x66, 0x5f, 0x52, 0x55, 0x53, 0x48, 0x52, 0x20, 0x3c, 0x56, 0x64, 0x3e, 0x2e, 0x3c, 0x54, 0x3e, 0x2c, 0x20, 0x3c, 0x56,
0x6e, 0x3e, 0x2e, 0x3c, 0x54, 0x3e, 0x2c, 0x20, 0x23, 0x3c, 0x73, 0x68, 0x69, 0x66, 0x74, 0x3e, 0x61, 0x72, 0x6d, 0x2d, 0x61, 0x36, 0x34, 0x40, 0x32, 0x30, 0x32, 0x36, 0x2d, 0x30, 0x36, 0x3a,
0x55, 0x53, 0x48, 0x52, 0x5f, 0x61, 0x73, 0x69, 0x73, 0x64, 0x73, 0x68, 0x66, 0x5f, 0x52, 0x55, 0x53, 0x48, 0x52, 0x20, 0x44, 0x3c, 0x64, 0x3e, 0x2c, 0x20, 0x44, 0x3c, 0x6e, 0x3e, 0x2c, 0x20,
0x23, 0x3c, 0x73, 0x68, 0x69, 0x66, 0x74, 0x3e, 0x61, 0x72, 0x6d, 0x2d, 0x61, 0x36, 0x34, 0x40, 0x32, 0x30, 0x32, 0x36, 0x2d, 0x30, 0x36, 0x3a, 0x55, 0x53, 0x52, 0x41, 0x5f, 0x61, 0x73, 0x69,
0x6d, 0x64, 0x73, 0x68, 0x66, 0x5f, 0x52, 0x55, 0x53, 0x52, 0x41, 0x20, 0x3c, 0x56, 0x64, 0x3e, 0x2e, 0x3c, 0x54, 0x3e, 0x2c, 0x20, 0x3c, 0x56, 0x6e, 0x3e, 0x2e, 0x3c, 0x54, 0x3e, 0x2c, 0x20,
0x23, 0x3c, 0x73, 0x68, 0x69, 0x66, 0x74, 0x3e, 0x61, 0x72, 0x6d, 0x2d, 0x61, 0x36, 0x34, 0x40, 0x32, 0x30, 0x32, 0x36, 0x2d, 0x30, 0x36, 0x3a, 0x55, 0x53, 0x52, 0x41, 0x5f, 0x61, 0x73, 0x69,
0x73, 0x64, 0x73, 0x68, 0x66, 0x5f, 0x52, 0x55, 0x53, 0x52, 0x41, 0x20, 0x44, 0x3c, 0x64, 0x3e, 0x2c, 0x20, 0x44, 0x3c, 0x6e, 0x3e, 0x2c, 0x20, 0x23, 0x3c, 0x73, 0x68, 0x69, 0x66, 0x74, 0x3e,
0x61, 0x72, 0x6d, 0x2d, 0x61, 0x36, 0x34, 0x40, 0x32, 0x30, 0x32, 0x36, 0x2d, 0x30, 0x36, 0x3a, 0x55, 0x53, 0x55, 0x42, 0x4c, 0x5f, 0x61, 0x73, 0x69, 0x6d, 0x64, 0x64, 0x69, 0x66, 0x66, 0x5f,
0x4c, 0x55, 0x53, 0x55, 0x42, 0x4c, 0x7b, 0x32, 0x7d, 0x20, 0x3c, 0x56, 0x64, 0x3e, 0x2e, 0x3c, 0x54, 0x61, 0x3e, 0x2c, 0x20, 0x3c, 0x56, 0x6e, 0x3e, 0x2e, 0x3c, 0x54, 0x62, 0x3e, 0x2c, 0x20,
0x3c, 0x56, 0x6d, 0x3e, 0x2e, 0x3c, 0x54, 0x62, 0x3e, 0x61, 0x72, 0x6d, 0x2d, 0x61, 0x36, 0x34, 0x40, 0x32, 0x30, 0x32, 0x36, 0x2d, 0x30, 0x36, 0x3a, 0x55, 0x53, 0x55, 0x42, 0x57, 0x5f, 0x61,
0x73, 0x69, 0x6d, 0x64, 0x64, 0x69, 0x66, 0x66, 0x5f, 0x57, 0x55, 0x53, 0x55, 0x42, 0x57, 0x7b, 0x32, 0x7d, 0x20, 0x3c, 0x56, 0x64, 0x3e, 0x2e, 0x3c, 0x54, 0x61, 0x3e, 0x2c, 0x20, 0x3c, 0x56,
0x6e, 0x3e, 0x2e, 0x3c, 0x54, 0x61, 0x3e, 0x2c, 0x20, 0x3c, 0x56, 0x6d, 0x3e, 0x2e, 0x3c, 0x54, 0x62, 0x3e, 0x61, 0x72, 0x6d, 0x2d, 0x61, 0x36, 0x34, 0x40, 0x32, 0x30, 0x32, 0x36, 0x2d, 0x30,
0x36, 0x3a, 0x58, 0x41, 0x52, 0x5f, 0x56, 0x56, 0x56, 0x32, 0x5f, 0x63, 0x72, 0x79, 0x70, 0x74, 0x6f, 0x33, 0x5f, 0x69, 0x6d, 0x6d, 0x36, 0x58, 0x41, 0x52, 0x20, 0x3c, 0x56, 0x64, 0x3e, 0x2e,
0x32, 0x44, 0x2c, 0x20, 0x3c, 0x56, 0x6e, 0x3e, 0x2e, 0x32, 0x44, 0x2c, 0x20, 0x3c, 0x56, 0x6d, 0x3e, 0x2e, 0x32, 0x44, 0x2c, 0x20, 0x23, 0x3c, 0x69, 0x6d, 0x6d, 0x36, 0x3e, 0x61, 0x72, 0x6d,
0x2d, 0x61, 0x36, 0x34, 0x40, 0x32, 0x30, 0x32, 0x36, 0x2d, 0x30, 0x36, 0x3a, 0x58, 0x54, 0x4e, 0x5f, 0x61, 0x73, 0x69, 0x6d, 0x64, 0x6d, 0x69, 0x73, 0x63, 0x5f, 0x4e, 0x58, 0x54, 0x4e, 0x7b,
0x32, 0x7d, 0x20, 0x3c, 0x56, 0x64, 0x3e, 0x2e, 0x3c, 0x54, 0x62, 0x3e, 0x2c, 0x20, 0x3c, 0x56, 0x6e, 0x3e, 0x2e, 0x3c, 0x54, 0x61, 0x3e
};

static const BusterA64ComplexSIMDGeneratedRow buster_a64_complex_simd_generated_rows[] = {
    { 0u, 6u, UINT64_C(0xf1c196811ac76f6a), 0u, 33u, 33u, 40u, 7u, 1u },
    { 1u, 72u, UINT64_C(0xa056525b222e5510), 73u, 33u, 106u, 38u, 4u, 1u },
    { 2u, 73u, UINT64_C(0x697ab80c6ad90af2), 144u, 33u, 106u, 38u, 4u, 1u },
    { 3u, 141u, UINT64_C(0xc22daabf73e7e45c), 177u, 32u, 209u, 27u, 4u, 1u },
    { 4u, 143u, UINT64_C(0x49d01863f5d554e8), 236u, 32u, 268u, 19u, 2u, 1u },
    { 5u, 145u, UINT64_C(0xc1b3a927132a7f94), 287u, 32u, 319u, 27u, 4u, 1u },
    { 6u, 147u, UINT64_C(0xdf77e7af6b89a184), 346u, 32u, 378u, 19u, 2u, 1u },
    { 7u, 149u, UINT64_C(0x1a9c49282148e1d2), 397u, 32u, 429u, 27u, 4u, 1u },
    { 8u, 151u, UINT64_C(0xdbedfe008b1b19cb), 456u, 32u, 488u, 19u, 2u, 1u },
    { 9u, 157u, UINT64_C(0xfee244a4171b6077), 507u, 32u, 539u, 27u, 4u, 1u },
    { 10u, 158u, UINT64_C(0x242c6686b1bc648f), 566u, 32u, 598u, 19u, 2u, 1u },
    { 11u, 159u, UINT64_C(0x8e0d9b4eb167e773), 617u, 32u, 649u, 27u, 4u, 1u },
    { 12u, 160u, UINT64_C(0x2b6b170141da575b), 676u, 32u, 708u, 19u, 2u, 1u },
    { 13u, 208u, UINT64_C(0xc281f358d02f4bed), 727u, 33u, 760u, 32u, 5u, 1u },
    { 14u, 209u, UINT64_C(0xc98c70c3d388f8aa), 792u, 33u, 825u, 29u, 5u, 1u },
    { 15u, 225u, UINT64_C(0x4ec181867db6db95), 854u, 33u, 887u, 42u, 7u, 1u },
    { 16u, 252u, UINT64_C(0x7a28c9410afd80d9), 929u, 34u, 963u, 45u, 7u, 1u },
    { 17u, 253u, UINT64_C(0xa99444fb43bfa236), 1008u, 34u, 1042u, 34u, 4u, 1u },
    { 18u, 254u, UINT64_C(0x294eaee0e97527a8), 1076u, 34u, 1110u, 34u, 4u, 1u },
    { 19u, 255u, UINT64_C(0x8253542e19f14267), 1144u, 34u, 1178u, 34u, 4u, 1u },
    { 20u, 256u, UINT64_C(0x52e65dc19edfcb83), 1212u, 33u, 1245u, 33u, 4u, 1u },
    { 21u, 257u, UINT64_C(0x31e9a4c0d39cb0aa), 1278u, 33u, 1311u, 33u, 4u, 1u },
    { 22u, 258u, UINT64_C(0x374a0fd9b0b5c533), 1344u, 33u, 1377u, 33u, 4u, 1u },
    { 23u, 259u, UINT64_C(0xb156c8ce856b3636), 1410u, 34u, 1444u, 30u, 4u, 1u },
    { 24u, 260u, UINT64_C(0x0b203bcbff796308), 1474u, 38u, 1444u, 30u, 4u, 1u },
    { 25u, 263u, UINT64_C(0x4f4bac5c0af7739c), 1512u, 34u, 1546u, 26u, 4u, 1u },
    { 26u, 264u, UINT64_C(0xf392a9c47c059be7), 1572u, 38u, 1610u, 22u, 2u, 1u },
    { 27u, 267u, UINT64_C(0x4f8acbc8ea03e25c), 1632u, 34u, 1666u, 30u, 4u, 1u },
    { 28u, 268u, UINT64_C(0x3340567061caf709), 1696u, 38u, 1666u, 30u, 4u, 1u },
    { 29u, 271u, UINT64_C(0xacc9d6910e90e2d8), 1734u, 34u, 1768u, 26u, 4u, 1u },
    { 30u, 272u, UINT64_C(0x1b4a88c9beef0c0e), 1794u, 38u, 1832u, 22u, 2u, 1u },
    { 31u, 275u, UINT64_C(0xce685c2d76b082ed), 1854u, 34u, 1888u, 30u, 4u, 1u },
    { 32u, 276u, UINT64_C(0x8c075e38eba4e17b), 1918u, 38u, 1888u, 30u, 4u, 1u },
    { 33u, 279u, UINT64_C(0x1d02bfad3e578cc8), 1956u, 34u, 1990u, 26u, 4u, 1u },
    { 34u, 280u, UINT64_C(0x3e6ae8a8ed2c008d), 2016u, 38u, 2054u, 22u, 2u, 1u },
    { 35u, 283u, UINT64_C(0xe41bd398c34b421f), 2076u, 33u, 2109u, 55u, 8u, 1u },
    { 36u, 284u, UINT64_C(0xd6227d6a429260b5), 2164u, 34u, 2198u, 45u, 7u, 1u },
    { 37u, 285u, UINT64_C(0xdabac08a410f5c96), 2243u, 34u, 2277u, 30u, 4u, 1u },
    { 38u, 286u, UINT64_C(0x91738f5e5bb077cf), 2307u, 38u, 2277u, 30u, 4u, 1u },
    { 39u, 287u, UINT64_C(0x0f59e77a4c5db75e), 2345u, 34u, 2379u, 26u, 4u, 1u },
    { 40u, 288u, UINT64_C(0xa9b006a334dfa28f), 2405u, 38u, 2443u, 22u, 2u, 1u },
    { 41u, 289u, UINT64_C(0xaba0acf7f0ad7193), 2465u, 34u, 2499u, 30u, 4u, 1u },
    { 42u, 290u, UINT64_C(0x71767ab8dc5404fa), 2529u, 38u, 2499u, 30u, 4u, 1u },
    { 43u, 291u, UINT64_C(0x1a7493e9b2106eb8), 2567u, 34u, 2601u, 26u, 4u, 1u },
    { 44u, 292u, UINT64_C(0x5c5e42ec4e57ee70), 2627u, 38u, 2665u, 22u, 2u, 1u },
    { 45u, 293u, UINT64_C(0x23712523877e6166), 2687u, 33u, 2720u, 16u, 1u, 1u },
    { 46u, 295u, UINT64_C(0xf8baf17076048fda), 2736u, 33u, 2769u, 16u, 1u, 1u },
    { 47u, 297u, UINT64_C(0xba4baca00cdec382), 2785u, 33u, 2818u, 16u, 1u, 1u },
    { 48u, 299u, UINT64_C(0x9298c769f208561d), 2834u, 32u, 2866u, 15u, 1u, 1u },
    { 49u, 301u, UINT64_C(0xe492c51675ee5ce4), 2881u, 32u, 2913u, 15u, 1u, 1u },
    { 50u, 303u, UINT64_C(0x85101b2fb9b79beb), 2928u, 32u, 2960u, 15u, 1u, 1u },
    { 51u, 383u, UINT64_C(0x0f4e086247d3749a), 2975u, 36u, 3011u, 17u, 2u, 1u },
    { 52u, 384u, UINT64_C(0x945ffb3256a9a451), 3028u, 36u, 3064u, 17u, 2u, 1u },
    { 53u, 385u, UINT64_C(0x7b5b2b7d42d35a9f), 3081u, 36u, 3117u, 17u, 2u, 1u },
    { 54u, 390u, UINT64_C(0x4e83cfdbc8f3e194), 3134u, 34u, 3168u, 28u, 4u, 1u },
    { 55u, 392u, UINT64_C(0x3fa16d0dcd19c8fe), 3196u, 36u, 3232u, 27u, 3u, 1u },
    { 56u, 393u, UINT64_C(0x77dbf280586fc161), 3259u, 36u, 3295u, 17u, 2u, 1u },
    { 57u, 394u, UINT64_C(0xfeb4b2fce4943cb2), 3312u, 36u, 3348u, 27u, 3u, 1u },
    { 58u, 395u, UINT64_C(0x727d1da380aa3eda), 3375u, 36u, 3411u, 17u, 2u, 1u },
    { 59u, 396u, UINT64_C(0x44a65c27147f5336), 3428u, 36u, 3464u, 27u, 3u, 1u },
    { 60u, 397u, UINT64_C(0x168f5a024edaf86e), 3491u, 36u, 3527u, 17u, 2u, 1u },
    { 61u, 398u, UINT64_C(0xee0c4e4d046f0725), 3544u, 36u, 3580u, 27u, 3u, 1u },
    { 62u, 399u, UINT64_C(0x18f3a11e97818697), 3607u, 36u, 3643u, 17u, 2u, 1u },
    { 63u, 400u, UINT64_C(0xa28a84b5b11685c4), 3660u, 36u, 3696u, 27u, 3u, 1u },
    { 64u, 401u, UINT64_C(0x8c73e22bc70e47b1), 3723u, 36u, 3759u, 17u, 2u, 1u },
    { 65u, 402u, UINT64_C(0xf2988ba26c09103c), 3776u, 36u, 3812u, 27u, 3u, 1u },
    { 66u, 403u, UINT64_C(0xca60b0c2b18af002), 3839u, 36u, 3875u, 17u, 2u, 1u },
    { 67u, 406u, UINT64_C(0xa99b7c66583ab1a6), 3892u, 33u, 3925u, 35u, 5u, 1u },
    { 68u, 409u, UINT64_C(0x82737a7e0b279b79), 3960u, 33u, 3993u, 31u, 5u, 1u },
    { 69u, 410u, UINT64_C(0x69d3a96ec9757546), 4024u, 36u, 4060u, 27u, 3u, 1u },
    { 70u, 411u, UINT64_C(0x383e63e962b5f179), 4087u, 36u, 4123u, 17u, 2u, 1u },
    { 71u, 412u, UINT64_C(0x98309bf3576802bd), 4140u, 36u, 4176u, 27u, 3u, 1u },
    { 72u, 413u, UINT64_C(0xdb091af0e9a1fa1f), 4203u, 36u, 4239u, 17u, 2u, 1u },
    { 73u, 414u, UINT64_C(0x8aaa88f788282c21), 4256u, 36u, 4292u, 27u, 3u, 1u },
    { 74u, 415u, UINT64_C(0xf161e8e4a38eca87), 4319u, 36u, 4355u, 17u, 2u, 1u },
    { 75u, 416u, UINT64_C(0x5f819d7b7dc58111), 4372u, 36u, 4408u, 27u, 3u, 1u },
    { 76u, 417u, UINT64_C(0x9f838e410a5b7601), 4435u, 36u, 4471u, 17u, 2u, 1u },
    { 77u, 418u, UINT64_C(0x70d1cd9ed3373bcc), 4488u, 36u, 4524u, 27u, 3u, 1u },
    { 78u, 419u, UINT64_C(0xd0a518ad81cc0d14), 4551u, 36u, 4587u, 17u, 2u, 1u },
    { 79u, 420u, UINT64_C(0xb569df4263bc32e1), 4604u, 36u, 4640u, 27u, 3u, 1u },
    { 80u, 421u, UINT64_C(0xb3bfaa9b32122ee7), 4667u, 36u, 4703u, 17u, 2u, 1u },
    { 81u, 424u, UINT64_C(0x51cab52c3396765a), 4720u, 33u, 4753u, 35u, 5u, 1u },
    { 82u, 427u, UINT64_C(0xf747330f76c70003), 4788u, 33u, 4821u, 31u, 5u, 1u },
    { 83u, 428u, UINT64_C(0x3219c274a7058af3), 4852u, 32u, 4884u, 15u, 2u, 1u },
    { 84u, 429u, UINT64_C(0x5e2722831c125ad0), 4899u, 32u, 4931u, 15u, 2u, 1u },
    { 85u, 430u, UINT64_C(0xe79032685c67da66), 4946u, 32u, 4978u, 15u, 2u, 1u },
    { 86u, 431u, UINT64_C(0xd154d52d6fc8fb20), 4993u, 32u, 5025u, 15u, 2u, 1u },
    { 87u, 432u, UINT64_C(0x23de71e6af520d18), 5040u, 32u, 5072u, 15u, 2u, 1u },
    { 88u, 433u, UINT64_C(0x6084482e65ac3815), 5087u, 32u, 5119u, 15u, 2u, 1u },
    { 89u, 434u, UINT64_C(0x1248b51e48f2be7f), 5134u, 31u, 5165u, 21u, 3u, 1u },
    { 90u, 435u, UINT64_C(0xd665deb98cf42d1e), 5186u, 31u, 5217u, 21u, 3u, 1u },
    { 91u, 436u, UINT64_C(0xc53b46b61df78717), 5238u, 31u, 5269u, 21u, 3u, 1u },
    { 92u, 439u, UINT64_C(0xc59309203425a4c8), 5290u, 37u, 5327u, 18u, 2u, 1u },
    { 93u, 440u, UINT64_C(0x0317fd9a37ad93c1), 5345u, 32u, 5377u, 28u, 4u, 1u },
    { 94u, 441u, UINT64_C(0xbc9635d4d5a3e91b), 5405u, 32u, 5437u, 28u, 4u, 1u },
    { 95u, 442u, UINT64_C(0x97a9b5a2808de6ce), 5465u, 32u, 5497u, 28u, 4u, 1u },
    { 96u, 449u, UINT64_C(0x0a4ae4001ecf7f40), 5525u, 33u, 5558u, 23u, 3u, 1u },
    { 97u, 450u, UINT64_C(0xc51affbfcd35fdad), 5581u, 33u, 5614u, 23u, 3u, 1u },
    { 98u, 451u, UINT64_C(0xf8fc87979f5ffd92), 5637u, 33u, 5670u, 23u, 3u, 1u },
    { 99u, 460u, UINT64_C(0x875e77c7ec2499b5), 5693u, 31u, 5724u, 21u, 3u, 1u },
    { 100u, 461u, UINT64_C(0xd6642b4ef0802b91), 5745u, 31u, 5776u, 21u, 3u, 1u },
    { 101u, 462u, UINT64_C(0xbadf86cc524625a2), 5797u, 31u, 5828u, 21u, 3u, 1u },
    { 102u, 471u, UINT64_C(0x5206dd684293318f), 5849u, 33u, 5882u, 23u, 3u, 1u },
    { 103u, 472u, UINT64_C(0x048cd1cf52c6fc89), 5905u, 33u, 5938u, 23u, 3u, 1u },
    { 104u, 473u, UINT64_C(0xa544f1ce077f835f), 5961u, 33u, 5994u, 23u, 3u, 1u },
    { 105u, 482u, UINT64_C(0xb5bdf1b3f6a04475), 6017u, 31u, 6048u, 21u, 3u, 1u },
    { 106u, 483u, UINT64_C(0x2d8d0efc51121287), 6069u, 31u, 6100u, 21u, 3u, 1u },
    { 107u, 484u, UINT64_C(0xd7fbfa20beb15d5b), 6121u, 31u, 6152u, 21u, 3u, 1u },
    { 108u, 487u, UINT64_C(0x3571898ef783df6d), 6173u, 35u, 6208u, 44u, 6u, 1u },
    { 109u, 489u, UINT64_C(0xf77fc1ea333fa05c), 6252u, 34u, 6286u, 43u, 6u, 1u },
    { 110u, 491u, UINT64_C(0x0acbf4b89bd7a109), 6329u, 35u, 6364u, 40u, 6u, 1u },
    { 111u, 492u, UINT64_C(0xc34b3f06ac1c649b), 6404u, 35u, 6439u, 43u, 7u, 1u },
    { 112u, 495u, UINT64_C(0xc6002e7f9efe9647), 6482u, 35u, 6517u, 32u, 4u, 1u },
    { 113u, 496u, UINT64_C(0x4df3eda5dcc60893), 6549u, 35u, 6584u, 39u, 7u, 1u },
    { 114u, 497u, UINT64_C(0x4c45dcff9f294f9c), 6623u, 35u, 6658u, 44u, 6u, 1u },
    { 115u, 499u, UINT64_C(0x18154a0bde8f7ce4), 6702u, 34u, 6736u, 43u, 6u, 1u },
    { 116u, 501u, UINT64_C(0x2e5ff15eeacd5c04), 6779u, 35u, 6814u, 40u, 6u, 1u },
    { 117u, 502u, UINT64_C(0xddf192915f7125c8), 6854u, 35u, 6889u, 43u, 7u, 1u },
    { 118u, 505u, UINT64_C(0x252e3f18cdee2e29), 6932u, 35u, 6967u, 32u, 4u, 1u },
    { 119u, 506u, UINT64_C(0xb358e2673b322eb7), 6999u, 35u, 7034u, 39u, 7u, 1u },
    { 120u, 507u, UINT64_C(0x2fe429b47bfb5465), 7073u, 34u, 7107u, 15u, 2u, 1u },
    { 121u, 508u, UINT64_C(0x888333a8aae17dcb), 7122u, 34u, 7156u, 15u, 2u, 1u },
    { 122u, 509u, UINT64_C(0x825dd12c51f55d6e), 7171u, 34u, 7205u, 15u, 2u, 1u },
    { 123u, 510u, UINT64_C(0x91df10bba795b3c7), 7220u, 34u, 7254u, 15u, 2u, 1u },
    { 124u, 511u, UINT64_C(0x5154e002bcee4629), 7269u, 35u, 7304u, 20u, 2u, 1u },
    { 125u, 512u, UINT64_C(0xf9276ac21ba6a4a2), 7324u, 34u, 7358u, 15u, 2u, 1u },
    { 126u, 513u, UINT64_C(0xbd3e1318901a07cc), 7373u, 31u, 7404u, 15u, 2u, 1u },
    { 127u, 514u, UINT64_C(0xde4b390d6d6eaa85), 7419u, 31u, 7450u, 17u, 2u, 1u },
    { 128u, 515u, UINT64_C(0x1aadcc67d95a354b), 7467u, 34u, 7501u, 15u, 2u, 1u },
    { 129u, 516u, UINT64_C(0xefcea020693012f3), 7516u, 34u, 7550u, 15u, 2u, 1u },
    { 130u, 517u, UINT64_C(0xedaec99569d1dcd4), 7565u, 31u, 7596u, 15u, 2u, 1u },
    { 131u, 518u, UINT64_C(0xc073947aca2806d7), 7611u, 31u, 7642u, 17u, 2u, 1u },
    { 132u, 519u, UINT64_C(0xb6c27d8bd0fd8fec), 7659u, 34u, 7693u, 15u, 2u, 1u },
    { 133u, 520u, UINT64_C(0xefb492bbf6fa1bcb), 7708u, 31u, 7739u, 15u, 2u, 1u },
    { 134u, 521u, UINT64_C(0xcbb47b40b43146ce), 7754u, 31u, 7785u, 17u, 2u, 1u },
    { 135u, 522u, UINT64_C(0x0dc9a9fa73165c41), 7802u, 35u, 7837u, 20u, 2u, 1u },
    { 136u, 523u, UINT64_C(0x34fb8838f967b4aa), 7857u, 34u, 7891u, 20u, 2u, 1u },
    { 137u, 524u, UINT64_C(0xa48c0744b6d74d8a), 7911u, 33u, 7944u, 21u, 3u, 1u },
    { 138u, 525u, UINT64_C(0xcd6d5a7454d6f7a9), 7965u, 33u, 7944u, 21u, 3u, 1u },
    { 139u, 526u, UINT64_C(0xd0ec9a03c3ebb4d0), 7998u, 32u, 8030u, 28u, 4u, 1u },
    { 140u, 527u, UINT64_C(0xf5e4e0a5688f5e7f), 8058u, 32u, 8090u, 28u, 4u, 1u },
    { 141u, 528u, UINT64_C(0x8c435f1d305986b6), 8118u, 32u, 8150u, 28u, 4u, 1u },
    { 142u, 529u, UINT64_C(0x16c46ad1346d869d), 8178u, 36u, 8214u, 41u, 6u, 1u },
    { 143u, 530u, UINT64_C(0xafc0f10c8894eb8c), 8255u, 36u, 8291u, 44u, 7u, 1u },
    { 144u, 533u, UINT64_C(0x2d11b914a2025f37), 8335u, 36u, 8371u, 33u, 4u, 1u },
    { 145u, 534u, UINT64_C(0x0aedcd7f2f9af4b5), 8404u, 36u, 8440u, 40u, 7u, 1u },
    { 146u, 537u, UINT64_C(0x281d65b7bf4b980c), 8480u, 31u, 8511u, 21u, 3u, 1u },
    { 147u, 538u, UINT64_C(0xa1f37c7217afe686), 8532u, 31u, 8563u, 21u, 3u, 1u },
    { 148u, 539u, UINT64_C(0xfb5c92381ee28e49), 8584u, 31u, 8615u, 21u, 3u, 1u },
    { 149u, 540u, UINT64_C(0x63309efb9090a58a), 8636u, 35u, 8671u, 40u, 6u, 1u },
    { 150u, 541u, UINT64_C(0x34f63bed540c0c1b), 8711u, 35u, 8746u, 43u, 7u, 1u },
    { 151u, 544u, UINT64_C(0x10db214dfe55f386), 8789u, 35u, 8824u, 32u, 4u, 1u },
    { 152u, 545u, UINT64_C(0x1d28ddd2976ee259), 8856u, 35u, 8891u, 39u, 7u, 1u },
    { 153u, 546u, UINT64_C(0xbfb6d82dee98307e), 8930u, 31u, 8961u, 15u, 2u, 1u },
    { 154u, 547u, UINT64_C(0xba6ee96c70d383ef), 8976u, 31u, 9007u, 15u, 2u, 1u },
    { 155u, 548u, UINT64_C(0x0d4a0fc91e02737d), 9022u, 31u, 9053u, 15u, 2u, 1u },
    { 156u, 551u, UINT64_C(0x6b6fec443b61089a), 9068u, 33u, 9101u, 29u, 4u, 1u },
    { 157u, 552u, UINT64_C(0x83e4d90f35fcffca), 9130u, 33u, 9163u, 29u, 4u, 1u },
    { 158u, 553u, UINT64_C(0x4c759b6ca3348d73), 9192u, 33u, 9225u, 29u, 4u, 1u },
    { 159u, 554u, UINT64_C(0x31f1ac762528f6c0), 9254u, 33u, 9287u, 29u, 4u, 1u },
    { 160u, 555u, UINT64_C(0x3471a826cd789d93), 9316u, 33u, 9349u, 29u, 4u, 1u },
    { 161u, 556u, UINT64_C(0x9fb931668ca5d71a), 9378u, 33u, 9411u, 29u, 4u, 1u },
    { 162u, 557u, UINT64_C(0x0aea10e0780c2f8b), 9440u, 32u, 9472u, 22u, 3u, 1u },
    { 163u, 558u, UINT64_C(0x693bf48999f9aad1), 9494u, 32u, 9526u, 22u, 3u, 1u },
    { 164u, 559u, UINT64_C(0xe2d30de40c1b9586), 9548u, 32u, 9580u, 22u, 3u, 1u },
    { 165u, 570u, UINT64_C(0x26f95d4f02313f3d), 9602u, 35u, 9637u, 19u, 2u, 1u },
    { 166u, 571u, UINT64_C(0xfbfa634e0293348b), 9656u, 35u, 9691u, 19u, 2u, 1u },
    { 167u, 573u, UINT64_C(0x3d385eb308c6e7c0), 9710u, 35u, 9745u, 19u, 2u, 1u },
    { 168u, 574u, UINT64_C(0xb0d4e98c05185545), 9764u, 35u, 9799u, 19u, 2u, 1u },
    { 169u, 576u, UINT64_C(0x5c1dd2cbb875be35), 9818u, 35u, 9853u, 19u, 2u, 1u },
    { 170u, 577u, UINT64_C(0x2176bcf1f51ccb67), 9872u, 35u, 9907u, 19u, 2u, 1u },
    { 171u, 579u, UINT64_C(0x38a270084950a93e), 9926u, 35u, 9961u, 19u, 2u, 1u },
    { 172u, 580u, UINT64_C(0x19569a28b1106068), 9980u, 35u, 10015u, 19u, 2u, 1u },
    { 173u, 582u, UINT64_C(0xc871d62e0efbceaf), 10034u, 33u, 10067u, 17u, 2u, 1u },
    { 174u, 583u, UINT64_C(0x10f4f576d39b388c), 10084u, 33u, 10117u, 17u, 2u, 1u },
    { 175u, 584u, UINT64_C(0xe0e35c666f942de9), 10134u, 33u, 10167u, 17u, 2u, 1u },
    { 176u, 587u, UINT64_C(0xfddd5f55578e6c38), 10184u, 33u, 10217u, 17u, 2u, 1u },
    { 177u, 588u, UINT64_C(0x743530f27b198a8b), 10234u, 33u, 10267u, 17u, 2u, 1u },
    { 178u, 589u, UINT64_C(0xe31b311828584591), 10284u, 33u, 10317u, 17u, 2u, 1u },
    { 179u, 592u, UINT64_C(0x73191f2356f3e083), 10334u, 33u, 10367u, 17u, 2u, 1u },
    { 180u, 593u, UINT64_C(0xb5d4ad529cfbfee0), 10384u, 33u, 10417u, 17u, 2u, 1u },
    { 181u, 594u, UINT64_C(0x0ee5b70028cf8998), 10434u, 33u, 10467u, 17u, 2u, 1u },
    { 182u, 597u, UINT64_C(0xb9d8f24821d879e4), 10484u, 33u, 10517u, 17u, 2u, 1u },
    { 183u, 598u, UINT64_C(0x5ccc56ee098f46c9), 10534u, 33u, 10567u, 17u, 2u, 1u },
    { 184u, 599u, UINT64_C(0xe969ee282151a0ef), 10584u, 33u, 10617u, 17u, 2u, 1u },
    { 185u, 602u, UINT64_C(0x61289c8814a7b4b7), 10634u, 33u, 10667u, 17u, 2u, 1u },
    { 186u, 603u, UINT64_C(0xfffea0bd9d345e72), 10684u, 33u, 10717u, 17u, 2u, 1u },
    { 187u, 604u, UINT64_C(0x25d301bc07ca52d1), 10734u, 33u, 10767u, 17u, 2u, 1u },
    { 188u, 607u, UINT64_C(0x8f847aec0848c60b), 10784u, 33u, 10817u, 17u, 2u, 1u },
    { 189u, 608u, UINT64_C(0x93f6705d54dc2cd9), 10834u, 33u, 10867u, 17u, 2u, 1u },
    { 190u, 609u, UINT64_C(0x9caa91f0a5a31773), 10884u, 33u, 10917u, 17u, 2u, 1u },
    { 191u, 612u, UINT64_C(0x2bddd5193698fbbc), 10934u, 33u, 10967u, 17u, 2u, 1u },
    { 192u, 613u, UINT64_C(0x6fa24885df1e8b1e), 10984u, 33u, 11017u, 17u, 2u, 1u },
    { 193u, 614u, UINT64_C(0xb19db24356de086c), 11034u, 33u, 11067u, 17u, 2u, 1u },
    { 194u, 625u, UINT64_C(0x013d8050d80e50db), 11084u, 32u, 11116u, 16u, 2u, 1u },
    { 195u, 626u, UINT64_C(0xb1c3be651d9f73a1), 11132u, 32u, 11164u, 16u, 2u, 1u },
    { 196u, 627u, UINT64_C(0x41439111e12f6f95), 11180u, 32u, 11212u, 16u, 2u, 1u },
    { 197u, 630u, UINT64_C(0x086d3eaea1022adf), 11228u, 31u, 11259u, 21u, 3u, 1u },
    { 198u, 631u, UINT64_C(0x92c849a04940ad59), 11280u, 31u, 11311u, 21u, 3u, 1u },
    { 199u, 632u, UINT64_C(0xe320570c040a30c4), 11332u, 31u, 11363u, 21u, 3u, 1u },
    { 200u, 639u, UINT64_C(0xf45213f4acbb3423), 11384u, 33u, 11417u, 30u, 5u, 1u },
    { 201u, 640u, UINT64_C(0x45918818a277c3bf), 11447u, 33u, 11480u, 44u, 6u, 1u },
    { 202u, 1014u, UINT64_C(0x8ba6ea89d235c8ff), 11524u, 31u, 11555u, 42u, 7u, 1u },
    { 203u, 1016u, UINT64_C(0xd4cf72278844f286), 11597u, 31u, 11628u, 42u, 7u, 1u },
    { 204u, 1020u, UINT64_C(0xa2282b9c16088f91), 11670u, 34u, 11704u, 20u, 2u, 1u },
    { 205u, 1021u, UINT64_C(0x258069ec0b99392c), 11724u, 34u, 11758u, 17u, 2u, 1u },
    { 206u, 1022u, UINT64_C(0x53702c4452a3a89d), 11775u, 34u, 11809u, 39u, 4u, 1u },
    { 207u, 1023u, UINT64_C(0xba42aa7e81edb36b), 11848u, 34u, 11809u, 39u, 4u, 1u },
    { 208u, 1024u, UINT64_C(0x21a6b376eb7eea5b), 11882u, 34u, 11916u, 37u, 4u, 1u },
    { 209u, 1025u, UINT64_C(0xc5c27df9a50be57b), 11953u, 33u, 11986u, 32u, 3u, 1u },
    { 210u, 1055u, UINT64_C(0x8db135f95c35726d), 12018u, 31u, 12049u, 42u, 7u, 1u },
    { 211u, 1057u, UINT64_C(0x5ad4192b9eac1c7d), 12091u, 34u, 12125u, 39u, 4u, 1u },
    { 212u, 1058u, UINT64_C(0xa882c9306192dd99), 12164u, 34u, 12125u, 39u, 4u, 1u },
    { 213u, 1059u, UINT64_C(0x0aa8157cd9193fb2), 12198u, 34u, 12232u, 37u, 4u, 1u },
    { 214u, 1082u, UINT64_C(0x55233f22246ee92e), 12269u, 33u, 12302u, 38u, 4u, 1u },
    { 215u, 1083u, UINT64_C(0x3298dc55efc6e9e9), 12340u, 33u, 12302u, 38u, 4u, 1u },
    { 216u, 1100u, UINT64_C(0x840f1ac23dd4438b), 12373u, 33u, 12406u, 40u, 7u, 1u },
    { 217u, 1107u, UINT64_C(0x8ffedbd24c80b9d7), 12446u, 34u, 12480u, 41u, 7u, 1u },
    { 218u, 1131u, UINT64_C(0xbf06764218157067), 12521u, 32u, 12553u, 39u, 6u, 1u },
    { 219u, 1132u, UINT64_C(0x57359b8c488b17ce), 12592u, 34u, 12626u, 41u, 7u, 1u },
    { 220u, 1133u, UINT64_C(0x21c3052484f0f909), 12667u, 33u, 12700u, 40u, 7u, 1u },
    { 221u, 1135u, UINT64_C(0xbc3f03b2ed8db4ac), 12740u, 33u, 12773u, 40u, 7u, 1u },
    { 222u, 1140u, UINT64_C(0xb414a0b848e9734c), 12813u, 33u, 12846u, 40u, 7u, 1u },
    { 223u, 1141u, UINT64_C(0x85438fd72836b340), 12886u, 33u, 12919u, 40u, 7u, 1u },
    { 224u, 1153u, UINT64_C(0x1ec1ce25a6d1293b), 12959u, 35u, 12994u, 26u, 3u, 1u },
    { 225u, 1154u, UINT64_C(0x34e13de0741ebecb), 13020u, 35u, 13055u, 16u, 2u, 1u },
    { 226u, 1155u, UINT64_C(0xee5d28af6b2d11a6), 13071u, 35u, 13106u, 26u, 3u, 1u },
    { 227u, 1156u, UINT64_C(0xc5c812061e21cb0f), 13132u, 35u, 13167u, 16u, 2u, 1u },
    { 228u, 1157u, UINT64_C(0x5f07dd9db5e5acec), 13183u, 35u, 13218u, 26u, 3u, 1u },
    { 229u, 1158u, UINT64_C(0x69c36ef59fd04e25), 13244u, 35u, 13279u, 16u, 2u, 1u },
    { 230u, 1159u, UINT64_C(0x29344e23997fba01), 13295u, 35u, 13330u, 26u, 3u, 1u },
    { 231u, 1160u, UINT64_C(0xb92415d141884cc2), 13356u, 35u, 13391u, 16u, 2u, 1u },
    { 232u, 1161u, UINT64_C(0x0dafca99315e01dd), 13407u, 35u, 13442u, 26u, 3u, 1u },
    { 233u, 1162u, UINT64_C(0x22b069d5e54e7fba), 13468u, 35u, 13503u, 16u, 2u, 1u },
    { 234u, 1163u, UINT64_C(0x01ab5e61f4be9e04), 13519u, 35u, 13554u, 26u, 3u, 1u },
    { 235u, 1164u, UINT64_C(0x52527750795b68f7), 13580u, 35u, 13615u, 16u, 2u, 1u },
    { 236u, 1167u, UINT64_C(0x64101cc0716d18f5), 13631u, 32u, 13663u, 34u, 5u, 1u },
    { 237u, 1170u, UINT64_C(0x9f9599105a0fd226), 13697u, 32u, 13729u, 30u, 5u, 1u },
    { 238u, 1173u, UINT64_C(0x6fc686602851539e), 13759u, 32u, 13791u, 43u, 6u, 1u },
    { 239u, 1194u, UINT64_C(0xfe7e938503995074), 13834u, 32u, 13866u, 38u, 6u, 1u },
    { 240u, 1195u, UINT64_C(0x6b97670018ff1a1c), 13904u, 30u, 13934u, 32u, 5u, 1u },
    { 241u, 1196u, UINT64_C(0xce09a242f0b73b1f), 13966u, 30u, 13996u, 24u, 3u, 1u },
    { 242u, 1197u, UINT64_C(0xe15fb4ab420be86d), 14020u, 31u, 14051u, 38u, 6u, 1u },
    { 243u, 1199u, UINT64_C(0xe8a7567f44ed7491), 14089u, 30u, 14119u, 32u, 5u, 1u },
    { 244u, 1200u, UINT64_C(0xc4afebb3be9f809a), 14151u, 30u, 14181u, 24u, 3u, 1u },
    { 245u, 1209u, UINT64_C(0xa6e656d6140afa77), 14205u, 33u, 14238u, 40u, 7u, 1u },
    { 246u, 1210u, UINT64_C(0x0a42d15475dcf351), 14278u, 33u, 14311u, 49u, 8u, 1u },
    { 247u, 1211u, UINT64_C(0x9ce7a12531de8b4b), 14360u, 33u, 14393u, 40u, 7u, 1u },
    { 248u, 1212u, UINT64_C(0x0fa6bb9b967eeb3b), 14433u, 33u, 14466u, 49u, 8u, 1u },
    { 249u, 1214u, UINT64_C(0xd0385d798ee9efdc), 14515u, 33u, 14548u, 29u, 4u, 1u },
    { 250u, 1215u, UINT64_C(0x80b5e7d51f73f507), 14577u, 33u, 14610u, 29u, 4u, 1u },
    { 251u, 1219u, UINT64_C(0xa97cb15d501c043a), 14639u, 33u, 14672u, 40u, 7u, 1u },
    { 252u, 1220u, UINT64_C(0x77b1d9bd5a13efd1), 14712u, 33u, 14745u, 49u, 8u, 1u },
    { 253u, 1225u, UINT64_C(0xedc0006089389f7d), 14794u, 35u, 14829u, 42u, 7u, 1u },
    { 254u, 1226u, UINT64_C(0x61c9c39ba762deda), 14871u, 35u, 14906u, 51u, 8u, 1u },
    { 255u, 1228u, UINT64_C(0x98a9e8ee40cc7518), 14957u, 35u, 14992u, 44u, 7u, 1u },
    { 256u, 1229u, UINT64_C(0x406aad6ef688db3b), 15036u, 35u, 15071u, 42u, 7u, 1u },
    { 257u, 1230u, UINT64_C(0x7ce2d400e65486f2), 15113u, 35u, 15148u, 51u, 8u, 1u },
    { 258u, 1232u, UINT64_C(0x10590f83931155b2), 15199u, 35u, 15234u, 44u, 7u, 1u },
    { 259u, 1233u, UINT64_C(0xc2b91c99a91552b1), 15278u, 35u, 15313u, 46u, 7u, 1u },
    { 260u, 1235u, UINT64_C(0x3aa42f34a99b4c4a), 15359u, 35u, 15394u, 42u, 7u, 1u },
    { 261u, 1237u, UINT64_C(0xc29e650be026c2bc), 15436u, 35u, 15471u, 42u, 7u, 1u },
    { 262u, 1238u, UINT64_C(0x6eff11bfa09be4a7), 15513u, 35u, 15548u, 51u, 8u, 1u },
    { 263u, 1240u, UINT64_C(0x0349e7cc3c7a9163), 15599u, 35u, 15634u, 44u, 7u, 1u },
    { 264u, 1243u, UINT64_C(0xc9355719653646a2), 15678u, 36u, 15714u, 47u, 7u, 1u },
    { 265u, 1245u, UINT64_C(0x2da1c89cbbc1cefd), 15761u, 36u, 15797u, 43u, 7u, 1u },
    { 266u, 1247u, UINT64_C(0xee546988dd1eadb3), 15840u, 36u, 15876u, 47u, 7u, 1u },
    { 267u, 1249u, UINT64_C(0xcabfe4a5cb551654), 15923u, 36u, 15959u, 43u, 7u, 1u },
    { 268u, 1251u, UINT64_C(0x59ba8a5ecc9307db), 16002u, 36u, 16038u, 47u, 7u, 1u },
    { 269u, 1253u, UINT64_C(0x886061c47bd6cf1c), 16085u, 36u, 16121u, 43u, 7u, 1u },
    { 270u, 1257u, UINT64_C(0x5064ab61cd472b89), 16164u, 34u, 16198u, 41u, 6u, 1u },
    { 271u, 1258u, UINT64_C(0x7a99fe0944edba14), 16239u, 34u, 16273u, 34u, 5u, 1u },
    { 272u, 1259u, UINT64_C(0xad2daa3a3b4e1d6d), 16307u, 35u, 16342u, 42u, 6u, 1u },
    { 273u, 1260u, UINT64_C(0x30e1cbba8b932682), 16384u, 35u, 16419u, 35u, 5u, 1u },
    { 274u, 1261u, UINT64_C(0xfb68c39c2029cac0), 16454u, 33u, 16487u, 35u, 5u, 1u },
    { 275u, 1262u, UINT64_C(0x64ffe6530ffde093), 16522u, 33u, 16555u, 31u, 5u, 1u },
    { 276u, 1264u, UINT64_C(0x4031b9c8a203fff7), 16586u, 32u, 16618u, 34u, 5u, 1u },
    { 277u, 1266u, UINT64_C(0xe9cf65d044d6ac95), 16652u, 32u, 16684u, 30u, 5u, 1u },
    { 278u, 1267u, UINT64_C(0x7f18feddf9e6e2e4), 16714u, 33u, 16747u, 40u, 6u, 1u },
    { 279u, 1268u, UINT64_C(0x4e511a24712848dd), 16787u, 33u, 16820u, 33u, 5u, 1u },
    { 280u, 1269u, UINT64_C(0x9b214527dba74a63), 16853u, 34u, 16887u, 41u, 6u, 1u },
    { 281u, 1270u, UINT64_C(0xfa0192fe7e62a9e6), 16928u, 34u, 16962u, 34u, 5u, 1u },
    { 282u, 1273u, UINT64_C(0xea0138160f11a777), 16996u, 33u, 17029u, 29u, 5u, 1u },
    { 283u, 1275u, UINT64_C(0xe9b2d13566ce4406), 17058u, 34u, 17092u, 30u, 5u, 1u },
    { 284u, 1278u, UINT64_C(0x42d2f59a0f052385), 17122u, 30u, 17152u, 32u, 5u, 1u },
    { 285u, 1279u, UINT64_C(0xff3212acf943a2ff), 17184u, 30u, 17214u, 24u, 3u, 1u },
    { 286u, 1282u, UINT64_C(0x77258c14af52f806), 17238u, 32u, 17270u, 34u, 5u, 1u },
    { 287u, 1283u, UINT64_C(0x6866adf7de55ce73), 17304u, 32u, 17336u, 26u, 3u, 1u },
    { 288u, 1284u, UINT64_C(0x5d66a47c56c69cd9), 17362u, 32u, 17394u, 34u, 5u, 1u },
    { 289u, 1285u, UINT64_C(0x57f54c9b821e67b7), 17428u, 32u, 17460u, 26u, 3u, 1u },
    { 290u, 1287u, UINT64_C(0xa7c71f20158cd515), 17486u, 32u, 17518u, 39u, 6u, 1u },
    { 291u, 1290u, UINT64_C(0xbc570185281563a4), 17557u, 31u, 17588u, 33u, 5u, 1u },
    { 292u, 1291u, UINT64_C(0x8957e49b5b33d8f0), 17621u, 31u, 17652u, 25u, 3u, 1u },
    { 293u, 1292u, UINT64_C(0x3a3a88daed876c61), 17677u, 31u, 17708u, 33u, 5u, 1u },
    { 294u, 1293u, UINT64_C(0x221ff06ad190e047), 17741u, 31u, 17772u, 25u, 3u, 1u },
    { 295u, 1294u, UINT64_C(0xd9119a516513a2a5), 17797u, 33u, 17830u, 40u, 7u, 1u },
    { 296u, 1295u, UINT64_C(0xb56dd0b23afa6bb4), 17870u, 33u, 17903u, 40u, 7u, 1u },
    { 297u, 1524u, UINT64_C(0x3bbff5bb2f1dc919), 17943u, 33u, 17976u, 40u, 7u, 1u },
    { 298u, 1584u, UINT64_C(0x1da3eec81988af6f), 18016u, 33u, 18049u, 40u, 7u, 1u },
    { 299u, 1586u, UINT64_C(0x482d4e6528a83496), 18089u, 33u, 18122u, 40u, 7u, 1u },
    { 300u, 1591u, UINT64_C(0xe266ee182ca65004), 18162u, 33u, 18195u, 40u, 7u, 1u },
    { 301u, 1592u, UINT64_C(0xd60bca6712649536), 18235u, 33u, 18268u, 40u, 7u, 1u },
    { 302u, 1599u, UINT64_C(0x36de02ce8bb07624), 18308u, 35u, 18343u, 26u, 3u, 1u },
    { 303u, 1600u, UINT64_C(0xb63a125eef6a638f), 18369u, 35u, 18404u, 16u, 2u, 1u },
    { 304u, 1601u, UINT64_C(0x353dcb1acda15f09), 18420u, 35u, 18455u, 26u, 3u, 1u },
    { 305u, 1602u, UINT64_C(0x4d78e74fb7e73d96), 18481u, 35u, 18516u, 16u, 2u, 1u },
    { 306u, 1603u, UINT64_C(0x38e3617e41dd8866), 18532u, 35u, 18567u, 26u, 3u, 1u },
    { 307u, 1604u, UINT64_C(0xa204cc55d9b6df4d), 18593u, 35u, 18628u, 16u, 2u, 1u },
    { 308u, 1605u, UINT64_C(0xf39c776b5ae752b1), 18644u, 35u, 18679u, 26u, 3u, 1u },
    { 309u, 1606u, UINT64_C(0x3f9cf870fe55f1cc), 18705u, 35u, 18740u, 16u, 2u, 1u },
    { 310u, 1607u, UINT64_C(0xd4ca41508b73d4ed), 18756u, 35u, 18791u, 26u, 3u, 1u },
    { 311u, 1608u, UINT64_C(0xea5d7356c039057c), 18817u, 35u, 18852u, 16u, 2u, 1u },
    { 312u, 1609u, UINT64_C(0x0b8f73fa9c13f062), 18868u, 35u, 18903u, 26u, 3u, 1u },
    { 313u, 1610u, UINT64_C(0x089fc8c6ce2234eb), 18929u, 35u, 18964u, 16u, 2u, 1u },
    { 314u, 1613u, UINT64_C(0xdc0519554aff5570), 18980u, 32u, 19012u, 34u, 5u, 1u },
    { 315u, 1616u, UINT64_C(0xfd72645df60a31f6), 19046u, 32u, 19078u, 30u, 5u, 1u },
    { 316u, 1620u, UINT64_C(0x53cc0b57ec77a321), 19108u, 32u, 19140u, 43u, 6u, 1u },
    { 317u, 1631u, UINT64_C(0x63f52ac4691452bf), 19183u, 33u, 19216u, 40u, 7u, 1u },
    { 318u, 1632u, UINT64_C(0x951fac0d05b50180), 19256u, 33u, 19289u, 49u, 8u, 1u },
    { 319u, 1633u, UINT64_C(0x7ccfe9a9d92a1c7b), 19338u, 33u, 19371u, 40u, 7u, 1u },
    { 320u, 1634u, UINT64_C(0x88c324b6447649c5), 19411u, 33u, 19444u, 49u, 8u, 1u },
    { 321u, 1636u, UINT64_C(0x0bb8dc9cbc8aa819), 19493u, 33u, 19526u, 29u, 4u, 1u },
    { 322u, 1637u, UINT64_C(0xe177b3861770bef7), 19555u, 33u, 19588u, 26u, 3u, 1u },
    { 323u, 1641u, UINT64_C(0x720c4ae6159bcb91), 19614u, 33u, 19647u, 40u, 7u, 1u },
    { 324u, 1642u, UINT64_C(0x8c1965ff8d04209e), 19687u, 33u, 19720u, 49u, 8u, 1u },
    { 325u, 1647u, UINT64_C(0x7e8d978878277a00), 19769u, 34u, 19803u, 41u, 6u, 1u },
    { 326u, 1648u, UINT64_C(0x772502ef2d44ab5f), 19844u, 34u, 19878u, 34u, 5u, 1u },
    { 327u, 1650u, UINT64_C(0x504f6fcf45c5b2bf), 19912u, 32u, 19944u, 34u, 5u, 1u },
    { 328u, 1652u, UINT64_C(0x103b163cdf920afe), 19978u, 32u, 20010u, 30u, 5u, 1u },
    { 329u, 1653u, UINT64_C(0x9e1aa266340197ae), 20040u, 33u, 20073u, 40u, 6u, 1u },
    { 330u, 1654u, UINT64_C(0xe8005d66d7ff03c0), 20113u, 33u, 20146u, 33u, 5u, 1u },
    { 331u, 1657u, UINT64_C(0x27533aa49424bdc7), 20179u, 33u, 20212u, 29u, 5u, 1u },
    { 332u, 1663u, UINT64_C(0x226cf81ed566c0b4), 20241u, 32u, 20273u, 34u, 5u, 1u },
    { 333u, 1664u, UINT64_C(0xd43b608d32a5e1d1), 20307u, 32u, 20339u, 26u, 3u, 1u },
    { 334u, 1666u, UINT64_C(0xedc220671240e564), 20365u, 32u, 20397u, 34u, 5u, 1u },
    { 335u, 1667u, UINT64_C(0x2cf2de3d4585087b), 20431u, 32u, 20463u, 26u, 3u, 1u },
    { 336u, 1668u, UINT64_C(0x766e0a29709626d0), 20489u, 32u, 20521u, 39u, 6u, 1u },
    { 337u, 1671u, UINT64_C(0xbd19303ff6c61c84), 20560u, 31u, 20591u, 33u, 5u, 1u },
    { 338u, 1672u, UINT64_C(0xdff53e046d802419), 20624u, 31u, 20655u, 25u, 3u, 1u },
    { 339u, 1675u, UINT64_C(0x87cf752cd81129ed), 20680u, 31u, 20711u, 33u, 5u, 1u },
    { 340u, 1676u, UINT64_C(0x20f5b1b6b61d8095), 20744u, 31u, 20775u, 25u, 3u, 1u },
    { 341u, 1677u, UINT64_C(0x8952fb59e51dbbf5), 20800u, 33u, 20833u, 40u, 7u, 1u },
    { 342u, 1678u, UINT64_C(0x3c273576ae10f942), 20873u, 33u, 20906u, 40u, 7u, 1u },
    { 343u, 1687u, UINT64_C(0xda281e4a0826cff2), 20946u, 37u, 20983u, 38u, 4u, 1u },
    { 344u, 1691u, UINT64_C(0xc8284fde945c2067), 21021u, 31u, 21052u, 27u, 5u, 1u },
};

static const BusterA64ComplexSIMDGeneratedArrangementBinding
    buster_a64_complex_simd_generated_arrangement_bindings[BUSTER_A64_COMPLEX_SIMD_ROW_COUNT][BUSTER_A64_COMPLEX_SIMD_MAX_OPERANDS] = {
    { { 255u, 0 }, { 2u, 1 }, { 255u, 0 }, { 4u, 1 }, { 255u, 0 }, { 6u, 1 }, { 255u, 0 }, { 255u, 0 } },
    { { 1u, 1 }, { 255u, 0 }, { 255u, 0 }, { 255u, 0 }, { 255u, 0 }, { 255u, 0 }, { 255u, 0 }, { 255u, 0 } },
    { { 1u, 1 }, { 255u, 0 }, { 255u, 0 }, { 255u, 0 }, { 255u, 0 }, { 255u, 0 }, { 255u, 0 }, { 255u, 0 } },
    { { 1u, 1 }, { 255u, 0 }, { 3u, 1 }, { 255u, 0 }, { 255u, 0 }, { 255u, 0 }, { 255u, 0 }, { 255u, 0 } },
    { { 255u, 0 }, { 255u, 0 }, { 255u, 0 }, { 255u, 0 }, { 255u, 0 }, { 255u, 0 }, { 255u, 0 }, { 255u, 0 } },
    { { 1u, 1 }, { 255u, 0 }, { 3u, 1 }, { 255u, 0 }, { 255u, 0 }, { 255u, 0 }, { 255u, 0 }, { 255u, 0 } },
    { { 255u, 0 }, { 255u, 0 }, { 255u, 0 }, { 255u, 0 }, { 255u, 0 }, { 255u, 0 }, { 255u, 0 }, { 255u, 0 } },
    { { 1u, 1 }, { 255u, 0 }, { 3u, 1 }, { 255u, 0 }, { 255u, 0 }, { 255u, 0 }, { 255u, 0 }, { 255u, 0 } },
    { { 255u, 0 }, { 255u, 0 }, { 255u, 0 }, { 255u, 0 }, { 255u, 0 }, { 255u, 0 }, { 255u, 0 }, { 255u, 0 } },
    { { 1u, 1 }, { 255u, 0 }, { 3u, 1 }, { 255u, 0 }, { 255u, 0 }, { 255u, 0 }, { 255u, 0 }, { 255u, 0 } },
    { { 255u, 0 }, { 255u, 0 }, { 255u, 0 }, { 255u, 0 }, { 255u, 0 }, { 255u, 0 }, { 255u, 0 }, { 255u, 0 } },
    { { 1u, 1 }, { 255u, 0 }, { 3u, 1 }, { 255u, 0 }, { 255u, 0 }, { 255u, 0 }, { 255u, 0 }, { 255u, 0 } },
    { { 255u, 0 }, { 255u, 0 }, { 255u, 0 }, { 255u, 0 }, { 255u, 0 }, { 255u, 0 }, { 255u, 0 }, { 255u, 0 } },
    { { 1u, 1 }, { 255u, 0 }, { 3u, 1 }, { 255u, 0 }, { 255u, 0 }, { 255u, 0 }, { 255u, 0 }, { 255u, 0 } },
    { { 255u, 0 }, { 0u, -1 }, { 3u, 1 }, { 255u, 0 }, { 255u, 0 }, { 255u, 0 }, { 255u, 0 }, { 255u, 0 } },
    { { 1u, 1 }, { 255u, 0 }, { 3u, 1 }, { 255u, 0 }, { 5u, 1 }, { 255u, 0 }, { 255u, 0 }, { 255u, 0 } },
    { { 1u, 1 }, { 255u, 0 }, { 3u, 1 }, { 255u, 0 }, { 5u, 1 }, { 255u, 0 }, { 255u, 0 }, { 255u, 0 } },
    { { 255u, 0 }, { 255u, 0 }, { 255u, 0 }, { 255u, 0 }, { 255u, 0 }, { 255u, 0 }, { 255u, 0 }, { 255u, 0 } },
    { { 255u, 0 }, { 255u, 0 }, { 255u, 0 }, { 255u, 0 }, { 255u, 0 }, { 255u, 0 }, { 255u, 0 }, { 255u, 0 } },
    { { 255u, 0 }, { 255u, 0 }, { 255u, 0 }, { 255u, 0 }, { 255u, 0 }, { 255u, 0 }, { 255u, 0 }, { 255u, 0 } },
    { { 255u, 0 }, { 255u, 0 }, { 255u, 0 }, { 255u, 0 }, { 255u, 0 }, { 255u, 0 }, { 255u, 0 }, { 255u, 0 } },
    { { 255u, 0 }, { 255u, 0 }, { 255u, 0 }, { 255u, 0 }, { 255u, 0 }, { 255u, 0 }, { 255u, 0 }, { 255u, 0 } },
    { { 255u, 0 }, { 255u, 0 }, { 255u, 0 }, { 255u, 0 }, { 255u, 0 }, { 255u, 0 }, { 255u, 0 }, { 255u, 0 } },
    { { 1u, 1 }, { 255u, 0 }, { 3u, 1 }, { 255u, 0 }, { 255u, 0 }, { 255u, 0 }, { 255u, 0 }, { 255u, 0 } },
    { { 1u, 1 }, { 255u, 0 }, { 3u, 1 }, { 255u, 0 }, { 255u, 0 }, { 255u, 0 }, { 255u, 0 }, { 255u, 0 } },
    { { 255u, 0 }, { 0u, -1 }, { 255u, 0 }, { 2u, -1 }, { 255u, 0 }, { 255u, 0 }, { 255u, 0 }, { 255u, 0 } },
    { { 255u, 0 }, { 255u, 0 }, { 255u, 0 }, { 255u, 0 }, { 255u, 0 }, { 255u, 0 }, { 255u, 0 }, { 255u, 0 } },
    { { 1u, 1 }, { 255u, 0 }, { 3u, 1 }, { 255u, 0 }, { 255u, 0 }, { 255u, 0 }, { 255u, 0 }, { 255u, 0 } },
    { { 1u, 1 }, { 255u, 0 }, { 3u, 1 }, { 255u, 0 }, { 255u, 0 }, { 255u, 0 }, { 255u, 0 }, { 255u, 0 } },
    { { 255u, 0 }, { 0u, -1 }, { 255u, 0 }, { 2u, -1 }, { 255u, 0 }, { 255u, 0 }, { 255u, 0 }, { 255u, 0 } },
    { { 255u, 0 }, { 255u, 0 }, { 255u, 0 }, { 255u, 0 }, { 255u, 0 }, { 255u, 0 }, { 255u, 0 }, { 255u, 0 } },
    { { 1u, 1 }, { 255u, 0 }, { 3u, 1 }, { 255u, 0 }, { 255u, 0 }, { 255u, 0 }, { 255u, 0 }, { 255u, 0 } },
    { { 1u, 1 }, { 255u, 0 }, { 3u, 1 }, { 255u, 0 }, { 255u, 0 }, { 255u, 0 }, { 255u, 0 }, { 255u, 0 } },
    { { 255u, 0 }, { 0u, -1 }, { 255u, 0 }, { 2u, -1 }, { 255u, 0 }, { 255u, 0 }, { 255u, 0 }, { 255u, 0 } },
    { { 255u, 0 }, { 255u, 0 }, { 255u, 0 }, { 255u, 0 }, { 255u, 0 }, { 255u, 0 }, { 255u, 0 }, { 255u, 0 } },
    { { 1u, 1 }, { 255u, 0 }, { 3u, 1 }, { 255u, 0 }, { 5u, 1 }, { 255u, 0 }, { 255u, 0 }, { 255u, 0 } },
    { { 1u, 1 }, { 255u, 0 }, { 3u, 1 }, { 255u, 0 }, { 5u, 1 }, { 255u, 0 }, { 255u, 0 }, { 255u, 0 } },
    { { 1u, 1 }, { 255u, 0 }, { 3u, 1 }, { 255u, 0 }, { 255u, 0 }, { 255u, 0 }, { 255u, 0 }, { 255u, 0 } },
    { { 1u, 1 }, { 255u, 0 }, { 3u, 1 }, { 255u, 0 }, { 255u, 0 }, { 255u, 0 }, { 255u, 0 }, { 255u, 0 } },
    { { 255u, 0 }, { 0u, -1 }, { 255u, 0 }, { 2u, -1 }, { 255u, 0 }, { 255u, 0 }, { 255u, 0 }, { 255u, 0 } },
    { { 255u, 0 }, { 255u, 0 }, { 255u, 0 }, { 255u, 0 }, { 255u, 0 }, { 255u, 0 }, { 255u, 0 }, { 255u, 0 } },
    { { 1u, 1 }, { 255u, 0 }, { 3u, 1 }, { 255u, 0 }, { 255u, 0 }, { 255u, 0 }, { 255u, 0 }, { 255u, 0 } },
    { { 1u, 1 }, { 255u, 0 }, { 3u, 1 }, { 255u, 0 }, { 255u, 0 }, { 255u, 0 }, { 255u, 0 }, { 255u, 0 } },
    { { 255u, 0 }, { 0u, -1 }, { 255u, 0 }, { 2u, -1 }, { 255u, 0 }, { 255u, 0 }, { 255u, 0 }, { 255u, 0 } },
    { { 255u, 0 }, { 255u, 0 }, { 255u, 0 }, { 255u, 0 }, { 255u, 0 }, { 255u, 0 }, { 255u, 0 }, { 255u, 0 } },
    { { 255u, 0 }, { 255u, 0 }, { 255u, 0 }, { 255u, 0 }, { 255u, 0 }, { 255u, 0 }, { 255u, 0 }, { 255u, 0 } },
    { { 255u, 0 }, { 255u, 0 }, { 255u, 0 }, { 255u, 0 }, { 255u, 0 }, { 255u, 0 }, { 255u, 0 }, { 255u, 0 } },
    { { 255u, 0 }, { 255u, 0 }, { 255u, 0 }, { 255u, 0 }, { 255u, 0 }, { 255u, 0 }, { 255u, 0 }, { 255u, 0 } },
    { { 255u, 0 }, { 255u, 0 }, { 255u, 0 }, { 255u, 0 }, { 255u, 0 }, { 255u, 0 }, { 255u, 0 }, { 255u, 0 } },
    { { 255u, 0 }, { 255u, 0 }, { 255u, 0 }, { 255u, 0 }, { 255u, 0 }, { 255u, 0 }, { 255u, 0 }, { 255u, 0 } },
    { { 255u, 0 }, { 255u, 0 }, { 255u, 0 }, { 255u, 0 }, { 255u, 0 }, { 255u, 0 }, { 255u, 0 }, { 255u, 0 } },
    { { 255u, 0 }, { 255u, 0 }, { 255u, 0 }, { 255u, 0 }, { 255u, 0 }, { 255u, 0 }, { 255u, 0 }, { 255u, 0 } },
    { { 255u, 0 }, { 255u, 0 }, { 255u, 0 }, { 255u, 0 }, { 255u, 0 }, { 255u, 0 }, { 255u, 0 }, { 255u, 0 } },
    { { 255u, 0 }, { 255u, 0 }, { 255u, 0 }, { 255u, 0 }, { 255u, 0 }, { 255u, 0 }, { 255u, 0 }, { 255u, 0 } },
    { { 255u, 0 }, { 2u, 1 }, { 255u, 0 }, { 255u, 0 }, { 255u, 0 }, { 255u, 0 }, { 255u, 0 }, { 255u, 0 } },
    { { 255u, 0 }, { 255u, 0 }, { 255u, 0 }, { 255u, 0 }, { 255u, 0 }, { 255u, 0 }, { 255u, 0 }, { 255u, 0 } },
    { { 255u, 0 }, { 255u, 0 }, { 255u, 0 }, { 255u, 0 }, { 255u, 0 }, { 255u, 0 }, { 255u, 0 }, { 255u, 0 } },
    { { 255u, 0 }, { 255u, 0 }, { 255u, 0 }, { 255u, 0 }, { 255u, 0 }, { 255u, 0 }, { 255u, 0 }, { 255u, 0 } },
    { { 255u, 0 }, { 255u, 0 }, { 255u, 0 }, { 255u, 0 }, { 255u, 0 }, { 255u, 0 }, { 255u, 0 }, { 255u, 0 } },
    { { 255u, 0 }, { 255u, 0 }, { 255u, 0 }, { 255u, 0 }, { 255u, 0 }, { 255u, 0 }, { 255u, 0 }, { 255u, 0 } },
    { { 255u, 0 }, { 255u, 0 }, { 255u, 0 }, { 255u, 0 }, { 255u, 0 }, { 255u, 0 }, { 255u, 0 }, { 255u, 0 } },
    { { 255u, 0 }, { 255u, 0 }, { 255u, 0 }, { 255u, 0 }, { 255u, 0 }, { 255u, 0 }, { 255u, 0 }, { 255u, 0 } },
    { { 255u, 0 }, { 255u, 0 }, { 255u, 0 }, { 255u, 0 }, { 255u, 0 }, { 255u, 0 }, { 255u, 0 }, { 255u, 0 } },
    { { 255u, 0 }, { 255u, 0 }, { 255u, 0 }, { 255u, 0 }, { 255u, 0 }, { 255u, 0 }, { 255u, 0 }, { 255u, 0 } },
    { { 255u, 0 }, { 255u, 0 }, { 255u, 0 }, { 255u, 0 }, { 255u, 0 }, { 255u, 0 }, { 255u, 0 }, { 255u, 0 } },
    { { 255u, 0 }, { 255u, 0 }, { 255u, 0 }, { 255u, 0 }, { 255u, 0 }, { 255u, 0 }, { 255u, 0 }, { 255u, 0 } },
    { { 255u, 0 }, { 255u, 0 }, { 255u, 0 }, { 255u, 0 }, { 255u, 0 }, { 255u, 0 }, { 255u, 0 }, { 255u, 0 } },
    { { 1u, 1 }, { 255u, 0 }, { 3u, 1 }, { 255u, 0 }, { 255u, 0 }, { 255u, 0 }, { 255u, 0 }, { 255u, 0 } },
    { { 255u, 0 }, { 0u, -1 }, { 255u, 0 }, { 2u, -1 }, { 255u, 0 }, { 255u, 0 }, { 255u, 0 }, { 255u, 0 } },
    { { 255u, 0 }, { 255u, 0 }, { 255u, 0 }, { 255u, 0 }, { 255u, 0 }, { 255u, 0 }, { 255u, 0 }, { 255u, 0 } },
    { { 255u, 0 }, { 255u, 0 }, { 255u, 0 }, { 255u, 0 }, { 255u, 0 }, { 255u, 0 }, { 255u, 0 }, { 255u, 0 } },
    { { 255u, 0 }, { 255u, 0 }, { 255u, 0 }, { 255u, 0 }, { 255u, 0 }, { 255u, 0 }, { 255u, 0 }, { 255u, 0 } },
    { { 255u, 0 }, { 255u, 0 }, { 255u, 0 }, { 255u, 0 }, { 255u, 0 }, { 255u, 0 }, { 255u, 0 }, { 255u, 0 } },
    { { 255u, 0 }, { 255u, 0 }, { 255u, 0 }, { 255u, 0 }, { 255u, 0 }, { 255u, 0 }, { 255u, 0 }, { 255u, 0 } },
    { { 255u, 0 }, { 255u, 0 }, { 255u, 0 }, { 255u, 0 }, { 255u, 0 }, { 255u, 0 }, { 255u, 0 }, { 255u, 0 } },
    { { 255u, 0 }, { 255u, 0 }, { 255u, 0 }, { 255u, 0 }, { 255u, 0 }, { 255u, 0 }, { 255u, 0 }, { 255u, 0 } },
    { { 255u, 0 }, { 255u, 0 }, { 255u, 0 }, { 255u, 0 }, { 255u, 0 }, { 255u, 0 }, { 255u, 0 }, { 255u, 0 } },
    { { 255u, 0 }, { 255u, 0 }, { 255u, 0 }, { 255u, 0 }, { 255u, 0 }, { 255u, 0 }, { 255u, 0 }, { 255u, 0 } },
    { { 255u, 0 }, { 255u, 0 }, { 255u, 0 }, { 255u, 0 }, { 255u, 0 }, { 255u, 0 }, { 255u, 0 }, { 255u, 0 } },
    { { 255u, 0 }, { 255u, 0 }, { 255u, 0 }, { 255u, 0 }, { 255u, 0 }, { 255u, 0 }, { 255u, 0 }, { 255u, 0 } },
    { { 255u, 0 }, { 255u, 0 }, { 255u, 0 }, { 255u, 0 }, { 255u, 0 }, { 255u, 0 }, { 255u, 0 }, { 255u, 0 } },
    { { 1u, 1 }, { 255u, 0 }, { 3u, 1 }, { 255u, 0 }, { 255u, 0 }, { 255u, 0 }, { 255u, 0 }, { 255u, 0 } },
    { { 255u, 0 }, { 0u, -1 }, { 255u, 0 }, { 2u, -1 }, { 255u, 0 }, { 255u, 0 }, { 255u, 0 }, { 255u, 0 } },
    { { 255u, 0 }, { 255u, 0 }, { 255u, 0 }, { 255u, 0 }, { 255u, 0 }, { 255u, 0 }, { 255u, 0 }, { 255u, 0 } },
    { { 255u, 0 }, { 255u, 0 }, { 255u, 0 }, { 255u, 0 }, { 255u, 0 }, { 255u, 0 }, { 255u, 0 }, { 255u, 0 } },
    { { 255u, 0 }, { 255u, 0 }, { 255u, 0 }, { 255u, 0 }, { 255u, 0 }, { 255u, 0 }, { 255u, 0 }, { 255u, 0 } },
    { { 255u, 0 }, { 255u, 0 }, { 255u, 0 }, { 255u, 0 }, { 255u, 0 }, { 255u, 0 }, { 255u, 0 }, { 255u, 0 } },
    { { 255u, 0 }, { 255u, 0 }, { 255u, 0 }, { 255u, 0 }, { 255u, 0 }, { 255u, 0 }, { 255u, 0 }, { 255u, 0 } },
    { { 255u, 0 }, { 255u, 0 }, { 255u, 0 }, { 255u, 0 }, { 255u, 0 }, { 255u, 0 }, { 255u, 0 }, { 255u, 0 } },
    { { 255u, 0 }, { 255u, 0 }, { 255u, 0 }, { 255u, 0 }, { 255u, 0 }, { 255u, 0 }, { 255u, 0 }, { 255u, 0 } },
    { { 255u, 0 }, { 255u, 0 }, { 255u, 0 }, { 255u, 0 }, { 255u, 0 }, { 255u, 0 }, { 255u, 0 }, { 255u, 0 } },
    { { 255u, 0 }, { 255u, 0 }, { 255u, 0 }, { 255u, 0 }, { 255u, 0 }, { 255u, 0 }, { 255u, 0 }, { 255u, 0 } },
    { { 255u, 0 }, { 255u, 0 }, { 255u, 0 }, { 255u, 0 }, { 255u, 0 }, { 255u, 0 }, { 255u, 0 }, { 255u, 0 } },
    { { 255u, 0 }, { 255u, 0 }, { 255u, 0 }, { 255u, 0 }, { 255u, 0 }, { 255u, 0 }, { 255u, 0 }, { 255u, 0 } },
    { { 255u, 0 }, { 255u, 0 }, { 255u, 0 }, { 255u, 0 }, { 255u, 0 }, { 255u, 0 }, { 255u, 0 }, { 255u, 0 } },
    { { 255u, 0 }, { 255u, 0 }, { 255u, 0 }, { 255u, 0 }, { 255u, 0 }, { 255u, 0 }, { 255u, 0 }, { 255u, 0 } },
    { { 255u, 0 }, { 255u, 0 }, { 255u, 0 }, { 255u, 0 }, { 255u, 0 }, { 255u, 0 }, { 255u, 0 }, { 255u, 0 } },
    { { 255u, 0 }, { 255u, 0 }, { 255u, 0 }, { 255u, 0 }, { 255u, 0 }, { 255u, 0 }, { 255u, 0 }, { 255u, 0 } },
    { { 255u, 0 }, { 255u, 0 }, { 255u, 0 }, { 255u, 0 }, { 255u, 0 }, { 255u, 0 }, { 255u, 0 }, { 255u, 0 } },
    { { 255u, 0 }, { 255u, 0 }, { 255u, 0 }, { 255u, 0 }, { 255u, 0 }, { 255u, 0 }, { 255u, 0 }, { 255u, 0 } },
    { { 255u, 0 }, { 255u, 0 }, { 255u, 0 }, { 255u, 0 }, { 255u, 0 }, { 255u, 0 }, { 255u, 0 }, { 255u, 0 } },
    { { 255u, 0 }, { 255u, 0 }, { 255u, 0 }, { 255u, 0 }, { 255u, 0 }, { 255u, 0 }, { 255u, 0 }, { 255u, 0 } },
    { { 255u, 0 }, { 255u, 0 }, { 255u, 0 }, { 255u, 0 }, { 255u, 0 }, { 255u, 0 }, { 255u, 0 }, { 255u, 0 } },
    { { 255u, 0 }, { 255u, 0 }, { 255u, 0 }, { 255u, 0 }, { 255u, 0 }, { 255u, 0 }, { 255u, 0 }, { 255u, 0 } },
    { { 255u, 0 }, { 255u, 0 }, { 255u, 0 }, { 255u, 0 }, { 255u, 0 }, { 255u, 0 }, { 255u, 0 }, { 255u, 0 } },
    { { 255u, 0 }, { 255u, 0 }, { 255u, 0 }, { 255u, 0 }, { 255u, 0 }, { 255u, 0 }, { 255u, 0 }, { 255u, 0 } },
    { { 255u, 0 }, { 255u, 0 }, { 255u, 0 }, { 255u, 0 }, { 255u, 0 }, { 255u, 0 }, { 255u, 0 }, { 255u, 0 } },
    { { 255u, 0 }, { 255u, 0 }, { 255u, 0 }, { 255u, 0 }, { 255u, 0 }, { 255u, 0 }, { 255u, 0 }, { 255u, 0 } },
    { { 1u, 1 }, { 255u, 0 }, { 3u, 1 }, { 255u, 0 }, { 255u, 0 }, { 255u, 0 }, { 255u, 0 }, { 255u, 0 } },
    { { 1u, 1 }, { 255u, 0 }, { 3u, 1 }, { 255u, 0 }, { 255u, 0 }, { 255u, 0 }, { 255u, 0 }, { 255u, 0 } },
    { { 1u, 1 }, { 255u, 0 }, { 3u, 1 }, { 255u, 0 }, { 255u, 0 }, { 255u, 0 }, { 255u, 0 }, { 255u, 0 } },
    { { 1u, 1 }, { 255u, 0 }, { 3u, 1 }, { 255u, 0 }, { 5u, 1 }, { 255u, 0 }, { 255u, 0 }, { 255u, 0 } },
    { { 255u, 0 }, { 255u, 0 }, { 255u, 0 }, { 255u, 0 }, { 255u, 0 }, { 255u, 0 }, { 255u, 0 }, { 255u, 0 } },
    { { 255u, 0 }, { 0u, -1 }, { 255u, 0 }, { 2u, -1 }, { 5u, 1 }, { 255u, 0 }, { 255u, 0 }, { 255u, 0 } },
    { { 1u, 1 }, { 255u, 0 }, { 3u, 1 }, { 255u, 0 }, { 255u, 0 }, { 255u, 0 }, { 255u, 0 }, { 255u, 0 } },
    { { 1u, 1 }, { 255u, 0 }, { 3u, 1 }, { 255u, 0 }, { 255u, 0 }, { 255u, 0 }, { 255u, 0 }, { 255u, 0 } },
    { { 1u, 1 }, { 255u, 0 }, { 3u, 1 }, { 255u, 0 }, { 255u, 0 }, { 255u, 0 }, { 255u, 0 }, { 255u, 0 } },
    { { 1u, 1 }, { 255u, 0 }, { 3u, 1 }, { 255u, 0 }, { 5u, 1 }, { 255u, 0 }, { 255u, 0 }, { 255u, 0 } },
    { { 255u, 0 }, { 255u, 0 }, { 255u, 0 }, { 255u, 0 }, { 255u, 0 }, { 255u, 0 }, { 255u, 0 }, { 255u, 0 } },
    { { 255u, 0 }, { 0u, -1 }, { 255u, 0 }, { 2u, -1 }, { 5u, 1 }, { 255u, 0 }, { 255u, 0 }, { 255u, 0 } },
    { { 255u, 0 }, { 255u, 0 }, { 255u, 0 }, { 255u, 0 }, { 255u, 0 }, { 255u, 0 }, { 255u, 0 }, { 255u, 0 } },
    { { 255u, 0 }, { 255u, 0 }, { 255u, 0 }, { 255u, 0 }, { 255u, 0 }, { 255u, 0 }, { 255u, 0 }, { 255u, 0 } },
    { { 255u, 0 }, { 255u, 0 }, { 255u, 0 }, { 255u, 0 }, { 255u, 0 }, { 255u, 0 }, { 255u, 0 }, { 255u, 0 } },
    { { 255u, 0 }, { 255u, 0 }, { 255u, 0 }, { 255u, 0 }, { 255u, 0 }, { 255u, 0 }, { 255u, 0 }, { 255u, 0 } },
    { { 255u, 0 }, { 255u, 0 }, { 255u, 0 }, { 255u, 0 }, { 255u, 0 }, { 255u, 0 }, { 255u, 0 }, { 255u, 0 } },
    { { 255u, 0 }, { 255u, 0 }, { 255u, 0 }, { 255u, 0 }, { 255u, 0 }, { 255u, 0 }, { 255u, 0 }, { 255u, 0 } },
    { { 255u, 0 }, { 255u, 0 }, { 255u, 0 }, { 255u, 0 }, { 255u, 0 }, { 255u, 0 }, { 255u, 0 }, { 255u, 0 } },
    { { 255u, 0 }, { 255u, 0 }, { 255u, 0 }, { 255u, 0 }, { 255u, 0 }, { 255u, 0 }, { 255u, 0 }, { 255u, 0 } },
    { { 255u, 0 }, { 255u, 0 }, { 255u, 0 }, { 255u, 0 }, { 255u, 0 }, { 255u, 0 }, { 255u, 0 }, { 255u, 0 } },
    { { 255u, 0 }, { 255u, 0 }, { 255u, 0 }, { 255u, 0 }, { 255u, 0 }, { 255u, 0 }, { 255u, 0 }, { 255u, 0 } },
    { { 255u, 0 }, { 255u, 0 }, { 255u, 0 }, { 255u, 0 }, { 255u, 0 }, { 255u, 0 }, { 255u, 0 }, { 255u, 0 } },
    { { 255u, 0 }, { 255u, 0 }, { 255u, 0 }, { 255u, 0 }, { 255u, 0 }, { 255u, 0 }, { 255u, 0 }, { 255u, 0 } },
    { { 255u, 0 }, { 255u, 0 }, { 255u, 0 }, { 255u, 0 }, { 255u, 0 }, { 255u, 0 }, { 255u, 0 }, { 255u, 0 } },
    { { 255u, 0 }, { 255u, 0 }, { 255u, 0 }, { 255u, 0 }, { 255u, 0 }, { 255u, 0 }, { 255u, 0 }, { 255u, 0 } },
    { { 255u, 0 }, { 255u, 0 }, { 255u, 0 }, { 255u, 0 }, { 255u, 0 }, { 255u, 0 }, { 255u, 0 }, { 255u, 0 } },
    { { 255u, 0 }, { 255u, 0 }, { 255u, 0 }, { 255u, 0 }, { 255u, 0 }, { 255u, 0 }, { 255u, 0 }, { 255u, 0 } },
    { { 255u, 0 }, { 255u, 0 }, { 255u, 0 }, { 255u, 0 }, { 255u, 0 }, { 255u, 0 }, { 255u, 0 }, { 255u, 0 } },
    { { 1u, 1 }, { 255u, 0 }, { 255u, 0 }, { 255u, 0 }, { 255u, 0 }, { 255u, 0 }, { 255u, 0 }, { 255u, 0 } },
    { { 1u, 1 }, { 255u, 0 }, { 255u, 0 }, { 255u, 0 }, { 255u, 0 }, { 255u, 0 }, { 255u, 0 }, { 255u, 0 } },
    { { 255u, 0 }, { 255u, 0 }, { 255u, 0 }, { 255u, 0 }, { 255u, 0 }, { 255u, 0 }, { 255u, 0 }, { 255u, 0 } },
    { { 255u, 0 }, { 255u, 0 }, { 255u, 0 }, { 255u, 0 }, { 255u, 0 }, { 255u, 0 }, { 255u, 0 }, { 255u, 0 } },
    { { 255u, 0 }, { 255u, 0 }, { 255u, 0 }, { 255u, 0 }, { 255u, 0 }, { 255u, 0 }, { 255u, 0 }, { 255u, 0 } },
    { { 1u, 1 }, { 255u, 0 }, { 3u, 1 }, { 255u, 0 }, { 255u, 0 }, { 255u, 0 }, { 255u, 0 }, { 255u, 0 } },
    { { 1u, 1 }, { 255u, 0 }, { 3u, 1 }, { 255u, 0 }, { 5u, 1 }, { 255u, 0 }, { 255u, 0 }, { 255u, 0 } },
    { { 255u, 0 }, { 255u, 0 }, { 255u, 0 }, { 255u, 0 }, { 255u, 0 }, { 255u, 0 }, { 255u, 0 }, { 255u, 0 } },
    { { 255u, 0 }, { 0u, -1 }, { 255u, 0 }, { 2u, -1 }, { 5u, 1 }, { 255u, 0 }, { 255u, 0 }, { 255u, 0 } },
    { { 255u, 0 }, { 255u, 0 }, { 255u, 0 }, { 255u, 0 }, { 255u, 0 }, { 255u, 0 }, { 255u, 0 }, { 255u, 0 } },
    { { 255u, 0 }, { 255u, 0 }, { 255u, 0 }, { 255u, 0 }, { 255u, 0 }, { 255u, 0 }, { 255u, 0 }, { 255u, 0 } },
    { { 255u, 0 }, { 255u, 0 }, { 255u, 0 }, { 255u, 0 }, { 255u, 0 }, { 255u, 0 }, { 255u, 0 }, { 255u, 0 } },
    { { 1u, 1 }, { 255u, 0 }, { 3u, 1 }, { 255u, 0 }, { 255u, 0 }, { 255u, 0 }, { 255u, 0 }, { 255u, 0 } },
    { { 1u, 1 }, { 255u, 0 }, { 3u, 1 }, { 255u, 0 }, { 5u, 1 }, { 255u, 0 }, { 255u, 0 }, { 255u, 0 } },
    { { 255u, 0 }, { 255u, 0 }, { 255u, 0 }, { 255u, 0 }, { 255u, 0 }, { 255u, 0 }, { 255u, 0 }, { 255u, 0 } },
    { { 255u, 0 }, { 0u, -1 }, { 255u, 0 }, { 2u, -1 }, { 5u, 1 }, { 255u, 0 }, { 255u, 0 }, { 255u, 0 } },
    { { 255u, 0 }, { 255u, 0 }, { 255u, 0 }, { 255u, 0 }, { 255u, 0 }, { 255u, 0 }, { 255u, 0 }, { 255u, 0 } },
    { { 255u, 0 }, { 255u, 0 }, { 255u, 0 }, { 255u, 0 }, { 255u, 0 }, { 255u, 0 }, { 255u, 0 }, { 255u, 0 } },
    { { 255u, 0 }, { 255u, 0 }, { 255u, 0 }, { 255u, 0 }, { 255u, 0 }, { 255u, 0 }, { 255u, 0 }, { 255u, 0 } },
    { { 255u, 0 }, { 255u, 0 }, { 255u, 0 }, { 255u, 0 }, { 255u, 0 }, { 255u, 0 }, { 255u, 0 }, { 255u, 0 } },
    { { 255u, 0 }, { 255u, 0 }, { 255u, 0 }, { 255u, 0 }, { 255u, 0 }, { 255u, 0 }, { 255u, 0 }, { 255u, 0 } },
    { { 255u, 0 }, { 255u, 0 }, { 255u, 0 }, { 255u, 0 }, { 255u, 0 }, { 255u, 0 }, { 255u, 0 }, { 255u, 0 } },
    { { 255u, 0 }, { 255u, 0 }, { 255u, 0 }, { 255u, 0 }, { 255u, 0 }, { 255u, 0 }, { 255u, 0 }, { 255u, 0 } },
    { { 255u, 0 }, { 255u, 0 }, { 255u, 0 }, { 255u, 0 }, { 255u, 0 }, { 255u, 0 }, { 255u, 0 }, { 255u, 0 } },
    { { 255u, 0 }, { 255u, 0 }, { 255u, 0 }, { 255u, 0 }, { 255u, 0 }, { 255u, 0 }, { 255u, 0 }, { 255u, 0 } },
    { { 255u, 0 }, { 255u, 0 }, { 255u, 0 }, { 255u, 0 }, { 255u, 0 }, { 255u, 0 }, { 255u, 0 }, { 255u, 0 } },
    { { 255u, 0 }, { 255u, 0 }, { 255u, 0 }, { 255u, 0 }, { 255u, 0 }, { 255u, 0 }, { 255u, 0 }, { 255u, 0 } },
    { { 255u, 0 }, { 255u, 0 }, { 255u, 0 }, { 255u, 0 }, { 255u, 0 }, { 255u, 0 }, { 255u, 0 }, { 255u, 0 } },
    { { 255u, 0 }, { 255u, 0 }, { 255u, 0 }, { 255u, 0 }, { 255u, 0 }, { 255u, 0 }, { 255u, 0 }, { 255u, 0 } },
    { { 255u, 0 }, { 255u, 0 }, { 255u, 0 }, { 255u, 0 }, { 255u, 0 }, { 255u, 0 }, { 255u, 0 }, { 255u, 0 } },
    { { 255u, 0 }, { 255u, 0 }, { 255u, 0 }, { 255u, 0 }, { 255u, 0 }, { 255u, 0 }, { 255u, 0 }, { 255u, 0 } },
    { { 255u, 0 }, { 255u, 0 }, { 255u, 0 }, { 255u, 0 }, { 255u, 0 }, { 255u, 0 }, { 255u, 0 }, { 255u, 0 } },
    { { 255u, 0 }, { 255u, 0 }, { 255u, 0 }, { 255u, 0 }, { 255u, 0 }, { 255u, 0 }, { 255u, 0 }, { 255u, 0 } },
    { { 255u, 0 }, { 255u, 0 }, { 255u, 0 }, { 255u, 0 }, { 255u, 0 }, { 255u, 0 }, { 255u, 0 }, { 255u, 0 } },
    { { 255u, 0 }, { 255u, 0 }, { 255u, 0 }, { 255u, 0 }, { 255u, 0 }, { 255u, 0 }, { 255u, 0 }, { 255u, 0 } },
    { { 255u, 0 }, { 255u, 0 }, { 255u, 0 }, { 255u, 0 }, { 255u, 0 }, { 255u, 0 }, { 255u, 0 }, { 255u, 0 } },
    { { 255u, 0 }, { 255u, 0 }, { 255u, 0 }, { 255u, 0 }, { 255u, 0 }, { 255u, 0 }, { 255u, 0 }, { 255u, 0 } },
    { { 255u, 0 }, { 255u, 0 }, { 255u, 0 }, { 255u, 0 }, { 255u, 0 }, { 255u, 0 }, { 255u, 0 }, { 255u, 0 } },
    { { 255u, 0 }, { 255u, 0 }, { 255u, 0 }, { 255u, 0 }, { 255u, 0 }, { 255u, 0 }, { 255u, 0 }, { 255u, 0 } },
    { { 255u, 0 }, { 255u, 0 }, { 255u, 0 }, { 255u, 0 }, { 255u, 0 }, { 255u, 0 }, { 255u, 0 }, { 255u, 0 } },
    { { 255u, 0 }, { 255u, 0 }, { 255u, 0 }, { 255u, 0 }, { 255u, 0 }, { 255u, 0 }, { 255u, 0 }, { 255u, 0 } },
    { { 255u, 0 }, { 255u, 0 }, { 255u, 0 }, { 255u, 0 }, { 255u, 0 }, { 255u, 0 }, { 255u, 0 }, { 255u, 0 } },
    { { 255u, 0 }, { 255u, 0 }, { 255u, 0 }, { 255u, 0 }, { 255u, 0 }, { 255u, 0 }, { 255u, 0 }, { 255u, 0 } },
    { { 255u, 0 }, { 255u, 0 }, { 255u, 0 }, { 255u, 0 }, { 255u, 0 }, { 255u, 0 }, { 255u, 0 }, { 255u, 0 } },
    { { 255u, 0 }, { 255u, 0 }, { 255u, 0 }, { 255u, 0 }, { 255u, 0 }, { 255u, 0 }, { 255u, 0 }, { 255u, 0 } },
    { { 255u, 0 }, { 255u, 0 }, { 255u, 0 }, { 255u, 0 }, { 255u, 0 }, { 255u, 0 }, { 255u, 0 }, { 255u, 0 } },
    { { 255u, 0 }, { 255u, 0 }, { 255u, 0 }, { 255u, 0 }, { 255u, 0 }, { 255u, 0 }, { 255u, 0 }, { 255u, 0 } },
    { { 255u, 0 }, { 255u, 0 }, { 255u, 0 }, { 255u, 0 }, { 255u, 0 }, { 255u, 0 }, { 255u, 0 }, { 255u, 0 } },
    { { 255u, 0 }, { 255u, 0 }, { 255u, 0 }, { 255u, 0 }, { 255u, 0 }, { 255u, 0 }, { 255u, 0 }, { 255u, 0 } },
    { { 255u, 0 }, { 255u, 0 }, { 255u, 0 }, { 255u, 0 }, { 255u, 0 }, { 255u, 0 }, { 255u, 0 }, { 255u, 0 } },
    { { 255u, 0 }, { 255u, 0 }, { 255u, 0 }, { 255u, 0 }, { 255u, 0 }, { 255u, 0 }, { 255u, 0 }, { 255u, 0 } },
    { { 255u, 0 }, { 255u, 0 }, { 255u, 0 }, { 255u, 0 }, { 255u, 0 }, { 255u, 0 }, { 255u, 0 }, { 255u, 0 } },
    { { 255u, 0 }, { 255u, 0 }, { 255u, 0 }, { 255u, 0 }, { 255u, 0 }, { 255u, 0 }, { 255u, 0 }, { 255u, 0 } },
    { { 255u, 0 }, { 255u, 0 }, { 255u, 0 }, { 255u, 0 }, { 255u, 0 }, { 255u, 0 }, { 255u, 0 }, { 255u, 0 } },
    { { 255u, 0 }, { 255u, 0 }, { 255u, 0 }, { 255u, 0 }, { 255u, 0 }, { 255u, 0 }, { 255u, 0 }, { 255u, 0 } },
    { { 255u, 0 }, { 255u, 0 }, { 255u, 0 }, { 255u, 0 }, { 255u, 0 }, { 255u, 0 }, { 255u, 0 }, { 255u, 0 } },
    { { 255u, 0 }, { 255u, 0 }, { 255u, 0 }, { 255u, 0 }, { 255u, 0 }, { 255u, 0 }, { 255u, 0 }, { 255u, 0 } },
    { { 255u, 0 }, { 255u, 0 }, { 255u, 0 }, { 255u, 0 }, { 255u, 0 }, { 255u, 0 }, { 255u, 0 }, { 255u, 0 } },
    { { 255u, 0 }, { 255u, 0 }, { 255u, 0 }, { 255u, 0 }, { 255u, 0 }, { 255u, 0 }, { 255u, 0 }, { 255u, 0 } },
    { { 255u, 0 }, { 255u, 0 }, { 255u, 0 }, { 255u, 0 }, { 255u, 0 }, { 255u, 0 }, { 255u, 0 }, { 255u, 0 } },
    { { 255u, 0 }, { 255u, 0 }, { 255u, 0 }, { 255u, 0 }, { 255u, 0 }, { 255u, 0 }, { 255u, 0 }, { 255u, 0 } },
    { { 255u, 0 }, { 255u, 0 }, { 255u, 0 }, { 255u, 0 }, { 255u, 0 }, { 255u, 0 }, { 255u, 0 }, { 255u, 0 } },
    { { 255u, 0 }, { 255u, 0 }, { 255u, 0 }, { 255u, 0 }, { 255u, 0 }, { 255u, 0 }, { 255u, 0 }, { 255u, 0 } },
    { { 1u, 1 }, { 255u, 0 }, { 255u, 0 }, { 255u, 0 }, { 255u, 0 }, { 255u, 0 }, { 255u, 0 }, { 255u, 0 } },
    { { 1u, 1 }, { 255u, 0 }, { 255u, 0 }, { 4u, 1 }, { 255u, 0 }, { 255u, 0 }, { 255u, 0 }, { 255u, 0 } },
    { { 1u, 1 }, { 255u, 0 }, { 3u, 1 }, { 255u, 0 }, { 3u, -1 }, { 255u, 0 }, { 255u, 0 }, { 255u, 0 } },
    { { 1u, 1 }, { 255u, 0 }, { 3u, 1 }, { 255u, 0 }, { 3u, -1 }, { 255u, 0 }, { 255u, 0 }, { 255u, 0 } },
    { { 255u, 0 }, { 255u, 0 }, { 255u, 0 }, { 255u, 0 }, { 255u, 0 }, { 255u, 0 }, { 255u, 0 }, { 255u, 0 } },
    { { 255u, 0 }, { 255u, 0 }, { 255u, 0 }, { 255u, 0 }, { 255u, 0 }, { 255u, 0 }, { 255u, 0 }, { 255u, 0 } },
    { { 1u, 1 }, { 255u, 0 }, { 255u, 0 }, { 255u, 0 }, { 255u, 0 }, { 255u, 0 }, { 255u, 0 }, { 255u, 0 } },
    { { 1u, 1 }, { 255u, 0 }, { 255u, 0 }, { 255u, 0 }, { 255u, 0 }, { 255u, 0 }, { 255u, 0 }, { 255u, 0 } },
    { { 1u, 1 }, { 255u, 0 }, { 255u, 0 }, { 255u, 0 }, { 255u, 0 }, { 255u, 0 }, { 255u, 0 }, { 255u, 0 } },
    { { 1u, 1 }, { 255u, 0 }, { 255u, 0 }, { 255u, 0 }, { 255u, 0 }, { 255u, 0 }, { 255u, 0 }, { 255u, 0 } },
    { { 1u, 1 }, { 255u, 0 }, { 3u, 1 }, { 255u, 0 }, { 3u, -1 }, { 255u, 0 }, { 255u, 0 }, { 255u, 0 } },
    { { 1u, 1 }, { 255u, 0 }, { 255u, 0 }, { 255u, 0 }, { 255u, 0 }, { 255u, 0 }, { 255u, 0 }, { 255u, 0 } },
    { { 1u, 1 }, { 255u, 0 }, { 255u, 0 }, { 255u, 0 }, { 255u, 0 }, { 255u, 0 }, { 255u, 0 }, { 255u, 0 } },
    { { 1u, 1 }, { 255u, 0 }, { 255u, 0 }, { 255u, 0 }, { 255u, 0 }, { 255u, 0 }, { 255u, 0 }, { 255u, 0 } },
    { { 1u, 1 }, { 255u, 0 }, { 255u, 0 }, { 255u, 0 }, { 255u, 0 }, { 255u, 0 }, { 255u, 0 }, { 255u, 0 } },
    { { 1u, 1 }, { 255u, 0 }, { 255u, 0 }, { 255u, 0 }, { 255u, 0 }, { 255u, 0 }, { 255u, 0 }, { 255u, 0 } },
    { { 255u, 0 }, { 2u, 1 }, { 255u, 0 }, { 4u, 1 }, { 255u, 0 }, { 6u, 1 }, { 255u, 0 }, { 255u, 0 } },
    { { 255u, 0 }, { 2u, 1 }, { 255u, 0 }, { 4u, 1 }, { 255u, 0 }, { 6u, 1 }, { 255u, 0 }, { 255u, 0 } },
    { { 255u, 0 }, { 2u, 1 }, { 255u, 0 }, { 4u, 1 }, { 255u, 0 }, { 255u, 0 }, { 255u, 0 }, { 255u, 0 } },
    { { 255u, 0 }, { 2u, 1 }, { 255u, 0 }, { 4u, 1 }, { 255u, 0 }, { 6u, 1 }, { 255u, 0 }, { 255u, 0 } },
    { { 255u, 0 }, { 2u, 1 }, { 255u, 0 }, { 4u, 1 }, { 255u, 0 }, { 6u, 1 }, { 255u, 0 }, { 255u, 0 } },
    { { 255u, 0 }, { 2u, 1 }, { 255u, 0 }, { 4u, 1 }, { 255u, 0 }, { 6u, 1 }, { 255u, 0 }, { 255u, 0 } },
    { { 255u, 0 }, { 2u, 1 }, { 255u, 0 }, { 4u, 1 }, { 255u, 0 }, { 6u, 1 }, { 255u, 0 }, { 255u, 0 } },
    { { 255u, 0 }, { 2u, 1 }, { 255u, 0 }, { 4u, 1 }, { 255u, 0 }, { 6u, 1 }, { 255u, 0 }, { 255u, 0 } },
    { { 255u, 0 }, { 255u, 0 }, { 255u, 0 }, { 255u, 0 }, { 255u, 0 }, { 255u, 0 }, { 255u, 0 }, { 255u, 0 } },
    { { 255u, 0 }, { 255u, 0 }, { 255u, 0 }, { 255u, 0 }, { 255u, 0 }, { 255u, 0 }, { 255u, 0 }, { 255u, 0 } },
    { { 255u, 0 }, { 255u, 0 }, { 255u, 0 }, { 255u, 0 }, { 255u, 0 }, { 255u, 0 }, { 255u, 0 }, { 255u, 0 } },
    { { 255u, 0 }, { 255u, 0 }, { 255u, 0 }, { 255u, 0 }, { 255u, 0 }, { 255u, 0 }, { 255u, 0 }, { 255u, 0 } },
    { { 255u, 0 }, { 255u, 0 }, { 255u, 0 }, { 255u, 0 }, { 255u, 0 }, { 255u, 0 }, { 255u, 0 }, { 255u, 0 } },
    { { 255u, 0 }, { 255u, 0 }, { 255u, 0 }, { 255u, 0 }, { 255u, 0 }, { 255u, 0 }, { 255u, 0 }, { 255u, 0 } },
    { { 255u, 0 }, { 255u, 0 }, { 255u, 0 }, { 255u, 0 }, { 255u, 0 }, { 255u, 0 }, { 255u, 0 }, { 255u, 0 } },
    { { 255u, 0 }, { 255u, 0 }, { 255u, 0 }, { 255u, 0 }, { 255u, 0 }, { 255u, 0 }, { 255u, 0 }, { 255u, 0 } },
    { { 255u, 0 }, { 255u, 0 }, { 255u, 0 }, { 255u, 0 }, { 255u, 0 }, { 255u, 0 }, { 255u, 0 }, { 255u, 0 } },
    { { 255u, 0 }, { 255u, 0 }, { 255u, 0 }, { 255u, 0 }, { 255u, 0 }, { 255u, 0 }, { 255u, 0 }, { 255u, 0 } },
    { { 255u, 0 }, { 255u, 0 }, { 255u, 0 }, { 255u, 0 }, { 255u, 0 }, { 255u, 0 }, { 255u, 0 }, { 255u, 0 } },
    { { 255u, 0 }, { 255u, 0 }, { 255u, 0 }, { 255u, 0 }, { 255u, 0 }, { 255u, 0 }, { 255u, 0 }, { 255u, 0 } },
    { { 1u, 1 }, { 255u, 0 }, { 3u, 1 }, { 255u, 0 }, { 255u, 0 }, { 255u, 0 }, { 255u, 0 }, { 255u, 0 } },
    { { 255u, 0 }, { 0u, -1 }, { 255u, 0 }, { 2u, -1 }, { 255u, 0 }, { 255u, 0 }, { 255u, 0 }, { 255u, 0 } },
    { { 1u, 1 }, { 255u, 0 }, { 3u, 1 }, { 255u, 0 }, { 255u, 0 }, { 255u, 0 }, { 255u, 0 }, { 255u, 0 } },
    { { 255u, 0 }, { 2u, 1 }, { 255u, 0 }, { 4u, 1 }, { 255u, 0 }, { 255u, 0 }, { 255u, 0 }, { 255u, 0 } },
    { { 1u, 1 }, { 255u, 0 }, { 3u, 1 }, { 255u, 0 }, { 255u, 0 }, { 255u, 0 }, { 255u, 0 }, { 255u, 0 } },
    { { 255u, 0 }, { 255u, 0 }, { 255u, 0 }, { 255u, 0 }, { 255u, 0 }, { 255u, 0 }, { 255u, 0 }, { 255u, 0 } },
    { { 255u, 0 }, { 2u, 1 }, { 255u, 0 }, { 4u, 1 }, { 255u, 0 }, { 255u, 0 }, { 255u, 0 }, { 255u, 0 } },
    { { 1u, 1 }, { 255u, 0 }, { 3u, 1 }, { 255u, 0 }, { 255u, 0 }, { 255u, 0 }, { 255u, 0 }, { 255u, 0 } },
    { { 255u, 0 }, { 255u, 0 }, { 255u, 0 }, { 255u, 0 }, { 255u, 0 }, { 255u, 0 }, { 255u, 0 }, { 255u, 0 } },
    { { 255u, 0 }, { 2u, 1 }, { 255u, 0 }, { 4u, 1 }, { 255u, 0 }, { 6u, 1 }, { 255u, 0 }, { 255u, 0 } },
    { { 255u, 0 }, { 2u, 1 }, { 255u, 0 }, { 4u, 1 }, { 255u, 0 }, { 4u, -1 }, { 255u, 0 }, { 255u, 0 } },
    { { 255u, 0 }, { 2u, 1 }, { 255u, 0 }, { 4u, 1 }, { 255u, 0 }, { 6u, 1 }, { 255u, 0 }, { 255u, 0 } },
    { { 255u, 0 }, { 2u, 1 }, { 255u, 0 }, { 4u, 1 }, { 255u, 0 }, { 4u, -1 }, { 255u, 0 }, { 255u, 0 } },
    { { 255u, 0 }, { 2u, 1 }, { 255u, 0 }, { 255u, 0 }, { 255u, 0 }, { 255u, 0 }, { 255u, 0 }, { 255u, 0 } },
    { { 255u, 0 }, { 2u, 1 }, { 255u, 0 }, { 255u, 0 }, { 255u, 0 }, { 255u, 0 }, { 255u, 0 }, { 255u, 0 } },
    { { 255u, 0 }, { 2u, 1 }, { 255u, 0 }, { 4u, 1 }, { 255u, 0 }, { 6u, 1 }, { 255u, 0 }, { 255u, 0 } },
    { { 255u, 0 }, { 2u, 1 }, { 255u, 0 }, { 4u, 1 }, { 255u, 0 }, { 4u, -1 }, { 255u, 0 }, { 255u, 0 } },
    { { 255u, 0 }, { 2u, 1 }, { 255u, 0 }, { 4u, 1 }, { 255u, 0 }, { 6u, 1 }, { 255u, 0 }, { 255u, 0 } },
    { { 255u, 0 }, { 2u, 1 }, { 255u, 0 }, { 4u, 1 }, { 255u, 0 }, { 4u, -1 }, { 255u, 0 }, { 255u, 0 } },
    { { 255u, 0 }, { 0u, -1 }, { 255u, 0 }, { 2u, -1 }, { 255u, 0 }, { 255u, 0 }, { 255u, 0 }, { 255u, 0 } },
    { { 255u, 0 }, { 2u, 1 }, { 255u, 0 }, { 4u, 1 }, { 255u, 0 }, { 6u, 1 }, { 255u, 0 }, { 255u, 0 } },
    { { 255u, 0 }, { 2u, 1 }, { 255u, 0 }, { 4u, 1 }, { 255u, 0 }, { 4u, -1 }, { 255u, 0 }, { 255u, 0 } },
    { { 255u, 0 }, { 0u, -1 }, { 255u, 0 }, { 2u, -1 }, { 255u, 0 }, { 255u, 0 }, { 255u, 0 }, { 255u, 0 } },
    { { 1u, 1 }, { 255u, 0 }, { 3u, 1 }, { 255u, 0 }, { 3u, -1 }, { 255u, 0 }, { 255u, 0 }, { 255u, 0 } },
    { { 255u, 0 }, { 0u, -1 }, { 255u, 0 }, { 2u, -1 }, { 255u, 0 }, { 255u, 0 }, { 255u, 0 }, { 255u, 0 } },
    { { 255u, 0 }, { 2u, 1 }, { 255u, 0 }, { 4u, 1 }, { 255u, 0 }, { 6u, 1 }, { 255u, 0 }, { 255u, 0 } },
    { { 255u, 0 }, { 2u, 1 }, { 255u, 0 }, { 4u, 1 }, { 255u, 0 }, { 4u, -1 }, { 255u, 0 }, { 255u, 0 } },
    { { 255u, 0 }, { 0u, -1 }, { 255u, 0 }, { 2u, -1 }, { 255u, 0 }, { 255u, 0 }, { 255u, 0 }, { 255u, 0 } },
    { { 1u, 1 }, { 255u, 0 }, { 3u, 1 }, { 255u, 0 }, { 3u, -1 }, { 255u, 0 }, { 255u, 0 }, { 255u, 0 } },
    { { 255u, 0 }, { 0u, -1 }, { 255u, 0 }, { 2u, -1 }, { 255u, 0 }, { 255u, 0 }, { 255u, 0 }, { 255u, 0 } },
    { { 1u, 1 }, { 255u, 0 }, { 3u, 1 }, { 255u, 0 }, { 3u, -1 }, { 255u, 0 }, { 255u, 0 }, { 255u, 0 } },
    { { 255u, 0 }, { 0u, -1 }, { 255u, 0 }, { 2u, -1 }, { 255u, 0 }, { 255u, 0 }, { 255u, 0 }, { 255u, 0 } },
    { { 1u, 1 }, { 255u, 0 }, { 3u, 1 }, { 255u, 0 }, { 3u, -1 }, { 255u, 0 }, { 255u, 0 }, { 255u, 0 } },
    { { 255u, 0 }, { 0u, -1 }, { 255u, 0 }, { 2u, -1 }, { 255u, 0 }, { 255u, 0 }, { 255u, 0 }, { 255u, 0 } },
    { { 255u, 0 }, { 2u, 1 }, { 255u, 0 }, { 4u, 1 }, { 255u, 0 }, { 255u, 0 }, { 255u, 0 }, { 255u, 0 } },
    { { 255u, 0 }, { 0u, -1 }, { 255u, 0 }, { 2u, -1 }, { 255u, 0 }, { 255u, 0 }, { 255u, 0 }, { 255u, 0 } },
    { { 255u, 0 }, { 2u, 1 }, { 255u, 0 }, { 4u, 1 }, { 255u, 0 }, { 255u, 0 }, { 255u, 0 }, { 255u, 0 } },
    { { 255u, 0 }, { 0u, -1 }, { 255u, 0 }, { 2u, -1 }, { 255u, 0 }, { 255u, 0 }, { 255u, 0 }, { 255u, 0 } },
    { { 1u, 1 }, { 255u, 0 }, { 3u, 1 }, { 255u, 0 }, { 255u, 0 }, { 255u, 0 }, { 255u, 0 }, { 255u, 0 } },
    { { 255u, 0 }, { 0u, -1 }, { 255u, 0 }, { 2u, -1 }, { 255u, 0 }, { 255u, 0 }, { 255u, 0 }, { 255u, 0 } },
    { { 1u, 1 }, { 255u, 0 }, { 3u, 1 }, { 255u, 0 }, { 255u, 0 }, { 255u, 0 }, { 255u, 0 }, { 255u, 0 } },
    { { 255u, 0 }, { 0u, -1 }, { 255u, 0 }, { 2u, -1 }, { 255u, 0 }, { 255u, 0 }, { 255u, 0 }, { 255u, 0 } },
    { { 255u, 0 }, { 2u, 1 }, { 255u, 0 }, { 4u, 1 }, { 255u, 0 }, { 255u, 0 }, { 255u, 0 }, { 255u, 0 } },
    { { 255u, 0 }, { 0u, -1 }, { 255u, 0 }, { 2u, -1 }, { 255u, 0 }, { 255u, 0 }, { 255u, 0 }, { 255u, 0 } },
    { { 255u, 0 }, { 2u, 1 }, { 255u, 0 }, { 4u, 1 }, { 255u, 0 }, { 255u, 0 }, { 255u, 0 }, { 255u, 0 } },
    { { 255u, 0 }, { 0u, -1 }, { 255u, 0 }, { 2u, -1 }, { 255u, 0 }, { 255u, 0 }, { 255u, 0 }, { 255u, 0 } },
    { { 255u, 0 }, { 2u, 1 }, { 255u, 0 }, { 4u, 1 }, { 255u, 0 }, { 255u, 0 }, { 255u, 0 }, { 255u, 0 } },
    { { 255u, 0 }, { 2u, 1 }, { 255u, 0 }, { 4u, 1 }, { 255u, 0 }, { 255u, 0 }, { 255u, 0 }, { 255u, 0 } },
    { { 1u, 1 }, { 255u, 0 }, { 3u, 1 }, { 255u, 0 }, { 255u, 0 }, { 255u, 0 }, { 255u, 0 }, { 255u, 0 } },
    { { 255u, 0 }, { 255u, 0 }, { 255u, 0 }, { 255u, 0 }, { 255u, 0 }, { 255u, 0 }, { 255u, 0 }, { 255u, 0 } },
    { { 1u, 1 }, { 255u, 0 }, { 3u, 1 }, { 255u, 0 }, { 255u, 0 }, { 255u, 0 }, { 255u, 0 }, { 255u, 0 } },
    { { 255u, 0 }, { 255u, 0 }, { 255u, 0 }, { 255u, 0 }, { 255u, 0 }, { 255u, 0 }, { 255u, 0 }, { 255u, 0 } },
    { { 1u, 1 }, { 255u, 0 }, { 3u, 1 }, { 255u, 0 }, { 255u, 0 }, { 255u, 0 }, { 255u, 0 }, { 255u, 0 } },
    { { 255u, 0 }, { 255u, 0 }, { 255u, 0 }, { 255u, 0 }, { 255u, 0 }, { 255u, 0 }, { 255u, 0 }, { 255u, 0 } },
    { { 255u, 0 }, { 2u, 1 }, { 255u, 0 }, { 4u, 1 }, { 255u, 0 }, { 255u, 0 }, { 255u, 0 }, { 255u, 0 } },
    { { 1u, 1 }, { 255u, 0 }, { 3u, 1 }, { 255u, 0 }, { 255u, 0 }, { 255u, 0 }, { 255u, 0 }, { 255u, 0 } },
    { { 255u, 0 }, { 255u, 0 }, { 255u, 0 }, { 255u, 0 }, { 255u, 0 }, { 255u, 0 }, { 255u, 0 }, { 255u, 0 } },
    { { 1u, 1 }, { 255u, 0 }, { 3u, 1 }, { 255u, 0 }, { 255u, 0 }, { 255u, 0 }, { 255u, 0 }, { 255u, 0 } },
    { { 255u, 0 }, { 255u, 0 }, { 255u, 0 }, { 255u, 0 }, { 255u, 0 }, { 255u, 0 }, { 255u, 0 }, { 255u, 0 } },
    { { 255u, 0 }, { 2u, 1 }, { 255u, 0 }, { 4u, 1 }, { 255u, 0 }, { 6u, 1 }, { 255u, 0 }, { 255u, 0 } },
    { { 255u, 0 }, { 2u, 1 }, { 255u, 0 }, { 4u, 1 }, { 255u, 0 }, { 6u, 1 }, { 255u, 0 }, { 255u, 0 } },
    { { 255u, 0 }, { 2u, 1 }, { 255u, 0 }, { 4u, 1 }, { 255u, 0 }, { 6u, 1 }, { 255u, 0 }, { 255u, 0 } },
    { { 255u, 0 }, { 2u, 1 }, { 255u, 0 }, { 4u, 1 }, { 255u, 0 }, { 6u, 1 }, { 255u, 0 }, { 255u, 0 } },
    { { 255u, 0 }, { 2u, 1 }, { 255u, 0 }, { 4u, 1 }, { 255u, 0 }, { 6u, 1 }, { 255u, 0 }, { 255u, 0 } },
    { { 255u, 0 }, { 2u, 1 }, { 255u, 0 }, { 4u, 1 }, { 255u, 0 }, { 6u, 1 }, { 255u, 0 }, { 255u, 0 } },
    { { 255u, 0 }, { 2u, 1 }, { 255u, 0 }, { 4u, 1 }, { 255u, 0 }, { 6u, 1 }, { 255u, 0 }, { 255u, 0 } },
    { { 255u, 0 }, { 255u, 0 }, { 255u, 0 }, { 255u, 0 }, { 255u, 0 }, { 255u, 0 }, { 255u, 0 }, { 255u, 0 } },
    { { 255u, 0 }, { 255u, 0 }, { 255u, 0 }, { 255u, 0 }, { 255u, 0 }, { 255u, 0 }, { 255u, 0 }, { 255u, 0 } },
    { { 255u, 0 }, { 255u, 0 }, { 255u, 0 }, { 255u, 0 }, { 255u, 0 }, { 255u, 0 }, { 255u, 0 }, { 255u, 0 } },
    { { 255u, 0 }, { 255u, 0 }, { 255u, 0 }, { 255u, 0 }, { 255u, 0 }, { 255u, 0 }, { 255u, 0 }, { 255u, 0 } },
    { { 255u, 0 }, { 255u, 0 }, { 255u, 0 }, { 255u, 0 }, { 255u, 0 }, { 255u, 0 }, { 255u, 0 }, { 255u, 0 } },
    { { 255u, 0 }, { 255u, 0 }, { 255u, 0 }, { 255u, 0 }, { 255u, 0 }, { 255u, 0 }, { 255u, 0 }, { 255u, 0 } },
    { { 255u, 0 }, { 255u, 0 }, { 255u, 0 }, { 255u, 0 }, { 255u, 0 }, { 255u, 0 }, { 255u, 0 }, { 255u, 0 } },
    { { 255u, 0 }, { 255u, 0 }, { 255u, 0 }, { 255u, 0 }, { 255u, 0 }, { 255u, 0 }, { 255u, 0 }, { 255u, 0 } },
    { { 255u, 0 }, { 255u, 0 }, { 255u, 0 }, { 255u, 0 }, { 255u, 0 }, { 255u, 0 }, { 255u, 0 }, { 255u, 0 } },
    { { 255u, 0 }, { 255u, 0 }, { 255u, 0 }, { 255u, 0 }, { 255u, 0 }, { 255u, 0 }, { 255u, 0 }, { 255u, 0 } },
    { { 255u, 0 }, { 255u, 0 }, { 255u, 0 }, { 255u, 0 }, { 255u, 0 }, { 255u, 0 }, { 255u, 0 }, { 255u, 0 } },
    { { 255u, 0 }, { 255u, 0 }, { 255u, 0 }, { 255u, 0 }, { 255u, 0 }, { 255u, 0 }, { 255u, 0 }, { 255u, 0 } },
    { { 1u, 1 }, { 255u, 0 }, { 3u, 1 }, { 255u, 0 }, { 255u, 0 }, { 255u, 0 }, { 255u, 0 }, { 255u, 0 } },
    { { 255u, 0 }, { 0u, -1 }, { 255u, 0 }, { 2u, -1 }, { 255u, 0 }, { 255u, 0 }, { 255u, 0 }, { 255u, 0 } },
    { { 1u, 1 }, { 255u, 0 }, { 3u, 1 }, { 255u, 0 }, { 255u, 0 }, { 255u, 0 }, { 255u, 0 }, { 255u, 0 } },
    { { 255u, 0 }, { 2u, 1 }, { 255u, 0 }, { 4u, 1 }, { 255u, 0 }, { 6u, 1 }, { 255u, 0 }, { 255u, 0 } },
    { { 255u, 0 }, { 2u, 1 }, { 255u, 0 }, { 4u, 1 }, { 255u, 0 }, { 4u, -1 }, { 255u, 0 }, { 255u, 0 } },
    { { 255u, 0 }, { 2u, 1 }, { 255u, 0 }, { 4u, 1 }, { 255u, 0 }, { 6u, 1 }, { 255u, 0 }, { 255u, 0 } },
    { { 255u, 0 }, { 2u, 1 }, { 255u, 0 }, { 4u, 1 }, { 255u, 0 }, { 4u, -1 }, { 255u, 0 }, { 255u, 0 } },
    { { 255u, 0 }, { 2u, 1 }, { 255u, 0 }, { 255u, 0 }, { 255u, 0 }, { 255u, 0 }, { 255u, 0 }, { 255u, 0 } },
    { { 255u, 0 }, { 255u, 0 }, { 255u, 0 }, { 255u, 0 }, { 255u, 0 }, { 255u, 0 }, { 255u, 0 }, { 255u, 0 } },
    { { 255u, 0 }, { 2u, 1 }, { 255u, 0 }, { 4u, 1 }, { 255u, 0 }, { 6u, 1 }, { 255u, 0 }, { 255u, 0 } },
    { { 255u, 0 }, { 2u, 1 }, { 255u, 0 }, { 4u, 1 }, { 255u, 0 }, { 4u, -1 }, { 255u, 0 }, { 255u, 0 } },
    { { 255u, 0 }, { 2u, 1 }, { 255u, 0 }, { 4u, 1 }, { 255u, 0 }, { 255u, 0 }, { 255u, 0 }, { 255u, 0 } },
    { { 255u, 0 }, { 0u, -1 }, { 255u, 0 }, { 2u, -1 }, { 255u, 0 }, { 255u, 0 }, { 255u, 0 }, { 255u, 0 } },
    { { 1u, 1 }, { 255u, 0 }, { 3u, 1 }, { 255u, 0 }, { 255u, 0 }, { 255u, 0 }, { 255u, 0 }, { 255u, 0 } },
    { { 255u, 0 }, { 0u, -1 }, { 255u, 0 }, { 2u, -1 }, { 255u, 0 }, { 255u, 0 }, { 255u, 0 }, { 255u, 0 } },
    { { 255u, 0 }, { 2u, 1 }, { 255u, 0 }, { 4u, 1 }, { 255u, 0 }, { 255u, 0 }, { 255u, 0 }, { 255u, 0 } },
    { { 255u, 0 }, { 0u, -1 }, { 255u, 0 }, { 2u, -1 }, { 255u, 0 }, { 255u, 0 }, { 255u, 0 }, { 255u, 0 } },
    { { 255u, 0 }, { 2u, 1 }, { 255u, 0 }, { 4u, 1 }, { 255u, 0 }, { 255u, 0 }, { 255u, 0 }, { 255u, 0 } },
    { { 1u, 1 }, { 255u, 0 }, { 3u, 1 }, { 255u, 0 }, { 255u, 0 }, { 255u, 0 }, { 255u, 0 }, { 255u, 0 } },
    { { 255u, 0 }, { 255u, 0 }, { 255u, 0 }, { 255u, 0 }, { 255u, 0 }, { 255u, 0 }, { 255u, 0 }, { 255u, 0 } },
    { { 1u, 1 }, { 255u, 0 }, { 3u, 1 }, { 255u, 0 }, { 255u, 0 }, { 255u, 0 }, { 255u, 0 }, { 255u, 0 } },
    { { 255u, 0 }, { 255u, 0 }, { 255u, 0 }, { 255u, 0 }, { 255u, 0 }, { 255u, 0 }, { 255u, 0 }, { 255u, 0 } },
    { { 255u, 0 }, { 2u, 1 }, { 255u, 0 }, { 4u, 1 }, { 255u, 0 }, { 255u, 0 }, { 255u, 0 }, { 255u, 0 } },
    { { 1u, 1 }, { 255u, 0 }, { 3u, 1 }, { 255u, 0 }, { 255u, 0 }, { 255u, 0 }, { 255u, 0 }, { 255u, 0 } },
    { { 255u, 0 }, { 255u, 0 }, { 255u, 0 }, { 255u, 0 }, { 255u, 0 }, { 255u, 0 }, { 255u, 0 }, { 255u, 0 } },
    { { 1u, 1 }, { 255u, 0 }, { 3u, 1 }, { 255u, 0 }, { 255u, 0 }, { 255u, 0 }, { 255u, 0 }, { 255u, 0 } },
    { { 255u, 0 }, { 255u, 0 }, { 255u, 0 }, { 255u, 0 }, { 255u, 0 }, { 255u, 0 }, { 255u, 0 }, { 255u, 0 } },
    { { 255u, 0 }, { 2u, 1 }, { 255u, 0 }, { 4u, 1 }, { 255u, 0 }, { 6u, 1 }, { 255u, 0 }, { 255u, 0 } },
    { { 255u, 0 }, { 2u, 1 }, { 255u, 0 }, { 4u, 1 }, { 255u, 0 }, { 6u, 1 }, { 255u, 0 }, { 255u, 0 } },
    { { 255u, 0 }, { 255u, 0 }, { 255u, 0 }, { 255u, 0 }, { 255u, 0 }, { 255u, 0 }, { 255u, 0 }, { 255u, 0 } },
    { { 255u, 0 }, { 2u, 1 }, { 255u, 0 }, { 4u, 1 }, { 255u, 0 }, { 255u, 0 }, { 255u, 0 }, { 255u, 0 } },
};

#endif
