/* Generated by generate_aarch64_alias_projection.py; do not edit. */
#ifndef BUSTER_AARCH64_ALIAS_PROJECTION_GENERATED_H
#define BUSTER_AARCH64_ALIAS_PROJECTION_GENERATED_H

#include <buster/lib/base.h>

#define BUSTER_A64_ALIAS_PROJECTION_SCHEMA_VERSION 1u
#define BUSTER_A64_ALIAS_PROJECTION_FORM_COUNT 1695u
#define BUSTER_A64_ALIAS_PROJECTION_CANONICAL_COUNT 1523u
#define BUSTER_A64_ALIAS_PROJECTION_ALIAS_COUNT 172u
#define BUSTER_A64_ALIAS_PROJECTION_MAX_OPERANDS 8u
#define BUSTER_A64_ALIAS_PROJECTION_MAX_FIELDS 16u
#define BUSTER_A64_ALIAS_PROJECTION_MAX_CONDITION_TOKENS 64u
#define BUSTER_A64_ALIAS_PROJECTION_CANONICAL_SHA256 "8485c5c61835d5394d325757ab2964890e8bdfea304c6faa8fd4c23e4c7aabec"
#define BUSTER_A64_ALIAS_PROJECTION_DENOMINATOR_SHA256 "fa030a65c5be661813f50a92f3027e152ab9c1b55701f851c6142390df5c25a8"
#define BUSTER_A64_ALIAS_PROJECTION_STRING_POOL_SIZE 11386u

typedef struct BusterA64AliasGeneratedRow BusterA64AliasGeneratedRow;
struct BusterA64AliasGeneratedRow
{
    u32 alias_ordinal;
    u32 alias_form_index;
    u32 target_form_index;
    u32 alias_id_offset;
    u32 target_id_offset;
    u64 alias_source_digest;
    u64 target_source_digest;
    u32 fixed_mask;
    u32 fixed_value;
    u16 alias_id_length;
    u16 target_id_length;
    s32 preference_rank;
    u8 target_owner;
    u8 operand_count;
    u8 field_count;
    u8 condition_count;
    u8 preference_condition_count;
};
BUSTER_CT_CHECK(sizeof(BusterA64AliasGeneratedRow) == 64);

static const char8 buster_a64_alias_projection_string_pool[] = {
0x61, 0x72, 0x6d, 0x2d, 0x61, 0x36, 0x34, 0x40, 0x32, 0x30, 0x32, 0x36, 0x2d, 0x30, 0x36, 0x3a, 0x41, 0x53, 0x52, 0x5f, 0x41, 0x53, 0x52, 0x56, 0x5f, 0x33, 0x32, 0x5f, 0x64, 0x70, 0x5f, 0x32,
0x73, 0x72, 0x63, 0x00, 0x61, 0x72, 0x6d, 0x2d, 0x61, 0x36, 0x34, 0x40, 0x32, 0x30, 0x32, 0x36, 0x2d, 0x30, 0x36, 0x3a, 0x41, 0x53, 0x52, 0x56, 0x5f, 0x33, 0x32, 0x5f, 0x64, 0x70, 0x5f, 0x32,
0x73, 0x72, 0x63, 0x00, 0x61, 0x72, 0x6d, 0x2d, 0x61, 0x36, 0x34, 0x40, 0x32, 0x30, 0x32, 0x36, 0x2d, 0x30, 0x36, 0x3a, 0x41, 0x53, 0x52, 0x5f, 0x41, 0x53, 0x52, 0x56, 0x5f, 0x36, 0x34, 0x5f,
0x64, 0x70, 0x5f, 0x32, 0x73, 0x72, 0x63, 0x00, 0x61, 0x72, 0x6d, 0x2d, 0x61, 0x36, 0x34, 0x40, 0x32, 0x30, 0x32, 0x36, 0x2d, 0x30, 0x36, 0x3a, 0x41, 0x53, 0x52, 0x56, 0x5f, 0x36, 0x34, 0x5f,
0x64, 0x70, 0x5f, 0x32, 0x73, 0x72, 0x63, 0x00, 0x61, 0x72, 0x6d, 0x2d, 0x61, 0x36, 0x34, 0x40, 0x32, 0x30, 0x32, 0x36, 0x2d, 0x30, 0x36, 0x3a, 0x41, 0x53, 0x52, 0x5f, 0x53, 0x42, 0x46, 0x4d,
0x5f, 0x33, 0x32, 0x4d, 0x5f, 0x62, 0x69, 0x74, 0x66, 0x69, 0x65, 0x6c, 0x64, 0x00, 0x61, 0x72, 0x6d, 0x2d, 0x61, 0x36, 0x34, 0x40, 0x32, 0x30, 0x32, 0x36, 0x2d, 0x30, 0x36, 0x3a, 0x53, 0x42,
0x46, 0x4d, 0x5f, 0x33, 0x32, 0x4d, 0x5f, 0x62, 0x69, 0x74, 0x66, 0x69, 0x65, 0x6c, 0x64, 0x00, 0x61, 0x72, 0x6d, 0x2d, 0x61, 0x36, 0x34, 0x40, 0x32, 0x30, 0x32, 0x36, 0x2d, 0x30, 0x36, 0x3a,
0x41, 0x53, 0x52, 0x5f, 0x53, 0x42, 0x46, 0x4d, 0x5f, 0x36, 0x34, 0x4d, 0x5f, 0x62, 0x69, 0x74, 0x66, 0x69, 0x65, 0x6c, 0x64, 0x00, 0x61, 0x72, 0x6d, 0x2d, 0x61, 0x36, 0x34, 0x40, 0x32, 0x30,
0x32, 0x36, 0x2d, 0x30, 0x36, 0x3a, 0x53, 0x42, 0x46, 0x4d, 0x5f, 0x36, 0x34, 0x4d, 0x5f, 0x62, 0x69, 0x74, 0x66, 0x69, 0x65, 0x6c, 0x64, 0x00, 0x61, 0x72, 0x6d, 0x2d, 0x61, 0x36, 0x34, 0x40,
0x32, 0x30, 0x32, 0x36, 0x2d, 0x30, 0x36, 0x3a, 0x41, 0x54, 0x5f, 0x53, 0x59, 0x53, 0x5f, 0x43, 0x52, 0x5f, 0x73, 0x79, 0x73, 0x74, 0x65, 0x6d, 0x69, 0x6e, 0x73, 0x74, 0x72, 0x73, 0x00, 0x61,
0x72, 0x6d, 0x2d, 0x61, 0x36, 0x34, 0x40, 0x32, 0x30, 0x32, 0x36, 0x2d, 0x30, 0x36, 0x3a, 0x53, 0x59, 0x53, 0x5f, 0x43, 0x52, 0x5f, 0x73, 0x79, 0x73, 0x74, 0x65, 0x6d, 0x69, 0x6e, 0x73, 0x74,
0x72, 0x73, 0x00, 0x61, 0x72, 0x6d, 0x2d, 0x61, 0x36, 0x34, 0x40, 0x32, 0x30, 0x32, 0x36, 0x2d, 0x30, 0x36, 0x3a, 0x42, 0x46, 0x49, 0x5f, 0x42, 0x46, 0x4d, 0x5f, 0x33, 0x32, 0x4d, 0x5f, 0x62,
0x69, 0x74, 0x66, 0x69, 0x65, 0x6c, 0x64, 0x00, 0x61, 0x72, 0x6d, 0x2d, 0x61, 0x36, 0x34, 0x40, 0x32, 0x30, 0x32, 0x36, 0x2d, 0x30, 0x36, 0x3a, 0x42, 0x46, 0x4d, 0x5f, 0x33, 0x32, 0x4d, 0x5f,
0x62, 0x69, 0x74, 0x66, 0x69, 0x65, 0x6c, 0x64, 0x00, 0x61, 0x72, 0x6d, 0x2d, 0x61, 0x36, 0x34, 0x40, 0x32, 0x30, 0x32, 0x36, 0x2d, 0x30, 0x36, 0x3a, 0x42, 0x46, 0x49, 0x5f, 0x42, 0x46, 0x4d,
0x5f, 0x36, 0x34, 0x4d, 0x5f, 0x62, 0x69, 0x74, 0x66, 0x69, 0x65, 0x6c, 0x64, 0x00, 0x61, 0x72, 0x6d, 0x2d, 0x61, 0x36, 0x34, 0x40, 0x32, 0x30, 0x32, 0x36, 0x2d, 0x30, 0x36, 0x3a, 0x42, 0x46,
0x4d, 0x5f, 0x36, 0x34, 0x4d, 0x5f, 0x62, 0x69, 0x74, 0x66, 0x69, 0x65, 0x6c, 0x64, 0x00, 0x61, 0x72, 0x6d, 0x2d, 0x61, 0x36, 0x34, 0x40, 0x32, 0x30, 0x32, 0x36, 0x2d, 0x30, 0x36, 0x3a, 0x42,
0x46, 0x58, 0x49, 0x4c, 0x5f, 0x42, 0x46, 0x4d, 0x5f, 0x33, 0x32, 0x4d, 0x5f, 0x62, 0x69, 0x74, 0x66, 0x69, 0x65, 0x6c, 0x64, 0x00, 0x61, 0x72, 0x6d, 0x2d, 0x61, 0x36, 0x34, 0x40, 0x32, 0x30,
0x32, 0x36, 0x2d, 0x30, 0x36, 0x3a, 0x42, 0x46, 0x58, 0x49, 0x4c, 0x5f, 0x42, 0x46, 0x4d, 0x5f, 0x36, 0x34, 0x4d, 0x5f, 0x62, 0x69, 0x74, 0x66, 0x69, 0x65, 0x6c, 0x64, 0x00, 0x61, 0x72, 0x6d,
0x2d, 0x61, 0x36, 0x34, 0x40, 0x32, 0x30, 0x32, 0x36, 0x2d, 0x30, 0x36, 0x3a, 0x43, 0x46, 0x50, 0x5f, 0x53, 0x59, 0x53, 0x5f, 0x43, 0x52, 0x5f, 0x73, 0x79, 0x73, 0x74, 0x65, 0x6d, 0x69, 0x6e,
0x73, 0x74, 0x72, 0x73, 0x00, 0x61, 0x72, 0x6d, 0x2d, 0x61, 0x36, 0x34, 0x40, 0x32, 0x30, 0x32, 0x36, 0x2d, 0x30, 0x36, 0x3a, 0x43, 0x49, 0x4e, 0x43, 0x5f, 0x43, 0x53, 0x49, 0x4e, 0x43, 0x5f,
0x33, 0x32, 0x5f, 0x63, 0x6f, 0x6e, 0x64, 0x73, 0x65, 0x6c, 0x00, 0x61, 0x72, 0x6d, 0x2d, 0x61, 0x36, 0x34, 0x40, 0x32, 0x30, 0x32, 0x36, 0x2d, 0x30, 0x36, 0x3a, 0x43, 0x53, 0x49, 0x4e, 0x43,
0x5f, 0x33, 0x32, 0x5f, 0x63, 0x6f, 0x6e, 0x64, 0x73, 0x65, 0x6c, 0x00, 0x61, 0x72, 0x6d, 0x2d, 0x61, 0x36, 0x34, 0x40, 0x32, 0x30, 0x32, 0x36, 0x2d, 0x30, 0x36, 0x3a, 0x43, 0x49, 0x4e, 0x43,
0x5f, 0x43, 0x53, 0x49, 0x4e, 0x43, 0x5f, 0x36, 0x34, 0x5f, 0x63, 0x6f, 0x6e, 0x64, 0x73, 0x65, 0x6c, 0x00, 0x61, 0x72, 0x6d, 0x2d, 0x61, 0x36, 0x34, 0x40, 0x32, 0x30, 0x32, 0x36, 0x2d, 0x30,
0x36, 0x3a, 0x43, 0x53, 0x49, 0x4e, 0x43, 0x5f, 0x36, 0x34, 0x5f, 0x63, 0x6f, 0x6e, 0x64, 0x73, 0x65, 0x6c, 0x00, 0x61, 0x72, 0x6d, 0x2d, 0x61, 0x36, 0x34, 0x40, 0x32, 0x30, 0x32, 0x36, 0x2d,
0x30, 0x36, 0x3a, 0x43, 0x49, 0x4e, 0x56, 0x5f, 0x43, 0x53, 0x49, 0x4e, 0x56, 0x5f, 0x33, 0x32, 0x5f, 0x63, 0x6f, 0x6e, 0x64, 0x73, 0x65, 0x6c, 0x00, 0x61, 0x72, 0x6d, 0x2d, 0x61, 0x36, 0x34,
0x40, 0x32, 0x30, 0x32, 0x36, 0x2d, 0x30, 0x36, 0x3a, 0x43, 0x53, 0x49, 0x4e, 0x56, 0x5f, 0x33, 0x32, 0x5f, 0x63, 0x6f, 0x6e, 0x64, 0x73, 0x65, 0x6c, 0x00, 0x61, 0x72, 0x6d, 0x2d, 0x61, 0x36,
0x34, 0x40, 0x32, 0x30, 0x32, 0x36, 0x2d, 0x30, 0x36, 0x3a, 0x43, 0x49, 0x4e, 0x56, 0x5f, 0x43, 0x53, 0x49, 0x4e, 0x56, 0x5f, 0x36, 0x34, 0x5f, 0x63, 0x6f, 0x6e, 0x64, 0x73, 0x65, 0x6c, 0x00,
0x61, 0x72, 0x6d, 0x2d, 0x61, 0x36, 0x34, 0x40, 0x32, 0x30, 0x32, 0x36, 0x2d, 0x30, 0x36, 0x3a, 0x43, 0x53, 0x49, 0x4e, 0x56, 0x5f, 0x36, 0x34, 0x5f, 0x63, 0x6f, 0x6e, 0x64, 0x73, 0x65, 0x6c,
0x00, 0x61, 0x72, 0x6d, 0x2d, 0x61, 0x36, 0x34, 0x40, 0x32, 0x30, 0x32, 0x36, 0x2d, 0x30, 0x36, 0x3a, 0x43, 0x4d, 0x4e, 0x5f, 0x41, 0x44, 0x44, 0x53, 0x5f, 0x33, 0x32, 0x53, 0x5f, 0x61, 0x64,
0x64, 0x73, 0x75, 0x62, 0x5f, 0x65, 0x78, 0x74, 0x00, 0x61, 0x72, 0x6d, 0x2d, 0x61, 0x36, 0x34, 0x40, 0x32, 0x30, 0x32, 0x36, 0x2d, 0x30, 0x36, 0x3a, 0x41, 0x44, 0x44, 0x53, 0x5f, 0x33, 0x32,
0x53, 0x5f, 0x61, 0x64, 0x64, 0x73, 0x75, 0x62, 0x5f, 0x65, 0x78, 0x74, 0x00, 0x61, 0x72, 0x6d, 0x2d, 0x61, 0x36, 0x34, 0x40, 0x32, 0x30, 0x32, 0x36, 0x2d, 0x30, 0x36, 0x3a, 0x43, 0x4d, 0x4e,
0x5f, 0x41, 0x44, 0x44, 0x53, 0x5f, 0x33, 0x32, 0x53, 0x5f, 0x61, 0x64, 0x64, 0x73, 0x75, 0x62, 0x5f, 0x69, 0x6d, 0x6d, 0x00, 0x61, 0x72, 0x6d, 0x2d, 0x61, 0x36, 0x34, 0x40, 0x32, 0x30, 0x32,
0x36, 0x2d, 0x30, 0x36, 0x3a, 0x41, 0x44, 0x44, 0x53, 0x5f, 0x33, 0x32, 0x53, 0x5f, 0x61, 0x64, 0x64, 0x73, 0x75, 0x62, 0x5f, 0x69, 0x6d, 0x6d, 0x00, 0x61, 0x72, 0x6d, 0x2d, 0x61, 0x36, 0x34,
0x40, 0x32, 0x30, 0x32, 0x36, 0x2d, 0x30, 0x36, 0x3a, 0x43, 0x4d, 0x4e, 0x5f, 0x41, 0x44, 0x44, 0x53, 0x5f, 0x33, 0x32, 0x5f, 0x61, 0x64, 0x64, 0x73, 0x75, 0x62, 0x5f, 0x73, 0x68, 0x69, 0x66,
0x74, 0x00, 0x61, 0x72, 0x6d, 0x2d, 0x61, 0x36, 0x34, 0x40, 0x32, 0x30, 0x32, 0x36, 0x2d, 0x30, 0x36, 0x3a, 0x41, 0x44, 0x44, 0x53, 0x5f, 0x33, 0x32, 0x5f, 0x61, 0x64, 0x64, 0x73, 0x75, 0x62,
0x5f, 0x73, 0x68, 0x69, 0x66, 0x74, 0x00, 0x61, 0x72, 0x6d, 0x2d, 0x61, 0x36, 0x34, 0x40, 0x32, 0x30, 0x32, 0x36, 0x2d, 0x30, 0x36, 0x3a, 0x43, 0x4d, 0x4e, 0x5f, 0x41, 0x44, 0x44, 0x53, 0x5f,
0x36, 0x34, 0x53, 0x5f, 0x61, 0x64, 0x64, 0x73, 0x75, 0x62, 0x5f, 0x65, 0x78, 0x74, 0x00, 0x61, 0x72, 0x6d, 0x2d, 0x61, 0x36, 0x34, 0x40, 0x32, 0x30, 0x32, 0x36, 0x2d, 0x30, 0x36, 0x3a, 0x41,
0x44, 0x44, 0x53, 0x5f, 0x36, 0x34, 0x53, 0x5f, 0x61, 0x64, 0x64, 0x73, 0x75, 0x62, 0x5f, 0x65, 0x78, 0x74, 0x00, 0x61, 0x72, 0x6d, 0x2d, 0x61, 0x36, 0x34, 0x40, 0x32, 0x30, 0x32, 0x36, 0x2d,
0x30, 0x36, 0x3a, 0x43, 0x4d, 0x4e, 0x5f, 0x41, 0x44, 0x44, 0x53, 0x5f, 0x36, 0x34, 0x53, 0x5f, 0x61, 0x64, 0x64, 0x73, 0x75, 0x62, 0x5f, 0x69, 0x6d, 0x6d, 0x00, 0x61, 0x72, 0x6d, 0x2d, 0x61,
0x36, 0x34, 0x40, 0x32, 0x30, 0x32, 0x36, 0x2d, 0x30, 0x36, 0x3a, 0x41, 0x44, 0x44, 0x53, 0x5f, 0x36, 0x34, 0x53, 0x5f, 0x61, 0x64, 0x64, 0x73, 0x75, 0x62, 0x5f, 0x69, 0x6d, 0x6d, 0x00, 0x61,
0x72, 0x6d, 0x2d, 0x61, 0x36, 0x34, 0x40, 0x32, 0x30, 0x32, 0x36, 0x2d, 0x30, 0x36, 0x3a, 0x43, 0x4d, 0x4e, 0x5f, 0x41, 0x44, 0x44, 0x53, 0x5f, 0x36, 0x34, 0x5f, 0x61, 0x64, 0x64, 0x73, 0x75,
0x62, 0x5f, 0x73, 0x68, 0x69, 0x66, 0x74, 0x00, 0x61, 0x72, 0x6d, 0x2d, 0x61, 0x36, 0x34, 0x40, 0x32, 0x30, 0x32, 0x36, 0x2d, 0x30, 0x36, 0x3a, 0x41, 0x44, 0x44, 0x53, 0x5f, 0x36, 0x34, 0x5f,
0x61, 0x64, 0x64, 0x73, 0x75, 0x62, 0x5f, 0x73, 0x68, 0x69, 0x66, 0x74, 0x00, 0x61, 0x72, 0x6d, 0x2d, 0x61, 0x36, 0x34, 0x40, 0x32, 0x30, 0x32, 0x36, 0x2d, 0x30, 0x36, 0x3a, 0x43, 0x4d, 0x50,
0x5f, 0x53, 0x55, 0x42, 0x53, 0x5f, 0x33, 0x32, 0x53, 0x5f, 0x61, 0x64, 0x64, 0x73, 0x75, 0x62, 0x5f, 0x65, 0x78, 0x74, 0x00, 0x61, 0x72, 0x6d, 0x2d, 0x61, 0x36, 0x34, 0x40, 0x32, 0x30, 0x32,
0x36, 0x2d, 0x30, 0x36, 0x3a, 0x53, 0x55, 0x42, 0x53, 0x5f, 0x33, 0x32, 0x53, 0x5f, 0x61, 0x64, 0x64, 0x73, 0x75, 0x62, 0x5f, 0x65, 0x78, 0x74, 0x00, 0x61, 0x72, 0x6d, 0x2d, 0x61, 0x36, 0x34,
0x40, 0x32, 0x30, 0x32, 0x36, 0x2d, 0x30, 0x36, 0x3a, 0x43, 0x4d, 0x50, 0x5f, 0x53, 0x55, 0x42, 0x53, 0x5f, 0x33, 0x32, 0x53, 0x5f, 0x61, 0x64, 0x64, 0x73, 0x75, 0x62, 0x5f, 0x69, 0x6d, 0x6d,
0x00, 0x61, 0x72, 0x6d, 0x2d, 0x61, 0x36, 0x34, 0x40, 0x32, 0x30, 0x32, 0x36, 0x2d, 0x30, 0x36, 0x3a, 0x53, 0x55, 0x42, 0x53, 0x5f, 0x33, 0x32, 0x53, 0x5f, 0x61, 0x64, 0x64, 0x73, 0x75, 0x62,
0x5f, 0x69, 0x6d, 0x6d, 0x00, 0x61, 0x72, 0x6d, 0x2d, 0x61, 0x36, 0x34, 0x40, 0x32, 0x30, 0x32, 0x36, 0x2d, 0x30, 0x36, 0x3a, 0x43, 0x4d, 0x50, 0x5f, 0x53, 0x55, 0x42, 0x53, 0x5f, 0x33, 0x32,
0x5f, 0x61, 0x64, 0x64, 0x73, 0x75, 0x62, 0x5f, 0x73, 0x68, 0x69, 0x66, 0x74, 0x00, 0x61, 0x72, 0x6d, 0x2d, 0x61, 0x36, 0x34, 0x40, 0x32, 0x30, 0x32, 0x36, 0x2d, 0x30, 0x36, 0x3a, 0x53, 0x55,
0x42, 0x53, 0x5f, 0x33, 0x32, 0x5f, 0x61, 0x64, 0x64, 0x73, 0x75, 0x62, 0x5f, 0x73, 0x68, 0x69, 0x66, 0x74, 0x00, 0x61, 0x72, 0x6d, 0x2d, 0x61, 0x36, 0x34, 0x40, 0x32, 0x30, 0x32, 0x36, 0x2d,
0x30, 0x36, 0x3a, 0x43, 0x4d, 0x50, 0x5f, 0x53, 0x55, 0x42, 0x53, 0x5f, 0x36, 0x34, 0x53, 0x5f, 0x61, 0x64, 0x64, 0x73, 0x75, 0x62, 0x5f, 0x65, 0x78, 0x74, 0x00, 0x61, 0x72, 0x6d, 0x2d, 0x61,
0x36, 0x34, 0x40, 0x32, 0x30, 0x32, 0x36, 0x2d, 0x30, 0x36, 0x3a, 0x53, 0x55, 0x42, 0x53, 0x5f, 0x36, 0x34, 0x53, 0x5f, 0x61, 0x64, 0x64, 0x73, 0x75, 0x62, 0x5f, 0x65, 0x78, 0x74, 0x00, 0x61,
0x72, 0x6d, 0x2d, 0x61, 0x36, 0x34, 0x40, 0x32, 0x30, 0x32, 0x36, 0x2d, 0x30, 0x36, 0x3a, 0x43, 0x4d, 0x50, 0x5f, 0x53, 0x55, 0x42, 0x53, 0x5f, 0x36, 0x34, 0x53, 0x5f, 0x61, 0x64, 0x64, 0x73,
0x75, 0x62, 0x5f, 0x69, 0x6d, 0x6d, 0x00, 0x61, 0x72, 0x6d, 0x2d, 0x61, 0x36, 0x34, 0x40, 0x32, 0x30, 0x32, 0x36, 0x2d, 0x30, 0x36, 0x3a, 0x53, 0x55, 0x42, 0x53, 0x5f, 0x36, 0x34, 0x53, 0x5f,
0x61, 0x64, 0x64, 0x73, 0x75, 0x62, 0x5f, 0x69, 0x6d, 0x6d, 0x00, 0x61, 0x72, 0x6d, 0x2d, 0x61, 0x36, 0x34, 0x40, 0x32, 0x30, 0x32, 0x36, 0x2d, 0x30, 0x36, 0x3a, 0x43, 0x4d, 0x50, 0x5f, 0x53,
0x55, 0x42, 0x53, 0x5f, 0x36, 0x34, 0x5f, 0x61, 0x64, 0x64, 0x73, 0x75, 0x62, 0x5f, 0x73, 0x68, 0x69, 0x66, 0x74, 0x00, 0x61, 0x72, 0x6d, 0x2d, 0x61, 0x36, 0x34, 0x40, 0x32, 0x30, 0x32, 0x36,
0x2d, 0x30, 0x36, 0x3a, 0x53, 0x55, 0x42, 0x53, 0x5f, 0x36, 0x34, 0x5f, 0x61, 0x64, 0x64, 0x73, 0x75, 0x62, 0x5f, 0x73, 0x68, 0x69, 0x66, 0x74, 0x00, 0x61, 0x72, 0x6d, 0x2d, 0x61, 0x36, 0x34,
0x40, 0x32, 0x30, 0x32, 0x36, 0x2d, 0x30, 0x36, 0x3a, 0x43, 0x4e, 0x45, 0x47, 0x5f, 0x43, 0x53, 0x4e, 0x45, 0x47, 0x5f, 0x33, 0x32, 0x5f, 0x63, 0x6f, 0x6e, 0x64, 0x73, 0x65, 0x6c, 0x00, 0x61,
0x72, 0x6d, 0x2d, 0x61, 0x36, 0x34, 0x40, 0x32, 0x30, 0x32, 0x36, 0x2d, 0x30, 0x36, 0x3a, 0x43, 0x53, 0x4e, 0x45, 0x47, 0x5f, 0x33, 0x32, 0x5f, 0x63, 0x6f, 0x6e, 0x64, 0x73, 0x65, 0x6c, 0x00,
0x61, 0x72, 0x6d, 0x2d, 0x61, 0x36, 0x34, 0x40, 0x32, 0x30, 0x32, 0x36, 0x2d, 0x30, 0x36, 0x3a, 0x43, 0x4e, 0x45, 0x47, 0x5f, 0x43, 0x53, 0x4e, 0x45, 0x47, 0x5f, 0x36, 0x34, 0x5f, 0x63, 0x6f,
0x6e, 0x64, 0x73, 0x65, 0x6c, 0x00, 0x61, 0x72, 0x6d, 0x2d, 0x61, 0x36, 0x34, 0x40, 0x32, 0x30, 0x32, 0x36, 0x2d, 0x30, 0x36, 0x3a, 0x43, 0x53, 0x4e, 0x45, 0x47, 0x5f, 0x36, 0x34, 0x5f, 0x63,
0x6f, 0x6e, 0x64, 0x73, 0x65, 0x6c, 0x00, 0x61, 0x72, 0x6d, 0x2d, 0x61, 0x36, 0x34, 0x40, 0x32, 0x30, 0x32, 0x36, 0x2d, 0x30, 0x36, 0x3a, 0x43, 0x50, 0x50, 0x5f, 0x53, 0x59, 0x53, 0x5f, 0x43,
0x52, 0x5f, 0x73, 0x79, 0x73, 0x74, 0x65, 0x6d, 0x69, 0x6e, 0x73, 0x74, 0x72, 0x73, 0x00, 0x61, 0x72, 0x6d, 0x2d, 0x61, 0x36, 0x34, 0x40, 0x32, 0x30, 0x32, 0x36, 0x2d, 0x30, 0x36, 0x3a, 0x43,
0x53, 0x45, 0x54, 0x4d, 0x5f, 0x43, 0x53, 0x49, 0x4e, 0x56, 0x5f, 0x33, 0x32, 0x5f, 0x63, 0x6f, 0x6e, 0x64, 0x73, 0x65, 0x6c, 0x00, 0x61, 0x72, 0x6d, 0x2d, 0x61, 0x36, 0x34, 0x40, 0x32, 0x30,
0x32, 0x36, 0x2d, 0x30, 0x36, 0x3a, 0x43, 0x53, 0x45, 0x54, 0x4d, 0x5f, 0x43, 0x53, 0x49, 0x4e, 0x56, 0x5f, 0x36, 0x34, 0x5f, 0x63, 0x6f, 0x6e, 0x64, 0x73, 0x65, 0x6c, 0x00, 0x61, 0x72, 0x6d,
0x2d, 0x61, 0x36, 0x34, 0x40, 0x32, 0x30, 0x32, 0x36, 0x2d, 0x30, 0x36, 0x3a, 0x43, 0x53, 0x45, 0x54, 0x5f, 0x43, 0x53, 0x49, 0x4e, 0x43, 0x5f, 0x33, 0x32, 0x5f, 0x63, 0x6f, 0x6e, 0x64, 0x73,
0x65, 0x6c, 0x00, 0x61, 0x72, 0x6d, 0x2d, 0x61, 0x36, 0x34, 0x40, 0x32, 0x30, 0x32, 0x36, 0x2d, 0x30, 0x36, 0x3a, 0x43, 0x53, 0x45, 0x54, 0x5f, 0x43, 0x53, 0x49, 0x4e, 0x43, 0x5f, 0x36, 0x34,
0x5f, 0x63, 0x6f, 0x6e, 0x64, 0x73, 0x65, 0x6c, 0x00, 0x61, 0x72, 0x6d, 0x2d, 0x61, 0x36, 0x34, 0x40, 0x32, 0x30, 0x32, 0x36, 0x2d, 0x30, 0x36, 0x3a, 0x44, 0x43, 0x5f, 0x53, 0x59, 0x53, 0x5f,
0x43, 0x52, 0x5f, 0x73, 0x79, 0x73, 0x74, 0x65, 0x6d, 0x69, 0x6e, 0x73, 0x74, 0x72, 0x73, 0x00, 0x61, 0x72, 0x6d, 0x2d, 0x61, 0x36, 0x34, 0x40, 0x32, 0x30, 0x32, 0x36, 0x2d, 0x30, 0x36, 0x3a,
0x44, 0x56, 0x50, 0x5f, 0x53, 0x59, 0x53, 0x5f, 0x43, 0x52, 0x5f, 0x73, 0x79, 0x73, 0x74, 0x65, 0x6d, 0x69, 0x6e, 0x73, 0x74, 0x72, 0x73, 0x00, 0x61, 0x72, 0x6d, 0x2d, 0x61, 0x36, 0x34, 0x40,
0x32, 0x30, 0x32, 0x36, 0x2d, 0x30, 0x36, 0x3a, 0x49, 0x43, 0x5f, 0x53, 0x59, 0x53, 0x5f, 0x43, 0x52, 0x5f, 0x73, 0x79, 0x73, 0x74, 0x65, 0x6d, 0x69, 0x6e, 0x73, 0x74, 0x72, 0x73, 0x00, 0x61,
0x72, 0x6d, 0x2d, 0x61, 0x36, 0x34, 0x40, 0x32, 0x30, 0x32, 0x36, 0x2d, 0x30, 0x36, 0x3a, 0x4c, 0x53, 0x4c, 0x5f, 0x4c, 0x53, 0x4c, 0x56, 0x5f, 0x33, 0x32, 0x5f, 0x64, 0x70, 0x5f, 0x32, 0x73,
0x72, 0x63, 0x00, 0x61, 0x72, 0x6d, 0x2d, 0x61, 0x36, 0x34, 0x40, 0x32, 0x30, 0x32, 0x36, 0x2d, 0x30, 0x36, 0x3a, 0x4c, 0x53, 0x4c, 0x56, 0x5f, 0x33, 0x32, 0x5f, 0x64, 0x70, 0x5f, 0x32, 0x73,
0x72, 0x63, 0x00, 0x61, 0x72, 0x6d, 0x2d, 0x61, 0x36, 0x34, 0x40, 0x32, 0x30, 0x32, 0x36, 0x2d, 0x30, 0x36, 0x3a, 0x4c, 0x53, 0x4c, 0x5f, 0x4c, 0x53, 0x4c, 0x56, 0x5f, 0x36, 0x34, 0x5f, 0x64,
0x70, 0x5f, 0x32, 0x73, 0x72, 0x63, 0x00, 0x61, 0x72, 0x6d, 0x2d, 0x61, 0x36, 0x34, 0x40, 0x32, 0x30, 0x32, 0x36, 0x2d, 0x30, 0x36, 0x3a, 0x4c, 0x53, 0x4c, 0x56, 0x5f, 0x36, 0x34, 0x5f, 0x64,
0x70, 0x5f, 0x32, 0x73, 0x72, 0x63, 0x00, 0x61, 0x72, 0x6d, 0x2d, 0x61, 0x36, 0x34, 0x40, 0x32, 0x30, 0x32, 0x36, 0x2d, 0x30, 0x36, 0x3a, 0x4c, 0x53, 0x4c, 0x5f, 0x55, 0x42, 0x46, 0x4d, 0x5f,
0x33, 0x32, 0x4d, 0x5f, 0x62, 0x69, 0x74, 0x66, 0x69, 0x65, 0x6c, 0x64, 0x00, 0x61, 0x72, 0x6d, 0x2d, 0x61, 0x36, 0x34, 0x40, 0x32, 0x30, 0x32, 0x36, 0x2d, 0x30, 0x36, 0x3a, 0x55, 0x42, 0x46,
0x4d, 0x5f, 0x33, 0x32, 0x4d, 0x5f, 0x62, 0x69, 0x74, 0x66, 0x69, 0x65, 0x6c, 0x64, 0x00, 0x61, 0x72, 0x6d, 0x2d, 0x61, 0x36, 0x34, 0x40, 0x32, 0x30, 0x32, 0x36, 0x2d, 0x30, 0x36, 0x3a, 0x4c,
0x53, 0x4c, 0x5f, 0x55, 0x42, 0x46, 0x4d, 0x5f, 0x36, 0x34, 0x4d, 0x5f, 0x62, 0x69, 0x74, 0x66, 0x69, 0x65, 0x6c, 0x64, 0x00, 0x61, 0x72, 0x6d, 0x2d, 0x61, 0x36, 0x34, 0x40, 0x32, 0x30, 0x32,
0x36, 0x2d, 0x30, 0x36, 0x3a, 0x55, 0x42, 0x46, 0x4d, 0x5f, 0x36, 0x34, 0x4d, 0x5f, 0x62, 0x69, 0x74, 0x66, 0x69, 0x65, 0x6c, 0x64, 0x00, 0x61, 0x72, 0x6d, 0x2d, 0x61, 0x36, 0x34, 0x40, 0x32,
0x30, 0x32, 0x36, 0x2d, 0x30, 0x36, 0x3a, 0x4c, 0x53, 0x52, 0x5f, 0x4c, 0x53, 0x52, 0x56, 0x5f, 0x33, 0x32, 0x5f, 0x64, 0x70, 0x5f, 0x32, 0x73, 0x72, 0x63, 0x00, 0x61, 0x72, 0x6d, 0x2d, 0x61,
0x36, 0x34, 0x40, 0x32, 0x30, 0x32, 0x36, 0x2d, 0x30, 0x36, 0x3a, 0x4c, 0x53, 0x52, 0x56, 0x5f, 0x33, 0x32, 0x5f, 0x64, 0x70, 0x5f, 0x32, 0x73, 0x72, 0x63, 0x00, 0x61, 0x72, 0x6d, 0x2d, 0x61,
0x36, 0x34, 0x40, 0x32, 0x30, 0x32, 0x36, 0x2d, 0x30, 0x36, 0x3a, 0x4c, 0x53, 0x52, 0x5f, 0x4c, 0x53, 0x52, 0x56, 0x5f, 0x36, 0x34, 0x5f, 0x64, 0x70, 0x5f, 0x32, 0x73, 0x72, 0x63, 0x00, 0x61,
0x72, 0x6d, 0x2d, 0x61, 0x36, 0x34, 0x40, 0x32, 0x30, 0x32, 0x36, 0x2d, 0x30, 0x36, 0x3a, 0x4c, 0x53, 0x52, 0x56, 0x5f, 0x36, 0x34, 0x5f, 0x64, 0x70, 0x5f, 0x32, 0x73, 0x72, 0x63, 0x00, 0x61,
0x72, 0x6d, 0x2d, 0x61, 0x36, 0x34, 0x40, 0x32, 0x30, 0x32, 0x36, 0x2d, 0x30, 0x36, 0x3a, 0x4c, 0x53, 0x52, 0x5f, 0x55, 0x42, 0x46, 0x4d, 0x5f, 0x33, 0x32, 0x4d, 0x5f, 0x62, 0x69, 0x74, 0x66,
0x69, 0x65, 0x6c, 0x64, 0x00, 0x61, 0x72, 0x6d, 0x2d, 0x61, 0x36, 0x34, 0x40, 0x32, 0x30, 0x32, 0x36, 0x2d, 0x30, 0x36, 0x3a, 0x4c, 0x53, 0x52, 0x5f, 0x55, 0x42, 0x46, 0x4d, 0x5f, 0x36, 0x34,
0x4d, 0x5f, 0x62, 0x69, 0x74, 0x66, 0x69, 0x65, 0x6c, 0x64, 0x00, 0x61, 0x72, 0x6d, 0x2d, 0x61, 0x36, 0x34, 0x40, 0x32, 0x30, 0x32, 0x36, 0x2d, 0x30, 0x36, 0x3a, 0x4d, 0x4e, 0x45, 0x47, 0x5f,
0x4d, 0x53, 0x55, 0x42, 0x5f, 0x33, 0x32, 0x41, 0x5f, 0x64, 0x70, 0x5f, 0x33, 0x73, 0x72, 0x63, 0x00, 0x61, 0x72, 0x6d, 0x2d, 0x61, 0x36, 0x34, 0x40, 0x32, 0x30, 0x32, 0x36, 0x2d, 0x30, 0x36,
0x3a, 0x4d, 0x53, 0x55, 0x42, 0x5f, 0x33, 0x32, 0x41, 0x5f, 0x64, 0x70, 0x5f, 0x33, 0x73, 0x72, 0x63, 0x00, 0x61, 0x72, 0x6d, 0x2d, 0x61, 0x36, 0x34, 0x40, 0x32, 0x30, 0x32, 0x36, 0x2d, 0x30,
0x36, 0x3a, 0x4d, 0x4e, 0x45, 0x47, 0x5f, 0x4d, 0x53, 0x55, 0x42, 0x5f, 0x36, 0x34, 0x41, 0x5f, 0x64, 0x70, 0x5f, 0x33, 0x73, 0x72, 0x63, 0x00, 0x61, 0x72, 0x6d, 0x2d, 0x61, 0x36, 0x34, 0x40,
0x32, 0x30, 0x32, 0x36, 0x2d, 0x30, 0x36, 0x3a, 0x4d, 0x53, 0x55, 0x42, 0x5f, 0x36, 0x34, 0x41, 0x5f, 0x64, 0x70, 0x5f, 0x33, 0x73, 0x72, 0x63, 0x00, 0x61, 0x72, 0x6d, 0x2d, 0x61, 0x36, 0x34,
0x40, 0x32, 0x30, 0x32, 0x36, 0x2d, 0x30, 0x36, 0x3a, 0x4d, 0x4f, 0x56, 0x5f, 0x41, 0x44, 0x44, 0x5f, 0x33, 0x32, 0x5f, 0x61, 0x64, 0x64, 0x73, 0x75, 0x62, 0x5f, 0x69, 0x6d, 0x6d, 0x00, 0x61,
0x72, 0x6d, 0x2d, 0x61, 0x36, 0x34, 0x40, 0x32, 0x30, 0x32, 0x36, 0x2d, 0x30, 0x36, 0x3a, 0x41, 0x44, 0x44, 0x5f, 0x33, 0x32, 0x5f, 0x61, 0x64, 0x64, 0x73, 0x75, 0x62, 0x5f, 0x69, 0x6d, 0x6d,
0x00, 0x61, 0x72, 0x6d, 0x2d, 0x61, 0x36, 0x34, 0x40, 0x32, 0x30, 0x32, 0x36, 0x2d, 0x30, 0x36, 0x3a, 0x4d, 0x4f, 0x56, 0x5f, 0x41, 0x44, 0x44, 0x5f, 0x36, 0x34, 0x5f, 0x61, 0x64, 0x64, 0x73,
0x75, 0x62, 0x5f, 0x69, 0x6d, 0x6d, 0x00, 0x61, 0x72, 0x6d, 0x2d, 0x61, 0x36, 0x34, 0x40, 0x32, 0x30, 0x32, 0x36, 0x2d, 0x30, 0x36, 0x3a, 0x41, 0x44, 0x44, 0x5f, 0x36, 0x34, 0x5f, 0x61, 0x64,
0x64, 0x73, 0x75, 0x62, 0x5f, 0x69, 0x6d, 0x6d, 0x00, 0x61, 0x72, 0x6d, 0x2d, 0x61, 0x36, 0x34, 0x40, 0x32, 0x30, 0x32, 0x36, 0x2d, 0x30, 0x36, 0x3a, 0x4d, 0x4f, 0x56, 0x5f, 0x44, 0x55, 0x50,
0x5f, 0x61, 0x73, 0x69, 0x73, 0x64, 0x6f, 0x6e, 0x65, 0x5f, 0x6f, 0x6e, 0x6c, 0x79, 0x00, 0x61, 0x72, 0x6d, 0x2d, 0x61, 0x36, 0x34, 0x40, 0x32, 0x30, 0x32, 0x36, 0x2d, 0x30, 0x36, 0x3a, 0x44,
0x55, 0x50, 0x5f, 0x61, 0x73, 0x69, 0x73, 0x64, 0x6f, 0x6e, 0x65, 0x5f, 0x6f, 0x6e, 0x6c, 0x79, 0x00, 0x61, 0x72, 0x6d, 0x2d, 0x61, 0x36, 0x34, 0x40, 0x32, 0x30, 0x32, 0x36, 0x2d, 0x30, 0x36,
0x3a, 0x4d, 0x4f, 0x56, 0x5f, 0x49, 0x4e, 0x53, 0x5f, 0x61, 0x73, 0x69, 0x6d, 0x64, 0x69, 0x6e, 0x73, 0x5f, 0x49, 0x52, 0x5f, 0x72, 0x00, 0x61, 0x72, 0x6d, 0x2d, 0x61, 0x36, 0x34, 0x40, 0x32,
0x30, 0x32, 0x36, 0x2d, 0x30, 0x36, 0x3a, 0x49, 0x4e, 0x53, 0x5f, 0x61, 0x73, 0x69, 0x6d, 0x64, 0x69, 0x6e, 0x73, 0x5f, 0x49, 0x52, 0x5f, 0x72, 0x00, 0x61, 0x72, 0x6d, 0x2d, 0x61, 0x36, 0x34,
0x40, 0x32, 0x30, 0x32, 0x36, 0x2d, 0x30, 0x36, 0x3a, 0x4d, 0x4f, 0x56, 0x5f, 0x49, 0x4e, 0x53, 0x5f, 0x61, 0x73, 0x69, 0x6d, 0x64, 0x69, 0x6e, 0x73, 0x5f, 0x49, 0x56, 0x5f, 0x76, 0x00, 0x61,
0x72, 0x6d, 0x2d, 0x61, 0x36, 0x34, 0x40, 0x32, 0x30, 0x32, 0x36, 0x2d, 0x30, 0x36, 0x3a, 0x49, 0x4e, 0x53, 0x5f, 0x61, 0x73, 0x69, 0x6d, 0x64, 0x69, 0x6e, 0x73, 0x5f, 0x49, 0x56, 0x5f, 0x76,
0x00, 0x61, 0x72, 0x6d, 0x2d, 0x61, 0x36, 0x34, 0x40, 0x32, 0x30, 0x32, 0x36, 0x2d, 0x30, 0x36, 0x3a, 0x4d, 0x4f, 0x56, 0x5f, 0x4d, 0x4f, 0x56, 0x4e, 0x5f, 0x33, 0x32, 0x5f, 0x6d, 0x6f, 0x76,
0x65, 0x77, 0x69, 0x64, 0x65, 0x00, 0x61, 0x72, 0x6d, 0x2d, 0x61, 0x36, 0x34, 0x40, 0x32, 0x30, 0x32, 0x36, 0x2d, 0x30, 0x36, 0x3a, 0x4d, 0x4f, 0x56, 0x4e, 0x5f, 0x33, 0x32, 0x5f, 0x6d, 0x6f,
0x76, 0x65, 0x77, 0x69, 0x64, 0x65, 0x00, 0x61, 0x72, 0x6d, 0x2d, 0x61, 0x36, 0x34, 0x40, 0x32, 0x30, 0x32, 0x36, 0x2d, 0x30, 0x36, 0x3a, 0x4d, 0x4f, 0x56, 0x5f, 0x4d, 0x4f, 0x56, 0x4e, 0x5f,
0x36, 0x34, 0x5f, 0x6d, 0x6f, 0x76, 0x65, 0x77, 0x69, 0x64, 0x65, 0x00, 0x61, 0x72, 0x6d, 0x2d, 0x61, 0x36, 0x34, 0x40, 0x32, 0x30, 0x32, 0x36, 0x2d, 0x30, 0x36, 0x3a, 0x4d, 0x4f, 0x56, 0x4e,
0x5f, 0x36, 0x34, 0x5f, 0x6d, 0x6f, 0x76, 0x65, 0x77, 0x69, 0x64, 0x65, 0x00, 0x61, 0x72, 0x6d, 0x2d, 0x61, 0x36, 0x34, 0x40, 0x32, 0x30, 0x32, 0x36, 0x2d, 0x30, 0x36, 0x3a, 0x4d, 0x4f, 0x56,
0x5f, 0x4d, 0x4f, 0x56, 0x5a, 0x5f, 0x33, 0x32, 0x5f, 0x6d, 0x6f, 0x76, 0x65, 0x77, 0x69, 0x64, 0x65, 0x00, 0x61, 0x72, 0x6d, 0x2d, 0x61, 0x36, 0x34, 0x40, 0x32, 0x30, 0x32, 0x36, 0x2d, 0x30,
0x36, 0x3a, 0x4d, 0x4f, 0x56, 0x5a, 0x5f, 0x33, 0x32, 0x5f, 0x6d, 0x6f, 0x76, 0x65, 0x77, 0x69, 0x64, 0x65, 0x00, 0x61, 0x72, 0x6d, 0x2d, 0x61, 0x36, 0x34, 0x40, 0x32, 0x30, 0x32, 0x36, 0x2d,
0x30, 0x36, 0x3a, 0x4d, 0x4f, 0x56, 0x5f, 0x4d, 0x4f, 0x56, 0x5a, 0x5f, 0x36, 0x34, 0x5f, 0x6d, 0x6f, 0x76, 0x65, 0x77, 0x69, 0x64, 0x65, 0x00, 0x61, 0x72, 0x6d, 0x2d, 0x61, 0x36, 0x34, 0x40,
0x32, 0x30, 0x32, 0x36, 0x2d, 0x30, 0x36, 0x3a, 0x4d, 0x4f, 0x56, 0x5a, 0x5f, 0x36, 0x34, 0x5f, 0x6d, 0x6f, 0x76, 0x65, 0x77, 0x69, 0x64, 0x65, 0x00, 0x61, 0x72, 0x6d, 0x2d, 0x61, 0x36, 0x34,
0x40, 0x32, 0x30, 0x32, 0x36, 0x2d, 0x30, 0x36, 0x3a, 0x4d, 0x4f, 0x56, 0x5f, 0x4f, 0x52, 0x52, 0x5f, 0x33, 0x32, 0x5f, 0x6c, 0x6f, 0x67, 0x5f, 0x69, 0x6d, 0x6d, 0x00, 0x61, 0x72, 0x6d, 0x2d,
0x61, 0x36, 0x34, 0x40, 0x32, 0x30, 0x32, 0x36, 0x2d, 0x30, 0x36, 0x3a, 0x4f, 0x52, 0x52, 0x5f, 0x33, 0x32, 0x5f, 0x6c, 0x6f, 0x67, 0x5f, 0x69, 0x6d, 0x6d, 0x00, 0x61, 0x72, 0x6d, 0x2d, 0x61,
0x36, 0x34, 0x40, 0x32, 0x30, 0x32, 0x36, 0x2d, 0x30, 0x36, 0x3a, 0x4d, 0x4f, 0x56, 0x5f, 0x4f, 0x52, 0x52, 0x5f, 0x33, 0x32, 0x5f, 0x6c, 0x6f, 0x67, 0x5f, 0x73, 0x68, 0x69, 0x66, 0x74, 0x00,
0x61, 0x72, 0x6d, 0x2d, 0x61, 0x36, 0x34, 0x40, 0x32, 0x30, 0x32, 0x36, 0x2d, 0x30, 0x36, 0x3a, 0x4f, 0x52, 0x52, 0x5f, 0x33, 0x32, 0x5f, 0x6c, 0x6f, 0x67, 0x5f, 0x73, 0x68, 0x69, 0x66, 0x74,
0x00, 0x61, 0x72, 0x6d, 0x2d, 0x61, 0x36, 0x34, 0x40, 0x32, 0x30, 0x32, 0x36, 0x2d, 0x30, 0x36, 0x3a, 0x4d, 0x4f, 0x56, 0x5f, 0x4f, 0x52, 0x52, 0x5f, 0x36, 0x34, 0x5f, 0x6c, 0x6f, 0x67, 0x5f,
0x69, 0x6d, 0x6d, 0x00, 0x61, 0x72, 0x6d, 0x2d, 0x61, 0x36, 0x34, 0x40, 0x32, 0x30, 0x32, 0x36, 0x2d, 0x30, 0x36, 0x3a, 0x4f, 0x52, 0x52, 0x5f, 0x36, 0x34, 0x5f, 0x6c, 0x6f, 0x67, 0x5f, 0x69,
0x6d, 0x6d, 0x00, 0x61, 0x72, 0x6d, 0x2d, 0x61, 0x36, 0x34, 0x40, 0x32, 0x30, 0x32, 0x36, 0x2d, 0x30, 0x36, 0x3a, 0x4d, 0x4f, 0x56, 0x5f, 0x4f, 0x52, 0x52, 0x5f, 0x36, 0x34, 0x5f, 0x6c, 0x6f,
0x67, 0x5f, 0x73, 0x68, 0x69, 0x66, 0x74, 0x00, 0x61, 0x72, 0x6d, 0x2d, 0x61, 0x36, 0x34, 0x40, 0x32, 0x30, 0x32, 0x36, 0x2d, 0x30, 0x36, 0x3a, 0x4f, 0x52, 0x52, 0x5f, 0x36, 0x34, 0x5f, 0x6c,
0x6f, 0x67, 0x5f, 0x73, 0x68, 0x69, 0x66, 0x74, 0x00, 0x61, 0x72, 0x6d, 0x2d, 0x61, 0x36, 0x34, 0x40, 0x32, 0x30, 0x32, 0x36, 0x2d, 0x30, 0x36, 0x3a, 0x4d, 0x4f, 0x56, 0x5f, 0x4f, 0x52, 0x52,
0x5f, 0x61, 0x73, 0x69, 0x6d, 0x64, 0x73, 0x61, 0x6d, 0x65, 0x5f, 0x6f, 0x6e, 0x6c, 0x79, 0x00, 0x61, 0x72, 0x6d, 0x2d, 0x61, 0x36, 0x34, 0x40, 0x32, 0x30, 0x32, 0x36, 0x2d, 0x30, 0x36, 0x3a,
0x4f, 0x52, 0x52, 0x5f, 0x61, 0x73, 0x69, 0x6d, 0x64, 0x73, 0x61, 0x6d, 0x65, 0x5f, 0x6f, 0x6e, 0x6c, 0x79, 0x00, 0x61, 0x72, 0x6d, 0x2d, 0x61, 0x36, 0x34, 0x40, 0x32, 0x30, 0x32, 0x36, 0x2d,
0x30, 0x36, 0x3a, 0x4d, 0x4f, 0x56, 0x5f, 0x55, 0x4d, 0x4f, 0x56, 0x5f, 0x61, 0x73, 0x69, 0x6d, 0x64, 0x69, 0x6e, 0x73, 0x5f, 0x57, 0x5f, 0x77, 0x00, 0x61, 0x72, 0x6d, 0x2d, 0x61, 0x36, 0x34,
0x40, 0x32, 0x30, 0x32, 0x36, 0x2d, 0x30, 0x36, 0x3a, 0x55, 0x4d, 0x4f, 0x56, 0x5f, 0x61, 0x73, 0x69, 0x6d, 0x64, 0x69, 0x6e, 0x73, 0x5f, 0x57, 0x5f, 0x77, 0x00, 0x61, 0x72, 0x6d, 0x2d, 0x61,
0x36, 0x34, 0x40, 0x32, 0x30, 0x32, 0x36, 0x2d, 0x30, 0x36, 0x3a, 0x4d, 0x4f, 0x56, 0x5f, 0x55, 0x4d, 0x4f, 0x56, 0x5f, 0x61, 0x73, 0x69, 0x6d, 0x64, 0x69, 0x6e, 0x73, 0x5f, 0x58, 0x5f, 0x78,
0x00, 0x61, 0x72, 0x6d, 0x2d, 0x61, 0x36, 0x34, 0x40, 0x32, 0x30, 0x32, 0x36, 0x2d, 0x30, 0x36, 0x3a, 0x55, 0x4d, 0x4f, 0x56, 0x5f, 0x61, 0x73, 0x69, 0x6d, 0x64, 0x69, 0x6e, 0x73, 0x5f, 0x58,
0x5f, 0x78, 0x00, 0x61, 0x72, 0x6d, 0x2d, 0x61, 0x36, 0x34, 0x40, 0x32, 0x30, 0x32, 0x36, 0x2d, 0x30, 0x36, 0x3a, 0x4d, 0x55, 0x4c, 0x5f, 0x4d, 0x41, 0x44, 0x44, 0x5f, 0x33, 0x32, 0x41, 0x5f,
0x64, 0x70, 0x5f, 0x33, 0x73, 0x72, 0x63, 0x00, 0x61, 0x72, 0x6d, 0x2d, 0x61, 0x36, 0x34, 0x40, 0x32, 0x30, 0x32, 0x36, 0x2d, 0x30, 0x36, 0x3a, 0x4d, 0x41, 0x44, 0x44, 0x5f, 0x33, 0x32, 0x41,
0x5f, 0x64, 0x70, 0x5f, 0x33, 0x73, 0x72, 0x63, 0x00, 0x61, 0x72, 0x6d, 0x2d, 0x61, 0x36, 0x34, 0x40, 0x32, 0x30, 0x32, 0x36, 0x2d, 0x30, 0x36, 0x3a, 0x4d, 0x55, 0x4c, 0x5f, 0x4d, 0x41, 0x44,
0x44, 0x5f, 0x36, 0x34, 0x41, 0x5f, 0x64, 0x70, 0x5f, 0x33, 0x73, 0x72, 0x63, 0x00, 0x61, 0x72, 0x6d, 0x2d, 0x61, 0x36, 0x34, 0x40, 0x32, 0x30, 0x32, 0x36, 0x2d, 0x30, 0x36, 0x3a, 0x4d, 0x41,
0x44, 0x44, 0x5f, 0x36, 0x34, 0x41, 0x5f, 0x64, 0x70, 0x5f, 0x33, 0x73, 0x72, 0x63, 0x00, 0x61, 0x72, 0x6d, 0x2d, 0x61, 0x36, 0x34, 0x40, 0x32, 0x30, 0x32, 0x36, 0x2d, 0x30, 0x36, 0x3a, 0x4d,
0x56, 0x4e, 0x5f, 0x4e, 0x4f, 0x54, 0x5f, 0x61, 0x73, 0x69, 0x6d, 0x64, 0x6d, 0x69, 0x73, 0x63, 0x5f, 0x52, 0x00, 0x61, 0x72, 0x6d, 0x2d, 0x61, 0x36, 0x34, 0x40, 0x32, 0x30, 0x32, 0x36, 0x2d,
0x30, 0x36, 0x3a, 0x4e, 0x4f, 0x54, 0x5f, 0x61, 0x73, 0x69, 0x6d, 0x64, 0x6d, 0x69, 0x73, 0x63, 0x5f, 0x52, 0x00, 0x61, 0x72, 0x6d, 0x2d, 0x61, 0x36, 0x34, 0x40, 0x32, 0x30, 0x32, 0x36, 0x2d,
0x30, 0x36, 0x3a, 0x4d, 0x56, 0x4e, 0x5f, 0x4f, 0x52, 0x4e, 0x5f, 0x33, 0x32, 0x5f, 0x6c, 0x6f, 0x67, 0x5f, 0x73, 0x68, 0x69, 0x66, 0x74, 0x00, 0x61, 0x72, 0x6d, 0x2d, 0x61, 0x36, 0x34, 0x40,
0x32, 0x30, 0x32, 0x36, 0x2d, 0x30, 0x36, 0x3a, 0x4f, 0x52, 0x4e, 0x5f, 0x33, 0x32, 0x5f, 0x6c, 0x6f, 0x67, 0x5f, 0x73, 0x68, 0x69, 0x66, 0x74, 0x00, 0x61, 0x72, 0x6d, 0x2d, 0x61, 0x36, 0x34,
0x40, 0x32, 0x30, 0x32, 0x36, 0x2d, 0x30, 0x36, 0x3a, 0x4d, 0x56, 0x4e, 0x5f, 0x4f, 0x52, 0x4e, 0x5f, 0x36, 0x34, 0x5f, 0x6c, 0x6f, 0x67, 0x5f, 0x73, 0x68, 0x69, 0x66, 0x74, 0x00, 0x61, 0x72,
0x6d, 0x2d, 0x61, 0x36, 0x34, 0x40, 0x32, 0x30, 0x32, 0x36, 0x2d, 0x30, 0x36, 0x3a, 0x4f, 0x52, 0x4e, 0x5f, 0x36, 0x34, 0x5f, 0x6c, 0x6f, 0x67, 0x5f, 0x73, 0x68, 0x69, 0x66, 0x74, 0x00, 0x61,
0x72, 0x6d, 0x2d, 0x61, 0x36, 0x34, 0x40, 0x32, 0x30, 0x32, 0x36, 0x2d, 0x30, 0x36, 0x3a, 0x4e, 0x45, 0x47, 0x53, 0x5f, 0x53, 0x55, 0x42, 0x53, 0x5f, 0x33, 0x32, 0x5f, 0x61, 0x64, 0x64, 0x73,
0x75, 0x62, 0x5f, 0x73, 0x68, 0x69, 0x66, 0x74, 0x00, 0x61, 0x72, 0x6d, 0x2d, 0x61, 0x36, 0x34, 0x40, 0x32, 0x30, 0x32, 0x36, 0x2d, 0x30, 0x36, 0x3a, 0x4e, 0x45, 0x47, 0x53, 0x5f, 0x53, 0x55,
0x42, 0x53, 0x5f, 0x36, 0x34, 0x5f, 0x61, 0x64, 0x64, 0x73, 0x75, 0x62, 0x5f, 0x73, 0x68, 0x69, 0x66, 0x74, 0x00, 0x61, 0x72, 0x6d, 0x2d, 0x61, 0x36, 0x34, 0x40, 0x32, 0x30, 0x32, 0x36, 0x2d,
0x30, 0x36, 0x3a, 0x4e, 0x45, 0x47, 0x5f, 0x53, 0x55, 0x42, 0x5f, 0x33, 0x32, 0x5f, 0x61, 0x64, 0x64, 0x73, 0x75, 0x62, 0x5f, 0x73, 0x68, 0x69, 0x66, 0x74, 0x00, 0x61, 0x72, 0x6d, 0x2d, 0x61,
0x36, 0x34, 0x40, 0x32, 0x30, 0x32, 0x36, 0x2d, 0x30, 0x36, 0x3a, 0x53, 0x55, 0x42, 0x5f, 0x33, 0x32, 0x5f, 0x61, 0x64, 0x64, 0x73, 0x75, 0x62, 0x5f, 0x73, 0x68, 0x69, 0x66, 0x74, 0x00, 0x61,
0x72, 0x6d, 0x2d, 0x61, 0x36, 0x34, 0x40, 0x32, 0x30, 0x32, 0x36, 0x2d, 0x30, 0x36, 0x3a, 0x4e, 0x45, 0x47, 0x5f, 0x53, 0x55, 0x42, 0x5f, 0x36, 0x34, 0x5f, 0x61, 0x64, 0x64, 0x73, 0x75, 0x62,
0x5f, 0x73, 0x68, 0x69, 0x66, 0x74, 0x00, 0x61, 0x72, 0x6d, 0x2d, 0x61, 0x36, 0x34, 0x40, 0x32, 0x30, 0x32, 0x36, 0x2d, 0x30, 0x36, 0x3a, 0x53, 0x55, 0x42, 0x5f, 0x36, 0x34, 0x5f, 0x61, 0x64,
0x64, 0x73, 0x75, 0x62, 0x5f, 0x73, 0x68, 0x69, 0x66, 0x74, 0x00, 0x61, 0x72, 0x6d, 0x2d, 0x61, 0x36, 0x34, 0x40, 0x32, 0x30, 0x32, 0x36, 0x2d, 0x30, 0x36, 0x3a, 0x4e, 0x47, 0x43, 0x53, 0x5f,
0x53, 0x42, 0x43, 0x53, 0x5f, 0x33, 0x32, 0x5f, 0x61, 0x64, 0x64, 0x73, 0x75, 0x62, 0x5f, 0x63, 0x61, 0x72, 0x72, 0x79, 0x00, 0x61, 0x72, 0x6d, 0x2d, 0x61, 0x36, 0x34, 0x40, 0x32, 0x30, 0x32,
0x36, 0x2d, 0x30, 0x36, 0x3a, 0x53, 0x42, 0x43, 0x53, 0x5f, 0x33, 0x32, 0x5f, 0x61, 0x64, 0x64, 0x73, 0x75, 0x62, 0x5f, 0x63, 0x61, 0x72, 0x72, 0x79, 0x00, 0x61, 0x72, 0x6d, 0x2d, 0x61, 0x36,
0x34, 0x40, 0x32, 0x30, 0x32, 0x36, 0x2d, 0x30, 0x36, 0x3a, 0x4e, 0x47, 0x43, 0x53, 0x5f, 0x53, 0x42, 0x43, 0x53, 0x5f, 0x36, 0x34, 0x5f, 0x61, 0x64, 0x64, 0x73, 0x75, 0x62, 0x5f, 0x63, 0x61,
0x72, 0x72, 0x79, 0x00, 0x61, 0x72, 0x6d, 0x2d, 0x61, 0x36, 0x34, 0x40, 0x32, 0x30, 0x32, 0x36, 0x2d, 0x30, 0x36, 0x3a, 0x53, 0x42, 0x43, 0x53, 0x5f, 0x36, 0x34, 0x5f, 0x61, 0x64, 0x64, 0x73,
0x75, 0x62, 0x5f, 0x63, 0x61, 0x72, 0x72, 0x79, 0x00, 0x61, 0x72, 0x6d, 0x2d, 0x61, 0x36, 0x34, 0x40, 0x32, 0x30, 0x32, 0x36, 0x2d, 0x30, 0x36, 0x3a, 0x4e, 0x47, 0x43, 0x5f, 0x53, 0x42, 0x43,
0x5f, 0x33, 0x32, 0x5f, 0x61, 0x64, 0x64, 0x73, 0x75, 0x62, 0x5f, 0x63, 0x61, 0x72, 0x72, 0x79, 0x00, 0x61, 0x72, 0x6d, 0x2d, 0x61, 0x36, 0x34, 0x40, 0x32, 0x30, 0x32, 0x36, 0x2d, 0x30, 0x36,
0x3a, 0x53, 0x42, 0x43, 0x5f, 0x33, 0x32, 0x5f, 0x61, 0x64, 0x64, 0x73, 0x75, 0x62, 0x5f, 0x63, 0x61, 0x72, 0x72, 0x79, 0x00, 0x61, 0x72, 0x6d, 0x2d, 0x61, 0x36, 0x34, 0x40, 0x32, 0x30, 0x32,
0x36, 0x2d, 0x30, 0x36, 0x3a, 0x4e, 0x47, 0x43, 0x5f, 0x53, 0x42, 0x43, 0x5f, 0x36, 0x34, 0x5f, 0x61, 0x64, 0x64, 0x73, 0x75, 0x62, 0x5f, 0x63, 0x61, 0x72, 0x72, 0x79, 0x00, 0x61, 0x72, 0x6d,
0x2d, 0x61, 0x36, 0x34, 0x40, 0x32, 0x30, 0x32, 0x36, 0x2d, 0x30, 0x36, 0x3a, 0x53, 0x42, 0x43, 0x5f, 0x36, 0x34, 0x5f, 0x61, 0x64, 0x64, 0x73, 0x75, 0x62, 0x5f, 0x63, 0x61, 0x72, 0x72, 0x79,
0x00, 0x61, 0x72, 0x6d, 0x2d, 0x61, 0x36, 0x34, 0x40, 0x32, 0x30, 0x32, 0x36, 0x2d, 0x30, 0x36, 0x3a, 0x50, 0x53, 0x53, 0x42, 0x42, 0x5f, 0x44, 0x53, 0x42, 0x5f, 0x42, 0x4f, 0x5f, 0x62, 0x61,
0x72, 0x72, 0x69, 0x65, 0x72, 0x73, 0x00, 0x61, 0x72, 0x6d, 0x2d, 0x61, 0x36, 0x34, 0x40, 0x32, 0x30, 0x32, 0x36, 0x2d, 0x30, 0x36, 0x3a, 0x44, 0x53, 0x42, 0x5f, 0x42, 0x4f, 0x5f, 0x62, 0x61,
0x72, 0x72, 0x69, 0x65, 0x72, 0x73, 0x00, 0x61, 0x72, 0x6d, 0x2d, 0x61, 0x36, 0x34, 0x40, 0x32, 0x30, 0x32, 0x36, 0x2d, 0x30, 0x36, 0x3a, 0x52, 0x45, 0x56, 0x36, 0x34, 0x5f, 0x52, 0x45, 0x56,
0x5f, 0x36, 0x34, 0x5f, 0x64, 0x70, 0x5f, 0x31, 0x73, 0x72, 0x63, 0x00, 0x61, 0x72, 0x6d, 0x2d, 0x61, 0x36, 0x34, 0x40, 0x32, 0x30, 0x32, 0x36, 0x2d, 0x30, 0x36, 0x3a, 0x52, 0x45, 0x56, 0x5f,
0x36, 0x34, 0x5f, 0x64, 0x70, 0x5f, 0x31, 0x73, 0x72, 0x63, 0x00, 0x61, 0x72, 0x6d, 0x2d, 0x61, 0x36, 0x34, 0x40, 0x32, 0x30, 0x32, 0x36, 0x2d, 0x30, 0x36, 0x3a, 0x52, 0x4f, 0x52, 0x5f, 0x45,
0x58, 0x54, 0x52, 0x5f, 0x33, 0x32, 0x5f, 0x65, 0x78, 0x74, 0x72, 0x61, 0x63, 0x74, 0x00, 0x61, 0x72, 0x6d, 0x2d, 0x61, 0x36, 0x34, 0x40, 0x32, 0x30, 0x32, 0x36, 0x2d, 0x30, 0x36, 0x3a, 0x45,
0x58, 0x54, 0x52, 0x5f, 0x33, 0x32, 0x5f, 0x65, 0x78, 0x74, 0x72, 0x61, 0x63, 0x74, 0x00, 0x61, 0x72, 0x6d, 0x2d, 0x61, 0x36, 0x34, 0x40, 0x32, 0x30, 0x32, 0x36, 0x2d, 0x30, 0x36, 0x3a, 0x52,
0x4f, 0x52, 0x5f, 0x45, 0x58, 0x54, 0x52, 0x5f, 0x36, 0x34, 0x5f, 0x65, 0x78, 0x74, 0x72, 0x61, 0x63, 0x74, 0x00, 0x61, 0x72, 0x6d, 0x2d, 0x61, 0x36, 0x34, 0x40, 0x32, 0x30, 0x32, 0x36, 0x2d,
0x30, 0x36, 0x3a, 0x45, 0x58, 0x54, 0x52, 0x5f, 0x36, 0x34, 0x5f, 0x65, 0x78, 0x74, 0x72, 0x61, 0x63, 0x74, 0x00, 0x61, 0x72, 0x6d, 0x2d, 0x61, 0x36, 0x34, 0x40, 0x32, 0x30, 0x32, 0x36, 0x2d,
0x30, 0x36, 0x3a, 0x52, 0x4f, 0x52, 0x5f, 0x52, 0x4f, 0x52, 0x56, 0x5f, 0x33, 0x32, 0x5f, 0x64, 0x70, 0x5f, 0x32, 0x73, 0x72, 0x63, 0x00, 0x61, 0x72, 0x6d, 0x2d, 0x61, 0x36, 0x34, 0x40, 0x32,
0x30, 0x32, 0x36, 0x2d, 0x30, 0x36, 0x3a, 0x52, 0x4f, 0x52, 0x56, 0x5f, 0x33, 0x32, 0x5f, 0x64, 0x70, 0x5f, 0x32, 0x73, 0x72, 0x63, 0x00, 0x61, 0x72, 0x6d, 0x2d, 0x61, 0x36, 0x34, 0x40, 0x32,
0x30, 0x32, 0x36, 0x2d, 0x30, 0x36, 0x3a, 0x52, 0x4f, 0x52, 0x5f, 0x52, 0x4f, 0x52, 0x56, 0x5f, 0x36, 0x34, 0x5f, 0x64, 0x70, 0x5f, 0x32, 0x73, 0x72, 0x63, 0x00, 0x61, 0x72, 0x6d, 0x2d, 0x61,
0x36, 0x34, 0x40, 0x32, 0x30, 0x32, 0x36, 0x2d, 0x30, 0x36, 0x3a, 0x52, 0x4f, 0x52, 0x56, 0x5f, 0x36, 0x34, 0x5f, 0x64, 0x70, 0x5f, 0x32, 0x73, 0x72, 0x63, 0x00, 0x61, 0x72, 0x6d, 0x2d, 0x61,
0x36, 0x34, 0x40, 0x32, 0x30, 0x32, 0x36, 0x2d, 0x30, 0x36, 0x3a, 0x53, 0x42, 0x46, 0x49, 0x5a, 0x5f, 0x53, 0x42, 0x46, 0x4d, 0x5f, 0x33, 0x32, 0x4d, 0x5f, 0x62, 0x69, 0x74, 0x66, 0x69, 0x65,
0x6c, 0x64, 0x00, 0x61, 0x72, 0x6d, 0x2d, 0x61, 0x36, 0x34, 0x40, 0x32, 0x30, 0x32, 0x36, 0x2d, 0x30, 0x36, 0x3a, 0x53, 0x42, 0x46, 0x49, 0x5a, 0x5f, 0x53, 0x42, 0x46, 0x4d, 0x5f, 0x36, 0x34,
0x4d, 0x5f, 0x62, 0x69, 0x74, 0x66, 0x69, 0x65, 0x6c, 0x64, 0x00, 0x61, 0x72, 0x6d, 0x2d, 0x61, 0x36, 0x34, 0x40, 0x32, 0x30, 0x32, 0x36, 0x2d, 0x30, 0x36, 0x3a, 0x53, 0x42, 0x46, 0x58, 0x5f,
0x53, 0x42, 0x46, 0x4d, 0x5f, 0x33, 0x32, 0x4d, 0x5f, 0x62, 0x69, 0x74, 0x66, 0x69, 0x65, 0x6c, 0x64, 0x00, 0x61, 0x72, 0x6d, 0x2d, 0x61, 0x36, 0x34, 0x40, 0x32, 0x30, 0x32, 0x36, 0x2d, 0x30,
0x36, 0x3a, 0x53, 0x42, 0x46, 0x58, 0x5f, 0x53, 0x42, 0x46, 0x4d, 0x5f, 0x36, 0x34, 0x4d, 0x5f, 0x62, 0x69, 0x74, 0x66, 0x69, 0x65, 0x6c, 0x64, 0x00, 0x61, 0x72, 0x6d, 0x2d, 0x61, 0x36, 0x34,
0x40, 0x32, 0x30, 0x32, 0x36, 0x2d, 0x30, 0x36, 0x3a, 0x53, 0x4d, 0x4e, 0x45, 0x47, 0x4c, 0x5f, 0x53, 0x4d, 0x53, 0x55, 0x42, 0x4c, 0x5f, 0x36, 0x34, 0x57, 0x41, 0x5f, 0x64, 0x70, 0x5f, 0x33,
0x73, 0x72, 0x63, 0x00, 0x61, 0x72, 0x6d, 0x2d, 0x61, 0x36, 0x34, 0x40, 0x32, 0x30, 0x32, 0x36, 0x2d, 0x30, 0x36, 0x3a, 0x53, 0x4d, 0x53, 0x55, 0x42, 0x4c, 0x5f, 0x36, 0x34, 0x57, 0x41, 0x5f,
0x64, 0x70, 0x5f, 0x33, 0x73, 0x72, 0x63, 0x00, 0x61, 0x72, 0x6d, 0x2d, 0x61, 0x36, 0x34, 0x40, 0x32, 0x30, 0x32, 0x36, 0x2d, 0x30, 0x36, 0x3a, 0x53, 0x4d, 0x55, 0x4c, 0x4c, 0x5f, 0x53, 0x4d,
0x41, 0x44, 0x44, 0x4c, 0x5f, 0x36, 0x34, 0x57, 0x41, 0x5f, 0x64, 0x70, 0x5f, 0x33, 0x73, 0x72, 0x63, 0x00, 0x61, 0x72, 0x6d, 0x2d, 0x61, 0x36, 0x34, 0x40, 0x32, 0x30, 0x32, 0x36, 0x2d, 0x30,
0x36, 0x3a, 0x53, 0x4d, 0x41, 0x44, 0x44, 0x4c, 0x5f, 0x36, 0x34, 0x57, 0x41, 0x5f, 0x64, 0x70, 0x5f, 0x33, 0x73, 0x72, 0x63, 0x00, 0x61, 0x72, 0x6d, 0x2d, 0x61, 0x36, 0x34, 0x40, 0x32, 0x30,
0x32, 0x36, 0x2d, 0x30, 0x36, 0x3a, 0x53, 0x53, 0x42, 0x42, 0x5f, 0x44, 0x53, 0x42, 0x5f, 0x42, 0x4f, 0x5f, 0x62, 0x61, 0x72, 0x72, 0x69, 0x65, 0x72, 0x73, 0x00, 0x61, 0x72, 0x6d, 0x2d, 0x61,
0x36, 0x34, 0x40, 0x32, 0x30, 0x32, 0x36, 0x2d, 0x30, 0x36, 0x3a, 0x53, 0x54, 0x41, 0x44, 0x44, 0x42, 0x5f, 0x4c, 0x44, 0x41, 0x44, 0x44, 0x42, 0x5f, 0x33, 0x32, 0x5f, 0x6d, 0x65, 0x6d, 0x6f,
0x70, 0x00, 0x61, 0x72, 0x6d, 0x2d, 0x61, 0x36, 0x34, 0x40, 0x32, 0x30, 0x32, 0x36, 0x2d, 0x30, 0x36, 0x3a, 0x4c, 0x44, 0x41, 0x44, 0x44, 0x42, 0x5f, 0x33, 0x32, 0x5f, 0x6d, 0x65, 0x6d, 0x6f,
0x70, 0x00, 0x61, 0x72, 0x6d, 0x2d, 0x61, 0x36, 0x34, 0x40, 0x32, 0x30, 0x32, 0x36, 0x2d, 0x30, 0x36, 0x3a, 0x53, 0x54, 0x41, 0x44, 0x44, 0x48, 0x5f, 0x4c, 0x44, 0x41, 0x44, 0x44, 0x48, 0x5f,
0x33, 0x32, 0x5f, 0x6d, 0x65, 0x6d, 0x6f, 0x70, 0x00, 0x61, 0x72, 0x6d, 0x2d, 0x61, 0x36, 0x34, 0x40, 0x32, 0x30, 0x32, 0x36, 0x2d, 0x30, 0x36, 0x3a, 0x4c, 0x44, 0x41, 0x44, 0x44, 0x48, 0x5f,
0x33, 0x32, 0x5f, 0x6d, 0x65, 0x6d, 0x6f, 0x70, 0x00, 0x61, 0x72, 0x6d, 0x2d, 0x61, 0x36, 0x34, 0x40, 0x32, 0x30, 0x32, 0x36, 0x2d, 0x30, 0x36, 0x3a, 0x53, 0x54, 0x41, 0x44, 0x44, 0x4c, 0x42,
0x5f, 0x4c, 0x44, 0x41, 0x44, 0x44, 0x4c, 0x42, 0x5f, 0x33, 0x32, 0x5f, 0x6d, 0x65, 0x6d, 0x6f, 0x70, 0x00, 0x61, 0x72, 0x6d, 0x2d, 0x61, 0x36, 0x34, 0x40, 0x32, 0x30, 0x32, 0x36, 0x2d, 0x30,
0x36, 0x3a, 0x4c, 0x44, 0x41, 0x44, 0x44, 0x4c, 0x42, 0x5f, 0x33, 0x32, 0x5f, 0x6d, 0x65, 0x6d, 0x6f, 0x70, 0x00, 0x61, 0x72, 0x6d, 0x2d, 0x61, 0x36, 0x34, 0x40, 0x32, 0x30, 0x32, 0x36, 0x2d,
0x30, 0x36, 0x3a, 0x53, 0x54, 0x41, 0x44, 0x44, 0x4c, 0x48, 0x5f, 0x4c, 0x44, 0x41, 0x44, 0x44, 0x4c, 0x48, 0x5f, 0x33, 0x32, 0x5f, 0x6d, 0x65, 0x6d, 0x6f, 0x70, 0x00, 0x61, 0x72, 0x6d, 0x2d,
0x61, 0x36, 0x34, 0x40, 0x32, 0x30, 0x32, 0x36, 0x2d, 0x30, 0x36, 0x3a, 0x4c, 0x44, 0x41, 0x44, 0x44, 0x4c, 0x48, 0x5f, 0x33, 0x32, 0x5f, 0x6d, 0x65, 0x6d, 0x6f, 0x70, 0x00, 0x61, 0x72, 0x6d,
0x2d, 0x61, 0x36, 0x34, 0x40, 0x32, 0x30, 0x32, 0x36, 0x2d, 0x30, 0x36, 0x3a, 0x53, 0x54, 0x41, 0x44, 0x44, 0x4c, 0x5f, 0x4c, 0x44, 0x41, 0x44, 0x44, 0x4c, 0x5f, 0x33, 0x32, 0x5f, 0x6d, 0x65,
0x6d, 0x6f, 0x70, 0x00, 0x61, 0x72, 0x6d, 0x2d, 0x61, 0x36, 0x34, 0x40, 0x32, 0x30, 0x32, 0x36, 0x2d, 0x30, 0x36, 0x3a, 0x4c, 0x44, 0x41, 0x44, 0x44, 0x4c, 0x5f, 0x33, 0x32, 0x5f, 0x6d, 0x65,
0x6d, 0x6f, 0x70, 0x00, 0x61, 0x72, 0x6d, 0x2d, 0x61, 0x36, 0x34, 0x40, 0x32, 0x30, 0x32, 0x36, 0x2d, 0x30, 0x36, 0x3a, 0x53, 0x54, 0x41, 0x44, 0x44, 0x4c, 0x5f, 0x4c, 0x44, 0x41, 0x44, 0x44,
0x4c, 0x5f, 0x36, 0x34, 0x5f, 0x6d, 0x65, 0x6d, 0x6f, 0x70, 0x00, 0x61, 0x72, 0x6d, 0x2d, 0x61, 0x36, 0x34, 0x40, 0x32, 0x30, 0x32, 0x36, 0x2d, 0x30, 0x36, 0x3a, 0x4c, 0x44, 0x41, 0x44, 0x44,
0x4c, 0x5f, 0x36, 0x34, 0x5f, 0x6d, 0x65, 0x6d, 0x6f, 0x70, 0x00, 0x61, 0x72, 0x6d, 0x2d, 0x61, 0x36, 0x34, 0x40, 0x32, 0x30, 0x32, 0x36, 0x2d, 0x30, 0x36, 0x3a, 0x53, 0x54, 0x41, 0x44, 0x44,
0x5f, 0x4c, 0x44, 0x41, 0x44, 0x44, 0x5f, 0x33, 0x32, 0x5f, 0x6d, 0x65, 0x6d, 0x6f, 0x70, 0x00, 0x61, 0x72, 0x6d, 0x2d, 0x61, 0x36, 0x34, 0x40, 0x32, 0x30, 0x32, 0x36, 0x2d, 0x30, 0x36, 0x3a,
0x4c, 0x44, 0x41, 0x44, 0x44, 0x5f, 0x33, 0x32, 0x5f, 0x6d, 0x65, 0x6d, 0x6f, 0x70, 0x00, 0x61, 0x72, 0x6d, 0x2d, 0x61, 0x36, 0x34, 0x40, 0x32, 0x30, 0x32, 0x36, 0x2d, 0x30, 0x36, 0x3a, 0x53,
0x54, 0x41, 0x44, 0x44, 0x5f, 0x4c, 0x44, 0x41, 0x44, 0x44, 0x5f, 0x36, 0x34, 0x5f, 0x6d, 0x65, 0x6d, 0x6f, 0x70, 0x00, 0x61, 0x72, 0x6d, 0x2d, 0x61, 0x36, 0x34, 0x40, 0x32, 0x30, 0x32, 0x36,
0x2d, 0x30, 0x36, 0x3a, 0x4c, 0x44, 0x41, 0x44, 0x44, 0x5f, 0x36, 0x34, 0x5f, 0x6d, 0x65, 0x6d, 0x6f, 0x70, 0x00, 0x61, 0x72, 0x6d, 0x2d, 0x61, 0x36, 0x34, 0x40, 0x32, 0x30, 0x32, 0x36, 0x2d,
0x30, 0x36, 0x3a, 0x53, 0x54, 0x43, 0x4c, 0x52, 0x42, 0x5f, 0x4c, 0x44, 0x43, 0x4c, 0x52, 0x42, 0x5f, 0x33, 0x32, 0x5f, 0x6d, 0x65, 0x6d, 0x6f, 0x70, 0x00, 0x61, 0x72, 0x6d, 0x2d, 0x61, 0x36,
0x34, 0x40, 0x32, 0x30, 0x32, 0x36, 0x2d, 0x30, 0x36, 0x3a, 0x4c, 0x44, 0x43, 0x4c, 0x52, 0x42, 0x5f, 0x33, 0x32, 0x5f, 0x6d, 0x65, 0x6d, 0x6f, 0x70, 0x00, 0x61, 0x72, 0x6d, 0x2d, 0x61, 0x36,
0x34, 0x40, 0x32, 0x30, 0x32, 0x36, 0x2d, 0x30, 0x36, 0x3a, 0x53, 0x54, 0x43, 0x4c, 0x52, 0x48, 0x5f, 0x4c, 0x44, 0x43, 0x4c, 0x52, 0x48, 0x5f, 0x33, 0x32, 0x5f, 0x6d, 0x65, 0x6d, 0x6f, 0x70,
0x00, 0x61, 0x72, 0x6d, 0x2d, 0x61, 0x36, 0x34, 0x40, 0x32, 0x30, 0x32, 0x36, 0x2d, 0x30, 0x36, 0x3a, 0x4c, 0x44, 0x43, 0x4c, 0x52, 0x48, 0x5f, 0x33, 0x32, 0x5f, 0x6d, 0x65, 0x6d, 0x6f, 0x70,
0x00, 0x61, 0x72, 0x6d, 0x2d, 0x61, 0x36, 0x34, 0x40, 0x32, 0x30, 0x32, 0x36, 0x2d, 0x30, 0x36, 0x3a, 0x53, 0x54, 0x43, 0x4c, 0x52, 0x4c, 0x42, 0x5f, 0x4c, 0x44, 0x43, 0x4c, 0x52, 0x4c, 0x42,
0x5f, 0x33, 0x32, 0x5f, 0x6d, 0x65, 0x6d, 0x6f, 0x70, 0x00, 0x61, 0x72, 0x6d, 0x2d, 0x61, 0x36, 0x34, 0x40, 0x32, 0x30, 0x32, 0x36, 0x2d, 0x30, 0x36, 0x3a, 0x4c, 0x44, 0x43, 0x4c, 0x52, 0x4c,
0x42, 0x5f, 0x33, 0x32, 0x5f, 0x6d, 0x65, 0x6d, 0x6f, 0x70, 0x00, 0x61, 0x72, 0x6d, 0x2d, 0x61, 0x36, 0x34, 0x40, 0x32, 0x30, 0x32, 0x36, 0x2d, 0x30, 0x36, 0x3a, 0x53, 0x54, 0x43, 0x4c, 0x52,
0x4c, 0x48, 0x5f, 0x4c, 0x44, 0x43, 0x4c, 0x52, 0x4c, 0x48, 0x5f, 0x33, 0x32, 0x5f, 0x6d, 0x65, 0x6d, 0x6f, 0x70, 0x00, 0x61, 0x72, 0x6d, 0x2d, 0x61, 0x36, 0x34, 0x40, 0x32, 0x30, 0x32, 0x36,
0x2d, 0x30, 0x36, 0x3a, 0x4c, 0x44, 0x43, 0x4c, 0x52, 0x4c, 0x48, 0x5f, 0x33, 0x32, 0x5f, 0x6d, 0x65, 0x6d, 0x6f, 0x70, 0x00, 0x61, 0x72, 0x6d, 0x2d, 0x61, 0x36, 0x34, 0x40, 0x32, 0x30, 0x32,
0x36, 0x2d, 0x30, 0x36, 0x3a, 0x53, 0x54, 0x43, 0x4c, 0x52, 0x4c, 0x5f, 0x4c, 0x44, 0x43, 0x4c, 0x52, 0x4c, 0x5f, 0x33, 0x32, 0x5f, 0x6d, 0x65, 0x6d, 0x6f, 0x70, 0x00, 0x61, 0x72, 0x6d, 0x2d,
0x61, 0x36, 0x34, 0x40, 0x32, 0x30, 0x32, 0x36, 0x2d, 0x30, 0x36, 0x3a, 0x4c, 0x44, 0x43, 0x4c, 0x52, 0x4c, 0x5f, 0x33, 0x32, 0x5f, 0x6d, 0x65, 0x6d, 0x6f, 0x70, 0x00, 0x61, 0x72, 0x6d, 0x2d,
0x61, 0x36, 0x34, 0x40, 0x32, 0x30, 0x32, 0x36, 0x2d, 0x30, 0x36, 0x3a, 0x53, 0x54, 0x43, 0x4c, 0x52, 0x4c, 0x5f, 0x4c, 0x44, 0x43, 0x4c, 0x52, 0x4c, 0x5f, 0x36, 0x34, 0x5f, 0x6d, 0x65, 0x6d,
0x6f, 0x70, 0x00, 0x61, 0x72, 0x6d, 0x2d, 0x61, 0x36, 0x34, 0x40, 0x32, 0x30, 0x32, 0x36, 0x2d, 0x30, 0x36, 0x3a, 0x4c, 0x44, 0x43, 0x4c, 0x52, 0x4c, 0x5f, 0x36, 0x34, 0x5f, 0x6d, 0x65, 0x6d,
0x6f, 0x70, 0x00, 0x61, 0x72, 0x6d, 0x2d, 0x61, 0x36, 0x34, 0x40, 0x32, 0x30, 0x32, 0x36, 0x2d, 0x30, 0x36, 0x3a, 0x53, 0x54, 0x43, 0x4c, 0x52, 0x5f, 0x4c, 0x44, 0x43, 0x4c, 0x52, 0x5f, 0x33,
0x32, 0x5f, 0x6d, 0x65, 0x6d, 0x6f, 0x70, 0x00, 0x61, 0x72, 0x6d, 0x2d, 0x61, 0x36, 0x34, 0x40, 0x32, 0x30, 0x32, 0x36, 0x2d, 0x30, 0x36, 0x3a, 0x4c, 0x44, 0x43, 0x4c, 0x52, 0x5f, 0x33, 0x32,
0x5f, 0x6d, 0x65, 0x6d, 0x6f, 0x70, 0x00, 0x61, 0x72, 0x6d, 0x2d, 0x61, 0x36, 0x34, 0x40, 0x32, 0x30, 0x32, 0x36, 0x2d, 0x30, 0x36, 0x3a, 0x53, 0x54, 0x43, 0x4c, 0x52, 0x5f, 0x4c, 0x44, 0x43,
0x4c, 0x52, 0x5f, 0x36, 0x34, 0x5f, 0x6d, 0x65, 0x6d, 0x6f, 0x70, 0x00, 0x61, 0x72, 0x6d, 0x2d, 0x61, 0x36, 0x34, 0x40, 0x32, 0x30, 0x32, 0x36, 0x2d, 0x30, 0x36, 0x3a, 0x4c, 0x44, 0x43, 0x4c,
0x52, 0x5f, 0x36, 0x34, 0x5f, 0x6d, 0x65, 0x6d, 0x6f, 0x70, 0x00, 0x61, 0x72, 0x6d, 0x2d, 0x61, 0x36, 0x34, 0x40, 0x32, 0x30, 0x32, 0x36, 0x2d, 0x30, 0x36, 0x3a, 0x53, 0x54, 0x45, 0x4f, 0x52,
0x42, 0x5f, 0x4c, 0x44, 0x45, 0x4f, 0x52, 0x42, 0x5f, 0x33, 0x32, 0x5f, 0x6d, 0x65, 0x6d, 0x6f, 0x70, 0x00, 0x61, 0x72, 0x6d, 0x2d, 0x61, 0x36, 0x34, 0x40, 0x32, 0x30, 0x32, 0x36, 0x2d, 0x30,
0x36, 0x3a, 0x4c, 0x44, 0x45, 0x4f, 0x52, 0x42, 0x5f, 0x33, 0x32, 0x5f, 0x6d, 0x65, 0x6d, 0x6f, 0x70, 0x00, 0x61, 0x72, 0x6d, 0x2d, 0x61, 0x36, 0x34, 0x40, 0x32, 0x30, 0x32, 0x36, 0x2d, 0x30,
0x36, 0x3a, 0x53, 0x54, 0x45, 0x4f, 0x52, 0x48, 0x5f, 0x4c, 0x44, 0x45, 0x4f, 0x52, 0x48, 0x5f, 0x33, 0x32, 0x5f, 0x6d, 0x65, 0x6d, 0x6f, 0x70, 0x00, 0x61, 0x72, 0x6d, 0x2d, 0x61, 0x36, 0x34,
0x40, 0x32, 0x30, 0x32, 0x36, 0x2d, 0x30, 0x36, 0x3a, 0x4c, 0x44, 0x45, 0x4f, 0x52, 0x48, 0x5f, 0x33, 0x32, 0x5f, 0x6d, 0x65, 0x6d, 0x6f, 0x70, 0x00, 0x61, 0x72, 0x6d, 0x2d, 0x61, 0x36, 0x34,
0x40, 0x32, 0x30, 0x32, 0x36, 0x2d, 0x30, 0x36, 0x3a, 0x53, 0x54, 0x45, 0x4f, 0x52, 0x4c, 0x42, 0x5f, 0x4c, 0x44, 0x45, 0x4f, 0x52, 0x4c, 0x42, 0x5f, 0x33, 0x32, 0x5f, 0x6d, 0x65, 0x6d, 0x6f,
0x70, 0x00, 0x61, 0x72, 0x6d, 0x2d, 0x61, 0x36, 0x34, 0x40, 0x32, 0x30, 0x32, 0x36, 0x2d, 0x30, 0x36, 0x3a, 0x4c, 0x44, 0x45, 0x4f, 0x52, 0x4c, 0x42, 0x5f, 0x33, 0x32, 0x5f, 0x6d, 0x65, 0x6d,
0x6f, 0x70, 0x00, 0x61, 0x72, 0x6d, 0x2d, 0x61, 0x36, 0x34, 0x40, 0x32, 0x30, 0x32, 0x36, 0x2d, 0x30, 0x36, 0x3a, 0x53, 0x54, 0x45, 0x4f, 0x52, 0x4c, 0x48, 0x5f, 0x4c, 0x44, 0x45, 0x4f, 0x52,
0x4c, 0x48, 0x5f, 0x33, 0x32, 0x5f, 0x6d, 0x65, 0x6d, 0x6f, 0x70, 0x00, 0x61, 0x72, 0x6d, 0x2d, 0x61, 0x36, 0x34, 0x40, 0x32, 0x30, 0x32, 0x36, 0x2d, 0x30, 0x36, 0x3a, 0x4c, 0x44, 0x45, 0x4f,
0x52, 0x4c, 0x48, 0x5f, 0x33, 0x32, 0x5f, 0x6d, 0x65, 0x6d, 0x6f, 0x70, 0x00, 0x61, 0x72, 0x6d, 0x2d, 0x61, 0x36, 0x34, 0x40, 0x32, 0x30, 0x32, 0x36, 0x2d, 0x30, 0x36, 0x3a, 0x53, 0x54, 0x45,
0x4f, 0x52, 0x4c, 0x5f, 0x4c, 0x44, 0x45, 0x4f, 0x52, 0x4c, 0x5f, 0x33, 0x32, 0x5f, 0x6d, 0x65, 0x6d, 0x6f, 0x70, 0x00, 0x61, 0x72, 0x6d, 0x2d, 0x61, 0x36, 0x34, 0x40, 0x32, 0x30, 0x32, 0x36,
0x2d, 0x30, 0x36, 0x3a, 0x4c, 0x44, 0x45, 0x4f, 0x52, 0x4c, 0x5f, 0x33, 0x32, 0x5f, 0x6d, 0x65, 0x6d, 0x6f, 0x70, 0x00, 0x61, 0x72, 0x6d, 0x2d, 0x61, 0x36, 0x34, 0x40, 0x32, 0x30, 0x32, 0x36,
0x2d, 0x30, 0x36, 0x3a, 0x53, 0x54, 0x45, 0x4f, 0x52, 0x4c, 0x5f, 0x4c, 0x44, 0x45, 0x4f, 0x52, 0x4c, 0x5f, 0x36, 0x34, 0x5f, 0x6d, 0x65, 0x6d, 0x6f, 0x70, 0x00, 0x61, 0x72, 0x6d, 0x2d, 0x61,
0x36, 0x34, 0x40, 0x32, 0x30, 0x32, 0x36, 0x2d, 0x30, 0x36, 0x3a, 0x4c, 0x44, 0x45, 0x4f, 0x52, 0x4c, 0x5f, 0x36, 0x34, 0x5f, 0x6d, 0x65, 0x6d, 0x6f, 0x70, 0x00, 0x61, 0x72, 0x6d, 0x2d, 0x61,
0x36, 0x34, 0x40, 0x32, 0x30, 0x32, 0x36, 0x2d, 0x30, 0x36, 0x3a, 0x53, 0x54, 0x45, 0x4f, 0x52, 0x5f, 0x4c, 0x44, 0x45, 0x4f, 0x52, 0x5f, 0x33, 0x32, 0x5f, 0x6d, 0x65, 0x6d, 0x6f, 0x70, 0x00,
0x61, 0x72, 0x6d, 0x2d, 0x61, 0x36, 0x34, 0x40, 0x32, 0x30, 0x32, 0x36, 0x2d, 0x30, 0x36, 0x3a, 0x4c, 0x44, 0x45, 0x4f, 0x52, 0x5f, 0x33, 0x32, 0x5f, 0x6d, 0x65, 0x6d, 0x6f, 0x70, 0x00, 0x61,
0x72, 0x6d, 0x2d, 0x61, 0x36, 0x34, 0x40, 0x32, 0x30, 0x32, 0x36, 0x2d, 0x30, 0x36, 0x3a, 0x53, 0x54, 0x45, 0x4f, 0x52, 0x5f, 0x4c, 0x44, 0x45, 0x4f, 0x52, 0x5f, 0x36, 0x34, 0x5f, 0x6d, 0x65,
0x6d, 0x6f, 0x70, 0x00, 0x61, 0x72, 0x6d, 0x2d, 0x61, 0x36, 0x34, 0x40, 0x32, 0x30, 0x32, 0x36, 0x2d, 0x30, 0x36, 0x3a, 0x4c, 0x44, 0x45, 0x4f, 0x52, 0x5f, 0x36, 0x34, 0x5f, 0x6d, 0x65, 0x6d,
0x6f, 0x70, 0x00, 0x61, 0x72, 0x6d, 0x2d, 0x61, 0x36, 0x34, 0x40, 0x32, 0x30, 0x32, 0x36, 0x2d, 0x30, 0x36, 0x3a, 0x53, 0x54, 0x53, 0x45, 0x54, 0x42, 0x5f, 0x4c, 0x44, 0x53, 0x45, 0x54, 0x42,
0x5f, 0x33, 0x32, 0x5f, 0x6d, 0x65, 0x6d, 0x6f, 0x70, 0x00, 0x61, 0x72, 0x6d, 0x2d, 0x61, 0x36, 0x34, 0x40, 0x32, 0x30, 0x32, 0x36, 0x2d, 0x30, 0x36, 0x3a, 0x4c, 0x44, 0x53, 0x45, 0x54, 0x42,
0x5f, 0x33, 0x32, 0x5f, 0x6d, 0x65, 0x6d, 0x6f, 0x70, 0x00, 0x61, 0x72, 0x6d, 0x2d, 0x61, 0x36, 0x34, 0x40, 0x32, 0x30, 0x32, 0x36, 0x2d, 0x30, 0x36, 0x3a, 0x53, 0x54, 0x53, 0x45, 0x54, 0x48,
0x5f, 0x4c, 0x44, 0x53, 0x45, 0x54, 0x48, 0x5f, 0x33, 0x32, 0x5f, 0x6d, 0x65, 0x6d, 0x6f, 0x70, 0x00, 0x61, 0x72, 0x6d, 0x2d, 0x61, 0x36, 0x34, 0x40, 0x32, 0x30, 0x32, 0x36, 0x2d, 0x30, 0x36,
0x3a, 0x4c, 0x44, 0x53, 0x45, 0x54, 0x48, 0x5f, 0x33, 0x32, 0x5f, 0x6d, 0x65, 0x6d, 0x6f, 0x70, 0x00, 0x61, 0x72, 0x6d, 0x2d, 0x61, 0x36, 0x34, 0x40, 0x32, 0x30, 0x32, 0x36, 0x2d, 0x30, 0x36,
0x3a, 0x53, 0x54, 0x53, 0x45, 0x54, 0x4c, 0x42, 0x5f, 0x4c, 0x44, 0x53, 0x45, 0x54, 0x4c, 0x42, 0x5f, 0x33, 0x32, 0x5f, 0x6d, 0x65, 0x6d, 0x6f, 0x70, 0x00, 0x61, 0x72, 0x6d, 0x2d, 0x61, 0x36,
0x34, 0x40, 0x32, 0x30, 0x32, 0x36, 0x2d, 0x30, 0x36, 0x3a, 0x4c, 0x44, 0x53, 0x45, 0x54, 0x4c, 0x42, 0x5f, 0x33, 0x32, 0x5f, 0x6d, 0x65, 0x6d, 0x6f, 0x70, 0x00, 0x61, 0x72, 0x6d, 0x2d, 0x61,
0x36, 0x34, 0x40, 0x32, 0x30, 0x32, 0x36, 0x2d, 0x30, 0x36, 0x3a, 0x53, 0x54, 0x53, 0x45, 0x54, 0x4c, 0x48, 0x5f, 0x4c, 0x44, 0x53, 0x45, 0x54, 0x4c, 0x48, 0x5f, 0x33, 0x32, 0x5f, 0x6d, 0x65,
0x6d, 0x6f, 0x70, 0x00, 0x61, 0x72, 0x6d, 0x2d, 0x61, 0x36, 0x34, 0x40, 0x32, 0x30, 0x32, 0x36, 0x2d, 0x30, 0x36, 0x3a, 0x4c, 0x44, 0x53, 0x45, 0x54, 0x4c, 0x48, 0x5f, 0x33, 0x32, 0x5f, 0x6d,
0x65, 0x6d, 0x6f, 0x70, 0x00, 0x61, 0x72, 0x6d, 0x2d, 0x61, 0x36, 0x34, 0x40, 0x32, 0x30, 0x32, 0x36, 0x2d, 0x30, 0x36, 0x3a, 0x53, 0x54, 0x53, 0x45, 0x54, 0x4c, 0x5f, 0x4c, 0x44, 0x53, 0x45,
0x54, 0x4c, 0x5f, 0x33, 0x32, 0x5f, 0x6d, 0x65, 0x6d, 0x6f, 0x70, 0x00, 0x61, 0x72, 0x6d, 0x2d, 0x61, 0x36, 0x34, 0x40, 0x32, 0x30, 0x32, 0x36, 0x2d, 0x30, 0x36, 0x3a, 0x4c, 0x44, 0x53, 0x45,
0x54, 0x4c, 0x5f, 0x33, 0x32, 0x5f, 0x6d, 0x65, 0x6d, 0x6f, 0x70, 0x00, 0x61, 0x72, 0x6d, 0x2d, 0x61, 0x36, 0x34, 0x40, 0x32, 0x30, 0x32, 0x36, 0x2d, 0x30, 0x36, 0x3a, 0x53, 0x54, 0x53, 0x45,
0x54, 0x4c, 0x5f, 0x4c, 0x44, 0x53, 0x45, 0x54, 0x4c, 0x5f, 0x36, 0x34, 0x5f, 0x6d, 0x65, 0x6d, 0x6f, 0x70, 0x00, 0x61, 0x72, 0x6d, 0x2d, 0x61, 0x36, 0x34, 0x40, 0x32, 0x30, 0x32, 0x36, 0x2d,
0x30, 0x36, 0x3a, 0x4c, 0x44, 0x53, 0x45, 0x54, 0x4c, 0x5f, 0x36, 0x34, 0x5f, 0x6d, 0x65, 0x6d, 0x6f, 0x70, 0x00, 0x61, 0x72, 0x6d, 0x2d, 0x61, 0x36, 0x34, 0x40, 0x32, 0x30, 0x32, 0x36, 0x2d,
0x30, 0x36, 0x3a, 0x53, 0x54, 0x53, 0x45, 0x54, 0x5f, 0x4c, 0x44, 0x53, 0x45, 0x54, 0x5f, 0x33, 0x32, 0x5f, 0x6d, 0x65, 0x6d, 0x6f, 0x70, 0x00, 0x61, 0x72, 0x6d, 0x2d, 0x61, 0x36, 0x34, 0x40,
0x32, 0x30, 0x32, 0x36, 0x2d, 0x30, 0x36, 0x3a, 0x4c, 0x44, 0x53, 0x45, 0x54, 0x5f, 0x33, 0x32, 0x5f, 0x6d, 0x65, 0x6d, 0x6f, 0x70, 0x00, 0x61, 0x72, 0x6d, 0x2d, 0x61, 0x36, 0x34, 0x40, 0x32,
0x30, 0x32, 0x36, 0x2d, 0x30, 0x36, 0x3a, 0x53, 0x54, 0x53, 0x45, 0x54, 0x5f, 0x4c, 0x44, 0x53, 0x45, 0x54, 0x5f, 0x36, 0x34, 0x5f, 0x6d, 0x65, 0x6d, 0x6f, 0x70, 0x00, 0x61, 0x72, 0x6d, 0x2d,
0x61, 0x36, 0x34, 0x40, 0x32, 0x30, 0x32, 0x36, 0x2d, 0x30, 0x36, 0x3a, 0x4c, 0x44, 0x53, 0x45, 0x54, 0x5f, 0x36, 0x34, 0x5f, 0x6d, 0x65, 0x6d, 0x6f, 0x70, 0x00, 0x61, 0x72, 0x6d, 0x2d, 0x61,
0x36, 0x34, 0x40, 0x32, 0x30, 0x32, 0x36, 0x2d, 0x30, 0x36, 0x3a, 0x53, 0x54, 0x53, 0x4d, 0x41, 0x58, 0x42, 0x5f, 0x4c, 0x44, 0x53, 0x4d, 0x41, 0x58, 0x42, 0x5f, 0x33, 0x32, 0x5f, 0x6d, 0x65,
0x6d, 0x6f, 0x70, 0x00, 0x61, 0x72, 0x6d, 0x2d, 0x61, 0x36, 0x34, 0x40, 0x32, 0x30, 0x32, 0x36, 0x2d, 0x30, 0x36, 0x3a, 0x4c, 0x44, 0x53, 0x4d, 0x41, 0x58, 0x42, 0x5f, 0x33, 0x32, 0x5f, 0x6d,
0x65, 0x6d, 0x6f, 0x70, 0x00, 0x61, 0x72, 0x6d, 0x2d, 0x61, 0x36, 0x34, 0x40, 0x32, 0x30, 0x32, 0x36, 0x2d, 0x30, 0x36, 0x3a, 0x53, 0x54, 0x53, 0x4d, 0x41, 0x58, 0x48, 0x5f, 0x4c, 0x44, 0x53,
0x4d, 0x41, 0x58, 0x48, 0x5f, 0x33, 0x32, 0x5f, 0x6d, 0x65, 0x6d, 0x6f, 0x70, 0x00, 0x61, 0x72, 0x6d, 0x2d, 0x61, 0x36, 0x34, 0x40, 0x32, 0x30, 0x32, 0x36, 0x2d, 0x30, 0x36, 0x3a, 0x4c, 0x44,
0x53, 0x4d, 0x41, 0x58, 0x48, 0x5f, 0x33, 0x32, 0x5f, 0x6d, 0x65, 0x6d, 0x6f, 0x70, 0x00, 0x61, 0x72, 0x6d, 0x2d, 0x61, 0x36, 0x34, 0x40, 0x32, 0x30, 0x32, 0x36, 0x2d, 0x30, 0x36, 0x3a, 0x53,
0x54, 0x53, 0x4d, 0x41, 0x58, 0x4c, 0x42, 0x5f, 0x4c, 0x44, 0x53, 0x4d, 0x41, 0x58, 0x4c, 0x42, 0x5f, 0x33, 0x32, 0x5f, 0x6d, 0x65, 0x6d, 0x6f, 0x70, 0x00, 0x61, 0x72, 0x6d, 0x2d, 0x61, 0x36,
0x34, 0x40, 0x32, 0x30, 0x32, 0x36, 0x2d, 0x30, 0x36, 0x3a, 0x4c, 0x44, 0x53, 0x4d, 0x41, 0x58, 0x4c, 0x42, 0x5f, 0x33, 0x32, 0x5f, 0x6d, 0x65, 0x6d, 0x6f, 0x70, 0x00, 0x61, 0x72, 0x6d, 0x2d,
0x61, 0x36, 0x34, 0x40, 0x32, 0x30, 0x32, 0x36, 0x2d, 0x30, 0x36, 0x3a, 0x53, 0x54, 0x53, 0x4d, 0x41, 0x58, 0x4c, 0x48, 0x5f, 0x4c, 0x44, 0x53, 0x4d, 0x41, 0x58, 0x4c, 0x48, 0x5f, 0x33, 0x32,
0x5f, 0x6d, 0x65, 0x6d, 0x6f, 0x70, 0x00, 0x61, 0x72, 0x6d, 0x2d, 0x61, 0x36, 0x34, 0x40, 0x32, 0x30, 0x32, 0x36, 0x2d, 0x30, 0x36, 0x3a, 0x4c, 0x44, 0x53, 0x4d, 0x41, 0x58, 0x4c, 0x48, 0x5f,
0x33, 0x32, 0x5f, 0x6d, 0x65, 0x6d, 0x6f, 0x70, 0x00, 0x61, 0x72, 0x6d, 0x2d, 0x61, 0x36, 0x34, 0x40, 0x32, 0x30, 0x32, 0x36, 0x2d, 0x30, 0x36, 0x3a, 0x53, 0x54, 0x53, 0x4d, 0x41, 0x58, 0x4c,
0x5f, 0x4c, 0x44, 0x53, 0x4d, 0x41, 0x58, 0x4c, 0x5f, 0x33, 0x32, 0x5f, 0x6d, 0x65, 0x6d, 0x6f, 0x70, 0x00, 0x61, 0x72, 0x6d, 0x2d, 0x61, 0x36, 0x34, 0x40, 0x32, 0x30, 0x32, 0x36, 0x2d, 0x30,
0x36, 0x3a, 0x4c, 0x44, 0x53, 0x4d, 0x41, 0x58, 0x4c, 0x5f, 0x33, 0x32, 0x5f, 0x6d, 0x65, 0x6d, 0x6f, 0x70, 0x00, 0x61, 0x72, 0x6d, 0x2d, 0x61, 0x36, 0x34, 0x40, 0x32, 0x30, 0x32, 0x36, 0x2d,
0x30, 0x36, 0x3a, 0x53, 0x54, 0x53, 0x4d, 0x41, 0x58, 0x4c, 0x5f, 0x4c, 0x44, 0x53, 0x4d, 0x41, 0x58, 0x4c, 0x5f, 0x36, 0x34, 0x5f, 0x6d, 0x65, 0x6d, 0x6f, 0x70, 0x00, 0x61, 0x72, 0x6d, 0x2d,
0x61, 0x36, 0x34, 0x40, 0x32, 0x30, 0x32, 0x36, 0x2d, 0x30, 0x36, 0x3a, 0x4c, 0x44, 0x53, 0x4d, 0x41, 0x58, 0x4c, 0x5f, 0x36, 0x34, 0x5f, 0x6d, 0x65, 0x6d, 0x6f, 0x70, 0x00, 0x61, 0x72, 0x6d,
0x2d, 0x61, 0x36, 0x34, 0x40, 0x32, 0x30, 0x32, 0x36, 0x2d, 0x30, 0x36, 0x3a, 0x53, 0x54, 0x53, 0x4d, 0x41, 0x58, 0x5f, 0x4c, 0x44, 0x53, 0x4d, 0x41, 0x58, 0x5f, 0x33, 0x32, 0x5f, 0x6d, 0x65,
0x6d, 0x6f, 0x70, 0x00, 0x61, 0x72, 0x6d, 0x2d, 0x61, 0x36, 0x34, 0x40, 0x32, 0x30, 0x32, 0x36, 0x2d, 0x30, 0x36, 0x3a, 0x4c, 0x44, 0x53, 0x4d, 0x41, 0x58, 0x5f, 0x33, 0x32, 0x5f, 0x6d, 0x65,
0x6d, 0x6f, 0x70, 0x00, 0x61, 0x72, 0x6d, 0x2d, 0x61, 0x36, 0x34, 0x40, 0x32, 0x30, 0x32, 0x36, 0x2d, 0x30, 0x36, 0x3a, 0x53, 0x54, 0x53, 0x4d, 0x41, 0x58, 0x5f, 0x4c, 0x44, 0x53, 0x4d, 0x41,
0x58, 0x5f, 0x36, 0x34, 0x5f, 0x6d, 0x65, 0x6d, 0x6f, 0x70, 0x00, 0x61, 0x72, 0x6d, 0x2d, 0x61, 0x36, 0x34, 0x40, 0x32, 0x30, 0x32, 0x36, 0x2d, 0x30, 0x36, 0x3a, 0x4c, 0x44, 0x53, 0x4d, 0x41,
0x58, 0x5f, 0x36, 0x34, 0x5f, 0x6d, 0x65, 0x6d, 0x6f, 0x70, 0x00, 0x61, 0x72, 0x6d, 0x2d, 0x61, 0x36, 0x34, 0x40, 0x32, 0x30, 0x32, 0x36, 0x2d, 0x30, 0x36, 0x3a, 0x53, 0x54, 0x53, 0x4d, 0x49,
0x4e, 0x42, 0x5f, 0x4c, 0x44, 0x53, 0x4d, 0x49, 0x4e, 0x42, 0x5f, 0x33, 0x32, 0x5f, 0x6d, 0x65, 0x6d, 0x6f, 0x70, 0x00, 0x61, 0x72, 0x6d, 0x2d, 0x61, 0x36, 0x34, 0x40, 0x32, 0x30, 0x32, 0x36,
0x2d, 0x30, 0x36, 0x3a, 0x4c, 0x44, 0x53, 0x4d, 0x49, 0x4e, 0x42, 0x5f, 0x33, 0x32, 0x5f, 0x6d, 0x65, 0x6d, 0x6f, 0x70, 0x00, 0x61, 0x72, 0x6d, 0x2d, 0x61, 0x36, 0x34, 0x40, 0x32, 0x30, 0x32,
0x36, 0x2d, 0x30, 0x36, 0x3a, 0x53, 0x54, 0x53, 0x4d, 0x49, 0x4e, 0x48, 0x5f, 0x4c, 0x44, 0x53, 0x4d, 0x49, 0x4e, 0x48, 0x5f, 0x33, 0x32, 0x5f, 0x6d, 0x65, 0x6d, 0x6f, 0x70, 0x00, 0x61, 0x72,
0x6d, 0x2d, 0x61, 0x36, 0x34, 0x40, 0x32, 0x30, 0x32, 0x36, 0x2d, 0x30, 0x36, 0x3a, 0x4c, 0x44, 0x53, 0x4d, 0x49, 0x4e, 0x48, 0x5f, 0x33, 0x32, 0x5f, 0x6d, 0x65, 0x6d, 0x6f, 0x70, 0x00, 0x61,
0x72, 0x6d, 0x2d, 0x61, 0x36, 0x34, 0x40, 0x32, 0x30, 0x32, 0x36, 0x2d, 0x30, 0x36, 0x3a, 0x53, 0x54, 0x53, 0x4d, 0x49, 0x4e, 0x4c, 0x42, 0x5f, 0x4c, 0x44, 0x53, 0x4d, 0x49, 0x4e, 0x4c, 0x42,
0x5f, 0x33, 0x32, 0x5f, 0x6d, 0x65, 0x6d, 0x6f, 0x70, 0x00, 0x61, 0x72, 0x6d, 0x2d, 0x61, 0x36, 0x34, 0x40, 0x32, 0x30, 0x32, 0x36, 0x2d, 0x30, 0x36, 0x3a, 0x4c, 0x44, 0x53, 0x4d, 0x49, 0x4e,
0x4c, 0x42, 0x5f, 0x33, 0x32, 0x5f, 0x6d, 0x65, 0x6d, 0x6f, 0x70, 0x00, 0x61, 0x72, 0x6d, 0x2d, 0x61, 0x36, 0x34, 0x40, 0x32, 0x30, 0x32, 0x36, 0x2d, 0x30, 0x36, 0x3a, 0x53, 0x54, 0x53, 0x4d,
0x49, 0x4e, 0x4c, 0x48, 0x5f, 0x4c, 0x44, 0x53, 0x4d, 0x49, 0x4e, 0x4c, 0x48, 0x5f, 0x33, 0x32, 0x5f, 0x6d, 0x65, 0x6d, 0x6f, 0x70, 0x00, 0x61, 0x72, 0x6d, 0x2d, 0x61, 0x36, 0x34, 0x40, 0x32,
0x30, 0x32, 0x36, 0x2d, 0x30, 0x36, 0x3a, 0x4c, 0x44, 0x53, 0x4d, 0x49, 0x4e, 0x4c, 0x48, 0x5f, 0x33, 0x32, 0x5f, 0x6d, 0x65, 0x6d, 0x6f, 0x70, 0x00, 0x61, 0x72, 0x6d, 0x2d, 0x61, 0x36, 0x34,
0x40, 0x32, 0x30, 0x32, 0x36, 0x2d, 0x30, 0x36, 0x3a, 0x53, 0x54, 0x53, 0x4d, 0x49, 0x4e, 0x4c, 0x5f, 0x4c, 0x44, 0x53, 0x4d, 0x49, 0x4e, 0x4c, 0x5f, 0x33, 0x32, 0x5f, 0x6d, 0x65, 0x6d, 0x6f,
0x70, 0x00, 0x61, 0x72, 0x6d, 0x2d, 0x61, 0x36, 0x34, 0x40, 0x32, 0x30, 0x32, 0x36, 0x2d, 0x30, 0x36, 0x3a, 0x4c, 0x44, 0x53, 0x4d, 0x49, 0x4e, 0x4c, 0x5f, 0x33, 0x32, 0x5f, 0x6d, 0x65, 0x6d,
0x6f, 0x70, 0x00, 0x61, 0x72, 0x6d, 0x2d, 0x61, 0x36, 0x34, 0x40, 0x32, 0x30, 0x32, 0x36, 0x2d, 0x30, 0x36, 0x3a, 0x53, 0x54, 0x53, 0x4d, 0x49, 0x4e, 0x4c, 0x5f, 0x4c, 0x44, 0x53, 0x4d, 0x49,
0x4e, 0x4c, 0x5f, 0x36, 0x34, 0x5f, 0x6d, 0x65, 0x6d, 0x6f, 0x70, 0x00, 0x61, 0x72, 0x6d, 0x2d, 0x61, 0x36, 0x34, 0x40, 0x32, 0x30, 0x32, 0x36, 0x2d, 0x30, 0x36, 0x3a, 0x4c, 0x44, 0x53, 0x4d,
0x49, 0x4e, 0x4c, 0x5f, 0x36, 0x34, 0x5f, 0x6d, 0x65, 0x6d, 0x6f, 0x70, 0x00, 0x61, 0x72, 0x6d, 0x2d, 0x61, 0x36, 0x34, 0x40, 0x32, 0x30, 0x32, 0x36, 0x2d, 0x30, 0x36, 0x3a, 0x53, 0x54, 0x53,
0x4d, 0x49, 0x4e, 0x5f, 0x4c, 0x44, 0x53, 0x4d, 0x49, 0x4e, 0x5f, 0x33, 0x32, 0x5f, 0x6d, 0x65, 0x6d, 0x6f, 0x70, 0x00, 0x61, 0x72, 0x6d, 0x2d, 0x61, 0x36, 0x34, 0x40, 0x32, 0x30, 0x32, 0x36,
0x2d, 0x30, 0x36, 0x3a, 0x4c, 0x44, 0x53, 0x4d, 0x49, 0x4e, 0x5f, 0x33, 0x32, 0x5f, 0x6d, 0x65, 0x6d, 0x6f, 0x70, 0x00, 0x61, 0x72, 0x6d, 0x2d, 0x61, 0x36, 0x34, 0x40, 0x32, 0x30, 0x32, 0x36,
0x2d, 0x30, 0x36, 0x3a, 0x53, 0x54, 0x53, 0x4d, 0x49, 0x4e, 0x5f, 0x4c, 0x44, 0x53, 0x4d, 0x49, 0x4e, 0x5f, 0x36, 0x34, 0x5f, 0x6d, 0x65, 0x6d, 0x6f, 0x70, 0x00, 0x61, 0x72, 0x6d, 0x2d, 0x61,
0x36, 0x34, 0x40, 0x32, 0x30, 0x32, 0x36, 0x2d, 0x30, 0x36, 0x3a, 0x4c, 0x44, 0x53, 0x4d, 0x49, 0x4e, 0x5f, 0x36, 0x34, 0x5f, 0x6d, 0x65, 0x6d, 0x6f, 0x70, 0x00, 0x61, 0x72, 0x6d, 0x2d, 0x61,
0x36, 0x34, 0x40, 0x32, 0x30, 0x32, 0x36, 0x2d, 0x30, 0x36, 0x3a, 0x53, 0x54, 0x55, 0x4d, 0x41, 0x58, 0x42, 0x5f, 0x4c, 0x44, 0x55, 0x4d, 0x41, 0x58, 0x42, 0x5f, 0x33, 0x32, 0x5f, 0x6d, 0x65,
0x6d, 0x6f, 0x70, 0x00, 0x61, 0x72, 0x6d, 0x2d, 0x61, 0x36, 0x34, 0x40, 0x32, 0x30, 0x32, 0x36, 0x2d, 0x30, 0x36, 0x3a, 0x4c, 0x44, 0x55, 0x4d, 0x41, 0x58, 0x42, 0x5f, 0x33, 0x32, 0x5f, 0x6d,
0x65, 0x6d, 0x6f, 0x70, 0x00, 0x61, 0x72, 0x6d, 0x2d, 0x61, 0x36, 0x34, 0x40, 0x32, 0x30, 0x32, 0x36, 0x2d, 0x30, 0x36, 0x3a, 0x53, 0x54, 0x55, 0x4d, 0x41, 0x58, 0x48, 0x5f, 0x4c, 0x44, 0x55,
0x4d, 0x41, 0x58, 0x48, 0x5f, 0x33, 0x32, 0x5f, 0x6d, 0x65, 0x6d, 0x6f, 0x70, 0x00, 0x61, 0x72, 0x6d, 0x2d, 0x61, 0x36, 0x34, 0x40, 0x32, 0x30, 0x32, 0x36, 0x2d, 0x30, 0x36, 0x3a, 0x4c, 0x44,
0x55, 0x4d, 0x41, 0x58, 0x48, 0x5f, 0x33, 0x32, 0x5f, 0x6d, 0x65, 0x6d, 0x6f, 0x70, 0x00, 0x61, 0x72, 0x6d, 0x2d, 0x61, 0x36, 0x34, 0x40, 0x32, 0x30, 0x32, 0x36, 0x2d, 0x30, 0x36, 0x3a, 0x53,
0x54, 0x55, 0x4d, 0x41, 0x58, 0x4c, 0x42, 0x5f, 0x4c, 0x44, 0x55, 0x4d, 0x41, 0x58, 0x4c, 0x42, 0x5f, 0x33, 0x32, 0x5f, 0x6d, 0x65, 0x6d, 0x6f, 0x70, 0x00, 0x61, 0x72, 0x6d, 0x2d, 0x61, 0x36,
0x34, 0x40, 0x32, 0x30, 0x32, 0x36, 0x2d, 0x30, 0x36, 0x3a, 0x4c, 0x44, 0x55, 0x4d, 0x41, 0x58, 0x4c, 0x42, 0x5f, 0x33, 0x32, 0x5f, 0x6d, 0x65, 0x6d, 0x6f, 0x70, 0x00, 0x61, 0x72, 0x6d, 0x2d,
0x61, 0x36, 0x34, 0x40, 0x32, 0x30, 0x32, 0x36, 0x2d, 0x30, 0x36, 0x3a, 0x53, 0x54, 0x55, 0x4d, 0x41, 0x58, 0x4c, 0x48, 0x5f, 0x4c, 0x44, 0x55, 0x4d, 0x41, 0x58, 0x4c, 0x48, 0x5f, 0x33, 0x32,
0x5f, 0x6d, 0x65, 0x6d, 0x6f, 0x70, 0x00, 0x61, 0x72, 0x6d, 0x2d, 0x61, 0x36, 0x34, 0x40, 0x32, 0x30, 0x32, 0x36, 0x2d, 0x30, 0x36, 0x3a, 0x4c, 0x44, 0x55, 0x4d, 0x41, 0x58, 0x4c, 0x48, 0x5f,
0x33, 0x32, 0x5f, 0x6d, 0x65, 0x6d, 0x6f, 0x70, 0x00, 0x61, 0x72, 0x6d, 0x2d, 0x61, 0x36, 0x34, 0x40, 0x32, 0x30, 0x32, 0x36, 0x2d, 0x30, 0x36, 0x3a, 0x53, 0x54, 0x55, 0x4d, 0x41, 0x58, 0x4c,
0x5f, 0x4c, 0x44, 0x55, 0x4d, 0x41, 0x58, 0x4c, 0x5f, 0x33, 0x32, 0x5f, 0x6d, 0x65, 0x6d, 0x6f, 0x70, 0x00, 0x61, 0x72, 0x6d, 0x2d, 0x61, 0x36, 0x34, 0x40, 0x32, 0x30, 0x32, 0x36, 0x2d, 0x30,
0x36, 0x3a, 0x4c, 0x44, 0x55, 0x4d, 0x41, 0x58, 0x4c, 0x5f, 0x33, 0x32, 0x5f, 0x6d, 0x65, 0x6d, 0x6f, 0x70, 0x00, 0x61, 0x72, 0x6d, 0x2d, 0x61, 0x36, 0x34, 0x40, 0x32, 0x30, 0x32, 0x36, 0x2d,
0x30, 0x36, 0x3a, 0x53, 0x54, 0x55, 0x4d, 0x41, 0x58, 0x4c, 0x5f, 0x4c, 0x44, 0x55, 0x4d, 0x41, 0x58, 0x4c, 0x5f, 0x36, 0x34, 0x5f, 0x6d, 0x65, 0x6d, 0x6f, 0x70, 0x00, 0x61, 0x72, 0x6d, 0x2d,
0x61, 0x36, 0x34, 0x40, 0x32, 0x30, 0x32, 0x36, 0x2d, 0x30, 0x36, 0x3a, 0x4c, 0x44, 0x55, 0x4d, 0x41, 0x58, 0x4c, 0x5f, 0x36, 0x34, 0x5f, 0x6d, 0x65, 0x6d, 0x6f, 0x70, 0x00, 0x61, 0x72, 0x6d,
0x2d, 0x61, 0x36, 0x34, 0x40, 0x32, 0x30, 0x32, 0x36, 0x2d, 0x30, 0x36, 0x3a, 0x53, 0x54, 0x55, 0x4d, 0x41, 0x58, 0x5f, 0x4c, 0x44, 0x55, 0x4d, 0x41, 0x58, 0x5f, 0x33, 0x32, 0x5f, 0x6d, 0x65,
0x6d, 0x6f, 0x70, 0x00, 0x61, 0x72, 0x6d, 0x2d, 0x61, 0x36, 0x34, 0x40, 0x32, 0x30, 0x32, 0x36, 0x2d, 0x30, 0x36, 0x3a, 0x4c, 0x44, 0x55, 0x4d, 0x41, 0x58, 0x5f, 0x33, 0x32, 0x5f, 0x6d, 0x65,
0x6d, 0x6f, 0x70, 0x00, 0x61, 0x72, 0x6d, 0x2d, 0x61, 0x36, 0x34, 0x40, 0x32, 0x30, 0x32, 0x36, 0x2d, 0x30, 0x36, 0x3a, 0x53, 0x54, 0x55, 0x4d, 0x41, 0x58, 0x5f, 0x4c, 0x44, 0x55, 0x4d, 0x41,
0x58, 0x5f, 0x36, 0x34, 0x5f, 0x6d, 0x65, 0x6d, 0x6f, 0x70, 0x00, 0x61, 0x72, 0x6d, 0x2d, 0x61, 0x36, 0x34, 0x40, 0x32, 0x30, 0x32, 0x36, 0x2d, 0x30, 0x36, 0x3a, 0x4c, 0x44, 0x55, 0x4d, 0x41,
0x58, 0x5f, 0x36, 0x34, 0x5f, 0x6d, 0x65, 0x6d, 0x6f, 0x70, 0x00, 0x61, 0x72, 0x6d, 0x2d, 0x61, 0x36, 0x34, 0x40, 0x32, 0x30, 0x32, 0x36, 0x2d, 0x30, 0x36, 0x3a, 0x53, 0x54, 0x55, 0x4d, 0x49,
0x4e, 0x42, 0x5f, 0x4c, 0x44, 0x55, 0x4d, 0x49, 0x4e, 0x42, 0x5f, 0x33, 0x32, 0x5f, 0x6d, 0x65, 0x6d, 0x6f, 0x70, 0x00, 0x61, 0x72, 0x6d, 0x2d, 0x61, 0x36, 0x34, 0x40, 0x32, 0x30, 0x32, 0x36,
0x2d, 0x30, 0x36, 0x3a, 0x4c, 0x44, 0x55, 0x4d, 0x49, 0x4e, 0x42, 0x5f, 0x33, 0x32, 0x5f, 0x6d, 0x65, 0x6d, 0x6f, 0x70, 0x00, 0x61, 0x72, 0x6d, 0x2d, 0x61, 0x36, 0x34, 0x40, 0x32, 0x30, 0x32,
0x36, 0x2d, 0x30, 0x36, 0x3a, 0x53, 0x54, 0x55, 0x4d, 0x49, 0x4e, 0x48, 0x5f, 0x4c, 0x44, 0x55, 0x4d, 0x49, 0x4e, 0x48, 0x5f, 0x33, 0x32, 0x5f, 0x6d, 0x65, 0x6d, 0x6f, 0x70, 0x00, 0x61, 0x72,
0x6d, 0x2d, 0x61, 0x36, 0x34, 0x40, 0x32, 0x30, 0x32, 0x36, 0x2d, 0x30, 0x36, 0x3a, 0x4c, 0x44, 0x55, 0x4d, 0x49, 0x4e, 0x48, 0x5f, 0x33, 0x32, 0x5f, 0x6d, 0x65, 0x6d, 0x6f, 0x70, 0x00, 0x61,
0x72, 0x6d, 0x2d, 0x61, 0x36, 0x34, 0x40, 0x32, 0x30, 0x32, 0x36, 0x2d, 0x30, 0x36, 0x3a, 0x53, 0x54, 0x55, 0x4d, 0x49, 0x4e, 0x4c, 0x42, 0x5f, 0x4c, 0x44, 0x55, 0x4d, 0x49, 0x4e, 0x4c, 0x42,
0x5f, 0x33, 0x32, 0x5f, 0x6d, 0x65, 0x6d, 0x6f, 0x70, 0x00, 0x61, 0x72, 0x6d, 0x2d, 0x61, 0x36, 0x34, 0x40, 0x32, 0x30, 0x32, 0x36, 0x2d, 0x30, 0x36, 0x3a, 0x4c, 0x44, 0x55, 0x4d, 0x49, 0x4e,
0x4c, 0x42, 0x5f, 0x33, 0x32, 0x5f, 0x6d, 0x65, 0x6d, 0x6f, 0x70, 0x00, 0x61, 0x72, 0x6d, 0x2d, 0x61, 0x36, 0x34, 0x40, 0x32, 0x30, 0x32, 0x36, 0x2d, 0x30, 0x36, 0x3a, 0x53, 0x54, 0x55, 0x4d,
0x49, 0x4e, 0x4c, 0x48, 0x5f, 0x4c, 0x44, 0x55, 0x4d, 0x49, 0x4e, 0x4c, 0x48, 0x5f, 0x33, 0x32, 0x5f, 0x6d, 0x65, 0x6d, 0x6f, 0x70, 0x00, 0x61, 0x72, 0x6d, 0x2d, 0x61, 0x36, 0x34, 0x40, 0x32,
0x30, 0x32, 0x36, 0x2d, 0x30, 0x36, 0x3a, 0x4c, 0x44, 0x55, 0x4d, 0x49, 0x4e, 0x4c, 0x48, 0x5f, 0x33, 0x32, 0x5f, 0x6d, 0x65, 0x6d, 0x6f, 0x70, 0x00, 0x61, 0x72, 0x6d, 0x2d, 0x61, 0x36, 0x34,
0x40, 0x32, 0x30, 0x32, 0x36, 0x2d, 0x30, 0x36, 0x3a, 0x53, 0x54, 0x55, 0x4d, 0x49, 0x4e, 0x4c, 0x5f, 0x4c, 0x44, 0x55, 0x4d, 0x49, 0x4e, 0x4c, 0x5f, 0x33, 0x32, 0x5f, 0x6d, 0x65, 0x6d, 0x6f,
0x70, 0x00, 0x61, 0x72, 0x6d, 0x2d, 0x61, 0x36, 0x34, 0x40, 0x32, 0x30, 0x32, 0x36, 0x2d, 0x30, 0x36, 0x3a, 0x4c, 0x44, 0x55, 0x4d, 0x49, 0x4e, 0x4c, 0x5f, 0x33, 0x32, 0x5f, 0x6d, 0x65, 0x6d,
0x6f, 0x70, 0x00, 0x61, 0x72, 0x6d, 0x2d, 0x61, 0x36, 0x34, 0x40, 0x32, 0x30, 0x32, 0x36, 0x2d, 0x30, 0x36, 0x3a, 0x53, 0x54, 0x55, 0x4d, 0x49, 0x4e, 0x4c, 0x5f, 0x4c, 0x44, 0x55, 0x4d, 0x49,
0x4e, 0x4c, 0x5f, 0x36, 0x34, 0x5f, 0x6d, 0x65, 0x6d, 0x6f, 0x70, 0x00, 0x61, 0x72, 0x6d, 0x2d, 0x61, 0x36, 0x34, 0x40, 0x32, 0x30, 0x32, 0x36, 0x2d, 0x30, 0x36, 0x3a, 0x4c, 0x44, 0x55, 0x4d,
0x49, 0x4e, 0x4c, 0x5f, 0x36, 0x34, 0x5f, 0x6d, 0x65, 0x6d, 0x6f, 0x70, 0x00, 0x61, 0x72, 0x6d, 0x2d, 0x61, 0x36, 0x34, 0x40, 0x32, 0x30, 0x32, 0x36, 0x2d, 0x30, 0x36, 0x3a, 0x53, 0x54, 0x55,
0x4d, 0x49, 0x4e, 0x5f, 0x4c, 0x44, 0x55, 0x4d, 0x49, 0x4e, 0x5f, 0x33, 0x32, 0x5f, 0x6d, 0x65, 0x6d, 0x6f, 0x70, 0x00, 0x61, 0x72, 0x6d, 0x2d, 0x61, 0x36, 0x34, 0x40, 0x32, 0x30, 0x32, 0x36,
0x2d, 0x30, 0x36, 0x3a, 0x4c, 0x44, 0x55, 0x4d, 0x49, 0x4e, 0x5f, 0x33, 0x32, 0x5f, 0x6d, 0x65, 0x6d, 0x6f, 0x70, 0x00, 0x61, 0x72, 0x6d, 0x2d, 0x61, 0x36, 0x34, 0x40, 0x32, 0x30, 0x32, 0x36,
0x2d, 0x30, 0x36, 0x3a, 0x53, 0x54, 0x55, 0x4d, 0x49, 0x4e, 0x5f, 0x4c, 0x44, 0x55, 0x4d, 0x49, 0x4e, 0x5f, 0x36, 0x34, 0x5f, 0x6d, 0x65, 0x6d, 0x6f, 0x70, 0x00, 0x61, 0x72, 0x6d, 0x2d, 0x61,
0x36, 0x34, 0x40, 0x32, 0x30, 0x32, 0x36, 0x2d, 0x30, 0x36, 0x3a, 0x4c, 0x44, 0x55, 0x4d, 0x49, 0x4e, 0x5f, 0x36, 0x34, 0x5f, 0x6d, 0x65, 0x6d, 0x6f, 0x70, 0x00, 0x61, 0x72, 0x6d, 0x2d, 0x61,
0x36, 0x34, 0x40, 0x32, 0x30, 0x32, 0x36, 0x2d, 0x30, 0x36, 0x3a, 0x53, 0x58, 0x54, 0x42, 0x5f, 0x53, 0x42, 0x46, 0x4d, 0x5f, 0x33, 0x32, 0x4d, 0x5f, 0x62, 0x69, 0x74, 0x66, 0x69, 0x65, 0x6c,
0x64, 0x00, 0x61, 0x72, 0x6d, 0x2d, 0x61, 0x36, 0x34, 0x40, 0x32, 0x30, 0x32, 0x36, 0x2d, 0x30, 0x36, 0x3a, 0x53, 0x58, 0x54, 0x42, 0x5f, 0x53, 0x42, 0x46, 0x4d, 0x5f, 0x36, 0x34, 0x4d, 0x5f,
0x62, 0x69, 0x74, 0x66, 0x69, 0x65, 0x6c, 0x64, 0x00, 0x61, 0x72, 0x6d, 0x2d, 0x61, 0x36, 0x34, 0x40, 0x32, 0x30, 0x32, 0x36, 0x2d, 0x30, 0x36, 0x3a, 0x53, 0x58, 0x54, 0x48, 0x5f, 0x53, 0x42,
0x46, 0x4d, 0x5f, 0x33, 0x32, 0x4d, 0x5f, 0x62, 0x69, 0x74, 0x66, 0x69, 0x65, 0x6c, 0x64, 0x00, 0x61, 0x72, 0x6d, 0x2d, 0x61, 0x36, 0x34, 0x40, 0x32, 0x30, 0x32, 0x36, 0x2d, 0x30, 0x36, 0x3a,
0x53, 0x58, 0x54, 0x48, 0x5f, 0x53, 0x42, 0x46, 0x4d, 0x5f, 0x36, 0x34, 0x4d, 0x5f, 0x62, 0x69, 0x74, 0x66, 0x69, 0x65, 0x6c, 0x64, 0x00, 0x61, 0x72, 0x6d, 0x2d, 0x61, 0x36, 0x34, 0x40, 0x32,
0x30, 0x32, 0x36, 0x2d, 0x30, 0x36, 0x3a, 0x53, 0x58, 0x54, 0x4c, 0x5f, 0x53, 0x53, 0x48, 0x4c, 0x4c, 0x5f, 0x61, 0x73, 0x69, 0x6d, 0x64, 0x73, 0x68, 0x66, 0x5f, 0x4c, 0x00, 0x61, 0x72, 0x6d,
0x2d, 0x61, 0x36, 0x34, 0x40, 0x32, 0x30, 0x32, 0x36, 0x2d, 0x30, 0x36, 0x3a, 0x53, 0x53, 0x48, 0x4c, 0x4c, 0x5f, 0x61, 0x73, 0x69, 0x6d, 0x64, 0x73, 0x68, 0x66, 0x5f, 0x4c, 0x00, 0x61, 0x72,
0x6d, 0x2d, 0x61, 0x36, 0x34, 0x40, 0x32, 0x30, 0x32, 0x36, 0x2d, 0x30, 0x36, 0x3a, 0x53, 0x58, 0x54, 0x57, 0x5f, 0x53, 0x42, 0x46, 0x4d, 0x5f, 0x36, 0x34, 0x4d, 0x5f, 0x62, 0x69, 0x74, 0x66,
0x69, 0x65, 0x6c, 0x64, 0x00, 0x61, 0x72, 0x6d, 0x2d, 0x61, 0x36, 0x34, 0x40, 0x32, 0x30, 0x32, 0x36, 0x2d, 0x30, 0x36, 0x3a, 0x54, 0x4c, 0x42, 0x49, 0x5f, 0x53, 0x59, 0x53, 0x5f, 0x43, 0x52,
0x5f, 0x73, 0x79, 0x73, 0x74, 0x65, 0x6d, 0x69, 0x6e, 0x73, 0x74, 0x72, 0x73, 0x00, 0x61, 0x72, 0x6d, 0x2d, 0x61, 0x36, 0x34, 0x40, 0x32, 0x30, 0x32, 0x36, 0x2d, 0x30, 0x36, 0x3a, 0x54, 0x53,
0x54, 0x5f, 0x41, 0x4e, 0x44, 0x53, 0x5f, 0x33, 0x32, 0x53, 0x5f, 0x6c, 0x6f, 0x67, 0x5f, 0x69, 0x6d, 0x6d, 0x00, 0x61, 0x72, 0x6d, 0x2d, 0x61, 0x36, 0x34, 0x40, 0x32, 0x30, 0x32, 0x36, 0x2d,
0x30, 0x36, 0x3a, 0x41, 0x4e, 0x44, 0x53, 0x5f, 0x33, 0x32, 0x53, 0x5f, 0x6c, 0x6f, 0x67, 0x5f, 0x69, 0x6d, 0x6d, 0x00, 0x61, 0x72, 0x6d, 0x2d, 0x61, 0x36, 0x34, 0x40, 0x32, 0x30, 0x32, 0x36,
0x2d, 0x30, 0x36, 0x3a, 0x54, 0x53, 0x54, 0x5f, 0x41, 0x4e, 0x44, 0x53, 0x5f, 0x33, 0x32, 0x5f, 0x6c, 0x6f, 0x67, 0x5f, 0x73, 0x68, 0x69, 0x66, 0x74, 0x00, 0x61, 0x72, 0x6d, 0x2d, 0x61, 0x36,
0x34, 0x40, 0x32, 0x30, 0x32, 0x36, 0x2d, 0x30, 0x36, 0x3a, 0x41, 0x4e, 0x44, 0x53, 0x5f, 0x33, 0x32, 0x5f, 0x6c, 0x6f, 0x67, 0x5f, 0x73, 0x68, 0x69, 0x66, 0x74, 0x00, 0x61, 0x72, 0x6d, 0x2d,
0x61, 0x36, 0x34, 0x40, 0x32, 0x30, 0x32, 0x36, 0x2d, 0x30, 0x36, 0x3a, 0x54, 0x53, 0x54, 0x5f, 0x41, 0x4e, 0x44, 0x53, 0x5f, 0x36, 0x34, 0x53, 0x5f, 0x6c, 0x6f, 0x67, 0x5f, 0x69, 0x6d, 0x6d,
0x00, 0x61, 0x72, 0x6d, 0x2d, 0x61, 0x36, 0x34, 0x40, 0x32, 0x30, 0x32, 0x36, 0x2d, 0x30, 0x36, 0x3a, 0x41, 0x4e, 0x44, 0x53, 0x5f, 0x36, 0x34, 0x53, 0x5f, 0x6c, 0x6f, 0x67, 0x5f, 0x69, 0x6d,
0x6d, 0x00, 0x61, 0x72, 0x6d, 0x2d, 0x61, 0x36, 0x34, 0x40, 0x32, 0x30, 0x32, 0x36, 0x2d, 0x30, 0x36, 0x3a, 0x54, 0x53, 0x54, 0x5f, 0x41, 0x4e, 0x44, 0x53, 0x5f, 0x36, 0x34, 0x5f, 0x6c, 0x6f,
0x67, 0x5f, 0x73, 0x68, 0x69, 0x66, 0x74, 0x00, 0x61, 0x72, 0x6d, 0x2d, 0x61, 0x36, 0x34, 0x40, 0x32, 0x30, 0x32, 0x36, 0x2d, 0x30, 0x36, 0x3a, 0x41, 0x4e, 0x44, 0x53, 0x5f, 0x36, 0x34, 0x5f,
0x6c, 0x6f, 0x67, 0x5f, 0x73, 0x68, 0x69, 0x66, 0x74, 0x00, 0x61, 0x72, 0x6d, 0x2d, 0x61, 0x36, 0x34, 0x40, 0x32, 0x30, 0x32, 0x36, 0x2d, 0x30, 0x36, 0x3a, 0x55, 0x42, 0x46, 0x49, 0x5a, 0x5f,
0x55, 0x42, 0x46, 0x4d, 0x5f, 0x33, 0x32, 0x4d, 0x5f, 0x62, 0x69, 0x74, 0x66, 0x69, 0x65, 0x6c, 0x64, 0x00, 0x61, 0x72, 0x6d, 0x2d, 0x61, 0x36, 0x34, 0x40, 0x32, 0x30, 0x32, 0x36, 0x2d, 0x30,
0x36, 0x3a, 0x55, 0x42, 0x46, 0x49, 0x5a, 0x5f, 0x55, 0x42, 0x46, 0x4d, 0x5f, 0x36, 0x34, 0x4d, 0x5f, 0x62, 0x69, 0x74, 0x66, 0x69, 0x65, 0x6c, 0x64, 0x00, 0x61, 0x72, 0x6d, 0x2d, 0x61, 0x36,
0x34, 0x40, 0x32, 0x30, 0x32, 0x36, 0x2d, 0x30, 0x36, 0x3a, 0x55, 0x42, 0x46, 0x58, 0x5f, 0x55, 0x42, 0x46, 0x4d, 0x5f, 0x33, 0x32, 0x4d, 0x5f, 0x62, 0x69, 0x74, 0x66, 0x69, 0x65, 0x6c, 0x64,
0x00, 0x61, 0x72, 0x6d, 0x2d, 0x61, 0x36, 0x34, 0x40, 0x32, 0x30, 0x32, 0x36, 0x2d, 0x30, 0x36, 0x3a, 0x55, 0x42, 0x46, 0x58, 0x5f, 0x55, 0x42, 0x46, 0x4d, 0x5f, 0x36, 0x34, 0x4d, 0x5f, 0x62,
0x69, 0x74, 0x66, 0x69, 0x65, 0x6c, 0x64, 0x00, 0x61, 0x72, 0x6d, 0x2d, 0x61, 0x36, 0x34, 0x40, 0x32, 0x30, 0x32, 0x36, 0x2d, 0x30, 0x36, 0x3a, 0x55, 0x4d, 0x4e, 0x45, 0x47, 0x4c, 0x5f, 0x55,
0x4d, 0x53, 0x55, 0x42, 0x4c, 0x5f, 0x36, 0x34, 0x57, 0x41, 0x5f, 0x64, 0x70, 0x5f, 0x33, 0x73, 0x72, 0x63, 0x00, 0x61, 0x72, 0x6d, 0x2d, 0x61, 0x36, 0x34, 0x40, 0x32, 0x30, 0x32, 0x36, 0x2d,
0x30, 0x36, 0x3a, 0x55, 0x4d, 0x53, 0x55, 0x42, 0x4c, 0x5f, 0x36, 0x34, 0x57, 0x41, 0x5f, 0x64, 0x70, 0x5f, 0x33, 0x73, 0x72, 0x63, 0x00, 0x61, 0x72, 0x6d, 0x2d, 0x61, 0x36, 0x34, 0x40, 0x32,
0x30, 0x32, 0x36, 0x2d, 0x30, 0x36, 0x3a, 0x55, 0x4d, 0x55, 0x4c, 0x4c, 0x5f, 0x55, 0x4d, 0x41, 0x44, 0x44, 0x4c, 0x5f, 0x36, 0x34, 0x57, 0x41, 0x5f, 0x64, 0x70, 0x5f, 0x33, 0x73, 0x72, 0x63,
0x00, 0x61, 0x72, 0x6d, 0x2d, 0x61, 0x36, 0x34, 0x40, 0x32, 0x30, 0x32, 0x36, 0x2d, 0x30, 0x36, 0x3a, 0x55, 0x4d, 0x41, 0x44, 0x44, 0x4c, 0x5f, 0x36, 0x34, 0x57, 0x41, 0x5f, 0x64, 0x70, 0x5f,
0x33, 0x73, 0x72, 0x63, 0x00, 0x61, 0x72, 0x6d, 0x2d, 0x61, 0x36, 0x34, 0x40, 0x32, 0x30, 0x32, 0x36, 0x2d, 0x30, 0x36, 0x3a, 0x55, 0x58, 0x54, 0x42, 0x5f, 0x55, 0x42, 0x46, 0x4d, 0x5f, 0x33,
0x32, 0x4d, 0x5f, 0x62, 0x69, 0x74, 0x66, 0x69, 0x65, 0x6c, 0x64, 0x00, 0x61, 0x72, 0x6d, 0x2d, 0x61, 0x36, 0x34, 0x40, 0x32, 0x30, 0x32, 0x36, 0x2d, 0x30, 0x36, 0x3a, 0x55, 0x58, 0x54, 0x48,
0x5f, 0x55, 0x42, 0x46, 0x4d, 0x5f, 0x33, 0x32, 0x4d, 0x5f, 0x62, 0x69, 0x74, 0x66, 0x69, 0x65, 0x6c, 0x64, 0x00, 0x61, 0x72, 0x6d, 0x2d, 0x61, 0x36, 0x34, 0x40, 0x32, 0x30, 0x32, 0x36, 0x2d,
0x30, 0x36, 0x3a, 0x55, 0x58, 0x54, 0x4c, 0x5f, 0x55, 0x53, 0x48, 0x4c, 0x4c, 0x5f, 0x61, 0x73, 0x69, 0x6d, 0x64, 0x73, 0x68, 0x66, 0x5f, 0x4c, 0x00, 0x61, 0x72, 0x6d, 0x2d, 0x61, 0x36, 0x34,
0x40, 0x32, 0x30, 0x32, 0x36, 0x2d, 0x30, 0x36, 0x3a, 0x55, 0x53, 0x48, 0x4c, 0x4c, 0x5f, 0x61, 0x73, 0x69, 0x6d, 0x64, 0x73, 0x68, 0x66, 0x5f, 0x4c, 0x00
};

static const BusterA64AliasGeneratedRow buster_a64_alias_projection_rows[] = {
    { 0u, 41u, 39u, 0u, 36u, UINT64_C(0xabec4be5fb428adb), UINT64_C(0x9c17d31983922fbf), UINT32_C(0xffe0fc00), UINT32_C(0x1ac02800), 35u, 31u, 2u, 3u, 3u, 1u, 1u, 0 },
    { 1u, 42u, 40u, 68u, 104u, UINT64_C(0x9b0ad2291ad81169), UINT64_C(0xf6c86b3ce111a358), UINT32_C(0xffe0fc00), UINT32_C(0x9ac02800), 35u, 31u, 2u, 3u, 3u, 1u, 1u, 0 },
    { 2u, 43u, 1148u, 136u, 174u, UINT64_C(0x9acfa6533db4fcb4), UINT64_C(0xbe5d6a710b8d62fd), UINT32_C(0xffc0fc00), UINT32_C(0x13007c00), 37u, 33u, 1u, 3u, 3u, 1u, 3u, 0 },
    { 3u, 44u, 1149u, 208u, 246u, UINT64_C(0x78d6201fc4d9bfcc), UINT64_C(0xdbaa9ee202964116), UINT32_C(0xffc0fc00), UINT32_C(0x9340fc00), 37u, 33u, 1u, 3u, 3u, 1u, 3u, 0 },
    { 4u, 45u, 1565u, 280u, 319u, UINT64_C(0x31dd3bc65fe7ce9e), UINT64_C(0xd8276a3effbed0d5), UINT32_C(0xfff8fe00), UINT32_C(0xd5087800), 38u, 35u, 4u, 2u, 4u, 12u, 22u, 1 },
    { 5u, 62u, 64u, 355u, 392u, UINT64_C(0x44fa789c03e61519), UINT64_C(0x9db3844fb790776b), UINT32_C(0xffc00000), UINT32_C(0x33000000), 36u, 32u, 1u, 4u, 4u, 9u, 13u, 1 },
    { 6u, 63u, 65u, 425u, 462u, UINT64_C(0x4c49d3d33c67906e), UINT64_C(0xd05652b1b01482ee), UINT32_C(0xffc00000), UINT32_C(0xb3400000), 36u, 32u, 1u, 4u, 4u, 9u, 13u, 1 },
    { 7u, 66u, 64u, 495u, 392u, UINT64_C(0x9e930282ac3ce9c1), UINT64_C(0x9db3844fb790776b), UINT32_C(0xffc00000), UINT32_C(0x33000000), 38u, 32u, 1u, 4u, 4u, 9u, 9u, 2 },
    { 8u, 67u, 65u, 534u, 462u, UINT64_C(0x90cb22ef09f7bbac), UINT64_C(0xd05652b1b01482ee), UINT32_C(0xffc00000), UINT32_C(0xb3400000), 38u, 32u, 1u, 4u, 4u, 9u, 9u, 2 },
    { 9u, 129u, 1565u, 573u, 319u, UINT64_C(0x8830eb9eb2011db0), UINT64_C(0xd8276a3effbed0d5), UINT32_C(0xffffffe0), UINT32_C(0xd50b7380), 39u, 35u, 4u, 1u, 1u, 1u, 15u, 3 },
    { 10u, 130u, 194u, 613u, 651u, UINT64_C(0x1b08b71bf7925f13), UINT64_C(0x2b052232cd75d008), UINT32_C(0xffe00c00), UINT32_C(0x1a800400), 37u, 32u, 3u, 3u, 4u, 3u, 20u, 0 },
    { 11u, 131u, 195u, 684u, 722u, UINT64_C(0xc5859d6a8c1a7268), UINT64_C(0xb984d9b8eb17ebbf), UINT32_C(0xffe00c00), UINT32_C(0x9a800400), 37u, 32u, 3u, 3u, 4u, 3u, 20u, 0 },
    { 12u, 132u, 196u, 755u, 793u, UINT64_C(0x45e5b4a4881eef4f), UINT64_C(0xd5f34dfe86160a7a), UINT32_C(0xffe00c00), UINT32_C(0x5a800000), 37u, 32u, 3u, 3u, 4u, 3u, 20u, 0 },
    { 13u, 133u, 197u, 826u, 864u, UINT64_C(0x5a5bdb7f212d394c), UINT64_C(0x2674f1de193b7d25), UINT32_C(0xffe00c00), UINT32_C(0xda800000), 37u, 32u, 3u, 3u, 4u, 3u, 20u, 0 },
    { 14u, 161u, 9u, 897u, 937u, UINT64_C(0x7fdb8913bf421bc8), UINT64_C(0xa71af383cea60476), UINT32_C(0xffe0001f), UINT32_C(0x2b20001f), 39u, 35u, 1u, 4u, 4u, 1u, 3u, 0 },
    { 15u, 162u, 10u, 973u, 1013u, UINT64_C(0x3b5a9bed610e94c1), UINT64_C(0x0be8986664349bfe), UINT32_C(0xff80001f), UINT32_C(0x3100001f), 39u, 35u, 1u, 3u, 3u, 1u, 3u, 0 },
    { 16u, 163u, 11u, 1049u, 1090u, UINT64_C(0x208e529e9321bdaa), UINT64_C(0x8b82dbb7d8a4e298), UINT32_C(0xff20001f), UINT32_C(0x2b00001f), 40u, 36u, 1u, 4u, 4u, 1u, 3u, 0 },
    { 17u, 164u, 12u, 1127u, 1167u, UINT64_C(0x6da1dc68308ee55f), UINT64_C(0x3821df32689b697d), UINT32_C(0xffe0001f), UINT32_C(0xab20001f), 39u, 35u, 1u, 5u, 4u, 1u, 3u, 0 },
    { 18u, 165u, 13u, 1203u, 1243u, UINT64_C(0xbacb63e9b81b7dd0), UINT64_C(0x6ea7fcad54d12ebd), UINT32_C(0xff80001f), UINT32_C(0xb100001f), 39u, 35u, 1u, 3u, 3u, 1u, 3u, 0 },
    { 19u, 166u, 14u, 1279u, 1320u, UINT64_C(0x2faa86878926e007), UINT64_C(0x29133d7c52d8b701), UINT32_C(0xff20001f), UINT32_C(0xab00001f), 40u, 36u, 1u, 4u, 4u, 1u, 3u, 0 },
    { 20u, 167u, 1525u, 1357u, 1397u, UINT64_C(0x8d429a10d441fff4), UINT64_C(0xb94f3bc7a03c063f), UINT32_C(0xffe0001f), UINT32_C(0x6b20001f), 39u, 35u, 1u, 4u, 4u, 1u, 3u, 0 },
    { 21u, 168u, 1526u, 1433u, 1473u, UINT64_C(0xad346b40c9a787f7), UINT64_C(0xfea9fce6af95c18b), UINT32_C(0xff80001f), UINT32_C(0x7100001f), 39u, 35u, 1u, 3u, 3u, 1u, 3u, 0 },
    { 22u, 169u, 1527u, 1509u, 1550u, UINT64_C(0x7347693f7e95b5bf), UINT64_C(0xdf1fd98cb8142ebb), UINT32_C(0xff20001f), UINT32_C(0x6b00001f), 40u, 36u, 1u, 4u, 4u, 1u, 3u, 0 },
    { 23u, 170u, 1528u, 1587u, 1627u, UINT64_C(0x749d25e4ee78ae52), UINT64_C(0x1cc5b8a884afe71d), UINT32_C(0xffe0001f), UINT32_C(0xeb20001f), 39u, 35u, 1u, 5u, 4u, 1u, 3u, 0 },
    { 24u, 171u, 1529u, 1663u, 1703u, UINT64_C(0x8b23deb37add368e), UINT64_C(0x7411f93ed6c3ae85), UINT32_C(0xff80001f), UINT32_C(0xf100001f), 39u, 35u, 1u, 3u, 3u, 1u, 3u, 0 },
    { 25u, 172u, 1530u, 1739u, 1780u, UINT64_C(0x7c08f23e95571948), UINT64_C(0x70dbe564a6773af7), UINT32_C(0xff20001f), UINT32_C(0xeb00001f), 40u, 36u, 1u, 4u, 4u, 1u, 3u, 0 },
    { 26u, 175u, 198u, 1817u, 1855u, UINT64_C(0xd4a0f5edc042897a), UINT64_C(0x77eb53be7e4cedc0), UINT32_C(0xffe00c00), UINT32_C(0x5a800400), 37u, 32u, 3u, 3u, 4u, 3u, 12u, 0 },
    { 27u, 176u, 199u, 1888u, 1926u, UINT64_C(0x3f10f4532cf8774e), UINT64_C(0xffa16a3978da4452), UINT32_C(0xffe00c00), UINT32_C(0xda800400), 37u, 32u, 3u, 3u, 4u, 3u, 12u, 0 },
    { 28u, 178u, 1565u, 1959u, 319u, UINT64_C(0xa5796fedaa4e8cbd), UINT64_C(0xd8276a3effbed0d5), UINT32_C(0xffffffe0), UINT32_C(0xd50b73e0), 39u, 35u, 4u, 1u, 1u, 1u, 15u, 5 },
    { 29u, 190u, 196u, 1999u, 793u, UINT64_C(0x87a224423e3b71df), UINT64_C(0xd5f34dfe86160a7a), UINT32_C(0xffff0fe0), UINT32_C(0x5a9f03e0), 38u, 32u, 3u, 2u, 2u, 1u, 16u, 1 },
    { 30u, 191u, 197u, 2038u, 864u, UINT64_C(0xce184a9b9b1e5543), UINT64_C(0x2674f1de193b7d25), UINT32_C(0xffff0fe0), UINT32_C(0xda9f03e0), 38u, 32u, 3u, 2u, 2u, 1u, 16u, 1 },
    { 31u, 192u, 194u, 2077u, 651u, UINT64_C(0xd32e28a5453965a9), UINT64_C(0x2b052232cd75d008), UINT32_C(0xffff0fe0), UINT32_C(0x1a9f07e0), 37u, 32u, 3u, 2u, 2u, 1u, 16u, 1 },
    { 32u, 193u, 195u, 2115u, 722u, UINT64_C(0x34dc498c2ee1bf34), UINT64_C(0xb984d9b8eb17ebbf), UINT32_C(0xffff0fe0), UINT32_C(0x9a9f07e0), 37u, 32u, 3u, 2u, 2u, 1u, 16u, 1 },
    { 33u, 203u, 1565u, 2153u, 319u, UINT64_C(0x3c1cc108ed1e694a), UINT64_C(0xd8276a3effbed0d5), UINT32_C(0xfff8f000), UINT32_C(0xd5087000), 38u, 35u, 4u, 2u, 4u, 12u, 16u, 6 },
    { 34u, 210u, 1565u, 2192u, 319u, UINT64_C(0x8a97a67d9e91ad20), UINT64_C(0xd8276a3effbed0d5), UINT32_C(0xffffffe0), UINT32_C(0xd50b73a0), 39u, 35u, 4u, 1u, 1u, 1u, 15u, 7 },
    { 35u, 638u, 1565u, 2232u, 319u, UINT64_C(0x05524fa61011625c), UINT64_C(0xd8276a3effbed0d5), UINT32_C(0xfff8f000), UINT32_C(0xd5087000), 38u, 35u, 4u, 2u, 4u, 12u, 16u, 15 },
    { 36u, 1002u, 1000u, 2271u, 2307u, UINT64_C(0x56ceaf8387117bba), UINT64_C(0xb43c04ea8527c479), UINT32_C(0xffe0fc00), UINT32_C(0x1ac02000), 35u, 31u, 2u, 3u, 3u, 1u, 1u, 0 },
    { 37u, 1003u, 1001u, 2339u, 2375u, UINT64_C(0x51fe5e09ef14b02f), UINT64_C(0x807e017963c88882), UINT32_C(0xffe0fc00), UINT32_C(0x9ac02000), 35u, 31u, 2u, 3u, 3u, 1u, 1u, 0 },
    { 38u, 1004u, 1595u, 2407u, 2445u, UINT64_C(0xb5908db9b36da3e3), UINT64_C(0x5201dd19a58544ce), UINT32_C(0xffc00000), UINT32_C(0x53000000), 37u, 33u, 1u, 3u, 4u, 11u, 15u, 0 },
    { 39u, 1005u, 1596u, 2479u, 2517u, UINT64_C(0x02bda1218a38dd4e), UINT64_C(0x941b2bd68d1da23b), UINT32_C(0xffc00000), UINT32_C(0xd3400000), 37u, 33u, 1u, 3u, 4u, 11u, 15u, 0 },
    { 40u, 1008u, 1006u, 2551u, 2587u, UINT64_C(0x043479af11123cc3), UINT64_C(0xae90e1861e1e3432), UINT32_C(0xffe0fc00), UINT32_C(0x1ac02400), 35u, 31u, 2u, 3u, 3u, 1u, 1u, 0 },
    { 41u, 1009u, 1007u, 2619u, 2655u, UINT64_C(0xe2ae4471c58adaaa), UINT64_C(0x466906b42af8104e), UINT32_C(0xffe0fc00), UINT32_C(0x9ac02400), 35u, 31u, 2u, 3u, 3u, 1u, 1u, 0 },
    { 42u, 1010u, 1595u, 2687u, 2445u, UINT64_C(0xb82bd2bb88cd3d9c), UINT64_C(0x5201dd19a58544ce), UINT32_C(0xffc0fc00), UINT32_C(0x53007c00), 37u, 33u, 1u, 3u, 3u, 1u, 3u, 1 },
    { 43u, 1011u, 1596u, 2725u, 2517u, UINT64_C(0xc8aa0950e8de1656), UINT64_C(0x941b2bd68d1da23b), UINT32_C(0xffc0fc00), UINT32_C(0xd340fc00), 37u, 33u, 1u, 3u, 3u, 1u, 3u, 1 },
    { 44u, 1018u, 1051u, 2763u, 2801u, UINT64_C(0x6910134e268db179), UINT64_C(0xde2077b187f931ea), UINT32_C(0xffe0fc00), UINT32_C(0x1b00fc00), 37u, 32u, 2u, 3u, 3u, 1u, 3u, 0 },
    { 45u, 1019u, 1052u, 2834u, 2872u, UINT64_C(0xaab69078f470bcb8), UINT64_C(0xe46508a1977d55fb), UINT32_C(0xffe0fc00), UINT32_C(0x9b00fc00), 37u, 32u, 2u, 3u, 3u, 1u, 3u, 0 },
    { 46u, 1032u, 17u, 2905u, 2943u, UINT64_C(0xb1f7df711e6a83cb), UINT64_C(0x5e7caceee06a10e5), UINT32_C(0xfffffc00), UINT32_C(0x11000000), 37u, 33u, 1u, 2u, 2u, 7u, 17u, 0 },
    { 47u, 1033u, 20u, 2977u, 3015u, UINT64_C(0x7ccfd075aa7064c5), UINT64_C(0x0b815431cc046237), UINT32_C(0xfffffc00), UINT32_C(0x91000000), 37u, 33u, 1u, 2u, 2u, 7u, 17u, 0 },
    { 48u, 1034u, 209u, 3049u, 3087u, UINT64_C(0xde216afb9c700794), UINT64_C(0xc98c70c3d388f8aa), UINT32_C(0xffe0fc00), UINT32_C(0x5e000400), 37u, 33u, 5u, 5u, 3u, 1u, 1u, 0 },
    { 49u, 1035u, 639u, 3121u, 3159u, UINT64_C(0x01696f02a3319014), UINT64_C(0xf45213f4acbb3423), UINT32_C(0xffe0fc00), UINT32_C(0x4e001c00), 37u, 33u, 5u, 5u, 3u, 1u, 1u, 0 },
    { 50u, 1036u, 640u, 3193u, 3231u, UINT64_C(0xb0cdeebd145d0c00), UINT64_C(0x45918818a277c3bf), UINT32_C(0xffe08400), UINT32_C(0x6e000400), 37u, 33u, 5u, 6u, 4u, 1u, 1u, 0 },
    { 51u, 1037u, 1028u, 3265u, 3302u, UINT64_C(0x894747ac578d35b7), UINT64_C(0x7eb0dc2d75ccb8d3), UINT32_C(0xffc00000), UINT32_C(0x12800000), 36u, 32u, 1u, 2u, 3u, 17u, 17u, 0 },
    { 52u, 1038u, 1029u, 3335u, 3372u, UINT64_C(0x96e023ed073b2e2e), UINT64_C(0xcd945a609482a676), UINT32_C(0xff800000), UINT32_C(0x92800000), 36u, 32u, 1u, 2u, 3u, 11u, 17u, 0 },
    { 53u, 1039u, 1030u, 3405u, 3442u, UINT64_C(0x29c474396e7167aa), UINT64_C(0xabfe0e3166fce3f4), UINT32_C(0xffc00000), UINT32_C(0x52800000), 36u, 32u, 1u, 2u, 3u, 11u, 11u, 0 },
    { 54u, 1040u, 1031u, 3475u, 3512u, UINT64_C(0x215e61941b3ee5f4), UINT64_C(0xa93150f49cd4b39a), UINT32_C(0xff800000), UINT32_C(0xd2800000), 36u, 32u, 1u, 2u, 3u, 11u, 11u, 0 },
    { 55u, 1041u, 1078u, 3545u, 3580u, UINT64_C(0x2b7320fe7179acf0), UINT64_C(0x04e1c6f727a3e162), UINT32_C(0xffc003e0), UINT32_C(0x320003e0), 34u, 30u, 1u, 2u, 3u, 11u, 15u, 0 },
    { 56u, 1042u, 1079u, 3611u, 3648u, UINT64_C(0x23a8e19da2e39b06), UINT64_C(0xd75c5866b6a4cc10), UINT32_C(0xffe0ffe0), UINT32_C(0x2a0003e0), 36u, 32u, 1u, 2u, 2u, 1u, 11u, 0 },
    { 57u, 1043u, 1080u, 3681u, 3716u, UINT64_C(0xadc9eda7e0ae61d1), UINT64_C(0xd8988a68d03c5007), UINT32_C(0xff8003e0), UINT32_C(0xb20003e0), 34u, 30u, 1u, 2u, 4u, 11u, 15u, 0 },
    { 58u, 1044u, 1081u, 3747u, 3784u, UINT64_C(0xfefd35ef53dc4c14), UINT64_C(0xa19032e89cf52a3a), UINT32_C(0xffe0ffe0), UINT32_C(0xaa0003e0), 36u, 32u, 1u, 2u, 2u, 1u, 11u, 0 },
    { 59u, 1045u, 1084u, 3817u, 3856u, UINT64_C(0x65b7c0aed670907b), UINT64_C(0xc6e29afad4e09fb3), UINT32_C(0xbfe0fc00), UINT32_C(0x0ea01c00), 38u, 34u, 6u, 4u, 4u, 3u, 3u, 0 },
    { 60u, 1046u, 1636u, 3891u, 3929u, UINT64_C(0x087d8c670eb510e1), UINT64_C(0x0bb8dc9cbc8aa819), UINT32_C(0xffe7fc00), UINT32_C(0x0e043c00), 37u, 33u, 5u, 3u, 3u, 1u, 5u, 0 },
    { 61u, 1047u, 1637u, 3963u, 4001u, UINT64_C(0x9cd06721e352e8f5), UINT64_C(0xe177b3861770bef7), UINT32_C(0xffeffc00), UINT32_C(0x4e083c00), 37u, 33u, 5u, 3u, 3u, 1u, 5u, 0 },
    { 62u, 1053u, 1012u, 4035u, 4072u, UINT64_C(0xf48e089dc115ea43), UINT64_C(0x3a1e6468f861d589), UINT32_C(0xffe0fc00), UINT32_C(0x1b007c00), 36u, 32u, 2u, 3u, 3u, 1u, 3u, 0 },
    { 63u, 1054u, 1013u, 4105u, 4142u, UINT64_C(0xd34f3021debf8bd0), UINT64_C(0x337e0a030c060b4d), UINT32_C(0xffe0fc00), UINT32_C(0x9b007c00), 36u, 32u, 2u, 3u, 3u, 1u, 3u, 0 },
    { 64u, 1060u, 1074u, 4175u, 4211u, UINT64_C(0x7a22f41eb9b3b6e9), UINT64_C(0xb4fad81197ef56dd), UINT32_C(0xbffffc00), UINT32_C(0x2e205800), 35u, 31u, 6u, 4u, 3u, 1u, 1u, 0 },
    { 65u, 1061u, 1075u, 4243u, 4280u, UINT64_C(0xc5cbbd6fc2b7fc33), UINT64_C(0xc8cfda2c3ed0f2aa), UINT32_C(0xff2003e0), UINT32_C(0x2a2003e0), 36u, 32u, 1u, 4u, 4u, 1u, 3u, 0 },
    { 66u, 1062u, 1076u, 4313u, 4350u, UINT64_C(0x8bcf7a6b1f84916d), UINT64_C(0xa22a007d6d85a5a0), UINT32_C(0xff2003e0), UINT32_C(0xaa2003e0), 36u, 32u, 1u, 4u, 4u, 1u, 3u, 0 },
    { 67u, 1063u, 1527u, 4383u, 1550u, UINT64_C(0xa7e370309ac15785), UINT64_C(0xdf1fd98cb8142ebb), UINT32_C(0xff2003e0), UINT32_C(0x6b0003e0), 41u, 36u, 1u, 4u, 4u, 1u, 7u, 1 },
    { 68u, 1064u, 1530u, 4425u, 1780u, UINT64_C(0x252d80959706e710), UINT64_C(0x70dbe564a6773af7), UINT32_C(0xff2003e0), UINT32_C(0xeb0003e0), 41u, 36u, 1u, 4u, 4u, 1u, 7u, 1 },
    { 69u, 1065u, 1533u, 4467u, 4507u, UINT64_C(0xcce31ac0e50d0e12), UINT64_C(0xa9d4441fa060f1f3), UINT32_C(0xff2003e0), UINT32_C(0x4b0003e0), 39u, 35u, 1u, 4u, 4u, 1u, 3u, 0 },
    { 70u, 1066u, 1536u, 4543u, 4583u, UINT64_C(0x46f87ce9d73c2730), UINT64_C(0xc58481f22403910c), UINT32_C(0xff2003e0), UINT32_C(0xcb0003e0), 39u, 35u, 1u, 4u, 4u, 1u, 3u, 0 },
    { 71u, 1069u, 1142u, 4619u, 4661u, UINT64_C(0xd96fc88f83c31811), UINT64_C(0x7b0707c2a50d31c4), UINT32_C(0xffe0ffe0), UINT32_C(0x7a0003e0), 41u, 36u, 2u, 2u, 2u, 1u, 3u, 0 },
    { 72u, 1070u, 1143u, 4698u, 4740u, UINT64_C(0x9951305e1c0970a4), UINT64_C(0x0f5e747731966b76), UINT32_C(0xffe0ffe0), UINT32_C(0xfa0003e0), 41u, 36u, 2u, 2u, 2u, 1u, 3u, 0 },
    { 73u, 1071u, 1144u, 4777u, 4817u, UINT64_C(0x877e82c96efa0dc6), UINT64_C(0xdee58d39ff6b0e38), UINT32_C(0xffe0ffe0), UINT32_C(0x5a0003e0), 39u, 35u, 2u, 2u, 2u, 1u, 3u, 0 },
    { 74u, 1072u, 1145u, 4853u, 4893u, UINT64_C(0x23f46aab9e0e0919), UINT64_C(0x9a7e8f67f51c9d6f), UINT32_C(0xffe0ffe0), UINT32_C(0xda0003e0), 39u, 35u, 2u, 2u, 2u, 1u, 3u, 0 },
    { 75u, 1106u, 206u, 4929u, 4967u, UINT64_C(0x9e6e759013b7466e), UINT64_C(0x6f58e0f25c8b6142), UINT32_C(0xffffffff), UINT32_C(0xd503349f), 37u, 31u, 4u, 0u, 0u, 1u, 3u, 0 },
    { 76u, 1120u, 1123u, 4999u, 5036u, UINT64_C(0xf6ee58f61404b73f), UINT64_C(0xf81c77ef89c62607), UINT32_C(0xfffffc00), UINT32_C(0xdac00c00), 36u, 30u, 2u, 2u, 2u, 1u, 1u, 0 },
    { 77u, 1127u, 223u, 5067u, 5103u, UINT64_C(0x120f3e90762cd314), UINT64_C(0xc126aa8d0a7bc2c8), UINT32_C(0xffe08000), UINT32_C(0x13800000), 35u, 31u, 1u, 3u, 4u, 3u, 3u, 0 },
    { 78u, 1128u, 224u, 5135u, 5171u, UINT64_C(0x82600d4d39347488), UINT64_C(0xf072a81f920087eb), UINT32_C(0xffe00000), UINT32_C(0x93c00000), 35u, 31u, 1u, 3u, 4u, 3u, 3u, 0 },
    { 79u, 1129u, 1125u, 5203u, 5239u, UINT64_C(0x8e8603e5a93383f2), UINT64_C(0x29121d282296d4a4), UINT32_C(0xffe0fc00), UINT32_C(0x1ac02c00), 35u, 31u, 2u, 3u, 3u, 1u, 1u, 0 },
    { 80u, 1130u, 1126u, 5271u, 5307u, UINT64_C(0xcbdc220ce355ee4f), UINT64_C(0xbf9de012e36567b9), UINT32_C(0xffe0fc00), UINT32_C(0x9ac02c00), 35u, 31u, 2u, 3u, 3u, 1u, 1u, 0 },
    { 81u, 1146u, 1148u, 5339u, 174u, UINT64_C(0x1b5c8bddb59beda4), UINT64_C(0xbe5d6a710b8d62fd), UINT32_C(0xffc00000), UINT32_C(0x13000000), 39u, 33u, 1u, 4u, 4u, 9u, 9u, 1 },
    { 82u, 1147u, 1149u, 5379u, 246u, UINT64_C(0xeb5405ec3d4a3b53), UINT64_C(0xdbaa9ee202964116), UINT32_C(0xffc00000), UINT32_C(0x93400000), 39u, 33u, 1u, 4u, 4u, 9u, 9u, 1 },
    { 83u, 1150u, 1148u, 5419u, 174u, UINT64_C(0xf731a448b6cd0d18), UINT64_C(0xbe5d6a710b8d62fd), UINT32_C(0xffc00000), UINT32_C(0x13000000), 38u, 33u, 1u, 4u, 4u, 13u, 13u, 2 },
    { 84u, 1151u, 1149u, 5458u, 246u, UINT64_C(0xf7bf712a37597a2e), UINT64_C(0xdbaa9ee202964116), UINT32_C(0xffc00000), UINT32_C(0x93400000), 38u, 33u, 1u, 4u, 4u, 13u, 13u, 2 },
    { 85u, 1213u, 1216u, 5497u, 5540u, UINT64_C(0x778eed7fa384fe2b), UINT64_C(0x7f2bf7de683c5bf7), UINT32_C(0xffe0fc00), UINT32_C(0x9b20fc00), 42u, 35u, 2u, 3u, 3u, 1u, 3u, 0 },
    { 86u, 1218u, 1201u, 5576u, 5618u, UINT64_C(0x0e5c1e596bf0b8f7), UINT64_C(0x4fd4647e75534a62), UINT32_C(0xffe0fc00), UINT32_C(0x9b207c00), 41u, 35u, 2u, 3u, 3u, 1u, 3u, 0 },
    { 87u, 1286u, 206u, 5654u, 4967u, UINT64_C(0xa367b96ae742f2a8), UINT64_C(0x6f58e0f25c8b6142), UINT32_C(0xffffffff), UINT32_C(0xd503309f), 36u, 31u, 4u, 0u, 0u, 1u, 3u, 1 },
    { 88u, 1365u, 731u, 5691u, 5730u, UINT64_C(0x3b0a3ed41e643fae), UINT64_C(0x7ba3fbf82c38e964), UINT32_C(0xffe0fc1f), UINT32_C(0x3820001f), 38u, 31u, 0u, 2u, 2u, 1u, 7u, 0 },
    { 89u, 1366u, 732u, 5762u, 5801u, UINT64_C(0x4ab77a272d95ae3a), UINT64_C(0x2f67a8880c0f18c4), UINT32_C(0xffe0fc1f), UINT32_C(0x7820001f), 38u, 31u, 0u, 2u, 2u, 1u, 7u, 0 },
    { 90u, 1367u, 733u, 5833u, 5874u, UINT64_C(0xd9197d029e75673d), UINT64_C(0x971683cc0272c90f), UINT32_C(0xffe0fc1f), UINT32_C(0x3860001f), 40u, 32u, 0u, 2u, 2u, 1u, 7u, 0 },
    { 91u, 1368u, 734u, 5907u, 5948u, UINT64_C(0x5b77a802cb795f12), UINT64_C(0x029e4f4b6671b903), UINT32_C(0xffe0fc1f), UINT32_C(0x7860001f), 40u, 32u, 0u, 2u, 2u, 1u, 7u, 0 },
    { 92u, 1369u, 735u, 5981u, 6020u, UINT64_C(0x3b21a0de7cb40bd4), UINT64_C(0x21a5ffa36f28ad76), UINT32_C(0xffe0fc1f), UINT32_C(0xb860001f), 38u, 31u, 0u, 2u, 2u, 1u, 7u, 0 },
    { 93u, 1370u, 736u, 6052u, 6091u, UINT64_C(0x85b199f2a7e52233), UINT64_C(0xbba1bc6b803c35ab), UINT32_C(0xffe0fc1f), UINT32_C(0xf860001f), 38u, 31u, 0u, 2u, 2u, 1u, 7u, 0 },
    { 94u, 1371u, 737u, 6123u, 6160u, UINT64_C(0x793f8bda21a3f730), UINT64_C(0x6cba6956205225d2), UINT32_C(0xffe0fc1f), UINT32_C(0xb820001f), 36u, 30u, 0u, 2u, 2u, 1u, 7u, 0 },
    { 95u, 1372u, 738u, 6191u, 6228u, UINT64_C(0x86cdc62869f508d6), UINT64_C(0xc46d35d36bce4f5f), UINT32_C(0xffe0fc1f), UINT32_C(0xf820001f), 36u, 30u, 0u, 2u, 2u, 1u, 7u, 0 },
    { 96u, 1373u, 770u, 6259u, 6298u, UINT64_C(0xe3709b05b36bd656), UINT64_C(0x109d46f78467f61d), UINT32_C(0xffe0fc1f), UINT32_C(0x3820101f), 38u, 31u, 0u, 2u, 2u, 1u, 7u, 0 },
    { 97u, 1374u, 771u, 6330u, 6369u, UINT64_C(0x91951c59bf418b10), UINT64_C(0xfa0e4b85351d30d1), UINT32_C(0xffe0fc1f), UINT32_C(0x7820101f), 38u, 31u, 0u, 2u, 2u, 1u, 7u, 0 },
    { 98u, 1375u, 772u, 6401u, 6442u, UINT64_C(0x27f7fd4c0821bfed), UINT64_C(0x793392a4c7e89d61), UINT32_C(0xffe0fc1f), UINT32_C(0x3860101f), 40u, 32u, 0u, 2u, 2u, 1u, 7u, 0 },
    { 99u, 1376u, 773u, 6475u, 6516u, UINT64_C(0x308860455f985243), UINT64_C(0xd7be4ca8e98f606d), UINT32_C(0xffe0fc1f), UINT32_C(0x7860101f), 40u, 32u, 0u, 2u, 2u, 1u, 7u, 0 },
    { 100u, 1377u, 774u, 6549u, 6588u, UINT64_C(0x5c6cea07d55d22ce), UINT64_C(0xa0aa1d1c5dc48581), UINT32_C(0xffe0fc1f), UINT32_C(0xb860101f), 38u, 31u, 0u, 2u, 2u, 1u, 7u, 0 },
    { 101u, 1378u, 775u, 6620u, 6659u, UINT64_C(0xf8ac3dd4bf270dd0), UINT64_C(0x72f3287635231463), UINT32_C(0xffe0fc1f), UINT32_C(0xf860101f), 38u, 31u, 0u, 2u, 2u, 1u, 7u, 0 },
    { 102u, 1379u, 776u, 6691u, 6728u, UINT64_C(0x3b17cf8486f5ffe2), UINT64_C(0x097eaf9916f5b027), UINT32_C(0xffe0fc1f), UINT32_C(0xb820101f), 36u, 30u, 0u, 2u, 2u, 1u, 7u, 0 },
    { 103u, 1380u, 777u, 6759u, 6796u, UINT64_C(0xd95b1db3c39950f7), UINT64_C(0x0ebd5a1c9e7e418f), UINT32_C(0xffe0fc1f), UINT32_C(0xf820101f), 36u, 30u, 0u, 2u, 2u, 1u, 7u, 0 },
    { 104u, 1381u, 786u, 6827u, 6866u, UINT64_C(0xb67528fd3a386416), UINT64_C(0xdaa486da9e22ab8e), UINT32_C(0xffe0fc1f), UINT32_C(0x3820201f), 38u, 31u, 0u, 2u, 2u, 1u, 7u, 0 },
    { 105u, 1382u, 787u, 6898u, 6937u, UINT64_C(0xa1471125698a8bc9), UINT64_C(0xf9c3767df167e5fa), UINT32_C(0xffe0fc1f), UINT32_C(0x7820201f), 38u, 31u, 0u, 2u, 2u, 1u, 7u, 0 },
    { 106u, 1383u, 788u, 6969u, 7010u, UINT64_C(0x52ae982871f50f63), UINT64_C(0x33943acfdcf53e83), UINT32_C(0xffe0fc1f), UINT32_C(0x3860201f), 40u, 32u, 0u, 2u, 2u, 1u, 7u, 0 },
    { 107u, 1384u, 789u, 7043u, 7084u, UINT64_C(0x0a91a343ff5de762), UINT64_C(0x543226f337ef77ff), UINT32_C(0xffe0fc1f), UINT32_C(0x7860201f), 40u, 32u, 0u, 2u, 2u, 1u, 7u, 0 },
    { 108u, 1385u, 790u, 7117u, 7156u, UINT64_C(0x5f53642aa3be95b2), UINT64_C(0x0b7259a4b209a235), UINT32_C(0xffe0fc1f), UINT32_C(0xb860201f), 38u, 31u, 0u, 2u, 2u, 1u, 7u, 0 },
    { 109u, 1386u, 791u, 7188u, 7227u, UINT64_C(0x1f6de2d9d256bad2), UINT64_C(0x1c49d210843cd811), UINT32_C(0xffe0fc1f), UINT32_C(0xf860201f), 38u, 31u, 0u, 2u, 2u, 1u, 7u, 0 },
    { 110u, 1387u, 792u, 7259u, 7296u, UINT64_C(0x60ed24c80d1ea989), UINT64_C(0x98357a23bbf56194), UINT32_C(0xffe0fc1f), UINT32_C(0xb820201f), 36u, 30u, 0u, 2u, 2u, 1u, 7u, 0 },
    { 111u, 1388u, 793u, 7327u, 7364u, UINT64_C(0xac2a3d258df45c07), UINT64_C(0x34cc093ecc54a780), UINT32_C(0xffe0fc1f), UINT32_C(0xf820201f), 36u, 30u, 0u, 2u, 2u, 1u, 7u, 0 },
    { 112u, 1465u, 899u, 7395u, 7434u, UINT64_C(0xfd95727f14c468c7), UINT64_C(0x1a0c002c60dadc20), UINT32_C(0xffe0fc1f), UINT32_C(0x3820301f), 38u, 31u, 0u, 2u, 2u, 1u, 7u, 0 },
    { 113u, 1466u, 900u, 7466u, 7505u, UINT64_C(0x5d4f90b8aadcb05a), UINT64_C(0x4516bcd445d54cea), UINT32_C(0xffe0fc1f), UINT32_C(0x7820301f), 38u, 31u, 0u, 2u, 2u, 1u, 7u, 0 },
    { 114u, 1467u, 901u, 7537u, 7578u, UINT64_C(0x06496eb227e51a9a), UINT64_C(0x7e9d1b4f87d7ac69), UINT32_C(0xffe0fc1f), UINT32_C(0x3860301f), 40u, 32u, 0u, 2u, 2u, 1u, 7u, 0 },
    { 115u, 1468u, 902u, 7611u, 7652u, UINT64_C(0x3e8c695d3aae89e7), UINT64_C(0x463f663bc51424ab), UINT32_C(0xffe0fc1f), UINT32_C(0x7860301f), 40u, 32u, 0u, 2u, 2u, 1u, 7u, 0 },
    { 116u, 1469u, 903u, 7685u, 7724u, UINT64_C(0xcd270e3c64e279c0), UINT64_C(0xa2158456a27f3425), UINT32_C(0xffe0fc1f), UINT32_C(0xb860301f), 38u, 31u, 0u, 2u, 2u, 1u, 7u, 0 },
    { 117u, 1470u, 904u, 7756u, 7795u, UINT64_C(0xd56e1bcdefb498ae), UINT64_C(0x1040cc487889b8ff), UINT32_C(0xffe0fc1f), UINT32_C(0xf860301f), 38u, 31u, 0u, 2u, 2u, 1u, 7u, 0 },
    { 118u, 1471u, 905u, 7827u, 7864u, UINT64_C(0x2ea0e18d1061babe), UINT64_C(0xd5f78bfcd0386e81), UINT32_C(0xffe0fc1f), UINT32_C(0xb820301f), 36u, 30u, 0u, 2u, 2u, 1u, 7u, 0 },
    { 119u, 1472u, 906u, 7895u, 7932u, UINT64_C(0xf6c1a6f3b6bc6bbd), UINT64_C(0x206b94b0a9fd2c33), UINT32_C(0xffe0fc1f), UINT32_C(0xf820301f), 36u, 30u, 0u, 2u, 2u, 1u, 7u, 0 },
    { 120u, 1473u, 915u, 7963u, 8004u, UINT64_C(0xfd5b2d046219c451), UINT64_C(0x58eacd5d448f1de4), UINT32_C(0xffe0fc1f), UINT32_C(0x3820401f), 40u, 32u, 0u, 2u, 2u, 1u, 7u, 0 },
    { 121u, 1474u, 916u, 8037u, 8078u, UINT64_C(0x4c6c5634a6dd9b43), UINT64_C(0x733fb704246faf2a), UINT32_C(0xffe0fc1f), UINT32_C(0x7820401f), 40u, 32u, 0u, 2u, 2u, 1u, 7u, 0 },
    { 122u, 1475u, 917u, 8111u, 8154u, UINT64_C(0x13483e9b907e2b34), UINT64_C(0xfa3e24d20a355bf5), UINT32_C(0xffe0fc1f), UINT32_C(0x3860401f), 42u, 33u, 0u, 2u, 2u, 1u, 7u, 0 },
    { 123u, 1476u, 918u, 8188u, 8231u, UINT64_C(0xc9fd624cc179cf7b), UINT64_C(0xa2a7d7a9f4518747), UINT32_C(0xffe0fc1f), UINT32_C(0x7860401f), 42u, 33u, 0u, 2u, 2u, 1u, 7u, 0 },
    { 124u, 1477u, 919u, 8265u, 8306u, UINT64_C(0xbc1487be5a4a9602), UINT64_C(0x66b06f825300c223), UINT32_C(0xffe0fc1f), UINT32_C(0xb860401f), 40u, 32u, 0u, 2u, 2u, 1u, 7u, 0 },
    { 125u, 1478u, 920u, 8339u, 8380u, UINT64_C(0xe7b635f4883e597e), UINT64_C(0xd3de87023226b430), UINT32_C(0xffe0fc1f), UINT32_C(0xf860401f), 40u, 32u, 0u, 2u, 2u, 1u, 7u, 0 },
    { 126u, 1479u, 921u, 8413u, 8452u, UINT64_C(0xe8388efe0c3769d2), UINT64_C(0x497f45d8051d8520), UINT32_C(0xffe0fc1f), UINT32_C(0xb820401f), 38u, 31u, 0u, 2u, 2u, 1u, 7u, 0 },
    { 127u, 1480u, 922u, 8484u, 8523u, UINT64_C(0xcf2775dedb780c44), UINT64_C(0x22e2e350d172f510), UINT32_C(0xffe0fc1f), UINT32_C(0xf820401f), 38u, 31u, 0u, 2u, 2u, 1u, 7u, 0 },
    { 128u, 1481u, 931u, 8555u, 8596u, UINT64_C(0x03b718083a0e36b8), UINT64_C(0x4db962d511ef54b9), UINT32_C(0xffe0fc1f), UINT32_C(0x3820501f), 40u, 32u, 0u, 2u, 2u, 1u, 7u, 0 },
    { 129u, 1482u, 932u, 8629u, 8670u, UINT64_C(0x920822d88717a5fb), UINT64_C(0x5137accb266c0cbe), UINT32_C(0xffe0fc1f), UINT32_C(0x7820501f), 40u, 32u, 0u, 2u, 2u, 1u, 7u, 0 },
    { 130u, 1483u, 933u, 8703u, 8746u, UINT64_C(0x8d7adf8ed31a7a16), UINT64_C(0x8356e2cdf1ecc8a0), UINT32_C(0xffe0fc1f), UINT32_C(0x3860501f), 42u, 33u, 0u, 2u, 2u, 1u, 7u, 0 },
    { 131u, 1484u, 934u, 8780u, 8823u, UINT64_C(0x878cee6ac282b329), UINT64_C(0x72abb56bd6269758), UINT32_C(0xffe0fc1f), UINT32_C(0x7860501f), 42u, 33u, 0u, 2u, 2u, 1u, 7u, 0 },
    { 132u, 1485u, 935u, 8857u, 8898u, UINT64_C(0x1e1147ecf526de62), UINT64_C(0x06f0404c1f9c9ffa), UINT32_C(0xffe0fc1f), UINT32_C(0xb860501f), 40u, 32u, 0u, 2u, 2u, 1u, 7u, 0 },
    { 133u, 1486u, 936u, 8931u, 8972u, UINT64_C(0xf9f43dafad821c54), UINT64_C(0xdb432dddda9bf00d), UINT32_C(0xffe0fc1f), UINT32_C(0xf860501f), 40u, 32u, 0u, 2u, 2u, 1u, 7u, 0 },
    { 134u, 1487u, 937u, 9005u, 9044u, UINT64_C(0x88ab7c2449fb7ca9), UINT64_C(0x8e6f55796a40ca6f), UINT32_C(0xffe0fc1f), UINT32_C(0xb820501f), 38u, 31u, 0u, 2u, 2u, 1u, 7u, 0 },
    { 135u, 1488u, 938u, 9076u, 9115u, UINT64_C(0x24a088d23df1f853), UINT64_C(0xb65a763110b4eaa3), UINT32_C(0xffe0fc1f), UINT32_C(0xf820501f), 38u, 31u, 0u, 2u, 2u, 1u, 7u, 0 },
    { 136u, 1493u, 956u, 9147u, 9188u, UINT64_C(0x129fd0ba39bcbd43), UINT64_C(0x1df68c473693a18d), UINT32_C(0xffe0fc1f), UINT32_C(0x3820601f), 40u, 32u, 0u, 2u, 2u, 1u, 7u, 0 },
    { 137u, 1494u, 957u, 9221u, 9262u, UINT64_C(0x7ea7cc1c0c4cd0b4), UINT64_C(0xa474025e35e03da8), UINT32_C(0xffe0fc1f), UINT32_C(0x7820601f), 40u, 32u, 0u, 2u, 2u, 1u, 7u, 0 },
    { 138u, 1495u, 958u, 9295u, 9338u, UINT64_C(0x3e43937d08f45d34), UINT64_C(0x2fe0be27988de1f8), UINT32_C(0xffe0fc1f), UINT32_C(0x3860601f), 42u, 33u, 0u, 2u, 2u, 1u, 7u, 0 },
    { 139u, 1496u, 959u, 9372u, 9415u, UINT64_C(0xff3eac73309b60df), UINT64_C(0x39bc4149d2dd9cc4), UINT32_C(0xffe0fc1f), UINT32_C(0x7860601f), 42u, 33u, 0u, 2u, 2u, 1u, 7u, 0 },
    { 140u, 1497u, 960u, 9449u, 9490u, UINT64_C(0x02c229a9ceb702f8), UINT64_C(0x951b788918a6fefe), UINT32_C(0xffe0fc1f), UINT32_C(0xb860601f), 40u, 32u, 0u, 2u, 2u, 1u, 7u, 0 },
    { 141u, 1498u, 961u, 9523u, 9564u, UINT64_C(0x51e58c33aa815606), UINT64_C(0x8110a516e2affc0e), UINT32_C(0xffe0fc1f), UINT32_C(0xf860601f), 40u, 32u, 0u, 2u, 2u, 1u, 7u, 0 },
    { 142u, 1499u, 962u, 9597u, 9636u, UINT64_C(0x6b373b7aaf815fae), UINT64_C(0x01b45e1be8de06f9), UINT32_C(0xffe0fc1f), UINT32_C(0xb820601f), 38u, 31u, 0u, 2u, 2u, 1u, 7u, 0 },
    { 143u, 1500u, 963u, 9668u, 9707u, UINT64_C(0x4740f77e1428bdbb), UINT64_C(0xc34db20936e5d1ca), UINT32_C(0xffe0fc1f), UINT32_C(0xf820601f), 38u, 31u, 0u, 2u, 2u, 1u, 7u, 0 },
    { 144u, 1501u, 972u, 9739u, 9780u, UINT64_C(0xd54ea66201d4306a), UINT64_C(0x720d646ae363e787), UINT32_C(0xffe0fc1f), UINT32_C(0x3820701f), 40u, 32u, 0u, 2u, 2u, 1u, 7u, 0 },
    { 145u, 1502u, 973u, 9813u, 9854u, UINT64_C(0x03b726edfb3eb6c7), UINT64_C(0x8560e7c986bcfe21), UINT32_C(0xffe0fc1f), UINT32_C(0x7820701f), 40u, 32u, 0u, 2u, 2u, 1u, 7u, 0 },
    { 146u, 1503u, 974u, 9887u, 9930u, UINT64_C(0xc3a715fa427a2865), UINT64_C(0x37328f2e8b132f4c), UINT32_C(0xffe0fc1f), UINT32_C(0x3860701f), 42u, 33u, 0u, 2u, 2u, 1u, 7u, 0 },
    { 147u, 1504u, 975u, 9964u, 10007u, UINT64_C(0x3255181c693a8a47), UINT64_C(0xd0821b329699ba22), UINT32_C(0xffe0fc1f), UINT32_C(0x7860701f), 42u, 33u, 0u, 2u, 2u, 1u, 7u, 0 },
    { 148u, 1505u, 976u, 10041u, 10082u, UINT64_C(0x14957573516f440e), UINT64_C(0x0193f0adbaa5b04b), UINT32_C(0xffe0fc1f), UINT32_C(0xb860701f), 40u, 32u, 0u, 2u, 2u, 1u, 7u, 0 },
    { 149u, 1506u, 977u, 10115u, 10156u, UINT64_C(0x03d2a450d9851c34), UINT64_C(0x8b3b089fb683d2d0), UINT32_C(0xffe0fc1f), UINT32_C(0xf860701f), 40u, 32u, 0u, 2u, 2u, 1u, 7u, 0 },
    { 150u, 1507u, 978u, 10189u, 10228u, UINT64_C(0x11b91036b14e9c79), UINT64_C(0xe949244cd90b933f), UINT32_C(0xffe0fc1f), UINT32_C(0xb820701f), 38u, 31u, 0u, 2u, 2u, 1u, 7u, 0 },
    { 151u, 1508u, 979u, 10260u, 10299u, UINT64_C(0x61d50bf97f49df49), UINT64_C(0xb6b15078f0509886), UINT32_C(0xffe0fc1f), UINT32_C(0xf820701f), 38u, 31u, 0u, 2u, 2u, 1u, 7u, 0 },
    { 152u, 1558u, 1148u, 10331u, 174u, UINT64_C(0xd3434940a46d5d85), UINT64_C(0xbe5d6a710b8d62fd), UINT32_C(0xfffffc00), UINT32_C(0x13001c00), 38u, 33u, 1u, 2u, 2u, 1u, 7u, 3 },
    { 153u, 1559u, 1149u, 10370u, 246u, UINT64_C(0xf09a5194d171d9b4), UINT64_C(0xdbaa9ee202964116), UINT32_C(0xfffffc00), UINT32_C(0x93401c00), 38u, 33u, 1u, 2u, 2u, 1u, 7u, 3 },
    { 154u, 1560u, 1148u, 10409u, 174u, UINT64_C(0x74f9cff26262ca7e), UINT64_C(0xbe5d6a710b8d62fd), UINT32_C(0xfffffc00), UINT32_C(0x13003c00), 38u, 33u, 1u, 2u, 2u, 1u, 7u, 4 },
    { 155u, 1561u, 1149u, 10448u, 246u, UINT64_C(0xea73f1d9c1be4d08), UINT64_C(0xdbaa9ee202964116), UINT32_C(0xfffffc00), UINT32_C(0x93403c00), 38u, 33u, 1u, 2u, 2u, 1u, 7u, 4 },
    { 156u, 1562u, 1287u, 10487u, 10525u, UINT64_C(0xd6c6a4ce3df175be), UINT64_C(0xa7c71f20158cd515), UINT32_C(0xbf87fc00), UINT32_C(0x0f00a400), 37u, 32u, 5u, 5u, 4u, 6u, 10u, 0 },
    { 157u, 1563u, 1149u, 10558u, 246u, UINT64_C(0x59c40c8212bc3c92), UINT64_C(0xdbaa9ee202964116), UINT32_C(0xfffffc00), UINT32_C(0x93407c00), 38u, 33u, 1u, 2u, 2u, 1u, 7u, 5 },
    { 158u, 1576u, 1565u, 10597u, 319u, UINT64_C(0x91908faefad71979), UINT64_C(0xd8276a3effbed0d5), UINT32_C(0xfff8e000), UINT32_C(0xd5088000), 40u, 35u, 4u, 2u, 5u, 12u, 18u, 16 },
    { 159u, 1580u, 30u, 10638u, 10675u, UINT64_C(0xa15764af8de2c5d8), UINT64_C(0x9028b2c02d7401af), UINT32_C(0xffc0001f), UINT32_C(0x7200001f), 36u, 32u, 1u, 2u, 3u, 1u, 3u, 0 },
    { 160u, 1581u, 31u, 10708u, 10746u, UINT64_C(0x19fd78c48c75b5b1), UINT64_C(0xcbcb270fe062626d), UINT32_C(0xff20001f), UINT32_C(0x6a00001f), 37u, 33u, 1u, 4u, 4u, 1u, 3u, 0 },
    { 161u, 1582u, 32u, 10780u, 10817u, UINT64_C(0xfbb7cccb92ac45ca), UINT64_C(0x68e9a7d1721d31df), UINT32_C(0xff80001f), UINT32_C(0xf200001f), 36u, 32u, 1u, 2u, 4u, 1u, 3u, 0 },
    { 162u, 1583u, 33u, 10850u, 10888u, UINT64_C(0x9862df533a4e60a8), UINT64_C(0x45d357b988b835ba), UINT32_C(0xff20001f), UINT32_C(0xea00001f), 37u, 33u, 1u, 4u, 4u, 1u, 3u, 0 },
    { 163u, 1593u, 1595u, 10922u, 2445u, UINT64_C(0x594e7a3d5912a26a), UINT64_C(0x5201dd19a58544ce), UINT32_C(0xffc00000), UINT32_C(0x53000000), 39u, 33u, 1u, 4u, 4u, 9u, 9u, 2 },
    { 164u, 1594u, 1596u, 10962u, 2517u, UINT64_C(0x42b3c9b28cd1e908), UINT64_C(0x941b2bd68d1da23b), UINT32_C(0xffc00000), UINT32_C(0xd3400000), 39u, 33u, 1u, 4u, 4u, 9u, 9u, 2 },
    { 165u, 1597u, 1595u, 11002u, 2445u, UINT64_C(0xc06fc515e2672dae), UINT64_C(0x5201dd19a58544ce), UINT32_C(0xffc00000), UINT32_C(0x53000000), 38u, 33u, 1u, 4u, 4u, 13u, 13u, 3 },
    { 166u, 1598u, 1596u, 11041u, 2517u, UINT64_C(0xbc3fdc6854665cfd), UINT64_C(0x941b2bd68d1da23b), UINT32_C(0xffc00000), UINT32_C(0xd3400000), 38u, 33u, 1u, 4u, 4u, 13u, 13u, 3 },
    { 167u, 1635u, 1638u, 11080u, 11123u, UINT64_C(0x9b940783a7720314), UINT64_C(0xa53489734bf5453b), UINT32_C(0xffe0fc00), UINT32_C(0x9ba0fc00), 42u, 35u, 2u, 3u, 3u, 1u, 3u, 0 },
    { 168u, 1640u, 1624u, 11159u, 11201u, UINT64_C(0x95a93bea3dc3e897), UINT64_C(0x2e11ff73e2b1ae99), UINT32_C(0xffe0fc00), UINT32_C(0x9ba07c00), 41u, 35u, 2u, 3u, 3u, 1u, 3u, 0 },
    { 169u, 1679u, 1595u, 11237u, 2445u, UINT64_C(0xb0cc35b2691e39d5), UINT64_C(0x5201dd19a58544ce), UINT32_C(0xfffffc00), UINT32_C(0x53001c00), 38u, 33u, 1u, 2u, 2u, 1u, 7u, 4 },
    { 170u, 1680u, 1595u, 11276u, 2445u, UINT64_C(0x85ae71d8a6a85c45), UINT64_C(0x5201dd19a58544ce), UINT32_C(0xfffffc00), UINT32_C(0x53003c00), 38u, 33u, 1u, 2u, 2u, 1u, 7u, 5 },
    { 171u, 1681u, 1668u, 11315u, 11353u, UINT64_C(0x2928ff99c40b65e1), UINT64_C(0x766e0a29709626d0), UINT32_C(0xbf87fc00), UINT32_C(0x2f00a400), 37u, 32u, 5u, 5u, 4u, 6u, 10u, 0 },
};

#endif
