/* Generated by generate_aarch64_direct_simd.py; do not edit. */
#ifndef BUSTER_AARCH64_DIRECT_SIMD_GENERATED_H
#define BUSTER_AARCH64_DIRECT_SIMD_GENERATED_H

#include <buster/lib/base.h>

#define BUSTER_A64_DIRECT_SIMD_SCHEMA_VERSION 1u
#define BUSTER_A64_DIRECT_SIMD_ROW_COUNT 390u
#define BUSTER_A64_DIRECT_SIMD_TRANSFORM_ROW_COUNT 263u
#define BUSTER_A64_DIRECT_SIMD_MAX_OPERANDS 8u
#define BUSTER_A64_DIRECT_SIMD_EXECUTABLE_ROW_COUNT 390u
#define BUSTER_A64_DIRECT_SIMD_CROSS_OWNER_GAP_COUNT 8u
#define BUSTER_A64_DIRECT_SIMD_DENOMINATOR_SHA256 "e4fb3407ffefd2e592a09471958a5996139bc0e966b5043e4d48e3ebe7d0a805"
#define BUSTER_A64_DIRECT_SIMD_CANONICAL_SHA256 "8485c5c61835d5394d325757ab2964890e8bdfea304c6faa8fd4c23e4c7aabec"
#define BUSTER_A64_DIRECT_SIMD_STRING_POOL_SIZE 22917u

typedef struct BusterA64DirectSIMDGeneratedRow BusterA64DirectSIMDGeneratedRow;
struct BusterA64DirectSIMDGeneratedRow
{
    u32 row_index;
    u32 semantic_form_id;
    u64 source_digest;
    u32 id_offset;
    u16 id_length;
    u32 assembly_offset;
    u16 assembly_length;
    u8 operand_count;
    u8 executable;
};
BUSTER_CT_CHECK(sizeof(BusterA64DirectSIMDGeneratedRow) == 32);

static const char8 buster_a64_direct_simd_generated_string_pool[] = {
0x61, 0x72, 0x6d, 0x2d, 0x61, 0x36, 0x34, 0x40, 0x32, 0x30, 0x32, 0x36, 0x2d, 0x30, 0x36, 0x3a, 0x41, 0x42, 0x53, 0x5f, 0x61, 0x73, 0x69, 0x6d, 0x64, 0x6d, 0x69, 0x73, 0x63, 0x5f, 0x52, 0x41,
0x42, 0x53, 0x20, 0x3c, 0x56, 0x64, 0x3e, 0x2e, 0x3c, 0x54, 0x3e, 0x2c, 0x20, 0x3c, 0x56, 0x6e, 0x3e, 0x2e, 0x3c, 0x54, 0x3e, 0x61, 0x72, 0x6d, 0x2d, 0x61, 0x36, 0x34, 0x40, 0x32, 0x30, 0x32,
0x36, 0x2d, 0x30, 0x36, 0x3a, 0x41, 0x42, 0x53, 0x5f, 0x61, 0x73, 0x69, 0x73, 0x64, 0x6d, 0x69, 0x73, 0x63, 0x5f, 0x52, 0x41, 0x42, 0x53, 0x20, 0x44, 0x3c, 0x64, 0x3e, 0x2c, 0x20, 0x44, 0x3c,
0x6e, 0x3e, 0x61, 0x72, 0x6d, 0x2d, 0x61, 0x36, 0x34, 0x40, 0x32, 0x30, 0x32, 0x36, 0x2d, 0x30, 0x36, 0x3a, 0x41, 0x44, 0x44, 0x50, 0x5f, 0x61, 0x73, 0x69, 0x6d, 0x64, 0x73, 0x61, 0x6d, 0x65,
0x5f, 0x6f, 0x6e, 0x6c, 0x79, 0x41, 0x44, 0x44, 0x50, 0x20, 0x3c, 0x56, 0x64, 0x3e, 0x2e, 0x3c, 0x54, 0x3e, 0x2c, 0x20, 0x3c, 0x56, 0x6e, 0x3e, 0x2e, 0x3c, 0x54, 0x3e, 0x2c, 0x20, 0x3c, 0x56,
0x6d, 0x3e, 0x2e, 0x3c, 0x54, 0x3e, 0x61, 0x72, 0x6d, 0x2d, 0x61, 0x36, 0x34, 0x40, 0x32, 0x30, 0x32, 0x36, 0x2d, 0x30, 0x36, 0x3a, 0x41, 0x44, 0x44, 0x50, 0x5f, 0x61, 0x73, 0x69, 0x73, 0x64,
0x70, 0x61, 0x69, 0x72, 0x5f, 0x6f, 0x6e, 0x6c, 0x79, 0x41, 0x44, 0x44, 0x50, 0x20, 0x44, 0x3c, 0x64, 0x3e, 0x2c, 0x20, 0x3c, 0x56, 0x6e, 0x3e, 0x2e, 0x32, 0x44, 0x61, 0x72, 0x6d, 0x2d, 0x61,
0x36, 0x34, 0x40, 0x32, 0x30, 0x32, 0x36, 0x2d, 0x30, 0x36, 0x3a, 0x41, 0x44, 0x44, 0x56, 0x5f, 0x61, 0x73, 0x69, 0x6d, 0x64, 0x61, 0x6c, 0x6c, 0x5f, 0x6f, 0x6e, 0x6c, 0x79, 0x41, 0x44, 0x44,
0x56, 0x20, 0x3c, 0x56, 0x3e, 0x3c, 0x64, 0x3e, 0x2c, 0x20, 0x3c, 0x56, 0x6e, 0x3e, 0x2e, 0x3c, 0x54, 0x3e, 0x61, 0x72, 0x6d, 0x2d, 0x61, 0x36, 0x34, 0x40, 0x32, 0x30, 0x32, 0x36, 0x2d, 0x30,
0x36, 0x3a, 0x41, 0x44, 0x44, 0x5f, 0x61, 0x73, 0x69, 0x6d, 0x64, 0x73, 0x61, 0x6d, 0x65, 0x5f, 0x6f, 0x6e, 0x6c, 0x79, 0x41, 0x44, 0x44, 0x20, 0x3c, 0x56, 0x64, 0x3e, 0x2e, 0x3c, 0x54, 0x3e,
0x2c, 0x20, 0x3c, 0x56, 0x6e, 0x3e, 0x2e, 0x3c, 0x54, 0x3e, 0x2c, 0x20, 0x3c, 0x56, 0x6d, 0x3e, 0x2e, 0x3c, 0x54, 0x3e, 0x61, 0x72, 0x6d, 0x2d, 0x61, 0x36, 0x34, 0x40, 0x32, 0x30, 0x32, 0x36,
0x2d, 0x30, 0x36, 0x3a, 0x41, 0x44, 0x44, 0x5f, 0x61, 0x73, 0x69, 0x73, 0x64, 0x73, 0x61, 0x6d, 0x65, 0x5f, 0x6f, 0x6e, 0x6c, 0x79, 0x41, 0x44, 0x44, 0x20, 0x44, 0x3c, 0x64, 0x3e, 0x2c, 0x20,
0x44, 0x3c, 0x6e, 0x3e, 0x2c, 0x20, 0x44, 0x3c, 0x6d, 0x3e, 0x61, 0x72, 0x6d, 0x2d, 0x61, 0x36, 0x34, 0x40, 0x32, 0x30, 0x32, 0x36, 0x2d, 0x30, 0x36, 0x3a, 0x41, 0x45, 0x53, 0x44, 0x5f, 0x42,
0x5f, 0x63, 0x72, 0x79, 0x70, 0x74, 0x6f, 0x61, 0x65, 0x73, 0x41, 0x45, 0x53, 0x44, 0x20, 0x3c, 0x56, 0x64, 0x3e, 0x2e, 0x31, 0x36, 0x42, 0x2c, 0x20, 0x3c, 0x56, 0x6e, 0x3e, 0x2e, 0x31, 0x36,
0x42, 0x61, 0x72, 0x6d, 0x2d, 0x61, 0x36, 0x34, 0x40, 0x32, 0x30, 0x32, 0x36, 0x2d, 0x30, 0x36, 0x3a, 0x41, 0x45, 0x53, 0x45, 0x5f, 0x42, 0x5f, 0x63, 0x72, 0x79, 0x70, 0x74, 0x6f, 0x61, 0x65,
0x73, 0x41, 0x45, 0x53, 0x45, 0x20, 0x3c, 0x56, 0x64, 0x3e, 0x2e, 0x31, 0x36, 0x42, 0x2c, 0x20, 0x3c, 0x56, 0x6e, 0x3e, 0x2e, 0x31, 0x36, 0x42, 0x61, 0x72, 0x6d, 0x2d, 0x61, 0x36, 0x34, 0x40,
0x32, 0x30, 0x32, 0x36, 0x2d, 0x30, 0x36, 0x3a, 0x41, 0x45, 0x53, 0x49, 0x4d, 0x43, 0x5f, 0x42, 0x5f, 0x63, 0x72, 0x79, 0x70, 0x74, 0x6f, 0x61, 0x65, 0x73, 0x41, 0x45, 0x53, 0x49, 0x4d, 0x43,
0x20, 0x3c, 0x56, 0x64, 0x3e, 0x2e, 0x31, 0x36, 0x42, 0x2c, 0x20, 0x3c, 0x56, 0x6e, 0x3e, 0x2e, 0x31, 0x36, 0x42, 0x61, 0x72, 0x6d, 0x2d, 0x61, 0x36, 0x34, 0x40, 0x32, 0x30, 0x32, 0x36, 0x2d,
0x30, 0x36, 0x3a, 0x41, 0x45, 0x53, 0x4d, 0x43, 0x5f, 0x42, 0x5f, 0x63, 0x72, 0x79, 0x70, 0x74, 0x6f, 0x61, 0x65, 0x73, 0x41, 0x45, 0x53, 0x4d, 0x43, 0x20, 0x3c, 0x56, 0x64, 0x3e, 0x2e, 0x31,
0x36, 0x42, 0x2c, 0x20, 0x3c, 0x56, 0x6e, 0x3e, 0x2e, 0x31, 0x36, 0x42, 0x61, 0x72, 0x6d, 0x2d, 0x61, 0x36, 0x34, 0x40, 0x32, 0x30, 0x32, 0x36, 0x2d, 0x30, 0x36, 0x3a, 0x41, 0x4e, 0x44, 0x5f,
0x61, 0x73, 0x69, 0x6d, 0x64, 0x73, 0x61, 0x6d, 0x65, 0x5f, 0x6f, 0x6e, 0x6c, 0x79, 0x41, 0x4e, 0x44, 0x20, 0x3c, 0x56, 0x64, 0x3e, 0x2e, 0x3c, 0x54, 0x3e, 0x2c, 0x20, 0x3c, 0x56, 0x6e, 0x3e,
0x2e, 0x3c, 0x54, 0x3e, 0x2c, 0x20, 0x3c, 0x56, 0x6d, 0x3e, 0x2e, 0x3c, 0x54, 0x3e, 0x61, 0x72, 0x6d, 0x2d, 0x61, 0x36, 0x34, 0x40, 0x32, 0x30, 0x32, 0x36, 0x2d, 0x30, 0x36, 0x3a, 0x42, 0x43,
0x41, 0x58, 0x5f, 0x56, 0x56, 0x56, 0x31, 0x36, 0x5f, 0x63, 0x72, 0x79, 0x70, 0x74, 0x6f, 0x34, 0x42, 0x43, 0x41, 0x58, 0x20, 0x3c, 0x56, 0x64, 0x3e, 0x2e, 0x31, 0x36, 0x42, 0x2c, 0x20, 0x3c,
0x56, 0x6e, 0x3e, 0x2e, 0x31, 0x36, 0x42, 0x2c, 0x20, 0x3c, 0x56, 0x6d, 0x3e, 0x2e, 0x31, 0x36, 0x42, 0x2c, 0x20, 0x3c, 0x56, 0x61, 0x3e, 0x2e, 0x31, 0x36, 0x42, 0x61, 0x72, 0x6d, 0x2d, 0x61,
0x36, 0x34, 0x40, 0x32, 0x30, 0x32, 0x36, 0x2d, 0x30, 0x36, 0x3a, 0x42, 0x49, 0x43, 0x5f, 0x61, 0x73, 0x69, 0x6d, 0x64, 0x73, 0x61, 0x6d, 0x65, 0x5f, 0x6f, 0x6e, 0x6c, 0x79, 0x42, 0x49, 0x43,
0x20, 0x3c, 0x56, 0x64, 0x3e, 0x2e, 0x3c, 0x54, 0x3e, 0x2c, 0x20, 0x3c, 0x56, 0x6e, 0x3e, 0x2e, 0x3c, 0x54, 0x3e, 0x2c, 0x20, 0x3c, 0x56, 0x6d, 0x3e, 0x2e, 0x3c, 0x54, 0x3e, 0x61, 0x72, 0x6d,
0x2d, 0x61, 0x36, 0x34, 0x40, 0x32, 0x30, 0x32, 0x36, 0x2d, 0x30, 0x36, 0x3a, 0x42, 0x49, 0x46, 0x5f, 0x61, 0x73, 0x69, 0x6d, 0x64, 0x73, 0x61, 0x6d, 0x65, 0x5f, 0x6f, 0x6e, 0x6c, 0x79, 0x42,
0x49, 0x46, 0x20, 0x3c, 0x56, 0x64, 0x3e, 0x2e, 0x3c, 0x54, 0x3e, 0x2c, 0x20, 0x3c, 0x56, 0x6e, 0x3e, 0x2e, 0x3c, 0x54, 0x3e, 0x2c, 0x20, 0x3c, 0x56, 0x6d, 0x3e, 0x2e, 0x3c, 0x54, 0x3e, 0x61,
0x72, 0x6d, 0x2d, 0x61, 0x36, 0x34, 0x40, 0x32, 0x30, 0x32, 0x36, 0x2d, 0x30, 0x36, 0x3a, 0x42, 0x49, 0x54, 0x5f, 0x61, 0x73, 0x69, 0x6d, 0x64, 0x73, 0x61, 0x6d, 0x65, 0x5f, 0x6f, 0x6e, 0x6c,
0x79, 0x42, 0x49, 0x54, 0x20, 0x3c, 0x56, 0x64, 0x3e, 0x2e, 0x3c, 0x54, 0x3e, 0x2c, 0x20, 0x3c, 0x56, 0x6e, 0x3e, 0x2e, 0x3c, 0x54, 0x3e, 0x2c, 0x20, 0x3c, 0x56, 0x6d, 0x3e, 0x2e, 0x3c, 0x54,
0x3e, 0x61, 0x72, 0x6d, 0x2d, 0x61, 0x36, 0x34, 0x40, 0x32, 0x30, 0x32, 0x36, 0x2d, 0x30, 0x36, 0x3a, 0x42, 0x53, 0x4c, 0x5f, 0x61, 0x73, 0x69, 0x6d, 0x64, 0x73, 0x61, 0x6d, 0x65, 0x5f, 0x6f,
0x6e, 0x6c, 0x79, 0x42, 0x53, 0x4c, 0x20, 0x3c, 0x56, 0x64, 0x3e, 0x2e, 0x3c, 0x54, 0x3e, 0x2c, 0x20, 0x3c, 0x56, 0x6e, 0x3e, 0x2e, 0x3c, 0x54, 0x3e, 0x2c, 0x20, 0x3c, 0x56, 0x6d, 0x3e, 0x2e,
0x3c, 0x54, 0x3e, 0x61, 0x72, 0x6d, 0x2d, 0x61, 0x36, 0x34, 0x40, 0x32, 0x30, 0x32, 0x36, 0x2d, 0x30, 0x36, 0x3a, 0x43, 0x4c, 0x53, 0x5f, 0x61, 0x73, 0x69, 0x6d, 0x64, 0x6d, 0x69, 0x73, 0x63,
0x5f, 0x52, 0x43, 0x4c, 0x53, 0x20, 0x3c, 0x56, 0x64, 0x3e, 0x2e, 0x3c, 0x54, 0x3e, 0x2c, 0x20, 0x3c, 0x56, 0x6e, 0x3e, 0x2e, 0x3c, 0x54, 0x3e, 0x61, 0x72, 0x6d, 0x2d, 0x61, 0x36, 0x34, 0x40,
0x32, 0x30, 0x32, 0x36, 0x2d, 0x30, 0x36, 0x3a, 0x43, 0x4c, 0x5a, 0x5f, 0x61, 0x73, 0x69, 0x6d, 0x64, 0x6d, 0x69, 0x73, 0x63, 0x5f, 0x52, 0x43, 0x4c, 0x5a, 0x20, 0x3c, 0x56, 0x64, 0x3e, 0x2e,
0x3c, 0x54, 0x3e, 0x2c, 0x20, 0x3c, 0x56, 0x6e, 0x3e, 0x2e, 0x3c, 0x54, 0x3e, 0x61, 0x72, 0x6d, 0x2d, 0x61, 0x36, 0x34, 0x40, 0x32, 0x30, 0x32, 0x36, 0x2d, 0x30, 0x36, 0x3a, 0x43, 0x4d, 0x45,
0x51, 0x5f, 0x61, 0x73, 0x69, 0x6d, 0x64, 0x73, 0x61, 0x6d, 0x65, 0x5f, 0x6f, 0x6e, 0x6c, 0x79, 0x43, 0x4d, 0x45, 0x51, 0x20, 0x3c, 0x56, 0x64, 0x3e, 0x2e, 0x3c, 0x54, 0x3e, 0x2c, 0x20, 0x3c,
0x56, 0x6e, 0x3e, 0x2e, 0x3c, 0x54, 0x3e, 0x2c, 0x20, 0x3c, 0x56, 0x6d, 0x3e, 0x2e, 0x3c, 0x54, 0x3e, 0x61, 0x72, 0x6d, 0x2d, 0x61, 0x36, 0x34, 0x40, 0x32, 0x30, 0x32, 0x36, 0x2d, 0x30, 0x36,
0x3a, 0x43, 0x4d, 0x45, 0x51, 0x5f, 0x61, 0x73, 0x69, 0x73, 0x64, 0x73, 0x61, 0x6d, 0x65, 0x5f, 0x6f, 0x6e, 0x6c, 0x79, 0x43, 0x4d, 0x45, 0x51, 0x20, 0x44, 0x3c, 0x64, 0x3e, 0x2c, 0x20, 0x44,
0x3c, 0x6e, 0x3e, 0x2c, 0x20, 0x44, 0x3c, 0x6d, 0x3e, 0x61, 0x72, 0x6d, 0x2d, 0x61, 0x36, 0x34, 0x40, 0x32, 0x30, 0x32, 0x36, 0x2d, 0x30, 0x36, 0x3a, 0x43, 0x4d, 0x47, 0x45, 0x5f, 0x61, 0x73,
0x69, 0x6d, 0x64, 0x73, 0x61, 0x6d, 0x65, 0x5f, 0x6f, 0x6e, 0x6c, 0x79, 0x43, 0x4d, 0x47, 0x45, 0x20, 0x3c, 0x56, 0x64, 0x3e, 0x2e, 0x3c, 0x54, 0x3e, 0x2c, 0x20, 0x3c, 0x56, 0x6e, 0x3e, 0x2e,
0x3c, 0x54, 0x3e, 0x2c, 0x20, 0x3c, 0x56, 0x6d, 0x3e, 0x2e, 0x3c, 0x54, 0x3e, 0x61, 0x72, 0x6d, 0x2d, 0x61, 0x36, 0x34, 0x40, 0x32, 0x30, 0x32, 0x36, 0x2d, 0x30, 0x36, 0x3a, 0x43, 0x4d, 0x47,
0x45, 0x5f, 0x61, 0x73, 0x69, 0x73, 0x64, 0x73, 0x61, 0x6d, 0x65, 0x5f, 0x6f, 0x6e, 0x6c, 0x79, 0x43, 0x4d, 0x47, 0x45, 0x20, 0x44, 0x3c, 0x64, 0x3e, 0x2c, 0x20, 0x44, 0x3c, 0x6e, 0x3e, 0x2c,
0x20, 0x44, 0x3c, 0x6d, 0x3e, 0x61, 0x72, 0x6d, 0x2d, 0x61, 0x36, 0x34, 0x40, 0x32, 0x30, 0x32, 0x36, 0x2d, 0x30, 0x36, 0x3a, 0x43, 0x4d, 0x47, 0x54, 0x5f, 0x61, 0x73, 0x69, 0x6d, 0x64, 0x73,
0x61, 0x6d, 0x65, 0x5f, 0x6f, 0x6e, 0x6c, 0x79, 0x43, 0x4d, 0x47, 0x54, 0x20, 0x3c, 0x56, 0x64, 0x3e, 0x2e, 0x3c, 0x54, 0x3e, 0x2c, 0x20, 0x3c, 0x56, 0x6e, 0x3e, 0x2e, 0x3c, 0x54, 0x3e, 0x2c,
0x20, 0x3c, 0x56, 0x6d, 0x3e, 0x2e, 0x3c, 0x54, 0x3e, 0x61, 0x72, 0x6d, 0x2d, 0x61, 0x36, 0x34, 0x40, 0x32, 0x30, 0x32, 0x36, 0x2d, 0x30, 0x36, 0x3a, 0x43, 0x4d, 0x47, 0x54, 0x5f, 0x61, 0x73,
0x69, 0x73, 0x64, 0x73, 0x61, 0x6d, 0x65, 0x5f, 0x6f, 0x6e, 0x6c, 0x79, 0x43, 0x4d, 0x47, 0x54, 0x20, 0x44, 0x3c, 0x64, 0x3e, 0x2c, 0x20, 0x44, 0x3c, 0x6e, 0x3e, 0x2c, 0x20, 0x44, 0x3c, 0x6d,
0x3e, 0x61, 0x72, 0x6d, 0x2d, 0x61, 0x36, 0x34, 0x40, 0x32, 0x30, 0x32, 0x36, 0x2d, 0x30, 0x36, 0x3a, 0x43, 0x4d, 0x48, 0x49, 0x5f, 0x61, 0x73, 0x69, 0x6d, 0x64, 0x73, 0x61, 0x6d, 0x65, 0x5f,
0x6f, 0x6e, 0x6c, 0x79, 0x43, 0x4d, 0x48, 0x49, 0x20, 0x3c, 0x56, 0x64, 0x3e, 0x2e, 0x3c, 0x54, 0x3e, 0x2c, 0x20, 0x3c, 0x56, 0x6e, 0x3e, 0x2e, 0x3c, 0x54, 0x3e, 0x2c, 0x20, 0x3c, 0x56, 0x6d,
0x3e, 0x2e, 0x3c, 0x54, 0x3e, 0x61, 0x72, 0x6d, 0x2d, 0x61, 0x36, 0x34, 0x40, 0x32, 0x30, 0x32, 0x36, 0x2d, 0x30, 0x36, 0x3a, 0x43, 0x4d, 0x48, 0x49, 0x5f, 0x61, 0x73, 0x69, 0x73, 0x64, 0x73,
0x61, 0x6d, 0x65, 0x5f, 0x6f, 0x6e, 0x6c, 0x79, 0x43, 0x4d, 0x48, 0x49, 0x20, 0x44, 0x3c, 0x64, 0x3e, 0x2c, 0x20, 0x44, 0x3c, 0x6e, 0x3e, 0x2c, 0x20, 0x44, 0x3c, 0x6d, 0x3e, 0x61, 0x72, 0x6d,
0x2d, 0x61, 0x36, 0x34, 0x40, 0x32, 0x30, 0x32, 0x36, 0x2d, 0x30, 0x36, 0x3a, 0x43, 0x4d, 0x48, 0x53, 0x5f, 0x61, 0x73, 0x69, 0x6d, 0x64, 0x73, 0x61, 0x6d, 0x65, 0x5f, 0x6f, 0x6e, 0x6c, 0x79,
0x43, 0x4d, 0x48, 0x53, 0x20, 0x3c, 0x56, 0x64, 0x3e, 0x2e, 0x3c, 0x54, 0x3e, 0x2c, 0x20, 0x3c, 0x56, 0x6e, 0x3e, 0x2e, 0x3c, 0x54, 0x3e, 0x2c, 0x20, 0x3c, 0x56, 0x6d, 0x3e, 0x2e, 0x3c, 0x54,
0x3e, 0x61, 0x72, 0x6d, 0x2d, 0x61, 0x36, 0x34, 0x40, 0x32, 0x30, 0x32, 0x36, 0x2d, 0x30, 0x36, 0x3a, 0x43, 0x4d, 0x48, 0x53, 0x5f, 0x61, 0x73, 0x69, 0x73, 0x64, 0x73, 0x61, 0x6d, 0x65, 0x5f,
0x6f, 0x6e, 0x6c, 0x79, 0x43, 0x4d, 0x48, 0x53, 0x20, 0x44, 0x3c, 0x64, 0x3e, 0x2c, 0x20, 0x44, 0x3c, 0x6e, 0x3e, 0x2c, 0x20, 0x44, 0x3c, 0x6d, 0x3e, 0x61, 0x72, 0x6d, 0x2d, 0x61, 0x36, 0x34,
0x40, 0x32, 0x30, 0x32, 0x36, 0x2d, 0x30, 0x36, 0x3a, 0x43, 0x4d, 0x54, 0x53, 0x54, 0x5f, 0x61, 0x73, 0x69, 0x6d, 0x64, 0x73, 0x61, 0x6d, 0x65, 0x5f, 0x6f, 0x6e, 0x6c, 0x79, 0x43, 0x4d, 0x54,
0x53, 0x54, 0x20, 0x3c, 0x56, 0x64, 0x3e, 0x2e, 0x3c, 0x54, 0x3e, 0x2c, 0x20, 0x3c, 0x56, 0x6e, 0x3e, 0x2e, 0x3c, 0x54, 0x3e, 0x2c, 0x20, 0x3c, 0x56, 0x6d, 0x3e, 0x2e, 0x3c, 0x54, 0x3e, 0x61,
0x72, 0x6d, 0x2d, 0x61, 0x36, 0x34, 0x40, 0x32, 0x30, 0x32, 0x36, 0x2d, 0x30, 0x36, 0x3a, 0x43, 0x4d, 0x54, 0x53, 0x54, 0x5f, 0x61, 0x73, 0x69, 0x73, 0x64, 0x73, 0x61, 0x6d, 0x65, 0x5f, 0x6f,
0x6e, 0x6c, 0x79, 0x43, 0x4d, 0x54, 0x53, 0x54, 0x20, 0x44, 0x3c, 0x64, 0x3e, 0x2c, 0x20, 0x44, 0x3c, 0x6e, 0x3e, 0x2c, 0x20, 0x44, 0x3c, 0x6d, 0x3e, 0x61, 0x72, 0x6d, 0x2d, 0x61, 0x36, 0x34,
0x40, 0x32, 0x30, 0x32, 0x36, 0x2d, 0x30, 0x36, 0x3a, 0x43, 0x4e, 0x54, 0x5f, 0x61, 0x73, 0x69, 0x6d, 0x64, 0x6d, 0x69, 0x73, 0x63, 0x5f, 0x52, 0x43, 0x4e, 0x54, 0x20, 0x3c, 0x56, 0x64, 0x3e,
0x2e, 0x3c, 0x54, 0x3e, 0x2c, 0x20, 0x3c, 0x56, 0x6e, 0x3e, 0x2e, 0x3c, 0x54, 0x3e, 0x61, 0x72, 0x6d, 0x2d, 0x61, 0x36, 0x34, 0x40, 0x32, 0x30, 0x32, 0x36, 0x2d, 0x30, 0x36, 0x3a, 0x44, 0x55,
0x50, 0x5f, 0x61, 0x73, 0x69, 0x6d, 0x64, 0x69, 0x6e, 0x73, 0x5f, 0x44, 0x52, 0x5f, 0x72, 0x44, 0x55, 0x50, 0x20, 0x3c, 0x56, 0x64, 0x3e, 0x2e, 0x3c, 0x54, 0x3e, 0x2c, 0x20, 0x3c, 0x52, 0x3e,
0x3c, 0x6e, 0x3e, 0x61, 0x72, 0x6d, 0x2d, 0x61, 0x36, 0x34, 0x40, 0x32, 0x30, 0x32, 0x36, 0x2d, 0x30, 0x36, 0x3a, 0x45, 0x4f, 0x52, 0x33, 0x5f, 0x56, 0x56, 0x56, 0x31, 0x36, 0x5f, 0x63, 0x72,
0x79, 0x70, 0x74, 0x6f, 0x34, 0x45, 0x4f, 0x52, 0x33, 0x20, 0x3c, 0x56, 0x64, 0x3e, 0x2e, 0x31, 0x36, 0x42, 0x2c, 0x20, 0x3c, 0x56, 0x6e, 0x3e, 0x2e, 0x31, 0x36, 0x42, 0x2c, 0x20, 0x3c, 0x56,
0x6d, 0x3e, 0x2e, 0x31, 0x36, 0x42, 0x2c, 0x20, 0x3c, 0x56, 0x61, 0x3e, 0x2e, 0x31, 0x36, 0x42, 0x61, 0x72, 0x6d, 0x2d, 0x61, 0x36, 0x34, 0x40, 0x32, 0x30, 0x32, 0x36, 0x2d, 0x30, 0x36, 0x3a,
0x45, 0x4f, 0x52, 0x5f, 0x61, 0x73, 0x69, 0x6d, 0x64, 0x73, 0x61, 0x6d, 0x65, 0x5f, 0x6f, 0x6e, 0x6c, 0x79, 0x45, 0x4f, 0x52, 0x20, 0x3c, 0x56, 0x64, 0x3e, 0x2e, 0x3c, 0x54, 0x3e, 0x2c, 0x20,
0x3c, 0x56, 0x6e, 0x3e, 0x2e, 0x3c, 0x54, 0x3e, 0x2c, 0x20, 0x3c, 0x56, 0x6d, 0x3e, 0x2e, 0x3c, 0x54, 0x3e, 0x61, 0x72, 0x6d, 0x2d, 0x61, 0x36, 0x34, 0x40, 0x32, 0x30, 0x32, 0x36, 0x2d, 0x30,
0x36, 0x3a, 0x46, 0x41, 0x42, 0x44, 0x5f, 0x61, 0x73, 0x69, 0x6d, 0x64, 0x73, 0x61, 0x6d, 0x65, 0x5f, 0x6f, 0x6e, 0x6c, 0x79, 0x46, 0x41, 0x42, 0x44, 0x20, 0x3c, 0x56, 0x64, 0x3e, 0x2e, 0x3c,
0x54, 0x3e, 0x2c, 0x20, 0x3c, 0x56, 0x6e, 0x3e, 0x2e, 0x3c, 0x54, 0x3e, 0x2c, 0x20, 0x3c, 0x56, 0x6d, 0x3e, 0x2e, 0x3c, 0x54, 0x3e, 0x61, 0x72, 0x6d, 0x2d, 0x61, 0x36, 0x34, 0x40, 0x32, 0x30,
0x32, 0x36, 0x2d, 0x30, 0x36, 0x3a, 0x46, 0x41, 0x42, 0x44, 0x5f, 0x61, 0x73, 0x69, 0x6d, 0x64, 0x73, 0x61, 0x6d, 0x65, 0x66, 0x70, 0x31, 0x36, 0x5f, 0x6f, 0x6e, 0x6c, 0x79, 0x61, 0x72, 0x6d,
0x2d, 0x61, 0x36, 0x34, 0x40, 0x32, 0x30, 0x32, 0x36, 0x2d, 0x30, 0x36, 0x3a, 0x46, 0x41, 0x42, 0x44, 0x5f, 0x61, 0x73, 0x69, 0x73, 0x64, 0x73, 0x61, 0x6d, 0x65, 0x5f, 0x6f, 0x6e, 0x6c, 0x79,
0x46, 0x41, 0x42, 0x44, 0x20, 0x3c, 0x56, 0x3e, 0x3c, 0x64, 0x3e, 0x2c, 0x20, 0x3c, 0x56, 0x3e, 0x3c, 0x6e, 0x3e, 0x2c, 0x20, 0x3c, 0x56, 0x3e, 0x3c, 0x6d, 0x3e, 0x61, 0x72, 0x6d, 0x2d, 0x61,
0x36, 0x34, 0x40, 0x32, 0x30, 0x32, 0x36, 0x2d, 0x30, 0x36, 0x3a, 0x46, 0x41, 0x42, 0x44, 0x5f, 0x61, 0x73, 0x69, 0x73, 0x64, 0x73, 0x61, 0x6d, 0x65, 0x66, 0x70, 0x31, 0x36, 0x5f, 0x6f, 0x6e,
0x6c, 0x79, 0x46, 0x41, 0x42, 0x44, 0x20, 0x3c, 0x48, 0x64, 0x3e, 0x2c, 0x20, 0x3c, 0x48, 0x6e, 0x3e, 0x2c, 0x20, 0x3c, 0x48, 0x6d, 0x3e, 0x61, 0x72, 0x6d, 0x2d, 0x61, 0x36, 0x34, 0x40, 0x32,
0x30, 0x32, 0x36, 0x2d, 0x30, 0x36, 0x3a, 0x46, 0x41, 0x42, 0x53, 0x5f, 0x44, 0x5f, 0x66, 0x6c, 0x6f, 0x61, 0x74, 0x64, 0x70, 0x31, 0x46, 0x41, 0x42, 0x53, 0x20, 0x3c, 0x44, 0x64, 0x3e, 0x2c,
0x20, 0x3c, 0x44, 0x6e, 0x3e, 0x61, 0x72, 0x6d, 0x2d, 0x61, 0x36, 0x34, 0x40, 0x32, 0x30, 0x32, 0x36, 0x2d, 0x30, 0x36, 0x3a, 0x46, 0x41, 0x42, 0x53, 0x5f, 0x48, 0x5f, 0x66, 0x6c, 0x6f, 0x61,
0x74, 0x64, 0x70, 0x31, 0x46, 0x41, 0x42, 0x53, 0x20, 0x3c, 0x48, 0x64, 0x3e, 0x2c, 0x20, 0x3c, 0x48, 0x6e, 0x3e, 0x61, 0x72, 0x6d, 0x2d, 0x61, 0x36, 0x34, 0x40, 0x32, 0x30, 0x32, 0x36, 0x2d,
0x30, 0x36, 0x3a, 0x46, 0x41, 0x42, 0x53, 0x5f, 0x53, 0x5f, 0x66, 0x6c, 0x6f, 0x61, 0x74, 0x64, 0x70, 0x31, 0x46, 0x41, 0x42, 0x53, 0x20, 0x3c, 0x53, 0x64, 0x3e, 0x2c, 0x20, 0x3c, 0x53, 0x6e,
0x3e, 0x61, 0x72, 0x6d, 0x2d, 0x61, 0x36, 0x34, 0x40, 0x32, 0x30, 0x32, 0x36, 0x2d, 0x30, 0x36, 0x3a, 0x46, 0x41, 0x42, 0x53, 0x5f, 0x61, 0x73, 0x69, 0x6d, 0x64, 0x6d, 0x69, 0x73, 0x63, 0x5f,
0x52, 0x46, 0x41, 0x42, 0x53, 0x20, 0x3c, 0x56, 0x64, 0x3e, 0x2e, 0x3c, 0x54, 0x3e, 0x2c, 0x20, 0x3c, 0x56, 0x6e, 0x3e, 0x2e, 0x3c, 0x54, 0x3e, 0x61, 0x72, 0x6d, 0x2d, 0x61, 0x36, 0x34, 0x40,
0x32, 0x30, 0x32, 0x36, 0x2d, 0x30, 0x36, 0x3a, 0x46, 0x41, 0x42, 0x53, 0x5f, 0x61, 0x73, 0x69, 0x6d, 0x64, 0x6d, 0x69, 0x73, 0x63, 0x66, 0x70, 0x31, 0x36, 0x5f, 0x52, 0x61, 0x72, 0x6d, 0x2d,
0x61, 0x36, 0x34, 0x40, 0x32, 0x30, 0x32, 0x36, 0x2d, 0x30, 0x36, 0x3a, 0x46, 0x41, 0x43, 0x47, 0x45, 0x5f, 0x61, 0x73, 0x69, 0x6d, 0x64, 0x73, 0x61, 0x6d, 0x65, 0x5f, 0x6f, 0x6e, 0x6c, 0x79,
0x46, 0x41, 0x43, 0x47, 0x45, 0x20, 0x3c, 0x56, 0x64, 0x3e, 0x2e, 0x3c, 0x54, 0x3e, 0x2c, 0x20, 0x3c, 0x56, 0x6e, 0x3e, 0x2e, 0x3c, 0x54, 0x3e, 0x2c, 0x20, 0x3c, 0x56, 0x6d, 0x3e, 0x2e, 0x3c,
0x54, 0x3e, 0x61, 0x72, 0x6d, 0x2d, 0x61, 0x36, 0x34, 0x40, 0x32, 0x30, 0x32, 0x36, 0x2d, 0x30, 0x36, 0x3a, 0x46, 0x41, 0x43, 0x47, 0x45, 0x5f, 0x61, 0x73, 0x69, 0x6d, 0x64, 0x73, 0x61, 0x6d,
0x65, 0x66, 0x70, 0x31, 0x36, 0x5f, 0x6f, 0x6e, 0x6c, 0x79, 0x61, 0x72, 0x6d, 0x2d, 0x61, 0x36, 0x34, 0x40, 0x32, 0x30, 0x32, 0x36, 0x2d, 0x30, 0x36, 0x3a, 0x46, 0x41, 0x43, 0x47, 0x45, 0x5f,
0x61, 0x73, 0x69, 0x73, 0x64, 0x73, 0x61, 0x6d, 0x65, 0x5f, 0x6f, 0x6e, 0x6c, 0x79, 0x46, 0x41, 0x43, 0x47, 0x45, 0x20, 0x3c, 0x56, 0x3e, 0x3c, 0x64, 0x3e, 0x2c, 0x20, 0x3c, 0x56, 0x3e, 0x3c,
0x6e, 0x3e, 0x2c, 0x20, 0x3c, 0x56, 0x3e, 0x3c, 0x6d, 0x3e, 0x61, 0x72, 0x6d, 0x2d, 0x61, 0x36, 0x34, 0x40, 0x32, 0x30, 0x32, 0x36, 0x2d, 0x30, 0x36, 0x3a, 0x46, 0x41, 0x43, 0x47, 0x45, 0x5f,
0x61, 0x73, 0x69, 0x73, 0x64, 0x73, 0x61, 0x6d, 0x65, 0x66, 0x70, 0x31, 0x36, 0x5f, 0x6f, 0x6e, 0x6c, 0x79, 0x46, 0x41, 0x43, 0x47, 0x45, 0x20, 0x3c, 0x48, 0x64, 0x3e, 0x2c, 0x20, 0x3c, 0x48,
0x6e, 0x3e, 0x2c, 0x20, 0x3c, 0x48, 0x6d, 0x3e, 0x61, 0x72, 0x6d, 0x2d, 0x61, 0x36, 0x34, 0x40, 0x32, 0x30, 0x32, 0x36, 0x2d, 0x30, 0x36, 0x3a, 0x46, 0x41, 0x43, 0x47, 0x54, 0x5f, 0x61, 0x73,
0x69, 0x6d, 0x64, 0x73, 0x61, 0x6d, 0x65, 0x5f, 0x6f, 0x6e, 0x6c, 0x79, 0x46, 0x41, 0x43, 0x47, 0x54, 0x20, 0x3c, 0x56, 0x64, 0x3e, 0x2e, 0x3c, 0x54, 0x3e, 0x2c, 0x20, 0x3c, 0x56, 0x6e, 0x3e,
0x2e, 0x3c, 0x54, 0x3e, 0x2c, 0x20, 0x3c, 0x56, 0x6d, 0x3e, 0x2e, 0x3c, 0x54, 0x3e, 0x61, 0x72, 0x6d, 0x2d, 0x61, 0x36, 0x34, 0x40, 0x32, 0x30, 0x32, 0x36, 0x2d, 0x30, 0x36, 0x3a, 0x46, 0x41,
0x43, 0x47, 0x54, 0x5f, 0x61, 0x73, 0x69, 0x6d, 0x64, 0x73, 0x61, 0x6d, 0x65, 0x66, 0x70, 0x31, 0x36, 0x5f, 0x6f, 0x6e, 0x6c, 0x79, 0x61, 0x72, 0x6d, 0x2d, 0x61, 0x36, 0x34, 0x40, 0x32, 0x30,
0x32, 0x36, 0x2d, 0x30, 0x36, 0x3a, 0x46, 0x41, 0x43, 0x47, 0x54, 0x5f, 0x61, 0x73, 0x69, 0x73, 0x64, 0x73, 0x61, 0x6d, 0x65, 0x5f, 0x6f, 0x6e, 0x6c, 0x79, 0x46, 0x41, 0x43, 0x47, 0x54, 0x20,
0x3c, 0x56, 0x3e, 0x3c, 0x64, 0x3e, 0x2c, 0x20, 0x3c, 0x56, 0x3e, 0x3c, 0x6e, 0x3e, 0x2c, 0x20, 0x3c, 0x56, 0x3e, 0x3c, 0x6d, 0x3e, 0x61, 0x72, 0x6d, 0x2d, 0x61, 0x36, 0x34, 0x40, 0x32, 0x30,
0x32, 0x36, 0x2d, 0x30, 0x36, 0x3a, 0x46, 0x41, 0x43, 0x47, 0x54, 0x5f, 0x61, 0x73, 0x69, 0x73, 0x64, 0x73, 0x61, 0x6d, 0x65, 0x66, 0x70, 0x31, 0x36, 0x5f, 0x6f, 0x6e, 0x6c, 0x79, 0x46, 0x41,
0x43, 0x47, 0x54, 0x20, 0x3c, 0x48, 0x64, 0x3e, 0x2c, 0x20, 0x3c, 0x48, 0x6e, 0x3e, 0x2c, 0x20, 0x3c, 0x48, 0x6d, 0x3e, 0x61, 0x72, 0x6d, 0x2d, 0x61, 0x36, 0x34, 0x40, 0x32, 0x30, 0x32, 0x36,
0x2d, 0x30, 0x36, 0x3a, 0x46, 0x41, 0x44, 0x44, 0x50, 0x5f, 0x61, 0x73, 0x69, 0x6d, 0x64, 0x73, 0x61, 0x6d, 0x65, 0x5f, 0x6f, 0x6e, 0x6c, 0x79, 0x46, 0x41, 0x44, 0x44, 0x50, 0x20, 0x3c, 0x56,
0x64, 0x3e, 0x2e, 0x3c, 0x54, 0x3e, 0x2c, 0x20, 0x3c, 0x56, 0x6e, 0x3e, 0x2e, 0x3c, 0x54, 0x3e, 0x2c, 0x20, 0x3c, 0x56, 0x6d, 0x3e, 0x2e, 0x3c, 0x54, 0x3e, 0x61, 0x72, 0x6d, 0x2d, 0x61, 0x36,
0x34, 0x40, 0x32, 0x30, 0x32, 0x36, 0x2d, 0x30, 0x36, 0x3a, 0x46, 0x41, 0x44, 0x44, 0x50, 0x5f, 0x61, 0x73, 0x69, 0x6d, 0x64, 0x73, 0x61, 0x6d, 0x65, 0x66, 0x70, 0x31, 0x36, 0x5f, 0x6f, 0x6e,
0x6c, 0x79, 0x61, 0x72, 0x6d, 0x2d, 0x61, 0x36, 0x34, 0x40, 0x32, 0x30, 0x32, 0x36, 0x2d, 0x30, 0x36, 0x3a, 0x46, 0x41, 0x44, 0x44, 0x50, 0x5f, 0x61, 0x73, 0x69, 0x73, 0x64, 0x70, 0x61, 0x69,
0x72, 0x5f, 0x6f, 0x6e, 0x6c, 0x79, 0x5f, 0x48, 0x46, 0x41, 0x44, 0x44, 0x50, 0x20, 0x48, 0x3c, 0x64, 0x3e, 0x2c, 0x20, 0x3c, 0x56, 0x6e, 0x3e, 0x2e, 0x32, 0x48, 0x61, 0x72, 0x6d, 0x2d, 0x61,
0x36, 0x34, 0x40, 0x32, 0x30, 0x32, 0x36, 0x2d, 0x30, 0x36, 0x3a, 0x46, 0x41, 0x44, 0x44, 0x50, 0x5f, 0x61, 0x73, 0x69, 0x73, 0x64, 0x70, 0x61, 0x69, 0x72, 0x5f, 0x6f, 0x6e, 0x6c, 0x79, 0x5f,
0x53, 0x44, 0x46, 0x41, 0x44, 0x44, 0x50, 0x20, 0x3c, 0x56, 0x3e, 0x3c, 0x64, 0x3e, 0x2c, 0x20, 0x3c, 0x56, 0x6e, 0x3e, 0x2e, 0x3c, 0x54, 0x3e, 0x61, 0x72, 0x6d, 0x2d, 0x61, 0x36, 0x34, 0x40,
0x32, 0x30, 0x32, 0x36, 0x2d, 0x30, 0x36, 0x3a, 0x46, 0x41, 0x44, 0x44, 0x5f, 0x44, 0x5f, 0x66, 0x6c, 0x6f, 0x61, 0x74, 0x64, 0x70, 0x32, 0x46, 0x41, 0x44, 0x44, 0x20, 0x3c, 0x44, 0x64, 0x3e,
0x2c, 0x20, 0x3c, 0x44, 0x6e, 0x3e, 0x2c, 0x20, 0x3c, 0x44, 0x6d, 0x3e, 0x61, 0x72, 0x6d, 0x2d, 0x61, 0x36, 0x34, 0x40, 0x32, 0x30, 0x32, 0x36, 0x2d, 0x30, 0x36, 0x3a, 0x46, 0x41, 0x44, 0x44,
0x5f, 0x48, 0x5f, 0x66, 0x6c, 0x6f, 0x61, 0x74, 0x64, 0x70, 0x32, 0x46, 0x41, 0x44, 0x44, 0x20, 0x3c, 0x48, 0x64, 0x3e, 0x2c, 0x20, 0x3c, 0x48, 0x6e, 0x3e, 0x2c, 0x20, 0x3c, 0x48, 0x6d, 0x3e,
0x61, 0x72, 0x6d, 0x2d, 0x61, 0x36, 0x34, 0x40, 0x32, 0x30, 0x32, 0x36, 0x2d, 0x30, 0x36, 0x3a, 0x46, 0x41, 0x44, 0x44, 0x5f, 0x53, 0x5f, 0x66, 0x6c, 0x6f, 0x61, 0x74, 0x64, 0x70, 0x32, 0x46,
0x41, 0x44, 0x44, 0x20, 0x3c, 0x53, 0x64, 0x3e, 0x2c, 0x20, 0x3c, 0x53, 0x6e, 0x3e, 0x2c, 0x20, 0x3c, 0x53, 0x6d, 0x3e, 0x61, 0x72, 0x6d, 0x2d, 0x61, 0x36, 0x34, 0x40, 0x32, 0x30, 0x32, 0x36,
0x2d, 0x30, 0x36, 0x3a, 0x46, 0x41, 0x44, 0x44, 0x5f, 0x61, 0x73, 0x69, 0x6d, 0x64, 0x73, 0x61, 0x6d, 0x65, 0x5f, 0x6f, 0x6e, 0x6c, 0x79, 0x46, 0x41, 0x44, 0x44, 0x20, 0x3c, 0x56, 0x64, 0x3e,
0x2e, 0x3c, 0x54, 0x3e, 0x2c, 0x20, 0x3c, 0x56, 0x6e, 0x3e, 0x2e, 0x3c, 0x54, 0x3e, 0x2c, 0x20, 0x3c, 0x56, 0x6d, 0x3e, 0x2e, 0x3c, 0x54, 0x3e, 0x61, 0x72, 0x6d, 0x2d, 0x61, 0x36, 0x34, 0x40,
0x32, 0x30, 0x32, 0x36, 0x2d, 0x30, 0x36, 0x3a, 0x46, 0x41, 0x44, 0x44, 0x5f, 0x61, 0x73, 0x69, 0x6d, 0x64, 0x73, 0x61, 0x6d, 0x65, 0x66, 0x70, 0x31, 0x36, 0x5f, 0x6f, 0x6e, 0x6c, 0x79, 0x61,
0x72, 0x6d, 0x2d, 0x61, 0x36, 0x34, 0x40, 0x32, 0x30, 0x32, 0x36, 0x2d, 0x30, 0x36, 0x3a, 0x46, 0x43, 0x4d, 0x45, 0x51, 0x5f, 0x61, 0x73, 0x69, 0x6d, 0x64, 0x73, 0x61, 0x6d, 0x65, 0x5f, 0x6f,
0x6e, 0x6c, 0x79, 0x46, 0x43, 0x4d, 0x45, 0x51, 0x20, 0x3c, 0x56, 0x64, 0x3e, 0x2e, 0x3c, 0x54, 0x3e, 0x2c, 0x20, 0x3c, 0x56, 0x6e, 0x3e, 0x2e, 0x3c, 0x54, 0x3e, 0x2c, 0x20, 0x3c, 0x56, 0x6d,
0x3e, 0x2e, 0x3c, 0x54, 0x3e, 0x61, 0x72, 0x6d, 0x2d, 0x61, 0x36, 0x34, 0x40, 0x32, 0x30, 0x32, 0x36, 0x2d, 0x30, 0x36, 0x3a, 0x46, 0x43, 0x4d, 0x45, 0x51, 0x5f, 0x61, 0x73, 0x69, 0x6d, 0x64,
0x73, 0x61, 0x6d, 0x65, 0x66, 0x70, 0x31, 0x36, 0x5f, 0x6f, 0x6e, 0x6c, 0x79, 0x61, 0x72, 0x6d, 0x2d, 0x61, 0x36, 0x34, 0x40, 0x32, 0x30, 0x32, 0x36, 0x2d, 0x30, 0x36, 0x3a, 0x46, 0x43, 0x4d,
0x45, 0x51, 0x5f, 0x61, 0x73, 0x69, 0x73, 0x64, 0x73, 0x61, 0x6d, 0x65, 0x5f, 0x6f, 0x6e, 0x6c, 0x79, 0x46, 0x43, 0x4d, 0x45, 0x51, 0x20, 0x3c, 0x56, 0x3e, 0x3c, 0x64, 0x3e, 0x2c, 0x20, 0x3c,
0x56, 0x3e, 0x3c, 0x6e, 0x3e, 0x2c, 0x20, 0x3c, 0x56, 0x3e, 0x3c, 0x6d, 0x3e, 0x61, 0x72, 0x6d, 0x2d, 0x61, 0x36, 0x34, 0x40, 0x32, 0x30, 0x32, 0x36, 0x2d, 0x30, 0x36, 0x3a, 0x46, 0x43, 0x4d,
0x45, 0x51, 0x5f, 0x61, 0x73, 0x69, 0x73, 0x64, 0x73, 0x61, 0x6d, 0x65, 0x66, 0x70, 0x31, 0x36, 0x5f, 0x6f, 0x6e, 0x6c, 0x79, 0x46, 0x43, 0x4d, 0x45, 0x51, 0x20, 0x3c, 0x48, 0x64, 0x3e, 0x2c,
0x20, 0x3c, 0x48, 0x6e, 0x3e, 0x2c, 0x20, 0x3c, 0x48, 0x6d, 0x3e, 0x61, 0x72, 0x6d, 0x2d, 0x61, 0x36, 0x34, 0x40, 0x32, 0x30, 0x32, 0x36, 0x2d, 0x30, 0x36, 0x3a, 0x46, 0x43, 0x4d, 0x47, 0x45,
0x5f, 0x61, 0x73, 0x69, 0x6d, 0x64, 0x73, 0x61, 0x6d, 0x65, 0x5f, 0x6f, 0x6e, 0x6c, 0x79, 0x46, 0x43, 0x4d, 0x47, 0x45, 0x20, 0x3c, 0x56, 0x64, 0x3e, 0x2e, 0x3c, 0x54, 0x3e, 0x2c, 0x20, 0x3c,
0x56, 0x6e, 0x3e, 0x2e, 0x3c, 0x54, 0x3e, 0x2c, 0x20, 0x3c, 0x56, 0x6d, 0x3e, 0x2e, 0x3c, 0x54, 0x3e, 0x61, 0x72, 0x6d, 0x2d, 0x61, 0x36, 0x34, 0x40, 0x32, 0x30, 0x32, 0x36, 0x2d, 0x30, 0x36,
0x3a, 0x46, 0x43, 0x4d, 0x47, 0x45, 0x5f, 0x61, 0x73, 0x69, 0x6d, 0x64, 0x73, 0x61, 0x6d, 0x65, 0x66, 0x70, 0x31, 0x36, 0x5f, 0x6f, 0x6e, 0x6c, 0x79, 0x61, 0x72, 0x6d, 0x2d, 0x61, 0x36, 0x34,
0x40, 0x32, 0x30, 0x32, 0x36, 0x2d, 0x30, 0x36, 0x3a, 0x46, 0x43, 0x4d, 0x47, 0x45, 0x5f, 0x61, 0x73, 0x69, 0x73, 0x64, 0x73, 0x61, 0x6d, 0x65, 0x5f, 0x6f, 0x6e, 0x6c, 0x79, 0x46, 0x43, 0x4d,
0x47, 0x45, 0x20, 0x3c, 0x56, 0x3e, 0x3c, 0x64, 0x3e, 0x2c, 0x20, 0x3c, 0x56, 0x3e, 0x3c, 0x6e, 0x3e, 0x2c, 0x20, 0x3c, 0x56, 0x3e, 0x3c, 0x6d, 0x3e, 0x61, 0x72, 0x6d, 0x2d, 0x61, 0x36, 0x34,
0x40, 0x32, 0x30, 0x32, 0x36, 0x2d, 0x30, 0x36, 0x3a, 0x46, 0x43, 0x4d, 0x47, 0x45, 0x5f, 0x61, 0x73, 0x69, 0x73, 0x64, 0x73, 0x61, 0x6d, 0x65, 0x66, 0x70, 0x31, 0x36, 0x5f, 0x6f, 0x6e, 0x6c,
0x79, 0x46, 0x43, 0x4d, 0x47, 0x45, 0x20, 0x3c, 0x48, 0x64, 0x3e, 0x2c, 0x20, 0x3c, 0x48, 0x6e, 0x3e, 0x2c, 0x20, 0x3c, 0x48, 0x6d, 0x3e, 0x61, 0x72, 0x6d, 0x2d, 0x61, 0x36, 0x34, 0x40, 0x32,
0x30, 0x32, 0x36, 0x2d, 0x30, 0x36, 0x3a, 0x46, 0x43, 0x4d, 0x47, 0x54, 0x5f, 0x61, 0x73, 0x69, 0x6d, 0x64, 0x73, 0x61, 0x6d, 0x65, 0x5f, 0x6f, 0x6e, 0x6c, 0x79, 0x46, 0x43, 0x4d, 0x47, 0x54,
0x20, 0x3c, 0x56, 0x64, 0x3e, 0x2e, 0x3c, 0x54, 0x3e, 0x2c, 0x20, 0x3c, 0x56, 0x6e, 0x3e, 0x2e, 0x3c, 0x54, 0x3e, 0x2c, 0x20, 0x3c, 0x56, 0x6d, 0x3e, 0x2e, 0x3c, 0x54, 0x3e, 0x61, 0x72, 0x6d,
0x2d, 0x61, 0x36, 0x34, 0x40, 0x32, 0x30, 0x32, 0x36, 0x2d, 0x30, 0x36, 0x3a, 0x46, 0x43, 0x4d, 0x47, 0x54, 0x5f, 0x61, 0x73, 0x69, 0x6d, 0x64, 0x73, 0x61, 0x6d, 0x65, 0x66, 0x70, 0x31, 0x36,
0x5f, 0x6f, 0x6e, 0x6c, 0x79, 0x61, 0x72, 0x6d, 0x2d, 0x61, 0x36, 0x34, 0x40, 0x32, 0x30, 0x32, 0x36, 0x2d, 0x30, 0x36, 0x3a, 0x46, 0x43, 0x4d, 0x47, 0x54, 0x5f, 0x61, 0x73, 0x69, 0x73, 0x64,
0x73, 0x61, 0x6d, 0x65, 0x5f, 0x6f, 0x6e, 0x6c, 0x79, 0x46, 0x43, 0x4d, 0x47, 0x54, 0x20, 0x3c, 0x56, 0x3e, 0x3c, 0x64, 0x3e, 0x2c, 0x20, 0x3c, 0x56, 0x3e, 0x3c, 0x6e, 0x3e, 0x2c, 0x20, 0x3c,
0x56, 0x3e, 0x3c, 0x6d, 0x3e, 0x61, 0x72, 0x6d, 0x2d, 0x61, 0x36, 0x34, 0x40, 0x32, 0x30, 0x32, 0x36, 0x2d, 0x30, 0x36, 0x3a, 0x46, 0x43, 0x4d, 0x47, 0x54, 0x5f, 0x61, 0x73, 0x69, 0x73, 0x64,
0x73, 0x61, 0x6d, 0x65, 0x66, 0x70, 0x31, 0x36, 0x5f, 0x6f, 0x6e, 0x6c, 0x79, 0x46, 0x43, 0x4d, 0x47, 0x54, 0x20, 0x3c, 0x48, 0x64, 0x3e, 0x2c, 0x20, 0x3c, 0x48, 0x6e, 0x3e, 0x2c, 0x20, 0x3c,
0x48, 0x6d, 0x3e, 0x61, 0x72, 0x6d, 0x2d, 0x61, 0x36, 0x34, 0x40, 0x32, 0x30, 0x32, 0x36, 0x2d, 0x30, 0x36, 0x3a, 0x46, 0x43, 0x4d, 0x50, 0x45, 0x5f, 0x44, 0x5f, 0x66, 0x6c, 0x6f, 0x61, 0x74,
0x63, 0x6d, 0x70, 0x46, 0x43, 0x4d, 0x50, 0x45, 0x20, 0x3c, 0x44, 0x6e, 0x3e, 0x2c, 0x20, 0x3c, 0x44, 0x6d, 0x3e, 0x61, 0x72, 0x6d, 0x2d, 0x61, 0x36, 0x34, 0x40, 0x32, 0x30, 0x32, 0x36, 0x2d,
0x30, 0x36, 0x3a, 0x46, 0x43, 0x4d, 0x50, 0x45, 0x5f, 0x48, 0x5f, 0x66, 0x6c, 0x6f, 0x61, 0x74, 0x63, 0x6d, 0x70, 0x46, 0x43, 0x4d, 0x50, 0x45, 0x20, 0x3c, 0x48, 0x6e, 0x3e, 0x2c, 0x20, 0x3c,
0x48, 0x6d, 0x3e, 0x61, 0x72, 0x6d, 0x2d, 0x61, 0x36, 0x34, 0x40, 0x32, 0x30, 0x32, 0x36, 0x2d, 0x30, 0x36, 0x3a, 0x46, 0x43, 0x4d, 0x50, 0x45, 0x5f, 0x53, 0x5f, 0x66, 0x6c, 0x6f, 0x61, 0x74,
0x63, 0x6d, 0x70, 0x46, 0x43, 0x4d, 0x50, 0x45, 0x20, 0x3c, 0x53, 0x6e, 0x3e, 0x2c, 0x20, 0x3c, 0x53, 0x6d, 0x3e, 0x61, 0x72, 0x6d, 0x2d, 0x61, 0x36, 0x34, 0x40, 0x32, 0x30, 0x32, 0x36, 0x2d,
0x30, 0x36, 0x3a, 0x46, 0x43, 0x4d, 0x50, 0x5f, 0x44, 0x5f, 0x66, 0x6c, 0x6f, 0x61, 0x74, 0x63, 0x6d, 0x70, 0x46, 0x43, 0x4d, 0x50, 0x20, 0x3c, 0x44, 0x6e, 0x3e, 0x2c, 0x20, 0x3c, 0x44, 0x6d,
0x3e, 0x61, 0x72, 0x6d, 0x2d, 0x61, 0x36, 0x34, 0x40, 0x32, 0x30, 0x32, 0x36, 0x2d, 0x30, 0x36, 0x3a, 0x46, 0x43, 0x4d, 0x50, 0x5f, 0x48, 0x5f, 0x66, 0x6c, 0x6f, 0x61, 0x74, 0x63, 0x6d, 0x70,
0x46, 0x43, 0x4d, 0x50, 0x20, 0x3c, 0x48, 0x6e, 0x3e, 0x2c, 0x20, 0x3c, 0x48, 0x6d, 0x3e, 0x61, 0x72, 0x6d, 0x2d, 0x61, 0x36, 0x34, 0x40, 0x32, 0x30, 0x32, 0x36, 0x2d, 0x30, 0x36, 0x3a, 0x46,
0x43, 0x4d, 0x50, 0x5f, 0x53, 0x5f, 0x66, 0x6c, 0x6f, 0x61, 0x74, 0x63, 0x6d, 0x70, 0x46, 0x43, 0x4d, 0x50, 0x20, 0x3c, 0x53, 0x6e, 0x3e, 0x2c, 0x20, 0x3c, 0x53, 0x6d, 0x3e, 0x61, 0x72, 0x6d,
0x2d, 0x61, 0x36, 0x34, 0x40, 0x32, 0x30, 0x32, 0x36, 0x2d, 0x30, 0x36, 0x3a, 0x46, 0x43, 0x53, 0x45, 0x4c, 0x5f, 0x44, 0x5f, 0x66, 0x6c, 0x6f, 0x61, 0x74, 0x73, 0x65, 0x6c, 0x46, 0x43, 0x53,
0x45, 0x4c, 0x20, 0x3c, 0x44, 0x64, 0x3e, 0x2c, 0x20, 0x3c, 0x44, 0x6e, 0x3e, 0x2c, 0x20, 0x3c, 0x44, 0x6d, 0x3e, 0x2c, 0x20, 0x3c, 0x63, 0x6f, 0x6e, 0x64, 0x3e, 0x61, 0x72, 0x6d, 0x2d, 0x61,
0x36, 0x34, 0x40, 0x32, 0x30, 0x32, 0x36, 0x2d, 0x30, 0x36, 0x3a, 0x46, 0x43, 0x53, 0x45, 0x4c, 0x5f, 0x48, 0x5f, 0x66, 0x6c, 0x6f, 0x61, 0x74, 0x73, 0x65, 0x6c, 0x46, 0x43, 0x53, 0x45, 0x4c,
0x20, 0x3c, 0x48, 0x64, 0x3e, 0x2c, 0x20, 0x3c, 0x48, 0x6e, 0x3e, 0x2c, 0x20, 0x3c, 0x48, 0x6d, 0x3e, 0x2c, 0x20, 0x3c, 0x63, 0x6f, 0x6e, 0x64, 0x3e, 0x61, 0x72, 0x6d, 0x2d, 0x61, 0x36, 0x34,
0x40, 0x32, 0x30, 0x32, 0x36, 0x2d, 0x30, 0x36, 0x3a, 0x46, 0x43, 0x53, 0x45, 0x4c, 0x5f, 0x53, 0x5f, 0x66, 0x6c, 0x6f, 0x61, 0x74, 0x73, 0x65, 0x6c, 0x46, 0x43, 0x53, 0x45, 0x4c, 0x20, 0x3c,
0x53, 0x64, 0x3e, 0x2c, 0x20, 0x3c, 0x53, 0x6e, 0x3e, 0x2c, 0x20, 0x3c, 0x53, 0x6d, 0x3e, 0x2c, 0x20, 0x3c, 0x63, 0x6f, 0x6e, 0x64, 0x3e, 0x61, 0x72, 0x6d, 0x2d, 0x61, 0x36, 0x34, 0x40, 0x32,
0x30, 0x32, 0x36, 0x2d, 0x30, 0x36, 0x3a, 0x46, 0x43, 0x56, 0x54, 0x41, 0x53, 0x5f, 0x33, 0x32, 0x44, 0x5f, 0x66, 0x6c, 0x6f, 0x61, 0x74, 0x32, 0x69, 0x6e, 0x74, 0x46, 0x43, 0x56, 0x54, 0x41,
0x53, 0x20, 0x3c, 0x57, 0x64, 0x3e, 0x2c, 0x20, 0x3c, 0x44, 0x6e, 0x3e, 0x61, 0x72, 0x6d, 0x2d, 0x61, 0x36, 0x34, 0x40, 0x32, 0x30, 0x32, 0x36, 0x2d, 0x30, 0x36, 0x3a, 0x46, 0x43, 0x56, 0x54,
0x41, 0x53, 0x5f, 0x33, 0x32, 0x48, 0x5f, 0x66, 0x6c, 0x6f, 0x61, 0x74, 0x32, 0x69, 0x6e, 0x74, 0x46, 0x43, 0x56, 0x54, 0x41, 0x53, 0x20, 0x3c, 0x57, 0x64, 0x3e, 0x2c, 0x20, 0x3c, 0x48, 0x6e,
0x3e, 0x61, 0x72, 0x6d, 0x2d, 0x61, 0x36, 0x34, 0x40, 0x32, 0x30, 0x32, 0x36, 0x2d, 0x30, 0x36, 0x3a, 0x46, 0x43, 0x56, 0x54, 0x41, 0x53, 0x5f, 0x33, 0x32, 0x53, 0x5f, 0x66, 0x6c, 0x6f, 0x61,
0x74, 0x32, 0x69, 0x6e, 0x74, 0x46, 0x43, 0x56, 0x54, 0x41, 0x53, 0x20, 0x3c, 0x57, 0x64, 0x3e, 0x2c, 0x20, 0x3c, 0x53, 0x6e, 0x3e, 0x61, 0x72, 0x6d, 0x2d, 0x61, 0x36, 0x34, 0x40, 0x32, 0x30,
0x32, 0x36, 0x2d, 0x30, 0x36, 0x3a, 0x46, 0x43, 0x56, 0x54, 0x41, 0x53, 0x5f, 0x36, 0x34, 0x44, 0x5f, 0x66, 0x6c, 0x6f, 0x61, 0x74, 0x32, 0x69, 0x6e, 0x74, 0x46, 0x43, 0x56, 0x54, 0x41, 0x53,
0x20, 0x3c, 0x58, 0x64, 0x3e, 0x2c, 0x20, 0x3c, 0x44, 0x6e, 0x3e, 0x61, 0x72, 0x6d, 0x2d, 0x61, 0x36, 0x34, 0x40, 0x32, 0x30, 0x32, 0x36, 0x2d, 0x30, 0x36, 0x3a, 0x46, 0x43, 0x56, 0x54, 0x41,
0x53, 0x5f, 0x36, 0x34, 0x48, 0x5f, 0x66, 0x6c, 0x6f, 0x61, 0x74, 0x32, 0x69, 0x6e, 0x74, 0x46, 0x43, 0x56, 0x54, 0x41, 0x53, 0x20, 0x3c, 0x58, 0x64, 0x3e, 0x2c, 0x20, 0x3c, 0x48, 0x6e, 0x3e,
0x61, 0x72, 0x6d, 0x2d, 0x61, 0x36, 0x34, 0x40, 0x32, 0x30, 0x32, 0x36, 0x2d, 0x30, 0x36, 0x3a, 0x46, 0x43, 0x56, 0x54, 0x41, 0x53, 0x5f, 0x36, 0x34, 0x53, 0x5f, 0x66, 0x6c, 0x6f, 0x61, 0x74,
0x32, 0x69, 0x6e, 0x74, 0x46, 0x43, 0x56, 0x54, 0x41, 0x53, 0x20, 0x3c, 0x58, 0x64, 0x3e, 0x2c, 0x20, 0x3c, 0x53, 0x6e, 0x3e, 0x61, 0x72, 0x6d, 0x2d, 0x61, 0x36, 0x34, 0x40, 0x32, 0x30, 0x32,
0x36, 0x2d, 0x30, 0x36, 0x3a, 0x46, 0x43, 0x56, 0x54, 0x41, 0x53, 0x5f, 0x61, 0x73, 0x69, 0x6d, 0x64, 0x6d, 0x69, 0x73, 0x63, 0x5f, 0x52, 0x46, 0x43, 0x56, 0x54, 0x41, 0x53, 0x20, 0x3c, 0x56,
0x64, 0x3e, 0x2e, 0x3c, 0x54, 0x3e, 0x2c, 0x20, 0x3c, 0x56, 0x6e, 0x3e, 0x2e, 0x3c, 0x54, 0x3e, 0x61, 0x72, 0x6d, 0x2d, 0x61, 0x36, 0x34, 0x40, 0x32, 0x30, 0x32, 0x36, 0x2d, 0x30, 0x36, 0x3a,
0x46, 0x43, 0x56, 0x54, 0x41, 0x53, 0x5f, 0x61, 0x73, 0x69, 0x6d, 0x64, 0x6d, 0x69, 0x73, 0x63, 0x66, 0x70, 0x31, 0x36, 0x5f, 0x52, 0x61, 0x72, 0x6d, 0x2d, 0x61, 0x36, 0x34, 0x40, 0x32, 0x30,
0x32, 0x36, 0x2d, 0x30, 0x36, 0x3a, 0x46, 0x43, 0x56, 0x54, 0x41, 0x53, 0x5f, 0x61, 0x73, 0x69, 0x73, 0x64, 0x6d, 0x69, 0x73, 0x63, 0x5f, 0x52, 0x46, 0x43, 0x56, 0x54, 0x41, 0x53, 0x20, 0x3c,
0x56, 0x3e, 0x3c, 0x64, 0x3e, 0x2c, 0x20, 0x3c, 0x56, 0x3e, 0x3c, 0x6e, 0x3e, 0x61, 0x72, 0x6d, 0x2d, 0x61, 0x36, 0x34, 0x40, 0x32, 0x30, 0x32, 0x36, 0x2d, 0x30, 0x36, 0x3a, 0x46, 0x43, 0x56,
0x54, 0x41, 0x53, 0x5f, 0x61, 0x73, 0x69, 0x73, 0x64, 0x6d, 0x69, 0x73, 0x63, 0x66, 0x70, 0x31, 0x36, 0x5f, 0x52, 0x46, 0x43, 0x56, 0x54, 0x41, 0x53, 0x20, 0x3c, 0x48, 0x64, 0x3e, 0x2c, 0x20,
0x3c, 0x48, 0x6e, 0x3e, 0x61, 0x72, 0x6d, 0x2d, 0x61, 0x36, 0x34, 0x40, 0x32, 0x30, 0x32, 0x36, 0x2d, 0x30, 0x36, 0x3a, 0x46, 0x43, 0x56, 0x54, 0x41, 0x55, 0x5f, 0x33, 0x32, 0x44, 0x5f, 0x66,
0x6c, 0x6f, 0x61, 0x74, 0x32, 0x69, 0x6e, 0x74, 0x46, 0x43, 0x56, 0x54, 0x41, 0x55, 0x20, 0x3c, 0x57, 0x64, 0x3e, 0x2c, 0x20, 0x3c, 0x44, 0x6e, 0x3e, 0x61, 0x72, 0x6d, 0x2d, 0x61, 0x36, 0x34,
0x40, 0x32, 0x30, 0x32, 0x36, 0x2d, 0x30, 0x36, 0x3a, 0x46, 0x43, 0x56, 0x54, 0x41, 0x55, 0x5f, 0x33, 0x32, 0x48, 0x5f, 0x66, 0x6c, 0x6f, 0x61, 0x74, 0x32, 0x69, 0x6e, 0x74, 0x46, 0x43, 0x56,
0x54, 0x41, 0x55, 0x20, 0x3c, 0x57, 0x64, 0x3e, 0x2c, 0x20, 0x3c, 0x48, 0x6e, 0x3e, 0x61, 0x72, 0x6d, 0x2d, 0x61, 0x36, 0x34, 0x40, 0x32, 0x30, 0x32, 0x36, 0x2d, 0x30, 0x36, 0x3a, 0x46, 0x43,
0x56, 0x54, 0x41, 0x55, 0x5f, 0x33, 0x32, 0x53, 0x5f, 0x66, 0x6c, 0x6f, 0x61, 0x74, 0x32, 0x69, 0x6e, 0x74, 0x46, 0x43, 0x56, 0x54, 0x41, 0x55, 0x20, 0x3c, 0x57, 0x64, 0x3e, 0x2c, 0x20, 0x3c,
0x53, 0x6e, 0x3e, 0x61, 0x72, 0x6d, 0x2d, 0x61, 0x36, 0x34, 0x40, 0x32, 0x30, 0x32, 0x36, 0x2d, 0x30, 0x36, 0x3a, 0x46, 0x43, 0x56, 0x54, 0x41, 0x55, 0x5f, 0x36, 0x34, 0x44, 0x5f, 0x66, 0x6c,
0x6f, 0x61, 0x74, 0x32, 0x69, 0x6e, 0x74, 0x46, 0x43, 0x56, 0x54, 0x41, 0x55, 0x20, 0x3c, 0x58, 0x64, 0x3e, 0x2c, 0x20, 0x3c, 0x44, 0x6e, 0x3e, 0x61, 0x72, 0x6d, 0x2d, 0x61, 0x36, 0x34, 0x40,
0x32, 0x30, 0x32, 0x36, 0x2d, 0x30, 0x36, 0x3a, 0x46, 0x43, 0x56, 0x54, 0x41, 0x55, 0x5f, 0x36, 0x34, 0x48, 0x5f, 0x66, 0x6c, 0x6f, 0x61, 0x74, 0x32, 0x69, 0x6e, 0x74, 0x46, 0x43, 0x56, 0x54,
0x41, 0x55, 0x20, 0x3c, 0x58, 0x64, 0x3e, 0x2c, 0x20, 0x3c, 0x48, 0x6e, 0x3e, 0x61, 0x72, 0x6d, 0x2d, 0x61, 0x36, 0x34, 0x40, 0x32, 0x30, 0x32, 0x36, 0x2d, 0x30, 0x36, 0x3a, 0x46, 0x43, 0x56,
0x54, 0x41, 0x55, 0x5f, 0x36, 0x34, 0x53, 0x5f, 0x66, 0x6c, 0x6f, 0x61, 0x74, 0x32, 0x69, 0x6e, 0x74, 0x46, 0x43, 0x56, 0x54, 0x41, 0x55, 0x20, 0x3c, 0x58, 0x64, 0x3e, 0x2c, 0x20, 0x3c, 0x53,
0x6e, 0x3e, 0x61, 0x72, 0x6d, 0x2d, 0x61, 0x36, 0x34, 0x40, 0x32, 0x30, 0x32, 0x36, 0x2d, 0x30, 0x36, 0x3a, 0x46, 0x43, 0x56, 0x54, 0x41, 0x55, 0x5f, 0x61, 0x73, 0x69, 0x6d, 0x64, 0x6d, 0x69,
0x73, 0x63, 0x5f, 0x52, 0x46, 0x43, 0x56, 0x54, 0x41, 0x55, 0x20, 0x3c, 0x56, 0x64, 0x3e, 0x2e, 0x3c, 0x54, 0x3e, 0x2c, 0x20, 0x3c, 0x56, 0x6e, 0x3e, 0x2e, 0x3c, 0x54, 0x3e, 0x61, 0x72, 0x6d,
0x2d, 0x61, 0x36, 0x34, 0x40, 0x32, 0x30, 0x32, 0x36, 0x2d, 0x30, 0x36, 0x3a, 0x46, 0x43, 0x56, 0x54, 0x41, 0x55, 0x5f, 0x61, 0x73, 0x69, 0x6d, 0x64, 0x6d, 0x69, 0x73, 0x63, 0x66, 0x70, 0x31,
0x36, 0x5f, 0x52, 0x61, 0x72, 0x6d, 0x2d, 0x61, 0x36, 0x34, 0x40, 0x32, 0x30, 0x32, 0x36, 0x2d, 0x30, 0x36, 0x3a, 0x46, 0x43, 0x56, 0x54, 0x41, 0x55, 0x5f, 0x61, 0x73, 0x69, 0x73, 0x64, 0x6d,
0x69, 0x73, 0x63, 0x5f, 0x52, 0x46, 0x43, 0x56, 0x54, 0x41, 0x55, 0x20, 0x3c, 0x56, 0x3e, 0x3c, 0x64, 0x3e, 0x2c, 0x20, 0x3c, 0x56, 0x3e, 0x3c, 0x6e, 0x3e, 0x61, 0x72, 0x6d, 0x2d, 0x61, 0x36,
0x34, 0x40, 0x32, 0x30, 0x32, 0x36, 0x2d, 0x30, 0x36, 0x3a, 0x46, 0x43, 0x56, 0x54, 0x41, 0x55, 0x5f, 0x61, 0x73, 0x69, 0x73, 0x64, 0x6d, 0x69, 0x73, 0x63, 0x66, 0x70, 0x31, 0x36, 0x5f, 0x52,
0x46, 0x43, 0x56, 0x54, 0x41, 0x55, 0x20, 0x3c, 0x48, 0x64, 0x3e, 0x2c, 0x20, 0x3c, 0x48, 0x6e, 0x3e, 0x61, 0x72, 0x6d, 0x2d, 0x61, 0x36, 0x34, 0x40, 0x32, 0x30, 0x32, 0x36, 0x2d, 0x30, 0x36,
0x3a, 0x46, 0x43, 0x56, 0x54, 0x4c, 0x5f, 0x61, 0x73, 0x69, 0x6d, 0x64, 0x6d, 0x69, 0x73, 0x63, 0x5f, 0x4c, 0x46, 0x43, 0x56, 0x54, 0x4c, 0x7b, 0x32, 0x7d, 0x20, 0x3c, 0x56, 0x64, 0x3e, 0x2e,
0x3c, 0x54, 0x61, 0x3e, 0x2c, 0x20, 0x3c, 0x56, 0x6e, 0x3e, 0x2e, 0x3c, 0x54, 0x62, 0x3e, 0x61, 0x72, 0x6d, 0x2d, 0x61, 0x36, 0x34, 0x40, 0x32, 0x30, 0x32, 0x36, 0x2d, 0x30, 0x36, 0x3a, 0x46,
0x43, 0x56, 0x54, 0x4d, 0x53, 0x5f, 0x33, 0x32, 0x44, 0x5f, 0x66, 0x6c, 0x6f, 0x61, 0x74, 0x32, 0x69, 0x6e, 0x74, 0x46, 0x43, 0x56, 0x54, 0x4d, 0x53, 0x20, 0x3c, 0x57, 0x64, 0x3e, 0x2c, 0x20,
0x3c, 0x44, 0x6e, 0x3e, 0x61, 0x72, 0x6d, 0x2d, 0x61, 0x36, 0x34, 0x40, 0x32, 0x30, 0x32, 0x36, 0x2d, 0x30, 0x36, 0x3a, 0x46, 0x43, 0x56, 0x54, 0x4d, 0x53, 0x5f, 0x33, 0x32, 0x48, 0x5f, 0x66,
0x6c, 0x6f, 0x61, 0x74, 0x32, 0x69, 0x6e, 0x74, 0x46, 0x43, 0x56, 0x54, 0x4d, 0x53, 0x20, 0x3c, 0x57, 0x64, 0x3e, 0x2c, 0x20, 0x3c, 0x48, 0x6e, 0x3e, 0x61, 0x72, 0x6d, 0x2d, 0x61, 0x36, 0x34,
0x40, 0x32, 0x30, 0x32, 0x36, 0x2d, 0x30, 0x36, 0x3a, 0x46, 0x43, 0x56, 0x54, 0x4d, 0x53, 0x5f, 0x33, 0x32, 0x53, 0x5f, 0x66, 0x6c, 0x6f, 0x61, 0x74, 0x32, 0x69, 0x6e, 0x74, 0x46, 0x43, 0x56,
0x54, 0x4d, 0x53, 0x20, 0x3c, 0x57, 0x64, 0x3e, 0x2c, 0x20, 0x3c, 0x53, 0x6e, 0x3e, 0x61, 0x72, 0x6d, 0x2d, 0x61, 0x36, 0x34, 0x40, 0x32, 0x30, 0x32, 0x36, 0x2d, 0x30, 0x36, 0x3a, 0x46, 0x43,
0x56, 0x54, 0x4d, 0x53, 0x5f, 0x36, 0x34, 0x44, 0x5f, 0x66, 0x6c, 0x6f, 0x61, 0x74, 0x32, 0x69, 0x6e, 0x74, 0x46, 0x43, 0x56, 0x54, 0x4d, 0x53, 0x20, 0x3c, 0x58, 0x64, 0x3e, 0x2c, 0x20, 0x3c,
0x44, 0x6e, 0x3e, 0x61, 0x72, 0x6d, 0x2d, 0x61, 0x36, 0x34, 0x40, 0x32, 0x30, 0x32, 0x36, 0x2d, 0x30, 0x36, 0x3a, 0x46, 0x43, 0x56, 0x54, 0x4d, 0x53, 0x5f, 0x36, 0x34, 0x48, 0x5f, 0x66, 0x6c,
0x6f, 0x61, 0x74, 0x32, 0x69, 0x6e, 0x74, 0x46, 0x43, 0x56, 0x54, 0x4d, 0x53, 0x20, 0x3c, 0x58, 0x64, 0x3e, 0x2c, 0x20, 0x3c, 0x48, 0x6e, 0x3e, 0x61, 0x72, 0x6d, 0x2d, 0x61, 0x36, 0x34, 0x40,
0x32, 0x30, 0x32, 0x36, 0x2d, 0x30, 0x36, 0x3a, 0x46, 0x43, 0x56, 0x54, 0x4d, 0x53, 0x5f, 0x36, 0x34, 0x53, 0x5f, 0x66, 0x6c, 0x6f, 0x61, 0x74, 0x32, 0x69, 0x6e, 0x74, 0x46, 0x43, 0x56, 0x54,
0x4d, 0x53, 0x20, 0x3c, 0x58, 0x64, 0x3e, 0x2c, 0x20, 0x3c, 0x53, 0x6e, 0x3e, 0x61, 0x72, 0x6d, 0x2d, 0x61, 0x36, 0x34, 0x40, 0x32, 0x30, 0x32, 0x36, 0x2d, 0x30, 0x36, 0x3a, 0x46, 0x43, 0x56,
0x54, 0x4d, 0x53, 0x5f, 0x61, 0x73, 0x69, 0x6d, 0x64, 0x6d, 0x69, 0x73, 0x63, 0x5f, 0x52, 0x46, 0x43, 0x56, 0x54, 0x4d, 0x53, 0x20, 0x3c, 0x56, 0x64, 0x3e, 0x2e, 0x3c, 0x54, 0x3e, 0x2c, 0x20,
0x3c, 0x56, 0x6e, 0x3e, 0x2e, 0x3c, 0x54, 0x3e, 0x61, 0x72, 0x6d, 0x2d, 0x61, 0x36, 0x34, 0x40, 0x32, 0x30, 0x32, 0x36, 0x2d, 0x30, 0x36, 0x3a, 0x46, 0x43, 0x56, 0x54, 0x4d, 0x53, 0x5f, 0x61,
0x73, 0x69, 0x6d, 0x64, 0x6d, 0x69, 0x73, 0x63, 0x66, 0x70, 0x31, 0x36, 0x5f, 0x52, 0x61, 0x72, 0x6d, 0x2d, 0x61, 0x36, 0x34, 0x40, 0x32, 0x30, 0x32, 0x36, 0x2d, 0x30, 0x36, 0x3a, 0x46, 0x43,
0x56, 0x54, 0x4d, 0x53, 0x5f, 0x61, 0x73, 0x69, 0x73, 0x64, 0x6d, 0x69, 0x73, 0x63, 0x5f, 0x52, 0x46, 0x43, 0x56, 0x54, 0x4d, 0x53, 0x20, 0x3c, 0x56, 0x3e, 0x3c, 0x64, 0x3e, 0x2c, 0x20, 0x3c,
0x56, 0x3e, 0x3c, 0x6e, 0x3e, 0x61, 0x72, 0x6d, 0x2d, 0x61, 0x36, 0x34, 0x40, 0x32, 0x30, 0x32, 0x36, 0x2d, 0x30, 0x36, 0x3a, 0x46, 0x43, 0x56, 0x54, 0x4d, 0x53, 0x5f, 0x61, 0x73, 0x69, 0x73,
0x64, 0x6d, 0x69, 0x73, 0x63, 0x66, 0x70, 0x31, 0x36, 0x5f, 0x52, 0x46, 0x43, 0x56, 0x54, 0x4d, 0x53, 0x20, 0x3c, 0x48, 0x64, 0x3e, 0x2c, 0x20, 0x3c, 0x48, 0x6e, 0x3e, 0x61, 0x72, 0x6d, 0x2d,
0x61, 0x36, 0x34, 0x40, 0x32, 0x30, 0x32, 0x36, 0x2d, 0x30, 0x36, 0x3a, 0x46, 0x43, 0x56, 0x54, 0x4d, 0x55, 0x5f, 0x33, 0x32, 0x44, 0x5f, 0x66, 0x6c, 0x6f, 0x61, 0x74, 0x32, 0x69, 0x6e, 0x74,
0x46, 0x43, 0x56, 0x54, 0x4d, 0x55, 0x20, 0x3c, 0x57, 0x64, 0x3e, 0x2c, 0x20, 0x3c, 0x44, 0x6e, 0x3e, 0x61, 0x72, 0x6d, 0x2d, 0x61, 0x36, 0x34, 0x40, 0x32, 0x30, 0x32, 0x36, 0x2d, 0x30, 0x36,
0x3a, 0x46, 0x43, 0x56, 0x54, 0x4d, 0x55, 0x5f, 0x33, 0x32, 0x48, 0x5f, 0x66, 0x6c, 0x6f, 0x61, 0x74, 0x32, 0x69, 0x6e, 0x74, 0x46, 0x43, 0x56, 0x54, 0x4d, 0x55, 0x20, 0x3c, 0x57, 0x64, 0x3e,
0x2c, 0x20, 0x3c, 0x48, 0x6e, 0x3e, 0x61, 0x72, 0x6d, 0x2d, 0x61, 0x36, 0x34, 0x40, 0x32, 0x30, 0x32, 0x36, 0x2d, 0x30, 0x36, 0x3a, 0x46, 0x43, 0x56, 0x54, 0x4d, 0x55, 0x5f, 0x33, 0x32, 0x53,
0x5f, 0x66, 0x6c, 0x6f, 0x61, 0x74, 0x32, 0x69, 0x6e, 0x74, 0x46, 0x43, 0x56, 0x54, 0x4d, 0x55, 0x20, 0x3c, 0x57, 0x64, 0x3e, 0x2c, 0x20, 0x3c, 0x53, 0x6e, 0x3e, 0x61, 0x72, 0x6d, 0x2d, 0x61,
0x36, 0x34, 0x40, 0x32, 0x30, 0x32, 0x36, 0x2d, 0x30, 0x36, 0x3a, 0x46, 0x43, 0x56, 0x54, 0x4d, 0x55, 0x5f, 0x36, 0x34, 0x44, 0x5f, 0x66, 0x6c, 0x6f, 0x61, 0x74, 0x32, 0x69, 0x6e, 0x74, 0x46,
0x43, 0x56, 0x54, 0x4d, 0x55, 0x20, 0x3c, 0x58, 0x64, 0x3e, 0x2c, 0x20, 0x3c, 0x44, 0x6e, 0x3e, 0x61, 0x72, 0x6d, 0x2d, 0x61, 0x36, 0x34, 0x40, 0x32, 0x30, 0x32, 0x36, 0x2d, 0x30, 0x36, 0x3a,
0x46, 0x43, 0x56, 0x54, 0x4d, 0x55, 0x5f, 0x36, 0x34, 0x48, 0x5f, 0x66, 0x6c, 0x6f, 0x61, 0x74, 0x32, 0x69, 0x6e, 0x74, 0x46, 0x43, 0x56, 0x54, 0x4d, 0x55, 0x20, 0x3c, 0x58, 0x64, 0x3e, 0x2c,
0x20, 0x3c, 0x48, 0x6e, 0x3e, 0x61, 0x72, 0x6d, 0x2d, 0x61, 0x36, 0x34, 0x40, 0x32, 0x30, 0x32, 0x36, 0x2d, 0x30, 0x36, 0x3a, 0x46, 0x43, 0x56, 0x54, 0x4d, 0x55, 0x5f, 0x36, 0x34, 0x53, 0x5f,
0x66, 0x6c, 0x6f, 0x61, 0x74, 0x32, 0x69, 0x6e, 0x74, 0x46, 0x43, 0x56, 0x54, 0x4d, 0x55, 0x20, 0x3c, 0x58, 0x64, 0x3e, 0x2c, 0x20, 0x3c, 0x53, 0x6e, 0x3e, 0x61, 0x72, 0x6d, 0x2d, 0x61, 0x36,
0x34, 0x40, 0x32, 0x30, 0x32, 0x36, 0x2d, 0x30, 0x36, 0x3a, 0x46, 0x43, 0x56, 0x54, 0x4d, 0x55, 0x5f, 0x61, 0x73, 0x69, 0x6d, 0x64, 0x6d, 0x69, 0x73, 0x63, 0x5f, 0x52, 0x46, 0x43, 0x56, 0x54,
0x4d, 0x55, 0x20, 0x3c, 0x56, 0x64, 0x3e, 0x2e, 0x3c, 0x54, 0x3e, 0x2c, 0x20, 0x3c, 0x56, 0x6e, 0x3e, 0x2e, 0x3c, 0x54, 0x3e, 0x61, 0x72, 0x6d, 0x2d, 0x61, 0x36, 0x34, 0x40, 0x32, 0x30, 0x32,
0x36, 0x2d, 0x30, 0x36, 0x3a, 0x46, 0x43, 0x56, 0x54, 0x4d, 0x55, 0x5f, 0x61, 0x73, 0x69, 0x6d, 0x64, 0x6d, 0x69, 0x73, 0x63, 0x66, 0x70, 0x31, 0x36, 0x5f, 0x52, 0x61, 0x72, 0x6d, 0x2d, 0x61,
0x36, 0x34, 0x40, 0x32, 0x30, 0x32, 0x36, 0x2d, 0x30, 0x36, 0x3a, 0x46, 0x43, 0x56, 0x54, 0x4d, 0x55, 0x5f, 0x61, 0x73, 0x69, 0x73, 0x64, 0x6d, 0x69, 0x73, 0x63, 0x5f, 0x52, 0x46, 0x43, 0x56,
0x54, 0x4d, 0x55, 0x20, 0x3c, 0x56, 0x3e, 0x3c, 0x64, 0x3e, 0x2c, 0x20, 0x3c, 0x56, 0x3e, 0x3c, 0x6e, 0x3e, 0x61, 0x72, 0x6d, 0x2d, 0x61, 0x36, 0x34, 0x40, 0x32, 0x30, 0x32, 0x36, 0x2d, 0x30,
0x36, 0x3a, 0x46, 0x43, 0x56, 0x54, 0x4d, 0x55, 0x5f, 0x61, 0x73, 0x69, 0x73, 0x64, 0x6d, 0x69, 0x73, 0x63, 0x66, 0x70, 0x31, 0x36, 0x5f, 0x52, 0x46, 0x43, 0x56, 0x54, 0x4d, 0x55, 0x20, 0x3c,
0x48, 0x64, 0x3e, 0x2c, 0x20, 0x3c, 0x48, 0x6e, 0x3e, 0x61, 0x72, 0x6d, 0x2d, 0x61, 0x36, 0x34, 0x40, 0x32, 0x30, 0x32, 0x36, 0x2d, 0x30, 0x36, 0x3a, 0x46, 0x43, 0x56, 0x54, 0x4e, 0x53, 0x5f,
0x33, 0x32, 0x44, 0x5f, 0x66, 0x6c, 0x6f, 0x61, 0x74, 0x32, 0x69, 0x6e, 0x74, 0x46, 0x43, 0x56, 0x54, 0x4e, 0x53, 0x20, 0x3c, 0x57, 0x64, 0x3e, 0x2c, 0x20, 0x3c, 0x44, 0x6e, 0x3e, 0x61, 0x72,
0x6d, 0x2d, 0x61, 0x36, 0x34, 0x40, 0x32, 0x30, 0x32, 0x36, 0x2d, 0x30, 0x36, 0x3a, 0x46, 0x43, 0x56, 0x54, 0x4e, 0x53, 0x5f, 0x33, 0x32, 0x48, 0x5f, 0x66, 0x6c, 0x6f, 0x61, 0x74, 0x32, 0x69,
0x6e, 0x74, 0x46, 0x43, 0x56, 0x54, 0x4e, 0x53, 0x20, 0x3c, 0x57, 0x64, 0x3e, 0x2c, 0x20, 0x3c, 0x48, 0x6e, 0x3e, 0x61, 0x72, 0x6d, 0x2d, 0x61, 0x36, 0x34, 0x40, 0x32, 0x30, 0x32, 0x36, 0x2d,
0x30, 0x36, 0x3a, 0x46, 0x43, 0x56, 0x54, 0x4e, 0x53, 0x5f, 0x33, 0x32, 0x53, 0x5f, 0x66, 0x6c, 0x6f, 0x61, 0x74, 0x32, 0x69, 0x6e, 0x74, 0x46, 0x43, 0x56, 0x54, 0x4e, 0x53, 0x20, 0x3c, 0x57,
0x64, 0x3e, 0x2c, 0x20, 0x3c, 0x53, 0x6e, 0x3e, 0x61, 0x72, 0x6d, 0x2d, 0x61, 0x36, 0x34, 0x40, 0x32, 0x30, 0x32, 0x36, 0x2d, 0x30, 0x36, 0x3a, 0x46, 0x43, 0x56, 0x54, 0x4e, 0x53, 0x5f, 0x36,
0x34, 0x44, 0x5f, 0x66, 0x6c, 0x6f, 0x61, 0x74, 0x32, 0x69, 0x6e, 0x74, 0x46, 0x43, 0x56, 0x54, 0x4e, 0x53, 0x20, 0x3c, 0x58, 0x64, 0x3e, 0x2c, 0x20, 0x3c, 0x44, 0x6e, 0x3e, 0x61, 0x72, 0x6d,
0x2d, 0x61, 0x36, 0x34, 0x40, 0x32, 0x30, 0x32, 0x36, 0x2d, 0x30, 0x36, 0x3a, 0x46, 0x43, 0x56, 0x54, 0x4e, 0x53, 0x5f, 0x36, 0x34, 0x48, 0x5f, 0x66, 0x6c, 0x6f, 0x61, 0x74, 0x32, 0x69, 0x6e,
0x74, 0x46, 0x43, 0x56, 0x54, 0x4e, 0x53, 0x20, 0x3c, 0x58, 0x64, 0x3e, 0x2c, 0x20, 0x3c, 0x48, 0x6e, 0x3e, 0x61, 0x72, 0x6d, 0x2d, 0x61, 0x36, 0x34, 0x40, 0x32, 0x30, 0x32, 0x36, 0x2d, 0x30,
0x36, 0x3a, 0x46, 0x43, 0x56, 0x54, 0x4e, 0x53, 0x5f, 0x36, 0x34, 0x53, 0x5f, 0x66, 0x6c, 0x6f, 0x61, 0x74, 0x32, 0x69, 0x6e, 0x74, 0x46, 0x43, 0x56, 0x54, 0x4e, 0x53, 0x20, 0x3c, 0x58, 0x64,
0x3e, 0x2c, 0x20, 0x3c, 0x53, 0x6e, 0x3e, 0x61, 0x72, 0x6d, 0x2d, 0x61, 0x36, 0x34, 0x40, 0x32, 0x30, 0x32, 0x36, 0x2d, 0x30, 0x36, 0x3a, 0x46, 0x43, 0x56, 0x54, 0x4e, 0x53, 0x5f, 0x61, 0x73,
0x69, 0x6d, 0x64, 0x6d, 0x69, 0x73, 0x63, 0x5f, 0x52, 0x46, 0x43, 0x56, 0x54, 0x4e, 0x53, 0x20, 0x3c, 0x56, 0x64, 0x3e, 0x2e, 0x3c, 0x54, 0x3e, 0x2c, 0x20, 0x3c, 0x56, 0x6e, 0x3e, 0x2e, 0x3c,
0x54, 0x3e, 0x61, 0x72, 0x6d, 0x2d, 0x61, 0x36, 0x34, 0x40, 0x32, 0x30, 0x32, 0x36, 0x2d, 0x30, 0x36, 0x3a, 0x46, 0x43, 0x56, 0x54, 0x4e, 0x53, 0x5f, 0x61, 0x73, 0x69, 0x6d, 0x64, 0x6d, 0x69,
0x73, 0x63, 0x66, 0x70, 0x31, 0x36, 0x5f, 0x52, 0x61, 0x72, 0x6d, 0x2d, 0x61, 0x36, 0x34, 0x40, 0x32, 0x30, 0x32, 0x36, 0x2d, 0x30, 0x36, 0x3a, 0x46, 0x43, 0x56, 0x54, 0x4e, 0x53, 0x5f, 0x61,
0x73, 0x69, 0x73, 0x64, 0x6d, 0x69, 0x73, 0x63, 0x5f, 0x52, 0x46, 0x43, 0x56, 0x54, 0x4e, 0x53, 0x20, 0x3c, 0x56, 0x3e, 0x3c, 0x64, 0x3e, 0x2c, 0x20, 0x3c, 0x56, 0x3e, 0x3c, 0x6e, 0x3e, 0x61,
0x72, 0x6d, 0x2d, 0x61, 0x36, 0x34, 0x40, 0x32, 0x30, 0x32, 0x36, 0x2d, 0x30, 0x36, 0x3a, 0x46, 0x43, 0x56, 0x54, 0x4e, 0x53, 0x5f, 0x61, 0x73, 0x69, 0x73, 0x64, 0x6d, 0x69, 0x73, 0x63, 0x66,
0x70, 0x31, 0x36, 0x5f, 0x52, 0x46, 0x43, 0x56, 0x54, 0x4e, 0x53, 0x20, 0x3c, 0x48, 0x64, 0x3e, 0x2c, 0x20, 0x3c, 0x48, 0x6e, 0x3e, 0x61, 0x72, 0x6d, 0x2d, 0x61, 0x36, 0x34, 0x40, 0x32, 0x30,
0x32, 0x36, 0x2d, 0x30, 0x36, 0x3a, 0x46, 0x43, 0x56, 0x54, 0x4e, 0x55, 0x5f, 0x33, 0x32, 0x44, 0x5f, 0x66, 0x6c, 0x6f, 0x61, 0x74, 0x32, 0x69, 0x6e, 0x74, 0x46, 0x43, 0x56, 0x54, 0x4e, 0x55,
0x20, 0x3c, 0x57, 0x64, 0x3e, 0x2c, 0x20, 0x3c, 0x44, 0x6e, 0x3e, 0x61, 0x72, 0x6d, 0x2d, 0x61, 0x36, 0x34, 0x40, 0x32, 0x30, 0x32, 0x36, 0x2d, 0x30, 0x36, 0x3a, 0x46, 0x43, 0x56, 0x54, 0x4e,
0x55, 0x5f, 0x33, 0x32, 0x48, 0x5f, 0x66, 0x6c, 0x6f, 0x61, 0x74, 0x32, 0x69, 0x6e, 0x74, 0x46, 0x43, 0x56, 0x54, 0x4e, 0x55, 0x20, 0x3c, 0x57, 0x64, 0x3e, 0x2c, 0x20, 0x3c, 0x48, 0x6e, 0x3e,
0x61, 0x72, 0x6d, 0x2d, 0x61, 0x36, 0x34, 0x40, 0x32, 0x30, 0x32, 0x36, 0x2d, 0x30, 0x36, 0x3a, 0x46, 0x43, 0x56, 0x54, 0x4e, 0x55, 0x5f, 0x33, 0x32, 0x53, 0x5f, 0x66, 0x6c, 0x6f, 0x61, 0x74,
0x32, 0x69, 0x6e, 0x74, 0x46, 0x43, 0x56, 0x54, 0x4e, 0x55, 0x20, 0x3c, 0x57, 0x64, 0x3e, 0x2c, 0x20, 0x3c, 0x53, 0x6e, 0x3e, 0x61, 0x72, 0x6d, 0x2d, 0x61, 0x36, 0x34, 0x40, 0x32, 0x30, 0x32,
0x36, 0x2d, 0x30, 0x36, 0x3a, 0x46, 0x43, 0x56, 0x54, 0x4e, 0x55, 0x5f, 0x36, 0x34, 0x44, 0x5f, 0x66, 0x6c, 0x6f, 0x61, 0x74, 0x32, 0x69, 0x6e, 0x74, 0x46, 0x43, 0x56, 0x54, 0x4e, 0x55, 0x20,
0x3c, 0x58, 0x64, 0x3e, 0x2c, 0x20, 0x3c, 0x44, 0x6e, 0x3e, 0x61, 0x72, 0x6d, 0x2d, 0x61, 0x36, 0x34, 0x40, 0x32, 0x30, 0x32, 0x36, 0x2d, 0x30, 0x36, 0x3a, 0x46, 0x43, 0x56, 0x54, 0x4e, 0x55,
0x5f, 0x36, 0x34, 0x48, 0x5f, 0x66, 0x6c, 0x6f, 0x61, 0x74, 0x32, 0x69, 0x6e, 0x74, 0x46, 0x43, 0x56, 0x54, 0x4e, 0x55, 0x20, 0x3c, 0x58, 0x64, 0x3e, 0x2c, 0x20, 0x3c, 0x48, 0x6e, 0x3e, 0x61,
0x72, 0x6d, 0x2d, 0x61, 0x36, 0x34, 0x40, 0x32, 0x30, 0x32, 0x36, 0x2d, 0x30, 0x36, 0x3a, 0x46, 0x43, 0x56, 0x54, 0x4e, 0x55, 0x5f, 0x36, 0x34, 0x53, 0x5f, 0x66, 0x6c, 0x6f, 0x61, 0x74, 0x32,
0x69, 0x6e, 0x74, 0x46, 0x43, 0x56, 0x54, 0x4e, 0x55, 0x20, 0x3c, 0x58, 0x64, 0x3e, 0x2c, 0x20, 0x3c, 0x53, 0x6e, 0x3e, 0x61, 0x72, 0x6d, 0x2d, 0x61, 0x36, 0x34, 0x40, 0x32, 0x30, 0x32, 0x36,
0x2d, 0x30, 0x36, 0x3a, 0x46, 0x43, 0x56, 0x54, 0x4e, 0x55, 0x5f, 0x61, 0x73, 0x69, 0x6d, 0x64, 0x6d, 0x69, 0x73, 0x63, 0x5f, 0x52, 0x46, 0x43, 0x56, 0x54, 0x4e, 0x55, 0x20, 0x3c, 0x56, 0x64,
0x3e, 0x2e, 0x3c, 0x54, 0x3e, 0x2c, 0x20, 0x3c, 0x56, 0x6e, 0x3e, 0x2e, 0x3c, 0x54, 0x3e, 0x61, 0x72, 0x6d, 0x2d, 0x61, 0x36, 0x34, 0x40, 0x32, 0x30, 0x32, 0x36, 0x2d, 0x30, 0x36, 0x3a, 0x46,
0x43, 0x56, 0x54, 0x4e, 0x55, 0x5f, 0x61, 0x73, 0x69, 0x6d, 0x64, 0x6d, 0x69, 0x73, 0x63, 0x66, 0x70, 0x31, 0x36, 0x5f, 0x52, 0x61, 0x72, 0x6d, 0x2d, 0x61, 0x36, 0x34, 0x40, 0x32, 0x30, 0x32,
0x36, 0x2d, 0x30, 0x36, 0x3a, 0x46, 0x43, 0x56, 0x54, 0x4e, 0x55, 0x5f, 0x61, 0x73, 0x69, 0x73, 0x64, 0x6d, 0x69, 0x73, 0x63, 0x5f, 0x52, 0x46, 0x43, 0x56, 0x54, 0x4e, 0x55, 0x20, 0x3c, 0x56,
0x3e, 0x3c, 0x64, 0x3e, 0x2c, 0x20, 0x3c, 0x56, 0x3e, 0x3c, 0x6e, 0x3e, 0x61, 0x72, 0x6d, 0x2d, 0x61, 0x36, 0x34, 0x40, 0x32, 0x30, 0x32, 0x36, 0x2d, 0x30, 0x36, 0x3a, 0x46, 0x43, 0x56, 0x54,
0x4e, 0x55, 0x5f, 0x61, 0x73, 0x69, 0x73, 0x64, 0x6d, 0x69, 0x73, 0x63, 0x66, 0x70, 0x31, 0x36, 0x5f, 0x52, 0x46, 0x43, 0x56, 0x54, 0x4e, 0x55, 0x20, 0x3c, 0x48, 0x64, 0x3e, 0x2c, 0x20, 0x3c,
0x48, 0x6e, 0x3e, 0x61, 0x72, 0x6d, 0x2d, 0x61, 0x36, 0x34, 0x40, 0x32, 0x30, 0x32, 0x36, 0x2d, 0x30, 0x36, 0x3a, 0x46, 0x43, 0x56, 0x54, 0x4e, 0x5f, 0x61, 0x73, 0x69, 0x6d, 0x64, 0x6d, 0x69,
0x73, 0x63, 0x5f, 0x4e, 0x46, 0x43, 0x56, 0x54, 0x4e, 0x7b, 0x32, 0x7d, 0x20, 0x3c, 0x56, 0x64, 0x3e, 0x2e, 0x3c, 0x54, 0x62, 0x3e, 0x2c, 0x20, 0x3c, 0x56, 0x6e, 0x3e, 0x2e, 0x3c, 0x54, 0x61,
0x3e, 0x61, 0x72, 0x6d, 0x2d, 0x61, 0x36, 0x34, 0x40, 0x32, 0x30, 0x32, 0x36, 0x2d, 0x30, 0x36, 0x3a, 0x46, 0x43, 0x56, 0x54, 0x50, 0x53, 0x5f, 0x33, 0x32, 0x44, 0x5f, 0x66, 0x6c, 0x6f, 0x61,
0x74, 0x32, 0x69, 0x6e, 0x74, 0x46, 0x43, 0x56, 0x54, 0x50, 0x53, 0x20, 0x3c, 0x57, 0x64, 0x3e, 0x2c, 0x20, 0x3c, 0x44, 0x6e, 0x3e, 0x61, 0x72, 0x6d, 0x2d, 0x61, 0x36, 0x34, 0x40, 0x32, 0x30,
0x32, 0x36, 0x2d, 0x30, 0x36, 0x3a, 0x46, 0x43, 0x56, 0x54, 0x50, 0x53, 0x5f, 0x33, 0x32, 0x48, 0x5f, 0x66, 0x6c, 0x6f, 0x61, 0x74, 0x32, 0x69, 0x6e, 0x74, 0x46, 0x43, 0x56, 0x54, 0x50, 0x53,
0x20, 0x3c, 0x57, 0x64, 0x3e, 0x2c, 0x20, 0x3c, 0x48, 0x6e, 0x3e, 0x61, 0x72, 0x6d, 0x2d, 0x61, 0x36, 0x34, 0x40, 0x32, 0x30, 0x32, 0x36, 0x2d, 0x30, 0x36, 0x3a, 0x46, 0x43, 0x56, 0x54, 0x50,
0x53, 0x5f, 0x33, 0x32, 0x53, 0x5f, 0x66, 0x6c, 0x6f, 0x61, 0x74, 0x32, 0x69, 0x6e, 0x74, 0x46, 0x43, 0x56, 0x54, 0x50, 0x53, 0x20, 0x3c, 0x57, 0x64, 0x3e, 0x2c, 0x20, 0x3c, 0x53, 0x6e, 0x3e,
0x61, 0x72, 0x6d, 0x2d, 0x61, 0x36, 0x34, 0x40, 0x32, 0x30, 0x32, 0x36, 0x2d, 0x30, 0x36, 0x3a, 0x46, 0x43, 0x56, 0x54, 0x50, 0x53, 0x5f, 0x36, 0x34, 0x44, 0x5f, 0x66, 0x6c, 0x6f, 0x61, 0x74,
0x32, 0x69, 0x6e, 0x74, 0x46, 0x43, 0x56, 0x54, 0x50, 0x53, 0x20, 0x3c, 0x58, 0x64, 0x3e, 0x2c, 0x20, 0x3c, 0x44, 0x6e, 0x3e, 0x61, 0x72, 0x6d, 0x2d, 0x61, 0x36, 0x34, 0x40, 0x32, 0x30, 0x32,
0x36, 0x2d, 0x30, 0x36, 0x3a, 0x46, 0x43, 0x56, 0x54, 0x50, 0x53, 0x5f, 0x36, 0x34, 0x48, 0x5f, 0x66, 0x6c, 0x6f, 0x61, 0x74, 0x32, 0x69, 0x6e, 0x74, 0x46, 0x43, 0x56, 0x54, 0x50, 0x53, 0x20,
0x3c, 0x58, 0x64, 0x3e, 0x2c, 0x20, 0x3c, 0x48, 0x6e, 0x3e, 0x61, 0x72, 0x6d, 0x2d, 0x61, 0x36, 0x34, 0x40, 0x32, 0x30, 0x32, 0x36, 0x2d, 0x30, 0x36, 0x3a, 0x46, 0x43, 0x56, 0x54, 0x50, 0x53,
0x5f, 0x36, 0x34, 0x53, 0x5f, 0x66, 0x6c, 0x6f, 0x61, 0x74, 0x32, 0x69, 0x6e, 0x74, 0x46, 0x43, 0x56, 0x54, 0x50, 0x53, 0x20, 0x3c, 0x58, 0x64, 0x3e, 0x2c, 0x20, 0x3c, 0x53, 0x6e, 0x3e, 0x61,
0x72, 0x6d, 0x2d, 0x61, 0x36, 0x34, 0x40, 0x32, 0x30, 0x32, 0x36, 0x2d, 0x30, 0x36, 0x3a, 0x46, 0x43, 0x56, 0x54, 0x50, 0x53, 0x5f, 0x61, 0x73, 0x69, 0x6d, 0x64, 0x6d, 0x69, 0x73, 0x63, 0x5f,
0x52, 0x46, 0x43, 0x56, 0x54, 0x50, 0x53, 0x20, 0x3c, 0x56, 0x64, 0x3e, 0x2e, 0x3c, 0x54, 0x3e, 0x2c, 0x20, 0x3c, 0x56, 0x6e, 0x3e, 0x2e, 0x3c, 0x54, 0x3e, 0x61, 0x72, 0x6d, 0x2d, 0x61, 0x36,
0x34, 0x40, 0x32, 0x30, 0x32, 0x36, 0x2d, 0x30, 0x36, 0x3a, 0x46, 0x43, 0x56, 0x54, 0x50, 0x53, 0x5f, 0x61, 0x73, 0x69, 0x6d, 0x64, 0x6d, 0x69, 0x73, 0x63, 0x66, 0x70, 0x31, 0x36, 0x5f, 0x52,
0x61, 0x72, 0x6d, 0x2d, 0x61, 0x36, 0x34, 0x40, 0x32, 0x30, 0x32, 0x36, 0x2d, 0x30, 0x36, 0x3a, 0x46, 0x43, 0x56, 0x54, 0x50, 0x53, 0x5f, 0x61, 0x73, 0x69, 0x73, 0x64, 0x6d, 0x69, 0x73, 0x63,
0x5f, 0x52, 0x46, 0x43, 0x56, 0x54, 0x50, 0x53, 0x20, 0x3c, 0x56, 0x3e, 0x3c, 0x64, 0x3e, 0x2c, 0x20, 0x3c, 0x56, 0x3e, 0x3c, 0x6e, 0x3e, 0x61, 0x72, 0x6d, 0x2d, 0x61, 0x36, 0x34, 0x40, 0x32,
0x30, 0x32, 0x36, 0x2d, 0x30, 0x36, 0x3a, 0x46, 0x43, 0x56, 0x54, 0x50, 0x53, 0x5f, 0x61, 0x73, 0x69, 0x73, 0x64, 0x6d, 0x69, 0x73, 0x63, 0x66, 0x70, 0x31, 0x36, 0x5f, 0x52, 0x46, 0x43, 0x56,
0x54, 0x50, 0x53, 0x20, 0x3c, 0x48, 0x64, 0x3e, 0x2c, 0x20, 0x3c, 0x48, 0x6e, 0x3e, 0x61, 0x72, 0x6d, 0x2d, 0x61, 0x36, 0x34, 0x40, 0x32, 0x30, 0x32, 0x36, 0x2d, 0x30, 0x36, 0x3a, 0x46, 0x43,
0x56, 0x54, 0x50, 0x55, 0x5f, 0x33, 0x32, 0x44, 0x5f, 0x66, 0x6c, 0x6f, 0x61, 0x74, 0x32, 0x69, 0x6e, 0x74, 0x46, 0x43, 0x56, 0x54, 0x50, 0x55, 0x20, 0x3c, 0x57, 0x64, 0x3e, 0x2c, 0x20, 0x3c,
0x44, 0x6e, 0x3e, 0x61, 0x72, 0x6d, 0x2d, 0x61, 0x36, 0x34, 0x40, 0x32, 0x30, 0x32, 0x36, 0x2d, 0x30, 0x36, 0x3a, 0x46, 0x43, 0x56, 0x54, 0x50, 0x55, 0x5f, 0x33, 0x32, 0x48, 0x5f, 0x66, 0x6c,
0x6f, 0x61, 0x74, 0x32, 0x69, 0x6e, 0x74, 0x46, 0x43, 0x56, 0x54, 0x50, 0x55, 0x20, 0x3c, 0x57, 0x64, 0x3e, 0x2c, 0x20, 0x3c, 0x48, 0x6e, 0x3e, 0x61, 0x72, 0x6d, 0x2d, 0x61, 0x36, 0x34, 0x40,
0x32, 0x30, 0x32, 0x36, 0x2d, 0x30, 0x36, 0x3a, 0x46, 0x43, 0x56, 0x54, 0x50, 0x55, 0x5f, 0x33, 0x32, 0x53, 0x5f, 0x66, 0x6c, 0x6f, 0x61, 0x74, 0x32, 0x69, 0x6e, 0x74, 0x46, 0x43, 0x56, 0x54,
0x50, 0x55, 0x20, 0x3c, 0x57, 0x64, 0x3e, 0x2c, 0x20, 0x3c, 0x53, 0x6e, 0x3e, 0x61, 0x72, 0x6d, 0x2d, 0x61, 0x36, 0x34, 0x40, 0x32, 0x30, 0x32, 0x36, 0x2d, 0x30, 0x36, 0x3a, 0x46, 0x43, 0x56,
0x54, 0x50, 0x55, 0x5f, 0x61, 0x73, 0x69, 0x6d, 0x64, 0x6d, 0x69, 0x73, 0x63, 0x5f, 0x52, 0x46, 0x43, 0x56, 0x54, 0x50, 0x55, 0x20, 0x3c, 0x56, 0x64, 0x3e, 0x2e, 0x3c, 0x54, 0x3e, 0x2c, 0x20,
0x3c, 0x56, 0x6e, 0x3e, 0x2e, 0x3c, 0x54, 0x3e, 0x61, 0x72, 0x6d, 0x2d, 0x61, 0x36, 0x34, 0x40, 0x32, 0x30, 0x32, 0x36, 0x2d, 0x30, 0x36, 0x3a, 0x46, 0x43, 0x56, 0x54, 0x50, 0x55, 0x5f, 0x61,
0x73, 0x69, 0x6d, 0x64, 0x6d, 0x69, 0x73, 0x63, 0x66, 0x70, 0x31, 0x36, 0x5f, 0x52, 0x61, 0x72, 0x6d, 0x2d, 0x61, 0x36, 0x34, 0x40, 0x32, 0x30, 0x32, 0x36, 0x2d, 0x30, 0x36, 0x3a, 0x46, 0x43,
0x56, 0x54, 0x50, 0x55, 0x5f, 0x61, 0x73, 0x69, 0x73, 0x64, 0x6d, 0x69, 0x73, 0x63, 0x5f, 0x52, 0x46, 0x43, 0x56, 0x54, 0x50, 0x55, 0x20, 0x3c, 0x56, 0x3e, 0x3c, 0x64, 0x3e, 0x2c, 0x20, 0x3c,
0x56, 0x3e, 0x3c, 0x6e, 0x3e, 0x61, 0x72, 0x6d, 0x2d, 0x61, 0x36, 0x34, 0x40, 0x32, 0x30, 0x32, 0x36, 0x2d, 0x30, 0x36, 0x3a, 0x46, 0x43, 0x56, 0x54, 0x50, 0x55, 0x5f, 0x61, 0x73, 0x69, 0x73,
0x64, 0x6d, 0x69, 0x73, 0x63, 0x66, 0x70, 0x31, 0x36, 0x5f, 0x52, 0x46, 0x43, 0x56, 0x54, 0x50, 0x55, 0x20, 0x3c, 0x48, 0x64, 0x3e, 0x2c, 0x20, 0x3c, 0x48, 0x6e, 0x3e, 0x61, 0x72, 0x6d, 0x2d,
0x61, 0x36, 0x34, 0x40, 0x32, 0x30, 0x32, 0x36, 0x2d, 0x30, 0x36, 0x3a, 0x46, 0x43, 0x56, 0x54, 0x58, 0x4e, 0x5f, 0x61, 0x73, 0x69, 0x73, 0x64, 0x6d, 0x69, 0x73, 0x63, 0x5f, 0x4e, 0x46, 0x43,
0x56, 0x54, 0x58, 0x4e, 0x20, 0x53, 0x3c, 0x64, 0x3e, 0x2c, 0x20, 0x44, 0x3c, 0x6e, 0x3e, 0x61, 0x72, 0x6d, 0x2d, 0x61, 0x36, 0x34, 0x40, 0x32, 0x30, 0x32, 0x36, 0x2d, 0x30, 0x36, 0x3a, 0x46,
0x43, 0x56, 0x54, 0x5a, 0x53, 0x5f, 0x61, 0x73, 0x69, 0x6d, 0x64, 0x6d, 0x69, 0x73, 0x63, 0x5f, 0x52, 0x46, 0x43, 0x56, 0x54, 0x5a, 0x53, 0x20, 0x3c, 0x56, 0x64, 0x3e, 0x2e, 0x3c, 0x54, 0x3e,
0x2c, 0x20, 0x3c, 0x56, 0x6e, 0x3e, 0x2e, 0x3c, 0x54, 0x3e, 0x61, 0x72, 0x6d, 0x2d, 0x61, 0x36, 0x34, 0x40, 0x32, 0x30, 0x32, 0x36, 0x2d, 0x30, 0x36, 0x3a, 0x46, 0x43, 0x56, 0x54, 0x5a, 0x53,
0x5f, 0x61, 0x73, 0x69, 0x6d, 0x64, 0x6d, 0x69, 0x73, 0x63, 0x66, 0x70, 0x31, 0x36, 0x5f, 0x52, 0x61, 0x72, 0x6d, 0x2d, 0x61, 0x36, 0x34, 0x40, 0x32, 0x30, 0x32, 0x36, 0x2d, 0x30, 0x36, 0x3a,
0x46, 0x43, 0x56, 0x54, 0x5a, 0x53, 0x5f, 0x61, 0x73, 0x69, 0x73, 0x64, 0x6d, 0x69, 0x73, 0x63, 0x5f, 0x52, 0x46, 0x43, 0x56, 0x54, 0x5a, 0x53, 0x20, 0x3c, 0x56, 0x3e, 0x3c, 0x64, 0x3e, 0x2c,
0x20, 0x3c, 0x56, 0x3e, 0x3c, 0x6e, 0x3e, 0x61, 0x72, 0x6d, 0x2d, 0x61, 0x36, 0x34, 0x40, 0x32, 0x30, 0x32, 0x36, 0x2d, 0x30, 0x36, 0x3a, 0x46, 0x43, 0x56, 0x54, 0x5a, 0x53, 0x5f, 0x61, 0x73,
0x69, 0x73, 0x64, 0x6d, 0x69, 0x73, 0x63, 0x66, 0x70, 0x31, 0x36, 0x5f, 0x52, 0x46, 0x43, 0x56, 0x54, 0x5a, 0x53, 0x20, 0x3c, 0x48, 0x64, 0x3e, 0x2c, 0x20, 0x3c, 0x48, 0x6e, 0x3e, 0x61, 0x72,
0x6d, 0x2d, 0x61, 0x36, 0x34, 0x40, 0x32, 0x30, 0x32, 0x36, 0x2d, 0x30, 0x36, 0x3a, 0x46, 0x43, 0x56, 0x54, 0x5a, 0x55, 0x5f, 0x61, 0x73, 0x69, 0x6d, 0x64, 0x6d, 0x69, 0x73, 0x63, 0x5f, 0x52,
0x46, 0x43, 0x56, 0x54, 0x5a, 0x55, 0x20, 0x3c, 0x56, 0x64, 0x3e, 0x2e, 0x3c, 0x54, 0x3e, 0x2c, 0x20, 0x3c, 0x56, 0x6e, 0x3e, 0x2e, 0x3c, 0x54, 0x3e, 0x61, 0x72, 0x6d, 0x2d, 0x61, 0x36, 0x34,
0x40, 0x32, 0x30, 0x32, 0x36, 0x2d, 0x30, 0x36, 0x3a, 0x46, 0x43, 0x56, 0x54, 0x5a, 0x55, 0x5f, 0x61, 0x73, 0x69, 0x6d, 0x64, 0x6d, 0x69, 0x73, 0x63, 0x66, 0x70, 0x31, 0x36, 0x5f, 0x52, 0x61,
0x72, 0x6d, 0x2d, 0x61, 0x36, 0x34, 0x40, 0x32, 0x30, 0x32, 0x36, 0x2d, 0x30, 0x36, 0x3a, 0x46, 0x43, 0x56, 0x54, 0x5a, 0x55, 0x5f, 0x61, 0x73, 0x69, 0x73, 0x64, 0x6d, 0x69, 0x73, 0x63, 0x5f,
0x52, 0x46, 0x43, 0x56, 0x54, 0x5a, 0x55, 0x20, 0x3c, 0x56, 0x3e, 0x3c, 0x64, 0x3e, 0x2c, 0x20, 0x3c, 0x56, 0x3e, 0x3c, 0x6e, 0x3e, 0x61, 0x72, 0x6d, 0x2d, 0x61, 0x36, 0x34, 0x40, 0x32, 0x30,
0x32, 0x36, 0x2d, 0x30, 0x36, 0x3a, 0x46, 0x43, 0x56, 0x54, 0x5a, 0x55, 0x5f, 0x61, 0x73, 0x69, 0x73, 0x64, 0x6d, 0x69, 0x73, 0x63, 0x66, 0x70, 0x31, 0x36, 0x5f, 0x52, 0x46, 0x43, 0x56, 0x54,
0x5a, 0x55, 0x20, 0x3c, 0x48, 0x64, 0x3e, 0x2c, 0x20, 0x3c, 0x48, 0x6e, 0x3e, 0x61, 0x72, 0x6d, 0x2d, 0x61, 0x36, 0x34, 0x40, 0x32, 0x30, 0x32, 0x36, 0x2d, 0x30, 0x36, 0x3a, 0x46, 0x44, 0x49,
0x56, 0x5f, 0x61, 0x73, 0x69, 0x6d, 0x64, 0x73, 0x61, 0x6d, 0x65, 0x5f, 0x6f, 0x6e, 0x6c, 0x79, 0x46, 0x44, 0x49, 0x56, 0x20, 0x3c, 0x56, 0x64, 0x3e, 0x2e, 0x3c, 0x54, 0x3e, 0x2c, 0x20, 0x3c,
0x56, 0x6e, 0x3e, 0x2e, 0x3c, 0x54, 0x3e, 0x2c, 0x20, 0x3c, 0x56, 0x6d, 0x3e, 0x2e, 0x3c, 0x54, 0x3e, 0x61, 0x72, 0x6d, 0x2d, 0x61, 0x36, 0x34, 0x40, 0x32, 0x30, 0x32, 0x36, 0x2d, 0x30, 0x36,
0x3a, 0x46, 0x44, 0x49, 0x56, 0x5f, 0x61, 0x73, 0x69, 0x6d, 0x64, 0x73, 0x61, 0x6d, 0x65, 0x66, 0x70, 0x31, 0x36, 0x5f, 0x6f, 0x6e, 0x6c, 0x79, 0x61, 0x72, 0x6d, 0x2d, 0x61, 0x36, 0x34, 0x40,
0x32, 0x30, 0x32, 0x36, 0x2d, 0x30, 0x36, 0x3a, 0x46, 0x4d, 0x41, 0x58, 0x4e, 0x4d, 0x50, 0x5f, 0x61, 0x73, 0x69, 0x6d, 0x64, 0x73, 0x61, 0x6d, 0x65, 0x5f, 0x6f, 0x6e, 0x6c, 0x79, 0x46, 0x4d,
0x41, 0x58, 0x4e, 0x4d, 0x50, 0x20, 0x3c, 0x56, 0x64, 0x3e, 0x2e, 0x3c, 0x54, 0x3e, 0x2c, 0x20, 0x3c, 0x56, 0x6e, 0x3e, 0x2e, 0x3c, 0x54, 0x3e, 0x2c, 0x20, 0x3c, 0x56, 0x6d, 0x3e, 0x2e, 0x3c,
0x54, 0x3e, 0x61, 0x72, 0x6d, 0x2d, 0x61, 0x36, 0x34, 0x40, 0x32, 0x30, 0x32, 0x36, 0x2d, 0x30, 0x36, 0x3a, 0x46, 0x4d, 0x41, 0x58, 0x4e, 0x4d, 0x50, 0x5f, 0x61, 0x73, 0x69, 0x6d, 0x64, 0x73,
0x61, 0x6d, 0x65, 0x66, 0x70, 0x31, 0x36, 0x5f, 0x6f, 0x6e, 0x6c, 0x79, 0x61, 0x72, 0x6d, 0x2d, 0x61, 0x36, 0x34, 0x40, 0x32, 0x30, 0x32, 0x36, 0x2d, 0x30, 0x36, 0x3a, 0x46, 0x4d, 0x41, 0x58,
0x4e, 0x4d, 0x50, 0x5f, 0x61, 0x73, 0x69, 0x73, 0x64, 0x70, 0x61, 0x69, 0x72, 0x5f, 0x6f, 0x6e, 0x6c, 0x79, 0x5f, 0x48, 0x46, 0x4d, 0x41, 0x58, 0x4e, 0x4d, 0x50, 0x20, 0x48, 0x3c, 0x64, 0x3e,
0x2c, 0x20, 0x3c, 0x56, 0x6e, 0x3e, 0x2e, 0x32, 0x48, 0x61, 0x72, 0x6d, 0x2d, 0x61, 0x36, 0x34, 0x40, 0x32, 0x30, 0x32, 0x36, 0x2d, 0x30, 0x36, 0x3a, 0x46, 0x4d, 0x41, 0x58, 0x4e, 0x4d, 0x50,
0x5f, 0x61, 0x73, 0x69, 0x73, 0x64, 0x70, 0x61, 0x69, 0x72, 0x5f, 0x6f, 0x6e, 0x6c, 0x79, 0x5f, 0x53, 0x44, 0x46, 0x4d, 0x41, 0x58, 0x4e, 0x4d, 0x50, 0x20, 0x3c, 0x56, 0x3e, 0x3c, 0x64, 0x3e,
0x2c, 0x20, 0x3c, 0x56, 0x6e, 0x3e, 0x2e, 0x3c, 0x54, 0x3e, 0x61, 0x72, 0x6d, 0x2d, 0x61, 0x36, 0x34, 0x40, 0x32, 0x30, 0x32, 0x36, 0x2d, 0x30, 0x36, 0x3a, 0x46, 0x4d, 0x41, 0x58, 0x4e, 0x4d,
0x56, 0x5f, 0x61, 0x73, 0x69, 0x6d, 0x64, 0x61, 0x6c, 0x6c, 0x5f, 0x6f, 0x6e, 0x6c, 0x79, 0x5f, 0x48, 0x46, 0x4d, 0x41, 0x58, 0x4e, 0x4d, 0x56, 0x20, 0x3c, 0x56, 0x3e, 0x3c, 0x64, 0x3e, 0x2c,
0x20, 0x3c, 0x56, 0x6e, 0x3e, 0x2e, 0x3c, 0x54, 0x3e, 0x61, 0x72, 0x6d, 0x2d, 0x61, 0x36, 0x34, 0x40, 0x32, 0x30, 0x32, 0x36, 0x2d, 0x30, 0x36, 0x3a, 0x46, 0x4d, 0x41, 0x58, 0x4e, 0x4d, 0x56,
0x5f, 0x61, 0x73, 0x69, 0x6d, 0x64, 0x61, 0x6c, 0x6c, 0x5f, 0x6f, 0x6e, 0x6c, 0x79, 0x5f, 0x53, 0x44, 0x46, 0x4d, 0x41, 0x58, 0x4e, 0x4d, 0x56, 0x20, 0x53, 0x3c, 0x64, 0x3e, 0x2c, 0x20, 0x3c,
0x56, 0x6e, 0x3e, 0x2e, 0x34, 0x53, 0x61, 0x72, 0x6d, 0x2d, 0x61, 0x36, 0x34, 0x40, 0x32, 0x30, 0x32, 0x36, 0x2d, 0x30, 0x36, 0x3a, 0x46, 0x4d, 0x41, 0x58, 0x4e, 0x4d, 0x5f, 0x61, 0x73, 0x69,
0x6d, 0x64, 0x73, 0x61, 0x6d, 0x65, 0x5f, 0x6f, 0x6e, 0x6c, 0x79, 0x46, 0x4d, 0x41, 0x58, 0x4e, 0x4d, 0x20, 0x3c, 0x56, 0x64, 0x3e, 0x2e, 0x3c, 0x54, 0x3e, 0x2c, 0x20, 0x3c, 0x56, 0x6e, 0x3e,
0x2e, 0x3c, 0x54, 0x3e, 0x2c, 0x20, 0x3c, 0x56, 0x6d, 0x3e, 0x2e, 0x3c, 0x54, 0x3e, 0x61, 0x72, 0x6d, 0x2d, 0x61, 0x36, 0x34, 0x40, 0x32, 0x30, 0x32, 0x36, 0x2d, 0x30, 0x36, 0x3a, 0x46, 0x4d,
0x41, 0x58, 0x4e, 0x4d, 0x5f, 0x61, 0x73, 0x69, 0x6d, 0x64, 0x73, 0x61, 0x6d, 0x65, 0x66, 0x70, 0x31, 0x36, 0x5f, 0x6f, 0x6e, 0x6c, 0x79, 0x61, 0x72, 0x6d, 0x2d, 0x61, 0x36, 0x34, 0x40, 0x32,
0x30, 0x32, 0x36, 0x2d, 0x30, 0x36, 0x3a, 0x46, 0x4d, 0x41, 0x58, 0x50, 0x5f, 0x61, 0x73, 0x69, 0x6d, 0x64, 0x73, 0x61, 0x6d, 0x65, 0x5f, 0x6f, 0x6e, 0x6c, 0x79, 0x46, 0x4d, 0x41, 0x58, 0x50,
0x20, 0x3c, 0x56, 0x64, 0x3e, 0x2e, 0x3c, 0x54, 0x3e, 0x2c, 0x20, 0x3c, 0x56, 0x6e, 0x3e, 0x2e, 0x3c, 0x54, 0x3e, 0x2c, 0x20, 0x3c, 0x56, 0x6d, 0x3e, 0x2e, 0x3c, 0x54, 0x3e, 0x61, 0x72, 0x6d,
0x2d, 0x61, 0x36, 0x34, 0x40, 0x32, 0x30, 0x32, 0x36, 0x2d, 0x30, 0x36, 0x3a, 0x46, 0x4d, 0x41, 0x58, 0x50, 0x5f, 0x61, 0x73, 0x69, 0x6d, 0x64, 0x73, 0x61, 0x6d, 0x65, 0x66, 0x70, 0x31, 0x36,
0x5f, 0x6f, 0x6e, 0x6c, 0x79, 0x61, 0x72, 0x6d, 0x2d, 0x61, 0x36, 0x34, 0x40, 0x32, 0x30, 0x32, 0x36, 0x2d, 0x30, 0x36, 0x3a, 0x46, 0x4d, 0x41, 0x58, 0x50, 0x5f, 0x61, 0x73, 0x69, 0x73, 0x64,
0x70, 0x61, 0x69, 0x72, 0x5f, 0x6f, 0x6e, 0x6c, 0x79, 0x5f, 0x48, 0x46, 0x4d, 0x41, 0x58, 0x50, 0x20, 0x48, 0x3c, 0x64, 0x3e, 0x2c, 0x20, 0x3c, 0x56, 0x6e, 0x3e, 0x2e, 0x32, 0x48, 0x61, 0x72,
0x6d, 0x2d, 0x61, 0x36, 0x34, 0x40, 0x32, 0x30, 0x32, 0x36, 0x2d, 0x30, 0x36, 0x3a, 0x46, 0x4d, 0x41, 0x58, 0x50, 0x5f, 0x61, 0x73, 0x69, 0x73, 0x64, 0x70, 0x61, 0x69, 0x72, 0x5f, 0x6f, 0x6e,
0x6c, 0x79, 0x5f, 0x53, 0x44, 0x46, 0x4d, 0x41, 0x58, 0x50, 0x20, 0x3c, 0x56, 0x3e, 0x3c, 0x64, 0x3e, 0x2c, 0x20, 0x3c, 0x56, 0x6e, 0x3e, 0x2e, 0x3c, 0x54, 0x3e, 0x61, 0x72, 0x6d, 0x2d, 0x61,
0x36, 0x34, 0x40, 0x32, 0x30, 0x32, 0x36, 0x2d, 0x30, 0x36, 0x3a, 0x46, 0x4d, 0x41, 0x58, 0x56, 0x5f, 0x61, 0x73, 0x69, 0x6d, 0x64, 0x61, 0x6c, 0x6c, 0x5f, 0x6f, 0x6e, 0x6c, 0x79, 0x5f, 0x48,
0x46, 0x4d, 0x41, 0x58, 0x56, 0x20, 0x3c, 0x56, 0x3e, 0x3c, 0x64, 0x3e, 0x2c, 0x20, 0x3c, 0x56, 0x6e, 0x3e, 0x2e, 0x3c, 0x54, 0x3e, 0x61, 0x72, 0x6d, 0x2d, 0x61, 0x36, 0x34, 0x40, 0x32, 0x30,
0x32, 0x36, 0x2d, 0x30, 0x36, 0x3a, 0x46, 0x4d, 0x41, 0x58, 0x56, 0x5f, 0x61, 0x73, 0x69, 0x6d, 0x64, 0x61, 0x6c, 0x6c, 0x5f, 0x6f, 0x6e, 0x6c, 0x79, 0x5f, 0x53, 0x44, 0x46, 0x4d, 0x41, 0x58,
0x56, 0x20, 0x53, 0x3c, 0x64, 0x3e, 0x2c, 0x20, 0x3c, 0x56, 0x6e, 0x3e, 0x2e, 0x34, 0x53, 0x61, 0x72, 0x6d, 0x2d, 0x61, 0x36, 0x34, 0x40, 0x32, 0x30, 0x32, 0x36, 0x2d, 0x30, 0x36, 0x3a, 0x46,
0x4d, 0x41, 0x58, 0x5f, 0x61, 0x73, 0x69, 0x6d, 0x64, 0x73, 0x61, 0x6d, 0x65, 0x5f, 0x6f, 0x6e, 0x6c, 0x79, 0x46, 0x4d, 0x41, 0x58, 0x20, 0x3c, 0x56, 0x64, 0x3e, 0x2e, 0x3c, 0x54, 0x3e, 0x2c,
0x20, 0x3c, 0x56, 0x6e, 0x3e, 0x2e, 0x3c, 0x54, 0x3e, 0x2c, 0x20, 0x3c, 0x56, 0x6d, 0x3e, 0x2e, 0x3c, 0x54, 0x3e, 0x61, 0x72, 0x6d, 0x2d, 0x61, 0x36, 0x34, 0x40, 0x32, 0x30, 0x32, 0x36, 0x2d,
0x30, 0x36, 0x3a, 0x46, 0x4d, 0x41, 0x58, 0x5f, 0x61, 0x73, 0x69, 0x6d, 0x64, 0x73, 0x61, 0x6d, 0x65, 0x66, 0x70, 0x31, 0x36, 0x5f, 0x6f, 0x6e, 0x6c, 0x79, 0x61, 0x72, 0x6d, 0x2d, 0x61, 0x36,
0x34, 0x40, 0x32, 0x30, 0x32, 0x36, 0x2d, 0x30, 0x36, 0x3a, 0x46, 0x4d, 0x49, 0x4e, 0x4e, 0x4d, 0x50, 0x5f, 0x61, 0x73, 0x69, 0x6d, 0x64, 0x73, 0x61, 0x6d, 0x65, 0x5f, 0x6f, 0x6e, 0x6c, 0x79,
0x46, 0x4d, 0x49, 0x4e, 0x4e, 0x4d, 0x50, 0x20, 0x3c, 0x56, 0x64, 0x3e, 0x2e, 0x3c, 0x54, 0x3e, 0x2c, 0x20, 0x3c, 0x56, 0x6e, 0x3e, 0x2e, 0x3c, 0x54, 0x3e, 0x2c, 0x20, 0x3c, 0x56, 0x6d, 0x3e,
0x2e, 0x3c, 0x54, 0x3e, 0x61, 0x72, 0x6d, 0x2d, 0x61, 0x36, 0x34, 0x40, 0x32, 0x30, 0x32, 0x36, 0x2d, 0x30, 0x36, 0x3a, 0x46, 0x4d, 0x49, 0x4e, 0x4e, 0x4d, 0x50, 0x5f, 0x61, 0x73, 0x69, 0x6d,
0x64, 0x73, 0x61, 0x6d, 0x65, 0x66, 0x70, 0x31, 0x36, 0x5f, 0x6f, 0x6e, 0x6c, 0x79, 0x61, 0x72, 0x6d, 0x2d, 0x61, 0x36, 0x34, 0x40, 0x32, 0x30, 0x32, 0x36, 0x2d, 0x30, 0x36, 0x3a, 0x46, 0x4d,
0x49, 0x4e, 0x4e, 0x4d, 0x50, 0x5f, 0x61, 0x73, 0x69, 0x73, 0x64, 0x70, 0x61, 0x69, 0x72, 0x5f, 0x6f, 0x6e, 0x6c, 0x79, 0x5f, 0x48, 0x46, 0x4d, 0x49, 0x4e, 0x4e, 0x4d, 0x50, 0x20, 0x48, 0x3c,
0x64, 0x3e, 0x2c, 0x20, 0x3c, 0x56, 0x6e, 0x3e, 0x2e, 0x32, 0x48, 0x61, 0x72, 0x6d, 0x2d, 0x61, 0x36, 0x34, 0x40, 0x32, 0x30, 0x32, 0x36, 0x2d, 0x30, 0x36, 0x3a, 0x46, 0x4d, 0x49, 0x4e, 0x4e,
0x4d, 0x50, 0x5f, 0x61, 0x73, 0x69, 0x73, 0x64, 0x70, 0x61, 0x69, 0x72, 0x5f, 0x6f, 0x6e, 0x6c, 0x79, 0x5f, 0x53, 0x44, 0x46, 0x4d, 0x49, 0x4e, 0x4e, 0x4d, 0x50, 0x20, 0x3c, 0x56, 0x3e, 0x3c,
0x64, 0x3e, 0x2c, 0x20, 0x3c, 0x56, 0x6e, 0x3e, 0x2e, 0x3c, 0x54, 0x3e, 0x61, 0x72, 0x6d, 0x2d, 0x61, 0x36, 0x34, 0x40, 0x32, 0x30, 0x32, 0x36, 0x2d, 0x30, 0x36, 0x3a, 0x46, 0x4d, 0x49, 0x4e,
0x4e, 0x4d, 0x56, 0x5f, 0x61, 0x73, 0x69, 0x6d, 0x64, 0x61, 0x6c, 0x6c, 0x5f, 0x6f, 0x6e, 0x6c, 0x79, 0x5f, 0x48, 0x46, 0x4d, 0x49, 0x4e, 0x4e, 0x4d, 0x56, 0x20, 0x3c, 0x56, 0x3e, 0x3c, 0x64,
0x3e, 0x2c, 0x20, 0x3c, 0x56, 0x6e, 0x3e, 0x2e, 0x3c, 0x54, 0x3e, 0x61, 0x72, 0x6d, 0x2d, 0x61, 0x36, 0x34, 0x40, 0x32, 0x30, 0x32, 0x36, 0x2d, 0x30, 0x36, 0x3a, 0x46, 0x4d, 0x49, 0x4e, 0x4e,
0x4d, 0x56, 0x5f, 0x61, 0x73, 0x69, 0x6d, 0x64, 0x61, 0x6c, 0x6c, 0x5f, 0x6f, 0x6e, 0x6c, 0x79, 0x5f, 0x53, 0x44, 0x46, 0x4d, 0x49, 0x4e, 0x4e, 0x4d, 0x56, 0x20, 0x53, 0x3c, 0x64, 0x3e, 0x2c,
0x20, 0x3c, 0x56, 0x6e, 0x3e, 0x2e, 0x34, 0x53, 0x61, 0x72, 0x6d, 0x2d, 0x61, 0x36, 0x34, 0x40, 0x32, 0x30, 0x32, 0x36, 0x2d, 0x30, 0x36, 0x3a, 0x46, 0x4d, 0x49, 0x4e, 0x4e, 0x4d, 0x5f, 0x61,
0x73, 0x69, 0x6d, 0x64, 0x73, 0x61, 0x6d, 0x65, 0x5f, 0x6f, 0x6e, 0x6c, 0x79, 0x46, 0x4d, 0x49, 0x4e, 0x4e, 0x4d, 0x20, 0x3c, 0x56, 0x64, 0x3e, 0x2e, 0x3c, 0x54, 0x3e, 0x2c, 0x20, 0x3c, 0x56,
0x6e, 0x3e, 0x2e, 0x3c, 0x54, 0x3e, 0x2c, 0x20, 0x3c, 0x56, 0x6d, 0x3e, 0x2e, 0x3c, 0x54, 0x3e, 0x61, 0x72, 0x6d, 0x2d, 0x61, 0x36, 0x34, 0x40, 0x32, 0x30, 0x32, 0x36, 0x2d, 0x30, 0x36, 0x3a,
0x46, 0x4d, 0x49, 0x4e, 0x4e, 0x4d, 0x5f, 0x61, 0x73, 0x69, 0x6d, 0x64, 0x73, 0x61, 0x6d, 0x65, 0x66, 0x70, 0x31, 0x36, 0x5f, 0x6f, 0x6e, 0x6c, 0x79, 0x61, 0x72, 0x6d, 0x2d, 0x61, 0x36, 0x34,
0x40, 0x32, 0x30, 0x32, 0x36, 0x2d, 0x30, 0x36, 0x3a, 0x46, 0x4d, 0x49, 0x4e, 0x50, 0x5f, 0x61, 0x73, 0x69, 0x6d, 0x64, 0x73, 0x61, 0x6d, 0x65, 0x5f, 0x6f, 0x6e, 0x6c, 0x79, 0x46, 0x4d, 0x49,
0x4e, 0x50, 0x20, 0x3c, 0x56, 0x64, 0x3e, 0x2e, 0x3c, 0x54, 0x3e, 0x2c, 0x20, 0x3c, 0x56, 0x6e, 0x3e, 0x2e, 0x3c, 0x54, 0x3e, 0x2c, 0x20, 0x3c, 0x56, 0x6d, 0x3e, 0x2e, 0x3c, 0x54, 0x3e, 0x61,
0x72, 0x6d, 0x2d, 0x61, 0x36, 0x34, 0x40, 0x32, 0x30, 0x32, 0x36, 0x2d, 0x30, 0x36, 0x3a, 0x46, 0x4d, 0x49, 0x4e, 0x50, 0x5f, 0x61, 0x73, 0x69, 0x6d, 0x64, 0x73, 0x61, 0x6d, 0x65, 0x66, 0x70,
0x31, 0x36, 0x5f, 0x6f, 0x6e, 0x6c, 0x79, 0x61, 0x72, 0x6d, 0x2d, 0x61, 0x36, 0x34, 0x40, 0x32, 0x30, 0x32, 0x36, 0x2d, 0x30, 0x36, 0x3a, 0x46, 0x4d, 0x49, 0x4e, 0x50, 0x5f, 0x61, 0x73, 0x69,
0x73, 0x64, 0x70, 0x61, 0x69, 0x72, 0x5f, 0x6f, 0x6e, 0x6c, 0x79, 0x5f, 0x48, 0x46, 0x4d, 0x49, 0x4e, 0x50, 0x20, 0x48, 0x3c, 0x64, 0x3e, 0x2c, 0x20, 0x3c, 0x56, 0x6e, 0x3e, 0x2e, 0x32, 0x48,
0x61, 0x72, 0x6d, 0x2d, 0x61, 0x36, 0x34, 0x40, 0x32, 0x30, 0x32, 0x36, 0x2d, 0x30, 0x36, 0x3a, 0x46, 0x4d, 0x49, 0x4e, 0x50, 0x5f, 0x61, 0x73, 0x69, 0x73, 0x64, 0x70, 0x61, 0x69, 0x72, 0x5f,
0x6f, 0x6e, 0x6c, 0x79, 0x5f, 0x53, 0x44, 0x46, 0x4d, 0x49, 0x4e, 0x50, 0x20, 0x3c, 0x56, 0x3e, 0x3c, 0x64, 0x3e, 0x2c, 0x20, 0x3c, 0x56, 0x6e, 0x3e, 0x2e, 0x3c, 0x54, 0x3e, 0x61, 0x72, 0x6d,
0x2d, 0x61, 0x36, 0x34, 0x40, 0x32, 0x30, 0x32, 0x36, 0x2d, 0x30, 0x36, 0x3a, 0x46, 0x4d, 0x49, 0x4e, 0x56, 0x5f, 0x61, 0x73, 0x69, 0x6d, 0x64, 0x61, 0x6c, 0x6c, 0x5f, 0x6f, 0x6e, 0x6c, 0x79,
0x5f, 0x48, 0x46, 0x4d, 0x49, 0x4e, 0x56, 0x20, 0x3c, 0x56, 0x3e, 0x3c, 0x64, 0x3e, 0x2c, 0x20, 0x3c, 0x56, 0x6e, 0x3e, 0x2e, 0x3c, 0x54, 0x3e, 0x61, 0x72, 0x6d, 0x2d, 0x61, 0x36, 0x34, 0x40,
0x32, 0x30, 0x32, 0x36, 0x2d, 0x30, 0x36, 0x3a, 0x46, 0x4d, 0x49, 0x4e, 0x56, 0x5f, 0x61, 0x73, 0x69, 0x6d, 0x64, 0x61, 0x6c, 0x6c, 0x5f, 0x6f, 0x6e, 0x6c, 0x79, 0x5f, 0x53, 0x44, 0x46, 0x4d,
0x49, 0x4e, 0x56, 0x20, 0x53, 0x3c, 0x64, 0x3e, 0x2c, 0x20, 0x3c, 0x56, 0x6e, 0x3e, 0x2e, 0x34, 0x53, 0x61, 0x72, 0x6d, 0x2d, 0x61, 0x36, 0x34, 0x40, 0x32, 0x30, 0x32, 0x36, 0x2d, 0x30, 0x36,
0x3a, 0x46, 0x4d, 0x49, 0x4e, 0x5f, 0x61, 0x73, 0x69, 0x6d, 0x64, 0x73, 0x61, 0x6d, 0x65, 0x5f, 0x6f, 0x6e, 0x6c, 0x79, 0x46, 0x4d, 0x49, 0x4e, 0x20, 0x3c, 0x56, 0x64, 0x3e, 0x2e, 0x3c, 0x54,
0x3e, 0x2c, 0x20, 0x3c, 0x56, 0x6e, 0x3e, 0x2e, 0x3c, 0x54, 0x3e, 0x2c, 0x20, 0x3c, 0x56, 0x6d, 0x3e, 0x2e, 0x3c, 0x54, 0x3e, 0x61, 0x72, 0x6d, 0x2d, 0x61, 0x36, 0x34, 0x40, 0x32, 0x30, 0x32,
0x36, 0x2d, 0x30, 0x36, 0x3a, 0x46, 0x4d, 0x49, 0x4e, 0x5f, 0x61, 0x73, 0x69, 0x6d, 0x64, 0x73, 0x61, 0x6d, 0x65, 0x66, 0x70, 0x31, 0x36, 0x5f, 0x6f, 0x6e, 0x6c, 0x79, 0x61, 0x72, 0x6d, 0x2d,
0x61, 0x36, 0x34, 0x40, 0x32, 0x30, 0x32, 0x36, 0x2d, 0x30, 0x36, 0x3a, 0x46, 0x4d, 0x4c, 0x41, 0x4c, 0x32, 0x5f, 0x61, 0x73, 0x69, 0x6d, 0x64, 0x73, 0x61, 0x6d, 0x65, 0x5f, 0x46, 0x46, 0x4d,
0x4c, 0x41, 0x4c, 0x32, 0x20, 0x3c, 0x56, 0x64, 0x3e, 0x2e, 0x3c, 0x54, 0x61, 0x3e, 0x2c, 0x20, 0x3c, 0x56, 0x6e, 0x3e, 0x2e, 0x3c, 0x54, 0x62, 0x3e, 0x2c, 0x20, 0x3c, 0x56, 0x6d, 0x3e, 0x2e,
0x3c, 0x54, 0x62, 0x3e, 0x61, 0x72, 0x6d, 0x2d, 0x61, 0x36, 0x34, 0x40, 0x32, 0x30, 0x32, 0x36, 0x2d, 0x30, 0x36, 0x3a, 0x46, 0x4d, 0x4c, 0x41, 0x4c, 0x5f, 0x61, 0x73, 0x69, 0x6d, 0x64, 0x73,
0x61, 0x6d, 0x65, 0x5f, 0x46, 0x46, 0x4d, 0x4c, 0x41, 0x4c, 0x20, 0x3c, 0x56, 0x64, 0x3e, 0x2e, 0x3c, 0x54, 0x61, 0x3e, 0x2c, 0x20, 0x3c, 0x56, 0x6e, 0x3e, 0x2e, 0x3c, 0x54, 0x62, 0x3e, 0x2c,
0x20, 0x3c, 0x56, 0x6d, 0x3e, 0x2e, 0x3c, 0x54, 0x62, 0x3e, 0x61, 0x72, 0x6d, 0x2d, 0x61, 0x36, 0x34, 0x40, 0x32, 0x30, 0x32, 0x36, 0x2d, 0x30, 0x36, 0x3a, 0x46, 0x4d, 0x4c, 0x41, 0x5f, 0x61,
0x73, 0x69, 0x6d, 0x64, 0x73, 0x61, 0x6d, 0x65, 0x5f, 0x6f, 0x6e, 0x6c, 0x79, 0x46, 0x4d, 0x4c, 0x41, 0x20, 0x3c, 0x56, 0x64, 0x3e, 0x2e, 0x3c, 0x54, 0x3e, 0x2c, 0x20, 0x3c, 0x56, 0x6e, 0x3e,
0x2e, 0x3c, 0x54, 0x3e, 0x2c, 0x20, 0x3c, 0x56, 0x6d, 0x3e, 0x2e, 0x3c, 0x54, 0x3e, 0x61, 0x72, 0x6d, 0x2d, 0x61, 0x36, 0x34, 0x40, 0x32, 0x30, 0x32, 0x36, 0x2d, 0x30, 0x36, 0x3a, 0x46, 0x4d,
0x4c, 0x41, 0x5f, 0x61, 0x73, 0x69, 0x6d, 0x64, 0x73, 0x61, 0x6d, 0x65, 0x66, 0x70, 0x31, 0x36, 0x5f, 0x6f, 0x6e, 0x6c, 0x79, 0x61, 0x72, 0x6d, 0x2d, 0x61, 0x36, 0x34, 0x40, 0x32, 0x30, 0x32,
0x36, 0x2d, 0x30, 0x36, 0x3a, 0x46, 0x4d, 0x4c, 0x53, 0x4c, 0x32, 0x5f, 0x61, 0x73, 0x69, 0x6d, 0x64, 0x73, 0x61, 0x6d, 0x65, 0x5f, 0x46, 0x46, 0x4d, 0x4c, 0x53, 0x4c, 0x32, 0x20, 0x3c, 0x56,
0x64, 0x3e, 0x2e, 0x3c, 0x54, 0x61, 0x3e, 0x2c, 0x20, 0x3c, 0x56, 0x6e, 0x3e, 0x2e, 0x3c, 0x54, 0x62, 0x3e, 0x2c, 0x20, 0x3c, 0x56, 0x6d, 0x3e, 0x2e, 0x3c, 0x54, 0x62, 0x3e, 0x61, 0x72, 0x6d,
0x2d, 0x61, 0x36, 0x34, 0x40, 0x32, 0x30, 0x32, 0x36, 0x2d, 0x30, 0x36, 0x3a, 0x46, 0x4d, 0x4c, 0x53, 0x4c, 0x5f, 0x61, 0x73, 0x69, 0x6d, 0x64, 0x73, 0x61, 0x6d, 0x65, 0x5f, 0x46, 0x46, 0x4d,
0x4c, 0x53, 0x4c, 0x20, 0x3c, 0x56, 0x64, 0x3e, 0x2e, 0x3c, 0x54, 0x61, 0x3e, 0x2c, 0x20, 0x3c, 0x56, 0x6e, 0x3e, 0x2e, 0x3c, 0x54, 0x62, 0x3e, 0x2c, 0x20, 0x3c, 0x56, 0x6d, 0x3e, 0x2e, 0x3c,
0x54, 0x62, 0x3e, 0x61, 0x72, 0x6d, 0x2d, 0x61, 0x36, 0x34, 0x40, 0x32, 0x30, 0x32, 0x36, 0x2d, 0x30, 0x36, 0x3a, 0x46, 0x4d, 0x4c, 0x53, 0x5f, 0x61, 0x73, 0x69, 0x6d, 0x64, 0x73, 0x61, 0x6d,
0x65, 0x5f, 0x6f, 0x6e, 0x6c, 0x79, 0x46, 0x4d, 0x4c, 0x53, 0x20, 0x3c, 0x56, 0x64, 0x3e, 0x2e, 0x3c, 0x54, 0x3e, 0x2c, 0x20, 0x3c, 0x56, 0x6e, 0x3e, 0x2e, 0x3c, 0x54, 0x3e, 0x2c, 0x20, 0x3c,
0x56, 0x6d, 0x3e, 0x2e, 0x3c, 0x54, 0x3e, 0x61, 0x72, 0x6d, 0x2d, 0x61, 0x36, 0x34, 0x40, 0x32, 0x30, 0x32, 0x36, 0x2d, 0x30, 0x36, 0x3a, 0x46, 0x4d, 0x4c, 0x53, 0x5f, 0x61, 0x73, 0x69, 0x6d,
0x64, 0x73, 0x61, 0x6d, 0x65, 0x66, 0x70, 0x31, 0x36, 0x5f, 0x6f, 0x6e, 0x6c, 0x79, 0x61, 0x72, 0x6d, 0x2d, 0x61, 0x36, 0x34, 0x40, 0x32, 0x30, 0x32, 0x36, 0x2d, 0x30, 0x36, 0x3a, 0x46, 0x4d,
0x55, 0x4c, 0x58, 0x5f, 0x61, 0x73, 0x69, 0x6d, 0x64, 0x73, 0x61, 0x6d, 0x65, 0x5f, 0x6f, 0x6e, 0x6c, 0x79, 0x46, 0x4d, 0x55, 0x4c, 0x58, 0x20, 0x3c, 0x56, 0x64, 0x3e, 0x2e, 0x3c, 0x54, 0x3e,
0x2c, 0x20, 0x3c, 0x56, 0x6e, 0x3e, 0x2e, 0x3c, 0x54, 0x3e, 0x2c, 0x20, 0x3c, 0x56, 0x6d, 0x3e, 0x2e, 0x3c, 0x54, 0x3e, 0x61, 0x72, 0x6d, 0x2d, 0x61, 0x36, 0x34, 0x40, 0x32, 0x30, 0x32, 0x36,
0x2d, 0x30, 0x36, 0x3a, 0x46, 0x4d, 0x55, 0x4c, 0x58, 0x5f, 0x61, 0x73, 0x69, 0x6d, 0x64, 0x73, 0x61, 0x6d, 0x65, 0x66, 0x70, 0x31, 0x36, 0x5f, 0x6f, 0x6e, 0x6c, 0x79, 0x61, 0x72, 0x6d, 0x2d,
0x61, 0x36, 0x34, 0x40, 0x32, 0x30, 0x32, 0x36, 0x2d, 0x30, 0x36, 0x3a, 0x46, 0x4d, 0x55, 0x4c, 0x58, 0x5f, 0x61, 0x73, 0x69, 0x73, 0x64, 0x73, 0x61, 0x6d, 0x65, 0x5f, 0x6f, 0x6e, 0x6c, 0x79,
0x46, 0x4d, 0x55, 0x4c, 0x58, 0x20, 0x3c, 0x56, 0x3e, 0x3c, 0x64, 0x3e, 0x2c, 0x20, 0x3c, 0x56, 0x3e, 0x3c, 0x6e, 0x3e, 0x2c, 0x20, 0x3c, 0x56, 0x3e, 0x3c, 0x6d, 0x3e, 0x61, 0x72, 0x6d, 0x2d,
0x61, 0x36, 0x34, 0x40, 0x32, 0x30, 0x32, 0x36, 0x2d, 0x30, 0x36, 0x3a, 0x46, 0x4d, 0x55, 0x4c, 0x58, 0x5f, 0x61, 0x73, 0x69, 0x73, 0x64, 0x73, 0x61, 0x6d, 0x65, 0x66, 0x70, 0x31, 0x36, 0x5f,
0x6f, 0x6e, 0x6c, 0x79, 0x46, 0x4d, 0x55, 0x4c, 0x58, 0x20, 0x3c, 0x48, 0x64, 0x3e, 0x2c, 0x20, 0x3c, 0x48, 0x6e, 0x3e, 0x2c, 0x20, 0x3c, 0x48, 0x6d, 0x3e, 0x61, 0x72, 0x6d, 0x2d, 0x61, 0x36,
0x34, 0x40, 0x32, 0x30, 0x32, 0x36, 0x2d, 0x30, 0x36, 0x3a, 0x46, 0x4d, 0x55, 0x4c, 0x5f, 0x61, 0x73, 0x69, 0x6d, 0x64, 0x73, 0x61, 0x6d, 0x65, 0x5f, 0x6f, 0x6e, 0x6c, 0x79, 0x46, 0x4d, 0x55,
0x4c, 0x20, 0x3c, 0x56, 0x64, 0x3e, 0x2e, 0x3c, 0x54, 0x3e, 0x2c, 0x20, 0x3c, 0x56, 0x6e, 0x3e, 0x2e, 0x3c, 0x54, 0x3e, 0x2c, 0x20, 0x3c, 0x56, 0x6d, 0x3e, 0x2e, 0x3c, 0x54, 0x3e, 0x61, 0x72,
0x6d, 0x2d, 0x61, 0x36, 0x34, 0x40, 0x32, 0x30, 0x32, 0x36, 0x2d, 0x30, 0x36, 0x3a, 0x46, 0x4d, 0x55, 0x4c, 0x5f, 0x61, 0x73, 0x69, 0x6d, 0x64, 0x73, 0x61, 0x6d, 0x65, 0x66, 0x70, 0x31, 0x36,
0x5f, 0x6f, 0x6e, 0x6c, 0x79, 0x61, 0x72, 0x6d, 0x2d, 0x61, 0x36, 0x34, 0x40, 0x32, 0x30, 0x32, 0x36, 0x2d, 0x30, 0x36, 0x3a, 0x46, 0x4e, 0x45, 0x47, 0x5f, 0x61, 0x73, 0x69, 0x6d, 0x64, 0x6d,
0x69, 0x73, 0x63, 0x5f, 0x52, 0x46, 0x4e, 0x45, 0x47, 0x20, 0x3c, 0x56, 0x64, 0x3e, 0x2e, 0x3c, 0x54, 0x3e, 0x2c, 0x20, 0x3c, 0x56, 0x6e, 0x3e, 0x2e, 0x3c, 0x54, 0x3e, 0x61, 0x72, 0x6d, 0x2d,
0x61, 0x36, 0x34, 0x40, 0x32, 0x30, 0x32, 0x36, 0x2d, 0x30, 0x36, 0x3a, 0x46, 0x4e, 0x45, 0x47, 0x5f, 0x61, 0x73, 0x69, 0x6d, 0x64, 0x6d, 0x69, 0x73, 0x63, 0x66, 0x70, 0x31, 0x36, 0x5f, 0x52,
0x61, 0x72, 0x6d, 0x2d, 0x61, 0x36, 0x34, 0x40, 0x32, 0x30, 0x32, 0x36, 0x2d, 0x30, 0x36, 0x3a, 0x46, 0x52, 0x45, 0x43, 0x50, 0x45, 0x5f, 0x61, 0x73, 0x69, 0x6d, 0x64, 0x6d, 0x69, 0x73, 0x63,
0x5f, 0x52, 0x46, 0x52, 0x45, 0x43, 0x50, 0x45, 0x20, 0x3c, 0x56, 0x64, 0x3e, 0x2e, 0x3c, 0x54, 0x3e, 0x2c, 0x20, 0x3c, 0x56, 0x6e, 0x3e, 0x2e, 0x3c, 0x54, 0x3e, 0x61, 0x72, 0x6d, 0x2d, 0x61,
0x36, 0x34, 0x40, 0x32, 0x30, 0x32, 0x36, 0x2d, 0x30, 0x36, 0x3a, 0x46, 0x52, 0x45, 0x43, 0x50, 0x45, 0x5f, 0x61, 0x73, 0x69, 0x6d, 0x64, 0x6d, 0x69, 0x73, 0x63, 0x66, 0x70, 0x31, 0x36, 0x5f,
0x52, 0x61, 0x72, 0x6d, 0x2d, 0x61, 0x36, 0x34, 0x40, 0x32, 0x30, 0x32, 0x36, 0x2d, 0x30, 0x36, 0x3a, 0x46, 0x52, 0x45, 0x43, 0x50, 0x45, 0x5f, 0x61, 0x73, 0x69, 0x73, 0x64, 0x6d, 0x69, 0x73,
0x63, 0x5f, 0x52, 0x46, 0x52, 0x45, 0x43, 0x50, 0x45, 0x20, 0x3c, 0x56, 0x3e, 0x3c, 0x64, 0x3e, 0x2c, 0x20, 0x3c, 0x56, 0x3e, 0x3c, 0x6e, 0x3e, 0x61, 0x72, 0x6d, 0x2d, 0x61, 0x36, 0x34, 0x40,
0x32, 0x30, 0x32, 0x36, 0x2d, 0x30, 0x36, 0x3a, 0x46, 0x52, 0x45, 0x43, 0x50, 0x45, 0x5f, 0x61, 0x73, 0x69, 0x73, 0x64, 0x6d, 0x69, 0x73, 0x63, 0x66, 0x70, 0x31, 0x36, 0x5f, 0x52, 0x46, 0x52,
0x45, 0x43, 0x50, 0x45, 0x20, 0x3c, 0x48, 0x64, 0x3e, 0x2c, 0x20, 0x3c, 0x48, 0x6e, 0x3e, 0x61, 0x72, 0x6d, 0x2d, 0x61, 0x36, 0x34, 0x40, 0x32, 0x30, 0x32, 0x36, 0x2d, 0x30, 0x36, 0x3a, 0x46,
0x52, 0x45, 0x43, 0x50, 0x53, 0x5f, 0x61, 0x73, 0x69, 0x6d, 0x64, 0x73, 0x61, 0x6d, 0x65, 0x5f, 0x6f, 0x6e, 0x6c, 0x79, 0x46, 0x52, 0x45, 0x43, 0x50, 0x53, 0x20, 0x3c, 0x56, 0x64, 0x3e, 0x2e,
0x3c, 0x54, 0x3e, 0x2c, 0x20, 0x3c, 0x56, 0x6e, 0x3e, 0x2e, 0x3c, 0x54, 0x3e, 0x2c, 0x20, 0x3c, 0x56, 0x6d, 0x3e, 0x2e, 0x3c, 0x54, 0x3e, 0x61, 0x72, 0x6d, 0x2d, 0x61, 0x36, 0x34, 0x40, 0x32,
0x30, 0x32, 0x36, 0x2d, 0x30, 0x36, 0x3a, 0x46, 0x52, 0x45, 0x43, 0x50, 0x53, 0x5f, 0x61, 0x73, 0x69, 0x6d, 0x64, 0x73, 0x61, 0x6d, 0x65, 0x66, 0x70, 0x31, 0x36, 0x5f, 0x6f, 0x6e, 0x6c, 0x79,
0x61, 0x72, 0x6d, 0x2d, 0x61, 0x36, 0x34, 0x40, 0x32, 0x30, 0x32, 0x36, 0x2d, 0x30, 0x36, 0x3a, 0x46, 0x52, 0x45, 0x43, 0x50, 0x53, 0x5f, 0x61, 0x73, 0x69, 0x73, 0x64, 0x73, 0x61, 0x6d, 0x65,
0x5f, 0x6f, 0x6e, 0x6c, 0x79, 0x46, 0x52, 0x45, 0x43, 0x50, 0x53, 0x20, 0x3c, 0x56, 0x3e, 0x3c, 0x64, 0x3e, 0x2c, 0x20, 0x3c, 0x56, 0x3e, 0x3c, 0x6e, 0x3e, 0x2c, 0x20, 0x3c, 0x56, 0x3e, 0x3c,
0x6d, 0x3e, 0x61, 0x72, 0x6d, 0x2d, 0x61, 0x36, 0x34, 0x40, 0x32, 0x30, 0x32, 0x36, 0x2d, 0x30, 0x36, 0x3a, 0x46, 0x52, 0x45, 0x43, 0x50, 0x53, 0x5f, 0x61, 0x73, 0x69, 0x73, 0x64, 0x73, 0x61,
0x6d, 0x65, 0x66, 0x70, 0x31, 0x36, 0x5f, 0x6f, 0x6e, 0x6c, 0x79, 0x46, 0x52, 0x45, 0x43, 0x50, 0x53, 0x20, 0x3c, 0x48, 0x64, 0x3e, 0x2c, 0x20, 0x3c, 0x48, 0x6e, 0x3e, 0x2c, 0x20, 0x3c, 0x48,
0x6d, 0x3e, 0x61, 0x72, 0x6d, 0x2d, 0x61, 0x36, 0x34, 0x40, 0x32, 0x30, 0x32, 0x36, 0x2d, 0x30, 0x36, 0x3a, 0x46, 0x52, 0x45, 0x43, 0x50, 0x58, 0x5f, 0x61, 0x73, 0x69, 0x73, 0x64, 0x6d, 0x69,
0x73, 0x63, 0x5f, 0x52, 0x46, 0x52, 0x45, 0x43, 0x50, 0x58, 0x20, 0x3c, 0x56, 0x3e, 0x3c, 0x64, 0x3e, 0x2c, 0x20, 0x3c, 0x56, 0x3e, 0x3c, 0x6e, 0x3e, 0x61, 0x72, 0x6d, 0x2d, 0x61, 0x36, 0x34,
0x40, 0x32, 0x30, 0x32, 0x36, 0x2d, 0x30, 0x36, 0x3a, 0x46, 0x52, 0x45, 0x43, 0x50, 0x58, 0x5f, 0x61, 0x73, 0x69, 0x73, 0x64, 0x6d, 0x69, 0x73, 0x63, 0x66, 0x70, 0x31, 0x36, 0x5f, 0x52, 0x46,
0x52, 0x45, 0x43, 0x50, 0x58, 0x20, 0x3c, 0x48, 0x64, 0x3e, 0x2c, 0x20, 0x3c, 0x48, 0x6e, 0x3e, 0x61, 0x72, 0x6d, 0x2d, 0x61, 0x36, 0x34, 0x40, 0x32, 0x30, 0x32, 0x36, 0x2d, 0x30, 0x36, 0x3a,
0x46, 0x52, 0x49, 0x4e, 0x54, 0x33, 0x32, 0x58, 0x5f, 0x61, 0x73, 0x69, 0x6d, 0x64, 0x6d, 0x69, 0x73, 0x63, 0x5f, 0x52, 0x46, 0x52, 0x49, 0x4e, 0x54, 0x33, 0x32, 0x58, 0x20, 0x3c, 0x56, 0x64,
0x3e, 0x2e, 0x3c, 0x54, 0x3e, 0x2c, 0x20, 0x3c, 0x56, 0x6e, 0x3e, 0x2e, 0x3c, 0x54, 0x3e, 0x61, 0x72, 0x6d, 0x2d, 0x61, 0x36, 0x34, 0x40, 0x32, 0x30, 0x32, 0x36, 0x2d, 0x30, 0x36, 0x3a, 0x46,
0x52, 0x49, 0x4e, 0x54, 0x33, 0x32, 0x5a, 0x5f, 0x61, 0x73, 0x69, 0x6d, 0x64, 0x6d, 0x69, 0x73, 0x63, 0x5f, 0x52, 0x46, 0x52, 0x49, 0x4e, 0x54, 0x33, 0x32, 0x5a, 0x20, 0x3c, 0x56, 0x64, 0x3e,
0x2e, 0x3c, 0x54, 0x3e, 0x2c, 0x20, 0x3c, 0x56, 0x6e, 0x3e, 0x2e, 0x3c, 0x54, 0x3e, 0x61, 0x72, 0x6d, 0x2d, 0x61, 0x36, 0x34, 0x40, 0x32, 0x30, 0x32, 0x36, 0x2d, 0x30, 0x36, 0x3a, 0x46, 0x52,
0x49, 0x4e, 0x54, 0x36, 0x34, 0x58, 0x5f, 0x61, 0x73, 0x69, 0x6d, 0x64, 0x6d, 0x69, 0x73, 0x63, 0x5f, 0x52, 0x46, 0x52, 0x49, 0x4e, 0x54, 0x36, 0x34, 0x58, 0x20, 0x3c, 0x56, 0x64, 0x3e, 0x2e,
0x3c, 0x54, 0x3e, 0x2c, 0x20, 0x3c, 0x56, 0x6e, 0x3e, 0x2e, 0x3c, 0x54, 0x3e, 0x61, 0x72, 0x6d, 0x2d, 0x61, 0x36, 0x34, 0x40, 0x32, 0x30, 0x32, 0x36, 0x2d, 0x30, 0x36, 0x3a, 0x46, 0x52, 0x49,
0x4e, 0x54, 0x36, 0x34, 0x5a, 0x5f, 0x61, 0x73, 0x69, 0x6d, 0x64, 0x6d, 0x69, 0x73, 0x63, 0x5f, 0x52, 0x46, 0x52, 0x49, 0x4e, 0x54, 0x36, 0x34, 0x5a, 0x20, 0x3c, 0x56, 0x64, 0x3e, 0x2e, 0x3c,
0x54, 0x3e, 0x2c, 0x20, 0x3c, 0x56, 0x6e, 0x3e, 0x2e, 0x3c, 0x54, 0x3e, 0x61, 0x72, 0x6d, 0x2d, 0x61, 0x36, 0x34, 0x40, 0x32, 0x30, 0x32, 0x36, 0x2d, 0x30, 0x36, 0x3a, 0x46, 0x52, 0x49, 0x4e,
0x54, 0x41, 0x5f, 0x61, 0x73, 0x69, 0x6d, 0x64, 0x6d, 0x69, 0x73, 0x63, 0x5f, 0x52, 0x46, 0x52, 0x49, 0x4e, 0x54, 0x41, 0x20, 0x3c, 0x56, 0x64, 0x3e, 0x2e, 0x3c, 0x54, 0x3e, 0x2c, 0x20, 0x3c,
0x56, 0x6e, 0x3e, 0x2e, 0x3c, 0x54, 0x3e, 0x61, 0x72, 0x6d, 0x2d, 0x61, 0x36, 0x34, 0x40, 0x32, 0x30, 0x32, 0x36, 0x2d, 0x30, 0x36, 0x3a, 0x46, 0x52, 0x49, 0x4e, 0x54, 0x41, 0x5f, 0x61, 0x73,
0x69, 0x6d, 0x64, 0x6d, 0x69, 0x73, 0x63, 0x66, 0x70, 0x31, 0x36, 0x5f, 0x52, 0x61, 0x72, 0x6d, 0x2d, 0x61, 0x36, 0x34, 0x40, 0x32, 0x30, 0x32, 0x36, 0x2d, 0x30, 0x36, 0x3a, 0x46, 0x52, 0x49,
0x4e, 0x54, 0x49, 0x5f, 0x61, 0x73, 0x69, 0x6d, 0x64, 0x6d, 0x69, 0x73, 0x63, 0x5f, 0x52, 0x46, 0x52, 0x49, 0x4e, 0x54, 0x49, 0x20, 0x3c, 0x56, 0x64, 0x3e, 0x2e, 0x3c, 0x54, 0x3e, 0x2c, 0x20,
0x3c, 0x56, 0x6e, 0x3e, 0x2e, 0x3c, 0x54, 0x3e, 0x61, 0x72, 0x6d, 0x2d, 0x61, 0x36, 0x34, 0x40, 0x32, 0x30, 0x32, 0x36, 0x2d, 0x30, 0x36, 0x3a, 0x46, 0x52, 0x49, 0x4e, 0x54, 0x49, 0x5f, 0x61,
0x73, 0x69, 0x6d, 0x64, 0x6d, 0x69, 0x73, 0x63, 0x66, 0x70, 0x31, 0x36, 0x5f, 0x52, 0x61, 0x72, 0x6d, 0x2d, 0x61, 0x36, 0x34, 0x40, 0x32, 0x30, 0x32, 0x36, 0x2d, 0x30, 0x36, 0x3a, 0x46, 0x52,
0x49, 0x4e, 0x54, 0x4d, 0x5f, 0x61, 0x73, 0x69, 0x6d, 0x64, 0x6d, 0x69, 0x73, 0x63, 0x5f, 0x52, 0x46, 0x52, 0x49, 0x4e, 0x54, 0x4d, 0x20, 0x3c, 0x56, 0x64, 0x3e, 0x2e, 0x3c, 0x54, 0x3e, 0x2c,
0x20, 0x3c, 0x56, 0x6e, 0x3e, 0x2e, 0x3c, 0x54, 0x3e, 0x61, 0x72, 0x6d, 0x2d, 0x61, 0x36, 0x34, 0x40, 0x32, 0x30, 0x32, 0x36, 0x2d, 0x30, 0x36, 0x3a, 0x46, 0x52, 0x49, 0x4e, 0x54, 0x4d, 0x5f,
0x61, 0x73, 0x69, 0x6d, 0x64, 0x6d, 0x69, 0x73, 0x63, 0x66, 0x70, 0x31, 0x36, 0x5f, 0x52, 0x61, 0x72, 0x6d, 0x2d, 0x61, 0x36, 0x34, 0x40, 0x32, 0x30, 0x32, 0x36, 0x2d, 0x30, 0x36, 0x3a, 0x46,
0x52, 0x49, 0x4e, 0x54, 0x4e, 0x5f, 0x61, 0x73, 0x69, 0x6d, 0x64, 0x6d, 0x69, 0x73, 0x63, 0x5f, 0x52, 0x46, 0x52, 0x49, 0x4e, 0x54, 0x4e, 0x20, 0x3c, 0x56, 0x64, 0x3e, 0x2e, 0x3c, 0x54, 0x3e,
0x2c, 0x20, 0x3c, 0x56, 0x6e, 0x3e, 0x2e, 0x3c, 0x54, 0x3e, 0x61, 0x72, 0x6d, 0x2d, 0x61, 0x36, 0x34, 0x40, 0x32, 0x30, 0x32, 0x36, 0x2d, 0x30, 0x36, 0x3a, 0x46, 0x52, 0x49, 0x4e, 0x54, 0x4e,
0x5f, 0x61, 0x73, 0x69, 0x6d, 0x64, 0x6d, 0x69, 0x73, 0x63, 0x66, 0x70, 0x31, 0x36, 0x5f, 0x52, 0x61, 0x72, 0x6d, 0x2d, 0x61, 0x36, 0x34, 0x40, 0x32, 0x30, 0x32, 0x36, 0x2d, 0x30, 0x36, 0x3a,
0x46, 0x52, 0x49, 0x4e, 0x54, 0x50, 0x5f, 0x61, 0x73, 0x69, 0x6d, 0x64, 0x6d, 0x69, 0x73, 0x63, 0x5f, 0x52, 0x46, 0x52, 0x49, 0x4e, 0x54, 0x50, 0x20, 0x3c, 0x56, 0x64, 0x3e, 0x2e, 0x3c, 0x54,
0x3e, 0x2c, 0x20, 0x3c, 0x56, 0x6e, 0x3e, 0x2e, 0x3c, 0x54, 0x3e, 0x61, 0x72, 0x6d, 0x2d, 0x61, 0x36, 0x34, 0x40, 0x32, 0x30, 0x32, 0x36, 0x2d, 0x30, 0x36, 0x3a, 0x46, 0x52, 0x49, 0x4e, 0x54,
0x50, 0x5f, 0x61, 0x73, 0x69, 0x6d, 0x64, 0x6d, 0x69, 0x73, 0x63, 0x66, 0x70, 0x31, 0x36, 0x5f, 0x52, 0x61, 0x72, 0x6d, 0x2d, 0x61, 0x36, 0x34, 0x40, 0x32, 0x30, 0x32, 0x36, 0x2d, 0x30, 0x36,
0x3a, 0x46, 0x52, 0x49, 0x4e, 0x54, 0x58, 0x5f, 0x61, 0x73, 0x69, 0x6d, 0x64, 0x6d, 0x69, 0x73, 0x63, 0x5f, 0x52, 0x46, 0x52, 0x49, 0x4e, 0x54, 0x58, 0x20, 0x3c, 0x56, 0x64, 0x3e, 0x2e, 0x3c,
0x54, 0x3e, 0x2c, 0x20, 0x3c, 0x56, 0x6e, 0x3e, 0x2e, 0x3c, 0x54, 0x3e, 0x61, 0x72, 0x6d, 0x2d, 0x61, 0x36, 0x34, 0x40, 0x32, 0x30, 0x32, 0x36, 0x2d, 0x30, 0x36, 0x3a, 0x46, 0x52, 0x49, 0x4e,
0x54, 0x58, 0x5f, 0x61, 0x73, 0x69, 0x6d, 0x64, 0x6d, 0x69, 0x73, 0x63, 0x66, 0x70, 0x31, 0x36, 0x5f, 0x52, 0x61, 0x72, 0x6d, 0x2d, 0x61, 0x36, 0x34, 0x40, 0x32, 0x30, 0x32, 0x36, 0x2d, 0x30,
0x36, 0x3a, 0x46, 0x52, 0x49, 0x4e, 0x54, 0x5a, 0x5f, 0x61, 0x73, 0x69, 0x6d, 0x64, 0x6d, 0x69, 0x73, 0x63, 0x5f, 0x52, 0x46, 0x52, 0x49, 0x4e, 0x54, 0x5a, 0x20, 0x3c, 0x56, 0x64, 0x3e, 0x2e,
0x3c, 0x54, 0x3e, 0x2c, 0x20, 0x3c, 0x56, 0x6e, 0x3e, 0x2e, 0x3c, 0x54, 0x3e, 0x61, 0x72, 0x6d, 0x2d, 0x61, 0x36, 0x34, 0x40, 0x32, 0x30, 0x32, 0x36, 0x2d, 0x30, 0x36, 0x3a, 0x46, 0x52, 0x49,
0x4e, 0x54, 0x5a, 0x5f, 0x61, 0x73, 0x69, 0x6d, 0x64, 0x6d, 0x69, 0x73, 0x63, 0x66, 0x70, 0x31, 0x36, 0x5f, 0x52, 0x61, 0x72, 0x6d, 0x2d, 0x61, 0x36, 0x34, 0x40, 0x32, 0x30, 0x32, 0x36, 0x2d,
0x30, 0x36, 0x3a, 0x46, 0x52, 0x53, 0x51, 0x52, 0x54, 0x45, 0x5f, 0x61, 0x73, 0x69, 0x6d, 0x64, 0x6d, 0x69, 0x73, 0x63, 0x5f, 0x52, 0x46, 0x52, 0x53, 0x51, 0x52, 0x54, 0x45, 0x20, 0x3c, 0x56,
0x64, 0x3e, 0x2e, 0x3c, 0x54, 0x3e, 0x2c, 0x20, 0x3c, 0x56, 0x6e, 0x3e, 0x2e, 0x3c, 0x54, 0x3e, 0x61, 0x72, 0x6d, 0x2d, 0x61, 0x36, 0x34, 0x40, 0x32, 0x30, 0x32, 0x36, 0x2d, 0x30, 0x36, 0x3a,
0x46, 0x52, 0x53, 0x51, 0x52, 0x54, 0x45, 0x5f, 0x61, 0x73, 0x69, 0x6d, 0x64, 0x6d, 0x69, 0x73, 0x63, 0x66, 0x70, 0x31, 0x36, 0x5f, 0x52, 0x61, 0x72, 0x6d, 0x2d, 0x61, 0x36, 0x34, 0x40, 0x32,
0x30, 0x32, 0x36, 0x2d, 0x30, 0x36, 0x3a, 0x46, 0x52, 0x53, 0x51, 0x52, 0x54, 0x45, 0x5f, 0x61, 0x73, 0x69, 0x73, 0x64, 0x6d, 0x69, 0x73, 0x63, 0x5f, 0x52, 0x46, 0x52, 0x53, 0x51, 0x52, 0x54,
0x45, 0x20, 0x3c, 0x56, 0x3e, 0x3c, 0x64, 0x3e, 0x2c, 0x20, 0x3c, 0x56, 0x3e, 0x3c, 0x6e, 0x3e, 0x61, 0x72, 0x6d, 0x2d, 0x61, 0x36, 0x34, 0x40, 0x32, 0x30, 0x32, 0x36, 0x2d, 0x30, 0x36, 0x3a,
0x46, 0x52, 0x53, 0x51, 0x52, 0x54, 0x45, 0x5f, 0x61, 0x73, 0x69, 0x73, 0x64, 0x6d, 0x69, 0x73, 0x63, 0x66, 0x70, 0x31, 0x36, 0x5f, 0x52, 0x46, 0x52, 0x53, 0x51, 0x52, 0x54, 0x45, 0x20, 0x3c,
0x48, 0x64, 0x3e, 0x2c, 0x20, 0x3c, 0x48, 0x6e, 0x3e, 0x61, 0x72, 0x6d, 0x2d, 0x61, 0x36, 0x34, 0x40, 0x32, 0x30, 0x32, 0x36, 0x2d, 0x30, 0x36, 0x3a, 0x46, 0x52, 0x53, 0x51, 0x52, 0x54, 0x53,
0x5f, 0x61, 0x73, 0x69, 0x6d, 0x64, 0x73, 0x61, 0x6d, 0x65, 0x5f, 0x6f, 0x6e, 0x6c, 0x79, 0x46, 0x52, 0x53, 0x51, 0x52, 0x54, 0x53, 0x20, 0x3c, 0x56, 0x64, 0x3e, 0x2e, 0x3c, 0x54, 0x3e, 0x2c,
0x20, 0x3c, 0x56, 0x6e, 0x3e, 0x2e, 0x3c, 0x54, 0x3e, 0x2c, 0x20, 0x3c, 0x56, 0x6d, 0x3e, 0x2e, 0x3c, 0x54, 0x3e, 0x61, 0x72, 0x6d, 0x2d, 0x61, 0x36, 0x34, 0x40, 0x32, 0x30, 0x32, 0x36, 0x2d,
0x30, 0x36, 0x3a, 0x46, 0x52, 0x53, 0x51, 0x52, 0x54, 0x53, 0x5f, 0x61, 0x73, 0x69, 0x6d, 0x64, 0x73, 0x61, 0x6d, 0x65, 0x66, 0x70, 0x31, 0x36, 0x5f, 0x6f, 0x6e, 0x6c, 0x79, 0x61, 0x72, 0x6d,
0x2d, 0x61, 0x36, 0x34, 0x40, 0x32, 0x30, 0x32, 0x36, 0x2d, 0x30, 0x36, 0x3a, 0x46, 0x52, 0x53, 0x51, 0x52, 0x54, 0x53, 0x5f, 0x61, 0x73, 0x69, 0x73, 0x64, 0x73, 0x61, 0x6d, 0x65, 0x5f, 0x6f,
0x6e, 0x6c, 0x79, 0x46, 0x52, 0x53, 0x51, 0x52, 0x54, 0x53, 0x20, 0x3c, 0x56, 0x3e, 0x3c, 0x64, 0x3e, 0x2c, 0x20, 0x3c, 0x56, 0x3e, 0x3c, 0x6e, 0x3e, 0x2c, 0x20, 0x3c, 0x56, 0x3e, 0x3c, 0x6d,
0x3e, 0x61, 0x72, 0x6d, 0x2d, 0x61, 0x36, 0x34, 0x40, 0x32, 0x30, 0x32, 0x36, 0x2d, 0x30, 0x36, 0x3a, 0x46, 0x52, 0x53, 0x51, 0x52, 0x54, 0x53, 0x5f, 0x61, 0x73, 0x69, 0x73, 0x64, 0x73, 0x61,
0x6d, 0x65, 0x66, 0x70, 0x31, 0x36, 0x5f, 0x6f, 0x6e, 0x6c, 0x79, 0x46, 0x52, 0x53, 0x51, 0x52, 0x54, 0x53, 0x20, 0x3c, 0x48, 0x64, 0x3e, 0x2c, 0x20, 0x3c, 0x48, 0x6e, 0x3e, 0x2c, 0x20, 0x3c,
0x48, 0x6d, 0x3e, 0x61, 0x72, 0x6d, 0x2d, 0x61, 0x36, 0x34, 0x40, 0x32, 0x30, 0x32, 0x36, 0x2d, 0x30, 0x36, 0x3a, 0x46, 0x53, 0x51, 0x52, 0x54, 0x5f, 0x61, 0x73, 0x69, 0x6d, 0x64, 0x6d, 0x69,
0x73, 0x63, 0x5f, 0x52, 0x46, 0x53, 0x51, 0x52, 0x54, 0x20, 0x3c, 0x56, 0x64, 0x3e, 0x2e, 0x3c, 0x54, 0x3e, 0x2c, 0x20, 0x3c, 0x56, 0x6e, 0x3e, 0x2e, 0x3c, 0x54, 0x3e, 0x61, 0x72, 0x6d, 0x2d,
0x61, 0x36, 0x34, 0x40, 0x32, 0x30, 0x32, 0x36, 0x2d, 0x30, 0x36, 0x3a, 0x46, 0x53, 0x51, 0x52, 0x54, 0x5f, 0x61, 0x73, 0x69, 0x6d, 0x64, 0x6d, 0x69, 0x73, 0x63, 0x66, 0x70, 0x31, 0x36, 0x5f,
0x52, 0x61, 0x72, 0x6d, 0x2d, 0x61, 0x36, 0x34, 0x40, 0x32, 0x30, 0x32, 0x36, 0x2d, 0x30, 0x36, 0x3a, 0x46, 0x53, 0x55, 0x42, 0x5f, 0x61, 0x73, 0x69, 0x6d, 0x64, 0x73, 0x61, 0x6d, 0x65, 0x5f,
0x6f, 0x6e, 0x6c, 0x79, 0x46, 0x53, 0x55, 0x42, 0x20, 0x3c, 0x56, 0x64, 0x3e, 0x2e, 0x3c, 0x54, 0x3e, 0x2c, 0x20, 0x3c, 0x56, 0x6e, 0x3e, 0x2e, 0x3c, 0x54, 0x3e, 0x2c, 0x20, 0x3c, 0x56, 0x6d,
0x3e, 0x2e, 0x3c, 0x54, 0x3e, 0x61, 0x72, 0x6d, 0x2d, 0x61, 0x36, 0x34, 0x40, 0x32, 0x30, 0x32, 0x36, 0x2d, 0x30, 0x36, 0x3a, 0x46, 0x53, 0x55, 0x42, 0x5f, 0x61, 0x73, 0x69, 0x6d, 0x64, 0x73,
0x61, 0x6d, 0x65, 0x66, 0x70, 0x31, 0x36, 0x5f, 0x6f, 0x6e, 0x6c, 0x79, 0x61, 0x72, 0x6d, 0x2d, 0x61, 0x36, 0x34, 0x40, 0x32, 0x30, 0x32, 0x36, 0x2d, 0x30, 0x36, 0x3a, 0x4d, 0x4c, 0x41, 0x5f,
0x61, 0x73, 0x69, 0x6d, 0x64, 0x73, 0x61, 0x6d, 0x65, 0x5f, 0x6f, 0x6e, 0x6c, 0x79, 0x4d, 0x4c, 0x41, 0x20, 0x3c, 0x56, 0x64, 0x3e, 0x2e, 0x3c, 0x54, 0x3e, 0x2c, 0x20, 0x3c, 0x56, 0x6e, 0x3e,
0x2e, 0x3c, 0x54, 0x3e, 0x2c, 0x20, 0x3c, 0x56, 0x6d, 0x3e, 0x2e, 0x3c, 0x54, 0x3e, 0x61, 0x72, 0x6d, 0x2d, 0x61, 0x36, 0x34, 0x40, 0x32, 0x30, 0x32, 0x36, 0x2d, 0x30, 0x36, 0x3a, 0x4d, 0x4c,
0x53, 0x5f, 0x61, 0x73, 0x69, 0x6d, 0x64, 0x73, 0x61, 0x6d, 0x65, 0x5f, 0x6f, 0x6e, 0x6c, 0x79, 0x4d, 0x4c, 0x53, 0x20, 0x3c, 0x56, 0x64, 0x3e, 0x2e, 0x3c, 0x54, 0x3e, 0x2c, 0x20, 0x3c, 0x56,
0x6e, 0x3e, 0x2e, 0x3c, 0x54, 0x3e, 0x2c, 0x20, 0x3c, 0x56, 0x6d, 0x3e, 0x2e, 0x3c, 0x54, 0x3e, 0x61, 0x72, 0x6d, 0x2d, 0x61, 0x36, 0x34, 0x40, 0x32, 0x30, 0x32, 0x36, 0x2d, 0x30, 0x36, 0x3a,
0x4d, 0x55, 0x4c, 0x5f, 0x61, 0x73, 0x69, 0x6d, 0x64, 0x73, 0x61, 0x6d, 0x65, 0x5f, 0x6f, 0x6e, 0x6c, 0x79, 0x4d, 0x55, 0x4c, 0x20, 0x3c, 0x56, 0x64, 0x3e, 0x2e, 0x3c, 0x54, 0x3e, 0x2c, 0x20,
0x3c, 0x56, 0x6e, 0x3e, 0x2e, 0x3c, 0x54, 0x3e, 0x2c, 0x20, 0x3c, 0x56, 0x6d, 0x3e, 0x2e, 0x3c, 0x54, 0x3e, 0x61, 0x72, 0x6d, 0x2d, 0x61, 0x36, 0x34, 0x40, 0x32, 0x30, 0x32, 0x36, 0x2d, 0x30,
0x36, 0x3a, 0x4e, 0x45, 0x47, 0x5f, 0x61, 0x73, 0x69, 0x6d, 0x64, 0x6d, 0x69, 0x73, 0x63, 0x5f, 0x52, 0x4e, 0x45, 0x47, 0x20, 0x3c, 0x56, 0x64, 0x3e, 0x2e, 0x3c, 0x54, 0x3e, 0x2c, 0x20, 0x3c,
0x56, 0x6e, 0x3e, 0x2e, 0x3c, 0x54, 0x3e, 0x61, 0x72, 0x6d, 0x2d, 0x61, 0x36, 0x34, 0x40, 0x32, 0x30, 0x32, 0x36, 0x2d, 0x30, 0x36, 0x3a, 0x4e, 0x45, 0x47, 0x5f, 0x61, 0x73, 0x69, 0x73, 0x64,
0x6d, 0x69, 0x73, 0x63, 0x5f, 0x52, 0x4e, 0x45, 0x47, 0x20, 0x44, 0x3c, 0x64, 0x3e, 0x2c, 0x20, 0x44, 0x3c, 0x6e, 0x3e, 0x61, 0x72, 0x6d, 0x2d, 0x61, 0x36, 0x34, 0x40, 0x32, 0x30, 0x32, 0x36,
0x2d, 0x30, 0x36, 0x3a, 0x4e, 0x4f, 0x54, 0x5f, 0x61, 0x73, 0x69, 0x6d, 0x64, 0x6d, 0x69, 0x73, 0x63, 0x5f, 0x52, 0x4e, 0x4f, 0x54, 0x20, 0x3c, 0x56, 0x64, 0x3e, 0x2e, 0x3c, 0x54, 0x3e, 0x2c,
0x20, 0x3c, 0x56, 0x6e, 0x3e, 0x2e, 0x3c, 0x54, 0x3e, 0x61, 0x72, 0x6d, 0x2d, 0x61, 0x36, 0x34, 0x40, 0x32, 0x30, 0x32, 0x36, 0x2d, 0x30, 0x36, 0x3a, 0x4f, 0x52, 0x4e, 0x5f, 0x61, 0x73, 0x69,
0x6d, 0x64, 0x73, 0x61, 0x6d, 0x65, 0x5f, 0x6f, 0x6e, 0x6c, 0x79, 0x4f, 0x52, 0x4e, 0x20, 0x3c, 0x56, 0x64, 0x3e, 0x2e, 0x3c, 0x54, 0x3e, 0x2c, 0x20, 0x3c, 0x56, 0x6e, 0x3e, 0x2e, 0x3c, 0x54,
0x3e, 0x2c, 0x20, 0x3c, 0x56, 0x6d, 0x3e, 0x2e, 0x3c, 0x54, 0x3e, 0x61, 0x72, 0x6d, 0x2d, 0x61, 0x36, 0x34, 0x40, 0x32, 0x30, 0x32, 0x36, 0x2d, 0x30, 0x36, 0x3a, 0x4f, 0x52, 0x52, 0x5f, 0x61,
0x73, 0x69, 0x6d, 0x64, 0x73, 0x61, 0x6d, 0x65, 0x5f, 0x6f, 0x6e, 0x6c, 0x79, 0x4f, 0x52, 0x52, 0x20, 0x3c, 0x56, 0x64, 0x3e, 0x2e, 0x3c, 0x54, 0x3e, 0x2c, 0x20, 0x3c, 0x56, 0x6e, 0x3e, 0x2e,
0x3c, 0x54, 0x3e, 0x2c, 0x20, 0x3c, 0x56, 0x6d, 0x3e, 0x2e, 0x3c, 0x54, 0x3e, 0x61, 0x72, 0x6d, 0x2d, 0x61, 0x36, 0x34, 0x40, 0x32, 0x30, 0x32, 0x36, 0x2d, 0x30, 0x36, 0x3a, 0x50, 0x4d, 0x55,
0x4c, 0x5f, 0x61, 0x73, 0x69, 0x6d, 0x64, 0x73, 0x61, 0x6d, 0x65, 0x5f, 0x6f, 0x6e, 0x6c, 0x79, 0x50, 0x4d, 0x55, 0x4c, 0x20, 0x3c, 0x56, 0x64, 0x3e, 0x2e, 0x3c, 0x54, 0x3e, 0x2c, 0x20, 0x3c,
0x56, 0x6e, 0x3e, 0x2e, 0x3c, 0x54, 0x3e, 0x2c, 0x20, 0x3c, 0x56, 0x6d, 0x3e, 0x2e, 0x3c, 0x54, 0x3e, 0x61, 0x72, 0x6d, 0x2d, 0x61, 0x36, 0x34, 0x40, 0x32, 0x30, 0x32, 0x36, 0x2d, 0x30, 0x36,
0x3a, 0x52, 0x41, 0x58, 0x31, 0x5f, 0x56, 0x56, 0x56, 0x32, 0x5f, 0x63, 0x72, 0x79, 0x70, 0x74, 0x6f, 0x73, 0x68, 0x61, 0x35, 0x31, 0x32, 0x5f, 0x33, 0x52, 0x41, 0x58, 0x31, 0x20, 0x3c, 0x56,
0x64, 0x3e, 0x2e, 0x32, 0x44, 0x2c, 0x20, 0x3c, 0x56, 0x6e, 0x3e, 0x2e, 0x32, 0x44, 0x2c, 0x20, 0x3c, 0x56, 0x6d, 0x3e, 0x2e, 0x32, 0x44, 0x61, 0x72, 0x6d, 0x2d, 0x61, 0x36, 0x34, 0x40, 0x32,
0x30, 0x32, 0x36, 0x2d, 0x30, 0x36, 0x3a, 0x52, 0x42, 0x49, 0x54, 0x5f, 0x61, 0x73, 0x69, 0x6d, 0x64, 0x6d, 0x69, 0x73, 0x63, 0x5f, 0x52, 0x52, 0x42, 0x49, 0x54, 0x20, 0x3c, 0x56, 0x64, 0x3e,
0x2e, 0x3c, 0x54, 0x3e, 0x2c, 0x20, 0x3c, 0x56, 0x6e, 0x3e, 0x2e, 0x3c, 0x54, 0x3e, 0x61, 0x72, 0x6d, 0x2d, 0x61, 0x36, 0x34, 0x40, 0x32, 0x30, 0x32, 0x36, 0x2d, 0x30, 0x36, 0x3a, 0x52, 0x45,
0x56, 0x31, 0x36, 0x5f, 0x61, 0x73, 0x69, 0x6d, 0x64, 0x6d, 0x69, 0x73, 0x63, 0x5f, 0x52, 0x52, 0x45, 0x56, 0x31, 0x36, 0x20, 0x3c, 0x56, 0x64, 0x3e, 0x2e, 0x3c, 0x54, 0x3e, 0x2c, 0x20, 0x3c,
0x56, 0x6e, 0x3e, 0x2e, 0x3c, 0x54, 0x3e, 0x61, 0x72, 0x6d, 0x2d, 0x61, 0x36, 0x34, 0x40, 0x32, 0x30, 0x32, 0x36, 0x2d, 0x30, 0x36, 0x3a, 0x52, 0x45, 0x56, 0x33, 0x32, 0x5f, 0x61, 0x73, 0x69,
0x6d, 0x64, 0x6d, 0x69, 0x73, 0x63, 0x5f, 0x52, 0x52, 0x45, 0x56, 0x33, 0x32, 0x20, 0x3c, 0x56, 0x64, 0x3e, 0x2e, 0x3c, 0x54, 0x3e, 0x2c, 0x20, 0x3c, 0x56, 0x6e, 0x3e, 0x2e, 0x3c, 0x54, 0x3e,
0x61, 0x72, 0x6d, 0x2d, 0x61, 0x36, 0x34, 0x40, 0x32, 0x30, 0x32, 0x36, 0x2d, 0x30, 0x36, 0x3a, 0x52, 0x45, 0x56, 0x36, 0x34, 0x5f, 0x61, 0x73, 0x69, 0x6d, 0x64, 0x6d, 0x69, 0x73, 0x63, 0x5f,
0x52, 0x52, 0x45, 0x56, 0x36, 0x34, 0x20, 0x3c, 0x56, 0x64, 0x3e, 0x2e, 0x3c, 0x54, 0x3e, 0x2c, 0x20, 0x3c, 0x56, 0x6e, 0x3e, 0x2e, 0x3c, 0x54, 0x3e, 0x61, 0x72, 0x6d, 0x2d, 0x61, 0x36, 0x34,
0x40, 0x32, 0x30, 0x32, 0x36, 0x2d, 0x30, 0x36, 0x3a, 0x53, 0x41, 0x42, 0x41, 0x5f, 0x61, 0x73, 0x69, 0x6d, 0x64, 0x73, 0x61, 0x6d, 0x65, 0x5f, 0x6f, 0x6e, 0x6c, 0x79, 0x53, 0x41, 0x42, 0x41,
0x20, 0x3c, 0x56, 0x64, 0x3e, 0x2e, 0x3c, 0x54, 0x3e, 0x2c, 0x20, 0x3c, 0x56, 0x6e, 0x3e, 0x2e, 0x3c, 0x54, 0x3e, 0x2c, 0x20, 0x3c, 0x56, 0x6d, 0x3e, 0x2e, 0x3c, 0x54, 0x3e, 0x61, 0x72, 0x6d,
0x2d, 0x61, 0x36, 0x34, 0x40, 0x32, 0x30, 0x32, 0x36, 0x2d, 0x30, 0x36, 0x3a, 0x53, 0x41, 0x42, 0x44, 0x5f, 0x61, 0x73, 0x69, 0x6d, 0x64, 0x73, 0x61, 0x6d, 0x65, 0x5f, 0x6f, 0x6e, 0x6c, 0x79,
0x53, 0x41, 0x42, 0x44, 0x20, 0x3c, 0x56, 0x64, 0x3e, 0x2e, 0x3c, 0x54, 0x3e, 0x2c, 0x20, 0x3c, 0x56, 0x6e, 0x3e, 0x2e, 0x3c, 0x54, 0x3e, 0x2c, 0x20, 0x3c, 0x56, 0x6d, 0x3e, 0x2e, 0x3c, 0x54,
0x3e, 0x61, 0x72, 0x6d, 0x2d, 0x61, 0x36, 0x34, 0x40, 0x32, 0x30, 0x32, 0x36, 0x2d, 0x30, 0x36, 0x3a, 0x53, 0x41, 0x44, 0x41, 0x4c, 0x50, 0x5f, 0x61, 0x73, 0x69, 0x6d, 0x64, 0x6d, 0x69, 0x73,
0x63, 0x5f, 0x50, 0x53, 0x41, 0x44, 0x41, 0x4c, 0x50, 0x20, 0x3c, 0x56, 0x64, 0x3e, 0x2e, 0x3c, 0x54, 0x61, 0x3e, 0x2c, 0x20, 0x3c, 0x56, 0x6e, 0x3e, 0x2e, 0x3c, 0x54, 0x62, 0x3e, 0x61, 0x72,
0x6d, 0x2d, 0x61, 0x36, 0x34, 0x40, 0x32, 0x30, 0x32, 0x36, 0x2d, 0x30, 0x36, 0x3a, 0x53, 0x41, 0x44, 0x44, 0x4c, 0x50, 0x5f, 0x61, 0x73, 0x69, 0x6d, 0x64, 0x6d, 0x69, 0x73, 0x63, 0x5f, 0x50,
0x53, 0x41, 0x44, 0x44, 0x4c, 0x50, 0x20, 0x3c, 0x56, 0x64, 0x3e, 0x2e, 0x3c, 0x54, 0x61, 0x3e, 0x2c, 0x20, 0x3c, 0x56, 0x6e, 0x3e, 0x2e, 0x3c, 0x54, 0x62, 0x3e, 0x61, 0x72, 0x6d, 0x2d, 0x61,
0x36, 0x34, 0x40, 0x32, 0x30, 0x32, 0x36, 0x2d, 0x30, 0x36, 0x3a, 0x53, 0x41, 0x44, 0x44, 0x4c, 0x56, 0x5f, 0x61, 0x73, 0x69, 0x6d, 0x64, 0x61, 0x6c, 0x6c, 0x5f, 0x6f, 0x6e, 0x6c, 0x79, 0x53,
0x41, 0x44, 0x44, 0x4c, 0x56, 0x20, 0x3c, 0x56, 0x3e, 0x3c, 0x64, 0x3e, 0x2c, 0x20, 0x3c, 0x56, 0x6e, 0x3e, 0x2e, 0x3c, 0x54, 0x3e, 0x61, 0x72, 0x6d, 0x2d, 0x61, 0x36, 0x34, 0x40, 0x32, 0x30,
0x32, 0x36, 0x2d, 0x30, 0x36, 0x3a, 0x53, 0x43, 0x56, 0x54, 0x46, 0x5f, 0x61, 0x73, 0x69, 0x6d, 0x64, 0x6d, 0x69, 0x73, 0x63, 0x5f, 0x52, 0x53, 0x43, 0x56, 0x54, 0x46, 0x20, 0x3c, 0x56, 0x64,
0x3e, 0x2e, 0x3c, 0x54, 0x3e, 0x2c, 0x20, 0x3c, 0x56, 0x6e, 0x3e, 0x2e, 0x3c, 0x54, 0x3e, 0x61, 0x72, 0x6d, 0x2d, 0x61, 0x36, 0x34, 0x40, 0x32, 0x30, 0x32, 0x36, 0x2d, 0x30, 0x36, 0x3a, 0x53,
0x43, 0x56, 0x54, 0x46, 0x5f, 0x61, 0x73, 0x69, 0x6d, 0x64, 0x6d, 0x69, 0x73, 0x63, 0x66, 0x70, 0x31, 0x36, 0x5f, 0x52, 0x61, 0x72, 0x6d, 0x2d, 0x61, 0x36, 0x34, 0x40, 0x32, 0x30, 0x32, 0x36,
0x2d, 0x30, 0x36, 0x3a, 0x53, 0x43, 0x56, 0x54, 0x46, 0x5f, 0x61, 0x73, 0x69, 0x73, 0x64, 0x6d, 0x69, 0x73, 0x63, 0x5f, 0x52, 0x53, 0x43, 0x56, 0x54, 0x46, 0x20, 0x3c, 0x56, 0x3e, 0x3c, 0x64,
0x3e, 0x2c, 0x20, 0x3c, 0x56, 0x3e, 0x3c, 0x6e, 0x3e, 0x61, 0x72, 0x6d, 0x2d, 0x61, 0x36, 0x34, 0x40, 0x32, 0x30, 0x32, 0x36, 0x2d, 0x30, 0x36, 0x3a, 0x53, 0x43, 0x56, 0x54, 0x46, 0x5f, 0x61,
0x73, 0x69, 0x73, 0x64, 0x6d, 0x69, 0x73, 0x63, 0x66, 0x70, 0x31, 0x36, 0x5f, 0x52, 0x53, 0x43, 0x56, 0x54, 0x46, 0x20, 0x3c, 0x48, 0x64, 0x3e, 0x2c, 0x20, 0x3c, 0x48, 0x6e, 0x3e, 0x61, 0x72,
0x6d, 0x2d, 0x61, 0x36, 0x34, 0x40, 0x32, 0x30, 0x32, 0x36, 0x2d, 0x30, 0x36, 0x3a, 0x53, 0x44, 0x4f, 0x54, 0x5f, 0x61, 0x73, 0x69, 0x6d, 0x64, 0x73, 0x61, 0x6d, 0x65, 0x32, 0x5f, 0x44, 0x53,
0x44, 0x4f, 0x54, 0x20, 0x3c, 0x56, 0x64, 0x3e, 0x2e, 0x3c, 0x54, 0x61, 0x3e, 0x2c, 0x20, 0x3c, 0x56, 0x6e, 0x3e, 0x2e, 0x3c, 0x54, 0x62, 0x3e, 0x2c, 0x20, 0x3c, 0x56, 0x6d, 0x3e, 0x2e, 0x3c,
0x54, 0x62, 0x3e, 0x61, 0x72, 0x6d, 0x2d, 0x61, 0x36, 0x34, 0x40, 0x32, 0x30, 0x32, 0x36, 0x2d, 0x30, 0x36, 0x3a, 0x53, 0x48, 0x41, 0x31, 0x43, 0x5f, 0x51, 0x53, 0x56, 0x5f, 0x63, 0x72, 0x79,
0x70, 0x74, 0x6f, 0x73, 0x68, 0x61, 0x33, 0x53, 0x48, 0x41, 0x31, 0x43, 0x20, 0x3c, 0x51, 0x64, 0x3e, 0x2c, 0x20, 0x3c, 0x53, 0x6e, 0x3e, 0x2c, 0x20, 0x3c, 0x56, 0x6d, 0x3e, 0x2e, 0x34, 0x53,
0x61, 0x72, 0x6d, 0x2d, 0x61, 0x36, 0x34, 0x40, 0x32, 0x30, 0x32, 0x36, 0x2d, 0x30, 0x36, 0x3a, 0x53, 0x48, 0x41, 0x31, 0x48, 0x5f, 0x53, 0x53, 0x5f, 0x63, 0x72, 0x79, 0x70, 0x74, 0x6f, 0x73,
0x68, 0x61, 0x32, 0x53, 0x48, 0x41, 0x31, 0x48, 0x20, 0x3c, 0x53, 0x64, 0x3e, 0x2c, 0x20, 0x3c, 0x53, 0x6e, 0x3e, 0x61, 0x72, 0x6d, 0x2d, 0x61, 0x36, 0x34, 0x40, 0x32, 0x30, 0x32, 0x36, 0x2d,
0x30, 0x36, 0x3a, 0x53, 0x48, 0x41, 0x31, 0x4d, 0x5f, 0x51, 0x53, 0x56, 0x5f, 0x63, 0x72, 0x79, 0x70, 0x74, 0x6f, 0x73, 0x68, 0x61, 0x33, 0x53, 0x48, 0x41, 0x31, 0x4d, 0x20, 0x3c, 0x51, 0x64,
0x3e, 0x2c, 0x20, 0x3c, 0x53, 0x6e, 0x3e, 0x2c, 0x20, 0x3c, 0x56, 0x6d, 0x3e, 0x2e, 0x34, 0x53, 0x61, 0x72, 0x6d, 0x2d, 0x61, 0x36, 0x34, 0x40, 0x32, 0x30, 0x32, 0x36, 0x2d, 0x30, 0x36, 0x3a,
0x53, 0x48, 0x41, 0x31, 0x50, 0x5f, 0x51, 0x53, 0x56, 0x5f, 0x63, 0x72, 0x79, 0x70, 0x74, 0x6f, 0x73, 0x68, 0x61, 0x33, 0x53, 0x48, 0x41, 0x31, 0x50, 0x20, 0x3c, 0x51, 0x64, 0x3e, 0x2c, 0x20,
0x3c, 0x53, 0x6e, 0x3e, 0x2c, 0x20, 0x3c, 0x56, 0x6d, 0x3e, 0x2e, 0x34, 0x53, 0x61, 0x72, 0x6d, 0x2d, 0x61, 0x36, 0x34, 0x40, 0x32, 0x30, 0x32, 0x36, 0x2d, 0x30, 0x36, 0x3a, 0x53, 0x48, 0x41,
0x31, 0x53, 0x55, 0x30, 0x5f, 0x56, 0x56, 0x56, 0x5f, 0x63, 0x72, 0x79, 0x70, 0x74, 0x6f, 0x73, 0x68, 0x61, 0x33, 0x53, 0x48, 0x41, 0x31, 0x53, 0x55, 0x30, 0x20, 0x3c, 0x56, 0x64, 0x3e, 0x2e,
0x34, 0x53, 0x2c, 0x20, 0x3c, 0x56, 0x6e, 0x3e, 0x2e, 0x34, 0x53, 0x2c, 0x20, 0x3c, 0x56, 0x6d, 0x3e, 0x2e, 0x34, 0x53, 0x61, 0x72, 0x6d, 0x2d, 0x61, 0x36, 0x34, 0x40, 0x32, 0x30, 0x32, 0x36,
0x2d, 0x30, 0x36, 0x3a, 0x53, 0x48, 0x41, 0x31, 0x53, 0x55, 0x31, 0x5f, 0x56, 0x56, 0x5f, 0x63, 0x72, 0x79, 0x70, 0x74, 0x6f, 0x73, 0x68, 0x61, 0x32, 0x53, 0x48, 0x41, 0x31, 0x53, 0x55, 0x31,
0x20, 0x3c, 0x56, 0x64, 0x3e, 0x2e, 0x34, 0x53, 0x2c, 0x20, 0x3c, 0x56, 0x6e, 0x3e, 0x2e, 0x34, 0x53, 0x61, 0x72, 0x6d, 0x2d, 0x61, 0x36, 0x34, 0x40, 0x32, 0x30, 0x32, 0x36, 0x2d, 0x30, 0x36,
0x3a, 0x53, 0x48, 0x41, 0x32, 0x35, 0x36, 0x48, 0x32, 0x5f, 0x51, 0x51, 0x56, 0x5f, 0x63, 0x72, 0x79, 0x70, 0x74, 0x6f, 0x73, 0x68, 0x61, 0x33, 0x53, 0x48, 0x41, 0x32, 0x35, 0x36, 0x48, 0x32,
0x20, 0x3c, 0x51, 0x64, 0x3e, 0x2c, 0x20, 0x3c, 0x51, 0x6e, 0x3e, 0x2c, 0x20, 0x3c, 0x56, 0x6d, 0x3e, 0x2e, 0x34, 0x53, 0x61, 0x72, 0x6d, 0x2d, 0x61, 0x36, 0x34, 0x40, 0x32, 0x30, 0x32, 0x36,
0x2d, 0x30, 0x36, 0x3a, 0x53, 0x48, 0x41, 0x32, 0x35, 0x36, 0x48, 0x5f, 0x51, 0x51, 0x56, 0x5f, 0x63, 0x72, 0x79, 0x70, 0x74, 0x6f, 0x73, 0x68, 0x61, 0x33, 0x53, 0x48, 0x41, 0x32, 0x35, 0x36,
0x48, 0x20, 0x3c, 0x51, 0x64, 0x3e, 0x2c, 0x20, 0x3c, 0x51, 0x6e, 0x3e, 0x2c, 0x20, 0x3c, 0x56, 0x6d, 0x3e, 0x2e, 0x34, 0x53, 0x61, 0x72, 0x6d, 0x2d, 0x61, 0x36, 0x34, 0x40, 0x32, 0x30, 0x32,
0x36, 0x2d, 0x30, 0x36, 0x3a, 0x53, 0x48, 0x41, 0x32, 0x35, 0x36, 0x53, 0x55, 0x30, 0x5f, 0x56, 0x56, 0x5f, 0x63, 0x72, 0x79, 0x70, 0x74, 0x6f, 0x73, 0x68, 0x61, 0x32, 0x53, 0x48, 0x41, 0x32,
0x35, 0x36, 0x53, 0x55, 0x30, 0x20, 0x3c, 0x56, 0x64, 0x3e, 0x2e, 0x34, 0x53, 0x2c, 0x20, 0x3c, 0x56, 0x6e, 0x3e, 0x2e, 0x34, 0x53, 0x61, 0x72, 0x6d, 0x2d, 0x61, 0x36, 0x34, 0x40, 0x32, 0x30,
0x32, 0x36, 0x2d, 0x30, 0x36, 0x3a, 0x53, 0x48, 0x41, 0x32, 0x35, 0x36, 0x53, 0x55, 0x31, 0x5f, 0x56, 0x56, 0x56, 0x5f, 0x63, 0x72, 0x79, 0x70, 0x74, 0x6f, 0x73, 0x68, 0x61, 0x33, 0x53, 0x48,
0x41, 0x32, 0x35, 0x36, 0x53, 0x55, 0x31, 0x20, 0x3c, 0x56, 0x64, 0x3e, 0x2e, 0x34, 0x53, 0x2c, 0x20, 0x3c, 0x56, 0x6e, 0x3e, 0x2e, 0x34, 0x53, 0x2c, 0x20, 0x3c, 0x56, 0x6d, 0x3e, 0x2e, 0x34,
0x53, 0x61, 0x72, 0x6d, 0x2d, 0x61, 0x36, 0x34, 0x40, 0x32, 0x30, 0x32, 0x36, 0x2d, 0x30, 0x36, 0x3a, 0x53, 0x48, 0x41, 0x35, 0x31, 0x32, 0x48, 0x32, 0x5f, 0x51, 0x51, 0x56, 0x5f, 0x63, 0x72,
0x79, 0x70, 0x74, 0x6f, 0x73, 0x68, 0x61, 0x35, 0x31, 0x32, 0x5f, 0x33, 0x53, 0x48, 0x41, 0x35, 0x31, 0x32, 0x48, 0x32, 0x20, 0x3c, 0x51, 0x64, 0x3e, 0x2c, 0x20, 0x3c, 0x51, 0x6e, 0x3e, 0x2c,
0x20, 0x3c, 0x56, 0x6d, 0x3e, 0x2e, 0x32, 0x44, 0x61, 0x72, 0x6d, 0x2d, 0x61, 0x36, 0x34, 0x40, 0x32, 0x30, 0x32, 0x36, 0x2d, 0x30, 0x36, 0x3a, 0x53, 0x48, 0x41, 0x35, 0x31, 0x32, 0x48, 0x5f,
0x51, 0x51, 0x56, 0x5f, 0x63, 0x72, 0x79, 0x70, 0x74, 0x6f, 0x73, 0x68, 0x61, 0x35, 0x31, 0x32, 0x5f, 0x33, 0x53, 0x48, 0x41, 0x35, 0x31, 0x32, 0x48, 0x20, 0x3c, 0x51, 0x64, 0x3e, 0x2c, 0x20,
0x3c, 0x51, 0x6e, 0x3e, 0x2c, 0x20, 0x3c, 0x56, 0x6d, 0x3e, 0x2e, 0x32, 0x44, 0x61, 0x72, 0x6d, 0x2d, 0x61, 0x36, 0x34, 0x40, 0x32, 0x30, 0x32, 0x36, 0x2d, 0x30, 0x36, 0x3a, 0x53, 0x48, 0x41,
0x35, 0x31, 0x32, 0x53, 0x55, 0x30, 0x5f, 0x56, 0x56, 0x32, 0x5f, 0x63, 0x72, 0x79, 0x70, 0x74, 0x6f, 0x73, 0x68, 0x61, 0x35, 0x31, 0x32, 0x5f, 0x32, 0x53, 0x48, 0x41, 0x35, 0x31, 0x32, 0x53,
0x55, 0x30, 0x20, 0x3c, 0x56, 0x64, 0x3e, 0x2e, 0x32, 0x44, 0x2c, 0x20, 0x3c, 0x56, 0x6e, 0x3e, 0x2e, 0x32, 0x44, 0x61, 0x72, 0x6d, 0x2d, 0x61, 0x36, 0x34, 0x40, 0x32, 0x30, 0x32, 0x36, 0x2d,
0x30, 0x36, 0x3a, 0x53, 0x48, 0x41, 0x35, 0x31, 0x32, 0x53, 0x55, 0x31, 0x5f, 0x56, 0x56, 0x56, 0x32, 0x5f, 0x63, 0x72, 0x79, 0x70, 0x74, 0x6f, 0x73, 0x68, 0x61, 0x35, 0x31, 0x32, 0x5f, 0x33,
0x53, 0x48, 0x41, 0x35, 0x31, 0x32, 0x53, 0x55, 0x31, 0x20, 0x3c, 0x56, 0x64, 0x3e, 0x2e, 0x32, 0x44, 0x2c, 0x20, 0x3c, 0x56, 0x6e, 0x3e, 0x2e, 0x32, 0x44, 0x2c, 0x20, 0x3c, 0x56, 0x6d, 0x3e,
0x2e, 0x32, 0x44, 0x61, 0x72, 0x6d, 0x2d, 0x61, 0x36, 0x34, 0x40, 0x32, 0x30, 0x32, 0x36, 0x2d, 0x30, 0x36, 0x3a, 0x53, 0x48, 0x41, 0x44, 0x44, 0x5f, 0x61, 0x73, 0x69, 0x6d, 0x64, 0x73, 0x61,
0x6d, 0x65, 0x5f, 0x6f, 0x6e, 0x6c, 0x79, 0x53, 0x48, 0x41, 0x44, 0x44, 0x20, 0x3c, 0x56, 0x64, 0x3e, 0x2e, 0x3c, 0x54, 0x3e, 0x2c, 0x20, 0x3c, 0x56, 0x6e, 0x3e, 0x2e, 0x3c, 0x54, 0x3e, 0x2c,
0x20, 0x3c, 0x56, 0x6d, 0x3e, 0x2e, 0x3c, 0x54, 0x3e, 0x61, 0x72, 0x6d, 0x2d, 0x61, 0x36, 0x34, 0x40, 0x32, 0x30, 0x32, 0x36, 0x2d, 0x30, 0x36, 0x3a, 0x53, 0x48, 0x53, 0x55, 0x42, 0x5f, 0x61,
0x73, 0x69, 0x6d, 0x64, 0x73, 0x61, 0x6d, 0x65, 0x5f, 0x6f, 0x6e, 0x6c, 0x79, 0x53, 0x48, 0x53, 0x55, 0x42, 0x20, 0x3c, 0x56, 0x64, 0x3e, 0x2e, 0x3c, 0x54, 0x3e, 0x2c, 0x20, 0x3c, 0x56, 0x6e,
0x3e, 0x2e, 0x3c, 0x54, 0x3e, 0x2c, 0x20, 0x3c, 0x56, 0x6d, 0x3e, 0x2e, 0x3c, 0x54, 0x3e, 0x61, 0x72, 0x6d, 0x2d, 0x61, 0x36, 0x34, 0x40, 0x32, 0x30, 0x32, 0x36, 0x2d, 0x30, 0x36, 0x3a, 0x53,
0x4d, 0x41, 0x58, 0x50, 0x5f, 0x61, 0x73, 0x69, 0x6d, 0x64, 0x73, 0x61, 0x6d, 0x65, 0x5f, 0x6f, 0x6e, 0x6c, 0x79, 0x53, 0x4d, 0x41, 0x58, 0x50, 0x20, 0x3c, 0x56, 0x64, 0x3e, 0x2e, 0x3c, 0x54,
0x3e, 0x2c, 0x20, 0x3c, 0x56, 0x6e, 0x3e, 0x2e, 0x3c, 0x54, 0x3e, 0x2c, 0x20, 0x3c, 0x56, 0x6d, 0x3e, 0x2e, 0x3c, 0x54, 0x3e, 0x61, 0x72, 0x6d, 0x2d, 0x61, 0x36, 0x34, 0x40, 0x32, 0x30, 0x32,
0x36, 0x2d, 0x30, 0x36, 0x3a, 0x53, 0x4d, 0x41, 0x58, 0x56, 0x5f, 0x61, 0x73, 0x69, 0x6d, 0x64, 0x61, 0x6c, 0x6c, 0x5f, 0x6f, 0x6e, 0x6c, 0x79, 0x53, 0x4d, 0x41, 0x58, 0x56, 0x20, 0x3c, 0x56,
0x3e, 0x3c, 0x64, 0x3e, 0x2c, 0x20, 0x3c, 0x56, 0x6e, 0x3e, 0x2e, 0x3c, 0x54, 0x3e, 0x61, 0x72, 0x6d, 0x2d, 0x61, 0x36, 0x34, 0x40, 0x32, 0x30, 0x32, 0x36, 0x2d, 0x30, 0x36, 0x3a, 0x53, 0x4d,
0x41, 0x58, 0x5f, 0x61, 0x73, 0x69, 0x6d, 0x64, 0x73, 0x61, 0x6d, 0x65, 0x5f, 0x6f, 0x6e, 0x6c, 0x79, 0x53, 0x4d, 0x41, 0x58, 0x20, 0x3c, 0x56, 0x64, 0x3e, 0x2e, 0x3c, 0x54, 0x3e, 0x2c, 0x20,
0x3c, 0x56, 0x6e, 0x3e, 0x2e, 0x3c, 0x54, 0x3e, 0x2c, 0x20, 0x3c, 0x56, 0x6d, 0x3e, 0x2e, 0x3c, 0x54, 0x3e, 0x61, 0x72, 0x6d, 0x2d, 0x61, 0x36, 0x34, 0x40, 0x32, 0x30, 0x32, 0x36, 0x2d, 0x30,
0x36, 0x3a, 0x53, 0x4d, 0x49, 0x4e, 0x50, 0x5f, 0x61, 0x73, 0x69, 0x6d, 0x64, 0x73, 0x61, 0x6d, 0x65, 0x5f, 0x6f, 0x6e, 0x6c, 0x79, 0x53, 0x4d, 0x49, 0x4e, 0x50, 0x20, 0x3c, 0x56, 0x64, 0x3e,
0x2e, 0x3c, 0x54, 0x3e, 0x2c, 0x20, 0x3c, 0x56, 0x6e, 0x3e, 0x2e, 0x3c, 0x54, 0x3e, 0x2c, 0x20, 0x3c, 0x56, 0x6d, 0x3e, 0x2e, 0x3c, 0x54, 0x3e, 0x61, 0x72, 0x6d, 0x2d, 0x61, 0x36, 0x34, 0x40,
0x32, 0x30, 0x32, 0x36, 0x2d, 0x30, 0x36, 0x3a, 0x53, 0x4d, 0x49, 0x4e, 0x56, 0x5f, 0x61, 0x73, 0x69, 0x6d, 0x64, 0x61, 0x6c, 0x6c, 0x5f, 0x6f, 0x6e, 0x6c, 0x79, 0x53, 0x4d, 0x49, 0x4e, 0x56,
0x20, 0x3c, 0x56, 0x3e, 0x3c, 0x64, 0x3e, 0x2c, 0x20, 0x3c, 0x56, 0x6e, 0x3e, 0x2e, 0x3c, 0x54, 0x3e, 0x61, 0x72, 0x6d, 0x2d, 0x61, 0x36, 0x34, 0x40, 0x32, 0x30, 0x32, 0x36, 0x2d, 0x30, 0x36,
0x3a, 0x53, 0x4d, 0x49, 0x4e, 0x5f, 0x61, 0x73, 0x69, 0x6d, 0x64, 0x73, 0x61, 0x6d, 0x65, 0x5f, 0x6f, 0x6e, 0x6c, 0x79, 0x53, 0x4d, 0x49, 0x4e, 0x20, 0x3c, 0x56, 0x64, 0x3e, 0x2e, 0x3c, 0x54,
0x3e, 0x2c, 0x20, 0x3c, 0x56, 0x6e, 0x3e, 0x2e, 0x3c, 0x54, 0x3e, 0x2c, 0x20, 0x3c, 0x56, 0x6d, 0x3e, 0x2e, 0x3c, 0x54, 0x3e, 0x61, 0x72, 0x6d, 0x2d, 0x61, 0x36, 0x34, 0x40, 0x32, 0x30, 0x32,
0x36, 0x2d, 0x30, 0x36, 0x3a, 0x53, 0x51, 0x41, 0x42, 0x53, 0x5f, 0x61, 0x73, 0x69, 0x6d, 0x64, 0x6d, 0x69, 0x73, 0x63, 0x5f, 0x52, 0x53, 0x51, 0x41, 0x42, 0x53, 0x20, 0x3c, 0x56, 0x64, 0x3e,
0x2e, 0x3c, 0x54, 0x3e, 0x2c, 0x20, 0x3c, 0x56, 0x6e, 0x3e, 0x2e, 0x3c, 0x54, 0x3e, 0x61, 0x72, 0x6d, 0x2d, 0x61, 0x36, 0x34, 0x40, 0x32, 0x30, 0x32, 0x36, 0x2d, 0x30, 0x36, 0x3a, 0x53, 0x51,
0x41, 0x42, 0x53, 0x5f, 0x61, 0x73, 0x69, 0x73, 0x64, 0x6d, 0x69, 0x73, 0x63, 0x5f, 0x52, 0x53, 0x51, 0x41, 0x42, 0x53, 0x20, 0x3c, 0x56, 0x3e, 0x3c, 0x64, 0x3e, 0x2c, 0x20, 0x3c, 0x56, 0x3e,
0x3c, 0x6e, 0x3e, 0x61, 0x72, 0x6d, 0x2d, 0x61, 0x36, 0x34, 0x40, 0x32, 0x30, 0x32, 0x36, 0x2d, 0x30, 0x36, 0x3a, 0x53, 0x51, 0x41, 0x44, 0x44, 0x5f, 0x61, 0x73, 0x69, 0x6d, 0x64, 0x73, 0x61,
0x6d, 0x65, 0x5f, 0x6f, 0x6e, 0x6c, 0x79, 0x53, 0x51, 0x41, 0x44, 0x44, 0x20, 0x3c, 0x56, 0x64, 0x3e, 0x2e, 0x3c, 0x54, 0x3e, 0x2c, 0x20, 0x3c, 0x56, 0x6e, 0x3e, 0x2e, 0x3c, 0x54, 0x3e, 0x2c,
0x20, 0x3c, 0x56, 0x6d, 0x3e, 0x2e, 0x3c, 0x54, 0x3e, 0x61, 0x72, 0x6d, 0x2d, 0x61, 0x36, 0x34, 0x40, 0x32, 0x30, 0x32, 0x36, 0x2d, 0x30, 0x36, 0x3a, 0x53, 0x51, 0x41, 0x44, 0x44, 0x5f, 0x61,
0x73, 0x69, 0x73, 0x64, 0x73, 0x61, 0x6d, 0x65, 0x5f, 0x6f, 0x6e, 0x6c, 0x79, 0x53, 0x51, 0x41, 0x44, 0x44, 0x20, 0x3c, 0x56, 0x3e, 0x3c, 0x64, 0x3e, 0x2c, 0x20, 0x3c, 0x56, 0x3e, 0x3c, 0x6e,
0x3e, 0x2c, 0x20, 0x3c, 0x56, 0x3e, 0x3c, 0x6d, 0x3e, 0x61, 0x72, 0x6d, 0x2d, 0x61, 0x36, 0x34, 0x40, 0x32, 0x30, 0x32, 0x36, 0x2d, 0x30, 0x36, 0x3a, 0x53, 0x51, 0x44, 0x4d, 0x4c, 0x41, 0x4c,
0x5f, 0x61, 0x73, 0x69, 0x73, 0x64, 0x64, 0x69, 0x66, 0x66, 0x5f, 0x6f, 0x6e, 0x6c, 0x79, 0x53, 0x51, 0x44, 0x4d, 0x4c, 0x41, 0x4c, 0x20, 0x3c, 0x56, 0x61, 0x3e, 0x3c, 0x64, 0x3e, 0x2c, 0x20,
0x3c, 0x56, 0x62, 0x3e, 0x3c, 0x6e, 0x3e, 0x2c, 0x20, 0x3c, 0x56, 0x62, 0x3e, 0x3c, 0x6d, 0x3e, 0x61, 0x72, 0x6d, 0x2d, 0x61, 0x36, 0x34, 0x40, 0x32, 0x30, 0x32, 0x36, 0x2d, 0x30, 0x36, 0x3a,
0x53, 0x51, 0x44, 0x4d, 0x4c, 0x53, 0x4c, 0x5f, 0x61, 0x73, 0x69, 0x73, 0x64, 0x64, 0x69, 0x66, 0x66, 0x5f, 0x6f, 0x6e, 0x6c, 0x79, 0x53, 0x51, 0x44, 0x4d, 0x4c, 0x53, 0x4c, 0x20, 0x3c, 0x56,
0x61, 0x3e, 0x3c, 0x64, 0x3e, 0x2c, 0x20, 0x3c, 0x56, 0x62, 0x3e, 0x3c, 0x6e, 0x3e, 0x2c, 0x20, 0x3c, 0x56, 0x62, 0x3e, 0x3c, 0x6d, 0x3e, 0x61, 0x72, 0x6d, 0x2d, 0x61, 0x36, 0x34, 0x40, 0x32,
0x30, 0x32, 0x36, 0x2d, 0x30, 0x36, 0x3a, 0x53, 0x51, 0x44, 0x4d, 0x55, 0x4c, 0x48, 0x5f, 0x61, 0x73, 0x69, 0x6d, 0x64, 0x73, 0x61, 0x6d, 0x65, 0x5f, 0x6f, 0x6e, 0x6c, 0x79, 0x53, 0x51, 0x44,
0x4d, 0x55, 0x4c, 0x48, 0x20, 0x3c, 0x56, 0x64, 0x3e, 0x2e, 0x3c, 0x54, 0x3e, 0x2c, 0x20, 0x3c, 0x56, 0x6e, 0x3e, 0x2e, 0x3c, 0x54, 0x3e, 0x2c, 0x20, 0x3c, 0x56, 0x6d, 0x3e, 0x2e, 0x3c, 0x54,
0x3e, 0x61, 0x72, 0x6d, 0x2d, 0x61, 0x36, 0x34, 0x40, 0x32, 0x30, 0x32, 0x36, 0x2d, 0x30, 0x36, 0x3a, 0x53, 0x51, 0x44, 0x4d, 0x55, 0x4c, 0x48, 0x5f, 0x61, 0x73, 0x69, 0x73, 0x64, 0x73, 0x61,
0x6d, 0x65, 0x5f, 0x6f, 0x6e, 0x6c, 0x79, 0x53, 0x51, 0x44, 0x4d, 0x55, 0x4c, 0x48, 0x20, 0x3c, 0x56, 0x3e, 0x3c, 0x64, 0x3e, 0x2c, 0x20, 0x3c, 0x56, 0x3e, 0x3c, 0x6e, 0x3e, 0x2c, 0x20, 0x3c,
0x56, 0x3e, 0x3c, 0x6d, 0x3e, 0x61, 0x72, 0x6d, 0x2d, 0x61, 0x36, 0x34, 0x40, 0x32, 0x30, 0x32, 0x36, 0x2d, 0x30, 0x36, 0x3a, 0x53, 0x51, 0x44, 0x4d, 0x55, 0x4c, 0x4c, 0x5f, 0x61, 0x73, 0x69,
0x73, 0x64, 0x64, 0x69, 0x66, 0x66, 0x5f, 0x6f, 0x6e, 0x6c, 0x79, 0x53, 0x51, 0x44, 0x4d, 0x55, 0x4c, 0x4c, 0x20, 0x3c, 0x56, 0x61, 0x3e, 0x3c, 0x64, 0x3e, 0x2c, 0x20, 0x3c, 0x56, 0x62, 0x3e,
0x3c, 0x6e, 0x3e, 0x2c, 0x20, 0x3c, 0x56, 0x62, 0x3e, 0x3c, 0x6d, 0x3e, 0x61, 0x72, 0x6d, 0x2d, 0x61, 0x36, 0x34, 0x40, 0x32, 0x30, 0x32, 0x36, 0x2d, 0x30, 0x36, 0x3a, 0x53, 0x51, 0x4e, 0x45,
0x47, 0x5f, 0x61, 0x73, 0x69, 0x6d, 0x64, 0x6d, 0x69, 0x73, 0x63, 0x5f, 0x52, 0x53, 0x51, 0x4e, 0x45, 0x47, 0x20, 0x3c, 0x56, 0x64, 0x3e, 0x2e, 0x3c, 0x54, 0x3e, 0x2c, 0x20, 0x3c, 0x56, 0x6e,
0x3e, 0x2e, 0x3c, 0x54, 0x3e, 0x61, 0x72, 0x6d, 0x2d, 0x61, 0x36, 0x34, 0x40, 0x32, 0x30, 0x32, 0x36, 0x2d, 0x30, 0x36, 0x3a, 0x53, 0x51, 0x4e, 0x45, 0x47, 0x5f, 0x61, 0x73, 0x69, 0x73, 0x64,
0x6d, 0x69, 0x73, 0x63, 0x5f, 0x52, 0x53, 0x51, 0x4e, 0x45, 0x47, 0x20, 0x3c, 0x56, 0x3e, 0x3c, 0x64, 0x3e, 0x2c, 0x20, 0x3c, 0x56, 0x3e, 0x3c, 0x6e, 0x3e, 0x61, 0x72, 0x6d, 0x2d, 0x61, 0x36,
0x34, 0x40, 0x32, 0x30, 0x32, 0x36, 0x2d, 0x30, 0x36, 0x3a, 0x53, 0x51, 0x52, 0x44, 0x4d, 0x4c, 0x41, 0x48, 0x5f, 0x61, 0x73, 0x69, 0x6d, 0x64, 0x73, 0x61, 0x6d, 0x65, 0x32, 0x5f, 0x6f, 0x6e,
0x6c, 0x79, 0x53, 0x51, 0x52, 0x44, 0x4d, 0x4c, 0x41, 0x48, 0x20, 0x3c, 0x56, 0x64, 0x3e, 0x2e, 0x3c, 0x54, 0x3e, 0x2c, 0x20, 0x3c, 0x56, 0x6e, 0x3e, 0x2e, 0x3c, 0x54, 0x3e, 0x2c, 0x20, 0x3c,
0x56, 0x6d, 0x3e, 0x2e, 0x3c, 0x54, 0x3e, 0x61, 0x72, 0x6d, 0x2d, 0x61, 0x36, 0x34, 0x40, 0x32, 0x30, 0x32, 0x36, 0x2d, 0x30, 0x36, 0x3a, 0x53, 0x51, 0x52, 0x44, 0x4d, 0x4c, 0x41, 0x48, 0x5f,
0x61, 0x73, 0x69, 0x73, 0x64, 0x73, 0x61, 0x6d, 0x65, 0x32, 0x5f, 0x6f, 0x6e, 0x6c, 0x79, 0x53, 0x51, 0x52, 0x44, 0x4d, 0x4c, 0x41, 0x48, 0x20, 0x3c, 0x56, 0x3e, 0x3c, 0x64, 0x3e, 0x2c, 0x20,
0x3c, 0x56, 0x3e, 0x3c, 0x6e, 0x3e, 0x2c, 0x20, 0x3c, 0x56, 0x3e, 0x3c, 0x6d, 0x3e, 0x61, 0x72, 0x6d, 0x2d, 0x61, 0x36, 0x34, 0x40, 0x32, 0x30, 0x32, 0x36, 0x2d, 0x30, 0x36, 0x3a, 0x53, 0x51,
0x52, 0x44, 0x4d, 0x4c, 0x53, 0x48, 0x5f, 0x61, 0x73, 0x69, 0x6d, 0x64, 0x73, 0x61, 0x6d, 0x65, 0x32, 0x5f, 0x6f, 0x6e, 0x6c, 0x79, 0x53, 0x51, 0x52, 0x44, 0x4d, 0x4c, 0x53, 0x48, 0x20, 0x3c,
0x56, 0x64, 0x3e, 0x2e, 0x3c, 0x54, 0x3e, 0x2c, 0x20, 0x3c, 0x56, 0x6e, 0x3e, 0x2e, 0x3c, 0x54, 0x3e, 0x2c, 0x20, 0x3c, 0x56, 0x6d, 0x3e, 0x2e, 0x3c, 0x54, 0x3e, 0x61, 0x72, 0x6d, 0x2d, 0x61,
0x36, 0x34, 0x40, 0x32, 0x30, 0x32, 0x36, 0x2d, 0x30, 0x36, 0x3a, 0x53, 0x51, 0x52, 0x44, 0x4d, 0x4c, 0x53, 0x48, 0x5f, 0x61, 0x73, 0x69, 0x73, 0x64, 0x73, 0x61, 0x6d, 0x65, 0x32, 0x5f, 0x6f,
0x6e, 0x6c, 0x79, 0x53, 0x51, 0x52, 0x44, 0x4d, 0x4c, 0x53, 0x48, 0x20, 0x3c, 0x56, 0x3e, 0x3c, 0x64, 0x3e, 0x2c, 0x20, 0x3c, 0x56, 0x3e, 0x3c, 0x6e, 0x3e, 0x2c, 0x20, 0x3c, 0x56, 0x3e, 0x3c,
0x6d, 0x3e, 0x61, 0x72, 0x6d, 0x2d, 0x61, 0x36, 0x34, 0x40, 0x32, 0x30, 0x32, 0x36, 0x2d, 0x30, 0x36, 0x3a, 0x53, 0x51, 0x52, 0x44, 0x4d, 0x55, 0x4c, 0x48, 0x5f, 0x61, 0x73, 0x69, 0x6d, 0x64,
0x73, 0x61, 0x6d, 0x65, 0x5f, 0x6f, 0x6e, 0x6c, 0x79, 0x53, 0x51, 0x52, 0x44, 0x4d, 0x55, 0x4c, 0x48, 0x20, 0x3c, 0x56, 0x64, 0x3e, 0x2e, 0x3c, 0x54, 0x3e, 0x2c, 0x20, 0x3c, 0x56, 0x6e, 0x3e,
0x2e, 0x3c, 0x54, 0x3e, 0x2c, 0x20, 0x3c, 0x56, 0x6d, 0x3e, 0x2e, 0x3c, 0x54, 0x3e, 0x61, 0x72, 0x6d, 0x2d, 0x61, 0x36, 0x34, 0x40, 0x32, 0x30, 0x32, 0x36, 0x2d, 0x30, 0x36, 0x3a, 0x53, 0x51,
0x52, 0x44, 0x4d, 0x55, 0x4c, 0x48, 0x5f, 0x61, 0x73, 0x69, 0x73, 0x64, 0x73, 0x61, 0x6d, 0x65, 0x5f, 0x6f, 0x6e, 0x6c, 0x79, 0x53, 0x51, 0x52, 0x44, 0x4d, 0x55, 0x4c, 0x48, 0x20, 0x3c, 0x56,
0x3e, 0x3c, 0x64, 0x3e, 0x2c, 0x20, 0x3c, 0x56, 0x3e, 0x3c, 0x6e, 0x3e, 0x2c, 0x20, 0x3c, 0x56, 0x3e, 0x3c, 0x6d, 0x3e, 0x61, 0x72, 0x6d, 0x2d, 0x61, 0x36, 0x34, 0x40, 0x32, 0x30, 0x32, 0x36,
0x2d, 0x30, 0x36, 0x3a, 0x53, 0x51, 0x52, 0x53, 0x48, 0x4c, 0x5f, 0x61, 0x73, 0x69, 0x6d, 0x64, 0x73, 0x61, 0x6d, 0x65, 0x5f, 0x6f, 0x6e, 0x6c, 0x79, 0x53, 0x51, 0x52, 0x53, 0x48, 0x4c, 0x20,
0x3c, 0x56, 0x64, 0x3e, 0x2e, 0x3c, 0x54, 0x3e, 0x2c, 0x20, 0x3c, 0x56, 0x6e, 0x3e, 0x2e, 0x3c, 0x54, 0x3e, 0x2c, 0x20, 0x3c, 0x56, 0x6d, 0x3e, 0x2e, 0x3c, 0x54, 0x3e, 0x61, 0x72, 0x6d, 0x2d,
0x61, 0x36, 0x34, 0x40, 0x32, 0x30, 0x32, 0x36, 0x2d, 0x30, 0x36, 0x3a, 0x53, 0x51, 0x52, 0x53, 0x48, 0x4c, 0x5f, 0x61, 0x73, 0x69, 0x73, 0x64, 0x73, 0x61, 0x6d, 0x65, 0x5f, 0x6f, 0x6e, 0x6c,
0x79, 0x53, 0x51, 0x52, 0x53, 0x48, 0x4c, 0x20, 0x3c, 0x56, 0x3e, 0x3c, 0x64, 0x3e, 0x2c, 0x20, 0x3c, 0x56, 0x3e, 0x3c, 0x6e, 0x3e, 0x2c, 0x20, 0x3c, 0x56, 0x3e, 0x3c, 0x6d, 0x3e, 0x61, 0x72,
0x6d, 0x2d, 0x61, 0x36, 0x34, 0x40, 0x32, 0x30, 0x32, 0x36, 0x2d, 0x30, 0x36, 0x3a, 0x53, 0x51, 0x53, 0x48, 0x4c, 0x5f, 0x61, 0x73, 0x69, 0x6d, 0x64, 0x73, 0x61, 0x6d, 0x65, 0x5f, 0x6f, 0x6e,
0x6c, 0x79, 0x53, 0x51, 0x53, 0x48, 0x4c, 0x20, 0x3c, 0x56, 0x64, 0x3e, 0x2e, 0x3c, 0x54, 0x3e, 0x2c, 0x20, 0x3c, 0x56, 0x6e, 0x3e, 0x2e, 0x3c, 0x54, 0x3e, 0x2c, 0x20, 0x3c, 0x56, 0x6d, 0x3e,
0x2e, 0x3c, 0x54, 0x3e, 0x61, 0x72, 0x6d, 0x2d, 0x61, 0x36, 0x34, 0x40, 0x32, 0x30, 0x32, 0x36, 0x2d, 0x30, 0x36, 0x3a, 0x53, 0x51, 0x53, 0x48, 0x4c, 0x5f, 0x61, 0x73, 0x69, 0x73, 0x64, 0x73,
0x61, 0x6d, 0x65, 0x5f, 0x6f, 0x6e, 0x6c, 0x79, 0x53, 0x51, 0x53, 0x48, 0x4c, 0x20, 0x3c, 0x56, 0x3e, 0x3c, 0x64, 0x3e, 0x2c, 0x20, 0x3c, 0x56, 0x3e, 0x3c, 0x6e, 0x3e, 0x2c, 0x20, 0x3c, 0x56,
0x3e, 0x3c, 0x6d, 0x3e, 0x61, 0x72, 0x6d, 0x2d, 0x61, 0x36, 0x34, 0x40, 0x32, 0x30, 0x32, 0x36, 0x2d, 0x30, 0x36, 0x3a, 0x53, 0x51, 0x53, 0x55, 0x42, 0x5f, 0x61, 0x73, 0x69, 0x6d, 0x64, 0x73,
0x61, 0x6d, 0x65, 0x5f, 0x6f, 0x6e, 0x6c, 0x79, 0x53, 0x51, 0x53, 0x55, 0x42, 0x20, 0x3c, 0x56, 0x64, 0x3e, 0x2e, 0x3c, 0x54, 0x3e, 0x2c, 0x20, 0x3c, 0x56, 0x6e, 0x3e, 0x2e, 0x3c, 0x54, 0x3e,
0x2c, 0x20, 0x3c, 0x56, 0x6d, 0x3e, 0x2e, 0x3c, 0x54, 0x3e, 0x61, 0x72, 0x6d, 0x2d, 0x61, 0x36, 0x34, 0x40, 0x32, 0x30, 0x32, 0x36, 0x2d, 0x30, 0x36, 0x3a, 0x53, 0x51, 0x53, 0x55, 0x42, 0x5f,
0x61, 0x73, 0x69, 0x73, 0x64, 0x73, 0x61, 0x6d, 0x65, 0x5f, 0x6f, 0x6e, 0x6c, 0x79, 0x53, 0x51, 0x53, 0x55, 0x42, 0x20, 0x3c, 0x56, 0x3e, 0x3c, 0x64, 0x3e, 0x2c, 0x20, 0x3c, 0x56, 0x3e, 0x3c,
0x6e, 0x3e, 0x2c, 0x20, 0x3c, 0x56, 0x3e, 0x3c, 0x6d, 0x3e, 0x61, 0x72, 0x6d, 0x2d, 0x61, 0x36, 0x34, 0x40, 0x32, 0x30, 0x32, 0x36, 0x2d, 0x30, 0x36, 0x3a, 0x53, 0x51, 0x58, 0x54, 0x4e, 0x5f,
0x61, 0x73, 0x69, 0x73, 0x64, 0x6d, 0x69, 0x73, 0x63, 0x5f, 0x4e, 0x53, 0x51, 0x58, 0x54, 0x4e, 0x20, 0x3c, 0x56, 0x62, 0x3e, 0x3c, 0x64, 0x3e, 0x2c, 0x20, 0x3c, 0x56, 0x61, 0x3e, 0x3c, 0x6e,
0x3e, 0x61, 0x72, 0x6d, 0x2d, 0x61, 0x36, 0x34, 0x40, 0x32, 0x30, 0x32, 0x36, 0x2d, 0x30, 0x36, 0x3a, 0x53, 0x51, 0x58, 0x54, 0x55, 0x4e, 0x5f, 0x61, 0x73, 0x69, 0x73, 0x64, 0x6d, 0x69, 0x73,
0x63, 0x5f, 0x4e, 0x53, 0x51, 0x58, 0x54, 0x55, 0x4e, 0x20, 0x3c, 0x56, 0x62, 0x3e, 0x3c, 0x64, 0x3e, 0x2c, 0x20, 0x3c, 0x56, 0x61, 0x3e, 0x3c, 0x6e, 0x3e, 0x61, 0x72, 0x6d, 0x2d, 0x61, 0x36,
0x34, 0x40, 0x32, 0x30, 0x32, 0x36, 0x2d, 0x30, 0x36, 0x3a, 0x53, 0x52, 0x48, 0x41, 0x44, 0x44, 0x5f, 0x61, 0x73, 0x69, 0x6d, 0x64, 0x73, 0x61, 0x6d, 0x65, 0x5f, 0x6f, 0x6e, 0x6c, 0x79, 0x53,
0x52, 0x48, 0x41, 0x44, 0x44, 0x20, 0x3c, 0x56, 0x64, 0x3e, 0x2e, 0x3c, 0x54, 0x3e, 0x2c, 0x20, 0x3c, 0x56, 0x6e, 0x3e, 0x2e, 0x3c, 0x54, 0x3e, 0x2c, 0x20, 0x3c, 0x56, 0x6d, 0x3e, 0x2e, 0x3c,
0x54, 0x3e, 0x61, 0x72, 0x6d, 0x2d, 0x61, 0x36, 0x34, 0x40, 0x32, 0x30, 0x32, 0x36, 0x2d, 0x30, 0x36, 0x3a, 0x53, 0x52, 0x53, 0x48, 0x4c, 0x5f, 0x61, 0x73, 0x69, 0x6d, 0x64, 0x73, 0x61, 0x6d,
0x65, 0x5f, 0x6f, 0x6e, 0x6c, 0x79, 0x53, 0x52, 0x53, 0x48, 0x4c, 0x20, 0x3c, 0x56, 0x64, 0x3e, 0x2e, 0x3c, 0x54, 0x3e, 0x2c, 0x20, 0x3c, 0x56, 0x6e, 0x3e, 0x2e, 0x3c, 0x54, 0x3e, 0x2c, 0x20,
0x3c, 0x56, 0x6d, 0x3e, 0x2e, 0x3c, 0x54, 0x3e, 0x61, 0x72, 0x6d, 0x2d, 0x61, 0x36, 0x34, 0x40, 0x32, 0x30, 0x32, 0x36, 0x2d, 0x30, 0x36, 0x3a, 0x53, 0x52, 0x53, 0x48, 0x4c, 0x5f, 0x61, 0x73,
0x69, 0x73, 0x64, 0x73, 0x61, 0x6d, 0x65, 0x5f, 0x6f, 0x6e, 0x6c, 0x79, 0x53, 0x52, 0x53, 0x48, 0x4c, 0x20, 0x44, 0x3c, 0x64, 0x3e, 0x2c, 0x20, 0x44, 0x3c, 0x6e, 0x3e, 0x2c, 0x20, 0x44, 0x3c,
0x6d, 0x3e, 0x61, 0x72, 0x6d, 0x2d, 0x61, 0x36, 0x34, 0x40, 0x32, 0x30, 0x32, 0x36, 0x2d, 0x30, 0x36, 0x3a, 0x53, 0x53, 0x48, 0x4c, 0x5f, 0x61, 0x73, 0x69, 0x6d, 0x64, 0x73, 0x61, 0x6d, 0x65,
0x5f, 0x6f, 0x6e, 0x6c, 0x79, 0x53, 0x53, 0x48, 0x4c, 0x20, 0x3c, 0x56, 0x64, 0x3e, 0x2e, 0x3c, 0x54, 0x3e, 0x2c, 0x20, 0x3c, 0x56, 0x6e, 0x3e, 0x2e, 0x3c, 0x54, 0x3e, 0x2c, 0x20, 0x3c, 0x56,
0x6d, 0x3e, 0x2e, 0x3c, 0x54, 0x3e, 0x61, 0x72, 0x6d, 0x2d, 0x61, 0x36, 0x34, 0x40, 0x32, 0x30, 0x32, 0x36, 0x2d, 0x30, 0x36, 0x3a, 0x53, 0x53, 0x48, 0x4c, 0x5f, 0x61, 0x73, 0x69, 0x73, 0x64,
0x73, 0x61, 0x6d, 0x65, 0x5f, 0x6f, 0x6e, 0x6c, 0x79, 0x53, 0x53, 0x48, 0x4c, 0x20, 0x44, 0x3c, 0x64, 0x3e, 0x2c, 0x20, 0x44, 0x3c, 0x6e, 0x3e, 0x2c, 0x20, 0x44, 0x3c, 0x6d, 0x3e, 0x61, 0x72,
0x6d, 0x2d, 0x61, 0x36, 0x34, 0x40, 0x32, 0x30, 0x32, 0x36, 0x2d, 0x30, 0x36, 0x3a, 0x53, 0x55, 0x42, 0x5f, 0x61, 0x73, 0x69, 0x6d, 0x64, 0x73, 0x61, 0x6d, 0x65, 0x5f, 0x6f, 0x6e, 0x6c, 0x79,
0x53, 0x55, 0x42, 0x20, 0x3c, 0x56, 0x64, 0x3e, 0x2e, 0x3c, 0x54, 0x3e, 0x2c, 0x20, 0x3c, 0x56, 0x6e, 0x3e, 0x2e, 0x3c, 0x54, 0x3e, 0x2c, 0x20, 0x3c, 0x56, 0x6d, 0x3e, 0x2e, 0x3c, 0x54, 0x3e,
0x61, 0x72, 0x6d, 0x2d, 0x61, 0x36, 0x34, 0x40, 0x32, 0x30, 0x32, 0x36, 0x2d, 0x30, 0x36, 0x3a, 0x53, 0x55, 0x42, 0x5f, 0x61, 0x73, 0x69, 0x73, 0x64, 0x73, 0x61, 0x6d, 0x65, 0x5f, 0x6f, 0x6e,
0x6c, 0x79, 0x53, 0x55, 0x42, 0x20, 0x44, 0x3c, 0x64, 0x3e, 0x2c, 0x20, 0x44, 0x3c, 0x6e, 0x3e, 0x2c, 0x20, 0x44, 0x3c, 0x6d, 0x3e, 0x61, 0x72, 0x6d, 0x2d, 0x61, 0x36, 0x34, 0x40, 0x32, 0x30,
0x32, 0x36, 0x2d, 0x30, 0x36, 0x3a, 0x53, 0x55, 0x51, 0x41, 0x44, 0x44, 0x5f, 0x61, 0x73, 0x69, 0x6d, 0x64, 0x6d, 0x69, 0x73, 0x63, 0x5f, 0x52, 0x53, 0x55, 0x51, 0x41, 0x44, 0x44, 0x20, 0x3c,
0x56, 0x64, 0x3e, 0x2e, 0x3c, 0x54, 0x3e, 0x2c, 0x20, 0x3c, 0x56, 0x6e, 0x3e, 0x2e, 0x3c, 0x54, 0x3e, 0x61, 0x72, 0x6d, 0x2d, 0x61, 0x36, 0x34, 0x40, 0x32, 0x30, 0x32, 0x36, 0x2d, 0x30, 0x36,
0x3a, 0x53, 0x55, 0x51, 0x41, 0x44, 0x44, 0x5f, 0x61, 0x73, 0x69, 0x73, 0x64, 0x6d, 0x69, 0x73, 0x63, 0x5f, 0x52, 0x53, 0x55, 0x51, 0x41, 0x44, 0x44, 0x20, 0x3c, 0x56, 0x3e, 0x3c, 0x64, 0x3e,
0x2c, 0x20, 0x3c, 0x56, 0x3e, 0x3c, 0x6e, 0x3e, 0x61, 0x72, 0x6d, 0x2d, 0x61, 0x36, 0x34, 0x40, 0x32, 0x30, 0x32, 0x36, 0x2d, 0x30, 0x36, 0x3a, 0x54, 0x42, 0x4c, 0x5f, 0x61, 0x73, 0x69, 0x6d,
0x64, 0x74, 0x62, 0x6c, 0x5f, 0x4c, 0x31, 0x5f, 0x31, 0x54, 0x42, 0x4c, 0x20, 0x3c, 0x56, 0x64, 0x3e, 0x2e, 0x3c, 0x54, 0x61, 0x3e, 0x2c, 0x20, 0x7b, 0x20, 0x3c, 0x56, 0x6e, 0x3e, 0x2e, 0x31,
0x36, 0x42, 0x20, 0x7d, 0x2c, 0x20, 0x3c, 0x56, 0x6d, 0x3e, 0x2e, 0x3c, 0x54, 0x61, 0x3e, 0x61, 0x72, 0x6d, 0x2d, 0x61, 0x36, 0x34, 0x40, 0x32, 0x30, 0x32, 0x36, 0x2d, 0x30, 0x36, 0x3a, 0x54,
0x42, 0x4c, 0x5f, 0x61, 0x73, 0x69, 0x6d, 0x64, 0x74, 0x62, 0x6c, 0x5f, 0x4c, 0x32, 0x5f, 0x32, 0x54, 0x42, 0x4c, 0x20, 0x3c, 0x56, 0x64, 0x3e, 0x2e, 0x3c, 0x54, 0x61, 0x3e, 0x2c, 0x20, 0x7b,
0x20, 0x3c, 0x56, 0x6e, 0x3e, 0x2e, 0x31, 0x36, 0x42, 0x2c, 0x20, 0x3c, 0x56, 0x6e, 0x2b, 0x31, 0x3e, 0x2e, 0x31, 0x36, 0x42, 0x20, 0x7d, 0x2c, 0x20, 0x3c, 0x56, 0x6d, 0x3e, 0x2e, 0x3c, 0x54,
0x61, 0x3e, 0x61, 0x72, 0x6d, 0x2d, 0x61, 0x36, 0x34, 0x40, 0x32, 0x30, 0x32, 0x36, 0x2d, 0x30, 0x36, 0x3a, 0x54, 0x42, 0x4c, 0x5f, 0x61, 0x73, 0x69, 0x6d, 0x64, 0x74, 0x62, 0x6c, 0x5f, 0x4c,
0x33, 0x5f, 0x33, 0x54, 0x42, 0x4c, 0x20, 0x3c, 0x56, 0x64, 0x3e, 0x2e, 0x3c, 0x54, 0x61, 0x3e, 0x2c, 0x20, 0x7b, 0x20, 0x3c, 0x56, 0x6e, 0x3e, 0x2e, 0x31, 0x36, 0x42, 0x2c, 0x20, 0x3c, 0x56,
0x6e, 0x2b, 0x31, 0x3e, 0x2e, 0x31, 0x36, 0x42, 0x2c, 0x20, 0x3c, 0x56, 0x6e, 0x2b, 0x32, 0x3e, 0x2e, 0x31, 0x36, 0x42, 0x20, 0x7d, 0x2c, 0x20, 0x3c, 0x56, 0x6d, 0x3e, 0x2e, 0x3c, 0x54, 0x61,
0x3e, 0x61, 0x72, 0x6d, 0x2d, 0x61, 0x36, 0x34, 0x40, 0x32, 0x30, 0x32, 0x36, 0x2d, 0x30, 0x36, 0x3a, 0x54, 0x42, 0x4c, 0x5f, 0x61, 0x73, 0x69, 0x6d, 0x64, 0x74, 0x62, 0x6c, 0x5f, 0x4c, 0x34,
0x5f, 0x34, 0x54, 0x42, 0x4c, 0x20, 0x3c, 0x56, 0x64, 0x3e, 0x2e, 0x3c, 0x54, 0x61, 0x3e, 0x2c, 0x20, 0x7b, 0x20, 0x3c, 0x56, 0x6e, 0x3e, 0x2e, 0x31, 0x36, 0x42, 0x2c, 0x20, 0x3c, 0x56, 0x6e,
0x2b, 0x31, 0x3e, 0x2e, 0x31, 0x36, 0x42, 0x2c, 0x20, 0x3c, 0x56, 0x6e, 0x2b, 0x32, 0x3e, 0x2e, 0x31, 0x36, 0x42, 0x2c, 0x20, 0x3c, 0x56, 0x6e, 0x2b, 0x33, 0x3e, 0x2e, 0x31, 0x36, 0x42, 0x20,
0x7d, 0x2c, 0x20, 0x3c, 0x56, 0x6d, 0x3e, 0x2e, 0x3c, 0x54, 0x61, 0x3e, 0x61, 0x72, 0x6d, 0x2d, 0x61, 0x36, 0x34, 0x40, 0x32, 0x30, 0x32, 0x36, 0x2d, 0x30, 0x36, 0x3a, 0x54, 0x42, 0x58, 0x5f,
0x61, 0x73, 0x69, 0x6d, 0x64, 0x74, 0x62, 0x6c, 0x5f, 0x4c, 0x31, 0x5f, 0x31, 0x54, 0x42, 0x58, 0x20, 0x3c, 0x56, 0x64, 0x3e, 0x2e, 0x3c, 0x54, 0x61, 0x3e, 0x2c, 0x20, 0x7b, 0x20, 0x3c, 0x56,
0x6e, 0x3e, 0x2e, 0x31, 0x36, 0x42, 0x20, 0x7d, 0x2c, 0x20, 0x3c, 0x56, 0x6d, 0x3e, 0x2e, 0x3c, 0x54, 0x61, 0x3e, 0x61, 0x72, 0x6d, 0x2d, 0x61, 0x36, 0x34, 0x40, 0x32, 0x30, 0x32, 0x36, 0x2d,
0x30, 0x36, 0x3a, 0x54, 0x42, 0x58, 0x5f, 0x61, 0x73, 0x69, 0x6d, 0x64, 0x74, 0x62, 0x6c, 0x5f, 0x4c, 0x32, 0x5f, 0x32, 0x54, 0x42, 0x58, 0x20, 0x3c, 0x56, 0x64, 0x3e, 0x2e, 0x3c, 0x54, 0x61,
0x3e, 0x2c, 0x20, 0x7b, 0x20, 0x3c, 0x56, 0x6e, 0x3e, 0x2e, 0x31, 0x36, 0x42, 0x2c, 0x20, 0x3c, 0x56, 0x6e, 0x2b, 0x31, 0x3e, 0x2e, 0x31, 0x36, 0x42, 0x20, 0x7d, 0x2c, 0x20, 0x3c, 0x56, 0x6d,
0x3e, 0x2e, 0x3c, 0x54, 0x61, 0x3e, 0x61, 0x72, 0x6d, 0x2d, 0x61, 0x36, 0x34, 0x40, 0x32, 0x30, 0x32, 0x36, 0x2d, 0x30, 0x36, 0x3a, 0x54, 0x42, 0x58, 0x5f, 0x61, 0x73, 0x69, 0x6d, 0x64, 0x74,
0x62, 0x6c, 0x5f, 0x4c, 0x33, 0x5f, 0x33, 0x54, 0x42, 0x58, 0x20, 0x3c, 0x56, 0x64, 0x3e, 0x2e, 0x3c, 0x54, 0x61, 0x3e, 0x2c, 0x20, 0x7b, 0x20, 0x3c, 0x56, 0x6e, 0x3e, 0x2e, 0x31, 0x36, 0x42,
0x2c, 0x20, 0x3c, 0x56, 0x6e, 0x2b, 0x31, 0x3e, 0x2e, 0x31, 0x36, 0x42, 0x2c, 0x20, 0x3c, 0x56, 0x6e, 0x2b, 0x32, 0x3e, 0x2e, 0x31, 0x36, 0x42, 0x20, 0x7d, 0x2c, 0x20, 0x3c, 0x56, 0x6d, 0x3e,
0x2e, 0x3c, 0x54, 0x61, 0x3e, 0x61, 0x72, 0x6d, 0x2d, 0x61, 0x36, 0x34, 0x40, 0x32, 0x30, 0x32, 0x36, 0x2d, 0x30, 0x36, 0x3a, 0x54, 0x42, 0x58, 0x5f, 0x61, 0x73, 0x69, 0x6d, 0x64, 0x74, 0x62,
0x6c, 0x5f, 0x4c, 0x34, 0x5f, 0x34, 0x54, 0x42, 0x58, 0x20, 0x3c, 0x56, 0x64, 0x3e, 0x2e, 0x3c, 0x54, 0x61, 0x3e, 0x2c, 0x20, 0x7b, 0x20, 0x3c, 0x56, 0x6e, 0x3e, 0x2e, 0x31, 0x36, 0x42, 0x2c,
0x20, 0x3c, 0x56, 0x6e, 0x2b, 0x31, 0x3e, 0x2e, 0x31, 0x36, 0x42, 0x2c, 0x20, 0x3c, 0x56, 0x6e, 0x2b, 0x32, 0x3e, 0x2e, 0x31, 0x36, 0x42, 0x2c, 0x20, 0x3c, 0x56, 0x6e, 0x2b, 0x33, 0x3e, 0x2e,
0x31, 0x36, 0x42, 0x20, 0x7d, 0x2c, 0x20, 0x3c, 0x56, 0x6d, 0x3e, 0x2e, 0x3c, 0x54, 0x61, 0x3e, 0x61, 0x72, 0x6d, 0x2d, 0x61, 0x36, 0x34, 0x40, 0x32, 0x30, 0x32, 0x36, 0x2d, 0x30, 0x36, 0x3a,
0x54, 0x52, 0x4e, 0x31, 0x5f, 0x61, 0x73, 0x69, 0x6d, 0x64, 0x70, 0x65, 0x72, 0x6d, 0x5f, 0x6f, 0x6e, 0x6c, 0x79, 0x54, 0x52, 0x4e, 0x31, 0x20, 0x3c, 0x56, 0x64, 0x3e, 0x2e, 0x3c, 0x54, 0x3e,
0x2c, 0x20, 0x3c, 0x56, 0x6e, 0x3e, 0x2e, 0x3c, 0x54, 0x3e, 0x2c, 0x20, 0x3c, 0x56, 0x6d, 0x3e, 0x2e, 0x3c, 0x54, 0x3e, 0x61, 0x72, 0x6d, 0x2d, 0x61, 0x36, 0x34, 0x40, 0x32, 0x30, 0x32, 0x36,
0x2d, 0x30, 0x36, 0x3a, 0x54, 0x52, 0x4e, 0x32, 0x5f, 0x61, 0x73, 0x69, 0x6d, 0x64, 0x70, 0x65, 0x72, 0x6d, 0x5f, 0x6f, 0x6e, 0x6c, 0x79, 0x54, 0x52, 0x4e, 0x32, 0x20, 0x3c, 0x56, 0x64, 0x3e,
0x2e, 0x3c, 0x54, 0x3e, 0x2c, 0x20, 0x3c, 0x56, 0x6e, 0x3e, 0x2e, 0x3c, 0x54, 0x3e, 0x2c, 0x20, 0x3c, 0x56, 0x6d, 0x3e, 0x2e, 0x3c, 0x54, 0x3e, 0x61, 0x72, 0x6d, 0x2d, 0x61, 0x36, 0x34, 0x40,
0x32, 0x30, 0x32, 0x36, 0x2d, 0x30, 0x36, 0x3a, 0x55, 0x41, 0x42, 0x41, 0x5f, 0x61, 0x73, 0x69, 0x6d, 0x64, 0x73, 0x61, 0x6d, 0x65, 0x5f, 0x6f, 0x6e, 0x6c, 0x79, 0x55, 0x41, 0x42, 0x41, 0x20,
0x3c, 0x56, 0x64, 0x3e, 0x2e, 0x3c, 0x54, 0x3e, 0x2c, 0x20, 0x3c, 0x56, 0x6e, 0x3e, 0x2e, 0x3c, 0x54, 0x3e, 0x2c, 0x20, 0x3c, 0x56, 0x6d, 0x3e, 0x2e, 0x3c, 0x54, 0x3e, 0x61, 0x72, 0x6d, 0x2d,
0x61, 0x36, 0x34, 0x40, 0x32, 0x30, 0x32, 0x36, 0x2d, 0x30, 0x36, 0x3a, 0x55, 0x41, 0x42, 0x44, 0x5f, 0x61, 0x73, 0x69, 0x6d, 0x64, 0x73, 0x61, 0x6d, 0x65, 0x5f, 0x6f, 0x6e, 0x6c, 0x79, 0x55,
0x41, 0x42, 0x44, 0x20, 0x3c, 0x56, 0x64, 0x3e, 0x2e, 0x3c, 0x54, 0x3e, 0x2c, 0x20, 0x3c, 0x56, 0x6e, 0x3e, 0x2e, 0x3c, 0x54, 0x3e, 0x2c, 0x20, 0x3c, 0x56, 0x6d, 0x3e, 0x2e, 0x3c, 0x54, 0x3e,
0x61, 0x72, 0x6d, 0x2d, 0x61, 0x36, 0x34, 0x40, 0x32, 0x30, 0x32, 0x36, 0x2d, 0x30, 0x36, 0x3a, 0x55, 0x41, 0x44, 0x41, 0x4c, 0x50, 0x5f, 0x61, 0x73, 0x69, 0x6d, 0x64, 0x6d, 0x69, 0x73, 0x63,
0x5f, 0x50, 0x55, 0x41, 0x44, 0x41, 0x4c, 0x50, 0x20, 0x3c, 0x56, 0x64, 0x3e, 0x2e, 0x3c, 0x54, 0x61, 0x3e, 0x2c, 0x20, 0x3c, 0x56, 0x6e, 0x3e, 0x2e, 0x3c, 0x54, 0x62, 0x3e, 0x61, 0x72, 0x6d,
0x2d, 0x61, 0x36, 0x34, 0x40, 0x32, 0x30, 0x32, 0x36, 0x2d, 0x30, 0x36, 0x3a, 0x55, 0x41, 0x44, 0x44, 0x4c, 0x50, 0x5f, 0x61, 0x73, 0x69, 0x6d, 0x64, 0x6d, 0x69, 0x73, 0x63, 0x5f, 0x50, 0x55,
0x41, 0x44, 0x44, 0x4c, 0x50, 0x20, 0x3c, 0x56, 0x64, 0x3e, 0x2e, 0x3c, 0x54, 0x61, 0x3e, 0x2c, 0x20, 0x3c, 0x56, 0x6e, 0x3e, 0x2e, 0x3c, 0x54, 0x62, 0x3e, 0x61, 0x72, 0x6d, 0x2d, 0x61, 0x36,
0x34, 0x40, 0x32, 0x30, 0x32, 0x36, 0x2d, 0x30, 0x36, 0x3a, 0x55, 0x41, 0x44, 0x44, 0x4c, 0x56, 0x5f, 0x61, 0x73, 0x69, 0x6d, 0x64, 0x61, 0x6c, 0x6c, 0x5f, 0x6f, 0x6e, 0x6c, 0x79, 0x55, 0x41,
0x44, 0x44, 0x4c, 0x56, 0x20, 0x3c, 0x56, 0x3e, 0x3c, 0x64, 0x3e, 0x2c, 0x20, 0x3c, 0x56, 0x6e, 0x3e, 0x2e, 0x3c, 0x54, 0x3e, 0x61, 0x72, 0x6d, 0x2d, 0x61, 0x36, 0x34, 0x40, 0x32, 0x30, 0x32,
0x36, 0x2d, 0x30, 0x36, 0x3a, 0x55, 0x43, 0x56, 0x54, 0x46, 0x5f, 0x61, 0x73, 0x69, 0x6d, 0x64, 0x6d, 0x69, 0x73, 0x63, 0x5f, 0x52, 0x55, 0x43, 0x56, 0x54, 0x46, 0x20, 0x3c, 0x56, 0x64, 0x3e,
0x2e, 0x3c, 0x54, 0x3e, 0x2c, 0x20, 0x3c, 0x56, 0x6e, 0x3e, 0x2e, 0x3c, 0x54, 0x3e, 0x61, 0x72, 0x6d, 0x2d, 0x61, 0x36, 0x34, 0x40, 0x32, 0x30, 0x32, 0x36, 0x2d, 0x30, 0x36, 0x3a, 0x55, 0x43,
0x56, 0x54, 0x46, 0x5f, 0x61, 0x73, 0x69, 0x6d, 0x64, 0x6d, 0x69, 0x73, 0x63, 0x66, 0x70, 0x31, 0x36, 0x5f, 0x52, 0x61, 0x72, 0x6d, 0x2d, 0x61, 0x36, 0x34, 0x40, 0x32, 0x30, 0x32, 0x36, 0x2d,
0x30, 0x36, 0x3a, 0x55, 0x43, 0x56, 0x54, 0x46, 0x5f, 0x61, 0x73, 0x69, 0x73, 0x64, 0x6d, 0x69, 0x73, 0x63, 0x5f, 0x52, 0x55, 0x43, 0x56, 0x54, 0x46, 0x20, 0x3c, 0x56, 0x3e, 0x3c, 0x64, 0x3e,
0x2c, 0x20, 0x3c, 0x56, 0x3e, 0x3c, 0x6e, 0x3e, 0x61, 0x72, 0x6d, 0x2d, 0x61, 0x36, 0x34, 0x40, 0x32, 0x30, 0x32, 0x36, 0x2d, 0x30, 0x36, 0x3a, 0x55, 0x43, 0x56, 0x54, 0x46, 0x5f, 0x61, 0x73,
0x69, 0x73, 0x64, 0x6d, 0x69, 0x73, 0x63, 0x66, 0x70, 0x31, 0x36, 0x5f, 0x52, 0x55, 0x43, 0x56, 0x54, 0x46, 0x20, 0x3c, 0x48, 0x64, 0x3e, 0x2c, 0x20, 0x3c, 0x48, 0x6e, 0x3e, 0x61, 0x72, 0x6d,
0x2d, 0x61, 0x36, 0x34, 0x40, 0x32, 0x30, 0x32, 0x36, 0x2d, 0x30, 0x36, 0x3a, 0x55, 0x44, 0x4f, 0x54, 0x5f, 0x61, 0x73, 0x69, 0x6d, 0x64, 0x73, 0x61, 0x6d, 0x65, 0x32, 0x5f, 0x44, 0x55, 0x44,
0x4f, 0x54, 0x20, 0x3c, 0x56, 0x64, 0x3e, 0x2e, 0x3c, 0x54, 0x61, 0x3e, 0x2c, 0x20, 0x3c, 0x56, 0x6e, 0x3e, 0x2e, 0x3c, 0x54, 0x62, 0x3e, 0x2c, 0x20, 0x3c, 0x56, 0x6d, 0x3e, 0x2e, 0x3c, 0x54,
0x62, 0x3e, 0x61, 0x72, 0x6d, 0x2d, 0x61, 0x36, 0x34, 0x40, 0x32, 0x30, 0x32, 0x36, 0x2d, 0x30, 0x36, 0x3a, 0x55, 0x48, 0x41, 0x44, 0x44, 0x5f, 0x61, 0x73, 0x69, 0x6d, 0x64, 0x73, 0x61, 0x6d,
0x65, 0x5f, 0x6f, 0x6e, 0x6c, 0x79, 0x55, 0x48, 0x41, 0x44, 0x44, 0x20, 0x3c, 0x56, 0x64, 0x3e, 0x2e, 0x3c, 0x54, 0x3e, 0x2c, 0x20, 0x3c, 0x56, 0x6e, 0x3e, 0x2e, 0x3c, 0x54, 0x3e, 0x2c, 0x20,
0x3c, 0x56, 0x6d, 0x3e, 0x2e, 0x3c, 0x54, 0x3e, 0x61, 0x72, 0x6d, 0x2d, 0x61, 0x36, 0x34, 0x40, 0x32, 0x30, 0x32, 0x36, 0x2d, 0x30, 0x36, 0x3a, 0x55, 0x48, 0x53, 0x55, 0x42, 0x5f, 0x61, 0x73,
0x69, 0x6d, 0x64, 0x73, 0x61, 0x6d, 0x65, 0x5f, 0x6f, 0x6e, 0x6c, 0x79, 0x55, 0x48, 0x53, 0x55, 0x42, 0x20, 0x3c, 0x56, 0x64, 0x3e, 0x2e, 0x3c, 0x54, 0x3e, 0x2c, 0x20, 0x3c, 0x56, 0x6e, 0x3e,
0x2e, 0x3c, 0x54, 0x3e, 0x2c, 0x20, 0x3c, 0x56, 0x6d, 0x3e, 0x2e, 0x3c, 0x54, 0x3e, 0x61, 0x72, 0x6d, 0x2d, 0x61, 0x36, 0x34, 0x40, 0x32, 0x30, 0x32, 0x36, 0x2d, 0x30, 0x36, 0x3a, 0x55, 0x4d,
0x41, 0x58, 0x50, 0x5f, 0x61, 0x73, 0x69, 0x6d, 0x64, 0x73, 0x61, 0x6d, 0x65, 0x5f, 0x6f, 0x6e, 0x6c, 0x79, 0x55, 0x4d, 0x41, 0x58, 0x50, 0x20, 0x3c, 0x56, 0x64, 0x3e, 0x2e, 0x3c, 0x54, 0x3e,
0x2c, 0x20, 0x3c, 0x56, 0x6e, 0x3e, 0x2e, 0x3c, 0x54, 0x3e, 0x2c, 0x20, 0x3c, 0x56, 0x6d, 0x3e, 0x2e, 0x3c, 0x54, 0x3e, 0x61, 0x72, 0x6d, 0x2d, 0x61, 0x36, 0x34, 0x40, 0x32, 0x30, 0x32, 0x36,
0x2d, 0x30, 0x36, 0x3a, 0x55, 0x4d, 0x41, 0x58, 0x56, 0x5f, 0x61, 0x73, 0x69, 0x6d, 0x64, 0x61, 0x6c, 0x6c, 0x5f, 0x6f, 0x6e, 0x6c, 0x79, 0x55, 0x4d, 0x41, 0x58, 0x56, 0x20, 0x3c, 0x56, 0x3e,
0x3c, 0x64, 0x3e, 0x2c, 0x20, 0x3c, 0x56, 0x6e, 0x3e, 0x2e, 0x3c, 0x54, 0x3e, 0x61, 0x72, 0x6d, 0x2d, 0x61, 0x36, 0x34, 0x40, 0x32, 0x30, 0x32, 0x36, 0x2d, 0x30, 0x36, 0x3a, 0x55, 0x4d, 0x41,
0x58, 0x5f, 0x61, 0x73, 0x69, 0x6d, 0x64, 0x73, 0x61, 0x6d, 0x65, 0x5f, 0x6f, 0x6e, 0x6c, 0x79, 0x55, 0x4d, 0x41, 0x58, 0x20, 0x3c, 0x56, 0x64, 0x3e, 0x2e, 0x3c, 0x54, 0x3e, 0x2c, 0x20, 0x3c,
0x56, 0x6e, 0x3e, 0x2e, 0x3c, 0x54, 0x3e, 0x2c, 0x20, 0x3c, 0x56, 0x6d, 0x3e, 0x2e, 0x3c, 0x54, 0x3e, 0x61, 0x72, 0x6d, 0x2d, 0x61, 0x36, 0x34, 0x40, 0x32, 0x30, 0x32, 0x36, 0x2d, 0x30, 0x36,
0x3a, 0x55, 0x4d, 0x49, 0x4e, 0x50, 0x5f, 0x61, 0x73, 0x69, 0x6d, 0x64, 0x73, 0x61, 0x6d, 0x65, 0x5f, 0x6f, 0x6e, 0x6c, 0x79, 0x55, 0x4d, 0x49, 0x4e, 0x50, 0x20, 0x3c, 0x56, 0x64, 0x3e, 0x2e,
0x3c, 0x54, 0x3e, 0x2c, 0x20, 0x3c, 0x56, 0x6e, 0x3e, 0x2e, 0x3c, 0x54, 0x3e, 0x2c, 0x20, 0x3c, 0x56, 0x6d, 0x3e, 0x2e, 0x3c, 0x54, 0x3e, 0x61, 0x72, 0x6d, 0x2d, 0x61, 0x36, 0x34, 0x40, 0x32,
0x30, 0x32, 0x36, 0x2d, 0x30, 0x36, 0x3a, 0x55, 0x4d, 0x49, 0x4e, 0x56, 0x5f, 0x61, 0x73, 0x69, 0x6d, 0x64, 0x61, 0x6c, 0x6c, 0x5f, 0x6f, 0x6e, 0x6c, 0x79, 0x55, 0x4d, 0x49, 0x4e, 0x56, 0x20,
0x3c, 0x56, 0x3e, 0x3c, 0x64, 0x3e, 0x2c, 0x20, 0x3c, 0x56, 0x6e, 0x3e, 0x2e, 0x3c, 0x54, 0x3e, 0x61, 0x72, 0x6d, 0x2d, 0x61, 0x36, 0x34, 0x40, 0x32, 0x30, 0x32, 0x36, 0x2d, 0x30, 0x36, 0x3a,
0x55, 0x4d, 0x49, 0x4e, 0x5f, 0x61, 0x73, 0x69, 0x6d, 0x64, 0x73, 0x61, 0x6d, 0x65, 0x5f, 0x6f, 0x6e, 0x6c, 0x79, 0x55, 0x4d, 0x49, 0x4e, 0x20, 0x3c, 0x56, 0x64, 0x3e, 0x2e, 0x3c, 0x54, 0x3e,
0x2c, 0x20, 0x3c, 0x56, 0x6e, 0x3e, 0x2e, 0x3c, 0x54, 0x3e, 0x2c, 0x20, 0x3c, 0x56, 0x6d, 0x3e, 0x2e, 0x3c, 0x54, 0x3e, 0x61, 0x72, 0x6d, 0x2d, 0x61, 0x36, 0x34, 0x40, 0x32, 0x30, 0x32, 0x36,
0x2d, 0x30, 0x36, 0x3a, 0x55, 0x51, 0x41, 0x44, 0x44, 0x5f, 0x61, 0x73, 0x69, 0x6d, 0x64, 0x73, 0x61, 0x6d, 0x65, 0x5f, 0x6f, 0x6e, 0x6c, 0x79, 0x55, 0x51, 0x41, 0x44, 0x44, 0x20, 0x3c, 0x56,
0x64, 0x3e, 0x2e, 0x3c, 0x54, 0x3e, 0x2c, 0x20, 0x3c, 0x56, 0x6e, 0x3e, 0x2e, 0x3c, 0x54, 0x3e, 0x2c, 0x20, 0x3c, 0x56, 0x6d, 0x3e, 0x2e, 0x3c, 0x54, 0x3e, 0x61, 0x72, 0x6d, 0x2d, 0x61, 0x36,
0x34, 0x40, 0x32, 0x30, 0x32, 0x36, 0x2d, 0x30, 0x36, 0x3a, 0x55, 0x51, 0x41, 0x44, 0x44, 0x5f, 0x61, 0x73, 0x69, 0x73, 0x64, 0x73, 0x61, 0x6d, 0x65, 0x5f, 0x6f, 0x6e, 0x6c, 0x79, 0x55, 0x51,
0x41, 0x44, 0x44, 0x20, 0x3c, 0x56, 0x3e, 0x3c, 0x64, 0x3e, 0x2c, 0x20, 0x3c, 0x56, 0x3e, 0x3c, 0x6e, 0x3e, 0x2c, 0x20, 0x3c, 0x56, 0x3e, 0x3c, 0x6d, 0x3e, 0x61, 0x72, 0x6d, 0x2d, 0x61, 0x36,
0x34, 0x40, 0x32, 0x30, 0x32, 0x36, 0x2d, 0x30, 0x36, 0x3a, 0x55, 0x51, 0x52, 0x53, 0x48, 0x4c, 0x5f, 0x61, 0x73, 0x69, 0x6d, 0x64, 0x73, 0x61, 0x6d, 0x65, 0x5f, 0x6f, 0x6e, 0x6c, 0x79, 0x55,
0x51, 0x52, 0x53, 0x48, 0x4c, 0x20, 0x3c, 0x56, 0x64, 0x3e, 0x2e, 0x3c, 0x54, 0x3e, 0x2c, 0x20, 0x3c, 0x56, 0x6e, 0x3e, 0x2e, 0x3c, 0x54, 0x3e, 0x2c, 0x20, 0x3c, 0x56, 0x6d, 0x3e, 0x2e, 0x3c,
0x54, 0x3e, 0x61, 0x72, 0x6d, 0x2d, 0x61, 0x36, 0x34, 0x40, 0x32, 0x30, 0x32, 0x36, 0x2d, 0x30, 0x36, 0x3a, 0x55, 0x51, 0x52, 0x53, 0x48, 0x4c, 0x5f, 0x61, 0x73, 0x69, 0x73, 0x64, 0x73, 0x61,
0x6d, 0x65, 0x5f, 0x6f, 0x6e, 0x6c, 0x79, 0x55, 0x51, 0x52, 0x53, 0x48, 0x4c, 0x20, 0x3c, 0x56, 0x3e, 0x3c, 0x64, 0x3e, 0x2c, 0x20, 0x3c, 0x56, 0x3e, 0x3c, 0x6e, 0x3e, 0x2c, 0x20, 0x3c, 0x56,
0x3e, 0x3c, 0x6d, 0x3e, 0x61, 0x72, 0x6d, 0x2d, 0x61, 0x36, 0x34, 0x40, 0x32, 0x30, 0x32, 0x36, 0x2d, 0x30, 0x36, 0x3a, 0x55, 0x51, 0x53, 0x48, 0x4c, 0x5f, 0x61, 0x73, 0x69, 0x6d, 0x64, 0x73,
0x61, 0x6d, 0x65, 0x5f, 0x6f, 0x6e, 0x6c, 0x79, 0x55, 0x51, 0x53, 0x48, 0x4c, 0x20, 0x3c, 0x56, 0x64, 0x3e, 0x2e, 0x3c, 0x54, 0x3e, 0x2c, 0x20, 0x3c, 0x56, 0x6e, 0x3e, 0x2e, 0x3c, 0x54, 0x3e,
0x2c, 0x20, 0x3c, 0x56, 0x6d, 0x3e, 0x2e, 0x3c, 0x54, 0x3e, 0x61, 0x72, 0x6d, 0x2d, 0x61, 0x36, 0x34, 0x40, 0x32, 0x30, 0x32, 0x36, 0x2d, 0x30, 0x36, 0x3a, 0x55, 0x51, 0x53, 0x48, 0x4c, 0x5f,
0x61, 0x73, 0x69, 0x73, 0x64, 0x73, 0x61, 0x6d, 0x65, 0x5f, 0x6f, 0x6e, 0x6c, 0x79, 0x55, 0x51, 0x53, 0x48, 0x4c, 0x20, 0x3c, 0x56, 0x3e, 0x3c, 0x64, 0x3e, 0x2c, 0x20, 0x3c, 0x56, 0x3e, 0x3c,
0x6e, 0x3e, 0x2c, 0x20, 0x3c, 0x56, 0x3e, 0x3c, 0x6d, 0x3e, 0x61, 0x72, 0x6d, 0x2d, 0x61, 0x36, 0x34, 0x40, 0x32, 0x30, 0x32, 0x36, 0x2d, 0x30, 0x36, 0x3a, 0x55, 0x51, 0x53, 0x55, 0x42, 0x5f,
0x61, 0x73, 0x69, 0x6d, 0x64, 0x73, 0x61, 0x6d, 0x65, 0x5f, 0x6f, 0x6e, 0x6c, 0x79, 0x55, 0x51, 0x53, 0x55, 0x42, 0x20, 0x3c, 0x56, 0x64, 0x3e, 0x2e, 0x3c, 0x54, 0x3e, 0x2c, 0x20, 0x3c, 0x56,
0x6e, 0x3e, 0x2e, 0x3c, 0x54, 0x3e, 0x2c, 0x20, 0x3c, 0x56, 0x6d, 0x3e, 0x2e, 0x3c, 0x54, 0x3e, 0x61, 0x72, 0x6d, 0x2d, 0x61, 0x36, 0x34, 0x40, 0x32, 0x30, 0x32, 0x36, 0x2d, 0x30, 0x36, 0x3a,
0x55, 0x51, 0x53, 0x55, 0x42, 0x5f, 0x61, 0x73, 0x69, 0x73, 0x64, 0x73, 0x61, 0x6d, 0x65, 0x5f, 0x6f, 0x6e, 0x6c, 0x79, 0x55, 0x51, 0x53, 0x55, 0x42, 0x20, 0x3c, 0x56, 0x3e, 0x3c, 0x64, 0x3e,
0x2c, 0x20, 0x3c, 0x56, 0x3e, 0x3c, 0x6e, 0x3e, 0x2c, 0x20, 0x3c, 0x56, 0x3e, 0x3c, 0x6d, 0x3e, 0x61, 0x72, 0x6d, 0x2d, 0x61, 0x36, 0x34, 0x40, 0x32, 0x30, 0x32, 0x36, 0x2d, 0x30, 0x36, 0x3a,
0x55, 0x51, 0x58, 0x54, 0x4e, 0x5f, 0x61, 0x73, 0x69, 0x73, 0x64, 0x6d, 0x69, 0x73, 0x63, 0x5f, 0x4e, 0x55, 0x51, 0x58, 0x54, 0x4e, 0x20, 0x3c, 0x56, 0x62, 0x3e, 0x3c, 0x64, 0x3e, 0x2c, 0x20,
0x3c, 0x56, 0x61, 0x3e, 0x3c, 0x6e, 0x3e, 0x61, 0x72, 0x6d, 0x2d, 0x61, 0x36, 0x34, 0x40, 0x32, 0x30, 0x32, 0x36, 0x2d, 0x30, 0x36, 0x3a, 0x55, 0x52, 0x45, 0x43, 0x50, 0x45, 0x5f, 0x61, 0x73,
0x69, 0x6d, 0x64, 0x6d, 0x69, 0x73, 0x63, 0x5f, 0x52, 0x55, 0x52, 0x45, 0x43, 0x50, 0x45, 0x20, 0x3c, 0x56, 0x64, 0x3e, 0x2e, 0x3c, 0x54, 0x3e, 0x2c, 0x20, 0x3c, 0x56, 0x6e, 0x3e, 0x2e, 0x3c,
0x54, 0x3e, 0x61, 0x72, 0x6d, 0x2d, 0x61, 0x36, 0x34, 0x40, 0x32, 0x30, 0x32, 0x36, 0x2d, 0x30, 0x36, 0x3a, 0x55, 0x52, 0x48, 0x41, 0x44, 0x44, 0x5f, 0x61, 0x73, 0x69, 0x6d, 0x64, 0x73, 0x61,
0x6d, 0x65, 0x5f, 0x6f, 0x6e, 0x6c, 0x79, 0x55, 0x52, 0x48, 0x41, 0x44, 0x44, 0x20, 0x3c, 0x56, 0x64, 0x3e, 0x2e, 0x3c, 0x54, 0x3e, 0x2c, 0x20, 0x3c, 0x56, 0x6e, 0x3e, 0x2e, 0x3c, 0x54, 0x3e,
0x2c, 0x20, 0x3c, 0x56, 0x6d, 0x3e, 0x2e, 0x3c, 0x54, 0x3e, 0x61, 0x72, 0x6d, 0x2d, 0x61, 0x36, 0x34, 0x40, 0x32, 0x30, 0x32, 0x36, 0x2d, 0x30, 0x36, 0x3a, 0x55, 0x52, 0x53, 0x48, 0x4c, 0x5f,
0x61, 0x73, 0x69, 0x6d, 0x64, 0x73, 0x61, 0x6d, 0x65, 0x5f, 0x6f, 0x6e, 0x6c, 0x79, 0x55, 0x52, 0x53, 0x48, 0x4c, 0x20, 0x3c, 0x56, 0x64, 0x3e, 0x2e, 0x3c, 0x54, 0x3e, 0x2c, 0x20, 0x3c, 0x56,
0x6e, 0x3e, 0x2e, 0x3c, 0x54, 0x3e, 0x2c, 0x20, 0x3c, 0x56, 0x6d, 0x3e, 0x2e, 0x3c, 0x54, 0x3e, 0x61, 0x72, 0x6d, 0x2d, 0x61, 0x36, 0x34, 0x40, 0x32, 0x30, 0x32, 0x36, 0x2d, 0x30, 0x36, 0x3a,
0x55, 0x52, 0x53, 0x48, 0x4c, 0x5f, 0x61, 0x73, 0x69, 0x73, 0x64, 0x73, 0x61, 0x6d, 0x65, 0x5f, 0x6f, 0x6e, 0x6c, 0x79, 0x55, 0x52, 0x53, 0x48, 0x4c, 0x20, 0x44, 0x3c, 0x64, 0x3e, 0x2c, 0x20,
0x44, 0x3c, 0x6e, 0x3e, 0x2c, 0x20, 0x44, 0x3c, 0x6d, 0x3e, 0x61, 0x72, 0x6d, 0x2d, 0x61, 0x36, 0x34, 0x40, 0x32, 0x30, 0x32, 0x36, 0x2d, 0x30, 0x36, 0x3a, 0x55, 0x52, 0x53, 0x51, 0x52, 0x54,
0x45, 0x5f, 0x61, 0x73, 0x69, 0x6d, 0x64, 0x6d, 0x69, 0x73, 0x63, 0x5f, 0x52, 0x55, 0x52, 0x53, 0x51, 0x52, 0x54, 0x45, 0x20, 0x3c, 0x56, 0x64, 0x3e, 0x2e, 0x3c, 0x54, 0x3e, 0x2c, 0x20, 0x3c,
0x56, 0x6e, 0x3e, 0x2e, 0x3c, 0x54, 0x3e, 0x61, 0x72, 0x6d, 0x2d, 0x61, 0x36, 0x34, 0x40, 0x32, 0x30, 0x32, 0x36, 0x2d, 0x30, 0x36, 0x3a, 0x55, 0x53, 0x48, 0x4c, 0x5f, 0x61, 0x73, 0x69, 0x6d,
0x64, 0x73, 0x61, 0x6d, 0x65, 0x5f, 0x6f, 0x6e, 0x6c, 0x79, 0x55, 0x53, 0x48, 0x4c, 0x20, 0x3c, 0x56, 0x64, 0x3e, 0x2e, 0x3c, 0x54, 0x3e, 0x2c, 0x20, 0x3c, 0x56, 0x6e, 0x3e, 0x2e, 0x3c, 0x54,
0x3e, 0x2c, 0x20, 0x3c, 0x56, 0x6d, 0x3e, 0x2e, 0x3c, 0x54, 0x3e, 0x61, 0x72, 0x6d, 0x2d, 0x61, 0x36, 0x34, 0x40, 0x32, 0x30, 0x32, 0x36, 0x2d, 0x30, 0x36, 0x3a, 0x55, 0x53, 0x48, 0x4c, 0x5f,
0x61, 0x73, 0x69, 0x73, 0x64, 0x73, 0x61, 0x6d, 0x65, 0x5f, 0x6f, 0x6e, 0x6c, 0x79, 0x55, 0x53, 0x48, 0x4c, 0x20, 0x44, 0x3c, 0x64, 0x3e, 0x2c, 0x20, 0x44, 0x3c, 0x6e, 0x3e, 0x2c, 0x20, 0x44,
0x3c, 0x6d, 0x3e, 0x61, 0x72, 0x6d, 0x2d, 0x61, 0x36, 0x34, 0x40, 0x32, 0x30, 0x32, 0x36, 0x2d, 0x30, 0x36, 0x3a, 0x55, 0x53, 0x51, 0x41, 0x44, 0x44, 0x5f, 0x61, 0x73, 0x69, 0x6d, 0x64, 0x6d,
0x69, 0x73, 0x63, 0x5f, 0x52, 0x55, 0x53, 0x51, 0x41, 0x44, 0x44, 0x20, 0x3c, 0x56, 0x64, 0x3e, 0x2e, 0x3c, 0x54, 0x3e, 0x2c, 0x20, 0x3c, 0x56, 0x6e, 0x3e, 0x2e, 0x3c, 0x54, 0x3e, 0x61, 0x72,
0x6d, 0x2d, 0x61, 0x36, 0x34, 0x40, 0x32, 0x30, 0x32, 0x36, 0x2d, 0x30, 0x36, 0x3a, 0x55, 0x53, 0x51, 0x41, 0x44, 0x44, 0x5f, 0x61, 0x73, 0x69, 0x73, 0x64, 0x6d, 0x69, 0x73, 0x63, 0x5f, 0x52,
0x55, 0x53, 0x51, 0x41, 0x44, 0x44, 0x20, 0x3c, 0x56, 0x3e, 0x3c, 0x64, 0x3e, 0x2c, 0x20, 0x3c, 0x56, 0x3e, 0x3c, 0x6e, 0x3e, 0x61, 0x72, 0x6d, 0x2d, 0x61, 0x36, 0x34, 0x40, 0x32, 0x30, 0x32,
0x36, 0x2d, 0x30, 0x36, 0x3a, 0x55, 0x5a, 0x50, 0x31, 0x5f, 0x61, 0x73, 0x69, 0x6d, 0x64, 0x70, 0x65, 0x72, 0x6d, 0x5f, 0x6f, 0x6e, 0x6c, 0x79, 0x55, 0x5a, 0x50, 0x31, 0x20, 0x3c, 0x56, 0x64,
0x3e, 0x2e, 0x3c, 0x54, 0x3e, 0x2c, 0x20, 0x3c, 0x56, 0x6e, 0x3e, 0x2e, 0x3c, 0x54, 0x3e, 0x2c, 0x20, 0x3c, 0x56, 0x6d, 0x3e, 0x2e, 0x3c, 0x54, 0x3e, 0x61, 0x72, 0x6d, 0x2d, 0x61, 0x36, 0x34,
0x40, 0x32, 0x30, 0x32, 0x36, 0x2d, 0x30, 0x36, 0x3a, 0x55, 0x5a, 0x50, 0x32, 0x5f, 0x61, 0x73, 0x69, 0x6d, 0x64, 0x70, 0x65, 0x72, 0x6d, 0x5f, 0x6f, 0x6e, 0x6c, 0x79, 0x55, 0x5a, 0x50, 0x32,
0x20, 0x3c, 0x56, 0x64, 0x3e, 0x2e, 0x3c, 0x54, 0x3e, 0x2c, 0x20, 0x3c, 0x56, 0x6e, 0x3e, 0x2e, 0x3c, 0x54, 0x3e, 0x2c, 0x20, 0x3c, 0x56, 0x6d, 0x3e, 0x2e, 0x3c, 0x54, 0x3e, 0x61, 0x72, 0x6d,
0x2d, 0x61, 0x36, 0x34, 0x40, 0x32, 0x30, 0x32, 0x36, 0x2d, 0x30, 0x36, 0x3a, 0x5a, 0x49, 0x50, 0x31, 0x5f, 0x61, 0x73, 0x69, 0x6d, 0x64, 0x70, 0x65, 0x72, 0x6d, 0x5f, 0x6f, 0x6e, 0x6c, 0x79,
0x5a, 0x49, 0x50, 0x31, 0x20, 0x3c, 0x56, 0x64, 0x3e, 0x2e, 0x3c, 0x54, 0x3e, 0x2c, 0x20, 0x3c, 0x56, 0x6e, 0x3e, 0x2e, 0x3c, 0x54, 0x3e, 0x2c, 0x20, 0x3c, 0x56, 0x6d, 0x3e, 0x2e, 0x3c, 0x54,
0x3e, 0x61, 0x72, 0x6d, 0x2d, 0x61, 0x36, 0x34, 0x40, 0x32, 0x30, 0x32, 0x36, 0x2d, 0x30, 0x36, 0x3a, 0x5a, 0x49, 0x50, 0x32, 0x5f, 0x61, 0x73, 0x69, 0x6d, 0x64, 0x70, 0x65, 0x72, 0x6d, 0x5f,
0x6f, 0x6e, 0x6c, 0x79, 0x5a, 0x49, 0x50, 0x32, 0x20, 0x3c, 0x56, 0x64, 0x3e, 0x2e, 0x3c, 0x54, 0x3e, 0x2c, 0x20, 0x3c, 0x56, 0x6e, 0x3e, 0x2e, 0x3c, 0x54, 0x3e, 0x2c, 0x20, 0x3c, 0x56, 0x6d,
0x3e, 0x2e, 0x3c, 0x54, 0x3e
};

static const BusterA64DirectSIMDGeneratedRow buster_a64_direct_simd_generated_rows[] = {
    { 0u, 0u, UINT64_C(0xfea2e56971759532), 0u, 31u, 31u, 22u, 4u, 1u },
    { 1u, 1u, UINT64_C(0x29cfa5a7b75f135a), 53u, 31u, 84u, 14u, 2u, 1u },
    { 2u, 7u, UINT64_C(0xabb728ab3eaf08aa), 98u, 35u, 133u, 33u, 6u, 1u },
    { 3u, 8u, UINT64_C(0x98b8e2d558091216), 166u, 35u, 201u, 18u, 2u, 1u },
    { 4u, 15u, UINT64_C(0x1ab2788d7662a6a1), 219u, 34u, 253u, 21u, 4u, 1u },
    { 5u, 22u, UINT64_C(0x979101fa1dd62d38), 274u, 34u, 308u, 32u, 6u, 1u },
    { 6u, 23u, UINT64_C(0x1f1182a2f55aaad9), 340u, 34u, 374u, 20u, 3u, 1u },
    { 7u, 26u, UINT64_C(0x6cacc320d32f7696), 394u, 32u, 426u, 23u, 2u, 1u },
    { 8u, 27u, UINT64_C(0x64d13665bc040990), 449u, 32u, 481u, 23u, 2u, 1u },
    { 9u, 28u, UINT64_C(0xafd75da1d5d14815), 504u, 34u, 538u, 25u, 2u, 1u },
    { 10u, 29u, UINT64_C(0x6a644c32fd7849e2), 563u, 33u, 596u, 24u, 2u, 1u },
    { 11u, 38u, UINT64_C(0x52df93db3d4db99d), 620u, 34u, 654u, 32u, 6u, 1u },
    { 12u, 61u, UINT64_C(0xfab88050fa075b6f), 686u, 34u, 720u, 43u, 4u, 1u },
    { 13u, 74u, UINT64_C(0x70338c1f69cbc030), 763u, 34u, 797u, 32u, 6u, 1u },
    { 14u, 75u, UINT64_C(0x9213cc7938be02c1), 829u, 34u, 863u, 32u, 6u, 1u },
    { 15u, 76u, UINT64_C(0x16db4b3233bce730), 895u, 34u, 929u, 32u, 6u, 1u },
    { 16u, 89u, UINT64_C(0x8820b97199de36f3), 961u, 34u, 995u, 32u, 6u, 1u },
    { 17u, 137u, UINT64_C(0xc9168638e385e157), 1027u, 31u, 1058u, 22u, 4u, 1u },
    { 18u, 140u, UINT64_C(0x0b1fe309be6bba71), 1080u, 31u, 1111u, 22u, 4u, 1u },
    { 19u, 142u, UINT64_C(0x4bcb414feaab1fcd), 1133u, 35u, 1168u, 33u, 6u, 1u },
    { 20u, 144u, UINT64_C(0xf0069bc3f3d78400), 1201u, 35u, 1236u, 21u, 3u, 1u },
    { 21u, 146u, UINT64_C(0x25ce34475d72334d), 1257u, 35u, 1292u, 33u, 6u, 1u },
    { 22u, 148u, UINT64_C(0x6eacba4e96135495), 1325u, 35u, 1360u, 21u, 3u, 1u },
    { 23u, 150u, UINT64_C(0x0adc2e6aa5173fc0), 1381u, 35u, 1416u, 33u, 6u, 1u },
    { 24u, 152u, UINT64_C(0x92e7ff05957ea047), 1449u, 35u, 1484u, 21u, 3u, 1u },
    { 25u, 153u, UINT64_C(0x87794c35ce3a68d0), 1505u, 35u, 1540u, 33u, 6u, 1u },
    { 26u, 154u, UINT64_C(0xaa949f7d1f29089a), 1573u, 35u, 1608u, 21u, 3u, 1u },
    { 27u, 155u, UINT64_C(0x3bb8226d654e604d), 1629u, 35u, 1664u, 33u, 6u, 1u },
    { 28u, 156u, UINT64_C(0xab6a959d4a8cbef3), 1697u, 35u, 1732u, 21u, 3u, 1u },
    { 29u, 173u, UINT64_C(0xe637c1caae107056), 1753u, 36u, 1789u, 34u, 6u, 1u },
    { 30u, 174u, UINT64_C(0x4a1317795dfc29c9), 1823u, 36u, 1859u, 22u, 3u, 1u },
    { 31u, 177u, UINT64_C(0x79f29c4b7493d8fc), 1881u, 31u, 1912u, 22u, 4u, 1u },
    { 32u, 207u, UINT64_C(0xe6799413838aec2f), 1934u, 33u, 1967u, 20u, 4u, 1u },
    { 33u, 213u, UINT64_C(0x9a2c72cc6e6d8045), 1987u, 34u, 2021u, 43u, 4u, 1u },
    { 34u, 218u, UINT64_C(0xa6d57e7ad7709737), 2064u, 34u, 2098u, 32u, 6u, 1u },
    { 35u, 226u, UINT64_C(0x3aaa3148c5355eb8), 2130u, 35u, 2165u, 33u, 6u, 1u },
    { 36u, 227u, UINT64_C(0xeccb3d01478f107a), 2198u, 39u, 2165u, 33u, 6u, 1u },
    { 37u, 228u, UINT64_C(0x2cdab270dc0ab4a2), 2237u, 35u, 2272u, 27u, 6u, 1u },
    { 38u, 229u, UINT64_C(0x8459dce91a7b0745), 2299u, 39u, 2338u, 21u, 3u, 1u },
    { 39u, 230u, UINT64_C(0x39e725dee11116b4), 2359u, 31u, 2390u, 15u, 2u, 1u },
    { 40u, 231u, UINT64_C(0x45758f3e89ff2d7c), 2405u, 31u, 2436u, 15u, 2u, 1u },
    { 41u, 232u, UINT64_C(0xf59a9698b7dd189a), 2451u, 31u, 2482u, 15u, 2u, 1u },
    { 42u, 233u, UINT64_C(0x36f968f48051514a), 2497u, 32u, 2529u, 23u, 4u, 1u },
    { 43u, 234u, UINT64_C(0x4a4040d9c77df4e6), 2552u, 36u, 2529u, 23u, 4u, 1u },
    { 44u, 235u, UINT64_C(0x4f2647a83e1148e2), 2588u, 36u, 2624u, 34u, 6u, 1u },
    { 45u, 236u, UINT64_C(0x7dfd30a750682261), 2658u, 40u, 2624u, 34u, 6u, 1u },
    { 46u, 237u, UINT64_C(0x5b5c70d9b7166913), 2698u, 36u, 2734u, 28u, 6u, 1u },
    { 47u, 238u, UINT64_C(0x867bd108f2152b89), 2762u, 40u, 2802u, 22u, 3u, 1u },
    { 48u, 239u, UINT64_C(0x19ad4ce0297dd364), 2824u, 36u, 2860u, 34u, 6u, 1u },
    { 49u, 240u, UINT64_C(0x1c3144f7e9fc3d66), 2894u, 40u, 2860u, 34u, 6u, 1u },
    { 50u, 241u, UINT64_C(0x7c16f71cfba82dd1), 2934u, 36u, 2970u, 28u, 6u, 1u },
    { 51u, 242u, UINT64_C(0xb492e8579be4e6c5), 2998u, 40u, 3038u, 22u, 3u, 1u },
    { 52u, 243u, UINT64_C(0xef5ccee40ed3b7a9), 3060u, 36u, 3096u, 34u, 6u, 1u },
    { 53u, 244u, UINT64_C(0xe8ad7e0069b990e6), 3130u, 40u, 3096u, 34u, 6u, 1u },
    { 54u, 245u, UINT64_C(0x8b9efc88b9785f10), 3170u, 38u, 3208u, 19u, 2u, 1u },
    { 55u, 246u, UINT64_C(0xc08216e60faa00f1), 3227u, 39u, 3266u, 22u, 4u, 1u },
    { 56u, 247u, UINT64_C(0x24fe9bae9c51ccd5), 3288u, 31u, 3319u, 21u, 3u, 1u },
    { 57u, 248u, UINT64_C(0xfd3ed77c6e43d89d), 3340u, 31u, 3371u, 21u, 3u, 1u },
    { 58u, 249u, UINT64_C(0xacf2c43a6428088e), 3392u, 31u, 3423u, 21u, 3u, 1u },
    { 59u, 250u, UINT64_C(0xc9074ffe725f66e2), 3444u, 35u, 3479u, 33u, 6u, 1u },
    { 60u, 251u, UINT64_C(0x2129a5001b94b178), 3512u, 39u, 3479u, 33u, 6u, 1u },
    { 61u, 261u, UINT64_C(0x8dd7fb0e6e2d0e90), 3551u, 36u, 3587u, 34u, 6u, 1u },
    { 62u, 262u, UINT64_C(0x928c0820e962783c), 3621u, 40u, 3587u, 34u, 6u, 1u },
    { 63u, 265u, UINT64_C(0xbc6537df310541d3), 3661u, 36u, 3697u, 28u, 6u, 1u },
    { 64u, 266u, UINT64_C(0xa717cf4ad6ae012f), 3725u, 40u, 3765u, 22u, 3u, 1u },
    { 65u, 269u, UINT64_C(0x3d5884765339045f), 3787u, 36u, 3823u, 34u, 6u, 1u },
    { 66u, 270u, UINT64_C(0x947d5d7aedb1f102), 3857u, 40u, 3823u, 34u, 6u, 1u },
    { 67u, 273u, UINT64_C(0xa4523fd8a661e9c3), 3897u, 36u, 3933u, 28u, 6u, 1u },
    { 68u, 274u, UINT64_C(0x1a7a6e28137b76cd), 3961u, 40u, 4001u, 22u, 3u, 1u },
    { 69u, 277u, UINT64_C(0x1046056aa1eb048e), 4023u, 36u, 4059u, 34u, 6u, 1u },
    { 70u, 278u, UINT64_C(0xe27fd863ab16906f), 4093u, 40u, 4059u, 34u, 6u, 1u },
    { 71u, 281u, UINT64_C(0xcd717cac1550eac6), 4133u, 36u, 4169u, 28u, 6u, 1u },
    { 72u, 282u, UINT64_C(0x176d7f8bff8af329), 4197u, 40u, 4237u, 22u, 3u, 1u },
    { 73u, 294u, UINT64_C(0x619a154570b3b61a), 4259u, 32u, 4291u, 16u, 2u, 1u },
    { 74u, 296u, UINT64_C(0x4fc3e86312b40b5a), 4307u, 32u, 4339u, 16u, 2u, 1u },
    { 75u, 298u, UINT64_C(0x713b8bd2f7c3198f), 4355u, 32u, 4387u, 16u, 2u, 1u },
    { 76u, 300u, UINT64_C(0xc980d99c3ea0fd5b), 4403u, 31u, 4434u, 15u, 2u, 1u },
    { 77u, 302u, UINT64_C(0x88b52875afab530c), 4449u, 31u, 4480u, 15u, 2u, 1u },
    { 78u, 304u, UINT64_C(0x806ab6babb1e173b), 4495u, 31u, 4526u, 15u, 2u, 1u },
    { 79u, 305u, UINT64_C(0x334422a1dbe54a6a), 4541u, 32u, 4573u, 30u, 4u, 1u },
    { 80u, 306u, UINT64_C(0x942ac11ca7582058), 4603u, 32u, 4635u, 30u, 4u, 1u },
    { 81u, 307u, UINT64_C(0x39955c862311f855), 4665u, 32u, 4697u, 30u, 4u, 1u },
    { 82u, 308u, UINT64_C(0xbd156ab773e3db2d), 4727u, 36u, 4763u, 17u, 2u, 1u },
    { 83u, 309u, UINT64_C(0x913328683e893c88), 4780u, 36u, 4816u, 17u, 2u, 1u },
    { 84u, 310u, UINT64_C(0xac161d00b51920b9), 4833u, 36u, 4869u, 17u, 2u, 1u },
    { 85u, 311u, UINT64_C(0x5eda5c8f175dd96e), 4886u, 36u, 4922u, 17u, 2u, 1u },
    { 86u, 312u, UINT64_C(0xedf3d0506bbe827a), 4939u, 36u, 4975u, 17u, 2u, 1u },
    { 87u, 313u, UINT64_C(0x27af20ba2edd15e5), 4992u, 36u, 5028u, 17u, 2u, 1u },
    { 88u, 314u, UINT64_C(0x4f0d4aa444a703c3), 5045u, 34u, 5079u, 25u, 4u, 1u },
    { 89u, 315u, UINT64_C(0xb136a8c538688714), 5104u, 38u, 5079u, 25u, 4u, 1u },
    { 90u, 316u, UINT64_C(0xe28363804fefc9c0), 5142u, 34u, 5176u, 21u, 4u, 1u },
    { 91u, 317u, UINT64_C(0xd33905a6110a18df), 5197u, 38u, 5235u, 17u, 2u, 1u },
    { 92u, 318u, UINT64_C(0x3e813e6b1e499209), 5252u, 36u, 5288u, 17u, 2u, 1u },
    { 93u, 319u, UINT64_C(0x4de0c9e8dfb514c1), 5305u, 36u, 5341u, 17u, 2u, 1u },
    { 94u, 320u, UINT64_C(0x68d8a09a27183810), 5358u, 36u, 5394u, 17u, 2u, 1u },
    { 95u, 321u, UINT64_C(0x7dede17ec2c4de3b), 5411u, 36u, 5447u, 17u, 2u, 1u },
    { 96u, 322u, UINT64_C(0xe474e9242969ced3), 5464u, 36u, 5500u, 17u, 2u, 1u },
    { 97u, 323u, UINT64_C(0x232bd56f2551067c), 5517u, 36u, 5553u, 17u, 2u, 1u },
    { 98u, 324u, UINT64_C(0xb808fc3eabf4f50c), 5570u, 34u, 5604u, 25u, 4u, 1u },
    { 99u, 325u, UINT64_C(0xb619bd066b0e781c), 5629u, 38u, 5604u, 25u, 4u, 1u },
    { 100u, 326u, UINT64_C(0x7f592e0d916f94ad), 5667u, 34u, 5701u, 21u, 4u, 1u },
    { 101u, 327u, UINT64_C(0xbd26a7e9e85cefab), 5722u, 38u, 5760u, 17u, 2u, 1u },
    { 102u, 328u, UINT64_C(0x3605be7c9c5b5cdf), 5777u, 33u, 5810u, 29u, 5u, 1u },
    { 103u, 329u, UINT64_C(0xdb999f823dcbeadf), 5839u, 36u, 5875u, 17u, 2u, 1u },
    { 104u, 330u, UINT64_C(0x5f900df11447d8eb), 5892u, 36u, 5928u, 17u, 2u, 1u },
    { 105u, 331u, UINT64_C(0x826eae4d5959097f), 5945u, 36u, 5981u, 17u, 2u, 1u },
    { 106u, 332u, UINT64_C(0x754d122a7c6bc2a0), 5998u, 36u, 6034u, 17u, 2u, 1u },
    { 107u, 333u, UINT64_C(0x0698365a178984a2), 6051u, 36u, 6087u, 17u, 2u, 1u },
    { 108u, 334u, UINT64_C(0xf7f4b327317ab2ae), 6104u, 36u, 6140u, 17u, 2u, 1u },
    { 109u, 335u, UINT64_C(0x767f993e91beca8c), 6157u, 34u, 6191u, 25u, 4u, 1u },
    { 110u, 336u, UINT64_C(0x07fac83040ecaea0), 6216u, 38u, 6191u, 25u, 4u, 1u },
    { 111u, 337u, UINT64_C(0x7e414c84de226956), 6254u, 34u, 6288u, 21u, 4u, 1u },
    { 112u, 338u, UINT64_C(0x3218cf33b9dd8b1a), 6309u, 38u, 6347u, 17u, 2u, 1u },
    { 113u, 339u, UINT64_C(0xb09a743c1e19bdaa), 6364u, 36u, 6400u, 17u, 2u, 1u },
    { 114u, 340u, UINT64_C(0x9b695075d37a1cc9), 6417u, 36u, 6453u, 17u, 2u, 1u },
    { 115u, 341u, UINT64_C(0xe28fc4f972b3218c), 6470u, 36u, 6506u, 17u, 2u, 1u },
    { 116u, 342u, UINT64_C(0xecddac8715a29697), 6523u, 36u, 6559u, 17u, 2u, 1u },
    { 117u, 343u, UINT64_C(0xa12cdfe13344872e), 6576u, 36u, 6612u, 17u, 2u, 1u },
    { 118u, 344u, UINT64_C(0xe650588e5f4c16c2), 6629u, 36u, 6665u, 17u, 2u, 1u },
    { 119u, 345u, UINT64_C(0xffc905d99c80d9ff), 6682u, 34u, 6716u, 25u, 4u, 1u },
    { 120u, 346u, UINT64_C(0x9b8dcd4d4c67f572), 6741u, 38u, 6716u, 25u, 4u, 1u },
    { 121u, 347u, UINT64_C(0xb87eb2968e288a18), 6779u, 34u, 6813u, 21u, 4u, 1u },
    { 122u, 348u, UINT64_C(0xba3b6d125a310c48), 6834u, 38u, 6872u, 17u, 2u, 1u },
    { 123u, 349u, UINT64_C(0xc6547e16a34ec087), 6889u, 36u, 6925u, 17u, 2u, 1u },
    { 124u, 350u, UINT64_C(0xebb8428412bf2a40), 6942u, 36u, 6978u, 17u, 2u, 1u },
    { 125u, 351u, UINT64_C(0x4a8d8be66b5be011), 6995u, 36u, 7031u, 17u, 2u, 1u },
    { 126u, 352u, UINT64_C(0x4b41ddf39c44a620), 7048u, 36u, 7084u, 17u, 2u, 1u },
    { 127u, 353u, UINT64_C(0xad2efe69a1bda08b), 7101u, 36u, 7137u, 17u, 2u, 1u },
    { 128u, 354u, UINT64_C(0x534c61c03a514586), 7154u, 36u, 7190u, 17u, 2u, 1u },
    { 129u, 355u, UINT64_C(0xdfee5c10fef16fc2), 7207u, 34u, 7241u, 25u, 4u, 1u },
    { 130u, 356u, UINT64_C(0xb209c6c5774ff80a), 7266u, 38u, 7241u, 25u, 4u, 1u },
    { 131u, 357u, UINT64_C(0x504f5bfe4c27d8dd), 7304u, 34u, 7338u, 21u, 4u, 1u },
    { 132u, 358u, UINT64_C(0x7fcee0c14317c554), 7359u, 38u, 7397u, 17u, 2u, 1u },
    { 133u, 359u, UINT64_C(0x920564d643ec86be), 7414u, 36u, 7450u, 17u, 2u, 1u },
    { 134u, 360u, UINT64_C(0xc1d9e16f602eaa9f), 7467u, 36u, 7503u, 17u, 2u, 1u },
    { 135u, 361u, UINT64_C(0x54458195fb9c7e24), 7520u, 36u, 7556u, 17u, 2u, 1u },
    { 136u, 362u, UINT64_C(0xc955d5b1ad9e93d5), 7573u, 36u, 7609u, 17u, 2u, 1u },
    { 137u, 363u, UINT64_C(0xaf4e5e6e9f530f6f), 7626u, 36u, 7662u, 17u, 2u, 1u },
    { 138u, 364u, UINT64_C(0xc2f38acbbc52f90d), 7679u, 36u, 7715u, 17u, 2u, 1u },
    { 139u, 365u, UINT64_C(0x160364019fbe3017), 7732u, 34u, 7766u, 25u, 4u, 1u },
    { 140u, 366u, UINT64_C(0xe4f9a16c98f48e48), 7791u, 38u, 7766u, 25u, 4u, 1u },
    { 141u, 367u, UINT64_C(0x2fb59014ba5842cd), 7829u, 34u, 7863u, 21u, 4u, 1u },
    { 142u, 368u, UINT64_C(0xe01aa9b9b96b7005), 7884u, 38u, 7922u, 17u, 2u, 1u },
    { 143u, 369u, UINT64_C(0x3fe51307652789ca), 7939u, 33u, 7972u, 29u, 5u, 1u },
    { 144u, 370u, UINT64_C(0xf6ba85f257737b99), 8001u, 36u, 8037u, 17u, 2u, 1u },
    { 145u, 371u, UINT64_C(0x181471a6b42d7cba), 8054u, 36u, 8090u, 17u, 2u, 1u },
    { 146u, 372u, UINT64_C(0xa6082cd58100786d), 8107u, 36u, 8143u, 17u, 2u, 1u },
    { 147u, 373u, UINT64_C(0x52c5892d0d1d2e46), 8160u, 36u, 8196u, 17u, 2u, 1u },
    { 148u, 374u, UINT64_C(0x3e34fdfe3f8990a8), 8213u, 36u, 8249u, 17u, 2u, 1u },
    { 149u, 375u, UINT64_C(0x626cef0816527810), 8266u, 36u, 8302u, 17u, 2u, 1u },
    { 150u, 376u, UINT64_C(0x1983dc9ac834295f), 8319u, 34u, 8353u, 25u, 4u, 1u },
    { 151u, 377u, UINT64_C(0x3b232c20144a7a63), 8378u, 38u, 8353u, 25u, 4u, 1u },
    { 152u, 378u, UINT64_C(0x3aa3182e68a6a6b7), 8416u, 34u, 8450u, 21u, 4u, 1u },
    { 153u, 379u, UINT64_C(0x25cadafa07a55199), 8471u, 38u, 8509u, 17u, 2u, 1u },
    { 154u, 380u, UINT64_C(0x4207dbdaa7a5dde5), 8526u, 36u, 8562u, 17u, 2u, 1u },
    { 155u, 381u, UINT64_C(0xb3005f0eaa49f0ba), 8579u, 36u, 8615u, 17u, 2u, 1u },
    { 156u, 382u, UINT64_C(0x1321ee9f6aa27348), 8632u, 36u, 8668u, 17u, 2u, 1u },
    { 157u, 386u, UINT64_C(0x9a182456d9e9844b), 8685u, 34u, 8719u, 25u, 4u, 1u },
    { 158u, 387u, UINT64_C(0xced186bb58e64235), 8744u, 38u, 8719u, 25u, 4u, 1u },
    { 159u, 388u, UINT64_C(0x2ea736741a06abb2), 8782u, 34u, 8816u, 21u, 4u, 1u },
    { 160u, 389u, UINT64_C(0x248924da93c591b0), 8837u, 38u, 8875u, 17u, 2u, 1u },
    { 161u, 391u, UINT64_C(0xbbe797249dd7b649), 8892u, 34u, 8926u, 17u, 2u, 1u },
    { 162u, 404u, UINT64_C(0xddc649248bf1c3b0), 8943u, 34u, 8977u, 25u, 4u, 1u },
    { 163u, 405u, UINT64_C(0x7f64b5f5a04de3cf), 9002u, 38u, 8977u, 25u, 4u, 1u },
    { 164u, 407u, UINT64_C(0x3b2e1ec87178fbdc), 9040u, 34u, 9074u, 21u, 4u, 1u },
    { 165u, 408u, UINT64_C(0x825ae0de120e1dc4), 9095u, 38u, 9133u, 17u, 2u, 1u },
    { 166u, 422u, UINT64_C(0x179616cd50c5f96c), 9150u, 34u, 9184u, 25u, 4u, 1u },
    { 167u, 423u, UINT64_C(0x93592f920a7f5cb8), 9209u, 38u, 9184u, 25u, 4u, 1u },
    { 168u, 425u, UINT64_C(0xf219ada0644460b4), 9247u, 34u, 9281u, 21u, 4u, 1u },
    { 169u, 426u, UINT64_C(0xa919d8c00e6398fb), 9302u, 38u, 9340u, 17u, 2u, 1u },
    { 170u, 437u, UINT64_C(0xd58ce4db7021007b), 9357u, 35u, 9392u, 33u, 6u, 1u },
    { 171u, 438u, UINT64_C(0xfbeb22d5f375f8f7), 9425u, 39u, 9392u, 33u, 6u, 1u },
    { 172u, 443u, UINT64_C(0xaa8ad07d6b1a44df), 9464u, 38u, 9502u, 36u, 6u, 1u },
    { 173u, 444u, UINT64_C(0x09a12fcb3977ce62), 9538u, 42u, 9502u, 36u, 6u, 1u },
    { 174u, 445u, UINT64_C(0x5bbbd15e32be1737), 9580u, 40u, 9620u, 21u, 2u, 1u },
    { 175u, 446u, UINT64_C(0x0e7a94c880401404), 9641u, 41u, 9682u, 24u, 4u, 1u },
    { 176u, 447u, UINT64_C(0xb3cb9d859362f633), 9706u, 39u, 9745u, 24u, 4u, 1u },
    { 177u, 448u, UINT64_C(0xd828dd77e54a4811), 9769u, 40u, 9809u, 21u, 2u, 1u },
    { 178u, 452u, UINT64_C(0x032995800a2aa37c), 9830u, 37u, 9867u, 35u, 6u, 1u },
    { 179u, 453u, UINT64_C(0x7b4c9bac157b5dcd), 9902u, 41u, 9867u, 35u, 6u, 1u },
    { 180u, 454u, UINT64_C(0x32e4c02aa4111d01), 9943u, 36u, 9979u, 34u, 6u, 1u },
    { 181u, 455u, UINT64_C(0x813457895f7ce0d7), 10013u, 40u, 9979u, 34u, 6u, 1u },
    { 182u, 456u, UINT64_C(0x4625fcdc5f7b28f4), 10053u, 38u, 10091u, 19u, 2u, 1u },
    { 183u, 457u, UINT64_C(0xc4f84bdaed7c70c8), 10110u, 39u, 10149u, 22u, 4u, 1u },
    { 184u, 458u, UINT64_C(0x21b9304dfa220ddd), 10171u, 37u, 10208u, 22u, 4u, 1u },
    { 185u, 459u, UINT64_C(0xef5540e4a2cff8aa), 10230u, 38u, 10268u, 19u, 2u, 1u },
    { 186u, 463u, UINT64_C(0x5c9a075a71ddf8e2), 10287u, 35u, 10322u, 33u, 6u, 1u },
    { 187u, 464u, UINT64_C(0xfaedf05cf068bf28), 10355u, 39u, 10322u, 33u, 6u, 1u },
    { 188u, 465u, UINT64_C(0xfd2d346edbeea54e), 10394u, 38u, 10432u, 36u, 6u, 1u },
    { 189u, 466u, UINT64_C(0xe80336897c9a357b), 10468u, 42u, 10432u, 36u, 6u, 1u },
    { 190u, 467u, UINT64_C(0x25afbf2d1bc84bca), 10510u, 40u, 10550u, 21u, 2u, 1u },
    { 191u, 468u, UINT64_C(0xe914f361850bc373), 10571u, 41u, 10612u, 24u, 4u, 1u },
    { 192u, 469u, UINT64_C(0x5b53da56a57e00d1), 10636u, 39u, 10675u, 24u, 4u, 1u },
    { 193u, 470u, UINT64_C(0x00d548a439440da4), 10699u, 40u, 10739u, 21u, 2u, 1u },
    { 194u, 474u, UINT64_C(0xda4ddf33c1ba749c), 10760u, 37u, 10797u, 35u, 6u, 1u },
    { 195u, 475u, UINT64_C(0x995312a626c3649d), 10832u, 41u, 10797u, 35u, 6u, 1u },
    { 196u, 476u, UINT64_C(0x4cd117eb363e2c78), 10873u, 36u, 10909u, 34u, 6u, 1u },
    { 197u, 477u, UINT64_C(0xbd6d714d8112f81c), 10943u, 40u, 10909u, 34u, 6u, 1u },
    { 198u, 478u, UINT64_C(0x97d575f7b14405de), 10983u, 38u, 11021u, 19u, 2u, 1u },
    { 199u, 479u, UINT64_C(0x82de85dfb92fb794), 11040u, 39u, 11079u, 22u, 4u, 1u },
    { 200u, 480u, UINT64_C(0xde29ff8b23c707f9), 11101u, 37u, 11138u, 22u, 4u, 1u },
    { 201u, 481u, UINT64_C(0x09c8ee383cb4fa15), 11160u, 38u, 11198u, 19u, 2u, 1u },
    { 202u, 485u, UINT64_C(0x4056d40a70119de7), 11217u, 35u, 11252u, 33u, 6u, 1u },
    { 203u, 486u, UINT64_C(0x302b657ec3312835), 11285u, 39u, 11252u, 33u, 6u, 1u },
    { 204u, 488u, UINT64_C(0x7cd436e3f3d6fb58), 11324u, 34u, 11358u, 38u, 6u, 1u },
    { 205u, 490u, UINT64_C(0x424770611f6d4571), 11396u, 33u, 11429u, 37u, 6u, 1u },
    { 206u, 493u, UINT64_C(0x030d357ec711cb60), 11466u, 35u, 11501u, 33u, 6u, 1u },
    { 207u, 494u, UINT64_C(0x7508cce16fcae6ee), 11534u, 39u, 11501u, 33u, 6u, 1u },
    { 208u, 498u, UINT64_C(0x3a930821d594548d), 11573u, 34u, 11607u, 38u, 6u, 1u },
    { 209u, 500u, UINT64_C(0x7c64660496445a9d), 11645u, 33u, 11678u, 37u, 6u, 1u },
    { 210u, 503u, UINT64_C(0x6e7257ac7fc0f865), 11715u, 35u, 11750u, 33u, 6u, 1u },
    { 211u, 504u, UINT64_C(0xc58e155ad85cea11), 11783u, 39u, 11750u, 33u, 6u, 1u },
    { 212u, 531u, UINT64_C(0xe14549b23ddf379a), 11822u, 36u, 11858u, 34u, 6u, 1u },
    { 213u, 532u, UINT64_C(0x60d5d68fc850b2b6), 11892u, 40u, 11858u, 34u, 6u, 1u },
    { 214u, 535u, UINT64_C(0x895575d4b935c180), 11932u, 36u, 11968u, 28u, 6u, 1u },
    { 215u, 536u, UINT64_C(0x7ff0b8514e7d3c1f), 11996u, 40u, 12036u, 22u, 3u, 1u },
    { 216u, 542u, UINT64_C(0x25d9ffffdd7ad3f9), 12058u, 35u, 12093u, 33u, 6u, 1u },
    { 217u, 543u, UINT64_C(0xf4732ebe28fd191a), 12126u, 39u, 12093u, 33u, 6u, 1u },
    { 218u, 549u, UINT64_C(0x7c47809c17721785), 12165u, 32u, 12197u, 23u, 4u, 1u },
    { 219u, 550u, UINT64_C(0x70d53a80b294b29d), 12220u, 36u, 12197u, 23u, 4u, 1u },
    { 220u, 560u, UINT64_C(0x8b1d46d53534e1fe), 12256u, 34u, 12290u, 25u, 4u, 1u },
    { 221u, 561u, UINT64_C(0x366d8fabc5069f22), 12315u, 38u, 12290u, 25u, 4u, 1u },
    { 222u, 562u, UINT64_C(0x374ec904f3062ae6), 12353u, 34u, 12387u, 21u, 4u, 1u },
    { 223u, 563u, UINT64_C(0xffc3781afb276d9c), 12408u, 38u, 12446u, 17u, 2u, 1u },
    { 224u, 564u, UINT64_C(0x1cb2a8b2ae0d2f70), 12463u, 37u, 12500u, 35u, 6u, 1u },
    { 225u, 565u, UINT64_C(0x3110ab89b094849e), 12535u, 41u, 12500u, 35u, 6u, 1u },
    { 226u, 566u, UINT64_C(0xb1e49304d1f0d40e), 12576u, 37u, 12613u, 29u, 6u, 1u },
    { 227u, 567u, UINT64_C(0x170d5536e6987b00), 12642u, 41u, 12683u, 23u, 3u, 1u },
    { 228u, 568u, UINT64_C(0x8562c49063307536), 12706u, 34u, 12740u, 21u, 4u, 1u },
    { 229u, 569u, UINT64_C(0x342fb1bb0ad35c21), 12761u, 38u, 12799u, 17u, 2u, 1u },
    { 230u, 572u, UINT64_C(0x418e0ab118cb28ba), 12816u, 36u, 12852u, 27u, 4u, 1u },
    { 231u, 575u, UINT64_C(0x8dede1d564313c59), 12879u, 36u, 12915u, 27u, 4u, 1u },
    { 232u, 578u, UINT64_C(0x956ff9b673405173), 12942u, 36u, 12978u, 27u, 4u, 1u },
    { 233u, 581u, UINT64_C(0x89795480cfdf8cbf), 13005u, 36u, 13041u, 27u, 4u, 1u },
    { 234u, 585u, UINT64_C(0xd48a38e1f599a8ee), 13068u, 34u, 13102u, 25u, 4u, 1u },
    { 235u, 586u, UINT64_C(0x998c3ba836d019ad), 13127u, 38u, 13102u, 25u, 4u, 1u },
    { 236u, 590u, UINT64_C(0xe5f3251e48a70096), 13165u, 34u, 13199u, 25u, 4u, 1u },
    { 237u, 591u, UINT64_C(0x5cd7cb8b6a8bc14f), 13224u, 38u, 13199u, 25u, 4u, 1u },
    { 238u, 595u, UINT64_C(0x3bf81ea4d008a284), 13262u, 34u, 13296u, 25u, 4u, 1u },
    { 239u, 596u, UINT64_C(0x71761da42f61fc7d), 13321u, 38u, 13296u, 25u, 4u, 1u },
    { 240u, 600u, UINT64_C(0x40032043f93745e1), 13359u, 34u, 13393u, 25u, 4u, 1u },
    { 241u, 601u, UINT64_C(0x8400e2d2506998f3), 13418u, 38u, 13393u, 25u, 4u, 1u },
    { 242u, 605u, UINT64_C(0x28f5938a3a2d53bc), 13456u, 34u, 13490u, 25u, 4u, 1u },
    { 243u, 606u, UINT64_C(0x6a3f308b38e353fd), 13515u, 38u, 13490u, 25u, 4u, 1u },
    { 244u, 610u, UINT64_C(0x9f66931cf6d997e6), 13553u, 34u, 13587u, 25u, 4u, 1u },
    { 245u, 611u, UINT64_C(0x11f79f67515d515e), 13612u, 38u, 13587u, 25u, 4u, 1u },
    { 246u, 615u, UINT64_C(0x06a39a1e2e0ce2ac), 13650u, 34u, 13684u, 25u, 4u, 1u },
    { 247u, 616u, UINT64_C(0x18e04695e73b015b), 13709u, 38u, 13684u, 25u, 4u, 1u },
    { 248u, 617u, UINT64_C(0x7d706c36b4a336c5), 13747u, 35u, 13782u, 26u, 4u, 1u },
    { 249u, 618u, UINT64_C(0xd187ef754b422465), 13808u, 39u, 13782u, 26u, 4u, 1u },
    { 250u, 619u, UINT64_C(0xa8946616cf3a7d68), 13847u, 35u, 13882u, 22u, 4u, 1u },
    { 251u, 620u, UINT64_C(0x1c1e583fb0130ded), 13904u, 39u, 13943u, 18u, 2u, 1u },
    { 252u, 621u, UINT64_C(0x13b28e427f1a5244), 13961u, 38u, 13999u, 36u, 6u, 1u },
    { 253u, 622u, UINT64_C(0x516f45fa0fa4ea2e), 14035u, 42u, 13999u, 36u, 6u, 1u },
    { 254u, 623u, UINT64_C(0x992ba276d9a1e1c1), 14077u, 38u, 14115u, 30u, 6u, 1u },
    { 255u, 624u, UINT64_C(0xe3de087e1013a456), 14145u, 42u, 14187u, 24u, 3u, 1u },
    { 256u, 628u, UINT64_C(0x18e5419a44ba4bc6), 14211u, 33u, 14244u, 24u, 4u, 1u },
    { 257u, 629u, UINT64_C(0xcf0fa69ade73f29b), 14268u, 37u, 14244u, 24u, 4u, 1u },
    { 258u, 633u, UINT64_C(0x9ac4a4e9274ed9d4), 14305u, 35u, 14340u, 33u, 6u, 1u },
    { 259u, 634u, UINT64_C(0x113061a7dd458da8), 14373u, 39u, 14340u, 33u, 6u, 1u },
    { 260u, 1015u, UINT64_C(0xbd3bad278da7cdcb), 14412u, 34u, 14446u, 32u, 6u, 1u },
    { 261u, 1017u, UINT64_C(0xfb9748a5a5710377), 14478u, 34u, 14512u, 32u, 6u, 1u },
    { 262u, 1056u, UINT64_C(0xa2bd52b89d3535ba), 14544u, 34u, 14578u, 32u, 6u, 1u },
    { 263u, 1067u, UINT64_C(0x2ecfb0df2a6f90aa), 14610u, 31u, 14641u, 22u, 4u, 1u },
    { 264u, 1068u, UINT64_C(0x6f2db5cd0e80e8df), 14663u, 31u, 14694u, 14u, 2u, 1u },
    { 265u, 1074u, UINT64_C(0xb4fad81197ef56dd), 14708u, 31u, 14739u, 22u, 4u, 1u },
    { 266u, 1077u, UINT64_C(0xfb87dd553345428c), 14761u, 34u, 14795u, 32u, 6u, 1u },
    { 267u, 1084u, UINT64_C(0xc6e29afad4e09fb3), 14827u, 34u, 14861u, 32u, 6u, 1u },
    { 268u, 1101u, UINT64_C(0x56afa97474589285), 14893u, 35u, 14928u, 33u, 6u, 1u },
    { 269u, 1108u, UINT64_C(0xd81c13f95e34182a), 14961u, 40u, 15001u, 30u, 3u, 1u },
    { 270u, 1111u, UINT64_C(0x15375b291dd8409f), 15031u, 32u, 15063u, 23u, 4u, 1u },
    { 271u, 1117u, UINT64_C(0x85e55f83cf9406e7), 15086u, 33u, 15119u, 24u, 4u, 1u },
    { 272u, 1119u, UINT64_C(0x6be39e0e8b2edb2c), 15143u, 33u, 15176u, 24u, 4u, 1u },
    { 273u, 1121u, UINT64_C(0x6c9ec232f3f8bb00), 15200u, 33u, 15233u, 24u, 4u, 1u },
    { 274u, 1134u, UINT64_C(0x0255a60ff7d6455c), 15257u, 35u, 15292u, 33u, 6u, 1u },
    { 275u, 1136u, UINT64_C(0x2a073ca005a3dba8), 15325u, 35u, 15360u, 33u, 6u, 1u },
    { 276u, 1137u, UINT64_C(0xce7ba83208138d21), 15393u, 34u, 15427u, 27u, 4u, 1u },
    { 277u, 1138u, UINT64_C(0x07a84faace4a630d), 15454u, 34u, 15488u, 27u, 4u, 1u },
    { 278u, 1139u, UINT64_C(0xd46ae4672b69f63b), 15515u, 36u, 15551u, 23u, 4u, 1u },
    { 279u, 1165u, UINT64_C(0x8a77ea4691e7f089), 15574u, 33u, 15607u, 24u, 4u, 1u },
    { 280u, 1166u, UINT64_C(0x64b916004f70de18), 15631u, 37u, 15607u, 24u, 4u, 1u },
    { 281u, 1168u, UINT64_C(0x8fbf3a3a185ff928), 15668u, 33u, 15701u, 20u, 4u, 1u },
    { 282u, 1169u, UINT64_C(0x6d3cba1f48df4b78), 15721u, 37u, 15758u, 16u, 2u, 1u },
    { 283u, 1174u, UINT64_C(0x1aab66d054562284), 15774u, 33u, 15807u, 36u, 6u, 1u },
    { 284u, 1179u, UINT64_C(0xc8bf61c1fbc4c68b), 15843u, 36u, 15879u, 25u, 3u, 1u },
    { 285u, 1180u, UINT64_C(0x527117bcf01c589e), 15904u, 35u, 15939u, 16u, 2u, 1u },
    { 286u, 1181u, UINT64_C(0xfe21fb23ee0af9be), 15955u, 36u, 15991u, 25u, 3u, 1u },
    { 287u, 1182u, UINT64_C(0x6df8cac602cb80f6), 16016u, 36u, 16052u, 25u, 3u, 1u },
    { 288u, 1183u, UINT64_C(0xe03e17b03ab0e566), 16077u, 38u, 16115u, 33u, 3u, 1u },
    { 289u, 1184u, UINT64_C(0x91788958671acea8), 16148u, 37u, 16185u, 24u, 2u, 1u },
    { 290u, 1185u, UINT64_C(0x470540cee6a27190), 16209u, 39u, 16248u, 28u, 3u, 1u },
    { 291u, 1186u, UINT64_C(0x4d874cec7b60b7a5), 16276u, 38u, 16314u, 27u, 3u, 1u },
    { 292u, 1187u, UINT64_C(0x24d8b3ad23b8860c), 16341u, 39u, 16380u, 26u, 2u, 1u },
    { 293u, 1188u, UINT64_C(0xd1c2681e9bf85abd), 16406u, 40u, 16446u, 35u, 3u, 1u },
    { 294u, 1189u, UINT64_C(0xe2ea4e3019bc6fa6), 16481u, 43u, 16524u, 28u, 3u, 1u },
    { 295u, 1190u, UINT64_C(0xb2b7deeed318433f), 16552u, 42u, 16594u, 27u, 3u, 1u },
    { 296u, 1191u, UINT64_C(0xe6d957574d81e0ab), 16621u, 44u, 16665u, 26u, 2u, 1u },
    { 297u, 1192u, UINT64_C(0xf5ea9d105f875216), 16691u, 45u, 16736u, 35u, 3u, 1u },
    { 298u, 1193u, UINT64_C(0x56a53606b665014e), 16771u, 36u, 16807u, 34u, 6u, 1u },
    { 299u, 1198u, UINT64_C(0x39c9b1410b025abb), 16841u, 36u, 16877u, 34u, 6u, 1u },
    { 300u, 1202u, UINT64_C(0x96a7284d46141654), 16911u, 36u, 16947u, 34u, 6u, 1u },
    { 301u, 1203u, UINT64_C(0xcd22f3f3d228016c), 16981u, 35u, 17016u, 22u, 4u, 1u },
    { 302u, 1204u, UINT64_C(0xcf65af24d13a372d), 17038u, 35u, 17073u, 33u, 6u, 1u },
    { 303u, 1206u, UINT64_C(0xee0b782bb1ced160), 17106u, 36u, 17142u, 34u, 6u, 1u },
    { 304u, 1207u, UINT64_C(0x2364eda2023802a2), 17176u, 35u, 17211u, 22u, 4u, 1u },
    { 305u, 1208u, UINT64_C(0x0ffbd05abeecb35f), 17233u, 35u, 17268u, 33u, 6u, 1u },
    { 306u, 1221u, UINT64_C(0x01e0368865d6eb3a), 17301u, 33u, 17334u, 24u, 4u, 1u },
    { 307u, 1222u, UINT64_C(0x660ca7bdaac17cb2), 17358u, 33u, 17391u, 20u, 4u, 1u },
    { 308u, 1223u, UINT64_C(0x029c051de1594276), 17411u, 36u, 17447u, 34u, 6u, 1u },
    { 309u, 1224u, UINT64_C(0x1a9c9e4a34277770), 17481u, 36u, 17517u, 28u, 6u, 1u },
    { 310u, 1227u, UINT64_C(0xa880474b2d693e03), 17545u, 38u, 17583u, 33u, 6u, 1u },
    { 311u, 1231u, UINT64_C(0xf39ad3663eebb936), 17616u, 38u, 17654u, 33u, 6u, 1u },
    { 312u, 1234u, UINT64_C(0x346d5eefb9e601d8), 17687u, 38u, 17725u, 36u, 6u, 1u },
    { 313u, 1236u, UINT64_C(0x1efd908db4f500ed), 17761u, 38u, 17799u, 30u, 6u, 1u },
    { 314u, 1239u, UINT64_C(0x5eaf349cfe4c58fa), 17829u, 38u, 17867u, 33u, 6u, 1u },
    { 315u, 1241u, UINT64_C(0x4e67ba58c5625519), 17900u, 33u, 17933u, 24u, 4u, 1u },
    { 316u, 1242u, UINT64_C(0x9bf194cfa4c92757), 17957u, 33u, 17990u, 20u, 4u, 1u },
    { 317u, 1244u, UINT64_C(0x3557225a108dda38), 18010u, 40u, 18050u, 37u, 6u, 1u },
    { 318u, 1246u, UINT64_C(0x026cc7e6837d3c6f), 18087u, 40u, 18127u, 31u, 6u, 1u },
    { 319u, 1248u, UINT64_C(0x03b0c5137f14528a), 18158u, 40u, 18198u, 37u, 6u, 1u },
    { 320u, 1250u, UINT64_C(0x8f3f8e995448cec5), 18235u, 40u, 18275u, 31u, 6u, 1u },
    { 321u, 1252u, UINT64_C(0x19232e7906dcef5c), 18306u, 39u, 18345u, 37u, 6u, 1u },
    { 322u, 1254u, UINT64_C(0x9f8fd10fed120f41), 18382u, 39u, 18421u, 31u, 6u, 1u },
    { 323u, 1255u, UINT64_C(0x47afcf98abce1c03), 18452u, 37u, 18489u, 35u, 6u, 1u },
    { 324u, 1256u, UINT64_C(0x750b011252e13008), 18524u, 37u, 18561u, 29u, 6u, 1u },
    { 325u, 1263u, UINT64_C(0x45c2d983039f5b3d), 18590u, 36u, 18626u, 34u, 6u, 1u },
    { 326u, 1265u, UINT64_C(0x5516341c51784243), 18660u, 36u, 18696u, 28u, 6u, 1u },
    { 327u, 1271u, UINT64_C(0x2380f016e7cfa4b6), 18724u, 36u, 18760u, 34u, 6u, 1u },
    { 328u, 1272u, UINT64_C(0xc6f9093527fd096b), 18794u, 36u, 18830u, 28u, 6u, 1u },
    { 329u, 1274u, UINT64_C(0xaba6357972b5fd03), 18858u, 33u, 18891u, 22u, 4u, 1u },
    { 330u, 1276u, UINT64_C(0x947ecbd12b6c0cf8), 18913u, 34u, 18947u, 23u, 4u, 1u },
    { 331u, 1277u, UINT64_C(0xb30bf50e9939be60), 18970u, 37u, 19007u, 35u, 6u, 1u },
    { 332u, 1280u, UINT64_C(0x786f9a5f46bfbded), 19042u, 36u, 19078u, 34u, 6u, 1u },
    { 333u, 1281u, UINT64_C(0xa6d21f66dfad9d87), 19112u, 36u, 19148u, 22u, 3u, 1u },
    { 334u, 1288u, UINT64_C(0x1357836e8376cb69), 19170u, 35u, 19205u, 33u, 6u, 1u },
    { 335u, 1289u, UINT64_C(0x45fc861e6aaa921f), 19238u, 35u, 19273u, 21u, 3u, 1u },
    { 336u, 1537u, UINT64_C(0x9353fa8f698b9abb), 19294u, 34u, 19328u, 32u, 6u, 1u },
    { 337u, 1538u, UINT64_C(0x5d1dde1d88b9da52), 19360u, 34u, 19394u, 20u, 3u, 1u },
    { 338u, 1539u, UINT64_C(0x84b681f778c42b07), 19414u, 34u, 19448u, 25u, 4u, 1u },
    { 339u, 1540u, UINT64_C(0x7e96fdf6e945102a), 19473u, 34u, 19507u, 21u, 4u, 1u },
    { 340u, 1566u, UINT64_C(0x7217285bada5df77), 19528u, 33u, 19561u, 38u, 5u, 1u },
    { 341u, 1567u, UINT64_C(0xb78a5bd0b06eeb02), 19599u, 33u, 19632u, 50u, 6u, 1u },
    { 342u, 1568u, UINT64_C(0x1d93f8d9ed2b6dd8), 19682u, 33u, 19715u, 62u, 7u, 1u },
    { 343u, 1569u, UINT64_C(0x0f24e509b0a9d450), 19777u, 33u, 19810u, 74u, 8u, 1u },
    { 344u, 1571u, UINT64_C(0x804d68c24266e3c4), 19884u, 33u, 19917u, 38u, 5u, 1u },
    { 345u, 1572u, UINT64_C(0xe298fbaad2ea6fd7), 19955u, 33u, 19988u, 50u, 6u, 1u },
    { 346u, 1573u, UINT64_C(0x9f7c68cc37209c0f), 20038u, 33u, 20071u, 62u, 7u, 1u },
    { 347u, 1574u, UINT64_C(0x2050b49463e72e5a), 20133u, 33u, 20166u, 74u, 8u, 1u },
    { 348u, 1577u, UINT64_C(0xfdcca525def047b1), 20240u, 35u, 20275u, 33u, 6u, 1u },
    { 349u, 1578u, UINT64_C(0xca6a439cf2f40ac5), 20308u, 35u, 20343u, 33u, 6u, 1u },
    { 350u, 1585u, UINT64_C(0xf0cb82f41d6dc1e1), 20376u, 35u, 20411u, 33u, 6u, 1u },
    { 351u, 1587u, UINT64_C(0x9ea80ca1d9ca4225), 20444u, 35u, 20479u, 33u, 6u, 1u },
    { 352u, 1588u, UINT64_C(0x40d028b170dad417), 20512u, 34u, 20546u, 27u, 4u, 1u },
    { 353u, 1589u, UINT64_C(0xc0aeb2fe0e2bccfc), 20573u, 34u, 20607u, 27u, 4u, 1u },
    { 354u, 1590u, UINT64_C(0xc96fa72535596354), 20634u, 36u, 20670u, 23u, 4u, 1u },
    { 355u, 1611u, UINT64_C(0xa058985515bdf85f), 20693u, 33u, 20726u, 24u, 4u, 1u },
    { 356u, 1612u, UINT64_C(0x936bee54d99e33c6), 20750u, 37u, 20726u, 24u, 4u, 1u },
    { 357u, 1614u, UINT64_C(0x8a8e6b7c5213fb44), 20787u, 33u, 20820u, 20u, 4u, 1u },
    { 358u, 1615u, UINT64_C(0xfa9f851b4423665f), 20840u, 37u, 20877u, 16u, 2u, 1u },
    { 359u, 1621u, UINT64_C(0xd40495bc9d9aacdf), 20893u, 33u, 20926u, 36u, 6u, 1u },
    { 360u, 1622u, UINT64_C(0x89b06ba4427f41f8), 20962u, 36u, 20998u, 34u, 6u, 1u },
    { 361u, 1623u, UINT64_C(0xeb24f4f933a10649), 21032u, 36u, 21068u, 34u, 6u, 1u },
    { 362u, 1625u, UINT64_C(0x88396959a1584569), 21102u, 36u, 21138u, 34u, 6u, 1u },
    { 363u, 1626u, UINT64_C(0xf4d19c38ba513cd6), 21172u, 35u, 21207u, 22u, 4u, 1u },
    { 364u, 1627u, UINT64_C(0x5d011a59ed0fcda6), 21229u, 35u, 21264u, 33u, 6u, 1u },
    { 365u, 1628u, UINT64_C(0x7d288f64c26fc2e9), 21297u, 36u, 21333u, 34u, 6u, 1u },
    { 366u, 1629u, UINT64_C(0xf3ad2c5933a3eee9), 21367u, 35u, 21402u, 22u, 4u, 1u },
    { 367u, 1630u, UINT64_C(0x5d3c83c451dba6ec), 21424u, 35u, 21459u, 33u, 6u, 1u },
    { 368u, 1643u, UINT64_C(0x96647d47d1a1270f), 21492u, 36u, 21528u, 34u, 6u, 1u },
    { 369u, 1644u, UINT64_C(0xad945432490cc5ce), 21562u, 36u, 21598u, 28u, 6u, 1u },
    { 370u, 1645u, UINT64_C(0x8a4d6a781a47059e), 21626u, 37u, 21663u, 35u, 6u, 1u },
    { 371u, 1646u, UINT64_C(0x2ccfbaab1d5abafe), 21698u, 37u, 21735u, 29u, 6u, 1u },
    { 372u, 1649u, UINT64_C(0x95df4b1ce0427959), 21764u, 36u, 21800u, 34u, 6u, 1u },
    { 373u, 1651u, UINT64_C(0x72614e0c7f4a79c1), 21834u, 36u, 21870u, 28u, 6u, 1u },
    { 374u, 1655u, UINT64_C(0xbbc800b133a7127e), 21898u, 36u, 21934u, 34u, 6u, 1u },
    { 375u, 1656u, UINT64_C(0x0e3c397989fe6f97), 21968u, 36u, 22004u, 28u, 6u, 1u },
    { 376u, 1658u, UINT64_C(0xe02de395147ccab2), 22032u, 33u, 22065u, 22u, 4u, 1u },
    { 377u, 1659u, UINT64_C(0xc780556f4e2be721), 22087u, 34u, 22121u, 25u, 4u, 1u },
    { 378u, 1660u, UINT64_C(0xd1292fa78044db86), 22146u, 37u, 22183u, 35u, 6u, 1u },
    { 379u, 1661u, UINT64_C(0x639d8d3a8e981983), 22218u, 36u, 22254u, 34u, 6u, 1u },
    { 380u, 1662u, UINT64_C(0xdb7da3f6ffe90b86), 22288u, 36u, 22324u, 22u, 3u, 1u },
    { 381u, 1665u, UINT64_C(0x96a3cec81c08ba35), 22346u, 35u, 22381u, 26u, 4u, 1u },
    { 382u, 1669u, UINT64_C(0x679d133d69c5b677), 22407u, 35u, 22442u, 33u, 6u, 1u },
    { 383u, 1670u, UINT64_C(0x21a8b95b0103cf0e), 22475u, 35u, 22510u, 21u, 3u, 1u },
    { 384u, 1673u, UINT64_C(0x89f1219b62f3c332), 22531u, 34u, 22565u, 25u, 4u, 1u },
    { 385u, 1674u, UINT64_C(0xb5cc5f5476fff9cb), 22590u, 34u, 22624u, 21u, 4u, 1u },
    { 386u, 1682u, UINT64_C(0x0e5927756c402582), 22645u, 35u, 22680u, 33u, 6u, 1u },
    { 387u, 1683u, UINT64_C(0x2bebf3b6290a4e95), 22713u, 35u, 22748u, 33u, 6u, 1u },
    { 388u, 1693u, UINT64_C(0x7afbf184fc26aab8), 22781u, 35u, 22816u, 33u, 6u, 1u },
    { 389u, 1694u, UINT64_C(0xda9df4e645b716cd), 22849u, 35u, 22884u, 33u, 6u, 1u },
};

#endif
