F	2	f0	45	9368	50034	4869	70	64341	29	26	6	0	0	0	0	19090	26892	0	1	ok
F	3	f1	45	882	6272	1723	30	8907	29	26	6	0	0	0	0	19088	26892	0	1	ok
F	4	f2	45	1072	4008	751	30	5861	29	26	6	0	0	0	0	19088	26892	0	1	ok
F	5	f3	45	561	3777	561	30	4929	29	26	6	0	0	0	0	19088	26892	0	1	ok
F	6	f4	45	501	3486	511	30	4528	29	26	6	0	0	0	0	19088	26892	0	1	ok
F	7	f5	45	531	3537	531	30	4629	29	26	6	0	0	0	0	19088	26892	0	1	ok
F	8	f6	45	391	3406	521	30	4348	29	26	6	0	0	0	0	19088	26892	0	1	ok
F	9	f7	45	361	3646	531	30	4568	29	26	6	0	0	0	0	19088	26892	0	1	ok
F	10	f8	45	501	3466	521	51	4539	29	26	6	0	0	0	0	19088	26892	0	1	ok
F	11	f9	45	451	3436	501	30	4418	29	26	6	0	0	0	0	19088	26892	0	1	ok
F	12	f10	45	361	3616	501	30	4508	29	26	6	0	0	0	0	19088	26892	0	1	ok
F	13	f11	45	371	3446	501	30	4348	29	26	6	0	0	0	0	19088	26892	0	1	ok
F	14	f12	45	431	3426	501	30	4388	29	26	6	0	0	0	0	19088	26892	0	1	ok
F	15	f13	45	410	3246	501	20	4177	29	26	6	0	0	0	0	19088	26892	0	1	ok
F	16	f14	45	351	3276	491	30	4148	29	26	6	0	0	0	0	19088	26892	0	1	ok
F	17	f15	45	481	3086	491	30	4088	29	26	6	0	0	0	0	19088	26892	0	1	ok
F	18	f16	45	370	3367	500	31	4268	29	26	6	0	0	0	0	19088	26892	0	1	ok
F	19	f17	45	451	3446	501	30	4428	29	26	6	0	0	0	0	19088	26892	0	1	ok
F	20	f18	45	321	3206	501	20	4048	29	26	6	0	0	0	0	19088	26892	0	1	ok
F	21	f19	45	481	3457	490	31	4459	29	26	6	0	0	0	0	19088	26892	0	1	ok
F	22	f20	45	371	3266	501	20	4158	29	26	6	0	0	0	0	19088	26892	0	1	ok
F	23	f21	45	341	3136	501	30	4008	29	26	6	0	0	0	0	19088	26892	0	1	ok
F	24	f22	45	471	3166	511	30	4178	29	26	6	0	0	0	0	19088	26892	0	1	ok
F	25	f23	45	311	3125	501	30	3967	29	26	6	0	0	0	0	19088	26892	0	1	ok
F	26	f24	45	351	3146	541	30	4068	29	26	6	0	0	0	0	19088	26892	0	1	ok
F	27	f25	45	361	3176	491	30	4058	29	26	6	0	0	0	0	19088	26892	0	1	ok
F	28	f26	45	451	3286	501	20	4258	29	26	6	0	0	0	0	19088	26892	0	1	ok
F	29	f27	45	321	3185	501	30	4037	29	26	6	0	0	0	0	19088	26892	0	1	ok
F	30	f28	45	311	3126	500	21	3958	29	26	6	0	0	0	0	19088	26892	0	1	ok
F	31	f29	45	451	3446	491	30	4418	29	26	6	0	0	0	0	19088	26892	0	1	ok
F	32	f30	45	351	3135	541	31	4058	29	26	6	0	0	0	0	19088	26892	0	1	ok
F	33	f31	45	401	3166	501	20	4088	29	26	6	0	0	0	0	19088	26892	0	1	ok
F	34	f32	45	561	3287	501	30	4379	29	26	6	0	0	0	0	19088	26892	0	1	ok
F	35	f33	45	351	3236	501	20	4108	29	26	6	0	0	0	0	19088	26892	0	1	ok
F	36	f34	45	361	3386	501	30	4278	29	26	6	0	0	0	0	19088	26892	0	1	ok
F	37	f35	45	351	3246	501	30	4128	29	26	6	0	0	0	0	19088	26892	0	1	ok
F	38	f36	45	551	3236	501	30	4318	29	26	6	0	0	0	0	19088	26892	0	1	ok
F	39	f37	45	341	3296	501	30	4168	29	26	6	0	0	0	0	19088	26892	0	1	ok
F	40	f38	45	340	3256	501	30	4127	29	26	6	0	0	0	0	19088	26892	0	1	ok
F	41	f39	45	74980	5410	782	30	81202	29	26	6	0	0	0	0	19088	26892	0	1	ok
F	42	f40	45	390	3237	500	31	4158	29	26	6	0	0	0	0	19088	26892	0	1	ok
F	43	f41	45	311	3126	501	30	3968	29	26	6	0	0	0	0	19088	26892	0	1	ok
F	44	f42	45	311	3406	521	30	4268	29	26	6	0	0	0	0	19088	26892	0	1	ok
F	45	f43	45	561	3086	500	31	4178	29	26	6	0	0	0	0	19088	26892	0	1	ok
F	46	f44	45	311	3166	501	30	4008	29	26	6	0	0	0	0	19088	26892	0	1	ok
F	47	f45	45	301	3246	501	30	4078	29	26	6	0	0	0	0	19088	26892	0	1	ok
F	48	f46	45	431	3126	501	30	4088	29	26	6	0	0	0	0	19088	26892	0	1	ok
F	49	f47	45	310	3156	501	20	3987	29	26	6	0	0	0	0	19088	26892	0	1	ok
F	50	f48	45	320	3126	491	30	3967	29	26	6	0	0	0	0	19088	26892	0	1	ok
F	51	f49	45	310	3146	501	30	3987	29	26	6	0	0	0	0	19088	26892	0	1	ok
F	52	f50	45	431	3135	501	30	4097	29	26	6	0	0	0	0	19088	26892	0	1	ok
F	53	f51	45	301	3216	501	20	4038	29	26	6	0	0	0	0	19088	26892	0	1	ok
F	54	f52	45	311	3015	491	30	3847	29	26	6	0	0	0	0	19088	26892	0	1	ok
F	55	f53	45	431	3416	501	30	4378	29	26	6	0	0	0	0	19088	26892	0	1	ok
F	56	f54	45	310	3176	511	30	4027	29	26	6	0	0	0	0	19088	26892	0	1	ok
F	57	f55	45	320	3026	491	30	3867	29	26	6	0	0	0	0	19088	26892	0	1	ok
F	58	f56	45	310	3376	501	30	4217	29	26	6	0	0	0	0	19088	26892	0	1	ok
F	59	f57	45	311	3035	501	20	3867	29	26	6	0	0	0	0	19088	26892	0	1	ok
F	60	f58	45	300	3126	501	30	3957	29	26	6	0	0	0	0	19088	26892	0	1	ok
F	61	f59	45	330	3176	491	30	4027	29	26	6	0	0	0	0	19088	26892	0	1	ok
F	62	f60	45	421	3106	490	31	4048	29	26	6	0	0	0	0	19088	26892	0	1	ok
F	63	f61	45	401	4488	611	30	5530	29	26	6	0	0	0	0	19088	26892	0	1	ok
F	64	f62	45	401	3867	491	30	4789	29	26	6	0	0	0	0	19088	26892	0	1	ok
F	65	f63	45	441	3336	491	30	4298	29	26	6	0	0	0	0	19088	26892	0	1	ok
F	66	f64	45	310	3176	501	30	4017	29	26	6	0	0	0	0	19088	26892	0	1	ok
F	67	f65	45	310	3176	501	30	4017	29	26	6	0	0	0	0	19088	26892	0	1	ok
F	68	f66	45	330	3116	501	30	3977	29	26	6	0	0	0	0	19088	26892	0	1	ok
F	69	f67	45	441	3256	501	30	4228	29	26	6	0	0	0	0	19088	26892	0	1	ok
F	70	f68	45	311	3136	501	30	3978	29	26	6	0	0	0	0	19088	26892	0	1	ok
F	71	f69	45	330	3146	491	30	3997	29	26	6	0	0	0	0	19088	26892	0	1	ok
F	72	f70	45	421	3115	491	30	4057	29	26	6	0	0	0	0	19088	26892	0	1	ok
F	73	f71	45	331	3236	501	30	4098	29	26	6	0	0	0	0	19088	26892	0	1	ok
F	74	f72	45	311	3216	501	30	4058	29	26	6	0	0	0	0	19088	26892	0	1	ok
F	75	f73	45	311	3076	501	30	3918	29	26	6	0	0	0	0	19088	26892	0	1	ok
F	76	f74	45	411	3316	511	30	4268	29	26	6	0	0	0	0	19088	26892	0	1	ok
F	77	f75	45	391	3116	500	31	4038	29	26	6	0	0	0	0	19088	26892	0	1	ok
F	78	f76	45	361	3266	491	30	4148	29	26	6	0	0	0	0	19088	26892	0	1	ok
F	79	f77	45	421	3286	501	30	4238	29	26	6	0	0	0	0	19088	26892	0	1	ok
F	80	f78	45	321	3055	501	30	3907	29	26	6	0	0	0	0	19088	26892	0	1	ok
F	81	f79	45	320	2996	491	30	3837	29	26	6	0	0	0	0	19088	26892	0	1	ok
F	82	f80	45	310	3196	671	30	4207	29	26	6	0	0	0	0	19088	26892	0	1	ok
F	83	f81	45	301	3186	511	30	4028	29	26	6	0	0	0	0	19088	26892	0	1	ok
F	84	f82	45	311	3146	501	30	3988	29	26	6	0	0	0	0	19088	26892	0	1	ok
F	85	f83	45	321	3256	501	30	4108	29	26	6	0	0	0	0	19088	26892	0	1	ok
F	86	f84	45	421	3086	501	20	4028	29	26	6	0	0	0	0	19088	26892	0	1	ok
F	87	f85	45	310	3106	491	30	3937	29	26	6	0	0	0	0	19088	26892	0	1	ok
F	88	f86	45	300	3066	491	30	3887	29	26	6	0	0	0	0	19088	26892	0	1	ok
F	89	f87	45	440	3036	501	30	4007	29	26	6	0	0	0	0	19088	26892	0	1	ok
F	90	f88	45	350	3156	501	30	4037	29	26	6	0	0	0	0	19088	26892	0	1	ok
F	91	f89	45	330	3126	491	30	3977	29	26	6	0	0	0	0	19088	26892	0	1	ok
F	92	f90	45	310	3066	501	30	3907	29	26	6	0	0	0	0	19088	26892	0	1	ok
F	93	f91	45	430	3166	491	30	4117	29	26	6	0	0	0	0	19088	26892	0	1	ok
F	94	f92	45	311	3236	491	30	4068	29	26	6	0	0	0	0	19088	26892	0	1	ok
F	95	f93	45	311	3256	491	30	4088	29	26	6	0	0	0	0	19088	26892	0	1	ok
F	96	f94	45	421	3186	511	30	4148	29	26	6	0	0	0	0	19088	26892	0	1	ok
F	97	f95	45	310	3116	501	20	3947	29	26	6	0	0	0	0	19088	26892	0	1	ok
F	98	f96	45	330	3297	501	30	4158	29	26	6	0	0	0	0	19088	26892	0	1	ok
F	99	f97	45	311	3086	490	31	3918	29	26	6	0	0	0	0	19088	26892	0	1	ok
F	100	f98	45	421	3116	501	30	4068	29	26	6	0	0	0	0	19088	26892	0	1	ok
F	101	f99	45	311	3146	501	30	3988	29	26	6	0	0	0	0	19088	26892	0	1	ok
F	102	f100	45	311	3216	501	30	4058	29	26	6	0	0	0	0	19088	26892	0	1	ok
F	103	f101	45	430	3317	501	30	4278	29	26	6	0	0	0	0	19088	26892	0	1	ok
F	104	f102	45	311	3186	491	30	4018	29	26	6	0	0	0	0	19088	26892	0	1	ok
F	105	f103	45	341	3226	511	30	4108	29	26	6	0	0	0	0	19088	26892	0	1	ok
F	106	f104	45	320	3336	511	30	4197	29	26	6	0	0	0	0	19088	26892	0	1	ok
F	107	f105	45	431	3166	501	30	4128	29	26	6	0	0	0	0	19088	26892	0	1	ok
F	108	f106	45	381	3186	501	30	4098	29	26	6	0	0	0	0	19088	26892	0	1	ok
F	109	f107	45	330	3126	501	30	3987	29	26	6	0	0	0	0	19088	26892	0	1	ok
F	110	f108	45	420	2996	501	30	3947	29	26	6	0	0	0	0	19088	26892	0	1	ok
F	111	f109	45	310	3006	501	30	3847	29	26	6	0	0	0	0	19088	26892	0	1	ok
F	112	f110	45	331	3126	501	20	3978	29	26	6	0	0	0	0	19088	26892	0	1	ok
F	113	f111	45	431	3106	511	30	4078	29	26	6	0	0	0	0	19088	26892	0	1	ok
F	114	f112	45	310	3196	501	30	4037	29	26	6	0	0	0	0	19088	26892	0	1	ok
F	115	f113	45	320	3026	511	20	3877	29	26	6	0	0	0	0	19088	26892	0	1	ok
F	116	f114	45	330	3026	491	30	3877	29	26	6	0	0	0	0	19088	26892	0	1	ok
F	117	f115	45	420	3156	501	30	4107	29	26	6	0	0	0	0	19088	26892	0	1	ok
F	118	f116	45	381	3175	501	30	4087	29	26	6	0	0	0	0	19088	26892	0	1	ok
F	119	f117	45	321	3246	501	30	4098	29	26	6	0	0	0	0	19088	26892	0	1	ok
F	120	f118	45	421	3156	491	30	4098	29	26	6	0	0	0	0	19088	26892	0	1	ok
F	121	f119	45	320	3086	511	30	3947	29	26	6	0	0	0	0	19088	26892	0	1	ok
F	122	f120	45	300	3116	501	30	3947	29	26	6	0	0	0	0	19088	26892	0	1	ok
F	123	f121	45	300	3156	491	30	3977	29	26	6	0	0	0	0	19088	26892	0	1	ok
F	124	f122	45	431	3135	501	30	4097	29	26	6	0	0	0	0	19088	26892	0	1	ok
F	125	f123	45	311	3236	501	30	4078	29	26	6	0	0	0	0	19088	26892	0	1	ok
F	126	f124	45	331	3026	501	30	3888	29	26	6	0	0	0	0	19088	26892	0	1	ok
F	127	f125	45	421	3206	501	30	4158	29	26	6	0	0	0	0	19088	26892	0	1	ok
F	128	f126	45	331	3236	501	30	4098	29	26	6	0	0	0	0	19088	26892	0	1	ok
F	129	f127	45	310	3286	501	30	4127	29	26	6	0	0	0	0	19088	26892	0	1	ok
F	130	f128	45	311	3266	501	30	4108	29	26	6	0	0	0	0	19088	26892	0	1	ok
F	131	f129	45	421	3066	491	30	4008	29	26	6	0	0	0	0	19088	26892	0	1	ok
F	132	f130	45	311	3216	501	30	4058	29	26	6	0	0	0	0	19088	26892	0	1	ok
F	133	f131	45	310	3156	491	30	3987	29	26	6	0	0	0	0	19088	26892	0	1	ok
F	134	f132	45	410	3287	501	20	4218	29	26	6	0	0	0	0	19088	26892	0	1	ok
F	135	f133	45	311	3386	501	30	4228	29	26	6	0	0	0	0	19088	26892	0	1	ok
F	136	f134	45	320	3156	501	30	4007	29	26	6	0	0	0	0	19088	26892	0	1	ok
F	137	f135	45	531	3176	501	30	4238	29	26	6	0	0	0	0	19088	26892	0	1	ok
F	138	f136	45	461	3617	491	30	4599	29	26	6	0	0	0	0	19088	26892	0	1	ok
F	139	f137	45	311	3156	501	30	3998	29	26	6	0	0	0	0	19088	26892	0	1	ok
F	140	f138	45	311	3336	501	50	4198	29	26	6	0	0	0	0	19088	26892	0	1	ok
F	141	f139	45	421	3266	511	20	4218	29	26	6	0	0	0	0	19088	26892	0	1	ok
F	142	f140	45	311	3176	501	30	4018	29	26	6	0	0	0	0	19088	26892	0	1	ok
F	143	f141	45	321	3066	501	30	3918	29	26	6	0	0	0	0	19088	26892	0	1	ok
F	144	f142	45	411	3206	501	30	4148	29	26	6	0	0	0	0	19088	26892	0	1	ok
F	145	f143	45	330	3327	501	30	4188	29	26	6	0	0	0	0	19088	26892	0	1	ok
F	146	f144	45	321	3266	501	30	4118	29	26	6	0	0	0	0	19088	26892	0	1	ok
F	147	f145	45	311	3336	511	30	4188	29	26	6	0	0	0	0	19088	26892	0	1	ok
F	148	f146	45	431	3256	501	30	4218	29	26	6	0	0	0	0	19088	26892	0	1	ok
F	149	f147	45	371	3346	501	30	4248	29	26	6	0	0	0	0	19088	26892	0	1	ok
F	150	f148	45	320	3156	501	30	4007	29	26	6	0	0	0	0	19088	26892	0	1	ok
F	151	f149	45	81633	5420	651	30	87734	29	26	6	0	0	0	0	19088	26892	0	1	ok
F	152	f150	45	391	3126	501	30	4048	29	26	6	0	0	0	0	19088	26892	0	1	ok
F	153	f151	45	321	3116	511	30	3978	29	26	6	0	0	0	0	19088	26892	0	1	ok
F	154	f152	45	311	3286	511	30	4138	29	26	6	0	0	0	0	19088	26892	0	1	ok
F	155	f153	45	561	3216	490	31	4298	29	26	6	0	0	0	0	19088	26892	0	1	ok
F	156	f154	45	311	3386	501	30	4228	29	26	6	0	0	0	0	19088	26892	0	1	ok
F	157	f155	45	330	3237	500	31	4098	29	26	6	0	0	0	0	19088	26892	0	1	ok
F	158	f156	45	421	3276	491	30	4218	29	26	6	0	0	0	0	19088	26892	0	1	ok
F	159	f157	45	391	3456	511	30	4388	29	26	6	0	0	0	0	19088	26892	0	1	ok
F	160	f158	45	330	3196	501	30	4057	29	26	6	0	0	0	0	19088	26892	0	1	ok
F	161	f159	45	320	3567	511	30	4428	29	26	6	0	0	0	0	19088	26892	0	1	ok
F	162	f160	45	300	3336	491	30	4157	29	26	6	0	0	0	0	19088	26892	0	1	ok
F	163	f161	45	311	3065	491	30	3897	29	26	6	0	0	0	0	19088	26892	0	1	ok
F	164	f162	45	330	3046	511	30	3917	29	26	6	0	0	0	0	19088	26892	0	1	ok
F	165	f163	45	431	3065	501	30	4027	29	26	6	0	0	0	0	19088	26892	0	1	ok
F	166	f164	45	381	3136	500	30	4047	29	26	6	0	0	0	0	19088	26892	0	1	ok
F	167	f165	45	321	3296	491	30	4138	29	26	6	0	0	0	0	19088	26892	0	1	ok
F	168	f166	45	431	3076	501	30	4038	29	26	6	0	0	0	0	19088	26892	0	1	ok
F	169	f167	45	310	3046	501	30	3887	29	26	6	0	0	0	0	19088	26892	0	1	ok
F	170	f168	45	310	3126	501	30	3967	29	26	6	0	0	0	0	19088	26892	0	1	ok
F	171	f169	45	320	3076	501	30	3927	29	26	6	0	0	0	0	19088	26892	0	1	ok
F	172	f170	45	420	3086	511	20	4037	29	26	6	0	0	0	0	19088	26892	0	1	ok
F	173	f171	45	320	3096	491	30	3937	29	26	6	0	0	0	0	19088	26892	0	1	ok
F	174	f172	45	320	3056	501	30	3907	29	26	6	0	0	0	0	19088	26892	0	1	ok
F	175	f173	45	440	3006	501	30	3977	29	26	6	0	0	0	0	19088	26892	0	1	ok
F	176	f174	45	320	3066	581	20	3987	29	26	6	0	0	0	0	19088	26892	0	1	ok
F	177	f175	45	320	2996	491	30	3837	29	26	6	0	0	0	0	19088	26892	0	1	ok
F	178	f176	45	331	3276	501	30	4138	29	26	6	0	0	0	0	19088	26892	0	1	ok
F	179	f177	45	421	3015	491	30	3957	29	26	6	0	0	0	0	19088	26892	0	1	ok
F	180	f178	45	310	3076	501	30	3917	29	26	6	0	0	0	0	19088	26892	0	1	ok
F	181	f179	45	300	3146	511	20	3977	29	26	6	0	0	0	0	19088	26892	0	1	ok
F	182	f180	45	441	3206	491	30	4168	29	26	6	0	0	0	0	19088	26892	0	1	ok
F	183	f181	45	321	3146	491	30	3988	29	26	6	0	0	0	0	19088	26892	0	1	ok
F	184	f182	45	321	3246	501	30	4098	29	26	6	0	0	0	0	19088	26892	0	1	ok
F	185	f183	45	310	3036	501	260	4107	29	26	6	0	0	0	0	19088	26892	0	1	ok
F	186	f184	45	321	3005	501	30	3857	29	26	6	0	0	0	0	19088	26892	0	1	ok
F	187	f185	45	310	3006	501	30	3847	29	26	6	0	0	0	0	19088	26892	0	1	ok
F	188	f186	45	320	3156	501	40	4017	29	26	6	0	0	0	0	19088	26892	0	1	ok
F	189	f187	45	431	3196	500	30	4157	29	26	6	0	0	0	0	19088	26892	0	1	ok
F	190	f188	45	331	3246	491	30	4098	29	26	6	0	0	0	0	19088	26892	0	1	ok
F	191	f189	45	311	3196	501	30	4038	29	26	6	0	0	0	0	19088	26892	0	1	ok
F	192	f190	45	411	3226	501	20	4158	29	26	6	0	0	0	0	19088	26892	0	1	ok
F	193	f191	45	310	3046	491	30	3877	29	26	6	0	0	0	0	19088	26892	0	1	ok
F	194	f192	45	300	3116	501	30	3947	29	26	6	0	0	0	0	19088	26892	0	1	ok
F	195	f193	45	300	3096	501	30	3927	29	26	6	0	0	0	0	19088	26892	0	1	ok
F	196	f194	45	430	3046	531	30	4037	29	26	6	0	0	0	0	19088	26892	0	1	ok
F	197	f195	45	330	3126	501	20	3977	29	26	6	0	0	0	0	19088	26892	0	1	ok
F	198	f196	45	310	3136	511	30	3987	29	26	6	0	0	0	0	19088	26892	0	1	ok
F	199	f197	45	431	3196	501	30	4158	29	26	6	0	0	0	0	19088	26892	0	1	ok
F	200	f198	45	321	3136	501	30	3988	29	26	6	0	0	0	0	19088	26892	0	1	ok
F	201	f199	45	321	3056	501	20	3898	29	26	6	0	0	0	0	19088	26892	0	1	ok
F	202	f200	45	321	3116	491	30	3958	29	26	6	0	0	0	0	19088	26892	0	1	ok
F	203	f201	45	421	3086	491	30	4028	29	26	6	0	0	0	0	19088	26892	0	1	ok
F	204	f202	45	321	3126	501	30	3978	29	26	6	0	0	0	0	19088	26892	0	1	ok
F	205	f203	45	311	3136	501	30	3978	29	26	6	0	0	0	0	19088	26892	0	1	ok
F	206	f204	45	431	3206	501	30	4168	29	26	6	0	0	0	0	19088	26892	0	1	ok
F	207	f205	45	310	3066	491	30	3897	29	26	6	0	0	0	0	19088	26892	0	1	ok
F	208	f206	45	310	3106	501	30	3947	29	26	6	0	0	0	0	19088	26892	0	1	ok
F	209	f207	45	310	3066	501	30	3907	29	26	6	0	0	0	0	19088	26892	0	1	ok
F	210	f208	45	410	3196	491	30	4127	29	26	6	0	0	0	0	19088	26892	0	1	ok
F	211	f209	45	320	3066	501	20	3907	29	26	6	0	0	0	0	19088	26892	0	1	ok
F	212	f210	45	310	3136	501	30	3977	29	26	6	0	0	0	0	19088	26892	0	1	ok
F	213	f211	45	421	3155	501	30	4107	29	26	6	0	0	0	0	19088	26892	0	1	ok
F	214	f212	45	411	3116	501	20	4048	29	26	6	0	0	0	0	19088	26892	0	1	ok
F	215	f213	45	311	3096	511	30	3948	29	26	6	0	0	0	0	19088	26892	0	1	ok
F	216	f214	45	441	3166	491	30	4128	29	26	6	0	0	0	0	19088	26892	0	1	ok
F	217	f215	45	320	3076	491	30	3917	29	26	6	0	0	0	0	19088	26892	0	1	ok
F	218	f216	45	310	3146	501	30	3987	29	26	6	0	0	0	0	19088	26892	0	1	ok
F	219	f217	45	320	3076	501	30	3927	29	26	6	0	0	0	0	19088	26892	0	1	ok
F	220	f218	45	420	3156	511	30	4117	29	26	6	0	0	0	0	19088	26892	0	1	ok
F	221	f219	45	310	3156	501	30	3997	29	26	6	0	0	0	0	19088	26892	0	1	ok
F	222	f220	45	320	3206	501	30	4057	29	26	6	0	0	0	0	19088	26892	0	1	ok
F	223	f221	45	421	3126	491	30	4068	29	26	6	0	0	0	0	19088	26892	0	1	ok
F	224	f222	45	311	3146	501	20	3978	29	26	6	0	0	0	0	19088	26892	0	1	ok
F	225	f223	45	331	3066	501	20	3918	29	26	6	0	0	0	0	19088	26892	0	1	ok
F	226	f224	45	311	3306	501	30	4148	29	26	6	0	0	0	0	19088	26892	0	1	ok
F	227	f225	45	420	3166	511	30	4127	29	26	6	0	0	0	0	19088	26892	0	1	ok
F	228	f226	45	320	3066	511	30	3927	29	26	6	0	0	0	0	19088	26892	0	1	ok
F	229	f227	45	340	3126	501	30	3997	29	26	6	0	0	0	0	19088	26892	0	1	ok
F	230	f228	45	431	3125	491	30	4077	29	26	6	0	0	0	0	19088	26892	0	1	ok
F	231	f229	45	311	3206	501	30	4048	29	26	6	0	0	0	0	19088	26892	0	1	ok
F	232	f230	45	321	3146	501	30	3998	29	26	6	0	0	0	0	19088	26892	0	1	ok
F	233	f231	45	321	3166	501	30	4018	29	26	6	0	0	0	0	19088	26892	0	1	ok
F	234	f232	45	421	3457	511	20	4409	29	26	6	0	0	0	0	19088	26892	0	1	ok
F	235	f233	45	311	3085	491	30	3917	29	26	6	0	0	0	0	19088	26892	0	1	ok
F	236	f234	45	311	3085	501	20	3917	29	26	6	0	0	0	0	19088	26892	0	1	ok
F	237	f235	45	431	3086	500	21	4038	29	26	6	0	0	0	0	19088	26892	0	1	ok
F	238	f236	45	311	3196	501	30	4038	29	26	6	0	0	0	0	19088	26892	0	1	ok
F	239	f237	45	301	3005	501	30	3837	29	26	6	0	0	0	0	19088	26892	0	1	ok
F	240	f238	45	431	3096	501	30	4058	29	26	6	0	0	0	0	19088	26892	0	1	ok
F	241	f239	45	321	3096	500	31	3948	29	26	6	0	0	0	0	19088	26892	0	1	ok
F	242	f240	45	321	3316	501	30	4168	29	26	6	0	0	0	0	19088	26892	0	1	ok
F	243	f241	45	370	3056	501	30	3957	29	26	6	0	0	0	0	19088	26892	0	1	ok
F	244	f242	45	430	3216	501	30	4177	29	26	6	0	0	0	0	19088	26892	0	1	ok
F	245	f243	45	311	3025	501	30	3867	29	26	6	0	0	0	0	19088	26892	0	1	ok
F	246	f244	45	310	3206	501	20	4037	29	26	6	0	0	0	0	19088	26892	0	1	ok
F	247	f245	45	461	3166	501	30	4158	29	26	6	0	0	0	0	19088	26892	0	1	ok
F	248	f246	45	321	3196	491	30	4038	29	26	6	0	0	0	0	19088	26892	0	1	ok
F	249	f247	45	300	3176	501	20	3997	29	26	6	0	0	0	0	19088	26892	0	1	ok
F	250	f248	45	310	3076	511	30	3927	29	26	6	0	0	0	0	19088	26892	0	1	ok
F	251	f249	45	430	3146	511	30	4117	29	26	6	0	0	0	0	19088	26892	0	1	ok
F	252	f250	45	320	3267	501	30	4118	29	26	6	0	0	0	0	19088	26892	0	1	ok
F	253	f251	45	321	3126	501	30	3978	29	26	6	0	0	0	0	19088	26892	0	1	ok
F	254	f252	45	431	3116	501	20	4068	29	26	6	0	0	0	0	19088	26892	0	1	ok
F	255	f253	45	311	3276	491	30	4108	29	26	6	0	0	0	0	19088	26892	0	1	ok
F	256	f254	45	370	3256	491	30	4147	29	26	6	0	0	0	0	19088	26892	0	1	ok
F	257	f255	45	321	3186	501	30	4038	29	26	6	0	0	0	0	19088	26892	0	1	ok
F	258	f256	45	431	3116	511	30	4088	29	26	6	0	0	0	0	19088	26892	0	1	ok
F	259	f257	45	351	3086	501	30	3968	29	26	6	0	0	0	0	19088	26892	0	1	ok
F	260	f258	45	311	3166	501	30	4008	29	26	6	0	0	0	0	19088	26892	0	1	ok
F	261	f259	45	66524	4589	641	30	71784	29	26	6	0	0	0	0	19088	26892	0	1	ok
F	262	f260	45	390	3146	491	30	4057	29	26	6	0	0	0	0	19088	26892	0	1	ok
F	263	f261	45	321	3105	491	30	3947	29	26	6	0	0	0	0	19088	26892	0	1	ok
F	264	f262	45	321	3336	491	30	4178	29	26	6	0	0	0	0	19088	26892	0	1	ok
F	265	f263	45	310	3156	501	30	3997	29	26	6	0	0	0	0	19088	26892	0	1	ok
F	266	f264	45	420	3256	501	30	4207	29	26	6	0	0	0	0	19088	26892	0	1	ok
F	267	f265	45	321	3246	501	30	4098	29	26	6	0	0	0	0	19088	26892	0	1	ok
F	268	f266	45	441	3266	501	30	4238	29	26	6	0	0	0	0	19088	26892	0	1	ok
F	269	f267	45	310	3176	501	30	4017	29	26	6	0	0	0	0	19088	26892	0	1	ok
F	270	f268	45	321	3125	501	30	3977	29	26	6	0	0	0	0	19088	26892	0	1	ok
F	271	f269	45	431	3096	500	31	4058	29	26	6	0	0	0	0	19088	26892	0	1	ok
F	272	f270	45	311	3176	501	30	4018	29	26	6	0	0	0	0	19088	26892	0	1	ok
F	273	f271	45	321	3156	511	30	4018	29	26	6	0	0	0	0	19088	26892	0	1	ok
F	274	f272	45	321	3196	501	30	4048	29	26	6	0	0	0	0	19088	26892	0	1	ok
F	275	f273	45	421	3146	491	30	4088	29	26	6	0	0	0	0	19088	26892	0	1	ok
F	276	f274	45	310	3206	501	30	4047	29	26	6	0	0	0	0	19088	26892	0	1	ok
F	277	f275	45	330	3297	501	30	4158	29	26	6	0	0	0	0	19088	26892	0	1	ok
F	278	f276	45	481	3146	491	30	4148	29	26	6	0	0	0	0	19088	26892	0	1	ok
F	279	f277	45	320	3146	501	20	3987	29	26	6	0	0	0	0	19088	26892	0	1	ok
F	280	f278	45	310	3036	501	30	3877	29	26	6	0	0	0	0	19088	26892	0	1	ok
F	281	f279	45	330	3046	501	30	3907	29	26	6	0	0	0	0	19088	26892	0	1	ok
F	282	f280	45	430	3126	511	30	4097	29	26	6	0	0	0	0	19088	26892	0	1	ok
F	283	f281	45	320	3016	501	30	3867	29	26	6	0	0	0	0	19088	26892	0	1	ok
F	284	f282	45	320	3096	501	30	3947	29	26	6	0	0	0	0	19088	26892	0	1	ok
F	285	f283	45	420	3136	501	30	4087	29	26	6	0	0	0	0	19088	26892	0	1	ok
F	286	f284	45	320	3347	491	30	4188	29	26	6	0	0	0	0	19088	26892	0	1	ok
F	287	f285	45	311	3376	491	30	4208	29	26	6	0	0	0	0	19088	26892	0	1	ok
F	288	f286	45	310	3246	501	331	4388	29	26	6	0	0	0	0	19088	26892	0	1	ok
F	289	f287	45	311	3106	511	30	3958	29	26	6	0	0	0	0	19088	26892	0	1	ok
F	290	f288	45	311	3246	491	30	4078	29	26	6	0	0	0	0	19088	26892	0	1	ok
F	291	f289	45	300	3026	501	30	3857	29	26	6	0	0	0	0	19088	26892	0	1	ok
F	292	f290	45	421	3056	501	30	4008	29	26	6	0	0	0	0	19088	26892	0	1	ok
F	293	f291	45	311	3356	521	30	4218	29	26	6	0	0	0	0	19088	26892	0	1	ok
F	294	f292	45	311	3135	511	30	3987	29	26	6	0	0	0	0	19088	26892	0	1	ok
F	295	f293	45	421	3386	501	20	4328	29	26	6	0	0	0	0	19088	26892	0	1	ok
F	296	f294	45	310	3377	491	30	4208	29	26	6	0	0	0	0	19088	26892	0	1	ok
F	297	f295	45	321	3186	491	30	4028	29	26	6	0	0	0	0	19088	26892	0	1	ok
F	298	f296	45	300	3276	491	30	4097	29	26	6	0	0	0	0	19088	26892	0	1	ok
F	299	f297	45	421	3126	491	30	4068	29	26	6	0	0	0	0	19088	26892	0	1	ok
F	300	f298	45	301	3296	511	20	4128	29	26	6	0	0	0	0	19088	26892	0	1	ok
F	301	f299	45	431	3116	501	30	4078	29	26	6	0	0	0	0	19088	26892	0	1	ok
F	302	f300	45	491	3496	501	30	4518	29	26	6	0	0	0	0	19088	26892	0	1	ok
F	303	f301	45	310	3186	501	30	4027	29	26	6	0	0	0	0	19088	26892	0	1	ok
F	304	f302	45	310	3257	500	31	4098	29	26	6	0	0	0	0	19088	26892	0	1	ok
F	305	f303	45	311	3376	501	30	4218	29	26	6	0	0	0	0	19088	26892	0	1	ok
F	306	f304	45	430	3427	501	30	4388	29	26	6	0	0	0	0	19088	26892	0	1	ok
F	307	f305	45	311	3156	491	30	3988	29	26	6	0	0	0	0	19088	26892	0	1	ok
F	308	f306	45	311	3206	491	30	4038	29	26	6	0	0	0	0	19088	26892	0	1	ok
F	309	f307	45	431	3357	501	30	4319	29	26	6	0	0	0	0	19088	26892	0	1	ok
F	310	f308	45	401	3156	501	30	4088	29	26	6	0	0	0	0	19088	26892	0	1	ok
F	311	f309	45	321	3096	491	30	3938	29	26	6	0	0	0	0	19088	26892	0	1	ok
F	312	f310	45	311	3126	571	30	4038	29	26	6	0	0	0	0	19088	26892	0	1	ok
F	313	f311	45	431	3116	501	30	4078	29	26	6	0	0	0	0	19088	26892	0	1	ok
F	314	f312	45	310	3046	501	30	3887	29	26	6	0	0	0	0	19088	26892	0	1	ok
F	315	f313	45	300	3076	501	30	3907	29	26	6	0	0	0	0	19088	26892	0	1	ok
F	316	f314	45	430	3106	501	30	4067	29	26	6	0	0	0	0	19088	26892	0	1	ok
F	317	f315	45	310	3146	491	30	3977	29	26	6	0	0	0	0	19088	26892	0	1	ok
F	318	f316	45	310	3056	501	30	3897	29	26	6	0	0	0	0	19088	26892	0	1	ok
F	319	f317	45	430	3176	491	30	4127	29	26	6	0	0	0	0	19088	26892	0	1	ok
F	320	f318	45	321	3256	501	30	4108	29	26	6	0	0	0	0	19088	26892	0	1	ok
F	321	f319	45	311	2985	501	20	3817	29	26	6	0	0	0	0	19088	26892	0	1	ok
F	322	f320	45	311	3125	491	30	3957	29	26	6	0	0	0	0	19088	26892	0	1	ok
F	323	f321	45	421	3166	491	30	4108	29	26	6	0	0	0	0	19088	26892	0	1	ok
F	324	f322	45	321	3156	491	30	3998	29	26	6	0	0	0	0	19088	26892	0	1	ok
F	325	f323	45	321	3276	501	30	4128	29	26	6	0	0	0	0	19088	26892	0	1	ok
F	326	f324	45	430	3247	500	31	4208	29	26	6	0	0	0	0	19088	26892	0	1	ok
F	327	f325	45	311	3206	501	30	4048	29	26	6	0	0	0	0	19088	26892	0	1	ok
F	328	f326	45	321	3126	491	30	3968	29	26	6	0	0	0	0	19088	26892	0	1	ok
F	329	f327	45	311	3086	511	30	3938	29	26	6	0	0	0	0	19088	26892	0	1	ok
F	330	f328	45	431	3226	501	30	4188	29	26	6	0	0	0	0	19088	26892	0	1	ok
F	331	f329	45	370	3166	491	30	4057	29	26	6	0	0	0	0	19088	26892	0	1	ok
F	332	f330	45	330	3046	501	30	3907	29	26	6	0	0	0	0	19088	26892	0	1	ok
F	333	f331	45	430	3136	501	20	4087	29	26	6	0	0	0	0	19088	26892	0	1	ok
F	334	f332	45	341	3025	501	30	3897	29	26	6	0	0	0	0	19088	26892	0	1	ok
F	335	f333	45	310	3016	501	30	3857	29	26	6	0	0	0	0	19088	26892	0	1	ok
F	336	f334	45	320	3096	501	30	3947	29	26	6	0	0	0	0	19088	26892	0	1	ok
F	337	f335	45	421	3206	501	30	4158	29	26	6	0	0	0	0	19088	26892	0	1	ok
F	338	f336	45	310	3186	501	30	4027	29	26	6	0	0	0	0	19088	26892	0	1	ok
F	339	f337	45	321	3145	501	30	3997	29	26	6	0	0	0	0	19088	26892	0	1	ok
F	340	f338	45	451	3176	491	30	4148	29	26	6	0	0	0	0	19088	26892	0	1	ok
F	341	f339	45	301	3286	491	30	4108	29	26	6	0	0	0	0	19088	26892	0	1	ok
F	342	f340	45	420	3237	500	31	4188	29	26	6	0	0	0	0	19088	26892	0	1	ok
F	343	f341	45	431	3046	491	30	3998	29	26	6	0	0	0	0	19088	26892	0	1	ok
F	344	f342	45	311	3076	500	31	3918	29	26	6	0	0	0	0	19088	26892	0	1	ok
F	345	f343	45	321	3146	490	31	3988	29	26	6	0	0	0	0	19088	26892	0	1	ok
F	346	f344	45	331	3035	501	20	3887	29	26	6	0	0	0	0	19088	26892	0	1	ok
F	347	f345	45	411	3015	501	30	3957	29	26	6	0	0	0	0	19088	26892	0	1	ok
F	348	f346	45	311	3186	500	31	4028	29	26	6	0	0	0	0	19088	26892	0	1	ok
F	349	f347	45	321	3186	491	30	4028	29	26	6	0	0	0	0	19088	26892	0	1	ok
F	350	f348	45	431	3106	491	30	4058	29	26	6	0	0	0	0	19088	26892	0	1	ok
F	351	f349	45	311	3246	491	30	4078	29	26	6	0	0	0	0	19088	26892	0	1	ok
F	352	f350	45	320	3116	491	30	3957	29	26	6	0	0	0	0	19088	26892	0	1	ok
F	353	f351	45	300	3086	501	30	3917	29	26	6	0	0	0	0	19088	26892	0	1	ok
F	354	f352	45	431	3236	501	30	4198	29	26	6	0	0	0	0	19088	26892	0	1	ok
F	355	f353	45	320	3036	501	30	3887	29	26	6	0	0	0	0	19088	26892	0	1	ok
F	356	f354	45	301	3095	501	30	3927	29	26	6	0	0	0	0	19088	26892	0	1	ok
F	357	f355	45	431	3066	491	30	4018	29	26	6	0	0	0	0	19088	26892	0	1	ok
F	358	f356	45	381	3286	501	30	4198	29	26	6	0	0	0	0	19088	26892	0	1	ok
F	359	f357	45	480	3247	500	31	4258	29	26	6	0	0	0	0	19088	26892	0	1	ok
F	360	f358	45	311	3096	500	31	3938	29	26	6	0	0	0	0	19088	26892	0	1	ok
F	361	f359	45	421	3166	521	30	4138	29	26	6	0	0	0	0	19088	26892	0	1	ok
F	362	f360	45	321	3306	481	30	4138	29	26	6	0	0	0	0	19088	26892	0	1	ok
F	363	f361	45	310	3216	491	30	4047	29	26	6	0	0	0	0	19088	26892	0	1	ok
F	364	f362	45	431	3196	501	30	4158	29	26	6	0	0	0	0	19088	26892	0	1	ok
F	365	f363	45	311	3156	501	20	3988	29	26	6	0	0	0	0	19088	26892	0	1	ok
F	366	f364	45	301	3086	491	30	3908	29	26	6	0	0	0	0	19088	26892	0	1	ok
F	367	f365	45	301	3336	501	30	4168	29	26	6	0	0	0	0	19088	26892	0	1	ok
F	368	f366	45	330	3226	491	30	4077	29	26	6	0	0	0	0	19088	26892	0	1	ok
F	369	f367	45	340	3116	491	30	3977	29	26	6	0	0	0	0	19088	26892	0	1	ok
F	370	f368	45	310	3146	501	20	3977	29	26	6	0	0	0	0	19088	26892	0	1	ok
F	371	f369	45	71454	4218	651	30	76353	29	26	6	0	0	0	0	19088	26892	0	1	ok
F	372	f370	45	410	3006	501	20	3937	29	26	6	0	0	0	0	19088	26892	0	1	ok
F	373	f371	45	310	3086	491	30	3917	29	26	6	0	0	0	0	19088	26892	0	1	ok
F	374	f372	45	561	3196	501	20	4278	29	26	6	0	0	0	0	19088	26892	0	1	ok
F	375	f373	45	311	3316	501	30	4158	29	26	6	0	0	0	0	19088	26892	0	1	ok
F	376	f374	45	300	3226	501	20	4047	29	26	6	0	0	0	0	19088	26892	0	1	ok
F	377	f375	45	320	3196	501	30	4047	29	26	6	0	0	0	0	19088	26892	0	1	ok
F	378	f376	45	431	3086	501	20	4038	29	26	6	0	0	0	0	19088	26892	0	1	ok
F	379	f377	45	311	3236	541	20	4108	29	26	6	0	0	0	0	19088	26892	0	1	ok
F	380	f378	45	320	3387	511	20	4238	29	26	6	0	0	0	0	19088	26892	0	1	ok
F	381	f379	45	441	3176	501	30	4148	29	26	6	0	0	0	0	19088	26892	0	1	ok
F	382	f380	45	311	3246	491	30	4078	29	26	6	0	0	0	0	19088	26892	0	1	ok
F	383	f381	45	310	3176	501	20	4007	29	26	6	0	0	0	0	19088	26892	0	1	ok
F	384	f382	45	310	3236	501	20	4067	29	26	6	0	0	0	0	19088	26892	0	1	ok
F	385	f383	45	421	3045	491	30	3987	29	26	6	0	0	0	0	19088	26892	0	1	ok
F	386	f384	45	311	3125	511	20	3967	29	26	6	0	0	0	0	19088	26892	0	1	ok
F	387	f385	45	331	3015	501	30	3877	29	26	6	0	0	0	0	19088	26892	0	1	ok
F	388	f386	45	421	3025	501	30	3977	29	26	6	0	0	0	0	19088	26892	0	1	ok
F	389	f387	45	330	3036	501	30	3897	29	26	6	0	0	0	0	19088	26892	0	1	ok
F	390	f388	45	390	3186	491	30	4097	29	26	6	0	0	0	0	19088	26892	0	1	ok
F	391	f389	45	311	3246	501	150	4208	29	26	6	0	0	0	0	19088	26892	0	1	ok
F	392	f390	45	301	3196	511	30	4038	29	26	6	0	0	0	0	19088	26892	0	1	ok
F	393	f391	45	300	3176	501	30	4007	29	26	6	0	0	0	0	19088	26892	0	1	ok
F	394	f392	45	310	3236	501	30	4077	29	26	6	0	0	0	0	19088	26892	0	1	ok
F	395	f393	45	421	3216	501	30	4168	29	26	6	0	0	0	0	19088	26892	0	1	ok
F	396	f394	45	301	3236	501	30	4068	29	26	6	0	0	0	0	19088	26892	0	1	ok
F	397	f395	45	311	3256	491	30	4088	29	26	6	0	0	0	0	19088	26892	0	1	ok
F	398	f396	45	410	3357	501	30	4298	29	26	6	0	0	0	0	19088	26892	0	1	ok
F	399	f397	45	311	3206	501	30	4048	29	26	6	0	0	0	0	19088	26892	0	1	ok
F	400	f398	45	321	3076	491	30	3918	29	26	6	0	0	0	0	19088	26892	0	1	ok
F	401	f399	45	311	3066	491	30	3898	29	26	6	0	0	0	0	19088	26892	0	1	ok
F	402	f400	45	431	3356	491	30	4308	29	26	6	0	0	0	0	19088	26892	0	1	ok
F	403	f401	45	330	3076	491	30	3927	29	26	6	0	0	0	0	19088	26892	0	1	ok
F	404	f402	45	310	3076	501	20	3907	29	26	6	0	0	0	0	19088	26892	0	1	ok
F	405	f403	45	430	3126	511	20	4087	29	26	6	0	0	0	0	19088	26892	0	1	ok
F	406	f404	45	471	3216	501	30	4218	29	26	6	0	0	0	0	19088	26892	0	1	ok
F	407	f405	45	321	3106	501	30	3958	29	26	6	0	0	0	0	19088	26892	0	1	ok
F	408	f406	45	311	3086	501	30	3928	29	26	6	0	0	0	0	19088	26892	0	1	ok
F	409	f407	45	441	3006	501	30	3978	29	26	6	0	0	0	0	19088	26892	0	1	ok
F	410	f408	45	321	3066	511	30	3928	29	26	6	0	0	0	0	19088	26892	0	1	ok
F	411	f409	45	321	3056	501	20	3898	29	26	6	0	0	0	0	19088	26892	0	1	ok
F	412	f410	45	431	3116	501	20	4068	29	26	6	0	0	0	0	19088	26892	0	1	ok
F	413	f411	45	311	3136	491	30	3968	29	26	6	0	0	0	0	19088	26892	0	1	ok
F	414	f412	45	311	3096	491	30	3928	29	26	6	0	0	0	0	19088	26892	0	1	ok
F	415	f413	45	291	3146	491	30	3958	29	26	6	0	0	0	0	19088	26892	0	1	ok
F	416	f414	45	431	3046	501	30	4008	29	26	6	0	0	0	0	19088	26892	0	1	ok
F	417	f415	45	321	3146	501	30	3998	29	26	6	0	0	0	0	19088	26892	0	1	ok
F	418	f416	45	320	3176	501	30	4027	29	26	6	0	0	0	0	19088	26892	0	1	ok
F	419	f417	45	430	3076	501	30	4037	29	26	6	0	0	0	0	19088	26892	0	1	ok
F	420	f418	45	320	3086	501	30	3937	29	26	6	0	0	0	0	19088	26892	0	1	ok
F	421	f419	45	320	2996	501	30	3847	29	26	6	0	0	0	0	19088	26892	0	1	ok
F	422	f420	45	441	3166	501	20	4128	29	26	6	0	0	0	0	19088	26892	0	1	ok
F	423	f421	45	310	3236	501	30	4077	29	26	6	0	0	0	0	19088	26892	0	1	ok
F	424	f422	45	301	3236	521	30	4088	29	26	6	0	0	0	0	19088	26892	0	1	ok
F	425	f423	45	311	3156	501	30	3998	29	26	6	0	0	0	0	19088	26892	0	1	ok
F	426	f424	45	431	3146	501	30	4108	29	26	6	0	0	0	0	19088	26892	0	1	ok
F	427	f425	45	310	3046	501	30	3887	29	26	6	0	0	0	0	19088	26892	0	1	ok
F	428	f426	45	320	3036	541	30	3927	29	26	6	0	0	0	0	19088	26892	0	1	ok
F	429	f427	45	421	3106	501	30	4058	29	26	6	0	0	0	0	19088	26892	0	1	ok
F	430	f428	45	320	3286	501	30	4137	29	26	6	0	0	0	0	19088	26892	0	1	ok
F	431	f429	45	311	3145	501	30	3987	29	26	6	0	0	0	0	19088	26892	0	1	ok
F	432	f430	45	311	3176	500	20	4007	29	26	6	0	0	0	0	19088	26892	0	1	ok
F	433	f431	45	421	3236	501	30	4188	29	26	6	0	0	0	0	19088	26892	0	1	ok
F	434	f432	45	310	3346	501	30	4187	29	26	6	0	0	0	0	19088	26892	0	1	ok
F	435	f433	45	321	3256	541	30	4148	29	26	6	0	0	0	0	19088	26892	0	1	ok
F	436	f434	45	431	3236	491	30	4188	29	26	6	0	0	0	0	19088	26892	0	1	ok
F	437	f435	45	320	3086	501	20	3927	29	26	6	0	0	0	0	19088	26892	0	1	ok
F	438	f436	45	310	3016	501	20	3847	29	26	6	0	0	0	0	19088	26892	0	1	ok
F	439	f437	45	321	3006	511	30	3868	29	26	6	0	0	0	0	19088	26892	0	1	ok
F	440	f438	45	411	3176	501	30	4118	29	26	6	0	0	0	0	19088	26892	0	1	ok
F	441	f439	45	320	3106	501	30	3957	29	26	6	0	0	0	0	19088	26892	0	1	ok
F	442	f440	45	320	3056	501	30	3907	29	26	6	0	0	0	0	19088	26892	0	1	ok
F	443	f441	45	421	3086	501	30	4038	29	26	6	0	0	0	0	19088	26892	0	1	ok
F	444	f442	45	310	3116	491	40	3957	29	26	6	0	0	0	0	19088	26892	0	1	ok
F	445	f443	45	320	3086	501	30	3937	29	26	6	0	0	0	0	19088	26892	0	1	ok
F	446	f444	45	420	3367	491	30	4308	29	26	6	0	0	0	0	19088	26892	0	1	ok
F	447	f445	45	331	3156	501	30	4018	29	26	6	0	0	0	0	19088	26892	0	1	ok
F	448	f446	45	311	3096	501	20	3928	29	26	6	0	0	0	0	19088	26892	0	1	ok
F	449	f447	45	321	3066	500	21	3908	29	26	6	0	0	0	0	19088	26892	0	1	ok
F	450	f448	45	431	3076	491	30	4028	29	26	6	0	0	0	0	19088	26892	0	1	ok
F	451	f449	45	341	3236	491	30	4098	29	26	6	0	0	0	0	19088	26892	0	1	ok
F	452	f450	45	310	3226	501	60	4097	29	26	6	0	0	0	0	19088	26892	0	1	ok
F	453	f451	45	421	3105	501	30	4057	29	26	6	0	0	0	0	19088	26892	0	1	ok
F	454	f452	45	401	3055	491	30	3977	29	26	6	0	0	0	0	19088	26892	0	1	ok
F	455	f453	45	311	3236	501	30	4078	29	26	6	0	0	0	0	19088	26892	0	1	ok
F	456	f454	45	311	3166	511	20	4008	29	26	6	0	0	0	0	19088	26892	0	1	ok
F	457	f455	45	441	3256	501	20	4218	29	26	6	0	0	0	0	19088	26892	0	1	ok
F	458	f456	45	310	3277	501	30	4118	29	26	6	0	0	0	0	19088	26892	0	1	ok
F	459	f457	45	321	2985	501	30	3837	29	26	6	0	0	0	0	19088	26892	0	1	ok
F	460	f458	45	431	3035	501	30	3997	29	26	6	0	0	0	0	19088	26892	0	1	ok
F	461	f459	45	321	3115	501	30	3967	29	26	6	0	0	0	0	19088	26892	0	1	ok
F	462	f460	45	321	3316	501	30	4168	29	26	6	0	0	0	0	19088	26892	0	1	ok
F	463	f461	45	321	3076	501	30	3928	29	26	6	0	0	0	0	19088	26892	0	1	ok
F	464	f462	45	421	3166	491	30	4108	29	26	6	0	0	0	0	19088	26892	0	1	ok
F	465	f463	45	301	3146	501	30	3978	29	26	6	0	0	0	0	19088	26892	0	1	ok
F	466	f464	45	311	3246	511	30	4098	29	26	6	0	0	0	0	19088	26892	0	1	ok
F	467	f465	45	431	3216	500	31	4178	29	26	6	0	0	0	0	19088	26892	0	1	ok
F	468	f466	45	321	3226	501	30	4078	29	26	6	0	0	0	0	19088	26892	0	1	ok
F	469	f467	45	311	3386	511	30	4238	29	26	6	0	0	0	0	19088	26892	0	1	ok
F	470	f468	45	320	3487	501	30	4338	29	26	6	0	0	0	0	19088	26892	0	1	ok
F	471	f469	45	321	3356	491	30	4198	29	26	6	0	0	0	0	19088	26892	0	1	ok
F	472	f470	45	311	3025	501	30	3867	29	26	6	0	0	0	0	19088	26892	0	1	ok
F	473	f471	45	401	3246	501	30	4178	29	26	6	0	0	0	0	19088	26892	0	1	ok
F	474	f472	45	431	3266	501	30	4228	29	26	6	0	0	0	0	19088	26892	0	1	ok
F	475	f473	45	311	3206	491	30	4038	29	26	6	0	0	0	0	19088	26892	0	1	ok
F	476	f474	45	391	3216	501	30	4138	29	26	6	0	0	0	0	19088	26892	0	1	ok
F	477	f475	45	421	3165	491	30	4107	29	26	6	0	0	0	0	19088	26892	0	1	ok
F	478	f476	45	321	3296	491	30	4138	29	26	6	0	0	0	0	19088	26892	0	1	ok
F	479	f477	45	311	3346	501	30	4188	29	26	6	0	0	0	0	19088	26892	0	1	ok
F	480	f478	45	310	3216	511	30	4067	29	26	6	0	0	0	0	19088	26892	0	1	ok
F	481	f479	45	78888	4057	652	40	83637	29	26	6	0	0	0	0	19088	26892	0	1	ok
F	482	f480	45	380	3517	501	30	4428	29	26	6	0	0	0	0	19088	26892	0	1	ok
F	483	f481	45	480	3297	501	30	4308	29	26	6	0	0	0	0	19088	26892	0	1	ok
F	484	f482	45	601	3527	491	30	4649	29	26	6	0	0	0	0	19088	26892	0	1	ok
F	485	f483	45	320	3447	491	30	4288	29	26	6	0	0	0	0	19088	26892	0	1	ok
F	486	f484	45	401	3306	501	30	4238	29	26	6	0	0	0	0	19088	26892	0	1	ok
F	487	f485	45	631	3396	501	20	4548	29	26	6	0	0	0	0	19088	26892	0	1	ok
F	488	f486	45	551	3226	491	30	4298	29	26	6	0	0	0	0	19088	26892	0	1	ok
F	489	f487	45	310	3316	501	30	4157	29	26	6	0	0	0	0	19088	26892	0	1	ok
F	490	f488	45	311	3556	491	30	4388	29	26	6	0	0	0	0	19088	26892	0	1	ok
F	491	f489	45	431	3196	500	31	4158	29	26	6	0	0	0	0	19088	26892	0	1	ok
F	492	f490	45	311	3166	501	30	4008	29	26	6	0	0	0	0	19088	26892	0	1	ok
F	493	f491	45	311	3096	500	31	3938	29	26	6	0	0	0	0	19088	26892	0	1	ok
F	494	f492	45	311	3126	500	151	4088	29	26	6	0	0	0	0	19088	26892	0	1	ok
F	495	f493	45	311	3206	501	30	4048	29	26	6	0	0	0	0	19088	26892	0	1	ok
F	496	f494	45	330	3166	501	30	4027	29	26	6	0	0	0	0	19088	26892	0	1	ok
F	497	f495	45	310	3166	501	30	4007	29	26	6	0	0	0	0	19088	26892	0	1	ok
F	498	f496	45	431	3035	511	30	4007	29	26	6	0	0	0	0	19088	26892	0	1	ok
F	499	f497	45	321	3175	501	30	4027	29	26	6	0	0	0	0	19088	26892	0	1	ok
F	500	f498	45	321	3236	501	30	4088	29	26	6	0	0	0	0	19088	26892	0	1	ok
F	501	f499	45	431	3216	501	30	4178	29	26	6	0	0	0	0	19088	26892	0	1	ok
F	502	f500	45	410	3307	491	30	4238	29	26	6	0	0	0	0	19088	26892	0	1	ok
F	503	f501	45	311	3296	491	30	4128	29	26	6	0	0	0	0	19088	26892	0	1	ok
F	504	f502	45	311	3066	501	30	3908	29	26	6	0	0	0	0	19088	26892	0	1	ok
F	505	f503	45	421	3056	501	30	4008	29	26	6	0	0	0	0	19088	26892	0	1	ok
F	506	f504	45	321	3116	501	30	3968	29	26	6	0	0	0	0	19088	26892	0	1	ok
F	507	f505	45	321	3086	491	30	3928	29	26	6	0	0	0	0	19088	26892	0	1	ok
F	508	f506	45	411	3176	491	30	4108	29	26	6	0	0	0	0	19088	26892	0	1	ok
F	509	f507	45	400	3026	501	20	3947	29	26	6	0	0	0	0	19088	26892	0	1	ok
F	510	f508	45	300	3106	491	30	3927	29	26	6	0	0	0	0	19088	26892	0	1	ok
F	511	f509	45	320	3096	501	30	3947	29	26	6	0	0	0	0	19088	26892	0	1	ok
F	512	f510	45	481	3216	501	30	4228	29	26	6	0	0	0	0	19088	26892	0	1	ok
F	513	f511	45	311	3065	491	30	3897	29	26	6	0	0	0	0	19088	26892	0	1	ok
F	514	f512	45	321	3186	501	30	4038	29	26	6	0	0	0	0	19088	26892	0	1	ok
F	515	f513	45	421	3046	501	30	3998	29	26	6	0	0	0	0	19088	26892	0	1	ok
F	516	f514	45	311	3086	501	30	3928	29	26	6	0	0	0	0	19088	26892	0	1	ok
F	517	f515	45	311	3176	491	30	4008	29	26	6	0	0	0	0	19088	26892	0	1	ok
F	518	f516	45	391	3116	501	30	4038	29	26	6	0	0	0	0	19088	26892	0	1	ok
F	519	f517	45	421	3146	501	20	4088	29	26	6	0	0	0	0	19088	26892	0	1	ok
F	520	f518	45	320	3206	501	30	4057	29	26	6	0	0	0	0	19088	26892	0	1	ok
F	521	f519	45	330	3036	501	30	3897	29	26	6	0	0	0	0	19088	26892	0	1	ok
F	522	f520	45	430	3357	501	30	4318	29	26	6	0	0	0	0	19088	26892	0	1	ok
F	523	f521	45	311	3086	501	30	3928	29	26	6	0	0	0	0	19088	26892	0	1	ok
F	524	f522	45	311	3116	491	30	3948	29	26	6	0	0	0	0	19088	26892	0	1	ok
F	525	f523	45	431	3286	501	30	4248	29	26	6	0	0	0	0	19088	26892	0	1	ok
F	526	f524	45	310	2996	501	30	3837	29	26	6	0	0	0	0	19088	26892	0	1	ok
F	527	f525	45	311	3006	501	30	3848	29	26	6	0	0	0	0	19088	26892	0	1	ok
F	528	f526	45	341	3136	531	30	4038	29	26	6	0	0	0	0	19088	26892	0	1	ok
F	529	f527	45	431	3086	501	30	4048	29	26	6	0	0	0	0	19088	26892	0	1	ok
F	530	f528	45	391	3457	491	30	4369	29	26	6	0	0	0	0	19088	26892	0	1	ok
F	531	f529	45	371	3146	501	30	4048	29	26	6	0	0	0	0	19088	26892	0	1	ok
F	532	f530	45	411	3076	501	30	4018	29	26	6	0	0	0	0	19088	26892	0	1	ok
F	533	f531	45	311	3306	501	20	4138	29	26	6	0	0	0	0	19088	26892	0	1	ok
F	534	f532	45	300	3256	501	30	4087	29	26	6	0	0	0	0	19088	26892	0	1	ok
F	535	f533	45	350	3267	511	20	4148	29	26	6	0	0	0	0	19088	26892	0	1	ok
F	536	f534	45	491	3176	511	30	4208	29	26	6	0	0	0	0	19088	26892	0	1	ok
F	537	f535	45	310	3016	491	30	3847	29	26	6	0	0	0	0	19088	26892	0	1	ok
F	538	f536	45	321	3156	491	30	3998	29	26	6	0	0	0	0	19088	26892	0	1	ok
F	539	f537	45	421	3146	501	20	4088	29	26	6	0	0	0	0	19088	26892	0	1	ok
F	540	f538	45	310	3186	511	30	4037	29	26	6	0	0	0	0	19088	26892	0	1	ok
F	541	f539	45	310	3246	501	30	4087	29	26	6	0	0	0	0	19088	26892	0	1	ok
F	542	f540	45	321	3206	491	30	4048	29	26	6	0	0	0	0	19088	26892	0	1	ok
F	543	f541	45	421	3136	501	30	4088	29	26	6	0	0	0	0	19088	26892	0	1	ok
F	544	f542	45	481	3126	501	30	4138	29	26	6	0	0	0	0	19088	26892	0	1	ok
F	545	f543	45	321	3115	501	20	3957	29	26	6	0	0	0	0	19088	26892	0	1	ok
F	546	f544	45	431	3376	491	60	4358	29	26	6	0	0	0	0	19088	26892	0	1	ok
F	547	f545	45	310	3046	501	30	3887	29	26	6	0	0	0	0	19088	26892	0	1	ok
F	548	f546	45	310	3046	501	30	3887	29	26	6	0	0	0	0	19088	26892	0	1	ok
F	549	f547	45	431	3046	511	20	4008	29	26	6	0	0	0	0	19088	26892	0	1	ok
F	550	f548	45	321	3166	501	30	4018	29	26	6	0	0	0	0	19088	26892	0	1	ok
F	551	f549	45	380	3216	501	20	4117	29	26	6	0	0	0	0	19088	26892	0	1	ok
F	552	f550	45	310	3046	501	30	3887	29	26	6	0	0	0	0	19088	26892	0	1	ok
F	553	f551	45	430	3056	501	30	4017	29	26	6	0	0	0	0	19088	26892	0	1	ok
F	554	f552	45	320	3106	501	20	3947	29	26	6	0	0	0	0	19088	26892	0	1	ok
F	555	f553	45	310	3116	501	30	3957	29	26	6	0	0	0	0	19088	26892	0	1	ok
F	556	f554	45	420	3166	511	30	4127	29	26	6	0	0	0	0	19088	26892	0	1	ok
F	557	f555	45	321	3025	511	30	3887	29	26	6	0	0	0	0	19088	26892	0	1	ok
F	558	f556	45	320	3066	491	30	3907	29	26	6	0	0	0	0	19088	26892	0	1	ok
F	559	f557	45	310	3066	501	30	3907	29	26	6	0	0	0	0	19088	26892	0	1	ok
F	560	f558	45	430	3096	501	20	4047	29	26	6	0	0	0	0	19088	26892	0	1	ok
F	561	f559	45	381	3196	501	30	4108	29	26	6	0	0	0	0	19088	26892	0	1	ok
F	562	f560	45	311	3286	491	30	4118	29	26	6	0	0	0	0	19088	26892	0	1	ok
F	563	f561	45	421	3076	501	20	4018	29	26	6	0	0	0	0	19088	26892	0	1	ok
F	564	f562	45	310	3056	491	30	3887	29	26	6	0	0	0	0	19088	26892	0	1	ok
F	565	f563	45	311	3126	491	30	3958	29	26	6	0	0	0	0	19088	26892	0	1	ok
F	566	f564	45	371	3236	491	30	4128	29	26	6	0	0	0	0	19088	26892	0	1	ok
F	567	f565	45	430	3126	491	30	4077	29	26	6	0	0	0	0	19088	26892	0	1	ok
F	568	f566	45	310	3287	501	20	4118	29	26	6	0	0	0	0	19088	26892	0	1	ok
F	569	f567	45	341	3056	500	31	3928	29	26	6	0	0	0	0	19088	26892	0	1	ok
F	570	f568	45	441	3016	500	31	3988	29	26	6	0	0	0	0	19088	26892	0	1	ok
F	571	f569	45	331	3116	500	31	3978	29	26	6	0	0	0	0	19088	26892	0	1	ok
F	572	f570	45	311	3176	501	30	4018	29	26	6	0	0	0	0	19088	26892	0	1	ok
F	573	f571	45	321	3436	501	30	4288	29	26	6	0	0	0	0	19088	26892	0	1	ok
F	574	f572	45	381	3045	491	30	3947	29	26	6	0	0	0	0	19088	26892	0	1	ok
F	575	f573	45	391	3115	501	30	4037	29	26	6	0	0	0	0	19088	26892	0	1	ok
F	576	f574	45	311	3256	491	30	4088	29	26	6	0	0	0	0	19088	26892	0	1	ok
F	577	f575	45	411	3246	491	30	4178	29	26	6	0	0	0	0	19088	26892	0	1	ok
F	578	f576	45	320	3176	491	30	4017	29	26	6	0	0	0	0	19088	26892	0	1	ok
F	579	f577	45	310	3066	501	30	3907	29	26	6	0	0	0	0	19088	26892	0	1	ok
F	580	f578	45	571	3236	501	30	4338	29	26	6	0	0	0	0	19088	26892	0	1	ok
F	581	f579	45	411	3086	491	30	4018	29	26	6	0	0	0	0	19088	26892	0	1	ok
F	582	f580	45	521	3236	491	30	4278	29	26	6	0	0	0	0	19088	26892	0	1	ok
F	583	f581	45	461	3296	511	20	4288	29	26	6	0	0	0	0	19088	26892	0	1	ok
F	584	f582	45	430	3216	491	30	4167	29	26	6	0	0	0	0	19088	26892	0	1	ok
F	585	f583	45	381	3166	501	30	4078	29	26	6	0	0	0	0	19088	26892	0	1	ok
F	586	f584	45	321	3106	491	30	3948	29	26	6	0	0	0	0	19088	26892	0	1	ok
F	587	f585	45	421	3036	491	30	3978	29	26	6	0	0	0	0	19088	26892	0	1	ok
F	588	f586	45	301	3086	490	31	3908	29	26	6	0	0	0	0	19088	26892	0	1	ok
F	589	f587	45	311	3146	491	30	3978	29	26	6	0	0	0	0	19088	26892	0	1	ok
F	590	f588	45	300	3176	491	30	3997	29	26	6	0	0	0	0	19088	26892	0	1	ok
F	591	f589	45	67917	3897	651	30	72495	29	26	6	0	0	0	0	19088	26892	0	1	ok
F	592	f590	45	381	3086	501	30	3998	29	26	6	0	0	0	0	19088	26892	0	1	ok
F	593	f591	45	400	3046	501	30	3977	29	26	6	0	0	0	0	19088	26892	0	1	ok
F	594	f592	45	561	3236	501	30	4328	29	26	6	0	0	0	0	19088	26892	0	1	ok
F	595	f593	45	311	3166	501	20	3998	29	26	6	0	0	0	0	19088	26892	0	1	ok
F	596	f594	45	391	3166	511	30	4098	29	26	6	0	0	0	0	19088	26892	0	1	ok
F	597	f595	45	380	3236	491	151	4258	29	26	6	0	0	0	0	19088	26892	0	1	ok
F	598	f596	45	311	3296	501	30	4138	29	26	6	0	0	0	0	19088	26892	0	1	ok
F	599	f597	45	311	3206	491	30	4038	29	26	6	0	0	0	0	19088	26892	0	1	ok
F	600	f598	45	310	3176	501	30	4017	29	26	6	0	0	0	0	19088	26892	0	1	ok
F	601	f599	45	431	3075	491	30	4027	29	26	6	0	0	0	0	19088	26892	0	1	ok
F	602	f600	45	311	3176	500	31	4018	29	26	6	0	0	0	0	19088	26892	0	1	ok
F	603	f601	45	321	3035	491	30	3877	29	26	6	0	0	0	0	19088	26892	0	1	ok
F	604	f602	45	431	3186	501	30	4148	29	26	6	0	0	0	0	19088	26892	0	1	ok
F	605	f603	45	311	3196	501	20	4028	29	26	6	0	0	0	0	19088	26892	0	1	ok
F	606	f604	45	301	3146	501	30	3978	29	26	6	0	0	0	0	19088	26892	0	1	ok
F	607	f605	45	301	3226	501	30	4058	29	26	6	0	0	0	0	19088	26892	0	1	ok
F	608	f606	45	410	3166	501	30	4107	29	26	6	0	0	0	0	19088	26892	0	1	ok
F	609	f607	45	320	3126	521	30	3997	29	26	6	0	0	0	0	19088	26892	0	1	ok
F	610	f608	45	321	3296	491	30	4138	29	26	6	0	0	0	0	19088	26892	0	1	ok
F	611	f609	45	441	3186	501	30	4158	29	26	6	0	0	0	0	19088	26892	0	1	ok
F	612	f610	45	310	3206	501	30	4047	29	26	6	0	0	0	0	19088	26892	0	1	ok
F	613	f611	45	310	3206	501	30	4047	29	26	6	0	0	0	0	19088	26892	0	1	ok
F	614	f612	45	401	3216	491	30	4138	29	26	6	0	0	0	0	19088	26892	0	1	ok
F	615	f613	45	421	3166	501	30	4118	29	26	6	0	0	0	0	19088	26892	0	1	ok
F	616	f614	45	321	3166	491	30	4008	29	26	6	0	0	0	0	19088	26892	0	1	ok
F	617	f615	45	320	3086	501	30	3937	29	26	6	0	0	0	0	19088	26892	0	1	ok
F	618	f616	45	430	3176	501	30	4137	29	26	6	0	0	0	0	19088	26892	0	1	ok
F	619	f617	45	311	3135	501	30	3977	29	26	6	0	0	0	0	19088	26892	0	1	ok
F	620	f618	45	321	3266	491	30	4108	29	26	6	0	0	0	0	19088	26892	0	1	ok
F	621	f619	45	321	3116	501	30	3968	29	26	6	0	0	0	0	19088	26892	0	1	ok
F	622	f620	45	411	3076	501	30	4018	29	26	6	0	0	0	0	19088	26892	0	1	ok
F	623	f621	45	321	3046	501	30	3898	29	26	6	0	0	0	0	19088	26892	0	1	ok
F	624	f622	45	311	3226	511	30	4078	29	26	6	0	0	0	0	19088	26892	0	1	ok
F	625	f623	45	541	3066	491	30	4128	29	26	6	0	0	0	0	19088	26892	0	1	ok
F	626	f624	45	310	3106	491	30	3937	29	26	6	0	0	0	0	19088	26892	0	1	ok
F	627	f625	45	310	3086	501	30	3927	29	26	6	0	0	0	0	19088	26892	0	1	ok
F	628	f626	45	430	3106	501	30	4067	29	26	6	0	0	0	0	19088	26892	0	1	ok
F	629	f627	45	340	3136	491	30	3997	29	26	6	0	0	0	0	19088	26892	0	1	ok
F	630	f628	45	300	3236	501	30	4067	29	26	6	0	0	0	0	19088	26892	0	1	ok
F	631	f629	45	321	3216	501	20	4058	29	26	6	0	0	0	0	19088	26892	0	1	ok
F	632	f630	45	421	3236	501	30	4188	29	26	6	0	0	0	0	19088	26892	0	1	ok
F	633	f631	45	310	3136	501	30	3977	29	26	6	0	0	0	0	19088	26892	0	1	ok
F	634	f632	45	330	3116	501	20	3967	29	26	6	0	0	0	0	19088	26892	0	1	ok
F	635	f633	45	420	3226	501	20	4167	29	26	6	0	0	0	0	19088	26892	0	1	ok
F	636	f634	45	311	3286	491	30	4118	29	26	6	0	0	0	0	19088	26892	0	1	ok
F	637	f635	45	321	3186	501	20	4028	29	26	6	0	0	0	0	19088	26892	0	1	ok
F	638	f636	45	311	3156	501	30	3998	29	26	6	0	0	0	0	19088	26892	0	1	ok
F	639	f637	45	421	3226	501	30	4178	29	26	6	0	0	0	0	19088	26892	0	1	ok
F	640	f638	45	320	3126	491	30	3967	29	26	6	0	0	0	0	19088	26892	0	1	ok
F	641	f639	45	310	3136	501	20	3967	29	26	6	0	0	0	0	19088	26892	0	1	ok
F	642	f640	45	441	3105	491	30	4067	29	26	6	0	0	0	0	19088	26892	0	1	ok
F	643	f641	45	321	3105	501	30	3957	29	26	6	0	0	0	0	19088	26892	0	1	ok
F	644	f642	45	311	3135	501	30	3977	29	26	6	0	0	0	0	19088	26892	0	1	ok
F	645	f643	45	321	3055	501	30	3907	29	26	6	0	0	0	0	19088	26892	0	1	ok
F	646	f644	45	651	3186	501	30	4368	29	26	6	0	0	0	0	19088	26892	0	1	ok
F	647	f645	45	320	3276	501	30	4127	29	26	6	0	0	0	0	19088	26892	0	1	ok
F	648	f646	45	451	3186	501	20	4158	29	26	6	0	0	0	0	19088	26892	0	1	ok
F	649	f647	45	421	3166	501	30	4118	29	26	6	0	0	0	0	19088	26892	0	1	ok
F	650	f648	45	371	3326	501	30	4228	29	26	6	0	0	0	0	19088	26892	0	1	ok
F	651	f649	45	401	3436	501	30	4368	29	26	6	0	0	0	0	19088	26892	0	1	ok
F	652	f650	45	831	3567	511	30	4939	29	26	6	0	0	0	0	19088	26892	0	1	ok
F	653	f651	45	300	3336	501	30	4167	29	26	6	0	0	0	0	19088	26892	0	1	ok
F	654	f652	45	431	3376	501	30	4338	29	26	6	0	0	0	0	19088	26892	0	1	ok
F	655	f653	45	310	3056	501	20	3887	29	26	6	0	0	0	0	19088	26892	0	1	ok
F	656	f654	45	421	3306	501	30	4258	29	26	6	0	0	0	0	19088	26892	0	1	ok
F	657	f655	45	321	3206	501	30	4058	29	26	6	0	0	0	0	19088	26892	0	1	ok
F	658	f656	45	321	3346	501	30	4198	29	26	6	0	0	0	0	19088	26892	0	1	ok
F	659	f657	45	431	3416	491	30	4368	29	26	6	0	0	0	0	19088	26892	0	1	ok
F	660	f658	45	400	3106	491	30	4027	29	26	6	0	0	0	0	19088	26892	0	1	ok
F	661	f659	45	320	3507	501	30	4358	29	26	6	0	0	0	0	19088	26892	0	1	ok
F	662	f660	45	391	3316	491	30	4228	29	26	6	0	0	0	0	19088	26892	0	1	ok
F	663	f661	45	491	3316	491	30	4328	29	26	6	0	0	0	0	19088	26892	0	1	ok
F	664	f662	45	370	3136	491	30	4027	29	26	6	0	0	0	0	19088	26892	0	1	ok
F	665	f663	45	401	3135	501	30	4067	29	26	6	0	0	0	0	19088	26892	0	1	ok
F	666	f664	45	501	3306	501	30	4338	29	26	6	0	0	0	0	19088	26892	0	1	ok
F	667	f665	45	381	3226	491	30	4128	29	26	6	0	0	0	0	19088	26892	0	1	ok
F	668	f666	45	311	3316	491	30	4148	29	26	6	0	0	0	0	19088	26892	0	1	ok
F	669	f667	45	461	3075	501	30	4067	29	26	6	0	0	0	0	19088	26892	0	1	ok
F	670	f668	45	491	3246	501	30	4268	29	26	6	0	0	0	0	19088	26892	0	1	ok
F	671	f669	45	381	3176	501	30	4088	29	26	6	0	0	0	0	19088	26892	0	1	ok
F	672	f670	45	310	3116	501	30	3957	29	26	6	0	0	0	0	19088	26892	0	1	ok
F	673	f671	45	421	3055	501	20	3997	29	26	6	0	0	0	0	19088	26892	0	1	ok
F	674	f672	45	320	3116	501	30	3967	29	26	6	0	0	0	0	19088	26892	0	1	ok
F	675	f673	45	310	3287	501	30	4128	29	26	6	0	0	0	0	19088	26892	0	1	ok
F	676	f674	45	311	3366	501	30	4208	29	26	6	0	0	0	0	19088	26892	0	1	ok
F	677	f675	45	320	3136	501	20	3977	29	26	6	0	0	0	0	19088	26892	0	1	ok
F	678	f676	45	390	3256	501	30	4177	29	26	6	0	0	0	0	19088	26892	0	1	ok
F	679	f677	45	321	3296	501	30	4148	29	26	6	0	0	0	0	19088	26892	0	1	ok
F	680	f678	45	431	3587	501	30	4549	29	26	6	0	0	0	0	19088	26892	0	1	ok
F	681	f679	45	311	3206	501	30	4048	29	26	6	0	0	0	0	19088	26892	0	1	ok
F	682	f680	45	310	3467	501	30	4308	29	26	6	0	0	0	0	19088	26892	0	1	ok
F	683	f681	45	421	3386	501	30	4338	29	26	6	0	0	0	0	19088	26892	0	1	ok
F	684	f682	45	300	3367	491	30	4188	29	26	6	0	0	0	0	19088	26892	0	1	ok
F	685	f683	45	321	3086	501	30	3938	29	26	6	0	0	0	0	19088	26892	0	1	ok
F	686	f684	45	401	3236	491	30	4158	29	26	6	0	0	0	0	19088	26892	0	1	ok
F	687	f685	45	430	3206	501	30	4167	29	26	6	0	0	0	0	19088	26892	0	1	ok
F	688	f686	45	311	3186	501	30	4028	29	26	6	0	0	0	0	19088	26892	0	1	ok
F	689	f687	45	311	3196	501	30	4038	29	26	6	0	0	0	0	19088	26892	0	1	ok
F	690	f688	45	421	3427	501	30	4379	29	26	6	0	0	0	0	19088	26892	0	1	ok
F	691	f689	45	321	3246	501	30	4098	29	26	6	0	0	0	0	19088	26892	0	1	ok
F	692	f690	45	311	3206	501	30	4048	29	26	6	0	0	0	0	19088	26892	0	1	ok
F	693	f691	45	310	3216	501	20	4047	29	26	6	0	0	0	0	19088	26892	0	1	ok
F	694	f692	45	431	3286	501	30	4248	29	26	6	0	0	0	0	19088	26892	0	1	ok
F	695	f693	45	321	3096	501	30	3948	29	26	6	0	0	0	0	19088	26892	0	1	ok
F	696	f694	45	341	3406	501	30	4278	29	26	6	0	0	0	0	19088	26892	0	1	ok
F	697	f695	45	421	3085	501	30	4037	29	26	6	0	0	0	0	19088	26892	0	1	ok
F	698	f696	45	381	3166	511	30	4088	29	26	6	0	0	0	0	19088	26892	0	1	ok
F	699	f697	45	331	3076	501	20	3928	29	26	6	0	0	0	0	19088	26892	0	1	ok
F	700	f698	45	301	3286	501	73628	77716	29	26	6	0	0	0	0	19088	26892	0	1	ok
F	701	f699	45	521	4008	651	30	5210	29	26	6	0	0	0	0	19088	26892	0	1	ok
F	702	f700	45	300	3206	491	30	4027	29	26	6	0	0	0	0	19088	26892	0	1	ok
F	703	f701	45	320	3146	501	20	3987	29	26	6	0	0	0	0	19088	26892	0	1	ok
F	704	f702	45	541	3126	501	30	4198	29	26	6	0	0	0	0	19088	26892	0	1	ok
F	705	f703	45	320	3246	511	20	4097	29	26	6	0	0	0	0	19088	26892	0	1	ok
F	706	f704	45	310	3136	501	30	3977	29	26	6	0	0	0	0	19088	26892	0	1	ok
F	707	f705	45	421	3236	500	31	4188	29	26	6	0	0	0	0	19088	26892	0	1	ok
F	708	f706	45	371	3206	501	30	4108	29	26	6	0	0	0	0	19088	26892	0	1	ok
F	709	f707	45	381	3316	491	30	4218	29	26	6	0	0	0	0	19088	26892	0	1	ok
F	710	f708	45	391	3186	621	30	4228	29	26	6	0	0	0	0	19088	26892	0	1	ok
F	711	f709	45	591	8276	601	30	9498	29	26	6	0	0	0	0	19088	26892	0	1	ok
F	712	f710	45	561	4048	501	30	5140	29	26	6	0	0	0	0	19088	26892	0	1	ok
F	713	f711	45	401	3286	491	30	4208	29	26	6	0	0	0	0	19088	26892	0	1	ok
F	714	f712	45	501	3326	501	30	4358	29	26	6	0	0	0	0	19088	26892	0	1	ok
F	715	f713	45	390	3266	491	30	4177	29	26	6	0	0	0	0	19088	26892	0	1	ok
F	716	f714	45	391	3206	491	30	4118	29	26	6	0	0	0	0	19088	26892	0	1	ok
F	717	f715	45	401	3296	511	30	4238	29	26	6	0	0	0	0	19088	26892	0	1	ok
F	718	f716	45	421	3366	501	30	4318	29	26	6	0	0	0	0	19088	26892	0	1	ok
F	719	f717	45	311	3186	501	30	4028	29	26	6	0	0	0	0	19088	26892	0	1	ok
F	720	f718	45	330	3266	501	30	4127	29	26	6	0	0	0	0	19088	26892	0	1	ok
F	721	f719	45	491	3106	541	30	4168	29	26	6	0	0	0	0	19088	26892	0	1	ok
F	722	f720	45	311	3506	491	30	4338	29	26	6	0	0	0	0	19088	26892	0	1	ok
F	723	f721	45	381	3266	501	20	4168	29	26	6	0	0	0	0	19088	26892	0	1	ok
F	724	f722	45	311	3126	501	30	3968	29	26	6	0	0	0	0	19088	26892	0	1	ok
F	725	f723	45	441	3427	501	30	4399	29	26	6	0	0	0	0	19088	26892	0	1	ok
F	726	f724	45	461	3256	491	30	4238	29	26	6	0	0	0	0	19088	26892	0	1	ok
F	727	f725	45	561	3396	511	20	4488	29	26	6	0	0	0	0	19088	26892	0	1	ok
F	728	f726	45	581	3266	501	20	4368	29	26	6	0	0	0	0	19088	26892	0	1	ok
F	729	f727	45	320	3166	501	30	4017	29	26	6	0	0	0	0	19088	26892	0	1	ok
F	730	f728	45	320	3256	501	20	4097	29	26	6	0	0	0	0	19088	26892	0	1	ok
F	731	f729	45	421	3226	501	20	4168	29	26	6	0	0	0	0	19088	26892	0	1	ok
F	732	f730	45	321	3156	511	30	4018	29	26	6	0	0	0	0	19088	26892	0	1	ok
F	733	f731	45	341	3206	541	30	4118	29	26	6	0	0	0	0	19088	26892	0	1	ok
F	734	f732	45	320	3437	511	20	4288	29	26	6	0	0	0	0	19088	26892	0	1	ok
F	735	f733	45	421	3186	511	20	4138	29	26	6	0	0	0	0	19088	26892	0	1	ok
F	736	f734	45	310	3166	491	30	3997	29	26	6	0	0	0	0	19088	26892	0	1	ok
F	737	f735	45	320	3076	501	30	3927	29	26	6	0	0	0	0	19088	26892	0	1	ok
F	738	f736	45	410	3196	501	30	4137	29	26	6	0	0	0	0	19088	26892	0	1	ok
F	739	f737	45	311	3326	501	30	4168	29	26	6	0	0	0	0	19088	26892	0	1	ok
F	740	f738	45	311	3116	501	30	3958	29	26	6	0	0	0	0	19088	26892	0	1	ok
F	741	f739	45	311	3156	501	30	3998	29	26	6	0	0	0	0	19088	26892	0	1	ok
F	742	f740	45	541	3206	521	31	4299	29	26	6	0	0	0	0	19088	26892	0	1	ok
F	743	f741	45	301	3256	491	30	4078	29	26	6	0	0	0	0	19088	26892	0	1	ok
F	744	f742	45	311	3206	501	30	4048	29	26	6	0	0	0	0	19088	26892	0	1	ok
F	745	f743	45	430	3297	501	30	4258	29	26	6	0	0	0	0	19088	26892	0	1	ok
F	746	f744	45	321	3206	501	30	4058	29	26	6	0	0	0	0	19088	26892	0	1	ok
F	747	f745	45	311	3276	501	20	4108	29	26	6	0	0	0	0	19088	26892	0	1	ok
F	748	f746	45	310	3166	511	30	4017	29	26	6	0	0	0	0	19088	26892	0	1	ok
F	749	f747	45	421	3276	501	30	4228	29	26	6	0	0	0	0	19088	26892	0	1	ok
F	750	f748	45	371	3366	501	30	4268	29	26	6	0	0	0	0	19088	26892	0	1	ok
F	751	f749	45	381	3316	551	30	4278	29	26	6	0	0	0	0	19088	26892	0	1	ok
F	752	f750	45	592	3135	501	30	4258	29	26	6	0	0	0	0	19088	26892	0	1	ok
F	753	f751	45	321	3125	501	40	3987	29	26	6	0	0	0	0	19088	26892	0	1	ok
F	754	f752	45	341	3226	501	30	4098	29	26	6	0	0	0	0	19088	26892	0	1	ok
F	755	f753	45	421	3076	491	30	4018	29	26	6	0	0	0	0	19088	26892	0	1	ok
F	756	f754	45	311	3186	501	30	4028	29	26	6	0	0	0	0	19088	26892	0	1	ok
F	757	f755	45	320	3116	491	30	3957	29	26	6	0	0	0	0	19088	26892	0	1	ok
F	758	f756	45	320	3316	501	20	4157	29	26	6	0	0	0	0	19088	26892	0	1	ok
F	759	f757	45	421	3356	501	30	4308	29	26	6	0	0	0	0	19088	26892	0	1	ok
F	760	f758	45	320	3186	501	30	4037	29	26	6	0	0	0	0	19088	26892	0	1	ok
F	761	f759	45	320	3166	511	30	4027	29	26	6	0	0	0	0	19088	26892	0	1	ok
F	762	f760	45	441	3055	501	20	4017	29	26	6	0	0	0	0	19088	26892	0	1	ok
F	763	f761	45	320	3166	501	30	4017	29	26	6	0	0	0	0	19088	26892	0	1	ok
F	764	f762	45	301	3175	491	30	3997	29	26	6	0	0	0	0	19088	26892	0	1	ok
F	765	f763	45	311	3166	500	31	4008	29	26	6	0	0	0	0	19088	26892	0	1	ok
F	766	f764	45	411	3487	501	30	4429	29	26	6	0	0	0	0	19088	26892	0	1	ok
F	767	f765	45	371	3146	511	30	4058	29	26	6	0	0	0	0	19088	26892	0	1	ok
F	768	f766	45	311	3106	501	20	3938	29	26	6	0	0	0	0	19088	26892	0	1	ok
F	769	f767	45	421	3286	501	30	4238	29	26	6	0	0	0	0	19088	26892	0	1	ok
F	770	f768	45	310	3267	490	31	4098	29	26	6	0	0	0	0	19088	26892	0	1	ok
F	771	f769	45	311	3045	491	30	3877	29	26	6	0	0	0	0	19088	26892	0	1	ok
F	772	f770	45	391	3005	491	30	3917	29	26	6	0	0	0	0	19088	26892	0	1	ok
F	773	f771	45	411	3005	491	30	3937	29	26	6	0	0	0	0	19088	26892	0	1	ok
F	774	f772	45	391	3085	501	30	4007	29	26	6	0	0	0	0	19088	26892	0	1	ok
F	775	f773	45	320	3337	501	20	4178	29	26	6	0	0	0	0	19088	26892	0	1	ok
F	776	f774	45	421	3116	501	20	4058	29	26	6	0	0	0	0	19088	26892	0	1	ok
F	777	f775	45	320	3106	491	30	3947	29	26	6	0	0	0	0	19088	26892	0	1	ok
F	778	f776	45	310	3276	511	30	4127	29	26	6	0	0	0	0	19088	26892	0	1	ok
F	779	f777	45	310	3237	500	31	4078	29	26	6	0	0	0	0	19088	26892	0	1	ok
F	780	f778	45	311	3236	501	20	4068	29	26	6	0	0	0	0	19088	26892	0	1	ok
F	781	f779	45	311	3136	501	50	3998	29	26	6	0	0	0	0	19088	26892	0	1	ok
F	782	f780	45	381	3236	501	30	4148	29	26	6	0	0	0	0	19088	26892	0	1	ok
F	783	f781	45	501	3045	491	30	4067	29	26	6	0	0	0	0	19088	26892	0	1	ok
F	784	f782	45	310	3287	501	30	4128	29	26	6	0	0	0	0	19088	26892	0	1	ok
F	785	f783	45	311	3376	491	30	4208	29	26	6	0	0	0	0	19088	26892	0	1	ok
F	786	f784	45	420	3347	501	20	4288	29	26	6	0	0	0	0	19088	26892	0	1	ok
F	787	f785	45	321	3176	501	30	4028	29	26	6	0	0	0	0	19088	26892	0	1	ok
F	788	f786	45	301	3136	511	30	3978	29	26	6	0	0	0	0	19088	26892	0	1	ok
F	789	f787	45	311	3256	501	30	4098	29	26	6	0	0	0	0	19088	26892	0	1	ok
F	790	f788	45	571	3226	501	30	4328	29	26	6	0	0	0	0	19088	26892	0	1	ok
F	791	f789	45	311	3236	501	30	4078	29	26	6	0	0	0	0	19088	26892	0	1	ok
F	792	f790	45	320	3196	491	30	4037	29	26	6	0	0	0	0	19088	26892	0	1	ok
F	793	f791	45	431	3106	510	31	4078	29	26	6	0	0	0	0	19088	26892	0	1	ok
F	794	f792	45	321	3276	521	30	4148	29	26	6	0	0	0	0	19088	26892	0	1	ok
F	795	f793	45	321	3286	511	30	4148	29	26	6	0	0	0	0	19088	26892	0	1	ok
F	796	f794	45	310	3387	501	20	4218	29	26	6	0	0	0	0	19088	26892	0	1	ok
F	797	f795	45	501	3326	501	30	4358	29	26	6	0	0	0	0	19088	26892	0	1	ok
F	798	f796	45	381	3116	500	31	4028	29	26	6	0	0	0	0	19088	26892	0	1	ok
F	799	f797	45	331	3176	501	30	4038	29	26	6	0	0	0	0	19088	26892	0	1	ok
F	800	f798	45	431	3196	501	30	4158	29	26	6	0	0	0	0	19088	26892	0	1	ok
F	801	f799	45	400	3256	491	30	4177	29	26	6	0	0	0	0	19088	26892	0	1	ok
F	802	f800	45	301	3256	501	30	4088	29	26	6	0	0	0	0	19088	26892	0	1	ok
F	803	f801	45	311	3076	490	151	4028	29	26	6	0	0	0	0	19088	26892	0	1	ok
F	804	f802	45	361	3046	511	30	3948	29	26	6	0	0	0	0	19088	26892	0	1	ok
F	805	f803	45	341	3226	501	30	4098	29	26	6	0	0	0	0	19088	26892	0	1	ok
F	806	f804	45	310	3316	501	30	4157	29	26	6	0	0	0	0	19088	26892	0	1	ok
F	807	f805	45	431	3366	491	30	4318	29	26	6	0	0	0	0	19088	26892	0	1	ok
F	808	f806	45	310	3236	491	30	4067	29	26	6	0	0	0	0	19088	26892	0	1	ok
F	809	f807	45	371	3156	500	31	4058	29	26	6	0	0	0	0	19088	26892	0	1	ok
F	810	f808	45	69220	4047	842	20	74129	29	26	6	0	0	0	0	19088	26892	0	1	ok
F	811	f809	45	531	3176	501	30	4238	29	26	6	0	0	0	0	19088	26892	0	1	ok
F	812	f810	45	401	3226	521	30	4178	29	26	6	0	0	0	0	19088	26892	0	1	ok
F	813	f811	45	390	3116	501	30	4037	29	26	6	0	0	0	0	19088	26892	0	1	ok
F	814	f812	45	751	3256	501	30	4538	29	26	6	0	0	0	0	19088	26892	0	1	ok
F	815	f813	45	411	3426	501	30	4368	29	26	6	0	0	0	0	19088	26892	0	1	ok
F	816	f814	45	491	3376	501	30	4398	29	26	6	0	0	0	0	19088	26892	0	1	ok
F	817	f815	45	652	3396	491	30	4569	29	26	6	0	0	0	0	19088	26892	0	1	ok
F	818	f816	45	541	3516	501	30	4588	29	26	6	0	0	0	0	19088	26892	0	1	ok
F	819	f817	45	451	3206	501	30	4188	29	26	6	0	0	0	0	19088	26892	0	1	ok
F	820	f818	45	381	3116	491	30	4018	29	26	6	0	0	0	0	19088	26892	0	1	ok
F	821	f819	45	421	3457	501	20	4399	29	26	6	0	0	0	0	19088	26892	0	1	ok
F	822	f820	45	421	3376	501	30	4328	29	26	6	0	0	0	0	19088	26892	0	1	ok
F	823	f821	45	330	3246	491	30	4097	29	26	6	0	0	0	0	19088	26892	0	1	ok
F	824	f822	45	401	3476	501	30	4408	29	26	6	0	0	0	0	19088	26892	0	1	ok
F	825	f823	45	320	3196	501	30	4047	29	26	6	0	0	0	0	19088	26892	0	1	ok
F	826	f824	45	371	3226	491	30	4118	29	26	6	0	0	0	0	19088	26892	0	1	ok
F	827	f825	45	381	3326	501	30	4238	29	26	6	0	0	0	0	19088	26892	0	1	ok
F	828	f826	45	481	3336	491	30	4338	29	26	6	0	0	0	0	19088	26892	0	1	ok
F	829	f827	45	380	3327	500	30	4237	29	26	6	0	0	0	0	19088	26892	0	1	ok
F	830	f828	45	321	3266	501	30	4118	29	26	6	0	0	0	0	19088	26892	0	1	ok
F	831	f829	45	490	3196	501	30	4217	29	26	6	0	0	0	0	19088	26892	0	1	ok
F	832	f830	45	321	3306	501	30	4158	29	26	6	0	0	0	0	19088	26892	0	1	ok
F	833	f831	45	411	3527	501	30	4469	29	26	6	0	0	0	0	19088	26892	0	1	ok
F	834	f832	45	491	3156	501	30	4178	29	26	6	0	0	0	0	19088	26892	0	1	ok
F	835	f833	45	390	3287	490	31	4198	29	26	6	0	0	0	0	19088	26892	0	1	ok
F	836	f834	45	321	3116	490	31	3958	29	26	6	0	0	0	0	19088	26892	0	1	ok
F	837	f835	45	301	3456	501	30	4288	29	26	6	0	0	0	0	19088	26892	0	1	ok
F	838	f836	45	521	3356	501	30	4408	29	26	6	0	0	0	0	19088	26892	0	1	ok
F	839	f837	45	310	3346	501	30	4187	29	26	6	0	0	0	0	19088	26892	0	1	ok
F	840	f838	45	321	3376	491	30	4218	29	26	6	0	0	0	0	19088	26892	0	1	ok
F	841	f839	45	410	3287	500	31	4228	29	26	6	0	0	0	0	19088	26892	0	1	ok
F	842	f840	45	421	3196	491	30	4138	29	26	6	0	0	0	0	19088	26892	0	1	ok
F	843	f841	45	551	3357	491	30	4429	29	26	6	0	0	0	0	19088	26892	0	1	ok
F	844	f842	45	501	3747	501	30	4779	29	26	6	0	0	0	0	19088	26892	0	1	ok
F	845	f843	45	421	3246	501	30	4198	29	26	6	0	0	0	0	19088	26892	0	1	ok
F	846	f844	45	501	3527	501	30	4559	29	26	6	0	0	0	0	19088	26892	0	1	ok
F	847	f845	45	311	3657	511	30	4509	29	26	6	0	0	0	0	19088	26892	0	1	ok
F	848	f846	45	421	3817	491	30	4759	29	26	6	0	0	0	0	19088	26892	0	1	ok
F	849	f847	45	311	3316	501	30	4158	29	26	6	0	0	0	0	19088	26892	0	1	ok
F	850	f848	45	320	3958	490	31	4799	29	26	6	0	0	0	0	19088	26892	0	1	ok
F	851	f849	45	311	3256	501	30	4098	29	26	6	0	0	0	0	19088	26892	0	1	ok
F	852	f850	45	421	3126	501	20	4068	29	26	6	0	0	0	0	19088	26892	0	1	ok
F	853	f851	45	310	3266	501	30	4107	29	26	6	0	0	0	0	19088	26892	0	1	ok
F	854	f852	45	321	3266	501	30	4118	29	26	6	0	0	0	0	19088	26892	0	1	ok
F	855	f853	45	421	3376	491	30	4318	29	26	6	0	0	0	0	19088	26892	0	1	ok
F	856	f854	45	311	3386	491	30	4218	29	26	6	0	0	0	0	19088	26892	0	1	ok
F	857	f855	45	320	3507	521	30	4378	29	26	6	0	0	0	0	19088	26892	0	1	ok
F	858	f856	45	431	3276	491	30	4228	29	26	6	0	0	0	0	19088	26892	0	1	ok
F	859	f857	45	401	3206	501	20	4128	29	26	6	0	0	0	0	19088	26892	0	1	ok
F	860	f858	45	311	3226	491	30	4058	29	26	6	0	0	0	0	19088	26892	0	1	ok
F	861	f859	45	531	3216	511	20	4278	29	26	6	0	0	0	0	19088	26892	0	1	ok
F	862	f860	45	421	3306	501	20	4248	29	26	6	0	0	0	0	19088	26892	0	1	ok
F	863	f861	45	311	3166	501	30	4008	29	26	6	0	0	0	0	19088	26892	0	1	ok
F	864	f862	45	380	3186	491	30	4087	29	26	6	0	0	0	0	19088	26892	0	1	ok
F	865	f863	45	501	3136	501	30	4168	29	26	6	0	0	0	0	19088	26892	0	1	ok
F	866	f864	45	321	3376	501	20	4218	29	26	6	0	0	0	0	19088	26892	0	1	ok
F	867	f865	45	301	3286	501	20	4108	29	26	6	0	0	0	0	19088	26892	0	1	ok
F	868	f866	45	311	3186	491	30	4018	29	26	6	0	0	0	0	19088	26892	0	1	ok
F	869	f867	45	431	3126	501	30	4088	29	26	6	0	0	0	0	19088	26892	0	1	ok
F	870	f868	45	551	3226	501	30	4308	29	26	6	0	0	0	0	19088	26892	0	1	ok
F	871	f869	45	321	3296	491	30	4138	29	26	6	0	0	0	0	19088	26892	0	1	ok
F	872	f870	45	420	3407	501	30	4358	29	26	6	0	0	0	0	19088	26892	0	1	ok
F	873	f871	45	341	3356	491	30	4218	29	26	6	0	0	0	0	19088	26892	0	1	ok
F	874	f872	45	320	3637	581	30	4568	29	26	6	0	0	0	0	19088	26892	0	1	ok
F	875	f873	45	301	3326	491	30	4148	29	26	6	0	0	0	0	19088	26892	0	1	ok
F	876	f874	45	431	3376	501	30	4338	29	26	6	0	0	0	0	19088	26892	0	1	ok
F	877	f875	45	371	3296	491	30	4188	29	26	6	0	0	0	0	19088	26892	0	1	ok
F	878	f876	45	371	3226	551	20	4168	29	26	6	0	0	0	0	19088	26892	0	1	ok
F	879	f877	45	431	3176	501	30	4138	29	26	6	0	0	0	0	19088	26892	0	1	ok
F	880	f878	45	311	3216	501	30	4058	29	26	6	0	0	0	0	19088	26892	0	1	ok
F	881	f879	45	310	3266	501	30	4107	29	26	6	0	0	0	0	19088	26892	0	1	ok
F	882	f880	45	320	3517	501	30	4368	29	26	6	0	0	0	0	19088	26892	0	1	ok
F	883	f881	45	521	3486	511	20	4538	29	26	6	0	0	0	0	19088	26892	0	1	ok
F	884	f882	45	370	3307	501	30	4208	29	26	6	0	0	0	0	19088	26892	0	1	ok
F	885	f883	45	381	3116	501	30	4028	29	26	6	0	0	0	0	19088	26892	0	1	ok
F	886	f884	45	631	3357	491	30	4509	29	26	6	0	0	0	0	19088	26892	0	1	ok
F	887	f885	45	321	3456	491	30	4298	29	26	6	0	0	0	0	19088	26892	0	1	ok
F	888	f886	45	451	3266	561	30	4308	29	26	6	0	0	0	0	19088	26892	0	1	ok
F	889	f887	45	561	3075	501	30	4167	29	26	6	0	0	0	0	19088	26892	0	1	ok
F	890	f888	45	451	3096	561	30	4138	29	26	6	0	0	0	0	19088	26892	0	1	ok
F	891	f889	45	331	3176	491	30	4028	29	26	6	0	0	0	0	19088	26892	0	1	ok
F	892	f890	45	301	3126	511	20	3958	29	26	6	0	0	0	0	19088	26892	0	1	ok
F	893	f891	45	501	3186	501	30	4218	29	26	6	0	0	0	0	19088	26892	0	1	ok
F	894	f892	45	330	3357	501	20	4208	29	26	6	0	0	0	0	19088	26892	0	1	ok
F	895	f893	45	341	3276	501	20	4138	29	26	6	0	0	0	0	19088	26892	0	1	ok
F	896	f894	45	440	3317	501	30	4288	29	26	6	0	0	0	0	19088	26892	0	1	ok
F	897	f895	45	320	3226	491	30	4067	29	26	6	0	0	0	0	19088	26892	0	1	ok
F	898	f896	45	310	3176	491	30	4007	29	26	6	0	0	0	0	19088	26892	0	1	ok
F	899	f897	45	300	3427	491	30	4248	29	26	6	0	0	0	0	19088	26892	0	1	ok
F	900	f898	45	411	3407	490	30	4338	29	26	6	0	0	0	0	19088	26892	0	1	ok
F	901	f899	45	321	3055	501	20	3897	29	26	6	0	0	0	0	19088	26892	0	1	ok
F	902	f900	45	371	3125	501	30	4027	29	26	6	0	0	0	0	19088	26892	0	1	ok
F	903	f901	45	421	3406	501	30	4358	29	26	6	0	0	0	0	19088	26892	0	1	ok
F	904	f902	45	300	3226	501	30	4057	29	26	6	0	0	0	0	19088	26892	0	1	ok
F	905	f903	45	311	3236	491	30	4068	29	26	6	0	0	0	0	19088	26892	0	1	ok
F	906	f904	45	321	3356	501	150	4328	29	26	6	0	0	0	0	19088	26892	0	1	ok
F	907	f905	45	320	3136	501	30	3987	29	26	6	0	0	0	0	19088	26892	0	1	ok
F	908	f906	45	300	3136	491	30	3957	29	26	6	0	0	0	0	19088	26892	0	1	ok
F	909	f907	45	331	3236	501	30	4098	29	26	6	0	0	0	0	19088	26892	0	1	ok
F	910	f908	45	431	3326	501	30	4288	29	26	6	0	0	0	0	19088	26892	0	1	ok
F	911	f909	45	310	3367	501	30	4208	29	26	6	0	0	0	0	19088	26892	0	1	ok
F	912	f910	45	321	3296	491	30	4138	29	26	6	0	0	0	0	19088	26892	0	1	ok
F	913	f911	45	421	3056	491	30	3998	29	26	6	0	0	0	0	19088	26892	0	1	ok
F	914	f912	45	320	3276	501	20	4117	29	26	6	0	0	0	0	19088	26892	0	1	ok
F	915	f913	45	310	3307	501	20	4138	29	26	6	0	0	0	0	19088	26892	0	1	ok
F	916	f914	45	311	3296	501	30	4138	29	26	6	0	0	0	0	19088	26892	0	1	ok
F	917	f915	45	481	3216	501	30	4228	29	26	6	0	0	0	0	19088	26892	0	1	ok
F	918	f916	45	461	3136	501	20	4118	29	26	6	0	0	0	0	19088	26892	0	1	ok
F	919	f917	45	451	3156	501	20	4128	29	26	6	0	0	0	0	19088	26892	0	1	ok
F	920	f918	45	67797	4147	662	30	72636	29	26	6	0	0	0	0	19088	26892	0	1	ok
F	921	f919	45	511	3086	501	30	4128	29	26	6	0	0	0	0	19088	26892	0	1	ok
F	922	f920	45	290	3196	511	20	4017	29	26	6	0	0	0	0	19088	26892	0	1	ok
F	923	f921	45	310	3046	501	30	3887	29	26	6	0	0	0	0	19088	26892	0	1	ok
F	924	f922	45	541	3216	501	30	4288	29	26	6	0	0	0	0	19088	26892	0	1	ok
F	925	f923	45	451	3306	501	30	4288	29	26	6	0	0	0	0	19088	26892	0	1	ok
F	926	f924	45	371	3186	501	30	4088	29	26	6	0	0	0	0	19088	26892	0	1	ok
F	927	f925	45	651	3417	501	30	4599	29	26	6	0	0	0	0	19088	26892	0	1	ok
F	928	f926	45	451	3216	501	30	4198	29	26	6	0	0	0	0	19088	26892	0	1	ok
F	929	f927	45	561	3326	501	30	4418	29	26	6	0	0	0	0	19088	26892	0	1	ok
F	930	f928	45	461	3566	501	30	4558	29	26	6	0	0	0	0	19088	26892	0	1	ok
F	931	f929	45	491	3416	501	20	4428	29	26	6	0	0	0	0	19088	26892	0	1	ok
F	932	f930	45	381	3406	491	30	4308	29	26	6	0	0	0	0	19088	26892	0	1	ok
F	933	f931	45	380	3337	500	30	4247	29	26	6	0	0	0	0	19088	26892	0	1	ok
F	934	f932	45	571	3336	511	30	4448	29	26	6	0	0	0	0	19088	26892	0	1	ok
F	935	f933	45	311	3286	511	30	4138	29	26	6	0	0	0	0	19088	26892	0	1	ok
F	936	f934	45	321	3266	501	30	4118	29	26	6	0	0	0	0	19088	26892	0	1	ok
F	937	f935	45	551	3196	501	30	4278	29	26	6	0	0	0	0	19088	26892	0	1	ok
F	938	f936	45	311	3436	501	30	4278	29	26	6	0	0	0	0	19088	26892	0	1	ok
F	939	f937	45	310	3287	501	30	4128	29	26	6	0	0	0	0	19088	26892	0	1	ok
F	940	f938	45	311	3246	501	20	4078	29	26	6	0	0	0	0	19088	26892	0	1	ok
F	941	f939	45	401	3376	491	30	4298	29	26	6	0	0	0	0	19088	26892	0	1	ok
F	942	f940	45	461	3326	491	30	4308	29	26	6	0	0	0	0	19088	26892	0	1	ok
F	943	f941	45	380	3367	501	30	4278	29	26	6	0	0	0	0	19088	26892	0	1	ok
F	944	f942	45	501	3276	491	30	4298	29	26	6	0	0	0	0	19088	26892	0	1	ok
F	945	f943	45	481	3246	501	30	4258	29	26	6	0	0	0	0	19088	26892	0	1	ok
F	946	f944	45	321	3607	491	30	4449	29	26	6	0	0	0	0	19088	26892	0	1	ok
F	947	f945	45	391	3086	501	20	3998	29	26	6	0	0	0	0	19088	26892	0	1	ok
F	948	f946	45	431	3216	501	30	4178	29	26	6	0	0	0	0	19088	26892	0	1	ok
F	949	f947	45	310	3467	501	30	4308	29	26	6	0	0	0	0	19088	26892	0	1	ok
F	950	f948	45	311	3506	501	30	4348	29	26	6	0	0	0	0	19088	26892	0	1	ok
F	951	f949	45	431	3106	501	30	4068	29	26	6	0	0	0	0	19088	26892	0	1	ok
F	952	f950	45	310	3427	501	30	4268	29	26	6	0	0	0	0	19088	26892	0	1	ok
F	953	f951	45	541	3116	501	30	4188	29	26	6	0	0	0	0	19088	26892	0	1	ok
F	954	f952	45	310	3286	491	30	4117	29	26	6	0	0	0	0	19088	26892	0	1	ok
F	955	f953	45	411	3246	511	20	4188	29	26	6	0	0	0	0	19088	26892	0	1	ok
F	956	f954	45	311	3256	491	30	4088	29	26	6	0	0	0	0	19088	26892	0	1	ok
F	957	f955	45	320	3597	501	30	4448	29	26	6	0	0	0	0	19088	26892	0	1	ok
F	958	f956	45	430	3317	500	31	4278	29	26	6	0	0	0	0	19088	26892	0	1	ok
F	959	f957	45	311	3176	501	30	4018	29	26	6	0	0	0	0	19088	26892	0	1	ok
F	960	f958	45	321	3466	501	30	4318	29	26	6	0	0	0	0	19088	26892	0	1	ok
F	961	f959	45	501	3266	501	30	4298	29	26	6	0	0	0	0	19088	26892	0	1	ok
F	962	f960	45	311	3376	501	20	4208	29	26	6	0	0	0	0	19088	26892	0	1	ok
F	963	f961	45	321	3296	501	30	4148	29	26	6	0	0	0	0	19088	26892	0	1	ok
F	964	f962	45	311	3166	501	30	4008	29	26	6	0	0	0	0	19088	26892	0	1	ok
F	965	f963	45	581	3397	501	30	4509	29	26	6	0	0	0	0	19088	26892	0	1	ok
F	966	f964	45	461	3246	501	20	4228	29	26	6	0	0	0	0	19088	26892	0	1	ok
F	967	f965	45	300	3427	501	30	4258	29	26	6	0	0	0	0	19088	26892	0	1	ok
F	968	f966	45	481	3277	500	31	4289	29	26	6	0	0	0	0	19088	26892	0	1	ok
F	969	f967	45	381	3086	501	30	3998	29	26	6	0	0	0	0	19088	26892	0	1	ok
F	970	f968	45	381	3426	491	30	4328	29	26	6	0	0	0	0	19088	26892	0	1	ok
F	971	f969	45	321	3396	501	30	4248	29	26	6	0	0	0	0	19088	26892	0	1	ok
F	972	f970	45	431	3055	501	20	4007	29	26	6	0	0	0	0	19088	26892	0	1	ok
F	973	f971	45	311	3176	501	30	4018	29	26	6	0	0	0	0	19088	26892	0	1	ok
F	974	f972	45	311	3276	491	30	4108	29	26	6	0	0	0	0	19088	26892	0	1	ok
F	975	f973	45	410	3277	490	30	4207	29	26	6	0	0	0	0	19088	26892	0	1	ok
F	976	f974	45	321	3336	501	30	4188	29	26	6	0	0	0	0	19088	26892	0	1	ok
F	977	f975	45	370	3196	501	30	4097	29	26	6	0	0	0	0	19088	26892	0	1	ok
F	978	f976	45	311	3336	501	20	4168	29	26	6	0	0	0	0	19088	26892	0	1	ok
F	979	f977	45	421	3497	501	20	4439	29	26	6	0	0	0	0	19088	26892	0	1	ok
F	980	f978	45	311	3206	501	30	4048	29	26	6	0	0	0	0	19088	26892	0	1	ok
F	981	f979	45	371	3196	511	30	4108	29	26	6	0	0	0	0	19088	26892	0	1	ok
F	982	f980	45	501	3396	501	30	4428	29	26	6	0	0	0	0	19088	26892	0	1	ok
F	983	f981	45	380	3336	501	30	4247	29	26	6	0	0	0	0	19088	26892	0	1	ok
F	984	f982	45	311	3206	491	30	4038	29	26	6	0	0	0	0	19088	26892	0	1	ok
F	985	f983	45	311	3256	501	20	4088	29	26	6	0	0	0	0	19088	26892	0	1	ok
F	986	f984	45	320	3306	501	30	4157	29	26	6	0	0	0	0	19088	26892	0	1	ok
F	987	f985	45	381	3246	521	30	4178	29	26	6	0	0	0	0	19088	26892	0	1	ok
F	988	f986	45	321	3266	491	30	4108	29	26	6	0	0	0	0	19088	26892	0	1	ok
F	989	f987	45	420	3246	501	30	4197	29	26	6	0	0	0	0	19088	26892	0	1	ok
F	990	f988	45	401	3116	501	20	4038	29	26	6	0	0	0	0	19088	26892	0	1	ok
F	991	f989	45	451	3276	501	30	4258	29	26	6	0	0	0	0	19088	26892	0	1	ok
F	992	f990	45	421	3226	511	20	4178	29	26	6	0	0	0	0	19088	26892	0	1	ok
F	993	f991	45	391	3156	501	30	4078	29	26	6	0	0	0	0	19088	26892	0	1	ok
F	994	f992	45	321	3266	501	30	4118	29	26	6	0	0	0	0	19088	26892	0	1	ok
F	995	f993	45	310	3417	491	30	4248	29	26	6	0	0	0	0	19088	26892	0	1	ok
F	996	f994	45	431	3266	491	30	4218	29	26	6	0	0	0	0	19088	26892	0	1	ok
F	997	f995	45	311	3105	501	30	3947	29	26	6	0	0	0	0	19088	26892	0	1	ok
F	998	f996	45	401	3476	491	30	4398	29	26	6	0	0	0	0	19088	26892	0	1	ok
F	999	f997	45	441	3326	501	30	4298	29	26	6	0	0	0	0	19088	26892	0	1	ok
F	1000	f998	45	301	3216	501	30	4048	29	26	6	0	0	0	0	19088	26892	0	1	ok
F	1001	f999	45	310	3186	501	30	4027	29	26	6	0	0	0	0	19088	26892	0	1	ok
F	1002	f1000	45	321	3546	501	30	4398	29	26	6	0	0	0	0	19088	26892	0	1	ok
F	1003	f1001	45	491	3216	491	30	4228	29	26	6	0	0	0	0	19088	26892	0	1	ok
F	1004	f1002	45	310	3296	501	30	4137	29	26	6	0	0	0	0	19088	26892	0	1	ok
F	1005	f1003	45	391	3226	491	30	4138	29	26	6	0	0	0	0	19088	26892	0	1	ok
F	1006	f1004	45	481	3447	501	30	4459	29	26	6	0	0	0	0	19088	26892	0	1	ok
F	1007	f1005	45	391	3436	501	20	4348	29	26	6	0	0	0	0	19088	26892	0	1	ok
F	1008	f1006	45	321	3045	501	30	3897	29	26	6	0	0	0	0	19088	26892	0	1	ok
F	1009	f1007	45	441	3296	491	160	4388	29	26	6	0	0	0	0	19088	26892	0	1	ok
F	1010	f1008	45	300	3537	501	20	4358	29	26	6	0	0	0	0	19088	26892	0	1	ok
F	1011	f1009	45	451	3056	501	30	4038	29	26	6	0	0	0	0	19088	26892	0	1	ok
F	1012	f1010	45	310	3186	491	30	4017	29	26	6	0	0	0	0	19088	26892	0	1	ok
F	1013	f1011	45	481	3496	501	30	4508	29	26	6	0	0	0	0	19088	26892	0	1	ok
F	1014	f1012	45	380	3247	490	31	4148	29	26	6	0	0	0	0	19088	26892	0	1	ok
F	1015	f1013	45	511	3096	501	30	4138	29	26	6	0	0	0	0	19088	26892	0	1	ok
F	1016	f1014	45	421	3466	491	30	4408	29	26	6	0	0	0	0	19088	26892	0	1	ok
F	1017	f1015	45	320	3407	501	30	4258	29	26	6	0	0	0	0	19088	26892	0	1	ok
F	1018	f1016	45	321	3446	501	30	4298	29	26	6	0	0	0	0	19088	26892	0	1	ok
F	1019	f1017	45	391	3336	501	20	4248	29	26	6	0	0	0	0	19088	26892	0	1	ok
F	1020	f1018	45	420	3337	501	20	4278	29	26	6	0	0	0	0	19088	26892	0	1	ok
F	1021	f1019	45	311	3226	501	30	4068	29	26	6	0	0	0	0	19088	26892	0	1	ok
F	1022	f1020	45	321	3727	501	30	4579	29	26	6	0	0	0	0	19088	26892	0	1	ok
F	1023	f1021	45	562	3185	501	30	4278	29	26	6	0	0	0	0	19088	26892	0	1	ok
F	1024	f1022	45	321	3376	491	30	4218	29	26	6	0	0	0	0	19088	26892	0	1	ok
F	1025	f1023	45	300	3426	501	30	4257	29	26	6	0	0	0	0	19088	26892	0	1	ok
F	1026	f1024	45	311	3837	491	30	4669	29	26	6	0	0	0	0	19088	26892	0	1	ok
F	1027	f1025	45	571	3237	500	20	4328	29	26	6	0	0	0	0	19088	26892	0	1	ok
F	1028	f1026	45	321	3146	490	31	3988	29	26	6	0	0	0	0	19088	26892	0	1	ok
F	1029	f1027	45	391	3386	491	30	4298	29	26	6	0	0	0	0	19088	26892	0	1	ok
F	1030	f1028	45	77775	4048	661	30	82514	29	26	6	0	0	0	0	19088	26892	0	1	ok
F	1031	f1029	45	491	3366	501	30	4388	29	26	6	0	0	0	0	19088	26892	0	1	ok
F	1032	f1030	45	310	3707	491	30	4538	29	26	6	0	0	0	0	19088	26892	0	1	ok
F	1033	f1031	45	451	3276	501	30	4258	29	26	6	0	0	0	0	19088	26892	0	1	ok
F	1034	f1032	45	631	3747	491	30	4899	29	26	6	0	0	0	0	19088	26892	0	1	ok
F	1035	f1033	45	511	3407	501	20	4439	29	26	6	0	0	0	0	19088	26892	0	1	ok
F	1036	f1034	45	431	3497	501	30	4459	29	26	6	0	0	0	0	19088	26892	0	1	ok
F	1037	f1035	45	581	3818	500	31	4930	29	26	6	0	0	0	0	19088	26892	0	1	ok
F	1038	f1036	45	311	3386	501	30	4228	29	26	6	0	0	0	0	19088	26892	0	1	ok
F	1039	f1037	45	471	3426	491	30	4418	29	26	6	0	0	0	0	19088	26892	0	1	ok
F	1040	f1038	45	501	3517	501	30	4549	29	26	6	0	0	0	0	19088	26892	0	1	ok
F	1041	f1039	45	531	3526	491	30	4578	29	26	6	0	0	0	0	19088	26892	0	1	ok
F	1042	f1040	45	471	3566	501	30	4568	29	26	6	0	0	0	0	19088	26892	0	1	ok
F	1043	f1041	45	311	3286	501	30	4128	29	26	6	0	0	0	0	19088	26892	0	1	ok
F	1044	f1042	45	431	3286	511	30	4258	29	26	6	0	0	0	0	19088	26892	0	1	ok
F	1045	f1043	45	401	3506	501	30	4438	29	26	6	0	0	0	0	19088	26892	0	1	ok
F	1046	f1044	45	320	3286	501	20	4127	29	26	6	0	0	0	0	19088	26892	0	1	ok
F	1047	f1045	45	431	3186	501	30	4148	29	26	6	0	0	0	0	19088	26892	0	1	ok
F	1048	f1046	45	361	3236	501	30	4128	29	26	6	0	0	0	0	19088	26892	0	1	ok
F	1049	f1047	45	460	3237	490	31	4218	29	26	6	0	0	0	0	19088	26892	0	1	ok
F	1050	f1048	45	301	3176	501	30	4008	29	26	6	0	0	0	0	19088	26892	0	1	ok
F	1051	f1049	45	431	3386	491	30	4338	29	26	6	0	0	0	0	19088	26892	0	1	ok
F	1052	f1050	45	310	3427	491	30	4258	29	26	6	0	0	0	0	19088	26892	0	1	ok
F	1053	f1051	45	381	3487	501	30	4399	29	26	6	0	0	0	0	19088	26892	0	1	ok
F	1054	f1052	45	431	3436	501	30	4398	29	26	6	0	0	0	0	19088	26892	0	1	ok
F	1055	f1053	45	291	3356	501	30	4178	29	26	6	0	0	0	0	19088	26892	0	1	ok
F	1056	f1054	45	311	3336	511	30	4188	29	26	6	0	0	0	0	19088	26892	0	1	ok
F	1057	f1055	45	511	3296	501	30	4338	29	26	6	0	0	0	0	19088	26892	0	1	ok
F	1058	f1056	45	411	3457	500	31	4399	29	26	6	0	0	0	0	19088	26892	0	1	ok
F	1059	f1057	45	391	3266	501	30	4188	29	26	6	0	0	0	0	19088	26892	0	1	ok
F	1060	f1058	45	611	3356	501	30	4498	29	26	6	0	0	0	0	19088	26892	0	1	ok
F	1061	f1059	45	641	3336	501	30	4508	29	26	6	0	0	0	0	19088	26892	0	1	ok
F	1062	f1060	45	460	3347	511	30	4348	29	26	6	0	0	0	0	19088	26892	0	1	ok
F	1063	f1061	45	331	3546	501	30	4408	29	26	6	0	0	0	0	19088	26892	0	1	ok
F	1064	f1062	45	431	3396	501	20	4348	29	26	6	0	0	0	0	19088	26892	0	1	ok
F	1065	f1063	45	380	3257	490	31	4158	29	26	6	0	0	0	0	19088	26892	0	1	ok
F	1066	f1064	45	391	3236	501	30	4158	29	26	6	0	0	0	0	19088	26892	0	1	ok
F	1067	f1065	45	511	3427	491	30	4459	29	26	6	0	0	0	0	19088	26892	0	1	ok
F	1068	f1066	45	491	3387	501	30	4409	29	26	6	0	0	0	0	19088	26892	0	1	ok
F	1069	f1067	45	461	3426	491	30	4408	29	26	6	0	0	0	0	19088	26892	0	1	ok
F	1070	f1068	45	311	3637	491	30	4469	29	26	6	0	0	0	0	19088	26892	0	1	ok
F	1071	f1069	45	421	3186	511	30	4148	29	26	6	0	0	0	0	19088	26892	0	1	ok
F	1072	f1070	45	320	3317	491	30	4158	29	26	6	0	0	0	0	19088	26892	0	1	ok
F	1073	f1071	45	391	3316	501	30	4238	29	26	6	0	0	0	0	19088	26892	0	1	ok
F	1074	f1072	45	371	3476	501	30	4378	29	26	6	0	0	0	0	19088	26892	0	1	ok
F	1075	f1073	45	430	3126	501	30	4087	29	26	6	0	0	0	0	19088	26892	0	1	ok
F	1076	f1074	45	320	3537	501	30	4388	29	26	6	0	0	0	0	19088	26892	0	1	ok
F	1077	f1075	45	380	3667	501	30	4578	29	26	6	0	0	0	0	19088	26892	0	1	ok
F	1078	f1076	45	501	3276	511	30	4318	29	26	6	0	0	0	0	19088	26892	0	1	ok
F	1079	f1077	45	521	3557	491	30	4599	29	26	6	0	0	0	0	19088	26892	0	1	ok
F	1080	f1078	45	300	3497	501	30	4328	29	26	6	0	0	0	0	19088	26892	0	1	ok
F	1081	f1079	45	371	3186	501	30	4088	29	26	6	0	0	0	0	19088	26892	0	1	ok
F	1082	f1080	45	421	3497	491	30	4439	29	26	6	0	0	0	0	19088	26892	0	1	ok
F	1083	f1081	45	391	3266	491	30	4178	29	26	6	0	0	0	0	19088	26892	0	1	ok
F	1084	f1082	45	310	3146	501	30	3987	29	26	6	0	0	0	0	19088	26892	0	1	ok
F	1085	f1083	45	431	3346	491	30	4298	29	26	6	0	0	0	0	19088	26892	0	1	ok
F	1086	f1084	45	331	3366	501	20	4218	29	26	6	0	0	0	0	19088	26892	0	1	ok
F	1087	f1085	45	381	3226	531	30	4168	29	26	6	0	0	0	0	19088	26892	0	1	ok
F	1088	f1086	45	311	3476	501	20	4308	29	26	6	0	0	0	0	19088	26892	0	1	ok
F	1089	f1087	45	321	3156	501	20	3998	29	26	6	0	0	0	0	19088	26892	0	1	ok
F	1090	f1088	45	311	3236	501	30	4078	29	26	6	0	0	0	0	19088	26892	0	1	ok
F	1091	f1089	45	371	3467	501	30	4369	29	26	6	0	0	0	0	19088	26892	0	1	ok
F	1092	f1090	45	431	3336	491	30	4288	29	26	6	0	0	0	0	19088	26892	0	1	ok
F	1093	f1091	45	380	3267	501	20	4168	29	26	6	0	0	0	0	19088	26892	0	1	ok
F	1094	f1092	45	421	3266	491	30	4208	29	26	6	0	0	0	0	19088	26892	0	1	ok
F	1095	f1093	45	440	3337	491	30	4298	29	26	6	0	0	0	0	19088	26892	0	1	ok
F	1096	f1094	45	311	3086	501	30	3928	29	26	6	0	0	0	0	19088	26892	0	1	ok
F	1097	f1095	45	391	3396	501	30	4318	29	26	6	0	0	0	0	19088	26892	0	1	ok
F	1098	f1096	45	290	3196	491	30	4007	29	26	6	0	0	0	0	19088	26892	0	1	ok
F	1099	f1097	45	421	3095	501	30	4047	29	26	6	0	0	0	0	19088	26892	0	1	ok
F	1100	f1098	45	311	3105	491	30	3937	29	26	6	0	0	0	0	19088	26892	0	1	ok
F	1101	f1099	45	301	3306	491	30	4128	29	26	6	0	0	0	0	19088	26892	0	1	ok
F	1102	f1100	45	501	3357	500	31	4389	29	26	6	0	0	0	0	19088	26892	0	1	ok
F	1103	f1101	45	391	3486	501	20	4398	29	26	6	0	0	0	0	19088	26892	0	1	ok
F	1104	f1102	45	321	3246	501	20	4088	29	26	6	0	0	0	0	19088	26892	0	1	ok
F	1105	f1103	45	321	3346	491	30	4188	29	26	6	0	0	0	0	19088	26892	0	1	ok
F	1106	f1104	45	420	3417	491	30	4358	29	26	6	0	0	0	0	19088	26892	0	1	ok
F	1107	f1105	45	391	3316	501	30	4238	29	26	6	0	0	0	0	19088	26892	0	1	ok
F	1108	f1106	45	371	3136	500	31	4038	29	26	6	0	0	0	0	19088	26892	0	1	ok
F	1109	f1107	45	431	3276	501	30	4238	29	26	6	0	0	0	0	19088	26892	0	1	ok
F	1110	f1108	45	390	3256	491	30	4167	29	26	6	0	0	0	0	19088	26892	0	1	ok
F	1111	f1109	45	381	3426	501	30	4338	29	26	6	0	0	0	0	19088	26892	0	1	ok
F	1112	f1110	45	380	3106	501	20	4007	29	26	6	0	0	0	0	19088	26892	0	1	ok
F	1113	f1111	45	421	3306	491	30	4248	29	26	6	0	0	0	0	19088	26892	0	1	ok
F	1114	f1112	45	311	3196	561	20	4088	29	26	6	0	0	0	0	19088	26892	0	1	ok
F	1115	f1113	45	310	3196	501	30	4037	29	26	6	0	0	0	0	19088	26892	0	1	ok
F	1116	f1114	45	431	3175	501	30	4137	29	26	6	0	0	0	0	19088	26892	0	1	ok
F	1117	f1115	45	391	3326	501	20	4238	29	26	6	0	0	0	0	19088	26892	0	1	ok
F	1118	f1116	45	450	3347	501	30	4328	29	26	6	0	0	0	0	19088	26892	0	1	ok
F	1119	f1117	45	431	3436	501	20	4388	29	26	6	0	0	0	0	19088	26892	0	1	ok
F	1120	f1118	45	401	3266	491	30	4188	29	26	6	0	0	0	0	19088	26892	0	1	ok
F	1121	f1119	45	460	3096	511	30	4097	29	26	6	0	0	0	0	19088	26892	0	1	ok
F	1122	f1120	45	330	3667	501	30	4528	29	26	6	0	0	0	0	19088	26892	0	1	ok
F	1123	f1121	45	571	3256	501	20	4348	29	26	6	0	0	0	0	19088	26892	0	1	ok
F	1124	f1122	45	310	3236	511	20	4077	29	26	6	0	0	0	0	19088	26892	0	1	ok
F	1125	f1123	45	381	3376	501	30	4288	29	26	6	0	0	0	0	19088	26892	0	1	ok
F	1126	f1124	45	501	3407	491	30	4429	29	26	6	0	0	0	0	19088	26892	0	1	ok
F	1127	f1125	45	371	3446	501	30	4348	29	26	6	0	0	0	0	19088	26892	0	1	ok
F	1128	f1126	45	321	3506	501	30	4358	29	26	6	0	0	0	0	19088	26892	0	1	ok
F	1129	f1127	45	380	3246	511	30	4167	29	26	6	0	0	0	0	19088	26892	0	1	ok
F	1130	f1128	45	431	3587	491	30	4539	29	26	6	0	0	0	0	19088	26892	0	1	ok
F	1131	f1129	45	321	3296	491	30	4138	29	26	6	0	0	0	0	19088	26892	0	1	ok
F	1132	f1130	45	301	3326	491	30	4148	29	26	6	0	0	0	0	19088	26892	0	1	ok
F	1133	f1131	45	421	3466	501	20	4408	29	26	6	0	0	0	0	19088	26892	0	1	ok
F	1134	f1132	45	310	3326	501	30	4167	29	26	6	0	0	0	0	19088	26892	0	1	ok
F	1135	f1133	45	331	3296	491	30	4148	29	26	6	0	0	0	0	19088	26892	0	1	ok
F	1136	f1134	45	311	3126	491	30	3958	29	26	6	0	0	0	0	19088	26892	0	1	ok
F	1137	f1135	45	421	3106	501	30	4058	29	26	6	0	0	0	0	19088	26892	0	1	ok
F	1138	f1136	45	310	3276	491	30	4107	29	26	6	0	0	0	0	19088	26892	0	1	ok
F	1139	f1137	45	371	3346	491	30	4238	29	26	6	0	0	0	0	19088	26892	0	1	ok
F	1140	f1138	45	71164	4208	661	40	76073	29	26	6	0	0	0	0	19088	26892	0	1	ok
F	1141	f1139	45	461	3917	501	30	4909	29	26	6	0	0	0	0	19088	26892	0	1	ok
F	1142	f1140	45	330	3487	491	30	4338	29	26	6	0	0	0	0	19088	26892	0	1	ok
F	1143	f1141	45	712	3226	501	20	4459	29	26	6	0	0	0	0	19088	26892	0	1	ok
F	1144	f1142	45	451	3396	491	30	4368	29	26	6	0	0	0	0	19088	26892	0	1	ok
F	1145	f1143	45	401	3256	501	30	4188	29	26	6	0	0	0	0	19088	26892	0	1	ok
F	1146	f1144	45	390	3777	511	20	4698	29	26	6	0	0	0	0	19088	26892	0	1	ok
F	1147	f1145	45	591	3096	491	30	4208	29	26	6	0	0	0	0	19088	26892	0	1	ok
F	1148	f1146	45	321	3246	501	30	4098	29	26	6	0	0	0	0	19088	26892	0	1	ok
F	1149	f1147	45	370	3206	621	20	4217	29	26	6	0	0	0	0	19088	26892	0	1	ok
F	1150	f1148	45	531	3396	491	30	4448	29	26	6	0	0	0	0	19088	26892	0	1	ok
F	1151	f1149	45	381	3296	491	30	4198	29	26	6	0	0	0	0	19088	26892	0	1	ok
F	1152	f1150	45	371	3306	501	30	4208	29	26	6	0	0	0	0	19088	26892	0	1	ok
F	1153	f1151	45	381	3226	500	31	4138	29	26	6	0	0	0	0	19088	26892	0	1	ok
F	1154	f1152	45	441	3507	500	31	4479	29	26	6	0	0	0	0	19088	26892	0	1	ok
F	1155	f1153	45	381	3476	491	30	4378	29	26	6	0	0	0	0	19088	26892	0	1	ok
F	1156	f1154	45	310	3237	490	30	4067	29	26	6	0	0	0	0	19088	26892	0	1	ok
F	1157	f1155	45	431	3306	521	30	4288	29	26	6	0	0	0	0	19088	26892	0	1	ok
F	1158	f1156	45	491	3276	501	30	4298	29	26	6	0	0	0	0	19088	26892	0	1	ok
F	1159	f1157	45	381	3266	501	30	4178	29	26	6	0	0	0	0	19088	26892	0	1	ok
F	1160	f1158	45	310	3286	501	30	4127	29	26	6	0	0	0	0	19088	26892	0	1	ok
F	1161	f1159	45	541	3366	491	30	4428	29	26	6	0	0	0	0	19088	26892	0	1	ok
F	1162	f1160	45	311	3997	491	40	4839	29	26	6	0	0	0	0	19088	26892	0	1	ok
F	1163	f1161	45	310	3617	491	30	4448	29	26	6	0	0	0	0	19088	26892	0	1	ok
F	1164	f1162	45	421	3196	491	30	4138	29	26	6	0	0	0	0	19088	26892	0	1	ok
F	1165	f1163	45	411	3406	501	30	4348	29	26	6	0	0	0	0	19088	26892	0	1	ok
F	1166	f1164	45	381	3316	501	30	4228	29	26	6	0	0	0	0	19088	26892	0	1	ok
F	1167	f1165	45	431	3096	490	31	4048	29	26	6	0	0	0	0	19088	26892	0	1	ok
F	1168	f1166	45	311	3336	501	30	4178	29	26	6	0	0	0	0	19088	26892	0	1	ok
F	1169	f1167	45	390	3346	501	30	4267	29	26	6	0	0	0	0	19088	26892	0	1	ok
F	1170	f1168	45	321	3807	511	30	4669	29	26	6	0	0	0	0	19088	26892	0	1	ok
F	1171	f1169	45	531	3216	491	30	4268	29	26	6	0	0	0	0	19088	26892	0	1	ok
F	1172	f1170	45	381	3226	501	20	4128	29	26	6	0	0	0	0	19088	26892	0	1	ok
F	1173	f1171	45	431	3306	501	30	4268	29	26	6	0	0	0	0	19088	26892	0	1	ok
F	1174	f1172	45	661	3126	501	20	4308	29	26	6	0	0	0	0	19088	26892	0	1	ok
F	1175	f1173	45	390	3296	501	30	4217	29	26	6	0	0	0	0	19088	26892	0	1	ok
F	1176	f1174	45	311	3125	501	30	3967	29	26	6	0	0	0	0	19088	26892	0	1	ok
F	1177	f1175	45	451	3136	501	30	4118	29	26	6	0	0	0	0	19088	26892	0	1	ok
F	1178	f1176	45	441	3186	551	30	4208	29	26	6	0	0	0	0	19088	26892	0	1	ok
F	1179	f1177	45	441	3466	511	20	4438	29	26	6	0	0	0	0	19088	26892	0	1	ok
F	1180	f1178	45	380	3517	491	20	4408	29	26	6	0	0	0	0	19088	26892	0	1	ok
F	1181	f1179	45	480	3667	501	30	4678	29	26	6	0	0	0	0	19088	26892	0	1	ok
F	1182	f1180	45	321	3356	501	30	4208	29	26	6	0	0	0	0	19088	26892	0	1	ok
F	1183	f1181	45	381	3246	491	30	4148	29	26	6	0	0	0	0	19088	26892	0	1	ok
F	1184	f1182	45	320	3587	491	30	4428	29	26	6	0	0	0	0	19088	26892	0	1	ok
F	1185	f1183	45	440	3206	491	30	4167	29	26	6	0	0	0	0	19088	26892	0	1	ok
F	1186	f1184	45	311	3436	501	30	4278	29	26	6	0	0	0	0	19088	26892	0	1	ok
F	1187	f1185	45	300	3296	491	30	4117	29	26	6	0	0	0	0	19088	26892	0	1	ok
F	1188	f1186	45	431	3276	491	30	4228	29	26	6	0	0	0	0	19088	26892	0	1	ok
F	1189	f1187	45	351	3286	501	20	4158	29	26	6	0	0	0	0	19088	26892	0	1	ok
F	1190	f1188	45	370	3236	491	30	4127	29	26	6	0	0	0	0	19088	26892	0	1	ok
F	1191	f1189	45	311	3516	501	30	4358	29	26	6	0	0	0	0	19088	26892	0	1	ok
F	1192	f1190	45	330	3286	521	20	4157	29	26	6	0	0	0	0	19088	26892	0	1	ok
F	1193	f1191	45	361	3366	491	30	4248	29	26	6	0	0	0	0	19088	26892	0	1	ok
F	1194	f1192	45	320	3126	501	30	3977	29	26	6	0	0	0	0	19088	26892	0	1	ok
F	1195	f1193	45	421	3115	501	30	4067	29	26	6	0	0	0	0	19088	26892	0	1	ok
F	1196	f1194	45	311	3155	491	30	3987	29	26	6	0	0	0	0	19088	26892	0	1	ok
F	1197	f1195	45	381	3276	501	30	4188	29	26	6	0	0	0	0	19088	26892	0	1	ok
F	1198	f1196	45	501	3347	490	31	4369	29	26	6	0	0	0	0	19088	26892	0	1	ok
F	1199	f1197	45	311	3196	501	30	4038	29	26	6	0	0	0	0	19088	26892	0	1	ok
F	1200	f1198	45	321	3446	501	30	4298	29	26	6	0	0	0	0	19088	26892	0	1	ok
F	1201	f1199	45	461	3196	501	30	4188	29	26	6	0	0	0	0	19088	26892	0	1	ok
F	1202	f1200	45	421	3416	491	30	4358	29	26	6	0	0	0	0	19088	26892	0	1	ok
F	1203	f1201	45	321	3125	501	30	3977	29	26	6	0	0	0	0	19088	26892	0	1	ok
F	1204	f1202	45	311	3156	490	30	3987	29	26	6	0	0	0	0	19088	26892	0	1	ok
F	1205	f1203	45	501	3216	491	30	4238	29	26	6	0	0	0	0	19088	26892	0	1	ok
F	1206	f1204	45	470	3467	491	30	4458	29	26	6	0	0	0	0	19088	26892	0	1	ok
F	1207	f1205	45	311	3597	501	30	4439	29	26	6	0	0	0	0	19088	26892	0	1	ok
F	1208	f1206	45	311	3466	501	30	4308	29	26	6	0	0	0	0	19088	26892	0	1	ok
F	1209	f1207	45	511	3236	501	30	4278	29	26	6	0	0	0	0	19088	26892	0	1	ok
F	1210	f1208	45	320	3437	501	30	4288	29	26	6	0	0	0	0	19088	26892	0	1	ok
F	1211	f1209	45	311	3957	501	30	4799	29	26	6	0	0	0	0	19088	26892	0	1	ok
F	1212	f1210	45	421	3326	491	40	4278	29	26	6	0	0	0	0	19088	26892	0	1	ok
F	1213	f1211	45	592	4067	501	30	5190	29	26	6	0	0	0	0	19088	26892	0	1	ok
F	1214	f1212	45	621	3637	511	20	4789	29	26	6	0	0	0	0	19088	26892	0	1	ok
F	1215	f1213	45	391	3537	501	30	4459	29	26	6	0	0	0	0	19088	26892	0	1	ok
F	1216	f1214	45	421	3647	501	30	4599	29	26	6	0	0	0	0	19088	26892	0	1	ok
F	1217	f1215	45	311	3516	491	30	4348	29	26	6	0	0	0	0	19088	26892	0	1	ok
F	1218	f1216	45	451	3627	501	30	4609	29	26	6	0	0	0	0	19088	26892	0	1	ok
F	1219	f1217	45	421	3847	501	30	4799	29	26	6	0	0	0	0	19088	26892	0	1	ok
F	1220	f1218	45	310	3437	501	30	4278	29	26	6	0	0	0	0	19088	26892	0	1	ok
F	1221	f1219	45	421	3637	501	30	4589	29	26	6	0	0	0	0	19088	26892	0	1	ok
F	1222	f1220	45	791	3657	511	30	4989	29	26	6	0	0	0	0	19088	26892	0	1	ok
F	1223	f1221	45	401	4278	511	30	5220	29	26	6	0	0	0	0	19088	26892	0	1	ok
F	1224	f1222	45	310	3417	531	20	4278	29	26	6	0	0	0	0	19088	26892	0	1	ok
F	1225	f1223	45	391	3367	490	31	4279	29	26	6	0	0	0	0	19088	26892	0	1	ok
F	1226	f1224	45	491	3537	511	30	4569	29	26	6	0	0	0	0	19088	26892	0	1	ok
F	1227	f1225	45	501	3407	501	20	4429	29	26	6	0	0	0	0	19088	26892	0	1	ok
F	1228	f1226	45	491	3316	501	30	4338	29	26	6	0	0	0	0	19088	26892	0	1	ok
F	1229	f1227	45	571	3426	501	30	4528	29	26	6	0	0	0	0	19088	26892	0	1	ok
F	1230	f1228	45	591	3487	491	30	4599	29	26	6	0	0	0	0	19088	26892	0	1	ok
F	1231	f1229	45	391	3376	501	30	4298	29	26	6	0	0	0	0	19088	26892	0	1	ok
F	1232	f1230	45	441	3516	491	30	4478	29	26	6	0	0	0	0	19088	26892	0	1	ok
F	1233	f1231	45	561	3446	501	30	4538	29	26	6	0	0	0	0	19088	26892	0	1	ok
F	1234	f1232	45	581	3958	500	30	5069	29	26	6	0	0	0	0	19088	26892	0	1	ok
F	1235	f1233	45	491	3497	490	31	4509	29	26	6	0	0	0	0	19088	26892	0	1	ok
F	1236	f1234	45	491	3406	491	30	4418	29	26	6	0	0	0	0	19088	26892	0	1	ok
F	1237	f1235	45	501	3436	501	20	4458	29	26	6	0	0	0	0	19088	26892	0	1	ok
F	1238	f1236	45	571	3386	491	30	4478	29	26	6	0	0	0	0	19088	26892	0	1	ok
F	1239	f1237	45	391	3366	491	30	4278	29	26	6	0	0	0	0	19088	26892	0	1	ok
F	1240	f1238	45	491	3477	491	30	4489	29	26	6	0	0	0	0	19088	26892	0	1	ok
F	1241	f1239	45	450	3216	491	30	4187	29	26	6	0	0	0	0	19088	26892	0	1	ok
F	1242	f1240	45	341	3226	501	30	4098	29	26	6	0	0	0	0	19088	26892	0	1	ok
F	1243	f1241	45	511	3116	491	30	4148	29	26	6	0	0	0	0	19088	26892	0	1	ok
F	1244	f1242	45	310	3276	501	20	4107	29	26	6	0	0	0	0	19088	26892	0	1	ok
F	1245	f1243	45	371	3526	491	30	4418	29	26	6	0	0	0	0	19088	26892	0	1	ok
F	1246	f1244	45	501	3487	491	30	4509	29	26	6	0	0	0	0	19088	26892	0	1	ok
F	1247	f1245	45	311	3306	491	30	4138	29	26	6	0	0	0	0	19088	26892	0	1	ok
F	1248	f1246	45	400	3236	491	30	4157	29	26	6	0	0	0	0	19088	26892	0	1	ok
F	1249	f1247	45	381	3306	501	30	4218	29	26	6	0	0	0	0	19088	26892	0	1	ok
F	1250	f1248	45	76312	4278	672	30	81292	29	26	6	0	0	0	0	19088	26892	0	1	ok
F	1251	f1249	45	410	3387	501	30	4328	29	26	6	0	0	0	0	19088	26892	0	1	ok
F	1252	f1250	45	401	3396	501	30	4328	29	26	6	0	0	0	0	19088	26892	0	1	ok
F	1253	f1251	45	661	3196	501	30	4388	29	26	6	0	0	0	0	19088	26892	0	1	ok
F	1254	f1252	45	381	3486	501	30	4398	29	26	6	0	0	0	0	19088	26892	0	1	ok
F	1255	f1253	45	381	3556	511	30	4478	29	26	6	0	0	0	0	19088	26892	0	1	ok
F	1256	f1254	45	371	3576	511	30	4488	29	26	6	0	0	0	0	19088	26892	0	1	ok
F	1257	f1255	45	491	3416	501	30	4438	29	26	6	0	0	0	0	19088	26892	0	1	ok
F	1258	f1256	45	391	3526	501	20	4438	29	26	6	0	0	0	0	19088	26892	0	1	ok
F	1259	f1257	45	310	3637	501	30	4478	29	26	6	0	0	0	0	19088	26892	0	1	ok
F	1260	f1258	45	431	3566	501	30	4528	29	26	6	0	0	0	0	19088	26892	0	1	ok
F	1261	f1259	45	391	3296	491	30	4208	29	26	6	0	0	0	0	19088	26892	0	1	ok
F	1262	f1260	45	381	3376	491	30	4278	29	26	6	0	0	0	0	19088	26892	0	1	ok
F	1263	f1261	45	371	3356	511	30	4268	29	26	6	0	0	0	0	19088	26892	0	1	ok
F	1264	f1262	45	431	3347	510	31	4319	29	26	6	0	0	0	0	19088	26892	0	1	ok
F	1265	f1263	45	331	3136	521	30	4018	29	26	6	0	0	0	0	19088	26892	0	1	ok
F	1266	f1264	45	441	3717	501	30	4689	29	26	6	0	0	0	0	19088	26892	0	1	ok
F	1267	f1265	45	420	3196	501	30	4147	29	26	6	0	0	0	0	19088	26892	0	1	ok
F	1268	f1266	45	631	3356	551	30	4568	29	26	6	0	0	0	0	19088	26892	0	1	ok
F	1269	f1267	45	431	3486	501	20	4438	29	26	6	0	0	0	0	19088	26892	0	1	ok
F	1270	f1268	45	501	3717	501	30	4749	29	26	6	0	0	0	0	19088	26892	0	1	ok
F	1271	f1269	45	311	3336	501	30	4178	29	26	6	0	0	0	0	19088	26892	0	1	ok
F	1272	f1270	45	320	3387	491	30	4228	29	26	6	0	0	0	0	19088	26892	0	1	ok
F	1273	f1271	45	391	3136	491	30	4048	29	26	6	0	0	0	0	19088	26892	0	1	ok
F	1274	f1272	45	490	3327	501	30	4348	29	26	6	0	0	0	0	19088	26892	0	1	ok
F	1275	f1273	45	381	3146	501	20	4048	29	26	6	0	0	0	0	19088	26892	0	1	ok
F	1276	f1274	45	301	3346	501	30	4178	29	26	6	0	0	0	0	19088	26892	0	1	ok
F	1277	f1275	45	421	3125	491	30	4067	29	26	6	0	0	0	0	19088	26892	0	1	ok
F	1278	f1276	45	311	3707	500	31	4549	29	26	6	0	0	0	0	19088	26892	0	1	ok
F	1279	f1277	45	471	3306	501	30	4308	29	26	6	0	0	0	0	19088	26892	0	1	ok
F	1280	f1278	45	310	3427	501	30	4268	29	26	6	0	0	0	0	19088	26892	0	1	ok
F	1281	f1279	45	481	3457	491	30	4459	29	26	6	0	0	0	0	19088	26892	0	1	ok
F	1282	f1280	45	501	3847	501	30	4879	29	26	6	0	0	0	0	19088	26892	0	1	ok
F	1283	f1281	45	461	3566	511	20	4558	29	26	6	0	0	0	0	19088	26892	0	1	ok
F	1284	f1282	45	521	3186	501	20	4228	29	26	6	0	0	0	0	19088	26892	0	1	ok
F	1285	f1283	45	391	3577	491	30	4489	29	26	6	0	0	0	0	19088	26892	0	1	ok
F	1286	f1284	45	651	3407	501	20	4579	29	26	6	0	0	0	0	19088	26892	0	1	ok
F	1287	f1285	45	481	3447	501	30	4459	29	26	6	0	0	0	0	19088	26892	0	1	ok
F	1288	f1286	45	421	3436	491	30	4378	29	26	6	0	0	0	0	19088	26892	0	1	ok
F	1289	f1287	45	301	3216	501	30	4048	29	26	6	0	0	0	0	19088	26892	0	1	ok
F	1290	f1288	45	451	3527	551	30	4559	29	26	6	0	0	0	0	19088	26892	0	1	ok
F	1291	f1289	45	491	3276	501	30	4298	29	26	6	0	0	0	0	19088	26892	0	1	ok
F	1292	f1290	45	311	3146	511	30	3998	29	26	6	0	0	0	0	19088	26892	0	1	ok
F	1293	f1291	45	451	3166	501	30	4148	29	26	6	0	0	0	0	19088	26892	0	1	ok
F	1294	f1292	45	311	3557	501	30	4399	29	26	6	0	0	0	0	19088	26892	0	1	ok
F	1295	f1293	45	321	3396	501	20	4238	29	26	6	0	0	0	0	19088	26892	0	1	ok
F	1296	f1294	45	371	3135	501	30	4037	29	26	6	0	0	0	0	19088	26892	0	1	ok
F	1297	f1295	45	401	3286	501	20	4208	29	26	6	0	0	0	0	19088	26892	0	1	ok
F	1298	f1296	45	561	3717	501	30	4809	29	26	6	0	0	0	0	19088	26892	0	1	ok
F	1299	f1297	45	321	3246	491	30	4088	29	26	6	0	0	0	0	19088	26892	0	1	ok
F	1300	f1298	45	311	3266	491	30	4098	29	26	6	0	0	0	0	19088	26892	0	1	ok
F	1301	f1299	45	491	3507	491	30	4519	29	26	6	0	0	0	0	19088	26892	0	1	ok
F	1302	f1300	45	461	3337	501	30	4329	29	26	6	0	0	0	0	19088	26892	0	1	ok
F	1303	f1301	45	391	3296	501	20	4208	29	26	6	0	0	0	0	19088	26892	0	1	ok
F	1304	f1302	45	380	3096	491	30	3997	29	26	6	0	0	0	0	19088	26892	0	1	ok
F	1305	f1303	45	621	3126	501	30	4278	29	26	6	0	0	0	0	19088	26892	0	1	ok
F	1306	f1304	45	461	3056	511	30	4058	29	26	6	0	0	0	0	19088	26892	0	1	ok
F	1307	f1305	45	310	3427	501	30	4268	29	26	6	0	0	0	0	19088	26892	0	1	ok
F	1308	f1306	45	561	3256	511	30	4358	29	26	6	0	0	0	0	19088	26892	0	1	ok
F	1309	f1307	45	391	3396	491	30	4308	29	26	6	0	0	0	0	19088	26892	0	1	ok
F	1310	f1308	45	310	3236	501	30	4077	29	26	6	0	0	0	0	19088	26892	0	1	ok
F	1311	f1309	45	330	3337	491	30	4188	29	26	6	0	0	0	0	19088	26892	0	1	ok
F	1312	f1310	45	421	3216	501	30	4168	29	26	6	0	0	0	0	19088	26892	0	1	ok
F	1313	f1311	45	320	3216	501	30	4067	29	26	6	0	0	0	0	19088	26892	0	1	ok
F	1314	f1312	45	380	3557	491	30	4458	29	26	6	0	0	0	0	19088	26892	0	1	ok
F	1315	f1313	45	491	3175	491	30	4187	29	26	6	0	0	0	0	19088	26892	0	1	ok
F	1316	f1314	45	311	3206	491	30	4038	29	26	6	0	0	0	0	19088	26892	0	1	ok
F	1317	f1315	45	391	3106	501	30	4028	29	26	6	0	0	0	0	19088	26892	0	1	ok
F	1318	f1316	45	441	3086	491	30	4048	29	26	6	0	0	0	0	19088	26892	0	1	ok
F	1319	f1317	45	491	3547	501	30	4569	29	26	6	0	0	0	0	19088	26892	0	1	ok
F	1320	f1318	45	380	3256	511	30	4177	29	26	6	0	0	0	0	19088	26892	0	1	ok
F	1321	f1319	45	461	3266	491	30	4248	29	26	6	0	0	0	0	19088	26892	0	1	ok
F	1322	f1320	45	420	3757	501	30	4708	29	26	6	0	0	0	0	19088	26892	0	1	ok
F	1323	f1321	45	321	3065	491	30	3907	29	26	6	0	0	0	0	19088	26892	0	1	ok
F	1324	f1322	45	320	3337	511	30	4198	29	26	6	0	0	0	0	19088	26892	0	1	ok
F	1325	f1323	45	441	3256	501	30	4228	29	26	6	0	0	0	0	19088	26892	0	1	ok
F	1326	f1324	45	310	3236	501	30	4077	29	26	6	0	0	0	0	19088	26892	0	1	ok
F	1327	f1325	45	391	3286	491	30	4198	29	26	6	0	0	0	0	19088	26892	0	1	ok
F	1328	f1326	45	531	3297	501	30	4359	29	26	6	0	0	0	0	19088	26892	0	1	ok
F	1329	f1327	45	431	3356	501	30	4318	29	26	6	0	0	0	0	19088	26892	0	1	ok
F	1330	f1328	45	401	3446	501	30	4378	29	26	6	0	0	0	0	19088	26892	0	1	ok
F	1331	f1329	45	330	3366	501	30	4227	29	26	6	0	0	0	0	19088	26892	0	1	ok
F	1332	f1330	45	431	3176	491	30	4128	29	26	6	0	0	0	0	19088	26892	0	1	ok
F	1333	f1331	45	321	3266	511	20	4118	29	26	6	0	0	0	0	19088	26892	0	1	ok
F	1334	f1332	45	400	3176	491	30	4097	29	26	6	0	0	0	0	19088	26892	0	1	ok
F	1335	f1333	45	310	3136	501	20	3967	29	26	6	0	0	0	0	19088	26892	0	1	ok
F	1336	f1334	45	421	3216	501	30	4168	29	26	6	0	0	0	0	19088	26892	0	1	ok
F	1337	f1335	45	381	3206	491	40	4118	29	26	6	0	0	0	0	19088	26892	0	1	ok
F	1338	f1336	45	320	3717	521	30	4588	29	26	6	0	0	0	0	19088	26892	0	1	ok
F	1339	f1337	45	421	3206	491	30	4148	29	26	6	0	0	0	0	19088	26892	0	1	ok
F	1340	f1338	45	321	3306	491	30	4148	29	26	6	0	0	0	0	19088	26892	0	1	ok
F	1341	f1339	45	420	3096	501	30	4047	29	26	6	0	0	0	0	19088	26892	0	1	ok
F	1342	f1340	45	390	3397	501	30	4318	29	26	6	0	0	0	0	19088	26892	0	1	ok
F	1343	f1341	45	431	3216	501	30	4178	29	26	6	0	0	0	0	19088	26892	0	1	ok
F	1344	f1342	45	360	3206	501	30	4097	29	26	6	0	0	0	0	19088	26892	0	1	ok
F	1345	f1343	45	531	3156	501	30	4218	29	26	6	0	0	0	0	19088	26892	0	1	ok
F	1346	f1344	45	431	3306	501	30	4268	29	26	6	0	0	0	0	19088	26892	0	1	ok
F	1347	f1345	45	311	3486	491	20	4308	29	26	6	0	0	0	0	19088	26892	0	1	ok
F	1348	f1346	45	310	3377	501	20	4208	29	26	6	0	0	0	0	19088	26892	0	1	ok
F	1349	f1347	45	421	3216	501	30	4168	29	26	6	0	0	0	0	19088	26892	0	1	ok
F	1350	f1348	45	561	3346	491	30	4428	29	26	6	0	0	0	0	19088	26892	0	1	ok
F	1351	f1349	45	301	3336	491	30	4158	29	26	6	0	0	0	0	19088	26892	0	1	ok
F	1352	f1350	45	381	3226	500	21	4128	29	26	6	0	0	0	0	19088	26892	0	1	ok
F	1353	f1351	45	571	3076	491	30	4168	29	26	6	0	0	0	0	19088	26892	0	1	ok
F	1354	f1352	45	370	3417	511	30	4328	29	26	6	0	0	0	0	19088	26892	0	1	ok
F	1355	f1353	45	321	3286	511	30	4148	29	26	6	0	0	0	0	19088	26892	0	1	ok
F	1356	f1354	45	440	3427	501	30	4398	29	26	6	0	0	0	0	19088	26892	0	1	ok
F	1357	f1355	45	381	7865	611	30	8887	29	26	6	0	0	0	0	19088	26892	0	1	ok
F	1358	f1356	45	411	4228	511	30	5180	29	26	6	0	0	0	0	19088	26892	0	1	ok
F	1359	f1357	45	401	3727	501	30	4659	29	26	6	0	0	0	0	19088	26892	0	1	ok
F	1360	f1358	45	73618	4028	641	30	78317	29	26	6	0	0	0	0	19088	26892	0	1	ok
F	1361	f1359	45	581	3487	501	30	4599	29	26	6	0	0	0	0	19088	26892	0	1	ok
F	1362	f1360	45	692	3546	491	30	4759	29	26	6	0	0	0	0	19088	26892	0	1	ok
F	1363	f1361	45	721	3186	501	30	4438	29	26	6	0	0	0	0	19088	26892	0	1	ok
F	1364	f1362	45	531	3436	491	30	4488	29	26	6	0	0	0	0	19088	26892	0	1	ok
F	1365	f1363	45	461	3446	491	40	4438	29	26	6	0	0	0	0	19088	26892	0	1	ok
F	1366	f1364	45	731	3857	501	20	5109	29	26	6	0	0	0	0	19088	26892	0	1	ok
F	1367	f1365	45	661	4248	511	30	5450	29	26	6	0	0	0	0	19088	26892	0	1	ok
F	1368	f1366	45	421	3898	490	31	4840	29	26	6	0	0	0	0	19088	26892	0	1	ok
F	1369	f1367	45	852	3436	491	30	4809	29	26	6	0	0	0	0	19088	26892	0	1	ok
F	1370	f1368	45	1002	4458	581	31	6072	29	26	6	0	0	0	0	19088	26892	0	1	ok
F	1371	f1369	45	631	3737	491	30	4889	29	26	6	0	0	0	0	19088	26892	0	1	ok
F	1372	f1370	45	471	3717	500	31	4719	29	26	6	0	0	0	0	19088	26892	0	1	ok
F	1373	f1371	45	1192	3948	501	30	5671	29	26	6	0	0	0	0	19088	26892	0	1	ok
F	1374	f1372	45	872	3797	501	20	5190	29	26	6	0	0	0	0	19088	26892	0	1	ok
F	1375	f1373	45	681	3937	491	30	5139	29	26	6	0	0	0	0	19088	26892	0	1	ok
F	1376	f1374	45	451	4077	491	30	5049	29	26	6	0	0	0	0	19088	26892	0	1	ok
F	1377	f1375	45	942	4028	501	20	5491	29	26	6	0	0	0	0	19088	26892	0	1	ok
F	1378	f1376	45	581	3968	501	30	5080	29	26	6	0	0	0	0	19088	26892	0	1	ok
F	1379	f1377	45	471	3787	491	30	4779	29	26	6	0	0	0	0	19088	26892	0	1	ok
F	1380	f1378	45	651	3527	490	31	4699	29	26	6	0	0	0	0	19088	26892	0	1	ok
F	1381	f1379	45	561	3306	491	30	4388	29	26	6	0	0	0	0	19088	26892	0	1	ok
F	1382	f1380	45	661	3457	501	30	4649	29	26	6	0	0	0	0	19088	26892	0	1	ok
F	1383	f1381	45	471	3437	500	20	4428	29	26	6	0	0	0	0	19088	26892	0	1	ok
F	1384	f1382	45	541	3406	501	30	4478	29	26	6	0	0	0	0	19088	26892	0	1	ok
F	1385	f1383	45	541	3356	511	30	4438	29	26	6	0	0	0	0	19088	26892	0	1	ok
F	1386	f1384	45	491	3476	501	30	4498	29	26	6	0	0	0	0	19088	26892	0	1	ok
F	1387	f1385	45	621	3667	491	30	4809	29	26	6	0	0	0	0	19088	26892	0	1	ok
F	1388	f1386	45	400	3367	501	30	4298	29	26	6	0	0	0	0	19088	26892	0	1	ok
F	1389	f1387	45	611	3377	491	30	4509	29	26	6	0	0	0	0	19088	26892	0	1	ok
F	1390	f1388	45	471	3256	501	30	4258	29	26	6	0	0	0	0	19088	26892	0	1	ok
F	1391	f1389	45	581	3346	501	30	4458	29	26	6	0	0	0	0	19088	26892	0	1	ok
F	1392	f1390	45	380	3397	501	30	4308	29	26	6	0	0	0	0	19088	26892	0	1	ok
F	1393	f1391	45	541	3226	490	31	4288	29	26	6	0	0	0	0	19088	26892	0	1	ok
F	1394	f1392	45	421	3206	501	30	4158	29	26	6	0	0	0	0	19088	26892	0	1	ok
F	1395	f1393	45	311	3517	491	30	4349	29	26	6	0	0	0	0	19088	26892	0	1	ok
F	1396	f1394	45	311	3336	501	20	4168	29	26	6	0	0	0	0	19088	26892	0	1	ok
F	1397	f1395	45	310	3557	491	30	4388	29	26	6	0	0	0	0	19088	26892	0	1	ok
F	1398	f1396	45	471	3326	491	30	4318	29	26	6	0	0	0	0	19088	26892	0	1	ok
F	1399	f1397	45	401	3556	501	30	4488	29	26	6	0	0	0	0	19088	26892	0	1	ok
F	1400	f1398	45	411	3386	501	30	4328	29	26	6	0	0	0	0	19088	26892	0	1	ok
F	1401	f1399	45	782	3326	501	30	4639	29	26	6	0	0	0	0	19088	26892	0	1	ok
F	1402	f1400	45	451	3206	501	30	4188	29	26	6	0	0	0	0	19088	26892	0	1	ok
F	1403	f1401	45	471	3206	501	30	4208	29	26	6	0	0	0	0	19088	26892	0	1	ok
F	1404	f1402	45	481	3497	491	30	4499	29	26	6	0	0	0	0	19088	26892	0	1	ok
F	1405	f1403	45	371	3817	501	30	4719	29	26	6	0	0	0	0	19088	26892	0	1	ok
F	1406	f1404	45	311	3316	501	30	4158	29	26	6	0	0	0	0	19088	26892	0	1	ok
F	1407	f1405	45	461	3417	501	30	4409	29	26	6	0	0	0	0	19088	26892	0	1	ok
F	1408	f1406	45	421	3236	501	20	4178	29	26	6	0	0	0	0	19088	26892	0	1	ok
F	1409	f1407	45	310	3276	541	20	4147	29	26	6	0	0	0	0	19088	26892	0	1	ok
F	1410	f1408	45	311	3406	501	30	4248	29	26	6	0	0	0	0	19088	26892	0	1	ok
F	1411	f1409	45	481	3486	491	30	4488	29	26	6	0	0	0	0	19088	26892	0	1	ok
F	1412	f1410	45	310	3387	491	30	4218	29	26	6	0	0	0	0	19088	26892	0	1	ok
F	1413	f1411	45	311	3216	501	30	4058	29	26	6	0	0	0	0	19088	26892	0	1	ok
F	1414	f1412	45	411	3316	501	20	4248	29	26	6	0	0	0	0	19088	26892	0	1	ok
F	1415	f1413	45	491	3266	501	40	4298	29	26	6	0	0	0	0	19088	26892	0	1	ok
F	1416	f1414	45	311	3186	501	20	4018	29	26	6	0	0	0	0	19088	26892	0	1	ok
F	1417	f1415	45	360	3547	501	30	4438	29	26	6	0	0	0	0	19088	26892	0	1	ok
F	1418	f1416	45	441	3527	511	30	4509	29	26	6	0	0	0	0	19088	26892	0	1	ok
F	1419	f1417	45	381	3627	501	20	4529	29	26	6	0	0	0	0	19088	26892	0	1	ok
F	1420	f1418	45	340	3477	521	30	4368	29	26	6	0	0	0	0	19088	26892	0	1	ok
F	1421	f1419	45	371	3226	501	20	4118	29	26	6	0	0	0	0	19088	26892	0	1	ok
F	1422	f1420	45	491	3135	501	30	4157	29	26	6	0	0	0	0	19088	26892	0	1	ok
F	1423	f1421	45	381	3216	501	30	4128	29	26	6	0	0	0	0	19088	26892	0	1	ok
F	1424	f1422	45	311	3206	501	30	4048	29	26	6	0	0	0	0	19088	26892	0	1	ok
F	1425	f1423	45	430	3246	491	30	4197	29	26	6	0	0	0	0	19088	26892	0	1	ok
F	1426	f1424	45	341	3386	541	20	4288	29	26	6	0	0	0	0	19088	26892	0	1	ok
F	1427	f1425	45	390	3357	511	20	4278	29	26	6	0	0	0	0	19088	26892	0	1	ok
F	1428	f1426	45	441	3446	501	30	4418	29	26	6	0	0	0	0	19088	26892	0	1	ok
F	1429	f1427	45	511	3286	491	30	4318	29	26	6	0	0	0	0	19088	26892	0	1	ok
F	1430	f1428	45	491	3506	501	30	4528	29	26	6	0	0	0	0	19088	26892	0	1	ok
F	1431	f1429	45	310	3507	491	30	4338	29	26	6	0	0	0	0	19088	26892	0	1	ok
F	1432	f1430	45	431	3306	491	30	4258	29	26	6	0	0	0	0	19088	26892	0	1	ok
F	1433	f1431	45	311	3065	501	30	3907	29	26	6	0	0	0	0	19088	26892	0	1	ok
F	1434	f1432	45	381	3105	501	20	4007	29	26	6	0	0	0	0	19088	26892	0	1	ok
F	1435	f1433	45	411	3396	501	30	4338	29	26	6	0	0	0	0	19088	26892	0	1	ok
F	1436	f1434	45	320	3246	491	30	4087	29	26	6	0	0	0	0	19088	26892	0	1	ok
F	1437	f1435	45	381	3426	491	30	4328	29	26	6	0	0	0	0	19088	26892	0	1	ok
F	1438	f1436	45	320	3266	511	20	4117	29	26	6	0	0	0	0	19088	26892	0	1	ok
F	1439	f1437	45	421	3406	501	30	4358	29	26	6	0	0	0	0	19088	26892	0	1	ok
F	1440	f1438	45	310	3026	501	20	3857	29	26	6	0	0	0	0	19088	26892	0	1	ok
F	1441	f1439	45	360	3397	501	30	4288	29	26	6	0	0	0	0	19088	26892	0	1	ok
F	1442	f1440	45	431	3236	491	30	4188	29	26	6	0	0	0	0	19088	26892	0	1	ok
F	1443	f1441	45	310	3046	491	30	3877	29	26	6	0	0	0	0	19088	26892	0	1	ok
F	1444	f1442	45	311	3286	501	20	4118	29	26	6	0	0	0	0	19088	26892	0	1	ok
F	1445	f1443	45	310	2996	511	20	3837	29	26	6	0	0	0	0	19088	26892	0	1	ok
F	1446	f1444	45	582	3446	511	20	4559	29	26	6	0	0	0	0	19088	26892	0	1	ok
F	1447	f1445	45	310	3677	511	30	4528	29	26	6	0	0	0	0	19088	26892	0	1	ok
F	1448	f1446	45	310	3206	501	30	4047	29	26	6	0	0	0	0	19088	26892	0	1	ok
F	1449	f1447	45	481	3356	501	30	4368	29	26	6	0	0	0	0	19088	26892	0	1	ok
F	1450	f1448	45	310	3447	501	30	4288	29	26	6	0	0	0	0	19088	26892	0	1	ok
F	1451	f1449	45	311	3286	491	30	4118	29	26	6	0	0	0	0	19088	26892	0	1	ok
F	1452	f1450	45	441	3226	551	30	4248	29	26	6	0	0	0	0	19088	26892	0	1	ok
F	1453	f1451	45	371	3286	491	30	4178	29	26	6	0	0	0	0	19088	26892	0	1	ok
F	1454	f1452	45	381	3406	501	30	4318	29	26	6	0	0	0	0	19088	26892	0	1	ok
F	1455	f1453	45	381	3346	501	30	4258	29	26	6	0	0	0	0	19088	26892	0	1	ok
F	1456	f1454	45	421	3366	501	30	4318	29	26	6	0	0	0	0	19088	26892	0	1	ok
F	1457	f1455	45	320	3166	491	30	4007	29	26	6	0	0	0	0	19088	26892	0	1	ok
F	1458	f1456	45	381	3546	491	30	4448	29	26	6	0	0	0	0	19088	26892	0	1	ok
F	1459	f1457	45	661	3386	501	30	4578	29	26	6	0	0	0	0	19088	26892	0	1	ok
F	1460	f1458	45	381	3155	501	30	4067	29	26	6	0	0	0	0	19088	26892	0	1	ok
F	1461	f1459	45	381	3526	501	30	4438	29	26	6	0	0	0	0	19088	26892	0	1	ok
F	1462	f1460	45	451	3556	501	30	4538	29	26	6	0	0	0	0	19088	26892	0	1	ok
F	1463	f1461	45	491	3386	501	30	4408	29	26	6	0	0	0	0	19088	26892	0	1	ok
F	1464	f1462	45	300	3527	551	30	4408	29	26	6	0	0	0	0	19088	26892	0	1	ok
F	1465	f1463	45	370	3547	501	30	4448	29	26	6	0	0	0	0	19088	26892	0	1	ok
F	1466	f1464	45	430	3186	501	30	4147	29	26	6	0	0	0	0	19088	26892	0	1	ok
F	1467	f1465	45	321	3155	501	20	3997	29	26	6	0	0	0	0	19088	26892	0	1	ok
F	1468	f1466	45	311	3336	501	30	4178	29	26	6	0	0	0	0	19088	26892	0	1	ok
F	1469	f1467	45	381	3346	501	30	4258	29	26	6	0	0	0	0	19088	26892	0	1	ok
F	1470	f1468	45	72776	4028	661	30	77495	29	26	6	0	0	0	0	19088	26892	0	1	ok
F	1471	f1469	45	391	3466	501	20	4378	29	26	6	0	0	0	0	19088	26892	0	1	ok
F	1472	f1470	45	320	3276	501	30	4127	29	26	6	0	0	0	0	19088	26892	0	1	ok
F	1473	f1471	45	691	3246	501	30	4468	29	26	6	0	0	0	0	19088	26892	0	1	ok
F	1474	f1472	45	371	3486	501	20	4378	29	26	6	0	0	0	0	19088	26892	0	1	ok
F	1475	f1473	45	471	3687	491	30	4679	29	26	6	0	0	0	0	19088	26892	0	1	ok
F	1476	f1474	45	501	3327	501	30	4359	29	26	6	0	0	0	0	19088	26892	0	1	ok
F	1477	f1475	45	370	3507	491	30	4398	29	26	6	0	0	0	0	19088	26892	0	1	ok
F	1478	f1476	45	381	3276	501	30	4188	29	26	6	0	0	0	0	19088	26892	0	1	ok
F	1479	f1477	45	300	3487	491	30	4308	29	26	6	0	0	0	0	19088	26892	0	1	ok
F	1480	f1478	45	421	3156	491	30	4098	29	26	6	0	0	0	0	19088	26892	0	1	ok
F	1481	f1479	45	310	3196	501	30	4037	29	26	6	0	0	0	0	19088	26892	0	1	ok
F	1482	f1480	45	300	3527	501	30	4358	29	26	6	0	0	0	0	19088	26892	0	1	ok
F	1483	f1481	45	420	3327	500	31	4278	29	26	6	0	0	0	0	19088	26892	0	1	ok
F	1484	f1482	45	321	3256	511	20	4108	29	26	6	0	0	0	0	19088	26892	0	1	ok
F	1485	f1483	45	381	3296	491	30	4198	29	26	6	0	0	0	0	19088	26892	0	1	ok
F	1486	f1484	45	310	3277	490	31	4108	29	26	6	0	0	0	0	19088	26892	0	1	ok
F	1487	f1485	45	421	3787	501	30	4739	29	26	6	0	0	0	0	19088	26892	0	1	ok
F	1488	f1486	45	370	3186	501	30	4087	29	26	6	0	0	0	0	19088	26892	0	1	ok
F	1489	f1487	45	461	3436	491	30	4418	29	26	6	0	0	0	0	19088	26892	0	1	ok
F	1490	f1488	45	431	3566	491	30	4518	29	26	6	0	0	0	0	19088	26892	0	1	ok
F	1491	f1489	45	311	3326	491	30	4158	29	26	6	0	0	0	0	19088	26892	0	1	ok
F	1492	f1490	45	311	3196	501	30	4038	29	26	6	0	0	0	0	19088	26892	0	1	ok
F	1493	f1491	45	391	3387	500	31	4309	29	26	6	0	0	0	0	19088	26892	0	1	ok
F	1494	f1492	45	511	3336	501	30	4378	29	26	6	0	0	0	0	19088	26892	0	1	ok
F	1495	f1493	45	320	3517	501	30	4368	29	26	6	0	0	0	0	19088	26892	0	1	ok
F	1496	f1494	45	320	3607	501	30	4458	29	26	6	0	0	0	0	19088	26892	0	1	ok
F	1497	f1495	45	551	3306	491	30	4378	29	26	6	0	0	0	0	19088	26892	0	1	ok
F	1498	f1496	45	491	3256	491	30	4268	29	26	6	0	0	0	0	19088	26892	0	1	ok
F	1499	f1497	45	310	3307	491	30	4138	29	26	6	0	0	0	0	19088	26892	0	1	ok
F	1500	f1498	45	391	3627	501	30	4549	29	26	6	0	0	0	0	19088	26892	0	1	ok
F	1501	f1499	45	471	3477	501	30	4479	29	26	6	0	0	0	0	19088	26892	0	1	ok
F	1502	f1500	45	521	3336	511	30	4398	29	26	6	0	0	0	0	19088	26892	0	1	ok
F	1503	f1501	45	471	3657	501	30	4659	29	26	6	0	0	0	0	19088	26892	0	1	ok
F	1504	f1502	45	421	3286	501	30	4238	29	26	6	0	0	0	0	19088	26892	0	1	ok
F	1505	f1503	45	381	3436	511	30	4358	29	26	6	0	0	0	0	19088	26892	0	1	ok
F	1506	f1504	45	411	3376	501	20	4308	29	26	6	0	0	0	0	19088	26892	0	1	ok
F	1507	f1505	45	411	3306	501	20	4238	29	26	6	0	0	0	0	19088	26892	0	1	ok
F	1508	f1506	45	371	3416	501	30	4318	29	26	6	0	0	0	0	19088	26892	0	1	ok
F	1509	f1507	45	310	3186	491	30	4017	29	26	6	0	0	0	0	19088	26892	0	1	ok
F	1510	f1508	45	310	3176	491	30	4007	29	26	6	0	0	0	0	19088	26892	0	1	ok
F	1511	f1509	45	431	3416	501	30	4378	29	26	6	0	0	0	0	19088	26892	0	1	ok
F	1512	f1510	45	291	3616	491	30	4428	29	26	6	0	0	0	0	19088	26892	0	1	ok
F	1513	f1511	45	411	3326	501	30	4268	29	26	6	0	0	0	0	19088	26892	0	1	ok
F	1514	f1512	45	642	3576	491	30	4739	29	26	6	0	0	0	0	19088	26892	0	1	ok
F	1515	f1513	45	451	3156	501	30	4138	29	26	6	0	0	0	0	19088	26892	0	1	ok
F	1516	f1514	45	441	3627	491	30	4589	29	26	6	0	0	0	0	19088	26892	0	1	ok
F	1517	f1515	45	381	3427	501	30	4339	29	26	6	0	0	0	0	19088	26892	0	1	ok
F	1518	f1516	45	481	3256	501	20	4258	29	26	6	0	0	0	0	19088	26892	0	1	ok
F	1519	f1517	45	551	3286	511	30	4378	29	26	6	0	0	0	0	19088	26892	0	1	ok
F	1520	f1518	45	401	3226	491	30	4148	29	26	6	0	0	0	0	19088	26892	0	1	ok
F	1521	f1519	45	591	3416	501	40	4548	29	26	6	0	0	0	0	19088	26892	0	1	ok
F	1522	f1520	45	331	3276	501	20	4128	29	26	6	0	0	0	0	19088	26892	0	1	ok
F	1523	f1521	45	311	3356	511	30	4208	29	26	6	0	0	0	0	19088	26892	0	1	ok
F	1524	f1522	45	320	3527	491	30	4368	29	26	6	0	0	0	0	19088	26892	0	1	ok
F	1525	f1523	45	430	3236	501	40	4207	29	26	6	0	0	0	0	19088	26892	0	1	ok
F	1526	f1524	45	391	3356	501	30	4278	29	26	6	0	0	0	0	19088	26892	0	1	ok
F	1527	f1525	45	300	3196	501	30	4027	29	26	6	0	0	0	0	19088	26892	0	1	ok
F	1528	f1526	45	430	3327	501	30	4288	29	26	6	0	0	0	0	19088	26892	0	1	ok
F	1529	f1527	45	321	3316	491	30	4158	29	26	6	0	0	0	0	19088	26892	0	1	ok
F	1530	f1528	45	310	3226	491	30	4057	29	26	6	0	0	0	0	19088	26892	0	1	ok
F	1531	f1529	45	471	3356	501	20	4348	29	26	6	0	0	0	0	19088	26892	0	1	ok
F	1532	f1530	45	400	3166	551	30	4147	29	26	6	0	0	0	0	19088	26892	0	1	ok
F	1533	f1531	45	411	3426	501	40	4378	29	26	6	0	0	0	0	19088	26892	0	1	ok
F	1534	f1532	45	380	3527	491	50	4448	29	26	6	0	0	0	0	19088	26892	0	1	ok
F	1535	f1533	45	491	3236	501	30	4258	29	26	6	0	0	0	0	19088	26892	0	1	ok
F	1536	f1534	45	301	3356	491	30	4178	29	26	6	0	0	0	0	19088	26892	0	1	ok
F	1537	f1535	45	310	3397	491	30	4228	29	26	6	0	0	0	0	19088	26892	0	1	ok
F	1538	f1536	45	431	3517	501	30	4479	29	26	6	0	0	0	0	19088	26892	0	1	ok
F	1539	f1537	45	321	3436	501	30	4288	29	26	6	0	0	0	0	19088	26892	0	1	ok
F	1540	f1538	45	320	3216	551	30	4117	29	26	6	0	0	0	0	19088	26892	0	1	ok
F	1541	f1539	45	391	3486	491	30	4398	29	26	6	0	0	0	0	19088	26892	0	1	ok
F	1542	f1540	45	611	3236	501	30	4378	29	26	6	0	0	0	0	19088	26892	0	1	ok
F	1543	f1541	45	370	3717	491	30	4608	29	26	6	0	0	0	0	19088	26892	0	1	ok
F	1544	f1542	45	320	3487	491	30	4328	29	26	6	0	0	0	0	19088	26892	0	1	ok
F	1545	f1543	45	501	3537	501	30	4569	29	26	6	0	0	0	0	19088	26892	0	1	ok
F	1546	f1544	45	310	3697	501	30	4538	29	26	6	0	0	0	0	19088	26892	0	1	ok
F	1547	f1545	45	380	3517	491	30	4418	29	26	6	0	0	0	0	19088	26892	0	1	ok
F	1548	f1546	45	310	3136	501	30	3977	29	26	6	0	0	0	0	19088	26892	0	1	ok
F	1549	f1547	45	501	3987	501	30	5019	29	26	6	0	0	0	0	19088	26892	0	1	ok
F	1550	f1548	45	390	3357	501	30	4278	29	26	6	0	0	0	0	19088	26892	0	1	ok
F	1551	f1549	45	481	3276	501	20	4278	29	26	6	0	0	0	0	19088	26892	0	1	ok
F	1552	f1550	45	531	3366	491	30	4418	29	26	6	0	0	0	0	19088	26892	0	1	ok
F	1553	f1551	45	320	3407	511	30	4268	29	26	6	0	0	0	0	19088	26892	0	1	ok
F	1554	f1552	45	311	4028	500	21	4860	29	26	6	0	0	0	0	19088	26892	0	1	ok
F	1555	f1553	45	581	3627	501	30	4739	29	26	6	0	0	0	0	19088	26892	0	1	ok
F	1556	f1554	45	310	3767	491	20	4588	29	26	6	0	0	0	0	19088	26892	0	1	ok
F	1557	f1555	45	330	3337	491	30	4188	29	26	6	0	0	0	0	19088	26892	0	1	ok
F	1558	f1556	45	401	3436	491	30	4358	29	26	6	0	0	0	0	19088	26892	0	1	ok
F	1559	f1557	45	541	4448	491	30	5510	29	26	6	0	0	0	0	19088	26892	0	1	ok
F	1560	f1558	45	330	3337	491	30	4188	29	26	6	0	0	0	0	19088	26892	0	1	ok
F	1561	f1559	45	531	3467	491	30	4519	29	26	6	0	0	0	0	19088	26892	0	1	ok
F	1562	f1560	45	441	3988	511	30	4970	29	26	6	0	0	0	0	19088	26892	0	1	ok
F	1563	f1561	45	381	3536	501	30	4448	29	26	6	0	0	0	0	19088	26892	0	1	ok
F	1564	f1562	45	311	3376	501	30	4218	29	26	6	0	0	0	0	19088	26892	0	1	ok
F	1565	f1563	45	401	3407	501	20	4329	29	26	6	0	0	0	0	19088	26892	0	1	ok
F	1566	f1564	45	501	3196	511	30	4238	29	26	6	0	0	0	0	19088	26892	0	1	ok
F	1567	f1565	45	310	3767	491	30	4598	29	26	6	0	0	0	0	19088	26892	0	1	ok
F	1568	f1566	45	311	3066	491	30	3898	29	26	6	0	0	0	0	19088	26892	0	1	ok
F	1569	f1567	45	501	3226	501	30	4258	29	26	6	0	0	0	0	19088	26892	0	1	ok
F	1570	f1568	45	300	3247	500	31	4078	29	26	6	0	0	0	0	19088	26892	0	1	ok
F	1571	f1569	45	401	3126	501	30	4058	29	26	6	0	0	0	0	19088	26892	0	1	ok
F	1572	f1570	45	311	3206	501	20	4038	29	26	6	0	0	0	0	19088	26892	0	1	ok
F	1573	f1571	45	602	3185	501	30	4318	29	26	6	0	0	0	0	19088	26892	0	1	ok
F	1574	f1572	45	631	3437	501	30	4599	29	26	6	0	0	0	0	19088	26892	0	1	ok
F	1575	f1573	45	381	3537	501	30	4449	29	26	6	0	0	0	0	19088	26892	0	1	ok
F	1576	f1574	45	491	3186	501	30	4208	29	26	6	0	0	0	0	19088	26892	0	1	ok
F	1577	f1575	45	440	3387	491	30	4348	29	26	6	0	0	0	0	19088	26892	0	1	ok
F	1578	f1576	45	301	3256	501	30	4088	29	26	6	0	0	0	0	19088	26892	0	1	ok
F	1579	f1577	45	77765	4218	641	30	82654	29	26	6	0	0	0	0	19088	26892	0	1	ok
F	1580	f1578	45	411	3276	501	30	4218	29	26	6	0	0	0	0	19088	26892	0	1	ok
F	1581	f1579	45	541	3206	491	30	4268	29	26	6	0	0	0	0	19088	26892	0	1	ok
F	1582	f1580	45	471	3116	501	30	4118	29	26	6	0	0	0	0	19088	26892	0	1	ok
F	1583	f1581	45	721	3517	490	30	4758	29	26	6	0	0	0	0	19088	26892	0	1	ok
F	1584	f1582	45	391	3326	501	30	4248	29	26	6	0	0	0	0	19088	26892	0	1	ok
F	1585	f1583	45	551	3486	501	30	4568	29	26	6	0	0	0	0	19088	26892	0	1	ok
F	1586	f1584	45	511	3647	510	31	4699	29	26	6	0	0	0	0	19088	26892	0	1	ok
F	1587	f1585	45	501	3447	490	31	4469	29	26	6	0	0	0	0	19088	26892	0	1	ok
F	1588	f1586	45	311	3346	501	30	4188	29	26	6	0	0	0	0	19088	26892	0	1	ok
F	1589	f1587	45	381	3646	491	30	4548	29	26	6	0	0	0	0	19088	26892	0	1	ok
F	1590	f1588	45	491	3406	491	30	4418	29	26	6	0	0	0	0	19088	26892	0	1	ok
F	1591	f1589	45	391	3576	491	30	4488	29	26	6	0	0	0	0	19088	26892	0	1	ok
F	1592	f1590	45	310	3367	501	30	4208	29	26	6	0	0	0	0	19088	26892	0	1	ok
F	1593	f1591	45	551	3246	501	30	4328	29	26	6	0	0	0	0	19088	26892	0	1	ok
F	1594	f1592	45	381	3616	501	30	4528	29	26	6	0	0	0	0	19088	26892	0	1	ok
F	1595	f1593	45	421	3366	501	30	4318	29	26	6	0	0	0	0	19088	26892	0	1	ok
F	1596	f1594	45	380	3717	491	30	4618	29	26	6	0	0	0	0	19088	26892	0	1	ok
F	1597	f1595	45	571	3136	511	30	4248	29	26	6	0	0	0	0	19088	26892	0	1	ok
F	1598	f1596	45	311	3446	501	20	4278	29	26	6	0	0	0	0	19088	26892	0	1	ok
F	1599	f1597	45	301	3626	501	30	4458	29	26	6	0	0	0	0	19088	26892	0	1	ok
F	1600	f1598	45	421	3286	501	30	4238	29	26	6	0	0	0	0	19088	26892	0	1	ok
F	1601	f1599	45	470	3367	501	30	4368	29	26	6	0	0	0	0	19088	26892	0	1	ok
F	1602	f1600	45	441	3316	501	30	4288	29	26	6	0	0	0	0	19088	26892	0	1	ok
F	1603	f1601	45	321	3496	491	30	4338	29	26	6	0	0	0	0	19088	26892	0	1	ok
F	1604	f1602	45	320	3487	501	30	4338	29	26	6	0	0	0	0	19088	26892	0	1	ok
F	1605	f1603	45	381	3246	501	20	4148	29	26	6	0	0	0	0	19088	26892	0	1	ok
F	1606	f1604	45	380	3577	511	30	4498	29	26	6	0	0	0	0	19088	26892	0	1	ok
F	1607	f1605	45	501	3566	511	20	4598	29	26	6	0	0	0	0	19088	26892	0	1	ok
F	1608	f1606	45	320	3337	501	30	4188	29	26	6	0	0	0	0	19088	26892	0	1	ok
F	1609	f1607	45	371	3396	501	30	4298	29	26	6	0	0	0	0	19088	26892	0	1	ok
F	1610	f1608	45	611	3346	491	30	4478	29	26	6	0	0	0	0	19088	26892	0	1	ok
F	1611	f1609	45	381	3436	501	30	4348	29	26	6	0	0	0	0	19088	26892	0	1	ok
F	1612	f1610	45	380	3587	551	30	4548	29	26	6	0	0	0	0	19088	26892	0	1	ok
F	1613	f1611	45	300	3256	501	30	4087	29	26	6	0	0	0	0	19088	26892	0	1	ok
F	1614	f1612	45	421	3276	551	30	4278	29	26	6	0	0	0	0	19088	26892	0	1	ok
F	1615	f1613	45	391	3086	501	30	4008	29	26	6	0	0	0	0	19088	26892	0	1	ok
F	1616	f1614	45	551	3596	551	30	4728	29	26	6	0	0	0	0	19088	26892	0	1	ok
F	1617	f1615	45	501	3436	511	31	4479	29	26	6	0	0	0	0	19088	26892	0	1	ok
F	1618	f1616	45	421	3897	501	30	4849	29	26	6	0	0	0	0	19088	26892	0	1	ok
F	1619	f1617	45	380	3357	501	30	4268	29	26	6	0	0	0	0	19088	26892	0	1	ok
F	1620	f1618	45	391	3436	491	30	4348	29	26	6	0	0	0	0	19088	26892	0	1	ok
F	1621	f1619	45	711	3587	491	40	4829	29	26	6	0	0	0	0	19088	26892	0	1	ok
F	1622	f1620	45	641	3546	501	20	4708	29	26	6	0	0	0	0	19088	26892	0	1	ok
F	1623	f1621	45	451	3296	501	30	4278	29	26	6	0	0	0	0	19088	26892	0	1	ok
F	1624	f1622	45	481	3326	491	30	4328	29	26	6	0	0	0	0	19088	26892	0	1	ok
F	1625	f1623	45	391	3627	491	30	4539	29	26	6	0	0	0	0	19088	26892	0	1	ok
F	1626	f1624	45	461	3477	491	30	4459	29	26	6	0	0	0	0	19088	26892	0	1	ok
F	1627	f1625	45	461	3477	501	30	4469	29	26	6	0	0	0	0	19088	26892	0	1	ok
F	1628	f1626	45	561	3557	491	30	4639	29	26	6	0	0	0	0	19088	26892	0	1	ok
F	1629	f1627	45	381	3417	490	31	4319	29	26	6	0	0	0	0	19088	26892	0	1	ok
F	1630	f1628	45	311	3456	511	30	4308	29	26	6	0	0	0	0	19088	26892	0	1	ok
F	1631	f1629	45	511	3446	501	30	4488	29	26	6	0	0	0	0	19088	26892	0	1	ok
F	1632	f1630	45	390	3116	551	30	4087	29	26	6	0	0	0	0	19088	26892	0	1	ok
F	1633	f1631	45	451	3627	501	20	4599	29	26	6	0	0	0	0	19088	26892	0	1	ok
F	1634	f1632	45	501	3256	501	30	4288	29	26	6	0	0	0	0	19088	26892	0	1	ok
F	1635	f1633	45	300	3457	501	30	4288	29	26	6	0	0	0	0	19088	26892	0	1	ok
F	1636	f1634	45	311	3296	501	30	4138	29	26	6	0	0	0	0	19088	26892	0	1	ok
F	1637	f1635	45	381	3135	491	30	4037	29	26	6	0	0	0	0	19088	26892	0	1	ok
F	1638	f1636	45	491	3376	501	30	4398	29	26	6	0	0	0	0	19088	26892	0	1	ok
F	1639	f1637	45	310	3196	501	30	4037	29	26	6	0	0	0	0	19088	26892	0	1	ok
F	1640	f1638	45	320	3457	491	30	4298	29	26	6	0	0	0	0	19088	26892	0	1	ok
F	1641	f1639	45	551	3426	501	20	4498	29	26	6	0	0	0	0	19088	26892	0	1	ok
F	1642	f1640	45	460	3457	501	30	4448	29	26	6	0	0	0	0	19088	26892	0	1	ok
F	1643	f1641	45	380	3517	501	30	4428	29	26	6	0	0	0	0	19088	26892	0	1	ok
F	1644	f1642	45	321	3527	490	31	4369	29	26	6	0	0	0	0	19088	26892	0	1	ok
F	1645	f1643	45	521	3697	501	30	4749	29	26	6	0	0	0	0	19088	26892	0	1	ok
F	1646	f1644	45	310	3216	501	20	4047	29	26	6	0	0	0	0	19088	26892	0	1	ok
F	1647	f1645	45	330	3236	501	30	4097	29	26	6	0	0	0	0	19088	26892	0	1	ok
F	1648	f1646	45	421	2995	491	30	3937	29	26	6	0	0	0	0	19088	26892	0	1	ok
F	1649	f1647	45	381	3326	501	30	4238	29	26	6	0	0	0	0	19088	26892	0	1	ok
F	1650	f1648	45	381	3176	491	30	4078	29	26	6	0	0	0	0	19088	26892	0	1	ok
F	1651	f1649	45	531	3496	501	30	4558	29	26	6	0	0	0	0	19088	26892	0	1	ok
F	1652	f1650	45	410	3247	490	31	4178	29	26	6	0	0	0	0	19088	26892	0	1	ok
F	1653	f1651	45	381	3597	500	31	4509	29	26	6	0	0	0	0	19088	26892	0	1	ok
F	1654	f1652	45	311	3316	501	30	4158	29	26	6	0	0	0	0	19088	26892	0	1	ok
F	1655	f1653	45	431	3296	501	20	4248	29	26	6	0	0	0	0	19088	26892	0	1	ok
F	1656	f1654	45	301	3336	501	30	4168	29	26	6	0	0	0	0	19088	26892	0	1	ok
F	1657	f1655	45	360	3246	491	30	4127	29	26	6	0	0	0	0	19088	26892	0	1	ok
F	1658	f1656	45	511	3266	491	30	4298	29	26	6	0	0	0	0	19088	26892	0	1	ok
F	1659	f1657	45	381	3336	501	30	4248	29	26	6	0	0	0	0	19088	26892	0	1	ok
F	1660	f1658	45	311	3306	501	20	4138	29	26	6	0	0	0	0	19088	26892	0	1	ok
F	1661	f1659	45	371	3216	491	30	4108	29	26	6	0	0	0	0	19088	26892	0	1	ok
F	1662	f1660	45	420	3287	500	31	4238	29	26	6	0	0	0	0	19088	26892	0	1	ok
F	1663	f1661	45	461	3436	501	20	4418	29	26	6	0	0	0	0	19088	26892	0	1	ok
F	1664	f1662	45	371	3566	501	30	4468	29	26	6	0	0	0	0	19088	26892	0	1	ok
F	1665	f1663	45	541	3517	500	31	4589	29	26	6	0	0	0	0	19088	26892	0	1	ok
F	1666	f1664	45	381	3206	491	30	4108	29	26	6	0	0	0	0	19088	26892	0	1	ok
F	1667	f1665	45	311	3527	500	31	4369	29	26	6	0	0	0	0	19088	26892	0	1	ok
F	1668	f1666	45	301	3326	501	30	4158	29	26	6	0	0	0	0	19088	26892	0	1	ok
F	1669	f1667	45	431	3226	501	20	4178	29	26	6	0	0	0	0	19088	26892	0	1	ok
F	1670	f1668	45	381	3376	501	30	4288	29	26	6	0	0	0	0	19088	26892	0	1	ok
F	1671	f1669	45	321	3416	501	30	4268	29	26	6	0	0	0	0	19088	26892	0	1	ok
F	1672	f1670	45	421	3136	491	20	4068	29	26	6	0	0	0	0	19088	26892	0	1	ok
F	1673	f1671	45	311	3316	501	30	4158	29	26	6	0	0	0	0	19088	26892	0	1	ok
F	1674	f1672	45	390	3357	561	30	4338	29	26	6	0	0	0	0	19088	26892	0	1	ok
F	1675	f1673	45	371	3406	491	30	4298	29	26	6	0	0	0	0	19088	26892	0	1	ok
F	1676	f1674	45	481	3306	501	30	4318	29	26	6	0	0	0	0	19088	26892	0	1	ok
F	1677	f1675	45	370	3246	501	20	4137	29	26	6	0	0	0	0	19088	26892	0	1	ok
F	1678	f1676	45	311	3486	491	30	4318	29	26	6	0	0	0	0	19088	26892	0	1	ok
F	1679	f1677	45	430	3136	501	30	4097	29	26	6	0	0	0	0	19088	26892	0	1	ok
F	1680	f1678	45	320	3507	511	20	4358	29	26	6	0	0	0	0	19088	26892	0	1	ok
F	1681	f1679	45	390	3407	501	30	4328	29	26	6	0	0	0	0	19088	26892	0	1	ok
F	1682	f1680	45	481	3917	501	30	4929	29	26	6	0	0	0	0	19088	26892	0	1	ok
F	1683	f1681	45	310	3196	501	30	4037	29	26	6	0	0	0	0	19088	26892	0	1	ok
F	1684	f1682	45	311	3626	491	30	4458	29	26	6	0	0	0	0	19088	26892	0	1	ok
F	1685	f1683	45	300	3407	521	30	4258	29	26	6	0	0	0	0	19088	26892	0	1	ok
F	1686	f1684	45	501	3627	491	30	4649	29	26	6	0	0	0	0	19088	26892	0	1	ok
F	1687	f1685	45	400	3317	491	30	4238	29	26	6	0	0	0	0	19088	26892	0	1	ok
F	1688	f1686	45	531	3477	501	30	4539	29	26	6	0	0	0	0	19088	26892	0	1	ok
F	1689	f1687	45	71214	4388	671	30	76303	29	26	6	0	0	0	0	19088	26892	0	1	ok
F	1690	f1688	45	471	3326	491	30	4318	29	26	6	0	0	0	0	19088	26892	0	1	ok
F	1691	f1689	45	391	3526	501	30	4448	29	26	6	0	0	0	0	19088	26892	0	1	ok
F	1692	f1690	45	391	3406	501	30	4328	29	26	6	0	0	0	0	19088	26892	0	1	ok
F	1693	f1691	45	631	3647	501	30	4809	29	26	6	0	0	0	0	19088	26892	0	1	ok
F	1694	f1692	45	441	3457	500	31	4429	29	26	6	0	0	0	0	19088	26892	0	1	ok
F	1695	f1693	45	391	3356	501	30	4278	29	26	6	0	0	0	0	19088	26892	0	1	ok
F	1696	f1694	45	501	3616	551	30	4698	29	26	6	0	0	0	0	19088	26892	0	1	ok
F	1697	f1695	45	431	3607	501	20	4559	29	26	6	0	0	0	0	19088	26892	0	1	ok
F	1698	f1696	45	381	3497	501	30	4409	29	26	6	0	0	0	0	19088	26892	0	1	ok
F	1699	f1697	45	311	3446	491	30	4278	29	26	6	0	0	0	0	19088	26892	0	1	ok
F	1700	f1698	45	421	3336	501	30	4288	29	26	6	0	0	0	0	19088	26892	0	1	ok
F	1701	f1699	45	381	3457	500	31	4369	29	26	6	0	0	0	0	19088	26892	0	1	ok
F	1702	f1700	45	381	3496	501	30	4408	29	26	6	0	0	0	0	19088	26892	0	1	ok
F	1703	f1701	45	491	3537	491	30	4549	29	26	6	0	0	0	0	19088	26892	0	1	ok
F	1704	f1702	45	371	3487	501	30	4389	29	26	6	0	0	0	0	19088	26892	0	1	ok
F	1705	f1703	45	551	3267	490	30	4338	29	26	6	0	0	0	0	19088	26892	0	1	ok
F	1706	f1704	45	321	3606	491	30	4448	29	26	6	0	0	0	0	19088	26892	0	1	ok
F	1707	f1705	45	301	3346	501	20	4168	29	26	6	0	0	0	0	19088	26892	0	1	ok
F	1708	f1706	45	321	3236	501	30	4088	29	26	6	0	0	0	0	19088	26892	0	1	ok
F	1709	f1707	45	380	3677	491	30	4578	29	26	6	0	0	0	0	19088	26892	0	1	ok
F	1710	f1708	45	511	3616	501	20	4648	29	26	6	0	0	0	0	19088	26892	0	1	ok
F	1711	f1709	45	311	3426	491	30	4258	29	26	6	0	0	0	0	19088	26892	0	1	ok
F	1712	f1710	45	310	3266	491	30	4097	29	26	6	0	0	0	0	19088	26892	0	1	ok
F	1713	f1711	45	611	3867	501	30	5009	29	26	6	0	0	0	0	19088	26892	0	1	ok
F	1714	f1712	45	451	3947	491	30	4919	29	26	6	0	0	0	0	19088	26892	0	1	ok
F	1715	f1713	45	310	3807	501	30	4648	29	26	6	0	0	0	0	19088	26892	0	1	ok
F	1716	f1714	45	471	3697	501	20	4689	29	26	6	0	0	0	0	19088	26892	0	1	ok
F	1717	f1715	45	802	3797	491	30	5120	29	26	6	0	0	0	0	19088	26892	0	1	ok
F	1718	f1716	45	702	3356	501	30	4589	29	26	6	0	0	0	0	19088	26892	0	1	ok
F	1719	f1717	45	390	3467	491	30	4378	29	26	6	0	0	0	0	19088	26892	0	1	ok
F	1720	f1718	45	421	3457	491	30	4399	29	26	6	0	0	0	0	19088	26892	0	1	ok
F	1721	f1719	45	401	3697	491	30	4619	29	26	6	0	0	0	0	19088	26892	0	1	ok
F	1722	f1720	45	390	3046	501	20	3957	29	26	6	0	0	0	0	19088	26892	0	1	ok
F	1723	f1721	45	761	3727	491	30	5009	29	26	6	0	0	0	0	19088	26892	0	1	ok
F	1724	f1722	45	1102	3536	501	30	5169	29	26	6	0	0	0	0	19088	26892	0	1	ok
F	1725	f1723	45	791	3557	501	30	4879	29	26	6	0	0	0	0	19088	26892	0	1	ok
F	1726	f1724	45	881	3757	501	30	5169	29	26	6	0	0	0	0	19088	26892	0	1	ok
F	1727	f1725	45	711	3246	501	30	4488	29	26	6	0	0	0	0	19088	26892	0	1	ok
F	1728	f1726	45	641	3306	491	30	4468	29	26	6	0	0	0	0	19088	26892	0	1	ok
F	1729	f1727	45	541	3366	491	30	4428	29	26	6	0	0	0	0	19088	26892	0	1	ok
F	1730	f1728	45	551	3466	501	30	4548	29	26	6	0	0	0	0	19088	26892	0	1	ok
F	1731	f1729	45	591	3547	500	31	4669	29	26	6	0	0	0	0	19088	26892	0	1	ok
F	1732	f1730	45	391	3406	501	30	4328	29	26	6	0	0	0	0	19088	26892	0	1	ok
F	1733	f1731	45	481	3406	501	30	4418	29	26	6	0	0	0	0	19088	26892	0	1	ok
F	1734	f1732	45	581	3376	501	30	4488	29	26	6	0	0	0	0	19088	26892	0	1	ok
F	1735	f1733	45	470	3527	491	30	4518	29	26	6	0	0	0	0	19088	26892	0	1	ok
F	1736	f1734	45	380	3577	491	30	4478	29	26	6	0	0	0	0	19088	26892	0	1	ok
F	1737	f1735	45	781	3597	491	30	4899	29	26	6	0	0	0	0	19088	26892	0	1	ok
F	1738	f1736	45	511	3437	561	20	4529	29	26	6	0	0	0	0	19088	26892	0	1	ok
F	1739	f1737	45	361	3537	501	30	4429	29	26	6	0	0	0	0	19088	26892	0	1	ok
F	1740	f1738	45	531	3447	501	30	4509	29	26	6	0	0	0	0	19088	26892	0	1	ok
F	1741	f1739	45	712	3677	500	31	4920	29	26	6	0	0	0	0	19088	26892	0	1	ok
F	1742	f1740	45	421	3897	501	30	4849	29	26	6	0	0	0	0	19088	26892	0	1	ok
F	1743	f1741	45	391	3476	501	20	4388	29	26	6	0	0	0	0	19088	26892	0	1	ok
F	1744	f1742	45	480	3357	501	20	4358	29	26	6	0	0	0	0	19088	26892	0	1	ok
F	1745	f1743	45	401	3487	511	30	4429	29	26	6	0	0	0	0	19088	26892	0	1	ok
F	1746	f1744	45	321	3326	511	20	4178	29	26	6	0	0	0	0	19088	26892	0	1	ok
F	1747	f1745	45	310	3457	501	20	4288	29	26	6	0	0	0	0	19088	26892	0	1	ok
F	1748	f1746	45	481	3617	491	30	4619	29	26	6	0	0	0	0	19088	26892	0	1	ok
F	1749	f1747	45	401	3296	491	30	4218	29	26	6	0	0	0	0	19088	26892	0	1	ok
F	1750	f1748	45	501	3486	501	20	4508	29	26	6	0	0	0	0	19088	26892	0	1	ok
F	1751	f1749	45	411	3326	491	20	4248	29	26	6	0	0	0	0	19088	26892	0	1	ok
F	1752	f1750	45	321	3226	491	30	4068	29	26	6	0	0	0	0	19088	26892	0	1	ok
F	1753	f1751	45	451	4017	501	30	4999	29	26	6	0	0	0	0	19088	26892	0	1	ok
F	1754	f1752	45	320	3216	501	30	4067	29	26	6	0	0	0	0	19088	26892	0	1	ok
F	1755	f1753	45	491	3466	491	30	4478	29	26	6	0	0	0	0	19088	26892	0	1	ok
F	1756	f1754	45	371	3306	501	30	4208	29	26	6	0	0	0	0	19088	26892	0	1	ok
F	1757	f1755	45	531	3276	501	20	4328	29	26	6	0	0	0	0	19088	26892	0	1	ok
F	1758	f1756	45	491	3437	491	30	4449	29	26	6	0	0	0	0	19088	26892	0	1	ok
F	1759	f1757	45	401	3376	501	30	4308	29	26	6	0	0	0	0	19088	26892	0	1	ok
F	1760	f1758	45	371	3697	501	30	4599	29	26	6	0	0	0	0	19088	26892	0	1	ok
F	1761	f1759	45	631	3577	491	30	4729	29	26	6	0	0	0	0	19088	26892	0	1	ok
F	1762	f1760	45	310	3627	501	20	4458	29	26	6	0	0	0	0	19088	26892	0	1	ok
F	1763	f1761	45	310	3737	491	30	4568	29	26	6	0	0	0	0	19088	26892	0	1	ok
F	1764	f1762	45	310	3387	490	31	4218	29	26	6	0	0	0	0	19088	26892	0	1	ok
F	1765	f1763	45	511	3176	501	30	4218	29	26	6	0	0	0	0	19088	26892	0	1	ok
F	1766	f1764	45	581	3146	501	30	4258	29	26	6	0	0	0	0	19088	26892	0	1	ok
F	1767	f1765	45	311	3306	491	30	4138	29	26	6	0	0	0	0	19088	26892	0	1	ok
F	1768	f1766	45	411	3377	501	30	4319	29	26	6	0	0	0	0	19088	26892	0	1	ok
F	1769	f1767	45	371	3396	491	30	4288	29	26	6	0	0	0	0	19088	26892	0	1	ok
F	1770	f1768	45	381	3717	551	30	4679	29	26	6	0	0	0	0	19088	26892	0	1	ok
F	1771	f1769	45	321	3797	501	30	4649	29	26	6	0	0	0	0	19088	26892	0	1	ok
F	1772	f1770	45	420	3697	491	30	4638	29	26	6	0	0	0	0	19088	26892	0	1	ok
F	1773	f1771	45	380	3377	491	30	4278	29	26	6	0	0	0	0	19088	26892	0	1	ok
F	1774	f1772	45	381	3346	501	30	4258	29	26	6	0	0	0	0	19088	26892	0	1	ok
F	1775	f1773	45	441	3697	501	20	4659	29	26	6	0	0	0	0	19088	26892	0	1	ok
F	1776	f1774	45	371	3046	501	30	3948	29	26	6	0	0	0	0	19088	26892	0	1	ok
F	1777	f1775	45	511	3396	491	40	4438	29	26	6	0	0	0	0	19088	26892	0	1	ok
F	1778	f1776	45	391	3386	491	30	4298	29	26	6	0	0	0	0	19088	26892	0	1	ok
F	1779	f1777	45	481	3556	501	20	4558	29	26	6	0	0	0	0	19088	26892	0	1	ok
F	1780	f1778	45	310	3387	491	30	4218	29	26	6	0	0	0	0	19088	26892	0	1	ok
F	1781	f1779	45	381	3587	491	30	4489	29	26	6	0	0	0	0	19088	26892	0	1	ok
F	1782	f1780	45	571	3387	501	30	4489	29	26	6	0	0	0	0	19088	26892	0	1	ok
F	1783	f1781	45	321	3586	501	30	4438	29	26	6	0	0	0	0	19088	26892	0	1	ok
F	1784	f1782	45	311	3376	501	30	4218	29	26	6	0	0	0	0	19088	26892	0	1	ok
F	1785	f1783	45	531	3506	491	30	4558	29	26	6	0	0	0	0	19088	26892	0	1	ok
F	1786	f1784	45	320	3287	510	31	4148	29	26	6	0	0	0	0	19088	26892	0	1	ok
F	1787	f1785	45	371	3556	511	30	4468	29	26	6	0	0	0	0	19088	26892	0	1	ok
F	1788	f1786	45	321	3366	501	30	4218	29	26	6	0	0	0	0	19088	26892	0	1	ok
F	1789	f1787	45	431	3337	500	21	4289	29	26	6	0	0	0	0	19088	26892	0	1	ok
F	1790	f1788	45	391	3516	491	30	4428	29	26	6	0	0	0	0	19088	26892	0	1	ok
F	1791	f1789	45	451	3366	491	30	4338	29	26	6	0	0	0	0	19088	26892	0	1	ok
F	1792	f1790	45	491	3486	501	30	4508	29	26	6	0	0	0	0	19088	26892	0	1	ok
F	1793	f1791	45	380	3467	501	30	4378	29	26	6	0	0	0	0	19088	26892	0	1	ok
F	1794	f1792	45	311	3286	501	30	4128	29	26	6	0	0	0	0	19088	26892	0	1	ok
F	1795	f1793	45	380	3407	501	20	4308	29	26	6	0	0	0	0	19088	26892	0	1	ok
F	1796	f1794	45	400	3417	491	30	4338	29	26	6	0	0	0	0	19088	26892	0	1	ok
F	1797	f1795	45	391	3356	491	30	4268	29	26	6	0	0	0	0	19088	26892	0	1	ok
F	1798	f1796	45	320	3186	501	40	4047	29	26	6	0	0	0	0	19088	26892	0	1	ok
F	1799	f1797	45	71764	4709	661	20	77154	29	26	6	0	0	0	0	19088	26892	0	1	ok
F	1800	f1798	45	451	3226	491	30	4198	29	26	6	0	0	0	0	19088	26892	0	1	ok
F	1801	f1799	45	571	3406	491	30	4498	29	26	6	0	0	0	0	19088	26892	0	1	ok
F	1802	f1800	45	601	3326	491	30	4448	29	26	6	0	0	0	0	19088	26892	0	1	ok
F	1803	f1801	45	651	3487	500	21	4659	29	26	6	0	0	0	0	19088	26892	0	1	ok
F	1804	f1802	45	331	3556	501	30	4418	29	26	6	0	0	0	0	19088	26892	0	1	ok
F	1805	f1803	45	381	3396	501	30	4308	29	26	6	0	0	0	0	19088	26892	0	1	ok
F	1806	f1804	45	430	3567	501	20	4518	29	26	6	0	0	0	0	19088	26892	0	1	ok
F	1807	f1805	45	310	3266	491	30	4097	29	26	6	0	0	0	0	19088	26892	0	1	ok
F	1808	f1806	45	371	3446	491	30	4338	29	26	6	0	0	0	0	19088	26892	0	1	ok
F	1809	f1807	45	370	3627	491	30	4518	29	26	6	0	0	0	0	19088	26892	0	1	ok
F	1810	f1808	45	390	3667	491	30	4578	29	26	6	0	0	0	0	19088	26892	0	1	ok
F	1811	f1809	45	380	3337	491	30	4238	29	26	6	0	0	0	0	19088	26892	0	1	ok
F	1812	f1810	45	371	3326	561	20	4278	29	26	6	0	0	0	0	19088	26892	0	1	ok
F	1813	f1811	45	471	3306	501	30	4308	29	26	6	0	0	0	0	19088	26892	0	1	ok
F	1814	f1812	45	391	3667	501	30	4589	29	26	6	0	0	0	0	19088	26892	0	1	ok
F	1815	f1813	45	440	3357	501	20	4318	29	26	6	0	0	0	0	19088	26892	0	1	ok
F	1816	f1814	45	481	3206	491	30	4208	29	26	6	0	0	0	0	19088	26892	0	1	ok
F	1817	f1815	45	441	3316	491	30	4278	29	26	6	0	0	0	0	19088	26892	0	1	ok
F	1818	f1816	45	370	3326	551	31	4278	29	26	6	0	0	0	0	19088	26892	0	1	ok
F	1819	f1817	45	551	3697	501	20	4769	29	26	6	0	0	0	0	19088	26892	0	1	ok
F	1820	f1818	45	481	3516	541	30	4568	29	26	6	0	0	0	0	19088	26892	0	1	ok
F	1821	f1819	45	370	3567	501	30	4468	29	26	6	0	0	0	0	19088	26892	0	1	ok
F	1822	f1820	45	360	3236	491	30	4117	29	26	6	0	0	0	0	19088	26892	0	1	ok
F	1823	f1821	45	531	3366	491	30	4418	29	26	6	0	0	0	0	19088	26892	0	1	ok
F	1824	f1822	45	320	3347	491	30	4188	29	26	6	0	0	0	0	19088	26892	0	1	ok
F	1825	f1823	45	381	3436	491	30	4338	29	26	6	0	0	0	0	19088	26892	0	1	ok
F	1826	f1824	45	461	3286	501	30	4278	29	26	6	0	0	0	0	19088	26892	0	1	ok
F	1827	f1825	45	571	3206	501	30	4308	29	26	6	0	0	0	0	19088	26892	0	1	ok
F	1828	f1826	45	361	3216	491	30	4098	29	26	6	0	0	0	0	19088	26892	0	1	ok
F	1829	f1827	45	381	3386	501	30	4298	29	26	6	0	0	0	0	19088	26892	0	1	ok
F	1830	f1828	45	481	3406	501	20	4408	29	26	6	0	0	0	0	19088	26892	0	1	ok
F	1831	f1829	45	371	3456	491	30	4348	29	26	6	0	0	0	0	19088	26892	0	1	ok
F	1832	f1830	45	320	3457	491	30	4298	29	26	6	0	0	0	0	19088	26892	0	1	ok
F	1833	f1831	45	441	3376	511	30	4358	29	26	6	0	0	0	0	19088	26892	0	1	ok
F	1834	f1832	45	421	3556	501	20	4498	29	26	6	0	0	0	0	19088	26892	0	1	ok
F	1835	f1833	45	301	3476	501	20	4298	29	26	6	0	0	0	0	19088	26892	0	1	ok
F	1836	f1834	45	320	3387	491	30	4228	29	26	6	0	0	0	0	19088	26892	0	1	ok
F	1837	f1835	45	491	3306	491	30	4318	29	26	6	0	0	0	0	19088	26892	0	1	ok
F	1838	f1836	45	300	3617	491	30	4438	29	26	6	0	0	0	0	19088	26892	0	1	ok
F	1839	f1837	45	300	3276	501	20	4097	29	26	6	0	0	0	0	19088	26892	0	1	ok
F	1840	f1838	45	431	3366	491	30	4318	29	26	6	0	0	0	0	19088	26892	0	1	ok
F	1841	f1839	45	380	3327	500	31	4238	29	26	6	0	0	0	0	19088	26892	0	1	ok
F	1842	f1840	45	321	3667	500	31	4519	29	26	6	0	0	0	0	19088	26892	0	1	ok
F	1843	f1841	45	321	3456	491	30	4298	29	26	6	0	0	0	0	19088	26892	0	1	ok
F	1844	f1842	45	421	3286	491	20	4218	29	26	6	0	0	0	0	19088	26892	0	1	ok
F	1845	f1843	45	381	3456	501	30	4368	29	26	6	0	0	0	0	19088	26892	0	1	ok
F	1846	f1844	45	651	3547	491	30	4719	29	26	6	0	0	0	0	19088	26892	0	1	ok
F	1847	f1845	45	481	3306	501	20	4308	29	26	6	0	0	0	0	19088	26892	0	1	ok
F	1848	f1846	45	311	3496	501	30	4338	29	26	6	0	0	0	0	19088	26892	0	1	ok
F	1849	f1847	45	391	3196	501	30	4118	29	26	6	0	0	0	0	19088	26892	0	1	ok
F	1850	f1848	45	311	3196	491	30	4028	29	26	6	0	0	0	0	19088	26892	0	1	ok
F	1851	f1849	45	491	3547	491	30	4559	29	26	6	0	0	0	0	19088	26892	0	1	ok
F	1852	f1850	45	311	3807	501	20	4639	29	26	6	0	0	0	0	19088	26892	0	1	ok
F	1853	f1851	45	291	3687	501	30	4509	29	26	6	0	0	0	0	19088	26892	0	1	ok
F	1854	f1852	45	521	3577	501	30	4629	29	26	6	0	0	0	0	19088	26892	0	1	ok
F	1855	f1853	45	471	3226	491	30	4218	29	26	6	0	0	0	0	19088	26892	0	1	ok
F	1856	f1854	45	371	3506	491	30	4398	29	26	6	0	0	0	0	19088	26892	0	1	ok
F	1857	f1855	45	581	3396	491	30	4498	29	26	6	0	0	0	0	19088	26892	0	1	ok
F	1858	f1856	45	430	3146	511	30	4117	29	26	6	0	0	0	0	19088	26892	0	1	ok
F	1859	f1857	45	391	3606	511	30	4538	29	26	6	0	0	0	0	19088	26892	0	1	ok
F	1860	f1858	45	321	3737	501	30	4589	29	26	6	0	0	0	0	19088	26892	0	1	ok
F	1861	f1859	45	481	3246	501	30	4258	29	26	6	0	0	0	0	19088	26892	0	1	ok
F	1862	f1860	45	401	3737	500	31	4669	29	26	6	0	0	0	0	19088	26892	0	1	ok
F	1863	f1861	45	311	3396	501	30	4238	29	26	6	0	0	0	0	19088	26892	0	1	ok
F	1864	f1862	45	420	3297	490	31	4238	29	26	6	0	0	0	0	19088	26892	0	1	ok
F	1865	f1863	45	381	3757	491	30	4659	29	26	6	0	0	0	0	19088	26892	0	1	ok
F	1866	f1864	45	290	3306	501	30	4127	29	26	6	0	0	0	0	19088	26892	0	1	ok
F	1867	f1865	45	310	3236	501	30	4077	29	26	6	0	0	0	0	19088	26892	0	1	ok
F	1868	f1866	45	421	3737	501	30	4689	29	26	6	0	0	0	0	19088	26892	0	1	ok
F	1869	f1867	45	321	3567	501	30	4419	29	26	6	0	0	0	0	19088	26892	0	1	ok
F	1870	f1868	45	401	3807	491	30	4729	29	26	6	0	0	0	0	19088	26892	0	1	ok
F	1871	f1869	45	481	3145	501	30	4157	29	26	6	0	0	0	0	19088	26892	0	1	ok
F	1872	f1870	45	371	3406	501	30	4308	29	26	6	0	0	0	0	19088	26892	0	1	ok
F	1873	f1871	45	370	3587	491	30	4478	29	26	6	0	0	0	0	19088	26892	0	1	ok
F	1874	f1872	45	310	3577	491	30	4408	29	26	6	0	0	0	0	19088	26892	0	1	ok
F	1875	f1873	45	491	3397	501	30	4419	29	26	6	0	0	0	0	19088	26892	0	1	ok
F	1876	f1874	45	311	3256	501	30	4098	29	26	6	0	0	0	0	19088	26892	0	1	ok
F	1877	f1875	45	370	3326	491	30	4217	29	26	6	0	0	0	0	19088	26892	0	1	ok
F	1878	f1876	45	561	3266	491	30	4348	29	26	6	0	0	0	0	19088	26892	0	1	ok
F	1879	f1877	45	370	3116	491	60	4037	29	26	6	0	0	0	0	19088	26892	0	1	ok
F	1880	f1878	45	320	3537	491	30	4378	29	26	6	0	0	0	0	19088	26892	0	1	ok
F	1881	f1879	45	380	3788	490	31	4689	29	26	6	0	0	0	0	19088	26892	0	1	ok
F	1882	f1880	45	431	3627	501	30	4589	29	26	6	0	0	0	0	19088	26892	0	1	ok
F	1883	f1881	45	361	3647	501	30	4539	29	26	6	0	0	0	0	19088	26892	0	1	ok
F	1884	f1882	45	311	3516	501	30	4358	29	26	6	0	0	0	0	19088	26892	0	1	ok
F	1885	f1883	45	431	3456	491	30	4408	29	26	6	0	0	0	0	19088	26892	0	1	ok
F	1886	f1884	45	401	3416	501	30	4348	29	26	6	0	0	0	0	19088	26892	0	1	ok
F	1887	f1885	45	320	3387	500	31	4238	29	26	6	0	0	0	0	19088	26892	0	1	ok
F	1888	f1886	45	411	3667	491	30	4599	29	26	6	0	0	0	0	19088	26892	0	1	ok
F	1889	f1887	45	441	3427	500	31	4399	29	26	6	0	0	0	0	19088	26892	0	1	ok
F	1890	f1888	45	311	3156	490	31	3988	29	26	6	0	0	0	0	19088	26892	0	1	ok
F	1891	f1889	45	301	3536	501	30	4368	29	26	6	0	0	0	0	19088	26892	0	1	ok
F	1892	f1890	45	441	3426	501	30	4398	29	26	6	0	0	0	0	19088	26892	0	1	ok
F	1893	f1891	45	380	3357	491	30	4258	29	26	6	0	0	0	0	19088	26892	0	1	ok
F	1894	f1892	45	301	3356	501	20	4178	29	26	6	0	0	0	0	19088	26892	0	1	ok
F	1895	f1893	45	420	3216	501	30	4167	29	26	6	0	0	0	0	19088	26892	0	1	ok
F	1896	f1894	45	321	3616	551	30	4518	29	26	6	0	0	0	0	19088	26892	0	1	ok
F	1897	f1895	45	441	3316	501	30	4288	29	26	6	0	0	0	0	19088	26892	0	1	ok
F	1898	f1896	45	320	3657	501	30	4508	29	26	6	0	0	0	0	19088	26892	0	1	ok
F	1899	f1897	45	421	3857	491	30	4799	29	26	6	0	0	0	0	19088	26892	0	1	ok
F	1900	f1898	45	321	3987	491	30	4829	29	26	6	0	0	0	0	19088	26892	0	1	ok
F	1901	f1899	45	421	3627	490	31	4569	29	26	6	0	0	0	0	19088	26892	0	1	ok
F	1902	f1900	45	431	3607	631	30	4699	29	26	6	0	0	0	0	19088	26892	0	1	ok
F	1903	f1901	45	561	3748	500	30	4839	29	26	6	0	0	0	0	19088	26892	0	1	ok
F	1904	f1902	45	391	3296	501	20	4208	29	26	6	0	0	0	0	19088	26892	0	1	ok
F	1905	f1903	45	651	3516	501	20	4688	29	26	6	0	0	0	0	19088	26892	0	1	ok
F	1906	f1904	45	421	3566	491	30	4508	29	26	6	0	0	0	0	19088	26892	0	1	ok
F	1907	f1905	45	311	3917	491	30	4749	29	26	6	0	0	0	0	19088	26892	0	1	ok
F	1908	f1906	45	321	3487	490	30	4328	29	26	6	0	0	0	0	19088	26892	0	1	ok
F	1909	f1907	45	100338	4378	651	30	105397	29	26	6	0	0	0	0	19088	26892	0	1	ok
F	1910	f1908	45	511	3376	501	30	4418	29	26	6	0	0	0	0	19088	26892	0	1	ok
F	1911	f1909	45	381	3867	501	30	4779	29	26	6	0	0	0	0	19088	26892	0	1	ok
F	1912	f1910	45	401	3617	491	30	4539	29	26	6	0	0	0	0	19088	26892	0	1	ok
F	1913	f1911	45	611	3376	501	30	4518	29	26	6	0	0	0	0	19088	26892	0	1	ok
F	1914	f1912	45	731	3296	491	30	4548	29	26	6	0	0	0	0	19088	26892	0	1	ok
F	1915	f1913	45	471	3466	491	30	4458	29	26	6	0	0	0	0	19088	26892	0	1	ok
F	1916	f1914	45	501	3426	491	30	4448	29	26	6	0	0	0	0	19088	26892	0	1	ok
F	1917	f1915	45	451	3326	491	30	4298	29	26	6	0	0	0	0	19088	26892	0	1	ok
F	1918	f1916	45	441	3547	491	30	4509	29	26	6	0	0	0	0	19088	26892	0	1	ok
F	1919	f1917	45	642	3246	491	30	4409	29	26	6	0	0	0	0	19088	26892	0	1	ok
F	1920	f1918	45	391	3577	501	30	4499	29	26	6	0	0	0	0	19088	26892	0	1	ok
F	1921	f1919	45	431	3407	511	30	4379	29	26	6	0	0	0	0	19088	26892	0	1	ok
F	1922	f1920	45	321	3426	501	30	4278	29	26	6	0	0	0	0	19088	26892	0	1	ok
F	1923	f1921	45	501	3546	501	30	4578	29	26	6	0	0	0	0	19088	26892	0	1	ok
F	1924	f1922	45	310	3447	501	30	4288	29	26	6	0	0	0	0	19088	26892	0	1	ok
F	1925	f1923	45	461	3367	501	30	4359	29	26	6	0	0	0	0	19088	26892	0	1	ok
F	1926	f1924	45	561	3487	501	30	4579	29	26	6	0	0	0	0	19088	26892	0	1	ok
F	1927	f1925	45	301	3316	501	30	4148	29	26	6	0	0	0	0	19088	26892	0	1	ok
F	1928	f1926	45	320	3447	491	30	4288	29	26	6	0	0	0	0	19088	26892	0	1	ok
F	1929	f1927	45	441	3386	491	30	4348	29	26	6	0	0	0	0	19088	26892	0	1	ok
F	1930	f1928	45	411	3456	501	30	4398	29	26	6	0	0	0	0	19088	26892	0	1	ok
F	1931	f1929	45	491	3446	501	30	4468	29	26	6	0	0	0	0	19088	26892	0	1	ok
F	1932	f1930	45	310	3487	501	20	4318	29	26	6	0	0	0	0	19088	26892	0	1	ok
F	1933	f1931	45	501	3487	501	30	4519	29	26	6	0	0	0	0	19088	26892	0	1	ok
F	1934	f1932	45	400	3337	490	30	4257	29	26	6	0	0	0	0	19088	26892	0	1	ok
F	1935	f1933	45	311	3376	501	30	4218	29	26	6	0	0	0	0	19088	26892	0	1	ok
F	1936	f1934	45	310	3477	511	20	4318	29	26	6	0	0	0	0	19088	26892	0	1	ok
F	1937	f1935	45	481	3386	501	20	4388	29	26	6	0	0	0	0	19088	26892	0	1	ok
F	1938	f1936	45	311	3496	501	30	4338	29	26	6	0	0	0	0	19088	26892	0	1	ok
F	1939	f1937	45	310	3317	490	31	4148	29	26	6	0	0	0	0	19088	26892	0	1	ok
F	1940	f1938	45	421	3456	491	30	4398	29	26	6	0	0	0	0	19088	26892	0	1	ok
F	1941	f1939	45	461	3366	491	30	4348	29	26	6	0	0	0	0	19088	26892	0	1	ok
F	1942	f1940	45	380	3487	501	30	4398	29	26	6	0	0	0	0	19088	26892	0	1	ok
F	1943	f1941	45	491	3597	491	30	4609	29	26	6	0	0	0	0	19088	26892	0	1	ok
F	1944	f1942	45	310	3607	491	30	4438	29	26	6	0	0	0	0	19088	26892	0	1	ok
F	1945	f1943	45	450	3357	501	30	4338	29	26	6	0	0	0	0	19088	26892	0	1	ok
F	1946	f1944	45	291	3346	501	30	4168	29	26	6	0	0	0	0	19088	26892	0	1	ok
F	1947	f1945	45	430	3206	491	30	4157	29	26	6	0	0	0	0	19088	26892	0	1	ok
F	1948	f1946	45	321	3376	501	30	4228	29	26	6	0	0	0	0	19088	26892	0	1	ok
F	1949	f1947	45	370	3427	501	30	4328	29	26	6	0	0	0	0	19088	26892	0	1	ok
F	1950	f1948	45	521	3487	501	30	4539	29	26	6	0	0	0	0	19088	26892	0	1	ok
F	1951	f1949	45	311	3276	501	30	4118	29	26	6	0	0	0	0	19088	26892	0	1	ok
F	1952	f1950	45	310	3467	491	30	4298	29	26	6	0	0	0	0	19088	26892	0	1	ok
F	1953	f1951	45	441	3176	491	30	4138	29	26	6	0	0	0	0	19088	26892	0	1	ok
F	1954	f1952	45	420	3737	501	20	4678	29	26	6	0	0	0	0	19088	26892	0	1	ok
F	1955	f1953	45	321	3456	501	20	4298	29	26	6	0	0	0	0	19088	26892	0	1	ok
F	1956	f1954	45	300	3156	501	30	3987	29	26	6	0	0	0	0	19088	26892	0	1	ok
F	1957	f1955	45	491	3356	501	30	4378	29	26	6	0	0	0	0	19088	26892	0	1	ok
F	1958	f1956	45	451	3527	501	30	4509	29	26	6	0	0	0	0	19088	26892	0	1	ok
F	1959	f1957	45	321	3306	501	20	4148	29	26	6	0	0	0	0	19088	26892	0	1	ok
F	1960	f1958	45	310	3156	501	30	3997	29	26	6	0	0	0	0	19088	26892	0	1	ok
F	1961	f1959	45	561	8255	652	30	9498	29	26	6	0	0	0	0	19088	26892	0	1	ok
F	1962	f1960	45	591	5049	752	30	6422	29	26	6	0	0	0	0	19088	26892	0	1	ok
F	1963	f1961	45	431	4408	621	30	5490	29	26	6	0	0	0	0	19088	26892	0	1	ok
F	1964	f1962	45	712	4849	751	30	6342	29	26	6	0	0	0	0	19088	26892	0	1	ok
F	1965	f1963	45	581	4609	641	30	5861	29	26	6	0	0	0	0	19088	26892	0	1	ok
F	1966	f1964	45	511	3757	491	30	4789	29	26	6	0	0	0	0	19088	26892	0	1	ok
F	1967	f1965	45	691	3377	491	30	4589	29	26	6	0	0	0	0	19088	26892	0	1	ok
F	1968	f1966	45	541	3397	561	30	4529	29	26	6	0	0	0	0	19088	26892	0	1	ok
F	1969	f1967	45	491	3166	501	30	4188	29	26	6	0	0	0	0	19088	26892	0	1	ok
F	1970	f1968	45	471	3556	491	30	4548	29	26	6	0	0	0	0	19088	26892	0	1	ok
F	1971	f1969	45	571	3176	501	30	4278	29	26	6	0	0	0	0	19088	26892	0	1	ok
F	1972	f1970	45	381	3417	501	30	4329	29	26	6	0	0	0	0	19088	26892	0	1	ok
F	1973	f1971	45	371	3456	501	20	4348	29	26	6	0	0	0	0	19088	26892	0	1	ok
F	1974	f1972	45	611	4278	491	30	5410	29	26	6	0	0	0	0	19088	26892	0	1	ok
F	1975	f1973	45	461	3546	501	30	4538	29	26	6	0	0	0	0	19088	26892	0	1	ok
F	1976	f1974	45	310	3557	511	30	4408	29	26	6	0	0	0	0	19088	26892	0	1	ok
F	1977	f1975	45	791	3637	511	30	4969	29	26	6	0	0	0	0	19088	26892	0	1	ok
F	1978	f1976	45	582	3797	501	30	4910	29	26	6	0	0	0	0	19088	26892	0	1	ok
F	1979	f1977	45	461	3376	511	20	4368	29	26	6	0	0	0	0	19088	26892	0	1	ok
F	1980	f1978	45	371	3546	491	30	4438	29	26	6	0	0	0	0	19088	26892	0	1	ok
F	1981	f1979	45	761	3246	491	30	4528	29	26	6	0	0	0	0	19088	26892	0	1	ok
F	1982	f1980	45	371	3907	501	30	4809	29	26	6	0	0	0	0	19088	26892	0	1	ok
F	1983	f1981	45	391	3387	490	31	4299	29	26	6	0	0	0	0	19088	26892	0	1	ok
F	1984	f1982	45	391	3286	501	20	4198	29	26	6	0	0	0	0	19088	26892	0	1	ok
F	1985	f1983	45	481	3145	491	30	4147	29	26	6	0	0	0	0	19088	26892	0	1	ok
F	1986	f1984	45	421	3386	501	30	4338	29	26	6	0	0	0	0	19088	26892	0	1	ok
F	1987	f1985	45	370	3287	510	31	4198	29	26	6	0	0	0	0	19088	26892	0	1	ok
F	1988	f1986	45	491	3356	491	30	4368	29	26	6	0	0	0	0	19088	26892	0	1	ok
F	1989	f1987	45	320	3607	501	30	4458	29	26	6	0	0	0	0	19088	26892	0	1	ok
F	1990	f1988	45	471	3326	491	30	4318	29	26	6	0	0	0	0	19088	26892	0	1	ok
F	1991	f1989	45	491	3317	490	31	4329	29	26	6	0	0	0	0	19088	26892	0	1	ok
F	1992	f1990	45	311	3566	491	30	4398	29	26	6	0	0	0	0	19088	26892	0	1	ok
F	1993	f1991	45	321	3336	491	30	4178	29	26	6	0	0	0	0	19088	26892	0	1	ok
F	1994	f1992	45	381	3837	501	30	4749	29	26	6	0	0	0	0	19088	26892	0	1	ok
F	1995	f1993	45	491	3236	501	20	4248	29	26	6	0	0	0	0	19088	26892	0	1	ok
F	1996	f1994	45	311	3376	501	20	4208	29	26	6	0	0	0	0	19088	26892	0	1	ok
F	1997	f1995	45	370	3206	501	30	4107	29	26	6	0	0	0	0	19088	26892	0	1	ok
F	1998	f1996	45	411	3406	501	30	4348	29	26	6	0	0	0	0	19088	26892	0	1	ok
F	1999	f1997	45	310	3507	501	30	4348	29	26	6	0	0	0	0	19088	26892	0	1	ok
F	2000	f1998	45	331	3447	510	31	4319	29	26	6	0	0	0	0	19088	26892	0	1	ok
F	2001	f1999	45	391	3557	501	20	4469	29	26	6	0	0	0	0	19088	26892	0	1	ok
F	2002	f2000	45	501	3677	491	30	4699	29	26	6	0	0	0	0	19088	26892	0	1	ok
F	2003	f2001	45	380	3357	490	31	4258	29	26	6	0	0	0	0	19088	26892	0	1	ok
F	2004	f2002	45	291	3556	501	30	4378	29	26	6	0	0	0	0	19088	26892	0	1	ok
F	2005	f2003	45	421	3637	490	30	4578	29	26	6	0	0	0	0	19088	26892	0	1	ok
F	2006	f2004	45	401	3116	491	30	4038	29	26	6	0	0	0	0	19088	26892	0	1	ok
F	2007	f2005	45	321	3406	491	30	4248	29	26	6	0	0	0	0	19088	26892	0	1	ok
F	2008	f2006	45	310	3557	491	30	4388	29	26	6	0	0	0	0	19088	26892	0	1	ok
F	2009	f2007	45	420	3256	501	20	4197	29	26	6	0	0	0	0	19088	26892	0	1	ok
F	2010	f2008	45	391	3276	501	30	4198	29	26	6	0	0	0	0	19088	26892	0	1	ok
F	2011	f2009	45	381	3266	511	20	4178	29	26	6	0	0	0	0	19088	26892	0	1	ok
F	2012	f2010	45	431	3376	491	30	4328	29	26	6	0	0	0	0	19088	26892	0	1	ok
F	2013	f2011	45	311	3527	491	30	4359	29	26	6	0	0	0	0	19088	26892	0	1	ok
F	2014	f2012	45	311	3336	501	20	4168	29	26	6	0	0	0	0	19088	26892	0	1	ok
F	2015	f2013	45	370	3417	661	20	4468	29	26	6	0	0	0	0	19088	26892	0	1	ok
F	2016	f2014	45	380	3547	491	30	4448	29	26	6	0	0	0	0	19088	26892	0	1	ok
F	2017	f2015	45	310	3517	491	30	4348	29	26	6	0	0	0	0	19088	26892	0	1	ok
F	2018	f2016	45	381	3517	511	20	4429	29	26	6	0	0	0	0	19088	26892	0	1	ok
F	2019	f2017	45	70402	4138	651	20	75211	29	26	6	0	0	0	0	19088	26892	0	1	ok
F	2020	f2018	45	380	3297	501	30	4208	29	26	6	0	0	0	0	19088	26892	0	1	ok
F	2021	f2019	45	371	3526	501	30	4428	29	26	6	0	0	0	0	19088	26892	0	1	ok
F	2022	f2020	45	561	3567	501	30	4659	29	26	6	0	0	0	0	19088	26892	0	1	ok
F	2023	f2021	45	371	3587	501	20	4479	29	26	6	0	0	0	0	19088	26892	0	1	ok
F	2024	f2022	45	471	3647	501	30	4649	29	26	6	0	0	0	0	19088	26892	0	1	ok
F	2025	f2023	45	531	3347	501	20	4399	29	26	6	0	0	0	0	19088	26892	0	1	ok
F	2026	f2024	45	551	3537	491	30	4609	29	26	6	0	0	0	0	19088	26892	0	1	ok
F	2027	f2025	45	451	3286	501	30	4268	29	26	6	0	0	0	0	19088	26892	0	1	ok
F	2028	f2026	45	381	3596	511	30	4518	29	26	6	0	0	0	0	19088	26892	0	1	ok
F	2029	f2027	45	571	3376	501	20	4468	29	26	6	0	0	0	0	19088	26892	0	1	ok
F	2030	f2028	45	381	3416	511	30	4338	29	26	6	0	0	0	0	19088	26892	0	1	ok
F	2031	f2029	45	380	3096	501	20	3997	29	26	6	0	0	0	0	19088	26892	0	1	ok
F	2032	f2030	45	310	3597	491	30	4428	29	26	6	0	0	0	0	19088	26892	0	1	ok
F	2033	f2031	45	541	3186	501	30	4258	29	26	6	0	0	0	0	19088	26892	0	1	ok
F	2034	f2032	45	321	3336	491	30	4178	29	26	6	0	0	0	0	19088	26892	0	1	ok
F	2035	f2033	45	310	3407	500	31	4248	29	26	6	0	0	0	0	19088	26892	0	1	ok
F	2036	f2034	45	431	3607	511	30	4579	29	26	6	0	0	0	0	19088	26892	0	1	ok
F	2037	f2035	45	371	3346	511	20	4248	29	26	6	0	0	0	0	19088	26892	0	1	ok
F	2038	f2036	45	521	3707	501	20	4749	29	26	6	0	0	0	0	19088	26892	0	1	ok
F	2039	f2037	45	311	3466	501	30	4308	29	26	6	0	0	0	0	19088	26892	0	1	ok
F	2040	f2038	45	411	3807	501	30	4749	29	26	6	0	0	0	0	19088	26892	0	1	ok
F	2041	f2039	45	371	3447	491	30	4339	29	26	6	0	0	0	0	19088	26892	0	1	ok
F	2042	f2040	45	311	3216	491	30	4048	29	26	6	0	0	0	0	19088	26892	0	1	ok
F	2043	f2041	45	431	3406	501	30	4368	29	26	6	0	0	0	0	19088	26892	0	1	ok
F	2044	f2042	45	321	3526	491	30	4368	29	26	6	0	0	0	0	19088	26892	0	1	ok
F	2045	f2043	45	381	3326	491	30	4228	29	26	6	0	0	0	0	19088	26892	0	1	ok
F	2046	f2044	45	551	3767	501	30	4849	29	26	6	0	0	0	0	19088	26892	0	1	ok
F	2047	f2045	45	491	3406	491	30	4418	29	26	6	0	0	0	0	19088	26892	0	1	ok
F	2048	f2046	45	310	3557	491	30	4388	29	26	6	0	0	0	0	19088	26892	0	1	ok
F	2049	f2047	45	360	3407	491	30	4288	29	26	6	0	0	0	0	19088	26892	0	1	ok
F	2050	f2048	45	481	3777	491	30	4779	29	26	6	0	0	0	0	19088	26892	0	1	ok
F	2051	f2049	45	370	3457	501	30	4358	29	26	6	0	0	0	0	19088	26892	0	1	ok
F	2052	f2050	45	371	3166	501	20	4058	29	26	6	0	0	0	0	19088	26892	0	1	ok
F	2053	f2051	45	430	3357	501	20	4308	29	26	6	0	0	0	0	19088	26892	0	1	ok
F	2054	f2052	45	471	3376	501	30	4378	29	26	6	0	0	0	0	19088	26892	0	1	ok
F	2055	f2053	45	371	3206	501	30	4108	29	26	6	0	0	0	0	19088	26892	0	1	ok
F	2056	f2054	45	321	3647	491	20	4479	29	26	6	0	0	0	0	19088	26892	0	1	ok
F	2057	f2055	45	431	3447	501	30	4409	29	26	6	0	0	0	0	19088	26892	0	1	ok
F	2058	f2056	45	381	3797	551	20	4749	29	26	6	0	0	0	0	19088	26892	0	1	ok
F	2059	f2057	45	401	3366	501	30	4298	29	26	6	0	0	0	0	19088	26892	0	1	ok
F	2060	f2058	45	420	3357	501	30	4308	29	26	6	0	0	0	0	19088	26892	0	1	ok
F	2061	f2059	45	381	3446	501	20	4348	29	26	6	0	0	0	0	19088	26892	0	1	ok
F	2062	f2060	45	310	3377	491	30	4208	29	26	6	0	0	0	0	19088	26892	0	1	ok
F	2063	f2061	45	521	3517	501	30	4569	29	26	6	0	0	0	0	19088	26892	0	1	ok
F	2064	f2062	45	410	3557	581	30	4578	29	26	6	0	0	0	0	19088	26892	0	1	ok
F	2065	f2063	45	531	3687	501	30	4749	29	26	6	0	0	0	0	19088	26892	0	1	ok
F	2066	f2064	45	421	3957	601	31	5010	29	26	6	0	0	0	0	19088	26892	0	1	ok
F	2067	f2065	45	541	3737	491	30	4799	29	26	6	0	0	0	0	19088	26892	0	1	ok
F	2068	f2066	45	691	3466	612	30	4799	29	26	6	0	0	0	0	19088	26892	0	1	ok
F	2069	f2067	45	421	3657	491	20	4589	29	26	6	0	0	0	0	19088	26892	0	1	ok
F	2070	f2068	45	892	3837	501	30	5260	29	26	6	0	0	0	0	19088	26892	0	1	ok
F	2071	f2069	45	671	3607	511	30	4819	29	26	6	0	0	0	0	19088	26892	0	1	ok
F	2072	f2070	45	301	3266	491	30	4088	29	26	6	0	0	0	0	19088	26892	0	1	ok
F	2073	f2071	45	551	3517	490	31	4589	29	26	6	0	0	0	0	19088	26892	0	1	ok
F	2074	f2072	45	531	3947	511	30	5019	29	26	6	0	0	0	0	19088	26892	0	1	ok
F	2075	f2073	45	711	3657	501	20	4889	29	26	6	0	0	0	0	19088	26892	0	1	ok
F	2076	f2074	45	320	3767	501	30	4618	29	26	6	0	0	0	0	19088	26892	0	1	ok
F	2077	f2075	45	501	3697	511	30	4739	29	26	6	0	0	0	0	19088	26892	0	1	ok
F	2078	f2076	45	311	3376	491	30	4208	29	26	6	0	0	0	0	19088	26892	0	1	ok
F	2079	f2077	45	301	3526	501	30	4358	29	26	6	0	0	0	0	19088	26892	0	1	ok
F	2080	f2078	45	290	3587	491	30	4398	29	26	6	0	0	0	0	19088	26892	0	1	ok
F	2081	f2079	45	722	3246	491	30	4489	29	26	6	0	0	0	0	19088	26892	0	1	ok
F	2082	f2080	45	421	3607	491	30	4549	29	26	6	0	0	0	0	19088	26892	0	1	ok
F	2083	f2081	45	311	3527	501	30	4369	29	26	6	0	0	0	0	19088	26892	0	1	ok
F	2084	f2082	45	491	3276	501	30	4298	29	26	6	0	0	0	0	19088	26892	0	1	ok
F	2085	f2083	45	481	3416	501	40	4438	29	26	6	0	0	0	0	19088	26892	0	1	ok
F	2086	f2084	45	461	3516	491	30	4498	29	26	6	0	0	0	0	19088	26892	0	1	ok
F	2087	f2085	45	461	3837	501	30	4829	29	26	6	0	0	0	0	19088	26892	0	1	ok
F	2088	f2086	45	491	3577	491	30	4589	29	26	6	0	0	0	0	19088	26892	0	1	ok
F	2089	f2087	45	380	3567	501	30	4478	29	26	6	0	0	0	0	19088	26892	0	1	ok
F	2090	f2088	45	380	3437	551	30	4398	29	26	6	0	0	0	0	19088	26892	0	1	ok
F	2091	f2089	45	511	3377	501	20	4409	29	26	6	0	0	0	0	19088	26892	0	1	ok
F	2092	f2090	45	531	3397	500	20	4448	29	26	6	0	0	0	0	19088	26892	0	1	ok
F	2093	f2091	45	571	3286	491	30	4378	29	26	6	0	0	0	0	19088	26892	0	1	ok
F	2094	f2092	45	561	3276	491	30	4358	29	26	6	0	0	0	0	19088	26892	0	1	ok
F	2095	f2093	45	370	3216	491	30	4107	29	26	6	0	0	0	0	19088	26892	0	1	ok
F	2096	f2094	45	361	3636	491	30	4518	29	26	6	0	0	0	0	19088	26892	0	1	ok
F	2097	f2095	45	451	3426	501	30	4408	29	26	6	0	0	0	0	19088	26892	0	1	ok
F	2098	f2096	45	551	3526	501	20	4598	29	26	6	0	0	0	0	19088	26892	0	1	ok
F	2099	f2097	45	310	3226	501	20	4057	29	26	6	0	0	0	0	19088	26892	0	1	ok
F	2100	f2098	45	321	3366	491	30	4208	29	26	6	0	0	0	0	19088	26892	0	1	ok
F	2101	f2099	45	481	3516	501	20	4518	29	26	6	0	0	0	0	19088	26892	0	1	ok
F	2102	f2100	45	441	3867	491	30	4829	29	26	6	0	0	0	0	19088	26892	0	1	ok
F	2103	f2101	45	381	3236	491	30	4138	29	26	6	0	0	0	0	19088	26892	0	1	ok
F	2104	f2102	45	311	3496	491	30	4328	29	26	6	0	0	0	0	19088	26892	0	1	ok
F	2105	f2103	45	591	3507	501	20	4619	29	26	6	0	0	0	0	19088	26892	0	1	ok
F	2106	f2104	45	381	3577	491	30	4479	29	26	6	0	0	0	0	19088	26892	0	1	ok
F	2107	f2105	45	371	3336	501	30	4238	29	26	6	0	0	0	0	19088	26892	0	1	ok
F	2108	f2106	45	430	3216	491	30	4167	29	26	6	0	0	0	0	19088	26892	0	1	ok
F	2109	f2107	45	331	3246	501	30	4108	29	26	6	0	0	0	0	19088	26892	0	1	ok
F	2110	f2108	45	301	3526	501	30	4358	29	26	6	0	0	0	0	19088	26892	0	1	ok
F	2111	f2109	45	381	3286	501	30	4198	29	26	6	0	0	0	0	19088	26892	0	1	ok
F	2112	f2110	45	431	3186	501	30	4148	29	26	6	0	0	0	0	19088	26892	0	1	ok
F	2113	f2111	45	360	3287	501	30	4178	29	26	6	0	0	0	0	19088	26892	0	1	ok
F	2114	f2112	45	401	3747	481	30	4659	29	26	6	0	0	0	0	19088	26892	0	1	ok
F	2115	f2113	45	541	3637	491	30	4699	29	26	6	0	0	0	0	19088	26892	0	1	ok
F	2116	f2114	45	320	3317	501	30	4168	29	26	6	0	0	0	0	19088	26892	0	1	ok
F	2117	f2115	45	381	3406	511	20	4318	29	26	6	0	0	0	0	19088	26892	0	1	ok
F	2118	f2116	45	391	3376	661	30	4458	29	26	6	0	0	0	0	19088	26892	0	1	ok
F	2119	f2117	45	380	3307	501	30	4218	29	26	6	0	0	0	0	19088	26892	0	1	ok
F	2120	f2118	45	311	3536	491	30	4368	29	26	6	0	0	0	0	19088	26892	0	1	ok
F	2121	f2119	45	371	3176	501	30	4078	29	26	6	0	0	0	0	19088	26892	0	1	ok
F	2122	f2120	45	491	3377	501	30	4399	29	26	6	0	0	0	0	19088	26892	0	1	ok
F	2123	f2121	45	451	3446	491	30	4418	29	26	6	0	0	0	0	19088	26892	0	1	ok
F	2124	f2122	45	381	3536	501	30	4448	29	26	6	0	0	0	0	19088	26892	0	1	ok
F	2125	f2123	45	491	3386	501	20	4398	29	26	6	0	0	0	0	19088	26892	0	1	ok
F	2126	f2124	45	310	3286	501	30	4127	29	26	6	0	0	0	0	19088	26892	0	1	ok
F	2127	f2125	45	351	3486	491	30	4358	29	26	6	0	0	0	0	19088	26892	0	1	ok
F	2128	f2126	45	300	3156	491	30	3977	29	26	6	0	0	0	0	19088	26892	0	1	ok
F	2129	f2127	45	75461	4448	662	30	80601	29	26	6	0	0	0	0	19088	26892	0	1	ok
F	2130	f2128	45	390	3537	491	30	4448	29	26	6	0	0	0	0	19088	26892	0	1	ok
F	2131	f2129	45	390	3337	501	30	4258	29	26	6	0	0	0	0	19088	26892	0	1	ok
F	2132	f2130	45	631	3327	490	31	4479	29	26	6	0	0	0	0	19088	26892	0	1	ok
F	2133	f2131	45	391	3306	491	30	4218	29	26	6	0	0	0	0	19088	26892	0	1	ok
F	2134	f2132	45	450	3367	491	30	4338	29	26	6	0	0	0	0	19088	26892	0	1	ok
F	2135	f2133	45	381	3567	501	30	4479	29	26	6	0	0	0	0	19088	26892	0	1	ok
F	2136	f2134	45	491	3607	521	30	4649	29	26	6	0	0	0	0	19088	26892	0	1	ok
F	2137	f2135	45	521	3246	501	20	4288	29	26	6	0	0	0	0	19088	26892	0	1	ok
F	2138	f2136	45	390	3757	501	20	4668	29	26	6	0	0	0	0	19088	26892	0	1	ok
F	2139	f2137	45	491	3366	491	30	4378	29	26	6	0	0	0	0	19088	26892	0	1	ok
F	2140	f2138	45	380	3377	491	30	4278	29	26	6	0	0	0	0	19088	26892	0	1	ok
F	2141	f2139	45	531	3697	491	30	4749	29	26	6	0	0	0	0	19088	26892	0	1	ok
F	2142	f2140	45	541	3356	571	30	4498	29	26	6	0	0	0	0	19088	26892	0	1	ok
F	2143	f2141	45	531	3536	501	20	4588	29	26	6	0	0	0	0	19088	26892	0	1	ok
F	2144	f2142	45	441	3356	551	30	4378	29	26	6	0	0	0	0	19088	26892	0	1	ok
F	2145	f2143	45	541	3326	501	20	4388	29	26	6	0	0	0	0	19088	26892	0	1	ok
F	2146	f2144	45	431	3457	501	30	4419	29	26	6	0	0	0	0	19088	26892	0	1	ok
F	2147	f2145	45	311	3466	501	30	4308	29	26	6	0	0	0	0	19088	26892	0	1	ok
F	2148	f2146	45	311	3206	501	30	4048	29	26	6	0	0	0	0	19088	26892	0	1	ok
F	2149	f2147	45	491	3557	491	30	4569	29	26	6	0	0	0	0	19088	26892	0	1	ok
F	2150	f2148	45	391	3196	501	30	4118	29	26	6	0	0	0	0	19088	26892	0	1	ok
F	2151	f2149	45	380	3607	491	30	4508	29	26	6	0	0	0	0	19088	26892	0	1	ok
F	2152	f2150	45	310	3817	501	30	4658	29	26	6	0	0	0	0	19088	26892	0	1	ok
F	2153	f2151	45	501	3557	501	30	4589	29	26	6	0	0	0	0	19088	26892	0	1	ok
F	2154	f2152	45	321	3567	510	31	4429	29	26	6	0	0	0	0	19088	26892	0	1	ok
F	2155	f2153	45	381	3416	491	30	4318	29	26	6	0	0	0	0	19088	26892	0	1	ok
F	2156	f2154	45	411	3286	491	30	4218	29	26	6	0	0	0	0	19088	26892	0	1	ok
F	2157	f2155	45	311	3416	511	30	4268	29	26	6	0	0	0	0	19088	26892	0	1	ok
F	2158	f2156	45	321	3406	501	30	4258	29	26	6	0	0	0	0	19088	26892	0	1	ok
F	2159	f2157	45	370	3196	501	20	4087	29	26	6	0	0	0	0	19088	26892	0	1	ok
F	2160	f2158	45	431	3627	491	30	4579	29	26	6	0	0	0	0	19088	26892	0	1	ok
F	2161	f2159	45	391	3206	501	30	4128	29	26	6	0	0	0	0	19088	26892	0	1	ok
F	2162	f2160	45	391	3697	490	31	4609	29	26	6	0	0	0	0	19088	26892	0	1	ok
F	2163	f2161	45	491	3436	491	30	4448	29	26	6	0	0	0	0	19088	26892	0	1	ok
F	2164	f2162	45	311	3486	491	30	4318	29	26	6	0	0	0	0	19088	26892	0	1	ok
F	2165	f2163	45	380	3317	491	30	4218	29	26	6	0	0	0	0	19088	26892	0	1	ok
F	2166	f2164	45	451	3436	491	30	4408	29	26	6	0	0	0	0	19088	26892	0	1	ok
F	2167	f2165	45	611	3667	501	30	4809	29	26	6	0	0	0	0	19088	26892	0	1	ok
F	2168	f2166	45	430	3868	490	31	4819	29	26	6	0	0	0	0	19088	26892	0	1	ok
F	2169	f2167	45	531	3687	491	30	4739	29	26	6	0	0	0	0	19088	26892	0	1	ok
F	2170	f2168	45	571	3186	501	30	4288	29	26	6	0	0	0	0	19088	26892	0	1	ok
F	2171	f2169	45	381	3517	501	30	4429	29	26	6	0	0	0	0	19088	26892	0	1	ok
F	2172	f2170	45	311	3406	491	30	4238	29	26	6	0	0	0	0	19088	26892	0	1	ok
F	2173	f2171	45	491	3496	501	30	4518	29	26	6	0	0	0	0	19088	26892	0	1	ok
F	2174	f2172	45	320	3517	491	30	4358	29	26	6	0	0	0	0	19088	26892	0	1	ok
F	2175	f2173	45	380	3316	511	30	4237	29	26	6	0	0	0	0	19088	26892	0	1	ok
F	2176	f2174	45	411	3166	501	30	4108	29	26	6	0	0	0	0	19088	26892	0	1	ok
F	2177	f2175	45	431	3346	491	30	4298	29	26	6	0	0	0	0	19088	26892	0	1	ok
F	2178	f2176	45	321	3416	551	30	4318	29	26	6	0	0	0	0	19088	26892	0	1	ok
F	2179	f2177	45	420	3256	491	30	4197	29	26	6	0	0	0	0	19088	26892	0	1	ok
F	2180	f2178	45	481	3206	501	20	4208	29	26	6	0	0	0	0	19088	26892	0	1	ok
F	2181	f2179	45	371	3356	501	30	4258	29	26	6	0	0	0	0	19088	26892	0	1	ok
F	2182	f2180	45	391	3316	491	30	4228	29	26	6	0	0	0	0	19088	26892	0	1	ok
F	2183	f2181	45	321	3376	501	30	4228	29	26	6	0	0	0	0	19088	26892	0	1	ok
F	2184	f2182	45	441	3436	491	30	4398	29	26	6	0	0	0	0	19088	26892	0	1	ok
F	2185	f2183	45	441	3637	511	30	4619	29	26	6	0	0	0	0	19088	26892	0	1	ok
F	2186	f2184	45	381	3557	500	30	4468	29	26	6	0	0	0	0	19088	26892	0	1	ok
F	2187	f2185	45	421	3436	491	30	4378	29	26	6	0	0	0	0	19088	26892	0	1	ok
F	2188	f2186	45	310	3226	501	30	4067	29	26	6	0	0	0	0	19088	26892	0	1	ok
F	2189	f2187	45	391	3456	501	30	4378	29	26	6	0	0	0	0	19088	26892	0	1	ok
F	2190	f2188	45	310	3497	501	30	4338	29	26	6	0	0	0	0	19088	26892	0	1	ok
F	2191	f2189	45	421	3467	501	30	4419	29	26	6	0	0	0	0	19088	26892	0	1	ok
F	2192	f2190	45	321	3316	501	30	4168	29	26	6	0	0	0	0	19088	26892	0	1	ok
F	2193	f2191	45	400	3367	491	30	4288	29	26	6	0	0	0	0	19088	26892	0	1	ok
F	2194	f2192	45	411	3627	501	30	4569	29	26	6	0	0	0	0	19088	26892	0	1	ok
F	2195	f2193	45	311	3667	501	30	4509	29	26	6	0	0	0	0	19088	26892	0	1	ok
F	2196	f2194	45	331	3366	501	20	4218	29	26	6	0	0	0	0	19088	26892	0	1	ok
F	2197	f2195	45	501	3517	490	30	4538	29	26	6	0	0	0	0	19088	26892	0	1	ok
F	2198	f2196	45	601	3377	500	30	4508	29	26	6	0	0	0	0	19088	26892	0	1	ok
F	2199	f2197	45	381	3466	491	30	4368	29	26	6	0	0	0	0	19088	26892	0	1	ok
F	2200	f2198	45	381	3406	551	30	4368	29	26	6	0	0	0	0	19088	26892	0	1	ok
F	2201	f2199	45	551	3206	501	30	4288	29	26	6	0	0	0	0	19088	26892	0	1	ok
F	2202	f2200	45	361	3507	491	30	4389	29	26	6	0	0	0	0	19088	26892	0	1	ok
F	2203	f2201	45	311	3316	501	30	4158	29	26	6	0	0	0	0	19088	26892	0	1	ok
F	2204	f2202	45	430	3377	491	30	4328	29	26	6	0	0	0	0	19088	26892	0	1	ok
F	2205	f2203	45	451	3306	501	30	4288	29	26	6	0	0	0	0	19088	26892	0	1	ok
F	2206	f2204	45	371	3416	491	30	4308	29	26	6	0	0	0	0	19088	26892	0	1	ok
F	2207	f2205	45	310	3517	501	30	4358	29	26	6	0	0	0	0	19088	26892	0	1	ok
F	2208	f2206	45	481	3477	491	30	4479	29	26	6	0	0	0	0	19088	26892	0	1	ok
F	2209	f2207	45	371	3226	491	30	4118	29	26	6	0	0	0	0	19088	26892	0	1	ok
F	2210	f2208	45	321	3196	501	20	4038	29	26	6	0	0	0	0	19088	26892	0	1	ok
F	2211	f2209	45	430	3427	501	30	4388	29	26	6	0	0	0	0	19088	26892	0	1	ok
F	2212	f2210	45	311	3256	501	30	4098	29	26	6	0	0	0	0	19088	26892	0	1	ok
F	2213	f2211	45	380	3337	490	31	4238	29	26	6	0	0	0	0	19088	26892	0	1	ok
F	2214	f2212	45	481	3497	500	31	4509	29	26	6	0	0	0	0	19088	26892	0	1	ok
F	2215	f2213	45	511	3537	511	30	4589	29	26	6	0	0	0	0	19088	26892	0	1	ok
F	2216	f2214	45	321	3276	491	30	4118	29	26	6	0	0	0	0	19088	26892	0	1	ok
F	2217	f2215	45	430	3447	501	30	4408	29	26	6	0	0	0	0	19088	26892	0	1	ok
F	2218	f2216	45	451	3457	511	20	4439	29	26	6	0	0	0	0	19088	26892	0	1	ok
F	2219	f2217	45	371	3286	491	30	4178	29	26	6	0	0	0	0	19088	26892	0	1	ok
F	2220	f2218	45	300	3246	501	20	4067	29	26	6	0	0	0	0	19088	26892	0	1	ok
F	2221	f2219	45	371	3146	641	30	4188	29	26	6	0	0	0	0	19088	26892	0	1	ok
F	2222	f2220	45	311	3356	511	30	4208	29	26	6	0	0	0	0	19088	26892	0	1	ok
F	2223	f2221	45	401	3516	491	30	4438	29	26	6	0	0	0	0	19088	26892	0	1	ok
F	2224	f2222	45	320	3286	501	30	4137	29	26	6	0	0	0	0	19088	26892	0	1	ok
F	2225	f2223	45	571	3406	491	30	4498	29	26	6	0	0	0	0	19088	26892	0	1	ok
F	2226	f2224	45	501	4078	500	31	5110	29	26	6	0	0	0	0	19088	26892	0	1	ok
F	2227	f2225	45	311	3326	501	30	4168	29	26	6	0	0	0	0	19088	26892	0	1	ok
F	2228	f2226	45	441	3296	491	30	4258	29	26	6	0	0	0	0	19088	26892	0	1	ok
F	2229	f2227	45	391	3296	491	30	4208	29	26	6	0	0	0	0	19088	26892	0	1	ok
F	2230	f2228	45	471	3557	511	20	4559	29	26	6	0	0	0	0	19088	26892	0	1	ok
F	2231	f2229	45	310	3256	501	30	4097	29	26	6	0	0	0	0	19088	26892	0	1	ok
F	2232	f2230	45	421	3666	491	30	4608	29	26	6	0	0	0	0	19088	26892	0	1	ok
F	2233	f2231	45	321	3406	501	30	4258	29	26	6	0	0	0	0	19088	26892	0	1	ok
F	2234	f2232	45	340	3577	501	30	4448	29	26	6	0	0	0	0	19088	26892	0	1	ok
F	2235	f2233	45	521	3346	501	30	4398	29	26	6	0	0	0	0	19088	26892	0	1	ok
F	2236	f2234	45	311	3156	501	30	3998	29	26	6	0	0	0	0	19088	26892	0	1	ok
F	2237	f2235	45	381	3236	491	30	4138	29	26	6	0	0	0	0	19088	26892	0	1	ok
F	2238	f2236	45	380	3427	491	30	4328	29	26	6	0	0	0	0	19088	26892	0	1	ok
F	2239	f2237	45	73819	4177	652	30	78678	29	26	6	0	0	0	0	19088	26892	0	1	ok
F	2240	f2238	45	531	3347	501	30	4409	29	26	6	0	0	0	0	19088	26892	0	1	ok
F	2241	f2239	45	391	3086	491	30	3998	29	26	6	0	0	0	0	19088	26892	0	1	ok
F	2242	f2240	45	622	3666	491	30	4809	29	26	6	0	0	0	0	19088	26892	0	1	ok
F	2243	f2241	45	311	3376	501	30	4218	29	26	6	0	0	0	0	19088	26892	0	1	ok
F	2244	f2242	45	470	3327	501	20	4318	29	26	6	0	0	0	0	19088	26892	0	1	ok
F	2245	f2243	45	381	3506	501	20	4408	29	26	6	0	0	0	0	19088	26892	0	1	ok
F	2246	f2244	45	551	3316	501	30	4398	29	26	6	0	0	0	0	19088	26892	0	1	ok
F	2247	f2245	45	461	3166	491	30	4148	29	26	6	0	0	0	0	19088	26892	0	1	ok
F	2248	f2246	45	401	3306	491	30	4228	29	26	6	0	0	0	0	19088	26892	0	1	ok
F	2249	f2247	45	501	3326	501	20	4348	29	26	6	0	0	0	0	19088	26892	0	1	ok
F	2250	f2248	45	311	3707	491	30	4539	29	26	6	0	0	0	0	19088	26892	0	1	ok
F	2251	f2249	45	371	3316	501	30	4218	29	26	6	0	0	0	0	19088	26892	0	1	ok
F	2252	f2250	45	481	3336	491	30	4338	29	26	6	0	0	0	0	19088	26892	0	1	ok
F	2253	f2251	45	752	3777	501	30	5060	29	26	6	0	0	0	0	19088	26892	0	1	ok
F	2254	f2252	45	672	3616	491	30	4809	29	26	6	0	0	0	0	19088	26892	0	1	ok
F	2255	f2253	45	501	3997	501	30	5029	29	26	6	0	0	0	0	19088	26892	0	1	ok
F	2256	f2254	45	811	3237	500	31	4579	29	26	6	0	0	0	0	19088	26892	0	1	ok
F	2257	f2255	45	531	3367	491	30	4419	29	26	6	0	0	0	0	19088	26892	0	1	ok
F	2258	f2256	45	351	3386	491	30	4258	29	26	6	0	0	0	0	19088	26892	0	1	ok
F	2259	f2257	45	812	3767	491	30	5100	29	26	6	0	0	0	0	19088	26892	0	1	ok
F	2260	f2258	45	401	3777	491	30	4699	29	26	6	0	0	0	0	19088	26892	0	1	ok
F	2261	f2259	45	541	3666	501	30	4738	29	26	6	0	0	0	0	19088	26892	0	1	ok
F	2262	f2260	45	591	3587	491	30	4699	29	26	6	0	0	0	0	19088	26892	0	1	ok
F	2263	f2261	45	652	3787	501	30	4970	29	26	6	0	0	0	0	19088	26892	0	1	ok
F	2264	f2262	45	782	4057	491	30	5360	29	26	6	0	0	0	0	19088	26892	0	1	ok
F	2265	f2263	45	841	3226	491	30	4588	29	26	6	0	0	0	0	19088	26892	0	1	ok
F	2266	f2264	45	922	4408	501	30	5861	29	26	6	0	0	0	0	19088	26892	0	1	ok
F	2267	f2265	45	591	3957	491	30	5069	29	26	6	0	0	0	0	19088	26892	0	1	ok
F	2268	f2266	45	390	3477	501	20	4388	29	26	6	0	0	0	0	19088	26892	0	1	ok
F	2269	f2267	45	471	3246	501	30	4248	29	26	6	0	0	0	0	19088	26892	0	1	ok
F	2270	f2268	45	631	3477	501	20	4629	29	26	6	0	0	0	0	19088	26892	0	1	ok
F	2271	f2269	45	521	3296	491	30	4338	29	26	6	0	0	0	0	19088	26892	0	1	ok
F	2272	f2270	45	471	3697	571	30	4769	29	26	6	0	0	0	0	19088	26892	0	1	ok
F	2273	f2271	45	661	3627	491	30	4809	29	26	6	0	0	0	0	19088	26892	0	1	ok
F	2274	f2272	45	561	3687	501	30	4779	29	26	6	0	0	0	0	19088	26892	0	1	ok
F	2275	f2273	45	581	3476	501	20	4578	29	26	6	0	0	0	0	19088	26892	0	1	ok
F	2276	f2274	45	521	3256	501	30	4308	29	26	6	0	0	0	0	19088	26892	0	1	ok
F	2277	f2275	45	501	3777	491	30	4799	29	26	6	0	0	0	0	19088	26892	0	1	ok
F	2278	f2276	45	722	3336	511	30	4599	29	26	6	0	0	0	0	19088	26892	0	1	ok
F	2279	f2277	45	581	3847	501	30	4959	29	26	6	0	0	0	0	19088	26892	0	1	ok
F	2280	f2278	45	571	3547	511	30	4659	29	26	6	0	0	0	0	19088	26892	0	1	ok
F	2281	f2279	45	531	3366	501	20	4418	29	26	6	0	0	0	0	19088	26892	0	1	ok
F	2282	f2280	45	461	3646	491	30	4628	29	26	6	0	0	0	0	19088	26892	0	1	ok
F	2283	f2281	45	501	3426	501	30	4458	29	26	6	0	0	0	0	19088	26892	0	1	ok
F	2284	f2282	45	310	3307	491	30	4138	29	26	6	0	0	0	0	19088	26892	0	1	ok
F	2285	f2283	45	381	3396	491	30	4298	29	26	6	0	0	0	0	19088	26892	0	1	ok
F	2286	f2284	45	300	3597	501	30	4428	29	26	6	0	0	0	0	19088	26892	0	1	ok
F	2287	f2285	45	431	3266	501	20	4218	29	26	6	0	0	0	0	19088	26892	0	1	ok
F	2288	f2286	45	371	3587	501	30	4489	29	26	6	0	0	0	0	19088	26892	0	1	ok
F	2289	f2287	45	461	3366	491	40	4358	29	26	6	0	0	0	0	19088	26892	0	1	ok
F	2290	f2288	45	431	3557	500	31	4519	29	26	6	0	0	0	0	19088	26892	0	1	ok
F	2291	f2289	45	311	3396	491	30	4228	29	26	6	0	0	0	0	19088	26892	0	1	ok
F	2292	f2290	45	310	3467	501	20	4298	29	26	6	0	0	0	0	19088	26892	0	1	ok
F	2293	f2291	45	371	3466	491	30	4358	29	26	6	0	0	0	0	19088	26892	0	1	ok
F	2294	f2292	45	491	3607	491	30	4619	29	26	6	0	0	0	0	19088	26892	0	1	ok
F	2295	f2293	45	311	3436	491	30	4268	29	26	6	0	0	0	0	19088	26892	0	1	ok
F	2296	f2294	45	300	3557	521	20	4398	29	26	6	0	0	0	0	19088	26892	0	1	ok
F	2297	f2295	45	541	3326	491	30	4388	29	26	6	0	0	0	0	19088	26892	0	1	ok
F	2298	f2296	45	401	3587	491	30	4509	29	26	6	0	0	0	0	19088	26892	0	1	ok
F	2299	f2297	45	301	3597	501	30	4429	29	26	6	0	0	0	0	19088	26892	0	1	ok
F	2300	f2298	45	431	3467	501	30	4429	29	26	6	0	0	0	0	19088	26892	0	1	ok
F	2301	f2299	45	451	3446	501	30	4428	29	26	6	0	0	0	0	19088	26892	0	1	ok
F	2302	f2300	45	311	3636	521	30	4498	29	26	6	0	0	0	0	19088	26892	0	1	ok
F	2303	f2301	45	311	3416	491	30	4248	29	26	6	0	0	0	0	19088	26892	0	1	ok
F	2304	f2302	45	420	3437	491	20	4368	29	26	6	0	0	0	0	19088	26892	0	1	ok
F	2305	f2303	45	381	3416	491	30	4318	29	26	6	0	0	0	0	19088	26892	0	1	ok
F	2306	f2304	45	411	3727	501	20	4659	29	26	6	0	0	0	0	19088	26892	0	1	ok
F	2307	f2305	45	441	3246	501	30	4218	29	26	6	0	0	0	0	19088	26892	0	1	ok
F	2308	f2306	45	300	3677	501	30	4508	29	26	6	0	0	0	0	19088	26892	0	1	ok
F	2309	f2307	45	551	3116	501	30	4198	29	26	6	0	0	0	0	19088	26892	0	1	ok
F	2310	f2308	45	391	3677	491	30	4589	29	26	6	0	0	0	0	19088	26892	0	1	ok
F	2311	f2309	45	551	3447	501	20	4519	29	26	6	0	0	0	0	19088	26892	0	1	ok
F	2312	f2310	45	381	4018	501	30	4930	29	26	6	0	0	0	0	19088	26892	0	1	ok
F	2313	f2311	45	702	3356	501	30	4589	29	26	6	0	0	0	0	19088	26892	0	1	ok
F	2314	f2312	45	491	3627	491	30	4639	29	26	6	0	0	0	0	19088	26892	0	1	ok
F	2315	f2313	45	370	3307	491	30	4198	29	26	6	0	0	0	0	19088	26892	0	1	ok
F	2316	f2314	45	311	3707	501	30	4549	29	26	6	0	0	0	0	19088	26892	0	1	ok
F	2317	f2315	45	371	3316	501	30	4218	29	26	6	0	0	0	0	19088	26892	0	1	ok
F	2318	f2316	45	441	3356	501	30	4328	29	26	6	0	0	0	0	19088	26892	0	1	ok
F	2319	f2317	45	321	3497	500	21	4339	29	26	6	0	0	0	0	19088	26892	0	1	ok
F	2320	f2318	45	391	3246	501	30	4168	29	26	6	0	0	0	0	19088	26892	0	1	ok
F	2321	f2319	45	501	3547	501	30	4579	29	26	6	0	0	0	0	19088	26892	0	1	ok
F	2322	f2320	45	380	3677	491	30	4578	29	26	6	0	0	0	0	19088	26892	0	1	ok
F	2323	f2321	45	370	3226	491	30	4117	29	26	6	0	0	0	0	19088	26892	0	1	ok
F	2324	f2322	45	311	3145	602	30	4088	29	26	6	0	0	0	0	19088	26892	0	1	ok
F	2325	f2323	45	311	3306	501	30	4148	29	26	6	0	0	0	0	19088	26892	0	1	ok
F	2326	f2324	45	310	3557	501	30	4398	29	26	6	0	0	0	0	19088	26892	0	1	ok
F	2327	f2325	45	381	3326	501	30	4238	29	26	6	0	0	0	0	19088	26892	0	1	ok
F	2328	f2326	45	431	3526	501	20	4478	29	26	6	0	0	0	0	19088	26892	0	1	ok
F	2329	f2327	45	371	3166	501	30	4068	29	26	6	0	0	0	0	19088	26892	0	1	ok
F	2330	f2328	45	401	3296	501	30	4228	29	26	6	0	0	0	0	19088	26892	0	1	ok
F	2331	f2329	45	501	3226	491	30	4248	29	26	6	0	0	0	0	19088	26892	0	1	ok
F	2332	f2330	45	311	3436	501	30	4278	29	26	6	0	0	0	0	19088	26892	0	1	ok
F	2333	f2331	45	391	3576	491	30	4488	29	26	6	0	0	0	0	19088	26892	0	1	ok
F	2334	f2332	45	401	3526	501	30	4458	29	26	6	0	0	0	0	19088	26892	0	1	ok
F	2335	f2333	45	501	3106	491	30	4128	29	26	6	0	0	0	0	19088	26892	0	1	ok
F	2336	f2334	45	311	3406	491	30	4238	29	26	6	0	0	0	0	19088	26892	0	1	ok
F	2337	f2335	45	361	3496	501	30	4388	29	26	6	0	0	0	0	19088	26892	0	1	ok
F	2338	f2336	45	501	3386	501	30	4418	29	26	6	0	0	0	0	19088	26892	0	1	ok
F	2339	f2337	45	380	3477	511	30	4398	29	26	6	0	0	0	0	19088	26892	0	1	ok
F	2340	f2338	45	311	3296	501	30	4138	29	26	6	0	0	0	0	19088	26892	0	1	ok
F	2341	f2339	45	310	3417	501	20	4248	29	26	6	0	0	0	0	19088	26892	0	1	ok
F	2342	f2340	45	481	3537	491	30	4539	29	26	6	0	0	0	0	19088	26892	0	1	ok
F	2343	f2341	45	311	3236	491	20	4058	29	26	6	0	0	0	0	19088	26892	0	1	ok
F	2344	f2342	45	301	3677	491	30	4499	29	26	6	0	0	0	0	19088	26892	0	1	ok
F	2345	f2343	45	471	3326	491	30	4318	29	26	6	0	0	0	0	19088	26892	0	1	ok
F	2346	f2344	45	391	3156	491	30	4068	29	26	6	0	0	0	0	19088	26892	0	1	ok
F	2347	f2345	45	301	3577	501	30	4409	29	26	6	0	0	0	0	19088	26892	0	1	ok
F	2348	f2346	45	311	3567	500	31	4409	29	26	6	0	0	0	0	19088	26892	0	1	ok
F	2349	f2347	45	67386	4609	671	30	72696	29	26	6	0	0	0	0	19088	26892	0	1	ok
F	2350	f2348	45	481	3477	501	20	4479	29	26	6	0	0	0	0	19088	26892	0	1	ok
F	2351	f2349	45	311	3236	511	30	4088	29	26	6	0	0	0	0	19088	26892	0	1	ok
F	2352	f2350	45	551	3477	501	30	4559	29	26	6	0	0	0	0	19088	26892	0	1	ok
F	2353	f2351	45	310	3457	491	30	4288	29	26	6	0	0	0	0	19088	26892	0	1	ok
F	2354	f2352	45	441	3717	501	30	4689	29	26	6	0	0	0	0	19088	26892	0	1	ok
F	2355	f2353	45	490	3237	490	30	4247	29	26	6	0	0	0	0	19088	26892	0	1	ok
F	2356	f2354	45	391	3286	491	30	4198	29	26	6	0	0	0	0	19088	26892	0	1	ok
F	2357	f2355	45	380	3637	491	30	4538	29	26	6	0	0	0	0	19088	26892	0	1	ok
F	2358	f2356	45	300	3527	501	30	4358	29	26	6	0	0	0	0	19088	26892	0	1	ok
F	2359	f2357	45	431	3396	491	30	4348	29	26	6	0	0	0	0	19088	26892	0	1	ok
F	2360	f2358	45	311	3576	501	30	4418	29	26	6	0	0	0	0	19088	26892	0	1	ok
F	2361	f2359	45	320	3307	501	20	4148	29	26	6	0	0	0	0	19088	26892	0	1	ok
F	2362	f2360	45	581	3316	501	30	4428	29	26	6	0	0	0	0	19088	26892	0	1	ok
F	2363	f2361	45	371	3496	511	30	4408	29	26	6	0	0	0	0	19088	26892	0	1	ok
F	2364	f2362	45	371	3206	501	30	4108	29	26	6	0	0	0	0	19088	26892	0	1	ok
F	2365	f2363	45	291	3436	491	30	4248	29	26	6	0	0	0	0	19088	26892	0	1	ok
F	2366	f2364	45	420	3256	531	30	4237	29	26	6	0	0	0	0	19088	26892	0	1	ok
F	2367	f2365	45	461	3386	501	30	4378	29	26	6	0	0	0	0	19088	26892	0	1	ok
F	2368	f2366	45	681	3406	541	31	4659	29	26	6	0	0	0	0	19088	26892	0	1	ok
F	2369	f2367	45	541	3246	501	30	4318	29	26	6	0	0	0	0	19088	26892	0	1	ok
F	2370	f2368	45	461	3376	551	30	4418	29	26	6	0	0	0	0	19088	26892	0	1	ok
F	2371	f2369	45	461	3697	490	31	4679	29	26	6	0	0	0	0	19088	26892	0	1	ok
F	2372	f2370	45	371	3527	591	30	4519	29	26	6	0	0	0	0	19088	26892	0	1	ok
F	2373	f2371	45	491	3226	501	30	4248	29	26	6	0	0	0	0	19088	26892	0	1	ok
F	2374	f2372	45	561	3527	501	30	4619	29	26	6	0	0	0	0	19088	26892	0	1	ok
F	2375	f2373	45	511	3347	501	30	4389	29	26	6	0	0	0	0	19088	26892	0	1	ok
F	2376	f2374	45	511	3547	491	30	4579	29	26	6	0	0	0	0	19088	26892	0	1	ok
F	2377	f2375	45	321	3146	491	30	3988	29	26	6	0	0	0	0	19088	26892	0	1	ok
F	2378	f2376	45	391	3587	501	30	4509	29	26	6	0	0	0	0	19088	26892	0	1	ok
F	2379	f2377	45	501	3577	511	30	4619	29	26	6	0	0	0	0	19088	26892	0	1	ok
F	2380	f2378	45	320	3457	501	30	4308	29	26	6	0	0	0	0	19088	26892	0	1	ok
F	2381	f2379	45	330	3477	501	40	4348	29	26	6	0	0	0	0	19088	26892	0	1	ok
F	2382	f2380	45	461	3497	511	30	4499	29	26	6	0	0	0	0	19088	26892	0	1	ok
F	2383	f2381	45	480	3327	501	30	4338	29	26	6	0	0	0	0	19088	26892	0	1	ok
F	2384	f2382	45	321	3336	501	30	4188	29	26	6	0	0	0	0	19088	26892	0	1	ok
F	2385	f2383	45	441	3426	491	30	4388	29	26	6	0	0	0	0	19088	26892	0	1	ok
F	2386	f2384	45	431	3176	501	30	4138	29	26	6	0	0	0	0	19088	26892	0	1	ok
F	2387	f2385	45	311	3256	501	30	4098	29	26	6	0	0	0	0	19088	26892	0	1	ok
F	2388	f2386	45	321	3436	511	30	4298	29	26	6	0	0	0	0	19088	26892	0	1	ok
F	2389	f2387	45	431	3176	501	30	4138	29	26	6	0	0	0	0	19088	26892	0	1	ok
F	2390	f2388	45	491	3336	501	30	4358	29	26	6	0	0	0	0	19088	26892	0	1	ok
F	2391	f2389	45	381	3176	511	30	4098	29	26	6	0	0	0	0	19088	26892	0	1	ok
F	2392	f2390	45	300	3517	501	30	4348	29	26	6	0	0	0	0	19088	26892	0	1	ok
F	2393	f2391	45	551	3607	491	30	4679	29	26	6	0	0	0	0	19088	26892	0	1	ok
F	2394	f2392	45	410	3747	491	30	4678	29	26	6	0	0	0	0	19088	26892	0	1	ok
F	2395	f2393	45	321	3165	491	30	4007	29	26	6	0	0	0	0	19088	26892	0	1	ok
F	2396	f2394	45	331	3366	491	30	4218	29	26	6	0	0	0	0	19088	26892	0	1	ok
F	2397	f2395	45	421	3356	491	30	4298	29	26	6	0	0	0	0	19088	26892	0	1	ok
F	2398	f2396	45	310	3376	501	20	4207	29	26	6	0	0	0	0	19088	26892	0	1	ok
F	2399	f2397	45	321	3657	501	30	4509	29	26	6	0	0	0	0	19088	26892	0	1	ok
F	2400	f2398	45	421	3887	501	30	4839	29	26	6	0	0	0	0	19088	26892	0	1	ok
F	2401	f2399	45	321	3536	501	30	4388	29	26	6	0	0	0	0	19088	26892	0	1	ok
F	2402	f2400	45	451	3416	631	30	4528	29	26	6	0	0	0	0	19088	26892	0	1	ok
F	2403	f2401	45	421	3646	491	30	4588	29	26	6	0	0	0	0	19088	26892	0	1	ok
F	2404	f2402	45	320	3417	501	30	4268	29	26	6	0	0	0	0	19088	26892	0	1	ok
F	2405	f2403	45	311	3386	511	30	4238	29	26	6	0	0	0	0	19088	26892	0	1	ok
F	2406	f2404	45	411	3546	491	30	4478	29	26	6	0	0	0	0	19088	26892	0	1	ok
F	2407	f2405	45	411	3376	501	30	4318	29	26	6	0	0	0	0	19088	26892	0	1	ok
F	2408	f2406	45	320	3547	501	20	4388	29	26	6	0	0	0	0	19088	26892	0	1	ok
F	2409	f2407	45	371	3437	490	31	4329	29	26	6	0	0	0	0	19088	26892	0	1	ok
F	2410	f2408	45	501	3657	491	30	4679	29	26	6	0	0	0	0	19088	26892	0	1	ok
F	2411	f2409	45	321	3477	500	31	4329	29	26	6	0	0	0	0	19088	26892	0	1	ok
F	2412	f2410	45	301	3456	501	30	4288	29	26	6	0	0	0	0	19088	26892	0	1	ok
F	2413	f2411	45	411	3336	501	20	4268	29	26	6	0	0	0	0	19088	26892	0	1	ok
F	2414	f2412	45	431	3467	501	30	4429	29	26	6	0	0	0	0	19088	26892	0	1	ok
F	2415	f2413	45	371	3677	501	20	4569	29	26	6	0	0	0	0	19088	26892	0	1	ok
F	2416	f2414	45	311	3276	491	30	4108	29	26	6	0	0	0	0	19088	26892	0	1	ok
F	2417	f2415	45	471	3366	501	30	4368	29	26	6	0	0	0	0	19088	26892	0	1	ok
F	2418	f2416	45	391	3507	501	30	4429	29	26	6	0	0	0	0	19088	26892	0	1	ok
F	2419	f2417	45	481	3737	501	20	4739	29	26	6	0	0	0	0	19088	26892	0	1	ok
F	2420	f2418	45	320	3617	501	30	4468	29	26	6	0	0	0	0	19088	26892	0	1	ok
F	2421	f2419	45	411	3927	491	30	4859	29	26	6	0	0	0	0	19088	26892	0	1	ok
F	2422	f2420	45	381	3607	511	30	4529	29	26	6	0	0	0	0	19088	26892	0	1	ok
F	2423	f2421	45	380	3527	501	30	4438	29	26	6	0	0	0	0	19088	26892	0	1	ok
F	2424	f2422	45	602	3556	501	30	4689	29	26	6	0	0	0	0	19088	26892	0	1	ok
F	2425	f2423	45	390	3667	491	30	4578	29	26	6	0	0	0	0	19088	26892	0	1	ok
F	2426	f2424	45	451	3486	501	30	4468	29	26	6	0	0	0	0	19088	26892	0	1	ok
F	2427	f2425	45	451	3446	611	30	4538	29	26	6	0	0	0	0	19088	26892	0	1	ok
F	2428	f2426	45	401	3236	501	20	4158	29	26	6	0	0	0	0	19088	26892	0	1	ok
F	2429	f2427	45	531	3256	501	30	4318	29	26	6	0	0	0	0	19088	26892	0	1	ok
F	2430	f2428	45	341	3606	501	20	4468	29	26	6	0	0	0	0	19088	26892	0	1	ok
F	2431	f2429	45	491	3386	491	30	4398	29	26	6	0	0	0	0	19088	26892	0	1	ok
F	2432	f2430	45	390	3237	500	30	4157	29	26	6	0	0	0	0	19088	26892	0	1	ok
F	2433	f2431	45	361	3897	491	30	4779	29	26	6	0	0	0	0	19088	26892	0	1	ok
F	2434	f2432	45	491	3306	501	30	4328	29	26	6	0	0	0	0	19088	26892	0	1	ok
F	2435	f2433	45	311	3236	501	20	4068	29	26	6	0	0	0	0	19088	26892	0	1	ok
F	2436	f2434	45	310	3246	501	30	4087	29	26	6	0	0	0	0	19088	26892	0	1	ok
F	2437	f2435	45	451	3396	491	30	4368	29	26	6	0	0	0	0	19088	26892	0	1	ok
F	2438	f2436	45	511	3436	561	30	4538	29	26	6	0	0	0	0	19088	26892	0	1	ok
F	2439	f2437	45	380	3296	491	30	4197	29	26	6	0	0	0	0	19088	26892	0	1	ok
F	2440	f2438	45	381	3296	551	30	4258	29	26	6	0	0	0	0	19088	26892	0	1	ok
F	2441	f2439	45	491	3155	491	30	4167	29	26	6	0	0	0	0	19088	26892	0	1	ok
F	2442	f2440	45	311	3496	501	30	4338	29	26	6	0	0	0	0	19088	26892	0	1	ok
F	2443	f2441	45	310	3537	501	20	4368	29	26	6	0	0	0	0	19088	26892	0	1	ok
F	2444	f2442	45	311	3667	511	30	4519	29	26	6	0	0	0	0	19088	26892	0	1	ok
F	2445	f2443	45	521	3417	521	30	4489	29	26	6	0	0	0	0	19088	26892	0	1	ok
F	2446	f2444	45	501	3757	501	30	4789	29	26	6	0	0	0	0	19088	26892	0	1	ok
F	2447	f2445	45	301	3827	511	30	4669	29	26	6	0	0	0	0	19088	26892	0	1	ok
F	2448	f2446	45	431	3957	511	31	4930	29	26	6	0	0	0	0	19088	26892	0	1	ok
F	2449	f2447	45	611	3657	501	30	4799	29	26	6	0	0	0	0	19088	26892	0	1	ok
F	2450	f2448	45	310	4238	491	30	5069	29	26	6	0	0	0	0	19088	26892	0	1	ok
F	2451	f2449	45	300	3627	501	30	4458	29	26	6	0	0	0	0	19088	26892	0	1	ok
F	2452	f2450	45	421	3466	501	30	4418	29	26	6	0	0	0	0	19088	26892	0	1	ok
F	2453	f2451	45	320	3687	491	30	4528	29	26	6	0	0	0	0	19088	26892	0	1	ok
F	2454	f2452	45	701	3476	491	30	4698	29	26	6	0	0	0	0	19088	26892	0	1	ok
F	2455	f2453	45	411	3186	501	30	4128	29	26	6	0	0	0	0	19088	26892	0	1	ok
F	2456	f2454	45	321	3547	490	31	4389	29	26	6	0	0	0	0	19088	26892	0	1	ok
F	2457	f2455	45	441	3216	501	20	4178	29	26	6	0	0	0	0	19088	26892	0	1	ok
F	2458	f2456	45	86331	4499	651	30	91511	29	26	6	0	0	0	0	19088	26892	0	1	ok
F	2459	f2457	45	490	3517	501	30	4538	29	26	6	0	0	0	0	19088	26892	0	1	ok
F	2460	f2458	45	420	3587	491	30	4528	29	26	6	0	0	0	0	19088	26892	0	1	ok
F	2461	f2459	45	390	3517	501	30	4438	29	26	6	0	0	0	0	19088	26892	0	1	ok
F	2462	f2460	45	851	3607	501	30	4989	29	26	6	0	0	0	0	19088	26892	0	1	ok
F	2463	f2461	45	470	3417	501	30	4418	29	26	6	0	0	0	0	19088	26892	0	1	ok
F	2464	f2462	45	642	3436	491	30	4599	29	26	6	0	0	0	0	19088	26892	0	1	ok
F	2465	f2463	45	841	3317	511	30	4699	29	26	6	0	0	0	0	19088	26892	0	1	ok
F	2466	f2464	45	401	3396	501	20	4318	29	26	6	0	0	0	0	19088	26892	0	1	ok
F	2467	f2465	45	481	3246	511	20	4258	29	26	6	0	0	0	0	19088	26892	0	1	ok
F	2468	f2466	45	381	3146	501	30	4058	29	26	6	0	0	0	0	19088	26892	0	1	ok
F	2469	f2467	45	661	3576	501	30	4768	29	26	6	0	0	0	0	19088	26892	0	1	ok
F	2470	f2468	45	792	3596	511	30	4929	29	26	6	0	0	0	0	19088	26892	0	1	ok
F	2471	f2469	45	471	3687	501	30	4689	29	26	6	0	0	0	0	19088	26892	0	1	ok
F	2472	f2470	45	511	3437	490	31	4469	29	26	6	0	0	0	0	19088	26892	0	1	ok
F	2473	f2471	45	571	3286	491	30	4378	29	26	6	0	0	0	0	19088	26892	0	1	ok
F	2474	f2472	45	471	3697	491	30	4689	29	26	6	0	0	0	0	19088	26892	0	1	ok
F	2475	f2473	45	381	3276	491	20	4168	29	26	6	0	0	0	0	19088	26892	0	1	ok
F	2476	f2474	45	421	3216	500	31	4168	29	26	6	0	0	0	0	19088	26892	0	1	ok
F	2477	f2475	45	411	3336	501	30	4278	29	26	6	0	0	0	0	19088	26892	0	1	ok
F	2478	f2476	45	301	3687	491	30	4509	29	26	6	0	0	0	0	19088	26892	0	1	ok
F	2479	f2477	45	491	3387	501	30	4409	29	26	6	0	0	0	0	19088	26892	0	1	ok
F	2480	f2478	45	391	3547	491	30	4459	29	26	6	0	0	0	0	19088	26892	0	1	ok
F	2481	f2479	45	581	3276	501	30	4388	29	26	6	0	0	0	0	19088	26892	0	1	ok
F	2482	f2480	45	601	3597	491	30	4719	29	26	6	0	0	0	0	19088	26892	0	1	ok
F	2483	f2481	45	371	3186	491	30	4078	29	26	6	0	0	0	0	19088	26892	0	1	ok
F	2484	f2482	45	360	3337	551	30	4278	29	26	6	0	0	0	0	19088	26892	0	1	ok
F	2485	f2483	45	371	3436	511	30	4348	29	26	6	0	0	0	0	19088	26892	0	1	ok
F	2486	f2484	45	561	3376	501	30	4468	29	26	6	0	0	0	0	19088	26892	0	1	ok
F	2487	f2485	45	401	3647	490	31	4569	29	26	6	0	0	0	0	19088	26892	0	1	ok
F	2488	f2486	45	421	3597	491	30	4539	29	26	6	0	0	0	0	19088	26892	0	1	ok
F	2489	f2487	45	420	3517	511	30	4478	29	26	6	0	0	0	0	19088	26892	0	1	ok
F	2490	f2488	45	390	3357	491	30	4268	29	26	6	0	0	0	0	19088	26892	0	1	ok
F	2491	f2489	45	301	3426	501	30	4258	29	26	6	0	0	0	0	19088	26892	0	1	ok
F	2492	f2490	45	310	3196	501	30	4037	29	26	6	0	0	0	0	19088	26892	0	1	ok
F	2493	f2491	45	481	3586	501	20	4588	29	26	6	0	0	0	0	19088	26892	0	1	ok
F	2494	f2492	45	321	3346	501	30	4198	29	26	6	0	0	0	0	19088	26892	0	1	ok
F	2495	f2493	45	301	3557	491	30	4379	29	26	6	0	0	0	0	19088	26892	0	1	ok
F	2496	f2494	45	421	3196	501	30	4148	29	26	6	0	0	0	0	19088	26892	0	1	ok
F	2497	f2495	45	430	3367	501	30	4328	29	26	6	0	0	0	0	19088	26892	0	1	ok
F	2498	f2496	45	321	3887	501	20	4729	29	26	6	0	0	0	0	19088	26892	0	1	ok
F	2499	f2497	45	380	3327	491	30	4228	29	26	6	0	0	0	0	19088	26892	0	1	ok
F	2500	f2498	45	401	3687	491	30	4609	29	26	6	0	0	0	0	19088	26892	0	1	ok
F	2501	f2499	45	381	3196	501	20	4098	29	26	6	0	0	0	0	19088	26892	0	1	ok
F	2502	f2500	45	300	3627	491	30	4448	29	26	6	0	0	0	0	19088	26892	0	1	ok
F	2503	f2501	45	420	3216	501	30	4167	29	26	6	0	0	0	0	19088	26892	0	1	ok
F	2504	f2502	45	311	3296	491	30	4128	29	26	6	0	0	0	0	19088	26892	0	1	ok
F	2505	f2503	45	450	3467	501	30	4448	29	26	6	0	0	0	0	19088	26892	0	1	ok
F	2506	f2504	45	622	3606	491	30	4749	29	26	6	0	0	0	0	19088	26892	0	1	ok
F	2507	f2505	45	341	3646	511	30	4528	29	26	6	0	0	0	0	19088	26892	0	1	ok
F	2508	f2506	45	311	3476	491	30	4308	29	26	6	0	0	0	0	19088	26892	0	1	ok
F	2509	f2507	45	390	3888	490	31	4799	29	26	6	0	0	0	0	19088	26892	0	1	ok
F	2510	f2508	45	421	3637	501	30	4589	29	26	6	0	0	0	0	19088	26892	0	1	ok
F	2511	f2509	45	311	3657	501	20	4489	29	26	6	0	0	0	0	19088	26892	0	1	ok
F	2512	f2510	45	401	3386	501	30	4318	29	26	6	0	0	0	0	19088	26892	0	1	ok
F	2513	f2511	45	811	3818	501	20	5150	29	26	6	0	0	0	0	19088	26892	0	1	ok
F	2514	f2512	45	421	3416	501	20	4358	29	26	6	0	0	0	0	19088	26892	0	1	ok
F	2515	f2513	45	320	3677	501	30	4528	29	26	6	0	0	0	0	19088	26892	0	1	ok
F	2516	f2514	45	311	3496	501	30	4338	29	26	6	0	0	0	0	19088	26892	0	1	ok
F	2517	f2515	45	561	3707	491	30	4789	29	26	6	0	0	0	0	19088	26892	0	1	ok
F	2518	f2516	45	511	3296	501	20	4328	29	26	6	0	0	0	0	19088	26892	0	1	ok
F	2519	f2517	45	310	3447	491	30	4278	29	26	6	0	0	0	0	19088	26892	0	1	ok
F	2520	f2518	45	421	3918	501	30	4870	29	26	6	0	0	0	0	19088	26892	0	1	ok
F	2521	f2519	45	471	4018	491	30	5010	29	26	6	0	0	0	0	19088	26892	0	1	ok
F	2522	f2520	45	331	3787	501	30	4649	29	26	6	0	0	0	0	19088	26892	0	1	ok
F	2523	f2521	45	310	3837	501	40	4688	29	26	6	0	0	0	0	19088	26892	0	1	ok
F	2524	f2522	45	421	3707	501	30	4659	29	26	6	0	0	0	0	19088	26892	0	1	ok
F	2525	f2523	45	391	3476	491	30	4388	29	26	6	0	0	0	0	19088	26892	0	1	ok
F	2526	f2524	45	371	3867	491	30	4759	29	26	6	0	0	0	0	19088	26892	0	1	ok
F	2527	f2525	45	431	3918	501	30	4880	29	26	6	0	0	0	0	19088	26892	0	1	ok
F	2528	f2526	45	311	4057	501	30	4899	29	26	6	0	0	0	0	19088	26892	0	1	ok
F	2529	f2527	45	551	3957	491	30	5029	29	26	6	0	0	0	0	19088	26892	0	1	ok
F	2530	f2528	45	491	3476	642	30	4639	29	26	6	0	0	0	0	19088	26892	0	1	ok
F	2531	f2529	45	311	3707	501	30	4549	29	26	6	0	0	0	0	19088	26892	0	1	ok
F	2532	f2530	45	311	3446	501	30	4288	29	26	6	0	0	0	0	19088	26892	0	1	ok
F	2533	f2531	45	411	3696	501	30	4638	29	26	6	0	0	0	0	19088	26892	0	1	ok
F	2534	f2532	45	651	3216	501	30	4398	29	26	6	0	0	0	0	19088	26892	0	1	ok
F	2535	f2533	45	361	3757	501	30	4649	29	26	6	0	0	0	0	19088	26892	0	1	ok
F	2536	f2534	45	311	3697	491	30	4529	29	26	6	0	0	0	0	19088	26892	0	1	ok
F	2537	f2535	45	681	3977	491	30	5179	29	26	6	0	0	0	0	19088	26892	0	1	ok
F	2538	f2536	45	511	4088	501	20	5120	29	26	6	0	0	0	0	19088	26892	0	1	ok
F	2539	f2537	45	431	4398	491	30	5350	29	26	6	0	0	0	0	19088	26892	0	1	ok
F	2540	f2538	45	1192	3877	591	30	5690	29	26	6	0	0	0	0	19088	26892	0	1	ok
F	2541	f2539	45	992	3797	501	30	5320	29	26	6	0	0	0	0	19088	26892	0	1	ok
F	2542	f2540	45	981	3457	501	20	4959	29	26	6	0	0	0	0	19088	26892	0	1	ok
F	2543	f2541	45	622	3176	490	30	4318	29	26	6	0	0	0	0	19088	26892	0	1	ok
F	2544	f2542	45	892	3707	601	20	5220	29	26	6	0	0	0	0	19088	26892	0	1	ok
F	2545	f2543	45	681	3587	490	31	4789	29	26	6	0	0	0	0	19088	26892	0	1	ok
F	2546	f2544	45	721	5050	491	30	6292	29	26	6	0	0	0	0	19088	26892	0	1	ok
F	2547	f2545	45	572	3386	491	30	4479	29	26	6	0	0	0	0	19088	26892	0	1	ok
F	2548	f2546	45	561	3607	501	30	4699	29	26	6	0	0	0	0	19088	26892	0	1	ok
F	2549	f2547	45	481	3817	501	30	4829	29	26	6	0	0	0	0	19088	26892	0	1	ok
F	2550	f2548	45	762	3947	491	30	5230	29	26	6	0	0	0	0	19088	26892	0	1	ok
F	2551	f2549	45	741	4038	501	20	5300	29	26	6	0	0	0	0	19088	26892	0	1	ok
F	2552	f2550	45	461	3677	491	30	4659	29	26	6	0	0	0	0	19088	26892	0	1	ok
F	2553	f2551	45	801	3577	491	30	4899	29	26	6	0	0	0	0	19088	26892	0	1	ok
F	2554	f2552	45	632	3516	501	20	4669	29	26	6	0	0	0	0	19088	26892	0	1	ok
F	2555	f2553	45	962	3616	491	30	5099	29	26	6	0	0	0	0	19088	26892	0	1	ok
F	2556	f2554	45	421	3947	491	30	4889	29	26	6	0	0	0	0	19088	26892	0	1	ok
F	2557	f2555	45	440	4188	501	30	5159	29	26	6	0	0	0	0	19088	26892	0	1	ok
F	2558	f2556	45	571	3807	491	30	4899	29	26	6	0	0	0	0	19088	26892	0	1	ok
F	2559	f2557	45	430	3808	500	31	4769	29	26	6	0	0	0	0	19088	26892	0	1	ok
F	2560	f2558	45	471	3627	501	20	4619	29	26	6	0	0	0	0	19088	26892	0	1	ok
F	2561	f2559	45	581	3687	501	30	4799	29	26	6	0	0	0	0	19088	26892	0	1	ok
F	2562	f2560	45	551	3998	501	30	5080	29	26	6	0	0	0	0	19088	26892	0	1	ok
F	2563	f2561	45	501	3537	491	30	4559	29	26	6	0	0	0	0	19088	26892	0	1	ok
F	2564	f2562	45	411	3968	491	30	4900	29	26	6	0	0	0	0	19088	26892	0	1	ok
F	2565	f2563	45	752	3416	501	20	4689	29	26	6	0	0	0	0	19088	26892	0	1	ok
F	2566	f2564	45	1011	3567	491	30	5099	29	26	6	0	0	0	0	19088	26892	0	1	ok
F	2567	f2565	45	571	4027	501	30	5129	29	26	6	0	0	0	0	19088	26892	0	1	ok
F	2568	f2566	45	88776	4428	652	30	93886	29	26	6	0	0	0	0	19088	26892	0	1	ok
F	2569	f2567	45	651	3817	501	20	4989	29	26	6	0	0	0	0	19088	26892	0	1	ok
F	2570	f2568	45	481	3627	771	30	4909	29	26	6	0	0	0	0	19088	26892	0	1	ok
F	2571	f2569	45	471	3466	491	30	4458	29	26	6	0	0	0	0	19088	26892	0	1	ok
F	2572	f2570	45	641	3757	501	20	4919	29	26	6	0	0	0	0	19088	26892	0	1	ok
F	2573	f2571	45	461	3586	501	30	4578	29	26	6	0	0	0	0	19088	26892	0	1	ok
F	2574	f2572	45	531	4218	551	30	5330	29	26	6	0	0	0	0	19088	26892	0	1	ok
F	2575	f2573	45	642	3576	501	30	4749	29	26	6	0	0	0	0	19088	26892	0	1	ok
F	2576	f2574	45	471	3587	500	31	4589	29	26	6	0	0	0	0	19088	26892	0	1	ok
F	2577	f2575	45	651	3627	491	30	4799	29	26	6	0	0	0	0	19088	26892	0	1	ok
F	2578	f2576	45	381	3807	491	30	4709	29	26	6	0	0	0	0	19088	26892	0	1	ok
F	2579	f2577	45	431	3276	491	30	4228	29	26	6	0	0	0	0	19088	26892	0	1	ok
F	2580	f2578	45	320	3246	491	30	4087	29	26	6	0	0	0	0	19088	26892	0	1	ok
F	2581	f2579	45	381	3296	491	30	4198	29	26	6	0	0	0	0	19088	26892	0	1	ok
F	2582	f2580	45	491	3367	500	31	4389	29	26	6	0	0	0	0	19088	26892	0	1	ok
F	2583	f2581	45	381	3186	501	20	4088	29	26	6	0	0	0	0	19088	26892	0	1	ok
F	2584	f2582	45	311	3597	511	20	4439	29	26	6	0	0	0	0	19088	26892	0	1	ok
F	2585	f2583	45	431	3256	501	30	4218	29	26	6	0	0	0	0	19088	26892	0	1	ok
F	2586	f2584	45	310	3326	511	31	4178	29	26	6	0	0	0	0	19088	26892	0	1	ok
F	2587	f2585	45	371	3516	501	20	4408	29	26	6	0	0	0	0	19088	26892	0	1	ok
F	2588	f2586	45	310	3527	501	30	4368	29	26	6	0	0	0	0	19088	26892	0	1	ok
F	2589	f2587	45	451	3456	491	30	4428	29	26	6	0	0	0	0	19088	26892	0	1	ok
F	2590	f2588	45	320	3817	491	30	4658	29	26	6	0	0	0	0	19088	26892	0	1	ok
F	2591	f2589	45	381	3206	500	31	4118	29	26	6	0	0	0	0	19088	26892	0	1	ok
F	2592	f2590	45	401	3336	501	30	4268	29	26	6	0	0	0	0	19088	26892	0	1	ok
F	2593	f2591	45	380	3206	511	20	4117	29	26	6	0	0	0	0	19088	26892	0	1	ok
F	2594	f2592	45	411	3476	531	30	4448	29	26	6	0	0	0	0	19088	26892	0	1	ok
F	2595	f2593	45	551	3536	511	30	4628	29	26	6	0	0	0	0	19088	26892	0	1	ok
F	2596	f2594	45	491	3096	491	30	4108	29	26	6	0	0	0	0	19088	26892	0	1	ok
F	2597	f2595	45	431	3437	500	31	4399	29	26	6	0	0	0	0	19088	26892	0	1	ok
F	2598	f2596	45	391	3446	491	30	4358	29	26	6	0	0	0	0	19088	26892	0	1	ok
F	2599	f2597	45	571	3567	500	21	4659	29	26	6	0	0	0	0	19088	26892	0	1	ok
F	2600	f2598	45	391	3667	501	30	4589	29	26	6	0	0	0	0	19088	26892	0	1	ok
F	2601	f2599	45	311	3326	501	30	4168	29	26	6	0	0	0	0	19088	26892	0	1	ok
F	2602	f2600	45	390	3487	501	20	4398	29	26	6	0	0	0	0	19088	26892	0	1	ok
F	2603	f2601	45	491	3296	501	30	4318	29	26	6	0	0	0	0	19088	26892	0	1	ok
F	2604	f2602	45	291	3246	491	30	4058	29	26	6	0	0	0	0	19088	26892	0	1	ok
F	2605	f2603	45	320	3286	501	30	4137	29	26	6	0	0	0	0	19088	26892	0	1	ok
F	2606	f2604	45	421	3426	491	30	4368	29	26	6	0	0	0	0	19088	26892	0	1	ok
F	2607	f2605	45	381	3226	501	30	4138	29	26	6	0	0	0	0	19088	26892	0	1	ok
F	2608	f2606	45	371	3477	491	30	4369	29	26	6	0	0	0	0	19088	26892	0	1	ok
F	2609	f2607	45	531	3096	491	30	4148	29	26	6	0	0	0	0	19088	26892	0	1	ok
F	2610	f2608	45	380	3467	491	30	4368	29	26	6	0	0	0	0	19088	26892	0	1	ok
F	2611	f2609	45	321	3096	501	20	3938	29	26	6	0	0	0	0	19088	26892	0	1	ok
F	2612	f2610	45	301	3577	501	30	4409	29	26	6	0	0	0	0	19088	26892	0	1	ok
F	2613	f2611	45	631	3136	501	30	4298	29	26	6	0	0	0	0	19088	26892	0	1	ok
F	2614	f2612	45	391	3446	491	30	4358	29	26	6	0	0	0	0	19088	26892	0	1	ok
F	2615	f2613	45	310	3236	491	30	4067	29	26	6	0	0	0	0	19088	26892	0	1	ok
F	2616	f2614	45	441	3987	501	30	4959	29	26	6	0	0	0	0	19088	26892	0	1	ok
F	2617	f2615	45	380	3186	491	30	4087	29	26	6	0	0	0	0	19088	26892	0	1	ok
F	2618	f2616	45	411	3396	491	30	4328	29	26	6	0	0	0	0	19088	26892	0	1	ok
F	2619	f2617	45	311	3457	500	31	4299	29	26	6	0	0	0	0	19088	26892	0	1	ok
F	2620	f2618	45	461	3827	551	20	4859	29	26	6	0	0	0	0	19088	26892	0	1	ok
F	2621	f2619	45	310	3647	491	30	4478	29	26	6	0	0	0	0	19088	26892	0	1	ok
F	2622	f2620	45	310	3447	491	30	4278	29	26	6	0	0	0	0	19088	26892	0	1	ok
F	2623	f2621	45	461	3687	501	30	4679	29	26	6	0	0	0	0	19088	26892	0	1	ok
F	2624	f2622	45	320	3747	491	30	4588	29	26	6	0	0	0	0	19088	26892	0	1	ok
F	2625	f2623	45	311	3456	491	30	4288	29	26	6	0	0	0	0	19088	26892	0	1	ok
F	2626	f2624	45	330	3176	501	30	4037	29	26	6	0	0	0	0	19088	26892	0	1	ok
F	2627	f2625	45	430	3597	491	30	4548	29	26	6	0	0	0	0	19088	26892	0	1	ok
F	2628	f2626	45	310	3777	491	30	4608	29	26	6	0	0	0	0	19088	26892	0	1	ok
F	2629	f2627	45	361	3636	511	30	4538	29	26	6	0	0	0	0	19088	26892	0	1	ok
F	2630	f2628	45	501	3416	501	20	4438	29	26	6	0	0	0	0	19088	26892	0	1	ok
F	2631	f2629	45	300	3337	501	30	4168	29	26	6	0	0	0	0	19088	26892	0	1	ok
F	2632	f2630	45	330	3336	501	30	4197	29	26	6	0	0	0	0	19088	26892	0	1	ok
F	2633	f2631	45	401	3506	651	21	4579	29	26	6	0	0	0	0	19088	26892	0	1	ok
F	2634	f2632	45	391	3386	501	30	4308	29	26	6	0	0	0	0	19088	26892	0	1	ok
F	2635	f2633	45	370	3517	501	30	4418	29	26	6	0	0	0	0	19088	26892	0	1	ok
F	2636	f2634	45	310	3487	491	30	4318	29	26	6	0	0	0	0	19088	26892	0	1	ok
F	2637	f2635	45	431	3336	511	30	4308	29	26	6	0	0	0	0	19088	26892	0	1	ok
F	2638	f2636	45	310	3637	491	30	4468	29	26	6	0	0	0	0	19088	26892	0	1	ok
F	2639	f2637	45	371	3436	491	30	4328	29	26	6	0	0	0	0	19088	26892	0	1	ok
F	2640	f2638	45	420	3357	501	20	4298	29	26	6	0	0	0	0	19088	26892	0	1	ok
F	2641	f2639	45	441	3577	491	30	4539	29	26	6	0	0	0	0	19088	26892	0	1	ok
F	2642	f2640	45	311	3386	501	30	4228	29	26	6	0	0	0	0	19088	26892	0	1	ok
F	2643	f2641	45	311	3286	491	30	4118	29	26	6	0	0	0	0	19088	26892	0	1	ok
F	2644	f2642	45	421	3657	551	30	4659	29	26	6	0	0	0	0	19088	26892	0	1	ok
F	2645	f2643	45	380	3316	491	30	4217	29	26	6	0	0	0	0	19088	26892	0	1	ok
F	2646	f2644	45	441	3867	501	30	4839	29	26	6	0	0	0	0	19088	26892	0	1	ok
F	2647	f2645	45	430	3407	501	30	4368	29	26	6	0	0	0	0	19088	26892	0	1	ok
F	2648	f2646	45	311	3877	491	30	4709	29	26	6	0	0	0	0	19088	26892	0	1	ok
F	2649	f2647	45	430	3637	531	30	4628	29	26	6	0	0	0	0	19088	26892	0	1	ok
F	2650	f2648	45	300	3707	491	30	4528	29	26	6	0	0	0	0	19088	26892	0	1	ok
F	2651	f2649	45	411	3446	491	30	4378	29	26	6	0	0	0	0	19088	26892	0	1	ok
F	2652	f2650	45	460	3377	501	20	4358	29	26	6	0	0	0	0	19088	26892	0	1	ok
F	2653	f2651	45	611	3277	491	30	4409	29	26	6	0	0	0	0	19088	26892	0	1	ok
F	2654	f2652	45	681	3277	601	30	4589	29	26	6	0	0	0	0	19088	26892	0	1	ok
F	2655	f2653	45	311	3256	501	30	4098	29	26	6	0	0	0	0	19088	26892	0	1	ok
F	2656	f2654	45	370	3777	501	30	4678	29	26	6	0	0	0	0	19088	26892	0	1	ok
F	2657	f2655	45	311	3216	491	30	4048	29	26	6	0	0	0	0	19088	26892	0	1	ok
F	2658	f2656	45	421	3597	501	30	4549	29	26	6	0	0	0	0	19088	26892	0	1	ok
F	2659	f2657	45	311	3286	491	30	4118	29	26	6	0	0	0	0	19088	26892	0	1	ok
F	2660	f2658	45	340	3296	491	30	4157	29	26	6	0	0	0	0	19088	26892	0	1	ok
F	2661	f2659	45	481	3326	511	30	4348	29	26	6	0	0	0	0	19088	26892	0	1	ok
F	2662	f2660	45	471	3606	501	30	4608	29	26	6	0	0	0	0	19088	26892	0	1	ok
F	2663	f2661	45	391	3276	501	30	4198	29	26	6	0	0	0	0	19088	26892	0	1	ok
F	2664	f2662	45	431	3627	501	30	4589	29	26	6	0	0	0	0	19088	26892	0	1	ok
F	2665	f2663	45	431	3607	501	20	4559	29	26	6	0	0	0	0	19088	26892	0	1	ok
F	2666	f2664	45	320	3948	490	31	4789	29	26	6	0	0	0	0	19088	26892	0	1	ok
F	2667	f2665	45	301	3656	501	30	4488	29	26	6	0	0	0	0	19088	26892	0	1	ok
F	2668	f2666	45	431	3577	500	31	4539	29	26	6	0	0	0	0	19088	26892	0	1	ok
F	2669	f2667	45	581	3276	491	30	4378	29	26	6	0	0	0	0	19088	26892	0	1	ok
F	2670	f2668	45	581	3326	511	30	4448	29	26	6	0	0	0	0	19088	26892	0	1	ok
F	2671	f2669	45	521	3206	501	30	4258	29	26	6	0	0	0	0	19088	26892	0	1	ok
F	2672	f2670	45	321	3516	491	30	4358	29	26	6	0	0	0	0	19088	26892	0	1	ok
F	2673	f2671	45	511	3246	491	30	4278	29	26	6	0	0	0	0	19088	26892	0	1	ok
F	2674	f2672	45	310	3567	501	30	4408	29	26	6	0	0	0	0	19088	26892	0	1	ok
F	2675	f2673	45	420	3497	501	20	4438	29	26	6	0	0	0	0	19088	26892	0	1	ok
F	2676	f2674	45	321	3457	490	31	4299	29	26	6	0	0	0	0	19088	26892	0	1	ok
F	2677	f2675	45	311	3687	501	30	4529	29	26	6	0	0	0	0	19088	26892	0	1	ok
F	2678	f2676	45	79549	4008	581	30	84168	29	26	6	0	0	0	0	19088	26892	0	1	ok
F	2679	f2677	45	381	3256	491	30	4158	29	26	6	0	0	0	0	19088	26892	0	1	ok
F	2680	f2678	45	310	3267	490	41	4108	29	26	6	0	0	0	0	19088	26892	0	1	ok
F	2681	f2679	45	311	3166	491	30	3998	29	26	6	0	0	0	0	19088	26892	0	1	ok
F	2682	f2680	45	661	3367	511	30	4569	29	26	6	0	0	0	0	19088	26892	0	1	ok
F	2683	f2681	45	381	3206	501	30	4118	29	26	6	0	0	0	0	19088	26892	0	1	ok
F	2684	f2682	45	310	3877	501	30	4718	29	26	6	0	0	0	0	19088	26892	0	1	ok
F	2685	f2683	45	431	3717	491	30	4669	29	26	6	0	0	0	0	19088	26892	0	1	ok
F	2686	f2684	45	311	3446	491	30	4278	29	26	6	0	0	0	0	19088	26892	0	1	ok
F	2687	f2685	45	311	3817	501	20	4649	29	26	6	0	0	0	0	19088	26892	0	1	ok
F	2688	f2686	45	571	3617	491	30	4709	29	26	6	0	0	0	0	19088	26892	0	1	ok
F	2689	f2687	45	451	3466	511	30	4458	29	26	6	0	0	0	0	19088	26892	0	1	ok
F	2690	f2688	45	451	3416	521	20	4408	29	26	6	0	0	0	0	19088	26892	0	1	ok
F	2691	f2689	45	390	3116	491	30	4027	29	26	6	0	0	0	0	19088	26892	0	1	ok
F	2692	f2690	45	501	3386	501	30	4418	29	26	6	0	0	0	0	19088	26892	0	1	ok
F	2693	f2691	45	390	3256	501	20	4167	29	26	6	0	0	0	0	19088	26892	0	1	ok
F	2694	f2692	45	311	3536	491	30	4368	29	26	6	0	0	0	0	19088	26892	0	1	ok
F	2695	f2693	45	431	3416	501	30	4378	29	26	6	0	0	0	0	19088	26892	0	1	ok
F	2696	f2694	45	321	3046	491	30	3888	29	26	6	0	0	0	0	19088	26892	0	1	ok
F	2697	f2695	45	431	3667	501	30	4629	29	26	6	0	0	0	0	19088	26892	0	1	ok
F	2698	f2696	45	400	3166	501	30	4097	29	26	6	0	0	0	0	19088	26892	0	1	ok
F	2699	f2697	45	441	3296	501	30	4268	29	26	6	0	0	0	0	19088	26892	0	1	ok
F	2700	f2698	45	311	3527	490	31	4359	29	26	6	0	0	0	0	19088	26892	0	1	ok
F	2701	f2699	45	381	3346	491	30	4248	29	26	6	0	0	0	0	19088	26892	0	1	ok
F	2702	f2700	45	420	3327	501	30	4278	29	26	6	0	0	0	0	19088	26892	0	1	ok
F	2703	f2701	45	311	3276	501	30	4118	29	26	6	0	0	0	0	19088	26892	0	1	ok
F	2704	f2702	45	311	3767	491	30	4599	29	26	6	0	0	0	0	19088	26892	0	1	ok
F	2705	f2703	45	431	3707	500	31	4669	29	26	6	0	0	0	0	19088	26892	0	1	ok
F	2706	f2704	45	471	3327	490	31	4319	29	26	6	0	0	0	0	19088	26892	0	1	ok
F	2707	f2705	45	311	3366	511	20	4208	29	26	6	0	0	0	0	19088	26892	0	1	ok
F	2708	f2706	45	390	3697	491	30	4608	29	26	6	0	0	0	0	19088	26892	0	1	ok
F	2709	f2707	45	661	3487	500	31	4679	29	26	6	0	0	0	0	19088	26892	0	1	ok
F	2710	f2708	45	591	3497	501	30	4619	29	26	6	0	0	0	0	19088	26892	0	1	ok
F	2711	f2709	45	471	3226	501	30	4228	29	26	6	0	0	0	0	19088	26892	0	1	ok
F	2712	f2710	45	431	3496	501	20	4448	29	26	6	0	0	0	0	19088	26892	0	1	ok
F	2713	f2711	45	320	3357	490	31	4198	29	26	6	0	0	0	0	19088	26892	0	1	ok
F	2714	f2712	45	311	3637	551	30	4529	29	26	6	0	0	0	0	19088	26892	0	1	ok
F	2715	f2713	45	371	3486	501	30	4388	29	26	6	0	0	0	0	19088	26892	0	1	ok
F	2716	f2714	45	431	3356	481	30	4298	29	26	6	0	0	0	0	19088	26892	0	1	ok
F	2717	f2715	45	380	3697	511	20	4608	29	26	6	0	0	0	0	19088	26892	0	1	ok
F	2718	f2716	45	411	3456	501	30	4398	29	26	6	0	0	0	0	19088	26892	0	1	ok
F	2719	f2717	45	430	3116	491	30	4067	29	26	6	0	0	0	0	19088	26892	0	1	ok
F	2720	f2718	45	370	3547	501	30	4448	29	26	6	0	0	0	0	19088	26892	0	1	ok
F	2721	f2719	45	371	3336	501	20	4228	29	26	6	0	0	0	0	19088	26892	0	1	ok
F	2722	f2720	45	311	3386	501	30	4228	29	26	6	0	0	0	0	19088	26892	0	1	ok
F	2723	f2721	45	491	3176	491	30	4188	29	26	6	0	0	0	0	19088	26892	0	1	ok
F	2724	f2722	45	311	3406	501	30	4248	29	26	6	0	0	0	0	19088	26892	0	1	ok
F	2725	f2723	45	370	3357	501	30	4258	29	26	6	0	0	0	0	19088	26892	0	1	ok
F	2726	f2724	45	581	3427	501	20	4529	29	26	6	0	0	0	0	19088	26892	0	1	ok
F	2727	f2725	45	361	3487	501	30	4379	29	26	6	0	0	0	0	19088	26892	0	1	ok
F	2728	f2726	45	311	3246	521	30	4108	29	26	6	0	0	0	0	19088	26892	0	1	ok
F	2729	f2727	45	381	3497	491	30	4399	29	26	6	0	0	0	0	19088	26892	0	1	ok
F	2730	f2728	45	431	3166	501	30	4128	29	26	6	0	0	0	0	19088	26892	0	1	ok
F	2731	f2729	45	380	3437	511	20	4348	29	26	6	0	0	0	0	19088	26892	0	1	ok
F	2732	f2730	45	311	3436	511	20	4278	29	26	6	0	0	0	0	19088	26892	0	1	ok
F	2733	f2731	45	431	3426	501	20	4378	29	26	6	0	0	0	0	19088	26892	0	1	ok
F	2734	f2732	45	380	3577	511	30	4498	29	26	6	0	0	0	0	19088	26892	0	1	ok
F	2735	f2733	45	380	3186	491	30	4087	29	26	6	0	0	0	0	19088	26892	0	1	ok
F	2736	f2734	45	321	3196	641	20	4178	29	26	6	0	0	0	0	19088	26892	0	1	ok
F	2737	f2735	45	311	3517	501	30	4359	29	26	6	0	0	0	0	19088	26892	0	1	ok
F	2738	f2736	45	311	3316	491	30	4148	29	26	6	0	0	0	0	19088	26892	0	1	ok
F	2739	f2737	45	460	3086	501	20	4067	29	26	6	0	0	0	0	19088	26892	0	1	ok
F	2740	f2738	45	421	3536	491	30	4478	29	26	6	0	0	0	0	19088	26892	0	1	ok
F	2741	f2739	45	370	3196	491	30	4087	29	26	6	0	0	0	0	19088	26892	0	1	ok
F	2742	f2740	45	301	3216	501	30	4048	29	26	6	0	0	0	0	19088	26892	0	1	ok
F	2743	f2741	45	441	3537	501	30	4509	29	26	6	0	0	0	0	19088	26892	0	1	ok
F	2744	f2742	45	311	3386	501	30	4228	29	26	6	0	0	0	0	19088	26892	0	1	ok
F	2745	f2743	45	431	3246	501	30	4208	29	26	6	0	0	0	0	19088	26892	0	1	ok
F	2746	f2744	45	401	3537	500	31	4469	29	26	6	0	0	0	0	19088	26892	0	1	ok
F	2747	f2745	45	431	3487	491	30	4439	29	26	6	0	0	0	0	19088	26892	0	1	ok
F	2748	f2746	45	321	3667	491	40	4519	29	26	6	0	0	0	0	19088	26892	0	1	ok
F	2749	f2747	45	311	3266	491	30	4098	29	26	6	0	0	0	0	19088	26892	0	1	ok
F	2750	f2748	45	411	3396	491	30	4328	29	26	6	0	0	0	0	19088	26892	0	1	ok
F	2751	f2749	45	320	3286	501	30	4137	29	26	6	0	0	0	0	19088	26892	0	1	ok
F	2752	f2750	45	371	3186	500	31	4088	29	26	6	0	0	0	0	19088	26892	0	1	ok
F	2753	f2751	45	391	3597	501	30	4519	29	26	6	0	0	0	0	19088	26892	0	1	ok
F	2754	f2752	45	491	3407	491	30	4419	29	26	6	0	0	0	0	19088	26892	0	1	ok
F	2755	f2753	45	321	3536	491	30	4378	29	26	6	0	0	0	0	19088	26892	0	1	ok
F	2756	f2754	45	381	3606	491	30	4508	29	26	6	0	0	0	0	19088	26892	0	1	ok
F	2757	f2755	45	491	3657	491	30	4669	29	26	6	0	0	0	0	19088	26892	0	1	ok
F	2758	f2756	45	381	3587	491	30	4489	29	26	6	0	0	0	0	19088	26892	0	1	ok
F	2759	f2757	45	311	3266	491	30	4098	29	26	6	0	0	0	0	19088	26892	0	1	ok
F	2760	f2758	45	310	3066	501	20	3897	29	26	6	0	0	0	0	19088	26892	0	1	ok
F	2761	f2759	45	551	3346	501	30	4428	29	26	6	0	0	0	0	19088	26892	0	1	ok
F	2762	f2760	45	311	3216	501	30	4058	29	26	6	0	0	0	0	19088	26892	0	1	ok
F	2763	f2761	45	301	3466	501	20	4288	29	26	6	0	0	0	0	19088	26892	0	1	ok
F	2764	f2762	45	420	3407	501	30	4358	29	26	6	0	0	0	0	19088	26892	0	1	ok
F	2765	f2763	45	381	3356	491	30	4258	29	26	6	0	0	0	0	19088	26892	0	1	ok
F	2766	f2764	45	611	3426	491	30	4558	29	26	6	0	0	0	0	19088	26892	0	1	ok
F	2767	f2765	45	431	3306	491	30	4258	29	26	6	0	0	0	0	19088	26892	0	1	ok
F	2768	f2766	45	531	3306	501	30	4368	29	26	6	0	0	0	0	19088	26892	0	1	ok
F	2769	f2767	45	461	3687	501	30	4679	29	26	6	0	0	0	0	19088	26892	0	1	ok
F	2770	f2768	45	370	3196	501	30	4097	29	26	6	0	0	0	0	19088	26892	0	1	ok
F	2771	f2769	45	571	3366	491	30	4458	29	26	6	0	0	0	0	19088	26892	0	1	ok
F	2772	f2770	45	731	3417	541	30	4719	29	26	6	0	0	0	0	19088	26892	0	1	ok
F	2773	f2771	45	381	3306	501	30	4218	29	26	6	0	0	0	0	19088	26892	0	1	ok
F	2774	f2772	45	641	3547	490	31	4709	29	26	6	0	0	0	0	19088	26892	0	1	ok
F	2775	f2773	45	371	3426	501	30	4328	29	26	6	0	0	0	0	19088	26892	0	1	ok
F	2776	f2774	45	371	3496	501	20	4388	29	26	6	0	0	0	0	19088	26892	0	1	ok
F	2777	f2775	45	441	3276	491	30	4238	29	26	6	0	0	0	0	19088	26892	0	1	ok
F	2778	f2776	45	490	3317	501	30	4338	29	26	6	0	0	0	0	19088	26892	0	1	ok
F	2779	f2777	45	530	3196	491	30	4247	29	26	6	0	0	0	0	19088	26892	0	1	ok
F	2780	f2778	45	381	3176	501	20	4078	29	26	6	0	0	0	0	19088	26892	0	1	ok
F	2781	f2779	45	521	3367	500	31	4419	29	26	6	0	0	0	0	19088	26892	0	1	ok
F	2782	f2780	45	381	3236	491	30	4138	29	26	6	0	0	0	0	19088	26892	0	1	ok
F	2783	f2781	45	301	3527	511	20	4359	29	26	6	0	0	0	0	19088	26892	0	1	ok
F	2784	f2782	45	371	3516	501	20	4408	29	26	6	0	0	0	0	19088	26892	0	1	ok
F	2785	f2783	45	491	3366	491	30	4378	29	26	6	0	0	0	0	19088	26892	0	1	ok
F	2786	f2784	45	370	3587	501	30	4488	29	26	6	0	0	0	0	19088	26892	0	1	ok
F	2787	f2785	45	391	3145	501	20	4057	29	26	6	0	0	0	0	19088	26892	0	1	ok
F	2788	f2786	45	68188	4017	591	30	72826	29	26	6	0	0	0	0	19088	26892	0	1	ok
F	2789	f2787	45	371	3176	501	20	4068	29	26	6	0	0	0	0	19088	26892	0	1	ok
F	2790	f2788	45	311	3436	501	20	4268	29	26	6	0	0	0	0	19088	26892	0	1	ok
F	2791	f2789	45	741	3327	501	30	4599	29	26	6	0	0	0	0	19088	26892	0	1	ok
F	2792	f2790	45	431	3437	500	31	4399	29	26	6	0	0	0	0	19088	26892	0	1	ok
F	2793	f2791	45	622	3356	491	30	4499	29	26	6	0	0	0	0	19088	26892	0	1	ok
F	2794	f2792	45	851	3617	501	20	4989	29	26	6	0	0	0	0	19088	26892	0	1	ok
F	2795	f2793	45	572	3556	491	30	4649	29	26	6	0	0	0	0	19088	26892	0	1	ok
F	2796	f2794	45	541	3356	501	20	4418	29	26	6	0	0	0	0	19088	26892	0	1	ok
F	2797	f2795	45	481	3456	501	20	4458	29	26	6	0	0	0	0	19088	26892	0	1	ok
F	2798	f2796	45	661	3507	501	20	4689	29	26	6	0	0	0	0	19088	26892	0	1	ok
F	2799	f2797	45	541	3226	501	30	4298	29	26	6	0	0	0	0	19088	26892	0	1	ok
F	2800	f2798	45	391	3216	501	30	4138	29	26	6	0	0	0	0	19088	26892	0	1	ok
F	2801	f2799	45	521	3226	501	40	4288	29	26	6	0	0	0	0	19088	26892	0	1	ok
F	2802	f2800	45	561	3487	491	20	4559	29	26	6	0	0	0	0	19088	26892	0	1	ok
F	2803	f2801	45	380	3357	500	31	4268	29	26	6	0	0	0	0	19088	26892	0	1	ok
F	2804	f2802	45	311	3346	491	30	4178	29	26	6	0	0	0	0	19088	26892	0	1	ok
F	2805	f2803	45	500	3487	501	20	4508	29	26	6	0	0	0	0	19088	26892	0	1	ok
F	2806	f2804	45	420	3607	511	30	4568	29	26	6	0	0	0	0	19088	26892	0	1	ok
F	2807	f2805	45	320	3186	501	30	4037	29	26	6	0	0	0	0	19088	26892	0	1	ok
F	2808	f2806	45	311	3586	501	30	4428	29	26	6	0	0	0	0	19088	26892	0	1	ok
F	2809	f2807	45	471	3326	491	30	4318	29	26	6	0	0	0	0	19088	26892	0	1	ok
F	2810	f2808	45	390	3186	501	30	4107	29	26	6	0	0	0	0	19088	26892	0	1	ok
F	2811	f2809	45	431	3186	521	30	4168	29	26	6	0	0	0	0	19088	26892	0	1	ok
F	2812	f2810	45	421	3577	501	20	4519	29	26	6	0	0	0	0	19088	26892	0	1	ok
F	2813	f2811	45	311	3256	501	30	4098	29	26	6	0	0	0	0	19088	26892	0	1	ok
F	2814	f2812	45	321	3467	500	31	4319	29	26	6	0	0	0	0	19088	26892	0	1	ok
F	2815	f2813	45	481	3587	501	30	4599	29	26	6	0	0	0	0	19088	26892	0	1	ok
F	2816	f2814	45	371	3186	491	30	4078	29	26	6	0	0	0	0	19088	26892	0	1	ok
F	2817	f2815	45	320	3507	491	30	4348	29	26	6	0	0	0	0	19088	26892	0	1	ok
F	2818	f2816	45	381	3256	501	20	4158	29	26	6	0	0	0	0	19088	26892	0	1	ok
F	2819	f2817	45	471	3286	501	30	4288	29	26	6	0	0	0	0	19088	26892	0	1	ok
F	2820	f2818	45	311	3266	501	30	4108	29	26	6	0	0	0	0	19088	26892	0	1	ok
F	2821	f2819	45	531	3326	511	20	4388	29	26	6	0	0	0	0	19088	26892	0	1	ok
F	2822	f2820	45	632	3606	491	30	4759	29	26	6	0	0	0	0	19088	26892	0	1	ok
F	2823	f2821	45	461	3446	491	30	4428	29	26	6	0	0	0	0	19088	26892	0	1	ok
F	2824	f2822	45	400	3196	501	30	4127	29	26	6	0	0	0	0	19088	26892	0	1	ok
F	2825	f2823	45	541	3316	501	30	4388	29	26	6	0	0	0	0	19088	26892	0	1	ok
F	2826	f2824	45	421	3396	491	30	4338	29	26	6	0	0	0	0	19088	26892	0	1	ok
F	2827	f2825	45	310	3437	500	31	4278	29	26	6	0	0	0	0	19088	26892	0	1	ok
F	2828	f2826	45	451	3557	561	30	4599	29	26	6	0	0	0	0	19088	26892	0	1	ok
F	2829	f2827	45	742	3857	501	30	5130	29	26	6	0	0	0	0	19088	26892	0	1	ok
F	2830	f2828	45	592	3456	581	30	4659	29	26	6	0	0	0	0	19088	26892	0	1	ok
F	2831	f2829	45	641	3577	491	30	4739	29	26	6	0	0	0	0	19088	26892	0	1	ok
F	2832	f2830	45	321	3987	662	30	5000	29	26	6	0	0	0	0	19088	26892	0	1	ok
F	2833	f2831	45	742	3867	501	30	5140	29	26	6	0	0	0	0	19088	26892	0	1	ok
F	2834	f2832	45	471	3607	491	30	4599	29	26	6	0	0	0	0	19088	26892	0	1	ok
F	2835	f2833	45	310	3667	491	30	4498	29	26	6	0	0	0	0	19088	26892	0	1	ok
F	2836	f2834	45	420	3597	501	30	4548	29	26	6	0	0	0	0	19088	26892	0	1	ok
F	2837	f2835	45	440	3627	501	30	4598	29	26	6	0	0	0	0	19088	26892	0	1	ok
F	2838	f2836	45	481	3486	491	30	4488	29	26	6	0	0	0	0	19088	26892	0	1	ok
F	2839	f2837	45	331	3907	631	20	4889	29	26	6	0	0	0	0	19088	26892	0	1	ok
F	2840	f2838	45	310	3497	511	30	4348	29	26	6	0	0	0	0	19088	26892	0	1	ok
F	2841	f2839	45	460	3697	501	20	4678	29	26	6	0	0	0	0	19088	26892	0	1	ok
F	2842	f2840	45	310	3277	511	30	4128	29	26	6	0	0	0	0	19088	26892	0	1	ok
F	2843	f2841	45	421	3376	501	30	4328	29	26	6	0	0	0	0	19088	26892	0	1	ok
F	2844	f2842	45	310	3186	491	30	4017	29	26	6	0	0	0	0	19088	26892	0	1	ok
F	2845	f2843	45	511	3316	501	20	4348	29	26	6	0	0	0	0	19088	26892	0	1	ok
F	2846	f2844	45	430	3166	501	30	4127	29	26	6	0	0	0	0	19088	26892	0	1	ok
F	2847	f2845	45	311	3216	500	21	4048	29	26	6	0	0	0	0	19088	26892	0	1	ok
F	2848	f2846	45	361	3306	501	30	4198	29	26	6	0	0	0	0	19088	26892	0	1	ok
F	2849	f2847	45	430	3577	491	30	4528	29	26	6	0	0	0	0	19088	26892	0	1	ok
F	2850	f2848	45	561	3186	501	20	4268	29	26	6	0	0	0	0	19088	26892	0	1	ok
F	2851	f2849	45	321	3346	501	20	4188	29	26	6	0	0	0	0	19088	26892	0	1	ok
F	2852	f2850	45	310	3346	501	20	4177	29	26	6	0	0	0	0	19088	26892	0	1	ok
F	2853	f2851	45	421	3376	501	30	4328	29	26	6	0	0	0	0	19088	26892	0	1	ok
F	2854	f2852	45	390	3517	491	30	4428	29	26	6	0	0	0	0	19088	26892	0	1	ok
F	2855	f2853	45	380	3517	501	30	4428	29	26	6	0	0	0	0	19088	26892	0	1	ok
F	2856	f2854	45	331	3216	501	30	4078	29	26	6	0	0	0	0	19088	26892	0	1	ok
F	2857	f2855	45	470	3477	491	30	4468	29	26	6	0	0	0	0	19088	26892	0	1	ok
F	2858	f2856	45	321	3406	501	30	4258	29	26	6	0	0	0	0	19088	26892	0	1	ok
F	2859	f2857	45	371	3787	501	20	4679	29	26	6	0	0	0	0	19088	26892	0	1	ok
F	2860	f2858	45	421	3417	490	31	4359	29	26	6	0	0	0	0	19088	26892	0	1	ok
F	2861	f2859	45	381	3216	501	30	4128	29	26	6	0	0	0	0	19088	26892	0	1	ok
F	2862	f2860	45	391	3146	501	30	4068	29	26	6	0	0	0	0	19088	26892	0	1	ok
F	2863	f2861	45	370	3407	501	30	4308	29	26	6	0	0	0	0	19088	26892	0	1	ok
F	2864	f2862	45	411	3026	491	30	3958	29	26	6	0	0	0	0	19088	26892	0	1	ok
F	2865	f2863	45	311	3456	501	20	4288	29	26	6	0	0	0	0	19088	26892	0	1	ok
F	2866	f2864	45	311	3336	481	30	4158	29	26	6	0	0	0	0	19088	26892	0	1	ok
F	2867	f2865	45	431	3156	491	30	4108	29	26	6	0	0	0	0	19088	26892	0	1	ok
F	2868	f2866	45	320	3216	491	30	4057	29	26	6	0	0	0	0	19088	26892	0	1	ok
F	2869	f2867	45	320	3467	501	30	4318	29	26	6	0	0	0	0	19088	26892	0	1	ok
F	2870	f2868	45	491	3186	501	30	4208	29	26	6	0	0	0	0	19088	26892	0	1	ok
F	2871	f2869	45	381	3396	501	30	4308	29	26	6	0	0	0	0	19088	26892	0	1	ok
F	2872	f2870	45	310	3376	501	20	4207	29	26	6	0	0	0	0	19088	26892	0	1	ok
F	2873	f2871	45	371	3316	501	30	4218	29	26	6	0	0	0	0	19088	26892	0	1	ok
F	2874	f2872	45	411	3517	501	30	4459	29	26	6	0	0	0	0	19088	26892	0	1	ok
F	2875	f2873	45	381	3256	491	30	4158	29	26	6	0	0	0	0	19088	26892	0	1	ok
F	2876	f2874	45	301	3557	561	30	4449	29	26	6	0	0	0	0	19088	26892	0	1	ok
F	2877	f2875	45	501	3336	491	30	4358	29	26	6	0	0	0	0	19088	26892	0	1	ok
F	2878	f2876	45	381	3196	501	30	4108	29	26	6	0	0	0	0	19088	26892	0	1	ok
F	2879	f2877	45	441	3286	521	30	4278	29	26	6	0	0	0	0	19088	26892	0	1	ok
F	2880	f2878	45	310	3377	501	20	4208	29	26	6	0	0	0	0	19088	26892	0	1	ok
F	2881	f2879	45	501	3247	490	30	4268	29	26	6	0	0	0	0	19088	26892	0	1	ok
F	2882	f2880	45	451	3386	501	30	4368	29	26	6	0	0	0	0	19088	26892	0	1	ok
F	2883	f2881	45	711	3587	491	30	4819	29	26	6	0	0	0	0	19088	26892	0	1	ok
F	2884	f2882	45	501	3266	491	30	4288	29	26	6	0	0	0	0	19088	26892	0	1	ok
F	2885	f2883	45	391	3466	491	30	4378	29	26	6	0	0	0	0	19088	26892	0	1	ok
F	2886	f2884	45	461	3326	501	30	4318	29	26	6	0	0	0	0	19088	26892	0	1	ok
F	2887	f2885	45	451	3286	491	30	4258	29	26	6	0	0	0	0	19088	26892	0	1	ok
F	2888	f2886	45	451	3276	491	30	4248	29	26	6	0	0	0	0	19088	26892	0	1	ok
F	2889	f2887	45	410	3377	491	30	4308	29	26	6	0	0	0	0	19088	26892	0	1	ok
F	2890	f2888	45	321	3456	501	30	4308	29	26	6	0	0	0	0	19088	26892	0	1	ok
F	2891	f2889	45	501	3286	501	30	4318	29	26	6	0	0	0	0	19088	26892	0	1	ok
F	2892	f2890	45	310	3387	500	20	4217	29	26	6	0	0	0	0	19088	26892	0	1	ok
F	2893	f2891	45	391	3196	501	30	4118	29	26	6	0	0	0	0	19088	26892	0	1	ok
F	2894	f2892	45	511	3727	491	30	4759	29	26	6	0	0	0	0	19088	26892	0	1	ok
F	2895	f2893	45	371	3196	501	30	4098	29	26	6	0	0	0	0	19088	26892	0	1	ok
F	2896	f2894	45	321	3436	501	30	4288	29	26	6	0	0	0	0	19088	26892	0	1	ok
F	2897	f2895	45	441	3507	500	30	4478	29	26	6	0	0	0	0	19088	26892	0	1	ok
F	2898	f2896	45	68669	3376	511	30	72586	29	26	6	0	0	0	0	19088	26892	0	1	ok
F	2899	f2897	45	411	3386	491	30	4318	29	26	6	0	0	0	0	19088	26892	0	1	ok
F	2900	f2898	45	320	3577	491	30	4418	29	26	6	0	0	0	0	19088	26892	0	1	ok
F	2901	f2899	45	631	3276	501	30	4438	29	26	6	0	0	0	0	19088	26892	0	1	ok
F	2902	f2900	45	691	3497	491	30	4709	29	26	6	0	0	0	0	19088	26892	0	1	ok
F	2903	f2901	45	461	3276	501	30	4268	29	26	6	0	0	0	0	19088	26892	0	1	ok
F	2904	f2902	45	381	3376	491	30	4278	29	26	6	0	0	0	0	19088	26892	0	1	ok
F	2905	f2903	45	651	3457	500	31	4639	29	26	6	0	0	0	0	19088	26892	0	1	ok
F	2906	f2904	45	461	3697	501	30	4689	29	26	6	0	0	0	0	19088	26892	0	1	ok
F	2907	f2905	45	461	3446	511	20	4438	29	26	6	0	0	0	0	19088	26892	0	1	ok
F	2908	f2906	45	581	3496	511	30	4618	29	26	6	0	0	0	0	19088	26892	0	1	ok
F	2909	f2907	45	531	3236	491	30	4288	29	26	6	0	0	0	0	19088	26892	0	1	ok
F	2910	f2908	45	530	3567	501	20	4618	29	26	6	0	0	0	0	19088	26892	0	1	ok
F	2911	f2909	45	411	3346	501	30	4288	29	26	6	0	0	0	0	19088	26892	0	1	ok
F	2912	f2910	45	421	3457	501	30	4409	29	26	6	0	0	0	0	19088	26892	0	1	ok
F	2913	f2911	45	381	3256	501	30	4168	29	26	6	0	0	0	0	19088	26892	0	1	ok
F	2914	f2912	45	320	3857	501	30	4708	29	26	6	0	0	0	0	19088	26892	0	1	ok
F	2915	f2913	45	411	3086	491	30	4018	29	26	6	0	0	0	0	19088	26892	0	1	ok
F	2916	f2914	45	311	3316	501	30	4158	29	26	6	0	0	0	0	19088	26892	0	1	ok
F	2917	f2915	45	311	3186	501	30	4028	29	26	6	0	0	0	0	19088	26892	0	1	ok
F	2918	f2916	45	631	3426	491	30	4578	29	26	6	0	0	0	0	19088	26892	0	1	ok
F	2919	f2917	45	421	3266	511	30	4228	29	26	6	0	0	0	0	19088	26892	0	1	ok
F	2920	f2918	45	381	3256	491	30	4158	29	26	6	0	0	0	0	19088	26892	0	1	ok
F	2921	f2919	45	420	3547	491	30	4488	29	26	6	0	0	0	0	19088	26892	0	1	ok
F	2922	f2920	45	410	3567	491	30	4498	29	26	6	0	0	0	0	19088	26892	0	1	ok
F	2923	f2921	45	380	3607	501	30	4518	29	26	6	0	0	0	0	19088	26892	0	1	ok
F	2924	f2922	45	330	3647	491	30	4498	29	26	6	0	0	0	0	19088	26892	0	1	ok
F	2925	f2923	45	521	3536	501	20	4578	29	26	6	0	0	0	0	19088	26892	0	1	ok
F	2926	f2924	45	421	3556	491	30	4498	29	26	6	0	0	0	0	19088	26892	0	1	ok
F	2927	f2925	45	511	3226	491	30	4258	29	26	6	0	0	0	0	19088	26892	0	1	ok
F	2928	f2926	45	311	3396	501	30	4238	29	26	6	0	0	0	0	19088	26892	0	1	ok
F	2929	f2927	45	622	3236	490	31	4379	29	26	6	0	0	0	0	19088	26892	0	1	ok
F	2930	f2928	45	772	3446	501	30	4749	29	26	6	0	0	0	0	19088	26892	0	1	ok
F	2931	f2929	45	591	3486	491	30	4598	29	26	6	0	0	0	0	19088	26892	0	1	ok
F	2932	f2930	45	421	3416	491	30	4358	29	26	6	0	0	0	0	19088	26892	0	1	ok
F	2933	f2931	45	371	4278	501	30	5180	29	26	6	0	0	0	0	19088	26892	0	1	ok
F	2934	f2932	45	481	3697	491	30	4699	29	26	6	0	0	0	0	19088	26892	0	1	ok
F	2935	f2933	45	571	3326	501	30	4428	29	26	6	0	0	0	0	19088	26892	0	1	ok
F	2936	f2934	45	882	3396	491	30	4799	29	26	6	0	0	0	0	19088	26892	0	1	ok
F	2937	f2935	45	932	3687	501	30	5150	29	26	6	0	0	0	0	19088	26892	0	1	ok
F	2938	f2936	45	511	3707	501	30	4749	29	26	6	0	0	0	0	19088	26892	0	1	ok
F	2939	f2937	45	501	3406	501	20	4428	29	26	6	0	0	0	0	19088	26892	0	1	ok
F	2940	f2938	45	320	3567	491	30	4408	29	26	6	0	0	0	0	19088	26892	0	1	ok
F	2941	f2939	45	381	3417	500	31	4329	29	26	6	0	0	0	0	19088	26892	0	1	ok
F	2942	f2940	45	301	3336	681	30	4348	29	26	6	0	0	0	0	19088	26892	0	1	ok
F	2943	f2941	45	300	3757	511	20	4588	29	26	6	0	0	0	0	19088	26892	0	1	ok
F	2944	f2942	45	321	3306	491	30	4148	29	26	6	0	0	0	0	19088	26892	0	1	ok
F	2945	f2943	45	371	3477	501	30	4379	29	26	6	0	0	0	0	19088	26892	0	1	ok
F	2946	f2944	45	611	3547	501	30	4689	29	26	6	0	0	0	0	19088	26892	0	1	ok
F	2947	f2945	45	320	3076	491	30	3917	29	26	6	0	0	0	0	19088	26892	0	1	ok
F	2948	f2946	45	330	3286	501	20	4137	29	26	6	0	0	0	0	19088	26892	0	1	ok
F	2949	f2947	45	421	3115	491	30	4057	29	26	6	0	0	0	0	19088	26892	0	1	ok
F	2950	f2948	45	311	3616	501	30	4458	29	26	6	0	0	0	0	19088	26892	0	1	ok
F	2951	f2949	45	301	3787	491	40	4619	29	26	6	0	0	0	0	19088	26892	0	1	ok
F	2952	f2950	45	321	3236	491	30	4078	29	26	6	0	0	0	0	19088	26892	0	1	ok
F	2953	f2951	45	501	3507	501	30	4539	29	26	6	0	0	0	0	19088	26892	0	1	ok
F	2954	f2952	45	391	3376	501	30	4298	29	26	6	0	0	0	0	19088	26892	0	1	ok
F	2955	f2953	45	311	3186	511	30	4038	29	26	6	0	0	0	0	19088	26892	0	1	ok
F	2956	f2954	45	411	3176	501	30	4118	29	26	6	0	0	0	0	19088	26892	0	1	ok
F	2957	f2955	45	381	3427	490	31	4329	29	26	6	0	0	0	0	19088	26892	0	1	ok
F	2958	f2956	45	301	3296	501	20	4118	29	26	6	0	0	0	0	19088	26892	0	1	ok
F	2959	f2957	45	371	3346	491	30	4238	29	26	6	0	0	0	0	19088	26892	0	1	ok
F	2960	f2958	45	421	3717	491	30	4659	29	26	6	0	0	0	0	19088	26892	0	1	ok
F	2961	f2959	45	391	3206	491	30	4118	29	26	6	0	0	0	0	19088	26892	0	1	ok
F	2962	f2960	45	380	3727	491	30	4628	29	26	6	0	0	0	0	19088	26892	0	1	ok
F	2963	f2961	45	491	3496	501	30	4518	29	26	6	0	0	0	0	19088	26892	0	1	ok
F	2964	f2962	45	331	3336	491	30	4188	29	26	6	0	0	0	0	19088	26892	0	1	ok
F	2965	f2963	45	311	3516	511	20	4358	29	26	6	0	0	0	0	19088	26892	0	1	ok
F	2966	f2964	45	391	3266	501	20	4178	29	26	6	0	0	0	0	19088	26892	0	1	ok
F	2967	f2965	45	481	3246	511	30	4268	29	26	6	0	0	0	0	19088	26892	0	1	ok
F	2968	f2966	45	301	3386	501	30	4218	29	26	6	0	0	0	0	19088	26892	0	1	ok
F	2969	f2967	45	410	3196	501	30	4137	29	26	6	0	0	0	0	19088	26892	0	1	ok
F	2970	f2968	45	431	3416	501	30	4378	29	26	6	0	0	0	0	19088	26892	0	1	ok
F	2971	f2969	45	380	3357	491	30	4258	29	26	6	0	0	0	0	19088	26892	0	1	ok
F	2972	f2970	45	311	3466	501	30	4308	29	26	6	0	0	0	0	19088	26892	0	1	ok
F	2973	f2971	45	491	3837	511	20	4859	29	26	6	0	0	0	0	19088	26892	0	1	ok
F	2974	f2972	45	321	3587	501	30	4439	29	26	6	0	0	0	0	19088	26892	0	1	ok
F	2975	f2973	45	321	3376	491	30	4218	29	26	6	0	0	0	0	19088	26892	0	1	ok
F	2976	f2974	45	391	3506	491	30	4418	29	26	6	0	0	0	0	19088	26892	0	1	ok
F	2977	f2975	45	551	3186	501	30	4268	29	26	6	0	0	0	0	19088	26892	0	1	ok
F	2978	f2976	45	311	3947	501	30	4789	29	26	6	0	0	0	0	19088	26892	0	1	ok
F	2979	f2977	45	320	3206	491	30	4047	29	26	6	0	0	0	0	19088	26892	0	1	ok
F	2980	f2978	45	421	3356	501	20	4298	29	26	6	0	0	0	0	19088	26892	0	1	ok
F	2981	f2979	45	390	3477	491	30	4388	29	26	6	0	0	0	0	19088	26892	0	1	ok
F	2982	f2980	45	481	3377	501	30	4389	29	26	6	0	0	0	0	19088	26892	0	1	ok
F	2983	f2981	45	311	3847	501	20	4679	29	26	6	0	0	0	0	19088	26892	0	1	ok
F	2984	f2982	45	561	3306	491	30	4388	29	26	6	0	0	0	0	19088	26892	0	1	ok
F	2985	f2983	45	381	3416	491	30	4318	29	26	6	0	0	0	0	19088	26892	0	1	ok
F	2986	f2984	45	311	3216	521	30	4078	29	26	6	0	0	0	0	19088	26892	0	1	ok
F	2987	f2985	45	411	3346	511	30	4298	29	26	6	0	0	0	0	19088	26892	0	1	ok
F	2988	f2986	45	310	3317	491	30	4148	29	26	6	0	0	0	0	19088	26892	0	1	ok
F	2989	f2987	45	381	3356	501	30	4268	29	26	6	0	0	0	0	19088	26892	0	1	ok
F	2990	f2988	45	301	3366	501	30	4198	29	26	6	0	0	0	0	19088	26892	0	1	ok
F	2991	f2989	45	431	3326	501	30	4288	29	26	6	0	0	0	0	19088	26892	0	1	ok
F	2992	f2990	45	311	3527	531	30	4399	29	26	6	0	0	0	0	19088	26892	0	1	ok
F	2993	f2991	45	381	3416	491	30	4318	29	26	6	0	0	0	0	19088	26892	0	1	ok
F	2994	f2992	45	501	3607	501	30	4639	29	26	6	0	0	0	0	19088	26892	0	1	ok
F	2995	f2993	45	541	3296	501	30	4368	29	26	6	0	0	0	0	19088	26892	0	1	ok
F	2996	f2994	45	311	3546	511	30	4398	29	26	6	0	0	0	0	19088	26892	0	1	ok
F	2997	f2995	45	541	3206	501	30	4278	29	26	6	0	0	0	0	19088	26892	0	1	ok
F	2998	f2996	45	401	3206	521	30	4158	29	26	6	0	0	0	0	19088	26892	0	1	ok
F	2999	f2997	45	310	3377	501	30	4218	29	26	6	0	0	0	0	19088	26892	0	1	ok
F	3000	f2998	45	311	3837	511	30	4689	29	26	6	0	0	0	0	19088	26892	0	1	ok
F	3001	f2999	45	551	3156	501	30	4238	29	26	6	0	0	0	0	19088	26892	0	1	ok
F	3002	f3000	45	401	3446	511	20	4378	29	26	6	0	0	0	0	19088	26892	0	1	ok
F	3003	f3001	45	391	3366	491	30	4278	29	26	6	0	0	0	0	19088	26892	0	1	ok
F	3004	f3002	45	431	3236	491	40	4198	29	26	6	0	0	0	0	19088	26892	0	1	ok
F	3005	f3003	45	371	3386	501	30	4288	29	26	6	0	0	0	0	19088	26892	0	1	ok
F	3006	f3004	45	310	3677	491	30	4508	29	26	6	0	0	0	0	19088	26892	0	1	ok
F	3007	f3005	45	340	3377	490	30	4237	29	26	6	0	0	0	0	19088	26892	0	1	ok
F	3008	f3006	45	75381	4118	561	30	80090	29	26	6	0	0	0	0	19088	26892	0	1	ok
F	3009	f3007	45	351	3507	500	31	4389	29	26	6	0	0	0	0	19088	26892	0	1	ok
F	3010	f3008	45	391	3597	501	20	4509	29	26	6	0	0	0	0	19088	26892	0	1	ok
F	3011	f3009	45	601	3466	491	30	4588	29	26	6	0	0	0	0	19088	26892	0	1	ok
F	3012	f3010	45	491	3487	490	31	4499	29	26	6	0	0	0	0	19088	26892	0	1	ok
F	3013	f3011	45	431	3837	501	30	4799	29	26	6	0	0	0	0	19088	26892	0	1	ok
F	3014	f3012	45	641	3717	501	30	4889	29	26	6	0	0	0	0	19088	26892	0	1	ok
F	3015	f3013	45	561	3487	491	30	4569	29	26	6	0	0	0	0	19088	26892	0	1	ok
F	3016	f3014	45	450	3838	491	30	4809	29	26	6	0	0	0	0	19088	26892	0	1	ok
F	3017	f3015	45	551	3507	501	30	4589	29	26	6	0	0	0	0	19088	26892	0	1	ok
F	3018	f3016	45	551	3767	491	30	4839	29	26	6	0	0	0	0	19088	26892	0	1	ok
F	3019	f3017	45	391	3667	501	30	4589	29	26	6	0	0	0	0	19088	26892	0	1	ok
F	3020	f3018	45	311	3376	501	30	4218	29	26	6	0	0	0	0	19088	26892	0	1	ok
F	3021	f3019	45	451	3917	501	30	4899	29	26	6	0	0	0	0	19088	26892	0	1	ok
F	3022	f3020	45	300	3647	491	30	4468	29	26	6	0	0	0	0	19088	26892	0	1	ok
F	3023	f3021	45	360	3276	491	30	4157	29	26	6	0	0	0	0	19088	26892	0	1	ok
F	3024	f3022	45	320	3357	491	30	4198	29	26	6	0	0	0	0	19088	26892	0	1	ok
F	3025	f3023	45	672	3416	491	20	4599	29	26	6	0	0	0	0	19088	26892	0	1	ok
F	3026	f3024	45	310	3386	491	30	4217	29	26	6	0	0	0	0	19088	26892	0	1	ok
F	3027	f3025	45	311	3356	501	30	4198	29	26	6	0	0	0	0	19088	26892	0	1	ok
F	3028	f3026	45	441	3357	500	20	4318	29	26	6	0	0	0	0	19088	26892	0	1	ok
F	3029	f3027	45	371	3466	491	30	4358	29	26	6	0	0	0	0	19088	26892	0	1	ok
F	3030	f3028	45	501	3426	501	30	4458	29	26	6	0	0	0	0	19088	26892	0	1	ok
F	3031	f3029	45	300	3437	491	30	4258	29	26	6	0	0	0	0	19088	26892	0	1	ok
F	3032	f3030	45	431	3386	491	30	4338	29	26	6	0	0	0	0	19088	26892	0	1	ok
F	3033	f3031	45	381	3526	501	30	4438	29	26	6	0	0	0	0	19088	26892	0	1	ok
F	3034	f3032	45	411	3757	491	30	4689	29	26	6	0	0	0	0	19088	26892	0	1	ok
F	3035	f3033	45	421	3046	491	30	3988	29	26	6	0	0	0	0	19088	26892	0	1	ok
F	3036	f3034	45	310	3206	501	20	4037	29	26	6	0	0	0	0	19088	26892	0	1	ok
F	3037	f3035	45	370	3507	491	30	4398	29	26	6	0	0	0	0	19088	26892	0	1	ok
F	3038	f3036	45	410	3507	491	30	4438	29	26	6	0	0	0	0	19088	26892	0	1	ok
F	3039	f3037	45	411	3427	501	30	4369	29	26	6	0	0	0	0	19088	26892	0	1	ok
F	3040	f3038	45	321	3406	511	30	4268	29	26	6	0	0	0	0	19088	26892	0	1	ok
F	3041	f3039	45	441	3396	491	30	4358	29	26	6	0	0	0	0	19088	26892	0	1	ok
F	3042	f3040	45	420	3808	490	31	4749	29	26	6	0	0	0	0	19088	26892	0	1	ok
F	3043	f3041	45	381	3316	501	20	4218	29	26	6	0	0	0	0	19088	26892	0	1	ok
F	3044	f3042	45	310	3407	500	31	4248	29	26	6	0	0	0	0	19088	26892	0	1	ok
F	3045	f3043	45	381	3306	661	30	4378	29	26	6	0	0	0	0	19088	26892	0	1	ok
F	3046	f3044	45	591	3376	521	30	4518	29	26	6	0	0	0	0	19088	26892	0	1	ok
F	3047	f3045	45	461	3487	501	30	4479	29	26	6	0	0	0	0	19088	26892	0	1	ok
F	3048	f3046	45	461	3537	501	50	4549	29	26	6	0	0	0	0	19088	26892	0	1	ok
F	3049	f3047	45	521	3577	511	30	4639	29	26	6	0	0	0	0	19088	26892	0	1	ok
F	3050	f3048	45	501	3616	501	20	4638	29	26	6	0	0	0	0	19088	26892	0	1	ok
F	3051	f3049	45	461	3446	511	30	4448	29	26	6	0	0	0	0	19088	26892	0	1	ok
F	3052	f3050	45	441	3486	511	30	4468	29	26	6	0	0	0	0	19088	26892	0	1	ok
F	3053	f3051	45	381	3456	501	20	4358	29	26	6	0	0	0	0	19088	26892	0	1	ok
F	3054	f3052	45	381	3346	501	30	4258	29	26	6	0	0	0	0	19088	26892	0	1	ok
F	3055	f3053	45	310	3286	501	30	4127	29	26	6	0	0	0	0	19088	26892	0	1	ok
F	3056	f3054	45	611	3597	551	30	4789	29	26	6	0	0	0	0	19088	26892	0	1	ok
F	3057	f3055	45	451	3406	501	30	4388	29	26	6	0	0	0	0	19088	26892	0	1	ok
F	3058	f3056	45	381	3507	511	30	4429	29	26	6	0	0	0	0	19088	26892	0	1	ok
F	3059	f3057	45	421	3477	501	30	4429	29	26	6	0	0	0	0	19088	26892	0	1	ok
F	3060	f3058	45	321	3416	501	30	4268	29	26	6	0	0	0	0	19088	26892	0	1	ok
F	3061	f3059	45	400	3437	501	20	4358	29	26	6	0	0	0	0	19088	26892	0	1	ok
F	3062	f3060	45	481	3557	501	30	4569	29	26	6	0	0	0	0	19088	26892	0	1	ok
F	3063	f3061	45	481	3286	501	30	4298	29	26	6	0	0	0	0	19088	26892	0	1	ok
F	3064	f3062	45	311	3667	501	30	4509	29	26	6	0	0	0	0	19088	26892	0	1	ok
F	3065	f3063	45	371	3657	491	30	4549	29	26	6	0	0	0	0	19088	26892	0	1	ok
F	3066	f3064	45	421	3587	501	30	4539	29	26	6	0	0	0	0	19088	26892	0	1	ok
F	3067	f3065	45	321	3186	501	30	4038	29	26	6	0	0	0	0	19088	26892	0	1	ok
F	3068	f3066	45	320	3587	491	30	4428	29	26	6	0	0	0	0	19088	26892	0	1	ok
F	3069	f3067	45	391	3427	501	30	4349	29	26	6	0	0	0	0	19088	26892	0	1	ok
F	3070	f3068	45	411	3617	501	30	4559	29	26	6	0	0	0	0	19088	26892	0	1	ok
F	3071	f3069	45	311	3687	501	30	4529	29	26	6	0	0	0	0	19088	26892	0	1	ok
F	3072	f3070	45	311	3647	501	30	4489	29	26	6	0	0	0	0	19088	26892	0	1	ok
F	3073	f3071	45	531	3407	511	30	4479	29	26	6	0	0	0	0	19088	26892	0	1	ok
F	3074	f3072	45	391	3547	501	30	4469	29	26	6	0	0	0	0	19088	26892	0	1	ok
F	3075	f3073	45	311	3336	501	30	4178	29	26	6	0	0	0	0	19088	26892	0	1	ok
F	3076	f3074	45	431	3236	511	30	4208	29	26	6	0	0	0	0	19088	26892	0	1	ok
F	3077	f3075	45	401	3446	501	30	4378	29	26	6	0	0	0	0	19088	26892	0	1	ok
F	3078	f3076	45	381	3476	491	30	4378	29	26	6	0	0	0	0	19088	26892	0	1	ok
F	3079	f3077	45	310	3577	501	30	4418	29	26	6	0	0	0	0	19088	26892	0	1	ok
F	3080	f3078	45	430	3297	490	30	4247	29	26	6	0	0	0	0	19088	26892	0	1	ok
F	3081	f3079	45	321	3376	501	30	4228	29	26	6	0	0	0	0	19088	26892	0	1	ok
F	3082	f3080	45	340	3527	501	30	4398	29	26	6	0	0	0	0	19088	26892	0	1	ok
F	3083	f3081	45	491	3587	501	30	4609	29	26	6	0	0	0	0	19088	26892	0	1	ok
F	3084	f3082	45	310	3306	501	20	4137	29	26	6	0	0	0	0	19088	26892	0	1	ok
F	3085	f3083	45	391	3526	501	30	4448	29	26	6	0	0	0	0	19088	26892	0	1	ok
F	3086	f3084	45	401	3256	501	30	4188	29	26	6	0	0	0	0	19088	26892	0	1	ok
F	3087	f3085	45	421	3577	501	20	4519	29	26	6	0	0	0	0	19088	26892	0	1	ok
F	3088	f3086	45	301	3707	491	30	4529	29	26	6	0	0	0	0	19088	26892	0	1	ok
F	3089	f3087	45	401	3517	501	30	4449	29	26	6	0	0	0	0	19088	26892	0	1	ok
F	3090	f3088	45	431	3567	501	30	4529	29	26	6	0	0	0	0	19088	26892	0	1	ok
F	3091	f3089	45	331	3617	501	30	4479	29	26	6	0	0	0	0	19088	26892	0	1	ok
F	3092	f3090	45	321	3296	511	20	4148	29	26	6	0	0	0	0	19088	26892	0	1	ok
F	3093	f3091	45	300	3978	511	30	4819	29	26	6	0	0	0	0	19088	26892	0	1	ok
F	3094	f3092	45	631	3136	501	30	4298	29	26	6	0	0	0	0	19088	26892	0	1	ok
F	3095	f3093	45	371	3616	501	30	4518	29	26	6	0	0	0	0	19088	26892	0	1	ok
F	3096	f3094	45	371	3256	571	30	4228	29	26	6	0	0	0	0	19088	26892	0	1	ok
F	3097	f3095	45	561	3327	501	30	4419	29	26	6	0	0	0	0	19088	26892	0	1	ok
F	3098	f3096	45	321	3547	500	30	4398	29	26	6	0	0	0	0	19088	26892	0	1	ok
F	3099	f3097	45	371	3496	501	30	4398	29	26	6	0	0	0	0	19088	26892	0	1	ok
F	3100	f3098	45	431	3216	501	30	4178	29	26	6	0	0	0	0	19088	26892	0	1	ok
F	3101	f3099	45	381	3547	501	30	4459	29	26	6	0	0	0	0	19088	26892	0	1	ok
F	3102	f3100	45	381	6552	501	30	7464	29	26	6	0	0	0	0	19088	26892	0	1	ok
F	3103	f3101	45	380	3477	511	30	4398	29	26	6	0	0	0	0	19088	26892	0	1	ok
F	3104	f3102	45	471	3507	501	30	4509	29	26	6	0	0	0	0	19088	26892	0	1	ok
F	3105	f3103	45	311	3266	501	30	4108	29	26	6	0	0	0	0	19088	26892	0	1	ok
F	3106	f3104	45	310	3607	501	30	4448	29	26	6	0	0	0	0	19088	26892	0	1	ok
F	3107	f3105	45	481	3566	501	30	4578	29	26	6	0	0	0	0	19088	26892	0	1	ok
F	3108	f3106	45	320	3357	491	30	4198	29	26	6	0	0	0	0	19088	26892	0	1	ok
F	3109	f3107	45	651	3467	491	30	4639	29	26	6	0	0	0	0	19088	26892	0	1	ok
F	3110	f3108	45	461	3667	501	30	4659	29	26	6	0	0	0	0	19088	26892	0	1	ok
F	3111	f3109	45	511	4318	501	20	5350	29	26	6	0	0	0	0	19088	26892	0	1	ok
F	3112	f3110	45	301	3346	501	30	4178	29	26	6	0	0	0	0	19088	26892	0	1	ok
F	3113	f3111	45	851	3767	491	30	5139	29	26	6	0	0	0	0	19088	26892	0	1	ok
F	3114	f3112	45	431	3456	501	30	4418	29	26	6	0	0	0	0	19088	26892	0	1	ok
F	3115	f3113	45	300	3737	501	30	4568	29	26	6	0	0	0	0	19088	26892	0	1	ok
F	3116	f3114	45	311	3476	511	30	4328	29	26	6	0	0	0	0	19088	26892	0	1	ok
F	3117	f3115	45	320	3787	501	30	4638	29	26	6	0	0	0	0	19088	26892	0	1	ok
F	3118	f3116	45	102792	3777	561	30	107160	29	26	6	0	0	0	0	19088	26892	0	1	ok
F	3119	f3117	45	361	3456	501	20	4338	29	26	6	0	0	0	0	19088	26892	0	1	ok
F	3120	f3118	45	321	3386	501	30	4238	29	26	6	0	0	0	0	19088	26892	0	1	ok
F	3121	f3119	45	531	3576	511	30	4648	29	26	6	0	0	0	0	19088	26892	0	1	ok
F	3122	f3120	45	461	3436	551	30	4478	29	26	6	0	0	0	0	19088	26892	0	1	ok
F	3123	f3121	45	310	3277	501	40	4128	29	26	6	0	0	0	0	19088	26892	0	1	ok
F	3124	f3122	45	591	3567	501	30	4689	29	26	6	0	0	0	0	19088	26892	0	1	ok
F	3125	f3123	45	500	3407	501	30	4438	29	26	6	0	0	0	0	19088	26892	0	1	ok
F	3126	f3124	45	632	3396	501	30	4559	29	26	6	0	0	0	0	19088	26892	0	1	ok
F	3127	f3125	45	581	3526	501	30	4638	29	26	6	0	0	0	0	19088	26892	0	1	ok
F	3128	f3126	45	521	3586	501	30	4638	29	26	6	0	0	0	0	19088	26892	0	1	ok
F	3129	f3127	45	541	3056	501	30	4128	29	26	6	0	0	0	0	19088	26892	0	1	ok
F	3130	f3128	45	471	3516	501	30	4518	29	26	6	0	0	0	0	19088	26892	0	1	ok
F	3131	f3129	45	491	3446	501	30	4468	29	26	6	0	0	0	0	19088	26892	0	1	ok
F	3132	f3130	45	320	3326	501	30	4177	29	26	6	0	0	0	0	19088	26892	0	1	ok
F	3133	f3131	45	311	3366	511	20	4208	29	26	6	0	0	0	0	19088	26892	0	1	ok
F	3134	f3132	45	310	3497	501	30	4338	29	26	6	0	0	0	0	19088	26892	0	1	ok
F	3135	f3133	45	441	3376	511	30	4358	29	26	6	0	0	0	0	19088	26892	0	1	ok
F	3136	f3134	45	521	3717	501	30	4769	29	26	6	0	0	0	0	19088	26892	0	1	ok
F	3137	f3135	45	371	3336	501	30	4238	29	26	6	0	0	0	0	19088	26892	0	1	ok
F	3138	f3136	45	421	3246	501	30	4198	29	26	6	0	0	0	0	19088	26892	0	1	ok
F	3139	f3137	45	301	3527	511	20	4359	29	26	6	0	0	0	0	19088	26892	0	1	ok
F	3140	f3138	45	321	3316	501	30	4168	29	26	6	0	0	0	0	19088	26892	0	1	ok
F	3141	f3139	45	320	3407	490	31	4248	29	26	6	0	0	0	0	19088	26892	0	1	ok
F	3142	f3140	45	481	3527	501	30	4539	29	26	6	0	0	0	0	19088	26892	0	1	ok
F	3143	f3141	45	311	3516	501	30	4358	29	26	6	0	0	0	0	19088	26892	0	1	ok
F	3144	f3142	45	311	3456	501	30	4298	29	26	6	0	0	0	0	19088	26892	0	1	ok
F	3145	f3143	45	431	3216	500	31	4178	29	26	6	0	0	0	0	19088	26892	0	1	ok
F	3146	f3144	45	381	3717	511	20	4629	29	26	6	0	0	0	0	19088	26892	0	1	ok
F	3147	f3145	45	320	3336	501	20	4177	29	26	6	0	0	0	0	19088	26892	0	1	ok
F	3148	f3146	45	321	3396	641	20	4378	29	26	6	0	0	0	0	19088	26892	0	1	ok
F	3149	f3147	45	300	3417	511	40	4268	29	26	6	0	0	0	0	19088	26892	0	1	ok
F	3150	f3148	45	311	3887	511	20	4729	29	26	6	0	0	0	0	19088	26892	0	1	ok
F	3151	f3149	45	300	3557	501	30	4388	29	26	6	0	0	0	0	19088	26892	0	1	ok
F	3152	f3150	45	420	3387	511	30	4348	29	26	6	0	0	0	0	19088	26892	0	1	ok
F	3153	f3151	45	481	3326	501	30	4338	29	26	6	0	0	0	0	19088	26892	0	1	ok
F	3154	f3152	45	391	3296	501	30	4218	29	26	6	0	0	0	0	19088	26892	0	1	ok
F	3155	f3153	45	431	3156	501	30	4118	29	26	6	0	0	0	0	19088	26892	0	1	ok
F	3156	f3154	45	320	3086	501	30	3937	29	26	6	0	0	0	0	19088	26892	0	1	ok
F	3157	f3155	45	380	3256	501	40	4177	29	26	6	0	0	0	0	19088	26892	0	1	ok
F	3158	f3156	45	311	3917	501	30	4759	29	26	6	0	0	0	0	19088	26892	0	1	ok
F	3159	f3157	45	431	3286	491	30	4238	29	26	6	0	0	0	0	19088	26892	0	1	ok
F	3160	f3158	45	311	3556	501	30	4398	29	26	6	0	0	0	0	19088	26892	0	1	ok
F	3161	f3159	45	361	3517	511	20	4409	29	26	6	0	0	0	0	19088	26892	0	1	ok
F	3162	f3160	45	421	3617	511	20	4569	29	26	6	0	0	0	0	19088	26892	0	1	ok
F	3163	f3161	45	451	3056	491	30	4028	29	26	6	0	0	0	0	19088	26892	0	1	ok
F	3164	f3162	45	370	3377	501	20	4268	29	26	6	0	0	0	0	19088	26892	0	1	ok
F	3165	f3163	45	391	3396	501	30	4318	29	26	6	0	0	0	0	19088	26892	0	1	ok
F	3166	f3164	45	681	3667	511	20	4879	29	26	6	0	0	0	0	19088	26892	0	1	ok
F	3167	f3165	45	470	3337	491	30	4328	29	26	6	0	0	0	0	19088	26892	0	1	ok
F	3168	f3166	45	311	3597	500	31	4439	29	26	6	0	0	0	0	19088	26892	0	1	ok
F	3169	f3167	45	431	3136	501	30	4098	29	26	6	0	0	0	0	19088	26892	0	1	ok
F	3170	f3168	45	371	3647	551	30	4599	29	26	6	0	0	0	0	19088	26892	0	1	ok
F	3171	f3169	45	371	3226	501	30	4128	29	26	6	0	0	0	0	19088	26892	0	1	ok
F	3172	f3170	45	320	3357	501	30	4208	29	26	6	0	0	0	0	19088	26892	0	1	ok
F	3173	f3171	45	481	3417	500	31	4429	29	26	6	0	0	0	0	19088	26892	0	1	ok
F	3174	f3172	45	381	3146	511	30	4068	29	26	6	0	0	0	0	19088	26892	0	1	ok
F	3175	f3173	45	311	3757	501	30	4599	29	26	6	0	0	0	0	19088	26892	0	1	ok
F	3176	f3174	45	421	7204	621	20	8266	29	26	6	0	0	0	0	19088	26892	0	1	ok
F	3177	f3175	45	491	3997	501	30	5019	29	26	6	0	0	0	0	19088	26892	0	1	ok
F	3178	f3176	45	391	3566	501	20	4478	29	26	6	0	0	0	0	19088	26892	0	1	ok
F	3179	f3177	45	501	3516	501	30	4548	29	26	6	0	0	0	0	19088	26892	0	1	ok
F	3180	f3178	45	371	3586	501	30	4488	29	26	6	0	0	0	0	19088	26892	0	1	ok
F	3181	f3179	45	381	3476	501	30	4388	29	26	6	0	0	0	0	19088	26892	0	1	ok
F	3182	f3180	45	511	3256	551	30	4348	29	26	6	0	0	0	0	19088	26892	0	1	ok
F	3183	f3181	45	511	3206	501	30	4248	29	26	6	0	0	0	0	19088	26892	0	1	ok
F	3184	f3182	45	300	3507	501	30	4338	29	26	6	0	0	0	0	19088	26892	0	1	ok
F	3185	f3183	45	320	3356	501	30	4207	29	26	6	0	0	0	0	19088	26892	0	1	ok
F	3186	f3184	45	421	3647	501	30	4599	29	26	6	0	0	0	0	19088	26892	0	1	ok
F	3187	f3185	45	371	3326	501	30	4228	29	26	6	0	0	0	0	19088	26892	0	1	ok
F	3188	f3186	45	311	3105	501	30	3947	29	26	6	0	0	0	0	19088	26892	0	1	ok
F	3189	f3187	45	461	3557	501	30	4549	29	26	6	0	0	0	0	19088	26892	0	1	ok
F	3190	f3188	45	781	3326	501	30	4638	29	26	6	0	0	0	0	19088	26892	0	1	ok
F	3191	f3189	45	380	3567	491	30	4468	29	26	6	0	0	0	0	19088	26892	0	1	ok
F	3192	f3190	45	310	3757	511	20	4598	29	26	6	0	0	0	0	19088	26892	0	1	ok
F	3193	f3191	45	421	3296	501	30	4248	29	26	6	0	0	0	0	19088	26892	0	1	ok
F	3194	f3192	45	320	3296	501	20	4137	29	26	6	0	0	0	0	19088	26892	0	1	ok
F	3195	f3193	45	310	3387	501	30	4228	29	26	6	0	0	0	0	19088	26892	0	1	ok
F	3196	f3194	45	381	3517	491	30	4419	29	26	6	0	0	0	0	19088	26892	0	1	ok
F	3197	f3195	45	501	3647	501	30	4679	29	26	6	0	0	0	0	19088	26892	0	1	ok
F	3198	f3196	45	320	3407	501	30	4258	29	26	6	0	0	0	0	19088	26892	0	1	ok
F	3199	f3197	45	381	3526	501	30	4438	29	26	6	0	0	0	0	19088	26892	0	1	ok
F	3200	f3198	45	421	3496	501	30	4448	29	26	6	0	0	0	0	19088	26892	0	1	ok
F	3201	f3199	45	381	3436	501	30	4348	29	26	6	0	0	0	0	19088	26892	0	1	ok
F	3202	f3200	45	310	3357	490	31	4188	29	26	6	0	0	0	0	19088	26892	0	1	ok
F	3203	f3201	45	481	3286	501	30	4298	29	26	6	0	0	0	0	19088	26892	0	1	ok
F	3204	f3202	45	320	3276	501	30	4127	29	26	6	0	0	0	0	19088	26892	0	1	ok
F	3205	f3203	45	321	3526	501	30	4378	29	26	6	0	0	0	0	19088	26892	0	1	ok
F	3206	f3204	45	391	3396	501	20	4308	29	26	6	0	0	0	0	19088	26892	0	1	ok
F	3207	f3205	45	521	3537	501	30	4589	29	26	6	0	0	0	0	19088	26892	0	1	ok
F	3208	f3206	45	310	3316	501	30	4157	29	26	6	0	0	0	0	19088	26892	0	1	ok
F	3209	f3207	45	381	3576	501	30	4488	29	26	6	0	0	0	0	19088	26892	0	1	ok
F	3210	f3208	45	421	3426	501	30	4378	29	26	6	0	0	0	0	19088	26892	0	1	ok
F	3211	f3209	45	411	3296	501	30	4238	29	26	6	0	0	0	0	19088	26892	0	1	ok
F	3212	f3210	45	311	3256	491	30	4088	29	26	6	0	0	0	0	19088	26892	0	1	ok
F	3213	f3211	45	380	3286	491	30	4187	29	26	6	0	0	0	0	19088	26892	0	1	ok
F	3214	f3212	45	421	3316	491	30	4258	29	26	6	0	0	0	0	19088	26892	0	1	ok
F	3215	f3213	45	310	3366	501	30	4207	29	26	6	0	0	0	0	19088	26892	0	1	ok
F	3216	f3214	45	311	3496	501	30	4338	29	26	6	0	0	0	0	19088	26892	0	1	ok
F	3217	f3215	45	471	3286	501	30	4288	29	26	6	0	0	0	0	19088	26892	0	1	ok
F	3218	f3216	45	381	3506	501	30	4418	29	26	6	0	0	0	0	19088	26892	0	1	ok
F	3219	f3217	45	310	3517	511	30	4368	29	26	6	0	0	0	0	19088	26892	0	1	ok
F	3220	f3218	45	400	3216	501	30	4147	29	26	6	0	0	0	0	19088	26892	0	1	ok
F	3221	f3219	45	481	3947	501	30	4959	29	26	6	0	0	0	0	19088	26892	0	1	ok
F	3222	f3220	45	461	3366	491	30	4348	29	26	6	0	0	0	0	19088	26892	0	1	ok
F	3223	f3221	45	451	3417	501	30	4399	29	26	6	0	0	0	0	19088	26892	0	1	ok
F	3224	f3222	45	481	3597	501	30	4609	29	26	6	0	0	0	0	19088	26892	0	1	ok
F	3225	f3223	45	410	3136	531	30	4107	29	26	6	0	0	0	0	19088	26892	0	1	ok
F	3226	f3224	45	310	3607	561	30	4508	29	26	6	0	0	0	0	19088	26892	0	1	ok
F	3227	f3225	45	371	78086	581	40	79078	29	26	6	0	0	0	0	19088	26892	0	1	ok
F	3228	f3226	45	410	3417	501	30	4358	29	26	6	0	0	0	0	19088	26892	0	1	ok
F	3229	f3227	45	450	3347	501	30	4328	29	26	6	0	0	0	0	19088	26892	0	1	ok
F	3230	f3228	45	441	3477	561	30	4509	29	26	6	0	0	0	0	19088	26892	0	1	ok
F	3231	f3229	45	662	3476	511	30	4679	29	26	6	0	0	0	0	19088	26892	0	1	ok
F	3232	f3230	45	380	3567	501	30	4478	29	26	6	0	0	0	0	19088	26892	0	1	ok
F	3233	f3231	45	451	3286	511	30	4278	29	26	6	0	0	0	0	19088	26892	0	1	ok
F	3234	f3232	45	421	3737	501	30	4689	29	26	6	0	0	0	0	19088	26892	0	1	ok
F	3235	f3233	45	441	3596	501	30	4568	29	26	6	0	0	0	0	19088	26892	0	1	ok
F	3236	f3234	45	311	3356	511	30	4208	29	26	6	0	0	0	0	19088	26892	0	1	ok
F	3237	f3235	45	321	3346	491	30	4188	29	26	6	0	0	0	0	19088	26892	0	1	ok
F	3238	f3236	45	561	3687	501	20	4769	29	26	6	0	0	0	0	19088	26892	0	1	ok
F	3239	f3237	45	451	3627	501	30	4609	29	26	6	0	0	0	0	19088	26892	0	1	ok
F	3240	f3238	45	320	3326	491	30	4167	29	26	6	0	0	0	0	19088	26892	0	1	ok
F	3241	f3239	45	501	3386	511	20	4418	29	26	6	0	0	0	0	19088	26892	0	1	ok
F	3242	f3240	45	301	3446	501	30	4278	29	26	6	0	0	0	0	19088	26892	0	1	ok
F	3243	f3241	45	380	3657	501	30	4568	29	26	6	0	0	0	0	19088	26892	0	1	ok
F	3244	f3242	45	310	3357	511	30	4208	29	26	6	0	0	0	0	19088	26892	0	1	ok
F	3245	f3243	45	491	3206	511	20	4228	29	26	6	0	0	0	0	19088	26892	0	1	ok
F	3246	f3244	45	380	3507	501	30	4418	29	26	6	0	0	0	0	19088	26892	0	1	ok
F	3247	f3245	45	380	3226	491	30	4127	29	26	6	0	0	0	0	19088	26892	0	1	ok
F	3248	f3246	45	421	3516	501	30	4468	29	26	6	0	0	0	0	19088	26892	0	1	ok
F	3249	f3247	45	371	3436	501	30	4338	29	26	6	0	0	0	0	19088	26892	0	1	ok
F	3250	f3248	45	310	3477	501	30	4318	29	26	6	0	0	0	0	19088	26892	0	1	ok
F	3251	f3249	45	301	3266	621	30	4218	29	26	6	0	0	0	0	19088	26892	0	1	ok
F	3252	f3250	45	320	3276	511	30	4137	29	26	6	0	0	0	0	19088	26892	0	1	ok
F	3253	f3251	45	401	3436	501	30	4368	29	26	6	0	0	0	0	19088	26892	0	1	ok
F	3254	f3252	45	380	3196	511	30	4117	29	26	6	0	0	0	0	19088	26892	0	1	ok
F	3255	f3253	45	481	3366	501	30	4378	29	26	6	0	0	0	0	19088	26892	0	1	ok
F	3256	f3254	45	310	3587	511	20	4428	29	26	6	0	0	0	0	19088	26892	0	1	ok
F	3257	f3255	45	391	3336	501	30	4258	29	26	6	0	0	0	0	19088	26892	0	1	ok
F	3258	f3256	45	431	3457	501	20	4409	29	26	6	0	0	0	0	19088	26892	0	1	ok
F	3259	f3257	45	371	3066	501	30	3968	29	26	6	0	0	0	0	19088	26892	0	1	ok
F	3260	f3258	45	311	3586	491	40	4428	29	26	6	0	0	0	0	19088	26892	0	1	ok
F	3261	f3259	45	381	3286	501	30	4198	29	26	6	0	0	0	0	19088	26892	0	1	ok
F	3262	f3260	45	521	3818	500	31	4870	29	26	6	0	0	0	0	19088	26892	0	1	ok
F	3263	f3261	45	391	3416	501	30	4338	29	26	6	0	0	0	0	19088	26892	0	1	ok
F	3264	f3262	45	330	3677	511	30	4548	29	26	6	0	0	0	0	19088	26892	0	1	ok
F	3265	f3263	45	531	3727	511	20	4789	29	26	6	0	0	0	0	19088	26892	0	1	ok
F	3266	f3264	45	311	3406	511	20	4248	29	26	6	0	0	0	0	19088	26892	0	1	ok
F	3267	f3265	45	301	3216	500	41	4058	29	26	6	0	0	0	0	19088	26892	0	1	ok
F	3268	f3266	45	341	3516	521	20	4398	29	26	6	0	0	0	0	19088	26892	0	1	ok
F	3269	f3267	45	431	3456	501	30	4418	29	26	6	0	0	0	0	19088	26892	0	1	ok
F	3270	f3268	45	581	3336	501	30	4448	29	26	6	0	0	0	0	19088	26892	0	1	ok
F	3271	f3269	45	320	3347	511	20	4198	29	26	6	0	0	0	0	19088	26892	0	1	ok
F	3272	f3270	45	491	3406	511	30	4438	29	26	6	0	0	0	0	19088	26892	0	1	ok
F	3273	f3271	45	321	3126	501	30	3978	29	26	6	0	0	0	0	19088	26892	0	1	ok
F	3274	f3272	45	310	3527	501	30	4368	29	26	6	0	0	0	0	19088	26892	0	1	ok
F	3275	f3273	45	311	3456	501	30	4298	29	26	6	0	0	0	0	19088	26892	0	1	ok
F	3276	f3274	45	421	3396	501	20	4338	29	26	6	0	0	0	0	19088	26892	0	1	ok
F	3277	f3275	45	370	3397	491	30	4288	29	26	6	0	0	0	0	19088	26892	0	1	ok
F	3278	f3276	45	461	3577	501	30	4569	29	26	6	0	0	0	0	19088	26892	0	1	ok
F	3279	f3277	45	511	3266	501	30	4308	29	26	6	0	0	0	0	19088	26892	0	1	ok
F	3280	f3278	45	521	3366	511	30	4428	29	26	6	0	0	0	0	19088	26892	0	1	ok
F	3281	f3279	45	491	3266	501	30	4288	29	26	6	0	0	0	0	19088	26892	0	1	ok
F	3282	f3280	45	510	3317	501	30	4358	29	26	6	0	0	0	0	19088	26892	0	1	ok
F	3283	f3281	45	321	3246	491	30	4088	29	26	6	0	0	0	0	19088	26892	0	1	ok
F	3284	f3282	45	331	3346	501	30	4208	29	26	6	0	0	0	0	19088	26892	0	1	ok
F	3285	f3283	45	320	3727	501	30	4578	29	26	6	0	0	0	0	19088	26892	0	1	ok
F	3286	f3284	45	481	3316	501	30	4328	29	26	6	0	0	0	0	19088	26892	0	1	ok
F	3287	f3285	45	310	3447	501	30	4288	29	26	6	0	0	0	0	19088	26892	0	1	ok
F	3288	f3286	45	381	3426	501	30	4338	29	26	6	0	0	0	0	19088	26892	0	1	ok
F	3289	f3287	45	541	3256	501	30	4328	29	26	6	0	0	0	0	19088	26892	0	1	ok
F	3290	f3288	45	391	3466	501	30	4388	29	26	6	0	0	0	0	19088	26892	0	1	ok
F	3291	f3289	45	330	3126	511	30	3997	29	26	6	0	0	0	0	19088	26892	0	1	ok
F	3292	f3290	45	310	3367	500	31	4208	29	26	6	0	0	0	0	19088	26892	0	1	ok
F	3293	f3291	45	481	3096	511	20	4108	29	26	6	0	0	0	0	19088	26892	0	1	ok
F	3294	f3292	45	301	3507	510	31	4349	29	26	6	0	0	0	0	19088	26892	0	1	ok
F	3295	f3293	45	321	3156	501	30	4008	29	26	6	0	0	0	0	19088	26892	0	1	ok
F	3296	f3294	45	441	3667	491	30	4629	29	26	6	0	0	0	0	19088	26892	0	1	ok
F	3297	f3295	45	311	3306	501	30	4148	29	26	6	0	0	0	0	19088	26892	0	1	ok
F	3298	f3296	45	310	3497	501	20	4328	29	26	6	0	0	0	0	19088	26892	0	1	ok
F	3299	f3297	45	321	3256	501	30	4108	29	26	6	0	0	0	0	19088	26892	0	1	ok
F	3300	f3298	45	420	3227	500	31	4178	29	26	6	0	0	0	0	19088	26892	0	1	ok
F	3301	f3299	45	311	3466	501	30	4308	29	26	6	0	0	0	0	19088	26892	0	1	ok
F	3302	f3300	45	320	3196	501	20	4037	29	26	6	0	0	0	0	19088	26892	0	1	ok
F	3303	f3301	45	481	3446	491	30	4448	29	26	6	0	0	0	0	19088	26892	0	1	ok
F	3304	f3302	45	320	3868	521	20	4729	29	26	6	0	0	0	0	19088	26892	0	1	ok
F	3305	f3303	45	471	4068	501	20	5060	29	26	6	0	0	0	0	19088	26892	0	1	ok
F	3306	f3304	45	561	3948	501	30	5040	29	26	6	0	0	0	0	19088	26892	0	1	ok
F	3307	f3305	45	460	3537	491	30	4518	29	26	6	0	0	0	0	19088	26892	0	1	ok
F	3308	f3306	45	300	3948	501	30	4779	29	26	6	0	0	0	0	19088	26892	0	1	ok
F	3309	f3307	45	311	3647	501	40	4499	29	26	6	0	0	0	0	19088	26892	0	1	ok
F	3310	f3308	45	421	3517	501	30	4469	29	26	6	0	0	0	0	19088	26892	0	1	ok
F	3311	f3309	45	411	3306	501	30	4248	29	26	6	0	0	0	0	19088	26892	0	1	ok
F	3312	f3310	45	461	4097	501	30	5089	29	26	6	0	0	0	0	19088	26892	0	1	ok
F	3313	f3311	45	551	3617	501	30	4699	29	26	6	0	0	0	0	19088	26892	0	1	ok
F	3314	f3312	45	351	3476	501	30	4358	29	26	6	0	0	0	0	19088	26892	0	1	ok
F	3315	f3313	45	521	4098	501	30	5150	29	26	6	0	0	0	0	19088	26892	0	1	ok
F	3316	f3314	45	311	3907	491	30	4739	29	26	6	0	0	0	0	19088	26892	0	1	ok
F	3317	f3315	45	441	4217	501	30	5189	29	26	6	0	0	0	0	19088	26892	0	1	ok
F	3318	f3316	45	681	3527	501	30	4739	29	26	6	0	0	0	0	19088	26892	0	1	ok
F	3319	f3317	45	381	3176	511	30	4098	29	26	6	0	0	0	0	19088	26892	0	1	ok
F	3320	f3318	45	430	3317	501	40	4288	29	26	6	0	0	0	0	19088	26892	0	1	ok
F	3321	f3319	45	371	3587	511	30	4499	29	26	6	0	0	0	0	19088	26892	0	1	ok
F	3322	f3320	45	321	3246	511	20	4098	29	26	6	0	0	0	0	19088	26892	0	1	ok
F	3323	f3321	45	390	3267	500	31	4188	29	26	6	0	0	0	0	19088	26892	0	1	ok
F	3324	f3322	45	491	3466	501	30	4488	29	26	6	0	0	0	0	19088	26892	0	1	ok
F	3325	f3323	45	371	3366	511	20	4268	29	26	6	0	0	0	0	19088	26892	0	1	ok
F	3326	f3324	45	450	3477	501	30	4458	29	26	6	0	0	0	0	19088	26892	0	1	ok
F	3327	f3325	45	430	3527	501	20	4478	29	26	6	0	0	0	0	19088	26892	0	1	ok
F	3328	f3326	45	380	3507	501	30	4418	29	26	6	0	0	0	0	19088	26892	0	1	ok
F	3329	f3327	45	401	3657	501	30	4589	29	26	6	0	0	0	0	19088	26892	0	1	ok
F	3330	f3328	45	320	3687	501	30	4538	29	26	6	0	0	0	0	19088	26892	0	1	ok
F	3331	f3329	45	491	3547	501	20	4559	29	26	6	0	0	0	0	19088	26892	0	1	ok
F	3332	f3330	45	311	3376	511	30	4228	29	26	6	0	0	0	0	19088	26892	0	1	ok
F	3333	f3331	45	310	3287	500	31	4128	29	26	6	0	0	0	0	19088	26892	0	1	ok
F	3334	f3332	45	641	3627	501	20	4789	29	26	6	0	0	0	0	19088	26892	0	1	ok
F	3335	f3333	45	370	3196	501	30	4097	29	26	6	0	0	0	0	19088	26892	0	1	ok
F	3336	f3334	45	471	3206	501	30	4208	29	26	6	0	0	0	0	19088	26892	0	1	ok
F	3337	f3335	45	82174	4168	561	30	86933	29	26	6	0	0	0	0	19088	26892	0	1	ok
F	3338	f3336	45	441	3296	501	30	4268	29	26	6	0	0	0	0	19088	26892	0	1	ok
F	3339	f3337	45	390	3617	501	30	4538	29	26	6	0	0	0	0	19088	26892	0	1	ok
F	3340	f3338	45	460	3517	501	30	4508	29	26	6	0	0	0	0	19088	26892	0	1	ok
F	3341	f3339	45	591	3346	521	20	4478	29	26	6	0	0	0	0	19088	26892	0	1	ok
F	3342	f3340	45	380	3687	501	30	4598	29	26	6	0	0	0	0	19088	26892	0	1	ok
F	3343	f3341	45	380	3467	501	30	4378	29	26	6	0	0	0	0	19088	26892	0	1	ok
F	3344	f3342	45	420	3317	500	31	4268	29	26	6	0	0	0	0	19088	26892	0	1	ok
F	3345	f3343	45	461	3527	501	20	4509	29	26	6	0	0	0	0	19088	26892	0	1	ok
F	3346	f3344	45	381	3456	501	30	4368	29	26	6	0	0	0	0	19088	26892	0	1	ok
F	3347	f3345	45	300	3337	511	20	4168	29	26	6	0	0	0	0	19088	26892	0	1	ok
F	3348	f3346	45	421	3436	501	30	4388	29	26	6	0	0	0	0	19088	26892	0	1	ok
F	3349	f3347	45	371	3346	501	30	4248	29	26	6	0	0	0	0	19088	26892	0	1	ok
F	3350	f3348	45	310	3517	501	30	4358	29	26	6	0	0	0	0	19088	26892	0	1	ok
F	3351	f3349	45	411	3286	501	30	4228	29	26	6	0	0	0	0	19088	26892	0	1	ok
F	3352	f3350	45	310	3377	501	30	4218	29	26	6	0	0	0	0	19088	26892	0	1	ok
F	3353	f3351	45	431	3296	491	30	4248	29	26	6	0	0	0	0	19088	26892	0	1	ok
F	3354	f3352	45	521	3266	651	30	4468	29	26	6	0	0	0	0	19088	26892	0	1	ok
F	3355	f3353	45	310	3747	511	20	4588	29	26	6	0	0	0	0	19088	26892	0	1	ok
F	3356	f3354	45	311	3326	501	30	4168	29	26	6	0	0	0	0	19088	26892	0	1	ok
F	3357	f3355	45	391	3176	501	30	4098	29	26	6	0	0	0	0	19088	26892	0	1	ok
F	3358	f3356	45	420	3457	501	30	4408	29	26	6	0	0	0	0	19088	26892	0	1	ok
F	3359	f3357	45	321	3326	501	30	4178	29	26	6	0	0	0	0	19088	26892	0	1	ok
F	3360	f3358	45	371	3586	501	30	4488	29	26	6	0	0	0	0	19088	26892	0	1	ok
F	3361	f3359	45	551	3446	501	30	4528	29	26	6	0	0	0	0	19088	26892	0	1	ok
F	3362	f3360	45	310	3557	501	20	4388	29	26	6	0	0	0	0	19088	26892	0	1	ok
F	3363	f3361	45	340	3787	511	30	4668	29	26	6	0	0	0	0	19088	26892	0	1	ok
F	3364	f3362	45	311	3616	511	30	4468	29	26	6	0	0	0	0	19088	26892	0	1	ok
F	3365	f3363	45	501	3276	501	30	4308	29	26	6	0	0	0	0	19088	26892	0	1	ok
F	3366	f3364	45	460	3657	501	30	4648	29	26	6	0	0	0	0	19088	26892	0	1	ok
F	3367	f3365	45	320	3297	551	30	4198	29	26	6	0	0	0	0	19088	26892	0	1	ok
F	3368	f3366	45	421	3446	501	30	4398	29	26	6	0	0	0	0	19088	26892	0	1	ok
F	3369	f3367	45	371	3567	500	31	4469	29	26	6	0	0	0	0	19088	26892	0	1	ok
F	3370	f3368	45	331	3496	501	30	4358	29	26	6	0	0	0	0	19088	26892	0	1	ok
F	3371	f3369	45	381	3486	501	30	4398	29	26	6	0	0	0	0	19088	26892	0	1	ok
F	3372	f3370	45	420	3647	501	30	4598	29	26	6	0	0	0	0	19088	26892	0	1	ok
F	3373	f3371	45	461	3015	501	20	3997	29	26	6	0	0	0	0	19088	26892	0	1	ok
F	3374	f3372	45	391	3466	501	30	4388	29	26	6	0	0	0	0	19088	26892	0	1	ok
F	3375	f3373	45	501	3336	501	30	4368	29	26	6	0	0	0	0	19088	26892	0	1	ok
F	3376	f3374	45	300	3286	501	30	4117	29	26	6	0	0	0	0	19088	26892	0	1	ok
F	3377	f3375	45	391	3526	501	30	4448	29	26	6	0	0	0	0	19088	26892	0	1	ok
F	3378	f3376	45	391	3596	521	30	4538	29	26	6	0	0	0	0	19088	26892	0	1	ok
F	3379	f3377	45	411	3847	501	30	4789	29	26	6	0	0	0	0	19088	26892	0	1	ok
F	3380	f3378	45	321	3517	501	30	4369	29	26	6	0	0	0	0	19088	26892	0	1	ok
F	3381	f3379	45	371	3326	501	30	4228	29	26	6	0	0	0	0	19088	26892	0	1	ok
F	3382	f3380	45	481	3656	491	30	4658	29	26	6	0	0	0	0	19088	26892	0	1	ok
F	3383	f3381	45	311	3346	501	30	4188	29	26	6	0	0	0	0	19088	26892	0	1	ok
F	3384	f3382	45	311	3607	491	30	4439	29	26	6	0	0	0	0	19088	26892	0	1	ok
F	3385	f3383	45	561	3507	501	30	4599	29	26	6	0	0	0	0	19088	26892	0	1	ok
F	3386	f3384	45	381	3577	511	20	4489	29	26	6	0	0	0	0	19088	26892	0	1	ok
F	3387	f3385	45	301	3266	501	30	4098	29	26	6	0	0	0	0	19088	26892	0	1	ok
F	3388	f3386	45	300	3487	501	30	4318	29	26	6	0	0	0	0	19088	26892	0	1	ok
F	3389	f3387	45	490	3297	501	30	4318	29	26	6	0	0	0	0	19088	26892	0	1	ok
F	3390	f3388	45	381	3376	491	30	4278	29	26	6	0	0	0	0	19088	26892	0	1	ok
F	3391	f3389	45	381	3466	501	30	4378	29	26	6	0	0	0	0	19088	26892	0	1	ok
F	3392	f3390	45	501	3546	491	30	4568	29	26	6	0	0	0	0	19088	26892	0	1	ok
F	3393	f3391	45	451	3386	501	30	4368	29	26	6	0	0	0	0	19088	26892	0	1	ok
F	3394	f3392	45	390	3707	491	30	4618	29	26	6	0	0	0	0	19088	26892	0	1	ok
F	3395	f3393	45	310	3497	501	30	4338	29	26	6	0	0	0	0	19088	26892	0	1	ok
F	3396	f3394	45	440	3507	491	30	4468	29	26	6	0	0	0	0	19088	26892	0	1	ok
F	3397	f3395	45	561	3366	501	30	4458	29	26	6	0	0	0	0	19088	26892	0	1	ok
F	3398	f3396	45	391	3557	501	20	4469	29	26	6	0	0	0	0	19088	26892	0	1	ok
F	3399	f3397	45	431	3356	491	30	4308	29	26	6	0	0	0	0	19088	26892	0	1	ok
F	3400	f3398	45	301	3346	501	30	4178	29	26	6	0	0	0	0	19088	26892	0	1	ok
F	3401	f3399	45	381	3216	501	30	4128	29	26	6	0	0	0	0	19088	26892	0	1	ok
F	3402	f3400	45	411	3566	511	20	4508	29	26	6	0	0	0	0	19088	26892	0	1	ok
F	3403	f3401	45	491	3246	501	30	4268	29	26	6	0	0	0	0	19088	26892	0	1	ok
F	3404	f3402	45	321	3326	501	30	4178	29	26	6	0	0	0	0	19088	26892	0	1	ok
F	3405	f3403	45	310	3417	501	30	4258	29	26	6	0	0	0	0	19088	26892	0	1	ok
F	3406	f3404	45	421	3727	511	30	4689	29	26	6	0	0	0	0	19088	26892	0	1	ok
F	3407	f3405	45	380	3276	501	30	4187	29	26	6	0	0	0	0	19088	26892	0	1	ok
F	3408	f3406	45	401	3366	511	30	4308	29	26	6	0	0	0	0	19088	26892	0	1	ok
F	3409	f3407	45	501	3356	511	30	4398	29	26	6	0	0	0	0	19088	26892	0	1	ok
F	3410	f3408	45	511	3516	511	30	4568	29	26	6	0	0	0	0	19088	26892	0	1	ok
F	3411	f3409	45	381	3456	501	30	4368	29	26	6	0	0	0	0	19088	26892	0	1	ok
F	3412	f3410	45	310	3487	511	20	4328	29	26	6	0	0	0	0	19088	26892	0	1	ok
F	3413	f3411	45	521	3437	501	30	4489	29	26	6	0	0	0	0	19088	26892	0	1	ok
F	3414	f3412	45	301	3617	501	30	4449	29	26	6	0	0	0	0	19088	26892	0	1	ok
F	3415	f3413	45	371	3627	501	30	4529	29	26	6	0	0	0	0	19088	26892	0	1	ok
F	3416	f3414	45	481	3256	501	20	4258	29	26	6	0	0	0	0	19088	26892	0	1	ok
F	3417	f3415	45	381	3386	501	30	4298	29	26	6	0	0	0	0	19088	26892	0	1	ok
F	3418	f3416	45	390	3337	511	20	4258	29	26	6	0	0	0	0	19088	26892	0	1	ok
F	3419	f3417	45	311	3376	501	30	4218	29	26	6	0	0	0	0	19088	26892	0	1	ok
F	3420	f3418	45	440	3297	501	30	4268	29	26	6	0	0	0	0	19088	26892	0	1	ok
F	3421	f3419	45	311	3396	501	30	4238	29	26	6	0	0	0	0	19088	26892	0	1	ok
F	3422	f3420	45	320	3597	501	30	4448	29	26	6	0	0	0	0	19088	26892	0	1	ok
F	3423	f3421	45	480	3337	501	30	4348	29	26	6	0	0	0	0	19088	26892	0	1	ok
F	3424	f3422	45	301	3506	501	30	4338	29	26	6	0	0	0	0	19088	26892	0	1	ok
F	3425	f3423	45	381	3867	501	30	4779	29	26	6	0	0	0	0	19088	26892	0	1	ok
F	3426	f3424	45	390	3437	501	30	4358	29	26	6	0	0	0	0	19088	26892	0	1	ok
F	3427	f3425	45	642	3636	511	30	4819	29	26	6	0	0	0	0	19088	26892	0	1	ok
F	3428	f3426	45	311	3356	491	30	4188	29	26	6	0	0	0	0	19088	26892	0	1	ok
F	3429	f3427	45	371	3306	501	30	4208	29	26	6	0	0	0	0	19088	26892	0	1	ok
F	3430	f3428	45	501	3436	501	30	4468	29	26	6	0	0	0	0	19088	26892	0	1	ok
F	3431	f3429	45	461	3566	501	30	4558	29	26	6	0	0	0	0	19088	26892	0	1	ok
F	3432	f3430	45	371	3817	501	30	4719	29	26	6	0	0	0	0	19088	26892	0	1	ok
F	3433	f3431	45	451	3637	501	30	4619	29	26	6	0	0	0	0	19088	26892	0	1	ok
F	3434	f3432	45	451	3347	501	30	4329	29	26	6	0	0	0	0	19088	26892	0	1	ok
F	3435	f3433	45	321	3687	511	20	4539	29	26	6	0	0	0	0	19088	26892	0	1	ok
F	3436	f3434	45	301	3266	491	30	4088	29	26	6	0	0	0	0	19088	26892	0	1	ok
F	3437	f3435	45	491	3657	501	30	4679	29	26	6	0	0	0	0	19088	26892	0	1	ok
F	3438	f3436	45	310	3327	501	30	4168	29	26	6	0	0	0	0	19088	26892	0	1	ok
F	3439	f3437	45	321	3216	491	30	4058	29	26	6	0	0	0	0	19088	26892	0	1	ok
F	3440	f3438	45	421	3256	491	30	4198	29	26	6	0	0	0	0	19088	26892	0	1	ok
F	3441	f3439	45	441	3166	501	30	4138	29	26	6	0	0	0	0	19088	26892	0	1	ok
F	3442	f3440	45	391	3326	501	30	4248	29	26	6	0	0	0	0	19088	26892	0	1	ok
F	3443	f3441	45	310	3246	501	30	4087	29	26	6	0	0	0	0	19088	26892	0	1	ok
F	3444	f3442	45	431	3376	491	30	4328	29	26	6	0	0	0	0	19088	26892	0	1	ok
F	3445	f3443	45	461	3757	501	30	4749	29	26	6	0	0	0	0	19088	26892	0	1	ok
F	3446	f3444	45	320	3467	501	30	4318	29	26	6	0	0	0	0	19088	26892	0	1	ok
F	3447	f3445	45	76804	3968	581	30	81383	29	26	6	0	0	0	0	19088	26892	0	1	ok
F	3448	f3446	45	371	3316	511	20	4218	29	26	6	0	0	0	0	19088	26892	0	1	ok
F	3449	f3447	45	311	3316	501	30	4158	29	26	6	0	0	0	0	19088	26892	0	1	ok
F	3450	f3448	45	511	3316	501	30	4358	29	26	6	0	0	0	0	19088	26892	0	1	ok
F	3451	f3449	45	681	3477	501	30	4689	29	26	6	0	0	0	0	19088	26892	0	1	ok
F	3452	f3450	45	311	3667	501	30	4509	29	26	6	0	0	0	0	19088	26892	0	1	ok
F	3453	f3451	45	311	3416	501	30	4258	29	26	6	0	0	0	0	19088	26892	0	1	ok
F	3454	f3452	45	541	3517	501	30	4589	29	26	6	0	0	0	0	19088	26892	0	1	ok
F	3455	f3453	45	391	3396	501	30	4318	29	26	6	0	0	0	0	19088	26892	0	1	ok
F	3456	f3454	45	320	3287	500	31	4138	29	26	6	0	0	0	0	19088	26892	0	1	ok
F	3457	f3455	45	311	3506	641	21	4479	29	26	6	0	0	0	0	19088	26892	0	1	ok
F	3458	f3456	45	311	3396	501	30	4238	29	26	6	0	0	0	0	19088	26892	0	1	ok
F	3459	f3457	45	410	3397	511	20	4338	29	26	6	0	0	0	0	19088	26892	0	1	ok
F	3460	f3458	45	311	3316	521	30	4178	29	26	6	0	0	0	0	19088	26892	0	1	ok
F	3461	f3459	45	491	3316	501	30	4338	29	26	6	0	0	0	0	19088	26892	0	1	ok
F	3462	f3460	45	381	3206	511	20	4118	29	26	6	0	0	0	0	19088	26892	0	1	ok
F	3463	f3461	45	451	3787	501	30	4769	29	26	6	0	0	0	0	19088	26892	0	1	ok
F	3464	f3462	45	431	3296	491	30	4248	29	26	6	0	0	0	0	19088	26892	0	1	ok
F	3465	f3463	45	391	3586	501	30	4508	29	26	6	0	0	0	0	19088	26892	0	1	ok
F	3466	f3464	45	300	3367	501	30	4198	29	26	6	0	0	0	0	19088	26892	0	1	ok
F	3467	f3465	45	381	3286	501	30	4198	29	26	6	0	0	0	0	19088	26892	0	1	ok
F	3468	f3466	45	421	3436	501	30	4388	29	26	6	0	0	0	0	19088	26892	0	1	ok
F	3469	f3467	45	310	3226	501	30	4067	29	26	6	0	0	0	0	19088	26892	0	1	ok
F	3470	f3468	45	380	3527	501	30	4438	29	26	6	0	0	0	0	19088	26892	0	1	ok
F	3471	f3469	45	511	3236	501	30	4278	29	26	6	0	0	0	0	19088	26892	0	1	ok
F	3472	f3470	45	371	3286	501	30	4188	29	26	6	0	0	0	0	19088	26892	0	1	ok
F	3473	f3471	45	370	3266	501	30	4167	29	26	6	0	0	0	0	19088	26892	0	1	ok
F	3474	f3472	45	331	3256	511	20	4118	29	26	6	0	0	0	0	19088	26892	0	1	ok
F	3475	f3473	45	491	3236	501	30	4258	29	26	6	0	0	0	0	19088	26892	0	1	ok
F	3476	f3474	45	320	3717	501	30	4568	29	26	6	0	0	0	0	19088	26892	0	1	ok
F	3477	f3475	45	371	3206	491	30	4098	29	26	6	0	0	0	0	19088	26892	0	1	ok
F	3478	f3476	45	571	3607	511	30	4719	29	26	6	0	0	0	0	19088	26892	0	1	ok
F	3479	f3477	45	390	3357	500	31	4278	29	26	6	0	0	0	0	19088	26892	0	1	ok
F	3480	f3478	45	321	3466	501	30	4318	29	26	6	0	0	0	0	19088	26892	0	1	ok
F	3481	f3479	45	371	3576	501	30	4478	29	26	6	0	0	0	0	19088	26892	0	1	ok
F	3482	f3480	45	411	3486	531	20	4448	29	26	6	0	0	0	0	19088	26892	0	1	ok
F	3483	f3481	45	370	3707	511	30	4618	29	26	6	0	0	0	0	19088	26892	0	1	ok
F	3484	f3482	45	321	3356	501	30	4208	29	26	6	0	0	0	0	19088	26892	0	1	ok
F	3485	f3483	45	431	3367	490	31	4319	29	26	6	0	0	0	0	19088	26892	0	1	ok
F	3486	f3484	45	391	3426	501	30	4348	29	26	6	0	0	0	0	19088	26892	0	1	ok
F	3487	f3485	45	371	3376	501	30	4278	29	26	6	0	0	0	0	19088	26892	0	1	ok
F	3488	f3486	45	491	3507	501	30	4529	29	26	6	0	0	0	0	19088	26892	0	1	ok
F	3489	f3487	45	451	3497	511	30	4489	29	26	6	0	0	0	0	19088	26892	0	1	ok
F	3490	f3488	45	381	3256	511	20	4168	29	26	6	0	0	0	0	19088	26892	0	1	ok
F	3491	f3489	45	320	3347	501	30	4198	29	26	6	0	0	0	0	19088	26892	0	1	ok
F	3492	f3490	45	431	3336	531	30	4328	29	26	6	0	0	0	0	19088	26892	0	1	ok
F	3493	f3491	45	391	3186	501	30	4108	29	26	6	0	0	0	0	19088	26892	0	1	ok
F	3494	f3492	45	471	3446	501	30	4448	29	26	6	0	0	0	0	19088	26892	0	1	ok
F	3495	f3493	45	551	3467	490	31	4539	29	26	6	0	0	0	0	19088	26892	0	1	ok
F	3496	f3494	45	381	3497	500	31	4409	29	26	6	0	0	0	0	19088	26892	0	1	ok
F	3497	f3495	45	401	3617	501	30	4549	29	26	6	0	0	0	0	19088	26892	0	1	ok
F	3498	f3496	45	310	3577	501	30	4418	29	26	6	0	0	0	0	19088	26892	0	1	ok
F	3499	f3497	45	591	3797	501	30	4919	29	26	6	0	0	0	0	19088	26892	0	1	ok
F	3500	f3498	45	311	3867	501	30	4709	29	26	6	0	0	0	0	19088	26892	0	1	ok
F	3501	f3499	45	320	3327	501	30	4178	29	26	6	0	0	0	0	19088	26892	0	1	ok
F	3502	f3500	45	721	3627	501	30	4879	29	26	6	0	0	0	0	19088	26892	0	1	ok
F	3503	f3501	45	440	3587	501	30	4558	29	26	6	0	0	0	0	19088	26892	0	1	ok
F	3504	f3502	45	551	3727	501	30	4809	29	26	6	0	0	0	0	19088	26892	0	1	ok
F	3505	f3503	45	651	3517	511	30	4709	29	26	6	0	0	0	0	19088	26892	0	1	ok
F	3506	f3504	45	731	3647	501	30	4909	29	26	6	0	0	0	0	19088	26892	0	1	ok
F	3507	f3505	45	812	3797	501	30	5140	29	26	6	0	0	0	0	19088	26892	0	1	ok
F	3508	f3506	45	581	3707	511	30	4829	29	26	6	0	0	0	0	19088	26892	0	1	ok
F	3509	f3507	45	701	3396	501	30	4628	29	26	6	0	0	0	0	19088	26892	0	1	ok
F	3510	f3508	45	842	4027	501	30	5400	29	26	6	0	0	0	0	19088	26892	0	1	ok
F	3511	f3509	45	591	3587	501	30	4709	29	26	6	0	0	0	0	19088	26892	0	1	ok
F	3512	f3510	45	581	3526	511	30	4648	29	26	6	0	0	0	0	19088	26892	0	1	ok
F	3513	f3511	45	471	3587	511	20	4589	29	26	6	0	0	0	0	19088	26892	0	1	ok
F	3514	f3512	45	561	3617	501	30	4709	29	26	6	0	0	0	0	19088	26892	0	1	ok
F	3515	f3513	45	531	3406	501	30	4468	29	26	6	0	0	0	0	19088	26892	0	1	ok
F	3516	f3514	45	501	3576	501	30	4608	29	26	6	0	0	0	0	19088	26892	0	1	ok
F	3517	f3515	45	461	3406	501	30	4398	29	26	6	0	0	0	0	19088	26892	0	1	ok
F	3518	f3516	45	551	3486	511	30	4578	29	26	6	0	0	0	0	19088	26892	0	1	ok
F	3519	f3517	45	601	3497	500	21	4619	29	26	6	0	0	0	0	19088	26892	0	1	ok
F	3520	f3518	45	381	3286	501	30	4198	29	26	6	0	0	0	0	19088	26892	0	1	ok
F	3521	f3519	45	380	3357	511	30	4278	29	26	6	0	0	0	0	19088	26892	0	1	ok
F	3522	f3520	45	461	3136	501	30	4128	29	26	6	0	0	0	0	19088	26892	0	1	ok
F	3523	f3521	45	500	3397	501	40	4438	29	26	6	0	0	0	0	19088	26892	0	1	ok
F	3524	f3522	45	391	3216	491	30	4128	29	26	6	0	0	0	0	19088	26892	0	1	ok
F	3525	f3523	45	451	3336	491	30	4308	29	26	6	0	0	0	0	19088	26892	0	1	ok
F	3526	f3524	45	561	3357	511	30	4459	29	26	6	0	0	0	0	19088	26892	0	1	ok
F	3527	f3525	45	301	3246	501	30	4078	29	26	6	0	0	0	0	19088	26892	0	1	ok
F	3528	f3526	45	311	3206	501	30	4048	29	26	6	0	0	0	0	19088	26892	0	1	ok
F	3529	f3527	45	411	3436	501	30	4378	29	26	6	0	0	0	0	19088	26892	0	1	ok
F	3530	f3528	45	410	3246	501	30	4187	29	26	6	0	0	0	0	19088	26892	0	1	ok
F	3531	f3529	45	381	3276	501	30	4188	29	26	6	0	0	0	0	19088	26892	0	1	ok
F	3532	f3530	45	321	3707	511	30	4569	29	26	6	0	0	0	0	19088	26892	0	1	ok
F	3533	f3531	45	431	3096	501	30	4058	29	26	6	0	0	0	0	19088	26892	0	1	ok
F	3534	f3532	45	390	3617	501	30	4538	29	26	6	0	0	0	0	19088	26892	0	1	ok
F	3535	f3533	45	290	3497	501	30	4318	29	26	6	0	0	0	0	19088	26892	0	1	ok
F	3536	f3534	45	371	3737	511	20	4639	29	26	6	0	0	0	0	19088	26892	0	1	ok
F	3537	f3535	45	320	3387	491	30	4228	29	26	6	0	0	0	0	19088	26892	0	1	ok
F	3538	f3536	45	311	3496	501	30	4338	29	26	6	0	0	0	0	19088	26892	0	1	ok
F	3539	f3537	45	310	3337	501	20	4168	29	26	6	0	0	0	0	19088	26892	0	1	ok
F	3540	f3538	45	431	3356	501	30	4318	29	26	6	0	0	0	0	19088	26892	0	1	ok
F	3541	f3539	45	341	3296	491	30	4158	29	26	6	0	0	0	0	19088	26892	0	1	ok
F	3542	f3540	45	381	3477	490	30	4378	29	26	6	0	0	0	0	19088	26892	0	1	ok
F	3543	f3541	45	431	3196	501	30	4158	29	26	6	0	0	0	0	19088	26892	0	1	ok
F	3544	f3542	45	311	3196	501	30	4038	29	26	6	0	0	0	0	19088	26892	0	1	ok
F	3545	f3543	45	320	3587	501	30	4438	29	26	6	0	0	0	0	19088	26892	0	1	ok
F	3546	f3544	45	310	3266	501	30	4107	29	26	6	0	0	0	0	19088	26892	0	1	ok
F	3547	f3545	45	421	3636	501	30	4588	29	26	6	0	0	0	0	19088	26892	0	1	ok
F	3548	f3546	45	321	3356	511	30	4218	29	26	6	0	0	0	0	19088	26892	0	1	ok
F	3549	f3547	45	380	3457	511	20	4368	29	26	6	0	0	0	0	19088	26892	0	1	ok
F	3550	f3548	45	431	3487	511	20	4449	29	26	6	0	0	0	0	19088	26892	0	1	ok
F	3551	f3549	45	311	3396	491	30	4228	29	26	6	0	0	0	0	19088	26892	0	1	ok
F	3552	f3550	45	310	3787	511	20	4628	29	26	6	0	0	0	0	19088	26892	0	1	ok
F	3553	f3551	45	381	3747	501	30	4659	29	26	6	0	0	0	0	19088	26892	0	1	ok
F	3554	f3552	45	431	3587	501	20	4539	29	26	6	0	0	0	0	19088	26892	0	1	ok
F	3555	f3553	45	311	3546	511	30	4398	29	26	6	0	0	0	0	19088	26892	0	1	ok
F	3556	f3554	45	301	3386	501	30	4218	29	26	6	0	0	0	0	19088	26892	0	1	ok
F	3557	f3555	45	78717	3927	581	30	83255	29	26	6	0	0	0	0	19088	26892	0	1	ok
F	3558	f3556	45	441	3516	501	30	4488	29	26	6	0	0	0	0	19088	26892	0	1	ok
F	3559	f3557	45	300	3146	501	30	3977	29	26	6	0	0	0	0	19088	26892	0	1	ok
F	3560	f3558	45	321	3666	702	30	4719	29	26	6	0	0	0	0	19088	26892	0	1	ok
F	3561	f3559	45	391	3587	521	20	4519	29	26	6	0	0	0	0	19088	26892	0	1	ok
F	3562	f3560	45	602	3536	501	30	4669	29	26	6	0	0	0	0	19088	26892	0	1	ok
F	3563	f3561	45	451	3576	501	30	4558	29	26	6	0	0	0	0	19088	26892	0	1	ok
F	3564	f3562	45	491	4298	501	30	5320	29	26	6	0	0	0	0	19088	26892	0	1	ok
F	3565	f3563	45	381	3717	511	30	4639	29	26	6	0	0	0	0	19088	26892	0	1	ok
F	3566	f3564	45	380	3747	501	30	4658	29	26	6	0	0	0	0	19088	26892	0	1	ok
F	3567	f3565	45	431	3556	501	30	4518	29	26	6	0	0	0	0	19088	26892	0	1	ok
F	3568	f3566	45	371	3596	511	20	4498	29	26	6	0	0	0	0	19088	26892	0	1	ok
F	3569	f3567	45	381	3617	500	41	4539	29	26	6	0	0	0	0	19088	26892	0	1	ok
F	3570	f3568	45	321	3176	501	30	4028	29	26	6	0	0	0	0	19088	26892	0	1	ok
F	3571	f3569	45	431	3316	511	20	4278	29	26	6	0	0	0	0	19088	26892	0	1	ok
F	3572	f3570	45	340	3467	501	30	4338	29	26	6	0	0	0	0	19088	26892	0	1	ok
F	3573	f3571	45	311	3246	511	20	4088	29	26	6	0	0	0	0	19088	26892	0	1	ok
F	3574	f3572	45	511	3827	511	30	4879	29	26	6	0	0	0	0	19088	26892	0	1	ok
F	3575	f3573	45	311	3316	521	30	4178	29	26	6	0	0	0	0	19088	26892	0	1	ok
F	3576	f3574	45	320	3347	501	30	4198	29	26	6	0	0	0	0	19088	26892	0	1	ok
F	3577	f3575	45	441	3306	501	30	4278	29	26	6	0	0	0	0	19088	26892	0	1	ok
F	3578	f3576	45	421	3246	501	30	4198	29	26	6	0	0	0	0	19088	26892	0	1	ok
F	3579	f3577	45	321	3406	501	30	4258	29	26	6	0	0	0	0	19088	26892	0	1	ok
F	3580	f3578	45	310	3467	501	30	4308	29	26	6	0	0	0	0	19088	26892	0	1	ok
F	3581	f3579	45	491	3176	501	30	4198	29	26	6	0	0	0	0	19088	26892	0	1	ok
F	3582	f3580	45	401	3546	501	30	4478	29	26	6	0	0	0	0	19088	26892	0	1	ok
F	3583	f3581	45	391	3346	511	30	4278	29	26	6	0	0	0	0	19088	26892	0	1	ok
F	3584	f3582	45	311	3326	501	30	4168	29	26	6	0	0	0	0	19088	26892	0	1	ok
F	3585	f3583	45	471	3306	511	30	4318	29	26	6	0	0	0	0	19088	26892	0	1	ok
F	3586	f3584	45	321	3457	500	20	4298	29	26	6	0	0	0	0	19088	26892	0	1	ok
F	3587	f3585	45	371	3456	491	30	4348	29	26	6	0	0	0	0	19088	26892	0	1	ok
F	3588	f3586	45	411	3636	501	30	4578	29	26	6	0	0	0	0	19088	26892	0	1	ok
F	3589	f3587	45	301	3366	501	30	4198	29	26	6	0	0	0	0	19088	26892	0	1	ok
F	3590	f3588	45	461	3747	501	30	4739	29	26	6	0	0	0	0	19088	26892	0	1	ok
F	3591	f3589	45	561	3306	501	30	4398	29	26	6	0	0	0	0	19088	26892	0	1	ok
F	3592	f3590	45	310	3447	501	30	4288	29	26	6	0	0	0	0	19088	26892	0	1	ok
F	3593	f3591	45	321	3316	501	30	4168	29	26	6	0	0	0	0	19088	26892	0	1	ok
F	3594	f3592	45	310	3367	501	30	4208	29	26	6	0	0	0	0	19088	26892	0	1	ok
F	3595	f3593	45	491	3377	500	30	4398	29	26	6	0	0	0	0	19088	26892	0	1	ok
F	3596	f3594	45	311	3436	501	30	4278	29	26	6	0	0	0	0	19088	26892	0	1	ok
F	3597	f3595	45	320	3136	511	30	3997	29	26	6	0	0	0	0	19088	26892	0	1	ok
F	3598	f3596	45	501	3476	531	30	4538	29	26	6	0	0	0	0	19088	26892	0	1	ok
F	3599	f3597	45	371	3316	501	30	4218	29	26	6	0	0	0	0	19088	26892	0	1	ok
F	3600	f3598	45	301	3557	511	30	4399	29	26	6	0	0	0	0	19088	26892	0	1	ok
F	3601	f3599	45	451	3467	501	30	4449	29	26	6	0	0	0	0	19088	26892	0	1	ok
F	3602	f3600	45	421	3406	501	30	4358	29	26	6	0	0	0	0	19088	26892	0	1	ok
F	3603	f3601	45	320	3357	501	30	4208	29	26	6	0	0	0	0	19088	26892	0	1	ok
F	3604	f3602	45	311	3507	501	30	4349	29	26	6	0	0	0	0	19088	26892	0	1	ok
F	3605	f3603	45	421	3396	501	30	4348	29	26	6	0	0	0	0	19088	26892	0	1	ok
F	3606	f3604	45	491	3677	501	30	4699	29	26	6	0	0	0	0	19088	26892	0	1	ok
F	3607	f3605	45	311	3667	511	20	4509	29	26	6	0	0	0	0	19088	26892	0	1	ok
F	3608	f3606	45	301	3256	501	30	4088	29	26	6	0	0	0	0	19088	26892	0	1	ok
F	3609	f3607	45	471	3436	501	30	4438	29	26	6	0	0	0	0	19088	26892	0	1	ok
F	3610	f3608	45	310	3517	491	30	4348	29	26	6	0	0	0	0	19088	26892	0	1	ok
F	3611	f3609	45	311	3527	501	30	4369	29	26	6	0	0	0	0	19088	26892	0	1	ok
F	3612	f3610	45	501	3437	500	31	4469	29	26	6	0	0	0	0	19088	26892	0	1	ok
F	3613	f3611	45	391	3316	501	30	4238	29	26	6	0	0	0	0	19088	26892	0	1	ok
F	3614	f3612	45	310	3296	501	30	4137	29	26	6	0	0	0	0	19088	26892	0	1	ok
F	3615	f3613	45	501	3627	511	20	4659	29	26	6	0	0	0	0	19088	26892	0	1	ok
F	3616	f3614	45	441	3376	501	30	4348	29	26	6	0	0	0	0	19088	26892	0	1	ok
F	3617	f3615	45	310	3186	501	30	4027	29	26	6	0	0	0	0	19088	26892	0	1	ok
F	3618	f3616	45	541	3426	501	30	4498	29	26	6	0	0	0	0	19088	26892	0	1	ok
F	3619	f3617	45	501	3636	511	30	4678	29	26	6	0	0	0	0	19088	26892	0	1	ok
F	3620	f3618	45	491	3887	501	30	4909	29	26	6	0	0	0	0	19088	26892	0	1	ok
F	3621	f3619	45	871	3307	501	30	4709	29	26	6	0	0	0	0	19088	26892	0	1	ok
F	3622	f3620	45	772	3837	501	30	5140	29	26	6	0	0	0	0	19088	26892	0	1	ok
F	3623	f3621	45	441	3777	491	30	4739	29	26	6	0	0	0	0	19088	26892	0	1	ok
F	3624	f3622	45	451	3947	501	30	4929	29	26	6	0	0	0	0	19088	26892	0	1	ok
F	3625	f3623	45	771	3337	501	30	4639	29	26	6	0	0	0	0	19088	26892	0	1	ok
F	3626	f3624	45	732	3767	651	30	5180	29	26	6	0	0	0	0	19088	26892	0	1	ok
F	3627	f3625	45	321	3717	511	30	4579	29	26	6	0	0	0	0	19088	26892	0	1	ok
F	3628	f3626	45	320	3948	501	30	4799	29	26	6	0	0	0	0	19088	26892	0	1	ok
F	3629	f3627	45	521	3186	501	30	4238	29	26	6	0	0	0	0	19088	26892	0	1	ok
F	3630	f3628	45	310	3246	511	20	4087	29	26	6	0	0	0	0	19088	26892	0	1	ok
F	3631	f3629	45	471	3596	501	30	4598	29	26	6	0	0	0	0	19088	26892	0	1	ok
F	3632	f3630	45	411	3607	501	30	4549	29	26	6	0	0	0	0	19088	26892	0	1	ok
F	3633	f3631	45	641	3406	511	20	4578	29	26	6	0	0	0	0	19088	26892	0	1	ok
F	3634	f3632	45	521	4178	501	30	5230	29	26	6	0	0	0	0	19088	26892	0	1	ok
F	3635	f3633	45	400	3287	490	30	4207	29	26	6	0	0	0	0	19088	26892	0	1	ok
F	3636	f3634	45	501	3326	501	30	4358	29	26	6	0	0	0	0	19088	26892	0	1	ok
F	3637	f3635	45	731	3757	521	20	5029	29	26	6	0	0	0	0	19088	26892	0	1	ok
F	3638	f3636	45	751	4168	501	30	5450	29	26	6	0	0	0	0	19088	26892	0	1	ok
F	3639	f3637	45	430	4028	501	30	4989	29	26	6	0	0	0	0	19088	26892	0	1	ok
F	3640	f3638	45	511	3978	501	30	5020	29	26	6	0	0	0	0	19088	26892	0	1	ok
F	3641	f3639	45	611	4118	511	30	5270	29	26	6	0	0	0	0	19088	26892	0	1	ok
F	3642	f3640	45	762	4167	501	30	5460	29	26	6	0	0	0	0	19088	26892	0	1	ok
F	3643	f3641	45	641	3667	501	30	4839	29	26	6	0	0	0	0	19088	26892	0	1	ok
F	3644	f3642	45	601	3466	491	30	4588	29	26	6	0	0	0	0	19088	26892	0	1	ok
F	3645	f3643	45	401	3356	511	20	4288	29	26	6	0	0	0	0	19088	26892	0	1	ok
F	3646	f3644	45	912	3767	491	30	5200	29	26	6	0	0	0	0	19088	26892	0	1	ok
F	3647	f3645	45	711	3707	501	30	4949	29	26	6	0	0	0	0	19088	26892	0	1	ok
F	3648	f3646	45	510	3968	511	20	5009	29	26	6	0	0	0	0	19088	26892	0	1	ok
F	3649	f3647	45	721	3527	501	30	4779	29	26	6	0	0	0	0	19088	26892	0	1	ok
F	3650	f3648	45	732	4037	501	30	5300	29	26	6	0	0	0	0	19088	26892	0	1	ok
F	3651	f3649	45	431	3436	501	30	4398	29	26	6	0	0	0	0	19088	26892	0	1	ok
F	3652	f3650	45	501	3747	501	30	4779	29	26	6	0	0	0	0	19088	26892	0	1	ok
F	3653	f3651	45	571	4088	541	30	5230	29	26	6	0	0	0	0	19088	26892	0	1	ok
F	3654	f3652	45	751	3687	511	30	4979	29	26	6	0	0	0	0	19088	26892	0	1	ok
F	3655	f3653	45	491	4017	511	20	5039	29	26	6	0	0	0	0	19088	26892	0	1	ok
F	3656	f3654	45	812	4077	511	20	5420	29	26	6	0	0	0	0	19088	26892	0	1	ok
F	3657	f3655	45	642	3366	501	30	4539	29	26	6	0	0	0	0	19088	26892	0	1	ok
F	3658	f3656	45	561	4468	501	30	5560	29	26	6	0	0	0	0	19088	26892	0	1	ok
F	3659	f3657	45	481	3326	501	30	4338	29	26	6	0	0	0	0	19088	26892	0	1	ok
F	3660	f3658	45	531	3256	501	30	4318	29	26	6	0	0	0	0	19088	26892	0	1	ok
F	3661	f3659	45	430	4208	501	30	5169	29	26	6	0	0	0	0	19088	26892	0	1	ok
F	3662	f3660	45	561	4138	500	31	5230	29	26	6	0	0	0	0	19088	26892	0	1	ok
F	3663	f3661	45	431	3466	642	30	4569	29	26	6	0	0	0	0	19088	26892	0	1	ok
F	3664	f3662	45	411	4238	501	30	5180	29	26	6	0	0	0	0	19088	26892	0	1	ok
F	3665	f3663	45	531	3516	511	30	4588	29	26	6	0	0	0	0	19088	26892	0	1	ok
F	3666	f3664	45	431	3807	501	30	4769	29	26	6	0	0	0	0	19088	26892	0	1	ok
F	3667	f3665	45	150442	3717	521	30	154710	29	26	6	0	0	0	0	19088	26892	0	1	ok
F	3668	f3666	45	410	3437	501	30	4378	29	26	6	0	0	0	0	19088	26892	0	1	ok
F	3669	f3667	45	381	3627	501	30	4539	29	26	6	0	0	0	0	19088	26892	0	1	ok
F	3670	f3668	45	852	3306	561	30	4749	29	26	6	0	0	0	0	19088	26892	0	1	ok
F	3671	f3669	45	391	3506	501	30	4428	29	26	6	0	0	0	0	19088	26892	0	1	ok
F	3672	f3670	45	691	3426	572	30	4719	29	26	6	0	0	0	0	19088	26892	0	1	ok
F	3673	f3671	45	521	3537	501	30	4589	29	26	6	0	0	0	0	19088	26892	0	1	ok
F	3674	f3672	45	642	3827	571	30	5070	29	26	6	0	0	0	0	19088	26892	0	1	ok
F	3675	f3673	45	460	3607	501	30	4598	29	26	6	0	0	0	0	19088	26892	0	1	ok
F	3676	f3674	45	431	3797	501	30	4759	29	26	6	0	0	0	0	19088	26892	0	1	ok
F	3677	f3675	45	571	3476	501	30	4578	29	26	6	0	0	0	0	19088	26892	0	1	ok
F	3678	f3676	45	551	3597	511	20	4679	29	26	6	0	0	0	0	19088	26892	0	1	ok
F	3679	f3677	45	531	3838	501	30	4900	29	26	6	0	0	0	0	19088	26892	0	1	ok
F	3680	f3678	45	371	3507	501	30	4409	29	26	6	0	0	0	0	19088	26892	0	1	ok
F	3681	f3679	45	792	3536	501	30	4859	29	26	6	0	0	0	0	19088	26892	0	1	ok
F	3682	f3680	45	461	4168	511	20	5160	29	26	6	0	0	0	0	19088	26892	0	1	ok
F	3683	f3681	45	461	3587	501	30	4579	29	26	6	0	0	0	0	19088	26892	0	1	ok
F	3684	f3682	45	511	3447	511	30	4499	29	26	6	0	0	0	0	19088	26892	0	1	ok
F	3685	f3683	45	471	3367	501	30	4369	29	26	6	0	0	0	0	19088	26892	0	1	ok
F	3686	f3684	45	651	3717	501	30	4899	29	26	6	0	0	0	0	19088	26892	0	1	ok
F	3687	f3685	45	481	3436	501	30	4448	29	26	6	0	0	0	0	19088	26892	0	1	ok
F	3688	f3686	45	511	3737	501	30	4779	29	26	6	0	0	0	0	19088	26892	0	1	ok
F	3689	f3687	45	381	3356	511	30	4278	29	26	6	0	0	0	0	19088	26892	0	1	ok
F	3690	f3688	45	381	3657	501	30	4569	29	26	6	0	0	0	0	19088	26892	0	1	ok
F	3691	f3689	45	521	3246	511	30	4308	29	26	6	0	0	0	0	19088	26892	0	1	ok
F	3692	f3690	45	310	3497	501	30	4338	29	26	6	0	0	0	0	19088	26892	0	1	ok
F	3693	f3691	45	371	3537	501	30	4439	29	26	6	0	0	0	0	19088	26892	0	1	ok
F	3694	f3692	45	431	3336	501	30	4298	29	26	6	0	0	0	0	19088	26892	0	1	ok
F	3695	f3693	45	371	3266	511	20	4168	29	26	6	0	0	0	0	19088	26892	0	1	ok
F	3696	f3694	45	321	3667	501	30	4519	29	26	6	0	0	0	0	19088	26892	0	1	ok
F	3697	f3695	45	581	3267	501	30	4379	29	26	6	0	0	0	0	19088	26892	0	1	ok
F	3698	f3696	45	511	3517	501	30	4559	29	26	6	0	0	0	0	19088	26892	0	1	ok
F	3699	f3697	45	301	3466	501	30	4298	29	26	6	0	0	0	0	19088	26892	0	1	ok
F	3700	f3698	45	310	3497	501	30	4338	29	26	6	0	0	0	0	19088	26892	0	1	ok
F	3701	f3699	45	410	3497	501	30	4438	29	26	6	0	0	0	0	19088	26892	0	1	ok
F	3702	f3700	45	401	3477	501	30	4409	29	26	6	0	0	0	0	19088	26892	0	1	ok
F	3703	f3701	45	381	3667	501	30	4579	29	26	6	0	0	0	0	19088	26892	0	1	ok
F	3704	f3702	45	321	3707	501	30	4559	29	26	6	0	0	0	0	19088	26892	0	1	ok
F	3705	f3703	45	641	3136	511	30	4318	29	26	6	0	0	0	0	19088	26892	0	1	ok
F	3706	f3704	45	381	3386	501	30	4298	29	26	6	0	0	0	0	19088	26892	0	1	ok
F	3707	f3705	45	371	3176	500	31	4078	29	26	6	0	0	0	0	19088	26892	0	1	ok
F	3708	f3706	45	421	3336	501	20	4278	29	26	6	0	0	0	0	19088	26892	0	1	ok
F	3709	f3707	45	400	3397	501	30	4328	29	26	6	0	0	0	0	19088	26892	0	1	ok
F	3710	f3708	45	391	3727	501	30	4649	29	26	6	0	0	0	0	19088	26892	0	1	ok
F	3711	f3709	45	310	3507	511	30	4358	29	26	6	0	0	0	0	19088	26892	0	1	ok
F	3712	f3710	45	421	3687	501	30	4639	29	26	6	0	0	0	0	19088	26892	0	1	ok
F	3713	f3711	45	300	3437	501	30	4268	29	26	6	0	0	0	0	19088	26892	0	1	ok
F	3714	f3712	45	311	3737	501	20	4569	29	26	6	0	0	0	0	19088	26892	0	1	ok
F	3715	f3713	45	431	3948	511	30	4920	29	26	6	0	0	0	0	19088	26892	0	1	ok
F	3716	f3714	45	311	3266	501	30	4108	29	26	6	0	0	0	0	19088	26892	0	1	ok
F	3717	f3715	45	311	3466	511	31	4319	29	26	6	0	0	0	0	19088	26892	0	1	ok
F	3718	f3716	45	571	3386	501	30	4488	29	26	6	0	0	0	0	19088	26892	0	1	ok
F	3719	f3717	45	381	3657	511	30	4579	29	26	6	0	0	0	0	19088	26892	0	1	ok
F	3720	f3718	45	321	3406	501	30	4258	29	26	6	0	0	0	0	19088	26892	0	1	ok
F	3721	f3719	45	370	3206	501	30	4107	29	26	6	0	0	0	0	19088	26892	0	1	ok
F	3722	f3720	45	431	3536	501	40	4508	29	26	6	0	0	0	0	19088	26892	0	1	ok
F	3723	f3721	45	371	3296	501	30	4198	29	26	6	0	0	0	0	19088	26892	0	1	ok
F	3724	f3722	45	301	3176	501	30	4008	29	26	6	0	0	0	0	19088	26892	0	1	ok
F	3725	f3723	45	440	3467	501	30	4438	29	26	6	0	0	0	0	19088	26892	0	1	ok
F	3726	f3724	45	401	3437	501	30	4369	29	26	6	0	0	0	0	19088	26892	0	1	ok
F	3727	f3725	45	371	3226	501	20	4118	29	26	6	0	0	0	0	19088	26892	0	1	ok
F	3728	f3726	45	321	3306	511	30	4168	29	26	6	0	0	0	0	19088	26892	0	1	ok
F	3729	f3727	45	461	3416	501	30	4408	29	26	6	0	0	0	0	19088	26892	0	1	ok
F	3730	f3728	45	320	3477	501	30	4328	29	26	6	0	0	0	0	19088	26892	0	1	ok
F	3731	f3729	45	371	3336	501	30	4238	29	26	6	0	0	0	0	19088	26892	0	1	ok
F	3732	f3730	45	421	3486	501	30	4438	29	26	6	0	0	0	0	19088	26892	0	1	ok
F	3733	f3731	45	370	3747	501	30	4648	29	26	6	0	0	0	0	19088	26892	0	1	ok
F	3734	f3732	45	451	3617	551	30	4649	29	26	6	0	0	0	0	19088	26892	0	1	ok
F	3735	f3733	45	371	3206	511	30	4118	29	26	6	0	0	0	0	19088	26892	0	1	ok
F	3736	f3734	45	491	3226	511	30	4258	29	26	6	0	0	0	0	19088	26892	0	1	ok
F	3737	f3735	45	461	3446	491	30	4428	29	26	6	0	0	0	0	19088	26892	0	1	ok
F	3738	f3736	45	320	3437	501	30	4288	29	26	6	0	0	0	0	19088	26892	0	1	ok
F	3739	f3737	45	431	3487	501	30	4449	29	26	6	0	0	0	0	19088	26892	0	1	ok
F	3740	f3738	45	311	3496	501	30	4338	29	26	6	0	0	0	0	19088	26892	0	1	ok
F	3741	f3739	45	311	3416	501	30	4258	29	26	6	0	0	0	0	19088	26892	0	1	ok
F	3742	f3740	45	400	3387	501	30	4318	29	26	6	0	0	0	0	19088	26892	0	1	ok
F	3743	f3741	45	381	3757	491	30	4659	29	26	6	0	0	0	0	19088	26892	0	1	ok
F	3744	f3742	45	370	3397	561	30	4358	29	26	6	0	0	0	0	19088	26892	0	1	ok
F	3745	f3743	45	411	3326	511	30	4278	29	26	6	0	0	0	0	19088	26892	0	1	ok
F	3746	f3744	45	421	3597	501	30	4549	29	26	6	0	0	0	0	19088	26892	0	1	ok
F	3747	f3745	45	371	3386	501	30	4288	29	26	6	0	0	0	0	19088	26892	0	1	ok
F	3748	f3746	45	311	3136	501	30	3978	29	26	6	0	0	0	0	19088	26892	0	1	ok
F	3749	f3747	45	491	3517	511	20	4539	29	26	6	0	0	0	0	19088	26892	0	1	ok
F	3750	f3748	45	521	3477	511	20	4529	29	26	6	0	0	0	0	19088	26892	0	1	ok
F	3751	f3749	45	451	3687	501	30	4669	29	26	6	0	0	0	0	19088	26892	0	1	ok
F	3752	f3750	45	421	3376	511	20	4328	29	26	6	0	0	0	0	19088	26892	0	1	ok
F	3753	f3751	45	411	3347	510	31	4299	29	26	6	0	0	0	0	19088	26892	0	1	ok
F	3754	f3752	45	311	3636	511	30	4488	29	26	6	0	0	0	0	19088	26892	0	1	ok
F	3755	f3753	45	381	3486	501	30	4398	29	26	6	0	0	0	0	19088	26892	0	1	ok
F	3756	f3754	45	421	3266	501	30	4218	29	26	6	0	0	0	0	19088	26892	0	1	ok
F	3757	f3755	45	311	3386	501	30	4228	29	26	6	0	0	0	0	19088	26892	0	1	ok
F	3758	f3756	45	441	3476	501	30	4448	29	26	6	0	0	0	0	19088	26892	0	1	ok
F	3759	f3757	45	380	3397	501	30	4308	29	26	6	0	0	0	0	19088	26892	0	1	ok
F	3760	f3758	45	491	3487	501	30	4509	29	26	6	0	0	0	0	19088	26892	0	1	ok
F	3761	f3759	45	431	3577	501	30	4539	29	26	6	0	0	0	0	19088	26892	0	1	ok
F	3762	f3760	45	380	3837	501	20	4738	29	26	6	0	0	0	0	19088	26892	0	1	ok
F	3763	f3761	45	421	3506	491	30	4448	29	26	6	0	0	0	0	19088	26892	0	1	ok
F	3764	f3762	45	311	3496	501	30	4338	29	26	6	0	0	0	0	19088	26892	0	1	ok
F	3765	f3763	45	390	3677	511	20	4598	29	26	6	0	0	0	0	19088	26892	0	1	ok
F	3766	f3764	45	381	3226	631	30	4268	29	26	6	0	0	0	0	19088	26892	0	1	ok
F	3767	f3765	45	301	3266	501	30	4098	29	26	6	0	0	0	0	19088	26892	0	1	ok
F	3768	f3766	45	310	3517	501	30	4358	29	26	6	0	0	0	0	19088	26892	0	1	ok
F	3769	f3767	45	361	3296	501	30	4188	29	26	6	0	0	0	0	19088	26892	0	1	ok
F	3770	f3768	45	501	3496	501	30	4528	29	26	6	0	0	0	0	19088	26892	0	1	ok
F	3771	f3769	45	310	3266	491	30	4097	29	26	6	0	0	0	0	19088	26892	0	1	ok
F	3772	f3770	45	311	3256	501	30	4098	29	26	6	0	0	0	0	19088	26892	0	1	ok
F	3773	f3771	45	491	3517	501	30	4539	29	26	6	0	0	0	0	19088	26892	0	1	ok
F	3774	f3772	45	301	3296	501	30	4128	29	26	6	0	0	0	0	19088	26892	0	1	ok
F	3775	f3773	45	310	3537	501	30	4378	29	26	6	0	0	0	0	19088	26892	0	1	ok
F	3776	f3774	45	4268	4769	621	30	9688	29	26	6	0	0	0	0	19088	26892	0	1	ok
F	3777	f3775	45	81062	4097	571	30	85760	29	26	6	0	0	0	0	19088	26892	0	1	ok
F	3778	f3776	45	391	3306	511	30	4238	29	26	6	0	0	0	0	19088	26892	0	1	ok
F	3779	f3777	45	321	3206	501	30	4058	29	26	6	0	0	0	0	19088	26892	0	1	ok
F	3780	f3778	45	611	3487	501	30	4629	29	26	6	0	0	0	0	19088	26892	0	1	ok
F	3781	f3779	45	381	3686	511	30	4608	29	26	6	0	0	0	0	19088	26892	0	1	ok
F	3782	f3780	45	531	3437	561	30	4559	29	26	6	0	0	0	0	19088	26892	0	1	ok
F	3783	f3781	45	371	3506	501	30	4408	29	26	6	0	0	0	0	19088	26892	0	1	ok
F	3784	f3782	45	621	3577	510	31	4739	29	26	6	0	0	0	0	19088	26892	0	1	ok
F	3785	f3783	45	381	3126	501	30	4038	29	26	6	0	0	0	0	19088	26892	0	1	ok
F	3786	f3784	45	441	3336	511	20	4308	29	26	6	0	0	0	0	19088	26892	0	1	ok
F	3787	f3785	45	491	3416	501	30	4438	29	26	6	0	0	0	0	19088	26892	0	1	ok
F	3788	f3786	45	411	3476	501	30	4418	29	26	6	0	0	0	0	19088	26892	0	1	ok
F	3789	f3787	45	390	3567	501	30	4488	29	26	6	0	0	0	0	19088	26892	0	1	ok
F	3790	f3788	45	391	3556	501	30	4478	29	26	6	0	0	0	0	19088	26892	0	1	ok
F	3791	f3789	45	641	3577	501	20	4739	29	26	6	0	0	0	0	19088	26892	0	1	ok
F	3792	f3790	45	531	3637	561	30	4759	29	26	6	0	0	0	0	19088	26892	0	1	ok
F	3793	f3791	45	451	3436	521	30	4438	29	26	6	0	0	0	0	19088	26892	0	1	ok
F	3794	f3792	45	431	3366	501	30	4328	29	26	6	0	0	0	0	19088	26892	0	1	ok
F	3795	f3793	45	311	3296	501	30	4138	29	26	6	0	0	0	0	19088	26892	0	1	ok
F	3796	f3794	45	310	3246	501	20	4077	29	26	6	0	0	0	0	19088	26892	0	1	ok
F	3797	f3795	45	511	3466	501	30	4508	29	26	6	0	0	0	0	19088	26892	0	1	ok
F	3798	f3796	45	311	3416	501	30	4258	29	26	6	0	0	0	0	19088	26892	0	1	ok
F	3799	f3797	45	310	3296	491	30	4127	29	26	6	0	0	0	0	19088	26892	0	1	ok
F	3800	f3798	45	300	3337	501	30	4168	29	26	6	0	0	0	0	19088	26892	0	1	ok
F	3801	f3799	45	491	3407	501	30	4429	29	26	6	0	0	0	0	19088	26892	0	1	ok
F	3802	f3800	45	331	3336	501	30	4198	29	26	6	0	0	0	0	19088	26892	0	1	ok
F	3803	f3801	45	310	3146	501	30	3987	29	26	6	0	0	0	0	19088	26892	0	1	ok
F	3804	f3802	45	431	3376	501	30	4338	29	26	6	0	0	0	0	19088	26892	0	1	ok
F	3805	f3803	45	311	3667	501	30	4509	29	26	6	0	0	0	0	19088	26892	0	1	ok
F	3806	f3804	45	311	3497	490	31	4329	29	26	6	0	0	0	0	19088	26892	0	1	ok
F	3807	f3805	45	311	3326	501	30	4168	29	26	6	0	0	0	0	19088	26892	0	1	ok
F	3808	f3806	45	431	3517	511	20	4479	29	26	6	0	0	0	0	19088	26892	0	1	ok
F	3809	f3807	45	391	3617	491	30	4529	29	26	6	0	0	0	0	19088	26892	0	1	ok
F	3810	f3808	45	380	3757	501	30	4668	29	26	6	0	0	0	0	19088	26892	0	1	ok
F	3811	f3809	45	431	3346	501	30	4308	29	26	6	0	0	0	0	19088	26892	0	1	ok
F	3812	f3810	45	321	3376	501	30	4228	29	26	6	0	0	0	0	19088	26892	0	1	ok
F	3813	f3811	45	411	3226	501	30	4168	29	26	6	0	0	0	0	19088	26892	0	1	ok
F	3814	f3812	45	371	3426	511	20	4328	29	26	6	0	0	0	0	19088	26892	0	1	ok
F	3815	f3813	45	421	3767	501	30	4719	29	26	6	0	0	0	0	19088	26892	0	1	ok
F	3816	f3814	45	391	3847	501	30	4769	29	26	6	0	0	0	0	19088	26892	0	1	ok
F	3817	f3815	45	431	3286	501	30	4248	29	26	6	0	0	0	0	19088	26892	0	1	ok
F	3818	f3816	45	561	3556	501	30	4648	29	26	6	0	0	0	0	19088	26892	0	1	ok
F	3819	f3817	45	300	3347	501	30	4178	29	26	6	0	0	0	0	19088	26892	0	1	ok
F	3820	f3818	45	311	3687	501	30	4529	29	26	6	0	0	0	0	19088	26892	0	1	ok
F	3821	f3819	45	481	3306	501	30	4318	29	26	6	0	0	0	0	19088	26892	0	1	ok
F	3822	f3820	45	311	3446	501	30	4288	29	26	6	0	0	0	0	19088	26892	0	1	ok
F	3823	f3821	45	310	3497	501	30	4338	29	26	6	0	0	0	0	19088	26892	0	1	ok
F	3824	f3822	45	390	3407	501	30	4328	29	26	6	0	0	0	0	19088	26892	0	1	ok
F	3825	f3823	45	481	3286	501	30	4298	29	26	6	0	0	0	0	19088	26892	0	1	ok
F	3826	f3824	45	411	3707	501	30	4649	29	26	6	0	0	0	0	19088	26892	0	1	ok
F	3827	f3825	45	331	3927	511	30	4799	29	26	6	0	0	0	0	19088	26892	0	1	ok
F	3828	f3826	45	421	3396	501	30	4348	29	26	6	0	0	0	0	19088	26892	0	1	ok
F	3829	f3827	45	390	3427	501	30	4348	29	26	6	0	0	0	0	19088	26892	0	1	ok
F	3830	f3828	45	411	3276	501	30	4218	29	26	6	0	0	0	0	19088	26892	0	1	ok
F	3831	f3829	45	310	3798	500	31	4639	29	26	6	0	0	0	0	19088	26892	0	1	ok
F	3832	f3830	45	431	3506	501	30	4468	29	26	6	0	0	0	0	19088	26892	0	1	ok
F	3833	f3831	45	451	3096	501	30	4078	29	26	6	0	0	0	0	19088	26892	0	1	ok
F	3834	f3832	45	391	3266	501	30	4188	29	26	6	0	0	0	0	19088	26892	0	1	ok
F	3835	f3833	45	410	3206	501	30	4147	29	26	6	0	0	0	0	19088	26892	0	1	ok
F	3836	f3834	45	311	3256	501	30	4098	29	26	6	0	0	0	0	19088	26892	0	1	ok
F	3837	f3835	45	391	3627	501	30	4549	29	26	6	0	0	0	0	19088	26892	0	1	ok
F	3838	f3836	45	311	3657	501	30	4499	29	26	6	0	0	0	0	19088	26892	0	1	ok
F	3839	f3837	45	491	3587	501	30	4609	29	26	6	0	0	0	0	19088	26892	0	1	ok
F	3840	f3838	45	320	3857	501	30	4708	29	26	6	0	0	0	0	19088	26892	0	1	ok
F	3841	f3839	45	371	3236	511	30	4148	29	26	6	0	0	0	0	19088	26892	0	1	ok
F	3842	f3840	45	521	3407	491	30	4449	29	26	6	0	0	0	0	19088	26892	0	1	ok
F	3843	f3841	45	311	3456	501	30	4298	29	26	6	0	0	0	0	19088	26892	0	1	ok
F	3844	f3842	45	310	3377	500	31	4218	29	26	6	0	0	0	0	19088	26892	0	1	ok
F	3845	f3843	45	381	3376	501	30	4288	29	26	6	0	0	0	0	19088	26892	0	1	ok
F	3846	f3844	45	441	3286	501	30	4258	29	26	6	0	0	0	0	19088	26892	0	1	ok
F	3847	f3845	45	321	3617	501	20	4459	29	26	6	0	0	0	0	19088	26892	0	1	ok
F	3848	f3846	45	391	3446	501	30	4368	29	26	6	0	0	0	0	19088	26892	0	1	ok
F	3849	f3847	45	571	3467	500	31	4569	29	26	6	0	0	0	0	19088	26892	0	1	ok
F	3850	f3848	45	381	3767	511	30	4689	29	26	6	0	0	0	0	19088	26892	0	1	ok
F	3851	f3849	45	381	3386	511	30	4308	29	26	6	0	0	0	0	19088	26892	0	1	ok
F	3852	f3850	45	491	3136	501	30	4158	29	26	6	0	0	0	0	19088	26892	0	1	ok
F	3853	f3851	45	311	3416	501	30	4258	29	26	6	0	0	0	0	19088	26892	0	1	ok
F	3854	f3852	45	321	3406	501	30	4258	29	26	6	0	0	0	0	19088	26892	0	1	ok
F	3855	f3853	45	321	3196	501	30	4048	29	26	6	0	0	0	0	19088	26892	0	1	ok
F	3856	f3854	45	471	3346	511	30	4358	29	26	6	0	0	0	0	19088	26892	0	1	ok
F	3857	f3855	45	311	3266	501	30	4108	29	26	6	0	0	0	0	19088	26892	0	1	ok
F	3858	f3856	45	330	3387	490	31	4238	29	26	6	0	0	0	0	19088	26892	0	1	ok
F	3859	f3857	45	421	3446	501	30	4398	29	26	6	0	0	0	0	19088	26892	0	1	ok
F	3860	f3858	45	331	3316	501	30	4178	29	26	6	0	0	0	0	19088	26892	0	1	ok
F	3861	f3859	45	321	3366	501	30	4218	29	26	6	0	0	0	0	19088	26892	0	1	ok
F	3862	f3860	45	310	3587	501	20	4418	29	26	6	0	0	0	0	19088	26892	0	1	ok
F	3863	f3861	45	430	3307	491	30	4258	29	26	6	0	0	0	0	19088	26892	0	1	ok
F	3864	f3862	45	371	3356	511	30	4268	29	26	6	0	0	0	0	19088	26892	0	1	ok
F	3865	f3863	45	320	3246	491	30	4087	29	26	6	0	0	0	0	19088	26892	0	1	ok
F	3866	f3864	45	491	3216	501	30	4238	29	26	6	0	0	0	0	19088	26892	0	1	ok
F	3867	f3865	45	331	3286	501	30	4148	29	26	6	0	0	0	0	19088	26892	0	1	ok
F	3868	f3866	45	320	3477	501	30	4328	29	26	6	0	0	0	0	19088	26892	0	1	ok
F	3869	f3867	45	311	3597	641	20	4569	29	26	6	0	0	0	0	19088	26892	0	1	ok
F	3870	f3868	45	380	3096	501	30	4007	29	26	6	0	0	0	0	19088	26892	0	1	ok
F	3871	f3869	45	330	3326	501	30	4187	29	26	6	0	0	0	0	19088	26892	0	1	ok
F	3872	f3870	45	311	3276	501	30	4118	29	26	6	0	0	0	0	19088	26892	0	1	ok
F	3873	f3871	45	421	3206	501	30	4158	29	26	6	0	0	0	0	19088	26892	0	1	ok
F	3874	f3872	45	310	3567	501	30	4408	29	26	6	0	0	0	0	19088	26892	0	1	ok
F	3875	f3873	45	320	3597	501	30	4448	29	26	6	0	0	0	0	19088	26892	0	1	ok
F	3876	f3874	45	431	3306	501	30	4268	29	26	6	0	0	0	0	19088	26892	0	1	ok
F	3877	f3875	45	311	3145	511	20	3987	29	26	6	0	0	0	0	19088	26892	0	1	ok
F	3878	f3876	45	311	3496	501	20	4328	29	26	6	0	0	0	0	19088	26892	0	1	ok
F	3879	f3877	45	320	3437	491	30	4278	29	26	6	0	0	0	0	19088	26892	0	1	ok
F	3880	f3878	45	421	3477	501	30	4429	29	26	6	0	0	0	0	19088	26892	0	1	ok
F	3881	f3879	45	301	3246	491	30	4068	29	26	6	0	0	0	0	19088	26892	0	1	ok
F	3882	f3880	45	311	3506	501	30	4348	29	26	6	0	0	0	0	19088	26892	0	1	ok
F	3883	f3881	45	421	3196	501	30	4148	29	26	6	0	0	0	0	19088	26892	0	1	ok
F	3884	f3882	45	321	3286	501	30	4138	29	26	6	0	0	0	0	19088	26892	0	1	ok
F	3885	f3883	45	310	3317	510	31	4168	29	26	6	0	0	0	0	19088	26892	0	1	ok
F	3886	f3884	45	311	3336	491	30	4168	29	26	6	0	0	0	0	19088	26892	0	1	ok
F	3887	f3885	45	78147	4027	601	30	82805	29	26	6	0	0	0	0	19088	26892	0	1	ok
F	3888	f3886	45	361	3366	501	30	4258	29	26	6	0	0	0	0	19088	26892	0	1	ok
F	3889	f3887	45	340	3517	501	30	4388	29	26	6	0	0	0	0	19088	26892	0	1	ok
F	3890	f3888	45	511	3868	501	30	4910	29	26	6	0	0	0	0	19088	26892	0	1	ok
F	3891	f3889	45	531	3567	501	30	4629	29	26	6	0	0	0	0	19088	26892	0	1	ok
F	3892	f3890	45	380	3276	501	30	4187	29	26	6	0	0	0	0	19088	26892	0	1	ok
F	3893	f3891	45	401	3566	501	30	4498	29	26	6	0	0	0	0	19088	26892	0	1	ok
F	3894	f3892	45	641	3427	500	21	4589	29	26	6	0	0	0	0	19088	26892	0	1	ok
F	3895	f3893	45	511	3396	511	30	4448	29	26	6	0	0	0	0	19088	26892	0	1	ok
F	3896	f3894	45	391	3727	501	30	4649	29	26	6	0	0	0	0	19088	26892	0	1	ok
F	3897	f3895	45	541	3517	501	30	4589	29	26	6	0	0	0	0	19088	26892	0	1	ok
F	3898	f3896	45	381	3547	491	30	4449	29	26	6	0	0	0	0	19088	26892	0	1	ok
F	3899	f3897	45	371	3366	501	30	4268	29	26	6	0	0	0	0	19088	26892	0	1	ok
F	3900	f3898	45	481	3617	501	30	4629	29	26	6	0	0	0	0	19088	26892	0	1	ok
F	3901	f3899	45	380	3657	501	30	4568	29	26	6	0	0	0	0	19088	26892	0	1	ok
F	3902	f3900	45	380	3497	501	30	4408	29	26	6	0	0	0	0	19088	26892	0	1	ok
F	3903	f3901	45	380	3307	500	30	4217	29	26	6	0	0	0	0	19088	26892	0	1	ok
F	3904	f3902	45	501	3386	501	20	4408	29	26	6	0	0	0	0	19088	26892	0	1	ok
F	3905	f3903	45	381	3286	501	30	4198	29	26	6	0	0	0	0	19088	26892	0	1	ok
F	3906	f3904	45	321	3386	501	30	4238	29	26	6	0	0	0	0	19088	26892	0	1	ok
F	3907	f3905	45	421	3136	501	30	4088	29	26	6	0	0	0	0	19088	26892	0	1	ok
F	3908	f3906	45	301	3406	501	30	4238	29	26	6	0	0	0	0	19088	26892	0	1	ok
F	3909	f3907	45	321	3406	511	30	4268	29	26	6	0	0	0	0	19088	26892	0	1	ok
F	3910	f3908	45	320	3377	500	30	4227	29	26	6	0	0	0	0	19088	26892	0	1	ok
F	3911	f3909	45	431	3857	501	30	4819	29	26	6	0	0	0	0	19088	26892	0	1	ok
F	3912	f3910	45	310	3437	501	20	4268	29	26	6	0	0	0	0	19088	26892	0	1	ok
F	3913	f3911	45	321	3577	500	31	4429	29	26	6	0	0	0	0	19088	26892	0	1	ok
F	3914	f3912	45	431	3366	511	20	4328	29	26	6	0	0	0	0	19088	26892	0	1	ok
F	3915	f3913	45	320	3317	531	30	4198	29	26	6	0	0	0	0	19088	26892	0	1	ok
F	3916	f3914	45	301	3426	511	20	4258	29	26	6	0	0	0	0	19088	26892	0	1	ok
F	3917	f3915	45	310	3477	501	30	4318	29	26	6	0	0	0	0	19088	26892	0	1	ok
F	3918	f3916	45	441	3477	501	30	4449	29	26	6	0	0	0	0	19088	26892	0	1	ok
F	3919	f3917	45	311	3436	501	30	4278	29	26	6	0	0	0	0	19088	26892	0	1	ok
F	3920	f3918	45	310	3577	501	20	4408	29	26	6	0	0	0	0	19088	26892	0	1	ok
F	3921	f3919	45	421	3216	500	31	4168	29	26	6	0	0	0	0	19088	26892	0	1	ok
F	3922	f3920	45	311	3536	511	20	4378	29	26	6	0	0	0	0	19088	26892	0	1	ok
F	3923	f3921	45	311	3286	591	30	4218	29	26	6	0	0	0	0	19088	26892	0	1	ok
F	3924	f3922	45	421	3417	511	20	4369	29	26	6	0	0	0	0	19088	26892	0	1	ok
F	3925	f3923	45	301	3707	501	30	4539	29	26	6	0	0	0	0	19088	26892	0	1	ok
F	3926	f3924	45	321	3356	501	30	4208	29	26	6	0	0	0	0	19088	26892	0	1	ok
F	3927	f3925	45	310	3417	501	30	4258	29	26	6	0	0	0	0	19088	26892	0	1	ok
F	3928	f3926	45	441	3687	501	30	4659	29	26	6	0	0	0	0	19088	26892	0	1	ok
F	3929	f3927	45	300	3256	511	30	4097	29	26	6	0	0	0	0	19088	26892	0	1	ok
F	3930	f3928	45	300	3347	501	30	4178	29	26	6	0	0	0	0	19088	26892	0	1	ok
F	3931	f3929	45	441	3166	501	30	4138	29	26	6	0	0	0	0	19088	26892	0	1	ok
F	3932	f3930	45	360	3507	501	30	4398	29	26	6	0	0	0	0	19088	26892	0	1	ok
F	3933	f3931	45	311	3476	511	20	4318	29	26	6	0	0	0	0	19088	26892	0	1	ok
F	3934	f3932	45	521	3567	501	30	4619	29	26	6	0	0	0	0	19088	26892	0	1	ok
F	3935	f3933	45	421	3517	521	20	4479	29	26	6	0	0	0	0	19088	26892	0	1	ok
F	3936	f3934	45	321	3456	501	30	4308	29	26	6	0	0	0	0	19088	26892	0	1	ok
F	3937	f3935	45	320	3397	501	30	4248	29	26	6	0	0	0	0	19088	26892	0	1	ok
F	3938	f3936	45	431	3487	501	30	4449	29	26	6	0	0	0	0	19088	26892	0	1	ok
F	3939	f3937	45	321	3266	501	30	4118	29	26	6	0	0	0	0	19088	26892	0	1	ok
F	3940	f3938	45	320	3356	521	30	4227	29	26	6	0	0	0	0	19088	26892	0	1	ok
F	3941	f3939	45	311	3316	501	30	4158	29	26	6	0	0	0	0	19088	26892	0	1	ok
F	3942	f3940	45	421	3497	511	30	4459	29	26	6	0	0	0	0	19088	26892	0	1	ok
F	3943	f3941	45	301	3597	490	31	4419	29	26	6	0	0	0	0	19088	26892	0	1	ok
F	3944	f3942	45	311	3887	491	30	4719	29	26	6	0	0	0	0	19088	26892	0	1	ok
F	3945	f3943	45	440	3256	501	30	4227	29	26	6	0	0	0	0	19088	26892	0	1	ok
F	3946	f3944	45	321	3606	501	20	4448	29	26	6	0	0	0	0	19088	26892	0	1	ok
F	3947	f3945	45	321	3416	511	30	4278	29	26	6	0	0	0	0	19088	26892	0	1	ok
F	3948	f3946	45	320	3737	491	30	4578	29	26	6	0	0	0	0	19088	26892	0	1	ok
F	3949	f3947	45	320	3326	501	20	4167	29	26	6	0	0	0	0	19088	26892	0	1	ok
F	3950	f3948	45	321	3216	511	30	4078	29	26	6	0	0	0	0	19088	26892	0	1	ok
F	3951	f3949	45	321	3386	501	30	4238	29	26	6	0	0	0	0	19088	26892	0	1	ok
F	3952	f3950	45	421	3486	501	30	4438	29	26	6	0	0	0	0	19088	26892	0	1	ok
F	3953	f3951	45	310	3336	491	30	4167	29	26	6	0	0	0	0	19088	26892	0	1	ok
F	3954	f3952	45	411	3546	501	30	4488	29	26	6	0	0	0	0	19088	26892	0	1	ok
F	3955	f3953	45	421	3546	511	20	4498	29	26	6	0	0	0	0	19088	26892	0	1	ok
F	3956	f3954	45	321	3556	551	20	4448	29	26	6	0	0	0	0	19088	26892	0	1	ok
F	3957	f3955	45	301	3396	501	30	4228	29	26	6	0	0	0	0	19088	26892	0	1	ok
F	3958	f3956	45	311	3476	501	30	4318	29	26	6	0	0	0	0	19088	26892	0	1	ok
F	3959	f3957	45	430	3617	511	20	4578	29	26	6	0	0	0	0	19088	26892	0	1	ok
F	3960	f3958	45	671	3466	562	30	4729	29	26	6	0	0	0	0	19088	26892	0	1	ok
F	3961	f3959	45	581	3487	501	30	4599	29	26	6	0	0	0	0	19088	26892	0	1	ok
F	3962	f3960	45	682	3296	551	30	4559	29	26	6	0	0	0	0	19088	26892	0	1	ok
F	3963	f3961	45	481	3407	501	30	4419	29	26	6	0	0	0	0	19088	26892	0	1	ok
F	3964	f3962	45	511	3487	501	30	4529	29	26	6	0	0	0	0	19088	26892	0	1	ok
F	3965	f3963	45	461	3637	501	30	4629	29	26	6	0	0	0	0	19088	26892	0	1	ok
F	3966	f3964	45	501	3656	501	30	4688	29	26	6	0	0	0	0	19088	26892	0	1	ok
F	3967	f3965	45	311	3376	501	30	4218	29	26	6	0	0	0	0	19088	26892	0	1	ok
F	3968	f3966	45	371	3727	501	30	4629	29	26	6	0	0	0	0	19088	26892	0	1	ok
F	3969	f3967	45	561	3326	501	30	4418	29	26	6	0	0	0	0	19088	26892	0	1	ok
F	3970	f3968	45	391	3417	501	30	4339	29	26	6	0	0	0	0	19088	26892	0	1	ok
F	3971	f3969	45	321	3466	501	30	4318	29	26	6	0	0	0	0	19088	26892	0	1	ok
F	3972	f3970	45	310	3427	611	30	4378	29	26	6	0	0	0	0	19088	26892	0	1	ok
F	3973	f3971	45	380	3627	501	30	4538	29	26	6	0	0	0	0	19088	26892	0	1	ok
F	3974	f3972	45	371	3436	501	30	4338	29	26	6	0	0	0	0	19088	26892	0	1	ok
F	3975	f3973	45	321	3326	501	30	4178	29	26	6	0	0	0	0	19088	26892	0	1	ok
F	3976	f3974	45	441	3437	501	30	4409	29	26	6	0	0	0	0	19088	26892	0	1	ok
F	3977	f3975	45	401	3406	521	30	4358	29	26	6	0	0	0	0	19088	26892	0	1	ok
F	3978	f3976	45	411	3496	501	30	4438	29	26	6	0	0	0	0	19088	26892	0	1	ok
F	3979	f3977	45	421	3366	501	30	4318	29	26	6	0	0	0	0	19088	26892	0	1	ok
F	3980	f3978	45	310	3477	531	30	4348	29	26	6	0	0	0	0	19088	26892	0	1	ok
F	3981	f3979	45	371	3587	501	30	4489	29	26	6	0	0	0	0	19088	26892	0	1	ok
F	3982	f3980	45	321	3236	501	30	4088	29	26	6	0	0	0	0	19088	26892	0	1	ok
F	3983	f3981	45	421	3557	501	30	4509	29	26	6	0	0	0	0	19088	26892	0	1	ok
F	3984	f3982	45	301	3256	501	30	4088	29	26	6	0	0	0	0	19088	26892	0	1	ok
F	3985	f3983	45	451	3686	511	30	4678	29	26	6	0	0	0	0	19088	26892	0	1	ok
F	3986	f3984	45	491	3326	501	30	4348	29	26	6	0	0	0	0	19088	26892	0	1	ok
F	3987	f3985	45	320	3617	501	30	4468	29	26	6	0	0	0	0	19088	26892	0	1	ok
F	3988	f3986	45	300	3377	500	31	4208	29	26	6	0	0	0	0	19088	26892	0	1	ok
F	3989	f3987	45	371	3376	501	30	4278	29	26	6	0	0	0	0	19088	26892	0	1	ok
F	3990	f3988	45	491	3697	500	31	4719	29	26	6	0	0	0	0	19088	26892	0	1	ok
F	3991	f3989	45	311	3576	501	30	4418	29	26	6	0	0	0	0	19088	26892	0	1	ok
F	3992	f3990	45	311	3296	501	30	4138	29	26	6	0	0	0	0	19088	26892	0	1	ok
F	3993	f3991	45	481	3166	501	20	4168	29	26	6	0	0	0	0	19088	26892	0	1	ok
F	3994	f3992	45	411	3436	511	30	4388	29	26	6	0	0	0	0	19088	26892	0	1	ok
F	3995	f3993	45	320	3527	501	30	4378	29	26	6	0	0	0	0	19088	26892	0	1	ok
F	3996	f3994	45	311	3256	511	30	4108	29	26	6	0	0	0	0	19088	26892	0	1	ok
F	3997	f3995	45	79979	4098	571	30	84678	29	26	6	0	0	0	0	19088	26892	0	1	ok
F	3998	f3996	45	361	3326	501	30	4218	29	26	6	0	0	0	0	19088	26892	0	1	ok
F	3999	f3997	45	310	3537	501	30	4378	29	26	6	0	0	0	0	19088	26892	0	1	ok
F	4000	f3998	45	491	3477	501	30	4499	29	26	6	0	0	0	0	19088	26892	0	1	ok
F	4001	f3999	45	381	3387	510	31	4309	29	26	6	0	0	0	0	19088	26892	0	1	ok
F	4002	f4000	45	391	3506	511	30	4438	29	26	6	0	0	0	0	19088	26892	0	1	ok
F	4003	f4001	45	501	3817	501	30	4849	29	26	6	0	0	0	0	19088	26892	0	1	ok
F	4004	f4002	45	320	3296	561	31	4208	29	26	6	0	0	0	0	19088	26892	0	1	ok
F	4005	f4003	45	311	3486	501	30	4328	29	26	6	0	0	0	0	19088	26892	0	1	ok
F	4006	f4004	45	310	3677	501	30	4518	29	26	6	0	0	0	0	19088	26892	0	1	ok
F	4007	f4005	45	501	3566	511	30	4608	29	26	6	0	0	0	0	19088	26892	0	1	ok
F	4008	f4006	45	321	3336	491	30	4178	29	26	6	0	0	0	0	19088	26892	0	1	ok
F	4009	f4007	45	410	3357	500	31	4298	29	26	6	0	0	0	0	19088	26892	0	1	ok
F	4010	f4008	45	421	3376	511	30	4338	29	26	6	0	0	0	0	19088	26892	0	1	ok
F	4011	f4009	45	371	3456	501	30	4358	29	26	6	0	0	0	0	19088	26892	0	1	ok
F	4012	f4010	45	310	3577	501	20	4408	29	26	6	0	0	0	0	19088	26892	0	1	ok
F	4013	f4011	45	391	3346	501	30	4268	29	26	6	0	0	0	0	19088	26892	0	1	ok
F	4014	f4012	45	430	3437	501	30	4398	29	26	6	0	0	0	0	19088	26892	0	1	ok
F	4015	f4013	45	311	3356	501	30	4198	29	26	6	0	0	0	0	19088	26892	0	1	ok
F	4016	f4014	45	381	3406	501	20	4308	29	26	6	0	0	0	0	19088	26892	0	1	ok
F	4017	f4015	45	561	3717	521	20	4819	29	26	6	0	0	0	0	19088	26892	0	1	ok
F	4018	f4016	45	461	3767	501	30	4759	29	26	6	0	0	0	0	19088	26892	0	1	ok
F	4019	f4017	45	391	3286	501	20	4198	29	26	6	0	0	0	0	19088	26892	0	1	ok
F	4020	f4018	45	320	3296	511	30	4157	29	26	6	0	0	0	0	19088	26892	0	1	ok
F	4021	f4019	45	481	3416	511	20	4428	29	26	6	0	0	0	0	19088	26892	0	1	ok
F	4022	f4020	45	401	3606	501	30	4538	29	26	6	0	0	0	0	19088	26892	0	1	ok
F	4023	f4021	45	310	3697	501	30	4538	29	26	6	0	0	0	0	19088	26892	0	1	ok
F	4024	f4022	45	431	3546	511	20	4508	29	26	6	0	0	0	0	19088	26892	0	1	ok
F	4025	f4023	45	381	3476	511	30	4398	29	26	6	0	0	0	0	19088	26892	0	1	ok
F	4026	f4024	45	391	3536	501	30	4458	29	26	6	0	0	0	0	19088	26892	0	1	ok
F	4027	f4025	45	441	3707	501	30	4679	29	26	6	0	0	0	0	19088	26892	0	1	ok
F	4028	f4026	45	311	3586	501	30	4428	29	26	6	0	0	0	0	19088	26892	0	1	ok
F	4029	f4027	45	391	3466	501	20	4378	29	26	6	0	0	0	0	19088	26892	0	1	ok
F	4030	f4028	45	330	3407	501	20	4258	29	26	6	0	0	0	0	19088	26892	0	1	ok
F	4031	f4029	45	511	3236	501	30	4278	29	26	6	0	0	0	0	19088	26892	0	1	ok
F	4032	f4030	45	321	3696	511	30	4558	29	26	6	0	0	0	0	19088	26892	0	1	ok
F	4033	f4031	45	411	3486	511	20	4428	29	26	6	0	0	0	0	19088	26892	0	1	ok
F	4034	f4032	45	501	3607	501	30	4639	29	26	6	0	0	0	0	19088	26892	0	1	ok
F	4035	f4033	45	321	3556	501	30	4408	29	26	6	0	0	0	0	19088	26892	0	1	ok
F	4036	f4034	45	311	3476	501	30	4318	29	26	6	0	0	0	0	19088	26892	0	1	ok
F	4037	f4035	45	370	3256	511	20	4157	29	26	6	0	0	0	0	19088	26892	0	1	ok
F	4038	f4036	45	491	3216	501	30	4238	29	26	6	0	0	0	0	19088	26892	0	1	ok
F	4039	f4037	45	310	3346	501	30	4187	29	26	6	0	0	0	0	19088	26892	0	1	ok
F	4040	f4038	45	311	3426	511	30	4278	29	26	6	0	0	0	0	19088	26892	0	1	ok
F	4041	f4039	45	581	3376	491	30	4478	29	26	6	0	0	0	0	19088	26892	0	1	ok
F	4042	f4040	45	390	3427	501	30	4348	29	26	6	0	0	0	0	19088	26892	0	1	ok
F	4043	f4041	45	321	3296	501	30	4148	29	26	6	0	0	0	0	19088	26892	0	1	ok
F	4044	f4042	45	310	3467	501	30	4308	29	26	6	0	0	0	0	19088	26892	0	1	ok
F	4045	f4043	45	491	3357	521	30	4399	29	26	6	0	0	0	0	19088	26892	0	1	ok
F	4046	f4044	45	311	3536	511	20	4378	29	26	6	0	0	0	0	19088	26892	0	1	ok
F	4047	f4045	45	321	3506	511	30	4368	29	26	6	0	0	0	0	19088	26892	0	1	ok
F	4048	f4046	45	501	3196	501	30	4228	29	26	6	0	0	0	0	19088	26892	0	1	ok
F	4049	f4047	45	381	3346	501	30	4258	29	26	6	0	0	0	0	19088	26892	0	1	ok
F	4050	f4048	45	320	3848	500	31	4699	29	26	6	0	0	0	0	19088	26892	0	1	ok
F	4051	f4049	45	311	3366	501	30	4208	29	26	6	0	0	0	0	19088	26892	0	1	ok
F	4052	f4050	45	310	3196	501	30	4037	29	26	6	0	0	0	0	19088	26892	0	1	ok
F	4053	f4051	45	400	3377	511	20	4308	29	26	6	0	0	0	0	19088	26892	0	1	ok
F	4054	f4052	45	381	3106	491	30	4008	29	26	6	0	0	0	0	19088	26892	0	1	ok
F	4055	f4053	45	411	3326	501	30	4268	29	26	6	0	0	0	0	19088	26892	0	1	ok
F	4056	f4054	45	321	3586	511	30	4448	29	26	6	0	0	0	0	19088	26892	0	1	ok
F	4057	f4055	45	441	3236	501	20	4198	29	26	6	0	0	0	0	19088	26892	0	1	ok
F	4058	f4056	45	431	3337	500	31	4299	29	26	6	0	0	0	0	19088	26892	0	1	ok
F	4059	f4057	45	301	3496	501	30	4328	29	26	6	0	0	0	0	19088	26892	0	1	ok
F	4060	f4058	45	320	3397	501	20	4238	29	26	6	0	0	0	0	19088	26892	0	1	ok
F	4061	f4059	45	391	3507	501	30	4429	29	26	6	0	0	0	0	19088	26892	0	1	ok
F	4062	f4060	45	561	3677	511	30	4779	29	26	6	0	0	0	0	19088	26892	0	1	ok
F	4063	f4061	45	370	3467	501	30	4368	29	26	6	0	0	0	0	19088	26892	0	1	ok
F	4064	f4062	45	311	3507	500	31	4349	29	26	6	0	0	0	0	19088	26892	0	1	ok
F	4065	f4063	45	551	3126	501	30	4208	29	26	6	0	0	0	0	19088	26892	0	1	ok
F	4066	f4064	45	390	3807	501	30	4728	29	26	6	0	0	0	0	19088	26892	0	1	ok
F	4067	f4065	45	461	3396	551	30	4438	29	26	6	0	0	0	0	19088	26892	0	1	ok
F	4068	f4066	45	381	3526	571	30	4508	29	26	6	0	0	0	0	19088	26892	0	1	ok
F	4069	f4067	45	581	3567	501	30	4679	29	26	6	0	0	0	0	19088	26892	0	1	ok
F	4070	f4068	45	461	3406	521	30	4418	29	26	6	0	0	0	0	19088	26892	0	1	ok
F	4071	f4069	45	461	3426	491	30	4408	29	26	6	0	0	0	0	19088	26892	0	1	ok
F	4072	f4070	45	501	3316	501	30	4348	29	26	6	0	0	0	0	19088	26892	0	1	ok
F	4073	f4071	45	541	3266	501	30	4338	29	26	6	0	0	0	0	19088	26892	0	1	ok
F	4074	f4072	45	571	3677	500	21	4769	29	26	6	0	0	0	0	19088	26892	0	1	ok
F	4075	f4073	45	561	3316	622	30	4529	29	26	6	0	0	0	0	19088	26892	0	1	ok
F	4076	f4074	45	661	3497	501	30	4689	29	26	6	0	0	0	0	19088	26892	0	1	ok
F	4077	f4075	45	531	3557	501	30	4619	29	26	6	0	0	0	0	19088	26892	0	1	ok
F	4078	f4076	45	621	3977	501	30	5129	29	26	6	0	0	0	0	19088	26892	0	1	ok
F	4079	f4077	45	561	3597	501	30	4689	29	26	6	0	0	0	0	19088	26892	0	1	ok
F	4080	f4078	45	451	3166	501	30	4148	29	26	6	0	0	0	0	19088	26892	0	1	ok
F	4081	f4079	45	451	3396	501	30	4378	29	26	6	0	0	0	0	19088	26892	0	1	ok
F	4082	f4080	45	421	3407	511	30	4369	29	26	6	0	0	0	0	19088	26892	0	1	ok
F	4083	f4081	45	521	3316	501	30	4368	29	26	6	0	0	0	0	19088	26892	0	1	ok
F	4084	f4082	45	331	3296	501	30	4158	29	26	6	0	0	0	0	19088	26892	0	1	ok
F	4085	f4083	45	321	3236	511	30	4098	29	26	6	0	0	0	0	19088	26892	0	1	ok
F	4086	f4084	45	490	3697	501	30	4718	29	26	6	0	0	0	0	19088	26892	0	1	ok
F	4087	f4085	45	371	3346	501	20	4238	29	26	6	0	0	0	0	19088	26892	0	1	ok
F	4088	f4086	45	320	3387	501	30	4238	29	26	6	0	0	0	0	19088	26892	0	1	ok
F	4089	f4087	45	471	3256	491	30	4248	29	26	6	0	0	0	0	19088	26892	0	1	ok
F	4090	f4088	45	401	3536	501	30	4468	29	26	6	0	0	0	0	19088	26892	0	1	ok
F	4091	f4089	45	381	3376	501	30	4288	29	26	6	0	0	0	0	19088	26892	0	1	ok
F	4092	f4090	45	310	3036	521	30	3897	29	26	6	0	0	0	0	19088	26892	0	1	ok
F	4093	f4091	45	480	3377	501	20	4378	29	26	6	0	0	0	0	19088	26892	0	1	ok
F	4094	f4092	45	301	3677	501	30	4509	29	26	6	0	0	0	0	19088	26892	0	1	ok
F	4095	f4093	45	381	3366	501	30	4278	29	26	6	0	0	0	0	19088	26892	0	1	ok
F	4096	f4094	45	421	3266	501	30	4218	29	26	6	0	0	0	0	19088	26892	0	1	ok
F	4097	f4095	45	310	3226	501	30	4067	29	26	6	0	0	0	0	19088	26892	0	1	ok
F	4098	f4096	45	431	3777	531	20	4759	29	26	6	0	0	0	0	19088	26892	0	1	ok
F	4099	f4097	45	371	3757	501	20	4649	29	26	6	0	0	0	0	19088	26892	0	1	ok
F	4100	f4098	45	431	3327	510	31	4299	29	26	6	0	0	0	0	19088	26892	0	1	ok
F	4101	f4099	45	331	3376	511	30	4248	29	26	6	0	0	0	0	19088	26892	0	1	ok
F	4102	f4100	45	310	3306	501	30	4147	29	26	6	0	0	0	0	19088	26892	0	1	ok
F	4103	f4101	45	421	3396	501	30	4348	29	26	6	0	0	0	0	19088	26892	0	1	ok
F	4104	f4102	45	310	3477	511	20	4318	29	26	6	0	0	0	0	19088	26892	0	1	ok
F	4105	f4103	45	391	3416	501	30	4338	29	26	6	0	0	0	0	19088	26892	0	1	ok
F	4106	f4104	45	78948	4208	601	30	83787	29	26	6	0	0	0	0	19088	26892	0	1	ok
F	4107	f4105	45	370	3397	501	20	4288	29	26	6	0	0	0	0	19088	26892	0	1	ok
F	4108	f4106	45	321	3276	501	30	4128	29	26	6	0	0	0	0	19088	26892	0	1	ok
F	4109	f4107	45	310	3517	501	30	4358	29	26	6	0	0	0	0	19088	26892	0	1	ok
F	4110	f4108	45	501	3657	501	30	4689	29	26	6	0	0	0	0	19088	26892	0	1	ok
F	4111	f4109	45	320	3517	501	30	4368	29	26	6	0	0	0	0	19088	26892	0	1	ok
F	4112	f4110	45	311	3286	501	30	4128	29	26	6	0	0	0	0	19088	26892	0	1	ok
F	4113	f4111	45	411	3256	501	30	4198	29	26	6	0	0	0	0	19088	26892	0	1	ok
F	4114	f4112	45	391	3426	491	30	4338	29	26	6	0	0	0	0	19088	26892	0	1	ok
F	4115	f4113	45	310	3337	501	30	4178	29	26	6	0	0	0	0	19088	26892	0	1	ok
F	4116	f4114	45	321	3196	501	30	4048	29	26	6	0	0	0	0	19088	26892	0	1	ok
F	4117	f4115	45	511	3487	501	30	4529	29	26	6	0	0	0	0	19088	26892	0	1	ok
F	4118	f4116	45	431	3066	511	30	4038	29	26	6	0	0	0	0	19088	26892	0	1	ok
F	4119	f4117	45	310	3166	501	30	4007	29	26	6	0	0	0	0	19088	26892	0	1	ok
F	4120	f4118	45	420	3497	491	30	4438	29	26	6	0	0	0	0	19088	26892	0	1	ok
F	4121	f4119	45	461	3276	511	30	4278	29	26	6	0	0	0	0	19088	26892	0	1	ok
F	4122	f4120	45	381	3316	511	20	4228	29	26	6	0	0	0	0	19088	26892	0	1	ok
F	4123	f4121	45	300	3136	501	30	3967	29	26	6	0	0	0	0	19088	26892	0	1	ok
F	4124	f4122	45	421	3516	511	30	4478	29	26	6	0	0	0	0	19088	26892	0	1	ok
F	4125	f4123	45	391	3716	501	20	4628	29	26	6	0	0	0	0	19088	26892	0	1	ok
F	4126	f4124	45	311	3356	501	30	4198	29	26	6	0	0	0	0	19088	26892	0	1	ok
F	4127	f4125	45	481	3446	501	30	4458	29	26	6	0	0	0	0	19088	26892	0	1	ok
F	4128	f4126	45	300	3256	511	30	4097	29	26	6	0	0	0	0	19088	26892	0	1	ok
F	4129	f4127	45	521	3306	501	30	4358	29	26	6	0	0	0	0	19088	26892	0	1	ok
F	4130	f4128	45	641	3206	511	30	4388	29	26	6	0	0	0	0	19088	26892	0	1	ok
F	4131	f4129	45	380	3196	491	30	4097	29	26	6	0	0	0	0	19088	26892	0	1	ok
F	4132	f4130	45	381	3306	501	30	4218	29	26	6	0	0	0	0	19088	26892	0	1	ok
F	4133	f4131	45	471	3176	501	30	4178	29	26	6	0	0	0	0	19088	26892	0	1	ok
F	4134	f4132	45	511	3456	511	30	4508	29	26	6	0	0	0	0	19088	26892	0	1	ok
F	4135	f4133	45	390	3427	501	30	4348	29	26	6	0	0	0	0	19088	26892	0	1	ok
F	4136	f4134	45	311	3096	501	30	3938	29	26	6	0	0	0	0	19088	26892	0	1	ok
F	4137	f4135	45	470	3216	501	30	4217	29	26	6	0	0	0	0	19088	26892	0	1	ok
F	4138	f4136	45	421	3036	501	20	3978	29	26	6	0	0	0	0	19088	26892	0	1	ok
F	4139	f4137	45	391	3316	501	20	4228	29	26	6	0	0	0	0	19088	26892	0	1	ok
F	4140	f4138	45	311	3156	500	31	3998	29	26	6	0	0	0	0	19088	26892	0	1	ok
F	4141	f4139	45	431	3246	501	30	4208	29	26	6	0	0	0	0	19088	26892	0	1	ok
F	4142	f4140	45	330	3286	501	30	4147	29	26	6	0	0	0	0	19088	26892	0	1	ok
F	4143	f4141	45	381	3246	501	30	4158	29	26	6	0	0	0	0	19088	26892	0	1	ok
F	4144	f4142	45	501	3477	501	30	4509	29	26	6	0	0	0	0	19088	26892	0	1	ok
F	4145	f4143	45	420	3337	501	30	4288	29	26	6	0	0	0	0	19088	26892	0	1	ok
F	4146	f4144	45	381	3486	501	30	4398	29	26	6	0	0	0	0	19088	26892	0	1	ok
F	4147	f4145	45	381	3176	501	30	4088	29	26	6	0	0	0	0	19088	26892	0	1	ok
F	4148	f4146	45	431	3386	501	30	4348	29	26	6	0	0	0	0	19088	26892	0	1	ok
F	4149	f4147	45	391	3176	491	30	4088	29	26	6	0	0	0	0	19088	26892	0	1	ok
F	4150	f4148	45	401	3276	501	30	4208	29	26	6	0	0	0	0	19088	26892	0	1	ok
F	4151	f4149	45	571	3446	511	20	4548	29	26	6	0	0	0	0	19088	26892	0	1	ok
F	4152	f4150	45	310	3226	501	30	4067	29	26	6	0	0	0	0	19088	26892	0	1	ok
F	4153	f4151	45	461	3546	501	30	4538	29	26	6	0	0	0	0	19088	26892	0	1	ok
F	4154	f4152	45	381	3897	501	30	4809	29	26	6	0	0	0	0	19088	26892	0	1	ok
F	4155	f4153	45	380	3387	511	30	4308	29	26	6	0	0	0	0	19088	26892	0	1	ok
F	4156	f4154	45	311	3426	501	30	4268	29	26	6	0	0	0	0	19088	26892	0	1	ok
F	4157	f4155	45	320	3487	501	30	4338	29	26	6	0	0	0	0	19088	26892	0	1	ok
F	4158	f4156	45	431	3377	501	30	4339	29	26	6	0	0	0	0	19088	26892	0	1	ok
F	4159	f4157	45	381	3597	511	20	4509	29	26	6	0	0	0	0	19088	26892	0	1	ok
F	4160	f4158	45	331	3176	501	30	4038	29	26	6	0	0	0	0	19088	26892	0	1	ok
F	4161	f4159	45	652	3456	501	30	4639	29	26	6	0	0	0	0	19088	26892	0	1	ok
F	4162	f4160	45	380	3407	501	30	4318	29	26	6	0	0	0	0	19088	26892	0	1	ok
F	4163	f4161	45	321	3306	501	30	4158	29	26	6	0	0	0	0	19088	26892	0	1	ok
F	4164	f4162	45	330	3186	501	30	4047	29	26	6	0	0	0	0	19088	26892	0	1	ok
F	4165	f4163	45	421	3105	501	30	4057	29	26	6	0	0	0	0	19088	26892	0	1	ok
F	4166	f4164	45	401	3486	501	30	4418	29	26	6	0	0	0	0	19088	26892	0	1	ok
F	4167	f4165	45	381	3206	500	31	4118	29	26	6	0	0	0	0	19088	26892	0	1	ok
F	4168	f4166	45	421	3446	501	30	4398	29	26	6	0	0	0	0	19088	26892	0	1	ok
F	4169	f4167	45	311	3155	501	30	3997	29	26	6	0	0	0	0	19088	26892	0	1	ok
F	4170	f4168	45	471	3316	511	30	4328	29	26	6	0	0	0	0	19088	26892	0	1	ok
F	4171	f4169	45	441	3246	511	20	4218	29	26	6	0	0	0	0	19088	26892	0	1	ok
F	4172	f4170	45	421	3176	511	30	4138	29	26	6	0	0	0	0	19088	26892	0	1	ok
F	4173	f4171	45	381	3346	511	30	4268	29	26	6	0	0	0	0	19088	26892	0	1	ok
F	4174	f4172	45	311	3216	501	30	4058	29	26	6	0	0	0	0	19088	26892	0	1	ok
F	4175	f4173	45	491	3306	511	30	4338	29	26	6	0	0	0	0	19088	26892	0	1	ok
F	4176	f4174	45	371	3436	501	30	4338	29	26	6	0	0	0	0	19088	26892	0	1	ok
F	4177	f4175	45	360	3307	501	30	4198	29	26	6	0	0	0	0	19088	26892	0	1	ok
F	4178	f4176	45	381	3196	621	30	4228	29	26	6	0	0	0	0	19088	26892	0	1	ok
F	4179	f4177	45	310	3326	501	30	4167	29	26	6	0	0	0	0	19088	26892	0	1	ok
F	4180	f4178	45	321	3416	501	30	4268	29	26	6	0	0	0	0	19088	26892	0	1	ok
F	4181	f4179	45	370	3206	501	30	4107	29	26	6	0	0	0	0	19088	26892	0	1	ok
F	4182	f4180	45	491	3075	501	30	4097	29	26	6	0	0	0	0	19088	26892	0	1	ok
F	4183	f4181	45	311	3506	501	30	4348	29	26	6	0	0	0	0	19088	26892	0	1	ok
F	4184	f4182	45	301	3216	501	30	4048	29	26	6	0	0	0	0	19088	26892	0	1	ok
F	4185	f4183	45	491	3226	511	30	4258	29	26	6	0	0	0	0	19088	26892	0	1	ok
F	4186	f4184	45	381	3456	501	20	4358	29	26	6	0	0	0	0	19088	26892	0	1	ok
F	4187	f4185	45	320	3357	501	30	4208	29	26	6	0	0	0	0	19088	26892	0	1	ok
F	4188	f4186	45	311	3316	511	30	4168	29	26	6	0	0	0	0	19088	26892	0	1	ok
F	4189	f4187	45	571	3346	521	20	4458	29	26	6	0	0	0	0	19088	26892	0	1	ok
F	4190	f4188	45	431	3326	501	30	4288	29	26	6	0	0	0	0	19088	26892	0	1	ok
F	4191	f4189	45	411	3587	500	31	4529	29	26	6	0	0	0	0	19088	26892	0	1	ok
F	4192	f4190	45	511	3366	501	30	4408	29	26	6	0	0	0	0	19088	26892	0	1	ok
F	4193	f4191	45	391	3166	521	30	4108	29	26	6	0	0	0	0	19088	26892	0	1	ok
F	4194	f4192	45	381	3486	501	30	4398	29	26	6	0	0	0	0	19088	26892	0	1	ok
F	4195	f4193	45	381	3306	511	30	4228	29	26	6	0	0	0	0	19088	26892	0	1	ok
F	4196	f4194	45	441	3337	531	30	4339	29	26	6	0	0	0	0	19088	26892	0	1	ok
F	4197	f4195	45	301	3356	501	30	4188	29	26	6	0	0	0	0	19088	26892	0	1	ok
F	4198	f4196	45	310	3356	501	20	4187	29	26	6	0	0	0	0	19088	26892	0	1	ok
F	4199	f4197	45	491	3547	490	31	4559	29	26	6	0	0	0	0	19088	26892	0	1	ok
F	4200	f4198	45	301	3186	501	30	4018	29	26	6	0	0	0	0	19088	26892	0	1	ok
F	4201	f4199	45	391	3026	501	20	3938	29	26	6	0	0	0	0	19088	26892	0	1	ok
F	4202	f4200	45	391	3386	501	30	4308	29	26	6	0	0	0	0	19088	26892	0	1	ok
F	4203	f4201	45	501	3456	491	30	4478	29	26	6	0	0	0	0	19088	26892	0	1	ok
F	4204	f4202	45	300	3497	501	30	4328	29	26	6	0	0	0	0	19088	26892	0	1	ok
F	4205	f4203	45	470	3146	501	30	4147	29	26	6	0	0	0	0	19088	26892	0	1	ok
F	4206	f4204	45	431	3456	501	30	4418	29	26	6	0	0	0	0	19088	26892	0	1	ok
F	4207	f4205	45	310	3196	501	30	4037	29	26	6	0	0	0	0	19088	26892	0	1	ok
F	4208	f4206	45	521	3306	501	30	4358	29	26	6	0	0	0	0	19088	26892	0	1	ok
F	4209	f4207	45	471	3577	500	31	4579	29	26	6	0	0	0	0	19088	26892	0	1	ok
F	4210	f4208	45	431	3236	511	30	4208	29	26	6	0	0	0	0	19088	26892	0	1	ok
F	4211	f4209	45	310	3056	511	30	3907	29	26	6	0	0	0	0	19088	26892	0	1	ok
F	4212	f4210	45	330	3657	541	40	4568	29	26	6	0	0	0	0	19088	26892	0	1	ok
F	4213	f4211	45	431	3126	500	31	4088	29	26	6	0	0	0	0	19088	26892	0	1	ok
F	4214	f4212	45	381	3476	511	30	4398	29	26	6	0	0	0	0	19088	26892	0	1	ok
F	4215	f4213	45	310	3657	501	30	4498	29	26	6	0	0	0	0	19088	26892	0	1	ok
F	4216	f4214	45	138349	3607	541	30	142527	29	26	6	0	0	0	0	19088	26892	0	1	ok
F	4217	f4215	45	330	3326	501	30	4187	29	26	6	0	0	0	0	19088	26892	0	1	ok
F	4218	f4216	45	381	3226	511	30	4148	29	26	6	0	0	0	0	19088	26892	0	1	ok
F	4219	f4217	45	401	3637	501	30	4569	29	26	6	0	0	0	0	19088	26892	0	1	ok
F	4220	f4218	45	441	3326	511	30	4308	29	26	6	0	0	0	0	19088	26892	0	1	ok
F	4221	f4219	45	461	3216	501	30	4208	29	26	6	0	0	0	0	19088	26892	0	1	ok
F	4222	f4220	45	461	3828	500	31	4820	29	26	6	0	0	0	0	19088	26892	0	1	ok
F	4223	f4221	45	581	3036	501	30	4148	29	26	6	0	0	0	0	19088	26892	0	1	ok
F	4224	f4222	45	491	3387	511	30	4419	29	26	6	0	0	0	0	19088	26892	0	1	ok
F	4225	f4223	45	531	3527	491	30	4579	29	26	6	0	0	0	0	19088	26892	0	1	ok
F	4226	f4224	45	470	3737	511	20	4738	29	26	6	0	0	0	0	19088	26892	0	1	ok
F	4227	f4225	45	601	3607	501	30	4739	29	26	6	0	0	0	0	19088	26892	0	1	ok
F	4228	f4226	45	380	3346	501	30	4257	29	26	6	0	0	0	0	19088	26892	0	1	ok
F	4229	f4227	45	541	3366	491	30	4428	29	26	6	0	0	0	0	19088	26892	0	1	ok
F	4230	f4228	45	651	3306	511	30	4498	29	26	6	0	0	0	0	19088	26892	0	1	ok
F	4231	f4229	45	391	3336	501	30	4258	29	26	6	0	0	0	0	19088	26892	0	1	ok
F	4232	f4230	45	381	3667	511	30	4589	29	26	6	0	0	0	0	19088	26892	0	1	ok
F	4233	f4231	45	561	3296	501	30	4388	29	26	6	0	0	0	0	19088	26892	0	1	ok
F	4234	f4232	45	460	3457	501	30	4448	29	26	6	0	0	0	0	19088	26892	0	1	ok
F	4235	f4233	45	381	3306	501	30	4218	29	26	6	0	0	0	0	19088	26892	0	1	ok
F	4236	f4234	45	311	3396	491	30	4228	29	26	6	0	0	0	0	19088	26892	0	1	ok
F	4237	f4235	45	421	3336	491	30	4278	29	26	6	0	0	0	0	19088	26892	0	1	ok
F	4238	f4236	45	431	3286	501	30	4248	29	26	6	0	0	0	0	19088	26892	0	1	ok
F	4239	f4237	45	370	3397	521	30	4318	29	26	6	0	0	0	0	19088	26892	0	1	ok
F	4240	f4238	45	471	3266	501	30	4268	29	26	6	0	0	0	0	19088	26892	0	1	ok
F	4241	f4239	45	300	3457	501	20	4278	29	26	6	0	0	0	0	19088	26892	0	1	ok
F	4242	f4240	45	381	3367	500	30	4278	29	26	6	0	0	0	0	19088	26892	0	1	ok
F	4243	f4241	45	381	3146	491	30	4048	29	26	6	0	0	0	0	19088	26892	0	1	ok
F	4244	f4242	45	501	3497	501	30	4529	29	26	6	0	0	0	0	19088	26892	0	1	ok
F	4245	f4243	45	531	3296	511	20	4358	29	26	6	0	0	0	0	19088	26892	0	1	ok
F	4246	f4244	45	591	3657	501	30	4779	29	26	6	0	0	0	0	19088	26892	0	1	ok
F	4247	f4245	45	501	3576	501	30	4608	29	26	6	0	0	0	0	19088	26892	0	1	ok
F	4248	f4246	45	290	3587	501	30	4408	29	26	6	0	0	0	0	19088	26892	0	1	ok
F	4249	f4247	45	521	3496	501	30	4548	29	26	6	0	0	0	0	19088	26892	0	1	ok
F	4250	f4248	45	350	3367	511	20	4248	29	26	6	0	0	0	0	19088	26892	0	1	ok
F	4251	f4249	45	421	3186	501	30	4138	29	26	6	0	0	0	0	19088	26892	0	1	ok
F	4252	f4250	45	320	3367	501	30	4218	29	26	6	0	0	0	0	19088	26892	0	1	ok
F	4253	f4251	45	381	3567	501	30	4479	29	26	6	0	0	0	0	19088	26892	0	1	ok
F	4254	f4252	45	501	3286	501	30	4318	29	26	6	0	0	0	0	19088	26892	0	1	ok
F	4255	f4253	45	381	3516	501	30	4428	29	26	6	0	0	0	0	19088	26892	0	1	ok
F	4256	f4254	45	380	3397	501	20	4298	29	26	6	0	0	0	0	19088	26892	0	1	ok
F	4257	f4255	45	381	3446	491	30	4348	29	26	6	0	0	0	0	19088	26892	0	1	ok
F	4258	f4256	45	311	3807	501	30	4649	29	26	6	0	0	0	0	19088	26892	0	1	ok
F	4259	f4257	45	391	3136	511	30	4068	29	26	6	0	0	0	0	19088	26892	0	1	ok
F	4260	f4258	45	311	3406	511	30	4258	29	26	6	0	0	0	0	19088	26892	0	1	ok
F	4261	f4259	45	431	3476	501	30	4438	29	26	6	0	0	0	0	19088	26892	0	1	ok
F	4262	f4260	45	310	3357	501	30	4198	29	26	6	0	0	0	0	19088	26892	0	1	ok
F	4263	f4261	45	381	3547	501	30	4459	29	26	6	0	0	0	0	19088	26892	0	1	ok
F	4264	f4262	45	421	3467	500	31	4419	29	26	6	0	0	0	0	19088	26892	0	1	ok
F	4265	f4263	45	371	3126	501	30	4028	29	26	6	0	0	0	0	19088	26892	0	1	ok
F	4266	f4264	45	381	3306	501	30	4218	29	26	6	0	0	0	0	19088	26892	0	1	ok
F	4267	f4265	45	381	3035	501	30	3947	29	26	6	0	0	0	0	19088	26892	0	1	ok
F	4268	f4266	45	411	3496	491	30	4428	29	26	6	0	0	0	0	19088	26892	0	1	ok
F	4269	f4267	45	380	3387	501	30	4298	29	26	6	0	0	0	0	19088	26892	0	1	ok
F	4270	f4268	45	321	3466	501	20	4308	29	26	6	0	0	0	0	19088	26892	0	1	ok
F	4271	f4269	45	411	3216	491	30	4148	29	26	6	0	0	0	0	19088	26892	0	1	ok
F	4272	f4270	45	321	3146	501	20	3988	29	26	6	0	0	0	0	19088	26892	0	1	ok
F	4273	f4271	45	371	3106	501	30	4008	29	26	6	0	0	0	0	19088	26892	0	1	ok
F	4274	f4272	45	401	3336	501	30	4268	29	26	6	0	0	0	0	19088	26892	0	1	ok
F	4275	f4273	45	421	3086	500	31	4038	29	26	6	0	0	0	0	19088	26892	0	1	ok
F	4276	f4274	45	321	3647	500	31	4499	29	26	6	0	0	0	0	19088	26892	0	1	ok
F	4277	f4275	45	381	3176	511	30	4098	29	26	6	0	0	0	0	19088	26892	0	1	ok
F	4278	f4276	45	491	3467	501	30	4489	29	26	6	0	0	0	0	19088	26892	0	1	ok
F	4279	f4277	45	311	3336	521	20	4188	29	26	6	0	0	0	0	19088	26892	0	1	ok
F	4280	f4278	45	320	3236	501	30	4087	29	26	6	0	0	0	0	19088	26892	0	1	ok
F	4281	f4279	45	471	3346	501	451	4769	29	26	6	0	0	0	0	19088	26892	0	1	ok
F	4282	f4280	45	491	3316	501	30	4338	29	26	6	0	0	0	0	19088	26892	0	1	ok
F	4283	f4281	45	401	3306	491	30	4228	29	26	6	0	0	0	0	19088	26892	0	1	ok
F	4284	f4282	45	381	3286	501	40	4208	29	26	6	0	0	0	0	19088	26892	0	1	ok
F	4285	f4283	45	571	3407	501	30	4509	29	26	6	0	0	0	0	19088	26892	0	1	ok
F	4286	f4284	45	321	3306	501	30	4158	29	26	6	0	0	0	0	19088	26892	0	1	ok
F	4287	f4285	45	300	3367	501	30	4198	29	26	6	0	0	0	0	19088	26892	0	1	ok
F	4288	f4286	45	491	3066	511	30	4098	29	26	6	0	0	0	0	19088	26892	0	1	ok
F	4289	f4287	45	371	3457	501	30	4359	29	26	6	0	0	0	0	19088	26892	0	1	ok
F	4290	f4288	45	381	3516	491	30	4418	29	26	6	0	0	0	0	19088	26892	0	1	ok
F	4291	f4289	45	311	3286	501	20	4118	29	26	6	0	0	0	0	19088	26892	0	1	ok
F	4292	f4290	45	431	3256	501	30	4218	29	26	6	0	0	0	0	19088	26892	0	1	ok
F	4293	f4291	45	300	3176	501	30	4007	29	26	6	0	0	0	0	19088	26892	0	1	ok
F	4294	f4292	45	310	3377	501	30	4218	29	26	6	0	0	0	0	19088	26892	0	1	ok
F	4295	f4293	45	421	3316	521	20	4278	29	26	6	0	0	0	0	19088	26892	0	1	ok
F	4296	f4294	45	310	3367	501	30	4208	29	26	6	0	0	0	0	19088	26892	0	1	ok
F	4297	f4295	45	380	3316	501	30	4227	29	26	6	0	0	0	0	19088	26892	0	1	ok
F	4298	f4296	45	361	3447	501	30	4339	29	26	6	0	0	0	0	19088	26892	0	1	ok
F	4299	f4297	45	441	3466	501	30	4438	29	26	6	0	0	0	0	19088	26892	0	1	ok
F	4300	f4298	45	321	3226	501	30	4078	29	26	6	0	0	0	0	19088	26892	0	1	ok
F	4301	f4299	45	381	3426	501	30	4338	29	26	6	0	0	0	0	19088	26892	0	1	ok
F	4302	f4300	45	531	3376	511	20	4438	29	26	6	0	0	0	0	19088	26892	0	1	ok
F	4303	f4301	45	381	3306	501	30	4218	29	26	6	0	0	0	0	19088	26892	0	1	ok
F	4304	f4302	45	381	3426	501	30	4338	29	26	6	0	0	0	0	19088	26892	0	1	ok
F	4305	f4303	45	481	3376	501	30	4388	29	26	6	0	0	0	0	19088	26892	0	1	ok
F	4306	f4304	45	421	3546	511	20	4498	29	26	6	0	0	0	0	19088	26892	0	1	ok
F	4307	f4305	45	531	3496	501	30	4558	29	26	6	0	0	0	0	19088	26892	0	1	ok
F	4308	f4306	45	310	3327	511	30	4178	29	26	6	0	0	0	0	19088	26892	0	1	ok
F	4309	f4307	45	491	3286	501	30	4308	29	26	6	0	0	0	0	19088	26892	0	1	ok
F	4310	f4308	45	441	3216	501	30	4188	29	26	6	0	0	0	0	19088	26892	0	1	ok
F	4311	f4309	45	381	3647	501	30	4559	29	26	6	0	0	0	0	19088	26892	0	1	ok
F	4312	f4310	45	441	3337	500	31	4309	29	26	6	0	0	0	0	19088	26892	0	1	ok
F	4313	f4311	45	501	3196	501	30	4228	29	26	6	0	0	0	0	19088	26892	0	1	ok
F	4314	f4312	45	320	3467	501	30	4318	29	26	6	0	0	0	0	19088	26892	0	1	ok
F	4315	f4313	45	381	3376	501	30	4288	29	26	6	0	0	0	0	19088	26892	0	1	ok
F	4316	f4314	45	421	3256	511	30	4218	29	26	6	0	0	0	0	19088	26892	0	1	ok
F	4317	f4315	45	321	3166	511	30	4028	29	26	6	0	0	0	0	19088	26892	0	1	ok
F	4318	f4316	45	390	3337	500	31	4258	29	26	6	0	0	0	0	19088	26892	0	1	ok
F	4319	f4317	45	481	3286	501	30	4298	29	26	6	0	0	0	0	19088	26892	0	1	ok
F	4320	f4318	45	310	3347	501	30	4188	29	26	6	0	0	0	0	19088	26892	0	1	ok
F	4321	f4319	45	441	3436	521	30	4428	29	26	6	0	0	0	0	19088	26892	0	1	ok
F	4322	f4320	45	311	3256	501	30	4098	29	26	6	0	0	0	0	19088	26892	0	1	ok
F	4323	f4321	45	421	3587	491	30	4529	29	26	6	0	0	0	0	19088	26892	0	1	ok
F	4324	f4322	45	321	3076	501	30	3928	29	26	6	0	0	0	0	19088	26892	0	1	ok
F	4325	f4323	45	391	3296	511	20	4218	29	26	6	0	0	0	0	19088	26892	0	1	ok
F	4326	f4324	45	74479	4228	571	30	79308	29	26	6	0	0	0	0	19088	26892	0	1	ok
F	4327	f4325	45	421	3166	501	30	4118	29	26	6	0	0	0	0	19088	26892	0	1	ok
F	4328	f4326	45	311	3697	501	30	4539	29	26	6	0	0	0	0	19088	26892	0	1	ok
F	4329	f4327	45	400	4098	501	30	5029	29	26	6	0	0	0	0	19088	26892	0	1	ok
F	4330	f4328	45	911	3367	500	31	4809	29	26	6	0	0	0	0	19088	26892	0	1	ok
F	4331	f4329	45	661	3948	501	30	5140	29	26	6	0	0	0	0	19088	26892	0	1	ok
F	4332	f4330	45	471	3747	501	20	4739	29	26	6	0	0	0	0	19088	26892	0	1	ok
F	4333	f4331	45	711	3587	511	30	4839	29	26	6	0	0	0	0	19088	26892	0	1	ok
F	4334	f4332	45	592	3737	500	31	4860	29	26	6	0	0	0	0	19088	26892	0	1	ok
F	4335	f4333	45	571	3657	501	30	4759	29	26	6	0	0	0	0	19088	26892	0	1	ok
F	4336	f4334	45	500	3527	501	30	4558	29	26	6	0	0	0	0	19088	26892	0	1	ok
F	4337	f4335	45	491	3276	501	40	4308	29	26	6	0	0	0	0	19088	26892	0	1	ok
F	4338	f4336	45	611	4047	501	30	5189	29	26	6	0	0	0	0	19088	26892	0	1	ok
F	4339	f4337	45	521	4298	501	30	5350	29	26	6	0	0	0	0	19088	26892	0	1	ok
F	4340	f4338	45	521	3537	501	30	4589	29	26	6	0	0	0	0	19088	26892	0	1	ok
F	4341	f4339	45	591	3657	501	30	4779	29	26	6	0	0	0	0	19088	26892	0	1	ok
F	4342	f4340	45	581	3507	501	30	4619	29	26	6	0	0	0	0	19088	26892	0	1	ok
F	4343	f4341	45	581	3597	501	30	4709	29	26	6	0	0	0	0	19088	26892	0	1	ok
F	4344	f4342	45	400	3216	491	30	4137	29	26	6	0	0	0	0	19088	26892	0	1	ok
F	4345	f4343	45	551	3347	500	20	4418	29	26	6	0	0	0	0	19088	26892	0	1	ok
F	4346	f4344	45	561	3296	551	30	4438	29	26	6	0	0	0	0	19088	26892	0	1	ok
F	4347	f4345	45	821	3377	501	30	4729	29	26	6	0	0	0	0	19088	26892	0	1	ok
F	4348	f4346	45	722	3526	501	30	4779	29	26	6	0	0	0	0	19088	26892	0	1	ok
F	4349	f4347	45	531	3607	501	30	4669	29	26	6	0	0	0	0	19088	26892	0	1	ok
F	4350	f4348	45	501	3336	501	30	4368	29	26	6	0	0	0	0	19088	26892	0	1	ok
F	4351	f4349	45	541	3487	500	20	4548	29	26	6	0	0	0	0	19088	26892	0	1	ok
F	4352	f4350	45	421	3326	501	30	4278	29	26	6	0	0	0	0	19088	26892	0	1	ok
F	4353	f4351	45	551	3556	511	30	4648	29	26	6	0	0	0	0	19088	26892	0	1	ok
F	4354	f4352	45	531	3426	491	30	4478	29	26	6	0	0	0	0	19088	26892	0	1	ok
F	4355	f4353	45	491	3246	491	30	4258	29	26	6	0	0	0	0	19088	26892	0	1	ok
F	4356	f4354	45	391	3416	501	30	4338	29	26	6	0	0	0	0	19088	26892	0	1	ok
F	4357	f4355	45	501	3226	501	30	4258	29	26	6	0	0	0	0	19088	26892	0	1	ok
F	4358	f4356	45	451	3587	511	30	4579	29	26	6	0	0	0	0	19088	26892	0	1	ok
F	4359	f4357	45	451	3787	501	30	4769	29	26	6	0	0	0	0	19088	26892	0	1	ok
F	4360	f4358	45	481	3326	501	30	4338	29	26	6	0	0	0	0	19088	26892	0	1	ok
F	4361	f4359	45	511	3506	501	30	4548	29	26	6	0	0	0	0	19088	26892	0	1	ok
F	4362	f4360	45	390	3417	501	30	4338	29	26	6	0	0	0	0	19088	26892	0	1	ok
F	4363	f4361	45	311	3707	511	20	4549	29	26	6	0	0	0	0	19088	26892	0	1	ok
F	4364	f4362	45	441	3337	500	20	4298	29	26	6	0	0	0	0	19088	26892	0	1	ok
F	4365	f4363	45	311	3206	501	30	4048	29	26	6	0	0	0	0	19088	26892	0	1	ok
F	4366	f4364	45	321	3486	511	20	4338	29	26	6	0	0	0	0	19088	26892	0	1	ok
F	4367	f4365	45	501	3376	501	20	4398	29	26	6	0	0	0	0	19088	26892	0	1	ok
F	4368	f4366	45	310	3537	491	30	4368	29	26	6	0	0	0	0	19088	26892	0	1	ok
F	4369	f4367	45	371	3707	511	20	4609	29	26	6	0	0	0	0	19088	26892	0	1	ok
F	4370	f4368	45	320	3557	491	30	4398	29	26	6	0	0	0	0	19088	26892	0	1	ok
F	4371	f4369	45	561	6502	641	30	7734	29	26	6	0	0	0	0	19088	26892	0	1	ok
F	4372	f4370	45	401	5019	661	20	6101	29	26	6	0	0	0	0	19088	26892	0	1	ok
F	4373	f4371	45	491	4729	501	30	5751	29	26	6	0	0	0	0	19088	26892	0	1	ok
F	4374	f4372	45	642	3777	501	30	4950	29	26	6	0	0	0	0	19088	26892	0	1	ok
F	4375	f4373	45	481	3336	501	30	4348	29	26	6	0	0	0	0	19088	26892	0	1	ok
F	4376	f4374	45	501	4088	511	30	5130	29	26	6	0	0	0	0	19088	26892	0	1	ok
F	4377	f4375	45	461	3406	511	20	4398	29	26	6	0	0	0	0	19088	26892	0	1	ok
F	4378	f4376	45	441	3356	511	30	4338	29	26	6	0	0	0	0	19088	26892	0	1	ok
F	4379	f4377	45	380	3537	501	30	4448	29	26	6	0	0	0	0	19088	26892	0	1	ok
F	4380	f4378	45	320	3597	501	30	4448	29	26	6	0	0	0	0	19088	26892	0	1	ok
F	4381	f4379	45	641	3346	491	30	4508	29	26	6	0	0	0	0	19088	26892	0	1	ok
F	4382	f4380	45	371	3426	511	30	4338	29	26	6	0	0	0	0	19088	26892	0	1	ok
F	4383	f4381	45	371	3386	501	30	4288	29	26	6	0	0	0	0	19088	26892	0	1	ok
F	4384	f4382	45	420	3587	511	150	4668	29	26	6	0	0	0	0	19088	26892	0	1	ok
F	4385	f4383	45	371	3286	541	30	4228	29	26	6	0	0	0	0	19088	26892	0	1	ok
F	4386	f4384	45	401	3306	732	20	4459	29	26	6	0	0	0	0	19088	26892	0	1	ok
F	4387	f4385	45	531	3617	501	30	4679	29	26	6	0	0	0	0	19088	26892	0	1	ok
F	4388	f4386	45	410	3477	501	20	4408	29	26	6	0	0	0	0	19088	26892	0	1	ok
F	4389	f4387	45	371	3246	511	30	4158	29	26	6	0	0	0	0	19088	26892	0	1	ok
F	4390	f4388	45	491	3336	501	30	4358	29	26	6	0	0	0	0	19088	26892	0	1	ok
F	4391	f4389	45	480	3297	501	30	4308	29	26	6	0	0	0	0	19088	26892	0	1	ok
F	4392	f4390	45	321	3346	491	30	4188	29	26	6	0	0	0	0	19088	26892	0	1	ok
F	4393	f4391	45	481	3396	501	30	4408	29	26	6	0	0	0	0	19088	26892	0	1	ok
F	4394	f4392	45	320	3577	511	30	4438	29	26	6	0	0	0	0	19088	26892	0	1	ok
F	4395	f4393	45	491	3587	511	30	4619	29	26	6	0	0	0	0	19088	26892	0	1	ok
F	4396	f4394	45	310	3407	501	30	4248	29	26	6	0	0	0	0	19088	26892	0	1	ok
F	4397	f4395	45	311	3877	501	140	4829	29	26	6	0	0	0	0	19088	26892	0	1	ok
F	4398	f4396	45	661	3306	501	20	4488	29	26	6	0	0	0	0	19088	26892	0	1	ok
F	4399	f4397	45	301	3336	501	30	4168	29	26	6	0	0	0	0	19088	26892	0	1	ok
F	4400	f4398	45	361	3406	511	20	4298	29	26	6	0	0	0	0	19088	26892	0	1	ok
F	4401	f4399	45	371	3376	511	30	4288	29	26	6	0	0	0	0	19088	26892	0	1	ok
F	4402	f4400	45	421	3807	501	30	4759	29	26	6	0	0	0	0	19088	26892	0	1	ok
F	4403	f4401	45	320	3186	501	30	4037	29	26	6	0	0	0	0	19088	26892	0	1	ok
F	4404	f4402	45	310	3517	511	20	4358	29	26	6	0	0	0	0	19088	26892	0	1	ok
F	4405	f4403	45	491	3426	511	30	4458	29	26	6	0	0	0	0	19088	26892	0	1	ok
F	4406	f4404	45	450	3577	511	30	4568	29	26	6	0	0	0	0	19088	26892	0	1	ok
F	4407	f4405	45	380	3176	501	30	4087	29	26	6	0	0	0	0	19088	26892	0	1	ok
F	4408	f4406	45	391	3426	551	30	4398	29	26	6	0	0	0	0	19088	26892	0	1	ok
F	4409	f4407	45	561	3466	501	30	4558	29	26	6	0	0	0	0	19088	26892	0	1	ok
F	4410	f4408	45	391	3336	501	30	4258	29	26	6	0	0	0	0	19088	26892	0	1	ok
F	4411	f4409	45	311	3727	501	30	4569	29	26	6	0	0	0	0	19088	26892	0	1	ok
F	4412	f4410	45	421	3386	501	30	4338	29	26	6	0	0	0	0	19088	26892	0	1	ok
F	4413	f4411	45	351	3336	501	30	4218	29	26	6	0	0	0	0	19088	26892	0	1	ok
F	4414	f4412	45	461	3397	511	30	4399	29	26	6	0	0	0	0	19088	26892	0	1	ok
F	4415	f4413	45	601	3357	501	30	4489	29	26	6	0	0	0	0	19088	26892	0	1	ok
F	4416	f4414	45	441	3196	511	20	4168	29	26	6	0	0	0	0	19088	26892	0	1	ok
F	4417	f4415	45	440	3297	511	30	4278	29	26	6	0	0	0	0	19088	26892	0	1	ok
F	4418	f4416	45	551	3467	501	30	4549	29	26	6	0	0	0	0	19088	26892	0	1	ok
F	4419	f4417	45	501	3387	501	30	4419	29	26	6	0	0	0	0	19088	26892	0	1	ok
F	4420	f4418	45	391	3547	511	20	4469	29	26	6	0	0	0	0	19088	26892	0	1	ok
F	4421	f4419	45	712	3336	501	30	4579	29	26	6	0	0	0	0	19088	26892	0	1	ok
F	4422	f4420	45	571	3837	511	30	4949	29	26	6	0	0	0	0	19088	26892	0	1	ok
F	4423	f4421	45	310	3567	511	30	4418	29	26	6	0	0	0	0	19088	26892	0	1	ok
F	4424	f4422	45	311	3346	501	30	4188	29	26	6	0	0	0	0	19088	26892	0	1	ok
F	4425	f4423	45	451	3406	501	30	4388	29	26	6	0	0	0	0	19088	26892	0	1	ok
F	4426	f4424	45	491	3376	511	20	4398	29	26	6	0	0	0	0	19088	26892	0	1	ok
F	4427	f4425	45	310	3657	521	30	4518	29	26	6	0	0	0	0	19088	26892	0	1	ok
F	4428	f4426	45	300	3437	501	30	4268	29	26	6	0	0	0	0	19088	26892	0	1	ok
F	4429	f4427	45	431	3557	501	30	4519	29	26	6	0	0	0	0	19088	26892	0	1	ok
F	4430	f4428	45	311	3637	521	30	4499	29	26	6	0	0	0	0	19088	26892	0	1	ok
F	4431	f4429	45	301	3556	511	30	4398	29	26	6	0	0	0	0	19088	26892	0	1	ok
F	4432	f4430	45	321	3396	501	30	4248	29	26	6	0	0	0	0	19088	26892	0	1	ok
F	4433	f4431	45	480	3617	501	20	4618	29	26	6	0	0	0	0	19088	26892	0	1	ok
F	4434	f4432	45	310	3567	511	30	4418	29	26	6	0	0	0	0	19088	26892	0	1	ok
F	4435	f4433	45	370	3327	510	31	4238	29	26	6	0	0	0	0	19088	26892	0	1	ok
F	4436	f4434	45	78187	4017	561	30	82795	29	26	6	0	0	0	0	19088	26892	0	1	ok
F	4437	f4435	45	351	3476	501	40	4368	29	26	6	0	0	0	0	19088	26892	0	1	ok
F	4438	f4436	45	411	3536	501	30	4478	29	26	6	0	0	0	0	19088	26892	0	1	ok
F	4439	f4437	45	731	3607	501	30	4869	29	26	6	0	0	0	0	19088	26892	0	1	ok
F	4440	f4438	45	370	3727	501	20	4618	29	26	6	0	0	0	0	19088	26892	0	1	ok
F	4441	f4439	45	381	3656	511	30	4578	29	26	6	0	0	0	0	19088	26892	0	1	ok
F	4442	f4440	45	401	3486	501	30	4418	29	26	6	0	0	0	0	19088	26892	0	1	ok
F	4443	f4441	45	501	3546	501	20	4568	29	26	6	0	0	0	0	19088	26892	0	1	ok
F	4444	f4442	45	371	3386	511	30	4298	29	26	6	0	0	0	0	19088	26892	0	1	ok
F	4445	f4443	45	320	3597	541	30	4488	29	26	6	0	0	0	0	19088	26892	0	1	ok
F	4446	f4444	45	542	3426	501	30	4499	29	26	6	0	0	0	0	19088	26892	0	1	ok
F	4447	f4445	45	602	3426	521	30	4579	29	26	6	0	0	0	0	19088	26892	0	1	ok
F	4448	f4446	45	370	3527	501	30	4428	29	26	6	0	0	0	0	19088	26892	0	1	ok
F	4449	f4447	45	440	3697	501	30	4668	29	26	6	0	0	0	0	19088	26892	0	1	ok
F	4450	f4448	45	491	3667	511	20	4689	29	26	6	0	0	0	0	19088	26892	0	1	ok
F	4451	f4449	45	391	3356	501	30	4278	29	26	6	0	0	0	0	19088	26892	0	1	ok
F	4452	f4450	45	311	3276	511	30	4128	29	26	6	0	0	0	0	19088	26892	0	1	ok
F	4453	f4451	45	481	3467	511	20	4479	29	26	6	0	0	0	0	19088	26892	0	1	ok
F	4454	f4452	45	391	3246	501	30	4168	29	26	6	0	0	0	0	19088	26892	0	1	ok
F	4455	f4453	45	370	3517	501	30	4418	29	26	6	0	0	0	0	19088	26892	0	1	ok
F	4456	f4454	45	321	3777	501	30	4629	29	26	6	0	0	0	0	19088	26892	0	1	ok
F	4457	f4455	45	521	3747	511	30	4809	29	26	6	0	0	0	0	19088	26892	0	1	ok
F	4458	f4456	45	381	3817	501	30	4729	29	26	6	0	0	0	0	19088	26892	0	1	ok
F	4459	f4457	45	300	3487	491	30	4308	29	26	6	0	0	0	0	19088	26892	0	1	ok
F	4460	f4458	45	491	3677	501	30	4699	29	26	6	0	0	0	0	19088	26892	0	1	ok
F	4461	f4459	45	471	3446	501	30	4448	29	26	6	0	0	0	0	19088	26892	0	1	ok
F	4462	f4460	45	380	3397	501	30	4308	29	26	6	0	0	0	0	19088	26892	0	1	ok
F	4463	f4461	45	421	3477	500	31	4429	29	26	6	0	0	0	0	19088	26892	0	1	ok
F	4464	f4462	45	311	3376	501	20	4208	29	26	6	0	0	0	0	19088	26892	0	1	ok
F	4465	f4463	45	380	3647	501	30	4558	29	26	6	0	0	0	0	19088	26892	0	1	ok
F	4466	f4464	45	421	3386	501	30	4338	29	26	6	0	0	0	0	19088	26892	0	1	ok
F	4467	f4465	45	430	3427	501	30	4388	29	26	6	0	0	0	0	19088	26892	0	1	ok
F	4468	f4466	45	290	3557	501	30	4378	29	26	6	0	0	0	0	19088	26892	0	1	ok
F	4469	f4467	45	461	3517	511	20	4509	29	26	6	0	0	0	0	19088	26892	0	1	ok
F	4470	f4468	45	571	3637	501	30	4739	29	26	6	0	0	0	0	19088	26892	0	1	ok
F	4471	f4469	45	471	3456	501	30	4458	29	26	6	0	0	0	0	19088	26892	0	1	ok
F	4472	f4470	45	461	3426	501	30	4418	29	26	6	0	0	0	0	19088	26892	0	1	ok
F	4473	f4471	45	591	3456	501	30	4578	29	26	6	0	0	0	0	19088	26892	0	1	ok
F	4474	f4472	45	541	3386	501	30	4458	29	26	6	0	0	0	0	19088	26892	0	1	ok
F	4475	f4473	45	370	3617	511	30	4528	29	26	6	0	0	0	0	19088	26892	0	1	ok
F	4476	f4474	45	310	3447	501	30	4288	29	26	6	0	0	0	0	19088	26892	0	1	ok
F	4477	f4475	45	501	3477	501	30	4509	29	26	6	0	0	0	0	19088	26892	0	1	ok
F	4478	f4476	45	311	3887	501	30	4729	29	26	6	0	0	0	0	19088	26892	0	1	ok
F	4479	f4477	45	370	3407	501	30	4308	29	26	6	0	0	0	0	19088	26892	0	1	ok
F	4480	f4478	45	481	3347	511	20	4359	29	26	6	0	0	0	0	19088	26892	0	1	ok
F	4481	f4479	45	481	3507	501	30	4519	29	26	6	0	0	0	0	19088	26892	0	1	ok
F	4482	f4480	45	301	3707	501	30	4539	29	26	6	0	0	0	0	19088	26892	0	1	ok
F	4483	f4481	45	381	3286	501	30	4198	29	26	6	0	0	0	0	19088	26892	0	1	ok
F	4484	f4482	45	421	3606	501	30	4558	29	26	6	0	0	0	0	19088	26892	0	1	ok
F	4485	f4483	45	311	3336	501	30	4178	29	26	6	0	0	0	0	19088	26892	0	1	ok
F	4486	f4484	45	471	3727	511	30	4739	29	26	6	0	0	0	0	19088	26892	0	1	ok
F	4487	f4485	45	401	3376	501	150	4428	29	26	6	0	0	0	0	19088	26892	0	1	ok
F	4488	f4486	45	310	3537	501	30	4378	29	26	6	0	0	0	0	19088	26892	0	1	ok
F	4489	f4487	45	330	3557	501	30	4418	29	26	6	0	0	0	0	19088	26892	0	1	ok
F	4490	f4488	45	371	3607	511	30	4519	29	26	6	0	0	0	0	19088	26892	0	1	ok
F	4491	f4489	45	431	3427	501	30	4389	29	26	6	0	0	0	0	19088	26892	0	1	ok
F	4492	f4490	45	311	3386	501	30	4228	29	26	6	0	0	0	0	19088	26892	0	1	ok
F	4493	f4491	45	370	3397	501	30	4298	29	26	6	0	0	0	0	19088	26892	0	1	ok
F	4494	f4492	45	501	3417	491	30	4439	29	26	6	0	0	0	0	19088	26892	0	1	ok
F	4495	f4493	45	371	3406	511	30	4318	29	26	6	0	0	0	0	19088	26892	0	1	ok
F	4496	f4494	45	310	3407	501	30	4248	29	26	6	0	0	0	0	19088	26892	0	1	ok
F	4497	f4495	45	390	3657	501	30	4578	29	26	6	0	0	0	0	19088	26892	0	1	ok
F	4498	f4496	45	430	3397	501	30	4358	29	26	6	0	0	0	0	19088	26892	0	1	ok
F	4499	f4497	45	381	3587	501	30	4499	29	26	6	0	0	0	0	19088	26892	0	1	ok
F	4500	f4498	45	311	3256	501	30	4098	29	26	6	0	0	0	0	19088	26892	0	1	ok
F	4501	f4499	45	471	3466	501	30	4468	29	26	6	0	0	0	0	19088	26892	0	1	ok
F	4502	f4500	45	450	3297	501	30	4278	29	26	6	0	0	0	0	19088	26892	0	1	ok
F	4503	f4501	45	421	3477	500	31	4429	29	26	6	0	0	0	0	19088	26892	0	1	ok
F	4504	f4502	45	321	3266	501	30	4118	29	26	6	0	0	0	0	19088	26892	0	1	ok
F	4505	f4503	45	481	3337	500	31	4349	29	26	6	0	0	0	0	19088	26892	0	1	ok
F	4506	f4504	45	321	3466	511	20	4318	29	26	6	0	0	0	0	19088	26892	0	1	ok
F	4507	f4505	45	380	3457	491	30	4358	29	26	6	0	0	0	0	19088	26892	0	1	ok
F	4508	f4506	45	431	3507	501	30	4469	29	26	6	0	0	0	0	19088	26892	0	1	ok
F	4509	f4507	45	321	3316	501	30	4168	29	26	6	0	0	0	0	19088	26892	0	1	ok
F	4510	f4508	45	320	3677	501	30	4528	29	26	6	0	0	0	0	19088	26892	0	1	ok
F	4511	f4509	45	401	3426	511	30	4368	29	26	6	0	0	0	0	19088	26892	0	1	ok
F	4512	f4510	45	400	3507	511	30	4448	29	26	6	0	0	0	0	19088	26892	0	1	ok
F	4513	f4511	45	380	3507	501	30	4418	29	26	6	0	0	0	0	19088	26892	0	1	ok
F	4514	f4512	45	411	3106	501	30	4048	29	26	6	0	0	0	0	19088	26892	0	1	ok
F	4515	f4513	45	430	3607	511	30	4578	29	26	6	0	0	0	0	19088	26892	0	1	ok
F	4516	f4514	45	310	3427	501	30	4268	29	26	6	0	0	0	0	19088	26892	0	1	ok
F	4517	f4515	45	371	3376	501	30	4278	29	26	6	0	0	0	0	19088	26892	0	1	ok
F	4518	f4516	45	561	3386	501	30	4478	29	26	6	0	0	0	0	19088	26892	0	1	ok
F	4519	f4517	45	381	3246	501	30	4158	29	26	6	0	0	0	0	19088	26892	0	1	ok
F	4520	f4518	45	321	3306	491	30	4148	29	26	6	0	0	0	0	19088	26892	0	1	ok
F	4521	f4519	45	430	3347	501	30	4308	29	26	6	0	0	0	0	19088	26892	0	1	ok
F	4522	f4520	45	441	3447	510	21	4419	29	26	6	0	0	0	0	19088	26892	0	1	ok
F	4523	f4521	45	381	3667	501	30	4579	29	26	6	0	0	0	0	19088	26892	0	1	ok
F	4524	f4522	45	311	3496	511	30	4348	29	26	6	0	0	0	0	19088	26892	0	1	ok
F	4525	f4523	45	471	3176	501	30	4178	29	26	6	0	0	0	0	19088	26892	0	1	ok
F	4526	f4524	45	381	3636	501	30	4548	29	26	6	0	0	0	0	19088	26892	0	1	ok
F	4527	f4525	45	391	3657	500	31	4579	29	26	6	0	0	0	0	19088	26892	0	1	ok
F	4528	f4526	45	321	3446	501	30	4298	29	26	6	0	0	0	0	19088	26892	0	1	ok
F	4529	f4527	45	671	3557	511	30	4769	29	26	6	0	0	0	0	19088	26892	0	1	ok
F	4530	f4528	45	461	3357	511	20	4349	29	26	6	0	0	0	0	19088	26892	0	1	ok
F	4531	f4529	45	461	3266	501	30	4258	29	26	6	0	0	0	0	19088	26892	0	1	ok
F	4532	f4530	45	561	3456	501	30	4548	29	26	6	0	0	0	0	19088	26892	0	1	ok
F	4533	f4531	45	381	3557	501	20	4459	29	26	6	0	0	0	0	19088	26892	0	1	ok
F	4534	f4532	45	311	3627	500	31	4469	29	26	6	0	0	0	0	19088	26892	0	1	ok
F	4535	f4533	45	311	3386	501	30	4228	29	26	6	0	0	0	0	19088	26892	0	1	ok
F	4536	f4534	45	420	3457	501	30	4408	29	26	6	0	0	0	0	19088	26892	0	1	ok
F	4537	f4535	45	321	3406	501	30	4258	29	26	6	0	0	0	0	19088	26892	0	1	ok
F	4538	f4536	45	381	3386	501	30	4298	29	26	6	0	0	0	0	19088	26892	0	1	ok
F	4539	f4537	45	430	3808	500	31	4769	29	26	6	0	0	0	0	19088	26892	0	1	ok
F	4540	f4538	45	331	3486	501	40	4358	29	26	6	0	0	0	0	19088	26892	0	1	ok
F	4541	f4539	45	381	3386	501	30	4298	29	26	6	0	0	0	0	19088	26892	0	1	ok
F	4542	f4540	45	431	3437	561	30	4459	29	26	6	0	0	0	0	19088	26892	0	1	ok
F	4543	f4541	45	311	3687	501	30	4529	29	26	6	0	0	0	0	19088	26892	0	1	ok
F	4544	f4542	45	441	3156	551	30	4178	29	26	6	0	0	0	0	19088	26892	0	1	ok
F	4545	f4543	45	451	3176	490	31	4148	29	26	6	0	0	0	0	19088	26892	0	1	ok
F	4546	f4544	45	75822	3857	661	31	80371	29	26	6	0	0	0	0	19088	26892	0	1	ok
F	4547	f4545	45	371	3406	501	30	4308	29	26	6	0	0	0	0	19088	26892	0	1	ok
F	4548	f4546	45	321	3787	501	20	4629	29	26	6	0	0	0	0	19088	26892	0	1	ok
F	4549	f4547	45	651	3397	511	30	4589	29	26	6	0	0	0	0	19088	26892	0	1	ok
F	4550	f4548	45	541	3898	511	30	4980	29	26	6	0	0	0	0	19088	26892	0	1	ok
F	4551	f4549	45	381	3657	511	30	4579	29	26	6	0	0	0	0	19088	26892	0	1	ok
F	4552	f4550	45	311	3557	501	30	4399	29	26	6	0	0	0	0	19088	26892	0	1	ok
F	4553	f4551	45	481	3346	501	30	4358	29	26	6	0	0	0	0	19088	26892	0	1	ok
F	4554	f4552	45	401	3386	511	30	4328	29	26	6	0	0	0	0	19088	26892	0	1	ok
F	4555	f4553	45	320	3647	501	30	4498	29	26	6	0	0	0	0	19088	26892	0	1	ok
F	4556	f4554	45	430	3537	501	20	4488	29	26	6	0	0	0	0	19088	26892	0	1	ok
F	4557	f4555	45	370	3337	500	31	4238	29	26	6	0	0	0	0	19088	26892	0	1	ok
F	4558	f4556	45	321	3767	501	20	4609	29	26	6	0	0	0	0	19088	26892	0	1	ok
F	4559	f4557	45	311	3617	511	20	4459	29	26	6	0	0	0	0	19088	26892	0	1	ok
F	4560	f4558	45	421	3637	501	30	4589	29	26	6	0	0	0	0	19088	26892	0	1	ok
F	4561	f4559	45	461	3757	501	30	4749	29	26	6	0	0	0	0	19088	26892	0	1	ok
F	4562	f4560	45	371	3757	491	30	4649	29	26	6	0	0	0	0	19088	26892	0	1	ok
F	4563	f4561	45	531	3506	501	30	4568	29	26	6	0	0	0	0	19088	26892	0	1	ok
F	4564	f4562	45	300	3737	501	30	4568	29	26	6	0	0	0	0	19088	26892	0	1	ok
F	4565	f4563	45	471	3867	501	30	4869	29	26	6	0	0	0	0	19088	26892	0	1	ok
F	4566	f4564	45	652	4668	501	30	5851	29	26	6	0	0	0	0	19088	26892	0	1	ok
F	4567	f4565	45	541	3957	501	30	5029	29	26	6	0	0	0	0	19088	26892	0	1	ok
F	4568	f4566	45	411	3767	501	30	4709	29	26	6	0	0	0	0	19088	26892	0	1	ok
F	4569	f4567	45	521	3697	501	30	4749	29	26	6	0	0	0	0	19088	26892	0	1	ok
F	4570	f4568	45	571	4518	501	30	5620	29	26	6	0	0	0	0	19088	26892	0	1	ok
F	4571	f4569	45	571	3707	501	30	4809	29	26	6	0	0	0	0	19088	26892	0	1	ok
F	4572	f4570	45	411	4098	511	30	5050	29	26	6	0	0	0	0	19088	26892	0	1	ok
F	4573	f4571	45	671	3727	501	20	4919	29	26	6	0	0	0	0	19088	26892	0	1	ok
F	4574	f4572	45	381	3436	491	30	4338	29	26	6	0	0	0	0	19088	26892	0	1	ok
F	4575	f4573	45	541	3296	501	30	4368	29	26	6	0	0	0	0	19088	26892	0	1	ok
F	4576	f4574	45	370	3477	501	30	4378	29	26	6	0	0	0	0	19088	26892	0	1	ok
F	4577	f4575	45	731	3477	510	31	4749	29	26	6	0	0	0	0	19088	26892	0	1	ok
F	4578	f4576	45	381	3426	501	30	4338	29	26	6	0	0	0	0	19088	26892	0	1	ok
F	4579	f4577	45	581	3486	511	30	4608	29	26	6	0	0	0	0	19088	26892	0	1	ok
F	4580	f4578	45	561	3847	501	30	4939	29	26	6	0	0	0	0	19088	26892	0	1	ok
F	4581	f4579	45	501	3596	501	30	4628	29	26	6	0	0	0	0	19088	26892	0	1	ok
F	4582	f4580	45	501	3547	501	20	4569	29	26	6	0	0	0	0	19088	26892	0	1	ok
F	4583	f4581	45	460	3507	501	30	4498	29	26	6	0	0	0	0	19088	26892	0	1	ok
F	4584	f4582	45	561	3757	501	30	4849	29	26	6	0	0	0	0	19088	26892	0	1	ok
F	4585	f4583	45	682	3486	501	30	4699	29	26	6	0	0	0	0	19088	26892	0	1	ok
F	4586	f4584	45	531	3596	501	30	4658	29	26	6	0	0	0	0	19088	26892	0	1	ok
F	4587	f4585	45	591	3607	501	30	4729	29	26	6	0	0	0	0	19088	26892	0	1	ok
F	4588	f4586	45	311	3366	501	30	4208	29	26	6	0	0	0	0	19088	26892	0	1	ok
F	4589	f4587	45	381	3296	501	30	4208	29	26	6	0	0	0	0	19088	26892	0	1	ok
F	4590	f4588	45	311	3406	501	151	4369	29	26	6	0	0	0	0	19088	26892	0	1	ok
F	4591	f4589	45	451	3316	501	30	4298	29	26	6	0	0	0	0	19088	26892	0	1	ok
F	4592	f4590	45	410	3357	501	30	4298	29	26	6	0	0	0	0	19088	26892	0	1	ok
F	4593	f4591	45	381	3326	501	40	4248	29	26	6	0	0	0	0	19088	26892	0	1	ok
F	4594	f4592	45	431	3116	500	30	4077	29	26	6	0	0	0	0	19088	26892	0	1	ok
F	4595	f4593	45	301	3456	501	20	4278	29	26	6	0	0	0	0	19088	26892	0	1	ok
F	4596	f4594	45	310	3797	501	30	4638	29	26	6	0	0	0	0	19088	26892	0	1	ok
F	4597	f4595	45	421	3446	511	30	4408	29	26	6	0	0	0	0	19088	26892	0	1	ok
F	4598	f4596	45	391	3536	501	30	4458	29	26	6	0	0	0	0	19088	26892	0	1	ok
F	4599	f4597	45	310	3637	501	30	4478	29	26	6	0	0	0	0	19088	26892	0	1	ok
F	4600	f4598	45	320	3407	511	20	4258	29	26	6	0	0	0	0	19088	26892	0	1	ok
F	4601	f4599	45	421	3627	511	30	4589	29	26	6	0	0	0	0	19088	26892	0	1	ok
F	4602	f4600	45	511	3397	491	30	4429	29	26	6	0	0	0	0	19088	26892	0	1	ok
F	4603	f4601	45	301	3406	501	30	4238	29	26	6	0	0	0	0	19088	26892	0	1	ok
F	4604	f4602	45	431	3596	511	30	4568	29	26	6	0	0	0	0	19088	26892	0	1	ok
F	4605	f4603	45	381	3797	501	30	4709	29	26	6	0	0	0	0	19088	26892	0	1	ok
F	4606	f4604	45	321	3436	501	30	4288	29	26	6	0	0	0	0	19088	26892	0	1	ok
F	4607	f4605	45	311	3446	501	30	4288	29	26	6	0	0	0	0	19088	26892	0	1	ok
F	4608	f4606	45	450	3647	521	30	4648	29	26	6	0	0	0	0	19088	26892	0	1	ok
F	4609	f4607	45	371	3236	511	30	4148	29	26	6	0	0	0	0	19088	26892	0	1	ok
F	4610	f4608	45	501	3457	501	30	4489	29	26	6	0	0	0	0	19088	26892	0	1	ok
F	4611	f4609	45	501	3366	491	30	4388	29	26	6	0	0	0	0	19088	26892	0	1	ok
F	4612	f4610	45	310	3567	501	30	4408	29	26	6	0	0	0	0	19088	26892	0	1	ok
F	4613	f4611	45	310	3487	501	30	4328	29	26	6	0	0	0	0	19088	26892	0	1	ok
F	4614	f4612	45	411	3527	511	30	4479	29	26	6	0	0	0	0	19088	26892	0	1	ok
F	4615	f4613	45	481	3236	501	30	4248	29	26	6	0	0	0	0	19088	26892	0	1	ok
F	4616	f4614	45	391	3366	561	30	4348	29	26	6	0	0	0	0	19088	26892	0	1	ok
F	4617	f4615	45	360	3717	491	30	4598	29	26	6	0	0	0	0	19088	26892	0	1	ok
F	4618	f4616	45	531	3366	511	20	4428	29	26	6	0	0	0	0	19088	26892	0	1	ok
F	4619	f4617	45	380	3507	501	30	4418	29	26	6	0	0	0	0	19088	26892	0	1	ok
F	4620	f4618	45	310	3677	501	30	4518	29	26	6	0	0	0	0	19088	26892	0	1	ok
F	4621	f4619	45	501	3246	501	20	4268	29	26	6	0	0	0	0	19088	26892	0	1	ok
F	4622	f4620	45	321	3426	521	30	4298	29	26	6	0	0	0	0	19088	26892	0	1	ok
F	4623	f4621	45	361	3686	491	30	4568	29	26	6	0	0	0	0	19088	26892	0	1	ok
F	4624	f4622	45	401	3476	501	30	4408	29	26	6	0	0	0	0	19088	26892	0	1	ok
F	4625	f4623	45	501	3637	500	31	4669	29	26	6	0	0	0	0	19088	26892	0	1	ok
F	4626	f4624	45	381	3556	501	30	4468	29	26	6	0	0	0	0	19088	26892	0	1	ok
F	4627	f4625	45	311	3807	501	30	4649	29	26	6	0	0	0	0	19088	26892	0	1	ok
F	4628	f4626	45	431	3386	511	30	4358	29	26	6	0	0	0	0	19088	26892	0	1	ok
F	4629	f4627	45	371	3406	501	30	4308	29	26	6	0	0	0	0	19088	26892	0	1	ok
F	4630	f4628	45	380	3377	501	30	4288	29	26	6	0	0	0	0	19088	26892	0	1	ok
F	4631	f4629	45	311	3346	501	30	4188	29	26	6	0	0	0	0	19088	26892	0	1	ok
F	4632	f4630	45	421	3546	501	30	4498	29	26	6	0	0	0	0	19088	26892	0	1	ok
F	4633	f4631	45	371	3446	511	30	4358	29	26	6	0	0	0	0	19088	26892	0	1	ok
F	4634	f4632	45	320	3607	501	30	4458	29	26	6	0	0	0	0	19088	26892	0	1	ok
F	4635	f4633	45	440	3467	511	30	4448	29	26	6	0	0	0	0	19088	26892	0	1	ok
F	4636	f4634	45	310	3467	501	30	4308	29	26	6	0	0	0	0	19088	26892	0	1	ok
F	4637	f4635	45	371	3266	501	20	4158	29	26	6	0	0	0	0	19088	26892	0	1	ok
F	4638	f4636	45	310	3667	511	30	4518	29	26	6	0	0	0	0	19088	26892	0	1	ok
F	4639	f4637	45	481	3757	511	20	4769	29	26	6	0	0	0	0	19088	26892	0	1	ok
F	4640	f4638	45	300	3667	501	30	4498	29	26	6	0	0	0	0	19088	26892	0	1	ok
F	4641	f4639	45	451	3506	501	30	4488	29	26	6	0	0	0	0	19088	26892	0	1	ok
F	4642	f4640	45	481	3296	501	30	4308	29	26	6	0	0	0	0	19088	26892	0	1	ok
F	4643	f4641	45	571	3727	501	30	4829	29	26	6	0	0	0	0	19088	26892	0	1	ok
F	4644	f4642	45	461	3416	541	30	4448	29	26	6	0	0	0	0	19088	26892	0	1	ok
F	4645	f4643	45	481	3376	511	30	4398	29	26	6	0	0	0	0	19088	26892	0	1	ok
F	4646	f4644	45	611	3667	501	30	4809	29	26	6	0	0	0	0	19088	26892	0	1	ok
F	4647	f4645	45	451	3667	511	30	4659	29	26	6	0	0	0	0	19088	26892	0	1	ok
F	4648	f4646	45	381	3367	551	30	4329	29	26	6	0	0	0	0	19088	26892	0	1	ok
F	4649	f4647	45	591	3297	501	30	4419	29	26	6	0	0	0	0	19088	26892	0	1	ok
F	4650	f4648	45	481	3326	501	30	4338	29	26	6	0	0	0	0	19088	26892	0	1	ok
F	4651	f4649	45	381	3526	501	30	4438	29	26	6	0	0	0	0	19088	26892	0	1	ok
F	4652	f4650	45	411	3476	501	30	4418	29	26	6	0	0	0	0	19088	26892	0	1	ok
F	4653	f4651	45	311	3266	501	20	4098	29	26	6	0	0	0	0	19088	26892	0	1	ok
F	4654	f4652	45	381	3377	500	31	4289	29	26	6	0	0	0	0	19088	26892	0	1	ok
F	4655	f4653	45	311	3326	511	30	4178	29	26	6	0	0	0	0	19088	26892	0	1	ok
F	4656	f4654	45	78147	3827	571	30	82575	29	26	6	0	0	0	0	19088	26892	0	1	ok
F	4657	f4655	45	390	3407	501	30	4328	29	26	6	0	0	0	0	19088	26892	0	1	ok
F	4658	f4656	45	461	3487	511	30	4489	29	26	6	0	0	0	0	19088	26892	0	1	ok
F	4659	f4657	45	641	3256	501	30	4428	29	26	6	0	0	0	0	19088	26892	0	1	ok
F	4660	f4658	45	371	3497	501	30	4399	29	26	6	0	0	0	0	19088	26892	0	1	ok
F	4661	f4659	45	380	3276	501	30	4187	29	26	6	0	0	0	0	19088	26892	0	1	ok
F	4662	f4660	45	501	3366	521	30	4418	29	26	6	0	0	0	0	19088	26892	0	1	ok
F	4663	f4661	45	431	3597	511	30	4569	29	26	6	0	0	0	0	19088	26892	0	1	ok
F	4664	f4662	45	321	3486	511	30	4348	29	26	6	0	0	0	0	19088	26892	0	1	ok
F	4665	f4663	45	381	3486	511	30	4408	29	26	6	0	0	0	0	19088	26892	0	1	ok
F	4666	f4664	45	431	3627	511	30	4599	29	26	6	0	0	0	0	19088	26892	0	1	ok
F	4667	f4665	45	371	3336	511	20	4238	29	26	6	0	0	0	0	19088	26892	0	1	ok
F	4668	f4666	45	310	3427	501	30	4268	29	26	6	0	0	0	0	19088	26892	0	1	ok
F	4669	f4667	45	451	3587	511	30	4579	29	26	6	0	0	0	0	19088	26892	0	1	ok
F	4670	f4668	45	401	3867	501	30	4799	29	26	6	0	0	0	0	19088	26892	0	1	ok
F	4671	f4669	45	451	3436	501	30	4418	29	26	6	0	0	0	0	19088	26892	0	1	ok
F	4672	f4670	45	380	3307	491	30	4208	29	26	6	0	0	0	0	19088	26892	0	1	ok
F	4673	f4671	45	481	3537	501	30	4549	29	26	6	0	0	0	0	19088	26892	0	1	ok
F	4674	f4672	45	371	3507	501	30	4409	29	26	6	0	0	0	0	19088	26892	0	1	ok
F	4675	f4673	45	321	3336	541	30	4228	29	26	6	0	0	0	0	19088	26892	0	1	ok
F	4676	f4674	45	491	3145	501	30	4167	29	26	6	0	0	0	0	19088	26892	0	1	ok
F	4677	f4675	45	381	3226	501	20	4128	29	26	6	0	0	0	0	19088	26892	0	1	ok
F	4678	f4676	45	441	3326	501	30	4298	29	26	6	0	0	0	0	19088	26892	0	1	ok
F	4679	f4677	45	321	3446	501	30	4298	29	26	6	0	0	0	0	19088	26892	0	1	ok
F	4680	f4678	45	420	3497	501	30	4448	29	26	6	0	0	0	0	19088	26892	0	1	ok
F	4681	f4679	45	440	3216	501	30	4187	29	26	6	0	0	0	0	19088	26892	0	1	ok
F	4682	f4680	45	311	3426	501	30	4268	29	26	6	0	0	0	0	19088	26892	0	1	ok
F	4683	f4681	45	420	3327	500	31	4278	29	26	6	0	0	0	0	19088	26892	0	1	ok
F	4684	f4682	45	311	3516	501	30	4358	29	26	6	0	0	0	0	19088	26892	0	1	ok
F	4685	f4683	45	381	3336	501	30	4248	29	26	6	0	0	0	0	19088	26892	0	1	ok
F	4686	f4684	45	401	3557	501	20	4479	29	26	6	0	0	0	0	19088	26892	0	1	ok
F	4687	f4685	45	571	3517	511	30	4629	29	26	6	0	0	0	0	19088	26892	0	1	ok
F	4688	f4686	45	491	3246	501	30	4268	29	26	6	0	0	0	0	19088	26892	0	1	ok
F	4689	f4687	45	381	3366	511	20	4278	29	26	6	0	0	0	0	19088	26892	0	1	ok
F	4690	f4688	45	491	3576	511	20	4598	29	26	6	0	0	0	0	19088	26892	0	1	ok
F	4691	f4689	45	381	3606	501	30	4518	29	26	6	0	0	0	0	19088	26892	0	1	ok
F	4692	f4690	45	311	3246	501	30	4088	29	26	6	0	0	0	0	19088	26892	0	1	ok
F	4693	f4691	45	311	3867	501	150	4829	29	26	6	0	0	0	0	19088	26892	0	1	ok
F	4694	f4692	45	471	3276	501	30	4278	29	26	6	0	0	0	0	19088	26892	0	1	ok
F	4695	f4693	45	511	3577	501	30	4619	29	26	6	0	0	0	0	19088	26892	0	1	ok
F	4696	f4694	45	300	3377	501	30	4208	29	26	6	0	0	0	0	19088	26892	0	1	ok
F	4697	f4695	45	521	3507	501	30	4559	29	26	6	0	0	0	0	19088	26892	0	1	ok
F	4698	f4696	45	311	3356	501	30	4198	29	26	6	0	0	0	0	19088	26892	0	1	ok
F	4699	f4697	45	371	3366	501	30	4268	29	26	6	0	0	0	0	19088	26892	0	1	ok
F	4700	f4698	45	491	3387	501	30	4409	29	26	6	0	0	0	0	19088	26892	0	1	ok
F	4701	f4699	45	431	3857	501	30	4819	29	26	6	0	0	0	0	19088	26892	0	1	ok
F	4702	f4700	45	381	3376	501	30	4288	29	26	6	0	0	0	0	19088	26892	0	1	ok
F	4703	f4701	45	551	3486	501	30	4568	29	26	6	0	0	0	0	19088	26892	0	1	ok
F	4704	f4702	45	571	3266	501	30	4368	29	26	6	0	0	0	0	19088	26892	0	1	ok
F	4705	f4703	45	430	3607	501	30	4568	29	26	6	0	0	0	0	19088	26892	0	1	ok
F	4706	f4704	45	390	3828	501	30	4749	29	26	6	0	0	0	0	19088	26892	0	1	ok
F	4707	f4705	45	511	3416	501	30	4458	29	26	6	0	0	0	0	19088	26892	0	1	ok
F	4708	f4706	45	311	3727	501	30	4569	29	26	6	0	0	0	0	19088	26892	0	1	ok
F	4709	f4707	45	311	3366	491	30	4198	29	26	6	0	0	0	0	19088	26892	0	1	ok
F	4710	f4708	45	440	3407	501	30	4378	29	26	6	0	0	0	0	19088	26892	0	1	ok
F	4711	f4709	45	591	3347	501	30	4469	29	26	6	0	0	0	0	19088	26892	0	1	ok
F	4712	f4710	45	311	3476	501	30	4318	29	26	6	0	0	0	0	19088	26892	0	1	ok
F	4713	f4711	45	441	3396	511	30	4378	29	26	6	0	0	0	0	19088	26892	0	1	ok
F	4714	f4712	45	581	3346	511	30	4468	29	26	6	0	0	0	0	19088	26892	0	1	ok
F	4715	f4713	45	310	3677	511	30	4528	29	26	6	0	0	0	0	19088	26892	0	1	ok
F	4716	f4714	45	310	3567	501	30	4408	29	26	6	0	0	0	0	19088	26892	0	1	ok
F	4717	f4715	45	310	3567	501	30	4408	29	26	6	0	0	0	0	19088	26892	0	1	ok
F	4718	f4716	45	431	3597	561	30	4619	29	26	6	0	0	0	0	19088	26892	0	1	ok
F	4719	f4717	45	430	3367	501	30	4328	29	26	6	0	0	0	0	19088	26892	0	1	ok
F	4720	f4718	45	321	3286	501	30	4138	29	26	6	0	0	0	0	19088	26892	0	1	ok
F	4721	f4719	45	491	3276	501	30	4298	29	26	6	0	0	0	0	19088	26892	0	1	ok
F	4722	f4720	45	331	3396	491	30	4248	29	26	6	0	0	0	0	19088	26892	0	1	ok
F	4723	f4721	45	371	3386	511	30	4298	29	26	6	0	0	0	0	19088	26892	0	1	ok
F	4724	f4722	45	421	3457	501	30	4409	29	26	6	0	0	0	0	19088	26892	0	1	ok
F	4725	f4723	45	311	3366	491	30	4198	29	26	6	0	0	0	0	19088	26892	0	1	ok
F	4726	f4724	45	471	3827	501	30	4829	29	26	6	0	0	0	0	19088	26892	0	1	ok
F	4727	f4725	45	381	3356	501	30	4268	29	26	6	0	0	0	0	19088	26892	0	1	ok
F	4728	f4726	45	411	4107	501	30	5049	29	26	6	0	0	0	0	19088	26892	0	1	ok
F	4729	f4727	45	301	3616	501	20	4438	29	26	6	0	0	0	0	19088	26892	0	1	ok
F	4730	f4728	45	310	3557	511	30	4408	29	26	6	0	0	0	0	19088	26892	0	1	ok
F	4731	f4729	45	440	3307	501	30	4278	29	26	6	0	0	0	0	19088	26892	0	1	ok
F	4732	f4730	45	301	3416	501	30	4248	29	26	6	0	0	0	0	19088	26892	0	1	ok
F	4733	f4731	45	380	3497	501	30	4408	29	26	6	0	0	0	0	19088	26892	0	1	ok
F	4734	f4732	45	310	3567	501	30	4408	29	26	6	0	0	0	0	19088	26892	0	1	ok
F	4735	f4733	45	501	3767	501	30	4799	29	26	6	0	0	0	0	19088	26892	0	1	ok
F	4736	f4734	45	321	3797	501	30	4649	29	26	6	0	0	0	0	19088	26892	0	1	ok
F	4737	f4735	45	460	3778	500	31	4769	29	26	6	0	0	0	0	19088	26892	0	1	ok
F	4738	f4736	45	611	3517	511	30	4669	29	26	6	0	0	0	0	19088	26892	0	1	ok
F	4739	f4737	45	551	3557	501	30	4639	29	26	6	0	0	0	0	19088	26892	0	1	ok
F	4740	f4738	45	310	3587	501	20	4418	29	26	6	0	0	0	0	19088	26892	0	1	ok
F	4741	f4739	45	320	3958	500	21	4799	29	26	6	0	0	0	0	19088	26892	0	1	ok
F	4742	f4740	45	531	3206	521	30	4288	29	26	6	0	0	0	0	19088	26892	0	1	ok
F	4743	f4741	45	491	3516	501	30	4538	29	26	6	0	0	0	0	19088	26892	0	1	ok
F	4744	f4742	45	601	3496	521	20	4638	29	26	6	0	0	0	0	19088	26892	0	1	ok
F	4745	f4743	45	711	3727	501	30	4969	29	26	6	0	0	0	0	19088	26892	0	1	ok
F	4746	f4744	45	701	3817	511	30	5059	29	26	6	0	0	0	0	19088	26892	0	1	ok
F	4747	f4745	45	561	3777	491	30	4859	29	26	6	0	0	0	0	19088	26892	0	1	ok
F	4748	f4746	45	791	3577	501	30	4899	29	26	6	0	0	0	0	19088	26892	0	1	ok
F	4749	f4747	45	751	3637	501	30	4919	29	26	6	0	0	0	0	19088	26892	0	1	ok
F	4750	f4748	45	471	3787	501	30	4789	29	26	6	0	0	0	0	19088	26892	0	1	ok
F	4751	f4749	45	481	3316	501	20	4318	29	26	6	0	0	0	0	19088	26892	0	1	ok
F	4752	f4750	45	490	3377	501	30	4398	29	26	6	0	0	0	0	19088	26892	0	1	ok
F	4753	f4751	45	631	3256	501	30	4418	29	26	6	0	0	0	0	19088	26892	0	1	ok
F	4754	f4752	45	461	3526	501	30	4518	29	26	6	0	0	0	0	19088	26892	0	1	ok
F	4755	f4753	45	571	3527	501	30	4629	29	26	6	0	0	0	0	19088	26892	0	1	ok
F	4756	f4754	45	551	3276	501	30	4358	29	26	6	0	0	0	0	19088	26892	0	1	ok
F	4757	f4755	45	461	3737	501	30	4729	29	26	6	0	0	0	0	19088	26892	0	1	ok
F	4758	f4756	45	591	3517	511	30	4649	29	26	6	0	0	0	0	19088	26892	0	1	ok
F	4759	f4757	45	491	3546	491	30	4558	29	26	6	0	0	0	0	19088	26892	0	1	ok
F	4760	f4758	45	320	3176	511	30	4037	29	26	6	0	0	0	0	19088	26892	0	1	ok
F	4761	f4759	45	381	3316	491	30	4218	29	26	6	0	0	0	0	19088	26892	0	1	ok
F	4762	f4760	45	421	3286	501	30	4238	29	26	6	0	0	0	0	19088	26892	0	1	ok
F	4763	f4761	45	381	3456	501	30	4368	29	26	6	0	0	0	0	19088	26892	0	1	ok
F	4764	f4762	45	310	3266	501	30	4107	29	26	6	0	0	0	0	19088	26892	0	1	ok
F	4765	f4763	45	301	3246	511	20	4078	29	26	6	0	0	0	0	19088	26892	0	1	ok
F	4766	f4764	45	82304	4078	571	30	86983	29	26	6	0	0	0	0	19088	26892	0	1	ok
F	4767	f4765	45	561	3536	511	30	4638	29	26	6	0	0	0	0	19088	26892	0	1	ok
F	4768	f4766	45	421	3496	511	30	4458	29	26	6	0	0	0	0	19088	26892	0	1	ok
F	4769	f4767	45	571	3406	501	30	4508	29	26	6	0	0	0	0	19088	26892	0	1	ok
F	4770	f4768	45	381	3777	501	30	4689	29	26	6	0	0	0	0	19088	26892	0	1	ok
F	4771	f4769	45	471	3437	501	30	4439	29	26	6	0	0	0	0	19088	26892	0	1	ok
F	4772	f4770	45	421	3466	501	30	4418	29	26	6	0	0	0	0	19088	26892	0	1	ok
F	4773	f4771	45	371	3146	501	20	4038	29	26	6	0	0	0	0	19088	26892	0	1	ok
F	4774	f4772	45	481	3697	501	30	4709	29	26	6	0	0	0	0	19088	26892	0	1	ok
F	4775	f4773	45	380	3647	501	30	4558	29	26	6	0	0	0	0	19088	26892	0	1	ok
F	4776	f4774	45	430	3747	511	30	4718	29	26	6	0	0	0	0	19088	26892	0	1	ok
F	4777	f4775	45	371	3516	501	30	4418	29	26	6	0	0	0	0	19088	26892	0	1	ok
F	4778	f4776	45	331	3346	501	30	4208	29	26	6	0	0	0	0	19088	26892	0	1	ok
F	4779	f4777	45	642	3466	501	30	4639	29	26	6	0	0	0	0	19088	26892	0	1	ok
F	4780	f4778	45	300	3457	501	30	4288	29	26	6	0	0	0	0	19088	26892	0	1	ok
F	4781	f4779	45	391	3597	501	30	4519	29	26	6	0	0	0	0	19088	26892	0	1	ok
F	4782	f4780	45	371	3396	501	20	4288	29	26	6	0	0	0	0	19088	26892	0	1	ok
F	4783	f4781	45	501	3556	491	30	4578	29	26	6	0	0	0	0	19088	26892	0	1	ok
F	4784	f4782	45	381	3677	511	30	4599	29	26	6	0	0	0	0	19088	26892	0	1	ok
F	4785	f4783	45	311	3376	501	30	4218	29	26	6	0	0	0	0	19088	26892	0	1	ok
F	4786	f4784	45	491	3476	501	30	4498	29	26	6	0	0	0	0	19088	26892	0	1	ok
F	4787	f4785	45	380	3697	501	20	4598	29	26	6	0	0	0	0	19088	26892	0	1	ok
F	4788	f4786	45	321	3356	501	30	4208	29	26	6	0	0	0	0	19088	26892	0	1	ok
F	4789	f4787	45	321	3306	501	30	4158	29	26	6	0	0	0	0	19088	26892	0	1	ok
F	4790	f4788	45	551	3807	501	30	4889	29	26	6	0	0	0	0	19088	26892	0	1	ok
F	4791	f4789	45	301	3346	501	30	4178	29	26	6	0	0	0	0	19088	26892	0	1	ok
F	4792	f4790	45	300	3447	501	30	4278	29	26	6	0	0	0	0	19088	26892	0	1	ok
F	4793	f4791	45	491	3477	501	30	4499	29	26	6	0	0	0	0	19088	26892	0	1	ok
F	4794	f4792	45	311	3727	511	30	4579	29	26	6	0	0	0	0	19088	26892	0	1	ok
F	4795	f4793	45	320	3537	501	30	4388	29	26	6	0	0	0	0	19088	26892	0	1	ok
F	4796	f4794	45	321	3456	501	151	4429	29	26	6	0	0	0	0	19088	26892	0	1	ok
F	4797	f4795	45	391	3697	501	30	4619	29	26	6	0	0	0	0	19088	26892	0	1	ok
F	4798	f4796	45	421	3497	501	30	4449	29	26	6	0	0	0	0	19088	26892	0	1	ok
F	4799	f4797	45	311	3366	501	30	4208	29	26	6	0	0	0	0	19088	26892	0	1	ok
F	4800	f4798	45	421	3596	501	30	4548	29	26	6	0	0	0	0	19088	26892	0	1	ok
F	4801	f4799	45	371	3316	491	30	4208	29	26	6	0	0	0	0	19088	26892	0	1	ok
F	4802	f4800	45	370	3467	511	30	4378	29	26	6	0	0	0	0	19088	26892	0	1	ok
F	4803	f4801	45	481	3547	501	30	4559	29	26	6	0	0	0	0	19088	26892	0	1	ok
F	4804	f4802	45	311	3226	501	30	4068	29	26	6	0	0	0	0	19088	26892	0	1	ok
F	4805	f4803	45	360	3657	501	30	4548	29	26	6	0	0	0	0	19088	26892	0	1	ok
F	4806	f4804	45	431	3286	501	30	4248	29	26	6	0	0	0	0	19088	26892	0	1	ok
F	4807	f4805	45	431	3437	500	31	4399	29	26	6	0	0	0	0	19088	26892	0	1	ok
F	4808	f4806	45	311	3496	501	30	4338	29	26	6	0	0	0	0	19088	26892	0	1	ok
F	4809	f4807	45	431	3246	501	30	4208	29	26	6	0	0	0	0	19088	26892	0	1	ok
F	4810	f4808	45	410	3497	501	30	4438	29	26	6	0	0	0	0	19088	26892	0	1	ok
F	4811	f4809	45	321	3517	511	30	4379	29	26	6	0	0	0	0	19088	26892	0	1	ok
F	4812	f4810	45	321	3436	501	30	4288	29	26	6	0	0	0	0	19088	26892	0	1	ok
F	4813	f4811	45	461	3276	501	30	4268	29	26	6	0	0	0	0	19088	26892	0	1	ok
F	4814	f4812	45	471	3547	501	30	4549	29	26	6	0	0	0	0	19088	26892	0	1	ok
F	4815	f4813	45	370	3457	501	30	4358	29	26	6	0	0	0	0	19088	26892	0	1	ok
F	4816	f4814	45	561	3567	511	20	4659	29	26	6	0	0	0	0	19088	26892	0	1	ok
F	4817	f4815	45	551	3506	571	30	4658	29	26	6	0	0	0	0	19088	26892	0	1	ok
F	4818	f4816	45	331	3917	511	30	4789	29	26	6	0	0	0	0	19088	26892	0	1	ok
F	4819	f4817	45	381	3477	501	30	4389	29	26	6	0	0	0	0	19088	26892	0	1	ok
F	4820	f4818	45	351	3236	501	20	4108	29	26	6	0	0	0	0	19088	26892	0	1	ok
F	4821	f4819	45	420	3447	511	30	4408	29	26	6	0	0	0	0	19088	26892	0	1	ok
F	4822	f4820	45	471	3256	501	30	4258	29	26	6	0	0	0	0	19088	26892	0	1	ok
F	4823	f4821	45	381	3516	501	30	4428	29	26	6	0	0	0	0	19088	26892	0	1	ok
F	4824	f4822	45	421	3476	501	30	4428	29	26	6	0	0	0	0	19088	26892	0	1	ok
F	4825	f4823	45	310	3537	501	30	4378	29	26	6	0	0	0	0	19088	26892	0	1	ok
F	4826	f4824	45	301	3527	501	30	4359	29	26	6	0	0	0	0	19088	26892	0	1	ok
F	4827	f4825	45	421	3537	500	21	4479	29	26	6	0	0	0	0	19088	26892	0	1	ok
F	4828	f4826	45	321	3797	501	30	4649	29	26	6	0	0	0	0	19088	26892	0	1	ok
F	4829	f4827	45	371	3487	531	30	4419	29	26	6	0	0	0	0	19088	26892	0	1	ok
F	4830	f4828	45	311	3456	501	30	4298	29	26	6	0	0	0	0	19088	26892	0	1	ok
F	4831	f4829	45	431	3626	491	30	4578	29	26	6	0	0	0	0	19088	26892	0	1	ok
F	4832	f4830	45	311	3476	501	30	4318	29	26	6	0	0	0	0	19088	26892	0	1	ok
F	4833	f4831	45	441	3276	511	20	4248	29	26	6	0	0	0	0	19088	26892	0	1	ok
F	4834	f4832	45	420	3707	501	30	4658	29	26	6	0	0	0	0	19088	26892	0	1	ok
F	4835	f4833	45	310	3427	511	30	4278	29	26	6	0	0	0	0	19088	26892	0	1	ok
F	4836	f4834	45	301	3547	511	30	4389	29	26	6	0	0	0	0	19088	26892	0	1	ok
F	4837	f4835	45	361	3587	511	20	4479	29	26	6	0	0	0	0	19088	26892	0	1	ok
F	4838	f4836	45	481	3467	501	30	4479	29	26	6	0	0	0	0	19088	26892	0	1	ok
F	4839	f4837	45	311	3306	501	30	4148	29	26	6	0	0	0	0	19088	26892	0	1	ok
F	4840	f4838	45	300	3436	511	31	4278	29	26	6	0	0	0	0	19088	26892	0	1	ok
F	4841	f4839	45	501	3386	511	20	4418	29	26	6	0	0	0	0	19088	26892	0	1	ok
F	4842	f4840	45	300	3747	501	20	4568	29	26	6	0	0	0	0	19088	26892	0	1	ok
F	4843	f4841	45	371	3356	501	30	4258	29	26	6	0	0	0	0	19088	26892	0	1	ok
F	4844	f4842	45	310	3497	501	30	4338	29	26	6	0	0	0	0	19088	26892	0	1	ok
F	4845	f4843	45	491	3366	501	30	4388	29	26	6	0	0	0	0	19088	26892	0	1	ok
F	4846	f4844	45	451	3366	501	30	4348	29	26	6	0	0	0	0	19088	26892	0	1	ok
F	4847	f4845	45	471	3196	501	30	4198	29	26	6	0	0	0	0	19088	26892	0	1	ok
F	4848	f4846	45	421	3406	501	30	4358	29	26	6	0	0	0	0	19088	26892	0	1	ok
F	4849	f4847	45	311	3266	501	30	4108	29	26	6	0	0	0	0	19088	26892	0	1	ok
F	4850	f4848	45	321	3436	501	20	4278	29	26	6	0	0	0	0	19088	26892	0	1	ok
F	4851	f4849	45	421	3326	501	30	4278	29	26	6	0	0	0	0	19088	26892	0	1	ok
F	4852	f4850	45	311	3507	501	30	4349	29	26	6	0	0	0	0	19088	26892	0	1	ok
F	4853	f4851	45	391	3356	501	30	4278	29	26	6	0	0	0	0	19088	26892	0	1	ok
F	4854	f4852	45	380	3507	511	20	4418	29	26	6	0	0	0	0	19088	26892	0	1	ok
F	4855	f4853	45	430	3567	501	30	4528	29	26	6	0	0	0	0	19088	26892	0	1	ok
F	4856	f4854	45	320	3777	511	30	4638	29	26	6	0	0	0	0	19088	26892	0	1	ok
F	4857	f4855	45	371	3216	501	30	4118	29	26	6	0	0	0	0	19088	26892	0	1	ok
F	4858	f4856	45	431	3587	501	30	4549	29	26	6	0	0	0	0	19088	26892	0	1	ok
F	4859	f4857	45	321	3456	501	20	4298	29	26	6	0	0	0	0	19088	26892	0	1	ok
F	4860	f4858	45	321	3326	511	30	4188	29	26	6	0	0	0	0	19088	26892	0	1	ok
F	4861	f4859	45	501	3236	511	30	4278	29	26	6	0	0	0	0	19088	26892	0	1	ok
F	4862	f4860	45	501	3316	501	30	4348	29	26	6	0	0	0	0	19088	26892	0	1	ok
F	4863	f4861	45	310	3507	501	30	4348	29	26	6	0	0	0	0	19088	26892	0	1	ok
F	4864	f4862	45	311	3346	501	30	4188	29	26	6	0	0	0	0	19088	26892	0	1	ok
F	4865	f4863	45	551	3497	490	31	4569	29	26	6	0	0	0	0	19088	26892	0	1	ok
F	4866	f4864	45	300	3647	501	30	4478	29	26	6	0	0	0	0	19088	26892	0	1	ok
F	4867	f4865	45	310	3367	500	30	4207	29	26	6	0	0	0	0	19088	26892	0	1	ok
F	4868	f4866	45	311	3616	501	30	4458	29	26	6	0	0	0	0	19088	26892	0	1	ok
F	4869	f4867	45	601	3497	501	30	4629	29	26	6	0	0	0	0	19088	26892	0	1	ok
F	4870	f4868	45	551	3607	501	30	4689	29	26	6	0	0	0	0	19088	26892	0	1	ok
F	4871	f4869	45	551	3506	511	30	4598	29	26	6	0	0	0	0	19088	26892	0	1	ok
F	4872	f4870	45	551	4258	511	30	5350	29	26	6	0	0	0	0	19088	26892	0	1	ok
F	4873	f4871	45	411	3517	501	30	4459	29	26	6	0	0	0	0	19088	26892	0	1	ok
F	4874	f4872	45	311	4178	501	20	5010	29	26	6	0	0	0	0	19088	26892	0	1	ok
F	4875	f4873	45	551	127609	521	30	128711	29	26	6	0	0	0	0	19088	26892	0	1	ok
F	4876	f4874	45	461	3526	501	30	4518	29	26	6	0	0	0	0	19088	26892	0	1	ok
F	4877	f4875	45	421	3797	501	20	4739	29	26	6	0	0	0	0	19088	26892	0	1	ok
F	4878	f4876	45	712	3937	511	20	5180	29	26	6	0	0	0	0	19088	26892	0	1	ok
F	4879	f4877	45	651	3466	501	30	4648	29	26	6	0	0	0	0	19088	26892	0	1	ok
F	4880	f4878	45	461	3667	511	20	4659	29	26	6	0	0	0	0	19088	26892	0	1	ok
F	4881	f4879	45	592	3496	501	30	4619	29	26	6	0	0	0	0	19088	26892	0	1	ok
F	4882	f4880	45	621	4057	501	30	5209	29	26	6	0	0	0	0	19088	26892	0	1	ok
F	4883	f4881	45	531	3767	501	30	4829	29	26	6	0	0	0	0	19088	26892	0	1	ok
F	4884	f4882	45	440	3467	501	30	4438	29	26	6	0	0	0	0	19088	26892	0	1	ok
F	4885	f4883	45	521	3928	511	20	4980	29	26	6	0	0	0	0	19088	26892	0	1	ok
F	4886	f4884	45	732	3546	501	30	4809	29	26	6	0	0	0	0	19088	26892	0	1	ok
F	4887	f4885	45	491	3727	501	30	4749	29	26	6	0	0	0	0	19088	26892	0	1	ok
F	4888	f4886	45	431	3477	501	30	4439	29	26	6	0	0	0	0	19088	26892	0	1	ok
F	4889	f4887	45	732	3576	501	30	4839	29	26	6	0	0	0	0	19088	26892	0	1	ok
F	4890	f4888	45	711	3677	501	30	4919	29	26	6	0	0	0	0	19088	26892	0	1	ok
F	4891	f4889	45	581	4108	501	30	5220	29	26	6	0	0	0	0	19088	26892	0	1	ok
F	4892	f4890	45	501	4489	501	30	5521	29	26	6	0	0	0	0	19088	26892	0	1	ok
F	4893	f4891	45	612	3586	501	30	4729	29	26	6	0	0	0	0	19088	26892	0	1	ok
F	4894	f4892	45	511	3847	501	30	4889	29	26	6	0	0	0	0	19088	26892	0	1	ok
F	4895	f4893	45	792	4007	501	30	5330	29	26	6	0	0	0	0	19088	26892	0	1	ok
F	4896	f4894	45	521	3807	501	40	4869	29	26	6	0	0	0	0	19088	26892	0	1	ok
F	4897	f4895	45	771	3597	501	30	4899	29	26	6	0	0	0	0	19088	26892	0	1	ok
F	4898	f4896	45	741	4148	491	30	5410	29	26	6	0	0	0	0	19088	26892	0	1	ok
F	4899	f4897	45	842	3827	501	150	5320	29	26	6	0	0	0	0	19088	26892	0	1	ok
F	4900	f4898	45	461	3707	501	30	4699	29	26	6	0	0	0	0	19088	26892	0	1	ok
F	4901	f4899	45	592	3606	501	30	4729	29	26	6	0	0	0	0	19088	26892	0	1	ok
F	4902	f4900	45	861	3677	561	30	5129	29	26	6	0	0	0	0	19088	26892	0	1	ok
F	4903	f4901	45	882	4929	511	30	6352	29	26	6	0	0	0	0	19088	26892	0	1	ok
F	4904	f4902	45	941	3667	491	30	5129	29	26	6	0	0	0	0	19088	26892	0	1	ok
F	4905	f4903	45	601	3857	511	20	4989	29	26	6	0	0	0	0	19088	26892	0	1	ok
F	4906	f4904	45	761	4058	511	30	5360	29	26	6	0	0	0	0	19088	26892	0	1	ok
F	4907	f4905	45	582	3747	511	30	4870	29	26	6	0	0	0	0	19088	26892	0	1	ok
F	4908	f4906	45	450	4268	501	30	5249	29	26	6	0	0	0	0	19088	26892	0	1	ok
F	4909	f4907	45	561	3437	501	30	4529	29	26	6	0	0	0	0	19088	26892	0	1	ok
F	4910	f4908	45	821	3917	501	30	5269	29	26	6	0	0	0	0	19088	26892	0	1	ok
F	4911	f4909	45	682	3656	501	30	4869	29	26	6	0	0	0	0	19088	26892	0	1	ok
F	4912	f4910	45	461	4058	501	30	5050	29	26	6	0	0	0	0	19088	26892	0	1	ok
F	4913	f4911	45	1012	3767	501	30	5310	29	26	6	0	0	0	0	19088	26892	0	1	ok
F	4914	f4912	45	932	3937	501	20	5390	29	26	6	0	0	0	0	19088	26892	0	1	ok
F	4915	f4913	45	691	3827	501	30	5049	29	26	6	0	0	0	0	19088	26892	0	1	ok
F	4916	f4914	45	581	3677	501	30	4789	29	26	6	0	0	0	0	19088	26892	0	1	ok
F	4917	f4915	45	722	3646	501	30	4899	29	26	6	0	0	0	0	19088	26892	0	1	ok
F	4918	f4916	45	701	4148	501	20	5370	29	26	6	0	0	0	0	19088	26892	0	1	ok
F	4919	f4917	45	541	4568	571	30	5710	29	26	6	0	0	0	0	19088	26892	0	1	ok
F	4920	f4918	45	671	4368	501	30	5570	29	26	6	0	0	0	0	19088	26892	0	1	ok
F	4921	f4919	45	792	3797	501	30	5120	29	26	6	0	0	0	0	19088	26892	0	1	ok
F	4922	f4920	45	531	4669	511	30	5741	29	26	6	0	0	0	0	19088	26892	0	1	ok
F	4923	f4921	45	491	3686	501	30	4708	29	26	6	0	0	0	0	19088	26892	0	1	ok
F	4924	f4922	45	922	3637	501	30	5090	29	26	6	0	0	0	0	19088	26892	0	1	ok
F	4925	f4923	45	872	3597	500	21	4990	29	26	6	0	0	0	0	19088	26892	0	1	ok
F	4926	f4924	45	772	4448	561	30	5811	29	26	6	0	0	0	0	19088	26892	0	1	ok
F	4927	f4925	45	741	4188	501	30	5460	29	26	6	0	0	0	0	19088	26892	0	1	ok
F	4928	f4926	45	551	3778	500	30	4859	29	26	6	0	0	0	0	19088	26892	0	1	ok
F	4929	f4927	45	762	4067	501	30	5360	29	26	6	0	0	0	0	19088	26892	0	1	ok
F	4930	f4928	45	681	4298	501	30	5510	29	26	6	0	0	0	0	19088	26892	0	1	ok
F	4931	f4929	45	752	3727	501	30	5010	29	26	6	0	0	0	0	19088	26892	0	1	ok
F	4932	f4930	45	541	4198	501	30	5270	29	26	6	0	0	0	0	19088	26892	0	1	ok
F	4933	f4931	45	481	3917	501	30	4929	29	26	6	0	0	0	0	19088	26892	0	1	ok
F	4934	f4932	45	671	4008	501	30	5210	29	26	6	0	0	0	0	19088	26892	0	1	ok
F	4935	f4933	45	521	3887	501	20	4929	29	26	6	0	0	0	0	19088	26892	0	1	ok
F	4936	f4934	45	390	3607	501	30	4528	29	26	6	0	0	0	0	19088	26892	0	1	ok
F	4937	f4935	45	721	3246	491	30	4488	29	26	6	0	0	0	0	19088	26892	0	1	ok
F	4938	f4936	45	571	3977	501	20	5069	29	26	6	0	0	0	0	19088	26892	0	1	ok
F	4939	f4937	45	451	3596	501	30	4578	29	26	6	0	0	0	0	19088	26892	0	1	ok
F	4940	f4938	45	411	3616	511	30	4568	29	26	6	0	0	0	0	19088	26892	0	1	ok
F	4941	f4939	45	571	3607	501	30	4709	29	26	6	0	0	0	0	19088	26892	0	1	ok
F	4942	f4940	45	491	3637	511	30	4669	29	26	6	0	0	0	0	19088	26892	0	1	ok
F	4943	f4941	45	471	3506	501	30	4508	29	26	6	0	0	0	0	19088	26892	0	1	ok
F	4944	f4942	45	501	3526	511	20	4558	29	26	6	0	0	0	0	19088	26892	0	1	ok
F	4945	f4943	45	531	3527	500	31	4589	29	26	6	0	0	0	0	19088	26892	0	1	ok
F	4946	f4944	45	311	3737	501	30	4579	29	26	6	0	0	0	0	19088	26892	0	1	ok
F	4947	f4945	45	301	3426	501	30	4258	29	26	6	0	0	0	0	19088	26892	0	1	ok
F	4948	f4946	45	431	3586	501	30	4548	29	26	6	0	0	0	0	19088	26892	0	1	ok
F	4949	f4947	45	401	3336	501	30	4268	29	26	6	0	0	0	0	19088	26892	0	1	ok
F	4950	f4948	45	521	3357	501	30	4409	29	26	6	0	0	0	0	19088	26892	0	1	ok
F	4951	f4949	45	421	3356	501	30	4308	29	26	6	0	0	0	0	19088	26892	0	1	ok
F	4952	f4950	45	320	3577	501	30	4428	29	26	6	0	0	0	0	19088	26892	0	1	ok
F	4953	f4951	45	451	3406	501	30	4388	29	26	6	0	0	0	0	19088	26892	0	1	ok
F	4954	f4952	45	500	3627	501	30	4658	29	26	6	0	0	0	0	19088	26892	0	1	ok
F	4955	f4953	45	381	3446	511	30	4368	29	26	6	0	0	0	0	19088	26892	0	1	ok
F	4956	f4954	45	380	3577	501	20	4478	29	26	6	0	0	0	0	19088	26892	0	1	ok
F	4957	f4955	45	311	3577	511	30	4429	29	26	6	0	0	0	0	19088	26892	0	1	ok
F	4958	f4956	45	551	3647	511	20	4729	29	26	6	0	0	0	0	19088	26892	0	1	ok
F	4959	f4957	45	381	3546	501	30	4458	29	26	6	0	0	0	0	19088	26892	0	1	ok
F	4960	f4958	45	320	3587	491	30	4428	29	26	6	0	0	0	0	19088	26892	0	1	ok
F	4961	f4959	45	421	3526	491	30	4468	29	26	6	0	0	0	0	19088	26892	0	1	ok
F	4962	f4960	45	310	3827	501	30	4668	29	26	6	0	0	0	0	19088	26892	0	1	ok
F	4963	f4961	45	371	3586	501	30	4488	29	26	6	0	0	0	0	19088	26892	0	1	ok
F	4964	f4962	45	371	3516	521	20	4428	29	26	6	0	0	0	0	19088	26892	0	1	ok
F	4965	f4963	45	571	3657	511	30	4769	29	26	6	0	0	0	0	19088	26892	0	1	ok
F	4966	f4964	45	471	8616	622	30	9739	29	26	6	0	0	0	0	19088	26892	0	1	ok
F	4967	f4965	45	401	4729	501	30	5661	29	26	6	0	0	0	0	19088	26892	0	1	ok
F	4968	f4966	45	470	3587	501	30	4588	29	26	6	0	0	0	0	19088	26892	0	1	ok
F	4969	f4967	45	561	3426	501	30	4518	29	26	6	0	0	0	0	19088	26892	0	1	ok
F	4970	f4968	45	501	3526	501	30	4558	29	26	6	0	0	0	0	19088	26892	0	1	ok
F	4971	f4969	45	421	3346	501	30	4298	29	26	6	0	0	0	0	19088	26892	0	1	ok
F	4972	f4970	45	591	3697	501	30	4819	29	26	6	0	0	0	0	19088	26892	0	1	ok
F	4973	f4971	45	381	3416	501	30	4328	29	26	6	0	0	0	0	19088	26892	0	1	ok
F	4974	f4972	45	501	3546	501	30	4578	29	26	6	0	0	0	0	19088	26892	0	1	ok
F	4975	f4973	45	511	3356	501	30	4398	29	26	6	0	0	0	0	19088	26892	0	1	ok
F	4976	f4974	45	391	3646	501	30	4568	29	26	6	0	0	0	0	19088	26892	0	1	ok
F	4977	f4975	45	301	3446	491	30	4268	29	26	6	0	0	0	0	19088	26892	0	1	ok
F	4978	f4976	45	501	3326	501	30	4358	29	26	6	0	0	0	0	19088	26892	0	1	ok
F	4979	f4977	45	381	3386	501	30	4298	29	26	6	0	0	0	0	19088	26892	0	1	ok
F	4980	f4978	45	421	3717	501	30	4669	29	26	6	0	0	0	0	19088	26892	0	1	ok
F	4981	f4979	45	421	3767	511	30	4729	29	26	6	0	0	0	0	19088	26892	0	1	ok
F	4982	f4980	45	491	3616	501	30	4638	29	26	6	0	0	0	0	19088	26892	0	1	ok
F	4983	f4981	45	381	3536	501	30	4448	29	26	6	0	0	0	0	19088	26892	0	1	ok
F	4984	f4982	45	441	3907	511	20	4879	29	26	6	0	0	0	0	19088	26892	0	1	ok
F	4985	f4983	45	61184	4138	591	30	65943	29	26	6	0	0	0	0	19088	26892	0	1	ok
F	4986	f4984	45	371	3907	501	30	4809	29	26	6	0	0	0	0	19088	26892	0	1	ok
F	4987	f4985	45	390	3407	501	30	4328	29	26	6	0	0	0	0	19088	26892	0	1	ok
F	4988	f4986	45	561	3576	511	20	4668	29	26	6	0	0	0	0	19088	26892	0	1	ok
F	4989	f4987	45	651	3567	511	30	4759	29	26	6	0	0	0	0	19088	26892	0	1	ok
F	4990	f4988	45	521	3737	551	30	4839	29	26	6	0	0	0	0	19088	26892	0	1	ok
F	4991	f4989	45	461	3727	501	30	4719	29	26	6	0	0	0	0	19088	26892	0	1	ok
F	4992	f4990	45	501	3707	511	30	4749	29	26	6	0	0	0	0	19088	26892	0	1	ok
F	4993	f4991	45	381	3837	521	30	4769	29	26	6	0	0	0	0	19088	26892	0	1	ok
F	4994	f4992	45	331	3616	511	30	4488	29	26	6	0	0	0	0	19088	26892	0	1	ok
F	4995	f4993	45	401	3556	511	30	4498	29	26	6	0	0	0	0	19088	26892	0	1	ok
F	4996	f4994	45	421	3486	491	30	4428	29	26	6	0	0	0	0	19088	26892	0	1	ok
F	4997	f4995	45	391	3496	501	30	4418	29	26	6	0	0	0	0	19088	26892	0	1	ok
F	4998	f4996	45	380	3487	491	30	4388	29	26	6	0	0	0	0	19088	26892	0	1	ok
F	4999	f4997	45	490	3397	501	30	4418	29	26	6	0	0	0	0	19088	26892	0	1	ok
F	5000	f4998	45	311	3507	511	30	4359	29	26	6	0	0	0	0	19088	26892	0	1	ok
F	5001	f4999	45	321	3366	501	30	4218	29	26	6	0	0	0	0	19088	26892	0	1	ok
F	5002	f5000	45	320	3477	501	150	4448	29	26	6	0	0	0	0	19088	26892	0	1	ok
F	5003	f5001	45	370	3537	511	20	4438	29	26	6	0	0	0	0	19088	26892	0	1	ok
F	5004	f5002	45	301	3617	501	30	4449	29	26	6	0	0	0	0	19088	26892	0	1	ok
F	5005	f5003	45	391	3567	501	30	4489	29	26	6	0	0	0	0	19088	26892	0	1	ok
F	5006	f5004	45	521	3517	501	30	4569	29	26	6	0	0	0	0	19088	26892	0	1	ok
F	5007	f5005	45	321	3296	501	30	4148	29	26	6	0	0	0	0	19088	26892	0	1	ok
F	5008	f5006	45	310	3337	501	30	4178	29	26	6	0	0	0	0	19088	26892	0	1	ok
F	5009	f5007	45	551	3407	511	20	4489	29	26	6	0	0	0	0	19088	26892	0	1	ok
F	5010	f5008	45	310	3356	491	30	4187	29	26	6	0	0	0	0	19088	26892	0	1	ok
F	5011	f5009	45	321	3626	501	30	4478	29	26	6	0	0	0	0	19088	26892	0	1	ok
F	5012	f5010	45	310	3297	511	30	4148	29	26	6	0	0	0	0	19088	26892	0	1	ok
F	5013	f5011	45	481	3657	501	30	4669	29	26	6	0	0	0	0	19088	26892	0	1	ok
F	5014	f5012	45	490	3798	510	31	4829	29	26	6	0	0	0	0	19088	26892	0	1	ok
F	5015	f5013	45	381	3296	501	20	4198	29	26	6	0	0	0	0	19088	26892	0	1	ok
F	5016	f5014	45	420	3246	501	30	4197	29	26	6	0	0	0	0	19088	26892	0	1	ok
F	5017	f5015	45	321	3596	511	30	4458	29	26	6	0	0	0	0	19088	26892	0	1	ok
F	5018	f5016	45	310	3417	511	30	4268	29	26	6	0	0	0	0	19088	26892	0	1	ok
F	5019	f5017	45	371	3346	501	30	4248	29	26	6	0	0	0	0	19088	26892	0	1	ok
F	5020	f5018	45	411	3286	501	30	4228	29	26	6	0	0	0	0	19088	26892	0	1	ok
F	5021	f5019	45	311	3316	501	30	4158	29	26	6	0	0	0	0	19088	26892	0	1	ok
F	5022	f5020	45	300	3707	501	30	4538	29	26	6	0	0	0	0	19088	26892	0	1	ok
F	5023	f5021	45	491	3466	501	30	4488	29	26	6	0	0	0	0	19088	26892	0	1	ok
F	5024	f5022	45	371	3396	511	30	4308	29	26	6	0	0	0	0	19088	26892	0	1	ok
F	5025	f5023	45	420	3327	541	30	4318	29	26	6	0	0	0	0	19088	26892	0	1	ok
F	5026	f5024	45	431	3767	501	30	4729	29	26	6	0	0	0	0	19088	26892	0	1	ok
F	5027	f5025	45	411	3777	501	30	4719	29	26	6	0	0	0	0	19088	26892	0	1	ok
F	5028	f5026	45	311	3106	501	30	3948	29	26	6	0	0	0	0	19088	26892	0	1	ok
F	5029	f5027	45	381	3647	501	30	4559	29	26	6	0	0	0	0	19088	26892	0	1	ok
F	5030	f5028	45	501	3487	511	30	4529	29	26	6	0	0	0	0	19088	26892	0	1	ok
F	5031	f5029	45	511	3607	511	30	4659	29	26	6	0	0	0	0	19088	26892	0	1	ok
F	5032	f5030	45	320	3537	491	30	4378	29	26	6	0	0	0	0	19088	26892	0	1	ok
F	5033	f5031	45	481	3427	511	20	4439	29	26	6	0	0	0	0	19088	26892	0	1	ok
F	5034	f5032	45	391	3517	490	31	4429	29	26	6	0	0	0	0	19088	26892	0	1	ok
F	5035	f5033	45	381	3496	491	30	4398	29	26	6	0	0	0	0	19088	26892	0	1	ok
F	5036	f5034	45	311	3646	501	30	4488	29	26	6	0	0	0	0	19088	26892	0	1	ok
F	5037	f5035	45	481	3446	511	30	4468	29	26	6	0	0	0	0	19088	26892	0	1	ok
F	5038	f5036	45	391	3606	501	30	4528	29	26	6	0	0	0	0	19088	26892	0	1	ok
F	5039	f5037	45	471	3396	491	30	4388	29	26	6	0	0	0	0	19088	26892	0	1	ok
F	5040	f5038	45	431	3316	491	30	4268	29	26	6	0	0	0	0	19088	26892	0	1	ok
F	5041	f5039	45	331	3547	501	20	4399	29	26	6	0	0	0	0	19088	26892	0	1	ok
F	5042	f5040	45	601	3627	511	20	4759	29	26	6	0	0	0	0	19088	26892	0	1	ok
F	5043	f5041	45	571	3817	511	20	4919	29	26	6	0	0	0	0	19088	26892	0	1	ok
F	5044	f5042	45	491	3566	501	30	4588	29	26	6	0	0	0	0	19088	26892	0	1	ok
F	5045	f5043	45	390	3808	521	30	4749	29	26	6	0	0	0	0	19088	26892	0	1	ok
F	5046	f5044	45	321	3396	511	30	4258	29	26	6	0	0	0	0	19088	26892	0	1	ok
F	5047	f5045	45	561	3296	501	30	4388	29	26	6	0	0	0	0	19088	26892	0	1	ok
F	5048	f5046	45	310	3747	501	30	4588	29	26	6	0	0	0	0	19088	26892	0	1	ok
F	5049	f5047	45	380	3166	511	20	4077	29	26	6	0	0	0	0	19088	26892	0	1	ok
F	5050	f5048	45	371	3566	501	30	4468	29	26	6	0	0	0	0	19088	26892	0	1	ok
F	5051	f5049	45	491	3326	501	30	4348	29	26	6	0	0	0	0	19088	26892	0	1	ok
F	5052	f5050	45	310	3837	511	30	4688	29	26	6	0	0	0	0	19088	26892	0	1	ok
F	5053	f5051	45	320	3467	511	20	4318	29	26	6	0	0	0	0	19088	26892	0	1	ok
F	5054	f5052	45	450	3707	501	30	4688	29	26	6	0	0	0	0	19088	26892	0	1	ok
F	5055	f5053	45	391	3887	501	30	4809	29	26	6	0	0	0	0	19088	26892	0	1	ok
F	5056	f5054	45	310	3477	501	20	4308	29	26	6	0	0	0	0	19088	26892	0	1	ok
F	5057	f5055	45	421	3367	500	31	4319	29	26	6	0	0	0	0	19088	26892	0	1	ok
F	5058	f5056	45	371	3326	491	30	4218	29	26	6	0	0	0	0	19088	26892	0	1	ok
F	5059	f5057	45	561	3486	501	30	4578	29	26	6	0	0	0	0	19088	26892	0	1	ok
F	5060	f5058	45	300	3417	511	30	4258	29	26	6	0	0	0	0	19088	26892	0	1	ok
F	5061	f5059	45	491	3397	501	30	4419	29	26	6	0	0	0	0	19088	26892	0	1	ok
F	5062	f5060	45	401	3436	501	30	4368	29	26	6	0	0	0	0	19088	26892	0	1	ok
F	5063	f5061	45	381	3466	491	30	4368	29	26	6	0	0	0	0	19088	26892	0	1	ok
F	5064	f5062	45	420	3467	501	30	4418	29	26	6	0	0	0	0	19088	26892	0	1	ok
F	5065	f5063	45	380	3377	511	30	4298	29	26	6	0	0	0	0	19088	26892	0	1	ok
F	5066	f5064	45	391	3286	501	30	4208	29	26	6	0	0	0	0	19088	26892	0	1	ok
F	5067	f5065	45	380	3307	500	31	4218	29	26	6	0	0	0	0	19088	26892	0	1	ok
F	5068	f5066	45	421	3617	521	20	4579	29	26	6	0	0	0	0	19088	26892	0	1	ok
F	5069	f5067	45	381	3326	491	30	4228	29	26	6	0	0	0	0	19088	26892	0	1	ok
F	5070	f5068	45	310	3647	491	30	4478	29	26	6	0	0	0	0	19088	26892	0	1	ok
F	5071	f5069	45	421	3356	501	30	4308	29	26	6	0	0	0	0	19088	26892	0	1	ok
F	5072	f5070	45	301	3677	501	30	4509	29	26	6	0	0	0	0	19088	26892	0	1	ok
F	5073	f5071	45	491	3877	501	20	4889	29	26	6	0	0	0	0	19088	26892	0	1	ok
F	5074	f5072	45	321	3547	501	30	4399	29	26	6	0	0	0	0	19088	26892	0	1	ok
F	5075	f5073	45	491	3487	511	30	4519	29	26	6	0	0	0	0	19088	26892	0	1	ok
F	5076	f5074	45	311	3536	501	30	4378	29	26	6	0	0	0	0	19088	26892	0	1	ok
F	5077	f5075	45	611	3587	501	30	4729	29	26	6	0	0	0	0	19088	26892	0	1	ok
F	5078	f5076	45	662	3626	501	30	4819	29	26	6	0	0	0	0	19088	26892	0	1	ok
F	5079	f5077	45	401	3446	511	20	4378	29	26	6	0	0	0	0	19088	26892	0	1	ok
F	5080	f5078	45	320	3938	511	30	4799	29	26	6	0	0	0	0	19088	26892	0	1	ok
F	5081	f5079	45	391	3797	501	30	4719	29	26	6	0	0	0	0	19088	26892	0	1	ok
F	5082	f5080	45	310	3807	501	30	4648	29	26	6	0	0	0	0	19088	26892	0	1	ok
F	5083	f5081	45	491	3797	501	30	4819	29	26	6	0	0	0	0	19088	26892	0	1	ok
F	5084	f5082	45	320	3847	501	30	4698	29	26	6	0	0	0	0	19088	26892	0	1	ok
F	5085	f5083	45	431	3707	501	30	4669	29	26	6	0	0	0	0	19088	26892	0	1	ok
F	5086	f5084	45	431	3477	501	30	4439	29	26	6	0	0	0	0	19088	26892	0	1	ok
F	5087	f5085	45	431	3316	511	30	4288	29	26	6	0	0	0	0	19088	26892	0	1	ok
F	5088	f5086	45	491	3496	501	20	4508	29	26	6	0	0	0	0	19088	26892	0	1	ok
F	5089	f5087	45	371	3506	501	30	4408	29	26	6	0	0	0	0	19088	26892	0	1	ok
F	5090	f5088	45	511	3707	501	20	4739	29	26	6	0	0	0	0	19088	26892	0	1	ok
F	5091	f5089	45	531	3557	501	30	4619	29	26	6	0	0	0	0	19088	26892	0	1	ok
F	5092	f5090	45	420	3437	501	30	4388	29	26	6	0	0	0	0	19088	26892	0	1	ok
F	5093	f5091	45	451	3827	501	30	4809	29	26	6	0	0	0	0	19088	26892	0	1	ok
F	5094	f5092	45	300	3787	491	30	4608	29	26	6	0	0	0	0	19088	26892	0	1	ok
F	5095	f5093	45	108152	4709	561	30	113452	29	26	6	0	0	0	0	19088	26892	0	1	ok
F	5096	f5094	45	400	4198	501	30	5129	29	26	6	0	0	0	0	19088	26892	0	1	ok
F	5097	f5095	45	551	3607	501	30	4689	29	26	6	0	0	0	0	19088	26892	0	1	ok
F	5098	f5096	45	491	3777	511	30	4809	29	26	6	0	0	0	0	19088	26892	0	1	ok
F	5099	f5097	45	702	3917	501	30	5150	29	26	6	0	0	0	0	19088	26892	0	1	ok
F	5100	f5098	45	611	3597	500	31	4739	29	26	6	0	0	0	0	19088	26892	0	1	ok
F	5101	f5099	45	762	3576	511	20	4869	29	26	6	0	0	0	0	19088	26892	0	1	ok
F	5102	f5100	45	711	4318	501	30	5560	29	26	6	0	0	0	0	19088	26892	0	1	ok
F	5103	f5101	45	591	3727	501	30	4849	29	26	6	0	0	0	0	19088	26892	0	1	ok
F	5104	f5102	45	551	3216	501	30	4298	29	26	6	0	0	0	0	19088	26892	0	1	ok
F	5105	f5103	45	551	3337	501	160	4549	29	26	6	0	0	0	0	19088	26892	0	1	ok
F	5106	f5104	45	662	3617	561	30	4870	29	26	6	0	0	0	0	19088	26892	0	1	ok
F	5107	f5105	45	521	3918	500	31	4970	29	26	6	0	0	0	0	19088	26892	0	1	ok
F	5108	f5106	45	451	3316	501	30	4298	29	26	6	0	0	0	0	19088	26892	0	1	ok
F	5109	f5107	45	561	3867	501	30	4959	29	26	6	0	0	0	0	19088	26892	0	1	ok
F	5110	f5108	45	561	3506	491	30	4588	29	26	6	0	0	0	0	19088	26892	0	1	ok
F	5111	f5109	45	481	3616	501	30	4628	29	26	6	0	0	0	0	19088	26892	0	1	ok
F	5112	f5110	45	551	3507	511	30	4599	29	26	6	0	0	0	0	19088	26892	0	1	ok
F	5113	f5111	45	521	3497	501	30	4549	29	26	6	0	0	0	0	19088	26892	0	1	ok
F	5114	f5112	45	531	3557	491	30	4609	29	26	6	0	0	0	0	19088	26892	0	1	ok
F	5115	f5113	45	390	3517	501	30	4438	29	26	6	0	0	0	0	19088	26892	0	1	ok
F	5116	f5114	45	430	3397	511	30	4368	29	26	6	0	0	0	0	19088	26892	0	1	ok
F	5117	f5115	45	371	3777	511	30	4689	29	26	6	0	0	0	0	19088	26892	0	1	ok
F	5118	f5116	45	390	3687	491	30	4598	29	26	6	0	0	0	0	19088	26892	0	1	ok
F	5119	f5117	45	431	3606	501	30	4568	29	26	6	0	0	0	0	19088	26892	0	1	ok
F	5120	f5118	45	311	3236	511	20	4078	29	26	6	0	0	0	0	19088	26892	0	1	ok
F	5121	f5119	45	391	3527	500	30	4448	29	26	6	0	0	0	0	19088	26892	0	1	ok
F	5122	f5120	45	301	3386	511	30	4228	29	26	6	0	0	0	0	19088	26892	0	1	ok
F	5123	f5121	45	420	3607	521	30	4578	29	26	6	0	0	0	0	19088	26892	0	1	ok
F	5124	f5122	45	320	3497	521	20	4358	29	26	6	0	0	0	0	19088	26892	0	1	ok
F	5125	f5123	45	381	3296	511	30	4218	29	26	6	0	0	0	0	19088	26892	0	1	ok
F	5126	f5124	45	591	3286	501	30	4408	29	26	6	0	0	0	0	19088	26892	0	1	ok
F	5127	f5125	45	380	3687	501	30	4598	29	26	6	0	0	0	0	19088	26892	0	1	ok
F	5128	f5126	45	321	3596	491	30	4438	29	26	6	0	0	0	0	19088	26892	0	1	ok
F	5129	f5127	45	371	3426	501	30	4328	29	26	6	0	0	0	0	19088	26892	0	1	ok
F	5130	f5128	45	420	3487	501	30	4438	29	26	6	0	0	0	0	19088	26892	0	1	ok
F	5131	f5129	45	321	3647	501	30	4499	29	26	6	0	0	0	0	19088	26892	0	1	ok
F	5132	f5130	45	321	3406	501	30	4258	29	26	6	0	0	0	0	19088	26892	0	1	ok
F	5133	f5131	45	491	3437	500	31	4459	29	26	6	0	0	0	0	19088	26892	0	1	ok
F	5134	f5132	45	391	3577	501	30	4499	29	26	6	0	0	0	0	19088	26892	0	1	ok
F	5135	f5133	45	301	3126	501	30	3958	29	26	6	0	0	0	0	19088	26892	0	1	ok
F	5136	f5134	45	410	3767	511	20	4708	29	26	6	0	0	0	0	19088	26892	0	1	ok
F	5137	f5135	45	311	3476	501	30	4318	29	26	6	0	0	0	0	19088	26892	0	1	ok
F	5138	f5136	45	310	3417	501	30	4258	29	26	6	0	0	0	0	19088	26892	0	1	ok
F	5139	f5137	45	311	3737	501	20	4569	29	26	6	0	0	0	0	19088	26892	0	1	ok
F	5140	f5138	45	421	3417	501	30	4369	29	26	6	0	0	0	0	19088	26892	0	1	ok
F	5141	f5139	45	311	3366	501	30	4208	29	26	6	0	0	0	0	19088	26892	0	1	ok
F	5142	f5140	45	491	3426	501	30	4448	29	26	6	0	0	0	0	19088	26892	0	1	ok
F	5143	f5141	45	491	3125	501	30	4147	29	26	6	0	0	0	0	19088	26892	0	1	ok
F	5144	f5142	45	311	3386	501	30	4228	29	26	6	0	0	0	0	19088	26892	0	1	ok
F	5145	f5143	45	400	3447	491	30	4368	29	26	6	0	0	0	0	19088	26892	0	1	ok
F	5146	f5144	45	331	3206	511	30	4078	29	26	6	0	0	0	0	19088	26892	0	1	ok
F	5147	f5145	45	480	3537	501	30	4548	29	26	6	0	0	0	0	19088	26892	0	1	ok
F	5148	f5146	45	310	3467	511	30	4318	29	26	6	0	0	0	0	19088	26892	0	1	ok
F	5149	f5147	45	361	3497	510	31	4399	29	26	6	0	0	0	0	19088	26892	0	1	ok
F	5150	f5148	45	421	3426	501	30	4378	29	26	6	0	0	0	0	19088	26892	0	1	ok
F	5151	f5149	45	311	3516	501	30	4358	29	26	6	0	0	0	0	19088	26892	0	1	ok
F	5152	f5150	45	320	4098	501	40	4959	29	26	6	0	0	0	0	19088	26892	0	1	ok
F	5153	f5151	45	320	3336	501	30	4187	29	26	6	0	0	0	0	19088	26892	0	1	ok
F	5154	f5152	45	441	3587	501	30	4559	29	26	6	0	0	0	0	19088	26892	0	1	ok
F	5155	f5153	45	391	3366	501	30	4288	29	26	6	0	0	0	0	19088	26892	0	1	ok
F	5156	f5154	45	431	3176	500	31	4138	29	26	6	0	0	0	0	19088	26892	0	1	ok
F	5157	f5155	45	581	3306	511	20	4418	29	26	6	0	0	0	0	19088	26892	0	1	ok
F	5158	f5156	45	491	3446	501	30	4468	29	26	6	0	0	0	0	19088	26892	0	1	ok
F	5159	f5157	45	381	3336	501	30	4248	29	26	6	0	0	0	0	19088	26892	0	1	ok
F	5160	f5158	45	451	3567	501	30	4549	29	26	6	0	0	0	0	19088	26892	0	1	ok
F	5161	f5159	45	440	3587	501	20	4548	29	26	6	0	0	0	0	19088	26892	0	1	ok
F	5162	f5160	45	380	3918	511	20	4829	29	26	6	0	0	0	0	19088	26892	0	1	ok
F	5163	f5161	45	380	3707	501	30	4618	29	26	6	0	0	0	0	19088	26892	0	1	ok
F	5164	f5162	45	421	3306	501	30	4258	29	26	6	0	0	0	0	19088	26892	0	1	ok
F	5165	f5163	45	390	3367	501	30	4288	29	26	6	0	0	0	0	19088	26892	0	1	ok
F	5166	f5164	45	481	3557	501	30	4569	29	26	6	0	0	0	0	19088	26892	0	1	ok
F	5167	f5165	45	571	3346	501	30	4448	29	26	6	0	0	0	0	19088	26892	0	1	ok
F	5168	f5166	45	320	3427	501	30	4278	29	26	6	0	0	0	0	19088	26892	0	1	ok
F	5169	f5167	45	310	3577	521	30	4438	29	26	6	0	0	0	0	19088	26892	0	1	ok
F	5170	f5168	45	400	3627	501	30	4558	29	26	6	0	0	0	0	19088	26892	0	1	ok
F	5171	f5169	45	430	3747	511	20	4708	29	26	6	0	0	0	0	19088	26892	0	1	ok
F	5172	f5170	45	311	3296	511	30	4148	29	26	6	0	0	0	0	19088	26892	0	1	ok
F	5173	f5171	45	321	3817	501	30	4669	29	26	6	0	0	0	0	19088	26892	0	1	ok
F	5174	f5172	45	501	3296	521	30	4348	29	26	6	0	0	0	0	19088	26892	0	1	ok
F	5175	f5173	45	321	3146	501	30	3998	29	26	6	0	0	0	0	19088	26892	0	1	ok
F	5176	f5174	45	321	3577	501	20	4419	29	26	6	0	0	0	0	19088	26892	0	1	ok
F	5177	f5175	45	441	3276	501	20	4238	29	26	6	0	0	0	0	19088	26892	0	1	ok
F	5178	f5176	45	561	3246	511	30	4348	29	26	6	0	0	0	0	19088	26892	0	1	ok
F	5179	f5177	45	431	3286	501	30	4248	29	26	6	0	0	0	0	19088	26892	0	1	ok
F	5180	f5178	45	301	4017	501	20	4839	29	26	6	0	0	0	0	19088	26892	0	1	ok
F	5181	f5179	45	491	3627	501	30	4649	29	26	6	0	0	0	0	19088	26892	0	1	ok
F	5182	f5180	45	321	3687	501	30	4539	29	26	6	0	0	0	0	19088	26892	0	1	ok
F	5183	f5181	45	371	3837	501	30	4739	29	26	6	0	0	0	0	19088	26892	0	1	ok
F	5184	f5182	45	400	3437	511	30	4378	29	26	6	0	0	0	0	19088	26892	0	1	ok
F	5185	f5183	45	411	3226	491	30	4158	29	26	6	0	0	0	0	19088	26892	0	1	ok
F	5186	f5184	45	421	3346	501	30	4298	29	26	6	0	0	0	0	19088	26892	0	1	ok
F	5187	f5185	45	301	3376	501	20	4198	29	26	6	0	0	0	0	19088	26892	0	1	ok
F	5188	f5186	45	421	3366	501	30	4318	29	26	6	0	0	0	0	19088	26892	0	1	ok
F	5189	f5187	45	431	3316	511	30	4288	29	26	6	0	0	0	0	19088	26892	0	1	ok
F	5190	f5188	45	481	3316	501	30	4328	29	26	6	0	0	0	0	19088	26892	0	1	ok
F	5191	f5189	45	441	3987	511	30	4969	29	26	6	0	0	0	0	19088	26892	0	1	ok
F	5192	f5190	45	300	3597	501	30	4428	29	26	6	0	0	0	0	19088	26892	0	1	ok
F	5193	f5191	45	531	3567	501	30	4629	29	26	6	0	0	0	0	19088	26892	0	1	ok
F	5194	f5192	45	311	3636	501	30	4478	29	26	6	0	0	0	0	19088	26892	0	1	ok
F	5195	f5193	45	431	3397	500	31	4359	29	26	6	0	0	0	0	19088	26892	0	1	ok
F	5196	f5194	45	311	3636	511	30	4488	29	26	6	0	0	0	0	19088	26892	0	1	ok
F	5197	f5195	45	311	3426	501	30	4268	29	26	6	0	0	0	0	19088	26892	0	1	ok
F	5198	f5196	45	521	3666	501	30	4718	29	26	6	0	0	0	0	19088	26892	0	1	ok
F	5199	f5197	45	301	3416	501	30	4248	29	26	6	0	0	0	0	19088	26892	0	1	ok
F	5200	f5198	45	310	3777	501	20	4608	29	26	6	0	0	0	0	19088	26892	0	1	ok
F	5201	f5199	45	370	3768	510	31	4679	29	26	6	0	0	0	0	19088	26892	0	1	ok
F	5202	f5200	45	421	3647	501	30	4599	29	26	6	0	0	0	0	19088	26892	0	1	ok
F	5203	f5201	45	301	3226	501	30	4058	29	26	6	0	0	0	0	19088	26892	0	1	ok
F	5204	f5202	45	301	3927	501	30	4759	29	26	6	0	0	0	0	19088	26892	0	1	ok
F	5205	f5203	45	76774	4177	582	30	81563	29	26	6	0	0	0	0	19088	26892	0	1	ok
F	5206	f5204	45	461	3477	511	30	4479	29	26	6	0	0	0	0	19088	26892	0	1	ok
F	5207	f5205	45	311	3316	491	30	4148	29	26	6	0	0	0	0	19088	26892	0	1	ok
F	5208	f5206	45	401	3757	511	30	4699	29	26	6	0	0	0	0	19088	26892	0	1	ok
F	5209	f5207	45	722	3607	500	31	4860	29	26	6	0	0	0	0	19088	26892	0	1	ok
F	5210	f5208	45	731	3387	501	30	4649	29	26	6	0	0	0	0	19088	26892	0	1	ok
F	5211	f5209	45	461	3627	501	30	4619	29	26	6	0	0	0	0	19088	26892	0	1	ok
F	5212	f5210	45	511	3656	501	30	4698	29	26	6	0	0	0	0	19088	26892	0	1	ok
F	5213	f5211	45	571	3617	501	20	4709	29	26	6	0	0	0	0	19088	26892	0	1	ok
F	5214	f5212	45	481	3647	501	30	4659	29	26	6	0	0	0	0	19088	26892	0	1	ok
F	5215	f5213	45	571	3496	511	30	4608	29	26	6	0	0	0	0	19088	26892	0	1	ok
F	5216	f5214	45	421	3266	511	30	4228	29	26	6	0	0	0	0	19088	26892	0	1	ok
F	5217	f5215	45	450	3477	501	30	4458	29	26	6	0	0	0	0	19088	26892	0	1	ok
F	5218	f5216	45	391	3497	501	30	4419	29	26	6	0	0	0	0	19088	26892	0	1	ok
F	5219	f5217	45	501	3477	501	30	4509	29	26	6	0	0	0	0	19088	26892	0	1	ok
F	5220	f5218	45	311	3426	511	20	4268	29	26	6	0	0	0	0	19088	26892	0	1	ok
F	5221	f5219	45	310	3347	511	20	4188	29	26	6	0	0	0	0	19088	26892	0	1	ok
F	5222	f5220	45	551	3307	500	21	4379	29	26	6	0	0	0	0	19088	26892	0	1	ok
F	5223	f5221	45	311	3546	501	30	4388	29	26	6	0	0	0	0	19088	26892	0	1	ok
F	5224	f5222	45	310	3487	501	30	4328	29	26	6	0	0	0	0	19088	26892	0	1	ok
F	5225	f5223	45	370	3527	501	30	4428	29	26	6	0	0	0	0	19088	26892	0	1	ok
F	5226	f5224	45	421	3717	501	30	4669	29	26	6	0	0	0	0	19088	26892	0	1	ok
F	5227	f5225	45	320	3527	501	30	4378	29	26	6	0	0	0	0	19088	26892	0	1	ok
F	5228	f5226	45	310	3437	490	31	4268	29	26	6	0	0	0	0	19088	26892	0	1	ok
F	5229	f5227	45	421	3326	501	30	4278	29	26	6	0	0	0	0	19088	26892	0	1	ok
F	5230	f5228	45	320	3607	501	30	4458	29	26	6	0	0	0	0	19088	26892	0	1	ok
F	5231	f5229	45	320	3427	500	31	4278	29	26	6	0	0	0	0	19088	26892	0	1	ok
F	5232	f5230	45	311	3386	511	20	4228	29	26	6	0	0	0	0	19088	26892	0	1	ok
F	5233	f5231	45	561	3146	501	30	4238	29	26	6	0	0	0	0	19088	26892	0	1	ok
F	5234	f5232	45	381	3216	501	30	4128	29	26	6	0	0	0	0	19088	26892	0	1	ok
F	5235	f5233	45	320	3447	501	30	4298	29	26	6	0	0	0	0	19088	26892	0	1	ok
F	5236	f5234	45	431	3587	501	30	4549	29	26	6	0	0	0	0	19088	26892	0	1	ok
F	5237	f5235	45	381	3476	501	20	4378	29	26	6	0	0	0	0	19088	26892	0	1	ok
F	5238	f5236	45	381	3456	501	20	4358	29	26	6	0	0	0	0	19088	26892	0	1	ok
F	5239	f5237	45	521	3366	501	30	4418	29	26	6	0	0	0	0	19088	26892	0	1	ok
F	5240	f5238	45	310	3717	501	30	4558	29	26	6	0	0	0	0	19088	26892	0	1	ok
F	5241	f5239	45	330	3397	501	30	4258	29	26	6	0	0	0	0	19088	26892	0	1	ok
F	5242	f5240	45	391	3537	501	30	4459	29	26	6	0	0	0	0	19088	26892	0	1	ok
F	5243	f5241	45	421	3356	511	20	4308	29	26	6	0	0	0	0	19088	26892	0	1	ok
F	5244	f5242	45	381	3376	551	30	4338	29	26	6	0	0	0	0	19088	26892	0	1	ok
F	5245	f5243	45	310	3437	511	20	4278	29	26	6	0	0	0	0	19088	26892	0	1	ok
F	5246	f5244	45	431	3296	511	30	4268	29	26	6	0	0	0	0	19088	26892	0	1	ok
F	5247	f5245	45	320	3447	491	30	4288	29	26	6	0	0	0	0	19088	26892	0	1	ok
F	5248	f5246	45	381	3136	511	30	4058	29	26	6	0	0	0	0	19088	26892	0	1	ok
F	5249	f5247	45	390	3306	501	30	4227	29	26	6	0	0	0	0	19088	26892	0	1	ok
F	5250	f5248	45	431	3306	501	30	4268	29	26	6	0	0	0	0	19088	26892	0	1	ok
F	5251	f5249	45	350	3337	501	30	4218	29	26	6	0	0	0	0	19088	26892	0	1	ok
F	5252	f5250	45	391	3456	511	20	4378	29	26	6	0	0	0	0	19088	26892	0	1	ok
F	5253	f5251	45	441	3226	501	30	4198	29	26	6	0	0	0	0	19088	26892	0	1	ok
F	5254	f5252	45	381	3416	501	30	4328	29	26	6	0	0	0	0	19088	26892	0	1	ok
F	5255	f5253	45	311	3807	501	30	4649	29	26	6	0	0	0	0	19088	26892	0	1	ok
F	5256	f5254	45	321	3386	501	30	4238	29	26	6	0	0	0	0	19088	26892	0	1	ok
F	5257	f5255	45	481	3296	501	20	4298	29	26	6	0	0	0	0	19088	26892	0	1	ok
F	5258	f5256	45	380	3527	511	30	4448	29	26	6	0	0	0	0	19088	26892	0	1	ok
F	5259	f5257	45	300	3617	501	30	4448	29	26	6	0	0	0	0	19088	26892	0	1	ok
F	5260	f5258	45	471	3327	500	31	4329	29	26	6	0	0	0	0	19088	26892	0	1	ok
F	5261	f5259	45	311	3436	501	30	4278	29	26	6	0	0	0	0	19088	26892	0	1	ok
F	5262	f5260	45	310	3477	501	30	4318	29	26	6	0	0	0	0	19088	26892	0	1	ok
F	5263	f5261	45	431	3356	511	30	4328	29	26	6	0	0	0	0	19088	26892	0	1	ok
F	5264	f5262	45	300	3647	501	30	4478	29	26	6	0	0	0	0	19088	26892	0	1	ok
F	5265	f5263	45	320	3286	501	30	4137	29	26	6	0	0	0	0	19088	26892	0	1	ok
F	5266	f5264	45	391	3576	511	20	4498	29	26	6	0	0	0	0	19088	26892	0	1	ok
F	5267	f5265	45	431	3657	501	30	4619	29	26	6	0	0	0	0	19088	26892	0	1	ok
F	5268	f5266	45	311	3537	501	30	4379	29	26	6	0	0	0	0	19088	26892	0	1	ok
F	5269	f5267	45	451	3657	501	20	4629	29	26	6	0	0	0	0	19088	26892	0	1	ok
F	5270	f5268	45	611	3577	501	30	4719	29	26	6	0	0	0	0	19088	26892	0	1	ok
F	5271	f5269	45	451	3647	511	20	4629	29	26	6	0	0	0	0	19088	26892	0	1	ok
F	5272	f5270	45	380	3326	501	30	4237	29	26	6	0	0	0	0	19088	26892	0	1	ok
F	5273	f5271	45	511	3427	501	30	4469	29	26	6	0	0	0	0	19088	26892	0	1	ok
F	5274	f5272	45	491	3396	501	20	4408	29	26	6	0	0	0	0	19088	26892	0	1	ok
F	5275	f5273	45	461	3536	501	30	4528	29	26	6	0	0	0	0	19088	26892	0	1	ok
F	5276	f5274	45	321	3426	491	30	4268	29	26	6	0	0	0	0	19088	26892	0	1	ok
F	5277	f5275	45	420	3577	511	20	4528	29	26	6	0	0	0	0	19088	26892	0	1	ok
F	5278	f5276	45	370	4048	581	30	5029	29	26	6	0	0	0	0	19088	26892	0	1	ok
F	5279	f5277	45	380	3617	521	20	4538	29	26	6	0	0	0	0	19088	26892	0	1	ok
F	5280	f5278	45	451	3616	501	30	4598	29	26	6	0	0	0	0	19088	26892	0	1	ok
F	5281	f5279	45	411	3566	511	20	4508	29	26	6	0	0	0	0	19088	26892	0	1	ok
F	5282	f5280	45	461	3617	501	30	4609	29	26	6	0	0	0	0	19088	26892	0	1	ok
F	5283	f5281	45	441	3396	501	30	4368	29	26	6	0	0	0	0	19088	26892	0	1	ok
F	5284	f5282	45	451	3556	491	30	4528	29	26	6	0	0	0	0	19088	26892	0	1	ok
F	5285	f5283	45	511	3276	511	30	4328	29	26	6	0	0	0	0	19088	26892	0	1	ok
F	5286	f5284	45	321	3777	501	30	4629	29	26	6	0	0	0	0	19088	26892	0	1	ok
F	5287	f5285	45	371	3657	501	30	4559	29	26	6	0	0	0	0	19088	26892	0	1	ok
F	5288	f5286	45	310	3577	501	30	4418	29	26	6	0	0	0	0	19088	26892	0	1	ok
F	5289	f5287	45	410	3587	491	30	4518	29	26	6	0	0	0	0	19088	26892	0	1	ok
F	5290	f5288	45	370	3717	491	30	4608	29	26	6	0	0	0	0	19088	26892	0	1	ok
F	5291	f5289	45	481	3827	501	30	4839	29	26	6	0	0	0	0	19088	26892	0	1	ok
F	5292	f5290	45	311	3627	491	30	4459	29	26	6	0	0	0	0	19088	26892	0	1	ok
F	5293	f5291	45	301	3356	501	30	4188	29	26	6	0	0	0	0	19088	26892	0	1	ok
F	5294	f5292	45	411	3496	501	30	4438	29	26	6	0	0	0	0	19088	26892	0	1	ok
F	5295	f5293	45	370	3327	511	30	4238	29	26	6	0	0	0	0	19088	26892	0	1	ok
F	5296	f5294	45	311	3206	521	30	4068	29	26	6	0	0	0	0	19088	26892	0	1	ok
F	5297	f5295	45	441	3347	500	31	4319	29	26	6	0	0	0	0	19088	26892	0	1	ok
F	5298	f5296	45	491	3547	501	30	4569	29	26	6	0	0	0	0	19088	26892	0	1	ok
F	5299	f5297	45	321	3326	511	20	4178	29	26	6	0	0	0	0	19088	26892	0	1	ok
F	5300	f5298	45	310	3617	501	30	4458	29	26	6	0	0	0	0	19088	26892	0	1	ok
F	5301	f5299	45	500	3687	501	30	4718	29	26	6	0	0	0	0	19088	26892	0	1	ok
F	5302	f5300	45	391	3426	501	30	4348	29	26	6	0	0	0	0	19088	26892	0	1	ok
F	5303	f5301	45	310	3457	501	30	4298	29	26	6	0	0	0	0	19088	26892	0	1	ok
F	5304	f5302	45	311	3737	511	30	4589	29	26	6	0	0	0	0	19088	26892	0	1	ok
F	5305	f5303	45	541	3597	511	30	4679	29	26	6	0	0	0	0	19088	26892	0	1	ok
F	5306	f5304	45	310	3477	501	30	4318	29	26	6	0	0	0	0	19088	26892	0	1	ok
F	5307	f5305	45	411	3767	501	30	4709	29	26	6	0	0	0	0	19088	26892	0	1	ok
F	5308	f5306	45	431	4779	501	40	5751	29	26	6	0	0	0	0	19088	26892	0	1	ok
F	5309	f5307	45	401	4388	501	30	5320	29	26	6	0	0	0	0	19088	26892	0	1	ok
F	5310	f5308	45	380	3757	501	30	4668	29	26	6	0	0	0	0	19088	26892	0	1	ok
F	5311	f5309	45	611	3968	511	30	5120	29	26	6	0	0	0	0	19088	26892	0	1	ok
F	5312	f5310	45	421	3867	491	30	4809	29	26	6	0	0	0	0	19088	26892	0	1	ok
F	5313	f5311	45	411	3316	511	30	4268	29	26	6	0	0	0	0	19088	26892	0	1	ok
F	5314	f5312	45	411	3496	501	30	4438	29	26	6	0	0	0	0	19088	26892	0	1	ok
F	5315	f5313	45	92623	3667	541	20	96851	29	26	6	0	0	0	0	19088	26892	0	1	ok
F	5316	f5314	45	350	3347	501	30	4228	29	26	6	0	0	0	0	19088	26892	0	1	ok
F	5317	f5315	45	381	3226	501	30	4138	29	26	6	0	0	0	0	19088	26892	0	1	ok
F	5318	f5316	45	572	3426	511	30	4539	29	26	6	0	0	0	0	19088	26892	0	1	ok
F	5319	f5317	45	400	3567	501	30	4498	29	26	6	0	0	0	0	19088	26892	0	1	ok
F	5320	f5318	45	551	3456	501	20	4528	29	26	6	0	0	0	0	19088	26892	0	1	ok
F	5321	f5319	45	501	3617	511	20	4649	29	26	6	0	0	0	0	19088	26892	0	1	ok
F	5322	f5320	45	591	3667	501	30	4789	29	26	6	0	0	0	0	19088	26892	0	1	ok
F	5323	f5321	45	511	3416	511	30	4468	29	26	6	0	0	0	0	19088	26892	0	1	ok
F	5324	f5322	45	601	3747	511	20	4879	29	26	6	0	0	0	0	19088	26892	0	1	ok
F	5325	f5323	45	621	3326	501	30	4478	29	26	6	0	0	0	0	19088	26892	0	1	ok
F	5326	f5324	45	521	3556	501	30	4608	29	26	6	0	0	0	0	19088	26892	0	1	ok
F	5327	f5325	45	330	3437	501	30	4298	29	26	6	0	0	0	0	19088	26892	0	1	ok
F	5328	f5326	45	321	3707	501	30	4559	29	26	6	0	0	0	0	19088	26892	0	1	ok
F	5329	f5327	45	551	3536	521	30	4638	29	26	6	0	0	0	0	19088	26892	0	1	ok
F	5330	f5328	45	320	3747	511	30	4608	29	26	6	0	0	0	0	19088	26892	0	1	ok
F	5331	f5329	45	311	3616	491	30	4448	29	26	6	0	0	0	0	19088	26892	0	1	ok
F	5332	f5330	45	421	3406	511	20	4358	29	26	6	0	0	0	0	19088	26892	0	1	ok
F	5333	f5331	45	471	3586	491	30	4578	29	26	6	0	0	0	0	19088	26892	0	1	ok
F	5334	f5332	45	541	3156	501	30	4228	29	26	6	0	0	0	0	19088	26892	0	1	ok
F	5335	f5333	45	381	3306	501	30	4218	29	26	6	0	0	0	0	19088	26892	0	1	ok
F	5336	f5334	45	421	3436	511	30	4398	29	26	6	0	0	0	0	19088	26892	0	1	ok
F	5337	f5335	45	380	3166	501	30	4077	29	26	6	0	0	0	0	19088	26892	0	1	ok
F	5338	f5336	45	310	3347	501	30	4188	29	26	6	0	0	0	0	19088	26892	0	1	ok
F	5339	f5337	45	431	3487	500	31	4449	29	26	6	0	0	0	0	19088	26892	0	1	ok
F	5340	f5338	45	301	3576	501	30	4408	29	26	6	0	0	0	0	19088	26892	0	1	ok
F	5341	f5339	45	381	3666	501	30	4578	29	26	6	0	0	0	0	19088	26892	0	1	ok
F	5342	f5340	45	591	3557	501	30	4679	29	26	6	0	0	0	0	19088	26892	0	1	ok
F	5343	f5341	45	371	3587	501	30	4489	29	26	6	0	0	0	0	19088	26892	0	1	ok
F	5344	f5342	45	301	3476	501	30	4308	29	26	6	0	0	0	0	19088	26892	0	1	ok
F	5345	f5343	45	381	3456	501	30	4368	29	26	6	0	0	0	0	19088	26892	0	1	ok
F	5346	f5344	45	421	3506	501	30	4458	29	26	6	0	0	0	0	19088	26892	0	1	ok
F	5347	f5345	45	380	3627	501	30	4538	29	26	6	0	0	0	0	19088	26892	0	1	ok
F	5348	f5346	45	310	3477	501	30	4318	29	26	6	0	0	0	0	19088	26892	0	1	ok
F	5349	f5347	45	410	3637	491	30	4568	29	26	6	0	0	0	0	19088	26892	0	1	ok
F	5350	f5348	45	461	3236	490	31	4218	29	26	6	0	0	0	0	19088	26892	0	1	ok
F	5351	f5349	45	371	3436	511	30	4348	29	26	6	0	0	0	0	19088	26892	0	1	ok
F	5352	f5350	45	310	3437	501	30	4278	29	26	6	0	0	0	0	19088	26892	0	1	ok
F	5353	f5351	45	541	3397	501	30	4469	29	26	6	0	0	0	0	19088	26892	0	1	ok
F	5354	f5352	45	331	3436	501	30	4298	29	26	6	0	0	0	0	19088	26892	0	1	ok
F	5355	f5353	45	311	3546	501	30	4388	29	26	6	0	0	0	0	19088	26892	0	1	ok
F	5356	f5354	45	431	3616	501	20	4568	29	26	6	0	0	0	0	19088	26892	0	1	ok
F	5357	f5355	45	310	3757	491	30	4588	29	26	6	0	0	0	0	19088	26892	0	1	ok
F	5358	f5356	45	391	3516	511	30	4448	29	26	6	0	0	0	0	19088	26892	0	1	ok
F	5359	f5357	45	321	3927	511	20	4779	29	26	6	0	0	0	0	19088	26892	0	1	ok
F	5360	f5358	45	501	3327	501	30	4359	29	26	6	0	0	0	0	19088	26892	0	1	ok
F	5361	f5359	45	301	3496	501	30	4328	29	26	6	0	0	0	0	19088	26892	0	1	ok
F	5362	f5360	45	311	3496	511	30	4348	29	26	6	0	0	0	0	19088	26892	0	1	ok
F	5363	f5361	45	421	3526	501	30	4478	29	26	6	0	0	0	0	19088	26892	0	1	ok
F	5364	f5362	45	310	3226	511	30	4077	29	26	6	0	0	0	0	19088	26892	0	1	ok
F	5365	f5363	45	321	3406	501	30	4258	29	26	6	0	0	0	0	19088	26892	0	1	ok
F	5366	f5364	45	572	3226	501	30	4329	29	26	6	0	0	0	0	19088	26892	0	1	ok
F	5367	f5365	45	381	3486	491	40	4398	29	26	6	0	0	0	0	19088	26892	0	1	ok
F	5368	f5366	45	311	3676	561	31	4579	29	26	6	0	0	0	0	19088	26892	0	1	ok
F	5369	f5367	45	531	3396	501	30	4458	29	26	6	0	0	0	0	19088	26892	0	1	ok
F	5370	f5368	45	491	3607	491	30	4619	29	26	6	0	0	0	0	19088	26892	0	1	ok
F	5371	f5369	45	381	3266	501	30	4178	29	26	6	0	0	0	0	19088	26892	0	1	ok
F	5372	f5370	45	300	3317	501	30	4148	29	26	6	0	0	0	0	19088	26892	0	1	ok
F	5373	f5371	45	421	3276	511	20	4228	29	26	6	0	0	0	0	19088	26892	0	1	ok
F	5374	f5372	45	410	3928	521	30	4889	29	26	6	0	0	0	0	19088	26892	0	1	ok
F	5375	f5373	45	391	3467	511	30	4399	29	26	6	0	0	0	0	19088	26892	0	1	ok
F	5376	f5374	45	321	3436	501	30	4288	29	26	6	0	0	0	0	19088	26892	0	1	ok
F	5377	f5375	45	431	3576	501	30	4538	29	26	6	0	0	0	0	19088	26892	0	1	ok
F	5378	f5376	45	300	3126	501	30	3957	29	26	6	0	0	0	0	19088	26892	0	1	ok
F	5379	f5377	45	310	4038	501	30	4879	29	26	6	0	0	0	0	19088	26892	0	1	ok
F	5380	f5378	45	421	3456	501	30	4408	29	26	6	0	0	0	0	19088	26892	0	1	ok
F	5381	f5379	45	381	3597	500	30	4508	29	26	6	0	0	0	0	19088	26892	0	1	ok
F	5382	f5380	45	461	3386	501	30	4378	29	26	6	0	0	0	0	19088	26892	0	1	ok
F	5383	f5381	45	431	3667	500	31	4629	29	26	6	0	0	0	0	19088	26892	0	1	ok
F	5384	f5382	45	491	3206	501	30	4228	29	26	6	0	0	0	0	19088	26892	0	1	ok
F	5385	f5383	45	531	3576	491	30	4628	29	26	6	0	0	0	0	19088	26892	0	1	ok
F	5386	f5384	45	401	3316	711	30	4458	29	26	6	0	0	0	0	19088	26892	0	1	ok
F	5387	f5385	45	501	3446	511	30	4488	29	26	6	0	0	0	0	19088	26892	0	1	ok
F	5388	f5386	45	320	3577	501	30	4428	29	26	6	0	0	0	0	19088	26892	0	1	ok
F	5389	f5387	45	310	3366	501	30	4207	29	26	6	0	0	0	0	19088	26892	0	1	ok
F	5390	f5388	45	361	3636	501	30	4528	29	26	6	0	0	0	0	19088	26892	0	1	ok
F	5391	f5389	45	311	3266	511	30	4118	29	26	6	0	0	0	0	19088	26892	0	1	ok
F	5392	f5390	45	441	3457	501	30	4429	29	26	6	0	0	0	0	19088	26892	0	1	ok
F	5393	f5391	45	441	3707	501	30	4679	29	26	6	0	0	0	0	19088	26892	0	1	ok
F	5394	f5392	45	531	3897	501	30	4959	29	26	6	0	0	0	0	19088	26892	0	1	ok
F	5395	f5393	45	320	3376	501	30	4227	29	26	6	0	0	0	0	19088	26892	0	1	ok
F	5396	f5394	45	311	3646	501	30	4488	29	26	6	0	0	0	0	19088	26892	0	1	ok
F	5397	f5395	45	481	3597	501	30	4609	29	26	6	0	0	0	0	19088	26892	0	1	ok
F	5398	f5396	45	381	3537	510	31	4459	29	26	6	0	0	0	0	19088	26892	0	1	ok
F	5399	f5397	45	381	3236	491	30	4138	29	26	6	0	0	0	0	19088	26892	0	1	ok
F	5400	f5398	45	311	3276	501	30	4118	29	26	6	0	0	0	0	19088	26892	0	1	ok
F	5401	f5399	45	551	3607	500	31	4689	29	26	6	0	0	0	0	19088	26892	0	1	ok
F	5402	f5400	45	381	3276	561	30	4248	29	26	6	0	0	0	0	19088	26892	0	1	ok
F	5403	f5401	45	310	3417	501	20	4248	29	26	6	0	0	0	0	19088	26892	0	1	ok
F	5404	f5402	45	421	3216	501	30	4168	29	26	6	0	0	0	0	19088	26892	0	1	ok
F	5405	f5403	45	310	3647	501	30	4488	29	26	6	0	0	0	0	19088	26892	0	1	ok
F	5406	f5404	45	310	3557	501	30	4398	29	26	6	0	0	0	0	19088	26892	0	1	ok
F	5407	f5405	45	311	3356	501	30	4198	29	26	6	0	0	0	0	19088	26892	0	1	ok
F	5408	f5406	45	431	3586	521	30	4568	29	26	6	0	0	0	0	19088	26892	0	1	ok
F	5409	f5407	45	311	3576	501	30	4418	29	26	6	0	0	0	0	19088	26892	0	1	ok
F	5410	f5408	45	381	3516	501	30	4428	29	26	6	0	0	0	0	19088	26892	0	1	ok
F	5411	f5409	45	421	3406	501	30	4358	29	26	6	0	0	0	0	19088	26892	0	1	ok
F	5412	f5410	45	321	3346	501	30	4198	29	26	6	0	0	0	0	19088	26892	0	1	ok
F	5413	f5411	45	320	3196	501	30	4047	29	26	6	0	0	0	0	19088	26892	0	1	ok
F	5414	f5412	45	421	3526	501	30	4478	29	26	6	0	0	0	0	19088	26892	0	1	ok
F	5415	f5413	45	491	3506	501	30	4528	29	26	6	0	0	0	0	19088	26892	0	1	ok
F	5416	f5414	45	321	3566	511	30	4428	29	26	6	0	0	0	0	19088	26892	0	1	ok
F	5417	f5415	45	381	3556	501	30	4468	29	26	6	0	0	0	0	19088	26892	0	1	ok
F	5418	f5416	45	551	3446	501	30	4528	29	26	6	0	0	0	0	19088	26892	0	1	ok
F	5419	f5417	45	371	3396	501	30	4298	29	26	6	0	0	0	0	19088	26892	0	1	ok
F	5420	f5418	45	310	3376	501	20	4207	29	26	6	0	0	0	0	19088	26892	0	1	ok
F	5421	f5419	45	491	3436	511	30	4468	29	26	6	0	0	0	0	19088	26892	0	1	ok
F	5422	f5420	45	311	3426	501	30	4268	29	26	6	0	0	0	0	19088	26892	0	1	ok
F	5423	f5421	45	480	3357	501	30	4368	29	26	6	0	0	0	0	19088	26892	0	1	ok
F	5424	f5422	45	381	3316	511	20	4228	29	26	6	0	0	0	0	19088	26892	0	1	ok
F	5425	f5423	45	74399	3937	561	31	78928	29	26	6	0	0	0	0	19088	26892	0	1	ok
F	5426	f5424	45	411	3306	501	30	4248	29	26	6	0	0	0	0	19088	26892	0	1	ok
F	5427	f5425	45	380	3327	511	30	4248	29	26	6	0	0	0	0	19088	26892	0	1	ok
F	5428	f5426	45	481	3877	501	30	4889	29	26	6	0	0	0	0	19088	26892	0	1	ok
F	5429	f5427	45	311	3366	491	30	4198	29	26	6	0	0	0	0	19088	26892	0	1	ok
F	5430	f5428	45	381	3557	511	20	4469	29	26	6	0	0	0	0	19088	26892	0	1	ok
F	5431	f5429	45	461	3437	501	30	4429	29	26	6	0	0	0	0	19088	26892	0	1	ok
F	5432	f5430	45	581	3326	501	20	4428	29	26	6	0	0	0	0	19088	26892	0	1	ok
F	5433	f5431	45	401	3286	501	30	4218	29	26	6	0	0	0	0	19088	26892	0	1	ok
F	5434	f5432	45	310	3397	501	20	4228	29	26	6	0	0	0	0	19088	26892	0	1	ok
F	5435	f5433	45	471	3436	501	30	4438	29	26	6	0	0	0	0	19088	26892	0	1	ok
F	5436	f5434	45	370	3256	501	20	4147	29	26	6	0	0	0	0	19088	26892	0	1	ok
F	5437	f5435	45	391	3316	511	30	4248	29	26	6	0	0	0	0	19088	26892	0	1	ok
F	5438	f5436	45	461	3407	521	20	4409	29	26	6	0	0	0	0	19088	26892	0	1	ok
F	5439	f5437	45	571	3457	501	30	4559	29	26	6	0	0	0	0	19088	26892	0	1	ok
F	5440	f5438	45	311	3236	501	30	4078	29	26	6	0	0	0	0	19088	26892	0	1	ok
F	5441	f5439	45	440	3487	501	30	4458	29	26	6	0	0	0	0	19088	26892	0	1	ok
F	5442	f5440	45	430	3337	500	31	4298	29	26	6	0	0	0	0	19088	26892	0	1	ok
F	5443	f5441	45	371	3777	501	30	4679	29	26	6	0	0	0	0	19088	26892	0	1	ok
F	5444	f5442	45	331	3497	501	30	4359	29	26	6	0	0	0	0	19088	26892	0	1	ok
F	5445	f5443	45	421	3587	501	30	4539	29	26	6	0	0	0	0	19088	26892	0	1	ok
F	5446	f5444	45	391	3687	491	30	4599	29	26	6	0	0	0	0	19088	26892	0	1	ok
F	5447	f5445	45	381	3627	501	30	4539	29	26	6	0	0	0	0	19088	26892	0	1	ok
F	5448	f5446	45	301	3487	500	21	4309	29	26	6	0	0	0	0	19088	26892	0	1	ok
F	5449	f5447	45	431	3386	491	30	4338	29	26	6	0	0	0	0	19088	26892	0	1	ok
F	5450	f5448	45	301	3296	511	20	4128	29	26	6	0	0	0	0	19088	26892	0	1	ok
F	5451	f5449	45	381	3456	501	30	4368	29	26	6	0	0	0	0	19088	26892	0	1	ok
F	5452	f5450	45	421	3426	501	30	4378	29	26	6	0	0	0	0	19088	26892	0	1	ok
F	5453	f5451	45	360	3116	511	30	4017	29	26	6	0	0	0	0	19088	26892	0	1	ok
F	5454	f5452	45	401	3135	501	30	4067	29	26	6	0	0	0	0	19088	26892	0	1	ok
F	5455	f5453	45	301	3506	511	30	4348	29	26	6	0	0	0	0	19088	26892	0	1	ok
F	5456	f5454	45	431	3236	491	30	4188	29	26	6	0	0	0	0	19088	26892	0	1	ok
F	5457	f5455	45	381	3567	511	30	4489	29	26	6	0	0	0	0	19088	26892	0	1	ok
F	5458	f5456	45	321	3526	501	30	4378	29	26	6	0	0	0	0	19088	26892	0	1	ok
F	5459	f5457	45	421	3286	501	30	4238	29	26	6	0	0	0	0	19088	26892	0	1	ok
F	5460	f5458	45	311	3577	501	30	4419	29	26	6	0	0	0	0	19088	26892	0	1	ok
F	5461	f5459	45	321	3236	501	30	4088	29	26	6	0	0	0	0	19088	26892	0	1	ok
F	5462	f5460	45	470	3587	501	30	4588	29	26	6	0	0	0	0	19088	26892	0	1	ok
F	5463	f5461	45	501	3346	501	30	4378	29	26	6	0	0	0	0	19088	26892	0	1	ok
F	5464	f5462	45	311	3386	501	30	4228	29	26	6	0	0	0	0	19088	26892	0	1	ok
F	5465	f5463	45	321	3446	501	30	4298	29	26	6	0	0	0	0	19088	26892	0	1	ok
F	5466	f5464	45	420	3617	491	30	4558	29	26	6	0	0	0	0	19088	26892	0	1	ok
F	5467	f5465	45	421	3777	511	30	4739	29	26	6	0	0	0	0	19088	26892	0	1	ok
F	5468	f5466	45	311	3627	491	30	4459	29	26	6	0	0	0	0	19088	26892	0	1	ok
F	5469	f5467	45	481	3406	511	20	4418	29	26	6	0	0	0	0	19088	26892	0	1	ok
F	5470	f5468	45	411	3366	501	30	4308	29	26	6	0	0	0	0	19088	26892	0	1	ok
F	5471	f5469	45	370	3848	500	31	4749	29	26	6	0	0	0	0	19088	26892	0	1	ok
F	5472	f5470	45	431	3346	501	30	4308	29	26	6	0	0	0	0	19088	26892	0	1	ok
F	5473	f5471	45	591	3536	511	30	4668	29	26	6	0	0	0	0	19088	26892	0	1	ok
F	5474	f5472	45	321	3456	501	30	4308	29	26	6	0	0	0	0	19088	26892	0	1	ok
F	5475	f5473	45	390	3397	501	30	4318	29	26	6	0	0	0	0	19088	26892	0	1	ok
F	5476	f5474	45	421	3356	501	30	4308	29	26	6	0	0	0	0	19088	26892	0	1	ok
F	5477	f5475	45	421	3476	511	30	4438	29	26	6	0	0	0	0	19088	26892	0	1	ok
F	5478	f5476	45	451	3627	500	31	4609	29	26	6	0	0	0	0	19088	26892	0	1	ok
F	5479	f5477	45	311	3566	501	30	4408	29	26	6	0	0	0	0	19088	26892	0	1	ok
F	5480	f5478	45	431	3306	501	20	4258	29	26	6	0	0	0	0	19088	26892	0	1	ok
F	5481	f5479	45	310	3256	501	30	4097	29	26	6	0	0	0	0	19088	26892	0	1	ok
F	5482	f5480	45	391	3556	511	30	4488	29	26	6	0	0	0	0	19088	26892	0	1	ok
F	5483	f5481	45	421	3456	511	30	4418	29	26	6	0	0	0	0	19088	26892	0	1	ok
F	5484	f5482	45	310	3377	501	30	4218	29	26	6	0	0	0	0	19088	26892	0	1	ok
F	5485	f5483	45	371	3567	510	31	4479	29	26	6	0	0	0	0	19088	26892	0	1	ok
F	5486	f5484	45	381	3286	501	30	4198	29	26	6	0	0	0	0	19088	26892	0	1	ok
F	5487	f5485	45	480	3567	501	30	4578	29	26	6	0	0	0	0	19088	26892	0	1	ok
F	5488	f5486	45	300	3086	511	20	3917	29	26	6	0	0	0	0	19088	26892	0	1	ok
F	5489	f5487	45	370	3286	501	30	4187	29	26	6	0	0	0	0	19088	26892	0	1	ok
F	5490	f5488	45	491	3787	501	30	4809	29	26	6	0	0	0	0	19088	26892	0	1	ok
F	5491	f5489	45	310	3407	500	31	4248	29	26	6	0	0	0	0	19088	26892	0	1	ok
F	5492	f5490	45	300	3517	501	30	4348	29	26	6	0	0	0	0	19088	26892	0	1	ok
F	5493	f5491	45	311	3456	511	20	4298	29	26	6	0	0	0	0	19088	26892	0	1	ok
F	5494	f5492	45	391	3496	501	20	4408	29	26	6	0	0	0	0	19088	26892	0	1	ok
F	5495	f5493	45	310	3156	501	30	3997	29	26	6	0	0	0	0	19088	26892	0	1	ok
F	5496	f5494	45	290	3327	501	30	4148	29	26	6	0	0	0	0	19088	26892	0	1	ok
F	5497	f5495	45	591	3337	511	30	4469	29	26	6	0	0	0	0	19088	26892	0	1	ok
F	5498	f5496	45	461	3276	501	30	4268	29	26	6	0	0	0	0	19088	26892	0	1	ok
F	5499	f5497	45	401	3396	501	30	4328	29	26	6	0	0	0	0	19088	26892	0	1	ok
F	5500	f5498	45	430	3898	501	30	4859	29	26	6	0	0	0	0	19088	26892	0	1	ok
F	5501	f5499	45	371	3276	501	30	4178	29	26	6	0	0	0	0	19088	26892	0	1	ok
F	5502	f5500	45	300	3316	501	30	4147	29	26	6	0	0	0	0	19088	26892	0	1	ok
F	5503	f5501	45	321	3366	501	30	4218	29	26	6	0	0	0	0	19088	26892	0	1	ok
F	5504	f5502	45	481	3537	501	20	4539	29	26	6	0	0	0	0	19088	26892	0	1	ok
F	5505	f5503	45	371	3236	511	30	4148	29	26	6	0	0	0	0	19088	26892	0	1	ok
F	5506	f5504	45	451	3286	511	30	4278	29	26	6	0	0	0	0	19088	26892	0	1	ok
F	5507	f5505	45	421	3457	521	30	4429	29	26	6	0	0	0	0	19088	26892	0	1	ok
F	5508	f5506	45	311	3376	501	30	4218	29	26	6	0	0	0	0	19088	26892	0	1	ok
F	5509	f5507	45	320	3427	501	30	4278	29	26	6	0	0	0	0	19088	26892	0	1	ok
F	5510	f5508	45	381	3697	511	30	4619	29	26	6	0	0	0	0	19088	26892	0	1	ok
F	5511	f5509	45	430	3467	501	30	4428	29	26	6	0	0	0	0	19088	26892	0	1	ok
F	5512	f5510	45	311	3156	501	30	3998	29	26	6	0	0	0	0	19088	26892	0	1	ok
F	5513	f5511	45	371	3407	511	30	4319	29	26	6	0	0	0	0	19088	26892	0	1	ok
F	5514	f5512	45	501	3226	501	40	4268	29	26	6	0	0	0	0	19088	26892	0	1	ok
F	5515	f5513	45	380	3487	501	30	4398	29	26	6	0	0	0	0	19088	26892	0	1	ok
F	5516	f5514	45	380	3477	501	30	4388	29	26	6	0	0	0	0	19088	26892	0	1	ok
F	5517	f5515	45	381	3647	501	30	4559	29	26	6	0	0	0	0	19088	26892	0	1	ok
F	5518	f5516	45	421	3377	500	31	4329	29	26	6	0	0	0	0	19088	26892	0	1	ok
F	5519	f5517	45	311	3667	500	21	4499	29	26	6	0	0	0	0	19088	26892	0	1	ok
F	5520	f5518	45	311	3246	501	30	4088	29	26	6	0	0	0	0	19088	26892	0	1	ok
F	5521	f5519	45	421	3587	501	30	4539	29	26	6	0	0	0	0	19088	26892	0	1	ok
F	5522	f5520	45	390	3497	501	30	4418	29	26	6	0	0	0	0	19088	26892	0	1	ok
F	5523	f5521	45	311	3376	501	30	4218	29	26	6	0	0	0	0	19088	26892	0	1	ok
F	5524	f5522	45	411	3476	501	30	4418	29	26	6	0	0	0	0	19088	26892	0	1	ok
F	5525	f5523	45	320	3567	491	30	4408	29	26	6	0	0	0	0	19088	26892	0	1	ok
F	5526	f5524	45	431	3627	511	30	4599	29	26	6	0	0	0	0	19088	26892	0	1	ok
F	5527	f5525	45	310	3497	501	30	4338	29	26	6	0	0	0	0	19088	26892	0	1	ok
F	5528	f5526	45	431	3376	501	30	4338	29	26	6	0	0	0	0	19088	26892	0	1	ok
F	5529	f5527	45	371	3356	511	30	4268	29	26	6	0	0	0	0	19088	26892	0	1	ok
F	5530	f5528	45	390	3527	521	20	4458	29	26	6	0	0	0	0	19088	26892	0	1	ok
F	5531	f5529	45	430	3507	511	20	4468	29	26	6	0	0	0	0	19088	26892	0	1	ok
F	5532	f5530	45	300	3426	491	30	4247	29	26	6	0	0	0	0	19088	26892	0	1	ok
F	5533	f5531	45	381	3366	501	30	4278	29	26	6	0	0	0	0	19088	26892	0	1	ok
F	5534	f5532	45	310	3397	501	30	4238	29	26	6	0	0	0	0	19088	26892	0	1	ok
F	5535	f5533	45	134863	3436	501	30	138830	29	26	6	0	0	0	0	19088	26892	0	1	ok
F	5536	f5534	45	320	3807	501	30	4658	29	26	6	0	0	0	0	19088	26892	0	1	ok
F	5537	f5535	45	501	4418	511	30	5460	29	26	6	0	0	0	0	19088	26892	0	1	ok
F	5538	f5536	45	561	3597	501	30	4689	29	26	6	0	0	0	0	19088	26892	0	1	ok
F	5539	f5537	45	321	3857	501	30	4709	29	26	6	0	0	0	0	19088	26892	0	1	ok
F	5540	f5538	45	320	3527	511	20	4378	29	26	6	0	0	0	0	19088	26892	0	1	ok
F	5541	f5539	45	440	3948	501	30	4919	29	26	6	0	0	0	0	19088	26892	0	1	ok
F	5542	f5540	45	1082	3607	501	30	5220	29	26	6	0	0	0	0	19088	26892	0	1	ok
F	5543	f5541	45	411	3476	501	30	4418	29	26	6	0	0	0	0	19088	26892	0	1	ok
F	5544	f5542	45	491	3827	521	30	4869	29	26	6	0	0	0	0	19088	26892	0	1	ok
F	5545	f5543	45	652	3576	511	30	4769	29	26	6	0	0	0	0	19088	26892	0	1	ok
F	5546	f5544	45	1002	7083	641	30	8756	29	26	6	0	0	0	0	19088	26892	0	1	ok
F	5547	f5545	45	591	4369	510	31	5501	29	26	6	0	0	0	0	19088	26892	0	1	ok
F	5548	f5546	45	601	3998	511	30	5140	29	26	6	0	0	0	0	19088	26892	0	1	ok
F	5549	f5547	45	411	4037	501	30	4979	29	26	6	0	0	0	0	19088	26892	0	1	ok
F	5550	f5548	45	842	3737	511	30	5120	29	26	6	0	0	0	0	19088	26892	0	1	ok
F	5551	f5549	45	521	3627	501	30	4679	29	26	6	0	0	0	0	19088	26892	0	1	ok
F	5552	f5550	45	671	3236	501	30	4438	29	26	6	0	0	0	0	19088	26892	0	1	ok
F	5553	f5551	45	781	3697	501	30	5009	29	26	6	0	0	0	0	19088	26892	0	1	ok
F	5554	f5552	45	471	3486	491	30	4478	29	26	6	0	0	0	0	19088	26892	0	1	ok
F	5555	f5553	45	551	3567	500	20	4638	29	26	6	0	0	0	0	19088	26892	0	1	ok
F	5556	f5554	45	381	3787	561	30	4759	29	26	6	0	0	0	0	19088	26892	0	1	ok
F	5557	f5555	45	521	3787	511	30	4849	29	26	6	0	0	0	0	19088	26892	0	1	ok
F	5558	f5556	45	631	3557	561	30	4779	29	26	6	0	0	0	0	19088	26892	0	1	ok
F	5559	f5557	45	891	3347	500	31	4769	29	26	6	0	0	0	0	19088	26892	0	1	ok
F	5560	f5558	45	421	3216	501	30	4168	29	26	6	0	0	0	0	19088	26892	0	1	ok
F	5561	f5559	45	561	3316	501	30	4408	29	26	6	0	0	0	0	19088	26892	0	1	ok
F	5562	f5560	45	691	3567	501	30	4789	29	26	6	0	0	0	0	19088	26892	0	1	ok
F	5563	f5561	45	571	3787	501	30	4889	29	26	6	0	0	0	0	19088	26892	0	1	ok
F	5564	f5562	45	441	3536	501	30	4508	29	26	6	0	0	0	0	19088	26892	0	1	ok
F	5565	f5563	45	511	3396	501	30	4438	29	26	6	0	0	0	0	19088	26892	0	1	ok
F	5566	f5564	45	631	3517	500	31	4679	29	26	6	0	0	0	0	19088	26892	0	1	ok
F	5567	f5565	45	511	3316	511	30	4368	29	26	6	0	0	0	0	19088	26892	0	1	ok
F	5568	f5566	45	491	3717	491	30	4729	29	26	6	0	0	0	0	19088	26892	0	1	ok
F	5569	f5567	45	691	3556	501	30	4778	29	26	6	0	0	0	0	19088	26892	0	1	ok
F	5570	f5568	45	611	3407	500	31	4549	29	26	6	0	0	0	0	19088	26892	0	1	ok
F	5571	f5569	45	731	3487	501	30	4749	29	26	6	0	0	0	0	19088	26892	0	1	ok
F	5572	f5570	45	751	3366	501	30	4648	29	26	6	0	0	0	0	19088	26892	0	1	ok
F	5573	f5571	45	481	3647	491	30	4649	29	26	6	0	0	0	0	19088	26892	0	1	ok
F	5574	f5572	45	671	3477	501	30	4679	29	26	6	0	0	0	0	19088	26892	0	1	ok
F	5575	f5573	45	762	3577	501	30	4870	29	26	6	0	0	0	0	19088	26892	0	1	ok
F	5576	f5574	45	641	3176	501	30	4348	29	26	6	0	0	0	0	19088	26892	0	1	ok
F	5577	f5575	45	812	3666	501	30	5009	29	26	6	0	0	0	0	19088	26892	0	1	ok
F	5578	f5576	45	691	3186	501	30	4408	29	26	6	0	0	0	0	19088	26892	0	1	ok
F	5579	f5577	45	601	3527	500	31	4659	29	26	6	0	0	0	0	19088	26892	0	1	ok
F	5580	f5578	45	391	3647	491	30	4559	29	26	6	0	0	0	0	19088	26892	0	1	ok
F	5581	f5579	45	541	3587	501	30	4659	29	26	6	0	0	0	0	19088	26892	0	1	ok
F	5582	f5580	45	521	3386	501	30	4438	29	26	6	0	0	0	0	19088	26892	0	1	ok
F	5583	f5581	45	802	3136	501	30	4469	29	26	6	0	0	0	0	19088	26892	0	1	ok
F	5584	f5582	45	451	3477	491	30	4449	29	26	6	0	0	0	0	19088	26892	0	1	ok
F	5585	f5583	45	862	3617	501	30	5010	29	26	6	0	0	0	0	19088	26892	0	1	ok
F	5586	f5584	45	652	3596	501	30	4779	29	26	6	0	0	0	0	19088	26892	0	1	ok
F	5587	f5585	45	541	3476	491	30	4538	29	26	6	0	0	0	0	19088	26892	0	1	ok
F	5588	f5586	45	391	3817	501	30	4739	29	26	6	0	0	0	0	19088	26892	0	1	ok
F	5589	f5587	45	561	3287	501	30	4379	29	26	6	0	0	0	0	19088	26892	0	1	ok
F	5590	f5588	45	892	3837	501	30	5260	29	26	6	0	0	0	0	19088	26892	0	1	ok
F	5591	f5589	45	541	3556	501	30	4628	29	26	6	0	0	0	0	19088	26892	0	1	ok
F	5592	f5590	45	481	3657	501	30	4669	29	26	6	0	0	0	0	19088	26892	0	1	ok
F	5593	f5591	45	722	3476	501	30	4729	29	26	6	0	0	0	0	19088	26892	0	1	ok
F	5594	f5592	45	901	3647	511	30	5089	29	26	6	0	0	0	0	19088	26892	0	1	ok
F	5595	f5593	45	781	3777	501	30	5089	29	26	6	0	0	0	0	19088	26892	0	1	ok
F	5596	f5594	45	511	3787	501	30	4829	29	26	6	0	0	0	0	19088	26892	0	1	ok
F	5597	f5595	45	511	3456	501	30	4498	29	26	6	0	0	0	0	19088	26892	0	1	ok
F	5598	f5596	45	771	3717	501	30	5019	29	26	6	0	0	0	0	19088	26892	0	1	ok
F	5599	f5597	45	601	3566	491	30	4688	29	26	6	0	0	0	0	19088	26892	0	1	ok
F	5600	f5598	45	701	3477	501	30	4709	29	26	6	0	0	0	0	19088	26892	0	1	ok
F	5601	f5599	45	552	3326	501	30	4409	29	26	6	0	0	0	0	19088	26892	0	1	ok
F	5602	f5600	45	461	3797	501	30	4789	29	26	6	0	0	0	0	19088	26892	0	1	ok
F	5603	f5601	45	601	3396	501	30	4528	29	26	6	0	0	0	0	19088	26892	0	1	ok
F	5604	f5602	45	581	3437	561	30	4609	29	26	6	0	0	0	0	19088	26892	0	1	ok
F	5605	f5603	45	621	3837	501	20	4979	29	26	6	0	0	0	0	19088	26892	0	1	ok
F	5606	f5604	45	662	3676	501	30	4869	29	26	6	0	0	0	0	19088	26892	0	1	ok
F	5607	f5605	45	531	3346	501	30	4408	29	26	6	0	0	0	0	19088	26892	0	1	ok
F	5608	f5606	45	451	3587	501	30	4569	29	26	6	0	0	0	0	19088	26892	0	1	ok
F	5609	f5607	45	490	3487	501	30	4508	29	26	6	0	0	0	0	19088	26892	0	1	ok
F	5610	f5608	45	621	4188	501	30	5340	29	26	6	0	0	0	0	19088	26892	0	1	ok
F	5611	f5609	45	501	3616	501	30	4648	29	26	6	0	0	0	0	19088	26892	0	1	ok
F	5612	f5610	45	391	3587	501	30	4509	29	26	6	0	0	0	0	19088	26892	0	1	ok
F	5613	f5611	45	541	3687	501	30	4759	29	26	6	0	0	0	0	19088	26892	0	1	ok
F	5614	f5612	45	631	3647	511	30	4819	29	26	6	0	0	0	0	19088	26892	0	1	ok
F	5615	f5613	45	481	3617	501	30	4629	29	26	6	0	0	0	0	19088	26892	0	1	ok
F	5616	f5614	45	381	3477	501	30	4389	29	26	6	0	0	0	0	19088	26892	0	1	ok
F	5617	f5615	45	732	3256	501	30	4519	29	26	6	0	0	0	0	19088	26892	0	1	ok
F	5618	f5616	45	381	3587	501	30	4499	29	26	6	0	0	0	0	19088	26892	0	1	ok
F	5619	f5617	45	571	3477	501	30	4579	29	26	6	0	0	0	0	19088	26892	0	1	ok
F	5620	f5618	45	390	3407	511	30	4338	29	26	6	0	0	0	0	19088	26892	0	1	ok
F	5621	f5619	45	491	3427	511	30	4459	29	26	6	0	0	0	0	19088	26892	0	1	ok
F	5622	f5620	45	481	3497	521	30	4529	29	26	6	0	0	0	0	19088	26892	0	1	ok
F	5623	f5621	45	311	3186	501	30	4028	29	26	6	0	0	0	0	19088	26892	0	1	ok
F	5624	f5622	45	511	3417	501	30	4459	29	26	6	0	0	0	0	19088	26892	0	1	ok
F	5625	f5623	45	371	3517	490	31	4409	29	26	6	0	0	0	0	19088	26892	0	1	ok
F	5626	f5624	45	371	3316	501	30	4218	29	26	6	0	0	0	0	19088	26892	0	1	ok
F	5627	f5625	45	470	3176	511	20	4177	29	26	6	0	0	0	0	19088	26892	0	1	ok
F	5628	f5626	45	311	3666	501	30	4508	29	26	6	0	0	0	0	19088	26892	0	1	ok
F	5629	f5627	45	391	3376	501	30	4298	29	26	6	0	0	0	0	19088	26892	0	1	ok
F	5630	f5628	45	450	3447	511	20	4428	29	26	6	0	0	0	0	19088	26892	0	1	ok
F	5631	f5629	45	440	3557	501	30	4528	29	26	6	0	0	0	0	19088	26892	0	1	ok
F	5632	f5630	45	370	3186	501	30	4087	29	26	6	0	0	0	0	19088	26892	0	1	ok
F	5633	f5631	45	451	3386	501	30	4368	29	26	6	0	0	0	0	19088	26892	0	1	ok
F	5634	f5632	45	421	3376	501	30	4328	29	26	6	0	0	0	0	19088	26892	0	1	ok
F	5635	f5633	45	421	3426	501	30	4378	29	26	6	0	0	0	0	19088	26892	0	1	ok
F	5636	f5634	45	321	3437	500	31	4289	29	26	6	0	0	0	0	19088	26892	0	1	ok
F	5637	f5635	45	381	3246	511	30	4168	29	26	6	0	0	0	0	19088	26892	0	1	ok
F	5638	f5636	45	431	3577	511	30	4549	29	26	6	0	0	0	0	19088	26892	0	1	ok
F	5639	f5637	45	310	3266	511	30	4117	29	26	6	0	0	0	0	19088	26892	0	1	ok
F	5640	f5638	45	361	3276	501	30	4168	29	26	6	0	0	0	0	19088	26892	0	1	ok
F	5641	f5639	45	481	3276	501	30	4288	29	26	6	0	0	0	0	19088	26892	0	1	ok
F	5642	f5640	45	360	3657	511	30	4558	29	26	6	0	0	0	0	19088	26892	0	1	ok
F	5643	f5641	45	341	3416	501	30	4288	29	26	6	0	0	0	0	19088	26892	0	1	ok
F	5644	f5642	45	421	3597	501	30	4549	29	26	6	0	0	0	0	19088	26892	0	1	ok
F	5645	f5643	45	79498	4128	581	30	84237	29	26	6	0	0	0	0	19088	26892	0	1	ok
F	5646	f5644	45	331	3436	501	30	4298	29	26	6	0	0	0	0	19088	26892	0	1	ok
F	5647	f5645	45	310	3326	501	30	4167	29	26	6	0	0	0	0	19088	26892	0	1	ok
F	5648	f5646	45	491	3386	501	20	4398	29	26	6	0	0	0	0	19088	26892	0	1	ok
F	5649	f5647	45	461	3276	501	30	4268	29	26	6	0	0	0	0	19088	26892	0	1	ok
F	5650	f5648	45	460	3397	501	30	4388	29	26	6	0	0	0	0	19088	26892	0	1	ok
F	5651	f5649	45	511	3477	501	30	4519	29	26	6	0	0	0	0	19088	26892	0	1	ok
F	5652	f5650	45	301	3667	501	30	4499	29	26	6	0	0	0	0	19088	26892	0	1	ok
F	5653	f5651	45	381	3527	511	30	4449	29	26	6	0	0	0	0	19088	26892	0	1	ok
F	5654	f5652	45	301	3617	501	30	4449	29	26	6	0	0	0	0	19088	26892	0	1	ok
F	5655	f5653	45	421	3507	521	30	4479	29	26	6	0	0	0	0	19088	26892	0	1	ok
F	5656	f5654	45	301	3516	511	30	4358	29	26	6	0	0	0	0	19088	26892	0	1	ok
F	5657	f5655	45	441	3697	501	30	4669	29	26	6	0	0	0	0	19088	26892	0	1	ok
F	5658	f5656	45	501	3376	511	30	4418	29	26	6	0	0	0	0	19088	26892	0	1	ok
F	5659	f5657	45	311	3476	501	20	4308	29	26	6	0	0	0	0	19088	26892	0	1	ok
F	5660	f5658	45	310	3336	501	20	4167	29	26	6	0	0	0	0	19088	26892	0	1	ok
F	5661	f5659	45	521	3416	501	20	4458	29	26	6	0	0	0	0	19088	26892	0	1	ok
F	5662	f5660	45	491	3397	511	20	4419	29	26	6	0	0	0	0	19088	26892	0	1	ok
F	5663	f5661	45	511	3316	511	30	4368	29	26	6	0	0	0	0	19088	26892	0	1	ok
F	5664	f5662	45	441	3667	551	30	4689	29	26	6	0	0	0	0	19088	26892	0	1	ok
F	5665	f5663	45	672	3747	501	30	4950	29	26	6	0	0	0	0	19088	26892	0	1	ok
F	5666	f5664	45	551	3847	501	30	4929	29	26	6	0	0	0	0	19088	26892	0	1	ok
F	5667	f5665	45	471	3146	501	30	4148	29	26	6	0	0	0	0	19088	26892	0	1	ok
F	5668	f5666	45	301	3426	491	30	4248	29	26	6	0	0	0	0	19088	26892	0	1	ok
F	5669	f5667	45	421	3496	501	30	4448	29	26	6	0	0	0	0	19088	26892	0	1	ok
F	5670	f5668	45	381	3426	501	30	4338	29	26	6	0	0	0	0	19088	26892	0	1	ok
F	5671	f5669	45	370	3447	501	30	4348	29	26	6	0	0	0	0	19088	26892	0	1	ok
F	5672	f5670	45	421	3607	501	20	4549	29	26	6	0	0	0	0	19088	26892	0	1	ok
F	5673	f5671	45	311	3446	501	30	4288	29	26	6	0	0	0	0	19088	26892	0	1	ok
F	5674	f5672	45	321	3626	501	30	4478	29	26	6	0	0	0	0	19088	26892	0	1	ok
F	5675	f5673	45	501	3346	491	30	4368	29	26	6	0	0	0	0	19088	26892	0	1	ok
F	5676	f5674	45	320	3377	501	30	4228	29	26	6	0	0	0	0	19088	26892	0	1	ok
F	5677	f5675	45	371	3677	501	30	4579	29	26	6	0	0	0	0	19088	26892	0	1	ok
F	5678	f5676	45	411	3527	501	30	4469	29	26	6	0	0	0	0	19088	26892	0	1	ok
F	5679	f5677	45	591	3377	501	30	4499	29	26	6	0	0	0	0	19088	26892	0	1	ok
F	5680	f5678	45	311	3396	501	30	4238	29	26	6	0	0	0	0	19088	26892	0	1	ok
F	5681	f5679	45	381	3416	501	30	4328	29	26	6	0	0	0	0	19088	26892	0	1	ok
F	5682	f5680	45	481	3367	511	30	4389	29	26	6	0	0	0	0	19088	26892	0	1	ok
F	5683	f5681	45	421	3356	501	30	4308	29	26	6	0	0	0	0	19088	26892	0	1	ok
F	5684	f5682	45	381	3516	501	30	4428	29	26	6	0	0	0	0	19088	26892	0	1	ok
F	5685	f5683	45	310	3547	501	30	4388	29	26	6	0	0	0	0	19088	26892	0	1	ok
F	5686	f5684	45	581	3336	501	30	4448	29	26	6	0	0	0	0	19088	26892	0	1	ok
F	5687	f5685	45	311	3497	491	30	4329	29	26	6	0	0	0	0	19088	26892	0	1	ok
F	5688	f5686	45	301	3466	501	30	4298	29	26	6	0	0	0	0	19088	26892	0	1	ok
F	5689	f5687	45	501	3236	511	20	4268	29	26	6	0	0	0	0	19088	26892	0	1	ok
F	5690	f5688	45	301	3346	511	30	4188	29	26	6	0	0	0	0	19088	26892	0	1	ok
F	5691	f5689	45	320	3577	511	30	4438	29	26	6	0	0	0	0	19088	26892	0	1	ok
F	5692	f5690	45	320	3206	511	30	4067	29	26	6	0	0	0	0	19088	26892	0	1	ok
F	5693	f5691	45	711	3507	501	30	4749	29	26	6	0	0	0	0	19088	26892	0	1	ok
F	5694	f5692	45	361	3527	501	30	4419	29	26	6	0	0	0	0	19088	26892	0	1	ok
F	5695	f5693	45	311	3346	501	30	4188	29	26	6	0	0	0	0	19088	26892	0	1	ok
F	5696	f5694	45	481	3616	501	30	4628	29	26	6	0	0	0	0	19088	26892	0	1	ok
F	5697	f5695	45	371	3426	501	30	4328	29	26	6	0	0	0	0	19088	26892	0	1	ok
F	5698	f5696	45	320	3366	511	30	4227	29	26	6	0	0	0	0	19088	26892	0	1	ok
F	5699	f5697	45	301	3486	501	30	4318	29	26	6	0	0	0	0	19088	26892	0	1	ok
F	5700	f5698	45	330	3186	501	30	4047	29	26	6	0	0	0	0	19088	26892	0	1	ok
F	5701	f5699	45	371	3576	501	30	4478	29	26	6	0	0	0	0	19088	26892	0	1	ok
F	5702	f5700	45	401	3386	501	30	4318	29	26	6	0	0	0	0	19088	26892	0	1	ok
F	5703	f5701	45	421	3757	501	30	4709	29	26	6	0	0	0	0	19088	26892	0	1	ok
F	5704	f5702	45	300	3327	501	30	4158	29	26	6	0	0	0	0	19088	26892	0	1	ok
F	5705	f5703	45	441	3537	501	30	4509	29	26	6	0	0	0	0	19088	26892	0	1	ok
F	5706	f5704	45	431	3507	501	20	4459	29	26	6	0	0	0	0	19088	26892	0	1	ok
F	5707	f5705	45	351	3627	491	30	4499	29	26	6	0	0	0	0	19088	26892	0	1	ok
F	5708	f5706	45	341	3276	491	30	4138	29	26	6	0	0	0	0	19088	26892	0	1	ok
F	5709	f5707	45	380	3357	501	30	4268	29	26	6	0	0	0	0	19088	26892	0	1	ok
F	5710	f5708	45	601	3377	501	30	4509	29	26	6	0	0	0	0	19088	26892	0	1	ok
F	5711	f5709	45	391	3196	501	30	4118	29	26	6	0	0	0	0	19088	26892	0	1	ok
F	5712	f5710	45	320	3386	511	30	4247	29	26	6	0	0	0	0	19088	26892	0	1	ok
F	5713	f5711	45	551	3306	491	30	4378	29	26	6	0	0	0	0	19088	26892	0	1	ok
F	5714	f5712	45	300	3397	501	30	4228	29	26	6	0	0	0	0	19088	26892	0	1	ok
F	5715	f5713	45	381	3146	501	30	4058	29	26	6	0	0	0	0	19088	26892	0	1	ok
F	5716	f5714	45	301	3226	511	30	4068	29	26	6	0	0	0	0	19088	26892	0	1	ok
F	5717	f5715	45	410	3637	501	40	4588	29	26	6	0	0	0	0	19088	26892	0	1	ok
F	5718	f5716	45	461	3496	501	30	4488	29	26	6	0	0	0	0	19088	26892	0	1	ok
F	5719	f5717	45	441	3607	491	30	4569	29	26	6	0	0	0	0	19088	26892	0	1	ok
F	5720	f5718	45	430	3307	521	30	4288	29	26	6	0	0	0	0	19088	26892	0	1	ok
F	5721	f5719	45	311	3346	501	30	4188	29	26	6	0	0	0	0	19088	26892	0	1	ok
F	5722	f5720	45	410	3156	501	30	4097	29	26	6	0	0	0	0	19088	26892	0	1	ok
F	5723	f5721	45	371	3707	490	31	4599	29	26	6	0	0	0	0	19088	26892	0	1	ok
F	5724	f5722	45	661	3747	501	30	4939	29	26	6	0	0	0	0	19088	26892	0	1	ok
F	5725	f5723	45	471	3857	521	20	4869	29	26	6	0	0	0	0	19088	26892	0	1	ok
F	5726	f5724	45	511	3526	501	30	4568	29	26	6	0	0	0	0	19088	26892	0	1	ok
F	5727	f5725	45	521	3827	501	30	4879	29	26	6	0	0	0	0	19088	26892	0	1	ok
F	5728	f5726	45	470	3357	501	30	4358	29	26	6	0	0	0	0	19088	26892	0	1	ok
F	5729	f5727	45	391	3366	511	20	4288	29	26	6	0	0	0	0	19088	26892	0	1	ok
F	5730	f5728	45	491	3857	501	20	4869	29	26	6	0	0	0	0	19088	26892	0	1	ok
F	5731	f5729	45	310	3376	501	30	4217	29	26	6	0	0	0	0	19088	26892	0	1	ok
F	5732	f5730	45	321	3286	511	30	4148	29	26	6	0	0	0	0	19088	26892	0	1	ok
F	5733	f5731	45	321	3507	500	31	4359	29	26	6	0	0	0	0	19088	26892	0	1	ok
F	5734	f5732	45	561	3387	500	30	4478	29	26	6	0	0	0	0	19088	26892	0	1	ok
F	5735	f5733	45	311	3246	501	30	4088	29	26	6	0	0	0	0	19088	26892	0	1	ok
F	5736	f5734	45	311	3857	501	30	4699	29	26	6	0	0	0	0	19088	26892	0	1	ok
F	5737	f5735	45	481	3236	511	30	4258	29	26	6	0	0	0	0	19088	26892	0	1	ok
F	5738	f5736	45	321	3627	501	30	4479	29	26	6	0	0	0	0	19088	26892	0	1	ok
F	5739	f5737	45	311	3106	511	20	3948	29	26	6	0	0	0	0	19088	26892	0	1	ok
F	5740	f5738	45	311	3546	501	30	4388	29	26	6	0	0	0	0	19088	26892	0	1	ok
F	5741	f5739	45	501	3296	501	30	4328	29	26	6	0	0	0	0	19088	26892	0	1	ok
F	5742	f5740	45	390	3407	551	30	4378	29	26	6	0	0	0	0	19088	26892	0	1	ok
F	5743	f5741	45	311	3236	501	20	4068	29	26	6	0	0	0	0	19088	26892	0	1	ok
F	5744	f5742	45	420	3477	501	30	4428	29	26	6	0	0	0	0	19088	26892	0	1	ok
F	5745	f5743	45	381	3296	501	30	4208	29	26	6	0	0	0	0	19088	26892	0	1	ok
F	5746	f5744	45	401	3436	501	30	4368	29	26	6	0	0	0	0	19088	26892	0	1	ok
F	5747	f5745	45	320	3537	501	30	4388	29	26	6	0	0	0	0	19088	26892	0	1	ok
F	5748	f5746	45	411	3306	501	30	4248	29	26	6	0	0	0	0	19088	26892	0	1	ok
F	5749	f5747	45	381	3466	501	20	4368	29	26	6	0	0	0	0	19088	26892	0	1	ok
F	5750	f5748	45	340	3156	501	30	4027	29	26	6	0	0	0	0	19088	26892	0	1	ok
F	5751	f5749	45	431	3286	501	30	4248	29	26	6	0	0	0	0	19088	26892	0	1	ok
F	5752	f5750	45	311	3627	501	30	4469	29	26	6	0	0	0	0	19088	26892	0	1	ok
F	5753	f5751	45	441	3266	501	30	4238	29	26	6	0	0	0	0	19088	26892	0	1	ok
F	5754	f5752	45	78126	4088	571	30	82815	29	26	6	0	0	0	0	19088	26892	0	1	ok
F	5755	f5753	45	350	3206	521	30	4107	29	26	6	0	0	0	0	19088	26892	0	1	ok
F	5756	f5754	45	461	3406	521	20	4408	29	26	6	0	0	0	0	19088	26892	0	1	ok
F	5757	f5755	45	391	3336	501	30	4258	29	26	6	0	0	0	0	19088	26892	0	1	ok
F	5758	f5756	45	591	3457	501	30	4579	29	26	6	0	0	0	0	19088	26892	0	1	ok
F	5759	f5757	45	531	3376	491	30	4428	29	26	6	0	0	0	0	19088	26892	0	1	ok
F	5760	f5758	45	451	3657	501	30	4639	29	26	6	0	0	0	0	19088	26892	0	1	ok
F	5761	f5759	45	581	3416	511	30	4538	29	26	6	0	0	0	0	19088	26892	0	1	ok
F	5762	f5760	45	851	4028	511	30	5420	29	26	6	0	0	0	0	19088	26892	0	1	ok
F	5763	f5761	45	470	3647	511	20	4648	29	26	6	0	0	0	0	19088	26892	0	1	ok
F	5764	f5762	45	370	3337	501	30	4238	29	26	6	0	0	0	0	19088	26892	0	1	ok
F	5765	f5763	45	561	3677	511	30	4779	29	26	6	0	0	0	0	19088	26892	0	1	ok
F	5766	f5764	45	711	3857	511	20	5099	29	26	6	0	0	0	0	19088	26892	0	1	ok
F	5767	f5765	45	501	3867	501	30	4899	29	26	6	0	0	0	0	19088	26892	0	1	ok
F	5768	f5766	45	491	3276	501	30	4298	29	26	6	0	0	0	0	19088	26892	0	1	ok
F	5769	f5767	45	441	3787	491	30	4749	29	26	6	0	0	0	0	19088	26892	0	1	ok
F	5770	f5768	45	371	3557	520	41	4489	29	26	6	0	0	0	0	19088	26892	0	1	ok
F	5771	f5769	45	451	3717	501	30	4699	29	26	6	0	0	0	0	19088	26892	0	1	ok
F	5772	f5770	45	431	3477	501	20	4429	29	26	6	0	0	0	0	19088	26892	0	1	ok
F	5773	f5771	45	371	3447	500	31	4349	29	26	6	0	0	0	0	19088	26892	0	1	ok
F	5774	f5772	45	321	3416	501	20	4258	29	26	6	0	0	0	0	19088	26892	0	1	ok
F	5775	f5773	45	491	3336	501	30	4358	29	26	6	0	0	0	0	19088	26892	0	1	ok
F	5776	f5774	45	300	3407	501	30	4238	29	26	6	0	0	0	0	19088	26892	0	1	ok
F	5777	f5775	45	531	3336	501	30	4398	29	26	6	0	0	0	0	19088	26892	0	1	ok
F	5778	f5776	45	571	3807	501	30	4909	29	26	6	0	0	0	0	19088	26892	0	1	ok
F	5779	f5777	45	461	3897	501	30	4889	29	26	6	0	0	0	0	19088	26892	0	1	ok
F	5780	f5778	45	461	3327	500	31	4319	29	26	6	0	0	0	0	19088	26892	0	1	ok
F	5781	f5779	45	461	3747	501	20	4729	29	26	6	0	0	0	0	19088	26892	0	1	ok
F	5782	f5780	45	691	3246	501	30	4468	29	26	6	0	0	0	0	19088	26892	0	1	ok
F	5783	f5781	45	301	3657	501	30	4489	29	26	6	0	0	0	0	19088	26892	0	1	ok
F	5784	f5782	45	311	3406	511	20	4248	29	26	6	0	0	0	0	19088	26892	0	1	ok
F	5785	f5783	45	591	3246	501	30	4368	29	26	6	0	0	0	0	19088	26892	0	1	ok
F	5786	f5784	45	511	3176	511	20	4218	29	26	6	0	0	0	0	19088	26892	0	1	ok
F	5787	f5785	45	381	3527	501	30	4439	29	26	6	0	0	0	0	19088	26892	0	1	ok
F	5788	f5786	45	311	3266	501	20	4098	29	26	6	0	0	0	0	19088	26892	0	1	ok
F	5789	f5787	45	430	3577	511	20	4538	29	26	6	0	0	0	0	19088	26892	0	1	ok
F	5790	f5788	45	310	3367	511	30	4218	29	26	6	0	0	0	0	19088	26892	0	1	ok
F	5791	f5789	45	321	3586	511	20	4438	29	26	6	0	0	0	0	19088	26892	0	1	ok
F	5792	f5790	45	491	3356	501	30	4378	29	26	6	0	0	0	0	19088	26892	0	1	ok
F	5793	f5791	45	320	3427	501	30	4278	29	26	6	0	0	0	0	19088	26892	0	1	ok
F	5794	f5792	45	311	3356	501	30	4198	29	26	6	0	0	0	0	19088	26892	0	1	ok
F	5795	f5793	45	320	3567	501	30	4418	29	26	6	0	0	0	0	19088	26892	0	1	ok
F	5796	f5794	45	531	3095	501	30	4157	29	26	6	0	0	0	0	19088	26892	0	1	ok
F	5797	f5795	45	371	3326	501	30	4228	29	26	6	0	0	0	0	19088	26892	0	1	ok
F	5798	f5796	45	380	3417	521	30	4348	29	26	6	0	0	0	0	19088	26892	0	1	ok
F	5799	f5797	45	431	3707	501	30	4669	29	26	6	0	0	0	0	19088	26892	0	1	ok
F	5800	f5798	45	310	3346	501	20	4177	29	26	6	0	0	0	0	19088	26892	0	1	ok
F	5801	f5799	45	451	3547	501	30	4529	29	26	6	0	0	0	0	19088	26892	0	1	ok
F	5802	f5800	45	321	3466	501	30	4318	29	26	6	0	0	0	0	19088	26892	0	1	ok
F	5803	f5801	45	310	3777	501	30	4618	29	26	6	0	0	0	0	19088	26892	0	1	ok
F	5804	f5802	45	321	3296	501	30	4148	29	26	6	0	0	0	0	19088	26892	0	1	ok
F	5805	f5803	45	361	3457	510	31	4359	29	26	6	0	0	0	0	19088	26892	0	1	ok
F	5806	f5804	45	491	3206	501	20	4218	29	26	6	0	0	0	0	19088	26892	0	1	ok
F	5807	f5805	45	300	3336	501	30	4167	29	26	6	0	0	0	0	19088	26892	0	1	ok
F	5808	f5806	45	371	3266	501	30	4168	29	26	6	0	0	0	0	19088	26892	0	1	ok
F	5809	f5807	45	491	3417	501	20	4429	29	26	6	0	0	0	0	19088	26892	0	1	ok
F	5810	f5808	45	381	3577	501	30	4489	29	26	6	0	0	0	0	19088	26892	0	1	ok
F	5811	f5809	45	321	3276	501	30	4128	29	26	6	0	0	0	0	19088	26892	0	1	ok
F	5812	f5810	45	310	3246	501	30	4087	29	26	6	0	0	0	0	19088	26892	0	1	ok
F	5813	f5811	45	441	3406	501	30	4378	29	26	6	0	0	0	0	19088	26892	0	1	ok
F	5814	f5812	45	481	3317	501	20	4319	29	26	6	0	0	0	0	19088	26892	0	1	ok
F	5815	f5813	45	321	3396	501	30	4248	29	26	6	0	0	0	0	19088	26892	0	1	ok
F	5816	f5814	45	430	3337	501	20	4288	29	26	6	0	0	0	0	19088	26892	0	1	ok
F	5817	f5815	45	371	3036	521	30	3958	29	26	6	0	0	0	0	19088	26892	0	1	ok
F	5818	f5816	45	311	3466	501	30	4308	29	26	6	0	0	0	0	19088	26892	0	1	ok
F	5819	f5817	45	311	3426	501	30	4268	29	26	6	0	0	0	0	19088	26892	0	1	ok
F	5820	f5818	45	471	3276	491	40	4278	29	26	6	0	0	0	0	19088	26892	0	1	ok
F	5821	f5819	45	391	3426	491	30	4338	29	26	6	0	0	0	0	19088	26892	0	1	ok
F	5822	f5820	45	411	3466	511	30	4418	29	26	6	0	0	0	0	19088	26892	0	1	ok
F	5823	f5821	45	431	3216	500	31	4178	29	26	6	0	0	0	0	19088	26892	0	1	ok
F	5824	f5822	45	311	3546	501	30	4388	29	26	6	0	0	0	0	19088	26892	0	1	ok
F	5825	f5823	45	461	3196	501	20	4178	29	26	6	0	0	0	0	19088	26892	0	1	ok
F	5826	f5824	45	311	3516	511	20	4358	29	26	6	0	0	0	0	19088	26892	0	1	ok
F	5827	f5825	45	421	3196	511	30	4158	29	26	6	0	0	0	0	19088	26892	0	1	ok
F	5828	f5826	45	311	3276	501	30	4118	29	26	6	0	0	0	0	19088	26892	0	1	ok
F	5829	f5827	45	310	3397	501	30	4238	29	26	6	0	0	0	0	19088	26892	0	1	ok
F	5830	f5828	45	561	3336	501	30	4428	29	26	6	0	0	0	0	19088	26892	0	1	ok
F	5831	f5829	45	311	3556	511	30	4408	29	26	6	0	0	0	0	19088	26892	0	1	ok
F	5832	f5830	45	320	3597	491	30	4438	29	26	6	0	0	0	0	19088	26892	0	1	ok
F	5833	f5831	45	461	3377	511	30	4379	29	26	6	0	0	0	0	19088	26892	0	1	ok
F	5834	f5832	45	311	3366	501	20	4198	29	26	6	0	0	0	0	19088	26892	0	1	ok
F	5835	f5833	45	310	3437	511	30	4288	29	26	6	0	0	0	0	19088	26892	0	1	ok
F	5836	f5834	45	391	3116	501	30	4038	29	26	6	0	0	0	0	19088	26892	0	1	ok
F	5837	f5835	45	521	3347	501	30	4399	29	26	6	0	0	0	0	19088	26892	0	1	ok
F	5838	f5836	45	381	3306	511	30	4228	29	26	6	0	0	0	0	19088	26892	0	1	ok
F	5839	f5837	45	521	3136	501	30	4188	29	26	6	0	0	0	0	19088	26892	0	1	ok
F	5840	f5838	45	491	3286	501	30	4308	29	26	6	0	0	0	0	19088	26892	0	1	ok
F	5841	f5839	45	390	3277	491	30	4188	29	26	6	0	0	0	0	19088	26892	0	1	ok
F	5842	f5840	45	301	3707	501	30	4539	29	26	6	0	0	0	0	19088	26892	0	1	ok
F	5843	f5841	45	381	3136	501	20	4038	29	26	6	0	0	0	0	19088	26892	0	1	ok
F	5844	f5842	45	431	3346	501	30	4308	29	26	6	0	0	0	0	19088	26892	0	1	ok
F	5845	f5843	45	371	3426	521	30	4348	29	26	6	0	0	0	0	19088	26892	0	1	ok
F	5846	f5844	45	390	3387	501	20	4298	29	26	6	0	0	0	0	19088	26892	0	1	ok
F	5847	f5845	45	431	3427	501	30	4389	29	26	6	0	0	0	0	19088	26892	0	1	ok
F	5848	f5846	45	311	3326	501	20	4158	29	26	6	0	0	0	0	19088	26892	0	1	ok
F	5849	f5847	45	400	3327	501	30	4258	29	26	6	0	0	0	0	19088	26892	0	1	ok
F	5850	f5848	45	301	3286	491	30	4108	29	26	6	0	0	0	0	19088	26892	0	1	ok
F	5851	f5849	45	411	3175	511	31	4128	29	26	6	0	0	0	0	19088	26892	0	1	ok
F	5852	f5850	45	311	3396	491	30	4228	29	26	6	0	0	0	0	19088	26892	0	1	ok
F	5853	f5851	45	370	3537	501	20	4428	29	26	6	0	0	0	0	19088	26892	0	1	ok
F	5854	f5852	45	491	3576	521	30	4618	29	26	6	0	0	0	0	19088	26892	0	1	ok
F	5855	f5853	45	310	3477	491	30	4308	29	26	6	0	0	0	0	19088	26892	0	1	ok
F	5856	f5854	45	311	3507	511	20	4349	29	26	6	0	0	0	0	19088	26892	0	1	ok
F	5857	f5855	45	541	3186	511	20	4258	29	26	6	0	0	0	0	19088	26892	0	1	ok
F	5858	f5856	45	300	3747	501	30	4578	29	26	6	0	0	0	0	19088	26892	0	1	ok
F	5859	f5857	45	310	3467	511	30	4318	29	26	6	0	0	0	0	19088	26892	0	1	ok
F	5860	f5858	45	320	3727	511	30	4588	29	26	6	0	0	0	0	19088	26892	0	1	ok
F	5861	f5859	45	431	3376	511	30	4348	29	26	6	0	0	0	0	19088	26892	0	1	ok
F	5862	f5860	45	541	3457	501	30	4529	29	26	6	0	0	0	0	19088	26892	0	1	ok
F	5863	f5861	45	311	3386	501	30	4228	29	26	6	0	0	0	0	19088	26892	0	1	ok
F	5864	f5862	45	76964	4258	581	40	81843	29	26	6	0	0	0	0	19088	26892	0	1	ok
F	5865	f5863	45	391	3356	501	30	4278	29	26	6	0	0	0	0	19088	26892	0	1	ok
F	5866	f5864	45	321	3627	511	20	4479	29	26	6	0	0	0	0	19088	26892	0	1	ok
F	5867	f5865	45	391	3547	501	30	4469	29	26	6	0	0	0	0	19088	26892	0	1	ok
F	5868	f5866	45	591	3537	561	30	4719	29	26	6	0	0	0	0	19088	26892	0	1	ok
F	5869	f5867	45	411	3516	501	30	4458	29	26	6	0	0	0	0	19088	26892	0	1	ok
F	5870	f5868	45	481	3326	501	30	4338	29	26	6	0	0	0	0	19088	26892	0	1	ok
F	5871	f5869	45	501	3567	501	30	4599	29	26	6	0	0	0	0	19088	26892	0	1	ok
F	5872	f5870	45	551	3646	511	30	4738	29	26	6	0	0	0	0	19088	26892	0	1	ok
F	5873	f5871	45	451	3326	501	40	4318	29	26	6	0	0	0	0	19088	26892	0	1	ok
F	5874	f5872	45	501	3456	501	30	4488	29	26	6	0	0	0	0	19088	26892	0	1	ok
F	5875	f5873	45	491	3286	501	30	4308	29	26	6	0	0	0	0	19088	26892	0	1	ok
F	5876	f5874	45	321	3477	501	30	4329	29	26	6	0	0	0	0	19088	26892	0	1	ok
F	5877	f5875	45	391	3366	501	30	4288	29	26	6	0	0	0	0	19088	26892	0	1	ok
F	5878	f5876	45	561	3427	500	31	4519	29	26	6	0	0	0	0	19088	26892	0	1	ok
F	5879	f5877	45	311	3446	501	30	4288	29	26	6	0	0	0	0	19088	26892	0	1	ok
F	5880	f5878	45	321	3767	501	30	4619	29	26	6	0	0	0	0	19088	26892	0	1	ok
F	5881	f5879	45	481	3336	501	30	4348	29	26	6	0	0	0	0	19088	26892	0	1	ok
F	5882	f5880	45	311	3356	511	30	4208	29	26	6	0	0	0	0	19088	26892	0	1	ok
F	5883	f5881	45	320	3056	501	30	3907	29	26	6	0	0	0	0	19088	26892	0	1	ok
F	5884	f5882	45	320	3898	501	30	4749	29	26	6	0	0	0	0	19088	26892	0	1	ok
F	5885	f5883	45	431	3617	501	30	4579	29	26	6	0	0	0	0	19088	26892	0	1	ok
F	5886	f5884	45	311	3456	491	30	4288	29	26	6	0	0	0	0	19088	26892	0	1	ok
F	5887	f5885	45	320	3347	511	20	4198	29	26	6	0	0	0	0	19088	26892	0	1	ok
F	5888	f5886	45	421	3757	501	30	4709	29	26	6	0	0	0	0	19088	26892	0	1	ok
F	5889	f5887	45	321	3286	501	30	4138	29	26	6	0	0	0	0	19088	26892	0	1	ok
F	5890	f5888	45	291	3286	501	30	4108	29	26	6	0	0	0	0	19088	26892	0	1	ok
F	5891	f5889	45	320	3727	501	30	4578	29	26	6	0	0	0	0	19088	26892	0	1	ok
F	5892	f5890	45	531	3707	501	20	4759	29	26	6	0	0	0	0	19088	26892	0	1	ok
F	5893	f5891	45	531	4168	501	20	5220	29	26	6	0	0	0	0	19088	26892	0	1	ok
F	5894	f5892	45	430	3587	501	20	4538	29	26	6	0	0	0	0	19088	26892	0	1	ok
F	5895	f5893	45	491	3737	501	30	4759	29	26	6	0	0	0	0	19088	26892	0	1	ok
F	5896	f5894	45	381	3386	511	30	4308	29	26	6	0	0	0	0	19088	26892	0	1	ok
F	5897	f5895	45	461	3566	501	30	4558	29	26	6	0	0	0	0	19088	26892	0	1	ok
F	5898	f5896	45	471	3406	501	30	4408	29	26	6	0	0	0	0	19088	26892	0	1	ok
F	5899	f5897	45	421	3416	511	20	4368	29	26	6	0	0	0	0	19088	26892	0	1	ok
F	5900	f5898	45	311	3366	501	30	4208	29	26	6	0	0	0	0	19088	26892	0	1	ok
F	5901	f5899	45	370	3817	491	30	4708	29	26	6	0	0	0	0	19088	26892	0	1	ok
F	5902	f5900	45	421	3276	501	30	4228	29	26	6	0	0	0	0	19088	26892	0	1	ok
F	5903	f5901	45	311	3426	501	30	4268	29	26	6	0	0	0	0	19088	26892	0	1	ok
F	5904	f5902	45	311	3506	501	30	4348	29	26	6	0	0	0	0	19088	26892	0	1	ok
F	5905	f5903	45	511	3236	501	30	4278	29	26	6	0	0	0	0	19088	26892	0	1	ok
F	5906	f5904	45	732	3977	501	30	5240	29	26	6	0	0	0	0	19088	26892	0	1	ok
F	5907	f5905	45	481	3456	511	30	4478	29	26	6	0	0	0	0	19088	26892	0	1	ok
F	5908	f5906	45	461	3336	501	30	4328	29	26	6	0	0	0	0	19088	26892	0	1	ok
F	5909	f5907	45	691	3697	521	30	4939	29	26	6	0	0	0	0	19088	26892	0	1	ok
F	5910	f5908	45	551	3126	501	30	4208	29	26	6	0	0	0	0	19088	26892	0	1	ok
F	5911	f5909	45	541	3607	501	30	4679	29	26	6	0	0	0	0	19088	26892	0	1	ok
F	5912	f5910	45	591	3307	500	31	4429	29	26	6	0	0	0	0	19088	26892	0	1	ok
F	5913	f5911	45	661	3377	501	30	4569	29	26	6	0	0	0	0	19088	26892	0	1	ok
F	5914	f5912	45	481	3236	511	30	4258	29	26	6	0	0	0	0	19088	26892	0	1	ok
F	5915	f5913	45	471	3536	501	30	4538	29	26	6	0	0	0	0	19088	26892	0	1	ok
F	5916	f5914	45	521	3707	581	30	4839	29	26	6	0	0	0	0	19088	26892	0	1	ok
F	5917	f5915	45	400	3597	501	30	4528	29	26	6	0	0	0	0	19088	26892	0	1	ok
F	5918	f5916	45	470	3758	500	31	4759	29	26	6	0	0	0	0	19088	26892	0	1	ok
F	5919	f5917	45	491	3446	501	30	4468	29	26	6	0	0	0	0	19088	26892	0	1	ok
F	5920	f5918	45	461	3527	631	30	4649	29	26	6	0	0	0	0	19088	26892	0	1	ok
F	5921	f5919	45	440	3397	511	20	4368	29	26	6	0	0	0	0	19088	26892	0	1	ok
F	5922	f5920	45	622	4258	500	31	5411	29	26	6	0	0	0	0	19088	26892	0	1	ok
F	5923	f5921	45	581	3447	511	30	4569	29	26	6	0	0	0	0	19088	26892	0	1	ok
F	5924	f5922	45	381	3276	501	30	4188	29	26	6	0	0	0	0	19088	26892	0	1	ok
F	5925	f5923	45	390	3246	501	30	4167	29	26	6	0	0	0	0	19088	26892	0	1	ok
F	5926	f5924	45	501	3276	501	30	4308	29	26	6	0	0	0	0	19088	26892	0	1	ok
F	5927	f5925	45	380	3627	511	30	4548	29	26	6	0	0	0	0	19088	26892	0	1	ok
F	5928	f5926	45	330	3307	501	20	4158	29	26	6	0	0	0	0	19088	26892	0	1	ok
F	5929	f5927	45	431	3416	501	30	4378	29	26	6	0	0	0	0	19088	26892	0	1	ok
F	5930	f5928	45	421	3566	501	30	4518	29	26	6	0	0	0	0	19088	26892	0	1	ok
F	5931	f5929	45	311	3877	511	30	4729	29	26	6	0	0	0	0	19088	26892	0	1	ok
F	5932	f5930	45	311	3296	501	30	4138	29	26	6	0	0	0	0	19088	26892	0	1	ok
F	5933	f5931	45	431	3666	501	20	4618	29	26	6	0	0	0	0	19088	26892	0	1	ok
F	5934	f5932	45	371	3316	501	30	4218	29	26	6	0	0	0	0	19088	26892	0	1	ok
F	5935	f5933	45	311	3466	501	30	4308	29	26	6	0	0	0	0	19088	26892	0	1	ok
F	5936	f5934	45	491	3537	501	30	4559	29	26	6	0	0	0	0	19088	26892	0	1	ok
F	5937	f5935	45	371	3557	501	30	4459	29	26	6	0	0	0	0	19088	26892	0	1	ok
F	5938	f5936	45	311	3747	491	30	4579	29	26	6	0	0	0	0	19088	26892	0	1	ok
F	5939	f5937	45	301	3416	501	30	4248	29	26	6	0	0	0	0	19088	26892	0	1	ok
F	5940	f5938	45	431	3146	491	30	4098	29	26	6	0	0	0	0	19088	26892	0	1	ok
F	5941	f5939	45	381	3336	501	20	4238	29	26	6	0	0	0	0	19088	26892	0	1	ok
F	5942	f5940	45	380	3267	500	31	4178	29	26	6	0	0	0	0	19088	26892	0	1	ok
F	5943	f5941	45	431	3376	501	30	4338	29	26	6	0	0	0	0	19088	26892	0	1	ok
F	5944	f5942	45	300	3397	491	30	4218	29	26	6	0	0	0	0	19088	26892	0	1	ok
F	5945	f5943	45	411	3126	501	20	4058	29	26	6	0	0	0	0	19088	26892	0	1	ok
F	5946	f5944	45	321	3396	501	30	4248	29	26	6	0	0	0	0	19088	26892	0	1	ok
F	5947	f5945	45	400	3567	501	30	4498	29	26	6	0	0	0	0	19088	26892	0	1	ok
F	5948	f5946	45	300	3326	511	30	4167	29	26	6	0	0	0	0	19088	26892	0	1	ok
F	5949	f5947	45	381	3346	501	30	4258	29	26	6	0	0	0	0	19088	26892	0	1	ok
F	5950	f5948	45	651	4118	510	31	5310	29	26	6	0	0	0	0	19088	26892	0	1	ok
F	5951	f5949	45	451	3607	491	30	4579	29	26	6	0	0	0	0	19088	26892	0	1	ok
F	5952	f5950	45	461	4729	501	20	5711	29	26	6	0	0	0	0	19088	26892	0	1	ok
F	5953	f5951	45	531	3717	511	30	4789	29	26	6	0	0	0	0	19088	26892	0	1	ok
F	5954	f5952	45	501	3877	511	20	4909	29	26	6	0	0	0	0	19088	26892	0	1	ok
F	5955	f5953	45	461	3536	501	30	4528	29	26	6	0	0	0	0	19088	26892	0	1	ok
F	5956	f5954	45	481	3617	501	30	4629	29	26	6	0	0	0	0	19088	26892	0	1	ok
F	5957	f5955	45	601	3808	511	20	4940	29	26	6	0	0	0	0	19088	26892	0	1	ok
F	5958	f5956	45	461	4058	501	30	5050	29	26	6	0	0	0	0	19088	26892	0	1	ok
F	5959	f5957	45	431	3737	501	30	4699	29	26	6	0	0	0	0	19088	26892	0	1	ok
F	5960	f5958	45	531	3436	511	30	4508	29	26	6	0	0	0	0	19088	26892	0	1	ok
F	5961	f5959	45	641	3707	501	30	4879	29	26	6	0	0	0	0	19088	26892	0	1	ok
F	5962	f5960	45	311	4218	511	20	5060	29	26	6	0	0	0	0	19088	26892	0	1	ok
F	5963	f5961	45	311	3476	501	30	4318	29	26	6	0	0	0	0	19088	26892	0	1	ok
F	5964	f5962	45	421	3596	501	30	4548	29	26	6	0	0	0	0	19088	26892	0	1	ok
F	5965	f5963	45	391	3206	501	30	4128	29	26	6	0	0	0	0	19088	26892	0	1	ok
F	5966	f5964	45	391	3356	501	30	4278	29	26	6	0	0	0	0	19088	26892	0	1	ok
F	5967	f5965	45	511	3226	521	30	4288	29	26	6	0	0	0	0	19088	26892	0	1	ok
F	5968	f5966	45	311	3226	501	30	4068	29	26	6	0	0	0	0	19088	26892	0	1	ok
F	5969	f5967	45	431	3566	491	30	4518	29	26	6	0	0	0	0	19088	26892	0	1	ok
F	5970	f5968	45	341	3546	501	30	4418	29	26	6	0	0	0	0	19088	26892	0	1	ok
F	5971	f5969	45	501	3166	501	30	4198	29	26	6	0	0	0	0	19088	26892	0	1	ok
F	5972	f5970	45	321	3296	491	30	4138	29	26	6	0	0	0	0	19088	26892	0	1	ok
F	5973	f5971	45	381	3296	511	30	4218	29	26	6	0	0	0	0	19088	26892	0	1	ok
F	5974	f5972	45	76934	4108	571	30	81643	29	26	6	0	0	0	0	19088	26892	0	1	ok
F	5975	f5973	45	431	3577	501	30	4539	29	26	6	0	0	0	0	19088	26892	0	1	ok
F	5976	f5974	45	380	3547	501	30	4458	29	26	6	0	0	0	0	19088	26892	0	1	ok
F	5977	f5975	45	531	3247	500	31	4309	29	26	6	0	0	0	0	19088	26892	0	1	ok
F	5978	f5976	45	641	3807	511	30	4989	29	26	6	0	0	0	0	19088	26892	0	1	ok
F	5979	f5977	45	471	3236	501	30	4238	29	26	6	0	0	0	0	19088	26892	0	1	ok
F	5980	f5978	45	390	3848	500	31	4769	29	26	6	0	0	0	0	19088	26892	0	1	ok
F	5981	f5979	45	581	3597	511	20	4709	29	26	6	0	0	0	0	19088	26892	0	1	ok
F	5982	f5980	45	531	3657	571	30	4789	29	26	6	0	0	0	0	19088	26892	0	1	ok
F	5983	f5981	45	471	3707	501	30	4709	29	26	6	0	0	0	0	19088	26892	0	1	ok
F	5984	f5982	45	531	3607	501	30	4669	29	26	6	0	0	0	0	19088	26892	0	1	ok
F	5985	f5983	45	541	3607	501	30	4679	29	26	6	0	0	0	0	19088	26892	0	1	ok
F	5986	f5984	45	552	3706	511	30	4799	29	26	6	0	0	0	0	19088	26892	0	1	ok
F	5987	f5985	45	471	3296	501	30	4298	29	26	6	0	0	0	0	19088	26892	0	1	ok
F	5988	f5986	45	511	3556	561	30	4658	29	26	6	0	0	0	0	19088	26892	0	1	ok
F	5989	f5987	45	391	3536	491	30	4448	29	26	6	0	0	0	0	19088	26892	0	1	ok
F	5990	f5988	45	310	3437	491	30	4268	29	26	6	0	0	0	0	19088	26892	0	1	ok
F	5991	f5989	45	491	3327	511	20	4349	29	26	6	0	0	0	0	19088	26892	0	1	ok
F	5992	f5990	45	311	3737	541	60	4649	29	26	6	0	0	0	0	19088	26892	0	1	ok
F	5993	f5991	45	481	3356	511	30	4378	29	26	6	0	0	0	0	19088	26892	0	1	ok
F	5994	f5992	45	391	3767	511	20	4689	29	26	6	0	0	0	0	19088	26892	0	1	ok
F	5995	f5993	45	481	3416	511	30	4438	29	26	6	0	0	0	0	19088	26892	0	1	ok
F	5996	f5994	45	310	3677	501	20	4508	29	26	6	0	0	0	0	19088	26892	0	1	ok
F	5997	f5995	45	310	3497	501	30	4338	29	26	6	0	0	0	0	19088	26892	0	1	ok
F	5998	f5996	45	421	3477	501	20	4419	29	26	6	0	0	0	0	19088	26892	0	1	ok
F	5999	f5997	45	371	3486	501	30	4388	29	26	6	0	0	0	0	19088	26892	0	1	ok
F	6000	f5998	45	311	3807	501	30	4649	29	26	6	0	0	0	0	19088	26892	0	1	ok
F	6001	f5999	45	381	3366	501	30	4278	29	26	6	0	0	0	0	19088	26892	0	1	ok
F	6002	accumulate	7	591	1142	822	20	2575	6	5	1	0	0	0	0	4928	9308	0	1	ok
F	6003	main	60020	231513	7201872	284252	310	7717947	30011	30009	1	0	0	0	0	20985080	27069852	0	1	ok
P	/home/david/531/inputs/many_small.c	43891313	2999345	40845621	46347	45580922	135518010	0	6030	6030	6002	6002	0	0	6002	6002	6004	6002	0	27069852
