round,pair,order,variant,job,wall_seconds,user_seconds,system_seconds,peak_rss_bytes,cycles,instructions,branches,branch_misses,cache_references,cache_misses,arena_calls,arena_bytes,output_bytes,source_bytes,source_lines,source_functions,output_sha256,minor_faults,major_faults,voluntary_context_switches,involuntary_context_switches
0,0,0,0,4,0.19848164500000001,0.16608099999999998,0.013290999999999999,428326912,NA,NA,NA,NA,NA,NA,NA,NA,5833440,1882629,26625,512,0f41e20848de6408cce7b1c5f57f0212c9401233ca75c7b6652c8ea62bfcd43f,1234,0,104,5
0,0,1,1,4,0.19796750100000002,0.15291299999999999,0.026029999999999998,428761088,NA,NA,NA,NA,NA,NA,NA,NA,5833440,1882629,26625,512,0f41e20848de6408cce7b1c5f57f0212c9401233ca75c7b6652c8ea62bfcd43f,797,0,117,4
0,0,0,1,0,0.018898023,0.0055649999999999996,0.002784,55717888,NA,NA,NA,NA,NA,NA,NA,NA,2408,135,5,1,3d4d37e7dcef36139698862d60d536450dfb480779ac0676046a82e065e8af0f,588,0,13,2
0,0,1,0,0,0.019269739000000001,0.0082830000000000004,0,55504896,NA,NA,NA,NA,NA,NA,NA,NA,2408,135,5,1,3d4d37e7dcef36139698862d60d536450dfb480779ac0676046a82e065e8af0f,585,0,11,3
0,0,0,1,3,0.059405797000000003,0.041645000000000001,0.0064149999999999997,179388416,NA,NA,NA,NA,NA,NA,NA,NA,1968568,2240463,32773,1,c491f4791a93a71124b9219b05e718490cf6bd1c68b1ec8fc6a6550e31f844b1,1128,0,47,4
0,0,1,0,3,0.060366949000000003,0.025958999999999999,0.022709,179339264,NA,NA,NA,NA,NA,NA,NA,NA,1968568,2240463,32773,1,c491f4791a93a71124b9219b05e718490cf6bd1c68b1ec8fc6a6550e31f844b1,1123,0,41,4
0,0,0,0,5,0.43506372500000001,0.362066,0.052671999999999997,1025843200,NA,NA,NA,NA,NA,NA,NA,NA,11457352,5690734,153602,512,388033e7552b3b3255277a47381a62d5067155e67b74e663ad0ac019ed72fc50,1140,0,146,7
0,0,1,1,5,0.44466625800000004,0.37880199999999997,0.036549999999999999,1025884160,NA,NA,NA,NA,NA,NA,NA,NA,11457352,5690734,153602,512,388033e7552b3b3255277a47381a62d5067155e67b74e663ad0ac019ed72fc50,1585,0,104,6
0,0,0,1,1,0.055926620000000003,0.044489000000000001,0,156901376,NA,NA,NA,NA,NA,NA,NA,NA,994016,407679,8197,1,76f10b65f44b546f736cef2848789238eb7a5f77ce08b564ccca55b5bdc08f36,636,0,30,5
0,0,1,0,1,0.055524074000000007,0.037277999999999999,0.006783,156585984,NA,NA,NA,NA,NA,NA,NA,NA,994016,407679,8197,1,76f10b65f44b546f736cef2848789238eb7a5f77ce08b564ccca55b5bdc08f36,1088,0,19,4
0,0,0,0,2,0.040464785000000003,0.022856999999999999,0.0065319999999999996,131239936,NA,NA,NA,NA,NA,NA,NA,NA,837856,318511,16385,4096,b4f737276339a7626b246c204b626e79f9d9ec0f1f160233a5aa1c27728af83f,1069,0,27,3
0,0,1,1,2,0.040753025000000005,0.022914999999999998,0.0065499999999999994,131600384,NA,NA,NA,NA,NA,NA,NA,NA,837856,318511,16385,4096,b4f737276339a7626b246c204b626e79f9d9ec0f1f160233a5aa1c27728af83f,628,0,20,5
0,1,0,0,3,0.060669667000000004,0.035009999999999999,0.014017999999999999,179482624,NA,NA,NA,NA,NA,NA,NA,NA,1968568,2240463,32773,1,c491f4791a93a71124b9219b05e718490cf6bd1c68b1ec8fc6a6550e31f844b1,1125,0,39,4
0,1,1,1,3,0.060156514000000001,0.045068999999999998,0.0034589999999999998,179023872,NA,NA,NA,NA,NA,NA,NA,NA,1968568,2240463,32773,1,c491f4791a93a71124b9219b05e718490cf6bd1c68b1ec8fc6a6550e31f844b1,1117,0,47,4
0,1,0,1,4,0.19085086700000001,0.14970999999999998,0.029949999999999997,428331008,NA,NA,NA,NA,NA,NA,NA,NA,5833440,1882629,26625,512,0f41e20848de6408cce7b1c5f57f0212c9401233ca75c7b6652c8ea62bfcd43f,1234,0,143,4
0,1,1,0,4,0.198410682,0.15967599999999998,0.019549,428650496,NA,NA,NA,NA,NA,NA,NA,NA,5833440,1882629,26625,512,0f41e20848de6408cce7b1c5f57f0212c9401233ca75c7b6652c8ea62bfcd43f,794,0,106,5
0,1,0,1,2,0.040891995,0.023819,0.0059419999999999994,131223552,NA,NA,NA,NA,NA,NA,NA,NA,837856,318511,16385,4096,b4f737276339a7626b246c204b626e79f9d9ec0f1f160233a5aa1c27728af83f,1069,0,30,4
0,1,1,0,2,0.040692541000000006,0.017843999999999999,0.011899999999999999,131059712,NA,NA,NA,NA,NA,NA,NA,NA,837856,318511,16385,4096,b4f737276339a7626b246c204b626e79f9d9ec0f1f160233a5aa1c27728af83f,1068,0,25,3
0,1,0,0,1,0.055818255000000004,0.044467,0,156262400,NA,NA,NA,NA,NA,NA,NA,NA,994016,407679,8197,1,76f10b65f44b546f736cef2848789238eb7a5f77ce08b564ccca55b5bdc08f36,1081,0,18,4
0,1,1,1,1,0.060528872000000004,0.037486999999999999,0.0068189999999999995,156717056,NA,NA,NA,NA,NA,NA,NA,NA,994016,407679,8197,1,76f10b65f44b546f736cef2848789238eb7a5f77ce08b564ccca55b5bdc08f36,640,0,26,3
0,1,0,0,0,0.019053073,0.0056699999999999997,0.0028409999999999998,55263232,NA,NA,NA,NA,NA,NA,NA,NA,2408,135,5,1,3d4d37e7dcef36139698862d60d536450dfb480779ac0676046a82e065e8af0f,1040,0,9,3
0,1,1,1,0,0.018509003,0.0079509999999999997,0,55197696,NA,NA,NA,NA,NA,NA,NA,NA,2408,135,5,1,3d4d37e7dcef36139698862d60d536450dfb480779ac0676046a82e065e8af0f,1027,0,10,3
0,1,0,1,5,0.441575247,0.39101399999999997,0.026946999999999999,1025802240,NA,NA,NA,NA,NA,NA,NA,NA,11457352,5690734,153602,512,388033e7552b3b3255277a47381a62d5067155e67b74e663ad0ac019ed72fc50,1582,0,283,8
0,1,1,0,5,0.43306687300000002,0.37236999999999998,0.040267999999999998,1025978368,NA,NA,NA,NA,NA,NA,NA,NA,11457352,5690734,153602,512,388033e7552b3b3255277a47381a62d5067155e67b74e663ad0ac019ed72fc50,1590,0,282,7
0,2,0,0,5,0.43346836600000005,0.35271999999999998,0.059894999999999997,1025642496,NA,NA,NA,NA,NA,NA,NA,NA,11457352,5690734,153602,512,388033e7552b3b3255277a47381a62d5067155e67b74e663ad0ac019ed72fc50,1584,0,271,7
0,2,1,1,5,0.45009279800000002,0.37159700000000001,0.049759999999999999,1025613824,NA,NA,NA,NA,NA,NA,NA,NA,11457352,5690734,153602,512,388033e7552b3b3255277a47381a62d5067155e67b74e663ad0ac019ed72fc50,1581,0,346,5
0,2,0,0,1,0.055882025000000002,0.040888999999999995,0.0034099999999999998,156516352,NA,NA,NA,NA,NA,NA,NA,NA,994016,407679,8197,1,76f10b65f44b546f736cef2848789238eb7a5f77ce08b564ccca55b5bdc08f36,1082,0,43,3
0,2,1,1,1,0.056018490000000004,0.03424,0.010263,156626944,NA,NA,NA,NA,NA,NA,NA,NA,994016,407679,8197,1,76f10b65f44b546f736cef2848789238eb7a5f77ce08b564ccca55b5bdc08f36,1084,0,32,4
0,2,0,0,3,0.059971107000000003,0.034469,0.013793,178995200,NA,NA,NA,NA,NA,NA,NA,NA,1968568,2240463,32773,1,c491f4791a93a71124b9219b05e718490cf6bd1c68b1ec8fc6a6550e31f844b1,1122,0,27,5
0,2,1,1,3,0.060335440000000004,0.034658000000000001,0.013866,179257344,NA,NA,NA,NA,NA,NA,NA,NA,1968568,2240463,32773,1,c491f4791a93a71124b9219b05e718490cf6bd1c68b1ec8fc6a6550e31f844b1,1143,0,31,5
0,2,0,1,2,0.041137847000000005,0.016423999999999998,0.013151999999999999,131235840,NA,NA,NA,NA,NA,NA,NA,NA,837856,318511,16385,4096,b4f737276339a7626b246c204b626e79f9d9ec0f1f160233a5aa1c27728af83f,1071,0,27,4
0,2,1,0,2,0.040678767000000005,0.029502999999999998,0,131330048,NA,NA,NA,NA,NA,NA,NA,NA,837856,318511,16385,4096,b4f737276339a7626b246c204b626e79f9d9ec0f1f160233a5aa1c27728af83f,626,0,27,3
0,2,0,1,4,0.19893721900000003,0.16292899999999999,0.016975000000000001,428691456,NA,NA,NA,NA,NA,NA,NA,NA,5833440,1882629,26625,512,0f41e20848de6408cce7b1c5f57f0212c9401233ca75c7b6652c8ea62bfcd43f,794,0,162,5
0,2,1,0,4,0.19830597800000002,0.15911,0.019872000000000001,428781568,NA,NA,NA,NA,NA,NA,NA,NA,5833440,1882629,26625,512,0f41e20848de6408cce7b1c5f57f0212c9401233ca75c7b6652c8ea62bfcd43f,797,0,187,4
0,2,0,0,0,0.019017405000000001,0.0083850000000000001,0,55164928,NA,NA,NA,NA,NA,NA,NA,NA,2408,135,5,1,3d4d37e7dcef36139698862d60d536450dfb480779ac0676046a82e065e8af0f,1028,0,12,3
0,2,1,1,0,0.018826338000000001,0.0040869999999999995,0.0040869999999999995,55394304,NA,NA,NA,NA,NA,NA,NA,NA,2408,135,5,1,3d4d37e7dcef36139698862d60d536450dfb480779ac0676046a82e065e8af0f,1028,0,13,4
0,3,0,1,0,0.018281076,0.005156,0.0025789999999999997,55156736,NA,NA,NA,NA,NA,NA,NA,NA,2408,135,5,1,3d4d37e7dcef36139698862d60d536450dfb480779ac0676046a82e065e8af0f,1023,0,10,3
0,3,1,0,0,0.018182031000000001,0.0038169999999999996,0.0038209999999999997,55291904,NA,NA,NA,NA,NA,NA,NA,NA,2408,135,5,1,3d4d37e7dcef36139698862d60d536450dfb480779ac0676046a82e065e8af0f,1025,0,11,4
0,3,0,0,2,0.040252809000000001,0.022654000000000001,0.006476,131162112,NA,NA,NA,NA,NA,NA,NA,NA,837856,318511,16385,4096,b4f737276339a7626b246c204b626e79f9d9ec0f1f160233a5aa1c27728af83f,1070,0,28,4
0,3,1,1,2,0.040738358000000002,0.02623,0.0032789999999999998,131276800,NA,NA,NA,NA,NA,NA,NA,NA,837856,318511,16385,4096,b4f737276339a7626b246c204b626e79f9d9ec0f1f160233a5aa1c27728af83f,1068,0,20,3
0,3,0,0,4,0.196906885,0.14754299999999998,0.030175999999999998,428703744,NA,NA,NA,NA,NA,NA,NA,NA,5833440,1882629,26625,512,0f41e20848de6408cce7b1c5f57f0212c9401233ca75c7b6652c8ea62bfcd43f,792,0,93,5
0,3,1,1,4,0.19781750100000001,0.17183299999999999,0.0067409999999999996,428331008,NA,NA,NA,NA,NA,NA,NA,NA,5833440,1882629,26625,512,0f41e20848de6408cce7b1c5f57f0212c9401233ca75c7b6652c8ea62bfcd43f,1234,0,125,8
0,3,0,1,1,0.056316118000000005,0.03832,0.0063899999999999998,156950528,NA,NA,NA,NA,NA,NA,NA,NA,994016,407679,8197,1,76f10b65f44b546f736cef2848789238eb7a5f77ce08b564ccca55b5bdc08f36,642,0,23,4
0,3,1,0,1,0.059176548000000002,0.036613,0.0073229999999999996,156602368,NA,NA,NA,NA,NA,NA,NA,NA,994016,407679,8197,1,76f10b65f44b546f736cef2848789238eb7a5f77ce08b564ccca55b5bdc08f36,635,0,24,3
0,3,0,1,3,0.060310072000000006,0.042366999999999995,0.0065209999999999999,179027968,NA,NA,NA,NA,NA,NA,NA,NA,1968568,2240463,32773,1,c491f4791a93a71124b9219b05e718490cf6bd1c68b1ec8fc6a6550e31f844b1,1120,0,35,2
0,3,1,0,3,0.059841814000000007,0.041474999999999998,0.006901,179466240,NA,NA,NA,NA,NA,NA,NA,NA,1968568,2240463,32773,1,c491f4791a93a71124b9219b05e718490cf6bd1c68b1ec8fc6a6550e31f844b1,679,0,33,4
0,3,0,1,5,0.43543429,0.38124199999999997,0.033750999999999996,1025548288,NA,NA,NA,NA,NA,NA,NA,NA,11457352,5690734,153602,512,388033e7552b3b3255277a47381a62d5067155e67b74e663ad0ac019ed72fc50,1594,0,292,6
0,3,1,0,5,0.43691956200000004,0.379521,0.036570999999999999,1025970176,NA,NA,NA,NA,NA,NA,NA,NA,11457352,5690734,153602,512,388033e7552b3b3255277a47381a62d5067155e67b74e663ad0ac019ed72fc50,1131,0,259,7
0,4,0,1,4,0.19927835800000002,0.15681399999999998,0.023351,428335104,NA,NA,NA,NA,NA,NA,NA,NA,5833440,1882629,26625,512,0f41e20848de6408cce7b1c5f57f0212c9401233ca75c7b6652c8ea62bfcd43f,1236,0,184,4
0,4,1,0,4,0.19770759500000001,0.16253599999999999,0.016236999999999998,428756992,NA,NA,NA,NA,NA,NA,NA,NA,5833440,1882629,26625,512,0f41e20848de6408cce7b1c5f57f0212c9401233ca75c7b6652c8ea62bfcd43f,794,0,173,3
0,4,0,1,1,0.056549315000000003,0.038900999999999998,0.0059879999999999994,156348416,NA,NA,NA,NA,NA,NA,NA,NA,994016,407679,8197,1,76f10b65f44b546f736cef2848789238eb7a5f77ce08b564ccca55b5bdc08f36,1078,0,31,4
0,4,1,0,1,0.055402447,0.037088999999999997,0.0067459999999999994,156532736,NA,NA,NA,NA,NA,NA,NA,NA,994016,407679,8197,1,76f10b65f44b546f736cef2848789238eb7a5f77ce08b564ccca55b5bdc08f36,638,0,21,3
0,4,0,1,3,0.060379803000000003,0.048780999999999998,0,179138560,NA,NA,NA,NA,NA,NA,NA,NA,1968568,2240463,32773,1,c491f4791a93a71124b9219b05e718490cf6bd1c68b1ec8fc6a6550e31f844b1,1120,0,40,4
0,4,1,0,3,0.060544592000000001,0.036941000000000002,0.01231,179478528,NA,NA,NA,NA,NA,NA,NA,NA,1968568,2240463,32773,1,c491f4791a93a71124b9219b05e718490cf6bd1c68b1ec8fc6a6550e31f844b1,1129,0,56,4
0,4,0,1,0,0.019171214000000002,0.0056679999999999994,0.0028339999999999997,55095296,NA,NA,NA,NA,NA,NA,NA,NA,2408,135,5,1,3d4d37e7dcef36139698862d60d536450dfb480779ac0676046a82e065e8af0f,1025,0,11,3
0,4,1,0,0,0.019189228000000003,0.0027259999999999997,0.0054599999999999996,55828480,NA,NA,NA,NA,NA,NA,NA,NA,2408,135,5,1,3d4d37e7dcef36139698862d60d536450dfb480779ac0676046a82e065e8af0f,590,0,10,3
0,4,0,1,5,0.43929464300000004,0.36990699999999999,0.050001999999999998,1025908736,NA,NA,NA,NA,NA,NA,NA,NA,11457352,5690734,153602,512,388033e7552b3b3255277a47381a62d5067155e67b74e663ad0ac019ed72fc50,1140,0,266,8
0,4,1,0,5,0.43465442800000004,0.363813,0.050071999999999998,1025728512,NA,NA,NA,NA,NA,NA,NA,NA,11457352,5690734,153602,512,388033e7552b3b3255277a47381a62d5067155e67b74e663ad0ac019ed72fc50,1583,0,249,5
0,4,0,1,2,0.040708382000000001,0.02571,0.0036769999999999997,131502080,NA,NA,NA,NA,NA,NA,NA,NA,837856,318511,16385,4096,b4f737276339a7626b246c204b626e79f9d9ec0f1f160233a5aa1c27728af83f,621,0,23,3
0,4,1,0,2,0.040807638,0.029659999999999999,0,130994176,NA,NA,NA,NA,NA,NA,NA,NA,837856,318511,16385,4096,b4f737276339a7626b246c204b626e79f9d9ec0f1f160233a5aa1c27728af83f,1068,0,18,3
0,5,0,0,2,0.040209417000000004,0.025940999999999999,0.003241,130932736,NA,NA,NA,NA,NA,NA,NA,NA,837856,318511,16385,4096,b4f737276339a7626b246c204b626e79f9d9ec0f1f160233a5aa1c27728af83f,1070,0,31,3
0,5,1,1,2,0.040742004000000005,0.025807999999999998,0.0036909999999999998,131133440,NA,NA,NA,NA,NA,NA,NA,NA,837856,318511,16385,4096,b4f737276339a7626b246c204b626e79f9d9ec0f1f160233a5aa1c27728af83f,1068,0,20,3
0,5,0,0,1,0.055426912000000002,0.037668,0.00628,156749824,NA,NA,NA,NA,NA,NA,NA,NA,994016,407679,8197,1,76f10b65f44b546f736cef2848789238eb7a5f77ce08b564ccca55b5bdc08f36,641,0,32,5
0,5,1,1,1,0.056507237000000002,0.037982999999999996,0.0069119999999999997,156454912,NA,NA,NA,NA,NA,NA,NA,NA,994016,407679,8197,1,76f10b65f44b546f736cef2848789238eb7a5f77ce08b564ccca55b5bdc08f36,1082,0,20,4
0,5,0,0,3,0.060335129000000001,0.038401999999999999,0.010461,179474432,NA,NA,NA,NA,NA,NA,NA,NA,1968568,2240463,32773,1,c491f4791a93a71124b9219b05e718490cf6bd1c68b1ec8fc6a6550e31f844b1,1126,0,29,4
0,5,1,1,3,0.059660014000000004,0.044573999999999996,0.0034259999999999998,179347456,NA,NA,NA,NA,NA,NA,NA,NA,1968568,2240463,32773,1,c491f4791a93a71124b9219b05e718490cf6bd1c68b1ec8fc6a6550e31f844b1,1162,0,35,5
0,5,0,0,0,0.018928520000000001,0.0084180000000000001,0,55201792,NA,NA,NA,NA,NA,NA,NA,NA,2408,135,5,1,3d4d37e7dcef36139698862d60d536450dfb480779ac0676046a82e065e8af0f,1026,0,12,2
0,5,1,1,0,0.019528894000000002,0.0083599999999999994,0,55304192,NA,NA,NA,NA,NA,NA,NA,NA,2408,135,5,1,3d4d37e7dcef36139698862d60d536450dfb480779ac0676046a82e065e8af0f,1026,0,10,3
0,5,0,0,5,0.43541601500000005,0.364734,0.049727,1025912832,NA,NA,NA,NA,NA,NA,NA,NA,11457352,5690734,153602,512,388033e7552b3b3255277a47381a62d5067155e67b74e663ad0ac019ed72fc50,1142,0,351,7
0,5,1,1,5,0.43613015400000005,0.34901199999999999,0.066476999999999994,1025560576,NA,NA,NA,NA,NA,NA,NA,NA,11457352,5690734,153602,512,388033e7552b3b3255277a47381a62d5067155e67b74e663ad0ac019ed72fc50,1579,0,331,8
0,5,0,0,4,0.19874693300000001,0.15640999999999999,0.023302,428466176,NA,NA,NA,NA,NA,NA,NA,NA,5833440,1882629,26625,512,0f41e20848de6408cce7b1c5f57f0212c9401233ca75c7b6652c8ea62bfcd43f,1238,0,205,4
0,5,1,1,4,0.19757803100000002,0.17204700000000001,0.0067489999999999998,428634112,NA,NA,NA,NA,NA,NA,NA,NA,5833440,1882629,26625,512,0f41e20848de6408cce7b1c5f57f0212c9401233ca75c7b6652c8ea62bfcd43f,793,0,132,4
0,6,0,0,1,0.061288053000000002,0.028676999999999998,0.015934999999999998,156307456,NA,NA,NA,NA,NA,NA,NA,NA,994016,407679,8197,1,76f10b65f44b546f736cef2848789238eb7a5f77ce08b564ccca55b5bdc08f36,1080,0,20,4
0,6,1,1,1,0.055785604000000003,0.031648999999999997,0.012664,156581888,NA,NA,NA,NA,NA,NA,NA,NA,994016,407679,8197,1,76f10b65f44b546f736cef2848789238eb7a5f77ce08b564ccca55b5bdc08f36,631,0,20,4
0,6,0,1,2,0.040810723,0.026239999999999999,0.0032819999999999998,131256320,NA,NA,NA,NA,NA,NA,NA,NA,837856,318511,16385,4096,b4f737276339a7626b246c204b626e79f9d9ec0f1f160233a5aa1c27728af83f,1072,0,26,2
0,6,1,0,2,0.040574280000000004,0.022883999999999998,0.0065389999999999997,131055616,NA,NA,NA,NA,NA,NA,NA,NA,837856,318511,16385,4096,b4f737276339a7626b246c204b626e79f9d9ec0f1f160233a5aa1c27728af83f,1068,0,26,3
0,6,0,0,4,0.19915769200000003,0.15058199999999999,0.029456,428564480,NA,NA,NA,NA,NA,NA,NA,NA,5833440,1882629,26625,512,0f41e20848de6408cce7b1c5f57f0212c9401233ca75c7b6652c8ea62bfcd43f,1240,0,174,8
0,6,1,1,4,0.19934966200000001,0.16350899999999999,0.016687,428425216,NA,NA,NA,NA,NA,NA,NA,NA,5833440,1882629,26625,512,0f41e20848de6408cce7b1c5f57f0212c9401233ca75c7b6652c8ea62bfcd43f,1236,0,142,5
0,6,0,1,5,0.44453543400000001,0.36557799999999996,0.050307999999999999,1026060288,NA,NA,NA,NA,NA,NA,NA,NA,11457352,5690734,153602,512,388033e7552b3b3255277a47381a62d5067155e67b74e663ad0ac019ed72fc50,1141,0,168,4
0,6,1,0,5,0.43251510000000004,0.35867299999999996,0.053151999999999998,1026039808,NA,NA,NA,NA,NA,NA,NA,NA,11457352,5690734,153602,512,388033e7552b3b3255277a47381a62d5067155e67b74e663ad0ac019ed72fc50,1140,0,213,9
0,6,0,1,0,0.021030447000000001,0.0068079999999999998,0.0022629999999999998,55406592,NA,NA,NA,NA,NA,NA,NA,NA,2408,135,5,1,3d4d37e7dcef36139698862d60d536450dfb480779ac0676046a82e065e8af0f,1029,0,9,3
0,6,1,0,0,0.019774755000000001,0.0056579999999999998,0.0028379999999999998,55123968,NA,NA,NA,NA,NA,NA,NA,NA,2408,135,5,1,3d4d37e7dcef36139698862d60d536450dfb480779ac0676046a82e065e8af0f,1027,0,9,4
0,6,0,1,3,0.059499373000000001,0.047820999999999995,0,178864128,NA,NA,NA,NA,NA,NA,NA,NA,1968568,2240463,32773,1,c491f4791a93a71124b9219b05e718490cf6bd1c68b1ec8fc6a6550e31f844b1,1119,0,55,4
0,6,1,0,3,0.066632560000000007,0.036067000000000002,0.013122,179286016,NA,NA,NA,NA,NA,NA,NA,NA,1968568,2240463,32773,1,c491f4791a93a71124b9219b05e718490cf6bd1c68b1ec8fc6a6550e31f844b1,1124,0,25,4
0,7,0,0,5,0.435406758,0.37360199999999999,0.039681000000000001,1025695744,NA,NA,NA,NA,NA,NA,NA,NA,11457352,5690734,153602,512,388033e7552b3b3255277a47381a62d5067155e67b74e663ad0ac019ed72fc50,1584,0,44,5
0,7,1,1,5,0.43709911800000001,0.38617199999999996,0.033008999999999997,1025376256,NA,NA,NA,NA,NA,NA,NA,NA,11457352,5690734,153602,512,388033e7552b3b3255277a47381a62d5067155e67b74e663ad0ac019ed72fc50,1578,0,233,7
0,7,0,0,3,0.060443833000000002,0.042321999999999999,0.0065179999999999995,179294208,NA,NA,NA,NA,NA,NA,NA,NA,1968568,2240463,32773,1,c491f4791a93a71124b9219b05e718490cf6bd1c68b1ec8fc6a6550e31f844b1,1122,0,36,5
0,7,1,1,3,0.059408372000000001,0.044538000000000001,0.0034269999999999999,179744768,NA,NA,NA,NA,NA,NA,NA,NA,1968568,2240463,32773,1,c491f4791a93a71124b9219b05e718490cf6bd1c68b1ec8fc6a6550e31f844b1,684,0,33,2
0,7,0,0,2,0.040982064000000006,0.026030999999999999,0.0037209999999999999,131006464,NA,NA,NA,NA,NA,NA,NA,NA,837856,318511,16385,4096,b4f737276339a7626b246c204b626e79f9d9ec0f1f160233a5aa1c27728af83f,1069,0,26,2
0,7,1,1,2,0.040952689,0.029505999999999998,0,131223552,NA,NA,NA,NA,NA,NA,NA,NA,837856,318511,16385,4096,b4f737276339a7626b246c204b626e79f9d9ec0f1f160233a5aa1c27728af83f,1068,0,22,3
0,7,0,1,4,0.19885133700000002,0.15958899999999998,0.019946999999999999,428666880,NA,NA,NA,NA,NA,NA,NA,NA,5833440,1882629,26625,512,0f41e20848de6408cce7b1c5f57f0212c9401233ca75c7b6652c8ea62bfcd43f,1259,0,106,6
0,7,1,0,4,0.19908112800000002,0.15647800000000001,0.023288,428191744,NA,NA,NA,NA,NA,NA,NA,NA,5833440,1882629,26625,512,0f41e20848de6408cce7b1c5f57f0212c9401233ca75c7b6652c8ea62bfcd43f,1236,0,179,7
0,7,0,1,1,0.056578139000000006,0.038352999999999998,0.006398,156209152,NA,NA,NA,NA,NA,NA,NA,NA,994016,407679,8197,1,76f10b65f44b546f736cef2848789238eb7a5f77ce08b564ccca55b5bdc08f36,1080,0,25,5
0,7,1,0,1,0.061131621000000004,0.034222999999999996,0.010267,156647424,NA,NA,NA,NA,NA,NA,NA,NA,994016,407679,8197,1,76f10b65f44b546f736cef2848789238eb7a5f77ce08b564ccca55b5bdc08f36,1088,0,30,4
0,7,0,0,0,0.019589699000000002,0.0042709999999999996,0.0042759999999999994,55209984,NA,NA,NA,NA,NA,NA,NA,NA,2408,135,5,1,3d4d37e7dcef36139698862d60d536450dfb480779ac0676046a82e065e8af0f,1026,0,11,3
0,7,1,1,0,0.019534544000000001,0.0042360000000000002,0.0042319999999999997,55087104,NA,NA,NA,NA,NA,NA,NA,NA,2408,135,5,1,3d4d37e7dcef36139698862d60d536450dfb480779ac0676046a82e065e8af0f,1025,0,10,3
0,8,0,1,4,0.20335997700000003,0.15537299999999998,0.02315,428294144,NA,NA,NA,NA,NA,NA,NA,NA,5833440,1882629,26625,512,0f41e20848de6408cce7b1c5f57f0212c9401233ca75c7b6652c8ea62bfcd43f,1233,0,155,6
0,8,1,0,4,0.19883687100000003,0.159944,0.019574999999999999,428371968,NA,NA,NA,NA,NA,NA,NA,NA,5833440,1882629,26625,512,0f41e20848de6408cce7b1c5f57f0212c9401233ca75c7b6652c8ea62bfcd43f,1236,0,130,2
0,8,0,0,1,0.055579187000000002,0.037332999999999998,0.0067869999999999996,156561408,NA,NA,NA,NA,NA,NA,NA,NA,994016,407679,8197,1,76f10b65f44b546f736cef2848789238eb7a5f77ce08b564ccca55b5bdc08f36,638,0,29,4
0,8,1,1,1,0.056185714000000005,0.037693999999999998,0.0068579999999999995,156581888,NA,NA,NA,NA,NA,NA,NA,NA,994016,407679,8197,1,76f10b65f44b546f736cef2848789238eb7a5f77ce08b564ccca55b5bdc08f36,1084,0,19,4
0,8,0,1,0,0.018945482,0.0041279999999999997,0.0041289999999999999,55259136,NA,NA,NA,NA,NA,NA,NA,NA,2408,135,5,1,3d4d37e7dcef36139698862d60d536450dfb480779ac0676046a82e065e8af0f,1026,0,12,3
0,8,1,0,0,0.018531013000000002,0.0052319999999999997,0.0026149999999999997,55394304,NA,NA,NA,NA,NA,NA,NA,NA,2408,135,5,1,3d4d37e7dcef36139698862d60d536450dfb480779ac0676046a82e065e8af0f,1029,0,12,3
0,8,0,0,2,0.040290278000000006,0.025786999999999997,0.0032269999999999998,131682304,NA,NA,NA,NA,NA,NA,NA,NA,837856,318511,16385,4096,b4f737276339a7626b246c204b626e79f9d9ec0f1f160233a5aa1c27728af83f,632,0,26,4
0,8,1,1,2,0.040963539,0.023115,0.0066079999999999993,131264512,NA,NA,NA,NA,NA,NA,NA,NA,837856,318511,16385,4096,b4f737276339a7626b246c204b626e79f9d9ec0f1f160233a5aa1c27728af83f,1070,0,21,2
0,8,0,0,5,0.43350975300000005,0.36953999999999998,0.043277999999999997,1025630208,NA,NA,NA,NA,NA,NA,NA,NA,11457352,5690734,153602,512,388033e7552b3b3255277a47381a62d5067155e67b74e663ad0ac019ed72fc50,1582,0,123,8
0,8,1,1,5,0.43850502300000005,0.377029,0.039683999999999997,1026265088,NA,NA,NA,NA,NA,NA,NA,NA,11457352,5690734,153602,512,388033e7552b3b3255277a47381a62d5067155e67b74e663ad0ac019ed72fc50,1143,0,230,5
0,8,0,0,3,0.060314210000000007,0.038377999999999995,0.010465,179228672,NA,NA,NA,NA,NA,NA,NA,NA,1968568,2240463,32773,1,c491f4791a93a71124b9219b05e718490cf6bd1c68b1ec8fc6a6550e31f844b1,1121,0,49,3
0,8,1,1,3,0.059646889000000002,0.033055000000000001,0.015025,178991104,NA,NA,NA,NA,NA,NA,NA,NA,1968568,2240463,32773,1,c491f4791a93a71124b9219b05e718490cf6bd1c68b1ec8fc6a6550e31f844b1,1120,0,46,3
0,9,0,1,3,0.061231337000000004,0.042552,0.0065490000000000001,179257344,NA,NA,NA,NA,NA,NA,NA,NA,1968568,2240463,32773,1,c491f4791a93a71124b9219b05e718490cf6bd1c68b1ec8fc6a6550e31f844b1,1122,0,56,3
0,9,1,0,3,0.060597611000000003,0.041750999999999996,0.0069649999999999998,179367936,NA,NA,NA,NA,NA,NA,NA,NA,1968568,2240463,32773,1,c491f4791a93a71124b9219b05e718490cf6bd1c68b1ec8fc6a6550e31f844b1,1124,0,27,4
0,9,0,1,5,0.44115592000000003,0.37124199999999996,0.049700000000000001,1025884160,NA,NA,NA,NA,NA,NA,NA,NA,11457352,5690734,153602,512,388033e7552b3b3255277a47381a62d5067155e67b74e663ad0ac019ed72fc50,1139,0,167,5
0,9,1,0,5,0.44074112300000001,0.37499099999999996,0.040185999999999999,1025875968,NA,NA,NA,NA,NA,NA,NA,NA,11457352,5690734,153602,512,388033e7552b3b3255277a47381a62d5067155e67b74e663ad0ac019ed72fc50,1585,0,52,6
0,9,0,1,1,0.056420894000000006,0.038068999999999999,0.0069169999999999995,156381184,NA,NA,NA,NA,NA,NA,NA,NA,994016,407679,8197,1,76f10b65f44b546f736cef2848789238eb7a5f77ce08b564ccca55b5bdc08f36,1083,0,26,4
0,9,1,0,1,0.055814739000000002,0.037553999999999997,0.0068309999999999994,156676096,NA,NA,NA,NA,NA,NA,NA,NA,994016,407679,8197,1,76f10b65f44b546f736cef2848789238eb7a5f77ce08b564ccca55b5bdc08f36,1089,0,32,4
0,9,0,0,4,0.19737702500000001,0.154474,0.023507999999999998,428425216,NA,NA,NA,NA,NA,NA,NA,NA,5833440,1882629,26625,512,0f41e20848de6408cce7b1c5f57f0212c9401233ca75c7b6652c8ea62bfcd43f,1234,0,120,5
0,9,1,1,4,0.20005941100000002,0.16438899999999998,0.016442999999999999,428552192,NA,NA,NA,NA,NA,NA,NA,NA,5833440,1882629,26625,512,0f41e20848de6408cce7b1c5f57f0212c9401233ca75c7b6652c8ea62bfcd43f,1277,0,173,4
0,9,0,1,2,0.041040253000000006,0.020816999999999999,0.0088939999999999991,130977792,NA,NA,NA,NA,NA,NA,NA,NA,837856,318511,16385,4096,b4f737276339a7626b246c204b626e79f9d9ec0f1f160233a5aa1c27728af83f,1065,0,20,4
0,9,1,0,2,0.040847952,0.020711,0.008879999999999999,131547136,NA,NA,NA,NA,NA,NA,NA,NA,837856,318511,16385,4096,b4f737276339a7626b246c204b626e79f9d9ec0f1f160233a5aa1c27728af83f,628,0,25,2
0,9,0,0,0,0.018977430999999999,0.0083109999999999989,0,55189504,NA,NA,NA,NA,NA,NA,NA,NA,2408,135,5,1,3d4d37e7dcef36139698862d60d536450dfb480779ac0676046a82e065e8af0f,1027,0,12,3
0,9,1,1,0,0.018706132,0.0040130000000000001,0.0040140000000000002,55320576,NA,NA,NA,NA,NA,NA,NA,NA,2408,135,5,1,3d4d37e7dcef36139698862d60d536450dfb480779ac0676046a82e065e8af0f,1027,0,12,3
0,10,0,1,0,0.018270537,0.0050379999999999999,0.002526,55373824,NA,NA,NA,NA,NA,NA,NA,NA,2408,135,5,1,3d4d37e7dcef36139698862d60d536450dfb480779ac0676046a82e065e8af0f,1029,0,11,4
0,10,1,0,0,0.018359834000000002,0.003839,0.0038429999999999996,55070720,NA,NA,NA,NA,NA,NA,NA,NA,2408,135,5,1,3d4d37e7dcef36139698862d60d536450dfb480779ac0676046a82e065e8af0f,1025,0,12,3
0,10,0,1,1,0.056281513000000005,0.041295999999999999,0.0031779999999999998,156483584,NA,NA,NA,NA,NA,NA,NA,NA,994016,407679,8197,1,76f10b65f44b546f736cef2848789238eb7a5f77ce08b564ccca55b5bdc08f36,1080,0,29,4
0,10,1,0,1,0.055891944000000006,0.034223999999999997,0.010272,156545024,NA,NA,NA,NA,NA,NA,NA,NA,994016,407679,8197,1,76f10b65f44b546f736cef2848789238eb7a5f77ce08b564ccca55b5bdc08f36,1086,0,24,4
0,10,0,1,3,0.060152307000000002,0.035540999999999996,0.012936999999999999,179261440,NA,NA,NA,NA,NA,NA,NA,NA,1968568,2240463,32773,1,c491f4791a93a71124b9219b05e718490cf6bd1c68b1ec8fc6a6550e31f844b1,1122,0,32,5
0,10,1,0,3,0.060300554000000006,0.048714999999999994,0,179576832,NA,NA,NA,NA,NA,NA,NA,NA,1968568,2240463,32773,1,c491f4791a93a71124b9219b05e718490cf6bd1c68b1ec8fc6a6550e31f844b1,681,0,29,4
0,10,0,0,5,0.42877973000000003,0.37643499999999996,0.039634999999999997,1025961984,NA,NA,NA,NA,NA,NA,NA,NA,11457352,5690734,153602,512,388033e7552b3b3255277a47381a62d5067155e67b74e663ad0ac019ed72fc50,1132,0,312,9
0,10,1,1,5,0.44551681200000004,0.38664499999999996,0.030001,1025609728,NA,NA,NA,NA,NA,NA,NA,NA,11457352,5690734,153602,512,388033e7552b3b3255277a47381a62d5067155e67b74e663ad0ac019ed72fc50,1605,0,230,6
0,10,0,0,2,0.041148827000000006,0.023104,0.0065909999999999996,131145728,NA,NA,NA,NA,NA,NA,NA,NA,837856,318511,16385,4096,b4f737276339a7626b246c204b626e79f9d9ec0f1f160233a5aa1c27728af83f,1069,0,28,2
0,10,1,1,2,0.041043380000000004,0.023122999999999998,0.0066159999999999995,130912256,NA,NA,NA,NA,NA,NA,NA,NA,837856,318511,16385,4096,b4f737276339a7626b246c204b626e79f9d9ec0f1f160233a5aa1c27728af83f,1065,0,27,5
0,10,0,0,4,0.19913637200000001,0.16642999999999999,0.013316,428421120,NA,NA,NA,NA,NA,NA,NA,NA,5833440,1882629,26625,512,0f41e20848de6408cce7b1c5f57f0212c9401233ca75c7b6652c8ea62bfcd43f,1237,0,157,5
0,10,1,1,4,0.19850174200000001,0.15547800000000001,0.023644999999999999,428331008,NA,NA,NA,NA,NA,NA,NA,NA,5833440,1882629,26625,512,0f41e20848de6408cce7b1c5f57f0212c9401233ca75c7b6652c8ea62bfcd43f,1235,0,91,4
0,11,0,1,2,0.040540777,0.021878999999999999,0.0072959999999999995,131104768,NA,NA,NA,NA,NA,NA,NA,NA,837856,318511,16385,4096,b4f737276339a7626b246c204b626e79f9d9ec0f1f160233a5aa1c27728af83f,1066,0,29,4
0,11,1,0,2,0.040936179000000003,0.025956999999999997,0.0037089999999999996,131059712,NA,NA,NA,NA,NA,NA,NA,NA,837856,318511,16385,4096,b4f737276339a7626b246c204b626e79f9d9ec0f1f160233a5aa1c27728af83f,1069,0,27,3
0,11,0,0,0,0.018980658000000001,0.0083260000000000001,0,55136256,NA,NA,NA,NA,NA,NA,NA,NA,2408,135,5,1,3d4d37e7dcef36139698862d60d536450dfb480779ac0676046a82e065e8af0f,1028,0,13,3
0,11,1,1,0,0.018512037000000002,0.0079550000000000003,0,55382016,NA,NA,NA,NA,NA,NA,NA,NA,2408,135,5,1,3d4d37e7dcef36139698862d60d536450dfb480779ac0676046a82e065e8af0f,1027,0,11,2
0,11,0,0,1,0.055737905000000004,0.040579999999999998,0.0033829999999999997,156844032,NA,NA,NA,NA,NA,NA,NA,NA,994016,407679,8197,1,76f10b65f44b546f736cef2848789238eb7a5f77ce08b564ccca55b5bdc08f36,642,0,22,4
0,11,1,1,1,0.055847209000000002,0.037336999999999995,0.0067869999999999996,156577792,NA,NA,NA,NA,NA,NA,NA,NA,994016,407679,8197,1,76f10b65f44b546f736cef2848789238eb7a5f77ce08b564ccca55b5bdc08f36,1084,0,23,5
0,11,0,1,5,0.44456401700000003,0.37912099999999999,0.036281000000000001,1025613824,NA,NA,NA,NA,NA,NA,NA,NA,11457352,5690734,153602,512,388033e7552b3b3255277a47381a62d5067155e67b74e663ad0ac019ed72fc50,1581,0,221,10
0,11,1,0,5,0.43477387100000003,0.360481,0.053384999999999995,1025867776,NA,NA,NA,NA,NA,NA,NA,NA,11457352,5690734,153602,512,388033e7552b3b3255277a47381a62d5067155e67b74e663ad0ac019ed72fc50,1584,0,249,5
0,11,0,1,4,0.199169754,0.156913,0.022896,428834816,NA,NA,NA,NA,NA,NA,NA,NA,5833440,1882629,26625,512,0f41e20848de6408cce7b1c5f57f0212c9401233ca75c7b6652c8ea62bfcd43f,1278,0,145,4
0,11,1,0,4,0.19903673500000002,0.166799,0.013087,428191744,NA,NA,NA,NA,NA,NA,NA,NA,5833440,1882629,26625,512,0f41e20848de6408cce7b1c5f57f0212c9401233ca75c7b6652c8ea62bfcd43f,1236,0,138,3
0,11,0,0,3,0.060960511000000002,0.039662999999999997,0.0099119999999999989,179044352,NA,NA,NA,NA,NA,NA,NA,NA,1968568,2240463,32773,1,c491f4791a93a71124b9219b05e718490cf6bd1c68b1ec8fc6a6550e31f844b1,1118,0,55,4
0,11,1,1,3,0.061058164000000005,0.036032000000000002,0.013103999999999999,179326976,NA,NA,NA,NA,NA,NA,NA,NA,1968568,2240463,32773,1,c491f4791a93a71124b9219b05e718490cf6bd1c68b1ec8fc6a6550e31f844b1,1124,0,40,6
0,12,0,1,0,0.019008038000000001,0.008286,0,55361536,NA,NA,NA,NA,NA,NA,NA,NA,2408,135,5,1,3d4d37e7dcef36139698862d60d536450dfb480779ac0676046a82e065e8af0f,576,0,11,3
0,12,1,0,0,0.018418884999999999,0.0051859999999999996,0.0025969999999999999,55525376,NA,NA,NA,NA,NA,NA,NA,NA,2408,135,5,1,3d4d37e7dcef36139698862d60d536450dfb480779ac0676046a82e065e8af0f,583,0,12,3
0,12,0,0,5,0.43475315200000003,0.37334400000000001,0.040367,1025863680,NA,NA,NA,NA,NA,NA,NA,NA,11457352,5690734,153602,512,388033e7552b3b3255277a47381a62d5067155e67b74e663ad0ac019ed72fc50,1587,0,184,8
0,12,1,1,5,0.43743011900000001,0.369724,0.046654999999999995,1025572864,NA,NA,NA,NA,NA,NA,NA,NA,11457352,5690734,153602,512,388033e7552b3b3255277a47381a62d5067155e67b74e663ad0ac019ed72fc50,1590,0,225,9
0,12,0,0,1,0.056351624000000003,0.037699999999999997,0.0068589999999999996,156721152,NA,NA,NA,NA,NA,NA,NA,NA,994016,407679,8197,1,76f10b65f44b546f736cef2848789238eb7a5f77ce08b564ccca55b5bdc08f36,640,0,37,6
0,12,1,1,1,0.055901692000000003,0.044141,0,156508160,NA,NA,NA,NA,NA,NA,NA,NA,994016,407679,8197,1,76f10b65f44b546f736cef2848789238eb7a5f77ce08b564ccca55b5bdc08f36,1083,0,25,6
0,12,0,1,4,0.20927485900000001,0.15862799999999999,0.019820999999999998,428503040,NA,NA,NA,NA,NA,NA,NA,NA,5833440,1882629,26625,512,0f41e20848de6408cce7b1c5f57f0212c9401233ca75c7b6652c8ea62bfcd43f,1239,0,60,4
0,12,1,0,4,0.19937796500000002,0.16003699999999998,0.019991999999999999,428453888,NA,NA,NA,NA,NA,NA,NA,NA,5833440,1882629,26625,512,0f41e20848de6408cce7b1c5f57f0212c9401233ca75c7b6652c8ea62bfcd43f,1240,0,160,4
0,12,0,0,3,0.060201078000000005,0.035375999999999998,0.012865,179417088,NA,NA,NA,NA,NA,NA,NA,NA,1968568,2240463,32773,1,c491f4791a93a71124b9219b05e718490cf6bd1c68b1ec8fc6a6550e31f844b1,673,0,37,4
0,12,1,1,3,0.059756164000000001,0.041206,0.0068449999999999995,179761152,NA,NA,NA,NA,NA,NA,NA,NA,1968568,2240463,32773,1,c491f4791a93a71124b9219b05e718490cf6bd1c68b1ec8fc6a6550e31f844b1,680,0,51,3
0,12,0,0,2,0.041345065,0.023264999999999997,0.0066400000000000001,131194880,NA,NA,NA,NA,NA,NA,NA,NA,837856,318511,16385,4096,b4f737276339a7626b246c204b626e79f9d9ec0f1f160233a5aa1c27728af83f,1107,0,30,4
0,12,1,1,2,0.041169676000000002,0.023226999999999998,0.0066479999999999994,130920448,NA,NA,NA,NA,NA,NA,NA,NA,837856,318511,16385,4096,b4f737276339a7626b246c204b626e79f9d9ec0f1f160233a5aa1c27728af83f,1064,0,25,4
0,13,0,0,0,0.019748665000000002,0.0085489999999999993,0,55205888,NA,NA,NA,NA,NA,NA,NA,NA,2408,135,5,1,3d4d37e7dcef36139698862d60d536450dfb480779ac0676046a82e065e8af0f,1028,0,11,3
0,13,1,1,0,0.019841040000000001,0.0084790000000000004,0,55046144,NA,NA,NA,NA,NA,NA,NA,NA,2408,135,5,1,3d4d37e7dcef36139698862d60d536450dfb480779ac0676046a82e065e8af0f,1023,0,10,3
0,13,0,1,1,0.056005526000000007,0.034124999999999996,0.010258,156454912,NA,NA,NA,NA,NA,NA,NA,NA,994016,407679,8197,1,76f10b65f44b546f736cef2848789238eb7a5f77ce08b564ccca55b5bdc08f36,1082,0,28,6
0,13,1,0,1,0.055979037000000002,0.034067,0.010225,156499968,NA,NA,NA,NA,NA,NA,NA,NA,994016,407679,8197,1,76f10b65f44b546f736cef2848789238eb7a5f77ce08b564ccca55b5bdc08f36,638,0,34,5
0,13,0,1,5,0.44063728800000002,0.36114299999999999,0.056305000000000001,1025642496,NA,NA,NA,NA,NA,NA,NA,NA,11457352,5690734,153602,512,388033e7552b3b3255277a47381a62d5067155e67b74e663ad0ac019ed72fc50,1582,0,82,8
0,13,1,0,5,0.44226466800000003,0.35409999999999997,0.059570999999999999,1025626112,NA,NA,NA,NA,NA,NA,NA,NA,11457352,5690734,153602,512,388033e7552b3b3255277a47381a62d5067155e67b74e663ad0ac019ed72fc50,1582,0,236,6
0,13,0,1,2,0.040852621000000006,0.029766999999999998,0,130981888,NA,NA,NA,NA,NA,NA,NA,NA,837856,318511,16385,4096,b4f737276339a7626b246c204b626e79f9d9ec0f1f160233a5aa1c27728af83f,1066,0,33,3
0,13,1,0,2,0.041191286000000001,0.022577,0.0075049999999999995,131293184,NA,NA,NA,NA,NA,NA,NA,NA,837856,318511,16385,4096,b4f737276339a7626b246c204b626e79f9d9ec0f1f160233a5aa1c27728af83f,1115,0,23,2
0,13,0,1,3,0.059828400000000004,0.041890999999999998,0.0064489999999999999,179191808,NA,NA,NA,NA,NA,NA,NA,NA,1968568,2240463,32773,1,c491f4791a93a71124b9219b05e718490cf6bd1c68b1ec8fc6a6550e31f844b1,1124,0,37,3
0,13,1,0,3,0.060845626000000007,0.040036999999999996,0.0092439999999999987,179150848,NA,NA,NA,NA,NA,NA,NA,NA,1968568,2240463,32773,1,c491f4791a93a71124b9219b05e718490cf6bd1c68b1ec8fc6a6550e31f844b1,1122,0,50,5
0,13,0,0,4,0.191943734,0.16384099999999999,0.016381,428396544,NA,NA,NA,NA,NA,NA,NA,NA,5833440,1882629,26625,512,0f41e20848de6408cce7b1c5f57f0212c9401233ca75c7b6652c8ea62bfcd43f,1236,0,184,5
0,13,1,1,4,0.19781953400000002,0.149504,0.029256999999999998,428290048,NA,NA,NA,NA,NA,NA,NA,NA,5833440,1882629,26625,512,0f41e20848de6408cce7b1c5f57f0212c9401233ca75c7b6652c8ea62bfcd43f,1234,0,162,4
0,14,0,1,3,0.063841029000000007,0.037994,0.010364,179077120,NA,NA,NA,NA,NA,NA,NA,NA,1968568,2240463,32773,1,c491f4791a93a71124b9219b05e718490cf6bd1c68b1ec8fc6a6550e31f844b1,1118,0,53,3
0,14,1,0,3,0.060426801000000002,0.045294000000000001,0.0034849999999999998,179318784,NA,NA,NA,NA,NA,NA,NA,NA,1968568,2240463,32773,1,c491f4791a93a71124b9219b05e718490cf6bd1c68b1ec8fc6a6550e31f844b1,1125,0,37,4
0,14,0,1,2,0.041290382,0.023396,0.0066749999999999995,130945024,NA,NA,NA,NA,NA,NA,NA,NA,837856,318511,16385,4096,b4f737276339a7626b246c204b626e79f9d9ec0f1f160233a5aa1c27728af83f,1068,0,22,4
0,14,1,0,2,0.040738809000000001,0.026224999999999998,0.0032719999999999997,131338240,NA,NA,NA,NA,NA,NA,NA,NA,837856,318511,16385,4096,b4f737276339a7626b246c204b626e79f9d9ec0f1f160233a5aa1c27728af83f,628,0,22,4
0,14,0,1,1,0.056209899000000001,0.041173000000000001,0.003434,156311552,NA,NA,NA,NA,NA,NA,NA,NA,994016,407679,8197,1,76f10b65f44b546f736cef2848789238eb7a5f77ce08b564ccca55b5bdc08f36,1080,0,19,3
0,14,1,0,1,0.056151359000000005,0.034929000000000002,0.0095309999999999995,156495872,NA,NA,NA,NA,NA,NA,NA,NA,994016,407679,8197,1,76f10b65f44b546f736cef2848789238eb7a5f77ce08b564ccca55b5bdc08f36,1085,0,42,4
0,14,0,1,4,0.19838498400000001,0.16591499999999998,0.01324,428285952,NA,NA,NA,NA,NA,NA,NA,NA,5833440,1882629,26625,512,0f41e20848de6408cce7b1c5f57f0212c9401233ca75c7b6652c8ea62bfcd43f,1234,0,166,7
0,14,1,0,4,0.19898144100000001,0.15934699999999999,0.020354000000000001,428314624,NA,NA,NA,NA,NA,NA,NA,NA,5833440,1882629,26625,512,0f41e20848de6408cce7b1c5f57f0212c9401233ca75c7b6652c8ea62bfcd43f,1236,0,176,3
0,14,0,0,5,0.43902153100000002,0.370253,0.043362999999999999,1025974272,NA,NA,NA,NA,NA,NA,NA,NA,11457352,5690734,153602,512,388033e7552b3b3255277a47381a62d5067155e67b74e663ad0ac019ed72fc50,1587,0,185,5
0,14,1,1,5,0.43713444600000001,0.36391699999999999,0.052456999999999997,1025593344,NA,NA,NA,NA,NA,NA,NA,NA,11457352,5690734,153602,512,388033e7552b3b3255277a47381a62d5067155e67b74e663ad0ac019ed72fc50,1590,0,181,8
0,14,0,1,0,0.019985159000000002,0.002941,0.005901,55246848,NA,NA,NA,NA,NA,NA,NA,NA,2408,135,5,1,3d4d37e7dcef36139698862d60d536450dfb480779ac0676046a82e065e8af0f,1029,0,11,3
0,14,1,0,0,0.018513852000000001,0.0078700000000000003,0,55480320,NA,NA,NA,NA,NA,NA,NA,NA,2408,135,5,1,3d4d37e7dcef36139698862d60d536450dfb480779ac0676046a82e065e8af0f,1032,0,11,3
0,15,0,0,1,0.055681078000000002,0.040688999999999996,0.0033759999999999997,156704768,NA,NA,NA,NA,NA,NA,NA,NA,994016,407679,8197,1,76f10b65f44b546f736cef2848789238eb7a5f77ce08b564ccca55b5bdc08f36,1090,0,28,5
0,15,1,1,1,0.056118518000000006,0.044567999999999997,0,156459008,NA,NA,NA,NA,NA,NA,NA,NA,994016,407679,8197,1,76f10b65f44b546f736cef2848789238eb7a5f77ce08b564ccca55b5bdc08f36,635,0,26,4
0,15,0,0,4,0.197165218,0.15217600000000001,0.025905999999999998,428724224,NA,NA,NA,NA,NA,NA,NA,NA,5833440,1882629,26625,512,0f41e20848de6408cce7b1c5f57f0212c9401233ca75c7b6652c8ea62bfcd43f,797,0,167,4
0,15,1,1,4,0.19823379000000002,0.15962599999999999,0.019547999999999999,428310528,NA,NA,NA,NA,NA,NA,NA,NA,5833440,1882629,26625,512,0f41e20848de6408cce7b1c5f57f0212c9401233ca75c7b6652c8ea62bfcd43f,1237,0,103,4
0,15,0,0,2,0.040839637000000005,0.019753,0.009859999999999999,131031040,NA,NA,NA,NA,NA,NA,NA,NA,837856,318511,16385,4096,b4f737276339a7626b246c204b626e79f9d9ec0f1f160233a5aa1c27728af83f,1071,0,20,2
0,15,1,1,2,0.040936939000000006,0.023113999999999999,0.0065929999999999999,131293184,NA,NA,NA,NA,NA,NA,NA,NA,837856,318511,16385,4096,b4f737276339a7626b246c204b626e79f9d9ec0f1f160233a5aa1c27728af83f,624,0,28,3
0,15,0,1,5,0.438123759,0.37518999999999997,0.043177,1025859584,NA,NA,NA,NA,NA,NA,NA,NA,11457352,5690734,153602,512,388033e7552b3b3255277a47381a62d5067155e67b74e663ad0ac019ed72fc50,1140,0,113,7
0,15,1,0,5,0.44449476600000004,0.359074,0.056508999999999997,1025982464,NA,NA,NA,NA,NA,NA,NA,NA,11457352,5690734,153602,512,388033e7552b3b3255277a47381a62d5067155e67b74e663ad0ac019ed72fc50,1589,0,95,5
0,15,0,0,3,0.060271690000000003,0.038216,0.01043,179224576,NA,NA,NA,NA,NA,NA,NA,NA,1968568,2240463,32773,1,c491f4791a93a71124b9219b05e718490cf6bd1c68b1ec8fc6a6550e31f844b1,1121,0,32,5
0,15,1,1,3,0.060034817000000004,0.038889,0.0097260000000000003,179433472,NA,NA,NA,NA,NA,NA,NA,NA,1968568,2240463,32773,1,c491f4791a93a71124b9219b05e718490cf6bd1c68b1ec8fc6a6550e31f844b1,678,0,50,4
0,15,0,0,0,0.019133944,0.0055889999999999994,0.0027949999999999997,55369728,NA,NA,NA,NA,NA,NA,NA,NA,2408,135,5,1,3d4d37e7dcef36139698862d60d536450dfb480779ac0676046a82e065e8af0f,1031,0,11,2
0,15,1,1,0,0.019390625000000002,0.0041949999999999999,0.0041949999999999999,55648256,NA,NA,NA,NA,NA,NA,NA,NA,2408,135,5,1,3d4d37e7dcef36139698862d60d536450dfb480779ac0676046a82e065e8af0f,585,0,10,3
0,16,0,0,3,0.059681483,0.041142999999999999,0.006868,179224576,NA,NA,NA,NA,NA,NA,NA,NA,1968568,2240463,32773,1,c491f4791a93a71124b9219b05e718490cf6bd1c68b1ec8fc6a6550e31f844b1,1135,0,40,6
0,16,1,1,3,0.060128933000000002,0.041950000000000001,0.0064559999999999999,179499008,NA,NA,NA,NA,NA,NA,NA,NA,1968568,2240463,32773,1,c491f4791a93a71124b9219b05e718490cf6bd1c68b1ec8fc6a6550e31f844b1,1127,0,61,5
0,16,0,0,1,0.055899637000000002,0.038106000000000001,0.0063439999999999998,156389376,NA,NA,NA,NA,NA,NA,NA,NA,994016,407679,8197,1,76f10b65f44b546f736cef2848789238eb7a5f77ce08b564ccca55b5bdc08f36,1083,0,22,3
0,16,1,1,1,0.055948820000000003,0.041225999999999999,0.0031719999999999999,156680192,NA,NA,NA,NA,NA,NA,NA,NA,994016,407679,8197,1,76f10b65f44b546f736cef2848789238eb7a5f77ce08b564ccca55b5bdc08f36,1084,0,43,2
0,16,0,0,4,0.19679413300000001,0.17064699999999999,0.0066909999999999999,428429312,NA,NA,NA,NA,NA,NA,NA,NA,5833440,1882629,26625,512,0f41e20848de6408cce7b1c5f57f0212c9401233ca75c7b6652c8ea62bfcd43f,1239,0,93,4
0,16,1,1,4,0.197300421,0.16128099999999998,0.016808,428675072,NA,NA,NA,NA,NA,NA,NA,NA,5833440,1882629,26625,512,0f41e20848de6408cce7b1c5f57f0212c9401233ca75c7b6652c8ea62bfcd43f,787,0,136,4
0,16,0,1,5,0.44553336200000004,0.36637799999999998,0.049977999999999995,1025794048,NA,NA,NA,NA,NA,NA,NA,NA,11457352,5690734,153602,512,388033e7552b3b3255277a47381a62d5067155e67b74e663ad0ac019ed72fc50,1586,0,182,6
0,16,1,0,5,0.43427498600000003,0.370141,0.043351000000000001,1025851392,NA,NA,NA,NA,NA,NA,NA,NA,11457352,5690734,153602,512,388033e7552b3b3255277a47381a62d5067155e67b74e663ad0ac019ed72fc50,1623,0,43,7
0,16,0,0,0,0.018989834000000001,0.0083280000000000003,0,55492608,NA,NA,NA,NA,NA,NA,NA,NA,2408,135,5,1,3d4d37e7dcef36139698862d60d536450dfb480779ac0676046a82e065e8af0f,576,0,14,3
0,16,1,1,0,0.018972061000000002,0.0041259999999999995,0.0041180000000000001,55287808,NA,NA,NA,NA,NA,NA,NA,NA,2408,135,5,1,3d4d37e7dcef36139698862d60d536450dfb480779ac0676046a82e065e8af0f,1027,0,12,3
0,16,0,1,2,0.040434679000000001,0.029338999999999997,0,131301376,NA,NA,NA,NA,NA,NA,NA,NA,837856,318511,16385,4096,b4f737276339a7626b246c204b626e79f9d9ec0f1f160233a5aa1c27728af83f,1071,0,14,3
0,16,1,0,2,0.040920889000000002,0.022192,0.0073850000000000001,131563520,NA,NA,NA,NA,NA,NA,NA,NA,837856,318511,16385,4096,b4f737276339a7626b246c204b626e79f9d9ec0f1f160233a5aa1c27728af83f,630,0,20,4
0,17,0,1,3,0.059862744000000002,0.044718999999999995,0.0031969999999999998,179752960,NA,NA,NA,NA,NA,NA,NA,NA,1968568,2240463,32773,1,c491f4791a93a71124b9219b05e718490cf6bd1c68b1ec8fc6a6550e31f844b1,684,0,42,5
0,17,1,0,3,0.060776735000000005,0.032605999999999996,0.016316999999999998,179204096,NA,NA,NA,NA,NA,NA,NA,NA,1968568,2240463,32773,1,c491f4791a93a71124b9219b05e718490cf6bd1c68b1ec8fc6a6550e31f844b1,1121,0,46,4
0,17,0,0,5,0.44559029000000006,0.36368400000000001,0.052877999999999994,1025884160,NA,NA,NA,NA,NA,NA,NA,NA,11457352,5690734,153602,512,388033e7552b3b3255277a47381a62d5067155e67b74e663ad0ac019ed72fc50,1140,0,145,6
0,17,1,1,5,0.437545244,0.37088299999999996,0.046780999999999996,1025552384,NA,NA,NA,NA,NA,NA,NA,NA,11457352,5690734,153602,512,388033e7552b3b3255277a47381a62d5067155e67b74e663ad0ac019ed72fc50,1581,0,186,4
0,17,0,0,2,0.041023592000000005,0.022338,0.0074099999999999999,131354624,NA,NA,NA,NA,NA,NA,NA,NA,837856,318511,16385,4096,b4f737276339a7626b246c204b626e79f9d9ec0f1f160233a5aa1c27728af83f,628,0,24,4
0,17,1,1,2,0.041207236000000001,0.026173999999999999,0.0037389999999999997,131280896,NA,NA,NA,NA,NA,NA,NA,NA,837856,318511,16385,4096,b4f737276339a7626b246c204b626e79f9d9ec0f1f160233a5aa1c27728af83f,1071,0,23,3
0,17,0,1,4,0.19734378300000002,0.154553,0.023521,428650496,NA,NA,NA,NA,NA,NA,NA,NA,5833440,1882629,26625,512,0f41e20848de6408cce7b1c5f57f0212c9401233ca75c7b6652c8ea62bfcd43f,791,0,173,5
0,17,1,0,4,0.200514414,0.16491500000000001,0.014315999999999999,428568576,NA,NA,NA,NA,NA,NA,NA,NA,5833440,1882629,26625,512,0f41e20848de6408cce7b1c5f57f0212c9401233ca75c7b6652c8ea62bfcd43f,1238,0,148,6
0,17,0,1,0,0.019044876000000002,0.0028170000000000001,0.0056349999999999994,55590912,NA,NA,NA,NA,NA,NA,NA,NA,2408,135,5,1,3d4d37e7dcef36139698862d60d536450dfb480779ac0676046a82e065e8af0f,1034,0,12,1
0,17,1,0,0,0.019213654,0.005561,0.0027819999999999998,55218176,NA,NA,NA,NA,NA,NA,NA,NA,2408,135,5,1,3d4d37e7dcef36139698862d60d536450dfb480779ac0676046a82e065e8af0f,1026,0,11,4
0,17,0,1,1,0.055819477000000006,0.037400999999999997,0.0068059999999999996,156499968,NA,NA,NA,NA,NA,NA,NA,NA,994016,407679,8197,1,76f10b65f44b546f736cef2848789238eb7a5f77ce08b564ccca55b5bdc08f36,1112,0,55,4
0,17,1,0,1,0.055649259000000006,0.030598,0.013606,156520448,NA,NA,NA,NA,NA,NA,NA,NA,994016,407679,8197,1,76f10b65f44b546f736cef2848789238eb7a5f77ce08b564ccca55b5bdc08f36,1081,0,21,4
0,18,0,0,0,0.019179209000000003,0.002784,0.0055639999999999995,55513088,NA,NA,NA,NA,NA,NA,NA,NA,2408,135,5,1,3d4d37e7dcef36139698862d60d536450dfb480779ac0676046a82e065e8af0f,1033,0,9,3
0,18,1,1,0,0.019932821,0.0028809999999999999,0.0057539999999999996,55418880,NA,NA,NA,NA,NA,NA,NA,NA,2408,135,5,1,3d4d37e7dcef36139698862d60d536450dfb480779ac0676046a82e065e8af0f,1060,0,10,3
0,18,0,0,1,0.055977683,0.040755,0.0033989999999999997,156323840,NA,NA,NA,NA,NA,NA,NA,NA,994016,407679,8197,1,76f10b65f44b546f736cef2848789238eb7a5f77ce08b564ccca55b5bdc08f36,1082,0,20,4
0,18,1,1,1,0.056008020000000006,0.034187999999999996,0.01027,156655616,NA,NA,NA,NA,NA,NA,NA,NA,994016,407679,8197,1,76f10b65f44b546f736cef2848789238eb7a5f77ce08b564ccca55b5bdc08f36,641,0,23,4
0,18,0,0,5,0.43552539000000001,0.35835400000000001,0.056408,1026007040,NA,NA,NA,NA,NA,NA,NA,NA,11457352,5690734,153602,512,388033e7552b3b3255277a47381a62d5067155e67b74e663ad0ac019ed72fc50,1140,0,235,6
0,18,1,1,5,0.44369209400000004,0.37743299999999996,0.036743999999999999,1026060288,NA,NA,NA,NA,NA,NA,NA,NA,11457352,5690734,153602,512,388033e7552b3b3255277a47381a62d5067155e67b74e663ad0ac019ed72fc50,1604,0,89,6
0,18,0,0,4,0.19839888900000002,0.16889499999999999,0.010123999999999999,428351488,NA,NA,NA,NA,NA,NA,NA,NA,5833440,1882629,26625,512,0f41e20848de6408cce7b1c5f57f0212c9401233ca75c7b6652c8ea62bfcd43f,1234,0,129,6
0,18,1,1,4,0.19107521600000002,0.169539,0.0099639999999999989,428691456,NA,NA,NA,NA,NA,NA,NA,NA,5833440,1882629,26625,512,0f41e20848de6408cce7b1c5f57f0212c9401233ca75c7b6652c8ea62bfcd43f,1240,0,169,4
0,18,0,1,3,0.059999170000000004,0.035349999999999999,0.012848,179544064,NA,NA,NA,NA,NA,NA,NA,NA,1968568,2240463,32773,1,c491f4791a93a71124b9219b05e718490cf6bd1c68b1ec8fc6a6550e31f844b1,681,0,45,3
0,18,1,0,3,0.060048052000000005,0.030297999999999999,0.018182,179376128,NA,NA,NA,NA,NA,NA,NA,NA,1968568,2240463,32773,1,c491f4791a93a71124b9219b05e718490cf6bd1c68b1ec8fc6a6550e31f844b1,681,0,34,3
0,18,0,1,2,0.040595541000000006,0.022852999999999998,0.0065129999999999997,131280896,NA,NA,NA,NA,NA,NA,NA,NA,837856,318511,16385,4096,b4f737276339a7626b246c204b626e79f9d9ec0f1f160233a5aa1c27728af83f,1070,0,23,4
0,18,1,0,2,0.040884282000000001,0.017876,0.011911,131252224,NA,NA,NA,NA,NA,NA,NA,NA,837856,318511,16385,4096,b4f737276339a7626b246c204b626e79f9d9ec0f1f160233a5aa1c27728af83f,1072,0,26,4
0,19,0,1,4,0.19487779200000002,0.15592200000000001,0.023220999999999999,428535808,NA,NA,NA,NA,NA,NA,NA,NA,5833440,1882629,26625,512,0f41e20848de6408cce7b1c5f57f0212c9401233ca75c7b6652c8ea62bfcd43f,1237,0,135,5
0,19,1,0,4,0.19827619000000002,0.15298999999999999,0.026037999999999999,428658688,NA,NA,NA,NA,NA,NA,NA,NA,5833440,1882629,26625,512,0f41e20848de6408cce7b1c5f57f0212c9401233ca75c7b6652c8ea62bfcd43f,1241,0,43,5
0,19,0,0,3,0.060935074000000006,0.042652999999999996,0.0065629999999999994,179404800,NA,NA,NA,NA,NA,NA,NA,NA,1968568,2240463,32773,1,c491f4791a93a71124b9219b05e718490cf6bd1c68b1ec8fc6a6550e31f844b1,1128,0,40,4
0,19,1,1,3,0.059883002000000005,0.032045999999999998,0.016034,179257344,NA,NA,NA,NA,NA,NA,NA,NA,1968568,2240463,32773,1,c491f4791a93a71124b9219b05e718490cf6bd1c68b1ec8fc6a6550e31f844b1,1123,0,58,4
0,19,0,0,2,0.041186508000000004,0.019977999999999999,0.0099889999999999996,131194880,NA,NA,NA,NA,NA,NA,NA,NA,837856,318511,16385,4096,b4f737276339a7626b246c204b626e79f9d9ec0f1f160233a5aa1c27728af83f,1070,0,28,3
0,19,1,1,2,0.041006590000000002,0.017857999999999999,0.011901,131203072,NA,NA,NA,NA,NA,NA,NA,NA,837856,318511,16385,4096,b4f737276339a7626b246c204b626e79f9d9ec0f1f160233a5aa1c27728af83f,1070,0,27,3
0,19,0,1,5,0.43838859300000005,0.36193700000000001,0.05595,1025687552,NA,NA,NA,NA,NA,NA,NA,NA,11457352,5690734,153602,512,388033e7552b3b3255277a47381a62d5067155e67b74e663ad0ac019ed72fc50,1582,0,281,8
0,19,1,0,5,0.43410597900000003,0.36064499999999999,0.052920999999999996,1025859584,NA,NA,NA,NA,NA,NA,NA,NA,11457352,5690734,153602,512,388033e7552b3b3255277a47381a62d5067155e67b74e663ad0ac019ed72fc50,1586,0,317,4
0,19,0,1,1,0.056279630000000004,0.044750999999999999,0,156327936,NA,NA,NA,NA,NA,NA,NA,NA,994016,407679,8197,1,76f10b65f44b546f736cef2848789238eb7a5f77ce08b564ccca55b5bdc08f36,1082,0,43,3
0,19,1,0,1,0.056304617000000001,0.037808999999999995,0.0068599999999999998,156758016,NA,NA,NA,NA,NA,NA,NA,NA,994016,407679,8197,1,76f10b65f44b546f736cef2848789238eb7a5f77ce08b564ccca55b5bdc08f36,639,0,29,4
0,19,0,1,0,0.018864589000000001,0.0041529999999999996,0.0041380000000000002,55517184,NA,NA,NA,NA,NA,NA,NA,NA,2408,135,5,1,3d4d37e7dcef36139698862d60d536450dfb480779ac0676046a82e065e8af0f,582,0,12,3
0,19,1,0,0,0.018558846,0.0039569999999999996,0.0039610000000000001,55451648,NA,NA,NA,NA,NA,NA,NA,NA,2408,135,5,1,3d4d37e7dcef36139698862d60d536450dfb480779ac0676046a82e065e8af0f,1029,0,11,3
0,20,0,1,1,0.055766107000000002,0.030584999999999998,0.013573999999999999,156381184,NA,NA,NA,NA,NA,NA,NA,NA,994016,407679,8197,1,76f10b65f44b546f736cef2848789238eb7a5f77ce08b564ccca55b5bdc08f36,1081,0,13,4
0,20,1,0,1,0.055486213000000006,0.040937999999999995,0.0031509999999999997,156512256,NA,NA,NA,NA,NA,NA,NA,NA,994016,407679,8197,1,76f10b65f44b546f736cef2848789238eb7a5f77ce08b564ccca55b5bdc08f36,1083,0,26,4
0,20,0,1,5,0.43746669700000002,0.38046999999999997,0.036715999999999999,1025601536,NA,NA,NA,NA,NA,NA,NA,NA,11457352,5690734,153602,512,388033e7552b3b3255277a47381a62d5067155e67b74e663ad0ac019ed72fc50,1605,0,223,5
0,20,1,0,5,0.43652141600000005,0.37611800000000001,0.039948999999999998,1025613824,NA,NA,NA,NA,NA,NA,NA,NA,11457352,5690734,153602,512,388033e7552b3b3255277a47381a62d5067155e67b74e663ad0ac019ed72fc50,1583,0,317,7
0,20,0,1,3,0.061004343000000003,0.039986999999999995,0.0092309999999999996,179253248,NA,NA,NA,NA,NA,NA,NA,NA,1968568,2240463,32773,1,c491f4791a93a71124b9219b05e718490cf6bd1c68b1ec8fc6a6550e31f844b1,1121,0,60,4
0,20,1,0,3,0.060794579000000001,0.039130999999999999,0.009774999999999999,179531776,NA,NA,NA,NA,NA,NA,NA,NA,1968568,2240463,32773,1,c491f4791a93a71124b9219b05e718490cf6bd1c68b1ec8fc6a6550e31f844b1,674,0,56,5
0,20,0,1,2,0.041723814000000005,0.017884000000000001,0.011922,130949120,NA,NA,NA,NA,NA,NA,NA,NA,837856,318511,16385,4096,b4f737276339a7626b246c204b626e79f9d9ec0f1f160233a5aa1c27728af83f,1068,0,25,3
0,20,1,0,2,0.041101689000000004,0.023816,0.0059299999999999995,131211264,NA,NA,NA,NA,NA,NA,NA,NA,837856,318511,16385,4096,b4f737276339a7626b246c204b626e79f9d9ec0f1f160233a5aa1c27728af83f,1071,0,27,4
0,20,0,1,0,0.019932289000000002,0.0059309999999999996,0.0029659999999999999,55480320,NA,NA,NA,NA,NA,NA,NA,NA,2408,135,5,1,3d4d37e7dcef36139698862d60d536450dfb480779ac0676046a82e065e8af0f,1030,0,10,3
0,20,1,0,0,0.018920043000000001,0.0054489999999999999,0.0027199999999999998,55308288,NA,NA,NA,NA,NA,NA,NA,NA,2408,135,5,1,3d4d37e7dcef36139698862d60d536450dfb480779ac0676046a82e065e8af0f,1030,0,11,3
0,20,0,1,4,0.19786452800000001,0.15859399999999998,0.019809999999999998,428716032,NA,NA,NA,NA,NA,NA,NA,NA,5833440,1882629,26625,512,0f41e20848de6408cce7b1c5f57f0212c9401233ca75c7b6652c8ea62bfcd43f,1244,0,189,6
0,20,1,0,4,0.20015403800000001,0.15010299999999999,0.030025999999999997,428597248,NA,NA,NA,NA,NA,NA,NA,NA,5833440,1882629,26625,512,0f41e20848de6408cce7b1c5f57f0212c9401233ca75c7b6652c8ea62bfcd43f,785,0,108,4
0,21,0,0,1,0.056008993000000007,0.034764999999999997,0.0094869999999999989,156434432,NA,NA,NA,NA,NA,NA,NA,NA,994016,407679,8197,1,76f10b65f44b546f736cef2848789238eb7a5f77ce08b564ccca55b5bdc08f36,1082,0,42,3
0,21,1,1,1,0.056192907,0.028724,0.015963999999999999,156569600,NA,NA,NA,NA,NA,NA,NA,NA,994016,407679,8197,1,76f10b65f44b546f736cef2848789238eb7a5f77ce08b564ccca55b5bdc08f36,1084,0,37,3
0,21,0,0,3,0.060411272000000002,0.038793999999999995,0.0096869999999999994,179740672,NA,NA,NA,NA,NA,NA,NA,NA,1968568,2240463,32773,1,c491f4791a93a71124b9219b05e718490cf6bd1c68b1ec8fc6a6550e31f844b1,684,0,59,5
0,21,1,1,3,0.060018356000000002,0.038792,0.009689999999999999,179372032,NA,NA,NA,NA,NA,NA,NA,NA,1968568,2240463,32773,1,c491f4791a93a71124b9219b05e718490cf6bd1c68b1ec8fc6a6550e31f844b1,678,0,33,2
0,21,0,0,2,0.040907925000000005,0.026255999999999998,0.003748,131096576,NA,NA,NA,NA,NA,NA,NA,NA,837856,318511,16385,4096,b4f737276339a7626b246c204b626e79f9d9ec0f1f160233a5aa1c27728af83f,1071,0,36,3
0,21,1,1,2,0.044804446000000005,0.026033999999999998,0.0037199999999999998,131223552,NA,NA,NA,NA,NA,NA,NA,NA,837856,318511,16385,4096,b4f737276339a7626b246c204b626e79f9d9ec0f1f160233a5aa1c27728af83f,1070,0,20,4
0,21,0,0,5,0.44298509800000002,0.35430899999999999,0.059596999999999997,1025490944,NA,NA,NA,NA,NA,NA,NA,NA,11457352,5690734,153602,512,388033e7552b3b3255277a47381a62d5067155e67b74e663ad0ac019ed72fc50,1583,0,112,8
0,21,1,1,5,0.436953596,0.37284,0.043282000000000001,1025826816,NA,NA,NA,NA,NA,NA,NA,NA,11457352,5690734,153602,512,388033e7552b3b3255277a47381a62d5067155e67b74e663ad0ac019ed72fc50,1587,0,209,7
0,21,0,0,4,0.198332225,0.15864599999999998,0.020249,428331008,NA,NA,NA,NA,NA,NA,NA,NA,5833440,1882629,26625,512,0f41e20848de6408cce7b1c5f57f0212c9401233ca75c7b6652c8ea62bfcd43f,1238,0,189,5
0,21,1,1,4,0.197987038,0.16189699999999999,0.01687,428769280,NA,NA,NA,NA,NA,NA,NA,NA,5833440,1882629,26625,512,0f41e20848de6408cce7b1c5f57f0212c9401233ca75c7b6652c8ea62bfcd43f,795,0,162,5
0,21,0,0,0,0.01986825,0.0029459999999999998,0.0058859999999999997,55222272,NA,NA,NA,NA,NA,NA,NA,NA,2408,135,5,1,3d4d37e7dcef36139698862d60d536450dfb480779ac0676046a82e065e8af0f,1026,0,11,3
0,21,1,1,0,0.019948772,0.005535,0.0027749999999999997,55480320,NA,NA,NA,NA,NA,NA,NA,NA,2408,135,5,1,3d4d37e7dcef36139698862d60d536450dfb480779ac0676046a82e065e8af0f,1031,0,9,4
0,22,0,1,0,0.018436527000000001,0.0039229999999999994,0.0039150000000000001,55246848,NA,NA,NA,NA,NA,NA,NA,NA,2408,135,5,1,3d4d37e7dcef36139698862d60d536450dfb480779ac0676046a82e065e8af0f,1027,0,10,3
0,22,1,0,0,0.018973043000000002,0.0041310000000000001,0.0041319999999999994,55111680,NA,NA,NA,NA,NA,NA,NA,NA,2408,135,5,1,3d4d37e7dcef36139698862d60d536450dfb480779ac0676046a82e065e8af0f,1027,0,11,3
0,22,0,1,5,0.455938069,0.36037599999999997,0.056713,1025650688,NA,NA,NA,NA,NA,NA,NA,NA,11457352,5690734,153602,512,388033e7552b3b3255277a47381a62d5067155e67b74e663ad0ac019ed72fc50,1580,0,312,7
0,22,1,0,5,0.43689825200000004,0.39318700000000001,0.023289999999999998,1025998848,NA,NA,NA,NA,NA,NA,NA,NA,11457352,5690734,153602,512,388033e7552b3b3255277a47381a62d5067155e67b74e663ad0ac019ed72fc50,1586,0,245,6
0,22,0,0,1,0.056154235000000004,0.037777999999999999,0.0068690000000000001,156336128,NA,NA,NA,NA,NA,NA,NA,NA,994016,407679,8197,1,76f10b65f44b546f736cef2848789238eb7a5f77ce08b564ccca55b5bdc08f36,1083,0,23,3
0,22,1,1,1,0.056173581,0.038224000000000001,0.0063769999999999999,156565504,NA,NA,NA,NA,NA,NA,NA,NA,994016,407679,8197,1,76f10b65f44b546f736cef2848789238eb7a5f77ce08b564ccca55b5bdc08f36,1084,0,36,5
0,22,0,0,2,0.040709714000000001,0.022862999999999998,0.006535,131284992,NA,NA,NA,NA,NA,NA,NA,NA,837856,318511,16385,4096,b4f737276339a7626b246c204b626e79f9d9ec0f1f160233a5aa1c27728af83f,626,0,26,4
0,22,1,1,2,0.046317261000000005,0.019903999999999998,0.0099629999999999996,131121152,NA,NA,NA,NA,NA,NA,NA,NA,837856,318511,16385,4096,b4f737276339a7626b246c204b626e79f9d9ec0f1f160233a5aa1c27728af83f,1068,0,23,4
0,22,0,0,4,0.197633636,0.168207,0.010093,428584960,NA,NA,NA,NA,NA,NA,NA,NA,5833440,1882629,26625,512,0f41e20848de6408cce7b1c5f57f0212c9401233ca75c7b6652c8ea62bfcd43f,1241,0,186,4
0,22,1,1,4,0.19884575700000001,0.17289399999999999,0.0066530000000000001,428298240,NA,NA,NA,NA,NA,NA,NA,NA,5833440,1882629,26625,512,0f41e20848de6408cce7b1c5f57f0212c9401233ca75c7b6652c8ea62bfcd43f,1235,0,189,6
0,22,0,0,3,0.060261641000000005,0.041654999999999998,0.0069470000000000001,179433472,NA,NA,NA,NA,NA,NA,NA,NA,1968568,2240463,32773,1,c491f4791a93a71124b9219b05e718490cf6bd1c68b1ec8fc6a6550e31f844b1,679,0,47,4
0,22,1,1,3,0.060591218000000002,0.045816999999999997,0.0035209999999999998,179281920,NA,NA,NA,NA,NA,NA,NA,NA,1968568,2240463,32773,1,c491f4791a93a71124b9219b05e718490cf6bd1c68b1ec8fc6a6550e31f844b1,1121,0,49,4
0,23,0,1,1,0.055964108000000005,0.034669999999999999,0.0094399999999999987,156332032,NA,NA,NA,NA,NA,NA,NA,NA,994016,407679,8197,1,76f10b65f44b546f736cef2848789238eb7a5f77ce08b564ccca55b5bdc08f36,1080,0,45,4
0,23,1,0,1,0.055618180000000003,0.037876,0.0062899999999999996,156631040,NA,NA,NA,NA,NA,NA,NA,NA,994016,407679,8197,1,76f10b65f44b546f736cef2848789238eb7a5f77ce08b564ccca55b5bdc08f36,636,0,28,5
0,23,0,1,2,0.040636366,0.022083999999999999,0.0073609999999999995,131432448,NA,NA,NA,NA,NA,NA,NA,NA,837856,318511,16385,4096,b4f737276339a7626b246c204b626e79f9d9ec0f1f160233a5aa1c27728af83f,622,0,25,3
0,23,1,0,2,0.040885303000000005,0.025932,0.0037079999999999999,131084288,NA,NA,NA,NA,NA,NA,NA,NA,837856,318511,16385,4096,b4f737276339a7626b246c204b626e79f9d9ec0f1f160233a5aa1c27728af83f,1070,0,26,4
0,23,0,0,0,0.018855211,0.0081589999999999996,0,55074816,NA,NA,NA,NA,NA,NA,NA,NA,2408,135,5,1,3d4d37e7dcef36139698862d60d536450dfb480779ac0676046a82e065e8af0f,1026,0,11,3
0,23,1,1,0,0.019680018000000001,0.0083590000000000001,0,55382016,NA,NA,NA,NA,NA,NA,NA,NA,2408,135,5,1,3d4d37e7dcef36139698862d60d536450dfb480779ac0676046a82e065e8af0f,1027,0,11,3
0,23,0,1,3,0.059609047000000005,0.035142,0.012792,179154944,NA,NA,NA,NA,NA,NA,NA,NA,1968568,2240463,32773,1,c491f4791a93a71124b9219b05e718490cf6bd1c68b1ec8fc6a6550e31f844b1,1119,0,34,4
0,23,1,0,3,0.060242105000000004,0.041737999999999997,0.0069569999999999996,179171328,NA,NA,NA,NA,NA,NA,NA,NA,1968568,2240463,32773,1,c491f4791a93a71124b9219b05e718490cf6bd1c68b1ec8fc6a6550e31f844b1,1123,0,48,4
0,23,0,1,4,0.19760338900000002,0.15190699999999999,0.026418999999999998,428699648,NA,NA,NA,NA,NA,NA,NA,NA,5833440,1882629,26625,512,0f41e20848de6408cce7b1c5f57f0212c9401233ca75c7b6652c8ea62bfcd43f,1245,0,173,5
0,23,1,0,4,0.19816015200000001,0.15199299999999999,0.027019999999999999,428871680,NA,NA,NA,NA,NA,NA,NA,NA,5833440,1882629,26625,512,0f41e20848de6408cce7b1c5f57f0212c9401233ca75c7b6652c8ea62bfcd43f,797,0,149,4
0,23,0,0,5,0.433875177,0.35960999999999999,0.053279,1025970176,NA,NA,NA,NA,NA,NA,NA,NA,11457352,5690734,153602,512,388033e7552b3b3255277a47381a62d5067155e67b74e663ad0ac019ed72fc50,1588,0,125,6
0,23,1,1,5,0.43805101000000002,0.376749,0.040364999999999998,1025765376,NA,NA,NA,NA,NA,NA,NA,NA,11457352,5690734,153602,512,388033e7552b3b3255277a47381a62d5067155e67b74e663ad0ac019ed72fc50,1589,0,201,7
0,24,0,0,2,0.040975271000000001,0.023198,0.0066189999999999999,131072000,NA,NA,NA,NA,NA,NA,NA,NA,837856,318511,16385,4096,b4f737276339a7626b246c204b626e79f9d9ec0f1f160233a5aa1c27728af83f,1069,0,19,3
0,24,1,1,2,0.041329185000000004,0.023153,0.0066,131031040,NA,NA,NA,NA,NA,NA,NA,NA,837856,318511,16385,4096,b4f737276339a7626b246c204b626e79f9d9ec0f1f160233a5aa1c27728af83f,1077,0,26,4
0,24,0,1,5,0.43743880500000004,0.37958900000000001,0.03696,1025789952,NA,NA,NA,NA,NA,NA,NA,NA,11457352,5690734,153602,512,388033e7552b3b3255277a47381a62d5067155e67b74e663ad0ac019ed72fc50,1585,0,282,6
0,24,1,0,5,0.44242965700000003,0.367479,0.046355,1025912832,NA,NA,NA,NA,NA,NA,NA,NA,11457352,5690734,153602,512,388033e7552b3b3255277a47381a62d5067155e67b74e663ad0ac019ed72fc50,1587,0,202,5
0,24,0,1,1,0.056287024000000005,0.037575999999999998,0.0068360000000000001,156385280,NA,NA,NA,NA,NA,NA,NA,NA,994016,407679,8197,1,76f10b65f44b546f736cef2848789238eb7a5f77ce08b564ccca55b5bdc08f36,1080,0,46,3
0,24,1,0,1,0.056216141000000004,0.027445999999999998,0.017128999999999998,156381184,NA,NA,NA,NA,NA,NA,NA,NA,994016,407679,8197,1,76f10b65f44b546f736cef2848789238eb7a5f77ce08b564ccca55b5bdc08f36,1082,0,29,2
0,24,0,1,0,0.019237438000000003,0.0084419999999999999,0,55193600,NA,NA,NA,NA,NA,NA,NA,NA,2408,135,5,1,3d4d37e7dcef36139698862d60d536450dfb480779ac0676046a82e065e8af0f,1026,0,10,3
0,24,1,0,0,0.018953055,0.0054919999999999995,0.0027269999999999998,55693312,NA,NA,NA,NA,NA,NA,NA,NA,2408,135,5,1,3d4d37e7dcef36139698862d60d536450dfb480779ac0676046a82e065e8af0f,587,0,11,3
0,24,0,1,3,0.060349125000000003,0.038071000000000001,0.010395999999999999,179728384,NA,NA,NA,NA,NA,NA,NA,NA,1968568,2240463,32773,1,c491f4791a93a71124b9219b05e718490cf6bd1c68b1ec8fc6a6550e31f844b1,678,0,37,4
0,24,1,0,3,0.060838721000000005,0.040021000000000001,0.0092439999999999987,179658752,NA,NA,NA,NA,NA,NA,NA,NA,1968568,2240463,32773,1,c491f4791a93a71124b9219b05e718490cf6bd1c68b1ec8fc6a6550e31f844b1,684,0,54,3
0,24,0,1,4,0.198226496,0.14564199999999999,0.033097999999999995,428756992,NA,NA,NA,NA,NA,NA,NA,NA,5833440,1882629,26625,512,0f41e20848de6408cce7b1c5f57f0212c9401233ca75c7b6652c8ea62bfcd43f,1256,0,36,6
0,24,1,0,4,0.19846289900000003,0.16573599999999999,0.013259,428597248,NA,NA,NA,NA,NA,NA,NA,NA,5833440,1882629,26625,512,0f41e20848de6408cce7b1c5f57f0212c9401233ca75c7b6652c8ea62bfcd43f,795,0,172,4
0,25,0,0,5,0.43456938700000003,0.35029299999999997,0.063376000000000002,1025691648,NA,NA,NA,NA,NA,NA,NA,NA,11457352,5690734,153602,512,388033e7552b3b3255277a47381a62d5067155e67b74e663ad0ac019ed72fc50,1592,0,228,8
0,25,1,1,5,0.45124798100000002,0.37000099999999997,0.047097,1025613824,NA,NA,NA,NA,NA,NA,NA,NA,11457352,5690734,153602,512,388033e7552b3b3255277a47381a62d5067155e67b74e663ad0ac019ed72fc50,1607,0,222,6
0,25,0,0,3,0.065647763999999997,0.032340000000000001,0.016161999999999999,179490816,NA,NA,NA,NA,NA,NA,NA,NA,1968568,2240463,32773,1,c491f4791a93a71124b9219b05e718490cf6bd1c68b1ec8fc6a6550e31f844b1,680,0,24,2
0,25,1,1,3,0.060143560000000006,0.048458000000000001,0,179183616,NA,NA,NA,NA,NA,NA,NA,NA,1968568,2240463,32773,1,c491f4791a93a71124b9219b05e718490cf6bd1c68b1ec8fc6a6550e31f844b1,1134,0,44,4
0,25,0,0,0,0.019847901000000001,0.0042810000000000001,0.0042839999999999996,55324672,NA,NA,NA,NA,NA,NA,NA,NA,2408,135,5,1,3d4d37e7dcef36139698862d60d536450dfb480779ac0676046a82e065e8af0f,1030,0,10,3
0,25,1,1,0,0.019699735000000003,0.0087320000000000002,0,55496704,NA,NA,NA,NA,NA,NA,NA,NA,2408,135,5,1,3d4d37e7dcef36139698862d60d536450dfb480779ac0676046a82e065e8af0f,1031,0,9,3
0,25,0,0,4,0.19726924300000001,0.15784899999999999,0.020153999999999998,428183552,NA,NA,NA,NA,NA,NA,NA,NA,5833440,1882629,26625,512,0f41e20848de6408cce7b1c5f57f0212c9401233ca75c7b6652c8ea62bfcd43f,1236,0,139,6
0,25,1,1,4,0.19912516000000002,0.16313800000000001,0.016642999999999998,428195840,NA,NA,NA,NA,NA,NA,NA,NA,5833440,1882629,26625,512,0f41e20848de6408cce7b1c5f57f0212c9401233ca75c7b6652c8ea62bfcd43f,1237,0,147,4
0,25,0,0,1,0.056372974000000006,0.034446999999999998,0.010343999999999999,156278784,NA,NA,NA,NA,NA,NA,NA,NA,994016,407679,8197,1,76f10b65f44b546f736cef2848789238eb7a5f77ce08b564ccca55b5bdc08f36,1081,0,26,3
0,25,1,1,1,0.061099772000000004,0.044232,0,156495872,NA,NA,NA,NA,NA,NA,NA,NA,994016,407679,8197,1,76f10b65f44b546f736cef2848789238eb7a5f77ce08b564ccca55b5bdc08f36,1082,0,33,4
0,25,0,1,2,0.041149608000000004,0.019843,0.0099229999999999995,131366912,NA,NA,NA,NA,NA,NA,NA,NA,837856,318511,16385,4096,b4f737276339a7626b246c204b626e79f9d9ec0f1f160233a5aa1c27728af83f,1072,0,30,4
0,25,1,0,2,0.041363098000000001,0.023365,0.0066709999999999998,131047424,NA,NA,NA,NA,NA,NA,NA,NA,837856,318511,16385,4096,b4f737276339a7626b246c204b626e79f9d9ec0f1f160233a5aa1c27728af83f,1071,0,30,3
0,26,0,1,4,0.19841072200000001,0.15578899999999998,0.023196999999999999,428490752,NA,NA,NA,NA,NA,NA,NA,NA,5833440,1882629,26625,512,0f41e20848de6408cce7b1c5f57f0212c9401233ca75c7b6652c8ea62bfcd43f,791,0,167,5
0,26,1,0,4,0.19790542500000002,0.16181399999999999,0.016860999999999998,428572672,NA,NA,NA,NA,NA,NA,NA,NA,5833440,1882629,26625,512,0f41e20848de6408cce7b1c5f57f0212c9401233ca75c7b6652c8ea62bfcd43f,1240,0,175,5
0,26,0,1,0,0.019327387000000001,0.0028699999999999997,0.0057429999999999998,55463936,NA,NA,NA,NA,NA,NA,NA,NA,2408,135,5,1,3d4d37e7dcef36139698862d60d536450dfb480779ac0676046a82e065e8af0f,1028,0,12,4
0,26,1,0,0,0.018737201000000002,0.0039719999999999998,0.0039919999999999999,55496704,NA,NA,NA,NA,NA,NA,NA,NA,2408,135,5,1,3d4d37e7dcef36139698862d60d536450dfb480779ac0676046a82e065e8af0f,1034,0,13,3
0,26,0,1,1,0.055674746000000004,0.037853999999999999,0.0063200000000000001,156385280,NA,NA,NA,NA,NA,NA,NA,NA,994016,407679,8197,1,76f10b65f44b546f736cef2848789238eb7a5f77ce08b564ccca55b5bdc08f36,1083,0,33,5
0,26,1,0,1,0.055593493000000001,0.037315000000000001,0.0067869999999999996,156696576,NA,NA,NA,NA,NA,NA,NA,NA,994016,407679,8197,1,76f10b65f44b546f736cef2848789238eb7a5f77ce08b564ccca55b5bdc08f36,640,0,30,4
0,26,0,0,5,0.45213600500000001,0.35627500000000001,0.056068,1025921024,NA,NA,NA,NA,NA,NA,NA,NA,11457352,5690734,153602,512,388033e7552b3b3255277a47381a62d5067155e67b74e663ad0ac019ed72fc50,1582,0,231,6
0,26,1,1,5,0.43713374200000005,0.366535,0.049988999999999999,1025822720,NA,NA,NA,NA,NA,NA,NA,NA,11457352,5690734,153602,512,388033e7552b3b3255277a47381a62d5067155e67b74e663ad0ac019ed72fc50,1586,0,282,5
0,26,0,1,3,0.060001434000000006,0.04505,0.003222,179286016,NA,NA,NA,NA,NA,NA,NA,NA,1968568,2240463,32773,1,c491f4791a93a71124b9219b05e718490cf6bd1c68b1ec8fc6a6550e31f844b1,675,0,40,5
0,26,1,0,3,0.065424967000000001,0.032446999999999997,0.016233000000000001,179404800,NA,NA,NA,NA,NA,NA,NA,NA,1968568,2240463,32773,1,c491f4791a93a71124b9219b05e718490cf6bd1c68b1ec8fc6a6550e31f844b1,680,0,46,4
0,26,0,0,2,0.041298877000000005,0.02332,0.0066470000000000001,131280896,NA,NA,NA,NA,NA,NA,NA,NA,837856,318511,16385,4096,b4f737276339a7626b246c204b626e79f9d9ec0f1f160233a5aa1c27728af83f,1074,0,19,4
0,26,1,1,2,0.040979540000000002,0.026195,0.0032729999999999999,130920448,NA,NA,NA,NA,NA,NA,NA,NA,837856,318511,16385,4096,b4f737276339a7626b246c204b626e79f9d9ec0f1f160233a5aa1c27728af83f,1064,0,28,3
0,27,0,0,1,0.056404774000000005,0.037981000000000001,0.0063330000000000001,156303360,NA,NA,NA,NA,NA,NA,NA,NA,994016,407679,8197,1,76f10b65f44b546f736cef2848789238eb7a5f77ce08b564ccca55b5bdc08f36,1083,0,27,4
0,27,1,1,1,0.056090685000000001,0.037571,0.0068339999999999998,156639232,NA,NA,NA,NA,NA,NA,NA,NA,994016,407679,8197,1,76f10b65f44b546f736cef2848789238eb7a5f77ce08b564ccca55b5bdc08f36,632,0,31,4
0,27,0,0,4,0.19795724000000001,0.15897899999999998,0.019878,428597248,NA,NA,NA,NA,NA,NA,NA,NA,5833440,1882629,26625,512,0f41e20848de6408cce7b1c5f57f0212c9401233ca75c7b6652c8ea62bfcd43f,792,0,166,6
0,27,1,1,4,0.19907369400000002,0.16645399999999999,0.013309999999999999,428376064,NA,NA,NA,NA,NA,NA,NA,NA,5833440,1882629,26625,512,0f41e20848de6408cce7b1c5f57f0212c9401233ca75c7b6652c8ea62bfcd43f,1235,0,178,5
0,27,0,0,0,0.019863570000000001,0.0044359999999999998,0.004437,55574528,NA,NA,NA,NA,NA,NA,NA,NA,2408,135,5,1,3d4d37e7dcef36139698862d60d536450dfb480779ac0676046a82e065e8af0f,585,0,11,3
0,27,1,1,0,0.019234423,0.0083160000000000005,0,55095296,NA,NA,NA,NA,NA,NA,NA,NA,2408,135,5,1,3d4d37e7dcef36139698862d60d536450dfb480779ac0676046a82e065e8af0f,1024,0,11,3
0,27,0,0,3,0.060115417000000004,0.038739999999999997,0.0096829999999999989,179183616,NA,NA,NA,NA,NA,NA,NA,NA,1968568,2240463,32773,1,c491f4791a93a71124b9219b05e718490cf6bd1c68b1ec8fc6a6550e31f844b1,1123,0,41,5
0,27,1,1,3,0.060507182000000007,0.038981999999999996,0.0097469999999999987,179490816,NA,NA,NA,NA,NA,NA,NA,NA,1968568,2240463,32773,1,c491f4791a93a71124b9219b05e718490cf6bd1c68b1ec8fc6a6550e31f844b1,681,0,32,4
0,27,0,1,2,0.041030695000000006,0.023181,0.0066119999999999998,131203072,NA,NA,NA,NA,NA,NA,NA,NA,837856,318511,16385,4096,b4f737276339a7626b246c204b626e79f9d9ec0f1f160233a5aa1c27728af83f,1071,0,20,3
0,27,1,0,2,0.041155078000000005,0.020926999999999998,0.0089750000000000003,131059712,NA,NA,NA,NA,NA,NA,NA,NA,837856,318511,16385,4096,b4f737276339a7626b246c204b626e79f9d9ec0f1f160233a5aa1c27728af83f,1068,0,31,3
0,27,0,1,5,0.44926316100000002,0.37312699999999999,0.047076,1025622016,NA,NA,NA,NA,NA,NA,NA,NA,11457352,5690734,153602,512,388033e7552b3b3255277a47381a62d5067155e67b74e663ad0ac019ed72fc50,1581,0,155,5
0,27,1,0,5,0.44850240400000002,0.36397199999999996,0.049638999999999996,1025675264,NA,NA,NA,NA,NA,NA,NA,NA,11457352,5690734,153602,512,388033e7552b3b3255277a47381a62d5067155e67b74e663ad0ac019ed72fc50,1581,0,80,5
0,28,0,0,5,0.43581563300000004,0.377772,0.037103999999999998,1025994752,NA,NA,NA,NA,NA,NA,NA,NA,11457352,5690734,153602,512,388033e7552b3b3255277a47381a62d5067155e67b74e663ad0ac019ed72fc50,1622,0,175,6
0,28,1,1,5,0.444701864,0.35951699999999998,0.056056999999999996,1025830912,NA,NA,NA,NA,NA,NA,NA,NA,11457352,5690734,153602,512,388033e7552b3b3255277a47381a62d5067155e67b74e663ad0ac019ed72fc50,1586,0,139,8
0,28,0,0,4,0.21022358600000002,0.173597,0.0066809999999999994,428314624,NA,NA,NA,NA,NA,NA,NA,NA,5833440,1882629,26625,512,0f41e20848de6408cce7b1c5f57f0212c9401233ca75c7b6652c8ea62bfcd43f,1234,0,110,6
0,28,1,1,4,0.19827982700000002,0.16919599999999999,0.0099579999999999998,428789760,NA,NA,NA,NA,NA,NA,NA,NA,5833440,1882629,26625,512,0f41e20848de6408cce7b1c5f57f0212c9401233ca75c7b6652c8ea62bfcd43f,796,0,133,5
0,28,0,0,0,0.019263416000000002,0.005705,0.002843,55316480,NA,NA,NA,NA,NA,NA,NA,NA,2408,135,5,1,3d4d37e7dcef36139698862d60d536450dfb480779ac0676046a82e065e8af0f,1026,0,11,3
0,28,1,1,0,0.01856617,0.002611,0.0052239999999999995,55451648,NA,NA,NA,NA,NA,NA,NA,NA,2408,135,5,1,3d4d37e7dcef36139698862d60d536450dfb480779ac0676046a82e065e8af0f,576,0,12,3
0,28,0,1,1,0.056401368,0.031504999999999998,0.01261,156463104,NA,NA,NA,NA,NA,NA,NA,NA,994016,407679,8197,1,76f10b65f44b546f736cef2848789238eb7a5f77ce08b564ccca55b5bdc08f36,1084,0,35,5
0,28,1,0,1,0.055935204000000002,0.037449999999999997,0.0068079999999999998,156434432,NA,NA,NA,NA,NA,NA,NA,NA,994016,407679,8197,1,76f10b65f44b546f736cef2848789238eb7a5f77ce08b564ccca55b5bdc08f36,1081,0,41,4
0,28,0,0,3,0.060924132000000006,0.039142999999999997,0.0097920000000000004,179142656,NA,NA,NA,NA,NA,NA,NA,NA,1968568,2240463,32773,1,c491f4791a93a71124b9219b05e718490cf6bd1c68b1ec8fc6a6550e31f844b1,1123,0,35,4
0,28,1,1,3,0.060009188000000005,0.037787000000000001,0.010312,179212288,NA,NA,NA,NA,NA,NA,NA,NA,1968568,2240463,32773,1,c491f4791a93a71124b9219b05e718490cf6bd1c68b1ec8fc6a6550e31f844b1,1122,0,19,4
0,28,0,0,2,0.041025205000000002,0.022272999999999998,0.0074279999999999997,131203072,NA,NA,NA,NA,NA,NA,NA,NA,837856,318511,16385,4096,b4f737276339a7626b246c204b626e79f9d9ec0f1f160233a5aa1c27728af83f,1069,0,27,3
0,28,1,1,2,0.040718830000000004,0.026117999999999999,0.003261,131354624,NA,NA,NA,NA,NA,NA,NA,NA,837856,318511,16385,4096,b4f737276339a7626b246c204b626e79f9d9ec0f1f160233a5aa1c27728af83f,1109,0,27,2
0,29,0,0,1,0.055705244000000001,0.040993999999999996,0.003418,156737536,NA,NA,NA,NA,NA,NA,NA,NA,994016,407679,8197,1,76f10b65f44b546f736cef2848789238eb7a5f77ce08b564ccca55b5bdc08f36,641,0,37,4
0,29,1,1,1,0.056039009000000001,0.038009000000000001,0.0063169999999999997,156352512,NA,NA,NA,NA,NA,NA,NA,NA,994016,407679,8197,1,76f10b65f44b546f736cef2848789238eb7a5f77ce08b564ccca55b5bdc08f36,1081,0,35,4
0,29,0,1,4,0.19813058600000003,0.162388,0.016560999999999999,428703744,NA,NA,NA,NA,NA,NA,NA,NA,5833440,1882629,26625,512,0f41e20848de6408cce7b1c5f57f0212c9401233ca75c7b6652c8ea62bfcd43f,1242,0,192,5
0,29,1,0,4,0.19818116100000002,0.16558499999999998,0.013252999999999999,428863488,NA,NA,NA,NA,NA,NA,NA,NA,5833440,1882629,26625,512,0f41e20848de6408cce7b1c5f57f0212c9401233ca75c7b6652c8ea62bfcd43f,799,0,179,4
0,29,0,1,3,0.060199654000000005,0.041343999999999999,0.0068989999999999998,179552256,NA,NA,NA,NA,NA,NA,NA,NA,1968568,2240463,32773,1,c491f4791a93a71124b9219b05e718490cf6bd1c68b1ec8fc6a6550e31f844b1,683,0,48,4
0,29,1,0,3,0.062855261000000009,0.038398999999999996,0.010449,179535872,NA,NA,NA,NA,NA,NA,NA,NA,1968568,2240463,32773,1,c491f4791a93a71124b9219b05e718490cf6bd1c68b1ec8fc6a6550e31f844b1,679,0,46,4
0,29,0,1,2,0.041101929000000002,0.023061999999999999,0.0065949999999999993,131461120,NA,NA,NA,NA,NA,NA,NA,NA,837856,318511,16385,4096,b4f737276339a7626b246c204b626e79f9d9ec0f1f160233a5aa1c27728af83f,623,0,29,4
0,29,1,0,2,0.040913646000000005,0.019806999999999998,0.0099150000000000002,131072000,NA,NA,NA,NA,NA,NA,NA,NA,837856,318511,16385,4096,b4f737276339a7626b246c204b626e79f9d9ec0f1f160233a5aa1c27728af83f,1070,0,23,4
0,29,0,1,5,0.44969888700000005,0.374579,0.046404000000000001,1025875968,NA,NA,NA,NA,NA,NA,NA,NA,11457352,5690734,153602,512,388033e7552b3b3255277a47381a62d5067155e67b74e663ad0ac019ed72fc50,1583,0,202,7
0,29,1,0,5,0.43771768700000002,0.37659499999999996,0.040001999999999996,1025974272,NA,NA,NA,NA,NA,NA,NA,NA,11457352,5690734,153602,512,388033e7552b3b3255277a47381a62d5067155e67b74e663ad0ac019ed72fc50,1140,0,270,6
0,29,0,1,0,0.020225530000000002,0.0043569999999999998,0.0043569999999999998,55607296,NA,NA,NA,NA,NA,NA,NA,NA,2408,135,5,1,3d4d37e7dcef36139698862d60d536450dfb480779ac0676046a82e065e8af0f,586,0,10,4
0,29,1,0,0,0.020110405000000001,0.0041739999999999998,0.0041669999999999997,55214080,NA,NA,NA,NA,NA,NA,NA,NA,2408,135,5,1,3d4d37e7dcef36139698862d60d536450dfb480779ac0676046a82e065e8af0f,1028,0,11,3
0,30,0,0,0,0.019725131,0.006156,0.0020469999999999998,55468032,NA,NA,NA,NA,NA,NA,NA,NA,2408,135,5,1,3d4d37e7dcef36139698862d60d536450dfb480779ac0676046a82e065e8af0f,584,0,11,3
0,30,1,1,0,0.019903717000000001,0.0062550000000000001,0.0020720000000000001,55214080,NA,NA,NA,NA,NA,NA,NA,NA,2408,135,5,1,3d4d37e7dcef36139698862d60d536450dfb480779ac0676046a82e065e8af0f,1026,0,11,3
0,30,0,1,1,0.055473980000000006,0.030339999999999999,0.013460999999999999,156753920,NA,NA,NA,NA,NA,NA,NA,NA,994016,407679,8197,1,76f10b65f44b546f736cef2848789238eb7a5f77ce08b564ccca55b5bdc08f36,640,0,16,3
0,30,1,0,1,0.055799870000000001,0.037623999999999998,0.0068209999999999998,156348416,NA,NA,NA,NA,NA,NA,NA,NA,994016,407679,8197,1,76f10b65f44b546f736cef2848789238eb7a5f77ce08b564ccca55b5bdc08f36,1083,0,37,5
0,30,0,0,3,0.060384683000000001,0.041776000000000001,0.0069670000000000001,179015680,NA,NA,NA,NA,NA,NA,NA,NA,1968568,2240463,32773,1,c491f4791a93a71124b9219b05e718490cf6bd1c68b1ec8fc6a6550e31f844b1,1121,0,35,4
0,30,1,1,3,0.059848928000000003,0.045371999999999996,0.003238,179220480,NA,NA,NA,NA,NA,NA,NA,NA,1968568,2240463,32773,1,c491f4791a93a71124b9219b05e718490cf6bd1c68b1ec8fc6a6550e31f844b1,1123,0,61,4
0,30,0,1,2,0.040480394000000003,0.019649,0.0098370000000000003,131166208,NA,NA,NA,NA,NA,NA,NA,NA,837856,318511,16385,4096,b4f737276339a7626b246c204b626e79f9d9ec0f1f160233a5aa1c27728af83f,1068,0,38,4
0,30,1,0,2,0.040868391000000004,0.016587999999999999,0.013283999999999999,131244032,NA,NA,NA,NA,NA,NA,NA,NA,837856,318511,16385,4096,b4f737276339a7626b246c204b626e79f9d9ec0f1f160233a5aa1c27728af83f,1070,0,39,3
0,30,0,1,5,0.44893693900000003,0.35534099999999996,0.063111,1025806336,NA,NA,NA,NA,NA,NA,NA,NA,11457352,5690734,153602,512,388033e7552b3b3255277a47381a62d5067155e67b74e663ad0ac019ed72fc50,1583,0,260,7
0,30,1,0,5,0.44336277400000002,0.35444899999999996,0.060206999999999997,1025871872,NA,NA,NA,NA,NA,NA,NA,NA,11457352,5690734,153602,512,388033e7552b3b3255277a47381a62d5067155e67b74e663ad0ac019ed72fc50,1585,0,161,7
0,30,0,0,4,0.19860554600000002,0.156551,0.022820999999999998,428253184,NA,NA,NA,NA,NA,NA,NA,NA,5833440,1882629,26625,512,0f41e20848de6408cce7b1c5f57f0212c9401233ca75c7b6652c8ea62bfcd43f,1234,0,106,5
0,30,1,1,4,0.19792093400000002,0.158419,0.020227999999999999,428392448,NA,NA,NA,NA,NA,NA,NA,NA,5833440,1882629,26625,512,0f41e20848de6408cce7b1c5f57f0212c9401233ca75c7b6652c8ea62bfcd43f,1237,0,190,5
0,31,0,1,4,0.19876405300000002,0.14954099999999998,0.029897,428474368,NA,NA,NA,NA,NA,NA,NA,NA,5833440,1882629,26625,512,0f41e20848de6408cce7b1c5f57f0212c9401233ca75c7b6652c8ea62bfcd43f,1240,0,142,5
0,31,1,0,4,0.19806136700000002,0.16227,0.016545999999999998,428490752,NA,NA,NA,NA,NA,NA,NA,NA,5833440,1882629,26625,512,0f41e20848de6408cce7b1c5f57f0212c9401233ca75c7b6652c8ea62bfcd43f,1254,0,153,4
0,31,0,1,3,0.069565916000000005,0.038191999999999997,0.010404999999999999,179023872,NA,NA,NA,NA,NA,NA,NA,NA,1968568,2240463,32773,1,c491f4791a93a71124b9219b05e718490cf6bd1c68b1ec8fc6a6550e31f844b1,1117,0,48,3
0,31,1,0,3,0.060090419000000006,0.034551999999999999,0.013835999999999999,179179520,NA,NA,NA,NA,NA,NA,NA,NA,1968568,2240463,32773,1,c491f4791a93a71124b9219b05e718490cf6bd1c68b1ec8fc6a6550e31f844b1,1125,0,49,4
0,31,0,1,0,0.018716201000000002,0.0081440000000000002,0,55504896,NA,NA,NA,NA,NA,NA,NA,NA,2408,135,5,1,3d4d37e7dcef36139698862d60d536450dfb480779ac0676046a82e065e8af0f,584,0,11,3
0,31,1,0,0,0.018812612000000003,0.0054069999999999995,0.0027079999999999999,55349248,NA,NA,NA,NA,NA,NA,NA,NA,2408,135,5,1,3d4d37e7dcef36139698862d60d536450dfb480779ac0676046a82e065e8af0f,1030,0,11,3
0,31,0,0,1,0.055783270000000003,0.034786999999999998,0.0094909999999999994,156303360,NA,NA,NA,NA,NA,NA,NA,NA,994016,407679,8197,1,76f10b65f44b546f736cef2848789238eb7a5f77ce08b564ccca55b5bdc08f36,1083,0,26,7
0,31,1,1,1,0.055556354000000002,0.040611999999999995,0.0033679999999999999,156962816,NA,NA,NA,NA,NA,NA,NA,NA,994016,407679,8197,1,76f10b65f44b546f736cef2848789238eb7a5f77ce08b564ccca55b5bdc08f36,642,0,20,4
0,31,0,0,2,0.040929566000000001,0.023866999999999999,0.0059679999999999993,131100672,NA,NA,NA,NA,NA,NA,NA,NA,837856,318511,16385,4096,b4f737276339a7626b246c204b626e79f9d9ec0f1f160233a5aa1c27728af83f,1092,0,37,4
0,31,1,1,2,0.040975894000000006,0.019820999999999998,0.0099109999999999997,131014656,NA,NA,NA,NA,NA,NA,NA,NA,837856,318511,16385,4096,b4f737276339a7626b246c204b626e79f9d9ec0f1f160233a5aa1c27728af83f,1067,0,28,3
0,31,0,0,5,0.44398936800000005,0.37714300000000001,0.036726000000000002,1025662976,NA,NA,NA,NA,NA,NA,NA,NA,11457352,5690734,153602,512,388033e7552b3b3255277a47381a62d5067155e67b74e663ad0ac019ed72fc50,1581,0,146,5
0,31,1,1,5,0.43868564900000001,0.36038100000000001,0.057245999999999998,1025687552,NA,NA,NA,NA,NA,NA,NA,NA,11457352,5690734,153602,512,388033e7552b3b3255277a47381a62d5067155e67b74e663ad0ac019ed72fc50,1583,0,59,6
0,32,0,0,2,0.041199702000000005,0.026682999999999998,0.0033369999999999997,131153920,NA,NA,NA,NA,NA,NA,NA,NA,837856,318511,16385,4096,b4f737276339a7626b246c204b626e79f9d9ec0f1f160233a5aa1c27728af83f,1071,0,35,5
0,32,1,1,2,0.040970733000000002,0.020916000000000001,0.0089509999999999989,131043328,NA,NA,NA,NA,NA,NA,NA,NA,837856,318511,16385,4096,b4f737276339a7626b246c204b626e79f9d9ec0f1f160233a5aa1c27728af83f,1092,0,32,4
0,32,0,1,1,0.05604514,0.028742,0.015969999999999998,156676096,NA,NA,NA,NA,NA,NA,NA,NA,994016,407679,8197,1,76f10b65f44b546f736cef2848789238eb7a5f77ce08b564ccca55b5bdc08f36,1087,0,36,3
0,32,1,0,1,0.055815531000000002,0.038078000000000001,0.0063279999999999994,156606464,NA,NA,NA,NA,NA,NA,NA,NA,994016,407679,8197,1,76f10b65f44b546f736cef2848789238eb7a5f77ce08b564ccca55b5bdc08f36,639,0,24,4
0,32,0,0,5,0.43296423000000001,0.36328899999999997,0.049977999999999995,1025720320,NA,NA,NA,NA,NA,NA,NA,NA,11457352,5690734,153602,512,388033e7552b3b3255277a47381a62d5067155e67b74e663ad0ac019ed72fc50,1582,0,327,6
0,32,1,1,5,0.45171256900000001,0.37321899999999997,0.043723999999999999,1025925120,NA,NA,NA,NA,NA,NA,NA,NA,11457352,5690734,153602,512,388033e7552b3b3255277a47381a62d5067155e67b74e663ad0ac019ed72fc50,1130,0,171,6
0,32,0,0,3,0.060297378000000006,0.041791999999999996,0.0069719999999999999,179253248,NA,NA,NA,NA,NA,NA,NA,NA,1968568,2240463,32773,1,c491f4791a93a71124b9219b05e718490cf6bd1c68b1ec8fc6a6550e31f844b1,1123,0,39,4
0,32,1,1,3,0.060197431000000003,0.045162000000000001,0.0034759999999999999,179163136,NA,NA,NA,NA,NA,NA,NA,NA,1968568,2240463,32773,1,c491f4791a93a71124b9219b05e718490cf6bd1c68b1ec8fc6a6550e31f844b1,1121,0,42,4
0,32,0,0,4,0.19781352300000002,0.15848799999999999,0.020232999999999998,428347392,NA,NA,NA,NA,NA,NA,NA,NA,5833440,1882629,26625,512,0f41e20848de6408cce7b1c5f57f0212c9401233ca75c7b6652c8ea62bfcd43f,1235,0,175,5
0,32,1,1,4,0.19852282100000002,0.165709,0.013533999999999999,428392448,NA,NA,NA,NA,NA,NA,NA,NA,5833440,1882629,26625,512,0f41e20848de6408cce7b1c5f57f0212c9401233ca75c7b6652c8ea62bfcd43f,1236,0,150,5
0,32,0,1,0,0.019646104000000001,0.0058899999999999994,0.002931,55279616,NA,NA,NA,NA,NA,NA,NA,NA,2408,135,5,1,3d4d37e7dcef36139698862d60d536450dfb480779ac0676046a82e065e8af0f,1026,0,11,4
0,32,1,0,0,0.019978998000000001,0.0054669999999999996,0.002725,55652352,NA,NA,NA,NA,NA,NA,NA,NA,2408,135,5,1,3d4d37e7dcef36139698862d60d536450dfb480779ac0676046a82e065e8af0f,587,0,11,3
0,33,0,1,3,0.059770501000000004,0.044886999999999996,0.0034549999999999997,178970624,NA,NA,NA,NA,NA,NA,NA,NA,1968568,2240463,32773,1,c491f4791a93a71124b9219b05e718490cf6bd1c68b1ec8fc6a6550e31f844b1,1119,0,49,5
0,33,1,0,3,0.060771225000000005,0.042779999999999999,0.0061129999999999995,179265536,NA,NA,NA,NA,NA,NA,NA,NA,1968568,2240463,32773,1,c491f4791a93a71124b9219b05e718490cf6bd1c68b1ec8fc6a6550e31f844b1,1126,0,54,4
0,33,0,1,2,0.041076311000000004,0.019889999999999998,0.0099499999999999988,131248128,NA,NA,NA,NA,NA,NA,NA,NA,837856,318511,16385,4096,b4f737276339a7626b246c204b626e79f9d9ec0f1f160233a5aa1c27728af83f,1070,0,27,4
0,33,1,0,2,0.040820451000000001,0.023060999999999998,0.0065979999999999997,131543040,NA,NA,NA,NA,NA,NA,NA,NA,837856,318511,16385,4096,b4f737276339a7626b246c204b626e79f9d9ec0f1f160233a5aa1c27728af83f,629,0,24,5
0,33,0,1,5,0.43627355000000001,0.35603599999999996,0.059891,1026056192,NA,NA,NA,NA,NA,NA,NA,NA,11457352,5690734,153602,512,388033e7552b3b3255277a47381a62d5067155e67b74e663ad0ac019ed72fc50,1143,0,240,5
0,33,1,0,5,0.442251271,0.37084699999999998,0.043057999999999999,1025581056,NA,NA,NA,NA,NA,NA,NA,NA,11457352,5690734,153602,512,388033e7552b3b3255277a47381a62d5067155e67b74e663ad0ac019ed72fc50,1585,0,256,6
0,33,0,1,4,0.19835096900000002,0.16237399999999999,0.016919,428429312,NA,NA,NA,NA,NA,NA,NA,NA,5833440,1882629,26625,512,0f41e20848de6408cce7b1c5f57f0212c9401233ca75c7b6652c8ea62bfcd43f,1236,0,113,5
0,33,1,0,4,0.19752819800000002,0.15134899999999998,0.026889,428564480,NA,NA,NA,NA,NA,NA,NA,NA,5833440,1882629,26625,512,0f41e20848de6408cce7b1c5f57f0212c9401233ca75c7b6652c8ea62bfcd43f,1239,0,110,4
0,33,0,0,1,0.055683402000000007,0.041050999999999997,0.0034249999999999997,156422144,NA,NA,NA,NA,NA,NA,NA,NA,994016,407679,8197,1,76f10b65f44b546f736cef2848789238eb7a5f77ce08b564ccca55b5bdc08f36,1082,0,25,4
0,33,1,1,1,0.055950283000000003,0.030643999999999998,0.013623999999999999,156454912,NA,NA,NA,NA,NA,NA,NA,NA,994016,407679,8197,1,76f10b65f44b546f736cef2848789238eb7a5f77ce08b564ccca55b5bdc08f36,1083,0,19,5
0,33,0,0,0,0.019092106000000001,0.0056839999999999998,0.0028389999999999999,55431168,NA,NA,NA,NA,NA,NA,NA,NA,2408,135,5,1,3d4d37e7dcef36139698862d60d536450dfb480779ac0676046a82e065e8af0f,585,0,11,3
0,33,1,1,0,0.018649997000000001,0.0080309999999999999,0,55275520,NA,NA,NA,NA,NA,NA,NA,NA,2408,135,5,1,3d4d37e7dcef36139698862d60d536450dfb480779ac0676046a82e065e8af0f,1026,0,11,3
0,34,0,1,5,0.45182366900000004,0.38053599999999999,0.037055999999999999,1025888256,NA,NA,NA,NA,NA,NA,NA,NA,11457352,5690734,153602,512,388033e7552b3b3255277a47381a62d5067155e67b74e663ad0ac019ed72fc50,1139,0,51,9
0,34,1,0,5,0.43738449300000004,0.36331199999999997,0.050014999999999997,1025720320,NA,NA,NA,NA,NA,NA,NA,NA,11457352,5690734,153602,512,388033e7552b3b3255277a47381a62d5067155e67b74e663ad0ac019ed72fc50,1582,0,244,6
0,34,0,1,2,0.040908236000000001,0.019903999999999998,0.009946,131559424,NA,NA,NA,NA,NA,NA,NA,NA,837856,318511,16385,4096,b4f737276339a7626b246c204b626e79f9d9ec0f1f160233a5aa1c27728af83f,629,0,19,4
0,34,1,0,2,0.04100674,0.019875999999999998,0.009946,131268608,NA,NA,NA,NA,NA,NA,NA,NA,837856,318511,16385,4096,b4f737276339a7626b246c204b626e79f9d9ec0f1f160233a5aa1c27728af83f,623,0,32,4
0,34,0,0,3,0.060139623000000003,0.035704,0.012981999999999999,179269632,NA,NA,NA,NA,NA,NA,NA,NA,1968568,2240463,32773,1,c491f4791a93a71124b9219b05e718490cf6bd1c68b1ec8fc6a6550e31f844b1,1125,0,35,5
0,34,1,1,3,0.060110678000000001,0.045377000000000001,0.003473,179187712,NA,NA,NA,NA,NA,NA,NA,NA,1968568,2240463,32773,1,c491f4791a93a71124b9219b05e718490cf6bd1c68b1ec8fc6a6550e31f844b1,1123,0,40,4
0,34,0,0,0,0.018902470000000001,0.0041710000000000002,0.0041779999999999994,55201792,NA,NA,NA,NA,NA,NA,NA,NA,2408,135,5,1,3d4d37e7dcef36139698862d60d536450dfb480779ac0676046a82e065e8af0f,1028,0,11,3
0,34,1,1,0,0.018476482000000002,0.0052819999999999994,0.0026409999999999997,55156736,NA,NA,NA,NA,NA,NA,NA,NA,2408,135,5,1,3d4d37e7dcef36139698862d60d536450dfb480779ac0676046a82e065e8af0f,1024,0,13,3
0,34,0,0,4,0.19805640800000002,0.16818900000000001,0.010088999999999999,428564480,NA,NA,NA,NA,NA,NA,NA,NA,5833440,1882629,26625,512,0f41e20848de6408cce7b1c5f57f0212c9401233ca75c7b6652c8ea62bfcd43f,1240,0,96,5
0,34,1,1,4,0.198140074,0.16226199999999999,0.016555999999999998,428355584,NA,NA,NA,NA,NA,NA,NA,NA,5833440,1882629,26625,512,0f41e20848de6408cce7b1c5f57f0212c9401233ca75c7b6652c8ea62bfcd43f,1233,0,157,4
0,34,0,1,1,0.056404002000000002,0.032080999999999998,0.012818999999999999,156594176,NA,NA,NA,NA,NA,NA,NA,NA,994016,407679,8197,1,76f10b65f44b546f736cef2848789238eb7a5f77ce08b564ccca55b5bdc08f36,1085,0,23,4
0,34,1,0,1,0.055695855000000002,0.031545999999999998,0.012629,156454912,NA,NA,NA,NA,NA,NA,NA,NA,994016,407679,8197,1,76f10b65f44b546f736cef2848789238eb7a5f77ce08b564ccca55b5bdc08f36,638,0,20,3
0,35,0,0,5,0.43652175600000004,0.40377799999999997,0.013205,1025826816,NA,NA,NA,NA,NA,NA,NA,NA,11457352,5690734,153602,512,388033e7552b3b3255277a47381a62d5067155e67b74e663ad0ac019ed72fc50,1583,0,380,6
0,35,1,1,5,0.44488216000000003,0.36646399999999996,0.049540999999999995,1025900544,NA,NA,NA,NA,NA,NA,NA,NA,11457352,5690734,153602,512,388033e7552b3b3255277a47381a62d5067155e67b74e663ad0ac019ed72fc50,1586,0,208,7
0,35,0,0,1,0.055523953000000001,0.041020999999999995,0.003421,156332032,NA,NA,NA,NA,NA,NA,NA,NA,994016,407679,8197,1,76f10b65f44b546f736cef2848789238eb7a5f77ce08b564ccca55b5bdc08f36,1083,0,23,4
0,35,1,1,1,0.056165065,0.037732999999999996,0.0068669999999999998,156643328,NA,NA,NA,NA,NA,NA,NA,NA,994016,407679,8197,1,76f10b65f44b546f736cef2848789238eb7a5f77ce08b564ccca55b5bdc08f36,1085,0,36,4
0,35,0,1,0,0.019445438000000002,0.0028439999999999997,0.0056709999999999998,55238656,NA,NA,NA,NA,NA,NA,NA,NA,2408,135,5,1,3d4d37e7dcef36139698862d60d536450dfb480779ac0676046a82e065e8af0f,1028,0,10,3
0,35,1,0,0,0.019864804,0.0056979999999999999,0.0028549999999999999,55640064,NA,NA,NA,NA,NA,NA,NA,NA,2408,135,5,1,3d4d37e7dcef36139698862d60d536450dfb480779ac0676046a82e065e8af0f,588,0,9,4
0,35,0,1,4,0.19830646600000001,0.16886199999999998,0.010107999999999999,428429312,NA,NA,NA,NA,NA,NA,NA,NA,5833440,1882629,26625,512,0f41e20848de6408cce7b1c5f57f0212c9401233ca75c7b6652c8ea62bfcd43f,1238,0,171,6
0,35,1,0,4,0.19688185700000002,0.16419,0.013406,428683264,NA,NA,NA,NA,NA,NA,NA,NA,5833440,1882629,26625,512,0f41e20848de6408cce7b1c5f57f0212c9401233ca75c7b6652c8ea62bfcd43f,1244,0,117,6
0,35,0,1,3,0.059605732000000002,0.038595999999999998,0.0096399999999999993,179458048,NA,NA,NA,NA,NA,NA,NA,NA,1968568,2240463,32773,1,c491f4791a93a71124b9219b05e718490cf6bd1c68b1ec8fc6a6550e31f844b1,679,0,43,4
0,35,1,0,3,0.060395761000000006,0.035860999999999997,0.013032,179261440,NA,NA,NA,NA,NA,NA,NA,NA,1968568,2240463,32773,1,c491f4791a93a71124b9219b05e718490cf6bd1c68b1ec8fc6a6550e31f844b1,1125,0,51,4
0,35,0,0,2,0.041068826000000003,0.026638999999999999,0.0033300000000000001,131256320,NA,NA,NA,NA,NA,NA,NA,NA,837856,318511,16385,4096,b4f737276339a7626b246c204b626e79f9d9ec0f1f160233a5aa1c27728af83f,1069,0,20,3
0,35,1,1,2,0.041313405000000004,0.023438999999999998,0.0066899999999999998,131297280,NA,NA,NA,NA,NA,NA,NA,NA,837856,318511,16385,4096,b4f737276339a7626b246c204b626e79f9d9ec0f1f160233a5aa1c27728af83f,1099,0,23,4
0,36,0,0,1,0.055937899000000006,0.037821,0.0068789999999999997,156561408,NA,NA,NA,NA,NA,NA,NA,NA,994016,407679,8197,1,76f10b65f44b546f736cef2848789238eb7a5f77ce08b564ccca55b5bdc08f36,1085,0,25,3
0,36,1,1,1,0.055487805000000001,0.040985000000000001,0.003153,156655616,NA,NA,NA,NA,NA,NA,NA,NA,994016,407679,8197,1,76f10b65f44b546f736cef2848789238eb7a5f77ce08b564ccca55b5bdc08f36,1086,0,21,3
0,36,0,1,5,0.44712557600000002,0.381747,0.03653,1025662976,NA,NA,NA,NA,NA,NA,NA,NA,11457352,5690734,153602,512,388033e7552b3b3255277a47381a62d5067155e67b74e663ad0ac019ed72fc50,1580,0,195,6
0,36,1,0,5,0.43480900500000003,0.37031399999999998,0.043378,1025728512,NA,NA,NA,NA,NA,NA,NA,NA,11457352,5690734,153602,512,388033e7552b3b3255277a47381a62d5067155e67b74e663ad0ac019ed72fc50,1584,0,168,10
0,36,0,1,4,0.19617920900000002,0.15621499999999999,0.023257,428199936,NA,NA,NA,NA,NA,NA,NA,NA,5833440,1882629,26625,512,0f41e20848de6408cce7b1c5f57f0212c9401233ca75c7b6652c8ea62bfcd43f,1233,0,178,5
0,36,1,0,4,0.19862172700000003,0.146842,0.032603,428699648,NA,NA,NA,NA,NA,NA,NA,NA,5833440,1882629,26625,512,0f41e20848de6408cce7b1c5f57f0212c9401233ca75c7b6652c8ea62bfcd43f,1241,0,172,5
0,36,0,1,2,0.040762893000000001,0.026313,0.0032859999999999999,131145728,NA,NA,NA,NA,NA,NA,NA,NA,837856,318511,16385,4096,b4f737276339a7626b246c204b626e79f9d9ec0f1f160233a5aa1c27728af83f,1068,0,25,4
0,36,1,0,2,0.040712158000000005,0.019795999999999998,0.0098770000000000004,131198976,NA,NA,NA,NA,NA,NA,NA,NA,837856,318511,16385,4096,b4f737276339a7626b246c204b626e79f9d9ec0f1f160233a5aa1c27728af83f,1071,0,18,4
0,36,0,0,0,0.019476476,0.0086859999999999993,0,55480320,NA,NA,NA,NA,NA,NA,NA,NA,2408,135,5,1,3d4d37e7dcef36139698862d60d536450dfb480779ac0676046a82e065e8af0f,1038,0,9,3
0,36,1,1,0,0.020159737,0.0055699999999999994,0.0027619999999999997,55668736,NA,NA,NA,NA,NA,NA,NA,NA,2408,135,5,1,3d4d37e7dcef36139698862d60d536450dfb480779ac0676046a82e065e8af0f,587,0,11,3
0,36,0,1,3,0.060092954000000004,0.038628999999999997,0.0096489999999999996,179179520,NA,NA,NA,NA,NA,NA,NA,NA,1968568,2240463,32773,1,c491f4791a93a71124b9219b05e718490cf6bd1c68b1ec8fc6a6550e31f844b1,1123,0,33,5
0,36,1,0,3,0.060196278000000006,0.048797,0,179359744,NA,NA,NA,NA,NA,NA,NA,NA,1968568,2240463,32773,1,c491f4791a93a71124b9219b05e718490cf6bd1c68b1ec8fc6a6550e31f844b1,1123,0,35,3
0,37,0,0,3,0.059961108000000006,0.038191999999999997,0.010418999999999999,179429376,NA,NA,NA,NA,NA,NA,NA,NA,1968568,2240463,32773,1,c491f4791a93a71124b9219b05e718490cf6bd1c68b1ec8fc6a6550e31f844b1,1125,0,30,2
0,37,1,1,3,0.060270238000000004,0.045023999999999995,0.0034609999999999997,179212288,NA,NA,NA,NA,NA,NA,NA,NA,1968568,2240463,32773,1,c491f4791a93a71124b9219b05e718490cf6bd1c68b1ec8fc6a6550e31f844b1,1122,0,37,5
0,37,0,1,1,0.056365911000000005,0.035198,0.0095919999999999998,156577792,NA,NA,NA,NA,NA,NA,NA,NA,994016,407679,8197,1,76f10b65f44b546f736cef2848789238eb7a5f77ce08b564ccca55b5bdc08f36,1084,0,45,5
0,37,1,0,1,0.056697884000000004,0.032321999999999997,0.012915999999999999,156413952,NA,NA,NA,NA,NA,NA,NA,NA,994016,407679,8197,1,76f10b65f44b546f736cef2848789238eb7a5f77ce08b564ccca55b5bdc08f36,1082,0,23,4
0,37,0,0,5,0.43362099800000004,0.36001099999999997,0.053330999999999996,1025990656,NA,NA,NA,NA,NA,NA,NA,NA,11457352,5690734,153602,512,388033e7552b3b3255277a47381a62d5067155e67b74e663ad0ac019ed72fc50,1141,0,221,6
0,37,1,1,5,0.43832738900000001,0.37131999999999998,0.046421999999999998,1025576960,NA,NA,NA,NA,NA,NA,NA,NA,11457352,5690734,153602,512,388033e7552b3b3255277a47381a62d5067155e67b74e663ad0ac019ed72fc50,1579,0,65,7
0,37,0,0,2,0.040855808,0.023241999999999999,0.0066509999999999998,131145728,NA,NA,NA,NA,NA,NA,NA,NA,837856,318511,16385,4096,b4f737276339a7626b246c204b626e79f9d9ec0f1f160233a5aa1c27728af83f,1071,0,43,3
0,37,1,1,2,0.040839868000000001,0.025946999999999998,0.0037139999999999999,131416064,NA,NA,NA,NA,NA,NA,NA,NA,837856,318511,16385,4096,b4f737276339a7626b246c204b626e79f9d9ec0f1f160233a5aa1c27728af83f,1072,0,24,4
0,37,0,1,0,0.019084941000000001,0.008489,0,55615488,NA,NA,NA,NA,NA,NA,NA,NA,2408,135,5,1,3d4d37e7dcef36139698862d60d536450dfb480779ac0676046a82e065e8af0f,1031,0,11,3
0,37,1,0,0,0.018193282000000002,0.0051619999999999999,0.0025820000000000001,55447552,NA,NA,NA,NA,NA,NA,NA,NA,2408,135,5,1,3d4d37e7dcef36139698862d60d536450dfb480779ac0676046a82e065e8af0f,1030,0,11,3
0,37,0,0,4,0.199898929,0.17388099999999998,0.0066860000000000001,428294144,NA,NA,NA,NA,NA,NA,NA,NA,5833440,1882629,26625,512,0f41e20848de6408cce7b1c5f57f0212c9401233ca75c7b6652c8ea62bfcd43f,1238,0,109,6
0,37,1,1,4,0.19896086100000002,0.162825,0.016961999999999998,428675072,NA,NA,NA,NA,NA,NA,NA,NA,5833440,1882629,26625,512,0f41e20848de6408cce7b1c5f57f0212c9401233ca75c7b6652c8ea62bfcd43f,794,0,202,4
0,38,0,0,3,0.060257905,0.041790999999999995,0.0069699999999999996,179302400,NA,NA,NA,NA,NA,NA,NA,NA,1968568,2240463,32773,1,c491f4791a93a71124b9219b05e718490cf6bd1c68b1ec8fc6a6550e31f844b1,1122,0,44,4
0,38,1,1,3,0.060290875000000001,0.035504000000000001,0.012912999999999999,179556352,NA,NA,NA,NA,NA,NA,NA,NA,1968568,2240463,32773,1,c491f4791a93a71124b9219b05e718490cf6bd1c68b1ec8fc6a6550e31f844b1,681,0,38,4
0,38,0,1,0,0.018981318,0.0084119999999999993,0,55308288,NA,NA,NA,NA,NA,NA,NA,NA,2408,135,5,1,3d4d37e7dcef36139698862d60d536450dfb480779ac0676046a82e065e8af0f,1028,0,12,2
0,38,1,0,0,0.018665877000000001,0.0079810000000000002,0,55451648,NA,NA,NA,NA,NA,NA,NA,NA,2408,135,5,1,3d4d37e7dcef36139698862d60d536450dfb480779ac0676046a82e065e8af0f,1029,0,14,3
0,38,0,0,2,0.040553291000000005,0.023526999999999999,0.0058899999999999994,131440640,NA,NA,NA,NA,NA,NA,NA,NA,837856,318511,16385,4096,b4f737276339a7626b246c204b626e79f9d9ec0f1f160233a5aa1c27728af83f,627,0,24,5
0,38,1,1,2,0.040730212000000002,0.016395,0.01312,131158016,NA,NA,NA,NA,NA,NA,NA,NA,837856,318511,16385,4096,b4f737276339a7626b246c204b626e79f9d9ec0f1f160233a5aa1c27728af83f,1069,0,26,3
0,38,0,0,5,0.44199993000000004,0.37670899999999996,0.036355999999999999,1025998848,NA,NA,NA,NA,NA,NA,NA,NA,11457352,5690734,153602,512,388033e7552b3b3255277a47381a62d5067155e67b74e663ad0ac019ed72fc50,1587,0,291,6
0,38,1,1,5,0.446237983,0.387096,0.030294999999999999,1025785856,NA,NA,NA,NA,NA,NA,NA,NA,11457352,5690734,153602,512,388033e7552b3b3255277a47381a62d5067155e67b74e663ad0ac019ed72fc50,1139,0,264,4
0,38,0,0,1,0.055879300000000007,0.034114999999999999,0.010246,156794880,NA,NA,NA,NA,NA,NA,NA,NA,994016,407679,8197,1,76f10b65f44b546f736cef2848789238eb7a5f77ce08b564ccca55b5bdc08f36,642,0,18,5
0,38,1,1,1,0.055822072,0.041105999999999997,0.0031649999999999998,156667904,NA,NA,NA,NA,NA,NA,NA,NA,994016,407679,8197,1,76f10b65f44b546f736cef2848789238eb7a5f77ce08b564ccca55b5bdc08f36,640,0,36,5
0,38,0,1,4,0.19957819000000002,0.173488,0.0068049999999999994,428716032,NA,NA,NA,NA,NA,NA,NA,NA,5833440,1882629,26625,512,0f41e20848de6408cce7b1c5f57f0212c9401233ca75c7b6652c8ea62bfcd43f,795,0,158,6
0,38,1,0,4,0.20195721700000002,0.15264,0.026550999999999998,428535808,NA,NA,NA,NA,NA,NA,NA,NA,5833440,1882629,26625,512,0f41e20848de6408cce7b1c5f57f0212c9401233ca75c7b6652c8ea62bfcd43f,1242,0,117,5
0,39,0,1,3,0.060829724000000002,0.036042999999999999,0.013115,179273728,NA,NA,NA,NA,NA,NA,NA,NA,1968568,2240463,32773,1,c491f4791a93a71124b9219b05e718490cf6bd1c68b1ec8fc6a6550e31f844b1,1124,0,56,4
0,39,1,0,3,0.060643156000000004,0.029368999999999999,0.019587999999999998,179449856,NA,NA,NA,NA,NA,NA,NA,NA,1968568,2240463,32773,1,c491f4791a93a71124b9219b05e718490cf6bd1c68b1ec8fc6a6550e31f844b1,681,0,54,2
0,39,0,1,5,0.44637925500000003,0.36349399999999998,0.053335,1025642496,NA,NA,NA,NA,NA,NA,NA,NA,11457352,5690734,153602,512,388033e7552b3b3255277a47381a62d5067155e67b74e663ad0ac019ed72fc50,1583,0,247,7
0,39,1,0,5,0.44135081300000001,0.35583399999999998,0.057070999999999997,1025478656,NA,NA,NA,NA,NA,NA,NA,NA,11457352,5690734,153602,512,388033e7552b3b3255277a47381a62d5067155e67b74e663ad0ac019ed72fc50,1580,0,294,6
0,39,0,0,0,0.019982854000000001,0.008548,0,55238656,NA,NA,NA,NA,NA,NA,NA,NA,2408,135,5,1,3d4d37e7dcef36139698862d60d536450dfb480779ac0676046a82e065e8af0f,1025,0,10,3
0,39,1,1,0,0.018453209000000002,0.0052259999999999997,0.0026259999999999999,55390208,NA,NA,NA,NA,NA,NA,NA,NA,2408,135,5,1,3d4d37e7dcef36139698862d60d536450dfb480779ac0676046a82e065e8af0f,1030,0,11,5
0,39,0,0,4,0.19826854400000002,0.14663599999999999,0.032577000000000002,428830720,NA,NA,NA,NA,NA,NA,NA,NA,5833440,1882629,26625,512,0f41e20848de6408cce7b1c5f57f0212c9401233ca75c7b6652c8ea62bfcd43f,798,0,173,5
0,39,1,1,4,0.19844481600000002,0.15609299999999998,0.023243999999999997,428384256,NA,NA,NA,NA,NA,NA,NA,NA,5833440,1882629,26625,512,0f41e20848de6408cce7b1c5f57f0212c9401233ca75c7b6652c8ea62bfcd43f,1237,0,104,6
0,39,0,1,2,0.041013863000000005,0.026040999999999998,0.0037209999999999999,131399680,NA,NA,NA,NA,NA,NA,NA,NA,837856,318511,16385,4096,b4f737276339a7626b246c204b626e79f9d9ec0f1f160233a5aa1c27728af83f,1074,0,27,4
0,39,1,0,2,0.040867940000000005,0.026008,0.0037159999999999997,131182592,NA,NA,NA,NA,NA,NA,NA,NA,837856,318511,16385,4096,b4f737276339a7626b246c204b626e79f9d9ec0f1f160233a5aa1c27728af83f,1072,0,25,3
0,39,0,1,1,0.055793138000000006,0.037560999999999997,0.0068339999999999998,156631040,NA,NA,NA,NA,NA,NA,NA,NA,994016,407679,8197,1,76f10b65f44b546f736cef2848789238eb7a5f77ce08b564ccca55b5bdc08f36,1086,0,21,3
0,39,1,0,1,0.056091738000000002,0.027427,0.017131,156168192,NA,NA,NA,NA,NA,NA,NA,NA,994016,407679,8197,1,76f10b65f44b546f736cef2848789238eb7a5f77ce08b564ccca55b5bdc08f36,1080,0,32,4
1,0,0,0,4,0.20225263100000002,0.16781499999999999,0.010066,428474368,NA,NA,NA,NA,NA,NA,NA,NA,5833440,1882629,26625,512,0f41e20848de6408cce7b1c5f57f0212c9401233ca75c7b6652c8ea62bfcd43f,1235,0,147,6
1,0,1,1,4,0.19874482700000001,0.14954000000000001,0.029909999999999999,428457984,NA,NA,NA,NA,NA,NA,NA,NA,5833440,1882629,26625,512,0f41e20848de6408cce7b1c5f57f0212c9401233ca75c7b6652c8ea62bfcd43f,1240,0,126,6
1,0,0,1,0,0.019199788000000002,0.0085380000000000005,0,55205888,NA,NA,NA,NA,NA,NA,NA,NA,2408,135,5,1,3d4d37e7dcef36139698862d60d536450dfb480779ac0676046a82e065e8af0f,1025,0,12,3
1,0,1,0,0,0.018549868000000001,0.0052579999999999997,0.00263,55316480,NA,NA,NA,NA,NA,NA,NA,NA,2408,135,5,1,3d4d37e7dcef36139698862d60d536450dfb480779ac0676046a82e065e8af0f,1026,0,10,3
1,0,0,0,5,0.45083047700000001,0.35750399999999999,0.055763999999999994,1026011136,NA,NA,NA,NA,NA,NA,NA,NA,11457352,5690734,153602,512,388033e7552b3b3255277a47381a62d5067155e67b74e663ad0ac019ed72fc50,1140,0,116,7
1,0,1,1,5,0.43770765700000003,0.373832,0.043400000000000001,1025798144,NA,NA,NA,NA,NA,NA,NA,NA,11457352,5690734,153602,512,388033e7552b3b3255277a47381a62d5067155e67b74e663ad0ac019ed72fc50,1583,0,234,5
1,0,0,1,3,0.060061135000000002,0.034443999999999995,0.013788,179765248,NA,NA,NA,NA,NA,NA,NA,NA,1968568,2240463,32773,1,c491f4791a93a71124b9219b05e718490cf6bd1c68b1ec8fc6a6550e31f844b1,682,0,57,4
1,0,1,0,3,0.060889718000000002,0.042220000000000001,0.007038,179286016,NA,NA,NA,NA,NA,NA,NA,NA,1968568,2240463,32773,1,c491f4791a93a71124b9219b05e718490cf6bd1c68b1ec8fc6a6550e31f844b1,1125,0,40,4
1,0,0,0,2,0.041036296,0.017859,0.011904999999999999,131059712,NA,NA,NA,NA,NA,NA,NA,NA,837856,318511,16385,4096,b4f737276339a7626b246c204b626e79f9d9ec0f1f160233a5aa1c27728af83f,1075,0,27,3
1,0,1,1,2,0.040419379000000005,0.017527999999999998,0.011677,131407872,NA,NA,NA,NA,NA,NA,NA,NA,837856,318511,16385,4096,b4f737276339a7626b246c204b626e79f9d9ec0f1f160233a5aa1c27728af83f,628,0,25,2
1,0,0,0,1,0.055714781000000005,0.037339999999999998,0.00679,156282880,NA,NA,NA,NA,NA,NA,NA,NA,994016,407679,8197,1,76f10b65f44b546f736cef2848789238eb7a5f77ce08b564ccca55b5bdc08f36,1080,0,23,4
1,0,1,1,1,0.056334712000000002,0.041270999999999995,0.0034359999999999998,156319744,NA,NA,NA,NA,NA,NA,NA,NA,994016,407679,8197,1,76f10b65f44b546f736cef2848789238eb7a5f77ce08b564ccca55b5bdc08f36,1080,0,44,4
1,1,0,1,1,0.055701215000000005,0.040773999999999998,0.0034009999999999999,156512256,NA,NA,NA,NA,NA,NA,NA,NA,994016,407679,8197,1,76f10b65f44b546f736cef2848789238eb7a5f77ce08b564ccca55b5bdc08f36,1086,0,23,4
1,1,1,0,1,0.055443443000000002,0.033721999999999995,0.010121999999999999,156459008,NA,NA,NA,NA,NA,NA,NA,NA,994016,407679,8197,1,76f10b65f44b546f736cef2848789238eb7a5f77ce08b564ccca55b5bdc08f36,631,0,15,5
1,1,0,1,2,0.040672593999999999,0.026026000000000001,0.0032369999999999999,131198976,NA,NA,NA,NA,NA,NA,NA,NA,837856,318511,16385,4096,b4f737276339a7626b246c204b626e79f9d9ec0f1f160233a5aa1c27728af83f,1069,0,27,4
1,1,1,0,2,0.040444989000000001,0.026220999999999998,0.0032779999999999997,131280896,NA,NA,NA,NA,NA,NA,NA,NA,837856,318511,16385,4096,b4f737276339a7626b246c204b626e79f9d9ec0f1f160233a5aa1c27728af83f,1072,0,30,3
1,1,0,0,3,0.060026912000000002,0.03823,0.010414999999999999,179265536,NA,NA,NA,NA,NA,NA,NA,NA,1968568,2240463,32773,1,c491f4791a93a71124b9219b05e718490cf6bd1c68b1ec8fc6a6550e31f844b1,1125,0,23,4
1,1,1,1,3,0.060950703000000002,0.049015999999999997,0,179560448,NA,NA,NA,NA,NA,NA,NA,NA,1968568,2240463,32773,1,c491f4791a93a71124b9219b05e718490cf6bd1c68b1ec8fc6a6550e31f844b1,678,0,26,5
1,1,0,0,0,0.019778021,0.0057589999999999994,0.0028729999999999997,55607296,NA,NA,NA,NA,NA,NA,NA,NA,2408,135,5,1,3d4d37e7dcef36139698862d60d536450dfb480779ac0676046a82e065e8af0f,586,0,11,3
1,1,1,1,0,0.019823066,0.0029389999999999998,0.0058609999999999999,55623680,NA,NA,NA,NA,NA,NA,NA,NA,2408,135,5,1,3d4d37e7dcef36139698862d60d536450dfb480779ac0676046a82e065e8af0f,1065,0,9,3
1,1,0,1,4,0.19877250900000001,0.162388,0.016919999999999998,428531712,NA,NA,NA,NA,NA,NA,NA,NA,5833440,1882629,26625,512,0f41e20848de6408cce7b1c5f57f0212c9401233ca75c7b6652c8ea62bfcd43f,1254,0,102,5
1,1,1,0,4,0.199341555,0.16056199999999998,0.019663,428740608,NA,NA,NA,NA,NA,NA,NA,NA,5833440,1882629,26625,512,0f41e20848de6408cce7b1c5f57f0212c9401233ca75c7b6652c8ea62bfcd43f,1262,0,143,4
1,1,0,1,5,0.43809668600000001,0.35758899999999999,0.059510999999999994,1026293760,NA,NA,NA,NA,NA,NA,NA,NA,11457352,5690734,153602,512,388033e7552b3b3255277a47381a62d5067155e67b74e663ad0ac019ed72fc50,1144,0,224,6
1,1,1,0,5,0.43619491200000005,0.37557199999999996,0.039891999999999997,1025847296,NA,NA,NA,NA,NA,NA,NA,NA,11457352,5690734,153602,512,388033e7552b3b3255277a47381a62d5067155e67b74e663ad0ac019ed72fc50,1584,0,245,6
1,2,0,1,1,0.056624525000000002,0.044983999999999996,0,156303360,NA,NA,NA,NA,NA,NA,NA,NA,994016,407679,8197,1,76f10b65f44b546f736cef2848789238eb7a5f77ce08b564ccca55b5bdc08f36,1079,0,21,5
1,2,1,0,1,0.055448071000000002,0.037052000000000002,0.0067229999999999998,156602368,NA,NA,NA,NA,NA,NA,NA,NA,994016,407679,8197,1,76f10b65f44b546f736cef2848789238eb7a5f77ce08b564ccca55b5bdc08f36,632,0,38,4
1,2,0,0,4,0.197935,0.15585499999999999,0.022724999999999999,428662784,NA,NA,NA,NA,NA,NA,NA,NA,5833440,1882629,26625,512,0f41e20848de6408cce7b1c5f57f0212c9401233ca75c7b6652c8ea62bfcd43f,1241,0,133,6
1,2,1,1,4,0.19923728100000002,0.15979399999999999,0.019969999999999998,428302336,NA,NA,NA,NA,NA,NA,NA,NA,5833440,1882629,26625,512,0f41e20848de6408cce7b1c5f57f0212c9401233ca75c7b6652c8ea62bfcd43f,1234,0,181,6
1,2,0,0,3,0.060494356000000006,0.039170999999999997,0.0097809999999999998,179146752,NA,NA,NA,NA,NA,NA,NA,NA,1968568,2240463,32773,1,c491f4791a93a71124b9219b05e718490cf6bd1c68b1ec8fc6a6550e31f844b1,1121,0,38,3
1,2,1,1,3,0.060444913000000003,0.048342999999999997,0,179761152,NA,NA,NA,NA,NA,NA,NA,NA,1968568,2240463,32773,1,c491f4791a93a71124b9219b05e718490cf6bd1c68b1ec8fc6a6550e31f844b1,682,0,45,4
1,2,0,0,5,0.43353349500000005,0.36587500000000001,0.046156999999999997,1026007040,NA,NA,NA,NA,NA,NA,NA,NA,11457352,5690734,153602,512,388033e7552b3b3255277a47381a62d5067155e67b74e663ad0ac019ed72fc50,1138,0,207,4
1,2,1,1,5,0.43696487500000003,0.357435,0.059028999999999998,1026015232,NA,NA,NA,NA,NA,NA,NA,NA,11457352,5690734,153602,512,388033e7552b3b3255277a47381a62d5067155e67b74e663ad0ac019ed72fc50,1586,0,236,5
1,2,0,1,2,0.041010778000000005,0.023792999999999998,0.0059459999999999999,131215360,NA,NA,NA,NA,NA,NA,NA,NA,837856,318511,16385,4096,b4f737276339a7626b246c204b626e79f9d9ec0f1f160233a5aa1c27728af83f,1071,0,21,3
1,2,1,0,2,0.041236170000000003,0.023314999999999999,0.0066619999999999995,131395584,NA,NA,NA,NA,NA,NA,NA,NA,837856,318511,16385,4096,b4f737276339a7626b246c204b626e79f9d9ec0f1f160233a5aa1c27728af83f,1095,0,27,4
1,2,0,0,0,0.018966622000000002,0.0055519999999999996,0.0027780000000000001,55181312,NA,NA,NA,NA,NA,NA,NA,NA,2408,135,5,1,3d4d37e7dcef36139698862d60d536450dfb480779ac0676046a82e065e8af0f,1027,0,11,3
1,2,1,1,0,0.01858715,0.0026539999999999997,0.0053079999999999994,55365632,NA,NA,NA,NA,NA,NA,NA,NA,2408,135,5,1,3d4d37e7dcef36139698862d60d536450dfb480779ac0676046a82e065e8af0f,1064,0,12,3
1,3,0,0,2,0.040181153000000004,0.025266,0.0036029999999999999,131452928,NA,NA,NA,NA,NA,NA,NA,NA,837856,318511,16385,4096,b4f737276339a7626b246c204b626e79f9d9ec0f1f160233a5aa1c27728af83f,627,0,20,4
1,3,1,1,2,0.040836602,0.019740999999999998,0.0098809999999999992,131067904,NA,NA,NA,NA,NA,NA,NA,NA,837856,318511,16385,4096,b4f737276339a7626b246c204b626e79f9d9ec0f1f160233a5aa1c27728af83f,1066,0,19,4
1,3,0,1,3,0.059913590000000003,0.041728999999999995,0.0064159999999999998,179478528,NA,NA,NA,NA,NA,NA,NA,NA,1968568,2240463,32773,1,c491f4791a93a71124b9219b05e718490cf6bd1c68b1ec8fc6a6550e31f844b1,1125,0,34,4
1,3,1,0,3,0.061171947000000004,0.040226999999999999,0.0092899999999999996,179281920,NA,NA,NA,NA,NA,NA,NA,NA,1968568,2240463,32773,1,c491f4791a93a71124b9219b05e718490cf6bd1c68b1ec8fc6a6550e31f844b1,1123,0,36,4
1,3,0,1,0,0.01908992,0.0056369999999999996,0.00282,55369728,NA,NA,NA,NA,NA,NA,NA,NA,2408,135,5,1,3d4d37e7dcef36139698862d60d536450dfb480779ac0676046a82e065e8af0f,1028,0,11,3
1,3,1,0,0,0.018104145000000002,0.0075459999999999998,0,55582720,NA,NA,NA,NA,NA,NA,NA,NA,2408,135,5,1,3d4d37e7dcef36139698862d60d536450dfb480779ac0676046a82e065e8af0f,586,0,12,3
1,3,0,1,5,0.45599086600000005,0.37167699999999998,0.049776000000000001,1025904640,NA,NA,NA,NA,NA,NA,NA,NA,11457352,5690734,153602,512,388033e7552b3b3255277a47381a62d5067155e67b74e663ad0ac019ed72fc50,1140,0,238,9
1,3,1,0,5,0.44370600800000004,0.36515999999999998,0.049345,1025617920,NA,NA,NA,NA,NA,NA,NA,NA,11457352,5690734,153602,512,388033e7552b3b3255277a47381a62d5067155e67b74e663ad0ac019ed72fc50,1584,0,250,9
1,3,0,1,4,0.20433630500000002,0.15048599999999998,0.029439999999999997,428683264,NA,NA,NA,NA,NA,NA,NA,NA,5833440,1882629,26625,512,0f41e20848de6408cce7b1c5f57f0212c9401233ca75c7b6652c8ea62bfcd43f,1238,0,129,4
1,3,1,0,4,0.19899710000000001,0.14971899999999999,0.029949,428675072,NA,NA,NA,NA,NA,NA,NA,NA,5833440,1882629,26625,512,0f41e20848de6408cce7b1c5f57f0212c9401233ca75c7b6652c8ea62bfcd43f,793,0,138,5
1,3,0,0,1,0.056399433000000006,0.034365,0.010307999999999999,156307456,NA,NA,NA,NA,NA,NA,NA,NA,994016,407679,8197,1,76f10b65f44b546f736cef2848789238eb7a5f77ce08b564ccca55b5bdc08f36,1080,0,40,4
1,3,1,1,1,0.056258931000000005,0.041306999999999996,0.0034449999999999997,156602368,NA,NA,NA,NA,NA,NA,NA,NA,994016,407679,8197,1,76f10b65f44b546f736cef2848789238eb7a5f77ce08b564ccca55b5bdc08f36,1112,0,30,4
1,4,0,0,3,0.061047773000000007,0.042178,0.0070299999999999998,179486720,NA,NA,NA,NA,NA,NA,NA,NA,1968568,2240463,32773,1,c491f4791a93a71124b9219b05e718490cf6bd1c68b1ec8fc6a6550e31f844b1,1126,0,33,2
1,4,1,1,3,0.059929539000000004,0.048196999999999997,0,179130368,NA,NA,NA,NA,NA,NA,NA,NA,1968568,2240463,32773,1,c491f4791a93a71124b9219b05e718490cf6bd1c68b1ec8fc6a6550e31f844b1,1123,0,46,4
1,4,0,1,0,0.018826258000000002,0.0082410000000000001,0,55648256,NA,NA,NA,NA,NA,NA,NA,NA,2408,135,5,1,3d4d37e7dcef36139698862d60d536450dfb480779ac0676046a82e065e8af0f,579,0,11,2
1,4,1,0,0,0.018408494000000001,0.0050980000000000001,0.0025490000000000001,55615488,NA,NA,NA,NA,NA,NA,NA,NA,2408,135,5,1,3d4d37e7dcef36139698862d60d536450dfb480779ac0676046a82e065e8af0f,579,0,11,3
1,4,0,1,4,0.19763012900000002,0.15484899999999999,0.023567999999999999,428183552,NA,NA,NA,NA,NA,NA,NA,NA,5833440,1882629,26625,512,0f41e20848de6408cce7b1c5f57f0212c9401233ca75c7b6652c8ea62bfcd43f,1237,0,143,6
1,4,1,0,4,0.199581174,0.160246,0.020035000000000001,428281856,NA,NA,NA,NA,NA,NA,NA,NA,5833440,1882629,26625,512,0f41e20848de6408cce7b1c5f57f0212c9401233ca75c7b6652c8ea62bfcd43f,1235,0,112,5
1,4,0,0,5,0.44921582100000002,0.36534899999999998,0.049797999999999995,1025789952,NA,NA,NA,NA,NA,NA,NA,NA,11457352,5690734,153602,512,388033e7552b3b3255277a47381a62d5067155e67b74e663ad0ac019ed72fc50,1584,0,215,7
1,4,1,1,5,0.44076060700000003,0.37661699999999998,0.043337000000000001,1025605632,NA,NA,NA,NA,NA,NA,NA,NA,11457352,5690734,153602,512,388033e7552b3b3255277a47381a62d5067155e67b74e663ad0ac019ed72fc50,1581,0,266,5
1,4,0,1,2,0.040952950000000002,0.019820999999999998,0.0098989999999999998,131276800,NA,NA,NA,NA,NA,NA,NA,NA,837856,318511,16385,4096,b4f737276339a7626b246c204b626e79f9d9ec0f1f160233a5aa1c27728af83f,1085,0,32,5
1,4,1,0,2,0.046080118000000003,0.029589999999999998,0,131567616,NA,NA,NA,NA,NA,NA,NA,NA,837856,318511,16385,4096,b4f737276339a7626b246c204b626e79f9d9ec0f1f160233a5aa1c27728af83f,629,0,23,4
1,4,0,1,1,0.056934416000000002,0.032416,0.012962999999999999,156680192,NA,NA,NA,NA,NA,NA,NA,NA,994016,407679,8197,1,76f10b65f44b546f736cef2848789238eb7a5f77ce08b564ccca55b5bdc08f36,1084,0,26,3
1,4,1,0,1,0.056075918000000002,0.038133,0.0063359999999999996,156381184,NA,NA,NA,NA,NA,NA,NA,NA,994016,407679,8197,1,76f10b65f44b546f736cef2848789238eb7a5f77ce08b564ccca55b5bdc08f36,1081,0,24,3
1,5,0,0,1,0.055609394000000006,0.037607999999999996,0.0062740000000000001,156565504,NA,NA,NA,NA,NA,NA,NA,NA,994016,407679,8197,1,76f10b65f44b546f736cef2848789238eb7a5f77ce08b564ccca55b5bdc08f36,639,0,28,4
1,5,1,1,1,0.055777639000000004,0.028392999999999998,0.015769999999999999,156667904,NA,NA,NA,NA,NA,NA,NA,NA,994016,407679,8197,1,76f10b65f44b546f736cef2848789238eb7a5f77ce08b564ccca55b5bdc08f36,641,0,46,4
1,5,0,0,2,0.041109962999999999,0.023080999999999997,0.0066010000000000001,131145728,NA,NA,NA,NA,NA,NA,NA,NA,837856,318511,16385,4096,b4f737276339a7626b246c204b626e79f9d9ec0f1f160233a5aa1c27728af83f,1071,0,31,3
1,5,1,1,2,0.040602783000000003,0.022983999999999997,0.0065799999999999999,131215360,NA,NA,NA,NA,NA,NA,NA,NA,837856,318511,16385,4096,b4f737276339a7626b246c204b626e79f9d9ec0f1f160233a5aa1c27728af83f,623,0,25,5
1,5,0,1,3,0.059918427000000003,0.034536999999999998,0.013802,179294208,NA,NA,NA,NA,NA,NA,NA,NA,1968568,2240463,32773,1,c491f4791a93a71124b9219b05e718490cf6bd1c68b1ec8fc6a6550e31f844b1,1121,0,37,5
1,5,1,0,3,0.060971411000000003,0.042133999999999998,0.0070239999999999999,179531776,NA,NA,NA,NA,NA,NA,NA,NA,1968568,2240463,32773,1,c491f4791a93a71124b9219b05e718490cf6bd1c68b1ec8fc6a6550e31f844b1,681,0,72,3
1,5,0,1,5,0.443101142,0.38144499999999998,0.035501999999999999,1025859584,NA,NA,NA,NA,NA,NA,NA,NA,11457352,5690734,153602,512,388033e7552b3b3255277a47381a62d5067155e67b74e663ad0ac019ed72fc50,1138,0,111,4
1,5,1,0,5,0.44319420800000003,0.35753699999999999,0.056797999999999994,1025744896,NA,NA,NA,NA,NA,NA,NA,NA,11457352,5690734,153602,512,388033e7552b3b3255277a47381a62d5067155e67b74e663ad0ac019ed72fc50,1582,0,156,7
1,5,0,0,4,0.20411209500000002,0.15331999999999998,0.026109999999999998,428560384,NA,NA,NA,NA,NA,NA,NA,NA,5833440,1882629,26625,512,0f41e20848de6408cce7b1c5f57f0212c9401233ca75c7b6652c8ea62bfcd43f,796,0,183,6
1,5,1,1,4,0.20479494500000001,0.16373399999999999,0.016381,428498944,NA,NA,NA,NA,NA,NA,NA,NA,5833440,1882629,26625,512,0f41e20848de6408cce7b1c5f57f0212c9401233ca75c7b6652c8ea62bfcd43f,1236,0,150,4
1,5,0,0,0,0.020067473000000002,0.0044229999999999998,0.0044209999999999996,55377920,NA,NA,NA,NA,NA,NA,NA,NA,2408,135,5,1,3d4d37e7dcef36139698862d60d536450dfb480779ac0676046a82e065e8af0f,1030,0,11,4
1,5,1,1,0,0.019976423,0.0084060000000000003,0,55197696,NA,NA,NA,NA,NA,NA,NA,NA,2408,135,5,1,3d4d37e7dcef36139698862d60d536450dfb480779ac0676046a82e065e8af0f,1027,0,11,3
1,6,0,0,3,0.060458420000000006,0.041951999999999996,0.0064599999999999996,179302400,NA,NA,NA,NA,NA,NA,NA,NA,1968568,2240463,32773,1,c491f4791a93a71124b9219b05e718490cf6bd1c68b1ec8fc6a6550e31f844b1,1122,0,37,5
1,6,1,1,3,0.060441579000000002,0.038914999999999998,0.0097109999999999991,178987008,NA,NA,NA,NA,NA,NA,NA,NA,1968568,2240463,32773,1,c491f4791a93a71124b9219b05e718490cf6bd1c68b1ec8fc6a6550e31f844b1,1118,0,35,4
1,6,0,1,0,0.019333900000000001,0.0042579999999999996,0.0042560000000000002,55701504,NA,NA,NA,NA,NA,NA,NA,NA,2408,135,5,1,3d4d37e7dcef36139698862d60d536450dfb480779ac0676046a82e065e8af0f,584,0,11,3
1,6,1,0,0,0.019558017,0.0043019999999999994,0.0042820000000000002,55173120,NA,NA,NA,NA,NA,NA,NA,NA,2408,135,5,1,3d4d37e7dcef36139698862d60d536450dfb480779ac0676046a82e065e8af0f,1028,0,9,3
1,6,0,1,4,0.19934277900000003,0.166744,0.013344999999999999,428388352,NA,NA,NA,NA,NA,NA,NA,NA,5833440,1882629,26625,512,0f41e20848de6408cce7b1c5f57f0212c9401233ca75c7b6652c8ea62bfcd43f,1238,0,134,5
1,6,1,0,4,0.19806990100000002,0.16214299999999998,0.016544,428957696,NA,NA,NA,NA,NA,NA,NA,NA,5833440,1882629,26625,512,0f41e20848de6408cce7b1c5f57f0212c9401233ca75c7b6652c8ea62bfcd43f,798,0,127,3
1,6,0,0,5,0.43548473200000004,0.37115199999999998,0.043479999999999998,1025634304,NA,NA,NA,NA,NA,NA,NA,NA,11457352,5690734,153602,512,388033e7552b3b3255277a47381a62d5067155e67b74e663ad0ac019ed72fc50,1585,0,169,6
1,6,1,1,5,0.43550058000000003,0.35844499999999996,0.056437999999999995,1025724416,NA,NA,NA,NA,NA,NA,NA,NA,11457352,5690734,153602,512,388033e7552b3b3255277a47381a62d5067155e67b74e663ad0ac019ed72fc50,1582,0,242,8
1,6,0,0,1,0.056144847000000005,0.041038999999999999,0.0034229999999999998,156590080,NA,NA,NA,NA,NA,NA,NA,NA,994016,407679,8197,1,76f10b65f44b546f736cef2848789238eb7a5f77ce08b564ccca55b5bdc08f36,1086,0,38,5
1,6,1,1,1,0.056469846000000004,0.035296999999999995,0.0096249999999999999,156676096,NA,NA,NA,NA,NA,NA,NA,NA,994016,407679,8197,1,76f10b65f44b546f736cef2848789238eb7a5f77ce08b564ccca55b5bdc08f36,640,0,23,3
1,6,0,1,2,0.040758104000000003,0.022955,0.0065559999999999993,131231744,NA,NA,NA,NA,NA,NA,NA,NA,837856,318511,16385,4096,b4f737276339a7626b246c204b626e79f9d9ec0f1f160233a5aa1c27728af83f,625,0,34,3
1,6,1,0,2,0.040676942000000001,0.023067999999999998,0.0065949999999999993,131166208,NA,NA,NA,NA,NA,NA,NA,NA,837856,318511,16385,4096,b4f737276339a7626b246c204b626e79f9d9ec0f1f160233a5aa1c27728af83f,1068,0,18,3
1,7,0,1,3,0.060854964000000004,0.035934000000000001,0.013056999999999999,179560448,NA,NA,NA,NA,NA,NA,NA,NA,1968568,2240463,32773,1,c491f4791a93a71124b9219b05e718490cf6bd1c68b1ec8fc6a6550e31f844b1,681,0,39,6
1,7,1,0,3,0.060962014000000002,0.036226000000000001,0.013181,179159040,NA,NA,NA,NA,NA,NA,NA,NA,1968568,2240463,32773,1,c491f4791a93a71124b9219b05e718490cf6bd1c68b1ec8fc6a6550e31f844b1,1124,0,33,4
1,7,0,0,2,0.040642779000000004,0.023029999999999998,0.006581,131280896,NA,NA,NA,NA,NA,NA,NA,NA,837856,318511,16385,4096,b4f737276339a7626b246c204b626e79f9d9ec0f1f160233a5aa1c27728af83f,1073,0,37,2
1,7,1,1,2,0.041239897000000005,0.023289000000000001,0.0066379999999999998,131448832,NA,NA,NA,NA,NA,NA,NA,NA,837856,318511,16385,4096,b4f737276339a7626b246c204b626e79f9d9ec0f1f160233a5aa1c27728af83f,1077,0,28,3
1,7,0,1,1,0.056506265000000007,0.035237999999999998,0.0096099999999999988,156495872,NA,NA,NA,NA,NA,NA,NA,NA,994016,407679,8197,1,76f10b65f44b546f736cef2848789238eb7a5f77ce08b564ccca55b5bdc08f36,1083,0,40,3
1,7,1,0,1,0.055550803000000003,0.033722999999999996,0.010104,156868608,NA,NA,NA,NA,NA,NA,NA,NA,994016,407679,8197,1,76f10b65f44b546f736cef2848789238eb7a5f77ce08b564ccca55b5bdc08f36,644,0,26,4
1,7,0,0,0,0.020000719,0.0057759999999999999,0.0028769999999999998,55173120,NA,NA,NA,NA,NA,NA,NA,NA,2408,135,5,1,3d4d37e7dcef36139698862d60d536450dfb480779ac0676046a82e065e8af0f,1029,0,10,3
1,7,1,1,0,0.019371488000000003,0.0081599999999999989,0,55844864,NA,NA,NA,NA,NA,NA,NA,NA,2408,135,5,1,3d4d37e7dcef36139698862d60d536450dfb480779ac0676046a82e065e8af0f,590,0,9,4
1,7,0,1,5,0.44407115200000002,0.37195400000000001,0.043177,1026277376,NA,NA,NA,NA,NA,NA,NA,NA,11457352,5690734,153602,512,388033e7552b3b3255277a47381a62d5067155e67b74e663ad0ac019ed72fc50,1145,0,267,8
1,7,1,0,5,0.44044353400000003,0.37121499999999996,0.040132999999999995,1025712128,NA,NA,NA,NA,NA,NA,NA,NA,11457352,5690734,153602,512,388033e7552b3b3255277a47381a62d5067155e67b74e663ad0ac019ed72fc50,1581,0,170,4
1,7,0,0,4,0.19863135500000001,0.15958799999999998,0.019941,428322816,NA,NA,NA,NA,NA,NA,NA,NA,5833440,1882629,26625,512,0f41e20848de6408cce7b1c5f57f0212c9401233ca75c7b6652c8ea62bfcd43f,1233,0,123,2
1,7,1,1,4,0.19902805800000001,0.15653,0.023314999999999999,428322816,NA,NA,NA,NA,NA,NA,NA,NA,5833440,1882629,26625,512,0f41e20848de6408cce7b1c5f57f0212c9401233ca75c7b6652c8ea62bfcd43f,1237,0,127,5
1,8,0,0,2,0.041146723000000003,0.026599999999999999,0.0033209999999999997,131153920,NA,NA,NA,NA,NA,NA,NA,NA,837856,318511,16385,4096,b4f737276339a7626b246c204b626e79f9d9ec0f1f160233a5aa1c27728af83f,1079,0,25,3
1,8,1,1,2,0.040958480000000005,0.023701999999999997,0.0059179999999999996,131059712,NA,NA,NA,NA,NA,NA,NA,NA,837856,318511,16385,4096,b4f737276339a7626b246c204b626e79f9d9ec0f1f160233a5aa1c27728af83f,1069,0,24,4
1,8,0,1,1,0.056550698000000003,0.038589999999999999,0.0064319999999999993,156389376,NA,NA,NA,NA,NA,NA,NA,NA,994016,407679,8197,1,76f10b65f44b546f736cef2848789238eb7a5f77ce08b564ccca55b5bdc08f36,1083,0,37,4
1,8,1,0,1,0.056110222000000001,0.034331,0.010279,156413952,NA,NA,NA,NA,NA,NA,NA,NA,994016,407679,8197,1,76f10b65f44b546f736cef2848789238eb7a5f77ce08b564ccca55b5bdc08f36,1086,0,28,4
1,8,0,0,0,0.019015591000000002,0.0082950000000000003,0,55554048,NA,NA,NA,NA,NA,NA,NA,NA,2408,135,5,1,3d4d37e7dcef36139698862d60d536450dfb480779ac0676046a82e065e8af0f,1032,0,12,4
1,8,1,1,0,0.018703328000000002,0.0040600000000000002,0.004065,55283712,NA,NA,NA,NA,NA,NA,NA,NA,2408,135,5,1,3d4d37e7dcef36139698862d60d536450dfb480779ac0676046a82e065e8af0f,1026,0,10,3
1,8,0,0,3,0.059883612000000003,0.038697999999999996,0.009663999999999999,179298304,NA,NA,NA,NA,NA,NA,NA,NA,1968568,2240463,32773,1,c491f4791a93a71124b9219b05e718490cf6bd1c68b1ec8fc6a6550e31f844b1,1123,0,49,5
1,8,1,1,3,0.059837758000000005,0.035278999999999998,0.012825999999999999,179331072,NA,NA,NA,NA,NA,NA,NA,NA,1968568,2240463,32773,1,c491f4791a93a71124b9219b05e718490cf6bd1c68b1ec8fc6a6550e31f844b1,1124,0,38,4
1,8,0,1,5,0.43776587600000005,0.36655899999999997,0.050463000000000001,1025966080,NA,NA,NA,NA,NA,NA,NA,NA,11457352,5690734,153602,512,388033e7552b3b3255277a47381a62d5067155e67b74e663ad0ac019ed72fc50,1587,0,190,5
1,8,1,0,5,0.44892593800000002,0.37162299999999998,0.043152999999999997,1025880064,NA,NA,NA,NA,NA,NA,NA,NA,11457352,5690734,153602,512,388033e7552b3b3255277a47381a62d5067155e67b74e663ad0ac019ed72fc50,1586,0,231,5
1,8,0,0,4,0.19833648300000001,0.172177,0.0067539999999999996,428273664,NA,NA,NA,NA,NA,NA,NA,NA,5833440,1882629,26625,512,0f41e20848de6408cce7b1c5f57f0212c9401233ca75c7b6652c8ea62bfcd43f,1235,0,90,4
1,8,1,1,4,0.197605111,0.15489600000000001,0.023570999999999998,428457984,NA,NA,NA,NA,NA,NA,NA,NA,5833440,1882629,26625,512,0f41e20848de6408cce7b1c5f57f0212c9401233ca75c7b6652c8ea62bfcd43f,793,0,136,5
1,9,0,1,2,0.040996200000000003,0.029682999999999998,0,131256320,NA,NA,NA,NA,NA,NA,NA,NA,837856,318511,16385,4096,b4f737276339a7626b246c204b626e79f9d9ec0f1f160233a5aa1c27728af83f,1071,0,30,2
1,9,1,0,2,0.040908224999999999,0.022249999999999999,0.0074149999999999997,131031040,NA,NA,NA,NA,NA,NA,NA,NA,837856,318511,16385,4096,b4f737276339a7626b246c204b626e79f9d9ec0f1f160233a5aa1c27728af83f,1071,0,24,3
1,9,0,1,4,0.19888992000000003,0.162966,0.016628999999999998,428531712,NA,NA,NA,NA,NA,NA,NA,NA,5833440,1882629,26625,512,0f41e20848de6408cce7b1c5f57f0212c9401233ca75c7b6652c8ea62bfcd43f,1237,0,178,4
1,9,1,0,4,0.198559289,0.16251599999999999,0.016579,428937216,NA,NA,NA,NA,NA,NA,NA,NA,5833440,1882629,26625,512,0f41e20848de6408cce7b1c5f57f0212c9401233ca75c7b6652c8ea62bfcd43f,802,0,86,4
1,9,0,1,3,0.060526416000000006,0.035518999999999995,0.012931,179195904,NA,NA,NA,NA,NA,NA,NA,NA,1968568,2240463,32773,1,c491f4791a93a71124b9219b05e718490cf6bd1c68b1ec8fc6a6550e31f844b1,1125,0,30,4
1,9,1,0,3,0.061551597000000006,0.049893,0,179548160,NA,NA,NA,NA,NA,NA,NA,NA,1968568,2240463,32773,1,c491f4791a93a71124b9219b05e718490cf6bd1c68b1ec8fc6a6550e31f844b1,1146,0,40,5
1,9,0,0,5,0.43738208700000003,0.36666599999999999,0.050000999999999997,1025781760,NA,NA,NA,NA,NA,NA,NA,NA,11457352,5690734,153602,512,388033e7552b3b3255277a47381a62d5067155e67b74e663ad0ac019ed72fc50,1582,0,264,5
1,9,1,1,5,0.43753065500000005,0.385129,0.029873999999999998,1025585152,NA,NA,NA,NA,NA,NA,NA,NA,11457352,5690734,153602,512,388033e7552b3b3255277a47381a62d5067155e67b74e663ad0ac019ed72fc50,1581,0,40,6
1,9,0,1,0,0.018862755000000002,0.0083229999999999988,0,55488512,NA,NA,NA,NA,NA,NA,NA,NA,2408,135,5,1,3d4d37e7dcef36139698862d60d536450dfb480779ac0676046a82e065e8af0f,1033,0,12,3
1,9,1,0,0,0.022432595000000003,0.0080210000000000004,0,55283712,NA,NA,NA,NA,NA,NA,NA,NA,2408,135,5,1,3d4d37e7dcef36139698862d60d536450dfb480779ac0676046a82e065e8af0f,1027,0,12,3
1,9,0,0,1,0.060744976000000006,0.043916999999999998,0,156413952,NA,NA,NA,NA,NA,NA,NA,NA,994016,407679,8197,1,76f10b65f44b546f736cef2848789238eb7a5f77ce08b564ccca55b5bdc08f36,1081,0,22,5
1,9,1,1,1,0.056048055000000006,0.041256000000000001,0.0031749999999999999,156258304,NA,NA,NA,NA,NA,NA,NA,NA,994016,407679,8197,1,76f10b65f44b546f736cef2848789238eb7a5f77ce08b564ccca55b5bdc08f36,1079,0,45,4
1,10,0,1,3,0.060066384,0.045090999999999999,0.003222,179286016,NA,NA,NA,NA,NA,NA,NA,NA,1968568,2240463,32773,1,c491f4791a93a71124b9219b05e718490cf6bd1c68b1ec8fc6a6550e31f844b1,1123,0,56,4
1,10,1,0,3,0.066472559000000001,0.039125,0.0097669999999999996,179159040,NA,NA,NA,NA,NA,NA,NA,NA,1968568,2240463,32773,1,c491f4791a93a71124b9219b05e718490cf6bd1c68b1ec8fc6a6550e31f844b1,1122,0,37,4
1,10,0,1,0,0.019238839000000001,0.0083249999999999991,0,55353344,NA,NA,NA,NA,NA,NA,NA,NA,2408,135,5,1,3d4d37e7dcef36139698862d60d536450dfb480779ac0676046a82e065e8af0f,1029,0,10,3
1,10,1,0,0,0.018532227000000002,0.0078609999999999999,0,55234560,NA,NA,NA,NA,NA,NA,NA,NA,2408,135,5,1,3d4d37e7dcef36139698862d60d536450dfb480779ac0676046a82e065e8af0f,1025,0,12,4
1,10,0,1,2,0.040634402999999999,0.026213999999999998,0.0032789999999999998,131174400,NA,NA,NA,NA,NA,NA,NA,NA,837856,318511,16385,4096,b4f737276339a7626b246c204b626e79f9d9ec0f1f160233a5aa1c27728af83f,1072,0,23,3
1,10,1,0,2,0.040743947000000003,0.019682999999999999,0.0098429999999999993,131559424,NA,NA,NA,NA,NA,NA,NA,NA,837856,318511,16385,4096,b4f737276339a7626b246c204b626e79f9d9ec0f1f160233a5aa1c27728af83f,628,0,29,4
1,10,0,1,4,0.19795273400000002,0.15903999999999999,0.019883999999999999,428494848,NA,NA,NA,NA,NA,NA,NA,NA,5833440,1882629,26625,512,0f41e20848de6408cce7b1c5f57f0212c9401233ca75c7b6652c8ea62bfcd43f,1240,0,76,5
1,10,1,0,4,0.19929264400000002,0.16312599999999999,0.016645999999999998,428314624,NA,NA,NA,NA,NA,NA,NA,NA,5833440,1882629,26625,512,0f41e20848de6408cce7b1c5f57f0212c9401233ca75c7b6652c8ea62bfcd43f,1236,0,142,5
1,10,0,1,5,0.44894149600000005,0.38544699999999998,0.033515999999999997,1025802240,NA,NA,NA,NA,NA,NA,NA,NA,11457352,5690734,153602,512,388033e7552b3b3255277a47381a62d5067155e67b74e663ad0ac019ed72fc50,1583,0,128,5
1,10,1,0,5,0.43671404500000005,0.34963099999999997,0.066599999999999993,1025904640,NA,NA,NA,NA,NA,NA,NA,NA,11457352,5690734,153602,512,388033e7552b3b3255277a47381a62d5067155e67b74e663ad0ac019ed72fc50,1584,0,174,6
1,10,0,0,1,0.055846428000000004,0.041071999999999997,0.00316,156696576,NA,NA,NA,NA,NA,NA,NA,NA,994016,407679,8197,1,76f10b65f44b546f736cef2848789238eb7a5f77ce08b564ccca55b5bdc08f36,638,0,43,3
1,10,1,1,1,0.056528526000000003,0.032036999999999996,0.012820999999999999,156651520,NA,NA,NA,NA,NA,NA,NA,NA,994016,407679,8197,1,76f10b65f44b546f736cef2848789238eb7a5f77ce08b564ccca55b5bdc08f36,1085,0,21,4
1,11,0,0,5,0.43274606900000001,0.35551899999999997,0.056482999999999998,1025748992,NA,NA,NA,NA,NA,NA,NA,NA,11457352,5690734,153602,512,388033e7552b3b3255277a47381a62d5067155e67b74e663ad0ac019ed72fc50,1584,0,207,6
1,11,1,1,5,0.442087483,0.36103499999999999,0.056318999999999994,1025830912,NA,NA,NA,NA,NA,NA,NA,NA,11457352,5690734,153602,512,388033e7552b3b3255277a47381a62d5067155e67b74e663ad0ac019ed72fc50,1137,0,262,9
1,11,0,1,1,0.055786455000000006,0.035041999999999997,0.0095560000000000003,156258304,NA,NA,NA,NA,NA,NA,NA,NA,994016,407679,8197,1,76f10b65f44b546f736cef2848789238eb7a5f77ce08b564ccca55b5bdc08f36,1090,0,23,4
1,11,1,0,1,0.056185122000000004,0.030806999999999998,0.013698,156446720,NA,NA,NA,NA,NA,NA,NA,NA,994016,407679,8197,1,76f10b65f44b546f736cef2848789238eb7a5f77ce08b564ccca55b5bdc08f36,638,0,20,5
1,11,0,0,2,0.040263106999999999,0.022782999999999998,0.0065129999999999997,131354624,NA,NA,NA,NA,NA,NA,NA,NA,837856,318511,16385,4096,b4f737276339a7626b246c204b626e79f9d9ec0f1f160233a5aa1c27728af83f,626,0,18,4
1,11,1,1,2,0.040930217000000005,0.026062999999999999,0.003722,130998272,NA,NA,NA,NA,NA,NA,NA,NA,837856,318511,16385,4096,b4f737276339a7626b246c204b626e79f9d9ec0f1f160233a5aa1c27728af83f,1067,0,23,3
1,11,0,0,0,0.019530546000000003,0.0057539999999999996,0.0028679999999999999,55582720,NA,NA,NA,NA,NA,NA,NA,NA,2408,135,5,1,3d4d37e7dcef36139698862d60d536450dfb480779ac0676046a82e065e8af0f,585,0,10,3
1,11,1,1,0,0.018518411000000002,0.005326,0.002663,55267328,NA,NA,NA,NA,NA,NA,NA,NA,2408,135,5,1,3d4d37e7dcef36139698862d60d536450dfb480779ac0676046a82e065e8af0f,1028,0,14,3
1,11,0,0,4,0.19757275000000002,0.16458100000000001,0.013439,428478464,NA,NA,NA,NA,NA,NA,NA,NA,5833440,1882629,26625,512,0f41e20848de6408cce7b1c5f57f0212c9401233ca75c7b6652c8ea62bfcd43f,1236,0,171,5
1,11,1,1,4,0.19967842600000002,0.17050399999999999,0.010027999999999999,428609536,NA,NA,NA,NA,NA,NA,NA,NA,5833440,1882629,26625,512,0f41e20848de6408cce7b1c5f57f0212c9401233ca75c7b6652c8ea62bfcd43f,794,0,178,4
1,11,0,0,3,0.061170685000000002,0.042894999999999996,0.0061240000000000001,179355648,NA,NA,NA,NA,NA,NA,NA,NA,1968568,2240463,32773,1,c491f4791a93a71124b9219b05e718490cf6bd1c68b1ec8fc6a6550e31f844b1,1156,0,41,4
1,11,1,1,3,0.060301908000000001,0.042051999999999999,0.0064739999999999997,179142656,NA,NA,NA,NA,NA,NA,NA,NA,1968568,2240463,32773,1,c491f4791a93a71124b9219b05e718490cf6bd1c68b1ec8fc6a6550e31f844b1,675,0,41,4
1,12,0,1,4,0.19897880600000001,0.16999499999999998,0.010000999999999999,428380160,NA,NA,NA,NA,NA,NA,NA,NA,5833440,1882629,26625,512,0f41e20848de6408cce7b1c5f57f0212c9401233ca75c7b6652c8ea62bfcd43f,1239,0,169,4
1,12,1,0,4,0.19908184900000001,0.15908999999999998,0.020313999999999999,428613632,NA,NA,NA,NA,NA,NA,NA,NA,5833440,1882629,26625,512,0f41e20848de6408cce7b1c5f57f0212c9401233ca75c7b6652c8ea62bfcd43f,1241,0,123,6
1,12,0,1,5,0.45021443300000002,0.36493999999999999,0.050238999999999999,1025904640,NA,NA,NA,NA,NA,NA,NA,NA,11457352,5690734,153602,512,388033e7552b3b3255277a47381a62d5067155e67b74e663ad0ac019ed72fc50,1139,0,191,5
1,12,1,0,5,0.43334433900000002,0.37361699999999998,0.040035999999999995,1025835008,NA,NA,NA,NA,NA,NA,NA,NA,11457352,5690734,153602,512,388033e7552b3b3255277a47381a62d5067155e67b74e663ad0ac019ed72fc50,1608,0,261,7
1,12,0,0,1,0.055982463000000003,0.037558000000000001,0.0068329999999999997,156405760,NA,NA,NA,NA,NA,NA,NA,NA,994016,407679,8197,1,76f10b65f44b546f736cef2848789238eb7a5f77ce08b564ccca55b5bdc08f36,1080,0,38,4
1,12,1,1,1,0.055821551000000004,0.034065999999999999,0.010230999999999999,156491776,NA,NA,NA,NA,NA,NA,NA,NA,994016,407679,8197,1,76f10b65f44b546f736cef2848789238eb7a5f77ce08b564ccca55b5bdc08f36,1082,0,19,4
1,12,0,1,0,0.018734185,0.0027539999999999999,0.0055079999999999999,55595008,NA,NA,NA,NA,NA,NA,NA,NA,2408,135,5,1,3d4d37e7dcef36139698862d60d536450dfb480779ac0676046a82e065e8af0f,1031,0,12,2
1,12,1,0,0,0.018218328000000002,0.0077679999999999997,0,55066624,NA,NA,NA,NA,NA,NA,NA,NA,2408,135,5,1,3d4d37e7dcef36139698862d60d536450dfb480779ac0676046a82e065e8af0f,1025,0,12,3
1,12,0,1,3,0.060387927000000001,0.039625,0.0091399999999999988,179470336,NA,NA,NA,NA,NA,NA,NA,NA,1968568,2240463,32773,1,c491f4791a93a71124b9219b05e718490cf6bd1c68b1ec8fc6a6550e31f844b1,1126,0,35,4
1,12,1,0,3,0.060129423000000001,0.034664,0.013876999999999999,179175424,NA,NA,NA,NA,NA,NA,NA,NA,1968568,2240463,32773,1,c491f4791a93a71124b9219b05e718490cf6bd1c68b1ec8fc6a6550e31f844b1,1120,0,31,4
1,12,0,1,2,0.040544925000000002,0.026234,0.0032749999999999997,131096576,NA,NA,NA,NA,NA,NA,NA,NA,837856,318511,16385,4096,b4f737276339a7626b246c204b626e79f9d9ec0f1f160233a5aa1c27728af83f,1069,0,26,3
1,12,1,0,2,0.041016838999999999,0.026065999999999999,0.0037239999999999999,131211264,NA,NA,NA,NA,NA,NA,NA,NA,837856,318511,16385,4096,b4f737276339a7626b246c204b626e79f9d9ec0f1f160233a5aa1c27728af83f,1068,0,21,3
1,13,0,0,0,0.018767758000000002,0.0041050000000000001,0.0041099999999999999,55193600,NA,NA,NA,NA,NA,NA,NA,NA,2408,135,5,1,3d4d37e7dcef36139698862d60d536450dfb480779ac0676046a82e065e8af0f,1028,0,11,3
1,13,1,1,0,0.018546895000000001,0.00396,0.0039459999999999999,55234560,NA,NA,NA,NA,NA,NA,NA,NA,2408,135,5,1,3d4d37e7dcef36139698862d60d536450dfb480779ac0676046a82e065e8af0f,1026,0,11,3
1,13,0,0,3,0.060051317000000007,0.04138,0.0069029999999999994,179400704,NA,NA,NA,NA,NA,NA,NA,NA,1968568,2240463,32773,1,c491f4791a93a71124b9219b05e718490cf6bd1c68b1ec8fc6a6550e31f844b1,678,0,51,4
1,13,1,1,3,0.060261091000000003,0.039009999999999996,0.00975,179318784,NA,NA,NA,NA,NA,NA,NA,NA,1968568,2240463,32773,1,c491f4791a93a71124b9219b05e718490cf6bd1c68b1ec8fc6a6550e31f844b1,1125,0,30,4
1,13,0,0,5,0.43498964300000004,0.37123600000000001,0.043083999999999997,1026166784,NA,NA,NA,NA,NA,NA,NA,NA,11457352,5690734,153602,512,388033e7552b3b3255277a47381a62d5067155e67b74e663ad0ac019ed72fc50,1145,0,257,8
1,13,1,1,5,0.44767782900000003,0.38639399999999996,0.030251999999999998,1025933312,NA,NA,NA,NA,NA,NA,NA,NA,11457352,5690734,153602,512,388033e7552b3b3255277a47381a62d5067155e67b74e663ad0ac019ed72fc50,1620,0,193,4
1,13,0,0,4,0.19884354100000001,0.162853,0.016618000000000001,428707840,NA,NA,NA,NA,NA,NA,NA,NA,5833440,1882629,26625,512,0f41e20848de6408cce7b1c5f57f0212c9401233ca75c7b6652c8ea62bfcd43f,794,0,203,8
1,13,1,1,4,0.19868166800000001,0.15681999999999999,0.022838000000000001,428638208,NA,NA,NA,NA,NA,NA,NA,NA,5833440,1882629,26625,512,0f41e20848de6408cce7b1c5f57f0212c9401233ca75c7b6652c8ea62bfcd43f,793,0,135,4
1,13,0,0,2,0.040697781000000002,0.023122999999999998,0.0066079999999999993,131600384,NA,NA,NA,NA,NA,NA,NA,NA,837856,318511,16385,4096,b4f737276339a7626b246c204b626e79f9d9ec0f1f160233a5aa1c27728af83f,631,0,24,3
1,13,1,1,2,0.040825010000000002,0.017824,0.011883999999999999,130945024,NA,NA,NA,NA,NA,NA,NA,NA,837856,318511,16385,4096,b4f737276339a7626b246c204b626e79f9d9ec0f1f160233a5aa1c27728af83f,1066,0,32,3
1,13,0,1,1,0.055716986000000003,0.034037999999999999,0.010197999999999999,156602368,NA,NA,NA,NA,NA,NA,NA,NA,994016,407679,8197,1,76f10b65f44b546f736cef2848789238eb7a5f77ce08b564ccca55b5bdc08f36,637,0,22,4
1,13,1,0,1,0.055896931000000004,0.037984999999999998,0.0063330000000000001,156844032,NA,NA,NA,NA,NA,NA,NA,NA,994016,407679,8197,1,76f10b65f44b546f736cef2848789238eb7a5f77ce08b564ccca55b5bdc08f36,643,0,35,3
1,14,0,0,5,0.44004648900000004,0.35721999999999998,0.059532999999999996,1026162688,NA,NA,NA,NA,NA,NA,NA,NA,11457352,5690734,153602,512,388033e7552b3b3255277a47381a62d5067155e67b74e663ad0ac019ed72fc50,1143,0,317,4
1,14,1,1,5,0.44208975700000003,0.36073099999999997,0.056762999999999994,1026093056,NA,NA,NA,NA,NA,NA,NA,NA,11457352,5690734,153602,512,388033e7552b3b3255277a47381a62d5067155e67b74e663ad0ac019ed72fc50,1141,0,244,5
1,14,0,0,3,0.060439445000000001,0.045114000000000001,0.003473,179580928,NA,NA,NA,NA,NA,NA,NA,NA,1968568,2240463,32773,1,c491f4791a93a71124b9219b05e718490cf6bd1c68b1ec8fc6a6550e31f844b1,682,0,20,2
1,14,1,1,3,0.060770195000000006,0.041943000000000001,0.0069930000000000001,179302400,NA,NA,NA,NA,NA,NA,NA,NA,1968568,2240463,32773,1,c491f4791a93a71124b9219b05e718490cf6bd1c68b1ec8fc6a6550e31f844b1,1122,0,41,4
1,14,0,0,0,0.019022094,0.0084329999999999995,0,55316480,NA,NA,NA,NA,NA,NA,NA,NA,2408,135,5,1,3d4d37e7dcef36139698862d60d536450dfb480779ac0676046a82e065e8af0f,1026,0,10,3
1,14,1,1,0,0.019134405,0.0028400000000000001,0.005672,55369728,NA,NA,NA,NA,NA,NA,NA,NA,2408,135,5,1,3d4d37e7dcef36139698862d60d536450dfb480779ac0676046a82e065e8af0f,1071,0,10,4
1,14,0,1,2,0.040299685000000002,0.022734999999999998,0.006502,131502080,NA,NA,NA,NA,NA,NA,NA,NA,837856,318511,16385,4096,b4f737276339a7626b246c204b626e79f9d9ec0f1f160233a5aa1c27728af83f,1108,0,24,4
1,14,1,0,2,0.040741093000000006,0.025950999999999998,0.0037079999999999999,131416064,NA,NA,NA,NA,NA,NA,NA,NA,837856,318511,16385,4096,b4f737276339a7626b246c204b626e79f9d9ec0f1f160233a5aa1c27728af83f,1077,0,13,4
1,14,0,0,1,0.056098009000000004,0.041097999999999996,0.0034269999999999999,156401664,NA,NA,NA,NA,NA,NA,NA,NA,994016,407679,8197,1,76f10b65f44b546f736cef2848789238eb7a5f77ce08b564ccca55b5bdc08f36,1080,0,33,2
1,14,1,1,1,0.055639590000000003,0.033953999999999998,0.010173999999999999,156696576,NA,NA,NA,NA,NA,NA,NA,NA,994016,407679,8197,1,76f10b65f44b546f736cef2848789238eb7a5f77ce08b564ccca55b5bdc08f36,638,0,23,3
1,14,0,0,4,0.19888954,0.15634299999999998,0.023279999999999999,428564480,NA,NA,NA,NA,NA,NA,NA,NA,5833440,1882629,26625,512,0f41e20848de6408cce7b1c5f57f0212c9401233ca75c7b6652c8ea62bfcd43f,787,0,144,5
1,14,1,1,4,0.198250231,0.149648,0.029270999999999998,428908544,NA,NA,NA,NA,NA,NA,NA,NA,5833440,1882629,26625,512,0f41e20848de6408cce7b1c5f57f0212c9401233ca75c7b6652c8ea62bfcd43f,796,0,180,6
1,15,0,1,5,0.43761280900000005,0.36790299999999998,0.049285999999999996,1026117632,NA,NA,NA,NA,NA,NA,NA,NA,11457352,5690734,153602,512,388033e7552b3b3255277a47381a62d5067155e67b74e663ad0ac019ed72fc50,1135,0,298,5
1,15,1,0,5,0.440928761,0.38617399999999996,0.026412999999999999,1025597440,NA,NA,NA,NA,NA,NA,NA,NA,11457352,5690734,153602,512,388033e7552b3b3255277a47381a62d5067155e67b74e663ad0ac019ed72fc50,1581,0,320,5
1,15,0,1,3,0.059971427000000001,0.033197999999999998,0.015096,179257344,NA,NA,NA,NA,NA,NA,NA,NA,1968568,2240463,32773,1,c491f4791a93a71124b9219b05e718490cf6bd1c68b1ec8fc6a6550e31f844b1,1152,0,48,2
1,15,1,0,3,0.060639037000000007,0.038362,0.01047,179314688,NA,NA,NA,NA,NA,NA,NA,NA,1968568,2240463,32773,1,c491f4791a93a71124b9219b05e718490cf6bd1c68b1ec8fc6a6550e31f844b1,1124,0,53,5
1,15,0,1,1,0.055996499000000005,0.041041999999999995,0.0034219999999999997,156348416,NA,NA,NA,NA,NA,NA,NA,NA,994016,407679,8197,1,76f10b65f44b546f736cef2848789238eb7a5f77ce08b564ccca55b5bdc08f36,1078,0,22,4
1,15,1,0,1,0.055955531000000003,0.037600000000000001,0.0068389999999999996,156524544,NA,NA,NA,NA,NA,NA,NA,NA,994016,407679,8197,1,76f10b65f44b546f736cef2848789238eb7a5f77ce08b564ccca55b5bdc08f36,1086,0,19,4
1,15,0,1,4,0.198598833,0.14949699999999999,0.029902999999999999,428400640,NA,NA,NA,NA,NA,NA,NA,NA,5833440,1882629,26625,512,0f41e20848de6408cce7b1c5f57f0212c9401233ca75c7b6652c8ea62bfcd43f,1236,0,114,4
1,15,1,0,4,0.19849542000000001,0.15924099999999999,0.019892,428601344,NA,NA,NA,NA,NA,NA,NA,NA,5833440,1882629,26625,512,0f41e20848de6408cce7b1c5f57f0212c9401233ca75c7b6652c8ea62bfcd43f,1241,0,197,5
1,15,0,0,2,0.041044561,0.026518999999999997,0.003313,130924544,NA,NA,NA,NA,NA,NA,NA,NA,837856,318511,16385,4096,b4f737276339a7626b246c204b626e79f9d9ec0f1f160233a5aa1c27728af83f,1069,0,21,3
1,15,1,1,2,0.040889221000000003,0.019758999999999999,0.0098799999999999999,131231744,NA,NA,NA,NA,NA,NA,NA,NA,837856,318511,16385,4096,b4f737276339a7626b246c204b626e79f9d9ec0f1f160233a5aa1c27728af83f,1069,0,21,3
1,15,0,1,0,0.019790854,0.0042979999999999997,0.0043080000000000002,55431168,NA,NA,NA,NA,NA,NA,NA,NA,2408,135,5,1,3d4d37e7dcef36139698862d60d536450dfb480779ac0676046a82e065e8af0f,584,0,11,3
1,15,1,0,0,0.019836111,0.0081329999999999996,0,55427072,NA,NA,NA,NA,NA,NA,NA,NA,2408,135,5,1,3d4d37e7dcef36139698862d60d536450dfb480779ac0676046a82e065e8af0f,585,0,11,4
1,16,0,1,0,0.020244725000000002,0.0028509999999999998,0.0056990000000000001,55369728,NA,NA,NA,NA,NA,NA,NA,NA,2408,135,5,1,3d4d37e7dcef36139698862d60d536450dfb480779ac0676046a82e065e8af0f,1029,0,10,4
1,16,1,0,0,0.019840519000000001,0.002869,0.0057289999999999997,55623680,NA,NA,NA,NA,NA,NA,NA,NA,2408,135,5,1,3d4d37e7dcef36139698862d60d536450dfb480779ac0676046a82e065e8af0f,586,0,11,4
1,16,0,1,4,0.19856942800000002,0.16566599999999998,0.013519,428302336,NA,NA,NA,NA,NA,NA,NA,NA,5833440,1882629,26625,512,0f41e20848de6408cce7b1c5f57f0212c9401233ca75c7b6652c8ea62bfcd43f,1233,0,134,8
1,16,1,0,4,0.19910056400000001,0.163628,0.016357999999999998,428519424,NA,NA,NA,NA,NA,NA,NA,NA,5833440,1882629,26625,512,0f41e20848de6408cce7b1c5f57f0212c9401233ca75c7b6652c8ea62bfcd43f,787,0,122,5
1,16,0,0,5,0.43439008800000001,0.37079899999999999,0.043045,1025699840,NA,NA,NA,NA,NA,NA,NA,NA,11457352,5690734,153602,512,388033e7552b3b3255277a47381a62d5067155e67b74e663ad0ac019ed72fc50,1583,0,176,5
1,16,1,1,5,0.44664942200000002,0.37148100000000001,0.046439000000000001,1026256896,NA,NA,NA,NA,NA,NA,NA,NA,11457352,5690734,153602,512,388033e7552b3b3255277a47381a62d5067155e67b74e663ad0ac019ed72fc50,1141,0,297,7
1,16,0,0,3,0.060396443000000001,0.042581000000000001,0.0065550000000000001,179269632,NA,NA,NA,NA,NA,NA,NA,NA,1968568,2240463,32773,1,c491f4791a93a71124b9219b05e718490cf6bd1c68b1ec8fc6a6550e31f844b1,1125,0,44,4
1,16,1,1,3,0.060139231000000001,0.044781000000000001,0.0034459999999999998,179372032,NA,NA,NA,NA,NA,NA,NA,NA,1968568,2240463,32773,1,c491f4791a93a71124b9219b05e718490cf6bd1c68b1ec8fc6a6550e31f844b1,673,0,29,3
1,16,0,0,2,0.040667725000000002,0.025824,0.0036899999999999997,131145728,NA,NA,NA,NA,NA,NA,NA,NA,837856,318511,16385,4096,b4f737276339a7626b246c204b626e79f9d9ec0f1f160233a5aa1c27728af83f,1070,0,26,4
1,16,1,1,2,0.044261329000000002,0.025713,0.003673,131231744,NA,NA,NA,NA,NA,NA,NA,NA,837856,318511,16385,4096,b4f737276339a7626b246c204b626e79f9d9ec0f1f160233a5aa1c27728af83f,1073,0,27,3
1,16,0,1,1,0.056403211000000002,0.038397000000000001,0.0064029999999999998,156495872,NA,NA,NA,NA,NA,NA,NA,NA,994016,407679,8197,1,76f10b65f44b546f736cef2848789238eb7a5f77ce08b564ccca55b5bdc08f36,1083,0,55,5
1,16,1,0,1,0.055710102000000004,0.038017999999999996,0.0063349999999999995,156344320,NA,NA,NA,NA,NA,NA,NA,NA,994016,407679,8197,1,76f10b65f44b546f736cef2848789238eb7a5f77ce08b564ccca55b5bdc08f36,1079,0,27,4
1,17,0,1,5,0.445226756,0.37062499999999998,0.046301999999999996,1025626112,NA,NA,NA,NA,NA,NA,NA,NA,11457352,5690734,153602,512,388033e7552b3b3255277a47381a62d5067155e67b74e663ad0ac019ed72fc50,1582,0,156,8
1,17,1,0,5,0.44275838100000003,0.368228,0.046459,1025835008,NA,NA,NA,NA,NA,NA,NA,NA,11457352,5690734,153602,512,388033e7552b3b3255277a47381a62d5067155e67b74e663ad0ac019ed72fc50,1585,0,316,6
1,17,0,1,3,0.064830181000000001,0.037908999999999998,0.010343999999999999,179367936,NA,NA,NA,NA,NA,NA,NA,NA,1968568,2240463,32773,1,c491f4791a93a71124b9219b05e718490cf6bd1c68b1ec8fc6a6550e31f844b1,1122,0,38,3
1,17,1,0,3,0.060097684000000005,0.042206,0.0064900000000000001,179089408,NA,NA,NA,NA,NA,NA,NA,NA,1968568,2240463,32773,1,c491f4791a93a71124b9219b05e718490cf6bd1c68b1ec8fc6a6550e31f844b1,1120,0,51,4
1,17,0,0,1,0.055863650000000001,0.031809999999999998,0.012728999999999999,156217344,NA,NA,NA,NA,NA,NA,NA,NA,994016,407679,8197,1,76f10b65f44b546f736cef2848789238eb7a5f77ce08b564ccca55b5bdc08f36,1080,0,28,4
1,17,1,1,1,0.055752121000000002,0.044208999999999998,0,156246016,NA,NA,NA,NA,NA,NA,NA,NA,994016,407679,8197,1,76f10b65f44b546f736cef2848789238eb7a5f77ce08b564ccca55b5bdc08f36,1080,0,35,4
1,17,0,0,4,0.19770902600000001,0.148257,0.030335999999999998,428650496,NA,NA,NA,NA,NA,NA,NA,NA,5833440,1882629,26625,512,0f41e20848de6408cce7b1c5f57f0212c9401233ca75c7b6652c8ea62bfcd43f,1261,0,154,5
1,17,1,1,4,0.198272111,0.16550799999999999,0.013519999999999999,428490752,NA,NA,NA,NA,NA,NA,NA,NA,5833440,1882629,26625,512,0f41e20848de6408cce7b1c5f57f0212c9401233ca75c7b6652c8ea62bfcd43f,792,0,136,5
1,17,0,0,0,0.019970180000000001,0.0045149999999999999,0.0045149999999999999,55554048,NA,NA,NA,NA,NA,NA,NA,NA,2408,135,5,1,3d4d37e7dcef36139698862d60d536450dfb480779ac0676046a82e065e8af0f,1032,0,13,2
1,17,1,1,0,0.018870601000000001,0.0080829999999999999,0,55427072,NA,NA,NA,NA,NA,NA,NA,NA,2408,135,5,1,3d4d37e7dcef36139698862d60d536450dfb480779ac0676046a82e065e8af0f,581,0,10,3
1,17,0,1,2,0.040603354000000001,0.022099000000000001,0.0073509999999999999,130945024,NA,NA,NA,NA,NA,NA,NA,NA,837856,318511,16385,4096,b4f737276339a7626b246c204b626e79f9d9ec0f1f160233a5aa1c27728af83f,1071,0,32,3
1,17,1,0,2,0.041079556000000003,0.02666,0.003333,131080192,NA,NA,NA,NA,NA,NA,NA,NA,837856,318511,16385,4096,b4f737276339a7626b246c204b626e79f9d9ec0f1f160233a5aa1c27728af83f,1067,0,23,5
1,18,0,0,4,0.198117232,0.15520100000000001,0.023621,428670976,NA,NA,NA,NA,NA,NA,NA,NA,5833440,1882629,26625,512,0f41e20848de6408cce7b1c5f57f0212c9401233ca75c7b6652c8ea62bfcd43f,1261,0,178,4
1,18,1,1,4,0.198973286,0.16575699999999999,0.013533,428486656,NA,NA,NA,NA,NA,NA,NA,NA,5833440,1882629,26625,512,0f41e20848de6408cce7b1c5f57f0212c9401233ca75c7b6652c8ea62bfcd43f,1239,0,122,6
1,18,0,0,2,0.040597413000000006,0.029503999999999999,0,131043328,NA,NA,NA,NA,NA,NA,NA,NA,837856,318511,16385,4096,b4f737276339a7626b246c204b626e79f9d9ec0f1f160233a5aa1c27728af83f,1070,0,22,4
1,18,1,1,2,0.040924436000000002,0.029793,0,131207168,NA,NA,NA,NA,NA,NA,NA,NA,837856,318511,16385,4096,b4f737276339a7626b246c204b626e79f9d9ec0f1f160233a5aa1c27728af83f,1071,0,30,5
1,18,0,0,1,0.055841519000000006,0.040899999999999999,0.0034099999999999998,156704768,NA,NA,NA,NA,NA,NA,NA,NA,994016,407679,8197,1,76f10b65f44b546f736cef2848789238eb7a5f77ce08b564ccca55b5bdc08f36,640,0,19,3
1,18,1,1,1,0.055876223000000003,0.038238999999999995,0.0063729999999999993,156475392,NA,NA,NA,NA,NA,NA,NA,NA,994016,407679,8197,1,76f10b65f44b546f736cef2848789238eb7a5f77ce08b564ccca55b5bdc08f36,1085,0,32,3
1,18,0,0,5,0.43246970200000001,0.35928599999999999,0.052738999999999994,1025945600,NA,NA,NA,NA,NA,NA,NA,NA,11457352,5690734,153602,512,388033e7552b3b3255277a47381a62d5067155e67b74e663ad0ac019ed72fc50,1605,0,198,7
1,18,1,1,5,0.44723733200000004,0.36454700000000001,0.053522,1025753088,NA,NA,NA,NA,NA,NA,NA,NA,11457352,5690734,153602,512,388033e7552b3b3255277a47381a62d5067155e67b74e663ad0ac019ed72fc50,1584,0,214,5
1,18,0,1,0,0.019876065000000002,0.0029729999999999999,0.0059419999999999994,55328768,NA,NA,NA,NA,NA,NA,NA,NA,2408,135,5,1,3d4d37e7dcef36139698862d60d536450dfb480779ac0676046a82e065e8af0f,1030,0,10,3
1,18,1,0,0,0.019793169000000003,0.0055729999999999998,0.002774,55205888,NA,NA,NA,NA,NA,NA,NA,NA,2408,135,5,1,3d4d37e7dcef36139698862d60d536450dfb480779ac0676046a82e065e8af0f,1025,0,9,3
1,18,0,0,3,0.059857705000000004,0.041217999999999998,0.0068769999999999994,179335168,NA,NA,NA,NA,NA,NA,NA,NA,1968568,2240463,32773,1,c491f4791a93a71124b9219b05e718490cf6bd1c68b1ec8fc6a6550e31f844b1,1127,0,53,6
1,18,1,1,3,0.060315903000000004,0.042189999999999998,0.0064879999999999998,179384320,NA,NA,NA,NA,NA,NA,NA,NA,1968568,2240463,32773,1,c491f4791a93a71124b9219b05e718490cf6bd1c68b1ec8fc6a6550e31f844b1,1126,0,33,5
1,19,0,1,4,0.198067357,0.15903599999999998,0.019875,428363776,NA,NA,NA,NA,NA,NA,NA,NA,5833440,1882629,26625,512,0f41e20848de6408cce7b1c5f57f0212c9401233ca75c7b6652c8ea62bfcd43f,1237,0,131,4
1,19,1,0,4,0.19822118600000002,0.15302299999999999,0.026040999999999998,428494848,NA,NA,NA,NA,NA,NA,NA,NA,5833440,1882629,26625,512,0f41e20848de6408cce7b1c5f57f0212c9401233ca75c7b6652c8ea62bfcd43f,1237,0,135,4
1,19,0,1,2,0.040532061000000001,0.019598000000000001,0.0098110000000000003,131207168,NA,NA,NA,NA,NA,NA,NA,NA,837856,318511,16385,4096,b4f737276339a7626b246c204b626e79f9d9ec0f1f160233a5aa1c27728af83f,625,0,26,4
1,19,1,0,2,0.041028131000000002,0.023223999999999998,0.0066439999999999997,131387392,NA,NA,NA,NA,NA,NA,NA,NA,837856,318511,16385,4096,b4f737276339a7626b246c204b626e79f9d9ec0f1f160233a5aa1c27728af83f,627,0,24,4
1,19,0,1,5,0.43781669900000003,0.36785099999999998,0.049251999999999997,1025687552,NA,NA,NA,NA,NA,NA,NA,NA,11457352,5690734,153602,512,388033e7552b3b3255277a47381a62d5067155e67b74e663ad0ac019ed72fc50,1584,0,215,9
1,19,1,0,5,0.44374173300000003,0.36795800000000001,0.046009999999999995,1025806336,NA,NA,NA,NA,NA,NA,NA,NA,11457352,5690734,153602,512,388033e7552b3b3255277a47381a62d5067155e67b74e663ad0ac019ed72fc50,1601,0,165,6
1,19,0,0,0,0.020146833000000003,0.0086429999999999996,0,55627776,NA,NA,NA,NA,NA,NA,NA,NA,2408,135,5,1,3d4d37e7dcef36139698862d60d536450dfb480779ac0676046a82e065e8af0f,1068,0,11,3
1,19,1,1,0,0.019830739,0.0083850000000000001,0,55308288,NA,NA,NA,NA,NA,NA,NA,NA,2408,135,5,1,3d4d37e7dcef36139698862d60d536450dfb480779ac0676046a82e065e8af0f,1027,0,11,3
1,19,0,1,3,0.059786331000000005,0.044516,0.003405,179605504,NA,NA,NA,NA,NA,NA,NA,NA,1968568,2240463,32773,1,c491f4791a93a71124b9219b05e718490cf6bd1c68b1ec8fc6a6550e31f844b1,683,0,40,6
1,19,1,0,3,0.060243678000000002,0.042366000000000001,0.0065199999999999998,179130368,NA,NA,NA,NA,NA,NA,NA,NA,1968568,2240463,32773,1,c491f4791a93a71124b9219b05e718490cf6bd1c68b1ec8fc6a6550e31f844b1,1122,0,52,4
1,19,0,1,1,0.056413530000000003,0.041242999999999995,0.0034389999999999998,156495872,NA,NA,NA,NA,NA,NA,NA,NA,994016,407679,8197,1,76f10b65f44b546f736cef2848789238eb7a5f77ce08b564ccca55b5bdc08f36,1081,0,29,4
1,19,1,0,1,0.056233092000000005,0.037685999999999997,0.0068599999999999998,156508160,NA,NA,NA,NA,NA,NA,NA,NA,994016,407679,8197,1,76f10b65f44b546f736cef2848789238eb7a5f77ce08b564ccca55b5bdc08f36,1084,0,43,4
1,20,0,1,4,0.19775178600000001,0.15917899999999999,0.019501999999999999,428556288,NA,NA,NA,NA,NA,NA,NA,NA,5833440,1882629,26625,512,0f41e20848de6408cce7b1c5f57f0212c9401233ca75c7b6652c8ea62bfcd43f,783,0,182,6
1,20,1,0,4,0.197963793,0.14895,0.029794999999999999,428859392,NA,NA,NA,NA,NA,NA,NA,NA,5833440,1882629,26625,512,0f41e20848de6408cce7b1c5f57f0212c9401233ca75c7b6652c8ea62bfcd43f,799,0,124,6
1,20,0,1,1,0.056474664000000001,0.037739999999999996,0.0068649999999999996,156528640,NA,NA,NA,NA,NA,NA,NA,NA,994016,407679,8197,1,76f10b65f44b546f736cef2848789238eb7a5f77ce08b564ccca55b5bdc08f36,1082,0,39,4
1,20,1,0,1,0.056234796000000004,0.041362999999999997,0.0034489999999999998,156430336,NA,NA,NA,NA,NA,NA,NA,NA,994016,407679,8197,1,76f10b65f44b546f736cef2848789238eb7a5f77ce08b564ccca55b5bdc08f36,1082,0,23,3
1,20,0,0,5,0.43736581500000005,0.36346099999999998,0.053343999999999996,1025835008,NA,NA,NA,NA,NA,NA,NA,NA,11457352,5690734,153602,512,388033e7552b3b3255277a47381a62d5067155e67b74e663ad0ac019ed72fc50,1583,0,180,7
1,20,1,1,5,0.43742834200000003,0.37303599999999998,0.043311999999999996,1025658880,NA,NA,NA,NA,NA,NA,NA,NA,11457352,5690734,153602,512,388033e7552b3b3255277a47381a62d5067155e67b74e663ad0ac019ed72fc50,1579,0,168,7
1,20,0,1,0,0.019197553000000003,0.0057619999999999998,0.0028829999999999997,54992896,NA,NA,NA,NA,NA,NA,NA,NA,2408,135,5,1,3d4d37e7dcef36139698862d60d536450dfb480779ac0676046a82e065e8af0f,1034,0,11,3
1,20,1,0,0,0.018817110000000001,0.0081019999999999998,0,55332864,NA,NA,NA,NA,NA,NA,NA,NA,2408,135,5,1,3d4d37e7dcef36139698862d60d536450dfb480779ac0676046a82e065e8af0f,1027,0,11,4
1,20,0,0,2,0.040321386000000001,0.025418,0.0036159999999999999,131145728,NA,NA,NA,NA,NA,NA,NA,NA,837856,318511,16385,4096,b4f737276339a7626b246c204b626e79f9d9ec0f1f160233a5aa1c27728af83f,1066,0,24,4
1,20,1,1,2,0.040965724000000002,0.022310999999999998,0.007437,131317760,NA,NA,NA,NA,NA,NA,NA,NA,837856,318511,16385,4096,b4f737276339a7626b246c204b626e79f9d9ec0f1f160233a5aa1c27728af83f,1071,0,24,3
1,20,0,0,3,0.060306545000000003,0.034684,0.013885,179216384,NA,NA,NA,NA,NA,NA,NA,NA,1968568,2240463,32773,1,c491f4791a93a71124b9219b05e718490cf6bd1c68b1ec8fc6a6550e31f844b1,1121,0,39,4
1,20,1,1,3,0.061302140000000005,0.039558999999999997,0.0098909999999999988,179453952,NA,NA,NA,NA,NA,NA,NA,NA,1968568,2240463,32773,1,c491f4791a93a71124b9219b05e718490cf6bd1c68b1ec8fc6a6550e31f844b1,1124,0,48,4
1,21,0,0,0,0.019062058,0.0055589999999999997,0.0027799999999999999,55652352,NA,NA,NA,NA,NA,NA,NA,NA,2408,135,5,1,3d4d37e7dcef36139698862d60d536450dfb480779ac0676046a82e065e8af0f,587,0,13,3
1,21,1,1,0,0.018739455000000002,0.0040219999999999995,0.0040219999999999995,55218176,NA,NA,NA,NA,NA,NA,NA,NA,2408,135,5,1,3d4d37e7dcef36139698862d60d536450dfb480779ac0676046a82e065e8af0f,1025,0,11,3
1,21,0,1,2,0.040436552000000001,0.029179999999999998,0,131284992,NA,NA,NA,NA,NA,NA,NA,NA,837856,318511,16385,4096,b4f737276339a7626b246c204b626e79f9d9ec0f1f160233a5aa1c27728af83f,1090,0,21,4
1,21,1,0,2,0.045190499000000002,0.026394999999999998,0.0032979999999999997,131112960,NA,NA,NA,NA,NA,NA,NA,NA,837856,318511,16385,4096,b4f737276339a7626b246c204b626e79f9d9ec0f1f160233a5aa1c27728af83f,1071,0,16,4
1,21,0,1,3,0.059611212000000004,0.044427000000000001,0.0034199999999999999,179138560,NA,NA,NA,NA,NA,NA,NA,NA,1968568,2240463,32773,1,c491f4791a93a71124b9219b05e718490cf6bd1c68b1ec8fc6a6550e31f844b1,1124,0,24,4
1,21,1,0,3,0.060553137000000007,0.045378999999999996,0.0034919999999999999,179154944,NA,NA,NA,NA,NA,NA,NA,NA,1968568,2240463,32773,1,c491f4791a93a71124b9219b05e718490cf6bd1c68b1ec8fc6a6550e31f844b1,1124,0,34,4
1,21,0,0,1,0.056337768000000003,0.037990999999999997,0.0069119999999999997,156348416,NA,NA,NA,NA,NA,NA,NA,NA,994016,407679,8197,1,76f10b65f44b546f736cef2848789238eb7a5f77ce08b564ccca55b5bdc08f36,1078,0,24,4
1,21,1,1,1,0.056053525000000007,0.037586999999999995,0.0068369999999999993,156438528,NA,NA,NA,NA,NA,NA,NA,NA,994016,407679,8197,1,76f10b65f44b546f736cef2848789238eb7a5f77ce08b564ccca55b5bdc08f36,1083,0,25,4
1,21,0,0,4,0.19733316100000001,0.17147899999999999,0.0067289999999999997,428343296,NA,NA,NA,NA,NA,NA,NA,NA,5833440,1882629,26625,512,0f41e20848de6408cce7b1c5f57f0212c9401233ca75c7b6652c8ea62bfcd43f,1237,0,162,5
1,21,1,1,4,0.19758409100000002,0.161796,0.016848999999999999,428638208,NA,NA,NA,NA,NA,NA,NA,NA,5833440,1882629,26625,512,0f41e20848de6408cce7b1c5f57f0212c9401233ca75c7b6652c8ea62bfcd43f,793,0,184,4
1,21,0,1,5,0.44758639800000005,0.35857099999999997,0.063682000000000002,1026244608,NA,NA,NA,NA,NA,NA,NA,NA,11457352,5690734,153602,512,388033e7552b3b3255277a47381a62d5067155e67b74e663ad0ac019ed72fc50,1142,0,86,7
1,21,1,0,5,0.43895392100000002,0.35609599999999997,0.056549999999999996,1025769472,NA,NA,NA,NA,NA,NA,NA,NA,11457352,5690734,153602,512,388033e7552b3b3255277a47381a62d5067155e67b74e663ad0ac019ed72fc50,1585,0,80,7
1,22,0,1,2,0.041261247000000001,0.022273999999999999,0.0074269999999999996,131493888,NA,NA,NA,NA,NA,NA,NA,NA,837856,318511,16385,4096,b4f737276339a7626b246c204b626e79f9d9ec0f1f160233a5aa1c27728af83f,628,0,24,5
1,22,1,0,2,0.046181899000000005,0.023859999999999999,0.0059649999999999998,131284992,NA,NA,NA,NA,NA,NA,NA,NA,837856,318511,16385,4096,b4f737276339a7626b246c204b626e79f9d9ec0f1f160233a5aa1c27728af83f,1073,0,19,3
1,22,0,0,1,0.055918031000000007,0.031763,0.012655,156684288,NA,NA,NA,NA,NA,NA,NA,NA,994016,407679,8197,1,76f10b65f44b546f736cef2848789238eb7a5f77ce08b564ccca55b5bdc08f36,638,0,31,4
1,22,1,1,1,0.055944001,0.040993999999999996,0.0034169999999999999,156495872,NA,NA,NA,NA,NA,NA,NA,NA,994016,407679,8197,1,76f10b65f44b546f736cef2848789238eb7a5f77ce08b564ccca55b5bdc08f36,1082,0,42,3
1,22,0,1,5,0.447148296,0.37828000000000001,0.040150999999999999,1025736704,NA,NA,NA,NA,NA,NA,NA,NA,11457352,5690734,153602,512,388033e7552b3b3255277a47381a62d5067155e67b74e663ad0ac019ed72fc50,1585,0,76,6
1,22,1,0,5,0.43984746600000002,0.38479999999999998,0.030122999999999997,1025777664,NA,NA,NA,NA,NA,NA,NA,NA,11457352,5690734,153602,512,388033e7552b3b3255277a47381a62d5067155e67b74e663ad0ac019ed72fc50,1584,0,161,8
1,22,0,1,3,0.060281028,0.035756999999999997,0.012990999999999999,179597312,NA,NA,NA,NA,NA,NA,NA,NA,1968568,2240463,32773,1,c491f4791a93a71124b9219b05e718490cf6bd1c68b1ec8fc6a6550e31f844b1,675,0,39,4
1,22,1,0,3,0.060840446000000006,0.045749999999999999,0.0032699999999999999,179576832,NA,NA,NA,NA,NA,NA,NA,NA,1968568,2240463,32773,1,c491f4791a93a71124b9219b05e718490cf6bd1c68b1ec8fc6a6550e31f844b1,680,0,44,3
1,22,0,0,0,0.019722287000000002,0.0042179999999999995,0.0042160000000000001,55316480,NA,NA,NA,NA,NA,NA,NA,NA,2408,135,5,1,3d4d37e7dcef36139698862d60d536450dfb480779ac0676046a82e065e8af0f,1027,0,10,3
1,22,1,1,0,0.019416332000000001,0.0042649999999999997,0.004254,55648256,NA,NA,NA,NA,NA,NA,NA,NA,2408,135,5,1,3d4d37e7dcef36139698862d60d536450dfb480779ac0676046a82e065e8af0f,586,0,9,3
1,22,0,0,4,0.19741433400000002,0.161306,0.016791999999999998,428580864,NA,NA,NA,NA,NA,NA,NA,NA,5833440,1882629,26625,512,0f41e20848de6408cce7b1c5f57f0212c9401233ca75c7b6652c8ea62bfcd43f,1240,0,112,8
1,22,1,1,4,0.19925452200000002,0.15965499999999999,0.019962000000000001,428351488,NA,NA,NA,NA,NA,NA,NA,NA,5833440,1882629,26625,512,0f41e20848de6408cce7b1c5f57f0212c9401233ca75c7b6652c8ea62bfcd43f,1239,0,95,5
1,23,0,0,5,0.43331634800000002,0.37512599999999996,0.036519999999999997,1026125824,NA,NA,NA,NA,NA,NA,NA,NA,11457352,5690734,153602,512,388033e7552b3b3255277a47381a62d5067155e67b74e663ad0ac019ed72fc50,1142,0,51,4
1,23,1,1,5,0.44815339000000004,0.37480199999999997,0.043505999999999996,1025990656,NA,NA,NA,NA,NA,NA,NA,NA,11457352,5690734,153602,512,388033e7552b3b3255277a47381a62d5067155e67b74e663ad0ac019ed72fc50,1585,0,87,7
1,23,0,1,1,0.056176406000000005,0.034270000000000002,0.010282999999999999,156966912,NA,NA,NA,NA,NA,NA,NA,NA,994016,407679,8197,1,76f10b65f44b546f736cef2848789238eb7a5f77ce08b564ccca55b5bdc08f36,641,0,29,3
1,23,1,0,1,0.056278246000000004,0.035039000000000001,0.0095579999999999988,156176384,NA,NA,NA,NA,NA,NA,NA,NA,994016,407679,8197,1,76f10b65f44b546f736cef2848789238eb7a5f77ce08b564ccca55b5bdc08f36,1082,0,27,4
1,23,0,0,2,0.040572577000000005,0.022099999999999998,0.0073739999999999995,131440640,NA,NA,NA,NA,NA,NA,NA,NA,837856,318511,16385,4096,b4f737276339a7626b246c204b626e79f9d9ec0f1f160233a5aa1c27728af83f,627,0,17,4
1,23,1,1,2,0.040587364000000001,0.025744,0.0036819999999999999,131252224,NA,NA,NA,NA,NA,NA,NA,NA,837856,318511,16385,4096,b4f737276339a7626b246c204b626e79f9d9ec0f1f160233a5aa1c27728af83f,1076,0,18,4
1,23,0,0,3,0.060877694000000003,0.045440000000000001,0.0034999999999999996,179425280,NA,NA,NA,NA,NA,NA,NA,NA,1968568,2240463,32773,1,c491f4791a93a71124b9219b05e718490cf6bd1c68b1ec8fc6a6550e31f844b1,1124,0,19,4
1,23,1,1,3,0.070468077000000004,0.044750999999999999,0.0034459999999999998,179257344,NA,NA,NA,NA,NA,NA,NA,NA,1968568,2240463,32773,1,c491f4791a93a71124b9219b05e718490cf6bd1c68b1ec8fc6a6550e31f844b1,1123,0,40,4
1,23,0,1,0,0.019120470000000001,0.002813,0.0056319999999999999,55103488,NA,NA,NA,NA,NA,NA,NA,NA,2408,135,5,1,3d4d37e7dcef36139698862d60d536450dfb480779ac0676046a82e065e8af0f,1025,0,13,3
1,23,1,0,0,0.018449941000000001,0.0038929999999999998,0.003898,55480320,NA,NA,NA,NA,NA,NA,NA,NA,2408,135,5,1,3d4d37e7dcef36139698862d60d536450dfb480779ac0676046a82e065e8af0f,584,0,10,3
1,23,0,1,4,0.19683472800000001,0.16087499999999999,0.016768999999999999,428650496,NA,NA,NA,NA,NA,NA,NA,NA,5833440,1882629,26625,512,0f41e20848de6408cce7b1c5f57f0212c9401233ca75c7b6652c8ea62bfcd43f,792,0,161,5
1,23,1,0,4,0.19884348200000002,0.16279099999999999,0.016961,428556288,NA,NA,NA,NA,NA,NA,NA,NA,5833440,1882629,26625,512,0f41e20848de6408cce7b1c5f57f0212c9401233ca75c7b6652c8ea62bfcd43f,795,0,105,3
1,24,0,0,3,0.060872226000000002,0.042214999999999996,0.0070349999999999996,179343360,NA,NA,NA,NA,NA,NA,NA,NA,1968568,2240463,32773,1,c491f4791a93a71124b9219b05e718490cf6bd1c68b1ec8fc6a6550e31f844b1,1123,0,34,4
1,24,1,1,3,0.065358381000000007,0.045282999999999997,0.0034709999999999997,179412992,NA,NA,NA,NA,NA,NA,NA,NA,1968568,2240463,32773,1,c491f4791a93a71124b9219b05e718490cf6bd1c68b1ec8fc6a6550e31f844b1,679,0,41,3
1,24,0,1,2,0.041030846000000003,0.030006999999999999,0,131055616,NA,NA,NA,NA,NA,NA,NA,NA,837856,318511,16385,4096,b4f737276339a7626b246c204b626e79f9d9ec0f1f160233a5aa1c27728af83f,1069,0,25,1
1,24,1,0,2,0.041355714000000002,0.020003,0.0099860000000000001,131223552,NA,NA,NA,NA,NA,NA,NA,NA,837856,318511,16385,4096,b4f737276339a7626b246c204b626e79f9d9ec0f1f160233a5aa1c27728af83f,1071,0,29,4
1,24,0,0,0,0.018843921,0.0055699999999999994,0.0027910000000000001,55189504,NA,NA,NA,NA,NA,NA,NA,NA,2408,135,5,1,3d4d37e7dcef36139698862d60d536450dfb480779ac0676046a82e065e8af0f,1024,0,11,3
1,24,1,1,0,0.019469473000000001,0.0086059999999999991,0,55246848,NA,NA,NA,NA,NA,NA,NA,NA,2408,135,5,1,3d4d37e7dcef36139698862d60d536450dfb480779ac0676046a82e065e8af0f,1025,0,11,3
1,24,0,1,4,0.19753294500000002,0.16151399999999999,0.016819999999999998,428597248,NA,NA,NA,NA,NA,NA,NA,NA,5833440,1882629,26625,512,0f41e20848de6408cce7b1c5f57f0212c9401233ca75c7b6652c8ea62bfcd43f,1268,0,116,7
1,24,1,0,4,0.19873353500000002,0.16245199999999999,0.016919999999999998,428441600,NA,NA,NA,NA,NA,NA,NA,NA,5833440,1882629,26625,512,0f41e20848de6408cce7b1c5f57f0212c9401233ca75c7b6652c8ea62bfcd43f,1247,0,125,3
1,24,0,1,1,0.056349019,0.041221999999999995,0.0034329999999999999,156676096,NA,NA,NA,NA,NA,NA,NA,NA,994016,407679,8197,1,76f10b65f44b546f736cef2848789238eb7a5f77ce08b564ccca55b5bdc08f36,639,0,28,4
1,24,1,0,1,0.056431984000000004,0.041170999999999999,0.0034329999999999999,156295168,NA,NA,NA,NA,NA,NA,NA,NA,994016,407679,8197,1,76f10b65f44b546f736cef2848789238eb7a5f77ce08b564ccca55b5bdc08f36,1078,0,38,3
1,24,0,1,5,0.44672863900000004,0.37004100000000001,0.046642999999999997,1025761280,NA,NA,NA,NA,NA,NA,NA,NA,11457352,5690734,153602,512,388033e7552b3b3255277a47381a62d5067155e67b74e663ad0ac019ed72fc50,1622,0,210,6
1,24,1,0,5,0.435849914,0.36832100000000001,0.046043000000000001,1025654784,NA,NA,NA,NA,NA,NA,NA,NA,11457352,5690734,153602,512,388033e7552b3b3255277a47381a62d5067155e67b74e663ad0ac019ed72fc50,1582,0,45,7
1,25,0,0,5,0.43354522700000003,0.37317800000000001,0.039632000000000001,1025601536,NA,NA,NA,NA,NA,NA,NA,NA,11457352,5690734,153602,512,388033e7552b3b3255277a47381a62d5067155e67b74e663ad0ac019ed72fc50,1583,0,154,9
1,25,1,1,5,0.44519667900000004,0.37967799999999996,0.036642000000000001,1025667072,NA,NA,NA,NA,NA,NA,NA,NA,11457352,5690734,153602,512,388033e7552b3b3255277a47381a62d5067155e67b74e663ad0ac019ed72fc50,1583,0,142,6
1,25,0,0,4,0.20538840400000002,0.16403999999999999,0.016739999999999998,428351488,NA,NA,NA,NA,NA,NA,NA,NA,5833440,1882629,26625,512,0f41e20848de6408cce7b1c5f57f0212c9401233ca75c7b6652c8ea62bfcd43f,1237,0,130,4
1,25,1,1,4,0.19883383300000002,0.166127,0.013297999999999999,428695552,NA,NA,NA,NA,NA,NA,NA,NA,5833440,1882629,26625,512,0f41e20848de6408cce7b1c5f57f0212c9401233ca75c7b6652c8ea62bfcd43f,1238,0,130,4
1,25,0,1,0,0.019903576000000003,0.0057459999999999994,0.0028769999999999998,55676928,NA,NA,NA,NA,NA,NA,NA,NA,2408,135,5,1,3d4d37e7dcef36139698862d60d536450dfb480779ac0676046a82e065e8af0f,579,0,10,2
1,25,1,0,0,0.019743997000000003,0.0055290000000000001,0.002771,55545856,NA,NA,NA,NA,NA,NA,NA,NA,2408,135,5,1,3d4d37e7dcef36139698862d60d536450dfb480779ac0676046a82e065e8af0f,1033,0,11,3
1,25,0,0,2,0.040166215000000005,0.019394999999999999,0.0096959999999999998,131342336,NA,NA,NA,NA,NA,NA,NA,NA,837856,318511,16385,4096,b4f737276339a7626b246c204b626e79f9d9ec0f1f160233a5aa1c27728af83f,628,0,30,4
1,25,1,1,2,0.041193841000000002,0.023084999999999998,0.0065839999999999996,131215360,NA,NA,NA,NA,NA,NA,NA,NA,837856,318511,16385,4096,b4f737276339a7626b246c204b626e79f9d9ec0f1f160233a5aa1c27728af83f,1069,0,22,3
1,25,0,1,3,0.059937855000000005,0.04138,0.0068899999999999994,179335168,NA,NA,NA,NA,NA,NA,NA,NA,1968568,2240463,32773,1,c491f4791a93a71124b9219b05e718490cf6bd1c68b1ec8fc6a6550e31f844b1,1124,0,39,4
1,25,1,0,3,0.060662322000000005,0.041930999999999996,0.0069899999999999997,179056640,NA,NA,NA,NA,NA,NA,NA,NA,1968568,2240463,32773,1,c491f4791a93a71124b9219b05e718490cf6bd1c68b1ec8fc6a6550e31f844b1,1123,0,53,4
1,25,0,0,1,0.055779331000000001,0.037484999999999997,0.0068199999999999997,156352512,NA,NA,NA,NA,NA,NA,NA,NA,994016,407679,8197,1,76f10b65f44b546f736cef2848789238eb7a5f77ce08b564ccca55b5bdc08f36,1090,0,20,5
1,25,1,1,1,0.056382623000000007,0.034478999999999996,0.010329,156385280,NA,NA,NA,NA,NA,NA,NA,NA,994016,407679,8197,1,76f10b65f44b546f736cef2848789238eb7a5f77ce08b564ccca55b5bdc08f36,1080,0,25,4
1,26,0,0,1,0.055844394000000006,0.044201999999999998,0,156311552,NA,NA,NA,NA,NA,NA,NA,NA,994016,407679,8197,1,76f10b65f44b546f736cef2848789238eb7a5f77ce08b564ccca55b5bdc08f36,1080,0,35,4
1,26,1,1,1,0.055581201000000004,0.033937000000000002,0.010178999999999999,156553216,NA,NA,NA,NA,NA,NA,NA,NA,994016,407679,8197,1,76f10b65f44b546f736cef2848789238eb7a5f77ce08b564ccca55b5bdc08f36,638,0,23,4
1,26,0,1,2,0.041106427000000001,0.019902,0.0099550000000000003,131211264,NA,NA,NA,NA,NA,NA,NA,NA,837856,318511,16385,4096,b4f737276339a7626b246c204b626e79f9d9ec0f1f160233a5aa1c27728af83f,1068,0,24,4
1,26,1,0,2,0.041115293000000004,0.017937999999999999,0.011958999999999999,131158016,NA,NA,NA,NA,NA,NA,NA,NA,837856,318511,16385,4096,b4f737276339a7626b246c204b626e79f9d9ec0f1f160233a5aa1c27728af83f,1069,0,24,2
1,26,0,0,3,0.060024116000000002,0.042237999999999998,0.006502,179220480,NA,NA,NA,NA,NA,NA,NA,NA,1968568,2240463,32773,1,c491f4791a93a71124b9219b05e718490cf6bd1c68b1ec8fc6a6550e31f844b1,1120,0,43,4
1,26,1,1,3,0.059799496000000001,0.037783999999999998,0.010315,179228672,NA,NA,NA,NA,NA,NA,NA,NA,1968568,2240463,32773,1,c491f4791a93a71124b9219b05e718490cf6bd1c68b1ec8fc6a6550e31f844b1,1121,0,46,4
1,26,0,0,0,0.020367406000000001,0.0059899999999999997,0.0029839999999999997,55369728,NA,NA,NA,NA,NA,NA,NA,NA,2408,135,5,1,3d4d37e7dcef36139698862d60d536450dfb480779ac0676046a82e065e8af0f,1027,0,11,3
1,26,1,1,0,0.019857289,0.0056089999999999994,0.0027889999999999998,55373824,NA,NA,NA,NA,NA,NA,NA,NA,2408,135,5,1,3d4d37e7dcef36139698862d60d536450dfb480779ac0676046a82e065e8af0f,1028,0,9,2
1,26,0,0,4,0.19833075,0.16189799999999999,0.016872999999999999,428302336,NA,NA,NA,NA,NA,NA,NA,NA,5833440,1882629,26625,512,0f41e20848de6408cce7b1c5f57f0212c9401233ca75c7b6652c8ea62bfcd43f,1235,0,178,7
1,26,1,1,4,0.199020693,0.159884,0.019581999999999999,428318720,NA,NA,NA,NA,NA,NA,NA,NA,5833440,1882629,26625,512,0f41e20848de6408cce7b1c5f57f0212c9401233ca75c7b6652c8ea62bfcd43f,1236,0,177,6
1,26,0,1,5,0.43754076300000005,0.36558299999999999,0.049852999999999995,1026011136,NA,NA,NA,NA,NA,NA,NA,NA,11457352,5690734,153602,512,388033e7552b3b3255277a47381a62d5067155e67b74e663ad0ac019ed72fc50,1586,0,145,7
1,26,1,0,5,0.434726899,0.377083,0.037043,1025896448,NA,NA,NA,NA,NA,NA,NA,NA,11457352,5690734,153602,512,388033e7552b3b3255277a47381a62d5067155e67b74e663ad0ac019ed72fc50,1142,0,163,5
1,27,0,1,3,0.060221666000000007,0.038019999999999998,0.010374,179486720,NA,NA,NA,NA,NA,NA,NA,NA,1968568,2240463,32773,1,c491f4791a93a71124b9219b05e718490cf6bd1c68b1ec8fc6a6550e31f844b1,1127,0,45,4
1,27,1,0,3,0.060802404000000004,0.038310999999999998,0.010451,179466240,NA,NA,NA,NA,NA,NA,NA,NA,1968568,2240463,32773,1,c491f4791a93a71124b9219b05e718490cf6bd1c68b1ec8fc6a6550e31f844b1,1129,0,55,5
1,27,0,1,4,0.20228279600000001,0.159631,0.019507999999999998,428716032,NA,NA,NA,NA,NA,NA,NA,NA,5833440,1882629,26625,512,0f41e20848de6408cce7b1c5f57f0212c9401233ca75c7b6652c8ea62bfcd43f,794,0,169,5
1,27,1,0,4,0.19951727500000002,0.150064,0.030022999999999998,428544000,NA,NA,NA,NA,NA,NA,NA,NA,5833440,1882629,26625,512,0f41e20848de6408cce7b1c5f57f0212c9401233ca75c7b6652c8ea62bfcd43f,1242,0,182,4
1,27,0,0,2,0.041311271000000004,0.021063999999999999,0.0090159999999999997,130994176,NA,NA,NA,NA,NA,NA,NA,NA,837856,318511,16385,4096,b4f737276339a7626b246c204b626e79f9d9ec0f1f160233a5aa1c27728af83f,1068,0,26,3
1,27,1,1,2,0.04093724,0.023775999999999999,0.0059459999999999999,131178496,NA,NA,NA,NA,NA,NA,NA,NA,837856,318511,16385,4096,b4f737276339a7626b246c204b626e79f9d9ec0f1f160233a5aa1c27728af83f,1071,0,28,4
1,27,0,1,0,0.019090864000000003,0.0056569999999999997,0.0028289999999999999,55316480,NA,NA,NA,NA,NA,NA,NA,NA,2408,135,5,1,3d4d37e7dcef36139698862d60d536450dfb480779ac0676046a82e065e8af0f,1027,0,12,2
1,27,1,0,0,0.019275379000000002,0.0041269999999999996,0.0041259999999999995,55189504,NA,NA,NA,NA,NA,NA,NA,NA,2408,135,5,1,3d4d37e7dcef36139698862d60d536450dfb480779ac0676046a82e065e8af0f,1029,0,11,3
1,27,0,1,1,0.055605926000000007,0.040922,0.0031509999999999997,156516352,NA,NA,NA,NA,NA,NA,NA,NA,994016,407679,8197,1,76f10b65f44b546f736cef2848789238eb7a5f77ce08b564ccca55b5bdc08f36,1113,0,20,7
1,27,1,0,1,0.055920466000000002,0.034286999999999998,0.010286999999999999,156180480,NA,NA,NA,NA,NA,NA,NA,NA,994016,407679,8197,1,76f10b65f44b546f736cef2848789238eb7a5f77ce08b564ccca55b5bdc08f36,1081,0,22,5
1,27,0,0,5,0.43576662800000004,0.36421599999999998,0.049676999999999999,1025724416,NA,NA,NA,NA,NA,NA,NA,NA,11457352,5690734,153602,512,388033e7552b3b3255277a47381a62d5067155e67b74e663ad0ac019ed72fc50,1584,0,149,8
1,27,1,1,5,0.44716589900000003,0.371562,0.046864999999999997,1025986560,NA,NA,NA,NA,NA,NA,NA,NA,11457352,5690734,153602,512,388033e7552b3b3255277a47381a62d5067155e67b74e663ad0ac019ed72fc50,1584,0,225,4
1,28,0,0,3,0.060441127000000004,0.034960999999999999,0.013993999999999999,179015680,NA,NA,NA,NA,NA,NA,NA,NA,1968568,2240463,32773,1,c491f4791a93a71124b9219b05e718490cf6bd1c68b1ec8fc6a6550e31f844b1,1121,0,21,4
1,28,1,1,3,0.060059602000000004,0.045074999999999997,0.00347,179101696,NA,NA,NA,NA,NA,NA,NA,NA,1968568,2240463,32773,1,c491f4791a93a71124b9219b05e718490cf6bd1c68b1ec8fc6a6550e31f844b1,1121,0,34,5
1,28,0,0,5,0.43243171900000005,0.37290299999999998,0.039954999999999997,1025929216,NA,NA,NA,NA,NA,NA,NA,NA,11457352,5690734,153602,512,388033e7552b3b3255277a47381a62d5067155e67b74e663ad0ac019ed72fc50,1136,0,336,7
1,28,1,1,5,0.43584690800000003,0.36208899999999999,0.053149999999999996,1025945600,NA,NA,NA,NA,NA,NA,NA,NA,11457352,5690734,153602,512,388033e7552b3b3255277a47381a62d5067155e67b74e663ad0ac019ed72fc50,1133,0,171,8
1,28,0,1,1,0.056380848000000004,0.038341,0.0063929999999999994,156684288,NA,NA,NA,NA,NA,NA,NA,NA,994016,407679,8197,1,76f10b65f44b546f736cef2848789238eb7a5f77ce08b564ccca55b5bdc08f36,1088,0,21,4
1,28,1,0,1,0.055984156,0.028502,0.015838999999999999,156418048,NA,NA,NA,NA,NA,NA,NA,NA,994016,407679,8197,1,76f10b65f44b546f736cef2848789238eb7a5f77ce08b564ccca55b5bdc08f36,1083,0,43,3
1,28,0,0,2,0.040836551000000006,0.016427999999999998,0.013122999999999999,131289088,NA,NA,NA,NA,NA,NA,NA,NA,837856,318511,16385,4096,b4f737276339a7626b246c204b626e79f9d9ec0f1f160233a5aa1c27728af83f,1069,0,24,3
1,28,1,1,2,0.040974630000000005,0.026483,0.0033009999999999997,131440640,NA,NA,NA,NA,NA,NA,NA,NA,837856,318511,16385,4096,b4f737276339a7626b246c204b626e79f9d9ec0f1f160233a5aa1c27728af83f,1075,0,19,2
1,28,0,1,0,0.019130969000000001,0.0056939999999999994,0.0028509999999999998,55263232,NA,NA,NA,NA,NA,NA,NA,NA,2408,135,5,1,3d4d37e7dcef36139698862d60d536450dfb480779ac0676046a82e065e8af0f,1050,0,11,4
1,28,1,0,0,0.018776825,0.0026999999999999997,0.0054279999999999997,55341056,NA,NA,NA,NA,NA,NA,NA,NA,2408,135,5,1,3d4d37e7dcef36139698862d60d536450dfb480779ac0676046a82e065e8af0f,1027,0,14,3
1,28,0,0,4,0.19745003,0.16184299999999999,0.016493999999999998,428802048,NA,NA,NA,NA,NA,NA,NA,NA,5833440,1882629,26625,512,0f41e20848de6408cce7b1c5f57f0212c9401233ca75c7b6652c8ea62bfcd43f,797,0,171,8
1,28,1,1,4,0.198056907,0.161935,0.016857999999999998,428597248,NA,NA,NA,NA,NA,NA,NA,NA,5833440,1882629,26625,512,0f41e20848de6408cce7b1c5f57f0212c9401233ca75c7b6652c8ea62bfcd43f,1241,0,168,4
1,29,0,1,4,0.20313268900000001,0.16216999999999998,0.016548,428322816,NA,NA,NA,NA,NA,NA,NA,NA,5833440,1882629,26625,512,0f41e20848de6408cce7b1c5f57f0212c9401233ca75c7b6652c8ea62bfcd43f,1236,0,177,4
1,29,1,0,4,0.20442396800000001,0.15685299999999999,0.022876000000000001,428793856,NA,NA,NA,NA,NA,NA,NA,NA,5833440,1882629,26625,512,0f41e20848de6408cce7b1c5f57f0212c9401233ca75c7b6652c8ea62bfcd43f,796,0,93,5
1,29,0,0,0,0.019050346000000003,0.0027919999999999998,0.0055849999999999997,55205888,NA,NA,NA,NA,NA,NA,NA,NA,2408,135,5,1,3d4d37e7dcef36139698862d60d536450dfb480779ac0676046a82e065e8af0f,1056,0,11,3
1,29,1,1,0,0.018550241000000002,0.007894,0,55386112,NA,NA,NA,NA,NA,NA,NA,NA,2408,135,5,1,3d4d37e7dcef36139698862d60d536450dfb480779ac0676046a82e065e8af0f,580,0,11,4
1,29,0,0,1,0.055604735000000002,0.030549,0.013588999999999999,156475392,NA,NA,NA,NA,NA,NA,NA,NA,994016,407679,8197,1,76f10b65f44b546f736cef2848789238eb7a5f77ce08b564ccca55b5bdc08f36,1083,0,20,5
1,29,1,1,1,0.056008280000000001,0.034181999999999997,0.010255999999999999,156483584,NA,NA,NA,NA,NA,NA,NA,NA,994016,407679,8197,1,76f10b65f44b546f736cef2848789238eb7a5f77ce08b564ccca55b5bdc08f36,1083,0,48,3
1,29,0,1,2,0.040458413000000006,0.025498,0.0036439999999999997,131321856,NA,NA,NA,NA,NA,NA,NA,NA,837856,318511,16385,4096,b4f737276339a7626b246c204b626e79f9d9ec0f1f160233a5aa1c27728af83f,627,0,30,3
1,29,1,0,2,0.041025665000000003,0.026537999999999999,0.00331,131391488,NA,NA,NA,NA,NA,NA,NA,NA,837856,318511,16385,4096,b4f737276339a7626b246c204b626e79f9d9ec0f1f160233a5aa1c27728af83f,1074,0,26,3
1,29,0,1,5,0.44824277700000004,0.36505699999999996,0.053585999999999995,1025658880,NA,NA,NA,NA,NA,NA,NA,NA,11457352,5690734,153602,512,388033e7552b3b3255277a47381a62d5067155e67b74e663ad0ac019ed72fc50,1590,0,211,7
1,29,1,0,5,0.43627018100000003,0.36568600000000001,0.049887999999999995,1025859584,NA,NA,NA,NA,NA,NA,NA,NA,11457352,5690734,153602,512,388033e7552b3b3255277a47381a62d5067155e67b74e663ad0ac019ed72fc50,1587,0,131,8
1,29,0,1,3,0.060002736000000001,0.037885999999999996,0.010317,179150848,NA,NA,NA,NA,NA,NA,NA,NA,1968568,2240463,32773,1,c491f4791a93a71124b9219b05e718490cf6bd1c68b1ec8fc6a6550e31f844b1,1122,0,42,4
1,29,1,0,3,0.060109866000000005,0.042096999999999996,0.0064809999999999998,179056640,NA,NA,NA,NA,NA,NA,NA,NA,1968568,2240463,32773,1,c491f4791a93a71124b9219b05e718490cf6bd1c68b1ec8fc6a6550e31f844b1,1121,0,39,3
1,30,0,1,3,0.060229891000000001,0.041583999999999996,0.0069340000000000001,179261440,NA,NA,NA,NA,NA,NA,NA,NA,1968568,2240463,32773,1,c491f4791a93a71124b9219b05e718490cf6bd1c68b1ec8fc6a6550e31f844b1,1123,0,38,5
1,30,1,0,3,0.060670457000000004,0.041863999999999998,0.0069549999999999994,179126272,NA,NA,NA,NA,NA,NA,NA,NA,1968568,2240463,32773,1,c491f4791a93a71124b9219b05e718490cf6bd1c68b1ec8fc6a6550e31f844b1,1119,0,21,4
1,30,0,1,0,0.018879117000000001,0.0083920000000000002,0,55398400,NA,NA,NA,NA,NA,NA,NA,NA,2408,135,5,1,3d4d37e7dcef36139698862d60d536450dfb480779ac0676046a82e065e8af0f,1030,0,12,3
1,30,1,0,0,0.018292315999999999,0.0038629999999999997,0.0038669999999999998,55844864,NA,NA,NA,NA,NA,NA,NA,NA,2408,135,5,1,3d4d37e7dcef36139698862d60d536450dfb480779ac0676046a82e065e8af0f,589,0,11,2
1,30,0,1,2,0.040515219000000005,0.029284999999999999,0,131149824,NA,NA,NA,NA,NA,NA,NA,NA,837856,318511,16385,4096,b4f737276339a7626b246c204b626e79f9d9ec0f1f160233a5aa1c27728af83f,1069,0,21,4
1,30,1,0,2,0.040572106000000004,0.025817999999999997,0.0036819999999999999,131031040,NA,NA,NA,NA,NA,NA,NA,NA,837856,318511,16385,4096,b4f737276339a7626b246c204b626e79f9d9ec0f1f160233a5aa1c27728af83f,1071,0,31,3
1,30,0,1,5,0.44077269800000002,0.35769299999999998,0.063525999999999999,1026019328,NA,NA,NA,NA,NA,NA,NA,NA,11457352,5690734,153602,512,388033e7552b3b3255277a47381a62d5067155e67b74e663ad0ac019ed72fc50,1142,0,281,7
1,30,1,0,5,0.44407667000000001,0.39717999999999998,0.016830999999999999,1025761280,NA,NA,NA,NA,NA,NA,NA,NA,11457352,5690734,153602,512,388033e7552b3b3255277a47381a62d5067155e67b74e663ad0ac019ed72fc50,1583,0,108,6
1,30,0,0,4,0.19885002300000001,0.159525,0.019949999999999999,428625920,NA,NA,NA,NA,NA,NA,NA,NA,5833440,1882629,26625,512,0f41e20848de6408cce7b1c5f57f0212c9401233ca75c7b6652c8ea62bfcd43f,793,0,148,4
1,30,1,1,4,0.19835746100000001,0.143372,0.035837000000000001,428957696,NA,NA,NA,NA,NA,NA,NA,NA,5833440,1882629,26625,512,0f41e20848de6408cce7b1c5f57f0212c9401233ca75c7b6652c8ea62bfcd43f,800,0,187,6
1,30,0,1,1,0.055708879000000003,0.033884999999999998,0.010175,156741632,NA,NA,NA,NA,NA,NA,NA,NA,994016,407679,8197,1,76f10b65f44b546f736cef2848789238eb7a5f77ce08b564ccca55b5bdc08f36,640,0,45,3
1,30,1,0,1,0.055740500000000005,0.037932,0.0063239999999999998,156532736,NA,NA,NA,NA,NA,NA,NA,NA,994016,407679,8197,1,76f10b65f44b546f736cef2848789238eb7a5f77ce08b564ccca55b5bdc08f36,1084,0,19,4
1,31,0,0,3,0.060823273000000004,0.038432999999999995,0.010485,179122176,NA,NA,NA,NA,NA,NA,NA,NA,1968568,2240463,32773,1,c491f4791a93a71124b9219b05e718490cf6bd1c68b1ec8fc6a6550e31f844b1,1118,0,47,3
1,31,1,1,3,0.060087614000000004,0.042158999999999995,0.0064900000000000001,179220480,NA,NA,NA,NA,NA,NA,NA,NA,1968568,2240463,32773,1,c491f4791a93a71124b9219b05e718490cf6bd1c68b1ec8fc6a6550e31f844b1,1143,0,42,4
1,31,0,0,0,0.019552058000000001,0.0042899999999999995,0.0042919999999999998,55271424,NA,NA,NA,NA,NA,NA,NA,NA,2408,135,5,1,3d4d37e7dcef36139698862d60d536450dfb480779ac0676046a82e065e8af0f,1029,0,12,2
1,31,1,1,0,0.019403659,0.0083940000000000004,0,55590912,NA,NA,NA,NA,NA,NA,NA,NA,2408,135,5,1,3d4d37e7dcef36139698862d60d536450dfb480779ac0676046a82e065e8af0f,1033,0,9,2
1,31,0,0,2,0.040456309000000003,0.029141999999999998,0,131047424,NA,NA,NA,NA,NA,NA,NA,NA,837856,318511,16385,4096,b4f737276339a7626b246c204b626e79f9d9ec0f1f160233a5aa1c27728af83f,1069,0,17,3
1,31,1,1,2,0.041013062000000003,0.029961999999999999,0,131088384,NA,NA,NA,NA,NA,NA,NA,NA,837856,318511,16385,4096,b4f737276339a7626b246c204b626e79f9d9ec0f1f160233a5aa1c27728af83f,1069,0,36,4
1,31,0,0,1,0.056180754000000006,0.041105999999999997,0.0034269999999999999,156663808,NA,NA,NA,NA,NA,NA,NA,NA,994016,407679,8197,1,76f10b65f44b546f736cef2848789238eb7a5f77ce08b564ccca55b5bdc08f36,640,0,52,4
1,31,1,1,1,0.056067592000000006,0.040805000000000001,0.0033999999999999998,156868608,NA,NA,NA,NA,NA,NA,NA,NA,994016,407679,8197,1,76f10b65f44b546f736cef2848789238eb7a5f77ce08b564ccca55b5bdc08f36,644,0,39,4
1,31,0,1,4,0.19760342800000003,0.155636,0.022702999999999997,428511232,NA,NA,NA,NA,NA,NA,NA,NA,5833440,1882629,26625,512,0f41e20848de6408cce7b1c5f57f0212c9401233ca75c7b6652c8ea62bfcd43f,792,0,111,4
1,31,1,0,4,0.20005381900000002,0.16431899999999999,0.016435999999999999,428453888,NA,NA,NA,NA,NA,NA,NA,NA,5833440,1882629,26625,512,0f41e20848de6408cce7b1c5f57f0212c9401233ca75c7b6652c8ea62bfcd43f,1241,0,125,5
1,31,0,0,5,0.44262066100000003,0.35431299999999999,0.059612999999999999,1026248704,NA,NA,NA,NA,NA,NA,NA,NA,11457352,5690734,153602,512,388033e7552b3b3255277a47381a62d5067155e67b74e663ad0ac019ed72fc50,1145,0,179,7
1,31,1,1,5,0.44249186000000001,0.37504099999999996,0.043150000000000001,1025523712,NA,NA,NA,NA,NA,NA,NA,NA,11457352,5690734,153602,512,388033e7552b3b3255277a47381a62d5067155e67b74e663ad0ac019ed72fc50,1578,0,259,10
1,32,0,1,1,0.056189852000000005,0.037605,0.0068429999999999993,156356608,NA,NA,NA,NA,NA,NA,NA,NA,994016,407679,8197,1,76f10b65f44b546f736cef2848789238eb7a5f77ce08b564ccca55b5bdc08f36,1078,0,33,3
1,32,1,0,1,0.055542649000000006,0.037704000000000001,0.0062879999999999993,156528640,NA,NA,NA,NA,NA,NA,NA,NA,994016,407679,8197,1,76f10b65f44b546f736cef2848789238eb7a5f77ce08b564ccca55b5bdc08f36,1080,0,36,4
1,32,0,0,5,0.43609970200000003,0.37895599999999996,0.036896999999999999,1025916928,NA,NA,NA,NA,NA,NA,NA,NA,11457352,5690734,153602,512,388033e7552b3b3255277a47381a62d5067155e67b74e663ad0ac019ed72fc50,1140,0,363,5
1,32,1,1,5,0.43516081200000001,0.35172899999999996,0.063055,1026285568,NA,NA,NA,NA,NA,NA,NA,NA,11457352,5690734,153602,512,388033e7552b3b3255277a47381a62d5067155e67b74e663ad0ac019ed72fc50,1143,0,330,4
1,32,0,0,3,0.061656404000000005,0.042779999999999999,0.007136,179372032,NA,NA,NA,NA,NA,NA,NA,NA,1968568,2240463,32773,1,c491f4791a93a71124b9219b05e718490cf6bd1c68b1ec8fc6a6550e31f844b1,1145,0,34,3
1,32,1,1,3,0.060240672000000002,0.044892999999999995,0.0034529999999999999,179146752,NA,NA,NA,NA,NA,NA,NA,NA,1968568,2240463,32773,1,c491f4791a93a71124b9219b05e718490cf6bd1c68b1ec8fc6a6550e31f844b1,1122,0,40,4
1,32,0,0,4,0.19754400600000002,0.14602499999999999,0.032459999999999996,428748800,NA,NA,NA,NA,NA,NA,NA,NA,5833440,1882629,26625,512,0f41e20848de6408cce7b1c5f57f0212c9401233ca75c7b6652c8ea62bfcd43f,796,0,186,3
1,32,1,1,4,0.198689212,0.153502,0.026113999999999998,428236800,NA,NA,NA,NA,NA,NA,NA,NA,5833440,1882629,26625,512,0f41e20848de6408cce7b1c5f57f0212c9401233ca75c7b6652c8ea62bfcd43f,1233,0,125,3
1,32,0,1,0,0.018970638000000001,0.0083850000000000001,0,55836672,NA,NA,NA,NA,NA,NA,NA,NA,2408,135,5,1,3d4d37e7dcef36139698862d60d536450dfb480779ac0676046a82e065e8af0f,587,0,11,3
1,32,1,0,0,0.018689240000000003,0.0053189999999999999,0.0026589999999999999,55296000,NA,NA,NA,NA,NA,NA,NA,NA,2408,135,5,1,3d4d37e7dcef36139698862d60d536450dfb480779ac0676046a82e065e8af0f,1025,0,11,4
1,32,0,0,2,0.040063332,0.028804999999999997,0,131649536,NA,NA,NA,NA,NA,NA,NA,NA,837856,318511,16385,4096,b4f737276339a7626b246c204b626e79f9d9ec0f1f160233a5aa1c27728af83f,632,0,25,4
1,32,1,1,2,0.040710425000000001,0.029437999999999999,0,131330048,NA,NA,NA,NA,NA,NA,NA,NA,837856,318511,16385,4096,b4f737276339a7626b246c204b626e79f9d9ec0f1f160233a5aa1c27728af83f,625,0,19,3
1,33,0,1,2,0.040627961000000004,0.022091,0.007352,131010560,NA,NA,NA,NA,NA,NA,NA,NA,837856,318511,16385,4096,b4f737276339a7626b246c204b626e79f9d9ec0f1f160233a5aa1c27728af83f,1067,0,19,4
1,33,1,0,2,0.040983707000000001,0.023082999999999999,0.0065909999999999996,130916352,NA,NA,NA,NA,NA,NA,NA,NA,837856,318511,16385,4096,b4f737276339a7626b246c204b626e79f9d9ec0f1f160233a5aa1c27728af83f,1068,0,21,3
1,33,0,1,4,0.197899773,0.15826199999999999,0.020202999999999999,428306432,NA,NA,NA,NA,NA,NA,NA,NA,5833440,1882629,26625,512,0f41e20848de6408cce7b1c5f57f0212c9401233ca75c7b6652c8ea62bfcd43f,1236,0,119,4
1,33,1,0,4,0.19873210200000002,0.165993,0.013547999999999999,428572672,NA,NA,NA,NA,NA,NA,NA,NA,5833440,1882629,26625,512,0f41e20848de6408cce7b1c5f57f0212c9401233ca75c7b6652c8ea62bfcd43f,1240,0,157,4
1,33,0,0,0,0.019028856,0.0084399999999999996,0,55349248,NA,NA,NA,NA,NA,NA,NA,NA,2408,135,5,1,3d4d37e7dcef36139698862d60d536450dfb480779ac0676046a82e065e8af0f,1060,0,11,3
1,33,1,1,0,0.01869386,0.0082119999999999988,0,55590912,NA,NA,NA,NA,NA,NA,NA,NA,2408,135,5,1,3d4d37e7dcef36139698862d60d536450dfb480779ac0676046a82e065e8af0f,1032,0,11,3
1,33,0,1,5,0.44454442500000002,0.37178699999999998,0.043168999999999999,1025568768,NA,NA,NA,NA,NA,NA,NA,NA,11457352,5690734,153602,512,388033e7552b3b3255277a47381a62d5067155e67b74e663ad0ac019ed72fc50,1581,0,135,7
1,33,1,0,5,0.43204147700000001,0.35542699999999999,0.056422999999999994,1025970176,NA,NA,NA,NA,NA,NA,NA,NA,11457352,5690734,153602,512,388033e7552b3b3255277a47381a62d5067155e67b74e663ad0ac019ed72fc50,1589,0,292,4
1,33,0,1,3,0.060332313000000005,0.038037999999999995,0.010383,179154944,NA,NA,NA,NA,NA,NA,NA,NA,1968568,2240463,32773,1,c491f4791a93a71124b9219b05e718490cf6bd1c68b1ec8fc6a6550e31f844b1,1121,0,17,4
1,33,1,0,3,0.060353492000000002,0.041520000000000001,0.0069249999999999997,179040256,NA,NA,NA,NA,NA,NA,NA,NA,1968568,2240463,32773,1,c491f4791a93a71124b9219b05e718490cf6bd1c68b1ec8fc6a6550e31f844b1,1123,0,43,5
1,33,0,0,1,0.056244292000000001,0.038406999999999997,0.0064050000000000001,156319744,NA,NA,NA,NA,NA,NA,NA,NA,994016,407679,8197,1,76f10b65f44b546f736cef2848789238eb7a5f77ce08b564ccca55b5bdc08f36,1081,0,22,3
1,33,1,1,1,0.056067091000000006,0.028688999999999999,0.015941,156123136,NA,NA,NA,NA,NA,NA,NA,NA,994016,407679,8197,1,76f10b65f44b546f736cef2848789238eb7a5f77ce08b564ccca55b5bdc08f36,1076,0,27,3
1,34,0,0,0,0.019117993,0.0084779999999999994,0,55455744,NA,NA,NA,NA,NA,NA,NA,NA,2408,135,5,1,3d4d37e7dcef36139698862d60d536450dfb480779ac0676046a82e065e8af0f,1028,0,11,3
1,34,1,1,0,0.018691105,0.00809,0,55341056,NA,NA,NA,NA,NA,NA,NA,NA,2408,135,5,1,3d4d37e7dcef36139698862d60d536450dfb480779ac0676046a82e065e8af0f,1029,0,12,3
1,34,0,0,3,0.060565119000000001,0.042019999999999995,0.0064719999999999995,179109888,NA,NA,NA,NA,NA,NA,NA,NA,1968568,2240463,32773,1,c491f4791a93a71124b9219b05e718490cf6bd1c68b1ec8fc6a6550e31f844b1,1121,0,59,7
1,34,1,1,3,0.060335047000000003,0.041985000000000001,0.0064649999999999994,179425280,NA,NA,NA,NA,NA,NA,NA,NA,1968568,2240463,32773,1,c491f4791a93a71124b9219b05e718490cf6bd1c68b1ec8fc6a6550e31f844b1,1163,0,51,5
1,34,0,0,1,0.056061230000000004,0.037579999999999995,0.0068329999999999997,156545024,NA,NA,NA,NA,NA,NA,NA,NA,994016,407679,8197,1,76f10b65f44b546f736cef2848789238eb7a5f77ce08b564ccca55b5bdc08f36,1085,0,21,2
1,34,1,1,1,0.055607009000000006,0.040769,0.0034009999999999999,156667904,NA,NA,NA,NA,NA,NA,NA,NA,994016,407679,8197,1,76f10b65f44b546f736cef2848789238eb7a5f77ce08b564ccca55b5bdc08f36,1087,0,31,4
1,34,0,0,5,0.44206084200000001,0.37612299999999999,0.036606,1025708032,NA,NA,NA,NA,NA,NA,NA,NA,11457352,5690734,153602,512,388033e7552b3b3255277a47381a62d5067155e67b74e663ad0ac019ed72fc50,1585,0,315,9
1,34,1,1,5,0.43660715300000003,0.37593799999999999,0.040280999999999997,1025781760,NA,NA,NA,NA,NA,NA,NA,NA,11457352,5690734,153602,512,388033e7552b3b3255277a47381a62d5067155e67b74e663ad0ac019ed72fc50,1583,0,244,8
1,34,0,0,2,0.04071379,0.029686999999999998,0,131264512,NA,NA,NA,NA,NA,NA,NA,NA,837856,318511,16385,4096,b4f737276339a7626b246c204b626e79f9d9ec0f1f160233a5aa1c27728af83f,625,0,13,3
1,34,1,1,2,0.044464811,0.029550999999999997,0,131387392,NA,NA,NA,NA,NA,NA,NA,NA,837856,318511,16385,4096,b4f737276339a7626b246c204b626e79f9d9ec0f1f160233a5aa1c27728af83f,1109,0,25,4
1,34,0,1,4,0.20299494000000001,0.17493999999999998,0.0033649999999999999,428756992,NA,NA,NA,NA,NA,NA,NA,NA,5833440,1882629,26625,512,0f41e20848de6408cce7b1c5f57f0212c9401233ca75c7b6652c8ea62bfcd43f,789,0,160,3
1,34,1,0,4,0.19927177400000001,0.16328599999999999,0.016663999999999998,428371968,NA,NA,NA,NA,NA,NA,NA,NA,5833440,1882629,26625,512,0f41e20848de6408cce7b1c5f57f0212c9401233ca75c7b6652c8ea62bfcd43f,1249,0,107,4
1,35,0,1,5,0.436959704,0.38628899999999999,0.029968999999999999,1025556480,NA,NA,NA,NA,NA,NA,NA,NA,11457352,5690734,153602,512,388033e7552b3b3255277a47381a62d5067155e67b74e663ad0ac019ed72fc50,1578,0,212,5
1,35,1,0,5,0.43403485300000005,0.36009199999999997,0.053355,1025572864,NA,NA,NA,NA,NA,NA,NA,NA,11457352,5690734,153602,512,388033e7552b3b3255277a47381a62d5067155e67b74e663ad0ac019ed72fc50,1583,0,184,6
1,35,0,1,0,0.019000885000000002,0.0042299999999999994,0.0042379999999999996,55255040,NA,NA,NA,NA,NA,NA,NA,NA,2408,135,5,1,3d4d37e7dcef36139698862d60d536450dfb480779ac0676046a82e065e8af0f,1024,0,12,3
1,35,1,0,0,0.018477364,0.0078499999999999993,0,55562240,NA,NA,NA,NA,NA,NA,NA,NA,2408,135,5,1,3d4d37e7dcef36139698862d60d536450dfb480779ac0676046a82e065e8af0f,579,0,11,3
1,35,0,1,2,0.040544765000000003,0.019528999999999998,0.009774999999999999,131411968,NA,NA,NA,NA,NA,NA,NA,NA,837856,318511,16385,4096,b4f737276339a7626b246c204b626e79f9d9ec0f1f160233a5aa1c27728af83f,1073,0,20,4
1,35,1,0,2,0.040960203000000001,0.023972,0.0059639999999999997,131428352,NA,NA,NA,NA,NA,NA,NA,NA,837856,318511,16385,4096,b4f737276339a7626b246c204b626e79f9d9ec0f1f160233a5aa1c27728af83f,1076,0,33,3
1,35,0,0,4,0.198764513,0.156164,0.023261,428355584,NA,NA,NA,NA,NA,NA,NA,NA,5833440,1882629,26625,512,0f41e20848de6408cce7b1c5f57f0212c9401233ca75c7b6652c8ea62bfcd43f,1235,0,190,7
1,35,1,1,4,0.19888482000000002,0.16356299999999999,0.016355999999999999,428449792,NA,NA,NA,NA,NA,NA,NA,NA,5833440,1882629,26625,512,0f41e20848de6408cce7b1c5f57f0212c9401233ca75c7b6652c8ea62bfcd43f,1238,0,207,5
1,35,0,1,3,0.060749555000000004,0.039716999999999995,0.0091649999999999995,179261440,NA,NA,NA,NA,NA,NA,NA,NA,1968568,2240463,32773,1,c491f4791a93a71124b9219b05e718490cf6bd1c68b1ec8fc6a6550e31f844b1,1123,0,47,3
1,35,1,0,3,0.060872406000000004,0.039189999999999996,0.0097900000000000001,179126272,NA,NA,NA,NA,NA,NA,NA,NA,1968568,2240463,32773,1,c491f4791a93a71124b9219b05e718490cf6bd1c68b1ec8fc6a6550e31f844b1,1123,0,48,4
1,35,0,1,1,0.055861316000000001,0.034147999999999998,0.010253999999999999,156266496,NA,NA,NA,NA,NA,NA,NA,NA,994016,407679,8197,1,76f10b65f44b546f736cef2848789238eb7a5f77ce08b564ccca55b5bdc08f36,1081,0,30,4
1,35,1,0,1,0.056244542000000002,0.041486999999999996,0.003186,156536832,NA,NA,NA,NA,NA,NA,NA,NA,994016,407679,8197,1,76f10b65f44b546f736cef2848789238eb7a5f77ce08b564ccca55b5bdc08f36,1081,0,26,3
1,36,0,1,4,0.19840095300000002,0.155865,0.023205999999999997,428392448,NA,NA,NA,NA,NA,NA,NA,NA,5833440,1882629,26625,512,0f41e20848de6408cce7b1c5f57f0212c9401233ca75c7b6652c8ea62bfcd43f,1238,0,145,5
1,36,1,0,4,0.19904592100000001,0.16315399999999999,0.016645999999999998,428285952,NA,NA,NA,NA,NA,NA,NA,NA,5833440,1882629,26625,512,0f41e20848de6408cce7b1c5f57f0212c9401233ca75c7b6652c8ea62bfcd43f,1239,0,150,4
1,36,0,0,2,0.041147894000000004,0.026513999999999999,0.0033149999999999998,131428352,NA,NA,NA,NA,NA,NA,NA,NA,837856,318511,16385,4096,b4f737276339a7626b246c204b626e79f9d9ec0f1f160233a5aa1c27728af83f,628,0,24,3
1,36,1,1,2,0.041253783000000002,0.023230000000000001,0.0066419999999999995,131248128,NA,NA,NA,NA,NA,NA,NA,NA,837856,318511,16385,4096,b4f737276339a7626b246c204b626e79f9d9ec0f1f160233a5aa1c27728af83f,1071,0,33,2
1,36,0,0,3,0.060311674000000003,0.032437000000000001,0.016218,179417088,NA,NA,NA,NA,NA,NA,NA,NA,1968568,2240463,32773,1,c491f4791a93a71124b9219b05e718490cf6bd1c68b1ec8fc6a6550e31f844b1,1128,0,41,5
1,36,1,1,3,0.059895805000000003,0.037829999999999996,0.010322,179253248,NA,NA,NA,NA,NA,NA,NA,NA,1968568,2240463,32773,1,c491f4791a93a71124b9219b05e718490cf6bd1c68b1ec8fc6a6550e31f844b1,1123,0,59,3
1,36,0,1,5,0.43815897000000004,0.36202999999999996,0.056422,1025490944,NA,NA,NA,NA,NA,NA,NA,NA,11457352,5690734,153602,512,388033e7552b3b3255277a47381a62d5067155e67b74e663ad0ac019ed72fc50,1580,0,378,9
1,36,1,0,5,0.43291819100000001,0.36541099999999999,0.046494999999999995,1026007040,NA,NA,NA,NA,NA,NA,NA,NA,11457352,5690734,153602,512,388033e7552b3b3255277a47381a62d5067155e67b74e663ad0ac019ed72fc50,1140,0,159,4
1,36,0,0,1,0.055691748000000006,0.034138000000000002,0.010246,156426240,NA,NA,NA,NA,NA,NA,NA,NA,994016,407679,8197,1,76f10b65f44b546f736cef2848789238eb7a5f77ce08b564ccca55b5bdc08f36,1082,0,26,3
1,36,1,1,1,0.055980338000000004,0.037512999999999998,0.0068279999999999999,156450816,NA,NA,NA,NA,NA,NA,NA,NA,994016,407679,8197,1,76f10b65f44b546f736cef2848789238eb7a5f77ce08b564ccca55b5bdc08f36,1082,0,51,5
1,36,0,0,0,0.019045979000000001,0.0027559999999999998,0.0054929999999999996,55455744,NA,NA,NA,NA,NA,NA,NA,NA,2408,135,5,1,3d4d37e7dcef36139698862d60d536450dfb480779ac0676046a82e065e8af0f,576,0,12,3
1,36,1,1,0,0.019329621000000002,0.0082969999999999988,0,55398400,NA,NA,NA,NA,NA,NA,NA,NA,2408,135,5,1,3d4d37e7dcef36139698862d60d536450dfb480779ac0676046a82e065e8af0f,1026,0,9,3
1,37,0,1,1,0.055685276000000006,0.037437999999999999,0.0062489999999999993,156327936,NA,NA,NA,NA,NA,NA,NA,NA,994016,407679,8197,1,76f10b65f44b546f736cef2848789238eb7a5f77ce08b564ccca55b5bdc08f36,1079,0,47,5
1,37,1,0,1,0.055592983000000006,0.040648999999999998,0.0033869999999999998,156680192,NA,NA,NA,NA,NA,NA,NA,NA,994016,407679,8197,1,76f10b65f44b546f736cef2848789238eb7a5f77ce08b564ccca55b5bdc08f36,642,0,27,4
1,37,0,1,0,0.019657526000000002,0.008626,0,55377920,NA,NA,NA,NA,NA,NA,NA,NA,2408,135,5,1,3d4d37e7dcef36139698862d60d536450dfb480779ac0676046a82e065e8af0f,1028,0,12,3
1,37,1,0,0,0.019402307000000001,0.0042379999999999996,0.0041999999999999997,55861248,NA,NA,NA,NA,NA,NA,NA,NA,2408,135,5,1,3d4d37e7dcef36139698862d60d536450dfb480779ac0676046a82e065e8af0f,588,0,9,4
1,37,0,0,4,0.198281078,0.162081,0.016882999999999999,428621824,NA,NA,NA,NA,NA,NA,NA,NA,5833440,1882629,26625,512,0f41e20848de6408cce7b1c5f57f0212c9401233ca75c7b6652c8ea62bfcd43f,1243,0,168,4
1,37,1,1,4,0.19852484300000001,0.15921299999999999,0.019903000000000001,428429312,NA,NA,NA,NA,NA,NA,NA,NA,5833440,1882629,26625,512,0f41e20848de6408cce7b1c5f57f0212c9401233ca75c7b6652c8ea62bfcd43f,1235,0,110,4
1,37,0,0,5,0.43613259400000004,0.35534099999999996,0.05978,1025650688,NA,NA,NA,NA,NA,NA,NA,NA,11457352,5690734,153602,512,388033e7552b3b3255277a47381a62d5067155e67b74e663ad0ac019ed72fc50,1581,0,211,7
1,37,1,1,5,0.44069302800000004,0.36305499999999996,0.056634999999999998,1025974272,NA,NA,NA,NA,NA,NA,NA,NA,11457352,5690734,153602,512,388033e7552b3b3255277a47381a62d5067155e67b74e663ad0ac019ed72fc50,1621,0,200,7
1,37,0,1,3,0.060262452000000001,0.038662999999999996,0.0096699999999999998,179277824,NA,NA,NA,NA,NA,NA,NA,NA,1968568,2240463,32773,1,c491f4791a93a71124b9219b05e718490cf6bd1c68b1ec8fc6a6550e31f844b1,1123,0,64,3
1,37,1,0,3,0.060201517000000003,0.029152999999999998,0.019448,179654656,NA,NA,NA,NA,NA,NA,NA,NA,1968568,2240463,32773,1,c491f4791a93a71124b9219b05e718490cf6bd1c68b1ec8fc6a6550e31f844b1,683,0,41,2
1,37,0,1,2,0.040935537000000001,0.023777,0.0059449999999999998,131436544,NA,NA,NA,NA,NA,NA,NA,NA,837856,318511,16385,4096,b4f737276339a7626b246c204b626e79f9d9ec0f1f160233a5aa1c27728af83f,1074,0,19,5
1,37,1,0,2,0.041245336,0.023342999999999999,0.0066619999999999995,131342336,NA,NA,NA,NA,NA,NA,NA,NA,837856,318511,16385,4096,b4f737276339a7626b246c204b626e79f9d9ec0f1f160233a5aa1c27728af83f,628,0,28,3
1,38,0,1,0,0.019267775000000001,0.0056779999999999999,0.0028419999999999999,55316480,NA,NA,NA,NA,NA,NA,NA,NA,2408,135,5,1,3d4d37e7dcef36139698862d60d536450dfb480779ac0676046a82e065e8af0f,1029,0,12,3
1,38,1,0,0,0.019368623000000001,0.0041929999999999997,0.0042139999999999999,55255040,NA,NA,NA,NA,NA,NA,NA,NA,2408,135,5,1,3d4d37e7dcef36139698862d60d536450dfb480779ac0676046a82e065e8af0f,1024,0,12,2
1,38,0,0,2,0.040591101000000004,0.025465999999999999,0.0036279999999999997,131489792,NA,NA,NA,NA,NA,NA,NA,NA,837856,318511,16385,4096,b4f737276339a7626b246c204b626e79f9d9ec0f1f160233a5aa1c27728af83f,627,0,26,4
1,38,1,1,2,0.040883129000000004,0.023119000000000001,0.0066189999999999999,131194880,NA,NA,NA,NA,NA,NA,NA,NA,837856,318511,16385,4096,b4f737276339a7626b246c204b626e79f9d9ec0f1f160233a5aa1c27728af83f,1099,0,18,3
1,38,0,1,1,0.055626965,0.034602000000000001,0.0094500000000000001,156258304,NA,NA,NA,NA,NA,NA,NA,NA,994016,407679,8197,1,76f10b65f44b546f736cef2848789238eb7a5f77ce08b564ccca55b5bdc08f36,1082,0,24,5
1,38,1,0,1,0.056195612000000006,0.031841999999999995,0.012721,156385280,NA,NA,NA,NA,NA,NA,NA,NA,994016,407679,8197,1,76f10b65f44b546f736cef2848789238eb7a5f77ce08b564ccca55b5bdc08f36,1081,0,38,4
1,38,0,0,4,0.19795831200000003,0.158725,0.019837999999999998,428683264,NA,NA,NA,NA,NA,NA,NA,NA,5833440,1882629,26625,512,0f41e20848de6408cce7b1c5f57f0212c9401233ca75c7b6652c8ea62bfcd43f,787,0,109,5
1,38,1,1,4,0.198727083,0.15979199999999999,0.019564999999999999,428724224,NA,NA,NA,NA,NA,NA,NA,NA,5833440,1882629,26625,512,0f41e20848de6408cce7b1c5f57f0212c9401233ca75c7b6652c8ea62bfcd43f,1271,0,156,5
1,38,0,1,5,0.43980783000000001,0.37725799999999998,0.040410000000000001,1025716224,NA,NA,NA,NA,NA,NA,NA,NA,11457352,5690734,153602,512,388033e7552b3b3255277a47381a62d5067155e67b74e663ad0ac019ed72fc50,1584,0,26,5
1,38,1,0,5,0.44038923900000004,0.37684499999999999,0.036686999999999997,1025912832,NA,NA,NA,NA,NA,NA,NA,NA,11457352,5690734,153602,512,388033e7552b3b3255277a47381a62d5067155e67b74e663ad0ac019ed72fc50,1587,0,93,9
1,38,0,0,3,0.060954518000000006,0.042554999999999996,0.0065499999999999994,179220480,NA,NA,NA,NA,NA,NA,NA,NA,1968568,2240463,32773,1,c491f4791a93a71124b9219b05e718490cf6bd1c68b1ec8fc6a6550e31f844b1,1120,0,61,5
1,38,1,1,3,0.059638513000000004,0.041397999999999997,0.0069019999999999993,179376128,NA,NA,NA,NA,NA,NA,NA,NA,1968568,2240463,32773,1,c491f4791a93a71124b9219b05e718490cf6bd1c68b1ec8fc6a6550e31f844b1,1125,0,61,4
1,39,0,0,1,0.056056982000000005,0.035472999999999998,0.0088710000000000004,156921856,NA,NA,NA,NA,NA,NA,NA,NA,994016,407679,8197,1,76f10b65f44b546f736cef2848789238eb7a5f77ce08b564ccca55b5bdc08f36,644,0,44,4
1,39,1,1,1,0.055938599000000006,0.040962999999999999,0.0034159999999999998,156467200,NA,NA,NA,NA,NA,NA,NA,NA,994016,407679,8197,1,76f10b65f44b546f736cef2848789238eb7a5f77ce08b564ccca55b5bdc08f36,1083,0,18,5
1,39,0,1,3,0.064860928999999998,0.037941999999999997,0.01034,179154944,NA,NA,NA,NA,NA,NA,NA,NA,1968568,2240463,32773,1,c491f4791a93a71124b9219b05e718490cf6bd1c68b1ec8fc6a6550e31f844b1,1123,0,39,3
1,39,1,0,3,0.060429394000000004,0.045551000000000001,0.0035039999999999997,179425280,NA,NA,NA,NA,NA,NA,NA,NA,1968568,2240463,32773,1,c491f4791a93a71124b9219b05e718490cf6bd1c68b1ec8fc6a6550e31f844b1,1161,0,62,4
1,39,0,0,0,0.018954978000000001,0.0054669999999999996,0.0027339999999999999,55074816,NA,NA,NA,NA,NA,NA,NA,NA,2408,135,5,1,3d4d37e7dcef36139698862d60d536450dfb480779ac0676046a82e065e8af0f,1025,0,13,3
1,39,1,1,0,0.018421730000000001,0.0025609999999999999,0.0051479999999999998,55513088,NA,NA,NA,NA,NA,NA,NA,NA,2408,135,5,1,3d4d37e7dcef36139698862d60d536450dfb480779ac0676046a82e065e8af0f,585,0,13,4
1,39,0,1,2,0.040414220000000001,0.018312999999999999,0.010999999999999999,131227648,NA,NA,NA,NA,NA,NA,NA,NA,837856,318511,16385,4096,b4f737276339a7626b246c204b626e79f9d9ec0f1f160233a5aa1c27728af83f,1071,0,26,5
1,39,1,0,2,0.041071841000000005,0.019880999999999999,0.0099469999999999992,130920448,NA,NA,NA,NA,NA,NA,NA,NA,837856,318511,16385,4096,b4f737276339a7626b246c204b626e79f9d9ec0f1f160233a5aa1c27728af83f,1069,0,30,3
1,39,0,1,4,0.19816403800000001,0.16237699999999999,0.016559999999999998,428949504,NA,NA,NA,NA,NA,NA,NA,NA,5833440,1882629,26625,512,0f41e20848de6408cce7b1c5f57f0212c9401233ca75c7b6652c8ea62bfcd43f,795,0,227,6
1,39,1,0,4,0.19911678300000002,0.15598799999999999,0.023744999999999999,428597248,NA,NA,NA,NA,NA,NA,NA,NA,5833440,1882629,26625,512,0f41e20848de6408cce7b1c5f57f0212c9401233ca75c7b6652c8ea62bfcd43f,794,0,126,5
1,39,0,0,5,0.43929321600000004,0.35311300000000001,0.059961999999999994,1026146304,NA,NA,NA,NA,NA,NA,NA,NA,11457352,5690734,153602,512,388033e7552b3b3255277a47381a62d5067155e67b74e663ad0ac019ed72fc50,1138,0,144,6
1,39,1,1,5,0.44940138600000001,0.38713700000000001,0.033362999999999997,1026015232,NA,NA,NA,NA,NA,NA,NA,NA,11457352,5690734,153602,512,388033e7552b3b3255277a47381a62d5067155e67b74e663ad0ac019ed72fc50,1587,0,213,8
