round,pair,order,variant,job,wall_seconds,user_seconds,system_seconds,peak_rss_bytes,cycles,instructions,branches,branch_misses,cache_references,cache_misses,arena_calls,arena_bytes,output_bytes,source_bytes,source_lines,source_functions,output_sha256,minor_faults,major_faults,voluntary_context_switches,involuntary_context_switches
0,0,0,1,1,0.011681492000207072,0.0076599999999999993,0.0038169999999999996,51961856,NA,NA,NA,NA,NA,NA,NA,NA,2056,136,5,1,6b21b079ef6f8f7f055926600e53b906dd7be041e021dd2791b7aa8c55e24585,554,0,1,5
0,0,1,0,1,0.012165860998720746,0.006881,0.0049129999999999998,51863552,NA,NA,NA,NA,NA,NA,NA,NA,2056,136,5,1,6b21b079ef6f8f7f055926600e53b906dd7be041e021dd2791b7aa8c55e24585,993,0,1,2
0,0,0,1,11,0.013943882999228663,0.0088190000000000004,0.0048830000000000002,53948416,NA,NA,NA,NA,NA,NA,NA,NA,14928,5066,257,64,9655be68483f45304d566dfb3dc63ba1458a5653029061a6b60617464768d366,1000,0,1,3
0,0,1,0,11,0.01246348699896771,0.0091710000000000003,0.0030499999999999998,53805056,NA,NA,NA,NA,NA,NA,NA,NA,14928,5066,257,64,9655be68483f45304d566dfb3dc63ba1458a5653029061a6b60617464768d366,997,0,1,1
0,0,0,0,21,0.020443322999199154,0.013521,0.0067229999999999998,81223680,NA,NA,NA,NA,NA,NA,NA,NA,277920,89118,2402,8,089ec4ce05f5e4d43e3e352375117ee462b31249b272f87015d01ad0429bd7f9,1016,0,1,0
0,0,1,1,21,0.020813103999898885,0.014726,0.0058919999999999997,81055744,NA,NA,NA,NA,NA,NA,NA,NA,277920,89118,2402,8,089ec4ce05f5e4d43e3e352375117ee462b31249b272f87015d01ad0429bd7f9,1008,0,1,1
0,0,0,0,6,0.012756624000758165,0.0082649999999999998,0.0041110000000000001,53923840,NA,NA,NA,NA,NA,NA,NA,NA,17504,6529,133,1,5e7e7625c8b52e7a71d9370c6c8ab5025ac2b81f4970efe917952ec17c538f1c,1001,0,1,3
0,0,1,1,6,0.015023124000435928,0.010563999999999999,0.0031389999999999999,53895168,NA,NA,NA,NA,NA,NA,NA,NA,17504,6529,133,1,5e7e7625c8b52e7a71d9370c6c8ab5025ac2b81f4970efe917952ec17c538f1c,1000,0,1,11
0,0,0,1,0,0.012955299000168452,0.0085290000000000001,0.0037919999999999998,52150272,NA,NA,NA,NA,NA,NA,NA,NA,2008,136,5,1,a8c1633e798ef980493443e67e6fdb6eada42f775edf7051d304d09c3ddadf5a,559,0,1,2
0,0,1,0,0,0.012653769001190085,0.0095040000000000003,0.0028639999999999998,52023296,NA,NA,NA,NA,NA,NA,NA,NA,2008,136,5,1,a8c1633e798ef980493443e67e6fdb6eada42f775edf7051d304d09c3ddadf5a,549,0,1,2
0,0,0,1,9,0.012930791999679059,0.0076309999999999998,0.0047549999999999997,53805056,NA,NA,NA,NA,NA,NA,NA,NA,20048,5066,257,64,d8d78f7bb977c6f730c6b5cdfaa88bed294d141a9777385856f783cc112e0874,1005,0,1,2
0,0,1,0,9,0.012727968000035617,0.0096270000000000001,0.002875,53985280,NA,NA,NA,NA,NA,NA,NA,NA,20048,5066,257,64,d8d78f7bb977c6f730c6b5cdfaa88bed294d141a9777385856f783cc112e0874,998,0,1,0
0,0,0,0,10,0.013337170999875525,0.0094070000000000004,0.0037589999999999998,53751808,NA,NA,NA,NA,NA,NA,NA,NA,14928,5066,257,64,9655be68483f45304d566dfb3dc63ba1458a5653029061a6b60617464768d366,1001,0,1,1
0,0,1,1,10,0.013411947998974938,0.008097,0.0050539999999999995,53964800,NA,NA,NA,NA,NA,NA,NA,NA,14928,5066,257,64,9655be68483f45304d566dfb3dc63ba1458a5653029061a6b60617464768d366,1004,0,1,2
0,0,0,0,4,0.015166264998697443,0.011958999999999999,0.00299,53841920,NA,NA,NA,NA,NA,NA,NA,NA,22160,6529,133,1,3ac5102c6f2bc513eb86f2343729d5f51295afd9e738a690903fa32334fb4c28,996,0,1,2
0,0,1,1,4,0.014413609000257566,0.011089,0.003003,53817344,NA,NA,NA,NA,NA,NA,NA,NA,22160,6529,133,1,3ac5102c6f2bc513eb86f2343729d5f51295afd9e738a690903fa32334fb4c28,998,0,1,3
0,0,0,0,5,0.012629253998966306,0.0082789999999999999,0.0041349999999999998,53882880,NA,NA,NA,NA,NA,NA,NA,NA,25888,6529,133,1,6cbbbbf695d9298d218c01af658d12c9a04646e608628360a5a03df9e71e6d9c,1000,0,3,5
0,0,1,1,5,0.012270822999198572,0.0080499999999999999,0.0040239999999999998,53817344,NA,NA,NA,NA,NA,NA,NA,NA,25888,6529,133,1,6cbbbbf695d9298d218c01af658d12c9a04646e608628360a5a03df9e71e6d9c,1001,0,1,4
0,0,0,0,16,0.019193984000594355,0.014045,0.0049940000000000002,64483328,NA,NA,NA,NA,NA,NA,NA,NA,136888,29499,417,8,af3bdbbd0003d101664215b713d407f2160931601787a4fad2f046110caa3e72,1003,0,1,0
0,0,1,1,16,0.017711267000777298,0.012303,0.0051209999999999997,64626688,NA,NA,NA,NA,NA,NA,NA,NA,136888,29499,417,8,af3bdbbd0003d101664215b713d407f2160931601787a4fad2f046110caa3e72,554,0,1,1
0,0,0,0,2,0.012385424999592942,0.007528,0.00464,51830784,NA,NA,NA,NA,NA,NA,NA,NA,2008,136,5,1,8210b4f6eac12a20575e673437437e82cfff653da437ea17992a3aed56a99207,995,0,1,2
0,0,1,1,2,0.012369259999104543,0.010078,0.002016,51798016,NA,NA,NA,NA,NA,NA,NA,NA,2008,136,5,1,8210b4f6eac12a20575e673437437e82cfff653da437ea17992a3aed56a99207,1001,0,1,1
0,0,0,0,12,0.014825043999735499,0.010442,0.0041479999999999998,56225792,NA,NA,NA,NA,NA,NA,NA,NA,40904,35142,517,1,5c836afd34e5659fc140fff27358a40506e741bf81aa02c58678151e3747eac9,555,0,1,0
0,0,1,1,12,0.014600738000808633,0.010300999999999999,0.004084,56254464,NA,NA,NA,NA,NA,NA,NA,NA,40904,35142,517,1,5c836afd34e5659fc140fff27358a40506e741bf81aa02c58678151e3747eac9,557,0,1,1
0,0,0,1,3,0.012076199998773518,0.0078829999999999994,0.0039589999999999998,51617792,NA,NA,NA,NA,NA,NA,NA,NA,2008,136,5,1,8210b4f6eac12a20575e673437437e82cfff653da437ea17992a3aed56a99207,992,0,1,2
0,0,1,0,3,0.01292707099855761,0.0087889999999999999,0.003895,51740672,NA,NA,NA,NA,NA,NA,NA,NA,2008,136,5,1,8210b4f6eac12a20575e673437437e82cfff653da437ea17992a3aed56a99207,999,0,1,2
0,0,0,1,20,0.026698889001636417,0.021360000000000001,0.005078,81555456,NA,NA,NA,NA,NA,NA,NA,NA,220064,89118,2402,8,9bed9a0bde0e198846d4983ba78bcd51e5e45d614941dd9bc544c1667832b5ea,574,0,1,1
0,0,1,0,20,0.025873002001389978,0.022668999999999998,0.0029689999999999999,81252352,NA,NA,NA,NA,NA,NA,NA,NA,220064,89118,2402,8,9bed9a0bde0e198846d4983ba78bcd51e5e45d614941dd9bc544c1667832b5ea,1011,0,1,3
0,0,0,0,15,0.012712361998637789,0.0083569999999999998,0.0041739999999999998,55984128,NA,NA,NA,NA,NA,NA,NA,NA,32824,35142,517,1,5a24ee2382083ee5d5eb9b364e57818da3678644deec6a705c5878fcd40e5876,998,0,1,1
0,0,1,1,15,0.012105478999728803,0.0079749999999999995,0.0039789999999999999,56348672,NA,NA,NA,NA,NA,NA,NA,NA,32824,35142,517,1,5a24ee2382083ee5d5eb9b364e57818da3678644deec6a705c5878fcd40e5876,554,0,1,1
0,0,0,0,17,0.016743828000471694,0.012346999999999999,0.0041009999999999996,64319488,NA,NA,NA,NA,NA,NA,NA,NA,127800,29499,417,8,cf7b13a857f01f4a14779c4cf8ec5e795ca6dd011a53f4345643bcaf3709f18a,999,0,1,2
0,0,1,1,17,0.016107581001051585,0.011845,0.0039420000000000002,64811008,NA,NA,NA,NA,NA,NA,NA,NA,127800,29499,417,8,cf7b13a857f01f4a14779c4cf8ec5e795ca6dd011a53f4345643bcaf3709f18a,564,0,1,2
0,0,0,0,8,0.013680001999091473,0.011330999999999999,0.0020569999999999998,53952512,NA,NA,NA,NA,NA,NA,NA,NA,13904,5066,257,64,f70f03940df99c8ce0b0b02082129e05360030bd32e6edc5877c0f69a31bb0a4,998,0,1,0
0,0,1,1,8,0.013576770999861765,0.010307,0.003088,53944320,NA,NA,NA,NA,NA,NA,NA,NA,13904,5066,257,64,f70f03940df99c8ce0b0b02082129e05360030bd32e6edc5877c0f69a31bb0a4,553,0,1,1
0,0,0,0,7,0.012624409999261843,0.010404999999999999,0.002062,54001664,NA,NA,NA,NA,NA,NA,NA,NA,17504,6529,133,1,5e7e7625c8b52e7a71d9370c6c8ab5025ac2b81f4970efe917952ec17c538f1c,1008,0,1,0
0,0,1,1,7,0.013416779998806305,0.009195,0.0040689999999999997,53907456,NA,NA,NA,NA,NA,NA,NA,NA,17504,6529,133,1,5e7e7625c8b52e7a71d9370c6c8ab5025ac2b81f4970efe917952ec17c538f1c,996,0,1,0
0,0,0,1,18,0.015786392999871168,0.01077,0.0048549999999999999,64315392,NA,NA,NA,NA,NA,NA,NA,NA,94392,29499,417,8,ec97d55cded7bb1cbf8e12495905cb68073380af6a6370282abb8f233d21e857,1005,0,1,0
0,0,1,0,18,0.015029211001092335,0.012869999999999999,0.0019599999999999999,64659456,NA,NA,NA,NA,NA,NA,NA,NA,94392,29499,417,8,ec97d55cded7bb1cbf8e12495905cb68073380af6a6370282abb8f233d21e857,565,0,1,1
0,0,0,0,22,0.020724823998534703,0.017767999999999999,0.001977,81420288,NA,NA,NA,NA,NA,NA,NA,NA,180960,89118,2402,8,46606a158b66af8518456db0739cae64d8d2e5f9a80404e15ddbb91810d3af0d,568,0,1,3
0,0,1,1,22,0.020864780999545474,0.015005999999999999,0.0046839999999999998,81117184,NA,NA,NA,NA,NA,NA,NA,NA,180960,89118,2402,8,46606a158b66af8518456db0739cae64d8d2e5f9a80404e15ddbb91810d3af0d,1014,0,1,7
0,0,0,1,23,0.023884360998636112,0.015931999999999998,0.0059829999999999996,81383424,NA,NA,NA,NA,NA,NA,NA,NA,180960,89118,2402,8,46606a158b66af8518456db0739cae64d8d2e5f9a80404e15ddbb91810d3af0d,1061,0,1,15
0,0,1,0,23,0.021074584999951185,0.017683000000000001,0.0029419999999999997,81285120,NA,NA,NA,NA,NA,NA,NA,NA,180960,89118,2402,8,46606a158b66af8518456db0739cae64d8d2e5f9a80404e15ddbb91810d3af0d,1012,0,1,4
0,0,0,0,19,0.015894509000645485,0.0097089999999999989,0.0058089999999999999,64503808,NA,NA,NA,NA,NA,NA,NA,NA,94392,29499,417,8,ec97d55cded7bb1cbf8e12495905cb68073380af6a6370282abb8f233d21e857,1003,0,1,3
0,0,1,1,19,0.014966054999604239,0.010808,0.0039069999999999999,64786432,NA,NA,NA,NA,NA,NA,NA,NA,94392,29499,417,8,ec97d55cded7bb1cbf8e12495905cb68073380af6a6370282abb8f233d21e857,560,0,1,2
0,0,0,1,13,0.013101295999149443,0.01091,0.0019789999999999999,55959552,NA,NA,NA,NA,NA,NA,NA,NA,41016,35142,517,1,662bf8c3f785828e59b2e955c5f9255272bd2640c5dd7e9c2804e24f24350bdf,1005,0,1,2
0,0,1,0,13,0.01384836999932304,0.0096340000000000002,0.003846,55980032,NA,NA,NA,NA,NA,NA,NA,NA,41016,35142,517,1,662bf8c3f785828e59b2e955c5f9255272bd2640c5dd7e9c2804e24f24350bdf,995,0,1,12
0,0,0,1,14,0.014172539998980938,0.0079679999999999994,0.0049680000000000002,56082432,NA,NA,NA,NA,NA,NA,NA,NA,32824,35142,517,1,5a24ee2382083ee5d5eb9b364e57818da3678644deec6a705c5878fcd40e5876,550,0,1,4
0,0,1,0,14,0.012357601000985596,0.0091170000000000001,0.0030399999999999997,56111104,NA,NA,NA,NA,NA,NA,NA,NA,32824,35142,517,1,5a24ee2382083ee5d5eb9b364e57818da3678644deec6a705c5878fcd40e5876,998,0,1,5
0,1,0,1,17,0.016185185999347595,0.012957999999999999,0.0029689999999999999,64397312,NA,NA,NA,NA,NA,NA,NA,NA,127800,29499,417,8,cf7b13a857f01f4a14779c4cf8ec5e795ca6dd011a53f4345643bcaf3709f18a,1007,0,1,4
0,1,1,0,17,0.016740167999159894,0.010293999999999999,0.0061619999999999999,64372736,NA,NA,NA,NA,NA,NA,NA,NA,127800,29499,417,8,cf7b13a857f01f4a14779c4cf8ec5e795ca6dd011a53f4345643bcaf3709f18a,1009,0,1,6
0,1,0,0,0,0.013064049000604427,0.0079209999999999992,0.0048960000000000002,51675136,NA,NA,NA,NA,NA,NA,NA,NA,2008,136,5,1,a8c1633e798ef980493443e67e6fdb6eada42f775edf7051d304d09c3ddadf5a,994,0,1,0
0,1,1,1,0,0.012903598000775673,0.008796,0.003895,51683328,NA,NA,NA,NA,NA,NA,NA,NA,2008,136,5,1,a8c1633e798ef980493443e67e6fdb6eada42f775edf7051d304d09c3ddadf5a,998,0,1,4
0,1,0,1,10,0.012997900001209928,0.0098619999999999992,0.0029640000000000001,54112256,NA,NA,NA,NA,NA,NA,NA,NA,14928,5066,257,64,9655be68483f45304d566dfb3dc63ba1458a5653029061a6b60617464768d366,1039,0,1,0
0,1,1,0,10,0.012352719000773504,0.0091749999999999991,0.003032,53960704,NA,NA,NA,NA,NA,NA,NA,NA,14928,5066,257,64,9655be68483f45304d566dfb3dc63ba1458a5653029061a6b60617464768d366,555,0,1,2
0,1,0,1,8,0.013003628000660683,0.0079069999999999991,0.0049220000000000002,53882880,NA,NA,NA,NA,NA,NA,NA,NA,13904,5066,257,64,f70f03940df99c8ce0b0b02082129e05360030bd32e6edc5877c0f69a31bb0a4,1002,0,1,1
0,1,1,0,8,0.01402359600069758,0.009868,0.0039290000000000002,53809152,NA,NA,NA,NA,NA,NA,NA,NA,13904,5066,257,64,f70f03940df99c8ce0b0b02082129e05360030bd32e6edc5877c0f69a31bb0a4,995,0,1,6
0,1,0,0,9,0.013050857000052929,0.0098960000000000003,0.00297,54038528,NA,NA,NA,NA,NA,NA,NA,NA,20048,5066,257,64,d8d78f7bb977c6f730c6b5cdfaa88bed294d141a9777385856f783cc112e0874,994,0,1,5
0,1,1,1,9,0.013739037998675485,0.0088170000000000002,0.0039049999999999996,54009856,NA,NA,NA,NA,NA,NA,NA,NA,20048,5066,257,64,d8d78f7bb977c6f730c6b5cdfaa88bed294d141a9777385856f783cc112e0874,1027,0,1,4
0,1,0,0,18,0.01556339300077525,0.012433999999999999,0.0028629999999999997,64393216,NA,NA,NA,NA,NA,NA,NA,NA,94392,29499,417,8,ec97d55cded7bb1cbf8e12495905cb68073380af6a6370282abb8f233d21e857,1008,0,1,4
0,1,1,1,18,0.015316449000238208,0.011960999999999999,0.0029849999999999998,64397312,NA,NA,NA,NA,NA,NA,NA,NA,94392,29499,417,8,ec97d55cded7bb1cbf8e12495905cb68073380af6a6370282abb8f233d21e857,1049,0,2,3
0,1,0,0,11,0.013405450001300778,0.0091069999999999988,0.0040359999999999997,54001664,NA,NA,NA,NA,NA,NA,NA,NA,14928,5066,257,64,9655be68483f45304d566dfb3dc63ba1458a5653029061a6b60617464768d366,1003,0,1,0
0,1,1,1,11,0.012229907999426359,0.0060019999999999995,0.0059759999999999995,54026240,NA,NA,NA,NA,NA,NA,NA,NA,14928,5066,257,64,9655be68483f45304d566dfb3dc63ba1458a5653029061a6b60617464768d366,1000,0,1,3
0,1,0,1,12,0.014914444000169169,0.011554,0.0031279999999999997,55906304,NA,NA,NA,NA,NA,NA,NA,NA,40904,35142,517,1,5c836afd34e5659fc140fff27358a40506e741bf81aa02c58678151e3747eac9,998,0,1,3
0,1,1,0,12,0.014746304999789572,0.010652999999999999,0.0038809999999999999,55963648,NA,NA,NA,NA,NA,NA,NA,NA,40904,35142,517,1,5c836afd34e5659fc140fff27358a40506e741bf81aa02c58678151e3747eac9,1002,0,1,6
0,1,0,1,2,0.013408184999207151,0.011358,0.001034,51875840,NA,NA,NA,NA,NA,NA,NA,NA,2008,136,5,1,8210b4f6eac12a20575e673437437e82cfff653da437ea17992a3aed56a99207,1001,0,1,6
0,1,1,0,2,0.012898390999907861,0.010036,0.002006,51724288,NA,NA,NA,NA,NA,NA,NA,NA,2008,136,5,1,8210b4f6eac12a20575e673437437e82cfff653da437ea17992a3aed56a99207,994,0,1,4
0,1,0,0,20,0.027157664999322151,0.020923999999999998,0.0059709999999999997,81526784,NA,NA,NA,NA,NA,NA,NA,NA,220064,89118,2402,8,9bed9a0bde0e198846d4983ba78bcd51e5e45d614941dd9bc544c1667832b5ea,565,0,1,0
0,1,1,1,20,0.029357523999351542,0.023012999999999999,0.0060000000000000001,81289216,NA,NA,NA,NA,NA,NA,NA,NA,220064,89118,2402,8,9bed9a0bde0e198846d4983ba78bcd51e5e45d614941dd9bc544c1667832b5ea,1012,0,1,2
0,1,0,1,15,0.014064544000575552,0.0098539999999999999,0.003901,55828480,NA,NA,NA,NA,NA,NA,NA,NA,32824,35142,517,1,5a24ee2382083ee5d5eb9b364e57818da3678644deec6a705c5878fcd40e5876,999,0,1,6
0,1,1,0,15,0.013643700000102399,0.011356,0.002049,55959552,NA,NA,NA,NA,NA,NA,NA,NA,32824,35142,517,1,5a24ee2382083ee5d5eb9b364e57818da3678644deec6a705c5878fcd40e5876,999,0,1,3
0,1,0,1,6,0.012366201999611803,0.0080990000000000003,0.0040439999999999999,54091776,NA,NA,NA,NA,NA,NA,NA,NA,17504,6529,133,1,5e7e7625c8b52e7a71d9370c6c8ab5025ac2b81f4970efe917952ec17c538f1c,558,0,1,5
0,1,1,0,6,0.012302396000450244,0.0084159999999999999,0.0036869999999999997,54067200,NA,NA,NA,NA,NA,NA,NA,NA,17504,6529,133,1,5e7e7625c8b52e7a71d9370c6c8ab5025ac2b81f4970efe917952ec17c538f1c,550,0,1,3
0,1,0,0,1,0.011671125999782817,0.0056819999999999996,0.005679,51810304,NA,NA,NA,NA,NA,NA,NA,NA,2056,136,5,1,6b21b079ef6f8f7f055926600e53b906dd7be041e021dd2791b7aa8c55e24585,1000,0,1,4
0,1,1,1,1,0.013268287999380846,0.008990999999999999,0.0039969999999999997,51724288,NA,NA,NA,NA,NA,NA,NA,NA,2056,136,5,1,6b21b079ef6f8f7f055926600e53b906dd7be041e021dd2791b7aa8c55e24585,994,0,1,3
0,1,0,0,3,0.01225336399875232,0.0074489999999999999,0.0046349999999999994,51859456,NA,NA,NA,NA,NA,NA,NA,NA,2008,136,5,1,8210b4f6eac12a20575e673437437e82cfff653da437ea17992a3aed56a99207,1001,0,1,3
0,1,1,1,3,0.011882786000569467,0.0095440000000000004,0.002127,52113408,NA,NA,NA,NA,NA,NA,NA,NA,2008,136,5,1,8210b4f6eac12a20575e673437437e82cfff653da437ea17992a3aed56a99207,560,0,1,2
0,1,0,1,21,0.019413691999943694,0.015146,0.0040390000000000001,81387520,NA,NA,NA,NA,NA,NA,NA,NA,277920,89118,2402,8,089ec4ce05f5e4d43e3e352375117ee462b31249b272f87015d01ad0429bd7f9,1011,0,1,5
0,1,1,0,21,0.020430864999070764,0.017106,0.0030219999999999999,81346560,NA,NA,NA,NA,NA,NA,NA,NA,277920,89118,2402,8,089ec4ce05f5e4d43e3e352375117ee462b31249b272f87015d01ad0429bd7f9,1017,0,1,7
0,1,0,1,16,0.018555161001131637,0.016281,0.0020349999999999999,64524288,NA,NA,NA,NA,NA,NA,NA,NA,136888,29499,417,8,af3bdbbd0003d101664215b713d407f2160931601787a4fad2f046110caa3e72,1005,0,1,8
0,1,1,0,16,0.019343778998518246,0.012468,0.0066669999999999993,64774144,NA,NA,NA,NA,NA,NA,NA,NA,136888,29499,417,8,af3bdbbd0003d101664215b713d407f2160931601787a4fad2f046110caa3e72,560,0,1,2
0,1,0,0,13,0.01246351100053289,0.0071779999999999995,0.0050939999999999996,55869440,NA,NA,NA,NA,NA,NA,NA,NA,41016,35142,517,1,662bf8c3f785828e59b2e955c5f9255272bd2640c5dd7e9c2804e24f24350bdf,993,0,1,0
0,1,1,1,13,0.013876364000680041,0.0093930000000000003,0.0041640000000000002,56078336,NA,NA,NA,NA,NA,NA,NA,NA,41016,35142,517,1,662bf8c3f785828e59b2e955c5f9255272bd2640c5dd7e9c2804e24f24350bdf,998,0,1,2
0,1,0,0,23,0.021879301000808482,0.016635,0.0049189999999999998,81149952,NA,NA,NA,NA,NA,NA,NA,NA,180960,89118,2402,8,46606a158b66af8518456db0739cae64d8d2e5f9a80404e15ddbb91810d3af0d,1009,0,1,4
0,1,1,1,23,0.021396627000285662,0.018078,0.0030019999999999999,81321984,NA,NA,NA,NA,NA,NA,NA,NA,180960,89118,2402,8,46606a158b66af8518456db0739cae64d8d2e5f9a80404e15ddbb91810d3af0d,1043,0,1,2
0,1,0,0,14,0.013042698001299868,0.0098309999999999995,0.0029289999999999997,56016896,NA,NA,NA,NA,NA,NA,NA,NA,32824,35142,517,1,5a24ee2382083ee5d5eb9b364e57818da3678644deec6a705c5878fcd40e5876,997,0,1,1
0,1,1,1,14,0.012770839999575401,0.008369999999999999,0.0041649999999999994,56184832,NA,NA,NA,NA,NA,NA,NA,NA,32824,35142,517,1,5a24ee2382083ee5d5eb9b364e57818da3678644deec6a705c5878fcd40e5876,551,0,1,2
0,1,0,1,7,0.012653085999772884,0.010324,0.0020529999999999997,53960704,NA,NA,NA,NA,NA,NA,NA,NA,17504,6529,133,1,5e7e7625c8b52e7a71d9370c6c8ab5025ac2b81f4970efe917952ec17c538f1c,1002,0,1,2
0,1,1,0,7,0.013507149000361096,0.01023,0.0030739999999999999,54005760,NA,NA,NA,NA,NA,NA,NA,NA,17504,6529,133,1,5e7e7625c8b52e7a71d9370c6c8ab5025ac2b81f4970efe917952ec17c538f1c,1000,0,1,2
0,1,0,1,5,0.013074627000605687,0.0079389999999999999,0.0049579999999999997,53784576,NA,NA,NA,NA,NA,NA,NA,NA,25888,6529,133,1,6cbbbbf695d9298d218c01af658d12c9a04646e608628360a5a03df9e71e6d9c,993,0,1,0
0,1,1,0,5,0.012198817999887979,0.0079819999999999995,0.0039220000000000001,54198272,NA,NA,NA,NA,NA,NA,NA,NA,25888,6529,133,1,6cbbbbf695d9298d218c01af658d12c9a04646e608628360a5a03df9e71e6d9c,554,0,1,5
0,1,0,1,4,0.014052356000320287,0.0098469999999999999,0.003934,53776384,NA,NA,NA,NA,NA,NA,NA,NA,22160,6529,133,1,3ac5102c6f2bc513eb86f2343729d5f51295afd9e738a690903fa32334fb4c28,997,0,1,3
0,1,1,0,4,0.013856768000550801,0.010747,0.0029289999999999997,53858304,NA,NA,NA,NA,NA,NA,NA,NA,22160,6529,133,1,3ac5102c6f2bc513eb86f2343729d5f51295afd9e738a690903fa32334fb4c28,999,0,1,0
0,1,0,1,22,0.020564055999784614,0.01554,0.004829,81387520,NA,NA,NA,NA,NA,NA,NA,NA,180960,89118,2402,8,46606a158b66af8518456db0739cae64d8d2e5f9a80404e15ddbb91810d3af0d,569,0,1,1
0,1,1,0,22,0.0196646510012215,0.014300999999999999,0.0050609999999999995,81338368,NA,NA,NA,NA,NA,NA,NA,NA,180960,89118,2402,8,46606a158b66af8518456db0739cae64d8d2e5f9a80404e15ddbb91810d3af0d,1017,0,1,4
0,1,0,1,19,0.014664829001048929,0.012430999999999999,0.0020579999999999999,64409600,NA,NA,NA,NA,NA,NA,NA,NA,94392,29499,417,8,ec97d55cded7bb1cbf8e12495905cb68073380af6a6370282abb8f233d21e857,1004,0,1,1
0,1,1,0,19,0.014748309999049525,0.010688,0.0038919999999999996,64851968,NA,NA,NA,NA,NA,NA,NA,NA,94392,29499,417,8,ec97d55cded7bb1cbf8e12495905cb68073380af6a6370282abb8f233d21e857,564,0,1,1
0,2,0,1,17,0.016894587000933825,0.015030999999999999,0.0010559999999999999,64241664,NA,NA,NA,NA,NA,NA,NA,NA,127800,29499,417,8,cf7b13a857f01f4a14779c4cf8ec5e795ca6dd011a53f4345643bcaf3709f18a,1009,0,1,3
0,2,1,0,17,0.015126578999115736,0.011972999999999999,0.0029640000000000001,64647168,NA,NA,NA,NA,NA,NA,NA,NA,127800,29499,417,8,cf7b13a857f01f4a14779c4cf8ec5e795ca6dd011a53f4345643bcaf3709f18a,557,0,1,1
0,2,0,1,10,0.012600863999978174,0.0086160000000000004,0.0038269999999999997,53862400,NA,NA,NA,NA,NA,NA,NA,NA,14928,5066,257,64,9655be68483f45304d566dfb3dc63ba1458a5653029061a6b60617464768d366,1001,0,1,2
0,2,1,0,10,0.012421182000252884,0.010097999999999999,0.0020209999999999998,53968896,NA,NA,NA,NA,NA,NA,NA,NA,14928,5066,257,64,9655be68483f45304d566dfb3dc63ba1458a5653029061a6b60617464768d366,998,0,1,2
0,2,0,1,21,0.020416963001480326,0.018162999999999999,0.0020219999999999999,81309696,NA,NA,NA,NA,NA,NA,NA,NA,277920,89118,2402,8,089ec4ce05f5e4d43e3e352375117ee462b31249b272f87015d01ad0429bd7f9,1009,0,1,3
0,2,1,0,21,0.019393632001083461,0.012119999999999999,0.0070359999999999997,81387520,NA,NA,NA,NA,NA,NA,NA,NA,277920,89118,2402,8,089ec4ce05f5e4d43e3e352375117ee462b31249b272f87015d01ad0429bd7f9,1016,0,1,2
0,2,0,1,6,0.012226169001223752,0.0079319999999999998,0.0039559999999999994,54083584,NA,NA,NA,NA,NA,NA,NA,NA,17504,6529,133,1,5e7e7625c8b52e7a71d9370c6c8ab5025ac2b81f4970efe917952ec17c538f1c,558,0,1,2
0,2,1,0,6,0.012047842001265963,0.0069169999999999995,0.0049169999999999995,54153216,NA,NA,NA,NA,NA,NA,NA,NA,17504,6529,133,1,5e7e7625c8b52e7a71d9370c6c8ab5025ac2b81f4970efe917952ec17c538f1c,559,0,1,2
0,2,0,0,12,0.014896286000293912,0.011693,0.0029219999999999997,56078336,NA,NA,NA,NA,NA,NA,NA,NA,40904,35142,517,1,5c836afd34e5659fc140fff27358a40506e741bf81aa02c58678151e3747eac9,1011,0,1,0
0,2,1,1,12,0.015382830000817194,0.0090860000000000003,0.0060429999999999998,56053760,NA,NA,NA,NA,NA,NA,NA,NA,40904,35142,517,1,5c836afd34e5659fc140fff27358a40506e741bf81aa02c58678151e3747eac9,553,0,1,0
0,2,0,0,8,0.013952229999631527,0.0088079999999999999,0.0048820000000000001,53731328,NA,NA,NA,NA,NA,NA,NA,NA,13904,5066,257,64,f70f03940df99c8ce0b0b02082129e05360030bd32e6edc5877c0f69a31bb0a4,998,0,1,0
0,2,1,1,8,0.013726103001317824,0.0092879999999999994,0.0040920000000000002,53858304,NA,NA,NA,NA,NA,NA,NA,NA,13904,5066,257,64,f70f03940df99c8ce0b0b02082129e05360030bd32e6edc5877c0f69a31bb0a4,999,0,1,0
0,2,0,1,22,0.020923251000567689,0.013373999999999999,0.0071599999999999997,81387520,NA,NA,NA,NA,NA,NA,NA,NA,180960,89118,2402,8,46606a158b66af8518456db0739cae64d8d2e5f9a80404e15ddbb91810d3af0d,1010,0,2,3
0,2,1,0,22,0.020457475000512204,0.012144,0.008064,81457152,NA,NA,NA,NA,NA,NA,NA,NA,180960,89118,2402,8,46606a158b66af8518456db0739cae64d8d2e5f9a80404e15ddbb91810d3af0d,571,0,1,1
0,2,0,1,0,0.012148476998845581,0.0069769999999999997,0.0049829999999999996,51998720,NA,NA,NA,NA,NA,NA,NA,NA,2008,136,5,1,a8c1633e798ef980493443e67e6fdb6eada42f775edf7051d304d09c3ddadf5a,558,0,1,2
0,2,1,0,0,0.013568695998401381,0.0091059999999999995,0.0040669999999999994,51916800,NA,NA,NA,NA,NA,NA,NA,NA,2008,136,5,1,a8c1633e798ef980493443e67e6fdb6eada42f775edf7051d304d09c3ddadf5a,1021,0,2,5
0,2,0,0,9,0.014314041000034194,0.010555,0.002862,53784576,NA,NA,NA,NA,NA,NA,NA,NA,20048,5066,257,64,d8d78f7bb977c6f730c6b5cdfaa88bed294d141a9777385856f783cc112e0874,1002,0,1,8
0,2,1,1,9,0.012029425999571686,0.0088830000000000003,0.002967,54161408,NA,NA,NA,NA,NA,NA,NA,NA,20048,5066,257,64,d8d78f7bb977c6f730c6b5cdfaa88bed294d141a9777385856f783cc112e0874,555,0,1,4
0,2,0,0,15,0.013976850999824819,0.0091809999999999999,0.0036799999999999997,56020992,NA,NA,NA,NA,NA,NA,NA,NA,32824,35142,517,1,5a24ee2382083ee5d5eb9b364e57818da3678644deec6a705c5878fcd40e5876,997,0,1,8
0,2,1,1,15,0.013791637000394985,0.0092759999999999995,0.0034249999999999997,55898112,NA,NA,NA,NA,NA,NA,NA,NA,32824,35142,517,1,5a24ee2382083ee5d5eb9b364e57818da3678644deec6a705c5878fcd40e5876,996,0,1,6
0,2,0,0,2,0.012009996000415413,0.0097380000000000001,0.0019499999999999999,51552256,NA,NA,NA,NA,NA,NA,NA,NA,2008,136,5,1,8210b4f6eac12a20575e673437437e82cfff653da437ea17992a3aed56a99207,991,0,1,3
0,2,1,1,2,0.01370826100173872,0.0096749999999999996,0.0038789999999999996,51716096,NA,NA,NA,NA,NA,NA,NA,NA,2008,136,5,1,8210b4f6eac12a20575e673437437e82cfff653da437ea17992a3aed56a99207,1001,0,1,0
0,2,0,0,18,0.01732101400011743,0.012072999999999999,0.0040089999999999995,64581632,NA,NA,NA,NA,NA,NA,NA,NA,94392,29499,417,8,ec97d55cded7bb1cbf8e12495905cb68073380af6a6370282abb8f233d21e857,1003,0,1,8
0,2,1,1,18,0.016714378998585744,0.014482999999999999,0.0011169999999999999,64548864,NA,NA,NA,NA,NA,NA,NA,NA,94392,29499,417,8,ec97d55cded7bb1cbf8e12495905cb68073380af6a6370282abb8f233d21e857,1032,0,1,7
0,2,0,1,19,0.015587916999720619,0.0098189999999999996,0.0049169999999999995,64647168,NA,NA,NA,NA,NA,NA,NA,NA,94392,29499,417,8,ec97d55cded7bb1cbf8e12495905cb68073380af6a6370282abb8f233d21e857,566,0,1,4
0,2,1,0,19,0.016598316999079543,0.013219999999999999,0.0030589999999999997,64905216,NA,NA,NA,NA,NA,NA,NA,NA,94392,29499,417,8,ec97d55cded7bb1cbf8e12495905cb68073380af6a6370282abb8f233d21e857,559,0,1,3
0,2,0,0,5,0.014178625999193173,0.011422,0.0019019999999999998,53747712,NA,NA,NA,NA,NA,NA,NA,NA,25888,6529,133,1,6cbbbbf695d9298d218c01af658d12c9a04646e608628360a5a03df9e71e6d9c,1002,0,1,2
0,2,1,1,5,0.01379909699971904,0.0078510000000000003,0.0049109999999999996,53813248,NA,NA,NA,NA,NA,NA,NA,NA,25888,6529,133,1,6cbbbbf695d9298d218c01af658d12c9a04646e608628360a5a03df9e71e6d9c,1001,0,1,8
0,2,0,1,20,0.028434185000151047,0.024284999999999998,0.002078,81170432,NA,NA,NA,NA,NA,NA,NA,NA,220064,89118,2402,8,9bed9a0bde0e198846d4983ba78bcd51e5e45d614941dd9bc544c1667832b5ea,1010,0,2,10
0,2,1,0,20,0.027023373000702122,0.019028,0.0070239999999999999,81133568,NA,NA,NA,NA,NA,NA,NA,NA,220064,89118,2402,8,9bed9a0bde0e198846d4983ba78bcd51e5e45d614941dd9bc544c1667832b5ea,1010,0,1,5
0,2,0,0,14,0.013707422998777474,0.0093289999999999988,0.0041199999999999995,56045568,NA,NA,NA,NA,NA,NA,NA,NA,32824,35142,517,1,5a24ee2382083ee5d5eb9b364e57818da3678644deec6a705c5878fcd40e5876,998,0,1,0
0,2,1,1,14,0.013739288999204291,0.011268,0.0020599999999999998,55877632,NA,NA,NA,NA,NA,NA,NA,NA,32824,35142,517,1,5a24ee2382083ee5d5eb9b364e57818da3678644deec6a705c5878fcd40e5876,1004,0,1,3
0,2,0,1,3,0.011645377999229822,0.0085769999999999996,0.0028549999999999999,51720192,NA,NA,NA,NA,NA,NA,NA,NA,2008,136,5,1,8210b4f6eac12a20575e673437437e82cfff653da437ea17992a3aed56a99207,1001,0,1,3
0,2,1,0,3,0.012206456000058097,0.0090910000000000001,0.0029449999999999997,51851264,NA,NA,NA,NA,NA,NA,NA,NA,2008,136,5,1,8210b4f6eac12a20575e673437437e82cfff653da437ea17992a3aed56a99207,996,0,1,2
0,2,0,0,7,0.012192314999992959,0.0088819999999999993,0.0029579999999999997,54079488,NA,NA,NA,NA,NA,NA,NA,NA,17504,6529,133,1,5e7e7625c8b52e7a71d9370c6c8ab5025ac2b81f4970efe917952ec17c538f1c,553,0,1,2
0,2,1,1,7,0.013439929000014672,0.0091509999999999994,0.0040749999999999996,54112256,NA,NA,NA,NA,NA,NA,NA,NA,17504,6529,133,1,5e7e7625c8b52e7a71d9370c6c8ab5025ac2b81f4970efe917952ec17c538f1c,561,0,1,0
0,2,0,1,13,0.013191803000154323,0.011013999999999999,0.0019870000000000001,55963648,NA,NA,NA,NA,NA,NA,NA,NA,41016,35142,517,1,662bf8c3f785828e59b2e955c5f9255272bd2640c5dd7e9c2804e24f24350bdf,1003,0,1,2
0,2,1,0,13,0.012603326000316883,0.009552999999999999,0.002879,55975936,NA,NA,NA,NA,NA,NA,NA,NA,41016,35142,517,1,662bf8c3f785828e59b2e955c5f9255272bd2640c5dd7e9c2804e24f24350bdf,1001,0,1,1
0,2,0,1,23,0.021170111000174074,0.014992,0.0059819999999999995,81264640,NA,NA,NA,NA,NA,NA,NA,NA,180960,89118,2402,8,46606a158b66af8518456db0739cae64d8d2e5f9a80404e15ddbb91810d3af0d,1018,0,1,0
0,2,1,0,23,0.021038122000391013,0.015809,0.0049419999999999993,81432576,NA,NA,NA,NA,NA,NA,NA,NA,180960,89118,2402,8,46606a158b66af8518456db0739cae64d8d2e5f9a80404e15ddbb91810d3af0d,1012,0,1,3
0,2,0,0,16,0.018722605000220938,0.01737,0.001018,64385024,NA,NA,NA,NA,NA,NA,NA,NA,136888,29499,417,8,af3bdbbd0003d101664215b713d407f2160931601787a4fad2f046110caa3e72,1004,0,1,7
0,2,1,1,16,0.019224390000090352,0.015035,0.0039870000000000001,64532480,NA,NA,NA,NA,NA,NA,NA,NA,136888,29499,417,8,af3bdbbd0003d101664215b713d407f2160931601787a4fad2f046110caa3e72,1015,0,1,2
0,2,0,1,1,0.011793899999247515,0.007365,0.0041869999999999997,51810304,NA,NA,NA,NA,NA,NA,NA,NA,2056,136,5,1,6b21b079ef6f8f7f055926600e53b906dd7be041e021dd2791b7aa8c55e24585,548,0,1,2
0,2,1,0,1,0.012534502000562497,0.0091459999999999996,0.003055,51847168,NA,NA,NA,NA,NA,NA,NA,NA,2056,136,5,1,6b21b079ef6f8f7f055926600e53b906dd7be041e021dd2791b7aa8c55e24585,997,0,1,1
0,2,0,1,11,0.014609136000217404,0.0096460000000000001,0.004803,53886976,NA,NA,NA,NA,NA,NA,NA,NA,14928,5066,257,64,9655be68483f45304d566dfb3dc63ba1458a5653029061a6b60617464768d366,1004,0,1,1
0,2,1,0,11,0.013597290999314282,0.0094900000000000002,0.0038079999999999998,54280192,NA,NA,NA,NA,NA,NA,NA,NA,14928,5066,257,64,9655be68483f45304d566dfb3dc63ba1458a5653029061a6b60617464768d366,552,0,1,3
0,2,0,1,4,0.014140948000203934,0.0099969999999999989,0.0039659999999999999,53809152,NA,NA,NA,NA,NA,NA,NA,NA,22160,6529,133,1,3ac5102c6f2bc513eb86f2343729d5f51295afd9e738a690903fa32334fb4c28,1002,0,1,1
0,2,1,0,4,0.013886353000998497,0.011597999999999999,0.0021099999999999999,53911552,NA,NA,NA,NA,NA,NA,NA,NA,22160,6529,133,1,3ac5102c6f2bc513eb86f2343729d5f51295afd9e738a690903fa32334fb4c28,999,0,1,1
0,3,0,0,17,0.015023308998934226,0.011906999999999999,0.0029729999999999999,64798720,NA,NA,NA,NA,NA,NA,NA,NA,127800,29499,417,8,cf7b13a857f01f4a14779c4cf8ec5e795ca6dd011a53f4345643bcaf3709f18a,557,0,1,0
0,3,1,1,17,0.015491427999222651,0.009585999999999999,0.0057169999999999999,64786432,NA,NA,NA,NA,NA,NA,NA,NA,127800,29499,417,8,cf7b13a857f01f4a14779c4cf8ec5e795ca6dd011a53f4345643bcaf3709f18a,564,0,1,5
0,3,0,0,21,0.019164763998560375,0.015989,0.0029519999999999998,81702912,NA,NA,NA,NA,NA,NA,NA,NA,277920,89118,2402,8,089ec4ce05f5e4d43e3e352375117ee462b31249b272f87015d01ad0429bd7f9,567,0,1,6
0,3,1,1,21,0.019897235000826186,0.015555999999999999,0.0040749999999999996,81596416,NA,NA,NA,NA,NA,NA,NA,NA,277920,89118,2402,8,089ec4ce05f5e4d43e3e352375117ee462b31249b272f87015d01ad0429bd7f9,571,0,1,2
0,3,0,1,7,0.013374784999541589,0.0080979999999999993,0.0050289999999999996,54022144,NA,NA,NA,NA,NA,NA,NA,NA,17504,6529,133,1,5e7e7625c8b52e7a71d9370c6c8ab5025ac2b81f4970efe917952ec17c538f1c,1006,0,1,4
0,3,1,0,7,0.012390870000672294,0.0091050000000000002,0.003006,53927936,NA,NA,NA,NA,NA,NA,NA,NA,17504,6529,133,1,5e7e7625c8b52e7a71d9370c6c8ab5025ac2b81f4970efe917952ec17c538f1c,1001,0,1,2
0,3,0,0,1,0.012236626998856082,0.009018,0.0030179999999999998,51822592,NA,NA,NA,NA,NA,NA,NA,NA,2056,136,5,1,6b21b079ef6f8f7f055926600e53b906dd7be041e021dd2791b7aa8c55e24585,998,0,1,4
0,3,1,1,1,0.011920693999854848,0.009552999999999999,0.0021129999999999999,51961856,NA,NA,NA,NA,NA,NA,NA,NA,2056,136,5,1,6b21b079ef6f8f7f055926600e53b906dd7be041e021dd2791b7aa8c55e24585,552,0,2,1
0,3,0,0,23,0.021507438001208357,0.016181000000000001,0.0050769999999999999,81506304,NA,NA,NA,NA,NA,NA,NA,NA,180960,89118,2402,8,46606a158b66af8518456db0739cae64d8d2e5f9a80404e15ddbb91810d3af0d,569,0,1,2
0,3,1,1,23,0.021616279000227223,0.018357999999999999,0.0030459999999999997,81162240,NA,NA,NA,NA,NA,NA,NA,NA,180960,89118,2402,8,46606a158b66af8518456db0739cae64d8d2e5f9a80404e15ddbb91810d3af0d,1014,0,1,2
0,3,0,1,5,0.012566901999889524,0.0085819999999999994,0.0037989999999999999,53927936,NA,NA,NA,NA,NA,NA,NA,NA,25888,6529,133,1,6cbbbbf695d9298d218c01af658d12c9a04646e608628360a5a03df9e71e6d9c,993,0,1,3
0,3,1,0,5,0.013023255000007339,0.009134999999999999,0.0030479999999999999,54075392,NA,NA,NA,NA,NA,NA,NA,NA,25888,6529,133,1,6cbbbbf695d9298d218c01af658d12c9a04646e608628360a5a03df9e71e6d9c,549,0,1,3
0,3,0,1,16,0.018038733000139473,0.010876,0.0069080000000000001,64503808,NA,NA,NA,NA,NA,NA,NA,NA,136888,29499,417,8,af3bdbbd0003d101664215b713d407f2160931601787a4fad2f046110caa3e72,1006,0,1,0
0,3,1,0,16,0.017568455999935395,0.013514,0.0038529999999999997,64589824,NA,NA,NA,NA,NA,NA,NA,NA,136888,29499,417,8,af3bdbbd0003d101664215b713d407f2160931601787a4fad2f046110caa3e72,558,0,1,1
0,3,0,0,3,0.012113679000322009,0.0079459999999999999,0.0039550000000000002,51777536,NA,NA,NA,NA,NA,NA,NA,NA,2008,136,5,1,8210b4f6eac12a20575e673437437e82cfff653da437ea17992a3aed56a99207,1000,0,1,2
0,3,1,1,3,0.011942245000682306,0.0058739999999999999,0.0058829999999999993,51953664,NA,NA,NA,NA,NA,NA,NA,NA,2008,136,5,1,8210b4f6eac12a20575e673437437e82cfff653da437ea17992a3aed56a99207,1004,0,1,0
0,3,0,0,10,0.014620407999245799,0.010569,0.0038149999999999998,53899264,NA,NA,NA,NA,NA,NA,NA,NA,14928,5066,257,64,9655be68483f45304d566dfb3dc63ba1458a5653029061a6b60617464768d366,1000,0,1,0
0,3,1,1,10,0.0132258779995027,0.0079509999999999997,0.0049769999999999997,53899264,NA,NA,NA,NA,NA,NA,NA,NA,14928,5066,257,64,9655be68483f45304d566dfb3dc63ba1458a5653029061a6b60617464768d366,544,0,1,3
0,3,0,0,11,0.011975150999205653,0.0085500000000000003,0.0032069999999999998,54382592,NA,NA,NA,NA,NA,NA,NA,NA,14928,5066,257,64,9655be68483f45304d566dfb3dc63ba1458a5653029061a6b60617464768d366,559,0,1,3
0,3,1,1,11,0.011827080999864847,0.0096729999999999993,0.0019399999999999999,53751808,NA,NA,NA,NA,NA,NA,NA,NA,14928,5066,257,64,9655be68483f45304d566dfb3dc63ba1458a5653029061a6b60617464768d366,998,0,1,4
0,3,0,1,9,0.013650102000610786,0.0075429999999999994,0.0056609999999999994,53927936,NA,NA,NA,NA,NA,NA,NA,NA,20048,5066,257,64,d8d78f7bb977c6f730c6b5cdfaa88bed294d141a9777385856f783cc112e0874,553,0,1,6
0,3,1,0,9,0.013726129000133369,0.0096699999999999998,0.003859,53989376,NA,NA,NA,NA,NA,NA,NA,NA,20048,5066,257,64,d8d78f7bb977c6f730c6b5cdfaa88bed294d141a9777385856f783cc112e0874,997,0,1,0
0,3,0,1,15,0.014050378000320052,0.0090949999999999989,0.0040349999999999995,56287232,NA,NA,NA,NA,NA,NA,NA,NA,32824,35142,517,1,5a24ee2382083ee5d5eb9b364e57818da3678644deec6a705c5878fcd40e5876,560,0,1,5
0,3,1,0,15,0.013082589000987355,0.01022,0.0020460000000000001,56246272,NA,NA,NA,NA,NA,NA,NA,NA,32824,35142,517,1,5a24ee2382083ee5d5eb9b364e57818da3678644deec6a705c5878fcd40e5876,558,0,1,1
0,3,0,1,12,0.013862158000847558,0.0083529999999999993,0.0052259999999999997,55943168,NA,NA,NA,NA,NA,NA,NA,NA,40904,35142,517,1,5c836afd34e5659fc140fff27358a40506e741bf81aa02c58678151e3747eac9,1003,0,1,2
0,3,1,0,12,0.014980955000282847,0.0099749999999999995,0.0040000000000000001,55992320,NA,NA,NA,NA,NA,NA,NA,NA,40904,35142,517,1,5c836afd34e5659fc140fff27358a40506e741bf81aa02c58678151e3747eac9,1000,0,1,7
0,3,0,1,2,0.012380956000924925,0.0080149999999999996,0.0040019999999999995,51900416,NA,NA,NA,NA,NA,NA,NA,NA,2008,136,5,1,8210b4f6eac12a20575e673437437e82cfff653da437ea17992a3aed56a99207,1000,0,1,5
0,3,1,0,2,0.014085565999266692,0.0097419999999999989,0.0039659999999999999,51822592,NA,NA,NA,NA,NA,NA,NA,NA,2008,136,5,1,8210b4f6eac12a20575e673437437e82cfff653da437ea17992a3aed56a99207,1003,0,1,0
0,3,0,1,14,0.013869276001059916,0.011571,0.0020999999999999999,55988224,NA,NA,NA,NA,NA,NA,NA,NA,32824,35142,517,1,5a24ee2382083ee5d5eb9b364e57818da3678644deec6a705c5878fcd40e5876,1002,0,1,0
0,3,1,0,14,0.012584747000801144,0.0082620000000000002,0.0041399999999999996,55959552,NA,NA,NA,NA,NA,NA,NA,NA,32824,35142,517,1,5a24ee2382083ee5d5eb9b364e57818da3678644deec6a705c5878fcd40e5876,998,0,1,1
0,3,0,0,0,0.012025795998852118,0.0089379999999999998,0.0029349999999999997,51691520,NA,NA,NA,NA,NA,NA,NA,NA,2008,136,5,1,a8c1633e798ef980493443e67e6fdb6eada42f775edf7051d304d09c3ddadf5a,996,0,1,1
0,3,1,1,0,0.012525277001259383,0.0082449999999999989,0.0041129999999999995,51798016,NA,NA,NA,NA,NA,NA,NA,NA,2008,136,5,1,a8c1633e798ef980493443e67e6fdb6eada42f775edf7051d304d09c3ddadf5a,1002,0,1,0
0,3,0,0,20,0.027539869999600342,0.024069999999999998,0.003006,81297408,NA,NA,NA,NA,NA,NA,NA,NA,220064,89118,2402,8,9bed9a0bde0e198846d4983ba78bcd51e5e45d614941dd9bc544c1667832b5ea,1037,0,2,4
0,3,1,1,20,0.027942163000261644,0.021357999999999999,0.0048349999999999999,81145856,NA,NA,NA,NA,NA,NA,NA,NA,220064,89118,2402,8,9bed9a0bde0e198846d4983ba78bcd51e5e45d614941dd9bc544c1667832b5ea,1015,0,1,11
0,3,0,0,6,0.013316496000697953,0.0081269999999999988,0.004045,54104064,NA,NA,NA,NA,NA,NA,NA,NA,17504,6529,133,1,5e7e7625c8b52e7a71d9370c6c8ab5025ac2b81f4970efe917952ec17c538f1c,553,0,1,7
0,3,1,1,6,0.013100063000820228,0.0078529999999999989,0.0048960000000000002,53956608,NA,NA,NA,NA,NA,NA,NA,NA,17504,6529,133,1,5e7e7625c8b52e7a71d9370c6c8ab5025ac2b81f4970efe917952ec17c538f1c,1001,0,1,4
0,3,0,0,4,0.015463625000847969,0.0083660000000000002,0.0062779999999999997,53682176,NA,NA,NA,NA,NA,NA,NA,NA,22160,6529,133,1,3ac5102c6f2bc513eb86f2343729d5f51295afd9e738a690903fa32334fb4c28,997,0,1,2
0,3,1,1,4,0.015130761999898823,0.010968,0.0039849999999999998,53624832,NA,NA,NA,NA,NA,NA,NA,NA,22160,6529,133,1,3ac5102c6f2bc513eb86f2343729d5f51295afd9e738a690903fa32334fb4c28,996,0,1,0
0,3,0,1,8,0.013925667999501457,0.0097679999999999989,0.0039069999999999999,53731328,NA,NA,NA,NA,NA,NA,NA,NA,13904,5066,257,64,f70f03940df99c8ce0b0b02082129e05360030bd32e6edc5877c0f69a31bb0a4,993,0,1,1
0,3,1,0,8,0.012987333999262773,0.0095239999999999995,0.0031649999999999998,53788672,NA,NA,NA,NA,NA,NA,NA,NA,13904,5066,257,64,f70f03940df99c8ce0b0b02082129e05360030bd32e6edc5877c0f69a31bb0a4,999,0,1,4
0,3,0,0,19,0.015810966999197262,0.010302,0.0046730000000000001,64315392,NA,NA,NA,NA,NA,NA,NA,NA,94392,29499,417,8,ec97d55cded7bb1cbf8e12495905cb68073380af6a6370282abb8f233d21e857,1005,0,1,5
0,3,1,1,19,0.014616166001360398,0.011349999999999999,0.0030799999999999998,64425984,NA,NA,NA,NA,NA,NA,NA,NA,94392,29499,417,8,ec97d55cded7bb1cbf8e12495905cb68073380af6a6370282abb8f233d21e857,1004,0,1,1
0,3,0,1,18,0.014457250001214561,0.010133999999999999,0.0040369999999999998,64761856,NA,NA,NA,NA,NA,NA,NA,NA,94392,29499,417,8,ec97d55cded7bb1cbf8e12495905cb68073380af6a6370282abb8f233d21e857,558,0,1,3
0,3,1,0,18,0.015547342998615932,0.010962,0.0036519999999999999,64663552,NA,NA,NA,NA,NA,NA,NA,NA,94392,29499,417,8,ec97d55cded7bb1cbf8e12495905cb68073380af6a6370282abb8f233d21e857,564,0,1,7
0,3,0,0,13,0.01642971199908061,0.011304,0.0047149999999999996,55992320,NA,NA,NA,NA,NA,NA,NA,NA,41016,35142,517,1,662bf8c3f785828e59b2e955c5f9255272bd2640c5dd7e9c2804e24f24350bdf,1024,0,1,5
0,3,1,1,13,0.014693615999931353,0.0069540000000000001,0.0069129999999999999,55902208,NA,NA,NA,NA,NA,NA,NA,NA,41016,35142,517,1,662bf8c3f785828e59b2e955c5f9255272bd2640c5dd7e9c2804e24f24350bdf,998,0,1,4
0,3,0,0,22,0.020375002000946552,0.017096,0.0030169999999999997,81203200,NA,NA,NA,NA,NA,NA,NA,NA,180960,89118,2402,8,46606a158b66af8518456db0739cae64d8d2e5f9a80404e15ddbb91810d3af0d,1011,0,1,0
0,3,1,1,22,0.020366886001284001,0.015096,0.0050349999999999995,81141760,NA,NA,NA,NA,NA,NA,NA,NA,180960,89118,2402,8,46606a158b66af8518456db0739cae64d8d2e5f9a80404e15ddbb91810d3af0d,1013,0,1,0
0,4,0,1,13,0.012642007000977173,0.0086289999999999995,0.003833,56328192,NA,NA,NA,NA,NA,NA,NA,NA,41016,35142,517,1,662bf8c3f785828e59b2e955c5f9255272bd2640c5dd7e9c2804e24f24350bdf,562,0,1,1
0,4,1,0,13,0.013483087999702548,0.0091769999999999994,0.0040390000000000001,55930880,NA,NA,NA,NA,NA,NA,NA,NA,41016,35142,517,1,662bf8c3f785828e59b2e955c5f9255272bd2640c5dd7e9c2804e24f24350bdf,1000,0,1,1
0,4,0,1,23,0.022063754000555491,0.016893999999999999,0.0049499999999999995,81334272,NA,NA,NA,NA,NA,NA,NA,NA,180960,89118,2402,8,46606a158b66af8518456db0739cae64d8d2e5f9a80404e15ddbb91810d3af0d,1014,0,1,1
0,4,1,0,23,0.022117831000286969,0.015907000000000001,0.005953,81199104,NA,NA,NA,NA,NA,NA,NA,NA,180960,89118,2402,8,46606a158b66af8518456db0739cae64d8d2e5f9a80404e15ddbb91810d3af0d,1012,0,1,1
0,4,0,0,1,0.011967415999606601,0.0067319999999999993,0.0047799999999999995,52068352,NA,NA,NA,NA,NA,NA,NA,NA,2056,136,5,1,6b21b079ef6f8f7f055926600e53b906dd7be041e021dd2791b7aa8c55e24585,554,0,2,3
0,4,1,1,1,0.014151083998513059,0.0087720000000000003,0.0043739999999999994,51494912,NA,NA,NA,NA,NA,NA,NA,NA,2056,136,5,1,6b21b079ef6f8f7f055926600e53b906dd7be041e021dd2791b7aa8c55e24585,992,0,1,3
0,4,0,1,12,0.015945602001011139,0.011869999999999999,0.00298,55984128,NA,NA,NA,NA,NA,NA,NA,NA,40904,35142,517,1,5c836afd34e5659fc140fff27358a40506e741bf81aa02c58678151e3747eac9,999,0,1,9
0,4,1,0,12,0.014971489001254668,0.012839999999999999,0.001977,56131584,NA,NA,NA,NA,NA,NA,NA,NA,40904,35142,517,1,5c836afd34e5659fc140fff27358a40506e741bf81aa02c58678151e3747eac9,1002,0,1,0
0,4,0,0,4,0.013401784000961925,0.011235999999999999,0.0020100000000000001,54288384,NA,NA,NA,NA,NA,NA,NA,NA,22160,6529,133,1,3ac5102c6f2bc513eb86f2343729d5f51295afd9e738a690903fa32334fb4c28,558,0,1,1
0,4,1,1,4,0.015832978000617004,0.010902,0.0039750000000000002,53702656,NA,NA,NA,NA,NA,NA,NA,NA,22160,6529,133,1,3ac5102c6f2bc513eb86f2343729d5f51295afd9e738a690903fa32334fb4c28,1002,0,1,8
0,4,0,0,10,0.014571394000086002,0.0097319999999999993,0.0039150000000000001,53796864,NA,NA,NA,NA,NA,NA,NA,NA,14928,5066,257,64,9655be68483f45304d566dfb3dc63ba1458a5653029061a6b60617464768d366,998,0,1,8
0,4,1,1,10,0.014754994999748305,0.0083359999999999997,0.0051589999999999995,53919744,NA,NA,NA,NA,NA,NA,NA,NA,14928,5066,257,64,9655be68483f45304d566dfb3dc63ba1458a5653029061a6b60617464768d366,999,0,1,5
0,4,0,1,21,0.020039729999552947,0.017471999999999998,0.0021619999999999999,81489920,NA,NA,NA,NA,NA,NA,NA,NA,277920,89118,2402,8,089ec4ce05f5e4d43e3e352375117ee462b31249b272f87015d01ad0429bd7f9,573,0,1,4
0,4,1,0,21,0.020049435999681009,0.014707,0.0048760000000000001,81502208,NA,NA,NA,NA,NA,NA,NA,NA,277920,89118,2402,8,089ec4ce05f5e4d43e3e352375117ee462b31249b272f87015d01ad0429bd7f9,568,0,1,0
0,4,0,1,20,0.027764417000071262,0.024260999999999998,0.0030329999999999997,81055744,NA,NA,NA,NA,NA,NA,NA,NA,220064,89118,2402,8,9bed9a0bde0e198846d4983ba78bcd51e5e45d614941dd9bc544c1667832b5ea,1011,0,1,6
0,4,1,0,20,0.028484196000135853,0.021817,0.0043189999999999999,81170432,NA,NA,NA,NA,NA,NA,NA,NA,220064,89118,2402,8,9bed9a0bde0e198846d4983ba78bcd51e5e45d614941dd9bc544c1667832b5ea,1012,0,1,18
0,4,0,1,3,0.013562937998358393,0.01018,0.0022689999999999997,51712000,NA,NA,NA,NA,NA,NA,NA,NA,2008,136,5,1,8210b4f6eac12a20575e673437437e82cfff653da437ea17992a3aed56a99207,996,0,1,5
0,4,1,0,3,0.012517630999354878,0.0090600000000000003,0.0027179999999999999,51732480,NA,NA,NA,NA,NA,NA,NA,NA,2008,136,5,1,8210b4f6eac12a20575e673437437e82cfff653da437ea17992a3aed56a99207,994,0,1,6
0,4,0,1,6,0.014420333000089158,0.0075759999999999994,0.0057419999999999997,53850112,NA,NA,NA,NA,NA,NA,NA,NA,17504,6529,133,1,5e7e7625c8b52e7a71d9370c6c8ab5025ac2b81f4970efe917952ec17c538f1c,1010,0,1,7
0,4,1,0,6,0.014271408001150121,0.008038,0.0050279999999999995,53878784,NA,NA,NA,NA,NA,NA,NA,NA,17504,6529,133,1,5e7e7625c8b52e7a71d9370c6c8ab5025ac2b81f4970efe917952ec17c538f1c,1008,0,1,12
0,4,0,0,19,0.016107776000353624,0.011967,0.0039680000000000002,64606208,NA,NA,NA,NA,NA,NA,NA,NA,94392,29499,417,8,ec97d55cded7bb1cbf8e12495905cb68073380af6a6370282abb8f233d21e857,1005,0,1,0
0,4,1,1,19,0.016825798000354553,0.0092809999999999993,0.006476,64380928,NA,NA,NA,NA,NA,NA,NA,NA,94392,29499,417,8,ec97d55cded7bb1cbf8e12495905cb68073380af6a6370282abb8f233d21e857,1008,0,1,8
0,4,0,1,7,0.01391662800051563,0.0092940000000000002,0.003467,53960704,NA,NA,NA,NA,NA,NA,NA,NA,17504,6529,133,1,5e7e7625c8b52e7a71d9370c6c8ab5025ac2b81f4970efe917952ec17c538f1c,998,0,1,8
0,4,1,0,7,0.012790382001185208,0.0087259999999999994,0.0038499999999999997,53927936,NA,NA,NA,NA,NA,NA,NA,NA,17504,6529,133,1,5e7e7625c8b52e7a71d9370c6c8ab5025ac2b81f4970efe917952ec17c538f1c,1025,0,1,0
0,4,0,1,2,0.013172917999327183,0.0091529999999999997,0.0030599999999999998,51744768,NA,NA,NA,NA,NA,NA,NA,NA,2008,136,5,1,8210b4f6eac12a20575e673437437e82cfff653da437ea17992a3aed56a99207,997,0,1,3
0,4,1,0,2,0.011968562999754795,0.0096469999999999993,0.0021429999999999999,51904512,NA,NA,NA,NA,NA,NA,NA,NA,2008,136,5,1,8210b4f6eac12a20575e673437437e82cfff653da437ea17992a3aed56a99207,1000,0,1,0
0,4,0,0,0,0.012753859000440571,0.0083309999999999999,0.0041719999999999995,51597312,NA,NA,NA,NA,NA,NA,NA,NA,2008,136,5,1,a8c1633e798ef980493443e67e6fdb6eada42f775edf7051d304d09c3ddadf5a,995,0,1,1
0,4,1,1,0,0.01265114700072445,0.011403999999999999,0.001034,51806208,NA,NA,NA,NA,NA,NA,NA,NA,2008,136,5,1,a8c1633e798ef980493443e67e6fdb6eada42f775edf7051d304d09c3ddadf5a,1011,0,1,0
0,4,0,0,15,0.012184840999907465,0.010008,0.0020019999999999999,56184832,NA,NA,NA,NA,NA,NA,NA,NA,32824,35142,517,1,5a24ee2382083ee5d5eb9b364e57818da3678644deec6a705c5878fcd40e5876,558,0,1,1
0,4,1,1,15,0.014367403999131056,0.0072069999999999999,0.0061399999999999996,55877632,NA,NA,NA,NA,NA,NA,NA,NA,32824,35142,517,1,5a24ee2382083ee5d5eb9b364e57818da3678644deec6a705c5878fcd40e5876,995,0,1,6
0,4,0,1,16,0.018827489999239333,0.012157999999999999,0.0056039999999999996,64249856,NA,NA,NA,NA,NA,NA,NA,NA,136888,29499,417,8,af3bdbbd0003d101664215b713d407f2160931601787a4fad2f046110caa3e72,1000,0,1,11
0,4,1,0,16,0.019087441998635768,0.015110999999999999,0.0028109999999999997,64180224,NA,NA,NA,NA,NA,NA,NA,NA,136888,29499,417,8,af3bdbbd0003d101664215b713d407f2160931601787a4fad2f046110caa3e72,1002,0,1,11
0,4,0,0,5,0.013372059000175796,0.0074209999999999996,0.0049589999999999999,53862400,NA,NA,NA,NA,NA,NA,NA,NA,25888,6529,133,1,6cbbbbf695d9298d218c01af658d12c9a04646e608628360a5a03df9e71e6d9c,998,0,1,8
0,4,1,1,5,0.012812865999876522,0.0077819999999999999,0.0048479999999999999,53678080,NA,NA,NA,NA,NA,NA,NA,NA,25888,6529,133,1,6cbbbbf695d9298d218c01af658d12c9a04646e608628360a5a03df9e71e6d9c,998,0,1,0
0,4,0,1,22,0.020504953999989084,0.01542,0.0038369999999999997,81518592,NA,NA,NA,NA,NA,NA,NA,NA,180960,89118,2402,8,46606a158b66af8518456db0739cae64d8d2e5f9a80404e15ddbb91810d3af0d,572,0,1,7
0,4,1,0,22,0.020759121998707997,0.013921999999999999,0.005986,81633280,NA,NA,NA,NA,NA,NA,NA,NA,180960,89118,2402,8,46606a158b66af8518456db0739cae64d8d2e5f9a80404e15ddbb91810d3af0d,574,0,1,6
0,4,0,0,17,0.017619663000004948,0.011302999999999999,0.006117,64303104,NA,NA,NA,NA,NA,NA,NA,NA,127800,29499,417,8,cf7b13a857f01f4a14779c4cf8ec5e795ca6dd011a53f4345643bcaf3709f18a,1001,0,1,0
0,4,1,1,17,0.015990848000001279,0.011859999999999999,0.0039499999999999995,64774144,NA,NA,NA,NA,NA,NA,NA,NA,127800,29499,417,8,cf7b13a857f01f4a14779c4cf8ec5e795ca6dd011a53f4345643bcaf3709f18a,558,0,1,0
0,4,0,1,18,0.015657298999940394,0.011589,0.0038809999999999999,64581632,NA,NA,NA,NA,NA,NA,NA,NA,94392,29499,417,8,ec97d55cded7bb1cbf8e12495905cb68073380af6a6370282abb8f233d21e857,1025,0,1,1
0,4,1,0,18,0.015267927999957465,0.0090869999999999996,0.0060159999999999996,64380928,NA,NA,NA,NA,NA,NA,NA,NA,94392,29499,417,8,ec97d55cded7bb1cbf8e12495905cb68073380af6a6370282abb8f233d21e857,1010,0,1,1
0,4,0,0,9,0.014643309999883058,0.011559,0.001923,53772288,NA,NA,NA,NA,NA,NA,NA,NA,20048,5066,257,64,d8d78f7bb977c6f730c6b5cdfaa88bed294d141a9777385856f783cc112e0874,996,0,1,10
0,4,1,1,9,0.012937437000800855,0.0084359999999999991,0.004215,53821440,NA,NA,NA,NA,NA,NA,NA,NA,20048,5066,257,64,d8d78f7bb977c6f730c6b5cdfaa88bed294d141a9777385856f783cc112e0874,997,0,1,0
0,4,0,1,14,0.012629143999220105,0.0083289999999999996,0.0041370000000000001,55787520,NA,NA,NA,NA,NA,NA,NA,NA,32824,35142,517,1,5a24ee2382083ee5d5eb9b364e57818da3678644deec6a705c5878fcd40e5876,997,0,1,1
0,4,1,0,14,0.012845164001191733,0.0095209999999999999,0.003143,56049664,NA,NA,NA,NA,NA,NA,NA,NA,32824,35142,517,1,5a24ee2382083ee5d5eb9b364e57818da3678644deec6a705c5878fcd40e5876,1004,0,1,1
0,4,0,0,8,0.012997466999877361,0.0097970000000000002,0.002934,53870592,NA,NA,NA,NA,NA,NA,NA,NA,13904,5066,257,64,f70f03940df99c8ce0b0b02082129e05360030bd32e6edc5877c0f69a31bb0a4,1001,0,1,1
0,4,1,1,8,0.014751659000467043,0.0099810000000000003,0.003993,53690368,NA,NA,NA,NA,NA,NA,NA,NA,13904,5066,257,64,f70f03940df99c8ce0b0b02082129e05360030bd32e6edc5877c0f69a31bb0a4,1002,0,1,2
0,4,0,0,11,0.013929451000876725,0.0097409999999999997,0.0038809999999999999,53673984,NA,NA,NA,NA,NA,NA,NA,NA,14928,5066,257,64,9655be68483f45304d566dfb3dc63ba1458a5653029061a6b60617464768d366,1000,0,1,1
0,4,1,1,11,0.013051103000179864,0.0095929999999999991,0.0031879999999999999,54030336,NA,NA,NA,NA,NA,NA,NA,NA,14928,5066,257,64,9655be68483f45304d566dfb3dc63ba1458a5653029061a6b60617464768d366,1002,0,1,1
0,5,0,1,4,0.01409393399990222,0.010912999999999999,0.0029819999999999998,53796864,NA,NA,NA,NA,NA,NA,NA,NA,22160,6529,133,1,3ac5102c6f2bc513eb86f2343729d5f51295afd9e738a690903fa32334fb4c28,999,0,1,1
0,5,1,0,4,0.014635477000410901,0.011583999999999999,0.0028829999999999997,53985280,NA,NA,NA,NA,NA,NA,NA,NA,22160,6529,133,1,3ac5102c6f2bc513eb86f2343729d5f51295afd9e738a690903fa32334fb4c28,1001,0,1,1
0,5,0,0,22,0.02083080299962603,0.017648,0.0029380000000000001,81342464,NA,NA,NA,NA,NA,NA,NA,NA,180960,89118,2402,8,46606a158b66af8518456db0739cae64d8d2e5f9a80404e15ddbb91810d3af0d,566,0,1,1
0,5,1,1,22,0.020792729001186672,0.017558999999999998,0.0029319999999999997,81403904,NA,NA,NA,NA,NA,NA,NA,NA,180960,89118,2402,8,46606a158b66af8518456db0739cae64d8d2e5f9a80404e15ddbb91810d3af0d,1017,0,1,1
0,5,0,1,8,0.013957519000541652,0.011793,0.0019499999999999999,53960704,NA,NA,NA,NA,NA,NA,NA,NA,13904,5066,257,64,f70f03940df99c8ce0b0b02082129e05360030bd32e6edc5877c0f69a31bb0a4,997,0,1,1
0,5,1,0,8,0.01283410199903301,0.0086949999999999996,0.0038499999999999997,53870592,NA,NA,NA,NA,NA,NA,NA,NA,13904,5066,257,64,f70f03940df99c8ce0b0b02082129e05360030bd32e6edc5877c0f69a31bb0a4,998,0,1,4
0,5,0,1,10,0.011933399999179528,0.0058659999999999997,0.0058849999999999996,54263808,NA,NA,NA,NA,NA,NA,NA,NA,14928,5066,257,64,9655be68483f45304d566dfb3dc63ba1458a5653029061a6b60617464768d366,553,0,1,5
0,5,1,0,10,0.01238085300064995,0.0080269999999999994,0.0039919999999999999,53825536,NA,NA,NA,NA,NA,NA,NA,NA,14928,5066,257,64,9655be68483f45304d566dfb3dc63ba1458a5653029061a6b60617464768d366,997,0,1,4
0,5,0,0,20,0.027469333999761147,0.022359,0.0048439999999999993,81170432,NA,NA,NA,NA,NA,NA,NA,NA,220064,89118,2402,8,9bed9a0bde0e198846d4983ba78bcd51e5e45d614941dd9bc544c1667832b5ea,1017,0,1,11
0,5,1,1,20,0.027619233000223176,0.025301999999999998,0.002029,81293312,NA,NA,NA,NA,NA,NA,NA,NA,220064,89118,2402,8,9bed9a0bde0e198846d4983ba78bcd51e5e45d614941dd9bc544c1667832b5ea,1011,0,1,8
0,5,0,0,12,0.014293848998931935,0.011011999999999999,0.0029989999999999999,55926784,NA,NA,NA,NA,NA,NA,NA,NA,40904,35142,517,1,5c836afd34e5659fc140fff27358a40506e741bf81aa02c58678151e3747eac9,995,0,1,2
0,5,1,1,12,0.01422924799953762,0.012048,0.0019919999999999998,55754752,NA,NA,NA,NA,NA,NA,NA,NA,40904,35142,517,1,5c836afd34e5659fc140fff27358a40506e741bf81aa02c58678151e3747eac9,992,0,1,1
0,5,0,0,16,0.018640248999872711,0.013488999999999999,0.0048049999999999994,64880640,NA,NA,NA,NA,NA,NA,NA,NA,136888,29499,417,8,af3bdbbd0003d101664215b713d407f2160931601787a4fad2f046110caa3e72,558,0,1,9
0,5,1,1,16,0.018562609000582597,0.015172,0.0030429999999999997,64196608,NA,NA,NA,NA,NA,NA,NA,NA,136888,29499,417,8,af3bdbbd0003d101664215b713d407f2160931601787a4fad2f046110caa3e72,1001,0,1,11
0,5,0,1,15,0.013019840000197291,0.0097920000000000004,0.0028869999999999998,55844864,NA,NA,NA,NA,NA,NA,NA,NA,32824,35142,517,1,5a24ee2382083ee5d5eb9b364e57818da3678644deec6a705c5878fcd40e5876,1000,0,2,1
0,5,1,0,15,0.012257510999916121,0.0080489999999999989,0.0040159999999999996,56180736,NA,NA,NA,NA,NA,NA,NA,NA,32824,35142,517,1,5a24ee2382083ee5d5eb9b364e57818da3678644deec6a705c5878fcd40e5876,1014,0,1,0
0,5,0,0,2,0.012430772998413886,0.010211,0.001859,51937280,NA,NA,NA,NA,NA,NA,NA,NA,2008,136,5,1,8210b4f6eac12a20575e673437437e82cfff653da437ea17992a3aed56a99207,997,0,1,1
0,5,1,1,2,0.01279601299938804,0.0097359999999999999,0.0028369999999999997,51646464,NA,NA,NA,NA,NA,NA,NA,NA,2008,136,5,1,8210b4f6eac12a20575e673437437e82cfff653da437ea17992a3aed56a99207,995,0,1,3
0,5,0,0,3,0.012957439001183957,0.0098199999999999989,0.0029719999999999998,52031488,NA,NA,NA,NA,NA,NA,NA,NA,2008,136,5,1,8210b4f6eac12a20575e673437437e82cfff653da437ea17992a3aed56a99207,555,0,1,1
0,5,1,1,3,0.012841252999351127,0.010695999999999999,0.0019529999999999999,51638272,NA,NA,NA,NA,NA,NA,NA,NA,2008,136,5,1,8210b4f6eac12a20575e673437437e82cfff653da437ea17992a3aed56a99207,997,0,1,2
0,5,0,0,14,0.012966934000360197,0.0098379999999999995,0.0029299999999999999,55902208,NA,NA,NA,NA,NA,NA,NA,NA,32824,35142,517,1,5a24ee2382083ee5d5eb9b364e57818da3678644deec6a705c5878fcd40e5876,1000,0,1,0
0,5,1,1,14,0.014329044000987778,0.0081289999999999991,0.0054250000000000001,55926784,NA,NA,NA,NA,NA,NA,NA,NA,32824,35142,517,1,5a24ee2382083ee5d5eb9b364e57818da3678644deec6a705c5878fcd40e5876,1010,0,1,2
0,5,0,1,0,0.014245124999433756,0.010239999999999999,0.003026,51998720,NA,NA,NA,NA,NA,NA,NA,NA,2008,136,5,1,a8c1633e798ef980493443e67e6fdb6eada42f775edf7051d304d09c3ddadf5a,556,0,1,3
0,5,1,0,0,0.011557541000001947,0.0092849999999999999,0.002068,52092928,NA,NA,NA,NA,NA,NA,NA,NA,2008,136,5,1,a8c1633e798ef980493443e67e6fdb6eada42f775edf7051d304d09c3ddadf5a,557,0,1,4
0,5,0,1,5,0.012252681999598281,0.0083789999999999993,0.0037139999999999999,53956608,NA,NA,NA,NA,NA,NA,NA,NA,25888,6529,133,1,6cbbbbf695d9298d218c01af658d12c9a04646e608628360a5a03df9e71e6d9c,1001,0,1,3
0,5,1,0,5,0.012890359001175966,0.0086049999999999998,0.0038049999999999998,53751808,NA,NA,NA,NA,NA,NA,NA,NA,25888,6529,133,1,6cbbbbf695d9298d218c01af658d12c9a04646e608628360a5a03df9e71e6d9c,999,0,1,4
0,5,0,1,11,0.014002392999827862,0.006404,0.00743,54140928,NA,NA,NA,NA,NA,NA,NA,NA,14928,5066,257,64,9655be68483f45304d566dfb3dc63ba1458a5653029061a6b60617464768d366,1030,0,1,0
0,5,1,0,11,0.013325788000656758,0.0079480000000000002,0.0049699999999999996,53919744,NA,NA,NA,NA,NA,NA,NA,NA,14928,5066,257,64,9655be68483f45304d566dfb3dc63ba1458a5653029061a6b60617464768d366,1003,0,1,1
0,5,0,0,21,0.020905596000375226,0.015195,0.0047219999999999996,81227776,NA,NA,NA,NA,NA,NA,NA,NA,277920,89118,2402,8,089ec4ce05f5e4d43e3e352375117ee462b31249b272f87015d01ad0429bd7f9,1015,0,1,3
0,5,1,1,21,0.021073965999676147,0.016184,0.0038149999999999998,81289216,NA,NA,NA,NA,NA,NA,NA,NA,277920,89118,2402,8,089ec4ce05f5e4d43e3e352375117ee462b31249b272f87015d01ad0429bd7f9,1012,0,1,6
0,5,0,1,17,0.015776072001244756,0.013410999999999999,0.002075,64479232,NA,NA,NA,NA,NA,NA,NA,NA,127800,29499,417,8,cf7b13a857f01f4a14779c4cf8ec5e795ca6dd011a53f4345643bcaf3709f18a,1000,0,1,6
0,5,1,0,17,0.01497975399979623,0.011797999999999999,0.00296,64589824,NA,NA,NA,NA,NA,NA,NA,NA,127800,29499,417,8,cf7b13a857f01f4a14779c4cf8ec5e795ca6dd011a53f4345643bcaf3709f18a,556,0,1,2
0,5,0,1,1,0.011639794998700381,0.0076399999999999992,0.0037889999999999998,51728384,NA,NA,NA,NA,NA,NA,NA,NA,2056,136,5,1,6b21b079ef6f8f7f055926600e53b906dd7be041e021dd2791b7aa8c55e24585,999,0,1,1
0,5,1,0,1,0.012700784000116982,0.0093849999999999992,0.0031249999999999997,51810304,NA,NA,NA,NA,NA,NA,NA,NA,2056,136,5,1,6b21b079ef6f8f7f055926600e53b906dd7be041e021dd2791b7aa8c55e24585,997,0,1,1
0,5,0,0,13,0.013927388999945833,0.0097679999999999989,0.0039179999999999996,56115200,NA,NA,NA,NA,NA,NA,NA,NA,41016,35142,517,1,662bf8c3f785828e59b2e955c5f9255272bd2640c5dd7e9c2804e24f24350bdf,1000,0,1,3
0,5,1,1,13,0.015431149000505684,0.0076599999999999993,0.0047939999999999997,56152064,NA,NA,NA,NA,NA,NA,NA,NA,41016,35142,517,1,662bf8c3f785828e59b2e955c5f9255272bd2640c5dd7e9c2804e24f24350bdf,558,0,1,3
0,5,0,0,7,0.014841406000414281,0.0086829999999999997,0.0048419999999999999,53870592,NA,NA,NA,NA,NA,NA,NA,NA,17504,6529,133,1,5e7e7625c8b52e7a71d9370c6c8ab5025ac2b81f4970efe917952ec17c538f1c,1001,0,1,3
0,5,1,1,7,0.012666599999647588,0.0096189999999999991,0.0028629999999999997,54132736,NA,NA,NA,NA,NA,NA,NA,NA,17504,6529,133,1,5e7e7625c8b52e7a71d9370c6c8ab5025ac2b81f4970efe917952ec17c538f1c,551,0,1,2
0,5,0,0,6,0.013305376998687279,0.010135,0.003029,53960704,NA,NA,NA,NA,NA,NA,NA,NA,17504,6529,133,1,5e7e7625c8b52e7a71d9370c6c8ab5025ac2b81f4970efe917952ec17c538f1c,1002,0,1,0
0,5,1,1,6,0.012520516998847597,0.0081869999999999998,0.0041059999999999994,53686272,NA,NA,NA,NA,NA,NA,NA,NA,17504,6529,133,1,5e7e7625c8b52e7a71d9370c6c8ab5025ac2b81f4970efe917952ec17c538f1c,996,0,1,1
0,5,0,0,18,0.015714666000349098,0.011344,0.0041149999999999997,64753664,NA,NA,NA,NA,NA,NA,NA,NA,94392,29499,417,8,ec97d55cded7bb1cbf8e12495905cb68073380af6a6370282abb8f233d21e857,559,0,1,1
0,5,1,1,18,0.015992478000043775,0.0098849999999999997,0.0059169999999999995,64409600,NA,NA,NA,NA,NA,NA,NA,NA,94392,29499,417,8,ec97d55cded7bb1cbf8e12495905cb68073380af6a6370282abb8f233d21e857,1007,0,1,1
0,5,0,1,19,0.015530613000009907,0.010251999999999999,0.0051059999999999994,64802816,NA,NA,NA,NA,NA,NA,NA,NA,94392,29499,417,8,ec97d55cded7bb1cbf8e12495905cb68073380af6a6370282abb8f233d21e857,566,0,1,1
0,5,1,0,19,0.015918584000246483,0.011786999999999999,0.0039459999999999999,64499712,NA,NA,NA,NA,NA,NA,NA,NA,94392,29499,417,8,ec97d55cded7bb1cbf8e12495905cb68073380af6a6370282abb8f233d21e857,1003,0,1,1
0,5,0,1,9,0.014053896000405075,0.0095829999999999995,0.004228,53833728,NA,NA,NA,NA,NA,NA,NA,NA,20048,5066,257,64,d8d78f7bb977c6f730c6b5cdfaa88bed294d141a9777385856f783cc112e0874,997,0,1,2
0,5,1,0,9,0.013738401999944472,0.011141,0.0018579999999999998,54001664,NA,NA,NA,NA,NA,NA,NA,NA,20048,5066,257,64,d8d78f7bb977c6f730c6b5cdfaa88bed294d141a9777385856f783cc112e0874,999,0,1,5
0,5,0,0,23,0.022287716001301305,0.016071999999999999,0.0060109999999999999,81215488,NA,NA,NA,NA,NA,NA,NA,NA,180960,89118,2402,8,46606a158b66af8518456db0739cae64d8d2e5f9a80404e15ddbb91810d3af0d,1018,0,1,1
0,5,1,1,23,0.022705913001118461,0.01474,0.0068950000000000001,81190912,NA,NA,NA,NA,NA,NA,NA,NA,180960,89118,2402,8,46606a158b66af8518456db0739cae64d8d2e5f9a80404e15ddbb91810d3af0d,1017,0,1,7
0,6,0,0,3,0.013083673000437557,0.0074409999999999997,0.0046359999999999995,51707904,NA,NA,NA,NA,NA,NA,NA,NA,2008,136,5,1,8210b4f6eac12a20575e673437437e82cfff653da437ea17992a3aed56a99207,997,0,1,6
0,6,1,1,3,0.011878629000420915,0.0058379999999999994,0.0058170000000000001,51859456,NA,NA,NA,NA,NA,NA,NA,NA,2008,136,5,1,8210b4f6eac12a20575e673437437e82cfff653da437ea17992a3aed56a99207,1005,0,1,0
0,6,0,1,15,0.014224292999642785,0.010414,0.0028189999999999999,56102912,NA,NA,NA,NA,NA,NA,NA,NA,32824,35142,517,1,5a24ee2382083ee5d5eb9b364e57818da3678644deec6a705c5878fcd40e5876,1002,0,1,9
0,6,1,0,15,0.014470006000919966,0.0089219999999999994,0.0044599999999999996,56336384,NA,NA,NA,NA,NA,NA,NA,NA,32824,35142,517,1,5a24ee2382083ee5d5eb9b364e57818da3678644deec6a705c5878fcd40e5876,555,0,1,3
0,6,0,1,2,0.012929086999065476,0.0079799999999999992,0.0039919999999999999,51961856,NA,NA,NA,NA,NA,NA,NA,NA,2008,136,5,1,8210b4f6eac12a20575e673437437e82cfff653da437ea17992a3aed56a99207,550,0,1,11
0,6,1,0,2,0.014051477999601047,0.01091,0.0029609999999999997,51814400,NA,NA,NA,NA,NA,NA,NA,NA,2008,136,5,1,8210b4f6eac12a20575e673437437e82cfff653da437ea17992a3aed56a99207,548,0,1,1
0,6,0,0,6,0.013115286999891396,0.010851,0.0019759999999999999,53981184,NA,NA,NA,NA,NA,NA,NA,NA,17504,6529,133,1,5e7e7625c8b52e7a71d9370c6c8ab5025ac2b81f4970efe917952ec17c538f1c,997,0,1,1
0,6,1,1,6,0.013228547000835533,0.0089940000000000003,0.0040130000000000001,53960704,NA,NA,NA,NA,NA,NA,NA,NA,17504,6529,133,1,5e7e7625c8b52e7a71d9370c6c8ab5025ac2b81f4970efe917952ec17c538f1c,1002,0,1,4
0,6,0,1,11,0.013411371999609401,0.011056999999999999,0.0020149999999999999,54108160,NA,NA,NA,NA,NA,NA,NA,NA,14928,5066,257,64,9655be68483f45304d566dfb3dc63ba1458a5653029061a6b60617464768d366,560,0,1,1
0,6,1,0,11,0.013419973000054597,0.0091489999999999991,0.0040629999999999998,53784576,NA,NA,NA,NA,NA,NA,NA,NA,14928,5066,257,64,9655be68483f45304d566dfb3dc63ba1458a5653029061a6b60617464768d366,1001,0,1,0
0,6,0,0,5,0.013202933001593919,0.010954,0.00198,53985280,NA,NA,NA,NA,NA,NA,NA,NA,25888,6529,133,1,6cbbbbf695d9298d218c01af658d12c9a04646e608628360a5a03df9e71e6d9c,996,0,1,0
0,6,1,1,5,0.012616067999260849,0.0093559999999999997,0.0030819999999999997,53669888,NA,NA,NA,NA,NA,NA,NA,NA,25888,6529,133,1,6cbbbbf695d9298d218c01af658d12c9a04646e608628360a5a03df9e71e6d9c,992,0,1,0
0,6,0,1,9,0.012440701999366865,0.0090930000000000004,0.003045,53862400,NA,NA,NA,NA,NA,NA,NA,NA,20048,5066,257,64,d8d78f7bb977c6f730c6b5cdfaa88bed294d141a9777385856f783cc112e0874,998,0,1,2
0,6,1,0,9,0.013430248000076972,0.0081619999999999991,0.0050699999999999999,53780480,NA,NA,NA,NA,NA,NA,NA,NA,20048,5066,257,64,d8d78f7bb977c6f730c6b5cdfaa88bed294d141a9777385856f783cc112e0874,1000,0,1,2
0,6,0,1,7,0.013649280999743496,0.010541,0.0028660000000000001,53628928,NA,NA,NA,NA,NA,NA,NA,NA,17504,6529,133,1,5e7e7625c8b52e7a71d9370c6c8ab5025ac2b81f4970efe917952ec17c538f1c,993,0,1,0
0,6,1,0,7,0.012455608999516699,0.007574,0.004718,53923840,NA,NA,NA,NA,NA,NA,NA,NA,17504,6529,133,1,5e7e7625c8b52e7a71d9370c6c8ab5025ac2b81f4970efe917952ec17c538f1c,1002,0,1,1
0,6,0,0,14,0.012748717001159093,0.0096769999999999998,0.0029139999999999999,56188928,NA,NA,NA,NA,NA,NA,NA,NA,32824,35142,517,1,5a24ee2382083ee5d5eb9b364e57818da3678644deec6a705c5878fcd40e5876,553,0,1,0
0,6,1,1,14,0.012638469999728841,0.0095719999999999989,0.002856,55975936,NA,NA,NA,NA,NA,NA,NA,NA,32824,35142,517,1,5a24ee2382083ee5d5eb9b364e57818da3678644deec6a705c5878fcd40e5876,1003,0,1,0
0,6,0,0,16,0.019798423998508952,0.014312999999999999,0.0050879999999999996,64413696,NA,NA,NA,NA,NA,NA,NA,NA,136888,29499,417,8,af3bdbbd0003d101664215b713d407f2160931601787a4fad2f046110caa3e72,1005,0,1,5
0,6,1,1,16,0.018786807999276789,0.013710999999999999,0.0048519999999999995,64462848,NA,NA,NA,NA,NA,NA,NA,NA,136888,29499,417,8,af3bdbbd0003d101664215b713d407f2160931601787a4fad2f046110caa3e72,1047,0,1,1
0,6,0,0,20,0.026039747999675456,0.021762,0.0039420000000000002,81514496,NA,NA,NA,NA,NA,NA,NA,NA,220064,89118,2402,8,9bed9a0bde0e198846d4983ba78bcd51e5e45d614941dd9bc544c1667832b5ea,571,0,1,2
0,6,1,1,20,0.02691837000020314,0.022643,0.0039410000000000001,81166336,NA,NA,NA,NA,NA,NA,NA,NA,220064,89118,2402,8,9bed9a0bde0e198846d4983ba78bcd51e5e45d614941dd9bc544c1667832b5ea,1015,0,1,1
0,6,0,1,12,0.014489733999653254,0.010119999999999999,0.0040309999999999999,55832576,NA,NA,NA,NA,NA,NA,NA,NA,40904,35142,517,1,5c836afd34e5659fc140fff27358a40506e741bf81aa02c58678151e3747eac9,1000,0,1,2
0,6,1,0,12,0.014364736000061384,0.012130999999999999,0.0020219999999999999,55914496,NA,NA,NA,NA,NA,NA,NA,NA,40904,35142,517,1,5c836afd34e5659fc140fff27358a40506e741bf81aa02c58678151e3747eac9,1004,0,1,1
0,6,0,1,21,0.020284248999814736,0.017972999999999999,0.0020019999999999999,81600512,NA,NA,NA,NA,NA,NA,NA,NA,277920,89118,2402,8,089ec4ce05f5e4d43e3e352375117ee462b31249b272f87015d01ad0429bd7f9,574,0,1,2
0,6,1,0,21,0.019483545998809859,0.016188000000000001,0.0030329999999999997,81645568,NA,NA,NA,NA,NA,NA,NA,NA,277920,89118,2402,8,089ec4ce05f5e4d43e3e352375117ee462b31249b272f87015d01ad0429bd7f9,572,0,1,3
0,6,0,1,22,0.019972788000814035,0.013805999999999999,0.0059259999999999998,81248256,NA,NA,NA,NA,NA,NA,NA,NA,180960,89118,2402,8,46606a158b66af8518456db0739cae64d8d2e5f9a80404e15ddbb91810d3af0d,1011,0,1,2
0,6,1,0,22,0.019548004000171204,0.015280999999999999,0.0040819999999999997,81227776,NA,NA,NA,NA,NA,NA,NA,NA,180960,89118,2402,8,46606a158b66af8518456db0739cae64d8d2e5f9a80404e15ddbb91810d3af0d,1015,0,1,0
0,6,0,0,8,0.012480519000746426,0.0091919999999999988,0.0030739999999999999,53915648,NA,NA,NA,NA,NA,NA,NA,NA,13904,5066,257,64,f70f03940df99c8ce0b0b02082129e05360030bd32e6edc5877c0f69a31bb0a4,997,0,1,2
0,6,1,1,8,0.013029546000325354,0.0099229999999999995,0.0029640000000000001,54161408,NA,NA,NA,NA,NA,NA,NA,NA,13904,5066,257,64,f70f03940df99c8ce0b0b02082129e05360030bd32e6edc5877c0f69a31bb0a4,557,0,1,0
0,6,0,0,18,0.015610468999511795,0.011301,0.0041029999999999999,64405504,NA,NA,NA,NA,NA,NA,NA,NA,94392,29499,417,8,ec97d55cded7bb1cbf8e12495905cb68073380af6a6370282abb8f233d21e857,1008,0,1,1
0,6,1,1,18,0.015962863999448018,0.010872999999999999,0.004934,64352256,NA,NA,NA,NA,NA,NA,NA,NA,94392,29499,417,8,ec97d55cded7bb1cbf8e12495905cb68073380af6a6370282abb8f233d21e857,1003,0,1,0
0,6,0,0,19,0.01508216000001994,0.010907999999999999,0.0039559999999999994,64503808,NA,NA,NA,NA,NA,NA,NA,NA,94392,29499,417,8,ec97d55cded7bb1cbf8e12495905cb68073380af6a6370282abb8f233d21e857,1002,0,1,1
0,6,1,1,19,0.015621198999724584,0.012357999999999999,0.0029979999999999998,64503808,NA,NA,NA,NA,NA,NA,NA,NA,94392,29499,417,8,ec97d55cded7bb1cbf8e12495905cb68073380af6a6370282abb8f233d21e857,1030,0,1,5
0,6,0,0,0,0.012338762000581482,0.0090650000000000001,0.0030139999999999998,51834880,NA,NA,NA,NA,NA,NA,NA,NA,2008,136,5,1,a8c1633e798ef980493443e67e6fdb6eada42f775edf7051d304d09c3ddadf5a,1039,0,1,0
0,6,1,1,0,0.014686561999042169,0.010735999999999999,0.0029269999999999999,51650560,NA,NA,NA,NA,NA,NA,NA,NA,2008,136,5,1,a8c1633e798ef980493443e67e6fdb6eada42f775edf7051d304d09c3ddadf5a,996,0,1,6
0,6,0,0,23,0.022633036998740863,0.018605,0.0031019999999999997,81207296,NA,NA,NA,NA,NA,NA,NA,NA,180960,89118,2402,8,46606a158b66af8518456db0739cae64d8d2e5f9a80404e15ddbb91810d3af0d,1015,0,1,4
0,6,1,1,23,0.021540207000725786,0.018260999999999999,0.0030309999999999998,81203200,NA,NA,NA,NA,NA,NA,NA,NA,180960,89118,2402,8,46606a158b66af8518456db0739cae64d8d2e5f9a80404e15ddbb91810d3af0d,1020,0,1,1
0,6,0,1,10,0.012751481001032516,0.0095989999999999999,0.0028739999999999998,54296576,NA,NA,NA,NA,NA,NA,NA,NA,14928,5066,257,64,9655be68483f45304d566dfb3dc63ba1458a5653029061a6b60617464768d366,560,0,1,1
0,6,1,0,10,0.013086633000057191,0.0099109999999999997,0.0029779999999999997,53919744,NA,NA,NA,NA,NA,NA,NA,NA,14928,5066,257,64,9655be68483f45304d566dfb3dc63ba1458a5653029061a6b60617464768d366,1002,0,1,1
0,6,0,0,13,0.013633124000989483,0.0094889999999999992,0.0037549999999999997,55832576,NA,NA,NA,NA,NA,NA,NA,NA,41016,35142,517,1,662bf8c3f785828e59b2e955c5f9255272bd2640c5dd7e9c2804e24f24350bdf,993,0,1,1
0,6,1,1,13,0.014967603001423413,0.010794999999999999,0.0039280000000000001,55861248,NA,NA,NA,NA,NA,NA,NA,NA,41016,35142,517,1,662bf8c3f785828e59b2e955c5f9255272bd2640c5dd7e9c2804e24f24350bdf,1002,0,1,4
0,6,0,0,4,0.015075949000674882,0.011833999999999999,0.0029609999999999997,53997568,NA,NA,NA,NA,NA,NA,NA,NA,22160,6529,133,1,3ac5102c6f2bc513eb86f2343729d5f51295afd9e738a690903fa32334fb4c28,548,0,2,0
0,6,1,1,4,0.014283270998930675,0.0097009999999999996,0.0043109999999999997,54026240,NA,NA,NA,NA,NA,NA,NA,NA,22160,6529,133,1,3ac5102c6f2bc513eb86f2343729d5f51295afd9e738a690903fa32334fb4c28,552,0,1,1
0,6,0,0,17,0.016942399999607005,0.013054999999999999,0.0030119999999999999,64688128,NA,NA,NA,NA,NA,NA,NA,NA,127800,29499,417,8,cf7b13a857f01f4a14779c4cf8ec5e795ca6dd011a53f4345643bcaf3709f18a,559,0,1,2
0,6,1,1,17,0.016083034999610391,0.01188,0.0039680000000000002,64729088,NA,NA,NA,NA,NA,NA,NA,NA,127800,29499,417,8,cf7b13a857f01f4a14779c4cf8ec5e795ca6dd011a53f4345643bcaf3709f18a,561,0,1,0
0,6,0,1,1,0.013448281000819406,0.0091109999999999993,0.0040629999999999998,51736576,NA,NA,NA,NA,NA,NA,NA,NA,2056,136,5,1,6b21b079ef6f8f7f055926600e53b906dd7be041e021dd2791b7aa8c55e24585,1001,0,1,1
0,6,1,0,1,0.012988391999897431,0.00911,0.0030230000000000001,51585024,NA,NA,NA,NA,NA,NA,NA,NA,2056,136,5,1,6b21b079ef6f8f7f055926600e53b906dd7be041e021dd2791b7aa8c55e24585,1000,0,1,1
0,7,0,1,8,0.012656761000471306,0.010437,0.0020349999999999999,54075392,NA,NA,NA,NA,NA,NA,NA,NA,13904,5066,257,64,f70f03940df99c8ce0b0b02082129e05360030bd32e6edc5877c0f69a31bb0a4,552,0,1,1
0,7,1,0,8,0.012392159000228276,0.0091469999999999989,0.0030499999999999998,53747712,NA,NA,NA,NA,NA,NA,NA,NA,13904,5066,257,64,f70f03940df99c8ce0b0b02082129e05360030bd32e6edc5877c0f69a31bb0a4,1000,0,1,1
0,7,0,0,12,0.014297595000243746,0.009417,0.0047079999999999995,55869440,NA,NA,NA,NA,NA,NA,NA,NA,40904,35142,517,1,5c836afd34e5659fc140fff27358a40506e741bf81aa02c58678151e3747eac9,1000,0,1,2
0,7,1,1,12,0.015318708999984665,0.011474,0.0028639999999999998,56320000,NA,NA,NA,NA,NA,NA,NA,NA,40904,35142,517,1,5c836afd34e5659fc140fff27358a40506e741bf81aa02c58678151e3747eac9,552,0,1,6
0,7,0,1,17,0.016236192999713239,0.0090519999999999993,0.0070219999999999996,64282624,NA,NA,NA,NA,NA,NA,NA,NA,127800,29499,417,8,cf7b13a857f01f4a14779c4cf8ec5e795ca6dd011a53f4345643bcaf3709f18a,999,0,1,0
0,7,1,0,17,0.016674135000357637,0.010673,0.0057489999999999998,64438272,NA,NA,NA,NA,NA,NA,NA,NA,127800,29499,417,8,cf7b13a857f01f4a14779c4cf8ec5e795ca6dd011a53f4345643bcaf3709f18a,1033,0,1,3
0,7,0,1,3,0.013405563999185688,0.010123,0.003029,51720192,NA,NA,NA,NA,NA,NA,NA,NA,2008,136,5,1,8210b4f6eac12a20575e673437437e82cfff653da437ea17992a3aed56a99207,1001,0,1,0
0,7,1,0,3,0.011572027000511298,0.0083129999999999992,0.003114,52064256,NA,NA,NA,NA,NA,NA,NA,NA,2008,136,5,1,8210b4f6eac12a20575e673437437e82cfff653da437ea17992a3aed56a99207,549,0,1,0
0,7,0,1,6,0.012388420000206679,0.0081329999999999996,0.004065,53956608,NA,NA,NA,NA,NA,NA,NA,NA,17504,6529,133,1,5e7e7625c8b52e7a71d9370c6c8ab5025ac2b81f4970efe917952ec17c538f1c,1000,0,1,1
0,7,1,0,6,0.011933682999369921,0.0095750000000000002,0.002088,54104064,NA,NA,NA,NA,NA,NA,NA,NA,17504,6529,133,1,5e7e7625c8b52e7a71d9370c6c8ab5025ac2b81f4970efe917952ec17c538f1c,554,0,1,3
0,7,0,0,22,0.020684913999502896,0.016371999999999998,0.0041009999999999996,81453056,NA,NA,NA,NA,NA,NA,NA,NA,180960,89118,2402,8,46606a158b66af8518456db0739cae64d8d2e5f9a80404e15ddbb91810d3af0d,1017,0,1,2
0,7,1,1,22,0.019504353000229457,0.016154999999999999,0.0030299999999999997,81039360,NA,NA,NA,NA,NA,NA,NA,NA,180960,89118,2402,8,46606a158b66af8518456db0739cae64d8d2e5f9a80404e15ddbb91810d3af0d,1010,0,1,2
0,7,0,1,18,0.014804189999267692,0.0087530000000000004,0.0058630000000000002,64372736,NA,NA,NA,NA,NA,NA,NA,NA,94392,29499,417,8,ec97d55cded7bb1cbf8e12495905cb68073380af6a6370282abb8f233d21e857,1009,0,1,1
0,7,1,0,18,0.015050130999952671,0.009885999999999999,0.004947,64372736,NA,NA,NA,NA,NA,NA,NA,NA,94392,29499,417,8,ec97d55cded7bb1cbf8e12495905cb68073380af6a6370282abb8f233d21e857,1002,0,1,2
0,7,0,0,10,0.013389552001171978,0.0086020000000000003,0.003797,53993472,NA,NA,NA,NA,NA,NA,NA,NA,14928,5066,257,64,9655be68483f45304d566dfb3dc63ba1458a5653029061a6b60617464768d366,550,0,1,5
0,7,1,1,10,0.01305684100043436,0.0087309999999999992,0.003872,53809152,NA,NA,NA,NA,NA,NA,NA,NA,14928,5066,257,64,9655be68483f45304d566dfb3dc63ba1458a5653029061a6b60617464768d366,1003,0,1,7
0,7,0,0,9,0.014629399998739245,0.010572,0.0038269999999999997,53841920,NA,NA,NA,NA,NA,NA,NA,NA,20048,5066,257,64,d8d78f7bb977c6f730c6b5cdfaa88bed294d141a9777385856f783cc112e0874,999,0,1,1
0,7,1,1,9,0.014419453998925746,0.010321,0.0030989999999999998,53915648,NA,NA,NA,NA,NA,NA,NA,NA,20048,5066,257,64,d8d78f7bb977c6f730c6b5cdfaa88bed294d141a9777385856f783cc112e0874,558,0,1,2
0,7,0,0,15,0.013354401999094989,0.011157,0.002032,55943168,NA,NA,NA,NA,NA,NA,NA,NA,32824,35142,517,1,5a24ee2382083ee5d5eb9b364e57818da3678644deec6a705c5878fcd40e5876,997,0,1,1
0,7,1,1,15,0.013364311000259477,0.0094879999999999999,0.0028379999999999998,56344576,NA,NA,NA,NA,NA,NA,NA,NA,32824,35142,517,1,5a24ee2382083ee5d5eb9b364e57818da3678644deec6a705c5878fcd40e5876,556,0,1,6
0,7,0,0,11,0.012816297999961535,0.0097289999999999998,0.002918,53800960,NA,NA,NA,NA,NA,NA,NA,NA,14928,5066,257,64,9655be68483f45304d566dfb3dc63ba1458a5653029061a6b60617464768d366,1000,0,1,1
0,7,1,1,11,0.012583033998453175,0.0091799999999999989,0.0030360000000000001,53821440,NA,NA,NA,NA,NA,NA,NA,NA,14928,5066,257,64,9655be68483f45304d566dfb3dc63ba1458a5653029061a6b60617464768d366,999,0,1,2
0,7,0,1,14,0.014210007000656333,0.0099209999999999993,0.0039509999999999997,55922688,NA,NA,NA,NA,NA,NA,NA,NA,32824,35142,517,1,5a24ee2382083ee5d5eb9b364e57818da3678644deec6a705c5878fcd40e5876,998,0,1,2
0,7,1,0,14,0.013842164000379853,0.011578999999999999,0.0019279999999999998,56066048,NA,NA,NA,NA,NA,NA,NA,NA,32824,35142,517,1,5a24ee2382083ee5d5eb9b364e57818da3678644deec6a705c5878fcd40e5876,1001,0,1,2
0,7,0,1,20,0.026282316999640898,0.022086999999999999,0.0039849999999999998,81367040,NA,NA,NA,NA,NA,NA,NA,NA,220064,89118,2402,8,9bed9a0bde0e198846d4983ba78bcd51e5e45d614941dd9bc544c1667832b5ea,561,0,1,2
0,7,1,0,20,0.026576946000204771,0.023271,0.0030269999999999997,81145856,NA,NA,NA,NA,NA,NA,NA,NA,220064,89118,2402,8,9bed9a0bde0e198846d4983ba78bcd51e5e45d614941dd9bc544c1667832b5ea,1037,0,1,2
0,7,0,1,4,0.015022356001281878,0.010879,0.0039269999999999999,53874688,NA,NA,NA,NA,NA,NA,NA,NA,22160,6529,133,1,3ac5102c6f2bc513eb86f2343729d5f51295afd9e738a690903fa32334fb4c28,1005,0,1,2
0,7,1,0,4,0.014557879998392309,0.011217,0.0030589999999999997,54247424,NA,NA,NA,NA,NA,NA,NA,NA,22160,6529,133,1,3ac5102c6f2bc513eb86f2343729d5f51295afd9e738a690903fa32334fb4c28,549,0,1,4
0,7,0,1,5,0.013343799000722356,0.011150999999999999,0.0020039999999999997,53739520,NA,NA,NA,NA,NA,NA,NA,NA,25888,6529,133,1,6cbbbbf695d9298d218c01af658d12c9a04646e608628360a5a03df9e71e6d9c,994,0,1,1
0,7,1,0,5,0.012412089999997988,0.009441999999999999,0.0027889999999999998,54243328,NA,NA,NA,NA,NA,NA,NA,NA,25888,6529,133,1,6cbbbbf695d9298d218c01af658d12c9a04646e608628360a5a03df9e71e6d9c,550,0,1,1
0,7,0,1,0,0.012593387000379153,0.0082969999999999988,0.0041180000000000001,51658752,NA,NA,NA,NA,NA,NA,NA,NA,2008,136,5,1,a8c1633e798ef980493443e67e6fdb6eada42f775edf7051d304d09c3ddadf5a,1000,0,1,2
0,7,1,0,0,0.012346592000540113,0.0086949999999999996,0.0032549999999999996,51621888,NA,NA,NA,NA,NA,NA,NA,NA,2008,136,5,1,a8c1633e798ef980493443e67e6fdb6eada42f775edf7051d304d09c3ddadf5a,997,0,1,1
0,7,0,1,19,0.016471406999698956,0.012381,0.0038159999999999999,64471040,NA,NA,NA,NA,NA,NA,NA,NA,94392,29499,417,8,ec97d55cded7bb1cbf8e12495905cb68073380af6a6370282abb8f233d21e857,1002,0,1,2
0,7,1,0,19,0.015896259001237922,0.011351,0.0041259999999999995,64393216,NA,NA,NA,NA,NA,NA,NA,NA,94392,29499,417,8,ec97d55cded7bb1cbf8e12495905cb68073380af6a6370282abb8f233d21e857,1002,0,1,2
0,7,0,0,1,0.012636557001314941,0.011202999999999999,0.0011149999999999999,51793920,NA,NA,NA,NA,NA,NA,NA,NA,2056,136,5,1,6b21b079ef6f8f7f055926600e53b906dd7be041e021dd2791b7aa8c55e24585,1001,0,1,3
0,7,1,1,1,0.011506635999467107,0.0082529999999999999,0.003091,51724288,NA,NA,NA,NA,NA,NA,NA,NA,2056,136,5,1,6b21b079ef6f8f7f055926600e53b906dd7be041e021dd2791b7aa8c55e24585,993,0,1,1
0,7,0,1,13,0.012307451999731711,0.010099,0.0020149999999999999,56373248,NA,NA,NA,NA,NA,NA,NA,NA,41016,35142,517,1,662bf8c3f785828e59b2e955c5f9255272bd2640c5dd7e9c2804e24f24350bdf,559,0,1,0
0,7,1,0,13,0.012829369999963092,0.0093029999999999988,0.0030720000000000001,55971840,NA,NA,NA,NA,NA,NA,NA,NA,41016,35142,517,1,662bf8c3f785828e59b2e955c5f9255272bd2640c5dd7e9c2804e24f24350bdf,998,0,1,1
0,7,0,1,23,0.022718617999998969,0.018627999999999999,0.003264,81039360,NA,NA,NA,NA,NA,NA,NA,NA,180960,89118,2402,8,46606a158b66af8518456db0739cae64d8d2e5f9a80404e15ddbb91810d3af0d,1009,0,1,4
0,7,1,0,23,0.020717998999316478,0.017219999999999999,0.003039,81580032,NA,NA,NA,NA,NA,NA,NA,NA,180960,89118,2402,8,46606a158b66af8518456db0739cae64d8d2e5f9a80404e15ddbb91810d3af0d,574,0,1,4
0,7,0,0,7,0.012287945000934997,0.0091000000000000004,0.0030169999999999997,53915648,NA,NA,NA,NA,NA,NA,NA,NA,17504,6529,133,1,5e7e7625c8b52e7a71d9370c6c8ab5025ac2b81f4970efe917952ec17c538f1c,1003,0,1,1
0,7,1,1,7,0.013256832000479335,0.0075239999999999994,0.0046959999999999997,54091776,NA,NA,NA,NA,NA,NA,NA,NA,17504,6529,133,1,5e7e7625c8b52e7a71d9370c6c8ab5025ac2b81f4970efe917952ec17c538f1c,560,0,1,8
0,7,0,0,2,0.012869410998973763,0.0093460000000000001,0.0031259999999999999,51589120,NA,NA,NA,NA,NA,NA,NA,NA,2008,136,5,1,8210b4f6eac12a20575e673437437e82cfff653da437ea17992a3aed56a99207,996,0,2,4
0,7,1,1,2,0.012906448000649107,0.0067799999999999996,0.0058109999999999993,51929088,NA,NA,NA,NA,NA,NA,NA,NA,2008,136,5,1,8210b4f6eac12a20575e673437437e82cfff653da437ea17992a3aed56a99207,1000,0,1,5
0,7,0,1,16,0.018075202000545687,0.013847,0.0039429999999999995,64684032,NA,NA,NA,NA,NA,NA,NA,NA,136888,29499,417,8,af3bdbbd0003d101664215b713d407f2160931601787a4fad2f046110caa3e72,563,0,1,11
0,7,1,0,16,0.018631536000611959,0.014272,0.004052,64360448,NA,NA,NA,NA,NA,NA,NA,NA,136888,29499,417,8,af3bdbbd0003d101664215b713d407f2160931601787a4fad2f046110caa3e72,1002,0,1,9
0,7,0,0,21,0.020248272001481382,0.014912,0.0049589999999999999,81252352,NA,NA,NA,NA,NA,NA,NA,NA,277920,89118,2402,8,089ec4ce05f5e4d43e3e352375117ee462b31249b272f87015d01ad0429bd7f9,1036,0,1,2
0,7,1,1,21,0.019557466999685857,0.015071999999999999,0.0040200000000000001,81338368,NA,NA,NA,NA,NA,NA,NA,NA,277920,89118,2402,8,089ec4ce05f5e4d43e3e352375117ee462b31249b272f87015d01ad0429bd7f9,1010,0,1,3
1,0,0,0,19,0.016004998999051168,0.011696,0.0039129999999999998,64602112,NA,NA,NA,NA,NA,NA,NA,NA,94392,29499,417,8,ec97d55cded7bb1cbf8e12495905cb68073380af6a6370282abb8f233d21e857,1005,0,1,4
1,0,1,1,19,0.016000874999008374,0.012759,0.0029250000000000001,64516096,NA,NA,NA,NA,NA,NA,NA,NA,94392,29499,417,8,ec97d55cded7bb1cbf8e12495905cb68073380af6a6370282abb8f233d21e857,1013,0,1,4
1,0,0,0,16,0.019400332001168863,0.013455,0.0057710000000000001,64487424,NA,NA,NA,NA,NA,NA,NA,NA,136888,29499,417,8,af3bdbbd0003d101664215b713d407f2160931601787a4fad2f046110caa3e72,1001,0,1,0
1,0,1,1,16,0.018562068000392173,0.013195999999999999,0.0050660000000000002,64176128,NA,NA,NA,NA,NA,NA,NA,NA,136888,29499,417,8,af3bdbbd0003d101664215b713d407f2160931601787a4fad2f046110caa3e72,1004,0,1,3
1,0,0,1,7,0.013603303999843774,0.008624999999999999,0.0047819999999999998,53956608,NA,NA,NA,NA,NA,NA,NA,NA,17504,6529,133,1,5e7e7625c8b52e7a71d9370c6c8ab5025ac2b81f4970efe917952ec17c538f1c,998,0,1,0
1,0,1,0,7,0.013805659000354353,0.008711,0.0048329999999999996,54038528,NA,NA,NA,NA,NA,NA,NA,NA,17504,6529,133,1,5e7e7625c8b52e7a71d9370c6c8ab5025ac2b81f4970efe917952ec17c538f1c,997,0,1,2
1,0,0,0,2,0.01320710300024075,0.0082480000000000001,0.0041199999999999995,51920896,NA,NA,NA,NA,NA,NA,NA,NA,2008,136,5,1,8210b4f6eac12a20575e673437437e82cfff653da437ea17992a3aed56a99207,547,0,1,2
1,0,1,1,2,0.011953015000472078,0.0079039999999999996,0.0038759999999999997,52011008,NA,NA,NA,NA,NA,NA,NA,NA,2008,136,5,1,8210b4f6eac12a20575e673437437e82cfff653da437ea17992a3aed56a99207,554,0,1,1
1,0,0,0,0,0.012775269999110606,0.010928999999999999,0.00099599999999999992,51736576,NA,NA,NA,NA,NA,NA,NA,NA,2008,136,5,1,a8c1633e798ef980493443e67e6fdb6eada42f775edf7051d304d09c3ddadf5a,996,0,1,5
1,0,1,1,0,0.012850840999817592,0.011193999999999999,0.0010150000000000001,52117504,NA,NA,NA,NA,NA,NA,NA,NA,2008,136,5,1,a8c1633e798ef980493443e67e6fdb6eada42f775edf7051d304d09c3ddadf5a,560,0,1,7
1,0,0,0,9,0.013346574000024702,0.011259999999999999,0.001892,53915648,NA,NA,NA,NA,NA,NA,NA,NA,20048,5066,257,64,d8d78f7bb977c6f730c6b5cdfaa88bed294d141a9777385856f783cc112e0874,997,0,1,2
1,0,1,1,9,0.012249936999069178,0.0080149999999999996,0.0039589999999999998,54149120,NA,NA,NA,NA,NA,NA,NA,NA,20048,5066,257,64,d8d78f7bb977c6f730c6b5cdfaa88bed294d141a9777385856f783cc112e0874,556,0,1,1
1,0,0,1,10,0.012169861000074889,0.0089859999999999992,0.0029989999999999999,54210560,NA,NA,NA,NA,NA,NA,NA,NA,14928,5066,257,64,9655be68483f45304d566dfb3dc63ba1458a5653029061a6b60617464768d366,552,0,1,2
1,0,1,0,10,0.012513665998994838,0.0071599999999999997,0.0051149999999999998,53977088,NA,NA,NA,NA,NA,NA,NA,NA,14928,5066,257,64,9655be68483f45304d566dfb3dc63ba1458a5653029061a6b60617464768d366,1035,0,1,0
1,0,0,0,3,0.013065039000139222,0.0079709999999999989,0.0048849999999999996,51789824,NA,NA,NA,NA,NA,NA,NA,NA,2008,136,5,1,8210b4f6eac12a20575e673437437e82cfff653da437ea17992a3aed56a99207,1003,0,1,4
1,0,1,1,3,0.012196353000035742,0.01103,0.0010039999999999999,51744768,NA,NA,NA,NA,NA,NA,NA,NA,2008,136,5,1,8210b4f6eac12a20575e673437437e82cfff653da437ea17992a3aed56a99207,1001,0,1,2
1,0,0,0,8,0.012992211000891984,0.0098379999999999995,0.002941,54161408,NA,NA,NA,NA,NA,NA,NA,NA,13904,5066,257,64,f70f03940df99c8ce0b0b02082129e05360030bd32e6edc5877c0f69a31bb0a4,559,0,1,2
1,0,1,1,8,0.012483802000133437,0.0094970000000000002,0.0028270000000000001,53936128,NA,NA,NA,NA,NA,NA,NA,NA,13904,5066,257,64,f70f03940df99c8ce0b0b02082129e05360030bd32e6edc5877c0f69a31bb0a4,551,0,1,3
1,0,0,1,22,0.020887183000013465,0.015747000000000001,0.0048979999999999996,81588224,NA,NA,NA,NA,NA,NA,NA,NA,180960,89118,2402,8,46606a158b66af8518456db0739cae64d8d2e5f9a80404e15ddbb91810d3af0d,565,0,1,1
1,0,1,0,22,0.019611159999840311,0.014239999999999999,0.0050920000000000002,81281024,NA,NA,NA,NA,NA,NA,NA,NA,180960,89118,2402,8,46606a158b66af8518456db0739cae64d8d2e5f9a80404e15ddbb91810d3af0d,1015,0,1,2
1,0,0,0,21,0.020137790999797289,0.013873,0.0059579999999999998,81281024,NA,NA,NA,NA,NA,NA,NA,NA,277920,89118,2402,8,089ec4ce05f5e4d43e3e352375117ee462b31249b272f87015d01ad0429bd7f9,1016,0,1,4
1,0,1,1,21,0.020507657000052859,0.013883,0.0063999999999999994,81113088,NA,NA,NA,NA,NA,NA,NA,NA,277920,89118,2402,8,089ec4ce05f5e4d43e3e352375117ee462b31249b272f87015d01ad0429bd7f9,1009,0,1,2
1,0,0,1,12,0.013596119999419898,0.012421,0.000959,55836672,NA,NA,NA,NA,NA,NA,NA,NA,40904,35142,517,1,5c836afd34e5659fc140fff27358a40506e741bf81aa02c58678151e3747eac9,998,0,1,1
1,0,1,0,12,0.014392577999387868,0.011027,0.002993,55906304,NA,NA,NA,NA,NA,NA,NA,NA,40904,35142,517,1,5c836afd34e5659fc140fff27358a40506e741bf81aa02c58678151e3747eac9,998,0,1,4
1,0,0,1,14,0.014106919999903766,0.0063330000000000001,0.0073529999999999993,56274944,NA,NA,NA,NA,NA,NA,NA,NA,32824,35142,517,1,5a24ee2382083ee5d5eb9b364e57818da3678644deec6a705c5878fcd40e5876,1045,0,1,2
1,0,1,0,14,0.013121632000547834,0.0079089999999999994,0.0049239999999999996,55848960,NA,NA,NA,NA,NA,NA,NA,NA,32824,35142,517,1,5a24ee2382083ee5d5eb9b364e57818da3678644deec6a705c5878fcd40e5876,995,0,1,4
1,0,0,1,17,0.017130451999037177,0.012118,0.0040419999999999996,64552960,NA,NA,NA,NA,NA,NA,NA,NA,127800,29499,417,8,cf7b13a857f01f4a14779c4cf8ec5e795ca6dd011a53f4345643bcaf3709f18a,560,0,1,2
1,0,1,0,17,0.016166139001143165,0.010827999999999999,0.0049379999999999997,64430080,NA,NA,NA,NA,NA,NA,NA,NA,127800,29499,417,8,cf7b13a857f01f4a14779c4cf8ec5e795ca6dd011a53f4345643bcaf3709f18a,1008,0,1,4
1,0,0,0,18,0.015581210998789174,0.010480999999999999,0.0047869999999999996,64385024,NA,NA,NA,NA,NA,NA,NA,NA,94392,29499,417,8,ec97d55cded7bb1cbf8e12495905cb68073380af6a6370282abb8f233d21e857,1009,0,1,6
1,0,1,1,18,0.017076146999897901,0.012756999999999999,0.0031799999999999997,64344064,NA,NA,NA,NA,NA,NA,NA,NA,94392,29499,417,8,ec97d55cded7bb1cbf8e12495905cb68073380af6a6370282abb8f233d21e857,1002,0,1,9
1,0,0,0,20,0.027244138000241946,0.020396999999999998,0.0058349999999999999,81551360,NA,NA,NA,NA,NA,NA,NA,NA,220064,89118,2402,8,9bed9a0bde0e198846d4983ba78bcd51e5e45d614941dd9bc544c1667832b5ea,566,0,1,4
1,0,1,1,20,0.027497843000674038,0.023254999999999998,0.0040419999999999996,81219584,NA,NA,NA,NA,NA,NA,NA,NA,220064,89118,2402,8,9bed9a0bde0e198846d4983ba78bcd51e5e45d614941dd9bc544c1667832b5ea,1011,0,1,1
1,0,0,1,1,0.011575849999644561,0.007587,0.0037709999999999996,51707904,NA,NA,NA,NA,NA,NA,NA,NA,2056,136,5,1,6b21b079ef6f8f7f055926600e53b906dd7be041e021dd2791b7aa8c55e24585,997,0,1,2
1,0,1,0,1,0.013376812001297367,0.009042999999999999,0.0040249999999999999,51888128,NA,NA,NA,NA,NA,NA,NA,NA,2056,136,5,1,6b21b079ef6f8f7f055926600e53b906dd7be041e021dd2791b7aa8c55e24585,1001,0,1,2
1,0,0,0,4,0.014082509000218124,0.0088489999999999992,0.0049189999999999998,53776384,NA,NA,NA,NA,NA,NA,NA,NA,22160,6529,133,1,3ac5102c6f2bc513eb86f2343729d5f51295afd9e738a690903fa32334fb4c28,1000,0,1,3
1,0,1,1,4,0.015483750999919721,0.012253,0.0022299999999999998,53952512,NA,NA,NA,NA,NA,NA,NA,NA,22160,6529,133,1,3ac5102c6f2bc513eb86f2343729d5f51295afd9e738a690903fa32334fb4c28,1039,0,1,8
1,0,0,1,11,0.014127654998446815,0.0094789999999999996,0.0037989999999999999,53805056,NA,NA,NA,NA,NA,NA,NA,NA,14928,5066,257,64,9655be68483f45304d566dfb3dc63ba1458a5653029061a6b60617464768d366,1000,0,1,2
1,0,1,0,11,0.014278809001552872,0.0091409999999999998,0.004091,54009856,NA,NA,NA,NA,NA,NA,NA,NA,14928,5066,257,64,9655be68483f45304d566dfb3dc63ba1458a5653029061a6b60617464768d366,1005,0,1,8
1,0,0,1,5,0.012917355999888969,0.0087809999999999989,0.0039029999999999998,53792768,NA,NA,NA,NA,NA,NA,NA,NA,25888,6529,133,1,6cbbbbf695d9298d218c01af658d12c9a04646e608628360a5a03df9e71e6d9c,1003,0,1,3
1,0,1,0,5,0.013116850999722374,0.0099019999999999993,0.0029640000000000001,53829632,NA,NA,NA,NA,NA,NA,NA,NA,25888,6529,133,1,6cbbbbf695d9298d218c01af658d12c9a04646e608628360a5a03df9e71e6d9c,999,0,1,0
1,0,0,1,23,0.021545068999330397,0.018324,0.0030360000000000001,81170432,NA,NA,NA,NA,NA,NA,NA,NA,180960,89118,2402,8,46606a158b66af8518456db0739cae64d8d2e5f9a80404e15ddbb91810d3af0d,1010,0,1,0
1,0,1,0,23,0.021040816000095219,0.015851999999999998,0.0049389999999999998,81444864,NA,NA,NA,NA,NA,NA,NA,NA,180960,89118,2402,8,46606a158b66af8518456db0739cae64d8d2e5f9a80404e15ddbb91810d3af0d,1014,0,1,3
1,0,0,0,6,0.012642669998967904,0.0093340000000000003,0.0030859999999999998,53932032,NA,NA,NA,NA,NA,NA,NA,NA,17504,6529,133,1,5e7e7625c8b52e7a71d9370c6c8ab5025ac2b81f4970efe917952ec17c538f1c,994,0,1,4
1,0,1,1,6,0.013307502000316163,0.0090530000000000003,0.0040079999999999994,53940224,NA,NA,NA,NA,NA,NA,NA,NA,17504,6529,133,1,5e7e7625c8b52e7a71d9370c6c8ab5025ac2b81f4970efe917952ec17c538f1c,996,0,1,0
1,0,0,1,15,0.012522171000455273,0.0092669999999999992,0.003055,56086528,NA,NA,NA,NA,NA,NA,NA,NA,32824,35142,517,1,5a24ee2382083ee5d5eb9b364e57818da3678644deec6a705c5878fcd40e5876,998,0,1,0
1,0,1,0,15,0.013831143998686457,0.0097169999999999999,0.0038759999999999997,56352768,NA,NA,NA,NA,NA,NA,NA,NA,32824,35142,517,1,5a24ee2382083ee5d5eb9b364e57818da3678644deec6a705c5878fcd40e5876,1041,0,1,3
1,0,0,1,13,0.014775764999285457,0.0082439999999999996,0.005483,56201216,NA,NA,NA,NA,NA,NA,NA,NA,41016,35142,517,1,662bf8c3f785828e59b2e955c5f9255272bd2640c5dd7e9c2804e24f24350bdf,1024,0,1,8
1,0,1,0,13,0.01387476499985496,0.0097479999999999997,0.0038569999999999998,56156160,NA,NA,NA,NA,NA,NA,NA,NA,41016,35142,517,1,662bf8c3f785828e59b2e955c5f9255272bd2640c5dd7e9c2804e24f24350bdf,995,0,1,1
1,1,0,1,6,0.012041707999742357,0.010801999999999999,0.001077,54239232,NA,NA,NA,NA,NA,NA,NA,NA,17504,6529,133,1,5e7e7625c8b52e7a71d9370c6c8ab5025ac2b81f4970efe917952ec17c538f1c,558,0,1,0
1,1,1,0,6,0.011745997999241808,0.0084130000000000003,0.0031489999999999999,54210560,NA,NA,NA,NA,NA,NA,NA,NA,17504,6529,133,1,5e7e7625c8b52e7a71d9370c6c8ab5025ac2b81f4970efe917952ec17c538f1c,553,0,1,0
1,1,0,0,15,0.013221868999607977,0.0089079999999999993,0.0039699999999999996,55943168,NA,NA,NA,NA,NA,NA,NA,NA,32824,35142,517,1,5a24ee2382083ee5d5eb9b364e57818da3678644deec6a705c5878fcd40e5876,1002,0,1,2
1,1,1,1,15,0.014120811998509453,0.010695,0.0031749999999999999,55996416,NA,NA,NA,NA,NA,NA,NA,NA,32824,35142,517,1,5a24ee2382083ee5d5eb9b364e57818da3678644deec6a705c5878fcd40e5876,1004,0,1,0
1,1,0,0,14,0.013409972998488229,0.0091269999999999997,0.0040549999999999996,55955456,NA,NA,NA,NA,NA,NA,NA,NA,32824,35142,517,1,5a24ee2382083ee5d5eb9b364e57818da3678644deec6a705c5878fcd40e5876,998,0,1,0
1,1,1,1,14,0.014954737000152818,0.010848,0.0039280000000000001,56123392,NA,NA,NA,NA,NA,NA,NA,NA,32824,35142,517,1,5a24ee2382083ee5d5eb9b364e57818da3678644deec6a705c5878fcd40e5876,997,0,1,2
1,1,0,1,8,0.012961177000761381,0.010726999999999999,0.0019469999999999999,54153216,NA,NA,NA,NA,NA,NA,NA,NA,13904,5066,257,64,f70f03940df99c8ce0b0b02082129e05360030bd32e6edc5877c0f69a31bb0a4,562,0,1,1
1,1,1,0,8,0.013389963998633903,0.0080759999999999998,0.0050260000000000001,53886976,NA,NA,NA,NA,NA,NA,NA,NA,13904,5066,257,64,f70f03940df99c8ce0b0b02082129e05360030bd32e6edc5877c0f69a31bb0a4,1002,0,1,5
1,1,0,1,20,0.027868635999766411,0.022369,0.0040639999999999999,81158144,NA,NA,NA,NA,NA,NA,NA,NA,220064,89118,2402,8,9bed9a0bde0e198846d4983ba78bcd51e5e45d614941dd9bc544c1667832b5ea,1009,0,1,14
1,1,1,0,20,0.027326589000949753,0.017689,0.0088019999999999991,81240064,NA,NA,NA,NA,NA,NA,NA,NA,220064,89118,2402,8,9bed9a0bde0e198846d4983ba78bcd51e5e45d614941dd9bc544c1667832b5ea,1010,0,1,4
1,1,0,1,18,0.015652063999368693,0.012345,0.0030899999999999999,64536576,NA,NA,NA,NA,NA,NA,NA,NA,94392,29499,417,8,ec97d55cded7bb1cbf8e12495905cb68073380af6a6370282abb8f233d21e857,1045,0,1,0
1,1,1,0,18,0.015338204999352456,0.011077999999999999,0.0040209999999999994,64602112,NA,NA,NA,NA,NA,NA,NA,NA,94392,29499,417,8,ec97d55cded7bb1cbf8e12495905cb68073380af6a6370282abb8f233d21e857,559,0,1,7
1,1,0,0,13,0.012502381998274359,0.0085100000000000002,0.00379,56041472,NA,NA,NA,NA,NA,NA,NA,NA,41016,35142,517,1,662bf8c3f785828e59b2e955c5f9255272bd2640c5dd7e9c2804e24f24350bdf,998,0,1,4
1,1,1,1,13,0.013073427000563242,0.0088570000000000003,0.0033149999999999998,56258560,NA,NA,NA,NA,NA,NA,NA,NA,41016,35142,517,1,662bf8c3f785828e59b2e955c5f9255272bd2640c5dd7e9c2804e24f24350bdf,553,0,1,4
1,1,0,1,0,0.012258433000170044,0.0078440000000000003,0.0039189999999999997,52097024,NA,NA,NA,NA,NA,NA,NA,NA,2008,136,5,1,a8c1633e798ef980493443e67e6fdb6eada42f775edf7051d304d09c3ddadf5a,554,0,1,3
1,1,1,0,0,0.013798506000966881,0.008626,0.0043169999999999997,51650560,NA,NA,NA,NA,NA,NA,NA,NA,2008,136,5,1,a8c1633e798ef980493443e67e6fdb6eada42f775edf7051d304d09c3ddadf5a,999,0,2,3
1,1,0,1,3,0.012821643000279437,0.0078799999999999999,0.003954,51789824,NA,NA,NA,NA,NA,NA,NA,NA,2008,136,5,1,8210b4f6eac12a20575e673437437e82cfff653da437ea17992a3aed56a99207,997,0,1,6
1,1,1,0,3,0.013099404999593389,0.009807999999999999,0.0021939999999999998,51699712,NA,NA,NA,NA,NA,NA,NA,NA,2008,136,5,1,8210b4f6eac12a20575e673437437e82cfff653da437ea17992a3aed56a99207,994,0,1,8
1,1,0,0,23,0.022524223000800703,0.018366999999999998,0.0030569999999999998,81321984,NA,NA,NA,NA,NA,NA,NA,NA,180960,89118,2402,8,46606a158b66af8518456db0739cae64d8d2e5f9a80404e15ddbb91810d3af0d,1012,0,1,5
1,1,1,1,23,0.021260462001009728,0.015200999999999999,0.005679,81137664,NA,NA,NA,NA,NA,NA,NA,NA,180960,89118,2402,8,46606a158b66af8518456db0739cae64d8d2e5f9a80404e15ddbb91810d3af0d,1012,0,1,2
1,1,0,0,1,0.012921902000016416,0.0094009999999999996,0.0031279999999999997,51953664,NA,NA,NA,NA,NA,NA,NA,NA,2056,136,5,1,6b21b079ef6f8f7f055926600e53b906dd7be041e021dd2791b7aa8c55e24585,1001,0,1,4
1,1,1,1,1,0.012318626999331173,0.0090469999999999995,0.0030119999999999999,51662848,NA,NA,NA,NA,NA,NA,NA,NA,2056,136,5,1,6b21b079ef6f8f7f055926600e53b906dd7be041e021dd2791b7aa8c55e24585,1006,0,1,3
1,1,0,1,2,0.012768239001161419,0.0087279999999999996,0.0038579999999999999,51896320,NA,NA,NA,NA,NA,NA,NA,NA,2008,136,5,1,8210b4f6eac12a20575e673437437e82cfff653da437ea17992a3aed56a99207,1041,0,1,1
1,1,1,0,2,0.011935499000173877,0.0077029999999999998,0.003849,51810304,NA,NA,NA,NA,NA,NA,NA,NA,2008,136,5,1,8210b4f6eac12a20575e673437437e82cfff653da437ea17992a3aed56a99207,1002,0,1,2
1,1,0,0,17,0.016473806999783847,0.013091999999999999,0.0030209999999999998,64520192,NA,NA,NA,NA,NA,NA,NA,NA,127800,29499,417,8,cf7b13a857f01f4a14779c4cf8ec5e795ca6dd011a53f4345643bcaf3709f18a,1018,0,1,3
1,1,1,1,17,0.015854123999815783,0.012291999999999999,0.003058,64618496,NA,NA,NA,NA,NA,NA,NA,NA,127800,29499,417,8,cf7b13a857f01f4a14779c4cf8ec5e795ca6dd011a53f4345643bcaf3709f18a,554,0,1,3
1,1,0,1,19,0.016012860000046203,0.010799999999999999,0.0049029999999999994,64331776,NA,NA,NA,NA,NA,NA,NA,NA,94392,29499,417,8,ec97d55cded7bb1cbf8e12495905cb68073380af6a6370282abb8f233d21e857,1004,0,1,3
1,1,1,0,19,0.015878420999797527,0.011701999999999999,0.003901,64364544,NA,NA,NA,NA,NA,NA,NA,NA,94392,29499,417,8,ec97d55cded7bb1cbf8e12495905cb68073380af6a6370282abb8f233d21e857,1008,0,1,2
1,1,0,0,11,0.013508640999134514,0.011094999999999999,0.0020300000000000001,54009856,NA,NA,NA,NA,NA,NA,NA,NA,14928,5066,257,64,9655be68483f45304d566dfb3dc63ba1458a5653029061a6b60617464768d366,997,0,1,4
1,1,1,1,11,0.014142706999336951,0.010817999999999999,0.0029549999999999997,53911552,NA,NA,NA,NA,NA,NA,NA,NA,14928,5066,257,64,9655be68483f45304d566dfb3dc63ba1458a5653029061a6b60617464768d366,995,0,1,2
1,1,0,0,22,0.019827787999020074,0.015424999999999999,0.0041180000000000001,81334272,NA,NA,NA,NA,NA,NA,NA,NA,180960,89118,2402,8,46606a158b66af8518456db0739cae64d8d2e5f9a80404e15ddbb91810d3af0d,1016,0,1,1
1,1,1,1,22,0.020467976999498205,0.015023999999999999,0.0050049999999999999,81555456,NA,NA,NA,NA,NA,NA,NA,NA,180960,89118,2402,8,46606a158b66af8518456db0739cae64d8d2e5f9a80404e15ddbb91810d3af0d,575,0,1,3
1,1,0,1,4,0.013816356000461383,0.009689999999999999,0.003859,53985280,NA,NA,NA,NA,NA,NA,NA,NA,22160,6529,133,1,3ac5102c6f2bc513eb86f2343729d5f51295afd9e738a690903fa32334fb4c28,553,0,1,3
1,1,1,0,4,0.014272774998971727,0.011091,0.0030179999999999998,54104064,NA,NA,NA,NA,NA,NA,NA,NA,22160,6529,133,1,3ac5102c6f2bc513eb86f2343729d5f51295afd9e738a690903fa32334fb4c28,1040,0,1,0
1,1,0,0,12,0.014780436998989899,0.009325,0.0050980000000000001,55918592,NA,NA,NA,NA,NA,NA,NA,NA,40904,35142,517,1,5c836afd34e5659fc140fff27358a40506e741bf81aa02c58678151e3747eac9,995,0,1,2
1,1,1,1,12,0.014795115001106751,0.010683999999999999,0.0038729999999999997,56041472,NA,NA,NA,NA,NA,NA,NA,NA,40904,35142,517,1,5c836afd34e5659fc140fff27358a40506e741bf81aa02c58678151e3747eac9,1024,0,1,0
1,1,0,0,7,0.01375882199863554,0.0077479999999999997,0.0057989999999999995,53788672,NA,NA,NA,NA,NA,NA,NA,NA,17504,6529,133,1,5e7e7625c8b52e7a71d9370c6c8ab5025ac2b81f4970efe917952ec17c538f1c,995,0,1,0
1,1,1,1,7,0.012549386001410312,0.0094619999999999999,0.0028389999999999999,54026240,NA,NA,NA,NA,NA,NA,NA,NA,17504,6529,133,1,5e7e7625c8b52e7a71d9370c6c8ab5025ac2b81f4970efe917952ec17c538f1c,551,0,2,2
1,1,0,1,9,0.013217753999924753,0.0090309999999999991,0.0039959999999999996,53735424,NA,NA,NA,NA,NA,NA,NA,NA,20048,5066,257,64,d8d78f7bb977c6f730c6b5cdfaa88bed294d141a9777385856f783cc112e0874,996,0,1,2
1,1,1,0,9,0.013098678999085678,0.0093259999999999992,0.00348,53952512,NA,NA,NA,NA,NA,NA,NA,NA,20048,5066,257,64,d8d78f7bb977c6f730c6b5cdfaa88bed294d141a9777385856f783cc112e0874,1002,0,1,4
1,1,0,0,5,0.012289903999771923,0.010074,0.0020079999999999998,53977088,NA,NA,NA,NA,NA,NA,NA,NA,25888,6529,133,1,6cbbbbf695d9298d218c01af658d12c9a04646e608628360a5a03df9e71e6d9c,1001,0,1,4
1,1,1,1,5,0.013516193999748793,0.010286999999999999,0.0030559999999999997,54059008,NA,NA,NA,NA,NA,NA,NA,NA,25888,6529,133,1,6cbbbbf695d9298d218c01af658d12c9a04646e608628360a5a03df9e71e6d9c,1026,0,1,1
1,1,0,0,10,0.013235541000540252,0.0084019999999999997,0.0046150000000000002,54116352,NA,NA,NA,NA,NA,NA,NA,NA,14928,5066,257,64,9655be68483f45304d566dfb3dc63ba1458a5653029061a6b60617464768d366,550,0,1,3
1,1,1,1,10,0.013766535999820917,0.010659999999999999,0.0028999999999999998,53723136,NA,NA,NA,NA,NA,NA,NA,NA,14928,5066,257,64,9655be68483f45304d566dfb3dc63ba1458a5653029061a6b60617464768d366,993,0,1,1
1,1,0,1,21,0.01999881300071138,0.014714,0.0048939999999999999,81276928,NA,NA,NA,NA,NA,NA,NA,NA,277920,89118,2402,8,089ec4ce05f5e4d43e3e352375117ee462b31249b272f87015d01ad0429bd7f9,1020,0,1,5
1,1,1,0,21,0.019467395000901888,0.014320999999999999,0.0047809999999999997,81428480,NA,NA,NA,NA,NA,NA,NA,NA,277920,89118,2402,8,089ec4ce05f5e4d43e3e352375117ee462b31249b272f87015d01ad0429bd7f9,570,0,1,6
1,1,0,1,16,0.018887750999056152,0.013378999999999999,0.0050509999999999999,64573440,NA,NA,NA,NA,NA,NA,NA,NA,136888,29499,417,8,af3bdbbd0003d101664215b713d407f2160931601787a4fad2f046110caa3e72,558,0,1,10
1,1,1,0,16,0.017611031998967519,0.014443999999999999,0.0028879999999999999,64405504,NA,NA,NA,NA,NA,NA,NA,NA,136888,29499,417,8,af3bdbbd0003d101664215b713d407f2160931601787a4fad2f046110caa3e72,1005,0,1,5
1,2,0,0,15,0.012785935001375037,0.0073679999999999995,0.0052509999999999996,55980032,NA,NA,NA,NA,NA,NA,NA,NA,32824,35142,517,1,5a24ee2382083ee5d5eb9b364e57818da3678644deec6a705c5878fcd40e5876,996,0,1,0
1,2,1,1,15,0.013604219999251654,0.0085579999999999996,0.0047619999999999997,56078336,NA,NA,NA,NA,NA,NA,NA,NA,32824,35142,517,1,5a24ee2382083ee5d5eb9b364e57818da3678644deec6a705c5878fcd40e5876,998,0,1,4
1,2,0,1,9,0.015695379001044785,0.010940999999999999,0.0039579999999999997,53608448,NA,NA,NA,NA,NA,NA,NA,NA,20048,5066,257,64,d8d78f7bb977c6f730c6b5cdfaa88bed294d141a9777385856f783cc112e0874,1001,0,1,3
1,2,1,0,9,0.013907349000874092,0.010289999999999999,0.0027810000000000001,53858304,NA,NA,NA,NA,NA,NA,NA,NA,20048,5066,257,64,d8d78f7bb977c6f730c6b5cdfaa88bed294d141a9777385856f783cc112e0874,1003,0,1,3
1,2,0,0,13,0.012780903000020771,0.0087229999999999999,0.003859,56332288,NA,NA,NA,NA,NA,NA,NA,NA,41016,35142,517,1,662bf8c3f785828e59b2e955c5f9255272bd2640c5dd7e9c2804e24f24350bdf,551,0,1,6
1,2,1,1,13,0.012332037000305718,0.0091299999999999992,0.0030109999999999998,56082432,NA,NA,NA,NA,NA,NA,NA,NA,41016,35142,517,1,662bf8c3f785828e59b2e955c5f9255272bd2640c5dd7e9c2804e24f24350bdf,553,0,1,4
1,2,0,1,18,0.01572649499939871,0.010643,0.004836,64376832,NA,NA,NA,NA,NA,NA,NA,NA,94392,29499,417,8,ec97d55cded7bb1cbf8e12495905cb68073380af6a6370282abb8f233d21e857,1006,0,1,0
1,2,1,0,18,0.015980428001057589,0.013793,0.0010379999999999999,64737280,NA,NA,NA,NA,NA,NA,NA,NA,94392,29499,417,8,ec97d55cded7bb1cbf8e12495905cb68073380af6a6370282abb8f233d21e857,558,0,1,4
1,2,0,1,1,0.012213941001391504,0.0079179999999999997,0.0039420000000000002,51630080,NA,NA,NA,NA,NA,NA,NA,NA,2056,136,5,1,6b21b079ef6f8f7f055926600e53b906dd7be041e021dd2791b7aa8c55e24585,1001,0,2,1
1,2,1,0,1,0.012654973999815411,0.009304999999999999,0.0030999999999999999,52006912,NA,NA,NA,NA,NA,NA,NA,NA,2056,136,5,1,6b21b079ef6f8f7f055926600e53b906dd7be041e021dd2791b7aa8c55e24585,549,0,1,3
1,2,0,1,22,0.019679745000757976,0.017315000000000001,0.0020399999999999997,81354752,NA,NA,NA,NA,NA,NA,NA,NA,180960,89118,2402,8,46606a158b66af8518456db0739cae64d8d2e5f9a80404e15ddbb91810d3af0d,1020,0,1,2
1,2,1,0,22,0.020879141999103012,0.015621999999999999,0.0048839999999999995,81383424,NA,NA,NA,NA,NA,NA,NA,NA,180960,89118,2402,8,46606a158b66af8518456db0739cae64d8d2e5f9a80404e15ddbb91810d3af0d,1017,0,1,4
1,2,0,0,5,0.012557535999803804,0.0084569999999999992,0.0037469999999999999,53833728,NA,NA,NA,NA,NA,NA,NA,NA,25888,6529,133,1,6cbbbbf695d9298d218c01af658d12c9a04646e608628360a5a03df9e71e6d9c,993,0,1,3
1,2,1,1,5,0.012471523999920464,0.0075709999999999996,0.0047089999999999996,54231040,NA,NA,NA,NA,NA,NA,NA,NA,25888,6529,133,1,6cbbbbf695d9298d218c01af658d12c9a04646e608628360a5a03df9e71e6d9c,558,0,1,0
1,2,0,0,23,0.021601865999400616,0.013564,0.0077349999999999997,81604608,NA,NA,NA,NA,NA,NA,NA,NA,180960,89118,2402,8,46606a158b66af8518456db0739cae64d8d2e5f9a80404e15ddbb91810d3af0d,568,0,1,3
1,2,1,1,23,0.021569325999735156,0.01602,0.0050200000000000002,81293312,NA,NA,NA,NA,NA,NA,NA,NA,180960,89118,2402,8,46606a158b66af8518456db0739cae64d8d2e5f9a80404e15ddbb91810d3af0d,1016,0,1,4
1,2,0,0,14,0.01247606899960374,0.0085229999999999993,0.0037929999999999999,56107008,NA,NA,NA,NA,NA,NA,NA,NA,32824,35142,517,1,5a24ee2382083ee5d5eb9b364e57818da3678644deec6a705c5878fcd40e5876,1012,0,1,2
1,2,1,1,14,0.013352435998967849,0.010106,0.003039,55955456,NA,NA,NA,NA,NA,NA,NA,NA,32824,35142,517,1,5a24ee2382083ee5d5eb9b364e57818da3678644deec6a705c5878fcd40e5876,996,0,1,0
1,2,0,0,21,0.019473952999760513,0.015165999999999999,0.0040019999999999995,81440768,NA,NA,NA,NA,NA,NA,NA,NA,277920,89118,2402,8,089ec4ce05f5e4d43e3e352375117ee462b31249b272f87015d01ad0429bd7f9,570,0,1,3
1,2,1,1,21,0.019795307000094908,0.012563999999999999,0.0067759999999999999,81313792,NA,NA,NA,NA,NA,NA,NA,NA,277920,89118,2402,8,089ec4ce05f5e4d43e3e352375117ee462b31249b272f87015d01ad0429bd7f9,1016,0,1,4
1,2,0,1,4,0.013544098999773269,0.0084989999999999996,0.004692,54018048,NA,NA,NA,NA,NA,NA,NA,NA,22160,6529,133,1,3ac5102c6f2bc513eb86f2343729d5f51295afd9e738a690903fa32334fb4c28,554,0,1,3
1,2,1,0,4,0.013961783000922878,0.0098199999999999989,0.0039269999999999999,53932032,NA,NA,NA,NA,NA,NA,NA,NA,22160,6529,133,1,3ac5102c6f2bc513eb86f2343729d5f51295afd9e738a690903fa32334fb4c28,1000,0,1,4
1,2,0,0,17,0.015640335999705712,0.011214,0.0040609999999999995,64339968,NA,NA,NA,NA,NA,NA,NA,NA,127800,29499,417,8,cf7b13a857f01f4a14779c4cf8ec5e795ca6dd011a53f4345643bcaf3709f18a,1005,0,1,2
1,2,1,1,17,0.015913586001261137,0.011689999999999999,0.003875,64339968,NA,NA,NA,NA,NA,NA,NA,NA,127800,29499,417,8,cf7b13a857f01f4a14779c4cf8ec5e795ca6dd011a53f4345643bcaf3709f18a,1005,0,1,6
1,2,0,0,19,0.014758712999537238,0.010366,0.0041219999999999998,64401408,NA,NA,NA,NA,NA,NA,NA,NA,94392,29499,417,8,ec97d55cded7bb1cbf8e12495905cb68073380af6a6370282abb8f233d21e857,1003,0,1,3
1,2,1,1,19,0.014796065001064562,0.0096689999999999988,0.004836,64696320,NA,NA,NA,NA,NA,NA,NA,NA,94392,29499,417,8,ec97d55cded7bb1cbf8e12495905cb68073380af6a6370282abb8f233d21e857,566,0,1,4
1,2,0,1,6,0.013054232000285992,0.0095599999999999991,0.0031649999999999998,53927936,NA,NA,NA,NA,NA,NA,NA,NA,17504,6529,133,1,5e7e7625c8b52e7a71d9370c6c8ab5025ac2b81f4970efe917952ec17c538f1c,997,0,1,8
1,2,1,0,6,0.014752445000340231,0.010872999999999999,0.003261,54194176,NA,NA,NA,NA,NA,NA,NA,NA,17504,6529,133,1,5e7e7625c8b52e7a71d9370c6c8ab5025ac2b81f4970efe917952ec17c538f1c,550,0,1,2
1,2,0,0,11,0.014357216999997036,0.010064,0.0040179999999999999,53907456,NA,NA,NA,NA,NA,NA,NA,NA,14928,5066,257,64,9655be68483f45304d566dfb3dc63ba1458a5653029061a6b60617464768d366,998,0,1,4
1,2,1,1,11,0.013737611001488403,0.010338999999999999,0.0030839999999999999,53911552,NA,NA,NA,NA,NA,NA,NA,NA,14928,5066,257,64,9655be68483f45304d566dfb3dc63ba1458a5653029061a6b60617464768d366,996,0,1,3
1,2,0,0,7,0.01369847000023583,0.0096569999999999989,0.0038629999999999997,54001664,NA,NA,NA,NA,NA,NA,NA,NA,17504,6529,133,1,5e7e7625c8b52e7a71d9370c6c8ab5025ac2b81f4970efe917952ec17c538f1c,998,0,1,0
1,2,1,1,7,0.013316390999534633,0.0084659999999999996,0.0046990000000000001,53882880,NA,NA,NA,NA,NA,NA,NA,NA,17504,6529,133,1,5e7e7625c8b52e7a71d9370c6c8ab5025ac2b81f4970efe917952ec17c538f1c,1019,0,1,0
1,2,0,1,0,0.012123535998398438,0.0088900000000000003,0.00297,51777536,NA,NA,NA,NA,NA,NA,NA,NA,2008,136,5,1,a8c1633e798ef980493443e67e6fdb6eada42f775edf7051d304d09c3ddadf5a,995,0,1,2
1,2,1,0,0,0.012305073998504668,0.0089889999999999987,0.0029939999999999997,51838976,NA,NA,NA,NA,NA,NA,NA,NA,2008,136,5,1,a8c1633e798ef980493443e67e6fdb6eada42f775edf7051d304d09c3ddadf5a,998,0,1,7
1,2,0,1,2,0.012880872000096133,0.0087309999999999992,0.0038859999999999997,51687424,NA,NA,NA,NA,NA,NA,NA,NA,2008,136,5,1,8210b4f6eac12a20575e673437437e82cfff653da437ea17992a3aed56a99207,1001,0,1,3
1,2,1,0,2,0.01187554900025134,0.0068089999999999999,0.0048599999999999997,51978240,NA,NA,NA,NA,NA,NA,NA,NA,2008,136,5,1,8210b4f6eac12a20575e673437437e82cfff653da437ea17992a3aed56a99207,1001,0,1,2
1,2,0,1,20,0.026873333999901661,0.021683999999999998,0.004901,81133568,NA,NA,NA,NA,NA,NA,NA,NA,220064,89118,2402,8,9bed9a0bde0e198846d4983ba78bcd51e5e45d614941dd9bc544c1667832b5ea,1011,0,1,8
1,2,1,0,20,0.028341762999843922,0.025042999999999999,0.0020070000000000001,81096704,NA,NA,NA,NA,NA,NA,NA,NA,220064,89118,2402,8,9bed9a0bde0e198846d4983ba78bcd51e5e45d614941dd9bc544c1667832b5ea,1015,0,1,9
1,2,0,0,12,0.015238141999361687,0.012008,0.0029870000000000001,55926784,NA,NA,NA,NA,NA,NA,NA,NA,40904,35142,517,1,5c836afd34e5659fc140fff27358a40506e741bf81aa02c58678151e3747eac9,1000,0,1,4
1,2,1,1,12,0.014952387999073835,0.012704,0.0020999999999999999,56287232,NA,NA,NA,NA,NA,NA,NA,NA,40904,35142,517,1,5c836afd34e5659fc140fff27358a40506e741bf81aa02c58678151e3747eac9,557,0,1,0
1,2,0,1,10,0.012272220001250389,0.0080549999999999997,0.0040299999999999997,54161408,NA,NA,NA,NA,NA,NA,NA,NA,14928,5066,257,64,9655be68483f45304d566dfb3dc63ba1458a5653029061a6b60617464768d366,561,0,1,1
1,2,1,0,10,0.012423075000697281,0.0084919999999999995,0.0037719999999999997,53727232,NA,NA,NA,NA,NA,NA,NA,NA,14928,5066,257,64,9655be68483f45304d566dfb3dc63ba1458a5653029061a6b60617464768d366,997,0,1,0
1,2,0,0,16,0.017957779000425944,0.013729,0.0039109999999999995,64339968,NA,NA,NA,NA,NA,NA,NA,NA,136888,29499,417,8,af3bdbbd0003d101664215b713d407f2160931601787a4fad2f046110caa3e72,1001,0,1,6
1,2,1,1,16,0.017673848999038455,0.014605999999999999,0.0029089999999999997,64290816,NA,NA,NA,NA,NA,NA,NA,NA,136888,29499,417,8,af3bdbbd0003d101664215b713d407f2160931601787a4fad2f046110caa3e72,1004,0,1,0
1,2,0,1,3,0.011630349999904865,0.010454999999999999,0.001005,51904512,NA,NA,NA,NA,NA,NA,NA,NA,2008,136,5,1,8210b4f6eac12a20575e673437437e82cfff653da437ea17992a3aed56a99207,553,0,1,2
1,2,1,0,3,0.011867715000335011,0.0077609999999999997,0.0038779999999999999,51777536,NA,NA,NA,NA,NA,NA,NA,NA,2008,136,5,1,8210b4f6eac12a20575e673437437e82cfff653da437ea17992a3aed56a99207,1002,0,1,3
1,2,0,1,8,0.013898937999329064,0.010430999999999999,0.0031059999999999998,54161408,NA,NA,NA,NA,NA,NA,NA,NA,13904,5066,257,64,f70f03940df99c8ce0b0b02082129e05360030bd32e6edc5877c0f69a31bb0a4,554,0,1,1
1,2,1,0,8,0.012790398001016001,0.011589,0.0010349999999999999,54165504,NA,NA,NA,NA,NA,NA,NA,NA,13904,5066,257,64,f70f03940df99c8ce0b0b02082129e05360030bd32e6edc5877c0f69a31bb0a4,552,0,1,0
1,3,0,0,18,0.014925002000381937,0.011783999999999999,0.0029510000000000001,64204800,NA,NA,NA,NA,NA,NA,NA,NA,94392,29499,417,8,ec97d55cded7bb1cbf8e12495905cb68073380af6a6370282abb8f233d21e857,999,0,1,3
1,3,1,1,18,0.015370414999779314,0.012156,0.0029979999999999998,64790528,NA,NA,NA,NA,NA,NA,NA,NA,94392,29499,417,8,ec97d55cded7bb1cbf8e12495905cb68073380af6a6370282abb8f233d21e857,560,0,1,0
1,3,0,0,6,0.012232621000293875,0.0090130000000000002,0.0029939999999999997,54108160,NA,NA,NA,NA,NA,NA,NA,NA,17504,6529,133,1,5e7e7625c8b52e7a71d9370c6c8ab5025ac2b81f4970efe917952ec17c538f1c,551,0,2,0
1,3,1,1,6,0.012286216999200406,0.010015,0.0020039999999999997,54218752,NA,NA,NA,NA,NA,NA,NA,NA,17504,6529,133,1,5e7e7625c8b52e7a71d9370c6c8ab5025ac2b81f4970efe917952ec17c538f1c,554,0,1,0
1,3,0,1,5,0.013909888000853243,0.0095909999999999988,0.0037559999999999998,53796864,NA,NA,NA,NA,NA,NA,NA,NA,25888,6529,133,1,6cbbbbf695d9298d218c01af658d12c9a04646e608628360a5a03df9e71e6d9c,1002,0,1,8
1,3,1,0,5,0.014516297998852679,0.011668999999999999,0.0021310000000000001,54173696,NA,NA,NA,NA,NA,NA,NA,NA,25888,6529,133,1,6cbbbbf695d9298d218c01af658d12c9a04646e608628360a5a03df9e71e6d9c,556,0,1,5
1,3,0,0,2,0.013271015999634983,0.011118999999999999,0.0019989999999999999,51793920,NA,NA,NA,NA,NA,NA,NA,NA,2008,136,5,1,8210b4f6eac12a20575e673437437e82cfff653da437ea17992a3aed56a99207,997,0,1,0
1,3,1,1,2,0.012737543000184814,0.0077399999999999995,0.0048319999999999995,51695616,NA,NA,NA,NA,NA,NA,NA,NA,2008,136,5,1,8210b4f6eac12a20575e673437437e82cfff653da437ea17992a3aed56a99207,996,0,1,0
1,3,0,1,17,0.016566478001550422,0.012187,0.0040689999999999997,64696320,NA,NA,NA,NA,NA,NA,NA,NA,127800,29499,417,8,cf7b13a857f01f4a14779c4cf8ec5e795ca6dd011a53f4345643bcaf3709f18a,565,0,1,4
1,3,1,0,17,0.016524220998689998,0.012128,0.0040099999999999997,64430080,NA,NA,NA,NA,NA,NA,NA,NA,127800,29499,417,8,cf7b13a857f01f4a14779c4cf8ec5e795ca6dd011a53f4345643bcaf3709f18a,1007,0,1,3
1,3,0,1,12,0.014127612001175294,0.010898999999999999,0.0029519999999999998,56360960,NA,NA,NA,NA,NA,NA,NA,NA,40904,35142,517,1,5c836afd34e5659fc140fff27358a40506e741bf81aa02c58678151e3747eac9,555,0,1,5
1,3,1,0,12,0.014615699999922072,0.011533,0.0028779999999999999,56008704,NA,NA,NA,NA,NA,NA,NA,NA,40904,35142,517,1,5c836afd34e5659fc140fff27358a40506e741bf81aa02c58678151e3747eac9,994,0,1,0
1,3,0,0,3,0.012516527000116184,0.01031,0.0018749999999999999,51945472,NA,NA,NA,NA,NA,NA,NA,NA,2008,136,5,1,8210b4f6eac12a20575e673437437e82cfff653da437ea17992a3aed56a99207,995,0,1,1
1,3,1,1,3,0.013265094999951543,0.010990999999999999,0.0019529999999999999,51761152,NA,NA,NA,NA,NA,NA,NA,NA,2008,136,5,1,8210b4f6eac12a20575e673437437e82cfff653da437ea17992a3aed56a99207,996,0,1,0
1,3,0,1,14,0.013371442999414285,0.0084969999999999993,0.0047099999999999998,56045568,NA,NA,NA,NA,NA,NA,NA,NA,32824,35142,517,1,5a24ee2382083ee5d5eb9b364e57818da3678644deec6a705c5878fcd40e5876,1003,0,1,1
1,3,1,0,14,0.012598780000189436,0.0094699999999999993,0.0028519999999999999,56373248,NA,NA,NA,NA,NA,NA,NA,NA,32824,35142,517,1,5a24ee2382083ee5d5eb9b364e57818da3678644deec6a705c5878fcd40e5876,559,0,1,0
1,3,0,1,7,0.013493043999915244,0.010204,0.0030479999999999999,53923840,NA,NA,NA,NA,NA,NA,NA,NA,17504,6529,133,1,5e7e7625c8b52e7a71d9370c6c8ab5025ac2b81f4970efe917952ec17c538f1c,562,0,2,4
1,3,1,0,7,0.012821237000025576,0.0086870000000000003,0.003836,53878784,NA,NA,NA,NA,NA,NA,NA,NA,17504,6529,133,1,5e7e7625c8b52e7a71d9370c6c8ab5025ac2b81f4970efe917952ec17c538f1c,996,0,1,2
1,3,0,1,23,0.023893367999335169,0.019584999999999998,0.003898,81395712,NA,NA,NA,NA,NA,NA,NA,NA,180960,89118,2402,8,46606a158b66af8518456db0739cae64d8d2e5f9a80404e15ddbb91810d3af0d,1042,0,1,4
1,3,1,0,23,0.022548848000951693,0.019321999999999999,0.002036,81371136,NA,NA,NA,NA,NA,NA,NA,NA,180960,89118,2402,8,46606a158b66af8518456db0739cae64d8d2e5f9a80404e15ddbb91810d3af0d,1012,0,1,7
1,3,0,1,15,0.014219099999536411,0.010282999999999999,0.003434,55992320,NA,NA,NA,NA,NA,NA,NA,NA,32824,35142,517,1,5a24ee2382083ee5d5eb9b364e57818da3678644deec6a705c5878fcd40e5876,999,0,1,2
1,3,1,0,15,0.013148527001249022,0.0088789999999999997,0.003895,55959552,NA,NA,NA,NA,NA,NA,NA,NA,32824,35142,517,1,5a24ee2382083ee5d5eb9b364e57818da3678644deec6a705c5878fcd40e5876,999,0,1,1
1,3,0,1,21,0.020634200998756569,0.015129999999999999,0.0050999999999999995,81326080,NA,NA,NA,NA,NA,NA,NA,NA,277920,89118,2402,8,089ec4ce05f5e4d43e3e352375117ee462b31249b272f87015d01ad0429bd7f9,1013,0,1,0
1,3,1,0,21,0.02007100300033926,0.014712999999999999,0.0048719999999999996,81162240,NA,NA,NA,NA,NA,NA,NA,NA,277920,89118,2402,8,089ec4ce05f5e4d43e3e352375117ee462b31249b272f87015d01ad0429bd7f9,1014,0,1,0
1,3,0,0,20,0.027246821999142412,0.022872999999999998,0.0039810000000000002,81248256,NA,NA,NA,NA,NA,NA,NA,NA,220064,89118,2402,8,9bed9a0bde0e198846d4983ba78bcd51e5e45d614941dd9bc544c1667832b5ea,1013,0,1,9
1,3,1,1,20,0.026744554999822867,0.022390999999999998,0.003908,81301504,NA,NA,NA,NA,NA,NA,NA,NA,220064,89118,2402,8,9bed9a0bde0e198846d4983ba78bcd51e5e45d614941dd9bc544c1667832b5ea,1009,0,1,0
1,3,0,0,10,0.012541010000859387,0.0075189999999999996,0.0046939999999999994,53948416,NA,NA,NA,NA,NA,NA,NA,NA,14928,5066,257,64,9655be68483f45304d566dfb3dc63ba1458a5653029061a6b60617464768d366,999,0,1,1
1,3,1,1,10,0.013201341000240063,0.010010999999999999,0.0029859999999999999,53780480,NA,NA,NA,NA,NA,NA,NA,NA,14928,5066,257,64,9655be68483f45304d566dfb3dc63ba1458a5653029061a6b60617464768d366,994,0,1,0
1,3,0,1,19,0.016838110999742639,0.011353,0.0051619999999999999,64802816,NA,NA,NA,NA,NA,NA,NA,NA,94392,29499,417,8,ec97d55cded7bb1cbf8e12495905cb68073380af6a6370282abb8f233d21e857,563,0,1,4
1,3,1,0,19,0.015668254000047455,0.0094989999999999988,0.0057499999999999999,64757760,NA,NA,NA,NA,NA,NA,NA,NA,94392,29499,417,8,ec97d55cded7bb1cbf8e12495905cb68073380af6a6370282abb8f233d21e857,559,0,1,0
1,3,0,0,9,0.012576873999933014,0.0081729999999999997,0.0040699999999999998,54312960,NA,NA,NA,NA,NA,NA,NA,NA,20048,5066,257,64,d8d78f7bb977c6f730c6b5cdfaa88bed294d141a9777385856f783cc112e0874,550,0,1,1
1,3,1,1,9,0.013447469000311685,0.0091039999999999992,0.004032,53948416,NA,NA,NA,NA,NA,NA,NA,NA,20048,5066,257,64,d8d78f7bb977c6f730c6b5cdfaa88bed294d141a9777385856f783cc112e0874,998,0,1,2
1,3,0,1,13,0.014577324998754193,0.009554,0.0042319999999999997,55951360,NA,NA,NA,NA,NA,NA,NA,NA,41016,35142,517,1,662bf8c3f785828e59b2e955c5f9255272bd2640c5dd7e9c2804e24f24350bdf,1003,0,1,4
1,3,1,0,13,0.013955165000879788,0.0093969999999999991,0.0037669999999999999,55775232,NA,NA,NA,NA,NA,NA,NA,NA,41016,35142,517,1,662bf8c3f785828e59b2e955c5f9255272bd2640c5dd7e9c2804e24f24350bdf,996,0,1,5
1,3,0,1,11,0.01263560699953814,0.010291999999999999,0.0020639999999999999,54255616,NA,NA,NA,NA,NA,NA,NA,NA,14928,5066,257,64,9655be68483f45304d566dfb3dc63ba1458a5653029061a6b60617464768d366,561,0,1,3
1,3,1,0,11,0.012103090999517008,0.0089569999999999997,0.00299,53903360,NA,NA,NA,NA,NA,NA,NA,NA,14928,5066,257,64,9655be68483f45304d566dfb3dc63ba1458a5653029061a6b60617464768d366,996,0,1,2
1,3,0,0,0,0.012710134000371909,0.0085629999999999994,0.0038009999999999997,51712000,NA,NA,NA,NA,NA,NA,NA,NA,2008,136,5,1,a8c1633e798ef980493443e67e6fdb6eada42f775edf7051d304d09c3ddadf5a,997,0,1,4
1,3,1,1,0,0.01399767799921392,0.0092689999999999995,0.0036969999999999998,51949568,NA,NA,NA,NA,NA,NA,NA,NA,2008,136,5,1,a8c1633e798ef980493443e67e6fdb6eada42f775edf7051d304d09c3ddadf5a,553,0,1,6
1,3,0,0,4,0.013844474000507034,0.010636,0.0029039999999999999,54153216,NA,NA,NA,NA,NA,NA,NA,NA,22160,6529,133,1,3ac5102c6f2bc513eb86f2343729d5f51295afd9e738a690903fa32334fb4c28,557,0,1,4
1,3,1,1,4,0.014246436998291756,0.011039,0.0030069999999999997,53899264,NA,NA,NA,NA,NA,NA,NA,NA,22160,6529,133,1,3ac5102c6f2bc513eb86f2343729d5f51295afd9e738a690903fa32334fb4c28,999,0,1,2
1,3,0,0,22,0.019571229999201023,0.016126999999999999,0.003029,81600512,NA,NA,NA,NA,NA,NA,NA,NA,180960,89118,2402,8,46606a158b66af8518456db0739cae64d8d2e5f9a80404e15ddbb91810d3af0d,565,0,1,5
1,3,1,1,22,0.020437963001313619,0.013415,0.0066839999999999998,81031168,NA,NA,NA,NA,NA,NA,NA,NA,180960,89118,2402,8,46606a158b66af8518456db0739cae64d8d2e5f9a80404e15ddbb91810d3af0d,1015,0,1,4
1,3,0,0,8,0.013745280000875937,0.012190999999999999,0.0011119999999999999,53944320,NA,NA,NA,NA,NA,NA,NA,NA,13904,5066,257,64,f70f03940df99c8ce0b0b02082129e05360030bd32e6edc5877c0f69a31bb0a4,998,0,1,4
1,3,1,1,8,0.013113816999975825,0.010836,0.0019719999999999998,53932032,NA,NA,NA,NA,NA,NA,NA,NA,13904,5066,257,64,f70f03940df99c8ce0b0b02082129e05360030bd32e6edc5877c0f69a31bb0a4,1003,0,1,4
1,3,0,1,16,0.018416119999528746,0.014334999999999999,0.003823,64331776,NA,NA,NA,NA,NA,NA,NA,NA,136888,29499,417,8,af3bdbbd0003d101664215b713d407f2160931601787a4fad2f046110caa3e72,1001,0,1,7
1,3,1,0,16,0.019097676999081159,0.015928999999999999,0.002977,64507904,NA,NA,NA,NA,NA,NA,NA,NA,136888,29499,417,8,af3bdbbd0003d101664215b713d407f2160931601787a4fad2f046110caa3e72,1004,0,1,0
1,3,0,0,1,0.012923300999318599,0.007783,0.0048679999999999999,51855360,NA,NA,NA,NA,NA,NA,NA,NA,2056,136,5,1,6b21b079ef6f8f7f055926600e53b906dd7be041e021dd2791b7aa8c55e24585,993,0,1,4
1,3,1,1,1,0.0117327629995998,0.0085889999999999994,0.002875,52060160,NA,NA,NA,NA,NA,NA,NA,NA,2056,136,5,1,6b21b079ef6f8f7f055926600e53b906dd7be041e021dd2791b7aa8c55e24585,554,0,1,1
1,4,0,1,14,0.012990078999791876,0.0088100000000000001,0.003908,56000512,NA,NA,NA,NA,NA,NA,NA,NA,32824,35142,517,1,5a24ee2382083ee5d5eb9b364e57818da3678644deec6a705c5878fcd40e5876,1001,0,1,2
1,4,1,0,14,0.012748477000059211,0.0090910000000000001,0.003388,56057856,NA,NA,NA,NA,NA,NA,NA,NA,32824,35142,517,1,5a24ee2382083ee5d5eb9b364e57818da3678644deec6a705c5878fcd40e5876,1003,0,1,2
1,4,0,1,0,0.013110005998896668,0.008853999999999999,0.0038799999999999998,52002816,NA,NA,NA,NA,NA,NA,NA,NA,2008,136,5,1,a8c1633e798ef980493443e67e6fdb6eada42f775edf7051d304d09c3ddadf5a,557,0,1,1
1,4,1,0,0,0.013782249001451419,0.010109,0.003029,51597312,NA,NA,NA,NA,NA,NA,NA,NA,2008,136,5,1,a8c1633e798ef980493443e67e6fdb6eada42f775edf7051d304d09c3ddadf5a,996,0,1,4
1,4,0,0,22,0.021015824000642169,0.014244,0.0056749999999999995,81707008,NA,NA,NA,NA,NA,NA,NA,NA,180960,89118,2402,8,46606a158b66af8518456db0739cae64d8d2e5f9a80404e15ddbb91810d3af0d,569,0,1,8
1,4,1,1,22,0.022877507999510271,0.013323,0.0076089999999999994,81117184,NA,NA,NA,NA,NA,NA,NA,NA,180960,89118,2402,8,46606a158b66af8518456db0739cae64d8d2e5f9a80404e15ddbb91810d3af0d,1016,0,1,8
1,4,0,0,15,0.014733003999936045,0.0088109999999999994,0.004849,56295424,NA,NA,NA,NA,NA,NA,NA,NA,32824,35142,517,1,5a24ee2382083ee5d5eb9b364e57818da3678644deec6a705c5878fcd40e5876,558,0,1,5
1,4,1,1,15,0.013264352999613038,0.010945,0.0020139999999999997,56061952,NA,NA,NA,NA,NA,NA,NA,NA,32824,35142,517,1,5a24ee2382083ee5d5eb9b364e57818da3678644deec6a705c5878fcd40e5876,997,0,1,0
1,4,0,1,6,0.012768486998538719,0.010456999999999999,0.0019329999999999998,53829632,NA,NA,NA,NA,NA,NA,NA,NA,17504,6529,133,1,5e7e7625c8b52e7a71d9370c6c8ab5025ac2b81f4970efe917952ec17c538f1c,1000,0,1,1
1,4,1,0,6,0.014448618001551949,0.010038999999999999,0.0033599999999999997,53915648,NA,NA,NA,NA,NA,NA,NA,NA,17504,6529,133,1,5e7e7625c8b52e7a71d9370c6c8ab5025ac2b81f4970efe917952ec17c538f1c,995,0,1,5
1,4,0,0,4,0.015220020999549888,0.010834,0.003947,54140928,NA,NA,NA,NA,NA,NA,NA,NA,22160,6529,133,1,3ac5102c6f2bc513eb86f2343729d5f51295afd9e738a690903fa32334fb4c28,551,0,2,2
1,4,1,1,4,0.015560702999209752,0.010069999999999999,0.0040330000000000001,53854208,NA,NA,NA,NA,NA,NA,NA,NA,22160,6529,133,1,3ac5102c6f2bc513eb86f2343729d5f51295afd9e738a690903fa32334fb4c28,997,0,1,9
1,4,0,0,9,0.012877635999757331,0.0086059999999999991,0.0038559999999999996,53690368,NA,NA,NA,NA,NA,NA,NA,NA,20048,5066,257,64,d8d78f7bb977c6f730c6b5cdfaa88bed294d141a9777385856f783cc112e0874,1000,0,1,3
1,4,1,1,9,0.013896770999053842,0.007977999999999999,0.0049689999999999995,53960704,NA,NA,NA,NA,NA,NA,NA,NA,20048,5066,257,64,d8d78f7bb977c6f730c6b5cdfaa88bed294d141a9777385856f783cc112e0874,1023,0,1,4
1,4,0,0,8,0.014589563999834354,0.010069999999999999,0.003009,54194176,NA,NA,NA,NA,NA,NA,NA,NA,13904,5066,257,64,f70f03940df99c8ce0b0b02082129e05360030bd32e6edc5877c0f69a31bb0a4,559,0,1,7
1,4,1,1,8,0.01329481399989163,0.0084580000000000002,0.0042729999999999999,53940224,NA,NA,NA,NA,NA,NA,NA,NA,13904,5066,257,64,f70f03940df99c8ce0b0b02082129e05360030bd32e6edc5877c0f69a31bb0a4,1043,0,1,2
1,4,0,0,2,0.013720803000978776,0.0076939999999999995,0.0057489999999999998,51777536,NA,NA,NA,NA,NA,NA,NA,NA,2008,136,5,1,8210b4f6eac12a20575e673437437e82cfff653da437ea17992a3aed56a99207,996,0,1,4
1,4,1,1,2,0.014148176000162493,0.0094129999999999995,0.0037789999999999998,51662848,NA,NA,NA,NA,NA,NA,NA,NA,2008,136,5,1,8210b4f6eac12a20575e673437437e82cfff653da437ea17992a3aed56a99207,995,0,1,7
1,4,0,0,18,0.016047701999923447,0.011769,0.003901,64503808,NA,NA,NA,NA,NA,NA,NA,NA,94392,29499,417,8,ec97d55cded7bb1cbf8e12495905cb68073380af6a6370282abb8f233d21e857,1007,0,1,4
1,4,1,1,18,0.016780514000856783,0.011738,0.0039160000000000002,64548864,NA,NA,NA,NA,NA,NA,NA,NA,94392,29499,417,8,ec97d55cded7bb1cbf8e12495905cb68073380af6a6370282abb8f233d21e857,1004,0,1,8
1,4,0,0,23,0.023363979998975992,0.017499999999999998,0.0038679999999999999,81227776,NA,NA,NA,NA,NA,NA,NA,NA,180960,89118,2402,8,46606a158b66af8518456db0739cae64d8d2e5f9a80404e15ddbb91810d3af0d,1014,0,1,12
1,4,1,1,23,0.022444209998866427,0.013089999999999999,0.008095999999999999,81391616,NA,NA,NA,NA,NA,NA,NA,NA,180960,89118,2402,8,46606a158b66af8518456db0739cae64d8d2e5f9a80404e15ddbb91810d3af0d,572,0,1,9
1,4,0,0,17,0.015225539998937165,0.011932999999999999,0.00299,64737280,NA,NA,NA,NA,NA,NA,NA,NA,127800,29499,417,8,cf7b13a857f01f4a14779c4cf8ec5e795ca6dd011a53f4345643bcaf3709f18a,556,0,1,5
1,4,1,1,17,0.016146976999152685,0.012421999999999999,0.002846,64761856,NA,NA,NA,NA,NA,NA,NA,NA,127800,29499,417,8,cf7b13a857f01f4a14779c4cf8ec5e795ca6dd011a53f4345643bcaf3709f18a,555,0,1,5
1,4,0,0,5,0.013738965000811731,0.0096810000000000004,0.0031969999999999998,53866496,NA,NA,NA,NA,NA,NA,NA,NA,25888,6529,133,1,6cbbbbf695d9298d218c01af658d12c9a04646e608628360a5a03df9e71e6d9c,1007,0,1,4
1,4,1,1,5,0.012764633998813224,0.010492,0.0020939999999999999,54030336,NA,NA,NA,NA,NA,NA,NA,NA,25888,6529,133,1,6cbbbbf695d9298d218c01af658d12c9a04646e608628360a5a03df9e71e6d9c,554,0,1,0
1,4,0,1,7,0.012638954000067315,0.0093299999999999998,0.0030899999999999999,53870592,NA,NA,NA,NA,NA,NA,NA,NA,17504,6529,133,1,5e7e7625c8b52e7a71d9370c6c8ab5025ac2b81f4970efe917952ec17c538f1c,1005,0,1,0
1,4,1,0,7,0.013637748999826727,0.010274,0.0027910000000000001,53948416,NA,NA,NA,NA,NA,NA,NA,NA,17504,6529,133,1,5e7e7625c8b52e7a71d9370c6c8ab5025ac2b81f4970efe917952ec17c538f1c,998,0,1,7
1,4,0,0,20,0.027210125999772572,0.023983999999999998,0.0029489999999999998,81432576,NA,NA,NA,NA,NA,NA,NA,NA,220064,89118,2402,8,9bed9a0bde0e198846d4983ba78bcd51e5e45d614941dd9bc544c1667832b5ea,569,0,1,6
1,4,1,1,20,0.02754486500089115,0.025115999999999999,0.00198,81244160,NA,NA,NA,NA,NA,NA,NA,NA,220064,89118,2402,8,9bed9a0bde0e198846d4983ba78bcd51e5e45d614941dd9bc544c1667832b5ea,1023,0,1,3
1,4,0,1,1,0.011964670999077498,0.009325,0.0023309999999999997,51683328,NA,NA,NA,NA,NA,NA,NA,NA,2056,136,5,1,6b21b079ef6f8f7f055926600e53b906dd7be041e021dd2791b7aa8c55e24585,1002,0,1,3
1,4,1,0,1,0.013320714999281336,0.0090219999999999988,0.0040159999999999996,51716096,NA,NA,NA,NA,NA,NA,NA,NA,2056,136,5,1,6b21b079ef6f8f7f055926600e53b906dd7be041e021dd2791b7aa8c55e24585,993,0,1,4
1,4,0,1,11,0.013968909999675816,0.0093119999999999991,0.0037309999999999999,54034432,NA,NA,NA,NA,NA,NA,NA,NA,14928,5066,257,64,9655be68483f45304d566dfb3dc63ba1458a5653029061a6b60617464768d366,555,0,1,6
1,4,1,0,11,0.012926506000439986,0.0098149999999999991,0.002911,53936128,NA,NA,NA,NA,NA,NA,NA,NA,14928,5066,257,64,9655be68483f45304d566dfb3dc63ba1458a5653029061a6b60617464768d366,1002,0,1,2
1,4,0,0,16,0.018433285998980864,0.015195999999999999,0.0030349999999999999,64634880,NA,NA,NA,NA,NA,NA,NA,NA,136888,29499,417,8,af3bdbbd0003d101664215b713d407f2160931601787a4fad2f046110caa3e72,558,0,1,1
1,4,1,1,16,0.019222341001295717,0.015998999999999999,0.0030099999999999997,64499712,NA,NA,NA,NA,NA,NA,NA,NA,136888,29499,417,8,af3bdbbd0003d101664215b713d407f2160931601787a4fad2f046110caa3e72,1004,0,1,1
1,4,0,0,12,0.015027954999823123,0.012858,0.0019870000000000001,56221696,NA,NA,NA,NA,NA,NA,NA,NA,40904,35142,517,1,5c836afd34e5659fc140fff27358a40506e741bf81aa02c58678151e3747eac9,1041,0,1,1
1,4,1,1,12,0.015272321001248201,0.010048999999999999,0.0050139999999999994,55967744,NA,NA,NA,NA,NA,NA,NA,NA,40904,35142,517,1,5c836afd34e5659fc140fff27358a40506e741bf81aa02c58678151e3747eac9,999,0,1,1
1,4,0,0,19,0.016218191000007209,0.010955999999999999,0.0049519999999999998,64335872,NA,NA,NA,NA,NA,NA,NA,NA,94392,29499,417,8,ec97d55cded7bb1cbf8e12495905cb68073380af6a6370282abb8f233d21e857,1007,0,1,7
1,4,1,1,19,0.016109013000459527,0.0089990000000000001,0.0060159999999999996,64684032,NA,NA,NA,NA,NA,NA,NA,NA,94392,29499,417,8,ec97d55cded7bb1cbf8e12495905cb68073380af6a6370282abb8f233d21e857,560,0,1,9
1,4,0,0,21,0.020314701998358942,0.015099,0.0040400000000000002,81354752,NA,NA,NA,NA,NA,NA,NA,NA,277920,89118,2402,8,089ec4ce05f5e4d43e3e352375117ee462b31249b272f87015d01ad0429bd7f9,1011,0,1,8
1,4,1,1,21,0.020299324000006891,0.017042999999999999,0.0029819999999999998,81600512,NA,NA,NA,NA,NA,NA,NA,NA,277920,89118,2402,8,089ec4ce05f5e4d43e3e352375117ee462b31249b272f87015d01ad0429bd7f9,570,0,1,0
1,4,0,0,10,0.01324227700024494,0.010045,0.003019,53915648,NA,NA,NA,NA,NA,NA,NA,NA,14928,5066,257,64,9655be68483f45304d566dfb3dc63ba1458a5653029061a6b60617464768d366,1025,0,1,1
1,4,1,1,10,0.012442567000107374,0.0081250000000000003,0.0040499999999999998,54005760,NA,NA,NA,NA,NA,NA,NA,NA,14928,5066,257,64,9655be68483f45304d566dfb3dc63ba1458a5653029061a6b60617464768d366,551,0,1,1
1,4,0,0,3,0.014116638998530107,0.0078809999999999991,0.0058799999999999998,51687424,NA,NA,NA,NA,NA,NA,NA,NA,2008,136,5,1,8210b4f6eac12a20575e673437437e82cfff653da437ea17992a3aed56a99207,999,0,1,2
1,4,1,1,3,0.013141886000084924,0.0079059999999999998,0.0048919999999999996,51912704,NA,NA,NA,NA,NA,NA,NA,NA,2008,136,5,1,8210b4f6eac12a20575e673437437e82cfff653da437ea17992a3aed56a99207,995,0,1,3
1,4,0,0,13,0.012994659000469255,0.0098139999999999998,0.0029489999999999998,55975936,NA,NA,NA,NA,NA,NA,NA,NA,41016,35142,517,1,662bf8c3f785828e59b2e955c5f9255272bd2640c5dd7e9c2804e24f24350bdf,997,0,1,0
1,4,1,1,13,0.01286682399950223,0.0072909999999999997,0.0051739999999999998,56401920,NA,NA,NA,NA,NA,NA,NA,NA,41016,35142,517,1,662bf8c3f785828e59b2e955c5f9255272bd2640c5dd7e9c2804e24f24350bdf,552,0,1,2
1,5,0,1,2,0.011226759999772185,0.008966,0.0019679999999999997,52064256,NA,NA,NA,NA,NA,NA,NA,NA,2008,136,5,1,8210b4f6eac12a20575e673437437e82cfff653da437ea17992a3aed56a99207,556,0,1,2
1,5,1,0,2,0.013051481999355019,0.007977999999999999,0.0048999999999999998,52039680,NA,NA,NA,NA,NA,NA,NA,NA,2008,136,5,1,8210b4f6eac12a20575e673437437e82cfff653da437ea17992a3aed56a99207,553,0,1,0
1,5,0,1,3,0.012512349001553957,0.010189,0.002016,51900416,NA,NA,NA,NA,NA,NA,NA,NA,2008,136,5,1,8210b4f6eac12a20575e673437437e82cfff653da437ea17992a3aed56a99207,1040,0,1,1
1,5,1,0,3,0.011829700000816956,0.0068519999999999996,0.0048519999999999995,51904512,NA,NA,NA,NA,NA,NA,NA,NA,2008,136,5,1,8210b4f6eac12a20575e673437437e82cfff653da437ea17992a3aed56a99207,1002,0,1,0
1,5,0,1,9,0.012524763998953858,0.0084180000000000001,0.003741,53805056,NA,NA,NA,NA,NA,NA,NA,NA,20048,5066,257,64,d8d78f7bb977c6f730c6b5cdfaa88bed294d141a9777385856f783cc112e0874,1005,0,1,1
1,5,1,0,9,0.013747110999247525,0.0096790000000000001,0.0038869999999999998,53805056,NA,NA,NA,NA,NA,NA,NA,NA,20048,5066,257,64,d8d78f7bb977c6f730c6b5cdfaa88bed294d141a9777385856f783cc112e0874,999,0,1,0
1,5,0,0,11,0.01392501099871879,0.010661,0.0028989999999999997,53878784,NA,NA,NA,NA,NA,NA,NA,NA,14928,5066,257,64,9655be68483f45304d566dfb3dc63ba1458a5653029061a6b60617464768d366,999,0,1,0
1,5,1,1,11,0.012679483999818331,0.0076519999999999999,0.0047619999999999997,54026240,NA,NA,NA,NA,NA,NA,NA,NA,14928,5066,257,64,9655be68483f45304d566dfb3dc63ba1458a5653029061a6b60617464768d366,1007,0,1,0
1,5,0,0,14,0.014304119000371429,0.0079969999999999989,0.0049779999999999998,56045568,NA,NA,NA,NA,NA,NA,NA,NA,32824,35142,517,1,5a24ee2382083ee5d5eb9b364e57818da3678644deec6a705c5878fcd40e5876,1003,0,1,8
1,5,1,1,14,0.012893859000541852,0.0087289999999999989,0.0039259999999999998,55943168,NA,NA,NA,NA,NA,NA,NA,NA,32824,35142,517,1,5a24ee2382083ee5d5eb9b364e57818da3678644deec6a705c5878fcd40e5876,998,0,1,0
1,5,0,1,18,0.016594033000728814,0.012036,0.0039979999999999998,64458752,NA,NA,NA,NA,NA,NA,NA,NA,94392,29499,417,8,ec97d55cded7bb1cbf8e12495905cb68073380af6a6370282abb8f233d21e857,999,0,1,6
1,5,1,0,18,0.015922218999548932,0.0097339999999999996,0.0058329999999999996,64516096,NA,NA,NA,NA,NA,NA,NA,NA,94392,29499,417,8,ec97d55cded7bb1cbf8e12495905cb68073380af6a6370282abb8f233d21e857,1008,0,1,3
1,5,0,1,5,0.012640209000892355,0.0092339999999999992,0.0030179999999999998,54091776,NA,NA,NA,NA,NA,NA,NA,NA,25888,6529,133,1,6cbbbbf695d9298d218c01af658d12c9a04646e608628360a5a03df9e71e6d9c,558,0,1,0
1,5,1,0,5,0.013616404999993392,0.010192,0.003016,53821440,NA,NA,NA,NA,NA,NA,NA,NA,25888,6529,133,1,6cbbbbf695d9298d218c01af658d12c9a04646e608628360a5a03df9e71e6d9c,994,0,1,4
1,5,0,1,21,0.020038366001244867,0.017732999999999999,0.0019759999999999999,81125376,NA,NA,NA,NA,NA,NA,NA,NA,277920,89118,2402,8,089ec4ce05f5e4d43e3e352375117ee462b31249b272f87015d01ad0429bd7f9,1011,0,1,4
1,5,1,0,21,0.021532615000978694,0.014822999999999999,0.0049239999999999996,81444864,NA,NA,NA,NA,NA,NA,NA,NA,277920,89118,2402,8,089ec4ce05f5e4d43e3e352375117ee462b31249b272f87015d01ad0429bd7f9,571,0,1,15
1,5,0,1,12,0.015070691000801162,0.012055999999999999,0.0019889999999999999,55648256,NA,NA,NA,NA,NA,NA,NA,NA,40904,35142,517,1,5c836afd34e5659fc140fff27358a40506e741bf81aa02c58678151e3747eac9,1000,0,1,9
1,5,1,0,12,0.013708581998798763,0.010588999999999999,0.002892,56352768,NA,NA,NA,NA,NA,NA,NA,NA,40904,35142,517,1,5c836afd34e5659fc140fff27358a40506e741bf81aa02c58678151e3747eac9,556,0,1,4
1,5,0,0,7,0.012444911999409669,0.0092040000000000004,0.0030639999999999999,53805056,NA,NA,NA,NA,NA,NA,NA,NA,17504,6529,133,1,5e7e7625c8b52e7a71d9370c6c8ab5025ac2b81f4970efe917952ec17c538f1c,996,0,1,2
1,5,1,1,7,0.014613002998885349,0.0087779999999999993,0.0043809999999999995,54243328,NA,NA,NA,NA,NA,NA,NA,NA,17504,6529,133,1,5e7e7625c8b52e7a71d9370c6c8ab5025ac2b81f4970efe917952ec17c538f1c,560,0,1,11
1,5,0,1,8,0.014920826000889065,0.0091979999999999996,0.0045989999999999998,53866496,NA,NA,NA,NA,NA,NA,NA,NA,13904,5066,257,64,f70f03940df99c8ce0b0b02082129e05360030bd32e6edc5877c0f69a31bb0a4,1002,0,1,2
1,5,1,0,8,0.013708083999517839,0.010275999999999999,0.003078,53952512,NA,NA,NA,NA,NA,NA,NA,NA,13904,5066,257,64,f70f03940df99c8ce0b0b02082129e05360030bd32e6edc5877c0f69a31bb0a4,994,0,1,2
1,5,0,0,1,0.011801448999904096,0.0076369999999999997,0.003833,52113408,NA,NA,NA,NA,NA,NA,NA,NA,2056,136,5,1,6b21b079ef6f8f7f055926600e53b906dd7be041e021dd2791b7aa8c55e24585,550,0,1,3
1,5,1,1,1,0.012344026001301245,0.0059879999999999994,0.0059719999999999999,52011008,NA,NA,NA,NA,NA,NA,NA,NA,2056,136,5,1,6b21b079ef6f8f7f055926600e53b906dd7be041e021dd2791b7aa8c55e24585,547,0,1,4
1,5,0,1,23,0.022106742999312701,0.014754999999999999,0.0067999999999999996,81403904,NA,NA,NA,NA,NA,NA,NA,NA,180960,89118,2402,8,46606a158b66af8518456db0739cae64d8d2e5f9a80404e15ddbb91810d3af0d,1016,0,1,0
1,5,1,0,23,0.021893402001296636,0.016518999999999999,0.0049199999999999999,81461248,NA,NA,NA,NA,NA,NA,NA,NA,180960,89118,2402,8,46606a158b66af8518456db0739cae64d8d2e5f9a80404e15ddbb91810d3af0d,568,0,1,1
1,5,0,0,6,0.013518228999600979,0.01107,0.002026,54243328,NA,NA,NA,NA,NA,NA,NA,NA,17504,6529,133,1,5e7e7625c8b52e7a71d9370c6c8ab5025ac2b81f4970efe917952ec17c538f1c,551,0,1,2
1,5,1,1,6,0.013028215998929227,0.008768999999999999,0.003898,53952512,NA,NA,NA,NA,NA,NA,NA,NA,17504,6529,133,1,5e7e7625c8b52e7a71d9370c6c8ab5025ac2b81f4970efe917952ec17c538f1c,997,0,1,3
1,5,0,1,13,0.012833621000027051,0.0077909999999999993,0.0048789999999999997,55959552,NA,NA,NA,NA,NA,NA,NA,NA,41016,35142,517,1,662bf8c3f785828e59b2e955c5f9255272bd2640c5dd7e9c2804e24f24350bdf,1002,0,1,3
1,5,1,0,13,0.013070868999420782,0.0068989999999999998,0.005855,56242176,NA,NA,NA,NA,NA,NA,NA,NA,41016,35142,517,1,662bf8c3f785828e59b2e955c5f9255272bd2640c5dd7e9c2804e24f24350bdf,1043,0,1,2
1,5,0,1,19,0.016093549998913659,0.010232999999999999,0.0051019999999999998,64692224,NA,NA,NA,NA,NA,NA,NA,NA,94392,29499,417,8,ec97d55cded7bb1cbf8e12495905cb68073380af6a6370282abb8f233d21e857,558,0,1,4
1,5,1,0,19,0.016790394000054221,0.013299,0.0030339999999999998,64499712,NA,NA,NA,NA,NA,NA,NA,NA,94392,29499,417,8,ec97d55cded7bb1cbf8e12495905cb68073380af6a6370282abb8f233d21e857,1007,0,1,6
1,5,0,1,20,0.02657271799944283,0.021079999999999998,0.0048549999999999999,81346560,NA,NA,NA,NA,NA,NA,NA,NA,220064,89118,2402,8,9bed9a0bde0e198846d4983ba78bcd51e5e45d614941dd9bc544c1667832b5ea,569,0,2,0
1,5,1,0,20,0.027226383001107024,0.022644999999999998,0.0039509999999999997,81104896,NA,NA,NA,NA,NA,NA,NA,NA,220064,89118,2402,8,9bed9a0bde0e198846d4983ba78bcd51e5e45d614941dd9bc544c1667832b5ea,1013,0,1,8
1,5,0,1,10,0.012678602000960382,0.010243,0.002065,53796864,NA,NA,NA,NA,NA,NA,NA,NA,14928,5066,257,64,9655be68483f45304d566dfb3dc63ba1458a5653029061a6b60617464768d366,997,0,1,5
1,5,1,0,10,0.012863552999988315,0.0072619999999999994,0.0051510000000000002,54243328,NA,NA,NA,NA,NA,NA,NA,NA,14928,5066,257,64,9655be68483f45304d566dfb3dc63ba1458a5653029061a6b60617464768d366,553,0,1,6
1,5,0,1,16,0.018681886000194936,0.014232,0.0040639999999999999,64294912,NA,NA,NA,NA,NA,NA,NA,NA,136888,29499,417,8,af3bdbbd0003d101664215b713d407f2160931601787a4fad2f046110caa3e72,1005,0,1,3
1,5,1,0,16,0.017859330999272061,0.012333,0.0051289999999999999,64266240,NA,NA,NA,NA,NA,NA,NA,NA,136888,29499,417,8,af3bdbbd0003d101664215b713d407f2160931601787a4fad2f046110caa3e72,1003,0,1,4
1,5,0,1,15,0.013307429999258602,0.0080179999999999991,0.0049749999999999994,56152064,NA,NA,NA,NA,NA,NA,NA,NA,32824,35142,517,1,5a24ee2382083ee5d5eb9b364e57818da3678644deec6a705c5878fcd40e5876,1003,0,1,0
1,5,1,0,15,0.012377367000226513,0.0090139999999999994,0.0030439999999999998,56221696,NA,NA,NA,NA,NA,NA,NA,NA,32824,35142,517,1,5a24ee2382083ee5d5eb9b364e57818da3678644deec6a705c5878fcd40e5876,557,0,1,0
1,5,0,0,0,0.013139013999534654,0.010536999999999999,0.0021159999999999998,51720192,NA,NA,NA,NA,NA,NA,NA,NA,2008,136,5,1,a8c1633e798ef980493443e67e6fdb6eada42f775edf7051d304d09c3ddadf5a,996,0,1,7
1,5,1,1,0,0.012935710999954608,0.009724,0.0029169999999999999,51970048,NA,NA,NA,NA,NA,NA,NA,NA,2008,136,5,1,a8c1633e798ef980493443e67e6fdb6eada42f775edf7051d304d09c3ddadf5a,560,0,1,3
1,5,0,1,4,0.01448758500009717,0.01213,0.0019719999999999998,53792768,NA,NA,NA,NA,NA,NA,NA,NA,22160,6529,133,1,3ac5102c6f2bc513eb86f2343729d5f51295afd9e738a690903fa32334fb4c28,996,0,1,0
1,5,1,0,4,0.014204747998519451,0.010841999999999999,0.003003,54075392,NA,NA,NA,NA,NA,NA,NA,NA,22160,6529,133,1,3ac5102c6f2bc513eb86f2343729d5f51295afd9e738a690903fa32334fb4c28,1043,0,1,2
1,5,0,1,17,0.016046269000071334,0.012792,0.002941,64827392,NA,NA,NA,NA,NA,NA,NA,NA,127800,29499,417,8,cf7b13a857f01f4a14779c4cf8ec5e795ca6dd011a53f4345643bcaf3709f18a,556,0,1,3
1,5,1,0,17,0.015561152000373113,0.012393,0.002856,64376832,NA,NA,NA,NA,NA,NA,NA,NA,127800,29499,417,8,cf7b13a857f01f4a14779c4cf8ec5e795ca6dd011a53f4345643bcaf3709f18a,1001,0,1,2
1,5,0,1,22,0.019555568000214407,0.017153999999999999,0.0019989999999999999,81186816,NA,NA,NA,NA,NA,NA,NA,NA,180960,89118,2402,8,46606a158b66af8518456db0739cae64d8d2e5f9a80404e15ddbb91810d3af0d,1014,0,1,4
1,5,1,0,22,0.020534387998850434,0.01346,0.0067120000000000001,81231872,NA,NA,NA,NA,NA,NA,NA,NA,180960,89118,2402,8,46606a158b66af8518456db0739cae64d8d2e5f9a80404e15ddbb91810d3af0d,1016,0,1,3
1,6,0,0,18,0.015191530001175124,0.013878999999999999,0.00096899999999999992,64614400,NA,NA,NA,NA,NA,NA,NA,NA,94392,29499,417,8,ec97d55cded7bb1cbf8e12495905cb68073380af6a6370282abb8f233d21e857,555,0,1,3
1,6,1,1,18,0.015447232999576954,0.012048999999999999,0.0030000000000000001,64507904,NA,NA,NA,NA,NA,NA,NA,NA,94392,29499,417,8,ec97d55cded7bb1cbf8e12495905cb68073380af6a6370282abb8f233d21e857,557,0,1,3
1,6,0,1,0,0.01322986699960893,0.0099319999999999999,0.002993,51695616,NA,NA,NA,NA,NA,NA,NA,NA,2008,136,5,1,a8c1633e798ef980493443e67e6fdb6eada42f775edf7051d304d09c3ddadf5a,997,0,1,3
1,6,1,0,0,0.012194417000500835,0.0090349999999999996,0.00298,51814400,NA,NA,NA,NA,NA,NA,NA,NA,2008,136,5,1,a8c1633e798ef980493443e67e6fdb6eada42f775edf7051d304d09c3ddadf5a,997,0,1,0
1,6,0,1,20,0.026222724998660851,0.022839999999999999,0.00296,81268736,NA,NA,NA,NA,NA,NA,NA,NA,220064,89118,2402,8,9bed9a0bde0e198846d4983ba78bcd51e5e45d614941dd9bc544c1667832b5ea,1011,0,1,4
1,6,1,0,20,0.027647323999190121,0.023347999999999997,0.0040590000000000001,81256448,NA,NA,NA,NA,NA,NA,NA,NA,220064,89118,2402,8,9bed9a0bde0e198846d4983ba78bcd51e5e45d614941dd9bc544c1667832b5ea,1012,0,1,1
1,6,0,0,22,0.020217077999404864,0.015987999999999999,0.0039880000000000002,81260544,NA,NA,NA,NA,NA,NA,NA,NA,180960,89118,2402,8,46606a158b66af8518456db0739cae64d8d2e5f9a80404e15ddbb91810d3af0d,1018,0,1,0
1,6,1,1,22,0.020455593999940902,0.014999999999999999,0.00496,81412096,NA,NA,NA,NA,NA,NA,NA,NA,180960,89118,2402,8,46606a158b66af8518456db0739cae64d8d2e5f9a80404e15ddbb91810d3af0d,1059,0,1,11
1,6,0,1,8,0.012812206001399318,0.0077679999999999997,0.004829,53882880,NA,NA,NA,NA,NA,NA,NA,NA,13904,5066,257,64,f70f03940df99c8ce0b0b02082129e05360030bd32e6edc5877c0f69a31bb0a4,997,0,1,5
1,6,1,0,8,0.012961889999132836,0.0094139999999999988,0.0031309999999999997,54181888,NA,NA,NA,NA,NA,NA,NA,NA,13904,5066,257,64,f70f03940df99c8ce0b0b02082129e05360030bd32e6edc5877c0f69a31bb0a4,547,0,1,3
1,6,0,0,10,0.013911541998822941,0.010485999999999999,0.003143,53882880,NA,NA,NA,NA,NA,NA,NA,NA,14928,5066,257,64,9655be68483f45304d566dfb3dc63ba1458a5653029061a6b60617464768d366,1002,0,2,0
1,6,1,1,10,0.013252611999632791,0.010964,0.0019619999999999998,53764096,NA,NA,NA,NA,NA,NA,NA,NA,14928,5066,257,64,9655be68483f45304d566dfb3dc63ba1458a5653029061a6b60617464768d366,999,0,1,1
1,6,0,0,17,0.016133082999658654,0.011979999999999999,0.0039629999999999995,64299008,NA,NA,NA,NA,NA,NA,NA,NA,127800,29499,417,8,cf7b13a857f01f4a14779c4cf8ec5e795ca6dd011a53f4345643bcaf3709f18a,1006,0,1,0
1,6,1,1,17,0.015517358999204589,0.011346999999999999,0.003803,64569344,NA,NA,NA,NA,NA,NA,NA,NA,127800,29499,417,8,cf7b13a857f01f4a14779c4cf8ec5e795ca6dd011a53f4345643bcaf3709f18a,564,0,1,5
1,6,0,1,1,0.01219382300041616,0.008265999999999999,0.0030829999999999998,51785728,NA,NA,NA,NA,NA,NA,NA,NA,2056,136,5,1,6b21b079ef6f8f7f055926600e53b906dd7be041e021dd2791b7aa8c55e24585,549,0,1,1
1,6,1,0,1,0.012759380000716192,0.0064059999999999994,0.005457,52039680,NA,NA,NA,NA,NA,NA,NA,NA,2056,136,5,1,6b21b079ef6f8f7f055926600e53b906dd7be041e021dd2791b7aa8c55e24585,554,0,1,4
1,6,0,1,16,0.017889378999825567,0.014610999999999999,0.0029259999999999998,64475136,NA,NA,NA,NA,NA,NA,NA,NA,136888,29499,417,8,af3bdbbd0003d101664215b713d407f2160931601787a4fad2f046110caa3e72,1003,0,1,4
1,6,1,0,16,0.017706026999803726,0.015382999999999999,0.002013,64405504,NA,NA,NA,NA,NA,NA,NA,NA,136888,29499,417,8,af3bdbbd0003d101664215b713d407f2160931601787a4fad2f046110caa3e72,1004,0,1,4
1,6,0,0,2,0.011227211998630082,0.0079170000000000004,0.0029640000000000001,52031488,NA,NA,NA,NA,NA,NA,NA,NA,2008,136,5,1,8210b4f6eac12a20575e673437437e82cfff653da437ea17992a3aed56a99207,558,0,1,3
1,6,1,1,2,0.012754323999615735,0.010352999999999999,0.002068,51720192,NA,NA,NA,NA,NA,NA,NA,NA,2008,136,5,1,8210b4f6eac12a20575e673437437e82cfff653da437ea17992a3aed56a99207,995,0,1,2
1,6,0,1,4,0.01493748000029882,0.0097059999999999994,0.0049099999999999994,53891072,NA,NA,NA,NA,NA,NA,NA,NA,22160,6529,133,1,3ac5102c6f2bc513eb86f2343729d5f51295afd9e738a690903fa32334fb4c28,1005,0,1,4
1,6,1,0,4,0.014047712000319734,0.010834,0.00296,54202368,NA,NA,NA,NA,NA,NA,NA,NA,22160,6529,133,1,3ac5102c6f2bc513eb86f2343729d5f51295afd9e738a690903fa32334fb4c28,553,0,1,2
1,6,0,1,21,0.021000083999751951,0.013724999999999999,0.0068719999999999996,81620992,NA,NA,NA,NA,NA,NA,NA,NA,277920,89118,2402,8,089ec4ce05f5e4d43e3e352375117ee462b31249b272f87015d01ad0429bd7f9,569,0,1,3
1,6,1,0,21,0.020491368999500992,0.016123999999999999,0.0040219999999999995,81375232,NA,NA,NA,NA,NA,NA,NA,NA,277920,89118,2402,8,089ec4ce05f5e4d43e3e352375117ee462b31249b272f87015d01ad0429bd7f9,1015,0,1,5
1,6,0,1,3,0.011973712000326486,0.0077929999999999996,0.0038969999999999999,51707904,NA,NA,NA,NA,NA,NA,NA,NA,2008,136,5,1,8210b4f6eac12a20575e673437437e82cfff653da437ea17992a3aed56a99207,1002,0,1,3
1,6,1,0,3,0.013182922999476432,0.010827999999999999,0.0019909999999999997,51986432,NA,NA,NA,NA,NA,NA,NA,NA,2008,136,5,1,8210b4f6eac12a20575e673437437e82cfff653da437ea17992a3aed56a99207,554,0,1,0
1,6,0,0,7,0.014456836999670486,0.010482999999999999,0.0037919999999999998,53944320,NA,NA,NA,NA,NA,NA,NA,NA,17504,6529,133,1,5e7e7625c8b52e7a71d9370c6c8ab5025ac2b81f4970efe917952ec17c538f1c,997,0,1,0
1,6,1,1,7,0.012835763998737093,0.0087329999999999994,0.0038759999999999997,54038528,NA,NA,NA,NA,NA,NA,NA,NA,17504,6529,133,1,5e7e7625c8b52e7a71d9370c6c8ab5025ac2b81f4970efe917952ec17c538f1c,1023,0,1,0
1,6,0,0,13,0.012872481998783769,0.0087869999999999997,0.0038919999999999996,56299520,NA,NA,NA,NA,NA,NA,NA,NA,41016,35142,517,1,662bf8c3f785828e59b2e955c5f9255272bd2640c5dd7e9c2804e24f24350bdf,561,0,1,0
1,6,1,1,13,0.012289880000025732,0.0080540000000000004,0.0040349999999999995,56381440,NA,NA,NA,NA,NA,NA,NA,NA,41016,35142,517,1,662bf8c3f785828e59b2e955c5f9255272bd2640c5dd7e9c2804e24f24350bdf,561,0,1,0
1,6,0,0,6,0.013594101999842678,0.010194,0.0030620000000000001,54181888,NA,NA,NA,NA,NA,NA,NA,NA,17504,6529,133,1,5e7e7625c8b52e7a71d9370c6c8ab5025ac2b81f4970efe917952ec17c538f1c,556,0,1,1
1,6,1,1,6,0.013402635999227641,0.0081209999999999997,0.0050850000000000001,53936128,NA,NA,NA,NA,NA,NA,NA,NA,17504,6529,133,1,5e7e7625c8b52e7a71d9370c6c8ab5025ac2b81f4970efe917952ec17c538f1c,1000,0,1,0
1,6,0,1,14,0.012678328001129557,0.010334999999999999,0.0020669999999999998,56000512,NA,NA,NA,NA,NA,NA,NA,NA,32824,35142,517,1,5a24ee2382083ee5d5eb9b364e57818da3678644deec6a705c5878fcd40e5876,998,0,1,2
1,6,1,0,14,0.012559415001305752,0.0092809999999999993,0.0030929999999999998,56156160,NA,NA,NA,NA,NA,NA,NA,NA,32824,35142,517,1,5a24ee2382083ee5d5eb9b364e57818da3678644deec6a705c5878fcd40e5876,551,0,1,0
1,6,0,0,15,0.012619409000762971,0.0092769999999999988,0.0030769999999999999,56053760,NA,NA,NA,NA,NA,NA,NA,NA,32824,35142,517,1,5a24ee2382083ee5d5eb9b364e57818da3678644deec6a705c5878fcd40e5876,1004,0,1,2
1,6,1,1,15,0.014013244001034764,0.0088430000000000002,0.0049090000000000002,55934976,NA,NA,NA,NA,NA,NA,NA,NA,32824,35142,517,1,5a24ee2382083ee5d5eb9b364e57818da3678644deec6a705c5878fcd40e5876,1018,0,1,1
1,6,0,1,5,0.013526339000236476,0.010485,0.002823,54165504,NA,NA,NA,NA,NA,NA,NA,NA,25888,6529,133,1,6cbbbbf695d9298d218c01af658d12c9a04646e608628360a5a03df9e71e6d9c,550,0,1,0
1,6,1,0,5,0.012309727000683779,0.010111999999999999,0.0020089999999999999,54104064,NA,NA,NA,NA,NA,NA,NA,NA,25888,6529,133,1,6cbbbbf695d9298d218c01af658d12c9a04646e608628360a5a03df9e71e6d9c,556,0,1,0
1,6,0,1,9,0.012803928000721498,0.0093729999999999994,0.0031159999999999998,53866496,NA,NA,NA,NA,NA,NA,NA,NA,20048,5066,257,64,d8d78f7bb977c6f730c6b5cdfaa88bed294d141a9777385856f783cc112e0874,998,0,1,1
1,6,1,0,9,0.014288758000475354,0.007574,0.0056579999999999998,53858304,NA,NA,NA,NA,NA,NA,NA,NA,20048,5066,257,64,d8d78f7bb977c6f730c6b5cdfaa88bed294d141a9777385856f783cc112e0874,998,0,1,7
1,6,0,1,23,0.023432280999259092,0.018225999999999999,0.0040260000000000001,81043456,NA,NA,NA,NA,NA,NA,NA,NA,180960,89118,2402,8,46606a158b66af8518456db0739cae64d8d2e5f9a80404e15ddbb91810d3af0d,1014,0,1,8
1,6,1,0,23,0.021885461001147632,0.017162999999999998,0.0040429999999999997,81416192,NA,NA,NA,NA,NA,NA,NA,NA,180960,89118,2402,8,46606a158b66af8518456db0739cae64d8d2e5f9a80404e15ddbb91810d3af0d,568,0,1,8
1,6,0,1,19,0.016908511001020088,0.0098230000000000001,0.0068759999999999993,64786432,NA,NA,NA,NA,NA,NA,NA,NA,94392,29499,417,8,ec97d55cded7bb1cbf8e12495905cb68073380af6a6370282abb8f233d21e857,559,0,1,1
1,6,1,0,19,0.01559835700027179,0.013257999999999999,0.0020460000000000001,64245760,NA,NA,NA,NA,NA,NA,NA,NA,94392,29499,417,8,ec97d55cded7bb1cbf8e12495905cb68073380af6a6370282abb8f233d21e857,1001,0,1,2
1,6,0,0,12,0.014427187999899616,0.011115,0.003029,55951360,NA,NA,NA,NA,NA,NA,NA,NA,40904,35142,517,1,5c836afd34e5659fc140fff27358a40506e741bf81aa02c58678151e3747eac9,998,0,1,0
1,6,1,1,12,0.014357584999743267,0.010012999999999999,0.0040219999999999995,55734272,NA,NA,NA,NA,NA,NA,NA,NA,40904,35142,517,1,5c836afd34e5659fc140fff27358a40506e741bf81aa02c58678151e3747eac9,995,0,1,0
1,6,0,1,11,0.013423214000795269,0.010125,0.0030219999999999999,53686272,NA,NA,NA,NA,NA,NA,NA,NA,14928,5066,257,64,9655be68483f45304d566dfb3dc63ba1458a5653029061a6b60617464768d366,996,0,1,2
1,6,1,0,11,0.013128029000654351,0.01018,0.002232,54185984,NA,NA,NA,NA,NA,NA,NA,NA,14928,5066,257,64,9655be68483f45304d566dfb3dc63ba1458a5653029061a6b60617464768d366,559,0,1,1
1,7,0,0,4,0.013475710999045987,0.010232,0.0030659999999999997,54046720,NA,NA,NA,NA,NA,NA,NA,NA,22160,6529,133,1,3ac5102c6f2bc513eb86f2343729d5f51295afd9e738a690903fa32334fb4c28,555,0,1,1
1,7,1,1,4,0.014561280999259907,0.0091240000000000002,0.005058,53813248,NA,NA,NA,NA,NA,NA,NA,NA,22160,6529,133,1,3ac5102c6f2bc513eb86f2343729d5f51295afd9e738a690903fa32334fb4c28,999,0,3,2
1,7,0,0,14,0.012644086998989224,0.0072029999999999993,0.00513,56094720,NA,NA,NA,NA,NA,NA,NA,NA,32824,35142,517,1,5a24ee2382083ee5d5eb9b364e57818da3678644deec6a705c5878fcd40e5876,1027,0,1,2
1,7,1,1,14,0.013758531000348739,0.0083239999999999998,0.0051989999999999996,56266752,NA,NA,NA,NA,NA,NA,NA,NA,32824,35142,517,1,5a24ee2382083ee5d5eb9b364e57818da3678644deec6a705c5878fcd40e5876,548,0,1,0
1,7,0,1,7,0.013369156000408111,0.009127999999999999,0.0040239999999999998,54034432,NA,NA,NA,NA,NA,NA,NA,NA,17504,6529,133,1,5e7e7625c8b52e7a71d9370c6c8ab5025ac2b81f4970efe917952ec17c538f1c,1004,0,1,0
1,7,1,0,7,0.012513468998804456,0.0076099999999999996,0.0047450000000000001,54009856,NA,NA,NA,NA,NA,NA,NA,NA,17504,6529,133,1,5e7e7625c8b52e7a71d9370c6c8ab5025ac2b81f4970efe917952ec17c538f1c,998,0,2,1
1,7,0,0,20,0.027357132999895839,0.021134,0.0060000000000000001,81113088,NA,NA,NA,NA,NA,NA,NA,NA,220064,89118,2402,8,9bed9a0bde0e198846d4983ba78bcd51e5e45d614941dd9bc544c1667832b5ea,1015,0,1,1
1,7,1,1,20,0.026066160000482341,0.016753999999999998,0.008846999999999999,81190912,NA,NA,NA,NA,NA,NA,NA,NA,220064,89118,2402,8,9bed9a0bde0e198846d4983ba78bcd51e5e45d614941dd9bc544c1667832b5ea,1016,0,1,9
1,7,0,0,21,0.019332684998516925,0.013068,0.0060079999999999995,81448960,NA,NA,NA,NA,NA,NA,NA,NA,277920,89118,2402,8,089ec4ce05f5e4d43e3e352375117ee462b31249b272f87015d01ad0429bd7f9,1017,0,1,0
1,7,1,1,21,0.020787530000234256,0.014634999999999999,0.0058119999999999995,81395712,NA,NA,NA,NA,NA,NA,NA,NA,277920,89118,2402,8,089ec4ce05f5e4d43e3e352375117ee462b31249b272f87015d01ad0429bd7f9,1042,0,1,2
1,7,0,1,15,0.012990492999961134,0.0078859999999999989,0.0048999999999999998,55939072,NA,NA,NA,NA,NA,NA,NA,NA,32824,35142,517,1,5a24ee2382083ee5d5eb9b364e57818da3678644deec6a705c5878fcd40e5876,1004,0,1,1
1,7,1,0,15,0.013493705000655609,0.0098759999999999994,0.0032909999999999997,56111104,NA,NA,NA,NA,NA,NA,NA,NA,32824,35142,517,1,5a24ee2382083ee5d5eb9b364e57818da3678644deec6a705c5878fcd40e5876,999,0,1,1
1,7,0,1,17,0.018547526000475045,0.012690999999999999,0.0048679999999999999,64299008,NA,NA,NA,NA,NA,NA,NA,NA,127800,29499,417,8,cf7b13a857f01f4a14779c4cf8ec5e795ca6dd011a53f4345643bcaf3709f18a,1007,0,1,1
1,7,1,0,17,0.017002186999889091,0.013089999999999999,0.0030049999999999999,64299008,NA,NA,NA,NA,NA,NA,NA,NA,127800,29499,417,8,cf7b13a857f01f4a14779c4cf8ec5e795ca6dd011a53f4345643bcaf3709f18a,1007,0,1,6
1,7,0,0,1,0.011791110000558547,0.008376999999999999,0.0031229999999999999,51777536,NA,NA,NA,NA,NA,NA,NA,NA,2056,136,5,1,6b21b079ef6f8f7f055926600e53b906dd7be041e021dd2791b7aa8c55e24585,1000,0,1,2
1,7,1,1,1,0.013676619000762003,0.0078619999999999992,0.0049289999999999994,52011008,NA,NA,NA,NA,NA,NA,NA,NA,2056,136,5,1,6b21b079ef6f8f7f055926600e53b906dd7be041e021dd2791b7aa8c55e24585,550,0,1,3
1,7,0,1,13,0.014235373999326839,0.007979,0.0059670000000000001,55934976,NA,NA,NA,NA,NA,NA,NA,NA,41016,35142,517,1,662bf8c3f785828e59b2e955c5f9255272bd2640c5dd7e9c2804e24f24350bdf,996,0,1,0
1,7,1,0,13,0.013223294999988866,0.01099,0.0020009999999999997,55943168,NA,NA,NA,NA,NA,NA,NA,NA,41016,35142,517,1,662bf8c3f785828e59b2e955c5f9255272bd2640c5dd7e9c2804e24f24350bdf,995,0,1,0
1,7,0,1,18,0.015007218999016914,0.011882,0.00297,64311296,NA,NA,NA,NA,NA,NA,NA,NA,94392,29499,417,8,ec97d55cded7bb1cbf8e12495905cb68073380af6a6370282abb8f233d21e857,1003,0,1,0
1,7,1,0,18,0.016098959998998907,0.0090419999999999997,0.0060199999999999993,64352256,NA,NA,NA,NA,NA,NA,NA,NA,94392,29499,417,8,ec97d55cded7bb1cbf8e12495905cb68073380af6a6370282abb8f233d21e857,1002,0,1,8
1,7,0,0,5,0.013776399999187561,0.0089479999999999994,0.0039719999999999998,53956608,NA,NA,NA,NA,NA,NA,NA,NA,25888,6529,133,1,6cbbbbf695d9298d218c01af658d12c9a04646e608628360a5a03df9e71e6d9c,996,0,1,3
1,7,1,1,5,0.012827721000576275,0.0073409999999999994,0.0045519999999999996,54226944,NA,NA,NA,NA,NA,NA,NA,NA,25888,6529,133,1,6cbbbbf695d9298d218c01af658d12c9a04646e608628360a5a03df9e71e6d9c,554,0,1,4
1,7,0,1,22,0.020820555000682361,0.014456999999999999,0.0051479999999999998,81588224,NA,NA,NA,NA,NA,NA,NA,NA,180960,89118,2402,8,46606a158b66af8518456db0739cae64d8d2e5f9a80404e15ddbb91810d3af0d,574,0,1,8
1,7,1,0,22,0.021235772999716573,0.017912000000000001,0.001993,81207296,NA,NA,NA,NA,NA,NA,NA,NA,180960,89118,2402,8,46606a158b66af8518456db0739cae64d8d2e5f9a80404e15ddbb91810d3af0d,1012,0,1,9
1,7,0,1,6,0.014450935999775538,0.0085519999999999988,0.0047629999999999999,53977088,NA,NA,NA,NA,NA,NA,NA,NA,17504,6529,133,1,5e7e7625c8b52e7a71d9370c6c8ab5025ac2b81f4970efe917952ec17c538f1c,1000,0,1,7
1,7,1,0,6,0.012558262000311515,0.010258,0.002049,53854208,NA,NA,NA,NA,NA,NA,NA,NA,17504,6529,133,1,5e7e7625c8b52e7a71d9370c6c8ab5025ac2b81f4970efe917952ec17c538f1c,1003,0,1,0
1,7,0,0,0,0.013186336000217125,0.0079889999999999996,0.004927,51884032,NA,NA,NA,NA,NA,NA,NA,NA,2008,136,5,1,a8c1633e798ef980493443e67e6fdb6eada42f775edf7051d304d09c3ddadf5a,998,0,1,2
1,7,1,1,0,0.011946110998906079,0.009748999999999999,0.001941,51539968,NA,NA,NA,NA,NA,NA,NA,NA,2008,136,5,1,a8c1633e798ef980493443e67e6fdb6eada42f775edf7051d304d09c3ddadf5a,994,0,1,3
1,7,0,0,8,0.014135292998616933,0.0090019999999999996,0.0049529999999999999,53944320,NA,NA,NA,NA,NA,NA,NA,NA,13904,5066,257,64,f70f03940df99c8ce0b0b02082129e05360030bd32e6edc5877c0f69a31bb0a4,1001,0,1,0
1,7,1,1,8,0.014839551000477513,0.010669,0.003862,54169600,NA,NA,NA,NA,NA,NA,NA,NA,13904,5066,257,64,f70f03940df99c8ce0b0b02082129e05360030bd32e6edc5877c0f69a31bb0a4,547,0,1,7
1,7,0,0,23,0.024354461000257288,0.017108999999999999,0.0053189999999999999,81047552,NA,NA,NA,NA,NA,NA,NA,NA,180960,89118,2402,8,46606a158b66af8518456db0739cae64d8d2e5f9a80404e15ddbb91810d3af0d,1007,0,1,10
1,7,1,1,23,0.023382844001389458,0.014204,0.0081370000000000001,81018880,NA,NA,NA,NA,NA,NA,NA,NA,180960,89118,2402,8,46606a158b66af8518456db0739cae64d8d2e5f9a80404e15ddbb91810d3af0d,1011,0,1,9
1,7,0,1,12,0.014868211999782943,0.0098040000000000002,0.0048969999999999994,56012800,NA,NA,NA,NA,NA,NA,NA,NA,40904,35142,517,1,5c836afd34e5659fc140fff27358a40506e741bf81aa02c58678151e3747eac9,999,0,1,0
1,7,1,0,12,0.015338544999394799,0.011011,0.003999,55906304,NA,NA,NA,NA,NA,NA,NA,NA,40904,35142,517,1,5c836afd34e5659fc140fff27358a40506e741bf81aa02c58678151e3747eac9,1000,0,1,7
1,7,0,0,9,0.021785177999845473,0.013793,0.0059179999999999996,53915648,NA,NA,NA,NA,NA,NA,NA,NA,20048,5066,257,64,d8d78f7bb977c6f730c6b5cdfaa88bed294d141a9777385856f783cc112e0874,999,0,1,13
1,7,1,1,9,0.018387595000604051,0.014135999999999999,0.003764,53972992,NA,NA,NA,NA,NA,NA,NA,NA,20048,5066,257,64,d8d78f7bb977c6f730c6b5cdfaa88bed294d141a9777385856f783cc112e0874,1013,0,1,3
1,7,0,1,10,0.01367353999921761,0.009637999999999999,0.003852,53882880,NA,NA,NA,NA,NA,NA,NA,NA,14928,5066,257,64,9655be68483f45304d566dfb3dc63ba1458a5653029061a6b60617464768d366,1005,0,1,0
1,7,1,0,10,0.013202969001213205,0.0089820000000000004,0.0039769999999999996,53952512,NA,NA,NA,NA,NA,NA,NA,NA,14928,5066,257,64,9655be68483f45304d566dfb3dc63ba1458a5653029061a6b60617464768d366,557,0,1,0
1,7,0,0,16,0.018875869000112289,0.015560999999999998,0.003078,64479232,NA,NA,NA,NA,NA,NA,NA,NA,136888,29499,417,8,af3bdbbd0003d101664215b713d407f2160931601787a4fad2f046110caa3e72,1003,0,1,1
1,7,1,1,16,0.018847421000828035,0.015495999999999999,0.0030949999999999997,64610304,NA,NA,NA,NA,NA,NA,NA,NA,136888,29499,417,8,af3bdbbd0003d101664215b713d407f2160931601787a4fad2f046110caa3e72,562,0,1,1
1,7,0,1,2,0.013178709999920102,0.0098129999999999988,0.002944,51793920,NA,NA,NA,NA,NA,NA,NA,NA,2008,136,5,1,8210b4f6eac12a20575e673437437e82cfff653da437ea17992a3aed56a99207,996,0,1,2
1,7,1,0,2,0.013226975999714341,0.0090959999999999999,0.0033899999999999998,51900416,NA,NA,NA,NA,NA,NA,NA,NA,2008,136,5,1,8210b4f6eac12a20575e673437437e82cfff653da437ea17992a3aed56a99207,551,0,1,2
1,7,0,0,11,0.013924959999712883,0.0077709999999999993,0.0057479999999999996,53862400,NA,NA,NA,NA,NA,NA,NA,NA,14928,5066,257,64,9655be68483f45304d566dfb3dc63ba1458a5653029061a6b60617464768d366,998,0,1,9
1,7,1,1,11,0.015114923000510316,0.010902999999999999,0.0029689999999999999,54087680,NA,NA,NA,NA,NA,NA,NA,NA,14928,5066,257,64,9655be68483f45304d566dfb3dc63ba1458a5653029061a6b60617464768d366,557,0,1,8
1,7,0,0,19,0.01707342699955916,0.010900999999999999,0.0049879999999999994,64229376,NA,NA,NA,NA,NA,NA,NA,NA,94392,29499,417,8,ec97d55cded7bb1cbf8e12495905cb68073380af6a6370282abb8f233d21e857,1000,0,1,8
1,7,1,1,19,0.016921378999541048,0.011498,0.004176,64544768,NA,NA,NA,NA,NA,NA,NA,NA,94392,29499,417,8,ec97d55cded7bb1cbf8e12495905cb68073380af6a6370282abb8f233d21e857,560,0,1,8
1,7,0,0,3,0.013657887000590563,0.0094629999999999992,0.0037519999999999997,51761152,NA,NA,NA,NA,NA,NA,NA,NA,2008,136,5,1,8210b4f6eac12a20575e673437437e82cfff653da437ea17992a3aed56a99207,1004,0,1,3
1,7,1,1,3,0.015274699000656256,0.0092020000000000001,0.0044609999999999997,51585024,NA,NA,NA,NA,NA,NA,NA,NA,2008,136,5,1,8210b4f6eac12a20575e673437437e82cfff653da437ea17992a3aed56a99207,993,0,1,7
