round,pair,order,variant,job,wall_seconds,user_seconds,system_seconds,peak_rss_bytes,cycles,instructions,branches,branch_misses,cache_references,cache_misses,arena_calls,arena_bytes,output_bytes,source_bytes,source_lines,source_functions,output_sha256,minor_faults,major_faults,voluntary_context_switches,involuntary_context_switches
0,0,0,0,4,0.19836653900000001,0.14915299999999998,0.029826999999999999,428527616,NA,NA,NA,NA,NA,NA,NA,NA,5833440,1882629,26625,512,0f41e20848de6408cce7b1c5f57f0212c9401233ca75c7b6652c8ea62bfcd43f,1240,0,177,13
0,0,1,1,4,0.197759031,0.16189000000000001,0.016188999999999999,428507136,NA,NA,NA,NA,NA,NA,NA,NA,5833440,1882629,26625,512,0f41e20848de6408cce7b1c5f57f0212c9401233ca75c7b6652c8ea62bfcd43f,794,0,123,17
0,0,0,1,0,0.019231324000000001,0.0056949999999999995,0.0028499999999999997,55242752,NA,NA,NA,NA,NA,NA,NA,NA,2408,135,5,1,3d4d37e7dcef36139698862d60d536450dfb480779ac0676046a82e065e8af0f,1028,0,13,4
0,0,1,0,0,0.019210535000000001,0.0041209999999999997,0.0041120000000000002,55369728,NA,NA,NA,NA,NA,NA,NA,NA,2408,135,5,1,3d4d37e7dcef36139698862d60d536450dfb480779ac0676046a82e065e8af0f,585,0,12,4
0,0,0,1,3,0.059791842000000005,0.035186999999999996,0.012796,179306496,NA,NA,NA,NA,NA,NA,NA,NA,1968568,2240463,32773,1,c491f4791a93a71124b9219b05e718490cf6bd1c68b1ec8fc6a6550e31f844b1,1125,0,36,9
0,0,1,0,3,0.061505733000000007,0.039194,0.0097879999999999998,179662848,NA,NA,NA,NA,NA,NA,NA,NA,1968568,2240463,32773,1,c491f4791a93a71124b9219b05e718490cf6bd1c68b1ec8fc6a6550e31f844b1,684,0,47,10
0,0,0,0,5,0.43509764200000001,0.38078899999999999,0.033401,1025957888,NA,NA,NA,NA,NA,NA,NA,NA,11457352,5690734,153602,512,388033e7552b3b3255277a47381a62d5067155e67b74e663ad0ac019ed72fc50,1132,0,143,23
0,0,1,1,5,0.44609201000000004,0.37406600000000001,0.043048999999999997,1025802240,NA,NA,NA,NA,NA,NA,NA,NA,11457352,5690734,153602,512,388033e7552b3b3255277a47381a62d5067155e67b74e663ad0ac019ed72fc50,1624,0,252,17
0,0,0,1,1,0.061973930000000003,0.040696999999999997,0.0033899999999999998,156315648,NA,NA,NA,NA,NA,NA,NA,NA,994016,407679,8197,1,76f10b65f44b546f736cef2848789238eb7a5f77ce08b564ccca55b5bdc08f36,1082,0,16,7
0,0,1,0,1,0.055492407000000001,0.037149000000000001,0.0067380000000000001,156528640,NA,NA,NA,NA,NA,NA,NA,NA,994016,407679,8197,1,76f10b65f44b546f736cef2848789238eb7a5f77ce08b564ccca55b5bdc08f36,640,0,22,9
0,0,0,0,2,0.04075397,0.029597999999999999,0,131162112,NA,NA,NA,NA,NA,NA,NA,NA,837856,318511,16385,4096,b4f737276339a7626b246c204b626e79f9d9ec0f1f160233a5aa1c27728af83f,1068,0,24,6
0,0,1,1,2,0.040868685000000002,0.025811999999999998,0.0036839999999999998,131108864,NA,NA,NA,NA,NA,NA,NA,NA,837856,318511,16385,4096,b4f737276339a7626b246c204b626e79f9d9ec0f1f160233a5aa1c27728af83f,1070,0,21,7
0,1,0,0,3,0.060141817000000007,0.038103999999999999,0.010390999999999999,179105792,NA,NA,NA,NA,NA,NA,NA,NA,1968568,2240463,32773,1,c491f4791a93a71124b9219b05e718490cf6bd1c68b1ec8fc6a6550e31f844b1,1120,0,40,9
0,1,1,1,3,0.060980489000000006,0.039857999999999998,0.0091970000000000003,179290112,NA,NA,NA,NA,NA,NA,NA,NA,1968568,2240463,32773,1,c491f4791a93a71124b9219b05e718490cf6bd1c68b1ec8fc6a6550e31f844b1,1123,0,35,9
0,1,0,1,4,0.19821598700000001,0.155725,0.023189999999999999,428298240,NA,NA,NA,NA,NA,NA,NA,NA,5833440,1882629,26625,512,0f41e20848de6408cce7b1c5f57f0212c9401233ca75c7b6652c8ea62bfcd43f,1236,0,85,16
0,1,1,0,4,0.20917410900000002,0.15571299999999999,0.023691,428601344,NA,NA,NA,NA,NA,NA,NA,NA,5833440,1882629,26625,512,0f41e20848de6408cce7b1c5f57f0212c9401233ca75c7b6652c8ea62bfcd43f,794,0,157,25
0,1,0,1,2,0.041122751000000006,0.023292,0.0066619999999999995,131158016,NA,NA,NA,NA,NA,NA,NA,NA,837856,318511,16385,4096,b4f737276339a7626b246c204b626e79f9d9ec0f1f160233a5aa1c27728af83f,1069,0,20,6
0,1,1,0,2,0.041200146999999999,0.026914,0.0029789999999999999,131264512,NA,NA,NA,NA,NA,NA,NA,NA,837856,318511,16385,4096,b4f737276339a7626b246c204b626e79f9d9ec0f1f160233a5aa1c27728af83f,1070,0,24,6
0,1,0,0,1,0.056477252000000006,0.034312999999999996,0.010295,156524544,NA,NA,NA,NA,NA,NA,NA,NA,994016,407679,8197,1,76f10b65f44b546f736cef2848789238eb7a5f77ce08b564ccca55b5bdc08f36,1123,0,25,9
0,1,1,1,1,0.056268109000000004,0.041007999999999996,0.003418,156626944,NA,NA,NA,NA,NA,NA,NA,NA,994016,407679,8197,1,76f10b65f44b546f736cef2848789238eb7a5f77ce08b564ccca55b5bdc08f36,640,0,49,8
0,1,0,0,0,0.018600934,0.0080739999999999996,0,55451648,NA,NA,NA,NA,NA,NA,NA,NA,2408,135,5,1,3d4d37e7dcef36139698862d60d536450dfb480779ac0676046a82e065e8af0f,1029,0,15,2
0,1,1,1,0,0.018720607,0.005339,0.0026809999999999998,55414784,NA,NA,NA,NA,NA,NA,NA,NA,2408,135,5,1,3d4d37e7dcef36139698862d60d536450dfb480779ac0676046a82e065e8af0f,1045,0,13,5
0,1,0,1,5,0.44047572800000001,0.37409300000000001,0.046757,1025822720,NA,NA,NA,NA,NA,NA,NA,NA,11457352,5690734,153602,512,388033e7552b3b3255277a47381a62d5067155e67b74e663ad0ac019ed72fc50,1588,0,318,25
0,1,1,0,5,0.43321226800000001,0.358709,0.053656999999999996,1026043904,NA,NA,NA,NA,NA,NA,NA,NA,11457352,5690734,153602,512,388033e7552b3b3255277a47381a62d5067155e67b74e663ad0ac019ed72fc50,1140,0,207,16
0,2,0,0,5,0.44660222800000005,0.39003899999999997,0.023337,1025732608,NA,NA,NA,NA,NA,NA,NA,NA,11457352,5690734,153602,512,388033e7552b3b3255277a47381a62d5067155e67b74e663ad0ac019ed72fc50,1596,0,223,16
0,2,1,1,5,0.45268486400000002,0.36494599999999999,0.056904999999999997,1025609728,NA,NA,NA,NA,NA,NA,NA,NA,11457352,5690734,153602,512,388033e7552b3b3255277a47381a62d5067155e67b74e663ad0ac019ed72fc50,1582,0,59,28
0,2,0,0,1,0.055519136000000004,0.040826000000000001,0.0034009999999999999,156536832,NA,NA,NA,NA,NA,NA,NA,NA,994016,407679,8197,1,76f10b65f44b546f736cef2848789238eb7a5f77ce08b564ccca55b5bdc08f36,639,0,31,7
0,2,1,1,1,0.055705866000000007,0.037315999999999995,0.006783,156561408,NA,NA,NA,NA,NA,NA,NA,NA,994016,407679,8197,1,76f10b65f44b546f736cef2848789238eb7a5f77ce08b564ccca55b5bdc08f36,642,0,41,8
0,2,0,0,3,0.060463571000000001,0.038878999999999997,0.0097140000000000004,179101696,NA,NA,NA,NA,NA,NA,NA,NA,1968568,2240463,32773,1,c491f4791a93a71124b9219b05e718490cf6bd1c68b1ec8fc6a6550e31f844b1,1119,0,37,10
0,2,1,1,3,0.061025753000000002,0.048985000000000001,0,179298304,NA,NA,NA,NA,NA,NA,NA,NA,1968568,2240463,32773,1,c491f4791a93a71124b9219b05e718490cf6bd1c68b1ec8fc6a6550e31f844b1,1164,0,59,9
0,2,0,1,2,0.041374743000000005,0.023243,0.0066470000000000001,131198976,NA,NA,NA,NA,NA,NA,NA,NA,837856,318511,16385,4096,b4f737276339a7626b246c204b626e79f9d9ec0f1f160233a5aa1c27728af83f,1099,0,27,7
0,2,1,0,2,0.041061336000000004,0.023015999999999998,0.0065579999999999996,131067904,NA,NA,NA,NA,NA,NA,NA,NA,837856,318511,16385,4096,b4f737276339a7626b246c204b626e79f9d9ec0f1f160233a5aa1c27728af83f,1071,0,35,7
0,2,0,1,4,0.197746698,0.15468799999999999,0.023524,428298240,NA,NA,NA,NA,NA,NA,NA,NA,5833440,1882629,26625,512,0f41e20848de6408cce7b1c5f57f0212c9401233ca75c7b6652c8ea62bfcd43f,1235,0,91,18
0,2,1,0,4,0.19935789700000001,0.16644100000000001,0.013299999999999999,428462080,NA,NA,NA,NA,NA,NA,NA,NA,5833440,1882629,26625,512,0f41e20848de6408cce7b1c5f57f0212c9401233ca75c7b6652c8ea62bfcd43f,1241,0,169,15
0,2,0,0,0,0.01914399,0.0042139999999999999,0.0042059999999999997,55070720,NA,NA,NA,NA,NA,NA,NA,NA,2408,135,5,1,3d4d37e7dcef36139698862d60d536450dfb480779ac0676046a82e065e8af0f,1026,0,10,4
0,2,1,1,0,0.019122872000000003,0.0041770000000000002,0.0041700000000000001,55107584,NA,NA,NA,NA,NA,NA,NA,NA,2408,135,5,1,3d4d37e7dcef36139698862d60d536450dfb480779ac0676046a82e065e8af0f,1024,0,11,4
0,3,0,1,0,0.019564087000000001,0.0081700000000000002,0,55357440,NA,NA,NA,NA,NA,NA,NA,NA,2408,135,5,1,3d4d37e7dcef36139698862d60d536450dfb480779ac0676046a82e065e8af0f,1030,0,11,3
0,3,1,0,0,0.018529759,0.0052559999999999994,0.0026289999999999998,55291904,NA,NA,NA,NA,NA,NA,NA,NA,2408,135,5,1,3d4d37e7dcef36139698862d60d536450dfb480779ac0676046a82e065e8af0f,1030,0,12,5
0,3,0,0,2,0.040557543000000001,0.019528,0.0097729999999999987,131493888,NA,NA,NA,NA,NA,NA,NA,NA,837856,318511,16385,4096,b4f737276339a7626b246c204b626e79f9d9ec0f1f160233a5aa1c27728af83f,1093,0,23,7
0,3,1,1,2,0.040972420000000002,0.023736999999999998,0.0059410000000000001,131211264,NA,NA,NA,NA,NA,NA,NA,NA,837856,318511,16385,4096,b4f737276339a7626b246c204b626e79f9d9ec0f1f160233a5aa1c27728af83f,625,0,27,8
0,3,0,0,4,0.19839625500000002,0.15922799999999998,0.019899999999999998,428609536,NA,NA,NA,NA,NA,NA,NA,NA,5833440,1882629,26625,512,0f41e20848de6408cce7b1c5f57f0212c9401233ca75c7b6652c8ea62bfcd43f,1240,0,154,17
0,3,1,1,4,0.19847068400000001,0.15662299999999998,0.022821999999999999,428433408,NA,NA,NA,NA,NA,NA,NA,NA,5833440,1882629,26625,512,0f41e20848de6408cce7b1c5f57f0212c9401233ca75c7b6652c8ea62bfcd43f,1240,0,113,14
0,3,0,1,1,0.055425741000000001,0.031244999999999998,0.012508,156708864,NA,NA,NA,NA,NA,NA,NA,NA,994016,407679,8197,1,76f10b65f44b546f736cef2848789238eb7a5f77ce08b564ccca55b5bdc08f36,640,0,31,11
0,3,1,0,1,0.056391130000000005,0.037834,0.0068759999999999993,156389376,NA,NA,NA,NA,NA,NA,NA,NA,994016,407679,8197,1,76f10b65f44b546f736cef2848789238eb7a5f77ce08b564ccca55b5bdc08f36,1081,0,22,8
0,3,0,1,3,0.060101391000000004,0.036291999999999998,0.012083999999999999,179494912,NA,NA,NA,NA,NA,NA,NA,NA,1968568,2240463,32773,1,c491f4791a93a71124b9219b05e718490cf6bd1c68b1ec8fc6a6550e31f844b1,1126,0,46,10
0,3,1,0,3,0.060190369000000001,0.045074999999999997,0.00347,179535872,NA,NA,NA,NA,NA,NA,NA,NA,1968568,2240463,32773,1,c491f4791a93a71124b9219b05e718490cf6bd1c68b1ec8fc6a6550e31f844b1,1158,0,46,9
0,3,0,1,5,0.43747551600000001,0.37673699999999999,0.040014999999999995,1025728512,NA,NA,NA,NA,NA,NA,NA,NA,11457352,5690734,153602,512,388033e7552b3b3255277a47381a62d5067155e67b74e663ad0ac019ed72fc50,1583,0,203,33
0,3,1,0,5,0.43445137900000003,0.369842,0.043716999999999999,1025556480,NA,NA,NA,NA,NA,NA,NA,NA,11457352,5690734,153602,512,388033e7552b3b3255277a47381a62d5067155e67b74e663ad0ac019ed72fc50,1581,0,63,25
0,4,0,1,4,0.199365651,0.15695199999999998,0.022896,428486656,NA,NA,NA,NA,NA,NA,NA,NA,5833440,1882629,26625,512,0f41e20848de6408cce7b1c5f57f0212c9401233ca75c7b6652c8ea62bfcd43f,1239,0,148,12
0,4,1,0,4,0.19863934000000003,0.156057,0.023248999999999999,428683264,NA,NA,NA,NA,NA,NA,NA,NA,5833440,1882629,26625,512,0f41e20848de6408cce7b1c5f57f0212c9401233ca75c7b6652c8ea62bfcd43f,1242,0,84,12
0,4,0,1,1,0.055846129000000001,0.030536999999999998,0.013578999999999999,156434432,NA,NA,NA,NA,NA,NA,NA,NA,994016,407679,8197,1,76f10b65f44b546f736cef2848789238eb7a5f77ce08b564ccca55b5bdc08f36,1084,0,16,8
0,4,1,0,1,0.056103851000000003,0.037544999999999995,0.0068269999999999997,156168192,NA,NA,NA,NA,NA,NA,NA,NA,994016,407679,8197,1,76f10b65f44b546f736cef2848789238eb7a5f77ce08b564ccca55b5bdc08f36,1080,0,21,8
0,4,0,1,3,0.060823645000000003,0.042154999999999998,0.0070349999999999996,179294208,NA,NA,NA,NA,NA,NA,NA,NA,1968568,2240463,32773,1,c491f4791a93a71124b9219b05e718490cf6bd1c68b1ec8fc6a6550e31f844b1,1126,0,36,10
0,4,1,0,3,0.060892394000000002,0.045787000000000001,0.0032589999999999997,179736576,NA,NA,NA,NA,NA,NA,NA,NA,1968568,2240463,32773,1,c491f4791a93a71124b9219b05e718490cf6bd1c68b1ec8fc6a6550e31f844b1,684,0,39,9
0,4,0,1,0,0.020909928000000001,0.0022569999999999999,0.00677,55308288,NA,NA,NA,NA,NA,NA,NA,NA,2408,135,5,1,3d4d37e7dcef36139698862d60d536450dfb480779ac0676046a82e065e8af0f,1028,0,11,5
0,4,1,0,0,0.019510056000000001,0.0028530000000000001,0.0056860000000000001,55275520,NA,NA,NA,NA,NA,NA,NA,NA,2408,135,5,1,3d4d37e7dcef36139698862d60d536450dfb480779ac0676046a82e065e8af0f,1027,0,10,2
0,4,0,1,5,0.428241384,0.35545399999999999,0.060370999999999994,1025933312,NA,NA,NA,NA,NA,NA,NA,NA,11457352,5690734,153602,512,388033e7552b3b3255277a47381a62d5067155e67b74e663ad0ac019ed72fc50,1587,0,232,23
0,4,1,0,5,0.43196828700000001,0.34942699999999999,0.062622999999999998,1025552384,NA,NA,NA,NA,NA,NA,NA,NA,11457352,5690734,153602,512,388033e7552b3b3255277a47381a62d5067155e67b74e663ad0ac019ed72fc50,1582,0,310,23
0,4,0,1,2,0.041262283000000004,0.020077999999999999,0.010045,131018752,NA,NA,NA,NA,NA,NA,NA,NA,837856,318511,16385,4096,b4f737276339a7626b246c204b626e79f9d9ec0f1f160233a5aa1c27728af83f,1071,0,32,7
0,4,1,0,2,0.041296467000000003,0.025989999999999999,0.0037139999999999999,131301376,NA,NA,NA,NA,NA,NA,NA,NA,837856,318511,16385,4096,b4f737276339a7626b246c204b626e79f9d9ec0f1f160233a5aa1c27728af83f,1071,0,21,8
0,5,0,0,2,0.041103105000000001,0.019788999999999998,0.0099049999999999989,131350528,NA,NA,NA,NA,NA,NA,NA,NA,837856,318511,16385,4096,b4f737276339a7626b246c204b626e79f9d9ec0f1f160233a5aa1c27728af83f,1095,0,26,7
0,5,1,1,2,0.040672909,0.025727999999999997,0.0036709999999999998,131346432,NA,NA,NA,NA,NA,NA,NA,NA,837856,318511,16385,4096,b4f737276339a7626b246c204b626e79f9d9ec0f1f160233a5aa1c27728af83f,628,0,34,6
0,5,0,0,1,0.055642367000000005,0.037166999999999999,0.006764,156700672,NA,NA,NA,NA,NA,NA,NA,NA,994016,407679,8197,1,76f10b65f44b546f736cef2848789238eb7a5f77ce08b564ccca55b5bdc08f36,639,0,29,9
0,5,1,1,1,0.055389484000000003,0.030521,0.013566,156585984,NA,NA,NA,NA,NA,NA,NA,NA,994016,407679,8197,1,76f10b65f44b546f736cef2848789238eb7a5f77ce08b564ccca55b5bdc08f36,1088,0,24,8
0,5,0,0,3,0.059920873000000006,0.048093999999999998,0,179417088,NA,NA,NA,NA,NA,NA,NA,NA,1968568,2240463,32773,1,c491f4791a93a71124b9219b05e718490cf6bd1c68b1ec8fc6a6550e31f844b1,679,0,69,9
0,5,1,1,3,0.059921095000000001,0.045141000000000001,0.0032229999999999997,179154944,NA,NA,NA,NA,NA,NA,NA,NA,1968568,2240463,32773,1,c491f4791a93a71124b9219b05e718490cf6bd1c68b1ec8fc6a6550e31f844b1,1123,0,33,9
0,5,0,0,0,0.019807573000000002,0.0085519999999999988,0,55078912,NA,NA,NA,NA,NA,NA,NA,NA,2408,135,5,1,3d4d37e7dcef36139698862d60d536450dfb480779ac0676046a82e065e8af0f,1028,0,12,2
0,5,1,1,0,0.019395912000000001,0.0083719999999999992,0,55603200,NA,NA,NA,NA,NA,NA,NA,NA,2408,135,5,1,3d4d37e7dcef36139698862d60d536450dfb480779ac0676046a82e065e8af0f,587,0,9,4
0,5,0,0,5,0.43548248100000003,0.37497599999999998,0.039828999999999996,1025875968,NA,NA,NA,NA,NA,NA,NA,NA,11457352,5690734,153602,512,388033e7552b3b3255277a47381a62d5067155e67b74e663ad0ac019ed72fc50,1142,0,134,20
0,5,1,1,5,0.43619793200000001,0.378662,0.036545000000000001,1026011136,NA,NA,NA,NA,NA,NA,NA,NA,11457352,5690734,153602,512,388033e7552b3b3255277a47381a62d5067155e67b74e663ad0ac019ed72fc50,1141,0,213,16
0,5,0,0,4,0.19885535400000001,0.15504899999999999,0.024367,428433408,NA,NA,NA,NA,NA,NA,NA,NA,5833440,1882629,26625,512,0f41e20848de6408cce7b1c5f57f0212c9401233ca75c7b6652c8ea62bfcd43f,1238,0,90,12
0,5,1,1,4,0.19871581400000002,0.16175799999999999,0.016844999999999999,428523520,NA,NA,NA,NA,NA,NA,NA,NA,5833440,1882629,26625,512,0f41e20848de6408cce7b1c5f57f0212c9401233ca75c7b6652c8ea62bfcd43f,1244,0,146,15
0,6,0,0,1,0.055801955,0.040679,0.003382,156409856,NA,NA,NA,NA,NA,NA,NA,NA,994016,407679,8197,1,76f10b65f44b546f736cef2848789238eb7a5f77ce08b564ccca55b5bdc08f36,1080,0,39,7
0,6,1,1,1,0.055496604000000005,0.033860000000000001,0.010161,156418048,NA,NA,NA,NA,NA,NA,NA,NA,994016,407679,8197,1,76f10b65f44b546f736cef2848789238eb7a5f77ce08b564ccca55b5bdc08f36,1083,0,19,8
0,6,0,1,2,0.040972329000000002,0.026452999999999997,0.0033119999999999998,131403776,NA,NA,NA,NA,NA,NA,NA,NA,837856,318511,16385,4096,b4f737276339a7626b246c204b626e79f9d9ec0f1f160233a5aa1c27728af83f,1074,0,18,8
0,6,1,0,2,0.040921014000000006,0.020728,0.0088749999999999992,131100672,NA,NA,NA,NA,NA,NA,NA,NA,837856,318511,16385,4096,b4f737276339a7626b246c204b626e79f9d9ec0f1f160233a5aa1c27728af83f,1068,0,27,6
0,6,0,0,4,0.198828694,0.14971199999999998,0.029932,428609536,NA,NA,NA,NA,NA,NA,NA,NA,5833440,1882629,26625,512,0f41e20848de6408cce7b1c5f57f0212c9401233ca75c7b6652c8ea62bfcd43f,1240,0,152,16
0,6,1,1,4,0.19867272200000002,0.155835,0.023205,428617728,NA,NA,NA,NA,NA,NA,NA,NA,5833440,1882629,26625,512,0f41e20848de6408cce7b1c5f57f0212c9401233ca75c7b6652c8ea62bfcd43f,789,0,98,18
0,6,0,1,5,0.44583882500000005,0.36649199999999998,0.050427,1025712128,NA,NA,NA,NA,NA,NA,NA,NA,11457352,5690734,153602,512,388033e7552b3b3255277a47381a62d5067155e67b74e663ad0ac019ed72fc50,1586,0,197,19
0,6,1,0,5,0.43582835900000005,0.39510099999999998,0.020088999999999999,1025662976,NA,NA,NA,NA,NA,NA,NA,NA,11457352,5690734,153602,512,388033e7552b3b3255277a47381a62d5067155e67b74e663ad0ac019ed72fc50,1582,0,83,12
0,6,0,1,0,0.019122469,0.0041949999999999999,0.0041919999999999995,55627776,NA,NA,NA,NA,NA,NA,NA,NA,2408,135,5,1,3d4d37e7dcef36139698862d60d536450dfb480779ac0676046a82e065e8af0f,587,0,13,3
0,6,1,0,0,0.018696772,0.0040689999999999997,0.0040530000000000002,55164928,NA,NA,NA,NA,NA,NA,NA,NA,2408,135,5,1,3d4d37e7dcef36139698862d60d536450dfb480779ac0676046a82e065e8af0f,1027,0,12,3
0,6,0,1,3,0.059806769000000003,0.041491,0.006378,179232768,NA,NA,NA,NA,NA,NA,NA,NA,1968568,2240463,32773,1,c491f4791a93a71124b9219b05e718490cf6bd1c68b1ec8fc6a6550e31f844b1,1123,0,45,12
0,6,1,0,3,0.061049819000000005,0.040092999999999997,0.0092560000000000003,179163136,NA,NA,NA,NA,NA,NA,NA,NA,1968568,2240463,32773,1,c491f4791a93a71124b9219b05e718490cf6bd1c68b1ec8fc6a6550e31f844b1,1121,0,51,9
0,7,0,0,5,0.43407582600000005,0.36673499999999998,0.046671999999999998,1025642496,NA,NA,NA,NA,NA,NA,NA,NA,11457352,5690734,153602,512,388033e7552b3b3255277a47381a62d5067155e67b74e663ad0ac019ed72fc50,1582,0,206,25
0,7,1,1,5,0.44540207700000001,0.373392,0.042959999999999998,1026052096,NA,NA,NA,NA,NA,NA,NA,NA,11457352,5690734,153602,512,388033e7552b3b3255277a47381a62d5067155e67b74e663ad0ac019ed72fc50,1610,0,74,17
0,7,0,0,3,0.060292700000000005,0.039438000000000001,0.0091079999999999998,179294208,NA,NA,NA,NA,NA,NA,NA,NA,1968568,2240463,32773,1,c491f4791a93a71124b9219b05e718490cf6bd1c68b1ec8fc6a6550e31f844b1,1124,0,29,10
0,7,1,1,3,0.059635779000000007,0.041069000000000001,0.0068479999999999999,179240960,NA,NA,NA,NA,NA,NA,NA,NA,1968568,2240463,32773,1,c491f4791a93a71124b9219b05e718490cf6bd1c68b1ec8fc6a6550e31f844b1,672,0,25,9
0,7,0,0,2,0.040675814000000005,0.029635999999999999,0,131133440,NA,NA,NA,NA,NA,NA,NA,NA,837856,318511,16385,4096,b4f737276339a7626b246c204b626e79f9d9ec0f1f160233a5aa1c27728af83f,1070,0,29,7
0,7,1,1,2,0.040602076000000001,0.029429999999999998,0,131121152,NA,NA,NA,NA,NA,NA,NA,NA,837856,318511,16385,4096,b4f737276339a7626b246c204b626e79f9d9ec0f1f160233a5aa1c27728af83f,1071,0,23,5
0,7,0,1,4,0.19942059400000001,0.166599,0.013318,428183552,NA,NA,NA,NA,NA,NA,NA,NA,5833440,1882629,26625,512,0f41e20848de6408cce7b1c5f57f0212c9401233ca75c7b6652c8ea62bfcd43f,1236,0,63,13
0,7,1,0,4,0.19807887800000001,0.15603999999999998,0.022745999999999999,428662784,NA,NA,NA,NA,NA,NA,NA,NA,5833440,1882629,26625,512,0f41e20848de6408cce7b1c5f57f0212c9401233ca75c7b6652c8ea62bfcd43f,1244,0,181,15
0,7,0,1,1,0.055606249000000003,0.033866,0.010161,156663808,NA,NA,NA,NA,NA,NA,NA,NA,994016,407679,8197,1,76f10b65f44b546f736cef2848789238eb7a5f77ce08b564ccca55b5bdc08f36,1087,0,34,9
0,7,1,0,1,0.056207806000000006,0.037576999999999999,0.0068279999999999999,156672000,NA,NA,NA,NA,NA,NA,NA,NA,994016,407679,8197,1,76f10b65f44b546f736cef2848789238eb7a5f77ce08b564ccca55b5bdc08f36,638,0,47,8
0,7,0,0,0,0.019411209000000002,0.0042109999999999995,0.0042100000000000002,55230464,NA,NA,NA,NA,NA,NA,NA,NA,2408,135,5,1,3d4d37e7dcef36139698862d60d536450dfb480779ac0676046a82e065e8af0f,1025,0,11,4
0,7,1,1,0,0.019682821,0.0028,0.0055889999999999994,55074816,NA,NA,NA,NA,NA,NA,NA,NA,2408,135,5,1,3d4d37e7dcef36139698862d60d536450dfb480779ac0676046a82e065e8af0f,1025,0,13,3
0,8,0,1,4,0.19842662100000003,0.168905,0.010119999999999999,428634112,NA,NA,NA,NA,NA,NA,NA,NA,5833440,1882629,26625,512,0f41e20848de6408cce7b1c5f57f0212c9401233ca75c7b6652c8ea62bfcd43f,793,0,102,16
0,8,1,0,4,0.19927381800000002,0.166266,0.013304,428417024,NA,NA,NA,NA,NA,NA,NA,NA,5833440,1882629,26625,512,0f41e20848de6408cce7b1c5f57f0212c9401233ca75c7b6652c8ea62bfcd43f,1238,0,60,19
0,8,0,0,1,0.056093402000000001,0.034939999999999999,0.009528,156504064,NA,NA,NA,NA,NA,NA,NA,NA,994016,407679,8197,1,76f10b65f44b546f736cef2848789238eb7a5f77ce08b564ccca55b5bdc08f36,1082,0,30,10
0,8,1,1,1,0.055677753000000003,0.040819000000000001,0.0034059999999999997,156487680,NA,NA,NA,NA,NA,NA,NA,NA,994016,407679,8197,1,76f10b65f44b546f736cef2848789238eb7a5f77ce08b564ccca55b5bdc08f36,1083,0,23,9
0,8,0,1,0,0.019034836000000003,0.0083350000000000004,0,55300096,NA,NA,NA,NA,NA,NA,NA,NA,2408,135,5,1,3d4d37e7dcef36139698862d60d536450dfb480779ac0676046a82e065e8af0f,1028,0,12,4
0,8,1,0,0,0.018705939000000001,0.0079930000000000001,0,55463936,NA,NA,NA,NA,NA,NA,NA,NA,2408,135,5,1,3d4d37e7dcef36139698862d60d536450dfb480779ac0676046a82e065e8af0f,585,0,13,4
0,8,0,0,2,0.040409756000000005,0.018158000000000001,0.010905999999999999,131358720,NA,NA,NA,NA,NA,NA,NA,NA,837856,318511,16385,4096,b4f737276339a7626b246c204b626e79f9d9ec0f1f160233a5aa1c27728af83f,1072,0,26,7
0,8,1,1,2,0.041059954000000003,0.022200999999999999,0.0074059999999999994,130994176,NA,NA,NA,NA,NA,NA,NA,NA,837856,318511,16385,4096,b4f737276339a7626b246c204b626e79f9d9ec0f1f160233a5aa1c27728af83f,1070,0,28,5
0,8,0,0,5,0.43584743400000003,0.35530999999999996,0.059775999999999996,1025708032,NA,NA,NA,NA,NA,NA,NA,NA,11457352,5690734,153602,512,388033e7552b3b3255277a47381a62d5067155e67b74e663ad0ac019ed72fc50,1581,0,27,28
0,8,1,1,5,0.43935673000000003,0.35499599999999998,0.063628000000000004,1025708032,NA,NA,NA,NA,NA,NA,NA,NA,11457352,5690734,153602,512,388033e7552b3b3255277a47381a62d5067155e67b74e663ad0ac019ed72fc50,1586,0,194,21
0,8,0,0,3,0.059923187000000003,0.037955999999999997,0.010359,179281920,NA,NA,NA,NA,NA,NA,NA,NA,1968568,2240463,32773,1,c491f4791a93a71124b9219b05e718490cf6bd1c68b1ec8fc6a6550e31f844b1,1121,0,32,8
0,8,1,1,3,0.060140845000000005,0.038471999999999999,0.0096169999999999988,179318784,NA,NA,NA,NA,NA,NA,NA,NA,1968568,2240463,32773,1,c491f4791a93a71124b9219b05e718490cf6bd1c68b1ec8fc6a6550e31f844b1,1126,0,18,11
0,9,0,1,3,0.060035908000000006,0.044843999999999995,0.0034499999999999999,179290112,NA,NA,NA,NA,NA,NA,NA,NA,1968568,2240463,32773,1,c491f4791a93a71124b9219b05e718490cf6bd1c68b1ec8fc6a6550e31f844b1,680,0,42,9
0,9,1,0,3,0.060104187000000003,0.037957999999999999,0.010359,179499008,NA,NA,NA,NA,NA,NA,NA,NA,1968568,2240463,32773,1,c491f4791a93a71124b9219b05e718490cf6bd1c68b1ec8fc6a6550e31f844b1,679,0,43,9
0,9,0,1,5,0.44391298600000001,0.38759399999999999,0.030077,1025835008,NA,NA,NA,NA,NA,NA,NA,NA,11457352,5690734,153602,512,388033e7552b3b3255277a47381a62d5067155e67b74e663ad0ac019ed72fc50,1586,0,175,27
0,9,1,0,5,0.43184387100000005,0.358458,0.052628999999999995,1025736704,NA,NA,NA,NA,NA,NA,NA,NA,11457352,5690734,153602,512,388033e7552b3b3255277a47381a62d5067155e67b74e663ad0ac019ed72fc50,1584,0,49,21
0,9,0,1,1,0.055453903000000006,0.033895000000000002,0.010158,156459008,NA,NA,NA,NA,NA,NA,NA,NA,994016,407679,8197,1,76f10b65f44b546f736cef2848789238eb7a5f77ce08b564ccca55b5bdc08f36,639,0,21,8
0,9,1,0,1,0.055925016000000001,0.037949999999999998,0.0063289999999999996,156364800,NA,NA,NA,NA,NA,NA,NA,NA,994016,407679,8197,1,76f10b65f44b546f736cef2848789238eb7a5f77ce08b564ccca55b5bdc08f36,1083,0,37,10
0,9,0,0,4,0.20312560400000002,0.15521399999999999,0.023623999999999999,428331008,NA,NA,NA,NA,NA,NA,NA,NA,5833440,1882629,26625,512,0f41e20848de6408cce7b1c5f57f0212c9401233ca75c7b6652c8ea62bfcd43f,1236,0,72,17
0,9,1,1,4,0.198396133,0.155746,0.023205,428396544,NA,NA,NA,NA,NA,NA,NA,NA,5833440,1882629,26625,512,0f41e20848de6408cce7b1c5f57f0212c9401233ca75c7b6652c8ea62bfcd43f,1239,0,38,16
0,9,0,1,2,0.041025129,0.019834999999999998,0.0099239999999999988,131428352,NA,NA,NA,NA,NA,NA,NA,NA,837856,318511,16385,4096,b4f737276339a7626b246c204b626e79f9d9ec0f1f160233a5aa1c27728af83f,1078,0,16,6
0,9,1,0,2,0.041073648000000004,0.019757,0.0098979999999999988,131244032,NA,NA,NA,NA,NA,NA,NA,NA,837856,318511,16385,4096,b4f737276339a7626b246c204b626e79f9d9ec0f1f160233a5aa1c27728af83f,1070,0,26,7
0,9,0,0,0,0.018793473000000002,0.0080689999999999998,0,55599104,NA,NA,NA,NA,NA,NA,NA,NA,2408,135,5,1,3d4d37e7dcef36139698862d60d536450dfb480779ac0676046a82e065e8af0f,586,0,9,3
0,9,1,1,0,0.019404248000000002,0.0042789999999999998,0.0042810000000000001,55197696,NA,NA,NA,NA,NA,NA,NA,NA,2408,135,5,1,3d4d37e7dcef36139698862d60d536450dfb480779ac0676046a82e065e8af0f,1029,0,10,4
0,10,0,1,0,0.019262683000000003,0.005568,0.002794,55693312,NA,NA,NA,NA,NA,NA,NA,NA,2408,135,5,1,3d4d37e7dcef36139698862d60d536450dfb480779ac0676046a82e065e8af0f,1068,0,9,5
0,10,1,0,0,0.018443287000000003,0.0077640000000000001,0,55259136,NA,NA,NA,NA,NA,NA,NA,NA,2408,135,5,1,3d4d37e7dcef36139698862d60d536450dfb480779ac0676046a82e065e8af0f,1027,0,11,4
0,10,0,1,1,0.055012226000000004,0.033250000000000002,0.0099819999999999996,156647424,NA,NA,NA,NA,NA,NA,NA,NA,994016,407679,8197,1,76f10b65f44b546f736cef2848789238eb7a5f77ce08b564ccca55b5bdc08f36,636,0,20,9
0,10,1,0,1,0.055969690000000002,0.037418,0.0068089999999999999,156475392,NA,NA,NA,NA,NA,NA,NA,NA,994016,407679,8197,1,76f10b65f44b546f736cef2848789238eb7a5f77ce08b564ccca55b5bdc08f36,1084,0,42,8
0,10,0,1,3,0.060454753000000007,0.035664999999999995,0.012974999999999999,179150848,NA,NA,NA,NA,NA,NA,NA,NA,1968568,2240463,32773,1,c491f4791a93a71124b9219b05e718490cf6bd1c68b1ec8fc6a6550e31f844b1,1122,0,34,9
0,10,1,0,3,0.060937718000000002,0.034795,0.013908,179376128,NA,NA,NA,NA,NA,NA,NA,NA,1968568,2240463,32773,1,c491f4791a93a71124b9219b05e718490cf6bd1c68b1ec8fc6a6550e31f844b1,1126,0,20,8
0,10,0,0,5,0.43505545000000001,0.36505399999999999,0.049306999999999997,1025712128,NA,NA,NA,NA,NA,NA,NA,NA,11457352,5690734,153602,512,388033e7552b3b3255277a47381a62d5067155e67b74e663ad0ac019ed72fc50,1581,0,290,21
0,10,1,1,5,0.44504507700000001,0.37272099999999997,0.042870999999999999,1025904640,NA,NA,NA,NA,NA,NA,NA,NA,11457352,5690734,153602,512,388033e7552b3b3255277a47381a62d5067155e67b74e663ad0ac019ed72fc50,1141,0,185,32
0,10,0,0,2,0.040856242000000001,0.022213999999999998,0.0074019999999999997,131190784,NA,NA,NA,NA,NA,NA,NA,NA,837856,318511,16385,4096,b4f737276339a7626b246c204b626e79f9d9ec0f1f160233a5aa1c27728af83f,1069,0,21,7
0,10,1,1,2,0.040564496000000005,0.026178999999999997,0.0032689999999999998,131543040,NA,NA,NA,NA,NA,NA,NA,NA,837856,318511,16385,4096,b4f737276339a7626b246c204b626e79f9d9ec0f1f160233a5aa1c27728af83f,632,0,14,6
0,10,0,0,4,0.19906601700000001,0.17615599999999998,0.0033839999999999999,428326912,NA,NA,NA,NA,NA,NA,NA,NA,5833440,1882629,26625,512,0f41e20848de6408cce7b1c5f57f0212c9401233ca75c7b6652c8ea62bfcd43f,1236,0,154,16
0,10,1,1,4,0.198593612,0.14917800000000001,0.029755999999999998,428687360,NA,NA,NA,NA,NA,NA,NA,NA,5833440,1882629,26625,512,0f41e20848de6408cce7b1c5f57f0212c9401233ca75c7b6652c8ea62bfcd43f,798,0,86,14
0,11,0,1,2,0.040969735,0.019847,0.0099139999999999992,131239936,NA,NA,NA,NA,NA,NA,NA,NA,837856,318511,16385,4096,b4f737276339a7626b246c204b626e79f9d9ec0f1f160233a5aa1c27728af83f,1072,0,21,7
0,11,1,0,2,0.040604331,0.022876999999999998,0.0065339999999999999,131710976,NA,NA,NA,NA,NA,NA,NA,NA,837856,318511,16385,4096,b4f737276339a7626b246c204b626e79f9d9ec0f1f160233a5aa1c27728af83f,633,0,21,7
0,11,0,0,0,0.019009618000000002,0.0042049999999999995,0.0041879999999999999,55070720,NA,NA,NA,NA,NA,NA,NA,NA,2408,135,5,1,3d4d37e7dcef36139698862d60d536450dfb480779ac0676046a82e065e8af0f,1025,0,9,3
0,11,1,1,0,0.019345047000000001,0.002823,0.005633,55492608,NA,NA,NA,NA,NA,NA,NA,NA,2408,135,5,1,3d4d37e7dcef36139698862d60d536450dfb480779ac0676046a82e065e8af0f,1033,0,10,4
0,11,0,0,1,0.055600928000000001,0.033841999999999997,0.010145,156594176,NA,NA,NA,NA,NA,NA,NA,NA,994016,407679,8197,1,76f10b65f44b546f736cef2848789238eb7a5f77ce08b564ccca55b5bdc08f36,1091,0,33,10
0,11,1,1,1,0.055648859000000002,0.033672000000000001,0.010112999999999999,156708864,NA,NA,NA,NA,NA,NA,NA,NA,994016,407679,8197,1,76f10b65f44b546f736cef2848789238eb7a5f77ce08b564ccca55b5bdc08f36,641,0,15,8
0,11,0,1,5,0.44643185500000004,0.379189,0.036569999999999998,1025638400,NA,NA,NA,NA,NA,NA,NA,NA,11457352,5690734,153602,512,388033e7552b3b3255277a47381a62d5067155e67b74e663ad0ac019ed72fc50,1584,0,43,21
0,11,1,0,5,0.44411342000000004,0.36765100000000001,0.046786000000000001,1025703936,NA,NA,NA,NA,NA,NA,NA,NA,11457352,5690734,153602,512,388033e7552b3b3255277a47381a62d5067155e67b74e663ad0ac019ed72fc50,1581,0,285,21
0,11,0,1,4,0.19913218200000002,0.163075,0.016645999999999998,428371968,NA,NA,NA,NA,NA,NA,NA,NA,5833440,1882629,26625,512,0f41e20848de6408cce7b1c5f57f0212c9401233ca75c7b6652c8ea62bfcd43f,1237,0,171,15
0,11,1,0,4,0.19961767200000002,0.15675600000000001,0.023352999999999999,428384256,NA,NA,NA,NA,NA,NA,NA,NA,5833440,1882629,26625,512,0f41e20848de6408cce7b1c5f57f0212c9401233ca75c7b6652c8ea62bfcd43f,1240,0,91,13
0,11,0,0,3,0.060372991000000001,0.035858000000000001,0.013035,179220480,NA,NA,NA,NA,NA,NA,NA,NA,1968568,2240463,32773,1,c491f4791a93a71124b9219b05e718490cf6bd1c68b1ec8fc6a6550e31f844b1,1121,0,33,11
0,11,1,1,3,0.060023364000000003,0.038578999999999995,0.0096519999999999991,179539968,NA,NA,NA,NA,NA,NA,NA,NA,1968568,2240463,32773,1,c491f4791a93a71124b9219b05e718490cf6bd1c68b1ec8fc6a6550e31f844b1,675,0,37,9
0,12,0,1,0,0.019087063000000001,0.002794,0.0055909999999999996,55570432,NA,NA,NA,NA,NA,NA,NA,NA,2408,135,5,1,3d4d37e7dcef36139698862d60d536450dfb480779ac0676046a82e065e8af0f,1038,0,9,4
0,12,1,0,0,0.018475447000000002,0.007783,0,55570432,NA,NA,NA,NA,NA,NA,NA,NA,2408,135,5,1,3d4d37e7dcef36139698862d60d536450dfb480779ac0676046a82e065e8af0f,1031,0,13,4
0,12,0,0,5,0.43361371800000004,0.36931199999999997,0.043256999999999997,1025576960,NA,NA,NA,NA,NA,NA,NA,NA,11457352,5690734,153602,512,388033e7552b3b3255277a47381a62d5067155e67b74e663ad0ac019ed72fc50,1584,0,228,23
0,12,1,1,5,0.44796345500000001,0.36214099999999999,0.056979999999999996,1025736704,NA,NA,NA,NA,NA,NA,NA,NA,11457352,5690734,153602,512,388033e7552b3b3255277a47381a62d5067155e67b74e663ad0ac019ed72fc50,1585,0,84,15
0,12,0,0,1,0.055390264000000002,0.040618000000000001,0.0033869999999999998,156581888,NA,NA,NA,NA,NA,NA,NA,NA,994016,407679,8197,1,76f10b65f44b546f736cef2848789238eb7a5f77ce08b564ccca55b5bdc08f36,632,0,19,7
0,12,1,1,1,0.055546367000000006,0.030341,0.013493999999999999,156397568,NA,NA,NA,NA,NA,NA,NA,NA,994016,407679,8197,1,76f10b65f44b546f736cef2848789238eb7a5f77ce08b564ccca55b5bdc08f36,1083,0,19,9
0,12,0,1,4,0.20393842600000001,0.16233499999999998,0.016910999999999999,428650496,NA,NA,NA,NA,NA,NA,NA,NA,5833440,1882629,26625,512,0f41e20848de6408cce7b1c5f57f0212c9401233ca75c7b6652c8ea62bfcd43f,792,0,63,15
0,12,1,0,4,0.199314564,0.15285899999999999,0.026591999999999998,428621824,NA,NA,NA,NA,NA,NA,NA,NA,5833440,1882629,26625,512,0f41e20848de6408cce7b1c5f57f0212c9401233ca75c7b6652c8ea62bfcd43f,1237,0,102,16
0,12,0,0,3,0.059828659000000006,0.034463000000000001,0.013798,179208192,NA,NA,NA,NA,NA,NA,NA,NA,1968568,2240463,32773,1,c491f4791a93a71124b9219b05e718490cf6bd1c68b1ec8fc6a6550e31f844b1,1124,0,37,8
0,12,1,1,3,0.060264696000000006,0.038273000000000001,0.010444999999999999,179171328,NA,NA,NA,NA,NA,NA,NA,NA,1968568,2240463,32773,1,c491f4791a93a71124b9219b05e718490cf6bd1c68b1ec8fc6a6550e31f844b1,1121,0,28,10
0,12,0,0,2,0.041174176999999999,0.018665999999999999,0.011195999999999999,131317760,NA,NA,NA,NA,NA,NA,NA,NA,837856,318511,16385,4096,b4f737276339a7626b246c204b626e79f9d9ec0f1f160233a5aa1c27728af83f,1075,0,23,7
0,12,1,1,2,0.045661475,0.023296999999999998,0.0066629999999999997,131166208,NA,NA,NA,NA,NA,NA,NA,NA,837856,318511,16385,4096,b4f737276339a7626b246c204b626e79f9d9ec0f1f160233a5aa1c27728af83f,1069,0,23,8
0,13,0,0,0,0.019399779000000002,0.004287,0.004287,55472128,NA,NA,NA,NA,NA,NA,NA,NA,2408,135,5,1,3d4d37e7dcef36139698862d60d536450dfb480779ac0676046a82e065e8af0f,1031,0,11,4
0,13,1,1,0,0.019772849000000002,0.0085030000000000001,0,55304192,NA,NA,NA,NA,NA,NA,NA,NA,2408,135,5,1,3d4d37e7dcef36139698862d60d536450dfb480779ac0676046a82e065e8af0f,1029,0,10,3
0,13,0,1,1,0.055391867000000004,0.040329999999999998,0.0033669999999999998,156844032,NA,NA,NA,NA,NA,NA,NA,NA,994016,407679,8197,1,76f10b65f44b546f736cef2848789238eb7a5f77ce08b564ccca55b5bdc08f36,638,0,22,11
0,13,1,0,1,0.055837984,0.031685999999999999,0.012683999999999999,156434432,NA,NA,NA,NA,NA,NA,NA,NA,994016,407679,8197,1,76f10b65f44b546f736cef2848789238eb7a5f77ce08b564ccca55b5bdc08f36,1126,0,19,8
0,13,0,1,5,0.44836125100000002,0.36964599999999997,0.046203999999999995,1025671168,NA,NA,NA,NA,NA,NA,NA,NA,11457352,5690734,153602,512,388033e7552b3b3255277a47381a62d5067155e67b74e663ad0ac019ed72fc50,1586,0,170,21
0,13,1,0,5,0.44433772000000005,0.38491199999999998,0.029866,1025712128,NA,NA,NA,NA,NA,NA,NA,NA,11457352,5690734,153602,512,388033e7552b3b3255277a47381a62d5067155e67b74e663ad0ac019ed72fc50,1582,0,184,16
0,13,0,1,2,0.040917957000000005,0.026179999999999998,0.003741,131416064,NA,NA,NA,NA,NA,NA,NA,NA,837856,318511,16385,4096,b4f737276339a7626b246c204b626e79f9d9ec0f1f160233a5aa1c27728af83f,1073,0,19,5
0,13,1,0,2,0.040713915000000003,0.022058999999999999,0.0073619999999999996,131403776,NA,NA,NA,NA,NA,NA,NA,NA,837856,318511,16385,4096,b4f737276339a7626b246c204b626e79f9d9ec0f1f160233a5aa1c27728af83f,1074,0,27,7
0,13,0,1,3,0.060783328000000005,0.038469999999999997,0.010477,179490816,NA,NA,NA,NA,NA,NA,NA,NA,1968568,2240463,32773,1,c491f4791a93a71124b9219b05e718490cf6bd1c68b1ec8fc6a6550e31f844b1,1130,0,43,8
0,13,1,0,3,0.060723686000000006,0.039618,0.0091469999999999989,179040256,NA,NA,NA,NA,NA,NA,NA,NA,1968568,2240463,32773,1,c491f4791a93a71124b9219b05e718490cf6bd1c68b1ec8fc6a6550e31f844b1,1118,0,61,9
0,13,0,0,4,0.19815672400000001,0.15245599999999998,0.025951999999999999,428826624,NA,NA,NA,NA,NA,NA,NA,NA,5833440,1882629,26625,512,0f41e20848de6408cce7b1c5f57f0212c9401233ca75c7b6652c8ea62bfcd43f,798,0,91,15
0,13,1,1,4,0.19890785100000002,0.156558,0.023306999999999998,428425216,NA,NA,NA,NA,NA,NA,NA,NA,5833440,1882629,26625,512,0f41e20848de6408cce7b1c5f57f0212c9401233ca75c7b6652c8ea62bfcd43f,1236,0,199,19
0,14,0,1,3,0.059765482000000002,0.035298999999999997,0.012848999999999999,179544064,NA,NA,NA,NA,NA,NA,NA,NA,1968568,2240463,32773,1,c491f4791a93a71124b9219b05e718490cf6bd1c68b1ec8fc6a6550e31f844b1,683,0,38,10
0,14,1,0,3,0.061280451000000007,0.043032999999999995,0.0061500000000000001,179015680,NA,NA,NA,NA,NA,NA,NA,NA,1968568,2240463,32773,1,c491f4791a93a71124b9219b05e718490cf6bd1c68b1ec8fc6a6550e31f844b1,1121,0,27,11
0,14,0,1,2,0.041026681000000002,0.020857999999999998,0.0089449999999999998,131063808,NA,NA,NA,NA,NA,NA,NA,NA,837856,318511,16385,4096,b4f737276339a7626b246c204b626e79f9d9ec0f1f160233a5aa1c27728af83f,1067,0,24,7
0,14,1,0,2,0.041086103000000006,0.023913,0.0059829999999999996,131092480,NA,NA,NA,NA,NA,NA,NA,NA,837856,318511,16385,4096,b4f737276339a7626b246c204b626e79f9d9ec0f1f160233a5aa1c27728af83f,1069,0,27,9
0,14,0,1,1,0.055549713000000001,0.040784999999999995,0.003398,156385280,NA,NA,NA,NA,NA,NA,NA,NA,994016,407679,8197,1,76f10b65f44b546f736cef2848789238eb7a5f77ce08b564ccca55b5bdc08f36,1082,0,37,6
0,14,1,0,1,0.055552488000000004,0.037704000000000001,0.0062879999999999993,156545024,NA,NA,NA,NA,NA,NA,NA,NA,994016,407679,8197,1,76f10b65f44b546f736cef2848789238eb7a5f77ce08b564ccca55b5bdc08f36,1082,0,27,9
0,14,0,1,4,0.19842014800000002,0.152167,0.027063,428322816,NA,NA,NA,NA,NA,NA,NA,NA,5833440,1882629,26625,512,0f41e20848de6408cce7b1c5f57f0212c9401233ca75c7b6652c8ea62bfcd43f,1237,0,126,17
0,14,1,0,4,0.199287081,0.155504,0.023668999999999999,428470272,NA,NA,NA,NA,NA,NA,NA,NA,5833440,1882629,26625,512,0f41e20848de6408cce7b1c5f57f0212c9401233ca75c7b6652c8ea62bfcd43f,1239,0,111,14
0,14,0,0,5,0.43401972700000002,0.38056099999999998,0.033390999999999997,1025650688,NA,NA,NA,NA,NA,NA,NA,NA,11457352,5690734,153602,512,388033e7552b3b3255277a47381a62d5067155e67b74e663ad0ac019ed72fc50,1581,0,228,13
0,14,1,1,5,0.43574305600000002,0.367504,0.046358999999999997,1025929216,NA,NA,NA,NA,NA,NA,NA,NA,11457352,5690734,153602,512,388033e7552b3b3255277a47381a62d5067155e67b74e663ad0ac019ed72fc50,1141,0,183,12
0,14,0,1,0,0.019812973000000001,0.002905,0.0057989999999999995,55738368,NA,NA,NA,NA,NA,NA,NA,NA,2408,135,5,1,3d4d37e7dcef36139698862d60d536450dfb480779ac0676046a82e065e8af0f,586,0,11,4
0,14,1,0,0,0.019173946000000001,0.0081539999999999998,0,55267328,NA,NA,NA,NA,NA,NA,NA,NA,2408,135,5,1,3d4d37e7dcef36139698862d60d536450dfb480779ac0676046a82e065e8af0f,1027,0,9,4
0,15,0,0,1,0.055616097000000003,0.030294999999999999,0.013479,156450816,NA,NA,NA,NA,NA,NA,NA,NA,994016,407679,8197,1,76f10b65f44b546f736cef2848789238eb7a5f77ce08b564ccca55b5bdc08f36,1084,0,20,10
0,15,1,1,1,0.055604246000000003,0.037366999999999997,0.0067669999999999996,156196864,NA,NA,NA,NA,NA,NA,NA,NA,994016,407679,8197,1,76f10b65f44b546f736cef2848789238eb7a5f77ce08b564ccca55b5bdc08f36,1080,0,20,7
0,15,0,0,4,0.198017262,0.161854,0.01686,428625920,NA,NA,NA,NA,NA,NA,NA,NA,5833440,1882629,26625,512,0f41e20848de6408cce7b1c5f57f0212c9401233ca75c7b6652c8ea62bfcd43f,1238,0,60,16
0,15,1,1,4,0.19859301100000001,0.15893599999999999,0.020298,428380160,NA,NA,NA,NA,NA,NA,NA,NA,5833440,1882629,26625,512,0f41e20848de6408cce7b1c5f57f0212c9401233ca75c7b6652c8ea62bfcd43f,1248,0,99,14
0,15,0,0,2,0.040718253000000003,0.020674999999999999,0.0088579999999999996,131284992,NA,NA,NA,NA,NA,NA,NA,NA,837856,318511,16385,4096,b4f737276339a7626b246c204b626e79f9d9ec0f1f160233a5aa1c27728af83f,627,0,22,5
0,15,1,1,2,0.041234901000000004,0.019949999999999999,0.0099679999999999994,131342336,NA,NA,NA,NA,NA,NA,NA,NA,837856,318511,16385,4096,b4f737276339a7626b246c204b626e79f9d9ec0f1f160233a5aa1c27728af83f,1073,0,21,8
0,15,0,1,5,0.43655704000000001,0.372334,0.043233999999999995,1025990656,NA,NA,NA,NA,NA,NA,NA,NA,11457352,5690734,153602,512,388033e7552b3b3255277a47381a62d5067155e67b74e663ad0ac019ed72fc50,1592,0,85,23
0,15,1,0,5,0.43348025600000001,0.36657200000000001,0.046204999999999996,1025724416,NA,NA,NA,NA,NA,NA,NA,NA,11457352,5690734,153602,512,388033e7552b3b3255277a47381a62d5067155e67b74e663ad0ac019ed72fc50,1580,0,51,17
0,15,0,0,3,0.060553589000000005,0.041995999999999999,0.0070009999999999994,179372032,NA,NA,NA,NA,NA,NA,NA,NA,1968568,2240463,32773,1,c491f4791a93a71124b9219b05e718490cf6bd1c68b1ec8fc6a6550e31f844b1,680,0,15,8
0,15,1,1,3,0.060678342000000003,0.034894999999999995,0.013965,179109888,NA,NA,NA,NA,NA,NA,NA,NA,1968568,2240463,32773,1,c491f4791a93a71124b9219b05e718490cf6bd1c68b1ec8fc6a6550e31f844b1,1122,0,19,8
0,15,0,0,0,0.018730145,0.0040920000000000002,0.0040990000000000002,55504896,NA,NA,NA,NA,NA,NA,NA,NA,2408,135,5,1,3d4d37e7dcef36139698862d60d536450dfb480779ac0676046a82e065e8af0f,585,0,11,3
0,15,1,1,0,0.01860997,0.0080330000000000002,0,55267328,NA,NA,NA,NA,NA,NA,NA,NA,2408,135,5,1,3d4d37e7dcef36139698862d60d536450dfb480779ac0676046a82e065e8af0f,1028,0,12,4
0,16,0,0,3,0.059995242000000004,0.038144999999999998,0.010411999999999999,179527680,NA,NA,NA,NA,NA,NA,NA,NA,1968568,2240463,32773,1,c491f4791a93a71124b9219b05e718490cf6bd1c68b1ec8fc6a6550e31f844b1,671,0,27,9
0,16,1,1,3,0.060243427000000002,0.041513999999999995,0.0069029999999999994,179118080,NA,NA,NA,NA,NA,NA,NA,NA,1968568,2240463,32773,1,c491f4791a93a71124b9219b05e718490cf6bd1c68b1ec8fc6a6550e31f844b1,1124,0,33,10
0,16,0,0,1,0.055432142000000004,0.037277999999999999,0.0067759999999999999,156659712,NA,NA,NA,NA,NA,NA,NA,NA,994016,407679,8197,1,76f10b65f44b546f736cef2848789238eb7a5f77ce08b564ccca55b5bdc08f36,632,0,17,7
0,16,1,1,1,0.055260973000000005,0.034557999999999998,0.0094299999999999991,156884992,NA,NA,NA,NA,NA,NA,NA,NA,994016,407679,8197,1,76f10b65f44b546f736cef2848789238eb7a5f77ce08b564ccca55b5bdc08f36,644,0,23,8
0,16,0,0,4,0.19853425100000002,0.15287699999999999,0.026023999999999999,428400640,NA,NA,NA,NA,NA,NA,NA,NA,5833440,1882629,26625,512,0f41e20848de6408cce7b1c5f57f0212c9401233ca75c7b6652c8ea62bfcd43f,1239,0,45,25
0,16,1,1,4,0.198419336,0.16576199999999999,0.013538,428630016,NA,NA,NA,NA,NA,NA,NA,NA,5833440,1882629,26625,512,0f41e20848de6408cce7b1c5f57f0212c9401233ca75c7b6652c8ea62bfcd43f,793,0,121,16
0,16,0,1,5,0.43311992100000002,0.37663599999999997,0.040369999999999996,1025921024,NA,NA,NA,NA,NA,NA,NA,NA,11457352,5690734,153602,512,388033e7552b3b3255277a47381a62d5067155e67b74e663ad0ac019ed72fc50,1587,0,324,21
0,16,1,0,5,0.434502571,0.37326399999999998,0.040333000000000001,1025994752,NA,NA,NA,NA,NA,NA,NA,NA,11457352,5690734,153602,512,388033e7552b3b3255277a47381a62d5067155e67b74e663ad0ac019ed72fc50,1135,0,215,18
0,16,0,0,0,0.019262171000000002,0.0042469999999999999,0.0042560000000000002,55390208,NA,NA,NA,NA,NA,NA,NA,NA,2408,135,5,1,3d4d37e7dcef36139698862d60d536450dfb480779ac0676046a82e065e8af0f,1028,0,10,4
0,16,1,1,0,0.018992826000000001,0.0082489999999999994,0,55844864,NA,NA,NA,NA,NA,NA,NA,NA,2408,135,5,1,3d4d37e7dcef36139698862d60d536450dfb480779ac0676046a82e065e8af0f,589,0,10,3
0,16,0,1,2,0.041009469999999999,0.022921,0.0065319999999999996,131399680,NA,NA,NA,NA,NA,NA,NA,NA,837856,318511,16385,4096,b4f737276339a7626b246c204b626e79f9d9ec0f1f160233a5aa1c27728af83f,621,0,22,7
0,16,1,0,2,0.040960776000000004,0.026036999999999998,0.003715,131276800,NA,NA,NA,NA,NA,NA,NA,NA,837856,318511,16385,4096,b4f737276339a7626b246c204b626e79f9d9ec0f1f160233a5aa1c27728af83f,1069,0,22,5
0,17,0,1,3,0.060796794000000001,0.042290000000000001,0.0065069999999999998,179580928,NA,NA,NA,NA,NA,NA,NA,NA,1968568,2240463,32773,1,c491f4791a93a71124b9219b05e718490cf6bd1c68b1ec8fc6a6550e31f844b1,682,0,20,10
0,17,1,0,3,0.060888606000000005,0.048989999999999999,0,179126272,NA,NA,NA,NA,NA,NA,NA,NA,1968568,2240463,32773,1,c491f4791a93a71124b9219b05e718490cf6bd1c68b1ec8fc6a6550e31f844b1,1123,0,27,10
0,17,0,0,5,0.442282589,0.38618799999999998,0.026862999999999998,1026011136,NA,NA,NA,NA,NA,NA,NA,NA,11457352,5690734,153602,512,388033e7552b3b3255277a47381a62d5067155e67b74e663ad0ac019ed72fc50,1140,0,71,20
0,17,1,1,5,0.45213541800000001,0.36749699999999996,0.049639999999999997,1025794048,NA,NA,NA,NA,NA,NA,NA,NA,11457352,5690734,153602,512,388033e7552b3b3255277a47381a62d5067155e67b74e663ad0ac019ed72fc50,1586,0,47,26
0,17,0,0,2,0.040317602000000001,0.029023,0,131293184,NA,NA,NA,NA,NA,NA,NA,NA,837856,318511,16385,4096,b4f737276339a7626b246c204b626e79f9d9ec0f1f160233a5aa1c27728af83f,627,0,27,6
0,17,1,1,2,0.041098676000000001,0.029899999999999999,0,131330048,NA,NA,NA,NA,NA,NA,NA,NA,837856,318511,16385,4096,b4f737276339a7626b246c204b626e79f9d9ec0f1f160233a5aa1c27728af83f,1077,0,24,7
0,17,0,1,4,0.20041718900000002,0.16750699999999999,0.013403999999999999,428183552,NA,NA,NA,NA,NA,NA,NA,NA,5833440,1882629,26625,512,0f41e20848de6408cce7b1c5f57f0212c9401233ca75c7b6652c8ea62bfcd43f,1235,0,40,20
0,17,1,0,4,0.19836795000000002,0.155252,0.023622000000000001,428634112,NA,NA,NA,NA,NA,NA,NA,NA,5833440,1882629,26625,512,0f41e20848de6408cce7b1c5f57f0212c9401233ca75c7b6652c8ea62bfcd43f,789,0,195,19
0,17,0,1,0,0.019934661000000003,0.0089849999999999999,0,55496704,NA,NA,NA,NA,NA,NA,NA,NA,2408,135,5,1,3d4d37e7dcef36139698862d60d536450dfb480779ac0676046a82e065e8af0f,1032,0,9,4
0,17,1,0,0,0.018461411,0.0078379999999999995,0,55558144,NA,NA,NA,NA,NA,NA,NA,NA,2408,135,5,1,3d4d37e7dcef36139698862d60d536450dfb480779ac0676046a82e065e8af0f,1034,0,12,4
0,17,0,1,1,0.055216338000000004,0.034284999999999996,0.0093589999999999993,156729344,NA,NA,NA,NA,NA,NA,NA,NA,994016,407679,8197,1,76f10b65f44b546f736cef2848789238eb7a5f77ce08b564ccca55b5bdc08f36,643,0,24,10
0,17,1,0,1,0.056175576000000005,0.044628999999999995,0,156643328,NA,NA,NA,NA,NA,NA,NA,NA,994016,407679,8197,1,76f10b65f44b546f736cef2848789238eb7a5f77ce08b564ccca55b5bdc08f36,1086,0,49,9
0,18,0,0,0,0.018766252000000001,0.0080870000000000004,0,55676928,NA,NA,NA,NA,NA,NA,NA,NA,2408,135,5,1,3d4d37e7dcef36139698862d60d536450dfb480779ac0676046a82e065e8af0f,586,0,11,3
0,18,1,1,0,0.019312165000000003,0.0084569999999999992,0,55521280,NA,NA,NA,NA,NA,NA,NA,NA,2408,135,5,1,3d4d37e7dcef36139698862d60d536450dfb480779ac0676046a82e065e8af0f,1033,0,10,4
0,18,0,0,1,0.055818437000000005,0.037834,0.0063149999999999994,156344320,NA,NA,NA,NA,NA,NA,NA,NA,994016,407679,8197,1,76f10b65f44b546f736cef2848789238eb7a5f77ce08b564ccca55b5bdc08f36,1091,0,35,9
0,18,1,1,1,0.055382390000000004,0.043860999999999997,0,156323840,NA,NA,NA,NA,NA,NA,NA,NA,994016,407679,8197,1,76f10b65f44b546f736cef2848789238eb7a5f77ce08b564ccca55b5bdc08f36,1083,0,21,8
0,18,0,0,5,0.43410997500000004,0.35340699999999997,0.060019999999999997,1025708032,NA,NA,NA,NA,NA,NA,NA,NA,11457352,5690734,153602,512,388033e7552b3b3255277a47381a62d5067155e67b74e663ad0ac019ed72fc50,1584,0,119,16
0,18,1,1,5,0.44765791900000002,0.37143899999999996,0.046420999999999997,1025597440,NA,NA,NA,NA,NA,NA,NA,NA,11457352,5690734,153602,512,388033e7552b3b3255277a47381a62d5067155e67b74e663ad0ac019ed72fc50,1583,0,38,26
0,18,0,0,4,0.198649717,0.152168,0.027039999999999998,428191744,NA,NA,NA,NA,NA,NA,NA,NA,5833440,1882629,26625,512,0f41e20848de6408cce7b1c5f57f0212c9401233ca75c7b6652c8ea62bfcd43f,1237,0,128,10
0,18,1,1,4,0.19958361700000002,0.16011,0.020014000000000001,428445696,NA,NA,NA,NA,NA,NA,NA,NA,5833440,1882629,26625,512,0f41e20848de6408cce7b1c5f57f0212c9401233ca75c7b6652c8ea62bfcd43f,1241,0,150,16
0,18,0,1,3,0.060098225000000005,0.038009000000000001,0.010366999999999999,179150848,NA,NA,NA,NA,NA,NA,NA,NA,1968568,2240463,32773,1,c491f4791a93a71124b9219b05e718490cf6bd1c68b1ec8fc6a6550e31f844b1,1122,0,27,9
0,18,1,0,3,0.060184097000000006,0.038849999999999996,0.0096839999999999999,179404800,NA,NA,NA,NA,NA,NA,NA,NA,1968568,2240463,32773,1,c491f4791a93a71124b9219b05e718490cf6bd1c68b1ec8fc6a6550e31f844b1,679,0,37,10
0,18,0,1,2,0.041015531000000001,0.026041999999999999,0.0037269999999999998,131244032,NA,NA,NA,NA,NA,NA,NA,NA,837856,318511,16385,4096,b4f737276339a7626b246c204b626e79f9d9ec0f1f160233a5aa1c27728af83f,1072,0,19,7
0,18,1,0,2,0.040700680000000003,0.022897000000000001,0.0065239999999999994,131440640,NA,NA,NA,NA,NA,NA,NA,NA,837856,318511,16385,4096,b4f737276339a7626b246c204b626e79f9d9ec0f1f160233a5aa1c27728af83f,1075,0,24,8
0,19,0,1,4,0.19947636600000002,0.16309099999999999,0.016990999999999999,428580864,NA,NA,NA,NA,NA,NA,NA,NA,5833440,1882629,26625,512,0f41e20848de6408cce7b1c5f57f0212c9401233ca75c7b6652c8ea62bfcd43f,1240,0,186,18
0,19,1,0,4,0.199319621,0.16348499999999999,0.01669,428621824,NA,NA,NA,NA,NA,NA,NA,NA,5833440,1882629,26625,512,0f41e20848de6408cce7b1c5f57f0212c9401233ca75c7b6652c8ea62bfcd43f,1240,0,173,22
0,19,0,0,3,0.061146179000000002,0.039465,0.009866999999999999,179482624,NA,NA,NA,NA,NA,NA,NA,NA,1968568,2240463,32773,1,c491f4791a93a71124b9219b05e718490cf6bd1c68b1ec8fc6a6550e31f844b1,1127,0,35,9
0,19,1,1,3,0.060192591000000004,0.048895999999999995,0,179425280,NA,NA,NA,NA,NA,NA,NA,NA,1968568,2240463,32773,1,c491f4791a93a71124b9219b05e718490cf6bd1c68b1ec8fc6a6550e31f844b1,675,0,46,9
0,19,0,0,2,0.041006653000000004,0.023163,0.0066249999999999998,131530752,NA,NA,NA,NA,NA,NA,NA,NA,837856,318511,16385,4096,b4f737276339a7626b246c204b626e79f9d9ec0f1f160233a5aa1c27728af83f,629,0,21,6
0,19,1,1,2,0.041253597000000003,0.023320999999999998,0.0066730000000000001,131166208,NA,NA,NA,NA,NA,NA,NA,NA,837856,318511,16385,4096,b4f737276339a7626b246c204b626e79f9d9ec0f1f160233a5aa1c27728af83f,1070,0,22,7
0,19,0,1,5,0.44078017100000005,0.367757,0.053034999999999999,1025695744,NA,NA,NA,NA,NA,NA,NA,NA,11457352,5690734,153602,512,388033e7552b3b3255277a47381a62d5067155e67b74e663ad0ac019ed72fc50,1584,0,284,19
0,19,1,0,5,0.44375032800000003,0.35388999999999998,0.060657999999999997,1026007040,NA,NA,NA,NA,NA,NA,NA,NA,11457352,5690734,153602,512,388033e7552b3b3255277a47381a62d5067155e67b74e663ad0ac019ed72fc50,1141,0,193,24
0,19,0,1,1,0.055479322000000005,0.036518999999999996,0.0073069999999999993,156319744,NA,NA,NA,NA,NA,NA,NA,NA,994016,407679,8197,1,76f10b65f44b546f736cef2848789238eb7a5f77ce08b564ccca55b5bdc08f36,1081,0,26,7
0,19,1,0,1,0.055892574,0.040940999999999998,0.0034129999999999998,156528640,NA,NA,NA,NA,NA,NA,NA,NA,994016,407679,8197,1,76f10b65f44b546f736cef2848789238eb7a5f77ce08b564ccca55b5bdc08f36,1106,0,37,8
0,19,0,1,0,0.018888973,0.0041069999999999995,0.0041069999999999995,55275520,NA,NA,NA,NA,NA,NA,NA,NA,2408,135,5,1,3d4d37e7dcef36139698862d60d536450dfb480779ac0676046a82e065e8af0f,1028,0,11,3
0,19,1,0,0,0.018320467,0.0051440000000000001,0.0025729999999999998,55414784,NA,NA,NA,NA,NA,NA,NA,NA,2408,135,5,1,3d4d37e7dcef36139698862d60d536450dfb480779ac0676046a82e065e8af0f,1031,0,11,4
0,20,0,1,1,0.055001174000000007,0.043443999999999997,0,156876800,NA,NA,NA,NA,NA,NA,NA,NA,994016,407679,8197,1,76f10b65f44b546f736cef2848789238eb7a5f77ce08b564ccca55b5bdc08f36,645,0,22,9
0,20,1,0,1,0.056339823000000004,0.031948999999999998,0.012784999999999999,156356608,NA,NA,NA,NA,NA,NA,NA,NA,994016,407679,8197,1,76f10b65f44b546f736cef2848789238eb7a5f77ce08b564ccca55b5bdc08f36,1082,0,18,10
0,20,0,1,5,0.43629138200000001,0.34482099999999999,0.070311999999999999,1025806336,NA,NA,NA,NA,NA,NA,NA,NA,11457352,5690734,153602,512,388033e7552b3b3255277a47381a62d5067155e67b74e663ad0ac019ed72fc50,1586,0,68,21
0,20,1,0,5,0.44409004300000005,0.35184799999999999,0.063061999999999993,1025564672,NA,NA,NA,NA,NA,NA,NA,NA,11457352,5690734,153602,512,388033e7552b3b3255277a47381a62d5067155e67b74e663ad0ac019ed72fc50,1582,0,82,15
0,20,0,1,3,0.060497383000000002,0.034648999999999999,0.013869999999999999,179294208,NA,NA,NA,NA,NA,NA,NA,NA,1968568,2240463,32773,1,c491f4791a93a71124b9219b05e718490cf6bd1c68b1ec8fc6a6550e31f844b1,1153,0,28,8
0,20,1,0,3,0.060191561000000005,0.038668000000000001,0.0096410000000000003,179535872,NA,NA,NA,NA,NA,NA,NA,NA,1968568,2240463,32773,1,c491f4791a93a71124b9219b05e718490cf6bd1c68b1ec8fc6a6550e31f844b1,682,0,23,10
0,20,0,1,2,0.040978090000000002,0.023174,0.0065859999999999998,131518464,NA,NA,NA,NA,NA,NA,NA,NA,837856,318511,16385,4096,b4f737276339a7626b246c204b626e79f9d9ec0f1f160233a5aa1c27728af83f,630,0,25,7
0,20,1,0,2,0.041091003000000001,0.029748,0,131121152,NA,NA,NA,NA,NA,NA,NA,NA,837856,318511,16385,4096,b4f737276339a7626b246c204b626e79f9d9ec0f1f160233a5aa1c27728af83f,1067,0,26,7
0,20,0,1,0,0.019893002,0.00299,0.0059699999999999996,55861248,NA,NA,NA,NA,NA,NA,NA,NA,2408,135,5,1,3d4d37e7dcef36139698862d60d536450dfb480779ac0676046a82e065e8af0f,592,0,10,4
0,20,1,0,0,0.019939420000000003,0.0029029999999999998,0.0057919999999999994,55361536,NA,NA,NA,NA,NA,NA,NA,NA,2408,135,5,1,3d4d37e7dcef36139698862d60d536450dfb480779ac0676046a82e065e8af0f,1029,0,10,4
0,20,0,1,4,0.19989653300000002,0.160747,0.019696999999999999,428281856,NA,NA,NA,NA,NA,NA,NA,NA,5833440,1882629,26625,512,0f41e20848de6408cce7b1c5f57f0212c9401233ca75c7b6652c8ea62bfcd43f,1237,0,183,25
0,20,1,0,4,0.19789042300000001,0.14912899999999998,0.029176999999999998,428306432,NA,NA,NA,NA,NA,NA,NA,NA,5833440,1882629,26625,512,0f41e20848de6408cce7b1c5f57f0212c9401233ca75c7b6652c8ea62bfcd43f,1239,0,162,16
0,21,0,0,1,0.056100755000000002,0.030716,0.013649999999999999,156368896,NA,NA,NA,NA,NA,NA,NA,NA,994016,407679,8197,1,76f10b65f44b546f736cef2848789238eb7a5f77ce08b564ccca55b5bdc08f36,1083,0,36,8
0,21,1,1,1,0.055157867000000006,0.043489,0,156479488,NA,NA,NA,NA,NA,NA,NA,NA,994016,407679,8197,1,76f10b65f44b546f736cef2848789238eb7a5f77ce08b564ccca55b5bdc08f36,639,0,24,9
0,21,0,0,3,0.060667312000000001,0.042527999999999996,0.0060809999999999996,179736576,NA,NA,NA,NA,NA,NA,NA,NA,1968568,2240463,32773,1,c491f4791a93a71124b9219b05e718490cf6bd1c68b1ec8fc6a6550e31f844b1,684,0,38,10
0,21,1,1,3,0.059686142000000005,0.041430000000000002,0.0069099999999999995,179429376,NA,NA,NA,NA,NA,NA,NA,NA,1968568,2240463,32773,1,c491f4791a93a71124b9219b05e718490cf6bd1c68b1ec8fc6a6550e31f844b1,681,0,32,11
0,21,0,0,2,0.040557843000000003,0.025697999999999999,0.0036739999999999997,131002368,NA,NA,NA,NA,NA,NA,NA,NA,837856,318511,16385,4096,b4f737276339a7626b246c204b626e79f9d9ec0f1f160233a5aa1c27728af83f,1070,0,24,7
0,21,1,1,2,0.040839390000000003,0.023071999999999999,0.0065750000000000001,131264512,NA,NA,NA,NA,NA,NA,NA,NA,837856,318511,16385,4096,b4f737276339a7626b246c204b626e79f9d9ec0f1f160233a5aa1c27728af83f,1074,0,27,7
0,21,0,0,5,0.43343814500000005,0.37246799999999997,0.039911999999999996,1026002944,NA,NA,NA,NA,NA,NA,NA,NA,11457352,5690734,153602,512,388033e7552b3b3255277a47381a62d5067155e67b74e663ad0ac019ed72fc50,1140,0,197,22
0,21,1,1,5,0.43806078600000004,0.36685999999999996,0.050483,1026056192,NA,NA,NA,NA,NA,NA,NA,NA,11457352,5690734,153602,512,388033e7552b3b3255277a47381a62d5067155e67b74e663ad0ac019ed72fc50,1606,0,209,16
0,21,0,0,4,0.19796070500000001,0.16849599999999998,0.010112999999999999,428601344,NA,NA,NA,NA,NA,NA,NA,NA,5833440,1882629,26625,512,0f41e20848de6408cce7b1c5f57f0212c9401233ca75c7b6652c8ea62bfcd43f,793,0,127,13
0,21,1,1,4,0.19991410500000001,0.16053000000000001,0.020062,428474368,NA,NA,NA,NA,NA,NA,NA,NA,5833440,1882629,26625,512,0f41e20848de6408cce7b1c5f57f0212c9401233ca75c7b6652c8ea62bfcd43f,795,0,141,13
0,21,0,0,0,0.018956899000000003,0.0027959999999999999,0.0055959999999999994,55549952,NA,NA,NA,NA,NA,NA,NA,NA,2408,135,5,1,3d4d37e7dcef36139698862d60d536450dfb480779ac0676046a82e065e8af0f,1035,0,13,3
0,21,1,1,0,0.018774297000000002,0.0027099999999999997,0.0054289999999999998,55697408,NA,NA,NA,NA,NA,NA,NA,NA,2408,135,5,1,3d4d37e7dcef36139698862d60d536450dfb480779ac0676046a82e065e8af0f,589,0,10,4
0,22,0,1,0,0.018183039000000002,0.0077629999999999999,0,55234560,NA,NA,NA,NA,NA,NA,NA,NA,2408,135,5,1,3d4d37e7dcef36139698862d60d536450dfb480779ac0676046a82e065e8af0f,1026,0,10,3
0,22,1,0,0,0.018473072,0.0052209999999999999,0.002617,55169024,NA,NA,NA,NA,NA,NA,NA,NA,2408,135,5,1,3d4d37e7dcef36139698862d60d536450dfb480779ac0676046a82e065e8af0f,1027,0,10,5
0,22,0,1,5,0.43679218000000003,0.37304599999999999,0.043295,1025957888,NA,NA,NA,NA,NA,NA,NA,NA,11457352,5690734,153602,512,388033e7552b3b3255277a47381a62d5067155e67b74e663ad0ac019ed72fc50,1140,0,177,19
0,22,1,0,5,0.43621816300000005,0.36844099999999996,0.046900999999999998,1025638400,NA,NA,NA,NA,NA,NA,NA,NA,11457352,5690734,153602,512,388033e7552b3b3255277a47381a62d5067155e67b74e663ad0ac019ed72fc50,1585,0,133,16
0,22,0,0,1,0.056011908000000006,0.040923000000000001,0.0034129999999999998,156581888,NA,NA,NA,NA,NA,NA,NA,NA,994016,407679,8197,1,76f10b65f44b546f736cef2848789238eb7a5f77ce08b564ccca55b5bdc08f36,1105,0,39,8
0,22,1,1,1,0.055599817000000003,0.037414999999999997,0.0067799999999999996,156377088,NA,NA,NA,NA,NA,NA,NA,NA,994016,407679,8197,1,76f10b65f44b546f736cef2848789238eb7a5f77ce08b564ccca55b5bdc08f36,1083,0,21,8
0,22,0,0,2,0.041227367000000001,0.023816,0.00596,131133440,NA,NA,NA,NA,NA,NA,NA,NA,837856,318511,16385,4096,b4f737276339a7626b246c204b626e79f9d9ec0f1f160233a5aa1c27728af83f,1069,0,24,8
0,22,1,1,2,0.041315381000000005,0.020032999999999999,0.010017,131244032,NA,NA,NA,NA,NA,NA,NA,NA,837856,318511,16385,4096,b4f737276339a7626b246c204b626e79f9d9ec0f1f160233a5aa1c27728af83f,1071,0,26,6
0,22,0,0,4,0.191822193,0.152395,0.027708999999999998,428376064,NA,NA,NA,NA,NA,NA,NA,NA,5833440,1882629,26625,512,0f41e20848de6408cce7b1c5f57f0212c9401233ca75c7b6652c8ea62bfcd43f,1238,0,160,16
0,22,1,1,4,0.19918935700000001,0.15651999999999999,0.023304999999999999,428412928,NA,NA,NA,NA,NA,NA,NA,NA,5833440,1882629,26625,512,0f41e20848de6408cce7b1c5f57f0212c9401233ca75c7b6652c8ea62bfcd43f,1242,0,62,15
0,22,0,0,3,0.061427165000000006,0.043102999999999995,0.0066309999999999997,179564544,NA,NA,NA,NA,NA,NA,NA,NA,1968568,2240463,32773,1,c491f4791a93a71124b9219b05e718490cf6bd1c68b1ec8fc6a6550e31f844b1,682,0,38,10
0,22,1,1,3,0.060208090000000006,0.041440999999999999,0.0069089999999999993,179142656,NA,NA,NA,NA,NA,NA,NA,NA,1968568,2240463,32773,1,c491f4791a93a71124b9219b05e718490cf6bd1c68b1ec8fc6a6550e31f844b1,1123,0,54,7
0,23,0,1,1,0.055712608000000004,0.031550000000000002,0.012622,156405760,NA,NA,NA,NA,NA,NA,NA,NA,994016,407679,8197,1,76f10b65f44b546f736cef2848789238eb7a5f77ce08b564ccca55b5bdc08f36,1081,0,38,9
0,23,1,0,1,0.055789172000000005,0.033991,0.010199999999999999,156450816,NA,NA,NA,NA,NA,NA,NA,NA,994016,407679,8197,1,76f10b65f44b546f736cef2848789238eb7a5f77ce08b564ccca55b5bdc08f36,637,0,46,9
0,23,0,1,2,0.041439565000000005,0.020971999999999998,0.0089969999999999998,131141632,NA,NA,NA,NA,NA,NA,NA,NA,837856,318511,16385,4096,b4f737276339a7626b246c204b626e79f9d9ec0f1f160233a5aa1c27728af83f,1071,0,29,7
0,23,1,0,2,0.040742308000000005,0.026232999999999999,0.003271,131346432,NA,NA,NA,NA,NA,NA,NA,NA,837856,318511,16385,4096,b4f737276339a7626b246c204b626e79f9d9ec0f1f160233a5aa1c27728af83f,627,0,29,7
0,23,0,0,0,0.019278212000000003,0.005672,0.0028409999999999998,55136256,NA,NA,NA,NA,NA,NA,NA,NA,2408,135,5,1,3d4d37e7dcef36139698862d60d536450dfb480779ac0676046a82e065e8af0f,1026,0,12,4
0,23,1,1,0,0.018891998,0.0080909999999999992,0,55414784,NA,NA,NA,NA,NA,NA,NA,NA,2408,135,5,1,3d4d37e7dcef36139698862d60d536450dfb480779ac0676046a82e065e8af0f,584,0,11,3
0,23,0,1,3,0.060288060000000004,0.041279999999999997,0.0068789999999999997,179253248,NA,NA,NA,NA,NA,NA,NA,NA,1968568,2240463,32773,1,c491f4791a93a71124b9219b05e718490cf6bd1c68b1ec8fc6a6550e31f844b1,1126,0,38,9
0,23,1,0,3,0.060773139000000004,0.033662999999999998,0.015304999999999999,179277824,NA,NA,NA,NA,NA,NA,NA,NA,1968568,2240463,32773,1,c491f4791a93a71124b9219b05e718490cf6bd1c68b1ec8fc6a6550e31f844b1,1125,0,42,10
0,23,0,1,4,0.19842558600000001,0.16237799999999999,0.016574999999999999,428318720,NA,NA,NA,NA,NA,NA,NA,NA,5833440,1882629,26625,512,0f41e20848de6408cce7b1c5f57f0212c9401233ca75c7b6652c8ea62bfcd43f,1237,0,129,16
0,23,1,0,4,0.19878147400000001,0.15915799999999999,0.020316999999999998,428544000,NA,NA,NA,NA,NA,NA,NA,NA,5833440,1882629,26625,512,0f41e20848de6408cce7b1c5f57f0212c9401233ca75c7b6652c8ea62bfcd43f,1242,0,189,13
0,23,0,0,5,0.43806291900000005,0.379853,0.036971999999999998,1025724416,NA,NA,NA,NA,NA,NA,NA,NA,11457352,5690734,153602,512,388033e7552b3b3255277a47381a62d5067155e67b74e663ad0ac019ed72fc50,1586,0,198,21
0,23,1,1,5,0.44582982300000001,0.36080899999999999,0.056236999999999995,1025888256,NA,NA,NA,NA,NA,NA,NA,NA,11457352,5690734,153602,512,388033e7552b3b3255277a47381a62d5067155e67b74e663ad0ac019ed72fc50,1586,0,225,13
0,24,0,0,2,0.040879255000000003,0.019702000000000001,0.0098630000000000002,131543040,NA,NA,NA,NA,NA,NA,NA,NA,837856,318511,16385,4096,b4f737276339a7626b246c204b626e79f9d9ec0f1f160233a5aa1c27728af83f,630,0,27,6
0,24,1,1,2,0.041386104,0.023341000000000001,0.0066779999999999999,131026944,NA,NA,NA,NA,NA,NA,NA,NA,837856,318511,16385,4096,b4f737276339a7626b246c204b626e79f9d9ec0f1f160233a5aa1c27728af83f,1071,0,23,7
0,24,0,1,5,0.43616274800000004,0.37487499999999996,0.040166,1025908736,NA,NA,NA,NA,NA,NA,NA,NA,11457352,5690734,153602,512,388033e7552b3b3255277a47381a62d5067155e67b74e663ad0ac019ed72fc50,1588,0,226,22
0,24,1,0,5,0.44299391800000004,0.37422499999999997,0.039737999999999996,1025712128,NA,NA,NA,NA,NA,NA,NA,NA,11457352,5690734,153602,512,388033e7552b3b3255277a47381a62d5067155e67b74e663ad0ac019ed72fc50,1582,0,198,16
0,24,0,1,1,0.055521659000000001,0.033889999999999997,0.010159,156463104,NA,NA,NA,NA,NA,NA,NA,NA,994016,407679,8197,1,76f10b65f44b546f736cef2848789238eb7a5f77ce08b564ccca55b5bdc08f36,1085,0,19,8
0,24,1,0,1,0.055695526000000002,0.037385000000000002,0.0067999999999999996,156241920,NA,NA,NA,NA,NA,NA,NA,NA,994016,407679,8197,1,76f10b65f44b546f736cef2848789238eb7a5f77ce08b564ccca55b5bdc08f36,1080,0,23,8
0,24,0,1,0,0.018683978,0.0080719999999999993,0,55660544,NA,NA,NA,NA,NA,NA,NA,NA,2408,135,5,1,3d4d37e7dcef36139698862d60d536450dfb480779ac0676046a82e065e8af0f,586,0,15,4
0,24,1,0,0,0.01840201,0.0077349999999999997,0,55353344,NA,NA,NA,NA,NA,NA,NA,NA,2408,135,5,1,3d4d37e7dcef36139698862d60d536450dfb480779ac0676046a82e065e8af0f,1028,0,12,4
0,24,0,1,3,0.060217328000000001,0.038052999999999997,0.010374,179208192,NA,NA,NA,NA,NA,NA,NA,NA,1968568,2240463,32773,1,c491f4791a93a71124b9219b05e718490cf6bd1c68b1ec8fc6a6550e31f844b1,1122,0,46,9
0,24,1,0,3,0.060228939000000002,0.038678999999999998,0.0096600000000000002,179499008,NA,NA,NA,NA,NA,NA,NA,NA,1968568,2240463,32773,1,c491f4791a93a71124b9219b05e718490cf6bd1c68b1ec8fc6a6550e31f844b1,679,0,48,8
0,24,0,1,4,0.19924256600000001,0.15944999999999998,0.020353,428584960,NA,NA,NA,NA,NA,NA,NA,NA,5833440,1882629,26625,512,0f41e20848de6408cce7b1c5f57f0212c9401233ca75c7b6652c8ea62bfcd43f,1241,0,168,15
0,24,1,0,4,0.19947908,0.16233300000000001,0.016896999999999999,428638208,NA,NA,NA,NA,NA,NA,NA,NA,5833440,1882629,26625,512,0f41e20848de6408cce7b1c5f57f0212c9401233ca75c7b6652c8ea62bfcd43f,796,0,54,13
0,25,0,0,5,0.44287182000000003,0.35356899999999997,0.060061999999999997,1025884160,NA,NA,NA,NA,NA,NA,NA,NA,11457352,5690734,153602,512,388033e7552b3b3255277a47381a62d5067155e67b74e663ad0ac019ed72fc50,1134,0,154,22
0,25,1,1,5,0.445368498,0.38243199999999999,0.032982999999999998,1025667072,NA,NA,NA,NA,NA,NA,NA,NA,11457352,5690734,153602,512,388033e7552b3b3255277a47381a62d5067155e67b74e663ad0ac019ed72fc50,1581,0,223,33
0,25,0,0,3,0.060512562000000006,0.045232999999999995,0.00348,179122176,NA,NA,NA,NA,NA,NA,NA,NA,1968568,2240463,32773,1,c491f4791a93a71124b9219b05e718490cf6bd1c68b1ec8fc6a6550e31f844b1,1122,0,40,8
0,25,1,1,3,0.060477275000000004,0.045177999999999996,0.0032289999999999997,179396608,NA,NA,NA,NA,NA,NA,NA,NA,1968568,2240463,32773,1,c491f4791a93a71124b9219b05e718490cf6bd1c68b1ec8fc6a6550e31f844b1,1147,0,38,10
0,25,0,0,0,0.018825884000000001,0.0054169999999999999,0.0027099999999999997,55590912,NA,NA,NA,NA,NA,NA,NA,NA,2408,135,5,1,3d4d37e7dcef36139698862d60d536450dfb480779ac0676046a82e065e8af0f,587,0,11,3
0,25,1,1,0,0.018404434000000001,0.0025929999999999998,0.0051919999999999996,55578624,NA,NA,NA,NA,NA,NA,NA,NA,2408,135,5,1,3d4d37e7dcef36139698862d60d536450dfb480779ac0676046a82e065e8af0f,587,0,12,5
0,25,0,0,4,0.197306068,0.15443699999999999,0.02351,428318720,NA,NA,NA,NA,NA,NA,NA,NA,5833440,1882629,26625,512,0f41e20848de6408cce7b1c5f57f0212c9401233ca75c7b6652c8ea62bfcd43f,1236,0,138,17
0,25,1,1,4,0.19897582600000002,0.16294799999999998,0.016611999999999998,428498944,NA,NA,NA,NA,NA,NA,NA,NA,5833440,1882629,26625,512,0f41e20848de6408cce7b1c5f57f0212c9401233ca75c7b6652c8ea62bfcd43f,1264,0,158,16
0,25,0,0,1,0.056318333000000005,0.035070999999999998,0.0095779999999999997,156389376,NA,NA,NA,NA,NA,NA,NA,NA,994016,407679,8197,1,76f10b65f44b546f736cef2848789238eb7a5f77ce08b564ccca55b5bdc08f36,1082,0,27,10
0,25,1,1,1,0.055666421000000001,0.033909999999999996,0.010178,156680192,NA,NA,NA,NA,NA,NA,NA,NA,994016,407679,8197,1,76f10b65f44b546f736cef2848789238eb7a5f77ce08b564ccca55b5bdc08f36,643,0,20,9
0,25,0,1,2,0.040911034000000006,0.019682999999999999,0.0098359999999999993,131715072,NA,NA,NA,NA,NA,NA,NA,NA,837856,318511,16385,4096,b4f737276339a7626b246c204b626e79f9d9ec0f1f160233a5aa1c27728af83f,634,0,30,7
0,25,1,0,2,0.040779809,0.019812,0.0099139999999999992,131026944,NA,NA,NA,NA,NA,NA,NA,NA,837856,318511,16385,4096,b4f737276339a7626b246c204b626e79f9d9ec0f1f160233a5aa1c27728af83f,1069,0,19,7
0,26,0,1,4,0.19923067400000002,0.16322,0.016656999999999998,428957696,NA,NA,NA,NA,NA,NA,NA,NA,5833440,1882629,26625,512,0f41e20848de6408cce7b1c5f57f0212c9401233ca75c7b6652c8ea62bfcd43f,801,0,115,16
0,26,1,0,4,0.19791339500000002,0.15856999999999999,0.020243999999999998,428429312,NA,NA,NA,NA,NA,NA,NA,NA,5833440,1882629,26625,512,0f41e20848de6408cce7b1c5f57f0212c9401233ca75c7b6652c8ea62bfcd43f,1237,0,170,14
0,26,0,1,0,0.019329759000000002,0.0086350000000000003,0,55373824,NA,NA,NA,NA,NA,NA,NA,NA,2408,135,5,1,3d4d37e7dcef36139698862d60d536450dfb480779ac0676046a82e065e8af0f,1029,0,11,4
0,26,1,0,0,0.019675204000000002,0.0041710000000000002,0.0041640000000000002,55439360,NA,NA,NA,NA,NA,NA,NA,NA,2408,135,5,1,3d4d37e7dcef36139698862d60d536450dfb480779ac0676046a82e065e8af0f,1027,0,11,3
0,26,0,1,1,0.055334689000000006,0.039980999999999996,0.003627,156405760,NA,NA,NA,NA,NA,NA,NA,NA,994016,407679,8197,1,76f10b65f44b546f736cef2848789238eb7a5f77ce08b564ccca55b5bdc08f36,1083,0,36,9
0,26,1,0,1,0.055624864000000003,0.037707999999999998,0.0062889999999999995,156422144,NA,NA,NA,NA,NA,NA,NA,NA,994016,407679,8197,1,76f10b65f44b546f736cef2848789238eb7a5f77ce08b564ccca55b5bdc08f36,1120,0,27,8
0,26,0,0,5,0.43406925600000001,0.381054,0.032119000000000002,1025617920,NA,NA,NA,NA,NA,NA,NA,NA,11457352,5690734,153602,512,388033e7552b3b3255277a47381a62d5067155e67b74e663ad0ac019ed72fc50,1585,0,216,19
0,26,1,1,5,0.43799645400000004,0.36812999999999996,0.050189999999999999,1025892352,NA,NA,NA,NA,NA,NA,NA,NA,11457352,5690734,153602,512,388033e7552b3b3255277a47381a62d5067155e67b74e663ad0ac019ed72fc50,1587,0,187,20
0,26,0,1,3,0.059830453000000006,0.037707999999999998,0.010286999999999999,179507200,NA,NA,NA,NA,NA,NA,NA,NA,1968568,2240463,32773,1,c491f4791a93a71124b9219b05e718490cf6bd1c68b1ec8fc6a6550e31f844b1,1146,0,25,8
0,26,1,0,3,0.060242525000000005,0.042140999999999998,0.0064719999999999995,179322880,NA,NA,NA,NA,NA,NA,NA,NA,1968568,2240463,32773,1,c491f4791a93a71124b9219b05e718490cf6bd1c68b1ec8fc6a6550e31f844b1,1124,0,45,10
0,26,0,0,2,0.040545939000000003,0.025845999999999997,0.003679,131674112,NA,NA,NA,NA,NA,NA,NA,NA,837856,318511,16385,4096,b4f737276339a7626b246c204b626e79f9d9ec0f1f160233a5aa1c27728af83f,625,0,37,7
0,26,1,1,2,0.040980904000000005,0.023075999999999999,0.0065689999999999993,131469312,NA,NA,NA,NA,NA,NA,NA,NA,837856,318511,16385,4096,b4f737276339a7626b246c204b626e79f9d9ec0f1f160233a5aa1c27728af83f,1095,0,23,7
0,27,0,0,1,0.055776276000000007,0.034544999999999999,0.0094279999999999989,156762112,NA,NA,NA,NA,NA,NA,NA,NA,994016,407679,8197,1,76f10b65f44b546f736cef2848789238eb7a5f77ce08b564ccca55b5bdc08f36,640,0,17,9
0,27,1,1,1,0.055205818000000004,0.036922999999999997,0.0067149999999999996,156553216,NA,NA,NA,NA,NA,NA,NA,NA,994016,407679,8197,1,76f10b65f44b546f736cef2848789238eb7a5f77ce08b564ccca55b5bdc08f36,641,0,28,9
0,27,0,0,4,0.19896063800000002,0.166353,0.013304,428658688,NA,NA,NA,NA,NA,NA,NA,NA,5833440,1882629,26625,512,0f41e20848de6408cce7b1c5f57f0212c9401233ca75c7b6652c8ea62bfcd43f,793,0,157,16
0,27,1,1,4,0.198640128,0.155892,0.023219,428580864,NA,NA,NA,NA,NA,NA,NA,NA,5833440,1882629,26625,512,0f41e20848de6408cce7b1c5f57f0212c9401233ca75c7b6652c8ea62bfcd43f,793,0,117,13
0,27,0,0,0,0.019207148,0.004215,0.0042139999999999999,55693312,NA,NA,NA,NA,NA,NA,NA,NA,2408,135,5,1,3d4d37e7dcef36139698862d60d536450dfb480779ac0676046a82e065e8af0f,587,0,10,3
0,27,1,1,0,0.018531333000000001,0.007918999999999999,0,55496704,NA,NA,NA,NA,NA,NA,NA,NA,2408,135,5,1,3d4d37e7dcef36139698862d60d536450dfb480779ac0676046a82e065e8af0f,585,0,11,4
0,27,0,0,3,0.060957876000000001,0.042358,0.006509,179048448,NA,NA,NA,NA,NA,NA,NA,NA,1968568,2240463,32773,1,c491f4791a93a71124b9219b05e718490cf6bd1c68b1ec8fc6a6550e31f844b1,1121,0,54,10
0,27,1,1,3,0.064572088,0.042661999999999999,0.0060999999999999995,179159040,NA,NA,NA,NA,NA,NA,NA,NA,1968568,2240463,32773,1,c491f4791a93a71124b9219b05e718490cf6bd1c68b1ec8fc6a6550e31f844b1,1120,0,55,9
0,27,0,1,2,0.040998028000000006,0.022997999999999998,0.0065789999999999998,130965504,NA,NA,NA,NA,NA,NA,NA,NA,837856,318511,16385,4096,b4f737276339a7626b246c204b626e79f9d9ec0f1f160233a5aa1c27728af83f,1070,0,24,7
0,27,1,0,2,0.041181021000000005,0.020735,0.0088999999999999999,131166208,NA,NA,NA,NA,NA,NA,NA,NA,837856,318511,16385,4096,b4f737276339a7626b246c204b626e79f9d9ec0f1f160233a5aa1c27728af83f,1068,0,30,7
0,27,0,1,5,0.44441581200000002,0.36151699999999998,0.053046999999999997,1025544192,NA,NA,NA,NA,NA,NA,NA,NA,11457352,5690734,153602,512,388033e7552b3b3255277a47381a62d5067155e67b74e663ad0ac019ed72fc50,1580,0,254,20
0,27,1,0,5,0.431291961,0.373471,0.036667999999999999,1025732608,NA,NA,NA,NA,NA,NA,NA,NA,11457352,5690734,153602,512,388033e7552b3b3255277a47381a62d5067155e67b74e663ad0ac019ed72fc50,1585,0,28,24
0,28,0,0,5,0.44424567200000004,0.38421699999999998,0.033412999999999998,1025482752,NA,NA,NA,NA,NA,NA,NA,NA,11457352,5690734,153602,512,388033e7552b3b3255277a47381a62d5067155e67b74e663ad0ac019ed72fc50,1581,0,160,29
0,28,1,1,5,0.44065444400000003,0.38037899999999997,0.036711000000000001,1025724416,NA,NA,NA,NA,NA,NA,NA,NA,11457352,5690734,153602,512,388033e7552b3b3255277a47381a62d5067155e67b74e663ad0ac019ed72fc50,1583,0,162,17
0,28,0,0,4,0.19910611,0.14974999999999999,0.029966999999999997,428707840,NA,NA,NA,NA,NA,NA,NA,NA,5833440,1882629,26625,512,0f41e20848de6408cce7b1c5f57f0212c9401233ca75c7b6652c8ea62bfcd43f,792,0,158,12
0,28,1,1,4,0.199476605,0.15667399999999998,0.023323999999999998,428318720,NA,NA,NA,NA,NA,NA,NA,NA,5833440,1882629,26625,512,0f41e20848de6408cce7b1c5f57f0212c9401233ca75c7b6652c8ea62bfcd43f,1238,0,188,15
0,28,0,0,0,0.019902942,0.0044529999999999995,0.0044520000000000002,55312384,NA,NA,NA,NA,NA,NA,NA,NA,2408,135,5,1,3d4d37e7dcef36139698862d60d536450dfb480779ac0676046a82e065e8af0f,1027,0,10,4
0,28,1,1,0,0.018567690000000001,0.0078859999999999989,0,55562240,NA,NA,NA,NA,NA,NA,NA,NA,2408,135,5,1,3d4d37e7dcef36139698862d60d536450dfb480779ac0676046a82e065e8af0f,587,0,13,3
0,28,0,1,1,0.055303371000000004,0.036930999999999999,0.0067189999999999993,156413952,NA,NA,NA,NA,NA,NA,NA,NA,994016,407679,8197,1,76f10b65f44b546f736cef2848789238eb7a5f77ce08b564ccca55b5bdc08f36,1082,0,39,9
0,28,1,0,1,0.055743065000000001,0.040826000000000001,0.0031419999999999998,156680192,NA,NA,NA,NA,NA,NA,NA,NA,994016,407679,8197,1,76f10b65f44b546f736cef2848789238eb7a5f77ce08b564ccca55b5bdc08f36,640,0,45,9
0,28,0,0,3,0.060825828000000005,0.043057999999999999,0.0061549999999999999,179421184,NA,NA,NA,NA,NA,NA,NA,NA,1968568,2240463,32773,1,c491f4791a93a71124b9219b05e718490cf6bd1c68b1ec8fc6a6550e31f844b1,680,0,42,10
0,28,1,1,3,0.060229259000000007,0.035636999999999995,0.012959,179068928,NA,NA,NA,NA,NA,NA,NA,NA,1968568,2240463,32773,1,c491f4791a93a71124b9219b05e718490cf6bd1c68b1ec8fc6a6550e31f844b1,1120,0,40,9
0,28,0,0,2,0.040924198000000002,0.026494999999999998,0.0033149999999999998,131162112,NA,NA,NA,NA,NA,NA,NA,NA,837856,318511,16385,4096,b4f737276339a7626b246c204b626e79f9d9ec0f1f160233a5aa1c27728af83f,1068,0,33,7
0,28,1,1,2,0.040761534000000002,0.029411,0,131231744,NA,NA,NA,NA,NA,NA,NA,NA,837856,318511,16385,4096,b4f737276339a7626b246c204b626e79f9d9ec0f1f160233a5aa1c27728af83f,1070,0,21,5
0,29,0,0,1,0.055685737000000006,0.040871999999999999,0.003408,156377088,NA,NA,NA,NA,NA,NA,NA,NA,994016,407679,8197,1,76f10b65f44b546f736cef2848789238eb7a5f77ce08b564ccca55b5bdc08f36,1080,0,22,8
0,29,1,1,1,0.055797817000000006,0.027182999999999999,0.017010000000000001,156196864,NA,NA,NA,NA,NA,NA,NA,NA,994016,407679,8197,1,76f10b65f44b546f736cef2848789238eb7a5f77ce08b564ccca55b5bdc08f36,1081,0,31,9
0,29,0,1,4,0.19935734200000002,0.15650699999999998,0.023309,428548096,NA,NA,NA,NA,NA,NA,NA,NA,5833440,1882629,26625,512,0f41e20848de6408cce7b1c5f57f0212c9401233ca75c7b6652c8ea62bfcd43f,1238,0,134,16
0,29,1,0,4,0.198697815,0.159388,0.019921999999999999,428367872,NA,NA,NA,NA,NA,NA,NA,NA,5833440,1882629,26625,512,0f41e20848de6408cce7b1c5f57f0212c9401233ca75c7b6652c8ea62bfcd43f,1235,0,149,16
0,29,0,1,3,0.060716443000000002,0.038941999999999997,0.0097330000000000003,179044352,NA,NA,NA,NA,NA,NA,NA,NA,1968568,2240463,32773,1,c491f4791a93a71124b9219b05e718490cf6bd1c68b1ec8fc6a6550e31f844b1,1120,0,45,10
0,29,1,0,3,0.061181104000000007,0.042730999999999998,0.006574,179249152,NA,NA,NA,NA,NA,NA,NA,NA,1968568,2240463,32773,1,c491f4791a93a71124b9219b05e718490cf6bd1c68b1ec8fc6a6550e31f844b1,1123,0,47,9
0,29,0,1,2,0.041152467000000005,0.023184,0.0066259999999999999,131227648,NA,NA,NA,NA,NA,NA,NA,NA,837856,318511,16385,4096,b4f737276339a7626b246c204b626e79f9d9ec0f1f160233a5aa1c27728af83f,1072,0,24,8
0,29,1,0,2,0.040909843000000001,0.025919999999999999,0.0037069999999999998,131174400,NA,NA,NA,NA,NA,NA,NA,NA,837856,318511,16385,4096,b4f737276339a7626b246c204b626e79f9d9ec0f1f160233a5aa1c27728af83f,1070,0,22,7
0,29,0,1,5,0.44739293900000005,0.37428099999999997,0.043038,1025732608,NA,NA,NA,NA,NA,NA,NA,NA,11457352,5690734,153602,512,388033e7552b3b3255277a47381a62d5067155e67b74e663ad0ac019ed72fc50,1583,0,165,21
0,29,1,0,5,0.44440115400000002,0.36518400000000001,0.050243999999999997,1025998848,NA,NA,NA,NA,NA,NA,NA,NA,11457352,5690734,153602,512,388033e7552b3b3255277a47381a62d5067155e67b74e663ad0ac019ed72fc50,1588,0,137,16
0,29,0,1,0,0.020228822,0.0087790000000000003,0,55554048,NA,NA,NA,NA,NA,NA,NA,NA,2408,135,5,1,3d4d37e7dcef36139698862d60d536450dfb480779ac0676046a82e065e8af0f,1033,0,11,4
0,29,1,0,0,0.019514715000000002,0.0086549999999999995,0,55574528,NA,NA,NA,NA,NA,NA,NA,NA,2408,135,5,1,3d4d37e7dcef36139698862d60d536450dfb480779ac0676046a82e065e8af0f,1033,0,9,3
0,30,0,0,0,0.018810726,0.005241,0.0026259999999999999,55697408,NA,NA,NA,NA,NA,NA,NA,NA,2408,135,5,1,3d4d37e7dcef36139698862d60d536450dfb480779ac0676046a82e065e8af0f,586,0,9,5
0,30,1,1,0,0.019475080000000002,0.008487999999999999,0,55316480,NA,NA,NA,NA,NA,NA,NA,NA,2408,135,5,1,3d4d37e7dcef36139698862d60d536450dfb480779ac0676046a82e065e8af0f,1028,0,11,3
0,30,0,1,1,0.054941913000000002,0.036068999999999997,0.0072159999999999993,156504064,NA,NA,NA,NA,NA,NA,NA,NA,994016,407679,8197,1,76f10b65f44b546f736cef2848789238eb7a5f77ce08b564ccca55b5bdc08f36,1085,0,27,9
0,30,1,0,1,0.055872627000000001,0.037510000000000002,0.0068259999999999996,156704768,NA,NA,NA,NA,NA,NA,NA,NA,994016,407679,8197,1,76f10b65f44b546f736cef2848789238eb7a5f77ce08b564ccca55b5bdc08f36,639,0,31,8
0,30,0,0,3,0.060530234000000002,0.038977999999999999,0.0097149999999999997,179462144,NA,NA,NA,NA,NA,NA,NA,NA,1968568,2240463,32773,1,c491f4791a93a71124b9219b05e718490cf6bd1c68b1ec8fc6a6550e31f844b1,674,0,60,10
0,30,1,1,3,0.060064432000000001,0.042092999999999998,0.0064809999999999998,179601408,NA,NA,NA,NA,NA,NA,NA,NA,1968568,2240463,32773,1,c491f4791a93a71124b9219b05e718490cf6bd1c68b1ec8fc6a6550e31f844b1,682,0,45,9
0,30,0,1,2,0.040940851,0.02308,0.0066039999999999996,131092480,NA,NA,NA,NA,NA,NA,NA,NA,837856,318511,16385,4096,b4f737276339a7626b246c204b626e79f9d9ec0f1f160233a5aa1c27728af83f,1070,0,24,7
0,30,1,0,2,0.040954336000000001,0.020756,0.0089049999999999997,131178496,NA,NA,NA,NA,NA,NA,NA,NA,837856,318511,16385,4096,b4f737276339a7626b246c204b626e79f9d9ec0f1f160233a5aa1c27728af83f,1070,0,25,8
0,30,0,1,5,0.44042598500000002,0.38287599999999999,0.036320999999999999,1025720320,NA,NA,NA,NA,NA,NA,NA,NA,11457352,5690734,153602,512,388033e7552b3b3255277a47381a62d5067155e67b74e663ad0ac019ed72fc50,1582,0,269,28
0,30,1,0,5,0.44327161700000001,0.36394599999999999,0.050112999999999998,1025642496,NA,NA,NA,NA,NA,NA,NA,NA,11457352,5690734,153602,512,388033e7552b3b3255277a47381a62d5067155e67b74e663ad0ac019ed72fc50,1585,0,190,18
0,30,0,0,4,0.19942040800000002,0.16011799999999998,0.020014000000000001,428449792,NA,NA,NA,NA,NA,NA,NA,NA,5833440,1882629,26625,512,0f41e20848de6408cce7b1c5f57f0212c9401233ca75c7b6652c8ea62bfcd43f,1266,0,132,10
0,30,1,1,4,0.20760479400000001,0.15928799999999999,0.019913,428654592,NA,NA,NA,NA,NA,NA,NA,NA,5833440,1882629,26625,512,0f41e20848de6408cce7b1c5f57f0212c9401233ca75c7b6652c8ea62bfcd43f,795,0,118,13
0,31,0,1,4,0.19965449800000001,0.162774,0.016954,428281856,NA,NA,NA,NA,NA,NA,NA,NA,5833440,1882629,26625,512,0f41e20848de6408cce7b1c5f57f0212c9401233ca75c7b6652c8ea62bfcd43f,1237,0,98,12
0,31,1,0,4,0.20495494,0.16093499999999999,0.019292,428326912,NA,NA,NA,NA,NA,NA,NA,NA,5833440,1882629,26625,512,0f41e20848de6408cce7b1c5f57f0212c9401233ca75c7b6652c8ea62bfcd43f,1237,0,153,21
0,31,0,1,3,0.061130248000000005,0.040136999999999999,0.0092619999999999994,179138560,NA,NA,NA,NA,NA,NA,NA,NA,1968568,2240463,32773,1,c491f4791a93a71124b9219b05e718490cf6bd1c68b1ec8fc6a6550e31f844b1,1124,0,50,11
0,31,1,0,3,0.060316053000000001,0.036589999999999998,0.012199,179429376,NA,NA,NA,NA,NA,NA,NA,NA,1968568,2240463,32773,1,c491f4791a93a71124b9219b05e718490cf6bd1c68b1ec8fc6a6550e31f844b1,680,0,47,9
0,31,0,1,0,0.018919628000000001,0.0041229999999999999,0.0041240000000000001,55861248,NA,NA,NA,NA,NA,NA,NA,NA,2408,135,5,1,3d4d37e7dcef36139698862d60d536450dfb480779ac0676046a82e065e8af0f,590,0,13,3
0,31,1,0,0,0.019152116,0.0041919999999999995,0.0041919999999999995,55484416,NA,NA,NA,NA,NA,NA,NA,NA,2408,135,5,1,3d4d37e7dcef36139698862d60d536450dfb480779ac0676046a82e065e8af0f,1033,0,11,4
0,31,0,0,1,0.055460434000000003,0.036524999999999995,0.0073089999999999995,156372992,NA,NA,NA,NA,NA,NA,NA,NA,994016,407679,8197,1,76f10b65f44b546f736cef2848789238eb7a5f77ce08b564ccca55b5bdc08f36,1080,0,30,9
0,31,1,1,1,0.059142925000000006,0.036995,0.0067329999999999994,156741632,NA,NA,NA,NA,NA,NA,NA,NA,994016,407679,8197,1,76f10b65f44b546f736cef2848789238eb7a5f77ce08b564ccca55b5bdc08f36,635,0,34,9
0,31,0,0,2,0.040826296000000005,0.029544999999999998,0,131321856,NA,NA,NA,NA,NA,NA,NA,NA,837856,318511,16385,4096,b4f737276339a7626b246c204b626e79f9d9ec0f1f160233a5aa1c27728af83f,626,0,26,5
0,31,1,1,2,0.041026431000000002,0.026005999999999998,0.0037089999999999996,131289088,NA,NA,NA,NA,NA,NA,NA,NA,837856,318511,16385,4096,b4f737276339a7626b246c204b626e79f9d9ec0f1f160233a5aa1c27728af83f,628,0,21,7
0,31,0,0,5,0.43739652900000003,0.36648500000000001,0.049952999999999997,1025675264,NA,NA,NA,NA,NA,NA,NA,NA,11457352,5690734,153602,512,388033e7552b3b3255277a47381a62d5067155e67b74e663ad0ac019ed72fc50,1582,0,177,23
0,31,1,1,5,0.437814641,0.35710999999999998,0.060076999999999998,1026011136,NA,NA,NA,NA,NA,NA,NA,NA,11457352,5690734,153602,512,388033e7552b3b3255277a47381a62d5067155e67b74e663ad0ac019ed72fc50,1139,0,119,13
0,32,0,0,2,0.041098956000000006,0.016604999999999998,0.013287999999999999,131305472,NA,NA,NA,NA,NA,NA,NA,NA,837856,318511,16385,4096,b4f737276339a7626b246c204b626e79f9d9ec0f1f160233a5aa1c27728af83f,1072,0,28,5
0,32,1,1,2,0.041139814000000004,0.018737999999999998,0.011247,131100672,NA,NA,NA,NA,NA,NA,NA,NA,837856,318511,16385,4096,b4f737276339a7626b246c204b626e79f9d9ec0f1f160233a5aa1c27728af83f,1068,0,25,5
0,32,0,1,1,0.055595238000000005,0.034498000000000001,0.0094120000000000002,156667904,NA,NA,NA,NA,NA,NA,NA,NA,994016,407679,8197,1,76f10b65f44b546f736cef2848789238eb7a5f77ce08b564ccca55b5bdc08f36,1088,0,28,9
0,32,1,0,1,0.055756459000000001,0.037359999999999997,0.006796,156663808,NA,NA,NA,NA,NA,NA,NA,NA,994016,407679,8197,1,76f10b65f44b546f736cef2848789238eb7a5f77ce08b564ccca55b5bdc08f36,1086,0,20,10
0,32,0,0,5,0.44321632200000005,0.35968699999999998,0.053749999999999999,1025720320,NA,NA,NA,NA,NA,NA,NA,NA,11457352,5690734,153602,512,388033e7552b3b3255277a47381a62d5067155e67b74e663ad0ac019ed72fc50,1581,0,90,36
0,32,1,1,5,0.43744090200000002,0.35955999999999999,0.057132999999999996,1025728512,NA,NA,NA,NA,NA,NA,NA,NA,11457352,5690734,153602,512,388033e7552b3b3255277a47381a62d5067155e67b74e663ad0ac019ed72fc50,1581,0,174,29
0,32,0,0,3,0.060670718000000005,0.034943000000000002,0.013986,179109888,NA,NA,NA,NA,NA,NA,NA,NA,1968568,2240463,32773,1,c491f4791a93a71124b9219b05e718490cf6bd1c68b1ec8fc6a6550e31f844b1,1121,0,14,8
0,32,1,1,3,0.060148809000000004,0.038981999999999996,0.0097400000000000004,179474432,NA,NA,NA,NA,NA,NA,NA,NA,1968568,2240463,32773,1,c491f4791a93a71124b9219b05e718490cf6bd1c68b1ec8fc6a6550e31f844b1,1128,0,46,9
0,32,0,0,4,0.19774470900000002,0.16515099999999999,0.013476999999999999,428965888,NA,NA,NA,NA,NA,NA,NA,NA,5833440,1882629,26625,512,0f41e20848de6408cce7b1c5f57f0212c9401233ca75c7b6652c8ea62bfcd43f,800,0,119,15
0,32,1,1,4,0.19996965800000002,0.157168,0.023376999999999998,428707840,NA,NA,NA,NA,NA,NA,NA,NA,5833440,1882629,26625,512,0f41e20848de6408cce7b1c5f57f0212c9401233ca75c7b6652c8ea62bfcd43f,798,0,160,15
0,32,0,1,0,0.019049673,0.0028170000000000001,0.0056319999999999999,55496704,NA,NA,NA,NA,NA,NA,NA,NA,2408,135,5,1,3d4d37e7dcef36139698862d60d536450dfb480779ac0676046a82e065e8af0f,1030,0,11,4
0,32,1,0,0,0.019738313,0.0056349999999999994,0.0028170000000000001,55525376,NA,NA,NA,NA,NA,NA,NA,NA,2408,135,5,1,3d4d37e7dcef36139698862d60d536450dfb480779ac0676046a82e065e8af0f,1032,0,10,4
0,33,0,1,3,0.058905610000000004,0.044192999999999996,0.0034029999999999998,179544064,NA,NA,NA,NA,NA,NA,NA,NA,1968568,2240463,32773,1,c491f4791a93a71124b9219b05e718490cf6bd1c68b1ec8fc6a6550e31f844b1,681,0,53,10
0,33,1,0,3,0.061000835000000003,0.037024000000000001,0.012345,179273728,NA,NA,NA,NA,NA,NA,NA,NA,1968568,2240463,32773,1,c491f4791a93a71124b9219b05e718490cf6bd1c68b1ec8fc6a6550e31f844b1,1121,0,36,9
0,33,0,1,2,0.041304811000000004,0.026692999999999998,0.0033349999999999999,131346432,NA,NA,NA,NA,NA,NA,NA,NA,837856,318511,16385,4096,b4f737276339a7626b246c204b626e79f9d9ec0f1f160233a5aa1c27728af83f,1074,0,24,7
0,33,1,0,2,0.040767164000000002,0.019785000000000001,0.0099010000000000001,131280896,NA,NA,NA,NA,NA,NA,NA,NA,837856,318511,16385,4096,b4f737276339a7626b246c204b626e79f9d9ec0f1f160233a5aa1c27728af83f,1071,0,30,6
0,33,0,1,5,0.439534804,0.375471,0.043164999999999995,1025712128,NA,NA,NA,NA,NA,NA,NA,NA,11457352,5690734,153602,512,388033e7552b3b3255277a47381a62d5067155e67b74e663ad0ac019ed72fc50,1609,0,144,20
0,33,1,0,5,0.44160405100000005,0.36188999999999999,0.050735999999999996,1025740800,NA,NA,NA,NA,NA,NA,NA,NA,11457352,5690734,153602,512,388033e7552b3b3255277a47381a62d5067155e67b74e663ad0ac019ed72fc50,1584,0,60,18
0,33,0,1,4,0.19909758400000002,0.166653,0.013313,428302336,NA,NA,NA,NA,NA,NA,NA,NA,5833440,1882629,26625,512,0f41e20848de6408cce7b1c5f57f0212c9401233ca75c7b6652c8ea62bfcd43f,1239,0,164,14
0,33,1,0,4,0.198370511,0.148755,0.030414999999999998,428371968,NA,NA,NA,NA,NA,NA,NA,NA,5833440,1882629,26625,512,0f41e20848de6408cce7b1c5f57f0212c9401233ca75c7b6652c8ea62bfcd43f,1236,0,130,16
0,33,0,0,1,0.055945294000000007,0.037538999999999996,0.006829,156577792,NA,NA,NA,NA,NA,NA,NA,NA,994016,407679,8197,1,76f10b65f44b546f736cef2848789238eb7a5f77ce08b564ccca55b5bdc08f36,638,0,32,10
0,33,1,1,1,0.056029731000000006,0.037583999999999999,0.0068369999999999993,156381184,NA,NA,NA,NA,NA,NA,NA,NA,994016,407679,8197,1,76f10b65f44b546f736cef2848789238eb7a5f77ce08b564ccca55b5bdc08f36,1083,0,42,9
0,33,0,0,0,0.019769202,0.0058189999999999995,0.002895,55435264,NA,NA,NA,NA,NA,NA,NA,NA,2408,135,5,1,3d4d37e7dcef36139698862d60d536450dfb480779ac0676046a82e065e8af0f,1029,0,9,3
0,33,1,1,0,0.020239331000000003,0.0028289999999999999,0.0056379999999999998,55308288,NA,NA,NA,NA,NA,NA,NA,NA,2408,135,5,1,3d4d37e7dcef36139698862d60d536450dfb480779ac0676046a82e065e8af0f,1029,0,9,4
0,34,0,1,5,0.42800295700000002,0.35934899999999997,0.056529999999999997,1025675264,NA,NA,NA,NA,NA,NA,NA,NA,11457352,5690734,153602,512,388033e7552b3b3255277a47381a62d5067155e67b74e663ad0ac019ed72fc50,1582,0,153,22
0,34,1,0,5,0.433100969,0.368948,0.043607,1025744896,NA,NA,NA,NA,NA,NA,NA,NA,11457352,5690734,153602,512,388033e7552b3b3255277a47381a62d5067155e67b74e663ad0ac019ed72fc50,1584,0,94,13
0,34,0,1,2,0.041474019000000001,0.026700999999999999,0.003339,131047424,NA,NA,NA,NA,NA,NA,NA,NA,837856,318511,16385,4096,b4f737276339a7626b246c204b626e79f9d9ec0f1f160233a5aa1c27728af83f,1071,0,30,5
0,34,1,0,2,0.044285055000000004,0.019521,0.009776,131280896,NA,NA,NA,NA,NA,NA,NA,NA,837856,318511,16385,4096,b4f737276339a7626b246c204b626e79f9d9ec0f1f160233a5aa1c27728af83f,1071,0,26,7
0,34,0,0,3,0.061082198000000004,0.042006999999999996,0.0070529999999999994,179171328,NA,NA,NA,NA,NA,NA,NA,NA,1968568,2240463,32773,1,c491f4791a93a71124b9219b05e718490cf6bd1c68b1ec8fc6a6550e31f844b1,1123,0,61,9
0,34,1,1,3,0.059803242000000006,0.037726999999999997,0.010298,179183616,NA,NA,NA,NA,NA,NA,NA,NA,1968568,2240463,32773,1,c491f4791a93a71124b9219b05e718490cf6bd1c68b1ec8fc6a6550e31f844b1,1124,0,45,7
0,34,0,0,0,0.018805154000000001,0.0081119999999999994,0,55631872,NA,NA,NA,NA,NA,NA,NA,NA,2408,135,5,1,3d4d37e7dcef36139698862d60d536450dfb480779ac0676046a82e065e8af0f,585,0,12,4
0,34,1,1,0,0.018381932,0.0051310000000000001,0.0025669999999999998,55586816,NA,NA,NA,NA,NA,NA,NA,NA,2408,135,5,1,3d4d37e7dcef36139698862d60d536450dfb480779ac0676046a82e065e8af0f,587,0,10,4
0,34,0,0,4,0.19823505600000002,0.16179399999999999,0.016851999999999999,428503040,NA,NA,NA,NA,NA,NA,NA,NA,5833440,1882629,26625,512,0f41e20848de6408cce7b1c5f57f0212c9401233ca75c7b6652c8ea62bfcd43f,1237,0,188,21
0,34,1,1,4,0.199783028,0.15688299999999999,0.023341000000000001,428404736,NA,NA,NA,NA,NA,NA,NA,NA,5833440,1882629,26625,512,0f41e20848de6408cce7b1c5f57f0212c9401233ca75c7b6652c8ea62bfcd43f,1241,0,97,14
0,34,0,1,1,0.055947587000000007,0.034079999999999999,0.010234,156622848,NA,NA,NA,NA,NA,NA,NA,NA,994016,407679,8197,1,76f10b65f44b546f736cef2848789238eb7a5f77ce08b564ccca55b5bdc08f36,1086,0,46,9
0,34,1,0,1,0.056066761000000007,0.034145000000000002,0.010244999999999999,156336128,NA,NA,NA,NA,NA,NA,NA,NA,994016,407679,8197,1,76f10b65f44b546f736cef2848789238eb7a5f77ce08b564ccca55b5bdc08f36,1080,0,35,8
0,35,0,0,5,0.43400226800000002,0.37673799999999996,0.036684000000000001,1025593344,NA,NA,NA,NA,NA,NA,NA,NA,11457352,5690734,153602,512,388033e7552b3b3255277a47381a62d5067155e67b74e663ad0ac019ed72fc50,1582,0,285,22
0,35,1,1,5,0.45245840900000001,0.37807999999999997,0.039794999999999997,1025921024,NA,NA,NA,NA,NA,NA,NA,NA,11457352,5690734,153602,512,388033e7552b3b3255277a47381a62d5067155e67b74e663ad0ac019ed72fc50,1622,0,64,21
0,35,0,0,1,0.055925345000000001,0.037451999999999999,0.0068139999999999997,156454912,NA,NA,NA,NA,NA,NA,NA,NA,994016,407679,8197,1,76f10b65f44b546f736cef2848789238eb7a5f77ce08b564ccca55b5bdc08f36,637,0,25,7
0,35,1,1,1,0.056058967000000001,0.040979000000000002,0.0034159999999999998,156692480,NA,NA,NA,NA,NA,NA,NA,NA,994016,407679,8197,1,76f10b65f44b546f736cef2848789238eb7a5f77ce08b564ccca55b5bdc08f36,1088,0,33,9
0,35,0,1,0,0.020096304000000002,0.0043149999999999994,0.0043119999999999999,55468032,NA,NA,NA,NA,NA,NA,NA,NA,2408,135,5,1,3d4d37e7dcef36139698862d60d536450dfb480779ac0676046a82e065e8af0f,1032,0,10,4
0,35,1,0,0,0.019652734000000002,0.0062350000000000001,0.002081,55537664,NA,NA,NA,NA,NA,NA,NA,NA,2408,135,5,1,3d4d37e7dcef36139698862d60d536450dfb480779ac0676046a82e065e8af0f,1053,0,12,5
0,35,0,1,4,0.19898438100000002,0.166379,0.013304,428212224,NA,NA,NA,NA,NA,NA,NA,NA,5833440,1882629,26625,512,0f41e20848de6408cce7b1c5f57f0212c9401233ca75c7b6652c8ea62bfcd43f,1237,0,174,15
0,35,1,0,4,0.19954187500000001,0.16675199999999998,0.013342,428331008,NA,NA,NA,NA,NA,NA,NA,NA,5833440,1882629,26625,512,0f41e20848de6408cce7b1c5f57f0212c9401233ca75c7b6652c8ea62bfcd43f,1239,0,178,17
0,35,0,1,3,0.060624991000000003,0.045668,0.0032619999999999997,179486720,NA,NA,NA,NA,NA,NA,NA,NA,1968568,2240463,32773,1,c491f4791a93a71124b9219b05e718490cf6bd1c68b1ec8fc6a6550e31f844b1,675,0,39,8
0,35,1,0,3,0.060972252000000005,0.039626999999999996,0.0099159999999999995,179134464,NA,NA,NA,NA,NA,NA,NA,NA,1968568,2240463,32773,1,c491f4791a93a71124b9219b05e718490cf6bd1c68b1ec8fc6a6550e31f844b1,1123,0,50,9
0,35,0,0,2,0.040822208000000006,0.017749999999999998,0.011845999999999999,131137536,NA,NA,NA,NA,NA,NA,NA,NA,837856,318511,16385,4096,b4f737276339a7626b246c204b626e79f9d9ec0f1f160233a5aa1c27728af83f,1070,0,24,7
0,35,1,1,2,0.041239328000000006,0.026651999999999999,0.0033319999999999999,131215360,NA,NA,NA,NA,NA,NA,NA,NA,837856,318511,16385,4096,b4f737276339a7626b246c204b626e79f9d9ec0f1f160233a5aa1c27728af83f,1072,0,24,7
0,36,0,0,1,0.055831591000000007,0.027146999999999998,0.016978,156393472,NA,NA,NA,NA,NA,NA,NA,NA,994016,407679,8197,1,76f10b65f44b546f736cef2848789238eb7a5f77ce08b564ccca55b5bdc08f36,1083,0,17,8
0,36,1,1,1,0.055845957000000002,0.037759000000000001,0.0063009999999999993,156745728,NA,NA,NA,NA,NA,NA,NA,NA,994016,407679,8197,1,76f10b65f44b546f736cef2848789238eb7a5f77ce08b564ccca55b5bdc08f36,641,0,34,10
0,36,0,1,5,0.43842054700000005,0.37330399999999997,0.043720999999999996,1025875968,NA,NA,NA,NA,NA,NA,NA,NA,11457352,5690734,153602,512,388033e7552b3b3255277a47381a62d5067155e67b74e663ad0ac019ed72fc50,1584,0,248,20
0,36,1,0,5,0.44138210500000002,0.36998599999999998,0.042948,1025728512,NA,NA,NA,NA,NA,NA,NA,NA,11457352,5690734,153602,512,388033e7552b3b3255277a47381a62d5067155e67b74e663ad0ac019ed72fc50,1582,0,261,16
0,36,0,1,4,0.20089348900000001,0.144562,0.036982999999999995,428421120,NA,NA,NA,NA,NA,NA,NA,NA,5833440,1882629,26625,512,0f41e20848de6408cce7b1c5f57f0212c9401233ca75c7b6652c8ea62bfcd43f,1238,0,156,12
0,36,1,0,4,0.19909138100000001,0.166489,0.013583999999999999,428335104,NA,NA,NA,NA,NA,NA,NA,NA,5833440,1882629,26625,512,0f41e20848de6408cce7b1c5f57f0212c9401233ca75c7b6652c8ea62bfcd43f,1238,0,167,13
0,36,0,1,2,0.041140233000000005,0.023359999999999999,0.0066779999999999999,131035136,NA,NA,NA,NA,NA,NA,NA,NA,837856,318511,16385,4096,b4f737276339a7626b246c204b626e79f9d9ec0f1f160233a5aa1c27728af83f,1072,0,18,6
0,36,1,0,2,0.040849909000000004,0.023021999999999997,0.0065759999999999994,131543040,NA,NA,NA,NA,NA,NA,NA,NA,837856,318511,16385,4096,b4f737276339a7626b246c204b626e79f9d9ec0f1f160233a5aa1c27728af83f,630,0,26,7
0,36,0,0,0,0.019263072000000003,0.0056969999999999998,0.002843,55496704,NA,NA,NA,NA,NA,NA,NA,NA,2408,135,5,1,3d4d37e7dcef36139698862d60d536450dfb480779ac0676046a82e065e8af0f,586,0,10,4
0,36,1,1,0,0.019785551000000002,0.0056319999999999999,0.0027949999999999997,55476224,NA,NA,NA,NA,NA,NA,NA,NA,2408,135,5,1,3d4d37e7dcef36139698862d60d536450dfb480779ac0676046a82e065e8af0f,587,0,11,4
0,36,0,1,3,0.059557552000000007,0.03807,0.0095180000000000004,179744768,NA,NA,NA,NA,NA,NA,NA,NA,1968568,2240463,32773,1,c491f4791a93a71124b9219b05e718490cf6bd1c68b1ec8fc6a6550e31f844b1,679,0,35,10
0,36,1,0,3,0.060544179000000004,0.032652,0.016312999999999998,179286016,NA,NA,NA,NA,NA,NA,NA,NA,1968568,2240463,32773,1,c491f4791a93a71124b9219b05e718490cf6bd1c68b1ec8fc6a6550e31f844b1,1122,0,36,7
0,37,0,0,3,0.060227476000000002,0.034587,0.013847999999999999,179412992,NA,NA,NA,NA,NA,NA,NA,NA,1968568,2240463,32773,1,c491f4791a93a71124b9219b05e718490cf6bd1c68b1ec8fc6a6550e31f844b1,1126,0,39,9
0,37,1,1,3,0.060574808000000001,0.045419000000000001,0.0034969999999999997,179122176,NA,NA,NA,NA,NA,NA,NA,NA,1968568,2240463,32773,1,c491f4791a93a71124b9219b05e718490cf6bd1c68b1ec8fc6a6550e31f844b1,1121,0,44,9
0,37,0,1,1,0.055450556000000005,0.032821999999999997,0.010945999999999999,156565504,NA,NA,NA,NA,NA,NA,NA,NA,994016,407679,8197,1,76f10b65f44b546f736cef2848789238eb7a5f77ce08b564ccca55b5bdc08f36,1085,0,43,6
0,37,1,0,1,0.055566313000000006,0.030622999999999997,0.013592999999999999,156397568,NA,NA,NA,NA,NA,NA,NA,NA,994016,407679,8197,1,76f10b65f44b546f736cef2848789238eb7a5f77ce08b564ccca55b5bdc08f36,1082,0,26,7
0,37,0,0,5,0.446556169,0.36339499999999997,0.053362,1025781760,NA,NA,NA,NA,NA,NA,NA,NA,11457352,5690734,153602,512,388033e7552b3b3255277a47381a62d5067155e67b74e663ad0ac019ed72fc50,1582,0,39,22
0,37,1,1,5,0.43742241600000004,0.37221099999999996,0.043602999999999996,1025978368,NA,NA,NA,NA,NA,NA,NA,NA,11457352,5690734,153602,512,388033e7552b3b3255277a47381a62d5067155e67b74e663ad0ac019ed72fc50,1142,0,131,16
0,37,0,0,2,0.040709967,0.022169999999999999,0.0073929999999999994,130928640,NA,NA,NA,NA,NA,NA,NA,NA,837856,318511,16385,4096,b4f737276339a7626b246c204b626e79f9d9ec0f1f160233a5aa1c27728af83f,1070,0,23,5
0,37,1,1,2,0.040974321000000001,0.025949,0.003712,131076096,NA,NA,NA,NA,NA,NA,NA,NA,837856,318511,16385,4096,b4f737276339a7626b246c204b626e79f9d9ec0f1f160233a5aa1c27728af83f,1072,0,25,6
0,37,0,1,0,0.019554249000000003,0.0042550000000000001,0.0042560000000000002,55390208,NA,NA,NA,NA,NA,NA,NA,NA,2408,135,5,1,3d4d37e7dcef36139698862d60d536450dfb480779ac0676046a82e065e8af0f,583,0,13,4
0,37,1,0,0,0.018357695,0.0076039999999999996,0,55500800,NA,NA,NA,NA,NA,NA,NA,NA,2408,135,5,1,3d4d37e7dcef36139698862d60d536450dfb480779ac0676046a82e065e8af0f,584,0,12,4
0,37,0,0,4,0.19781655200000001,0.162025,0.016534999999999998,428740608,NA,NA,NA,NA,NA,NA,NA,NA,5833440,1882629,26625,512,0f41e20848de6408cce7b1c5f57f0212c9401233ca75c7b6652c8ea62bfcd43f,1260,0,153,16
0,37,1,1,4,0.19862985700000002,0.15316099999999999,0.026054999999999998,428437504,NA,NA,NA,NA,NA,NA,NA,NA,5833440,1882629,26625,512,0f41e20848de6408cce7b1c5f57f0212c9401233ca75c7b6652c8ea62bfcd43f,1239,0,162,15
0,38,0,0,3,0.060849472000000002,0.043095999999999995,0.0061619999999999999,179044352,NA,NA,NA,NA,NA,NA,NA,NA,1968568,2240463,32773,1,c491f4791a93a71124b9219b05e718490cf6bd1c68b1ec8fc6a6550e31f844b1,1122,0,27,9
0,38,1,1,3,0.060604532000000003,0.035796000000000001,0.013009,179273728,NA,NA,NA,NA,NA,NA,NA,NA,1968568,2240463,32773,1,c491f4791a93a71124b9219b05e718490cf6bd1c68b1ec8fc6a6550e31f844b1,1126,0,34,9
0,38,0,1,0,0.018803001,0.0082620000000000002,0,55566336,NA,NA,NA,NA,NA,NA,NA,NA,2408,135,5,1,3d4d37e7dcef36139698862d60d536450dfb480779ac0676046a82e065e8af0f,1030,0,12,4
0,38,1,0,0,0.018345423,0.0051279999999999997,0.0025729999999999998,55246848,NA,NA,NA,NA,NA,NA,NA,NA,2408,135,5,1,3d4d37e7dcef36139698862d60d536450dfb480779ac0676046a82e065e8af0f,1029,0,11,4
0,38,0,0,2,0.040472521000000004,0.016208,0.012964999999999999,131272704,NA,NA,NA,NA,NA,NA,NA,NA,837856,318511,16385,4096,b4f737276339a7626b246c204b626e79f9d9ec0f1f160233a5aa1c27728af83f,1073,0,28,8
0,38,1,1,2,0.041151484000000002,0.023897999999999999,0.0059759999999999995,131284992,NA,NA,NA,NA,NA,NA,NA,NA,837856,318511,16385,4096,b4f737276339a7626b246c204b626e79f9d9ec0f1f160233a5aa1c27728af83f,1070,0,25,5
0,38,0,0,5,0.43938008300000003,0.363095,0.050888999999999997,1025687552,NA,NA,NA,NA,NA,NA,NA,NA,11457352,5690734,153602,512,388033e7552b3b3255277a47381a62d5067155e67b74e663ad0ac019ed72fc50,1582,0,100,25
0,38,1,1,5,0.44391576000000005,0.36779400000000001,0.046806,1026002944,NA,NA,NA,NA,NA,NA,NA,NA,11457352,5690734,153602,512,388033e7552b3b3255277a47381a62d5067155e67b74e663ad0ac019ed72fc50,1588,0,46,16
0,38,0,0,1,0.056017038000000005,0.037503999999999996,0.0068230000000000001,156704768,NA,NA,NA,NA,NA,NA,NA,NA,994016,407679,8197,1,76f10b65f44b546f736cef2848789238eb7a5f77ce08b564ccca55b5bdc08f36,639,0,42,7
0,38,1,1,1,0.055652044000000005,0.037663999999999996,0.0062810000000000001,156151808,NA,NA,NA,NA,NA,NA,NA,NA,994016,407679,8197,1,76f10b65f44b546f736cef2848789238eb7a5f77ce08b564ccca55b5bdc08f36,1091,0,23,10
0,38,0,1,4,0.19866634600000002,0.169074,0.010138999999999999,428711936,NA,NA,NA,NA,NA,NA,NA,NA,5833440,1882629,26625,512,0f41e20848de6408cce7b1c5f57f0212c9401233ca75c7b6652c8ea62bfcd43f,1264,0,206,15
0,38,1,0,4,0.19937873,0.15664400000000001,0.023337,428822528,NA,NA,NA,NA,NA,NA,NA,NA,5833440,1882629,26625,512,0f41e20848de6408cce7b1c5f57f0212c9401233ca75c7b6652c8ea62bfcd43f,798,0,92,17
0,39,0,1,3,0.060580419000000003,0.035836,0.013037999999999999,179183616,NA,NA,NA,NA,NA,NA,NA,NA,1968568,2240463,32773,1,c491f4791a93a71124b9219b05e718490cf6bd1c68b1ec8fc6a6550e31f844b1,1126,0,41,9
0,39,1,0,3,0.060934001000000002,0.049342999999999998,0,179458048,NA,NA,NA,NA,NA,NA,NA,NA,1968568,2240463,32773,1,c491f4791a93a71124b9219b05e718490cf6bd1c68b1ec8fc6a6550e31f844b1,1130,0,51,9
0,39,0,1,5,0.439579567,0.37156999999999996,0.046439999999999995,1025990656,NA,NA,NA,NA,NA,NA,NA,NA,11457352,5690734,153602,512,388033e7552b3b3255277a47381a62d5067155e67b74e663ad0ac019ed72fc50,1587,0,174,34
0,39,1,0,5,0.44454063200000005,0.37101000000000001,0.043434,1025720320,NA,NA,NA,NA,NA,NA,NA,NA,11457352,5690734,153602,512,388033e7552b3b3255277a47381a62d5067155e67b74e663ad0ac019ed72fc50,1583,0,56,23
0,39,0,0,0,0.019901338000000001,0.0086809999999999995,0,55209984,NA,NA,NA,NA,NA,NA,NA,NA,2408,135,5,1,3d4d37e7dcef36139698862d60d536450dfb480779ac0676046a82e065e8af0f,1027,0,11,4
0,39,1,1,0,0.019079580000000002,0.0081560000000000001,0,55517184,NA,NA,NA,NA,NA,NA,NA,NA,2408,135,5,1,3d4d37e7dcef36139698862d60d536450dfb480779ac0676046a82e065e8af0f,579,0,11,3
0,39,0,0,4,0.19825404100000002,0.15167799999999998,0.026974999999999999,428703744,NA,NA,NA,NA,NA,NA,NA,NA,5833440,1882629,26625,512,0f41e20848de6408cce7b1c5f57f0212c9401233ca75c7b6652c8ea62bfcd43f,1242,0,107,17
0,39,1,1,4,0.20007164800000002,0.16400099999999998,0.016723999999999999,428560384,NA,NA,NA,NA,NA,NA,NA,NA,5833440,1882629,26625,512,0f41e20848de6408cce7b1c5f57f0212c9401233ca75c7b6652c8ea62bfcd43f,1261,0,120,14
0,39,0,1,2,0.041179698000000001,0.023191999999999997,0.0066140000000000001,131100672,NA,NA,NA,NA,NA,NA,NA,NA,837856,318511,16385,4096,b4f737276339a7626b246c204b626e79f9d9ec0f1f160233a5aa1c27728af83f,1070,0,23,7
0,39,1,0,2,0.041046798000000002,0.025956,0.0037099999999999998,131170304,NA,NA,NA,NA,NA,NA,NA,NA,837856,318511,16385,4096,b4f737276339a7626b246c204b626e79f9d9ec0f1f160233a5aa1c27728af83f,1071,0,24,5
0,39,0,1,1,0.055683052000000004,0.040612999999999996,0.0033869999999999998,156774400,NA,NA,NA,NA,NA,NA,NA,NA,994016,407679,8197,1,76f10b65f44b546f736cef2848789238eb7a5f77ce08b564ccca55b5bdc08f36,644,0,43,8
0,39,1,0,1,0.055879029000000004,0.033996999999999999,0.010208999999999999,156684288,NA,NA,NA,NA,NA,NA,NA,NA,994016,407679,8197,1,76f10b65f44b546f736cef2848789238eb7a5f77ce08b564ccca55b5bdc08f36,1086,0,37,9
1,0,0,0,4,0.19735798300000001,0.16806099999999999,0.01009,428404736,NA,NA,NA,NA,NA,NA,NA,NA,5833440,1882629,26625,512,0f41e20848de6408cce7b1c5f57f0212c9401233ca75c7b6652c8ea62bfcd43f,1237,0,166,17
1,0,1,1,4,0.19958033700000002,0.160359,0.019646,428404736,NA,NA,NA,NA,NA,NA,NA,NA,5833440,1882629,26625,512,0f41e20848de6408cce7b1c5f57f0212c9401233ca75c7b6652c8ea62bfcd43f,1238,0,188,17
1,0,0,1,0,0.020177376,0.0058300000000000001,0.0029189999999999997,55554048,NA,NA,NA,NA,NA,NA,NA,NA,2408,135,5,1,3d4d37e7dcef36139698862d60d536450dfb480779ac0676046a82e065e8af0f,1036,0,10,3
1,0,1,0,0,0.018424071,0.0077069999999999994,0,55595008,NA,NA,NA,NA,NA,NA,NA,NA,2408,135,5,1,3d4d37e7dcef36139698862d60d536450dfb480779ac0676046a82e065e8af0f,586,0,12,4
1,0,0,0,5,0.44304257500000005,0.36743599999999998,0.046766999999999996,1025953792,NA,NA,NA,NA,NA,NA,NA,NA,11457352,5690734,153602,512,388033e7552b3b3255277a47381a62d5067155e67b74e663ad0ac019ed72fc50,1586,0,157,36
1,0,1,1,5,0.45193165000000002,0.37208599999999997,0.046533999999999999,1025777664,NA,NA,NA,NA,NA,NA,NA,NA,11457352,5690734,153602,512,388033e7552b3b3255277a47381a62d5067155e67b74e663ad0ac019ed72fc50,1586,0,182,22
1,0,0,1,3,0.059806146000000004,0.041332000000000001,0.0068829999999999994,179175424,NA,NA,NA,NA,NA,NA,NA,NA,1968568,2240463,32773,1,c491f4791a93a71124b9219b05e718490cf6bd1c68b1ec8fc6a6550e31f844b1,1124,0,45,6
1,0,1,0,3,0.061167977000000005,0.039549999999999995,0.0098879999999999992,179146752,NA,NA,NA,NA,NA,NA,NA,NA,1968568,2240463,32773,1,c491f4791a93a71124b9219b05e718490cf6bd1c68b1ec8fc6a6550e31f844b1,1121,0,37,10
1,0,0,0,2,0.041367460000000002,0.023213999999999999,0.0066449999999999999,131051520,NA,NA,NA,NA,NA,NA,NA,NA,837856,318511,16385,4096,b4f737276339a7626b246c204b626e79f9d9ec0f1f160233a5aa1c27728af83f,1067,0,23,7
1,0,1,1,2,0.041351178000000002,0.021034999999999998,0.0090229999999999998,131158016,NA,NA,NA,NA,NA,NA,NA,NA,837856,318511,16385,4096,b4f737276339a7626b246c204b626e79f9d9ec0f1f160233a5aa1c27728af83f,1072,0,30,9
1,0,0,0,1,0.056179642000000002,0.038335000000000001,0.0063929999999999994,156405760,NA,NA,NA,NA,NA,NA,NA,NA,994016,407679,8197,1,76f10b65f44b546f736cef2848789238eb7a5f77ce08b564ccca55b5bdc08f36,1126,0,18,8
1,0,1,1,1,0.055883517000000001,0.037515,0.0068239999999999993,156307456,NA,NA,NA,NA,NA,NA,NA,NA,994016,407679,8197,1,76f10b65f44b546f736cef2848789238eb7a5f77ce08b564ccca55b5bdc08f36,1082,0,25,9
1,1,0,1,1,0.056161097,0.040731999999999997,0.0033969999999999998,156577792,NA,NA,NA,NA,NA,NA,NA,NA,994016,407679,8197,1,76f10b65f44b546f736cef2848789238eb7a5f77ce08b564ccca55b5bdc08f36,639,0,24,9
1,1,1,0,1,0.056159904000000004,0.037732000000000002,0.0068599999999999998,156733440,NA,NA,NA,NA,NA,NA,NA,NA,994016,407679,8197,1,76f10b65f44b546f736cef2848789238eb7a5f77ce08b564ccca55b5bdc08f36,632,0,27,8
1,1,0,1,2,0.041086802000000006,0.023878,0.005973,131170304,NA,NA,NA,NA,NA,NA,NA,NA,837856,318511,16385,4096,b4f737276339a7626b246c204b626e79f9d9ec0f1f160233a5aa1c27728af83f,1073,0,20,7
1,1,1,0,2,0.040799635000000001,0.020590000000000001,0.0088179999999999994,131424256,NA,NA,NA,NA,NA,NA,NA,NA,837856,318511,16385,4096,b4f737276339a7626b246c204b626e79f9d9ec0f1f160233a5aa1c27728af83f,625,0,24,7
1,1,0,0,3,0.060597860000000003,0.045767999999999996,0.0030539999999999999,179535872,NA,NA,NA,NA,NA,NA,NA,NA,1968568,2240463,32773,1,c491f4791a93a71124b9219b05e718490cf6bd1c68b1ec8fc6a6550e31f844b1,675,0,32,10
1,1,1,1,3,0.059933665000000004,0.038370999999999995,0.0095989999999999999,179453952,NA,NA,NA,NA,NA,NA,NA,NA,1968568,2240463,32773,1,c491f4791a93a71124b9219b05e718490cf6bd1c68b1ec8fc6a6550e31f844b1,1167,0,49,10
1,1,0,0,0,0.019197159000000002,0.0084729999999999996,0,55160832,NA,NA,NA,NA,NA,NA,NA,NA,2408,135,5,1,3d4d37e7dcef36139698862d60d536450dfb480779ac0676046a82e065e8af0f,1029,0,12,4
1,1,1,1,0,0.020110580000000003,0.0055899999999999995,0.0027879999999999997,55549952,NA,NA,NA,NA,NA,NA,NA,NA,2408,135,5,1,3d4d37e7dcef36139698862d60d536450dfb480779ac0676046a82e065e8af0f,1033,0,12,4
1,1,0,1,4,0.19792907300000001,0.16153699999999999,0.016813999999999999,428498944,NA,NA,NA,NA,NA,NA,NA,NA,5833440,1882629,26625,512,0f41e20848de6408cce7b1c5f57f0212c9401233ca75c7b6652c8ea62bfcd43f,1241,0,165,20
1,1,1,0,4,0.198389916,0.15538399999999999,0.023654999999999999,428314624,NA,NA,NA,NA,NA,NA,NA,NA,5833440,1882629,26625,512,0f41e20848de6408cce7b1c5f57f0212c9401233ca75c7b6652c8ea62bfcd43f,1233,0,162,14
1,1,0,1,5,0.43638823600000004,0.36222199999999999,0.053142999999999996,1025798144,NA,NA,NA,NA,NA,NA,NA,NA,11457352,5690734,153602,512,388033e7552b3b3255277a47381a62d5067155e67b74e663ad0ac019ed72fc50,1140,0,200,27
1,1,1,0,5,0.433696623,0.35632199999999997,0.056623,1025716224,NA,NA,NA,NA,NA,NA,NA,NA,11457352,5690734,153602,512,388033e7552b3b3255277a47381a62d5067155e67b74e663ad0ac019ed72fc50,1582,0,145,16
1,2,0,1,1,0.055752341000000004,0.033777999999999996,0.010123,156930048,NA,NA,NA,NA,NA,NA,NA,NA,994016,407679,8197,1,76f10b65f44b546f736cef2848789238eb7a5f77ce08b564ccca55b5bdc08f36,643,0,37,7
1,2,1,0,1,0.055768801000000007,0.040666000000000001,0.0033909999999999999,156549120,NA,NA,NA,NA,NA,NA,NA,NA,994016,407679,8197,1,76f10b65f44b546f736cef2848789238eb7a5f77ce08b564ccca55b5bdc08f36,1098,0,35,9
1,2,0,0,4,0.19862091900000001,0.169158,0.010151,428400640,NA,NA,NA,NA,NA,NA,NA,NA,5833440,1882629,26625,512,0f41e20848de6408cce7b1c5f57f0212c9401233ca75c7b6652c8ea62bfcd43f,1236,0,174,15
1,2,1,1,4,0.198893078,0.16292899999999999,0.016615999999999999,428503040,NA,NA,NA,NA,NA,NA,NA,NA,5833440,1882629,26625,512,0f41e20848de6408cce7b1c5f57f0212c9401233ca75c7b6652c8ea62bfcd43f,1237,0,169,15
1,2,0,0,3,0.060433261000000002,0.037999999999999999,0.010355,179118080,NA,NA,NA,NA,NA,NA,NA,NA,1968568,2240463,32773,1,c491f4791a93a71124b9219b05e718490cf6bd1c68b1ec8fc6a6550e31f844b1,1123,0,47,9
1,2,1,1,3,0.059857182000000002,0.037811999999999998,0.010296999999999999,179183616,NA,NA,NA,NA,NA,NA,NA,NA,1968568,2240463,32773,1,c491f4791a93a71124b9219b05e718490cf6bd1c68b1ec8fc6a6550e31f844b1,1124,0,34,8
1,2,0,0,5,0.43443994600000002,0.35755199999999998,0.056281999999999999,1026002944,NA,NA,NA,NA,NA,NA,NA,NA,11457352,5690734,153602,512,388033e7552b3b3255277a47381a62d5067155e67b74e663ad0ac019ed72fc50,1135,0,192,18
1,2,1,1,5,0.44099275400000004,0.36524499999999999,0.053130999999999998,1026162688,NA,NA,NA,NA,NA,NA,NA,NA,11457352,5690734,153602,512,388033e7552b3b3255277a47381a62d5067155e67b74e663ad0ac019ed72fc50,1145,0,59,24
1,2,0,1,2,0.041062127000000004,0.023153999999999997,0.0066059999999999999,131260416,NA,NA,NA,NA,NA,NA,NA,NA,837856,318511,16385,4096,b4f737276339a7626b246c204b626e79f9d9ec0f1f160233a5aa1c27728af83f,1075,0,21,6
1,2,1,0,2,0.040697894000000005,0.025725999999999999,0.003676,131706880,NA,NA,NA,NA,NA,NA,NA,NA,837856,318511,16385,4096,b4f737276339a7626b246c204b626e79f9d9ec0f1f160233a5aa1c27728af83f,631,0,31,7
1,2,0,0,0,0.019029636000000003,0.0055379999999999995,0.0027649999999999997,55209984,NA,NA,NA,NA,NA,NA,NA,NA,2408,135,5,1,3d4d37e7dcef36139698862d60d536450dfb480779ac0676046a82e065e8af0f,1028,0,12,4
1,2,1,1,0,0.019008696000000002,0.0041440000000000001,0.0041449999999999994,55484416,NA,NA,NA,NA,NA,NA,NA,NA,2408,135,5,1,3d4d37e7dcef36139698862d60d536450dfb480779ac0676046a82e065e8af0f,1031,0,12,4
1,3,0,0,2,0.040766132000000004,0.029304,0,131100672,NA,NA,NA,NA,NA,NA,NA,NA,837856,318511,16385,4096,b4f737276339a7626b246c204b626e79f9d9ec0f1f160233a5aa1c27728af83f,1069,0,20,8
1,3,1,1,2,0.041169849000000001,0.029618999999999999,0,131641344,NA,NA,NA,NA,NA,NA,NA,NA,837856,318511,16385,4096,b4f737276339a7626b246c204b626e79f9d9ec0f1f160233a5aa1c27728af83f,631,0,24,5
1,3,0,1,3,0.059586905000000003,0.040981999999999998,0.0068369999999999993,179359744,NA,NA,NA,NA,NA,NA,NA,NA,1968568,2240463,32773,1,c491f4791a93a71124b9219b05e718490cf6bd1c68b1ec8fc6a6550e31f844b1,680,0,32,9
1,3,1,0,3,0.061141238000000001,0.036156000000000001,0.013155,179503104,NA,NA,NA,NA,NA,NA,NA,NA,1968568,2240463,32773,1,c491f4791a93a71124b9219b05e718490cf6bd1c68b1ec8fc6a6550e31f844b1,679,0,34,9
1,3,0,1,0,0.019029324,0.0056080000000000001,0.002797,55558144,NA,NA,NA,NA,NA,NA,NA,NA,2408,135,5,1,3d4d37e7dcef36139698862d60d536450dfb480779ac0676046a82e065e8af0f,1032,0,11,4
1,3,1,0,0,0.018334152000000003,0.003839,0.003852,55451648,NA,NA,NA,NA,NA,NA,NA,NA,2408,135,5,1,3d4d37e7dcef36139698862d60d536450dfb480779ac0676046a82e065e8af0f,586,0,13,4
1,3,0,1,5,0.43967595600000003,0.365672,0.053177999999999996,1025990656,NA,NA,NA,NA,NA,NA,NA,NA,11457352,5690734,153602,512,388033e7552b3b3255277a47381a62d5067155e67b74e663ad0ac019ed72fc50,1143,0,225,19
1,3,1,0,5,0.43783403500000001,0.37099299999999996,0.046792,1025867776,NA,NA,NA,NA,NA,NA,NA,NA,11457352,5690734,153602,512,388033e7552b3b3255277a47381a62d5067155e67b74e663ad0ac019ed72fc50,1133,0,136,16
1,3,0,1,4,0.19856742800000002,0.155807,0.023209999999999998,428519424,NA,NA,NA,NA,NA,NA,NA,NA,5833440,1882629,26625,512,0f41e20848de6408cce7b1c5f57f0212c9401233ca75c7b6652c8ea62bfcd43f,1240,0,174,14
1,3,1,0,4,0.19871472500000001,0.14868899999999999,0.030407999999999998,428675072,NA,NA,NA,NA,NA,NA,NA,NA,5833440,1882629,26625,512,0f41e20848de6408cce7b1c5f57f0212c9401233ca75c7b6652c8ea62bfcd43f,794,0,182,20
1,3,0,0,1,0.055890410000000001,0.037373999999999998,0.0067859999999999995,156475392,NA,NA,NA,NA,NA,NA,NA,NA,994016,407679,8197,1,76f10b65f44b546f736cef2848789238eb7a5f77ce08b564ccca55b5bdc08f36,640,0,17,6
1,3,1,1,1,0.056042414000000006,0.037469999999999996,0.0068189999999999995,156389376,NA,NA,NA,NA,NA,NA,NA,NA,994016,407679,8197,1,76f10b65f44b546f736cef2848789238eb7a5f77ce08b564ccca55b5bdc08f36,1084,0,25,7
1,4,0,0,3,0.060724819000000006,0.038998999999999999,0.009757,179171328,NA,NA,NA,NA,NA,NA,NA,NA,1968568,2240463,32773,1,c491f4791a93a71124b9219b05e718490cf6bd1c68b1ec8fc6a6550e31f844b1,1121,0,50,9
1,4,1,1,3,0.059731668000000002,0.037677999999999996,0.010279,179458048,NA,NA,NA,NA,NA,NA,NA,NA,1968568,2240463,32773,1,c491f4791a93a71124b9219b05e718490cf6bd1c68b1ec8fc6a6550e31f844b1,683,0,47,9
1,4,0,1,0,0.019018425000000002,0.0055769999999999995,0.0027819999999999998,55324672,NA,NA,NA,NA,NA,NA,NA,NA,2408,135,5,1,3d4d37e7dcef36139698862d60d536450dfb480779ac0676046a82e065e8af0f,1028,0,12,4
1,4,1,0,0,0.018371573000000002,0.0038209999999999997,0.0038249999999999998,55492608,NA,NA,NA,NA,NA,NA,NA,NA,2408,135,5,1,3d4d37e7dcef36139698862d60d536450dfb480779ac0676046a82e065e8af0f,585,0,12,5
1,4,0,1,4,0.19870740100000001,0.16908799999999999,0.010151,428269568,NA,NA,NA,NA,NA,NA,NA,NA,5833440,1882629,26625,512,0f41e20848de6408cce7b1c5f57f0212c9401233ca75c7b6652c8ea62bfcd43f,1238,0,135,17
1,4,1,0,4,0.19824320100000001,0.15554299999999999,0.023160999999999998,428449792,NA,NA,NA,NA,NA,NA,NA,NA,5833440,1882629,26625,512,0f41e20848de6408cce7b1c5f57f0212c9401233ca75c7b6652c8ea62bfcd43f,1267,0,158,13
1,4,0,0,5,0.447413744,0.350609,0.062835000000000002,1025851392,NA,NA,NA,NA,NA,NA,NA,NA,11457352,5690734,153602,512,388033e7552b3b3255277a47381a62d5067155e67b74e663ad0ac019ed72fc50,1142,0,294,18
1,4,1,1,5,0.45116846900000002,0.37501199999999996,0.046865999999999998,1025781760,NA,NA,NA,NA,NA,NA,NA,NA,11457352,5690734,153602,512,388033e7552b3b3255277a47381a62d5067155e67b74e663ad0ac019ed72fc50,1624,0,217,16
1,4,0,1,2,0.041584596000000001,0.026598,0.003326,131014656,NA,NA,NA,NA,NA,NA,NA,NA,837856,318511,16385,4096,b4f737276339a7626b246c204b626e79f9d9ec0f1f160233a5aa1c27728af83f,1069,0,33,6
1,4,1,0,2,0.040613898000000002,0.029391999999999998,0,131719168,NA,NA,NA,NA,NA,NA,NA,NA,837856,318511,16385,4096,b4f737276339a7626b246c204b626e79f9d9ec0f1f160233a5aa1c27728af83f,633,0,20,6
1,4,0,1,1,0.057393877000000003,0.041223999999999997,0.0034349999999999997,156340224,NA,NA,NA,NA,NA,NA,NA,NA,994016,407679,8197,1,76f10b65f44b546f736cef2848789238eb7a5f77ce08b564ccca55b5bdc08f36,1081,0,25,7
1,4,1,0,1,0.055831730000000003,0.034008999999999998,0.010189,156532736,NA,NA,NA,NA,NA,NA,NA,NA,994016,407679,8197,1,76f10b65f44b546f736cef2848789238eb7a5f77ce08b564ccca55b5bdc08f36,1084,0,27,9
1,5,0,0,1,0.055758663000000007,0.033930999999999996,0.010187999999999999,156516352,NA,NA,NA,NA,NA,NA,NA,NA,994016,407679,8197,1,76f10b65f44b546f736cef2848789238eb7a5f77ce08b564ccca55b5bdc08f36,1099,0,20,6
1,5,1,1,1,0.055827643000000003,0.037305999999999999,0.00679,156667904,NA,NA,NA,NA,NA,NA,NA,NA,994016,407679,8197,1,76f10b65f44b546f736cef2848789238eb7a5f77ce08b564ccca55b5bdc08f36,1085,0,25,8
1,5,0,0,2,0.041055725000000001,0.023792000000000001,0.0059349999999999993,131190784,NA,NA,NA,NA,NA,NA,NA,NA,837856,318511,16385,4096,b4f737276339a7626b246c204b626e79f9d9ec0f1f160233a5aa1c27728af83f,1098,0,20,8
1,5,1,1,2,0.041196518000000001,0.023172999999999999,0.0066169999999999996,131129344,NA,NA,NA,NA,NA,NA,NA,NA,837856,318511,16385,4096,b4f737276339a7626b246c204b626e79f9d9ec0f1f160233a5aa1c27728af83f,1069,0,25,6
1,5,0,1,3,0.060341861000000004,0.038668999999999995,0.0096579999999999999,179277824,NA,NA,NA,NA,NA,NA,NA,NA,1968568,2240463,32773,1,c491f4791a93a71124b9219b05e718490cf6bd1c68b1ec8fc6a6550e31f844b1,1126,0,37,9
1,5,1,0,3,0.060334456000000002,0.045304999999999998,0.0032359999999999997,179548160,NA,NA,NA,NA,NA,NA,NA,NA,1968568,2240463,32773,1,c491f4791a93a71124b9219b05e718490cf6bd1c68b1ec8fc6a6550e31f844b1,682,0,51,7
1,5,0,1,5,0.449547951,0.37930599999999998,0.036601999999999996,1025970176,NA,NA,NA,NA,NA,NA,NA,NA,11457352,5690734,153602,512,388033e7552b3b3255277a47381a62d5067155e67b74e663ad0ac019ed72fc50,1588,0,251,19
1,5,1,0,5,0.43988241300000003,0.369338,0.049879,1025708032,NA,NA,NA,NA,NA,NA,NA,NA,11457352,5690734,153602,512,388033e7552b3b3255277a47381a62d5067155e67b74e663ad0ac019ed72fc50,1581,0,197,18
1,5,0,0,4,0.19876426800000002,0.15598299999999998,0.023227999999999999,428318720,NA,NA,NA,NA,NA,NA,NA,NA,5833440,1882629,26625,512,0f41e20848de6408cce7b1c5f57f0212c9401233ca75c7b6652c8ea62bfcd43f,1236,0,183,14
1,5,1,1,4,0.20647884200000002,0.164718,0.016798999999999998,428269568,NA,NA,NA,NA,NA,NA,NA,NA,5833440,1882629,26625,512,0f41e20848de6408cce7b1c5f57f0212c9401233ca75c7b6652c8ea62bfcd43f,1238,0,118,14
1,5,0,0,0,0.020181012000000002,0.005744,0.0028660000000000001,55603200,NA,NA,NA,NA,NA,NA,NA,NA,2408,135,5,1,3d4d37e7dcef36139698862d60d536450dfb480779ac0676046a82e065e8af0f,585,0,10,5
1,5,1,1,0,0.019974315000000003,0.0029189999999999997,0.0058230000000000001,55308288,NA,NA,NA,NA,NA,NA,NA,NA,2408,135,5,1,3d4d37e7dcef36139698862d60d536450dfb480779ac0676046a82e065e8af0f,1028,0,9,3
1,6,0,0,3,0.060424967000000003,0.048559999999999999,0,179228672,NA,NA,NA,NA,NA,NA,NA,NA,1968568,2240463,32773,1,c491f4791a93a71124b9219b05e718490cf6bd1c68b1ec8fc6a6550e31f844b1,1122,0,45,9
1,6,1,1,3,0.060304191000000007,0.042180999999999996,0.0064909999999999994,179306496,NA,NA,NA,NA,NA,NA,NA,NA,1968568,2240463,32773,1,c491f4791a93a71124b9219b05e718490cf6bd1c68b1ec8fc6a6550e31f844b1,680,0,35,10
1,6,0,1,0,0.019165370000000001,0.005568,0.0027879999999999997,55484416,NA,NA,NA,NA,NA,NA,NA,NA,2408,135,5,1,3d4d37e7dcef36139698862d60d536450dfb480779ac0676046a82e065e8af0f,1032,0,10,4
1,6,1,0,0,0.019246271000000002,0.0084309999999999993,0,55287808,NA,NA,NA,NA,NA,NA,NA,NA,2408,135,5,1,3d4d37e7dcef36139698862d60d536450dfb480779ac0676046a82e065e8af0f,1027,0,10,3
1,6,0,1,4,0.199193803,0.159807,0.019573999999999998,428503040,NA,NA,NA,NA,NA,NA,NA,NA,5833440,1882629,26625,512,0f41e20848de6408cce7b1c5f57f0212c9401233ca75c7b6652c8ea62bfcd43f,1265,0,108,16
1,6,1,0,4,0.19899323600000002,0.15277499999999999,0.026572999999999999,428584960,NA,NA,NA,NA,NA,NA,NA,NA,5833440,1882629,26625,512,0f41e20848de6408cce7b1c5f57f0212c9401233ca75c7b6652c8ea62bfcd43f,794,0,124,20
1,6,0,0,5,0.44262977000000003,0.37371199999999999,0.039688999999999995,1026125824,NA,NA,NA,NA,NA,NA,NA,NA,11457352,5690734,153602,512,388033e7552b3b3255277a47381a62d5067155e67b74e663ad0ac019ed72fc50,1143,0,116,19
1,6,1,1,5,0.44855542200000004,0.34898799999999996,0.069119,1025929216,NA,NA,NA,NA,NA,NA,NA,NA,11457352,5690734,153602,512,388033e7552b3b3255277a47381a62d5067155e67b74e663ad0ac019ed72fc50,1586,0,272,29
1,6,0,0,1,0.056172349000000003,0.038158999999999998,0.0063569999999999998,156344320,NA,NA,NA,NA,NA,NA,NA,NA,994016,407679,8197,1,76f10b65f44b546f736cef2848789238eb7a5f77ce08b564ccca55b5bdc08f36,1083,0,39,8
1,6,1,1,1,0.055343395000000004,0.040153000000000001,0.0036509999999999997,156647424,NA,NA,NA,NA,NA,NA,NA,NA,994016,407679,8197,1,76f10b65f44b546f736cef2848789238eb7a5f77ce08b564ccca55b5bdc08f36,1087,0,27,7
1,6,0,1,2,0.041235501000000001,0.019844000000000001,0.0099229999999999995,131194880,NA,NA,NA,NA,NA,NA,NA,NA,837856,318511,16385,4096,b4f737276339a7626b246c204b626e79f9d9ec0f1f160233a5aa1c27728af83f,1071,0,20,8
1,6,1,0,2,0.040772463000000002,0.022880999999999999,0.0065269999999999998,131186688,NA,NA,NA,NA,NA,NA,NA,NA,837856,318511,16385,4096,b4f737276339a7626b246c204b626e79f9d9ec0f1f160233a5aa1c27728af83f,1071,0,18,7
1,7,0,1,3,0.060321302000000007,0.038911999999999995,0.0097339999999999996,179408896,NA,NA,NA,NA,NA,NA,NA,NA,1968568,2240463,32773,1,c491f4791a93a71124b9219b05e718490cf6bd1c68b1ec8fc6a6550e31f844b1,681,0,46,9
1,7,1,0,3,0.060396313000000007,0.045316999999999996,0.0034689999999999999,179298304,NA,NA,NA,NA,NA,NA,NA,NA,1968568,2240463,32773,1,c491f4791a93a71124b9219b05e718490cf6bd1c68b1ec8fc6a6550e31f844b1,1124,0,44,9
1,7,0,0,2,0.040366072000000003,0.022539,0.0064469999999999996,131547136,NA,NA,NA,NA,NA,NA,NA,NA,837856,318511,16385,4096,b4f737276339a7626b246c204b626e79f9d9ec0f1f160233a5aa1c27728af83f,630,0,22,6
1,7,1,1,2,0.041035677,0.023029999999999998,0.006587,131047424,NA,NA,NA,NA,NA,NA,NA,NA,837856,318511,16385,4096,b4f737276339a7626b246c204b626e79f9d9ec0f1f160233a5aa1c27728af83f,1070,0,20,7
1,7,0,1,1,0.055902482000000003,0.028357,0.015762999999999999,156377088,NA,NA,NA,NA,NA,NA,NA,NA,994016,407679,8197,1,76f10b65f44b546f736cef2848789238eb7a5f77ce08b564ccca55b5bdc08f36,1085,0,21,9
1,7,1,0,1,0.055617659000000007,0.037751,0.0062949999999999994,156241920,NA,NA,NA,NA,NA,NA,NA,NA,994016,407679,8197,1,76f10b65f44b546f736cef2848789238eb7a5f77ce08b564ccca55b5bdc08f36,1080,0,23,10
1,7,0,0,0,0.019927367000000001,0.0055839999999999996,0.0027929999999999999,55078912,NA,NA,NA,NA,NA,NA,NA,NA,2408,135,5,1,3d4d37e7dcef36139698862d60d536450dfb480779ac0676046a82e065e8af0f,1027,0,10,3
1,7,1,1,0,0.018830011000000001,0.0054039999999999999,0.0027069999999999998,55500800,NA,NA,NA,NA,NA,NA,NA,NA,2408,135,5,1,3d4d37e7dcef36139698862d60d536450dfb480779ac0676046a82e065e8af0f,586,0,12,4
1,7,0,1,5,0.44758435300000005,0.37968599999999997,0.036310999999999996,1025929216,NA,NA,NA,NA,NA,NA,NA,NA,11457352,5690734,153602,512,388033e7552b3b3255277a47381a62d5067155e67b74e663ad0ac019ed72fc50,1586,0,187,23
1,7,1,0,5,0.442117488,0.36635699999999999,0.047001999999999995,1026109440,NA,NA,NA,NA,NA,NA,NA,NA,11457352,5690734,153602,512,388033e7552b3b3255277a47381a62d5067155e67b74e663ad0ac019ed72fc50,1143,0,165,18
1,7,0,0,4,0.19814243200000001,0.155609,0.023174999999999998,428625920,NA,NA,NA,NA,NA,NA,NA,NA,5833440,1882629,26625,512,0f41e20848de6408cce7b1c5f57f0212c9401233ca75c7b6652c8ea62bfcd43f,785,0,125,13
1,7,1,1,4,0.19915503000000001,0.156448,0.023295,428392448,NA,NA,NA,NA,NA,NA,NA,NA,5833440,1882629,26625,512,0f41e20848de6408cce7b1c5f57f0212c9401233ca75c7b6652c8ea62bfcd43f,1238,0,182,14
1,8,0,0,2,0.040835071000000001,0.025880999999999998,0.0037009999999999999,131084288,NA,NA,NA,NA,NA,NA,NA,NA,837856,318511,16385,4096,b4f737276339a7626b246c204b626e79f9d9ec0f1f160233a5aa1c27728af83f,1068,0,19,6
1,8,1,1,2,0.040855278000000002,0.029541999999999999,0,131362816,NA,NA,NA,NA,NA,NA,NA,NA,837856,318511,16385,4096,b4f737276339a7626b246c204b626e79f9d9ec0f1f160233a5aa1c27728af83f,1075,0,21,5
1,8,0,1,1,0.055969358000000004,0.038041999999999999,0.0063279999999999994,156360704,NA,NA,NA,NA,NA,NA,NA,NA,994016,407679,8197,1,76f10b65f44b546f736cef2848789238eb7a5f77ce08b564ccca55b5bdc08f36,1124,0,22,8
1,8,1,0,1,0.056237710000000003,0.037305999999999999,0.0067849999999999994,156487680,NA,NA,NA,NA,NA,NA,NA,NA,994016,407679,8197,1,76f10b65f44b546f736cef2848789238eb7a5f77ce08b564ccca55b5bdc08f36,1082,0,22,10
1,8,0,0,0,0.019337272000000003,0.0028219999999999999,0.0056409999999999993,55455744,NA,NA,NA,NA,NA,NA,NA,NA,2408,135,5,1,3d4d37e7dcef36139698862d60d536450dfb480779ac0676046a82e065e8af0f,1070,0,10,4
1,8,1,1,0,0.019835024,0.002859,0.005738,55521280,NA,NA,NA,NA,NA,NA,NA,NA,2408,135,5,1,3d4d37e7dcef36139698862d60d536450dfb480779ac0676046a82e065e8af0f,1031,0,10,5
1,8,0,0,3,0.061013068000000004,0.042049999999999997,0.0070069999999999993,179548160,NA,NA,NA,NA,NA,NA,NA,NA,1968568,2240463,32773,1,c491f4791a93a71124b9219b05e718490cf6bd1c68b1ec8fc6a6550e31f844b1,682,0,38,9
1,8,1,1,3,0.060277861000000002,0.034587,0.013821999999999999,179167232,NA,NA,NA,NA,NA,NA,NA,NA,1968568,2240463,32773,1,c491f4791a93a71124b9219b05e718490cf6bd1c68b1ec8fc6a6550e31f844b1,1131,0,40,10
1,8,0,1,5,0.441756223,0.38266299999999998,0.036596999999999998,1025957888,NA,NA,NA,NA,NA,NA,NA,NA,11457352,5690734,153602,512,388033e7552b3b3255277a47381a62d5067155e67b74e663ad0ac019ed72fc50,1587,0,154,33
1,8,1,0,5,0.43346110900000001,0.37543099999999996,0.036877,1025880064,NA,NA,NA,NA,NA,NA,NA,NA,11457352,5690734,153602,512,388033e7552b3b3255277a47381a62d5067155e67b74e663ad0ac019ed72fc50,1139,0,130,19
1,8,0,0,4,0.19909438600000001,0.15029799999999999,0.029413999999999999,428527616,NA,NA,NA,NA,NA,NA,NA,NA,5833440,1882629,26625,512,0f41e20848de6408cce7b1c5f57f0212c9401233ca75c7b6652c8ea62bfcd43f,1240,0,158,12
1,8,1,1,4,0.19933086900000002,0.15322,0.02664,428875776,NA,NA,NA,NA,NA,NA,NA,NA,5833440,1882629,26625,512,0f41e20848de6408cce7b1c5f57f0212c9401233ca75c7b6652c8ea62bfcd43f,800,0,187,16
1,9,0,1,2,0.041056366000000004,0.025939999999999998,0.0036979999999999999,131682304,NA,NA,NA,NA,NA,NA,NA,NA,837856,318511,16385,4096,b4f737276339a7626b246c204b626e79f9d9ec0f1f160233a5aa1c27728af83f,632,0,25,7
1,9,1,0,2,0.040669881000000005,0.019625999999999998,0.0097990000000000004,131444736,NA,NA,NA,NA,NA,NA,NA,NA,837856,318511,16385,4096,b4f737276339a7626b246c204b626e79f9d9ec0f1f160233a5aa1c27728af83f,626,0,19,5
1,9,0,1,4,0.19912855000000002,0.159215,0.019900999999999999,428548096,NA,NA,NA,NA,NA,NA,NA,NA,5833440,1882629,26625,512,0f41e20848de6408cce7b1c5f57f0212c9401233ca75c7b6652c8ea62bfcd43f,1237,0,113,16
1,9,1,0,4,0.20341028200000003,0.151919,0.026405999999999999,428691456,NA,NA,NA,NA,NA,NA,NA,NA,5833440,1882629,26625,512,0f41e20848de6408cce7b1c5f57f0212c9401233ca75c7b6652c8ea62bfcd43f,796,0,128,17
1,9,0,1,3,0.060749975000000005,0.041982999999999999,0.0069809999999999994,179462144,NA,NA,NA,NA,NA,NA,NA,NA,1968568,2240463,32773,1,c491f4791a93a71124b9219b05e718490cf6bd1c68b1ec8fc6a6550e31f844b1,1127,0,39,9
1,9,1,0,3,0.060588993000000001,0.045224,0.0034789999999999999,179118080,NA,NA,NA,NA,NA,NA,NA,NA,1968568,2240463,32773,1,c491f4791a93a71124b9219b05e718490cf6bd1c68b1ec8fc6a6550e31f844b1,1122,0,49,8
1,9,0,0,5,0.43577703900000003,0.36688999999999999,0.049103999999999995,1025830912,NA,NA,NA,NA,NA,NA,NA,NA,11457352,5690734,153602,512,388033e7552b3b3255277a47381a62d5067155e67b74e663ad0ac019ed72fc50,1585,0,354,34
1,9,1,1,5,0.44185358400000002,0.36718299999999998,0.049616999999999994,1025626112,NA,NA,NA,NA,NA,NA,NA,NA,11457352,5690734,153602,512,388033e7552b3b3255277a47381a62d5067155e67b74e663ad0ac019ed72fc50,1584,0,53,18
1,9,0,1,0,0.019971711,0.0044399999999999995,0.0044469999999999996,55091200,NA,NA,NA,NA,NA,NA,NA,NA,2408,135,5,1,3d4d37e7dcef36139698862d60d536450dfb480779ac0676046a82e065e8af0f,1029,0,10,4
1,9,1,0,0,0.019520525,0.0083559999999999988,0,55492608,NA,NA,NA,NA,NA,NA,NA,NA,2408,135,5,1,3d4d37e7dcef36139698862d60d536450dfb480779ac0676046a82e065e8af0f,1034,0,9,4
1,9,0,0,1,0.055755707000000002,0.040479999999999995,0.0033769999999999998,156405760,NA,NA,NA,NA,NA,NA,NA,NA,994016,407679,8197,1,76f10b65f44b546f736cef2848789238eb7a5f77ce08b564ccca55b5bdc08f36,1079,0,28,10
1,9,1,1,1,0.055355778000000001,0.033764999999999996,0.010126999999999999,156299264,NA,NA,NA,NA,NA,NA,NA,NA,994016,407679,8197,1,76f10b65f44b546f736cef2848789238eb7a5f77ce08b564ccca55b5bdc08f36,1081,0,21,7
1,10,0,1,3,0.060001973000000007,0.044782999999999996,0.003441,179511296,NA,NA,NA,NA,NA,NA,NA,NA,1968568,2240463,32773,1,c491f4791a93a71124b9219b05e718490cf6bd1c68b1ec8fc6a6550e31f844b1,681,0,69,8
1,10,1,0,3,0.061020591000000006,0.039426999999999997,0.0098389999999999988,179113984,NA,NA,NA,NA,NA,NA,NA,NA,1968568,2240463,32773,1,c491f4791a93a71124b9219b05e718490cf6bd1c68b1ec8fc6a6550e31f844b1,1121,0,45,9
1,10,0,1,0,0.020763674000000003,0.0044619999999999998,0.0044580000000000002,55263232,NA,NA,NA,NA,NA,NA,NA,NA,2408,135,5,1,3d4d37e7dcef36139698862d60d536450dfb480779ac0676046a82e065e8af0f,1027,0,11,6
1,10,1,0,0,0.019347681000000002,0.0041649999999999994,0.0041519999999999994,55500800,NA,NA,NA,NA,NA,NA,NA,NA,2408,135,5,1,3d4d37e7dcef36139698862d60d536450dfb480779ac0676046a82e065e8af0f,585,0,9,3
1,10,0,1,2,0.040913267000000003,0.02588,0.0036969999999999998,131268608,NA,NA,NA,NA,NA,NA,NA,NA,837856,318511,16385,4096,b4f737276339a7626b246c204b626e79f9d9ec0f1f160233a5aa1c27728af83f,1072,0,28,5
1,10,1,0,2,0.040804545000000005,0.025774999999999999,0.0036839999999999998,131203072,NA,NA,NA,NA,NA,NA,NA,NA,837856,318511,16385,4096,b4f737276339a7626b246c204b626e79f9d9ec0f1f160233a5aa1c27728af83f,1072,0,22,7
1,10,0,1,4,0.19908304400000001,0.16631299999999999,0.013578999999999999,428306432,NA,NA,NA,NA,NA,NA,NA,NA,5833440,1882629,26625,512,0f41e20848de6408cce7b1c5f57f0212c9401233ca75c7b6652c8ea62bfcd43f,1240,0,124,17
1,10,1,0,4,0.19936218800000002,0.160138,0.020014000000000001,428331008,NA,NA,NA,NA,NA,NA,NA,NA,5833440,1882629,26625,512,0f41e20848de6408cce7b1c5f57f0212c9401233ca75c7b6652c8ea62bfcd43f,1236,0,180,13
1,10,0,1,5,0.44600550200000005,0.37079699999999999,0.046328999999999995,1025961984,NA,NA,NA,NA,NA,NA,NA,NA,11457352,5690734,153602,512,388033e7552b3b3255277a47381a62d5067155e67b74e663ad0ac019ed72fc50,1587,0,178,17
1,10,1,0,5,0.43651374800000003,0.366734,0.046689000000000001,1025929216,NA,NA,NA,NA,NA,NA,NA,NA,11457352,5690734,153602,512,388033e7552b3b3255277a47381a62d5067155e67b74e663ad0ac019ed72fc50,1142,0,201,21
1,10,0,0,1,0.055744667000000005,0.041052999999999999,0.0031579999999999998,156434432,NA,NA,NA,NA,NA,NA,NA,NA,994016,407679,8197,1,76f10b65f44b546f736cef2848789238eb7a5f77ce08b564ccca55b5bdc08f36,1084,0,49,8
1,10,1,1,1,0.055670708000000006,0.040689999999999997,0.0033909999999999999,156590080,NA,NA,NA,NA,NA,NA,NA,NA,994016,407679,8197,1,76f10b65f44b546f736cef2848789238eb7a5f77ce08b564ccca55b5bdc08f36,641,0,45,9
1,11,0,0,5,0.44026681100000004,0.35949399999999998,0.053266999999999995,1025638400,NA,NA,NA,NA,NA,NA,NA,NA,11457352,5690734,153602,512,388033e7552b3b3255277a47381a62d5067155e67b74e663ad0ac019ed72fc50,1584,0,219,22
1,11,1,1,5,0.43625024500000004,0.372141,0.043201999999999997,1025802240,NA,NA,NA,NA,NA,NA,NA,NA,11457352,5690734,153602,512,388033e7552b3b3255277a47381a62d5067155e67b74e663ad0ac019ed72fc50,1584,0,182,15
1,11,0,1,1,0.055863509000000006,0.033980999999999997,0.010201,156504064,NA,NA,NA,NA,NA,NA,NA,NA,994016,407679,8197,1,76f10b65f44b546f736cef2848789238eb7a5f77ce08b564ccca55b5bdc08f36,1114,0,29,10
1,11,1,0,1,0.055889337000000004,0.040937999999999995,0.0034139999999999999,156667904,NA,NA,NA,NA,NA,NA,NA,NA,994016,407679,8197,1,76f10b65f44b546f736cef2848789238eb7a5f77ce08b564ccca55b5bdc08f36,640,0,29,9
1,11,0,0,2,0.040386259000000001,0.021971999999999998,0.0073249999999999999,131141632,NA,NA,NA,NA,NA,NA,NA,NA,837856,318511,16385,4096,b4f737276339a7626b246c204b626e79f9d9ec0f1f160233a5aa1c27728af83f,1067,0,24,7
1,11,1,1,2,0.040918077000000004,0.025777999999999999,0.0036849999999999999,130994176,NA,NA,NA,NA,NA,NA,NA,NA,837856,318511,16385,4096,b4f737276339a7626b246c204b626e79f9d9ec0f1f160233a5aa1c27728af83f,1069,0,23,6
1,11,0,0,0,0.019692707,0.0058449999999999995,0.0029259999999999998,55336960,NA,NA,NA,NA,NA,NA,NA,NA,2408,135,5,1,3d4d37e7dcef36139698862d60d536450dfb480779ac0676046a82e065e8af0f,1059,0,11,5
1,11,1,1,0,0.018663699000000002,0.0052659999999999998,0.0026329999999999999,55316480,NA,NA,NA,NA,NA,NA,NA,NA,2408,135,5,1,3d4d37e7dcef36139698862d60d536450dfb480779ac0676046a82e065e8af0f,1027,0,12,5
1,11,0,0,4,0.198456089,0.16239599999999998,0.016243999999999998,428556288,NA,NA,NA,NA,NA,NA,NA,NA,5833440,1882629,26625,512,0f41e20848de6408cce7b1c5f57f0212c9401233ca75c7b6652c8ea62bfcd43f,1238,0,169,16
1,11,1,1,4,0.19948638900000001,0.15671199999999999,0.023335999999999999,428625920,NA,NA,NA,NA,NA,NA,NA,NA,5833440,1882629,26625,512,0f41e20848de6408cce7b1c5f57f0212c9401233ca75c7b6652c8ea62bfcd43f,793,0,131,19
1,11,0,0,3,0.061247556000000002,0.038655999999999996,0.010543,179544064,NA,NA,NA,NA,NA,NA,NA,NA,1968568,2240463,32773,1,c491f4791a93a71124b9219b05e718490cf6bd1c68b1ec8fc6a6550e31f844b1,682,0,39,8
1,11,1,1,3,0.060346849000000001,0.045262999999999998,0.0034809999999999997,179200000,NA,NA,NA,NA,NA,NA,NA,NA,1968568,2240463,32773,1,c491f4791a93a71124b9219b05e718490cf6bd1c68b1ec8fc6a6550e31f844b1,1123,0,46,9
1,12,0,1,4,0.198737045,0.149117,0.030501,428404736,NA,NA,NA,NA,NA,NA,NA,NA,5833440,1882629,26625,512,0f41e20848de6408cce7b1c5f57f0212c9401233ca75c7b6652c8ea62bfcd43f,1239,0,141,17
1,12,1,0,4,0.19922367600000002,0.16323099999999999,0.016632999999999998,428498944,NA,NA,NA,NA,NA,NA,NA,NA,5833440,1882629,26625,512,0f41e20848de6408cce7b1c5f57f0212c9401233ca75c7b6652c8ea62bfcd43f,1237,0,168,18
1,12,0,1,5,0.44853368800000004,0.37986700000000001,0.039652,1026064384,NA,NA,NA,NA,NA,NA,NA,NA,11457352,5690734,153602,512,388033e7552b3b3255277a47381a62d5067155e67b74e663ad0ac019ed72fc50,1141,0,191,20
1,12,1,0,5,0.44058904400000004,0.36463499999999999,0.046422999999999999,1026072576,NA,NA,NA,NA,NA,NA,NA,NA,11457352,5690734,153602,512,388033e7552b3b3255277a47381a62d5067155e67b74e663ad0ac019ed72fc50,1143,0,173,26
1,12,0,0,1,0.055783750000000007,0.044164999999999996,0,156397568,NA,NA,NA,NA,NA,NA,NA,NA,994016,407679,8197,1,76f10b65f44b546f736cef2848789238eb7a5f77ce08b564ccca55b5bdc08f36,1082,0,19,7
1,12,1,1,1,0.060159378000000006,0.035927000000000001,0.0089889999999999987,156610560,NA,NA,NA,NA,NA,NA,NA,NA,994016,407679,8197,1,76f10b65f44b546f736cef2848789238eb7a5f77ce08b564ccca55b5bdc08f36,1086,0,18,8
1,12,0,1,0,0.019256760000000001,0.002833,0.005666,55316480,NA,NA,NA,NA,NA,NA,NA,NA,2408,135,5,1,3d4d37e7dcef36139698862d60d536450dfb480779ac0676046a82e065e8af0f,1027,0,12,3
1,12,1,0,0,0.019382818,0.0082789999999999999,0,55279616,NA,NA,NA,NA,NA,NA,NA,NA,2408,135,5,1,3d4d37e7dcef36139698862d60d536450dfb480779ac0676046a82e065e8af0f,1026,0,9,4
1,12,0,1,3,0.060276237000000003,0.041495999999999998,0.0069289999999999994,179535872,NA,NA,NA,NA,NA,NA,NA,NA,1968568,2240463,32773,1,c491f4791a93a71124b9219b05e718490cf6bd1c68b1ec8fc6a6550e31f844b1,676,0,25,8
1,12,1,0,3,0.061575873000000003,0.046241999999999998,0.0035599999999999998,179269632,NA,NA,NA,NA,NA,NA,NA,NA,1968568,2240463,32773,1,c491f4791a93a71124b9219b05e718490cf6bd1c68b1ec8fc6a6550e31f844b1,1121,0,32,8
1,12,0,1,2,0.040901635000000006,0.025923999999999999,0.0037079999999999999,131387392,NA,NA,NA,NA,NA,NA,NA,NA,837856,318511,16385,4096,b4f737276339a7626b246c204b626e79f9d9ec0f1f160233a5aa1c27728af83f,627,0,28,6
1,12,1,0,2,0.040866259000000002,0.023153,0.0066149999999999994,131559424,NA,NA,NA,NA,NA,NA,NA,NA,837856,318511,16385,4096,b4f737276339a7626b246c204b626e79f9d9ec0f1f160233a5aa1c27728af83f,628,0,22,5
1,13,0,0,0,0.018814812,0.008317999999999999,0,55291904,NA,NA,NA,NA,NA,NA,NA,NA,2408,135,5,1,3d4d37e7dcef36139698862d60d536450dfb480779ac0676046a82e065e8af0f,1027,0,11,4
1,13,1,1,0,0.018552221000000001,0.0080099999999999998,0,55709696,NA,NA,NA,NA,NA,NA,NA,NA,2408,135,5,1,3d4d37e7dcef36139698862d60d536450dfb480779ac0676046a82e065e8af0f,587,0,11,4
1,13,0,0,3,0.060760404000000004,0.042185,0.006489,179777536,NA,NA,NA,NA,NA,NA,NA,NA,1968568,2240463,32773,1,c491f4791a93a71124b9219b05e718490cf6bd1c68b1ec8fc6a6550e31f844b1,685,0,23,12
1,13,1,1,3,0.060756907000000006,0.042394000000000001,0.0065239999999999994,179355648,NA,NA,NA,NA,NA,NA,NA,NA,1968568,2240463,32773,1,c491f4791a93a71124b9219b05e718490cf6bd1c68b1ec8fc6a6550e31f844b1,680,0,56,8
1,13,0,0,5,0.45078739200000001,0.36151800000000001,0.052589999999999998,1025617920,NA,NA,NA,NA,NA,NA,NA,NA,11457352,5690734,153602,512,388033e7552b3b3255277a47381a62d5067155e67b74e663ad0ac019ed72fc50,1584,0,316,21
1,13,1,1,5,0.43623754000000003,0.36524799999999996,0.050256999999999996,1025916928,NA,NA,NA,NA,NA,NA,NA,NA,11457352,5690734,153602,512,388033e7552b3b3255277a47381a62d5067155e67b74e663ad0ac019ed72fc50,1587,0,245,15
1,13,0,0,4,0.20019629,0.161077,0.019708,428310528,NA,NA,NA,NA,NA,NA,NA,NA,5833440,1882629,26625,512,0f41e20848de6408cce7b1c5f57f0212c9401233ca75c7b6652c8ea62bfcd43f,1234,0,88,14
1,13,1,1,4,0.19977223600000002,0.17061799999999999,0.010038999999999999,428711936,NA,NA,NA,NA,NA,NA,NA,NA,5833440,1882629,26625,512,0f41e20848de6408cce7b1c5f57f0212c9401233ca75c7b6652c8ea62bfcd43f,1246,0,184,16
1,13,0,0,2,0.041081874000000004,0.029885999999999999,0,131321856,NA,NA,NA,NA,NA,NA,NA,NA,837856,318511,16385,4096,b4f737276339a7626b246c204b626e79f9d9ec0f1f160233a5aa1c27728af83f,1075,0,18,7
1,13,1,1,2,0.041020959000000003,0.029742999999999999,0,131682304,NA,NA,NA,NA,NA,NA,NA,NA,837856,318511,16385,4096,b4f737276339a7626b246c204b626e79f9d9ec0f1f160233a5aa1c27728af83f,632,0,30,4
1,13,0,1,1,0.055521989000000001,0.037138999999999998,0.0067589999999999994,156561408,NA,NA,NA,NA,NA,NA,NA,NA,994016,407679,8197,1,76f10b65f44b546f736cef2848789238eb7a5f77ce08b564ccca55b5bdc08f36,637,0,36,8
1,13,1,0,1,0.055978966000000005,0.030695999999999998,0.013656,156372992,NA,NA,NA,NA,NA,NA,NA,NA,994016,407679,8197,1,76f10b65f44b546f736cef2848789238eb7a5f77ce08b564ccca55b5bdc08f36,1079,0,42,8
1,14,0,0,5,0.44273362200000005,0.34737899999999999,0.066156999999999994,1025904640,NA,NA,NA,NA,NA,NA,NA,NA,11457352,5690734,153602,512,388033e7552b3b3255277a47381a62d5067155e67b74e663ad0ac019ed72fc50,1140,0,247,36
1,14,1,1,5,0.43732430700000002,0.36189099999999996,0.053624999999999999,1025654784,NA,NA,NA,NA,NA,NA,NA,NA,11457352,5690734,153602,512,388033e7552b3b3255277a47381a62d5067155e67b74e663ad0ac019ed72fc50,1582,0,123,22
1,14,0,0,3,0.060433391000000003,0.045352999999999997,0.0034889999999999999,179548160,NA,NA,NA,NA,NA,NA,NA,NA,1968568,2240463,32773,1,c491f4791a93a71124b9219b05e718490cf6bd1c68b1ec8fc6a6550e31f844b1,682,0,39,6
1,14,1,1,3,0.060081832000000002,0.041694999999999996,0.0064229999999999999,179486720,NA,NA,NA,NA,NA,NA,NA,NA,1968568,2240463,32773,1,c491f4791a93a71124b9219b05e718490cf6bd1c68b1ec8fc6a6550e31f844b1,674,0,55,11
1,14,0,0,0,0.019121166000000002,0.0056389999999999999,0.0028219999999999999,55316480,NA,NA,NA,NA,NA,NA,NA,NA,2408,135,5,1,3d4d37e7dcef36139698862d60d536450dfb480779ac0676046a82e065e8af0f,1028,0,12,3
1,14,1,1,0,0.019361667000000003,0.00415,0.0041649999999999994,55529472,NA,NA,NA,NA,NA,NA,NA,NA,2408,135,5,1,3d4d37e7dcef36139698862d60d536450dfb480779ac0676046a82e065e8af0f,580,0,11,4
1,14,0,1,2,0.040710849,0.025599,0.003653,130985984,NA,NA,NA,NA,NA,NA,NA,NA,837856,318511,16385,4096,b4f737276339a7626b246c204b626e79f9d9ec0f1f160233a5aa1c27728af83f,1070,0,18,7
1,14,1,0,2,0.040499802000000001,0.021939,0.0073000000000000001,131313664,NA,NA,NA,NA,NA,NA,NA,NA,837856,318511,16385,4096,b4f737276339a7626b246c204b626e79f9d9ec0f1f160233a5aa1c27728af83f,629,0,23,6
1,14,0,0,1,0.055715673,0.041109,0.0031649999999999998,156684288,NA,NA,NA,NA,NA,NA,NA,NA,994016,407679,8197,1,76f10b65f44b546f736cef2848789238eb7a5f77ce08b564ccca55b5bdc08f36,640,0,25,9
1,14,1,1,1,0.055433364000000006,0.037157999999999997,0.0067559999999999999,156774400,NA,NA,NA,NA,NA,NA,NA,NA,994016,407679,8197,1,76f10b65f44b546f736cef2848789238eb7a5f77ce08b564ccca55b5bdc08f36,641,0,16,9
1,14,0,0,4,0.19797503700000002,0.161996,0.016508999999999999,428634112,NA,NA,NA,NA,NA,NA,NA,NA,5833440,1882629,26625,512,0f41e20848de6408cce7b1c5f57f0212c9401233ca75c7b6652c8ea62bfcd43f,1242,0,125,17
1,14,1,1,4,0.199111707,0.15690399999999999,0.022883000000000001,428634112,NA,NA,NA,NA,NA,NA,NA,NA,5833440,1882629,26625,512,0f41e20848de6408cce7b1c5f57f0212c9401233ca75c7b6652c8ea62bfcd43f,1242,0,158,16
1,15,0,1,5,0.43651018100000005,0.37275199999999997,0.043282000000000001,1025949696,NA,NA,NA,NA,NA,NA,NA,NA,11457352,5690734,153602,512,388033e7552b3b3255277a47381a62d5067155e67b74e663ad0ac019ed72fc50,1139,0,190,22
1,15,1,0,5,0.43831429000000005,0.35695499999999997,0.059482999999999994,1025732608,NA,NA,NA,NA,NA,NA,NA,NA,11457352,5690734,153602,512,388033e7552b3b3255277a47381a62d5067155e67b74e663ad0ac019ed72fc50,1583,0,115,34
1,15,0,1,3,0.060416812000000007,0.042441,0.0060650000000000001,179478528,NA,NA,NA,NA,NA,NA,NA,NA,1968568,2240463,32773,1,c491f4791a93a71124b9219b05e718490cf6bd1c68b1ec8fc6a6550e31f844b1,678,0,44,8
1,15,1,0,3,0.061294635000000007,0.036928999999999997,0.012310999999999999,179286016,NA,NA,NA,NA,NA,NA,NA,NA,1968568,2240463,32773,1,c491f4791a93a71124b9219b05e718490cf6bd1c68b1ec8fc6a6550e31f844b1,1120,0,43,9
1,15,0,1,1,0.055421431,0.037108999999999996,0.0067519999999999993,156647424,NA,NA,NA,NA,NA,NA,NA,NA,994016,407679,8197,1,76f10b65f44b546f736cef2848789238eb7a5f77ce08b564ccca55b5bdc08f36,637,0,43,9
1,15,1,0,1,0.055590988000000001,0.040604000000000001,0.0033679999999999999,156782592,NA,NA,NA,NA,NA,NA,NA,NA,994016,407679,8197,1,76f10b65f44b546f736cef2848789238eb7a5f77ce08b564ccca55b5bdc08f36,641,0,21,8
1,15,0,1,4,0.19863081600000002,0.16269,0.016607,428494848,NA,NA,NA,NA,NA,NA,NA,NA,5833440,1882629,26625,512,0f41e20848de6408cce7b1c5f57f0212c9401233ca75c7b6652c8ea62bfcd43f,1240,0,174,15
1,15,1,0,4,0.19988547800000001,0.166767,0.013611,428470272,NA,NA,NA,NA,NA,NA,NA,NA,5833440,1882629,26625,512,0f41e20848de6408cce7b1c5f57f0212c9401233ca75c7b6652c8ea62bfcd43f,1240,0,78,18
1,15,0,0,2,0.041041047000000004,0.023054999999999999,0.0065949999999999993,131325952,NA,NA,NA,NA,NA,NA,NA,NA,837856,318511,16385,4096,b4f737276339a7626b246c204b626e79f9d9ec0f1f160233a5aa1c27728af83f,1075,0,24,6
1,15,1,1,2,0.040943775000000002,0.026325999999999999,0.0032819999999999998,131399680,NA,NA,NA,NA,NA,NA,NA,NA,837856,318511,16385,4096,b4f737276339a7626b246c204b626e79f9d9ec0f1f160233a5aa1c27728af83f,1072,0,22,7
1,15,0,1,0,0.02016915,0.0058599999999999998,0.0029369999999999999,55574528,NA,NA,NA,NA,NA,NA,NA,NA,2408,135,5,1,3d4d37e7dcef36139698862d60d536450dfb480779ac0676046a82e065e8af0f,1032,0,11,4
1,15,1,0,0,0.018642550000000001,0.0039699999999999996,0.0039979999999999998,55205888,NA,NA,NA,NA,NA,NA,NA,NA,2408,135,5,1,3d4d37e7dcef36139698862d60d536450dfb480779ac0676046a82e065e8af0f,1025,0,12,4
1,16,0,1,0,0.019613599000000002,0.0041970000000000002,0.0042179999999999995,55316480,NA,NA,NA,NA,NA,NA,NA,NA,2408,135,5,1,3d4d37e7dcef36139698862d60d536450dfb480779ac0676046a82e065e8af0f,1028,0,9,3
1,16,1,0,0,0.019784249,0.0042810000000000001,0.004287,55230464,NA,NA,NA,NA,NA,NA,NA,NA,2408,135,5,1,3d4d37e7dcef36139698862d60d536450dfb480779ac0676046a82e065e8af0f,1026,0,9,4
1,16,0,1,4,0.19779767500000001,0.16487399999999999,0.01342,428679168,NA,NA,NA,NA,NA,NA,NA,NA,5833440,1882629,26625,512,0f41e20848de6408cce7b1c5f57f0212c9401233ca75c7b6652c8ea62bfcd43f,1240,0,175,22
1,16,1,0,4,0.20038980200000001,0.15077099999999999,0.03014,428683264,NA,NA,NA,NA,NA,NA,NA,NA,5833440,1882629,26625,512,0f41e20848de6408cce7b1c5f57f0212c9401233ca75c7b6652c8ea62bfcd43f,788,0,195,14
1,16,0,0,5,0.43440525600000002,0.35938699999999996,0.053238000000000001,1025609728,NA,NA,NA,NA,NA,NA,NA,NA,11457352,5690734,153602,512,388033e7552b3b3255277a47381a62d5067155e67b74e663ad0ac019ed72fc50,1582,0,117,26
1,16,1,1,5,0.43726177900000002,0.38863699999999995,0.026581999999999998,1025654784,NA,NA,NA,NA,NA,NA,NA,NA,11457352,5690734,153602,512,388033e7552b3b3255277a47381a62d5067155e67b74e663ad0ac019ed72fc50,1582,0,237,17
1,16,0,0,3,0.060780021000000004,0.04197,0.0069979999999999999,179273728,NA,NA,NA,NA,NA,NA,NA,NA,1968568,2240463,32773,1,c491f4791a93a71124b9219b05e718490cf6bd1c68b1ec8fc6a6550e31f844b1,1124,0,71,8
1,16,1,1,3,0.060228367000000005,0.038679999999999999,0.0096759999999999988,179486720,NA,NA,NA,NA,NA,NA,NA,NA,1968568,2240463,32773,1,c491f4791a93a71124b9219b05e718490cf6bd1c68b1ec8fc6a6550e31f844b1,1128,0,42,9
1,16,0,0,2,0.040901554999999999,0.020784,0.0089169999999999996,131170304,NA,NA,NA,NA,NA,NA,NA,NA,837856,318511,16385,4096,b4f737276339a7626b246c204b626e79f9d9ec0f1f160233a5aa1c27728af83f,1067,0,22,6
1,16,1,1,2,0.041316413000000003,0.023334000000000001,0.0066649999999999999,131325952,NA,NA,NA,NA,NA,NA,NA,NA,837856,318511,16385,4096,b4f737276339a7626b246c204b626e79f9d9ec0f1f160233a5aa1c27728af83f,1074,0,24,6
1,16,0,1,1,0.055696327000000004,0.034598999999999998,0.0094349999999999989,156598272,NA,NA,NA,NA,NA,NA,NA,NA,994016,407679,8197,1,76f10b65f44b546f736cef2848789238eb7a5f77ce08b564ccca55b5bdc08f36,633,0,44,10
1,16,1,0,1,0.055516540000000003,0.033857999999999999,0.010168999999999999,156610560,NA,NA,NA,NA,NA,NA,NA,NA,994016,407679,8197,1,76f10b65f44b546f736cef2848789238eb7a5f77ce08b564ccca55b5bdc08f36,638,0,22,9
1,17,0,1,5,0.43736925900000001,0.36979200000000001,0.046614999999999997,1026076672,NA,NA,NA,NA,NA,NA,NA,NA,11457352,5690734,153602,512,388033e7552b3b3255277a47381a62d5067155e67b74e663ad0ac019ed72fc50,1137,0,315,19
1,17,1,0,5,0.44772615500000001,0.35812499999999997,0.059672999999999997,1025892352,NA,NA,NA,NA,NA,NA,NA,NA,11457352,5690734,153602,512,388033e7552b3b3255277a47381a62d5067155e67b74e663ad0ac019ed72fc50,1588,0,93,25
1,17,0,1,3,0.059704636000000005,0.037936999999999999,0.010347,179478528,NA,NA,NA,NA,NA,NA,NA,NA,1968568,2240463,32773,1,c491f4791a93a71124b9219b05e718490cf6bd1c68b1ec8fc6a6550e31f844b1,1132,0,52,9
1,17,1,0,3,0.060415749000000005,0.041746999999999999,0.0069569999999999996,179195904,NA,NA,NA,NA,NA,NA,NA,NA,1968568,2240463,32773,1,c491f4791a93a71124b9219b05e718490cf6bd1c68b1ec8fc6a6550e31f844b1,1121,0,45,8
1,17,0,0,1,0.056182547000000006,0.026658999999999999,0.017774999999999999,156819456,NA,NA,NA,NA,NA,NA,NA,NA,994016,407679,8197,1,76f10b65f44b546f736cef2848789238eb7a5f77ce08b564ccca55b5bdc08f36,1120,0,26,10
1,17,1,1,1,0.055477757000000003,0.040696999999999997,0.0033959999999999997,156483584,NA,NA,NA,NA,NA,NA,NA,NA,994016,407679,8197,1,76f10b65f44b546f736cef2848789238eb7a5f77ce08b564ccca55b5bdc08f36,1082,0,28,8
1,17,0,0,4,0.19710460600000002,0.14804399999999998,0.029588,428896256,NA,NA,NA,NA,NA,NA,NA,NA,5833440,1882629,26625,512,0f41e20848de6408cce7b1c5f57f0212c9401233ca75c7b6652c8ea62bfcd43f,797,0,123,20
1,17,1,1,4,0.19830567600000001,0.16531299999999999,0.013498,428322816,NA,NA,NA,NA,NA,NA,NA,NA,5833440,1882629,26625,512,0f41e20848de6408cce7b1c5f57f0212c9401233ca75c7b6652c8ea62bfcd43f,1237,0,199,18
1,17,0,0,0,0.019049342,0.0083870000000000004,0,55185408,NA,NA,NA,NA,NA,NA,NA,NA,2408,135,5,1,3d4d37e7dcef36139698862d60d536450dfb480779ac0676046a82e065e8af0f,1025,0,11,3
1,17,1,1,0,0.019756687000000002,0.004235,0.0042259999999999997,55296000,NA,NA,NA,NA,NA,NA,NA,NA,2408,135,5,1,3d4d37e7dcef36139698862d60d536450dfb480779ac0676046a82e065e8af0f,1028,0,10,4
1,17,0,1,2,0.040498981000000003,0.029201999999999999,0,131346432,NA,NA,NA,NA,NA,NA,NA,NA,837856,318511,16385,4096,b4f737276339a7626b246c204b626e79f9d9ec0f1f160233a5aa1c27728af83f,628,0,25,7
1,17,1,0,2,0.040769629000000002,0.020761999999999999,0.0088970000000000004,131497984,NA,NA,NA,NA,NA,NA,NA,NA,837856,318511,16385,4096,b4f737276339a7626b246c204b626e79f9d9ec0f1f160233a5aa1c27728af83f,620,0,22,7
1,18,0,0,4,0.19857333800000002,0.14344799999999999,0.035843,428261376,NA,NA,NA,NA,NA,NA,NA,NA,5833440,1882629,26625,512,0f41e20848de6408cce7b1c5f57f0212c9401233ca75c7b6652c8ea62bfcd43f,1236,0,183,19
1,18,1,1,4,0.19894896200000001,0.16270699999999999,0.016952999999999999,428404736,NA,NA,NA,NA,NA,NA,NA,NA,5833440,1882629,26625,512,0f41e20848de6408cce7b1c5f57f0212c9401233ca75c7b6652c8ea62bfcd43f,1241,0,173,14
1,18,0,0,2,0.040804655000000002,0.022967999999999999,0.0065579999999999996,131047424,NA,NA,NA,NA,NA,NA,NA,NA,837856,318511,16385,4096,b4f737276339a7626b246c204b626e79f9d9ec0f1f160233a5aa1c27728af83f,1070,0,24,6
1,18,1,1,2,0.041174457000000005,0.023140999999999998,0.0066149999999999994,131092480,NA,NA,NA,NA,NA,NA,NA,NA,837856,318511,16385,4096,b4f737276339a7626b246c204b626e79f9d9ec0f1f160233a5aa1c27728af83f,1070,0,24,6
1,18,0,0,1,0.055829555000000003,0.037461000000000001,0.0068119999999999995,156430336,NA,NA,NA,NA,NA,NA,NA,NA,994016,407679,8197,1,76f10b65f44b546f736cef2848789238eb7a5f77ce08b564ccca55b5bdc08f36,1083,0,43,8
1,18,1,1,1,0.055600015000000003,0.040570999999999996,0.0033679999999999999,156295168,NA,NA,NA,NA,NA,NA,NA,NA,994016,407679,8197,1,76f10b65f44b546f736cef2848789238eb7a5f77ce08b564ccca55b5bdc08f36,1079,0,28,7
1,18,0,0,5,0.43339654700000002,0.35290199999999999,0.059903999999999999,1026007040,NA,NA,NA,NA,NA,NA,NA,NA,11457352,5690734,153602,512,388033e7552b3b3255277a47381a62d5067155e67b74e663ad0ac019ed72fc50,1589,0,197,19
1,18,1,1,5,0.43760936900000003,0.36358799999999997,0.052898000000000001,1025933312,NA,NA,NA,NA,NA,NA,NA,NA,11457352,5690734,153602,512,388033e7552b3b3255277a47381a62d5067155e67b74e663ad0ac019ed72fc50,1587,0,206,29
1,18,0,1,0,0.019879678000000001,0.0059109999999999996,0.002957,55349248,NA,NA,NA,NA,NA,NA,NA,NA,2408,135,5,1,3d4d37e7dcef36139698862d60d536450dfb480779ac0676046a82e065e8af0f,1028,0,11,4
1,18,1,0,0,0.018764569000000002,0.0053949999999999996,0.0027049999999999999,55525376,NA,NA,NA,NA,NA,NA,NA,NA,2408,135,5,1,3d4d37e7dcef36139698862d60d536450dfb480779ac0676046a82e065e8af0f,583,0,12,4
1,18,0,0,3,0.060350195000000002,0.032197999999999997,0.0161,179113984,NA,NA,NA,NA,NA,NA,NA,NA,1968568,2240463,32773,1,c491f4791a93a71124b9219b05e718490cf6bd1c68b1ec8fc6a6550e31f844b1,1121,0,36,10
1,18,1,1,3,0.060296524000000004,0.044946,0.00346,179642368,NA,NA,NA,NA,NA,NA,NA,NA,1968568,2240463,32773,1,c491f4791a93a71124b9219b05e718490cf6bd1c68b1ec8fc6a6550e31f844b1,685,0,22,9
1,19,0,1,4,0.198193807,0.16538700000000001,0.013498999999999999,428429312,NA,NA,NA,NA,NA,NA,NA,NA,5833440,1882629,26625,512,0f41e20848de6408cce7b1c5f57f0212c9401233ca75c7b6652c8ea62bfcd43f,1238,0,106,17
1,19,1,0,4,0.206920137,0.16600699999999999,0.01355,428556288,NA,NA,NA,NA,NA,NA,NA,NA,5833440,1882629,26625,512,0f41e20848de6408cce7b1c5f57f0212c9401233ca75c7b6652c8ea62bfcd43f,794,0,142,15
1,19,0,1,2,0.052098826000000001,0.026324999999999998,0.003764,131133440,NA,NA,NA,NA,NA,NA,NA,NA,837856,318511,16385,4096,b4f737276339a7626b246c204b626e79f9d9ec0f1f160233a5aa1c27728af83f,1069,0,21,6
1,19,1,0,2,0.040394094000000005,0.022772999999999998,0.0065139999999999998,131477504,NA,NA,NA,NA,NA,NA,NA,NA,837856,318511,16385,4096,b4f737276339a7626b246c204b626e79f9d9ec0f1f160233a5aa1c27728af83f,621,0,21,7
1,19,0,1,5,0.43657709500000003,0.374977,0.039778999999999995,1025724416,NA,NA,NA,NA,NA,NA,NA,NA,11457352,5690734,153602,512,388033e7552b3b3255277a47381a62d5067155e67b74e663ad0ac019ed72fc50,1586,0,124,24
1,19,1,0,5,0.433955272,0.36595,0.047001000000000001,1026084864,NA,NA,NA,NA,NA,NA,NA,NA,11457352,5690734,153602,512,388033e7552b3b3255277a47381a62d5067155e67b74e663ad0ac019ed72fc50,1140,0,111,18
1,19,0,0,0,0.019684242000000001,0,0.0087329999999999994,55287808,NA,NA,NA,NA,NA,NA,NA,NA,2408,135,5,1,3d4d37e7dcef36139698862d60d536450dfb480779ac0676046a82e065e8af0f,1049,0,11,3
1,19,1,1,0,0.019551092000000003,0.0083489999999999988,0,55263232,NA,NA,NA,NA,NA,NA,NA,NA,2408,135,5,1,3d4d37e7dcef36139698862d60d536450dfb480779ac0676046a82e065e8af0f,1028,0,9,3
1,19,0,1,3,0.060361367000000006,0.041396999999999996,0.006888,179458048,NA,NA,NA,NA,NA,NA,NA,NA,1968568,2240463,32773,1,c491f4791a93a71124b9219b05e718490cf6bd1c68b1ec8fc6a6550e31f844b1,1144,0,36,9
1,19,1,0,3,0.060895528000000004,0.049092999999999998,0,179179520,NA,NA,NA,NA,NA,NA,NA,NA,1968568,2240463,32773,1,c491f4791a93a71124b9219b05e718490cf6bd1c68b1ec8fc6a6550e31f844b1,1122,0,76,10
1,19,0,1,1,0.056009994,0.040895000000000001,0.003411,156680192,NA,NA,NA,NA,NA,NA,NA,NA,994016,407679,8197,1,76f10b65f44b546f736cef2848789238eb7a5f77ce08b564ccca55b5bdc08f36,635,0,23,8
1,19,1,0,1,0.056309604000000006,0.038151999999999998,0.0063559999999999997,156315648,NA,NA,NA,NA,NA,NA,NA,NA,994016,407679,8197,1,76f10b65f44b546f736cef2848789238eb7a5f77ce08b564ccca55b5bdc08f36,1081,0,30,9
1,20,0,1,4,0.19805403500000002,0.16170699999999999,0.016847000000000001,428388352,NA,NA,NA,NA,NA,NA,NA,NA,5833440,1882629,26625,512,0f41e20848de6408cce7b1c5f57f0212c9401233ca75c7b6652c8ea62bfcd43f,1238,0,174,15
1,20,1,0,4,0.19898169300000002,0.14954799999999999,0.029914,428601344,NA,NA,NA,NA,NA,NA,NA,NA,5833440,1882629,26625,512,0f41e20848de6408cce7b1c5f57f0212c9401233ca75c7b6652c8ea62bfcd43f,794,0,114,18
1,20,0,1,1,0.055561443000000002,0.033799999999999997,0.010137999999999999,156688384,NA,NA,NA,NA,NA,NA,NA,NA,994016,407679,8197,1,76f10b65f44b546f736cef2848789238eb7a5f77ce08b564ccca55b5bdc08f36,641,0,22,8
1,20,1,0,1,0.055739046,0.037321,0.006796,156561408,NA,NA,NA,NA,NA,NA,NA,NA,994016,407679,8197,1,76f10b65f44b546f736cef2848789238eb7a5f77ce08b564ccca55b5bdc08f36,1085,0,21,9
1,20,0,0,5,0.43976416600000001,0.36432300000000001,0.046360999999999999,1026138112,NA,NA,NA,NA,NA,NA,NA,NA,11457352,5690734,153602,512,388033e7552b3b3255277a47381a62d5067155e67b74e663ad0ac019ed72fc50,1144,0,263,20
1,20,1,1,5,0.43730644100000005,0.357734,0.059081999999999996,1025642496,NA,NA,NA,NA,NA,NA,NA,NA,11457352,5690734,153602,512,388033e7552b3b3255277a47381a62d5067155e67b74e663ad0ac019ed72fc50,1582,0,226,16
1,20,0,1,0,0.019209682000000002,0.0085269999999999999,0,55365632,NA,NA,NA,NA,NA,NA,NA,NA,2408,135,5,1,3d4d37e7dcef36139698862d60d536450dfb480779ac0676046a82e065e8af0f,1058,0,12,4
1,20,1,0,0,0.018638082,0.0039420000000000002,0.0039420000000000002,55218176,NA,NA,NA,NA,NA,NA,NA,NA,2408,135,5,1,3d4d37e7dcef36139698862d60d536450dfb480779ac0676046a82e065e8af0f,1028,0,10,3
1,20,0,0,2,0.040165466000000004,0.028939999999999997,0,131436544,NA,NA,NA,NA,NA,NA,NA,NA,837856,318511,16385,4096,b4f737276339a7626b246c204b626e79f9d9ec0f1f160233a5aa1c27728af83f,625,0,30,5
1,20,1,1,2,0.040886517000000004,0.022926999999999999,0.0065529999999999998,131362816,NA,NA,NA,NA,NA,NA,NA,NA,837856,318511,16385,4096,b4f737276339a7626b246c204b626e79f9d9ec0f1f160233a5aa1c27728af83f,627,0,25,6
1,20,0,0,3,0.060299591000000007,0.048666999999999995,0,179556352,NA,NA,NA,NA,NA,NA,NA,NA,1968568,2240463,32773,1,c491f4791a93a71124b9219b05e718490cf6bd1c68b1ec8fc6a6550e31f844b1,1165,0,54,9
1,20,1,1,3,0.060538539000000002,0.042441,0.0060609999999999995,179257344,NA,NA,NA,NA,NA,NA,NA,NA,1968568,2240463,32773,1,c491f4791a93a71124b9219b05e718490cf6bd1c68b1ec8fc6a6550e31f844b1,677,0,33,10
1,21,0,0,0,0.019868156000000001,0.0043289999999999995,0.0043249999999999999,55316480,NA,NA,NA,NA,NA,NA,NA,NA,2408,135,5,1,3d4d37e7dcef36139698862d60d536450dfb480779ac0676046a82e065e8af0f,1026,0,10,5
1,21,1,1,0,0.018577398000000002,0.0052169999999999994,0.0026080000000000001,55611392,NA,NA,NA,NA,NA,NA,NA,NA,2408,135,5,1,3d4d37e7dcef36139698862d60d536450dfb480779ac0676046a82e065e8af0f,581,0,12,4
1,21,0,1,2,0.040352486,0.025465999999999999,0.00364,131342336,NA,NA,NA,NA,NA,NA,NA,NA,837856,318511,16385,4096,b4f737276339a7626b246c204b626e79f9d9ec0f1f160233a5aa1c27728af83f,1074,0,21,6
1,21,1,0,2,0.040884584000000002,0.029588999999999997,0,131158016,NA,NA,NA,NA,NA,NA,NA,NA,837856,318511,16385,4096,b4f737276339a7626b246c204b626e79f9d9ec0f1f160233a5aa1c27728af83f,1067,0,24,7
1,21,0,1,3,0.060657451000000001,0.038136999999999997,0.010416,178999296,NA,NA,NA,NA,NA,NA,NA,NA,1968568,2240463,32773,1,c491f4791a93a71124b9219b05e718490cf6bd1c68b1ec8fc6a6550e31f844b1,1121,0,62,9
1,21,1,0,3,0.060281597000000006,0.035421999999999995,0.012891999999999999,179589120,NA,NA,NA,NA,NA,NA,NA,NA,1968568,2240463,32773,1,c491f4791a93a71124b9219b05e718490cf6bd1c68b1ec8fc6a6550e31f844b1,680,0,42,8
1,21,0,0,1,0.055973875000000006,0.034078999999999998,0.010199,156389376,NA,NA,NA,NA,NA,NA,NA,NA,994016,407679,8197,1,76f10b65f44b546f736cef2848789238eb7a5f77ce08b564ccca55b5bdc08f36,1080,0,32,8
1,21,1,1,1,0.055710402000000006,0.034499000000000002,0.0094240000000000001,156426240,NA,NA,NA,NA,NA,NA,NA,NA,994016,407679,8197,1,76f10b65f44b546f736cef2848789238eb7a5f77ce08b564ccca55b5bdc08f36,1081,0,20,9
1,21,0,0,4,0.198487047,0.165578,0.013521,428421120,NA,NA,NA,NA,NA,NA,NA,NA,5833440,1882629,26625,512,0f41e20848de6408cce7b1c5f57f0212c9401233ca75c7b6652c8ea62bfcd43f,1236,0,193,17
1,21,1,1,4,0.199696342,0.16025999999999999,0.019622999999999998,428347392,NA,NA,NA,NA,NA,NA,NA,NA,5833440,1882629,26625,512,0f41e20848de6408cce7b1c5f57f0212c9401233ca75c7b6652c8ea62bfcd43f,1235,0,120,17
1,21,0,1,5,0.44557162700000003,0.37258199999999997,0.042870999999999999,1025761280,NA,NA,NA,NA,NA,NA,NA,NA,11457352,5690734,153602,512,388033e7552b3b3255277a47381a62d5067155e67b74e663ad0ac019ed72fc50,1584,0,252,19
1,21,1,0,5,0.42609036600000005,0.360647,0.052944999999999999,1025630208,NA,NA,NA,NA,NA,NA,NA,NA,11457352,5690734,153602,512,388033e7552b3b3255277a47381a62d5067155e67b74e663ad0ac019ed72fc50,1582,0,217,20
1,22,0,1,2,0.041174145000000002,0.022335000000000001,0.0074419999999999998,131178496,NA,NA,NA,NA,NA,NA,NA,NA,837856,318511,16385,4096,b4f737276339a7626b246c204b626e79f9d9ec0f1f160233a5aa1c27728af83f,1073,0,18,5
1,22,1,0,2,0.047364024000000005,0.025717999999999998,0.003673,131051520,NA,NA,NA,NA,NA,NA,NA,NA,837856,318511,16385,4096,b4f737276339a7626b246c204b626e79f9d9ec0f1f160233a5aa1c27728af83f,1068,0,28,7
1,22,0,0,1,0.055857457000000006,0.037338999999999997,0.006796,156708864,NA,NA,NA,NA,NA,NA,NA,NA,994016,407679,8197,1,76f10b65f44b546f736cef2848789238eb7a5f77ce08b564ccca55b5bdc08f36,640,0,21,10
1,22,1,1,1,0.055864630000000005,0.037401999999999998,0.0068049999999999994,156385280,NA,NA,NA,NA,NA,NA,NA,NA,994016,407679,8197,1,76f10b65f44b546f736cef2848789238eb7a5f77ce08b564ccca55b5bdc08f36,1084,0,28,9
1,22,0,1,5,0.44986449000000001,0.37270799999999998,0.046122999999999997,1025662976,NA,NA,NA,NA,NA,NA,NA,NA,11457352,5690734,153602,512,388033e7552b3b3255277a47381a62d5067155e67b74e663ad0ac019ed72fc50,1607,0,307,33
1,22,1,0,5,0.44300494800000001,0.36648599999999998,0.046198999999999997,1025822720,NA,NA,NA,NA,NA,NA,NA,NA,11457352,5690734,153602,512,388033e7552b3b3255277a47381a62d5067155e67b74e663ad0ac019ed72fc50,1584,0,244,30
1,22,0,1,3,0.060118251000000004,0.038591,0.0096460000000000001,179154944,NA,NA,NA,NA,NA,NA,NA,NA,1968568,2240463,32773,1,c491f4791a93a71124b9219b05e718490cf6bd1c68b1ec8fc6a6550e31f844b1,1123,0,56,8
1,22,1,0,3,0.061177506000000006,0.040133999999999996,0.0092589999999999999,179306496,NA,NA,NA,NA,NA,NA,NA,NA,1968568,2240463,32773,1,c491f4791a93a71124b9219b05e718490cf6bd1c68b1ec8fc6a6550e31f844b1,1125,0,39,9
1,22,0,0,0,0.018956789000000002,0.0040819999999999997,0.0040860000000000002,55361536,NA,NA,NA,NA,NA,NA,NA,NA,2408,135,5,1,3d4d37e7dcef36139698862d60d536450dfb480779ac0676046a82e065e8af0f,584,0,12,4
1,22,1,1,0,0.018498189000000002,0.007868,0,55287808,NA,NA,NA,NA,NA,NA,NA,NA,2408,135,5,1,3d4d37e7dcef36139698862d60d536450dfb480779ac0676046a82e065e8af0f,1029,0,11,5
1,22,0,0,4,0.19844935400000002,0.155477,0.023663999999999998,428265472,NA,NA,NA,NA,NA,NA,NA,NA,5833440,1882629,26625,512,0f41e20848de6408cce7b1c5f57f0212c9401233ca75c7b6652c8ea62bfcd43f,1236,0,156,17
1,22,1,1,4,0.198340079,0.16561599999999999,0.013521999999999999,428638208,NA,NA,NA,NA,NA,NA,NA,NA,5833440,1882629,26625,512,0f41e20848de6408cce7b1c5f57f0212c9401233ca75c7b6652c8ea62bfcd43f,1242,0,172,16
1,23,0,0,5,0.44205304300000003,0.369616,0.043680999999999998,1026265088,NA,NA,NA,NA,NA,NA,NA,NA,11457352,5690734,153602,512,388033e7552b3b3255277a47381a62d5067155e67b74e663ad0ac019ed72fc50,1144,0,249,20
1,23,1,1,5,0.43688275700000001,0.35574800000000001,0.060419,1025929216,NA,NA,NA,NA,NA,NA,NA,NA,11457352,5690734,153602,512,388033e7552b3b3255277a47381a62d5067155e67b74e663ad0ac019ed72fc50,1591,0,247,20
1,23,0,1,1,0.056614335000000002,0.035132999999999998,0.0095919999999999998,156524544,NA,NA,NA,NA,NA,NA,NA,NA,994016,407679,8197,1,76f10b65f44b546f736cef2848789238eb7a5f77ce08b564ccca55b5bdc08f36,1083,0,26,10
1,23,1,0,1,0.056006147000000006,0.040887,0.0034119999999999997,156311552,NA,NA,NA,NA,NA,NA,NA,NA,994016,407679,8197,1,76f10b65f44b546f736cef2848789238eb7a5f77ce08b564ccca55b5bdc08f36,1083,0,14,9
1,23,0,0,2,0.041197139000000001,0.019799999999999998,0.0099080000000000001,131170304,NA,NA,NA,NA,NA,NA,NA,NA,837856,318511,16385,4096,b4f737276339a7626b246c204b626e79f9d9ec0f1f160233a5aa1c27728af83f,1071,0,26,7
1,23,1,1,2,0.041281767000000004,0.020934999999999999,0.0089879999999999995,130924544,NA,NA,NA,NA,NA,NA,NA,NA,837856,318511,16385,4096,b4f737276339a7626b246c204b626e79f9d9ec0f1f160233a5aa1c27728af83f,1068,0,30,8
1,23,0,0,3,0.060948807000000001,0.042908999999999996,0.0061349999999999998,179331072,NA,NA,NA,NA,NA,NA,NA,NA,1968568,2240463,32773,1,c491f4791a93a71124b9219b05e718490cf6bd1c68b1ec8fc6a6550e31f844b1,1123,0,64,9
1,23,1,1,3,0.060234830000000003,0.027275999999999998,0.021181999999999999,179269632,NA,NA,NA,NA,NA,NA,NA,NA,1968568,2240463,32773,1,c491f4791a93a71124b9219b05e718490cf6bd1c68b1ec8fc6a6550e31f844b1,1123,0,40,8
1,23,0,1,0,0.019447618,0.0084599999999999988,0,55537664,NA,NA,NA,NA,NA,NA,NA,NA,2408,135,5,1,3d4d37e7dcef36139698862d60d536450dfb480779ac0676046a82e065e8af0f,581,0,12,3
1,23,1,0,0,0.019344384000000003,0.002774,0.0055239999999999994,55152640,NA,NA,NA,NA,NA,NA,NA,NA,2408,135,5,1,3d4d37e7dcef36139698862d60d536450dfb480779ac0676046a82e065e8af0f,1027,0,9,4
1,23,0,1,4,0.19882003000000001,0.169013,0.010135999999999999,428916736,NA,NA,NA,NA,NA,NA,NA,NA,5833440,1882629,26625,512,0f41e20848de6408cce7b1c5f57f0212c9401233ca75c7b6652c8ea62bfcd43f,799,0,184,19
1,23,1,0,4,0.19943287800000001,0.156806,0.023354,428597248,NA,NA,NA,NA,NA,NA,NA,NA,5833440,1882629,26625,512,0f41e20848de6408cce7b1c5f57f0212c9401233ca75c7b6652c8ea62bfcd43f,1271,0,131,10
1,24,0,0,3,0.060866894000000005,0.042173999999999996,0.0070369999999999999,179433472,NA,NA,NA,NA,NA,NA,NA,NA,1968568,2240463,32773,1,c491f4791a93a71124b9219b05e718490cf6bd1c68b1ec8fc6a6550e31f844b1,681,0,54,8
1,24,1,1,3,0.060199854000000004,0.039364999999999997,0.0090919999999999994,179400704,NA,NA,NA,NA,NA,NA,NA,NA,1968568,2240463,32773,1,c491f4791a93a71124b9219b05e718490cf6bd1c68b1ec8fc6a6550e31f844b1,681,0,48,9
1,24,0,1,2,0.041104616000000004,0.023184999999999997,0.0066279999999999993,131035136,NA,NA,NA,NA,NA,NA,NA,NA,837856,318511,16385,4096,b4f737276339a7626b246c204b626e79f9d9ec0f1f160233a5aa1c27728af83f,1067,0,25,7
1,24,1,0,2,0.040861330000000001,0.017714000000000001,0.011807999999999999,131145728,NA,NA,NA,NA,NA,NA,NA,NA,837856,318511,16385,4096,b4f737276339a7626b246c204b626e79f9d9ec0f1f160233a5aa1c27728af83f,1070,0,18,6
1,24,0,0,0,0.018829871000000001,0.0054159999999999998,0.0027109999999999999,55656448,NA,NA,NA,NA,NA,NA,NA,NA,2408,135,5,1,3d4d37e7dcef36139698862d60d536450dfb480779ac0676046a82e065e8af0f,587,0,11,4
1,24,1,1,0,0.018278025,0.0076169999999999996,0,55652352,NA,NA,NA,NA,NA,NA,NA,NA,2408,135,5,1,3d4d37e7dcef36139698862d60d536450dfb480779ac0676046a82e065e8af0f,586,0,12,4
1,24,0,1,4,0.19858288600000001,0.15914999999999999,0.020319,428261376,NA,NA,NA,NA,NA,NA,NA,NA,5833440,1882629,26625,512,0f41e20848de6408cce7b1c5f57f0212c9401233ca75c7b6652c8ea62bfcd43f,1237,0,170,19
1,24,1,0,4,0.19943245700000001,0.160274,0.019622999999999998,428376064,NA,NA,NA,NA,NA,NA,NA,NA,5833440,1882629,26625,512,0f41e20848de6408cce7b1c5f57f0212c9401233ca75c7b6652c8ea62bfcd43f,1239,0,195,16
1,24,0,1,1,0.055635222000000005,0.030370999999999999,0.013483999999999999,156889088,NA,NA,NA,NA,NA,NA,NA,NA,994016,407679,8197,1,76f10b65f44b546f736cef2848789238eb7a5f77ce08b564ccca55b5bdc08f36,646,0,39,9
1,24,1,0,1,0.055905737000000004,0.034782,0.0094889999999999992,156393472,NA,NA,NA,NA,NA,NA,NA,NA,994016,407679,8197,1,76f10b65f44b546f736cef2848789238eb7a5f77ce08b564ccca55b5bdc08f36,1082,0,24,8
1,24,0,1,5,0.44106120500000001,0.35628499999999996,0.063853999999999994,1025622016,NA,NA,NA,NA,NA,NA,NA,NA,11457352,5690734,153602,512,388033e7552b3b3255277a47381a62d5067155e67b74e663ad0ac019ed72fc50,1582,0,248,29
1,24,1,0,5,0.44339427600000003,0.37609799999999999,0.036608999999999996,1025753088,NA,NA,NA,NA,NA,NA,NA,NA,11457352,5690734,153602,512,388033e7552b3b3255277a47381a62d5067155e67b74e663ad0ac019ed72fc50,1585,0,181,24
1,25,0,0,5,0.43358907500000005,0.36553799999999997,0.046508000000000001,1026199552,NA,NA,NA,NA,NA,NA,NA,NA,11457352,5690734,153602,512,388033e7552b3b3255277a47381a62d5067155e67b74e663ad0ac019ed72fc50,1139,0,282,16
1,25,1,1,5,0.44208588500000001,0.38618599999999997,0.030213,1025929216,NA,NA,NA,NA,NA,NA,NA,NA,11457352,5690734,153602,512,388033e7552b3b3255277a47381a62d5067155e67b74e663ad0ac019ed72fc50,1588,0,157,17
1,25,0,0,4,0.20366203200000002,0.15612999999999999,0.023243,428490752,NA,NA,NA,NA,NA,NA,NA,NA,5833440,1882629,26625,512,0f41e20848de6408cce7b1c5f57f0212c9401233ca75c7b6652c8ea62bfcd43f,1239,0,86,20
1,25,1,1,4,0.19924096800000002,0.159798,0.019975,428609536,NA,NA,NA,NA,NA,NA,NA,NA,5833440,1882629,26625,512,0f41e20848de6408cce7b1c5f57f0212c9401233ca75c7b6652c8ea62bfcd43f,795,0,134,18
1,25,0,1,0,0.020441730000000002,0.0044329999999999994,0.0044219999999999997,55193600,NA,NA,NA,NA,NA,NA,NA,NA,2408,135,5,1,3d4d37e7dcef36139698862d60d536450dfb480779ac0676046a82e065e8af0f,1028,0,10,6
1,25,1,0,0,0.019781895000000001,0.0055049999999999995,0.0027589999999999997,55504896,NA,NA,NA,NA,NA,NA,NA,NA,2408,135,5,1,3d4d37e7dcef36139698862d60d536450dfb480779ac0676046a82e065e8af0f,575,0,12,4
1,25,0,0,2,0.040107027000000003,0.025564999999999997,0.0032049999999999999,131342336,NA,NA,NA,NA,NA,NA,NA,NA,837856,318511,16385,4096,b4f737276339a7626b246c204b626e79f9d9ec0f1f160233a5aa1c27728af83f,620,0,18,9
1,25,1,1,2,0.041113441000000001,0.020941999999999999,0.0089859999999999992,131121152,NA,NA,NA,NA,NA,NA,NA,NA,837856,318511,16385,4096,b4f737276339a7626b246c204b626e79f9d9ec0f1f160233a5aa1c27728af83f,1084,0,33,6
1,25,0,1,3,0.060571701000000006,0.039465,0.0091199999999999996,179212288,NA,NA,NA,NA,NA,NA,NA,NA,1968568,2240463,32773,1,c491f4791a93a71124b9219b05e718490cf6bd1c68b1ec8fc6a6550e31f844b1,1121,0,41,9
1,25,1,0,3,0.060996556,0.035826999999999998,0.013016999999999999,179281920,NA,NA,NA,NA,NA,NA,NA,NA,1968568,2240463,32773,1,c491f4791a93a71124b9219b05e718490cf6bd1c68b1ec8fc6a6550e31f844b1,1123,0,45,9
1,25,0,0,1,0.055910086000000005,0.031487999999999995,0.012588999999999999,156528640,NA,NA,NA,NA,NA,NA,NA,NA,994016,407679,8197,1,76f10b65f44b546f736cef2848789238eb7a5f77ce08b564ccca55b5bdc08f36,639,0,22,9
1,25,1,1,1,0.055937177000000005,0.033883999999999997,0.010166,156426240,NA,NA,NA,NA,NA,NA,NA,NA,994016,407679,8197,1,76f10b65f44b546f736cef2848789238eb7a5f77ce08b564ccca55b5bdc08f36,1082,0,36,9
1,26,0,0,1,0.055830126000000001,0.033975999999999999,0.010192999999999999,156524544,NA,NA,NA,NA,NA,NA,NA,NA,994016,407679,8197,1,76f10b65f44b546f736cef2848789238eb7a5f77ce08b564ccca55b5bdc08f36,639,0,45,8
1,26,1,1,1,0.055601608000000004,0.037712999999999997,0.0062879999999999993,156659712,NA,NA,NA,NA,NA,NA,NA,NA,994016,407679,8197,1,76f10b65f44b546f736cef2848789238eb7a5f77ce08b564ccca55b5bdc08f36,1087,0,32,10
1,26,0,1,2,0.040698524999999999,0.026622999999999997,0.002947,131072000,NA,NA,NA,NA,NA,NA,NA,NA,837856,318511,16385,4096,b4f737276339a7626b246c204b626e79f9d9ec0f1f160233a5aa1c27728af83f,1070,0,26,5
1,26,1,0,2,0.040621701000000003,0.020643999999999999,0.0088419999999999992,131543040,NA,NA,NA,NA,NA,NA,NA,NA,837856,318511,16385,4096,b4f737276339a7626b246c204b626e79f9d9ec0f1f160233a5aa1c27728af83f,628,0,41,7
1,26,0,0,3,0.060087702000000007,0.04879,0,179474432,NA,NA,NA,NA,NA,NA,NA,NA,1968568,2240463,32773,1,c491f4791a93a71124b9219b05e718490cf6bd1c68b1ec8fc6a6550e31f844b1,679,0,50,9
1,26,1,1,3,0.065037246000000007,0.045411,0.003496,179122176,NA,NA,NA,NA,NA,NA,NA,NA,1968568,2240463,32773,1,c491f4791a93a71124b9219b05e718490cf6bd1c68b1ec8fc6a6550e31f844b1,1122,0,33,8
1,26,0,0,0,0.019389218,0.0083789999999999993,0,55689216,NA,NA,NA,NA,NA,NA,NA,NA,2408,135,5,1,3d4d37e7dcef36139698862d60d536450dfb480779ac0676046a82e065e8af0f,587,0,10,3
1,26,1,1,0,0.018684819000000002,0.0026639999999999997,0.005326,55488512,NA,NA,NA,NA,NA,NA,NA,NA,2408,135,5,1,3d4d37e7dcef36139698862d60d536450dfb480779ac0676046a82e065e8af0f,1032,0,11,4
1,26,0,0,4,0.211073388,0.15915599999999999,0.020308,428179456,NA,NA,NA,NA,NA,NA,NA,NA,5833440,1882629,26625,512,0f41e20848de6408cce7b1c5f57f0212c9401233ca75c7b6652c8ea62bfcd43f,1235,0,96,17
1,26,1,1,4,0.19916367400000001,0.15636999999999998,0.023282999999999998,428371968,NA,NA,NA,NA,NA,NA,NA,NA,5833440,1882629,26625,512,0f41e20848de6408cce7b1c5f57f0212c9401233ca75c7b6652c8ea62bfcd43f,1237,0,121,17
1,26,0,1,5,0.44584038000000004,0.36858099999999999,0.046512999999999999,1025810432,NA,NA,NA,NA,NA,NA,NA,NA,11457352,5690734,153602,512,388033e7552b3b3255277a47381a62d5067155e67b74e663ad0ac019ed72fc50,1587,0,61,22
1,26,1,0,5,0.43690531800000004,0.37367800000000001,0.043375999999999998,1025622016,NA,NA,NA,NA,NA,NA,NA,NA,11457352,5690734,153602,512,388033e7552b3b3255277a47381a62d5067155e67b74e663ad0ac019ed72fc50,1583,0,323,35
1,27,0,1,3,0.060557193000000002,0.038526999999999999,0.010518999999999999,179298304,NA,NA,NA,NA,NA,NA,NA,NA,1968568,2240463,32773,1,c491f4791a93a71124b9219b05e718490cf6bd1c68b1ec8fc6a6550e31f844b1,1134,0,48,9
1,27,1,0,3,0.061264458000000001,0.043070999999999998,0.006633,179122176,NA,NA,NA,NA,NA,NA,NA,NA,1968568,2240463,32773,1,c491f4791a93a71124b9219b05e718490cf6bd1c68b1ec8fc6a6550e31f844b1,1119,0,46,8
1,27,0,1,4,0.19810224400000001,0.158558,0.020232999999999998,428363776,NA,NA,NA,NA,NA,NA,NA,NA,5833440,1882629,26625,512,0f41e20848de6408cce7b1c5f57f0212c9401233ca75c7b6652c8ea62bfcd43f,1239,0,165,16
1,27,1,0,4,0.19916773000000002,0.15921199999999999,0.020319999999999998,428425216,NA,NA,NA,NA,NA,NA,NA,NA,5833440,1882629,26625,512,0f41e20848de6408cce7b1c5f57f0212c9401233ca75c7b6652c8ea62bfcd43f,1234,0,177,10
1,27,0,0,2,0.040847073000000005,0.023004999999999998,0.0065779999999999996,131072000,NA,NA,NA,NA,NA,NA,NA,NA,837856,318511,16385,4096,b4f737276339a7626b246c204b626e79f9d9ec0f1f160233a5aa1c27728af83f,1071,0,19,7
1,27,1,1,2,0.041071574,0.023899,0.0059719999999999999,131215360,NA,NA,NA,NA,NA,NA,NA,NA,837856,318511,16385,4096,b4f737276339a7626b246c204b626e79f9d9ec0f1f160233a5aa1c27728af83f,1074,0,23,7
1,27,0,1,0,0.019073999000000001,0.0086369999999999988,0,55267328,NA,NA,NA,NA,NA,NA,NA,NA,2408,135,5,1,3d4d37e7dcef36139698862d60d536450dfb480779ac0676046a82e065e8af0f,1027,0,13,3
1,27,1,0,0,0.023390266,0.0083489999999999988,0,55390208,NA,NA,NA,NA,NA,NA,NA,NA,2408,135,5,1,3d4d37e7dcef36139698862d60d536450dfb480779ac0676046a82e065e8af0f,1029,0,11,3
1,27,0,1,1,0.055283732000000002,0.043802000000000001,0,156393472,NA,NA,NA,NA,NA,NA,NA,NA,994016,407679,8197,1,76f10b65f44b546f736cef2848789238eb7a5f77ce08b564ccca55b5bdc08f36,1083,0,22,8
1,27,1,0,1,0.060533659000000004,0.031891999999999997,0.012761999999999999,156598272,NA,NA,NA,NA,NA,NA,NA,NA,994016,407679,8197,1,76f10b65f44b546f736cef2848789238eb7a5f77ce08b564ccca55b5bdc08f36,638,0,25,7
1,27,0,0,5,0.437398703,0.382967,0.033295999999999999,1025716224,NA,NA,NA,NA,NA,NA,NA,NA,11457352,5690734,153602,512,388033e7552b3b3255277a47381a62d5067155e67b74e663ad0ac019ed72fc50,1584,0,169,18
1,27,1,1,5,0.43883053400000005,0.36752599999999996,0.050133999999999998,1025785856,NA,NA,NA,NA,NA,NA,NA,NA,11457352,5690734,153602,512,388033e7552b3b3255277a47381a62d5067155e67b74e663ad0ac019ed72fc50,1586,0,154,27
1,28,0,0,3,0.061408598000000002,0.046335000000000001,0.0033019999999999998,179499008,NA,NA,NA,NA,NA,NA,NA,NA,1968568,2240463,32773,1,c491f4791a93a71124b9219b05e718490cf6bd1c68b1ec8fc6a6550e31f844b1,681,0,35,8
1,28,1,1,3,0.060006251000000004,0.036277999999999998,0.012098999999999999,179298304,NA,NA,NA,NA,NA,NA,NA,NA,1968568,2240463,32773,1,c491f4791a93a71124b9219b05e718490cf6bd1c68b1ec8fc6a6550e31f844b1,678,0,36,10
1,28,0,0,5,0.43790061200000002,0.36264799999999997,0.049454999999999999,1025589248,NA,NA,NA,NA,NA,NA,NA,NA,11457352,5690734,153602,512,388033e7552b3b3255277a47381a62d5067155e67b74e663ad0ac019ed72fc50,1581,0,46,18
1,28,1,1,5,0.44480116200000003,0.372062,0.042809,1025638400,NA,NA,NA,NA,NA,NA,NA,NA,11457352,5690734,153602,512,388033e7552b3b3255277a47381a62d5067155e67b74e663ad0ac019ed72fc50,1583,0,256,18
1,28,0,1,1,0.055786233000000005,0.040877999999999998,0.003408,156393472,NA,NA,NA,NA,NA,NA,NA,NA,994016,407679,8197,1,76f10b65f44b546f736cef2848789238eb7a5f77ce08b564ccca55b5bdc08f36,638,0,38,7
1,28,1,0,1,0.05591227,0.034042999999999997,0.010213,156311552,NA,NA,NA,NA,NA,NA,NA,NA,994016,407679,8197,1,76f10b65f44b546f736cef2848789238eb7a5f77ce08b564ccca55b5bdc08f36,1078,0,24,8
1,28,0,0,2,0.040314365000000005,0.026043999999999998,0.003258,131325952,NA,NA,NA,NA,NA,NA,NA,NA,837856,318511,16385,4096,b4f737276339a7626b246c204b626e79f9d9ec0f1f160233a5aa1c27728af83f,626,0,25,6
1,28,1,1,2,0.040469306000000003,0.025832999999999998,0.0036909999999999998,131149824,NA,NA,NA,NA,NA,NA,NA,NA,837856,318511,16385,4096,b4f737276339a7626b246c204b626e79f9d9ec0f1f160233a5aa1c27728af83f,1073,0,16,6
1,28,0,1,0,0.018631299,0.0080610000000000005,0,55427072,NA,NA,NA,NA,NA,NA,NA,NA,2408,135,5,1,3d4d37e7dcef36139698862d60d536450dfb480779ac0676046a82e065e8af0f,1029,0,11,3
1,28,1,0,0,0.018373556000000003,0.0038399999999999997,0.0038449999999999999,55644160,NA,NA,NA,NA,NA,NA,NA,NA,2408,135,5,1,3d4d37e7dcef36139698862d60d536450dfb480779ac0676046a82e065e8af0f,587,0,11,5
1,28,0,0,4,0.20273107600000001,0.164573,0.013410999999999999,428613632,NA,NA,NA,NA,NA,NA,NA,NA,5833440,1882629,26625,512,0f41e20848de6408cce7b1c5f57f0212c9401233ca75c7b6652c8ea62bfcd43f,796,0,55,13
1,28,1,1,4,0.198850676,0.156116,0.023254999999999998,428621824,NA,NA,NA,NA,NA,NA,NA,NA,5833440,1882629,26625,512,0f41e20848de6408cce7b1c5f57f0212c9401233ca75c7b6652c8ea62bfcd43f,1239,0,159,14
1,29,0,1,4,0.19954114000000001,0.15379899999999999,0.026179999999999998,428359680,NA,NA,NA,NA,NA,NA,NA,NA,5833440,1882629,26625,512,0f41e20848de6408cce7b1c5f57f0212c9401233ca75c7b6652c8ea62bfcd43f,1234,0,209,24
1,29,1,0,4,0.19861435300000002,0.15603999999999998,0.02325,428793856,NA,NA,NA,NA,NA,NA,NA,NA,5833440,1882629,26625,512,0f41e20848de6408cce7b1c5f57f0212c9401233ca75c7b6652c8ea62bfcd43f,795,0,120,13
1,29,0,0,0,0.020024559000000001,0.0056909999999999999,0.0028270000000000001,55635968,NA,NA,NA,NA,NA,NA,NA,NA,2408,135,5,1,3d4d37e7dcef36139698862d60d536450dfb480779ac0676046a82e065e8af0f,583,0,10,5
1,29,1,1,0,0.018770920999999999,0.0053949999999999996,0.002702,55595008,NA,NA,NA,NA,NA,NA,NA,NA,2408,135,5,1,3d4d37e7dcef36139698862d60d536450dfb480779ac0676046a82e065e8af0f,586,0,14,4
1,29,0,0,1,0.055368050000000002,0.037053999999999997,0.0067009999999999995,156409856,NA,NA,NA,NA,NA,NA,NA,NA,994016,407679,8197,1,76f10b65f44b546f736cef2848789238eb7a5f77ce08b564ccca55b5bdc08f36,1078,0,24,8
1,29,1,1,1,0.055404208000000003,0.044038000000000001,0,156639232,NA,NA,NA,NA,NA,NA,NA,NA,994016,407679,8197,1,76f10b65f44b546f736cef2848789238eb7a5f77ce08b564ccca55b5bdc08f36,1087,0,23,8
1,29,0,1,2,0.041095078,0.017881999999999999,0.011911,131399680,NA,NA,NA,NA,NA,NA,NA,NA,837856,318511,16385,4096,b4f737276339a7626b246c204b626e79f9d9ec0f1f160233a5aa1c27728af83f,1072,0,21,7
1,29,1,0,2,0.041018064,0.019897999999999999,0.0099659999999999992,131371008,NA,NA,NA,NA,NA,NA,NA,NA,837856,318511,16385,4096,b4f737276339a7626b246c204b626e79f9d9ec0f1f160233a5aa1c27728af83f,629,0,22,7
1,29,0,1,5,0.44702225200000001,0.38796900000000001,0.029848,1025835008,NA,NA,NA,NA,NA,NA,NA,NA,11457352,5690734,153602,512,388033e7552b3b3255277a47381a62d5067155e67b74e663ad0ac019ed72fc50,1584,0,153,22
1,29,1,0,5,0.43243601200000004,0.35792399999999996,0.053525999999999997,1025708032,NA,NA,NA,NA,NA,NA,NA,NA,11457352,5690734,153602,512,388033e7552b3b3255277a47381a62d5067155e67b74e663ad0ac019ed72fc50,1581,0,187,30
1,29,0,1,3,0.061024337000000005,0.039313000000000001,0.0098309999999999995,179167232,NA,NA,NA,NA,NA,NA,NA,NA,1968568,2240463,32773,1,c491f4791a93a71124b9219b05e718490cf6bd1c68b1ec8fc6a6550e31f844b1,1123,0,55,10
1,29,1,0,3,0.059932572000000003,0.041645999999999996,0.0069470000000000001,179404800,NA,NA,NA,NA,NA,NA,NA,NA,1968568,2240463,32773,1,c491f4791a93a71124b9219b05e718490cf6bd1c68b1ec8fc6a6550e31f844b1,1126,0,56,8
1,30,0,1,3,0.060160811000000002,0.038968999999999997,0.0097509999999999993,179093504,NA,NA,NA,NA,NA,NA,NA,NA,1968568,2240463,32773,1,c491f4791a93a71124b9219b05e718490cf6bd1c68b1ec8fc6a6550e31f844b1,1119,0,27,10
1,30,1,0,3,0.060476172000000002,0.045427999999999996,0.0032450000000000001,179458048,NA,NA,NA,NA,NA,NA,NA,NA,1968568,2240463,32773,1,c491f4791a93a71124b9219b05e718490cf6bd1c68b1ec8fc6a6550e31f844b1,678,0,44,9
1,30,0,1,0,0.019018544000000002,0.0055659999999999998,0.0027829999999999999,55279616,NA,NA,NA,NA,NA,NA,NA,NA,2408,135,5,1,3d4d37e7dcef36139698862d60d536450dfb480779ac0676046a82e065e8af0f,1029,0,11,4
1,30,1,0,0,0.018068013000000001,0.0050999999999999995,0.0025469999999999998,55320576,NA,NA,NA,NA,NA,NA,NA,NA,2408,135,5,1,3d4d37e7dcef36139698862d60d536450dfb480779ac0676046a82e065e8af0f,1030,0,12,4
1,30,0,1,2,0.044255940000000001,0.029367999999999998,0,131260416,NA,NA,NA,NA,NA,NA,NA,NA,837856,318511,16385,4096,b4f737276339a7626b246c204b626e79f9d9ec0f1f160233a5aa1c27728af83f,1070,0,24,8
1,30,1,0,2,0.040742606000000001,0.026012999999999998,0.0037139999999999999,131239936,NA,NA,NA,NA,NA,NA,NA,NA,837856,318511,16385,4096,b4f737276339a7626b246c204b626e79f9d9ec0f1f160233a5aa1c27728af83f,1087,0,22,7
1,30,0,1,5,0.449541623,0.35913899999999999,0.059299999999999999,1025908736,NA,NA,NA,NA,NA,NA,NA,NA,11457352,5690734,153602,512,388033e7552b3b3255277a47381a62d5067155e67b74e663ad0ac019ed72fc50,1141,0,167,31
1,30,1,0,5,0.44164142000000001,0.375801,0.036917999999999999,1025875968,NA,NA,NA,NA,NA,NA,NA,NA,11457352,5690734,153602,512,388033e7552b3b3255277a47381a62d5067155e67b74e663ad0ac019ed72fc50,1141,0,117,17
1,30,0,0,4,0.20012107700000001,0.15451799999999999,0.026279,428314624,NA,NA,NA,NA,NA,NA,NA,NA,5833440,1882629,26625,512,0f41e20848de6408cce7b1c5f57f0212c9401233ca75c7b6652c8ea62bfcd43f,1235,0,163,13
1,30,1,1,4,0.19844628900000003,0.16583100000000001,0.013528,428490752,NA,NA,NA,NA,NA,NA,NA,NA,5833440,1882629,26625,512,0f41e20848de6408cce7b1c5f57f0212c9401233ca75c7b6652c8ea62bfcd43f,1242,0,143,15
1,30,0,1,1,0.055599644000000004,0.037229999999999999,0.006764,156557312,NA,NA,NA,NA,NA,NA,NA,NA,994016,407679,8197,1,76f10b65f44b546f736cef2848789238eb7a5f77ce08b564ccca55b5bdc08f36,1084,0,27,8
1,30,1,0,1,0.055590688000000006,0.040583000000000001,0.0033809999999999999,156475392,NA,NA,NA,NA,NA,NA,NA,NA,994016,407679,8197,1,76f10b65f44b546f736cef2848789238eb7a5f77ce08b564ccca55b5bdc08f36,1084,0,36,8
1,31,0,0,3,0.059684748000000003,0.038636999999999998,0.0096340000000000002,179175424,NA,NA,NA,NA,NA,NA,NA,NA,1968568,2240463,32773,1,c491f4791a93a71124b9219b05e718490cf6bd1c68b1ec8fc6a6550e31f844b1,1124,0,42,9
1,31,1,1,3,0.060762358000000002,0.039524999999999998,0.0091329999999999988,179048448,NA,NA,NA,NA,NA,NA,NA,NA,1968568,2240463,32773,1,c491f4791a93a71124b9219b05e718490cf6bd1c68b1ec8fc6a6550e31f844b1,1123,0,40,11
1,31,0,0,0,0.020346803,0.0057679999999999997,0.002885,55558144,NA,NA,NA,NA,NA,NA,NA,NA,2408,135,5,1,3d4d37e7dcef36139698862d60d536450dfb480779ac0676046a82e065e8af0f,587,0,11,3
1,31,1,1,0,0.019889396,0.0055259999999999997,0.0027589999999999997,55558144,NA,NA,NA,NA,NA,NA,NA,NA,2408,135,5,1,3d4d37e7dcef36139698862d60d536450dfb480779ac0676046a82e065e8af0f,586,0,11,4
1,31,0,0,2,0.040365882000000006,0.020412,0.0087549999999999989,131067904,NA,NA,NA,NA,NA,NA,NA,NA,837856,318511,16385,4096,b4f737276339a7626b246c204b626e79f9d9ec0f1f160233a5aa1c27728af83f,1071,0,26,7
1,31,1,1,2,0.041213529000000006,0.017887999999999998,0.011920999999999999,131428352,NA,NA,NA,NA,NA,NA,NA,NA,837856,318511,16385,4096,b4f737276339a7626b246c204b626e79f9d9ec0f1f160233a5aa1c27728af83f,1073,0,26,8
1,31,0,0,1,0.055939591000000004,0.035092999999999999,0.0095729999999999999,156536832,NA,NA,NA,NA,NA,NA,NA,NA,994016,407679,8197,1,76f10b65f44b546f736cef2848789238eb7a5f77ce08b564ccca55b5bdc08f36,1081,0,26,9
1,31,1,1,1,0.055174196000000002,0.034425999999999998,0.0093949999999999988,156774400,NA,NA,NA,NA,NA,NA,NA,NA,994016,407679,8197,1,76f10b65f44b546f736cef2848789238eb7a5f77ce08b564ccca55b5bdc08f36,641,0,25,7
1,31,0,1,4,0.19734219,0.15814300000000001,0.019765999999999999,428343296,NA,NA,NA,NA,NA,NA,NA,NA,5833440,1882629,26625,512,0f41e20848de6408cce7b1c5f57f0212c9401233ca75c7b6652c8ea62bfcd43f,1240,0,164,18
1,31,1,0,4,0.198473279,0.16247300000000001,0.016584999999999999,428322816,NA,NA,NA,NA,NA,NA,NA,NA,5833440,1882629,26625,512,0f41e20848de6408cce7b1c5f57f0212c9401233ca75c7b6652c8ea62bfcd43f,1240,0,82,17
1,31,0,0,5,0.44192677400000002,0.35910399999999998,0.053215999999999999,1025908736,NA,NA,NA,NA,NA,NA,NA,NA,11457352,5690734,153602,512,388033e7552b3b3255277a47381a62d5067155e67b74e663ad0ac019ed72fc50,1584,0,71,22
1,31,1,1,5,0.44586257800000001,0.36960599999999999,0.046172999999999999,1025884160,NA,NA,NA,NA,NA,NA,NA,NA,11457352,5690734,153602,512,388033e7552b3b3255277a47381a62d5067155e67b74e663ad0ac019ed72fc50,1139,0,179,18
1,32,0,1,1,0.055481873000000001,0.040104000000000001,0.0036469999999999996,156590080,NA,NA,NA,NA,NA,NA,NA,NA,994016,407679,8197,1,76f10b65f44b546f736cef2848789238eb7a5f77ce08b564ccca55b5bdc08f36,1085,0,41,6
1,32,1,0,1,0.055623500000000006,0.034809,0.0094920000000000004,156426240,NA,NA,NA,NA,NA,NA,NA,NA,994016,407679,8197,1,76f10b65f44b546f736cef2848789238eb7a5f77ce08b564ccca55b5bdc08f36,1082,0,19,8
1,32,0,0,5,0.432321489,0.36330699999999999,0.049535999999999997,1025605632,NA,NA,NA,NA,NA,NA,NA,NA,11457352,5690734,153602,512,388033e7552b3b3255277a47381a62d5067155e67b74e663ad0ac019ed72fc50,1583,0,290,17
1,32,1,1,5,0.44707525100000001,0.37172499999999997,0.046071999999999995,1025855488,NA,NA,NA,NA,NA,NA,NA,NA,11457352,5690734,153602,512,388033e7552b3b3255277a47381a62d5067155e67b74e663ad0ac019ed72fc50,1141,0,79,25
1,32,0,0,3,0.060533869000000004,0.039781999999999998,0.009186999999999999,179068928,NA,NA,NA,NA,NA,NA,NA,NA,1968568,2240463,32773,1,c491f4791a93a71124b9219b05e718490cf6bd1c68b1ec8fc6a6550e31f844b1,1122,0,32,9
1,32,1,1,3,0.060344945000000004,0.037976999999999997,0.010343,179294208,NA,NA,NA,NA,NA,NA,NA,NA,1968568,2240463,32773,1,c491f4791a93a71124b9219b05e718490cf6bd1c68b1ec8fc6a6550e31f844b1,1124,0,40,9
1,32,0,0,4,0.199588498,0.15063699999999999,0.029464999999999998,428658688,NA,NA,NA,NA,NA,NA,NA,NA,5833440,1882629,26625,512,0f41e20848de6408cce7b1c5f57f0212c9401233ca75c7b6652c8ea62bfcd43f,1243,0,127,15
1,32,1,1,4,0.19777439800000002,0.15531300000000001,0.023106999999999999,428670976,NA,NA,NA,NA,NA,NA,NA,NA,5833440,1882629,26625,512,0f41e20848de6408cce7b1c5f57f0212c9401233ca75c7b6652c8ea62bfcd43f,1244,0,82,14
1,32,0,1,0,0.020314081000000001,0.0045059999999999996,0.0044919999999999995,55316480,NA,NA,NA,NA,NA,NA,NA,NA,2408,135,5,1,3d4d37e7dcef36139698862d60d536450dfb480779ac0676046a82e065e8af0f,1028,0,9,2
1,32,1,0,0,0.018814651000000002,0.0040769999999999999,0.0040379999999999999,55140352,NA,NA,NA,NA,NA,NA,NA,NA,2408,135,5,1,3d4d37e7dcef36139698862d60d536450dfb480779ac0676046a82e065e8af0f,1023,0,12,4
1,32,0,0,2,0.040488121000000002,0.017569999999999999,0.011708,131432448,NA,NA,NA,NA,NA,NA,NA,NA,837856,318511,16385,4096,b4f737276339a7626b246c204b626e79f9d9ec0f1f160233a5aa1c27728af83f,1075,0,22,8
1,32,1,1,2,0.041342420000000005,0.017939999999999998,0.01197,131411968,NA,NA,NA,NA,NA,NA,NA,NA,837856,318511,16385,4096,b4f737276339a7626b246c204b626e79f9d9ec0f1f160233a5aa1c27728af83f,1076,0,22,7
1,33,0,1,2,0.04089897,0.023809999999999998,0.0059579999999999998,131059712,NA,NA,NA,NA,NA,NA,NA,NA,837856,318511,16385,4096,b4f737276339a7626b246c204b626e79f9d9ec0f1f160233a5aa1c27728af83f,1070,0,25,8
1,33,1,0,2,0.040972096,0.026520999999999999,0.0033079999999999997,131018752,NA,NA,NA,NA,NA,NA,NA,NA,837856,318511,16385,4096,b4f737276339a7626b246c204b626e79f9d9ec0f1f160233a5aa1c27728af83f,1070,0,17,7
1,33,0,1,4,0.19858838400000001,0.16225699999999998,0.016907999999999999,428609536,NA,NA,NA,NA,NA,NA,NA,NA,5833440,1882629,26625,512,0f41e20848de6408cce7b1c5f57f0212c9401233ca75c7b6652c8ea62bfcd43f,1242,0,130,14
1,33,1,0,4,0.19894852800000001,0.15249099999999999,0.027082999999999999,428552192,NA,NA,NA,NA,NA,NA,NA,NA,5833440,1882629,26625,512,0f41e20848de6408cce7b1c5f57f0212c9401233ca75c7b6652c8ea62bfcd43f,794,0,138,14
1,33,0,0,0,0.019091591000000002,0.008463,0,55713792,NA,NA,NA,NA,NA,NA,NA,NA,2408,135,5,1,3d4d37e7dcef36139698862d60d536450dfb480779ac0676046a82e065e8af0f,586,0,11,4
1,33,1,1,0,0.018535928,0.0039949999999999994,0.0039839999999999997,55476224,NA,NA,NA,NA,NA,NA,NA,NA,2408,135,5,1,3d4d37e7dcef36139698862d60d536450dfb480779ac0676046a82e065e8af0f,586,0,12,3
1,33,0,1,5,0.43793186000000001,0.37015999999999999,0.046704999999999997,1025769472,NA,NA,NA,NA,NA,NA,NA,NA,11457352,5690734,153602,512,388033e7552b3b3255277a47381a62d5067155e67b74e663ad0ac019ed72fc50,1585,0,239,26
1,33,1,0,5,0.44178830600000002,0.372249,0.040585999999999997,1025982464,NA,NA,NA,NA,NA,NA,NA,NA,11457352,5690734,153602,512,388033e7552b3b3255277a47381a62d5067155e67b74e663ad0ac019ed72fc50,1138,0,235,25
1,33,0,1,3,0.059673457000000006,0.036305999999999998,0.012102,179453952,NA,NA,NA,NA,NA,NA,NA,NA,1968568,2240463,32773,1,c491f4791a93a71124b9219b05e718490cf6bd1c68b1ec8fc6a6550e31f844b1,681,0,59,8
1,33,1,0,3,0.060488344000000006,0.034744999999999998,0.013904,179322880,NA,NA,NA,NA,NA,NA,NA,NA,1968568,2240463,32773,1,c491f4791a93a71124b9219b05e718490cf6bd1c68b1ec8fc6a6550e31f844b1,680,0,46,10
1,33,0,0,1,0.055647094000000001,0.044205999999999995,0,156626944,NA,NA,NA,NA,NA,NA,NA,NA,994016,407679,8197,1,76f10b65f44b546f736cef2848789238eb7a5f77ce08b564ccca55b5bdc08f36,636,0,43,9
1,33,1,1,1,0.055564769000000007,0.033950000000000001,0.010187999999999999,156676096,NA,NA,NA,NA,NA,NA,NA,NA,994016,407679,8197,1,76f10b65f44b546f736cef2848789238eb7a5f77ce08b564ccca55b5bdc08f36,641,0,30,6
1,34,0,0,0,0.019579596000000001,0.0043319999999999999,0.0043299999999999996,55304192,NA,NA,NA,NA,NA,NA,NA,NA,2408,135,5,1,3d4d37e7dcef36139698862d60d536450dfb480779ac0676046a82e065e8af0f,1025,0,10,3
1,34,1,1,0,0.019130214,0.0055469999999999998,0.002784,55316480,NA,NA,NA,NA,NA,NA,NA,NA,2408,135,5,1,3d4d37e7dcef36139698862d60d536450dfb480779ac0676046a82e065e8af0f,1028,0,9,5
1,34,0,0,3,0.060087894000000003,0.037935999999999998,0.010326,179556352,NA,NA,NA,NA,NA,NA,NA,NA,1968568,2240463,32773,1,c491f4791a93a71124b9219b05e718490cf6bd1c68b1ec8fc6a6550e31f844b1,679,0,43,8
1,34,1,1,3,0.061043354000000001,0.046422999999999999,0.0030969999999999999,179507200,NA,NA,NA,NA,NA,NA,NA,NA,1968568,2240463,32773,1,c491f4791a93a71124b9219b05e718490cf6bd1c68b1ec8fc6a6550e31f844b1,681,0,31,10
1,34,0,0,1,0.055837721000000007,0.030617999999999999,0.013621999999999999,156553216,NA,NA,NA,NA,NA,NA,NA,NA,994016,407679,8197,1,76f10b65f44b546f736cef2848789238eb7a5f77ce08b564ccca55b5bdc08f36,1083,0,27,9
1,34,1,1,1,0.055584295000000006,0.031562,0.012629999999999999,156311552,NA,NA,NA,NA,NA,NA,NA,NA,994016,407679,8197,1,76f10b65f44b546f736cef2848789238eb7a5f77ce08b564ccca55b5bdc08f36,1084,0,23,9
1,34,0,0,5,0.432446522,0.372637,0.040298,1025650688,NA,NA,NA,NA,NA,NA,NA,NA,11457352,5690734,153602,512,388033e7552b3b3255277a47381a62d5067155e67b74e663ad0ac019ed72fc50,1579,0,314,18
1,34,1,1,5,0.43687160200000003,0.386156,0.029966,1025622016,NA,NA,NA,NA,NA,NA,NA,NA,11457352,5690734,153602,512,388033e7552b3b3255277a47381a62d5067155e67b74e663ad0ac019ed72fc50,1582,0,62,16
1,34,0,0,2,0.040756924,0.026228999999999999,0.0032829999999999999,131366912,NA,NA,NA,NA,NA,NA,NA,NA,837856,318511,16385,4096,b4f737276339a7626b246c204b626e79f9d9ec0f1f160233a5aa1c27728af83f,626,0,23,6
1,34,1,1,2,0.040895043000000006,0.026379,0.003297,131354624,NA,NA,NA,NA,NA,NA,NA,NA,837856,318511,16385,4096,b4f737276339a7626b246c204b626e79f9d9ec0f1f160233a5aa1c27728af83f,628,0,21,6
1,34,0,1,4,0.19894462100000002,0.14560599999999999,0.033874999999999995,428199936,NA,NA,NA,NA,NA,NA,NA,NA,5833440,1882629,26625,512,0f41e20848de6408cce7b1c5f57f0212c9401233ca75c7b6652c8ea62bfcd43f,1236,0,135,26
1,34,1,0,4,0.19924345000000002,0.166662,0.013313,428810240,NA,NA,NA,NA,NA,NA,NA,NA,5833440,1882629,26625,512,0f41e20848de6408cce7b1c5f57f0212c9401233ca75c7b6652c8ea62bfcd43f,797,0,212,12
1,35,0,1,5,0.43998663900000001,0.37582299999999996,0.040256,1025617920,NA,NA,NA,NA,NA,NA,NA,NA,11457352,5690734,153602,512,388033e7552b3b3255277a47381a62d5067155e67b74e663ad0ac019ed72fc50,1583,0,177,18
1,35,1,0,5,0.43390425300000002,0.35636199999999996,0.056609,1025990656,NA,NA,NA,NA,NA,NA,NA,NA,11457352,5690734,153602,512,388033e7552b3b3255277a47381a62d5067155e67b74e663ad0ac019ed72fc50,1591,0,132,20
1,35,0,1,0,0.019242463000000001,0.0042829999999999995,0.0042829999999999995,55508992,NA,NA,NA,NA,NA,NA,NA,NA,2408,135,5,1,3d4d37e7dcef36139698862d60d536450dfb480779ac0676046a82e065e8af0f,1033,0,13,3
1,35,1,0,0,0.018689098000000001,0.008088999999999999,0,55648256,NA,NA,NA,NA,NA,NA,NA,NA,2408,135,5,1,3d4d37e7dcef36139698862d60d536450dfb480779ac0676046a82e065e8af0f,588,0,12,4
1,35,0,1,2,0.040623084000000004,0.020597000000000001,0.0088349999999999991,131358720,NA,NA,NA,NA,NA,NA,NA,NA,837856,318511,16385,4096,b4f737276339a7626b246c204b626e79f9d9ec0f1f160233a5aa1c27728af83f,627,0,29,6
1,35,1,0,2,0.040815143000000005,0.025961999999999999,0.0037099999999999998,131256320,NA,NA,NA,NA,NA,NA,NA,NA,837856,318511,16385,4096,b4f737276339a7626b246c204b626e79f9d9ec0f1f160233a5aa1c27728af83f,1115,0,21,7
1,35,0,0,4,0.19855793700000002,0.16592799999999999,0.013542999999999999,428609536,NA,NA,NA,NA,NA,NA,NA,NA,5833440,1882629,26625,512,0f41e20848de6408cce7b1c5f57f0212c9401233ca75c7b6652c8ea62bfcd43f,1243,0,164,16
1,35,1,1,4,0.19962694900000003,0.156863,0.023365999999999998,428924928,NA,NA,NA,NA,NA,NA,NA,NA,5833440,1882629,26625,512,0f41e20848de6408cce7b1c5f57f0212c9401233ca75c7b6652c8ea62bfcd43f,793,0,119,12
1,35,0,1,3,0.060750333000000004,0.039016999999999996,0.0097649999999999994,179744768,NA,NA,NA,NA,NA,NA,NA,NA,1968568,2240463,32773,1,c491f4791a93a71124b9219b05e718490cf6bd1c68b1ec8fc6a6550e31f844b1,677,0,43,9
1,35,1,0,3,0.061130568000000003,0.036864000000000001,0.012281,179175424,NA,NA,NA,NA,NA,NA,NA,NA,1968568,2240463,32773,1,c491f4791a93a71124b9219b05e718490cf6bd1c68b1ec8fc6a6550e31f844b1,1124,0,68,10
1,35,0,1,1,0.055687989,0.037877999999999995,0.0063029999999999996,156692480,NA,NA,NA,NA,NA,NA,NA,NA,994016,407679,8197,1,76f10b65f44b546f736cef2848789238eb7a5f77ce08b564ccca55b5bdc08f36,641,0,25,9
1,35,1,0,1,0.056056321000000006,0.04122,0.0031709999999999998,156577792,NA,NA,NA,NA,NA,NA,NA,NA,994016,407679,8197,1,76f10b65f44b546f736cef2848789238eb7a5f77ce08b564ccca55b5bdc08f36,639,0,41,9
1,36,0,1,4,0.19879474000000003,0.166016,0.013548999999999999,428797952,NA,NA,NA,NA,NA,NA,NA,NA,5833440,1882629,26625,512,0f41e20848de6408cce7b1c5f57f0212c9401233ca75c7b6652c8ea62bfcd43f,798,0,122,12
1,36,1,0,4,0.19906948500000002,0.15989399999999998,0.019986,428556288,NA,NA,NA,NA,NA,NA,NA,NA,5833440,1882629,26625,512,0f41e20848de6408cce7b1c5f57f0212c9401233ca75c7b6652c8ea62bfcd43f,1238,0,164,11
1,36,0,0,2,0.041025807000000004,0.019868999999999998,0.009946,131424256,NA,NA,NA,NA,NA,NA,NA,NA,837856,318511,16385,4096,b4f737276339a7626b246c204b626e79f9d9ec0f1f160233a5aa1c27728af83f,1076,0,21,7
1,36,1,1,2,0.040993997000000004,0.019812,0.009894,131403776,NA,NA,NA,NA,NA,NA,NA,NA,837856,318511,16385,4096,b4f737276339a7626b246c204b626e79f9d9ec0f1f160233a5aa1c27728af83f,1078,0,24,7
1,36,0,0,3,0.060419825000000003,0.042289,0.0064929999999999996,179482624,NA,NA,NA,NA,NA,NA,NA,NA,1968568,2240463,32773,1,c491f4791a93a71124b9219b05e718490cf6bd1c68b1ec8fc6a6550e31f844b1,1127,0,36,9
1,36,1,1,3,0.060364501000000001,0.045059999999999996,0.0034679999999999997,179544064,NA,NA,NA,NA,NA,NA,NA,NA,1968568,2240463,32773,1,c491f4791a93a71124b9219b05e718490cf6bd1c68b1ec8fc6a6550e31f844b1,1164,0,29,9
1,36,0,1,5,0.44999039200000002,0.36685399999999996,0.052882999999999999,1025994752,NA,NA,NA,NA,NA,NA,NA,NA,11457352,5690734,153602,512,388033e7552b3b3255277a47381a62d5067155e67b74e663ad0ac019ed72fc50,1141,0,184,37
1,36,1,0,5,0.437523624,0.38006199999999996,0.036989999999999995,1025613824,NA,NA,NA,NA,NA,NA,NA,NA,11457352,5690734,153602,512,388033e7552b3b3255277a47381a62d5067155e67b74e663ad0ac019ed72fc50,1581,0,239,17
1,36,0,0,1,0.056038556000000003,0.037461000000000001,0.0068149999999999999,156868608,NA,NA,NA,NA,NA,NA,NA,NA,994016,407679,8197,1,76f10b65f44b546f736cef2848789238eb7a5f77ce08b564ccca55b5bdc08f36,644,0,40,8
1,36,1,1,1,0.055680686,0.040682999999999997,0.0033929999999999997,156717056,NA,NA,NA,NA,NA,NA,NA,NA,994016,407679,8197,1,76f10b65f44b546f736cef2848789238eb7a5f77ce08b564ccca55b5bdc08f36,640,0,19,9
1,36,0,0,0,0.019119653,0.0054380000000000001,0.0027209999999999999,55721984,NA,NA,NA,NA,NA,NA,NA,NA,2408,135,5,1,3d4d37e7dcef36139698862d60d536450dfb480779ac0676046a82e065e8af0f,587,0,11,4
1,36,1,1,0,0.018693174,0.0081300000000000001,0,55316480,NA,NA,NA,NA,NA,NA,NA,NA,2408,135,5,1,3d4d37e7dcef36139698862d60d536450dfb480779ac0676046a82e065e8af0f,1028,0,11,3
1,37,0,1,1,0.055516809,0.040425999999999997,0.003372,156749824,NA,NA,NA,NA,NA,NA,NA,NA,994016,407679,8197,1,76f10b65f44b546f736cef2848789238eb7a5f77ce08b564ccca55b5bdc08f36,1126,0,35,9
1,37,1,0,1,0.055525805000000004,0.037257999999999999,0.0067819999999999998,156721152,NA,NA,NA,NA,NA,NA,NA,NA,994016,407679,8197,1,76f10b65f44b546f736cef2848789238eb7a5f77ce08b564ccca55b5bdc08f36,635,0,26,9
1,37,0,1,0,0.019836697,0.00577,0.0028760000000000001,55758848,NA,NA,NA,NA,NA,NA,NA,NA,2408,135,5,1,3d4d37e7dcef36139698862d60d536450dfb480779ac0676046a82e065e8af0f,590,0,10,4
1,37,1,0,0,0.019157374000000001,0.0081359999999999991,0,55304192,NA,NA,NA,NA,NA,NA,NA,NA,2408,135,5,1,3d4d37e7dcef36139698862d60d536450dfb480779ac0676046a82e065e8af0f,1030,0,9,4
1,37,0,0,4,0.19862712600000001,0.162325,0.016912,428191744,NA,NA,NA,NA,NA,NA,NA,NA,5833440,1882629,26625,512,0f41e20848de6408cce7b1c5f57f0212c9401233ca75c7b6652c8ea62bfcd43f,1237,0,167,17
1,37,1,1,4,0.19956903200000001,0.166546,0.013326999999999999,428642304,NA,NA,NA,NA,NA,NA,NA,NA,5833440,1882629,26625,512,0f41e20848de6408cce7b1c5f57f0212c9401233ca75c7b6652c8ea62bfcd43f,1247,0,154,13
1,37,0,0,5,0.43826593500000005,0.38397199999999998,0.033105999999999997,1025732608,NA,NA,NA,NA,NA,NA,NA,NA,11457352,5690734,153602,512,388033e7552b3b3255277a47381a62d5067155e67b74e663ad0ac019ed72fc50,1584,0,165,17
1,37,1,1,5,0.43613959900000004,0.37156299999999998,0.043133999999999999,1025875968,NA,NA,NA,NA,NA,NA,NA,NA,11457352,5690734,153602,512,388033e7552b3b3255277a47381a62d5067155e67b74e663ad0ac019ed72fc50,1584,0,158,16
1,37,0,1,3,0.060622435000000002,0.045433999999999995,0.0034939999999999997,179396608,NA,NA,NA,NA,NA,NA,NA,NA,1968568,2240463,32773,1,c491f4791a93a71124b9219b05e718490cf6bd1c68b1ec8fc6a6550e31f844b1,682,0,37,8
1,37,1,0,3,0.060507731000000002,0.033770000000000001,0.015349999999999999,179146752,NA,NA,NA,NA,NA,NA,NA,NA,1968568,2240463,32773,1,c491f4791a93a71124b9219b05e718490cf6bd1c68b1ec8fc6a6550e31f844b1,1121,0,59,9
1,37,0,1,2,0.041329267000000003,0.023944999999999998,0.0059930000000000001,131067904,NA,NA,NA,NA,NA,NA,NA,NA,837856,318511,16385,4096,b4f737276339a7626b246c204b626e79f9d9ec0f1f160233a5aa1c27728af83f,1074,0,24,7
1,37,1,0,2,0.040682545000000001,0.025682,0.0036699999999999997,131510272,NA,NA,NA,NA,NA,NA,NA,NA,837856,318511,16385,4096,b4f737276339a7626b246c204b626e79f9d9ec0f1f160233a5aa1c27728af83f,628,0,24,5
1,38,0,1,0,0.019047348000000002,0.0055379999999999995,0.0027719999999999997,55869440,NA,NA,NA,NA,NA,NA,NA,NA,2408,135,5,1,3d4d37e7dcef36139698862d60d536450dfb480779ac0676046a82e065e8af0f,591,0,10,4
1,38,1,0,0,0.019236794000000002,0.0041589999999999995,0.0041599999999999996,55361536,NA,NA,NA,NA,NA,NA,NA,NA,2408,135,5,1,3d4d37e7dcef36139698862d60d536450dfb480779ac0676046a82e065e8af0f,1053,0,11,3
1,38,0,0,2,0.040571597000000001,0.022727999999999998,0.0065039999999999994,131194880,NA,NA,NA,NA,NA,NA,NA,NA,837856,318511,16385,4096,b4f737276339a7626b246c204b626e79f9d9ec0f1f160233a5aa1c27728af83f,1071,0,20,7
1,38,1,1,2,0.040712711000000006,0.022883000000000001,0.0065509999999999995,130990080,NA,NA,NA,NA,NA,NA,NA,NA,837856,318511,16385,4096,b4f737276339a7626b246c204b626e79f9d9ec0f1f160233a5aa1c27728af83f,1068,0,27,6
1,38,0,1,1,0.055978123000000005,0.031592999999999996,0.012650999999999999,156323840,NA,NA,NA,NA,NA,NA,NA,NA,994016,407679,8197,1,76f10b65f44b546f736cef2848789238eb7a5f77ce08b564ccca55b5bdc08f36,1081,0,20,9
1,38,1,0,1,0.056297040000000007,0.037825999999999999,0.0068659999999999997,156430336,NA,NA,NA,NA,NA,NA,NA,NA,994016,407679,8197,1,76f10b65f44b546f736cef2848789238eb7a5f77ce08b564ccca55b5bdc08f36,1083,0,50,8
1,38,0,0,4,0.19784908900000001,0.16540199999999999,0.012976,428576768,NA,NA,NA,NA,NA,NA,NA,NA,5833440,1882629,26625,512,0f41e20848de6408cce7b1c5f57f0212c9401233ca75c7b6652c8ea62bfcd43f,1240,0,160,15
1,38,1,1,4,0.20002545600000002,0.15096799999999999,0.029538999999999999,428630016,NA,NA,NA,NA,NA,NA,NA,NA,5833440,1882629,26625,512,0f41e20848de6408cce7b1c5f57f0212c9401233ca75c7b6652c8ea62bfcd43f,1241,0,96,20
1,38,0,1,5,0.44332443100000002,0.36969299999999999,0.049961999999999999,1026002944,NA,NA,NA,NA,NA,NA,NA,NA,11457352,5690734,153602,512,388033e7552b3b3255277a47381a62d5067155e67b74e663ad0ac019ed72fc50,1141,0,57,18
1,38,1,0,5,0.43635395100000002,0.37653799999999998,0.039989999999999998,1025728512,NA,NA,NA,NA,NA,NA,NA,NA,11457352,5690734,153602,512,388033e7552b3b3255277a47381a62d5067155e67b74e663ad0ac019ed72fc50,1582,0,324,21
1,38,0,0,3,0.060462555000000001,0.039128999999999997,0.0097789999999999995,179298304,NA,NA,NA,NA,NA,NA,NA,NA,1968568,2240463,32773,1,c491f4791a93a71124b9219b05e718490cf6bd1c68b1ec8fc6a6550e31f844b1,679,0,39,9
1,38,1,1,3,0.060210241000000005,0.044941999999999996,0.0032109999999999999,179548160,NA,NA,NA,NA,NA,NA,NA,NA,1968568,2240463,32773,1,c491f4791a93a71124b9219b05e718490cf6bd1c68b1ec8fc6a6550e31f844b1,684,0,55,10
1,39,0,0,1,0.055770042000000006,0.040858999999999999,0.0034059999999999997,156561408,NA,NA,NA,NA,NA,NA,NA,NA,994016,407679,8197,1,76f10b65f44b546f736cef2848789238eb7a5f77ce08b564ccca55b5bdc08f36,637,0,18,9
1,39,1,1,1,0.055809878,0.037834,0.0063070000000000001,156418048,NA,NA,NA,NA,NA,NA,NA,NA,994016,407679,8197,1,76f10b65f44b546f736cef2848789238eb7a5f77ce08b564ccca55b5bdc08f36,1081,0,51,10
1,39,0,1,3,0.060614570000000006,0.036513999999999998,0.012175999999999999,179240960,NA,NA,NA,NA,NA,NA,NA,NA,1968568,2240463,32773,1,c491f4791a93a71124b9219b05e718490cf6bd1c68b1ec8fc6a6550e31f844b1,672,0,39,10
1,39,1,0,3,0.061550484000000003,0.036377,0.013233,179118080,NA,NA,NA,NA,NA,NA,NA,NA,1968568,2240463,32773,1,c491f4791a93a71124b9219b05e718490cf6bd1c68b1ec8fc6a6550e31f844b1,1119,0,65,9
1,39,0,0,0,0.019250258000000003,0.0055059999999999996,0.0027539999999999999,55177216,NA,NA,NA,NA,NA,NA,NA,NA,2408,135,5,1,3d4d37e7dcef36139698862d60d536450dfb480779ac0676046a82e065e8af0f,1026,0,11,3
1,39,1,1,0,0.019724037,0.008206999999999999,0,55218176,NA,NA,NA,NA,NA,NA,NA,NA,2408,135,5,1,3d4d37e7dcef36139698862d60d536450dfb480779ac0676046a82e065e8af0f,1027,0,12,2
1,39,0,1,2,0.040775489000000005,0.023540999999999999,0.0058639999999999994,131366912,NA,NA,NA,NA,NA,NA,NA,NA,837856,318511,16385,4096,b4f737276339a7626b246c204b626e79f9d9ec0f1f160233a5aa1c27728af83f,628,0,19,7
1,39,1,0,2,0.040923185000000001,0.019618,0.0098269999999999989,131395584,NA,NA,NA,NA,NA,NA,NA,NA,837856,318511,16385,4096,b4f737276339a7626b246c204b626e79f9d9ec0f1f160233a5aa1c27728af83f,629,0,26,6
1,39,0,1,4,0.19972361100000002,0.163663,0.016697,428539904,NA,NA,NA,NA,NA,NA,NA,NA,5833440,1882629,26625,512,0f41e20848de6408cce7b1c5f57f0212c9401233ca75c7b6652c8ea62bfcd43f,795,0,154,14
1,39,1,0,4,0.20025326400000001,0.15456799999999998,0.026317,428290048,NA,NA,NA,NA,NA,NA,NA,NA,5833440,1882629,26625,512,0f41e20848de6408cce7b1c5f57f0212c9401233ca75c7b6652c8ea62bfcd43f,1238,0,170,22
1,39,0,0,5,0.43126645900000005,0.36123,0.049709999999999997,1025900544,NA,NA,NA,NA,NA,NA,NA,NA,11457352,5690734,153602,512,388033e7552b3b3255277a47381a62d5067155e67b74e663ad0ac019ed72fc50,1140,0,193,23
1,39,1,1,5,0.44157901100000002,0.36645899999999998,0.054288999999999997,1025925120,NA,NA,NA,NA,NA,NA,NA,NA,11457352,5690734,153602,512,388033e7552b3b3255277a47381a62d5067155e67b74e663ad0ac019ed72fc50,1595,0,322,20
