round,pair,order,variant,job,wall_seconds,user_seconds,system_seconds,peak_rss_bytes,cycles,instructions,branches,branch_misses,cache_references,cache_misses,arena_calls,arena_bytes,output_bytes,source_bytes,source_lines,source_functions,output_sha256,minor_faults,major_faults,voluntary_context_switches,involuntary_context_switches
0,0,0,1,1,0.054314463999617146,0.042632999999999997,0.010827,53518336,NA,NA,NA,NA,NA,NA,NA,NA,2056,136,5,1,6b21b079ef6f8f7f055926600e53b906dd7be041e021dd2791b7aa8c55e24585,998,0,1,2
0,0,1,0,1,0.052301505998912035,0.043572,0.0079329999999999991,53223424,NA,NA,NA,NA,NA,NA,NA,NA,2056,136,5,1,6b21b079ef6f8f7f055926600e53b906dd7be041e021dd2791b7aa8c55e24585,552,0,1,1
0,0,0,1,11,0.050046872998791514,0.040260999999999998,0.0090369999999999999,56029184,NA,NA,NA,NA,NA,NA,NA,NA,14928,5066,257,64,9655be68483f45304d566dfb3dc63ba1458a5653029061a6b60617464768d366,558,0,1,0
0,0,1,0,11,0.050930327000969555,0.039149999999999997,0.010931,55115776,NA,NA,NA,NA,NA,NA,NA,NA,14928,5066,257,64,9655be68483f45304d566dfb3dc63ba1458a5653029061a6b60617464768d366,999,0,1,0
0,0,0,0,21,0.073909127999286284,0.057343999999999999,0.015767,82493440,NA,NA,NA,NA,NA,NA,NA,NA,277920,89118,2402,8,089ec4ce05f5e4d43e3e352375117ee462b31249b272f87015d01ad0429bd7f9,1010,0,1,8
0,0,1,1,21,0.068876813000315451,0.058036999999999998,0.0099979999999999999,83075072,NA,NA,NA,NA,NA,NA,NA,NA,277920,89118,2402,8,089ec4ce05f5e4d43e3e352375117ee462b31249b272f87015d01ad0429bd7f9,1012,0,1,21
0,0,0,0,6,0.041156977000355255,0.031674000000000001,0.008855,54972416,NA,NA,NA,NA,NA,NA,NA,NA,17504,6529,133,1,5e7e7625c8b52e7a71d9370c6c8ab5025ac2b81f4970efe917952ec17c538f1c,1000,0,1,9
0,0,1,1,6,0.038216648999878089,0.029624999999999999,0.0078799999999999999,55627776,NA,NA,NA,NA,NA,NA,NA,NA,17504,6529,133,1,5e7e7625c8b52e7a71d9370c6c8ab5025ac2b81f4970efe917952ec17c538f1c,998,0,1,12
0,0,0,1,0,0.035713667999516474,0.021437999999999999,0.013599999999999999,53362688,NA,NA,NA,NA,NA,NA,NA,NA,2008,136,5,1,a8c1633e798ef980493443e67e6fdb6eada42f775edf7051d304d09c3ddadf5a,998,0,2,1
0,0,1,0,0,0.034790598001563922,0.026248999999999998,0.0079939999999999994,52867072,NA,NA,NA,NA,NA,NA,NA,NA,2008,136,5,1,a8c1633e798ef980493443e67e6fdb6eada42f775edf7051d304d09c3ddadf5a,999,0,1,2
0,0,0,1,9,0.03479902300023241,0.026148999999999999,0.0080140000000000003,55627776,NA,NA,NA,NA,NA,NA,NA,NA,20048,5066,257,64,d8d78f7bb977c6f730c6b5cdfaa88bed294d141a9777385856f783cc112e0874,1000,0,2,2
0,0,1,0,9,0.035933576999013894,0.024572999999999998,0.010822,55005184,NA,NA,NA,NA,NA,NA,NA,NA,20048,5066,257,64,d8d78f7bb977c6f730c6b5cdfaa88bed294d141a9777385856f783cc112e0874,997,0,1,3
0,0,0,0,10,0.032444631000544177,0.024933,0.0069540000000000001,55336960,NA,NA,NA,NA,NA,NA,NA,NA,14928,5066,257,64,9655be68483f45304d566dfb3dc63ba1458a5653029061a6b60617464768d366,555,0,1,12
0,0,1,1,10,0.033032344001185265,0.025332,0.0071079999999999997,56086528,NA,NA,NA,NA,NA,NA,NA,NA,14928,5066,257,64,9655be68483f45304d566dfb3dc63ba1458a5653029061a6b60617464768d366,1004,0,2,10
0,0,0,0,4,0.037195679000433302,0.029472999999999999,0.0071029999999999999,55009280,NA,NA,NA,NA,NA,NA,NA,NA,22160,6529,133,1,3ac5102c6f2bc513eb86f2343729d5f51295afd9e738a690903fa32334fb4c28,1005,0,1,12
0,0,1,1,4,0.036395541999809211,0.029935999999999997,0.0059629999999999996,55820288,NA,NA,NA,NA,NA,NA,NA,NA,22160,6529,133,1,3ac5102c6f2bc513eb86f2343729d5f51295afd9e738a690903fa32334fb4c28,1002,0,1,0
0,0,0,0,5,0.031737370998598635,0.026381999999999999,0.0048839999999999995,55480320,NA,NA,NA,NA,NA,NA,NA,NA,25888,6529,133,1,6cbbbbf695d9298d218c01af658d12c9a04646e608628360a5a03df9e71e6d9c,559,0,1,1
0,0,1,1,5,0.029518452000047546,0.024104,0.0049969999999999997,56238080,NA,NA,NA,NA,NA,NA,NA,NA,25888,6529,133,1,6cbbbbf695d9298d218c01af658d12c9a04646e608628360a5a03df9e71e6d9c,558,0,1,8
0,0,0,0,16,0.044778850999136921,0.035414000000000001,0.0088199999999999997,65626112,NA,NA,NA,NA,NA,NA,NA,NA,136888,29499,417,8,af3bdbbd0003d101664215b713d407f2160931601787a4fad2f046110caa3e72,1008,0,1,11
0,0,1,1,16,0.043629304000205593,0.036105999999999999,0.0070149999999999995,66244608,NA,NA,NA,NA,NA,NA,NA,NA,136888,29499,417,8,af3bdbbd0003d101664215b713d407f2160931601787a4fad2f046110caa3e72,1006,0,2,1
0,0,0,0,2,0.027963287000602577,0.017294999999999998,0.010142999999999999,53096448,NA,NA,NA,NA,NA,NA,NA,NA,2008,136,5,1,8210b4f6eac12a20575e673437437e82cfff653da437ea17992a3aed56a99207,1002,0,1,8
0,0,1,1,2,0.027875280000444036,0.020275999999999999,0.0070659999999999994,53522432,NA,NA,NA,NA,NA,NA,NA,NA,2008,136,5,1,8210b4f6eac12a20575e673437437e82cfff653da437ea17992a3aed56a99207,997,0,1,9
0,0,0,0,12,0.032636678999551805,0.025062999999999998,0.0069779999999999998,57147392,NA,NA,NA,NA,NA,NA,NA,NA,40904,35142,517,1,5c836afd34e5659fc140fff27358a40506e741bf81aa02c58678151e3747eac9,1002,0,1,8
0,0,1,1,12,0.029996969000421814,0.022353999999999999,0.0071129999999999995,58048512,NA,NA,NA,NA,NA,NA,NA,NA,40904,35142,517,1,5c836afd34e5659fc140fff27358a40506e741bf81aa02c58678151e3747eac9,556,0,1,8
0,0,0,1,3,0.025305524999566842,0.020833999999999998,0.0039550000000000002,53944320,NA,NA,NA,NA,NA,NA,NA,NA,2008,136,5,1,8210b4f6eac12a20575e673437437e82cfff653da437ea17992a3aed56a99207,554,0,1,7
0,0,1,0,3,0.026546040000539506,0.020034,0.0059709999999999997,53080064,NA,NA,NA,NA,NA,NA,NA,NA,2008,136,5,1,8210b4f6eac12a20575e673437437e82cfff653da437ea17992a3aed56a99207,998,0,1,8
0,0,0,1,20,0.060063925000577001,0.053030999999999995,0.0059849999999999999,83304448,NA,NA,NA,NA,NA,NA,NA,NA,220064,89118,2402,8,9bed9a0bde0e198846d4983ba78bcd51e5e45d614941dd9bc544c1667832b5ea,1024,0,1,14
0,0,1,0,20,0.056285890999788535,0.048689999999999997,0.0069349999999999993,82403328,NA,NA,NA,NA,NA,NA,NA,NA,220064,89118,2402,8,9bed9a0bde0e198846d4983ba78bcd51e5e45d614941dd9bc544c1667832b5ea,570,0,1,12
0,0,0,0,15,0.02640607600005751,0.019889999999999998,0.0059540000000000001,57303040,NA,NA,NA,NA,NA,NA,NA,NA,32824,35142,517,1,5a24ee2382083ee5d5eb9b364e57818da3678644deec6a705c5878fcd40e5876,999,0,1,9
0,0,1,1,15,0.0253557420001016,0.020983999999999999,0.0039620000000000002,58290176,NA,NA,NA,NA,NA,NA,NA,NA,32824,35142,517,1,5a24ee2382083ee5d5eb9b364e57818da3678644deec6a705c5878fcd40e5876,558,0,1,10
0,0,0,0,17,0.03327752400036843,0.026646999999999997,0.0059020000000000001,65822720,NA,NA,NA,NA,NA,NA,NA,NA,127800,29499,417,8,cf7b13a857f01f4a14779c4cf8ec5e795ca6dd011a53f4345643bcaf3709f18a,1009,0,1,20
0,0,1,1,17,0.032701107000320917,0.028000999999999998,0.0039979999999999998,66306048,NA,NA,NA,NA,NA,NA,NA,NA,127800,29499,417,8,cf7b13a857f01f4a14779c4cf8ec5e795ca6dd011a53f4345643bcaf3709f18a,1004,0,1,15
0,0,0,0,8,0.028106407000450417,0.019193999999999999,0.0076379999999999998,54992896,NA,NA,NA,NA,NA,NA,NA,NA,13904,5066,257,64,f70f03940df99c8ce0b0b02082129e05360030bd32e6edc5877c0f69a31bb0a4,1003,0,1,14
0,0,1,1,8,0.027400464001402725,0.020892999999999998,0.0059540000000000001,55898112,NA,NA,NA,NA,NA,NA,NA,NA,13904,5066,257,64,f70f03940df99c8ce0b0b02082129e05360030bd32e6edc5877c0f69a31bb0a4,1045,0,1,13
0,0,0,0,7,0.029357325000091805,0.018067,0.0090270000000000003,55037952,NA,NA,NA,NA,NA,NA,NA,NA,17504,6529,133,1,5e7e7625c8b52e7a71d9370c6c8ab5025ac2b81f4970efe917952ec17c538f1c,1002,0,1,11
0,0,1,1,7,0.028733037999700173,0.017898999999999998,0.0099439999999999997,55820288,NA,NA,NA,NA,NA,NA,NA,NA,17504,6529,133,1,5e7e7625c8b52e7a71d9370c6c8ab5025ac2b81f4970efe917952ec17c538f1c,1001,0,1,10
0,0,0,1,18,0.032690640999135212,0.026145999999999999,0.0060309999999999999,66441216,NA,NA,NA,NA,NA,NA,NA,NA,94392,29499,417,8,ec97d55cded7bb1cbf8e12495905cb68073380af6a6370282abb8f233d21e857,560,0,1,11
0,0,1,0,18,0.033540897000420955,0.024055,0.0090109999999999999,65454080,NA,NA,NA,NA,NA,NA,NA,NA,94392,29499,417,8,ec97d55cded7bb1cbf8e12495905cb68073380af6a6370282abb8f233d21e857,1002,0,1,8
0,0,0,0,22,0.044377001999237109,0.036864000000000001,0.0069719999999999999,82558976,NA,NA,NA,NA,NA,NA,NA,NA,180960,89118,2402,8,46606a158b66af8518456db0739cae64d8d2e5f9a80404e15ddbb91810d3af0d,1013,0,1,10
0,0,1,1,22,0.044408695999663905,0.037279,0.0060720000000000001,83070976,NA,NA,NA,NA,NA,NA,NA,NA,180960,89118,2402,8,46606a158b66af8518456db0739cae64d8d2e5f9a80404e15ddbb91810d3af0d,1011,0,1,12
0,0,0,1,23,0.048944314999971539,0.039364999999999997,0.0070589999999999993,83374080,NA,NA,NA,NA,NA,NA,NA,NA,180960,89118,2402,8,46606a158b66af8518456db0739cae64d8d2e5f9a80404e15ddbb91810d3af0d,570,0,1,5
0,0,1,0,23,0.044621668999752728,0.037367999999999998,0.006868,82702336,NA,NA,NA,NA,NA,NA,NA,NA,180960,89118,2402,8,46606a158b66af8518456db0739cae64d8d2e5f9a80404e15ddbb91810d3af0d,570,0,1,0
0,0,0,0,19,0.034518962000220199,0.026092999999999998,0.0080339999999999995,65531904,NA,NA,NA,NA,NA,NA,NA,NA,94392,29499,417,8,ec97d55cded7bb1cbf8e12495905cb68073380af6a6370282abb8f233d21e857,1006,0,2,0
0,0,1,1,19,0.030608654000388924,0.027220999999999999,0.003026,66416640,NA,NA,NA,NA,NA,NA,NA,NA,94392,29499,417,8,ec97d55cded7bb1cbf8e12495905cb68073380af6a6370282abb8f233d21e857,1009,0,1,0
0,0,0,1,13,0.025621361999583314,0.022263999999999999,0.0030369999999999998,58073088,NA,NA,NA,NA,NA,NA,NA,NA,41016,35142,517,1,662bf8c3f785828e59b2e955c5f9255272bd2640c5dd7e9c2804e24f24350bdf,1004,0,1,2
0,0,1,0,13,0.025721490999785601,0.019591999999999998,0.0058439999999999994,57094144,NA,NA,NA,NA,NA,NA,NA,NA,41016,35142,517,1,662bf8c3f785828e59b2e955c5f9255272bd2640c5dd7e9c2804e24f24350bdf,997,0,1,1
0,0,0,1,14,0.025690541000585654,0.018286999999999998,0.0070889999999999998,58142720,NA,NA,NA,NA,NA,NA,NA,NA,32824,35142,517,1,5a24ee2382083ee5d5eb9b364e57818da3678644deec6a705c5878fcd40e5876,1007,0,1,1
0,0,1,0,14,0.026087610000104178,0.019789999999999999,0.0059159999999999994,57483264,NA,NA,NA,NA,NA,NA,NA,NA,32824,35142,517,1,5a24ee2382083ee5d5eb9b364e57818da3678644deec6a705c5878fcd40e5876,1004,0,1,1
0,1,0,1,17,0.032065112000054796,0.026783999999999999,0.0049480000000000001,66232320,NA,NA,NA,NA,NA,NA,NA,NA,127800,29499,417,8,cf7b13a857f01f4a14779c4cf8ec5e795ca6dd011a53f4345643bcaf3709f18a,1004,0,1,1
0,1,1,0,17,0.033473142999355332,0.025314,0.0077859999999999995,65716224,NA,NA,NA,NA,NA,NA,NA,NA,127800,29499,417,8,cf7b13a857f01f4a14779c4cf8ec5e795ca6dd011a53f4345643bcaf3709f18a,1009,0,1,1
0,1,0,0,0,0.028379305000271415,0.023167999999999998,0.0048149999999999998,53014528,NA,NA,NA,NA,NA,NA,NA,NA,2008,136,5,1,a8c1633e798ef980493443e67e6fdb6eada42f775edf7051d304d09c3ddadf5a,999,0,1,2
0,1,1,1,0,0.025467123999987962,0.016999999999999998,0.0080029999999999997,53600256,NA,NA,NA,NA,NA,NA,NA,NA,2008,136,5,1,a8c1633e798ef980493443e67e6fdb6eada42f775edf7051d304d09c3ddadf5a,996,0,1,0
0,1,0,1,10,0.024875903000065591,0.018779000000000001,0.0058100000000000001,55775232,NA,NA,NA,NA,NA,NA,NA,NA,14928,5066,257,64,9655be68483f45304d566dfb3dc63ba1458a5653029061a6b60617464768d366,997,0,1,0
0,1,1,0,10,0.024796837000394589,0.015651999999999999,0.0087910000000000002,54841344,NA,NA,NA,NA,NA,NA,NA,NA,14928,5066,257,64,9655be68483f45304d566dfb3dc63ba1458a5653029061a6b60617464768d366,997,0,1,8
0,1,0,1,8,0.025218517999746837,0.01899,0.0059509999999999997,55992320,NA,NA,NA,NA,NA,NA,NA,NA,13904,5066,257,64,f70f03940df99c8ce0b0b02082129e05360030bd32e6edc5877c0f69a31bb0a4,1044,0,1,0
0,1,1,0,8,0.025519793000057689,0.01839,0.0067859999999999995,55156736,NA,NA,NA,NA,NA,NA,NA,NA,13904,5066,257,64,f70f03940df99c8ce0b0b02082129e05360030bd32e6edc5877c0f69a31bb0a4,999,0,1,4
0,1,0,0,9,0.024625707999803126,0.017454999999999998,0.0067749999999999998,55001088,NA,NA,NA,NA,NA,NA,NA,NA,20048,5066,257,64,d8d78f7bb977c6f730c6b5cdfaa88bed294d141a9777385856f783cc112e0874,996,0,1,1
0,1,1,1,9,0.02415296499930264,0.015899,0.0079170000000000004,55697408,NA,NA,NA,NA,NA,NA,NA,NA,20048,5066,257,64,d8d78f7bb977c6f730c6b5cdfaa88bed294d141a9777385856f783cc112e0874,996,0,1,0
0,1,0,0,18,0.029898648999733268,0.022647999999999998,0.0068599999999999998,65601536,NA,NA,NA,NA,NA,NA,NA,NA,94392,29499,417,8,ec97d55cded7bb1cbf8e12495905cb68073380af6a6370282abb8f233d21e857,1005,0,1,0
0,1,1,1,18,0.02932362300089153,0.021994,0.0069719999999999999,66228224,NA,NA,NA,NA,NA,NA,NA,NA,94392,29499,417,8,ec97d55cded7bb1cbf8e12495905cb68073380af6a6370282abb8f233d21e857,1003,0,1,0
0,1,0,0,11,0.023431298999639694,0.017093000000000001,0.0060089999999999996,54976512,NA,NA,NA,NA,NA,NA,NA,NA,14928,5066,257,64,9655be68483f45304d566dfb3dc63ba1458a5653029061a6b60617464768d366,1000,0,1,1
0,1,1,1,11,0.023192601998744067,0.016632999999999998,0.0062369999999999995,55771136,NA,NA,NA,NA,NA,NA,NA,NA,14928,5066,257,64,9655be68483f45304d566dfb3dc63ba1458a5653029061a6b60617464768d366,998,0,1,0
0,1,0,1,12,0.026530408000326133,0.020167999999999998,0.0060339999999999994,57946112,NA,NA,NA,NA,NA,NA,NA,NA,40904,35142,517,1,5c836afd34e5659fc140fff27358a40506e741bf81aa02c58678151e3747eac9,1003,0,1,0
0,1,1,0,12,0.025761199000044144,0.020580999999999999,0.0048960000000000002,57217024,NA,NA,NA,NA,NA,NA,NA,NA,40904,35142,517,1,5c836afd34e5659fc140fff27358a40506e741bf81aa02c58678151e3747eac9,557,0,1,1
0,1,0,1,2,0.02209698100159585,0.017849,0.0039519999999999998,53604352,NA,NA,NA,NA,NA,NA,NA,NA,2008,136,5,1,8210b4f6eac12a20575e673437437e82cfff653da437ea17992a3aed56a99207,999,0,1,1
0,1,1,0,2,0.02317265499914356,0.017876,0.0049459999999999999,52899840,NA,NA,NA,NA,NA,NA,NA,NA,2008,136,5,1,8210b4f6eac12a20575e673437437e82cfff653da437ea17992a3aed56a99207,997,0,1,7
0,1,0,0,20,0.049742754999897443,0.042266999999999999,0.0070199999999999993,82747392,NA,NA,NA,NA,NA,NA,NA,NA,220064,89118,2402,8,9bed9a0bde0e198846d4983ba78bcd51e5e45d614941dd9bc544c1667832b5ea,573,0,1,11
0,1,1,1,20,0.048781010000311653,0.040289999999999999,0.008036999999999999,83140608,NA,NA,NA,NA,NA,NA,NA,NA,220064,89118,2402,8,9bed9a0bde0e198846d4983ba78bcd51e5e45d614941dd9bc544c1667832b5ea,1012,0,1,10
0,1,0,1,15,0.022994197999651078,0.018513999999999999,0.0041069999999999995,58073088,NA,NA,NA,NA,NA,NA,NA,NA,32824,35142,517,1,5a24ee2382083ee5d5eb9b364e57818da3678644deec6a705c5878fcd40e5876,1005,0,1,8
0,1,1,0,15,0.022740102000170737,0.015623999999999999,0.0068369999999999993,57167872,NA,NA,NA,NA,NA,NA,NA,NA,32824,35142,517,1,5a24ee2382083ee5d5eb9b364e57818da3678644deec6a705c5878fcd40e5876,999,0,1,8
0,1,0,1,6,0.022287900001174421,0.015986999999999998,0.0059839999999999997,56365056,NA,NA,NA,NA,NA,NA,NA,NA,17504,6529,133,1,5e7e7625c8b52e7a71d9370c6c8ab5025ac2b81f4970efe917952ec17c538f1c,561,0,1,8
0,1,1,0,6,0.021977555999910692,0.017811999999999998,0.0039239999999999995,55607296,NA,NA,NA,NA,NA,NA,NA,NA,17504,6529,133,1,5e7e7625c8b52e7a71d9370c6c8ab5025ac2b81f4970efe917952ec17c538f1c,557,0,1,0
0,1,0,0,1,0.021249978999549057,0.015965,0.0050000000000000001,52981760,NA,NA,NA,NA,NA,NA,NA,NA,2056,136,5,1,6b21b079ef6f8f7f055926600e53b906dd7be041e021dd2791b7aa8c55e24585,993,0,1,1
0,1,1,1,1,0.02247500100020261,0.018201999999999999,0.0038279999999999998,53919744,NA,NA,NA,NA,NA,NA,NA,NA,2056,136,5,1,6b21b079ef6f8f7f055926600e53b906dd7be041e021dd2791b7aa8c55e24585,1004,0,1,9
0,1,0,0,3,0.021893709999858402,0.014669999999999999,0.0068459999999999997,52957184,NA,NA,NA,NA,NA,NA,NA,NA,2008,136,5,1,8210b4f6eac12a20575e673437437e82cfff653da437ea17992a3aed56a99207,999,0,1,8
0,1,1,1,3,0.021225435000815196,0.014931,0.0059619999999999994,53514240,NA,NA,NA,NA,NA,NA,NA,NA,2008,136,5,1,8210b4f6eac12a20575e673437437e82cfff653da437ea17992a3aed56a99207,996,0,1,0
0,1,0,1,21,0.035510632000296027,0.031104,0.0040159999999999996,83079168,NA,NA,NA,NA,NA,NA,NA,NA,277920,89118,2402,8,089ec4ce05f5e4d43e3e352375117ee462b31249b272f87015d01ad0429bd7f9,1012,0,1,8
0,1,1,0,21,0.03559540500100411,0.027101999999999998,0.0080249999999999991,82702336,NA,NA,NA,NA,NA,NA,NA,NA,277920,89118,2402,8,089ec4ce05f5e4d43e3e352375117ee462b31249b272f87015d01ad0429bd7f9,1044,0,1,11
0,1,0,1,16,0.030663322000691551,0.025418999999999997,0.0048739999999999999,66428928,NA,NA,NA,NA,NA,NA,NA,NA,136888,29499,417,8,af3bdbbd0003d101664215b713d407f2160931601787a4fad2f046110caa3e72,560,0,1,13
0,1,1,0,16,0.031091556000319542,0.024766,0.0059289999999999994,66007040,NA,NA,NA,NA,NA,NA,NA,NA,136888,29499,417,8,af3bdbbd0003d101664215b713d407f2160931601787a4fad2f046110caa3e72,565,0,1,10
0,1,0,0,13,0.022149049998915871,0.016833999999999998,0.0049379999999999997,57098240,NA,NA,NA,NA,NA,NA,NA,NA,41016,35142,517,1,662bf8c3f785828e59b2e955c5f9255272bd2640c5dd7e9c2804e24f24350bdf,998,0,1,10
0,1,1,1,13,0.021581277000223054,0.016201999999999998,0.0050429999999999997,58224640,NA,NA,NA,NA,NA,NA,NA,NA,41016,35142,517,1,662bf8c3f785828e59b2e955c5f9255272bd2640c5dd7e9c2804e24f24350bdf,1004,0,1,8
0,1,0,0,23,0.037355320000642678,0.028960999999999997,0.0079690000000000004,82276352,NA,NA,NA,NA,NA,NA,NA,NA,180960,89118,2402,8,46606a158b66af8518456db0739cae64d8d2e5f9a80404e15ddbb91810d3af0d,1014,0,1,13
0,1,1,1,23,0.037452934999237186,0.031045,0.005999,83398656,NA,NA,NA,NA,NA,NA,NA,NA,180960,89118,2402,8,46606a158b66af8518456db0739cae64d8d2e5f9a80404e15ddbb91810d3af0d,1021,0,1,12
0,1,0,0,14,0.022133418000521488,0.01388,0.007892999999999999,57417728,NA,NA,NA,NA,NA,NA,NA,NA,32824,35142,517,1,5a24ee2382083ee5d5eb9b364e57818da3678644deec6a705c5878fcd40e5876,1011,0,1,10
0,1,1,1,14,0.021795988001031219,0.016614,0.0048820000000000001,58355712,NA,NA,NA,NA,NA,NA,NA,NA,32824,35142,517,1,5a24ee2382083ee5d5eb9b364e57818da3678644deec6a705c5878fcd40e5876,1005,0,1,7
0,1,0,1,7,0.020728598001369392,0.015550999999999999,0.0048639999999999994,55902208,NA,NA,NA,NA,NA,NA,NA,NA,17504,6529,133,1,5e7e7625c8b52e7a71d9370c6c8ab5025ac2b81f4970efe917952ec17c538f1c,554,0,2,0
0,1,1,0,7,0.021143542000572779,0.016906000000000001,0.0039789999999999999,55169024,NA,NA,NA,NA,NA,NA,NA,NA,17504,6529,133,1,5e7e7625c8b52e7a71d9370c6c8ab5025ac2b81f4970efe917952ec17c538f1c,1002,0,1,0
0,1,0,1,5,0.020632849000321585,0.014511,0.0057819999999999998,56344576,NA,NA,NA,NA,NA,NA,NA,NA,25888,6529,133,1,6cbbbbf695d9298d218c01af658d12c9a04646e608628360a5a03df9e71e6d9c,562,0,1,5
0,1,1,0,5,0.020712768999146647,0.016570999999999999,0.0038809999999999999,55001088,NA,NA,NA,NA,NA,NA,NA,NA,25888,6529,133,1,6cbbbbf695d9298d218c01af658d12c9a04646e608628360a5a03df9e71e6d9c,1000,0,1,0
0,1,0,1,4,0.023475321000660188,0.016434999999999998,0.0067559999999999999,55816192,NA,NA,NA,NA,NA,NA,NA,NA,22160,6529,133,1,3ac5102c6f2bc513eb86f2343729d5f51295afd9e738a690903fa32334fb4c28,1011,0,1,8
0,1,1,0,4,0.023591563000081806,0.018488999999999998,0.0048630000000000001,55156736,NA,NA,NA,NA,NA,NA,NA,NA,22160,6529,133,1,3ac5102c6f2bc513eb86f2343729d5f51295afd9e738a690903fa32334fb4c28,998,0,1,0
0,1,0,1,22,0.034399463998852298,0.028201,0.0058319999999999995,83349504,NA,NA,NA,NA,NA,NA,NA,NA,180960,89118,2402,8,46606a158b66af8518456db0739cae64d8d2e5f9a80404e15ddbb91810d3af0d,571,0,1,10
0,1,1,0,22,0.035108566999042523,0.028565999999999998,0.006117,82526208,NA,NA,NA,NA,NA,NA,NA,NA,180960,89118,2402,8,46606a158b66af8518456db0739cae64d8d2e5f9a80404e15ddbb91810d3af0d,1016,0,1,8
0,1,0,1,19,0.025968940000893781,0.019400999999999998,0.0061309999999999993,66306048,NA,NA,NA,NA,NA,NA,NA,NA,94392,29499,417,8,ec97d55cded7bb1cbf8e12495905cb68073380af6a6370282abb8f233d21e857,1004,0,1,8
0,1,1,0,19,0.026981615999829955,0.022435,0.0040879999999999996,65576960,NA,NA,NA,NA,NA,NA,NA,NA,94392,29499,417,8,ec97d55cded7bb1cbf8e12495905cb68073380af6a6370282abb8f233d21e857,1004,0,1,7
0,2,0,1,17,0.027589694000198506,0.019115999999999998,0.0080079999999999995,66531328,NA,NA,NA,NA,NA,NA,NA,NA,127800,29499,417,8,cf7b13a857f01f4a14779c4cf8ec5e795ca6dd011a53f4345643bcaf3709f18a,1040,0,1,8
0,2,1,0,17,0.027285014999506529,0.019851999999999998,0.006966,65675264,NA,NA,NA,NA,NA,NA,NA,NA,127800,29499,417,8,cf7b13a857f01f4a14779c4cf8ec5e795ca6dd011a53f4345643bcaf3709f18a,1007,0,1,10
0,2,0,1,10,0.021521540998946875,0.015344,0.0057359999999999998,56037376,NA,NA,NA,NA,NA,NA,NA,NA,14928,5066,257,64,9655be68483f45304d566dfb3dc63ba1458a5653029061a6b60617464768d366,1002,0,1,7
0,2,1,0,10,0.02187199499894632,0.015653999999999998,0.0058449999999999995,55316480,NA,NA,NA,NA,NA,NA,NA,NA,14928,5066,257,64,9655be68483f45304d566dfb3dc63ba1458a5653029061a6b60617464768d366,1006,0,1,0
0,2,0,1,21,0.034001973999693291,0.029512,0.0040730000000000002,83152896,NA,NA,NA,NA,NA,NA,NA,NA,277920,89118,2402,8,089ec4ce05f5e4d43e3e352375117ee462b31249b272f87015d01ad0429bd7f9,1010,0,1,9
0,2,1,0,21,0.033067796999603161,0.02666,0.005927,82690048,NA,NA,NA,NA,NA,NA,NA,NA,277920,89118,2402,8,089ec4ce05f5e4d43e3e352375117ee462b31249b272f87015d01ad0429bd7f9,1017,0,1,12
0,2,0,1,6,0.020821644999159616,0.015280999999999999,0.005091,55844864,NA,NA,NA,NA,NA,NA,NA,NA,17504,6529,133,1,5e7e7625c8b52e7a71d9370c6c8ab5025ac2b81f4970efe917952ec17c538f1c,998,0,1,8
0,2,1,0,6,0.020359882000775542,0.015993999999999998,0.0039789999999999999,55238656,NA,NA,NA,NA,NA,NA,NA,NA,17504,6529,133,1,5e7e7625c8b52e7a71d9370c6c8ab5025ac2b81f4970efe917952ec17c538f1c,554,0,1,8
0,2,0,0,12,0.023332390999712516,0.018980999999999998,0.0039839999999999997,56913920,NA,NA,NA,NA,NA,NA,NA,NA,40904,35142,517,1,5c836afd34e5659fc140fff27358a40506e741bf81aa02c58678151e3747eac9,1000,0,1,9
0,2,1,1,12,0.023401938999086269,0.017988000000000001,0.0049849999999999998,57819136,NA,NA,NA,NA,NA,NA,NA,NA,40904,35142,517,1,5c836afd34e5659fc140fff27358a40506e741bf81aa02c58678151e3747eac9,1000,0,1,9
0,2,0,0,8,0.021965347999866935,0.015356999999999999,0.0061309999999999993,55173120,NA,NA,NA,NA,NA,NA,NA,NA,13904,5066,257,64,f70f03940df99c8ce0b0b02082129e05360030bd32e6edc5877c0f69a31bb0a4,1003,0,1,7
0,2,1,1,8,0.020602807999239303,0.015198999999999999,0.0050549999999999996,56098816,NA,NA,NA,NA,NA,NA,NA,NA,13904,5066,257,64,f70f03940df99c8ce0b0b02082129e05360030bd32e6edc5877c0f69a31bb0a4,556,0,1,10
0,2,0,1,22,0.032548795999900904,0.027095999999999999,0.0050139999999999994,83660800,NA,NA,NA,NA,NA,NA,NA,NA,180960,89118,2402,8,46606a158b66af8518456db0739cae64d8d2e5f9a80404e15ddbb91810d3af0d,577,0,1,9
0,2,1,0,22,0.033726383000612259,0.023503,0.0097679999999999989,82694144,NA,NA,NA,NA,NA,NA,NA,NA,180960,89118,2402,8,46606a158b66af8518456db0739cae64d8d2e5f9a80404e15ddbb91810d3af0d,1021,0,1,12
0,2,0,1,0,0.02190341400091711,0.015285999999999999,0.0047679999999999997,53669888,NA,NA,NA,NA,NA,NA,NA,NA,2008,136,5,1,a8c1633e798ef980493443e67e6fdb6eada42f775edf7051d304d09c3ddadf5a,1028,0,1,2
0,2,1,0,0,0.019561169001462986,0.016139999999999998,0.0030299999999999997,53157888,NA,NA,NA,NA,NA,NA,NA,NA,2008,136,5,1,a8c1633e798ef980493443e67e6fdb6eada42f775edf7051d304d09c3ddadf5a,553,0,1,0
0,2,0,0,9,0.020023506000143243,0.014751999999999999,0.0049169999999999995,55660544,NA,NA,NA,NA,NA,NA,NA,NA,20048,5066,257,64,d8d78f7bb977c6f730c6b5cdfaa88bed294d141a9777385856f783cc112e0874,562,0,1,1
0,2,1,1,9,0.020906158000798314,0.015691,0.0048799999999999998,55955456,NA,NA,NA,NA,NA,NA,NA,NA,20048,5066,257,64,d8d78f7bb977c6f730c6b5cdfaa88bed294d141a9777385856f783cc112e0874,1004,0,1,6
0,2,0,0,15,0.02126946599855728,0.014927999999999999,0.0059509999999999997,56975360,NA,NA,NA,NA,NA,NA,NA,NA,32824,35142,517,1,5a24ee2382083ee5d5eb9b364e57818da3678644deec6a705c5878fcd40e5876,999,0,1,7
0,2,1,1,15,0.021174666000661091,0.017687999999999999,0.0031219999999999998,58281984,NA,NA,NA,NA,NA,NA,NA,NA,32824,35142,517,1,5a24ee2382083ee5d5eb9b364e57818da3678644deec6a705c5878fcd40e5876,1005,0,1,0
0,2,0,0,2,0.019786934000876499,0.014605,0.0048669999999999998,52908032,NA,NA,NA,NA,NA,NA,NA,NA,2008,136,5,1,8210b4f6eac12a20575e673437437e82cfff653da437ea17992a3aed56a99207,997,0,1,1
0,2,1,1,2,0.019652091999887489,0.014501,0.0048219999999999999,53653504,NA,NA,NA,NA,NA,NA,NA,NA,2008,136,5,1,8210b4f6eac12a20575e673437437e82cfff653da437ea17992a3aed56a99207,999,0,1,5
0,2,0,0,18,0.025281313999585109,0.020990999999999999,0.0039819999999999994,65859584,NA,NA,NA,NA,NA,NA,NA,NA,94392,29499,417,8,ec97d55cded7bb1cbf8e12495905cb68073380af6a6370282abb8f233d21e857,1012,0,1,0
0,2,1,1,18,0.025193486000716803,0.019595999999999999,0.0051549999999999999,66584576,NA,NA,NA,NA,NA,NA,NA,NA,94392,29499,417,8,ec97d55cded7bb1cbf8e12495905cb68073380af6a6370282abb8f233d21e857,1010,0,1,1
0,2,0,1,19,0.024258326000563102,0.019955999999999998,0.0039919999999999999,66912256,NA,NA,NA,NA,NA,NA,NA,NA,94392,29499,417,8,ec97d55cded7bb1cbf8e12495905cb68073380af6a6370282abb8f233d21e857,565,0,1,1
0,2,1,0,19,0.025327535999167594,0.019018,0.0060039999999999998,65658880,NA,NA,NA,NA,NA,NA,NA,NA,94392,29499,417,8,ec97d55cded7bb1cbf8e12495905cb68073380af6a6370282abb8f233d21e857,1006,0,1,0
0,2,0,0,5,0.020134464999500779,0.015897999999999999,0.00396,55296000,NA,NA,NA,NA,NA,NA,NA,NA,25888,6529,133,1,6cbbbbf695d9298d218c01af658d12c9a04646e608628360a5a03df9e71e6d9c,557,0,1,0
0,2,1,1,5,0.020338600001196028,0.015085999999999999,0.005032,55832576,NA,NA,NA,NA,NA,NA,NA,NA,25888,6529,133,1,6cbbbbf695d9298d218c01af658d12c9a04646e608628360a5a03df9e71e6d9c,999,0,1,0
0,2,0,1,20,0.046010501999262488,0.039702999999999995,0.0059389999999999998,82857984,NA,NA,NA,NA,NA,NA,NA,NA,220064,89118,2402,8,9bed9a0bde0e198846d4983ba78bcd51e5e45d614941dd9bc544c1667832b5ea,1011,0,1,1
0,2,1,0,20,0.046296320999317686,0.035949999999999996,0.0099699999999999997,82227200,NA,NA,NA,NA,NA,NA,NA,NA,220064,89118,2402,8,9bed9a0bde0e198846d4983ba78bcd51e5e45d614941dd9bc544c1667832b5ea,1010,0,2,0
0,2,0,0,14,0.021219078000285663,0.014988,0.0059309999999999996,57417728,NA,NA,NA,NA,NA,NA,NA,NA,32824,35142,517,1,5a24ee2382083ee5d5eb9b364e57818da3678644deec6a705c5878fcd40e5876,1011,0,1,0
0,2,1,1,14,0.021519961999729276,0.016177999999999998,0.0050349999999999995,58359808,NA,NA,NA,NA,NA,NA,NA,NA,32824,35142,517,1,5a24ee2382083ee5d5eb9b364e57818da3678644deec6a705c5878fcd40e5876,1006,0,1,0
0,2,0,1,3,0.019107580001218594,0.014893,0.0039740000000000001,53915648,NA,NA,NA,NA,NA,NA,NA,NA,2008,136,5,1,8210b4f6eac12a20575e673437437e82cfff653da437ea17992a3aed56a99207,556,0,1,0
0,2,1,0,3,0.019892569000148796,0.014437999999999999,0.0051399999999999996,53116928,NA,NA,NA,NA,NA,NA,NA,NA,2008,136,5,1,8210b4f6eac12a20575e673437437e82cfff653da437ea17992a3aed56a99207,1004,0,1,0
0,2,0,0,7,0.021351478999349638,0.018179000000000001,0.0029709999999999997,55365632,NA,NA,NA,NA,NA,NA,NA,NA,17504,6529,133,1,5e7e7625c8b52e7a71d9370c6c8ab5025ac2b81f4970efe917952ec17c538f1c,557,0,1,0
0,2,1,1,7,0.02082970600167755,0.014723999999999999,0.0058729999999999997,56377344,NA,NA,NA,NA,NA,NA,NA,NA,17504,6529,133,1,5e7e7625c8b52e7a71d9370c6c8ab5025ac2b81f4970efe917952ec17c538f1c,561,0,1,0
0,2,0,1,13,0.021670915000868263,0.016345999999999999,0.0050999999999999995,58163200,NA,NA,NA,NA,NA,NA,NA,NA,41016,35142,517,1,662bf8c3f785828e59b2e955c5f9255272bd2640c5dd7e9c2804e24f24350bdf,1011,0,1,0
0,2,1,0,13,0.021797523000714136,0.015614999999999999,0.0058649999999999996,57311232,NA,NA,NA,NA,NA,NA,NA,NA,41016,35142,517,1,662bf8c3f785828e59b2e955c5f9255272bd2640c5dd7e9c2804e24f24350bdf,1005,0,1,1
0,2,0,1,23,0.036986220000471803,0.028898999999999998,0.0077619999999999998,83070976,NA,NA,NA,NA,NA,NA,NA,NA,180960,89118,2402,8,46606a158b66af8518456db0739cae64d8d2e5f9a80404e15ddbb91810d3af0d,1013,0,1,0
0,2,1,0,23,0.037243062999550602,0.032946999999999997,0.0039789999999999999,82485248,NA,NA,NA,NA,NA,NA,NA,NA,180960,89118,2402,8,46606a158b66af8518456db0739cae64d8d2e5f9a80404e15ddbb91810d3af0d,1015,0,1,0
0,2,0,0,16,0.031377733001136221,0.026046999999999997,0.0050009999999999994,65630208,NA,NA,NA,NA,NA,NA,NA,NA,136888,29499,417,8,af3bdbbd0003d101664215b713d407f2160931601787a4fad2f046110caa3e72,1007,0,1,1
0,2,1,1,16,0.031118484999751672,0.024822999999999998,0.0059349999999999993,66379776,NA,NA,NA,NA,NA,NA,NA,NA,136888,29499,417,8,af3bdbbd0003d101664215b713d407f2160931601787a4fad2f046110caa3e72,1004,0,1,1
0,2,0,1,1,0.020093044000532245,0.014560999999999999,0.005189,53575680,NA,NA,NA,NA,NA,NA,NA,NA,2056,136,5,1,6b21b079ef6f8f7f055926600e53b906dd7be041e021dd2791b7aa8c55e24585,999,0,1,1
0,2,1,0,1,0.020492558000114514,0.016160999999999998,0.0040400000000000002,53018624,NA,NA,NA,NA,NA,NA,NA,NA,2056,136,5,1,6b21b079ef6f8f7f055926600e53b906dd7be041e021dd2791b7aa8c55e24585,999,0,1,1
0,2,0,1,11,0.02122348999910173,0.014999999999999999,0.005999,55898112,NA,NA,NA,NA,NA,NA,NA,NA,14928,5066,257,64,9655be68483f45304d566dfb3dc63ba1458a5653029061a6b60617464768d366,1017,0,1,1
0,2,1,0,11,0.021525545000258717,0.015446999999999999,0.00579,55103488,NA,NA,NA,NA,NA,NA,NA,NA,14928,5066,257,64,9655be68483f45304d566dfb3dc63ba1458a5653029061a6b60617464768d366,998,0,1,1
0,2,0,1,4,0.024165126000298187,0.017961999999999999,0.0058969999999999995,55480320,NA,NA,NA,NA,NA,NA,NA,NA,22160,6529,133,1,3ac5102c6f2bc513eb86f2343729d5f51295afd9e738a690903fa32334fb4c28,994,0,1,0
0,2,1,0,4,0.036692657000457984,0.033336999999999999,0.0030349999999999999,54947840,NA,NA,NA,NA,NA,NA,NA,NA,22160,6529,133,1,3ac5102c6f2bc513eb86f2343729d5f51295afd9e738a690903fa32334fb4c28,1000,0,1,0
0,3,0,0,17,0.04220158800126228,0.034576999999999997,0.0068959999999999994,65388544,NA,NA,NA,NA,NA,NA,NA,NA,127800,29499,417,8,cf7b13a857f01f4a14779c4cf8ec5e795ca6dd011a53f4345643bcaf3709f18a,1002,0,1,4
0,3,1,1,17,0.037456386000485509,0.034070999999999997,0.003003,66498560,NA,NA,NA,NA,NA,NA,NA,NA,127800,29499,417,8,cf7b13a857f01f4a14779c4cf8ec5e795ca6dd011a53f4345643bcaf3709f18a,561,0,1,0
0,3,0,0,21,0.038324051000017789,0.030721999999999999,0.0071649999999999995,82857984,NA,NA,NA,NA,NA,NA,NA,NA,277920,89118,2402,8,089ec4ce05f5e4d43e3e352375117ee462b31249b272f87015d01ad0429bd7f9,574,0,1,5
0,3,1,1,21,0.056398220000119181,0.046232999999999996,0.0088329999999999988,83406848,NA,NA,NA,NA,NA,NA,NA,NA,277920,89118,2402,8,089ec4ce05f5e4d43e3e352375117ee462b31249b272f87015d01ad0429bd7f9,1018,0,1,10
0,3,0,1,7,0.023982871000043815,0.020593999999999998,0.0030629999999999998,56176640,NA,NA,NA,NA,NA,NA,NA,NA,17504,6529,133,1,5e7e7625c8b52e7a71d9370c6c8ab5025ac2b81f4970efe917952ec17c538f1c,557,0,1,7
0,3,1,0,7,0.024833434001266141,0.019562,0.0048700000000000002,54972416,NA,NA,NA,NA,NA,NA,NA,NA,17504,6529,133,1,5e7e7625c8b52e7a71d9370c6c8ab5025ac2b81f4970efe917952ec17c538f1c,999,0,1,11
0,3,0,0,1,0.022947747000216623,0.015681999999999998,0.0068669999999999998,53223424,NA,NA,NA,NA,NA,NA,NA,NA,2056,136,5,1,6b21b079ef6f8f7f055926600e53b906dd7be041e021dd2791b7aa8c55e24585,557,0,1,8
0,3,1,1,1,0.024067534001005697,0.018734999999999998,0.0049179999999999996,53727232,NA,NA,NA,NA,NA,NA,NA,NA,2056,136,5,1,6b21b079ef6f8f7f055926600e53b906dd7be041e021dd2791b7aa8c55e24585,998,0,1,9
0,3,0,0,23,0.044650615000136895,0.035392,0.0088450000000000004,82673664,NA,NA,NA,NA,NA,NA,NA,NA,180960,89118,2402,8,46606a158b66af8518456db0739cae64d8d2e5f9a80404e15ddbb91810d3af0d,1019,0,1,8
0,3,1,1,23,0.043750693001129548,0.035257999999999998,0.0080489999999999989,83288064,NA,NA,NA,NA,NA,NA,NA,NA,180960,89118,2402,8,46606a158b66af8518456db0739cae64d8d2e5f9a80404e15ddbb91810d3af0d,567,0,1,9
0,3,0,1,5,0.035651459000291652,0.026231999999999998,0.0087159999999999998,55971840,NA,NA,NA,NA,NA,NA,NA,NA,25888,6529,133,1,6cbbbbf695d9298d218c01af658d12c9a04646e608628360a5a03df9e71e6d9c,1004,0,1,3
0,3,1,0,5,0.031547671000225819,0.024867999999999998,0.0059719999999999999,54943744,NA,NA,NA,NA,NA,NA,NA,NA,25888,6529,133,1,6cbbbbf695d9298d218c01af658d12c9a04646e608628360a5a03df9e71e6d9c,997,0,1,5
0,3,0,1,16,0.040123800999936066,0.030851,0.008914,66318336,NA,NA,NA,NA,NA,NA,NA,NA,136888,29499,417,8,af3bdbbd0003d101664215b713d407f2160931601787a4fad2f046110caa3e72,1003,0,1,1
0,3,1,0,16,0.041766407000977779,0.037350999999999995,0.0040369999999999998,65519616,NA,NA,NA,NA,NA,NA,NA,NA,136888,29499,417,8,af3bdbbd0003d101664215b713d407f2160931601787a4fad2f046110caa3e72,1006,0,1,1
0,3,0,0,3,0.027352655000868253,0.021967,0.004993,53022720,NA,NA,NA,NA,NA,NA,NA,NA,2008,136,5,1,8210b4f6eac12a20575e673437437e82cfff653da437ea17992a3aed56a99207,1003,0,1,1
0,3,1,1,3,0.025727730000653537,0.017552999999999999,0.0077709999999999993,54124544,NA,NA,NA,NA,NA,NA,NA,NA,2008,136,5,1,8210b4f6eac12a20575e673437437e82cfff653da437ea17992a3aed56a99207,1004,0,1,1
0,3,0,0,10,0.026853505001781741,0.021520999999999998,0.0048859999999999997,55431168,NA,NA,NA,NA,NA,NA,NA,NA,14928,5066,257,64,9655be68483f45304d566dfb3dc63ba1458a5653029061a6b60617464768d366,561,0,1,8
0,3,1,1,10,0.026686082999731298,0.021349,0.0050629999999999998,56020992,NA,NA,NA,NA,NA,NA,NA,NA,14928,5066,257,64,9655be68483f45304d566dfb3dc63ba1458a5653029061a6b60617464768d366,1006,0,1,0
0,3,0,0,11,0.027130235999720753,0.019873999999999999,0.0069559999999999995,55189504,NA,NA,NA,NA,NA,NA,NA,NA,14928,5066,257,64,9655be68483f45304d566dfb3dc63ba1458a5653029061a6b60617464768d366,998,0,1,0
0,3,1,1,11,0.026907658999334672,0.021679,0.0049239999999999996,55779328,NA,NA,NA,NA,NA,NA,NA,NA,14928,5066,257,64,9655be68483f45304d566dfb3dc63ba1458a5653029061a6b60617464768d366,1000,0,1,0
0,3,0,1,9,0.025984353000239935,0.020521999999999999,0.0050989999999999994,56344576,NA,NA,NA,NA,NA,NA,NA,NA,20048,5066,257,64,d8d78f7bb977c6f730c6b5cdfaa88bed294d141a9777385856f783cc112e0874,562,0,1,0
0,3,1,0,9,0.02622711399999389,0.022922999999999999,0.0029909999999999997,55308288,NA,NA,NA,NA,NA,NA,NA,NA,20048,5066,257,64,d8d78f7bb977c6f730c6b5cdfaa88bed294d141a9777385856f783cc112e0874,1007,0,1,1
0,3,0,1,15,0.025827219000348123,0.019518999999999998,0.005842,58032128,NA,NA,NA,NA,NA,NA,NA,NA,32824,35142,517,1,5a24ee2382083ee5d5eb9b364e57818da3678644deec6a705c5878fcd40e5876,552,0,1,1
0,3,1,0,15,0.026687019999371842,0.022310999999999998,0.0040549999999999996,57810944,NA,NA,NA,NA,NA,NA,NA,NA,32824,35142,517,1,5a24ee2382083ee5d5eb9b364e57818da3678644deec6a705c5878fcd40e5876,561,0,1,2
0,3,0,1,12,0.028486127999713062,0.022109999999999998,0.0060019999999999995,58241024,NA,NA,NA,NA,NA,NA,NA,NA,40904,35142,517,1,5c836afd34e5659fc140fff27358a40506e741bf81aa02c58678151e3747eac9,561,0,1,6
0,3,1,0,12,0.029943335999632836,0.025495,0.0039129999999999998,57348096,NA,NA,NA,NA,NA,NA,NA,NA,40904,35142,517,1,5c836afd34e5659fc140fff27358a40506e741bf81aa02c58678151e3747eac9,553,0,1,8
0,3,0,1,2,0.024358061000384623,0.018048999999999999,0.0060139999999999994,54235136,NA,NA,NA,NA,NA,NA,NA,NA,2008,136,5,1,8210b4f6eac12a20575e673437437e82cfff653da437ea17992a3aed56a99207,558,0,1,0
0,3,1,0,2,0.026042853000035393,0.018810999999999998,0.0069229999999999995,53166080,NA,NA,NA,NA,NA,NA,NA,NA,2008,136,5,1,8210b4f6eac12a20575e673437437e82cfff653da437ea17992a3aed56a99207,999,0,1,0
0,3,0,1,14,0.026607459998558625,0.022380000000000001,0.0038959999999999997,58212352,NA,NA,NA,NA,NA,NA,NA,NA,32824,35142,517,1,5a24ee2382083ee5d5eb9b364e57818da3678644deec6a705c5878fcd40e5876,1005,0,1,1
0,3,1,0,14,0.026049686000988004,0.020577999999999999,0.0051199999999999996,57114624,NA,NA,NA,NA,NA,NA,NA,NA,32824,35142,517,1,5a24ee2382083ee5d5eb9b364e57818da3678644deec6a705c5878fcd40e5876,1001,0,1,1
0,3,0,0,0,0.024082312998871203,0.017828,0.0059410000000000001,53129216,NA,NA,NA,NA,NA,NA,NA,NA,2008,136,5,1,a8c1633e798ef980493443e67e6fdb6eada42f775edf7051d304d09c3ddadf5a,557,0,1,2
0,3,1,1,0,0.024212169999373145,0.017953,0.005973,53645312,NA,NA,NA,NA,NA,NA,NA,NA,2008,136,5,1,a8c1633e798ef980493443e67e6fdb6eada42f775edf7051d304d09c3ddadf5a,1000,0,1,1
0,3,0,0,20,0.056128971000362071,0.048722999999999995,0.0069409999999999993,82538496,NA,NA,NA,NA,NA,NA,NA,NA,220064,89118,2402,8,9bed9a0bde0e198846d4983ba78bcd51e5e45d614941dd9bc544c1667832b5ea,572,0,1,5
0,3,1,1,20,0.056511363000026904,0.045935999999999998,0.0099909999999999999,82857984,NA,NA,NA,NA,NA,NA,NA,NA,220064,89118,2402,8,9bed9a0bde0e198846d4983ba78bcd51e5e45d614941dd9bc544c1667832b5ea,1010,0,1,7
0,3,0,0,6,0.027219561001402326,0.021825999999999998,0.0049619999999999994,55435264,NA,NA,NA,NA,NA,NA,NA,NA,17504,6529,133,1,5e7e7625c8b52e7a71d9370c6c8ab5025ac2b81f4970efe917952ec17c538f1c,555,0,1,2
0,3,1,1,6,0.028319811999608646,0.022525999999999997,0.0050689999999999997,56442880,NA,NA,NA,NA,NA,NA,NA,NA,17504,6529,133,1,5e7e7625c8b52e7a71d9370c6c8ab5025ac2b81f4970efe917952ec17c538f1c,560,0,1,4
0,3,0,0,4,0.030946275999667705,0.025457,0.0050879999999999996,55115776,NA,NA,NA,NA,NA,NA,NA,NA,22160,6529,133,1,3ac5102c6f2bc513eb86f2343729d5f51295afd9e738a690903fa32334fb4c28,1000,0,1,0
0,3,1,1,4,0.030513136000081431,0.024042999999999998,0.0060049999999999999,55771136,NA,NA,NA,NA,NA,NA,NA,NA,22160,6529,133,1,3ac5102c6f2bc513eb86f2343729d5f51295afd9e738a690903fa32334fb4c28,1000,0,1,0
0,3,0,1,8,0.031815787000596174,0.023477999999999999,0.0078130000000000005,55853056,NA,NA,NA,NA,NA,NA,NA,NA,13904,5066,257,64,f70f03940df99c8ce0b0b02082129e05360030bd32e6edc5877c0f69a31bb0a4,1005,0,1,1
0,3,1,0,8,0.027982825000435696,0.022432999999999998,0.0050980000000000001,55099392,NA,NA,NA,NA,NA,NA,NA,NA,13904,5066,257,64,f70f03940df99c8ce0b0b02082129e05360030bd32e6edc5877c0f69a31bb0a4,1002,0,1,1
0,3,0,0,19,0.032437358999231947,0.025026,0.0069759999999999996,65908736,NA,NA,NA,NA,NA,NA,NA,NA,94392,29499,417,8,ec97d55cded7bb1cbf8e12495905cb68073380af6a6370282abb8f233d21e857,565,0,1,1
0,3,1,1,19,0.031372175000797142,0.022938999999999998,0.0079659999999999991,66510848,NA,NA,NA,NA,NA,NA,NA,NA,94392,29499,417,8,ec97d55cded7bb1cbf8e12495905cb68073380af6a6370282abb8f233d21e857,1039,0,1,1
0,3,0,1,18,0.030672065000544535,0.026159999999999999,0.0040070000000000001,66654208,NA,NA,NA,NA,NA,NA,NA,NA,94392,29499,417,8,ec97d55cded7bb1cbf8e12495905cb68073380af6a6370282abb8f233d21e857,562,0,1,7
0,3,1,0,18,0.031206218000079389,0.025644,0.0050729999999999994,66060288,NA,NA,NA,NA,NA,NA,NA,NA,94392,29499,417,8,ec97d55cded7bb1cbf8e12495905cb68073380af6a6370282abb8f233d21e857,567,0,1,0
0,3,0,0,13,0.026561418000710546,0.022178,0.003999,57262080,NA,NA,NA,NA,NA,NA,NA,NA,41016,35142,517,1,662bf8c3f785828e59b2e955c5f9255272bd2640c5dd7e9c2804e24f24350bdf,1001,0,1,1
0,3,1,1,13,0.025485859001491917,0.017061,0.007986,57675776,NA,NA,NA,NA,NA,NA,NA,NA,41016,35142,517,1,662bf8c3f785828e59b2e955c5f9255272bd2640c5dd7e9c2804e24f24350bdf,995,0,1,1
0,3,0,0,22,0.039229317999343039,0.034699000000000001,0.0040769999999999999,82571264,NA,NA,NA,NA,NA,NA,NA,NA,180960,89118,2402,8,46606a158b66af8518456db0739cae64d8d2e5f9a80404e15ddbb91810d3af0d,569,0,1,1
0,3,1,1,22,0.040345043998968322,0.030988999999999999,0.0089529999999999992,83480576,NA,NA,NA,NA,NA,NA,NA,NA,180960,89118,2402,8,46606a158b66af8518456db0739cae64d8d2e5f9a80404e15ddbb91810d3af0d,1019,0,1,1
0,4,0,1,13,0.024352240998268826,0.017059999999999999,0.0070079999999999995,58028032,NA,NA,NA,NA,NA,NA,NA,NA,41016,35142,517,1,662bf8c3f785828e59b2e955c5f9255272bd2640c5dd7e9c2804e24f24350bdf,552,0,1,0
0,4,1,0,13,0.025485006999588222,0.019323999999999997,0.0057939999999999997,57315328,NA,NA,NA,NA,NA,NA,NA,NA,41016,35142,517,1,662bf8c3f785828e59b2e955c5f9255272bd2640c5dd7e9c2804e24f24350bdf,1012,0,1,2
0,4,0,1,23,0.042261794000296504,0.033760999999999999,0.0079740000000000002,83066880,NA,NA,NA,NA,NA,NA,NA,NA,180960,89118,2402,8,46606a158b66af8518456db0739cae64d8d2e5f9a80404e15ddbb91810d3af0d,1013,0,1,2
0,4,1,0,23,0.04282221399989794,0.034312999999999996,0.0080439999999999991,82714624,NA,NA,NA,NA,NA,NA,NA,NA,180960,89118,2402,8,46606a158b66af8518456db0739cae64d8d2e5f9a80404e15ddbb91810d3af0d,1020,0,1,7
0,4,0,0,1,0.022856532999867341,0.020348999999999999,0.002036,53219328,NA,NA,NA,NA,NA,NA,NA,NA,2056,136,5,1,6b21b079ef6f8f7f055926600e53b906dd7be041e021dd2791b7aa8c55e24585,548,0,1,8
0,4,1,1,1,0.022767487000237452,0.017221,0.0050549999999999996,54272000,NA,NA,NA,NA,NA,NA,NA,NA,2056,136,5,1,6b21b079ef6f8f7f055926600e53b906dd7be041e021dd2791b7aa8c55e24585,558,0,1,8
0,4,0,1,12,0.027540238999790745,0.020052999999999998,0.0070099999999999997,57974784,NA,NA,NA,NA,NA,NA,NA,NA,40904,35142,517,1,5c836afd34e5659fc140fff27358a40506e741bf81aa02c58678151e3747eac9,1033,0,1,10
0,4,1,0,12,0.027390397999624838,0.020982999999999998,0.0059439999999999996,57393152,NA,NA,NA,NA,NA,NA,NA,NA,40904,35142,517,1,5c836afd34e5659fc140fff27358a40506e741bf81aa02c58678151e3747eac9,555,0,1,8
0,4,0,0,4,0.028585349999048049,0.019387999999999999,0.0086940000000000003,54910976,NA,NA,NA,NA,NA,NA,NA,NA,22160,6529,133,1,3ac5102c6f2bc513eb86f2343729d5f51295afd9e738a690903fa32334fb4c28,1027,0,1,10
0,4,1,1,4,0.027603036998698371,0.022064,0.0050000000000000001,55709696,NA,NA,NA,NA,NA,NA,NA,NA,22160,6529,133,1,3ac5102c6f2bc513eb86f2343729d5f51295afd9e738a690903fa32334fb4c28,999,0,1,8
0,4,0,0,10,0.02401982700030203,0.018453999999999998,0.005097,55328768,NA,NA,NA,NA,NA,NA,NA,NA,14928,5066,257,64,9655be68483f45304d566dfb3dc63ba1458a5653029061a6b60617464768d366,556,0,1,9
0,4,1,1,10,0.024415678000877961,0.020000999999999998,0.0040029999999999996,55697408,NA,NA,NA,NA,NA,NA,NA,NA,14928,5066,257,64,9655be68483f45304d566dfb3dc63ba1458a5653029061a6b60617464768d366,997,0,1,9
0,4,0,1,21,0.038732729000912514,0.031175999999999999,0.0070329999999999993,82927616,NA,NA,NA,NA,NA,NA,NA,NA,277920,89118,2402,8,089ec4ce05f5e4d43e3e352375117ee462b31249b272f87015d01ad0429bd7f9,1009,0,1,9
0,4,1,0,21,0.039081630000509904,0.031496999999999997,0.0070929999999999995,82415616,NA,NA,NA,NA,NA,NA,NA,NA,277920,89118,2402,8,089ec4ce05f5e4d43e3e352375117ee462b31249b272f87015d01ad0429bd7f9,1013,0,1,10
0,4,0,1,20,0.053350346999650355,0.04385,0.0089449999999999998,83152896,NA,NA,NA,NA,NA,NA,NA,NA,220064,89118,2402,8,9bed9a0bde0e198846d4983ba78bcd51e5e45d614941dd9bc544c1667832b5ea,1014,0,1,11
0,4,1,0,20,0.050997375999941141,0.041567,0.0089009999999999992,82812928,NA,NA,NA,NA,NA,NA,NA,NA,220064,89118,2402,8,9bed9a0bde0e198846d4983ba78bcd51e5e45d614941dd9bc544c1667832b5ea,574,0,1,13
0,4,0,1,3,0.025577515998520539,0.019037999999999999,0.0040029999999999996,53788672,NA,NA,NA,NA,NA,NA,NA,NA,2008,136,5,1,8210b4f6eac12a20575e673437437e82cfff653da437ea17992a3aed56a99207,1004,0,1,15
0,4,1,0,3,0.021992747999320272,0.01542,0.0061599999999999997,53518336,NA,NA,NA,NA,NA,NA,NA,NA,2008,136,5,1,8210b4f6eac12a20575e673437437e82cfff653da437ea17992a3aed56a99207,561,0,1,8
0,4,0,1,6,0.023564193001220701,0.017776,0.0052269999999999999,56029184,NA,NA,NA,NA,NA,NA,NA,NA,17504,6529,133,1,5e7e7625c8b52e7a71d9370c6c8ab5025ac2b81f4970efe917952ec17c538f1c,1001,0,1,8
0,4,1,0,6,0.023451253000530414,0.020014999999999998,0.0030069999999999997,55595008,NA,NA,NA,NA,NA,NA,NA,NA,17504,6529,133,1,5e7e7625c8b52e7a71d9370c6c8ab5025ac2b81f4970efe917952ec17c538f1c,558,0,1,8
0,4,0,0,19,0.029074258998662117,0.021634999999999998,0.0068729999999999998,65773568,NA,NA,NA,NA,NA,NA,NA,NA,94392,29499,417,8,ec97d55cded7bb1cbf8e12495905cb68073380af6a6370282abb8f233d21e857,1011,0,1,8
0,4,1,1,19,0.028586995000296156,0.021083999999999999,0.0070069999999999993,66379776,NA,NA,NA,NA,NA,NA,NA,NA,94392,29499,417,8,ec97d55cded7bb1cbf8e12495905cb68073380af6a6370282abb8f233d21e857,1005,0,1,8
0,4,0,1,7,0.023793214000761509,0.019264,0.0040569999999999998,56061952,NA,NA,NA,NA,NA,NA,NA,NA,17504,6529,133,1,5e7e7625c8b52e7a71d9370c6c8ab5025ac2b81f4970efe917952ec17c538f1c,1004,0,1,9
0,4,1,0,7,0.022938045000046259,0.017644,0.0049039999999999995,55623680,NA,NA,NA,NA,NA,NA,NA,NA,17504,6529,133,1,5e7e7625c8b52e7a71d9370c6c8ab5025ac2b81f4970efe917952ec17c538f1c,562,0,1,8
0,4,0,1,2,0.021416314999441965,0.015009999999999999,0.0059639999999999997,53501952,NA,NA,NA,NA,NA,NA,NA,NA,2008,136,5,1,8210b4f6eac12a20575e673437437e82cfff653da437ea17992a3aed56a99207,1009,0,1,8
0,4,1,0,2,0.02180294000027061,0.016452999999999999,0.0048259999999999996,52985856,NA,NA,NA,NA,NA,NA,NA,NA,2008,136,5,1,8210b4f6eac12a20575e673437437e82cfff653da437ea17992a3aed56a99207,996,0,1,5
0,4,0,0,0,0.023564560999147943,0.018453999999999998,0.0048430000000000001,52912128,NA,NA,NA,NA,NA,NA,NA,NA,2008,136,5,1,a8c1633e798ef980493443e67e6fdb6eada42f775edf7051d304d09c3ddadf5a,997,0,1,7
0,4,1,1,0,0.021651693001331296,0.014615,0.0068100000000000001,53530624,NA,NA,NA,NA,NA,NA,NA,NA,2008,136,5,1,a8c1633e798ef980493443e67e6fdb6eada42f775edf7051d304d09c3ddadf5a,994,0,1,0
0,4,0,0,15,0.024559251000027871,0.018221999999999999,0.0060499999999999998,57356288,NA,NA,NA,NA,NA,NA,NA,NA,32824,35142,517,1,5a24ee2382083ee5d5eb9b364e57818da3678644deec6a705c5878fcd40e5876,1045,0,1,6
0,4,1,1,15,0.023774934999892139,0.016666,0.0068100000000000001,58142720,NA,NA,NA,NA,NA,NA,NA,NA,32824,35142,517,1,5a24ee2382083ee5d5eb9b364e57818da3678644deec6a705c5878fcd40e5876,1007,0,1,7
0,4,0,1,16,0.033541938999405829,0.030112,0.0030149999999999999,66637824,NA,NA,NA,NA,NA,NA,NA,NA,136888,29499,417,8,af3bdbbd0003d101664215b713d407f2160931601787a4fad2f046110caa3e72,563,0,1,11
0,4,1,0,16,0.034592243999213679,0.030190999999999999,0.003999,65589248,NA,NA,NA,NA,NA,NA,NA,NA,136888,29499,417,8,af3bdbbd0003d101664215b713d407f2160931601787a4fad2f046110caa3e72,1001,0,1,11
0,4,0,0,5,0.023828739000236965,0.017732999999999999,0.0058639999999999994,55189504,NA,NA,NA,NA,NA,NA,NA,NA,25888,6529,133,1,6cbbbbf695d9298d218c01af658d12c9a04646e608628360a5a03df9e71e6d9c,1004,0,1,0
0,4,1,1,5,0.023534300999017432,0.016698999999999999,0.0065599999999999999,55611392,NA,NA,NA,NA,NA,NA,NA,NA,25888,6529,133,1,6cbbbbf695d9298d218c01af658d12c9a04646e608628360a5a03df9e71e6d9c,997,0,1,5
0,4,0,1,22,0.037590186000670656,0.031413999999999997,0.0058760000000000001,83554304,NA,NA,NA,NA,NA,NA,NA,NA,180960,89118,2402,8,46606a158b66af8518456db0739cae64d8d2e5f9a80404e15ddbb91810d3af0d,1043,0,1,0
0,4,1,0,22,0.037595071000396274,0.030168999999999998,0.0070359999999999997,82763776,NA,NA,NA,NA,NA,NA,NA,NA,180960,89118,2402,8,46606a158b66af8518456db0739cae64d8d2e5f9a80404e15ddbb91810d3af0d,571,0,1,2
0,4,0,0,17,0.029840511000656988,0.02366,0.0058839999999999995,65597440,NA,NA,NA,NA,NA,NA,NA,NA,127800,29499,417,8,cf7b13a857f01f4a14779c4cf8ec5e795ca6dd011a53f4345643bcaf3709f18a,1003,0,1,1
0,4,1,1,17,0.029203746000348474,0.024948999999999999,0.0039769999999999996,66506752,NA,NA,NA,NA,NA,NA,NA,NA,127800,29499,417,8,cf7b13a857f01f4a14779c4cf8ec5e795ca6dd011a53f4345643bcaf3709f18a,562,0,1,1
0,4,0,1,18,0.027870555999470525,0.02069,0.0068769999999999994,66486272,NA,NA,NA,NA,NA,NA,NA,NA,94392,29499,417,8,ec97d55cded7bb1cbf8e12495905cb68073380af6a6370282abb8f233d21e857,558,0,1,1
0,4,1,0,18,0.028176230000099167,0.02189,0.0059519999999999998,66023424,NA,NA,NA,NA,NA,NA,NA,NA,94392,29499,417,8,ec97d55cded7bb1cbf8e12495905cb68073380af6a6370282abb8f233d21e857,563,0,1,1
0,4,0,0,9,0.023504544000388705,0.019143999999999998,0.0040299999999999997,55001088,NA,NA,NA,NA,NA,NA,NA,NA,20048,5066,257,64,d8d78f7bb977c6f730c6b5cdfaa88bed294d141a9777385856f783cc112e0874,1002,0,1,1
0,4,1,1,9,0.023728574000415392,0.020375999999999998,0.0030639999999999999,55762944,NA,NA,NA,NA,NA,NA,NA,NA,20048,5066,257,64,d8d78f7bb977c6f730c6b5cdfaa88bed294d141a9777385856f783cc112e0874,996,0,1,2
0,4,0,1,14,0.02433659800044552,0.01686,0.0069419999999999994,58228736,NA,NA,NA,NA,NA,NA,NA,NA,32824,35142,517,1,5a24ee2382083ee5d5eb9b364e57818da3678644deec6a705c5878fcd40e5876,1006,0,1,1
0,4,1,0,14,0.024291753999932553,0.018027999999999999,0.0059979999999999999,57368576,NA,NA,NA,NA,NA,NA,NA,NA,32824,35142,517,1,5a24ee2382083ee5d5eb9b364e57818da3678644deec6a705c5878fcd40e5876,1035,0,1,1
0,4,0,0,8,0.024327721999725327,0.019029000000000001,0.0050079999999999994,55066624,NA,NA,NA,NA,NA,NA,NA,NA,13904,5066,257,64,f70f03940df99c8ce0b0b02082129e05360030bd32e6edc5877c0f69a31bb0a4,1003,0,1,1
0,4,1,1,8,0.023289190001378302,0.019022000000000001,0.0040089999999999995,55943168,NA,NA,NA,NA,NA,NA,NA,NA,13904,5066,257,64,f70f03940df99c8ce0b0b02082129e05360030bd32e6edc5877c0f69a31bb0a4,552,0,1,1
0,4,0,0,11,0.02335916499941959,0.014013999999999999,0.0090099999999999989,55599104,NA,NA,NA,NA,NA,NA,NA,NA,14928,5066,257,64,9655be68483f45304d566dfb3dc63ba1458a5653029061a6b60617464768d366,558,0,1,6
0,4,1,1,11,0.022701880998283741,0.017537999999999998,0.0048669999999999998,56508416,NA,NA,NA,NA,NA,NA,NA,NA,14928,5066,257,64,9655be68483f45304d566dfb3dc63ba1458a5653029061a6b60617464768d366,561,0,1,10
0,5,0,1,4,0.025767025999812176,0.020625999999999999,0.0048929999999999998,55767040,NA,NA,NA,NA,NA,NA,NA,NA,22160,6529,133,1,3ac5102c6f2bc513eb86f2343729d5f51295afd9e738a690903fa32334fb4c28,554,0,1,0
0,5,1,0,4,0.027285367999866139,0.021027000000000001,0.0059579999999999998,55173120,NA,NA,NA,NA,NA,NA,NA,NA,22160,6529,133,1,3ac5102c6f2bc513eb86f2343729d5f51295afd9e738a690903fa32334fb4c28,1029,0,1,0
0,5,0,0,22,0.037298597000699374,0.030970999999999999,0.0059670000000000001,82432000,NA,NA,NA,NA,NA,NA,NA,NA,180960,89118,2402,8,46606a158b66af8518456db0739cae64d8d2e5f9a80404e15ddbb91810d3af0d,1012,0,1,0
0,5,1,1,22,0.035705013000551844,0.029196,0.0060299999999999998,83148800,NA,NA,NA,NA,NA,NA,NA,NA,180960,89118,2402,8,46606a158b66af8518456db0739cae64d8d2e5f9a80404e15ddbb91810d3af0d,1010,0,1,2
0,5,0,1,8,0.02241554600004747,0.019130999999999999,0.003019,55959552,NA,NA,NA,NA,NA,NA,NA,NA,13904,5066,257,64,f70f03940df99c8ce0b0b02082129e05360030bd32e6edc5877c0f69a31bb0a4,557,0,1,6
0,5,1,0,8,0.023459521999029675,0.017121000000000001,0.006032,55115776,NA,NA,NA,NA,NA,NA,NA,NA,13904,5066,257,64,f70f03940df99c8ce0b0b02082129e05360030bd32e6edc5877c0f69a31bb0a4,1000,0,1,9
0,5,0,1,10,0.022283962000074098,0.017023,0.0049979999999999998,56008704,NA,NA,NA,NA,NA,NA,NA,NA,14928,5066,257,64,9655be68483f45304d566dfb3dc63ba1458a5653029061a6b60617464768d366,1004,0,1,3
0,5,1,0,10,0.022715323000738863,0.016201999999999998,0.0060769999999999999,55009280,NA,NA,NA,NA,NA,NA,NA,NA,14928,5066,257,64,9655be68483f45304d566dfb3dc63ba1458a5653029061a6b60617464768d366,996,0,1,6
0,5,0,0,20,0.04850985099983518,0.041095,0.0069879999999999994,82649088,NA,NA,NA,NA,NA,NA,NA,NA,220064,89118,2402,8,9bed9a0bde0e198846d4983ba78bcd51e5e45d614941dd9bc544c1667832b5ea,565,0,1,10
0,5,1,1,20,0.04812669700004335,0.041700000000000001,0.0059559999999999995,83279872,NA,NA,NA,NA,NA,NA,NA,NA,220064,89118,2402,8,9bed9a0bde0e198846d4983ba78bcd51e5e45d614941dd9bc544c1667832b5ea,572,0,2,0
0,5,0,0,12,0.025283693999881507,0.021965999999999999,0.0029919999999999999,57032704,NA,NA,NA,NA,NA,NA,NA,NA,40904,35142,517,1,5c836afd34e5659fc140fff27358a40506e741bf81aa02c58678151e3747eac9,999,0,1,0
0,5,1,1,12,0.024687555000127759,0.021326999999999999,0.003026,57819136,NA,NA,NA,NA,NA,NA,NA,NA,40904,35142,517,1,5c836afd34e5659fc140fff27358a40506e741bf81aa02c58678151e3747eac9,552,0,1,1
0,5,0,0,16,0.032856275000085589,0.024635999999999998,0.0078539999999999999,65429504,NA,NA,NA,NA,NA,NA,NA,NA,136888,29499,417,8,af3bdbbd0003d101664215b713d407f2160931601787a4fad2f046110caa3e72,1021,0,1,8
0,5,1,1,16,0.030673532999571762,0.02445,0.0058409999999999998,66588672,NA,NA,NA,NA,NA,NA,NA,NA,136888,29499,417,8,af3bdbbd0003d101664215b713d407f2160931601787a4fad2f046110caa3e72,560,0,1,8
0,5,0,1,15,0.021709612999984529,0.015514999999999999,0.0058209999999999998,58093568,NA,NA,NA,NA,NA,NA,NA,NA,32824,35142,517,1,5a24ee2382083ee5d5eb9b364e57818da3678644deec6a705c5878fcd40e5876,1003,0,2,9
0,5,1,0,15,0.025287698999818531,0.018995999999999999,0.0059839999999999997,57348096,NA,NA,NA,NA,NA,NA,NA,NA,32824,35142,517,1,5a24ee2382083ee5d5eb9b364e57818da3678644deec6a705c5878fcd40e5876,1006,0,1,9
0,5,0,0,2,0.042450029999599792,0.025628999999999999,0.0098539999999999999,52969472,NA,NA,NA,NA,NA,NA,NA,NA,2008,136,5,1,8210b4f6eac12a20575e673437437e82cfff653da437ea17992a3aed56a99207,1000,0,1,8
0,5,1,1,2,0.036645301001044572,0.030818999999999999,0.0049810000000000002,53792768,NA,NA,NA,NA,NA,NA,NA,NA,2008,136,5,1,8210b4f6eac12a20575e673437437e82cfff653da437ea17992a3aed56a99207,1001,0,1,4
0,5,0,0,3,0.029499432999728015,0.023885999999999998,0.004947,53407744,NA,NA,NA,NA,NA,NA,NA,NA,2008,136,5,1,8210b4f6eac12a20575e673437437e82cfff653da437ea17992a3aed56a99207,559,0,1,2
0,5,1,1,3,0.030197358999430435,0.023909,0.0059740000000000001,53870592,NA,NA,NA,NA,NA,NA,NA,NA,2008,136,5,1,8210b4f6eac12a20575e673437437e82cfff653da437ea17992a3aed56a99207,1002,0,1,0
0,5,0,0,14,0.034891307001089444,0.026577,0.0078719999999999988,57237504,NA,NA,NA,NA,NA,NA,NA,NA,32824,35142,517,1,5a24ee2382083ee5d5eb9b364e57818da3678644deec6a705c5878fcd40e5876,1002,0,1,2
0,5,1,1,14,0.027711996001016814,0.018252999999999998,0.0090959999999999999,57937920,NA,NA,NA,NA,NA,NA,NA,NA,32824,35142,517,1,5a24ee2382083ee5d5eb9b364e57818da3678644deec6a705c5878fcd40e5876,1002,0,1,0
0,5,0,1,0,0.026125164999029948,0.019768999999999998,0.0059179999999999996,53866496,NA,NA,NA,NA,NA,NA,NA,NA,2008,136,5,1,a8c1633e798ef980493443e67e6fdb6eada42f775edf7051d304d09c3ddadf5a,1004,0,1,0
0,5,1,0,0,0.026752808998935507,0.021356999999999998,0.0050679999999999996,52875264,NA,NA,NA,NA,NA,NA,NA,NA,2008,136,5,1,a8c1633e798ef980493443e67e6fdb6eada42f775edf7051d304d09c3ddadf5a,997,0,1,0
0,5,0,1,5,0.026733662998594809,0.020286999999999999,0.0060759999999999998,56025088,NA,NA,NA,NA,NA,NA,NA,NA,25888,6529,133,1,6cbbbbf695d9298d218c01af658d12c9a04646e608628360a5a03df9e71e6d9c,1001,0,1,1
0,5,1,0,5,0.027353750998372561,0.020959999999999999,0.0059939999999999993,55185408,NA,NA,NA,NA,NA,NA,NA,NA,25888,6529,133,1,6cbbbbf695d9298d218c01af658d12c9a04646e608628360a5a03df9e71e6d9c,1005,0,1,1
0,5,0,1,11,0.027359121000699815,0.020035000000000001,0.0069839999999999998,55963648,NA,NA,NA,NA,NA,NA,NA,NA,14928,5066,257,64,9655be68483f45304d566dfb3dc63ba1458a5653029061a6b60617464768d366,1046,0,1,0
0,5,1,0,11,0.027355808999345754,0.020993999999999999,0.0060049999999999999,55107584,NA,NA,NA,NA,NA,NA,NA,NA,14928,5066,257,64,9655be68483f45304d566dfb3dc63ba1458a5653029061a6b60617464768d366,1002,0,1,1
0,5,0,0,21,0.040962879000289831,0.033493999999999996,0.0070469999999999994,82493440,NA,NA,NA,NA,NA,NA,NA,NA,277920,89118,2402,8,089ec4ce05f5e4d43e3e352375117ee462b31249b272f87015d01ad0429bd7f9,1014,0,1,1
0,5,1,1,21,0.040119235000020126,0.031739999999999997,0.0079279999999999993,83419136,NA,NA,NA,NA,NA,NA,NA,NA,277920,89118,2402,8,089ec4ce05f5e4d43e3e352375117ee462b31249b272f87015d01ad0429bd7f9,570,0,1,2
0,5,0,1,17,0.03204785600064497,0.022779999999999998,0.0088659999999999989,66629632,NA,NA,NA,NA,NA,NA,NA,NA,127800,29499,417,8,cf7b13a857f01f4a14779c4cf8ec5e795ca6dd011a53f4345643bcaf3709f18a,563,0,1,1
0,5,1,0,17,0.032465361000504345,0.025089999999999998,0.0069839999999999998,65679360,NA,NA,NA,NA,NA,NA,NA,NA,127800,29499,417,8,cf7b13a857f01f4a14779c4cf8ec5e795ca6dd011a53f4345643bcaf3709f18a,1009,0,1,2
0,5,0,1,1,0.022655549000774045,0.017176,0.0050599999999999994,54059008,NA,NA,NA,NA,NA,NA,NA,NA,2056,136,5,1,6b21b079ef6f8f7f055926600e53b906dd7be041e021dd2791b7aa8c55e24585,559,0,1,7
0,5,1,0,1,0.022932101999685983,0.019736999999999998,0.0029589999999999998,53071872,NA,NA,NA,NA,NA,NA,NA,NA,2056,136,5,1,6b21b079ef6f8f7f055926600e53b906dd7be041e021dd2791b7aa8c55e24585,549,0,1,0
0,5,0,0,13,0.025199813000654103,0.018896,0.005947,57110528,NA,NA,NA,NA,NA,NA,NA,NA,41016,35142,517,1,662bf8c3f785828e59b2e955c5f9255272bd2640c5dd7e9c2804e24f24350bdf,998,0,1,7
0,5,1,1,13,0.02472612199926516,0.018314999999999998,0.0061079999999999997,58200064,NA,NA,NA,NA,NA,NA,NA,NA,41016,35142,517,1,662bf8c3f785828e59b2e955c5f9255272bd2640c5dd7e9c2804e24f24350bdf,1006,0,1,0
0,5,0,0,7,0.024174059999495512,0.021715999999999999,0.002065,55537664,NA,NA,NA,NA,NA,NA,NA,NA,17504,6529,133,1,5e7e7625c8b52e7a71d9370c6c8ab5025ac2b81f4970efe917952ec17c538f1c,558,0,1,1
0,5,1,1,7,0.025192981000145664,0.016933,0.0079679999999999994,55549952,NA,NA,NA,NA,NA,NA,NA,NA,17504,6529,133,1,5e7e7625c8b52e7a71d9370c6c8ab5025ac2b81f4970efe917952ec17c538f1c,996,0,1,7
0,5,0,0,6,0.024887393999961205,0.019458,0.0050929999999999994,55242752,NA,NA,NA,NA,NA,NA,NA,NA,17504,6529,133,1,5e7e7625c8b52e7a71d9370c6c8ab5025ac2b81f4970efe917952ec17c538f1c,556,0,1,2
0,5,1,1,6,0.024115194999467349,0.019730999999999999,0.0039389999999999998,56381440,NA,NA,NA,NA,NA,NA,NA,NA,17504,6529,133,1,5e7e7625c8b52e7a71d9370c6c8ab5025ac2b81f4970efe917952ec17c538f1c,561,0,1,2
0,5,0,0,18,0.029796327000440215,0.024372999999999999,0.0050530000000000002,65511424,NA,NA,NA,NA,NA,NA,NA,NA,94392,29499,417,8,ec97d55cded7bb1cbf8e12495905cb68073380af6a6370282abb8f233d21e857,1005,0,1,1
0,5,1,1,18,0.028414570000677486,0.021967999999999998,0.0059930000000000001,66662400,NA,NA,NA,NA,NA,NA,NA,NA,94392,29499,417,8,ec97d55cded7bb1cbf8e12495905cb68073380af6a6370282abb8f233d21e857,1011,0,2,1
0,5,0,1,19,0.028360964000967215,0.020004999999999998,0.0079829999999999988,66707456,NA,NA,NA,NA,NA,NA,NA,NA,94392,29499,417,8,ec97d55cded7bb1cbf8e12495905cb68073380af6a6370282abb8f233d21e857,1010,0,1,8
0,5,1,0,19,0.028057088000423391,0.023757999999999998,0.0039220000000000001,66166784,NA,NA,NA,NA,NA,NA,NA,NA,94392,29499,417,8,ec97d55cded7bb1cbf8e12495905cb68073380af6a6370282abb8f233d21e857,567,0,1,10
0,5,0,1,9,0.023870207000072696,0.018565999999999999,0.0048899999999999994,55578624,NA,NA,NA,NA,NA,NA,NA,NA,20048,5066,257,64,d8d78f7bb977c6f730c6b5cdfaa88bed294d141a9777385856f783cc112e0874,997,0,1,9
0,5,1,0,9,0.023073917000147048,0.015785,0.0068839999999999995,55238656,NA,NA,NA,NA,NA,NA,NA,NA,20048,5066,257,64,d8d78f7bb977c6f730c6b5cdfaa88bed294d141a9777385856f783cc112e0874,550,0,1,0
0,5,0,0,23,0.040947274999780348,0.033673999999999996,0.0069129999999999999,82661376,NA,NA,NA,NA,NA,NA,NA,NA,180960,89118,2402,8,46606a158b66af8518456db0739cae64d8d2e5f9a80404e15ddbb91810d3af0d,1057,0,1,9
0,5,1,1,23,0.039504346999819973,0.034041000000000002,0.0050139999999999994,83668992,NA,NA,NA,NA,NA,NA,NA,NA,180960,89118,2402,8,46606a158b66af8518456db0739cae64d8d2e5f9a80404e15ddbb91810d3af0d,576,0,1,12
0,6,0,0,3,0.021639180000420311,0.01644,0.0048300000000000001,52772864,NA,NA,NA,NA,NA,NA,NA,NA,2008,136,5,1,8210b4f6eac12a20575e673437437e82cfff653da437ea17992a3aed56a99207,995,0,1,9
0,6,1,1,3,0.021451585998875089,0.018134999999999998,0.0029640000000000001,53739520,NA,NA,NA,NA,NA,NA,NA,NA,2008,136,5,1,8210b4f6eac12a20575e673437437e82cfff653da437ea17992a3aed56a99207,1001,0,1,0
0,6,0,1,15,0.021952593000605702,0.017665,0.0039280000000000001,58093568,NA,NA,NA,NA,NA,NA,NA,NA,32824,35142,517,1,5a24ee2382083ee5d5eb9b364e57818da3678644deec6a705c5878fcd40e5876,555,0,1,7
0,6,1,0,15,0.02338150400100858,0.01804,0.0050039999999999998,56954880,NA,NA,NA,NA,NA,NA,NA,NA,32824,35142,517,1,5a24ee2382083ee5d5eb9b364e57818da3678644deec6a705c5878fcd40e5876,998,0,1,0
0,6,0,1,2,0.020565310000165482,0.014466,0.0057710000000000001,53723136,NA,NA,NA,NA,NA,NA,NA,NA,2008,136,5,1,8210b4f6eac12a20575e673437437e82cfff653da437ea17992a3aed56a99207,553,0,1,6
0,6,1,0,2,0.021686283000235562,0.015139999999999999,0.0056679999999999994,53084160,NA,NA,NA,NA,NA,NA,NA,NA,2008,136,5,1,8210b4f6eac12a20575e673437437e82cfff653da437ea17992a3aed56a99207,554,0,1,15
0,6,0,0,6,0.022764572999221855,0.014966,0.0068599999999999998,55173120,NA,NA,NA,NA,NA,NA,NA,NA,17504,6529,133,1,5e7e7625c8b52e7a71d9370c6c8ab5025ac2b81f4970efe917952ec17c538f1c,553,0,1,16
0,6,1,1,6,0.022734915000910405,0.017573999999999999,0.0048599999999999997,55615488,NA,NA,NA,NA,NA,NA,NA,NA,17504,6529,133,1,5e7e7625c8b52e7a71d9370c6c8ab5025ac2b81f4970efe917952ec17c538f1c,998,0,1,2
0,6,0,1,11,0.022948283000005176,0.01516,0.0070060000000000001,55951360,NA,NA,NA,NA,NA,NA,NA,NA,14928,5066,257,64,9655be68483f45304d566dfb3dc63ba1458a5653029061a6b60617464768d366,1004,0,1,13
0,6,1,0,11,0.023191214000689797,0.016508999999999999,0.0058529999999999997,55300096,NA,NA,NA,NA,NA,NA,NA,NA,14928,5066,257,64,9655be68483f45304d566dfb3dc63ba1458a5653029061a6b60617464768d366,1005,0,1,17
0,6,0,0,5,0.022650801000054344,0.015498999999999999,0.0067710000000000001,55136256,NA,NA,NA,NA,NA,NA,NA,NA,25888,6529,133,1,6cbbbbf695d9298d218c01af658d12c9a04646e608628360a5a03df9e71e6d9c,1001,0,1,4
0,6,1,1,5,0.023053315999277402,0.017624999999999998,0.005182,55627776,NA,NA,NA,NA,NA,NA,NA,NA,25888,6529,133,1,6cbbbbf695d9298d218c01af658d12c9a04646e608628360a5a03df9e71e6d9c,997,0,1,0
0,6,0,1,9,0.023482586999307387,0.016410000000000001,0.0067539999999999996,55611392,NA,NA,NA,NA,NA,NA,NA,NA,20048,5066,257,64,d8d78f7bb977c6f730c6b5cdfaa88bed294d141a9777385856f783cc112e0874,998,0,1,1
0,6,1,0,9,0.02710762799870281,0.016795000000000001,0.0087349999999999997,54784000,NA,NA,NA,NA,NA,NA,NA,NA,20048,5066,257,64,d8d78f7bb977c6f730c6b5cdfaa88bed294d141a9777385856f783cc112e0874,999,0,1,13
0,6,0,1,7,0.025148531000013463,0.018408999999999998,0.005744,55762944,NA,NA,NA,NA,NA,NA,NA,NA,17504,6529,133,1,5e7e7625c8b52e7a71d9370c6c8ab5025ac2b81f4970efe917952ec17c538f1c,999,0,1,18
0,6,1,0,7,0.026240617999064852,0.017912000000000001,0.0078259999999999996,55111680,NA,NA,NA,NA,NA,NA,NA,NA,17504,6529,133,1,5e7e7625c8b52e7a71d9370c6c8ab5025ac2b81f4970efe917952ec17c538f1c,1004,0,1,3
0,6,0,0,14,0.026076534000821994,0.020649000000000001,0.0048709999999999995,57204736,NA,NA,NA,NA,NA,NA,NA,NA,32824,35142,517,1,5a24ee2382083ee5d5eb9b364e57818da3678644deec6a705c5878fcd40e5876,1002,0,1,13
0,6,1,1,14,0.026995648000593064,0.016546999999999999,0.0086789999999999992,57831424,NA,NA,NA,NA,NA,NA,NA,NA,32824,35142,517,1,5a24ee2382083ee5d5eb9b364e57818da3678644deec6a705c5878fcd40e5876,1017,0,1,17
0,6,0,0,16,0.039210618999277358,0.031642999999999998,0.005914,65900544,NA,NA,NA,NA,NA,NA,NA,NA,136888,29499,417,8,af3bdbbd0003d101664215b713d407f2160931601787a4fad2f046110caa3e72,565,0,2,25
0,6,1,1,16,0.039097438999306178,0.029534999999999999,0.0087910000000000002,66396160,NA,NA,NA,NA,NA,NA,NA,NA,136888,29499,417,8,af3bdbbd0003d101664215b713d407f2160931601787a4fad2f046110caa3e72,1009,0,1,10
0,6,0,0,20,0.058160884998869733,0.047713999999999999,0.009894,82812928,NA,NA,NA,NA,NA,NA,NA,NA,220064,89118,2402,8,9bed9a0bde0e198846d4983ba78bcd51e5e45d614941dd9bc544c1667832b5ea,574,0,1,1
0,6,1,1,20,0.063530788000207394,0.051989,0.010971,82862080,NA,NA,NA,NA,NA,NA,NA,NA,220064,89118,2402,8,9bed9a0bde0e198846d4983ba78bcd51e5e45d614941dd9bc544c1667832b5ea,1013,0,1,3
0,6,0,1,12,0.033353494000039063,0.023743999999999998,0.0088789999999999997,58171392,NA,NA,NA,NA,NA,NA,NA,NA,40904,35142,517,1,5c836afd34e5659fc140fff27358a40506e741bf81aa02c58678151e3747eac9,555,0,1,4
0,6,1,0,12,0.041512425001201336,0.033813999999999997,0.006084,57335808,NA,NA,NA,NA,NA,NA,NA,NA,40904,35142,517,1,5c836afd34e5659fc140fff27358a40506e741bf81aa02c58678151e3747eac9,556,0,1,21
0,6,0,1,21,0.055530240999360103,0.039784,0.011632,83165184,NA,NA,NA,NA,NA,NA,NA,NA,277920,89118,2402,8,089ec4ce05f5e4d43e3e352375117ee462b31249b272f87015d01ad0429bd7f9,1018,0,2,26
0,6,1,0,21,0.062233806998847285,0.047445000000000001,0.011837,82477056,NA,NA,NA,NA,NA,NA,NA,NA,277920,89118,2402,8,089ec4ce05f5e4d43e3e352375117ee462b31249b272f87015d01ad0429bd7f9,1012,0,1,37
0,6,0,1,22,0.056210426999314222,0.040683999999999998,0.01312,83324928,NA,NA,NA,NA,NA,NA,NA,NA,180960,89118,2402,8,46606a158b66af8518456db0739cae64d8d2e5f9a80404e15ddbb91810d3af0d,1018,0,1,40
0,6,1,0,22,0.056812881999576348,0.044343999999999995,0.0098700000000000003,82358272,NA,NA,NA,NA,NA,NA,NA,NA,180960,89118,2402,8,46606a158b66af8518456db0739cae64d8d2e5f9a80404e15ddbb91810d3af0d,1014,0,1,42
0,6,0,0,8,0.035250709999672836,0.027723999999999999,0.0069219999999999993,54824960,NA,NA,NA,NA,NA,NA,NA,NA,13904,5066,257,64,f70f03940df99c8ce0b0b02082129e05360030bd32e6edc5877c0f69a31bb0a4,1001,0,2,0
0,6,1,1,8,0.034623735000423039,0.023108999999999998,0.011013999999999999,55549952,NA,NA,NA,NA,NA,NA,NA,NA,13904,5066,257,64,f70f03940df99c8ce0b0b02082129e05360030bd32e6edc5877c0f69a31bb0a4,996,0,1,1
0,6,0,0,18,0.040946618999441853,0.032182999999999996,0.0080129999999999993,65646592,NA,NA,NA,NA,NA,NA,NA,NA,94392,29499,417,8,ec97d55cded7bb1cbf8e12495905cb68073380af6a6370282abb8f233d21e857,1007,0,2,2
0,6,1,1,18,0.039358994999929564,0.029942,0.0089350000000000002,66580480,NA,NA,NA,NA,NA,NA,NA,NA,94392,29499,417,8,ec97d55cded7bb1cbf8e12495905cb68073380af6a6370282abb8f233d21e857,556,0,1,1
0,6,0,0,19,0.040122558999428293,0.026893999999999998,0.011873,65552384,NA,NA,NA,NA,NA,NA,NA,NA,94392,29499,417,8,ec97d55cded7bb1cbf8e12495905cb68073380af6a6370282abb8f233d21e857,1005,0,1,18
0,6,1,1,19,0.03837807200034149,0.029037,0.0077579999999999993,66297856,NA,NA,NA,NA,NA,NA,NA,NA,94392,29499,417,8,ec97d55cded7bb1cbf8e12495905cb68073380af6a6370282abb8f233d21e857,1006,0,1,25
0,6,0,0,0,0.031055571998876985,0.022806999999999997,0.0070219999999999996,53022720,NA,NA,NA,NA,NA,NA,NA,NA,2008,136,5,1,a8c1633e798ef980493443e67e6fdb6eada42f775edf7051d304d09c3ddadf5a,1000,0,1,18
0,6,1,1,0,0.030283258000054047,0.01934,0.0095890000000000003,53727232,NA,NA,NA,NA,NA,NA,NA,NA,2008,136,5,1,a8c1633e798ef980493443e67e6fdb6eada42f775edf7051d304d09c3ddadf5a,998,0,1,0
0,6,0,0,23,0.053252944000632851,0.043396999999999998,0.0078169999999999993,82550784,NA,NA,NA,NA,NA,NA,NA,NA,180960,89118,2402,8,46606a158b66af8518456db0739cae64d8d2e5f9a80404e15ddbb91810d3af0d,1019,0,1,1
0,6,1,1,23,0.050242757999512833,0.039513,0.0088249999999999995,83693568,NA,NA,NA,NA,NA,NA,NA,NA,180960,89118,2402,8,46606a158b66af8518456db0739cae64d8d2e5f9a80404e15ddbb91810d3af0d,576,0,1,0
0,6,0,1,10,0.029563792999397265,0.022678999999999998,0.0056600000000000001,56279040,NA,NA,NA,NA,NA,NA,NA,NA,14928,5066,257,64,9655be68483f45304d566dfb3dc63ba1458a5653029061a6b60617464768d366,1046,0,1,3
0,6,1,0,10,0.028713499999867054,0.021457999999999998,0.0068089999999999999,55152640,NA,NA,NA,NA,NA,NA,NA,NA,14928,5066,257,64,9655be68483f45304d566dfb3dc63ba1458a5653029061a6b60617464768d366,1000,0,2,9
0,6,0,0,13,0.027508193999892683,0.021495999999999998,0.0050070000000000002,57503744,NA,NA,NA,NA,NA,NA,NA,NA,41016,35142,517,1,662bf8c3f785828e59b2e955c5f9255272bd2640c5dd7e9c2804e24f24350bdf,552,0,1,0
0,6,1,1,13,0.027912526000363869,0.020885000000000001,0.0059480000000000002,58150912,NA,NA,NA,NA,NA,NA,NA,NA,41016,35142,517,1,662bf8c3f785828e59b2e955c5f9255272bd2640c5dd7e9c2804e24f24350bdf,1002,0,1,1
0,6,0,0,4,0.032053451001047506,0.023526999999999999,0.007077,54996992,NA,NA,NA,NA,NA,NA,NA,NA,22160,6529,133,1,3ac5102c6f2bc513eb86f2343729d5f51295afd9e738a690903fa32334fb4c28,1000,0,1,1
0,6,1,1,4,0.030358990999957314,0.023526999999999999,0.0056930000000000001,56053760,NA,NA,NA,NA,NA,NA,NA,NA,22160,6529,133,1,3ac5102c6f2bc513eb86f2343729d5f51295afd9e738a690903fa32334fb4c28,556,0,1,2
0,6,0,0,17,0.032840316000147141,0.025751,0.0058560000000000001,65654784,NA,NA,NA,NA,NA,NA,NA,NA,127800,29499,417,8,cf7b13a857f01f4a14779c4cf8ec5e795ca6dd011a53f4345643bcaf3709f18a,558,0,1,3
0,6,1,1,17,0.03436516000147094,0.029623,0.0039490000000000003,66564096,NA,NA,NA,NA,NA,NA,NA,NA,127800,29499,417,8,cf7b13a857f01f4a14779c4cf8ec5e795ca6dd011a53f4345643bcaf3709f18a,561,0,1,6
0,6,0,1,1,0.027597338999839849,0.022534999999999999,0.0030729999999999998,53706752,NA,NA,NA,NA,NA,NA,NA,NA,2056,136,5,1,6b21b079ef6f8f7f055926600e53b906dd7be041e021dd2791b7aa8c55e24585,556,0,2,11
0,6,1,0,1,0.028711812999972608,0.018044999999999999,0.010012999999999999,53010432,NA,NA,NA,NA,NA,NA,NA,NA,2056,136,5,1,6b21b079ef6f8f7f055926600e53b906dd7be041e021dd2791b7aa8c55e24585,1042,0,1,4
0,7,0,1,8,0.029289371001141262,0.023951,0.0049839999999999997,55767040,NA,NA,NA,NA,NA,NA,NA,NA,13904,5066,257,64,f70f03940df99c8ce0b0b02082129e05360030bd32e6edc5877c0f69a31bb0a4,1016,0,1,0
0,7,1,0,8,0.029792004999762867,0.020487999999999999,0.0080719999999999993,54960128,NA,NA,NA,NA,NA,NA,NA,NA,13904,5066,257,64,f70f03940df99c8ce0b0b02082129e05360030bd32e6edc5877c0f69a31bb0a4,998,0,1,20
0,7,0,0,12,0.032595516999208485,0.024412,0.0069289999999999994,57479168,NA,NA,NA,NA,NA,NA,NA,NA,40904,35142,517,1,5c836afd34e5659fc140fff27358a40506e741bf81aa02c58678151e3747eac9,557,0,1,21
0,7,1,1,12,0.033049001000108547,0.026719,0.004986,58015744,NA,NA,NA,NA,NA,NA,NA,NA,40904,35142,517,1,5c836afd34e5659fc140fff27358a40506e741bf81aa02c58678151e3747eac9,558,0,1,22
0,7,0,1,17,0.038485107999804313,0.027612999999999999,0.0094409999999999997,66621440,NA,NA,NA,NA,NA,NA,NA,NA,127800,29499,417,8,cf7b13a857f01f4a14779c4cf8ec5e795ca6dd011a53f4345643bcaf3709f18a,560,0,1,26
0,7,1,0,17,0.037487947000045097,0.025776,0.010879,66265088,NA,NA,NA,NA,NA,NA,NA,NA,127800,29499,417,8,cf7b13a857f01f4a14779c4cf8ec5e795ca6dd011a53f4345643bcaf3709f18a,568,0,1,5
0,7,0,1,3,0.028880010999273509,0.023241999999999999,0.0050469999999999994,54202368,NA,NA,NA,NA,NA,NA,NA,NA,2008,136,5,1,8210b4f6eac12a20575e673437437e82cfff653da437ea17992a3aed56a99207,558,0,1,4
0,7,1,0,3,0.02945278200058965,0.019945999999999998,0.0089719999999999991,53084160,NA,NA,NA,NA,NA,NA,NA,NA,2008,136,5,1,8210b4f6eac12a20575e673437437e82cfff653da437ea17992a3aed56a99207,1004,0,1,3
0,7,0,1,6,0.030067222998695797,0.020716999999999999,0.008881,55631872,NA,NA,NA,NA,NA,NA,NA,NA,17504,6529,133,1,5e7e7625c8b52e7a71d9370c6c8ab5025ac2b81f4970efe917952ec17c538f1c,998,0,1,2
0,7,1,0,6,0.030102104999969015,0.019299999999999998,0.009384,55111680,NA,NA,NA,NA,NA,NA,NA,NA,17504,6529,133,1,5e7e7625c8b52e7a71d9370c6c8ab5025ac2b81f4970efe917952ec17c538f1c,997,0,1,1
0,7,0,0,22,0.047942749999492662,0.034473999999999998,0.011635999999999999,82571264,NA,NA,NA,NA,NA,NA,NA,NA,180960,89118,2402,8,46606a158b66af8518456db0739cae64d8d2e5f9a80404e15ddbb91810d3af0d,1028,0,1,1
0,7,1,1,22,0.047552556001392077,0.040063999999999995,0.0068629999999999993,82923520,NA,NA,NA,NA,NA,NA,NA,NA,180960,89118,2402,8,46606a158b66af8518456db0739cae64d8d2e5f9a80404e15ddbb91810d3af0d,1011,0,1,1
0,7,0,1,18,0.032797758998640347,0.025637,0.0058599999999999998,66527232,NA,NA,NA,NA,NA,NA,NA,NA,94392,29499,417,8,ec97d55cded7bb1cbf8e12495905cb68073380af6a6370282abb8f233d21e857,560,0,1,1
0,7,1,0,18,0.034112425000785151,0.026161999999999998,0.0067039999999999999,65773568,NA,NA,NA,NA,NA,NA,NA,NA,94392,29499,417,8,ec97d55cded7bb1cbf8e12495905cb68073380af6a6370282abb8f233d21e857,1009,0,1,1
0,7,0,0,10,0.027128318000904983,0.019296999999999998,0.0068739999999999999,55250944,NA,NA,NA,NA,NA,NA,NA,NA,14928,5066,257,64,9655be68483f45304d566dfb3dc63ba1458a5653029061a6b60617464768d366,553,0,1,3
0,7,1,1,10,0.027721939000912244,0.020695999999999999,0.0058950000000000001,56008704,NA,NA,NA,NA,NA,NA,NA,NA,14928,5066,257,64,9655be68483f45304d566dfb3dc63ba1458a5653029061a6b60617464768d366,1006,0,1,2
0,7,0,0,9,0.028195373999551521,0.017506999999999998,0.0095090000000000001,55037952,NA,NA,NA,NA,NA,NA,NA,NA,20048,5066,257,64,d8d78f7bb977c6f730c6b5cdfaa88bed294d141a9777385856f783cc112e0874,1002,0,1,1
0,7,1,1,9,0.027077860999270342,0.020382000000000001,0.0056549999999999994,56029184,NA,NA,NA,NA,NA,NA,NA,NA,20048,5066,257,64,d8d78f7bb977c6f730c6b5cdfaa88bed294d141a9777385856f783cc112e0874,1004,0,1,1
0,7,0,0,15,0.026609002999975928,0.019421999999999998,0.0067879999999999998,57249792,NA,NA,NA,NA,NA,NA,NA,NA,32824,35142,517,1,5a24ee2382083ee5d5eb9b364e57818da3678644deec6a705c5878fcd40e5876,1004,0,1,7
0,7,1,1,15,0.025880657000016072,0.020451,0.0050899999999999999,58626048,NA,NA,NA,NA,NA,NA,NA,NA,32824,35142,517,1,5a24ee2382083ee5d5eb9b364e57818da3678644deec6a705c5878fcd40e5876,561,0,1,0
0,7,0,0,11,0.026470418999451795,0.020121999999999998,0.0060409999999999995,55128064,NA,NA,NA,NA,NA,NA,NA,NA,14928,5066,257,64,9655be68483f45304d566dfb3dc63ba1458a5653029061a6b60617464768d366,1000,0,1,0
0,7,1,1,11,0.026154004999625613,0.019848999999999999,0.0059419999999999994,56164352,NA,NA,NA,NA,NA,NA,NA,NA,14928,5066,257,64,9655be68483f45304d566dfb3dc63ba1458a5653029061a6b60617464768d366,559,0,1,8
0,7,0,1,14,0.028807341999709024,0.020284999999999997,0.0080940000000000005,57892864,NA,NA,NA,NA,NA,NA,NA,NA,32824,35142,517,1,5a24ee2382083ee5d5eb9b364e57818da3678644deec6a705c5878fcd40e5876,998,0,1,11
0,7,1,0,14,0.028241940999578219,0.022872,0.0049619999999999994,57552896,NA,NA,NA,NA,NA,NA,NA,NA,32824,35142,517,1,5a24ee2382083ee5d5eb9b364e57818da3678644deec6a705c5878fcd40e5876,561,0,1,0
0,7,0,1,20,0.061468247999073355,0.053931,0.0069800000000000001,82878464,NA,NA,NA,NA,NA,NA,NA,NA,220064,89118,2402,8,9bed9a0bde0e198846d4983ba78bcd51e5e45d614941dd9bc544c1667832b5ea,1010,0,1,3
0,7,1,0,20,0.064918401998511399,0.056770999999999995,0.006979,82665472,NA,NA,NA,NA,NA,NA,NA,NA,220064,89118,2402,8,9bed9a0bde0e198846d4983ba78bcd51e5e45d614941dd9bc544c1667832b5ea,573,0,1,13
0,7,0,1,4,0.034389854001346976,0.024967,0.0079439999999999997,55611392,NA,NA,NA,NA,NA,NA,NA,NA,22160,6529,133,1,3ac5102c6f2bc513eb86f2343729d5f51295afd9e738a690903fa32334fb4c28,999,0,1,24
0,7,1,0,4,0.034588235001137946,0.028263999999999997,0.0048969999999999994,54951936,NA,NA,NA,NA,NA,NA,NA,NA,22160,6529,133,1,3ac5102c6f2bc513eb86f2343729d5f51295afd9e738a690903fa32334fb4c28,1000,0,1,22
0,7,0,1,5,0.029136483999536722,0.022931,0.0049589999999999999,55832576,NA,NA,NA,NA,NA,NA,NA,NA,25888,6529,133,1,6cbbbbf695d9298d218c01af658d12c9a04646e608628360a5a03df9e71e6d9c,553,0,1,20
0,7,1,0,5,0.029461505000654142,0.020475,0.0078539999999999999,55361536,NA,NA,NA,NA,NA,NA,NA,NA,25888,6529,133,1,6cbbbbf695d9298d218c01af658d12c9a04646e608628360a5a03df9e71e6d9c,557,0,1,18
0,7,0,1,0,0.028295075999267283,0.019451,0.0074899999999999993,53448704,NA,NA,NA,NA,NA,NA,NA,NA,2008,136,5,1,a8c1633e798ef980493443e67e6fdb6eada42f775edf7051d304d09c3ddadf5a,997,0,1,19
0,7,1,0,0,0.027957960001003812,0.020777999999999998,0.0059749999999999994,53133312,NA,NA,NA,NA,NA,NA,NA,NA,2008,136,5,1,a8c1633e798ef980493443e67e6fdb6eada42f775edf7051d304d09c3ddadf5a,555,0,1,17
0,7,0,1,19,0.033165439999720547,0.027703999999999999,0.0041339999999999997,66760704,NA,NA,NA,NA,NA,NA,NA,NA,94392,29499,417,8,ec97d55cded7bb1cbf8e12495905cb68073380af6a6370282abb8f233d21e857,566,0,1,21
0,7,1,0,19,0.034745085999020375,0.022452999999999997,0.010699,65617920,NA,NA,NA,NA,NA,NA,NA,NA,94392,29499,417,8,ec97d55cded7bb1cbf8e12495905cb68073380af6a6370282abb8f233d21e857,1006,0,1,27
0,7,0,0,1,0.026822660998732317,0.021766999999999998,0.0039740000000000001,53264384,NA,NA,NA,NA,NA,NA,NA,NA,2056,136,5,1,6b21b079ef6f8f7f055926600e53b906dd7be041e021dd2791b7aa8c55e24585,1004,0,1,18
0,7,1,1,1,0.026562873999864678,0.016969999999999999,0.0085459999999999998,53927936,NA,NA,NA,NA,NA,NA,NA,NA,2056,136,5,1,6b21b079ef6f8f7f055926600e53b906dd7be041e021dd2791b7aa8c55e24585,1001,0,1,17
0,7,0,1,13,0.027427551000073436,0.019254999999999998,0.0070729999999999994,58109952,NA,NA,NA,NA,NA,NA,NA,NA,41016,35142,517,1,662bf8c3f785828e59b2e955c5f9255272bd2640c5dd7e9c2804e24f24350bdf,554,0,1,17
0,7,1,0,13,0.027980371000012383,0.023906999999999998,0.0028639999999999998,57393152,NA,NA,NA,NA,NA,NA,NA,NA,41016,35142,517,1,662bf8c3f785828e59b2e955c5f9255272bd2640c5dd7e9c2804e24f24350bdf,554,0,1,20
0,7,0,1,23,0.046709352000107174,0.034068000000000001,0.011058999999999999,83263488,NA,NA,NA,NA,NA,NA,NA,NA,180960,89118,2402,8,46606a158b66af8518456db0739cae64d8d2e5f9a80404e15ddbb91810d3af0d,1015,0,1,29
0,7,1,0,23,0.046601320998888696,0.034631999999999996,0.010194999999999999,82481152,NA,NA,NA,NA,NA,NA,NA,NA,180960,89118,2402,8,46606a158b66af8518456db0739cae64d8d2e5f9a80404e15ddbb91810d3af0d,1014,0,1,30
0,7,0,0,7,0.027126115999635658,0.019214999999999999,0.007038,55332864,NA,NA,NA,NA,NA,NA,NA,NA,17504,6529,133,1,5e7e7625c8b52e7a71d9370c6c8ab5025ac2b81f4970efe917952ec17c538f1c,556,0,1,17
0,7,1,1,7,0.026903080999545637,0.019816,0.0058969999999999995,55951360,NA,NA,NA,NA,NA,NA,NA,NA,17504,6529,133,1,5e7e7625c8b52e7a71d9370c6c8ab5025ac2b81f4970efe917952ec17c538f1c,1042,0,1,0
0,7,0,0,2,0.025002080999911414,0.016802000000000001,0.0079069999999999991,53030912,NA,NA,NA,NA,NA,NA,NA,NA,2008,136,5,1,8210b4f6eac12a20575e673437437e82cfff653da437ea17992a3aed56a99207,1001,0,1,1
0,7,1,1,2,0.02506893000099808,0.018262999999999998,0.0057749999999999998,53850112,NA,NA,NA,NA,NA,NA,NA,NA,2008,136,5,1,8210b4f6eac12a20575e673437437e82cfff653da437ea17992a3aed56a99207,1001,0,1,0
0,7,0,1,16,0.038101996999102994,0.030543999999999998,0.0061249999999999994,66424832,NA,NA,NA,NA,NA,NA,NA,NA,136888,29499,417,8,af3bdbbd0003d101664215b713d407f2160931601787a4fad2f046110caa3e72,555,0,1,24
0,7,1,0,16,0.039346010000372189,0.026865,0.010888,65515520,NA,NA,NA,NA,NA,NA,NA,NA,136888,29499,417,8,af3bdbbd0003d101664215b713d407f2160931601787a4fad2f046110caa3e72,1005,0,1,27
0,7,0,0,21,0.041733783999006846,0.033362999999999997,0.0067539999999999996,82677760,NA,NA,NA,NA,NA,NA,NA,NA,277920,89118,2402,8,089ec4ce05f5e4d43e3e352375117ee462b31249b272f87015d01ad0429bd7f9,575,0,1,32
0,7,1,1,21,0.04350027700093051,0.033288999999999999,0.0097469999999999987,82931712,NA,NA,NA,NA,NA,NA,NA,NA,277920,89118,2402,8,089ec4ce05f5e4d43e3e352375117ee462b31249b272f87015d01ad0429bd7f9,1013,0,1,1
1,0,0,0,19,0.035256801000286941,0.027805,0.006927,66269184,NA,NA,NA,NA,NA,NA,NA,NA,94392,29499,417,8,ec97d55cded7bb1cbf8e12495905cb68073380af6a6370282abb8f233d21e857,568,0,1,1
1,0,1,1,19,0.034666333000131999,0.026190999999999999,0.0080199999999999994,66375680,NA,NA,NA,NA,NA,NA,NA,NA,94392,29499,417,8,ec97d55cded7bb1cbf8e12495905cb68073380af6a6370282abb8f233d21e857,1003,0,1,3
1,0,0,0,16,0.041280519999418175,0.031793000000000002,0.0089099999999999995,65769472,NA,NA,NA,NA,NA,NA,NA,NA,136888,29499,417,8,af3bdbbd0003d101664215b713d407f2160931601787a4fad2f046110caa3e72,560,0,1,11
1,0,1,1,16,0.04272777100050007,0.035270999999999997,0.0068279999999999999,66252800,NA,NA,NA,NA,NA,NA,NA,NA,136888,29499,417,8,af3bdbbd0003d101664215b713d407f2160931601787a4fad2f046110caa3e72,1007,0,1,4
1,0,0,1,7,0.028936803999386029,0.021299999999999999,0.0070910000000000001,56037376,NA,NA,NA,NA,NA,NA,NA,NA,17504,6529,133,1,5e7e7625c8b52e7a71d9370c6c8ab5025ac2b81f4970efe917952ec17c538f1c,1002,0,1,2
1,0,1,0,7,0.029304539000804652,0.024941999999999999,0.0039949999999999994,55123968,NA,NA,NA,NA,NA,NA,NA,NA,17504,6529,133,1,5e7e7625c8b52e7a71d9370c6c8ab5025ac2b81f4970efe917952ec17c538f1c,1021,0,1,0
1,0,0,0,2,0.028085642999940319,0.021596000000000001,0.005836,52727808,NA,NA,NA,NA,NA,NA,NA,NA,2008,136,5,1,8210b4f6eac12a20575e673437437e82cfff653da437ea17992a3aed56a99207,996,0,1,5
1,0,1,1,2,0.027878227001565392,0.021082,0.0059670000000000001,53641216,NA,NA,NA,NA,NA,NA,NA,NA,2008,136,5,1,8210b4f6eac12a20575e673437437e82cfff653da437ea17992a3aed56a99207,998,0,1,5
1,0,0,0,0,0.028331108998827403,0.022529,0.00511,52891648,NA,NA,NA,NA,NA,NA,NA,NA,2008,136,5,1,a8c1633e798ef980493443e67e6fdb6eada42f775edf7051d304d09c3ddadf5a,1002,0,1,2
1,0,1,1,0,0.026215052999759791,0.016871000000000001,0.0089040000000000005,53800960,NA,NA,NA,NA,NA,NA,NA,NA,2008,136,5,1,a8c1633e798ef980493443e67e6fdb6eada42f775edf7051d304d09c3ddadf5a,557,0,1,1
1,0,0,0,9,0.027284434001558111,0.018879,0.0079480000000000002,54898688,NA,NA,NA,NA,NA,NA,NA,NA,20048,5066,257,64,d8d78f7bb977c6f730c6b5cdfaa88bed294d141a9777385856f783cc112e0874,995,0,1,0
1,0,1,1,9,0.028565541999341804,0.019622999999999998,0.0078379999999999995,55709696,NA,NA,NA,NA,NA,NA,NA,NA,20048,5066,257,64,d8d78f7bb977c6f730c6b5cdfaa88bed294d141a9777385856f783cc112e0874,998,0,2,2
1,0,0,1,10,0.027449900000647176,0.021041000000000001,0.0057419999999999997,56107008,NA,NA,NA,NA,NA,NA,NA,NA,14928,5066,257,64,9655be68483f45304d566dfb3dc63ba1458a5653029061a6b60617464768d366,1004,0,1,3
1,0,1,0,10,0.027092311000160407,0.021783,0.0049379999999999997,55156736,NA,NA,NA,NA,NA,NA,NA,NA,14928,5066,257,64,9655be68483f45304d566dfb3dc63ba1458a5653029061a6b60617464768d366,997,0,1,1
1,0,0,0,3,0.025610784001401043,0.018238999999999998,0.0070499999999999998,53071872,NA,NA,NA,NA,NA,NA,NA,NA,2008,136,5,1,8210b4f6eac12a20575e673437437e82cfff653da437ea17992a3aed56a99207,1001,0,1,0
1,0,1,1,3,0.024923472999944352,0.018380999999999998,0.006123,54063104,NA,NA,NA,NA,NA,NA,NA,NA,2008,136,5,1,8210b4f6eac12a20575e673437437e82cfff653da437ea17992a3aed56a99207,558,0,1,1
1,0,0,0,8,0.026286417998562683,0.018932999999999998,0.006966,55173120,NA,NA,NA,NA,NA,NA,NA,NA,13904,5066,257,64,f70f03940df99c8ce0b0b02082129e05360030bd32e6edc5877c0f69a31bb0a4,553,0,1,0
1,0,1,1,8,0.026673570999264484,0.020343999999999998,0.005973,55672832,NA,NA,NA,NA,NA,NA,NA,NA,13904,5066,257,64,f70f03940df99c8ce0b0b02082129e05360030bd32e6edc5877c0f69a31bb0a4,1041,0,1,0
1,0,0,1,22,0.041355008001119131,0.032955999999999999,0.0079670000000000001,83206144,NA,NA,NA,NA,NA,NA,NA,NA,180960,89118,2402,8,46606a158b66af8518456db0739cae64d8d2e5f9a80404e15ddbb91810d3af0d,1017,0,1,1
1,0,1,0,22,0.04187552700022934,0.035374999999999997,0.0060419999999999996,82366464,NA,NA,NA,NA,NA,NA,NA,NA,180960,89118,2402,8,46606a158b66af8518456db0739cae64d8d2e5f9a80404e15ddbb91810d3af0d,1016,0,1,2
1,0,0,0,21,0.038704217999111279,0.031280999999999996,0.0070559999999999998,82497536,NA,NA,NA,NA,NA,NA,NA,NA,277920,89118,2402,8,089ec4ce05f5e4d43e3e352375117ee462b31249b272f87015d01ad0429bd7f9,1012,0,1,1
1,0,1,1,21,0.038541801000974374,0.029401999999999998,0.0088170000000000002,83353600,NA,NA,NA,NA,NA,NA,NA,NA,277920,89118,2402,8,089ec4ce05f5e4d43e3e352375117ee462b31249b272f87015d01ad0429bd7f9,1015,0,1,1
1,0,0,1,12,0.026632992001395905,0.020257999999999998,0.0060809999999999996,58290176,NA,NA,NA,NA,NA,NA,NA,NA,40904,35142,517,1,5c836afd34e5659fc140fff27358a40506e741bf81aa02c58678151e3747eac9,562,0,1,1
1,0,1,0,12,0.027766790999521618,0.023452000000000001,0.0039189999999999997,57143296,NA,NA,NA,NA,NA,NA,NA,NA,40904,35142,517,1,5c836afd34e5659fc140fff27358a40506e741bf81aa02c58678151e3747eac9,1000,0,1,1
1,0,0,1,14,0.024108978001095238,0.017859,0.0059389999999999998,58630144,NA,NA,NA,NA,NA,NA,NA,NA,32824,35142,517,1,5a24ee2382083ee5d5eb9b364e57818da3678644deec6a705c5878fcd40e5876,562,0,1,1
1,0,1,0,14,0.024911700000302517,0.018356000000000001,0.0060910000000000001,57278464,NA,NA,NA,NA,NA,NA,NA,NA,32824,35142,517,1,5a24ee2382083ee5d5eb9b364e57818da3678644deec6a705c5878fcd40e5876,1030,0,1,3
1,0,0,1,17,0.030037705000722781,0.024421999999999999,0.0049049999999999996,66531328,NA,NA,NA,NA,NA,NA,NA,NA,127800,29499,417,8,cf7b13a857f01f4a14779c4cf8ec5e795ca6dd011a53f4345643bcaf3709f18a,1049,0,1,8
1,0,1,0,17,0.03099047500109009,0.02298,0.0059969999999999997,65978368,NA,NA,NA,NA,NA,NA,NA,NA,127800,29499,417,8,cf7b13a857f01f4a14779c4cf8ec5e795ca6dd011a53f4345643bcaf3709f18a,562,0,1,11
1,0,0,0,18,0.028641201999562327,0.022270999999999999,0.005803,65839104,NA,NA,NA,NA,NA,NA,NA,NA,94392,29499,417,8,ec97d55cded7bb1cbf8e12495905cb68073380af6a6370282abb8f233d21e857,1010,0,1,14
1,0,1,1,18,0.02849438600060239,0.023941999999999998,0.0039949999999999994,66502656,NA,NA,NA,NA,NA,NA,NA,NA,94392,29499,417,8,ec97d55cded7bb1cbf8e12495905cb68073380af6a6370282abb8f233d21e857,1009,0,1,11
1,0,0,0,20,0.056990785000380129,0.047840999999999995,0.0081309999999999993,82575360,NA,NA,NA,NA,NA,NA,NA,NA,220064,89118,2402,8,9bed9a0bde0e198846d4983ba78bcd51e5e45d614941dd9bc544c1667832b5ea,1017,0,1,30
1,0,1,1,20,0.060166227000081562,0.047327000000000001,0.0090659999999999994,83058688,NA,NA,NA,NA,NA,NA,NA,NA,220064,89118,2402,8,9bed9a0bde0e198846d4983ba78bcd51e5e45d614941dd9bc544c1667832b5ea,1015,0,1,23
1,0,0,1,1,0.026789726000060909,0.018161,0.0080719999999999993,53719040,NA,NA,NA,NA,NA,NA,NA,NA,2056,136,5,1,6b21b079ef6f8f7f055926600e53b906dd7be041e021dd2791b7aa8c55e24585,998,0,1,2
1,0,1,0,1,0.024702270999114262,0.017590999999999999,0.0068399999999999997,52830208,NA,NA,NA,NA,NA,NA,NA,NA,2056,136,5,1,6b21b079ef6f8f7f055926600e53b906dd7be041e021dd2791b7aa8c55e24585,1002,0,1,0
1,0,0,0,4,0.02970806499979517,0.020527999999999998,0.0087779999999999993,55046144,NA,NA,NA,NA,NA,NA,NA,NA,22160,6529,133,1,3ac5102c6f2bc513eb86f2343729d5f51295afd9e738a690903fa32334fb4c28,998,0,1,8
1,0,1,1,4,0.028498218000095221,0.021444999999999999,0.006783,55836672,NA,NA,NA,NA,NA,NA,NA,NA,22160,6529,133,1,3ac5102c6f2bc513eb86f2343729d5f51295afd9e738a690903fa32334fb4c28,1001,0,1,0
1,0,0,1,11,0.023887739000201691,0.016655,0.0068429999999999993,56115200,NA,NA,NA,NA,NA,NA,NA,NA,14928,5066,257,64,9655be68483f45304d566dfb3dc63ba1458a5653029061a6b60617464768d366,560,0,1,9
1,0,1,0,11,0.024181472999771358,0.018852999999999998,0.0049489999999999994,55513088,NA,NA,NA,NA,NA,NA,NA,NA,14928,5066,257,64,9655be68483f45304d566dfb3dc63ba1458a5653029061a6b60617464768d366,561,0,1,8
1,0,0,1,5,0.023614926998561714,0.015545999999999999,0.0077519999999999993,55902208,NA,NA,NA,NA,NA,NA,NA,NA,25888,6529,133,1,6cbbbbf695d9298d218c01af658d12c9a04646e608628360a5a03df9e71e6d9c,554,0,1,1
1,0,1,0,5,0.024741288998484379,0.019313,0.0050749999999999997,55218176,NA,NA,NA,NA,NA,NA,NA,NA,25888,6529,133,1,6cbbbbf695d9298d218c01af658d12c9a04646e608628360a5a03df9e71e6d9c,1002,0,1,7
1,0,0,1,23,0.042259947998900316,0.035926,0.0059589999999999999,83070976,NA,NA,NA,NA,NA,NA,NA,NA,180960,89118,2402,8,46606a158b66af8518456db0739cae64d8d2e5f9a80404e15ddbb91810d3af0d,1012,0,1,8
1,0,1,0,23,0.042027249000966549,0.035623999999999996,0.0059629999999999996,82661376,NA,NA,NA,NA,NA,NA,NA,NA,180960,89118,2402,8,46606a158b66af8518456db0739cae64d8d2e5f9a80404e15ddbb91810d3af0d,572,0,1,2
1,0,0,0,6,0.024792852000246057,0.018563,0.0058579999999999995,55111680,NA,NA,NA,NA,NA,NA,NA,NA,17504,6529,133,1,5e7e7625c8b52e7a71d9370c6c8ab5025ac2b81f4970efe917952ec17c538f1c,997,0,1,1
1,0,1,1,6,0.024562377999245655,0.019056,0.0049579999999999997,55877632,NA,NA,NA,NA,NA,NA,NA,NA,17504,6529,133,1,5e7e7625c8b52e7a71d9370c6c8ab5025ac2b81f4970efe917952ec17c538f1c,1002,0,1,0
1,0,0,1,15,0.02504748300088977,0.019487999999999998,0.0049069999999999999,58011648,NA,NA,NA,NA,NA,NA,NA,NA,32824,35142,517,1,5a24ee2382083ee5d5eb9b364e57818da3678644deec6a705c5878fcd40e5876,1004,0,1,1
1,0,1,0,15,0.025605466000342858,0.017357999999999998,0.0076749999999999995,57311232,NA,NA,NA,NA,NA,NA,NA,NA,32824,35142,517,1,5a24ee2382083ee5d5eb9b364e57818da3678644deec6a705c5878fcd40e5876,1000,0,1,7
1,0,0,1,13,0.025131374000920914,0.017728999999999998,0.0069409999999999993,57806848,NA,NA,NA,NA,NA,NA,NA,NA,41016,35142,517,1,662bf8c3f785828e59b2e955c5f9255272bd2640c5dd7e9c2804e24f24350bdf,999,0,1,3
1,0,1,0,13,0.025019109998538624,0.018814000000000001,0.0059280000000000001,57159680,NA,NA,NA,NA,NA,NA,NA,NA,41016,35142,517,1,662bf8c3f785828e59b2e955c5f9255272bd2640c5dd7e9c2804e24f24350bdf,997,0,1,0
1,1,0,1,6,0.02482586600126524,0.016114,0.0080859999999999994,56233984,NA,NA,NA,NA,NA,NA,NA,NA,17504,6529,133,1,5e7e7625c8b52e7a71d9370c6c8ab5025ac2b81f4970efe917952ec17c538f1c,1005,0,1,7
1,1,1,0,6,0.027780312999311718,0.017679,0.0073369999999999998,55271424,NA,NA,NA,NA,NA,NA,NA,NA,17504,6529,133,1,5e7e7625c8b52e7a71d9370c6c8ab5025ac2b81f4970efe917952ec17c538f1c,1005,0,1,13
1,1,0,0,15,0.025212037999153836,0.018199,0.0067009999999999995,57274368,NA,NA,NA,NA,NA,NA,NA,NA,32824,35142,517,1,5a24ee2382083ee5d5eb9b364e57818da3678644deec6a705c5878fcd40e5876,1004,0,1,8
1,1,1,1,15,0.026616893001119024,0.017884999999999998,0.0069419999999999994,57884672,NA,NA,NA,NA,NA,NA,NA,NA,32824,35142,517,1,5a24ee2382083ee5d5eb9b364e57818da3678644deec6a705c5878fcd40e5876,1001,0,1,9
1,1,0,0,14,0.025273964000007254,0.019942999999999999,0.0049709999999999997,57495552,NA,NA,NA,NA,NA,NA,NA,NA,32824,35142,517,1,5a24ee2382083ee5d5eb9b364e57818da3678644deec6a705c5878fcd40e5876,1005,0,1,8
1,1,1,1,14,0.024719091001315974,0.018317,0.006071,58032128,NA,NA,NA,NA,NA,NA,NA,NA,32824,35142,517,1,5a24ee2382083ee5d5eb9b364e57818da3678644deec6a705c5878fcd40e5876,1000,0,1,8
1,1,0,1,8,0.027503150999109494,0.021835,0.0049199999999999999,55955456,NA,NA,NA,NA,NA,NA,NA,NA,13904,5066,257,64,f70f03940df99c8ce0b0b02082129e05360030bd32e6edc5877c0f69a31bb0a4,1004,0,1,0
1,1,1,0,8,0.027073671999460203,0.019443999999999999,0.0068039999999999993,54923264,NA,NA,NA,NA,NA,NA,NA,NA,13904,5066,257,64,f70f03940df99c8ce0b0b02082129e05360030bd32e6edc5877c0f69a31bb0a4,1000,0,1,1
1,1,0,1,20,0.058034994999616174,0.050143,0.0070109999999999999,82923520,NA,NA,NA,NA,NA,NA,NA,NA,220064,89118,2402,8,9bed9a0bde0e198846d4983ba78bcd51e5e45d614941dd9bc544c1667832b5ea,1039,0,1,9
1,1,1,0,20,0.058911514999635983,0.046858999999999998,0.010700999999999999,82513920,NA,NA,NA,NA,NA,NA,NA,NA,220064,89118,2402,8,9bed9a0bde0e198846d4983ba78bcd51e5e45d614941dd9bc544c1667832b5ea,1018,0,1,3
1,1,0,1,18,0.033476041000540135,0.021651999999999998,0.010971999999999999,66314240,NA,NA,NA,NA,NA,NA,NA,NA,94392,29499,417,8,ec97d55cded7bb1cbf8e12495905cb68073380af6a6370282abb8f233d21e857,1003,0,1,1
1,1,1,0,18,0.033460252001532353,0.024074999999999999,0.008539999999999999,65855488,NA,NA,NA,NA,NA,NA,NA,NA,94392,29499,417,8,ec97d55cded7bb1cbf8e12495905cb68073380af6a6370282abb8f233d21e857,1007,0,1,1
1,1,0,0,13,0.028477309999288991,0.021253999999999999,0.0067059999999999993,57446400,NA,NA,NA,NA,NA,NA,NA,NA,41016,35142,517,1,662bf8c3f785828e59b2e955c5f9255272bd2640c5dd7e9c2804e24f24350bdf,559,0,1,1
1,1,1,1,13,0.028000199999951292,0.021429,0.0061149999999999998,58216448,NA,NA,NA,NA,NA,NA,NA,NA,41016,35142,517,1,662bf8c3f785828e59b2e955c5f9255272bd2640c5dd7e9c2804e24f24350bdf,1004,0,1,2
1,1,0,1,0,0.025895151000440819,0.019656,0.0058899999999999994,53460992,NA,NA,NA,NA,NA,NA,NA,NA,2008,136,5,1,a8c1633e798ef980493443e67e6fdb6eada42f775edf7051d304d09c3ddadf5a,997,0,1,8
1,1,1,0,0,0.027807070000562817,0.022345,0.005084,53174272,NA,NA,NA,NA,NA,NA,NA,NA,2008,136,5,1,a8c1633e798ef980493443e67e6fdb6eada42f775edf7051d304d09c3ddadf5a,1003,0,1,9
1,1,0,1,3,0.028970882000066922,0.021651,0.0068950000000000001,53669888,NA,NA,NA,NA,NA,NA,NA,NA,2008,136,5,1,8210b4f6eac12a20575e673437437e82cfff653da437ea17992a3aed56a99207,997,0,1,9
1,1,1,0,3,0.027233040000282926,0.021849,0.00496,53280768,NA,NA,NA,NA,NA,NA,NA,NA,2008,136,5,1,8210b4f6eac12a20575e673437437e82cfff653da437ea17992a3aed56a99207,555,0,1,10
1,1,0,0,23,0.050566661999255302,0.039833,0.0098829999999999994,82862080,NA,NA,NA,NA,NA,NA,NA,NA,180960,89118,2402,8,46606a158b66af8518456db0739cae64d8d2e5f9a80404e15ddbb91810d3af0d,575,0,1,8
1,1,1,1,23,0.049482108999654884,0.038547999999999999,0.0098719999999999988,83329024,NA,NA,NA,NA,NA,NA,NA,NA,180960,89118,2402,8,46606a158b66af8518456db0739cae64d8d2e5f9a80404e15ddbb91810d3af0d,568,0,1,14
1,1,0,0,1,0.028314002000115579,0.022592999999999999,0.0049379999999999997,53166080,NA,NA,NA,NA,NA,NA,NA,NA,2056,136,5,1,6b21b079ef6f8f7f055926600e53b906dd7be041e021dd2791b7aa8c55e24585,1002,0,1,11
1,1,1,1,1,0.028035056999215158,0.020038,0.0070409999999999995,53686272,NA,NA,NA,NA,NA,NA,NA,NA,2056,136,5,1,6b21b079ef6f8f7f055926600e53b906dd7be041e021dd2791b7aa8c55e24585,996,0,2,4
1,1,0,1,2,0.028436040000087814,0.02172,0.0058519999999999996,54083584,NA,NA,NA,NA,NA,NA,NA,NA,2008,136,5,1,8210b4f6eac12a20575e673437437e82cfff653da437ea17992a3aed56a99207,1009,0,1,0
1,1,1,0,2,0.027049925998653634,0.020687999999999998,0.0059059999999999998,53149696,NA,NA,NA,NA,NA,NA,NA,NA,2008,136,5,1,8210b4f6eac12a20575e673437437e82cfff653da437ea17992a3aed56a99207,552,0,1,0
1,1,0,0,17,0.036017676999108517,0.02862,0.0069019999999999993,65806336,NA,NA,NA,NA,NA,NA,NA,NA,127800,29499,417,8,cf7b13a857f01f4a14779c4cf8ec5e795ca6dd011a53f4345643bcaf3709f18a,561,0,1,0
1,1,1,1,17,0.037312259000827908,0.030448999999999997,0.0059109999999999996,66568192,NA,NA,NA,NA,NA,NA,NA,NA,127800,29499,417,8,cf7b13a857f01f4a14779c4cf8ec5e795ca6dd011a53f4345643bcaf3709f18a,1009,0,1,9
1,1,0,1,19,0.035392075000345358,0.028763999999999998,0.0059369999999999996,66514944,NA,NA,NA,NA,NA,NA,NA,NA,94392,29499,417,8,ec97d55cded7bb1cbf8e12495905cb68073380af6a6370282abb8f233d21e857,1008,0,1,5
1,1,1,0,19,0.035728857001231518,0.026182,0.0086099999999999996,65654784,NA,NA,NA,NA,NA,NA,NA,NA,94392,29499,417,8,ec97d55cded7bb1cbf8e12495905cb68073380af6a6370282abb8f233d21e857,1004,0,1,3
1,1,0,0,11,0.02928194100059045,0.022487999999999998,0.0059369999999999996,54972416,NA,NA,NA,NA,NA,NA,NA,NA,14928,5066,257,64,9655be68483f45304d566dfb3dc63ba1458a5653029061a6b60617464768d366,1000,0,1,2
1,1,1,1,11,0.028572990000611753,0.023348999999999998,0.0048479999999999999,55808000,NA,NA,NA,NA,NA,NA,NA,NA,14928,5066,257,64,9655be68483f45304d566dfb3dc63ba1458a5653029061a6b60617464768d366,1001,0,1,7
1,1,0,0,22,0.04628403199967579,0.035827999999999999,0.0099169999999999987,82927616,NA,NA,NA,NA,NA,NA,NA,NA,180960,89118,2402,8,46606a158b66af8518456db0739cae64d8d2e5f9a80404e15ddbb91810d3af0d,574,0,1,0
1,1,1,1,22,0.044685615999696893,0.034397999999999998,0.0097949999999999999,82944000,NA,NA,NA,NA,NA,NA,NA,NA,180960,89118,2402,8,46606a158b66af8518456db0739cae64d8d2e5f9a80404e15ddbb91810d3af0d,1012,0,1,9
1,1,0,1,4,0.031104673000299954,0.022756999999999999,0.0078820000000000001,55820288,NA,NA,NA,NA,NA,NA,NA,NA,22160,6529,133,1,3ac5102c6f2bc513eb86f2343729d5f51295afd9e738a690903fa32334fb4c28,1002,0,1,9
1,1,1,0,4,0.031149267000728287,0.025760999999999999,0.0049199999999999999,55029760,NA,NA,NA,NA,NA,NA,NA,NA,22160,6529,133,1,3ac5102c6f2bc513eb86f2343729d5f51295afd9e738a690903fa32334fb4c28,1000,0,1,11
1,1,0,0,12,0.030592255001465674,0.021166999999999998,0.009051,57212928,NA,NA,NA,NA,NA,NA,NA,NA,40904,35142,517,1,5c836afd34e5659fc140fff27358a40506e741bf81aa02c58678151e3747eac9,1005,0,1,9
1,1,1,1,12,0.030048233000343316,0.022734999999999998,0.0068699999999999994,58155008,NA,NA,NA,NA,NA,NA,NA,NA,40904,35142,517,1,5c836afd34e5659fc140fff27358a40506e741bf81aa02c58678151e3747eac9,1004,0,1,9
1,1,0,0,7,0.025537215999065666,0.021165999999999997,0.0040169999999999997,55341056,NA,NA,NA,NA,NA,NA,NA,NA,17504,6529,133,1,5e7e7625c8b52e7a71d9370c6c8ab5025ac2b81f4970efe917952ec17c538f1c,553,0,1,8
1,1,1,1,7,0.025715988000229117,0.018520999999999999,0.0068179999999999994,55771136,NA,NA,NA,NA,NA,NA,NA,NA,17504,6529,133,1,5e7e7625c8b52e7a71d9370c6c8ab5025ac2b81f4970efe917952ec17c538f1c,997,0,1,11
1,1,0,1,9,0.025521048999507912,0.019088000000000001,0.0059899999999999997,55689216,NA,NA,NA,NA,NA,NA,NA,NA,20048,5066,257,64,d8d78f7bb977c6f730c6b5cdfaa88bed294d141a9777385856f783cc112e0874,997,0,1,9
1,1,1,0,9,0.026089087999935145,0.018772,0.0068829999999999994,55066624,NA,NA,NA,NA,NA,NA,NA,NA,20048,5066,257,64,d8d78f7bb977c6f730c6b5cdfaa88bed294d141a9777385856f783cc112e0874,1004,0,1,9
1,1,0,0,5,0.02677477299948805,0.019199000000000001,0.0070439999999999999,55283712,NA,NA,NA,NA,NA,NA,NA,NA,25888,6529,133,1,6cbbbbf695d9298d218c01af658d12c9a04646e608628360a5a03df9e71e6d9c,1002,0,1,11
1,1,1,1,5,0.027849373998833471,0.018827,0.0069279999999999993,55832576,NA,NA,NA,NA,NA,NA,NA,NA,25888,6529,133,1,6cbbbbf695d9298d218c01af658d12c9a04646e608628360a5a03df9e71e6d9c,998,0,1,2
1,1,0,0,10,0.026307367001209059,0.020839,0.0049299999999999995,54906880,NA,NA,NA,NA,NA,NA,NA,NA,14928,5066,257,64,9655be68483f45304d566dfb3dc63ba1458a5653029061a6b60617464768d366,998,0,1,1
1,1,1,1,10,0.025889431999530643,0.020598999999999999,0.0049049999999999996,55832576,NA,NA,NA,NA,NA,NA,NA,NA,14928,5066,257,64,9655be68483f45304d566dfb3dc63ba1458a5653029061a6b60617464768d366,1001,0,1,0
1,1,0,1,21,0.039434677000826923,0.033049999999999996,0.0059670000000000001,82927616,NA,NA,NA,NA,NA,NA,NA,NA,277920,89118,2402,8,089ec4ce05f5e4d43e3e352375117ee462b31249b272f87015d01ad0429bd7f9,1010,0,1,11
1,1,1,0,21,0.0397189300001628,0.031282999999999998,0.0078130000000000005,82415616,NA,NA,NA,NA,NA,NA,NA,NA,277920,89118,2402,8,089ec4ce05f5e4d43e3e352375117ee462b31249b272f87015d01ad0429bd7f9,1011,0,1,14
1,1,0,1,16,0.036603432999982033,0.028069999999999998,0.0079829999999999988,66646016,NA,NA,NA,NA,NA,NA,NA,NA,136888,29499,417,8,af3bdbbd0003d101664215b713d407f2160931601787a4fad2f046110caa3e72,561,0,1,10
1,1,1,0,16,0.040315300000656862,0.031986000000000001,0.0051510000000000002,65781760,NA,NA,NA,NA,NA,NA,NA,NA,136888,29499,417,8,af3bdbbd0003d101664215b713d407f2160931601787a4fad2f046110caa3e72,563,0,1,16
1,2,0,0,15,0.028190994000397041,0.019101,0.006999,57307136,NA,NA,NA,NA,NA,NA,NA,NA,32824,35142,517,1,5a24ee2382083ee5d5eb9b364e57818da3678644deec6a705c5878fcd40e5876,1002,0,1,13
1,2,1,1,15,0.028107740001360071,0.020479000000000001,0.0049029999999999994,58527744,NA,NA,NA,NA,NA,NA,NA,NA,32824,35142,517,1,5a24ee2382083ee5d5eb9b364e57818da3678644deec6a705c5878fcd40e5876,563,0,1,16
1,2,0,1,9,0.027227049999055453,0.020742,0.0059179999999999996,55758848,NA,NA,NA,NA,NA,NA,NA,NA,20048,5066,257,64,d8d78f7bb977c6f730c6b5cdfaa88bed294d141a9777385856f783cc112e0874,1012,0,1,4
1,2,1,0,9,0.040977472999657039,0.032046999999999999,0.0079930000000000001,55070720,NA,NA,NA,NA,NA,NA,NA,NA,20048,5066,257,64,d8d78f7bb977c6f730c6b5cdfaa88bed294d141a9777385856f783cc112e0874,1002,0,1,6
1,2,0,0,13,0.028755403000104707,0.022217000000000001,0.0058170000000000001,57073664,NA,NA,NA,NA,NA,NA,NA,NA,41016,35142,517,1,662bf8c3f785828e59b2e955c5f9255272bd2640c5dd7e9c2804e24f24350bdf,1000,0,1,10
1,2,1,1,13,0.028037740999934613,0.021401999999999997,0.0058909999999999995,57954304,NA,NA,NA,NA,NA,NA,NA,NA,41016,35142,517,1,662bf8c3f785828e59b2e955c5f9255272bd2640c5dd7e9c2804e24f24350bdf,999,0,1,9
1,2,0,1,18,0.032880087999728858,0.021426999999999998,0.011044999999999999,66715648,NA,NA,NA,NA,NA,NA,NA,NA,94392,29499,417,8,ec97d55cded7bb1cbf8e12495905cb68073380af6a6370282abb8f233d21e857,1011,0,1,0
1,2,1,0,18,0.034127167000406189,0.023810999999999999,0.0098899999999999995,65855488,NA,NA,NA,NA,NA,NA,NA,NA,94392,29499,417,8,ec97d55cded7bb1cbf8e12495905cb68073380af6a6370282abb8f233d21e857,1013,0,1,3
1,2,0,1,1,0.026419006999276462,0.020097,0.0060039999999999998,53833728,NA,NA,NA,NA,NA,NA,NA,NA,2056,136,5,1,6b21b079ef6f8f7f055926600e53b906dd7be041e021dd2791b7aa8c55e24585,1014,0,1,1
1,2,1,0,1,0.026154091998250806,0.020905999999999998,0.0049550000000000002,52953088,NA,NA,NA,NA,NA,NA,NA,NA,2056,136,5,1,6b21b079ef6f8f7f055926600e53b906dd7be041e021dd2791b7aa8c55e24585,997,0,1,0
1,2,0,1,22,0.043817993999255123,0.035293999999999999,0.0080450000000000001,83415040,NA,NA,NA,NA,NA,NA,NA,NA,180960,89118,2402,8,46606a158b66af8518456db0739cae64d8d2e5f9a80404e15ddbb91810d3af0d,1017,0,1,6
1,2,1,0,22,0.042250072001479566,0.035769999999999996,0.0059639999999999997,82952192,NA,NA,NA,NA,NA,NA,NA,NA,180960,89118,2402,8,46606a158b66af8518456db0739cae64d8d2e5f9a80404e15ddbb91810d3af0d,578,0,1,1
1,2,0,0,5,0.02491604299939354,0.019386,0.0050629999999999998,55209984,NA,NA,NA,NA,NA,NA,NA,NA,25888,6529,133,1,6cbbbbf695d9298d218c01af658d12c9a04646e608628360a5a03df9e71e6d9c,1004,0,1,1
1,2,1,1,5,0.023903338000309304,0.018633999999999998,0.0049059999999999998,56098816,NA,NA,NA,NA,NA,NA,NA,NA,25888,6529,133,1,6cbbbbf695d9298d218c01af658d12c9a04646e608628360a5a03df9e71e6d9c,1003,0,1,1
1,2,0,0,23,0.039471105001211981,0.029316999999999999,0.0097439999999999992,82665472,NA,NA,NA,NA,NA,NA,NA,NA,180960,89118,2402,8,46606a158b66af8518456db0739cae64d8d2e5f9a80404e15ddbb91810d3af0d,1020,0,1,0
1,2,1,1,23,0.037414632000945858,0.031073999999999997,0.0059939999999999993,83410944,NA,NA,NA,NA,NA,NA,NA,NA,180960,89118,2402,8,46606a158b66af8518456db0739cae64d8d2e5f9a80404e15ddbb91810d3af0d,1017,0,1,0
1,2,0,0,14,0.021709388000090257,0.016086,0.0051009999999999996,57233408,NA,NA,NA,NA,NA,NA,NA,NA,32824,35142,517,1,5a24ee2382083ee5d5eb9b364e57818da3678644deec6a705c5878fcd40e5876,999,0,1,3
1,2,1,1,14,0.021287931000188109,0.014001999999999999,0.0069639999999999997,57896960,NA,NA,NA,NA,NA,NA,NA,NA,32824,35142,517,1,5a24ee2382083ee5d5eb9b364e57818da3678644deec6a705c5878fcd40e5876,999,0,1,0
1,2,0,0,21,0.031801078999706078,0.026612,0.0049189999999999998,82665472,NA,NA,NA,NA,NA,NA,NA,NA,277920,89118,2402,8,089ec4ce05f5e4d43e3e352375117ee462b31249b272f87015d01ad0429bd7f9,569,0,1,1
1,2,1,1,21,0.030259131999628153,0.026010999999999999,0.0039769999999999996,83681280,NA,NA,NA,NA,NA,NA,NA,NA,277920,89118,2402,8,089ec4ce05f5e4d43e3e352375117ee462b31249b272f87015d01ad0429bd7f9,573,0,1,1
1,2,0,1,4,0.021311724000042886,0.017009,0.0039949999999999994,55853056,NA,NA,NA,NA,NA,NA,NA,NA,22160,6529,133,1,3ac5102c6f2bc513eb86f2343729d5f51295afd9e738a690903fa32334fb4c28,554,0,1,1
1,2,1,0,4,0.022999423999863211,0.019643000000000001,0.0030919999999999997,54792192,NA,NA,NA,NA,NA,NA,NA,NA,22160,6529,133,1,3ac5102c6f2bc513eb86f2343729d5f51295afd9e738a690903fa32334fb4c28,998,0,1,7
1,2,0,0,17,0.02357121999921219,0.018147,0.0050239999999999998,65953792,NA,NA,NA,NA,NA,NA,NA,NA,127800,29499,417,8,cf7b13a857f01f4a14779c4cf8ec5e795ca6dd011a53f4345643bcaf3709f18a,563,0,1,7
1,2,1,1,17,0.024211445999753778,0.017873999999999998,0.0059499999999999996,66387968,NA,NA,NA,NA,NA,NA,NA,NA,127800,29499,417,8,cf7b13a857f01f4a14779c4cf8ec5e795ca6dd011a53f4345643bcaf3709f18a,1006,0,1,3
1,2,0,0,19,0.023319027999605169,0.018855999999999998,0.00398,65921024,NA,NA,NA,NA,NA,NA,NA,NA,94392,29499,417,8,ec97d55cded7bb1cbf8e12495905cb68073380af6a6370282abb8f233d21e857,561,0,1,6
1,2,1,1,19,0.024736911000218242,0.01856,0.0058560000000000001,66723840,NA,NA,NA,NA,NA,NA,NA,NA,94392,29499,417,8,ec97d55cded7bb1cbf8e12495905cb68073380af6a6370282abb8f233d21e857,1033,0,1,8
1,2,0,1,6,0.018630945000040811,0.012019,0.0060069999999999993,56360960,NA,NA,NA,NA,NA,NA,NA,NA,17504,6529,133,1,5e7e7625c8b52e7a71d9370c6c8ab5025ac2b81f4970efe917952ec17c538f1c,561,0,1,0
1,2,1,0,6,0.01872815500064462,0.014294999999999999,0.0037669999999999999,55271424,NA,NA,NA,NA,NA,NA,NA,NA,17504,6529,133,1,5e7e7625c8b52e7a71d9370c6c8ab5025ac2b81f4970efe917952ec17c538f1c,553,0,1,1
1,2,0,0,11,0.018909014999735518,0.011752,0.0068699999999999994,55226368,NA,NA,NA,NA,NA,NA,NA,NA,14928,5066,257,64,9655be68483f45304d566dfb3dc63ba1458a5653029061a6b60617464768d366,999,0,1,8
1,2,1,1,11,0.019257738000305835,0.011939,0.0069629999999999996,55967744,NA,NA,NA,NA,NA,NA,NA,NA,14928,5066,257,64,9655be68483f45304d566dfb3dc63ba1458a5653029061a6b60617464768d366,1002,0,1,7
1,2,0,0,7,0.019077271999776713,0.012808,0.0059129999999999999,55406592,NA,NA,NA,NA,NA,NA,NA,NA,17504,6529,133,1,5e7e7625c8b52e7a71d9370c6c8ab5025ac2b81f4970efe917952ec17c538f1c,1004,0,1,10
1,2,1,1,7,0.019050630000492674,0.015695000000000001,0.0029419999999999997,55746560,NA,NA,NA,NA,NA,NA,NA,NA,17504,6529,133,1,5e7e7625c8b52e7a71d9370c6c8ab5025ac2b81f4970efe917952ec17c538f1c,1002,0,1,3
1,2,0,1,0,0.016921053000260144,0.012773999999999999,0.003895,54210560,NA,NA,NA,NA,NA,NA,NA,NA,2008,136,5,1,a8c1633e798ef980493443e67e6fdb6eada42f775edf7051d304d09c3ddadf5a,558,0,1,6
1,2,1,0,0,0.018536280000262195,0.014617,0.0029229999999999998,53039104,NA,NA,NA,NA,NA,NA,NA,NA,2008,136,5,1,a8c1633e798ef980493443e67e6fdb6eada42f775edf7051d304d09c3ddadf5a,1000,0,1,6
1,2,0,1,2,0.017512111999167246,0.012626999999999999,0.0038889999999999997,53657600,NA,NA,NA,NA,NA,NA,NA,NA,2008,136,5,1,8210b4f6eac12a20575e673437437e82cfff653da437ea17992a3aed56a99207,550,0,1,5
1,2,1,0,2,0.017909422000229824,0.013743999999999999,0.003921,52928512,NA,NA,NA,NA,NA,NA,NA,NA,2008,136,5,1,8210b4f6eac12a20575e673437437e82cfff653da437ea17992a3aed56a99207,996,0,1,4
1,2,0,1,20,0.039041833000737824,0.029755999999999998,0.0089160000000000003,82804736,NA,NA,NA,NA,NA,NA,NA,NA,220064,89118,2402,8,9bed9a0bde0e198846d4983ba78bcd51e5e45d614941dd9bc544c1667832b5ea,1011,0,1,0
1,2,1,0,20,0.042124417999730213,0.033119999999999997,0.0079930000000000001,82468864,NA,NA,NA,NA,NA,NA,NA,NA,220064,89118,2402,8,9bed9a0bde0e198846d4983ba78bcd51e5e45d614941dd9bc544c1667832b5ea,1017,0,1,3
1,2,0,0,12,0.020727021999846329,0.016216999999999999,0.0040460000000000001,56954880,NA,NA,NA,NA,NA,NA,NA,NA,40904,35142,517,1,5c836afd34e5659fc140fff27358a40506e741bf81aa02c58678151e3747eac9,999,0,1,3
1,2,1,1,12,0.020672141999966698,0.016035000000000001,0.0042599999999999999,58220544,NA,NA,NA,NA,NA,NA,NA,NA,40904,35142,517,1,5c836afd34e5659fc140fff27358a40506e741bf81aa02c58678151e3747eac9,562,0,1,3
1,2,0,1,10,0.01839917399956903,0.012959,0.0049829999999999996,56090624,NA,NA,NA,NA,NA,NA,NA,NA,14928,5066,257,64,9655be68483f45304d566dfb3dc63ba1458a5653029061a6b60617464768d366,1005,0,1,4
1,2,1,0,10,0.017923175000760239,0.013713999999999999,0.0039189999999999997,55635968,NA,NA,NA,NA,NA,NA,NA,NA,14928,5066,257,64,9655be68483f45304d566dfb3dc63ba1458a5653029061a6b60617464768d366,561,0,1,3
1,2,0,0,16,0.026614972000970738,0.02232,0.0029129999999999998,65765376,NA,NA,NA,NA,NA,NA,NA,NA,136888,29499,417,8,af3bdbbd0003d101664215b713d407f2160931601787a4fad2f046110caa3e72,554,0,1,8
1,2,1,1,16,0.025861172000077204,0.018681,0.0068820000000000001,66306048,NA,NA,NA,NA,NA,NA,NA,NA,136888,29499,417,8,af3bdbbd0003d101664215b713d407f2160931601787a4fad2f046110caa3e72,1005,0,1,7
1,2,0,1,3,0.017670646000624401,0.011183999999999999,0.0061019999999999998,53792768,NA,NA,NA,NA,NA,NA,NA,NA,2008,136,5,1,8210b4f6eac12a20575e673437437e82cfff653da437ea17992a3aed56a99207,1002,0,1,8
1,2,1,0,3,0.017195573000208242,0.012955999999999999,0.0039889999999999995,53125120,NA,NA,NA,NA,NA,NA,NA,NA,2008,136,5,1,8210b4f6eac12a20575e673437437e82cfff653da437ea17992a3aed56a99207,1011,0,1,6
1,2,0,1,8,0.017645905001700157,0.011556,0.005777,55963648,NA,NA,NA,NA,NA,NA,NA,NA,13904,5066,257,64,f70f03940df99c8ce0b0b02082129e05360030bd32e6edc5877c0f69a31bb0a4,556,0,1,3
1,2,1,0,8,0.017907159000969841,0.015654999999999999,0.0019610000000000001,55353344,NA,NA,NA,NA,NA,NA,NA,NA,13904,5066,257,64,f70f03940df99c8ce0b0b02082129e05360030bd32e6edc5877c0f69a31bb0a4,557,0,1,5
1,3,0,0,18,0.020804454999961308,0.016445999999999999,0.004071,65662976,NA,NA,NA,NA,NA,NA,NA,NA,94392,29499,417,8,ec97d55cded7bb1cbf8e12495905cb68073380af6a6370282abb8f233d21e857,1003,0,1,1
1,3,1,1,18,0.020004850999612245,0.013881999999999999,0.0059199999999999999,66646016,NA,NA,NA,NA,NA,NA,NA,NA,94392,29499,417,8,ec97d55cded7bb1cbf8e12495905cb68073380af6a6370282abb8f233d21e857,562,0,1,0
1,3,0,0,6,0.016897059000257286,0.012766999999999999,0.0039169999999999995,55250944,NA,NA,NA,NA,NA,NA,NA,NA,17504,6529,133,1,5e7e7625c8b52e7a71d9370c6c8ab5025ac2b81f4970efe917952ec17c538f1c,1004,0,1,1
1,3,1,1,6,0.016674094998961664,0.010648999999999999,0.0058049999999999994,55758848,NA,NA,NA,NA,NA,NA,NA,NA,17504,6529,133,1,5e7e7625c8b52e7a71d9370c6c8ab5025ac2b81f4970efe917952ec17c538f1c,997,0,1,1
1,3,0,1,5,0.016208603999984916,0.010010999999999999,0.0059909999999999998,55771136,NA,NA,NA,NA,NA,NA,NA,NA,25888,6529,133,1,6cbbbbf695d9298d218c01af658d12c9a04646e608628360a5a03df9e71e6d9c,997,0,1,4
1,3,1,0,5,0.016647675000058371,0.014374999999999999,0.002049,55226368,NA,NA,NA,NA,NA,NA,NA,NA,25888,6529,133,1,6cbbbbf695d9298d218c01af658d12c9a04646e608628360a5a03df9e71e6d9c,1003,0,1,3
1,3,0,0,2,0.015998042999854079,0.011734,0.0039169999999999995,53202944,NA,NA,NA,NA,NA,NA,NA,NA,2008,136,5,1,8210b4f6eac12a20575e673437437e82cfff653da437ea17992a3aed56a99207,1028,0,1,1
1,3,1,1,2,0.015626399999746354,0.01159,0.003846,53936128,NA,NA,NA,NA,NA,NA,NA,NA,2008,136,5,1,8210b4f6eac12a20575e673437437e82cfff653da437ea17992a3aed56a99207,1003,0,1,4
1,3,0,1,17,0.020205666000038036,0.013984999999999999,0.0059759999999999995,66551808,NA,NA,NA,NA,NA,NA,NA,NA,127800,29499,417,8,cf7b13a857f01f4a14779c4cf8ec5e795ca6dd011a53f4345643bcaf3709f18a,1010,0,1,0
1,3,1,0,17,0.019907212999896728,0.014704999999999999,0.0049150000000000001,65994752,NA,NA,NA,NA,NA,NA,NA,NA,127800,29499,417,8,cf7b13a857f01f4a14779c4cf8ec5e795ca6dd011a53f4345643bcaf3709f18a,558,0,1,1
1,3,0,1,12,0.017725738000081037,0.015604,0.0019549999999999997,57827328,NA,NA,NA,NA,NA,NA,NA,NA,40904,35142,517,1,5c836afd34e5659fc140fff27358a40506e741bf81aa02c58678151e3747eac9,1000,0,1,1
1,3,1,0,12,0.018314143000679906,0.014045999999999999,0.0039969999999999997,57266176,NA,NA,NA,NA,NA,NA,NA,NA,40904,35142,517,1,5c836afd34e5659fc140fff27358a40506e741bf81aa02c58678151e3747eac9,1004,0,1,5
1,3,0,0,3,0.022558062999451067,0.017274999999999999,0.0050879999999999996,53354496,NA,NA,NA,NA,NA,NA,NA,NA,2008,136,5,1,8210b4f6eac12a20575e673437437e82cfff653da437ea17992a3aed56a99207,1028,0,1,0
1,3,1,1,3,0.027148447999934433,0.018501999999999998,0.0061599999999999997,54407168,NA,NA,NA,NA,NA,NA,NA,NA,2008,136,5,1,8210b4f6eac12a20575e673437437e82cfff653da437ea17992a3aed56a99207,560,0,0,5
1,3,0,1,14,0.027907723999305745,0.023542999999999998,0.0039239999999999995,57872384,NA,NA,NA,NA,NA,NA,NA,NA,32824,35142,517,1,5a24ee2382083ee5d5eb9b364e57818da3678644deec6a705c5878fcd40e5876,547,0,1,2
1,3,1,0,14,0.027736276000723592,0.021832000000000001,0.004973,57241600,NA,NA,NA,NA,NA,NA,NA,NA,32824,35142,517,1,5a24ee2382083ee5d5eb9b364e57818da3678644deec6a705c5878fcd40e5876,554,0,1,6
1,3,0,1,7,0.028486802000770695,0.020310999999999999,0.0076909999999999999,56180736,NA,NA,NA,NA,NA,NA,NA,NA,17504,6529,133,1,5e7e7625c8b52e7a71d9370c6c8ab5025ac2b81f4970efe917952ec17c538f1c,555,0,1,3
1,3,1,0,7,0.019583954999689013,0.012962999999999999,0.0059870000000000001,55148544,NA,NA,NA,NA,NA,NA,NA,NA,17504,6529,133,1,5e7e7625c8b52e7a71d9370c6c8ab5025ac2b81f4970efe917952ec17c538f1c,1005,0,1,4
1,3,0,1,23,0.031577575999108376,0.024475999999999998,0.006829,83062784,NA,NA,NA,NA,NA,NA,NA,NA,180960,89118,2402,8,46606a158b66af8518456db0739cae64d8d2e5f9a80404e15ddbb91810d3af0d,1013,0,1,8
1,3,1,0,23,0.031455530999664916,0.025294999999999998,0.0058149999999999999,82493440,NA,NA,NA,NA,NA,NA,NA,NA,180960,89118,2402,8,46606a158b66af8518456db0739cae64d8d2e5f9a80404e15ddbb91810d3af0d,1013,0,1,10
1,3,0,1,15,0.019934943999032839,0.013285999999999999,0.0061379999999999994,58363904,NA,NA,NA,NA,NA,NA,NA,NA,32824,35142,517,1,5a24ee2382083ee5d5eb9b364e57818da3678644deec6a705c5878fcd40e5876,1006,0,1,7
1,3,1,0,15,0.018688111000301433,0.015286999999999999,0.0030599999999999998,57532416,NA,NA,NA,NA,NA,NA,NA,NA,32824,35142,517,1,5a24ee2382083ee5d5eb9b364e57818da3678644deec6a705c5878fcd40e5876,559,0,1,6
1,3,0,1,21,0.027180759001566912,0.021943999999999998,0.004986,83533824,NA,NA,NA,NA,NA,NA,NA,NA,277920,89118,2402,8,089ec4ce05f5e4d43e3e352375117ee462b31249b272f87015d01ad0429bd7f9,574,0,1,8
1,3,1,0,21,0.027249228000073344,0.019928999999999999,0.0069609999999999993,82718720,NA,NA,NA,NA,NA,NA,NA,NA,277920,89118,2402,8,089ec4ce05f5e4d43e3e352375117ee462b31249b272f87015d01ad0429bd7f9,569,0,1,9
1,3,0,0,20,0.036489179999989574,0.029116,0.007025,82464768,NA,NA,NA,NA,NA,NA,NA,NA,220064,89118,2402,8,9bed9a0bde0e198846d4983ba78bcd51e5e45d614941dd9bc544c1667832b5ea,565,0,1,10
1,3,1,1,20,0.035655556001074729,0.032337999999999999,0.0030249999999999999,83398656,NA,NA,NA,NA,NA,NA,NA,NA,220064,89118,2402,8,9bed9a0bde0e198846d4983ba78bcd51e5e45d614941dd9bc544c1667832b5ea,572,0,1,10
1,3,0,0,10,0.016084622999187559,0.010879,0.0049289999999999994,55578624,NA,NA,NA,NA,NA,NA,NA,NA,14928,5066,257,64,9655be68483f45304d566dfb3dc63ba1458a5653029061a6b60617464768d366,562,0,1,7
1,3,1,1,10,0.016499114999533049,0.012242999999999999,0.0040130000000000001,55484416,NA,NA,NA,NA,NA,NA,NA,NA,14928,5066,257,64,9655be68483f45304d566dfb3dc63ba1458a5653029061a6b60617464768d366,998,0,1,0
1,3,0,1,19,0.02136556500045117,0.016077999999999999,0.0050079999999999994,66633728,NA,NA,NA,NA,NA,NA,NA,NA,94392,29499,417,8,ec97d55cded7bb1cbf8e12495905cb68073380af6a6370282abb8f233d21e857,1011,0,1,0
1,3,1,0,19,0.019286339000245789,0.014936,0.0039819999999999994,65998848,NA,NA,NA,NA,NA,NA,NA,NA,94392,29499,417,8,ec97d55cded7bb1cbf8e12495905cb68073380af6a6370282abb8f233d21e857,565,0,1,0
1,3,0,0,9,0.016160663000846398,0.013913999999999999,0.001993,54935552,NA,NA,NA,NA,NA,NA,NA,NA,20048,5066,257,64,d8d78f7bb977c6f730c6b5cdfaa88bed294d141a9777385856f783cc112e0874,999,0,1,1
1,3,1,1,9,0.016172712001207401,0.011864,0.0038909999999999999,55840768,NA,NA,NA,NA,NA,NA,NA,NA,20048,5066,257,64,d8d78f7bb977c6f730c6b5cdfaa88bed294d141a9777385856f783cc112e0874,1002,0,1,5
1,3,0,1,13,0.016189838999707717,0.011016999999999999,0.0049940000000000002,57769984,NA,NA,NA,NA,NA,NA,NA,NA,41016,35142,517,1,662bf8c3f785828e59b2e955c5f9255272bd2640c5dd7e9c2804e24f24350bdf,999,0,1,0
1,3,1,0,13,0.016534864000277594,0.012435,0.0038249999999999998,57200640,NA,NA,NA,NA,NA,NA,NA,NA,41016,35142,517,1,662bf8c3f785828e59b2e955c5f9255272bd2640c5dd7e9c2804e24f24350bdf,996,0,1,1
1,3,0,1,11,0.0160310989995196,0.0097299999999999991,0.0058969999999999995,56082432,NA,NA,NA,NA,NA,NA,NA,NA,14928,5066,257,64,9655be68483f45304d566dfb3dc63ba1458a5653029061a6b60617464768d366,1006,0,1,0
1,3,1,0,11,0.016041612998378696,0.010504999999999999,0.0052259999999999997,55275520,NA,NA,NA,NA,NA,NA,NA,NA,14928,5066,257,64,9655be68483f45304d566dfb3dc63ba1458a5653029061a6b60617464768d366,1039,0,1,0
1,3,0,0,0,0.01501870199899713,0.011750999999999999,0.002944,53276672,NA,NA,NA,NA,NA,NA,NA,NA,2008,136,5,1,a8c1633e798ef980493443e67e6fdb6eada42f775edf7051d304d09c3ddadf5a,554,0,1,4
1,3,1,1,0,0.016990914999041706,0.010657,0.0058109999999999993,53817344,NA,NA,NA,NA,NA,NA,NA,NA,2008,136,5,1,a8c1633e798ef980493443e67e6fdb6eada42f775edf7051d304d09c3ddadf5a,1003,0,1,6
1,3,0,0,4,0.017811988000175916,0.013496999999999999,0.0039309999999999996,55001088,NA,NA,NA,NA,NA,NA,NA,NA,22160,6529,133,1,3ac5102c6f2bc513eb86f2343729d5f51295afd9e738a690903fa32334fb4c28,1002,0,1,1
1,3,1,1,4,0.019172431999322725,0.014912,0.0029649999999999998,55484416,NA,NA,NA,NA,NA,NA,NA,NA,22160,6529,133,1,3ac5102c6f2bc513eb86f2343729d5f51295afd9e738a690903fa32334fb4c28,996,0,1,9
1,3,0,0,22,0.02599281500079087,0.022536999999999998,0.002895,82366464,NA,NA,NA,NA,NA,NA,NA,NA,180960,89118,2402,8,46606a158b66af8518456db0739cae64d8d2e5f9a80404e15ddbb91810d3af0d,1017,0,1,1
1,3,1,1,22,0.026869175999308936,0.023427999999999997,0.0028530000000000001,83034112,NA,NA,NA,NA,NA,NA,NA,NA,180960,89118,2402,8,46606a158b66af8518456db0739cae64d8d2e5f9a80404e15ddbb91810d3af0d,1012,0,2,9
1,3,0,0,8,0.018862853999962681,0.014168999999999999,0.0032669999999999999,55123968,NA,NA,NA,NA,NA,NA,NA,NA,13904,5066,257,64,f70f03940df99c8ce0b0b02082129e05360030bd32e6edc5877c0f69a31bb0a4,1001,0,1,9
1,3,1,1,8,0.016922615999646951,0.014757999999999999,0.0019659999999999999,56098816,NA,NA,NA,NA,NA,NA,NA,NA,13904,5066,257,64,f70f03940df99c8ce0b0b02082129e05360030bd32e6edc5877c0f69a31bb0a4,559,0,1,0
1,3,0,1,16,0.024503406999428989,0.020250999999999998,0.0040479999999999995,66506752,NA,NA,NA,NA,NA,NA,NA,NA,136888,29499,417,8,af3bdbbd0003d101664215b713d407f2160931601787a4fad2f046110caa3e72,1008,0,1,0
1,3,1,0,16,0.024354788998607546,0.019136,0.0040699999999999998,65900544,NA,NA,NA,NA,NA,NA,NA,NA,136888,29499,417,8,af3bdbbd0003d101664215b713d407f2160931601787a4fad2f046110caa3e72,565,0,1,3
1,3,0,0,1,0.015857753000091179,0.013651,0.001954,53084160,NA,NA,NA,NA,NA,NA,NA,NA,2056,136,5,1,6b21b079ef6f8f7f055926600e53b906dd7be041e021dd2791b7aa8c55e24585,553,0,1,4
1,3,1,1,1,0.014956753000660683,0.010621999999999999,0.0039319999999999997,53800960,NA,NA,NA,NA,NA,NA,NA,NA,2056,136,5,1,6b21b079ef6f8f7f055926600e53b906dd7be041e021dd2791b7aa8c55e24585,552,0,1,2
1,4,0,1,14,0.017063723000319442,0.011894,0.0049499999999999995,58019840,NA,NA,NA,NA,NA,NA,NA,NA,32824,35142,517,1,5a24ee2382083ee5d5eb9b364e57818da3678644deec6a705c5878fcd40e5876,551,0,1,5
1,4,1,0,14,0.017689227999653667,0.01423,0.0030819999999999997,57139200,NA,NA,NA,NA,NA,NA,NA,NA,32824,35142,517,1,5a24ee2382083ee5d5eb9b364e57818da3678644deec6a705c5878fcd40e5876,998,0,1,0
1,4,0,1,0,0.015814686999874539,0.0097629999999999991,0.0057710000000000001,53874688,NA,NA,NA,NA,NA,NA,NA,NA,2008,136,5,1,a8c1633e798ef980493443e67e6fdb6eada42f775edf7051d304d09c3ddadf5a,1003,0,1,1
1,4,1,0,0,0.015764208001201041,0.010707999999999999,0.0048690000000000001,53039104,NA,NA,NA,NA,NA,NA,NA,NA,2008,136,5,1,a8c1633e798ef980493443e67e6fdb6eada42f775edf7051d304d09c3ddadf5a,1000,0,1,0
1,4,0,0,22,0.026420041000164929,0.021106,0.0048989999999999997,82837504,NA,NA,NA,NA,NA,NA,NA,NA,180960,89118,2402,8,46606a158b66af8518456db0739cae64d8d2e5f9a80404e15ddbb91810d3af0d,1021,0,1,0
1,4,1,1,22,0.025663213998996071,0.021330999999999999,0.0040489999999999996,83156992,NA,NA,NA,NA,NA,NA,NA,NA,180960,89118,2402,8,46606a158b66af8518456db0739cae64d8d2e5f9a80404e15ddbb91810d3af0d,1011,0,1,5
1,4,0,0,15,0.0161658119995991,0.010959,0.0049819999999999994,57229312,NA,NA,NA,NA,NA,NA,NA,NA,32824,35142,517,1,5a24ee2382083ee5d5eb9b364e57818da3678644deec6a705c5878fcd40e5876,1000,0,1,5
1,4,1,1,15,0.015985899000952486,0.011849999999999999,0.0039329999999999999,58032128,NA,NA,NA,NA,NA,NA,NA,NA,32824,35142,517,1,5a24ee2382083ee5d5eb9b364e57818da3678644deec6a705c5878fcd40e5876,1004,0,1,0
1,4,0,1,6,0.015555001999018714,0.011202,0.0040390000000000001,55685120,NA,NA,NA,NA,NA,NA,NA,NA,17504,6529,133,1,5e7e7625c8b52e7a71d9370c6c8ab5025ac2b81f4970efe917952ec17c538f1c,999,0,1,4
1,4,1,0,6,0.015167712999755167,0.010964,0.0039429999999999995,55533568,NA,NA,NA,NA,NA,NA,NA,NA,17504,6529,133,1,5e7e7625c8b52e7a71d9370c6c8ab5025ac2b81f4970efe917952ec17c538f1c,562,0,1,4
1,4,0,0,4,0.017462866999267135,0.014123,0.0030309999999999998,54730752,NA,NA,NA,NA,NA,NA,NA,NA,22160,6529,133,1,3ac5102c6f2bc513eb86f2343729d5f51295afd9e738a690903fa32334fb4c28,999,0,1,0
1,4,1,1,4,0.016900139000426861,0.014593,0.0019469999999999999,55898112,NA,NA,NA,NA,NA,NA,NA,NA,22160,6529,133,1,3ac5102c6f2bc513eb86f2343729d5f51295afd9e738a690903fa32334fb4c28,557,0,1,4
1,4,0,0,9,0.015368002999821329,0.010067,0.0050029999999999996,54980608,NA,NA,NA,NA,NA,NA,NA,NA,20048,5066,257,64,d8d78f7bb977c6f730c6b5cdfaa88bed294d141a9777385856f783cc112e0874,997,0,1,0
1,4,1,1,9,0.015114071000425611,0.0099319999999999999,0.0049629999999999995,55746560,NA,NA,NA,NA,NA,NA,NA,NA,20048,5066,257,64,d8d78f7bb977c6f730c6b5cdfaa88bed294d141a9777385856f783cc112e0874,1002,0,1,4
1,4,0,0,8,0.015079488999617752,0.0099129999999999999,0.0049359999999999994,55369728,NA,NA,NA,NA,NA,NA,NA,NA,13904,5066,257,64,f70f03940df99c8ce0b0b02082129e05360030bd32e6edc5877c0f69a31bb0a4,562,0,1,1
1,4,1,1,8,0.014929249999113381,0.011573999999999999,0.0031409999999999997,55517184,NA,NA,NA,NA,NA,NA,NA,NA,13904,5066,257,64,f70f03940df99c8ce0b0b02082129e05360030bd32e6edc5877c0f69a31bb0a4,997,0,1,1
1,4,0,0,2,0.014479728000878822,0.010149999999999999,0.0040499999999999998,52846592,NA,NA,NA,NA,NA,NA,NA,NA,2008,136,5,1,8210b4f6eac12a20575e673437437e82cfff653da437ea17992a3aed56a99207,997,0,1,1
1,4,1,1,2,0.01422353199995996,0.010034999999999999,0.0039949999999999994,53522432,NA,NA,NA,NA,NA,NA,NA,NA,2008,136,5,1,8210b4f6eac12a20575e673437437e82cfff653da437ea17992a3aed56a99207,996,0,1,4
1,4,0,0,18,0.019236369998907321,0.015916,0.0029909999999999997,65953792,NA,NA,NA,NA,NA,NA,NA,NA,94392,29499,417,8,ec97d55cded7bb1cbf8e12495905cb68073380af6a6370282abb8f233d21e857,564,0,1,0
1,4,1,1,18,0.017939253999429638,0.013784999999999999,0.0039139999999999999,66310144,NA,NA,NA,NA,NA,NA,NA,NA,94392,29499,417,8,ec97d55cded7bb1cbf8e12495905cb68073380af6a6370282abb8f233d21e857,1004,0,1,6
1,4,0,0,23,0.024870989000191912,0.021562999999999999,0.0030559999999999997,82497536,NA,NA,NA,NA,NA,NA,NA,NA,180960,89118,2402,8,46606a158b66af8518456db0739cae64d8d2e5f9a80404e15ddbb91810d3af0d,1012,0,1,8
1,4,1,1,23,0.024451422999845818,0.021159000000000001,0.0030139999999999998,83468288,NA,NA,NA,NA,NA,NA,NA,NA,180960,89118,2402,8,46606a158b66af8518456db0739cae64d8d2e5f9a80404e15ddbb91810d3af0d,573,0,1,8
1,4,0,0,17,0.017960578999918653,0.01184,0.005914,65961984,NA,NA,NA,NA,NA,NA,NA,NA,127800,29499,417,8,cf7b13a857f01f4a14779c4cf8ec5e795ca6dd011a53f4345643bcaf3709f18a,561,0,1,6
1,4,1,1,17,0.018240294000861468,0.015931999999999998,0.00198,66764800,NA,NA,NA,NA,NA,NA,NA,NA,127800,29499,417,8,cf7b13a857f01f4a14779c4cf8ec5e795ca6dd011a53f4345643bcaf3709f18a,560,0,1,7
1,4,0,0,5,0.01506906299982802,0.0098129999999999988,0.0048849999999999996,55091200,NA,NA,NA,NA,NA,NA,NA,NA,25888,6529,133,1,6cbbbbf695d9298d218c01af658d12c9a04646e608628360a5a03df9e71e6d9c,1026,0,1,2
1,4,1,1,5,0.014066011000977596,0.010879,0.0029399999999999999,56090624,NA,NA,NA,NA,NA,NA,NA,NA,25888,6529,133,1,6cbbbbf695d9298d218c01af658d12c9a04646e608628360a5a03df9e71e6d9c,558,0,1,6
1,4,0,1,7,0.014296661000116728,0.011129999999999999,0.0030109999999999998,56086528,NA,NA,NA,NA,NA,NA,NA,NA,17504,6529,133,1,5e7e7625c8b52e7a71d9370c6c8ab5025ac2b81f4970efe917952ec17c538f1c,1005,0,1,0
1,4,1,0,7,0.014080912000281387,0.011868999999999999,0.0019849999999999998,55324672,NA,NA,NA,NA,NA,NA,NA,NA,17504,6529,133,1,5e7e7625c8b52e7a71d9370c6c8ab5025ac2b81f4970efe917952ec17c538f1c,555,0,1,5
1,4,0,0,20,0.030010515998583287,0.024745999999999997,0.0048989999999999997,82698240,NA,NA,NA,NA,NA,NA,NA,NA,220064,89118,2402,8,9bed9a0bde0e198846d4983ba78bcd51e5e45d614941dd9bc544c1667832b5ea,570,0,3,0
1,4,1,1,20,0.03032780399917101,0.026837999999999997,0.003094,83275776,NA,NA,NA,NA,NA,NA,NA,NA,220064,89118,2402,8,9bed9a0bde0e198846d4983ba78bcd51e5e45d614941dd9bc544c1667832b5ea,1014,0,1,5
1,4,0,1,1,0.013040654999713297,0.0088679999999999991,0.0039220000000000001,53858304,NA,NA,NA,NA,NA,NA,NA,NA,2056,136,5,1,6b21b079ef6f8f7f055926600e53b906dd7be041e021dd2791b7aa8c55e24585,553,0,1,2
1,4,1,0,1,0.014932500000213622,0.0089859999999999992,0.004986,53035008,NA,NA,NA,NA,NA,NA,NA,NA,2056,136,5,1,6b21b079ef6f8f7f055926600e53b906dd7be041e021dd2791b7aa8c55e24585,1000,0,1,6
1,4,0,1,11,0.015731806999610853,0.010194999999999999,0.0040869999999999995,55742464,NA,NA,NA,NA,NA,NA,NA,NA,14928,5066,257,64,9655be68483f45304d566dfb3dc63ba1458a5653029061a6b60617464768d366,1002,0,1,7
1,4,1,0,11,0.016046287000790471,0.012603999999999999,0.0019429999999999998,55005184,NA,NA,NA,NA,NA,NA,NA,NA,14928,5066,257,64,9655be68483f45304d566dfb3dc63ba1458a5653029061a6b60617464768d366,1002,0,1,9
1,4,0,0,16,0.022481054998934269,0.01685,0.0050049999999999999,65409024,NA,NA,NA,NA,NA,NA,NA,NA,136888,29499,417,8,af3bdbbd0003d101664215b713d407f2160931601787a4fad2f046110caa3e72,1005,0,1,12
1,4,1,1,16,0.022227458000998013,0.017880999999999998,0.004019,66072576,NA,NA,NA,NA,NA,NA,NA,NA,136888,29499,417,8,af3bdbbd0003d101664215b713d407f2160931601787a4fad2f046110caa3e72,1002,0,1,4
1,4,0,0,12,0.019006485999852885,0.014371,0.0030559999999999997,57151488,NA,NA,NA,NA,NA,NA,NA,NA,40904,35142,517,1,5c836afd34e5659fc140fff27358a40506e741bf81aa02c58678151e3747eac9,1002,0,1,12
1,4,1,1,12,0.016682841000147164,0.012489999999999999,0.0038439999999999998,57827328,NA,NA,NA,NA,NA,NA,NA,NA,40904,35142,517,1,5c836afd34e5659fc140fff27358a40506e741bf81aa02c58678151e3747eac9,1002,0,1,5
1,4,0,0,19,0.018620286999066593,0.013854,0.0036849999999999999,65998848,NA,NA,NA,NA,NA,NA,NA,NA,94392,29499,417,8,ec97d55cded7bb1cbf8e12495905cb68073380af6a6370282abb8f233d21e857,565,0,1,6
1,4,1,1,19,0.020377709000968025,0.015061999999999999,0.003999,66236416,NA,NA,NA,NA,NA,NA,NA,NA,94392,29499,417,8,ec97d55cded7bb1cbf8e12495905cb68073380af6a6370282abb8f233d21e857,1006,0,1,7
1,4,0,0,21,0.026392530999146402,0.019715999999999997,0.0041649999999999994,82817024,NA,NA,NA,NA,NA,NA,NA,NA,277920,89118,2402,8,089ec4ce05f5e4d43e3e352375117ee462b31249b272f87015d01ad0429bd7f9,570,0,1,14
1,4,1,1,21,0.025231476000044495,0.019875999999999998,0.0041669999999999997,83148800,NA,NA,NA,NA,NA,NA,NA,NA,277920,89118,2402,8,089ec4ce05f5e4d43e3e352375117ee462b31249b272f87015d01ad0429bd7f9,1013,0,1,11
1,4,0,0,10,0.015955110000504646,0.0094669999999999997,0.0056039999999999996,55459840,NA,NA,NA,NA,NA,NA,NA,NA,14928,5066,257,64,9655be68483f45304d566dfb3dc63ba1458a5653029061a6b60617464768d366,1047,0,1,1
1,4,1,1,10,0.014959914000428398,0.010844999999999999,0.0038729999999999997,55623680,NA,NA,NA,NA,NA,NA,NA,NA,14928,5066,257,64,9655be68483f45304d566dfb3dc63ba1458a5653029061a6b60617464768d366,999,0,1,0
1,4,0,0,3,0.014747193999937735,0.0092649999999999989,0.0051249999999999993,53252096,NA,NA,NA,NA,NA,NA,NA,NA,2008,136,5,1,8210b4f6eac12a20575e673437437e82cfff653da437ea17992a3aed56a99207,1002,0,1,5
1,4,1,1,3,0.013499489999958314,0.010286999999999999,0.0030729999999999998,54124544,NA,NA,NA,NA,NA,NA,NA,NA,2008,136,5,1,8210b4f6eac12a20575e673437437e82cfff653da437ea17992a3aed56a99207,560,0,1,0
1,4,0,0,13,0.015202544000203488,0.011956,0.002993,57339904,NA,NA,NA,NA,NA,NA,NA,NA,41016,35142,517,1,662bf8c3f785828e59b2e955c5f9255272bd2640c5dd7e9c2804e24f24350bdf,1002,0,1,5
1,4,1,1,13,0.015006383000581991,0.010862999999999999,0.00396,58003456,NA,NA,NA,NA,NA,NA,NA,NA,41016,35142,517,1,662bf8c3f785828e59b2e955c5f9255272bd2640c5dd7e9c2804e24f24350bdf,1002,0,1,0
1,5,0,1,2,0.013484827999491245,0.011408,0.001895,54132736,NA,NA,NA,NA,NA,NA,NA,NA,2008,136,5,1,8210b4f6eac12a20575e673437437e82cfff653da437ea17992a3aed56a99207,560,0,1,3
1,5,1,0,2,0.014227711000785348,0.008010999999999999,0.0059889999999999995,52940800,NA,NA,NA,NA,NA,NA,NA,NA,2008,136,5,1,8210b4f6eac12a20575e673437437e82cfff653da437ea17992a3aed56a99207,996,0,1,0
1,5,0,1,3,0.01467833199967572,0.0096559999999999997,0.0048149999999999998,53915648,NA,NA,NA,NA,NA,NA,NA,NA,2008,136,5,1,8210b4f6eac12a20575e673437437e82cfff653da437ea17992a3aed56a99207,556,0,1,3
1,5,1,0,3,0.015187355998932617,0.010359,0.0041129999999999995,52994048,NA,NA,NA,NA,NA,NA,NA,NA,2008,136,5,1,8210b4f6eac12a20575e673437437e82cfff653da437ea17992a3aed56a99207,1003,0,1,2
1,5,0,1,9,0.014555700001437799,0.010246,0.0040889999999999998,55681024,NA,NA,NA,NA,NA,NA,NA,NA,20048,5066,257,64,d8d78f7bb977c6f730c6b5cdfaa88bed294d141a9777385856f783cc112e0874,1014,0,1,0
1,5,1,0,9,0.014750819000255433,0.010333999999999999,0.0041099999999999999,55234560,NA,NA,NA,NA,NA,NA,NA,NA,20048,5066,257,64,d8d78f7bb977c6f730c6b5cdfaa88bed294d141a9777385856f783cc112e0874,1004,0,1,0
1,5,0,0,11,0.014261866001106682,0.010069,0.0040169999999999997,55123968,NA,NA,NA,NA,NA,NA,NA,NA,14928,5066,257,64,9655be68483f45304d566dfb3dc63ba1458a5653029061a6b60617464768d366,999,0,1,1
1,5,1,1,11,0.014608993000365444,0.011571999999999999,0.002869,56229888,NA,NA,NA,NA,NA,NA,NA,NA,14928,5066,257,64,9655be68483f45304d566dfb3dc63ba1458a5653029061a6b60617464768d366,1006,0,1,3
1,5,0,0,14,0.016557290999116958,0.01243,0.0038189999999999999,57483264,NA,NA,NA,NA,NA,NA,NA,NA,32824,35142,517,1,5a24ee2382083ee5d5eb9b364e57818da3678644deec6a705c5878fcd40e5876,1005,0,1,2
1,5,1,1,14,0.014759371000764077,0.010315,0.0041359999999999999,58281984,NA,NA,NA,NA,NA,NA,NA,NA,32824,35142,517,1,5a24ee2382083ee5d5eb9b364e57818da3678644deec6a705c5878fcd40e5876,559,0,1,3
1,5,0,1,18,0.018029142000159482,0.012806999999999999,0.0049090000000000002,66371584,NA,NA,NA,NA,NA,NA,NA,NA,94392,29499,417,8,ec97d55cded7bb1cbf8e12495905cb68073380af6a6370282abb8f233d21e857,1006,0,1,6
1,5,1,0,18,0.018982249999680789,0.014731999999999999,0.0039169999999999995,65806336,NA,NA,NA,NA,NA,NA,NA,NA,94392,29499,417,8,ec97d55cded7bb1cbf8e12495905cb68073380af6a6370282abb8f233d21e857,1011,0,1,2
1,5,0,1,5,0.014854015000310028,0.012503,0.0020829999999999998,56086528,NA,NA,NA,NA,NA,NA,NA,NA,25888,6529,133,1,6cbbbbf695d9298d218c01af658d12c9a04646e608628360a5a03df9e71e6d9c,1003,0,1,5
1,5,1,0,5,0.014714535000166507,0.011566,0.0028929999999999997,55554048,NA,NA,NA,NA,NA,NA,NA,NA,25888,6529,133,1,6cbbbbf695d9298d218c01af658d12c9a04646e608628360a5a03df9e71e6d9c,560,0,1,5
1,5,0,1,21,0.023433303998899646,0.016954999999999998,0.0059049999999999997,83738624,NA,NA,NA,NA,NA,NA,NA,NA,277920,89118,2402,8,089ec4ce05f5e4d43e3e352375117ee462b31249b272f87015d01ad0429bd7f9,573,0,1,5
1,5,1,0,21,0.023137391001000651,0.019962999999999998,0.0029729999999999999,82833408,NA,NA,NA,NA,NA,NA,NA,NA,277920,89118,2402,8,089ec4ce05f5e4d43e3e352375117ee462b31249b272f87015d01ad0429bd7f9,568,0,1,6
1,5,0,1,12,0.017472421999627841,0.013335999999999999,0.0038239999999999997,58032128,NA,NA,NA,NA,NA,NA,NA,NA,40904,35142,517,1,5c836afd34e5659fc140fff27358a40506e741bf81aa02c58678151e3747eac9,1001,0,1,6
1,5,1,0,12,0.016746249999414431,0.012496,0.003898,57507840,NA,NA,NA,NA,NA,NA,NA,NA,40904,35142,517,1,5c836afd34e5659fc140fff27358a40506e741bf81aa02c58678151e3747eac9,553,0,1,1
1,5,0,0,7,0.015128457998798694,0.0098479999999999991,0.0049449999999999997,55525376,NA,NA,NA,NA,NA,NA,NA,NA,17504,6529,133,1,5e7e7625c8b52e7a71d9370c6c8ab5025ac2b81f4970efe917952ec17c538f1c,557,0,1,1
1,5,1,1,7,0.014773912000237033,0.011434999999999999,0.0031149999999999997,56311808,NA,NA,NA,NA,NA,NA,NA,NA,17504,6529,133,1,5e7e7625c8b52e7a71d9370c6c8ab5025ac2b81f4970efe917952ec17c538f1c,558,0,1,0
1,5,0,1,8,0.015681410000979668,0.011323,0.0041129999999999995,55762944,NA,NA,NA,NA,NA,NA,NA,NA,13904,5066,257,64,f70f03940df99c8ce0b0b02082129e05360030bd32e6edc5877c0f69a31bb0a4,1002,0,1,1
1,5,1,0,8,0.015398174000438303,0.010107999999999999,0.0050439999999999999,55103488,NA,NA,NA,NA,NA,NA,NA,NA,13904,5066,257,64,f70f03940df99c8ce0b0b02082129e05360030bd32e6edc5877c0f69a31bb0a4,1003,0,1,0
1,5,0,0,1,0.01454496000042127,0.012168,0.0018879999999999999,52809728,NA,NA,NA,NA,NA,NA,NA,NA,2056,136,5,1,6b21b079ef6f8f7f055926600e53b906dd7be041e021dd2791b7aa8c55e24585,997,0,1,1
1,5,1,1,1,0.014421047999348957,0.010119,0.0040539999999999994,53850112,NA,NA,NA,NA,NA,NA,NA,NA,2056,136,5,1,6b21b079ef6f8f7f055926600e53b906dd7be041e021dd2791b7aa8c55e24585,1002,0,1,3
1,5,0,1,23,0.02511491099903651,0.020875999999999999,0.0039779999999999998,83472384,NA,NA,NA,NA,NA,NA,NA,NA,180960,89118,2402,8,46606a158b66af8518456db0739cae64d8d2e5f9a80404e15ddbb91810d3af0d,1017,0,1,8
1,5,1,0,23,0.025089360999118071,0.018886,0.0059480000000000002,83091456,NA,NA,NA,NA,NA,NA,NA,NA,180960,89118,2402,8,46606a158b66af8518456db0739cae64d8d2e5f9a80404e15ddbb91810d3af0d,573,0,1,9
1,5,0,0,6,0.014947363999453955,0.010520999999999999,0.0041979999999999995,55156736,NA,NA,NA,NA,NA,NA,NA,NA,17504,6529,133,1,5e7e7625c8b52e7a71d9370c6c8ab5025ac2b81f4970efe917952ec17c538f1c,998,0,1,6
1,5,1,1,6,0.014762503000383731,0.012437,0.0020720000000000001,56164352,NA,NA,NA,NA,NA,NA,NA,NA,17504,6529,133,1,5e7e7625c8b52e7a71d9370c6c8ab5025ac2b81f4970efe917952ec17c538f1c,1004,0,1,5
1,5,0,1,13,0.014865499000734417,0.011727999999999999,0.002931,57888768,NA,NA,NA,NA,NA,NA,NA,NA,41016,35142,517,1,662bf8c3f785828e59b2e955c5f9255272bd2640c5dd7e9c2804e24f24350bdf,1001,0,1,5
1,5,1,0,13,0.015477250000913045,0.0099860000000000001,0.0050209999999999994,57225216,NA,NA,NA,NA,NA,NA,NA,NA,41016,35142,517,1,662bf8c3f785828e59b2e955c5f9255272bd2640c5dd7e9c2804e24f24350bdf,998,0,1,5
1,5,0,1,19,0.017376677000356722,0.015101,0.0020149999999999999,66711552,NA,NA,NA,NA,NA,NA,NA,NA,94392,29499,417,8,ec97d55cded7bb1cbf8e12495905cb68073380af6a6370282abb8f233d21e857,563,0,1,5
1,5,1,0,19,0.018274881000252208,0.015042,0.0029969999999999997,65744896,NA,NA,NA,NA,NA,NA,NA,NA,94392,29499,417,8,ec97d55cded7bb1cbf8e12495905cb68073380af6a6370282abb8f233d21e857,1006,0,1,6
1,5,0,1,20,0.031136153998886584,0.026872999999999998,0.00396,83132416,NA,NA,NA,NA,NA,NA,NA,NA,220064,89118,2402,8,9bed9a0bde0e198846d4983ba78bcd51e5e45d614941dd9bc544c1667832b5ea,1015,0,1,8
1,5,1,0,20,0.030771983998420183,0.025405,0.0050759999999999998,82583552,NA,NA,NA,NA,NA,NA,NA,NA,220064,89118,2402,8,9bed9a0bde0e198846d4983ba78bcd51e5e45d614941dd9bc544c1667832b5ea,1018,0,1,8
1,5,0,1,10,0.014049682999029756,0.011804,0.0019710000000000001,56434688,NA,NA,NA,NA,NA,NA,NA,NA,14928,5066,257,64,9655be68483f45304d566dfb3dc63ba1458a5653029061a6b60617464768d366,563,0,1,2
1,5,1,0,10,0.014277973999924143,0.012050999999999999,0.002013,55267328,NA,NA,NA,NA,NA,NA,NA,NA,14928,5066,257,64,9655be68483f45304d566dfb3dc63ba1458a5653029061a6b60617464768d366,554,0,1,4
1,5,0,1,16,0.021019795000029262,0.016728,0.0039480000000000001,66240512,NA,NA,NA,NA,NA,NA,NA,NA,136888,29499,417,8,af3bdbbd0003d101664215b713d407f2160931601787a4fad2f046110caa3e72,1004,0,1,3
1,5,1,0,16,0.02150071700089029,0.016171999999999999,0.0050489999999999997,65781760,NA,NA,NA,NA,NA,NA,NA,NA,136888,29499,417,8,af3bdbbd0003d101664215b713d407f2160931601787a4fad2f046110caa3e72,1008,0,1,0
1,5,0,1,15,0.014802099000007729,0.0097169999999999999,0.0048349999999999999,57741312,NA,NA,NA,NA,NA,NA,NA,NA,32824,35142,517,1,5a24ee2382083ee5d5eb9b364e57818da3678644deec6a705c5878fcd40e5876,997,0,1,0
1,5,1,0,15,0.015333123999880627,0.011864,0.003006,57348096,NA,NA,NA,NA,NA,NA,NA,NA,32824,35142,517,1,5a24ee2382083ee5d5eb9b364e57818da3678644deec6a705c5878fcd40e5876,1007,0,1,3
1,5,0,0,0,0.013841398000295158,0.010763999999999999,0.0029259999999999998,52838400,NA,NA,NA,NA,NA,NA,NA,NA,2008,136,5,1,a8c1633e798ef980493443e67e6fdb6eada42f775edf7051d304d09c3ddadf5a,996,0,1,0
1,5,1,1,0,0.014106578000792069,0.0098409999999999991,0.0038969999999999999,53530624,NA,NA,NA,NA,NA,NA,NA,NA,2008,136,5,1,a8c1633e798ef980493443e67e6fdb6eada42f775edf7051d304d09c3ddadf5a,1024,0,1,3
1,5,0,1,4,0.016190577000088524,0.013021999999999999,0.0029859999999999999,55955456,NA,NA,NA,NA,NA,NA,NA,NA,22160,6529,133,1,3ac5102c6f2bc513eb86f2343729d5f51295afd9e738a690903fa32334fb4c28,1004,0,1,0
1,5,1,0,4,0.016714900000806665,0.011514999999999999,0.0047619999999999997,54874112,NA,NA,NA,NA,NA,NA,NA,NA,22160,6529,133,1,3ac5102c6f2bc513eb86f2343729d5f51295afd9e738a690903fa32334fb4c28,996,0,1,2
1,5,0,1,17,0.017849921001470648,0.014698999999999999,0.002934,66826240,NA,NA,NA,NA,NA,NA,NA,NA,127800,29499,417,8,cf7b13a857f01f4a14779c4cf8ec5e795ca6dd011a53f4345643bcaf3709f18a,562,0,1,0
1,5,1,0,17,0.017747281999618281,0.015564999999999999,0.001949,65941504,NA,NA,NA,NA,NA,NA,NA,NA,127800,29499,417,8,cf7b13a857f01f4a14779c4cf8ec5e795ca6dd011a53f4345643bcaf3709f18a,561,0,1,1
1,5,0,1,22,0.023163874000601936,0.017662000000000001,0.0049979999999999998,83259392,NA,NA,NA,NA,NA,NA,NA,NA,180960,89118,2402,8,46606a158b66af8518456db0739cae64d8d2e5f9a80404e15ddbb91810d3af0d,1016,0,1,0
1,5,1,0,22,0.022704138000335661,0.018589999999999999,0.003875,82808832,NA,NA,NA,NA,NA,NA,NA,NA,180960,89118,2402,8,46606a158b66af8518456db0739cae64d8d2e5f9a80404e15ddbb91810d3af0d,568,0,1,2
1,6,0,0,18,0.016977627999949618,0.011871999999999999,0.0049289999999999994,66019328,NA,NA,NA,NA,NA,NA,NA,NA,94392,29499,417,8,ec97d55cded7bb1cbf8e12495905cb68073380af6a6370282abb8f233d21e857,563,0,1,1
1,6,1,1,18,0.01697979500022484,0.010798,0.0058560000000000001,66109440,NA,NA,NA,NA,NA,NA,NA,NA,94392,29499,417,8,ec97d55cded7bb1cbf8e12495905cb68073380af6a6370282abb8f233d21e857,1003,0,1,4
1,6,0,1,0,0.013606397000330617,0.010241,0.0030599999999999998,53673984,NA,NA,NA,NA,NA,NA,NA,NA,2008,136,5,1,a8c1633e798ef980493443e67e6fdb6eada42f775edf7051d304d09c3ddadf5a,997,0,1,2
1,6,1,0,0,0.013893308001570404,0.0087729999999999995,0.0048659999999999997,52846592,NA,NA,NA,NA,NA,NA,NA,NA,2008,136,5,1,a8c1633e798ef980493443e67e6fdb6eada42f775edf7051d304d09c3ddadf5a,1000,0,1,1
1,6,0,1,20,0.029998501000591205,0.023781,0.0059280000000000001,83492864,NA,NA,NA,NA,NA,NA,NA,NA,220064,89118,2402,8,9bed9a0bde0e198846d4983ba78bcd51e5e45d614941dd9bc544c1667832b5ea,573,0,1,8
1,6,1,0,20,0.030212618999939878,0.024981,0.0049759999999999995,82841600,NA,NA,NA,NA,NA,NA,NA,NA,220064,89118,2402,8,9bed9a0bde0e198846d4983ba78bcd51e5e45d614941dd9bc544c1667832b5ea,573,0,1,0
1,6,0,0,22,0.022095691001595696,0.018883999999999998,0.0029499999999999999,82808832,NA,NA,NA,NA,NA,NA,NA,NA,180960,89118,2402,8,46606a158b66af8518456db0739cae64d8d2e5f9a80404e15ddbb91810d3af0d,1021,0,1,1
1,6,1,1,22,0.022042435000912519,0.017887999999999998,0.0039449999999999997,83226624,NA,NA,NA,NA,NA,NA,NA,NA,180960,89118,2402,8,46606a158b66af8518456db0739cae64d8d2e5f9a80404e15ddbb91810d3af0d,1022,0,1,1
1,6,0,1,8,0.013998378999531269,0.0098839999999999987,0.0039259999999999998,55975936,NA,NA,NA,NA,NA,NA,NA,NA,13904,5066,257,64,f70f03940df99c8ce0b0b02082129e05360030bd32e6edc5877c0f69a31bb0a4,557,0,1,1
1,6,1,0,8,0.014968090999900596,0.008829,0.0058899999999999994,54714368,NA,NA,NA,NA,NA,NA,NA,NA,13904,5066,257,64,f70f03940df99c8ce0b0b02082129e05360030bd32e6edc5877c0f69a31bb0a4,996,0,1,3
1,6,0,0,10,0.013916683999923407,0.010576,0.0031409999999999997,55287808,NA,NA,NA,NA,NA,NA,NA,NA,14928,5066,257,64,9655be68483f45304d566dfb3dc63ba1458a5653029061a6b60617464768d366,1005,0,1,1
1,6,1,1,10,0.014048162000108277,0.011843999999999999,0.0019759999999999999,56074240,NA,NA,NA,NA,NA,NA,NA,NA,14928,5066,257,64,9655be68483f45304d566dfb3dc63ba1458a5653029061a6b60617464768d366,1006,0,1,1
1,6,0,0,17,0.017718749999403371,0.013647999999999999,0.0038909999999999999,65990656,NA,NA,NA,NA,NA,NA,NA,NA,127800,29499,417,8,cf7b13a857f01f4a14779c4cf8ec5e795ca6dd011a53f4345643bcaf3709f18a,1012,0,1,6
1,6,1,1,17,0.017385301000103937,0.015146,0.0020249999999999999,66101248,NA,NA,NA,NA,NA,NA,NA,NA,127800,29499,417,8,cf7b13a857f01f4a14779c4cf8ec5e795ca6dd011a53f4345643bcaf3709f18a,1003,0,1,6
1,6,0,1,1,0.013271519999761949,0.009049999999999999,0.004006,53764096,NA,NA,NA,NA,NA,NA,NA,NA,2056,136,5,1,6b21b079ef6f8f7f055926600e53b906dd7be041e021dd2791b7aa8c55e24585,1005,0,2,5
1,6,1,0,1,0.013473769999109209,0.0091500000000000001,0.0040730000000000002,53202944,NA,NA,NA,NA,NA,NA,NA,NA,2056,136,5,1,6b21b079ef6f8f7f055926600e53b906dd7be041e021dd2791b7aa8c55e24585,1008,0,2,6
1,6,0,1,16,0.019901150999430683,0.015716999999999998,0.0039220000000000001,66445312,NA,NA,NA,NA,NA,NA,NA,NA,136888,29499,417,8,af3bdbbd0003d101664215b713d407f2160931601787a4fad2f046110caa3e72,1029,0,1,0
1,6,1,0,16,0.020213257001159946,0.015958,0.0039909999999999998,65687552,NA,NA,NA,NA,NA,NA,NA,NA,136888,29499,417,8,af3bdbbd0003d101664215b713d407f2160931601787a4fad2f046110caa3e72,1009,0,1,5
1,6,0,0,2,0.012814162000722717,0.0087039999999999999,0.0038549999999999999,53170176,NA,NA,NA,NA,NA,NA,NA,NA,2008,136,5,1,8210b4f6eac12a20575e673437437e82cfff653da437ea17992a3aed56a99207,554,0,1,4
1,6,1,1,2,0.013069837001239648,0.0079620000000000003,0.0049499999999999995,53985280,NA,NA,NA,NA,NA,NA,NA,NA,2008,136,5,1,8210b4f6eac12a20575e673437437e82cfff653da437ea17992a3aed56a99207,1003,0,1,0
1,6,0,1,4,0.015438246000485378,0.010114,0.005019,55762944,NA,NA,NA,NA,NA,NA,NA,NA,22160,6529,133,1,3ac5102c6f2bc513eb86f2343729d5f51295afd9e738a690903fa32334fb4c28,1002,0,1,3
1,6,1,0,4,0.015932289999909699,0.012789999999999999,0.002944,55140352,NA,NA,NA,NA,NA,NA,NA,NA,22160,6529,133,1,3ac5102c6f2bc513eb86f2343729d5f51295afd9e738a690903fa32334fb4c28,1002,0,1,1
1,6,0,1,21,0.021812995000800584,0.017469999999999999,0.004084,83324928,NA,NA,NA,NA,NA,NA,NA,NA,277920,89118,2402,8,089ec4ce05f5e4d43e3e352375117ee462b31249b272f87015d01ad0429bd7f9,1018,0,1,5
1,6,1,0,21,0.02186035299928335,0.016680999999999998,0.0049109999999999996,82427904,NA,NA,NA,NA,NA,NA,NA,NA,277920,89118,2402,8,089ec4ce05f5e4d43e3e352375117ee462b31249b272f87015d01ad0429bd7f9,1018,0,1,6
1,6,0,1,3,0.012852100000600331,0.0094629999999999992,0.003153,54403072,NA,NA,NA,NA,NA,NA,NA,NA,2008,136,5,1,8210b4f6eac12a20575e673437437e82cfff653da437ea17992a3aed56a99207,562,0,1,4
1,6,1,0,3,0.013087093000649475,0.0099379999999999989,0.0029859999999999999,53354496,NA,NA,NA,NA,NA,NA,NA,NA,2008,136,5,1,8210b4f6eac12a20575e673437437e82cfff653da437ea17992a3aed56a99207,558,0,1,4
1,6,0,0,7,0.013995687999340589,0.0098329999999999997,0.0039359999999999994,55336960,NA,NA,NA,NA,NA,NA,NA,NA,17504,6529,133,1,5e7e7625c8b52e7a71d9370c6c8ab5025ac2b81f4970efe917952ec17c538f1c,1021,0,1,0
1,6,1,1,7,0.014071251000132179,0.0098189999999999996,0.0039109999999999995,55758848,NA,NA,NA,NA,NA,NA,NA,NA,17504,6529,133,1,5e7e7625c8b52e7a71d9370c6c8ab5025ac2b81f4970efe917952ec17c538f1c,1000,0,1,3
1,6,0,0,13,0.01390774900028191,0.012636,0.0010349999999999999,57532416,NA,NA,NA,NA,NA,NA,NA,NA,41016,35142,517,1,662bf8c3f785828e59b2e955c5f9255272bd2640c5dd7e9c2804e24f24350bdf,562,0,1,3
1,6,1,1,13,0.013899179000873119,0.010461,0.0031340000000000001,57958400,NA,NA,NA,NA,NA,NA,NA,NA,41016,35142,517,1,662bf8c3f785828e59b2e955c5f9255272bd2640c5dd7e9c2804e24f24350bdf,553,0,1,3
1,6,0,0,6,0.014355541999975685,0.010204,0.003901,55066624,NA,NA,NA,NA,NA,NA,NA,NA,17504,6529,133,1,5e7e7625c8b52e7a71d9370c6c8ab5025ac2b81f4970efe917952ec17c538f1c,999,0,1,0
1,6,1,1,6,0.013958646999526536,0.01085,0.0029589999999999998,55746560,NA,NA,NA,NA,NA,NA,NA,NA,17504,6529,133,1,5e7e7625c8b52e7a71d9370c6c8ab5025ac2b81f4970efe917952ec17c538f1c,1000,0,1,1
1,6,0,1,14,0.015761568998641451,0.0094590000000000004,0.0056449999999999998,57716736,NA,NA,NA,NA,NA,NA,NA,NA,32824,35142,517,1,5a24ee2382083ee5d5eb9b364e57818da3678644deec6a705c5878fcd40e5876,1009,0,1,3
1,6,1,0,14,0.014292668998677982,0.0090899999999999991,0.0050209999999999994,57040896,NA,NA,NA,NA,NA,NA,NA,NA,32824,35142,517,1,5a24ee2382083ee5d5eb9b364e57818da3678644deec6a705c5878fcd40e5876,999,0,1,0
1,6,0,0,15,0.013781188999928418,0.012600999999999999,0.00097099999999999997,57425920,NA,NA,NA,NA,NA,NA,NA,NA,32824,35142,517,1,5a24ee2382083ee5d5eb9b364e57818da3678644deec6a705c5878fcd40e5876,552,0,1,1
1,6,1,1,15,0.014041290998648037,0.010808999999999999,0.0029359999999999998,57942016,NA,NA,NA,NA,NA,NA,NA,NA,32824,35142,517,1,5a24ee2382083ee5d5eb9b364e57818da3678644deec6a705c5878fcd40e5876,1002,0,1,0
1,6,0,1,5,0.013884983000025386,0.0073069999999999993,0.0062429999999999994,55758848,NA,NA,NA,NA,NA,NA,NA,NA,25888,6529,133,1,6cbbbbf695d9298d218c01af658d12c9a04646e608628360a5a03df9e71e6d9c,997,0,1,0
1,6,1,0,5,0.013935908000348718,0.010806999999999999,0.0029529999999999999,55156736,NA,NA,NA,NA,NA,NA,NA,NA,25888,6529,133,1,6cbbbbf695d9298d218c01af658d12c9a04646e608628360a5a03df9e71e6d9c,1003,0,1,1
1,6,0,1,9,0.01374182200015639,0.010657,0.002931,55734272,NA,NA,NA,NA,NA,NA,NA,NA,20048,5066,257,64,d8d78f7bb977c6f730c6b5cdfaa88bed294d141a9777385856f783cc112e0874,995,0,1,0
1,6,1,0,9,0.014011416000357713,0.010872,0.0029689999999999999,54902784,NA,NA,NA,NA,NA,NA,NA,NA,20048,5066,257,64,d8d78f7bb977c6f730c6b5cdfaa88bed294d141a9777385856f783cc112e0874,996,0,1,0
1,6,0,1,23,0.037955219000650686,0.032622999999999999,0.0039550000000000002,83509248,NA,NA,NA,NA,NA,NA,NA,NA,180960,89118,2402,8,46606a158b66af8518456db0739cae64d8d2e5f9a80404e15ddbb91810d3af0d,1026,0,1,4
1,6,1,0,23,0.023775456000294071,0.018002000000000001,0.0052649999999999997,82923520,NA,NA,NA,NA,NA,NA,NA,NA,180960,89118,2402,8,46606a158b66af8518456db0739cae64d8d2e5f9a80404e15ddbb91810d3af0d,571,0,1,2
1,6,0,1,19,0.016605631000857102,0.011550999999999999,0.0047919999999999994,66555904,NA,NA,NA,NA,NA,NA,NA,NA,94392,29499,417,8,ec97d55cded7bb1cbf8e12495905cb68073380af6a6370282abb8f233d21e857,564,0,1,2
1,6,1,0,19,0.018424952999339439,0.013129999999999999,0.0050419999999999996,65662976,NA,NA,NA,NA,NA,NA,NA,NA,94392,29499,417,8,ec97d55cded7bb1cbf8e12495905cb68073380af6a6370282abb8f233d21e857,1004,0,1,5
1,6,0,0,12,0.016137939001055202,0.011949,0.0039849999999999998,56991744,NA,NA,NA,NA,NA,NA,NA,NA,40904,35142,517,1,5c836afd34e5659fc140fff27358a40506e741bf81aa02c58678151e3747eac9,999,0,1,4
1,6,1,1,12,0.016340522000973579,0.011391999999999999,0.0047299999999999998,57757696,NA,NA,NA,NA,NA,NA,NA,NA,40904,35142,517,1,5c836afd34e5659fc140fff27358a40506e741bf81aa02c58678151e3747eac9,998,0,1,0
1,6,0,1,11,0.014569982999091735,0.012442999999999999,0.0019169999999999999,56029184,NA,NA,NA,NA,NA,NA,NA,NA,14928,5066,257,64,9655be68483f45304d566dfb3dc63ba1458a5653029061a6b60617464768d366,555,0,1,0
1,6,1,0,11,0.015044854999359814,0.0099119999999999989,0.0049280000000000001,55431168,NA,NA,NA,NA,NA,NA,NA,NA,14928,5066,257,64,9655be68483f45304d566dfb3dc63ba1458a5653029061a6b60617464768d366,562,0,1,0
1,7,0,0,4,0.01702329500039923,0.011864999999999999,0.0049410000000000001,55042048,NA,NA,NA,NA,NA,NA,NA,NA,22160,6529,133,1,3ac5102c6f2bc513eb86f2343729d5f51295afd9e738a690903fa32334fb4c28,999,0,1,0
1,7,1,1,4,0.016697063001629431,0.014400999999999999,0.0020599999999999998,56098816,NA,NA,NA,NA,NA,NA,NA,NA,22160,6529,133,1,3ac5102c6f2bc513eb86f2343729d5f51295afd9e738a690903fa32334fb4c28,558,0,1,0
1,7,0,0,14,0.016684010999597376,0.012308999999999999,0.0041129999999999995,57491456,NA,NA,NA,NA,NA,NA,NA,NA,32824,35142,517,1,5a24ee2382083ee5d5eb9b364e57818da3678644deec6a705c5878fcd40e5876,556,0,1,0
1,7,1,1,14,0.023748848998366157,0.016865999999999999,0.0059629999999999996,58208256,NA,NA,NA,NA,NA,NA,NA,NA,32824,35142,517,1,5a24ee2382083ee5d5eb9b364e57818da3678644deec6a705c5878fcd40e5876,1006,0,1,0
1,7,0,1,7,0.025333574998512631,0.018942999999999998,0.0059829999999999996,55934976,NA,NA,NA,NA,NA,NA,NA,NA,17504,6529,133,1,5e7e7625c8b52e7a71d9370c6c8ab5025ac2b81f4970efe917952ec17c538f1c,1002,0,1,3
1,7,1,0,7,0.027925435999350157,0.022823,0.003947,55099392,NA,NA,NA,NA,NA,NA,NA,NA,17504,6529,133,1,5e7e7625c8b52e7a71d9370c6c8ab5025ac2b81f4970efe917952ec17c538f1c,1001,0,1,3
1,7,0,0,20,0.052313872998638544,0.038193999999999999,0.0087849999999999994,82755584,NA,NA,NA,NA,NA,NA,NA,NA,220064,89118,2402,8,9bed9a0bde0e198846d4983ba78bcd51e5e45d614941dd9bc544c1667832b5ea,572,0,1,6
1,7,1,1,20,0.037784573998578708,0.030487999999999998,0.0068259999999999996,83492864,NA,NA,NA,NA,NA,NA,NA,NA,220064,89118,2402,8,9bed9a0bde0e198846d4983ba78bcd51e5e45d614941dd9bc544c1667832b5ea,571,0,1,2
1,7,0,0,21,0.027911454000786762,0.019435999999999998,0.008180999999999999,82604032,NA,NA,NA,NA,NA,NA,NA,NA,277920,89118,2402,8,089ec4ce05f5e4d43e3e352375117ee462b31249b272f87015d01ad0429bd7f9,1017,0,1,0
1,7,1,1,21,0.027643207000437542,0.02427,0.0030149999999999999,83251200,NA,NA,NA,NA,NA,NA,NA,NA,277920,89118,2402,8,089ec4ce05f5e4d43e3e352375117ee462b31249b272f87015d01ad0429bd7f9,569,0,1,2
1,7,0,1,15,0.018279341000379645,0.013946999999999999,0.0039880000000000002,57937920,NA,NA,NA,NA,NA,NA,NA,NA,32824,35142,517,1,5a24ee2382083ee5d5eb9b364e57818da3678644deec6a705c5878fcd40e5876,1002,0,1,9
1,7,1,0,15,0.017995707999943988,0.012712999999999999,0.0048830000000000002,57188352,NA,NA,NA,NA,NA,NA,NA,NA,32824,35142,517,1,5a24ee2382083ee5d5eb9b364e57818da3678644deec6a705c5878fcd40e5876,1002,0,1,6
1,7,0,1,17,0.022026610000466462,0.014863999999999999,0.0069189999999999998,66646016,NA,NA,NA,NA,NA,NA,NA,NA,127800,29499,417,8,cf7b13a857f01f4a14779c4cf8ec5e795ca6dd011a53f4345643bcaf3709f18a,1010,0,1,0
1,7,1,0,17,0.022273235999819008,0.016361999999999998,0.0050899999999999999,65728512,NA,NA,NA,NA,NA,NA,NA,NA,127800,29499,417,8,cf7b13a857f01f4a14779c4cf8ec5e795ca6dd011a53f4345643bcaf3709f18a,559,0,1,2
1,7,0,0,1,0.016939105000346899,0.010846999999999999,0.0058890000000000001,53301248,NA,NA,NA,NA,NA,NA,NA,NA,2056,136,5,1,6b21b079ef6f8f7f055926600e53b906dd7be041e021dd2791b7aa8c55e24585,1003,0,1,0
1,7,1,1,1,0.01661309199880634,0.013063,0.0032669999999999999,53923840,NA,NA,NA,NA,NA,NA,NA,NA,2056,136,5,1,6b21b079ef6f8f7f055926600e53b906dd7be041e021dd2791b7aa8c55e24585,1002,0,1,3
1,7,0,1,13,0.017592944999705651,0.012260999999999999,0.0051149999999999998,57987072,NA,NA,NA,NA,NA,NA,NA,NA,41016,35142,517,1,662bf8c3f785828e59b2e955c5f9255272bd2640c5dd7e9c2804e24f24350bdf,1028,0,1,1
1,7,1,0,13,0.017715849000524031,0.012348999999999999,0.0051489999999999999,57344000,NA,NA,NA,NA,NA,NA,NA,NA,41016,35142,517,1,662bf8c3f785828e59b2e955c5f9255272bd2640c5dd7e9c2804e24f24350bdf,1004,0,1,1
1,7,0,1,18,0.022102291000919649,0.016847999999999998,0.0049740000000000001,66211840,NA,NA,NA,NA,NA,NA,NA,NA,94392,29499,417,8,ec97d55cded7bb1cbf8e12495905cb68073380af6a6370282abb8f233d21e857,1005,0,1,3
1,7,1,0,18,0.022066596000513528,0.016795000000000001,0.0049489999999999994,66269184,NA,NA,NA,NA,NA,NA,NA,NA,94392,29499,417,8,ec97d55cded7bb1cbf8e12495905cb68073380af6a6370282abb8f233d21e857,568,0,1,5
1,7,0,0,5,0.019265040000391309,0.012759999999999999,0.0059199999999999999,55140352,NA,NA,NA,NA,NA,NA,NA,NA,25888,6529,133,1,6cbbbbf695d9298d218c01af658d12c9a04646e608628360a5a03df9e71e6d9c,999,0,1,9
1,7,1,1,5,0.019834992001051432,0.01346,0.0051479999999999998,55484416,NA,NA,NA,NA,NA,NA,NA,NA,25888,6529,133,1,6cbbbbf695d9298d218c01af658d12c9a04646e608628360a5a03df9e71e6d9c,995,0,1,5
1,7,0,1,22,0.029427177998513798,0.024367,0.0040660000000000002,83345408,NA,NA,NA,NA,NA,NA,NA,NA,180960,89118,2402,8,46606a158b66af8518456db0739cae64d8d2e5f9a80404e15ddbb91810d3af0d,568,0,1,5
1,7,1,0,22,0.028297816999838687,0.021963,0.0059779999999999998,82489344,NA,NA,NA,NA,NA,NA,NA,NA,180960,89118,2402,8,46606a158b66af8518456db0739cae64d8d2e5f9a80404e15ddbb91810d3af0d,1013,0,1,6
1,7,0,1,6,0.017326414001217927,0.012081999999999999,0.0049509999999999997,55693312,NA,NA,NA,NA,NA,NA,NA,NA,17504,6529,133,1,5e7e7625c8b52e7a71d9370c6c8ab5025ac2b81f4970efe917952ec17c538f1c,997,0,1,4
1,7,1,0,6,0.018096034998961841,0.014294999999999999,0.0030399999999999997,54992896,NA,NA,NA,NA,NA,NA,NA,NA,17504,6529,133,1,5e7e7625c8b52e7a71d9370c6c8ab5025ac2b81f4970efe917952ec17c538f1c,997,0,1,4
1,7,0,0,0,0.017036941999322153,0.012938999999999999,0.0029849999999999998,53317632,NA,NA,NA,NA,NA,NA,NA,NA,2008,136,5,1,a8c1633e798ef980493443e67e6fdb6eada42f775edf7051d304d09c3ddadf5a,558,0,1,3
1,7,1,1,0,0.016584699998929864,0.011576999999999999,0.0048069999999999996,53731328,NA,NA,NA,NA,NA,NA,NA,NA,2008,136,5,1,a8c1633e798ef980493443e67e6fdb6eada42f775edf7051d304d09c3ddadf5a,999,0,1,0
1,7,0,0,8,0.01924724799937394,0.013710999999999999,0.0041609999999999998,54939648,NA,NA,NA,NA,NA,NA,NA,NA,13904,5066,257,64,f70f03940df99c8ce0b0b02082129e05360030bd32e6edc5877c0f69a31bb0a4,1044,0,1,7
1,7,1,1,8,0.016647054999339161,0.011552999999999999,0.004816,55771136,NA,NA,NA,NA,NA,NA,NA,NA,13904,5066,257,64,f70f03940df99c8ce0b0b02082129e05360030bd32e6edc5877c0f69a31bb0a4,555,0,1,0
1,7,0,0,23,0.029957282000395935,0.023473999999999998,0.0050869999999999995,82341888,NA,NA,NA,NA,NA,NA,NA,NA,180960,89118,2402,8,46606a158b66af8518456db0739cae64d8d2e5f9a80404e15ddbb91810d3af0d,1015,0,1,5
1,7,1,1,23,0.02920644899859326,0.020983999999999999,0.0079889999999999996,83070976,NA,NA,NA,NA,NA,NA,NA,NA,180960,89118,2402,8,46606a158b66af8518456db0739cae64d8d2e5f9a80404e15ddbb91810d3af0d,1013,0,1,0
1,7,0,1,12,0.018524050001360592,0.015359999999999999,0.0028609999999999998,57999360,NA,NA,NA,NA,NA,NA,NA,NA,40904,35142,517,1,5c836afd34e5659fc140fff27358a40506e741bf81aa02c58678151e3747eac9,1005,0,1,1
1,7,1,0,12,0.019726986000023317,0.014591,0.0038629999999999997,57221120,NA,NA,NA,NA,NA,NA,NA,NA,40904,35142,517,1,5c836afd34e5659fc140fff27358a40506e741bf81aa02c58678151e3747eac9,1006,0,1,6
1,7,0,0,9,0.017736009998770896,0.013861,0.002947,54824960,NA,NA,NA,NA,NA,NA,NA,NA,20048,5066,257,64,d8d78f7bb977c6f730c6b5cdfaa88bed294d141a9777385856f783cc112e0874,1002,0,1,1
1,7,1,1,9,0.016265121001197258,0.011974,0.0039689999999999994,56233984,NA,NA,NA,NA,NA,NA,NA,NA,20048,5066,257,64,d8d78f7bb977c6f730c6b5cdfaa88bed294d141a9777385856f783cc112e0874,560,0,1,1
1,7,0,1,10,0.017339145000732969,0.012449999999999999,0.0041250000000000002,55758848,NA,NA,NA,NA,NA,NA,NA,NA,14928,5066,257,64,9655be68483f45304d566dfb3dc63ba1458a5653029061a6b60617464768d366,999,0,1,5
1,7,1,0,10,0.017793208999137278,0.011894999999999999,0.0049379999999999997,55156736,NA,NA,NA,NA,NA,NA,NA,NA,14928,5066,257,64,9655be68483f45304d566dfb3dc63ba1458a5653029061a6b60617464768d366,1005,0,1,3
1,7,0,0,16,0.024730773000555928,0.019393000000000001,0.0050809999999999996,65781760,NA,NA,NA,NA,NA,NA,NA,NA,136888,29499,417,8,af3bdbbd0003d101664215b713d407f2160931601787a4fad2f046110caa3e72,558,0,1,0
1,7,1,1,16,0.024512371001037536,0.018942999999999998,0.0049020000000000001,66371584,NA,NA,NA,NA,NA,NA,NA,NA,136888,29499,417,8,af3bdbbd0003d101664215b713d407f2160931601787a4fad2f046110caa3e72,1007,0,1,4
1,7,0,1,2,0.016618747999018524,0.010447999999999999,0.0057089999999999997,53927936,NA,NA,NA,NA,NA,NA,NA,NA,2008,136,5,1,8210b4f6eac12a20575e673437437e82cfff653da437ea17992a3aed56a99207,555,0,1,9
1,7,1,0,2,0.019092264999926556,0.012622,0.0048599999999999997,52736000,NA,NA,NA,NA,NA,NA,NA,NA,2008,136,5,1,8210b4f6eac12a20575e673437437e82cfff653da437ea17992a3aed56a99207,996,0,1,7
1,7,0,0,11,0.018562036999355769,0.01108,0.0069699999999999996,55554048,NA,NA,NA,NA,NA,NA,NA,NA,14928,5066,257,64,9655be68483f45304d566dfb3dc63ba1458a5653029061a6b60617464768d366,1033,0,1,5
1,7,1,1,11,0.018800380999891786,0.013557,0.003104,55881728,NA,NA,NA,NA,NA,NA,NA,NA,14928,5066,257,64,9655be68483f45304d566dfb3dc63ba1458a5653029061a6b60617464768d366,1002,0,1,14
1,7,0,0,19,0.020579975000146078,0.015186,0.0050689999999999997,65990656,NA,NA,NA,NA,NA,NA,NA,NA,94392,29499,417,8,ec97d55cded7bb1cbf8e12495905cb68073380af6a6370282abb8f233d21e857,1053,0,1,6
1,7,1,1,19,0.020499967999057844,0.013441,0.0067199999999999994,66572288,NA,NA,NA,NA,NA,NA,NA,NA,94392,29499,417,8,ec97d55cded7bb1cbf8e12495905cb68073380af6a6370282abb8f233d21e857,561,0,1,6
1,7,0,0,3,0.017160567998871556,0.012919,0.0039610000000000001,53075968,NA,NA,NA,NA,NA,NA,NA,NA,2008,136,5,1,8210b4f6eac12a20575e673437437e82cfff653da437ea17992a3aed56a99207,1001,0,1,5
1,7,1,1,3,0.016651256000841386,0.0095599999999999991,0.0066809999999999994,54276096,NA,NA,NA,NA,NA,NA,NA,NA,2008,136,5,1,8210b4f6eac12a20575e673437437e82cfff653da437ea17992a3aed56a99207,558,0,1,2
