round,pair,order,variant,job,wall_seconds,user_seconds,system_seconds,peak_rss_bytes,cycles,instructions,branches,branch_misses,cache_references,cache_misses,arena_calls,arena_bytes,output_bytes,source_bytes,source_lines,source_functions,output_sha256,minor_faults,major_faults,voluntary_context_switches,involuntary_context_switches
0,0,0,1,1,0.019469130998913897,0.0078379999999999995,0.011443999999999999,24408064,NA,NA,NA,NA,NA,NA,NA,NA,2056,133,5,1,6b21b079ef6f8f7f055926600e53b906dd7be041e021dd2791b7aa8c55e24585,3621,0,2,1
0,0,1,0,1,0.01685139399705804,0.016701000000000001,0,24350720,NA,NA,NA,NA,NA,NA,NA,NA,2056,133,5,1,6b21b079ef6f8f7f055926600e53b906dd7be041e021dd2791b7aa8c55e24585,3624,0,2,0
0,0,0,1,11,0.024268582001241157,0.024093999999999997,0,30441472,NA,NA,NA,NA,NA,NA,NA,NA,106320,39898,2049,512,7b8f1ead52d1f75ea51a9518f4611f96b3105a83b8e9ff16958705114f2a13b3,5050,0,2,2
0,0,1,0,11,0.023791421001078561,0.0047829999999999999,0.018876,30154752,NA,NA,NA,NA,NA,NA,NA,NA,106320,39898,2049,512,7b8f1ead52d1f75ea51a9518f4611f96b3105a83b8e9ff16958705114f2a13b3,5042,0,2,0
0,0,0,0,21,0.16720503999749781,0.131298,0.035531,60084224,NA,NA,NA,NA,NA,NA,NA,NA,2209528,711531,19202,64,955dcf7525f03629d689feea1585905e0b8700805efb32f241197b1ebcb41ffa,12176,0,2,2
0,0,1,1,21,0.1573771269977442,0.12950999999999999,0.027601999999999998,60424192,NA,NA,NA,NA,NA,NA,NA,NA,2209528,711531,19202,64,955dcf7525f03629d689feea1585905e0b8700805efb32f241197b1ebcb41ffa,12198,0,2,3
0,0,0,0,6,0.031215046001307201,0.018678999999999998,0.012353999999999999,30810112,NA,NA,NA,NA,NA,NA,NA,NA,126024,51085,1029,1,d6479df97612ac41a8966333a6ef58076a32dad29a20f6bc64e0a5b65673088c,5175,0,2,0
0,0,1,1,6,0.038943403000303078,0.023036999999999998,0.015751999999999999,30535680,NA,NA,NA,NA,NA,NA,NA,NA,126024,51085,1029,1,d6479df97612ac41a8966333a6ef58076a32dad29a20f6bc64e0a5b65673088c,5164,0,2,0
0,0,0,1,0,0.017864117999124574,0.013176999999999999,0.0044819999999999999,24514560,NA,NA,NA,NA,NA,NA,NA,NA,2008,133,5,1,a8c1633e798ef980493443e67e6fdb6eada42f775edf7051d304d09c3ddadf5a,3647,0,2,1
0,0,1,0,0,0.017651332000241382,0.017447999999999998,0,24440832,NA,NA,NA,NA,NA,NA,NA,NA,2008,133,5,1,a8c1633e798ef980493443e67e6fdb6eada42f775edf7051d304d09c3ddadf5a,3651,0,2,0
0,0,0,1,9,0.02496368500214885,0.012187,0.012584999999999999,30457856,NA,NA,NA,NA,NA,NA,NA,NA,147280,39898,2049,512,02ee45f00f5fa967779eb017bd9c1965526161af8ee6a0f23a31a68b3dbbac77,5074,0,2,1
0,0,1,0,9,0.024827358000038657,0.010527999999999999,0.014109999999999999,30236672,NA,NA,NA,NA,NA,NA,NA,NA,147280,39898,2049,512,02ee45f00f5fa967779eb017bd9c1965526161af8ee6a0f23a31a68b3dbbac77,5056,0,2,2
0,0,0,0,10,0.028380821000610013,0.028192999999999999,0,30101504,NA,NA,NA,NA,NA,NA,NA,NA,106320,39898,2049,512,7b8f1ead52d1f75ea51a9518f4611f96b3105a83b8e9ff16958705114f2a13b3,5025,0,2,1
0,0,1,1,10,0.029863894000300206,0.021939,0.0077640000000000001,29999104,NA,NA,NA,NA,NA,NA,NA,NA,106320,39898,2049,512,7b8f1ead52d1f75ea51a9518f4611f96b3105a83b8e9ff16958705114f2a13b3,5050,0,2,1
0,0,0,0,4,0.058637384998291964,0.046387999999999999,0.012064,28766208,NA,NA,NA,NA,NA,NA,NA,NA,163920,51085,1029,1,3469c6c02ad818b9b840f744b74781f39d0d6d69319fb824d729f7875274b381,4655,0,2,2
0,0,1,1,4,0.049730218001059256,0.041443999999999995,0.0081169999999999992,28737536,NA,NA,NA,NA,NA,NA,NA,NA,163920,51085,1029,1,3469c6c02ad818b9b840f744b74781f39d0d6d69319fb824d729f7875274b381,4696,0,2,1
0,0,0,0,5,0.03518865200021537,0.023806999999999998,0.011221999999999999,30822400,NA,NA,NA,NA,NA,NA,NA,NA,192736,51085,1029,1,98c15b8b4636441c6e839c68a3bed9dee3bd8ae062882739073db7b7ed7d66f3,5217,0,1,1
0,0,1,1,5,0.031868745001702337,0.019401999999999999,0.012279,31027200,NA,NA,NA,NA,NA,NA,NA,NA,192736,51085,1029,1,98c15b8b4636441c6e839c68a3bed9dee3bd8ae062882739073db7b7ed7d66f3,5204,0,2,1
0,0,0,0,16,0.091512441002123524,0.066949999999999996,0.024371,42647552,NA,NA,NA,NA,NA,NA,NA,NA,1082000,235398,3329,64,0a2640f1e20aa1aa539adbeb18cdf2a1ebe47a1dc573029aa0c35ed433364c04,8040,0,2,1
0,0,1,1,16,0.088946884003235027,0.080481999999999998,0.0082699999999999996,43831296,NA,NA,NA,NA,NA,NA,NA,NA,1082000,235398,3329,64,0a2640f1e20aa1aa539adbeb18cdf2a1ebe47a1dc573029aa0c35ed433364c04,8312,0,2,1
0,0,0,0,2,0.017677256997558288,0.013096,0.004365,24481792,NA,NA,NA,NA,NA,NA,NA,NA,2008,133,5,1,8210b4f6eac12a20575e673437437e82cfff653da437ea17992a3aed56a99207,3638,0,2,1
0,0,1,1,2,0.017436726000596536,0.013191999999999999,0.0033219999999999999,24399872,NA,NA,NA,NA,NA,NA,NA,NA,2008,133,5,1,8210b4f6eac12a20575e673437437e82cfff653da437ea17992a3aed56a99207,3619,0,1,0
0,0,0,0,12,0.039553995000460418,0.031501999999999995,0.0078689999999999993,31289344,NA,NA,NA,NA,NA,NA,NA,NA,313424,280189,4101,1,0f9e44f960c45a3ca86cde574970381ef909d64a6bb2d20a17395bced584502a,5236,0,2,2
0,0,1,1,12,0.044723252998664975,0.036736999999999999,0.0078320000000000004,31145984,NA,NA,NA,NA,NA,NA,NA,NA,313424,280189,4101,1,0f9e44f960c45a3ca86cde574970381ef909d64a6bb2d20a17395bced584502a,5239,0,2,1
0,0,0,1,3,0.019889781000529183,0.015401999999999999,0.0043109999999999997,24403968,NA,NA,NA,NA,NA,NA,NA,NA,2008,133,5,1,8210b4f6eac12a20575e673437437e82cfff653da437ea17992a3aed56a99207,3616,0,2,2
0,0,1,0,3,0.017806803996791132,0.013120999999999999,0.0045469999999999998,24637440,NA,NA,NA,NA,NA,NA,NA,NA,2008,133,5,1,8210b4f6eac12a20575e673437437e82cfff653da437ea17992a3aed56a99207,3638,0,2,0
0,0,0,1,20,0.21162376299980679,0.17805199999999999,0.033316999999999999,60325888,NA,NA,NA,NA,NA,NA,NA,NA,1746680,711531,19202,64,e4041ce2b5b6df572ca4d0ca66e6006ad368116646e82963f7e9550b84ab78ca,12250,0,2,4
0,0,1,0,20,0.19469740700151306,0.17490899999999998,0.019488999999999999,60002304,NA,NA,NA,NA,NA,NA,NA,NA,1746680,711531,19202,64,e4041ce2b5b6df572ca4d0ca66e6006ad368116646e82963f7e9550b84ab78ca,12209,0,2,1
0,0,0,0,15,0.032621270001982339,0.019354,0.012794999999999999,31846400,NA,NA,NA,NA,NA,NA,NA,NA,247896,280189,4101,1,cf0f1cc1e290dce65809b3140c6f2dc9062a9f452120988a3a869e7faab69134,5404,0,2,1
0,0,1,1,15,0.038152498000272317,0.025215999999999999,0.012775,32145408,NA,NA,NA,NA,NA,NA,NA,NA,247896,280189,4101,1,cf0f1cc1e290dce65809b3140c6f2dc9062a9f452120988a3a869e7faab69134,5387,0,2,1
0,0,0,0,17,0.085329002002254128,0.069640999999999995,0.015531,41529344,NA,NA,NA,NA,NA,NA,NA,NA,1009296,235398,3329,64,46bbbc4439d5a1911d5728e76ba413a577b270d33a6d6f7287d5e66409ad1e95,7688,0,2,1
0,0,1,1,17,0.07531697800004622,0.068152999999999991,0.0067729999999999995,42582016,NA,NA,NA,NA,NA,NA,NA,NA,1009296,235398,3329,64,46bbbc4439d5a1911d5728e76ba413a577b270d33a6d6f7287d5e66409ad1e95,7942,0,1,17
0,0,0,0,8,0.030571456001780462,0.018076999999999999,0.012341,31432704,NA,NA,NA,NA,NA,NA,NA,NA,98128,39898,2049,512,d54e0d3e437f1319c5e0037da4750229225984f79f1ebd587b1323affae587ab,5539,0,2,1
0,0,1,1,8,0.029601602000184357,0.029416999999999999,0,31563776,NA,NA,NA,NA,NA,NA,NA,NA,98128,39898,2049,512,d54e0d3e437f1319c5e0037da4750229225984f79f1ebd587b1323affae587ab,5568,0,2,1
0,0,0,0,7,0.028344524998829002,0.020331999999999999,0.0078580000000000004,30953472,NA,NA,NA,NA,NA,NA,NA,NA,126024,51085,1029,1,d6479df97612ac41a8966333a6ef58076a32dad29a20f6bc64e0a5b65673088c,5219,0,2,0
0,0,1,1,7,0.027098744998511393,0.019035,0.0078230000000000001,30756864,NA,NA,NA,NA,NA,NA,NA,NA,126024,51085,1029,1,d6479df97612ac41a8966333a6ef58076a32dad29a20f6bc64e0a5b65673088c,5237,0,2,3
0,0,0,1,18,0.059962567996990401,0.043954,0.015837,41345024,NA,NA,NA,NA,NA,NA,NA,NA,742032,235398,3329,64,ef3fe9f327a6ee2b8ff8e0c5cce4ce61f805f0660ce139a533f5137453c188bc,7774,0,2,2
0,0,1,0,18,0.057507876997988205,0.053466,0.0038829999999999997,40599552,NA,NA,NA,NA,NA,NA,NA,NA,742032,235398,3329,64,ef3fe9f327a6ee2b8ff8e0c5cce4ce61f805f0660ce139a533f5137453c188bc,7504,0,2,1
0,0,0,0,22,0.15435693000108586,0.12428099999999999,0.029859999999999998,58048512,NA,NA,NA,NA,NA,NA,NA,NA,1433848,711531,19202,64,7fe8e0e1367c4dc75afe736c0ee35e3a3755c0152301f3880ce2412132a22623,11592,0,2,2
0,0,1,1,22,0.15430546400239109,0.12199399999999999,0.032022000000000002,58228736,NA,NA,NA,NA,NA,NA,NA,NA,1433848,711531,19202,64,7fe8e0e1367c4dc75afe736c0ee35e3a3755c0152301f3880ce2412132a22623,11634,0,2,2
0,0,0,1,23,0.15622383699883358,0.12810299999999999,0.027906,58044416,NA,NA,NA,NA,NA,NA,NA,NA,1433848,711531,19202,64,7fe8e0e1367c4dc75afe736c0ee35e3a3755c0152301f3880ce2412132a22623,11696,0,2,1
0,0,1,0,23,0.18230162200052291,0.16386199999999998,0.017742000000000001,58073088,NA,NA,NA,NA,NA,NA,NA,NA,1433848,711531,19202,64,7fe8e0e1367c4dc75afe736c0ee35e3a3755c0152301f3880ce2412132a22623,11670,0,1,11
0,0,0,0,19,0.069016990997624816,0.053180999999999999,0.015695000000000001,40525824,NA,NA,NA,NA,NA,NA,NA,NA,742032,235398,3329,64,ef3fe9f327a6ee2b8ff8e0c5cce4ce61f805f0660ce139a533f5137453c188bc,7507,0,1,1
0,0,1,1,19,0.066459992001909995,0.054065999999999996,0.012225999999999999,42614784,NA,NA,NA,NA,NA,NA,NA,NA,742032,235398,3329,64,ef3fe9f327a6ee2b8ff8e0c5cce4ce61f805f0660ce139a533f5137453c188bc,7779,0,2,1
0,0,0,1,13,0.029418565998639679,0.024961000000000001,0.0042759999999999994,31993856,NA,NA,NA,NA,NA,NA,NA,NA,313536,280189,4101,1,5a04cd3dab823e43a4d317f4a27057eec5b1fcaecf9843229a14a897b95f1f29,5439,0,2,1
0,0,1,0,13,0.029150501999538392,0.016635999999999998,0.012333,31846400,NA,NA,NA,NA,NA,NA,NA,NA,313536,280189,4101,1,5a04cd3dab823e43a4d317f4a27057eec5b1fcaecf9843229a14a897b95f1f29,5426,0,2,0
0,0,0,1,14,0.028943204997631256,0.011001,0.017801999999999998,31862784,NA,NA,NA,NA,NA,NA,NA,NA,247896,280189,4101,1,cf0f1cc1e290dce65809b3140c6f2dc9062a9f452120988a3a869e7faab69134,5363,0,2,0
0,0,1,0,14,0.027216959002544172,0.019282000000000001,0.0077889999999999999,31887360,NA,NA,NA,NA,NA,NA,NA,NA,247896,280189,4101,1,cf0f1cc1e290dce65809b3140c6f2dc9062a9f452120988a3a869e7faab69134,5362,0,2,0
0,1,0,1,17,0.068263798999396386,0.063939999999999997,0.004019,42524672,NA,NA,NA,NA,NA,NA,NA,NA,1009296,235398,3329,64,46bbbc4439d5a1911d5728e76ba413a577b270d33a6d6f7287d5e66409ad1e95,7944,0,2,3
0,1,1,0,17,0.078012141999352025,0.068905999999999995,0.008794999999999999,41205760,NA,NA,NA,NA,NA,NA,NA,NA,1009296,235398,3329,64,46bbbc4439d5a1911d5728e76ba413a577b270d33a6d6f7287d5e66409ad1e95,7687,0,2,1
0,1,0,0,0,0.018711642998823663,0.013949,0.004516,24731648,NA,NA,NA,NA,NA,NA,NA,NA,2008,133,5,1,a8c1633e798ef980493443e67e6fdb6eada42f775edf7051d304d09c3ddadf5a,3649,0,2,2
0,1,1,1,0,0.017054873002052773,0.010218999999999999,0.006685,24403968,NA,NA,NA,NA,NA,NA,NA,NA,2008,133,5,1,a8c1633e798ef980493443e67e6fdb6eada42f775edf7051d304d09c3ddadf5a,3644,0,2,0
0,1,0,1,10,0.027889768000022741,0.016250999999999998,0.011462999999999999,30478336,NA,NA,NA,NA,NA,NA,NA,NA,106320,39898,2049,512,7b8f1ead52d1f75ea51a9518f4611f96b3105a83b8e9ff16958705114f2a13b3,5047,0,2,2
0,1,1,0,10,0.023908991999633145,0.019934,0.0038409999999999998,30203904,NA,NA,NA,NA,NA,NA,NA,NA,106320,39898,2049,512,7b8f1ead52d1f75ea51a9518f4611f96b3105a83b8e9ff16958705114f2a13b3,5023,0,2,0
0,1,0,1,8,0.031686318998254137,0.018286999999999998,0.012924999999999999,31244288,NA,NA,NA,NA,NA,NA,NA,NA,98128,39898,2049,512,d54e0d3e437f1319c5e0037da4750229225984f79f1ebd587b1323affae587ab,5582,0,2,2
0,1,1,0,8,0.026853164999920409,0.018946999999999999,0.007698,31309824,NA,NA,NA,NA,NA,NA,NA,NA,98128,39898,2049,512,d54e0d3e437f1319c5e0037da4750229225984f79f1ebd587b1323affae587ab,5543,0,2,2
0,1,0,0,9,0.023513386000558967,0.01162,0.011729,30162944,NA,NA,NA,NA,NA,NA,NA,NA,147280,39898,2049,512,02ee45f00f5fa967779eb017bd9c1965526161af8ee6a0f23a31a68b3dbbac77,5070,0,2,1
0,1,1,1,9,0.025717412998346845,0.017923999999999999,0.0076569999999999997,30572544,NA,NA,NA,NA,NA,NA,NA,NA,147280,39898,2049,512,02ee45f00f5fa967779eb017bd9c1965526161af8ee6a0f23a31a68b3dbbac77,5094,0,2,0
0,1,0,0,18,0.057527992001269013,0.045164999999999997,0.012183999999999999,40673280,NA,NA,NA,NA,NA,NA,NA,NA,742032,235398,3329,64,ef3fe9f327a6ee2b8ff8e0c5cce4ce61f805f0660ce139a533f5137453c188bc,7505,0,2,2
0,1,1,1,18,0.061195420999865746,0.052627999999999994,0.0084119999999999993,41500672,NA,NA,NA,NA,NA,NA,NA,NA,742032,235398,3329,64,ef3fe9f327a6ee2b8ff8e0c5cce4ce61f805f0660ce139a533f5137453c188bc,7759,0,2,1
0,1,0,0,11,0.024727997999434592,0.024560999999999999,0,30375936,NA,NA,NA,NA,NA,NA,NA,NA,106320,39898,2049,512,7b8f1ead52d1f75ea51a9518f4611f96b3105a83b8e9ff16958705114f2a13b3,5022,0,2,1
0,1,1,1,11,0.023643539996555774,0.011821,0.011672,30482432,NA,NA,NA,NA,NA,NA,NA,NA,106320,39898,2049,512,7b8f1ead52d1f75ea51a9518f4611f96b3105a83b8e9ff16958705114f2a13b3,5060,0,2,1
0,1,0,1,12,0.038493724998261314,0.038351999999999997,0,31215616,NA,NA,NA,NA,NA,NA,NA,NA,313424,280189,4101,1,0f9e44f960c45a3ca86cde574970381ef909d64a6bb2d20a17395bced584502a,5221,0,2,1
0,1,1,0,12,0.041991102003521519,0.035084999999999998,0.006764,31195136,NA,NA,NA,NA,NA,NA,NA,NA,313424,280189,4101,1,0f9e44f960c45a3ca86cde574970381ef909d64a6bb2d20a17395bced584502a,5243,0,2,1
0,1,0,1,2,0.016786377000244102,0.012744,0.0039150000000000001,24580096,NA,NA,NA,NA,NA,NA,NA,NA,2008,133,5,1,8210b4f6eac12a20575e673437437e82cfff653da437ea17992a3aed56a99207,3636,0,2,0
0,1,1,0,2,0.020643320000090171,0.011646,0.0088519999999999988,24326144,NA,NA,NA,NA,NA,NA,NA,NA,2008,133,5,1,8210b4f6eac12a20575e673437437e82cfff653da437ea17992a3aed56a99207,3626,0,2,1
0,1,0,0,20,0.21985753500121064,0.195409,0.024122999999999999,59944960,NA,NA,NA,NA,NA,NA,NA,NA,1746680,711531,19202,64,e4041ce2b5b6df572ca4d0ca66e6006ad368116646e82963f7e9550b84ab78ca,12197,0,2,2
0,1,1,1,20,0.21343662799699814,0.18785399999999999,0.025353000000000001,60424192,NA,NA,NA,NA,NA,NA,NA,NA,1746680,711531,19202,64,e4041ce2b5b6df572ca4d0ca66e6006ad368116646e82963f7e9550b84ab78ca,12252,0,2,1
0,1,0,1,15,0.042937292000715388,0.030270999999999999,0.012303,32026624,NA,NA,NA,NA,NA,NA,NA,NA,247896,280189,4101,1,cf0f1cc1e290dce65809b3140c6f2dc9062a9f452120988a3a869e7faab69134,5388,0,2,1
0,1,1,0,15,0.0303087329994014,0.026303999999999998,0.0038069999999999996,31895552,NA,NA,NA,NA,NA,NA,NA,NA,247896,280189,4101,1,cf0f1cc1e290dce65809b3140c6f2dc9062a9f452120988a3a869e7faab69134,5388,0,2,2
0,1,0,1,6,0.030466676002106396,0.019417999999999998,0.010879,30666752,NA,NA,NA,NA,NA,NA,NA,NA,126024,51085,1029,1,d6479df97612ac41a8966333a6ef58076a32dad29a20f6bc64e0a5b65673088c,5181,0,2,1
0,1,1,0,6,0.028960788000404136,0.024452999999999999,0.0043349999999999994,30699520,NA,NA,NA,NA,NA,NA,NA,NA,126024,51085,1029,1,d6479df97612ac41a8966333a6ef58076a32dad29a20f6bc64e0a5b65673088c,5162,0,2,1
0,1,0,0,1,0.026481257998966612,0.022435,0.0034499999999999999,24670208,NA,NA,NA,NA,NA,NA,NA,NA,2056,133,5,1,6b21b079ef6f8f7f055926600e53b906dd7be041e021dd2791b7aa8c55e24585,3639,0,2,1
0,1,1,1,1,0.024211060001107398,0.021422999999999998,0.0024259999999999998,24432640,NA,NA,NA,NA,NA,NA,NA,NA,2056,133,5,1,6b21b079ef6f8f7f055926600e53b906dd7be041e021dd2791b7aa8c55e24585,3638,0,2,2
0,1,0,0,3,0.017560542997671291,0.014154,0.0032549999999999996,24563712,NA,NA,NA,NA,NA,NA,NA,NA,2008,133,5,1,8210b4f6eac12a20575e673437437e82cfff653da437ea17992a3aed56a99207,3619,0,2,2
0,1,1,1,3,0.017743643998983316,0.0089040000000000005,0.0086610000000000003,24399872,NA,NA,NA,NA,NA,NA,NA,NA,2008,133,5,1,8210b4f6eac12a20575e673437437e82cfff653da437ea17992a3aed56a99207,3619,0,2,0
0,1,0,1,21,0.16517161899901112,0.13294500000000001,0.031782999999999999,61464576,NA,NA,NA,NA,NA,NA,NA,NA,2209528,711531,19202,64,955dcf7525f03629d689feea1585905e0b8700805efb32f241197b1ebcb41ffa,12216,0,2,2
0,1,1,0,21,0.14800185700005386,0.13492399999999999,0.012869,60080128,NA,NA,NA,NA,NA,NA,NA,NA,2209528,711531,19202,64,955dcf7525f03629d689feea1585905e0b8700805efb32f241197b1ebcb41ffa,12177,0,2,1
0,1,0,1,16,0.10535095099839964,0.092974000000000001,0.012199,43622400,NA,NA,NA,NA,NA,NA,NA,NA,1082000,235398,3329,64,0a2640f1e20aa1aa539adbeb18cdf2a1ebe47a1dc573029aa0c35ed433364c04,8292,0,2,1
0,1,1,0,16,0.094420222998451209,0.082490999999999995,0.011665999999999999,42909696,NA,NA,NA,NA,NA,NA,NA,NA,1082000,235398,3329,64,0a2640f1e20aa1aa539adbeb18cdf2a1ebe47a1dc573029aa0c35ed433364c04,8052,0,2,1
0,1,0,0,13,0.027970127001026412,0.015747000000000001,0.012060999999999999,32010240,NA,NA,NA,NA,NA,NA,NA,NA,313536,280189,4101,1,5a04cd3dab823e43a4d317f4a27057eec5b1fcaecf9843229a14a897b95f1f29,5447,0,2,1
0,1,1,1,13,0.02992906700092135,0.017447999999999998,0.012324,31956992,NA,NA,NA,NA,NA,NA,NA,NA,313536,280189,4101,1,5a04cd3dab823e43a4d317f4a27057eec5b1fcaecf9843229a14a897b95f1f29,5425,0,2,1
0,1,0,0,23,0.15336084400041727,0.12499199999999999,0.028201,58032128,NA,NA,NA,NA,NA,NA,NA,NA,1433848,711531,19202,64,7fe8e0e1367c4dc75afe736c0ee35e3a3755c0152301f3880ce2412132a22623,11676,0,2,1
0,1,1,1,23,0.17174678800074616,0.142847,0.028648999999999997,58286080,NA,NA,NA,NA,NA,NA,NA,NA,1433848,711531,19202,64,7fe8e0e1367c4dc75afe736c0ee35e3a3755c0152301f3880ce2412132a22623,11710,0,2,3
0,1,0,0,14,0.038318582002830226,0.02214,0.015942999999999999,31883264,NA,NA,NA,NA,NA,NA,NA,NA,247896,280189,4101,1,cf0f1cc1e290dce65809b3140c6f2dc9062a9f452120988a3a869e7faab69134,5364,0,2,1
0,1,1,1,14,0.032257022998237517,0.021048000000000001,0.011023,31674368,NA,NA,NA,NA,NA,NA,NA,NA,247896,280189,4101,1,cf0f1cc1e290dce65809b3140c6f2dc9062a9f452120988a3a869e7faab69134,5344,0,2,2
0,1,0,1,7,0.028853961997810984,0.016246999999999998,0.012447999999999999,31125504,NA,NA,NA,NA,NA,NA,NA,NA,126024,51085,1029,1,d6479df97612ac41a8966333a6ef58076a32dad29a20f6bc64e0a5b65673088c,5237,0,2,1
0,1,1,0,7,0.030579016001865966,0.018831000000000001,0.011368999999999999,31330304,NA,NA,NA,NA,NA,NA,NA,NA,126024,51085,1029,1,d6479df97612ac41a8966333a6ef58076a32dad29a20f6bc64e0a5b65673088c,5217,0,2,22
0,1,0,1,5,0.026098853002622491,0.021721999999999998,0.0042469999999999999,31002624,NA,NA,NA,NA,NA,NA,NA,NA,192736,51085,1029,1,98c15b8b4636441c6e839c68a3bed9dee3bd8ae062882739073db7b7ed7d66f3,5205,0,2,0
0,1,1,0,5,0.035595600002125138,0.015768999999999998,0.019684999999999998,31268864,NA,NA,NA,NA,NA,NA,NA,NA,192736,51085,1029,1,98c15b8b4636441c6e839c68a3bed9dee3bd8ae062882739073db7b7ed7d66f3,5214,0,2,1
0,1,0,1,4,0.058795536999241449,0.054702000000000001,0.0039429999999999995,28880896,NA,NA,NA,NA,NA,NA,NA,NA,163920,51085,1029,1,3469c6c02ad818b9b840f744b74781f39d0d6d69319fb824d729f7875274b381,4694,0,2,0
0,1,1,0,4,0.07173592999970424,0.059132999999999998,0.012357999999999999,28880896,NA,NA,NA,NA,NA,NA,NA,NA,163920,51085,1029,1,3469c6c02ad818b9b840f744b74781f39d0d6d69319fb824d729f7875274b381,4656,0,2,1
0,1,0,1,22,0.25384204399961163,0.22162799999999999,0.032021000000000001,57790464,NA,NA,NA,NA,NA,NA,NA,NA,1433848,711531,19202,64,7fe8e0e1367c4dc75afe736c0ee35e3a3755c0152301f3880ce2412132a22623,11647,0,2,2
0,1,1,0,22,0.22154314900035388,0.19217699999999999,0.029175,57737216,NA,NA,NA,NA,NA,NA,NA,NA,1433848,711531,19202,64,7fe8e0e1367c4dc75afe736c0ee35e3a3755c0152301f3880ce2412132a22623,11592,0,2,1
0,1,0,1,19,0.11320100399825606,0.08810599999999999,0.024718,41807872,NA,NA,NA,NA,NA,NA,NA,NA,742032,235398,3329,64,ef3fe9f327a6ee2b8ff8e0c5cce4ce61f805f0660ce139a533f5137453c188bc,7762,0,2,16
0,1,1,0,19,0.068302737003250513,0.038807999999999995,0.029290999999999998,40632320,NA,NA,NA,NA,NA,NA,NA,NA,742032,235398,3329,64,ef3fe9f327a6ee2b8ff8e0c5cce4ce61f805f0660ce139a533f5137453c188bc,7520,0,2,2
0,2,0,1,17,0.1978324910014635,0.14459900000000001,0.052446,42401792,NA,NA,NA,NA,NA,NA,NA,NA,1009296,235398,3329,64,46bbbc4439d5a1911d5728e76ba413a577b270d33a6d6f7287d5e66409ad1e95,7943,0,2,2
0,2,1,0,17,0.14463988500210689,0.064626000000000003,0.079273999999999997,41140224,NA,NA,NA,NA,NA,NA,NA,NA,1009296,235398,3329,64,46bbbc4439d5a1911d5728e76ba413a577b270d33a6d6f7287d5e66409ad1e95,7705,0,2,1
0,2,0,1,10,0.032472081999003422,0.023937,0.0079579999999999998,30396416,NA,NA,NA,NA,NA,NA,NA,NA,106320,39898,2049,512,7b8f1ead52d1f75ea51a9518f4611f96b3105a83b8e9ff16958705114f2a13b3,5044,0,2,1
0,2,1,0,10,0.025795468001888366,0.01094,0.014580999999999998,30310400,NA,NA,NA,NA,NA,NA,NA,NA,106320,39898,2049,512,7b8f1ead52d1f75ea51a9518f4611f96b3105a83b8e9ff16958705114f2a13b3,5037,0,2,1
0,2,0,1,21,0.20703036700069788,0.1229,0.083670999999999995,60456960,NA,NA,NA,NA,NA,NA,NA,NA,2209528,711531,19202,64,955dcf7525f03629d689feea1585905e0b8700805efb32f241197b1ebcb41ffa,12202,0,2,1
0,2,1,0,21,0.14442947299903608,0.11973299999999999,0.024343,60100608,NA,NA,NA,NA,NA,NA,NA,NA,2209528,711531,19202,64,955dcf7525f03629d689feea1585905e0b8700805efb32f241197b1ebcb41ffa,12160,0,2,2
0,2,0,1,6,0.031167997000011383,0.022706999999999998,0.0082579999999999997,30666752,NA,NA,NA,NA,NA,NA,NA,NA,126024,51085,1029,1,d6479df97612ac41a8966333a6ef58076a32dad29a20f6bc64e0a5b65673088c,5166,0,2,1
0,2,1,0,6,0.029080354997859104,0.016383999999999999,0.012549999999999999,30744576,NA,NA,NA,NA,NA,NA,NA,NA,126024,51085,1029,1,d6479df97612ac41a8966333a6ef58076a32dad29a20f6bc64e0a5b65673088c,5179,0,2,0
0,2,0,0,12,0.047393814998940798,0.033730999999999997,0.0135,31219712,NA,NA,NA,NA,NA,NA,NA,NA,313424,280189,4101,1,0f9e44f960c45a3ca86cde574970381ef909d64a6bb2d20a17395bced584502a,5242,0,2,0
0,2,1,1,12,0.040492297001037514,0.036214999999999997,0.0040629999999999998,32141312,NA,NA,NA,NA,NA,NA,NA,NA,313424,280189,4101,1,0f9e44f960c45a3ca86cde574970381ef909d64a6bb2d20a17395bced584502a,5238,0,2,2
0,2,0,0,8,0.027619904998573475,0.015444999999999999,0.01188,31375360,NA,NA,NA,NA,NA,NA,NA,NA,98128,39898,2049,512,d54e0d3e437f1319c5e0037da4750229225984f79f1ebd587b1323affae587ab,5561,0,2,1
0,2,1,1,8,0.033087662999605527,0.024479999999999998,0.0068609999999999999,31465472,NA,NA,NA,NA,NA,NA,NA,NA,98128,39898,2049,512,d54e0d3e437f1319c5e0037da4750229225984f79f1ebd587b1323affae587ab,5562,0,2,3
0,2,0,1,22,0.15027955000186921,0.137179,0.012886,57856000,NA,NA,NA,NA,NA,NA,NA,NA,1433848,711531,19202,64,7fe8e0e1367c4dc75afe736c0ee35e3a3755c0152301f3880ce2412132a22623,11648,0,2,2
0,2,1,0,22,0.15363203200104181,0.12543199999999999,0.027793999999999999,57925632,NA,NA,NA,NA,NA,NA,NA,NA,1433848,711531,19202,64,7fe8e0e1367c4dc75afe736c0ee35e3a3755c0152301f3880ce2412132a22623,11610,0,2,1
0,2,0,1,0,0.01903523100190796,0.007626,0.011231,24260608,NA,NA,NA,NA,NA,NA,NA,NA,2008,133,5,1,a8c1633e798ef980493443e67e6fdb6eada42f775edf7051d304d09c3ddadf5a,3660,0,2,1
0,2,1,0,0,0.017582317999767838,0.017427999999999999,0,24727552,NA,NA,NA,NA,NA,NA,NA,NA,2008,133,5,1,a8c1633e798ef980493443e67e6fdb6eada42f775edf7051d304d09c3ddadf5a,3662,0,2,0
0,2,0,0,9,0.024595072998636169,0.020410999999999999,0.0039969999999999997,30162944,NA,NA,NA,NA,NA,NA,NA,NA,147280,39898,2049,512,02ee45f00f5fa967779eb017bd9c1965526161af8ee6a0f23a31a68b3dbbac77,5069,0,2,1
0,2,1,1,9,0.026610160999553045,0.018425,0.0080429999999999998,30588928,NA,NA,NA,NA,NA,NA,NA,NA,147280,39898,2049,512,02ee45f00f5fa967779eb017bd9c1965526161af8ee6a0f23a31a68b3dbbac77,5094,0,2,0
0,2,0,0,15,0.031351378998806467,0.012282999999999999,0.018893,32284672,NA,NA,NA,NA,NA,NA,NA,NA,247896,280189,4101,1,cf0f1cc1e290dce65809b3140c6f2dc9062a9f452120988a3a869e7faab69134,5385,0,2,1
0,2,1,1,15,0.031323908002377721,0.022945999999999998,0.0081009999999999988,31690752,NA,NA,NA,NA,NA,NA,NA,NA,247896,280189,4101,1,cf0f1cc1e290dce65809b3140c6f2dc9062a9f452120988a3a869e7faab69134,5397,0,2,2
0,2,0,0,2,0.016934155999479117,0.0082430000000000003,0.0085529999999999998,24309760,NA,NA,NA,NA,NA,NA,NA,NA,2008,133,5,1,8210b4f6eac12a20575e673437437e82cfff653da437ea17992a3aed56a99207,3638,0,2,0
0,2,1,1,2,0.024666084002092248,0.010735999999999999,0.013571,24387584,NA,NA,NA,NA,NA,NA,NA,NA,2008,133,5,1,8210b4f6eac12a20575e673437437e82cfff653da437ea17992a3aed56a99207,3620,0,2,0
0,2,0,0,18,0.070634974003041862,0.057475999999999999,0.012978,40599552,NA,NA,NA,NA,NA,NA,NA,NA,742032,235398,3329,64,ef3fe9f327a6ee2b8ff8e0c5cce4ce61f805f0660ce139a533f5137453c188bc,7505,0,2,2
0,2,1,1,18,0.059051325999462279,0.046286999999999995,0.012629,41676800,NA,NA,NA,NA,NA,NA,NA,NA,742032,235398,3329,64,ef3fe9f327a6ee2b8ff8e0c5cce4ce61f805f0660ce139a533f5137453c188bc,7763,0,2,0
0,2,0,1,19,0.058755861002282472,0.037534999999999999,0.020933999999999998,41668608,NA,NA,NA,NA,NA,NA,NA,NA,742032,235398,3329,64,ef3fe9f327a6ee2b8ff8e0c5cce4ce61f805f0660ce139a533f5137453c188bc,7761,0,2,0
0,2,1,0,19,0.057833028000459308,0.049735999999999995,0.0079109999999999996,40419328,NA,NA,NA,NA,NA,NA,NA,NA,742032,235398,3329,64,ef3fe9f327a6ee2b8ff8e0c5cce4ce61f805f0660ce139a533f5137453c188bc,7511,0,2,2
0,2,0,0,5,0.029682355998374987,0.021453,0.0080619999999999997,30765056,NA,NA,NA,NA,NA,NA,NA,NA,192736,51085,1029,1,98c15b8b4636441c6e839c68a3bed9dee3bd8ae062882739073db7b7ed7d66f3,5217,0,2,0
0,2,1,1,5,0.027512611999554792,0.027371999999999997,0,30650368,NA,NA,NA,NA,NA,NA,NA,NA,192736,51085,1029,1,98c15b8b4636441c6e839c68a3bed9dee3bd8ae062882739073db7b7ed7d66f3,5218,0,2,0
0,2,0,1,20,0.21163684999919496,0.181725,0.029658,61243392,NA,NA,NA,NA,NA,NA,NA,NA,1746680,711531,19202,64,e4041ce2b5b6df572ca4d0ca66e6006ad368116646e82963f7e9550b84ab78ca,12245,0,2,3
0,2,1,0,20,0.19541627699800301,0.172851,0.022241999999999998,60157952,NA,NA,NA,NA,NA,NA,NA,NA,1746680,711531,19202,64,e4041ce2b5b6df572ca4d0ca66e6006ad368116646e82963f7e9550b84ab78ca,12193,0,2,2
0,2,0,0,14,0.031810246000532061,0.027341999999999998,0.0042849999999999997,31682560,NA,NA,NA,NA,NA,NA,NA,NA,247896,280189,4101,1,cf0f1cc1e290dce65809b3140c6f2dc9062a9f452120988a3a869e7faab69134,5365,0,2,1
0,2,1,1,14,0.030477813998004422,0.014201,0.016093,31813632,NA,NA,NA,NA,NA,NA,NA,NA,247896,280189,4101,1,cf0f1cc1e290dce65809b3140c6f2dc9062a9f452120988a3a869e7faab69134,5369,0,2,1
0,2,0,1,3,0.017446465000830358,0.013684,0.0035429999999999997,24387584,NA,NA,NA,NA,NA,NA,NA,NA,2008,133,5,1,8210b4f6eac12a20575e673437437e82cfff653da437ea17992a3aed56a99207,3620,0,2,1
0,2,1,0,3,0.017655452000326477,0.0087419999999999998,0.0087840000000000001,24391680,NA,NA,NA,NA,NA,NA,NA,NA,2008,133,5,1,8210b4f6eac12a20575e673437437e82cfff653da437ea17992a3aed56a99207,3639,0,2,0
0,2,0,0,7,0.026582906000840012,0.014971,0.011448999999999999,31076352,NA,NA,NA,NA,NA,NA,NA,NA,126024,51085,1029,1,d6479df97612ac41a8966333a6ef58076a32dad29a20f6bc64e0a5b65673088c,5230,0,2,1
0,2,1,1,7,0.031932757996401051,0.023175999999999999,0.0085979999999999997,31191040,NA,NA,NA,NA,NA,NA,NA,NA,126024,51085,1029,1,d6479df97612ac41a8966333a6ef58076a32dad29a20f6bc64e0a5b65673088c,5242,0,2,1
0,2,0,1,13,0.032614834999549203,0.023861,0.0085179999999999995,32157696,NA,NA,NA,NA,NA,NA,NA,NA,313536,280189,4101,1,5a04cd3dab823e43a4d317f4a27057eec5b1fcaecf9843229a14a897b95f1f29,5446,0,2,1
0,2,1,0,13,0.028959903000213671,0.024745999999999997,0.0040639999999999999,32010240,NA,NA,NA,NA,NA,NA,NA,NA,313536,280189,4101,1,5a04cd3dab823e43a4d317f4a27057eec5b1fcaecf9843229a14a897b95f1f29,5447,0,2,0
0,2,0,1,23,0.34097579800072708,0.24710799999999999,0.090310000000000001,58310656,NA,NA,NA,NA,NA,NA,NA,NA,1433848,711531,19202,64,7fe8e0e1367c4dc75afe736c0ee35e3a3755c0152301f3880ce2412132a22623,11714,0,2,4
0,2,1,0,23,0.26415901200016378,0.13978299999999999,0.122595,58363904,NA,NA,NA,NA,NA,NA,NA,NA,1433848,711531,19202,64,7fe8e0e1367c4dc75afe736c0ee35e3a3755c0152301f3880ce2412132a22623,11655,0,2,3
0,2,0,0,16,0.089240462002635468,0.068769999999999998,0.020111999999999998,42770432,NA,NA,NA,NA,NA,NA,NA,NA,1082000,235398,3329,64,0a2640f1e20aa1aa539adbeb18cdf2a1ebe47a1dc573029aa0c35ed433364c04,8040,0,2,1
0,2,1,1,16,0.095621581996965688,0.082352999999999996,0.013019999999999999,43827200,NA,NA,NA,NA,NA,NA,NA,NA,1082000,235398,3329,64,0a2640f1e20aa1aa539adbeb18cdf2a1ebe47a1dc573029aa0c35ed433364c04,8312,0,2,1
0,2,0,1,1,0.018627379999088589,0.010707999999999999,0.0075769999999999995,24203264,NA,NA,NA,NA,NA,NA,NA,NA,2056,133,5,1,6b21b079ef6f8f7f055926600e53b906dd7be041e021dd2791b7aa8c55e24585,3637,0,2,1
0,2,1,0,1,0.018042543000774458,0.013033999999999999,0.0045519999999999996,24326144,NA,NA,NA,NA,NA,NA,NA,NA,2056,133,5,1,6b21b079ef6f8f7f055926600e53b906dd7be041e021dd2791b7aa8c55e24585,3622,0,2,0
0,2,0,1,11,0.025208301001839573,0.014405999999999999,0.010635,31498240,NA,NA,NA,NA,NA,NA,NA,NA,106320,39898,2049,512,7b8f1ead52d1f75ea51a9518f4611f96b3105a83b8e9ff16958705114f2a13b3,5059,0,2,2
0,2,1,0,11,0.02344183699824498,0.015481,0.0077609999999999997,30216192,NA,NA,NA,NA,NA,NA,NA,NA,106320,39898,2049,512,7b8f1ead52d1f75ea51a9518f4611f96b3105a83b8e9ff16958705114f2a13b3,5039,0,2,0
0,2,0,1,4,0.042468334999284707,0.042297999999999995,0,28901376,NA,NA,NA,NA,NA,NA,NA,NA,163920,51085,1029,1,3469c6c02ad818b9b840f744b74781f39d0d6d69319fb824d729f7875274b381,4694,0,2,1
0,2,1,0,4,0.0445545279981161,0.044241999999999997,0,28721152,NA,NA,NA,NA,NA,NA,NA,NA,163920,51085,1029,1,3469c6c02ad818b9b840f744b74781f39d0d6d69319fb824d729f7875274b381,4673,0,2,17
0,3,0,0,17,0.080934865000017453,0.069236999999999993,0.011552,41377792,NA,NA,NA,NA,NA,NA,NA,NA,1009296,235398,3329,64,46bbbc4439d5a1911d5728e76ba413a577b270d33a6d6f7287d5e66409ad1e95,7705,0,2,1
0,3,1,1,17,0.074524387997371377,0.058386,0.016008999999999999,42287104,NA,NA,NA,NA,NA,NA,NA,NA,1009296,235398,3329,64,46bbbc4439d5a1911d5728e76ba413a577b270d33a6d6f7287d5e66409ad1e95,7956,0,1,1
0,3,0,0,21,0.14224621399989701,0.12180199999999999,0.020257000000000001,60002304,NA,NA,NA,NA,NA,NA,NA,NA,2209528,711531,19202,64,955dcf7525f03629d689feea1585905e0b8700805efb32f241197b1ebcb41ffa,12161,0,2,1
0,3,1,1,21,0.15996831399752409,0.119962,0.039709999999999995,60030976,NA,NA,NA,NA,NA,NA,NA,NA,2209528,711531,19202,64,955dcf7525f03629d689feea1585905e0b8700805efb32f241197b1ebcb41ffa,12216,0,2,13
0,3,0,1,7,0.034461982999346219,0.025353000000000001,0.0088819999999999993,32108544,NA,NA,NA,NA,NA,NA,NA,NA,126024,51085,1029,1,d6479df97612ac41a8966333a6ef58076a32dad29a20f6bc64e0a5b65673088c,5233,0,2,2
0,3,1,0,7,0.035459803999401629,0.028790999999999997,0.0064510000000000001,31399936,NA,NA,NA,NA,NA,NA,NA,NA,126024,51085,1029,1,d6479df97612ac41a8966333a6ef58076a32dad29a20f6bc64e0a5b65673088c,5237,0,2,0
0,3,0,0,1,0.019741315998544451,0.012062,0.0074519999999999994,24358912,NA,NA,NA,NA,NA,NA,NA,NA,2056,133,5,1,6b21b079ef6f8f7f055926600e53b906dd7be041e021dd2791b7aa8c55e24585,3621,0,2,0
0,3,1,1,1,0.01833044900195091,0.018106999999999998,0,24457216,NA,NA,NA,NA,NA,NA,NA,NA,2056,133,5,1,6b21b079ef6f8f7f055926600e53b906dd7be041e021dd2791b7aa8c55e24585,3620,0,2,0
0,3,0,0,23,0.16399751200151513,0.14094499999999999,0.022731999999999999,58187776,NA,NA,NA,NA,NA,NA,NA,NA,1433848,711531,19202,64,7fe8e0e1367c4dc75afe736c0ee35e3a3755c0152301f3880ce2412132a22623,11656,0,2,4
0,3,1,1,23,0.16141447599875391,0.14449599999999999,0.016691000000000001,58261504,NA,NA,NA,NA,NA,NA,NA,NA,1433848,711531,19202,64,7fe8e0e1367c4dc75afe736c0ee35e3a3755c0152301f3880ce2412132a22623,11713,0,2,1
0,3,0,1,5,0.032690508000086993,0.028077999999999999,0.0043899999999999998,30666752,NA,NA,NA,NA,NA,NA,NA,NA,192736,51085,1029,1,98c15b8b4636441c6e839c68a3bed9dee3bd8ae062882739073db7b7ed7d66f3,5219,0,2,1
0,3,1,0,5,0.030938307001633802,0.027608999999999998,0.003173,31002624,NA,NA,NA,NA,NA,NA,NA,NA,192736,51085,1029,1,98c15b8b4636441c6e839c68a3bed9dee3bd8ae062882739073db7b7ed7d66f3,5201,0,2,1
0,3,0,1,16,0.10385399300139397,0.088644000000000001,0.014988999999999999,43728896,NA,NA,NA,NA,NA,NA,NA,NA,1082000,235398,3329,64,0a2640f1e20aa1aa539adbeb18cdf2a1ebe47a1dc573029aa0c35ed433364c04,8310,0,2,2
0,3,1,0,16,0.090898638998623937,0.07048299999999999,0.020279999999999999,42749952,NA,NA,NA,NA,NA,NA,NA,NA,1082000,235398,3329,64,0a2640f1e20aa1aa539adbeb18cdf2a1ebe47a1dc573029aa0c35ed433364c04,8040,0,1,1
0,3,0,0,3,0.018110764998709783,0.014341999999999999,0.0036319999999999998,24285184,NA,NA,NA,NA,NA,NA,NA,NA,2008,133,5,1,8210b4f6eac12a20575e673437437e82cfff653da437ea17992a3aed56a99207,3637,0,2,0
0,3,1,1,3,0.017009051000059117,0.012558,0.0043029999999999995,24559616,NA,NA,NA,NA,NA,NA,NA,NA,2008,133,5,1,8210b4f6eac12a20575e673437437e82cfff653da437ea17992a3aed56a99207,3637,0,2,1
0,3,0,0,10,0.024513325999578228,0.011675,0.012551,30367744,NA,NA,NA,NA,NA,NA,NA,NA,106320,39898,2049,512,7b8f1ead52d1f75ea51a9518f4611f96b3105a83b8e9ff16958705114f2a13b3,5039,0,2,1
0,3,1,1,10,0.02613507600108278,0.017795999999999999,0.0081869999999999998,30466048,NA,NA,NA,NA,NA,NA,NA,NA,106320,39898,2049,512,7b8f1ead52d1f75ea51a9518f4611f96b3105a83b8e9ff16958705114f2a13b3,5064,0,2,2
0,3,0,0,11,0.025189847998262849,0.017136999999999999,0.0076889999999999997,30310400,NA,NA,NA,NA,NA,NA,NA,NA,106320,39898,2049,512,7b8f1ead52d1f75ea51a9518f4611f96b3105a83b8e9ff16958705114f2a13b3,5023,0,1,1
0,3,1,1,11,0.023378210997179849,0.015278,0.0079419999999999994,30334976,NA,NA,NA,NA,NA,NA,NA,NA,106320,39898,2049,512,7b8f1ead52d1f75ea51a9518f4611f96b3105a83b8e9ff16958705114f2a13b3,5063,0,1,0
0,3,0,1,9,0.026053669000248192,0.025852999999999998,0,30601216,NA,NA,NA,NA,NA,NA,NA,NA,147280,39898,2049,512,02ee45f00f5fa967779eb017bd9c1965526161af8ee6a0f23a31a68b3dbbac77,5080,0,2,2
0,3,1,0,9,0.023143657999753486,0.018376999999999998,0.0045999999999999999,30343168,NA,NA,NA,NA,NA,NA,NA,NA,147280,39898,2049,512,02ee45f00f5fa967779eb017bd9c1965526161af8ee6a0f23a31a68b3dbbac77,5057,0,2,1
0,3,0,1,15,0.031061200999829452,0.030927,0,31674368,NA,NA,NA,NA,NA,NA,NA,NA,247896,280189,4101,1,cf0f1cc1e290dce65809b3140c6f2dc9062a9f452120988a3a869e7faab69134,5379,0,2,1
0,3,1,0,15,0.028044752001733286,0.020107,0.0077719999999999994,31956992,NA,NA,NA,NA,NA,NA,NA,NA,247896,280189,4101,1,cf0f1cc1e290dce65809b3140c6f2dc9062a9f452120988a3a869e7faab69134,5402,0,2,2
0,3,0,1,12,0.040360136998060625,0.032605999999999996,0.0075229999999999993,31248384,NA,NA,NA,NA,NA,NA,NA,NA,313424,280189,4101,1,0f9e44f960c45a3ca86cde574970381ef909d64a6bb2d20a17395bced584502a,5224,0,2,1
0,3,1,0,12,0.045341070999711519,0.035664999999999995,0.0095040000000000003,31105024,NA,NA,NA,NA,NA,NA,NA,NA,313424,280189,4101,1,0f9e44f960c45a3ca86cde574970381ef909d64a6bb2d20a17395bced584502a,5221,0,2,2
0,3,0,1,2,0.02086052799859317,0.016521999999999998,0.004202,24358912,NA,NA,NA,NA,NA,NA,NA,NA,2008,133,5,1,8210b4f6eac12a20575e673437437e82cfff653da437ea17992a3aed56a99207,3637,0,2,1
0,3,1,0,2,0.017619084002944874,0.017476999999999999,0,24424448,NA,NA,NA,NA,NA,NA,NA,NA,2008,133,5,1,8210b4f6eac12a20575e673437437e82cfff653da437ea17992a3aed56a99207,3622,0,2,0
0,3,0,1,14,0.029990682000061497,0.021774999999999999,0.0080499999999999999,31920128,NA,NA,NA,NA,NA,NA,NA,NA,247896,280189,4101,1,cf0f1cc1e290dce65809b3140c6f2dc9062a9f452120988a3a869e7faab69134,5364,0,2,2
0,3,1,0,14,0.027865054998983396,0.023930999999999997,0.0037069999999999998,31850496,NA,NA,NA,NA,NA,NA,NA,NA,247896,280189,4101,1,cf0f1cc1e290dce65809b3140c6f2dc9062a9f452120988a3a869e7faab69134,5365,0,2,1
0,3,0,0,0,0.018369692999840481,0.0087999999999999988,0.0094330000000000004,24637440,NA,NA,NA,NA,NA,NA,NA,NA,2008,133,5,1,a8c1633e798ef980493443e67e6fdb6eada42f775edf7051d304d09c3ddadf5a,3645,0,2,0
0,3,1,1,0,0.01729980600066483,0.017107000000000001,0,24522752,NA,NA,NA,NA,NA,NA,NA,NA,2008,133,5,1,a8c1633e798ef980493443e67e6fdb6eada42f775edf7051d304d09c3ddadf5a,3657,0,2,1
0,3,0,0,20,0.19851335900239064,0.175485,0.022841,60194816,NA,NA,NA,NA,NA,NA,NA,NA,1746680,711531,19202,64,e4041ce2b5b6df572ca4d0ca66e6006ad368116646e82963f7e9550b84ab78ca,12193,0,2,2
0,3,1,1,20,0.22096995999891078,0.19844099999999998,0.022339999999999999,60452864,NA,NA,NA,NA,NA,NA,NA,NA,1746680,711531,19202,64,e4041ce2b5b6df572ca4d0ca66e6006ad368116646e82963f7e9550b84ab78ca,12235,0,2,1
0,3,0,0,6,0.032315856999048265,0.019803999999999999,0.012362,30793728,NA,NA,NA,NA,NA,NA,NA,NA,126024,51085,1029,1,d6479df97612ac41a8966333a6ef58076a32dad29a20f6bc64e0a5b65673088c,5175,0,2,1
0,3,1,1,6,0.18837908199930098,0.060273,0.12729399999999999,30928896,NA,NA,NA,NA,NA,NA,NA,NA,126024,51085,1029,1,d6479df97612ac41a8966333a6ef58076a32dad29a20f6bc64e0a5b65673088c,5171,0,2,2
0,3,0,0,4,0.050120621999667492,0.030359999999999998,0.019281,28639232,NA,NA,NA,NA,NA,NA,NA,NA,163920,51085,1029,1,3469c6c02ad818b9b840f744b74781f39d0d6d69319fb824d729f7875274b381,4672,0,2,1
0,3,1,1,4,0.047867547000350896,0.043909999999999998,0.0037679999999999996,28561408,NA,NA,NA,NA,NA,NA,NA,NA,163920,51085,1029,1,3469c6c02ad818b9b840f744b74781f39d0d6d69319fb824d729f7875274b381,4692,0,2,2
0,3,0,1,8,0.037492993000341812,0.018530999999999999,0.018765999999999998,32555008,NA,NA,NA,NA,NA,NA,NA,NA,98128,39898,2049,512,d54e0d3e437f1319c5e0037da4750229225984f79f1ebd587b1323affae587ab,5576,0,2,1
0,3,1,0,8,0.027172933998372173,0.023095999999999998,0.0039059999999999997,31326208,NA,NA,NA,NA,NA,NA,NA,NA,98128,39898,2049,512,d54e0d3e437f1319c5e0037da4750229225984f79f1ebd587b1323affae587ab,5560,0,2,1
0,3,0,0,19,0.09886287699919194,0.061501999999999994,0.037135999999999995,40419328,NA,NA,NA,NA,NA,NA,NA,NA,742032,235398,3329,64,ef3fe9f327a6ee2b8ff8e0c5cce4ce61f805f0660ce139a533f5137453c188bc,7522,0,2,2
0,3,1,1,19,0.068108638999547111,0.044260000000000001,0.023507999999999998,42713088,NA,NA,NA,NA,NA,NA,NA,NA,742032,235398,3329,64,ef3fe9f327a6ee2b8ff8e0c5cce4ce61f805f0660ce139a533f5137453c188bc,7775,0,2,2
0,3,0,1,18,0.058399484998517437,0.050249999999999996,0.0078189999999999996,41873408,NA,NA,NA,NA,NA,NA,NA,NA,742032,235398,3329,64,ef3fe9f327a6ee2b8ff8e0c5cce4ce61f805f0660ce139a533f5137453c188bc,7766,0,2,1
0,3,1,0,18,0.06109588400067878,0.048042999999999995,0.012889999999999999,40960000,NA,NA,NA,NA,NA,NA,NA,NA,742032,235398,3329,64,ef3fe9f327a6ee2b8ff8e0c5cce4ce61f805f0660ce139a533f5137453c188bc,7524,0,2,1
0,3,0,0,13,0.028846446999523323,0.01086,0.017752999999999998,32092160,NA,NA,NA,NA,NA,NA,NA,NA,313536,280189,4101,1,5a04cd3dab823e43a4d317f4a27057eec5b1fcaecf9843229a14a897b95f1f29,5441,0,2,1
0,3,1,1,13,0.027410622999013867,0.019570000000000001,0.0076959999999999997,32010240,NA,NA,NA,NA,NA,NA,NA,NA,313536,280189,4101,1,5a04cd3dab823e43a4d317f4a27057eec5b1fcaecf9843229a14a897b95f1f29,5427,0,2,1
0,3,0,0,22,0.1876240970013896,0.12697,0.060346999999999998,57737216,NA,NA,NA,NA,NA,NA,NA,NA,1433848,711531,19202,64,7fe8e0e1367c4dc75afe736c0ee35e3a3755c0152301f3880ce2412132a22623,11606,0,2,1
0,3,1,1,22,0.15715624899894465,0.12629299999999999,0.03057,58007552,NA,NA,NA,NA,NA,NA,NA,NA,1433848,711531,19202,64,7fe8e0e1367c4dc75afe736c0ee35e3a3755c0152301f3880ce2412132a22623,11647,0,2,1
0,4,0,1,13,0.029437421999318758,0.025544999999999998,0,31821824,NA,NA,NA,NA,NA,NA,NA,NA,313536,280189,4101,1,5a04cd3dab823e43a4d317f4a27057eec5b1fcaecf9843229a14a897b95f1f29,5441,0,1,1
0,4,1,0,13,0.029249932002130663,0.024601999999999999,0.0044759999999999999,32030720,NA,NA,NA,NA,NA,NA,NA,NA,313536,280189,4101,1,5a04cd3dab823e43a4d317f4a27057eec5b1fcaecf9843229a14a897b95f1f29,5444,0,2,1
0,4,0,1,23,0.16320567599905189,0.146791,0.015927,58400768,NA,NA,NA,NA,NA,NA,NA,NA,1433848,711531,19202,64,7fe8e0e1367c4dc75afe736c0ee35e3a3755c0152301f3880ce2412132a22623,11713,0,2,23
0,4,1,0,23,0.17607679399952758,0.14060300000000001,0.033746999999999999,58146816,NA,NA,NA,NA,NA,NA,NA,NA,1433848,711531,19202,64,7fe8e0e1367c4dc75afe736c0ee35e3a3755c0152301f3880ce2412132a22623,11656,0,2,2
0,4,0,0,1,0.018913035000878153,0.0094459999999999995,0.0092269999999999991,24457216,NA,NA,NA,NA,NA,NA,NA,NA,2056,133,5,1,6b21b079ef6f8f7f055926600e53b906dd7be041e021dd2791b7aa8c55e24585,3623,0,2,0
0,4,1,1,1,0.018110450000676792,0.014273999999999998,0.0036599999999999996,24375296,NA,NA,NA,NA,NA,NA,NA,NA,2056,133,5,1,6b21b079ef6f8f7f055926600e53b906dd7be041e021dd2791b7aa8c55e24585,3636,0,2,0
0,4,0,1,12,0.040904844001488527,0.040712999999999999,0,31039488,NA,NA,NA,NA,NA,NA,NA,NA,313424,280189,4101,1,0f9e44f960c45a3ca86cde574970381ef909d64a6bb2d20a17395bced584502a,5221,0,2,1
0,4,1,0,12,0.0430005029993481,0.030653999999999997,0.012093,31141888,NA,NA,NA,NA,NA,NA,NA,NA,313424,280189,4101,1,0f9e44f960c45a3ca86cde574970381ef909d64a6bb2d20a17395bced584502a,5225,0,2,3
0,4,0,0,4,0.04206339200027287,0.037339999999999998,0.0044679999999999997,28561408,NA,NA,NA,NA,NA,NA,NA,NA,163920,51085,1029,1,3469c6c02ad818b9b840f744b74781f39d0d6d69319fb824d729f7875274b381,4657,0,2,0
0,4,1,1,4,0.039748031998897204,0.035559,0.0039829999999999996,29683712,NA,NA,NA,NA,NA,NA,NA,NA,163920,51085,1029,1,3469c6c02ad818b9b840f744b74781f39d0d6d69319fb824d729f7875274b381,4692,0,2,2
0,4,0,0,10,0.023510126000473974,0.015427999999999999,0.0078729999999999998,30203904,NA,NA,NA,NA,NA,NA,NA,NA,106320,39898,2049,512,7b8f1ead52d1f75ea51a9518f4611f96b3105a83b8e9ff16958705114f2a13b3,5036,0,2,1
0,4,1,1,10,0.023841337999328971,0.015743999999999998,0.0077869999999999997,30162944,NA,NA,NA,NA,NA,NA,NA,NA,106320,39898,2049,512,7b8f1ead52d1f75ea51a9518f4611f96b3105a83b8e9ff16958705114f2a13b3,5059,0,2,0
0,4,0,1,21,0.15520193799966364,0.13378299999999999,0.021103999999999998,60178432,NA,NA,NA,NA,NA,NA,NA,NA,2209528,711531,19202,64,955dcf7525f03629d689feea1585905e0b8700805efb32f241197b1ebcb41ffa,12215,0,2,17
0,4,1,0,21,0.16257895099988673,0.126889,0.035345999999999995,60096512,NA,NA,NA,NA,NA,NA,NA,NA,2209528,711531,19202,64,955dcf7525f03629d689feea1585905e0b8700805efb32f241197b1ebcb41ffa,12162,0,2,1
0,4,0,1,20,0.20539337399895885,0.180256,0.024944999999999998,60190720,NA,NA,NA,NA,NA,NA,NA,NA,1746680,711531,19202,64,e4041ce2b5b6df572ca4d0ca66e6006ad368116646e82963f7e9550b84ab78ca,12250,0,2,2
0,4,1,0,20,0.2104790609992051,0.18914399999999998,0.021076999999999999,60276736,NA,NA,NA,NA,NA,NA,NA,NA,1746680,711531,19202,64,e4041ce2b5b6df572ca4d0ca66e6006ad368116646e82963f7e9550b84ab78ca,12208,0,2,2
0,4,0,1,3,0.019129409000015585,0.015181999999999999,0.0037319999999999996,24506368,NA,NA,NA,NA,NA,NA,NA,NA,2008,133,5,1,8210b4f6eac12a20575e673437437e82cfff653da437ea17992a3aed56a99207,3622,0,2,4
0,4,1,0,3,0.018334069998672931,0.0072979999999999998,0.010872,24309760,NA,NA,NA,NA,NA,NA,NA,NA,2008,133,5,1,8210b4f6eac12a20575e673437437e82cfff653da437ea17992a3aed56a99207,3638,0,2,3
0,4,0,1,6,0.02856312099902425,0.024149999999999998,0.0042449999999999996,30945280,NA,NA,NA,NA,NA,NA,NA,NA,126024,51085,1029,1,d6479df97612ac41a8966333a6ef58076a32dad29a20f6bc64e0a5b65673088c,5168,0,2,5
0,4,1,0,6,0.028646037997532403,0.023977999999999999,0.0043779999999999999,30724096,NA,NA,NA,NA,NA,NA,NA,NA,126024,51085,1029,1,d6479df97612ac41a8966333a6ef58076a32dad29a20f6bc64e0a5b65673088c,5178,0,2,5
0,4,0,0,19,0.060669442002108553,0.048138,0.012312,40730624,NA,NA,NA,NA,NA,NA,NA,NA,742032,235398,3329,64,ef3fe9f327a6ee2b8ff8e0c5cce4ce61f805f0660ce139a533f5137453c188bc,7506,0,2,10
0,4,1,1,19,0.057869511001626961,0.045268999999999997,0.012404999999999999,41713664,NA,NA,NA,NA,NA,NA,NA,NA,742032,235398,3329,64,ef3fe9f327a6ee2b8ff8e0c5cce4ce61f805f0660ce139a533f5137453c188bc,7763,0,2,7
0,4,0,1,7,0.030567912999686087,0.026949999999999998,0.003444,31162368,NA,NA,NA,NA,NA,NA,NA,NA,126024,51085,1029,1,d6479df97612ac41a8966333a6ef58076a32dad29a20f6bc64e0a5b65673088c,5224,0,2,5
0,4,1,0,7,0.029828309001459274,0.021628999999999999,0.0080190000000000001,30953472,NA,NA,NA,NA,NA,NA,NA,NA,126024,51085,1029,1,d6479df97612ac41a8966333a6ef58076a32dad29a20f6bc64e0a5b65673088c,5234,0,2,6
0,4,0,1,2,0.017347372999211075,0.012907,0.0043049999999999998,24227840,NA,NA,NA,NA,NA,NA,NA,NA,2008,133,5,1,8210b4f6eac12a20575e673437437e82cfff653da437ea17992a3aed56a99207,3630,0,2,2
0,4,1,0,2,0.019650728001579409,0.018792,0,24424448,NA,NA,NA,NA,NA,NA,NA,NA,2008,133,5,1,8210b4f6eac12a20575e673437437e82cfff653da437ea17992a3aed56a99207,3621,0,2,6
0,4,0,0,0,0.021573203001025831,0.011771999999999999,0.0090080000000000004,24535040,NA,NA,NA,NA,NA,NA,NA,NA,2008,133,5,1,a8c1633e798ef980493443e67e6fdb6eada42f775edf7051d304d09c3ddadf5a,3663,0,2,3
0,4,1,1,0,0.020381250000355067,0.011783,0.0083330000000000001,24559616,NA,NA,NA,NA,NA,NA,NA,NA,2008,133,5,1,a8c1633e798ef980493443e67e6fdb6eada42f775edf7051d304d09c3ddadf5a,3643,0,1,6
0,4,0,0,15,0.029002010000112932,0.028812999999999998,0,31940608,NA,NA,NA,NA,NA,NA,NA,NA,247896,280189,4101,1,cf0f1cc1e290dce65809b3140c6f2dc9062a9f452120988a3a869e7faab69134,5402,0,2,6
0,4,1,1,15,0.037208270998235093,0.025755,0.011285999999999999,32083968,NA,NA,NA,NA,NA,NA,NA,NA,247896,280189,4101,1,cf0f1cc1e290dce65809b3140c6f2dc9062a9f452120988a3a869e7faab69134,5383,0,1,6
0,4,0,1,16,0.096717262997117359,0.07191199999999999,0.024657999999999999,43966464,NA,NA,NA,NA,NA,NA,NA,NA,1082000,235398,3329,64,0a2640f1e20aa1aa539adbeb18cdf2a1ebe47a1dc573029aa0c35ed433364c04,8297,0,1,7
0,4,1,0,16,0.090547119001712417,0.078912999999999997,0.011427,42778624,NA,NA,NA,NA,NA,NA,NA,NA,1082000,235398,3329,64,0a2640f1e20aa1aa539adbeb18cdf2a1ebe47a1dc573029aa0c35ed433364c04,8052,0,2,1
0,4,0,0,5,0.02969966800083057,0.014605,0.014936,30937088,NA,NA,NA,NA,NA,NA,NA,NA,192736,51085,1029,1,98c15b8b4636441c6e839c68a3bed9dee3bd8ae062882739073db7b7ed7d66f3,5216,0,2,0
0,4,1,1,5,0.027235277000727365,0.019477999999999999,0.0076109999999999997,30978048,NA,NA,NA,NA,NA,NA,NA,NA,192736,51085,1029,1,98c15b8b4636441c6e839c68a3bed9dee3bd8ae062882739073db7b7ed7d66f3,5201,0,2,0
0,4,0,1,22,0.14607918800174957,0.122373,0.023521,58130432,NA,NA,NA,NA,NA,NA,NA,NA,1433848,711531,19202,64,7fe8e0e1367c4dc75afe736c0ee35e3a3755c0152301f3880ce2412132a22623,11627,0,2,3
0,4,1,0,22,0.15437813800235745,0.134434,0.019667,58089472,NA,NA,NA,NA,NA,NA,NA,NA,1433848,711531,19202,64,7fe8e0e1367c4dc75afe736c0ee35e3a3755c0152301f3880ce2412132a22623,11606,0,2,2
0,4,0,0,17,0.072569469997688429,0.056120999999999997,0.016257000000000001,41508864,NA,NA,NA,NA,NA,NA,NA,NA,1009296,235398,3329,64,46bbbc4439d5a1911d5728e76ba413a577b270d33a6d6f7287d5e66409ad1e95,7683,0,2,2
0,4,1,1,17,0.070033940999564948,0.052877999999999994,0.016895,42541056,NA,NA,NA,NA,NA,NA,NA,NA,1009296,235398,3329,64,46bbbc4439d5a1911d5728e76ba413a577b270d33a6d6f7287d5e66409ad1e95,7942,0,2,1
0,4,0,1,18,0.056952653998450842,0.040521999999999996,0.016261999999999999,41672704,NA,NA,NA,NA,NA,NA,NA,NA,742032,235398,3329,64,ef3fe9f327a6ee2b8ff8e0c5cce4ce61f805f0660ce139a533f5137453c188bc,7759,0,2,1
0,4,1,0,18,0.26020694500039099,0.10517399999999999,0.15448899999999999,40603648,NA,NA,NA,NA,NA,NA,NA,NA,742032,235398,3329,64,ef3fe9f327a6ee2b8ff8e0c5cce4ce61f805f0660ce139a533f5137453c188bc,7506,0,2,2
0,4,0,0,9,0.033623286999500124,0.016465,0.016778999999999999,30269440,NA,NA,NA,NA,NA,NA,NA,NA,147280,39898,2049,512,02ee45f00f5fa967779eb017bd9c1965526161af8ee6a0f23a31a68b3dbbac77,5056,0,2,1
0,4,1,1,9,0.029984155000420287,0.021082,0.0086629999999999988,30334976,NA,NA,NA,NA,NA,NA,NA,NA,147280,39898,2049,512,02ee45f00f5fa967779eb017bd9c1965526161af8ee6a0f23a31a68b3dbbac77,5078,0,2,1
0,4,0,1,14,0.031547002003208036,0.024492,0.0068389999999999996,31543296,NA,NA,NA,NA,NA,NA,NA,NA,247896,280189,4101,1,cf0f1cc1e290dce65809b3140c6f2dc9062a9f452120988a3a869e7faab69134,5359,0,2,1
0,4,1,0,14,0.029140749000362121,0.02018,0.0086949999999999996,31649792,NA,NA,NA,NA,NA,NA,NA,NA,247896,280189,4101,1,cf0f1cc1e290dce65809b3140c6f2dc9062a9f452120988a3a869e7faab69134,5348,0,2,1
0,4,0,0,8,0.026286561002052622,0.026120999999999998,0,31354880,NA,NA,NA,NA,NA,NA,NA,NA,98128,39898,2049,512,d54e0d3e437f1319c5e0037da4750229225984f79f1ebd587b1323affae587ab,5558,0,2,1
0,4,1,1,8,0.02866208300110884,0.015782999999999998,0.012681,31481856,NA,NA,NA,NA,NA,NA,NA,NA,98128,39898,2049,512,d54e0d3e437f1319c5e0037da4750229225984f79f1ebd587b1323affae587ab,5566,0,2,1
0,4,0,0,11,0.022728105999703985,0.011571999999999999,0.011028,30232576,NA,NA,NA,NA,NA,NA,NA,NA,106320,39898,2049,512,7b8f1ead52d1f75ea51a9518f4611f96b3105a83b8e9ff16958705114f2a13b3,5039,0,2,0
0,4,1,1,11,0.024077311001747148,0.019976999999999998,0.003934,30162944,NA,NA,NA,NA,NA,NA,NA,NA,106320,39898,2049,512,7b8f1ead52d1f75ea51a9518f4611f96b3105a83b8e9ff16958705114f2a13b3,5061,0,2,2
0,5,0,1,4,0.039259527002286632,0.034382999999999997,0.0044489999999999998,28880896,NA,NA,NA,NA,NA,NA,NA,NA,163920,51085,1029,1,3469c6c02ad818b9b840f744b74781f39d0d6d69319fb824d729f7875274b381,4677,0,2,1
0,5,1,0,4,0.040191971998865483,0.031613999999999996,0.0084460000000000004,28831744,NA,NA,NA,NA,NA,NA,NA,NA,163920,51085,1029,1,3469c6c02ad818b9b840f744b74781f39d0d6d69319fb824d729f7875274b381,4671,0,2,1
0,5,0,0,22,0.20642452700121794,0.143619,0.062563999999999995,58085376,NA,NA,NA,NA,NA,NA,NA,NA,1433848,711531,19202,64,7fe8e0e1367c4dc75afe736c0ee35e3a3755c0152301f3880ce2412132a22623,11610,0,2,2
0,5,1,1,22,0.14917332899858593,0.13247999999999999,0.016420999999999998,58134528,NA,NA,NA,NA,NA,NA,NA,NA,1433848,711531,19202,64,7fe8e0e1367c4dc75afe736c0ee35e3a3755c0152301f3880ce2412132a22623,11649,0,2,2
0,5,0,1,8,0.029648350999195827,0.020791999999999998,0.0086619999999999996,31707136,NA,NA,NA,NA,NA,NA,NA,NA,98128,39898,2049,512,d54e0d3e437f1319c5e0037da4750229225984f79f1ebd587b1323affae587ab,5566,0,2,1
0,5,1,0,8,0.027647484999761218,0.018491,0.0090010000000000003,31318016,NA,NA,NA,NA,NA,NA,NA,NA,98128,39898,2049,512,d54e0d3e437f1319c5e0037da4750229225984f79f1ebd587b1323affae587ab,5541,0,2,1
0,5,0,1,10,0.024608538999018492,0.012315999999999999,0.012149999999999999,30248960,NA,NA,NA,NA,NA,NA,NA,NA,106320,39898,2049,512,7b8f1ead52d1f75ea51a9518f4611f96b3105a83b8e9ff16958705114f2a13b3,5061,0,2,1
0,5,1,0,10,0.023368445999949472,0.011677,0.011557999999999999,30203904,NA,NA,NA,NA,NA,NA,NA,NA,106320,39898,2049,512,7b8f1ead52d1f75ea51a9518f4611f96b3105a83b8e9ff16958705114f2a13b3,5040,0,2,0
0,5,0,0,20,0.22471606200269889,0.20680599999999999,0.017635999999999999,60162048,NA,NA,NA,NA,NA,NA,NA,NA,1746680,711531,19202,64,e4041ce2b5b6df572ca4d0ca66e6006ad368116646e82963f7e9550b84ab78ca,12208,0,2,2
0,5,1,1,20,0.19634373400185723,0.163799,0.032357999999999998,60211200,NA,NA,NA,NA,NA,NA,NA,NA,1746680,711531,19202,64,e4041ce2b5b6df572ca4d0ca66e6006ad368116646e82963f7e9550b84ab78ca,12232,0,1,3
0,5,0,0,12,0.042802886000572471,0.033974999999999998,0.0086559999999999988,31199232,NA,NA,NA,NA,NA,NA,NA,NA,313424,280189,4101,1,0f9e44f960c45a3ca86cde574970381ef909d64a6bb2d20a17395bced584502a,5241,0,2,1
0,5,1,1,12,0.043435445997602073,0.039022000000000001,0.0042699999999999995,31391744,NA,NA,NA,NA,NA,NA,NA,NA,313424,280189,4101,1,0f9e44f960c45a3ca86cde574970381ef909d64a6bb2d20a17395bced584502a,5241,0,2,1
0,5,0,0,16,0.097197283001150936,0.075763999999999998,0.021266,42647552,NA,NA,NA,NA,NA,NA,NA,NA,1082000,235398,3329,64,0a2640f1e20aa1aa539adbeb18cdf2a1ebe47a1dc573029aa0c35ed433364c04,8055,0,2,1
0,5,1,1,16,0.096755917998962104,0.068635000000000002,0.027816,43499520,NA,NA,NA,NA,NA,NA,NA,NA,1082000,235398,3329,64,0a2640f1e20aa1aa539adbeb18cdf2a1ebe47a1dc573029aa0c35ed433364c04,8295,0,2,13
0,5,0,1,15,0.029450269998051226,0.014622999999999999,0.014653999999999999,31707136,NA,NA,NA,NA,NA,NA,NA,NA,247896,280189,4101,1,cf0f1cc1e290dce65809b3140c6f2dc9062a9f452120988a3a869e7faab69134,5385,0,2,1
0,5,1,0,15,0.039625770001293859,0.027734999999999999,0.011736999999999999,31879168,NA,NA,NA,NA,NA,NA,NA,NA,247896,280189,4101,1,cf0f1cc1e290dce65809b3140c6f2dc9062a9f452120988a3a869e7faab69134,5406,0,2,2
0,5,0,0,2,0.027066388996900059,0.022814999999999998,0.0041139999999999996,24408064,NA,NA,NA,NA,NA,NA,NA,NA,2008,133,5,1,8210b4f6eac12a20575e673437437e82cfff653da437ea17992a3aed56a99207,3621,0,2,0
0,5,1,1,2,0.024817341000016313,0.020553999999999999,0.0041370000000000001,24416256,NA,NA,NA,NA,NA,NA,NA,NA,2008,133,5,1,8210b4f6eac12a20575e673437437e82cfff653da437ea17992a3aed56a99207,3621,0,2,0
0,5,0,0,3,0.025192817000061041,0.025069999999999999,0,24317952,NA,NA,NA,NA,NA,NA,NA,NA,2008,133,5,1,8210b4f6eac12a20575e673437437e82cfff653da437ea17992a3aed56a99207,3618,0,2,0
0,5,1,1,3,0.025352806998853339,0.016812000000000001,0.0083979999999999992,24203264,NA,NA,NA,NA,NA,NA,NA,NA,2008,133,5,1,8210b4f6eac12a20575e673437437e82cfff653da437ea17992a3aed56a99207,3633,0,2,1
0,5,0,0,14,0.04165686299893423,0.022884999999999999,0.018553,31682560,NA,NA,NA,NA,NA,NA,NA,NA,247896,280189,4101,1,cf0f1cc1e290dce65809b3140c6f2dc9062a9f452120988a3a869e7faab69134,5288,0,2,3
0,5,1,1,14,0.04180356099823257,0.028938999999999999,0.012600999999999999,31862784,NA,NA,NA,NA,NA,NA,NA,NA,247896,280189,4101,1,cf0f1cc1e290dce65809b3140c6f2dc9062a9f452120988a3a869e7faab69134,5347,0,2,0
0,5,0,1,0,0.026156219999393215,0.017492999999999998,0.0085120000000000005,24260608,NA,NA,NA,NA,NA,NA,NA,NA,2008,133,5,1,a8c1633e798ef980493443e67e6fdb6eada42f775edf7051d304d09c3ddadf5a,3659,0,2,1
0,5,1,0,0,0.030578098001569742,0.027320999999999998,0.0030379999999999999,24530944,NA,NA,NA,NA,NA,NA,NA,NA,2008,133,5,1,a8c1633e798ef980493443e67e6fdb6eada42f775edf7051d304d09c3ddadf5a,3648,0,2,1
0,5,0,1,5,0.046950007999839727,0.034757999999999997,0.011996999999999999,30732288,NA,NA,NA,NA,NA,NA,NA,NA,192736,51085,1029,1,98c15b8b4636441c6e839c68a3bed9dee3bd8ae062882739073db7b7ed7d66f3,5218,0,2,2
0,5,1,0,5,0.040867289000743767,0.032561,0.0081169999999999992,30814208,NA,NA,NA,NA,NA,NA,NA,NA,192736,51085,1029,1,98c15b8b4636441c6e839c68a3bed9dee3bd8ae062882739073db7b7ed7d66f3,5217,0,2,1
0,5,0,1,11,0.043168689000594895,0.026241,0.016739,30384128,NA,NA,NA,NA,NA,NA,NA,NA,106320,39898,2049,512,7b8f1ead52d1f75ea51a9518f4611f96b3105a83b8e9ff16958705114f2a13b3,5061,0,1,1
0,5,1,0,11,0.044314689999737311,0.030233999999999997,0.013944,30216192,NA,NA,NA,NA,NA,NA,NA,NA,106320,39898,2049,512,7b8f1ead52d1f75ea51a9518f4611f96b3105a83b8e9ff16958705114f2a13b3,5027,0,2,0
0,5,0,0,21,0.21391815000242786,0.185058,0.028631999999999998,59965440,NA,NA,NA,NA,NA,NA,NA,NA,2209528,711531,19202,64,955dcf7525f03629d689feea1585905e0b8700805efb32f241197b1ebcb41ffa,12178,0,2,2
0,5,1,1,21,0.16436873999919044,0.12643499999999999,0.037617999999999999,60194816,NA,NA,NA,NA,NA,NA,NA,NA,2209528,711531,19202,64,955dcf7525f03629d689feea1585905e0b8700805efb32f241197b1ebcb41ffa,12199,0,2,1
0,5,0,1,17,0.078156151997973211,0.073474999999999999,0.0038899999999999998,42450944,NA,NA,NA,NA,NA,NA,NA,NA,1009296,235398,3329,64,46bbbc4439d5a1911d5728e76ba413a577b270d33a6d6f7287d5e66409ad1e95,7943,0,2,2
0,5,1,0,17,0.076360392999049509,0.063051999999999997,0.013143,41635840,NA,NA,NA,NA,NA,NA,NA,NA,1009296,235398,3329,64,46bbbc4439d5a1911d5728e76ba413a577b270d33a6d6f7287d5e66409ad1e95,7684,0,2,1
0,5,0,1,1,0.018834526999853551,0.01065,0.008010999999999999,24420352,NA,NA,NA,NA,NA,NA,NA,NA,2056,133,5,1,6b21b079ef6f8f7f055926600e53b906dd7be041e021dd2791b7aa8c55e24585,3620,0,2,1
0,5,1,0,1,0.017358184999466175,0.012823999999999999,0.0044099999999999999,24797184,NA,NA,NA,NA,NA,NA,NA,NA,2056,133,5,1,6b21b079ef6f8f7f055926600e53b906dd7be041e021dd2791b7aa8c55e24585,3623,0,2,0
0,5,0,0,13,0.026327077001042198,0.018627999999999999,0.0075550000000000001,32149504,NA,NA,NA,NA,NA,NA,NA,NA,313536,280189,4101,1,5a04cd3dab823e43a4d317f4a27057eec5b1fcaecf9843229a14a897b95f1f29,5443,0,2,2
0,5,1,1,13,0.027059299998654751,0.026918999999999998,0,32153600,NA,NA,NA,NA,NA,NA,NA,NA,313536,280189,4101,1,5a04cd3dab823e43a4d317f4a27057eec5b1fcaecf9843229a14a897b95f1f29,5428,0,2,0
0,5,0,0,7,0.025874360999296186,0.025745000000000001,0,30896128,NA,NA,NA,NA,NA,NA,NA,NA,126024,51085,1029,1,d6479df97612ac41a8966333a6ef58076a32dad29a20f6bc64e0a5b65673088c,5236,0,2,1
0,5,1,1,7,0.027631796001514886,0.023531999999999997,0.0039369999999999995,30781440,NA,NA,NA,NA,NA,NA,NA,NA,126024,51085,1029,1,d6479df97612ac41a8966333a6ef58076a32dad29a20f6bc64e0a5b65673088c,5232,0,2,1
0,5,0,0,6,0.02738902000055532,0.023417999999999998,0.0038299999999999996,30871552,NA,NA,NA,NA,NA,NA,NA,NA,126024,51085,1029,1,d6479df97612ac41a8966333a6ef58076a32dad29a20f6bc64e0a5b65673088c,5163,0,2,1
0,5,1,1,6,0.025720241999806603,0.021878999999999999,0.0036959999999999996,30904320,NA,NA,NA,NA,NA,NA,NA,NA,126024,51085,1029,1,d6479df97612ac41a8966333a6ef58076a32dad29a20f6bc64e0a5b65673088c,5181,0,2,1
0,5,0,0,18,0.064337437997892266,0.046436999999999999,0.01771,40751104,NA,NA,NA,NA,NA,NA,NA,NA,742032,235398,3329,64,ef3fe9f327a6ee2b8ff8e0c5cce4ce61f805f0660ce139a533f5137453c188bc,7505,0,2,1
0,5,1,1,18,0.06558352600040962,0.052782999999999997,0.01264,42835968,NA,NA,NA,NA,NA,NA,NA,NA,742032,235398,3329,64,ef3fe9f327a6ee2b8ff8e0c5cce4ce61f805f0660ce139a533f5137453c188bc,7776,0,2,1
0,5,0,1,19,0.069183976000203984,0.048493999999999995,0.020499999999999997,41897984,NA,NA,NA,NA,NA,NA,NA,NA,742032,235398,3329,64,ef3fe9f327a6ee2b8ff8e0c5cce4ce61f805f0660ce139a533f5137453c188bc,7763,0,2,1
0,5,1,0,19,0.066532752000057371,0.045643999999999997,0.020740999999999999,40620032,NA,NA,NA,NA,NA,NA,NA,NA,742032,235398,3329,64,ef3fe9f327a6ee2b8ff8e0c5cce4ce61f805f0660ce139a533f5137453c188bc,7524,0,2,1
0,5,0,1,9,0.02682346900110133,0.022034999999999999,0.0046600000000000001,30416896,NA,NA,NA,NA,NA,NA,NA,NA,147280,39898,2049,512,02ee45f00f5fa967779eb017bd9c1965526161af8ee6a0f23a31a68b3dbbac77,5077,0,2,0
0,5,1,0,9,0.025292225000157487,0.016413000000000001,0.0087270000000000004,30326784,NA,NA,NA,NA,NA,NA,NA,NA,147280,39898,2049,512,02ee45f00f5fa967779eb017bd9c1965526161af8ee6a0f23a31a68b3dbbac77,5069,0,2,2
0,5,0,0,23,0.15320847199836862,0.132857,0.020147999999999999,57966592,NA,NA,NA,NA,NA,NA,NA,NA,1433848,711531,19202,64,7fe8e0e1367c4dc75afe736c0ee35e3a3755c0152301f3880ce2412132a22623,11659,0,2,2
0,5,1,1,23,0.1818300189988804,0.15673699999999999,0.024860999999999998,58195968,NA,NA,NA,NA,NA,NA,NA,NA,1433848,711531,19202,64,7fe8e0e1367c4dc75afe736c0ee35e3a3755c0152301f3880ce2412132a22623,11711,0,2,3
0,6,0,0,3,0.01990090599792893,0.011928999999999999,0.0077609999999999997,24326144,NA,NA,NA,NA,NA,NA,NA,NA,2008,133,5,1,8210b4f6eac12a20575e673437437e82cfff653da437ea17992a3aed56a99207,3561,0,2,2
0,6,1,1,3,0.017790322999644559,0.010532,0.0071309999999999993,24522752,NA,NA,NA,NA,NA,NA,NA,NA,2008,133,5,1,8210b4f6eac12a20575e673437437e82cfff653da437ea17992a3aed56a99207,3637,0,2,0
0,6,0,1,15,0.032859025999641744,0.023729999999999998,0.0089519999999999999,31690752,NA,NA,NA,NA,NA,NA,NA,NA,247896,280189,4101,1,cf0f1cc1e290dce65809b3140c6f2dc9062a9f452120988a3a869e7faab69134,5400,0,2,1
0,6,1,0,15,0.031924929997330764,0.019484999999999999,0.012277999999999999,31846400,NA,NA,NA,NA,NA,NA,NA,NA,247896,280189,4101,1,cf0f1cc1e290dce65809b3140c6f2dc9062a9f452120988a3a869e7faab69134,5402,0,2,1
0,6,0,1,2,0.017625781998503953,0.013101999999999999,0.004372,24399872,NA,NA,NA,NA,NA,NA,NA,NA,2008,133,5,1,8210b4f6eac12a20575e673437437e82cfff653da437ea17992a3aed56a99207,3616,0,2,0
0,6,1,0,2,0.018969021999510005,0.011462999999999999,0.0072689999999999994,24309760,NA,NA,NA,NA,NA,NA,NA,NA,2008,133,5,1,8210b4f6eac12a20575e673437437e82cfff653da437ea17992a3aed56a99207,3639,0,2,1
0,6,0,0,6,0.02597387300193077,0.025850999999999999,0,30601216,NA,NA,NA,NA,NA,NA,NA,NA,126024,51085,1029,1,d6479df97612ac41a8966333a6ef58076a32dad29a20f6bc64e0a5b65673088c,5163,0,2,0
0,6,1,1,6,0.027492942997923819,0.015427999999999999,0.011897999999999999,30781440,NA,NA,NA,NA,NA,NA,NA,NA,126024,51085,1029,1,d6479df97612ac41a8966333a6ef58076a32dad29a20f6bc64e0a5b65673088c,5182,0,2,1
0,6,0,1,11,0.022617323000304168,0.013542,0.0089599999999999992,30429184,NA,NA,NA,NA,NA,NA,NA,NA,106320,39898,2049,512,7b8f1ead52d1f75ea51a9518f4611f96b3105a83b8e9ff16958705114f2a13b3,5044,0,2,0
0,6,1,0,11,0.02281754200157593,0.022685,0,30261248,NA,NA,NA,NA,NA,NA,NA,NA,106320,39898,2049,512,7b8f1ead52d1f75ea51a9518f4611f96b3105a83b8e9ff16958705114f2a13b3,5023,0,2,0
0,6,0,0,5,0.027053425001213327,0.022793999999999998,0.0039949999999999994,31109120,NA,NA,NA,NA,NA,NA,NA,NA,192736,51085,1029,1,98c15b8b4636441c6e839c68a3bed9dee3bd8ae062882739073db7b7ed7d66f3,5197,0,2,0
0,6,1,1,5,0.02773038699888275,0.015462,0.012097999999999999,30961664,NA,NA,NA,NA,NA,NA,NA,NA,192736,51085,1029,1,98c15b8b4636441c6e839c68a3bed9dee3bd8ae062882739073db7b7ed7d66f3,5216,0,2,2
0,6,0,1,9,0.022557733998837648,0.022380999999999998,0,30130176,NA,NA,NA,NA,NA,NA,NA,NA,147280,39898,2049,512,02ee45f00f5fa967779eb017bd9c1965526161af8ee6a0f23a31a68b3dbbac77,5095,0,2,0
0,6,1,0,9,0.024892058001569239,0.014532,0.010097999999999999,30507008,NA,NA,NA,NA,NA,NA,NA,NA,147280,39898,2049,512,02ee45f00f5fa967779eb017bd9c1965526161af8ee6a0f23a31a68b3dbbac77,5056,0,2,3
0,6,0,1,7,0.027634786998532945,0.012119,0.015371999999999999,32047104,NA,NA,NA,NA,NA,NA,NA,NA,126024,51085,1029,1,d6479df97612ac41a8966333a6ef58076a32dad29a20f6bc64e0a5b65673088c,5234,0,2,0
0,6,1,0,7,0.030726059998414712,0.026242999999999999,0.0043470000000000002,31125504,NA,NA,NA,NA,NA,NA,NA,NA,126024,51085,1029,1,d6479df97612ac41a8966333a6ef58076a32dad29a20f6bc64e0a5b65673088c,5234,0,2,0
0,6,0,0,14,0.027726088999770582,0.0072299999999999994,0.02036,31617024,NA,NA,NA,NA,NA,NA,NA,NA,247896,280189,4101,1,cf0f1cc1e290dce65809b3140c6f2dc9062a9f452120988a3a869e7faab69134,5367,0,2,0
0,6,1,1,14,0.028845649998402223,0.025096,0.003558,31961088,NA,NA,NA,NA,NA,NA,NA,NA,247896,280189,4101,1,cf0f1cc1e290dce65809b3140c6f2dc9062a9f452120988a3a869e7faab69134,5351,0,2,0
0,6,0,0,16,0.18942444899948896,0.15076399999999998,0.038043,42864640,NA,NA,NA,NA,NA,NA,NA,NA,1082000,235398,3329,64,0a2640f1e20aa1aa539adbeb18cdf2a1ebe47a1dc573029aa0c35ed433364c04,8037,0,2,2
0,6,1,1,16,0.21544120100224973,0.077948999999999991,0.137124,43876352,NA,NA,NA,NA,NA,NA,NA,NA,1082000,235398,3329,64,0a2640f1e20aa1aa539adbeb18cdf2a1ebe47a1dc573029aa0c35ed433364c04,8312,0,2,2
0,6,0,0,20,0.24549858499813126,0.18457799999999999,0.060294999999999994,60211200,NA,NA,NA,NA,NA,NA,NA,NA,1746680,711531,19202,64,e4041ce2b5b6df572ca4d0ca66e6006ad368116646e82963f7e9550b84ab78ca,12195,0,2,2
0,6,1,1,20,0.19341436300237547,0.18081700000000001,0.012291999999999999,60383232,NA,NA,NA,NA,NA,NA,NA,NA,1746680,711531,19202,64,e4041ce2b5b6df572ca4d0ca66e6006ad368116646e82963f7e9550b84ab78ca,12246,0,2,3
0,6,0,1,12,0.045210242999019101,0.040620999999999997,0.004411,31219712,NA,NA,NA,NA,NA,NA,NA,NA,313424,280189,4101,1,0f9e44f960c45a3ca86cde574970381ef909d64a6bb2d20a17395bced584502a,5235,0,2,1
0,6,1,0,12,0.044182675999763887,0.039604,0.0043010000000000001,31244288,NA,NA,NA,NA,NA,NA,NA,NA,313424,280189,4101,1,0f9e44f960c45a3ca86cde574970381ef909d64a6bb2d20a17395bced584502a,5229,0,2,1
0,6,0,1,21,0.16899269400164485,0.15115000000000001,0.017568999999999998,60416000,NA,NA,NA,NA,NA,NA,NA,NA,2209528,711531,19202,64,955dcf7525f03629d689feea1585905e0b8700805efb32f241197b1ebcb41ffa,12214,0,2,1
0,6,1,0,21,0.14514724599939655,0.11408499999999999,0.030922999999999999,60129280,NA,NA,NA,NA,NA,NA,NA,NA,2209528,711531,19202,64,955dcf7525f03629d689feea1585905e0b8700805efb32f241197b1ebcb41ffa,12178,0,1,2
0,6,0,1,22,0.15533591399798752,0.13001799999999999,0.024901,58130432,NA,NA,NA,NA,NA,NA,NA,NA,1433848,711531,19202,64,7fe8e0e1367c4dc75afe736c0ee35e3a3755c0152301f3880ce2412132a22623,11628,0,2,17
0,6,1,0,22,0.16363130199897569,0.13572199999999998,0.027680999999999997,57970688,NA,NA,NA,NA,NA,NA,NA,NA,1433848,711531,19202,64,7fe8e0e1367c4dc75afe736c0ee35e3a3755c0152301f3880ce2412132a22623,11589,0,2,2
0,6,0,0,8,0.031514784001046792,0.020191999999999998,0.011127999999999999,31543296,NA,NA,NA,NA,NA,NA,NA,NA,98128,39898,2049,512,d54e0d3e437f1319c5e0037da4750229225984f79f1ebd587b1323affae587ab,5543,0,2,1
0,6,1,1,8,0.028584351999597857,0.020385999999999998,0.0079930000000000001,31375360,NA,NA,NA,NA,NA,NA,NA,NA,98128,39898,2049,512,d54e0d3e437f1319c5e0037da4750229225984f79f1ebd587b1323affae587ab,5582,0,2,2
0,6,0,0,18,0.057392279999476159,0.040920999999999999,0.016320999999999999,40751104,NA,NA,NA,NA,NA,NA,NA,NA,742032,235398,3329,64,ef3fe9f327a6ee2b8ff8e0c5cce4ce61f805f0660ce139a533f5137453c188bc,7509,0,2,1
0,6,1,1,18,0.059694158000638708,0.038425999999999995,0.021028999999999999,42835968,NA,NA,NA,NA,NA,NA,NA,NA,742032,235398,3329,64,ef3fe9f327a6ee2b8ff8e0c5cce4ce61f805f0660ce139a533f5137453c188bc,7779,0,2,1
0,6,0,0,19,0.059325046997400932,0.050094,0.0087589999999999994,40665088,NA,NA,NA,NA,NA,NA,NA,NA,742032,235398,3329,64,ef3fe9f327a6ee2b8ff8e0c5cce4ce61f805f0660ce139a533f5137453c188bc,7503,0,2,1
0,6,1,1,19,0.065464706000057049,0.050813999999999998,0.014504999999999999,41771008,NA,NA,NA,NA,NA,NA,NA,NA,742032,235398,3329,64,ef3fe9f327a6ee2b8ff8e0c5cce4ce61f805f0660ce139a533f5137453c188bc,7784,0,2,1
0,6,0,0,0,0.018328800000745105,0.011138,0.0070479999999999996,24530944,NA,NA,NA,NA,NA,NA,NA,NA,2008,133,5,1,a8c1633e798ef980493443e67e6fdb6eada42f775edf7051d304d09c3ddadf5a,3661,0,2,0
0,6,1,1,0,0.022906343001523055,0.018098,0.0046689999999999995,24625152,NA,NA,NA,NA,NA,NA,NA,NA,2008,133,5,1,a8c1633e798ef980493443e67e6fdb6eada42f775edf7051d304d09c3ddadf5a,3659,0,2,1
0,6,0,0,23,0.2171461680009088,0.18810299999999999,0.028556999999999999,58114048,NA,NA,NA,NA,NA,NA,NA,NA,1433848,711531,19202,64,7fe8e0e1367c4dc75afe736c0ee35e3a3755c0152301f3880ce2412132a22623,11657,0,2,14
0,6,1,1,23,0.24835586400149623,0.228487,0.019504000000000001,58269696,NA,NA,NA,NA,NA,NA,NA,NA,1433848,711531,19202,64,7fe8e0e1367c4dc75afe736c0ee35e3a3755c0152301f3880ce2412132a22623,11699,0,2,4
0,6,0,1,10,0.040194041001086589,0.016011000000000001,0.023865999999999998,30261248,NA,NA,NA,NA,NA,NA,NA,NA,106320,39898,2049,512,7b8f1ead52d1f75ea51a9518f4611f96b3105a83b8e9ff16958705114f2a13b3,5063,0,2,1
0,6,1,0,10,0.04255250200003502,0.029367999999999998,0.012995,30203904,NA,NA,NA,NA,NA,NA,NA,NA,106320,39898,2049,512,7b8f1ead52d1f75ea51a9518f4611f96b3105a83b8e9ff16958705114f2a13b3,5021,0,2,1
0,6,0,0,13,0.044156875999760814,0.027810999999999999,0.016171999999999999,32010240,NA,NA,NA,NA,NA,NA,NA,NA,313536,280189,4101,1,5a04cd3dab823e43a4d317f4a27057eec5b1fcaecf9843229a14a897b95f1f29,5443,0,2,2
0,6,1,1,13,0.052355743002408417,0.036407999999999996,0.015775999999999998,31809536,NA,NA,NA,NA,NA,NA,NA,NA,313536,280189,4101,1,5a04cd3dab823e43a4d317f4a27057eec5b1fcaecf9843229a14a897b95f1f29,5439,0,2,1
0,6,0,0,4,0.059631575000821613,0.046732999999999997,0.012005,28504064,NA,NA,NA,NA,NA,NA,NA,NA,163920,51085,1029,1,3469c6c02ad818b9b840f744b74781f39d0d6d69319fb824d729f7875274b381,4677,0,1,1
0,6,1,1,4,0.060812665997218573,0.052424999999999999,0.0082199999999999999,28553216,NA,NA,NA,NA,NA,NA,NA,NA,163920,51085,1029,1,3469c6c02ad818b9b840f744b74781f39d0d6d69319fb824d729f7875274b381,4695,0,2,1
0,6,0,0,17,0.070174655000300845,0.058347999999999997,0.011604999999999999,41140224,NA,NA,NA,NA,NA,NA,NA,NA,1009296,235398,3329,64,46bbbc4439d5a1911d5728e76ba413a577b270d33a6d6f7287d5e66409ad1e95,7688,0,2,1
0,6,1,1,17,0.070897546000196598,0.05944,0.011299999999999999,42606592,NA,NA,NA,NA,NA,NA,NA,NA,1009296,235398,3329,64,46bbbc4439d5a1911d5728e76ba413a577b270d33a6d6f7287d5e66409ad1e95,7957,0,2,1
0,6,0,1,1,0.022754175999580184,0.011254999999999999,0.011354,24375296,NA,NA,NA,NA,NA,NA,NA,NA,2056,133,5,1,6b21b079ef6f8f7f055926600e53b906dd7be041e021dd2791b7aa8c55e24585,3635,0,2,1
0,6,1,0,1,0.017093422000471037,0.010159,0.0067999999999999996,24334336,NA,NA,NA,NA,NA,NA,NA,NA,2056,133,5,1,6b21b079ef6f8f7f055926600e53b906dd7be041e021dd2791b7aa8c55e24585,3638,0,2,0
0,7,0,1,8,0.033605307999096112,0.028326999999999998,0.0051149999999999998,32440320,NA,NA,NA,NA,NA,NA,NA,NA,98128,39898,2049,512,d54e0d3e437f1319c5e0037da4750229225984f79f1ebd587b1323affae587ab,5580,0,2,2
0,7,1,0,8,0.026642697001079796,0.022485999999999999,0.0039649999999999998,31444992,NA,NA,NA,NA,NA,NA,NA,NA,98128,39898,2049,512,d54e0d3e437f1319c5e0037da4750229225984f79f1ebd587b1323affae587ab,5542,0,1,1
0,7,0,0,12,0.04344995900100912,0.034741000000000001,0.0085620000000000002,31391744,NA,NA,NA,NA,NA,NA,NA,NA,313424,280189,4101,1,0f9e44f960c45a3ca86cde574970381ef909d64a6bb2d20a17395bced584502a,5221,0,2,1
0,7,1,1,12,0.050143227999797091,0.038817999999999998,0.011136999999999999,32206848,NA,NA,NA,NA,NA,NA,NA,NA,313424,280189,4101,1,0f9e44f960c45a3ca86cde574970381ef909d64a6bb2d20a17395bced584502a,5237,0,2,1
0,7,0,1,17,0.072069996997015551,0.054969999999999998,0.016057999999999999,42610688,NA,NA,NA,NA,NA,NA,NA,NA,1009296,235398,3329,64,46bbbc4439d5a1911d5728e76ba413a577b270d33a6d6f7287d5e66409ad1e95,7938,0,2,1
0,7,1,0,17,0.068106709000858245,0.060082999999999998,0.0078569999999999994,41525248,NA,NA,NA,NA,NA,NA,NA,NA,1009296,235398,3329,64,46bbbc4439d5a1911d5728e76ba413a577b270d33a6d6f7287d5e66409ad1e95,7701,0,2,2
0,7,0,1,3,0.018228347998956451,0.013561,0.004522,24604672,NA,NA,NA,NA,NA,NA,NA,NA,2008,133,5,1,8210b4f6eac12a20575e673437437e82cfff653da437ea17992a3aed56a99207,3636,0,2,1
0,7,1,0,3,0.017402845998731209,0.013696999999999999,0.003522,24453120,NA,NA,NA,NA,NA,NA,NA,NA,2008,133,5,1,8210b4f6eac12a20575e673437437e82cfff653da437ea17992a3aed56a99207,3636,0,2,1
0,7,0,1,6,0.02798588999939966,0.024171999999999999,0.00362,30728192,NA,NA,NA,NA,NA,NA,NA,NA,126024,51085,1029,1,d6479df97612ac41a8966333a6ef58076a32dad29a20f6bc64e0a5b65673088c,5166,0,2,1
0,7,1,0,6,0.029374459998507518,0.025822999999999999,0.0034009999999999999,30814208,NA,NA,NA,NA,NA,NA,NA,NA,126024,51085,1029,1,d6479df97612ac41a8966333a6ef58076a32dad29a20f6bc64e0a5b65673088c,5162,0,2,1
0,7,0,0,22,0.14767152499916847,0.122886,0.024587999999999999,57851904,NA,NA,NA,NA,NA,NA,NA,NA,1433848,711531,19202,64,7fe8e0e1367c4dc75afe736c0ee35e3a3755c0152301f3880ce2412132a22623,11607,0,2,1
0,7,1,1,22,0.15709146199878887,0.13986699999999999,0.017052999999999999,58036224,NA,NA,NA,NA,NA,NA,NA,NA,1433848,711531,19202,64,7fe8e0e1367c4dc75afe736c0ee35e3a3755c0152301f3880ce2412132a22623,11649,0,1,2
0,7,0,1,18,0.060680962000333238,0.048533,0.011949999999999999,41598976,NA,NA,NA,NA,NA,NA,NA,NA,742032,235398,3329,64,ef3fe9f327a6ee2b8ff8e0c5cce4ce61f805f0660ce139a533f5137453c188bc,7775,0,2,2
0,7,1,0,18,0.063770650001970353,0.055467999999999996,0.0081130000000000004,40955904,NA,NA,NA,NA,NA,NA,NA,NA,742032,235398,3329,64,ef3fe9f327a6ee2b8ff8e0c5cce4ce61f805f0660ce139a533f5137453c188bc,7525,0,2,1
0,7,0,0,10,0.025671375999081647,0.021200999999999998,0.0043109999999999997,30203904,NA,NA,NA,NA,NA,NA,NA,NA,106320,39898,2049,512,7b8f1ead52d1f75ea51a9518f4611f96b3105a83b8e9ff16958705114f2a13b3,5037,0,2,1
0,7,1,1,10,0.024586902000010014,0.020240999999999999,0.0041979999999999995,30326784,NA,NA,NA,NA,NA,NA,NA,NA,106320,39898,2049,512,7b8f1ead52d1f75ea51a9518f4611f96b3105a83b8e9ff16958705114f2a13b3,5065,0,2,0
0,7,0,0,9,0.025331721000839025,0.016955999999999999,0.0081519999999999995,30666752,NA,NA,NA,NA,NA,NA,NA,NA,147280,39898,2049,512,02ee45f00f5fa967779eb017bd9c1965526161af8ee6a0f23a31a68b3dbbac77,5059,0,2,1
0,7,1,1,9,0.022148356998513918,0.011002,0.011002,30130176,NA,NA,NA,NA,NA,NA,NA,NA,147280,39898,2049,512,02ee45f00f5fa967779eb017bd9c1965526161af8ee6a0f23a31a68b3dbbac77,5077,0,2,1
0,7,0,0,15,0.031547459999273997,0.022449,0.0089289999999999994,31805440,NA,NA,NA,NA,NA,NA,NA,NA,247896,280189,4101,1,cf0f1cc1e290dce65809b3140c6f2dc9062a9f452120988a3a869e7faab69134,5404,0,2,0
0,7,1,1,15,0.028224773002875736,0.024053999999999999,0.0040109999999999998,32006144,NA,NA,NA,NA,NA,NA,NA,NA,247896,280189,4101,1,cf0f1cc1e290dce65809b3140c6f2dc9062a9f452120988a3a869e7faab69134,5384,0,2,2
0,7,0,0,11,0.028657769998972071,0.024750999999999999,0.0037649999999999997,30228480,NA,NA,NA,NA,NA,NA,NA,NA,106320,39898,2049,512,7b8f1ead52d1f75ea51a9518f4611f96b3105a83b8e9ff16958705114f2a13b3,5025,0,2,1
0,7,1,1,11,0.024701662001461955,0.020312,0.00413,30121984,NA,NA,NA,NA,NA,NA,NA,NA,106320,39898,2049,512,7b8f1ead52d1f75ea51a9518f4611f96b3105a83b8e9ff16958705114f2a13b3,5062,0,2,0
0,7,0,1,14,0.027701037000952056,0.023486,0.004052,31911936,NA,NA,NA,NA,NA,NA,NA,NA,247896,280189,4101,1,cf0f1cc1e290dce65809b3140c6f2dc9062a9f452120988a3a869e7faab69134,5366,0,2,2
0,7,1,0,14,0.038846998002554756,0.02341,0.015285,31993856,NA,NA,NA,NA,NA,NA,NA,NA,247896,280189,4101,1,cf0f1cc1e290dce65809b3140c6f2dc9062a9f452120988a3a869e7faab69134,5351,0,2,1
0,7,0,1,20,0.29006149500128231,0.24498499999999998,0.044902999999999998,60301312,NA,NA,NA,NA,NA,NA,NA,NA,1746680,711531,19202,64,e4041ce2b5b6df572ca4d0ca66e6006ad368116646e82963f7e9550b84ab78ca,12235,0,2,2
0,7,1,0,20,0.29606320099992445,0.27476899999999999,0.021082999999999998,60223488,NA,NA,NA,NA,NA,NA,NA,NA,1746680,711531,19202,64,e4041ce2b5b6df572ca4d0ca66e6006ad368116646e82963f7e9550b84ab78ca,12197,0,2,2
0,7,0,1,4,0.046922691999498056,0.038755999999999999,0.0079360000000000003,28905472,NA,NA,NA,NA,NA,NA,NA,NA,163920,51085,1029,1,3469c6c02ad818b9b840f744b74781f39d0d6d69319fb824d729f7875274b381,4681,0,2,2
0,7,1,0,4,0.040581251003459329,0.036393999999999996,0.0040309999999999999,28758016,NA,NA,NA,NA,NA,NA,NA,NA,163920,51085,1029,1,3469c6c02ad818b9b840f744b74781f39d0d6d69319fb824d729f7875274b381,4657,0,2,1
0,7,0,1,5,0.027134736999869347,0.013443999999999999,0.013505999999999999,30937088,NA,NA,NA,NA,NA,NA,NA,NA,192736,51085,1029,1,98c15b8b4636441c6e839c68a3bed9dee3bd8ae062882739073db7b7ed7d66f3,5217,0,2,0
0,7,1,0,5,0.029585593001684174,0.020923000000000001,0.0085179999999999995,30887936,NA,NA,NA,NA,NA,NA,NA,NA,192736,51085,1029,1,98c15b8b4636441c6e839c68a3bed9dee3bd8ae062882739073db7b7ed7d66f3,5219,0,2,1
0,7,0,1,0,0.01937372600150411,0.010936,0.0082089999999999993,25563136,NA,NA,NA,NA,NA,NA,NA,NA,2008,133,5,1,a8c1633e798ef980493443e67e6fdb6eada42f775edf7051d304d09c3ddadf5a,3659,0,2,0
0,7,1,0,0,0.01923045299918158,0.016354,0.0026679999999999998,24588288,NA,NA,NA,NA,NA,NA,NA,NA,2008,133,5,1,a8c1633e798ef980493443e67e6fdb6eada42f775edf7051d304d09c3ddadf5a,3663,0,2,1
0,7,0,1,19,0.060467358998721465,0.051823999999999995,0.0080400000000000003,41803776,NA,NA,NA,NA,NA,NA,NA,NA,742032,235398,3329,64,ef3fe9f327a6ee2b8ff8e0c5cce4ce61f805f0660ce139a533f5137453c188bc,7779,0,2,2
0,7,1,0,19,0.064736939999420429,0.060329000000000001,0.0042449999999999996,40730624,NA,NA,NA,NA,NA,NA,NA,NA,742032,235398,3329,64,ef3fe9f327a6ee2b8ff8e0c5cce4ce61f805f0660ce139a533f5137453c188bc,7506,0,2,1
0,7,0,0,1,0.018548282998381183,0.010954,0.0074009999999999996,24522752,NA,NA,NA,NA,NA,NA,NA,NA,2056,133,5,1,6b21b079ef6f8f7f055926600e53b906dd7be041e021dd2791b7aa8c55e24585,3634,0,2,1
0,7,1,1,1,0.017738713999278843,0.010813,0.0067849999999999994,24154112,NA,NA,NA,NA,NA,NA,NA,NA,2056,133,5,1,6b21b079ef6f8f7f055926600e53b906dd7be041e021dd2791b7aa8c55e24585,3632,0,2,0
0,7,0,1,13,0.035482356001011794,0.025748999999999998,0.0095499999999999995,32137216,NA,NA,NA,NA,NA,NA,NA,NA,313536,280189,4101,1,5a04cd3dab823e43a4d317f4a27057eec5b1fcaecf9843229a14a897b95f1f29,5442,0,2,2
0,7,1,0,13,0.034011350002401741,0.018456999999999998,0.015408999999999999,32030720,NA,NA,NA,NA,NA,NA,NA,NA,313536,280189,4101,1,5a04cd3dab823e43a4d317f4a27057eec5b1fcaecf9843229a14a897b95f1f29,5444,0,2,1
0,7,0,1,23,0.15592860000106157,0.13575699999999999,0.019254999999999998,58351616,NA,NA,NA,NA,NA,NA,NA,NA,1433848,711531,19202,64,7fe8e0e1367c4dc75afe736c0ee35e3a3755c0152301f3880ce2412132a22623,11714,0,2,3
0,7,1,0,23,0.16428314999939175,0.15104399999999998,0.012926999999999999,58146816,NA,NA,NA,NA,NA,NA,NA,NA,1433848,711531,19202,64,7fe8e0e1367c4dc75afe736c0ee35e3a3755c0152301f3880ce2412132a22623,11670,0,2,1
0,7,0,0,7,0.029882595001254231,0.022159999999999999,0.0075499999999999994,31141888,NA,NA,NA,NA,NA,NA,NA,NA,126024,51085,1029,1,d6479df97612ac41a8966333a6ef58076a32dad29a20f6bc64e0a5b65673088c,5234,0,2,1
0,7,1,1,7,0.029356636998272734,0.016732999999999998,0.012452999999999999,30994432,NA,NA,NA,NA,NA,NA,NA,NA,126024,51085,1029,1,d6479df97612ac41a8966333a6ef58076a32dad29a20f6bc64e0a5b65673088c,5218,0,2,1
0,7,0,0,2,0.016893828000320354,0.0084279999999999997,0.0083429999999999997,24317952,NA,NA,NA,NA,NA,NA,NA,NA,2008,133,5,1,8210b4f6eac12a20575e673437437e82cfff653da437ea17992a3aed56a99207,3619,0,2,0
0,7,1,1,2,0.02161669699853519,0.013221,0.0082349999999999993,24391680,NA,NA,NA,NA,NA,NA,NA,NA,2008,133,5,1,8210b4f6eac12a20575e673437437e82cfff653da437ea17992a3aed56a99207,3620,0,2,1
0,7,0,1,16,0.095350989999133162,0.083017999999999995,0.012147,43671552,NA,NA,NA,NA,NA,NA,NA,NA,1082000,235398,3329,64,0a2640f1e20aa1aa539adbeb18cdf2a1ebe47a1dc573029aa0c35ed433364c04,8309,0,2,3
0,7,1,0,16,0.088132755001424812,0.063520999999999994,0.024121,42950656,NA,NA,NA,NA,NA,NA,NA,NA,1082000,235398,3329,64,0a2640f1e20aa1aa539adbeb18cdf2a1ebe47a1dc573029aa0c35ed433364c04,8055,0,2,18
0,7,0,0,21,0.14323256400166429,0.13488899999999998,0.0081359999999999991,59965440,NA,NA,NA,NA,NA,NA,NA,NA,2209528,711531,19202,64,955dcf7525f03629d689feea1585905e0b8700805efb32f241197b1ebcb41ffa,12181,0,2,1
0,7,1,1,21,0.16183546000320348,0.128606,0.032987999999999996,60276736,NA,NA,NA,NA,NA,NA,NA,NA,2209528,711531,19202,64,955dcf7525f03629d689feea1585905e0b8700805efb32f241197b1ebcb41ffa,12212,0,2,1
1,0,0,0,19,0.082830642000772059,0.074796000000000001,0.0077919999999999994,40980480,NA,NA,NA,NA,NA,NA,NA,NA,742032,235398,3329,64,ef3fe9f327a6ee2b8ff8e0c5cce4ce61f805f0660ce139a533f5137453c188bc,7521,0,2,1
1,0,1,1,19,0.061738109998259461,0.049935999999999994,0.011663999999999999,41824256,NA,NA,NA,NA,NA,NA,NA,NA,742032,235398,3329,64,ef3fe9f327a6ee2b8ff8e0c5cce4ce61f805f0660ce139a533f5137453c188bc,7783,0,1,2
1,0,0,0,16,0.093247668999538291,0.064694000000000002,0.028400999999999999,42655744,NA,NA,NA,NA,NA,NA,NA,NA,1082000,235398,3329,64,0a2640f1e20aa1aa539adbeb18cdf2a1ebe47a1dc573029aa0c35ed433364c04,8041,0,2,1
1,0,1,1,16,0.090479793001577491,0.069470999999999991,0.020820999999999999,43696128,NA,NA,NA,NA,NA,NA,NA,NA,1082000,235398,3329,64,0a2640f1e20aa1aa539adbeb18cdf2a1ebe47a1dc573029aa0c35ed433364c04,8310,0,2,1
1,0,0,1,7,0.034085291998053435,0.026931,0.0069249999999999997,30920704,NA,NA,NA,NA,NA,NA,NA,NA,126024,51085,1029,1,d6479df97612ac41a8966333a6ef58076a32dad29a20f6bc64e0a5b65673088c,5218,0,2,0
1,0,1,0,7,0.031472011000005296,0.027056999999999998,0.0041370000000000001,30846976,NA,NA,NA,NA,NA,NA,NA,NA,126024,51085,1029,1,d6479df97612ac41a8966333a6ef58076a32dad29a20f6bc64e0a5b65673088c,5219,0,2,0
1,0,0,0,2,0.019545527000445873,0.011578999999999999,0.0078059999999999996,24326144,NA,NA,NA,NA,NA,NA,NA,NA,2008,133,5,1,8210b4f6eac12a20575e673437437e82cfff653da437ea17992a3aed56a99207,3621,0,2,1
1,0,1,1,2,0.017357507000269834,0.013999999999999999,0.0032269999999999998,24395776,NA,NA,NA,NA,NA,NA,NA,NA,2008,133,5,1,8210b4f6eac12a20575e673437437e82cfff653da437ea17992a3aed56a99207,3619,0,2,0
1,0,0,0,0,0.017567721999512287,0.012837999999999999,0.0043949999999999996,24731648,NA,NA,NA,NA,NA,NA,NA,NA,2008,133,5,1,a8c1633e798ef980493443e67e6fdb6eada42f775edf7051d304d09c3ddadf5a,3649,0,2,0
1,0,1,1,0,0.021725378999690292,0.0060650000000000001,0.015453,24662016,NA,NA,NA,NA,NA,NA,NA,NA,2008,133,5,1,a8c1633e798ef980493443e67e6fdb6eada42f775edf7051d304d09c3ddadf5a,3646,0,2,2
1,0,0,0,9,0.026454689999809489,0.018450999999999999,0.0077909999999999993,30269440,NA,NA,NA,NA,NA,NA,NA,NA,147280,39898,2049,512,02ee45f00f5fa967779eb017bd9c1965526161af8ee6a0f23a31a68b3dbbac77,5057,0,2,1
1,0,1,1,9,0.027249308001046302,0.018078999999999998,0.0090139999999999994,30392320,NA,NA,NA,NA,NA,NA,NA,NA,147280,39898,2049,512,02ee45f00f5fa967779eb017bd9c1965526161af8ee6a0f23a31a68b3dbbac77,5093,0,2,1
1,0,0,1,10,0.030092635999608319,0.029963,0,30187520,NA,NA,NA,NA,NA,NA,NA,NA,106320,39898,2049,512,7b8f1ead52d1f75ea51a9518f4611f96b3105a83b8e9ff16958705114f2a13b3,5062,0,2,0
1,0,1,0,10,0.025711075999424793,0.019002999999999999,0.0065239999999999994,30261248,NA,NA,NA,NA,NA,NA,NA,NA,106320,39898,2049,512,7b8f1ead52d1f75ea51a9518f4611f96b3105a83b8e9ff16958705114f2a13b3,5039,0,2,3
1,0,0,0,3,0.018095216997608077,0.017840999999999999,0,24395776,NA,NA,NA,NA,NA,NA,NA,NA,2008,133,5,1,8210b4f6eac12a20575e673437437e82cfff653da437ea17992a3aed56a99207,3621,0,2,0
1,0,1,1,3,0.017290127001615474,0.017110999999999998,0,24121344,NA,NA,NA,NA,NA,NA,NA,NA,2008,133,5,1,8210b4f6eac12a20575e673437437e82cfff653da437ea17992a3aed56a99207,3634,0,2,1
1,0,0,0,8,0.026938037000945769,0.011576999999999999,0.015120999999999999,31567872,NA,NA,NA,NA,NA,NA,NA,NA,98128,39898,2049,512,d54e0d3e437f1319c5e0037da4750229225984f79f1ebd587b1323affae587ab,5557,0,2,12
1,0,1,1,8,0.026737334999779705,0.013384,0.013198,31588352,NA,NA,NA,NA,NA,NA,NA,NA,98128,39898,2049,512,d54e0d3e437f1319c5e0037da4750229225984f79f1ebd587b1323affae587ab,5579,0,2,2
1,0,0,1,22,0.14848086600250099,0.127301,0.020996000000000001,58159104,NA,NA,NA,NA,NA,NA,NA,NA,1433848,711531,19202,64,7fe8e0e1367c4dc75afe736c0ee35e3a3755c0152301f3880ce2412132a22623,11652,0,2,1
1,0,1,0,22,0.15286490600192337,0.12832499999999999,0.024225999999999998,57876480,NA,NA,NA,NA,NA,NA,NA,NA,1433848,711531,19202,64,7fe8e0e1367c4dc75afe736c0ee35e3a3755c0152301f3880ce2412132a22623,11589,0,2,1
1,0,0,0,21,0.16226581999944756,0.138598,0.023379,60067840,NA,NA,NA,NA,NA,NA,NA,NA,2209528,711531,19202,64,955dcf7525f03629d689feea1585905e0b8700805efb32f241197b1ebcb41ffa,12179,0,2,2
1,0,1,1,21,0.1539142580004409,0.13333899999999999,0.020388,61374464,NA,NA,NA,NA,NA,NA,NA,NA,2209528,711531,19202,64,955dcf7525f03629d689feea1585905e0b8700805efb32f241197b1ebcb41ffa,12216,0,2,1
1,0,0,1,12,0.045146349002607167,0.032181000000000001,0.012770999999999999,31272960,NA,NA,NA,NA,NA,NA,NA,NA,313424,280189,4101,1,0f9e44f960c45a3ca86cde574970381ef909d64a6bb2d20a17395bced584502a,5240,0,2,1
1,0,1,0,12,0.041063450000365265,0.024173,0.016733999999999999,31141888,NA,NA,NA,NA,NA,NA,NA,NA,313424,280189,4101,1,0f9e44f960c45a3ca86cde574970381ef909d64a6bb2d20a17395bced584502a,5226,0,2,1
1,0,0,1,14,0.027222999000514392,0.022608,0.0044759999999999999,31944704,NA,NA,NA,NA,NA,NA,NA,NA,247896,280189,4101,1,cf0f1cc1e290dce65809b3140c6f2dc9062a9f452120988a3a869e7faab69134,5364,0,2,1
1,0,1,0,14,0.030564672000764403,0.026008999999999997,0.0044069999999999995,31682560,NA,NA,NA,NA,NA,NA,NA,NA,247896,280189,4101,1,cf0f1cc1e290dce65809b3140c6f2dc9062a9f452120988a3a869e7faab69134,5362,0,2,1
1,0,0,1,17,0.072547670002677478,0.057015999999999997,0.015351,42610688,NA,NA,NA,NA,NA,NA,NA,NA,1009296,235398,3329,64,46bbbc4439d5a1911d5728e76ba413a577b270d33a6d6f7287d5e66409ad1e95,7958,0,2,2
1,0,1,0,17,0.071381642999767791,0.067054000000000002,0.0041359999999999999,41472000,NA,NA,NA,NA,NA,NA,NA,NA,1009296,235398,3329,64,46bbbc4439d5a1911d5728e76ba413a577b270d33a6d6f7287d5e66409ad1e95,7702,0,2,3
1,0,0,0,18,0.055707838000671472,0.051175999999999999,0.0042969999999999996,40980480,NA,NA,NA,NA,NA,NA,NA,NA,742032,235398,3329,64,ef3fe9f327a6ee2b8ff8e0c5cce4ce61f805f0660ce139a533f5137453c188bc,7521,0,2,2
1,0,1,1,18,0.0618678800019552,0.048408,0.011715,41803776,NA,NA,NA,NA,NA,NA,NA,NA,742032,235398,3329,64,ef3fe9f327a6ee2b8ff8e0c5cce4ce61f805f0660ce139a533f5137453c188bc,7779,0,1,1
1,0,0,0,20,0.19602932899942971,0.179923,0.015831999999999999,59998208,NA,NA,NA,NA,NA,NA,NA,NA,1746680,711531,19202,64,e4041ce2b5b6df572ca4d0ca66e6006ad368116646e82963f7e9550b84ab78ca,12193,0,2,1
1,0,1,1,20,0.21321385099872714,0.17320099999999999,0.039813999999999995,60358656,NA,NA,NA,NA,NA,NA,NA,NA,1746680,711531,19202,64,e4041ce2b5b6df572ca4d0ca66e6006ad368116646e82963f7e9550b84ab78ca,12229,0,2,2
1,0,0,1,1,0.019425478003540775,0.015397999999999998,0.0038709999999999999,24563712,NA,NA,NA,NA,NA,NA,NA,NA,2056,133,5,1,6b21b079ef6f8f7f055926600e53b906dd7be041e021dd2791b7aa8c55e24585,3636,0,2,1
1,0,1,0,1,0.019475700999464607,0.012281,0.0070479999999999996,24571904,NA,NA,NA,NA,NA,NA,NA,NA,2056,133,5,1,6b21b079ef6f8f7f055926600e53b906dd7be041e021dd2791b7aa8c55e24585,3636,0,2,1
1,0,0,0,4,0.041246934000810143,0.036719000000000002,0.0043829999999999997,28700672,NA,NA,NA,NA,NA,NA,NA,NA,163920,51085,1029,1,3469c6c02ad818b9b840f744b74781f39d0d6d69319fb824d729f7875274b381,4674,0,2,1
1,0,1,1,4,0.040510220998839941,0.032985,0.007358,28569600,NA,NA,NA,NA,NA,NA,NA,NA,163920,51085,1029,1,3469c6c02ad818b9b840f744b74781f39d0d6d69319fb824d729f7875274b381,4692,0,2,1
1,0,0,1,11,0.024182438999559963,0.024034999999999997,0,30121984,NA,NA,NA,NA,NA,NA,NA,NA,106320,39898,2049,512,7b8f1ead52d1f75ea51a9518f4611f96b3105a83b8e9ff16958705114f2a13b3,5062,0,2,1
1,0,1,0,11,0.025593646998459008,0.012506,0.012856999999999999,30048256,NA,NA,NA,NA,NA,NA,NA,NA,106320,39898,2049,512,7b8f1ead52d1f75ea51a9518f4611f96b3105a83b8e9ff16958705114f2a13b3,5022,0,2,1
1,0,0,1,5,0.028050762000930263,0.0076209999999999993,0.019407000000000001,31076352,NA,NA,NA,NA,NA,NA,NA,NA,192736,51085,1029,1,98c15b8b4636441c6e839c68a3bed9dee3bd8ae062882739073db7b7ed7d66f3,5219,0,2,1
1,0,1,0,5,0.02728115499849082,0.015620999999999999,0.011516,30924800,NA,NA,NA,NA,NA,NA,NA,NA,192736,51085,1029,1,98c15b8b4636441c6e839c68a3bed9dee3bd8ae062882739073db7b7ed7d66f3,5215,0,2,1
1,0,0,1,23,0.1668860579993634,0.143148,0.023538999999999997,58470400,NA,NA,NA,NA,NA,NA,NA,NA,1433848,711531,19202,64,7fe8e0e1367c4dc75afe736c0ee35e3a3755c0152301f3880ce2412132a22623,11700,0,2,2
1,0,1,0,23,0.15590093900027568,0.13637099999999999,0.019182999999999999,58245120,NA,NA,NA,NA,NA,NA,NA,NA,1433848,711531,19202,64,7fe8e0e1367c4dc75afe736c0ee35e3a3755c0152301f3880ce2412132a22623,11670,0,2,2
1,0,0,0,6,0.028468006999901263,0.011980999999999999,0.016305999999999998,30793728,NA,NA,NA,NA,NA,NA,NA,NA,126024,51085,1029,1,d6479df97612ac41a8966333a6ef58076a32dad29a20f6bc64e0a5b65673088c,5162,0,2,1
1,0,1,1,6,0.028205044000060298,0.015861999999999998,0.012048,31780864,NA,NA,NA,NA,NA,NA,NA,NA,126024,51085,1029,1,d6479df97612ac41a8966333a6ef58076a32dad29a20f6bc64e0a5b65673088c,5179,0,2,1
1,0,0,1,15,0.027764799000578932,0.027602999999999999,0,31678464,NA,NA,NA,NA,NA,NA,NA,NA,247896,280189,4101,1,cf0f1cc1e290dce65809b3140c6f2dc9062a9f452120988a3a869e7faab69134,5397,0,2,1
1,0,1,0,15,0.030704364999110112,0.023236,0.0071249999999999994,32284672,NA,NA,NA,NA,NA,NA,NA,NA,247896,280189,4101,1,cf0f1cc1e290dce65809b3140c6f2dc9062a9f452120988a3a869e7faab69134,5387,0,2,1
1,0,0,1,13,0.02781185699859634,0.023938999999999998,0.0037419999999999997,32145408,NA,NA,NA,NA,NA,NA,NA,NA,313536,280189,4101,1,5a04cd3dab823e43a4d317f4a27057eec5b1fcaecf9843229a14a897b95f1f29,5439,0,2,1
1,0,1,0,13,0.027390946997911669,0.019522999999999999,0.0077119999999999992,31911936,NA,NA,NA,NA,NA,NA,NA,NA,313536,280189,4101,1,5a04cd3dab823e43a4d317f4a27057eec5b1fcaecf9843229a14a897b95f1f29,5445,0,2,1
1,1,0,1,6,0.033248974999878556,0.033104000000000001,0,30806016,NA,NA,NA,NA,NA,NA,NA,NA,126024,51085,1029,1,d6479df97612ac41a8966333a6ef58076a32dad29a20f6bc64e0a5b65673088c,5179,0,2,1
1,1,1,0,6,0.029000235997955315,0.024464,0.0043889999999999997,30683136,NA,NA,NA,NA,NA,NA,NA,NA,126024,51085,1029,1,d6479df97612ac41a8966333a6ef58076a32dad29a20f6bc64e0a5b65673088c,5179,0,2,1
1,1,0,0,15,0.027616030001809122,0.015734999999999999,0.011727,32006144,NA,NA,NA,NA,NA,NA,NA,NA,247896,280189,4101,1,cf0f1cc1e290dce65809b3140c6f2dc9062a9f452120988a3a869e7faab69134,5404,0,2,1
1,1,1,1,15,0.034288047001609812,0.023251999999999998,0.01078,31690752,NA,NA,NA,NA,NA,NA,NA,NA,247896,280189,4101,1,cf0f1cc1e290dce65809b3140c6f2dc9062a9f452120988a3a869e7faab69134,5399,0,2,1
1,1,0,0,14,0.035487222998199286,0.017562999999999999,0.017557,31674368,NA,NA,NA,NA,NA,NA,NA,NA,247896,280189,4101,1,cf0f1cc1e290dce65809b3140c6f2dc9062a9f452120988a3a869e7faab69134,5349,0,2,2
1,1,1,1,14,0.029166873999201925,0.016573999999999998,0.012473999999999999,31969280,NA,NA,NA,NA,NA,NA,NA,NA,247896,280189,4101,1,cf0f1cc1e290dce65809b3140c6f2dc9062a9f452120988a3a869e7faab69134,5360,0,2,0
1,1,0,1,8,0.027325096001732163,0.015500999999999999,0.011689999999999999,31617024,NA,NA,NA,NA,NA,NA,NA,NA,98128,39898,2049,512,d54e0d3e437f1319c5e0037da4750229225984f79f1ebd587b1323affae587ab,5583,0,2,1
1,1,1,0,8,0.17050423999899067,0.052773,0.117394,31252480,NA,NA,NA,NA,NA,NA,NA,NA,98128,39898,2049,512,d54e0d3e437f1319c5e0037da4750229225984f79f1ebd587b1323affae587ab,5557,0,2,1
1,1,0,1,20,0.35415025200200034,0.25531700000000002,0.098286999999999999,60162048,NA,NA,NA,NA,NA,NA,NA,NA,1746680,711531,19202,64,e4041ce2b5b6df572ca4d0ca66e6006ad368116646e82963f7e9550b84ab78ca,12248,0,2,23
1,1,1,0,20,0.29400925200025085,0.262046,0.031744000000000001,60309504,NA,NA,NA,NA,NA,NA,NA,NA,1746680,711531,19202,64,e4041ce2b5b6df572ca4d0ca66e6006ad368116646e82963f7e9550b84ab78ca,12210,0,2,3
1,1,0,1,18,0.10649064199969871,0.084616999999999998,0.020944999999999998,41648128,NA,NA,NA,NA,NA,NA,NA,NA,742032,235398,3329,64,ef3fe9f327a6ee2b8ff8e0c5cce4ce61f805f0660ce139a533f5137453c188bc,7766,0,2,17
1,1,1,0,18,0.092105914998683147,0.076094999999999996,0.015892,40468480,NA,NA,NA,NA,NA,NA,NA,NA,742032,235398,3329,64,ef3fe9f327a6ee2b8ff8e0c5cce4ce61f805f0660ce139a533f5137453c188bc,7506,0,1,1
1,1,0,0,13,0.040397672000835882,0.040100999999999998,0,31977472,NA,NA,NA,NA,NA,NA,NA,NA,313536,280189,4101,1,5a04cd3dab823e43a4d317f4a27057eec5b1fcaecf9843229a14a897b95f1f29,5432,0,2,1
1,1,1,1,13,0.028423877000022912,0.020378999999999998,0.0078969999999999995,31944704,NA,NA,NA,NA,NA,NA,NA,NA,313536,280189,4101,1,5a04cd3dab823e43a4d317f4a27057eec5b1fcaecf9843229a14a897b95f1f29,5443,0,2,1
1,1,0,1,0,0.017845602000306826,0.010699,0.0070079999999999995,24481792,NA,NA,NA,NA,NA,NA,NA,NA,2008,133,5,1,a8c1633e798ef980493443e67e6fdb6eada42f775edf7051d304d09c3ddadf5a,3662,0,2,0
1,1,1,0,0,0.017839711999840802,0.013299999999999999,0.0043959999999999997,24424448,NA,NA,NA,NA,NA,NA,NA,NA,2008,133,5,1,a8c1633e798ef980493443e67e6fdb6eada42f775edf7051d304d09c3ddadf5a,3647,0,2,1
1,1,0,1,3,0.016944317998422775,0.013398,0.0033939999999999999,24129536,NA,NA,NA,NA,NA,NA,NA,NA,2008,133,5,1,8210b4f6eac12a20575e673437437e82cfff653da437ea17992a3aed56a99207,3622,0,2,1
1,1,1,0,3,0.017153487999166828,0.012549999999999999,0.0044619999999999998,24244224,NA,NA,NA,NA,NA,NA,NA,NA,2008,133,5,1,8210b4f6eac12a20575e673437437e82cfff653da437ea17992a3aed56a99207,3624,0,2,1
1,1,0,0,23,0.16405252100230427,0.14064099999999999,0.023216000000000001,58114048,NA,NA,NA,NA,NA,NA,NA,NA,1433848,711531,19202,64,7fe8e0e1367c4dc75afe736c0ee35e3a3755c0152301f3880ce2412132a22623,11655,0,2,2
1,1,1,1,23,0.16669787299906602,0.14563099999999998,0.020843,58331136,NA,NA,NA,NA,NA,NA,NA,NA,1433848,711531,19202,64,7fe8e0e1367c4dc75afe736c0ee35e3a3755c0152301f3880ce2412132a22623,11698,0,2,2
1,1,0,0,1,0.021965695003018482,0.017326999999999999,0.0044659999999999995,24518656,NA,NA,NA,NA,NA,NA,NA,NA,2056,133,5,1,6b21b079ef6f8f7f055926600e53b906dd7be041e021dd2791b7aa8c55e24585,3623,0,2,1
1,1,1,1,1,0.019027393002033932,0.014806999999999999,0.0040829999999999998,24596480,NA,NA,NA,NA,NA,NA,NA,NA,2056,133,5,1,6b21b079ef6f8f7f055926600e53b906dd7be041e021dd2791b7aa8c55e24585,3620,0,2,1
1,1,0,1,2,0.017648835997533752,0.010898999999999999,0.0065979999999999997,25444352,NA,NA,NA,NA,NA,NA,NA,NA,2008,133,5,1,8210b4f6eac12a20575e673437437e82cfff653da437ea17992a3aed56a99207,3633,0,2,0
1,1,1,0,2,0.018262683999637375,0.012721999999999999,0.0040999999999999995,24260608,NA,NA,NA,NA,NA,NA,NA,NA,2008,133,5,1,8210b4f6eac12a20575e673437437e82cfff653da437ea17992a3aed56a99207,3642,0,2,1
1,1,0,0,17,0.067691987002035603,0.055493999999999995,0.011864999999999999,41582592,NA,NA,NA,NA,NA,NA,NA,NA,1009296,235398,3329,64,46bbbc4439d5a1911d5728e76ba413a577b270d33a6d6f7287d5e66409ad1e95,7703,0,2,2
1,1,1,1,17,0.074886777001665905,0.066368999999999997,0.0079179999999999997,42582016,NA,NA,NA,NA,NA,NA,NA,NA,1009296,235398,3329,64,46bbbc4439d5a1911d5728e76ba413a577b270d33a6d6f7287d5e66409ad1e95,7942,0,2,1
1,1,0,1,19,0.079547654997440986,0.060600999999999995,0.018289,41762816,NA,NA,NA,NA,NA,NA,NA,NA,742032,235398,3329,64,ef3fe9f327a6ee2b8ff8e0c5cce4ce61f805f0660ce139a533f5137453c188bc,7767,0,2,1
1,1,1,0,19,0.06782687500162865,0.050139999999999997,0.017485000000000001,40484864,NA,NA,NA,NA,NA,NA,NA,NA,742032,235398,3329,64,ef3fe9f327a6ee2b8ff8e0c5cce4ce61f805f0660ce139a533f5137453c188bc,7520,0,2,1
1,1,0,0,11,0.03189395799927297,0.027236,0.0044640000000000001,30375936,NA,NA,NA,NA,NA,NA,NA,NA,106320,39898,2049,512,7b8f1ead52d1f75ea51a9518f4611f96b3105a83b8e9ff16958705114f2a13b3,5025,0,2,1
1,1,1,1,11,0.035179311002139002,0.024277,0.0074709999999999993,30375936,NA,NA,NA,NA,NA,NA,NA,NA,106320,39898,2049,512,7b8f1ead52d1f75ea51a9518f4611f96b3105a83b8e9ff16958705114f2a13b3,5065,0,2,1
1,1,0,0,22,0.14959324899973581,0.12425599999999999,0.025093999999999998,57991168,NA,NA,NA,NA,NA,NA,NA,NA,1433848,711531,19202,64,7fe8e0e1367c4dc75afe736c0ee35e3a3755c0152301f3880ce2412132a22623,11590,0,2,1
1,1,1,1,22,0.15788267400057521,0.140709,0.016965000000000001,58101760,NA,NA,NA,NA,NA,NA,NA,NA,1433848,711531,19202,64,7fe8e0e1367c4dc75afe736c0ee35e3a3755c0152301f3880ce2412132a22623,11645,0,2,2
1,1,0,1,4,0.04678068999783136,0.037811999999999998,0.0087709999999999993,28766208,NA,NA,NA,NA,NA,NA,NA,NA,163920,51085,1029,1,3469c6c02ad818b9b840f744b74781f39d0d6d69319fb824d729f7875274b381,4692,0,2,1
1,1,1,0,4,0.041664026000944432,0.026624999999999999,0.014868999999999999,28635136,NA,NA,NA,NA,NA,NA,NA,NA,163920,51085,1029,1,3469c6c02ad818b9b840f744b74781f39d0d6d69319fb824d729f7875274b381,4673,0,2,1
1,1,0,0,12,0.045061384000291582,0.033347000000000002,0.011545999999999999,31170560,NA,NA,NA,NA,NA,NA,NA,NA,313424,280189,4101,1,0f9e44f960c45a3ca86cde574970381ef909d64a6bb2d20a17395bced584502a,5225,0,2,2
1,1,1,1,12,0.045746169998892583,0.040912999999999998,0.0046579999999999998,31260672,NA,NA,NA,NA,NA,NA,NA,NA,313424,280189,4101,1,0f9e44f960c45a3ca86cde574970381ef909d64a6bb2d20a17395bced584502a,5238,0,2,1
1,1,0,0,7,0.037966097999742487,0.026775,0.009195,30920704,NA,NA,NA,NA,NA,NA,NA,NA,126024,51085,1029,1,d6479df97612ac41a8966333a6ef58076a32dad29a20f6bc64e0a5b65673088c,5232,0,2,1
1,1,1,1,7,0.029791925000608899,0.021729999999999999,0.0078859999999999989,32038912,NA,NA,NA,NA,NA,NA,NA,NA,126024,51085,1029,1,d6479df97612ac41a8966333a6ef58076a32dad29a20f6bc64e0a5b65673088c,5233,0,2,1
1,1,0,1,9,0.024974116997327656,0.017804999999999998,0.007025,30441472,NA,NA,NA,NA,NA,NA,NA,NA,147280,39898,2049,512,02ee45f00f5fa967779eb017bd9c1965526161af8ee6a0f23a31a68b3dbbac77,5077,0,2,0
1,1,1,0,9,0.02341130600325414,0.011521,0.011738999999999999,30310400,NA,NA,NA,NA,NA,NA,NA,NA,147280,39898,2049,512,02ee45f00f5fa967779eb017bd9c1965526161af8ee6a0f23a31a68b3dbbac77,5053,0,2,0
1,1,0,0,5,0.031019051999464864,0.019153,0.011731,30871552,NA,NA,NA,NA,NA,NA,NA,NA,192736,51085,1029,1,98c15b8b4636441c6e839c68a3bed9dee3bd8ae062882739073db7b7ed7d66f3,5200,0,2,0
1,1,1,1,5,0.027384879998862743,0.011068,0.014844,30887936,NA,NA,NA,NA,NA,NA,NA,NA,192736,51085,1029,1,98c15b8b4636441c6e839c68a3bed9dee3bd8ae062882739073db7b7ed7d66f3,5206,0,1,0
1,1,0,0,10,0.024492071999702603,0.024357,0,30154752,NA,NA,NA,NA,NA,NA,NA,NA,106320,39898,2049,512,7b8f1ead52d1f75ea51a9518f4611f96b3105a83b8e9ff16958705114f2a13b3,5038,0,2,0
1,1,1,1,10,0.025936428999557393,0.021377999999999998,0.0043629999999999997,30470144,NA,NA,NA,NA,NA,NA,NA,NA,106320,39898,2049,512,7b8f1ead52d1f75ea51a9518f4611f96b3105a83b8e9ff16958705114f2a13b3,5065,0,2,2
1,1,0,1,21,0.15662363799856394,0.138984,0.017406999999999999,60260352,NA,NA,NA,NA,NA,NA,NA,NA,2209528,711531,19202,64,955dcf7525f03629d689feea1585905e0b8700805efb32f241197b1ebcb41ffa,12212,0,2,3
1,1,1,0,21,0.16676540199841838,0.14693899999999999,0.019608999999999998,59965440,NA,NA,NA,NA,NA,NA,NA,NA,2209528,711531,19202,64,955dcf7525f03629d689feea1585905e0b8700805efb32f241197b1ebcb41ffa,12165,0,2,1
1,1,0,1,16,0.091009345000202302,0.07990499999999999,0.010919999999999999,44011520,NA,NA,NA,NA,NA,NA,NA,NA,1082000,235398,3329,64,0a2640f1e20aa1aa539adbeb18cdf2a1ebe47a1dc573029aa0c35ed433364c04,8297,0,1,1
1,1,1,0,16,0.10959709999951883,0.094977999999999993,0.014253,42795008,NA,NA,NA,NA,NA,NA,NA,NA,1082000,235398,3329,64,0a2640f1e20aa1aa539adbeb18cdf2a1ebe47a1dc573029aa0c35ed433364c04,8039,0,1,1
1,2,0,0,15,0.031707369998912327,0.027435999999999999,0.0040850000000000001,32034816,NA,NA,NA,NA,NA,NA,NA,NA,247896,280189,4101,1,cf0f1cc1e290dce65809b3140c6f2dc9062a9f452120988a3a869e7faab69134,5403,0,2,1
1,2,1,1,15,0.028525246998469811,0.024271999999999998,0.0040920000000000002,32043008,NA,NA,NA,NA,NA,NA,NA,NA,247896,280189,4101,1,cf0f1cc1e290dce65809b3140c6f2dc9062a9f452120988a3a869e7faab69134,5402,0,2,1
1,2,0,1,9,0.026407109999126988,0.017125999999999999,0.0089429999999999996,30441472,NA,NA,NA,NA,NA,NA,NA,NA,147280,39898,2049,512,02ee45f00f5fa967779eb017bd9c1965526161af8ee6a0f23a31a68b3dbbac77,5095,0,2,0
1,2,1,0,9,0.02482850899832556,0.016643999999999999,0.0080389999999999993,30130176,NA,NA,NA,NA,NA,NA,NA,NA,147280,39898,2049,512,02ee45f00f5fa967779eb017bd9c1965526161af8ee6a0f23a31a68b3dbbac77,5074,0,2,1
1,2,0,0,13,0.0328556460008258,0.032535000000000001,0,31977472,NA,NA,NA,NA,NA,NA,NA,NA,313536,280189,4101,1,5a04cd3dab823e43a4d317f4a27057eec5b1fcaecf9843229a14a897b95f1f29,5443,0,2,1
1,2,1,1,13,0.02835401000265847,0.020244999999999999,0.0079449999999999989,32174080,NA,NA,NA,NA,NA,NA,NA,NA,313536,280189,4101,1,5a04cd3dab823e43a4d317f4a27057eec5b1fcaecf9843229a14a897b95f1f29,5428,0,2,2
1,2,0,1,18,0.11031339400142315,0.064976999999999993,0.044969999999999996,41598976,NA,NA,NA,NA,NA,NA,NA,NA,742032,235398,3329,64,ef3fe9f327a6ee2b8ff8e0c5cce4ce61f805f0660ce139a533f5137453c188bc,7777,0,2,3
1,2,1,0,18,0.10846551500071655,0.055527999999999994,0.046703999999999996,40603648,NA,NA,NA,NA,NA,NA,NA,NA,742032,235398,3329,64,ef3fe9f327a6ee2b8ff8e0c5cce4ce61f805f0660ce139a533f5137453c188bc,7508,0,2,1
1,2,0,1,1,0.030422641000768635,0.016774000000000001,0.012612,24219648,NA,NA,NA,NA,NA,NA,NA,NA,2056,133,5,1,6b21b079ef6f8f7f055926600e53b906dd7be041e021dd2791b7aa8c55e24585,3620,0,2,1
1,2,1,0,1,0.018382775000645779,0.013307999999999999,0.0044289999999999998,24481792,NA,NA,NA,NA,NA,NA,NA,NA,2056,133,5,1,6b21b079ef6f8f7f055926600e53b906dd7be041e021dd2791b7aa8c55e24585,3638,0,2,1
1,2,0,1,22,0.31196892699881573,0.13841699999999998,0.17269099999999998,57671680,NA,NA,NA,NA,NA,NA,NA,NA,1433848,711531,19202,64,7fe8e0e1367c4dc75afe736c0ee35e3a3755c0152301f3880ce2412132a22623,11648,0,2,2
1,2,1,0,22,0.14635552699837717,0.121515,0.024407999999999999,57786368,NA,NA,NA,NA,NA,NA,NA,NA,1433848,711531,19202,64,7fe8e0e1367c4dc75afe736c0ee35e3a3755c0152301f3880ce2412132a22623,11589,0,3,1
1,2,0,0,5,0.036206832999596372,0.020091999999999999,0.015920999999999998,31264768,NA,NA,NA,NA,NA,NA,NA,NA,192736,51085,1029,1,98c15b8b4636441c6e839c68a3bed9dee3bd8ae062882739073db7b7ed7d66f3,5200,0,2,1
1,2,1,1,5,0.033284510998782935,0.024961000000000001,0.0081209999999999997,31125504,NA,NA,NA,NA,NA,NA,NA,NA,192736,51085,1029,1,98c15b8b4636441c6e839c68a3bed9dee3bd8ae062882739073db7b7ed7d66f3,5205,0,2,1
1,2,0,0,23,0.16291421300047659,0.141572,0.021160999999999999,58527744,NA,NA,NA,NA,NA,NA,NA,NA,1433848,711531,19202,64,7fe8e0e1367c4dc75afe736c0ee35e3a3755c0152301f3880ce2412132a22623,11673,0,2,1
1,2,1,1,23,0.37575968199962517,0.17231099999999999,0.202684,57933824,NA,NA,NA,NA,NA,NA,NA,NA,1433848,711531,19202,64,7fe8e0e1367c4dc75afe736c0ee35e3a3755c0152301f3880ce2412132a22623,11697,0,2,19
1,2,0,0,14,0.049300967002636753,0.035556999999999998,0.012839,31707136,NA,NA,NA,NA,NA,NA,NA,NA,247896,280189,4101,1,cf0f1cc1e290dce65809b3140c6f2dc9062a9f452120988a3a869e7faab69134,5352,0,2,0
1,2,1,1,14,0.03345194799840101,0.016604000000000001,0.016577999999999999,31551488,NA,NA,NA,NA,NA,NA,NA,NA,247896,280189,4101,1,cf0f1cc1e290dce65809b3140c6f2dc9062a9f452120988a3a869e7faab69134,5366,0,2,1
1,2,0,0,21,0.19548230100190267,0.14843699999999999,0.046654999999999995,60329984,NA,NA,NA,NA,NA,NA,NA,NA,2209528,711531,19202,64,955dcf7525f03629d689feea1585905e0b8700805efb32f241197b1ebcb41ffa,12159,0,2,11
1,2,1,1,21,0.15660754800046561,0.112915,0.043541999999999997,60456960,NA,NA,NA,NA,NA,NA,NA,NA,2209528,711531,19202,64,955dcf7525f03629d689feea1585905e0b8700805efb32f241197b1ebcb41ffa,12202,0,1,6
1,2,0,1,4,0.042834620002395241,0.042658000000000001,0,28880896,NA,NA,NA,NA,NA,NA,NA,NA,163920,51085,1029,1,3469c6c02ad818b9b840f744b74781f39d0d6d69319fb824d729f7875274b381,4680,0,2,1
1,2,1,0,4,0.04740075900190277,0.029020999999999998,0.018213999999999998,28561408,NA,NA,NA,NA,NA,NA,NA,NA,163920,51085,1029,1,3469c6c02ad818b9b840f744b74781f39d0d6d69319fb824d729f7875274b381,4656,0,2,1
1,2,0,0,17,0.077064994002284948,0.061300999999999994,0.015595999999999999,41517056,NA,NA,NA,NA,NA,NA,NA,NA,1009296,235398,3329,64,46bbbc4439d5a1911d5728e76ba413a577b270d33a6d6f7287d5e66409ad1e95,7687,0,2,1
1,2,1,1,17,0.077263773000595393,0.072765999999999997,0.0041440000000000001,42549248,NA,NA,NA,NA,NA,NA,NA,NA,1009296,235398,3329,64,46bbbc4439d5a1911d5728e76ba413a577b270d33a6d6f7287d5e66409ad1e95,7944,0,2,2
1,2,0,0,19,0.10491937299957499,0.078895999999999994,0.024145999999999997,40452096,NA,NA,NA,NA,NA,NA,NA,NA,742032,235398,3329,64,ef3fe9f327a6ee2b8ff8e0c5cce4ce61f805f0660ce139a533f5137453c188bc,7510,0,2,1
1,2,1,1,19,0.15577215899975272,0.049521999999999997,0.10558899999999999,42487808,NA,NA,NA,NA,NA,NA,NA,NA,742032,235398,3329,64,ef3fe9f327a6ee2b8ff8e0c5cce4ce61f805f0660ce139a533f5137453c188bc,7780,0,2,1
1,2,0,1,6,0.035904562002542662,0.028062,0.007502,30838784,NA,NA,NA,NA,NA,NA,NA,NA,126024,51085,1029,1,d6479df97612ac41a8966333a6ef58076a32dad29a20f6bc64e0a5b65673088c,5183,0,2,1
1,2,1,0,6,0.03425493800023105,0.029907,0.0039719999999999998,30699520,NA,NA,NA,NA,NA,NA,NA,NA,126024,51085,1029,1,d6479df97612ac41a8966333a6ef58076a32dad29a20f6bc64e0a5b65673088c,5164,0,2,1
1,2,0,0,11,0.032497272000910016,0.015103999999999999,0.013953,30416896,NA,NA,NA,NA,NA,NA,NA,NA,106320,39898,2049,512,7b8f1ead52d1f75ea51a9518f4611f96b3105a83b8e9ff16958705114f2a13b3,5038,0,3,1
1,2,1,1,11,0.034881691000919091,0.018282,0.012215,31375360,NA,NA,NA,NA,NA,NA,NA,NA,106320,39898,2049,512,7b8f1ead52d1f75ea51a9518f4611f96b3105a83b8e9ff16958705114f2a13b3,5061,0,3,1
1,2,0,0,7,0.035298217000672594,0.022716,0.010579,30920704,NA,NA,NA,NA,NA,NA,NA,NA,126024,51085,1029,1,d6479df97612ac41a8966333a6ef58076a32dad29a20f6bc64e0a5b65673088c,5230,0,2,8
1,2,1,1,7,0.04939326999738114,0.034360000000000002,0.0093130000000000001,31158272,NA,NA,NA,NA,NA,NA,NA,NA,126024,51085,1029,1,d6479df97612ac41a8966333a6ef58076a32dad29a20f6bc64e0a5b65673088c,5223,0,1,9
1,2,0,1,0,0.018128501997125568,0.0086079999999999993,0.0089870000000000002,24469504,NA,NA,NA,NA,NA,NA,NA,NA,2008,133,5,1,a8c1633e798ef980493443e67e6fdb6eada42f775edf7051d304d09c3ddadf5a,3644,0,3,2
1,2,1,0,0,0.06694322099792771,0.056942,0.0097579999999999993,24481792,NA,NA,NA,NA,NA,NA,NA,NA,2008,133,5,1,a8c1633e798ef980493443e67e6fdb6eada42f775edf7051d304d09c3ddadf5a,3664,0,2,9
1,2,0,1,2,0.017938422999577597,0.011148,0.0064719999999999995,25214976,NA,NA,NA,NA,NA,NA,NA,NA,2008,133,5,1,8210b4f6eac12a20575e673437437e82cfff653da437ea17992a3aed56a99207,3633,0,2,4
1,2,1,0,2,0.017015973000525264,0.008480999999999999,0.0083749999999999988,24788992,NA,NA,NA,NA,NA,NA,NA,NA,2008,133,5,1,8210b4f6eac12a20575e673437437e82cfff653da437ea17992a3aed56a99207,3639,0,2,2
1,2,0,1,20,0.42488328199760872,0.26233899999999999,0.162021,60174336,NA,NA,NA,NA,NA,NA,NA,NA,1746680,711531,19202,64,e4041ce2b5b6df572ca4d0ca66e6006ad368116646e82963f7e9550b84ab78ca,12234,0,2,4
1,2,1,0,20,0.56464042299921857,0.325461,0.23661599999999999,59899904,NA,NA,NA,NA,NA,NA,NA,NA,1746680,711531,19202,64,e4041ce2b5b6df572ca4d0ca66e6006ad368116646e82963f7e9550b84ab78ca,12197,0,2,3
1,2,0,0,12,0.071909589001734275,0.038911999999999995,0.031616999999999999,31207424,NA,NA,NA,NA,NA,NA,NA,NA,313424,280189,4101,1,0f9e44f960c45a3ca86cde574970381ef909d64a6bb2d20a17395bced584502a,5240,0,2,1
1,2,1,1,12,0.047539526996843051,0.031437,0.015879000000000001,31027200,NA,NA,NA,NA,NA,NA,NA,NA,313424,280189,4101,1,0f9e44f960c45a3ca86cde574970381ef909d64a6bb2d20a17395bced584502a,5237,0,2,8
1,2,0,1,10,0.03427250599997933,0.018463,0.014343999999999999,30441472,NA,NA,NA,NA,NA,NA,NA,NA,106320,39898,2049,512,7b8f1ead52d1f75ea51a9518f4611f96b3105a83b8e9ff16958705114f2a13b3,5064,0,2,3
1,2,1,0,10,0.03469639300237759,0.021038999999999999,0.013280999999999999,30183424,NA,NA,NA,NA,NA,NA,NA,NA,106320,39898,2049,512,7b8f1ead52d1f75ea51a9518f4611f96b3105a83b8e9ff16958705114f2a13b3,5038,0,2,0
1,2,0,0,16,0.1185093380008766,0.087877999999999998,0.029727,42934272,NA,NA,NA,NA,NA,NA,NA,NA,1082000,235398,3329,64,0a2640f1e20aa1aa539adbeb18cdf2a1ebe47a1dc573029aa0c35ed433364c04,8054,0,2,2
1,2,1,1,16,0.22013972100103274,0.074037999999999993,0.14566999999999999,43622400,NA,NA,NA,NA,NA,NA,NA,NA,1082000,235398,3329,64,0a2640f1e20aa1aa539adbeb18cdf2a1ebe47a1dc573029aa0c35ed433364c04,8296,0,2,2
1,2,0,1,3,0.020693766000476899,0.013307999999999999,0.0071599999999999997,24391680,NA,NA,NA,NA,NA,NA,NA,NA,2008,133,5,1,8210b4f6eac12a20575e673437437e82cfff653da437ea17992a3aed56a99207,3621,0,2,1
1,2,1,0,3,0.023849401000916259,0.023687,0,24481792,NA,NA,NA,NA,NA,NA,NA,NA,2008,133,5,1,8210b4f6eac12a20575e673437437e82cfff653da437ea17992a3aed56a99207,3635,0,2,0
1,2,0,1,8,0.037017268001363846,0.02213,0.014072999999999999,31580160,NA,NA,NA,NA,NA,NA,NA,NA,98128,39898,2049,512,d54e0d3e437f1319c5e0037da4750229225984f79f1ebd587b1323affae587ab,5566,0,2,1
1,2,1,0,8,0.026621748002071399,0.018963000000000001,0.007522,31608832,NA,NA,NA,NA,NA,NA,NA,NA,98128,39898,2049,512,d54e0d3e437f1319c5e0037da4750229225984f79f1ebd587b1323affae587ab,5559,0,2,0
1,3,0,0,18,0.10770812299961108,0.072526999999999994,0.034036999999999998,40669184,NA,NA,NA,NA,NA,NA,NA,NA,742032,235398,3329,64,ef3fe9f327a6ee2b8ff8e0c5cce4ce61f805f0660ce139a533f5137453c188bc,7524,0,2,1
1,3,1,1,18,0.18300423100299668,0.063712999999999992,0.118657,41689088,NA,NA,NA,NA,NA,NA,NA,NA,742032,235398,3329,64,ef3fe9f327a6ee2b8ff8e0c5cce4ce61f805f0660ce139a533f5137453c188bc,7782,0,2,1
1,3,0,0,6,0.032781421999970917,0.020159999999999997,0.012463,30691328,NA,NA,NA,NA,NA,NA,NA,NA,126024,51085,1029,1,d6479df97612ac41a8966333a6ef58076a32dad29a20f6bc64e0a5b65673088c,5163,0,2,1
1,3,1,1,6,0.028161132002423983,0.016302999999999998,0.011713999999999999,30871552,NA,NA,NA,NA,NA,NA,NA,NA,126024,51085,1029,1,d6479df97612ac41a8966333a6ef58076a32dad29a20f6bc64e0a5b65673088c,5165,0,2,1
1,3,0,1,5,0.031504479997238377,0.023113999999999999,0.0080070000000000002,30830592,NA,NA,NA,NA,NA,NA,NA,NA,192736,51085,1029,1,98c15b8b4636441c6e839c68a3bed9dee3bd8ae062882739073db7b7ed7d66f3,5221,0,2,1
1,3,1,0,5,0.029399972001556307,0.024954,0.0042509999999999996,30908416,NA,NA,NA,NA,NA,NA,NA,NA,192736,51085,1029,1,98c15b8b4636441c6e839c68a3bed9dee3bd8ae062882739073db7b7ed7d66f3,5196,0,2,1
1,3,0,0,2,0.018318520997127052,0.013127,0.0050629999999999998,24637440,NA,NA,NA,NA,NA,NA,NA,NA,2008,133,5,1,8210b4f6eac12a20575e673437437e82cfff653da437ea17992a3aed56a99207,3634,0,2,1
1,3,1,1,2,0.018862872999307001,0.010196,0.008546999999999999,24375296,NA,NA,NA,NA,NA,NA,NA,NA,2008,133,5,1,8210b4f6eac12a20575e673437437e82cfff653da437ea17992a3aed56a99207,3636,0,2,0
1,3,0,1,17,0.086725183999078581,0.06019,0.026317999999999998,43499520,NA,NA,NA,NA,NA,NA,NA,NA,1009296,235398,3329,64,46bbbc4439d5a1911d5728e76ba413a577b270d33a6d6f7287d5e66409ad1e95,7954,0,2,2
1,3,1,0,17,0.086533665999013465,0.073599999999999999,0.012674999999999999,41537536,NA,NA,NA,NA,NA,NA,NA,NA,1009296,235398,3329,64,46bbbc4439d5a1911d5728e76ba413a577b270d33a6d6f7287d5e66409ad1e95,7685,0,2,2
1,3,0,1,12,0.043402503997640451,0.031494999999999995,0.01172,31158272,NA,NA,NA,NA,NA,NA,NA,NA,313424,280189,4101,1,0f9e44f960c45a3ca86cde574970381ef909d64a6bb2d20a17395bced584502a,5222,0,2,1
1,3,1,0,12,0.04065627499949187,0.036282000000000002,0.0041919999999999995,31281152,NA,NA,NA,NA,NA,NA,NA,NA,313424,280189,4101,1,0f9e44f960c45a3ca86cde574970381ef909d64a6bb2d20a17395bced584502a,5240,0,2,2
1,3,0,0,3,0.0169688740024867,0.0084429999999999991,0.0083319999999999991,24428544,NA,NA,NA,NA,NA,NA,NA,NA,2008,133,5,1,8210b4f6eac12a20575e673437437e82cfff653da437ea17992a3aed56a99207,3623,0,2,1
1,3,1,1,3,0.021036736001406098,0.015779999999999999,0.0050899999999999999,24506368,NA,NA,NA,NA,NA,NA,NA,NA,2008,133,5,1,8210b4f6eac12a20575e673437437e82cfff653da437ea17992a3aed56a99207,3619,0,2,0
1,3,0,1,14,0.027308221000566846,0.019282000000000001,0.0078639999999999995,31862784,NA,NA,NA,NA,NA,NA,NA,NA,247896,280189,4101,1,cf0f1cc1e290dce65809b3140c6f2dc9062a9f452120988a3a869e7faab69134,5348,0,2,2
1,3,1,0,14,0.030637101001047995,0.015706999999999999,0.012841999999999999,31879168,NA,NA,NA,NA,NA,NA,NA,NA,247896,280189,4101,1,cf0f1cc1e290dce65809b3140c6f2dc9062a9f452120988a3a869e7faab69134,5365,0,3,1
1,3,0,1,7,0.029304788997251308,0.012666,0.016389000000000001,30732288,NA,NA,NA,NA,NA,NA,NA,NA,126024,51085,1029,1,d6479df97612ac41a8966333a6ef58076a32dad29a20f6bc64e0a5b65673088c,5223,0,2,1
1,3,1,0,7,0.030272754996985896,0.021911999999999997,0.0081130000000000004,30953472,NA,NA,NA,NA,NA,NA,NA,NA,126024,51085,1029,1,d6479df97612ac41a8966333a6ef58076a32dad29a20f6bc64e0a5b65673088c,5230,0,2,2
1,3,0,1,23,0.24719066300167469,0.15656299999999998,0.090436000000000002,58351616,NA,NA,NA,NA,NA,NA,NA,NA,1433848,711531,19202,64,7fe8e0e1367c4dc75afe736c0ee35e3a3755c0152301f3880ce2412132a22623,11714,0,2,2
1,3,1,0,23,0.1713803780003218,0.14366099999999998,0.027257,58134528,NA,NA,NA,NA,NA,NA,NA,NA,1433848,711531,19202,64,7fe8e0e1367c4dc75afe736c0ee35e3a3755c0152301f3880ce2412132a22623,11674,0,2,17
1,3,0,1,15,0.032058745000540512,0.024197,0.0076839999999999999,31690752,NA,NA,NA,NA,NA,NA,NA,NA,247896,280189,4101,1,cf0f1cc1e290dce65809b3140c6f2dc9062a9f452120988a3a869e7faab69134,5381,0,2,1
1,3,1,0,15,0.032437362999189645,0.023480999999999998,0.0086889999999999988,31838208,NA,NA,NA,NA,NA,NA,NA,NA,247896,280189,4101,1,cf0f1cc1e290dce65809b3140c6f2dc9062a9f452120988a3a869e7faab69134,5385,0,2,1
1,3,0,1,21,0.16393954399973154,0.126613,0.037093999999999995,60030976,NA,NA,NA,NA,NA,NA,NA,NA,2209528,711531,19202,64,955dcf7525f03629d689feea1585905e0b8700805efb32f241197b1ebcb41ffa,12198,0,2,1
1,3,1,0,21,0.15290376699704211,0.132133,0.020357,59908096,NA,NA,NA,NA,NA,NA,NA,NA,2209528,711531,19202,64,955dcf7525f03629d689feea1585905e0b8700805efb32f241197b1ebcb41ffa,12176,0,2,2
1,3,0,0,20,0.20144508199882694,0.16383599999999998,0.035989,60002304,NA,NA,NA,NA,NA,NA,NA,NA,1746680,711531,19202,64,e4041ce2b5b6df572ca4d0ca66e6006ad368116646e82963f7e9550b84ab78ca,12214,0,2,10
1,3,1,1,20,0.21370086299793911,0.202295,0.01111,61243392,NA,NA,NA,NA,NA,NA,NA,NA,1746680,711531,19202,64,e4041ce2b5b6df572ca4d0ca66e6006ad368116646e82963f7e9550b84ab78ca,12247,0,2,19
1,3,0,0,10,0.035549268999602646,0.025193999999999998,0.010161999999999999,30179328,NA,NA,NA,NA,NA,NA,NA,NA,106320,39898,2049,512,7b8f1ead52d1f75ea51a9518f4611f96b3105a83b8e9ff16958705114f2a13b3,5022,0,2,0
1,3,1,1,10,0.032638885000778828,0.014364999999999999,0.017968999999999999,30466048,NA,NA,NA,NA,NA,NA,NA,NA,106320,39898,2049,512,7b8f1ead52d1f75ea51a9518f4611f96b3105a83b8e9ff16958705114f2a13b3,5068,0,2,12
1,3,0,1,19,0.074047619000339182,0.045096999999999998,0.028785999999999999,41779200,NA,NA,NA,NA,NA,NA,NA,NA,742032,235398,3329,64,ef3fe9f327a6ee2b8ff8e0c5cce4ce61f805f0660ce139a533f5137453c188bc,7767,0,2,1
1,3,1,0,19,0.096684978998382576,0.080381999999999995,0.016091999999999999,40566784,NA,NA,NA,NA,NA,NA,NA,NA,742032,235398,3329,64,ef3fe9f327a6ee2b8ff8e0c5cce4ce61f805f0660ce139a533f5137453c188bc,7507,0,2,1
1,3,0,0,9,0.038118581000162521,0.029222999999999999,0.0087279999999999996,30236672,NA,NA,NA,NA,NA,NA,NA,NA,147280,39898,2049,512,02ee45f00f5fa967779eb017bd9c1965526161af8ee6a0f23a31a68b3dbbac77,5055,0,2,0
1,3,1,1,9,0.038286224000330549,0.025412999999999998,0.012660999999999999,30318592,NA,NA,NA,NA,NA,NA,NA,NA,147280,39898,2049,512,02ee45f00f5fa967779eb017bd9c1965526161af8ee6a0f23a31a68b3dbbac77,5096,0,2,1
1,3,0,1,13,0.052793845999985933,0.043893999999999996,0.0086750000000000004,31805440,NA,NA,NA,NA,NA,NA,NA,NA,313536,280189,4101,1,5a04cd3dab823e43a4d317f4a27057eec5b1fcaecf9843229a14a897b95f1f29,5426,0,2,2
1,3,1,0,13,0.047703388998343144,0.028638999999999998,0.018903,31944704,NA,NA,NA,NA,NA,NA,NA,NA,313536,280189,4101,1,5a04cd3dab823e43a4d317f4a27057eec5b1fcaecf9843229a14a897b95f1f29,5430,0,2,0
1,3,0,1,11,0.047707490000902908,0.035768000000000001,0.010865999999999999,30310400,NA,NA,NA,NA,NA,NA,NA,NA,106320,39898,2049,512,7b8f1ead52d1f75ea51a9518f4611f96b3105a83b8e9ff16958705114f2a13b3,5046,0,2,2
1,3,1,0,11,0.037535726998612517,0.028827999999999999,0.0085579999999999996,30146560,NA,NA,NA,NA,NA,NA,NA,NA,106320,39898,2049,512,7b8f1ead52d1f75ea51a9518f4611f96b3105a83b8e9ff16958705114f2a13b3,5042,0,2,0
1,3,0,0,0,0.030016475000593346,0.021735999999999998,0.0080599999999999995,24731648,NA,NA,NA,NA,NA,NA,NA,NA,2008,133,5,1,a8c1633e798ef980493443e67e6fdb6eada42f775edf7051d304d09c3ddadf5a,3663,0,2,0
1,3,1,1,0,0.027962374999333406,0.023904999999999999,0.0038649999999999999,24403968,NA,NA,NA,NA,NA,NA,NA,NA,2008,133,5,1,a8c1633e798ef980493443e67e6fdb6eada42f775edf7051d304d09c3ddadf5a,3643,0,2,1
1,3,0,0,4,0.061221210002258886,0.053588999999999998,0.0074009999999999996,28880896,NA,NA,NA,NA,NA,NA,NA,NA,163920,51085,1029,1,3469c6c02ad818b9b840f744b74781f39d0d6d69319fb824d729f7875274b381,4672,0,2,2
1,3,1,1,4,0.065296633998514153,0.056353,0.0087519999999999994,28766208,NA,NA,NA,NA,NA,NA,NA,NA,163920,51085,1029,1,3469c6c02ad818b9b840f744b74781f39d0d6d69319fb824d729f7875274b381,4697,0,2,2
1,3,0,0,22,0.18239384299886297,0.16594399999999998,0.016271999999999998,57974784,NA,NA,NA,NA,NA,NA,NA,NA,1433848,711531,19202,64,7fe8e0e1367c4dc75afe736c0ee35e3a3755c0152301f3880ce2412132a22623,11590,0,2,1
1,3,1,1,22,0.17429246100073215,0.138571,0.035494999999999999,58097664,NA,NA,NA,NA,NA,NA,NA,NA,1433848,711531,19202,64,7fe8e0e1367c4dc75afe736c0ee35e3a3755c0152301f3880ce2412132a22623,11646,0,2,1
1,3,0,0,8,0.027844726999319391,0.019900999999999999,0.0078429999999999993,31576064,NA,NA,NA,NA,NA,NA,NA,NA,98128,39898,2049,512,d54e0d3e437f1319c5e0037da4750229225984f79f1ebd587b1323affae587ab,5557,0,1,0
1,3,1,1,8,0.026516433998040156,0.0075569999999999995,0.018758,31494144,NA,NA,NA,NA,NA,NA,NA,NA,98128,39898,2049,512,d54e0d3e437f1319c5e0037da4750229225984f79f1ebd587b1323affae587ab,5563,0,2,1
1,3,0,1,16,0.091490441998757888,0.07513199999999999,0.015709000000000001,43859968,NA,NA,NA,NA,NA,NA,NA,NA,1082000,235398,3329,64,0a2640f1e20aa1aa539adbeb18cdf2a1ebe47a1dc573029aa0c35ed433364c04,8296,0,2,1
1,3,1,0,16,0.086572813001112081,0.069568999999999992,0.015925999999999999,42700800,NA,NA,NA,NA,NA,NA,NA,NA,1082000,235398,3329,64,0a2640f1e20aa1aa539adbeb18cdf2a1ebe47a1dc573029aa0c35ed433364c04,8040,0,2,1
1,3,0,0,1,0.019115237002552021,0.018613999999999999,0,24481792,NA,NA,NA,NA,NA,NA,NA,NA,2056,133,5,1,6b21b079ef6f8f7f055926600e53b906dd7be041e021dd2791b7aa8c55e24585,3618,0,2,0
1,3,1,1,1,0.020607121001376072,0.015674999999999998,0.004751,24592384,NA,NA,NA,NA,NA,NA,NA,NA,2056,133,5,1,6b21b079ef6f8f7f055926600e53b906dd7be041e021dd2791b7aa8c55e24585,3624,0,2,2
1,4,0,1,14,0.16899099500005832,0.060521999999999999,0.106808,31850496,NA,NA,NA,NA,NA,NA,NA,NA,247896,280189,4101,1,cf0f1cc1e290dce65809b3140c6f2dc9062a9f452120988a3a869e7faab69134,5365,0,2,2
1,4,1,0,14,0.074402424001164036,0.023281,0.050427,31784960,NA,NA,NA,NA,NA,NA,NA,NA,247896,280189,4101,1,cf0f1cc1e290dce65809b3140c6f2dc9062a9f452120988a3a869e7faab69134,5351,0,2,2
1,4,0,1,0,0.022919965998880798,0.011366999999999999,0.011073,24522752,NA,NA,NA,NA,NA,NA,NA,NA,2008,133,5,1,a8c1633e798ef980493443e67e6fdb6eada42f775edf7051d304d09c3ddadf5a,3661,0,2,1
1,4,1,0,0,0.020096108000871027,0.011781999999999999,0.0080249999999999991,24588288,NA,NA,NA,NA,NA,NA,NA,NA,2008,133,5,1,a8c1633e798ef980493443e67e6fdb6eada42f775edf7051d304d09c3ddadf5a,3663,0,2,1
1,4,0,0,22,0.22211414100092952,0.122208,0.099631999999999998,57884672,NA,NA,NA,NA,NA,NA,NA,NA,1433848,711531,19202,64,7fe8e0e1367c4dc75afe736c0ee35e3a3755c0152301f3880ce2412132a22623,11605,0,2,1
1,4,1,1,22,0.17564243300148519,0.154891,0.017145000000000001,58138624,NA,NA,NA,NA,NA,NA,NA,NA,1433848,711531,19202,64,7fe8e0e1367c4dc75afe736c0ee35e3a3755c0152301f3880ce2412132a22623,11630,0,2,21
1,4,0,0,15,0.035430529998848215,0.023488999999999999,0.011628999999999999,32284672,NA,NA,NA,NA,NA,NA,NA,NA,247896,280189,4101,1,cf0f1cc1e290dce65809b3140c6f2dc9062a9f452120988a3a869e7faab69134,5405,0,2,7
1,4,1,1,15,0.031040467998536769,0.015484999999999999,0.015368,31870976,NA,NA,NA,NA,NA,NA,NA,NA,247896,280189,4101,1,cf0f1cc1e290dce65809b3140c6f2dc9062a9f452120988a3a869e7faab69134,5402,0,2,0
1,4,0,1,6,0.028627708001295105,0.024315999999999997,0.0041909999999999994,30773248,NA,NA,NA,NA,NA,NA,NA,NA,126024,51085,1029,1,d6479df97612ac41a8966333a6ef58076a32dad29a20f6bc64e0a5b65673088c,5182,0,1,1
1,4,1,0,6,0.031247609000274679,0.018282,0.010909,30863360,NA,NA,NA,NA,NA,NA,NA,NA,126024,51085,1029,1,d6479df97612ac41a8966333a6ef58076a32dad29a20f6bc64e0a5b65673088c,5157,0,1,2
1,4,0,0,4,0.037679017001210013,0.026244,0.011276,28626944,NA,NA,NA,NA,NA,NA,NA,NA,163920,51085,1029,1,3469c6c02ad818b9b840f744b74781f39d0d6d69319fb824d729f7875274b381,4661,0,2,1
1,4,1,1,4,0.042167455001617782,0.033235000000000001,0.0087849999999999994,28856320,NA,NA,NA,NA,NA,NA,NA,NA,163920,51085,1029,1,3469c6c02ad818b9b840f744b74781f39d0d6d69319fb824d729f7875274b381,4681,0,2,0
1,4,0,0,9,0.025166019000607776,0.020458,0.0045659999999999997,30195712,NA,NA,NA,NA,NA,NA,NA,NA,147280,39898,2049,512,02ee45f00f5fa967779eb017bd9c1965526161af8ee6a0f23a31a68b3dbbac77,5055,0,2,0
1,4,1,1,9,0.032285650002449984,0.025545999999999999,0.0065750000000000001,30314496,NA,NA,NA,NA,NA,NA,NA,NA,147280,39898,2049,512,02ee45f00f5fa967779eb017bd9c1965526161af8ee6a0f23a31a68b3dbbac77,5091,0,2,0
1,4,0,0,8,0.029231232998427004,0.024579999999999998,0.0042129999999999997,31621120,NA,NA,NA,NA,NA,NA,NA,NA,98128,39898,2049,512,d54e0d3e437f1319c5e0037da4750229225984f79f1ebd587b1323affae587ab,5540,0,2,2
1,4,1,1,8,0.032115797999722417,0.029231999999999998,0.002258,31277056,NA,NA,NA,NA,NA,NA,NA,NA,98128,39898,2049,512,d54e0d3e437f1319c5e0037da4750229225984f79f1ebd587b1323affae587ab,5579,0,2,1
1,4,0,0,2,0.023450956003216561,0.014742999999999999,0.0085699999999999995,24375296,NA,NA,NA,NA,NA,NA,NA,NA,2008,133,5,1,8210b4f6eac12a20575e673437437e82cfff653da437ea17992a3aed56a99207,3620,0,2,0
1,4,1,1,2,0.017430674000934232,0.017253999999999999,0,24592384,NA,NA,NA,NA,NA,NA,NA,NA,2008,133,5,1,8210b4f6eac12a20575e673437437e82cfff653da437ea17992a3aed56a99207,3635,0,2,0
1,4,0,0,18,0.059354072000132874,0.055188000000000001,0.0040209999999999994,40566784,NA,NA,NA,NA,NA,NA,NA,NA,742032,235398,3329,64,ef3fe9f327a6ee2b8ff8e0c5cce4ce61f805f0660ce139a533f5137453c188bc,7507,0,2,1
1,4,1,1,18,0.058432049001567066,0.050485999999999996,0.007724,41476096,NA,NA,NA,NA,NA,NA,NA,NA,742032,235398,3329,64,ef3fe9f327a6ee2b8ff8e0c5cce4ce61f805f0660ce139a533f5137453c188bc,7780,0,2,2
1,4,0,0,23,0.1568892909999704,0.148343,0.0082170000000000003,58195968,NA,NA,NA,NA,NA,NA,NA,NA,1433848,711531,19202,64,7fe8e0e1367c4dc75afe736c0ee35e3a3755c0152301f3880ce2412132a22623,11671,0,2,2
1,4,1,1,23,0.17079528500107699,0.149566,0.020971,58359808,NA,NA,NA,NA,NA,NA,NA,NA,1433848,711531,19202,64,7fe8e0e1367c4dc75afe736c0ee35e3a3755c0152301f3880ce2412132a22623,11699,0,2,1
1,4,0,0,17,0.079071606996876653,0.054477999999999999,0.024402,41385984,NA,NA,NA,NA,NA,NA,NA,NA,1009296,235398,3329,64,46bbbc4439d5a1911d5728e76ba413a577b270d33a6d6f7287d5e66409ad1e95,7702,0,2,1
1,4,1,1,17,0.069167241999821272,0.053393999999999997,0.015566,42606592,NA,NA,NA,NA,NA,NA,NA,NA,1009296,235398,3329,64,46bbbc4439d5a1911d5728e76ba413a577b270d33a6d6f7287d5e66409ad1e95,7957,0,2,1
1,4,0,0,5,0.030159245998220285,0.018489999999999999,0.011521,31268864,NA,NA,NA,NA,NA,NA,NA,NA,192736,51085,1029,1,98c15b8b4636441c6e839c68a3bed9dee3bd8ae062882739073db7b7ed7d66f3,5202,0,2,1
1,4,1,1,5,0.028202697001688648,0.015524,0.012275999999999999,30699520,NA,NA,NA,NA,NA,NA,NA,NA,192736,51085,1029,1,98c15b8b4636441c6e839c68a3bed9dee3bd8ae062882739073db7b7ed7d66f3,5213,0,2,1
1,4,0,1,7,0.030190389999916079,0.030005999999999998,0,31191040,NA,NA,NA,NA,NA,NA,NA,NA,126024,51085,1029,1,d6479df97612ac41a8966333a6ef58076a32dad29a20f6bc64e0a5b65673088c,5243,0,2,1
1,4,1,0,7,0.027173747002962045,0.023448,0.0035859999999999998,31105024,NA,NA,NA,NA,NA,NA,NA,NA,126024,51085,1029,1,d6479df97612ac41a8966333a6ef58076a32dad29a20f6bc64e0a5b65673088c,5231,0,2,1
1,4,0,0,20,0.20188799199968344,0.180561,0.021096,59834368,NA,NA,NA,NA,NA,NA,NA,NA,1746680,711531,19202,64,e4041ce2b5b6df572ca4d0ca66e6006ad368116646e82963f7e9550b84ab78ca,12210,0,2,1
1,4,1,1,20,0.20214085699990392,0.185027,0.016132999999999998,60309504,NA,NA,NA,NA,NA,NA,NA,NA,1746680,711531,19202,64,e4041ce2b5b6df572ca4d0ca66e6006ad368116646e82963f7e9550b84ab78ca,12248,0,2,3
1,4,0,1,1,0.01847305800038157,0.018284999999999999,0,24391680,NA,NA,NA,NA,NA,NA,NA,NA,2056,133,5,1,6b21b079ef6f8f7f055926600e53b906dd7be041e021dd2791b7aa8c55e24585,3635,0,2,1
1,4,1,0,1,0.017641746999288443,0.013056999999999999,0.0044429999999999999,24588288,NA,NA,NA,NA,NA,NA,NA,NA,2056,133,5,1,6b21b079ef6f8f7f055926600e53b906dd7be041e021dd2791b7aa8c55e24585,3619,0,2,1
1,4,0,1,11,0.02608870400217711,0.010291,0.013918,29999104,NA,NA,NA,NA,NA,NA,NA,NA,106320,39898,2049,512,7b8f1ead52d1f75ea51a9518f4611f96b3105a83b8e9ff16958705114f2a13b3,5049,0,1,1
1,4,1,0,11,0.024660290000610985,0.016615999999999999,0.0078919999999999997,30257152,NA,NA,NA,NA,NA,NA,NA,NA,106320,39898,2049,512,7b8f1ead52d1f75ea51a9518f4611f96b3105a83b8e9ff16958705114f2a13b3,5042,0,2,1
1,4,0,0,16,0.093860283999674721,0.078937999999999994,0.012492,43057152,NA,NA,NA,NA,NA,NA,NA,NA,1082000,235398,3329,64,0a2640f1e20aa1aa539adbeb18cdf2a1ebe47a1dc573029aa0c35ed433364c04,8043,0,1,19
1,4,1,1,16,0.099525699999503559,0.075308,0.024046999999999999,43687936,NA,NA,NA,NA,NA,NA,NA,NA,1082000,235398,3329,64,0a2640f1e20aa1aa539adbeb18cdf2a1ebe47a1dc573029aa0c35ed433364c04,8296,0,2,1
1,4,0,0,12,0.046172844999091467,0.033620999999999998,0.012331999999999999,31469568,NA,NA,NA,NA,NA,NA,NA,NA,313424,280189,4101,1,0f9e44f960c45a3ca86cde574970381ef909d64a6bb2d20a17395bced584502a,5222,0,2,1
1,4,1,1,12,0.051042668001173297,0.038700999999999999,0.012124999999999999,31223808,NA,NA,NA,NA,NA,NA,NA,NA,313424,280189,4101,1,0f9e44f960c45a3ca86cde574970381ef909d64a6bb2d20a17395bced584502a,5219,0,2,1
1,4,0,0,19,0.060924847002752358,0.052810999999999997,0.0079629999999999996,41021440,NA,NA,NA,NA,NA,NA,NA,NA,742032,235398,3329,64,ef3fe9f327a6ee2b8ff8e0c5cce4ce61f805f0660ce139a533f5137453c188bc,7523,0,2,1
1,4,1,1,19,0.063506112001050496,0.051096999999999997,0.011701999999999999,41730048,NA,NA,NA,NA,NA,NA,NA,NA,742032,235398,3329,64,ef3fe9f327a6ee2b8ff8e0c5cce4ce61f805f0660ce139a533f5137453c188bc,7776,0,1,11
1,4,0,0,21,0.14453121199767338,0.116005,0.028114,60227584,NA,NA,NA,NA,NA,NA,NA,NA,2209528,711531,19202,64,955dcf7525f03629d689feea1585905e0b8700805efb32f241197b1ebcb41ffa,12178,0,2,9
1,4,1,1,21,0.16174285899978713,0.142512,0.018912999999999999,60432384,NA,NA,NA,NA,NA,NA,NA,NA,2209528,711531,19202,64,955dcf7525f03629d689feea1585905e0b8700805efb32f241197b1ebcb41ffa,12219,0,2,11
1,4,0,0,10,0.027236912999796914,0.01188,0.015141999999999999,29933568,NA,NA,NA,NA,NA,NA,NA,NA,106320,39898,2049,512,7b8f1ead52d1f75ea51a9518f4611f96b3105a83b8e9ff16958705114f2a13b3,5027,0,2,5
1,4,1,1,10,0.025986494001699612,0.017259,0.0085629999999999994,31498240,NA,NA,NA,NA,NA,NA,NA,NA,106320,39898,2049,512,7b8f1ead52d1f75ea51a9518f4611f96b3105a83b8e9ff16958705114f2a13b3,5064,0,2,3
1,4,0,0,3,0.018115699000190943,0.0045329999999999997,0.013446999999999999,24285184,NA,NA,NA,NA,NA,NA,NA,NA,2008,133,5,1,8210b4f6eac12a20575e673437437e82cfff653da437ea17992a3aed56a99207,3639,0,2,2
1,4,1,1,3,0.018843526999262394,0.010926,0.0077489999999999998,25440256,NA,NA,NA,NA,NA,NA,NA,NA,2008,133,5,1,8210b4f6eac12a20575e673437437e82cfff653da437ea17992a3aed56a99207,3631,0,2,3
1,4,0,0,13,0.031072001002030447,0.023243999999999997,0.0076099999999999996,32030720,NA,NA,NA,NA,NA,NA,NA,NA,313536,280189,4101,1,5a04cd3dab823e43a4d317f4a27057eec5b1fcaecf9843229a14a897b95f1f29,5426,0,2,7
1,4,1,1,13,0.029400551000435371,0.018630999999999998,0.010553,32174080,NA,NA,NA,NA,NA,NA,NA,NA,313536,280189,4101,1,5a04cd3dab823e43a4d317f4a27057eec5b1fcaecf9843229a14a897b95f1f29,5445,0,2,7
1,5,0,1,2,0.017156946996692568,0.012712999999999999,0.0043119999999999999,24403968,NA,NA,NA,NA,NA,NA,NA,NA,2008,133,5,1,8210b4f6eac12a20575e673437437e82cfff653da437ea17992a3aed56a99207,3616,0,2,2
1,5,1,0,2,0.017892659001518041,0.014013999999999999,0.0036319999999999998,24416256,NA,NA,NA,NA,NA,NA,NA,NA,2008,133,5,1,8210b4f6eac12a20575e673437437e82cfff653da437ea17992a3aed56a99207,3640,0,2,3
1,5,0,1,3,0.017805106999730924,0.013087,0.0045339999999999998,24203264,NA,NA,NA,NA,NA,NA,NA,NA,2008,133,5,1,8210b4f6eac12a20575e673437437e82cfff653da437ea17992a3aed56a99207,3617,0,2,4
1,5,1,0,3,0.017294557997956872,0.010217,0.0069429999999999995,24637440,NA,NA,NA,NA,NA,NA,NA,NA,2008,133,5,1,8210b4f6eac12a20575e673437437e82cfff653da437ea17992a3aed56a99207,3619,0,2,2
1,5,0,1,9,0.02418839700112585,0.019907999999999999,0.0041129999999999995,30507008,NA,NA,NA,NA,NA,NA,NA,NA,147280,39898,2049,512,02ee45f00f5fa967779eb017bd9c1965526161af8ee6a0f23a31a68b3dbbac77,5092,0,2,3
1,5,1,0,9,0.024164932998246513,0.019970999999999999,0.0040000000000000001,30457856,NA,NA,NA,NA,NA,NA,NA,NA,147280,39898,2049,512,02ee45f00f5fa967779eb017bd9c1965526161af8ee6a0f23a31a68b3dbbac77,5072,0,2,6
1,5,0,0,11,0.024925301997427596,0.017794999999999998,0.0069159999999999994,30429184,NA,NA,NA,NA,NA,NA,NA,NA,106320,39898,2049,512,7b8f1ead52d1f75ea51a9518f4611f96b3105a83b8e9ff16958705114f2a13b3,5025,0,2,10
1,5,1,1,11,0.023471231001167325,0.015629999999999998,0.0076809999999999995,30187520,NA,NA,NA,NA,NA,NA,NA,NA,106320,39898,2049,512,7b8f1ead52d1f75ea51a9518f4611f96b3105a83b8e9ff16958705114f2a13b3,5064,0,2,2
1,5,0,0,14,0.032973269000649452,0.022821999999999999,0.0099969999999999989,31993856,NA,NA,NA,NA,NA,NA,NA,NA,247896,280189,4101,1,cf0f1cc1e290dce65809b3140c6f2dc9062a9f452120988a3a869e7faab69134,5360,0,2,1
1,5,1,1,14,0.029433914001856465,0.010695999999999999,0.018522,32575488,NA,NA,NA,NA,NA,NA,NA,NA,247896,280189,4101,1,cf0f1cc1e290dce65809b3140c6f2dc9062a9f452120988a3a869e7faab69134,5362,0,2,1
1,5,0,1,18,0.069241056997270789,0.056120999999999997,0.012775999999999999,41955328,NA,NA,NA,NA,NA,NA,NA,NA,742032,235398,3329,64,ef3fe9f327a6ee2b8ff8e0c5cce4ce61f805f0660ce139a533f5137453c188bc,7764,0,2,1
1,5,1,0,18,0.071795429998019245,0.062539999999999998,0.008513999999999999,40849408,NA,NA,NA,NA,NA,NA,NA,NA,742032,235398,3329,64,ef3fe9f327a6ee2b8ff8e0c5cce4ce61f805f0660ce139a533f5137453c188bc,7518,0,2,1
1,5,0,1,5,0.02974479899785365,0.01251,0.017007999999999999,30994432,NA,NA,NA,NA,NA,NA,NA,NA,192736,51085,1029,1,98c15b8b4636441c6e839c68a3bed9dee3bd8ae062882739073db7b7ed7d66f3,5223,0,2,3
1,5,1,0,5,0.031075678998604417,0.025998999999999998,0.0049099999999999994,30838784,NA,NA,NA,NA,NA,NA,NA,NA,192736,51085,1029,1,98c15b8b4636441c6e839c68a3bed9dee3bd8ae062882739073db7b7ed7d66f3,5198,0,2,1
1,5,0,1,21,0.14553809000062756,0.112233,0.033090000000000001,60461056,NA,NA,NA,NA,NA,NA,NA,NA,2209528,711531,19202,64,955dcf7525f03629d689feea1585905e0b8700805efb32f241197b1ebcb41ffa,12213,0,2,1
1,5,1,0,21,0.15081507500144653,0.120225,0.0304,60141568,NA,NA,NA,NA,NA,NA,NA,NA,2209528,711531,19202,64,955dcf7525f03629d689feea1585905e0b8700805efb32f241197b1ebcb41ffa,12180,0,2,0
1,5,0,1,12,0.049200002998986747,0.045014999999999999,0.0039949999999999994,32149504,NA,NA,NA,NA,NA,NA,NA,NA,313424,280189,4101,1,0f9e44f960c45a3ca86cde574970381ef909d64a6bb2d20a17395bced584502a,5237,0,2,2
1,5,1,0,12,0.043166388000827283,0.026971999999999999,0.015918999999999999,31170560,NA,NA,NA,NA,NA,NA,NA,NA,313424,280189,4101,1,0f9e44f960c45a3ca86cde574970381ef909d64a6bb2d20a17395bced584502a,5222,0,2,1
1,5,0,0,7,0.027345776001311606,0.019445,0.0077389999999999994,30904320,NA,NA,NA,NA,NA,NA,NA,NA,126024,51085,1029,1,d6479df97612ac41a8966333a6ef58076a32dad29a20f6bc64e0a5b65673088c,5231,0,2,1
1,5,1,1,7,0.028883538998343283,0.024428999999999999,0.0043039999999999997,31195136,NA,NA,NA,NA,NA,NA,NA,NA,126024,51085,1029,1,d6479df97612ac41a8966333a6ef58076a32dad29a20f6bc64e0a5b65673088c,5241,0,2,1
1,5,0,1,8,0.030851431998598855,0.017784999999999999,0.012784999999999999,31469568,NA,NA,NA,NA,NA,NA,NA,NA,98128,39898,2049,512,d54e0d3e437f1319c5e0037da4750229225984f79f1ebd587b1323affae587ab,5582,0,2,2
1,5,1,0,8,0.027953778000664897,0.004078,0.023747999999999998,31354880,NA,NA,NA,NA,NA,NA,NA,NA,98128,39898,2049,512,d54e0d3e437f1319c5e0037da4750229225984f79f1ebd587b1323affae587ab,5544,0,2,0
1,5,0,0,1,0.017054861997166881,0.0083299999999999989,0.0085570000000000004,24457216,NA,NA,NA,NA,NA,NA,NA,NA,2056,133,5,1,6b21b079ef6f8f7f055926600e53b906dd7be041e021dd2791b7aa8c55e24585,3625,0,2,1
1,5,1,1,1,0.017191607999848202,0.0086429999999999996,0.0084139999999999996,24203264,NA,NA,NA,NA,NA,NA,NA,NA,2056,133,5,1,6b21b079ef6f8f7f055926600e53b906dd7be041e021dd2791b7aa8c55e24585,3636,0,2,0
1,5,0,1,23,0.16177371400044649,0.14304500000000001,0.018571999999999998,58261504,NA,NA,NA,NA,NA,NA,NA,NA,1433848,711531,19202,64,7fe8e0e1367c4dc75afe736c0ee35e3a3755c0152301f3880ce2412132a22623,11715,0,2,1
1,5,1,0,23,0.17333728800076642,0.142878,0.030223999999999997,58073088,NA,NA,NA,NA,NA,NA,NA,NA,1433848,711531,19202,64,7fe8e0e1367c4dc75afe736c0ee35e3a3755c0152301f3880ce2412132a22623,11672,0,2,1
1,5,0,0,6,0.030007127999851946,0.012719999999999999,0.017100999999999998,30617600,NA,NA,NA,NA,NA,NA,NA,NA,126024,51085,1029,1,d6479df97612ac41a8966333a6ef58076a32dad29a20f6bc64e0a5b65673088c,5162,0,2,1
1,5,1,1,6,0.033638674001849722,0.025783999999999998,0.0076939999999999995,30744576,NA,NA,NA,NA,NA,NA,NA,NA,126024,51085,1029,1,d6479df97612ac41a8966333a6ef58076a32dad29a20f6bc64e0a5b65673088c,5178,0,2,1
1,5,0,1,13,0.03056902200114564,0.019332999999999999,0.01108,31805440,NA,NA,NA,NA,NA,NA,NA,NA,313536,280189,4101,1,5a04cd3dab823e43a4d317f4a27057eec5b1fcaecf9843229a14a897b95f1f29,5438,0,2,1
1,5,1,0,13,0.028957893002370838,0.021204000000000001,0.0071529999999999996,31944704,NA,NA,NA,NA,NA,NA,NA,NA,313536,280189,4101,1,5a04cd3dab823e43a4d317f4a27057eec5b1fcaecf9843229a14a897b95f1f29,5447,0,2,0
1,5,0,1,19,0.060875884999404661,0.036330000000000001,0.024347000000000001,41824256,NA,NA,NA,NA,NA,NA,NA,NA,742032,235398,3329,64,ef3fe9f327a6ee2b8ff8e0c5cce4ce61f805f0660ce139a533f5137453c188bc,7777,0,2,9
1,5,1,0,19,0.060000240002409555,0.051764999999999999,0.0080140000000000003,40853504,NA,NA,NA,NA,NA,NA,NA,NA,742032,235398,3329,64,ef3fe9f327a6ee2b8ff8e0c5cce4ce61f805f0660ce139a533f5137453c188bc,7505,0,2,7
1,5,0,1,20,0.22155878199919243,0.19017699999999998,0.031118999999999997,61399040,NA,NA,NA,NA,NA,NA,NA,NA,1746680,711531,19202,64,e4041ce2b5b6df572ca4d0ca66e6006ad368116646e82963f7e9550b84ab78ca,12245,0,2,13
1,5,1,0,20,0.20435567299864488,0.191667,0.012274,59912192,NA,NA,NA,NA,NA,NA,NA,NA,1746680,711531,19202,64,e4041ce2b5b6df572ca4d0ca66e6006ad368116646e82963f7e9550b84ab78ca,12210,0,2,17
1,5,0,1,10,0.027902050002012402,0.019636999999999998,0.0080350000000000005,30429184,NA,NA,NA,NA,NA,NA,NA,NA,106320,39898,2049,512,7b8f1ead52d1f75ea51a9518f4611f96b3105a83b8e9ff16958705114f2a13b3,5047,0,2,5
1,5,1,0,10,0.027491371001815423,0.023351999999999998,0.00396,30310400,NA,NA,NA,NA,NA,NA,NA,NA,106320,39898,2049,512,7b8f1ead52d1f75ea51a9518f4611f96b3105a83b8e9ff16958705114f2a13b3,5023,0,2,4
1,5,0,1,16,0.10224807700069505,0.086227999999999999,0.015751999999999999,43835392,NA,NA,NA,NA,NA,NA,NA,NA,1082000,235398,3329,64,0a2640f1e20aa1aa539adbeb18cdf2a1ebe47a1dc573029aa0c35ed433364c04,8295,0,2,10
1,5,1,0,16,0.10581940799966105,0.087536000000000003,0.018030000000000001,42803200,NA,NA,NA,NA,NA,NA,NA,NA,1082000,235398,3329,64,0a2640f1e20aa1aa539adbeb18cdf2a1ebe47a1dc573029aa0c35ed433364c04,8055,0,2,1
1,5,0,1,15,0.034869434999563964,0.022720999999999998,0.011967999999999999,32092160,NA,NA,NA,NA,NA,NA,NA,NA,247896,280189,4101,1,cf0f1cc1e290dce65809b3140c6f2dc9062a9f452120988a3a869e7faab69134,5403,0,2,1
1,5,1,0,15,0.03545661199677852,0.027504999999999998,0.0077989999999999995,31813632,NA,NA,NA,NA,NA,NA,NA,NA,247896,280189,4101,1,cf0f1cc1e290dce65809b3140c6f2dc9062a9f452120988a3a869e7faab69134,5402,0,2,1
1,5,0,0,0,0.026472808000107761,0.020455999999999998,0.005862,24399872,NA,NA,NA,NA,NA,NA,NA,NA,2008,133,5,1,a8c1633e798ef980493443e67e6fdb6eada42f775edf7051d304d09c3ddadf5a,3660,0,2,1
1,5,1,1,0,0.018465867000486469,0.011269,0.0070819999999999998,24530944,NA,NA,NA,NA,NA,NA,NA,NA,2008,133,5,1,a8c1633e798ef980493443e67e6fdb6eada42f775edf7051d304d09c3ddadf5a,3661,0,2,0
1,5,0,1,4,0.041877300998748979,0.032979000000000001,0.0086689999999999996,28790784,NA,NA,NA,NA,NA,NA,NA,NA,163920,51085,1029,1,3469c6c02ad818b9b840f744b74781f39d0d6d69319fb824d729f7875274b381,4692,0,2,2
1,5,1,0,4,0.042544427000393625,0.029567999999999997,0.012282,28655616,NA,NA,NA,NA,NA,NA,NA,NA,163920,51085,1029,1,3469c6c02ad818b9b840f744b74781f39d0d6d69319fb824d729f7875274b381,4657,0,2,1
1,5,0,1,17,0.076605377998930635,0.064742999999999995,0.011684999999999999,42516480,NA,NA,NA,NA,NA,NA,NA,NA,1009296,235398,3329,64,46bbbc4439d5a1911d5728e76ba413a577b270d33a6d6f7287d5e66409ad1e95,7948,0,2,1
1,5,1,0,17,0.084792813999229111,0.070092000000000002,0.014489999999999999,41410560,NA,NA,NA,NA,NA,NA,NA,NA,1009296,235398,3329,64,46bbbc4439d5a1911d5728e76ba413a577b270d33a6d6f7287d5e66409ad1e95,7700,0,2,1
1,5,0,1,22,0.16687929399995483,0.137797,0.027844999999999998,57999360,NA,NA,NA,NA,NA,NA,NA,NA,1433848,711531,19202,64,7fe8e0e1367c4dc75afe736c0ee35e3a3755c0152301f3880ce2412132a22623,11628,0,2,2
1,5,1,0,22,0.59116312900005141,0.38455299999999998,0.20169499999999999,58003456,NA,NA,NA,NA,NA,NA,NA,NA,1433848,711531,19202,64,7fe8e0e1367c4dc75afe736c0ee35e3a3755c0152301f3880ce2412132a22623,11591,0,2,23
1,6,0,0,18,0.15688625400071032,0.089915999999999996,0.064252000000000004,40812544,NA,NA,NA,NA,NA,NA,NA,NA,742032,235398,3329,64,ef3fe9f327a6ee2b8ff8e0c5cce4ce61f805f0660ce139a533f5137453c188bc,7523,0,2,17
1,6,1,1,18,0.25831672300046193,0.11555599999999999,0.13932,42754048,NA,NA,NA,NA,NA,NA,NA,NA,742032,235398,3329,64,ef3fe9f327a6ee2b8ff8e0c5cce4ce61f805f0660ce139a533f5137453c188bc,7778,0,2,5
1,6,0,1,0,0.037572100001852959,0.020371999999999998,0.017000999999999999,24657920,NA,NA,NA,NA,NA,NA,NA,NA,2008,133,5,1,a8c1633e798ef980493443e67e6fdb6eada42f775edf7051d304d09c3ddadf5a,3642,0,2,0
1,6,1,0,0,0.037472918000275968,0.025596999999999998,0.011368,24731648,NA,NA,NA,NA,NA,NA,NA,NA,2008,133,5,1,a8c1633e798ef980493443e67e6fdb6eada42f775edf7051d304d09c3ddadf5a,3649,0,3,1
1,6,0,1,20,0.32805822000227636,0.22442499999999999,0.10337499999999999,60428288,NA,NA,NA,NA,NA,NA,NA,NA,1746680,711531,19202,64,e4041ce2b5b6df572ca4d0ca66e6006ad368116646e82963f7e9550b84ab78ca,12231,0,2,3
1,6,1,0,20,0.23511687399877701,0.193718,0.041006999999999995,60198912,NA,NA,NA,NA,NA,NA,NA,NA,1746680,711531,19202,64,e4041ce2b5b6df572ca4d0ca66e6006ad368116646e82963f7e9550b84ab78ca,12211,0,2,1
1,6,0,0,22,0.16056766199835693,0.13535800000000001,0.025002999999999997,57884672,NA,NA,NA,NA,NA,NA,NA,NA,1433848,711531,19202,64,7fe8e0e1367c4dc75afe736c0ee35e3a3755c0152301f3880ce2412132a22623,11605,0,1,2
1,6,1,1,22,0.15579696799977683,0.12360299999999999,0.031942999999999999,58822656,NA,NA,NA,NA,NA,NA,NA,NA,1433848,711531,19202,64,7fe8e0e1367c4dc75afe736c0ee35e3a3755c0152301f3880ce2412132a22623,11644,0,2,4
1,6,0,1,8,0.02914252799746464,0.025221999999999998,0.0037189999999999996,31444992,NA,NA,NA,NA,NA,NA,NA,NA,98128,39898,2049,512,d54e0d3e437f1319c5e0037da4750229225984f79f1ebd587b1323affae587ab,5582,0,2,2
1,6,1,0,8,0.02849903799869935,0.012076999999999999,0.01627,31715328,NA,NA,NA,NA,NA,NA,NA,NA,98128,39898,2049,512,d54e0d3e437f1319c5e0037da4750229225984f79f1ebd587b1323affae587ab,5546,0,2,1
1,6,0,0,10,0.023763951001456007,0.014402999999999999,0.0091129999999999996,29999104,NA,NA,NA,NA,NA,NA,NA,NA,106320,39898,2049,512,7b8f1ead52d1f75ea51a9518f4611f96b3105a83b8e9ff16958705114f2a13b3,4963,0,2,1
1,6,1,1,10,0.024841927999659674,0.015576,0.007833999999999999,30392320,NA,NA,NA,NA,NA,NA,NA,NA,106320,39898,2049,512,7b8f1ead52d1f75ea51a9518f4611f96b3105a83b8e9ff16958705114f2a13b3,5046,0,1,1
1,6,0,0,17,0.072169465001934441,0.059678999999999996,0.012320999999999999,41254912,NA,NA,NA,NA,NA,NA,NA,NA,1009296,235398,3329,64,46bbbc4439d5a1911d5728e76ba413a577b270d33a6d6f7287d5e66409ad1e95,7685,0,2,1
1,6,1,1,17,0.075844476999918697,0.056611999999999996,0.019036000000000001,42287104,NA,NA,NA,NA,NA,NA,NA,NA,1009296,235398,3329,64,46bbbc4439d5a1911d5728e76ba413a577b270d33a6d6f7287d5e66409ad1e95,7940,0,2,1
1,6,0,1,1,0.017272978999244515,0.0085849999999999989,0.008541,24403968,NA,NA,NA,NA,NA,NA,NA,NA,2056,133,5,1,6b21b079ef6f8f7f055926600e53b906dd7be041e021dd2791b7aa8c55e24585,3617,0,2,1
1,6,1,0,1,0.016940085999522125,0.012565999999999999,0.0041939999999999998,24350720,NA,NA,NA,NA,NA,NA,NA,NA,2056,133,5,1,6b21b079ef6f8f7f055926600e53b906dd7be041e021dd2791b7aa8c55e24585,3620,0,2,0
1,6,0,1,16,0.084876467000867706,0.072648999999999991,0.011989999999999999,43905024,NA,NA,NA,NA,NA,NA,NA,NA,1082000,235398,3329,64,0a2640f1e20aa1aa539adbeb18cdf2a1ebe47a1dc573029aa0c35ed433364c04,8295,0,2,2
1,6,1,0,16,0.089735016001213808,0.065800999999999998,0.023746999999999997,42713088,NA,NA,NA,NA,NA,NA,NA,NA,1082000,235398,3329,64,0a2640f1e20aa1aa539adbeb18cdf2a1ebe47a1dc573029aa0c35ed433364c04,8056,0,2,1
1,6,0,0,2,0.0195168600002944,0.0074189999999999994,0.011887999999999999,24469504,NA,NA,NA,NA,NA,NA,NA,NA,2008,133,5,1,8210b4f6eac12a20575e673437437e82cfff653da437ea17992a3aed56a99207,3637,0,2,1
1,6,1,1,2,0.017183825002575759,0.013557999999999999,0.0034839999999999997,24494080,NA,NA,NA,NA,NA,NA,NA,NA,2008,133,5,1,8210b4f6eac12a20575e673437437e82cfff653da437ea17992a3aed56a99207,3636,0,2,1
1,6,0,1,4,0.052129374998912681,0.038396,0.013496999999999999,28667904,NA,NA,NA,NA,NA,NA,NA,NA,163920,51085,1029,1,3469c6c02ad818b9b840f744b74781f39d0d6d69319fb824d729f7875274b381,4695,0,2,1
1,6,1,0,4,0.054609143997367937,0.034242000000000002,0.020167999999999998,28905472,NA,NA,NA,NA,NA,NA,NA,NA,163920,51085,1029,1,3469c6c02ad818b9b840f744b74781f39d0d6d69319fb824d729f7875274b381,4657,0,2,1
1,6,0,1,21,0.16197795100015355,0.128303,0.033503999999999999,60502016,NA,NA,NA,NA,NA,NA,NA,NA,2209528,711531,19202,64,955dcf7525f03629d689feea1585905e0b8700805efb32f241197b1ebcb41ffa,12203,0,2,1
1,6,1,0,21,0.1486112040001899,0.113786,0.034624999999999996,59899904,NA,NA,NA,NA,NA,NA,NA,NA,2209528,711531,19202,64,955dcf7525f03629d689feea1585905e0b8700805efb32f241197b1ebcb41ffa,12178,0,2,2
1,6,0,1,3,0.019047693000175059,0.014369999999999999,0.0044809999999999997,24563712,NA,NA,NA,NA,NA,NA,NA,NA,2008,133,5,1,8210b4f6eac12a20575e673437437e82cfff653da437ea17992a3aed56a99207,3634,0,2,1
1,6,1,0,3,0.018244627997773932,0.0041859999999999996,0.013901,24637440,NA,NA,NA,NA,NA,NA,NA,NA,2008,133,5,1,8210b4f6eac12a20575e673437437e82cfff653da437ea17992a3aed56a99207,3635,0,2,1
1,6,0,0,7,0.028545919998578029,0.024222999999999998,0.0041770000000000002,31125504,NA,NA,NA,NA,NA,NA,NA,NA,126024,51085,1029,1,d6479df97612ac41a8966333a6ef58076a32dad29a20f6bc64e0a5b65673088c,5217,0,2,2
1,6,1,1,7,0.028039259999786736,0.019910999999999998,0.0079649999999999999,30994432,NA,NA,NA,NA,NA,NA,NA,NA,126024,51085,1029,1,d6479df97612ac41a8966333a6ef58076a32dad29a20f6bc64e0a5b65673088c,5240,0,2,1
1,6,0,0,13,0.026940657000523061,0.019116999999999999,0.0076779999999999999,32096256,NA,NA,NA,NA,NA,NA,NA,NA,313536,280189,4101,1,5a04cd3dab823e43a4d317f4a27057eec5b1fcaecf9843229a14a897b95f1f29,5444,0,2,0
1,6,1,1,13,0.029672655000467785,0.014924,0.014587999999999999,31674368,NA,NA,NA,NA,NA,NA,NA,NA,313536,280189,4101,1,5a04cd3dab823e43a4d317f4a27057eec5b1fcaecf9843229a14a897b95f1f29,5440,0,2,2
1,6,0,0,6,0.027624410999123938,0.023555,0.0039239999999999995,30769152,NA,NA,NA,NA,NA,NA,NA,NA,126024,51085,1029,1,d6479df97612ac41a8966333a6ef58076a32dad29a20f6bc64e0a5b65673088c,5161,0,2,1
1,6,1,1,6,0.027819666000141297,0.023755999999999999,0.0038909999999999999,30601216,NA,NA,NA,NA,NA,NA,NA,NA,126024,51085,1029,1,d6479df97612ac41a8966333a6ef58076a32dad29a20f6bc64e0a5b65673088c,5181,0,2,2
1,6,0,1,14,0.030598763001762563,0.025569999999999999,0.0048799999999999998,31879168,NA,NA,NA,NA,NA,NA,NA,NA,247896,280189,4101,1,cf0f1cc1e290dce65809b3140c6f2dc9062a9f452120988a3a869e7faab69134,5365,0,2,1
1,6,1,0,14,0.026388640002551256,0.013084999999999999,0.013158999999999999,31682560,NA,NA,NA,NA,NA,NA,NA,NA,247896,280189,4101,1,cf0f1cc1e290dce65809b3140c6f2dc9062a9f452120988a3a869e7faab69134,5364,0,2,1
1,6,0,0,15,0.032214430000749417,0.020888,0.011148999999999999,32014336,NA,NA,NA,NA,NA,NA,NA,NA,247896,280189,4101,1,cf0f1cc1e290dce65809b3140c6f2dc9062a9f452120988a3a869e7faab69134,5384,0,2,1
1,6,1,1,15,0.026399053000204731,0.026221999999999999,0,32092160,NA,NA,NA,NA,NA,NA,NA,NA,247896,280189,4101,1,cf0f1cc1e290dce65809b3140c6f2dc9062a9f452120988a3a869e7faab69134,5387,0,2,1
1,6,0,1,5,0.025588861997675849,0.021174999999999999,0.0042769999999999996,31109120,NA,NA,NA,NA,NA,NA,NA,NA,192736,51085,1029,1,98c15b8b4636441c6e839c68a3bed9dee3bd8ae062882739073db7b7ed7d66f3,5218,0,2,1
1,6,1,0,5,0.02646005799761042,0.026325999999999999,0,31092736,NA,NA,NA,NA,NA,NA,NA,NA,192736,51085,1029,1,98c15b8b4636441c6e839c68a3bed9dee3bd8ae062882739073db7b7ed7d66f3,5214,0,2,1
1,6,0,1,9,0.022897104001458501,0.018317,0.0044619999999999998,30478336,NA,NA,NA,NA,NA,NA,NA,NA,147280,39898,2049,512,02ee45f00f5fa967779eb017bd9c1965526161af8ee6a0f23a31a68b3dbbac77,5079,0,2,0
1,6,1,0,9,0.022349924001900945,0.017711999999999999,0.0044879999999999998,30334976,NA,NA,NA,NA,NA,NA,NA,NA,147280,39898,2049,512,02ee45f00f5fa967779eb017bd9c1965526161af8ee6a0f23a31a68b3dbbac77,5053,0,2,1
1,6,0,1,23,0.17342799399921205,0.153391,0.019821999999999999,58466304,NA,NA,NA,NA,NA,NA,NA,NA,1433848,711531,19202,64,7fe8e0e1367c4dc75afe736c0ee35e3a3755c0152301f3880ce2412132a22623,11699,0,2,2
1,6,1,0,23,0.17103766500076745,0.146698,0.024125999999999998,58138624,NA,NA,NA,NA,NA,NA,NA,NA,1433848,711531,19202,64,7fe8e0e1367c4dc75afe736c0ee35e3a3755c0152301f3880ce2412132a22623,11673,0,2,1
1,6,0,1,19,0.069187856999633368,0.051399,0.017609,41336832,NA,NA,NA,NA,NA,NA,NA,NA,742032,235398,3329,64,ef3fe9f327a6ee2b8ff8e0c5cce4ce61f805f0660ce139a533f5137453c188bc,7701,0,2,1
1,6,1,0,19,0.059471443000802537,0.047343999999999997,0.011953999999999999,40419328,NA,NA,NA,NA,NA,NA,NA,NA,742032,235398,3329,64,ef3fe9f327a6ee2b8ff8e0c5cce4ce61f805f0660ce139a533f5137453c188bc,7506,0,2,2
1,6,0,0,12,0.040253340997878695,0.039985,0,31404032,NA,NA,NA,NA,NA,NA,NA,NA,313424,280189,4101,1,0f9e44f960c45a3ca86cde574970381ef909d64a6bb2d20a17395bced584502a,5238,0,2,12
1,6,1,1,12,0.048738770001364173,0.032395,0.012839,30822400,NA,NA,NA,NA,NA,NA,NA,NA,313424,280189,4101,1,0f9e44f960c45a3ca86cde574970381ef909d64a6bb2d20a17395bced584502a,5236,0,2,5
1,6,0,1,11,0.025263946001359727,0.020848999999999999,0.0042649999999999997,31408128,NA,NA,NA,NA,NA,NA,NA,NA,106320,39898,2049,512,7b8f1ead52d1f75ea51a9518f4611f96b3105a83b8e9ff16958705114f2a13b3,5062,0,2,1
1,6,1,0,11,0.025542108000081498,0.016631,0.008711,30179328,NA,NA,NA,NA,NA,NA,NA,NA,106320,39898,2049,512,7b8f1ead52d1f75ea51a9518f4611f96b3105a83b8e9ff16958705114f2a13b3,5041,0,2,2
1,7,0,0,4,0.03919142499944428,0.034622,0.0044389999999999994,28536832,NA,NA,NA,NA,NA,NA,NA,NA,163920,51085,1029,1,3469c6c02ad818b9b840f744b74781f39d0d6d69319fb824d729f7875274b381,4657,0,2,0
1,7,1,1,4,0.039651143000810407,0.035453999999999999,0.004032,28594176,NA,NA,NA,NA,NA,NA,NA,NA,163920,51085,1029,1,3469c6c02ad818b9b840f744b74781f39d0d6d69319fb824d729f7875274b381,4679,0,2,2
1,7,0,0,14,0.030840376999549335,0.014960999999999999,0.015741999999999999,31834112,NA,NA,NA,NA,NA,NA,NA,NA,247896,280189,4101,1,cf0f1cc1e290dce65809b3140c6f2dc9062a9f452120988a3a869e7faab69134,5348,0,2,0
1,7,1,1,14,0.027686560999427456,0.019626999999999999,0.0076929999999999993,31875072,NA,NA,NA,NA,NA,NA,NA,NA,247896,280189,4101,1,cf0f1cc1e290dce65809b3140c6f2dc9062a9f452120988a3a869e7faab69134,5360,0,2,1
1,7,0,1,7,0.032387737999670208,0.024076999999999998,0.0079819999999999995,31129600,NA,NA,NA,NA,NA,NA,NA,NA,126024,51085,1029,1,d6479df97612ac41a8966333a6ef58076a32dad29a20f6bc64e0a5b65673088c,5221,0,2,1
1,7,1,0,7,0.026837804001843324,0.019064999999999999,0.0038919999999999996,31186944,NA,NA,NA,NA,NA,NA,NA,NA,126024,51085,1029,1,d6479df97612ac41a8966333a6ef58076a32dad29a20f6bc64e0a5b65673088c,5231,0,1,0
1,7,0,0,20,0.20153711099919747,0.169262,0.032056000000000001,60080128,NA,NA,NA,NA,NA,NA,NA,NA,1746680,711531,19202,64,e4041ce2b5b6df572ca4d0ca66e6006ad368116646e82963f7e9550b84ab78ca,12209,0,2,2
1,7,1,1,20,0.22060904799946002,0.18753799999999998,0.032896999999999996,61276160,NA,NA,NA,NA,NA,NA,NA,NA,1746680,711531,19202,64,e4041ce2b5b6df572ca4d0ca66e6006ad368116646e82963f7e9550b84ab78ca,12246,0,2,1
1,7,0,0,21,0.15389086000141106,0.12568599999999999,0.028014999999999998,59990016,NA,NA,NA,NA,NA,NA,NA,NA,2209528,711531,19202,64,955dcf7525f03629d689feea1585905e0b8700805efb32f241197b1ebcb41ffa,12178,0,2,1
1,7,1,1,21,0.15288414200040279,0.123251,0.029248999999999997,60387328,NA,NA,NA,NA,NA,NA,NA,NA,2209528,711531,19202,64,955dcf7525f03629d689feea1585905e0b8700805efb32f241197b1ebcb41ffa,12196,0,2,17
1,7,0,1,15,0.031731738999951631,0.023767,0.0077510000000000001,32935936,NA,NA,NA,NA,NA,NA,NA,NA,247896,280189,4101,1,cf0f1cc1e290dce65809b3140c6f2dc9062a9f452120988a3a869e7faab69134,5398,0,2,1
1,7,1,0,15,0.029261701998620993,0.020704999999999998,0.008395999999999999,31780864,NA,NA,NA,NA,NA,NA,NA,NA,247896,280189,4101,1,cf0f1cc1e290dce65809b3140c6f2dc9062a9f452120988a3a869e7faab69134,5386,0,2,1
1,7,0,1,17,0.069979849002265837,0.061575999999999999,0.0081899999999999994,42385408,NA,NA,NA,NA,NA,NA,NA,NA,1009296,235398,3329,64,46bbbc4439d5a1911d5728e76ba413a577b270d33a6d6f7287d5e66409ad1e95,7958,0,2,1
1,7,1,0,17,0.07607903499956592,0.063363000000000003,0.012499999999999999,41635840,NA,NA,NA,NA,NA,NA,NA,NA,1009296,235398,3329,64,46bbbc4439d5a1911d5728e76ba413a577b270d33a6d6f7287d5e66409ad1e95,7687,0,2,1
1,7,0,0,1,0.022530015001393622,0.015469999999999999,0.0067319999999999993,24588288,NA,NA,NA,NA,NA,NA,NA,NA,2056,133,5,1,6b21b079ef6f8f7f055926600e53b906dd7be041e021dd2791b7aa8c55e24585,3621,0,2,0
1,7,1,1,1,0.019906091001757886,0.011254999999999999,0.0084749999999999999,25407488,NA,NA,NA,NA,NA,NA,NA,NA,2056,133,5,1,6b21b079ef6f8f7f055926600e53b906dd7be041e021dd2791b7aa8c55e24585,3633,0,2,1
1,7,0,1,13,0.032107405000715517,0.015901999999999999,0.016035999999999998,32137216,NA,NA,NA,NA,NA,NA,NA,NA,313536,280189,4101,1,5a04cd3dab823e43a4d317f4a27057eec5b1fcaecf9843229a14a897b95f1f29,5427,0,2,2
1,7,1,0,13,0.028679647999524605,0.020316000000000001,0.0082109999999999995,32043008,NA,NA,NA,NA,NA,NA,NA,NA,313536,280189,4101,1,5a04cd3dab823e43a4d317f4a27057eec5b1fcaecf9843229a14a897b95f1f29,5430,0,2,0
1,7,0,1,18,0.062030416000197874,0.045443999999999998,0.016441999999999998,41730048,NA,NA,NA,NA,NA,NA,NA,NA,742032,235398,3329,64,ef3fe9f327a6ee2b8ff8e0c5cce4ce61f805f0660ce139a533f5137453c188bc,7758,0,2,1
1,7,1,0,18,0.067413198998110602,0.056774999999999999,0.010463,40591360,NA,NA,NA,NA,NA,NA,NA,NA,742032,235398,3329,64,ef3fe9f327a6ee2b8ff8e0c5cce4ce61f805f0660ce139a533f5137453c188bc,7523,0,2,1
1,7,0,0,5,0.028174740000395104,0.024004999999999999,0.0039779999999999998,30928896,NA,NA,NA,NA,NA,NA,NA,NA,192736,51085,1029,1,98c15b8b4636441c6e839c68a3bed9dee3bd8ae062882739073db7b7ed7d66f3,5200,0,2,1
1,7,1,1,5,0.029764507999061607,0.021429,0.0081549999999999991,31076352,NA,NA,NA,NA,NA,NA,NA,NA,192736,51085,1029,1,98c15b8b4636441c6e839c68a3bed9dee3bd8ae062882739073db7b7ed7d66f3,5207,0,2,1
1,7,0,1,22,0.16560823399777291,0.14910399999999999,0.016333,57876480,NA,NA,NA,NA,NA,NA,NA,NA,1433848,711531,19202,64,7fe8e0e1367c4dc75afe736c0ee35e3a3755c0152301f3880ce2412132a22623,11631,0,2,1
1,7,1,0,22,0.15440155300166225,0.14208999999999999,0.012157999999999999,58048512,NA,NA,NA,NA,NA,NA,NA,NA,1433848,711531,19202,64,7fe8e0e1367c4dc75afe736c0ee35e3a3755c0152301f3880ce2412132a22623,11589,0,1,2
1,7,0,1,6,0.029887661999964621,0.025389999999999999,0.0042239999999999995,30535680,NA,NA,NA,NA,NA,NA,NA,NA,126024,51085,1029,1,d6479df97612ac41a8966333a6ef58076a32dad29a20f6bc64e0a5b65673088c,5165,0,2,1
1,7,1,0,6,0.034616664997884072,0.025946,0.0084869999999999998,31137792,NA,NA,NA,NA,NA,NA,NA,NA,126024,51085,1029,1,d6479df97612ac41a8966333a6ef58076a32dad29a20f6bc64e0a5b65673088c,5162,0,2,1
1,7,0,0,0,0.020956893000402488,0.0084209999999999997,0.012343,24391680,NA,NA,NA,NA,NA,NA,NA,NA,2008,133,5,1,a8c1633e798ef980493443e67e6fdb6eada42f775edf7051d304d09c3ddadf5a,3666,0,2,1
1,7,1,1,0,0.024093048999930033,0.018671999999999998,0.0052599999999999999,24629248,NA,NA,NA,NA,NA,NA,NA,NA,2008,133,5,1,a8c1633e798ef980493443e67e6fdb6eada42f775edf7051d304d09c3ddadf5a,3646,0,2,1
1,7,0,0,8,0.028765872000803938,0.012428,0.016145,31440896,NA,NA,NA,NA,NA,NA,NA,NA,98128,39898,2049,512,d54e0d3e437f1319c5e0037da4750229225984f79f1ebd587b1323affae587ab,5556,0,2,0
1,7,1,1,8,0.030341767000209074,0.025496999999999999,0.0046369999999999996,31485952,NA,NA,NA,NA,NA,NA,NA,NA,98128,39898,2049,512,d54e0d3e437f1319c5e0037da4750229225984f79f1ebd587b1323affae587ab,5563,0,2,2
1,7,0,0,23,0.15932057799727772,0.13471900000000001,0.024440999999999997,58531840,NA,NA,NA,NA,NA,NA,NA,NA,1433848,711531,19202,64,7fe8e0e1367c4dc75afe736c0ee35e3a3755c0152301f3880ce2412132a22623,11675,0,2,1
1,7,1,1,23,0.16362529300022288,0.13430400000000001,0.029045999999999999,58257408,NA,NA,NA,NA,NA,NA,NA,NA,1433848,711531,19202,64,7fe8e0e1367c4dc75afe736c0ee35e3a3755c0152301f3880ce2412132a22623,11697,0,2,1
1,7,0,1,12,0.042724265000288142,0.030425999999999998,0.01209,31043584,NA,NA,NA,NA,NA,NA,NA,NA,313424,280189,4101,1,0f9e44f960c45a3ca86cde574970381ef909d64a6bb2d20a17395bced584502a,5225,0,2,1
1,7,1,0,12,0.045949527000630042,0.042186999999999995,0.0028439999999999997,31227904,NA,NA,NA,NA,NA,NA,NA,NA,313424,280189,4101,1,0f9e44f960c45a3ca86cde574970381ef909d64a6bb2d20a17395bced584502a,5239,0,2,2
1,7,0,0,9,0.023757200000545708,0.015710999999999999,0.0078849999999999996,30220288,NA,NA,NA,NA,NA,NA,NA,NA,147280,39898,2049,512,02ee45f00f5fa967779eb017bd9c1965526161af8ee6a0f23a31a68b3dbbac77,5053,0,2,1
1,7,1,1,9,0.024309788001119159,0.024166,0,30666752,NA,NA,NA,NA,NA,NA,NA,NA,147280,39898,2049,512,02ee45f00f5fa967779eb017bd9c1965526161af8ee6a0f23a31a68b3dbbac77,5080,0,2,0
1,7,0,1,10,0.025538035999488784,0.018258999999999997,0.0071199999999999996,30326784,NA,NA,NA,NA,NA,NA,NA,NA,106320,39898,2049,512,7b8f1ead52d1f75ea51a9518f4611f96b3105a83b8e9ff16958705114f2a13b3,5060,0,2,1
1,7,1,0,10,0.026411101000121562,0.015702000000000001,0.010524,30167040,NA,NA,NA,NA,NA,NA,NA,NA,106320,39898,2049,512,7b8f1ead52d1f75ea51a9518f4611f96b3105a83b8e9ff16958705114f2a13b3,5040,0,2,2
1,7,0,0,16,0.10243191799963824,0.093396999999999994,0.0088760000000000002,43081728,NA,NA,NA,NA,NA,NA,NA,NA,1082000,235398,3329,64,0a2640f1e20aa1aa539adbeb18cdf2a1ebe47a1dc573029aa0c35ed433364c04,8055,0,2,1
1,7,1,1,16,0.089979984997626161,0.069833999999999993,0.019909,43859968,NA,NA,NA,NA,NA,NA,NA,NA,1082000,235398,3329,64,0a2640f1e20aa1aa539adbeb18cdf2a1ebe47a1dc573029aa0c35ed433364c04,8309,0,2,1
1,7,0,1,2,0.023280222998437239,0.014615,0.0084779999999999994,24522752,NA,NA,NA,NA,NA,NA,NA,NA,2008,133,5,1,8210b4f6eac12a20575e673437437e82cfff653da437ea17992a3aed56a99207,3633,0,2,0
1,7,1,0,2,0.024512876003427664,0.01687,0.0074519999999999994,24268800,NA,NA,NA,NA,NA,NA,NA,NA,2008,133,5,1,8210b4f6eac12a20575e673437437e82cfff653da437ea17992a3aed56a99207,3623,0,2,2
1,7,0,0,11,0.02668118400106323,0.018844,0.0076709999999999999,30433280,NA,NA,NA,NA,NA,NA,NA,NA,106320,39898,2049,512,7b8f1ead52d1f75ea51a9518f4611f96b3105a83b8e9ff16958705114f2a13b3,5041,0,2,2
1,7,1,1,11,0.02447052900242852,0.016191999999999998,0.0081189999999999995,30425088,NA,NA,NA,NA,NA,NA,NA,NA,106320,39898,2049,512,7b8f1ead52d1f75ea51a9518f4611f96b3105a83b8e9ff16958705114f2a13b3,5048,0,2,1
1,7,0,0,19,0.062955466000857996,0.054323999999999997,0.0084159999999999999,41021440,NA,NA,NA,NA,NA,NA,NA,NA,742032,235398,3329,64,ef3fe9f327a6ee2b8ff8e0c5cce4ce61f805f0660ce139a533f5137453c188bc,7507,0,2,2
1,7,1,1,19,0.06756929099719855,0.058861999999999998,0.008482,41824256,NA,NA,NA,NA,NA,NA,NA,NA,742032,235398,3329,64,ef3fe9f327a6ee2b8ff8e0c5cce4ce61f805f0660ce139a533f5137453c188bc,7764,0,2,1
1,7,0,0,3,0.018841027998860227,0.014945999999999999,0.003669,24350720,NA,NA,NA,NA,NA,NA,NA,NA,2008,133,5,1,8210b4f6eac12a20575e673437437e82cfff653da437ea17992a3aed56a99207,3624,0,2,1
1,7,1,1,3,0.020316703998105368,0.015186999999999999,0.0042309999999999995,24473600,NA,NA,NA,NA,NA,NA,NA,NA,2008,133,5,1,8210b4f6eac12a20575e673437437e82cfff653da437ea17992a3aed56a99207,3621,0,2,1
