lane,log,index,module,duration_ns,passed,failed,assertions,status,seconds
36991068435:linux-aarch64-checks,unit-observations/tree0-test-Debug/test.log,52,compiler_driver_tests,691774785138,44638,0,44638,pass,691.774785138
36991068435:linux-aarch64-checks,unit-observations/tree0-test-Debug/test.log,0,byte_writer_tests,152247,484,0,484,pass,0.000152247
36991068435:linux-aarch64-checks,unit-observations/tree0-test-Debug/test.log,1,arena_tests,1026678095,141,0,141,pass,1.026678095
36991068435:linux-aarch64-checks,unit-observations/tree0-test-Debug/test.log,2,integer_tests,1043915243,1526605,0,1526605,pass,1.043915243
36991068435:linux-aarch64-checks,unit-observations/tree0-test-Debug/test.log,3,sanitizer_tests,561845074,30,0,30,pass,0.561845074
36991068435:linux-aarch64-checks,unit-observations/tree0-test-Debug/test.log,4,hash_tests,330376079,705,0,705,pass,0.330376079
36991068435:linux-aarch64-checks,unit-observations/tree0-test-Debug/test.log,5,simd_tests,478944,157,0,157,pass,0.000478944
36991068435:linux-aarch64-checks,unit-observations/tree0-test-Debug/test.log,6,string_tests,14535227580,161612,0,161612,pass,14.53522758
36991068435:linux-aarch64-checks,unit-observations/tree0-test-Debug/test.log,7,os_tests,8750252333,1104,0,1104,pass,8.750252333
36991068435:linux-aarch64-checks,unit-observations/tree0-test-Debug/test.log,8,file_tests,139137174,808,0,808,pass,0.139137174
36991068435:linux-aarch64-checks,unit-observations/tree0-test-Debug/test.log,9,target_tests,15689133,877,0,877,pass,0.015689133
36991068435:linux-aarch64-checks,unit-observations/tree0-test-Debug/test.log,10,truetype_tests,905358469,142,0,142,pass,0.905358469
36991068435:linux-aarch64-checks,unit-observations/tree0-test-Debug/test.log,11,image_tests,14824305,3125,0,3125,pass,0.014824305
36991068435:linux-aarch64-checks,unit-observations/tree0-test-Debug/test.log,12,c_frontend_tests,137883069312,1071377,0,1071377,pass,137.883069312
36991068435:linux-aarch64-checks,unit-observations/tree0-test-Debug/test.log,13,c_once_tests,248889005,47431,0,47431,pass,0.248889005
36991068435:linux-aarch64-checks,unit-observations/tree0-test-Debug/test.log,14,c_type_layout_tests,2914384074,171,0,171,pass,2.914384074
36991068435:linux-aarch64-checks,unit-observations/tree0-test-Debug/test.log,15,c_macro_conditional_tests,336727674,565,0,565,pass,0.336727674
36991068435:linux-aarch64-checks,unit-observations/tree0-test-Debug/test.log,16,record_layout_tests,5435018210,47,0,47,pass,5.43501821
36991068435:linux-aarch64-checks,unit-observations/tree0-test-Debug/test.log,17,metamorphic_tests,7916493401,116,0,116,pass,7.916493401
36991068435:linux-aarch64-checks,unit-observations/tree0-test-Debug/test.log,18,aarch64_encoding_tests,23280116810,236732,0,236732,pass,23.28011681
36991068435:linux-aarch64-checks,unit-observations/tree0-test-Debug/test.log,19,aarch64_exact_bridge_tests,257175,102,0,102,pass,0.000257175
36991068435:linux-aarch64-checks,unit-observations/tree0-test-Debug/test.log,20,aarch64_control_semantics_tests,4813126,3377,0,3377,pass,0.004813126
36991068435:linux-aarch64-checks,unit-observations/tree0-test-Debug/test.log,21,aarch64_system_registers_tests,47630808,108,0,108,pass,0.047630808
36991068435:linux-aarch64-checks,unit-observations/tree0-test-Debug/test.log,22,aarch64_semantics_tests,220243296,215,0,215,pass,0.220243296
36991068435:linux-aarch64-checks,unit-observations/tree0-test-Debug/test.log,23,aarch64_system_semantics_tests,336141866,694,0,694,pass,0.336141866
36991068435:linux-aarch64-checks,unit-observations/tree0-test-Debug/test.log,24,aarch64_syntax_tests,3438758694,112,0,112,pass,3.438758694
36991068435:linux-aarch64-checks,unit-observations/tree0-test-Debug/test.log,25,aarch64_semantic_vm_tests,1810706383,90,0,90,pass,1.810706383
36991068435:linux-aarch64-checks,unit-observations/tree0-test-Debug/test.log,26,aarch64_direct_simd_tests,8580033453,152,0,152,pass,8.580033453
36991068435:linux-aarch64-checks,unit-observations/tree0-test-Debug/test.log,27,aarch64_complex_simd_tests,8633345347,32,0,32,pass,8.633345347
36991068435:linux-aarch64-checks,unit-observations/tree0-test-Debug/test.log,28,aarch64_memory_semantics_tests,33006779279,18,0,18,pass,33.006779279
36991068435:linux-aarch64-checks,unit-observations/tree0-test-Debug/test.log,29,aarch64_alias_projection_tests,8484375,28,0,28,pass,0.008484375
36991068435:linux-aarch64-checks,unit-observations/tree0-test-Debug/test.log,30,assembly_tests,5250097670,7827,0,7827,pass,5.25009767
36991068435:linux-aarch64-checks,unit-observations/tree0-test-Debug/test.log,31,x86_64_forwarding_tests,3851794,13110,0,13110,pass,0.003851794
36991068435:linux-aarch64-checks,unit-observations/tree0-test-Debug/test.log,32,x86_64_metadata_tests,34436232172,1589,0,1589,pass,34.436232172
36991068435:linux-aarch64-checks,unit-observations/tree0-test-Debug/test.log,33,x86_64_tls_tests,223169595,307423,0,307423,pass,0.223169595
36991068435:linux-aarch64-checks,unit-observations/tree0-test-Debug/test.log,34,executable_padding_tests,100468923,33062,0,33062,pass,0.100468923
36991068435:linux-aarch64-checks,unit-observations/tree0-test-Debug/test.log,35,x86_64_got_tests,101322447,156385,0,156385,pass,0.101322447
36991068435:linux-aarch64-checks,unit-observations/tree0-test-Debug/test.log,36,ir_tests,5378449782,351481,0,351481,pass,5.378449782
36991068435:linux-aarch64-checks,unit-observations/tree0-test-Debug/test.log,37,vector_contract_tests,2059052206,3376,0,3376,pass,2.059052206
36991068435:linux-aarch64-checks,unit-observations/tree0-test-Debug/test.log,38,llvm_bitcode_tests,3441200427,132440,0,132440,pass,3.441200427
36991068435:linux-aarch64-checks,unit-observations/tree0-test-Debug/test.log,39,machine_selection_tests,56854505,631,0,631,pass,0.056854505
36991068435:linux-aarch64-checks,unit-observations/tree0-test-Debug/test.log,40,machine_tests,26806807731,510548,0,510548,pass,26.806807731
36991068435:linux-aarch64-checks,unit-observations/tree0-test-Debug/test.log,41,codegen_tests,4245188666,10331,0,10331,pass,4.245188666
36991068435:linux-aarch64-checks,unit-observations/tree0-test-Debug/test.log,42,aarch64_stride_tests,40492806,98,0,98,pass,0.040492806
36991068435:linux-aarch64-checks,unit-observations/tree0-test-Debug/test.log,43,debug_model_tests,219737159,716,0,716,pass,0.219737159
36991068435:linux-aarch64-checks,unit-observations/tree0-test-Debug/test.log,44,dwarf_tests,1659999,110,0,110,pass,0.001659999
36991068435:linux-aarch64-checks,unit-observations/tree0-test-Debug/test.log,45,codeview_tests,95024289,46748,0,46748,pass,0.095024289
36991068435:linux-aarch64-checks,unit-observations/tree0-test-Debug/test.log,46,pdb_tests,1057011705,24848,0,24848,pass,1.057011705
36991068435:linux-aarch64-checks,unit-observations/tree0-test-Debug/test.log,47,object_tests,7580601953,125572,0,125572,pass,7.580601953
36991068435:linux-aarch64-checks,unit-observations/tree0-test-Debug/test.log,48,jit_tests,479106,116,0,116,pass,0.000479106
36991068435:linux-aarch64-checks,unit-observations/tree0-test-Debug/test.log,49,link_tests,10092938853,147882,0,147882,pass,10.092938853
36991068435:linux-aarch64-checks,unit-observations/tree0-test-Debug/test.log,50,gpu_pipeline_tests,110445832,231,0,231,pass,0.110445832
36991068435:linux-aarch64-checks,unit-observations/tree0-test-Debug/test.log,51,compiler_diagnostic_tests,673576938,541,0,541,pass,0.673576938
36991068435:linux-aarch64-checks,unit-observations/tree0-test-Debug/test.log,53,compiler_driver_object_path_tests,143576050,39,0,39,pass,0.14357605
36991068435:linux-aarch64-checks,unit-observations/tree1-test-Release/test.log,52,compiler_driver_tests,129874796336,44638,0,44638,pass,129.874796336
36991068435:linux-aarch64-checks,unit-observations/tree1-test-Release/test.log,0,byte_writer_tests,35681,484,0,484,pass,3.5681e-05
36991068435:linux-aarch64-checks,unit-observations/tree1-test-Release/test.log,1,arena_tests,292446540,141,0,141,pass,0.29244654
36991068435:linux-aarch64-checks,unit-observations/tree1-test-Release/test.log,2,integer_tests,59544093,1526605,0,1526605,pass,0.059544093
36991068435:linux-aarch64-checks,unit-observations/tree1-test-Release/test.log,3,sanitizer_tests,324722650,30,0,30,pass,0.32472265
36991068435:linux-aarch64-checks,unit-observations/tree1-test-Release/test.log,4,hash_tests,4886588,705,0,705,pass,0.004886588
36991068435:linux-aarch64-checks,unit-observations/tree1-test-Release/test.log,5,simd_tests,21392,157,0,157,pass,2.1392e-05
36991068435:linux-aarch64-checks,unit-observations/tree1-test-Release/test.log,6,string_tests,2193261064,161612,0,161612,pass,2.193261064
36991068435:linux-aarch64-checks,unit-observations/tree1-test-Release/test.log,7,os_tests,5112100776,1104,0,1104,pass,5.112100776
36991068435:linux-aarch64-checks,unit-observations/tree1-test-Release/test.log,8,file_tests,63276010,808,0,808,pass,0.06327601
36991068435:linux-aarch64-checks,unit-observations/tree1-test-Release/test.log,9,target_tests,1282166,877,0,877,pass,0.001282166
36991068435:linux-aarch64-checks,unit-observations/tree1-test-Release/test.log,10,truetype_tests,38443020,142,0,142,pass,0.03844302
36991068435:linux-aarch64-checks,unit-observations/tree1-test-Release/test.log,11,image_tests,1715944,3125,0,3125,pass,0.001715944
36991068435:linux-aarch64-checks,unit-observations/tree1-test-Release/test.log,12,c_frontend_tests,13588631856,1071377,0,1071377,pass,13.588631856
36991068435:linux-aarch64-checks,unit-observations/tree1-test-Release/test.log,13,c_once_tests,26044536,47431,0,47431,pass,0.026044536
36991068435:linux-aarch64-checks,unit-observations/tree1-test-Release/test.log,14,c_type_layout_tests,327034931,171,0,171,pass,0.327034931
36991068435:linux-aarch64-checks,unit-observations/tree1-test-Release/test.log,15,c_macro_conditional_tests,49782144,565,0,565,pass,0.049782144
36991068435:linux-aarch64-checks,unit-observations/tree1-test-Release/test.log,16,record_layout_tests,597734351,47,0,47,pass,0.597734351
36991068435:linux-aarch64-checks,unit-observations/tree1-test-Release/test.log,17,metamorphic_tests,3008003834,116,0,116,pass,3.008003834
36991068435:linux-aarch64-checks,unit-observations/tree1-test-Release/test.log,18,aarch64_encoding_tests,1238359206,236732,0,236732,pass,1.238359206
36991068435:linux-aarch64-checks,unit-observations/tree1-test-Release/test.log,19,aarch64_exact_bridge_tests,25344,102,0,102,pass,2.5344e-05
36991068435:linux-aarch64-checks,unit-observations/tree1-test-Release/test.log,20,aarch64_control_semantics_tests,418120,3377,0,3377,pass,0.00041812
36991068435:linux-aarch64-checks,unit-observations/tree1-test-Release/test.log,21,aarch64_system_registers_tests,2535015,108,0,108,pass,0.002535015
36991068435:linux-aarch64-checks,unit-observations/tree1-test-Release/test.log,22,aarch64_semantics_tests,18180938,215,0,215,pass,0.018180938
36991068435:linux-aarch64-checks,unit-observations/tree1-test-Release/test.log,23,aarch64_system_semantics_tests,16807960,694,0,694,pass,0.01680796
36991068435:linux-aarch64-checks,unit-observations/tree1-test-Release/test.log,24,aarch64_syntax_tests,160297660,112,0,112,pass,0.16029766
36991068435:linux-aarch64-checks,unit-observations/tree1-test-Release/test.log,25,aarch64_semantic_vm_tests,146994429,90,0,90,pass,0.146994429
36991068435:linux-aarch64-checks,unit-observations/tree1-test-Release/test.log,26,aarch64_direct_simd_tests,353671151,152,0,152,pass,0.353671151
36991068435:linux-aarch64-checks,unit-observations/tree1-test-Release/test.log,27,aarch64_complex_simd_tests,455977517,32,0,32,pass,0.455977517
36991068435:linux-aarch64-checks,unit-observations/tree1-test-Release/test.log,28,aarch64_memory_semantics_tests,1954664987,18,0,18,pass,1.954664987
36991068435:linux-aarch64-checks,unit-observations/tree1-test-Release/test.log,29,aarch64_alias_projection_tests,788719,28,0,28,pass,0.000788719
36991068435:linux-aarch64-checks,unit-observations/tree1-test-Release/test.log,30,assembly_tests,583849535,7827,0,7827,pass,0.583849535
36991068435:linux-aarch64-checks,unit-observations/tree1-test-Release/test.log,31,x86_64_forwarding_tests,880289,13110,0,13110,pass,0.000880289
36991068435:linux-aarch64-checks,unit-observations/tree1-test-Release/test.log,32,x86_64_metadata_tests,2708327868,1589,0,1589,pass,2.708327868
36991068435:linux-aarch64-checks,unit-observations/tree1-test-Release/test.log,33,x86_64_tls_tests,17327721,307423,0,307423,pass,0.017327721
36991068435:linux-aarch64-checks,unit-observations/tree1-test-Release/test.log,34,executable_padding_tests,6490293,33062,0,33062,pass,0.006490293
36991068435:linux-aarch64-checks,unit-observations/tree1-test-Release/test.log,35,x86_64_got_tests,10709329,156385,0,156385,pass,0.010709329
36991068435:linux-aarch64-checks,unit-observations/tree1-test-Release/test.log,36,ir_tests,240078117,351481,0,351481,pass,0.240078117
36991068435:linux-aarch64-checks,unit-observations/tree1-test-Release/test.log,37,vector_contract_tests,241066570,3376,0,3376,pass,0.24106657
36991068435:linux-aarch64-checks,unit-observations/tree1-test-Release/test.log,38,llvm_bitcode_tests,1897274766,132440,0,132440,pass,1.897274766
36991068435:linux-aarch64-checks,unit-observations/tree1-test-Release/test.log,39,machine_selection_tests,5965764,631,0,631,pass,0.005965764
36991068435:linux-aarch64-checks,unit-observations/tree1-test-Release/test.log,40,machine_tests,2378091744,510548,0,510548,pass,2.378091744
36991068435:linux-aarch64-checks,unit-observations/tree1-test-Release/test.log,41,codegen_tests,372240041,10331,0,10331,pass,0.372240041
36991068435:linux-aarch64-checks,unit-observations/tree1-test-Release/test.log,42,aarch64_stride_tests,4368836,98,0,98,pass,0.004368836
36991068435:linux-aarch64-checks,unit-observations/tree1-test-Release/test.log,43,debug_model_tests,10339627,716,0,716,pass,0.010339627
36991068435:linux-aarch64-checks,unit-observations/tree1-test-Release/test.log,44,dwarf_tests,186532,110,0,110,pass,0.000186532
36991068435:linux-aarch64-checks,unit-observations/tree1-test-Release/test.log,45,codeview_tests,7112327,46748,0,46748,pass,0.007112327
36991068435:linux-aarch64-checks,unit-observations/tree1-test-Release/test.log,46,pdb_tests,683609045,24848,0,24848,pass,0.683609045
36991068435:linux-aarch64-checks,unit-observations/tree1-test-Release/test.log,47,object_tests,391276459,125570,0,125570,pass,0.391276459
36991068435:linux-aarch64-checks,unit-observations/tree1-test-Release/test.log,48,jit_tests,154707,116,0,116,pass,0.000154707
36991068435:linux-aarch64-checks,unit-observations/tree1-test-Release/test.log,49,link_tests,791822948,147882,0,147882,pass,0.791822948
36991068435:linux-aarch64-checks,unit-observations/tree1-test-Release/test.log,50,gpu_pipeline_tests,106154979,231,0,231,pass,0.106154979
36991068435:linux-aarch64-checks,unit-observations/tree1-test-Release/test.log,51,compiler_diagnostic_tests,160286251,541,0,541,pass,0.160286251
36991068435:linux-aarch64-checks,unit-observations/tree1-test-Release/test.log,53,compiler_driver_object_path_tests,21652161,39,0,39,pass,0.021652161
36991068435:linux-aarch64-release,unit-observations/tree0-test-Release/test.log,0,byte_writer_tests,27737,484,0,484,pass,2.7737e-05
36991068435:linux-aarch64-release,unit-observations/tree0-test-Release/test.log,1,arena_tests,101390628,137,0,137,pass,0.101390628
36991068435:linux-aarch64-release,unit-observations/tree0-test-Release/test.log,2,integer_tests,158625083,1526605,0,1526605,pass,0.158625083
36991068435:linux-aarch64-release,unit-observations/tree0-test-Release/test.log,3,sanitizer_tests,5824,1,0,1,pass,5.824e-06
36991068435:linux-aarch64-release,unit-observations/tree0-test-Release/test.log,4,hash_tests,4310674,705,0,705,pass,0.004310674
36991068435:linux-aarch64-release,unit-observations/tree0-test-Release/test.log,5,simd_tests,34457,157,0,157,pass,3.4457e-05
36991068435:linux-aarch64-release,unit-observations/tree0-test-Release/test.log,6,string_tests,1688587683,161612,0,161612,pass,1.688587683
36991068435:linux-aarch64-release,unit-observations/tree0-test-Release/test.log,7,os_tests,4579220793,1104,0,1104,pass,4.579220793
36991068435:linux-aarch64-release,unit-observations/tree0-test-Release/test.log,8,file_tests,44024730,808,0,808,pass,0.04402473
36991068435:linux-aarch64-release,unit-observations/tree0-test-Release/test.log,9,target_tests,550715,877,0,877,pass,0.000550715
36991068435:linux-aarch64-release,unit-observations/tree0-test-Release/test.log,10,truetype_tests,61695135,142,0,142,pass,0.061695135
36991068435:linux-aarch64-release,unit-observations/tree0-test-Release/test.log,11,image_tests,1379815,3125,0,3125,pass,0.001379815
36991068435:linux-aarch64-release,unit-observations/tree0-test-Release/test.log,12,c_frontend_tests,14077724219,1071377,0,1071377,pass,14.077724219
36991068435:linux-aarch64-release,unit-observations/tree0-test-Release/test.log,13,c_once_tests,23420548,47431,0,47431,pass,0.023420548
36991068435:linux-aarch64-release,unit-observations/tree0-test-Release/test.log,14,c_type_layout_tests,202872355,171,0,171,pass,0.202872355
36991068435:linux-aarch64-release,unit-observations/tree0-test-Release/test.log,15,c_macro_conditional_tests,45374335,565,0,565,pass,0.045374335
36991068435:linux-aarch64-release,unit-observations/tree0-test-Release/test.log,16,record_layout_tests,371081264,47,0,47,pass,0.371081264
36991068435:linux-aarch64-release,unit-observations/tree0-test-Release/test.log,17,metamorphic_tests,1075642136,116,0,116,pass,1.075642136
36991068435:linux-aarch64-release,unit-observations/tree0-test-Release/test.log,18,aarch64_encoding_tests,5144534614,236732,0,236732,pass,5.144534614
36991068435:linux-aarch64-release,unit-observations/tree0-test-Release/test.log,19,aarch64_exact_bridge_tests,43737,102,0,102,pass,4.3737e-05
36991068435:linux-aarch64-release,unit-observations/tree0-test-Release/test.log,20,aarch64_control_semantics_tests,512546,3377,0,3377,pass,0.000512546
36991068435:linux-aarch64-release,unit-observations/tree0-test-Release/test.log,21,aarch64_system_registers_tests,4610851,108,0,108,pass,0.004610851
36991068435:linux-aarch64-release,unit-observations/tree0-test-Release/test.log,22,aarch64_semantics_tests,51161114,215,0,215,pass,0.051161114
36991068435:linux-aarch64-release,unit-observations/tree0-test-Release/test.log,23,aarch64_system_semantics_tests,74948395,694,0,694,pass,0.074948395
36991068435:linux-aarch64-release,unit-observations/tree0-test-Release/test.log,24,aarch64_syntax_tests,694481140,112,0,112,pass,0.69448114
36991068435:linux-aarch64-release,unit-observations/tree0-test-Release/test.log,25,aarch64_semantic_vm_tests,327038499,90,0,90,pass,0.327038499
36991068435:linux-aarch64-release,unit-observations/tree0-test-Release/test.log,26,aarch64_direct_simd_tests,678832658,152,0,152,pass,0.678832658
36991068435:linux-aarch64-release,unit-observations/tree0-test-Release/test.log,27,aarch64_complex_simd_tests,830890932,32,0,32,pass,0.830890932
36991068435:linux-aarch64-release,unit-observations/tree0-test-Release/test.log,28,aarch64_memory_semantics_tests,2943540660,18,0,18,pass,2.94354066
36991068435:linux-aarch64-release,unit-observations/tree0-test-Release/test.log,29,aarch64_alias_projection_tests,554577,28,0,28,pass,0.000554577
36991068435:linux-aarch64-release,unit-observations/tree0-test-Release/test.log,30,assembly_tests,492907655,7830,0,7830,pass,0.492907655
36991068435:linux-aarch64-release,unit-observations/tree0-test-Release/test.log,31,x86_64_forwarding_tests,503769,13110,0,13110,pass,0.000503769
36991068435:linux-aarch64-release,unit-observations/tree0-test-Release/test.log,32,x86_64_metadata_tests,3865922525,1589,0,1589,pass,3.865922525
36991068435:linux-aarch64-release,unit-observations/tree0-test-Release/test.log,33,x86_64_tls_tests,51146271,307423,0,307423,pass,0.051146271
36991068435:linux-aarch64-release,unit-observations/tree0-test-Release/test.log,34,executable_padding_tests,36002401,33062,0,33062,pass,0.036002401
36991068435:linux-aarch64-release,unit-observations/tree0-test-Release/test.log,35,x86_64_got_tests,10824623,156385,0,156385,pass,0.010824623
36991068435:linux-aarch64-release,unit-observations/tree0-test-Release/test.log,36,ir_tests,629643880,351481,0,351481,pass,0.62964388
36991068435:linux-aarch64-release,unit-observations/tree0-test-Release/test.log,37,vector_contract_tests,177707090,3376,0,3376,pass,0.17770709
36991068435:linux-aarch64-release,unit-observations/tree0-test-Release/test.log,38,llvm_bitcode_tests,1724418875,132440,0,132440,pass,1.724418875
36991068435:linux-aarch64-release,unit-observations/tree0-test-Release/test.log,39,machine_selection_tests,4721565,631,0,631,pass,0.004721565
36991068435:linux-aarch64-release,unit-observations/tree0-test-Release/test.log,40,machine_tests,2856273755,514555,0,514555,pass,2.856273755
36991068435:linux-aarch64-release,unit-observations/tree0-test-Release/test.log,41,codegen_tests,509933122,10547,0,10547,pass,0.509933122
36991068435:linux-aarch64-release,unit-observations/tree0-test-Release/test.log,42,aarch64_stride_tests,3696859,98,0,98,pass,0.003696859
36991068435:linux-aarch64-release,unit-observations/tree0-test-Release/test.log,43,debug_model_tests,26251627,716,0,716,pass,0.026251627
36991068435:linux-aarch64-release,unit-observations/tree0-test-Release/test.log,44,dwarf_tests,189623,110,0,110,pass,0.000189623
36991068435:linux-aarch64-release,unit-observations/tree0-test-Release/test.log,45,codeview_tests,6863364,46748,0,46748,pass,0.006863364
36991068435:linux-aarch64-release,unit-observations/tree0-test-Release/test.log,46,pdb_tests,594555742,24848,0,24848,pass,0.594555742
36991068435:linux-aarch64-release,unit-observations/tree0-test-Release/test.log,47,object_tests,754928151,125574,0,125574,pass,0.754928151
36991068435:linux-aarch64-release,unit-observations/tree0-test-Release/test.log,48,jit_tests,159029,136,0,136,pass,0.000159029
36991068435:linux-aarch64-release,unit-observations/tree0-test-Release/test.log,49,link_tests,2165523826,147925,0,147925,pass,2.165523826
36991068435:linux-aarch64-release,unit-observations/tree0-test-Release/test.log,50,gpu_pipeline_tests,104911548,231,0,231,pass,0.104911548
36991068435:linux-aarch64-release,unit-observations/tree0-test-Release/test.log,51,compiler_diagnostic_tests,79457062,541,0,541,pass,0.079457062
36991068435:linux-aarch64-release,unit-observations/tree0-test-Release/test.log,52,compiler_driver_tests,139521524522,46482,0,46482,pass,139.521524522
36991068435:linux-aarch64-release,unit-observations/tree0-test-Release/test.log,53,compiler_driver_object_path_tests,16276780,39,0,39,pass,0.01627678
36996168725:linux-aarch64-release,unit-observations/tree0-test-Release/test.log,0,byte_writer_tests,27009,484,0,484,pass,2.7009e-05
36996168725:linux-aarch64-release,unit-observations/tree0-test-Release/test.log,1,arena_tests,87151809,137,0,137,pass,0.087151809
36996168725:linux-aarch64-release,unit-observations/tree0-test-Release/test.log,2,integer_tests,158871518,1526605,0,1526605,pass,0.158871518
36996168725:linux-aarch64-release,unit-observations/tree0-test-Release/test.log,3,sanitizer_tests,5153,1,0,1,pass,5.153e-06
36996168725:linux-aarch64-release,unit-observations/tree0-test-Release/test.log,4,hash_tests,4317493,705,0,705,pass,0.004317493
36996168725:linux-aarch64-release,unit-observations/tree0-test-Release/test.log,5,simd_tests,34089,157,0,157,pass,3.4089e-05
36996168725:linux-aarch64-release,unit-observations/tree0-test-Release/test.log,6,string_tests,1664137052,161612,0,161612,pass,1.664137052
36996168725:linux-aarch64-release,unit-observations/tree0-test-Release/test.log,7,os_tests,4544645750,1104,0,1104,pass,4.54464575
36996168725:linux-aarch64-release,unit-observations/tree0-test-Release/test.log,8,file_tests,45512699,808,0,808,pass,0.045512699
36996168725:linux-aarch64-release,unit-observations/tree0-test-Release/test.log,9,target_tests,547188,877,0,877,pass,0.000547188
36996168725:linux-aarch64-release,unit-observations/tree0-test-Release/test.log,10,truetype_tests,61759859,142,0,142,pass,0.061759859
36996168725:linux-aarch64-release,unit-observations/tree0-test-Release/test.log,11,image_tests,1372866,3125,0,3125,pass,0.001372866
36996168725:linux-aarch64-release,unit-observations/tree0-test-Release/test.log,12,c_frontend_tests,14278265386,1071377,0,1071377,pass,14.278265386
36996168725:linux-aarch64-release,unit-observations/tree0-test-Release/test.log,13,c_once_tests,23892656,47431,0,47431,pass,0.023892656
36996168725:linux-aarch64-release,unit-observations/tree0-test-Release/test.log,14,c_type_layout_tests,206721573,171,0,171,pass,0.206721573
36996168725:linux-aarch64-release,unit-observations/tree0-test-Release/test.log,15,c_macro_conditional_tests,46423070,565,0,565,pass,0.04642307
36996168725:linux-aarch64-release,unit-observations/tree0-test-Release/test.log,16,record_layout_tests,372299741,47,0,47,pass,0.372299741
36996168725:linux-aarch64-release,unit-observations/tree0-test-Release/test.log,17,metamorphic_tests,1056019050,116,0,116,pass,1.05601905
36996168725:linux-aarch64-release,unit-observations/tree0-test-Release/test.log,18,aarch64_encoding_tests,5141925467,236732,0,236732,pass,5.141925467
36996168725:linux-aarch64-release,unit-observations/tree0-test-Release/test.log,19,aarch64_exact_bridge_tests,45929,102,0,102,pass,4.5929e-05
36996168725:linux-aarch64-release,unit-observations/tree0-test-Release/test.log,20,aarch64_control_semantics_tests,517763,3377,0,3377,pass,0.000517763
36996168725:linux-aarch64-release,unit-observations/tree0-test-Release/test.log,21,aarch64_system_registers_tests,4594960,108,0,108,pass,0.00459496
36996168725:linux-aarch64-release,unit-observations/tree0-test-Release/test.log,22,aarch64_semantics_tests,51212262,215,0,215,pass,0.051212262
36996168725:linux-aarch64-release,unit-observations/tree0-test-Release/test.log,23,aarch64_system_semantics_tests,75112174,694,0,694,pass,0.075112174
36996168725:linux-aarch64-release,unit-observations/tree0-test-Release/test.log,24,aarch64_syntax_tests,694498015,112,0,112,pass,0.694498015
36996168725:linux-aarch64-release,unit-observations/tree0-test-Release/test.log,25,aarch64_semantic_vm_tests,327390055,90,0,90,pass,0.327390055
36996168725:linux-aarch64-release,unit-observations/tree0-test-Release/test.log,26,aarch64_direct_simd_tests,704499716,152,0,152,pass,0.704499716
36996168725:linux-aarch64-release,unit-observations/tree0-test-Release/test.log,27,aarch64_complex_simd_tests,876475145,32,0,32,pass,0.876475145
36996168725:linux-aarch64-release,unit-observations/tree0-test-Release/test.log,28,aarch64_memory_semantics_tests,2977594705,18,0,18,pass,2.977594705
36996168725:linux-aarch64-release,unit-observations/tree0-test-Release/test.log,29,aarch64_alias_projection_tests,567381,28,0,28,pass,0.000567381
36996168725:linux-aarch64-release,unit-observations/tree0-test-Release/test.log,30,assembly_tests,490592718,7830,0,7830,pass,0.490592718
36996168725:linux-aarch64-release,unit-observations/tree0-test-Release/test.log,31,x86_64_forwarding_tests,500914,13110,0,13110,pass,0.000500914
36996168725:linux-aarch64-release,unit-observations/tree0-test-Release/test.log,32,x86_64_metadata_tests,3873223730,1589,0,1589,pass,3.87322373
36996168725:linux-aarch64-release,unit-observations/tree0-test-Release/test.log,33,x86_64_tls_tests,51175330,307423,0,307423,pass,0.05117533
36996168725:linux-aarch64-release,unit-observations/tree0-test-Release/test.log,34,executable_padding_tests,35420956,33062,0,33062,pass,0.035420956
36996168725:linux-aarch64-release,unit-observations/tree0-test-Release/test.log,35,x86_64_got_tests,10842820,156385,0,156385,pass,0.01084282
36996168725:linux-aarch64-release,unit-observations/tree0-test-Release/test.log,36,ir_tests,635911648,351481,0,351481,pass,0.635911648
36996168725:linux-aarch64-release,unit-observations/tree0-test-Release/test.log,37,vector_contract_tests,181933665,3376,0,3376,pass,0.181933665
36996168725:linux-aarch64-release,unit-observations/tree0-test-Release/test.log,38,llvm_bitcode_tests,1667659323,132440,0,132440,pass,1.667659323
36996168725:linux-aarch64-release,unit-observations/tree0-test-Release/test.log,39,machine_selection_tests,4607335,631,0,631,pass,0.004607335
36996168725:linux-aarch64-release,unit-observations/tree0-test-Release/test.log,40,machine_tests,2836997197,514555,0,514555,pass,2.836997197
36996168725:linux-aarch64-release,unit-observations/tree0-test-Release/test.log,41,codegen_tests,506837732,10547,0,10547,pass,0.506837732
36996168725:linux-aarch64-release,unit-observations/tree0-test-Release/test.log,42,aarch64_stride_tests,3724111,98,0,98,pass,0.003724111
36996168725:linux-aarch64-release,unit-observations/tree0-test-Release/test.log,43,debug_model_tests,26213185,716,0,716,pass,0.026213185
36996168725:linux-aarch64-release,unit-observations/tree0-test-Release/test.log,44,dwarf_tests,187527,110,0,110,pass,0.000187527
36996168725:linux-aarch64-release,unit-observations/tree0-test-Release/test.log,45,codeview_tests,6917636,46748,0,46748,pass,0.006917636
36996168725:linux-aarch64-release,unit-observations/tree0-test-Release/test.log,46,pdb_tests,584689690,24848,0,24848,pass,0.58468969
36996168725:linux-aarch64-release,unit-observations/tree0-test-Release/test.log,47,object_tests,754563635,125574,0,125574,pass,0.754563635
36996168725:linux-aarch64-release,unit-observations/tree0-test-Release/test.log,48,jit_tests,136909,136,0,136,pass,0.000136909
36996168725:linux-aarch64-release,unit-observations/tree0-test-Release/test.log,49,link_tests,2163445476,147925,0,147925,pass,2.163445476
36996168725:linux-aarch64-release,unit-observations/tree0-test-Release/test.log,50,gpu_pipeline_tests,104838452,231,0,231,pass,0.104838452
36996168725:linux-aarch64-release,unit-observations/tree0-test-Release/test.log,51,compiler_diagnostic_tests,67744776,541,0,541,pass,0.067744776
36996168725:linux-aarch64-release,unit-observations/tree0-test-Release/test.log,52,compiler_driver_tests,140095258394,46482,0,46482,pass,140.095258394
36996168725:linux-aarch64-release,unit-observations/tree0-test-Release/test.log,53,compiler_driver_object_path_tests,16474896,39,0,39,pass,0.016474896
36996168725:linux-aarch64-sanitized-debug,unit-observations/tree0-test-Debug/test.log,52,compiler_driver_tests,653264991285,44638,0,44638,pass,653.264991285
36996168725:linux-aarch64-sanitized-debug,unit-observations/tree0-test-Debug/test.log,0,byte_writer_tests,147231,484,0,484,pass,0.000147231
36996168725:linux-aarch64-sanitized-debug,unit-observations/tree0-test-Debug/test.log,1,arena_tests,556947629,141,0,141,pass,0.556947629
36996168725:linux-aarch64-sanitized-debug,unit-observations/tree0-test-Debug/test.log,2,integer_tests,1031201020,1526605,0,1526605,pass,1.03120102
36996168725:linux-aarch64-sanitized-debug,unit-observations/tree0-test-Debug/test.log,3,sanitizer_tests,393259734,30,0,30,pass,0.393259734
36996168725:linux-aarch64-sanitized-debug,unit-observations/tree0-test-Debug/test.log,4,hash_tests,277776891,705,0,705,pass,0.277776891
36996168725:linux-aarch64-sanitized-debug,unit-observations/tree0-test-Debug/test.log,5,simd_tests,471722,157,0,157,pass,0.000471722
36996168725:linux-aarch64-sanitized-debug,unit-observations/tree0-test-Debug/test.log,6,string_tests,11669333370,161612,0,161612,pass,11.66933337
36996168725:linux-aarch64-sanitized-debug,unit-observations/tree0-test-Debug/test.log,7,os_tests,7852869764,1104,0,1104,pass,7.852869764
36996168725:linux-aarch64-sanitized-debug,unit-observations/tree0-test-Debug/test.log,8,file_tests,133064761,808,0,808,pass,0.133064761
36996168725:linux-aarch64-sanitized-debug,unit-observations/tree0-test-Debug/test.log,9,target_tests,8870777,877,0,877,pass,0.008870777
36996168725:linux-aarch64-sanitized-debug,unit-observations/tree0-test-Debug/test.log,10,truetype_tests,898223462,142,0,142,pass,0.898223462
36996168725:linux-aarch64-sanitized-debug,unit-observations/tree0-test-Debug/test.log,11,image_tests,15081962,3125,0,3125,pass,0.015081962
36996168725:linux-aarch64-sanitized-debug,unit-observations/tree0-test-Debug/test.log,12,c_frontend_tests,133899437589,1071377,0,1071377,pass,133.899437589
36996168725:linux-aarch64-sanitized-debug,unit-observations/tree0-test-Debug/test.log,13,c_once_tests,246810355,47431,0,47431,pass,0.246810355
36996168725:linux-aarch64-sanitized-debug,unit-observations/tree0-test-Debug/test.log,14,c_type_layout_tests,2818074980,171,0,171,pass,2.81807498
36996168725:linux-aarch64-sanitized-debug,unit-observations/tree0-test-Debug/test.log,15,c_macro_conditional_tests,326971166,565,0,565,pass,0.326971166
36996168725:linux-aarch64-sanitized-debug,unit-observations/tree0-test-Debug/test.log,16,record_layout_tests,5315345382,47,0,47,pass,5.315345382
36996168725:linux-aarch64-sanitized-debug,unit-observations/tree0-test-Debug/test.log,17,metamorphic_tests,7267664716,116,0,116,pass,7.267664716
36996168725:linux-aarch64-sanitized-debug,unit-observations/tree0-test-Debug/test.log,18,aarch64_encoding_tests,23091482253,236732,0,236732,pass,23.091482253
36996168725:linux-aarch64-sanitized-debug,unit-observations/tree0-test-Debug/test.log,19,aarch64_exact_bridge_tests,247529,102,0,102,pass,0.000247529
36996168725:linux-aarch64-sanitized-debug,unit-observations/tree0-test-Debug/test.log,20,aarch64_control_semantics_tests,4808013,3377,0,3377,pass,0.004808013
36996168725:linux-aarch64-sanitized-debug,unit-observations/tree0-test-Debug/test.log,21,aarch64_system_registers_tests,47569673,108,0,108,pass,0.047569673
36996168725:linux-aarch64-sanitized-debug,unit-observations/tree0-test-Debug/test.log,22,aarch64_semantics_tests,220948774,215,0,215,pass,0.220948774
36996168725:linux-aarch64-sanitized-debug,unit-observations/tree0-test-Debug/test.log,23,aarch64_system_semantics_tests,336750856,694,0,694,pass,0.336750856
36996168725:linux-aarch64-sanitized-debug,unit-observations/tree0-test-Debug/test.log,24,aarch64_syntax_tests,3444413629,112,0,112,pass,3.444413629
36996168725:linux-aarch64-sanitized-debug,unit-observations/tree0-test-Debug/test.log,25,aarch64_semantic_vm_tests,1810809814,90,0,90,pass,1.810809814
36996168725:linux-aarch64-sanitized-debug,unit-observations/tree0-test-Debug/test.log,26,aarch64_direct_simd_tests,8110766031,152,0,152,pass,8.110766031
36996168725:linux-aarch64-sanitized-debug,unit-observations/tree0-test-Debug/test.log,27,aarch64_complex_simd_tests,8427266062,32,0,32,pass,8.427266062
36996168725:linux-aarch64-sanitized-debug,unit-observations/tree0-test-Debug/test.log,28,aarch64_memory_semantics_tests,32144510458,18,0,18,pass,32.144510458
36996168725:linux-aarch64-sanitized-debug,unit-observations/tree0-test-Debug/test.log,29,aarch64_alias_projection_tests,9409891,28,0,28,pass,0.009409891
36996168725:linux-aarch64-sanitized-debug,unit-observations/tree0-test-Debug/test.log,30,assembly_tests,5196639861,7827,0,7827,pass,5.196639861
36996168725:linux-aarch64-sanitized-debug,unit-observations/tree0-test-Debug/test.log,31,x86_64_forwarding_tests,3813293,13110,0,13110,pass,0.003813293
36996168725:linux-aarch64-sanitized-debug,unit-observations/tree0-test-Debug/test.log,32,x86_64_metadata_tests,34166914557,1589,0,1589,pass,34.166914557
36996168725:linux-aarch64-sanitized-debug,unit-observations/tree0-test-Debug/test.log,33,x86_64_tls_tests,223610018,307423,0,307423,pass,0.223610018
36996168725:linux-aarch64-sanitized-debug,unit-observations/tree0-test-Debug/test.log,34,executable_padding_tests,100392505,33062,0,33062,pass,0.100392505
36996168725:linux-aarch64-sanitized-debug,unit-observations/tree0-test-Debug/test.log,35,x86_64_got_tests,101181106,156385,0,156385,pass,0.101181106
36996168725:linux-aarch64-sanitized-debug,unit-observations/tree0-test-Debug/test.log,36,ir_tests,5324843497,351481,0,351481,pass,5.324843497
36996168725:linux-aarch64-sanitized-debug,unit-observations/tree0-test-Debug/test.log,37,vector_contract_tests,1962836818,3376,0,3376,pass,1.962836818
36996168725:linux-aarch64-sanitized-debug,unit-observations/tree0-test-Debug/test.log,38,llvm_bitcode_tests,3271915811,132440,0,132440,pass,3.271915811
36996168725:linux-aarch64-sanitized-debug,unit-observations/tree0-test-Debug/test.log,39,machine_selection_tests,54475529,631,0,631,pass,0.054475529
36996168725:linux-aarch64-sanitized-debug,unit-observations/tree0-test-Debug/test.log,40,machine_tests,26306933065,510548,0,510548,pass,26.306933065
36996168725:linux-aarch64-sanitized-debug,unit-observations/tree0-test-Debug/test.log,41,codegen_tests,4113431089,10331,0,10331,pass,4.113431089
36996168725:linux-aarch64-sanitized-debug,unit-observations/tree0-test-Debug/test.log,42,aarch64_stride_tests,38186583,98,0,98,pass,0.038186583
36996168725:linux-aarch64-sanitized-debug,unit-observations/tree0-test-Debug/test.log,43,debug_model_tests,219275834,716,0,716,pass,0.219275834
36996168725:linux-aarch64-sanitized-debug,unit-observations/tree0-test-Debug/test.log,44,dwarf_tests,1632244,110,0,110,pass,0.001632244
36996168725:linux-aarch64-sanitized-debug,unit-observations/tree0-test-Debug/test.log,45,codeview_tests,94923384,46748,0,46748,pass,0.094923384
36996168725:linux-aarch64-sanitized-debug,unit-observations/tree0-test-Debug/test.log,46,pdb_tests,1030246440,24848,0,24848,pass,1.03024644
36996168725:linux-aarch64-sanitized-debug,unit-observations/tree0-test-Debug/test.log,47,object_tests,7557254100,125572,0,125572,pass,7.5572541
36996168725:linux-aarch64-sanitized-debug,unit-observations/tree0-test-Debug/test.log,48,jit_tests,520457,116,0,116,pass,0.000520457
36996168725:linux-aarch64-sanitized-debug,unit-observations/tree0-test-Debug/test.log,49,link_tests,10032151746,147882,0,147882,pass,10.032151746
36996168725:linux-aarch64-sanitized-debug,unit-observations/tree0-test-Debug/test.log,50,gpu_pipeline_tests,110296942,231,0,231,pass,0.110296942
36996168725:linux-aarch64-sanitized-debug,unit-observations/tree0-test-Debug/test.log,51,compiler_diagnostic_tests,636394745,541,0,541,pass,0.636394745
36996168725:linux-aarch64-sanitized-debug,unit-observations/tree0-test-Debug/test.log,53,compiler_driver_object_path_tests,138690186,39,0,39,pass,0.138690186
36996168725:linux-aarch64-sanitized-release,unit-observations/tree0-test-Release/test.log,52,compiler_driver_tests,127310091839,44638,0,44638,pass,127.310091839
36996168725:linux-aarch64-sanitized-release,unit-observations/tree0-test-Release/test.log,0,byte_writer_tests,27033,484,0,484,pass,2.7033e-05
36996168725:linux-aarch64-sanitized-release,unit-observations/tree0-test-Release/test.log,1,arena_tests,245670511,141,0,141,pass,0.245670511
36996168725:linux-aarch64-sanitized-release,unit-observations/tree0-test-Release/test.log,2,integer_tests,59380276,1526605,0,1526605,pass,0.059380276
36996168725:linux-aarch64-sanitized-release,unit-observations/tree0-test-Release/test.log,3,sanitizer_tests,346881911,30,0,30,pass,0.346881911
36996168725:linux-aarch64-sanitized-release,unit-observations/tree0-test-Release/test.log,4,hash_tests,4977382,705,0,705,pass,0.004977382
36996168725:linux-aarch64-sanitized-release,unit-observations/tree0-test-Release/test.log,5,simd_tests,19792,157,0,157,pass,1.9792e-05
36996168725:linux-aarch64-sanitized-release,unit-observations/tree0-test-Release/test.log,6,string_tests,2067668474,161612,0,161612,pass,2.067668474
36996168725:linux-aarch64-sanitized-release,unit-observations/tree0-test-Release/test.log,7,os_tests,5042929539,1104,0,1104,pass,5.042929539
36996168725:linux-aarch64-sanitized-release,unit-observations/tree0-test-Release/test.log,8,file_tests,60301912,808,0,808,pass,0.060301912
36996168725:linux-aarch64-sanitized-release,unit-observations/tree0-test-Release/test.log,9,target_tests,1282126,877,0,877,pass,0.001282126
36996168725:linux-aarch64-sanitized-release,unit-observations/tree0-test-Release/test.log,10,truetype_tests,38358575,142,0,142,pass,0.038358575
36996168725:linux-aarch64-sanitized-release,unit-observations/tree0-test-Release/test.log,11,image_tests,1705714,3125,0,3125,pass,0.001705714
36996168725:linux-aarch64-sanitized-release,unit-observations/tree0-test-Release/test.log,12,c_frontend_tests,13253659829,1071377,0,1071377,pass,13.253659829
36996168725:linux-aarch64-sanitized-release,unit-observations/tree0-test-Release/test.log,13,c_once_tests,24837007,47431,0,47431,pass,0.024837007
36996168725:linux-aarch64-sanitized-release,unit-observations/tree0-test-Release/test.log,14,c_type_layout_tests,316906291,171,0,171,pass,0.316906291
36996168725:linux-aarch64-sanitized-release,unit-observations/tree0-test-Release/test.log,15,c_macro_conditional_tests,48762638,565,0,565,pass,0.048762638
36996168725:linux-aarch64-sanitized-release,unit-observations/tree0-test-Release/test.log,16,record_layout_tests,586863093,47,0,47,pass,0.586863093
36996168725:linux-aarch64-sanitized-release,unit-observations/tree0-test-Release/test.log,17,metamorphic_tests,2475050177,116,0,116,pass,2.475050177
36996168725:linux-aarch64-sanitized-release,unit-observations/tree0-test-Release/test.log,18,aarch64_encoding_tests,1229816766,236732,0,236732,pass,1.229816766
36996168725:linux-aarch64-sanitized-release,unit-observations/tree0-test-Release/test.log,19,aarch64_exact_bridge_tests,24905,102,0,102,pass,2.4905e-05
36996168725:linux-aarch64-sanitized-release,unit-observations/tree0-test-Release/test.log,20,aarch64_control_semantics_tests,412684,3377,0,3377,pass,0.000412684
36996168725:linux-aarch64-sanitized-release,unit-observations/tree0-test-Release/test.log,21,aarch64_system_registers_tests,2519188,108,0,108,pass,0.002519188
36996168725:linux-aarch64-sanitized-release,unit-observations/tree0-test-Release/test.log,22,aarch64_semantics_tests,18067169,215,0,215,pass,0.018067169
36996168725:linux-aarch64-sanitized-release,unit-observations/tree0-test-Release/test.log,23,aarch64_system_semantics_tests,16681343,694,0,694,pass,0.016681343
36996168725:linux-aarch64-sanitized-release,unit-observations/tree0-test-Release/test.log,24,aarch64_syntax_tests,159423622,112,0,112,pass,0.159423622
36996168725:linux-aarch64-sanitized-release,unit-observations/tree0-test-Release/test.log,25,aarch64_semantic_vm_tests,146054180,90,0,90,pass,0.14605418
36996168725:linux-aarch64-sanitized-release,unit-observations/tree0-test-Release/test.log,26,aarch64_direct_simd_tests,353153282,152,0,152,pass,0.353153282
36996168725:linux-aarch64-sanitized-release,unit-observations/tree0-test-Release/test.log,27,aarch64_complex_simd_tests,452124016,32,0,32,pass,0.452124016
36996168725:linux-aarch64-sanitized-release,unit-observations/tree0-test-Release/test.log,28,aarch64_memory_semantics_tests,1942455788,18,0,18,pass,1.942455788
36996168725:linux-aarch64-sanitized-release,unit-observations/tree0-test-Release/test.log,29,aarch64_alias_projection_tests,795880,28,0,28,pass,0.00079588
36996168725:linux-aarch64-sanitized-release,unit-observations/tree0-test-Release/test.log,30,assembly_tests,577519703,7827,0,7827,pass,0.577519703
36996168725:linux-aarch64-sanitized-release,unit-observations/tree0-test-Release/test.log,31,x86_64_forwarding_tests,842705,13110,0,13110,pass,0.000842705
36996168725:linux-aarch64-sanitized-release,unit-observations/tree0-test-Release/test.log,32,x86_64_metadata_tests,2854047362,1589,0,1589,pass,2.854047362
36996168725:linux-aarch64-sanitized-release,unit-observations/tree0-test-Release/test.log,33,x86_64_tls_tests,17155592,307423,0,307423,pass,0.017155592
36996168725:linux-aarch64-sanitized-release,unit-observations/tree0-test-Release/test.log,34,executable_padding_tests,6462756,33062,0,33062,pass,0.006462756
36996168725:linux-aarch64-sanitized-release,unit-observations/tree0-test-Release/test.log,35,x86_64_got_tests,10616842,156385,0,156385,pass,0.010616842
36996168725:linux-aarch64-sanitized-release,unit-observations/tree0-test-Release/test.log,36,ir_tests,239673412,351481,0,351481,pass,0.239673412
36996168725:linux-aarch64-sanitized-release,unit-observations/tree0-test-Release/test.log,37,vector_contract_tests,238599044,3376,0,3376,pass,0.238599044
36996168725:linux-aarch64-sanitized-release,unit-observations/tree0-test-Release/test.log,38,llvm_bitcode_tests,1811539438,132440,0,132440,pass,1.811539438
36996168725:linux-aarch64-sanitized-release,unit-observations/tree0-test-Release/test.log,39,machine_selection_tests,5931667,631,0,631,pass,0.005931667
36996168725:linux-aarch64-sanitized-release,unit-observations/tree0-test-Release/test.log,40,machine_tests,2371858115,510548,0,510548,pass,2.371858115
36996168725:linux-aarch64-sanitized-release,unit-observations/tree0-test-Release/test.log,41,codegen_tests,369190265,10331,0,10331,pass,0.369190265
36996168725:linux-aarch64-sanitized-release,unit-observations/tree0-test-Release/test.log,42,aarch64_stride_tests,4377932,98,0,98,pass,0.004377932
36996168725:linux-aarch64-sanitized-release,unit-observations/tree0-test-Release/test.log,43,debug_model_tests,10361105,716,0,716,pass,0.010361105
36996168725:linux-aarch64-sanitized-release,unit-observations/tree0-test-Release/test.log,44,dwarf_tests,177614,110,0,110,pass,0.000177614
36996168725:linux-aarch64-sanitized-release,unit-observations/tree0-test-Release/test.log,45,codeview_tests,7073069,46748,0,46748,pass,0.007073069
36996168725:linux-aarch64-sanitized-release,unit-observations/tree0-test-Release/test.log,46,pdb_tests,674969433,24848,0,24848,pass,0.674969433
36996168725:linux-aarch64-sanitized-release,unit-observations/tree0-test-Release/test.log,47,object_tests,391370806,125570,0,125570,pass,0.391370806
36996168725:linux-aarch64-sanitized-release,unit-observations/tree0-test-Release/test.log,48,jit_tests,171445,116,0,116,pass,0.000171445
36996168725:linux-aarch64-sanitized-release,unit-observations/tree0-test-Release/test.log,49,link_tests,793347332,147882,0,147882,pass,0.793347332
36996168725:linux-aarch64-sanitized-release,unit-observations/tree0-test-Release/test.log,50,gpu_pipeline_tests,107609206,231,0,231,pass,0.107609206
36996168725:linux-aarch64-sanitized-release,unit-observations/tree0-test-Release/test.log,51,compiler_diagnostic_tests,151071677,541,0,541,pass,0.151071677
36996168725:linux-aarch64-sanitized-release,unit-observations/tree0-test-Release/test.log,53,compiler_driver_object_path_tests,21341300,39,0,39,pass,0.0213413
36991068435:linux-x86_64-checks,unit-observations/tree0-test-Debug/test.log,53,compiler_driver_tests,773662791997,46545,0,46545,pass,773.662791997
36991068435:linux-x86_64-checks,unit-observations/tree0-test-Debug/test.log,0,byte_writer_tests,264906,484,0,484,pass,0.000264906
36991068435:linux-x86_64-checks,unit-observations/tree0-test-Debug/test.log,1,arena_tests,2888820394,141,0,141,pass,2.888820394
36991068435:linux-x86_64-checks,unit-observations/tree0-test-Debug/test.log,2,integer_tests,3288017368,1526605,0,1526605,pass,3.288017368
36991068435:linux-x86_64-checks,unit-observations/tree0-test-Debug/test.log,3,sanitizer_tests,1431251047,30,0,30,pass,1.431251047
36991068435:linux-x86_64-checks,unit-observations/tree0-test-Debug/test.log,4,hash_tests,757300727,705,0,705,pass,0.757300727
36991068435:linux-x86_64-checks,unit-observations/tree0-test-Debug/test.log,5,simd_tests,1237356,157,0,157,pass,0.001237356
36991068435:linux-x86_64-checks,unit-observations/tree0-test-Debug/test.log,6,string_tests,39032777028,161612,0,161612,pass,39.032777028
36991068435:linux-x86_64-checks,unit-observations/tree0-test-Debug/test.log,7,os_tests,13985682628,1104,0,1104,pass,13.985682628
36991068435:linux-x86_64-checks,unit-observations/tree0-test-Debug/test.log,8,file_tests,1361618012,808,0,808,pass,1.361618012
36991068435:linux-x86_64-checks,unit-observations/tree0-test-Debug/test.log,9,target_tests,187424348,6596,0,6596,pass,0.187424348
36991068435:linux-x86_64-checks,unit-observations/tree0-test-Debug/test.log,10,truetype_tests,2506154889,142,0,142,pass,2.506154889
36991068435:linux-x86_64-checks,unit-observations/tree0-test-Debug/test.log,11,image_tests,32668518,3125,0,3125,pass,0.032668518
36991068435:linux-x86_64-checks,unit-observations/tree0-test-Debug/test.log,12,c_frontend_tests,209383612461,1071617,0,1071617,pass,209.383612461
36991068435:linux-x86_64-checks,unit-observations/tree0-test-Debug/test.log,13,c_once_tests,342611201,47431,0,47431,pass,0.342611201
36991068435:linux-x86_64-checks,unit-observations/tree0-test-Debug/test.log,14,c_type_layout_tests,3515899487,171,0,171,pass,3.515899487
36991068435:linux-x86_64-checks,unit-observations/tree0-test-Debug/test.log,15,c_macro_conditional_tests,469767734,657,0,657,pass,0.469767734
36991068435:linux-x86_64-checks,unit-observations/tree0-test-Debug/test.log,16,record_layout_tests,6429900553,47,0,47,pass,6.429900553
36991068435:linux-x86_64-checks,unit-observations/tree0-test-Debug/test.log,17,metamorphic_tests,94196722571,116,0,116,pass,94.196722571
36991068435:linux-x86_64-checks,unit-observations/tree0-test-Debug/test.log,18,aarch64_encoding_tests,30059073328,236732,0,236732,pass,30.059073328
36991068435:linux-x86_64-checks,unit-observations/tree0-test-Debug/test.log,19,aarch64_exact_bridge_tests,292597,102,0,102,pass,0.000292597
36991068435:linux-x86_64-checks,unit-observations/tree0-test-Debug/test.log,20,aarch64_control_semantics_tests,6237560,3377,0,3377,pass,0.00623756
36991068435:linux-x86_64-checks,unit-observations/tree0-test-Debug/test.log,21,aarch64_system_registers_tests,62328935,108,0,108,pass,0.062328935
36991068435:linux-x86_64-checks,unit-observations/tree0-test-Debug/test.log,22,aarch64_semantics_tests,291294078,215,0,215,pass,0.291294078
36991068435:linux-x86_64-checks,unit-observations/tree0-test-Debug/test.log,23,aarch64_system_semantics_tests,429076052,694,0,694,pass,0.429076052
36991068435:linux-x86_64-checks,unit-observations/tree0-test-Debug/test.log,24,aarch64_syntax_tests,4722841085,112,0,112,pass,4.722841085
36991068435:linux-x86_64-checks,unit-observations/tree0-test-Debug/test.log,25,aarch64_semantic_vm_tests,2367890171,90,0,90,pass,2.367890171
36991068435:linux-x86_64-checks,unit-observations/tree0-test-Debug/test.log,26,aarch64_direct_simd_tests,10541769569,152,0,152,pass,10.541769569
36991068435:linux-x86_64-checks,unit-observations/tree0-test-Debug/test.log,27,aarch64_complex_simd_tests,13785593417,32,0,32,pass,13.785593417
36991068435:linux-x86_64-checks,unit-observations/tree0-test-Debug/test.log,28,aarch64_memory_semantics_tests,43005004338,18,0,18,pass,43.005004338
36991068435:linux-x86_64-checks,unit-observations/tree0-test-Debug/test.log,29,aarch64_alias_projection_tests,10660849,28,0,28,pass,0.010660849
36991068435:linux-x86_64-checks,unit-observations/tree0-test-Debug/test.log,30,assembly_tests,6556785118,7846,0,7846,pass,6.556785118
36991068435:linux-x86_64-checks,unit-observations/tree0-test-Debug/test.log,31,x86_64_forwarding_tests,4394814,13110,0,13110,pass,0.004394814
36991068435:linux-x86_64-checks,unit-observations/tree0-test-Debug/test.log,32,x86_64_metadata_tests,50112313943,1619,0,1619,pass,50.112313943
36991068435:linux-x86_64-checks,unit-observations/tree0-test-Debug/test.log,33,x86_64_tls_tests,494367395,307423,0,307423,pass,0.494367395
36991068435:linux-x86_64-checks,unit-observations/tree0-test-Debug/test.log,34,executable_padding_tests,223341350,33062,0,33062,pass,0.22334135
36991068435:linux-x86_64-checks,unit-observations/tree0-test-Debug/test.log,35,x86_64_got_tests,219386028,156385,0,156385,pass,0.219386028
36991068435:linux-x86_64-checks,unit-observations/tree0-test-Debug/test.log,37,ir_tests,11010722963,351481,0,351481,pass,11.010722963
36991068435:linux-x86_64-checks,unit-observations/tree0-test-Debug/test.log,38,vector_contract_tests,3823370337,3376,0,3376,pass,3.823370337
36991068435:linux-x86_64-checks,unit-observations/tree0-test-Debug/test.log,39,llvm_bitcode_tests,6841656197,132495,0,132495,pass,6.841656197
36991068435:linux-x86_64-checks,unit-observations/tree0-test-Debug/test.log,40,machine_selection_tests,100951933,631,0,631,pass,0.100951933
36991068435:linux-x86_64-checks,unit-observations/tree0-test-Debug/test.log,41,machine_tests,52733936200,510548,0,510548,pass,52.7339362
36991068435:linux-x86_64-checks,unit-observations/tree0-test-Debug/test.log,42,codegen_tests,8248894957,10331,0,10331,pass,8.248894957
36991068435:linux-x86_64-checks,unit-observations/tree0-test-Debug/test.log,43,aarch64_stride_tests,72657313,98,0,98,pass,0.072657313
36991068435:linux-x86_64-checks,unit-observations/tree0-test-Debug/test.log,44,debug_model_tests,484223552,716,0,716,pass,0.484223552
36991068435:linux-x86_64-checks,unit-observations/tree0-test-Debug/test.log,45,dwarf_tests,3163330,110,0,110,pass,0.00316333
36991068435:linux-x86_64-checks,unit-observations/tree0-test-Debug/test.log,46,codeview_tests,200715596,46748,0,46748,pass,0.200715596
36991068435:linux-x86_64-checks,unit-observations/tree0-test-Debug/test.log,47,pdb_tests,2211681104,24848,0,24848,pass,2.211681104
36991068435:linux-x86_64-checks,unit-observations/tree0-test-Debug/test.log,48,object_tests,15820720692,125572,0,125572,pass,15.820720692
36991068435:linux-x86_64-checks,unit-observations/tree0-test-Debug/test.log,49,jit_tests,1973784,113,0,113,pass,0.001973784
36991068435:linux-x86_64-checks,unit-observations/tree0-test-Debug/test.log,50,link_tests,21358520759,147992,0,147992,pass,21.358520759
36991068435:linux-x86_64-checks,unit-observations/tree0-test-Debug/test.log,51,gpu_pipeline_tests,121138134,231,0,231,pass,0.121138134
36991068435:linux-x86_64-checks,unit-observations/tree0-test-Debug/test.log,52,compiler_diagnostic_tests,2375165578,541,0,541,pass,2.375165578
36991068435:linux-x86_64-checks,unit-observations/tree0-test-Debug/test.log,54,compiler_driver_object_path_tests,355008089,39,0,39,pass,0.355008089
36991068435:linux-x86_64-checks,unit-observations/tree0-test-Debug/test.log,55,x86_64_tests,9302993,18,0,18,pass,0.009302993
36991068435:linux-x86_64-checks,unit-observations/tree1-test-Release/test.log,53,compiler_driver_tests,86663725170,46545,0,46545,pass,86.66372517
36991068435:linux-x86_64-checks,unit-observations/tree1-test-Release/test.log,0,byte_writer_tests,54672,484,0,484,pass,5.4672e-05
36991068435:linux-x86_64-checks,unit-observations/tree1-test-Release/test.log,1,arena_tests,498054550,141,0,141,pass,0.49805455
36991068435:linux-x86_64-checks,unit-observations/tree1-test-Release/test.log,2,integer_tests,42849737,1526605,0,1526605,pass,0.042849737
36991068435:linux-x86_64-checks,unit-observations/tree1-test-Release/test.log,3,sanitizer_tests,427385928,30,0,30,pass,0.427385928
36991068435:linux-x86_64-checks,unit-observations/tree1-test-Release/test.log,4,hash_tests,4887705,705,0,705,pass,0.004887705
36991068435:linux-x86_64-checks,unit-observations/tree1-test-Release/test.log,5,simd_tests,19948,157,0,157,pass,1.9948e-05
36991068435:linux-x86_64-checks,unit-observations/tree1-test-Release/test.log,6,string_tests,3254293376,161612,0,161612,pass,3.254293376
36991068435:linux-x86_64-checks,unit-observations/tree1-test-Release/test.log,7,os_tests,5828750596,1104,0,1104,pass,5.828750596
36991068435:linux-x86_64-checks,unit-observations/tree1-test-Release/test.log,8,file_tests,176565852,808,0,808,pass,0.176565852
36991068435:linux-x86_64-checks,unit-observations/tree1-test-Release/test.log,9,target_tests,8424946,6596,0,6596,pass,0.008424946
36991068435:linux-x86_64-checks,unit-observations/tree1-test-Release/test.log,10,truetype_tests,26628740,142,0,142,pass,0.02662874
36991068435:linux-x86_64-checks,unit-observations/tree1-test-Release/test.log,11,image_tests,2441469,3125,0,3125,pass,0.002441469
36991068435:linux-x86_64-checks,unit-observations/tree1-test-Release/test.log,12,c_frontend_tests,19001812795,1071617,0,1071617,pass,19.001812795
36991068435:linux-x86_64-checks,unit-observations/tree1-test-Release/test.log,13,c_once_tests,40455851,47431,0,47431,pass,0.040455851
36991068435:linux-x86_64-checks,unit-observations/tree1-test-Release/test.log,14,c_type_layout_tests,393528026,171,0,171,pass,0.393528026
36991068435:linux-x86_64-checks,unit-observations/tree1-test-Release/test.log,15,c_macro_conditional_tests,74950346,657,0,657,pass,0.074950346
36991068435:linux-x86_64-checks,unit-observations/tree1-test-Release/test.log,16,record_layout_tests,745124441,47,0,47,pass,0.745124441
36991068435:linux-x86_64-checks,unit-observations/tree1-test-Release/test.log,17,metamorphic_tests,12187116953,116,0,116,pass,12.187116953
36991068435:linux-x86_64-checks,unit-observations/tree1-test-Release/test.log,18,aarch64_encoding_tests,1134353547,236732,0,236732,pass,1.134353547
36991068435:linux-x86_64-checks,unit-observations/tree1-test-Release/test.log,19,aarch64_exact_bridge_tests,26369,102,0,102,pass,2.6369e-05
36991068435:linux-x86_64-checks,unit-observations/tree1-test-Release/test.log,20,aarch64_control_semantics_tests,399297,3377,0,3377,pass,0.000399297
36991068435:linux-x86_64-checks,unit-observations/tree1-test-Release/test.log,21,aarch64_system_registers_tests,2869389,108,0,108,pass,0.002869389
36991068435:linux-x86_64-checks,unit-observations/tree1-test-Release/test.log,22,aarch64_semantics_tests,14555920,215,0,215,pass,0.01455592
36991068435:linux-x86_64-checks,unit-observations/tree1-test-Release/test.log,23,aarch64_system_semantics_tests,13566458,694,0,694,pass,0.013566458
36991068435:linux-x86_64-checks,unit-observations/tree1-test-Release/test.log,24,aarch64_syntax_tests,177305858,112,0,112,pass,0.177305858
36991068435:linux-x86_64-checks,unit-observations/tree1-test-Release/test.log,25,aarch64_semantic_vm_tests,130205585,90,0,90,pass,0.130205585
36991068435:linux-x86_64-checks,unit-observations/tree1-test-Release/test.log,26,aarch64_direct_simd_tests,622303270,152,0,152,pass,0.62230327
36991068435:linux-x86_64-checks,unit-observations/tree1-test-Release/test.log,27,aarch64_complex_simd_tests,794825506,32,0,32,pass,0.794825506
36991068435:linux-x86_64-checks,unit-observations/tree1-test-Release/test.log,28,aarch64_memory_semantics_tests,2659298532,18,0,18,pass,2.659298532
36991068435:linux-x86_64-checks,unit-observations/tree1-test-Release/test.log,29,aarch64_alias_projection_tests,985613,28,0,28,pass,0.000985613
36991068435:linux-x86_64-checks,unit-observations/tree1-test-Release/test.log,30,assembly_tests,660194900,7846,0,7846,pass,0.6601949
36991068435:linux-x86_64-checks,unit-observations/tree1-test-Release/test.log,31,x86_64_forwarding_tests,987327,13110,0,13110,pass,0.000987327
36991068435:linux-x86_64-checks,unit-observations/tree1-test-Release/test.log,32,x86_64_metadata_tests,3933142776,1619,0,1619,pass,3.933142776
36991068435:linux-x86_64-checks,unit-observations/tree1-test-Release/test.log,33,x86_64_tls_tests,17978595,307423,0,307423,pass,0.017978595
36991068435:linux-x86_64-checks,unit-observations/tree1-test-Release/test.log,34,executable_padding_tests,7209922,33062,0,33062,pass,0.007209922
36991068435:linux-x86_64-checks,unit-observations/tree1-test-Release/test.log,35,x86_64_got_tests,13589711,156385,0,156385,pass,0.013589711
36991068435:linux-x86_64-checks,unit-observations/tree1-test-Release/test.log,37,ir_tests,310513911,351481,0,351481,pass,0.310513911
36991068435:linux-x86_64-checks,unit-observations/tree1-test-Release/test.log,38,vector_contract_tests,301629787,3376,0,3376,pass,0.301629787
36991068435:linux-x86_64-checks,unit-observations/tree1-test-Release/test.log,39,llvm_bitcode_tests,2787058169,132495,0,132495,pass,2.787058169
36991068435:linux-x86_64-checks,unit-observations/tree1-test-Release/test.log,40,machine_selection_tests,7233812,631,0,631,pass,0.007233812
36991068435:linux-x86_64-checks,unit-observations/tree1-test-Release/test.log,41,machine_tests,3281952972,510548,0,510548,pass,3.281952972
36991068435:linux-x86_64-checks,unit-observations/tree1-test-Release/test.log,42,codegen_tests,487247319,10331,0,10331,pass,0.487247319
36991068435:linux-x86_64-checks,unit-observations/tree1-test-Release/test.log,43,aarch64_stride_tests,5675405,98,0,98,pass,0.005675405
36991068435:linux-x86_64-checks,unit-observations/tree1-test-Release/test.log,44,debug_model_tests,11076917,716,0,716,pass,0.011076917
36991068435:linux-x86_64-checks,unit-observations/tree1-test-Release/test.log,45,dwarf_tests,217968,110,0,110,pass,0.000217968
36991068435:linux-x86_64-checks,unit-observations/tree1-test-Release/test.log,46,codeview_tests,8246588,46748,0,46748,pass,0.008246588
36991068435:linux-x86_64-checks,unit-observations/tree1-test-Release/test.log,47,pdb_tests,1035979522,24848,0,24848,pass,1.035979522
36991068435:linux-x86_64-checks,unit-observations/tree1-test-Release/test.log,48,object_tests,418465866,125570,0,125570,pass,0.418465866
36991068435:linux-x86_64-checks,unit-observations/tree1-test-Release/test.log,49,jit_tests,260458,113,0,113,pass,0.000260458
36991068435:linux-x86_64-checks,unit-observations/tree1-test-Release/test.log,50,link_tests,951673622,147992,0,147992,pass,0.951673622
36991068435:linux-x86_64-checks,unit-observations/tree1-test-Release/test.log,51,gpu_pipeline_tests,110619408,231,0,231,pass,0.110619408
36991068435:linux-x86_64-checks,unit-observations/tree1-test-Release/test.log,52,compiler_diagnostic_tests,373030295,541,0,541,pass,0.373030295
36991068435:linux-x86_64-checks,unit-observations/tree1-test-Release/test.log,54,compiler_driver_object_path_tests,61789611,39,0,39,pass,0.061789611
36991068435:linux-x86_64-checks,unit-observations/tree1-test-Release/test.log,55,x86_64_tests,2201429,18,0,18,pass,0.002201429
36991068435:linux-x86_64-release,unit-observations/tree0-test-Release/test.log,0,byte_writer_tests,39188,484,0,484,pass,3.9188e-05
36991068435:linux-x86_64-release,unit-observations/tree0-test-Release/test.log,1,arena_tests,64678200,137,0,137,pass,0.0646782
36991068435:linux-x86_64-release,unit-observations/tree0-test-Release/test.log,2,integer_tests,128804655,1526605,0,1526605,pass,0.128804655
36991068435:linux-x86_64-release,unit-observations/tree0-test-Release/test.log,3,sanitizer_tests,11196,1,0,1,pass,1.1196e-05
36991068435:linux-x86_64-release,unit-observations/tree0-test-Release/test.log,4,hash_tests,3927715,705,0,705,pass,0.003927715
36991068435:linux-x86_64-release,unit-observations/tree0-test-Release/test.log,5,simd_tests,44255,156,0,156,pass,4.4255e-05
36991068435:linux-x86_64-release,unit-observations/tree0-test-Release/test.log,6,string_tests,1277263558,161612,0,161612,pass,1.277263558
36991068435:linux-x86_64-release,unit-observations/tree0-test-Release/test.log,7,os_tests,4559975685,1104,0,1104,pass,4.559975685
36991068435:linux-x86_64-release,unit-observations/tree0-test-Release/test.log,8,file_tests,107052186,808,0,808,pass,0.107052186
36991068435:linux-x86_64-release,unit-observations/tree0-test-Release/test.log,9,target_tests,2962957,6596,0,6596,pass,0.002962957
36991068435:linux-x86_64-release,unit-observations/tree0-test-Release/test.log,10,truetype_tests,52492986,142,0,142,pass,0.052492986
36991068435:linux-x86_64-release,unit-observations/tree0-test-Release/test.log,11,image_tests,1175040,3125,0,3125,pass,0.00117504
36991068435:linux-x86_64-release,unit-observations/tree0-test-Release/test.log,12,c_frontend_tests,14071899020,1071617,0,1071617,pass,14.07189902
36991068435:linux-x86_64-release,unit-observations/tree0-test-Release/test.log,13,c_once_tests,29632822,47431,0,47431,pass,0.029632822
36991068435:linux-x86_64-release,unit-observations/tree0-test-Release/test.log,14,c_type_layout_tests,164928419,171,0,171,pass,0.164928419
36991068435:linux-x86_64-release,unit-observations/tree0-test-Release/test.log,15,c_macro_conditional_tests,55185884,657,0,657,pass,0.055185884
36991068435:linux-x86_64-release,unit-observations/tree0-test-Release/test.log,16,record_layout_tests,300431143,47,0,47,pass,0.300431143
36991068435:linux-x86_64-release,unit-observations/tree0-test-Release/test.log,17,metamorphic_tests,4249027697,116,0,116,pass,4.249027697
36991068435:linux-x86_64-release,unit-observations/tree0-test-Release/test.log,18,aarch64_encoding_tests,4548432313,236732,0,236732,pass,4.548432313
36991068435:linux-x86_64-release,unit-observations/tree0-test-Release/test.log,19,aarch64_exact_bridge_tests,42814,102,0,102,pass,4.2814e-05
36991068435:linux-x86_64-release,unit-observations/tree0-test-Release/test.log,20,aarch64_control_semantics_tests,429626,3377,0,3377,pass,0.000429626
36991068435:linux-x86_64-release,unit-observations/tree0-test-Release/test.log,21,aarch64_system_registers_tests,4570427,108,0,108,pass,0.004570427
36991068435:linux-x86_64-release,unit-observations/tree0-test-Release/test.log,22,aarch64_semantics_tests,45498040,215,0,215,pass,0.04549804
36991068435:linux-x86_64-release,unit-observations/tree0-test-Release/test.log,23,aarch64_system_semantics_tests,66804956,694,0,694,pass,0.066804956
36991068435:linux-x86_64-release,unit-observations/tree0-test-Release/test.log,24,aarch64_syntax_tests,642557888,112,0,112,pass,0.642557888
36991068435:linux-x86_64-release,unit-observations/tree0-test-Release/test.log,25,aarch64_semantic_vm_tests,285255796,90,0,90,pass,0.285255796
36991068435:linux-x86_64-release,unit-observations/tree0-test-Release/test.log,26,aarch64_direct_simd_tests,2257058903,152,0,152,pass,2.257058903
36991068435:linux-x86_64-release,unit-observations/tree0-test-Release/test.log,27,aarch64_complex_simd_tests,2210950429,32,0,32,pass,2.210950429
36991068435:linux-x86_64-release,unit-observations/tree0-test-Release/test.log,28,aarch64_memory_semantics_tests,4060431616,18,0,18,pass,4.060431616
36991068435:linux-x86_64-release,unit-observations/tree0-test-Release/test.log,29,aarch64_alias_projection_tests,549593,28,0,28,pass,0.000549593
36991068435:linux-x86_64-release,unit-observations/tree0-test-Release/test.log,30,assembly_tests,441640311,7846,0,7846,pass,0.441640311
36991068435:linux-x86_64-release,unit-observations/tree0-test-Release/test.log,31,x86_64_forwarding_tests,559809,13113,0,13113,pass,0.000559809
36991068435:linux-x86_64-release,unit-observations/tree0-test-Release/test.log,32,x86_64_metadata_tests,3224336122,1619,0,1619,pass,3.224336122
36991068435:linux-x86_64-release,unit-observations/tree0-test-Release/test.log,33,x86_64_tls_tests,42134831,307423,0,307423,pass,0.042134831
36991068435:linux-x86_64-release,unit-observations/tree0-test-Release/test.log,34,executable_padding_tests,25933285,33062,0,33062,pass,0.025933285
36991068435:linux-x86_64-release,unit-observations/tree0-test-Release/test.log,35,x86_64_got_tests,9817125,156385,0,156385,pass,0.009817125
36991068435:linux-x86_64-release,unit-observations/tree0-test-Release/test.log,36,x86_64_completion_census_tests,3975695765,34266,0,34266,pass,3.975695765
36991068435:linux-x86_64-release,unit-observations/tree0-test-Release/test.log,37,ir_tests,540483067,351481,0,351481,pass,0.540483067
36991068435:linux-x86_64-release,unit-observations/tree0-test-Release/test.log,38,vector_contract_tests,151218062,3376,0,3376,pass,0.151218062
36991068435:linux-x86_64-release,unit-observations/tree0-test-Release/test.log,39,llvm_bitcode_tests,2096353109,132495,0,132495,pass,2.096353109
36991068435:linux-x86_64-release,unit-observations/tree0-test-Release/test.log,40,machine_selection_tests,3712767,631,0,631,pass,0.003712767
36991068435:linux-x86_64-release,unit-observations/tree0-test-Release/test.log,41,machine_tests,2567100536,524650,0,524650,pass,2.567100536
36991068435:linux-x86_64-release,unit-observations/tree0-test-Release/test.log,42,codegen_tests,418156183,10583,0,10583,pass,0.418156183
36991068435:linux-x86_64-release,unit-observations/tree0-test-Release/test.log,43,aarch64_stride_tests,2801117,98,0,98,pass,0.002801117
36991068435:linux-x86_64-release,unit-observations/tree0-test-Release/test.log,44,debug_model_tests,21472150,716,0,716,pass,0.02147215
36991068435:linux-x86_64-release,unit-observations/tree0-test-Release/test.log,45,dwarf_tests,155730,110,0,110,pass,0.00015573
36991068435:linux-x86_64-release,unit-observations/tree0-test-Release/test.log,46,codeview_tests,6074323,46748,0,46748,pass,0.006074323
36991068435:linux-x86_64-release,unit-observations/tree0-test-Release/test.log,47,pdb_tests,743787389,24848,0,24848,pass,0.743787389
36991068435:linux-x86_64-release,unit-observations/tree0-test-Release/test.log,48,object_tests,623862266,125575,0,125575,pass,0.623862266
36991068435:linux-x86_64-release,unit-observations/tree0-test-Release/test.log,49,jit_tests,314195,149,0,149,pass,0.000314195
36991068435:linux-x86_64-release,unit-observations/tree0-test-Release/test.log,50,link_tests,1755330909,148035,0,148035,pass,1.755330909
36991068435:linux-x86_64-release,unit-observations/tree0-test-Release/test.log,51,gpu_pipeline_tests,106146553,231,0,231,pass,0.106146553
36991068435:linux-x86_64-release,unit-observations/tree0-test-Release/test.log,52,compiler_diagnostic_tests,127192242,541,0,541,pass,0.127192242
36991068435:linux-x86_64-release,unit-observations/tree0-test-Release/test.log,53,compiler_driver_tests,81471257739,51782,0,51782,pass,81.471257739
36991068435:linux-x86_64-release,unit-observations/tree0-test-Release/test.log,54,compiler_driver_object_path_tests,19248800,39,0,39,pass,0.0192488
36991068435:linux-x86_64-release,unit-observations/tree0-test-Release/test.log,55,x86_64_tests,434604,18,0,18,pass,0.000434604
36996168725:linux-x86_64-release,unit-observations/tree0-test-Release/test.log,0,byte_writer_tests,37446,484,0,484,pass,3.7446e-05
36996168725:linux-x86_64-release,unit-observations/tree0-test-Release/test.log,1,arena_tests,69448820,137,0,137,pass,0.06944882
36996168725:linux-x86_64-release,unit-observations/tree0-test-Release/test.log,2,integer_tests,181890630,1526605,0,1526605,pass,0.18189063
36996168725:linux-x86_64-release,unit-observations/tree0-test-Release/test.log,3,sanitizer_tests,2896,1,0,1,pass,2.896e-06
36996168725:linux-x86_64-release,unit-observations/tree0-test-Release/test.log,4,hash_tests,4673534,705,0,705,pass,0.004673534
36996168725:linux-x86_64-release,unit-observations/tree0-test-Release/test.log,5,simd_tests,35613,156,0,156,pass,3.5613e-05
36996168725:linux-x86_64-release,unit-observations/tree0-test-Release/test.log,6,string_tests,1641227210,161612,0,161612,pass,1.64122721
36996168725:linux-x86_64-release,unit-observations/tree0-test-Release/test.log,7,os_tests,4575646001,1104,0,1104,pass,4.575646001
36996168725:linux-x86_64-release,unit-observations/tree0-test-Release/test.log,8,file_tests,96524309,808,0,808,pass,0.096524309
36996168725:linux-x86_64-release,unit-observations/tree0-test-Release/test.log,9,target_tests,3552630,6596,0,6596,pass,0.00355263
36996168725:linux-x86_64-release,unit-observations/tree0-test-Release/test.log,10,truetype_tests,68747536,142,0,142,pass,0.068747536
36996168725:linux-x86_64-release,unit-observations/tree0-test-Release/test.log,11,image_tests,1627594,3125,0,3125,pass,0.001627594
36996168725:linux-x86_64-release,unit-observations/tree0-test-Release/test.log,12,c_frontend_tests,18004703308,1071617,0,1071617,pass,18.004703308
36996168725:linux-x86_64-release,unit-observations/tree0-test-Release/test.log,13,c_once_tests,27419161,47431,0,47431,pass,0.027419161
36996168725:linux-x86_64-release,unit-observations/tree0-test-Release/test.log,14,c_type_layout_tests,256322031,171,0,171,pass,0.256322031
36996168725:linux-x86_64-release,unit-observations/tree0-test-Release/test.log,15,c_macro_conditional_tests,61118162,657,0,657,pass,0.061118162
36996168725:linux-x86_64-release,unit-observations/tree0-test-Release/test.log,16,record_layout_tests,450850186,47,0,47,pass,0.450850186
36996168725:linux-x86_64-release,unit-observations/tree0-test-Release/test.log,17,metamorphic_tests,5837199745,116,0,116,pass,5.837199745
36996168725:linux-x86_64-release,unit-observations/tree0-test-Release/test.log,18,aarch64_encoding_tests,6186468952,236732,0,236732,pass,6.186468952
36996168725:linux-x86_64-release,unit-observations/tree0-test-Release/test.log,19,aarch64_exact_bridge_tests,52428,102,0,102,pass,5.2428e-05
36996168725:linux-x86_64-release,unit-observations/tree0-test-Release/test.log,20,aarch64_control_semantics_tests,601311,3377,0,3377,pass,0.000601311
36996168725:linux-x86_64-release,unit-observations/tree0-test-Release/test.log,21,aarch64_system_registers_tests,5681311,108,0,108,pass,0.005681311
36996168725:linux-x86_64-release,unit-observations/tree0-test-Release/test.log,22,aarch64_semantics_tests,63330715,215,0,215,pass,0.063330715
36996168725:linux-x86_64-release,unit-observations/tree0-test-Release/test.log,23,aarch64_system_semantics_tests,95892299,694,0,694,pass,0.095892299
36996168725:linux-x86_64-release,unit-observations/tree0-test-Release/test.log,24,aarch64_syntax_tests,874107903,112,0,112,pass,0.874107903
36996168725:linux-x86_64-release,unit-observations/tree0-test-Release/test.log,25,aarch64_semantic_vm_tests,402163041,90,0,90,pass,0.402163041
36996168725:linux-x86_64-release,unit-observations/tree0-test-Release/test.log,26,aarch64_direct_simd_tests,5352699829,152,0,152,pass,5.352699829
36996168725:linux-x86_64-release,unit-observations/tree0-test-Release/test.log,27,aarch64_complex_simd_tests,6335551974,32,0,32,pass,6.335551974
36996168725:linux-x86_64-release,unit-observations/tree0-test-Release/test.log,28,aarch64_memory_semantics_tests,8038051184,18,0,18,pass,8.038051184
36996168725:linux-x86_64-release,unit-observations/tree0-test-Release/test.log,29,aarch64_alias_projection_tests,726852,28,0,28,pass,0.000726852
36996168725:linux-x86_64-release,unit-observations/tree0-test-Release/test.log,30,assembly_tests,607926885,7846,0,7846,pass,0.607926885
36996168725:linux-x86_64-release,unit-observations/tree0-test-Release/test.log,31,x86_64_forwarding_tests,719153,13113,0,13113,pass,0.000719153
36996168725:linux-x86_64-release,unit-observations/tree0-test-Release/test.log,32,x86_64_metadata_tests,4453510551,1619,0,1619,pass,4.453510551
36996168725:linux-x86_64-release,unit-observations/tree0-test-Release/test.log,33,x86_64_tls_tests,55094133,307423,0,307423,pass,0.055094133
36996168725:linux-x86_64-release,unit-observations/tree0-test-Release/test.log,34,executable_padding_tests,48828669,33062,0,33062,pass,0.048828669
36996168725:linux-x86_64-release,unit-observations/tree0-test-Release/test.log,35,x86_64_got_tests,12791533,156385,0,156385,pass,0.012791533
36996168725:linux-x86_64-release,unit-observations/tree0-test-Release/test.log,36,x86_64_completion_census_tests,5550048550,34266,0,34266,pass,5.55004855
36996168725:linux-x86_64-release,unit-observations/tree0-test-Release/test.log,37,ir_tests,727120407,351481,0,351481,pass,0.727120407
36996168725:linux-x86_64-release,unit-observations/tree0-test-Release/test.log,38,vector_contract_tests,212711017,3376,0,3376,pass,0.212711017
36996168725:linux-x86_64-release,unit-observations/tree0-test-Release/test.log,39,llvm_bitcode_tests,2198881260,132495,0,132495,pass,2.19888126
36996168725:linux-x86_64-release,unit-observations/tree0-test-Release/test.log,40,machine_selection_tests,5179909,631,0,631,pass,0.005179909
36996168725:linux-x86_64-release,unit-observations/tree0-test-Release/test.log,41,machine_tests,3529988677,524650,0,524650,pass,3.529988677
36996168725:linux-x86_64-release,unit-observations/tree0-test-Release/test.log,42,codegen_tests,632531857,10583,0,10583,pass,0.632531857
36996168725:linux-x86_64-release,unit-observations/tree0-test-Release/test.log,43,aarch64_stride_tests,3813850,98,0,98,pass,0.00381385
36996168725:linux-x86_64-release,unit-observations/tree0-test-Release/test.log,44,debug_model_tests,27209760,716,0,716,pass,0.02720976
36996168725:linux-x86_64-release,unit-observations/tree0-test-Release/test.log,45,dwarf_tests,212050,110,0,110,pass,0.00021205
36996168725:linux-x86_64-release,unit-observations/tree0-test-Release/test.log,46,codeview_tests,8402570,46748,0,46748,pass,0.00840257
36996168725:linux-x86_64-release,unit-observations/tree0-test-Release/test.log,47,pdb_tests,812138525,24848,0,24848,pass,0.812138525
36996168725:linux-x86_64-release,unit-observations/tree0-test-Release/test.log,48,object_tests,841641416,125575,0,125575,pass,0.841641416
36996168725:linux-x86_64-release,unit-observations/tree0-test-Release/test.log,49,jit_tests,302267,149,0,149,pass,0.000302267
36996168725:linux-x86_64-release,unit-observations/tree0-test-Release/test.log,50,link_tests,2491328470,148035,0,148035,pass,2.49132847
36996168725:linux-x86_64-release,unit-observations/tree0-test-Release/test.log,51,gpu_pipeline_tests,105085240,231,0,231,pass,0.10508524
36996168725:linux-x86_64-release,unit-observations/tree0-test-Release/test.log,52,compiler_diagnostic_tests,139875403,541,0,541,pass,0.139875403
36996168725:linux-x86_64-release,unit-observations/tree0-test-Release/test.log,53,compiler_driver_tests,119468009224,51782,0,51782,pass,119.468009224
36996168725:linux-x86_64-release,unit-observations/tree0-test-Release/test.log,54,compiler_driver_object_path_tests,25173789,39,0,39,pass,0.025173789
36996168725:linux-x86_64-release,unit-observations/tree0-test-Release/test.log,55,x86_64_tests,611472,18,0,18,pass,0.000611472
36996168725:linux-x86_64-sanitized-debug,unit-observations/tree0-test-Debug/test.log,53,compiler_driver_tests,645577942206,46545,0,46545,pass,645.577942206
36996168725:linux-x86_64-sanitized-debug,unit-observations/tree0-test-Debug/test.log,0,byte_writer_tests,270607,484,0,484,pass,0.000270607
36996168725:linux-x86_64-sanitized-debug,unit-observations/tree0-test-Debug/test.log,1,arena_tests,905075648,141,0,141,pass,0.905075648
36996168725:linux-x86_64-sanitized-debug,unit-observations/tree0-test-Debug/test.log,2,integer_tests,1089123141,1526605,0,1526605,pass,1.089123141
36996168725:linux-x86_64-sanitized-debug,unit-observations/tree0-test-Debug/test.log,3,sanitizer_tests,662714100,30,0,30,pass,0.6627141
36996168725:linux-x86_64-sanitized-debug,unit-observations/tree0-test-Debug/test.log,4,hash_tests,546862371,705,0,705,pass,0.546862371
36996168725:linux-x86_64-sanitized-debug,unit-observations/tree0-test-Debug/test.log,5,simd_tests,1191151,157,0,157,pass,0.001191151
36996168725:linux-x86_64-sanitized-debug,unit-observations/tree0-test-Debug/test.log,6,string_tests,16555557847,161612,0,161612,pass,16.555557847
36996168725:linux-x86_64-sanitized-debug,unit-observations/tree0-test-Debug/test.log,7,os_tests,9372028862,1104,0,1104,pass,9.372028862
36996168725:linux-x86_64-sanitized-debug,unit-observations/tree0-test-Debug/test.log,8,file_tests,693031809,808,0,808,pass,0.693031809
36996168725:linux-x86_64-sanitized-debug,unit-observations/tree0-test-Debug/test.log,9,target_tests,81438960,6596,0,6596,pass,0.08143896
36996168725:linux-x86_64-sanitized-debug,unit-observations/tree0-test-Debug/test.log,10,truetype_tests,1025766286,142,0,142,pass,1.025766286
36996168725:linux-x86_64-sanitized-debug,unit-observations/tree0-test-Debug/test.log,11,image_tests,16653026,3125,0,3125,pass,0.016653026
36996168725:linux-x86_64-sanitized-debug,unit-observations/tree0-test-Debug/test.log,12,c_frontend_tests,154199927043,1071617,0,1071617,pass,154.199927043
36996168725:linux-x86_64-sanitized-debug,unit-observations/tree0-test-Debug/test.log,13,c_once_tests,300258551,47431,0,47431,pass,0.300258551
36996168725:linux-x86_64-sanitized-debug,unit-observations/tree0-test-Debug/test.log,14,c_type_layout_tests,3037951422,171,0,171,pass,3.037951422
36996168725:linux-x86_64-sanitized-debug,unit-observations/tree0-test-Debug/test.log,15,c_macro_conditional_tests,430628795,657,0,657,pass,0.430628795
36996168725:linux-x86_64-sanitized-debug,unit-observations/tree0-test-Debug/test.log,16,record_layout_tests,5355324144,47,0,47,pass,5.355324144
36996168725:linux-x86_64-sanitized-debug,unit-observations/tree0-test-Debug/test.log,17,metamorphic_tests,84568221609,116,0,116,pass,84.568221609
36996168725:linux-x86_64-sanitized-debug,unit-observations/tree0-test-Debug/test.log,18,aarch64_encoding_tests,25696086606,236732,0,236732,pass,25.696086606
36996168725:linux-x86_64-sanitized-debug,unit-observations/tree0-test-Debug/test.log,19,aarch64_exact_bridge_tests,273220,102,0,102,pass,0.00027322
36996168725:linux-x86_64-sanitized-debug,unit-observations/tree0-test-Debug/test.log,20,aarch64_control_semantics_tests,5379694,3377,0,3377,pass,0.005379694
36996168725:linux-x86_64-sanitized-debug,unit-observations/tree0-test-Debug/test.log,21,aarch64_system_registers_tests,53811113,108,0,108,pass,0.053811113
36996168725:linux-x86_64-sanitized-debug,unit-observations/tree0-test-Debug/test.log,22,aarch64_semantics_tests,256332354,215,0,215,pass,0.256332354
36996168725:linux-x86_64-sanitized-debug,unit-observations/tree0-test-Debug/test.log,23,aarch64_system_semantics_tests,375001729,694,0,694,pass,0.375001729
36996168725:linux-x86_64-sanitized-debug,unit-observations/tree0-test-Debug/test.log,24,aarch64_syntax_tests,4016126100,112,0,112,pass,4.0161261
36996168725:linux-x86_64-sanitized-debug,unit-observations/tree0-test-Debug/test.log,25,aarch64_semantic_vm_tests,2095306857,90,0,90,pass,2.095306857
36996168725:linux-x86_64-sanitized-debug,unit-observations/tree0-test-Debug/test.log,26,aarch64_direct_simd_tests,10726308921,152,0,152,pass,10.726308921
36996168725:linux-x86_64-sanitized-debug,unit-observations/tree0-test-Debug/test.log,27,aarch64_complex_simd_tests,16992268053,32,0,32,pass,16.992268053
36996168725:linux-x86_64-sanitized-debug,unit-observations/tree0-test-Debug/test.log,28,aarch64_memory_semantics_tests,55684128566,18,0,18,pass,55.684128566
36996168725:linux-x86_64-sanitized-debug,unit-observations/tree0-test-Debug/test.log,29,aarch64_alias_projection_tests,15980794,28,0,28,pass,0.015980794
36996168725:linux-x86_64-sanitized-debug,unit-observations/tree0-test-Debug/test.log,30,assembly_tests,9332030223,7846,0,7846,pass,9.332030223
36996168725:linux-x86_64-sanitized-debug,unit-observations/tree0-test-Debug/test.log,31,x86_64_forwarding_tests,6543172,13110,0,13110,pass,0.006543172
36996168725:linux-x86_64-sanitized-debug,unit-observations/tree0-test-Debug/test.log,32,x86_64_metadata_tests,41671502043,1619,0,1619,pass,41.671502043
36996168725:linux-x86_64-sanitized-debug,unit-observations/tree0-test-Debug/test.log,33,x86_64_tls_tests,238140115,307423,0,307423,pass,0.238140115
36996168725:linux-x86_64-sanitized-debug,unit-observations/tree0-test-Debug/test.log,34,executable_padding_tests,110889185,33062,0,33062,pass,0.110889185
36996168725:linux-x86_64-sanitized-debug,unit-observations/tree0-test-Debug/test.log,35,x86_64_got_tests,109892968,156385,0,156385,pass,0.109892968
36996168725:linux-x86_64-sanitized-debug,unit-observations/tree0-test-Debug/test.log,37,ir_tests,5743188893,351481,0,351481,pass,5.743188893
36996168725:linux-x86_64-sanitized-debug,unit-observations/tree0-test-Debug/test.log,38,vector_contract_tests,2141190560,3376,0,3376,pass,2.14119056
36996168725:linux-x86_64-sanitized-debug,unit-observations/tree0-test-Debug/test.log,39,llvm_bitcode_tests,4759537710,132495,0,132495,pass,4.75953771
36996168725:linux-x86_64-sanitized-debug,unit-observations/tree0-test-Debug/test.log,40,machine_selection_tests,59089513,631,0,631,pass,0.059089513
36996168725:linux-x86_64-sanitized-debug,unit-observations/tree0-test-Debug/test.log,41,machine_tests,27645945797,510548,0,510548,pass,27.645945797
36996168725:linux-x86_64-sanitized-debug,unit-observations/tree0-test-Debug/test.log,42,codegen_tests,4462413320,10331,0,10331,pass,4.46241332
36996168725:linux-x86_64-sanitized-debug,unit-observations/tree0-test-Debug/test.log,43,aarch64_stride_tests,46316028,98,0,98,pass,0.046316028
36996168725:linux-x86_64-sanitized-debug,unit-observations/tree0-test-Debug/test.log,44,debug_model_tests,272794569,716,0,716,pass,0.272794569
36996168725:linux-x86_64-sanitized-debug,unit-observations/tree0-test-Debug/test.log,45,dwarf_tests,1773215,110,0,110,pass,0.001773215
36996168725:linux-x86_64-sanitized-debug,unit-observations/tree0-test-Debug/test.log,46,codeview_tests,103893633,46748,0,46748,pass,0.103893633
36996168725:linux-x86_64-sanitized-debug,unit-observations/tree0-test-Debug/test.log,47,pdb_tests,1472052099,24848,0,24848,pass,1.472052099
36996168725:linux-x86_64-sanitized-debug,unit-observations/tree0-test-Debug/test.log,48,object_tests,8419092620,125572,0,125572,pass,8.41909262
36996168725:linux-x86_64-sanitized-debug,unit-observations/tree0-test-Debug/test.log,49,jit_tests,1200775,113,0,113,pass,0.001200775
36996168725:linux-x86_64-sanitized-debug,unit-observations/tree0-test-Debug/test.log,50,link_tests,11182409822,147992,0,147992,pass,11.182409822
36996168725:linux-x86_64-sanitized-debug,unit-observations/tree0-test-Debug/test.log,51,gpu_pipeline_tests,126974564,231,0,231,pass,0.126974564
36996168725:linux-x86_64-sanitized-debug,unit-observations/tree0-test-Debug/test.log,52,compiler_diagnostic_tests,2141684533,541,0,541,pass,2.141684533
36996168725:linux-x86_64-sanitized-debug,unit-observations/tree0-test-Debug/test.log,54,compiler_driver_object_path_tests,313983507,39,0,39,pass,0.313983507
36996168725:linux-x86_64-sanitized-debug,unit-observations/tree0-test-Debug/test.log,55,x86_64_tests,9660941,18,0,18,pass,0.009660941
36996168725:linux-x86_64-sanitized-release,unit-observations/tree0-test-Release/test.log,53,compiler_driver_tests,86149072575,46545,0,46545,pass,86.149072575
36996168725:linux-x86_64-sanitized-release,unit-observations/tree0-test-Release/test.log,0,byte_writer_tests,60503,484,0,484,pass,6.0503e-05
36996168725:linux-x86_64-sanitized-release,unit-observations/tree0-test-Release/test.log,1,arena_tests,436531202,141,0,141,pass,0.436531202
36996168725:linux-x86_64-sanitized-release,unit-observations/tree0-test-Release/test.log,2,integer_tests,41970944,1526605,0,1526605,pass,0.041970944
36996168725:linux-x86_64-sanitized-release,unit-observations/tree0-test-Release/test.log,3,sanitizer_tests,428422904,30,0,30,pass,0.428422904
36996168725:linux-x86_64-sanitized-release,unit-observations/tree0-test-Release/test.log,4,hash_tests,9635833,705,0,705,pass,0.009635833
36996168725:linux-x86_64-sanitized-release,unit-observations/tree0-test-Release/test.log,5,simd_tests,20948,157,0,157,pass,2.0948e-05
36996168725:linux-x86_64-sanitized-release,unit-observations/tree0-test-Release/test.log,6,string_tests,3327811483,161612,0,161612,pass,3.327811483
36996168725:linux-x86_64-sanitized-release,unit-observations/tree0-test-Release/test.log,7,os_tests,5763887555,1104,0,1104,pass,5.763887555
36996168725:linux-x86_64-sanitized-release,unit-observations/tree0-test-Release/test.log,8,file_tests,162961519,808,0,808,pass,0.162961519
36996168725:linux-x86_64-sanitized-release,unit-observations/tree0-test-Release/test.log,9,target_tests,9166791,6596,0,6596,pass,0.009166791
36996168725:linux-x86_64-sanitized-release,unit-observations/tree0-test-Release/test.log,10,truetype_tests,27162624,142,0,142,pass,0.027162624
36996168725:linux-x86_64-sanitized-release,unit-observations/tree0-test-Release/test.log,11,image_tests,2791544,3125,0,3125,pass,0.002791544
36996168725:linux-x86_64-sanitized-release,unit-observations/tree0-test-Release/test.log,12,c_frontend_tests,18764340048,1071617,0,1071617,pass,18.764340048
36996168725:linux-x86_64-sanitized-release,unit-observations/tree0-test-Release/test.log,13,c_once_tests,41804105,47431,0,47431,pass,0.041804105
36996168725:linux-x86_64-sanitized-release,unit-observations/tree0-test-Release/test.log,14,c_type_layout_tests,352380116,171,0,171,pass,0.352380116
36996168725:linux-x86_64-sanitized-release,unit-observations/tree0-test-Release/test.log,15,c_macro_conditional_tests,71821171,657,0,657,pass,0.071821171
36996168725:linux-x86_64-sanitized-release,unit-observations/tree0-test-Release/test.log,16,record_layout_tests,672910016,47,0,47,pass,0.672910016
36996168725:linux-x86_64-sanitized-release,unit-observations/tree0-test-Release/test.log,17,metamorphic_tests,12628105814,116,0,116,pass,12.628105814
36996168725:linux-x86_64-sanitized-release,unit-observations/tree0-test-Release/test.log,18,aarch64_encoding_tests,1337923249,236732,0,236732,pass,1.337923249
36996168725:linux-x86_64-sanitized-release,unit-observations/tree0-test-Release/test.log,19,aarch64_exact_bridge_tests,45365,102,0,102,pass,4.5365e-05
36996168725:linux-x86_64-sanitized-release,unit-observations/tree0-test-Release/test.log,20,aarch64_control_semantics_tests,801515,3377,0,3377,pass,0.000801515
36996168725:linux-x86_64-sanitized-release,unit-observations/tree0-test-Release/test.log,21,aarch64_system_registers_tests,5183675,108,0,108,pass,0.005183675
36996168725:linux-x86_64-sanitized-release,unit-observations/tree0-test-Release/test.log,22,aarch64_semantics_tests,26690646,215,0,215,pass,0.026690646
36996168725:linux-x86_64-sanitized-release,unit-observations/tree0-test-Release/test.log,23,aarch64_system_semantics_tests,22363688,694,0,694,pass,0.022363688
36996168725:linux-x86_64-sanitized-release,unit-observations/tree0-test-Release/test.log,24,aarch64_syntax_tests,268668592,112,0,112,pass,0.268668592
36996168725:linux-x86_64-sanitized-release,unit-observations/tree0-test-Release/test.log,25,aarch64_semantic_vm_tests,131647986,90,0,90,pass,0.131647986
36996168725:linux-x86_64-sanitized-release,unit-observations/tree0-test-Release/test.log,26,aarch64_direct_simd_tests,660255915,152,0,152,pass,0.660255915
36996168725:linux-x86_64-sanitized-release,unit-observations/tree0-test-Release/test.log,27,aarch64_complex_simd_tests,821729993,32,0,32,pass,0.821729993
36996168725:linux-x86_64-sanitized-release,unit-observations/tree0-test-Release/test.log,28,aarch64_memory_semantics_tests,2022161106,18,0,18,pass,2.022161106
36996168725:linux-x86_64-sanitized-release,unit-observations/tree0-test-Release/test.log,29,aarch64_alias_projection_tests,843332,28,0,28,pass,0.000843332
36996168725:linux-x86_64-sanitized-release,unit-observations/tree0-test-Release/test.log,30,assembly_tests,632582377,7846,0,7846,pass,0.632582377
36996168725:linux-x86_64-sanitized-release,unit-observations/tree0-test-Release/test.log,31,x86_64_forwarding_tests,977814,13110,0,13110,pass,0.000977814
36996168725:linux-x86_64-sanitized-release,unit-observations/tree0-test-Release/test.log,32,x86_64_metadata_tests,2844840296,1619,0,1619,pass,2.844840296
36996168725:linux-x86_64-sanitized-release,unit-observations/tree0-test-Release/test.log,33,x86_64_tls_tests,17643821,307423,0,307423,pass,0.017643821
36996168725:linux-x86_64-sanitized-release,unit-observations/tree0-test-Release/test.log,34,executable_padding_tests,7414805,33062,0,33062,pass,0.007414805
36996168725:linux-x86_64-sanitized-release,unit-observations/tree0-test-Release/test.log,35,x86_64_got_tests,12901736,156385,0,156385,pass,0.012901736
36996168725:linux-x86_64-sanitized-release,unit-observations/tree0-test-Release/test.log,37,ir_tests,302017135,351481,0,351481,pass,0.302017135
36996168725:linux-x86_64-sanitized-release,unit-observations/tree0-test-Release/test.log,38,vector_contract_tests,294718070,3376,0,3376,pass,0.29471807
36996168725:linux-x86_64-sanitized-release,unit-observations/tree0-test-Release/test.log,39,llvm_bitcode_tests,2717836645,132495,0,132495,pass,2.717836645
36996168725:linux-x86_64-sanitized-release,unit-observations/tree0-test-Release/test.log,40,machine_selection_tests,7585553,631,0,631,pass,0.007585553
36996168725:linux-x86_64-sanitized-release,unit-observations/tree0-test-Release/test.log,41,machine_tests,3208067640,510548,0,510548,pass,3.20806764
36996168725:linux-x86_64-sanitized-release,unit-observations/tree0-test-Release/test.log,42,codegen_tests,479178339,10331,0,10331,pass,0.479178339
36996168725:linux-x86_64-sanitized-release,unit-observations/tree0-test-Release/test.log,43,aarch64_stride_tests,6263398,98,0,98,pass,0.006263398
36996168725:linux-x86_64-sanitized-release,unit-observations/tree0-test-Release/test.log,44,debug_model_tests,11653318,716,0,716,pass,0.011653318
36996168725:linux-x86_64-sanitized-release,unit-observations/tree0-test-Release/test.log,45,dwarf_tests,187941,110,0,110,pass,0.000187941
36996168725:linux-x86_64-sanitized-release,unit-observations/tree0-test-Release/test.log,46,codeview_tests,8585468,46748,0,46748,pass,0.008585468
36996168725:linux-x86_64-sanitized-release,unit-observations/tree0-test-Release/test.log,47,pdb_tests,1046016894,24848,0,24848,pass,1.046016894
36996168725:linux-x86_64-sanitized-release,unit-observations/tree0-test-Release/test.log,48,object_tests,412260620,125570,0,125570,pass,0.41226062
36996168725:linux-x86_64-sanitized-release,unit-observations/tree0-test-Release/test.log,49,jit_tests,245227,113,0,113,pass,0.000245227
36996168725:linux-x86_64-sanitized-release,unit-observations/tree0-test-Release/test.log,50,link_tests,938071990,147992,0,147992,pass,0.93807199
36996168725:linux-x86_64-sanitized-release,unit-observations/tree0-test-Release/test.log,51,gpu_pipeline_tests,110444930,231,0,231,pass,0.11044493
36996168725:linux-x86_64-sanitized-release,unit-observations/tree0-test-Release/test.log,52,compiler_diagnostic_tests,365257847,541,0,541,pass,0.365257847
36996168725:linux-x86_64-sanitized-release,unit-observations/tree0-test-Release/test.log,54,compiler_driver_object_path_tests,54858579,39,0,39,pass,0.054858579
36996168725:linux-x86_64-sanitized-release,unit-observations/tree0-test-Release/test.log,55,x86_64_tests,2274112,18,0,18,pass,0.002274112
36991068435:macos-aarch64-checks,unit-observations/tree0-test-Debug/test.log,0,byte_writer_tests,49000,484,0,484,pass,4.9e-05
36991068435:macos-aarch64-checks,unit-observations/tree0-test-Debug/test.log,1,arena_tests,1363086000,140,0,140,pass,1.363086
36991068435:macos-aarch64-checks,unit-observations/tree0-test-Debug/test.log,2,integer_tests,626664000,1526605,0,1526605,pass,0.626664
36991068435:macos-aarch64-checks,unit-observations/tree0-test-Debug/test.log,3,sanitizer_tests,290383000,19,0,19,pass,0.290383
36991068435:macos-aarch64-checks,unit-observations/tree0-test-Debug/test.log,4,hash_tests,95041000,705,0,705,pass,0.095041
36991068435:macos-aarch64-checks,unit-observations/tree0-test-Debug/test.log,5,simd_tests,219000,157,0,157,pass,0.000219
36991068435:macos-aarch64-checks,unit-observations/tree0-test-Debug/test.log,6,string_tests,10769475000,161612,0,161612,pass,10.769475
36991068435:macos-aarch64-checks,unit-observations/tree0-test-Debug/test.log,7,os_tests,8719791000,1086,0,1086,pass,8.719791
36991068435:macos-aarch64-checks,unit-observations/tree0-test-Debug/test.log,8,file_tests,205791000,800,0,800,pass,0.205791
36991068435:macos-aarch64-checks,unit-observations/tree0-test-Debug/test.log,9,target_tests,3714000,878,0,878,pass,0.003714
36991068435:macos-aarch64-checks,unit-observations/tree0-test-Debug/test.log,10,truetype_tests,248997000,142,0,142,pass,0.248997
36991068435:macos-aarch64-checks,unit-observations/tree0-test-Debug/test.log,11,image_tests,4564000,3125,0,3125,pass,0.004564
36991068435:macos-aarch64-checks,unit-observations/tree0-test-Debug/test.log,12,c_frontend_tests,67722085000,1071377,0,1071377,pass,67.722085
36991068435:macos-aarch64-checks,unit-observations/tree0-test-Debug/test.log,13,c_once_tests,294920000,47437,0,47437,pass,0.29492
36991068435:macos-aarch64-checks,unit-observations/tree0-test-Debug/test.log,14,c_type_layout_tests,1374646000,171,0,171,pass,1.374646
36991068435:macos-aarch64-checks,unit-observations/tree0-test-Debug/test.log,15,c_macro_conditional_tests,181274000,565,0,565,pass,0.181274
36991068435:macos-aarch64-checks,unit-observations/tree0-test-Debug/test.log,16,record_layout_tests,2248632000,47,0,47,pass,2.248632
36991068435:macos-aarch64-checks,unit-observations/tree0-test-Debug/test.log,17,metamorphic_tests,10447889000,116,0,116,pass,10.447889
36991068435:macos-aarch64-checks,unit-observations/tree0-test-Debug/test.log,18,aarch64_encoding_tests,10464033000,236732,0,236732,pass,10.464033
36991068435:macos-aarch64-checks,unit-observations/tree0-test-Debug/test.log,19,aarch64_exact_bridge_tests,113000,102,0,102,pass,0.000113
36991068435:macos-aarch64-checks,unit-observations/tree0-test-Debug/test.log,20,aarch64_control_semantics_tests,1581000,3377,0,3377,pass,0.001581
36991068435:macos-aarch64-checks,unit-observations/tree0-test-Debug/test.log,21,aarch64_system_registers_tests,13187000,108,0,108,pass,0.013187
36991068435:macos-aarch64-checks,unit-observations/tree0-test-Debug/test.log,22,aarch64_semantics_tests,60432000,215,0,215,pass,0.060432
36991068435:macos-aarch64-checks,unit-observations/tree0-test-Debug/test.log,23,aarch64_system_semantics_tests,168457000,694,0,694,pass,0.168457
36991068435:macos-aarch64-checks,unit-observations/tree0-test-Debug/test.log,24,aarch64_syntax_tests,1438472000,112,0,112,pass,1.438472
36991068435:macos-aarch64-checks,unit-observations/tree0-test-Debug/test.log,25,aarch64_semantic_vm_tests,678790000,90,0,90,pass,0.67879
36991068435:macos-aarch64-checks,unit-observations/tree0-test-Debug/test.log,26,aarch64_direct_simd_tests,1311428000,152,0,152,pass,1.311428
36991068435:macos-aarch64-checks,unit-observations/tree0-test-Debug/test.log,27,aarch64_complex_simd_tests,1830274000,32,0,32,pass,1.830274
36991068435:macos-aarch64-checks,unit-observations/tree0-test-Debug/test.log,28,aarch64_memory_semantics_tests,8754517000,18,0,18,pass,8.754517
36991068435:macos-aarch64-checks,unit-observations/tree0-test-Debug/test.log,29,aarch64_alias_projection_tests,2597000,28,0,28,pass,0.002597
36991068435:macos-aarch64-checks,unit-observations/tree0-test-Debug/test.log,30,assembly_tests,2565702000,7827,0,7827,pass,2.565702
36991068435:macos-aarch64-checks,unit-observations/tree0-test-Debug/test.log,31,x86_64_forwarding_tests,2089000,13110,0,13110,pass,0.002089
36991068435:macos-aarch64-checks,unit-observations/tree0-test-Debug/test.log,32,x86_64_metadata_tests,13428479000,1589,0,1589,pass,13.428479
36991068435:macos-aarch64-checks,unit-observations/tree0-test-Debug/test.log,33,x86_64_tls_tests,86707000,307423,0,307423,pass,0.086707
36991068435:macos-aarch64-checks,unit-observations/tree0-test-Debug/test.log,34,executable_padding_tests,41150000,33062,0,33062,pass,0.04115
36991068435:macos-aarch64-checks,unit-observations/tree0-test-Debug/test.log,35,x86_64_got_tests,63719000,156385,0,156385,pass,0.063719
36991068435:macos-aarch64-checks,unit-observations/tree0-test-Debug/test.log,36,ir_tests,2911886000,351481,0,351481,pass,2.911886
36991068435:macos-aarch64-checks,unit-observations/tree0-test-Debug/test.log,37,vector_contract_tests,1223073000,3376,0,3376,pass,1.223073
36991068435:macos-aarch64-checks,unit-observations/tree0-test-Debug/test.log,38,llvm_bitcode_tests,8534452000,132440,0,132440,pass,8.534452
36991068435:macos-aarch64-checks,unit-observations/tree0-test-Debug/test.log,39,machine_selection_tests,26504000,631,0,631,pass,0.026504
36991068435:macos-aarch64-checks,unit-observations/tree0-test-Debug/test.log,40,machine_tests,13699000000,510548,0,510548,pass,13.699
36991068435:macos-aarch64-checks,unit-observations/tree0-test-Debug/test.log,41,codegen_tests,2257598000,10324,0,10324,pass,2.257598
36991068435:macos-aarch64-checks,unit-observations/tree0-test-Debug/test.log,42,aarch64_stride_tests,33700000,98,0,98,pass,0.0337
36991068435:macos-aarch64-checks,unit-observations/tree0-test-Debug/test.log,43,debug_model_tests,92910000,716,0,716,pass,0.09291
36991068435:macos-aarch64-checks,unit-observations/tree0-test-Debug/test.log,44,dwarf_tests,543000,110,0,110,pass,0.000543
36991068435:macos-aarch64-checks,unit-observations/tree0-test-Debug/test.log,45,codeview_tests,34991000,46748,0,46748,pass,0.034991
36991068435:macos-aarch64-checks,unit-observations/tree0-test-Debug/test.log,46,pdb_tests,1249982000,24848,0,24848,pass,1.249982
36991068435:macos-aarch64-checks,unit-observations/tree0-test-Debug/test.log,47,object_tests,2829607000,125570,0,125570,pass,2.829607
36991068435:macos-aarch64-checks,unit-observations/tree0-test-Debug/test.log,48,jit_tests,226000,100,0,100,pass,0.000226
36991068435:macos-aarch64-checks,unit-observations/tree0-test-Debug/test.log,49,link_tests,7023711000,147841,0,147841,pass,7.023711
36991068435:macos-aarch64-checks,unit-observations/tree0-test-Debug/test.log,50,gpu_pipeline_tests,120550000,231,0,231,pass,0.12055
36991068435:macos-aarch64-checks,unit-observations/tree0-test-Debug/test.log,51,compiler_diagnostic_tests,591490000,541,0,541,pass,0.59149
36991068435:macos-aarch64-checks,unit-observations/tree0-test-Debug/test.log,52,compiler_driver_tests,183191438000,43795,0,43795,pass,183.191438
36991068435:macos-aarch64-checks,unit-observations/tree0-test-Debug/test.log,53,compiler_driver_object_path_tests,107277000,39,0,39,pass,0.107277
36991068435:macos-aarch64-checks,unit-observations/tree0-test-Release/test.log,0,byte_writer_tests,53000,484,0,484,pass,5.3e-05
36991068435:macos-aarch64-checks,unit-observations/tree0-test-Release/test.log,1,arena_tests,1486004000,140,0,140,pass,1.486004
36991068435:macos-aarch64-checks,unit-observations/tree0-test-Release/test.log,2,integer_tests,187996000,1526605,0,1526605,pass,0.187996
36991068435:macos-aarch64-checks,unit-observations/tree0-test-Release/test.log,3,sanitizer_tests,376852000,19,0,19,pass,0.376852
36991068435:macos-aarch64-checks,unit-observations/tree0-test-Release/test.log,4,hash_tests,10810000,705,0,705,pass,0.01081
36991068435:macos-aarch64-checks,unit-observations/tree0-test-Release/test.log,5,simd_tests,12000,157,0,157,pass,1.2e-05
36991068435:macos-aarch64-checks,unit-observations/tree0-test-Release/test.log,6,string_tests,9107153000,161612,0,161612,pass,9.107153
36991068435:macos-aarch64-checks,unit-observations/tree0-test-Release/test.log,7,os_tests,10361798000,1086,0,1086,pass,10.361798
36991068435:macos-aarch64-checks,unit-observations/tree0-test-Release/test.log,8,file_tests,229073000,800,0,800,pass,0.229073
36991068435:macos-aarch64-checks,unit-observations/tree0-test-Release/test.log,9,target_tests,1389000,878,0,878,pass,0.001389
36991068435:macos-aarch64-checks,unit-observations/tree0-test-Release/test.log,10,truetype_tests,48742000,142,0,142,pass,0.048742
36991068435:macos-aarch64-checks,unit-observations/tree0-test-Release/test.log,11,image_tests,1076000,3125,0,3125,pass,0.001076
36991068435:macos-aarch64-checks,unit-observations/tree0-test-Release/test.log,12,c_frontend_tests,14124679000,1071377,0,1071377,pass,14.124679
36991068435:macos-aarch64-checks,unit-observations/tree0-test-Release/test.log,13,c_once_tests,173224000,47437,0,47437,pass,0.173224
36991068435:macos-aarch64-checks,unit-observations/tree0-test-Release/test.log,14,c_type_layout_tests,340608000,171,0,171,pass,0.340608
36991068435:macos-aarch64-checks,unit-observations/tree0-test-Release/test.log,15,c_macro_conditional_tests,80282000,565,0,565,pass,0.080282
36991068435:macos-aarch64-checks,unit-observations/tree0-test-Release/test.log,16,record_layout_tests,463608000,47,0,47,pass,0.463608
36991068435:macos-aarch64-checks,unit-observations/tree0-test-Release/test.log,17,metamorphic_tests,9032887000,116,0,116,pass,9.032887
36991068435:macos-aarch64-checks,unit-observations/tree0-test-Release/test.log,18,aarch64_encoding_tests,1686001000,236732,0,236732,pass,1.686001
36991068435:macos-aarch64-checks,unit-observations/tree0-test-Release/test.log,19,aarch64_exact_bridge_tests,32000,102,0,102,pass,3.2e-05
36991068435:macos-aarch64-checks,unit-observations/tree0-test-Release/test.log,20,aarch64_control_semantics_tests,770000,3377,0,3377,pass,0.00077
36991068435:macos-aarch64-checks,unit-observations/tree0-test-Release/test.log,21,aarch64_system_registers_tests,5920000,108,0,108,pass,0.00592
36991068435:macos-aarch64-checks,unit-observations/tree0-test-Release/test.log,22,aarch64_semantics_tests,22532000,215,0,215,pass,0.022532
36991068435:macos-aarch64-checks,unit-observations/tree0-test-Release/test.log,23,aarch64_system_semantics_tests,16862000,694,0,694,pass,0.016862
36991068435:macos-aarch64-checks,unit-observations/tree0-test-Release/test.log,24,aarch64_syntax_tests,203024000,112,0,112,pass,0.203024
36991068435:macos-aarch64-checks,unit-observations/tree0-test-Release/test.log,25,aarch64_semantic_vm_tests,167322000,90,0,90,pass,0.167322
36991068435:macos-aarch64-checks,unit-observations/tree0-test-Release/test.log,26,aarch64_direct_simd_tests,685076000,152,0,152,pass,0.685076
36991068435:macos-aarch64-checks,unit-observations/tree0-test-Release/test.log,27,aarch64_complex_simd_tests,794115000,32,0,32,pass,0.794115
36991068435:macos-aarch64-checks,unit-observations/tree0-test-Release/test.log,28,aarch64_memory_semantics_tests,2500282000,18,0,18,pass,2.500282
36991068435:macos-aarch64-checks,unit-observations/tree0-test-Release/test.log,29,aarch64_alias_projection_tests,705000,28,0,28,pass,0.000705
36991068435:macos-aarch64-checks,unit-observations/tree0-test-Release/test.log,30,assembly_tests,745469000,7827,0,7827,pass,0.745469
36991068435:macos-aarch64-checks,unit-observations/tree0-test-Release/test.log,31,x86_64_forwarding_tests,1653000,13110,0,13110,pass,0.001653
36991068435:macos-aarch64-checks,unit-observations/tree0-test-Release/test.log,32,x86_64_metadata_tests,2892634000,1589,0,1589,pass,2.892634
36991068435:macos-aarch64-checks,unit-observations/tree0-test-Release/test.log,33,x86_64_tls_tests,14991000,307423,0,307423,pass,0.014991
36991068435:macos-aarch64-checks,unit-observations/tree0-test-Release/test.log,34,executable_padding_tests,6173000,33062,0,33062,pass,0.006173
36991068435:macos-aarch64-checks,unit-observations/tree0-test-Release/test.log,35,x86_64_got_tests,11134000,156385,0,156385,pass,0.011134
36991068435:macos-aarch64-checks,unit-observations/tree0-test-Release/test.log,36,ir_tests,223298000,351481,0,351481,pass,0.223298
36991068435:macos-aarch64-checks,unit-observations/tree0-test-Release/test.log,37,vector_contract_tests,208722000,3376,0,3376,pass,0.208722
36991068435:macos-aarch64-checks,unit-observations/tree0-test-Release/test.log,38,llvm_bitcode_tests,3785361000,132440,0,132440,pass,3.785361
36991068435:macos-aarch64-checks,unit-observations/tree0-test-Release/test.log,39,machine_selection_tests,6769000,631,0,631,pass,0.006769
36991068435:macos-aarch64-checks,unit-observations/tree0-test-Release/test.log,40,machine_tests,2201393000,510548,0,510548,pass,2.201393
36991068435:macos-aarch64-checks,unit-observations/tree0-test-Release/test.log,41,codegen_tests,549837000,10324,0,10324,pass,0.549837
36991068435:macos-aarch64-checks,unit-observations/tree0-test-Release/test.log,42,aarch64_stride_tests,5059000,98,0,98,pass,0.005059
36991068435:macos-aarch64-checks,unit-observations/tree0-test-Release/test.log,43,debug_model_tests,15918000,716,0,716,pass,0.015918
36991068435:macos-aarch64-checks,unit-observations/tree0-test-Release/test.log,44,dwarf_tests,223000,110,0,110,pass,0.000223
36991068435:macos-aarch64-checks,unit-observations/tree0-test-Release/test.log,45,codeview_tests,6736000,46748,0,46748,pass,0.006736
36991068435:macos-aarch64-checks,unit-observations/tree0-test-Release/test.log,46,pdb_tests,1007427000,24848,0,24848,pass,1.007427
36991068435:macos-aarch64-checks,unit-observations/tree0-test-Release/test.log,47,object_tests,460170000,125570,0,125570,pass,0.46017
36991068435:macos-aarch64-checks,unit-observations/tree0-test-Release/test.log,48,jit_tests,79000,100,0,100,pass,7.9e-05
36991068435:macos-aarch64-checks,unit-observations/tree0-test-Release/test.log,49,link_tests,1177772000,147841,0,147841,pass,1.177772
36991068435:macos-aarch64-checks,unit-observations/tree0-test-Release/test.log,50,gpu_pipeline_tests,118383000,231,0,231,pass,0.118383
36991068435:macos-aarch64-checks,unit-observations/tree0-test-Release/test.log,51,compiler_diagnostic_tests,539397000,541,0,541,pass,0.539397
36991068435:macos-aarch64-checks,unit-observations/tree0-test-Release/test.log,52,compiler_driver_tests,64031791000,43795,0,43795,pass,64.031791
36991068435:macos-aarch64-checks,unit-observations/tree0-test-Release/test.log,53,compiler_driver_object_path_tests,54980000,39,0,39,pass,0.05498
36996168725:macos-aarch64-checks,unit-observations/tree0-test-Debug/test.log,0,byte_writer_tests,52000,484,0,484,pass,5.2e-05
36996168725:macos-aarch64-checks,unit-observations/tree0-test-Debug/test.log,1,arena_tests,1332377000,140,0,140,pass,1.332377
36996168725:macos-aarch64-checks,unit-observations/tree0-test-Debug/test.log,2,integer_tests,518390000,1526605,0,1526605,pass,0.51839
36996168725:macos-aarch64-checks,unit-observations/tree0-test-Debug/test.log,3,sanitizer_tests,287791000,19,0,19,pass,0.287791
36996168725:macos-aarch64-checks,unit-observations/tree0-test-Debug/test.log,4,hash_tests,148403000,705,0,705,pass,0.148403
36996168725:macos-aarch64-checks,unit-observations/tree0-test-Debug/test.log,5,simd_tests,424000,157,0,157,pass,0.000424
36996168725:macos-aarch64-checks,unit-observations/tree0-test-Debug/test.log,6,string_tests,12463034000,161612,0,161612,pass,12.463034
36996168725:macos-aarch64-checks,unit-observations/tree0-test-Debug/test.log,7,os_tests,9620922000,1086,0,1086,pass,9.620922
36996168725:macos-aarch64-checks,unit-observations/tree0-test-Debug/test.log,8,file_tests,310562000,800,0,800,pass,0.310562
36996168725:macos-aarch64-checks,unit-observations/tree0-test-Debug/test.log,9,target_tests,4324000,878,0,878,pass,0.004324
36996168725:macos-aarch64-checks,unit-observations/tree0-test-Debug/test.log,10,truetype_tests,332397000,142,0,142,pass,0.332397
36996168725:macos-aarch64-checks,unit-observations/tree0-test-Debug/test.log,11,image_tests,5584000,3125,0,3125,pass,0.005584
36996168725:macos-aarch64-checks,unit-observations/tree0-test-Debug/test.log,12,c_frontend_tests,68550043000,1071377,0,1071377,pass,68.550043
36996168725:macos-aarch64-checks,unit-observations/tree0-test-Debug/test.log,13,c_once_tests,500772000,47437,0,47437,pass,0.500772
36996168725:macos-aarch64-checks,unit-observations/tree0-test-Debug/test.log,14,c_type_layout_tests,1563897000,171,0,171,pass,1.563897
36996168725:macos-aarch64-checks,unit-observations/tree0-test-Debug/test.log,15,c_macro_conditional_tests,193281000,565,0,565,pass,0.193281
36996168725:macos-aarch64-checks,unit-observations/tree0-test-Debug/test.log,16,record_layout_tests,2843835000,47,0,47,pass,2.843835
36996168725:macos-aarch64-checks,unit-observations/tree0-test-Debug/test.log,17,metamorphic_tests,10921832000,116,0,116,pass,10.921832
36996168725:macos-aarch64-checks,unit-observations/tree0-test-Debug/test.log,18,aarch64_encoding_tests,9361112000,236732,0,236732,pass,9.361112
36996168725:macos-aarch64-checks,unit-observations/tree0-test-Debug/test.log,19,aarch64_exact_bridge_tests,86000,102,0,102,pass,8.6e-05
36996168725:macos-aarch64-checks,unit-observations/tree0-test-Debug/test.log,20,aarch64_control_semantics_tests,2504000,3377,0,3377,pass,0.002504
36996168725:macos-aarch64-checks,unit-observations/tree0-test-Debug/test.log,21,aarch64_system_registers_tests,15424000,108,0,108,pass,0.015424
36996168725:macos-aarch64-checks,unit-observations/tree0-test-Debug/test.log,22,aarch64_semantics_tests,69768000,215,0,215,pass,0.069768
36996168725:macos-aarch64-checks,unit-observations/tree0-test-Debug/test.log,23,aarch64_system_semantics_tests,140229000,694,0,694,pass,0.140229
36996168725:macos-aarch64-checks,unit-observations/tree0-test-Debug/test.log,24,aarch64_syntax_tests,1338966000,112,0,112,pass,1.338966
36996168725:macos-aarch64-checks,unit-observations/tree0-test-Debug/test.log,25,aarch64_semantic_vm_tests,767954000,90,0,90,pass,0.767954
36996168725:macos-aarch64-checks,unit-observations/tree0-test-Debug/test.log,26,aarch64_direct_simd_tests,1625045000,152,0,152,pass,1.625045
36996168725:macos-aarch64-checks,unit-observations/tree0-test-Debug/test.log,27,aarch64_complex_simd_tests,2088351000,32,0,32,pass,2.088351
36996168725:macos-aarch64-checks,unit-observations/tree0-test-Debug/test.log,28,aarch64_memory_semantics_tests,9608079000,18,0,18,pass,9.608079
36996168725:macos-aarch64-checks,unit-observations/tree0-test-Debug/test.log,29,aarch64_alias_projection_tests,2526000,28,0,28,pass,0.002526
36996168725:macos-aarch64-checks,unit-observations/tree0-test-Debug/test.log,30,assembly_tests,2279109000,7827,0,7827,pass,2.279109
36996168725:macos-aarch64-checks,unit-observations/tree0-test-Debug/test.log,31,x86_64_forwarding_tests,1517000,13110,0,13110,pass,0.001517
36996168725:macos-aarch64-checks,unit-observations/tree0-test-Debug/test.log,32,x86_64_metadata_tests,12304565000,1589,0,1589,pass,12.304565
36996168725:macos-aarch64-checks,unit-observations/tree0-test-Debug/test.log,33,x86_64_tls_tests,68181000,307423,0,307423,pass,0.068181
36996168725:macos-aarch64-checks,unit-observations/tree0-test-Debug/test.log,34,executable_padding_tests,33004000,33062,0,33062,pass,0.033004
36996168725:macos-aarch64-checks,unit-observations/tree0-test-Debug/test.log,35,x86_64_got_tests,38271000,156385,0,156385,pass,0.038271
36996168725:macos-aarch64-checks,unit-observations/tree0-test-Debug/test.log,36,ir_tests,2445722000,351481,0,351481,pass,2.445722
36996168725:macos-aarch64-checks,unit-observations/tree0-test-Debug/test.log,37,vector_contract_tests,1108440000,3376,0,3376,pass,1.10844
36996168725:macos-aarch64-checks,unit-observations/tree0-test-Debug/test.log,38,llvm_bitcode_tests,5692825000,132440,0,132440,pass,5.692825
36996168725:macos-aarch64-checks,unit-observations/tree0-test-Debug/test.log,39,machine_selection_tests,22344000,631,0,631,pass,0.022344
36996168725:macos-aarch64-checks,unit-observations/tree0-test-Debug/test.log,40,machine_tests,12376910000,510548,0,510548,pass,12.37691
36996168725:macos-aarch64-checks,unit-observations/tree0-test-Debug/test.log,41,codegen_tests,2058445000,10324,0,10324,pass,2.058445
36996168725:macos-aarch64-checks,unit-observations/tree0-test-Debug/test.log,42,aarch64_stride_tests,23079000,98,0,98,pass,0.023079
36996168725:macos-aarch64-checks,unit-observations/tree0-test-Debug/test.log,43,debug_model_tests,89208000,716,0,716,pass,0.089208
36996168725:macos-aarch64-checks,unit-observations/tree0-test-Debug/test.log,44,dwarf_tests,569000,110,0,110,pass,0.000569
36996168725:macos-aarch64-checks,unit-observations/tree0-test-Debug/test.log,45,codeview_tests,42396000,46748,0,46748,pass,0.042396
36996168725:macos-aarch64-checks,unit-observations/tree0-test-Debug/test.log,46,pdb_tests,1390807000,24848,0,24848,pass,1.390807
36996168725:macos-aarch64-checks,unit-observations/tree0-test-Debug/test.log,47,object_tests,2908656000,125570,0,125570,pass,2.908656
36996168725:macos-aarch64-checks,unit-observations/tree0-test-Debug/test.log,48,jit_tests,510000,100,0,100,pass,0.00051
36996168725:macos-aarch64-checks,unit-observations/tree0-test-Debug/test.log,49,link_tests,8344175000,147841,0,147841,pass,8.344175
36996168725:macos-aarch64-checks,unit-observations/tree0-test-Debug/test.log,50,gpu_pipeline_tests,133727000,231,0,231,pass,0.133727
36996168725:macos-aarch64-checks,unit-observations/tree0-test-Debug/test.log,51,compiler_diagnostic_tests,602135000,541,0,541,pass,0.602135
36996168725:macos-aarch64-checks,unit-observations/tree0-test-Debug/test.log,52,compiler_driver_tests,195369877000,43795,0,43795,pass,195.369877
36996168725:macos-aarch64-checks,unit-observations/tree0-test-Debug/test.log,53,compiler_driver_object_path_tests,143775000,39,0,39,pass,0.143775
36996168725:macos-aarch64-checks,unit-observations/tree0-test-Release/test.log,0,byte_writer_tests,52000,484,0,484,pass,5.2e-05
36996168725:macos-aarch64-checks,unit-observations/tree0-test-Release/test.log,1,arena_tests,1513708000,140,0,140,pass,1.513708
36996168725:macos-aarch64-checks,unit-observations/tree0-test-Release/test.log,2,integer_tests,158563000,1526605,0,1526605,pass,0.158563
36996168725:macos-aarch64-checks,unit-observations/tree0-test-Release/test.log,3,sanitizer_tests,363006000,19,0,19,pass,0.363006
36996168725:macos-aarch64-checks,unit-observations/tree0-test-Release/test.log,4,hash_tests,11323000,705,0,705,pass,0.011323
36996168725:macos-aarch64-checks,unit-observations/tree0-test-Release/test.log,5,simd_tests,25000,157,0,157,pass,2.5e-05
36996168725:macos-aarch64-checks,unit-observations/tree0-test-Release/test.log,6,string_tests,9450815000,161612,0,161612,pass,9.450815
36996168725:macos-aarch64-checks,unit-observations/tree0-test-Release/test.log,7,os_tests,9690287000,1086,0,1086,pass,9.690287
36996168725:macos-aarch64-checks,unit-observations/tree0-test-Release/test.log,8,file_tests,300035000,800,0,800,pass,0.300035
36996168725:macos-aarch64-checks,unit-observations/tree0-test-Release/test.log,9,target_tests,1921000,878,0,878,pass,0.001921
36996168725:macos-aarch64-checks,unit-observations/tree0-test-Release/test.log,10,truetype_tests,61144000,142,0,142,pass,0.061144
36996168725:macos-aarch64-checks,unit-observations/tree0-test-Release/test.log,11,image_tests,2215000,3125,0,3125,pass,0.002215
36996168725:macos-aarch64-checks,unit-observations/tree0-test-Release/test.log,12,c_frontend_tests,16852236000,1071377,0,1071377,pass,16.852236
36996168725:macos-aarch64-checks,unit-observations/tree0-test-Release/test.log,13,c_once_tests,140494000,47437,0,47437,pass,0.140494
36996168725:macos-aarch64-checks,unit-observations/tree0-test-Release/test.log,14,c_type_layout_tests,319915000,171,0,171,pass,0.319915
36996168725:macos-aarch64-checks,unit-observations/tree0-test-Release/test.log,15,c_macro_conditional_tests,63986000,565,0,565,pass,0.063986
36996168725:macos-aarch64-checks,unit-observations/tree0-test-Release/test.log,16,record_layout_tests,466244000,47,0,47,pass,0.466244
36996168725:macos-aarch64-checks,unit-observations/tree0-test-Release/test.log,17,metamorphic_tests,9159039000,116,0,116,pass,9.159039
36996168725:macos-aarch64-checks,unit-observations/tree0-test-Release/test.log,18,aarch64_encoding_tests,1372521000,236732,0,236732,pass,1.372521
36996168725:macos-aarch64-checks,unit-observations/tree0-test-Release/test.log,19,aarch64_exact_bridge_tests,30000,102,0,102,pass,3e-05
36996168725:macos-aarch64-checks,unit-observations/tree0-test-Release/test.log,20,aarch64_control_semantics_tests,333000,3377,0,3377,pass,0.000333
36996168725:macos-aarch64-checks,unit-observations/tree0-test-Release/test.log,21,aarch64_system_registers_tests,2945000,108,0,108,pass,0.002945
36996168725:macos-aarch64-checks,unit-observations/tree0-test-Release/test.log,22,aarch64_semantics_tests,19353000,215,0,215,pass,0.019353
36996168725:macos-aarch64-checks,unit-observations/tree0-test-Release/test.log,23,aarch64_system_semantics_tests,14365000,694,0,694,pass,0.014365
36996168725:macos-aarch64-checks,unit-observations/tree0-test-Release/test.log,24,aarch64_syntax_tests,182300000,112,0,112,pass,0.1823
36996168725:macos-aarch64-checks,unit-observations/tree0-test-Release/test.log,25,aarch64_semantic_vm_tests,164924000,90,0,90,pass,0.164924
36996168725:macos-aarch64-checks,unit-observations/tree0-test-Release/test.log,26,aarch64_direct_simd_tests,460085000,152,0,152,pass,0.460085
36996168725:macos-aarch64-checks,unit-observations/tree0-test-Release/test.log,27,aarch64_complex_simd_tests,627273000,32,0,32,pass,0.627273
36996168725:macos-aarch64-checks,unit-observations/tree0-test-Release/test.log,28,aarch64_memory_semantics_tests,2125422000,18,0,18,pass,2.125422
36996168725:macos-aarch64-checks,unit-observations/tree0-test-Release/test.log,29,aarch64_alias_projection_tests,686000,28,0,28,pass,0.000686
36996168725:macos-aarch64-checks,unit-observations/tree0-test-Release/test.log,30,assembly_tests,744960000,7827,0,7827,pass,0.74496
36996168725:macos-aarch64-checks,unit-observations/tree0-test-Release/test.log,31,x86_64_forwarding_tests,891000,13110,0,13110,pass,0.000891
36996168725:macos-aarch64-checks,unit-observations/tree0-test-Release/test.log,32,x86_64_metadata_tests,3417497000,1589,0,1589,pass,3.417497
36996168725:macos-aarch64-checks,unit-observations/tree0-test-Release/test.log,33,x86_64_tls_tests,17982000,307423,0,307423,pass,0.017982
36996168725:macos-aarch64-checks,unit-observations/tree0-test-Release/test.log,34,executable_padding_tests,6623000,33062,0,33062,pass,0.006623
36996168725:macos-aarch64-checks,unit-observations/tree0-test-Release/test.log,35,x86_64_got_tests,13925000,156385,0,156385,pass,0.013925
36996168725:macos-aarch64-checks,unit-observations/tree0-test-Release/test.log,36,ir_tests,325496000,351481,0,351481,pass,0.325496
36996168725:macos-aarch64-checks,unit-observations/tree0-test-Release/test.log,37,vector_contract_tests,342636000,3376,0,3376,pass,0.342636
36996168725:macos-aarch64-checks,unit-observations/tree0-test-Release/test.log,38,llvm_bitcode_tests,5280642000,132440,0,132440,pass,5.280642
36996168725:macos-aarch64-checks,unit-observations/tree0-test-Release/test.log,39,machine_selection_tests,5770000,631,0,631,pass,0.00577
36996168725:macos-aarch64-checks,unit-observations/tree0-test-Release/test.log,40,machine_tests,2611448000,510548,0,510548,pass,2.611448
36996168725:macos-aarch64-checks,unit-observations/tree0-test-Release/test.log,41,codegen_tests,414995000,10324,0,10324,pass,0.414995
36996168725:macos-aarch64-checks,unit-observations/tree0-test-Release/test.log,42,aarch64_stride_tests,2775000,98,0,98,pass,0.002775
36996168725:macos-aarch64-checks,unit-observations/tree0-test-Release/test.log,43,debug_model_tests,8813000,716,0,716,pass,0.008813
36996168725:macos-aarch64-checks,unit-observations/tree0-test-Release/test.log,44,dwarf_tests,132000,110,0,110,pass,0.000132
36996168725:macos-aarch64-checks,unit-observations/tree0-test-Release/test.log,45,codeview_tests,4637000,46748,0,46748,pass,0.004637
36996168725:macos-aarch64-checks,unit-observations/tree0-test-Release/test.log,46,pdb_tests,1195786000,24848,0,24848,pass,1.195786
36996168725:macos-aarch64-checks,unit-observations/tree0-test-Release/test.log,47,object_tests,409226000,125570,0,125570,pass,0.409226
36996168725:macos-aarch64-checks,unit-observations/tree0-test-Release/test.log,48,jit_tests,90000,100,0,100,pass,9e-05
36996168725:macos-aarch64-checks,unit-observations/tree0-test-Release/test.log,49,link_tests,917327000,147841,0,147841,pass,0.917327
36996168725:macos-aarch64-checks,unit-observations/tree0-test-Release/test.log,50,gpu_pipeline_tests,121834000,231,0,231,pass,0.121834
36996168725:macos-aarch64-checks,unit-observations/tree0-test-Release/test.log,51,compiler_diagnostic_tests,369830000,541,0,541,pass,0.36983
36996168725:macos-aarch64-checks,unit-observations/tree0-test-Release/test.log,52,compiler_driver_tests,69078531000,43795,0,43795,pass,69.078531
36996168725:macos-aarch64-checks,unit-observations/tree0-test-Release/test.log,53,compiler_driver_object_path_tests,47980000,39,0,39,pass,0.04798
36991068435:macos-aarch64-release,unit-observations/tree0-test-Release/test.log,0,byte_writer_tests,26000,484,0,484,pass,2.6e-05
36991068435:macos-aarch64-release,unit-observations/tree0-test-Release/test.log,1,arena_tests,118299000,136,0,136,pass,0.118299
36991068435:macos-aarch64-release,unit-observations/tree0-test-Release/test.log,2,integer_tests,53154000,1526605,0,1526605,pass,0.053154
36991068435:macos-aarch64-release,unit-observations/tree0-test-Release/test.log,3,sanitizer_tests,1000,1,0,1,pass,1e-06
36991068435:macos-aarch64-release,unit-observations/tree0-test-Release/test.log,4,hash_tests,6250000,705,0,705,pass,0.00625
36991068435:macos-aarch64-release,unit-observations/tree0-test-Release/test.log,5,simd_tests,27000,157,0,157,pass,2.7e-05
36991068435:macos-aarch64-release,unit-observations/tree0-test-Release/test.log,6,string_tests,1098889000,161612,0,161612,pass,1.098889
36991068435:macos-aarch64-release,unit-observations/tree0-test-Release/test.log,7,os_tests,4729572000,1086,0,1086,pass,4.729572
36991068435:macos-aarch64-release,unit-observations/tree0-test-Release/test.log,8,file_tests,149533000,800,0,800,pass,0.149533
36991068435:macos-aarch64-release,unit-observations/tree0-test-Release/test.log,9,target_tests,873000,878,0,878,pass,0.000873
36991068435:macos-aarch64-release,unit-observations/tree0-test-Release/test.log,10,truetype_tests,53216000,142,0,142,pass,0.053216
36991068435:macos-aarch64-release,unit-observations/tree0-test-Release/test.log,11,image_tests,463000,3125,0,3125,pass,0.000463
36991068435:macos-aarch64-release,unit-observations/tree0-test-Release/test.log,12,c_frontend_tests,6633300000,1071377,0,1071377,pass,6.6333
36991068435:macos-aarch64-release,unit-observations/tree0-test-Release/test.log,13,c_once_tests,108386000,47437,0,47437,pass,0.108386
36991068435:macos-aarch64-release,unit-observations/tree0-test-Release/test.log,14,c_type_layout_tests,50751000,171,0,171,pass,0.050751
36991068435:macos-aarch64-release,unit-observations/tree0-test-Release/test.log,15,c_macro_conditional_tests,36026000,565,0,565,pass,0.036026
36991068435:macos-aarch64-release,unit-observations/tree0-test-Release/test.log,16,record_layout_tests,87617000,47,0,47,pass,0.087617
36991068435:macos-aarch64-release,unit-observations/tree0-test-Release/test.log,17,metamorphic_tests,849558000,116,0,116,pass,0.849558
36991068435:macos-aarch64-release,unit-observations/tree0-test-Release/test.log,18,aarch64_encoding_tests,642652000,236732,0,236732,pass,0.642652
36991068435:macos-aarch64-release,unit-observations/tree0-test-Release/test.log,19,aarch64_exact_bridge_tests,36000,102,0,102,pass,3.6e-05
36991068435:macos-aarch64-release,unit-observations/tree0-test-Release/test.log,20,aarch64_control_semantics_tests,173000,3377,0,3377,pass,0.000173
36991068435:macos-aarch64-release,unit-observations/tree0-test-Release/test.log,21,aarch64_system_registers_tests,778000,108,0,108,pass,0.000778
36991068435:macos-aarch64-release,unit-observations/tree0-test-Release/test.log,22,aarch64_semantics_tests,13032000,215,0,215,pass,0.013032
36991068435:macos-aarch64-release,unit-observations/tree0-test-Release/test.log,23,aarch64_system_semantics_tests,6710000,694,0,694,pass,0.00671
36991068435:macos-aarch64-release,unit-observations/tree0-test-Release/test.log,24,aarch64_syntax_tests,117256000,112,0,112,pass,0.117256
36991068435:macos-aarch64-release,unit-observations/tree0-test-Release/test.log,25,aarch64_semantic_vm_tests,67437000,90,0,90,pass,0.067437
36991068435:macos-aarch64-release,unit-observations/tree0-test-Release/test.log,26,aarch64_direct_simd_tests,58179000,152,0,152,pass,0.058179
36991068435:macos-aarch64-release,unit-observations/tree0-test-Release/test.log,27,aarch64_complex_simd_tests,75619000,32,0,32,pass,0.075619
36991068435:macos-aarch64-release,unit-observations/tree0-test-Release/test.log,28,aarch64_memory_semantics_tests,419054000,18,0,18,pass,0.419054
36991068435:macos-aarch64-release,unit-observations/tree0-test-Release/test.log,29,aarch64_alias_projection_tests,128000,28,0,28,pass,0.000128
36991068435:macos-aarch64-release,unit-observations/tree0-test-Release/test.log,30,assembly_tests,98373000,7830,0,7830,pass,0.098373
36991068435:macos-aarch64-release,unit-observations/tree0-test-Release/test.log,31,x86_64_forwarding_tests,186000,13110,0,13110,pass,0.000186
36991068435:macos-aarch64-release,unit-observations/tree0-test-Release/test.log,32,x86_64_metadata_tests,913250000,1589,0,1589,pass,0.91325
36991068435:macos-aarch64-release,unit-observations/tree0-test-Release/test.log,33,x86_64_tls_tests,13273000,307423,0,307423,pass,0.013273
36991068435:macos-aarch64-release,unit-observations/tree0-test-Release/test.log,34,executable_padding_tests,7239000,33062,0,33062,pass,0.007239
36991068435:macos-aarch64-release,unit-observations/tree0-test-Release/test.log,35,x86_64_got_tests,3743000,156385,0,156385,pass,0.003743
36991068435:macos-aarch64-release,unit-observations/tree0-test-Release/test.log,36,ir_tests,123920000,351481,0,351481,pass,0.12392
36991068435:macos-aarch64-release,unit-observations/tree0-test-Release/test.log,37,vector_contract_tests,36554000,3376,0,3376,pass,0.036554
36991068435:macos-aarch64-release,unit-observations/tree0-test-Release/test.log,38,llvm_bitcode_tests,3318817000,132440,0,132440,pass,3.318817
36991068435:macos-aarch64-release,unit-observations/tree0-test-Release/test.log,39,machine_selection_tests,1627000,631,0,631,pass,0.001627
36991068435:macos-aarch64-release,unit-observations/tree0-test-Release/test.log,40,machine_tests,509582000,514403,0,514403,pass,0.509582
36991068435:macos-aarch64-release,unit-observations/tree0-test-Release/test.log,41,codegen_tests,101725000,10540,0,10540,pass,0.101725
36991068435:macos-aarch64-release,unit-observations/tree0-test-Release/test.log,42,aarch64_stride_tests,728000,98,0,98,pass,0.000728
36991068435:macos-aarch64-release,unit-observations/tree0-test-Release/test.log,43,debug_model_tests,7348000,716,0,716,pass,0.007348
36991068435:macos-aarch64-release,unit-observations/tree0-test-Release/test.log,44,dwarf_tests,63000,110,0,110,pass,6.3e-05
36991068435:macos-aarch64-release,unit-observations/tree0-test-Release/test.log,45,codeview_tests,1043000,46748,0,46748,pass,0.001043
36991068435:macos-aarch64-release,unit-observations/tree0-test-Release/test.log,46,pdb_tests,219916000,24848,0,24848,pass,0.219916
36991068435:macos-aarch64-release,unit-observations/tree0-test-Release/test.log,47,object_tests,146494000,125572,0,125572,pass,0.146494
36991068435:macos-aarch64-release,unit-observations/tree0-test-Release/test.log,48,jit_tests,60000,128,0,128,pass,6e-05
36991068435:macos-aarch64-release,unit-observations/tree0-test-Release/test.log,49,link_tests,3046271000,147884,0,147884,pass,3.046271
36991068435:macos-aarch64-release,unit-observations/tree0-test-Release/test.log,50,gpu_pipeline_tests,186987000,231,0,231,pass,0.186987
36991068435:macos-aarch64-release,unit-observations/tree0-test-Release/test.log,51,compiler_diagnostic_tests,397278000,541,0,541,pass,0.397278
36991068435:macos-aarch64-release,unit-observations/tree0-test-Release/test.log,52,compiler_driver_tests,33486817000,48143,0,48143,pass,33.486817
36991068435:macos-aarch64-release,unit-observations/tree0-test-Release/test.log,53,compiler_driver_object_path_tests,33753000,39,0,39,pass,0.033753
36996168725:macos-aarch64-release,unit-observations/tree0-test-Release/test.log,0,byte_writer_tests,22000,484,0,484,pass,2.2e-05
36996168725:macos-aarch64-release,unit-observations/tree0-test-Release/test.log,1,arena_tests,23473000,136,0,136,pass,0.023473
36996168725:macos-aarch64-release,unit-observations/tree0-test-Release/test.log,2,integer_tests,42624000,1526605,0,1526605,pass,0.042624
36996168725:macos-aarch64-release,unit-observations/tree0-test-Release/test.log,3,sanitizer_tests,1000,1,0,1,pass,1e-06
36996168725:macos-aarch64-release,unit-observations/tree0-test-Release/test.log,4,hash_tests,5971000,705,0,705,pass,0.005971
36996168725:macos-aarch64-release,unit-observations/tree0-test-Release/test.log,5,simd_tests,21000,157,0,157,pass,2.1e-05
36996168725:macos-aarch64-release,unit-observations/tree0-test-Release/test.log,6,string_tests,446649000,161612,0,161612,pass,0.446649
36996168725:macos-aarch64-release,unit-observations/tree0-test-Release/test.log,7,os_tests,4395447000,1086,0,1086,pass,4.395447
36996168725:macos-aarch64-release,unit-observations/tree0-test-Release/test.log,8,file_tests,79854000,800,0,800,pass,0.079854
36996168725:macos-aarch64-release,unit-observations/tree0-test-Release/test.log,9,target_tests,244000,878,0,878,pass,0.000244
36996168725:macos-aarch64-release,unit-observations/tree0-test-Release/test.log,10,truetype_tests,43963000,142,0,142,pass,0.043963
36996168725:macos-aarch64-release,unit-observations/tree0-test-Release/test.log,11,image_tests,355000,3125,0,3125,pass,0.000355
36996168725:macos-aarch64-release,unit-observations/tree0-test-Release/test.log,12,c_frontend_tests,5173449000,1071377,0,1071377,pass,5.173449
36996168725:macos-aarch64-release,unit-observations/tree0-test-Release/test.log,13,c_once_tests,61954000,47437,0,47437,pass,0.061954
36996168725:macos-aarch64-release,unit-observations/tree0-test-Release/test.log,14,c_type_layout_tests,40175000,171,0,171,pass,0.040175
36996168725:macos-aarch64-release,unit-observations/tree0-test-Release/test.log,15,c_macro_conditional_tests,30633000,565,0,565,pass,0.030633
36996168725:macos-aarch64-release,unit-observations/tree0-test-Release/test.log,16,record_layout_tests,83402000,47,0,47,pass,0.083402
36996168725:macos-aarch64-release,unit-observations/tree0-test-Release/test.log,17,metamorphic_tests,525267000,116,0,116,pass,0.525267
36996168725:macos-aarch64-release,unit-observations/tree0-test-Release/test.log,18,aarch64_encoding_tests,557702000,236732,0,236732,pass,0.557702
36996168725:macos-aarch64-release,unit-observations/tree0-test-Release/test.log,19,aarch64_exact_bridge_tests,19000,102,0,102,pass,1.9e-05
36996168725:macos-aarch64-release,unit-observations/tree0-test-Release/test.log,20,aarch64_control_semantics_tests,100000,3377,0,3377,pass,0.0001
36996168725:macos-aarch64-release,unit-observations/tree0-test-Release/test.log,21,aarch64_system_registers_tests,2242000,108,0,108,pass,0.002242
36996168725:macos-aarch64-release,unit-observations/tree0-test-Release/test.log,22,aarch64_semantics_tests,11792000,215,0,215,pass,0.011792
36996168725:macos-aarch64-release,unit-observations/tree0-test-Release/test.log,23,aarch64_system_semantics_tests,7045000,694,0,694,pass,0.007045
36996168725:macos-aarch64-release,unit-observations/tree0-test-Release/test.log,24,aarch64_syntax_tests,136939000,112,0,112,pass,0.136939
36996168725:macos-aarch64-release,unit-observations/tree0-test-Release/test.log,25,aarch64_semantic_vm_tests,63634000,90,0,90,pass,0.063634
36996168725:macos-aarch64-release,unit-observations/tree0-test-Release/test.log,26,aarch64_direct_simd_tests,58356000,152,0,152,pass,0.058356
36996168725:macos-aarch64-release,unit-observations/tree0-test-Release/test.log,27,aarch64_complex_simd_tests,75696000,32,0,32,pass,0.075696
36996168725:macos-aarch64-release,unit-observations/tree0-test-Release/test.log,28,aarch64_memory_semantics_tests,392875000,18,0,18,pass,0.392875
36996168725:macos-aarch64-release,unit-observations/tree0-test-Release/test.log,29,aarch64_alias_projection_tests,112000,28,0,28,pass,0.000112
36996168725:macos-aarch64-release,unit-observations/tree0-test-Release/test.log,30,assembly_tests,91525000,7830,0,7830,pass,0.091525
36996168725:macos-aarch64-release,unit-observations/tree0-test-Release/test.log,31,x86_64_forwarding_tests,173000,13110,0,13110,pass,0.000173
36996168725:macos-aarch64-release,unit-observations/tree0-test-Release/test.log,32,x86_64_metadata_tests,785570000,1589,0,1589,pass,0.78557
36996168725:macos-aarch64-release,unit-observations/tree0-test-Release/test.log,33,x86_64_tls_tests,11886000,307423,0,307423,pass,0.011886
36996168725:macos-aarch64-release,unit-observations/tree0-test-Release/test.log,34,executable_padding_tests,6343000,33062,0,33062,pass,0.006343
36996168725:macos-aarch64-release,unit-observations/tree0-test-Release/test.log,35,x86_64_got_tests,3290000,156385,0,156385,pass,0.00329
36996168725:macos-aarch64-release,unit-observations/tree0-test-Release/test.log,36,ir_tests,107982000,351481,0,351481,pass,0.107982
36996168725:macos-aarch64-release,unit-observations/tree0-test-Release/test.log,37,vector_contract_tests,27290000,3376,0,3376,pass,0.02729
36996168725:macos-aarch64-release,unit-observations/tree0-test-Release/test.log,38,llvm_bitcode_tests,2951069000,132440,0,132440,pass,2.951069
36996168725:macos-aarch64-release,unit-observations/tree0-test-Release/test.log,39,machine_selection_tests,998000,631,0,631,pass,0.000998
36996168725:macos-aarch64-release,unit-observations/tree0-test-Release/test.log,40,machine_tests,511055000,514403,0,514403,pass,0.511055
36996168725:macos-aarch64-release,unit-observations/tree0-test-Release/test.log,41,codegen_tests,97543000,10540,0,10540,pass,0.097543
36996168725:macos-aarch64-release,unit-observations/tree0-test-Release/test.log,42,aarch64_stride_tests,679000,98,0,98,pass,0.000679
36996168725:macos-aarch64-release,unit-observations/tree0-test-Release/test.log,43,debug_model_tests,7534000,716,0,716,pass,0.007534
36996168725:macos-aarch64-release,unit-observations/tree0-test-Release/test.log,44,dwarf_tests,52000,110,0,110,pass,5.2e-05
36996168725:macos-aarch64-release,unit-observations/tree0-test-Release/test.log,45,codeview_tests,1031000,46748,0,46748,pass,0.001031
36996168725:macos-aarch64-release,unit-observations/tree0-test-Release/test.log,46,pdb_tests,205585000,24848,0,24848,pass,0.205585
36996168725:macos-aarch64-release,unit-observations/tree0-test-Release/test.log,47,object_tests,138852000,125572,0,125572,pass,0.138852
36996168725:macos-aarch64-release,unit-observations/tree0-test-Release/test.log,48,jit_tests,63000,128,0,128,pass,6.3e-05
36996168725:macos-aarch64-release,unit-observations/tree0-test-Release/test.log,49,link_tests,2221053000,147884,0,147884,pass,2.221053
36996168725:macos-aarch64-release,unit-observations/tree0-test-Release/test.log,50,gpu_pipeline_tests,172656000,231,0,231,pass,0.172656
36996168725:macos-aarch64-release,unit-observations/tree0-test-Release/test.log,51,compiler_diagnostic_tests,382590000,541,0,541,pass,0.38259
36996168725:macos-aarch64-release,unit-observations/tree0-test-Release/test.log,52,compiler_driver_tests,30168341000,48143,0,48143,pass,30.168341
36996168725:macos-aarch64-release,unit-observations/tree0-test-Release/test.log,53,compiler_driver_object_path_tests,18760000,39,0,39,pass,0.01876
36991068435:windows-aarch64-release,unit-observations/tree0-test-Release/test.log,0,byte_writer_tests,42800,484,0,484,pass,4.28e-05
36991068435:windows-aarch64-release,unit-observations/tree0-test-Release/test.log,1,arena_tests,107258200,137,0,137,pass,0.1072582
36991068435:windows-aarch64-release,unit-observations/tree0-test-Release/test.log,2,integer_tests,66921800,1526605,0,1526605,pass,0.0669218
36991068435:windows-aarch64-release,unit-observations/tree0-test-Release/test.log,3,sanitizer_tests,31400,1,0,1,pass,3.14e-05
36991068435:windows-aarch64-release,unit-observations/tree0-test-Release/test.log,4,hash_tests,4171100,705,0,705,pass,0.0041711
36991068435:windows-aarch64-release,unit-observations/tree0-test-Release/test.log,5,simd_tests,57000,157,0,157,pass,5.7e-05
36991068435:windows-aarch64-release,unit-observations/tree0-test-Release/test.log,6,string_tests,1363885000,161623,0,161623,pass,1.363885
36991068435:windows-aarch64-release,unit-observations/tree0-test-Release/test.log,7,os_tests,5595891500,417,0,417,pass,5.5958915
36991068435:windows-aarch64-release,unit-observations/tree0-test-Release/test.log,8,file_tests,422481200,774,0,774,pass,0.4224812
36991068435:windows-aarch64-release,unit-observations/tree0-test-Release/test.log,9,target_tests,319200,877,0,877,pass,0.0003192
36991068435:windows-aarch64-release,unit-observations/tree0-test-Release/test.log,10,truetype_tests,10378500,142,0,142,pass,0.0103785
36991068435:windows-aarch64-release,unit-observations/tree0-test-Release/test.log,11,image_tests,502100,3125,0,3125,pass,0.0005021
36991068435:windows-aarch64-release,unit-observations/tree0-test-Release/test.log,12,c_frontend_tests,24563958800,1071373,0,1071373,pass,24.5639588
36991068435:windows-aarch64-release,unit-observations/tree0-test-Release/test.log,13,c_once_tests,352149200,47440,0,47440,pass,0.3521492
36991068435:windows-aarch64-release,unit-observations/tree0-test-Release/test.log,14,c_type_layout_tests,853515500,171,0,171,pass,0.8535155
36991068435:windows-aarch64-release,unit-observations/tree0-test-Release/test.log,15,c_macro_conditional_tests,338149000,565,0,565,pass,0.338149
36991068435:windows-aarch64-release,unit-observations/tree0-test-Release/test.log,16,record_layout_tests,388610500,47,0,47,pass,0.3886105
36991068435:windows-aarch64-release,unit-observations/tree0-test-Release/test.log,17,metamorphic_tests,6188900800,116,0,116,pass,6.1889008
36991068435:windows-aarch64-release,unit-observations/tree0-test-Release/test.log,18,aarch64_encoding_tests,636249300,236732,0,236732,pass,0.6362493
36991068435:windows-aarch64-release,unit-observations/tree0-test-Release/test.log,19,aarch64_exact_bridge_tests,17600,102,0,102,pass,1.76e-05
36991068435:windows-aarch64-release,unit-observations/tree0-test-Release/test.log,20,aarch64_control_semantics_tests,115500,3377,0,3377,pass,0.0001155
36991068435:windows-aarch64-release,unit-observations/tree0-test-Release/test.log,21,aarch64_system_registers_tests,697500,108,0,108,pass,0.0006975
36991068435:windows-aarch64-release,unit-observations/tree0-test-Release/test.log,22,aarch64_semantics_tests,14026600,215,0,215,pass,0.0140266
36991068435:windows-aarch64-release,unit-observations/tree0-test-Release/test.log,23,aarch64_system_semantics_tests,7188100,694,0,694,pass,0.0071881
36991068435:windows-aarch64-release,unit-observations/tree0-test-Release/test.log,24,aarch64_syntax_tests,135392400,112,0,112,pass,0.1353924
36991068435:windows-aarch64-release,unit-observations/tree0-test-Release/test.log,25,aarch64_semantic_vm_tests,77139300,90,0,90,pass,0.0771393
36991068435:windows-aarch64-release,unit-observations/tree0-test-Release/test.log,26,aarch64_direct_simd_tests,63270700,152,0,152,pass,0.0632707
36991068435:windows-aarch64-release,unit-observations/tree0-test-Release/test.log,27,aarch64_complex_simd_tests,82323500,32,0,32,pass,0.0823235
36991068435:windows-aarch64-release,unit-observations/tree0-test-Release/test.log,28,aarch64_memory_semantics_tests,453847200,18,0,18,pass,0.4538472
36991068435:windows-aarch64-release,unit-observations/tree0-test-Release/test.log,29,aarch64_alias_projection_tests,179600,28,0,28,pass,0.0001796
36991068435:windows-aarch64-release,unit-observations/tree0-test-Release/test.log,30,assembly_tests,99336900,7830,0,7830,pass,0.0993369
36991068435:windows-aarch64-release,unit-observations/tree0-test-Release/test.log,31,x86_64_forwarding_tests,139900,13110,0,13110,pass,0.0001399
36991068435:windows-aarch64-release,unit-observations/tree0-test-Release/test.log,32,x86_64_metadata_tests,802020900,1589,0,1589,pass,0.8020209
36991068435:windows-aarch64-release,unit-observations/tree0-test-Release/test.log,33,x86_64_tls_tests,9776600,307423,0,307423,pass,0.0097766
36991068435:windows-aarch64-release,unit-observations/tree0-test-Release/test.log,34,executable_padding_tests,6921900,33062,0,33062,pass,0.0069219
36991068435:windows-aarch64-release,unit-observations/tree0-test-Release/test.log,35,x86_64_got_tests,2819900,156385,0,156385,pass,0.0028199
36991068435:windows-aarch64-release,unit-observations/tree0-test-Release/test.log,36,ir_tests,643202500,351481,0,351481,pass,0.6432025
36991068435:windows-aarch64-release,unit-observations/tree0-test-Release/test.log,37,vector_contract_tests,458054200,3376,0,3376,pass,0.4580542
36991068435:windows-aarch64-release,unit-observations/tree0-test-Release/test.log,38,llvm_bitcode_tests,10109043800,132440,0,132440,pass,10.1090438
36991068435:windows-aarch64-release,unit-observations/tree0-test-Release/test.log,39,machine_selection_tests,26160100,631,0,631,pass,0.0261601
36991068435:windows-aarch64-release,unit-observations/tree0-test-Release/test.log,40,machine_tests,2118035200,510548,0,510548,pass,2.1180352
36991068435:windows-aarch64-release,unit-observations/tree0-test-Release/test.log,41,codegen_tests,747343800,10540,0,10540,pass,0.7473438
36991068435:windows-aarch64-release,unit-observations/tree0-test-Release/test.log,42,aarch64_stride_tests,26266000,98,0,98,pass,0.026266
36991068435:windows-aarch64-release,unit-observations/tree0-test-Release/test.log,43,debug_model_tests,7314800,716,0,716,pass,0.0073148
36991068435:windows-aarch64-release,unit-observations/tree0-test-Release/test.log,44,dwarf_tests,97000,110,0,110,pass,9.7e-05
36991068435:windows-aarch64-release,unit-observations/tree0-test-Release/test.log,45,codeview_tests,1350900,46748,0,46748,pass,0.0013509
36991068435:windows-aarch64-release,unit-observations/tree0-test-Release/test.log,46,pdb_tests,378247200,24848,0,24848,pass,0.3782472
36991068435:windows-aarch64-release,unit-observations/tree0-test-Release/test.log,47,object_tests,204547900,125572,0,125572,pass,0.2045479
36991068435:windows-aarch64-release,unit-observations/tree0-test-Release/test.log,48,jit_tests,147900,136,0,136,pass,0.0001479
36991068435:windows-aarch64-release,unit-observations/tree0-test-Release/test.log,49,link_tests,836032500,147962,0,147962,pass,0.8360325
36991068435:windows-aarch64-release,unit-observations/tree0-test-Release/test.log,50,gpu_pipeline_tests,14284500,202,0,202,pass,0.0142845
36991068435:windows-aarch64-release,unit-observations/tree0-test-Release/test.log,51,compiler_diagnostic_tests,730173700,534,0,534,pass,0.7301737
36991068435:windows-aarch64-release,unit-observations/tree0-test-Release/test.log,52,compiler_driver_tests,191594360700,45538,0,45538,pass,191.5943607
36991068435:windows-aarch64-release,unit-observations/tree0-test-Release/test.log,53,compiler_driver_object_path_tests,631285100,39,0,39,pass,0.6312851
36996168725:windows-aarch64-release,unit-observations/tree0-test-Release/test.log,0,byte_writer_tests,41500,484,0,484,pass,4.15e-05
36996168725:windows-aarch64-release,unit-observations/tree0-test-Release/test.log,1,arena_tests,119459200,137,0,137,pass,0.1194592
36996168725:windows-aarch64-release,unit-observations/tree0-test-Release/test.log,2,integer_tests,66946400,1526605,0,1526605,pass,0.0669464
36996168725:windows-aarch64-release,unit-observations/tree0-test-Release/test.log,3,sanitizer_tests,35200,1,0,1,pass,3.52e-05
36996168725:windows-aarch64-release,unit-observations/tree0-test-Release/test.log,4,hash_tests,4105100,705,0,705,pass,0.0041051
36996168725:windows-aarch64-release,unit-observations/tree0-test-Release/test.log,5,simd_tests,50300,157,0,157,pass,5.03e-05
36996168725:windows-aarch64-release,unit-observations/tree0-test-Release/test.log,6,string_tests,1427088000,161623,0,161623,pass,1.427088
36996168725:windows-aarch64-release,unit-observations/tree0-test-Release/test.log,7,os_tests,5068478400,417,0,417,pass,5.0684784
36996168725:windows-aarch64-release,unit-observations/tree0-test-Release/test.log,8,file_tests,276209100,774,0,774,pass,0.2762091
36996168725:windows-aarch64-release,unit-observations/tree0-test-Release/test.log,9,target_tests,312600,877,0,877,pass,0.0003126
36996168725:windows-aarch64-release,unit-observations/tree0-test-Release/test.log,10,truetype_tests,10437100,142,0,142,pass,0.0104371
36996168725:windows-aarch64-release,unit-observations/tree0-test-Release/test.log,11,image_tests,613300,3125,0,3125,pass,0.0006133
36996168725:windows-aarch64-release,unit-observations/tree0-test-Release/test.log,12,c_frontend_tests,23413884600,1071373,0,1071373,pass,23.4138846
36996168725:windows-aarch64-release,unit-observations/tree0-test-Release/test.log,13,c_once_tests,338080300,47440,0,47440,pass,0.3380803
36996168725:windows-aarch64-release,unit-observations/tree0-test-Release/test.log,14,c_type_layout_tests,935384700,171,0,171,pass,0.9353847
36996168725:windows-aarch64-release,unit-observations/tree0-test-Release/test.log,15,c_macro_conditional_tests,309381000,565,0,565,pass,0.309381
36996168725:windows-aarch64-release,unit-observations/tree0-test-Release/test.log,16,record_layout_tests,345900100,47,0,47,pass,0.3459001
36996168725:windows-aarch64-release,unit-observations/tree0-test-Release/test.log,17,metamorphic_tests,4889661000,116,0,116,pass,4.889661
36996168725:windows-aarch64-release,unit-observations/tree0-test-Release/test.log,18,aarch64_encoding_tests,634365600,236732,0,236732,pass,0.6343656
36996168725:windows-aarch64-release,unit-observations/tree0-test-Release/test.log,19,aarch64_exact_bridge_tests,20700,102,0,102,pass,2.07e-05
36996168725:windows-aarch64-release,unit-observations/tree0-test-Release/test.log,20,aarch64_control_semantics_tests,121300,3377,0,3377,pass,0.0001213
36996168725:windows-aarch64-release,unit-observations/tree0-test-Release/test.log,21,aarch64_system_registers_tests,687200,108,0,108,pass,0.0006872
36996168725:windows-aarch64-release,unit-observations/tree0-test-Release/test.log,22,aarch64_semantics_tests,14007300,215,0,215,pass,0.0140073
36996168725:windows-aarch64-release,unit-observations/tree0-test-Release/test.log,23,aarch64_system_semantics_tests,7204000,694,0,694,pass,0.007204
36996168725:windows-aarch64-release,unit-observations/tree0-test-Release/test.log,24,aarch64_syntax_tests,135487200,112,0,112,pass,0.1354872
36996168725:windows-aarch64-release,unit-observations/tree0-test-Release/test.log,25,aarch64_semantic_vm_tests,77414000,90,0,90,pass,0.077414
36996168725:windows-aarch64-release,unit-observations/tree0-test-Release/test.log,26,aarch64_direct_simd_tests,62852300,152,0,152,pass,0.0628523
36996168725:windows-aarch64-release,unit-observations/tree0-test-Release/test.log,27,aarch64_complex_simd_tests,81133800,32,0,32,pass,0.0811338
36996168725:windows-aarch64-release,unit-observations/tree0-test-Release/test.log,28,aarch64_memory_semantics_tests,452637300,18,0,18,pass,0.4526373
36996168725:windows-aarch64-release,unit-observations/tree0-test-Release/test.log,29,aarch64_alias_projection_tests,167900,28,0,28,pass,0.0001679
36996168725:windows-aarch64-release,unit-observations/tree0-test-Release/test.log,30,assembly_tests,99040300,7830,0,7830,pass,0.0990403
36996168725:windows-aarch64-release,unit-observations/tree0-test-Release/test.log,31,x86_64_forwarding_tests,140300,13110,0,13110,pass,0.0001403
36996168725:windows-aarch64-release,unit-observations/tree0-test-Release/test.log,32,x86_64_metadata_tests,866155400,1589,0,1589,pass,0.8661554
36996168725:windows-aarch64-release,unit-observations/tree0-test-Release/test.log,33,x86_64_tls_tests,11395700,307423,0,307423,pass,0.0113957
36996168725:windows-aarch64-release,unit-observations/tree0-test-Release/test.log,34,executable_padding_tests,6946400,33062,0,33062,pass,0.0069464
36996168725:windows-aarch64-release,unit-observations/tree0-test-Release/test.log,35,x86_64_got_tests,2827300,156385,0,156385,pass,0.0028273
36996168725:windows-aarch64-release,unit-observations/tree0-test-Release/test.log,36,ir_tests,691587100,351481,0,351481,pass,0.6915871
36996168725:windows-aarch64-release,unit-observations/tree0-test-Release/test.log,37,vector_contract_tests,515062100,3376,0,3376,pass,0.5150621
36996168725:windows-aarch64-release,unit-observations/tree0-test-Release/test.log,38,llvm_bitcode_tests,9454710900,132440,0,132440,pass,9.4547109
36996168725:windows-aarch64-release,unit-observations/tree0-test-Release/test.log,39,machine_selection_tests,28043700,631,0,631,pass,0.0280437
36996168725:windows-aarch64-release,unit-observations/tree0-test-Release/test.log,40,machine_tests,2192212400,510548,0,510548,pass,2.1922124
36996168725:windows-aarch64-release,unit-observations/tree0-test-Release/test.log,41,codegen_tests,759478400,10540,0,10540,pass,0.7594784
36996168725:windows-aarch64-release,unit-observations/tree0-test-Release/test.log,42,aarch64_stride_tests,29254600,98,0,98,pass,0.0292546
36996168725:windows-aarch64-release,unit-observations/tree0-test-Release/test.log,43,debug_model_tests,7332300,716,0,716,pass,0.0073323
36996168725:windows-aarch64-release,unit-observations/tree0-test-Release/test.log,44,dwarf_tests,86200,110,0,110,pass,8.62e-05
36996168725:windows-aarch64-release,unit-observations/tree0-test-Release/test.log,45,codeview_tests,1393800,46748,0,46748,pass,0.0013938
36996168725:windows-aarch64-release,unit-observations/tree0-test-Release/test.log,46,pdb_tests,328452100,24848,0,24848,pass,0.3284521
36996168725:windows-aarch64-release,unit-observations/tree0-test-Release/test.log,47,object_tests,204047400,125572,0,125572,pass,0.2040474
36996168725:windows-aarch64-release,unit-observations/tree0-test-Release/test.log,48,jit_tests,167500,136,0,136,pass,0.0001675
36996168725:windows-aarch64-release,unit-observations/tree0-test-Release/test.log,49,link_tests,775507000,147962,0,147962,pass,0.775507
36996168725:windows-aarch64-release,unit-observations/tree0-test-Release/test.log,50,gpu_pipeline_tests,12967200,202,0,202,pass,0.0129672
36996168725:windows-aarch64-release,unit-observations/tree0-test-Release/test.log,51,compiler_diagnostic_tests,578463900,534,0,534,pass,0.5784639
36996168725:windows-aarch64-release,unit-observations/tree0-test-Release/test.log,52,compiler_driver_tests,176597949800,45538,0,45538,pass,176.5979498
36996168725:windows-aarch64-release,unit-observations/tree0-test-Release/test.log,53,compiler_driver_object_path_tests,500466300,39,0,39,pass,0.5004663
36991068435:windows-x86_64-checks,unit-observations/tree1-test-Debug/test.log,53,compiler_driver_tests,968753164200,43855,0,43855,pass,968.7531642
36991068435:windows-x86_64-checks,unit-observations/tree1-test-Debug/test.log,0,byte_writer_tests,346200,484,0,484,pass,0.0003462
36991068435:windows-x86_64-checks,unit-observations/tree1-test-Debug/test.log,1,arena_tests,1983102500,137,0,137,pass,1.9831025
36991068435:windows-x86_64-checks,unit-observations/tree1-test-Debug/test.log,2,integer_tests,3658613300,1526605,0,1526605,pass,3.6586133
36991068435:windows-x86_64-checks,unit-observations/tree1-test-Debug/test.log,3,sanitizer_tests,157900,1,0,1,pass,0.0001579
36991068435:windows-x86_64-checks,unit-observations/tree1-test-Debug/test.log,4,hash_tests,1069622000,705,0,705,pass,1.069622
36991068435:windows-x86_64-checks,unit-observations/tree1-test-Debug/test.log,5,simd_tests,1260700,157,0,157,pass,0.0012607
36991068435:windows-x86_64-checks,unit-observations/tree1-test-Debug/test.log,6,string_tests,51931464000,161623,0,161623,pass,51.931464
36991068435:windows-x86_64-checks,unit-observations/tree1-test-Debug/test.log,7,os_tests,18402279200,417,0,417,pass,18.4022792
36991068435:windows-x86_64-checks,unit-observations/tree1-test-Debug/test.log,8,file_tests,227902800,774,0,774,pass,0.2279028
36991068435:windows-x86_64-checks,unit-observations/tree1-test-Debug/test.log,9,target_tests,154943300,6596,0,6596,pass,0.1549433
36991068435:windows-x86_64-checks,unit-observations/tree1-test-Debug/test.log,10,truetype_tests,2957916900,142,0,142,pass,2.9579169
36991068435:windows-x86_64-checks,unit-observations/tree1-test-Debug/test.log,11,image_tests,55179400,3125,0,3125,pass,0.0551794
36991068435:windows-x86_64-checks,unit-observations/tree1-test-Debug/test.log,12,c_frontend_tests,391792621900,1071373,0,1071373,pass,391.7926219
36991068435:windows-x86_64-checks,unit-observations/tree1-test-Debug/test.log,13,c_once_tests,788374300,47440,0,47440,pass,0.7883743
36991068435:windows-x86_64-checks,unit-observations/tree1-test-Debug/test.log,14,c_type_layout_tests,7131373300,171,0,171,pass,7.1313733
36991068435:windows-x86_64-checks,unit-observations/tree1-test-Debug/test.log,15,c_macro_conditional_tests,1307784600,565,0,565,pass,1.3077846
36991068435:windows-x86_64-checks,unit-observations/tree1-test-Debug/test.log,16,record_layout_tests,9607063200,47,0,47,pass,9.6070632
36991068435:windows-x86_64-checks,unit-observations/tree1-test-Debug/test.log,17,metamorphic_tests,82093757100,116,0,116,pass,82.0937571
36991068435:windows-x86_64-checks,unit-observations/tree1-test-Debug/test.log,18,aarch64_encoding_tests,38321041000,236732,0,236732,pass,38.321041
36991068435:windows-x86_64-checks,unit-observations/tree1-test-Debug/test.log,19,aarch64_exact_bridge_tests,337600,102,0,102,pass,0.0003376
36991068435:windows-x86_64-checks,unit-observations/tree1-test-Debug/test.log,20,aarch64_control_semantics_tests,6695200,3377,0,3377,pass,0.0066952
36991068435:windows-x86_64-checks,unit-observations/tree1-test-Debug/test.log,21,aarch64_system_registers_tests,72669200,108,0,108,pass,0.0726692
36991068435:windows-x86_64-checks,unit-observations/tree1-test-Debug/test.log,22,aarch64_semantics_tests,370076500,215,0,215,pass,0.3700765
36991068435:windows-x86_64-checks,unit-observations/tree1-test-Debug/test.log,23,aarch64_system_semantics_tests,723798000,694,0,694,pass,0.723798
36991068435:windows-x86_64-checks,unit-observations/tree1-test-Debug/test.log,24,aarch64_syntax_tests,5863694400,112,0,112,pass,5.8636944
36991068435:windows-x86_64-checks,unit-observations/tree1-test-Debug/test.log,25,aarch64_semantic_vm_tests,3171694300,90,0,90,pass,3.1716943
36991068435:windows-x86_64-checks,unit-observations/tree1-test-Debug/test.log,26,aarch64_direct_simd_tests,12194307000,152,0,152,pass,12.194307
36991068435:windows-x86_64-checks,unit-observations/tree1-test-Debug/test.log,27,aarch64_complex_simd_tests,16234462200,32,0,32,pass,16.2344622
36991068435:windows-x86_64-checks,unit-observations/tree1-test-Debug/test.log,28,aarch64_memory_semantics_tests,55302541400,18,0,18,pass,55.3025414
36991068435:windows-x86_64-checks,unit-observations/tree1-test-Debug/test.log,29,aarch64_alias_projection_tests,10559300,28,0,28,pass,0.0105593
36991068435:windows-x86_64-checks,unit-observations/tree1-test-Debug/test.log,30,assembly_tests,8905656700,7846,0,7846,pass,8.9056567
36991068435:windows-x86_64-checks,unit-observations/tree1-test-Debug/test.log,31,x86_64_forwarding_tests,4605000,13110,0,13110,pass,0.004605
36991068435:windows-x86_64-checks,unit-observations/tree1-test-Debug/test.log,32,x86_64_metadata_tests,63933547800,1619,0,1619,pass,63.9335478
36991068435:windows-x86_64-checks,unit-observations/tree1-test-Debug/test.log,33,x86_64_tls_tests,451592000,307423,0,307423,pass,0.451592
36991068435:windows-x86_64-checks,unit-observations/tree1-test-Debug/test.log,34,executable_padding_tests,188202700,33062,0,33062,pass,0.1882027
36991068435:windows-x86_64-checks,unit-observations/tree1-test-Debug/test.log,35,x86_64_got_tests,179869000,156385,0,156385,pass,0.179869
36991068435:windows-x86_64-checks,unit-observations/tree1-test-Debug/test.log,37,ir_tests,10944962400,351481,0,351481,pass,10.9449624
36991068435:windows-x86_64-checks,unit-observations/tree1-test-Debug/test.log,38,vector_contract_tests,4430482200,3376,0,3376,pass,4.4304822
36991068435:windows-x86_64-checks,unit-observations/tree1-test-Debug/test.log,39,llvm_bitcode_tests,14498846800,132484,0,132484,pass,14.4988468
36991068435:windows-x86_64-checks,unit-observations/tree1-test-Debug/test.log,40,machine_selection_tests,155990800,631,0,631,pass,0.1559908
36991068435:windows-x86_64-checks,unit-observations/tree1-test-Debug/test.log,41,machine_tests,49583333500,510548,0,510548,pass,49.5833335
36991068435:windows-x86_64-checks,unit-observations/tree1-test-Debug/test.log,42,codegen_tests,7603969500,10324,0,10324,pass,7.6039695
36991068435:windows-x86_64-checks,unit-observations/tree1-test-Debug/test.log,43,aarch64_stride_tests,134946700,98,0,98,pass,0.1349467
36991068435:windows-x86_64-checks,unit-observations/tree1-test-Debug/test.log,44,debug_model_tests,317363000,716,0,716,pass,0.317363
36991068435:windows-x86_64-checks,unit-observations/tree1-test-Debug/test.log,45,dwarf_tests,1901600,110,0,110,pass,0.0019016
36991068435:windows-x86_64-checks,unit-observations/tree1-test-Debug/test.log,46,codeview_tests,107215600,46748,0,46748,pass,0.1072156
36991068435:windows-x86_64-checks,unit-observations/tree1-test-Debug/test.log,47,pdb_tests,1144248600,24848,0,24848,pass,1.1442486
36991068435:windows-x86_64-checks,unit-observations/tree1-test-Debug/test.log,48,object_tests,11320618300,125572,0,125572,pass,11.3206183
36991068435:windows-x86_64-checks,unit-observations/tree1-test-Debug/test.log,49,jit_tests,1481900,113,0,113,pass,0.0014819
36991068435:windows-x86_64-checks,unit-observations/tree1-test-Debug/test.log,50,link_tests,20280323700,147918,0,147918,pass,20.2803237
36991068435:windows-x86_64-checks,unit-observations/tree1-test-Debug/test.log,51,gpu_pipeline_tests,29382200,202,0,202,pass,0.0293822
36991068435:windows-x86_64-checks,unit-observations/tree1-test-Debug/test.log,52,compiler_diagnostic_tests,1949314900,534,0,534,pass,1.9493149
36991068435:windows-x86_64-checks,unit-observations/tree1-test-Debug/test.log,54,compiler_driver_object_path_tests,880734600,39,0,39,pass,0.8807346
36991068435:windows-x86_64-checks,unit-observations/tree1-test-Debug/test.log,55,x86_64_tests,5837600,18,0,18,pass,0.0058376
36991068435:windows-x86_64-checks,unit-observations/tree2-test-Release/test.log,53,compiler_driver_tests,182970968100,43855,0,43855,pass,182.9709681
36991068435:windows-x86_64-checks,unit-observations/tree2-test-Release/test.log,0,byte_writer_tests,59600,484,0,484,pass,5.96e-05
36991068435:windows-x86_64-checks,unit-observations/tree2-test-Release/test.log,1,arena_tests,686632200,137,0,137,pass,0.6866322
36991068435:windows-x86_64-checks,unit-observations/tree2-test-Release/test.log,2,integer_tests,162834000,1526605,0,1526605,pass,0.162834
36991068435:windows-x86_64-checks,unit-observations/tree2-test-Release/test.log,3,sanitizer_tests,9400,1,0,1,pass,9.4e-06
36991068435:windows-x86_64-checks,unit-observations/tree2-test-Release/test.log,4,hash_tests,8869300,705,0,705,pass,0.0088693
36991068435:windows-x86_64-checks,unit-observations/tree2-test-Release/test.log,5,simd_tests,46500,157,0,157,pass,4.65e-05
36991068435:windows-x86_64-checks,unit-observations/tree2-test-Release/test.log,6,string_tests,6468389800,161623,0,161623,pass,6.4683898
36991068435:windows-x86_64-checks,unit-observations/tree2-test-Release/test.log,7,os_tests,6628044100,417,0,417,pass,6.6280441
36991068435:windows-x86_64-checks,unit-observations/tree2-test-Release/test.log,8,file_tests,82831800,774,0,774,pass,0.0828318
36991068435:windows-x86_64-checks,unit-observations/tree2-test-Release/test.log,9,target_tests,8546600,6596,0,6596,pass,0.0085466
36991068435:windows-x86_64-checks,unit-observations/tree2-test-Release/test.log,10,truetype_tests,31730400,142,0,142,pass,0.0317304
36991068435:windows-x86_64-checks,unit-observations/tree2-test-Release/test.log,11,image_tests,1426900,3125,0,3125,pass,0.0014269
36991068435:windows-x86_64-checks,unit-observations/tree2-test-Release/test.log,12,c_frontend_tests,81367504100,1071373,0,1071373,pass,81.3675041
36991068435:windows-x86_64-checks,unit-observations/tree2-test-Release/test.log,13,c_once_tests,308667300,47440,0,47440,pass,0.3086673
36991068435:windows-x86_64-checks,unit-observations/tree2-test-Release/test.log,14,c_type_layout_tests,2418190800,171,0,171,pass,2.4181908
36991068435:windows-x86_64-checks,unit-observations/tree2-test-Release/test.log,15,c_macro_conditional_tests,714973200,565,0,565,pass,0.7149732
36991068435:windows-x86_64-checks,unit-observations/tree2-test-Release/test.log,16,record_layout_tests,1122229000,47,0,47,pass,1.122229
36991068435:windows-x86_64-checks,unit-observations/tree2-test-Release/test.log,17,metamorphic_tests,15482514500,116,0,116,pass,15.4825145
36991068435:windows-x86_64-checks,unit-observations/tree2-test-Release/test.log,18,aarch64_encoding_tests,1373573100,236732,0,236732,pass,1.3735731
36991068435:windows-x86_64-checks,unit-observations/tree2-test-Release/test.log,19,aarch64_exact_bridge_tests,43000,102,0,102,pass,4.3e-05
36991068435:windows-x86_64-checks,unit-observations/tree2-test-Release/test.log,20,aarch64_control_semantics_tests,414600,3377,0,3377,pass,0.0004146
36991068435:windows-x86_64-checks,unit-observations/tree2-test-Release/test.log,21,aarch64_system_registers_tests,3112000,108,0,108,pass,0.003112
36991068435:windows-x86_64-checks,unit-observations/tree2-test-Release/test.log,22,aarch64_semantics_tests,16512900,215,0,215,pass,0.0165129
36991068435:windows-x86_64-checks,unit-observations/tree2-test-Release/test.log,23,aarch64_system_semantics_tests,23749500,694,0,694,pass,0.0237495
36991068435:windows-x86_64-checks,unit-observations/tree2-test-Release/test.log,24,aarch64_syntax_tests,188295300,112,0,112,pass,0.1882953
36991068435:windows-x86_64-checks,unit-observations/tree2-test-Release/test.log,25,aarch64_semantic_vm_tests,147438800,90,0,90,pass,0.1474388
36991068435:windows-x86_64-checks,unit-observations/tree2-test-Release/test.log,26,aarch64_direct_simd_tests,544816500,152,0,152,pass,0.5448165
36991068435:windows-x86_64-checks,unit-observations/tree2-test-Release/test.log,27,aarch64_complex_simd_tests,687264700,32,0,32,pass,0.6872647
36991068435:windows-x86_64-checks,unit-observations/tree2-test-Release/test.log,28,aarch64_memory_semantics_tests,2540063700,18,0,18,pass,2.5400637
36991068435:windows-x86_64-checks,unit-observations/tree2-test-Release/test.log,29,aarch64_alias_projection_tests,688900,28,0,28,pass,0.0006889
36991068435:windows-x86_64-checks,unit-observations/tree2-test-Release/test.log,30,assembly_tests,919730800,7846,0,7846,pass,0.9197308
36991068435:windows-x86_64-checks,unit-observations/tree2-test-Release/test.log,31,x86_64_forwarding_tests,1066400,13110,0,13110,pass,0.0010664
36991068435:windows-x86_64-checks,unit-observations/tree2-test-Release/test.log,32,x86_64_metadata_tests,4143293400,1619,0,1619,pass,4.1432934
36991068435:windows-x86_64-checks,unit-observations/tree2-test-Release/test.log,33,x86_64_tls_tests,33498100,307423,0,307423,pass,0.0334981
36991068435:windows-x86_64-checks,unit-observations/tree2-test-Release/test.log,34,executable_padding_tests,12833000,33062,0,33062,pass,0.012833
36991068435:windows-x86_64-checks,unit-observations/tree2-test-Release/test.log,35,x86_64_got_tests,22175300,156385,0,156385,pass,0.0221753
36991068435:windows-x86_64-checks,unit-observations/tree2-test-Release/test.log,37,ir_tests,2081059100,351481,0,351481,pass,2.0810591
36991068435:windows-x86_64-checks,unit-observations/tree2-test-Release/test.log,38,vector_contract_tests,1802136500,3376,0,3376,pass,1.8021365
36991068435:windows-x86_64-checks,unit-observations/tree2-test-Release/test.log,39,llvm_bitcode_tests,12993544500,132484,0,132484,pass,12.9935445
36991068435:windows-x86_64-checks,unit-observations/tree2-test-Release/test.log,40,machine_selection_tests,85228100,631,0,631,pass,0.0852281
36991068435:windows-x86_64-checks,unit-observations/tree2-test-Release/test.log,41,machine_tests,9578245200,510548,0,510548,pass,9.5782452
36991068435:windows-x86_64-checks,unit-observations/tree2-test-Release/test.log,42,codegen_tests,2782405500,10324,0,10324,pass,2.7824055
36991068435:windows-x86_64-checks,unit-observations/tree2-test-Release/test.log,43,aarch64_stride_tests,71185600,98,0,98,pass,0.0711856
36991068435:windows-x86_64-checks,unit-observations/tree2-test-Release/test.log,44,debug_model_tests,9813300,716,0,716,pass,0.0098133
36991068435:windows-x86_64-checks,unit-observations/tree2-test-Release/test.log,45,dwarf_tests,273100,110,0,110,pass,0.0002731
36991068435:windows-x86_64-checks,unit-observations/tree2-test-Release/test.log,46,codeview_tests,6770200,46748,0,46748,pass,0.0067702
36991068435:windows-x86_64-checks,unit-observations/tree2-test-Release/test.log,47,pdb_tests,1011499500,24848,0,24848,pass,1.0114995
36991068435:windows-x86_64-checks,unit-observations/tree2-test-Release/test.log,48,object_tests,669026500,125570,0,125570,pass,0.6690265
36991068435:windows-x86_64-checks,unit-observations/tree2-test-Release/test.log,49,jit_tests,431900,113,0,113,pass,0.0004319
36991068435:windows-x86_64-checks,unit-observations/tree2-test-Release/test.log,50,link_tests,1476795100,147918,0,147918,pass,1.4767951
36991068435:windows-x86_64-checks,unit-observations/tree2-test-Release/test.log,51,gpu_pipeline_tests,12899600,202,0,202,pass,0.0128996
36991068435:windows-x86_64-checks,unit-observations/tree2-test-Release/test.log,52,compiler_diagnostic_tests,1083004300,534,0,534,pass,1.0830043
36991068435:windows-x86_64-checks,unit-observations/tree2-test-Release/test.log,54,compiler_driver_object_path_tests,386612000,39,0,39,pass,0.386612
36991068435:windows-x86_64-checks,unit-observations/tree2-test-Release/test.log,55,x86_64_tests,1782000,18,0,18,pass,0.001782
36991068435:windows-x86_64-release,unit-observations/tree0-test-Release/test.log,0,byte_writer_tests,53100,484,0,484,pass,5.31e-05
36991068435:windows-x86_64-release,unit-observations/tree0-test-Release/test.log,1,arena_tests,79780100,137,0,137,pass,0.0797801
36991068435:windows-x86_64-release,unit-observations/tree0-test-Release/test.log,2,integer_tests,186195100,1526605,0,1526605,pass,0.1861951
36991068435:windows-x86_64-release,unit-observations/tree0-test-Release/test.log,3,sanitizer_tests,33500,1,0,1,pass,3.35e-05
36991068435:windows-x86_64-release,unit-observations/tree0-test-Release/test.log,4,hash_tests,4544300,705,0,705,pass,0.0045443
36991068435:windows-x86_64-release,unit-observations/tree0-test-Release/test.log,5,simd_tests,70200,157,0,157,pass,7.02e-05
36991068435:windows-x86_64-release,unit-observations/tree0-test-Release/test.log,6,string_tests,1988428400,161623,0,161623,pass,1.9884284
36991068435:windows-x86_64-release,unit-observations/tree0-test-Release/test.log,7,os_tests,5027760100,417,0,417,pass,5.0277601
36991068435:windows-x86_64-release,unit-observations/tree0-test-Release/test.log,8,file_tests,75449900,774,0,774,pass,0.0754499
36991068435:windows-x86_64-release,unit-observations/tree0-test-Release/test.log,9,target_tests,4401800,6596,0,6596,pass,0.0044018
36991068435:windows-x86_64-release,unit-observations/tree0-test-Release/test.log,10,truetype_tests,77113500,142,0,142,pass,0.0771135
36991068435:windows-x86_64-release,unit-observations/tree0-test-Release/test.log,11,image_tests,1901200,3125,0,3125,pass,0.0019012
36991068435:windows-x86_64-release,unit-observations/tree0-test-Release/test.log,12,c_frontend_tests,35554060600,1071373,0,1071373,pass,35.5540606
36991068435:windows-x86_64-release,unit-observations/tree0-test-Release/test.log,13,c_once_tests,215590400,47440,0,47440,pass,0.2155904
36991068435:windows-x86_64-release,unit-observations/tree0-test-Release/test.log,14,c_type_layout_tests,1350044600,171,0,171,pass,1.3500446
36991068435:windows-x86_64-release,unit-observations/tree0-test-Release/test.log,15,c_macro_conditional_tests,366952200,565,0,565,pass,0.3669522
36991068435:windows-x86_64-release,unit-observations/tree0-test-Release/test.log,16,record_layout_tests,670934500,47,0,47,pass,0.6709345
36991068435:windows-x86_64-release,unit-observations/tree0-test-Release/test.log,17,metamorphic_tests,7071013100,116,0,116,pass,7.0710131
36991068435:windows-x86_64-release,unit-observations/tree0-test-Release/test.log,18,aarch64_encoding_tests,6925477400,236732,0,236732,pass,6.9254774
36991068435:windows-x86_64-release,unit-observations/tree0-test-Release/test.log,19,aarch64_exact_bridge_tests,58300,102,0,102,pass,5.83e-05
36991068435:windows-x86_64-release,unit-observations/tree0-test-Release/test.log,20,aarch64_control_semantics_tests,670900,3377,0,3377,pass,0.0006709
36991068435:windows-x86_64-release,unit-observations/tree0-test-Release/test.log,21,aarch64_system_registers_tests,6395500,108,0,108,pass,0.0063955
36991068435:windows-x86_64-release,unit-observations/tree0-test-Release/test.log,22,aarch64_semantics_tests,73202000,215,0,215,pass,0.073202
36991068435:windows-x86_64-release,unit-observations/tree0-test-Release/test.log,23,aarch64_system_semantics_tests,104319900,694,0,694,pass,0.1043199
36991068435:windows-x86_64-release,unit-observations/tree0-test-Release/test.log,24,aarch64_syntax_tests,1016768100,112,0,112,pass,1.0167681
36991068435:windows-x86_64-release,unit-observations/tree0-test-Release/test.log,25,aarch64_semantic_vm_tests,447442900,90,0,90,pass,0.4474429
36991068435:windows-x86_64-release,unit-observations/tree0-test-Release/test.log,26,aarch64_direct_simd_tests,2552055500,152,0,152,pass,2.5520555
36991068435:windows-x86_64-release,unit-observations/tree0-test-Release/test.log,27,aarch64_complex_simd_tests,2771194500,32,0,32,pass,2.7711945
36991068435:windows-x86_64-release,unit-observations/tree0-test-Release/test.log,28,aarch64_memory_semantics_tests,5252256700,18,0,18,pass,5.2522567
36991068435:windows-x86_64-release,unit-observations/tree0-test-Release/test.log,29,aarch64_alias_projection_tests,817500,28,0,28,pass,0.0008175
36991068435:windows-x86_64-release,unit-observations/tree0-test-Release/test.log,30,assembly_tests,645646500,7846,0,7846,pass,0.6456465
36991068435:windows-x86_64-release,unit-observations/tree0-test-Release/test.log,31,x86_64_forwarding_tests,652700,13110,0,13110,pass,0.0006527
36991068435:windows-x86_64-release,unit-observations/tree0-test-Release/test.log,32,x86_64_metadata_tests,5415540000,1619,0,1619,pass,5.41554
36991068435:windows-x86_64-release,unit-observations/tree0-test-Release/test.log,33,x86_64_tls_tests,62104800,307423,0,307423,pass,0.0621048
36991068435:windows-x86_64-release,unit-observations/tree0-test-Release/test.log,34,executable_padding_tests,37931300,33062,0,33062,pass,0.0379313
36991068435:windows-x86_64-release,unit-observations/tree0-test-Release/test.log,35,x86_64_got_tests,13822400,156385,0,156385,pass,0.0138224
36991068435:windows-x86_64-release,unit-observations/tree0-test-Release/test.log,36,x86_64_completion_census_tests,6333389500,34266,0,34266,pass,6.3333895
36991068435:windows-x86_64-release,unit-observations/tree0-test-Release/test.log,37,ir_tests,1449505000,351481,0,351481,pass,1.449505
36991068435:windows-x86_64-release,unit-observations/tree0-test-Release/test.log,38,vector_contract_tests,814678000,3376,0,3376,pass,0.814678
36991068435:windows-x86_64-release,unit-observations/tree0-test-Release/test.log,39,llvm_bitcode_tests,9180267400,132484,0,132484,pass,9.1802674
36991068435:windows-x86_64-release,unit-observations/tree0-test-Release/test.log,40,machine_selection_tests,38783400,631,0,631,pass,0.0387834
36991068435:windows-x86_64-release,unit-observations/tree0-test-Release/test.log,41,machine_tests,6214423500,511956,0,511956,pass,6.2144235
36991068435:windows-x86_64-release,unit-observations/tree0-test-Release/test.log,42,codegen_tests,1613011700,10540,0,10540,pass,1.6130117
36991068435:windows-x86_64-release,unit-observations/tree0-test-Release/test.log,43,aarch64_stride_tests,41952000,98,0,98,pass,0.041952
36991068435:windows-x86_64-release,unit-observations/tree0-test-Release/test.log,44,debug_model_tests,33782000,716,0,716,pass,0.033782
36991068435:windows-x86_64-release,unit-observations/tree0-test-Release/test.log,45,dwarf_tests,258300,110,0,110,pass,0.0002583
36991068435:windows-x86_64-release,unit-observations/tree0-test-Release/test.log,46,codeview_tests,9867200,46748,0,46748,pass,0.0098672
36991068435:windows-x86_64-release,unit-observations/tree0-test-Release/test.log,47,pdb_tests,488752000,24848,0,24848,pass,0.488752
36991068435:windows-x86_64-release,unit-observations/tree0-test-Release/test.log,48,object_tests,977056500,125575,0,125575,pass,0.9770565
36991068435:windows-x86_64-release,unit-observations/tree0-test-Release/test.log,49,jit_tests,339800,149,0,149,pass,0.0003398
36991068435:windows-x86_64-release,unit-observations/tree0-test-Release/test.log,50,link_tests,3411544600,148241,0,148241,pass,3.4115446
36991068435:windows-x86_64-release,unit-observations/tree0-test-Release/test.log,51,gpu_pipeline_tests,7916700,202,0,202,pass,0.0079167
36991068435:windows-x86_64-release,unit-observations/tree0-test-Release/test.log,52,compiler_diagnostic_tests,729983600,534,0,534,pass,0.7299836
36991068435:windows-x86_64-release,unit-observations/tree0-test-Release/test.log,53,compiler_driver_tests,197228969800,45676,0,45676,pass,197.2289698
36991068435:windows-x86_64-release,unit-observations/tree0-test-Release/test.log,54,compiler_driver_object_path_tests,374080000,39,0,39,pass,0.37408
36991068435:windows-x86_64-release,unit-observations/tree0-test-Release/test.log,55,x86_64_tests,646500,18,0,18,pass,0.0006465
36996168725:windows-x86_64-release,unit-observations/tree0-test-Release/test.log,0,byte_writer_tests,71600,484,0,484,pass,7.16e-05
36996168725:windows-x86_64-release,unit-observations/tree0-test-Release/test.log,1,arena_tests,102533400,137,0,137,pass,0.1025334
36996168725:windows-x86_64-release,unit-observations/tree0-test-Release/test.log,2,integer_tests,217448400,1526605,0,1526605,pass,0.2174484
36996168725:windows-x86_64-release,unit-observations/tree0-test-Release/test.log,3,sanitizer_tests,31000,1,0,1,pass,3.1e-05
36996168725:windows-x86_64-release,unit-observations/tree0-test-Release/test.log,4,hash_tests,4525500,705,0,705,pass,0.0045255
36996168725:windows-x86_64-release,unit-observations/tree0-test-Release/test.log,5,simd_tests,97700,157,0,157,pass,9.77e-05
36996168725:windows-x86_64-release,unit-observations/tree0-test-Release/test.log,6,string_tests,2189314900,161623,0,161623,pass,2.1893149
36996168725:windows-x86_64-release,unit-observations/tree0-test-Release/test.log,7,os_tests,4981215400,417,0,417,pass,4.9812154
36996168725:windows-x86_64-release,unit-observations/tree0-test-Release/test.log,8,file_tests,78709000,774,0,774,pass,0.078709
36996168725:windows-x86_64-release,unit-observations/tree0-test-Release/test.log,9,target_tests,4445400,6596,0,6596,pass,0.0044454
36996168725:windows-x86_64-release,unit-observations/tree0-test-Release/test.log,10,truetype_tests,77063400,142,0,142,pass,0.0770634
36996168725:windows-x86_64-release,unit-observations/tree0-test-Release/test.log,11,image_tests,1952300,3125,0,3125,pass,0.0019523
36996168725:windows-x86_64-release,unit-observations/tree0-test-Release/test.log,12,c_frontend_tests,39682867600,1071373,0,1071373,pass,39.6828676
36996168725:windows-x86_64-release,unit-observations/tree0-test-Release/test.log,13,c_once_tests,264784200,47440,0,47440,pass,0.2647842
36996168725:windows-x86_64-release,unit-observations/tree0-test-Release/test.log,14,c_type_layout_tests,1560170600,171,0,171,pass,1.5601706
36996168725:windows-x86_64-release,unit-observations/tree0-test-Release/test.log,15,c_macro_conditional_tests,447410500,565,0,565,pass,0.4474105
36996168725:windows-x86_64-release,unit-observations/tree0-test-Release/test.log,16,record_layout_tests,758691200,47,0,47,pass,0.7586912
36996168725:windows-x86_64-release,unit-observations/tree0-test-Release/test.log,17,metamorphic_tests,8225539900,116,0,116,pass,8.2255399
36996168725:windows-x86_64-release,unit-observations/tree0-test-Release/test.log,18,aarch64_encoding_tests,6970989700,236732,0,236732,pass,6.9709897
36996168725:windows-x86_64-release,unit-observations/tree0-test-Release/test.log,19,aarch64_exact_bridge_tests,58600,102,0,102,pass,5.86e-05
36996168725:windows-x86_64-release,unit-observations/tree0-test-Release/test.log,20,aarch64_control_semantics_tests,713400,3377,0,3377,pass,0.0007134
36996168725:windows-x86_64-release,unit-observations/tree0-test-Release/test.log,21,aarch64_system_registers_tests,6404500,108,0,108,pass,0.0064045
36996168725:windows-x86_64-release,unit-observations/tree0-test-Release/test.log,22,aarch64_semantics_tests,73059800,215,0,215,pass,0.0730598
36996168725:windows-x86_64-release,unit-observations/tree0-test-Release/test.log,23,aarch64_system_semantics_tests,105086200,694,0,694,pass,0.1050862
36996168725:windows-x86_64-release,unit-observations/tree0-test-Release/test.log,24,aarch64_syntax_tests,1028141600,112,0,112,pass,1.0281416
36996168725:windows-x86_64-release,unit-observations/tree0-test-Release/test.log,25,aarch64_semantic_vm_tests,451649500,90,0,90,pass,0.4516495
36996168725:windows-x86_64-release,unit-observations/tree0-test-Release/test.log,26,aarch64_direct_simd_tests,2832224000,152,0,152,pass,2.832224
36996168725:windows-x86_64-release,unit-observations/tree0-test-Release/test.log,27,aarch64_complex_simd_tests,3085830300,32,0,32,pass,3.0858303
36996168725:windows-x86_64-release,unit-observations/tree0-test-Release/test.log,28,aarch64_memory_semantics_tests,5427526600,18,0,18,pass,5.4275266
36996168725:windows-x86_64-release,unit-observations/tree0-test-Release/test.log,29,aarch64_alias_projection_tests,831500,28,0,28,pass,0.0008315
36996168725:windows-x86_64-release,unit-observations/tree0-test-Release/test.log,30,assembly_tests,653913500,7846,0,7846,pass,0.6539135
36996168725:windows-x86_64-release,unit-observations/tree0-test-Release/test.log,31,x86_64_forwarding_tests,617400,13110,0,13110,pass,0.0006174
36996168725:windows-x86_64-release,unit-observations/tree0-test-Release/test.log,32,x86_64_metadata_tests,5407664400,1619,0,1619,pass,5.4076644
36996168725:windows-x86_64-release,unit-observations/tree0-test-Release/test.log,33,x86_64_tls_tests,62254200,307423,0,307423,pass,0.0622542
36996168725:windows-x86_64-release,unit-observations/tree0-test-Release/test.log,34,executable_padding_tests,37892900,33062,0,33062,pass,0.0378929
36996168725:windows-x86_64-release,unit-observations/tree0-test-Release/test.log,35,x86_64_got_tests,13839100,156385,0,156385,pass,0.0138391
36996168725:windows-x86_64-release,unit-observations/tree0-test-Release/test.log,36,x86_64_completion_census_tests,6935739100,34266,0,34266,pass,6.9357391
36996168725:windows-x86_64-release,unit-observations/tree0-test-Release/test.log,37,ir_tests,1435951700,351481,0,351481,pass,1.4359517
36996168725:windows-x86_64-release,unit-observations/tree0-test-Release/test.log,38,vector_contract_tests,766760200,3376,0,3376,pass,0.7667602
36996168725:windows-x86_64-release,unit-observations/tree0-test-Release/test.log,39,llvm_bitcode_tests,8256214200,132484,0,132484,pass,8.2562142
36996168725:windows-x86_64-release,unit-observations/tree0-test-Release/test.log,40,machine_selection_tests,36049000,631,0,631,pass,0.036049
36996168725:windows-x86_64-release,unit-observations/tree0-test-Release/test.log,41,machine_tests,5781809300,511956,0,511956,pass,5.7818093
36996168725:windows-x86_64-release,unit-observations/tree0-test-Release/test.log,42,codegen_tests,1465901400,10540,0,10540,pass,1.4659014
36996168725:windows-x86_64-release,unit-observations/tree0-test-Release/test.log,43,aarch64_stride_tests,37638700,98,0,98,pass,0.0376387
36996168725:windows-x86_64-release,unit-observations/tree0-test-Release/test.log,44,debug_model_tests,31593300,716,0,716,pass,0.0315933
36996168725:windows-x86_64-release,unit-observations/tree0-test-Release/test.log,45,dwarf_tests,247300,110,0,110,pass,0.0002473
36996168725:windows-x86_64-release,unit-observations/tree0-test-Release/test.log,46,codeview_tests,9222400,46748,0,46748,pass,0.0092224
36996168725:windows-x86_64-release,unit-observations/tree0-test-Release/test.log,47,pdb_tests,458269900,24848,0,24848,pass,0.4582699
36996168725:windows-x86_64-release,unit-observations/tree0-test-Release/test.log,48,object_tests,945174100,125575,0,125575,pass,0.9451741
36996168725:windows-x86_64-release,unit-observations/tree0-test-Release/test.log,49,jit_tests,338700,149,0,149,pass,0.0003387
36996168725:windows-x86_64-release,unit-observations/tree0-test-Release/test.log,50,link_tests,3197825700,148241,0,148241,pass,3.1978257
36996168725:windows-x86_64-release,unit-observations/tree0-test-Release/test.log,51,gpu_pipeline_tests,7977500,202,0,202,pass,0.0079775
36996168725:windows-x86_64-release,unit-observations/tree0-test-Release/test.log,52,compiler_diagnostic_tests,659580200,534,0,534,pass,0.6595802
36996168725:windows-x86_64-release,unit-observations/tree0-test-Release/test.log,53,compiler_driver_tests,194935271400,45676,0,45676,pass,194.9352714
36996168725:windows-x86_64-release,unit-observations/tree0-test-Release/test.log,54,compiler_driver_object_path_tests,363580300,39,0,39,pass,0.3635803
36996168725:windows-x86_64-release,unit-observations/tree0-test-Release/test.log,55,x86_64_tests,631800,18,0,18,pass,0.0006318
36996168725:windows-x86_64-sanitized-debug,unit-observations/tree0-test-Debug/test.log,53,compiler_driver_tests,816353917900,43855,0,43855,pass,816.3539179
36996168725:windows-x86_64-sanitized-debug,unit-observations/tree0-test-Debug/test.log,0,byte_writer_tests,348000,484,0,484,pass,0.000348
36996168725:windows-x86_64-sanitized-debug,unit-observations/tree0-test-Debug/test.log,1,arena_tests,761101000,137,0,137,pass,0.761101
36996168725:windows-x86_64-sanitized-debug,unit-observations/tree0-test-Debug/test.log,2,integer_tests,1890655800,1526605,0,1526605,pass,1.8906558
36996168725:windows-x86_64-sanitized-debug,unit-observations/tree0-test-Debug/test.log,3,sanitizer_tests,89200,1,0,1,pass,8.92e-05
36996168725:windows-x86_64-sanitized-debug,unit-observations/tree0-test-Debug/test.log,4,hash_tests,398362700,705,0,705,pass,0.3983627
36996168725:windows-x86_64-sanitized-debug,unit-observations/tree0-test-Debug/test.log,5,simd_tests,743000,157,0,157,pass,0.000743
36996168725:windows-x86_64-sanitized-debug,unit-observations/tree0-test-Debug/test.log,6,string_tests,19677386500,161623,0,161623,pass,19.6773865
36996168725:windows-x86_64-sanitized-debug,unit-observations/tree0-test-Debug/test.log,7,os_tests,9493492300,417,0,417,pass,9.4934923
36996168725:windows-x86_64-sanitized-debug,unit-observations/tree0-test-Debug/test.log,8,file_tests,145213100,774,0,774,pass,0.1452131
36996168725:windows-x86_64-sanitized-debug,unit-observations/tree0-test-Debug/test.log,9,target_tests,58508600,6596,0,6596,pass,0.0585086
36996168725:windows-x86_64-sanitized-debug,unit-observations/tree0-test-Debug/test.log,10,truetype_tests,1331922100,142,0,142,pass,1.3319221
36996168725:windows-x86_64-sanitized-debug,unit-observations/tree0-test-Debug/test.log,11,image_tests,18929000,3125,0,3125,pass,0.018929
36996168725:windows-x86_64-sanitized-debug,unit-observations/tree0-test-Debug/test.log,12,c_frontend_tests,237022589300,1071373,0,1071373,pass,237.0225893
36996168725:windows-x86_64-sanitized-debug,unit-observations/tree0-test-Debug/test.log,13,c_once_tests,823938100,47440,0,47440,pass,0.8239381
36996168725:windows-x86_64-sanitized-debug,unit-observations/tree0-test-Debug/test.log,14,c_type_layout_tests,7034065200,171,0,171,pass,7.0340652
36996168725:windows-x86_64-sanitized-debug,unit-observations/tree0-test-Debug/test.log,15,c_macro_conditional_tests,1335129100,565,0,565,pass,1.3351291
36996168725:windows-x86_64-sanitized-debug,unit-observations/tree0-test-Debug/test.log,16,record_layout_tests,8986619500,47,0,47,pass,8.9866195
36996168725:windows-x86_64-sanitized-debug,unit-observations/tree0-test-Debug/test.log,17,metamorphic_tests,96107502200,116,0,116,pass,96.1075022
36996168725:windows-x86_64-sanitized-debug,unit-observations/tree0-test-Debug/test.log,18,aarch64_encoding_tests,48069194100,236732,0,236732,pass,48.0691941
36996168725:windows-x86_64-sanitized-debug,unit-observations/tree0-test-Debug/test.log,19,aarch64_exact_bridge_tests,679600,102,0,102,pass,0.0006796
36996168725:windows-x86_64-sanitized-debug,unit-observations/tree0-test-Debug/test.log,20,aarch64_control_semantics_tests,11420300,3377,0,3377,pass,0.0114203
36996168725:windows-x86_64-sanitized-debug,unit-observations/tree0-test-Debug/test.log,21,aarch64_system_registers_tests,139683600,108,0,108,pass,0.1396836
36996168725:windows-x86_64-sanitized-debug,unit-observations/tree0-test-Debug/test.log,22,aarch64_semantics_tests,459024600,215,0,215,pass,0.4590246
36996168725:windows-x86_64-sanitized-debug,unit-observations/tree0-test-Debug/test.log,23,aarch64_system_semantics_tests,897236700,694,0,694,pass,0.8972367
36996168725:windows-x86_64-sanitized-debug,unit-observations/tree0-test-Debug/test.log,24,aarch64_syntax_tests,7858751500,112,0,112,pass,7.8587515
36996168725:windows-x86_64-sanitized-debug,unit-observations/tree0-test-Debug/test.log,25,aarch64_semantic_vm_tests,3665333000,90,0,90,pass,3.665333
36996168725:windows-x86_64-sanitized-debug,unit-observations/tree0-test-Debug/test.log,26,aarch64_direct_simd_tests,12654051700,152,0,152,pass,12.6540517
36996168725:windows-x86_64-sanitized-debug,unit-observations/tree0-test-Debug/test.log,27,aarch64_complex_simd_tests,15961928000,32,0,32,pass,15.961928
36996168725:windows-x86_64-sanitized-debug,unit-observations/tree0-test-Debug/test.log,28,aarch64_memory_semantics_tests,55044740800,18,0,18,pass,55.0447408
36996168725:windows-x86_64-sanitized-debug,unit-observations/tree0-test-Debug/test.log,29,aarch64_alias_projection_tests,10338900,28,0,28,pass,0.0103389
36996168725:windows-x86_64-sanitized-debug,unit-observations/tree0-test-Debug/test.log,30,assembly_tests,8811538000,7846,0,7846,pass,8.811538
36996168725:windows-x86_64-sanitized-debug,unit-observations/tree0-test-Debug/test.log,31,x86_64_forwarding_tests,6925900,13110,0,13110,pass,0.0069259
36996168725:windows-x86_64-sanitized-debug,unit-observations/tree0-test-Debug/test.log,32,x86_64_metadata_tests,61962671700,1619,0,1619,pass,61.9626717
36996168725:windows-x86_64-sanitized-debug,unit-observations/tree0-test-Debug/test.log,33,x86_64_tls_tests,435064600,307423,0,307423,pass,0.4350646
36996168725:windows-x86_64-sanitized-debug,unit-observations/tree0-test-Debug/test.log,34,executable_padding_tests,194809200,33062,0,33062,pass,0.1948092
36996168725:windows-x86_64-sanitized-debug,unit-observations/tree0-test-Debug/test.log,35,x86_64_got_tests,168950200,156385,0,156385,pass,0.1689502
36996168725:windows-x86_64-sanitized-debug,unit-observations/tree0-test-Debug/test.log,37,ir_tests,11492913500,351481,0,351481,pass,11.4929135
36996168725:windows-x86_64-sanitized-debug,unit-observations/tree0-test-Debug/test.log,38,vector_contract_tests,4411807800,3376,0,3376,pass,4.4118078
36996168725:windows-x86_64-sanitized-debug,unit-observations/tree0-test-Debug/test.log,39,llvm_bitcode_tests,14854476400,132484,0,132484,pass,14.8544764
36996168725:windows-x86_64-sanitized-debug,unit-observations/tree0-test-Debug/test.log,40,machine_selection_tests,151958100,631,0,631,pass,0.1519581
36996168725:windows-x86_64-sanitized-debug,unit-observations/tree0-test-Debug/test.log,41,machine_tests,50133974900,510548,0,510548,pass,50.1339749
36996168725:windows-x86_64-sanitized-debug,unit-observations/tree0-test-Debug/test.log,42,codegen_tests,8890797200,10324,0,10324,pass,8.8907972
36996168725:windows-x86_64-sanitized-debug,unit-observations/tree0-test-Debug/test.log,43,aarch64_stride_tests,129766000,98,0,98,pass,0.129766
36996168725:windows-x86_64-sanitized-debug,unit-observations/tree0-test-Debug/test.log,44,debug_model_tests,361485800,716,0,716,pass,0.3614858
36996168725:windows-x86_64-sanitized-debug,unit-observations/tree0-test-Debug/test.log,45,dwarf_tests,3597000,110,0,110,pass,0.003597
36996168725:windows-x86_64-sanitized-debug,unit-observations/tree0-test-Debug/test.log,46,codeview_tests,124237600,46748,0,46748,pass,0.1242376
36996168725:windows-x86_64-sanitized-debug,unit-observations/tree0-test-Debug/test.log,47,pdb_tests,1135873800,24848,0,24848,pass,1.1358738
36996168725:windows-x86_64-sanitized-debug,unit-observations/tree0-test-Debug/test.log,48,object_tests,14577183000,125572,0,125572,pass,14.577183
36996168725:windows-x86_64-sanitized-debug,unit-observations/tree0-test-Debug/test.log,49,jit_tests,2178800,113,0,113,pass,0.0021788
36996168725:windows-x86_64-sanitized-debug,unit-observations/tree0-test-Debug/test.log,50,link_tests,17867079500,147918,0,147918,pass,17.8670795
36996168725:windows-x86_64-sanitized-debug,unit-observations/tree0-test-Debug/test.log,51,gpu_pipeline_tests,30930600,202,0,202,pass,0.0309306
36996168725:windows-x86_64-sanitized-debug,unit-observations/tree0-test-Debug/test.log,52,compiler_diagnostic_tests,1990303000,534,0,534,pass,1.990303
36996168725:windows-x86_64-sanitized-debug,unit-observations/tree0-test-Debug/test.log,54,compiler_driver_object_path_tests,841794500,39,0,39,pass,0.8417945
36996168725:windows-x86_64-sanitized-debug,unit-observations/tree0-test-Debug/test.log,55,x86_64_tests,5725900,18,0,18,pass,0.0057259
36996168725:windows-x86_64-sanitized-release,unit-observations/tree0-test-Release/test.log,53,compiler_driver_tests,173609396500,43855,0,43855,pass,173.6093965
36996168725:windows-x86_64-sanitized-release,unit-observations/tree0-test-Release/test.log,0,byte_writer_tests,74700,484,0,484,pass,7.47e-05
36996168725:windows-x86_64-sanitized-release,unit-observations/tree0-test-Release/test.log,1,arena_tests,603443800,137,0,137,pass,0.6034438
36996168725:windows-x86_64-sanitized-release,unit-observations/tree0-test-Release/test.log,2,integer_tests,84699400,1526605,0,1526605,pass,0.0846994
36996168725:windows-x86_64-sanitized-release,unit-observations/tree0-test-Release/test.log,3,sanitizer_tests,5800,1,0,1,pass,5.8e-06
36996168725:windows-x86_64-sanitized-release,unit-observations/tree0-test-Release/test.log,4,hash_tests,4892400,705,0,705,pass,0.0048924
36996168725:windows-x86_64-sanitized-release,unit-observations/tree0-test-Release/test.log,5,simd_tests,38100,157,0,157,pass,3.81e-05
36996168725:windows-x86_64-sanitized-release,unit-observations/tree0-test-Release/test.log,6,string_tests,5352184900,161623,0,161623,pass,5.3521849
36996168725:windows-x86_64-sanitized-release,unit-observations/tree0-test-Release/test.log,7,os_tests,6556901000,417,0,417,pass,6.556901
36996168725:windows-x86_64-sanitized-release,unit-observations/tree0-test-Release/test.log,8,file_tests,81754900,774,0,774,pass,0.0817549
36996168725:windows-x86_64-sanitized-release,unit-observations/tree0-test-Release/test.log,9,target_tests,8555000,6596,0,6596,pass,0.008555
36996168725:windows-x86_64-sanitized-release,unit-observations/tree0-test-Release/test.log,10,truetype_tests,40346800,142,0,142,pass,0.0403468
36996168725:windows-x86_64-sanitized-release,unit-observations/tree0-test-Release/test.log,11,image_tests,1418900,3125,0,3125,pass,0.0014189
36996168725:windows-x86_64-sanitized-release,unit-observations/tree0-test-Release/test.log,12,c_frontend_tests,72793409200,1071373,0,1071373,pass,72.7934092
36996168725:windows-x86_64-sanitized-release,unit-observations/tree0-test-Release/test.log,13,c_once_tests,292504800,47440,0,47440,pass,0.2925048
36996168725:windows-x86_64-sanitized-release,unit-observations/tree0-test-Release/test.log,14,c_type_layout_tests,2693834800,171,0,171,pass,2.6938348
36996168725:windows-x86_64-sanitized-release,unit-observations/tree0-test-Release/test.log,15,c_macro_conditional_tests,713475700,565,0,565,pass,0.7134757
36996168725:windows-x86_64-sanitized-release,unit-observations/tree0-test-Release/test.log,16,record_layout_tests,1163638400,47,0,47,pass,1.1636384
36996168725:windows-x86_64-sanitized-release,unit-observations/tree0-test-Release/test.log,17,metamorphic_tests,16398786300,116,0,116,pass,16.3987863
36996168725:windows-x86_64-sanitized-release,unit-observations/tree0-test-Release/test.log,18,aarch64_encoding_tests,1386156400,236732,0,236732,pass,1.3861564
36996168725:windows-x86_64-sanitized-release,unit-observations/tree0-test-Release/test.log,19,aarch64_exact_bridge_tests,38900,102,0,102,pass,3.89e-05
36996168725:windows-x86_64-sanitized-release,unit-observations/tree0-test-Release/test.log,20,aarch64_control_semantics_tests,379000,3377,0,3377,pass,0.000379
36996168725:windows-x86_64-sanitized-release,unit-observations/tree0-test-Release/test.log,21,aarch64_system_registers_tests,3293000,108,0,108,pass,0.003293
36996168725:windows-x86_64-sanitized-release,unit-observations/tree0-test-Release/test.log,22,aarch64_semantics_tests,16551500,215,0,215,pass,0.0165515
36996168725:windows-x86_64-sanitized-release,unit-observations/tree0-test-Release/test.log,23,aarch64_system_semantics_tests,13340400,694,0,694,pass,0.0133404
36996168725:windows-x86_64-sanitized-release,unit-observations/tree0-test-Release/test.log,24,aarch64_syntax_tests,210720700,112,0,112,pass,0.2107207
36996168725:windows-x86_64-sanitized-release,unit-observations/tree0-test-Release/test.log,25,aarch64_semantic_vm_tests,146068500,90,0,90,pass,0.1460685
36996168725:windows-x86_64-sanitized-release,unit-observations/tree0-test-Release/test.log,26,aarch64_direct_simd_tests,555169100,152,0,152,pass,0.5551691
36996168725:windows-x86_64-sanitized-release,unit-observations/tree0-test-Release/test.log,27,aarch64_complex_simd_tests,829598400,32,0,32,pass,0.8295984
36996168725:windows-x86_64-sanitized-release,unit-observations/tree0-test-Release/test.log,28,aarch64_memory_semantics_tests,2807680800,18,0,18,pass,2.8076808
36996168725:windows-x86_64-sanitized-release,unit-observations/tree0-test-Release/test.log,29,aarch64_alias_projection_tests,1179000,28,0,28,pass,0.001179
36996168725:windows-x86_64-sanitized-release,unit-observations/tree0-test-Release/test.log,30,assembly_tests,922134200,7846,0,7846,pass,0.9221342
36996168725:windows-x86_64-sanitized-release,unit-observations/tree0-test-Release/test.log,31,x86_64_forwarding_tests,1121500,13110,0,13110,pass,0.0011215
36996168725:windows-x86_64-sanitized-release,unit-observations/tree0-test-Release/test.log,32,x86_64_metadata_tests,3743457900,1619,0,1619,pass,3.7434579
36996168725:windows-x86_64-sanitized-release,unit-observations/tree0-test-Release/test.log,33,x86_64_tls_tests,27606200,307423,0,307423,pass,0.0276062
36996168725:windows-x86_64-sanitized-release,unit-observations/tree0-test-Release/test.log,34,executable_padding_tests,7747600,33062,0,33062,pass,0.0077476
36996168725:windows-x86_64-sanitized-release,unit-observations/tree0-test-Release/test.log,35,x86_64_got_tests,20137400,156385,0,156385,pass,0.0201374
36996168725:windows-x86_64-sanitized-release,unit-observations/tree0-test-Release/test.log,37,ir_tests,1843948600,351481,0,351481,pass,1.8439486
36996168725:windows-x86_64-sanitized-release,unit-observations/tree0-test-Release/test.log,38,vector_contract_tests,1529610300,3376,0,3376,pass,1.5296103
36996168725:windows-x86_64-sanitized-release,unit-observations/tree0-test-Release/test.log,39,llvm_bitcode_tests,10645181100,132484,0,132484,pass,10.6451811
36996168725:windows-x86_64-sanitized-release,unit-observations/tree0-test-Release/test.log,40,machine_selection_tests,78238400,631,0,631,pass,0.0782384
36996168725:windows-x86_64-sanitized-release,unit-observations/tree0-test-Release/test.log,41,machine_tests,7459712000,510548,0,510548,pass,7.459712
36996168725:windows-x86_64-sanitized-release,unit-observations/tree0-test-Release/test.log,42,codegen_tests,2185283800,10324,0,10324,pass,2.1852838
36996168725:windows-x86_64-sanitized-release,unit-observations/tree0-test-Release/test.log,43,aarch64_stride_tests,83195100,98,0,98,pass,0.0831951
36996168725:windows-x86_64-sanitized-release,unit-observations/tree0-test-Release/test.log,44,debug_model_tests,19114700,716,0,716,pass,0.0191147
36996168725:windows-x86_64-sanitized-release,unit-observations/tree0-test-Release/test.log,45,dwarf_tests,382600,110,0,110,pass,0.0003826
36996168725:windows-x86_64-sanitized-release,unit-observations/tree0-test-Release/test.log,46,codeview_tests,9663500,46748,0,46748,pass,0.0096635
36996168725:windows-x86_64-sanitized-release,unit-observations/tree0-test-Release/test.log,47,pdb_tests,582874100,24848,0,24848,pass,0.5828741
36996168725:windows-x86_64-sanitized-release,unit-observations/tree0-test-Release/test.log,48,object_tests,599023400,125570,0,125570,pass,0.5990234
36996168725:windows-x86_64-sanitized-release,unit-observations/tree0-test-Release/test.log,49,jit_tests,241100,113,0,113,pass,0.0002411
36996168725:windows-x86_64-sanitized-release,unit-observations/tree0-test-Release/test.log,50,link_tests,1186115800,147918,0,147918,pass,1.1861158
36996168725:windows-x86_64-sanitized-release,unit-observations/tree0-test-Release/test.log,51,gpu_pipeline_tests,12703800,202,0,202,pass,0.0127038
36996168725:windows-x86_64-sanitized-release,unit-observations/tree0-test-Release/test.log,52,compiler_diagnostic_tests,966376100,534,0,534,pass,0.9663761
36996168725:windows-x86_64-sanitized-release,unit-observations/tree0-test-Release/test.log,54,compiler_driver_object_path_tests,346199100,39,0,39,pass,0.3461991
36996168725:windows-x86_64-sanitized-release,unit-observations/tree0-test-Release/test.log,55,x86_64_tests,1855100,18,0,18,pass,0.0018551
