round,pair,order,variant,job,wall_seconds,user_seconds,system_seconds,peak_rss_bytes,cycles,instructions,branches,branch_misses,cache_references,cache_misses,arena_calls,arena_bytes,output_bytes,source_bytes,source_lines,source_functions,output_sha256,minor_faults,major_faults,voluntary_context_switches,involuntary_context_switches
0,0,0,0,4,0.199404837,0.150204,0.030043999999999998,428355584,NA,NA,NA,NA,NA,NA,NA,NA,5833440,1882629,26625,512,0f41e20848de6408cce7b1c5f57f0212c9401233ca75c7b6652c8ea62bfcd43f,1236,0,143,6
0,0,1,1,4,0.19751616800000002,0.152393,0.025944999999999999,428400640,NA,NA,NA,NA,NA,NA,NA,NA,5833440,1882629,26625,512,0f41e20848de6408cce7b1c5f57f0212c9401233ca75c7b6652c8ea62bfcd43f,1254,0,129,4
0,0,0,1,0,0.019942616,0.0084919999999999995,0,55709696,NA,NA,NA,NA,NA,NA,NA,NA,2408,135,5,1,3d4d37e7dcef36139698862d60d536450dfb480779ac0676046a82e065e8af0f,583,0,12,3
0,0,1,0,0,0.018390168000000002,0.0051770000000000002,0.002588,55255040,NA,NA,NA,NA,NA,NA,NA,NA,2408,135,5,1,3d4d37e7dcef36139698862d60d536450dfb480779ac0676046a82e065e8af0f,1028,0,15,3
0,0,0,1,3,0.059774029000000006,0.044484999999999997,0.0034249999999999997,179621888,NA,NA,NA,NA,NA,NA,NA,NA,1968568,2240463,32773,1,c491f4791a93a71124b9219b05e718490cf6bd1c68b1ec8fc6a6550e31f844b1,681,0,42,4
0,0,1,0,3,0.059870691000000004,0.048381999999999994,0,181252096,NA,NA,NA,NA,NA,NA,NA,NA,1968568,2240463,32773,1,c491f4791a93a71124b9219b05e718490cf6bd1c68b1ec8fc6a6550e31f844b1,1125,0,36,4
0,0,0,0,5,0.44640429200000004,0.37417999999999996,0.043448000000000001,1023762432,NA,NA,NA,NA,NA,NA,NA,NA,11457352,5690734,153602,512,388033e7552b3b3255277a47381a62d5067155e67b74e663ad0ac019ed72fc50,1137,0,234,7
0,0,1,1,5,0.43995516900000003,0.379361,0.036927000000000001,1025814528,NA,NA,NA,NA,NA,NA,NA,NA,11457352,5690734,153602,512,388033e7552b3b3255277a47381a62d5067155e67b74e663ad0ac019ed72fc50,1585,0,169,6
0,0,0,1,1,0.056070701000000001,0.044427999999999995,0,156389376,NA,NA,NA,NA,NA,NA,NA,NA,994016,407679,8197,1,76f10b65f44b546f736cef2848789238eb7a5f77ce08b564ccca55b5bdc08f36,1084,0,25,5
0,0,1,0,1,0.055457532000000004,0.036603999999999998,0.0073209999999999994,156344320,NA,NA,NA,NA,NA,NA,NA,NA,994016,407679,8197,1,76f10b65f44b546f736cef2848789238eb7a5f77ce08b564ccca55b5bdc08f36,1083,0,18,3
0,0,0,0,2,0.040652541,0.026239999999999999,0.0032810000000000001,131129344,NA,NA,NA,NA,NA,NA,NA,NA,837856,318511,16385,4096,b4f737276339a7626b246c204b626e79f9d9ec0f1f160233a5aa1c27728af83f,1072,0,28,3
0,0,1,1,2,0.040734305000000005,0.019751999999999999,0.0098890000000000002,130830336,NA,NA,NA,NA,NA,NA,NA,NA,837856,318511,16385,4096,b4f737276339a7626b246c204b626e79f9d9ec0f1f160233a5aa1c27728af83f,1068,0,20,4
0,1,0,0,3,0.059964647000000003,0.044767000000000001,0.0034319999999999997,181235712,NA,NA,NA,NA,NA,NA,NA,NA,1968568,2240463,32773,1,c491f4791a93a71124b9219b05e718490cf6bd1c68b1ec8fc6a6550e31f844b1,1123,0,23,5
0,1,1,1,3,0.059035064000000005,0.047567999999999999,0,179593216,NA,NA,NA,NA,NA,NA,NA,NA,1968568,2240463,32773,1,c491f4791a93a71124b9219b05e718490cf6bd1c68b1ec8fc6a6550e31f844b1,682,0,38,3
0,1,0,1,4,0.19833662600000002,0.15270699999999998,0.026567,428503040,NA,NA,NA,NA,NA,NA,NA,NA,5833440,1882629,26625,512,0f41e20848de6408cce7b1c5f57f0212c9401233ca75c7b6652c8ea62bfcd43f,1237,0,170,5
0,1,1,0,4,0.19899782500000002,0.15636700000000001,0.023292999999999998,428781568,NA,NA,NA,NA,NA,NA,NA,NA,5833440,1882629,26625,512,0f41e20848de6408cce7b1c5f57f0212c9401233ca75c7b6652c8ea62bfcd43f,799,0,154,5
0,1,0,1,2,0.040908280000000005,0.017791999999999999,0.011871,131129344,NA,NA,NA,NA,NA,NA,NA,NA,837856,318511,16385,4096,b4f737276339a7626b246c204b626e79f9d9ec0f1f160233a5aa1c27728af83f,1071,0,22,3
0,1,1,0,2,0.040814133000000002,0.016412,0.013127999999999999,131375104,NA,NA,NA,NA,NA,NA,NA,NA,837856,318511,16385,4096,b4f737276339a7626b246c204b626e79f9d9ec0f1f160233a5aa1c27728af83f,1075,0,23,3
0,1,0,0,1,0.056001259000000005,0.038144999999999998,0.0063579999999999999,156454912,NA,NA,NA,NA,NA,NA,NA,NA,994016,407679,8197,1,76f10b65f44b546f736cef2848789238eb7a5f77ce08b564ccca55b5bdc08f36,1082,0,47,3
0,1,1,1,1,0.055633952,0.033853000000000001,0.010142,156659712,NA,NA,NA,NA,NA,NA,NA,NA,994016,407679,8197,1,76f10b65f44b546f736cef2848789238eb7a5f77ce08b564ccca55b5bdc08f36,640,0,22,4
0,1,0,0,0,0.018633523000000003,0.008062999999999999,0,55250944,NA,NA,NA,NA,NA,NA,NA,NA,2408,135,5,1,3d4d37e7dcef36139698862d60d536450dfb480779ac0676046a82e065e8af0f,1028,0,12,2
0,1,1,1,0,0.018508782000000001,0.0039150000000000001,0.0039280000000000001,55664640,NA,NA,NA,NA,NA,NA,NA,NA,2408,135,5,1,3d4d37e7dcef36139698862d60d536450dfb480779ac0676046a82e065e8af0f,585,0,15,3
0,1,0,1,5,0.43506832200000001,0.36823499999999998,0.046453000000000001,1025773568,NA,NA,NA,NA,NA,NA,NA,NA,11457352,5690734,153602,512,388033e7552b3b3255277a47381a62d5067155e67b74e663ad0ac019ed72fc50,1601,0,120,8
0,1,1,0,5,0.46257282800000005,0.37327399999999999,0.040361000000000001,1023463424,NA,NA,NA,NA,NA,NA,NA,NA,11457352,5690734,153602,512,388033e7552b3b3255277a47381a62d5067155e67b74e663ad0ac019ed72fc50,1579,0,183,7
0,2,0,0,5,0.44701194100000002,0.36935999999999997,0.046185999999999998,1023561728,NA,NA,NA,NA,NA,NA,NA,NA,11457352,5690734,153602,512,388033e7552b3b3255277a47381a62d5067155e67b74e663ad0ac019ed72fc50,1584,0,249,6
0,2,1,1,5,0.438558322,0.367809,0.050145999999999996,1025818624,NA,NA,NA,NA,NA,NA,NA,NA,11457352,5690734,153602,512,388033e7552b3b3255277a47381a62d5067155e67b74e663ad0ac019ed72fc50,1582,0,105,5
0,2,0,0,1,0.055234854000000007,0.033746999999999999,0.010119,156315648,NA,NA,NA,NA,NA,NA,NA,NA,994016,407679,8197,1,76f10b65f44b546f736cef2848789238eb7a5f77ce08b564ccca55b5bdc08f36,1081,0,27,4
0,2,1,1,1,0.055538963000000004,0.037257999999999999,0.0067609999999999996,156569600,NA,NA,NA,NA,NA,NA,NA,NA,994016,407679,8197,1,76f10b65f44b546f736cef2848789238eb7a5f77ce08b564ccca55b5bdc08f36,1120,0,24,5
0,2,0,0,3,0.063412847000000008,0.034079999999999999,0.013639999999999999,181374976,NA,NA,NA,NA,NA,NA,NA,NA,1968568,2240463,32773,1,c491f4791a93a71124b9219b05e718490cf6bd1c68b1ec8fc6a6550e31f844b1,1121,0,31,3
0,2,1,1,3,0.059956631000000003,0.042195999999999997,0.006496,179306496,NA,NA,NA,NA,NA,NA,NA,NA,1968568,2240463,32773,1,c491f4791a93a71124b9219b05e718490cf6bd1c68b1ec8fc6a6550e31f844b1,1122,0,29,4
0,2,0,1,2,0.041016524000000006,0.026439999999999998,0.0033059999999999999,131153920,NA,NA,NA,NA,NA,NA,NA,NA,837856,318511,16385,4096,b4f737276339a7626b246c204b626e79f9d9ec0f1f160233a5aa1c27728af83f,1068,0,21,5
0,2,1,0,2,0.040751374999999999,0.023052,0.0065899999999999995,131379200,NA,NA,NA,NA,NA,NA,NA,NA,837856,318511,16385,4096,b4f737276339a7626b246c204b626e79f9d9ec0f1f160233a5aa1c27728af83f,621,0,19,3
0,2,0,1,4,0.19765496800000001,0.14917900000000001,0.029200999999999998,428466176,NA,NA,NA,NA,NA,NA,NA,NA,5833440,1882629,26625,512,0f41e20848de6408cce7b1c5f57f0212c9401233ca75c7b6652c8ea62bfcd43f,790,0,145,7
0,2,1,0,4,0.19831517600000001,0.15914,0.019896999999999998,428421120,NA,NA,NA,NA,NA,NA,NA,NA,5833440,1882629,26625,512,0f41e20848de6408cce7b1c5f57f0212c9401233ca75c7b6652c8ea62bfcd43f,1239,0,119,6
0,2,0,0,0,0.019478428000000002,0.0056860000000000001,0.0028449999999999999,55095296,NA,NA,NA,NA,NA,NA,NA,NA,2408,135,5,1,3d4d37e7dcef36139698862d60d536450dfb480779ac0676046a82e065e8af0f,1027,0,12,3
0,2,1,1,0,0.018938044000000001,0.00809,0,55709696,NA,NA,NA,NA,NA,NA,NA,NA,2408,135,5,1,3d4d37e7dcef36139698862d60d536450dfb480779ac0676046a82e065e8af0f,579,0,9,3
0,3,0,1,0,0.019315181000000001,0.0083400000000000002,0,55107584,NA,NA,NA,NA,NA,NA,NA,NA,2408,135,5,1,3d4d37e7dcef36139698862d60d536450dfb480779ac0676046a82e065e8af0f,1025,0,9,3
0,3,1,0,0,0.019459121000000003,0.0027649999999999997,0.0055469999999999998,55291904,NA,NA,NA,NA,NA,NA,NA,NA,2408,135,5,1,3d4d37e7dcef36139698862d60d536450dfb480779ac0676046a82e065e8af0f,1029,0,9,4
0,3,0,0,2,0.040102641000000001,0.025308999999999998,0.0036209999999999997,131543040,NA,NA,NA,NA,NA,NA,NA,NA,837856,318511,16385,4096,b4f737276339a7626b246c204b626e79f9d9ec0f1f160233a5aa1c27728af83f,623,0,23,4
0,3,1,1,2,0.041134864,0.019747000000000001,0.0098689999999999993,131162112,NA,NA,NA,NA,NA,NA,NA,NA,837856,318511,16385,4096,b4f737276339a7626b246c204b626e79f9d9ec0f1f160233a5aa1c27728af83f,1072,0,23,3
0,3,0,0,4,0.19922878600000002,0.15659499999999998,0.023318999999999999,428449792,NA,NA,NA,NA,NA,NA,NA,NA,5833440,1882629,26625,512,0f41e20848de6408cce7b1c5f57f0212c9401233ca75c7b6652c8ea62bfcd43f,1241,0,137,5
0,3,1,1,4,0.21049353400000001,0.16336499999999998,0.016670000000000001,428367872,NA,NA,NA,NA,NA,NA,NA,NA,5833440,1882629,26625,512,0f41e20848de6408cce7b1c5f57f0212c9401233ca75c7b6652c8ea62bfcd43f,1235,0,72,5
0,3,0,1,1,0.055274458000000005,0.030436999999999999,0.013533,156336128,NA,NA,NA,NA,NA,NA,NA,NA,994016,407679,8197,1,76f10b65f44b546f736cef2848789238eb7a5f77ce08b564ccca55b5bdc08f36,1083,0,24,6
0,3,1,0,1,0.055581985,0.033977,0.010189,156692480,NA,NA,NA,NA,NA,NA,NA,NA,994016,407679,8197,1,76f10b65f44b546f736cef2848789238eb7a5f77ce08b564ccca55b5bdc08f36,640,0,46,4
0,3,0,1,3,0.058620889000000002,0.044024999999999995,0.0033869999999999998,179335168,NA,NA,NA,NA,NA,NA,NA,NA,1968568,2240463,32773,1,c491f4791a93a71124b9219b05e718490cf6bd1c68b1ec8fc6a6550e31f844b1,680,0,42,4
0,3,1,0,3,0.059605453000000003,0.044906999999999996,0.0034559999999999999,181317632,NA,NA,NA,NA,NA,NA,NA,NA,1968568,2240463,32773,1,c491f4791a93a71124b9219b05e718490cf6bd1c68b1ec8fc6a6550e31f844b1,1124,0,47,4
0,3,0,1,5,0.43537089900000003,0.38067699999999999,0.033697999999999999,1025818624,NA,NA,NA,NA,NA,NA,NA,NA,11457352,5690734,153602,512,388033e7552b3b3255277a47381a62d5067155e67b74e663ad0ac019ed72fc50,1585,0,85,7
0,3,1,0,5,0.44512693900000005,0.356794,0.058917999999999998,1023782912,NA,NA,NA,NA,NA,NA,NA,NA,11457352,5690734,153602,512,388033e7552b3b3255277a47381a62d5067155e67b74e663ad0ac019ed72fc50,1602,0,134,7
0,4,0,1,4,0.20364995200000002,0.15276000000000001,0.026005,428363776,NA,NA,NA,NA,NA,NA,NA,NA,5833440,1882629,26625,512,0f41e20848de6408cce7b1c5f57f0212c9401233ca75c7b6652c8ea62bfcd43f,1238,0,113,7
0,4,1,0,4,0.19833468200000001,0.15624199999999999,0.022785,428810240,NA,NA,NA,NA,NA,NA,NA,NA,5833440,1882629,26625,512,0f41e20848de6408cce7b1c5f57f0212c9401233ca75c7b6652c8ea62bfcd43f,797,0,189,4
0,4,0,1,1,0.055108427000000001,0.036935999999999997,0.0067229999999999998,156688384,NA,NA,NA,NA,NA,NA,NA,NA,994016,407679,8197,1,76f10b65f44b546f736cef2848789238eb7a5f77ce08b564ccca55b5bdc08f36,641,0,20,3
0,4,1,0,1,0.054820098000000005,0.039649999999999998,0.0036059999999999998,156450816,NA,NA,NA,NA,NA,NA,NA,NA,994016,407679,8197,1,76f10b65f44b546f736cef2848789238eb7a5f77ce08b564ccca55b5bdc08f36,1084,0,36,2
0,4,0,1,3,0.059857466000000005,0.048272999999999996,0,178880512,NA,NA,NA,NA,NA,NA,NA,NA,1968568,2240463,32773,1,c491f4791a93a71124b9219b05e718490cf6bd1c68b1ec8fc6a6550e31f844b1,1119,0,45,4
0,4,1,0,3,0.059917948000000006,0.038619000000000001,0.0096559999999999997,181800960,NA,NA,NA,NA,NA,NA,NA,NA,1968568,2240463,32773,1,c491f4791a93a71124b9219b05e718490cf6bd1c68b1ec8fc6a6550e31f844b1,685,0,46,3
0,4,0,1,0,0.018755593000000001,0.0054789999999999995,0.0027409999999999999,55410688,NA,NA,NA,NA,NA,NA,NA,NA,2408,135,5,1,3d4d37e7dcef36139698862d60d536450dfb480779ac0676046a82e065e8af0f,1030,0,11,3
0,4,1,0,0,0.017961403000000001,0.0036939999999999998,0.003715,55320576,NA,NA,NA,NA,NA,NA,NA,NA,2408,135,5,1,3d4d37e7dcef36139698862d60d536450dfb480779ac0676046a82e065e8af0f,581,0,10,3
0,4,0,1,5,0.44523509200000005,0.376162,0.040321999999999997,1025847296,NA,NA,NA,NA,NA,NA,NA,NA,11457352,5690734,153602,512,388033e7552b3b3255277a47381a62d5067155e67b74e663ad0ac019ed72fc50,1138,0,241,10
0,4,1,0,5,0.44371837000000003,0.40256599999999998,0.013410999999999999,1023639552,NA,NA,NA,NA,NA,NA,NA,NA,11457352,5690734,153602,512,388033e7552b3b3255277a47381a62d5067155e67b74e663ad0ac019ed72fc50,1585,0,190,6
0,4,0,1,2,0.040679791999999999,0.023021999999999997,0.0065799999999999999,131031040,NA,NA,NA,NA,NA,NA,NA,NA,837856,318511,16385,4096,b4f737276339a7626b246c204b626e79f9d9ec0f1f160233a5aa1c27728af83f,1065,0,25,4
0,4,1,0,2,0.040554517000000005,0.02564,0.0036649999999999999,131416064,NA,NA,NA,NA,NA,NA,NA,NA,837856,318511,16385,4096,b4f737276339a7626b246c204b626e79f9d9ec0f1f160233a5aa1c27728af83f,624,0,21,3
0,5,0,0,2,0.040778648000000001,0.026334,0.0032879999999999997,131186688,NA,NA,NA,NA,NA,NA,NA,NA,837856,318511,16385,4096,b4f737276339a7626b246c204b626e79f9d9ec0f1f160233a5aa1c27728af83f,1069,0,30,5
0,5,1,1,2,0.040366355,0.029263999999999998,0,131145728,NA,NA,NA,NA,NA,NA,NA,NA,837856,318511,16385,4096,b4f737276339a7626b246c204b626e79f9d9ec0f1f160233a5aa1c27728af83f,1073,0,19,3
0,5,0,0,1,0.056027320000000005,0.034877999999999999,0.0095090000000000001,156164096,NA,NA,NA,NA,NA,NA,NA,NA,994016,407679,8197,1,76f10b65f44b546f736cef2848789238eb7a5f77ce08b564ccca55b5bdc08f36,1081,0,20,5
0,5,1,1,1,0.055935116000000007,0.037523999999999995,0.0068239999999999993,156368896,NA,NA,NA,NA,NA,NA,NA,NA,994016,407679,8197,1,76f10b65f44b546f736cef2848789238eb7a5f77ce08b564ccca55b5bdc08f36,1082,0,31,3
0,5,0,0,3,0.059415657000000004,0.048168999999999997,0,181235712,NA,NA,NA,NA,NA,NA,NA,NA,1968568,2240463,32773,1,c491f4791a93a71124b9219b05e718490cf6bd1c68b1ec8fc6a6550e31f844b1,1123,0,34,3
0,5,1,1,3,0.059728174000000002,0.038238000000000001,0.0095499999999999995,179556352,NA,NA,NA,NA,NA,NA,NA,NA,1968568,2240463,32773,1,c491f4791a93a71124b9219b05e718490cf6bd1c68b1ec8fc6a6550e31f844b1,682,0,55,5
0,5,0,0,0,0.018351897000000002,0.0039959999999999996,0.0040029999999999996,55685120,NA,NA,NA,NA,NA,NA,NA,NA,2408,135,5,1,3d4d37e7dcef36139698862d60d536450dfb480779ac0676046a82e065e8af0f,588,0,12,3
0,5,1,1,0,0.018227884,0.0051589999999999995,0.0025820000000000001,55242752,NA,NA,NA,NA,NA,NA,NA,NA,2408,135,5,1,3d4d37e7dcef36139698862d60d536450dfb480779ac0676046a82e065e8af0f,1029,0,13,3
0,5,0,0,5,0.44562932000000005,0.36713899999999999,0.049609999999999994,1023856640,NA,NA,NA,NA,NA,NA,NA,NA,11457352,5690734,153602,512,388033e7552b3b3255277a47381a62d5067155e67b74e663ad0ac019ed72fc50,1139,0,170,7
0,5,1,1,5,0.44458327000000003,0.37040799999999996,0.043772999999999999,1025753088,NA,NA,NA,NA,NA,NA,NA,NA,11457352,5690734,153602,512,388033e7552b3b3255277a47381a62d5067155e67b74e663ad0ac019ed72fc50,1585,0,79,6
0,5,0,0,4,0.199546162,0.16021199999999999,0.020034,428666880,NA,NA,NA,NA,NA,NA,NA,NA,5833440,1882629,26625,512,0f41e20848de6408cce7b1c5f57f0212c9401233ca75c7b6652c8ea62bfcd43f,792,0,114,5
0,5,1,1,4,0.19794230700000001,0.16528099999999998,0.013486999999999999,428417024,NA,NA,NA,NA,NA,NA,NA,NA,5833440,1882629,26625,512,0f41e20848de6408cce7b1c5f57f0212c9401233ca75c7b6652c8ea62bfcd43f,1271,0,167,4
0,6,0,0,1,0.055151849000000003,0.040013,0.0036379999999999997,156557312,NA,NA,NA,NA,NA,NA,NA,NA,994016,407679,8197,1,76f10b65f44b546f736cef2848789238eb7a5f77ce08b564ccca55b5bdc08f36,1086,0,36,3
0,6,1,1,1,0.055237769000000006,0.036989000000000001,0.0067159999999999997,156762112,NA,NA,NA,NA,NA,NA,NA,NA,994016,407679,8197,1,76f10b65f44b546f736cef2848789238eb7a5f77ce08b564ccca55b5bdc08f36,640,0,28,5
0,6,0,1,2,0.040396181000000003,0.022813999999999997,0.0064879999999999998,131469312,NA,NA,NA,NA,NA,NA,NA,NA,837856,318511,16385,4096,b4f737276339a7626b246c204b626e79f9d9ec0f1f160233a5aa1c27728af83f,629,0,24,3
0,6,1,0,2,0.040718735000000006,0.022931999999999998,0.0065550000000000001,131338240,NA,NA,NA,NA,NA,NA,NA,NA,837856,318511,16385,4096,b4f737276339a7626b246c204b626e79f9d9ec0f1f160233a5aa1c27728af83f,622,0,23,3
0,6,0,0,4,0.20113953800000001,0.16877200000000001,0.013243999999999999,428646400,NA,NA,NA,NA,NA,NA,NA,NA,5833440,1882629,26625,512,0f41e20848de6408cce7b1c5f57f0212c9401233ca75c7b6652c8ea62bfcd43f,787,0,170,5
0,6,1,1,4,0.19935278000000001,0.156726,0.023347,428441600,NA,NA,NA,NA,NA,NA,NA,NA,5833440,1882629,26625,512,0f41e20848de6408cce7b1c5f57f0212c9401233ca75c7b6652c8ea62bfcd43f,1235,0,144,5
0,6,0,1,5,0.44460863700000003,0.37168699999999999,0.043538,1026072576,NA,NA,NA,NA,NA,NA,NA,NA,11457352,5690734,153602,512,388033e7552b3b3255277a47381a62d5067155e67b74e663ad0ac019ed72fc50,1144,0,61,4
0,6,1,0,5,0.44579011100000004,0.35587599999999997,0.059891,1023406080,NA,NA,NA,NA,NA,NA,NA,NA,11457352,5690734,153602,512,388033e7552b3b3255277a47381a62d5067155e67b74e663ad0ac019ed72fc50,1580,0,257,9
0,6,0,1,0,0.018771912000000002,0.0082290000000000002,0,55574528,NA,NA,NA,NA,NA,NA,NA,NA,2408,135,5,1,3d4d37e7dcef36139698862d60d536450dfb480779ac0676046a82e065e8af0f,587,0,12,3
0,6,1,0,0,0.018393114000000002,0.0038959999999999997,0.0038969999999999999,55324672,NA,NA,NA,NA,NA,NA,NA,NA,2408,135,5,1,3d4d37e7dcef36139698862d60d536450dfb480779ac0676046a82e065e8af0f,582,0,12,3
0,6,0,1,3,0.068629932000000005,0.044109999999999996,0.0033969999999999998,178974720,NA,NA,NA,NA,NA,NA,NA,NA,1968568,2240463,32773,1,c491f4791a93a71124b9219b05e718490cf6bd1c68b1ec8fc6a6550e31f844b1,1115,0,28,5
0,6,1,0,3,0.059803575000000005,0.044859999999999997,0.0034529999999999999,181448704,NA,NA,NA,NA,NA,NA,NA,NA,1968568,2240463,32773,1,c491f4791a93a71124b9219b05e718490cf6bd1c68b1ec8fc6a6550e31f844b1,680,0,36,4
0,7,0,0,5,0.43595998200000002,0.37864399999999998,0.036864999999999995,1023524864,NA,NA,NA,NA,NA,NA,NA,NA,11457352,5690734,153602,512,388033e7552b3b3255277a47381a62d5067155e67b74e663ad0ac019ed72fc50,1578,0,186,6
0,7,1,1,5,0.43588721700000005,0.37138599999999999,0.043483000000000001,1025970176,NA,NA,NA,NA,NA,NA,NA,NA,11457352,5690734,153602,512,388033e7552b3b3255277a47381a62d5067155e67b74e663ad0ac019ed72fc50,1140,0,191,7
0,7,0,0,3,0.060108076000000003,0.044781000000000001,0.0034479999999999997,181334016,NA,NA,NA,NA,NA,NA,NA,NA,1968568,2240463,32773,1,c491f4791a93a71124b9219b05e718490cf6bd1c68b1ec8fc6a6550e31f844b1,1125,0,22,4
0,7,1,1,3,0.059549569000000004,0.044138999999999998,0.0034009999999999999,179224576,NA,NA,NA,NA,NA,NA,NA,NA,1968568,2240463,32773,1,c491f4791a93a71124b9219b05e718490cf6bd1c68b1ec8fc6a6550e31f844b1,1122,0,43,3
0,7,0,0,2,0.041078609000000002,0.026452999999999997,0.003307,131305472,NA,NA,NA,NA,NA,NA,NA,NA,837856,318511,16385,4096,b4f737276339a7626b246c204b626e79f9d9ec0f1f160233a5aa1c27728af83f,1103,0,23,3
0,7,1,1,2,0.040867363000000004,0.020808,0.0089179999999999988,131350528,NA,NA,NA,NA,NA,NA,NA,NA,837856,318511,16385,4096,b4f737276339a7626b246c204b626e79f9d9ec0f1f160233a5aa1c27728af83f,628,0,28,3
0,7,0,1,4,0.19804034000000001,0.15262899999999999,0.025987999999999997,428429312,NA,NA,NA,NA,NA,NA,NA,NA,5833440,1882629,26625,512,0f41e20848de6408cce7b1c5f57f0212c9401233ca75c7b6652c8ea62bfcd43f,1237,0,153,6
0,7,1,0,4,0.19999292900000001,0.15722,0.023413999999999997,428425216,NA,NA,NA,NA,NA,NA,NA,NA,5833440,1882629,26625,512,0f41e20848de6408cce7b1c5f57f0212c9401233ca75c7b6652c8ea62bfcd43f,1275,0,127,5
0,7,0,1,1,0.055884321000000001,0.034021999999999997,0.01021,156413952,NA,NA,NA,NA,NA,NA,NA,NA,994016,407679,8197,1,76f10b65f44b546f736cef2848789238eb7a5f77ce08b564ccca55b5bdc08f36,1084,0,40,3
0,7,1,0,1,0.054961512000000004,0.040407999999999999,0.003107,156422144,NA,NA,NA,NA,NA,NA,NA,NA,994016,407679,8197,1,76f10b65f44b546f736cef2848789238eb7a5f77ce08b564ccca55b5bdc08f36,1084,0,24,4
0,7,0,0,0,0.019410450000000003,0.002764,0.005535,55095296,NA,NA,NA,NA,NA,NA,NA,NA,2408,135,5,1,3d4d37e7dcef36139698862d60d536450dfb480779ac0676046a82e065e8af0f,1027,0,10,3
0,7,1,1,0,0.019349715,0.0042239999999999995,0.0042230000000000002,55365632,NA,NA,NA,NA,NA,NA,NA,NA,2408,135,5,1,3d4d37e7dcef36139698862d60d536450dfb480779ac0676046a82e065e8af0f,1030,0,9,3
0,8,0,1,4,0.20162098000000001,0.15476899999999999,0.023064999999999999,428216320,NA,NA,NA,NA,NA,NA,NA,NA,5833440,1882629,26625,512,0f41e20848de6408cce7b1c5f57f0212c9401233ca75c7b6652c8ea62bfcd43f,1236,0,105,5
0,8,1,0,4,0.19887023600000001,0.15307399999999999,0.026633,428523520,NA,NA,NA,NA,NA,NA,NA,NA,5833440,1882629,26625,512,0f41e20848de6408cce7b1c5f57f0212c9401233ca75c7b6652c8ea62bfcd43f,794,0,177,4
0,8,0,0,1,0.055099731000000006,0.043535999999999998,0,156512256,NA,NA,NA,NA,NA,NA,NA,NA,994016,407679,8197,1,76f10b65f44b546f736cef2848789238eb7a5f77ce08b564ccca55b5bdc08f36,1084,0,20,5
0,8,1,1,1,0.055189378000000004,0.030232999999999999,0.013434,156573696,NA,NA,NA,NA,NA,NA,NA,NA,994016,407679,8197,1,76f10b65f44b546f736cef2848789238eb7a5f77ce08b564ccca55b5bdc08f36,1085,0,19,3
0,8,0,1,0,0.019782938,0.0063109999999999998,0.002101,55377920,NA,NA,NA,NA,NA,NA,NA,NA,2408,135,5,1,3d4d37e7dcef36139698862d60d536450dfb480779ac0676046a82e065e8af0f,1030,0,10,3
0,8,1,0,0,0.01847708,0.0038569999999999998,0.0038559999999999996,55611392,NA,NA,NA,NA,NA,NA,NA,NA,2408,135,5,1,3d4d37e7dcef36139698862d60d536450dfb480779ac0676046a82e065e8af0f,586,0,11,3
0,8,0,0,2,0.040476421000000005,0.025881999999999999,0.0032469999999999999,131411968,NA,NA,NA,NA,NA,NA,NA,NA,837856,318511,16385,4096,b4f737276339a7626b246c204b626e79f9d9ec0f1f160233a5aa1c27728af83f,629,0,20,4
0,8,1,1,2,0.040630651000000004,0.026143,0.003271,131452928,NA,NA,NA,NA,NA,NA,NA,NA,837856,318511,16385,4096,b4f737276339a7626b246c204b626e79f9d9ec0f1f160233a5aa1c27728af83f,627,0,23,4
0,8,0,0,5,0.42746360200000005,0.37491199999999997,0.040182999999999996,1023873024,NA,NA,NA,NA,NA,NA,NA,NA,11457352,5690734,153602,512,388033e7552b3b3255277a47381a62d5067155e67b74e663ad0ac019ed72fc50,1137,0,244,9
0,8,1,1,5,0.43500984300000001,0.39063799999999999,0.023362999999999998,1025785856,NA,NA,NA,NA,NA,NA,NA,NA,11457352,5690734,153602,512,388033e7552b3b3255277a47381a62d5067155e67b74e663ad0ac019ed72fc50,1584,0,302,5
0,8,0,0,3,0.059924852000000001,0.044593000000000001,0.0034329999999999999,181383168,NA,NA,NA,NA,NA,NA,NA,NA,1968568,2240463,32773,1,c491f4791a93a71124b9219b05e718490cf6bd1c68b1ec8fc6a6550e31f844b1,1124,0,44,4
0,8,1,1,3,0.059728946000000005,0.047979000000000001,0,179191808,NA,NA,NA,NA,NA,NA,NA,NA,1968568,2240463,32773,1,c491f4791a93a71124b9219b05e718490cf6bd1c68b1ec8fc6a6550e31f844b1,1122,0,36,3
0,9,0,1,3,0.058973158000000005,0.037128000000000001,0.010135,179531776,NA,NA,NA,NA,NA,NA,NA,NA,1968568,2240463,32773,1,c491f4791a93a71124b9219b05e718490cf6bd1c68b1ec8fc6a6550e31f844b1,680,0,49,3
0,9,1,0,3,0.059519352000000005,0.047865999999999999,0,181702656,NA,NA,NA,NA,NA,NA,NA,NA,1968568,2240463,32773,1,c491f4791a93a71124b9219b05e718490cf6bd1c68b1ec8fc6a6550e31f844b1,681,0,35,4
0,9,0,1,5,0.44667143300000001,0.37479299999999999,0.043129000000000001,1025548288,NA,NA,NA,NA,NA,NA,NA,NA,11457352,5690734,153602,512,388033e7552b3b3255277a47381a62d5067155e67b74e663ad0ac019ed72fc50,1581,0,240,7
0,9,1,0,5,0.43429076600000005,0.38018299999999999,0.033346000000000001,1023569920,NA,NA,NA,NA,NA,NA,NA,NA,11457352,5690734,153602,512,388033e7552b3b3255277a47381a62d5067155e67b74e663ad0ac019ed72fc50,1583,0,226,4
0,9,0,1,1,0.056025955000000002,0.034207000000000001,0.010263999999999999,156475392,NA,NA,NA,NA,NA,NA,NA,NA,994016,407679,8197,1,76f10b65f44b546f736cef2848789238eb7a5f77ce08b564ccca55b5bdc08f36,1118,0,24,5
0,9,1,0,1,0.055954151000000001,0.034154999999999998,0.010227999999999999,156344320,NA,NA,NA,NA,NA,NA,NA,NA,994016,407679,8197,1,76f10b65f44b546f736cef2848789238eb7a5f77ce08b564ccca55b5bdc08f36,1079,0,26,4
0,9,0,0,4,0.19774203100000001,0.16167599999999999,0.016819000000000001,428593152,NA,NA,NA,NA,NA,NA,NA,NA,5833440,1882629,26625,512,0f41e20848de6408cce7b1c5f57f0212c9401233ca75c7b6652c8ea62bfcd43f,795,0,152,7
0,9,1,1,4,0.198927091,0.16309999999999999,0.016645999999999998,428392448,NA,NA,NA,NA,NA,NA,NA,NA,5833440,1882629,26625,512,0f41e20848de6408cce7b1c5f57f0212c9401233ca75c7b6652c8ea62bfcd43f,1237,0,166,4
0,9,0,1,2,0.040894203000000004,0.019764999999999998,0.0098849999999999997,131141632,NA,NA,NA,NA,NA,NA,NA,NA,837856,318511,16385,4096,b4f737276339a7626b246c204b626e79f9d9ec0f1f160233a5aa1c27728af83f,1070,0,22,4
0,9,1,0,2,0.046177544000000001,0.019656,0.0098329999999999997,131375104,NA,NA,NA,NA,NA,NA,NA,NA,837856,318511,16385,4096,b4f737276339a7626b246c204b626e79f9d9ec0f1f160233a5aa1c27728af83f,628,0,21,3
0,9,0,0,0,0.019499507000000003,0.0042199999999999998,0.0042239999999999995,55263232,NA,NA,NA,NA,NA,NA,NA,NA,2408,135,5,1,3d4d37e7dcef36139698862d60d536450dfb480779ac0676046a82e065e8af0f,1028,0,9,3
0,9,1,1,0,0.020364137000000001,0.0028149999999999998,0.0056189999999999999,55312384,NA,NA,NA,NA,NA,NA,NA,NA,2408,135,5,1,3d4d37e7dcef36139698862d60d536450dfb480779ac0676046a82e065e8af0f,1030,0,11,3
0,10,0,1,0,0.019533399,0.0081569999999999993,0,55230464,NA,NA,NA,NA,NA,NA,NA,NA,2408,135,5,1,3d4d37e7dcef36139698862d60d536450dfb480779ac0676046a82e065e8af0f,1029,0,9,3
0,10,1,0,0,0.020107395,0.0027879999999999997,0.0055439999999999994,55255040,NA,NA,NA,NA,NA,NA,NA,NA,2408,135,5,1,3d4d37e7dcef36139698862d60d536450dfb480779ac0676046a82e065e8af0f,1030,0,10,3
0,10,0,1,1,0.055355029,0.037400999999999997,0.0062439999999999996,156532736,NA,NA,NA,NA,NA,NA,NA,NA,994016,407679,8197,1,76f10b65f44b546f736cef2848789238eb7a5f77ce08b564ccca55b5bdc08f36,1100,0,21,6
0,10,1,0,1,0.055525370000000004,0.033457000000000001,0.010038999999999999,156684288,NA,NA,NA,NA,NA,NA,NA,NA,994016,407679,8197,1,76f10b65f44b546f736cef2848789238eb7a5f77ce08b564ccca55b5bdc08f36,639,0,25,3
0,10,0,1,3,0.059659143000000005,0.038404000000000001,0.009611999999999999,179142656,NA,NA,NA,NA,NA,NA,NA,NA,1968568,2240463,32773,1,c491f4791a93a71124b9219b05e718490cf6bd1c68b1ec8fc6a6550e31f844b1,1123,0,37,4
0,10,1,0,3,0.059522457000000001,0.044399000000000001,0.0034159999999999998,181342208,NA,NA,NA,NA,NA,NA,NA,NA,1968568,2240463,32773,1,c491f4791a93a71124b9219b05e718490cf6bd1c68b1ec8fc6a6550e31f844b1,678,0,59,4
0,10,0,0,5,0.436890155,0.37256299999999998,0.043642,1023639552,NA,NA,NA,NA,NA,NA,NA,NA,11457352,5690734,153602,512,388033e7552b3b3255277a47381a62d5067155e67b74e663ad0ac019ed72fc50,1583,0,183,7
0,10,1,1,5,0.43710050900000003,0.35931299999999999,0.057049999999999997,1025683456,NA,NA,NA,NA,NA,NA,NA,NA,11457352,5690734,153602,512,388033e7552b3b3255277a47381a62d5067155e67b74e663ad0ac019ed72fc50,1584,0,113,7
0,10,0,0,2,0.040622314,0.029467,0,131035136,NA,NA,NA,NA,NA,NA,NA,NA,837856,318511,16385,4096,b4f737276339a7626b246c204b626e79f9d9ec0f1f160233a5aa1c27728af83f,1067,0,19,4
0,10,1,1,2,0.040865850000000002,0.026369999999999998,0.003297,131018752,NA,NA,NA,NA,NA,NA,NA,NA,837856,318511,16385,4096,b4f737276339a7626b246c204b626e79f9d9ec0f1f160233a5aa1c27728af83f,1070,0,28,3
0,10,0,0,4,0.199831376,0.15401999999999999,0.026199999999999998,428367872,NA,NA,NA,NA,NA,NA,NA,NA,5833440,1882629,26625,512,0f41e20848de6408cce7b1c5f57f0212c9401233ca75c7b6652c8ea62bfcd43f,1235,0,130,7
0,10,1,1,4,0.19757735200000001,0.16481099999999999,0.013453,428773376,NA,NA,NA,NA,NA,NA,NA,NA,5833440,1882629,26625,512,0f41e20848de6408cce7b1c5f57f0212c9401233ca75c7b6652c8ea62bfcd43f,795,0,160,5
0,11,0,1,2,0.041056958000000005,0.023118,0.006613,131411968,NA,NA,NA,NA,NA,NA,NA,NA,837856,318511,16385,4096,b4f737276339a7626b246c204b626e79f9d9ec0f1f160233a5aa1c27728af83f,628,0,24,3
0,11,1,0,2,0.040639497000000004,0.029588999999999997,0,131276800,NA,NA,NA,NA,NA,NA,NA,NA,837856,318511,16385,4096,b4f737276339a7626b246c204b626e79f9d9ec0f1f160233a5aa1c27728af83f,1074,0,17,3
0,11,0,0,0,0.018866369000000001,0.0054539999999999996,0.0027179999999999999,55521280,NA,NA,NA,NA,NA,NA,NA,NA,2408,135,5,1,3d4d37e7dcef36139698862d60d536450dfb480779ac0676046a82e065e8af0f,585,0,11,3
0,11,1,1,0,0.019175849000000002,0.004045,0.0040460000000000001,55353344,NA,NA,NA,NA,NA,NA,NA,NA,2408,135,5,1,3d4d37e7dcef36139698862d60d536450dfb480779ac0676046a82e065e8af0f,581,0,11,3
0,11,0,0,1,0.061545189000000007,0.043619999999999999,0,156438528,NA,NA,NA,NA,NA,NA,NA,NA,994016,407679,8197,1,76f10b65f44b546f736cef2848789238eb7a5f77ce08b564ccca55b5bdc08f36,1081,0,28,5
0,11,1,1,1,0.05521678,0.033524999999999999,0.010071999999999999,156340224,NA,NA,NA,NA,NA,NA,NA,NA,994016,407679,8197,1,76f10b65f44b546f736cef2848789238eb7a5f77ce08b564ccca55b5bdc08f36,1082,0,22,3
0,11,0,1,5,0.437509747,0.37650699999999998,0.040333999999999995,1025675264,NA,NA,NA,NA,NA,NA,NA,NA,11457352,5690734,153602,512,388033e7552b3b3255277a47381a62d5067155e67b74e663ad0ac019ed72fc50,1585,0,272,5
0,11,1,0,5,0.44634785600000004,0.37635299999999999,0.039947999999999997,1023864832,NA,NA,NA,NA,NA,NA,NA,NA,11457352,5690734,153602,512,388033e7552b3b3255277a47381a62d5067155e67b74e663ad0ac019ed72fc50,1137,0,250,8
0,11,0,1,4,0.19845922600000002,0.16243299999999999,0.016914999999999999,428478464,NA,NA,NA,NA,NA,NA,NA,NA,5833440,1882629,26625,512,0f41e20848de6408cce7b1c5f57f0212c9401233ca75c7b6652c8ea62bfcd43f,1238,0,103,5
0,11,1,0,4,0.19966061700000001,0.15407599999999999,0.02622,428392448,NA,NA,NA,NA,NA,NA,NA,NA,5833440,1882629,26625,512,0f41e20848de6408cce7b1c5f57f0212c9401233ca75c7b6652c8ea62bfcd43f,1238,0,173,5
0,11,0,0,3,0.060419007000000004,0.03884,0.0097140000000000004,181563392,NA,NA,NA,NA,NA,NA,NA,NA,1968568,2240463,32773,1,c491f4791a93a71124b9219b05e718490cf6bd1c68b1ec8fc6a6550e31f844b1,680,0,40,3
0,11,1,1,3,0.059123110000000006,0.04079,0.0067989999999999995,179638272,NA,NA,NA,NA,NA,NA,NA,NA,1968568,2240463,32773,1,c491f4791a93a71124b9219b05e718490cf6bd1c68b1ec8fc6a6550e31f844b1,683,0,32,5
0,12,0,1,0,0.019029276000000001,0.0082259999999999989,0,55578624,NA,NA,NA,NA,NA,NA,NA,NA,2408,135,5,1,3d4d37e7dcef36139698862d60d536450dfb480779ac0676046a82e065e8af0f,587,0,10,3
0,12,1,0,0,0.018957621000000001,0.0039829999999999996,0.0039979999999999998,55517184,NA,NA,NA,NA,NA,NA,NA,NA,2408,135,5,1,3d4d37e7dcef36139698862d60d536450dfb480779ac0676046a82e065e8af0f,587,0,11,3
0,12,0,0,5,0.44025867800000001,0.36973099999999998,0.049891999999999999,1023868928,NA,NA,NA,NA,NA,NA,NA,NA,11457352,5690734,153602,512,388033e7552b3b3255277a47381a62d5067155e67b74e663ad0ac019ed72fc50,1140,0,261,7
0,12,1,1,5,0.43733787400000002,0.37984299999999999,0.036660999999999999,1025712128,NA,NA,NA,NA,NA,NA,NA,NA,11457352,5690734,153602,512,388033e7552b3b3255277a47381a62d5067155e67b74e663ad0ac019ed72fc50,1584,0,306,6
0,12,0,0,1,0.055221238000000006,0.034336999999999999,0.0093740000000000004,156393472,NA,NA,NA,NA,NA,NA,NA,NA,994016,407679,8197,1,76f10b65f44b546f736cef2848789238eb7a5f77ce08b564ccca55b5bdc08f36,1083,0,32,4
0,12,1,1,1,0.055421383000000005,0.033679000000000001,0.010090999999999999,156475392,NA,NA,NA,NA,NA,NA,NA,NA,994016,407679,8197,1,76f10b65f44b546f736cef2848789238eb7a5f77ce08b564ccca55b5bdc08f36,1083,0,33,6
0,12,0,1,4,0.19930112200000002,0.16308499999999998,0.016628999999999998,428396544,NA,NA,NA,NA,NA,NA,NA,NA,5833440,1882629,26625,512,0f41e20848de6408cce7b1c5f57f0212c9401233ca75c7b6652c8ea62bfcd43f,1239,0,215,7
0,12,1,0,4,0.19878554600000001,0.15912899999999999,0.020319999999999998,428158976,NA,NA,NA,NA,NA,NA,NA,NA,5833440,1882629,26625,512,0f41e20848de6408cce7b1c5f57f0212c9401233ca75c7b6652c8ea62bfcd43f,1235,0,164,3
0,12,0,0,3,0.060017846000000007,0.038175000000000001,0.010416999999999999,181444608,NA,NA,NA,NA,NA,NA,NA,NA,1968568,2240463,32773,1,c491f4791a93a71124b9219b05e718490cf6bd1c68b1ec8fc6a6550e31f844b1,1125,0,53,4
0,12,1,1,3,0.060097926000000003,0.048311,0,179482624,NA,NA,NA,NA,NA,NA,NA,NA,1968568,2240463,32773,1,c491f4791a93a71124b9219b05e718490cf6bd1c68b1ec8fc6a6550e31f844b1,681,0,51,5
0,12,0,0,2,0.041145875000000005,0.017874999999999999,0.011915,131129344,NA,NA,NA,NA,NA,NA,NA,NA,837856,318511,16385,4096,b4f737276339a7626b246c204b626e79f9d9ec0f1f160233a5aa1c27728af83f,1068,0,20,4
0,12,1,1,2,0.040966769,0.023673,0.0059199999999999999,131362816,NA,NA,NA,NA,NA,NA,NA,NA,837856,318511,16385,4096,b4f737276339a7626b246c204b626e79f9d9ec0f1f160233a5aa1c27728af83f,628,0,25,3
0,13,0,0,0,0.019052729000000001,0.0055959999999999994,0.002807,55119872,NA,NA,NA,NA,NA,NA,NA,NA,2408,135,5,1,3d4d37e7dcef36139698862d60d536450dfb480779ac0676046a82e065e8af0f,1024,0,14,4
0,13,1,1,0,0.018940318000000001,0.0081259999999999995,0,55721984,NA,NA,NA,NA,NA,NA,NA,NA,2408,135,5,1,3d4d37e7dcef36139698862d60d536450dfb480779ac0676046a82e065e8af0f,589,0,12,3
0,13,0,1,1,0.055385226000000003,0.037367999999999998,0.0062429999999999994,156532736,NA,NA,NA,NA,NA,NA,NA,NA,994016,407679,8197,1,76f10b65f44b546f736cef2848789238eb7a5f77ce08b564ccca55b5bdc08f36,638,0,46,4
0,13,1,0,1,0.055791887000000005,0.031662999999999997,0.012669999999999999,156348416,NA,NA,NA,NA,NA,NA,NA,NA,994016,407679,8197,1,76f10b65f44b546f736cef2848789238eb7a5f77ce08b564ccca55b5bdc08f36,1081,0,32,6
0,13,0,1,5,0.43590026100000001,0.37204699999999996,0.043151999999999996,1025716224,NA,NA,NA,NA,NA,NA,NA,NA,11457352,5690734,153602,512,388033e7552b3b3255277a47381a62d5067155e67b74e663ad0ac019ed72fc50,1583,0,275,7
0,13,1,0,5,0.43733980700000002,0.36328199999999999,0.053289999999999997,1023664128,NA,NA,NA,NA,NA,NA,NA,NA,11457352,5690734,153602,512,388033e7552b3b3255277a47381a62d5067155e67b74e663ad0ac019ed72fc50,1604,0,267,5
0,13,0,1,2,0.040954587000000001,0.019771999999999998,0.0098849999999999997,131231744,NA,NA,NA,NA,NA,NA,NA,NA,837856,318511,16385,4096,b4f737276339a7626b246c204b626e79f9d9ec0f1f160233a5aa1c27728af83f,1068,0,24,3
0,13,1,0,2,0.040587439000000003,0.022838999999999998,0.0065259999999999997,131121152,NA,NA,NA,NA,NA,NA,NA,NA,837856,318511,16385,4096,b4f737276339a7626b246c204b626e79f9d9ec0f1f160233a5aa1c27728af83f,1071,0,29,3
0,13,0,1,3,0.059877032000000004,0.037843999999999996,0.010336999999999999,179494912,NA,NA,NA,NA,NA,NA,NA,NA,1968568,2240463,32773,1,c491f4791a93a71124b9219b05e718490cf6bd1c68b1ec8fc6a6550e31f844b1,672,0,31,4
0,13,1,0,3,0.060137220000000005,0.038711999999999996,0.0096819999999999996,181329920,NA,NA,NA,NA,NA,NA,NA,NA,1968568,2240463,32773,1,c491f4791a93a71124b9219b05e718490cf6bd1c68b1ec8fc6a6550e31f844b1,1127,0,43,5
0,13,0,0,4,0.19807414200000001,0.152364,0.026494999999999998,428347392,NA,NA,NA,NA,NA,NA,NA,NA,5833440,1882629,26625,512,0f41e20848de6408cce7b1c5f57f0212c9401233ca75c7b6652c8ea62bfcd43f,1237,0,126,5
0,13,1,1,4,0.197879418,0.15262199999999998,0.025973,428367872,NA,NA,NA,NA,NA,NA,NA,NA,5833440,1882629,26625,512,0f41e20848de6408cce7b1c5f57f0212c9401233ca75c7b6652c8ea62bfcd43f,1260,0,152,5
0,14,0,1,3,0.060503717000000005,0.038829999999999996,0.0097079999999999996,179306496,NA,NA,NA,NA,NA,NA,NA,NA,1968568,2240463,32773,1,c491f4791a93a71124b9219b05e718490cf6bd1c68b1ec8fc6a6550e31f844b1,1122,0,47,3
0,14,1,0,3,0.060848433,0.042323,0.0065139999999999998,181317632,NA,NA,NA,NA,NA,NA,NA,NA,1968568,2240463,32773,1,c491f4791a93a71124b9219b05e718490cf6bd1c68b1ec8fc6a6550e31f844b1,1123,0,50,3
0,14,0,1,2,0.040543457000000005,0.029468999999999999,0,131149824,NA,NA,NA,NA,NA,NA,NA,NA,837856,318511,16385,4096,b4f737276339a7626b246c204b626e79f9d9ec0f1f160233a5aa1c27728af83f,1071,0,23,2
0,14,1,0,2,0.040525723999999999,0.029404,0,131424256,NA,NA,NA,NA,NA,NA,NA,NA,837856,318511,16385,4096,b4f737276339a7626b246c204b626e79f9d9ec0f1f160233a5aa1c27728af83f,1112,0,18,3
0,14,0,1,1,0.055800835,0.040924999999999996,0.0034129999999999998,156397568,NA,NA,NA,NA,NA,NA,NA,NA,994016,407679,8197,1,76f10b65f44b546f736cef2848789238eb7a5f77ce08b564ccca55b5bdc08f36,1085,0,22,5
0,14,1,0,1,0.055321066000000002,0.033679000000000001,0.010109999999999999,156557312,NA,NA,NA,NA,NA,NA,NA,NA,994016,407679,8197,1,76f10b65f44b546f736cef2848789238eb7a5f77ce08b564ccca55b5bdc08f36,1083,0,26,3
0,14,0,1,4,0.19998052500000002,0.16811399999999999,0.010088999999999999,428494848,NA,NA,NA,NA,NA,NA,NA,NA,5833440,1882629,26625,512,0f41e20848de6408cce7b1c5f57f0212c9401233ca75c7b6652c8ea62bfcd43f,791,0,129,4
0,14,1,0,4,0.20114606900000001,0.15972699999999998,0.019549,428777472,NA,NA,NA,NA,NA,NA,NA,NA,5833440,1882629,26625,512,0f41e20848de6408cce7b1c5f57f0212c9401233ca75c7b6652c8ea62bfcd43f,796,0,133,6
0,14,0,0,5,0.45063049000000005,0.37912399999999996,0.039538999999999998,1023807488,NA,NA,NA,NA,NA,NA,NA,NA,11457352,5690734,153602,512,388033e7552b3b3255277a47381a62d5067155e67b74e663ad0ac019ed72fc50,1586,0,328,5
0,14,1,1,5,0.43663730100000003,0.36254799999999998,0.053727999999999998,1025728512,NA,NA,NA,NA,NA,NA,NA,NA,11457352,5690734,153602,512,388033e7552b3b3255277a47381a62d5067155e67b74e663ad0ac019ed72fc50,1586,0,336,6
0,14,0,1,0,0.024779479,0.0056619999999999995,0.002836,55418880,NA,NA,NA,NA,NA,NA,NA,NA,2408,135,5,1,3d4d37e7dcef36139698862d60d536450dfb480779ac0676046a82e065e8af0f,584,0,11,2
0,14,1,0,0,0.01878119,0.008010999999999999,0,55414784,NA,NA,NA,NA,NA,NA,NA,NA,2408,135,5,1,3d4d37e7dcef36139698862d60d536450dfb480779ac0676046a82e065e8af0f,1027,0,9,2
0,15,0,0,1,0.062434235000000005,0.036219000000000001,0.0072269999999999999,156246016,NA,NA,NA,NA,NA,NA,NA,NA,994016,407679,8197,1,76f10b65f44b546f736cef2848789238eb7a5f77ce08b564ccca55b5bdc08f36,1078,0,46,4
0,15,1,1,1,0.058801648000000005,0.034787999999999999,0.0094920000000000004,156471296,NA,NA,NA,NA,NA,NA,NA,NA,994016,407679,8197,1,76f10b65f44b546f736cef2848789238eb7a5f77ce08b564ccca55b5bdc08f36,1102,0,39,4
0,15,0,0,4,0.20401374200000003,0.155365,0.023618999999999998,428441600,NA,NA,NA,NA,NA,NA,NA,NA,5833440,1882629,26625,512,0f41e20848de6408cce7b1c5f57f0212c9401233ca75c7b6652c8ea62bfcd43f,1239,0,165,4
0,15,1,1,4,0.201645345,0.139963,0.039990999999999999,428433408,NA,NA,NA,NA,NA,NA,NA,NA,5833440,1882629,26625,512,0f41e20848de6408cce7b1c5f57f0212c9401233ca75c7b6652c8ea62bfcd43f,1237,0,169,4
0,15,0,0,2,0.051510676000000005,0.029745999999999998,0,131239936,NA,NA,NA,NA,NA,NA,NA,NA,837856,318511,16385,4096,b4f737276339a7626b246c204b626e79f9d9ec0f1f160233a5aa1c27728af83f,1067,0,25,3
0,15,1,1,2,0.040944137000000005,0.029533999999999998,0,131125248,NA,NA,NA,NA,NA,NA,NA,NA,837856,318511,16385,4096,b4f737276339a7626b246c204b626e79f9d9ec0f1f160233a5aa1c27728af83f,1070,0,33,3
0,15,0,1,5,0.44647582600000002,0.35594999999999999,0.060454999999999995,1025785856,NA,NA,NA,NA,NA,NA,NA,NA,11457352,5690734,153602,512,388033e7552b3b3255277a47381a62d5067155e67b74e663ad0ac019ed72fc50,1583,0,149,8
0,15,1,0,5,0.44091535600000004,0.369031,0.046961999999999997,1023483904,NA,NA,NA,NA,NA,NA,NA,NA,11457352,5690734,153602,512,388033e7552b3b3255277a47381a62d5067155e67b74e663ad0ac019ed72fc50,1580,0,310,3
0,15,0,0,3,0.064791391000000004,0.038797999999999999,0.0097050000000000001,181592064,NA,NA,NA,NA,NA,NA,NA,NA,1968568,2240463,32773,1,c491f4791a93a71124b9219b05e718490cf6bd1c68b1ec8fc6a6550e31f844b1,682,0,34,4
0,15,1,1,3,0.062489787000000005,0.035140999999999999,0.012759999999999999,179552256,NA,NA,NA,NA,NA,NA,NA,NA,1968568,2240463,32773,1,c491f4791a93a71124b9219b05e718490cf6bd1c68b1ec8fc6a6550e31f844b1,674,0,48,5
0,15,0,0,0,0.020271483,0.0080769999999999991,0,55246848,NA,NA,NA,NA,NA,NA,NA,NA,2408,135,5,1,3d4d37e7dcef36139698862d60d536450dfb480779ac0676046a82e065e8af0f,1027,0,11,3
0,15,1,1,0,0.018169103000000002,0.0037919999999999998,0.0037909999999999997,55554048,NA,NA,NA,NA,NA,NA,NA,NA,2408,135,5,1,3d4d37e7dcef36139698862d60d536450dfb480779ac0676046a82e065e8af0f,584,0,12,3
0,16,0,0,3,0.0665742,0.047996999999999998,0,181280768,NA,NA,NA,NA,NA,NA,NA,NA,1968568,2240463,32773,1,c491f4791a93a71124b9219b05e718490cf6bd1c68b1ec8fc6a6550e31f844b1,1124,0,46,3
0,16,1,1,3,0.064896997999999997,0.038477999999999998,0.0096039999999999997,179380224,NA,NA,NA,NA,NA,NA,NA,NA,1968568,2240463,32773,1,c491f4791a93a71124b9219b05e718490cf6bd1c68b1ec8fc6a6550e31f844b1,671,0,22,6
0,16,0,0,1,0.055539054000000004,0.037118999999999999,0.0067489999999999998,156278784,NA,NA,NA,NA,NA,NA,NA,NA,994016,407679,8197,1,76f10b65f44b546f736cef2848789238eb7a5f77ce08b564ccca55b5bdc08f36,1083,0,45,2
0,16,1,1,1,0.060846739000000004,0.041092999999999998,0.0034249999999999997,156512256,NA,NA,NA,NA,NA,NA,NA,NA,994016,407679,8197,1,76f10b65f44b546f736cef2848789238eb7a5f77ce08b564ccca55b5bdc08f36,637,0,20,4
0,16,0,0,4,0.200283182,0.165187,0.013486999999999999,428429312,NA,NA,NA,NA,NA,NA,NA,NA,5833440,1882629,26625,512,0f41e20848de6408cce7b1c5f57f0212c9401233ca75c7b6652c8ea62bfcd43f,1238,0,112,4
0,16,1,1,4,0.20068884200000001,0.16536999999999999,0.013505,428351488,NA,NA,NA,NA,NA,NA,NA,NA,5833440,1882629,26625,512,0f41e20848de6408cce7b1c5f57f0212c9401233ca75c7b6652c8ea62bfcd43f,1238,0,105,4
0,16,0,1,5,0.44793444000000004,0.38246199999999997,0.033252999999999998,1025835008,NA,NA,NA,NA,NA,NA,NA,NA,11457352,5690734,153602,512,388033e7552b3b3255277a47381a62d5067155e67b74e663ad0ac019ed72fc50,1585,0,274,6
0,16,1,0,5,0.43729866000000001,0.37420599999999998,0.046785,1023873024,NA,NA,NA,NA,NA,NA,NA,NA,11457352,5690734,153602,512,388033e7552b3b3255277a47381a62d5067155e67b74e663ad0ac019ed72fc50,1140,0,182,4
0,16,0,0,0,0.019550913,0.0042729999999999999,0.0042769999999999996,55275520,NA,NA,NA,NA,NA,NA,NA,NA,2408,135,5,1,3d4d37e7dcef36139698862d60d536450dfb480779ac0676046a82e065e8af0f,1025,0,12,2
0,16,1,1,0,0.029835312000000003,0.0082620000000000002,0,55357440,NA,NA,NA,NA,NA,NA,NA,NA,2408,135,5,1,3d4d37e7dcef36139698862d60d536450dfb480779ac0676046a82e065e8af0f,1028,0,9,3
0,16,0,1,2,0.040771524000000003,0.029061999999999998,0,131182592,NA,NA,NA,NA,NA,NA,NA,NA,837856,318511,16385,4096,b4f737276339a7626b246c204b626e79f9d9ec0f1f160233a5aa1c27728af83f,1068,0,23,4
0,16,1,0,2,0.045575425000000003,0.023871999999999997,0.00596,131104768,NA,NA,NA,NA,NA,NA,NA,NA,837856,318511,16385,4096,b4f737276339a7626b246c204b626e79f9d9ec0f1f160233a5aa1c27728af83f,1070,0,22,3
0,17,0,1,3,0.062931345,0.039035,0.0090150000000000004,179204096,NA,NA,NA,NA,NA,NA,NA,NA,1968568,2240463,32773,1,c491f4791a93a71124b9219b05e718490cf6bd1c68b1ec8fc6a6550e31f844b1,1125,0,46,3
0,17,1,0,3,0.062335248000000003,0.041165,0.0068649999999999996,181329920,NA,NA,NA,NA,NA,NA,NA,NA,1968568,2240463,32773,1,c491f4791a93a71124b9219b05e718490cf6bd1c68b1ec8fc6a6550e31f844b1,1124,0,48,3
0,17,0,0,5,0.44826924600000001,0.38044600000000001,0.036400999999999996,1023860736,NA,NA,NA,NA,NA,NA,NA,NA,11457352,5690734,153602,512,388033e7552b3b3255277a47381a62d5067155e67b74e663ad0ac019ed72fc50,1585,0,307,6
0,17,1,1,5,0.43971703200000001,0.392175,0.026821999999999999,1025732608,NA,NA,NA,NA,NA,NA,NA,NA,11457352,5690734,153602,512,388033e7552b3b3255277a47381a62d5067155e67b74e663ad0ac019ed72fc50,1585,0,356,7
0,17,0,0,2,0.045684949000000002,0.019684,0.0098549999999999992,131244032,NA,NA,NA,NA,NA,NA,NA,NA,837856,318511,16385,4096,b4f737276339a7626b246c204b626e79f9d9ec0f1f160233a5aa1c27728af83f,628,0,19,3
0,17,1,1,2,0.040477803,0.029409999999999999,0,131346432,NA,NA,NA,NA,NA,NA,NA,NA,837856,318511,16385,4096,b4f737276339a7626b246c204b626e79f9d9ec0f1f160233a5aa1c27728af83f,621,0,20,3
0,17,0,1,4,0.197195807,0.16454099999999999,0.013437999999999999,428511232,NA,NA,NA,NA,NA,NA,NA,NA,5833440,1882629,26625,512,0f41e20848de6408cce7b1c5f57f0212c9401233ca75c7b6652c8ea62bfcd43f,1240,0,139,7
0,17,1,0,4,0.19959700600000002,0.16674899999999998,0.013339999999999999,428650496,NA,NA,NA,NA,NA,NA,NA,NA,5833440,1882629,26625,512,0f41e20848de6408cce7b1c5f57f0212c9401233ca75c7b6652c8ea62bfcd43f,795,0,163,6
0,17,0,1,0,0.019534221000000001,0.0043499999999999997,0.004352,55562240,NA,NA,NA,NA,NA,NA,NA,NA,2408,135,5,1,3d4d37e7dcef36139698862d60d536450dfb480779ac0676046a82e065e8af0f,585,0,10,2
0,17,1,0,0,0.018739392000000001,0.0040330000000000001,0.0040000000000000001,55062528,NA,NA,NA,NA,NA,NA,NA,NA,2408,135,5,1,3d4d37e7dcef36139698862d60d536450dfb480779ac0676046a82e065e8af0f,1023,0,11,2
0,17,0,1,1,0.055130608000000005,0.043615999999999995,0,156262400,NA,NA,NA,NA,NA,NA,NA,NA,994016,407679,8197,1,76f10b65f44b546f736cef2848789238eb7a5f77ce08b564ccca55b5bdc08f36,1082,0,25,5
0,17,1,0,1,0.055935837000000002,0.040995999999999998,0.0034189999999999997,156356608,NA,NA,NA,NA,NA,NA,NA,NA,994016,407679,8197,1,76f10b65f44b546f736cef2848789238eb7a5f77ce08b564ccca55b5bdc08f36,1081,0,34,4
0,18,0,0,0,0.019315831000000002,0.0082620000000000002,0,55554048,NA,NA,NA,NA,NA,NA,NA,NA,2408,135,5,1,3d4d37e7dcef36139698862d60d536450dfb480779ac0676046a82e065e8af0f,585,0,10,3
0,18,1,1,0,0.01966147,0.0055009999999999998,0.0027499999999999998,55242752,NA,NA,NA,NA,NA,NA,NA,NA,2408,135,5,1,3d4d37e7dcef36139698862d60d536450dfb480779ac0676046a82e065e8af0f,1029,0,11,3
0,18,0,0,1,0.054948257,0.040015999999999996,0.0033239999999999997,156495872,NA,NA,NA,NA,NA,NA,NA,NA,994016,407679,8197,1,76f10b65f44b546f736cef2848789238eb7a5f77ce08b564ccca55b5bdc08f36,1084,0,41,5
0,18,1,1,1,0.055323038000000005,0.037014999999999999,0.0067319999999999993,156483584,NA,NA,NA,NA,NA,NA,NA,NA,994016,407679,8197,1,76f10b65f44b546f736cef2848789238eb7a5f77ce08b564ccca55b5bdc08f36,1087,0,47,3
0,18,0,0,5,0.436768086,0.38945299999999999,0.026626,1023991808,NA,NA,NA,NA,NA,NA,NA,NA,11457352,5690734,153602,512,388033e7552b3b3255277a47381a62d5067155e67b74e663ad0ac019ed72fc50,1143,0,289,9
0,18,1,1,5,0.44472735800000002,0.36321500000000001,0.052850999999999995,1025748992,NA,NA,NA,NA,NA,NA,NA,NA,11457352,5690734,153602,512,388033e7552b3b3255277a47381a62d5067155e67b74e663ad0ac019ed72fc50,1582,0,269,5
0,18,0,0,4,0.19815209900000003,0.15957099999999999,0.019521,428384256,NA,NA,NA,NA,NA,NA,NA,NA,5833440,1882629,26625,512,0f41e20848de6408cce7b1c5f57f0212c9401233ca75c7b6652c8ea62bfcd43f,1238,0,173,5
0,18,1,1,4,0.19798590800000002,0.15572,0.023174999999999998,428580864,NA,NA,NA,NA,NA,NA,NA,NA,5833440,1882629,26625,512,0f41e20848de6408cce7b1c5f57f0212c9401233ca75c7b6652c8ea62bfcd43f,791,0,201,5
0,18,0,1,3,0.060322897,0.038726999999999998,0.0096729999999999993,179253248,NA,NA,NA,NA,NA,NA,NA,NA,1968568,2240463,32773,1,c491f4791a93a71124b9219b05e718490cf6bd1c68b1ec8fc6a6550e31f844b1,1124,0,53,5
0,18,1,0,3,0.059833470000000007,0.041263000000000001,0.0068839999999999995,181264384,NA,NA,NA,NA,NA,NA,NA,NA,1968568,2240463,32773,1,c491f4791a93a71124b9219b05e718490cf6bd1c68b1ec8fc6a6550e31f844b1,1125,0,44,4
0,18,0,1,2,0.040814293000000001,0.023082999999999999,0.0065989999999999998,131137536,NA,NA,NA,NA,NA,NA,NA,NA,837856,318511,16385,4096,b4f737276339a7626b246c204b626e79f9d9ec0f1f160233a5aa1c27728af83f,1070,0,27,4
0,18,1,0,2,0.040631321000000005,0.019553999999999998,0.0097579999999999993,131510272,NA,NA,NA,NA,NA,NA,NA,NA,837856,318511,16385,4096,b4f737276339a7626b246c204b626e79f9d9ec0f1f160233a5aa1c27728af83f,622,0,23,3
0,19,0,1,4,0.198325314,0.16280699999999998,0.016288999999999998,428601344,NA,NA,NA,NA,NA,NA,NA,NA,5833440,1882629,26625,512,0f41e20848de6408cce7b1c5f57f0212c9401233ca75c7b6652c8ea62bfcd43f,1276,0,182,5
0,19,1,0,4,0.19924119000000001,0.16675499999999999,0.013340999999999999,428236800,NA,NA,NA,NA,NA,NA,NA,NA,5833440,1882629,26625,512,0f41e20848de6408cce7b1c5f57f0212c9401233ca75c7b6652c8ea62bfcd43f,1236,0,131,4
0,19,0,0,3,0.060014639000000002,0.038485999999999999,0.0096259999999999991,181612544,NA,NA,NA,NA,NA,NA,NA,NA,1968568,2240463,32773,1,c491f4791a93a71124b9219b05e718490cf6bd1c68b1ec8fc6a6550e31f844b1,681,0,59,3
0,19,1,1,3,0.070465182000000001,0.038850999999999997,0.0097120000000000001,179597312,NA,NA,NA,NA,NA,NA,NA,NA,1968568,2240463,32773,1,c491f4791a93a71124b9219b05e718490cf6bd1c68b1ec8fc6a6550e31f844b1,682,0,25,4
0,19,0,0,2,0.046158797000000001,0.023136999999999998,0.0066159999999999995,131133440,NA,NA,NA,NA,NA,NA,NA,NA,837856,318511,16385,4096,b4f737276339a7626b246c204b626e79f9d9ec0f1f160233a5aa1c27728af83f,1070,0,20,1
0,19,1,1,2,0.051123150000000006,0.026158999999999998,0.0037389999999999997,131174400,NA,NA,NA,NA,NA,NA,NA,NA,837856,318511,16385,4096,b4f737276339a7626b246c204b626e79f9d9ec0f1f160233a5aa1c27728af83f,1070,0,19,3
0,19,0,1,5,0.45392926,0.36438899999999996,0.050145999999999996,1025826816,NA,NA,NA,NA,NA,NA,NA,NA,11457352,5690734,153602,512,388033e7552b3b3255277a47381a62d5067155e67b74e663ad0ac019ed72fc50,1607,0,161,9
0,19,1,0,5,0.43294969200000005,0.36243399999999998,0.053200999999999998,1023426560,NA,NA,NA,NA,NA,NA,NA,NA,11457352,5690734,153602,512,388033e7552b3b3255277a47381a62d5067155e67b74e663ad0ac019ed72fc50,1580,0,156,6
0,19,0,1,1,0.055716045000000006,0.037353999999999998,0.0067970000000000001,156352512,NA,NA,NA,NA,NA,NA,NA,NA,994016,407679,8197,1,76f10b65f44b546f736cef2848789238eb7a5f77ce08b564ccca55b5bdc08f36,1083,0,37,4
0,19,1,0,1,0.055432535000000005,0.040575,0.0033829999999999997,156884992,NA,NA,NA,NA,NA,NA,NA,NA,994016,407679,8197,1,76f10b65f44b546f736cef2848789238eb7a5f77ce08b564ccca55b5bdc08f36,644,0,36,3
0,19,0,1,0,0.019531447,0.0085120000000000005,0,55287808,NA,NA,NA,NA,NA,NA,NA,NA,2408,135,5,1,3d4d37e7dcef36139698862d60d536450dfb480779ac0676046a82e065e8af0f,1067,0,9,3
0,19,1,0,0,0.018627373000000003,0.0079229999999999995,0,55406592,NA,NA,NA,NA,NA,NA,NA,NA,2408,135,5,1,3d4d37e7dcef36139698862d60d536450dfb480779ac0676046a82e065e8af0f,1028,0,11,3
0,20,0,1,1,0.055563430000000004,0.043882999999999998,0,156520448,NA,NA,NA,NA,NA,NA,NA,NA,994016,407679,8197,1,76f10b65f44b546f736cef2848789238eb7a5f77ce08b564ccca55b5bdc08f36,1110,0,36,6
0,20,1,0,1,0.055251656000000003,0.037159999999999999,0.0067589999999999994,156639232,NA,NA,NA,NA,NA,NA,NA,NA,994016,407679,8197,1,76f10b65f44b546f736cef2848789238eb7a5f77ce08b564ccca55b5bdc08f36,640,0,23,3
0,20,0,1,5,0.43451393200000005,0.36769599999999997,0.046796999999999998,1025789952,NA,NA,NA,NA,NA,NA,NA,NA,11457352,5690734,153602,512,388033e7552b3b3255277a47381a62d5067155e67b74e663ad0ac019ed72fc50,1585,0,288,6
0,20,1,0,5,0.44274699900000003,0.37337899999999996,0.040006,1023496192,NA,NA,NA,NA,NA,NA,NA,NA,11457352,5690734,153602,512,388033e7552b3b3255277a47381a62d5067155e67b74e663ad0ac019ed72fc50,1582,0,40,6
0,20,0,1,3,0.063849175000000008,0.044676,0.0034399999999999999,179150848,NA,NA,NA,NA,NA,NA,NA,NA,1968568,2240463,32773,1,c491f4791a93a71124b9219b05e718490cf6bd1c68b1ec8fc6a6550e31f844b1,1123,0,31,4
0,20,1,0,3,0.059593330000000007,0.044879999999999996,0.0032059999999999996,181596160,NA,NA,NA,NA,NA,NA,NA,NA,1968568,2240463,32773,1,c491f4791a93a71124b9219b05e718490cf6bd1c68b1ec8fc6a6550e31f844b1,683,0,39,3
0,20,0,1,2,0.040836375000000001,0.026327,0.00329,130977792,NA,NA,NA,NA,NA,NA,NA,NA,837856,318511,16385,4096,b4f737276339a7626b246c204b626e79f9d9ec0f1f160233a5aa1c27728af83f,1092,0,22,3
0,20,1,0,2,0.040713966000000004,0.019625,0.0098259999999999997,131026944,NA,NA,NA,NA,NA,NA,NA,NA,837856,318511,16385,4096,b4f737276339a7626b246c204b626e79f9d9ec0f1f160233a5aa1c27728af83f,1067,0,23,4
0,20,0,1,0,0.019541807000000001,0.0042729999999999999,0.0042759999999999994,55328768,NA,NA,NA,NA,NA,NA,NA,NA,2408,135,5,1,3d4d37e7dcef36139698862d60d536450dfb480779ac0676046a82e065e8af0f,1030,0,12,3
0,20,1,0,0,0.019294471000000001,0.0083239999999999998,0,55279616,NA,NA,NA,NA,NA,NA,NA,NA,2408,135,5,1,3d4d37e7dcef36139698862d60d536450dfb480779ac0676046a82e065e8af0f,1030,0,9,3
0,20,0,1,4,0.19849654400000002,0.158195,0.020191999999999998,428396544,NA,NA,NA,NA,NA,NA,NA,NA,5833440,1882629,26625,512,0f41e20848de6408cce7b1c5f57f0212c9401233ca75c7b6652c8ea62bfcd43f,1239,0,162,6
0,20,1,0,4,0.19847086700000002,0.15922999999999998,0.019899999999999998,428490752,NA,NA,NA,NA,NA,NA,NA,NA,5833440,1882629,26625,512,0f41e20848de6408cce7b1c5f57f0212c9401233ca75c7b6652c8ea62bfcd43f,1241,0,70,5
0,21,0,0,1,0.055388441000000004,0.037018999999999996,0.0067359999999999998,156479488,NA,NA,NA,NA,NA,NA,NA,NA,994016,407679,8197,1,76f10b65f44b546f736cef2848789238eb7a5f77ce08b564ccca55b5bdc08f36,1083,0,45,3
0,21,1,1,1,0.055626718000000006,0.040839,0.0034069999999999999,156360704,NA,NA,NA,NA,NA,NA,NA,NA,994016,407679,8197,1,76f10b65f44b546f736cef2848789238eb7a5f77ce08b564ccca55b5bdc08f36,1080,0,19,2
0,21,0,0,3,0.059331280000000007,0.040962999999999999,0.0068149999999999999,181379072,NA,NA,NA,NA,NA,NA,NA,NA,1968568,2240463,32773,1,c491f4791a93a71124b9219b05e718490cf6bd1c68b1ec8fc6a6550e31f844b1,679,0,32,4
0,21,1,1,3,0.060218713000000007,0.045107999999999995,0.0034709999999999997,179023872,NA,NA,NA,NA,NA,NA,NA,NA,1968568,2240463,32773,1,c491f4791a93a71124b9219b05e718490cf6bd1c68b1ec8fc6a6550e31f844b1,1118,0,30,3
0,21,0,0,2,0.040651430000000002,0.029477999999999997,0,131141632,NA,NA,NA,NA,NA,NA,NA,NA,837856,318511,16385,4096,b4f737276339a7626b246c204b626e79f9d9ec0f1f160233a5aa1c27728af83f,1071,0,27,4
0,21,1,1,2,0.041011123000000003,0.020871999999999998,0.0089459999999999991,131125248,NA,NA,NA,NA,NA,NA,NA,NA,837856,318511,16385,4096,b4f737276339a7626b246c204b626e79f9d9ec0f1f160233a5aa1c27728af83f,1068,0,26,4
0,21,0,0,5,0.43512689000000004,0.36149199999999998,0.053071,1023680512,NA,NA,NA,NA,NA,NA,NA,NA,11457352,5690734,153602,512,388033e7552b3b3255277a47381a62d5067155e67b74e663ad0ac019ed72fc50,1603,0,164,7
0,21,1,1,5,0.43555380100000002,0.36231199999999997,0.052686999999999998,1026064384,NA,NA,NA,NA,NA,NA,NA,NA,11457352,5690734,153602,512,388033e7552b3b3255277a47381a62d5067155e67b74e663ad0ac019ed72fc50,1141,0,213,5
0,21,0,0,4,0.19824351100000001,0.16245199999999999,0.016576999999999998,428609536,NA,NA,NA,NA,NA,NA,NA,NA,5833440,1882629,26625,512,0f41e20848de6408cce7b1c5f57f0212c9401233ca75c7b6652c8ea62bfcd43f,788,0,168,5
0,21,1,1,4,0.20925982100000001,0.152031,0.027023999999999999,428826624,NA,NA,NA,NA,NA,NA,NA,NA,5833440,1882629,26625,512,0f41e20848de6408cce7b1c5f57f0212c9401233ca75c7b6652c8ea62bfcd43f,799,0,153,4
0,21,0,0,0,0.019086042000000001,0.0083429999999999997,0,55156736,NA,NA,NA,NA,NA,NA,NA,NA,2408,135,5,1,3d4d37e7dcef36139698862d60d536450dfb480779ac0676046a82e065e8af0f,1050,0,12,3
0,21,1,1,0,0.019999663000000001,0.002722,0.005457,55586816,NA,NA,NA,NA,NA,NA,NA,NA,2408,135,5,1,3d4d37e7dcef36139698862d60d536450dfb480779ac0676046a82e065e8af0f,588,0,10,4
0,22,0,1,0,0.019520736,0.0028009999999999997,0.0056019999999999993,55304192,NA,NA,NA,NA,NA,NA,NA,NA,2408,135,5,1,3d4d37e7dcef36139698862d60d536450dfb480779ac0676046a82e065e8af0f,1030,0,9,2
0,22,1,0,0,0.018411488,0.0038289999999999999,0.0038309999999999998,55345152,NA,NA,NA,NA,NA,NA,NA,NA,2408,135,5,1,3d4d37e7dcef36139698862d60d536450dfb480779ac0676046a82e065e8af0f,1031,0,10,4
0,22,0,1,5,0.43708369600000002,0.37620100000000001,0.039955999999999998,1025638400,NA,NA,NA,NA,NA,NA,NA,NA,11457352,5690734,153602,512,388033e7552b3b3255277a47381a62d5067155e67b74e663ad0ac019ed72fc50,1581,0,67,8
0,22,1,0,5,0.44538988000000002,0.379992,0.036320999999999999,1023643648,NA,NA,NA,NA,NA,NA,NA,NA,11457352,5690734,153602,512,388033e7552b3b3255277a47381a62d5067155e67b74e663ad0ac019ed72fc50,1584,0,66,5
0,22,0,0,1,0.055345041000000005,0.040460999999999997,0.003375,156364800,NA,NA,NA,NA,NA,NA,NA,NA,994016,407679,8197,1,76f10b65f44b546f736cef2848789238eb7a5f77ce08b564ccca55b5bdc08f36,1084,0,36,4
0,22,1,1,1,0.055248479000000003,0.037412000000000001,0.0062379999999999996,156512256,NA,NA,NA,NA,NA,NA,NA,NA,994016,407679,8197,1,76f10b65f44b546f736cef2848789238eb7a5f77ce08b564ccca55b5bdc08f36,630,0,24,5
0,22,0,0,2,0.040185175000000004,0.029058999999999998,0,131391488,NA,NA,NA,NA,NA,NA,NA,NA,837856,318511,16385,4096,b4f737276339a7626b246c204b626e79f9d9ec0f1f160233a5aa1c27728af83f,1073,0,24,3
0,22,1,1,2,0.040938917000000005,0.025828,0.0036929999999999997,131239936,NA,NA,NA,NA,NA,NA,NA,NA,837856,318511,16385,4096,b4f737276339a7626b246c204b626e79f9d9ec0f1f160233a5aa1c27728af83f,624,0,24,4
0,22,0,0,4,0.20537926000000001,0.152534,0.026539,428720128,NA,NA,NA,NA,NA,NA,NA,NA,5833440,1882629,26625,512,0f41e20848de6408cce7b1c5f57f0212c9401233ca75c7b6652c8ea62bfcd43f,796,0,95,6
0,22,1,1,4,0.19726116900000001,0.17141899999999999,0.0067189999999999993,428498944,NA,NA,NA,NA,NA,NA,NA,NA,5833440,1882629,26625,512,0f41e20848de6408cce7b1c5f57f0212c9401233ca75c7b6652c8ea62bfcd43f,792,0,120,7
0,22,0,0,3,0.064918098000000007,0.037981000000000001,0.01034,181313536,NA,NA,NA,NA,NA,NA,NA,NA,1968568,2240463,32773,1,c491f4791a93a71124b9219b05e718490cf6bd1c68b1ec8fc6a6550e31f844b1,1124,0,56,4
0,22,1,1,3,0.060662664000000005,0.041950999999999995,0.0069949999999999995,179232768,NA,NA,NA,NA,NA,NA,NA,NA,1968568,2240463,32773,1,c491f4791a93a71124b9219b05e718490cf6bd1c68b1ec8fc6a6550e31f844b1,1119,0,47,4
0,23,0,1,1,0.055535338000000004,0.037106,0.0067469999999999995,156459008,NA,NA,NA,NA,NA,NA,NA,NA,994016,407679,8197,1,76f10b65f44b546f736cef2848789238eb7a5f77ce08b564ccca55b5bdc08f36,636,0,27,4
0,23,1,0,1,0.055381899000000005,0.037569999999999999,0.0062629999999999995,156438528,NA,NA,NA,NA,NA,NA,NA,NA,994016,407679,8197,1,76f10b65f44b546f736cef2848789238eb7a5f77ce08b564ccca55b5bdc08f36,1085,0,19,4
0,23,0,1,2,0.040853086000000004,0.018494,0.011106999999999999,131088384,NA,NA,NA,NA,NA,NA,NA,NA,837856,318511,16385,4096,b4f737276339a7626b246c204b626e79f9d9ec0f1f160233a5aa1c27728af83f,1068,0,20,3
0,23,1,0,2,0.04031643,0.029050999999999997,0,131162112,NA,NA,NA,NA,NA,NA,NA,NA,837856,318511,16385,4096,b4f737276339a7626b246c204b626e79f9d9ec0f1f160233a5aa1c27728af83f,624,0,25,3
0,23,0,0,0,0.018746286000000001,0.002709,0.0054289999999999998,55611392,NA,NA,NA,NA,NA,NA,NA,NA,2408,135,5,1,3d4d37e7dcef36139698862d60d536450dfb480779ac0676046a82e065e8af0f,588,0,11,3
0,23,1,1,0,0.018410305000000002,0.0039099999999999994,0.0039119999999999997,55222272,NA,NA,NA,NA,NA,NA,NA,NA,2408,135,5,1,3d4d37e7dcef36139698862d60d536450dfb480779ac0676046a82e065e8af0f,574,0,11,3
0,23,0,1,3,0.059692677000000006,0.041728000000000001,0.0064229999999999999,179195904,NA,NA,NA,NA,NA,NA,NA,NA,1968568,2240463,32773,1,c491f4791a93a71124b9219b05e718490cf6bd1c68b1ec8fc6a6550e31f844b1,1124,0,29,5
0,23,1,0,3,0.059817460000000003,0.041308999999999998,0.0068859999999999998,181555200,NA,NA,NA,NA,NA,NA,NA,NA,1968568,2240463,32773,1,c491f4791a93a71124b9219b05e718490cf6bd1c68b1ec8fc6a6550e31f844b1,681,0,39,3
0,23,0,1,4,0.19780862600000002,0.161801,0.016834999999999999,428408832,NA,NA,NA,NA,NA,NA,NA,NA,5833440,1882629,26625,512,0f41e20848de6408cce7b1c5f57f0212c9401233ca75c7b6652c8ea62bfcd43f,1239,0,183,5
0,23,1,0,4,0.199559655,0.163712,0.016709999999999999,428630016,NA,NA,NA,NA,NA,NA,NA,NA,5833440,1882629,26625,512,0f41e20848de6408cce7b1c5f57f0212c9401233ca75c7b6652c8ea62bfcd43f,796,0,182,4
0,23,0,0,5,0.44562546200000003,0.37966299999999997,0.036642000000000001,1023668224,NA,NA,NA,NA,NA,NA,NA,NA,11457352,5690734,153602,512,388033e7552b3b3255277a47381a62d5067155e67b74e663ad0ac019ed72fc50,1584,0,165,6
0,23,1,1,5,0.43786644300000005,0.37398799999999999,0.043414000000000001,1025568768,NA,NA,NA,NA,NA,NA,NA,NA,11457352,5690734,153602,512,388033e7552b3b3255277a47381a62d5067155e67b74e663ad0ac019ed72fc50,1582,0,188,6
0,24,0,0,2,0.040718725000000004,0.022886999999999998,0.0065420000000000001,131502080,NA,NA,NA,NA,NA,NA,NA,NA,837856,318511,16385,4096,b4f737276339a7626b246c204b626e79f9d9ec0f1f160233a5aa1c27728af83f,630,0,29,3
0,24,1,1,2,0.040946141000000005,0.019795999999999998,0.0098999999999999991,131145728,NA,NA,NA,NA,NA,NA,NA,NA,837856,318511,16385,4096,b4f737276339a7626b246c204b626e79f9d9ec0f1f160233a5aa1c27728af83f,1070,0,34,5
0,24,0,1,5,0.44598295100000002,0.36067199999999999,0.056269,1025531904,NA,NA,NA,NA,NA,NA,NA,NA,11457352,5690734,153602,512,388033e7552b3b3255277a47381a62d5067155e67b74e663ad0ac019ed72fc50,1579,0,219,7
0,24,1,0,5,0.43953185600000005,0.34778699999999996,0.06956699999999999,1023655936,NA,NA,NA,NA,NA,NA,NA,NA,11457352,5690734,153602,512,388033e7552b3b3255277a47381a62d5067155e67b74e663ad0ac019ed72fc50,1581,0,20,6
0,24,0,1,1,0.055406125000000001,0.036858999999999996,0.0067009999999999995,156430336,NA,NA,NA,NA,NA,NA,NA,NA,994016,407679,8197,1,76f10b65f44b546f736cef2848789238eb7a5f77ce08b564ccca55b5bdc08f36,1084,0,23,5
0,24,1,0,1,0.055501664000000006,0.031265999999999995,0.012501,156372992,NA,NA,NA,NA,NA,NA,NA,NA,994016,407679,8197,1,76f10b65f44b546f736cef2848789238eb7a5f77ce08b564ccca55b5bdc08f36,1082,0,22,6
0,24,0,1,0,0.018688728000000002,0.0053270000000000001,0.0026709999999999998,55525376,NA,NA,NA,NA,NA,NA,NA,NA,2408,135,5,1,3d4d37e7dcef36139698862d60d536450dfb480779ac0676046a82e065e8af0f,584,0,14,3
0,24,1,0,0,0.018616963,0.0079080000000000001,0,55275520,NA,NA,NA,NA,NA,NA,NA,NA,2408,135,5,1,3d4d37e7dcef36139698862d60d536450dfb480779ac0676046a82e065e8af0f,1026,0,14,4
0,24,0,1,3,0.059914102000000004,0.041163999999999999,0.0068399999999999997,179449856,NA,NA,NA,NA,NA,NA,NA,NA,1968568,2240463,32773,1,c491f4791a93a71124b9219b05e718490cf6bd1c68b1ec8fc6a6550e31f844b1,680,0,46,6
0,24,1,0,3,0.060346722000000005,0.045329999999999995,0.003238,181338112,NA,NA,NA,NA,NA,NA,NA,NA,1968568,2240463,32773,1,c491f4791a93a71124b9219b05e718490cf6bd1c68b1ec8fc6a6550e31f844b1,1126,0,65,3
0,24,0,1,4,0.19780115000000001,0.16168399999999999,0.016843999999999998,428421120,NA,NA,NA,NA,NA,NA,NA,NA,5833440,1882629,26625,512,0f41e20848de6408cce7b1c5f57f0212c9401233ca75c7b6652c8ea62bfcd43f,1240,0,185,4
0,24,1,0,4,0.19933604600000002,0.15671199999999999,0.023335999999999999,428728320,NA,NA,NA,NA,NA,NA,NA,NA,5833440,1882629,26625,512,0f41e20848de6408cce7b1c5f57f0212c9401233ca75c7b6652c8ea62bfcd43f,797,0,168,3
0,25,0,0,5,0.45139780700000004,0.37248899999999996,0.043636999999999995,1023737856,NA,NA,NA,NA,NA,NA,NA,NA,11457352,5690734,153602,512,388033e7552b3b3255277a47381a62d5067155e67b74e663ad0ac019ed72fc50,1601,0,188,6
0,25,1,1,5,0.43603137500000005,0.34547099999999997,0.069771,1025773568,NA,NA,NA,NA,NA,NA,NA,NA,11457352,5690734,153602,512,388033e7552b3b3255277a47381a62d5067155e67b74e663ad0ac019ed72fc50,1582,0,144,6
0,25,0,0,3,0.060227289000000003,0.044587999999999996,0.0034319999999999997,181239808,NA,NA,NA,NA,NA,NA,NA,NA,1968568,2240463,32773,1,c491f4791a93a71124b9219b05e718490cf6bd1c68b1ec8fc6a6550e31f844b1,1131,0,41,4
0,25,1,1,3,0.060140786000000002,0.045145999999999999,0.0032269999999999998,179175424,NA,NA,NA,NA,NA,NA,NA,NA,1968568,2240463,32773,1,c491f4791a93a71124b9219b05e718490cf6bd1c68b1ec8fc6a6550e31f844b1,1124,0,38,4
0,25,0,0,0,0.018974903000000001,0.0041050000000000001,0.0041019999999999997,55156736,NA,NA,NA,NA,NA,NA,NA,NA,2408,135,5,1,3d4d37e7dcef36139698862d60d536450dfb480779ac0676046a82e065e8af0f,1026,0,12,1
0,25,1,1,0,0.019012374000000002,0.008147999999999999,0,55234560,NA,NA,NA,NA,NA,NA,NA,NA,2408,135,5,1,3d4d37e7dcef36139698862d60d536450dfb480779ac0676046a82e065e8af0f,1026,0,11,3
0,25,0,0,4,0.198991953,0.162909,0.0166,428359680,NA,NA,NA,NA,NA,NA,NA,NA,5833440,1882629,26625,512,0f41e20848de6408cce7b1c5f57f0212c9401233ca75c7b6652c8ea62bfcd43f,1237,0,144,9
0,25,1,1,4,0.19897553100000001,0.166294,0.013306,428425216,NA,NA,NA,NA,NA,NA,NA,NA,5833440,1882629,26625,512,0f41e20848de6408cce7b1c5f57f0212c9401233ca75c7b6652c8ea62bfcd43f,1238,0,173,5
0,25,0,0,1,0.055182525000000003,0.040296999999999999,0.0033579999999999999,156430336,NA,NA,NA,NA,NA,NA,NA,NA,994016,407679,8197,1,76f10b65f44b546f736cef2848789238eb7a5f77ce08b564ccca55b5bdc08f36,1083,0,19,3
0,25,1,1,1,0.055188868000000002,0.039853,0.0036259999999999999,156680192,NA,NA,NA,NA,NA,NA,NA,NA,994016,407679,8197,1,76f10b65f44b546f736cef2848789238eb7a5f77ce08b564ccca55b5bdc08f36,641,0,33,3
0,25,0,1,2,0.040536854000000004,0.026027999999999999,0.0032569999999999999,131235840,NA,NA,NA,NA,NA,NA,NA,NA,837856,318511,16385,4096,b4f737276339a7626b246c204b626e79f9d9ec0f1f160233a5aa1c27728af83f,1069,0,30,2
0,25,1,0,2,0.041013196000000002,0.020702999999999999,0.0088749999999999992,131096576,NA,NA,NA,NA,NA,NA,NA,NA,837856,318511,16385,4096,b4f737276339a7626b246c204b626e79f9d9ec0f1f160233a5aa1c27728af83f,1069,0,16,3
0,26,0,1,4,0.20821639700000003,0.158911,0.019452999999999998,428720128,NA,NA,NA,NA,NA,NA,NA,NA,5833440,1882629,26625,512,0f41e20848de6408cce7b1c5f57f0212c9401233ca75c7b6652c8ea62bfcd43f,796,0,152,4
0,26,1,0,4,0.19906393700000002,0.16325299999999998,0.016660999999999999,428417024,NA,NA,NA,NA,NA,NA,NA,NA,5833440,1882629,26625,512,0f41e20848de6408cce7b1c5f57f0212c9401233ca75c7b6652c8ea62bfcd43f,1239,0,189,4
0,26,0,1,0,0.020456079000000002,0.002918,0.005829,55320576,NA,NA,NA,NA,NA,NA,NA,NA,2408,135,5,1,3d4d37e7dcef36139698862d60d536450dfb480779ac0676046a82e065e8af0f,1027,0,12,3
0,26,1,0,0,0.019187572,0.004006,0.0039689999999999994,55537664,NA,NA,NA,NA,NA,NA,NA,NA,2408,135,5,1,3d4d37e7dcef36139698862d60d536450dfb480779ac0676046a82e065e8af0f,1031,0,9,3
0,26,0,1,1,0.054924051000000002,0.03943,0.003588,156520448,NA,NA,NA,NA,NA,NA,NA,NA,994016,407679,8197,1,76f10b65f44b546f736cef2848789238eb7a5f77ce08b564ccca55b5bdc08f36,637,0,30,6
0,26,1,0,1,0.055769977000000005,0.031442999999999999,0.012586,156708864,NA,NA,NA,NA,NA,NA,NA,NA,994016,407679,8197,1,76f10b65f44b546f736cef2848789238eb7a5f77ce08b564ccca55b5bdc08f36,641,0,21,5
0,26,0,0,5,0.43748263400000004,0.38317199999999996,0.033329999999999999,1023885312,NA,NA,NA,NA,NA,NA,NA,NA,11457352,5690734,153602,512,388033e7552b3b3255277a47381a62d5067155e67b74e663ad0ac019ed72fc50,1141,0,27,8
0,26,1,1,5,0.44412663300000005,0.37186599999999997,0.043566999999999995,1026093056,NA,NA,NA,NA,NA,NA,NA,NA,11457352,5690734,153602,512,388033e7552b3b3255277a47381a62d5067155e67b74e663ad0ac019ed72fc50,1143,0,216,6
0,26,0,1,3,0.059846644000000004,0.034202999999999997,0.013661999999999999,179187712,NA,NA,NA,NA,NA,NA,NA,NA,1968568,2240463,32773,1,c491f4791a93a71124b9219b05e718490cf6bd1c68b1ec8fc6a6550e31f844b1,1123,0,46,5
0,26,1,0,3,0.059942735000000004,0.038495999999999996,0.0096359999999999987,181555200,NA,NA,NA,NA,NA,NA,NA,NA,1968568,2240463,32773,1,c491f4791a93a71124b9219b05e718490cf6bd1c68b1ec8fc6a6550e31f844b1,681,0,49,4
0,26,0,0,2,0.040912999000000005,0.016316000000000001,0.013056,131084288,NA,NA,NA,NA,NA,NA,NA,NA,837856,318511,16385,4096,b4f737276339a7626b246c204b626e79f9d9ec0f1f160233a5aa1c27728af83f,1070,0,29,4
0,26,1,1,2,0.040951500000000002,0.017772,0.011861,131227648,NA,NA,NA,NA,NA,NA,NA,NA,837856,318511,16385,4096,b4f737276339a7626b246c204b626e79f9d9ec0f1f160233a5aa1c27728af83f,1071,0,23,4
0,27,0,0,1,0.055858041000000004,0.037437999999999999,0.0067939999999999997,156209152,NA,NA,NA,NA,NA,NA,NA,NA,994016,407679,8197,1,76f10b65f44b546f736cef2848789238eb7a5f77ce08b564ccca55b5bdc08f36,1078,0,25,4
0,27,1,1,1,0.055693103000000001,0.037329999999999995,0.0067909999999999993,156459008,NA,NA,NA,NA,NA,NA,NA,NA,994016,407679,8197,1,76f10b65f44b546f736cef2848789238eb7a5f77ce08b564ccca55b5bdc08f36,1083,0,24,3
0,27,0,0,4,0.19775668800000001,0.14854499999999998,0.029690999999999999,428879872,NA,NA,NA,NA,NA,NA,NA,NA,5833440,1882629,26625,512,0f41e20848de6408cce7b1c5f57f0212c9401233ca75c7b6652c8ea62bfcd43f,798,0,116,4
0,27,1,1,4,0.19769968200000002,0.16823299999999999,0.010095999999999999,428601344,NA,NA,NA,NA,NA,NA,NA,NA,5833440,1882629,26625,512,0f41e20848de6408cce7b1c5f57f0212c9401233ca75c7b6652c8ea62bfcd43f,1276,0,203,4
0,27,0,0,0,0.018975534000000002,0.0041029999999999999,0.0040990000000000002,55533568,NA,NA,NA,NA,NA,NA,NA,NA,2408,135,5,1,3d4d37e7dcef36139698862d60d536450dfb480779ac0676046a82e065e8af0f,586,0,9,3
0,27,1,1,0,0.019144792000000001,0.004071,0.004052,55365632,NA,NA,NA,NA,NA,NA,NA,NA,2408,135,5,1,3d4d37e7dcef36139698862d60d536450dfb480779ac0676046a82e065e8af0f,1056,0,12,2
0,27,0,0,3,0.05976882,0.040927999999999999,0.006816,181383168,NA,NA,NA,NA,NA,NA,NA,NA,1968568,2240463,32773,1,c491f4791a93a71124b9219b05e718490cf6bd1c68b1ec8fc6a6550e31f844b1,676,0,56,5
0,27,1,1,3,0.059841625000000002,0.040972999999999996,0.0068360000000000001,178970624,NA,NA,NA,NA,NA,NA,NA,NA,1968568,2240463,32773,1,c491f4791a93a71124b9219b05e718490cf6bd1c68b1ec8fc6a6550e31f844b1,1119,0,22,5
0,27,0,1,2,0.040793555000000002,0.02938,0,130920448,NA,NA,NA,NA,NA,NA,NA,NA,837856,318511,16385,4096,b4f737276339a7626b246c204b626e79f9d9ec0f1f160233a5aa1c27728af83f,1067,0,20,3
0,27,1,0,2,0.040780841000000005,0.025697999999999999,0.003673,131387392,NA,NA,NA,NA,NA,NA,NA,NA,837856,318511,16385,4096,b4f737276339a7626b246c204b626e79f9d9ec0f1f160233a5aa1c27728af83f,627,0,20,4
0,27,0,1,5,0.43553511500000003,0.36196299999999998,0.052659999999999998,1025724416,NA,NA,NA,NA,NA,NA,NA,NA,11457352,5690734,153602,512,388033e7552b3b3255277a47381a62d5067155e67b74e663ad0ac019ed72fc50,1584,0,182,7
0,27,1,0,5,0.43761032400000005,0.382938,0.033586999999999999,1023369216,NA,NA,NA,NA,NA,NA,NA,NA,11457352,5690734,153602,512,388033e7552b3b3255277a47381a62d5067155e67b74e663ad0ac019ed72fc50,1580,0,156,5
0,28,0,0,5,0.44365498000000003,0.37106099999999997,0.043458999999999998,1023909888,NA,NA,NA,NA,NA,NA,NA,NA,11457352,5690734,153602,512,388033e7552b3b3255277a47381a62d5067155e67b74e663ad0ac019ed72fc50,1141,0,188,9
0,28,1,1,5,0.44381720300000005,0.37055899999999997,0.043414999999999995,1025675264,NA,NA,NA,NA,NA,NA,NA,NA,11457352,5690734,153602,512,388033e7552b3b3255277a47381a62d5067155e67b74e663ad0ac019ed72fc50,1583,0,120,5
0,28,0,0,4,0.19930451800000001,0.16040299999999999,0.019632,428355584,NA,NA,NA,NA,NA,NA,NA,NA,5833440,1882629,26625,512,0f41e20848de6408cce7b1c5f57f0212c9401233ca75c7b6652c8ea62bfcd43f,1235,0,213,4
0,28,1,1,4,0.19783504500000001,0.15487699999999999,0.023574999999999999,428724224,NA,NA,NA,NA,NA,NA,NA,NA,5833440,1882629,26625,512,0f41e20848de6408cce7b1c5f57f0212c9401233ca75c7b6652c8ea62bfcd43f,796,0,168,2
0,28,0,0,0,0.019009358000000001,0.0055249999999999995,0.0027539999999999999,55238656,NA,NA,NA,NA,NA,NA,NA,NA,2408,135,5,1,3d4d37e7dcef36139698862d60d536450dfb480779ac0676046a82e065e8af0f,1026,0,14,2
0,28,1,1,0,0.01913279,0.0040359999999999997,0.0040559999999999997,55304192,NA,NA,NA,NA,NA,NA,NA,NA,2408,135,5,1,3d4d37e7dcef36139698862d60d536450dfb480779ac0676046a82e065e8af0f,1028,0,12,4
0,28,0,1,1,0.055665590000000001,0.040349999999999997,0.003369,156430336,NA,NA,NA,NA,NA,NA,NA,NA,994016,407679,8197,1,76f10b65f44b546f736cef2848789238eb7a5f77ce08b564ccca55b5bdc08f36,1081,0,32,4
0,28,1,0,1,0.055400964000000004,0.040004999999999999,0.00364,156516352,NA,NA,NA,NA,NA,NA,NA,NA,994016,407679,8197,1,76f10b65f44b546f736cef2848789238eb7a5f77ce08b564ccca55b5bdc08f36,1083,0,20,4
0,28,0,0,3,0.060247666000000005,0.038026999999999998,0.010381999999999999,181284864,NA,NA,NA,NA,NA,NA,NA,NA,1968568,2240463,32773,1,c491f4791a93a71124b9219b05e718490cf6bd1c68b1ec8fc6a6550e31f844b1,1125,0,48,3
0,28,1,1,3,0.060166264000000004,0.041522999999999997,0.0069279999999999993,179273728,NA,NA,NA,NA,NA,NA,NA,NA,1968568,2240463,32773,1,c491f4791a93a71124b9219b05e718490cf6bd1c68b1ec8fc6a6550e31f844b1,1123,0,45,5
0,28,0,0,2,0.040564627000000006,0.018328000000000001,0.01098,131387392,NA,NA,NA,NA,NA,NA,NA,NA,837856,318511,16385,4096,b4f737276339a7626b246c204b626e79f9d9ec0f1f160233a5aa1c27728af83f,626,0,20,3
0,28,1,1,2,0.04088717,0.029782999999999997,0,131186688,NA,NA,NA,NA,NA,NA,NA,NA,837856,318511,16385,4096,b4f737276339a7626b246c204b626e79f9d9ec0f1f160233a5aa1c27728af83f,1070,0,40,3
0,29,0,0,1,0.055491234,0.034499000000000002,0.0094149999999999998,156409856,NA,NA,NA,NA,NA,NA,NA,NA,994016,407679,8197,1,76f10b65f44b546f736cef2848789238eb7a5f77ce08b564ccca55b5bdc08f36,1082,0,46,5
0,29,1,1,1,0.055539815000000006,0.031481999999999996,0.012588,156733440,NA,NA,NA,NA,NA,NA,NA,NA,994016,407679,8197,1,76f10b65f44b546f736cef2848789238eb7a5f77ce08b564ccca55b5bdc08f36,633,0,21,3
0,29,0,1,4,0.197045416,0.160996,0.016774999999999998,428556288,NA,NA,NA,NA,NA,NA,NA,NA,5833440,1882629,26625,512,0f41e20848de6408cce7b1c5f57f0212c9401233ca75c7b6652c8ea62bfcd43f,1238,0,169,5
0,29,1,0,4,0.199125202,0.16636399999999998,0.013564,428474368,NA,NA,NA,NA,NA,NA,NA,NA,5833440,1882629,26625,512,0f41e20848de6408cce7b1c5f57f0212c9401233ca75c7b6652c8ea62bfcd43f,1240,0,192,5
0,29,0,1,3,0.060356882000000001,0.027695999999999998,0.020791,178995200,NA,NA,NA,NA,NA,NA,NA,NA,1968568,2240463,32773,1,c491f4791a93a71124b9219b05e718490cf6bd1c68b1ec8fc6a6550e31f844b1,1118,0,31,3
0,29,1,0,3,0.059301152000000003,0.037602999999999998,0.010265,181518336,NA,NA,NA,NA,NA,NA,NA,NA,1968568,2240463,32773,1,c491f4791a93a71124b9219b05e718490cf6bd1c68b1ec8fc6a6550e31f844b1,683,0,56,3
0,29,0,1,2,0.040886931000000001,0.018556,0.011141999999999999,131203072,NA,NA,NA,NA,NA,NA,NA,NA,837856,318511,16385,4096,b4f737276339a7626b246c204b626e79f9d9ec0f1f160233a5aa1c27728af83f,1068,0,21,3
0,29,1,0,2,0.041199205000000003,0.026141999999999999,0.0037169999999999998,131203072,NA,NA,NA,NA,NA,NA,NA,NA,837856,318511,16385,4096,b4f737276339a7626b246c204b626e79f9d9ec0f1f160233a5aa1c27728af83f,1072,0,23,4
0,29,0,1,5,0.44700865300000003,0.37640999999999997,0.040346,1025662976,NA,NA,NA,NA,NA,NA,NA,NA,11457352,5690734,153602,512,388033e7552b3b3255277a47381a62d5067155e67b74e663ad0ac019ed72fc50,1587,0,96,8
0,29,1,0,5,0.43710704800000005,0.38261000000000001,0.033555999999999996,1023647744,NA,NA,NA,NA,NA,NA,NA,NA,11457352,5690734,153602,512,388033e7552b3b3255277a47381a62d5067155e67b74e663ad0ac019ed72fc50,1583,0,17,8
0,29,0,1,0,0.019172995000000002,0.0083269999999999993,0,55566336,NA,NA,NA,NA,NA,NA,NA,NA,2408,135,5,1,3d4d37e7dcef36139698862d60d536450dfb480779ac0676046a82e065e8af0f,585,0,12,2
0,29,1,0,0,0.018918046000000001,0.0040439999999999999,0.0040489999999999996,55304192,NA,NA,NA,NA,NA,NA,NA,NA,2408,135,5,1,3d4d37e7dcef36139698862d60d536450dfb480779ac0676046a82e065e8af0f,1034,0,11,3
0,30,0,0,0,0.019467417000000001,0.0080739999999999996,0,55320576,NA,NA,NA,NA,NA,NA,NA,NA,2408,135,5,1,3d4d37e7dcef36139698862d60d536450dfb480779ac0676046a82e065e8af0f,1028,0,11,3
0,30,1,1,0,0.018355883,0.007561,0,55390208,NA,NA,NA,NA,NA,NA,NA,NA,2408,135,5,1,3d4d37e7dcef36139698862d60d536450dfb480779ac0676046a82e065e8af0f,582,0,11,4
0,30,0,1,1,0.055162769,0.031136999999999998,0.012473,156168192,NA,NA,NA,NA,NA,NA,NA,NA,994016,407679,8197,1,76f10b65f44b546f736cef2848789238eb7a5f77ce08b564ccca55b5bdc08f36,1078,0,25,5
0,30,1,0,1,0.055729130000000002,0.034048999999999996,0.010201999999999999,156250112,NA,NA,NA,NA,NA,NA,NA,NA,994016,407679,8197,1,76f10b65f44b546f736cef2848789238eb7a5f77ce08b564ccca55b5bdc08f36,1077,0,20,3
0,30,0,0,3,0.059474798000000002,0.044713999999999997,0.003441,181440512,NA,NA,NA,NA,NA,NA,NA,NA,1968568,2240463,32773,1,c491f4791a93a71124b9219b05e718490cf6bd1c68b1ec8fc6a6550e31f844b1,1144,0,55,3
0,30,1,1,3,0.059537476000000006,0.041152000000000001,0.0068609999999999999,179060736,NA,NA,NA,NA,NA,NA,NA,NA,1968568,2240463,32773,1,c491f4791a93a71124b9219b05e718490cf6bd1c68b1ec8fc6a6550e31f844b1,1119,0,39,4
0,30,0,1,2,0.041269316,0.017943000000000001,0.011956999999999999,131178496,NA,NA,NA,NA,NA,NA,NA,NA,837856,318511,16385,4096,b4f737276339a7626b246c204b626e79f9d9ec0f1f160233a5aa1c27728af83f,1071,0,24,3
0,30,1,0,2,0.040923108,0.023184999999999997,0.0066109999999999997,131080192,NA,NA,NA,NA,NA,NA,NA,NA,837856,318511,16385,4096,b4f737276339a7626b246c204b626e79f9d9ec0f1f160233a5aa1c27728af83f,1066,0,16,3
0,30,0,1,5,0.44242161800000002,0.366732,0.046664999999999998,1025384448,NA,NA,NA,NA,NA,NA,NA,NA,11457352,5690734,153602,512,388033e7552b3b3255277a47381a62d5067155e67b74e663ad0ac019ed72fc50,1580,0,212,8
0,30,1,0,5,0.43754114400000005,0.367035,0.050053,1023627264,NA,NA,NA,NA,NA,NA,NA,NA,11457352,5690734,153602,512,388033e7552b3b3255277a47381a62d5067155e67b74e663ad0ac019ed72fc50,1136,0,198,4
0,30,0,0,4,0.19868275200000002,0.162685,0.016608999999999999,428470272,NA,NA,NA,NA,NA,NA,NA,NA,5833440,1882629,26625,512,0f41e20848de6408cce7b1c5f57f0212c9401233ca75c7b6652c8ea62bfcd43f,1240,0,161,4
0,30,1,1,4,0.19749286400000002,0.15808,0.020171999999999999,428515328,NA,NA,NA,NA,NA,NA,NA,NA,5833440,1882629,26625,512,0f41e20848de6408cce7b1c5f57f0212c9401233ca75c7b6652c8ea62bfcd43f,1238,0,145,5
0,31,0,1,4,0.20002559900000003,0.17045399999999999,0.010031,428449792,NA,NA,NA,NA,NA,NA,NA,NA,5833440,1882629,26625,512,0f41e20848de6408cce7b1c5f57f0212c9401233ca75c7b6652c8ea62bfcd43f,1240,0,117,5
0,31,1,0,4,0.19860250400000001,0.15926299999999999,0.019903999999999998,428756992,NA,NA,NA,NA,NA,NA,NA,NA,5833440,1882629,26625,512,0f41e20848de6408cce7b1c5f57f0212c9401233ca75c7b6652c8ea62bfcd43f,789,0,138,7
0,31,0,1,3,0.059760764000000001,0.041208000000000002,0.0068529999999999997,179077120,NA,NA,NA,NA,NA,NA,NA,NA,1968568,2240463,32773,1,c491f4791a93a71124b9219b05e718490cf6bd1c68b1ec8fc6a6550e31f844b1,1120,0,31,3
0,31,1,0,3,0.060058301000000001,0.044811999999999998,0.0034499999999999999,181358592,NA,NA,NA,NA,NA,NA,NA,NA,1968568,2240463,32773,1,c491f4791a93a71124b9219b05e718490cf6bd1c68b1ec8fc6a6550e31f844b1,1123,0,42,4
0,31,0,1,0,0.020276423000000002,0.0043499999999999997,0.0043499999999999997,55132160,NA,NA,NA,NA,NA,NA,NA,NA,2408,135,5,1,3d4d37e7dcef36139698862d60d536450dfb480779ac0676046a82e065e8af0f,1025,0,13,2
0,31,1,0,0,0.020248731000000002,0.0053759999999999997,0.0026839999999999998,55103488,NA,NA,NA,NA,NA,NA,NA,NA,2408,135,5,1,3d4d37e7dcef36139698862d60d536450dfb480779ac0676046a82e065e8af0f,1024,0,9,3
0,31,0,0,1,0.055197884000000003,0.034209999999999997,0.0093429999999999989,156262400,NA,NA,NA,NA,NA,NA,NA,NA,994016,407679,8197,1,76f10b65f44b546f736cef2848789238eb7a5f77ce08b564ccca55b5bdc08f36,1079,0,26,7
0,31,1,1,1,0.055706367000000007,0.033966999999999997,0.010191,156356608,NA,NA,NA,NA,NA,NA,NA,NA,994016,407679,8197,1,76f10b65f44b546f736cef2848789238eb7a5f77ce08b564ccca55b5bdc08f36,1082,0,18,3
0,31,0,0,2,0.040381322000000004,0.025453,0.0036179999999999997,131665920,NA,NA,NA,NA,NA,NA,NA,NA,837856,318511,16385,4096,b4f737276339a7626b246c204b626e79f9d9ec0f1f160233a5aa1c27728af83f,632,0,25,4
0,31,1,1,2,0.041083989000000001,0.026053999999999997,0.0037039999999999998,131104768,NA,NA,NA,NA,NA,NA,NA,NA,837856,318511,16385,4096,b4f737276339a7626b246c204b626e79f9d9ec0f1f160233a5aa1c27728af83f,1070,0,19,4
0,31,0,0,5,0.43637636100000005,0.372612,0.043205,1023508480,NA,NA,NA,NA,NA,NA,NA,NA,11457352,5690734,153602,512,388033e7552b3b3255277a47381a62d5067155e67b74e663ad0ac019ed72fc50,1579,0,76,4
0,31,1,1,5,0.44462624000000001,0.37932499999999997,0.036609999999999997,1025781760,NA,NA,NA,NA,NA,NA,NA,NA,11457352,5690734,153602,512,388033e7552b3b3255277a47381a62d5067155e67b74e663ad0ac019ed72fc50,1583,0,134,6
0,32,0,0,2,0.040993259000000004,0.019705999999999998,0.0098510000000000004,131194880,NA,NA,NA,NA,NA,NA,NA,NA,837856,318511,16385,4096,b4f737276339a7626b246c204b626e79f9d9ec0f1f160233a5aa1c27728af83f,1107,0,25,3
0,32,1,1,2,0.040670985999999999,0.023023999999999999,0.0065829999999999994,131162112,NA,NA,NA,NA,NA,NA,NA,NA,837856,318511,16385,4096,b4f737276339a7626b246c204b626e79f9d9ec0f1f160233a5aa1c27728af83f,1072,0,17,3
0,32,0,1,1,0.056149839000000007,0.034296,0.010286999999999999,156450816,NA,NA,NA,NA,NA,NA,NA,NA,994016,407679,8197,1,76f10b65f44b546f736cef2848789238eb7a5f77ce08b564ccca55b5bdc08f36,1084,0,19,4
0,32,1,0,1,0.055657897000000005,0.031321999999999996,0.012529,156209152,NA,NA,NA,NA,NA,NA,NA,NA,994016,407679,8197,1,76f10b65f44b546f736cef2848789238eb7a5f77ce08b564ccca55b5bdc08f36,1078,0,17,2
0,32,0,0,5,0.43701373500000001,0.36706699999999998,0.049568000000000001,1023574016,NA,NA,NA,NA,NA,NA,NA,NA,11457352,5690734,153602,512,388033e7552b3b3255277a47381a62d5067155e67b74e663ad0ac019ed72fc50,1583,0,245,8
0,32,1,1,5,0.43573509900000001,0.36797199999999997,0.046841999999999995,1026064384,NA,NA,NA,NA,NA,NA,NA,NA,11457352,5690734,153602,512,388033e7552b3b3255277a47381a62d5067155e67b74e663ad0ac019ed72fc50,1140,0,178,7
0,32,0,0,3,0.059415297000000006,0.044414999999999996,0.0034199999999999999,181669888,NA,NA,NA,NA,NA,NA,NA,NA,1968568,2240463,32773,1,c491f4791a93a71124b9219b05e718490cf6bd1c68b1ec8fc6a6550e31f844b1,681,0,39,2
0,32,1,1,3,0.059683810000000004,0.040945999999999996,0.0068269999999999997,179183616,NA,NA,NA,NA,NA,NA,NA,NA,1968568,2240463,32773,1,c491f4791a93a71124b9219b05e718490cf6bd1c68b1ec8fc6a6550e31f844b1,1122,0,29,4
0,32,0,0,4,0.20816980900000001,0.16497199999999998,0.013451999999999999,428687360,NA,NA,NA,NA,NA,NA,NA,NA,5833440,1882629,26625,512,0f41e20848de6408cce7b1c5f57f0212c9401233ca75c7b6652c8ea62bfcd43f,796,0,206,5
0,32,1,1,4,0.19888038300000002,0.17290999999999998,0.0067849999999999994,428425216,NA,NA,NA,NA,NA,NA,NA,NA,5833440,1882629,26625,512,0f41e20848de6408cce7b1c5f57f0212c9401233ca75c7b6652c8ea62bfcd43f,1238,0,170,6
0,32,0,1,0,0.018735905000000001,0.008149,0,55230464,NA,NA,NA,NA,NA,NA,NA,NA,2408,135,5,1,3d4d37e7dcef36139698862d60d536450dfb480779ac0676046a82e065e8af0f,1050,0,11,2
0,32,1,0,0,0.018710799,0.0079589999999999991,0,55566336,NA,NA,NA,NA,NA,NA,NA,NA,2408,135,5,1,3d4d37e7dcef36139698862d60d536450dfb480779ac0676046a82e065e8af0f,585,0,14,3
0,33,0,1,3,0.059605163000000003,0.041045999999999999,0.0067849999999999994,179310592,NA,NA,NA,NA,NA,NA,NA,NA,1968568,2240463,32773,1,c491f4791a93a71124b9219b05e718490cf6bd1c68b1ec8fc6a6550e31f844b1,1124,0,19,3
0,33,1,0,3,0.059747950000000001,0.037752000000000001,0.0103,181182464,NA,NA,NA,NA,NA,NA,NA,NA,1968568,2240463,32773,1,c491f4791a93a71124b9219b05e718490cf6bd1c68b1ec8fc6a6550e31f844b1,1124,0,44,4
0,33,0,1,2,0.040883113000000006,0.026393999999999997,0.003297,131104768,NA,NA,NA,NA,NA,NA,NA,NA,837856,318511,16385,4096,b4f737276339a7626b246c204b626e79f9d9ec0f1f160233a5aa1c27728af83f,1067,0,25,3
0,33,1,0,2,0.048312152000000004,0.025980999999999997,0.0037159999999999997,130977792,NA,NA,NA,NA,NA,NA,NA,NA,837856,318511,16385,4096,b4f737276339a7626b246c204b626e79f9d9ec0f1f160233a5aa1c27728af83f,1067,0,20,2
0,33,0,1,5,0.44676539700000001,0.37128499999999998,0.046819,1025736704,NA,NA,NA,NA,NA,NA,NA,NA,11457352,5690734,153602,512,388033e7552b3b3255277a47381a62d5067155e67b74e663ad0ac019ed72fc50,1585,0,250,6
0,33,1,0,5,0.44469482800000004,0.37680900000000001,0.036362999999999999,1023762432,NA,NA,NA,NA,NA,NA,NA,NA,11457352,5690734,153602,512,388033e7552b3b3255277a47381a62d5067155e67b74e663ad0ac019ed72fc50,1139,0,83,6
0,33,0,1,4,0.19787711300000002,0.14500299999999999,0.033716999999999997,428449792,NA,NA,NA,NA,NA,NA,NA,NA,5833440,1882629,26625,512,0f41e20848de6408cce7b1c5f57f0212c9401233ca75c7b6652c8ea62bfcd43f,1239,0,168,6
0,33,1,0,4,0.19885333300000002,0.16597999999999999,0.01355,428642304,NA,NA,NA,NA,NA,NA,NA,NA,5833440,1882629,26625,512,0f41e20848de6408cce7b1c5f57f0212c9401233ca75c7b6652c8ea62bfcd43f,796,0,139,4
0,33,0,0,1,0.060694303000000005,0.043761999999999995,0,156495872,NA,NA,NA,NA,NA,NA,NA,NA,994016,407679,8197,1,76f10b65f44b546f736cef2848789238eb7a5f77ce08b564ccca55b5bdc08f36,1084,0,35,4
0,33,1,1,1,0.055647286000000004,0.037837999999999997,0.0063070000000000001,156426240,NA,NA,NA,NA,NA,NA,NA,NA,994016,407679,8197,1,76f10b65f44b546f736cef2848789238eb7a5f77ce08b564ccca55b5bdc08f36,1085,0,19,3
0,33,0,0,0,0.019408725000000002,0.0062789999999999999,0.0020869999999999999,55517184,NA,NA,NA,NA,NA,NA,NA,NA,2408,135,5,1,3d4d37e7dcef36139698862d60d536450dfb480779ac0676046a82e065e8af0f,583,0,10,3
0,33,1,1,0,0.018359701000000003,0.0038659999999999996,0.0038639999999999998,55533568,NA,NA,NA,NA,NA,NA,NA,NA,2408,135,5,1,3d4d37e7dcef36139698862d60d536450dfb480779ac0676046a82e065e8af0f,1060,0,12,3
0,34,0,1,5,0.43542923600000005,0.34926799999999997,0.065890999999999991,1025748992,NA,NA,NA,NA,NA,NA,NA,NA,11457352,5690734,153602,512,388033e7552b3b3255277a47381a62d5067155e67b74e663ad0ac019ed72fc50,1582,0,136,8
0,34,1,0,5,0.45115930800000004,0.37123499999999998,0.046828999999999996,1023778816,NA,NA,NA,NA,NA,NA,NA,NA,11457352,5690734,153602,512,388033e7552b3b3255277a47381a62d5067155e67b74e663ad0ac019ed72fc50,1583,0,144,5
0,34,0,1,2,0.040931573000000006,0.022481999999999999,0.0074949999999999999,130981888,NA,NA,NA,NA,NA,NA,NA,NA,837856,318511,16385,4096,b4f737276339a7626b246c204b626e79f9d9ec0f1f160233a5aa1c27728af83f,1068,0,27,4
0,34,1,0,2,0.040672919000000002,0.029510999999999999,0,131186688,NA,NA,NA,NA,NA,NA,NA,NA,837856,318511,16385,4096,b4f737276339a7626b246c204b626e79f9d9ec0f1f160233a5aa1c27728af83f,1068,0,26,3
0,34,0,0,3,0.060165332000000002,0.045102999999999997,0.0032259999999999997,181538816,NA,NA,NA,NA,NA,NA,NA,NA,1968568,2240463,32773,1,c491f4791a93a71124b9219b05e718490cf6bd1c68b1ec8fc6a6550e31f844b1,674,0,24,5
0,34,1,1,3,0.060071136000000004,0.042165999999999995,0.0064919999999999995,179281920,NA,NA,NA,NA,NA,NA,NA,NA,1968568,2240463,32773,1,c491f4791a93a71124b9219b05e718490cf6bd1c68b1ec8fc6a6550e31f844b1,1123,0,52,4
0,34,0,0,0,0.018933947,0.008064,0,55517184,NA,NA,NA,NA,NA,NA,NA,NA,2408,135,5,1,3d4d37e7dcef36139698862d60d536450dfb480779ac0676046a82e065e8af0f,586,0,12,3
0,34,1,1,0,0.018472061000000001,0.003973,0.0039610000000000001,55312384,NA,NA,NA,NA,NA,NA,NA,NA,2408,135,5,1,3d4d37e7dcef36139698862d60d536450dfb480779ac0676046a82e065e8af0f,1030,0,12,3
0,34,0,0,4,0.19837373400000002,0.156277,0.022772999999999998,428576768,NA,NA,NA,NA,NA,NA,NA,NA,5833440,1882629,26625,512,0f41e20848de6408cce7b1c5f57f0212c9401233ca75c7b6652c8ea62bfcd43f,1242,0,183,7
0,34,1,1,4,0.198833856,0.16266600000000001,0.016947999999999998,428417024,NA,NA,NA,NA,NA,NA,NA,NA,5833440,1882629,26625,512,0f41e20848de6408cce7b1c5f57f0212c9401233ca75c7b6652c8ea62bfcd43f,1241,0,188,5
0,34,0,1,1,0.055301289000000003,0.043878,0,156372992,NA,NA,NA,NA,NA,NA,NA,NA,994016,407679,8197,1,76f10b65f44b546f736cef2848789238eb7a5f77ce08b564ccca55b5bdc08f36,1081,0,34,3
0,34,1,0,1,0.054853140000000002,0.026658999999999999,0.016655,156717056,NA,NA,NA,NA,NA,NA,NA,NA,994016,407679,8197,1,76f10b65f44b546f736cef2848789238eb7a5f77ce08b564ccca55b5bdc08f36,641,0,35,5
0,35,0,0,5,0.43428294900000003,0.36807200000000001,0.04684,1023856640,NA,NA,NA,NA,NA,NA,NA,NA,11457352,5690734,153602,512,388033e7552b3b3255277a47381a62d5067155e67b74e663ad0ac019ed72fc50,1142,0,320,6
0,35,1,1,5,0.43589993800000004,0.385382,0.029895999999999999,1026027520,NA,NA,NA,NA,NA,NA,NA,NA,11457352,5690734,153602,512,388033e7552b3b3255277a47381a62d5067155e67b74e663ad0ac019ed72fc50,1140,0,79,6
0,35,0,0,1,0.056162782000000001,0.040662999999999998,0.0033909999999999999,156454912,NA,NA,NA,NA,NA,NA,NA,NA,994016,407679,8197,1,76f10b65f44b546f736cef2848789238eb7a5f77ce08b564ccca55b5bdc08f36,1083,0,19,3
0,35,1,1,1,0.055579709000000005,0.033884999999999998,0.010161,156266496,NA,NA,NA,NA,NA,NA,NA,NA,994016,407679,8197,1,76f10b65f44b546f736cef2848789238eb7a5f77ce08b564ccca55b5bdc08f36,1081,0,29,3
0,35,0,1,0,0.018924489000000003,0.0082559999999999995,0,55029760,NA,NA,NA,NA,NA,NA,NA,NA,2408,135,5,1,3d4d37e7dcef36139698862d60d536450dfb480779ac0676046a82e065e8af0f,1021,0,12,3
0,35,1,0,0,0.019378619,0.0082369999999999995,0,55304192,NA,NA,NA,NA,NA,NA,NA,NA,2408,135,5,1,3d4d37e7dcef36139698862d60d536450dfb480779ac0676046a82e065e8af0f,1032,0,11,3
0,35,0,1,4,0.19765749200000002,0.15865599999999999,0.019819,428503040,NA,NA,NA,NA,NA,NA,NA,NA,5833440,1882629,26625,512,0f41e20848de6408cce7b1c5f57f0212c9401233ca75c7b6652c8ea62bfcd43f,792,0,186,7
0,35,1,0,4,0.19892853300000002,0.16297399999999998,0.016975999999999998,428515328,NA,NA,NA,NA,NA,NA,NA,NA,5833440,1882629,26625,512,0f41e20848de6408cce7b1c5f57f0212c9401233ca75c7b6652c8ea62bfcd43f,1239,0,152,4
0,35,0,1,3,0.060318970000000006,0.034462,0.013793,179130368,NA,NA,NA,NA,NA,NA,NA,NA,1968568,2240463,32773,1,c491f4791a93a71124b9219b05e718490cf6bd1c68b1ec8fc6a6550e31f844b1,1146,0,19,4
0,35,1,0,3,0.059965197000000005,0.032236000000000001,0.016125,181276672,NA,NA,NA,NA,NA,NA,NA,NA,1968568,2240463,32773,1,c491f4791a93a71124b9219b05e718490cf6bd1c68b1ec8fc6a6550e31f844b1,1124,0,37,3
0,35,0,0,2,0.040699188000000004,0.022876999999999998,0.0065359999999999993,131080192,NA,NA,NA,NA,NA,NA,NA,NA,837856,318511,16385,4096,b4f737276339a7626b246c204b626e79f9d9ec0f1f160233a5aa1c27728af83f,1070,0,22,3
0,35,1,1,2,0.040537565000000005,0.019739,0.0098659999999999998,131371008,NA,NA,NA,NA,NA,NA,NA,NA,837856,318511,16385,4096,b4f737276339a7626b246c204b626e79f9d9ec0f1f160233a5aa1c27728af83f,626,0,16,4
0,36,0,0,1,0.055332998000000001,0.031448999999999998,0.012553999999999999,156430336,NA,NA,NA,NA,NA,NA,NA,NA,994016,407679,8197,1,76f10b65f44b546f736cef2848789238eb7a5f77ce08b564ccca55b5bdc08f36,637,0,25,6
0,36,1,1,1,0.055145255000000004,0.043733999999999995,0,156291072,NA,NA,NA,NA,NA,NA,NA,NA,994016,407679,8197,1,76f10b65f44b546f736cef2848789238eb7a5f77ce08b564ccca55b5bdc08f36,1087,0,20,4
0,36,0,1,5,0.43902744800000004,0.36690299999999998,0.050040999999999995,1025626112,NA,NA,NA,NA,NA,NA,NA,NA,11457352,5690734,153602,512,388033e7552b3b3255277a47381a62d5067155e67b74e663ad0ac019ed72fc50,1583,0,203,6
0,36,1,0,5,0.44321933300000005,0.35891799999999996,0.060371999999999995,1023799296,NA,NA,NA,NA,NA,NA,NA,NA,11457352,5690734,153602,512,388033e7552b3b3255277a47381a62d5067155e67b74e663ad0ac019ed72fc50,1584,0,87,7
0,36,0,1,4,0.19778177400000002,0.15549199999999999,0.023156,428716032,NA,NA,NA,NA,NA,NA,NA,NA,5833440,1882629,26625,512,0f41e20848de6408cce7b1c5f57f0212c9401233ca75c7b6652c8ea62bfcd43f,798,0,123,5
0,36,1,0,4,0.19917860300000001,0.15698899999999999,0.022869,428523520,NA,NA,NA,NA,NA,NA,NA,NA,5833440,1882629,26625,512,0f41e20848de6408cce7b1c5f57f0212c9401233ca75c7b6652c8ea62bfcd43f,1241,0,161,6
0,36,0,1,2,0.043857576000000002,0.015193999999999999,0.015188999999999999,130994176,NA,NA,NA,NA,NA,NA,NA,NA,837856,318511,16385,4096,b4f737276339a7626b246c204b626e79f9d9ec0f1f160233a5aa1c27728af83f,1068,0,21,1
0,36,1,0,2,0.050030813,0.023382999999999998,0.0058409999999999998,131375104,NA,NA,NA,NA,NA,NA,NA,NA,837856,318511,16385,4096,b4f737276339a7626b246c204b626e79f9d9ec0f1f160233a5aa1c27728af83f,626,0,24,3
0,36,0,0,0,0.018799795000000001,0.002679,0.0053609999999999994,55541760,NA,NA,NA,NA,NA,NA,NA,NA,2408,135,5,1,3d4d37e7dcef36139698862d60d536450dfb480779ac0676046a82e065e8af0f,584,0,10,3
0,36,1,1,0,0.018546742000000001,0.003898,0.0039189999999999997,55443456,NA,NA,NA,NA,NA,NA,NA,NA,2408,135,5,1,3d4d37e7dcef36139698862d60d536450dfb480779ac0676046a82e065e8af0f,584,0,9,3
0,36,0,1,3,0.069647829000000008,0.037597999999999999,0.010258,179245056,NA,NA,NA,NA,NA,NA,NA,NA,1968568,2240463,32773,1,c491f4791a93a71124b9219b05e718490cf6bd1c68b1ec8fc6a6550e31f844b1,1122,0,30,6
0,36,1,0,3,0.070166911999999998,0.04138,0.0068989999999999998,181596160,NA,NA,NA,NA,NA,NA,NA,NA,1968568,2240463,32773,1,c491f4791a93a71124b9219b05e718490cf6bd1c68b1ec8fc6a6550e31f844b1,682,0,35,5
0,37,0,0,3,0.070755174000000004,0.045565999999999995,0.003039,181325824,NA,NA,NA,NA,NA,NA,NA,NA,1968568,2240463,32773,1,c491f4791a93a71124b9219b05e718490cf6bd1c68b1ec8fc6a6550e31f844b1,1125,0,30,4
0,37,1,1,3,0.059823522000000004,0.032268999999999999,0.016135,179179520,NA,NA,NA,NA,NA,NA,NA,NA,1968568,2240463,32773,1,c491f4791a93a71124b9219b05e718490cf6bd1c68b1ec8fc6a6550e31f844b1,1122,0,44,3
0,37,0,1,1,0.064654394000000004,0.043650000000000001,0,156409856,NA,NA,NA,NA,NA,NA,NA,NA,994016,407679,8197,1,76f10b65f44b546f736cef2848789238eb7a5f77ce08b564ccca55b5bdc08f36,1082,0,32,4
0,37,1,0,1,0.060938391000000001,0.037085,0.006744,156377088,NA,NA,NA,NA,NA,NA,NA,NA,994016,407679,8197,1,76f10b65f44b546f736cef2848789238eb7a5f77ce08b564ccca55b5bdc08f36,1081,0,39,3
0,37,0,0,5,0.42937165600000005,0.37089699999999998,0.046365999999999997,1023602688,NA,NA,NA,NA,NA,NA,NA,NA,11457352,5690734,153602,512,388033e7552b3b3255277a47381a62d5067155e67b74e663ad0ac019ed72fc50,1583,0,234,6
0,37,1,1,5,0.444717419,0.38219599999999998,0.033138000000000001,1025675264,NA,NA,NA,NA,NA,NA,NA,NA,11457352,5690734,153602,512,388033e7552b3b3255277a47381a62d5067155e67b74e663ad0ac019ed72fc50,1582,0,27,6
0,37,0,0,2,0.040480879000000004,0.019552999999999997,0.0097669999999999996,130990080,NA,NA,NA,NA,NA,NA,NA,NA,837856,318511,16385,4096,b4f737276339a7626b246c204b626e79f9d9ec0f1f160233a5aa1c27728af83f,1065,0,24,4
0,37,1,1,2,0.040460932000000005,0.029250999999999999,0,131088384,NA,NA,NA,NA,NA,NA,NA,NA,837856,318511,16385,4096,b4f737276339a7626b246c204b626e79f9d9ec0f1f160233a5aa1c27728af83f,1071,0,26,3
0,37,0,1,0,0.019519354000000003,0.0087759999999999991,0,55468032,NA,NA,NA,NA,NA,NA,NA,NA,2408,135,5,1,3d4d37e7dcef36139698862d60d536450dfb480779ac0676046a82e065e8af0f,1031,0,10,3
0,37,1,0,0,0.019362729000000002,0.0027309999999999999,0.005424,55275520,NA,NA,NA,NA,NA,NA,NA,NA,2408,135,5,1,3d4d37e7dcef36139698862d60d536450dfb480779ac0676046a82e065e8af0f,1028,0,9,2
0,37,0,0,4,0.19644397800000002,0.156916,0.022865999999999997,428466176,NA,NA,NA,NA,NA,NA,NA,NA,5833440,1882629,26625,512,0f41e20848de6408cce7b1c5f57f0212c9401233ca75c7b6652c8ea62bfcd43f,1239,0,132,6
0,37,1,1,4,0.19832327800000002,0.15203700000000001,0.027023999999999999,428212224,NA,NA,NA,NA,NA,NA,NA,NA,5833440,1882629,26625,512,0f41e20848de6408cce7b1c5f57f0212c9401233ca75c7b6652c8ea62bfcd43f,1234,0,190,5
0,38,0,0,3,0.059770272000000006,0.035171000000000001,0.012785999999999999,181460992,NA,NA,NA,NA,NA,NA,NA,NA,1968568,2240463,32773,1,c491f4791a93a71124b9219b05e718490cf6bd1c68b1ec8fc6a6550e31f844b1,678,0,52,3
0,38,1,1,3,0.059874247000000005,0.038648999999999996,0.0096609999999999994,179277824,NA,NA,NA,NA,NA,NA,NA,NA,1968568,2240463,32773,1,c491f4791a93a71124b9219b05e718490cf6bd1c68b1ec8fc6a6550e31f844b1,1124,0,47,5
0,38,0,1,0,0.019600777,0.008480999999999999,0,55316480,NA,NA,NA,NA,NA,NA,NA,NA,2408,135,5,1,3d4d37e7dcef36139698862d60d536450dfb480779ac0676046a82e065e8af0f,1029,0,9,3
0,38,1,0,0,0.01893626,0.0079609999999999993,0,55394304,NA,NA,NA,NA,NA,NA,NA,NA,2408,135,5,1,3d4d37e7dcef36139698862d60d536450dfb480779ac0676046a82e065e8af0f,1026,0,9,3
0,38,0,0,2,0.040580096000000003,0.017618999999999999,0.011722,131301376,NA,NA,NA,NA,NA,NA,NA,NA,837856,318511,16385,4096,b4f737276339a7626b246c204b626e79f9d9ec0f1f160233a5aa1c27728af83f,1074,0,20,4
0,38,1,1,2,0.041054074000000003,0.016462999999999998,0.01315,131424256,NA,NA,NA,NA,NA,NA,NA,NA,837856,318511,16385,4096,b4f737276339a7626b246c204b626e79f9d9ec0f1f160233a5aa1c27728af83f,626,0,31,3
0,38,0,0,5,0.43674560200000001,0.36269799999999996,0.053227999999999998,1023844352,NA,NA,NA,NA,NA,NA,NA,NA,11457352,5690734,153602,512,388033e7552b3b3255277a47381a62d5067155e67b74e663ad0ac019ed72fc50,1138,0,125,8
0,38,1,1,5,0.43548377900000002,0.36158199999999996,0.053087999999999996,1025728512,NA,NA,NA,NA,NA,NA,NA,NA,11457352,5690734,153602,512,388033e7552b3b3255277a47381a62d5067155e67b74e663ad0ac019ed72fc50,1584,0,214,4
0,38,0,0,1,0.055821833000000001,0.040689999999999997,0.0033929999999999997,156446720,NA,NA,NA,NA,NA,NA,NA,NA,994016,407679,8197,1,76f10b65f44b546f736cef2848789238eb7a5f77ce08b564ccca55b5bdc08f36,1083,0,37,5
0,38,1,1,1,0.055583577000000002,0.033723999999999997,0.010100999999999999,156405760,NA,NA,NA,NA,NA,NA,NA,NA,994016,407679,8197,1,76f10b65f44b546f736cef2848789238eb7a5f77ce08b564ccca55b5bdc08f36,634,0,22,5
0,38,0,1,4,0.197760986,0.16157299999999999,0.016833999999999998,428412928,NA,NA,NA,NA,NA,NA,NA,NA,5833440,1882629,26625,512,0f41e20848de6408cce7b1c5f57f0212c9401233ca75c7b6652c8ea62bfcd43f,1238,0,66,7
0,38,1,0,4,0.21162248900000002,0.16065099999999999,0.020072,428371968,NA,NA,NA,NA,NA,NA,NA,NA,5833440,1882629,26625,512,0f41e20848de6408cce7b1c5f57f0212c9401233ca75c7b6652c8ea62bfcd43f,1238,0,84,4
0,39,0,1,3,0.059324908000000003,0.044602999999999997,0.0031869999999999997,179294208,NA,NA,NA,NA,NA,NA,NA,NA,1968568,2240463,32773,1,c491f4791a93a71124b9219b05e718490cf6bd1c68b1ec8fc6a6550e31f844b1,1127,0,35,3
0,39,1,0,3,0.063573618999999998,0.041688999999999997,0.0064159999999999998,181772288,NA,NA,NA,NA,NA,NA,NA,NA,1968568,2240463,32773,1,c491f4791a93a71124b9219b05e718490cf6bd1c68b1ec8fc6a6550e31f844b1,684,0,31,4
0,39,0,1,5,0.43729836700000002,0.40350599999999998,0.013228999999999999,1026093056,NA,NA,NA,NA,NA,NA,NA,NA,11457352,5690734,153602,512,388033e7552b3b3255277a47381a62d5067155e67b74e663ad0ac019ed72fc50,1142,0,191,5
0,39,1,0,5,0.43672274000000005,0.37299699999999997,0.042911999999999999,1023713280,NA,NA,NA,NA,NA,NA,NA,NA,11457352,5690734,153602,512,388033e7552b3b3255277a47381a62d5067155e67b74e663ad0ac019ed72fc50,1586,0,142,5
0,39,0,0,0,0.019712015000000003,0.0056639999999999998,0.0028249999999999998,55242752,NA,NA,NA,NA,NA,NA,NA,NA,2408,135,5,1,3d4d37e7dcef36139698862d60d536450dfb480779ac0676046a82e065e8af0f,1030,0,12,2
0,39,1,1,0,0.019304632000000002,0.0080470000000000003,0,55435264,NA,NA,NA,NA,NA,NA,NA,NA,2408,135,5,1,3d4d37e7dcef36139698862d60d536450dfb480779ac0676046a82e065e8af0f,582,0,11,4
0,39,0,0,4,0.20392876100000001,0.15887399999999999,0.020286999999999999,428081152,NA,NA,NA,NA,NA,NA,NA,NA,5833440,1882629,26625,512,0f41e20848de6408cce7b1c5f57f0212c9401233ca75c7b6652c8ea62bfcd43f,1233,0,145,6
0,39,1,1,4,0.19902985200000001,0.14982499999999999,0.029966,428273664,NA,NA,NA,NA,NA,NA,NA,NA,5833440,1882629,26625,512,0f41e20848de6408cce7b1c5f57f0212c9401233ca75c7b6652c8ea62bfcd43f,1238,0,182,4
0,39,0,1,2,0.040980385000000001,0.022325999999999999,0.0074339999999999996,130932736,NA,NA,NA,NA,NA,NA,NA,NA,837856,318511,16385,4096,b4f737276339a7626b246c204b626e79f9d9ec0f1f160233a5aa1c27728af83f,1064,0,21,4
0,39,1,0,2,0.040629406999999999,0.022034999999999999,0.0073489999999999996,131284992,NA,NA,NA,NA,NA,NA,NA,NA,837856,318511,16385,4096,b4f737276339a7626b246c204b626e79f9d9ec0f1f160233a5aa1c27728af83f,1073,0,23,4
0,39,0,1,1,0.055188337000000004,0.03116,0.012449999999999999,156631040,NA,NA,NA,NA,NA,NA,NA,NA,994016,407679,8197,1,76f10b65f44b546f736cef2848789238eb7a5f77ce08b564ccca55b5bdc08f36,640,0,30,4
0,39,1,0,1,0.054968234000000005,0.039986999999999995,0.0033349999999999999,156684288,NA,NA,NA,NA,NA,NA,NA,NA,994016,407679,8197,1,76f10b65f44b546f736cef2848789238eb7a5f77ce08b564ccca55b5bdc08f36,637,0,34,4
1,0,0,0,4,0.19821850200000002,0.158632,0.020250999999999998,428515328,NA,NA,NA,NA,NA,NA,NA,NA,5833440,1882629,26625,512,0f41e20848de6408cce7b1c5f57f0212c9401233ca75c7b6652c8ea62bfcd43f,794,0,167,6
1,0,1,1,4,0.19785226700000003,0.16856399999999999,0.010116,428740608,NA,NA,NA,NA,NA,NA,NA,NA,5833440,1882629,26625,512,0f41e20848de6408cce7b1c5f57f0212c9401233ca75c7b6652c8ea62bfcd43f,797,0,170,4
1,0,0,1,0,0.018761924000000003,0.0081339999999999989,0,55578624,NA,NA,NA,NA,NA,NA,NA,NA,2408,135,5,1,3d4d37e7dcef36139698862d60d536450dfb480779ac0676046a82e065e8af0f,587,0,12,3
1,0,1,0,0,0.018562481000000002,0.0053159999999999995,0.0026679999999999998,55283712,NA,NA,NA,NA,NA,NA,NA,NA,2408,135,5,1,3d4d37e7dcef36139698862d60d536450dfb480779ac0676046a82e065e8af0f,1028,0,12,4
1,0,0,0,5,0.43750151800000003,0.37027299999999996,0.046709999999999995,1023565824,NA,NA,NA,NA,NA,NA,NA,NA,11457352,5690734,153602,512,388033e7552b3b3255277a47381a62d5067155e67b74e663ad0ac019ed72fc50,1582,0,277,8
1,0,1,1,5,0.446502644,0.37777899999999998,0.039760999999999998,1025998848,NA,NA,NA,NA,NA,NA,NA,NA,11457352,5690734,153602,512,388033e7552b3b3255277a47381a62d5067155e67b74e663ad0ac019ed72fc50,1132,0,205,6
1,0,0,1,3,0.059250619000000004,0.034986999999999997,0.012728,178868224,NA,NA,NA,NA,NA,NA,NA,NA,1968568,2240463,32773,1,c491f4791a93a71124b9219b05e718490cf6bd1c68b1ec8fc6a6550e31f844b1,1116,0,50,3
1,0,1,0,3,0.059506137000000001,0.047921999999999999,0,181055488,NA,NA,NA,NA,NA,NA,NA,NA,1968568,2240463,32773,1,c491f4791a93a71124b9219b05e718490cf6bd1c68b1ec8fc6a6550e31f844b1,1121,0,41,4
1,0,0,0,2,0.040920443000000001,0.01983,0.009918999999999999,131182592,NA,NA,NA,NA,NA,NA,NA,NA,837856,318511,16385,4096,b4f737276339a7626b246c204b626e79f9d9ec0f1f160233a5aa1c27728af83f,1073,0,18,3
1,0,1,1,2,0.040935191000000003,0.023109999999999999,0.0066059999999999999,131182592,NA,NA,NA,NA,NA,NA,NA,NA,837856,318511,16385,4096,b4f737276339a7626b246c204b626e79f9d9ec0f1f160233a5aa1c27728af83f,1069,0,29,3
1,0,0,0,1,0.055040038000000006,0.033446999999999998,0.010029999999999999,156557312,NA,NA,NA,NA,NA,NA,NA,NA,994016,407679,8197,1,76f10b65f44b546f736cef2848789238eb7a5f77ce08b564ccca55b5bdc08f36,1084,0,24,4
1,0,1,1,1,0.055449085000000002,0.033734,0.010112999999999999,156393472,NA,NA,NA,NA,NA,NA,NA,NA,994016,407679,8197,1,76f10b65f44b546f736cef2848789238eb7a5f77ce08b564ccca55b5bdc08f36,1081,0,25,4
1,1,0,1,1,0.055453544,0.034379,0.0093769999999999999,156676096,NA,NA,NA,NA,NA,NA,NA,NA,994016,407679,8197,1,76f10b65f44b546f736cef2848789238eb7a5f77ce08b564ccca55b5bdc08f36,633,0,37,3
1,1,1,0,1,0.055387621000000005,0.033645999999999995,0.010102,156569600,NA,NA,NA,NA,NA,NA,NA,NA,994016,407679,8197,1,76f10b65f44b546f736cef2848789238eb7a5f77ce08b564ccca55b5bdc08f36,1083,0,21,4
1,1,0,1,2,0.040595463000000005,0.019598000000000001,0.009807999999999999,131432448,NA,NA,NA,NA,NA,NA,NA,NA,837856,318511,16385,4096,b4f737276339a7626b246c204b626e79f9d9ec0f1f160233a5aa1c27728af83f,626,0,29,3
1,1,1,0,2,0.040945449000000002,0.017864999999999999,0.011885999999999999,131182592,NA,NA,NA,NA,NA,NA,NA,NA,837856,318511,16385,4096,b4f737276339a7626b246c204b626e79f9d9ec0f1f160233a5aa1c27728af83f,1070,0,19,3
1,1,0,0,3,0.059807742000000004,0.039241999999999999,0.0090519999999999993,181350400,NA,NA,NA,NA,NA,NA,NA,NA,1968568,2240463,32773,1,c491f4791a93a71124b9219b05e718490cf6bd1c68b1ec8fc6a6550e31f844b1,1123,0,44,3
1,1,1,1,3,0.059703737000000007,0.041404999999999997,0.0068859999999999998,179499008,NA,NA,NA,NA,NA,NA,NA,NA,1968568,2240463,32773,1,c491f4791a93a71124b9219b05e718490cf6bd1c68b1ec8fc6a6550e31f844b1,681,0,47,4
1,1,0,0,0,0.018891997000000001,0.005483,0.0027409999999999999,55377920,NA,NA,NA,NA,NA,NA,NA,NA,2408,135,5,1,3d4d37e7dcef36139698862d60d536450dfb480779ac0676046a82e065e8af0f,1027,0,13,3
1,1,1,1,0,0.018826786000000002,0.0026639999999999997,0.0053239999999999997,55349248,NA,NA,NA,NA,NA,NA,NA,NA,2408,135,5,1,3d4d37e7dcef36139698862d60d536450dfb480779ac0676046a82e065e8af0f,1048,0,12,3
1,1,0,1,4,0.19751406400000002,0.15129099999999998,0.026905999999999999,428793856,NA,NA,NA,NA,NA,NA,NA,NA,5833440,1882629,26625,512,0f41e20848de6408cce7b1c5f57f0212c9401233ca75c7b6652c8ea62bfcd43f,797,0,171,5
1,1,1,0,4,0.19860169100000002,0.165936,0.013280999999999999,428716032,NA,NA,NA,NA,NA,NA,NA,NA,5833440,1882629,26625,512,0f41e20848de6408cce7b1c5f57f0212c9401233ca75c7b6652c8ea62bfcd43f,796,0,135,5
1,1,0,1,5,0.43968797500000001,0.37536999999999998,0.043549999999999998,1025990656,NA,NA,NA,NA,NA,NA,NA,NA,11457352,5690734,153602,512,388033e7552b3b3255277a47381a62d5067155e67b74e663ad0ac019ed72fc50,1142,0,126,7
1,1,1,0,5,0.44321677700000001,0.37751099999999999,0.036753999999999995,1023774720,NA,NA,NA,NA,NA,NA,NA,NA,11457352,5690734,153602,512,388033e7552b3b3255277a47381a62d5067155e67b74e663ad0ac019ed72fc50,1583,0,238,6
1,2,0,1,1,0.056253702000000003,0.044815999999999995,0,156823552,NA,NA,NA,NA,NA,NA,NA,NA,994016,407679,8197,1,76f10b65f44b546f736cef2848789238eb7a5f77ce08b564ccca55b5bdc08f36,641,0,31,4
1,2,1,0,1,0.055320954000000006,0.037089999999999998,0.0067279999999999996,156352512,NA,NA,NA,NA,NA,NA,NA,NA,994016,407679,8197,1,76f10b65f44b546f736cef2848789238eb7a5f77ce08b564ccca55b5bdc08f36,1082,0,29,3
1,2,0,0,4,0.198690747,0.16276199999999999,0.016591999999999999,428511232,NA,NA,NA,NA,NA,NA,NA,NA,5833440,1882629,26625,512,0f41e20848de6408cce7b1c5f57f0212c9401233ca75c7b6652c8ea62bfcd43f,1239,0,123,6
1,2,1,1,4,0.199157733,0.173178,0.0067799999999999996,428347392,NA,NA,NA,NA,NA,NA,NA,NA,5833440,1882629,26625,512,0f41e20848de6408cce7b1c5f57f0212c9401233ca75c7b6652c8ea62bfcd43f,1236,0,141,6
1,2,0,0,3,0.059849070000000004,0.034283999999999995,0.01372,181317632,NA,NA,NA,NA,NA,NA,NA,NA,1968568,2240463,32773,1,c491f4791a93a71124b9219b05e718490cf6bd1c68b1ec8fc6a6550e31f844b1,1133,0,41,5
1,2,1,1,3,0.059610803000000004,0.041045999999999999,0.0068439999999999994,179511296,NA,NA,NA,NA,NA,NA,NA,NA,1968568,2240463,32773,1,c491f4791a93a71124b9219b05e718490cf6bd1c68b1ec8fc6a6550e31f844b1,679,0,54,4
1,2,0,0,5,0.43602680600000004,0.381797,0.033495999999999998,1023774720,NA,NA,NA,NA,NA,NA,NA,NA,11457352,5690734,153602,512,388033e7552b3b3255277a47381a62d5067155e67b74e663ad0ac019ed72fc50,1140,0,189,5
1,2,1,1,5,0.44409185700000003,0.360871,0.053454999999999996,1025568768,NA,NA,NA,NA,NA,NA,NA,NA,11457352,5690734,153602,512,388033e7552b3b3255277a47381a62d5067155e67b74e663ad0ac019ed72fc50,1581,0,49,6
1,2,0,1,2,0.040882251000000001,0.023830999999999998,0.0059519999999999998,131002368,NA,NA,NA,NA,NA,NA,NA,NA,837856,318511,16385,4096,b4f737276339a7626b246c204b626e79f9d9ec0f1f160233a5aa1c27728af83f,1068,0,18,4
1,2,1,0,2,0.041120728000000002,0.019851000000000001,0.0099329999999999991,131158016,NA,NA,NA,NA,NA,NA,NA,NA,837856,318511,16385,4096,b4f737276339a7626b246c204b626e79f9d9ec0f1f160233a5aa1c27728af83f,1072,0,25,3
1,2,0,0,0,0.018845872,0.0027229999999999997,0.0054519999999999994,55267328,NA,NA,NA,NA,NA,NA,NA,NA,2408,135,5,1,3d4d37e7dcef36139698862d60d536450dfb480779ac0676046a82e065e8af0f,1027,0,11,3
1,2,1,1,0,0.018036315000000001,0.0036839999999999998,0.0037039999999999998,55541760,NA,NA,NA,NA,NA,NA,NA,NA,2408,135,5,1,3d4d37e7dcef36139698862d60d536450dfb480779ac0676046a82e065e8af0f,584,0,12,3
1,3,0,0,2,0.040245648000000002,0.019365999999999998,0.0096790000000000001,131194880,NA,NA,NA,NA,NA,NA,NA,NA,837856,318511,16385,4096,b4f737276339a7626b246c204b626e79f9d9ec0f1f160233a5aa1c27728af83f,1073,0,25,4
1,3,1,1,2,0.040714547000000004,0.019615,0.0098149999999999991,131186688,NA,NA,NA,NA,NA,NA,NA,NA,837856,318511,16385,4096,b4f737276339a7626b246c204b626e79f9d9ec0f1f160233a5aa1c27728af83f,1070,0,22,4
1,3,0,1,3,0.059480048000000001,0.037623999999999998,0.010251999999999999,179367936,NA,NA,NA,NA,NA,NA,NA,NA,1968568,2240463,32773,1,c491f4791a93a71124b9219b05e718490cf6bd1c68b1ec8fc6a6550e31f844b1,678,0,24,4
1,3,1,0,3,0.059954848000000005,0.048208999999999995,0,181420032,NA,NA,NA,NA,NA,NA,NA,NA,1968568,2240463,32773,1,c491f4791a93a71124b9219b05e718490cf6bd1c68b1ec8fc6a6550e31f844b1,1125,0,33,3
1,3,0,1,0,0.020252607000000002,0.005803,0.0029029999999999998,55410688,NA,NA,NA,NA,NA,NA,NA,NA,2408,135,5,1,3d4d37e7dcef36139698862d60d536450dfb480779ac0676046a82e065e8af0f,1027,0,10,3
1,3,1,0,0,0.018856771000000001,0.0053939999999999995,0.0026969999999999997,55377920,NA,NA,NA,NA,NA,NA,NA,NA,2408,135,5,1,3d4d37e7dcef36139698862d60d536450dfb480779ac0676046a82e065e8af0f,1054,0,11,3
1,3,0,1,5,0.42890322700000005,0.37625199999999998,0.039955999999999998,1025777664,NA,NA,NA,NA,NA,NA,NA,NA,11457352,5690734,153602,512,388033e7552b3b3255277a47381a62d5067155e67b74e663ad0ac019ed72fc50,1596,0,280,10
1,3,1,0,5,0.44849656100000002,0.36544099999999996,0.052672999999999998,1023590400,NA,NA,NA,NA,NA,NA,NA,NA,11457352,5690734,153602,512,388033e7552b3b3255277a47381a62d5067155e67b74e663ad0ac019ed72fc50,1581,0,149,6
1,3,0,1,4,0.19751115700000002,0.15831999999999999,0.019793999999999999,428261376,NA,NA,NA,NA,NA,NA,NA,NA,5833440,1882629,26625,512,0f41e20848de6408cce7b1c5f57f0212c9401233ca75c7b6652c8ea62bfcd43f,1234,0,117,5
1,3,1,0,4,0.19972041600000001,0.16683499999999998,0.013351,428412928,NA,NA,NA,NA,NA,NA,NA,NA,5833440,1882629,26625,512,0f41e20848de6408cce7b1c5f57f0212c9401233ca75c7b6652c8ea62bfcd43f,1240,0,180,7
1,3,0,0,1,0.055632429000000004,0.037252,0.0067809999999999997,156762112,NA,NA,NA,NA,NA,NA,NA,NA,994016,407679,8197,1,76f10b65f44b546f736cef2848789238eb7a5f77ce08b564ccca55b5bdc08f36,639,0,17,4
1,3,1,1,1,0.055867058000000004,0.030580999999999997,0.013597,156258304,NA,NA,NA,NA,NA,NA,NA,NA,994016,407679,8197,1,76f10b65f44b546f736cef2848789238eb7a5f77ce08b564ccca55b5bdc08f36,1080,0,19,3
1,4,0,0,3,0.059886620000000002,0.044535999999999999,0.0034280000000000001,181596160,NA,NA,NA,NA,NA,NA,NA,NA,1968568,2240463,32773,1,c491f4791a93a71124b9219b05e718490cf6bd1c68b1ec8fc6a6550e31f844b1,683,0,23,4
1,4,1,1,3,0.059550410000000005,0.041301999999999998,0.0063590000000000001,179171328,NA,NA,NA,NA,NA,NA,NA,NA,1968568,2240463,32773,1,c491f4791a93a71124b9219b05e718490cf6bd1c68b1ec8fc6a6550e31f844b1,1123,0,59,5
1,4,0,1,0,0.018823780000000002,0.0039969999999999997,0.003999,55394304,NA,NA,NA,NA,NA,NA,NA,NA,2408,135,5,1,3d4d37e7dcef36139698862d60d536450dfb480779ac0676046a82e065e8af0f,582,0,12,3
1,4,1,0,0,0.018250437000000001,0.007541,0,55603200,NA,NA,NA,NA,NA,NA,NA,NA,2408,135,5,1,3d4d37e7dcef36139698862d60d536450dfb480779ac0676046a82e065e8af0f,585,0,13,3
1,4,0,1,4,0.197308277,0.15467599999999998,0.023046000000000001,428470272,NA,NA,NA,NA,NA,NA,NA,NA,5833440,1882629,26625,512,0f41e20848de6408cce7b1c5f57f0212c9401233ca75c7b6652c8ea62bfcd43f,1240,0,136,6
1,4,1,0,4,0.19909250100000001,0.159943,0.019990999999999998,428388352,NA,NA,NA,NA,NA,NA,NA,NA,5833440,1882629,26625,512,0f41e20848de6408cce7b1c5f57f0212c9401233ca75c7b6652c8ea62bfcd43f,1236,0,189,5
1,4,0,0,5,0.43635194300000002,0.36944399999999999,0.046162999999999996,1023774720,NA,NA,NA,NA,NA,NA,NA,NA,11457352,5690734,153602,512,388033e7552b3b3255277a47381a62d5067155e67b74e663ad0ac019ed72fc50,1139,0,263,7
1,4,1,1,5,0.43543724100000003,0.37781599999999999,0.036787,1025961984,NA,NA,NA,NA,NA,NA,NA,NA,11457352,5690734,153602,512,388033e7552b3b3255277a47381a62d5067155e67b74e663ad0ac019ed72fc50,1142,0,173,6
1,4,0,1,2,0.040920563,0.022971999999999999,0.006561,131436544,NA,NA,NA,NA,NA,NA,NA,NA,837856,318511,16385,4096,b4f737276339a7626b246c204b626e79f9d9ec0f1f160233a5aa1c27728af83f,627,0,25,3
1,4,1,0,2,0.040699499,0.022813,0.0065239999999999994,131362816,NA,NA,NA,NA,NA,NA,NA,NA,837856,318511,16385,4096,b4f737276339a7626b246c204b626e79f9d9ec0f1f160233a5aa1c27728af83f,620,0,26,4
1,4,0,1,1,0.056189182000000004,0.030969,0.013764999999999999,156704768,NA,NA,NA,NA,NA,NA,NA,NA,994016,407679,8197,1,76f10b65f44b546f736cef2848789238eb7a5f77ce08b564ccca55b5bdc08f36,640,0,33,4
1,4,1,0,1,0.055412456000000006,0.037562999999999999,0.0062639999999999996,156930048,NA,NA,NA,NA,NA,NA,NA,NA,994016,407679,8197,1,76f10b65f44b546f736cef2848789238eb7a5f77ce08b564ccca55b5bdc08f36,644,0,19,3
1,5,0,0,1,0.055254420000000005,0.036358999999999995,0.0072740000000000001,156372992,NA,NA,NA,NA,NA,NA,NA,NA,994016,407679,8197,1,76f10b65f44b546f736cef2848789238eb7a5f77ce08b564ccca55b5bdc08f36,1084,0,36,3
1,5,1,1,1,0.055438996000000004,0.040490999999999999,0.0033519999999999999,156717056,NA,NA,NA,NA,NA,NA,NA,NA,994016,407679,8197,1,76f10b65f44b546f736cef2848789238eb7a5f77ce08b564ccca55b5bdc08f36,640,0,20,6
1,5,0,0,2,0.040576097000000005,0.025637,0.0036639999999999997,131514368,NA,NA,NA,NA,NA,NA,NA,NA,837856,318511,16385,4096,b4f737276339a7626b246c204b626e79f9d9ec0f1f160233a5aa1c27728af83f,626,0,26,3
1,5,1,1,2,0.040859028000000006,0.022265,0.00743,131158016,NA,NA,NA,NA,NA,NA,NA,NA,837856,318511,16385,4096,b4f737276339a7626b246c204b626e79f9d9ec0f1f160233a5aa1c27728af83f,1074,0,22,2
1,5,0,1,3,0.059775923000000002,0.041625999999999996,0.0064089999999999998,178864128,NA,NA,NA,NA,NA,NA,NA,NA,1968568,2240463,32773,1,c491f4791a93a71124b9219b05e718490cf6bd1c68b1ec8fc6a6550e31f844b1,1116,0,36,4
1,5,1,0,3,0.059660356000000005,0.037462999999999996,0.010220999999999999,181620736,NA,NA,NA,NA,NA,NA,NA,NA,1968568,2240463,32773,1,c491f4791a93a71124b9219b05e718490cf6bd1c68b1ec8fc6a6550e31f844b1,682,0,22,4
1,5,0,1,5,0.43730572100000004,0.37302999999999997,0.043312999999999997,1025687552,NA,NA,NA,NA,NA,NA,NA,NA,11457352,5690734,153602,512,388033e7552b3b3255277a47381a62d5067155e67b74e663ad0ac019ed72fc50,1582,0,27,7
1,5,1,0,5,0.44681455800000003,0.374361,0.043473999999999999,1023516672,NA,NA,NA,NA,NA,NA,NA,NA,11457352,5690734,153602,512,388033e7552b3b3255277a47381a62d5067155e67b74e663ad0ac019ed72fc50,1583,0,76,7
1,5,0,0,4,0.19874829500000002,0.16624899999999998,0.013297999999999999,428630016,NA,NA,NA,NA,NA,NA,NA,NA,5833440,1882629,26625,512,0f41e20848de6408cce7b1c5f57f0212c9401233ca75c7b6652c8ea62bfcd43f,793,0,49,5
1,5,1,1,4,0.19864799800000002,0.153143,0.026053999999999997,428400640,NA,NA,NA,NA,NA,NA,NA,NA,5833440,1882629,26625,512,0f41e20848de6408cce7b1c5f57f0212c9401233ca75c7b6652c8ea62bfcd43f,1239,0,175,6
1,5,0,0,0,0.018745704000000002,0.0053899999999999998,0.0026979999999999999,55816192,NA,NA,NA,NA,NA,NA,NA,NA,2408,135,5,1,3d4d37e7dcef36139698862d60d536450dfb480779ac0676046a82e065e8af0f,589,0,12,3
1,5,1,1,0,0.018410898000000002,0.0076969999999999998,0,55664640,NA,NA,NA,NA,NA,NA,NA,NA,2408,135,5,1,3d4d37e7dcef36139698862d60d536450dfb480779ac0676046a82e065e8af0f,577,0,12,4
1,6,0,0,3,0.059582148000000001,0.040955999999999999,0.0068269999999999997,181604352,NA,NA,NA,NA,NA,NA,NA,NA,1968568,2240463,32773,1,c491f4791a93a71124b9219b05e718490cf6bd1c68b1ec8fc6a6550e31f844b1,681,0,60,4
1,6,1,1,3,0.059850492000000005,0.034268,0.013685999999999999,179372032,NA,NA,NA,NA,NA,NA,NA,NA,1968568,2240463,32773,1,c491f4791a93a71124b9219b05e718490cf6bd1c68b1ec8fc6a6550e31f844b1,1126,0,22,4
1,6,0,1,0,0.018753408000000003,0.0027079999999999999,0.0054189999999999993,55140352,NA,NA,NA,NA,NA,NA,NA,NA,2408,135,5,1,3d4d37e7dcef36139698862d60d536450dfb480779ac0676046a82e065e8af0f,1023,0,10,3
1,6,1,0,0,0.018506796000000002,0.0038969999999999999,0.0039169999999999995,55148544,NA,NA,NA,NA,NA,NA,NA,NA,2408,135,5,1,3d4d37e7dcef36139698862d60d536450dfb480779ac0676046a82e065e8af0f,1026,0,11,3
1,6,0,1,4,0.19625461300000002,0.157197,0.020073000000000001,428793856,NA,NA,NA,NA,NA,NA,NA,NA,5833440,1882629,26625,512,0f41e20848de6408cce7b1c5f57f0212c9401233ca75c7b6652c8ea62bfcd43f,796,0,149,7
1,6,1,0,4,0.20289971300000001,0.163107,0.016635,428535808,NA,NA,NA,NA,NA,NA,NA,NA,5833440,1882629,26625,512,0f41e20848de6408cce7b1c5f57f0212c9401233ca75c7b6652c8ea62bfcd43f,795,0,179,6
1,6,0,0,5,0.43639320100000001,0.37595400000000001,0.039549999999999995,1023844352,NA,NA,NA,NA,NA,NA,NA,NA,11457352,5690734,153602,512,388033e7552b3b3255277a47381a62d5067155e67b74e663ad0ac019ed72fc50,1140,0,186,6
1,6,1,1,5,0.43600956200000002,0.36081199999999997,0.054465,1025871872,NA,NA,NA,NA,NA,NA,NA,NA,11457352,5690734,153602,512,388033e7552b3b3255277a47381a62d5067155e67b74e663ad0ac019ed72fc50,1627,0,168,6
1,6,0,0,1,0.055171314000000006,0.033578999999999998,0.010079999999999999,156274688,NA,NA,NA,NA,NA,NA,NA,NA,994016,407679,8197,1,76f10b65f44b546f736cef2848789238eb7a5f77ce08b564ccca55b5bdc08f36,1083,0,14,3
1,6,1,1,1,0.056165297000000003,0.041452999999999997,0.0031899999999999997,156512256,NA,NA,NA,NA,NA,NA,NA,NA,994016,407679,8197,1,76f10b65f44b546f736cef2848789238eb7a5f77ce08b564ccca55b5bdc08f36,1083,0,23,3
1,6,0,1,2,0.040615652000000002,0.02206,0.0073539999999999994,131407872,NA,NA,NA,NA,NA,NA,NA,NA,837856,318511,16385,4096,b4f737276339a7626b246c204b626e79f9d9ec0f1f160233a5aa1c27728af83f,626,0,24,2
1,6,1,0,2,0.040656918,0.029345999999999997,0,131530752,NA,NA,NA,NA,NA,NA,NA,NA,837856,318511,16385,4096,b4f737276339a7626b246c204b626e79f9d9ec0f1f160233a5aa1c27728af83f,630,0,26,3
1,7,0,1,3,0.059534229000000001,0.040925999999999997,0.0068349999999999999,179277824,NA,NA,NA,NA,NA,NA,NA,NA,1968568,2240463,32773,1,c491f4791a93a71124b9219b05e718490cf6bd1c68b1ec8fc6a6550e31f844b1,1124,0,63,3
1,7,1,0,3,0.059796931000000005,0.048046999999999999,0,181415936,NA,NA,NA,NA,NA,NA,NA,NA,1968568,2240463,32773,1,c491f4791a93a71124b9219b05e718490cf6bd1c68b1ec8fc6a6550e31f844b1,678,0,21,4
1,7,0,0,2,0.040654925000000001,0.026204999999999999,0.003271,131035136,NA,NA,NA,NA,NA,NA,NA,NA,837856,318511,16385,4096,b4f737276339a7626b246c204b626e79f9d9ec0f1f160233a5aa1c27728af83f,1066,0,19,6
1,7,1,1,2,0.040543987000000004,0.022064999999999998,0.0073529999999999993,131522560,NA,NA,NA,NA,NA,NA,NA,NA,837856,318511,16385,4096,b4f737276339a7626b246c204b626e79f9d9ec0f1f160233a5aa1c27728af83f,630,0,23,3
1,7,0,1,1,0.056199362000000003,0.028478,0.015813999999999998,156377088,NA,NA,NA,NA,NA,NA,NA,NA,994016,407679,8197,1,76f10b65f44b546f736cef2848789238eb7a5f77ce08b564ccca55b5bdc08f36,1109,0,24,4
1,7,1,0,1,0.055868151000000005,0.037492999999999999,0.0068049999999999994,156540928,NA,NA,NA,NA,NA,NA,NA,NA,994016,407679,8197,1,76f10b65f44b546f736cef2848789238eb7a5f77ce08b564ccca55b5bdc08f36,1123,0,47,3
1,7,0,0,0,0.019253194000000001,0.0042049999999999995,0.0041859999999999996,55570432,NA,NA,NA,NA,NA,NA,NA,NA,2408,135,5,1,3d4d37e7dcef36139698862d60d536450dfb480779ac0676046a82e065e8af0f,585,0,11,3
1,7,1,1,0,0.018886639,0.0040429999999999997,0.0040029999999999996,55361536,NA,NA,NA,NA,NA,NA,NA,NA,2408,135,5,1,3d4d37e7dcef36139698862d60d536450dfb480779ac0676046a82e065e8af0f,1031,0,11,3
1,7,0,1,5,0.44426049200000001,0.37183499999999997,0.043150000000000001,1025617920,NA,NA,NA,NA,NA,NA,NA,NA,11457352,5690734,153602,512,388033e7552b3b3255277a47381a62d5067155e67b74e663ad0ac019ed72fc50,1582,0,121,8
1,7,1,0,5,0.45566243500000003,0.37117099999999997,0.046399999999999997,1023533056,NA,NA,NA,NA,NA,NA,NA,NA,11457352,5690734,153602,512,388033e7552b3b3255277a47381a62d5067155e67b74e663ad0ac019ed72fc50,1579,0,48,9
1,7,0,0,4,0.19970332400000002,0.15717,0.023403,428376064,NA,NA,NA,NA,NA,NA,NA,NA,5833440,1882629,26625,512,0f41e20848de6408cce7b1c5f57f0212c9401233ca75c7b6652c8ea62bfcd43f,1239,0,167,5
1,7,1,1,4,0.19863735800000001,0.16259099999999999,0.016933999999999998,428806144,NA,NA,NA,NA,NA,NA,NA,NA,5833440,1882629,26625,512,0f41e20848de6408cce7b1c5f57f0212c9401233ca75c7b6652c8ea62bfcd43f,797,0,162,6
1,8,0,0,2,0.040931714000000001,0.026248,0.0032799999999999999,131448832,NA,NA,NA,NA,NA,NA,NA,NA,837856,318511,16385,4096,b4f737276339a7626b246c204b626e79f9d9ec0f1f160233a5aa1c27728af83f,626,0,27,3
1,8,1,1,2,0.040697727000000003,0.022918999999999998,0.006535,131452928,NA,NA,NA,NA,NA,NA,NA,NA,837856,318511,16385,4096,b4f737276339a7626b246c204b626e79f9d9ec0f1f160233a5aa1c27728af83f,627,0,17,2
1,8,0,1,1,0.055664899000000004,0.037407999999999997,0.0067919999999999994,156651520,NA,NA,NA,NA,NA,NA,NA,NA,994016,407679,8197,1,76f10b65f44b546f736cef2848789238eb7a5f77ce08b564ccca55b5bdc08f36,640,0,24,4
1,8,1,0,1,0.055287542000000002,0.037111999999999999,0.0067409999999999996,156643328,NA,NA,NA,NA,NA,NA,NA,NA,994016,407679,8197,1,76f10b65f44b546f736cef2848789238eb7a5f77ce08b564ccca55b5bdc08f36,642,0,21,3
1,8,0,0,0,0.018817960000000002,0.0040390000000000001,0.0040390000000000001,55197696,NA,NA,NA,NA,NA,NA,NA,NA,2408,135,5,1,3d4d37e7dcef36139698862d60d536450dfb480779ac0676046a82e065e8af0f,1033,0,12,3
1,8,1,1,0,0.019118842,0.0055239999999999994,0.0027589999999999997,55234560,NA,NA,NA,NA,NA,NA,NA,NA,2408,135,5,1,3d4d37e7dcef36139698862d60d536450dfb480779ac0676046a82e065e8af0f,1029,0,11,4
1,8,0,0,3,0.059552073000000004,0.047893999999999999,0,181354496,NA,NA,NA,NA,NA,NA,NA,NA,1968568,2240463,32773,1,c491f4791a93a71124b9219b05e718490cf6bd1c68b1ec8fc6a6550e31f844b1,1125,0,39,3
1,8,1,1,3,0.059557693000000002,0.044407999999999996,0.0034039999999999999,179003392,NA,NA,NA,NA,NA,NA,NA,NA,1968568,2240463,32773,1,c491f4791a93a71124b9219b05e718490cf6bd1c68b1ec8fc6a6550e31f844b1,1116,0,25,4
1,8,0,1,5,0.435847759,0.365838,0.049424999999999997,1025736704,NA,NA,NA,NA,NA,NA,NA,NA,11457352,5690734,153602,512,388033e7552b3b3255277a47381a62d5067155e67b74e663ad0ac019ed72fc50,1586,0,51,5
1,8,1,0,5,0.44467709200000005,0.362369,0.053151999999999998,1023643648,NA,NA,NA,NA,NA,NA,NA,NA,11457352,5690734,153602,512,388033e7552b3b3255277a47381a62d5067155e67b74e663ad0ac019ed72fc50,1583,0,220,9
1,8,0,0,4,0.198930516,0.16964499999999999,0.0099729999999999992,428576768,NA,NA,NA,NA,NA,NA,NA,NA,5833440,1882629,26625,512,0f41e20848de6408cce7b1c5f57f0212c9401233ca75c7b6652c8ea62bfcd43f,1279,0,176,5
1,8,1,1,4,0.20648899000000001,0.151867,0.026407999999999997,428789760,NA,NA,NA,NA,NA,NA,NA,NA,5833440,1882629,26625,512,0f41e20848de6408cce7b1c5f57f0212c9401233ca75c7b6652c8ea62bfcd43f,795,0,111,3
1,9,0,1,2,0.040824473999999999,0.025849999999999998,0.0036939999999999998,131182592,NA,NA,NA,NA,NA,NA,NA,NA,837856,318511,16385,4096,b4f737276339a7626b246c204b626e79f9d9ec0f1f160233a5aa1c27728af83f,1093,0,22,2
1,9,1,0,2,0.040417781,0.026015999999999997,0.003248,131338240,NA,NA,NA,NA,NA,NA,NA,NA,837856,318511,16385,4096,b4f737276339a7626b246c204b626e79f9d9ec0f1f160233a5aa1c27728af83f,623,0,21,3
1,9,0,1,4,0.19792020300000002,0.16056399999999998,0.017994,428433408,NA,NA,NA,NA,NA,NA,NA,NA,5833440,1882629,26625,512,0f41e20848de6408cce7b1c5f57f0212c9401233ca75c7b6652c8ea62bfcd43f,1240,0,120,7
1,9,1,0,4,0.19819499900000001,0.16214999999999999,0.016896999999999999,428318720,NA,NA,NA,NA,NA,NA,NA,NA,5833440,1882629,26625,512,0f41e20848de6408cce7b1c5f57f0212c9401233ca75c7b6652c8ea62bfcd43f,1235,0,172,5
1,9,0,1,3,0.059803254000000007,0.041217999999999998,0.0068690000000000001,179269632,NA,NA,NA,NA,NA,NA,NA,NA,1968568,2240463,32773,1,c491f4791a93a71124b9219b05e718490cf6bd1c68b1ec8fc6a6550e31f844b1,1123,0,52,3
1,9,1,0,3,0.059956831000000002,0.037960000000000001,0.010359,181280768,NA,NA,NA,NA,NA,NA,NA,NA,1968568,2240463,32773,1,c491f4791a93a71124b9219b05e718490cf6bd1c68b1ec8fc6a6550e31f844b1,1124,0,51,4
1,9,0,0,5,0.43739405600000003,0.383467,0.033646999999999996,1023889408,NA,NA,NA,NA,NA,NA,NA,NA,11457352,5690734,153602,512,388033e7552b3b3255277a47381a62d5067155e67b74e663ad0ac019ed72fc50,1141,0,120,6
1,9,1,1,5,0.43568057600000004,0.35460700000000001,0.059656000000000001,1025814528,NA,NA,NA,NA,NA,NA,NA,NA,11457352,5690734,153602,512,388033e7552b3b3255277a47381a62d5067155e67b74e663ad0ac019ed72fc50,1137,0,221,9
1,9,0,1,0,0.019615283000000001,0.0043270000000000001,0.0043299999999999996,55541760,NA,NA,NA,NA,NA,NA,NA,NA,2408,135,5,1,3d4d37e7dcef36139698862d60d536450dfb480779ac0676046a82e065e8af0f,585,0,10,3
1,9,1,0,0,0.019489749000000001,0.0056029999999999995,0.0027989999999999998,55107584,NA,NA,NA,NA,NA,NA,NA,NA,2408,135,5,1,3d4d37e7dcef36139698862d60d536450dfb480779ac0676046a82e065e8af0f,1027,0,9,3
1,9,0,0,1,0.054689471000000003,0.035900999999999995,0.007175,156827648,NA,NA,NA,NA,NA,NA,NA,NA,994016,407679,8197,1,76f10b65f44b546f736cef2848789238eb7a5f77ce08b564ccca55b5bdc08f36,642,0,37,4
1,9,1,1,1,0.055459445000000003,0.027094999999999998,0.01694,156688384,NA,NA,NA,NA,NA,NA,NA,NA,994016,407679,8197,1,76f10b65f44b546f736cef2848789238eb7a5f77ce08b564ccca55b5bdc08f36,632,0,16,4
1,10,0,1,3,0.064606754000000002,0.044706999999999997,0.0034399999999999999,179032064,NA,NA,NA,NA,NA,NA,NA,NA,1968568,2240463,32773,1,c491f4791a93a71124b9219b05e718490cf6bd1c68b1ec8fc6a6550e31f844b1,1119,0,39,3
1,10,1,0,3,0.059951020000000001,0.037739999999999996,0.010298,181497856,NA,NA,NA,NA,NA,NA,NA,NA,1968568,2240463,32773,1,c491f4791a93a71124b9219b05e718490cf6bd1c68b1ec8fc6a6550e31f844b1,673,0,65,4
1,10,0,1,0,0.018965907000000001,0.0055659999999999998,0.002784,55132160,NA,NA,NA,NA,NA,NA,NA,NA,2408,135,5,1,3d4d37e7dcef36139698862d60d536450dfb480779ac0676046a82e065e8af0f,1065,0,12,3
1,10,1,0,0,0.018744262000000001,0.0026769999999999997,0.0053559999999999997,55504896,NA,NA,NA,NA,NA,NA,NA,NA,2408,135,5,1,3d4d37e7dcef36139698862d60d536450dfb480779ac0676046a82e065e8af0f,1030,0,11,4
1,10,0,1,2,0.044403017000000003,0.019563000000000001,0.0098009999999999989,131452928,NA,NA,NA,NA,NA,NA,NA,NA,837856,318511,16385,4096,b4f737276339a7626b246c204b626e79f9d9ec0f1f160233a5aa1c27728af83f,627,0,25,4
1,10,1,0,2,0.040334565000000003,0.029375999999999999,0,131186688,NA,NA,NA,NA,NA,NA,NA,NA,837856,318511,16385,4096,b4f737276339a7626b246c204b626e79f9d9ec0f1f160233a5aa1c27728af83f,1069,0,19,3
1,10,0,1,4,0.19899863400000001,0.16950299999999999,0.010175,428503040,NA,NA,NA,NA,NA,NA,NA,NA,5833440,1882629,26625,512,0f41e20848de6408cce7b1c5f57f0212c9401233ca75c7b6652c8ea62bfcd43f,1242,0,101,5
1,10,1,0,4,0.19911724700000002,0.163217,0.016649000000000001,428466176,NA,NA,NA,NA,NA,NA,NA,NA,5833440,1882629,26625,512,0f41e20848de6408cce7b1c5f57f0212c9401233ca75c7b6652c8ea62bfcd43f,1238,0,120,9
1,10,0,1,5,0.43630130900000003,0.37542199999999998,0.040202000000000002,1025908736,NA,NA,NA,NA,NA,NA,NA,NA,11457352,5690734,153602,512,388033e7552b3b3255277a47381a62d5067155e67b74e663ad0ac019ed72fc50,1628,0,76,5
1,10,1,0,5,0.43495483500000004,0.354709,0.059642000000000001,1023832064,NA,NA,NA,NA,NA,NA,NA,NA,11457352,5690734,153602,512,388033e7552b3b3255277a47381a62d5067155e67b74e663ad0ac019ed72fc50,1141,0,77,5
1,10,0,0,1,0.055164020000000001,0.040320999999999996,0.0033609999999999998,156446720,NA,NA,NA,NA,NA,NA,NA,NA,994016,407679,8197,1,76f10b65f44b546f736cef2848789238eb7a5f77ce08b564ccca55b5bdc08f36,1080,0,33,4
1,10,1,1,1,0.055732696000000005,0.037384000000000001,0.0067840000000000001,156516352,NA,NA,NA,NA,NA,NA,NA,NA,994016,407679,8197,1,76f10b65f44b546f736cef2848789238eb7a5f77ce08b564ccca55b5bdc08f36,1085,0,20,3
1,11,0,0,5,0.43642642400000003,0.36568899999999999,0.049880999999999995,1023602688,NA,NA,NA,NA,NA,NA,NA,NA,11457352,5690734,153602,512,388033e7552b3b3255277a47381a62d5067155e67b74e663ad0ac019ed72fc50,1581,0,237,5
1,11,1,1,5,0.43695831000000002,0.37034099999999998,0.046246999999999996,1025679360,NA,NA,NA,NA,NA,NA,NA,NA,11457352,5690734,153602,512,388033e7552b3b3255277a47381a62d5067155e67b74e663ad0ac019ed72fc50,1582,0,232,6
1,11,0,1,1,0.055564341000000003,0.040805999999999995,0.003398,156340224,NA,NA,NA,NA,NA,NA,NA,NA,994016,407679,8197,1,76f10b65f44b546f736cef2848789238eb7a5f77ce08b564ccca55b5bdc08f36,1082,0,21,3
1,11,1,0,1,0.055309544000000002,0.034486999999999997,0.0094079999999999997,156291072,NA,NA,NA,NA,NA,NA,NA,NA,994016,407679,8197,1,76f10b65f44b546f736cef2848789238eb7a5f77ce08b564ccca55b5bdc08f36,1082,0,19,4
1,11,0,0,2,0.040707303,0.017735999999999998,0.011826999999999999,131428352,NA,NA,NA,NA,NA,NA,NA,NA,837856,318511,16385,4096,b4f737276339a7626b246c204b626e79f9d9ec0f1f160233a5aa1c27728af83f,630,0,21,3
1,11,1,1,2,0.040923298000000004,0.020749999999999998,0.0088760000000000002,131325952,NA,NA,NA,NA,NA,NA,NA,NA,837856,318511,16385,4096,b4f737276339a7626b246c204b626e79f9d9ec0f1f160233a5aa1c27728af83f,1073,0,26,5
1,11,0,0,0,0.018752006000000002,0.002689,0.0054019999999999997,55324672,NA,NA,NA,NA,NA,NA,NA,NA,2408,135,5,1,3d4d37e7dcef36139698862d60d536450dfb480779ac0676046a82e065e8af0f,583,0,11,4
1,11,1,1,0,0.019449391,0.004267,0.0042699999999999995,55422976,NA,NA,NA,NA,NA,NA,NA,NA,2408,135,5,1,3d4d37e7dcef36139698862d60d536450dfb480779ac0676046a82e065e8af0f,1046,0,11,3
1,11,0,0,4,0.199563242,0.16351099999999999,0.016681999999999999,428339200,NA,NA,NA,NA,NA,NA,NA,NA,5833440,1882629,26625,512,0f41e20848de6408cce7b1c5f57f0212c9401233ca75c7b6652c8ea62bfcd43f,1235,0,158,6
1,11,1,1,4,0.19808582300000002,0.14910499999999999,0.029821,428339200,NA,NA,NA,NA,NA,NA,NA,NA,5833440,1882629,26625,512,0f41e20848de6408cce7b1c5f57f0212c9401233ca75c7b6652c8ea62bfcd43f,1237,0,167,3
1,11,0,0,3,0.060336242000000005,0.038858999999999998,0.0097009999999999996,181186560,NA,NA,NA,NA,NA,NA,NA,NA,1968568,2240463,32773,1,c491f4791a93a71124b9219b05e718490cf6bd1c68b1ec8fc6a6550e31f844b1,1122,0,42,3
1,11,1,1,3,0.058714734000000005,0.041152999999999995,0.0063309999999999998,179531776,NA,NA,NA,NA,NA,NA,NA,NA,1968568,2240463,32773,1,c491f4791a93a71124b9219b05e718490cf6bd1c68b1ec8fc6a6550e31f844b1,674,0,45,4
1,12,0,1,4,0.19807627500000002,0.16206699999999999,0.016532999999999999,428462080,NA,NA,NA,NA,NA,NA,NA,NA,5833440,1882629,26625,512,0f41e20848de6408cce7b1c5f57f0212c9401233ca75c7b6652c8ea62bfcd43f,1240,0,77,7
1,12,1,0,4,0.19912394800000002,0.15995299999999998,0.019990999999999998,428453888,NA,NA,NA,NA,NA,NA,NA,NA,5833440,1882629,26625,512,0f41e20848de6408cce7b1c5f57f0212c9401233ca75c7b6652c8ea62bfcd43f,1237,0,126,6
1,12,0,1,5,0.44797236800000001,0.371558,0.043529999999999999,1025732608,NA,NA,NA,NA,NA,NA,NA,NA,11457352,5690734,153602,512,388033e7552b3b3255277a47381a62d5067155e67b74e663ad0ac019ed72fc50,1586,0,161,5
1,12,1,0,5,0.43607407300000001,0.37875599999999998,0.036528999999999999,1023729664,NA,NA,NA,NA,NA,NA,NA,NA,11457352,5690734,153602,512,388033e7552b3b3255277a47381a62d5067155e67b74e663ad0ac019ed72fc50,1620,0,72,8
1,12,0,0,1,0.055077940000000006,0.033741,0.010119999999999999,156450816,NA,NA,NA,NA,NA,NA,NA,NA,994016,407679,8197,1,76f10b65f44b546f736cef2848789238eb7a5f77ce08b564ccca55b5bdc08f36,1083,0,20,4
1,12,1,1,1,0.056077082,0.037676999999999995,0.0068389999999999996,156553216,NA,NA,NA,NA,NA,NA,NA,NA,994016,407679,8197,1,76f10b65f44b546f736cef2848789238eb7a5f77ce08b564ccca55b5bdc08f36,1087,0,44,4
1,12,0,1,0,0.01864151,0.0026899999999999997,0.0053790000000000001,55369728,NA,NA,NA,NA,NA,NA,NA,NA,2408,135,5,1,3d4d37e7dcef36139698862d60d536450dfb480779ac0676046a82e065e8af0f,1029,0,13,2
1,12,1,0,0,0.018888701000000001,0.0027299999999999998,0.0054580000000000002,55099392,NA,NA,NA,NA,NA,NA,NA,NA,2408,135,5,1,3d4d37e7dcef36139698862d60d536450dfb480779ac0676046a82e065e8af0f,1027,0,11,3
1,12,0,1,3,0.059484526000000003,0.038171999999999998,0.0095319999999999988,179068928,NA,NA,NA,NA,NA,NA,NA,NA,1968568,2240463,32773,1,c491f4791a93a71124b9219b05e718490cf6bd1c68b1ec8fc6a6550e31f844b1,1119,0,70,5
1,12,1,0,3,0.059950570000000002,0.037964999999999999,0.010357,181190656,NA,NA,NA,NA,NA,NA,NA,NA,1968568,2240463,32773,1,c491f4791a93a71124b9219b05e718490cf6bd1c68b1ec8fc6a6550e31f844b1,1124,0,50,2
1,12,0,1,2,0.040778056,0.019869999999999999,0.0099360000000000004,131149824,NA,NA,NA,NA,NA,NA,NA,NA,837856,318511,16385,4096,b4f737276339a7626b246c204b626e79f9d9ec0f1f160233a5aa1c27728af83f,1071,0,45,2
1,12,1,0,2,0.040821117000000004,0.026374999999999999,0.00329,131231744,NA,NA,NA,NA,NA,NA,NA,NA,837856,318511,16385,4096,b4f737276339a7626b246c204b626e79f9d9ec0f1f160233a5aa1c27728af83f,1067,0,29,2
1,13,0,0,0,0.018608696000000001,0.0040159999999999996,0.0040209999999999994,55623680,NA,NA,NA,NA,NA,NA,NA,NA,2408,135,5,1,3d4d37e7dcef36139698862d60d536450dfb480779ac0676046a82e065e8af0f,585,0,12,4
1,13,1,1,0,0.01894624,0.0083249999999999991,0,54980608,NA,NA,NA,NA,NA,NA,NA,NA,2408,135,5,1,3d4d37e7dcef36139698862d60d536450dfb480779ac0676046a82e065e8af0f,1024,0,10,3
1,13,0,0,3,0.059535141000000007,0.047875000000000001,0,181354496,NA,NA,NA,NA,NA,NA,NA,NA,1968568,2240463,32773,1,c491f4791a93a71124b9219b05e718490cf6bd1c68b1ec8fc6a6550e31f844b1,1123,0,37,6
1,13,1,1,3,0.059256750000000004,0.034923999999999997,0.012697,179273728,NA,NA,NA,NA,NA,NA,NA,NA,1968568,2240463,32773,1,c491f4791a93a71124b9219b05e718490cf6bd1c68b1ec8fc6a6550e31f844b1,1123,0,34,3
1,13,0,0,5,0.436002679,0.381716,0.033492000000000001,1023455232,NA,NA,NA,NA,NA,NA,NA,NA,11457352,5690734,153602,512,388033e7552b3b3255277a47381a62d5067155e67b74e663ad0ac019ed72fc50,1577,0,248,6
1,13,1,1,5,0.43783573400000003,0.36104599999999998,0.056281999999999999,1025728512,NA,NA,NA,NA,NA,NA,NA,NA,11457352,5690734,153602,512,388033e7552b3b3255277a47381a62d5067155e67b74e663ad0ac019ed72fc50,1584,0,36,6
1,13,0,0,4,0.19837518600000001,0.165687,0.013529999999999999,428531712,NA,NA,NA,NA,NA,NA,NA,NA,5833440,1882629,26625,512,0f41e20848de6408cce7b1c5f57f0212c9401233ca75c7b6652c8ea62bfcd43f,792,0,99,4
1,13,1,1,4,0.19848046400000002,0.152119,0.027046999999999998,428265472,NA,NA,NA,NA,NA,NA,NA,NA,5833440,1882629,26625,512,0f41e20848de6408cce7b1c5f57f0212c9401233ca75c7b6652c8ea62bfcd43f,1236,0,174,5
1,13,0,0,2,0.040414625000000003,0.029248999999999997,0,131399680,NA,NA,NA,NA,NA,NA,NA,NA,837856,318511,16385,4096,b4f737276339a7626b246c204b626e79f9d9ec0f1f160233a5aa1c27728af83f,629,0,32,2
1,13,1,1,2,0.040900947,0.022317999999999998,0.0074469999999999996,131158016,NA,NA,NA,NA,NA,NA,NA,NA,837856,318511,16385,4096,b4f737276339a7626b246c204b626e79f9d9ec0f1f160233a5aa1c27728af83f,1069,0,25,3
1,13,0,1,1,0.055598836000000006,0.030462999999999997,0.013542,156749824,NA,NA,NA,NA,NA,NA,NA,NA,994016,407679,8197,1,76f10b65f44b546f736cef2848789238eb7a5f77ce08b564ccca55b5bdc08f36,635,0,33,4
1,13,1,0,1,0.055238530000000001,0.037010999999999995,0.0067349999999999997,156303360,NA,NA,NA,NA,NA,NA,NA,NA,994016,407679,8197,1,76f10b65f44b546f736cef2848789238eb7a5f77ce08b564ccca55b5bdc08f36,1082,0,21,5
1,14,0,0,5,0.44260850600000001,0.36106899999999997,0.053016000000000001,1023660032,NA,NA,NA,NA,NA,NA,NA,NA,11457352,5690734,153602,512,388033e7552b3b3255277a47381a62d5067155e67b74e663ad0ac019ed72fc50,1582,0,229,5
1,14,1,1,5,0.44301707200000001,0.38696900000000001,0.030025999999999997,1025675264,NA,NA,NA,NA,NA,NA,NA,NA,11457352,5690734,153602,512,388033e7552b3b3255277a47381a62d5067155e67b74e663ad0ac019ed72fc50,1582,0,176,7
1,14,0,0,3,0.06970377400000001,0.036074999999999996,0.012036999999999999,181612544,NA,NA,NA,NA,NA,NA,NA,NA,1968568,2240463,32773,1,c491f4791a93a71124b9219b05e718490cf6bd1c68b1ec8fc6a6550e31f844b1,680,0,29,5
1,14,1,1,3,0.06925363100000001,0.035068999999999996,0.012758,179363840,NA,NA,NA,NA,NA,NA,NA,NA,1968568,2240463,32773,1,c491f4791a93a71124b9219b05e718490cf6bd1c68b1ec8fc6a6550e31f844b1,1151,0,28,3
1,14,0,0,0,0.018687003000000001,0.0054019999999999997,0.0027049999999999999,55353344,NA,NA,NA,NA,NA,NA,NA,NA,2408,135,5,1,3d4d37e7dcef36139698862d60d536450dfb480779ac0676046a82e065e8af0f,1053,0,11,3
1,14,1,1,0,0.019155252000000001,0.005476,0.0027329999999999998,55328768,NA,NA,NA,NA,NA,NA,NA,NA,2408,135,5,1,3d4d37e7dcef36139698862d60d536450dfb480779ac0676046a82e065e8af0f,581,0,10,3
1,14,0,1,2,0.040196496000000005,0.028898,0,131231744,NA,NA,NA,NA,NA,NA,NA,NA,837856,318511,16385,4096,b4f737276339a7626b246c204b626e79f9d9ec0f1f160233a5aa1c27728af83f,626,0,27,3
1,14,1,0,2,0.040782155,0.026297999999999998,0.0032849999999999997,131072000,NA,NA,NA,NA,NA,NA,NA,NA,837856,318511,16385,4096,b4f737276339a7626b246c204b626e79f9d9ec0f1f160233a5aa1c27728af83f,1072,0,28,3
1,14,0,0,1,0.060370676000000005,0.037204999999999995,0.0067459999999999994,156172288,NA,NA,NA,NA,NA,NA,NA,NA,994016,407679,8197,1,76f10b65f44b546f736cef2848789238eb7a5f77ce08b564ccca55b5bdc08f36,1077,0,16,4
1,14,1,1,1,0.054786504000000007,0.036056999999999999,0.0071969999999999994,156409856,NA,NA,NA,NA,NA,NA,NA,NA,994016,407679,8197,1,76f10b65f44b546f736cef2848789238eb7a5f77ce08b564ccca55b5bdc08f36,1082,0,44,3
1,14,0,0,4,0.19846325100000001,0.158832,0.020258999999999999,428302336,NA,NA,NA,NA,NA,NA,NA,NA,5833440,1882629,26625,512,0f41e20848de6408cce7b1c5f57f0212c9401233ca75c7b6652c8ea62bfcd43f,1235,0,179,5
1,14,1,1,4,0.19024334900000001,0.158942,0.019878,428625920,NA,NA,NA,NA,NA,NA,NA,NA,5833440,1882629,26625,512,0f41e20848de6408cce7b1c5f57f0212c9401233ca75c7b6652c8ea62bfcd43f,798,0,76,8
1,15,0,1,5,0.43704793700000005,0.38003699999999996,0.036679999999999997,1025646592,NA,NA,NA,NA,NA,NA,NA,NA,11457352,5690734,153602,512,388033e7552b3b3255277a47381a62d5067155e67b74e663ad0ac019ed72fc50,1582,0,104,5
1,15,1,0,5,0.42815731900000004,0.36933099999999996,0.046552999999999997,1023488000,NA,NA,NA,NA,NA,NA,NA,NA,11457352,5690734,153602,512,388033e7552b3b3255277a47381a62d5067155e67b74e663ad0ac019ed72fc50,1581,0,162,6
1,15,0,1,3,0.063792909000000009,0.035428000000000001,0.012895,179142656,NA,NA,NA,NA,NA,NA,NA,NA,1968568,2240463,32773,1,c491f4791a93a71124b9219b05e718490cf6bd1c68b1ec8fc6a6550e31f844b1,1122,0,38,5
1,15,1,0,3,0.060594526000000003,0.038398999999999996,0.010477,181178368,NA,NA,NA,NA,NA,NA,NA,NA,1968568,2240463,32773,1,c491f4791a93a71124b9219b05e718490cf6bd1c68b1ec8fc6a6550e31f844b1,1121,0,60,3
1,15,0,1,1,0.055477850000000002,0.033758999999999997,0.010140999999999999,156262400,NA,NA,NA,NA,NA,NA,NA,NA,994016,407679,8197,1,76f10b65f44b546f736cef2848789238eb7a5f77ce08b564ccca55b5bdc08f36,1081,0,39,5
1,15,1,0,1,0.055388471000000002,0.037461999999999995,0.0067889999999999999,156352512,NA,NA,NA,NA,NA,NA,NA,NA,994016,407679,8197,1,76f10b65f44b546f736cef2848789238eb7a5f77ce08b564ccca55b5bdc08f36,1082,0,30,3
1,15,0,1,4,0.19747469000000001,0.16158500000000001,0.016836999999999998,428371968,NA,NA,NA,NA,NA,NA,NA,NA,5833440,1882629,26625,512,0f41e20848de6408cce7b1c5f57f0212c9401233ca75c7b6652c8ea62bfcd43f,1237,0,155,5
1,15,1,0,4,0.20339098400000002,0.16194,0.016867999999999998,428810240,NA,NA,NA,NA,NA,NA,NA,NA,5833440,1882629,26625,512,0f41e20848de6408cce7b1c5f57f0212c9401233ca75c7b6652c8ea62bfcd43f,794,0,192,4
1,15,0,0,2,0.040430825000000004,0.022765000000000001,0.0065069999999999998,131334144,NA,NA,NA,NA,NA,NA,NA,NA,837856,318511,16385,4096,b4f737276339a7626b246c204b626e79f9d9ec0f1f160233a5aa1c27728af83f,627,0,23,3
1,15,1,1,2,0.040363428999999999,0.022745999999999999,0.0064989999999999996,131371008,NA,NA,NA,NA,NA,NA,NA,NA,837856,318511,16385,4096,b4f737276339a7626b246c204b626e79f9d9ec0f1f160233a5aa1c27728af83f,628,0,22,2
1,15,0,1,0,0.019031589000000002,0.0055899999999999995,0.002784,55627776,NA,NA,NA,NA,NA,NA,NA,NA,2408,135,5,1,3d4d37e7dcef36139698862d60d536450dfb480779ac0676046a82e065e8af0f,580,0,12,2
1,15,1,0,0,0.018606654,0.0080210000000000004,0,55304192,NA,NA,NA,NA,NA,NA,NA,NA,2408,135,5,1,3d4d37e7dcef36139698862d60d536450dfb480779ac0676046a82e065e8af0f,1031,0,12,2
1,16,0,1,0,0.01993876,0.0027589999999999997,0.0055030000000000001,55263232,NA,NA,NA,NA,NA,NA,NA,NA,2408,135,5,1,3d4d37e7dcef36139698862d60d536450dfb480779ac0676046a82e065e8af0f,1028,0,11,3
1,16,1,0,0,0.019512269000000002,0.008369999999999999,0,55054336,NA,NA,NA,NA,NA,NA,NA,NA,2408,135,5,1,3d4d37e7dcef36139698862d60d536450dfb480779ac0676046a82e065e8af0f,1024,0,9,3
1,16,0,1,4,0.20428312600000001,0.15915399999999999,0.020329,428339200,NA,NA,NA,NA,NA,NA,NA,NA,5833440,1882629,26625,512,0f41e20848de6408cce7b1c5f57f0212c9401233ca75c7b6652c8ea62bfcd43f,1238,0,141,8
1,16,1,0,4,0.20398976700000002,0.165661,0.013526,428568576,NA,NA,NA,NA,NA,NA,NA,NA,5833440,1882629,26625,512,0f41e20848de6408cce7b1c5f57f0212c9401233ca75c7b6652c8ea62bfcd43f,795,0,164,4
1,16,0,0,5,0.43632378000000005,0.38256299999999999,0.033271999999999996,1023873024,NA,NA,NA,NA,NA,NA,NA,NA,11457352,5690734,153602,512,388033e7552b3b3255277a47381a62d5067155e67b74e663ad0ac019ed72fc50,1140,0,177,4
1,16,1,1,5,0.43571266500000005,0.38881199999999999,0.026343999999999999,1025822720,NA,NA,NA,NA,NA,NA,NA,NA,11457352,5690734,153602,512,388033e7552b3b3255277a47381a62d5067155e67b74e663ad0ac019ed72fc50,1588,0,174,6
1,16,0,0,3,0.060032222000000003,0.041887999999999995,0.0064379999999999993,181346304,NA,NA,NA,NA,NA,NA,NA,NA,1968568,2240463,32773,1,c491f4791a93a71124b9219b05e718490cf6bd1c68b1ec8fc6a6550e31f844b1,1123,0,35,3
1,16,1,1,3,0.059935952000000001,0.044900999999999996,0.0032109999999999999,179650560,NA,NA,NA,NA,NA,NA,NA,NA,1968568,2240463,32773,1,c491f4791a93a71124b9219b05e718490cf6bd1c68b1ec8fc6a6550e31f844b1,679,0,32,4
1,16,0,0,2,0.040938897000000002,0.023153999999999997,0.0066229999999999995,131235840,NA,NA,NA,NA,NA,NA,NA,NA,837856,318511,16385,4096,b4f737276339a7626b246c204b626e79f9d9ec0f1f160233a5aa1c27728af83f,1070,0,27,3
1,16,1,1,2,0.040769540999999999,0.022987999999999998,0.0065729999999999998,131260416,NA,NA,NA,NA,NA,NA,NA,NA,837856,318511,16385,4096,b4f737276339a7626b246c204b626e79f9d9ec0f1f160233a5aa1c27728af83f,624,0,20,3
1,16,0,1,1,0.055466938,0.037082999999999998,0.0067479999999999997,156700672,NA,NA,NA,NA,NA,NA,NA,NA,994016,407679,8197,1,76f10b65f44b546f736cef2848789238eb7a5f77ce08b564ccca55b5bdc08f36,642,0,40,4
1,16,1,0,1,0.054808726000000002,0.034061999999999995,0.0092839999999999989,156442624,NA,NA,NA,NA,NA,NA,NA,NA,994016,407679,8197,1,76f10b65f44b546f736cef2848789238eb7a5f77ce08b564ccca55b5bdc08f36,1082,0,32,3
1,17,0,1,5,0.43581470700000002,0.348439,0.066362999999999991,1025671168,NA,NA,NA,NA,NA,NA,NA,NA,11457352,5690734,153602,512,388033e7552b3b3255277a47381a62d5067155e67b74e663ad0ac019ed72fc50,1582,0,265,6
1,17,1,0,5,0.44445165900000005,0.38534999999999997,0.030157999999999997,1023676416,NA,NA,NA,NA,NA,NA,NA,NA,11457352,5690734,153602,512,388033e7552b3b3255277a47381a62d5067155e67b74e663ad0ac019ed72fc50,1585,0,179,5
1,17,0,1,3,0.059528178000000001,0.034436000000000001,0.013781999999999999,179032064,NA,NA,NA,NA,NA,NA,NA,NA,1968568,2240463,32773,1,c491f4791a93a71124b9219b05e718490cf6bd1c68b1ec8fc6a6550e31f844b1,1120,0,51,4
1,17,1,0,3,0.059957583000000002,0.038549,0.0096429999999999988,181325824,NA,NA,NA,NA,NA,NA,NA,NA,1968568,2240463,32773,1,c491f4791a93a71124b9219b05e718490cf6bd1c68b1ec8fc6a6550e31f844b1,1122,0,45,4
1,17,0,0,1,0.055642087000000007,0.033940999999999999,0.010166999999999999,156712960,NA,NA,NA,NA,NA,NA,NA,NA,994016,407679,8197,1,76f10b65f44b546f736cef2848789238eb7a5f77ce08b564ccca55b5bdc08f36,641,0,24,3
1,17,1,1,1,0.055092678000000006,0.036255999999999997,0.0072449999999999997,156659712,NA,NA,NA,NA,NA,NA,NA,NA,994016,407679,8197,1,76f10b65f44b546f736cef2848789238eb7a5f77ce08b564ccca55b5bdc08f36,640,0,21,5
1,17,0,0,4,0.19723372700000003,0.16478999999999999,0.013448999999999999,428720128,NA,NA,NA,NA,NA,NA,NA,NA,5833440,1882629,26625,512,0f41e20848de6408cce7b1c5f57f0212c9401233ca75c7b6652c8ea62bfcd43f,790,0,160,5
1,17,1,1,4,0.19824277700000001,0.16875799999999999,0.010126,428417024,NA,NA,NA,NA,NA,NA,NA,NA,5833440,1882629,26625,512,0f41e20848de6408cce7b1c5f57f0212c9401233ca75c7b6652c8ea62bfcd43f,1237,0,168,7
1,17,0,0,0,0.019015499000000002,0.0055449999999999996,0.002771,55525376,NA,NA,NA,NA,NA,NA,NA,NA,2408,135,5,1,3d4d37e7dcef36139698862d60d536450dfb480779ac0676046a82e065e8af0f,579,0,10,2
1,17,1,1,0,0.019952154,0.0027949999999999997,0.0055789999999999998,55345152,NA,NA,NA,NA,NA,NA,NA,NA,2408,135,5,1,3d4d37e7dcef36139698862d60d536450dfb480779ac0676046a82e065e8af0f,1029,0,11,3
1,17,0,1,2,0.040816409000000005,0.029585999999999998,0,131158016,NA,NA,NA,NA,NA,NA,NA,NA,837856,318511,16385,4096,b4f737276339a7626b246c204b626e79f9d9ec0f1f160233a5aa1c27728af83f,1074,0,26,4
1,17,1,0,2,0.040428570000000004,0.025654999999999997,0.0036669999999999997,131145728,NA,NA,NA,NA,NA,NA,NA,NA,837856,318511,16385,4096,b4f737276339a7626b246c204b626e79f9d9ec0f1f160233a5aa1c27728af83f,1070,0,17,3
1,18,0,0,4,0.19809169500000001,0.16898099999999999,0.010140999999999999,428793856,NA,NA,NA,NA,NA,NA,NA,NA,5833440,1882629,26625,512,0f41e20848de6408cce7b1c5f57f0212c9401233ca75c7b6652c8ea62bfcd43f,798,0,140,4
1,18,1,1,4,0.19779946700000001,0.16534799999999999,0.013498,428494848,NA,NA,NA,NA,NA,NA,NA,NA,5833440,1882629,26625,512,0f41e20848de6408cce7b1c5f57f0212c9401233ca75c7b6652c8ea62bfcd43f,1246,0,189,4
1,18,0,0,2,0.040393235,0.021812999999999999,0.0072689999999999994,131325952,NA,NA,NA,NA,NA,NA,NA,NA,837856,318511,16385,4096,b4f737276339a7626b246c204b626e79f9d9ec0f1f160233a5aa1c27728af83f,626,0,31,2
1,18,1,1,2,0.040720618,0.026338,0.003287,131567616,NA,NA,NA,NA,NA,NA,NA,NA,837856,318511,16385,4096,b4f737276339a7626b246c204b626e79f9d9ec0f1f160233a5aa1c27728af83f,629,0,27,2
1,18,0,0,1,0.055343287000000005,0.043784999999999998,0,156368896,NA,NA,NA,NA,NA,NA,NA,NA,994016,407679,8197,1,76f10b65f44b546f736cef2848789238eb7a5f77ce08b564ccca55b5bdc08f36,1083,0,45,4
1,18,1,1,1,0.054925513000000002,0.033416999999999995,0.010029,156413952,NA,NA,NA,NA,NA,NA,NA,NA,994016,407679,8197,1,76f10b65f44b546f736cef2848789238eb7a5f77ce08b564ccca55b5bdc08f36,1103,0,40,4
1,18,0,0,5,0.43548065000000002,0.36099100000000001,0.053989999999999996,1023565824,NA,NA,NA,NA,NA,NA,NA,NA,11457352,5690734,153602,512,388033e7552b3b3255277a47381a62d5067155e67b74e663ad0ac019ed72fc50,1582,0,198,7
1,18,1,1,5,0.43645490600000003,0.37213999999999997,0.043589999999999997,1026023424,NA,NA,NA,NA,NA,NA,NA,NA,11457352,5690734,153602,512,388033e7552b3b3255277a47381a62d5067155e67b74e663ad0ac019ed72fc50,1139,0,169,6
1,18,0,1,0,0.019105308000000001,0.0042230000000000002,0.0042249999999999996,55504896,NA,NA,NA,NA,NA,NA,NA,NA,2408,135,5,1,3d4d37e7dcef36139698862d60d536450dfb480779ac0676046a82e065e8af0f,584,0,12,3
1,18,1,0,0,0.019949448000000002,0.0083309999999999999,0,55250944,NA,NA,NA,NA,NA,NA,NA,NA,2408,135,5,1,3d4d37e7dcef36139698862d60d536450dfb480779ac0676046a82e065e8af0f,1028,0,10,3
1,18,0,0,3,0.059957522000000006,0.037874999999999999,0.010343,181284864,NA,NA,NA,NA,NA,NA,NA,NA,1968568,2240463,32773,1,c491f4791a93a71124b9219b05e718490cf6bd1c68b1ec8fc6a6550e31f844b1,1123,0,33,4
1,18,1,1,3,0.058876046000000001,0.047509999999999997,0,179490816,NA,NA,NA,NA,NA,NA,NA,NA,1968568,2240463,32773,1,c491f4791a93a71124b9219b05e718490cf6bd1c68b1ec8fc6a6550e31f844b1,682,0,49,4
1,19,0,1,4,0.19772582000000002,0.164858,0.013458999999999999,428490752,NA,NA,NA,NA,NA,NA,NA,NA,5833440,1882629,26625,512,0f41e20848de6408cce7b1c5f57f0212c9401233ca75c7b6652c8ea62bfcd43f,1240,0,177,6
1,19,1,0,4,0.19888484100000001,0.16268099999999999,0.01694,428728320,NA,NA,NA,NA,NA,NA,NA,NA,5833440,1882629,26625,512,0f41e20848de6408cce7b1c5f57f0212c9401233ca75c7b6652c8ea62bfcd43f,797,0,172,4
1,19,0,1,2,0.040704949000000004,0.023113999999999999,0.0066119999999999998,130977792,NA,NA,NA,NA,NA,NA,NA,NA,837856,318511,16385,4096,b4f737276339a7626b246c204b626e79f9d9ec0f1f160233a5aa1c27728af83f,1066,0,19,2
1,19,1,0,2,0.040348530000000001,0.026086999999999999,0.0032619999999999997,131510272,NA,NA,NA,NA,NA,NA,NA,NA,837856,318511,16385,4096,b4f737276339a7626b246c204b626e79f9d9ec0f1f160233a5aa1c27728af83f,629,0,18,3
1,19,0,1,5,0.43447322300000002,0.33367399999999997,0.080074999999999993,1025867776,NA,NA,NA,NA,NA,NA,NA,NA,11457352,5690734,153602,512,388033e7552b3b3255277a47381a62d5067155e67b74e663ad0ac019ed72fc50,1601,0,95,6
1,19,1,0,5,0.43697938900000005,0.39330299999999996,0.023333,1023827968,NA,NA,NA,NA,NA,NA,NA,NA,11457352,5690734,153602,512,388033e7552b3b3255277a47381a62d5067155e67b74e663ad0ac019ed72fc50,1586,0,192,6
1,19,0,0,0,0.019010349000000003,0.0055659999999999998,0.002784,55037952,NA,NA,NA,NA,NA,NA,NA,NA,2408,135,5,1,3d4d37e7dcef36139698862d60d536450dfb480779ac0676046a82e065e8af0f,1026,0,12,3
1,19,1,1,0,0.018330956000000002,0.0039220000000000001,0.0039429999999999995,55382016,NA,NA,NA,NA,NA,NA,NA,NA,2408,135,5,1,3d4d37e7dcef36139698862d60d536450dfb480779ac0676046a82e065e8af0f,1030,0,12,3
1,19,0,1,3,0.060175291000000006,0.038787999999999996,0.0096889999999999997,179511296,NA,NA,NA,NA,NA,NA,NA,NA,1968568,2240463,32773,1,c491f4791a93a71124b9219b05e718490cf6bd1c68b1ec8fc6a6550e31f844b1,679,0,54,5
1,19,1,0,3,0.060056649000000004,0.039536999999999996,0.0091229999999999992,181403648,NA,NA,NA,NA,NA,NA,NA,NA,1968568,2240463,32773,1,c491f4791a93a71124b9219b05e718490cf6bd1c68b1ec8fc6a6550e31f844b1,1127,0,43,4
1,19,0,1,1,0.055532071000000002,0.037679999999999998,0.0062740000000000001,156139520,NA,NA,NA,NA,NA,NA,NA,NA,994016,407679,8197,1,76f10b65f44b546f736cef2848789238eb7a5f77ce08b564ccca55b5bdc08f36,1077,0,24,4
1,19,1,0,1,0.055330273000000006,0.040424000000000002,0.0033699999999999997,156332032,NA,NA,NA,NA,NA,NA,NA,NA,994016,407679,8197,1,76f10b65f44b546f736cef2848789238eb7a5f77ce08b564ccca55b5bdc08f36,1081,0,18,3
1,20,0,1,4,0.19860712000000003,0.169654,0.009979,428404736,NA,NA,NA,NA,NA,NA,NA,NA,5833440,1882629,26625,512,0f41e20848de6408cce7b1c5f57f0212c9401233ca75c7b6652c8ea62bfcd43f,1237,0,106,5
1,20,1,0,4,0.19875738200000001,0.15951899999999999,0.019931999999999998,428376064,NA,NA,NA,NA,NA,NA,NA,NA,5833440,1882629,26625,512,0f41e20848de6408cce7b1c5f57f0212c9401233ca75c7b6652c8ea62bfcd43f,1237,0,156,6
1,20,0,1,1,0.055547880000000001,0.033750999999999996,0.010119999999999999,156606464,NA,NA,NA,NA,NA,NA,NA,NA,994016,407679,8197,1,76f10b65f44b546f736cef2848789238eb7a5f77ce08b564ccca55b5bdc08f36,639,0,23,4
1,20,1,0,1,0.05537181,0.034449,0.0093759999999999989,156430336,NA,NA,NA,NA,NA,NA,NA,NA,994016,407679,8197,1,76f10b65f44b546f736cef2848789238eb7a5f77ce08b564ccca55b5bdc08f36,1085,0,20,4
1,20,0,0,5,0.44749348900000002,0.36048399999999997,0.056756999999999995,1023610880,NA,NA,NA,NA,NA,NA,NA,NA,11457352,5690734,153602,512,388033e7552b3b3255277a47381a62d5067155e67b74e663ad0ac019ed72fc50,1584,0,153,5
1,20,1,1,5,0.43629624900000002,0.37255499999999997,0.043247000000000001,1025638400,NA,NA,NA,NA,NA,NA,NA,NA,11457352,5690734,153602,512,388033e7552b3b3255277a47381a62d5067155e67b74e663ad0ac019ed72fc50,1581,0,221,7
1,20,0,1,0,0.019104295,0.0056369999999999996,0.0028219999999999999,55341056,NA,NA,NA,NA,NA,NA,NA,NA,2408,135,5,1,3d4d37e7dcef36139698862d60d536450dfb480779ac0676046a82e065e8af0f,1029,0,12,3
1,20,1,0,0,0.018996834000000001,0.0080949999999999998,0,55525376,NA,NA,NA,NA,NA,NA,NA,NA,2408,135,5,1,3d4d37e7dcef36139698862d60d536450dfb480779ac0676046a82e065e8af0f,585,0,10,3
1,20,0,0,2,0.040238175000000001,0.021661,0.0072099999999999994,131256320,NA,NA,NA,NA,NA,NA,NA,NA,837856,318511,16385,4096,b4f737276339a7626b246c204b626e79f9d9ec0f1f160233a5aa1c27728af83f,1073,0,21,3
1,20,1,1,2,0.040869568000000002,0.029609999999999997,0,131268608,NA,NA,NA,NA,NA,NA,NA,NA,837856,318511,16385,4096,b4f737276339a7626b246c204b626e79f9d9ec0f1f160233a5aa1c27728af83f,1072,0,21,5
1,20,0,0,3,0.059794867000000002,0.044961000000000001,0.003212,181313536,NA,NA,NA,NA,NA,NA,NA,NA,1968568,2240463,32773,1,c491f4791a93a71124b9219b05e718490cf6bd1c68b1ec8fc6a6550e31f844b1,1123,0,34,4
1,20,1,1,3,0.070421348000000009,0.044893999999999996,0.0032079999999999999,179245056,NA,NA,NA,NA,NA,NA,NA,NA,1968568,2240463,32773,1,c491f4791a93a71124b9219b05e718490cf6bd1c68b1ec8fc6a6550e31f844b1,1124,0,35,4
1,21,0,0,0,0.019012143000000002,0.0041459999999999995,0.00415,55537664,NA,NA,NA,NA,NA,NA,NA,NA,2408,135,5,1,3d4d37e7dcef36139698862d60d536450dfb480779ac0676046a82e065e8af0f,584,0,12,2
1,21,1,1,0,0.018802691,0.0053349999999999995,0.002679,55054336,NA,NA,NA,NA,NA,NA,NA,NA,2408,135,5,1,3d4d37e7dcef36139698862d60d536450dfb480779ac0676046a82e065e8af0f,1022,0,11,3
1,21,0,1,2,0.040630981000000004,0.025564,0.003656,131182592,NA,NA,NA,NA,NA,NA,NA,NA,837856,318511,16385,4096,b4f737276339a7626b246c204b626e79f9d9ec0f1f160233a5aa1c27728af83f,1072,0,27,3
1,21,1,0,2,0.040855451000000001,0.029669999999999998,0,131203072,NA,NA,NA,NA,NA,NA,NA,NA,837856,318511,16385,4096,b4f737276339a7626b246c204b626e79f9d9ec0f1f160233a5aa1c27728af83f,1070,0,25,4
1,21,0,1,3,0.059822971000000003,0.041537999999999999,0.0063949999999999996,178974720,NA,NA,NA,NA,NA,NA,NA,NA,1968568,2240463,32773,1,c491f4791a93a71124b9219b05e718490cf6bd1c68b1ec8fc6a6550e31f844b1,1118,0,39,4
1,21,1,0,3,0.059411850000000002,0.037579999999999995,0.010248,181604352,NA,NA,NA,NA,NA,NA,NA,NA,1968568,2240463,32773,1,c491f4791a93a71124b9219b05e718490cf6bd1c68b1ec8fc6a6550e31f844b1,683,0,43,3
1,21,0,0,1,0.054946193000000004,0.039773999999999997,0.0036179999999999997,156553216,NA,NA,NA,NA,NA,NA,NA,NA,994016,407679,8197,1,76f10b65f44b546f736cef2848789238eb7a5f77ce08b564ccca55b5bdc08f36,1084,0,38,4
1,21,1,1,1,0.055603735000000001,0.037731000000000001,0.0062879999999999993,156704768,NA,NA,NA,NA,NA,NA,NA,NA,994016,407679,8197,1,76f10b65f44b546f736cef2848789238eb7a5f77ce08b564ccca55b5bdc08f36,640,0,29,3
1,21,0,0,4,0.19720870000000001,0.1545,0.023511999999999998,428453888,NA,NA,NA,NA,NA,NA,NA,NA,5833440,1882629,26625,512,0f41e20848de6408cce7b1c5f57f0212c9401233ca75c7b6652c8ea62bfcd43f,1235,0,149,5
1,21,1,1,4,0.198814188,0.16628999999999999,0.013023,428392448,NA,NA,NA,NA,NA,NA,NA,NA,5833440,1882629,26625,512,0f41e20848de6408cce7b1c5f57f0212c9401233ca75c7b6652c8ea62bfcd43f,1237,0,177,7
1,21,0,1,5,0.446640961,0.37308999999999998,0.042883999999999999,1025892352,NA,NA,NA,NA,NA,NA,NA,NA,11457352,5690734,153602,512,388033e7552b3b3255277a47381a62d5067155e67b74e663ad0ac019ed72fc50,1585,0,203,4
1,21,1,0,5,0.44336125500000001,0.37451299999999998,0.040127999999999997,1023594496,NA,NA,NA,NA,NA,NA,NA,NA,11457352,5690734,153602,512,388033e7552b3b3255277a47381a62d5067155e67b74e663ad0ac019ed72fc50,1581,0,161,10
1,22,0,1,2,0.041993444000000005,0.023054999999999999,0.0065880000000000001,131436544,NA,NA,NA,NA,NA,NA,NA,NA,837856,318511,16385,4096,b4f737276339a7626b246c204b626e79f9d9ec0f1f160233a5aa1c27728af83f,627,0,22,2
1,22,1,0,2,0.041253296000000002,0.025970999999999998,0.0037059999999999997,131256320,NA,NA,NA,NA,NA,NA,NA,NA,837856,318511,16385,4096,b4f737276339a7626b246c204b626e79f9d9ec0f1f160233a5aa1c27728af83f,1071,0,30,3
1,22,0,0,1,0.063276731000000003,0.037852999999999998,0.0063119999999999999,156459008,NA,NA,NA,NA,NA,NA,NA,NA,994016,407679,8197,1,76f10b65f44b546f736cef2848789238eb7a5f77ce08b564ccca55b5bdc08f36,1120,0,32,5
1,22,1,1,1,0.057504326000000001,0.033597999999999996,0.011202,156499968,NA,NA,NA,NA,NA,NA,NA,NA,994016,407679,8197,1,76f10b65f44b546f736cef2848789238eb7a5f77ce08b564ccca55b5bdc08f36,1084,0,18,4
1,22,0,1,5,0.44022608200000002,0.358657,0.056464999999999994,1025826816,NA,NA,NA,NA,NA,NA,NA,NA,11457352,5690734,153602,512,388033e7552b3b3255277a47381a62d5067155e67b74e663ad0ac019ed72fc50,1587,0,201,5
1,22,1,0,5,0.44628598600000002,0.37276399999999998,0.043660999999999998,1024061440,NA,NA,NA,NA,NA,NA,NA,NA,11457352,5690734,153602,512,388033e7552b3b3255277a47381a62d5067155e67b74e663ad0ac019ed72fc50,1142,0,211,6
1,22,0,1,3,0.060659999000000006,0.044540999999999997,0.0034299999999999999,179507200,NA,NA,NA,NA,NA,NA,NA,NA,1968568,2240463,32773,1,c491f4791a93a71124b9219b05e718490cf6bd1c68b1ec8fc6a6550e31f844b1,682,0,31,3
1,22,1,0,3,0.059742429000000007,0.037527999999999999,0.010243,181338112,NA,NA,NA,NA,NA,NA,NA,NA,1968568,2240463,32773,1,c491f4791a93a71124b9219b05e718490cf6bd1c68b1ec8fc6a6550e31f844b1,1125,0,38,4
1,22,0,0,0,0.020509199000000002,0.0086549999999999995,0,55435264,NA,NA,NA,NA,NA,NA,NA,NA,2408,135,5,1,3d4d37e7dcef36139698862d60d536450dfb480779ac0676046a82e065e8af0f,1029,0,10,2
1,22,1,1,0,0.019297407000000003,0.0054469999999999996,0.0027109999999999999,54968320,NA,NA,NA,NA,NA,NA,NA,NA,2408,135,5,1,3d4d37e7dcef36139698862d60d536450dfb480779ac0676046a82e065e8af0f,1024,0,9,3
1,22,0,0,4,0.20268135500000001,0.156662,0.022817,428580864,NA,NA,NA,NA,NA,NA,NA,NA,5833440,1882629,26625,512,0f41e20848de6408cce7b1c5f57f0212c9401233ca75c7b6652c8ea62bfcd43f,795,0,141,5
1,22,1,1,4,0.20156949100000002,0.14270099999999999,0.035671999999999995,428253184,NA,NA,NA,NA,NA,NA,NA,NA,5833440,1882629,26625,512,0f41e20848de6408cce7b1c5f57f0212c9401233ca75c7b6652c8ea62bfcd43f,1234,0,102,4
1,23,0,0,5,0.45604629400000002,0.36888099999999996,0.046532999999999998,1023815680,NA,NA,NA,NA,NA,NA,NA,NA,11457352,5690734,153602,512,388033e7552b3b3255277a47381a62d5067155e67b74e663ad0ac019ed72fc50,1600,0,243,7
1,23,1,1,5,0.43767476200000005,0.37675399999999998,0.040016999999999997,1025982464,NA,NA,NA,NA,NA,NA,NA,NA,11457352,5690734,153602,512,388033e7552b3b3255277a47381a62d5067155e67b74e663ad0ac019ed72fc50,1142,0,183,6
1,23,0,1,1,0.055805723000000002,0.037274999999999996,0.006777,156307456,NA,NA,NA,NA,NA,NA,NA,NA,994016,407679,8197,1,76f10b65f44b546f736cef2848789238eb7a5f77ce08b564ccca55b5bdc08f36,1094,0,17,5
1,23,1,0,1,0.055501883000000002,0.040590999999999995,0.0031219999999999998,156205056,NA,NA,NA,NA,NA,NA,NA,NA,994016,407679,8197,1,76f10b65f44b546f736cef2848789238eb7a5f77ce08b564ccca55b5bdc08f36,1080,0,17,3
1,23,0,0,2,0.0408233,0.025732999999999999,0.0036769999999999997,131371008,NA,NA,NA,NA,NA,NA,NA,NA,837856,318511,16385,4096,b4f737276339a7626b246c204b626e79f9d9ec0f1f160233a5aa1c27728af83f,626,0,33,3
1,23,1,1,2,0.040850582000000003,0.019695000000000001,0.0098490000000000001,131076096,NA,NA,NA,NA,NA,NA,NA,NA,837856,318511,16385,4096,b4f737276339a7626b246c204b626e79f9d9ec0f1f160233a5aa1c27728af83f,1070,0,23,4
1,23,0,0,3,0.059688308000000002,0.038335000000000001,0.0095829999999999995,181444608,NA,NA,NA,NA,NA,NA,NA,NA,1968568,2240463,32773,1,c491f4791a93a71124b9219b05e718490cf6bd1c68b1ec8fc6a6550e31f844b1,1125,0,53,4
1,23,1,1,3,0.059948165000000005,0.037755999999999998,0.010303999999999999,179011584,NA,NA,NA,NA,NA,NA,NA,NA,1968568,2240463,32773,1,c491f4791a93a71124b9219b05e718490cf6bd1c68b1ec8fc6a6550e31f844b1,1118,0,42,4
1,23,0,1,0,0.019574558000000002,0.0084840000000000002,0,55361536,NA,NA,NA,NA,NA,NA,NA,NA,2408,135,5,1,3d4d37e7dcef36139698862d60d536450dfb480779ac0676046a82e065e8af0f,581,0,10,2
1,23,1,0,0,0.019297086000000001,0.0053289999999999995,0.0026549999999999998,55513088,NA,NA,NA,NA,NA,NA,NA,NA,2408,135,5,1,3d4d37e7dcef36139698862d60d536450dfb480779ac0676046a82e065e8af0f,586,0,10,3
1,23,0,1,4,0.19801992000000002,0.161993,0.016878000000000001,428363776,NA,NA,NA,NA,NA,NA,NA,NA,5833440,1882629,26625,512,0f41e20848de6408cce7b1c5f57f0212c9401233ca75c7b6652c8ea62bfcd43f,1236,0,126,4
1,23,1,0,4,0.19893157800000003,0.159389,0.020353,428654592,NA,NA,NA,NA,NA,NA,NA,NA,5833440,1882629,26625,512,0f41e20848de6408cce7b1c5f57f0212c9401233ca75c7b6652c8ea62bfcd43f,1240,0,143,4
1,24,0,0,3,0.059993139000000001,0.044749999999999998,0.0034459999999999998,181346304,NA,NA,NA,NA,NA,NA,NA,NA,1968568,2240463,32773,1,c491f4791a93a71124b9219b05e718490cf6bd1c68b1ec8fc6a6550e31f844b1,1123,0,32,5
1,24,1,1,3,0.059662449000000006,0.04793,0,179355648,NA,NA,NA,NA,NA,NA,NA,NA,1968568,2240463,32773,1,c491f4791a93a71124b9219b05e718490cf6bd1c68b1ec8fc6a6550e31f844b1,678,0,49,4
1,24,0,1,2,0.040702975000000002,0.020714,0.0088779999999999987,131334144,NA,NA,NA,NA,NA,NA,NA,NA,837856,318511,16385,4096,b4f737276339a7626b246c204b626e79f9d9ec0f1f160233a5aa1c27728af83f,1075,0,21,3
1,24,1,0,2,0.041178146000000006,0.026446999999999998,0.0032929999999999999,131104768,NA,NA,NA,NA,NA,NA,NA,NA,837856,318511,16385,4096,b4f737276339a7626b246c204b626e79f9d9ec0f1f160233a5aa1c27728af83f,1068,0,24,2
1,24,0,0,0,0.018961528000000002,0.0055019999999999999,0.0027559999999999998,55140352,NA,NA,NA,NA,NA,NA,NA,NA,2408,135,5,1,3d4d37e7dcef36139698862d60d536450dfb480779ac0676046a82e065e8af0f,1023,0,11,4
1,24,1,1,0,0.019457989000000002,0.0042299999999999994,0.0042299999999999994,55128064,NA,NA,NA,NA,NA,NA,NA,NA,2408,135,5,1,3d4d37e7dcef36139698862d60d536450dfb480779ac0676046a82e065e8af0f,1026,0,10,3
1,24,0,1,4,0.19892279200000001,0.15357099999999999,0.026103999999999999,428457984,NA,NA,NA,NA,NA,NA,NA,NA,5833440,1882629,26625,512,0f41e20848de6408cce7b1c5f57f0212c9401233ca75c7b6652c8ea62bfcd43f,1240,0,138,7
1,24,1,0,4,0.198348306,0.155864,0.023215,428400640,NA,NA,NA,NA,NA,NA,NA,NA,5833440,1882629,26625,512,0f41e20848de6408cce7b1c5f57f0212c9401233ca75c7b6652c8ea62bfcd43f,1237,0,130,5
1,24,0,1,1,0.055417585000000005,0.037183000000000001,0.0067580000000000001,156733440,NA,NA,NA,NA,NA,NA,NA,NA,994016,407679,8197,1,76f10b65f44b546f736cef2848789238eb7a5f77ce08b564ccca55b5bdc08f36,640,0,18,3
1,24,1,0,1,0.055578898000000002,0.037397,0.006234,156471296,NA,NA,NA,NA,NA,NA,NA,NA,994016,407679,8197,1,76f10b65f44b546f736cef2848789238eb7a5f77ce08b564ccca55b5bdc08f36,1084,0,24,4
1,24,0,1,5,0.44648467900000005,0.36766799999999999,0.050124999999999996,1025904640,NA,NA,NA,NA,NA,NA,NA,NA,11457352,5690734,153602,512,388033e7552b3b3255277a47381a62d5067155e67b74e663ad0ac019ed72fc50,1132,0,119,6
1,24,1,0,5,0.44299595100000005,0.35353399999999996,0.060058,1023655936,NA,NA,NA,NA,NA,NA,NA,NA,11457352,5690734,153602,512,388033e7552b3b3255277a47381a62d5067155e67b74e663ad0ac019ed72fc50,1584,0,257,7
1,25,0,0,5,0.42720593600000001,0.36102799999999996,0.053474999999999995,1023565824,NA,NA,NA,NA,NA,NA,NA,NA,11457352,5690734,153602,512,388033e7552b3b3255277a47381a62d5067155e67b74e663ad0ac019ed72fc50,1581,0,193,6
1,25,1,1,5,0.43541734100000001,0.351609,0.063005999999999993,1025654784,NA,NA,NA,NA,NA,NA,NA,NA,11457352,5690734,153602,512,388033e7552b3b3255277a47381a62d5067155e67b74e663ad0ac019ed72fc50,1584,0,149,8
1,25,0,0,4,0.19953196300000001,0.17368599999999998,0.0066799999999999993,428425216,NA,NA,NA,NA,NA,NA,NA,NA,5833440,1882629,26625,512,0f41e20848de6408cce7b1c5f57f0212c9401233ca75c7b6652c8ea62bfcd43f,1239,0,123,4
1,25,1,1,4,0.19831066600000002,0.14912999999999998,0.029814999999999998,428638208,NA,NA,NA,NA,NA,NA,NA,NA,5833440,1882629,26625,512,0f41e20848de6408cce7b1c5f57f0212c9401233ca75c7b6652c8ea62bfcd43f,795,0,185,4
1,25,0,1,0,0.019718838000000002,0.0085599999999999999,0,55447552,NA,NA,NA,NA,NA,NA,NA,NA,2408,135,5,1,3d4d37e7dcef36139698862d60d536450dfb480779ac0676046a82e065e8af0f,1030,0,10,2
1,25,1,0,0,0.018628384000000001,0.0079559999999999995,0,55279616,NA,NA,NA,NA,NA,NA,NA,NA,2408,135,5,1,3d4d37e7dcef36139698862d60d536450dfb480779ac0676046a82e065e8af0f,1028,0,12,3
1,25,0,0,2,0.040396811000000005,0.022672999999999999,0.0064679999999999998,131321856,NA,NA,NA,NA,NA,NA,NA,NA,837856,318511,16385,4096,b4f737276339a7626b246c204b626e79f9d9ec0f1f160233a5aa1c27728af83f,1075,0,30,4
1,25,1,1,2,0.040988210000000004,0.020848999999999999,0.00894,131026944,NA,NA,NA,NA,NA,NA,NA,NA,837856,318511,16385,4096,b4f737276339a7626b246c204b626e79f9d9ec0f1f160233a5aa1c27728af83f,1078,0,31,5
1,25,0,1,3,0.059477063000000004,0.044420999999999995,0.0034189999999999997,179236864,NA,NA,NA,NA,NA,NA,NA,NA,1968568,2240463,32773,1,c491f4791a93a71124b9219b05e718490cf6bd1c68b1ec8fc6a6550e31f844b1,1124,0,28,4
1,25,1,0,3,0.060082907000000005,0.041517999999999999,0.0069249999999999997,181248000,NA,NA,NA,NA,NA,NA,NA,NA,1968568,2240463,32773,1,c491f4791a93a71124b9219b05e718490cf6bd1c68b1ec8fc6a6550e31f844b1,1125,0,43,4
1,25,0,0,1,0.055700847000000005,0.033735000000000001,0.010126,156266496,NA,NA,NA,NA,NA,NA,NA,NA,994016,407679,8197,1,76f10b65f44b546f736cef2848789238eb7a5f77ce08b564ccca55b5bdc08f36,1080,0,21,4
1,25,1,1,1,0.055324822000000003,0.036934000000000002,0.0067189999999999993,156602368,NA,NA,NA,NA,NA,NA,NA,NA,994016,407679,8197,1,76f10b65f44b546f736cef2848789238eb7a5f77ce08b564ccca55b5bdc08f36,639,0,21,6
1,26,0,0,1,0.054929271000000002,0.036829000000000001,0.0066929999999999993,156831744,NA,NA,NA,NA,NA,NA,NA,NA,994016,407679,8197,1,76f10b65f44b546f736cef2848789238eb7a5f77ce08b564ccca55b5bdc08f36,644,0,28,2
1,26,1,1,1,0.055308220000000005,0.037073000000000002,0.0067399999999999995,156651520,NA,NA,NA,NA,NA,NA,NA,NA,994016,407679,8197,1,76f10b65f44b546f736cef2848789238eb7a5f77ce08b564ccca55b5bdc08f36,632,0,19,4
1,26,0,1,2,0.040609760000000002,0.023019999999999999,0.0065779999999999996,131395584,NA,NA,NA,NA,NA,NA,NA,NA,837856,318511,16385,4096,b4f737276339a7626b246c204b626e79f9d9ec0f1f160233a5aa1c27728af83f,627,0,38,3
1,26,1,0,2,0.040743621000000001,0.026350999999999999,0.0032859999999999999,131117056,NA,NA,NA,NA,NA,NA,NA,NA,837856,318511,16385,4096,b4f737276339a7626b246c204b626e79f9d9ec0f1f160233a5aa1c27728af83f,1069,0,19,3
1,26,0,0,3,0.059898272000000002,0.037701999999999999,0.010281,181354496,NA,NA,NA,NA,NA,NA,NA,NA,1968568,2240463,32773,1,c491f4791a93a71124b9219b05e718490cf6bd1c68b1ec8fc6a6550e31f844b1,671,0,44,3
1,26,1,1,3,0.059684271000000004,0.037683000000000001,0.010284,179146752,NA,NA,NA,NA,NA,NA,NA,NA,1968568,2240463,32773,1,c491f4791a93a71124b9219b05e718490cf6bd1c68b1ec8fc6a6550e31f844b1,1124,0,34,4
1,26,0,0,0,0.018450551000000003,0.0052579999999999997,0.0026310000000000001,55439360,NA,NA,NA,NA,NA,NA,NA,NA,2408,135,5,1,3d4d37e7dcef36139698862d60d536450dfb480779ac0676046a82e065e8af0f,584,0,13,3
1,26,1,1,0,0.018080146000000002,0.0075699999999999995,0,55410688,NA,NA,NA,NA,NA,NA,NA,NA,2408,135,5,1,3d4d37e7dcef36139698862d60d536450dfb480779ac0676046a82e065e8af0f,583,0,13,3
1,26,0,0,4,0.196746535,0.15734099999999998,0.020094000000000001,428793856,NA,NA,NA,NA,NA,NA,NA,NA,5833440,1882629,26625,512,0f41e20848de6408cce7b1c5f57f0212c9401233ca75c7b6652c8ea62bfcd43f,798,0,78,5
1,26,1,1,4,0.19825303600000002,0.15904099999999999,0.019876999999999999,428400640,NA,NA,NA,NA,NA,NA,NA,NA,5833440,1882629,26625,512,0f41e20848de6408cce7b1c5f57f0212c9401233ca75c7b6652c8ea62bfcd43f,1241,0,121,7
1,26,0,1,5,0.44525601600000003,0.36643899999999996,0.049526999999999995,1025757184,NA,NA,NA,NA,NA,NA,NA,NA,11457352,5690734,153602,512,388033e7552b3b3255277a47381a62d5067155e67b74e663ad0ac019ed72fc50,1583,0,202,6
1,26,1,0,5,0.43595539900000002,0.37647900000000001,0.039980000000000002,1023840256,NA,NA,NA,NA,NA,NA,NA,NA,11457352,5690734,153602,512,388033e7552b3b3255277a47381a62d5067155e67b74e663ad0ac019ed72fc50,1587,0,288,7
1,27,0,1,3,0.060070735000000007,0.041828999999999998,0.0064389999999999994,179474432,NA,NA,NA,NA,NA,NA,NA,NA,1968568,2240463,32773,1,c491f4791a93a71124b9219b05e718490cf6bd1c68b1ec8fc6a6550e31f844b1,681,0,37,5
1,27,1,0,3,0.059796731000000006,0.041314999999999998,0.0068839999999999995,181628928,NA,NA,NA,NA,NA,NA,NA,NA,1968568,2240463,32773,1,c491f4791a93a71124b9219b05e718490cf6bd1c68b1ec8fc6a6550e31f844b1,679,0,35,3
1,27,0,1,4,0.19816618400000002,0.16542399999999999,0.013507999999999999,428806144,NA,NA,NA,NA,NA,NA,NA,NA,5833440,1882629,26625,512,0f41e20848de6408cce7b1c5f57f0212c9401233ca75c7b6652c8ea62bfcd43f,798,0,175,5
1,27,1,0,4,0.19861592800000002,0.15279199999999998,0.026554999999999999,428400640,NA,NA,NA,NA,NA,NA,NA,NA,5833440,1882629,26625,512,0f41e20848de6408cce7b1c5f57f0212c9401233ca75c7b6652c8ea62bfcd43f,1238,0,88,4
1,27,0,0,2,0.040763970000000004,0.020715000000000001,0.0088719999999999997,131391488,NA,NA,NA,NA,NA,NA,NA,NA,837856,318511,16385,4096,b4f737276339a7626b246c204b626e79f9d9ec0f1f160233a5aa1c27728af83f,627,0,20,2
1,27,1,1,2,0.040903191000000005,0.023022999999999998,0.0065859999999999998,131252224,NA,NA,NA,NA,NA,NA,NA,NA,837856,318511,16385,4096,b4f737276339a7626b246c204b626e79f9d9ec0f1f160233a5aa1c27728af83f,623,0,29,3
1,27,0,1,0,0.018697523000000001,0.0054219999999999997,0.002715,55644160,NA,NA,NA,NA,NA,NA,NA,NA,2408,135,5,1,3d4d37e7dcef36139698862d60d536450dfb480779ac0676046a82e065e8af0f,585,0,11,2
1,27,1,0,0,0.018357777000000002,0.007685,0,55554048,NA,NA,NA,NA,NA,NA,NA,NA,2408,135,5,1,3d4d37e7dcef36139698862d60d536450dfb480779ac0676046a82e065e8af0f,585,0,11,3
1,27,0,1,1,0.055243219000000003,0.030445,0.013498,156143616,NA,NA,NA,NA,NA,NA,NA,NA,994016,407679,8197,1,76f10b65f44b546f736cef2848789238eb7a5f77ce08b564ccca55b5bdc08f36,1079,0,23,5
1,27,1,0,1,0.055592794000000001,0.034747,0.0094839999999999994,156258304,NA,NA,NA,NA,NA,NA,NA,NA,994016,407679,8197,1,76f10b65f44b546f736cef2848789238eb7a5f77ce08b564ccca55b5bdc08f36,1080,0,21,5
1,27,0,0,5,0.43846848800000005,0.368118,0.049716999999999997,1023696896,NA,NA,NA,NA,NA,NA,NA,NA,11457352,5690734,153602,512,388033e7552b3b3255277a47381a62d5067155e67b74e663ad0ac019ed72fc50,1614,0,216,5
1,27,1,1,5,0.43551900200000004,0.38137399999999999,0.033461999999999999,1025691648,NA,NA,NA,NA,NA,NA,NA,NA,11457352,5690734,153602,512,388033e7552b3b3255277a47381a62d5067155e67b74e663ad0ac019ed72fc50,1583,0,181,5
1,28,0,0,3,0.060100139000000004,0.035463999999999996,0.012905,181284864,NA,NA,NA,NA,NA,NA,NA,NA,1968568,2240463,32773,1,c491f4791a93a71124b9219b05e718490cf6bd1c68b1ec8fc6a6550e31f844b1,1125,0,59,4
1,28,1,1,3,0.059797714000000002,0.040889999999999996,0.0068169999999999993,179564544,NA,NA,NA,NA,NA,NA,NA,NA,1968568,2240463,32773,1,c491f4791a93a71124b9219b05e718490cf6bd1c68b1ec8fc6a6550e31f844b1,674,0,48,5
1,28,0,0,5,0.441742413,0.38369199999999998,0.033377999999999998,1023631360,NA,NA,NA,NA,NA,NA,NA,NA,11457352,5690734,153602,512,388033e7552b3b3255277a47381a62d5067155e67b74e663ad0ac019ed72fc50,1137,0,267,7
1,28,1,1,5,0.443934881,0.375031,0.040195999999999996,1025515520,NA,NA,NA,NA,NA,NA,NA,NA,11457352,5690734,153602,512,388033e7552b3b3255277a47381a62d5067155e67b74e663ad0ac019ed72fc50,1581,0,229,5
1,28,0,1,1,0.059156591000000001,0.033708000000000002,0.0101,156446720,NA,NA,NA,NA,NA,NA,NA,NA,994016,407679,8197,1,76f10b65f44b546f736cef2848789238eb7a5f77ce08b564ccca55b5bdc08f36,634,0,21,4
1,28,1,0,1,0.055355189000000006,0.040524999999999999,0.0033799999999999998,156418048,NA,NA,NA,NA,NA,NA,NA,NA,994016,407679,8197,1,76f10b65f44b546f736cef2848789238eb7a5f77ce08b564ccca55b5bdc08f36,1082,0,18,5
1,28,0,0,2,0.040661648000000002,0.022936999999999999,0.0065539999999999999,131125248,NA,NA,NA,NA,NA,NA,NA,NA,837856,318511,16385,4096,b4f737276339a7626b246c204b626e79f9d9ec0f1f160233a5aa1c27728af83f,1071,0,21,3
1,28,1,1,2,0.040601304000000005,0.022983,0.0065709999999999996,130940928,NA,NA,NA,NA,NA,NA,NA,NA,837856,318511,16385,4096,b4f737276339a7626b246c204b626e79f9d9ec0f1f160233a5aa1c27728af83f,1066,0,18,4
1,28,0,1,0,0.018388736000000003,0.0079559999999999995,0,55402496,NA,NA,NA,NA,NA,NA,NA,NA,2408,135,5,1,3d4d37e7dcef36139698862d60d536450dfb480779ac0676046a82e065e8af0f,1028,0,12,3
1,28,1,0,0,0.018412479000000002,0.0078109999999999994,0,55300096,NA,NA,NA,NA,NA,NA,NA,NA,2408,135,5,1,3d4d37e7dcef36139698862d60d536450dfb480779ac0676046a82e065e8af0f,1029,0,11,3
1,28,0,0,4,0.19761488200000002,0.15478799999999998,0.023557999999999999,428429312,NA,NA,NA,NA,NA,NA,NA,NA,5833440,1882629,26625,512,0f41e20848de6408cce7b1c5f57f0212c9401233ca75c7b6652c8ea62bfcd43f,1241,0,110,6
1,28,1,1,4,0.19823057400000002,0.15886,0.020268999999999999,428429312,NA,NA,NA,NA,NA,NA,NA,NA,5833440,1882629,26625,512,0f41e20848de6408cce7b1c5f57f0212c9401233ca75c7b6652c8ea62bfcd43f,1238,0,160,7
1,29,0,1,4,0.19740956600000001,0.15243299999999999,0.025947999999999999,428691456,NA,NA,NA,NA,NA,NA,NA,NA,5833440,1882629,26625,512,0f41e20848de6408cce7b1c5f57f0212c9401233ca75c7b6652c8ea62bfcd43f,799,0,125,4
1,29,1,0,4,0.19817024100000002,0.165488,0.013507,428683264,NA,NA,NA,NA,NA,NA,NA,NA,5833440,1882629,26625,512,0f41e20848de6408cce7b1c5f57f0212c9401233ca75c7b6652c8ea62bfcd43f,795,0,149,4
1,29,0,0,0,0.018803653,0.0027420000000000001,0.0054919999999999995,55623680,NA,NA,NA,NA,NA,NA,NA,NA,2408,135,5,1,3d4d37e7dcef36139698862d60d536450dfb480779ac0676046a82e065e8af0f,586,0,13,3
1,29,1,1,0,0.018456882000000001,0.0053169999999999997,0.00266,55140352,NA,NA,NA,NA,NA,NA,NA,NA,2408,135,5,1,3d4d37e7dcef36139698862d60d536450dfb480779ac0676046a82e065e8af0f,1024,0,11,4
1,29,0,0,1,0.054754654000000007,0.027637999999999999,0.015345999999999999,156676096,NA,NA,NA,NA,NA,NA,NA,NA,994016,407679,8197,1,76f10b65f44b546f736cef2848789238eb7a5f77ce08b564ccca55b5bdc08f36,635,0,22,4
1,29,1,1,1,0.056712111000000003,0.041972999999999996,0.0032299999999999998,156389376,NA,NA,NA,NA,NA,NA,NA,NA,994016,407679,8197,1,76f10b65f44b546f736cef2848789238eb7a5f77ce08b564ccca55b5bdc08f36,1083,0,21,4
1,29,0,1,2,0.040909633000000001,0.023161999999999999,0.0065979999999999997,131158016,NA,NA,NA,NA,NA,NA,NA,NA,837856,318511,16385,4096,b4f737276339a7626b246c204b626e79f9d9ec0f1f160233a5aa1c27728af83f,1068,0,25,4
1,29,1,0,2,0.041030258,0.026370999999999999,0.0032940000000000001,131014656,NA,NA,NA,NA,NA,NA,NA,NA,837856,318511,16385,4096,b4f737276339a7626b246c204b626e79f9d9ec0f1f160233a5aa1c27728af83f,1068,0,34,2
1,29,0,1,5,0.44357658800000005,0.36819299999999999,0.046431,1026060288,NA,NA,NA,NA,NA,NA,NA,NA,11457352,5690734,153602,512,388033e7552b3b3255277a47381a62d5067155e67b74e663ad0ac019ed72fc50,1141,0,148,6
1,29,1,0,5,0.43575994200000001,0.36262499999999998,0.052741999999999997,1024061440,NA,NA,NA,NA,NA,NA,NA,NA,11457352,5690734,153602,512,388033e7552b3b3255277a47381a62d5067155e67b74e663ad0ac019ed72fc50,1141,0,159,8
1,29,0,1,3,0.060066277000000001,0.041218999999999999,0.006875,179007488,NA,NA,NA,NA,NA,NA,NA,NA,1968568,2240463,32773,1,c491f4791a93a71124b9219b05e718490cf6bd1c68b1ec8fc6a6550e31f844b1,1121,0,36,4
1,29,1,0,3,0.059887571000000001,0.041332000000000001,0.0068859999999999998,181714944,NA,NA,NA,NA,NA,NA,NA,NA,1968568,2240463,32773,1,c491f4791a93a71124b9219b05e718490cf6bd1c68b1ec8fc6a6550e31f844b1,684,0,21,3
1,30,0,1,3,0.059506458000000005,0.04462,0.003434,179179520,NA,NA,NA,NA,NA,NA,NA,NA,1968568,2240463,32773,1,c491f4791a93a71124b9219b05e718490cf6bd1c68b1ec8fc6a6550e31f844b1,1124,0,36,4
1,30,1,0,3,0.059945679000000002,0.038633000000000001,0.0096600000000000002,181497856,NA,NA,NA,NA,NA,NA,NA,NA,1968568,2240463,32773,1,c491f4791a93a71124b9219b05e718490cf6bd1c68b1ec8fc6a6550e31f844b1,1161,0,34,4
1,30,0,1,0,0.019333655000000002,0.0043,0.0043019999999999994,55308288,NA,NA,NA,NA,NA,NA,NA,NA,2408,135,5,1,3d4d37e7dcef36139698862d60d536450dfb480779ac0676046a82e065e8af0f,1028,0,9,3
1,30,1,0,0,0.019628819000000002,0.0081849999999999996,0,55160832,NA,NA,NA,NA,NA,NA,NA,NA,2408,135,5,1,3d4d37e7dcef36139698862d60d536450dfb480779ac0676046a82e065e8af0f,1025,0,10,3
1,30,0,1,2,0.040590985000000003,0.022088,0.007345,131145728,NA,NA,NA,NA,NA,NA,NA,NA,837856,318511,16385,4096,b4f737276339a7626b246c204b626e79f9d9ec0f1f160233a5aa1c27728af83f,1073,0,27,3
1,30,1,0,2,0.040845984000000002,0.029589999999999998,0,131403776,NA,NA,NA,NA,NA,NA,NA,NA,837856,318511,16385,4096,b4f737276339a7626b246c204b626e79f9d9ec0f1f160233a5aa1c27728af83f,627,0,21,4
1,30,0,1,5,0.43478154000000002,0.36737300000000001,0.046767999999999997,1025593344,NA,NA,NA,NA,NA,NA,NA,NA,11457352,5690734,153602,512,388033e7552b3b3255277a47381a62d5067155e67b74e663ad0ac019ed72fc50,1589,0,101,7
1,30,1,0,5,0.44374961400000001,0.35142399999999996,0.062975000000000003,1023660032,NA,NA,NA,NA,NA,NA,NA,NA,11457352,5690734,153602,512,388033e7552b3b3255277a47381a62d5067155e67b74e663ad0ac019ed72fc50,1583,0,182,8
1,30,0,0,4,0.199179413,0.16025699999999998,0.020036999999999999,428335104,NA,NA,NA,NA,NA,NA,NA,NA,5833440,1882629,26625,512,0f41e20848de6408cce7b1c5f57f0212c9401233ca75c7b6652c8ea62bfcd43f,1238,0,176,4
1,30,1,1,4,0.19946081000000002,0.163301,0.017010000000000001,428417024,NA,NA,NA,NA,NA,NA,NA,NA,5833440,1882629,26625,512,0f41e20848de6408cce7b1c5f57f0212c9401233ca75c7b6652c8ea62bfcd43f,1238,0,178,5
1,30,0,1,1,0.055325063000000001,0.037239999999999995,0.006777,156491776,NA,NA,NA,NA,NA,NA,NA,NA,994016,407679,8197,1,76f10b65f44b546f736cef2848789238eb7a5f77ce08b564ccca55b5bdc08f36,1083,0,22,3
1,30,1,0,1,0.055240405000000006,0.043762999999999996,0,156438528,NA,NA,NA,NA,NA,NA,NA,NA,994016,407679,8197,1,76f10b65f44b546f736cef2848789238eb7a5f77ce08b564ccca55b5bdc08f36,1103,0,30,3
1,31,0,0,3,0.059348621000000004,0.035123999999999996,0.012773,181248000,NA,NA,NA,NA,NA,NA,NA,NA,1968568,2240463,32773,1,c491f4791a93a71124b9219b05e718490cf6bd1c68b1ec8fc6a6550e31f844b1,1123,0,42,4
1,31,1,1,3,0.059848589000000001,0.041030999999999998,0.0068439999999999994,179265536,NA,NA,NA,NA,NA,NA,NA,NA,1968568,2240463,32773,1,c491f4791a93a71124b9219b05e718490cf6bd1c68b1ec8fc6a6550e31f844b1,675,0,31,5
1,31,0,0,0,0.019701816,0.0083119999999999999,0,55406592,NA,NA,NA,NA,NA,NA,NA,NA,2408,135,5,1,3d4d37e7dcef36139698862d60d536450dfb480779ac0676046a82e065e8af0f,583,0,12,3
1,31,1,1,0,0.019549760000000003,0.0084639999999999993,0,55296000,NA,NA,NA,NA,NA,NA,NA,NA,2408,135,5,1,3d4d37e7dcef36139698862d60d536450dfb480779ac0676046a82e065e8af0f,1031,0,9,3
1,31,0,0,2,0.040359903000000003,0.025803,0.0032320000000000001,131166208,NA,NA,NA,NA,NA,NA,NA,NA,837856,318511,16385,4096,b4f737276339a7626b246c204b626e79f9d9ec0f1f160233a5aa1c27728af83f,1070,0,33,4
1,31,1,1,2,0.041127891999999999,0.023265999999999998,0.0066569999999999997,131170304,NA,NA,NA,NA,NA,NA,NA,NA,837856,318511,16385,4096,b4f737276339a7626b246c204b626e79f9d9ec0f1f160233a5aa1c27728af83f,1069,0,27,3
1,31,0,0,1,0.055670429,0.041116,0.0031639999999999997,156450816,NA,NA,NA,NA,NA,NA,NA,NA,994016,407679,8197,1,76f10b65f44b546f736cef2848789238eb7a5f77ce08b564ccca55b5bdc08f36,1083,0,22,4
1,31,1,1,1,0.055671783000000002,0.040639000000000002,0.003388,156737536,NA,NA,NA,NA,NA,NA,NA,NA,994016,407679,8197,1,76f10b65f44b546f736cef2848789238eb7a5f77ce08b564ccca55b5bdc08f36,642,0,37,3
1,31,0,1,4,0.19818687300000001,0.162439,0.016562999999999998,428359680,NA,NA,NA,NA,NA,NA,NA,NA,5833440,1882629,26625,512,0f41e20848de6408cce7b1c5f57f0212c9401233ca75c7b6652c8ea62bfcd43f,1238,0,105,6
1,31,1,0,4,0.19860765000000002,0.152976,0.026608999999999997,428347392,NA,NA,NA,NA,NA,NA,NA,NA,5833440,1882629,26625,512,0f41e20848de6408cce7b1c5f57f0212c9401233ca75c7b6652c8ea62bfcd43f,1239,0,176,4
1,31,0,0,5,0.43721502000000001,0.38254899999999997,0.033264999999999996,1023700992,NA,NA,NA,NA,NA,NA,NA,NA,11457352,5690734,153602,512,388033e7552b3b3255277a47381a62d5067155e67b74e663ad0ac019ed72fc50,1585,0,97,6
1,31,1,1,5,0.44954143600000002,0.36227100000000001,0.053177999999999996,1025380352,NA,NA,NA,NA,NA,NA,NA,NA,11457352,5690734,153602,512,388033e7552b3b3255277a47381a62d5067155e67b74e663ad0ac019ed72fc50,1580,0,154,7
1,32,0,1,1,0.055441341000000005,0.037076999999999999,0.0067429999999999999,156487680,NA,NA,NA,NA,NA,NA,NA,NA,994016,407679,8197,1,76f10b65f44b546f736cef2848789238eb7a5f77ce08b564ccca55b5bdc08f36,1085,0,42,4
1,32,1,0,1,0.054986708000000002,0.036733999999999996,0.006679,156778496,NA,NA,NA,NA,NA,NA,NA,NA,994016,407679,8197,1,76f10b65f44b546f736cef2848789238eb7a5f77ce08b564ccca55b5bdc08f36,643,0,43,2
1,32,0,0,5,0.44874467200000001,0.36770900000000001,0.046779999999999995,1023569920,NA,NA,NA,NA,NA,NA,NA,NA,11457352,5690734,153602,512,388033e7552b3b3255277a47381a62d5067155e67b74e663ad0ac019ed72fc50,1582,0,160,7
1,32,1,1,5,0.45399711400000003,0.381774,0.033181999999999996,1025703936,NA,NA,NA,NA,NA,NA,NA,NA,11457352,5690734,153602,512,388033e7552b3b3255277a47381a62d5067155e67b74e663ad0ac019ed72fc50,1584,0,244,6
1,32,0,0,3,0.063949643,0.034647999999999998,0.013829999999999999,181448704,NA,NA,NA,NA,NA,NA,NA,NA,1968568,2240463,32773,1,c491f4791a93a71124b9219b05e718490cf6bd1c68b1ec8fc6a6550e31f844b1,1128,0,46,4
1,32,1,1,3,0.059695120000000004,0.041128999999999999,0.0068579999999999995,179224576,NA,NA,NA,NA,NA,NA,NA,NA,1968568,2240463,32773,1,c491f4791a93a71124b9219b05e718490cf6bd1c68b1ec8fc6a6550e31f844b1,1124,0,36,3
1,32,0,0,4,0.19886743700000001,0.16264399999999998,0.016941999999999999,428404736,NA,NA,NA,NA,NA,NA,NA,NA,5833440,1882629,26625,512,0f41e20848de6408cce7b1c5f57f0212c9401233ca75c7b6652c8ea62bfcd43f,1276,0,135,5
1,32,1,1,4,0.19934387000000001,0.16047899999999998,0.019643999999999998,428396544,NA,NA,NA,NA,NA,NA,NA,NA,5833440,1882629,26625,512,0f41e20848de6408cce7b1c5f57f0212c9401233ca75c7b6652c8ea62bfcd43f,1239,0,115,4
1,32,0,1,0,0.019576902,0.0085430000000000002,0,55250944,NA,NA,NA,NA,NA,NA,NA,NA,2408,135,5,1,3d4d37e7dcef36139698862d60d536450dfb480779ac0676046a82e065e8af0f,1049,0,9,2
1,32,1,0,0,0.018371622000000001,0.0077619999999999998,0,55316480,NA,NA,NA,NA,NA,NA,NA,NA,2408,135,5,1,3d4d37e7dcef36139698862d60d536450dfb480779ac0676046a82e065e8af0f,1030,0,13,3
1,32,0,0,2,0.040533748000000001,0.022703999999999998,0.0064989999999999996,131022848,NA,NA,NA,NA,NA,NA,NA,NA,837856,318511,16385,4096,b4f737276339a7626b246c204b626e79f9d9ec0f1f160233a5aa1c27728af83f,1070,0,25,5
1,32,1,1,2,0.040846845,0.026310999999999998,0.0032889999999999998,130957312,NA,NA,NA,NA,NA,NA,NA,NA,837856,318511,16385,4096,b4f737276339a7626b246c204b626e79f9d9ec0f1f160233a5aa1c27728af83f,1066,0,16,3
1,33,0,1,2,0.040601576,0.023127999999999999,0.0065969999999999996,131121152,NA,NA,NA,NA,NA,NA,NA,NA,837856,318511,16385,4096,b4f737276339a7626b246c204b626e79f9d9ec0f1f160233a5aa1c27728af83f,1070,0,28,4
1,33,1,0,2,0.040785510000000004,0.022983,0.0065729999999999998,131043328,NA,NA,NA,NA,NA,NA,NA,NA,837856,318511,16385,4096,b4f737276339a7626b246c204b626e79f9d9ec0f1f160233a5aa1c27728af83f,1070,0,20,4
1,33,0,1,4,0.19930461600000002,0.15986699999999998,0.019972999999999998,428736512,NA,NA,NA,NA,NA,NA,NA,NA,5833440,1882629,26625,512,0f41e20848de6408cce7b1c5f57f0212c9401233ca75c7b6652c8ea62bfcd43f,797,0,135,5
1,33,1,0,4,0.20929191000000003,0.16234999999999999,0.016907999999999999,428662784,NA,NA,NA,NA,NA,NA,NA,NA,5833440,1882629,26625,512,0f41e20848de6408cce7b1c5f57f0212c9401233ca75c7b6652c8ea62bfcd43f,796,0,103,5
1,33,0,0,0,0.019472826000000002,0.0083029999999999996,0,55529472,NA,NA,NA,NA,NA,NA,NA,NA,2408,135,5,1,3d4d37e7dcef36139698862d60d536450dfb480779ac0676046a82e065e8af0f,587,0,9,3
1,33,1,1,0,0.019024006,0.0081899999999999994,0,55308288,NA,NA,NA,NA,NA,NA,NA,NA,2408,135,5,1,3d4d37e7dcef36139698862d60d536450dfb480779ac0676046a82e065e8af0f,1031,0,10,3
1,33,0,1,5,0.44445752900000002,0.36526700000000001,0.050282,1025757184,NA,NA,NA,NA,NA,NA,NA,NA,11457352,5690734,153602,512,388033e7552b3b3255277a47381a62d5067155e67b74e663ad0ac019ed72fc50,1584,0,244,7
1,33,1,0,5,0.44511357000000001,0.35639399999999999,0.059933999999999994,1023569920,NA,NA,NA,NA,NA,NA,NA,NA,11457352,5690734,153602,512,388033e7552b3b3255277a47381a62d5067155e67b74e663ad0ac019ed72fc50,1581,0,199,6
1,33,0,1,3,0.060939493000000004,0.049090999999999996,0,179200000,NA,NA,NA,NA,NA,NA,NA,NA,1968568,2240463,32773,1,c491f4791a93a71124b9219b05e718490cf6bd1c68b1ec8fc6a6550e31f844b1,1124,0,62,5
1,33,1,0,3,0.060135205000000004,0.041953999999999998,0.0064570000000000001,181346304,NA,NA,NA,NA,NA,NA,NA,NA,1968568,2240463,32773,1,c491f4791a93a71124b9219b05e718490cf6bd1c68b1ec8fc6a6550e31f844b1,1121,0,39,4
1,33,0,0,1,0.055325643000000001,0.040500000000000001,0.0033759999999999997,156168192,NA,NA,NA,NA,NA,NA,NA,NA,994016,407679,8197,1,76f10b65f44b546f736cef2848789238eb7a5f77ce08b564ccca55b5bdc08f36,1078,0,21,4
1,33,1,1,1,0.055336103000000005,0.030285999999999997,0.013479,156209152,NA,NA,NA,NA,NA,NA,NA,NA,994016,407679,8197,1,76f10b65f44b546f736cef2848789238eb7a5f77ce08b564ccca55b5bdc08f36,1079,0,19,4
1,34,0,0,0,0.019141345000000001,0,0.0082389999999999998,55234560,NA,NA,NA,NA,NA,NA,NA,NA,2408,135,5,1,3d4d37e7dcef36139698862d60d536450dfb480779ac0676046a82e065e8af0f,1028,0,12,3
1,34,1,1,0,0.019492332000000001,0.0083339999999999994,0,55418880,NA,NA,NA,NA,NA,NA,NA,NA,2408,135,5,1,3d4d37e7dcef36139698862d60d536450dfb480779ac0676046a82e065e8af0f,582,0,9,3
1,34,0,0,3,0.059185316000000002,0.041110999999999995,0.0063399999999999993,181641216,NA,NA,NA,NA,NA,NA,NA,NA,1968568,2240463,32773,1,c491f4791a93a71124b9219b05e718490cf6bd1c68b1ec8fc6a6550e31f844b1,681,0,40,4
1,34,1,1,3,0.059667780000000004,0.034160999999999997,0.013677999999999999,179224576,NA,NA,NA,NA,NA,NA,NA,NA,1968568,2240463,32773,1,c491f4791a93a71124b9219b05e718490cf6bd1c68b1ec8fc6a6550e31f844b1,1120,0,30,4
1,34,0,0,1,0.055400594000000004,0.037060999999999997,0.0067419999999999997,156721152,NA,NA,NA,NA,NA,NA,NA,NA,994016,407679,8197,1,76f10b65f44b546f736cef2848789238eb7a5f77ce08b564ccca55b5bdc08f36,640,0,42,4
1,34,1,1,1,0.055291660000000006,0.037089999999999998,0.0067209999999999995,156545024,NA,NA,NA,NA,NA,NA,NA,NA,994016,407679,8197,1,76f10b65f44b546f736cef2848789238eb7a5f77ce08b564ccca55b5bdc08f36,639,0,21,3
1,34,0,0,5,0.43668897400000001,0.376716,0.040015999999999996,1024061440,NA,NA,NA,NA,NA,NA,NA,NA,11457352,5690734,153602,512,388033e7552b3b3255277a47381a62d5067155e67b74e663ad0ac019ed72fc50,1141,0,117,7
1,34,1,1,5,0.43519530500000003,0.37096999999999997,0.043449999999999996,1025916928,NA,NA,NA,NA,NA,NA,NA,NA,11457352,5690734,153602,512,388033e7552b3b3255277a47381a62d5067155e67b74e663ad0ac019ed72fc50,1142,0,210,5
1,34,0,0,2,0.041025770000000003,0.026474999999999999,0.0033109999999999997,131096576,NA,NA,NA,NA,NA,NA,NA,NA,837856,318511,16385,4096,b4f737276339a7626b246c204b626e79f9d9ec0f1f160233a5aa1c27728af83f,1069,0,24,3
1,34,1,1,2,0.040700611000000005,0.022990999999999998,0.006574,131125248,NA,NA,NA,NA,NA,NA,NA,NA,837856,318511,16385,4096,b4f737276339a7626b246c204b626e79f9d9ec0f1f160233a5aa1c27728af83f,1068,0,22,3
1,34,0,1,4,0.20398173,0.15898999999999999,0.020301,428621824,NA,NA,NA,NA,NA,NA,NA,NA,5833440,1882629,26625,512,0f41e20848de6408cce7b1c5f57f0212c9401233ca75c7b6652c8ea62bfcd43f,794,0,138,5
1,34,1,0,4,0.19867892500000001,0.16941699999999998,0.010164999999999999,428576768,NA,NA,NA,NA,NA,NA,NA,NA,5833440,1882629,26625,512,0f41e20848de6408cce7b1c5f57f0212c9401233ca75c7b6652c8ea62bfcd43f,1240,0,198,5
1,35,0,1,5,0.43657368800000002,0.37607199999999996,0.03993,1025642496,NA,NA,NA,NA,NA,NA,NA,NA,11457352,5690734,153602,512,388033e7552b3b3255277a47381a62d5067155e67b74e663ad0ac019ed72fc50,1585,0,196,6
1,35,1,0,5,0.435229158,0.39132099999999997,0.023411999999999999,1024061440,NA,NA,NA,NA,NA,NA,NA,NA,11457352,5690734,153602,512,388033e7552b3b3255277a47381a62d5067155e67b74e663ad0ac019ed72fc50,1142,0,249,8
1,35,0,1,0,0.018946159000000001,0.0055750000000000001,0.0027899999999999999,55128064,NA,NA,NA,NA,NA,NA,NA,NA,2408,135,5,1,3d4d37e7dcef36139698862d60d536450dfb480779ac0676046a82e065e8af0f,1023,0,10,3
1,35,1,0,0,0.018185754000000002,0.0076889999999999997,0,55558144,NA,NA,NA,NA,NA,NA,NA,NA,2408,135,5,1,3d4d37e7dcef36139698862d60d536450dfb480779ac0676046a82e065e8af0f,583,0,12,4
1,35,0,1,2,0.040295152000000001,0.020497999999999999,0.0087749999999999998,131293184,NA,NA,NA,NA,NA,NA,NA,NA,837856,318511,16385,4096,b4f737276339a7626b246c204b626e79f9d9ec0f1f160233a5aa1c27728af83f,1071,0,22,4
1,35,1,0,2,0.040851193000000001,0.020725999999999998,0.0088849999999999988,131076096,NA,NA,NA,NA,NA,NA,NA,NA,837856,318511,16385,4096,b4f737276339a7626b246c204b626e79f9d9ec0f1f160233a5aa1c27728af83f,1068,0,26,5
1,35,0,0,4,0.19928857600000002,0.163106,0.016639999999999999,428576768,NA,NA,NA,NA,NA,NA,NA,NA,5833440,1882629,26625,512,0f41e20848de6408cce7b1c5f57f0212c9401233ca75c7b6652c8ea62bfcd43f,793,0,163,5
1,35,1,1,4,0.19808130600000001,0.15204099999999998,0.026433999999999999,428449792,NA,NA,NA,NA,NA,NA,NA,NA,5833440,1882629,26625,512,0f41e20848de6408cce7b1c5f57f0212c9401233ca75c7b6652c8ea62bfcd43f,1237,0,138,3
1,35,0,1,3,0.059322984000000002,0.035035999999999998,0.012738999999999999,179175424,NA,NA,NA,NA,NA,NA,NA,NA,1968568,2240463,32773,1,c491f4791a93a71124b9219b05e718490cf6bd1c68b1ec8fc6a6550e31f844b1,1124,0,40,5
1,35,1,0,3,0.059722391000000007,0.037725999999999996,0.010274999999999999,181112832,NA,NA,NA,NA,NA,NA,NA,NA,1968568,2240463,32773,1,c491f4791a93a71124b9219b05e718490cf6bd1c68b1ec8fc6a6550e31f844b1,1121,0,45,4
1,35,0,1,1,0.056380820000000005,0.038488999999999995,0.0064149999999999997,156696576,NA,NA,NA,NA,NA,NA,NA,NA,994016,407679,8197,1,76f10b65f44b546f736cef2848789238eb7a5f77ce08b564ccca55b5bdc08f36,639,0,45,3
1,35,1,0,1,0.055534505000000005,0.037420999999999996,0.0067949999999999998,156352512,NA,NA,NA,NA,NA,NA,NA,NA,994016,407679,8197,1,76f10b65f44b546f736cef2848789238eb7a5f77ce08b564ccca55b5bdc08f36,1084,0,19,3
1,36,0,1,4,0.196713732,0.16095599999999999,0.016742,428601344,NA,NA,NA,NA,NA,NA,NA,NA,5833440,1882629,26625,512,0f41e20848de6408cce7b1c5f57f0212c9401233ca75c7b6652c8ea62bfcd43f,791,0,178,4
1,36,1,0,4,0.19913380600000002,0.15318399999999999,0.026637999999999998,428634112,NA,NA,NA,NA,NA,NA,NA,NA,5833440,1882629,26625,512,0f41e20848de6408cce7b1c5f57f0212c9401233ca75c7b6652c8ea62bfcd43f,792,0,92,5
1,36,0,0,2,0.040671417000000001,0.022865999999999997,0.0065290000000000001,131194880,NA,NA,NA,NA,NA,NA,NA,NA,837856,318511,16385,4096,b4f737276339a7626b246c204b626e79f9d9ec0f1f160233a5aa1c27728af83f,1071,0,26,2
1,36,1,1,2,0.040789717000000003,0.016524,0.013212999999999999,131072000,NA,NA,NA,NA,NA,NA,NA,NA,837856,318511,16385,4096,b4f737276339a7626b246c204b626e79f9d9ec0f1f160233a5aa1c27728af83f,1070,0,27,3
1,36,0,0,3,0.059521686000000004,0.044514999999999999,0.0034249999999999997,181264384,NA,NA,NA,NA,NA,NA,NA,NA,1968568,2240463,32773,1,c491f4791a93a71124b9219b05e718490cf6bd1c68b1ec8fc6a6550e31f844b1,1125,0,23,4
1,36,1,1,3,0.059897298000000002,0.038646,0.0096609999999999994,179138560,NA,NA,NA,NA,NA,NA,NA,NA,1968568,2240463,32773,1,c491f4791a93a71124b9219b05e718490cf6bd1c68b1ec8fc6a6550e31f844b1,1121,0,34,3
1,36,0,1,5,0.44509619600000006,0.37279099999999998,0.043246,1025384448,NA,NA,NA,NA,NA,NA,NA,NA,11457352,5690734,153602,512,388033e7552b3b3255277a47381a62d5067155e67b74e663ad0ac019ed72fc50,1579,0,175,5
1,36,1,0,5,0.44438131700000005,0.36949899999999997,0.047035,1023856640,NA,NA,NA,NA,NA,NA,NA,NA,11457352,5690734,153602,512,388033e7552b3b3255277a47381a62d5067155e67b74e663ad0ac019ed72fc50,1139,0,152,6
1,36,0,0,1,0.055540075000000001,0.037247999999999996,0.0067549999999999997,156401664,NA,NA,NA,NA,NA,NA,NA,NA,994016,407679,8197,1,76f10b65f44b546f736cef2848789238eb7a5f77ce08b564ccca55b5bdc08f36,1081,0,31,4
1,36,1,1,1,0.055509167000000005,0.037364999999999995,0.0067979999999999994,156442624,NA,NA,NA,NA,NA,NA,NA,NA,994016,407679,8197,1,76f10b65f44b546f736cef2848789238eb7a5f77ce08b564ccca55b5bdc08f36,1081,0,31,4
1,36,0,0,0,0.018624266,0.0040390000000000001,0.0040209999999999994,55349248,NA,NA,NA,NA,NA,NA,NA,NA,2408,135,5,1,3d4d37e7dcef36139698862d60d536450dfb480779ac0676046a82e065e8af0f,1028,0,12,3
1,36,1,1,0,0.018450552000000002,0.0078289999999999992,0,55283712,NA,NA,NA,NA,NA,NA,NA,NA,2408,135,5,1,3d4d37e7dcef36139698862d60d536450dfb480779ac0676046a82e065e8af0f,1067,0,11,3
1,37,0,1,1,0.055087918000000007,0.037465999999999999,0.006254,156692480,NA,NA,NA,NA,NA,NA,NA,NA,994016,407679,8197,1,76f10b65f44b546f736cef2848789238eb7a5f77ce08b564ccca55b5bdc08f36,641,0,22,5
1,37,1,0,1,0.056225521000000001,0.034918999999999999,0.0095230000000000002,156209152,NA,NA,NA,NA,NA,NA,NA,NA,994016,407679,8197,1,76f10b65f44b546f736cef2848789238eb7a5f77ce08b564ccca55b5bdc08f36,1078,0,22,3
1,37,0,1,0,0.018807089000000003,0.0079469999999999992,0,55611392,NA,NA,NA,NA,NA,NA,NA,NA,2408,135,5,1,3d4d37e7dcef36139698862d60d536450dfb480779ac0676046a82e065e8af0f,584,0,10,3
1,37,1,0,0,0.018103922000000001,0.0038309999999999998,0.0038179999999999998,55255040,NA,NA,NA,NA,NA,NA,NA,NA,2408,135,5,1,3d4d37e7dcef36139698862d60d536450dfb480779ac0676046a82e065e8af0f,1028,0,11,3
1,37,0,0,4,0.19819100000000001,0.16909199999999999,0.0099480000000000002,428470272,NA,NA,NA,NA,NA,NA,NA,NA,5833440,1882629,26625,512,0f41e20848de6408cce7b1c5f57f0212c9401233ca75c7b6652c8ea62bfcd43f,1240,0,64,5
1,37,1,1,4,0.19879465100000002,0.156143,0.023244999999999998,428847104,NA,NA,NA,NA,NA,NA,NA,NA,5833440,1882629,26625,512,0f41e20848de6408cce7b1c5f57f0212c9401233ca75c7b6652c8ea62bfcd43f,797,0,181,5
1,37,0,0,5,0.44891454200000003,0.37151000000000001,0.043525999999999995,1023520768,NA,NA,NA,NA,NA,NA,NA,NA,11457352,5690734,153602,512,388033e7552b3b3255277a47381a62d5067155e67b74e663ad0ac019ed72fc50,1579,0,184,4
1,37,1,1,5,0.43643510700000004,0.37614199999999998,0.039955999999999998,1025511424,NA,NA,NA,NA,NA,NA,NA,NA,11457352,5690734,153602,512,388033e7552b3b3255277a47381a62d5067155e67b74e663ad0ac019ed72fc50,1578,0,129,7
1,37,0,1,3,0.059753660000000007,0.034278999999999997,0.013701,178958336,NA,NA,NA,NA,NA,NA,NA,NA,1968568,2240463,32773,1,c491f4791a93a71124b9219b05e718490cf6bd1c68b1ec8fc6a6550e31f844b1,1116,0,52,4
1,37,1,0,3,0.059984143000000004,0.045039999999999997,0.0032099999999999997,181407744,NA,NA,NA,NA,NA,NA,NA,NA,1968568,2240463,32773,1,c491f4791a93a71124b9219b05e718490cf6bd1c68b1ec8fc6a6550e31f844b1,1125,0,41,4
1,37,0,1,2,0.040883032,0.019764,0.0098820000000000002,131203072,NA,NA,NA,NA,NA,NA,NA,NA,837856,318511,16385,4096,b4f737276339a7626b246c204b626e79f9d9ec0f1f160233a5aa1c27728af83f,1086,0,25,3
1,37,1,0,2,0.040850371000000003,0.019715,0.0098499999999999994,131117056,NA,NA,NA,NA,NA,NA,NA,NA,837856,318511,16385,4096,b4f737276339a7626b246c204b626e79f9d9ec0f1f160233a5aa1c27728af83f,1070,0,22,3
1,38,0,1,0,0.018988128,0.0055360000000000001,0.0027799999999999999,55570432,NA,NA,NA,NA,NA,NA,NA,NA,2408,135,5,1,3d4d37e7dcef36139698862d60d536450dfb480779ac0676046a82e065e8af0f,587,0,11,4
1,38,1,0,0,0.019266801,0.008369999999999999,0,55365632,NA,NA,NA,NA,NA,NA,NA,NA,2408,135,5,1,3d4d37e7dcef36139698862d60d536450dfb480779ac0676046a82e065e8af0f,1030,0,10,3
1,38,0,0,2,0.040358699000000005,0.021859,0.0072509999999999996,131158016,NA,NA,NA,NA,NA,NA,NA,NA,837856,318511,16385,4096,b4f737276339a7626b246c204b626e79f9d9ec0f1f160233a5aa1c27728af83f,1072,0,23,5
1,38,1,1,2,0.040690703000000002,0.022872,0.0065429999999999993,131006464,NA,NA,NA,NA,NA,NA,NA,NA,837856,318511,16385,4096,b4f737276339a7626b246c204b626e79f9d9ec0f1f160233a5aa1c27728af83f,1067,0,25,4
1,38,0,1,1,0.055877167000000005,0.034707999999999996,0.0094769999999999993,156418048,NA,NA,NA,NA,NA,NA,NA,NA,994016,407679,8197,1,76f10b65f44b546f736cef2848789238eb7a5f77ce08b564ccca55b5bdc08f36,1084,0,36,5
1,38,1,0,1,0.055535518000000006,0.027018,0.016899000000000001,156401664,NA,NA,NA,NA,NA,NA,NA,NA,994016,407679,8197,1,76f10b65f44b546f736cef2848789238eb7a5f77ce08b564ccca55b5bdc08f36,1084,0,27,4
1,38,0,0,4,0.19851248200000002,0.16272599999999998,0.0166,428376064,NA,NA,NA,NA,NA,NA,NA,NA,5833440,1882629,26625,512,0f41e20848de6408cce7b1c5f57f0212c9401233ca75c7b6652c8ea62bfcd43f,1238,0,158,5
1,38,1,1,4,0.19814503500000002,0.15558900000000001,0.023175999999999999,428236800,NA,NA,NA,NA,NA,NA,NA,NA,5833440,1882629,26625,512,0f41e20848de6408cce7b1c5f57f0212c9401233ca75c7b6652c8ea62bfcd43f,1237,0,170,5
1,38,0,1,5,0.43481222600000002,0.36642599999999997,0.047028,1025732608,NA,NA,NA,NA,NA,NA,NA,NA,11457352,5690734,153602,512,388033e7552b3b3255277a47381a62d5067155e67b74e663ad0ac019ed72fc50,1585,0,36,9
1,38,1,0,5,0.43918482000000003,0.36490800000000001,0.053081999999999997,1023619072,NA,NA,NA,NA,NA,NA,NA,NA,11457352,5690734,153602,512,388033e7552b3b3255277a47381a62d5067155e67b74e663ad0ac019ed72fc50,1583,0,110,5
1,38,0,0,3,0.060190498000000002,0.039106999999999996,0.009023999999999999,181555200,NA,NA,NA,NA,NA,NA,NA,NA,1968568,2240463,32773,1,c491f4791a93a71124b9219b05e718490cf6bd1c68b1ec8fc6a6550e31f844b1,676,0,47,3
1,38,1,1,3,0.059678119000000002,0.037502000000000001,0.010232,179200000,NA,NA,NA,NA,NA,NA,NA,NA,1968568,2240463,32773,1,c491f4791a93a71124b9219b05e718490cf6bd1c68b1ec8fc6a6550e31f844b1,1122,0,69,2
1,39,0,0,1,0.055783631,0.040740999999999999,0.003398,156168192,NA,NA,NA,NA,NA,NA,NA,NA,994016,407679,8197,1,76f10b65f44b546f736cef2848789238eb7a5f77ce08b564ccca55b5bdc08f36,1080,0,48,4
1,39,1,1,1,0.055590190000000005,0.037212999999999996,0.006757,156557312,NA,NA,NA,NA,NA,NA,NA,NA,994016,407679,8197,1,76f10b65f44b546f736cef2848789238eb7a5f77ce08b564ccca55b5bdc08f36,1084,0,26,4
1,39,0,1,3,0.060555293000000003,0.034748000000000001,0.013894999999999999,179240960,NA,NA,NA,NA,NA,NA,NA,NA,1968568,2240463,32773,1,c491f4791a93a71124b9219b05e718490cf6bd1c68b1ec8fc6a6550e31f844b1,1125,0,43,4
1,39,1,0,3,0.060245391000000002,0.038550999999999995,0.0096469999999999993,181604352,NA,NA,NA,NA,NA,NA,NA,NA,1968568,2240463,32773,1,c491f4791a93a71124b9219b05e718490cf6bd1c68b1ec8fc6a6550e31f844b1,680,0,39,2
1,39,0,0,0,0.018776982000000001,0.0027209999999999999,0.0054459999999999995,55234560,NA,NA,NA,NA,NA,NA,NA,NA,2408,135,5,1,3d4d37e7dcef36139698862d60d536450dfb480779ac0676046a82e065e8af0f,1025,0,12,2
1,39,1,1,0,0.018484846000000003,0.003852,0.0038669999999999998,55402496,NA,NA,NA,NA,NA,NA,NA,NA,2408,135,5,1,3d4d37e7dcef36139698862d60d536450dfb480779ac0676046a82e065e8af0f,583,0,12,4
1,39,0,1,2,0.040415576000000002,0.022598,0.0064619999999999999,131158016,NA,NA,NA,NA,NA,NA,NA,NA,837856,318511,16385,4096,b4f737276339a7626b246c204b626e79f9d9ec0f1f160233a5aa1c27728af83f,1069,0,29,4
1,39,1,0,2,0.041049375000000006,0.019806000000000001,0.0099059999999999999,131235840,NA,NA,NA,NA,NA,NA,NA,NA,837856,318511,16385,4096,b4f737276339a7626b246c204b626e79f9d9ec0f1f160233a5aa1c27728af83f,1071,0,27,3
1,39,0,1,4,0.19914551800000002,0.15981999999999999,0.019949999999999999,428339200,NA,NA,NA,NA,NA,NA,NA,NA,5833440,1882629,26625,512,0f41e20848de6408cce7b1c5f57f0212c9401233ca75c7b6652c8ea62bfcd43f,1237,0,144,5
1,39,1,0,4,0.19871381000000002,0.159388,0.019913,428363776,NA,NA,NA,NA,NA,NA,NA,NA,5833440,1882629,26625,512,0f41e20848de6408cce7b1c5f57f0212c9401233ca75c7b6652c8ea62bfcd43f,1236,0,88,5
1,39,0,0,5,0.43844335000000001,0.38045999999999996,0.037039999999999997,1023451136,NA,NA,NA,NA,NA,NA,NA,NA,11457352,5690734,153602,512,388033e7552b3b3255277a47381a62d5067155e67b74e663ad0ac019ed72fc50,1579,0,191,7
1,39,1,1,5,0.43797908000000002,0.38086100000000001,0.036428999999999996,1025421312,NA,NA,NA,NA,NA,NA,NA,NA,11457352,5690734,153602,512,388033e7552b3b3255277a47381a62d5067155e67b74e663ad0ac019ed72fc50,1589,0,213,5
