round,pair,order,variant,job,wall_seconds,user_seconds,system_seconds,peak_rss_bytes,cycles,instructions,branches,branch_misses,cache_references,cache_misses,arena_calls,arena_bytes,output_bytes,source_bytes,source_lines,source_functions,output_sha256,minor_faults,major_faults,voluntary_context_switches,involuntary_context_switches
0,0,0,0,4,0.20602223800000002,0.16922099999999998,0.0099569999999999988,428453888,NA,NA,NA,NA,NA,NA,NA,NA,5833440,1882629,26625,512,0f41e20848de6408cce7b1c5f57f0212c9401233ca75c7b6652c8ea62bfcd43f,1236,0,174,6
0,0,1,1,4,0.19796918800000002,0.162602,0.016267999999999998,428339200,NA,NA,NA,NA,NA,NA,NA,NA,5833440,1882629,26625,512,0f41e20848de6408cce7b1c5f57f0212c9401233ca75c7b6652c8ea62bfcd43f,1236,0,153,4
0,0,0,1,0,0.019939319,0.0064669999999999997,0.00215,55218176,NA,NA,NA,NA,NA,NA,NA,NA,2408,135,5,1,3d4d37e7dcef36139698862d60d536450dfb480779ac0676046a82e065e8af0f,1025,0,9,3
0,0,1,0,0,0.018390848000000001,0.0025999999999999999,0.0051979999999999995,55046144,NA,NA,NA,NA,NA,NA,NA,NA,2408,135,5,1,3d4d37e7dcef36139698862d60d536450dfb480779ac0676046a82e065e8af0f,1025,0,11,3
0,0,0,1,3,0.059807269000000003,0.041395999999999995,0.0068859999999999998,179433472,NA,NA,NA,NA,NA,NA,NA,NA,1968568,2240463,32773,1,c491f4791a93a71124b9219b05e718490cf6bd1c68b1ec8fc6a6550e31f844b1,680,0,35,5
0,0,1,0,3,0.059897187000000005,0.041673999999999996,0.0064139999999999996,181178368,NA,NA,NA,NA,NA,NA,NA,NA,1968568,2240463,32773,1,c491f4791a93a71124b9219b05e718490cf6bd1c68b1ec8fc6a6550e31f844b1,1124,0,50,2
0,0,0,0,5,0.43624781500000004,0.35876999999999998,0.057010999999999999,1023602688,NA,NA,NA,NA,NA,NA,NA,NA,11457352,5690734,153602,512,388033e7552b3b3255277a47381a62d5067155e67b74e663ad0ac019ed72fc50,1584,0,153,8
0,0,1,1,5,0.43627315200000005,0.38153699999999996,0.035357,1025806336,NA,NA,NA,NA,NA,NA,NA,NA,11457352,5690734,153602,512,388033e7552b3b3255277a47381a62d5067155e67b74e663ad0ac019ed72fc50,1585,0,173,7
0,0,0,1,1,0.055207871000000006,0.031451,0.012586,156610560,NA,NA,NA,NA,NA,NA,NA,NA,994016,407679,8197,1,76f10b65f44b546f736cef2848789238eb7a5f77ce08b564ccca55b5bdc08f36,640,0,30,4
0,0,1,0,1,0.054970386000000003,0.037274000000000002,0.0062109999999999995,156491776,NA,NA,NA,NA,NA,NA,NA,NA,994016,407679,8197,1,76f10b65f44b546f736cef2848789238eb7a5f77ce08b564ccca55b5bdc08f36,1084,0,47,3
0,0,0,0,2,0.040248583000000004,0.022594,0.0064589999999999995,131145728,NA,NA,NA,NA,NA,NA,NA,NA,837856,318511,16385,4096,b4f737276339a7626b246c204b626e79f9d9ec0f1f160233a5aa1c27728af83f,1070,0,28,3
0,0,1,1,2,0.040609268000000004,0.025894999999999998,0.003702,131018752,NA,NA,NA,NA,NA,NA,NA,NA,837856,318511,16385,4096,b4f737276339a7626b246c204b626e79f9d9ec0f1f160233a5aa1c27728af83f,1069,0,15,4
0,1,0,0,3,0.059582057000000001,0.041092999999999998,0.0068519999999999996,181268480,NA,NA,NA,NA,NA,NA,NA,NA,1968568,2240463,32773,1,c491f4791a93a71124b9219b05e718490cf6bd1c68b1ec8fc6a6550e31f844b1,1124,0,69,4
0,1,1,1,3,0.060481061000000003,0.045130999999999998,0.003473,179081216,NA,NA,NA,NA,NA,NA,NA,NA,1968568,2240463,32773,1,c491f4791a93a71124b9219b05e718490cf6bd1c68b1ec8fc6a6550e31f844b1,1123,0,31,3
0,1,0,1,4,0.208810993,0.15912499999999999,0.019897999999999999,428507136,NA,NA,NA,NA,NA,NA,NA,NA,5833440,1882629,26625,512,0f41e20848de6408cce7b1c5f57f0212c9401233ca75c7b6652c8ea62bfcd43f,1239,0,149,4
0,1,1,0,4,0.19801305100000002,0.159106,0.019880999999999999,428740608,NA,NA,NA,NA,NA,NA,NA,NA,5833440,1882629,26625,512,0f41e20848de6408cce7b1c5f57f0212c9401233ca75c7b6652c8ea62bfcd43f,794,0,135,5
0,1,0,1,2,0.041163957000000001,0.023372999999999998,0.0066809999999999994,131399680,NA,NA,NA,NA,NA,NA,NA,NA,837856,318511,16385,4096,b4f737276339a7626b246c204b626e79f9d9ec0f1f160233a5aa1c27728af83f,626,0,22,3
0,1,1,0,2,0.040879726000000005,0.020732999999999998,0.0088889999999999993,131616768,NA,NA,NA,NA,NA,NA,NA,NA,837856,318511,16385,4096,b4f737276339a7626b246c204b626e79f9d9ec0f1f160233a5aa1c27728af83f,631,0,29,3
0,1,0,0,1,0.055201159000000007,0.034414,0.0093849999999999992,156712960,NA,NA,NA,NA,NA,NA,NA,NA,994016,407679,8197,1,76f10b65f44b546f736cef2848789238eb7a5f77ce08b564ccca55b5bdc08f36,635,0,34,4
0,1,1,1,1,0.055245273000000004,0.040445999999999996,0.0033709999999999999,156565504,NA,NA,NA,NA,NA,NA,NA,NA,994016,407679,8197,1,76f10b65f44b546f736cef2848789238eb7a5f77ce08b564ccca55b5bdc08f36,638,0,41,2
0,1,0,0,0,0.018999829000000003,0.0040929999999999994,0.0040959999999999998,55320576,NA,NA,NA,NA,NA,NA,NA,NA,2408,135,5,1,3d4d37e7dcef36139698862d60d536450dfb480779ac0676046a82e065e8af0f,1042,0,12,3
0,1,1,1,0,0.018810925000000003,0.0081840000000000003,0,55468032,NA,NA,NA,NA,NA,NA,NA,NA,2408,135,5,1,3d4d37e7dcef36139698862d60d536450dfb480779ac0676046a82e065e8af0f,1039,0,11,3
0,1,0,1,5,0.42701841200000001,0.368363,0.046468999999999996,1025679360,NA,NA,NA,NA,NA,NA,NA,NA,11457352,5690734,153602,512,388033e7552b3b3255277a47381a62d5067155e67b74e663ad0ac019ed72fc50,1586,0,341,6
0,1,1,0,5,0.43730281300000001,0.36651499999999998,0.049957999999999995,1023803392,NA,NA,NA,NA,NA,NA,NA,NA,11457352,5690734,153602,512,388033e7552b3b3255277a47381a62d5067155e67b74e663ad0ac019ed72fc50,1136,0,272,6
0,2,0,0,5,0.43948141300000004,0.35406199999999999,0.064074999999999993,1023582208,NA,NA,NA,NA,NA,NA,NA,NA,11457352,5690734,153602,512,388033e7552b3b3255277a47381a62d5067155e67b74e663ad0ac019ed72fc50,1583,0,150,5
0,2,1,1,5,0.44218071200000003,0.376996,0.036362999999999999,1025871872,NA,NA,NA,NA,NA,NA,NA,NA,11457352,5690734,153602,512,388033e7552b3b3255277a47381a62d5067155e67b74e663ad0ac019ed72fc50,1622,0,132,7
0,2,0,0,1,0.055389161000000006,0.040474999999999997,0.0033759999999999997,156164096,NA,NA,NA,NA,NA,NA,NA,NA,994016,407679,8197,1,76f10b65f44b546f736cef2848789238eb7a5f77ce08b564ccca55b5bdc08f36,1075,0,19,3
0,2,1,1,1,0.055600438000000002,0.037398000000000001,0.0068049999999999994,156340224,NA,NA,NA,NA,NA,NA,NA,NA,994016,407679,8197,1,76f10b65f44b546f736cef2848789238eb7a5f77ce08b564ccca55b5bdc08f36,1079,0,44,3
0,2,0,0,3,0.059468934000000001,0.038226999999999997,0.009554,181440512,NA,NA,NA,NA,NA,NA,NA,NA,1968568,2240463,32773,1,c491f4791a93a71124b9219b05e718490cf6bd1c68b1ec8fc6a6550e31f844b1,1127,0,42,4
0,2,1,1,3,0.060902741000000003,0.036900999999999996,0.012288,179335168,NA,NA,NA,NA,NA,NA,NA,NA,1968568,2240463,32773,1,c491f4791a93a71124b9219b05e718490cf6bd1c68b1ec8fc6a6550e31f844b1,674,0,38,3
0,2,0,1,2,0.042025973000000001,0.023219,0.0066359999999999995,131276800,NA,NA,NA,NA,NA,NA,NA,NA,837856,318511,16385,4096,b4f737276339a7626b246c204b626e79f9d9ec0f1f160233a5aa1c27728af83f,1072,0,26,3
0,2,1,0,2,0.040538695999999999,0.020455999999999998,0.008737,130871296,NA,NA,NA,NA,NA,NA,NA,NA,837856,318511,16385,4096,b4f737276339a7626b246c204b626e79f9d9ec0f1f160233a5aa1c27728af83f,1067,0,27,4
0,2,0,1,4,0.19930173500000001,0.15633900000000001,0.023295,428679168,NA,NA,NA,NA,NA,NA,NA,NA,5833440,1882629,26625,512,0f41e20848de6408cce7b1c5f57f0212c9401233ca75c7b6652c8ea62bfcd43f,798,0,83,6
0,2,1,0,4,0.19915295700000002,0.15978000000000001,0.019972,428679168,NA,NA,NA,NA,NA,NA,NA,NA,5833440,1882629,26625,512,0f41e20848de6408cce7b1c5f57f0212c9401233ca75c7b6652c8ea62bfcd43f,795,0,157,5
0,2,0,0,0,0.018623494000000001,0.0054359999999999999,0.0027179999999999999,55517184,NA,NA,NA,NA,NA,NA,NA,NA,2408,135,5,1,3d4d37e7dcef36139698862d60d536450dfb480779ac0676046a82e065e8af0f,585,0,11,3
0,2,1,1,0,0.018436114,0.0079989999999999992,0,55255040,NA,NA,NA,NA,NA,NA,NA,NA,2408,135,5,1,3d4d37e7dcef36139698862d60d536450dfb480779ac0676046a82e065e8af0f,1026,0,12,2
0,3,0,1,0,0.018436344,0.0038969999999999999,0.0039179999999999996,55255040,NA,NA,NA,NA,NA,NA,NA,NA,2408,135,5,1,3d4d37e7dcef36139698862d60d536450dfb480779ac0676046a82e065e8af0f,1048,0,11,4
0,3,1,0,0,0.018307522,0.0075550000000000001,0,55390208,NA,NA,NA,NA,NA,NA,NA,NA,2408,135,5,1,3d4d37e7dcef36139698862d60d536450dfb480779ac0676046a82e065e8af0f,1027,0,12,4
0,3,0,0,2,0.040500675,0.016208,0.012962,131190784,NA,NA,NA,NA,NA,NA,NA,NA,837856,318511,16385,4096,b4f737276339a7626b246c204b626e79f9d9ec0f1f160233a5aa1c27728af83f,1068,0,26,5
0,3,1,1,2,0.040715216000000005,0.026386999999999997,0.0033009999999999997,131375104,NA,NA,NA,NA,NA,NA,NA,NA,837856,318511,16385,4096,b4f737276339a7626b246c204b626e79f9d9ec0f1f160233a5aa1c27728af83f,628,0,29,4
0,3,0,0,4,0.19948997900000001,0.17386299999999999,0.0066660000000000001,428285952,NA,NA,NA,NA,NA,NA,NA,NA,5833440,1882629,26625,512,0f41e20848de6408cce7b1c5f57f0212c9401233ca75c7b6652c8ea62bfcd43f,1235,0,178,6
0,3,1,1,4,0.19814513900000003,0.15259799999999998,0.026519999999999998,428400640,NA,NA,NA,NA,NA,NA,NA,NA,5833440,1882629,26625,512,0f41e20848de6408cce7b1c5f57f0212c9401233ca75c7b6652c8ea62bfcd43f,1235,0,179,5
0,3,0,1,1,0.055988925000000002,0.041089000000000001,0.0034249999999999997,156409856,NA,NA,NA,NA,NA,NA,NA,NA,994016,407679,8197,1,76f10b65f44b546f736cef2848789238eb7a5f77ce08b564ccca55b5bdc08f36,1083,0,20,4
0,3,1,0,1,0.055294603000000005,0.036939,0.0067189999999999993,156495872,NA,NA,NA,NA,NA,NA,NA,NA,994016,407679,8197,1,76f10b65f44b546f736cef2848789238eb7a5f77ce08b564ccca55b5bdc08f36,1080,0,17,4
0,3,0,1,3,0.059402530000000002,0.048166,0,179216384,NA,NA,NA,NA,NA,NA,NA,NA,1968568,2240463,32773,1,c491f4791a93a71124b9219b05e718490cf6bd1c68b1ec8fc6a6550e31f844b1,1123,0,35,3
0,3,1,0,3,0.059834270000000002,0.037940000000000002,0.01034,181313536,NA,NA,NA,NA,NA,NA,NA,NA,1968568,2240463,32773,1,c491f4791a93a71124b9219b05e718490cf6bd1c68b1ec8fc6a6550e31f844b1,1123,0,38,4
0,3,0,1,5,0.43682854300000001,0.36738099999999996,0.049636,1025728512,NA,NA,NA,NA,NA,NA,NA,NA,11457352,5690734,153602,512,388033e7552b3b3255277a47381a62d5067155e67b74e663ad0ac019ed72fc50,1583,0,81,8
0,3,1,0,5,0.43647977900000001,0.37276899999999996,0.042888999999999997,1023700992,NA,NA,NA,NA,NA,NA,NA,NA,11457352,5690734,153602,512,388033e7552b3b3255277a47381a62d5067155e67b74e663ad0ac019ed72fc50,1585,0,260,5
0,4,0,1,4,0.198091028,0.16244799999999998,0.016580999999999999,428359680,NA,NA,NA,NA,NA,NA,NA,NA,5833440,1882629,26625,512,0f41e20848de6408cce7b1c5f57f0212c9401233ca75c7b6652c8ea62bfcd43f,1236,0,165,5
0,4,1,0,4,0.19949256300000001,0.16025499999999998,0.020029999999999999,428425216,NA,NA,NA,NA,NA,NA,NA,NA,5833440,1882629,26625,512,0f41e20848de6408cce7b1c5f57f0212c9401233ca75c7b6652c8ea62bfcd43f,1237,0,138,5
0,4,0,1,1,0.055713719000000002,0.033881999999999995,0.010168999999999999,156717056,NA,NA,NA,NA,NA,NA,NA,NA,994016,407679,8197,1,76f10b65f44b546f736cef2848789238eb7a5f77ce08b564ccca55b5bdc08f36,641,0,36,3
0,4,1,0,1,0.055279987000000003,0.036975999999999995,0.0067259999999999993,156446720,NA,NA,NA,NA,NA,NA,NA,NA,994016,407679,8197,1,76f10b65f44b546f736cef2848789238eb7a5f77ce08b564ccca55b5bdc08f36,1082,0,40,3
0,4,0,1,3,0.059768858000000001,0.041332000000000001,0.0068820000000000001,179449856,NA,NA,NA,NA,NA,NA,NA,NA,1968568,2240463,32773,1,c491f4791a93a71124b9219b05e718490cf6bd1c68b1ec8fc6a6550e31f844b1,672,0,34,3
0,4,1,0,3,0.060090761000000006,0.045129999999999997,0.0032259999999999997,181477376,NA,NA,NA,NA,NA,NA,NA,NA,1968568,2240463,32773,1,c491f4791a93a71124b9219b05e718490cf6bd1c68b1ec8fc6a6550e31f844b1,1126,0,39,4
0,4,0,1,0,0.019246191000000003,0.008572999999999999,0,55607296,NA,NA,NA,NA,NA,NA,NA,NA,2408,135,5,1,3d4d37e7dcef36139698862d60d536450dfb480779ac0676046a82e065e8af0f,581,0,11,3
0,4,1,0,0,0.019067397,0.0026809999999999998,0.0053400000000000001,55230464,NA,NA,NA,NA,NA,NA,NA,NA,2408,135,5,1,3d4d37e7dcef36139698862d60d536450dfb480779ac0676046a82e065e8af0f,1025,0,9,3
0,4,0,1,5,0.433222987,0.36614399999999997,0.046606999999999996,1026007040,NA,NA,NA,NA,NA,NA,NA,NA,11457352,5690734,153602,512,388033e7552b3b3255277a47381a62d5067155e67b74e663ad0ac019ed72fc50,1133,0,189,9
0,4,1,0,5,0.43538872500000003,0.37470999999999999,0.040153000000000001,1023479808,NA,NA,NA,NA,NA,NA,NA,NA,11457352,5690734,153602,512,388033e7552b3b3255277a47381a62d5067155e67b74e663ad0ac019ed72fc50,1580,0,177,5
0,4,0,1,2,0.041056277000000002,0.020909000000000001,0.0089709999999999998,131182592,NA,NA,NA,NA,NA,NA,NA,NA,837856,318511,16385,4096,b4f737276339a7626b246c204b626e79f9d9ec0f1f160233a5aa1c27728af83f,1068,0,26,4
0,4,1,0,2,0.04094126,0.02316,0.0066239999999999997,131039232,NA,NA,NA,NA,NA,NA,NA,NA,837856,318511,16385,4096,b4f737276339a7626b246c204b626e79f9d9ec0f1f160233a5aa1c27728af83f,1069,0,26,4
0,5,0,0,2,0.040452695000000004,0.022875,0.0065259999999999997,131108864,NA,NA,NA,NA,NA,NA,NA,NA,837856,318511,16385,4096,b4f737276339a7626b246c204b626e79f9d9ec0f1f160233a5aa1c27728af83f,1068,0,21,3
0,5,1,1,2,0.040937864000000004,0.026612,0.0033289999999999999,131162112,NA,NA,NA,NA,NA,NA,NA,NA,837856,318511,16385,4096,b4f737276339a7626b246c204b626e79f9d9ec0f1f160233a5aa1c27728af83f,1106,0,37,4
0,5,0,0,1,0.055066687000000003,0.037296999999999997,0.0062139999999999999,156487680,NA,NA,NA,NA,NA,NA,NA,NA,994016,407679,8197,1,76f10b65f44b546f736cef2848789238eb7a5f77ce08b564ccca55b5bdc08f36,1083,0,30,4
0,5,1,1,1,0.056385768000000003,0.044774000000000001,0,156557312,NA,NA,NA,NA,NA,NA,NA,NA,994016,407679,8197,1,76f10b65f44b546f736cef2848789238eb7a5f77ce08b564ccca55b5bdc08f36,1082,0,46,5
0,5,0,0,3,0.064270752,0.035897999999999999,0.011967999999999999,181616640,NA,NA,NA,NA,NA,NA,NA,NA,1968568,2240463,32773,1,c491f4791a93a71124b9219b05e718490cf6bd1c68b1ec8fc6a6550e31f844b1,682,0,32,4
0,5,1,1,3,0.059879845000000001,0.038641999999999996,0.0096469999999999993,179380224,NA,NA,NA,NA,NA,NA,NA,NA,1968568,2240463,32773,1,c491f4791a93a71124b9219b05e718490cf6bd1c68b1ec8fc6a6550e31f844b1,1126,0,33,3
0,5,0,0,0,0.019565759000000002,0.0057559999999999998,0.0028660000000000001,55349248,NA,NA,NA,NA,NA,NA,NA,NA,2408,135,5,1,3d4d37e7dcef36139698862d60d536450dfb480779ac0676046a82e065e8af0f,1029,0,10,2
0,5,1,1,0,0.020039368000000002,0.0041869999999999997,0.0041830000000000001,55291904,NA,NA,NA,NA,NA,NA,NA,NA,2408,135,5,1,3d4d37e7dcef36139698862d60d536450dfb480779ac0676046a82e065e8af0f,1025,0,11,3
0,5,0,0,5,0.45438898500000002,0.37441799999999997,0.043443999999999997,1023721472,NA,NA,NA,NA,NA,NA,NA,NA,11457352,5690734,153602,512,388033e7552b3b3255277a47381a62d5067155e67b74e663ad0ac019ed72fc50,1583,0,324,8
0,5,1,1,5,0.43462430300000005,0.36055799999999999,0.053402999999999999,1025708032,NA,NA,NA,NA,NA,NA,NA,NA,11457352,5690734,153602,512,388033e7552b3b3255277a47381a62d5067155e67b74e663ad0ac019ed72fc50,1581,0,253,6
0,5,0,0,4,0.19880597700000002,0.16303699999999999,0.016642000000000001,428347392,NA,NA,NA,NA,NA,NA,NA,NA,5833440,1882629,26625,512,0f41e20848de6408cce7b1c5f57f0212c9401233ca75c7b6652c8ea62bfcd43f,1235,0,182,7
0,5,1,1,4,0.19925763300000002,0.160055,0.019990000000000001,428236800,NA,NA,NA,NA,NA,NA,NA,NA,5833440,1882629,26625,512,0f41e20848de6408cce7b1c5f57f0212c9401233ca75c7b6652c8ea62bfcd43f,1235,0,177,4
0,6,0,0,1,0.055351551000000006,0.034627999999999999,0.0094269999999999996,156688384,NA,NA,NA,NA,NA,NA,NA,NA,994016,407679,8197,1,76f10b65f44b546f736cef2848789238eb7a5f77ce08b564ccca55b5bdc08f36,640,0,21,4
0,6,1,1,1,0.055599164000000006,0.030380999999999998,0.013481999999999999,156442624,NA,NA,NA,NA,NA,NA,NA,NA,994016,407679,8197,1,76f10b65f44b546f736cef2848789238eb7a5f77ce08b564ccca55b5bdc08f36,1079,0,21,4
0,6,0,1,2,0.040879103999999999,0.025863999999999998,0.003689,131137536,NA,NA,NA,NA,NA,NA,NA,NA,837856,318511,16385,4096,b4f737276339a7626b246c204b626e79f9d9ec0f1f160233a5aa1c27728af83f,1068,0,24,2
0,6,1,0,2,0.040724333000000001,0.026321999999999998,0.0032979999999999997,131321856,NA,NA,NA,NA,NA,NA,NA,NA,837856,318511,16385,4096,b4f737276339a7626b246c204b626e79f9d9ec0f1f160233a5aa1c27728af83f,1104,0,21,3
0,6,0,0,4,0.198126513,0.152618,0.026532,428572672,NA,NA,NA,NA,NA,NA,NA,NA,5833440,1882629,26625,512,0f41e20848de6408cce7b1c5f57f0212c9401233ca75c7b6652c8ea62bfcd43f,1237,0,118,5
0,6,1,1,4,0.19920237000000002,0.15063399999999999,0.029478999999999998,428310528,NA,NA,NA,NA,NA,NA,NA,NA,5833440,1882629,26625,512,0f41e20848de6408cce7b1c5f57f0212c9401233ca75c7b6652c8ea62bfcd43f,1235,0,188,4
0,6,0,1,5,0.44065862900000002,0.38204499999999997,0.029894999999999998,1025720320,NA,NA,NA,NA,NA,NA,NA,NA,11457352,5690734,153602,512,388033e7552b3b3255277a47381a62d5067155e67b74e663ad0ac019ed72fc50,1582,0,147,6
0,6,1,0,5,0.43516241100000003,0.37121599999999999,0.043088000000000001,1023619072,NA,NA,NA,NA,NA,NA,NA,NA,11457352,5690734,153602,512,388033e7552b3b3255277a47381a62d5067155e67b74e663ad0ac019ed72fc50,1586,0,193,5
0,6,0,1,0,0.019045465000000001,0.0084460000000000004,0,55525376,NA,NA,NA,NA,NA,NA,NA,NA,2408,135,5,1,3d4d37e7dcef36139698862d60d536450dfb480779ac0676046a82e065e8af0f,585,0,11,4
0,6,1,0,0,0.018442755000000002,0.0078119999999999995,0,55300096,NA,NA,NA,NA,NA,NA,NA,NA,2408,135,5,1,3d4d37e7dcef36139698862d60d536450dfb480779ac0676046a82e065e8af0f,1029,0,12,4
0,6,0,1,3,0.059291362,0.035165000000000002,0.012784,179470336,NA,NA,NA,NA,NA,NA,NA,NA,1968568,2240463,32773,1,c491f4791a93a71124b9219b05e718490cf6bd1c68b1ec8fc6a6550e31f844b1,681,0,60,5
0,6,1,0,3,0.059656628000000003,0.044512999999999997,0.0034249999999999997,181465088,NA,NA,NA,NA,NA,NA,NA,NA,1968568,2240463,32773,1,c491f4791a93a71124b9219b05e718490cf6bd1c68b1ec8fc6a6550e31f844b1,1123,0,65,3
0,7,0,0,5,0.43757823700000004,0.38989299999999999,0.026668999999999998,1023549440,NA,NA,NA,NA,NA,NA,NA,NA,11457352,5690734,153602,512,388033e7552b3b3255277a47381a62d5067155e67b74e663ad0ac019ed72fc50,1582,0,179,6
0,7,1,1,5,0.43895127900000003,0.376558,0.036643999999999996,1025744896,NA,NA,NA,NA,NA,NA,NA,NA,11457352,5690734,153602,512,388033e7552b3b3255277a47381a62d5067155e67b74e663ad0ac019ed72fc50,1584,0,47,7
0,7,0,0,3,0.059560377000000005,0.038598,0.0096369999999999997,181329920,NA,NA,NA,NA,NA,NA,NA,NA,1968568,2240463,32773,1,c491f4791a93a71124b9219b05e718490cf6bd1c68b1ec8fc6a6550e31f844b1,1125,0,31,5
0,7,1,1,3,0.060175790000000007,0.035675999999999999,0.012962,179159040,NA,NA,NA,NA,NA,NA,NA,NA,1968568,2240463,32773,1,c491f4791a93a71124b9219b05e718490cf6bd1c68b1ec8fc6a6550e31f844b1,1121,0,33,3
0,7,0,0,2,0.040714236000000001,0.022973,0.0065649999999999997,131198976,NA,NA,NA,NA,NA,NA,NA,NA,837856,318511,16385,4096,b4f737276339a7626b246c204b626e79f9d9ec0f1f160233a5aa1c27728af83f,1070,0,35,3
0,7,1,1,2,0.040848907000000004,0.019788999999999998,0.0098809999999999992,131162112,NA,NA,NA,NA,NA,NA,NA,NA,837856,318511,16385,4096,b4f737276339a7626b246c204b626e79f9d9ec0f1f160233a5aa1c27728af83f,1070,0,29,4
0,7,0,1,4,0.19793565700000001,0.16182299999999999,0.016853,428376064,NA,NA,NA,NA,NA,NA,NA,NA,5833440,1882629,26625,512,0f41e20848de6408cce7b1c5f57f0212c9401233ca75c7b6652c8ea62bfcd43f,1234,0,147,6
0,7,1,0,4,0.19873605700000002,0.16286499999999998,0.016619999999999999,428421120,NA,NA,NA,NA,NA,NA,NA,NA,5833440,1882629,26625,512,0f41e20848de6408cce7b1c5f57f0212c9401233ca75c7b6652c8ea62bfcd43f,1251,0,156,4
0,7,0,1,1,0.056129068000000004,0.031871999999999998,0.012740999999999999,156483584,NA,NA,NA,NA,NA,NA,NA,NA,994016,407679,8197,1,76f10b65f44b546f736cef2848789238eb7a5f77ce08b564ccca55b5bdc08f36,1084,0,20,2
0,7,1,0,1,0.055265889000000006,0.037110999999999998,0.0067549999999999997,156450816,NA,NA,NA,NA,NA,NA,NA,NA,994016,407679,8197,1,76f10b65f44b546f736cef2848789238eb7a5f77ce08b564ccca55b5bdc08f36,1119,0,20,4
0,7,0,0,0,0.019292738,0.0083140000000000002,0,55259136,NA,NA,NA,NA,NA,NA,NA,NA,2408,135,5,1,3d4d37e7dcef36139698862d60d536450dfb480779ac0676046a82e065e8af0f,1028,0,11,3
0,7,1,1,0,0.018755452000000002,0.0040679999999999996,0.0040499999999999998,55640064,NA,NA,NA,NA,NA,NA,NA,NA,2408,135,5,1,3d4d37e7dcef36139698862d60d536450dfb480779ac0676046a82e065e8af0f,580,0,13,3
0,8,0,1,4,0.198074045,0.17214599999999999,0.0067549999999999997,428281856,NA,NA,NA,NA,NA,NA,NA,NA,5833440,1882629,26625,512,0f41e20848de6408cce7b1c5f57f0212c9401233ca75c7b6652c8ea62bfcd43f,1235,0,170,7
0,8,1,0,4,0.20040843900000002,0.16422100000000001,0.016753999999999998,428601344,NA,NA,NA,NA,NA,NA,NA,NA,5833440,1882629,26625,512,0f41e20848de6408cce7b1c5f57f0212c9401233ca75c7b6652c8ea62bfcd43f,1272,0,122,6
0,8,0,0,1,0.055106501000000002,0.036898,0.0066939999999999994,156782592,NA,NA,NA,NA,NA,NA,NA,NA,994016,407679,8197,1,76f10b65f44b546f736cef2848789238eb7a5f77ce08b564ccca55b5bdc08f36,641,0,42,4
0,8,1,1,1,0.055833714000000007,0.037789999999999997,0.0063019999999999994,156626944,NA,NA,NA,NA,NA,NA,NA,NA,994016,407679,8197,1,76f10b65f44b546f736cef2848789238eb7a5f77ce08b564ccca55b5bdc08f36,639,0,29,5
0,8,0,1,0,0.019740458000000002,0.0085819999999999994,0,55291904,NA,NA,NA,NA,NA,NA,NA,NA,2408,135,5,1,3d4d37e7dcef36139698862d60d536450dfb480779ac0676046a82e065e8af0f,1033,0,10,2
0,8,1,0,0,0.019241902000000002,0.0081119999999999994,0,55590912,NA,NA,NA,NA,NA,NA,NA,NA,2408,135,5,1,3d4d37e7dcef36139698862d60d536450dfb480779ac0676046a82e065e8af0f,586,0,10,3
0,8,0,0,2,0.040276896,0.025829999999999999,0.0032209999999999999,131293184,NA,NA,NA,NA,NA,NA,NA,NA,837856,318511,16385,4096,b4f737276339a7626b246c204b626e79f9d9ec0f1f160233a5aa1c27728af83f,627,0,20,5
0,8,1,1,2,0.041033103000000001,0.023118,0.0066089999999999994,131657728,NA,NA,NA,NA,NA,NA,NA,NA,837856,318511,16385,4096,b4f737276339a7626b246c204b626e79f9d9ec0f1f160233a5aa1c27728af83f,631,0,29,3
0,8,0,0,5,0.44223218800000003,0.37709199999999998,0.040036999999999996,1023864832,NA,NA,NA,NA,NA,NA,NA,NA,11457352,5690734,153602,512,388033e7552b3b3255277a47381a62d5067155e67b74e663ad0ac019ed72fc50,1137,0,159,6
0,8,1,1,5,0.43318405500000001,0.37581599999999998,0.036579,1025851392,NA,NA,NA,NA,NA,NA,NA,NA,11457352,5690734,153602,512,388033e7552b3b3255277a47381a62d5067155e67b74e663ad0ac019ed72fc50,1622,0,173,6
0,8,0,0,3,0.059461853000000002,0.038280999999999996,0.0095569999999999995,181194752,NA,NA,NA,NA,NA,NA,NA,NA,1968568,2240463,32773,1,c491f4791a93a71124b9219b05e718490cf6bd1c68b1ec8fc6a6550e31f844b1,1121,0,38,4
0,8,1,1,3,0.060172444000000005,0.037831999999999998,0.010324,179253248,NA,NA,NA,NA,NA,NA,NA,NA,1968568,2240463,32773,1,c491f4791a93a71124b9219b05e718490cf6bd1c68b1ec8fc6a6550e31f844b1,1123,0,18,3
0,9,0,1,3,0.059556209000000006,0.044936999999999998,0.003212,179363840,NA,NA,NA,NA,NA,NA,NA,NA,1968568,2240463,32773,1,c491f4791a93a71124b9219b05e718490cf6bd1c68b1ec8fc6a6550e31f844b1,678,0,45,4
0,9,1,0,3,0.059756193000000006,0.041355999999999997,0.0068959999999999994,181366784,NA,NA,NA,NA,NA,NA,NA,NA,1968568,2240463,32773,1,c491f4791a93a71124b9219b05e718490cf6bd1c68b1ec8fc6a6550e31f844b1,1126,0,22,4
0,9,0,1,5,0.44389674600000001,0.36962200000000001,0.043687999999999998,1025773568,NA,NA,NA,NA,NA,NA,NA,NA,11457352,5690734,153602,512,388033e7552b3b3255277a47381a62d5067155e67b74e663ad0ac019ed72fc50,1584,0,58,8
0,9,1,0,5,0.43859719700000005,0.36459599999999998,0.053051000000000001,1023565824,NA,NA,NA,NA,NA,NA,NA,NA,11457352,5690734,153602,512,388033e7552b3b3255277a47381a62d5067155e67b74e663ad0ac019ed72fc50,1582,0,66,4
0,9,0,1,1,0.056465497000000003,0.031467999999999996,0.012593,156704768,NA,NA,NA,NA,NA,NA,NA,NA,994016,407679,8197,1,76f10b65f44b546f736cef2848789238eb7a5f77ce08b564ccca55b5bdc08f36,641,0,23,4
0,9,1,0,1,0.055107743000000001,0.030934999999999997,0.012352999999999999,156676096,NA,NA,NA,NA,NA,NA,NA,NA,994016,407679,8197,1,76f10b65f44b546f736cef2848789238eb7a5f77ce08b564ccca55b5bdc08f36,637,0,38,3
0,9,0,0,4,0.19855360400000002,0.15882299999999999,0.020275999999999999,428433408,NA,NA,NA,NA,NA,NA,NA,NA,5833440,1882629,26625,512,0f41e20848de6408cce7b1c5f57f0212c9401233ca75c7b6652c8ea62bfcd43f,1240,0,124,5
0,9,1,1,4,0.19925247400000001,0.14990699999999998,0.029985999999999999,428568576,NA,NA,NA,NA,NA,NA,NA,NA,5833440,1882629,26625,512,0f41e20848de6408cce7b1c5f57f0212c9401233ca75c7b6652c8ea62bfcd43f,796,0,162,5
0,9,0,1,2,0.04107483,0.026501,0.0033009999999999997,131104768,NA,NA,NA,NA,NA,NA,NA,NA,837856,318511,16385,4096,b4f737276339a7626b246c204b626e79f9d9ec0f1f160233a5aa1c27728af83f,1066,0,21,3
0,9,1,0,2,0.040718251000000004,0.022876999999999998,0.006522,131330048,NA,NA,NA,NA,NA,NA,NA,NA,837856,318511,16385,4096,b4f737276339a7626b246c204b626e79f9d9ec0f1f160233a5aa1c27728af83f,1070,0,27,3
0,9,0,0,0,0.018943924000000001,0.008234,0,55349248,NA,NA,NA,NA,NA,NA,NA,NA,2408,135,5,1,3d4d37e7dcef36139698862d60d536450dfb480779ac0676046a82e065e8af0f,1030,0,11,3
0,9,1,1,0,0.018749611000000003,0.0039689999999999994,0.0039689999999999994,55267328,NA,NA,NA,NA,NA,NA,NA,NA,2408,135,5,1,3d4d37e7dcef36139698862d60d536450dfb480779ac0676046a82e065e8af0f,1026,0,12,3
0,10,0,1,0,0.019374072000000003,0.0082629999999999995,0,55177216,NA,NA,NA,NA,NA,NA,NA,NA,2408,135,5,1,3d4d37e7dcef36139698862d60d536450dfb480779ac0676046a82e065e8af0f,1027,0,11,4
0,10,1,0,0,0.018865718,0.003967,0.0039589999999999998,55275520,NA,NA,NA,NA,NA,NA,NA,NA,2408,135,5,1,3d4d37e7dcef36139698862d60d536450dfb480779ac0676046a82e065e8af0f,1026,0,9,4
0,10,0,1,1,0.055123273,0.036364,0.0072449999999999997,156356608,NA,NA,NA,NA,NA,NA,NA,NA,994016,407679,8197,1,76f10b65f44b546f736cef2848789238eb7a5f77ce08b564ccca55b5bdc08f36,1080,0,24,5
0,10,1,0,1,0.055586311000000006,0.040998,0.0031459999999999999,156463104,NA,NA,NA,NA,NA,NA,NA,NA,994016,407679,8197,1,76f10b65f44b546f736cef2848789238eb7a5f77ce08b564ccca55b5bdc08f36,1082,0,30,2
0,10,0,1,3,0.059869454000000003,0.044648,0.0034319999999999997,179286016,NA,NA,NA,NA,NA,NA,NA,NA,1968568,2240463,32773,1,c491f4791a93a71124b9219b05e718490cf6bd1c68b1ec8fc6a6550e31f844b1,675,0,30,4
0,10,1,0,3,0.059567650000000007,0.037461999999999995,0.010206,181559296,NA,NA,NA,NA,NA,NA,NA,NA,1968568,2240463,32773,1,c491f4791a93a71124b9219b05e718490cf6bd1c68b1ec8fc6a6550e31f844b1,675,0,37,4
0,10,0,0,5,0.44067170400000005,0.37257799999999996,0.043246,1023488000,NA,NA,NA,NA,NA,NA,NA,NA,11457352,5690734,153602,512,388033e7552b3b3255277a47381a62d5067155e67b74e663ad0ac019ed72fc50,1577,0,222,6
0,10,1,1,5,0.44290678100000003,0.36763499999999999,0.046356000000000001,1025953792,NA,NA,NA,NA,NA,NA,NA,NA,11457352,5690734,153602,512,388033e7552b3b3255277a47381a62d5067155e67b74e663ad0ac019ed72fc50,1139,0,153,6
0,10,0,0,2,0.040560055000000005,0.029227999999999997,0,131354624,NA,NA,NA,NA,NA,NA,NA,NA,837856,318511,16385,4096,b4f737276339a7626b246c204b626e79f9d9ec0f1f160233a5aa1c27728af83f,624,0,22,3
0,10,1,1,2,0.040802501000000005,0.029527999999999999,0,131387392,NA,NA,NA,NA,NA,NA,NA,NA,837856,318511,16385,4096,b4f737276339a7626b246c204b626e79f9d9ec0f1f160233a5aa1c27728af83f,625,0,25,2
0,10,0,0,4,0.19797590100000001,0.16522299999999998,0.013495,428339200,NA,NA,NA,NA,NA,NA,NA,NA,5833440,1882629,26625,512,0f41e20848de6408cce7b1c5f57f0212c9401233ca75c7b6652c8ea62bfcd43f,1236,0,145,5
0,10,1,1,4,0.19820939900000001,0.15185299999999999,0.026987999999999998,428408832,NA,NA,NA,NA,NA,NA,NA,NA,5833440,1882629,26625,512,0f41e20848de6408cce7b1c5f57f0212c9401233ca75c7b6652c8ea62bfcd43f,1238,0,225,5
0,11,0,1,2,0.041097504,0.029803,0,131362816,NA,NA,NA,NA,NA,NA,NA,NA,837856,318511,16385,4096,b4f737276339a7626b246c204b626e79f9d9ec0f1f160233a5aa1c27728af83f,627,0,28,3
0,11,1,0,2,0.040932695000000005,0.023120999999999999,0.0066039999999999996,131080192,NA,NA,NA,NA,NA,NA,NA,NA,837856,318511,16385,4096,b4f737276339a7626b246c204b626e79f9d9ec0f1f160233a5aa1c27728af83f,1068,0,20,3
0,11,0,0,0,0.019328845000000001,0.0042639999999999996,0.0042919999999999998,55230464,NA,NA,NA,NA,NA,NA,NA,NA,2408,135,5,1,3d4d37e7dcef36139698862d60d536450dfb480779ac0676046a82e065e8af0f,1026,0,10,4
0,11,1,1,0,0.019431738,0.0041380000000000002,0.0041329999999999995,55377920,NA,NA,NA,NA,NA,NA,NA,NA,2408,135,5,1,3d4d37e7dcef36139698862d60d536450dfb480779ac0676046a82e065e8af0f,1030,0,11,3
0,11,0,0,1,0.055040658000000006,0.039953999999999996,0.0033159999999999999,156491776,NA,NA,NA,NA,NA,NA,NA,NA,994016,407679,8197,1,76f10b65f44b546f736cef2848789238eb7a5f77ce08b564ccca55b5bdc08f36,1084,0,29,7
0,11,1,1,1,0.055773211000000003,0.034068000000000001,0.010227999999999999,156561408,NA,NA,NA,NA,NA,NA,NA,NA,994016,407679,8197,1,76f10b65f44b546f736cef2848789238eb7a5f77ce08b564ccca55b5bdc08f36,1081,0,20,4
0,11,0,1,5,0.43608488000000001,0.36197099999999999,0.053148000000000001,1025708032,NA,NA,NA,NA,NA,NA,NA,NA,11457352,5690734,153602,512,388033e7552b3b3255277a47381a62d5067155e67b74e663ad0ac019ed72fc50,1583,0,78,6
0,11,1,0,5,0.44373504300000005,0.37795399999999996,0.036794,1023594496,NA,NA,NA,NA,NA,NA,NA,NA,11457352,5690734,153602,512,388033e7552b3b3255277a47381a62d5067155e67b74e663ad0ac019ed72fc50,1587,0,292,7
0,11,0,1,4,0.19957592900000001,0.15012200000000001,0.030030999999999999,428605440,NA,NA,NA,NA,NA,NA,NA,NA,5833440,1882629,26625,512,0f41e20848de6408cce7b1c5f57f0212c9401233ca75c7b6652c8ea62bfcd43f,1250,0,156,4
0,11,1,0,4,0.19856800100000002,0.165598,0.013505999999999999,428204032,NA,NA,NA,NA,NA,NA,NA,NA,5833440,1882629,26625,512,0f41e20848de6408cce7b1c5f57f0212c9401233ca75c7b6652c8ea62bfcd43f,1235,0,171,3
0,11,0,0,3,0.059626350000000002,0.034210999999999998,0.013694999999999999,181239808,NA,NA,NA,NA,NA,NA,NA,NA,1968568,2240463,32773,1,c491f4791a93a71124b9219b05e718490cf6bd1c68b1ec8fc6a6550e31f844b1,1121,0,32,4
0,11,1,1,3,0.060377196000000001,0.045374999999999999,0.003238,179056640,NA,NA,NA,NA,NA,NA,NA,NA,1968568,2240463,32773,1,c491f4791a93a71124b9219b05e718490cf6bd1c68b1ec8fc6a6550e31f844b1,1117,0,36,4
0,12,0,1,0,0.018770890000000002,0.0041189999999999994,0.0041370000000000001,55083008,NA,NA,NA,NA,NA,NA,NA,NA,2408,135,5,1,3d4d37e7dcef36139698862d60d536450dfb480779ac0676046a82e065e8af0f,1023,0,11,2
0,12,1,0,0,0.019697126000000002,0.0054440000000000001,0.0027129999999999997,55214080,NA,NA,NA,NA,NA,NA,NA,NA,2408,135,5,1,3d4d37e7dcef36139698862d60d536450dfb480779ac0676046a82e065e8af0f,1024,0,10,3
0,12,0,0,5,0.43754839200000001,0.37013299999999999,0.046676999999999996,1023537152,NA,NA,NA,NA,NA,NA,NA,NA,11457352,5690734,153602,512,388033e7552b3b3255277a47381a62d5067155e67b74e663ad0ac019ed72fc50,1580,0,139,9
0,12,1,1,5,0.44530833200000003,0.375865,0.039914999999999999,1025810432,NA,NA,NA,NA,NA,NA,NA,NA,11457352,5690734,153602,512,388033e7552b3b3255277a47381a62d5067155e67b74e663ad0ac019ed72fc50,1585,0,157,5
0,12,0,0,1,0.054935942000000001,0.036169,0.0072349999999999992,156438528,NA,NA,NA,NA,NA,NA,NA,NA,994016,407679,8197,1,76f10b65f44b546f736cef2848789238eb7a5f77ce08b564ccca55b5bdc08f36,1084,0,14,2
0,12,1,1,1,0.056086346000000002,0.044566999999999996,0,156786688,NA,NA,NA,NA,NA,NA,NA,NA,994016,407679,8197,1,76f10b65f44b546f736cef2848789238eb7a5f77ce08b564ccca55b5bdc08f36,638,0,25,4
0,12,0,1,4,0.198866179,0.155945,0.023732,428384256,NA,NA,NA,NA,NA,NA,NA,NA,5833440,1882629,26625,512,0f41e20848de6408cce7b1c5f57f0212c9401233ca75c7b6652c8ea62bfcd43f,1236,0,174,5
0,12,1,0,4,0.19868828600000002,0.162328,0.016909,428597248,NA,NA,NA,NA,NA,NA,NA,NA,5833440,1882629,26625,512,0f41e20848de6408cce7b1c5f57f0212c9401233ca75c7b6652c8ea62bfcd43f,1270,0,92,7
0,12,0,0,3,0.059526924000000002,0.041223999999999997,0.0068649999999999996,181321728,NA,NA,NA,NA,NA,NA,NA,NA,1968568,2240463,32773,1,c491f4791a93a71124b9219b05e718490cf6bd1c68b1ec8fc6a6550e31f844b1,1123,0,41,4
0,12,1,1,3,0.060709620000000006,0.034828999999999999,0.013918,179597312,NA,NA,NA,NA,NA,NA,NA,NA,1968568,2240463,32773,1,c491f4791a93a71124b9219b05e718490cf6bd1c68b1ec8fc6a6550e31f844b1,681,0,47,2
0,12,0,0,2,0.041364764000000005,0.026381999999999999,0.0033009999999999997,130863104,NA,NA,NA,NA,NA,NA,NA,NA,837856,318511,16385,4096,b4f737276339a7626b246c204b626e79f9d9ec0f1f160233a5aa1c27728af83f,1066,0,29,3
0,12,1,1,2,0.041248788000000002,0.023271999999999998,0.0066359999999999995,131121152,NA,NA,NA,NA,NA,NA,NA,NA,837856,318511,16385,4096,b4f737276339a7626b246c204b626e79f9d9ec0f1f160233a5aa1c27728af83f,1088,0,24,4
0,13,0,0,0,0.018975283000000003,0.0055269999999999998,0.0027680000000000001,55300096,NA,NA,NA,NA,NA,NA,NA,NA,2408,135,5,1,3d4d37e7dcef36139698862d60d536450dfb480779ac0676046a82e065e8af0f,1029,0,11,4
0,13,1,1,0,0.018516915000000002,0.0039399999999999999,0.0039269999999999999,55582720,NA,NA,NA,NA,NA,NA,NA,NA,2408,135,5,1,3d4d37e7dcef36139698862d60d536450dfb480779ac0676046a82e065e8af0f,583,0,11,3
0,13,0,1,1,0.055016082000000001,0.033436,0.010027999999999999,156659712,NA,NA,NA,NA,NA,NA,NA,NA,994016,407679,8197,1,76f10b65f44b546f736cef2848789238eb7a5f77ce08b564ccca55b5bdc08f36,637,0,24,3
0,13,1,0,1,0.055380634000000005,0.033620999999999998,0.010081999999999999,156549120,NA,NA,NA,NA,NA,NA,NA,NA,994016,407679,8197,1,76f10b65f44b546f736cef2848789238eb7a5f77ce08b564ccca55b5bdc08f36,1120,0,20,3
0,13,0,1,5,0.43453506600000003,0.35477199999999998,0.059122999999999995,1025810432,NA,NA,NA,NA,NA,NA,NA,NA,11457352,5690734,153602,512,388033e7552b3b3255277a47381a62d5067155e67b74e663ad0ac019ed72fc50,1584,0,168,7
0,13,1,0,5,0.44302999200000004,0.37120999999999998,0.043067000000000001,1023840256,NA,NA,NA,NA,NA,NA,NA,NA,11457352,5690734,153602,512,388033e7552b3b3255277a47381a62d5067155e67b74e663ad0ac019ed72fc50,1136,0,254,6
0,13,0,1,2,0.041116297000000003,0.023318999999999999,0.0066669999999999993,131100672,NA,NA,NA,NA,NA,NA,NA,NA,837856,318511,16385,4096,b4f737276339a7626b246c204b626e79f9d9ec0f1f160233a5aa1c27728af83f,1066,0,22,4
0,13,1,0,2,0.040911304000000003,0.019782999999999999,0.0098999999999999991,131436544,NA,NA,NA,NA,NA,NA,NA,NA,837856,318511,16385,4096,b4f737276339a7626b246c204b626e79f9d9ec0f1f160233a5aa1c27728af83f,628,0,24,4
0,13,0,1,3,0.060966611000000004,0.042528999999999997,0.0065249999999999996,179245056,NA,NA,NA,NA,NA,NA,NA,NA,1968568,2240463,32773,1,c491f4791a93a71124b9219b05e718490cf6bd1c68b1ec8fc6a6550e31f844b1,1127,0,60,4
0,13,1,0,3,0.059600952000000006,0.041048999999999995,0.0068439999999999994,181239808,NA,NA,NA,NA,NA,NA,NA,NA,1968568,2240463,32773,1,c491f4791a93a71124b9219b05e718490cf6bd1c68b1ec8fc6a6550e31f844b1,1122,0,63,3
0,13,0,0,4,0.19852323800000002,0.15217700000000001,0.027045,428486656,NA,NA,NA,NA,NA,NA,NA,NA,5833440,1882629,26625,512,0f41e20848de6408cce7b1c5f57f0212c9401233ca75c7b6652c8ea62bfcd43f,1257,0,125,6
0,13,1,1,4,0.19926419500000001,0.15976499999999999,0.019980999999999999,428445696,NA,NA,NA,NA,NA,NA,NA,NA,5833440,1882629,26625,512,0f41e20848de6408cce7b1c5f57f0212c9401233ca75c7b6652c8ea62bfcd43f,1238,0,188,4
0,14,0,1,3,0.060326041000000004,0.038697999999999996,0.0096779999999999991,179490816,NA,NA,NA,NA,NA,NA,NA,NA,1968568,2240463,32773,1,c491f4791a93a71124b9219b05e718490cf6bd1c68b1ec8fc6a6550e31f844b1,680,0,31,4
0,14,1,0,3,0.059730967000000003,0.034277999999999996,0.013720999999999999,181485568,NA,NA,NA,NA,NA,NA,NA,NA,1968568,2240463,32773,1,c491f4791a93a71124b9219b05e718490cf6bd1c68b1ec8fc6a6550e31f844b1,678,0,51,4
0,14,0,1,2,0.040867063000000002,0.020885999999999998,0.0089579999999999989,131112960,NA,NA,NA,NA,NA,NA,NA,NA,837856,318511,16385,4096,b4f737276339a7626b246c204b626e79f9d9ec0f1f160233a5aa1c27728af83f,1069,0,35,3
0,14,1,0,2,0.040814494,0.017731,0.011826,131166208,NA,NA,NA,NA,NA,NA,NA,NA,837856,318511,16385,4096,b4f737276339a7626b246c204b626e79f9d9ec0f1f160233a5aa1c27728af83f,1069,0,37,4
0,14,0,1,1,0.056238573,0.031827999999999995,0.012737999999999999,156471296,NA,NA,NA,NA,NA,NA,NA,NA,994016,407679,8197,1,76f10b65f44b546f736cef2848789238eb7a5f77ce08b564ccca55b5bdc08f36,1086,0,24,6
0,14,1,0,1,0.055600427000000001,0.037392999999999996,0.0067819999999999998,156364800,NA,NA,NA,NA,NA,NA,NA,NA,994016,407679,8197,1,76f10b65f44b546f736cef2848789238eb7a5f77ce08b564ccca55b5bdc08f36,1083,0,37,3
0,14,0,1,4,0.19845130200000002,0.16581199999999999,0.013266,428441600,NA,NA,NA,NA,NA,NA,NA,NA,5833440,1882629,26625,512,0f41e20848de6408cce7b1c5f57f0212c9401233ca75c7b6652c8ea62bfcd43f,1238,0,48,6
0,14,1,0,4,0.19816784100000001,0.15534299999999998,0.023640999999999999,428433408,NA,NA,NA,NA,NA,NA,NA,NA,5833440,1882629,26625,512,0f41e20848de6408cce7b1c5f57f0212c9401233ca75c7b6652c8ea62bfcd43f,1238,0,154,5
0,14,0,0,5,0.43435236400000005,0.37120899999999996,0.043480999999999999,1023627264,NA,NA,NA,NA,NA,NA,NA,NA,11457352,5690734,153602,512,388033e7552b3b3255277a47381a62d5067155e67b74e663ad0ac019ed72fc50,1582,0,178,7
0,14,1,1,5,0.43359146800000004,0.37624099999999999,0.036635000000000001,1025630208,NA,NA,NA,NA,NA,NA,NA,NA,11457352,5690734,153602,512,388033e7552b3b3255277a47381a62d5067155e67b74e663ad0ac019ed72fc50,1581,0,207,8
0,14,0,1,0,0.020286890000000002,0.0058100000000000001,0.0028959999999999997,55566336,NA,NA,NA,NA,NA,NA,NA,NA,2408,135,5,1,3d4d37e7dcef36139698862d60d536450dfb480779ac0676046a82e065e8af0f,585,0,10,3
0,14,1,0,0,0.019676687000000002,0.0028040000000000001,0.005581,55181312,NA,NA,NA,NA,NA,NA,NA,NA,2408,135,5,1,3d4d37e7dcef36139698862d60d536450dfb480779ac0676046a82e065e8af0f,1027,0,9,3
0,15,0,0,1,0.055669145000000003,0.04061,0.0033889999999999997,156413952,NA,NA,NA,NA,NA,NA,NA,NA,994016,407679,8197,1,76f10b65f44b546f736cef2848789238eb7a5f77ce08b564ccca55b5bdc08f36,1083,0,40,5
0,15,1,1,1,0.055645932000000002,0.037462999999999996,0.0068139999999999997,156606464,NA,NA,NA,NA,NA,NA,NA,NA,994016,407679,8197,1,76f10b65f44b546f736cef2848789238eb7a5f77ce08b564ccca55b5bdc08f36,1085,0,24,4
0,15,0,0,4,0.19869920700000002,0.15606,0.023243999999999997,428445696,NA,NA,NA,NA,NA,NA,NA,NA,5833440,1882629,26625,512,0f41e20848de6408cce7b1c5f57f0212c9401233ca75c7b6652c8ea62bfcd43f,1237,0,198,7
0,15,1,1,4,0.19999876100000002,0.14376999999999998,0.036775999999999996,428449792,NA,NA,NA,NA,NA,NA,NA,NA,5833440,1882629,26625,512,0f41e20848de6408cce7b1c5f57f0212c9401233ca75c7b6652c8ea62bfcd43f,1236,0,182,4
0,15,0,0,2,0.040798292999999999,0.029753999999999999,0,131121152,NA,NA,NA,NA,NA,NA,NA,NA,837856,318511,16385,4096,b4f737276339a7626b246c204b626e79f9d9ec0f1f160233a5aa1c27728af83f,1066,0,34,4
0,15,1,1,2,0.040910423000000001,0.029680999999999999,0,131084288,NA,NA,NA,NA,NA,NA,NA,NA,837856,318511,16385,4096,b4f737276339a7626b246c204b626e79f9d9ec0f1f160233a5aa1c27728af83f,1069,0,23,3
0,15,0,1,5,0.44441142900000002,0.362653,0.053214999999999998,1025945600,NA,NA,NA,NA,NA,NA,NA,NA,11457352,5690734,153602,512,388033e7552b3b3255277a47381a62d5067155e67b74e663ad0ac019ed72fc50,1586,0,197,8
0,15,1,0,5,0.436200586,0.37837099999999996,0.036852999999999997,1023549440,NA,NA,NA,NA,NA,NA,NA,NA,11457352,5690734,153602,512,388033e7552b3b3255277a47381a62d5067155e67b74e663ad0ac019ed72fc50,1581,0,197,5
0,15,0,0,3,0.059616973000000004,0.047848999999999996,0,181600256,NA,NA,NA,NA,NA,NA,NA,NA,1968568,2240463,32773,1,c491f4791a93a71124b9219b05e718490cf6bd1c68b1ec8fc6a6550e31f844b1,1138,0,35,3
0,15,1,1,3,0.061032835000000001,0.036871000000000001,0.012293,179245056,NA,NA,NA,NA,NA,NA,NA,NA,1968568,2240463,32773,1,c491f4791a93a71124b9219b05e718490cf6bd1c68b1ec8fc6a6550e31f844b1,1119,0,82,4
0,15,0,0,0,0.019115978000000002,0.0055009999999999998,0.0027529999999999998,55250944,NA,NA,NA,NA,NA,NA,NA,NA,2408,135,5,1,3d4d37e7dcef36139698862d60d536450dfb480779ac0676046a82e065e8af0f,1026,0,11,3
0,15,1,1,0,0.019176551,0.0041570000000000001,0.0041580000000000002,55660544,NA,NA,NA,NA,NA,NA,NA,NA,2408,135,5,1,3d4d37e7dcef36139698862d60d536450dfb480779ac0676046a82e065e8af0f,1062,0,10,3
0,16,0,0,3,0.059745593000000007,0.041211999999999999,0.0068779999999999996,181387264,NA,NA,NA,NA,NA,NA,NA,NA,1968568,2240463,32773,1,c491f4791a93a71124b9219b05e718490cf6bd1c68b1ec8fc6a6550e31f844b1,1125,0,40,4
0,16,1,1,3,0.060296757000000006,0.033334999999999997,0.015165999999999999,179048448,NA,NA,NA,NA,NA,NA,NA,NA,1968568,2240463,32773,1,c491f4791a93a71124b9219b05e718490cf6bd1c68b1ec8fc6a6550e31f844b1,1120,0,35,3
0,16,0,0,1,0.055203023000000004,0.036844000000000002,0.0066969999999999998,156348416,NA,NA,NA,NA,NA,NA,NA,NA,994016,407679,8197,1,76f10b65f44b546f736cef2848789238eb7a5f77ce08b564ccca55b5bdc08f36,1081,0,51,3
0,16,1,1,1,0.055693711000000007,0.034770999999999996,0.0094710000000000003,156647424,NA,NA,NA,NA,NA,NA,NA,NA,994016,407679,8197,1,76f10b65f44b546f736cef2848789238eb7a5f77ce08b564ccca55b5bdc08f36,1085,0,18,5
0,16,0,0,4,0.20846546600000002,0.16264399999999998,0.016253999999999998,428748800,NA,NA,NA,NA,NA,NA,NA,NA,5833440,1882629,26625,512,0f41e20848de6408cce7b1c5f57f0212c9401233ca75c7b6652c8ea62bfcd43f,796,0,153,5
0,16,1,1,4,0.20977934600000001,0.14999699999999999,0.030008999999999997,428769280,NA,NA,NA,NA,NA,NA,NA,NA,5833440,1882629,26625,512,0f41e20848de6408cce7b1c5f57f0212c9401233ca75c7b6652c8ea62bfcd43f,797,0,92,6
0,16,0,1,5,0.45856706300000005,0.37132399999999999,0.043500999999999998,1025757184,NA,NA,NA,NA,NA,NA,NA,NA,11457352,5690734,153602,512,388033e7552b3b3255277a47381a62d5067155e67b74e663ad0ac019ed72fc50,1582,0,240,5
0,16,1,0,5,0.43557801000000002,0.37164599999999998,0.043116999999999996,1023705088,NA,NA,NA,NA,NA,NA,NA,NA,11457352,5690734,153602,512,388033e7552b3b3255277a47381a62d5067155e67b74e663ad0ac019ed72fc50,1580,0,130,7
0,16,0,0,0,0.019912298000000002,0.0058449999999999995,0.0029139999999999999,55349248,NA,NA,NA,NA,NA,NA,NA,NA,2408,135,5,1,3d4d37e7dcef36139698862d60d536450dfb480779ac0676046a82e065e8af0f,1027,0,11,3
0,16,1,1,0,0.019744815000000002,0.002911,0.0057859999999999995,55324672,NA,NA,NA,NA,NA,NA,NA,NA,2408,135,5,1,3d4d37e7dcef36139698862d60d536450dfb480779ac0676046a82e065e8af0f,1029,0,12,3
0,16,0,1,2,0.040795197000000005,0.026387999999999998,0.0033009999999999997,131088384,NA,NA,NA,NA,NA,NA,NA,NA,837856,318511,16385,4096,b4f737276339a7626b246c204b626e79f9d9ec0f1f160233a5aa1c27728af83f,1089,0,23,5
0,16,1,0,2,0.040427638000000002,0.029318999999999998,0,131379200,NA,NA,NA,NA,NA,NA,NA,NA,837856,318511,16385,4096,b4f737276339a7626b246c204b626e79f9d9ec0f1f160233a5aa1c27728af83f,627,0,23,5
0,17,0,1,3,0.060900437000000002,0.039521000000000001,0.0098319999999999987,179286016,NA,NA,NA,NA,NA,NA,NA,NA,1968568,2240463,32773,1,c491f4791a93a71124b9219b05e718490cf6bd1c68b1ec8fc6a6550e31f844b1,1140,0,37,4
0,17,1,0,3,0.060193484000000005,0.039511999999999999,0.0091129999999999996,181035008,NA,NA,NA,NA,NA,NA,NA,NA,1968568,2240463,32773,1,c491f4791a93a71124b9219b05e718490cf6bd1c68b1ec8fc6a6550e31f844b1,1117,0,31,3
0,17,0,0,5,0.44832170700000001,0.37298699999999996,0.042923999999999997,1023467520,NA,NA,NA,NA,NA,NA,NA,NA,11457352,5690734,153602,512,388033e7552b3b3255277a47381a62d5067155e67b74e663ad0ac019ed72fc50,1578,0,211,8
0,17,1,1,5,0.45108517400000003,0.36340299999999998,0.050485999999999996,1026023424,NA,NA,NA,NA,NA,NA,NA,NA,11457352,5690734,153602,512,388033e7552b3b3255277a47381a62d5067155e67b74e663ad0ac019ed72fc50,1139,0,134,5
0,17,0,0,2,0.040539799000000001,0.025647,0.0036569999999999997,131407872,NA,NA,NA,NA,NA,NA,NA,NA,837856,318511,16385,4096,b4f737276339a7626b246c204b626e79f9d9ec0f1f160233a5aa1c27728af83f,626,0,22,2
0,17,1,1,2,0.040724595000000002,0.029479999999999999,0,131440640,NA,NA,NA,NA,NA,NA,NA,NA,837856,318511,16385,4096,b4f737276339a7626b246c204b626e79f9d9ec0f1f160233a5aa1c27728af83f,628,0,21,3
0,17,0,1,4,0.19897382100000002,0.17304600000000001,0.0067879999999999998,428478464,NA,NA,NA,NA,NA,NA,NA,NA,5833440,1882629,26625,512,0f41e20848de6408cce7b1c5f57f0212c9401233ca75c7b6652c8ea62bfcd43f,1256,0,98,6
0,17,1,0,4,0.19977033400000002,0.15709299999999998,0.023403999999999998,428437504,NA,NA,NA,NA,NA,NA,NA,NA,5833440,1882629,26625,512,0f41e20848de6408cce7b1c5f57f0212c9401233ca75c7b6652c8ea62bfcd43f,1238,0,126,5
0,17,0,1,0,0.019231223000000002,0.0086039999999999988,0,55418880,NA,NA,NA,NA,NA,NA,NA,NA,2408,135,5,1,3d4d37e7dcef36139698862d60d536450dfb480779ac0676046a82e065e8af0f,1030,0,13,3
0,17,1,0,0,0.018362506000000001,0.0078960000000000002,0,55287808,NA,NA,NA,NA,NA,NA,NA,NA,2408,135,5,1,3d4d37e7dcef36139698862d60d536450dfb480779ac0676046a82e065e8af0f,1035,0,13,4
0,17,0,1,1,0.055588775,0.040967999999999997,0.003153,156487680,NA,NA,NA,NA,NA,NA,NA,NA,994016,407679,8197,1,76f10b65f44b546f736cef2848789238eb7a5f77ce08b564ccca55b5bdc08f36,1083,0,19,5
0,17,1,0,1,0.055093507000000007,0.036268000000000002,0.0072519999999999998,156495872,NA,NA,NA,NA,NA,NA,NA,NA,994016,407679,8197,1,76f10b65f44b546f736cef2848789238eb7a5f77ce08b564ccca55b5bdc08f36,637,0,43,3
0,18,0,0,0,0.018607104000000003,0.0039519999999999998,0.0039550000000000002,55353344,NA,NA,NA,NA,NA,NA,NA,NA,2408,135,5,1,3d4d37e7dcef36139698862d60d536450dfb480779ac0676046a82e065e8af0f,1026,0,12,3
0,18,1,1,0,0.018366192,0.0026249999999999997,0.0052559999999999994,55275520,NA,NA,NA,NA,NA,NA,NA,NA,2408,135,5,1,3d4d37e7dcef36139698862d60d536450dfb480779ac0676046a82e065e8af0f,1026,0,14,3
0,18,0,0,1,0.054503481000000006,0.043332999999999997,0,156508160,NA,NA,NA,NA,NA,NA,NA,NA,994016,407679,8197,1,76f10b65f44b546f736cef2848789238eb7a5f77ce08b564ccca55b5bdc08f36,638,0,32,4
0,18,1,1,1,0.055112051000000002,0.033707000000000001,0.010114,156434432,NA,NA,NA,NA,NA,NA,NA,NA,994016,407679,8197,1,76f10b65f44b546f736cef2848789238eb7a5f77ce08b564ccca55b5bdc08f36,1084,0,21,4
0,18,0,0,5,0.43451111000000003,0.38014300000000001,0.033649999999999999,1023664128,NA,NA,NA,NA,NA,NA,NA,NA,11457352,5690734,153602,512,388033e7552b3b3255277a47381a62d5067155e67b74e663ad0ac019ed72fc50,1581,0,238,6
0,18,1,1,5,0.43349093900000002,0.35435099999999997,0.059622999999999995,1025822720,NA,NA,NA,NA,NA,NA,NA,NA,11457352,5690734,153602,512,388033e7552b3b3255277a47381a62d5067155e67b74e663ad0ac019ed72fc50,1620,0,375,8
0,18,0,0,4,0.20953712500000002,0.15604099999999999,0.023247999999999998,428249088,NA,NA,NA,NA,NA,NA,NA,NA,5833440,1882629,26625,512,0f41e20848de6408cce7b1c5f57f0212c9401233ca75c7b6652c8ea62bfcd43f,1258,0,116,4
0,18,1,1,4,0.19847894500000002,0.15948099999999998,0.019934999999999998,428376064,NA,NA,NA,NA,NA,NA,NA,NA,5833440,1882629,26625,512,0f41e20848de6408cce7b1c5f57f0212c9401233ca75c7b6652c8ea62bfcd43f,1234,0,180,4
0,18,0,1,3,0.060090128000000007,0.048617999999999995,0,179077120,NA,NA,NA,NA,NA,NA,NA,NA,1968568,2240463,32773,1,c491f4791a93a71124b9219b05e718490cf6bd1c68b1ec8fc6a6550e31f844b1,1121,0,36,3
0,18,1,0,3,0.059728791000000003,0.041239999999999999,0.0068759999999999993,181112832,NA,NA,NA,NA,NA,NA,NA,NA,1968568,2240463,32773,1,c491f4791a93a71124b9219b05e718490cf6bd1c68b1ec8fc6a6550e31f844b1,1121,0,45,4
0,18,0,1,2,0.041249848000000006,0.019959999999999999,0.0099740000000000002,131198976,NA,NA,NA,NA,NA,NA,NA,NA,837856,318511,16385,4096,b4f737276339a7626b246c204b626e79f9d9ec0f1f160233a5aa1c27728af83f,1069,0,27,3
0,18,1,0,2,0.041048461000000001,0.029777999999999999,0,131338240,NA,NA,NA,NA,NA,NA,NA,NA,837856,318511,16385,4096,b4f737276339a7626b246c204b626e79f9d9ec0f1f160233a5aa1c27728af83f,1074,0,20,5
0,19,0,1,4,0.199209521,0.15665399999999999,0.023330999999999998,428359680,NA,NA,NA,NA,NA,NA,NA,NA,5833440,1882629,26625,512,0f41e20848de6408cce7b1c5f57f0212c9401233ca75c7b6652c8ea62bfcd43f,1237,0,108,6
0,19,1,0,4,0.19874473300000001,0.15943499999999999,0.019938999999999998,428392448,NA,NA,NA,NA,NA,NA,NA,NA,5833440,1882629,26625,512,0f41e20848de6408cce7b1c5f57f0212c9401233ca75c7b6652c8ea62bfcd43f,1236,0,87,6
0,19,0,0,3,0.059796729000000007,0.038712999999999997,0.0096699999999999998,181047296,NA,NA,NA,NA,NA,NA,NA,NA,1968568,2240463,32773,1,c491f4791a93a71124b9219b05e718490cf6bd1c68b1ec8fc6a6550e31f844b1,1118,0,34,4
0,19,1,1,3,0.060515396000000006,0.041998999999999995,0.0070039999999999998,179191808,NA,NA,NA,NA,NA,NA,NA,NA,1968568,2240463,32773,1,c491f4791a93a71124b9219b05e718490cf6bd1c68b1ec8fc6a6550e31f844b1,669,0,45,4
0,19,0,0,2,0.040539718000000002,0.022936999999999999,0.0065569999999999995,131104768,NA,NA,NA,NA,NA,NA,NA,NA,837856,318511,16385,4096,b4f737276339a7626b246c204b626e79f9d9ec0f1f160233a5aa1c27728af83f,1068,0,25,3
0,19,1,1,2,0.041064671000000004,0.026608999999999997,0.003326,131141632,NA,NA,NA,NA,NA,NA,NA,NA,837856,318511,16385,4096,b4f737276339a7626b246c204b626e79f9d9ec0f1f160233a5aa1c27728af83f,1069,0,21,3
0,19,0,1,5,0.43528132400000002,0.35546099999999997,0.059251999999999999,1025691648,NA,NA,NA,NA,NA,NA,NA,NA,11457352,5690734,153602,512,388033e7552b3b3255277a47381a62d5067155e67b74e663ad0ac019ed72fc50,1580,0,82,7
0,19,1,0,5,0.44457394500000003,0.34841,0.066365999999999994,1023651840,NA,NA,NA,NA,NA,NA,NA,NA,11457352,5690734,153602,512,388033e7552b3b3255277a47381a62d5067155e67b74e663ad0ac019ed72fc50,1579,0,31,6
0,19,0,1,1,0.055666380000000001,0.040500000000000001,0.0033769999999999998,156303360,NA,NA,NA,NA,NA,NA,NA,NA,994016,407679,8197,1,76f10b65f44b546f736cef2848789238eb7a5f77ce08b564ccca55b5bdc08f36,1079,0,33,4
0,19,1,0,1,0.055346992000000005,0.030275,0.013460999999999999,156712960,NA,NA,NA,NA,NA,NA,NA,NA,994016,407679,8197,1,76f10b65f44b546f736cef2848789238eb7a5f77ce08b564ccca55b5bdc08f36,641,0,42,3
0,19,0,1,0,0.018643142000000001,0.004045,0.0040479999999999995,55336960,NA,NA,NA,NA,NA,NA,NA,NA,2408,135,5,1,3d4d37e7dcef36139698862d60d536450dfb480779ac0676046a82e065e8af0f,1025,0,15,2
0,19,1,0,0,0.027832688000000001,0.002601,0.0051859999999999996,55390208,NA,NA,NA,NA,NA,NA,NA,NA,2408,135,5,1,3d4d37e7dcef36139698862d60d536450dfb480779ac0676046a82e065e8af0f,1029,0,13,3
0,20,0,1,1,0.055289004000000003,0.036991999999999997,0.0067339999999999995,156626944,NA,NA,NA,NA,NA,NA,NA,NA,994016,407679,8197,1,76f10b65f44b546f736cef2848789238eb7a5f77ce08b564ccca55b5bdc08f36,638,0,26,6
0,20,1,0,1,0.054876220000000003,0.033456,0.010041999999999999,156684288,NA,NA,NA,NA,NA,NA,NA,NA,994016,407679,8197,1,76f10b65f44b546f736cef2848789238eb7a5f77ce08b564ccca55b5bdc08f36,639,0,28,4
0,20,0,1,5,0.43409152400000001,0.37659499999999996,0.036992999999999998,1025728512,NA,NA,NA,NA,NA,NA,NA,NA,11457352,5690734,153602,512,388033e7552b3b3255277a47381a62d5067155e67b74e663ad0ac019ed72fc50,1583,0,219,5
0,20,1,0,5,0.44497118000000002,0.37169799999999997,0.043150999999999995,1023610880,NA,NA,NA,NA,NA,NA,NA,NA,11457352,5690734,153602,512,388033e7552b3b3255277a47381a62d5067155e67b74e663ad0ac019ed72fc50,1581,0,132,9
0,20,0,1,3,0.059913208000000003,0.044783999999999997,0.003444,179134464,NA,NA,NA,NA,NA,NA,NA,NA,1968568,2240463,32773,1,c491f4791a93a71124b9219b05e718490cf6bd1c68b1ec8fc6a6550e31f844b1,1120,0,45,3
0,20,1,0,3,0.059693164000000007,0.044727999999999997,0.0034389999999999998,181342208,NA,NA,NA,NA,NA,NA,NA,NA,1968568,2240463,32773,1,c491f4791a93a71124b9219b05e718490cf6bd1c68b1ec8fc6a6550e31f844b1,1122,0,31,4
0,20,0,1,2,0.040940769000000002,0.023144999999999999,0.006607,131203072,NA,NA,NA,NA,NA,NA,NA,NA,837856,318511,16385,4096,b4f737276339a7626b246c204b626e79f9d9ec0f1f160233a5aa1c27728af83f,1070,0,22,2
0,20,1,0,2,0.040803873000000004,0.019715,0.0098399999999999998,131100672,NA,NA,NA,NA,NA,NA,NA,NA,837856,318511,16385,4096,b4f737276339a7626b246c204b626e79f9d9ec0f1f160233a5aa1c27728af83f,1071,0,22,2
0,20,0,1,0,0.018766583,0.0041469999999999996,0.00415,55488512,NA,NA,NA,NA,NA,NA,NA,NA,2408,135,5,1,3d4d37e7dcef36139698862d60d536450dfb480779ac0676046a82e065e8af0f,584,0,12,3
0,20,1,0,0,0.019642955,0.0082349999999999993,0,55300096,NA,NA,NA,NA,NA,NA,NA,NA,2408,135,5,1,3d4d37e7dcef36139698862d60d536450dfb480779ac0676046a82e065e8af0f,1027,0,11,3
0,20,0,1,4,0.198865026,0.165988,0.013552,428359680,NA,NA,NA,NA,NA,NA,NA,NA,5833440,1882629,26625,512,0f41e20848de6408cce7b1c5f57f0212c9401233ca75c7b6652c8ea62bfcd43f,1236,0,157,8
0,20,1,0,4,0.198739102,0.15664899999999998,0.022848,428548096,NA,NA,NA,NA,NA,NA,NA,NA,5833440,1882629,26625,512,0f41e20848de6408cce7b1c5f57f0212c9401233ca75c7b6652c8ea62bfcd43f,1238,0,137,5
0,21,0,0,1,0.055414458000000007,0.034440999999999999,0.0093969999999999991,156389376,NA,NA,NA,NA,NA,NA,NA,NA,994016,407679,8197,1,76f10b65f44b546f736cef2848789238eb7a5f77ce08b564ccca55b5bdc08f36,1080,0,20,4
0,21,1,1,1,0.056218875000000001,0.038240999999999997,0.0063790000000000001,156405760,NA,NA,NA,NA,NA,NA,NA,NA,994016,407679,8197,1,76f10b65f44b546f736cef2848789238eb7a5f77ce08b564ccca55b5bdc08f36,1085,0,37,4
0,21,0,0,3,0.059475468000000004,0.041228999999999995,0.0068739999999999999,181547008,NA,NA,NA,NA,NA,NA,NA,NA,1968568,2240463,32773,1,c491f4791a93a71124b9219b05e718490cf6bd1c68b1ec8fc6a6550e31f844b1,681,0,33,4
0,21,1,1,3,0.059757566000000005,0.038574999999999998,0.009639,179208192,NA,NA,NA,NA,NA,NA,NA,NA,1968568,2240463,32773,1,c491f4791a93a71124b9219b05e718490cf6bd1c68b1ec8fc6a6550e31f844b1,1124,0,37,4
0,21,0,0,2,0.040866089000000001,0.020722999999999998,0.0088839999999999995,131256320,NA,NA,NA,NA,NA,NA,NA,NA,837856,318511,16385,4096,b4f737276339a7626b246c204b626e79f9d9ec0f1f160233a5aa1c27728af83f,1085,0,24,3
0,21,1,1,2,0.041219262,0.023399,0.0066860000000000001,131162112,NA,NA,NA,NA,NA,NA,NA,NA,837856,318511,16385,4096,b4f737276339a7626b246c204b626e79f9d9ec0f1f160233a5aa1c27728af83f,1088,0,24,4
0,21,0,0,5,0.43756590400000001,0.37385399999999996,0.043393000000000001,1023725568,NA,NA,NA,NA,NA,NA,NA,NA,11457352,5690734,153602,512,388033e7552b3b3255277a47381a62d5067155e67b74e663ad0ac019ed72fc50,1585,0,329,8
0,21,1,1,5,0.43602819300000001,0.37216499999999997,0.043209999999999998,1025560576,NA,NA,NA,NA,NA,NA,NA,NA,11457352,5690734,153602,512,388033e7552b3b3255277a47381a62d5067155e67b74e663ad0ac019ed72fc50,1578,0,300,5
0,21,0,0,4,0.200728297,0.16456899999999999,0.016796999999999999,428826624,NA,NA,NA,NA,NA,NA,NA,NA,5833440,1882629,26625,512,0f41e20848de6408cce7b1c5f57f0212c9401233ca75c7b6652c8ea62bfcd43f,797,0,138,4
0,21,1,1,4,0.19759280400000001,0.15562699999999999,0.022692999999999998,428630016,NA,NA,NA,NA,NA,NA,NA,NA,5833440,1882629,26625,512,0f41e20848de6408cce7b1c5f57f0212c9401233ca75c7b6652c8ea62bfcd43f,1239,0,150,5
0,21,0,0,0,0.018762654,0.0027439999999999999,0.0054879999999999998,55259136,NA,NA,NA,NA,NA,NA,NA,NA,2408,135,5,1,3d4d37e7dcef36139698862d60d536450dfb480779ac0676046a82e065e8af0f,1025,0,14,1
0,21,1,1,0,0.019312677,0.0055539999999999999,0.002774,55173120,NA,NA,NA,NA,NA,NA,NA,NA,2408,135,5,1,3d4d37e7dcef36139698862d60d536450dfb480779ac0676046a82e065e8af0f,1026,0,11,3
0,22,0,1,0,0.019840254000000002,0.0057459999999999994,0.0028499999999999997,55431168,NA,NA,NA,NA,NA,NA,NA,NA,2408,135,5,1,3d4d37e7dcef36139698862d60d536450dfb480779ac0676046a82e065e8af0f,1030,0,11,4
0,22,1,0,0,0.019746498000000001,0.0056569999999999997,0.0027879999999999997,55238656,NA,NA,NA,NA,NA,NA,NA,NA,2408,135,5,1,3d4d37e7dcef36139698862d60d536450dfb480779ac0676046a82e065e8af0f,1025,0,11,4
0,22,0,1,5,0.43568131300000001,0.35908699999999999,0.056025999999999999,1025753088,NA,NA,NA,NA,NA,NA,NA,NA,11457352,5690734,153602,512,388033e7552b3b3255277a47381a62d5067155e67b74e663ad0ac019ed72fc50,1583,0,245,5
0,22,1,0,5,0.43637943200000001,0.39217999999999997,0.023472999999999997,1023938560,NA,NA,NA,NA,NA,NA,NA,NA,11457352,5690734,153602,512,388033e7552b3b3255277a47381a62d5067155e67b74e663ad0ac019ed72fc50,1138,0,351,6
0,22,0,0,1,0.055295395000000004,0.040418999999999997,0.003372,156782592,NA,NA,NA,NA,NA,NA,NA,NA,994016,407679,8197,1,76f10b65f44b546f736cef2848789238eb7a5f77ce08b564ccca55b5bdc08f36,643,0,23,4
0,22,1,1,1,0.055886342000000006,0.030688999999999998,0.013651999999999999,156340224,NA,NA,NA,NA,NA,NA,NA,NA,994016,407679,8197,1,76f10b65f44b546f736cef2848789238eb7a5f77ce08b564ccca55b5bdc08f36,1080,0,49,4
0,22,0,0,2,0.040929558000000005,0.01983,0.009918999999999999,131162112,NA,NA,NA,NA,NA,NA,NA,NA,837856,318511,16385,4096,b4f737276339a7626b246c204b626e79f9d9ec0f1f160233a5aa1c27728af83f,1069,0,26,3
0,22,1,1,2,0.041153498000000004,0.023254999999999998,0.0066359999999999995,130953216,NA,NA,NA,NA,NA,NA,NA,NA,837856,318511,16385,4096,b4f737276339a7626b246c204b626e79f9d9ec0f1f160233a5aa1c27728af83f,1067,0,28,3
0,22,0,0,4,0.19934595800000002,0.15699099999999999,0.023380999999999999,428400640,NA,NA,NA,NA,NA,NA,NA,NA,5833440,1882629,26625,512,0f41e20848de6408cce7b1c5f57f0212c9401233ca75c7b6652c8ea62bfcd43f,1247,0,157,5
0,22,1,1,4,0.19954896900000002,0.166601,0.013604999999999999,428625920,NA,NA,NA,NA,NA,NA,NA,NA,5833440,1882629,26625,512,0f41e20848de6408cce7b1c5f57f0212c9401233ca75c7b6652c8ea62bfcd43f,796,0,132,4
0,22,0,0,3,0.059429141000000005,0.041217999999999998,0.0068759999999999993,181260288,NA,NA,NA,NA,NA,NA,NA,NA,1968568,2240463,32773,1,c491f4791a93a71124b9219b05e718490cf6bd1c68b1ec8fc6a6550e31f844b1,1120,0,58,3
0,22,1,1,3,0.060336009000000003,0.039167,0.0097809999999999998,179105792,NA,NA,NA,NA,NA,NA,NA,NA,1968568,2240463,32773,1,c491f4791a93a71124b9219b05e718490cf6bd1c68b1ec8fc6a6550e31f844b1,1120,0,33,5
0,23,0,1,1,0.055743755000000006,0.033943000000000001,0.010187999999999999,156782592,NA,NA,NA,NA,NA,NA,NA,NA,994016,407679,8197,1,76f10b65f44b546f736cef2848789238eb7a5f77ce08b564ccca55b5bdc08f36,642,0,37,4
0,23,1,0,1,0.054629206000000007,0.033362999999999997,0.010015999999999999,156803072,NA,NA,NA,NA,NA,NA,NA,NA,994016,407679,8197,1,76f10b65f44b546f736cef2848789238eb7a5f77ce08b564ccca55b5bdc08f36,641,0,21,2
0,23,0,1,2,0.041336059000000001,0.023397999999999999,0.0066759999999999996,131383296,NA,NA,NA,NA,NA,NA,NA,NA,837856,318511,16385,4096,b4f737276339a7626b246c204b626e79f9d9ec0f1f160233a5aa1c27728af83f,1104,0,28,4
0,23,1,0,2,0.040430795000000005,0.022973,0.0065699999999999995,131092480,NA,NA,NA,NA,NA,NA,NA,NA,837856,318511,16385,4096,b4f737276339a7626b246c204b626e79f9d9ec0f1f160233a5aa1c27728af83f,1066,0,38,4
0,23,0,0,0,0.019002082999999999,0.0041679999999999998,0.0041739999999999998,55230464,NA,NA,NA,NA,NA,NA,NA,NA,2408,135,5,1,3d4d37e7dcef36139698862d60d536450dfb480779ac0676046a82e065e8af0f,1026,0,14,4
0,23,1,1,0,0.019514895000000001,0.0054149999999999997,0.0027079999999999999,55746560,NA,NA,NA,NA,NA,NA,NA,NA,2408,135,5,1,3d4d37e7dcef36139698862d60d536450dfb480779ac0676046a82e065e8af0f,586,0,11,3
0,23,0,1,3,0.060119725000000006,0.041527999999999995,0.0069319999999999998,179404800,NA,NA,NA,NA,NA,NA,NA,NA,1968568,2240463,32773,1,c491f4791a93a71124b9219b05e718490cf6bd1c68b1ec8fc6a6550e31f844b1,1156,0,38,4
0,23,1,0,3,0.060497882000000003,0.045357999999999996,0.0032399999999999998,181366784,NA,NA,NA,NA,NA,NA,NA,NA,1968568,2240463,32773,1,c491f4791a93a71124b9219b05e718490cf6bd1c68b1ec8fc6a6550e31f844b1,1124,0,50,4
0,23,0,1,4,0.198228024,0.15897600000000001,0.019876999999999999,428421120,NA,NA,NA,NA,NA,NA,NA,NA,5833440,1882629,26625,512,0f41e20848de6408cce7b1c5f57f0212c9401233ca75c7b6652c8ea62bfcd43f,1238,0,176,5
0,23,1,0,4,0.19973067900000002,0.15714799999999998,0.023411999999999999,428703744,NA,NA,NA,NA,NA,NA,NA,NA,5833440,1882629,26625,512,0f41e20848de6408cce7b1c5f57f0212c9401233ca75c7b6652c8ea62bfcd43f,797,0,162,3
0,23,0,0,5,0.43851724600000003,0.36509199999999997,0.053106,1023524864,NA,NA,NA,NA,NA,NA,NA,NA,11457352,5690734,153602,512,388033e7552b3b3255277a47381a62d5067155e67b74e663ad0ac019ed72fc50,1579,0,352,5
0,23,1,1,5,0.42598999400000004,0.35683999999999999,0.056702999999999996,1025683456,NA,NA,NA,NA,NA,NA,NA,NA,11457352,5690734,153602,512,388033e7552b3b3255277a47381a62d5067155e67b74e663ad0ac019ed72fc50,1582,0,38,6
0,24,0,0,2,0.040912977000000003,0.023143999999999998,0.0066039999999999996,131301376,NA,NA,NA,NA,NA,NA,NA,NA,837856,318511,16385,4096,b4f737276339a7626b246c204b626e79f9d9ec0f1f160233a5aa1c27728af83f,1071,0,27,5
0,24,1,1,2,0.040993899,0.019935999999999999,0.0099670000000000002,131375104,NA,NA,NA,NA,NA,NA,NA,NA,837856,318511,16385,4096,b4f737276339a7626b246c204b626e79f9d9ec0f1f160233a5aa1c27728af83f,1072,0,25,3
0,24,0,1,5,0.43307063100000004,0.39276699999999998,0.019931000000000001,1025658880,NA,NA,NA,NA,NA,NA,NA,NA,11457352,5690734,153602,512,388033e7552b3b3255277a47381a62d5067155e67b74e663ad0ac019ed72fc50,1581,0,241,7
0,24,1,0,5,0.43580105700000005,0.371998,0.043178999999999995,1023848448,NA,NA,NA,NA,NA,NA,NA,NA,11457352,5690734,153602,512,388033e7552b3b3255277a47381a62d5067155e67b74e663ad0ac019ed72fc50,1133,0,332,5
0,24,0,1,1,0.055908514000000006,0.040915,0.003398,156626944,NA,NA,NA,NA,NA,NA,NA,NA,994016,407679,8197,1,76f10b65f44b546f736cef2848789238eb7a5f77ce08b564ccca55b5bdc08f36,638,0,30,3
0,24,1,0,1,0.055266470000000005,0.033715999999999996,0.010104,156508160,NA,NA,NA,NA,NA,NA,NA,NA,994016,407679,8197,1,76f10b65f44b546f736cef2848789238eb7a5f77ce08b564ccca55b5bdc08f36,1079,0,26,3
0,24,0,1,0,0.018468634000000001,0.0039849999999999998,0.0039899999999999996,55541760,NA,NA,NA,NA,NA,NA,NA,NA,2408,135,5,1,3d4d37e7dcef36139698862d60d536450dfb480779ac0676046a82e065e8af0f,586,0,14,3
0,24,1,0,0,0.018701250000000003,0.0026849999999999999,0.0053709999999999999,55209984,NA,NA,NA,NA,NA,NA,NA,NA,2408,135,5,1,3d4d37e7dcef36139698862d60d536450dfb480779ac0676046a82e065e8af0f,1024,0,12,3
0,24,0,1,3,0.059587497000000003,0.035017,0.012723999999999999,179539968,NA,NA,NA,NA,NA,NA,NA,NA,1968568,2240463,32773,1,c491f4791a93a71124b9219b05e718490cf6bd1c68b1ec8fc6a6550e31f844b1,682,0,53,6
0,24,1,0,3,0.060726212000000002,0.041915000000000001,0.0069839999999999998,181465088,NA,NA,NA,NA,NA,NA,NA,NA,1968568,2240463,32773,1,c491f4791a93a71124b9219b05e718490cf6bd1c68b1ec8fc6a6550e31f844b1,1124,0,65,4
0,24,0,1,4,0.19827849900000002,0.15914200000000001,0.019900999999999999,428183552,NA,NA,NA,NA,NA,NA,NA,NA,5833440,1882629,26625,512,0f41e20848de6408cce7b1c5f57f0212c9401233ca75c7b6652c8ea62bfcd43f,1234,0,59,5
0,24,1,0,4,0.199176612,0.166715,0.013337,428449792,NA,NA,NA,NA,NA,NA,NA,NA,5833440,1882629,26625,512,0f41e20848de6408cce7b1c5f57f0212c9401233ca75c7b6652c8ea62bfcd43f,1238,0,197,6
0,25,0,0,5,0.43627391200000004,0.36314199999999996,0.052812999999999999,1023856640,NA,NA,NA,NA,NA,NA,NA,NA,11457352,5690734,153602,512,388033e7552b3b3255277a47381a62d5067155e67b74e663ad0ac019ed72fc50,1139,0,328,5
0,25,1,1,5,0.44080070600000004,0.37186900000000001,0.040208999999999995,1025777664,NA,NA,NA,NA,NA,NA,NA,NA,11457352,5690734,153602,512,388033e7552b3b3255277a47381a62d5067155e67b74e663ad0ac019ed72fc50,1586,0,291,8
0,25,0,0,3,0.060363551000000001,0.034665999999999995,0.013850999999999999,181604352,NA,NA,NA,NA,NA,NA,NA,NA,1968568,2240463,32773,1,c491f4791a93a71124b9219b05e718490cf6bd1c68b1ec8fc6a6550e31f844b1,681,0,36,5
0,25,1,1,3,0.063687129000000009,0.048438999999999996,0,179249152,NA,NA,NA,NA,NA,NA,NA,NA,1968568,2240463,32773,1,c491f4791a93a71124b9219b05e718490cf6bd1c68b1ec8fc6a6550e31f844b1,1120,0,59,4
0,25,0,0,0,0.019363060000000001,0.0055209999999999999,0.0027649999999999997,55255040,NA,NA,NA,NA,NA,NA,NA,NA,2408,135,5,1,3d4d37e7dcef36139698862d60d536450dfb480779ac0676046a82e065e8af0f,1028,0,12,4
0,25,1,1,0,0.018507327,0.0040049999999999999,0.0040279999999999995,55033856,NA,NA,NA,NA,NA,NA,NA,NA,2408,135,5,1,3d4d37e7dcef36139698862d60d536450dfb480779ac0676046a82e065e8af0f,1022,0,12,4
0,25,0,0,4,0.19683665700000003,0.16101399999999999,0.016770999999999998,428376064,NA,NA,NA,NA,NA,NA,NA,NA,5833440,1882629,26625,512,0f41e20848de6408cce7b1c5f57f0212c9401233ca75c7b6652c8ea62bfcd43f,1237,0,169,7
0,25,1,1,4,0.19862707200000002,0.15621699999999999,0.023275000000000001,428593152,NA,NA,NA,NA,NA,NA,NA,NA,5833440,1882629,26625,512,0f41e20848de6408cce7b1c5f57f0212c9401233ca75c7b6652c8ea62bfcd43f,1282,0,168,6
0,25,0,0,1,0.055414039000000005,0.034678,0.0094659999999999987,156434432,NA,NA,NA,NA,NA,NA,NA,NA,994016,407679,8197,1,76f10b65f44b546f736cef2848789238eb7a5f77ce08b564ccca55b5bdc08f36,1079,0,31,4
0,25,1,1,1,0.055223240000000007,0.028208,0.015650000000000001,156344320,NA,NA,NA,NA,NA,NA,NA,NA,994016,407679,8197,1,76f10b65f44b546f736cef2848789238eb7a5f77ce08b564ccca55b5bdc08f36,1083,0,28,4
0,25,0,1,2,0.040995503000000003,0.019889,0.0099329999999999991,131047424,NA,NA,NA,NA,NA,NA,NA,NA,837856,318511,16385,4096,b4f737276339a7626b246c204b626e79f9d9ec0f1f160233a5aa1c27728af83f,1067,0,22,3
0,25,1,0,2,0.040265694000000005,0.025633,0.0036409999999999997,131473408,NA,NA,NA,NA,NA,NA,NA,NA,837856,318511,16385,4096,b4f737276339a7626b246c204b626e79f9d9ec0f1f160233a5aa1c27728af83f,628,0,25,3
0,26,0,1,4,0.19983004500000001,0.163378,0.017017999999999998,428392448,NA,NA,NA,NA,NA,NA,NA,NA,5833440,1882629,26625,512,0f41e20848de6408cce7b1c5f57f0212c9401233ca75c7b6652c8ea62bfcd43f,1235,0,123,5
0,26,1,0,4,0.19827479200000001,0.15908,0.019887999999999999,428511232,NA,NA,NA,NA,NA,NA,NA,NA,5833440,1882629,26625,512,0f41e20848de6408cce7b1c5f57f0212c9401233ca75c7b6652c8ea62bfcd43f,1238,0,150,8
0,26,0,1,0,0.019108684000000001,0.0041570000000000001,0.0041609999999999998,55357440,NA,NA,NA,NA,NA,NA,NA,NA,2408,135,5,1,3d4d37e7dcef36139698862d60d536450dfb480779ac0676046a82e065e8af0f,1029,0,15,2
0,26,1,0,0,0.019393377,0.0054409999999999997,0.002699,55578624,NA,NA,NA,NA,NA,NA,NA,NA,2408,135,5,1,3d4d37e7dcef36139698862d60d536450dfb480779ac0676046a82e065e8af0f,585,0,10,3
0,26,0,1,1,0.055526699000000006,0.040396000000000001,0.0033679999999999999,156348416,NA,NA,NA,NA,NA,NA,NA,NA,994016,407679,8197,1,76f10b65f44b546f736cef2848789238eb7a5f77ce08b564ccca55b5bdc08f36,1079,0,21,4
0,26,1,0,1,0.055185099000000001,0.030176999999999999,0.013398999999999999,156356608,NA,NA,NA,NA,NA,NA,NA,NA,994016,407679,8197,1,76f10b65f44b546f736cef2848789238eb7a5f77ce08b564ccca55b5bdc08f36,1083,0,23,4
0,26,0,0,5,0.437683814,0.37757799999999997,0.040111000000000001,1023586304,NA,NA,NA,NA,NA,NA,NA,NA,11457352,5690734,153602,512,388033e7552b3b3255277a47381a62d5067155e67b74e663ad0ac019ed72fc50,1582,0,215,7
0,26,1,1,5,0.44123172300000002,0.36874499999999999,0.043565,1025753088,NA,NA,NA,NA,NA,NA,NA,NA,11457352,5690734,153602,512,388033e7552b3b3255277a47381a62d5067155e67b74e663ad0ac019ed72fc50,1581,0,301,3
0,26,0,1,3,0.060117932000000006,0.045094999999999996,0.0034529999999999999,179224576,NA,NA,NA,NA,NA,NA,NA,NA,1968568,2240463,32773,1,c491f4791a93a71124b9219b05e718490cf6bd1c68b1ec8fc6a6550e31f844b1,1124,0,18,3
0,26,1,0,3,0.060812172000000005,0.042258999999999998,0.0064979999999999994,181346304,NA,NA,NA,NA,NA,NA,NA,NA,1968568,2240463,32773,1,c491f4791a93a71124b9219b05e718490cf6bd1c68b1ec8fc6a6550e31f844b1,1121,0,65,4
0,26,0,0,2,0.041055143000000002,0.029807999999999998,0,130887680,NA,NA,NA,NA,NA,NA,NA,NA,837856,318511,16385,4096,b4f737276339a7626b246c204b626e79f9d9ec0f1f160233a5aa1c27728af83f,1066,0,31,3
0,26,1,1,2,0.041084089000000004,0.029791999999999999,0,131481600,NA,NA,NA,NA,NA,NA,NA,NA,837856,318511,16385,4096,b4f737276339a7626b246c204b626e79f9d9ec0f1f160233a5aa1c27728af83f,620,0,30,3
0,27,0,0,1,0.055559229000000002,0.040818,0.0034039999999999999,156749824,NA,NA,NA,NA,NA,NA,NA,NA,994016,407679,8197,1,76f10b65f44b546f736cef2848789238eb7a5f77ce08b564ccca55b5bdc08f36,640,0,23,4
0,27,1,1,1,0.055703941000000007,0.037303999999999997,0.0067840000000000001,156790784,NA,NA,NA,NA,NA,NA,NA,NA,994016,407679,8197,1,76f10b65f44b546f736cef2848789238eb7a5f77ce08b564ccca55b5bdc08f36,641,0,44,3
0,27,0,0,4,0.19842464300000001,0.16218099999999999,0.016895999999999998,428453888,NA,NA,NA,NA,NA,NA,NA,NA,5833440,1882629,26625,512,0f41e20848de6408cce7b1c5f57f0212c9401233ca75c7b6652c8ea62bfcd43f,1236,0,148,5
0,27,1,1,4,0.200409952,0.16114499999999998,0.020145,428363776,NA,NA,NA,NA,NA,NA,NA,NA,5833440,1882629,26625,512,0f41e20848de6408cce7b1c5f57f0212c9401233ca75c7b6652c8ea62bfcd43f,1235,0,165,4
0,27,0,0,0,0.019415999,0.0085059999999999997,0,55472128,NA,NA,NA,NA,NA,NA,NA,NA,2408,135,5,1,3d4d37e7dcef36139698862d60d536450dfb480779ac0676046a82e065e8af0f,583,0,11,3
0,27,1,1,0,0.018398082,0.0077059999999999993,0,55574528,NA,NA,NA,NA,NA,NA,NA,NA,2408,135,5,1,3d4d37e7dcef36139698862d60d536450dfb480779ac0676046a82e065e8af0f,584,0,13,3
0,27,0,0,3,0.058838554000000001,0.037720999999999998,0.0094229999999999991,181596160,NA,NA,NA,NA,NA,NA,NA,NA,1968568,2240463,32773,1,c491f4791a93a71124b9219b05e718490cf6bd1c68b1ec8fc6a6550e31f844b1,682,0,52,4
0,27,1,1,3,0.060102302000000003,0.042175999999999998,0.0064900000000000001,179109888,NA,NA,NA,NA,NA,NA,NA,NA,1968568,2240463,32773,1,c491f4791a93a71124b9219b05e718490cf6bd1c68b1ec8fc6a6550e31f844b1,1120,0,38,4
0,27,0,1,2,0.041237526000000004,0.019966999999999999,0.0099909999999999999,131100672,NA,NA,NA,NA,NA,NA,NA,NA,837856,318511,16385,4096,b4f737276339a7626b246c204b626e79f9d9ec0f1f160233a5aa1c27728af83f,1069,0,28,4
0,27,1,0,2,0.040988339000000006,0.020753999999999998,0.0088989999999999989,131149824,NA,NA,NA,NA,NA,NA,NA,NA,837856,318511,16385,4096,b4f737276339a7626b246c204b626e79f9d9ec0f1f160233a5aa1c27728af83f,1071,0,27,5
0,27,0,1,5,0.43565629600000005,0.36533599999999999,0.049763999999999996,1026220032,NA,NA,NA,NA,NA,NA,NA,NA,11457352,5690734,153602,512,388033e7552b3b3255277a47381a62d5067155e67b74e663ad0ac019ed72fc50,1143,0,178,9
0,27,1,0,5,0.44404242900000002,0.36792799999999998,0.046834999999999995,1023848448,NA,NA,NA,NA,NA,NA,NA,NA,11457352,5690734,153602,512,388033e7552b3b3255277a47381a62d5067155e67b74e663ad0ac019ed72fc50,1140,0,215,5
0,28,0,0,5,0.43539244200000005,0.36848900000000001,0.046484999999999999,1023893504,NA,NA,NA,NA,NA,NA,NA,NA,11457352,5690734,153602,512,388033e7552b3b3255277a47381a62d5067155e67b74e663ad0ac019ed72fc50,1140,0,139,5
0,28,1,1,5,0.43460493600000005,0.356825,0.057227,1025691648,NA,NA,NA,NA,NA,NA,NA,NA,11457352,5690734,153602,512,388033e7552b3b3255277a47381a62d5067155e67b74e663ad0ac019ed72fc50,1582,0,261,5
0,28,0,0,4,0.198726398,0.16644799999999998,0.013058,428335104,NA,NA,NA,NA,NA,NA,NA,NA,5833440,1882629,26625,512,0f41e20848de6408cce7b1c5f57f0212c9401233ca75c7b6652c8ea62bfcd43f,1233,0,146,5
0,28,1,1,4,0.19883182600000002,0.15983600000000001,0.019976999999999998,428621824,NA,NA,NA,NA,NA,NA,NA,NA,5833440,1882629,26625,512,0f41e20848de6408cce7b1c5f57f0212c9401233ca75c7b6652c8ea62bfcd43f,785,0,133,5
0,28,0,0,0,0.019637814,0.0062989999999999999,0.002098,55685120,NA,NA,NA,NA,NA,NA,NA,NA,2408,135,5,1,3d4d37e7dcef36139698862d60d536450dfb480779ac0676046a82e065e8af0f,585,0,11,3
0,28,1,1,0,0.018827086,0.0080739999999999996,0,55308288,NA,NA,NA,NA,NA,NA,NA,NA,2408,135,5,1,3d4d37e7dcef36139698862d60d536450dfb480779ac0676046a82e065e8af0f,1027,0,14,3
0,28,0,1,1,0.055585339000000004,0.037288999999999996,0.0067869999999999996,156499968,NA,NA,NA,NA,NA,NA,NA,NA,994016,407679,8197,1,76f10b65f44b546f736cef2848789238eb7a5f77ce08b564ccca55b5bdc08f36,1084,0,20,5
0,28,1,0,1,0.055697659000000004,0.034546,0.009408999999999999,156479488,NA,NA,NA,NA,NA,NA,NA,NA,994016,407679,8197,1,76f10b65f44b546f736cef2848789238eb7a5f77ce08b564ccca55b5bdc08f36,1085,0,49,5
0,28,0,0,3,0.060041017000000002,0.041312999999999996,0.0068889999999999993,181522432,NA,NA,NA,NA,NA,NA,NA,NA,1968568,2240463,32773,1,c491f4791a93a71124b9219b05e718490cf6bd1c68b1ec8fc6a6550e31f844b1,679,0,32,2
0,28,1,1,3,0.059846593000000003,0.032070000000000001,0.016031,179216384,NA,NA,NA,NA,NA,NA,NA,NA,1968568,2240463,32773,1,c491f4791a93a71124b9219b05e718490cf6bd1c68b1ec8fc6a6550e31f844b1,1121,0,33,3
0,28,0,0,2,0.040459537000000004,0.026058999999999999,0.0032469999999999999,131309568,NA,NA,NA,NA,NA,NA,NA,NA,837856,318511,16385,4096,b4f737276339a7626b246c204b626e79f9d9ec0f1f160233a5aa1c27728af83f,624,0,23,4
0,28,1,1,2,0.041244788000000004,0.023282999999999998,0.0066559999999999996,131125248,NA,NA,NA,NA,NA,NA,NA,NA,837856,318511,16385,4096,b4f737276339a7626b246c204b626e79f9d9ec0f1f160233a5aa1c27728af83f,1067,0,26,3
0,29,0,0,1,0.055130196000000006,0.033442,0.010036,156442624,NA,NA,NA,NA,NA,NA,NA,NA,994016,407679,8197,1,76f10b65f44b546f736cef2848789238eb7a5f77ce08b564ccca55b5bdc08f36,1081,0,48,3
0,29,1,1,1,0.056010986000000006,0.037772,0.0068379999999999995,156499968,NA,NA,NA,NA,NA,NA,NA,NA,994016,407679,8197,1,76f10b65f44b546f736cef2848789238eb7a5f77ce08b564ccca55b5bdc08f36,1084,0,33,4
0,29,0,1,4,0.19750820500000002,0.16825899999999999,0.010090999999999999,428273664,NA,NA,NA,NA,NA,NA,NA,NA,5833440,1882629,26625,512,0f41e20848de6408cce7b1c5f57f0212c9401233ca75c7b6652c8ea62bfcd43f,1233,0,136,5
0,29,1,0,4,0.19930991100000001,0.153029,0.026605999999999998,428142592,NA,NA,NA,NA,NA,NA,NA,NA,5833440,1882629,26625,512,0f41e20848de6408cce7b1c5f57f0212c9401233ca75c7b6652c8ea62bfcd43f,1232,0,104,6
0,29,0,1,3,0.059992687000000003,0.037963999999999998,0.010336999999999999,179486720,NA,NA,NA,NA,NA,NA,NA,NA,1968568,2240463,32773,1,c491f4791a93a71124b9219b05e718490cf6bd1c68b1ec8fc6a6550e31f844b1,681,0,42,3
0,29,1,0,3,0.059900705000000005,0.045154,0.0032269999999999998,181231616,NA,NA,NA,NA,NA,NA,NA,NA,1968568,2240463,32773,1,c491f4791a93a71124b9219b05e718490cf6bd1c68b1ec8fc6a6550e31f844b1,1119,0,47,3
0,29,0,1,2,0.040857534000000001,0.023112000000000001,0.0066049999999999998,131133440,NA,NA,NA,NA,NA,NA,NA,NA,837856,318511,16385,4096,b4f737276339a7626b246c204b626e79f9d9ec0f1f160233a5aa1c27728af83f,1066,0,27,4
0,29,1,0,2,0.040956720000000002,0.023032,0.0065839999999999996,131395584,NA,NA,NA,NA,NA,NA,NA,NA,837856,318511,16385,4096,b4f737276339a7626b246c204b626e79f9d9ec0f1f160233a5aa1c27728af83f,624,0,25,4
0,29,0,1,5,0.43583285600000005,0.36170799999999997,0.05357,1025691648,NA,NA,NA,NA,NA,NA,NA,NA,11457352,5690734,153602,512,388033e7552b3b3255277a47381a62d5067155e67b74e663ad0ac019ed72fc50,1584,0,297,7
0,29,1,0,5,0.443021465,0.35738300000000001,0.056792999999999996,1023741952,NA,NA,NA,NA,NA,NA,NA,NA,11457352,5690734,153602,512,388033e7552b3b3255277a47381a62d5067155e67b74e663ad0ac019ed72fc50,1592,0,252,8
0,29,0,1,0,0.019271338000000002,0.0085970000000000005,0,55267328,NA,NA,NA,NA,NA,NA,NA,NA,2408,135,5,1,3d4d37e7dcef36139698862d60d536450dfb480779ac0676046a82e065e8af0f,1029,0,14,3
0,29,1,0,0,0.018326999,0.0025590000000000001,0.0051149999999999998,55726080,NA,NA,NA,NA,NA,NA,NA,NA,2408,135,5,1,3d4d37e7dcef36139698862d60d536450dfb480779ac0676046a82e065e8af0f,587,0,13,4
0,30,0,0,0,0.01847234,0.0039410000000000001,0.0039439999999999996,55291904,NA,NA,NA,NA,NA,NA,NA,NA,2408,135,5,1,3d4d37e7dcef36139698862d60d536450dfb480779ac0676046a82e065e8af0f,1028,0,11,3
0,30,1,1,0,0.019515417,0.0056259999999999999,0.0027810000000000001,55537664,NA,NA,NA,NA,NA,NA,NA,NA,2408,135,5,1,3d4d37e7dcef36139698862d60d536450dfb480779ac0676046a82e065e8af0f,584,0,10,2
0,30,0,1,1,0.055168497000000004,0.031054999999999999,0.012390999999999999,156246016,NA,NA,NA,NA,NA,NA,NA,NA,994016,407679,8197,1,76f10b65f44b546f736cef2848789238eb7a5f77ce08b564ccca55b5bdc08f36,1076,0,35,5
0,30,1,0,1,0.055609343000000006,0.033776,0.010125,156393472,NA,NA,NA,NA,NA,NA,NA,NA,994016,407679,8197,1,76f10b65f44b546f736cef2848789238eb7a5f77ce08b564ccca55b5bdc08f36,1082,0,22,3
0,30,0,0,3,0.059578040000000006,0.044739999999999995,0.0031969999999999998,181346304,NA,NA,NA,NA,NA,NA,NA,NA,1968568,2240463,32773,1,c491f4791a93a71124b9219b05e718490cf6bd1c68b1ec8fc6a6550e31f844b1,1122,0,46,4
0,30,1,1,3,0.059727509000000005,0.031087999999999998,0.017276,179601408,NA,NA,NA,NA,NA,NA,NA,NA,1968568,2240463,32773,1,c491f4791a93a71124b9219b05e718490cf6bd1c68b1ec8fc6a6550e31f844b1,676,0,54,4
0,30,0,1,2,0.040850549999999999,0.026515,0.0033169999999999996,131219456,NA,NA,NA,NA,NA,NA,NA,NA,837856,318511,16385,4096,b4f737276339a7626b246c204b626e79f9d9ec0f1f160233a5aa1c27728af83f,1071,0,47,4
0,30,1,0,2,0.040613977000000002,0.029415,0,131420160,NA,NA,NA,NA,NA,NA,NA,NA,837856,318511,16385,4096,b4f737276339a7626b246c204b626e79f9d9ec0f1f160233a5aa1c27728af83f,626,0,32,3
0,30,0,1,5,0.43237339500000005,0.35701299999999997,0.055661999999999996,1025699840,NA,NA,NA,NA,NA,NA,NA,NA,11457352,5690734,153602,512,388033e7552b3b3255277a47381a62d5067155e67b74e663ad0ac019ed72fc50,1581,0,210,9
0,30,1,0,5,0.43483863300000003,0.38075699999999996,0.033403999999999996,1023860736,NA,NA,NA,NA,NA,NA,NA,NA,11457352,5690734,153602,512,388033e7552b3b3255277a47381a62d5067155e67b74e663ad0ac019ed72fc50,1138,0,311,6
0,30,0,0,4,0.19917358600000001,0.16334599999999999,0.016671999999999999,428654592,NA,NA,NA,NA,NA,NA,NA,NA,5833440,1882629,26625,512,0f41e20848de6408cce7b1c5f57f0212c9401233ca75c7b6652c8ea62bfcd43f,794,0,201,4
0,30,1,1,4,0.197975492,0.155136,0.023607,428462080,NA,NA,NA,NA,NA,NA,NA,NA,5833440,1882629,26625,512,0f41e20848de6408cce7b1c5f57f0212c9401233ca75c7b6652c8ea62bfcd43f,1237,0,172,5
0,31,0,1,4,0.19924952800000001,0.16297799999999998,0.016975000000000001,428634112,NA,NA,NA,NA,NA,NA,NA,NA,5833440,1882629,26625,512,0f41e20848de6408cce7b1c5f57f0212c9401233ca75c7b6652c8ea62bfcd43f,1241,0,187,5
0,31,1,0,4,0.201004977,0.167684,0.013413,428314624,NA,NA,NA,NA,NA,NA,NA,NA,5833440,1882629,26625,512,0f41e20848de6408cce7b1c5f57f0212c9401233ca75c7b6652c8ea62bfcd43f,1236,0,117,6
0,31,0,1,3,0.060146384000000004,0.044718999999999995,0.003441,179073024,NA,NA,NA,NA,NA,NA,NA,NA,1968568,2240463,32773,1,c491f4791a93a71124b9219b05e718490cf6bd1c68b1ec8fc6a6550e31f844b1,1118,0,64,3
0,31,1,0,3,0.059955967000000006,0.041846000000000001,0.0064379999999999993,181174272,NA,NA,NA,NA,NA,NA,NA,NA,1968568,2240463,32773,1,c491f4791a93a71124b9219b05e718490cf6bd1c68b1ec8fc6a6550e31f844b1,1122,0,48,4
0,31,0,1,0,0.019176220000000001,0.0041979999999999995,0.0041999999999999997,55349248,NA,NA,NA,NA,NA,NA,NA,NA,2408,135,5,1,3d4d37e7dcef36139698862d60d536450dfb480779ac0676046a82e065e8af0f,1030,0,14,3
0,31,1,0,0,0.019058609000000001,0.0080269999999999994,0,55255040,NA,NA,NA,NA,NA,NA,NA,NA,2408,135,5,1,3d4d37e7dcef36139698862d60d536450dfb480779ac0676046a82e065e8af0f,1026,0,10,3
0,31,0,0,1,0.054857184000000003,0.035824000000000002,0.0071500000000000001,156508160,NA,NA,NA,NA,NA,NA,NA,NA,994016,407679,8197,1,76f10b65f44b546f736cef2848789238eb7a5f77ce08b564ccca55b5bdc08f36,1097,0,48,4
0,31,1,1,1,0.055828063000000004,0.031496999999999997,0.012595,156315648,NA,NA,NA,NA,NA,NA,NA,NA,994016,407679,8197,1,76f10b65f44b546f736cef2848789238eb7a5f77ce08b564ccca55b5bdc08f36,1102,0,27,5
0,31,0,0,2,0.040607805000000004,0.025714999999999998,0.0036739999999999997,131543040,NA,NA,NA,NA,NA,NA,NA,NA,837856,318511,16385,4096,b4f737276339a7626b246c204b626e79f9d9ec0f1f160233a5aa1c27728af83f,624,0,22,3
0,31,1,1,2,0.041421210999999999,0.021058999999999998,0.0090329999999999994,131256320,NA,NA,NA,NA,NA,NA,NA,NA,837856,318511,16385,4096,b4f737276339a7626b246c204b626e79f9d9ec0f1f160233a5aa1c27728af83f,1070,0,31,4
0,31,0,0,5,0.44626265800000003,0.37282699999999996,0.043268000000000001,1023631360,NA,NA,NA,NA,NA,NA,NA,NA,11457352,5690734,153602,512,388033e7552b3b3255277a47381a62d5067155e67b74e663ad0ac019ed72fc50,1605,0,279,7
0,31,1,1,5,0.43327090700000004,0.36118800000000001,0.051963999999999996,1026015232,NA,NA,NA,NA,NA,NA,NA,NA,11457352,5690734,153602,512,388033e7552b3b3255277a47381a62d5067155e67b74e663ad0ac019ed72fc50,1140,0,332,5
0,32,0,0,2,0.040826145000000001,0.019678999999999999,0.009833999999999999,130904064,NA,NA,NA,NA,NA,NA,NA,NA,837856,318511,16385,4096,b4f737276339a7626b246c204b626e79f9d9ec0f1f160233a5aa1c27728af83f,1065,0,28,2
0,32,1,1,2,0.041156583000000004,0.019878999999999997,0.0099369999999999997,131297280,NA,NA,NA,NA,NA,NA,NA,NA,837856,318511,16385,4096,b4f737276339a7626b246c204b626e79f9d9ec0f1f160233a5aa1c27728af83f,625,0,35,5
0,32,0,1,1,0.055391476000000002,0.037725999999999996,0.0062889999999999995,156495872,NA,NA,NA,NA,NA,NA,NA,NA,994016,407679,8197,1,76f10b65f44b546f736cef2848789238eb7a5f77ce08b564ccca55b5bdc08f36,1083,0,26,4
0,32,1,0,1,0.055426962000000003,0.034439999999999998,0.0093689999999999989,156332032,NA,NA,NA,NA,NA,NA,NA,NA,994016,407679,8197,1,76f10b65f44b546f736cef2848789238eb7a5f77ce08b564ccca55b5bdc08f36,1082,0,39,4
0,32,0,0,5,0.43663089300000002,0.34591099999999997,0.069865999999999998,1023672320,NA,NA,NA,NA,NA,NA,NA,NA,11457352,5690734,153602,512,388033e7552b3b3255277a47381a62d5067155e67b74e663ad0ac019ed72fc50,1582,0,244,8
0,32,1,1,5,0.43857226000000005,0.37690199999999996,0.040383999999999996,1025626112,NA,NA,NA,NA,NA,NA,NA,NA,11457352,5690734,153602,512,388033e7552b3b3255277a47381a62d5067155e67b74e663ad0ac019ed72fc50,1580,0,27,6
0,32,0,0,3,0.060645190000000002,0.042396999999999997,0.0065269999999999998,181039104,NA,NA,NA,NA,NA,NA,NA,NA,1968568,2240463,32773,1,c491f4791a93a71124b9219b05e718490cf6bd1c68b1ec8fc6a6550e31f844b1,1117,0,39,4
0,32,1,1,3,0.060017323000000004,0.041291000000000001,0.0068859999999999998,179425280,NA,NA,NA,NA,NA,NA,NA,NA,1968568,2240463,32773,1,c491f4791a93a71124b9219b05e718490cf6bd1c68b1ec8fc6a6550e31f844b1,1164,0,49,3
0,32,0,0,4,0.19934483600000003,0.163383,0.016662,428347392,NA,NA,NA,NA,NA,NA,NA,NA,5833440,1882629,26625,512,0f41e20848de6408cce7b1c5f57f0212c9401233ca75c7b6652c8ea62bfcd43f,1238,0,130,5
0,32,1,1,4,0.19809231000000002,0.162165,0.016546999999999999,428486656,NA,NA,NA,NA,NA,NA,NA,NA,5833440,1882629,26625,512,0f41e20848de6408cce7b1c5f57f0212c9401233ca75c7b6652c8ea62bfcd43f,1238,0,120,4
0,32,0,1,0,0.019166251000000002,0.0042750000000000002,0.0042709999999999996,55500800,NA,NA,NA,NA,NA,NA,NA,NA,2408,135,5,1,3d4d37e7dcef36139698862d60d536450dfb480779ac0676046a82e065e8af0f,1032,0,13,3
0,32,1,0,0,0.019467597,0.008208,0,55230464,NA,NA,NA,NA,NA,NA,NA,NA,2408,135,5,1,3d4d37e7dcef36139698862d60d536450dfb480779ac0676046a82e065e8af0f,1027,0,13,3
0,33,0,1,3,0.060521937000000005,0.041827999999999997,0.0069909999999999998,179515392,NA,NA,NA,NA,NA,NA,NA,NA,1968568,2240463,32773,1,c491f4791a93a71124b9219b05e718490cf6bd1c68b1ec8fc6a6550e31f844b1,681,0,34,5
0,33,1,0,3,0.060097833000000003,0.035364,0.012860999999999999,181215232,NA,NA,NA,NA,NA,NA,NA,NA,1968568,2240463,32773,1,c491f4791a93a71124b9219b05e718490cf6bd1c68b1ec8fc6a6550e31f844b1,1123,0,37,3
0,33,0,1,2,0.040918375999999999,0.023205999999999997,0.00662,131129344,NA,NA,NA,NA,NA,NA,NA,NA,837856,318511,16385,4096,b4f737276339a7626b246c204b626e79f9d9ec0f1f160233a5aa1c27728af83f,1068,0,39,2
0,33,1,0,2,0.0406421,0.019545999999999997,0.0097669999999999996,131395584,NA,NA,NA,NA,NA,NA,NA,NA,837856,318511,16385,4096,b4f737276339a7626b246c204b626e79f9d9ec0f1f160233a5aa1c27728af83f,621,0,27,3
0,33,0,1,5,0.43348268300000004,0.370535,0.043397999999999999,1025851392,NA,NA,NA,NA,NA,NA,NA,NA,11457352,5690734,153602,512,388033e7552b3b3255277a47381a62d5067155e67b74e663ad0ac019ed72fc50,1583,0,301,8
0,33,1,0,5,0.43873616700000001,0.36126799999999998,0.056880999999999994,1023549440,NA,NA,NA,NA,NA,NA,NA,NA,11457352,5690734,153602,512,388033e7552b3b3255277a47381a62d5067155e67b74e663ad0ac019ed72fc50,1581,0,308,7
0,33,0,1,4,0.19958273300000001,0.16005999999999998,0.020007,428224512,NA,NA,NA,NA,NA,NA,NA,NA,5833440,1882629,26625,512,0f41e20848de6408cce7b1c5f57f0212c9401233ca75c7b6652c8ea62bfcd43f,1234,0,160,3
0,33,1,0,4,0.19936390200000001,0.15651399999999999,0.023311999999999999,428568576,NA,NA,NA,NA,NA,NA,NA,NA,5833440,1882629,26625,512,0f41e20848de6408cce7b1c5f57f0212c9401233ca75c7b6652c8ea62bfcd43f,1239,0,127,4
0,33,0,0,1,0.061334551000000001,0.040911999999999997,0.0034039999999999999,156360704,NA,NA,NA,NA,NA,NA,NA,NA,994016,407679,8197,1,76f10b65f44b546f736cef2848789238eb7a5f77ce08b564ccca55b5bdc08f36,1083,0,29,3
0,33,1,1,1,0.065798465,0.040992000000000001,0.0034139999999999999,156508160,NA,NA,NA,NA,NA,NA,NA,NA,994016,407679,8197,1,76f10b65f44b546f736cef2848789238eb7a5f77ce08b564ccca55b5bdc08f36,1084,0,17,3
0,33,0,0,0,0.019631823,0.0054609999999999997,0.0027239999999999999,55246848,NA,NA,NA,NA,NA,NA,NA,NA,2408,135,5,1,3d4d37e7dcef36139698862d60d536450dfb480779ac0676046a82e065e8af0f,1027,0,9,3
0,33,1,1,0,0.019312334,0.0082089999999999993,0,55488512,NA,NA,NA,NA,NA,NA,NA,NA,2408,135,5,1,3d4d37e7dcef36139698862d60d536450dfb480779ac0676046a82e065e8af0f,1062,0,9,4
0,34,0,1,5,0.45026702200000002,0.36118400000000001,0.053489999999999996,1025798144,NA,NA,NA,NA,NA,NA,NA,NA,11457352,5690734,153602,512,388033e7552b3b3255277a47381a62d5067155e67b74e663ad0ac019ed72fc50,1618,0,177,7
0,34,1,0,5,0.43437105800000003,0.37056800000000001,0.046301999999999996,1023832064,NA,NA,NA,NA,NA,NA,NA,NA,11457352,5690734,153602,512,388033e7552b3b3255277a47381a62d5067155e67b74e663ad0ac019ed72fc50,1133,0,219,10
0,34,0,1,2,0.049380773000000003,0.029722999999999999,0,131330048,NA,NA,NA,NA,NA,NA,NA,NA,837856,318511,16385,4096,b4f737276339a7626b246c204b626e79f9d9ec0f1f160233a5aa1c27728af83f,625,0,21,4
0,34,1,0,2,0.040781842000000006,0.022942000000000001,0.0065569999999999995,130883584,NA,NA,NA,NA,NA,NA,NA,NA,837856,318511,16385,4096,b4f737276339a7626b246c204b626e79f9d9ec0f1f160233a5aa1c27728af83f,1067,0,23,5
0,34,0,0,3,0.059246578000000001,0.037381999999999999,0.010204,181518336,NA,NA,NA,NA,NA,NA,NA,NA,1968568,2240463,32773,1,c491f4791a93a71124b9219b05e718490cf6bd1c68b1ec8fc6a6550e31f844b1,678,0,44,5
0,34,1,1,3,0.063948799000000001,0.039403000000000001,0.0090919999999999994,179048448,NA,NA,NA,NA,NA,NA,NA,NA,1968568,2240463,32773,1,c491f4791a93a71124b9219b05e718490cf6bd1c68b1ec8fc6a6550e31f844b1,1118,0,33,2
0,34,0,0,0,0.018974252,0.0055620000000000001,0.0027819999999999998,55341056,NA,NA,NA,NA,NA,NA,NA,NA,2408,135,5,1,3d4d37e7dcef36139698862d60d536450dfb480779ac0676046a82e065e8af0f,1027,0,11,3
0,34,1,1,0,0.019351728000000002,0.0082810000000000002,0,55357440,NA,NA,NA,NA,NA,NA,NA,NA,2408,135,5,1,3d4d37e7dcef36139698862d60d536450dfb480779ac0676046a82e065e8af0f,1029,0,9,3
0,34,0,0,4,0.19974107900000002,0.16053000000000001,0.020063999999999999,428400640,NA,NA,NA,NA,NA,NA,NA,NA,5833440,1882629,26625,512,0f41e20848de6408cce7b1c5f57f0212c9401233ca75c7b6652c8ea62bfcd43f,1236,0,175,6
0,34,1,1,4,0.20471197200000002,0.150779,0.029491,428285952,NA,NA,NA,NA,NA,NA,NA,NA,5833440,1882629,26625,512,0f41e20848de6408cce7b1c5f57f0212c9401233ca75c7b6652c8ea62bfcd43f,1234,0,135,3
0,34,0,1,1,0.055370807000000001,0.033764999999999996,0.010112999999999999,156352512,NA,NA,NA,NA,NA,NA,NA,NA,994016,407679,8197,1,76f10b65f44b546f736cef2848789238eb7a5f77ce08b564ccca55b5bdc08f36,1080,0,27,4
0,34,1,0,1,0.058712016000000006,0.039823999999999998,0.0036109999999999996,156721152,NA,NA,NA,NA,NA,NA,NA,NA,994016,407679,8197,1,76f10b65f44b546f736cef2848789238eb7a5f77ce08b564ccca55b5bdc08f36,639,0,19,2
0,35,0,0,5,0.440371491,0.36640699999999998,0.053293999999999994,1023778816,NA,NA,NA,NA,NA,NA,NA,NA,11457352,5690734,153602,512,388033e7552b3b3255277a47381a62d5067155e67b74e663ad0ac019ed72fc50,1582,0,219,5
0,35,1,1,5,0.43366490400000002,0.35958000000000001,0.053281999999999996,1026101248,NA,NA,NA,NA,NA,NA,NA,NA,11457352,5690734,153602,512,388033e7552b3b3255277a47381a62d5067155e67b74e663ad0ac019ed72fc50,1140,0,63,6
0,35,0,0,1,0.055432112000000006,0.040635999999999999,0.003388,156266496,NA,NA,NA,NA,NA,NA,NA,NA,994016,407679,8197,1,76f10b65f44b546f736cef2848789238eb7a5f77ce08b564ccca55b5bdc08f36,1079,0,23,4
0,35,1,1,1,0.055249509000000002,0.033753999999999999,0.010133999999999999,156147712,NA,NA,NA,NA,NA,NA,NA,NA,994016,407679,8197,1,76f10b65f44b546f736cef2848789238eb7a5f77ce08b564ccca55b5bdc08f36,1077,0,30,5
0,35,0,1,0,0.018654593000000001,0.0026999999999999997,0.0053869999999999994,55250944,NA,NA,NA,NA,NA,NA,NA,NA,2408,135,5,1,3d4d37e7dcef36139698862d60d536450dfb480779ac0676046a82e065e8af0f,1028,0,11,3
0,35,1,0,0,0.018195091,0.003852,0.0038539999999999998,55230464,NA,NA,NA,NA,NA,NA,NA,NA,2408,135,5,1,3d4d37e7dcef36139698862d60d536450dfb480779ac0676046a82e065e8af0f,1027,0,11,3
0,35,0,1,4,0.20808240800000002,0.158194,0.019771999999999998,428470272,NA,NA,NA,NA,NA,NA,NA,NA,5833440,1882629,26625,512,0f41e20848de6408cce7b1c5f57f0212c9401233ca75c7b6652c8ea62bfcd43f,1239,0,121,7
0,35,1,0,4,0.19838017900000002,0.16636999999999999,0.013052999999999999,428515328,NA,NA,NA,NA,NA,NA,NA,NA,5833440,1882629,26625,512,0f41e20848de6408cce7b1c5f57f0212c9401233ca75c7b6652c8ea62bfcd43f,1239,0,131,5
0,35,0,1,3,0.060131697000000005,0.034589999999999996,0.013836999999999999,178999296,NA,NA,NA,NA,NA,NA,NA,NA,1968568,2240463,32773,1,c491f4791a93a71124b9219b05e718490cf6bd1c68b1ec8fc6a6550e31f844b1,1118,0,39,3
0,35,1,0,3,0.059200744000000007,0.034071999999999998,0.013602999999999999,181354496,NA,NA,NA,NA,NA,NA,NA,NA,1968568,2240463,32773,1,c491f4791a93a71124b9219b05e718490cf6bd1c68b1ec8fc6a6550e31f844b1,1126,0,41,3
0,35,0,0,2,0.040373558000000004,0.02283,0.0065269999999999998,131149824,NA,NA,NA,NA,NA,NA,NA,NA,837856,318511,16385,4096,b4f737276339a7626b246c204b626e79f9d9ec0f1f160233a5aa1c27728af83f,1072,0,21,2
0,35,1,1,2,0.041079278000000004,0.023809999999999998,0.0059569999999999996,131145728,NA,NA,NA,NA,NA,NA,NA,NA,837856,318511,16385,4096,b4f737276339a7626b246c204b626e79f9d9ec0f1f160233a5aa1c27728af83f,1069,0,25,3
0,36,0,0,1,0.055184127000000006,0.033550999999999997,0.010064999999999999,156356608,NA,NA,NA,NA,NA,NA,NA,NA,994016,407679,8197,1,76f10b65f44b546f736cef2848789238eb7a5f77ce08b564ccca55b5bdc08f36,1081,0,13,4
0,36,1,1,1,0.055869290000000002,0.037891000000000001,0.0063039999999999997,156262400,NA,NA,NA,NA,NA,NA,NA,NA,994016,407679,8197,1,76f10b65f44b546f736cef2848789238eb7a5f77ce08b564ccca55b5bdc08f36,1079,0,33,3
0,36,0,1,5,0.43391275000000001,0.38758399999999998,0.026728999999999999,1026080768,NA,NA,NA,NA,NA,NA,NA,NA,11457352,5690734,153602,512,388033e7552b3b3255277a47381a62d5067155e67b74e663ad0ac019ed72fc50,1143,0,149,7
0,36,1,0,5,0.44424496800000002,0.36868099999999998,0.046933999999999997,1023488000,NA,NA,NA,NA,NA,NA,NA,NA,11457352,5690734,153602,512,388033e7552b3b3255277a47381a62d5067155e67b74e663ad0ac019ed72fc50,1580,0,36,4
0,36,0,1,4,0.19930125400000001,0.16006499999999999,0.020000999999999998,428441600,NA,NA,NA,NA,NA,NA,NA,NA,5833440,1882629,26625,512,0f41e20848de6408cce7b1c5f57f0212c9401233ca75c7b6652c8ea62bfcd43f,793,0,120,7
0,36,1,0,4,0.19890391000000002,0.15928,0.020330999999999998,428535808,NA,NA,NA,NA,NA,NA,NA,NA,5833440,1882629,26625,512,0f41e20848de6408cce7b1c5f57f0212c9401233ca75c7b6652c8ea62bfcd43f,1240,0,149,4
0,36,0,1,2,0.041242414000000005,0.02384,0.005947,131317760,NA,NA,NA,NA,NA,NA,NA,NA,837856,318511,16385,4096,b4f737276339a7626b246c204b626e79f9d9ec0f1f160233a5aa1c27728af83f,624,0,24,4
0,36,1,0,2,0.040678157,0.017669000000000001,0.011779999999999999,131354624,NA,NA,NA,NA,NA,NA,NA,NA,837856,318511,16385,4096,b4f737276339a7626b246c204b626e79f9d9ec0f1f160233a5aa1c27728af83f,1096,0,22,3
0,36,0,0,0,0.018738581000000001,0.0082199999999999999,0,55255040,NA,NA,NA,NA,NA,NA,NA,NA,2408,135,5,1,3d4d37e7dcef36139698862d60d536450dfb480779ac0676046a82e065e8af0f,1027,0,11,4
0,36,1,1,0,0.019055083,0.00415,0.0041489999999999999,55341056,NA,NA,NA,NA,NA,NA,NA,NA,2408,135,5,1,3d4d37e7dcef36139698862d60d536450dfb480779ac0676046a82e065e8af0f,1027,0,10,3
0,36,0,1,3,0.059870748000000001,0.044538000000000001,0.0034319999999999997,179056640,NA,NA,NA,NA,NA,NA,NA,NA,1968568,2240463,32773,1,c491f4791a93a71124b9219b05e718490cf6bd1c68b1ec8fc6a6550e31f844b1,1119,0,54,4
0,36,1,0,3,0.059798041000000003,0.048304,0,181694464,NA,NA,NA,NA,NA,NA,NA,NA,1968568,2240463,32773,1,c491f4791a93a71124b9219b05e718490cf6bd1c68b1ec8fc6a6550e31f844b1,682,0,31,4
0,37,0,0,3,0.059748378000000005,0.035077999999999998,0.012754999999999999,181153792,NA,NA,NA,NA,NA,NA,NA,NA,1968568,2240463,32773,1,c491f4791a93a71124b9219b05e718490cf6bd1c68b1ec8fc6a6550e31f844b1,1120,0,31,4
0,37,1,1,3,0.059760751000000001,0.041305000000000001,0.0068859999999999998,179511296,NA,NA,NA,NA,NA,NA,NA,NA,1968568,2240463,32773,1,c491f4791a93a71124b9219b05e718490cf6bd1c68b1ec8fc6a6550e31f844b1,681,0,27,3
0,37,0,1,1,0.055988443000000006,0.037559999999999996,0.0068299999999999993,156438528,NA,NA,NA,NA,NA,NA,NA,NA,994016,407679,8197,1,76f10b65f44b546f736cef2848789238eb7a5f77ce08b564ccca55b5bdc08f36,1083,0,40,4
0,37,1,0,1,0.055209063000000003,0.043921999999999996,0,156446720,NA,NA,NA,NA,NA,NA,NA,NA,994016,407679,8197,1,76f10b65f44b546f736cef2848789238eb7a5f77ce08b564ccca55b5bdc08f36,1079,0,23,3
0,37,0,0,5,0.43970266700000005,0.35798999999999997,0.056884999999999998,1023533056,NA,NA,NA,NA,NA,NA,NA,NA,11457352,5690734,153602,512,388033e7552b3b3255277a47381a62d5067155e67b74e663ad0ac019ed72fc50,1581,0,211,6
0,37,1,1,5,0.44115937700000002,0.36261299999999996,0.049439999999999998,1025740800,NA,NA,NA,NA,NA,NA,NA,NA,11457352,5690734,153602,512,388033e7552b3b3255277a47381a62d5067155e67b74e663ad0ac019ed72fc50,1583,0,26,5
0,37,0,0,2,0.040234086000000002,0.019487999999999998,0.0097539999999999988,131035136,NA,NA,NA,NA,NA,NA,NA,NA,837856,318511,16385,4096,b4f737276339a7626b246c204b626e79f9d9ec0f1f160233a5aa1c27728af83f,1069,0,34,3
0,37,1,1,2,0.041056355000000003,0.026411999999999998,0.0033049999999999998,131452928,NA,NA,NA,NA,NA,NA,NA,NA,837856,318511,16385,4096,b4f737276339a7626b246c204b626e79f9d9ec0f1f160233a5aa1c27728af83f,629,0,31,3
0,37,0,1,0,0.018889473,0.0055709999999999996,0.0027789999999999998,55275520,NA,NA,NA,NA,NA,NA,NA,NA,2408,135,5,1,3d4d37e7dcef36139698862d60d536450dfb480779ac0676046a82e065e8af0f,1027,0,13,3
0,37,1,0,0,0.019442127999999999,0.0083470000000000003,0,55382016,NA,NA,NA,NA,NA,NA,NA,NA,2408,135,5,1,3d4d37e7dcef36139698862d60d536450dfb480779ac0676046a82e065e8af0f,1025,0,10,3
0,37,0,0,4,0.19936135800000002,0.15709999999999999,0.022919999999999999,428404736,NA,NA,NA,NA,NA,NA,NA,NA,5833440,1882629,26625,512,0f41e20848de6408cce7b1c5f57f0212c9401233ca75c7b6652c8ea62bfcd43f,1237,0,166,7
0,37,1,1,4,0.20109762,0.15263299999999999,0.029235999999999998,428318720,NA,NA,NA,NA,NA,NA,NA,NA,5833440,1882629,26625,512,0f41e20848de6408cce7b1c5f57f0212c9401233ca75c7b6652c8ea62bfcd43f,1234,0,158,6
0,38,0,0,3,0.060554901000000001,0.033225999999999999,0.015099,181264384,NA,NA,NA,NA,NA,NA,NA,NA,1968568,2240463,32773,1,c491f4791a93a71124b9219b05e718490cf6bd1c68b1ec8fc6a6550e31f844b1,1122,0,31,6
0,38,1,1,3,0.059584772000000001,0.041224999999999998,0.0068490000000000001,179224576,NA,NA,NA,NA,NA,NA,NA,NA,1968568,2240463,32773,1,c491f4791a93a71124b9219b05e718490cf6bd1c68b1ec8fc6a6550e31f844b1,1122,0,44,4
0,38,0,1,0,0.018738039000000001,0.002715,0.0054299999999999999,55332864,NA,NA,NA,NA,NA,NA,NA,NA,2408,135,5,1,3d4d37e7dcef36139698862d60d536450dfb480779ac0676046a82e065e8af0f,1028,0,12,3
0,38,1,0,0,0.019015348000000001,0.0040049999999999999,0.004006,55177216,NA,NA,NA,NA,NA,NA,NA,NA,2408,135,5,1,3d4d37e7dcef36139698862d60d536450dfb480779ac0676046a82e065e8af0f,1025,0,12,3
0,38,0,0,2,0.040623455000000003,0.022796999999999998,0.0064999999999999997,131416064,NA,NA,NA,NA,NA,NA,NA,NA,837856,318511,16385,4096,b4f737276339a7626b246c204b626e79f9d9ec0f1f160233a5aa1c27728af83f,624,0,22,4
0,38,1,1,2,0.041161002000000002,0.026584999999999998,0.003323,131059712,NA,NA,NA,NA,NA,NA,NA,NA,837856,318511,16385,4096,b4f737276339a7626b246c204b626e79f9d9ec0f1f160233a5aa1c27728af83f,1069,0,22,4
0,38,0,0,5,0.43511721600000003,0.35161599999999998,0.063045999999999991,1023827968,NA,NA,NA,NA,NA,NA,NA,NA,11457352,5690734,153602,512,388033e7552b3b3255277a47381a62d5067155e67b74e663ad0ac019ed72fc50,1584,0,219,6
0,38,1,1,5,0.43430433200000002,0.37353999999999998,0.040007999999999995,1026142208,NA,NA,NA,NA,NA,NA,NA,NA,11457352,5690734,153602,512,388033e7552b3b3255277a47381a62d5067155e67b74e663ad0ac019ed72fc50,1144,0,118,7
0,38,0,0,1,0.055160162000000006,0.040452999999999996,0.0033639999999999998,156348416,NA,NA,NA,NA,NA,NA,NA,NA,994016,407679,8197,1,76f10b65f44b546f736cef2848789238eb7a5f77ce08b564ccca55b5bdc08f36,635,0,23,3
0,38,1,1,1,0.055284123000000004,0.037191999999999996,0.0067479999999999997,156393472,NA,NA,NA,NA,NA,NA,NA,NA,994016,407679,8197,1,76f10b65f44b546f736cef2848789238eb7a5f77ce08b564ccca55b5bdc08f36,1081,0,27,4
0,38,0,1,4,0.19733010100000001,0.16465199999999999,0.013446,428363776,NA,NA,NA,NA,NA,NA,NA,NA,5833440,1882629,26625,512,0f41e20848de6408cce7b1c5f57f0212c9401233ca75c7b6652c8ea62bfcd43f,1235,0,154,5
0,38,1,0,4,0.19825520400000002,0.15598399999999998,0.023212,428240896,NA,NA,NA,NA,NA,NA,NA,NA,5833440,1882629,26625,512,0f41e20848de6408cce7b1c5f57f0212c9401233ca75c7b6652c8ea62bfcd43f,1233,0,138,6
0,39,0,1,3,0.060385613000000005,0.042018,0.0064689999999999999,179421184,NA,NA,NA,NA,NA,NA,NA,NA,1968568,2240463,32773,1,c491f4791a93a71124b9219b05e718490cf6bd1c68b1ec8fc6a6550e31f844b1,1127,0,50,5
0,39,1,0,3,0.060003948000000001,0.032092999999999997,0.016056000000000001,181334016,NA,NA,NA,NA,NA,NA,NA,NA,1968568,2240463,32773,1,c491f4791a93a71124b9219b05e718490cf6bd1c68b1ec8fc6a6550e31f844b1,1125,0,54,4
0,39,0,1,5,0.43241279900000001,0.35972299999999996,0.052808000000000001,1025994752,NA,NA,NA,NA,NA,NA,NA,NA,11457352,5690734,153602,512,388033e7552b3b3255277a47381a62d5067155e67b74e663ad0ac019ed72fc50,1138,0,347,10
0,39,1,0,5,0.43659112800000005,0.37611299999999998,0.039947999999999997,1023504384,NA,NA,NA,NA,NA,NA,NA,NA,11457352,5690734,153602,512,388033e7552b3b3255277a47381a62d5067155e67b74e663ad0ac019ed72fc50,1579,0,197,5
0,39,0,0,0,0.020662644000000001,0.0021619999999999999,0.0065009999999999998,55308288,NA,NA,NA,NA,NA,NA,NA,NA,2408,135,5,1,3d4d37e7dcef36139698862d60d536450dfb480779ac0676046a82e065e8af0f,581,0,11,3
0,39,1,1,0,0.019736089000000002,0.0028270000000000001,0.0056609999999999994,55349248,NA,NA,NA,NA,NA,NA,NA,NA,2408,135,5,1,3d4d37e7dcef36139698862d60d536450dfb480779ac0676046a82e065e8af0f,1027,0,9,3
0,39,0,0,4,0.19954184400000002,0.16009799999999999,0.020000999999999998,428490752,NA,NA,NA,NA,NA,NA,NA,NA,5833440,1882629,26625,512,0f41e20848de6408cce7b1c5f57f0212c9401233ca75c7b6652c8ea62bfcd43f,1237,0,135,8
0,39,1,1,4,0.19789952800000002,0.161744,0.016847999999999998,428711936,NA,NA,NA,NA,NA,NA,NA,NA,5833440,1882629,26625,512,0f41e20848de6408cce7b1c5f57f0212c9401233ca75c7b6652c8ea62bfcd43f,796,0,158,3
0,39,0,1,2,0.040957842000000001,0.019830999999999998,0.0099229999999999995,131084288,NA,NA,NA,NA,NA,NA,NA,NA,837856,318511,16385,4096,b4f737276339a7626b246c204b626e79f9d9ec0f1f160233a5aa1c27728af83f,1070,0,20,3
0,39,1,0,2,0.040590332,0.022851,0.0065290000000000001,131407872,NA,NA,NA,NA,NA,NA,NA,NA,837856,318511,16385,4096,b4f737276339a7626b246c204b626e79f9d9ec0f1f160233a5aa1c27728af83f,625,0,26,3
0,39,0,1,1,0.055557918000000005,0.037683999999999995,0.0062749999999999993,156712960,NA,NA,NA,NA,NA,NA,NA,NA,994016,407679,8197,1,76f10b65f44b546f736cef2848789238eb7a5f77ce08b564ccca55b5bdc08f36,639,0,18,3
0,39,1,0,1,0.055062198000000007,0.030155999999999999,0.013408999999999999,156766208,NA,NA,NA,NA,NA,NA,NA,NA,994016,407679,8197,1,76f10b65f44b546f736cef2848789238eb7a5f77ce08b564ccca55b5bdc08f36,643,0,16,3
1,0,0,0,4,0.198991895,0.16938399999999998,0.010164999999999999,428290048,NA,NA,NA,NA,NA,NA,NA,NA,5833440,1882629,26625,512,0f41e20848de6408cce7b1c5f57f0212c9401233ca75c7b6652c8ea62bfcd43f,1234,0,95,5
1,0,1,1,4,0.19900169300000001,0.15972,0.019972,428421120,NA,NA,NA,NA,NA,NA,NA,NA,5833440,1882629,26625,512,0f41e20848de6408cce7b1c5f57f0212c9401233ca75c7b6652c8ea62bfcd43f,1238,0,115,5
1,0,0,1,0,0.020292161,0.0058209999999999998,0.0029029999999999998,55607296,NA,NA,NA,NA,NA,NA,NA,NA,2408,135,5,1,3d4d37e7dcef36139698862d60d536450dfb480779ac0676046a82e065e8af0f,587,0,11,4
1,0,1,0,0,0.018810815000000002,0.0040600000000000002,0.0040279999999999995,55255040,NA,NA,NA,NA,NA,NA,NA,NA,2408,135,5,1,3d4d37e7dcef36139698862d60d536450dfb480779ac0676046a82e065e8af0f,1026,0,10,4
1,0,0,0,5,0.43608522100000002,0.37507399999999996,0.040190999999999998,1023832064,NA,NA,NA,NA,NA,NA,NA,NA,11457352,5690734,153602,512,388033e7552b3b3255277a47381a62d5067155e67b74e663ad0ac019ed72fc50,1133,0,179,7
1,0,1,1,5,0.43360315900000002,0.36342799999999997,0.049568000000000001,1025765376,NA,NA,NA,NA,NA,NA,NA,NA,11457352,5690734,153602,512,388033e7552b3b3255277a47381a62d5067155e67b74e663ad0ac019ed72fc50,1584,0,98,4
1,0,0,1,3,0.061286119000000007,0.039917999999999995,0.0092119999999999997,179560448,NA,NA,NA,NA,NA,NA,NA,NA,1968568,2240463,32773,1,c491f4791a93a71124b9219b05e718490cf6bd1c68b1ec8fc6a6550e31f844b1,682,0,28,6
1,0,1,0,3,0.059738160000000005,0.038489999999999996,0.0096249999999999999,181301248,NA,NA,NA,NA,NA,NA,NA,NA,1968568,2240463,32773,1,c491f4791a93a71124b9219b05e718490cf6bd1c68b1ec8fc6a6550e31f844b1,1122,0,52,4
1,0,0,0,2,0.040618015,0.022919999999999999,0.0065529999999999998,131366912,NA,NA,NA,NA,NA,NA,NA,NA,837856,318511,16385,4096,b4f737276339a7626b246c204b626e79f9d9ec0f1f160233a5aa1c27728af83f,628,0,24,4
1,0,1,1,2,0.041008055000000002,0.023202,0.0066109999999999997,131473408,NA,NA,NA,NA,NA,NA,NA,NA,837856,318511,16385,4096,b4f737276339a7626b246c204b626e79f9d9ec0f1f160233a5aa1c27728af83f,628,0,23,3
1,0,0,0,1,0.055558238000000003,0.031425999999999996,0.012562,156508160,NA,NA,NA,NA,NA,NA,NA,NA,994016,407679,8197,1,76f10b65f44b546f736cef2848789238eb7a5f77ce08b564ccca55b5bdc08f36,1079,0,16,4
1,0,1,1,1,0.055656793000000003,0.044128000000000001,0,156696576,NA,NA,NA,NA,NA,NA,NA,NA,994016,407679,8197,1,76f10b65f44b546f736cef2848789238eb7a5f77ce08b564ccca55b5bdc08f36,641,0,41,3
1,1,0,1,1,0.055451709000000002,0.033704999999999999,0.010093999999999999,156631040,NA,NA,NA,NA,NA,NA,NA,NA,994016,407679,8197,1,76f10b65f44b546f736cef2848789238eb7a5f77ce08b564ccca55b5bdc08f36,630,0,16,2
1,1,1,0,1,0.055112973000000003,0.040225999999999998,0.0033529999999999996,156336128,NA,NA,NA,NA,NA,NA,NA,NA,994016,407679,8197,1,76f10b65f44b546f736cef2848789238eb7a5f77ce08b564ccca55b5bdc08f36,1081,0,32,4
1,1,0,1,2,0.041230251000000002,0.026636,0.0033349999999999999,131633152,NA,NA,NA,NA,NA,NA,NA,NA,837856,318511,16385,4096,b4f737276339a7626b246c204b626e79f9d9ec0f1f160233a5aa1c27728af83f,631,0,20,4
1,1,1,0,2,0.040829962000000004,0.016396000000000001,0.013111999999999999,131448832,NA,NA,NA,NA,NA,NA,NA,NA,837856,318511,16385,4096,b4f737276339a7626b246c204b626e79f9d9ec0f1f160233a5aa1c27728af83f,626,0,29,3
1,1,0,0,3,0.059741836000000006,0.041769000000000001,0.0064319999999999993,181485568,NA,NA,NA,NA,NA,NA,NA,NA,1968568,2240463,32773,1,c491f4791a93a71124b9219b05e718490cf6bd1c68b1ec8fc6a6550e31f844b1,673,0,29,3
1,1,1,1,3,0.060545572000000006,0.042049999999999997,0.0070049999999999999,179081216,NA,NA,NA,NA,NA,NA,NA,NA,1968568,2240463,32773,1,c491f4791a93a71124b9219b05e718490cf6bd1c68b1ec8fc6a6550e31f844b1,1119,0,41,2
1,1,0,0,0,0.018409995000000002,0.007803,0,55558144,NA,NA,NA,NA,NA,NA,NA,NA,2408,135,5,1,3d4d37e7dcef36139698862d60d536450dfb480779ac0676046a82e065e8af0f,585,0,13,3
1,1,1,1,0,0.018837305000000002,0.0079989999999999992,0,55255040,NA,NA,NA,NA,NA,NA,NA,NA,2408,135,5,1,3d4d37e7dcef36139698862d60d536450dfb480779ac0676046a82e065e8af0f,1025,0,11,3
1,1,0,1,4,0.19714650800000003,0.15834599999999999,0.019795999999999998,428503040,NA,NA,NA,NA,NA,NA,NA,NA,5833440,1882629,26625,512,0f41e20848de6408cce7b1c5f57f0212c9401233ca75c7b6652c8ea62bfcd43f,1237,0,168,5
1,1,1,0,4,0.19884147400000002,0.160271,0.019633999999999999,428359680,NA,NA,NA,NA,NA,NA,NA,NA,5833440,1882629,26625,512,0f41e20848de6408cce7b1c5f57f0212c9401233ca75c7b6652c8ea62bfcd43f,1236,0,162,7
1,1,0,1,5,0.43599649300000004,0.36273499999999997,0.052766,1026097152,NA,NA,NA,NA,NA,NA,NA,NA,11457352,5690734,153602,512,388033e7552b3b3255277a47381a62d5067155e67b74e663ad0ac019ed72fc50,1141,0,133,8
1,1,1,0,5,0.44483456300000002,0.36713099999999999,0.049610999999999995,1023410176,NA,NA,NA,NA,NA,NA,NA,NA,11457352,5690734,153602,512,388033e7552b3b3255277a47381a62d5067155e67b74e663ad0ac019ed72fc50,1577,0,224,6
1,2,0,1,1,0.055415020000000002,0.040460999999999997,0.0033649999999999999,156524544,NA,NA,NA,NA,NA,NA,NA,NA,994016,407679,8197,1,76f10b65f44b546f736cef2848789238eb7a5f77ce08b564ccca55b5bdc08f36,634,0,27,5
1,2,1,0,1,0.055384523000000005,0.037554999999999998,0.0062599999999999999,156430336,NA,NA,NA,NA,NA,NA,NA,NA,994016,407679,8197,1,76f10b65f44b546f736cef2848789238eb7a5f77ce08b564ccca55b5bdc08f36,1085,0,38,4
1,2,0,0,4,0.197787818,0.158638,0.019838999999999999,428371968,NA,NA,NA,NA,NA,NA,NA,NA,5833440,1882629,26625,512,0f41e20848de6408cce7b1c5f57f0212c9401233ca75c7b6652c8ea62bfcd43f,1237,0,70,4
1,2,1,1,4,0.19859675500000001,0.14951,0.029911999999999998,428376064,NA,NA,NA,NA,NA,NA,NA,NA,5833440,1882629,26625,512,0f41e20848de6408cce7b1c5f57f0212c9401233ca75c7b6652c8ea62bfcd43f,1241,0,156,5
1,2,0,0,3,0.062675433000000003,0.041451999999999996,0.0069109999999999996,181276672,NA,NA,NA,NA,NA,NA,NA,NA,1968568,2240463,32773,1,c491f4791a93a71124b9219b05e718490cf6bd1c68b1ec8fc6a6550e31f844b1,1122,0,34,4
1,2,1,1,3,0.059746966000000006,0.041250999999999996,0.0068799999999999998,179142656,NA,NA,NA,NA,NA,NA,NA,NA,1968568,2240463,32773,1,c491f4791a93a71124b9219b05e718490cf6bd1c68b1ec8fc6a6550e31f844b1,1122,0,37,4
1,2,0,0,5,0.43559812600000003,0.36133399999999999,0.053529999999999994,1023782912,NA,NA,NA,NA,NA,NA,NA,NA,11457352,5690734,153602,512,388033e7552b3b3255277a47381a62d5067155e67b74e663ad0ac019ed72fc50,1592,0,119,8
1,2,1,1,5,0.434922111,0.36440800000000001,0.049693999999999995,1025941504,NA,NA,NA,NA,NA,NA,NA,NA,11457352,5690734,153602,512,388033e7552b3b3255277a47381a62d5067155e67b74e663ad0ac019ed72fc50,1585,0,83,5
1,2,0,1,2,0.040937393000000002,0.022328000000000001,0.0074440000000000001,131252224,NA,NA,NA,NA,NA,NA,NA,NA,837856,318511,16385,4096,b4f737276339a7626b246c204b626e79f9d9ec0f1f160233a5aa1c27728af83f,623,0,23,4
1,2,1,0,2,0.040440862000000001,0.018293,0.010942,130998272,NA,NA,NA,NA,NA,NA,NA,NA,837856,318511,16385,4096,b4f737276339a7626b246c204b626e79f9d9ec0f1f160233a5aa1c27728af83f,1065,0,25,3
1,2,0,0,0,0.019754133,0.0028379999999999998,0.0056689999999999996,55529472,NA,NA,NA,NA,NA,NA,NA,NA,2408,135,5,1,3d4d37e7dcef36139698862d60d536450dfb480779ac0676046a82e065e8af0f,585,0,11,3
1,2,1,1,0,0.019914986000000003,0.0057450000000000001,0.002869,55541760,NA,NA,NA,NA,NA,NA,NA,NA,2408,135,5,1,3d4d37e7dcef36139698862d60d536450dfb480779ac0676046a82e065e8af0f,1031,0,9,3
1,3,0,0,2,0.040511665000000002,0.025987,0.003248,131395584,NA,NA,NA,NA,NA,NA,NA,NA,837856,318511,16385,4096,b4f737276339a7626b246c204b626e79f9d9ec0f1f160233a5aa1c27728af83f,621,0,20,4
1,3,1,1,2,0.040941712000000005,0.025995999999999998,0.0037169999999999998,131014656,NA,NA,NA,NA,NA,NA,NA,NA,837856,318511,16385,4096,b4f737276339a7626b246c204b626e79f9d9ec0f1f160233a5aa1c27728af83f,1070,0,27,4
1,3,0,1,3,0.059889313000000007,0.041979999999999996,0.0064459999999999995,179392512,NA,NA,NA,NA,NA,NA,NA,NA,1968568,2240463,32773,1,c491f4791a93a71124b9219b05e718490cf6bd1c68b1ec8fc6a6550e31f844b1,671,0,31,5
1,3,1,0,3,0.060587070000000007,0.034643,0.013857999999999999,181280768,NA,NA,NA,NA,NA,NA,NA,NA,1968568,2240463,32773,1,c491f4791a93a71124b9219b05e718490cf6bd1c68b1ec8fc6a6550e31f844b1,1120,0,23,4
1,3,0,1,0,0.019209512000000002,0.0028539999999999998,0.0057060000000000001,55283712,NA,NA,NA,NA,NA,NA,NA,NA,2408,135,5,1,3d4d37e7dcef36139698862d60d536450dfb480779ac0676046a82e065e8af0f,1026,0,12,3
1,3,1,0,0,0.019254136000000002,0.0081650000000000004,0,55570432,NA,NA,NA,NA,NA,NA,NA,NA,2408,135,5,1,3d4d37e7dcef36139698862d60d536450dfb480779ac0676046a82e065e8af0f,583,0,9,2
1,3,0,1,5,0.448614075,0.37780199999999997,0.036125999999999998,1025732608,NA,NA,NA,NA,NA,NA,NA,NA,11457352,5690734,153602,512,388033e7552b3b3255277a47381a62d5067155e67b74e663ad0ac019ed72fc50,1584,0,69,8
1,3,1,0,5,0.437434186,0.36389299999999997,0.052443999999999998,1023901696,NA,NA,NA,NA,NA,NA,NA,NA,11457352,5690734,153602,512,388033e7552b3b3255277a47381a62d5067155e67b74e663ad0ac019ed72fc50,1140,0,80,7
1,3,0,1,4,0.19934297200000001,0.156805,0.023341999999999998,428453888,NA,NA,NA,NA,NA,NA,NA,NA,5833440,1882629,26625,512,0f41e20848de6408cce7b1c5f57f0212c9401233ca75c7b6652c8ea62bfcd43f,1236,0,160,6
1,3,1,0,4,0.19922443100000001,0.16306799999999999,0.016992999999999998,428425216,NA,NA,NA,NA,NA,NA,NA,NA,5833440,1882629,26625,512,0f41e20848de6408cce7b1c5f57f0212c9401233ca75c7b6652c8ea62bfcd43f,1239,0,144,4
1,3,0,0,1,0.055404770000000006,0.037197999999999995,0.0067609999999999996,156540928,NA,NA,NA,NA,NA,NA,NA,NA,994016,407679,8197,1,76f10b65f44b546f736cef2848789238eb7a5f77ce08b564ccca55b5bdc08f36,1083,0,23,4
1,3,1,1,1,0.056277305000000007,0.03789,0.0068769999999999994,156381184,NA,NA,NA,NA,NA,NA,NA,NA,994016,407679,8197,1,76f10b65f44b546f736cef2848789238eb7a5f77ce08b564ccca55b5bdc08f36,1079,0,18,4
1,4,0,0,3,0.059546821000000007,0.041618999999999996,0.0064079999999999996,181522432,NA,NA,NA,NA,NA,NA,NA,NA,1968568,2240463,32773,1,c491f4791a93a71124b9219b05e718490cf6bd1c68b1ec8fc6a6550e31f844b1,1126,0,47,4
1,4,1,1,3,0.060290234000000005,0.038205999999999997,0.010418999999999999,179146752,NA,NA,NA,NA,NA,NA,NA,NA,1968568,2240463,32773,1,c491f4791a93a71124b9219b05e718490cf6bd1c68b1ec8fc6a6550e31f844b1,1122,0,35,3
1,4,0,1,0,0.018956257000000001,0.0041019999999999997,0.0041059999999999994,55468032,NA,NA,NA,NA,NA,NA,NA,NA,2408,135,5,1,3d4d37e7dcef36139698862d60d536450dfb480779ac0676046a82e065e8af0f,1028,0,11,3
1,4,1,0,0,0.018266246,0.0038639999999999998,0.003882,55578624,NA,NA,NA,NA,NA,NA,NA,NA,2408,135,5,1,3d4d37e7dcef36139698862d60d536450dfb480779ac0676046a82e065e8af0f,584,0,12,3
1,4,0,1,4,0.19768512700000002,0.16155799999999998,0.016816999999999999,428371968,NA,NA,NA,NA,NA,NA,NA,NA,5833440,1882629,26625,512,0f41e20848de6408cce7b1c5f57f0212c9401233ca75c7b6652c8ea62bfcd43f,1237,0,136,7
1,4,1,0,4,0.199040405,0.153083,0.026627999999999999,428167168,NA,NA,NA,NA,NA,NA,NA,NA,5833440,1882629,26625,512,0f41e20848de6408cce7b1c5f57f0212c9401233ca75c7b6652c8ea62bfcd43f,1236,0,159,6
1,4,0,0,5,0.43850977200000002,0.36863199999999996,0.046937,1023725568,NA,NA,NA,NA,NA,NA,NA,NA,11457352,5690734,153602,512,388033e7552b3b3255277a47381a62d5067155e67b74e663ad0ac019ed72fc50,1582,0,196,5
1,4,1,1,5,0.43454179700000001,0.37718199999999996,0.036698000000000001,1025687552,NA,NA,NA,NA,NA,NA,NA,NA,11457352,5690734,153602,512,388033e7552b3b3255277a47381a62d5067155e67b74e663ad0ac019ed72fc50,1583,0,158,7
1,4,0,1,2,0.041324768000000005,0.023233,0.0066379999999999998,131125248,NA,NA,NA,NA,NA,NA,NA,NA,837856,318511,16385,4096,b4f737276339a7626b246c204b626e79f9d9ec0f1f160233a5aa1c27728af83f,1069,0,29,3
1,4,1,0,2,0.040944637000000006,0.029440999999999998,0,131403776,NA,NA,NA,NA,NA,NA,NA,NA,837856,318511,16385,4096,b4f737276339a7626b246c204b626e79f9d9ec0f1f160233a5aa1c27728af83f,624,0,20,4
1,4,0,1,1,0.055560712000000005,0.037310999999999997,0.0067849999999999994,156712960,NA,NA,NA,NA,NA,NA,NA,NA,994016,407679,8197,1,76f10b65f44b546f736cef2848789238eb7a5f77ce08b564ccca55b5bdc08f36,640,0,17,3
1,4,1,0,1,0.054807270000000005,0.036553999999999996,0.0066499999999999997,156807168,NA,NA,NA,NA,NA,NA,NA,NA,994016,407679,8197,1,76f10b65f44b546f736cef2848789238eb7a5f77ce08b564ccca55b5bdc08f36,635,0,24,3
1,5,0,0,1,0.055249820000000005,0.040215000000000001,0.0033309999999999998,156524544,NA,NA,NA,NA,NA,NA,NA,NA,994016,407679,8197,1,76f10b65f44b546f736cef2848789238eb7a5f77ce08b564ccca55b5bdc08f36,632,0,16,4
1,5,1,1,1,0.055523663000000001,0.033724999999999998,0.010104999999999999,156446720,NA,NA,NA,NA,NA,NA,NA,NA,994016,407679,8197,1,76f10b65f44b546f736cef2848789238eb7a5f77ce08b564ccca55b5bdc08f36,1083,0,21,3
1,5,0,0,2,0.040647671000000003,0.025852999999999998,0.0036949999999999999,131145728,NA,NA,NA,NA,NA,NA,NA,NA,837856,318511,16385,4096,b4f737276339a7626b246c204b626e79f9d9ec0f1f160233a5aa1c27728af83f,1070,0,41,3
1,5,1,1,2,0.040936162000000005,0.025772999999999997,0.0036819999999999999,131112960,NA,NA,NA,NA,NA,NA,NA,NA,837856,318511,16385,4096,b4f737276339a7626b246c204b626e79f9d9ec0f1f160233a5aa1c27728af83f,1067,0,23,3
1,5,0,1,3,0.060044613000000004,0.037733999999999997,0.010289999999999999,179417088,NA,NA,NA,NA,NA,NA,NA,NA,1968568,2240463,32773,1,c491f4791a93a71124b9219b05e718490cf6bd1c68b1ec8fc6a6550e31f844b1,679,0,48,2
1,5,1,0,3,0.060279575000000002,0.048913999999999999,0,181665792,NA,NA,NA,NA,NA,NA,NA,NA,1968568,2240463,32773,1,c491f4791a93a71124b9219b05e718490cf6bd1c68b1ec8fc6a6550e31f844b1,682,0,49,3
1,5,0,1,5,0.43887200100000001,0.36812299999999998,0.049748999999999995,1025921024,NA,NA,NA,NA,NA,NA,NA,NA,11457352,5690734,153602,512,388033e7552b3b3255277a47381a62d5067155e67b74e663ad0ac019ed72fc50,1137,0,197,7
1,5,1,0,5,0.43613040400000003,0.37206800000000001,0.043203999999999999,1023647744,NA,NA,NA,NA,NA,NA,NA,NA,11457352,5690734,153602,512,388033e7552b3b3255277a47381a62d5067155e67b74e663ad0ac019ed72fc50,1584,0,204,5
1,5,0,0,4,0.19963220500000001,0.15687199999999998,0.023376999999999998,428638208,NA,NA,NA,NA,NA,NA,NA,NA,5833440,1882629,26625,512,0f41e20848de6408cce7b1c5f57f0212c9401233ca75c7b6652c8ea62bfcd43f,794,0,107,3
1,5,1,1,4,0.19901925500000001,0.162665,0.016944000000000001,428650496,NA,NA,NA,NA,NA,NA,NA,NA,5833440,1882629,26625,512,0f41e20848de6408cce7b1c5f57f0212c9401233ca75c7b6652c8ea62bfcd43f,794,0,105,5
1,5,0,0,0,0.019143939000000002,0.0084130000000000003,0,55275520,NA,NA,NA,NA,NA,NA,NA,NA,2408,135,5,1,3d4d37e7dcef36139698862d60d536450dfb480779ac0676046a82e065e8af0f,1026,0,12,2
1,5,1,1,0,0.019239137,0.0027729999999999999,0.0055379999999999995,55398400,NA,NA,NA,NA,NA,NA,NA,NA,2408,135,5,1,3d4d37e7dcef36139698862d60d536450dfb480779ac0676046a82e065e8af0f,1028,0,10,3
1,6,0,0,3,0.059802771000000005,0.041443999999999995,0.0063769999999999999,181473280,NA,NA,NA,NA,NA,NA,NA,NA,1968568,2240463,32773,1,c491f4791a93a71124b9219b05e718490cf6bd1c68b1ec8fc6a6550e31f844b1,1123,0,71,6
1,6,1,1,3,0.060891601000000004,0.035764999999999998,0.013004,179503104,NA,NA,NA,NA,NA,NA,NA,NA,1968568,2240463,32773,1,c491f4791a93a71124b9219b05e718490cf6bd1c68b1ec8fc6a6550e31f844b1,680,0,69,5
1,6,0,1,0,0.01890961,0.0040869999999999995,0.0040899999999999999,55668736,NA,NA,NA,NA,NA,NA,NA,NA,2408,135,5,1,3d4d37e7dcef36139698862d60d536450dfb480779ac0676046a82e065e8af0f,589,0,10,1
1,6,1,0,0,0.019597430000000002,0.0054289999999999998,0.0027109999999999999,55181312,NA,NA,NA,NA,NA,NA,NA,NA,2408,135,5,1,3d4d37e7dcef36139698862d60d536450dfb480779ac0676046a82e065e8af0f,1027,0,9,3
1,6,0,1,4,0.20078304100000002,0.16097799999999998,0.020125000000000001,428642304,NA,NA,NA,NA,NA,NA,NA,NA,5833440,1882629,26625,512,0f41e20848de6408cce7b1c5f57f0212c9401233ca75c7b6652c8ea62bfcd43f,792,0,63,6
1,6,1,0,4,0.19953137600000001,0.17019999999999999,0.010012999999999999,428437504,NA,NA,NA,NA,NA,NA,NA,NA,5833440,1882629,26625,512,0f41e20848de6408cce7b1c5f57f0212c9401233ca75c7b6652c8ea62bfcd43f,1238,0,206,5
1,6,0,0,5,0.43823853300000004,0.350937,0.066186999999999996,1023635456,NA,NA,NA,NA,NA,NA,NA,NA,11457352,5690734,153602,512,388033e7552b3b3255277a47381a62d5067155e67b74e663ad0ac019ed72fc50,1584,0,58,6
1,6,1,1,5,0.43485241100000005,0.363427,0.050469,1025863680,NA,NA,NA,NA,NA,NA,NA,NA,11457352,5690734,153602,512,388033e7552b3b3255277a47381a62d5067155e67b74e663ad0ac019ed72fc50,1138,0,217,5
1,6,0,0,1,0.055415600000000002,0.031300000000000001,0.012513,156356608,NA,NA,NA,NA,NA,NA,NA,NA,994016,407679,8197,1,76f10b65f44b546f736cef2848789238eb7a5f77ce08b564ccca55b5bdc08f36,1082,0,19,4
1,6,1,1,1,0.056483362000000002,0.035070999999999998,0.0095750000000000002,156188672,NA,NA,NA,NA,NA,NA,NA,NA,994016,407679,8197,1,76f10b65f44b546f736cef2848789238eb7a5f77ce08b564ccca55b5bdc08f36,1078,0,20,2
1,6,0,1,2,0.041293500000000004,0.026388999999999999,0.0032989999999999998,131174400,NA,NA,NA,NA,NA,NA,NA,NA,837856,318511,16385,4096,b4f737276339a7626b246c204b626e79f9d9ec0f1f160233a5aa1c27728af83f,623,0,28,3
1,6,1,0,2,0.040644052999999999,0.019556,0.0097719999999999994,131342336,NA,NA,NA,NA,NA,NA,NA,NA,837856,318511,16385,4096,b4f737276339a7626b246c204b626e79f9d9ec0f1f160233a5aa1c27728af83f,620,0,21,3
1,7,0,1,3,0.067365161000000007,0.045364999999999996,0.0030239999999999998,179093504,NA,NA,NA,NA,NA,NA,NA,NA,1968568,2240463,32773,1,c491f4791a93a71124b9219b05e718490cf6bd1c68b1ec8fc6a6550e31f844b1,1119,0,37,4
1,7,1,0,3,0.068146906000000007,0.035666999999999997,0.012966,181784576,NA,NA,NA,NA,NA,NA,NA,NA,1968568,2240463,32773,1,c491f4791a93a71124b9219b05e718490cf6bd1c68b1ec8fc6a6550e31f844b1,677,0,33,3
1,7,0,0,2,0.040696402,0.02351,0.0058779999999999995,131133440,NA,NA,NA,NA,NA,NA,NA,NA,837856,318511,16385,4096,b4f737276339a7626b246c204b626e79f9d9ec0f1f160233a5aa1c27728af83f,1066,0,22,3
1,7,1,1,2,0.041393247000000001,0.026620999999999999,0.0033079999999999997,131117056,NA,NA,NA,NA,NA,NA,NA,NA,837856,318511,16385,4096,b4f737276339a7626b246c204b626e79f9d9ec0f1f160233a5aa1c27728af83f,1070,0,23,4
1,7,0,1,1,0.055983525000000006,0.034927,0.0095149999999999992,156368896,NA,NA,NA,NA,NA,NA,NA,NA,994016,407679,8197,1,76f10b65f44b546f736cef2848789238eb7a5f77ce08b564ccca55b5bdc08f36,1083,0,22,4
1,7,1,0,1,0.055925756,0.044255999999999997,0,156594176,NA,NA,NA,NA,NA,NA,NA,NA,994016,407679,8197,1,76f10b65f44b546f736cef2848789238eb7a5f77ce08b564ccca55b5bdc08f36,637,0,29,4
1,7,0,0,0,0.018742649,0.0079899999999999988,0,55418880,NA,NA,NA,NA,NA,NA,NA,NA,2408,135,5,1,3d4d37e7dcef36139698862d60d536450dfb480779ac0676046a82e065e8af0f,577,0,12,3
1,7,1,1,0,0.018771060000000003,0.0053629999999999997,0.002686,55316480,NA,NA,NA,NA,NA,NA,NA,NA,2408,135,5,1,3d4d37e7dcef36139698862d60d536450dfb480779ac0676046a82e065e8af0f,1027,0,12,4
1,7,0,1,5,0.44788141100000001,0.36862400000000001,0.049804999999999995,1025581056,NA,NA,NA,NA,NA,NA,NA,NA,11457352,5690734,153602,512,388033e7552b3b3255277a47381a62d5067155e67b74e663ad0ac019ed72fc50,1581,0,153,7
1,7,1,0,5,0.43530257300000003,0.37570100000000001,0.039897999999999996,1023942656,NA,NA,NA,NA,NA,NA,NA,NA,11457352,5690734,153602,512,388033e7552b3b3255277a47381a62d5067155e67b74e663ad0ac019ed72fc50,1140,0,343,6
1,7,0,0,4,0.19521944600000002,0.16408799999999998,0.016746999999999998,428204032,NA,NA,NA,NA,NA,NA,NA,NA,5833440,1882629,26625,512,0f41e20848de6408cce7b1c5f57f0212c9401233ca75c7b6652c8ea62bfcd43f,1232,0,105,5
1,7,1,1,4,0.19793144800000001,0.16522799999999999,0.013219999999999999,428355584,NA,NA,NA,NA,NA,NA,NA,NA,5833440,1882629,26625,512,0f41e20848de6408cce7b1c5f57f0212c9401233ca75c7b6652c8ea62bfcd43f,1235,0,195,5
1,8,0,0,2,0.041086443,0.019894999999999999,0.0099489999999999995,131022848,NA,NA,NA,NA,NA,NA,NA,NA,837856,318511,16385,4096,b4f737276339a7626b246c204b626e79f9d9ec0f1f160233a5aa1c27728af83f,1068,0,22,3
1,8,1,1,2,0.041074519000000004,0.020760999999999998,0.0088919999999999989,131481600,NA,NA,NA,NA,NA,NA,NA,NA,837856,318511,16385,4096,b4f737276339a7626b246c204b626e79f9d9ec0f1f160233a5aa1c27728af83f,628,0,29,3
1,8,0,1,1,0.055945965,0.031710999999999996,0.012686999999999999,156459008,NA,NA,NA,NA,NA,NA,NA,NA,994016,407679,8197,1,76f10b65f44b546f736cef2848789238eb7a5f77ce08b564ccca55b5bdc08f36,1084,0,28,4
1,8,1,0,1,0.056138475,0.041329999999999999,0.0031809999999999998,156413952,NA,NA,NA,NA,NA,NA,NA,NA,994016,407679,8197,1,76f10b65f44b546f736cef2848789238eb7a5f77ce08b564ccca55b5bdc08f36,1080,0,27,5
1,8,0,0,0,0.020273407,0.0056119999999999998,0.002807,55377920,NA,NA,NA,NA,NA,NA,NA,NA,2408,135,5,1,3d4d37e7dcef36139698862d60d536450dfb480779ac0676046a82e065e8af0f,1029,0,10,3
1,8,1,1,0,0.019560841000000002,0.0084049999999999993,0,55238656,NA,NA,NA,NA,NA,NA,NA,NA,2408,135,5,1,3d4d37e7dcef36139698862d60d536450dfb480779ac0676046a82e065e8af0f,1028,0,9,3
1,8,0,0,3,0.059736175000000002,0.047993000000000001,0,181334016,NA,NA,NA,NA,NA,NA,NA,NA,1968568,2240463,32773,1,c491f4791a93a71124b9219b05e718490cf6bd1c68b1ec8fc6a6550e31f844b1,1124,0,36,4
1,8,1,1,3,0.060405701000000006,0.045227999999999997,0.00348,179232768,NA,NA,NA,NA,NA,NA,NA,NA,1968568,2240463,32773,1,c491f4791a93a71124b9219b05e718490cf6bd1c68b1ec8fc6a6550e31f844b1,1123,0,30,3
1,8,0,1,5,0.43493237900000004,0.36496799999999996,0.049322999999999999,1025724416,NA,NA,NA,NA,NA,NA,NA,NA,11457352,5690734,153602,512,388033e7552b3b3255277a47381a62d5067155e67b74e663ad0ac019ed72fc50,1585,0,128,7
1,8,1,0,5,0.44076445500000005,0.37655,0.04333,1023725568,NA,NA,NA,NA,NA,NA,NA,NA,11457352,5690734,153602,512,388033e7552b3b3255277a47381a62d5067155e67b74e663ad0ac019ed72fc50,1582,0,197,5
1,8,0,0,4,0.19858827700000001,0.16227999999999998,0.016907999999999999,428355584,NA,NA,NA,NA,NA,NA,NA,NA,5833440,1882629,26625,512,0f41e20848de6408cce7b1c5f57f0212c9401233ca75c7b6652c8ea62bfcd43f,1238,0,170,4
1,8,1,1,4,0.20026408900000001,0.16070199999999998,0.020067999999999999,428519424,NA,NA,NA,NA,NA,NA,NA,NA,5833440,1882629,26625,512,0f41e20848de6408cce7b1c5f57f0212c9401233ca75c7b6652c8ea62bfcd43f,1255,0,172,7
1,9,0,1,2,0.040633364000000005,0.026304999999999999,0.0032889999999999998,131170304,NA,NA,NA,NA,NA,NA,NA,NA,837856,318511,16385,4096,b4f737276339a7626b246c204b626e79f9d9ec0f1f160233a5aa1c27728af83f,1070,0,33,2
1,9,1,0,2,0.040600882000000005,0.019546999999999998,0.009781999999999999,131252224,NA,NA,NA,NA,NA,NA,NA,NA,837856,318511,16385,4096,b4f737276339a7626b246c204b626e79f9d9ec0f1f160233a5aa1c27728af83f,1072,0,24,4
1,9,0,1,4,0.19901079100000002,0.156671,0.022844999999999997,428490752,NA,NA,NA,NA,NA,NA,NA,NA,5833440,1882629,26625,512,0f41e20848de6408cce7b1c5f57f0212c9401233ca75c7b6652c8ea62bfcd43f,1239,0,131,6
1,9,1,0,4,0.19943049700000001,0.17352499999999998,0.00679,428343296,NA,NA,NA,NA,NA,NA,NA,NA,5833440,1882629,26625,512,0f41e20848de6408cce7b1c5f57f0212c9401233ca75c7b6652c8ea62bfcd43f,1236,0,101,4
1,9,0,1,3,0.059717771000000003,0.034404999999999998,0.013774,179417088,NA,NA,NA,NA,NA,NA,NA,NA,1968568,2240463,32773,1,c491f4791a93a71124b9219b05e718490cf6bd1c68b1ec8fc6a6550e31f844b1,680,0,27,4
1,9,1,0,3,0.060552004000000006,0.041584999999999997,0.0069329999999999999,181305344,NA,NA,NA,NA,NA,NA,NA,NA,1968568,2240463,32773,1,c491f4791a93a71124b9219b05e718490cf6bd1c68b1ec8fc6a6550e31f844b1,1125,0,58,4
1,9,0,0,5,0.43749074200000004,0.363201,0.053331999999999997,1023606784,NA,NA,NA,NA,NA,NA,NA,NA,11457352,5690734,153602,512,388033e7552b3b3255277a47381a62d5067155e67b74e663ad0ac019ed72fc50,1581,0,284,7
1,9,1,1,5,0.43251250500000005,0.36486199999999996,0.046869000000000001,1025761280,NA,NA,NA,NA,NA,NA,NA,NA,11457352,5690734,153602,512,388033e7552b3b3255277a47381a62d5067155e67b74e663ad0ac019ed72fc50,1583,0,198,5
1,9,0,1,0,0.019054102,0.002794,0.0055959999999999994,55287808,NA,NA,NA,NA,NA,NA,NA,NA,2408,135,5,1,3d4d37e7dcef36139698862d60d536450dfb480779ac0676046a82e065e8af0f,1026,0,12,3
1,9,1,0,0,0.018513248,0.00777,0,55353344,NA,NA,NA,NA,NA,NA,NA,NA,2408,135,5,1,3d4d37e7dcef36139698862d60d536450dfb480779ac0676046a82e065e8af0f,1027,0,10,3
1,9,0,0,1,0.055341131000000002,0.037097999999999999,0.0067259999999999993,156360704,NA,NA,NA,NA,NA,NA,NA,NA,994016,407679,8197,1,76f10b65f44b546f736cef2848789238eb7a5f77ce08b564ccca55b5bdc08f36,1078,0,29,6
1,9,1,1,1,0.055993353000000003,0.044386999999999996,0,156241920,NA,NA,NA,NA,NA,NA,NA,NA,994016,407679,8197,1,76f10b65f44b546f736cef2848789238eb7a5f77ce08b564ccca55b5bdc08f36,1075,0,32,3
1,10,0,1,3,0.060094678000000006,0.035557999999999999,0.012943999999999999,179220480,NA,NA,NA,NA,NA,NA,NA,NA,1968568,2240463,32773,1,c491f4791a93a71124b9219b05e718490cf6bd1c68b1ec8fc6a6550e31f844b1,1124,0,30,3
1,10,1,0,3,0.059685029000000001,0.041085999999999998,0.0068509999999999995,181043200,NA,NA,NA,NA,NA,NA,NA,NA,1968568,2240463,32773,1,c491f4791a93a71124b9219b05e718490cf6bd1c68b1ec8fc6a6550e31f844b1,1121,0,20,4
1,10,0,1,0,0.018970173,0.0041329999999999995,0.0041359999999999999,55259136,NA,NA,NA,NA,NA,NA,NA,NA,2408,135,5,1,3d4d37e7dcef36139698862d60d536450dfb480779ac0676046a82e065e8af0f,1025,0,9,3
1,10,1,0,0,0.018175305000000003,0.0038039999999999997,0.003803,55394304,NA,NA,NA,NA,NA,NA,NA,NA,2408,135,5,1,3d4d37e7dcef36139698862d60d536450dfb480779ac0676046a82e065e8af0f,1031,0,11,2
1,10,0,1,2,0.040360151000000004,0.022661999999999998,0.0064599999999999996,131133440,NA,NA,NA,NA,NA,NA,NA,NA,837856,318511,16385,4096,b4f737276339a7626b246c204b626e79f9d9ec0f1f160233a5aa1c27728af83f,1068,0,18,4
1,10,1,0,2,0.040877401000000001,0.025905999999999998,0.0037009999999999999,131260416,NA,NA,NA,NA,NA,NA,NA,NA,837856,318511,16385,4096,b4f737276339a7626b246c204b626e79f9d9ec0f1f160233a5aa1c27728af83f,1073,0,18,3
1,10,0,1,4,0.20375372700000002,0.15623299999999998,0.022768,428560384,NA,NA,NA,NA,NA,NA,NA,NA,5833440,1882629,26625,512,0f41e20848de6408cce7b1c5f57f0212c9401233ca75c7b6652c8ea62bfcd43f,1241,0,165,5
1,10,1,0,4,0.198246428,0.15301899999999999,0.026054999999999998,428126208,NA,NA,NA,NA,NA,NA,NA,NA,5833440,1882629,26625,512,0f41e20848de6408cce7b1c5f57f0212c9401233ca75c7b6652c8ea62bfcd43f,1233,0,169,5
1,10,0,1,5,0.44631009700000002,0.35413600000000001,0.063475000000000004,1025671168,NA,NA,NA,NA,NA,NA,NA,NA,11457352,5690734,153602,512,388033e7552b3b3255277a47381a62d5067155e67b74e663ad0ac019ed72fc50,1583,0,140,6
1,10,1,0,5,0.43925656100000005,0.37223200000000001,0.046082999999999999,1024008192,NA,NA,NA,NA,NA,NA,NA,NA,11457352,5690734,153602,512,388033e7552b3b3255277a47381a62d5067155e67b74e663ad0ac019ed72fc50,1141,0,128,5
1,10,0,0,1,0.055516531000000001,0.040547,0.0033809999999999999,156372992,NA,NA,NA,NA,NA,NA,NA,NA,994016,407679,8197,1,76f10b65f44b546f736cef2848789238eb7a5f77ce08b564ccca55b5bdc08f36,1083,0,38,3
1,10,1,1,1,0.055283032000000003,0.037021999999999999,0.0067269999999999995,156835840,NA,NA,NA,NA,NA,NA,NA,NA,994016,407679,8197,1,76f10b65f44b546f736cef2848789238eb7a5f77ce08b564ccca55b5bdc08f36,640,0,22,3
1,11,0,0,5,0.44840961100000004,0.353159,0.060545999999999996,1023819776,NA,NA,NA,NA,NA,NA,NA,NA,11457352,5690734,153602,512,388033e7552b3b3255277a47381a62d5067155e67b74e663ad0ac019ed72fc50,1138,0,44,9
1,11,1,1,5,0.43591697400000001,0.381967,0.03322,1025994752,NA,NA,NA,NA,NA,NA,NA,NA,11457352,5690734,153602,512,388033e7552b3b3255277a47381a62d5067155e67b74e663ad0ac019ed72fc50,1140,0,204,6
1,11,0,1,1,0.060269434000000004,0.044107,0,156422144,NA,NA,NA,NA,NA,NA,NA,NA,994016,407679,8197,1,76f10b65f44b546f736cef2848789238eb7a5f77ce08b564ccca55b5bdc08f36,1083,0,28,4
1,11,1,0,1,0.065986780000000009,0.037454000000000001,0.0068100000000000001,156549120,NA,NA,NA,NA,NA,NA,NA,NA,994016,407679,8197,1,76f10b65f44b546f736cef2848789238eb7a5f77ce08b564ccca55b5bdc08f36,1084,0,16,2
1,11,0,0,2,0.049823021000000002,0.022683999999999999,0.0064770000000000001,131178496,NA,NA,NA,NA,NA,NA,NA,NA,837856,318511,16385,4096,b4f737276339a7626b246c204b626e79f9d9ec0f1f160233a5aa1c27728af83f,1068,0,21,3
1,11,1,1,2,0.040989761,0.026719999999999997,0.0033419999999999999,131293184,NA,NA,NA,NA,NA,NA,NA,NA,837856,318511,16385,4096,b4f737276339a7626b246c204b626e79f9d9ec0f1f160233a5aa1c27728af83f,1084,0,20,5
1,11,0,0,0,0.01956608,0,0.0086199999999999992,55279616,NA,NA,NA,NA,NA,NA,NA,NA,2408,135,5,1,3d4d37e7dcef36139698862d60d536450dfb480779ac0676046a82e065e8af0f,1027,0,9,3
1,11,1,1,0,0.019068659000000002,0.0054710000000000002,0.002738,55300096,NA,NA,NA,NA,NA,NA,NA,NA,2408,135,5,1,3d4d37e7dcef36139698862d60d536450dfb480779ac0676046a82e065e8af0f,1027,0,9,3
1,11,0,0,4,0.20848762600000001,0.158743,0.020244999999999999,428650496,NA,NA,NA,NA,NA,NA,NA,NA,5833440,1882629,26625,512,0f41e20848de6408cce7b1c5f57f0212c9401233ca75c7b6652c8ea62bfcd43f,1240,0,116,6
1,11,1,1,4,0.204633906,0.152443,0.027108,428363776,NA,NA,NA,NA,NA,NA,NA,NA,5833440,1882629,26625,512,0f41e20848de6408cce7b1c5f57f0212c9401233ca75c7b6652c8ea62bfcd43f,1236,0,105,5
1,11,0,0,3,0.070147392000000003,0.041200000000000001,0.0068719999999999996,181682176,NA,NA,NA,NA,NA,NA,NA,NA,1968568,2240463,32773,1,c491f4791a93a71124b9219b05e718490cf6bd1c68b1ec8fc6a6550e31f844b1,678,0,22,5
1,11,1,1,3,0.060097163000000002,0.042101,0.006483,179507200,NA,NA,NA,NA,NA,NA,NA,NA,1968568,2240463,32773,1,c491f4791a93a71124b9219b05e718490cf6bd1c68b1ec8fc6a6550e31f844b1,682,0,45,3
1,12,0,1,4,0.19921801,0.16045499999999999,0.019636000000000001,428277760,NA,NA,NA,NA,NA,NA,NA,NA,5833440,1882629,26625,512,0f41e20848de6408cce7b1c5f57f0212c9401233ca75c7b6652c8ea62bfcd43f,1235,0,183,4
1,12,1,0,4,0.199147977,0.17002299999999998,0.0099909999999999999,428363776,NA,NA,NA,NA,NA,NA,NA,NA,5833440,1882629,26625,512,0f41e20848de6408cce7b1c5f57f0212c9401233ca75c7b6652c8ea62bfcd43f,1237,0,162,2
1,12,0,1,5,0.42890747000000001,0.35650299999999996,0.059965999999999998,1025863680,NA,NA,NA,NA,NA,NA,NA,NA,11457352,5690734,153602,512,388033e7552b3b3255277a47381a62d5067155e67b74e663ad0ac019ed72fc50,1139,0,299,6
1,12,1,0,5,0.43473209500000004,0.370475,0.043785999999999999,1023844352,NA,NA,NA,NA,NA,NA,NA,NA,11457352,5690734,153602,512,388033e7552b3b3255277a47381a62d5067155e67b74e663ad0ac019ed72fc50,1141,0,126,5
1,12,0,0,1,0.055343055000000002,0.040304,0.0033609999999999998,156712960,NA,NA,NA,NA,NA,NA,NA,NA,994016,407679,8197,1,76f10b65f44b546f736cef2848789238eb7a5f77ce08b564ccca55b5bdc08f36,632,0,43,4
1,12,1,1,1,0.059451262000000005,0.037170999999999996,0.0067580000000000001,156545024,NA,NA,NA,NA,NA,NA,NA,NA,994016,407679,8197,1,76f10b65f44b546f736cef2848789238eb7a5f77ce08b564ccca55b5bdc08f36,1084,0,18,4
1,12,0,1,0,0.018653591000000001,0.0040239999999999998,0.0040200000000000001,55267328,NA,NA,NA,NA,NA,NA,NA,NA,2408,135,5,1,3d4d37e7dcef36139698862d60d536450dfb480779ac0676046a82e065e8af0f,1047,0,11,2
1,12,1,0,0,0.018070007000000003,0.0075789999999999998,0,55627776,NA,NA,NA,NA,NA,NA,NA,NA,2408,135,5,1,3d4d37e7dcef36139698862d60d536450dfb480779ac0676046a82e065e8af0f,583,0,11,4
1,12,0,1,3,0.064315256000000001,0.041722999999999996,0.0069579999999999998,179257344,NA,NA,NA,NA,NA,NA,NA,NA,1968568,2240463,32773,1,c491f4791a93a71124b9219b05e718490cf6bd1c68b1ec8fc6a6550e31f844b1,1121,0,40,5
1,12,1,0,3,0.059783224000000003,0.034484000000000001,0.013805999999999999,181248000,NA,NA,NA,NA,NA,NA,NA,NA,1968568,2240463,32773,1,c491f4791a93a71124b9219b05e718490cf6bd1c68b1ec8fc6a6550e31f844b1,1123,0,46,5
1,12,0,1,2,0.040549516000000001,0.018407,0.011046,131399680,NA,NA,NA,NA,NA,NA,NA,NA,837856,318511,16385,4096,b4f737276339a7626b246c204b626e79f9d9ec0f1f160233a5aa1c27728af83f,626,0,24,4
1,12,1,0,2,0.040501297000000006,0.025665,0.0036699999999999997,131379200,NA,NA,NA,NA,NA,NA,NA,NA,837856,318511,16385,4096,b4f737276339a7626b246c204b626e79f9d9ec0f1f160233a5aa1c27728af83f,626,0,18,3
1,13,0,0,0,0.023329001000000002,0.0056809999999999994,0.0028319999999999999,55185408,NA,NA,NA,NA,NA,NA,NA,NA,2408,135,5,1,3d4d37e7dcef36139698862d60d536450dfb480779ac0676046a82e065e8af0f,1029,0,9,2
1,13,1,1,0,0.018487639,0.0078139999999999998,0,55435264,NA,NA,NA,NA,NA,NA,NA,NA,2408,135,5,1,3d4d37e7dcef36139698862d60d536450dfb480779ac0676046a82e065e8af0f,1064,0,12,3
1,13,0,0,3,0.059516714000000005,0.034118999999999997,0.013654999999999999,181387264,NA,NA,NA,NA,NA,NA,NA,NA,1968568,2240463,32773,1,c491f4791a93a71124b9219b05e718490cf6bd1c68b1ec8fc6a6550e31f844b1,1124,0,59,4
1,13,1,1,3,0.060102821000000001,0.042047000000000001,0.0064659999999999995,179163136,NA,NA,NA,NA,NA,NA,NA,NA,1968568,2240463,32773,1,c491f4791a93a71124b9219b05e718490cf6bd1c68b1ec8fc6a6550e31f844b1,1120,0,33,4
1,13,0,0,5,0.43821714300000003,0.37133899999999997,0.046432999999999995,1023545344,NA,NA,NA,NA,NA,NA,NA,NA,11457352,5690734,153602,512,388033e7552b3b3255277a47381a62d5067155e67b74e663ad0ac019ed72fc50,1581,0,196,4
1,13,1,1,5,0.43558759600000002,0.378355,0.036839999999999998,1025748992,NA,NA,NA,NA,NA,NA,NA,NA,11457352,5690734,153602,512,388033e7552b3b3255277a47381a62d5067155e67b74e663ad0ac019ed72fc50,1586,0,147,7
1,13,0,0,4,0.198470167,0.166272,0.013302999999999999,428290048,NA,NA,NA,NA,NA,NA,NA,NA,5833440,1882629,26625,512,0f41e20848de6408cce7b1c5f57f0212c9401233ca75c7b6652c8ea62bfcd43f,1236,0,166,5
1,13,1,1,4,0.20892335300000001,0.16315499999999999,0.016999999999999998,428453888,NA,NA,NA,NA,NA,NA,NA,NA,5833440,1882629,26625,512,0f41e20848de6408cce7b1c5f57f0212c9401233ca75c7b6652c8ea62bfcd43f,1236,0,182,5
1,13,0,0,2,0.040843737000000005,0.025911,0.0037029999999999997,131121152,NA,NA,NA,NA,NA,NA,NA,NA,837856,318511,16385,4096,b4f737276339a7626b246c204b626e79f9d9ec0f1f160233a5aa1c27728af83f,1069,0,19,3
1,13,1,1,2,0.040956279000000005,0.023217999999999999,0.0066299999999999996,131293184,NA,NA,NA,NA,NA,NA,NA,NA,837856,318511,16385,4096,b4f737276339a7626b246c204b626e79f9d9ec0f1f160233a5aa1c27728af83f,627,0,24,3
1,13,0,1,1,0.055624933000000001,0.040847999999999995,0.003405,156282880,NA,NA,NA,NA,NA,NA,NA,NA,994016,407679,8197,1,76f10b65f44b546f736cef2848789238eb7a5f77ce08b564ccca55b5bdc08f36,1081,0,19,5
1,13,1,0,1,0.055206349000000002,0.033575000000000001,0.010071,156545024,NA,NA,NA,NA,NA,NA,NA,NA,994016,407679,8197,1,76f10b65f44b546f736cef2848789238eb7a5f77ce08b564ccca55b5bdc08f36,638,0,21,3
1,14,0,0,5,0.43475691000000005,0.37479599999999996,0.040157999999999999,1024053248,NA,NA,NA,NA,NA,NA,NA,NA,11457352,5690734,153602,512,388033e7552b3b3255277a47381a62d5067155e67b74e663ad0ac019ed72fc50,1143,0,360,7
1,14,1,1,5,0.43708163700000002,0.37959199999999998,0.036638999999999998,1026113536,NA,NA,NA,NA,NA,NA,NA,NA,11457352,5690734,153602,512,388033e7552b3b3255277a47381a62d5067155e67b74e663ad0ac019ed72fc50,1141,0,199,4
1,14,0,0,3,0.060163486000000002,0.045196,0.0032299999999999998,181227520,NA,NA,NA,NA,NA,NA,NA,NA,1968568,2240463,32773,1,c491f4791a93a71124b9219b05e718490cf6bd1c68b1ec8fc6a6550e31f844b1,1160,0,46,4
1,14,1,1,3,0.060141946000000002,0.041370999999999998,0.0068959999999999994,179265536,NA,NA,NA,NA,NA,NA,NA,NA,1968568,2240463,32773,1,c491f4791a93a71124b9219b05e718490cf6bd1c68b1ec8fc6a6550e31f844b1,1125,0,17,3
1,14,0,0,0,0.018708183,0.0040590000000000001,0.004058,55435264,NA,NA,NA,NA,NA,NA,NA,NA,2408,135,5,1,3d4d37e7dcef36139698862d60d536450dfb480779ac0676046a82e065e8af0f,1055,0,12,3
1,14,1,1,0,0.019252623,0.0081460000000000005,0,55173120,NA,NA,NA,NA,NA,NA,NA,NA,2408,135,5,1,3d4d37e7dcef36139698862d60d536450dfb480779ac0676046a82e065e8af0f,1025,0,10,2
1,14,0,1,2,0.040716390000000005,0.025787999999999998,0.0036899999999999997,131256320,NA,NA,NA,NA,NA,NA,NA,NA,837856,318511,16385,4096,b4f737276339a7626b246c204b626e79f9d9ec0f1f160233a5aa1c27728af83f,1070,0,16,5
1,14,1,0,2,0.040762013999999999,0.025826999999999999,0.0036899999999999997,131031040,NA,NA,NA,NA,NA,NA,NA,NA,837856,318511,16385,4096,b4f737276339a7626b246c204b626e79f9d9ec0f1f160233a5aa1c27728af83f,1068,0,28,4
1,14,0,0,1,0.055184567000000004,0.033690999999999999,0.010095,156549120,NA,NA,NA,NA,NA,NA,NA,NA,994016,407679,8197,1,76f10b65f44b546f736cef2848789238eb7a5f77ce08b564ccca55b5bdc08f36,1086,0,20,7
1,14,1,1,1,0.055416041000000006,0.037594999999999996,0.0062699999999999995,156372992,NA,NA,NA,NA,NA,NA,NA,NA,994016,407679,8197,1,76f10b65f44b546f736cef2848789238eb7a5f77ce08b564ccca55b5bdc08f36,1084,0,18,4
1,14,0,0,4,0.19850147600000001,0.17269899999999999,0.0067749999999999998,428916736,NA,NA,NA,NA,NA,NA,NA,NA,5833440,1882629,26625,512,0f41e20848de6408cce7b1c5f57f0212c9401233ca75c7b6652c8ea62bfcd43f,797,0,151,5
1,14,1,1,4,0.19070857400000002,0.16569,0.013512999999999999,428646400,NA,NA,NA,NA,NA,NA,NA,NA,5833440,1882629,26625,512,0f41e20848de6408cce7b1c5f57f0212c9401233ca75c7b6652c8ea62bfcd43f,793,0,114,3
1,15,0,1,5,0.43284789400000001,0.36927399999999999,0.042860999999999996,1025454080,NA,NA,NA,NA,NA,NA,NA,NA,11457352,5690734,153602,512,388033e7552b3b3255277a47381a62d5067155e67b74e663ad0ac019ed72fc50,1579,0,39,9
1,15,1,0,5,0.44410525500000003,0.388762,0.026553,1023565824,NA,NA,NA,NA,NA,NA,NA,NA,11457352,5690734,153602,512,388033e7552b3b3255277a47381a62d5067155e67b74e663ad0ac019ed72fc50,1579,0,134,6
1,15,0,1,3,0.059900903000000005,0.037726999999999997,0.010298,179507200,NA,NA,NA,NA,NA,NA,NA,NA,1968568,2240463,32773,1,c491f4791a93a71124b9219b05e718490cf6bd1c68b1ec8fc6a6550e31f844b1,671,0,55,3
1,15,1,0,3,0.060098554000000005,0.038579999999999996,0.0096550000000000004,181268480,NA,NA,NA,NA,NA,NA,NA,NA,1968568,2240463,32773,1,c491f4791a93a71124b9219b05e718490cf6bd1c68b1ec8fc6a6550e31f844b1,1119,0,35,5
1,15,0,1,1,0.055025790000000005,0.033613999999999998,0.010088,156217344,NA,NA,NA,NA,NA,NA,NA,NA,994016,407679,8197,1,76f10b65f44b546f736cef2848789238eb7a5f77ce08b564ccca55b5bdc08f36,1079,0,27,3
1,15,1,0,1,0.055236495000000004,0.037142000000000001,0.0067549999999999997,156413952,NA,NA,NA,NA,NA,NA,NA,NA,994016,407679,8197,1,76f10b65f44b546f736cef2848789238eb7a5f77ce08b564ccca55b5bdc08f36,1097,0,20,4
1,15,0,1,4,0.19870436600000002,0.15656599999999998,0.022842999999999999,428343296,NA,NA,NA,NA,NA,NA,NA,NA,5833440,1882629,26625,512,0f41e20848de6408cce7b1c5f57f0212c9401233ca75c7b6652c8ea62bfcd43f,1235,0,113,11
1,15,1,0,4,0.19878579800000001,0.16611799999999999,0.013292,428642304,NA,NA,NA,NA,NA,NA,NA,NA,5833440,1882629,26625,512,0f41e20848de6408cce7b1c5f57f0212c9401233ca75c7b6652c8ea62bfcd43f,1273,0,148,4
1,15,0,0,2,0.040884764000000004,0.025765999999999997,0.0036839999999999998,131284992,NA,NA,NA,NA,NA,NA,NA,NA,837856,318511,16385,4096,b4f737276339a7626b246c204b626e79f9d9ec0f1f160233a5aa1c27728af83f,619,0,33,3
1,15,1,1,2,0.040901686,0.022293999999999998,0.00743,131125248,NA,NA,NA,NA,NA,NA,NA,NA,837856,318511,16385,4096,b4f737276339a7626b246c204b626e79f9d9ec0f1f160233a5aa1c27728af83f,1069,0,24,3
1,15,0,1,0,0.019300011000000002,0.0041970000000000002,0.0041640000000000002,55422976,NA,NA,NA,NA,NA,NA,NA,NA,2408,135,5,1,3d4d37e7dcef36139698862d60d536450dfb480779ac0676046a82e065e8af0f,1044,0,9,3
1,15,1,0,0,0.020169712000000003,0.0054469999999999996,0.0027290000000000001,55283712,NA,NA,NA,NA,NA,NA,NA,NA,2408,135,5,1,3d4d37e7dcef36139698862d60d536450dfb480779ac0676046a82e065e8af0f,1028,0,11,2
1,16,0,1,0,0.019985816,0.0028639999999999998,0.0057029999999999997,55570432,NA,NA,NA,NA,NA,NA,NA,NA,2408,135,5,1,3d4d37e7dcef36139698862d60d536450dfb480779ac0676046a82e065e8af0f,584,0,9,3
1,16,1,0,0,0.019307435000000001,0.0040179999999999999,0.0039529999999999999,55414784,NA,NA,NA,NA,NA,NA,NA,NA,2408,135,5,1,3d4d37e7dcef36139698862d60d536450dfb480779ac0676046a82e065e8af0f,582,0,9,3
1,16,0,1,4,0.19781749400000001,0.16206199999999998,0.016524999999999998,428175360,NA,NA,NA,NA,NA,NA,NA,NA,5833440,1882629,26625,512,0f41e20848de6408cce7b1c5f57f0212c9401233ca75c7b6652c8ea62bfcd43f,1232,0,173,6
1,16,1,0,4,0.19753290100000001,0.15818599999999999,0.020194999999999998,428441600,NA,NA,NA,NA,NA,NA,NA,NA,5833440,1882629,26625,512,0f41e20848de6408cce7b1c5f57f0212c9401233ca75c7b6652c8ea62bfcd43f,1236,0,118,5
1,16,0,0,5,0.44033276800000004,0.363898,0.055746999999999998,1024139264,NA,NA,NA,NA,NA,NA,NA,NA,11457352,5690734,153602,512,388033e7552b3b3255277a47381a62d5067155e67b74e663ad0ac019ed72fc50,1141,0,126,8
1,16,1,1,5,0.44212751100000003,0.38681299999999996,0.026690999999999999,1025900544,NA,NA,NA,NA,NA,NA,NA,NA,11457352,5690734,153602,512,388033e7552b3b3255277a47381a62d5067155e67b74e663ad0ac019ed72fc50,1586,0,174,4
1,16,0,0,3,0.059545800000000003,0.044641,0.0031909999999999998,181170176,NA,NA,NA,NA,NA,NA,NA,NA,1968568,2240463,32773,1,c491f4791a93a71124b9219b05e718490cf6bd1c68b1ec8fc6a6550e31f844b1,1122,0,29,4
1,16,1,1,3,0.060348314000000007,0.032426999999999997,0.016202999999999999,179412992,NA,NA,NA,NA,NA,NA,NA,NA,1968568,2240463,32773,1,c491f4791a93a71124b9219b05e718490cf6bd1c68b1ec8fc6a6550e31f844b1,1126,0,60,4
1,16,0,0,2,0.040511155,0.029342999999999998,0,131014656,NA,NA,NA,NA,NA,NA,NA,NA,837856,318511,16385,4096,b4f737276339a7626b246c204b626e79f9d9ec0f1f160233a5aa1c27728af83f,1068,0,29,4
1,16,1,1,2,0.040716490000000001,0.029477,0,131010560,NA,NA,NA,NA,NA,NA,NA,NA,837856,318511,16385,4096,b4f737276339a7626b246c204b626e79f9d9ec0f1f160233a5aa1c27728af83f,1068,0,21,2
1,16,0,1,1,0.055058922000000003,0.043591999999999999,0,156438528,NA,NA,NA,NA,NA,NA,NA,NA,994016,407679,8197,1,76f10b65f44b546f736cef2848789238eb7a5f77ce08b564ccca55b5bdc08f36,1081,0,26,7
1,16,1,0,1,0.055057970000000005,0.033527000000000001,0.010059999999999999,156508160,NA,NA,NA,NA,NA,NA,NA,NA,994016,407679,8197,1,76f10b65f44b546f736cef2848789238eb7a5f77ce08b564ccca55b5bdc08f36,1079,0,18,3
1,17,0,1,5,0.43457744400000003,0.35455700000000001,0.059644999999999997,1025515520,NA,NA,NA,NA,NA,NA,NA,NA,11457352,5690734,153602,512,388033e7552b3b3255277a47381a62d5067155e67b74e663ad0ac019ed72fc50,1579,0,220,7
1,17,1,0,5,0.44655242100000003,0.36793199999999998,0.049701999999999996,1023574016,NA,NA,NA,NA,NA,NA,NA,NA,11457352,5690734,153602,512,388033e7552b3b3255277a47381a62d5067155e67b74e663ad0ac019ed72fc50,1579,0,134,6
1,17,0,1,3,0.059949926000000001,0.035320999999999998,0.012848999999999999,179290112,NA,NA,NA,NA,NA,NA,NA,NA,1968568,2240463,32773,1,c491f4791a93a71124b9219b05e718490cf6bd1c68b1ec8fc6a6550e31f844b1,1122,0,47,4
1,17,1,0,3,0.059703355000000007,0.037768999999999997,0.010300999999999999,181194752,NA,NA,NA,NA,NA,NA,NA,NA,1968568,2240463,32773,1,c491f4791a93a71124b9219b05e718490cf6bd1c68b1ec8fc6a6550e31f844b1,1121,0,42,3
1,17,0,0,1,0.055514545000000005,0.043962999999999995,0,156430336,NA,NA,NA,NA,NA,NA,NA,NA,994016,407679,8197,1,76f10b65f44b546f736cef2848789238eb7a5f77ce08b564ccca55b5bdc08f36,1084,0,39,5
1,17,1,1,1,0.055477356000000005,0.033827999999999997,0.010137,156151808,NA,NA,NA,NA,NA,NA,NA,NA,994016,407679,8197,1,76f10b65f44b546f736cef2848789238eb7a5f77ce08b564ccca55b5bdc08f36,1076,0,25,4
1,17,0,0,4,0.19811496200000001,0.155748,0.023191,428347392,NA,NA,NA,NA,NA,NA,NA,NA,5833440,1882629,26625,512,0f41e20848de6408cce7b1c5f57f0212c9401233ca75c7b6652c8ea62bfcd43f,1238,0,130,3
1,17,1,1,4,0.198797892,0.162801,0.016955999999999999,428371968,NA,NA,NA,NA,NA,NA,NA,NA,5833440,1882629,26625,512,0f41e20848de6408cce7b1c5f57f0212c9401233ca75c7b6652c8ea62bfcd43f,1237,0,141,4
1,17,0,0,0,0.01881335,0.0041489999999999999,0.0041510000000000002,55218176,NA,NA,NA,NA,NA,NA,NA,NA,2408,135,5,1,3d4d37e7dcef36139698862d60d536450dfb480779ac0676046a82e065e8af0f,1025,0,12,3
1,17,1,1,0,0.018648461000000002,0.0040330000000000001,0.0040159999999999996,55275520,NA,NA,NA,NA,NA,NA,NA,NA,2408,135,5,1,3d4d37e7dcef36139698862d60d536450dfb480779ac0676046a82e065e8af0f,1025,0,12,3
1,17,0,1,2,0.040648331000000003,0.023431999999999998,0.0058699999999999994,130949120,NA,NA,NA,NA,NA,NA,NA,NA,837856,318511,16385,4096,b4f737276339a7626b246c204b626e79f9d9ec0f1f160233a5aa1c27728af83f,1065,0,20,6
1,17,1,0,2,0.040725747,0.020666,0.008846999999999999,131158016,NA,NA,NA,NA,NA,NA,NA,NA,837856,318511,16385,4096,b4f737276339a7626b246c204b626e79f9d9ec0f1f160233a5aa1c27728af83f,1068,0,25,4
1,18,0,0,4,0.21055478000000002,0.167047,0.013354999999999999,428367872,NA,NA,NA,NA,NA,NA,NA,NA,5833440,1882629,26625,512,0f41e20848de6408cce7b1c5f57f0212c9401233ca75c7b6652c8ea62bfcd43f,1236,0,147,6
1,18,1,1,4,0.19811288800000001,0.15903599999999998,0.019882,428179456,NA,NA,NA,NA,NA,NA,NA,NA,5833440,1882629,26625,512,0f41e20848de6408cce7b1c5f57f0212c9401233ca75c7b6652c8ea62bfcd43f,1235,0,78,6
1,18,0,0,2,0.040607375000000001,0.022803999999999998,0.0065179999999999995,131309568,NA,NA,NA,NA,NA,NA,NA,NA,837856,318511,16385,4096,b4f737276339a7626b246c204b626e79f9d9ec0f1f160233a5aa1c27728af83f,625,0,23,3
1,18,1,1,2,0.041127309000000001,0.018040999999999998,0.012003999999999999,131227648,NA,NA,NA,NA,NA,NA,NA,NA,837856,318511,16385,4096,b4f737276339a7626b246c204b626e79f9d9ec0f1f160233a5aa1c27728af83f,1070,0,27,4
1,18,0,0,1,0.055493226000000007,0.037130999999999997,0.0067529999999999995,156590080,NA,NA,NA,NA,NA,NA,NA,NA,994016,407679,8197,1,76f10b65f44b546f736cef2848789238eb7a5f77ce08b564ccca55b5bdc08f36,636,0,34,3
1,18,1,1,1,0.055349036000000004,0.033675999999999998,0.010102,156655616,NA,NA,NA,NA,NA,NA,NA,NA,994016,407679,8197,1,76f10b65f44b546f736cef2848789238eb7a5f77ce08b564ccca55b5bdc08f36,636,0,30,3
1,18,0,0,5,0.43778210900000003,0.36727499999999996,0.050084999999999998,1023725568,NA,NA,NA,NA,NA,NA,NA,NA,11457352,5690734,153602,512,388033e7552b3b3255277a47381a62d5067155e67b74e663ad0ac019ed72fc50,1584,0,120,6
1,18,1,1,5,0.44302192700000004,0.37133299999999997,0.043070999999999998,1025921024,NA,NA,NA,NA,NA,NA,NA,NA,11457352,5690734,153602,512,388033e7552b3b3255277a47381a62d5067155e67b74e663ad0ac019ed72fc50,1586,0,114,7
1,18,0,1,0,0.018989900000000001,0.0041979999999999995,0.0042039999999999994,55332864,NA,NA,NA,NA,NA,NA,NA,NA,2408,135,5,1,3d4d37e7dcef36139698862d60d536450dfb480779ac0676046a82e065e8af0f,1064,0,12,3
1,18,1,0,0,0.018359008,0.0051619999999999999,0.0025869999999999999,55422976,NA,NA,NA,NA,NA,NA,NA,NA,2408,135,5,1,3d4d37e7dcef36139698862d60d536450dfb480779ac0676046a82e065e8af0f,580,0,12,3
1,18,0,0,3,0.059882440000000002,0.044458999999999999,0.003421,181452800,NA,NA,NA,NA,NA,NA,NA,NA,1968568,2240463,32773,1,c491f4791a93a71124b9219b05e718490cf6bd1c68b1ec8fc6a6550e31f844b1,1146,0,33,4
1,18,1,1,3,0.060156052000000002,0.041516999999999998,0.0069210000000000001,179122176,NA,NA,NA,NA,NA,NA,NA,NA,1968568,2240463,32773,1,c491f4791a93a71124b9219b05e718490cf6bd1c68b1ec8fc6a6550e31f844b1,1119,0,38,3
1,19,0,1,4,0.197483398,0.15183099999999999,0.026401999999999998,428277760,NA,NA,NA,NA,NA,NA,NA,NA,5833440,1882629,26625,512,0f41e20848de6408cce7b1c5f57f0212c9401233ca75c7b6652c8ea62bfcd43f,1234,0,126,6
1,19,1,0,4,0.19881459200000001,0.15932199999999999,0.02034,428433408,NA,NA,NA,NA,NA,NA,NA,NA,5833440,1882629,26625,512,0f41e20848de6408cce7b1c5f57f0212c9401233ca75c7b6652c8ea62bfcd43f,793,0,144,4
1,19,0,1,2,0.041004037,0.023289000000000001,0.0066479999999999994,131100672,NA,NA,NA,NA,NA,NA,NA,NA,837856,318511,16385,4096,b4f737276339a7626b246c204b626e79f9d9ec0f1f160233a5aa1c27728af83f,1068,0,22,2
1,19,1,0,2,0.040043368000000003,0.025513999999999998,0.0036459999999999999,131162112,NA,NA,NA,NA,NA,NA,NA,NA,837856,318511,16385,4096,b4f737276339a7626b246c204b626e79f9d9ec0f1f160233a5aa1c27728af83f,1074,0,26,3
1,19,0,1,5,0.435444257,0.37465699999999996,0.039809999999999998,1025884160,NA,NA,NA,NA,NA,NA,NA,NA,11457352,5690734,153602,512,388033e7552b3b3255277a47381a62d5067155e67b74e663ad0ac019ed72fc50,1586,0,49,6
1,19,1,0,5,0.44324950100000005,0.38491500000000001,0.029869,1023463424,NA,NA,NA,NA,NA,NA,NA,NA,11457352,5690734,153602,512,388033e7552b3b3255277a47381a62d5067155e67b74e663ad0ac019ed72fc50,1603,0,256,7
1,19,0,0,0,0.019454771000000003,0.0042249999999999996,0.0042249999999999996,55107584,NA,NA,NA,NA,NA,NA,NA,NA,2408,135,5,1,3d4d37e7dcef36139698862d60d536450dfb480779ac0676046a82e065e8af0f,1033,0,11,3
1,19,1,1,0,0.018784355000000003,0.0040999999999999995,0.0040379999999999999,55341056,NA,NA,NA,NA,NA,NA,NA,NA,2408,135,5,1,3d4d37e7dcef36139698862d60d536450dfb480779ac0676046a82e065e8af0f,1027,0,9,2
1,19,0,1,3,0.059702824000000002,0.044445999999999999,0.003405,179085312,NA,NA,NA,NA,NA,NA,NA,NA,1968568,2240463,32773,1,c491f4791a93a71124b9219b05e718490cf6bd1c68b1ec8fc6a6550e31f844b1,1120,0,49,6
1,19,1,0,3,0.059785499000000006,0.044766,0.0034449999999999997,181370880,NA,NA,NA,NA,NA,NA,NA,NA,1968568,2240463,32773,1,c491f4791a93a71124b9219b05e718490cf6bd1c68b1ec8fc6a6550e31f844b1,676,0,28,3
1,19,0,1,1,0.055598464,0.033704999999999999,0.010116,156561408,NA,NA,NA,NA,NA,NA,NA,NA,994016,407679,8197,1,76f10b65f44b546f736cef2848789238eb7a5f77ce08b564ccca55b5bdc08f36,1107,0,15,4
1,19,1,0,1,0.055103195000000001,0.033661999999999997,0.010097,156487680,NA,NA,NA,NA,NA,NA,NA,NA,994016,407679,8197,1,76f10b65f44b546f736cef2848789238eb7a5f77ce08b564ccca55b5bdc08f36,638,0,28,3
1,20,0,1,4,0.19670869700000002,0.15151299999999998,0.026310999999999998,428335104,NA,NA,NA,NA,NA,NA,NA,NA,5833440,1882629,26625,512,0f41e20848de6408cce7b1c5f57f0212c9401233ca75c7b6652c8ea62bfcd43f,1233,0,172,4
1,20,1,0,4,0.198030383,0.158417,0.020218,428408832,NA,NA,NA,NA,NA,NA,NA,NA,5833440,1882629,26625,512,0f41e20848de6408cce7b1c5f57f0212c9401233ca75c7b6652c8ea62bfcd43f,1237,0,119,5
1,20,0,1,1,0.055475061000000006,0.043737999999999999,0,156323840,NA,NA,NA,NA,NA,NA,NA,NA,994016,407679,8197,1,76f10b65f44b546f736cef2848789238eb7a5f77ce08b564ccca55b5bdc08f36,1089,0,28,3
1,20,1,0,1,0.054929910000000005,0.033499000000000001,0.010033,156631040,NA,NA,NA,NA,NA,NA,NA,NA,994016,407679,8197,1,76f10b65f44b546f736cef2848789238eb7a5f77ce08b564ccca55b5bdc08f36,640,0,17,2
1,20,0,0,5,0.45085260900000002,0.35084799999999999,0.063509999999999997,1023692800,NA,NA,NA,NA,NA,NA,NA,NA,11457352,5690734,153602,512,388033e7552b3b3255277a47381a62d5067155e67b74e663ad0ac019ed72fc50,1138,0,224,8
1,20,1,1,5,0.43648689200000002,0.36918899999999999,0.046984999999999999,1025445888,NA,NA,NA,NA,NA,NA,NA,NA,11457352,5690734,153602,512,388033e7552b3b3255277a47381a62d5067155e67b74e663ad0ac019ed72fc50,1579,0,133,5
1,20,0,1,0,0.018831935000000001,0.0055429999999999993,0.0027719999999999997,55525376,NA,NA,NA,NA,NA,NA,NA,NA,2408,135,5,1,3d4d37e7dcef36139698862d60d536450dfb480779ac0676046a82e065e8af0f,586,0,11,3
1,20,1,0,0,0.018366381000000001,0.007868,0,55517184,NA,NA,NA,NA,NA,NA,NA,NA,2408,135,5,1,3d4d37e7dcef36139698862d60d536450dfb480779ac0676046a82e065e8af0f,1032,0,14,3
1,20,0,0,2,0.040003383000000003,0.019362999999999998,0.0096679999999999995,131014656,NA,NA,NA,NA,NA,NA,NA,NA,837856,318511,16385,4096,b4f737276339a7626b246c204b626e79f9d9ec0f1f160233a5aa1c27728af83f,1068,0,22,2
1,20,1,1,2,0.041012414000000004,0.019872000000000001,0.0099579999999999998,131473408,NA,NA,NA,NA,NA,NA,NA,NA,837856,318511,16385,4096,b4f737276339a7626b246c204b626e79f9d9ec0f1f160233a5aa1c27728af83f,626,0,26,4
1,20,0,0,3,0.059459908000000006,0.041148999999999998,0.0068629999999999993,181391360,NA,NA,NA,NA,NA,NA,NA,NA,1968568,2240463,32773,1,c491f4791a93a71124b9219b05e718490cf6bd1c68b1ec8fc6a6550e31f844b1,1131,0,57,5
1,20,1,1,3,0.060839133000000004,0.039047999999999999,0.009776,179134464,NA,NA,NA,NA,NA,NA,NA,NA,1968568,2240463,32773,1,c491f4791a93a71124b9219b05e718490cf6bd1c68b1ec8fc6a6550e31f844b1,1121,0,52,5
1,21,0,0,0,0.018767274,0.005398,0.0027009999999999998,55144448,NA,NA,NA,NA,NA,NA,NA,NA,2408,135,5,1,3d4d37e7dcef36139698862d60d536450dfb480779ac0676046a82e065e8af0f,1023,0,11,3
1,21,1,1,0,0.019327533000000001,0.0041440000000000001,0.0041479999999999998,55291904,NA,NA,NA,NA,NA,NA,NA,NA,2408,135,5,1,3d4d37e7dcef36139698862d60d536450dfb480779ac0676046a82e065e8af0f,1026,0,10,2
1,21,0,1,2,0.040450943000000003,0.022102999999999998,0.0073429999999999997,131305472,NA,NA,NA,NA,NA,NA,NA,NA,837856,318511,16385,4096,b4f737276339a7626b246c204b626e79f9d9ec0f1f160233a5aa1c27728af83f,625,0,32,5
1,21,1,0,2,0.040608106000000005,0.025637999999999998,0.0036699999999999997,131014656,NA,NA,NA,NA,NA,NA,NA,NA,837856,318511,16385,4096,b4f737276339a7626b246c204b626e79f9d9ec0f1f160233a5aa1c27728af83f,1067,0,20,5
1,21,0,1,3,0.060032029000000001,0.041592999999999998,0.0064059999999999994,179085312,NA,NA,NA,NA,NA,NA,NA,NA,1968568,2240463,32773,1,c491f4791a93a71124b9219b05e718490cf6bd1c68b1ec8fc6a6550e31f844b1,1119,0,49,4
1,21,1,0,3,0.059863043000000005,0.041761,0.0064209999999999996,181395456,NA,NA,NA,NA,NA,NA,NA,NA,1968568,2240463,32773,1,c491f4791a93a71124b9219b05e718490cf6bd1c68b1ec8fc6a6550e31f844b1,1163,0,50,4
1,21,0,0,1,0.055570330000000001,0.040901,0.0031479999999999998,156319744,NA,NA,NA,NA,NA,NA,NA,NA,994016,407679,8197,1,76f10b65f44b546f736cef2848789238eb7a5f77ce08b564ccca55b5bdc08f36,1078,0,45,4
1,21,1,1,1,0.055263866000000002,0.036549999999999999,0.0073119999999999999,156430336,NA,NA,NA,NA,NA,NA,NA,NA,994016,407679,8197,1,76f10b65f44b546f736cef2848789238eb7a5f77ce08b564ccca55b5bdc08f36,1081,0,25,4
1,21,0,0,4,0.19710846600000001,0.16134099999999998,0.016795000000000001,428261376,NA,NA,NA,NA,NA,NA,NA,NA,5833440,1882629,26625,512,0f41e20848de6408cce7b1c5f57f0212c9401233ca75c7b6652c8ea62bfcd43f,1234,0,133,3
1,21,1,1,4,0.19825787,0.17249799999999998,0.0067609999999999996,428679168,NA,NA,NA,NA,NA,NA,NA,NA,5833440,1882629,26625,512,0f41e20848de6408cce7b1c5f57f0212c9401233ca75c7b6652c8ea62bfcd43f,795,0,149,5
1,21,0,1,5,0.44549581200000005,0.36673299999999998,0.049976,1025810432,NA,NA,NA,NA,NA,NA,NA,NA,11457352,5690734,153602,512,388033e7552b3b3255277a47381a62d5067155e67b74e663ad0ac019ed72fc50,1583,0,255,8
1,21,1,0,5,0.43585966600000003,0.37851099999999999,0.036849,1023840256,NA,NA,NA,NA,NA,NA,NA,NA,11457352,5690734,153602,512,388033e7552b3b3255277a47381a62d5067155e67b74e663ad0ac019ed72fc50,1139,0,189,6
1,22,0,1,2,0.041072216000000002,0.023314999999999999,0.0066679999999999994,131174400,NA,NA,NA,NA,NA,NA,NA,NA,837856,318511,16385,4096,b4f737276339a7626b246c204b626e79f9d9ec0f1f160233a5aa1c27728af83f,1070,0,19,3
1,22,1,0,2,0.041099267000000002,0.023139,0.0066159999999999995,130985984,NA,NA,NA,NA,NA,NA,NA,NA,837856,318511,16385,4096,b4f737276339a7626b246c204b626e79f9d9ec0f1f160233a5aa1c27728af83f,1064,0,26,4
1,22,0,0,1,0.055047821000000004,0.033523999999999998,0.010059999999999999,156565504,NA,NA,NA,NA,NA,NA,NA,NA,994016,407679,8197,1,76f10b65f44b546f736cef2848789238eb7a5f77ce08b564ccca55b5bdc08f36,637,0,19,2
1,22,1,1,1,0.056186975,0.034152000000000002,0.010258999999999999,156348416,NA,NA,NA,NA,NA,NA,NA,NA,994016,407679,8197,1,76f10b65f44b546f736cef2848789238eb7a5f77ce08b564ccca55b5bdc08f36,1082,0,37,5
1,22,0,1,5,0.43892534000000005,0.36796099999999998,0.050189999999999999,1025634304,NA,NA,NA,NA,NA,NA,NA,NA,11457352,5690734,153602,512,388033e7552b3b3255277a47381a62d5067155e67b74e663ad0ac019ed72fc50,1579,0,191,7
1,22,1,0,5,0.44601454400000001,0.38590599999999997,0.029922999999999998,1023934464,NA,NA,NA,NA,NA,NA,NA,NA,11457352,5690734,153602,512,388033e7552b3b3255277a47381a62d5067155e67b74e663ad0ac019ed72fc50,1138,0,50,5
1,22,0,1,3,0.060327143000000007,0.045166999999999999,0.0034629999999999999,179146752,NA,NA,NA,NA,NA,NA,NA,NA,1968568,2240463,32773,1,c491f4791a93a71124b9219b05e718490cf6bd1c68b1ec8fc6a6550e31f844b1,1121,0,51,5
1,22,1,0,3,0.060162784000000004,0.038543000000000001,0.0096319999999999999,181624832,NA,NA,NA,NA,NA,NA,NA,NA,1968568,2240463,32773,1,c491f4791a93a71124b9219b05e718490cf6bd1c68b1ec8fc6a6550e31f844b1,682,0,36,4
1,22,0,0,0,0.019334296000000001,0.004274,0.0042750000000000002,55410688,NA,NA,NA,NA,NA,NA,NA,NA,2408,135,5,1,3d4d37e7dcef36139698862d60d536450dfb480779ac0676046a82e065e8af0f,1028,0,10,2
1,22,1,1,0,0.019186980000000003,0.0054349999999999997,0.0027320000000000001,55279616,NA,NA,NA,NA,NA,NA,NA,NA,2408,135,5,1,3d4d37e7dcef36139698862d60d536450dfb480779ac0676046a82e065e8af0f,1026,0,9,3
1,22,0,0,4,0.198788083,0.15667399999999998,0.022838999999999998,428257280,NA,NA,NA,NA,NA,NA,NA,NA,5833440,1882629,26625,512,0f41e20848de6408cce7b1c5f57f0212c9401233ca75c7b6652c8ea62bfcd43f,1232,0,136,8
1,22,1,1,4,0.20000155600000002,0.16061799999999998,0.020076999999999998,428400640,NA,NA,NA,NA,NA,NA,NA,NA,5833440,1882629,26625,512,0f41e20848de6408cce7b1c5f57f0212c9401233ca75c7b6652c8ea62bfcd43f,1235,0,167,4
1,23,0,0,5,0.440367122,0.369593,0.049945999999999997,1023664128,NA,NA,NA,NA,NA,NA,NA,NA,11457352,5690734,153602,512,388033e7552b3b3255277a47381a62d5067155e67b74e663ad0ac019ed72fc50,1581,0,320,6
1,23,1,1,5,0.43631661200000005,0.35549599999999998,0.059801999999999994,1025646592,NA,NA,NA,NA,NA,NA,NA,NA,11457352,5690734,153602,512,388033e7552b3b3255277a47381a62d5067155e67b74e663ad0ac019ed72fc50,1584,0,186,6
1,23,0,1,1,0.055750447000000002,0.033998,0.010204,156418048,NA,NA,NA,NA,NA,NA,NA,NA,994016,407679,8197,1,76f10b65f44b546f736cef2848789238eb7a5f77ce08b564ccca55b5bdc08f36,1082,0,29,4
1,23,1,0,1,0.055123332000000004,0.034277999999999996,0.0093499999999999989,156479488,NA,NA,NA,NA,NA,NA,NA,NA,994016,407679,8197,1,76f10b65f44b546f736cef2848789238eb7a5f77ce08b564ccca55b5bdc08f36,1085,0,20,3
1,23,0,0,2,0.040822087,0.020697,0.0088710000000000004,131100672,NA,NA,NA,NA,NA,NA,NA,NA,837856,318511,16385,4096,b4f737276339a7626b246c204b626e79f9d9ec0f1f160233a5aa1c27728af83f,1066,0,28,3
1,23,1,1,2,0.041248366000000002,0.023313,0.0066379999999999998,131530752,NA,NA,NA,NA,NA,NA,NA,NA,837856,318511,16385,4096,b4f737276339a7626b246c204b626e79f9d9ec0f1f160233a5aa1c27728af83f,629,0,19,4
1,23,0,0,3,0.059903660000000004,0.045031999999999996,0.0032039999999999998,181600256,NA,NA,NA,NA,NA,NA,NA,NA,1968568,2240463,32773,1,c491f4791a93a71124b9219b05e718490cf6bd1c68b1ec8fc6a6550e31f844b1,681,0,37,4
1,23,1,1,3,0.061144826000000006,0.042696999999999999,0.0065509999999999995,179142656,NA,NA,NA,NA,NA,NA,NA,NA,1968568,2240463,32773,1,c491f4791a93a71124b9219b05e718490cf6bd1c68b1ec8fc6a6550e31f844b1,1120,0,34,4
1,23,0,1,0,0.018762274000000002,0.0080780000000000001,0,55336960,NA,NA,NA,NA,NA,NA,NA,NA,2408,135,5,1,3d4d37e7dcef36139698862d60d536450dfb480779ac0676046a82e065e8af0f,1029,0,12,3
1,23,1,0,0,0.018417258000000002,0.0078119999999999995,0,55332864,NA,NA,NA,NA,NA,NA,NA,NA,2408,135,5,1,3d4d37e7dcef36139698862d60d536450dfb480779ac0676046a82e065e8af0f,1029,0,11,3
1,23,0,1,4,0.19840846200000001,0.159578,0.019532000000000001,428396544,NA,NA,NA,NA,NA,NA,NA,NA,5833440,1882629,26625,512,0f41e20848de6408cce7b1c5f57f0212c9401233ca75c7b6652c8ea62bfcd43f,1236,0,118,5
1,23,1,0,4,0.19933882400000003,0.15662599999999999,0.023323999999999998,428318720,NA,NA,NA,NA,NA,NA,NA,NA,5833440,1882629,26625,512,0f41e20848de6408cce7b1c5f57f0212c9401233ca75c7b6652c8ea62bfcd43f,1260,0,169,4
1,24,0,0,3,0.059668478000000004,0.044886999999999996,0.0032069999999999998,181096448,NA,NA,NA,NA,NA,NA,NA,NA,1968568,2240463,32773,1,c491f4791a93a71124b9219b05e718490cf6bd1c68b1ec8fc6a6550e31f844b1,1119,0,34,3
1,24,1,1,3,0.060432320000000005,0.038830999999999997,0.0097140000000000004,179249152,NA,NA,NA,NA,NA,NA,NA,NA,1968568,2240463,32773,1,c491f4791a93a71124b9219b05e718490cf6bd1c68b1ec8fc6a6550e31f844b1,1121,0,36,4
1,24,0,1,2,0.041122169,0.020878000000000001,0.0089490000000000004,131063808,NA,NA,NA,NA,NA,NA,NA,NA,837856,318511,16385,4096,b4f737276339a7626b246c204b626e79f9d9ec0f1f160233a5aa1c27728af83f,1067,0,24,2
1,24,1,0,2,0.040675974000000004,0.02596,0.0032469999999999999,131420160,NA,NA,NA,NA,NA,NA,NA,NA,837856,318511,16385,4096,b4f737276339a7626b246c204b626e79f9d9ec0f1f160233a5aa1c27728af83f,627,0,29,2
1,24,0,0,0,0.018987175000000002,0.0083090000000000004,0,55357440,NA,NA,NA,NA,NA,NA,NA,NA,2408,135,5,1,3d4d37e7dcef36139698862d60d536450dfb480779ac0676046a82e065e8af0f,1030,0,11,3
1,24,1,1,0,0.018674550000000002,0.0079959999999999996,0,55156736,NA,NA,NA,NA,NA,NA,NA,NA,2408,135,5,1,3d4d37e7dcef36139698862d60d536450dfb480779ac0676046a82e065e8af0f,1022,0,12,4
1,24,0,1,4,0.19797228500000003,0.15865399999999999,0.019840999999999998,428404736,NA,NA,NA,NA,NA,NA,NA,NA,5833440,1882629,26625,512,0f41e20848de6408cce7b1c5f57f0212c9401233ca75c7b6652c8ea62bfcd43f,1238,0,152,6
1,24,1,0,4,0.19885838600000003,0.16294799999999998,0.016629999999999999,428376064,NA,NA,NA,NA,NA,NA,NA,NA,5833440,1882629,26625,512,0f41e20848de6408cce7b1c5f57f0212c9401233ca75c7b6652c8ea62bfcd43f,1233,0,74,5
1,24,0,1,1,0.055876684000000003,0.037201999999999999,0.006764,156622848,NA,NA,NA,NA,NA,NA,NA,NA,994016,407679,8197,1,76f10b65f44b546f736cef2848789238eb7a5f77ce08b564ccca55b5bdc08f36,638,0,20,5
1,24,1,0,1,0.055544251000000003,0.044001999999999999,0,156340224,NA,NA,NA,NA,NA,NA,NA,NA,994016,407679,8197,1,76f10b65f44b546f736cef2848789238eb7a5f77ce08b564ccca55b5bdc08f36,1079,0,27,4
1,24,0,1,5,0.433491028,0.363122,0.049512999999999995,1026019328,NA,NA,NA,NA,NA,NA,NA,NA,11457352,5690734,153602,512,388033e7552b3b3255277a47381a62d5067155e67b74e663ad0ac019ed72fc50,1143,0,167,6
1,24,1,0,5,0.44752365300000002,0.37125999999999998,0.046834999999999995,1023823872,NA,NA,NA,NA,NA,NA,NA,NA,11457352,5690734,153602,512,388033e7552b3b3255277a47381a62d5067155e67b74e663ad0ac019ed72fc50,1584,0,127,5
1,25,0,0,5,0.43579568700000004,0.378417,0.036851999999999996,1023582208,NA,NA,NA,NA,NA,NA,NA,NA,11457352,5690734,153602,512,388033e7552b3b3255277a47381a62d5067155e67b74e663ad0ac019ed72fc50,1579,0,257,6
1,25,1,1,5,0.43578868400000004,0.36458399999999996,0.050168999999999998,1025654784,NA,NA,NA,NA,NA,NA,NA,NA,11457352,5690734,153602,512,388033e7552b3b3255277a47381a62d5067155e67b74e663ad0ac019ed72fc50,1582,0,28,6
1,25,0,0,4,0.199684522,0.16365499999999999,0.016707,428355584,NA,NA,NA,NA,NA,NA,NA,NA,5833440,1882629,26625,512,0f41e20848de6408cce7b1c5f57f0212c9401233ca75c7b6652c8ea62bfcd43f,1234,0,173,5
1,25,1,1,4,0.19872657700000002,0.149479,0.029897,428150784,NA,NA,NA,NA,NA,NA,NA,NA,5833440,1882629,26625,512,0f41e20848de6408cce7b1c5f57f0212c9401233ca75c7b6652c8ea62bfcd43f,1234,0,125,5
1,25,0,1,0,0.019071113000000001,0.0041909999999999994,0.0041919999999999995,55590912,NA,NA,NA,NA,NA,NA,NA,NA,2408,135,5,1,3d4d37e7dcef36139698862d60d536450dfb480779ac0676046a82e065e8af0f,579,0,12,3
1,25,1,0,0,0.018629696000000001,0.0052719999999999998,0.0026379999999999997,55443456,NA,NA,NA,NA,NA,NA,NA,NA,2408,135,5,1,3d4d37e7dcef36139698862d60d536450dfb480779ac0676046a82e065e8af0f,1029,0,12,2
1,25,0,0,2,0.040484705000000003,0.026037999999999999,0.0032559999999999998,131084288,NA,NA,NA,NA,NA,NA,NA,NA,837856,318511,16385,4096,b4f737276339a7626b246c204b626e79f9d9ec0f1f160233a5aa1c27728af83f,1069,0,21,3
1,25,1,1,2,0.040581034000000002,0.026137000000000001,0.0032699999999999999,131465216,NA,NA,NA,NA,NA,NA,NA,NA,837856,318511,16385,4096,b4f737276339a7626b246c204b626e79f9d9ec0f1f160233a5aa1c27728af83f,623,0,22,4
1,25,0,1,3,0.060022522000000002,0.041550999999999998,0.0069349999999999993,179216384,NA,NA,NA,NA,NA,NA,NA,NA,1968568,2240463,32773,1,c491f4791a93a71124b9219b05e718490cf6bd1c68b1ec8fc6a6550e31f844b1,1124,0,37,4
1,25,1,0,3,0.059566318000000007,0.041038999999999999,0.0068379999999999995,181284864,NA,NA,NA,NA,NA,NA,NA,NA,1968568,2240463,32773,1,c491f4791a93a71124b9219b05e718490cf6bd1c68b1ec8fc6a6550e31f844b1,1122,0,42,4
1,25,0,0,1,0.055973415000000006,0.040714,0.0033939999999999999,156389376,NA,NA,NA,NA,NA,NA,NA,NA,994016,407679,8197,1,76f10b65f44b546f736cef2848789238eb7a5f77ce08b564ccca55b5bdc08f36,1081,0,36,4
1,25,1,1,1,0.055541155000000002,0.033805000000000002,0.010147,156196864,NA,NA,NA,NA,NA,NA,NA,NA,994016,407679,8197,1,76f10b65f44b546f736cef2848789238eb7a5f77ce08b564ccca55b5bdc08f36,1077,0,17,2
1,26,0,0,1,0.054893963000000004,0.033363999999999998,0.010007,156516352,NA,NA,NA,NA,NA,NA,NA,NA,994016,407679,8197,1,76f10b65f44b546f736cef2848789238eb7a5f77ce08b564ccca55b5bdc08f36,1097,0,18,3
1,26,1,1,1,0.055236075000000003,0.037217,0.0067679999999999997,156336128,NA,NA,NA,NA,NA,NA,NA,NA,994016,407679,8197,1,76f10b65f44b546f736cef2848789238eb7a5f77ce08b564ccca55b5bdc08f36,1089,0,24,3
1,26,0,1,2,0.040865858000000005,0.026331,0.0032929999999999999,130879488,NA,NA,NA,NA,NA,NA,NA,NA,837856,318511,16385,4096,b4f737276339a7626b246c204b626e79f9d9ec0f1f160233a5aa1c27728af83f,1064,0,21,3
1,26,1,0,2,0.040953704,0.019726999999999998,0.0098719999999999988,131133440,NA,NA,NA,NA,NA,NA,NA,NA,837856,318511,16385,4096,b4f737276339a7626b246c204b626e79f9d9ec0f1f160233a5aa1c27728af83f,1069,0,21,4
1,26,0,0,3,0.060470962000000003,0.030445,0.018276000000000001,181403648,NA,NA,NA,NA,NA,NA,NA,NA,1968568,2240463,32773,1,c491f4791a93a71124b9219b05e718490cf6bd1c68b1ec8fc6a6550e31f844b1,679,0,47,4
1,26,1,1,3,0.060117912000000003,0.045169999999999995,0.0034749999999999998,179286016,NA,NA,NA,NA,NA,NA,NA,NA,1968568,2240463,32773,1,c491f4791a93a71124b9219b05e718490cf6bd1c68b1ec8fc6a6550e31f844b1,1123,0,29,3
1,26,0,0,0,0.01974716,0.008480999999999999,0,55095296,NA,NA,NA,NA,NA,NA,NA,NA,2408,135,5,1,3d4d37e7dcef36139698862d60d536450dfb480779ac0676046a82e065e8af0f,1025,0,11,2
1,26,1,1,0,0.020075997000000002,0.002689,0.0053959999999999998,55767040,NA,NA,NA,NA,NA,NA,NA,NA,2408,135,5,1,3d4d37e7dcef36139698862d60d536450dfb480779ac0676046a82e065e8af0f,589,0,9,4
1,26,0,0,4,0.19895114800000002,0.16631799999999999,0.013290999999999999,428380160,NA,NA,NA,NA,NA,NA,NA,NA,5833440,1882629,26625,512,0f41e20848de6408cce7b1c5f57f0212c9401233ca75c7b6652c8ea62bfcd43f,1237,0,167,4
1,26,1,1,4,0.199285134,0.15335799999999999,0.026675999999999998,428331008,NA,NA,NA,NA,NA,NA,NA,NA,5833440,1882629,26625,512,0f41e20848de6408cce7b1c5f57f0212c9401233ca75c7b6652c8ea62bfcd43f,1238,0,117,4
1,26,0,1,5,0.43647488800000001,0.38604899999999998,0.026862,1025736704,NA,NA,NA,NA,NA,NA,NA,NA,11457352,5690734,153602,512,388033e7552b3b3255277a47381a62d5067155e67b74e663ad0ac019ed72fc50,1583,0,184,4
1,26,1,0,5,0.44471497900000001,0.35927199999999998,0.056050999999999997,1023488000,NA,NA,NA,NA,NA,NA,NA,NA,11457352,5690734,153602,512,388033e7552b3b3255277a47381a62d5067155e67b74e663ad0ac019ed72fc50,1582,0,306,7
1,27,0,1,3,0.060190306000000006,0.038771,0.0096769999999999998,179216384,NA,NA,NA,NA,NA,NA,NA,NA,1968568,2240463,32773,1,c491f4791a93a71124b9219b05e718490cf6bd1c68b1ec8fc6a6550e31f844b1,1122,0,51,3
1,27,1,0,3,0.059644263000000003,0.039133000000000001,0.0090349999999999996,181501952,NA,NA,NA,NA,NA,NA,NA,NA,1968568,2240463,32773,1,c491f4791a93a71124b9219b05e718490cf6bd1c68b1ec8fc6a6550e31f844b1,1160,0,34,3
1,27,0,1,4,0.19852135200000001,0.16916499999999998,0.0099439999999999997,428363776,NA,NA,NA,NA,NA,NA,NA,NA,5833440,1882629,26625,512,0f41e20848de6408cce7b1c5f57f0212c9401233ca75c7b6652c8ea62bfcd43f,1236,0,181,4
1,27,1,0,4,0.19941107000000002,0.153839,0.026147,428675072,NA,NA,NA,NA,NA,NA,NA,NA,5833440,1882629,26625,512,0f41e20848de6408cce7b1c5f57f0212c9401233ca75c7b6652c8ea62bfcd43f,796,0,158,4
1,27,0,0,2,0.040968573000000001,0.023111,0.0066,131121152,NA,NA,NA,NA,NA,NA,NA,NA,837856,318511,16385,4096,b4f737276339a7626b246c204b626e79f9d9ec0f1f160233a5aa1c27728af83f,1069,0,18,3
1,27,1,1,2,0.041083897000000001,0.02231,0.0074409999999999997,131108864,NA,NA,NA,NA,NA,NA,NA,NA,837856,318511,16385,4096,b4f737276339a7626b246c204b626e79f9d9ec0f1f160233a5aa1c27728af83f,1069,0,31,4
1,27,0,1,0,0.019778338000000003,0.0058189999999999995,0.0028999999999999998,55398400,NA,NA,NA,NA,NA,NA,NA,NA,2408,135,5,1,3d4d37e7dcef36139698862d60d536450dfb480779ac0676046a82e065e8af0f,1029,0,10,3
1,27,1,0,0,0.019904566000000002,0.0041999999999999997,0.0041909999999999994,55013376,NA,NA,NA,NA,NA,NA,NA,NA,2408,135,5,1,3d4d37e7dcef36139698862d60d536450dfb480779ac0676046a82e065e8af0f,1024,0,11,3
1,27,0,1,1,0.055577113000000004,0.040535999999999996,0.003382,156569600,NA,NA,NA,NA,NA,NA,NA,NA,994016,407679,8197,1,76f10b65f44b546f736cef2848789238eb7a5f77ce08b564ccca55b5bdc08f36,1085,0,46,2
1,27,1,0,1,0.056481709000000005,0.032855999999999996,0.011951999999999999,156364800,NA,NA,NA,NA,NA,NA,NA,NA,994016,407679,8197,1,76f10b65f44b546f736cef2848789238eb7a5f77ce08b564ccca55b5bdc08f36,1082,0,27,4
1,27,0,0,5,0.43619721900000002,0.38216699999999998,0.033530999999999998,1023455232,NA,NA,NA,NA,NA,NA,NA,NA,11457352,5690734,153602,512,388033e7552b3b3255277a47381a62d5067155e67b74e663ad0ac019ed72fc50,1603,0,234,7
1,27,1,1,5,0.43807312400000004,0.37407999999999997,0.043435999999999995,1025683456,NA,NA,NA,NA,NA,NA,NA,NA,11457352,5690734,153602,512,388033e7552b3b3255277a47381a62d5067155e67b74e663ad0ac019ed72fc50,1581,0,172,9
1,28,0,0,3,0.059457062000000005,0.041001999999999997,0.0068269999999999997,181329920,NA,NA,NA,NA,NA,NA,NA,NA,1968568,2240463,32773,1,c491f4791a93a71124b9219b05e718490cf6bd1c68b1ec8fc6a6550e31f844b1,676,0,41,4
1,28,1,1,3,0.059844769000000006,0.038468999999999996,0.0096039999999999997,179539968,NA,NA,NA,NA,NA,NA,NA,NA,1968568,2240463,32773,1,c491f4791a93a71124b9219b05e718490cf6bd1c68b1ec8fc6a6550e31f844b1,679,0,32,4
1,28,0,0,5,0.43576667200000002,0.39177499999999998,0.023435999999999998,1023651840,NA,NA,NA,NA,NA,NA,NA,NA,11457352,5690734,153602,512,388033e7552b3b3255277a47381a62d5067155e67b74e663ad0ac019ed72fc50,1582,0,231,7
1,28,1,1,5,0.44253604700000004,0.35282999999999998,0.059916999999999998,1025658880,NA,NA,NA,NA,NA,NA,NA,NA,11457352,5690734,153602,512,388033e7552b3b3255277a47381a62d5067155e67b74e663ad0ac019ed72fc50,1581,0,231,7
1,28,0,1,1,0.055149021000000006,0.036865999999999996,0.006711,156499968,NA,NA,NA,NA,NA,NA,NA,NA,994016,407679,8197,1,76f10b65f44b546f736cef2848789238eb7a5f77ce08b564ccca55b5bdc08f36,636,0,15,3
1,28,1,0,1,0.055678212000000005,0.031417,0.012560999999999999,156282880,NA,NA,NA,NA,NA,NA,NA,NA,994016,407679,8197,1,76f10b65f44b546f736cef2848789238eb7a5f77ce08b564ccca55b5bdc08f36,1081,0,37,5
1,28,0,0,2,0.040511865000000001,0.01951,0.0097579999999999993,131518464,NA,NA,NA,NA,NA,NA,NA,NA,837856,318511,16385,4096,b4f737276339a7626b246c204b626e79f9d9ec0f1f160233a5aa1c27728af83f,630,0,25,4
1,28,1,1,2,0.040837136000000003,0.023698999999999998,0.0059299999999999995,131645440,NA,NA,NA,NA,NA,NA,NA,NA,837856,318511,16385,4096,b4f737276339a7626b246c204b626e79f9d9ec0f1f160233a5aa1c27728af83f,631,0,24,3
1,28,0,1,0,0.019036949000000001,0.0027829999999999999,0.0055709999999999996,55115776,NA,NA,NA,NA,NA,NA,NA,NA,2408,135,5,1,3d4d37e7dcef36139698862d60d536450dfb480779ac0676046a82e065e8af0f,1031,0,11,3
1,28,1,0,0,0.018411988000000001,0.0039039999999999999,0.0039069999999999999,55267328,NA,NA,NA,NA,NA,NA,NA,NA,2408,135,5,1,3d4d37e7dcef36139698862d60d536450dfb480779ac0676046a82e065e8af0f,1024,0,12,3
1,28,0,0,4,0.19962775700000002,0.16380500000000001,0.016378,428359680,NA,NA,NA,NA,NA,NA,NA,NA,5833440,1882629,26625,512,0f41e20848de6408cce7b1c5f57f0212c9401233ca75c7b6652c8ea62bfcd43f,1236,0,128,5
1,28,1,1,4,0.198729344,0.162579,0.016591999999999999,428421120,NA,NA,NA,NA,NA,NA,NA,NA,5833440,1882629,26625,512,0f41e20848de6408cce7b1c5f57f0212c9401233ca75c7b6652c8ea62bfcd43f,1237,0,84,7
1,29,0,1,4,0.199589976,0.156282,0.023285,428359680,NA,NA,NA,NA,NA,NA,NA,NA,5833440,1882629,26625,512,0f41e20848de6408cce7b1c5f57f0212c9401233ca75c7b6652c8ea62bfcd43f,1236,0,101,6
1,29,1,0,4,0.20915386400000002,0.16364599999999999,0.016354,428253184,NA,NA,NA,NA,NA,NA,NA,NA,5833440,1882629,26625,512,0f41e20848de6408cce7b1c5f57f0212c9401233ca75c7b6652c8ea62bfcd43f,1231,0,133,5
1,29,0,0,0,0.019043942000000001,0.008291999999999999,0,55201792,NA,NA,NA,NA,NA,NA,NA,NA,2408,135,5,1,3d4d37e7dcef36139698862d60d536450dfb480779ac0676046a82e065e8af0f,1025,0,9,3
1,29,1,1,0,0.019043531000000002,0.0055239999999999994,0.002745,55287808,NA,NA,NA,NA,NA,NA,NA,NA,2408,135,5,1,3d4d37e7dcef36139698862d60d536450dfb480779ac0676046a82e065e8af0f,1026,0,9,3
1,29,0,0,1,0.059444228000000002,0.032504999999999999,0.010839,156360704,NA,NA,NA,NA,NA,NA,NA,NA,994016,407679,8197,1,76f10b65f44b546f736cef2848789238eb7a5f77ce08b564ccca55b5bdc08f36,1080,0,19,4
1,29,1,1,1,0.065793005000000002,0.033745999999999998,0.010107999999999999,156381184,NA,NA,NA,NA,NA,NA,NA,NA,994016,407679,8197,1,76f10b65f44b546f736cef2848789238eb7a5f77ce08b564ccca55b5bdc08f36,1078,0,14,3
1,29,0,1,2,0.041110217000000004,0.023209999999999998,0.0066299999999999996,131153920,NA,NA,NA,NA,NA,NA,NA,NA,837856,318511,16385,4096,b4f737276339a7626b246c204b626e79f9d9ec0f1f160233a5aa1c27728af83f,1070,0,23,3
1,29,1,0,2,0.051173742000000001,0.017731,0.011807999999999999,131031040,NA,NA,NA,NA,NA,NA,NA,NA,837856,318511,16385,4096,b4f737276339a7626b246c204b626e79f9d9ec0f1f160233a5aa1c27728af83f,1067,0,15,5
1,29,0,1,5,0.45582467300000001,0.37342199999999998,0.042927,1025695744,NA,NA,NA,NA,NA,NA,NA,NA,11457352,5690734,153602,512,388033e7552b3b3255277a47381a62d5067155e67b74e663ad0ac019ed72fc50,1580,0,189,6
1,29,1,0,5,0.43882048500000004,0.37479899999999999,0.043117999999999997,1023438848,NA,NA,NA,NA,NA,NA,NA,NA,11457352,5690734,153602,512,388033e7552b3b3255277a47381a62d5067155e67b74e663ad0ac019ed72fc50,1578,0,170,6
1,29,0,1,3,0.064118466999999998,0.045038999999999996,0.003467,179425280,NA,NA,NA,NA,NA,NA,NA,NA,1968568,2240463,32773,1,c491f4791a93a71124b9219b05e718490cf6bd1c68b1ec8fc6a6550e31f844b1,679,0,32,3
1,29,1,0,3,0.059982688000000006,0.038646,0.0096659999999999992,181387264,NA,NA,NA,NA,NA,NA,NA,NA,1968568,2240463,32773,1,c491f4791a93a71124b9219b05e718490cf6bd1c68b1ec8fc6a6550e31f844b1,1126,0,51,5
1,30,0,1,3,0.059699658000000003,0.041312000000000001,0.0068929999999999998,179204096,NA,NA,NA,NA,NA,NA,NA,NA,1968568,2240463,32773,1,c491f4791a93a71124b9219b05e718490cf6bd1c68b1ec8fc6a6550e31f844b1,1123,0,32,4
1,30,1,0,3,0.06439779000000001,0.041876999999999998,0.006986,181325824,NA,NA,NA,NA,NA,NA,NA,NA,1968568,2240463,32773,1,c491f4791a93a71124b9219b05e718490cf6bd1c68b1ec8fc6a6550e31f844b1,1125,0,40,4
1,30,0,1,0,0.019589524000000001,0.0021509999999999997,0.0064549999999999998,55320576,NA,NA,NA,NA,NA,NA,NA,NA,2408,135,5,1,3d4d37e7dcef36139698862d60d536450dfb480779ac0676046a82e065e8af0f,1027,0,10,3
1,30,1,0,0,0.018186886000000003,0.0037359999999999997,0.0037319999999999996,55648256,NA,NA,NA,NA,NA,NA,NA,NA,2408,135,5,1,3d4d37e7dcef36139698862d60d536450dfb480779ac0676046a82e065e8af0f,587,0,13,2
1,30,0,1,2,0.040675783,0.026279,0.0032889999999999998,131276800,NA,NA,NA,NA,NA,NA,NA,NA,837856,318511,16385,4096,b4f737276339a7626b246c204b626e79f9d9ec0f1f160233a5aa1c27728af83f,624,0,22,4
1,30,1,0,2,0.040311199000000006,0.018252999999999998,0.010961,131416064,NA,NA,NA,NA,NA,NA,NA,NA,837856,318511,16385,4096,b4f737276339a7626b246c204b626e79f9d9ec0f1f160233a5aa1c27728af83f,628,0,14,5
1,30,0,1,5,0.43614489100000003,0.358987,0.056519,1025671168,NA,NA,NA,NA,NA,NA,NA,NA,11457352,5690734,153602,512,388033e7552b3b3255277a47381a62d5067155e67b74e663ad0ac019ed72fc50,1581,0,234,5
1,30,1,0,5,0.44637547900000002,0.37415599999999999,0.043047999999999996,1023766528,NA,NA,NA,NA,NA,NA,NA,NA,11457352,5690734,153602,512,388033e7552b3b3255277a47381a62d5067155e67b74e663ad0ac019ed72fc50,1585,0,258,5
1,30,0,0,4,0.19799560800000002,0.168986,0.0097539999999999988,428306432,NA,NA,NA,NA,NA,NA,NA,NA,5833440,1882629,26625,512,0f41e20848de6408cce7b1c5f57f0212c9401233ca75c7b6652c8ea62bfcd43f,1236,0,174,4
1,30,1,1,4,0.20965945300000002,0.149924,0.029980999999999997,428363776,NA,NA,NA,NA,NA,NA,NA,NA,5833440,1882629,26625,512,0f41e20848de6408cce7b1c5f57f0212c9401233ca75c7b6652c8ea62bfcd43f,1235,0,185,5
1,30,0,1,1,0.059759139000000003,0.041072999999999998,0.0034259999999999998,156348416,NA,NA,NA,NA,NA,NA,NA,NA,994016,407679,8197,1,76f10b65f44b546f736cef2848789238eb7a5f77ce08b564ccca55b5bdc08f36,1080,0,32,5
1,30,1,0,1,0.056721367000000002,0.040612999999999996,0.0033799999999999998,156409856,NA,NA,NA,NA,NA,NA,NA,NA,994016,407679,8197,1,76f10b65f44b546f736cef2848789238eb7a5f77ce08b564ccca55b5bdc08f36,1082,0,20,3
1,31,0,0,3,0.064514848,0.040905999999999998,0.0068219999999999999,181108736,NA,NA,NA,NA,NA,NA,NA,NA,1968568,2240463,32773,1,c491f4791a93a71124b9219b05e718490cf6bd1c68b1ec8fc6a6550e31f844b1,1121,0,32,2
1,31,1,1,3,0.065420957000000002,0.041426999999999999,0.0069029999999999994,179236864,NA,NA,NA,NA,NA,NA,NA,NA,1968568,2240463,32773,1,c491f4791a93a71124b9219b05e718490cf6bd1c68b1ec8fc6a6550e31f844b1,1124,0,48,3
1,31,0,0,0,0.019446155,0.0084110000000000001,0,55341056,NA,NA,NA,NA,NA,NA,NA,NA,2408,135,5,1,3d4d37e7dcef36139698862d60d536450dfb480779ac0676046a82e065e8af0f,1027,0,9,3
1,31,1,1,0,0.019424755000000002,0.008397,0,55259136,NA,NA,NA,NA,NA,NA,NA,NA,2408,135,5,1,3d4d37e7dcef36139698862d60d536450dfb480779ac0676046a82e065e8af0f,1026,0,9,3
1,31,0,0,2,0.040776241000000005,0.021883,0.0073099999999999997,131387392,NA,NA,NA,NA,NA,NA,NA,NA,837856,318511,16385,4096,b4f737276339a7626b246c204b626e79f9d9ec0f1f160233a5aa1c27728af83f,625,0,20,5
1,31,1,1,2,0.040597616000000003,0.025842999999999998,0.0036909999999999998,131215360,NA,NA,NA,NA,NA,NA,NA,NA,837856,318511,16385,4096,b4f737276339a7626b246c204b626e79f9d9ec0f1f160233a5aa1c27728af83f,624,0,19,3
1,31,0,0,1,0.055751070000000007,0.040429,0.0033709999999999999,156217344,NA,NA,NA,NA,NA,NA,NA,NA,994016,407679,8197,1,76f10b65f44b546f736cef2848789238eb7a5f77ce08b564ccca55b5bdc08f36,1079,0,22,5
1,31,1,1,1,0.055632266000000007,0.033952999999999997,0.010187999999999999,156332032,NA,NA,NA,NA,NA,NA,NA,NA,994016,407679,8197,1,76f10b65f44b546f736cef2848789238eb7a5f77ce08b564ccca55b5bdc08f36,1082,0,41,5
1,31,0,1,4,0.19827718600000002,0.16576199999999999,0.013252999999999999,428281856,NA,NA,NA,NA,NA,NA,NA,NA,5833440,1882629,26625,512,0f41e20848de6408cce7b1c5f57f0212c9401233ca75c7b6652c8ea62bfcd43f,1233,0,212,6
1,31,1,0,4,0.19860705400000001,0.169351,0.0099550000000000003,428654592,NA,NA,NA,NA,NA,NA,NA,NA,5833440,1882629,26625,512,0f41e20848de6408cce7b1c5f57f0212c9401233ca75c7b6652c8ea62bfcd43f,794,0,119,4
1,31,0,0,5,0.43614942000000001,0.36702899999999999,0.049572999999999999,1023717376,NA,NA,NA,NA,NA,NA,NA,NA,11457352,5690734,153602,512,388033e7552b3b3255277a47381a62d5067155e67b74e663ad0ac019ed72fc50,1580,0,223,6
1,31,1,1,5,0.43280243800000001,0.36511399999999999,0.046453999999999995,1026031616,NA,NA,NA,NA,NA,NA,NA,NA,11457352,5690734,153602,512,388033e7552b3b3255277a47381a62d5067155e67b74e663ad0ac019ed72fc50,1142,0,168,6
1,32,0,1,1,0.055908014000000006,0.040967999999999997,0.0034009999999999999,156389376,NA,NA,NA,NA,NA,NA,NA,NA,994016,407679,8197,1,76f10b65f44b546f736cef2848789238eb7a5f77ce08b564ccca55b5bdc08f36,1081,0,32,4
1,32,1,0,1,0.055188755000000006,0.036967,0.006731,156246016,NA,NA,NA,NA,NA,NA,NA,NA,994016,407679,8197,1,76f10b65f44b546f736cef2848789238eb7a5f77ce08b564ccca55b5bdc08f36,1077,0,26,6
1,32,0,0,5,0.43502932000000005,0.38220299999999996,0.033529999999999997,1023741952,NA,NA,NA,NA,NA,NA,NA,NA,11457352,5690734,153602,512,388033e7552b3b3255277a47381a62d5067155e67b74e663ad0ac019ed72fc50,1136,0,307,6
1,32,1,1,5,0.42583383100000005,0.36709799999999998,0.046253999999999997,1025925120,NA,NA,NA,NA,NA,NA,NA,NA,11457352,5690734,153602,512,388033e7552b3b3255277a47381a62d5067155e67b74e663ad0ac019ed72fc50,1587,0,302,3
1,32,0,0,3,0.059766693000000003,0.034408999999999995,0.013774,181321728,NA,NA,NA,NA,NA,NA,NA,NA,1968568,2240463,32773,1,c491f4791a93a71124b9219b05e718490cf6bd1c68b1ec8fc6a6550e31f844b1,1123,0,31,3
1,32,1,1,3,0.060147445000000001,0.041319000000000002,0.0068889999999999993,179568640,NA,NA,NA,NA,NA,NA,NA,NA,1968568,2240463,32773,1,c491f4791a93a71124b9219b05e718490cf6bd1c68b1ec8fc6a6550e31f844b1,680,0,21,3
1,32,0,0,4,0.19798375500000001,0.16206999999999999,0.016848999999999999,428380160,NA,NA,NA,NA,NA,NA,NA,NA,5833440,1882629,26625,512,0f41e20848de6408cce7b1c5f57f0212c9401233ca75c7b6652c8ea62bfcd43f,1237,0,156,4
1,32,1,1,4,0.19909210200000002,0.16328499999999999,0.016666,428298240,NA,NA,NA,NA,NA,NA,NA,NA,5833440,1882629,26625,512,0f41e20848de6408cce7b1c5f57f0212c9401233ca75c7b6652c8ea62bfcd43f,1233,0,166,4
1,32,0,1,0,0.01859982,0.0054310000000000001,0.0027159999999999997,55746560,NA,NA,NA,NA,NA,NA,NA,NA,2408,135,5,1,3d4d37e7dcef36139698862d60d536450dfb480779ac0676046a82e065e8af0f,582,0,12,1
1,32,1,0,0,0.018152622,0.0076439999999999998,0,55517184,NA,NA,NA,NA,NA,NA,NA,NA,2408,135,5,1,3d4d37e7dcef36139698862d60d536450dfb480779ac0676046a82e065e8af0f,584,0,12,3
1,32,0,0,2,0.040410195000000003,0.020434000000000001,0.0087679999999999998,131186688,NA,NA,NA,NA,NA,NA,NA,NA,837856,318511,16385,4096,b4f737276339a7626b246c204b626e79f9d9ec0f1f160233a5aa1c27728af83f,1068,0,28,4
1,32,1,1,2,0.040964554,0.020912,0.0089569999999999997,131194880,NA,NA,NA,NA,NA,NA,NA,NA,837856,318511,16385,4096,b4f737276339a7626b246c204b626e79f9d9ec0f1f160233a5aa1c27728af83f,1071,0,29,4
1,33,0,1,2,0.040975325,0.016551,0.013238,131055616,NA,NA,NA,NA,NA,NA,NA,NA,837856,318511,16385,4096,b4f737276339a7626b246c204b626e79f9d9ec0f1f160233a5aa1c27728af83f,1076,0,26,3
1,33,1,0,2,0.040688966999999999,0.011837,0.017735999999999998,131182592,NA,NA,NA,NA,NA,NA,NA,NA,837856,318511,16385,4096,b4f737276339a7626b246c204b626e79f9d9ec0f1f160233a5aa1c27728af83f,1070,0,28,4
1,33,0,1,4,0.198612222,0.15323999999999999,0.026072999999999999,428392448,NA,NA,NA,NA,NA,NA,NA,NA,5833440,1882629,26625,512,0f41e20848de6408cce7b1c5f57f0212c9401233ca75c7b6652c8ea62bfcd43f,1235,0,164,4
1,33,1,0,4,0.19848721800000002,0.15903299999999998,0.020299999999999999,428240896,NA,NA,NA,NA,NA,NA,NA,NA,5833440,1882629,26625,512,0f41e20848de6408cce7b1c5f57f0212c9401233ca75c7b6652c8ea62bfcd43f,1236,0,179,3
1,33,0,0,0,0.018927283,0.0027569999999999999,0.0055169999999999993,55238656,NA,NA,NA,NA,NA,NA,NA,NA,2408,135,5,1,3d4d37e7dcef36139698862d60d536450dfb480779ac0676046a82e065e8af0f,1025,0,12,3
1,33,1,1,0,0.018616721000000003,0.0026800000000000001,0.0053609999999999994,55283712,NA,NA,NA,NA,NA,NA,NA,NA,2408,135,5,1,3d4d37e7dcef36139698862d60d536450dfb480779ac0676046a82e065e8af0f,1026,0,13,2
1,33,0,1,5,0.432951217,0.37585999999999997,0.036594000000000002,1025859584,NA,NA,NA,NA,NA,NA,NA,NA,11457352,5690734,153602,512,388033e7552b3b3255277a47381a62d5067155e67b74e663ad0ac019ed72fc50,1138,0,225,8
1,33,1,0,5,0.44440346500000005,0.36248599999999997,0.053176999999999995,1023660032,NA,NA,NA,NA,NA,NA,NA,NA,11457352,5690734,153602,512,388033e7552b3b3255277a47381a62d5067155e67b74e663ad0ac019ed72fc50,1581,0,169,8
1,33,0,1,3,0.060270016000000003,0.038266999999999995,0.010447,179163136,NA,NA,NA,NA,NA,NA,NA,NA,1968568,2240463,32773,1,c491f4791a93a71124b9219b05e718490cf6bd1c68b1ec8fc6a6550e31f844b1,1120,0,44,4
1,33,1,0,3,0.060017263000000001,0.041978999999999995,0.0064529999999999995,181547008,NA,NA,NA,NA,NA,NA,NA,NA,1968568,2240463,32773,1,c491f4791a93a71124b9219b05e718490cf6bd1c68b1ec8fc6a6550e31f844b1,682,0,53,3
1,33,0,0,1,0.055512191000000002,0.030477999999999998,0.013542,156819456,NA,NA,NA,NA,NA,NA,NA,NA,994016,407679,8197,1,76f10b65f44b546f736cef2848789238eb7a5f77ce08b564ccca55b5bdc08f36,642,0,28,3
1,33,1,1,1,0.055905950000000003,0.037576999999999999,0.0068319999999999995,156614656,NA,NA,NA,NA,NA,NA,NA,NA,994016,407679,8197,1,76f10b65f44b546f736cef2848789238eb7a5f77ce08b564ccca55b5bdc08f36,639,0,36,2
1,34,0,0,0,0.019345116000000002,0.0041370000000000001,0.004143,55218176,NA,NA,NA,NA,NA,NA,NA,NA,2408,135,5,1,3d4d37e7dcef36139698862d60d536450dfb480779ac0676046a82e065e8af0f,1026,0,12,3
1,34,1,1,0,0.019938668,0.0055409999999999999,0.002774,55664640,NA,NA,NA,NA,NA,NA,NA,NA,2408,135,5,1,3d4d37e7dcef36139698862d60d536450dfb480779ac0676046a82e065e8af0f,585,0,9,3
1,34,0,0,3,0.059400347000000006,0.044268999999999996,0.003411,181567488,NA,NA,NA,NA,NA,NA,NA,NA,1968568,2240463,32773,1,c491f4791a93a71124b9219b05e718490cf6bd1c68b1ec8fc6a6550e31f844b1,680,0,53,6
1,34,1,1,3,0.059514300000000006,0.041417999999999996,0.0068899999999999994,179322880,NA,NA,NA,NA,NA,NA,NA,NA,1968568,2240463,32773,1,c491f4791a93a71124b9219b05e718490cf6bd1c68b1ec8fc6a6550e31f844b1,1151,0,56,4
1,34,0,0,1,0.055759164000000007,0.037444999999999999,0.0068079999999999998,156463104,NA,NA,NA,NA,NA,NA,NA,NA,994016,407679,8197,1,76f10b65f44b546f736cef2848789238eb7a5f77ce08b564ccca55b5bdc08f36,1082,0,34,2
1,34,1,1,1,0.055385794000000002,0.037288000000000002,0.0067779999999999993,156553216,NA,NA,NA,NA,NA,NA,NA,NA,994016,407679,8197,1,76f10b65f44b546f736cef2848789238eb7a5f77ce08b564ccca55b5bdc08f36,630,0,21,4
1,34,0,0,5,0.44412515300000005,0.36566499999999996,0.049859999999999995,1023557632,NA,NA,NA,NA,NA,NA,NA,NA,11457352,5690734,153602,512,388033e7552b3b3255277a47381a62d5067155e67b74e663ad0ac019ed72fc50,1580,0,152,5
1,34,1,1,5,0.43325351300000003,0.36230499999999999,0.050317000000000001,1025921024,NA,NA,NA,NA,NA,NA,NA,NA,11457352,5690734,153602,512,388033e7552b3b3255277a47381a62d5067155e67b74e663ad0ac019ed72fc50,1587,0,220,6
1,34,0,0,2,0.040846773000000003,0.026414999999999998,0.0033049999999999998,130940928,NA,NA,NA,NA,NA,NA,NA,NA,837856,318511,16385,4096,b4f737276339a7626b246c204b626e79f9d9ec0f1f160233a5aa1c27728af83f,1067,0,21,3
1,34,1,1,2,0.041155230000000001,0.029803999999999997,0,131125248,NA,NA,NA,NA,NA,NA,NA,NA,837856,318511,16385,4096,b4f737276339a7626b246c204b626e79f9d9ec0f1f160233a5aa1c27728af83f,1069,0,23,5
1,34,0,1,4,0.199272641,0.156724,0.023341000000000001,428683264,NA,NA,NA,NA,NA,NA,NA,NA,5833440,1882629,26625,512,0f41e20848de6408cce7b1c5f57f0212c9401233ca75c7b6652c8ea62bfcd43f,794,0,112,5
1,34,1,0,4,0.198457623,0.15959299999999998,0.01951,428244992,NA,NA,NA,NA,NA,NA,NA,NA,5833440,1882629,26625,512,0f41e20848de6408cce7b1c5f57f0212c9401233ca75c7b6652c8ea62bfcd43f,1236,0,141,4
1,35,0,1,5,0.43255570500000001,0.37623299999999998,0.036954000000000001,1025974272,NA,NA,NA,NA,NA,NA,NA,NA,11457352,5690734,153602,512,388033e7552b3b3255277a47381a62d5067155e67b74e663ad0ac019ed72fc50,1138,0,302,6
1,35,1,0,5,0.44439365500000005,0.37898599999999999,0.036566999999999995,1023807488,NA,NA,NA,NA,NA,NA,NA,NA,11457352,5690734,153602,512,388033e7552b3b3255277a47381a62d5067155e67b74e663ad0ac019ed72fc50,1585,0,74,4
1,35,0,1,0,0.019392645,0.0056990000000000001,0.0028549999999999999,55472128,NA,NA,NA,NA,NA,NA,NA,NA,2408,135,5,1,3d4d37e7dcef36139698862d60d536450dfb480779ac0676046a82e065e8af0f,585,0,11,3
1,35,1,0,0,0.018674631000000001,0.002643,0.0053049999999999998,55189504,NA,NA,NA,NA,NA,NA,NA,NA,2408,135,5,1,3d4d37e7dcef36139698862d60d536450dfb480779ac0676046a82e065e8af0f,1026,0,12,4
1,35,0,1,2,0.040539807000000004,0.022863999999999999,0.0065459999999999997,131231744,NA,NA,NA,NA,NA,NA,NA,NA,837856,318511,16385,4096,b4f737276339a7626b246c204b626e79f9d9ec0f1f160233a5aa1c27728af83f,1070,0,24,4
1,35,1,0,2,0.040585043000000001,0.025599999999999998,0.0036609999999999998,131260416,NA,NA,NA,NA,NA,NA,NA,NA,837856,318511,16385,4096,b4f737276339a7626b246c204b626e79f9d9ec0f1f160233a5aa1c27728af83f,625,0,18,3
1,35,0,0,4,0.19851426900000002,0.149483,0.029887999999999998,428437504,NA,NA,NA,NA,NA,NA,NA,NA,5833440,1882629,26625,512,0f41e20848de6408cce7b1c5f57f0212c9401233ca75c7b6652c8ea62bfcd43f,1238,0,179,7
1,35,1,1,4,0.198761142,0.15959799999999999,0.019948,428449792,NA,NA,NA,NA,NA,NA,NA,NA,5833440,1882629,26625,512,0f41e20848de6408cce7b1c5f57f0212c9401233ca75c7b6652c8ea62bfcd43f,1238,0,63,6
1,35,0,1,3,0.060061014000000003,0.033246999999999999,0.015120999999999999,179367936,NA,NA,NA,NA,NA,NA,NA,NA,1968568,2240463,32773,1,c491f4791a93a71124b9219b05e718490cf6bd1c68b1ec8fc6a6550e31f844b1,679,0,59,6
1,35,1,0,3,0.059850190000000004,0.035307999999999999,0.012841999999999999,181125120,NA,NA,NA,NA,NA,NA,NA,NA,1968568,2240463,32773,1,c491f4791a93a71124b9219b05e718490cf6bd1c68b1ec8fc6a6550e31f844b1,1121,0,30,4
1,35,0,1,1,0.056054948,0.032528000000000001,0.011840999999999999,156491776,NA,NA,NA,NA,NA,NA,NA,NA,994016,407679,8197,1,76f10b65f44b546f736cef2848789238eb7a5f77ce08b564ccca55b5bdc08f36,1081,0,23,3
1,35,1,0,1,0.055559009000000006,0.033911999999999998,0.010182,156385280,NA,NA,NA,NA,NA,NA,NA,NA,994016,407679,8197,1,76f10b65f44b546f736cef2848789238eb7a5f77ce08b564ccca55b5bdc08f36,1082,0,20,4
1,36,0,1,4,0.19794257800000001,0.15864,0.020243000000000001,428683264,NA,NA,NA,NA,NA,NA,NA,NA,5833440,1882629,26625,512,0f41e20848de6408cce7b1c5f57f0212c9401233ca75c7b6652c8ea62bfcd43f,793,0,169,4
1,36,1,0,4,0.19914073400000001,0.15318099999999998,0.026057999999999998,428380160,NA,NA,NA,NA,NA,NA,NA,NA,5833440,1882629,26625,512,0f41e20848de6408cce7b1c5f57f0212c9401233ca75c7b6652c8ea62bfcd43f,1236,0,124,4
1,36,0,0,2,0.040371483999999999,0.022602000000000001,0.0064609999999999997,131416064,NA,NA,NA,NA,NA,NA,NA,NA,837856,318511,16385,4096,b4f737276339a7626b246c204b626e79f9d9ec0f1f160233a5aa1c27728af83f,625,0,29,3
1,36,1,1,2,0.041021190000000006,0.026564999999999998,0.0033119999999999998,131092480,NA,NA,NA,NA,NA,NA,NA,NA,837856,318511,16385,4096,b4f737276339a7626b246c204b626e79f9d9ec0f1f160233a5aa1c27728af83f,1069,0,23,4
1,36,0,0,3,0.059699016000000001,0.037605,0.010251999999999999,181587968,NA,NA,NA,NA,NA,NA,NA,NA,1968568,2240463,32773,1,c491f4791a93a71124b9219b05e718490cf6bd1c68b1ec8fc6a6550e31f844b1,675,0,34,4
1,36,1,1,3,0.059679510000000005,0.038329999999999996,0.0095899999999999996,179138560,NA,NA,NA,NA,NA,NA,NA,NA,1968568,2240463,32773,1,c491f4791a93a71124b9219b05e718490cf6bd1c68b1ec8fc6a6550e31f844b1,1121,0,41,5
1,36,0,1,5,0.44423510800000005,0.36264399999999997,0.052729999999999999,1025859584,NA,NA,NA,NA,NA,NA,NA,NA,11457352,5690734,153602,512,388033e7552b3b3255277a47381a62d5067155e67b74e663ad0ac019ed72fc50,1139,0,190,6
1,36,1,0,5,0.43472752400000003,0.37501699999999999,0.040190999999999998,1023586304,NA,NA,NA,NA,NA,NA,NA,NA,11457352,5690734,153602,512,388033e7552b3b3255277a47381a62d5067155e67b74e663ad0ac019ed72fc50,1583,0,209,8
1,36,0,0,1,0.064444767999999999,0.040580999999999999,0.0033839999999999999,156758016,NA,NA,NA,NA,NA,NA,NA,NA,994016,407679,8197,1,76f10b65f44b546f736cef2848789238eb7a5f77ce08b564ccca55b5bdc08f36,634,0,32,4
1,36,1,1,1,0.055350899000000002,0.037139999999999999,0.0067580000000000001,156778496,NA,NA,NA,NA,NA,NA,NA,NA,994016,407679,8197,1,76f10b65f44b546f736cef2848789238eb7a5f77ce08b564ccca55b5bdc08f36,642,0,21,4
1,36,0,0,0,0.018677996000000002,0.0053709999999999999,0.0026879999999999999,55308288,NA,NA,NA,NA,NA,NA,NA,NA,2408,135,5,1,3d4d37e7dcef36139698862d60d536450dfb480779ac0676046a82e065e8af0f,1029,0,12,3
1,36,1,1,0,0.019396242000000001,0.0084399999999999996,0,55177216,NA,NA,NA,NA,NA,NA,NA,NA,2408,135,5,1,3d4d37e7dcef36139698862d60d536450dfb480779ac0676046a82e065e8af0f,1026,0,10,3
1,37,0,1,1,0.055491563000000001,0.043595999999999996,0,156508160,NA,NA,NA,NA,NA,NA,NA,NA,994016,407679,8197,1,76f10b65f44b546f736cef2848789238eb7a5f77ce08b564ccca55b5bdc08f36,638,0,41,6
1,37,1,0,1,0.055235803,0.036941000000000002,0.0067169999999999999,156549120,NA,NA,NA,NA,NA,NA,NA,NA,994016,407679,8197,1,76f10b65f44b546f736cef2848789238eb7a5f77ce08b564ccca55b5bdc08f36,639,0,34,3
1,37,0,1,0,0.019728474000000003,0.0087390000000000002,0,55296000,NA,NA,NA,NA,NA,NA,NA,NA,2408,135,5,1,3d4d37e7dcef36139698862d60d536450dfb480779ac0676046a82e065e8af0f,1027,0,11,2
1,37,1,0,0,0.019250198,0.0054149999999999997,0.0027079999999999999,55259136,NA,NA,NA,NA,NA,NA,NA,NA,2408,135,5,1,3d4d37e7dcef36139698862d60d536450dfb480779ac0676046a82e065e8af0f,1027,0,9,3
1,37,0,0,4,0.19842531400000002,0.16222599999999998,0.016900999999999999,428515328,NA,NA,NA,NA,NA,NA,NA,NA,5833440,1882629,26625,512,0f41e20848de6408cce7b1c5f57f0212c9401233ca75c7b6652c8ea62bfcd43f,1236,0,96,5
1,37,1,1,4,0.19930729600000002,0.15726099999999998,0.022928,428384256,NA,NA,NA,NA,NA,NA,NA,NA,5833440,1882629,26625,512,0f41e20848de6408cce7b1c5f57f0212c9401233ca75c7b6652c8ea62bfcd43f,1235,0,174,4
1,37,0,0,5,0.43384747600000001,0.37451999999999996,0.040128999999999998,1023520768,NA,NA,NA,NA,NA,NA,NA,NA,11457352,5690734,153602,512,388033e7552b3b3255277a47381a62d5067155e67b74e663ad0ac019ed72fc50,1581,0,315,6
1,37,1,1,5,0.434755528,0.37432799999999999,0.039771999999999995,1025757184,NA,NA,NA,NA,NA,NA,NA,NA,11457352,5690734,153602,512,388033e7552b3b3255277a47381a62d5067155e67b74e663ad0ac019ed72fc50,1582,0,130,5
1,37,0,1,3,0.060176291000000007,0.042033000000000001,0.0064539999999999997,179531776,NA,NA,NA,NA,NA,NA,NA,NA,1968568,2240463,32773,1,c491f4791a93a71124b9219b05e718490cf6bd1c68b1ec8fc6a6550e31f844b1,679,0,41,4
1,37,1,0,3,0.059792993000000003,0.034386,0.013764999999999999,181399552,NA,NA,NA,NA,NA,NA,NA,NA,1968568,2240463,32773,1,c491f4791a93a71124b9219b05e718490cf6bd1c68b1ec8fc6a6550e31f844b1,1144,0,42,4
1,37,0,1,2,0.041158077000000001,0.023219999999999998,0.0066299999999999996,131047424,NA,NA,NA,NA,NA,NA,NA,NA,837856,318511,16385,4096,b4f737276339a7626b246c204b626e79f9d9ec0f1f160233a5aa1c27728af83f,1105,0,26,4
1,37,1,0,2,0.040529991000000001,0.019583,0.0098029999999999992,131158016,NA,NA,NA,NA,NA,NA,NA,NA,837856,318511,16385,4096,b4f737276339a7626b246c204b626e79f9d9ec0f1f160233a5aa1c27728af83f,1070,0,18,3
1,38,0,1,0,0.018965935,0.0084700000000000001,0,55406592,NA,NA,NA,NA,NA,NA,NA,NA,2408,135,5,1,3d4d37e7dcef36139698862d60d536450dfb480779ac0676046a82e065e8af0f,1027,0,11,3
1,38,1,0,0,0.018107638000000002,0.0075119999999999996,0,55595008,NA,NA,NA,NA,NA,NA,NA,NA,2408,135,5,1,3d4d37e7dcef36139698862d60d536450dfb480779ac0676046a82e065e8af0f,587,0,12,3
1,38,0,0,2,0.040666124000000005,0.019531,0.0097710000000000002,131194880,NA,NA,NA,NA,NA,NA,NA,NA,837856,318511,16385,4096,b4f737276339a7626b246c204b626e79f9d9ec0f1f160233a5aa1c27728af83f,1070,0,20,4
1,38,1,1,2,0.041227145999999999,0.019951,0.0099979999999999999,131379200,NA,NA,NA,NA,NA,NA,NA,NA,837856,318511,16385,4096,b4f737276339a7626b246c204b626e79f9d9ec0f1f160233a5aa1c27728af83f,1073,0,26,4
1,38,0,1,1,0.056103309000000004,0.037693999999999998,0.0068490000000000001,156491776,NA,NA,NA,NA,NA,NA,NA,NA,994016,407679,8197,1,76f10b65f44b546f736cef2848789238eb7a5f77ce08b564ccca55b5bdc08f36,1084,0,16,4
1,38,1,0,1,0.054943715000000004,0.043546999999999995,0,156450816,NA,NA,NA,NA,NA,NA,NA,NA,994016,407679,8197,1,76f10b65f44b546f736cef2848789238eb7a5f77ce08b564ccca55b5bdc08f36,1083,0,32,3
1,38,0,0,4,0.19903493500000002,0.162685,0.016951000000000001,428392448,NA,NA,NA,NA,NA,NA,NA,NA,5833440,1882629,26625,512,0f41e20848de6408cce7b1c5f57f0212c9401233ca75c7b6652c8ea62bfcd43f,1235,0,99,7
1,38,1,1,4,0.197722175,0.17167399999999999,0.0067339999999999995,428560384,NA,NA,NA,NA,NA,NA,NA,NA,5833440,1882629,26625,512,0f41e20848de6408cce7b1c5f57f0212c9401233ca75c7b6652c8ea62bfcd43f,1241,0,163,4
1,38,0,1,5,0.44273611000000002,0.37042700000000001,0.043337999999999995,1025683456,NA,NA,NA,NA,NA,NA,NA,NA,11457352,5690734,153602,512,388033e7552b3b3255277a47381a62d5067155e67b74e663ad0ac019ed72fc50,1605,0,223,4
1,38,1,0,5,0.43601269200000004,0.372174,0.043185999999999995,1023373312,NA,NA,NA,NA,NA,NA,NA,NA,11457352,5690734,153602,512,388033e7552b3b3255277a47381a62d5067155e67b74e663ad0ac019ed72fc50,1578,0,157,7
1,38,0,0,3,0.060042128000000007,0.034408000000000001,0.013781,181243904,NA,NA,NA,NA,NA,NA,NA,NA,1968568,2240463,32773,1,c491f4791a93a71124b9219b05e718490cf6bd1c68b1ec8fc6a6550e31f844b1,1125,0,21,4
1,38,1,1,3,0.059840811000000001,0.038339999999999999,0.0095879999999999993,179380224,NA,NA,NA,NA,NA,NA,NA,NA,1968568,2240463,32773,1,c491f4791a93a71124b9219b05e718490cf6bd1c68b1ec8fc6a6550e31f844b1,671,0,44,3
1,39,0,0,1,0.056201724000000002,0.037774999999999996,0.0068690000000000001,156573696,NA,NA,NA,NA,NA,NA,NA,NA,994016,407679,8197,1,76f10b65f44b546f736cef2848789238eb7a5f77ce08b564ccca55b5bdc08f36,1109,0,19,3
1,39,1,1,1,0.056180804000000001,0.037602999999999998,0.0068209999999999998,156585984,NA,NA,NA,NA,NA,NA,NA,NA,994016,407679,8197,1,76f10b65f44b546f736cef2848789238eb7a5f77ce08b564ccca55b5bdc08f36,1083,0,20,4
1,39,0,1,3,0.060041426000000002,0.035432999999999999,0.012881999999999999,179314688,NA,NA,NA,NA,NA,NA,NA,NA,1968568,2240463,32773,1,c491f4791a93a71124b9219b05e718490cf6bd1c68b1ec8fc6a6550e31f844b1,1122,0,38,5
1,39,1,0,3,0.059216612000000002,0.035172999999999996,0.012789,181612544,NA,NA,NA,NA,NA,NA,NA,NA,1968568,2240463,32773,1,c491f4791a93a71124b9219b05e718490cf6bd1c68b1ec8fc6a6550e31f844b1,678,0,41,5
1,39,0,0,0,0.019495488000000002,0.0085079999999999999,0,55402496,NA,NA,NA,NA,NA,NA,NA,NA,2408,135,5,1,3d4d37e7dcef36139698862d60d536450dfb480779ac0676046a82e065e8af0f,1057,0,11,3
1,39,1,1,0,0.018423519000000003,0.0077429999999999999,0,55345152,NA,NA,NA,NA,NA,NA,NA,NA,2408,135,5,1,3d4d37e7dcef36139698862d60d536450dfb480779ac0676046a82e065e8af0f,582,0,11,4
1,39,0,1,2,0.040887028000000006,0.023670999999999998,0.0059199999999999999,131125248,NA,NA,NA,NA,NA,NA,NA,NA,837856,318511,16385,4096,b4f737276339a7626b246c204b626e79f9d9ec0f1f160233a5aa1c27728af83f,1067,0,21,5
1,39,1,0,2,0.040484174000000005,0.022910999999999997,0.0065420000000000001,131170304,NA,NA,NA,NA,NA,NA,NA,NA,837856,318511,16385,4096,b4f737276339a7626b246c204b626e79f9d9ec0f1f160233a5aa1c27728af83f,623,0,16,3
1,39,0,1,4,0.19925157100000002,0.17013399999999998,0.01001,428285952,NA,NA,NA,NA,NA,NA,NA,NA,5833440,1882629,26625,512,0f41e20848de6408cce7b1c5f57f0212c9401233ca75c7b6652c8ea62bfcd43f,1237,0,195,6
1,39,1,0,4,0.19949034900000001,0.15389700000000001,0.026202,428523520,NA,NA,NA,NA,NA,NA,NA,NA,5833440,1882629,26625,512,0f41e20848de6408cce7b1c5f57f0212c9401233ca75c7b6652c8ea62bfcd43f,1240,0,137,4
1,39,0,0,5,0.43825233900000005,0.373838,0.043015999999999999,1023889408,NA,NA,NA,NA,NA,NA,NA,NA,11457352,5690734,153602,512,388033e7552b3b3255277a47381a62d5067155e67b74e663ad0ac019ed72fc50,1138,0,223,5
1,39,1,1,5,0.43616291400000001,0.36207400000000001,0.053143999999999997,1025740800,NA,NA,NA,NA,NA,NA,NA,NA,11457352,5690734,153602,512,388033e7552b3b3255277a47381a62d5067155e67b74e663ad0ac019ed72fc50,1581,0,164,7
