round,pair,order,variant,job,wall_seconds,user_seconds,system_seconds,peak_rss_bytes,cycles,instructions,branches,branch_misses,cache_references,cache_misses,arena_calls,arena_bytes,output_bytes,source_bytes,source_lines,source_functions,output_sha256,minor_faults,major_faults,voluntary_context_switches,involuntary_context_switches
0,0,0,0,4,0.197422448,0.15812099999999998,0.020183,428576768,NA,NA,NA,NA,NA,NA,NA,NA,5833440,1882629,26625,512,0f41e20848de6408cce7b1c5f57f0212c9401233ca75c7b6652c8ea62bfcd43f,1238,0,181,3
0,0,1,1,4,0.19902287700000001,0.15696499999999999,0.022894999999999999,428425216,NA,NA,NA,NA,NA,NA,NA,NA,5833440,1882629,26625,512,0f41e20848de6408cce7b1c5f57f0212c9401233ca75c7b6652c8ea62bfcd43f,1236,0,194,6
0,0,0,1,0,0.019987451,0.0043309999999999998,0.0043319999999999999,55250944,NA,NA,NA,NA,NA,NA,NA,NA,2408,135,5,1,3d4d37e7dcef36139698862d60d536450dfb480779ac0676046a82e065e8af0f,1050,0,11,3
0,0,1,0,0,0.018168792,0.0050929999999999994,0.0025509999999999999,55279616,NA,NA,NA,NA,NA,NA,NA,NA,2408,135,5,1,3d4d37e7dcef36139698862d60d536450dfb480779ac0676046a82e065e8af0f,1028,0,14,2
0,0,0,1,3,0.060017925000000007,0.044700999999999998,0.0034429999999999999,181530624,NA,NA,NA,NA,NA,NA,NA,NA,1968568,2240463,32773,1,c491f4791a93a71124b9219b05e718490cf6bd1c68b1ec8fc6a6550e31f844b1,1124,0,51,5
0,0,1,0,3,0.065820938000000009,0.035254000000000001,0.012827999999999999,181284864,NA,NA,NA,NA,NA,NA,NA,NA,1968568,2240463,32773,1,c491f4791a93a71124b9219b05e718490cf6bd1c68b1ec8fc6a6550e31f844b1,1124,0,35,4
0,0,0,0,5,0.43678396900000005,0.37251999999999996,0.043629000000000001,1023397888,NA,NA,NA,NA,NA,NA,NA,NA,11457352,5690734,153602,512,388033e7552b3b3255277a47381a62d5067155e67b74e663ad0ac019ed72fc50,1578,0,186,6
0,0,1,1,5,0.44302712700000002,0.36447299999999999,0.049710999999999998,1023848448,NA,NA,NA,NA,NA,NA,NA,NA,11457352,5690734,153602,512,388033e7552b3b3255277a47381a62d5067155e67b74e663ad0ac019ed72fc50,1140,0,217,8
0,0,0,1,1,0.054637473000000006,0.043404999999999999,0,156340224,NA,NA,NA,NA,NA,NA,NA,NA,994016,407679,8197,1,76f10b65f44b546f736cef2848789238eb7a5f77ce08b564ccca55b5bdc08f36,1080,0,26,4
0,0,1,0,1,0.055343908000000004,0.034415999999999995,0.0093779999999999992,156442624,NA,NA,NA,NA,NA,NA,NA,NA,994016,407679,8197,1,76f10b65f44b546f736cef2848789238eb7a5f77ce08b564ccca55b5bdc08f36,1082,0,34,2
0,0,0,0,2,0.040673089000000003,0.020712999999999999,0.0088769999999999995,131055616,NA,NA,NA,NA,NA,NA,NA,NA,837856,318511,16385,4096,b4f737276339a7626b246c204b626e79f9d9ec0f1f160233a5aa1c27728af83f,1074,0,26,3
0,0,1,1,2,0.041101733000000001,0.026549999999999997,0.0032959999999999999,131371008,NA,NA,NA,NA,NA,NA,NA,NA,837856,318511,16385,4096,b4f737276339a7626b246c204b626e79f9d9ec0f1f160233a5aa1c27728af83f,627,0,24,5
0,1,0,0,3,0.060486143000000006,0.048929,0,181252096,NA,NA,NA,NA,NA,NA,NA,NA,1968568,2240463,32773,1,c491f4791a93a71124b9219b05e718490cf6bd1c68b1ec8fc6a6550e31f844b1,1123,0,28,4
0,1,1,1,3,0.060075494000000007,0.038688,0.0096769999999999998,181346304,NA,NA,NA,NA,NA,NA,NA,NA,1968568,2240463,32773,1,c491f4791a93a71124b9219b05e718490cf6bd1c68b1ec8fc6a6550e31f844b1,1122,0,39,4
0,1,0,1,4,0.196990469,0.15818099999999999,0.019781999999999998,428462080,NA,NA,NA,NA,NA,NA,NA,NA,5833440,1882629,26625,512,0f41e20848de6408cce7b1c5f57f0212c9401233ca75c7b6652c8ea62bfcd43f,1238,0,86,4
0,1,1,0,4,0.19799925000000002,0.16572799999999999,0.013264999999999999,428457984,NA,NA,NA,NA,NA,NA,NA,NA,5833440,1882629,26625,512,0f41e20848de6408cce7b1c5f57f0212c9401233ca75c7b6652c8ea62bfcd43f,1236,0,168,5
0,1,0,1,2,0.040979674000000001,0.023278,0.0066369999999999997,131080192,NA,NA,NA,NA,NA,NA,NA,NA,837856,318511,16385,4096,b4f737276339a7626b246c204b626e79f9d9ec0f1f160233a5aa1c27728af83f,1071,0,28,4
0,1,1,0,2,0.040926043000000002,0.026336999999999999,0.0032929999999999999,131280896,NA,NA,NA,NA,NA,NA,NA,NA,837856,318511,16385,4096,b4f737276339a7626b246c204b626e79f9d9ec0f1f160233a5aa1c27728af83f,1071,0,24,4
0,1,0,0,1,0.055375277000000001,0.040344999999999999,0.0033409999999999998,156278784,NA,NA,NA,NA,NA,NA,NA,NA,994016,407679,8197,1,76f10b65f44b546f736cef2848789238eb7a5f77ce08b564ccca55b5bdc08f36,1080,0,32,5
0,1,1,1,1,0.055900620000000005,0.04446,0,156336128,NA,NA,NA,NA,NA,NA,NA,NA,994016,407679,8197,1,76f10b65f44b546f736cef2848789238eb7a5f77ce08b564ccca55b5bdc08f36,1080,0,39,5
0,1,0,0,0,0.019348683000000002,0.0082189999999999989,0,55042048,NA,NA,NA,NA,NA,NA,NA,NA,2408,135,5,1,3d4d37e7dcef36139698862d60d536450dfb480779ac0676046a82e065e8af0f,1024,0,9,3
0,1,1,1,0,0.018280923000000001,0.007646,0,55275520,NA,NA,NA,NA,NA,NA,NA,NA,2408,135,5,1,3d4d37e7dcef36139698862d60d536450dfb480779ac0676046a82e065e8af0f,1026,0,12,4
0,1,0,1,5,0.43786208900000001,0.347528,0.066208000000000003,1023807488,NA,NA,NA,NA,NA,NA,NA,NA,11457352,5690734,153602,512,388033e7552b3b3255277a47381a62d5067155e67b74e663ad0ac019ed72fc50,1137,0,258,7
0,1,1,0,5,0.43522579,0.375002,0.039822999999999997,1023541248,NA,NA,NA,NA,NA,NA,NA,NA,11457352,5690734,153602,512,388033e7552b3b3255277a47381a62d5067155e67b74e663ad0ac019ed72fc50,1580,0,211,8
0,2,0,0,5,0.44200765700000005,0.39681899999999998,0.016819999999999998,1023442944,NA,NA,NA,NA,NA,NA,NA,NA,11457352,5690734,153602,512,388033e7552b3b3255277a47381a62d5067155e67b74e663ad0ac019ed72fc50,1580,0,131,5
0,2,1,1,5,0.44511704200000002,0.35040399999999999,0.066126999999999991,1023565824,NA,NA,NA,NA,NA,NA,NA,NA,11457352,5690734,153602,512,388033e7552b3b3255277a47381a62d5067155e67b74e663ad0ac019ed72fc50,1581,0,158,8
0,2,0,0,1,0.055408549000000001,0.040589,0.0033839999999999999,156364800,NA,NA,NA,NA,NA,NA,NA,NA,994016,407679,8197,1,76f10b65f44b546f736cef2848789238eb7a5f77ce08b564ccca55b5bdc08f36,1081,0,28,4
0,2,1,1,1,0.056090977,0.034180999999999996,0.010251999999999999,156299264,NA,NA,NA,NA,NA,NA,NA,NA,994016,407679,8197,1,76f10b65f44b546f736cef2848789238eb7a5f77ce08b564ccca55b5bdc08f36,1081,0,40,5
0,2,0,0,3,0.059660485000000006,0.041326999999999996,0.0068889999999999993,181260288,NA,NA,NA,NA,NA,NA,NA,NA,1968568,2240463,32773,1,c491f4791a93a71124b9219b05e718490cf6bd1c68b1ec8fc6a6550e31f844b1,1124,0,38,3
0,2,1,1,3,0.059388335,0.038921999999999998,0.0089789999999999991,181309440,NA,NA,NA,NA,NA,NA,NA,NA,1968568,2240463,32773,1,c491f4791a93a71124b9219b05e718490cf6bd1c68b1ec8fc6a6550e31f844b1,1140,0,35,3
0,2,0,1,2,0.041195216999999999,0.026394999999999998,0.0032989999999999998,131268608,NA,NA,NA,NA,NA,NA,NA,NA,837856,318511,16385,4096,b4f737276339a7626b246c204b626e79f9d9ec0f1f160233a5aa1c27728af83f,1072,0,25,4
0,2,1,0,2,0.040600092000000004,0.026348,0.0032949999999999998,131289088,NA,NA,NA,NA,NA,NA,NA,NA,837856,318511,16385,4096,b4f737276339a7626b246c204b626e79f9d9ec0f1f160233a5aa1c27728af83f,625,0,24,3
0,2,0,1,4,0.19790453300000002,0.15832199999999999,0.020219999999999998,428527616,NA,NA,NA,NA,NA,NA,NA,NA,5833440,1882629,26625,512,0f41e20848de6408cce7b1c5f57f0212c9401233ca75c7b6652c8ea62bfcd43f,1237,0,174,8
0,2,1,0,4,0.19847863800000001,0.15900300000000001,0.020305999999999998,428462080,NA,NA,NA,NA,NA,NA,NA,NA,5833440,1882629,26625,512,0f41e20848de6408cce7b1c5f57f0212c9401233ca75c7b6652c8ea62bfcd43f,1241,0,86,5
0,2,0,0,0,0.018625838000000002,0.004071,0.0040749999999999996,55652352,NA,NA,NA,NA,NA,NA,NA,NA,2408,135,5,1,3d4d37e7dcef36139698862d60d536450dfb480779ac0676046a82e065e8af0f,588,0,12,3
0,2,1,1,0,0.018354501000000002,0.0079089999999999994,0,55029760,NA,NA,NA,NA,NA,NA,NA,NA,2408,135,5,1,3d4d37e7dcef36139698862d60d536450dfb480779ac0676046a82e065e8af0f,1024,0,13,3
0,3,0,1,0,0.018240628000000002,0.0038449999999999999,0.003862,55410688,NA,NA,NA,NA,NA,NA,NA,NA,2408,135,5,1,3d4d37e7dcef36139698862d60d536450dfb480779ac0676046a82e065e8af0f,1028,0,12,3
0,3,1,0,0,0.018742067000000001,0.003967,0.0039620000000000002,55320576,NA,NA,NA,NA,NA,NA,NA,NA,2408,135,5,1,3d4d37e7dcef36139698862d60d536450dfb480779ac0676046a82e065e8af0f,1030,0,12,3
0,3,0,0,2,0.040594732000000001,0.011673999999999999,0.017499999999999998,131141632,NA,NA,NA,NA,NA,NA,NA,NA,837856,318511,16385,4096,b4f737276339a7626b246c204b626e79f9d9ec0f1f160233a5aa1c27728af83f,1072,0,20,4
0,3,1,1,2,0.040853217000000004,0.019793999999999999,0.0099010000000000001,131313664,NA,NA,NA,NA,NA,NA,NA,NA,837856,318511,16385,4096,b4f737276339a7626b246c204b626e79f9d9ec0f1f160233a5aa1c27728af83f,1073,0,26,4
0,3,0,0,4,0.198138279,0.169103,0.0099469999999999992,428314624,NA,NA,NA,NA,NA,NA,NA,NA,5833440,1882629,26625,512,0f41e20848de6408cce7b1c5f57f0212c9401233ca75c7b6652c8ea62bfcd43f,1236,0,175,6
0,3,1,1,4,0.19785021,0.14945600000000001,0.029231,428376064,NA,NA,NA,NA,NA,NA,NA,NA,5833440,1882629,26625,512,0f41e20848de6408cce7b1c5f57f0212c9401233ca75c7b6652c8ea62bfcd43f,1238,0,123,4
0,3,0,1,1,0.055537330000000003,0.037183000000000001,0.0067629999999999999,156585984,NA,NA,NA,NA,NA,NA,NA,NA,994016,407679,8197,1,76f10b65f44b546f736cef2848789238eb7a5f77ce08b564ccca55b5bdc08f36,638,0,28,5
0,3,1,0,1,0.055004181000000006,0.037200999999999998,0.0062009999999999999,156573696,NA,NA,NA,NA,NA,NA,NA,NA,994016,407679,8197,1,76f10b65f44b546f736cef2848789238eb7a5f77ce08b564ccca55b5bdc08f36,639,0,33,4
0,3,0,1,3,0.059533407000000003,0.037801999999999995,0.010286999999999999,181043200,NA,NA,NA,NA,NA,NA,NA,NA,1968568,2240463,32773,1,c491f4791a93a71124b9219b05e718490cf6bd1c68b1ec8fc6a6550e31f844b1,1120,0,29,4
0,3,1,0,3,0.059907278000000001,0.045190000000000001,0.003228,181346304,NA,NA,NA,NA,NA,NA,NA,NA,1968568,2240463,32773,1,c491f4791a93a71124b9219b05e718490cf6bd1c68b1ec8fc6a6550e31f844b1,1125,0,41,3
0,3,0,1,5,0.43351463300000004,0.36301600000000001,0.049966999999999998,1023664128,NA,NA,NA,NA,NA,NA,NA,NA,11457352,5690734,153602,512,388033e7552b3b3255277a47381a62d5067155e67b74e663ad0ac019ed72fc50,1581,0,226,7
0,3,1,0,5,0.43624002900000003,0.35227900000000001,0.063142999999999991,1023635456,NA,NA,NA,NA,NA,NA,NA,NA,11457352,5690734,153602,512,388033e7552b3b3255277a47381a62d5067155e67b74e663ad0ac019ed72fc50,1586,0,57,4
0,4,0,1,4,0.19847229700000002,0.162637,0.016596,428363776,NA,NA,NA,NA,NA,NA,NA,NA,5833440,1882629,26625,512,0f41e20848de6408cce7b1c5f57f0212c9401233ca75c7b6652c8ea62bfcd43f,1239,0,167,4
0,4,1,0,4,0.19867703,0.163436,0.016347999999999998,428462080,NA,NA,NA,NA,NA,NA,NA,NA,5833440,1882629,26625,512,0f41e20848de6408cce7b1c5f57f0212c9401233ca75c7b6652c8ea62bfcd43f,1238,0,173,6
0,4,0,1,1,0.055087367000000005,0.037481,0.0062519999999999997,156782592,NA,NA,NA,NA,NA,NA,NA,NA,994016,407679,8197,1,76f10b65f44b546f736cef2848789238eb7a5f77ce08b564ccca55b5bdc08f36,642,0,22,4
0,4,1,0,1,0.055036732000000005,0.033562999999999996,0.010069,156446720,NA,NA,NA,NA,NA,NA,NA,NA,994016,407679,8197,1,76f10b65f44b546f736cef2848789238eb7a5f77ce08b564ccca55b5bdc08f36,638,0,23,3
0,4,0,1,3,0.059560358000000001,0.047965999999999995,0,181207040,NA,NA,NA,NA,NA,NA,NA,NA,1968568,2240463,32773,1,c491f4791a93a71124b9219b05e718490cf6bd1c68b1ec8fc6a6550e31f844b1,1120,0,31,3
0,4,1,0,3,0.059903761000000007,0.041439999999999998,0.0069069999999999999,181477376,NA,NA,NA,NA,NA,NA,NA,NA,1968568,2240463,32773,1,c491f4791a93a71124b9219b05e718490cf6bd1c68b1ec8fc6a6550e31f844b1,1162,0,39,4
0,4,0,1,0,0.018824462,0.0040829999999999998,0.0040939999999999995,55189504,NA,NA,NA,NA,NA,NA,NA,NA,2408,135,5,1,3d4d37e7dcef36139698862d60d536450dfb480779ac0676046a82e065e8af0f,1029,0,12,3
0,4,1,0,0,0.018513147000000001,0.0078219999999999991,0,55160832,NA,NA,NA,NA,NA,NA,NA,NA,2408,135,5,1,3d4d37e7dcef36139698862d60d536450dfb480779ac0676046a82e065e8af0f,1025,0,13,3
0,4,0,1,5,0.435220249,0.35493199999999997,0.059716999999999999,1023877120,NA,NA,NA,NA,NA,NA,NA,NA,11457352,5690734,153602,512,388033e7552b3b3255277a47381a62d5067155e67b74e663ad0ac019ed72fc50,1142,0,257,10
0,4,1,0,5,0.43664399600000003,0.37273000000000001,0.043278999999999998,1023885312,NA,NA,NA,NA,NA,NA,NA,NA,11457352,5690734,153602,512,388033e7552b3b3255277a47381a62d5067155e67b74e663ad0ac019ed72fc50,1138,0,134,7
0,4,0,1,2,0.040744864000000006,0.023050999999999999,0.0065899999999999995,131289088,NA,NA,NA,NA,NA,NA,NA,NA,837856,318511,16385,4096,b4f737276339a7626b246c204b626e79f9d9ec0f1f160233a5aa1c27728af83f,628,0,22,3
0,4,1,0,2,0.041150233000000001,0.023868,0.0059679999999999993,131248128,NA,NA,NA,NA,NA,NA,NA,NA,837856,318511,16385,4096,b4f737276339a7626b246c204b626e79f9d9ec0f1f160233a5aa1c27728af83f,1069,0,20,3
0,5,0,0,2,0.040639707000000004,0.023075999999999999,0.0065919999999999998,131473408,NA,NA,NA,NA,NA,NA,NA,NA,837856,318511,16385,4096,b4f737276339a7626b246c204b626e79f9d9ec0f1f160233a5aa1c27728af83f,628,0,26,3
0,5,1,1,2,0.041405702000000003,0.021104999999999999,0.0090349999999999996,131268608,NA,NA,NA,NA,NA,NA,NA,NA,837856,318511,16385,4096,b4f737276339a7626b246c204b626e79f9d9ec0f1f160233a5aa1c27728af83f,1072,0,27,3
0,5,0,0,1,0.056043468000000006,0.044523,0,156459008,NA,NA,NA,NA,NA,NA,NA,NA,994016,407679,8197,1,76f10b65f44b546f736cef2848789238eb7a5f77ce08b564ccca55b5bdc08f36,1084,0,21,5
0,5,1,1,1,0.055065325000000005,0.031246999999999997,0.012494999999999999,156483584,NA,NA,NA,NA,NA,NA,NA,NA,994016,407679,8197,1,76f10b65f44b546f736cef2848789238eb7a5f77ce08b564ccca55b5bdc08f36,1083,0,19,4
0,5,0,0,3,0.059621281000000005,0.035290999999999996,0.012846,181325824,NA,NA,NA,NA,NA,NA,NA,NA,1968568,2240463,32773,1,c491f4791a93a71124b9219b05e718490cf6bd1c68b1ec8fc6a6550e31f844b1,1124,0,34,4
0,5,1,1,3,0.060308710000000001,0.029142999999999999,0.019407000000000001,181350400,NA,NA,NA,NA,NA,NA,NA,NA,1968568,2240463,32773,1,c491f4791a93a71124b9219b05e718490cf6bd1c68b1ec8fc6a6550e31f844b1,1123,0,35,4
0,5,0,0,0,0.018664122000000002,0.0081599999999999989,0,54956032,NA,NA,NA,NA,NA,NA,NA,NA,2408,135,5,1,3d4d37e7dcef36139698862d60d536450dfb480779ac0676046a82e065e8af0f,1023,0,13,3
0,5,1,1,0,0.018107147000000001,0.0075680000000000001,0,55316480,NA,NA,NA,NA,NA,NA,NA,NA,2408,135,5,1,3d4d37e7dcef36139698862d60d536450dfb480779ac0676046a82e065e8af0f,1027,0,13,3
0,5,0,0,5,0.45428554100000001,0.37937399999999999,0.036932,1023672320,NA,NA,NA,NA,NA,NA,NA,NA,11457352,5690734,153602,512,388033e7552b3b3255277a47381a62d5067155e67b74e663ad0ac019ed72fc50,1607,0,270,10
0,5,1,1,5,0.42675802300000004,0.36818499999999998,0.046404000000000001,1023713280,NA,NA,NA,NA,NA,NA,NA,NA,11457352,5690734,153602,512,388033e7552b3b3255277a47381a62d5067155e67b74e663ad0ac019ed72fc50,1582,0,301,6
0,5,0,0,4,0.19833224300000002,0.14328399999999999,0.035810999999999996,428351488,NA,NA,NA,NA,NA,NA,NA,NA,5833440,1882629,26625,512,0f41e20848de6408cce7b1c5f57f0212c9401233ca75c7b6652c8ea62bfcd43f,1238,0,187,1
0,5,1,1,4,0.197958995,0.16264799999999999,0.016257999999999998,428351488,NA,NA,NA,NA,NA,NA,NA,NA,5833440,1882629,26625,512,0f41e20848de6408cce7b1c5f57f0212c9401233ca75c7b6652c8ea62bfcd43f,1240,0,51,7
0,6,0,0,1,0.055184318000000003,0.037128000000000001,0.006757,156426240,NA,NA,NA,NA,NA,NA,NA,NA,994016,407679,8197,1,76f10b65f44b546f736cef2848789238eb7a5f77ce08b564ccca55b5bdc08f36,1084,0,28,4
0,6,1,1,1,0.055127963000000002,0.037180999999999999,0.0067609999999999996,156463104,NA,NA,NA,NA,NA,NA,NA,NA,994016,407679,8197,1,76f10b65f44b546f736cef2848789238eb7a5f77ce08b564ccca55b5bdc08f36,1083,0,30,4
0,6,0,1,2,0.041186271000000003,0.026793999999999998,0.003349,131223552,NA,NA,NA,NA,NA,NA,NA,NA,837856,318511,16385,4096,b4f737276339a7626b246c204b626e79f9d9ec0f1f160233a5aa1c27728af83f,1071,0,20,3
0,6,1,0,2,0.040849029000000002,0.019761999999999998,0.009887,130887680,NA,NA,NA,NA,NA,NA,NA,NA,837856,318511,16385,4096,b4f737276339a7626b246c204b626e79f9d9ec0f1f160233a5aa1c27728af83f,1066,0,28,3
0,6,0,0,4,0.19825294500000001,0.149896,0.029342,428302336,NA,NA,NA,NA,NA,NA,NA,NA,5833440,1882629,26625,512,0f41e20848de6408cce7b1c5f57f0212c9401233ca75c7b6652c8ea62bfcd43f,1242,0,177,5
0,6,1,1,4,0.19858783300000002,0.15612999999999999,0.023257,428249088,NA,NA,NA,NA,NA,NA,NA,NA,5833440,1882629,26625,512,0f41e20848de6408cce7b1c5f57f0212c9401233ca75c7b6652c8ea62bfcd43f,1235,0,122,4
0,6,0,1,5,0.44248338700000001,0.365006,0.049783000000000001,1023647744,NA,NA,NA,NA,NA,NA,NA,NA,11457352,5690734,153602,512,388033e7552b3b3255277a47381a62d5067155e67b74e663ad0ac019ed72fc50,1602,0,186,6
0,6,1,0,5,0.44423583000000005,0.35712699999999997,0.056742000000000001,1023836160,NA,NA,NA,NA,NA,NA,NA,NA,11457352,5690734,153602,512,388033e7552b3b3255277a47381a62d5067155e67b74e663ad0ac019ed72fc50,1587,0,242,5
0,6,0,1,0,0.019066484000000002,0.0084139999999999996,0,54972416,NA,NA,NA,NA,NA,NA,NA,NA,2408,135,5,1,3d4d37e7dcef36139698862d60d536450dfb480779ac0676046a82e065e8af0f,1025,0,12,3
0,6,1,0,0,0.019444844000000003,0.0026719999999999999,0.0053449999999999999,55599104,NA,NA,NA,NA,NA,NA,NA,NA,2408,135,5,1,3d4d37e7dcef36139698862d60d536450dfb480779ac0676046a82e065e8af0f,577,0,9,3
0,6,0,1,3,0.063178656999999999,0.041320999999999997,0.0063629999999999997,181399552,NA,NA,NA,NA,NA,NA,NA,NA,1968568,2240463,32773,1,c491f4791a93a71124b9219b05e718490cf6bd1c68b1ec8fc6a6550e31f844b1,1128,0,33,6
0,6,1,0,3,0.060125748000000007,0.036237999999999999,0.012081,181194752,NA,NA,NA,NA,NA,NA,NA,NA,1968568,2240463,32773,1,c491f4791a93a71124b9219b05e718490cf6bd1c68b1ec8fc6a6550e31f844b1,1121,0,47,4
0,7,0,0,5,0.43689091900000004,0.36230899999999999,0.053688,1023488000,NA,NA,NA,NA,NA,NA,NA,NA,11457352,5690734,153602,512,388033e7552b3b3255277a47381a62d5067155e67b74e663ad0ac019ed72fc50,1583,0,173,6
0,7,1,1,5,0.44606505900000004,0.35891699999999999,0.053677999999999997,1023864832,NA,NA,NA,NA,NA,NA,NA,NA,11457352,5690734,153602,512,388033e7552b3b3255277a47381a62d5067155e67b74e663ad0ac019ed72fc50,1139,0,73,5
0,7,0,0,3,0.060123724000000003,0.038675000000000001,0.0096609999999999994,181334016,NA,NA,NA,NA,NA,NA,NA,NA,1968568,2240463,32773,1,c491f4791a93a71124b9219b05e718490cf6bd1c68b1ec8fc6a6550e31f844b1,1125,0,60,4
0,7,1,1,3,0.061079174000000007,0.042540999999999995,0.0065509999999999995,181481472,NA,NA,NA,NA,NA,NA,NA,NA,1968568,2240463,32773,1,c491f4791a93a71124b9219b05e718490cf6bd1c68b1ec8fc6a6550e31f844b1,1163,0,49,5
0,7,0,0,2,0.041261712000000006,0.023331999999999999,0.0066660000000000001,131588096,NA,NA,NA,NA,NA,NA,NA,NA,837856,318511,16385,4096,b4f737276339a7626b246c204b626e79f9d9ec0f1f160233a5aa1c27728af83f,630,0,25,3
0,7,1,1,2,0.040757676999999999,0.022092000000000001,0.0073679999999999995,131100672,NA,NA,NA,NA,NA,NA,NA,NA,837856,318511,16385,4096,b4f737276339a7626b246c204b626e79f9d9ec0f1f160233a5aa1c27728af83f,1069,0,17,2
0,7,0,1,4,0.19781363200000002,0.15842100000000001,0.020222999999999998,428462080,NA,NA,NA,NA,NA,NA,NA,NA,5833440,1882629,26625,512,0f41e20848de6408cce7b1c5f57f0212c9401233ca75c7b6652c8ea62bfcd43f,1238,0,171,4
0,7,1,0,4,0.199899249,0.150396,0.030081999999999998,428298240,NA,NA,NA,NA,NA,NA,NA,NA,5833440,1882629,26625,512,0f41e20848de6408cce7b1c5f57f0212c9401233ca75c7b6652c8ea62bfcd43f,1235,0,178,4
0,7,0,1,1,0.055540817000000006,0.037619,0.0062719999999999998,156364800,NA,NA,NA,NA,NA,NA,NA,NA,994016,407679,8197,1,76f10b65f44b546f736cef2848789238eb7a5f77ce08b564ccca55b5bdc08f36,1083,0,27,3
0,7,1,0,1,0.056048136000000005,0.029617999999999998,0.014804999999999999,156487680,NA,NA,NA,NA,NA,NA,NA,NA,994016,407679,8197,1,76f10b65f44b546f736cef2848789238eb7a5f77ce08b564ccca55b5bdc08f36,1086,0,43,3
0,7,0,0,0,0.019449652000000001,0.0041659999999999996,0.0041479999999999998,55468032,NA,NA,NA,NA,NA,NA,NA,NA,2408,135,5,1,3d4d37e7dcef36139698862d60d536450dfb480779ac0676046a82e065e8af0f,1030,0,11,3
0,7,1,1,0,0.019168617000000002,0.0041329999999999995,0.0041229999999999999,55492608,NA,NA,NA,NA,NA,NA,NA,NA,2408,135,5,1,3d4d37e7dcef36139698862d60d536450dfb480779ac0676046a82e065e8af0f,585,0,10,3
0,8,0,1,4,0.19758050400000002,0.15482099999999999,0.023512999999999999,428355584,NA,NA,NA,NA,NA,NA,NA,NA,5833440,1882629,26625,512,0f41e20848de6408cce7b1c5f57f0212c9401233ca75c7b6652c8ea62bfcd43f,1239,0,159,6
0,8,1,0,4,0.20891199600000002,0.16223599999999999,0.016892000000000001,428498944,NA,NA,NA,NA,NA,NA,NA,NA,5833440,1882629,26625,512,0f41e20848de6408cce7b1c5f57f0212c9401233ca75c7b6652c8ea62bfcd43f,792,0,124,4
0,8,0,0,1,0.055229142000000002,0.034398999999999999,0.0093879999999999988,156364800,NA,NA,NA,NA,NA,NA,NA,NA,994016,407679,8197,1,76f10b65f44b546f736cef2848789238eb7a5f77ce08b564ccca55b5bdc08f36,1081,0,25,4
0,8,1,1,1,0.055700927000000004,0.033818000000000001,0.010133999999999999,156319744,NA,NA,NA,NA,NA,NA,NA,NA,994016,407679,8197,1,76f10b65f44b546f736cef2848789238eb7a5f77ce08b564ccca55b5bdc08f36,1080,0,34,4
0,8,0,1,0,0.018862523000000003,0.0081269999999999988,0,55242752,NA,NA,NA,NA,NA,NA,NA,NA,2408,135,5,1,3d4d37e7dcef36139698862d60d536450dfb480779ac0676046a82e065e8af0f,1029,0,12,3
0,8,1,0,0,0.018261806000000002,0.0038079999999999998,0.0038119999999999999,55185408,NA,NA,NA,NA,NA,NA,NA,NA,2408,135,5,1,3d4d37e7dcef36139698862d60d536450dfb480779ac0676046a82e065e8af0f,1026,0,12,3
0,8,0,0,2,0.040441054000000004,0.022619999999999998,0.0064729999999999996,131313664,NA,NA,NA,NA,NA,NA,NA,NA,837856,318511,16385,4096,b4f737276339a7626b246c204b626e79f9d9ec0f1f160233a5aa1c27728af83f,1072,0,26,6
0,8,1,1,2,0.040948374000000003,0.026550999999999998,0.0033189999999999999,131268608,NA,NA,NA,NA,NA,NA,NA,NA,837856,318511,16385,4096,b4f737276339a7626b246c204b626e79f9d9ec0f1f160233a5aa1c27728af83f,1070,0,25,3
0,8,0,0,5,0.435606092,0.35108200000000001,0.063542000000000001,1024045056,NA,NA,NA,NA,NA,NA,NA,NA,11457352,5690734,153602,512,388033e7552b3b3255277a47381a62d5067155e67b74e663ad0ac019ed72fc50,1143,0,194,5
0,8,1,1,5,0.43446352000000005,0.36038799999999999,0.053393999999999997,1023750144,NA,NA,NA,NA,NA,NA,NA,NA,11457352,5690734,153602,512,388033e7552b3b3255277a47381a62d5067155e67b74e663ad0ac019ed72fc50,1582,0,150,6
0,8,0,0,3,0.060148839000000003,0.044781999999999995,0.0034479999999999997,181047296,NA,NA,NA,NA,NA,NA,NA,NA,1968568,2240463,32773,1,c491f4791a93a71124b9219b05e718490cf6bd1c68b1ec8fc6a6550e31f844b1,1120,0,42,3
0,8,1,1,3,0.064192256000000003,0.040784000000000001,0.0068009999999999998,181379072,NA,NA,NA,NA,NA,NA,NA,NA,1968568,2240463,32773,1,c491f4791a93a71124b9219b05e718490cf6bd1c68b1ec8fc6a6550e31f844b1,1144,0,33,4
0,9,0,1,3,0.060680586000000002,0.041628999999999999,0.0069159999999999994,181452800,NA,NA,NA,NA,NA,NA,NA,NA,1968568,2240463,32773,1,c491f4791a93a71124b9219b05e718490cf6bd1c68b1ec8fc6a6550e31f844b1,1143,0,20,4
0,9,1,0,3,0.060389831000000005,0.045255999999999998,0.003235,181432320,NA,NA,NA,NA,NA,NA,NA,NA,1968568,2240463,32773,1,c491f4791a93a71124b9219b05e718490cf6bd1c68b1ec8fc6a6550e31f844b1,677,0,42,3
0,9,0,1,5,0.43327872000000001,0.372807,0.039955999999999998,1023852544,NA,NA,NA,NA,NA,NA,NA,NA,11457352,5690734,153602,512,388033e7552b3b3255277a47381a62d5067155e67b74e663ad0ac019ed72fc50,1585,0,160,6
0,9,1,0,5,0.43692603400000002,0.38230700000000001,0.033529999999999997,1023877120,NA,NA,NA,NA,NA,NA,NA,NA,11457352,5690734,153602,512,388033e7552b3b3255277a47381a62d5067155e67b74e663ad0ac019ed72fc50,1140,0,71,7
0,9,0,1,1,0.055729750000000002,0.037797999999999998,0.0063029999999999996,156397568,NA,NA,NA,NA,NA,NA,NA,NA,994016,407679,8197,1,76f10b65f44b546f736cef2848789238eb7a5f77ce08b564ccca55b5bdc08f36,1082,0,43,4
0,9,1,0,1,0.055666082000000006,0.033635999999999999,0.010092,156254208,NA,NA,NA,NA,NA,NA,NA,NA,994016,407679,8197,1,76f10b65f44b546f736cef2848789238eb7a5f77ce08b564ccca55b5bdc08f36,1078,0,28,4
0,9,0,0,4,0.19772515600000001,0.16500999999999999,0.013474,428167168,NA,NA,NA,NA,NA,NA,NA,NA,5833440,1882629,26625,512,0f41e20848de6408cce7b1c5f57f0212c9401233ca75c7b6652c8ea62bfcd43f,1235,0,139,4
0,9,1,1,4,0.19900041500000001,0.15977,0.019975,428212224,NA,NA,NA,NA,NA,NA,NA,NA,5833440,1882629,26625,512,0f41e20848de6408cce7b1c5f57f0212c9401233ca75c7b6652c8ea62bfcd43f,1235,0,117,4
0,9,0,1,2,0.041247465000000004,0.020028999999999998,0.0099939999999999994,131174400,NA,NA,NA,NA,NA,NA,NA,NA,837856,318511,16385,4096,b4f737276339a7626b246c204b626e79f9d9ec0f1f160233a5aa1c27728af83f,1069,0,22,4
0,9,1,0,2,0.041006043000000006,0.029773999999999998,0,131203072,NA,NA,NA,NA,NA,NA,NA,NA,837856,318511,16385,4096,b4f737276339a7626b246c204b626e79f9d9ec0f1f160233a5aa1c27728af83f,1071,0,17,5
0,9,0,0,0,0.018849679000000001,0.0054770000000000001,0.0027439999999999999,55255040,NA,NA,NA,NA,NA,NA,NA,NA,2408,135,5,1,3d4d37e7dcef36139698862d60d536450dfb480779ac0676046a82e065e8af0f,1049,0,13,3
0,9,1,1,0,0.019387817000000002,0.0081890000000000001,0,55328768,NA,NA,NA,NA,NA,NA,NA,NA,2408,135,5,1,3d4d37e7dcef36139698862d60d536450dfb480779ac0676046a82e065e8af0f,1029,0,10,3
0,10,0,1,0,0.018759449000000001,0.0053239999999999997,0.0026539999999999997,55218176,NA,NA,NA,NA,NA,NA,NA,NA,2408,135,5,1,3d4d37e7dcef36139698862d60d536450dfb480779ac0676046a82e065e8af0f,1026,0,10,3
0,10,1,0,0,0.019011612000000001,0.0039849999999999998,0.0039829999999999996,55083008,NA,NA,NA,NA,NA,NA,NA,NA,2408,135,5,1,3d4d37e7dcef36139698862d60d536450dfb480779ac0676046a82e065e8af0f,1025,0,10,3
0,10,0,1,1,0.055194928000000004,0.026832999999999999,0.016735,156504064,NA,NA,NA,NA,NA,NA,NA,NA,994016,407679,8197,1,76f10b65f44b546f736cef2848789238eb7a5f77ce08b564ccca55b5bdc08f36,1080,0,19,6
0,10,1,0,1,0.056004034000000001,0.034869999999999998,0.0095169999999999994,156450816,NA,NA,NA,NA,NA,NA,NA,NA,994016,407679,8197,1,76f10b65f44b546f736cef2848789238eb7a5f77ce08b564ccca55b5bdc08f36,1082,0,25,3
0,10,0,1,3,0.059846884000000003,0.044989000000000001,0.0034619999999999998,180965376,NA,NA,NA,NA,NA,NA,NA,NA,1968568,2240463,32773,1,c491f4791a93a71124b9219b05e718490cf6bd1c68b1ec8fc6a6550e31f844b1,1118,0,48,4
0,10,1,0,3,0.059950800000000005,0.037985999999999999,0.010366999999999999,181555200,NA,NA,NA,NA,NA,NA,NA,NA,1968568,2240463,32773,1,c491f4791a93a71124b9219b05e718490cf6bd1c68b1ec8fc6a6550e31f844b1,680,0,40,4
0,10,0,0,5,0.442382047,0.38406399999999996,0.033104000000000001,1023623168,NA,NA,NA,NA,NA,NA,NA,NA,11457352,5690734,153602,512,388033e7552b3b3255277a47381a62d5067155e67b74e663ad0ac019ed72fc50,1620,0,18,6
0,10,1,1,5,0.44161523900000005,0.37936999999999999,0.033581,1023815680,NA,NA,NA,NA,NA,NA,NA,NA,11457352,5690734,153602,512,388033e7552b3b3255277a47381a62d5067155e67b74e663ad0ac019ed72fc50,1138,0,155,7
0,10,0,0,2,0.040869908000000003,0.026329999999999999,0.0032929999999999999,131366912,NA,NA,NA,NA,NA,NA,NA,NA,837856,318511,16385,4096,b4f737276339a7626b246c204b626e79f9d9ec0f1f160233a5aa1c27728af83f,1086,0,23,4
0,10,1,1,2,0.04124485,0.026726999999999997,0.0033419999999999999,131174400,NA,NA,NA,NA,NA,NA,NA,NA,837856,318511,16385,4096,b4f737276339a7626b246c204b626e79f9d9ec0f1f160233a5aa1c27728af83f,1108,0,29,3
0,10,0,0,4,0.199525439,0.15354099999999998,0.026692999999999998,428593152,NA,NA,NA,NA,NA,NA,NA,NA,5833440,1882629,26625,512,0f41e20848de6408cce7b1c5f57f0212c9401233ca75c7b6652c8ea62bfcd43f,1240,0,172,6
0,10,1,1,4,0.19750864100000001,0.15798699999999999,0.020159999999999997,428457984,NA,NA,NA,NA,NA,NA,NA,NA,5833440,1882629,26625,512,0f41e20848de6408cce7b1c5f57f0212c9401233ca75c7b6652c8ea62bfcd43f,1236,0,179,5
0,11,0,1,2,0.040988029000000002,0.020843999999999998,0.0089350000000000002,131223552,NA,NA,NA,NA,NA,NA,NA,NA,837856,318511,16385,4096,b4f737276339a7626b246c204b626e79f9d9ec0f1f160233a5aa1c27728af83f,1067,0,21,3
0,11,1,0,2,0.041125626000000005,0.023192999999999998,0.0066239999999999997,131174400,NA,NA,NA,NA,NA,NA,NA,NA,837856,318511,16385,4096,b4f737276339a7626b246c204b626e79f9d9ec0f1f160233a5aa1c27728af83f,1069,0,23,3
0,11,0,0,0,0.019655579000000003,0.0085849999999999989,0,55324672,NA,NA,NA,NA,NA,NA,NA,NA,2408,135,5,1,3d4d37e7dcef36139698862d60d536450dfb480779ac0676046a82e065e8af0f,1027,0,11,4
0,11,1,1,0,0.019794719000000002,0.0054819999999999999,0.002728,55336960,NA,NA,NA,NA,NA,NA,NA,NA,2408,135,5,1,3d4d37e7dcef36139698862d60d536450dfb480779ac0676046a82e065e8af0f,1027,0,11,3
0,11,0,0,1,0.055032104000000005,0.039599999999999996,0.003604,156516352,NA,NA,NA,NA,NA,NA,NA,NA,994016,407679,8197,1,76f10b65f44b546f736cef2848789238eb7a5f77ce08b564ccca55b5bdc08f36,1120,0,26,4
0,11,1,1,1,0.055502194000000005,0.034257999999999997,0.0093399999999999993,156508160,NA,NA,NA,NA,NA,NA,NA,NA,994016,407679,8197,1,76f10b65f44b546f736cef2848789238eb7a5f77ce08b564ccca55b5bdc08f36,1085,0,25,6
0,11,0,1,5,0.44149031600000005,0.354821,0.056909999999999995,1023877120,NA,NA,NA,NA,NA,NA,NA,NA,11457352,5690734,153602,512,388033e7552b3b3255277a47381a62d5067155e67b74e663ad0ac019ed72fc50,1140,0,180,5
0,11,1,0,5,0.437457129,0.37663099999999999,0.040356999999999997,1023541248,NA,NA,NA,NA,NA,NA,NA,NA,11457352,5690734,153602,512,388033e7552b3b3255277a47381a62d5067155e67b74e663ad0ac019ed72fc50,1582,0,197,6
0,11,0,1,4,0.19846390900000002,0.162522,0.016583000000000001,428085248,NA,NA,NA,NA,NA,NA,NA,NA,5833440,1882629,26625,512,0f41e20848de6408cce7b1c5f57f0212c9401233ca75c7b6652c8ea62bfcd43f,1238,0,154,5
0,11,1,0,4,0.198871244,0.163271,0.016324999999999999,428396544,NA,NA,NA,NA,NA,NA,NA,NA,5833440,1882629,26625,512,0f41e20848de6408cce7b1c5f57f0212c9401233ca75c7b6652c8ea62bfcd43f,1237,0,144,5
0,11,0,0,3,0.060728947000000005,0.039246999999999997,0.0097889999999999991,181346304,NA,NA,NA,NA,NA,NA,NA,NA,1968568,2240463,32773,1,c491f4791a93a71124b9219b05e718490cf6bd1c68b1ec8fc6a6550e31f844b1,1129,0,34,4
0,11,1,1,3,0.059888663000000002,0.030839999999999999,0.017146999999999999,181616640,NA,NA,NA,NA,NA,NA,NA,NA,1968568,2240463,32773,1,c491f4791a93a71124b9219b05e718490cf6bd1c68b1ec8fc6a6550e31f844b1,684,0,24,3
0,12,0,1,0,0.019762358000000001,0.0043489999999999996,0.0043509999999999998,55480320,NA,NA,NA,NA,NA,NA,NA,NA,2408,135,5,1,3d4d37e7dcef36139698862d60d536450dfb480779ac0676046a82e065e8af0f,1031,0,10,3
0,12,1,0,0,0.019016802000000003,0.0078079999999999998,0,55504896,NA,NA,NA,NA,NA,NA,NA,NA,2408,135,5,1,3d4d37e7dcef36139698862d60d536450dfb480779ac0676046a82e065e8af0f,585,0,9,3
0,12,0,0,5,0.43517680700000005,0.36064399999999996,0.053447999999999996,1023766528,NA,NA,NA,NA,NA,NA,NA,NA,11457352,5690734,153602,512,388033e7552b3b3255277a47381a62d5067155e67b74e663ad0ac019ed72fc50,1139,0,53,8
0,12,1,1,5,0.44190444300000004,0.34692599999999996,0.066083000000000003,1023467520,NA,NA,NA,NA,NA,NA,NA,NA,11457352,5690734,153602,512,388033e7552b3b3255277a47381a62d5067155e67b74e663ad0ac019ed72fc50,1579,0,187,6
0,12,0,0,1,0.055872298000000001,0.037492999999999999,0.0068219999999999999,156553216,NA,NA,NA,NA,NA,NA,NA,NA,994016,407679,8197,1,76f10b65f44b546f736cef2848789238eb7a5f77ce08b564ccca55b5bdc08f36,1122,0,20,4
0,12,1,1,1,0.055421252000000004,0.043865999999999995,0,156704768,NA,NA,NA,NA,NA,NA,NA,NA,994016,407679,8197,1,76f10b65f44b546f736cef2848789238eb7a5f77ce08b564ccca55b5bdc08f36,632,0,22,4
0,12,0,1,4,0.19737368700000002,0.158138,0.019769999999999999,428171264,NA,NA,NA,NA,NA,NA,NA,NA,5833440,1882629,26625,512,0f41e20848de6408cce7b1c5f57f0212c9401233ca75c7b6652c8ea62bfcd43f,1236,0,85,5
0,12,1,0,4,0.198181891,0.159079,0.019887999999999999,428384256,NA,NA,NA,NA,NA,NA,NA,NA,5833440,1882629,26625,512,0f41e20848de6408cce7b1c5f57f0212c9401233ca75c7b6652c8ea62bfcd43f,1236,0,162,4
0,12,0,0,3,0.059283890000000006,0.038217000000000001,0.0095599999999999991,181592064,NA,NA,NA,NA,NA,NA,NA,NA,1968568,2240463,32773,1,c491f4791a93a71124b9219b05e718490cf6bd1c68b1ec8fc6a6550e31f844b1,680,0,46,4
0,12,1,1,3,0.060442792000000002,0.045176999999999995,0.003454,181108736,NA,NA,NA,NA,NA,NA,NA,NA,1968568,2240463,32773,1,c491f4791a93a71124b9219b05e718490cf6bd1c68b1ec8fc6a6550e31f844b1,1122,0,29,4
0,12,0,0,2,0.040657478000000004,0.022197999999999999,0.0074099999999999999,131137536,NA,NA,NA,NA,NA,NA,NA,NA,837856,318511,16385,4096,b4f737276339a7626b246c204b626e79f9d9ec0f1f160233a5aa1c27728af83f,1070,0,26,4
0,12,1,1,2,0.040967951000000002,0.026246999999999999,0.003754,131284992,NA,NA,NA,NA,NA,NA,NA,NA,837856,318511,16385,4096,b4f737276339a7626b246c204b626e79f9d9ec0f1f160233a5aa1c27728af83f,1083,0,34,3
0,13,0,0,0,0.019009148,0.0027810000000000001,0.005574,55287808,NA,NA,NA,NA,NA,NA,NA,NA,2408,135,5,1,3d4d37e7dcef36139698862d60d536450dfb480779ac0676046a82e065e8af0f,1030,0,12,3
0,13,1,1,0,0.019093195,0.0027369999999999998,0.0054739999999999997,55169024,NA,NA,NA,NA,NA,NA,NA,NA,2408,135,5,1,3d4d37e7dcef36139698862d60d536450dfb480779ac0676046a82e065e8af0f,1026,0,11,3
0,13,0,1,1,0.059539709000000003,0.039808999999999997,0.0033139999999999997,156655616,NA,NA,NA,NA,NA,NA,NA,NA,994016,407679,8197,1,76f10b65f44b546f736cef2848789238eb7a5f77ce08b564ccca55b5bdc08f36,642,0,25,5
0,13,1,0,1,0.055439086000000005,0.043691999999999995,0,156397568,NA,NA,NA,NA,NA,NA,NA,NA,994016,407679,8197,1,76f10b65f44b546f736cef2848789238eb7a5f77ce08b564ccca55b5bdc08f36,1079,0,28,4
0,13,0,1,5,0.43670705400000004,0.37917399999999996,0.036573000000000001,1023893504,NA,NA,NA,NA,NA,NA,NA,NA,11457352,5690734,153602,512,388033e7552b3b3255277a47381a62d5067155e67b74e663ad0ac019ed72fc50,1628,0,67,6
0,13,1,0,5,0.44446823500000004,0.382747,0.032996999999999999,1023578112,NA,NA,NA,NA,NA,NA,NA,NA,11457352,5690734,153602,512,388033e7552b3b3255277a47381a62d5067155e67b74e663ad0ac019ed72fc50,1605,0,155,6
0,13,0,1,2,0.041482555000000004,0.020041,0.010022,131141632,NA,NA,NA,NA,NA,NA,NA,NA,837856,318511,16385,4096,b4f737276339a7626b246c204b626e79f9d9ec0f1f160233a5aa1c27728af83f,1094,0,28,4
0,13,1,0,2,0.040928577000000001,0.019743999999999998,0.0098569999999999994,131457024,NA,NA,NA,NA,NA,NA,NA,NA,837856,318511,16385,4096,b4f737276339a7626b246c204b626e79f9d9ec0f1f160233a5aa1c27728af83f,630,0,21,3
0,13,0,1,3,0.059341808000000003,0.041056999999999996,0.0068509999999999995,181362688,NA,NA,NA,NA,NA,NA,NA,NA,1968568,2240463,32773,1,c491f4791a93a71124b9219b05e718490cf6bd1c68b1ec8fc6a6550e31f844b1,1125,0,42,4
0,13,1,0,3,0.059679691000000007,0.044496999999999995,0.0034249999999999997,181760000,NA,NA,NA,NA,NA,NA,NA,NA,1968568,2240463,32773,1,c491f4791a93a71124b9219b05e718490cf6bd1c68b1ec8fc6a6550e31f844b1,682,0,54,4
0,13,0,0,4,0.19772187900000002,0.155283,0.023105000000000001,428503040,NA,NA,NA,NA,NA,NA,NA,NA,5833440,1882629,26625,512,0f41e20848de6408cce7b1c5f57f0212c9401233ca75c7b6652c8ea62bfcd43f,1241,0,182,4
0,13,1,1,4,0.197758979,0.158307,0.020220999999999999,428265472,NA,NA,NA,NA,NA,NA,NA,NA,5833440,1882629,26625,512,0f41e20848de6408cce7b1c5f57f0212c9401233ca75c7b6652c8ea62bfcd43f,1235,0,144,5
0,14,0,1,3,0.059954907000000002,0.037870999999999995,0.010334999999999999,181125120,NA,NA,NA,NA,NA,NA,NA,NA,1968568,2240463,32773,1,c491f4791a93a71124b9219b05e718490cf6bd1c68b1ec8fc6a6550e31f844b1,1121,0,35,3
0,14,1,0,3,0.060554259000000006,0.039112000000000001,0.0097689999999999999,181366784,NA,NA,NA,NA,NA,NA,NA,NA,1968568,2240463,32773,1,c491f4791a93a71124b9219b05e718490cf6bd1c68b1ec8fc6a6550e31f844b1,1126,0,50,5
0,14,0,1,2,0.041393490000000005,0.026785999999999997,0.0033499999999999997,131268608,NA,NA,NA,NA,NA,NA,NA,NA,837856,318511,16385,4096,b4f737276339a7626b246c204b626e79f9d9ec0f1f160233a5aa1c27728af83f,1071,0,27,4
0,14,1,0,2,0.040817059000000003,0.016364999999999998,0.013098,131563520,NA,NA,NA,NA,NA,NA,NA,NA,837856,318511,16385,4096,b4f737276339a7626b246c204b626e79f9d9ec0f1f160233a5aa1c27728af83f,629,0,24,4
0,14,0,1,1,0.055621166000000007,0.037201999999999999,0.0067679999999999997,156377088,NA,NA,NA,NA,NA,NA,NA,NA,994016,407679,8197,1,76f10b65f44b546f736cef2848789238eb7a5f77ce08b564ccca55b5bdc08f36,1080,0,46,4
0,14,1,0,1,0.055093618000000004,0.036781000000000001,0.0066889999999999996,156499968,NA,NA,NA,NA,NA,NA,NA,NA,994016,407679,8197,1,76f10b65f44b546f736cef2848789238eb7a5f77ce08b564ccca55b5bdc08f36,637,0,43,1
0,14,0,1,4,0.19729253500000002,0.15467400000000001,0.023542,428609536,NA,NA,NA,NA,NA,NA,NA,NA,5833440,1882629,26625,512,0f41e20848de6408cce7b1c5f57f0212c9401233ca75c7b6652c8ea62bfcd43f,793,0,167,4
0,14,1,0,4,0.19913635900000001,0.15711600000000001,0.022918999999999998,428556288,NA,NA,NA,NA,NA,NA,NA,NA,5833440,1882629,26625,512,0f41e20848de6408cce7b1c5f57f0212c9401233ca75c7b6652c8ea62bfcd43f,793,0,204,4
0,14,0,0,5,0.43923174400000004,0.35695499999999997,0.060054999999999997,1023594496,NA,NA,NA,NA,NA,NA,NA,NA,11457352,5690734,153602,512,388033e7552b3b3255277a47381a62d5067155e67b74e663ad0ac019ed72fc50,1581,0,188,7
0,14,1,1,5,0.43774201200000001,0.37708900000000001,0.040057999999999996,1023717376,NA,NA,NA,NA,NA,NA,NA,NA,11457352,5690734,153602,512,388033e7552b3b3255277a47381a62d5067155e67b74e663ad0ac019ed72fc50,1583,0,74,5
0,14,0,1,0,0.019169517000000001,0.0084569999999999992,0,55324672,NA,NA,NA,NA,NA,NA,NA,NA,2408,135,5,1,3d4d37e7dcef36139698862d60d536450dfb480779ac0676046a82e065e8af0f,1030,0,11,3
0,14,1,0,0,0.019649708000000002,0.0082830000000000004,0,55410688,NA,NA,NA,NA,NA,NA,NA,NA,2408,135,5,1,3d4d37e7dcef36139698862d60d536450dfb480779ac0676046a82e065e8af0f,1030,0,10,3
0,15,0,0,1,0.054950430000000001,0.039960999999999997,0.0030799999999999998,156356608,NA,NA,NA,NA,NA,NA,NA,NA,994016,407679,8197,1,76f10b65f44b546f736cef2848789238eb7a5f77ce08b564ccca55b5bdc08f36,1081,0,48,5
0,15,1,1,1,0.055433155000000005,0.040383999999999996,0.003349,156495872,NA,NA,NA,NA,NA,NA,NA,NA,994016,407679,8197,1,76f10b65f44b546f736cef2848789238eb7a5f77ce08b564ccca55b5bdc08f36,1082,0,22,4
0,15,0,0,4,0.19765923300000002,0.154809,0.023573,428478464,NA,NA,NA,NA,NA,NA,NA,NA,5833440,1882629,26625,512,0f41e20848de6408cce7b1c5f57f0212c9401233ca75c7b6652c8ea62bfcd43f,1277,0,122,6
0,15,1,1,4,0.19828340200000003,0.15887299999999999,0.020285999999999998,428322816,NA,NA,NA,NA,NA,NA,NA,NA,5833440,1882629,26625,512,0f41e20848de6408cce7b1c5f57f0212c9401233ca75c7b6652c8ea62bfcd43f,1236,0,177,4
0,15,0,0,2,0.044528261,0.029554999999999998,0,131194880,NA,NA,NA,NA,NA,NA,NA,NA,837856,318511,16385,4096,b4f737276339a7626b246c204b626e79f9d9ec0f1f160233a5aa1c27728af83f,1093,0,29,2
0,15,1,1,2,0.045254373000000001,0.026640999999999998,0.0033279999999999998,131133440,NA,NA,NA,NA,NA,NA,NA,NA,837856,318511,16385,4096,b4f737276339a7626b246c204b626e79f9d9ec0f1f160233a5aa1c27728af83f,1069,0,21,3
0,15,0,1,5,0.43252022900000003,0.36313299999999998,0.049993999999999997,1023565824,NA,NA,NA,NA,NA,NA,NA,NA,11457352,5690734,153602,512,388033e7552b3b3255277a47381a62d5067155e67b74e663ad0ac019ed72fc50,1582,0,357,5
0,15,1,0,5,0.42948307800000002,0.36847999999999997,0.048774999999999999,1023574016,NA,NA,NA,NA,NA,NA,NA,NA,11457352,5690734,153602,512,388033e7552b3b3255277a47381a62d5067155e67b74e663ad0ac019ed72fc50,1582,0,267,5
0,15,0,0,3,0.060450906000000006,0.038424,0.010489,181149696,NA,NA,NA,NA,NA,NA,NA,NA,1968568,2240463,32773,1,c491f4791a93a71124b9219b05e718490cf6bd1c68b1ec8fc6a6550e31f844b1,1118,0,42,4
0,15,1,1,3,0.059863956000000003,0.045023999999999995,0.0032169999999999998,181329920,NA,NA,NA,NA,NA,NA,NA,NA,1968568,2240463,32773,1,c491f4791a93a71124b9219b05e718490cf6bd1c68b1ec8fc6a6550e31f844b1,1126,0,33,4
0,15,0,0,0,0.018690801,0.0054349999999999997,0.0027109999999999999,55042048,NA,NA,NA,NA,NA,NA,NA,NA,2408,135,5,1,3d4d37e7dcef36139698862d60d536450dfb480779ac0676046a82e065e8af0f,1026,0,11,2
0,15,1,1,0,0.018210441000000001,0.0038039999999999997,0.0038039999999999997,55336960,NA,NA,NA,NA,NA,NA,NA,NA,2408,135,5,1,3d4d37e7dcef36139698862d60d536450dfb480779ac0676046a82e065e8af0f,1027,0,12,3
0,16,0,0,3,0.059416819000000003,0.044521999999999999,0.0034259999999999998,181133312,NA,NA,NA,NA,NA,NA,NA,NA,1968568,2240463,32773,1,c491f4791a93a71124b9219b05e718490cf6bd1c68b1ec8fc6a6550e31f844b1,1119,0,24,4
0,16,1,1,3,0.060110128000000006,0.045225999999999995,0.0032320000000000001,181243904,NA,NA,NA,NA,NA,NA,NA,NA,1968568,2240463,32773,1,c491f4791a93a71124b9219b05e718490cf6bd1c68b1ec8fc6a6550e31f844b1,1123,0,38,4
0,16,0,0,1,0.055817876000000002,0.034104999999999996,0.010230999999999999,156516352,NA,NA,NA,NA,NA,NA,NA,NA,994016,407679,8197,1,76f10b65f44b546f736cef2848789238eb7a5f77ce08b564ccca55b5bdc08f36,1083,0,23,4
0,16,1,1,1,0.055075876000000003,0.028018999999999999,0.015559999999999999,156446720,NA,NA,NA,NA,NA,NA,NA,NA,994016,407679,8197,1,76f10b65f44b546f736cef2848789238eb7a5f77ce08b564ccca55b5bdc08f36,1080,0,28,4
0,16,0,0,4,0.198074841,0.15575600000000001,0.023178000000000001,428462080,NA,NA,NA,NA,NA,NA,NA,NA,5833440,1882629,26625,512,0f41e20848de6408cce7b1c5f57f0212c9401233ca75c7b6652c8ea62bfcd43f,1239,0,177,6
0,16,1,1,4,0.19795594900000002,0.152146,0.026445999999999997,428351488,NA,NA,NA,NA,NA,NA,NA,NA,5833440,1882629,26625,512,0f41e20848de6408cce7b1c5f57f0212c9401233ca75c7b6652c8ea62bfcd43f,1237,0,157,7
0,16,0,1,5,0.44435824000000002,0.375415,0.040222000000000001,1023590400,NA,NA,NA,NA,NA,NA,NA,NA,11457352,5690734,153602,512,388033e7552b3b3255277a47381a62d5067155e67b74e663ad0ac019ed72fc50,1582,0,118,4
0,16,1,0,5,0.44385276300000004,0.364983,0.050209999999999998,1023979520,NA,NA,NA,NA,NA,NA,NA,NA,11457352,5690734,153602,512,388033e7552b3b3255277a47381a62d5067155e67b74e663ad0ac019ed72fc50,1616,0,131,7
0,16,0,0,0,0.018848256000000001,0.0041459999999999995,0.00415,55164928,NA,NA,NA,NA,NA,NA,NA,NA,2408,135,5,1,3d4d37e7dcef36139698862d60d536450dfb480779ac0676046a82e065e8af0f,1027,0,12,3
0,16,1,1,0,0.0182902,0.0077409999999999996,0,55799808,NA,NA,NA,NA,NA,NA,NA,NA,2408,135,5,1,3d4d37e7dcef36139698862d60d536450dfb480779ac0676046a82e065e8af0f,581,0,12,4
0,16,0,1,2,0.040231772000000006,0.025807,0.0032299999999999998,131108864,NA,NA,NA,NA,NA,NA,NA,NA,837856,318511,16385,4096,b4f737276339a7626b246c204b626e79f9d9ec0f1f160233a5aa1c27728af83f,1069,0,25,5
0,16,1,0,2,0.040466001000000001,0.021996999999999999,0.007339,131383296,NA,NA,NA,NA,NA,NA,NA,NA,837856,318511,16385,4096,b4f737276339a7626b246c204b626e79f9d9ec0f1f160233a5aa1c27728af83f,626,0,26,4
0,17,0,1,3,0.059500185000000004,0.040250999999999995,0.0073799999999999994,181108736,NA,NA,NA,NA,NA,NA,NA,NA,1968568,2240463,32773,1,c491f4791a93a71124b9219b05e718490cf6bd1c68b1ec8fc6a6550e31f844b1,1120,0,36,3
0,17,1,0,3,0.059306011000000006,0.037453,0.010201999999999999,181321728,NA,NA,NA,NA,NA,NA,NA,NA,1968568,2240463,32773,1,c491f4791a93a71124b9219b05e718490cf6bd1c68b1ec8fc6a6550e31f844b1,1126,0,19,4
0,17,0,0,5,0.43664650100000002,0.368587,0.046475999999999996,1023385600,NA,NA,NA,NA,NA,NA,NA,NA,11457352,5690734,153602,512,388033e7552b3b3255277a47381a62d5067155e67b74e663ad0ac019ed72fc50,1579,0,115,6
0,17,1,1,5,0.44256525100000005,0.36677699999999996,0.046278,1023447040,NA,NA,NA,NA,NA,NA,NA,NA,11457352,5690734,153602,512,388033e7552b3b3255277a47381a62d5067155e67b74e663ad0ac019ed72fc50,1580,0,48,8
0,17,0,0,2,0.040619859000000001,0.023660999999999998,0.0059159999999999994,131190784,NA,NA,NA,NA,NA,NA,NA,NA,837856,318511,16385,4096,b4f737276339a7626b246c204b626e79f9d9ec0f1f160233a5aa1c27728af83f,1068,0,19,3
0,17,1,1,2,0.041008277000000003,0.017835999999999998,0.011897999999999999,131059712,NA,NA,NA,NA,NA,NA,NA,NA,837856,318511,16385,4096,b4f737276339a7626b246c204b626e79f9d9ec0f1f160233a5aa1c27728af83f,1068,0,25,2
0,17,0,1,4,0.19763064900000002,0.15891,0.019449999999999999,428503040,NA,NA,NA,NA,NA,NA,NA,NA,5833440,1882629,26625,512,0f41e20848de6408cce7b1c5f57f0212c9401233ca75c7b6652c8ea62bfcd43f,1239,0,130,5
0,17,1,0,4,0.19873284300000002,0.166293,0.013302,428650496,NA,NA,NA,NA,NA,NA,NA,NA,5833440,1882629,26625,512,0f41e20848de6408cce7b1c5f57f0212c9401233ca75c7b6652c8ea62bfcd43f,789,0,150,4
0,17,0,1,0,0.019712526000000001,0.0028669999999999998,0.0057399999999999994,54956032,NA,NA,NA,NA,NA,NA,NA,NA,2408,135,5,1,3d4d37e7dcef36139698862d60d536450dfb480779ac0676046a82e065e8af0f,1022,0,11,3
0,17,1,0,0,0.01826912,0.0050829999999999998,0.002545,55296000,NA,NA,NA,NA,NA,NA,NA,NA,2408,135,5,1,3d4d37e7dcef36139698862d60d536450dfb480779ac0676046a82e065e8af0f,1029,0,11,4
0,17,0,1,1,0.055127973000000004,0.043699999999999996,0,156360704,NA,NA,NA,NA,NA,NA,NA,NA,994016,407679,8197,1,76f10b65f44b546f736cef2848789238eb7a5f77ce08b564ccca55b5bdc08f36,1083,0,20,5
0,17,1,0,1,0.055246776000000004,0.037038999999999996,0.0067389999999999993,156700672,NA,NA,NA,NA,NA,NA,NA,NA,994016,407679,8197,1,76f10b65f44b546f736cef2848789238eb7a5f77ce08b564ccca55b5bdc08f36,641,0,23,3
0,18,0,0,0,0.018568382000000001,0.0039439999999999996,0.0039480000000000001,55431168,NA,NA,NA,NA,NA,NA,NA,NA,2408,135,5,1,3d4d37e7dcef36139698862d60d536450dfb480779ac0676046a82e065e8af0f,1068,0,12,3
0,18,1,1,0,0.018307561999999999,0.0025469999999999998,0.0050989999999999994,55373824,NA,NA,NA,NA,NA,NA,NA,NA,2408,135,5,1,3d4d37e7dcef36139698862d60d536450dfb480779ac0676046a82e065e8af0f,1026,0,10,3
0,18,0,0,1,0.054644286,0.036465999999999998,0.006633,156786688,NA,NA,NA,NA,NA,NA,NA,NA,994016,407679,8197,1,76f10b65f44b546f736cef2848789238eb7a5f77ce08b564ccca55b5bdc08f36,638,0,35,4
0,18,1,1,1,0.054752680000000005,0.026674999999999997,0.016677000000000001,156594176,NA,NA,NA,NA,NA,NA,NA,NA,994016,407679,8197,1,76f10b65f44b546f736cef2848789238eb7a5f77ce08b564ccca55b5bdc08f36,639,0,28,4
0,18,0,0,5,0.43396915500000005,0.37665799999999999,0.036628000000000001,1023856640,NA,NA,NA,NA,NA,NA,NA,NA,11457352,5690734,153602,512,388033e7552b3b3255277a47381a62d5067155e67b74e663ad0ac019ed72fc50,1584,0,185,5
0,18,1,1,5,0.43422396200000002,0.380133,0.033632999999999996,1023700992,NA,NA,NA,NA,NA,NA,NA,NA,11457352,5690734,153602,512,388033e7552b3b3255277a47381a62d5067155e67b74e663ad0ac019ed72fc50,1585,0,184,7
0,18,0,0,4,0.198790722,0.15951799999999999,0.019937999999999997,428490752,NA,NA,NA,NA,NA,NA,NA,NA,5833440,1882629,26625,512,0f41e20848de6408cce7b1c5f57f0212c9401233ca75c7b6652c8ea62bfcd43f,1239,0,130,4
0,18,1,1,4,0.19801861600000001,0.162248,0.016555,428503040,NA,NA,NA,NA,NA,NA,NA,NA,5833440,1882629,26625,512,0f41e20848de6408cce7b1c5f57f0212c9401233ca75c7b6652c8ea62bfcd43f,794,0,147,4
0,18,0,1,3,0.059802350000000004,0.037675,0.010282999999999999,181317632,NA,NA,NA,NA,NA,NA,NA,NA,1968568,2240463,32773,1,c491f4791a93a71124b9219b05e718490cf6bd1c68b1ec8fc6a6550e31f844b1,1125,0,42,3
0,18,1,0,3,0.059876029000000004,0.044493999999999999,0.0034249999999999997,181125120,NA,NA,NA,NA,NA,NA,NA,NA,1968568,2240463,32773,1,c491f4791a93a71124b9219b05e718490cf6bd1c68b1ec8fc6a6550e31f844b1,1119,0,44,4
0,18,0,1,2,0.040996074,0.016466999999999999,0.013184999999999999,131416064,NA,NA,NA,NA,NA,NA,NA,NA,837856,318511,16385,4096,b4f737276339a7626b246c204b626e79f9d9ec0f1f160233a5aa1c27728af83f,629,0,28,3
0,18,1,0,2,0.040502449000000003,0.022911999999999998,0.006548,131457024,NA,NA,NA,NA,NA,NA,NA,NA,837856,318511,16385,4096,b4f737276339a7626b246c204b626e79f9d9ec0f1f160233a5aa1c27728af83f,629,0,25,3
0,19,0,1,4,0.19787237200000002,0.14905399999999999,0.0298,428490752,NA,NA,NA,NA,NA,NA,NA,NA,5833440,1882629,26625,512,0f41e20848de6408cce7b1c5f57f0212c9401233ca75c7b6652c8ea62bfcd43f,1240,0,165,6
0,19,1,0,4,0.20065334300000001,0.16461099999999998,0.016792999999999999,428167168,NA,NA,NA,NA,NA,NA,NA,NA,5833440,1882629,26625,512,0f41e20848de6408cce7b1c5f57f0212c9401233ca75c7b6652c8ea62bfcd43f,1235,0,166,5
0,19,0,0,3,0.060880832000000003,0.049127999999999998,0,181477376,NA,NA,NA,NA,NA,NA,NA,NA,1968568,2240463,32773,1,c491f4791a93a71124b9219b05e718490cf6bd1c68b1ec8fc6a6550e31f844b1,1160,0,56,4
0,19,1,1,3,0.059921114000000004,0.038470999999999998,0.0096229999999999996,181587968,NA,NA,NA,NA,NA,NA,NA,NA,1968568,2240463,32773,1,c491f4791a93a71124b9219b05e718490cf6bd1c68b1ec8fc6a6550e31f844b1,1156,0,39,4
0,19,0,0,2,0.040988069000000002,0.025987,0.0036749999999999999,131166208,NA,NA,NA,NA,NA,NA,NA,NA,837856,318511,16385,4096,b4f737276339a7626b246c204b626e79f9d9ec0f1f160233a5aa1c27728af83f,1070,0,30,2
0,19,1,1,2,0.040922787000000002,0.020784,0.0089149999999999993,131198976,NA,NA,NA,NA,NA,NA,NA,NA,837856,318511,16385,4096,b4f737276339a7626b246c204b626e79f9d9ec0f1f160233a5aa1c27728af83f,1070,0,19,5
0,19,0,1,5,0.43300900600000003,0.35859799999999997,0.053633999999999994,1023832064,NA,NA,NA,NA,NA,NA,NA,NA,11457352,5690734,153602,512,388033e7552b3b3255277a47381a62d5067155e67b74e663ad0ac019ed72fc50,1140,0,252,5
0,19,1,0,5,0.43501874000000001,0.37424999999999997,0.039757999999999995,1023582208,NA,NA,NA,NA,NA,NA,NA,NA,11457352,5690734,153602,512,388033e7552b3b3255277a47381a62d5067155e67b74e663ad0ac019ed72fc50,1580,0,226,8
0,19,0,1,1,0.055466176000000006,0.0407,0.0033959999999999997,156135424,NA,NA,NA,NA,NA,NA,NA,NA,994016,407679,8197,1,76f10b65f44b546f736cef2848789238eb7a5f77ce08b564ccca55b5bdc08f36,1078,0,34,4
0,19,1,0,1,0.054714397000000005,0.039934999999999998,0.0033279999999999998,156508160,NA,NA,NA,NA,NA,NA,NA,NA,994016,407679,8197,1,76f10b65f44b546f736cef2848789238eb7a5f77ce08b564ccca55b5bdc08f36,1083,0,28,4
0,19,0,1,0,0.018533908000000002,0.0052429999999999994,0.0026249999999999997,55517184,NA,NA,NA,NA,NA,NA,NA,NA,2408,135,5,1,3d4d37e7dcef36139698862d60d536450dfb480779ac0676046a82e065e8af0f,588,0,12,3
0,19,1,0,0,0.018254373000000001,0.0038009999999999997,0.0038039999999999997,55283712,NA,NA,NA,NA,NA,NA,NA,NA,2408,135,5,1,3d4d37e7dcef36139698862d60d536450dfb480779ac0676046a82e065e8af0f,1028,0,11,3
0,20,0,1,1,0.054768831000000004,0.033956,0.0092619999999999994,156680192,NA,NA,NA,NA,NA,NA,NA,NA,994016,407679,8197,1,76f10b65f44b546f736cef2848789238eb7a5f77ce08b564ccca55b5bdc08f36,639,0,21,4
0,20,1,0,1,0.055213554000000005,0.034305999999999996,0.0093629999999999998,156626944,NA,NA,NA,NA,NA,NA,NA,NA,994016,407679,8197,1,76f10b65f44b546f736cef2848789238eb7a5f77ce08b564ccca55b5bdc08f36,1109,0,20,4
0,20,0,1,5,0.43340705100000004,0.35700799999999999,0.056739999999999999,1023561728,NA,NA,NA,NA,NA,NA,NA,NA,11457352,5690734,153602,512,388033e7552b3b3255277a47381a62d5067155e67b74e663ad0ac019ed72fc50,1582,0,312,6
0,20,1,0,5,0.44034034100000002,0.38283099999999998,0.036613,1024024576,NA,NA,NA,NA,NA,NA,NA,NA,11457352,5690734,153602,512,388033e7552b3b3255277a47381a62d5067155e67b74e663ad0ac019ed72fc50,1141,0,146,8
0,20,0,1,3,0.059552041000000007,0.034301999999999999,0.013718999999999999,181395456,NA,NA,NA,NA,NA,NA,NA,NA,1968568,2240463,32773,1,c491f4791a93a71124b9219b05e718490cf6bd1c68b1ec8fc6a6550e31f844b1,682,0,43,4
0,20,1,0,3,0.059829952000000006,0.045190000000000001,0.0032320000000000001,181231616,NA,NA,NA,NA,NA,NA,NA,NA,1968568,2240463,32773,1,c491f4791a93a71124b9219b05e718490cf6bd1c68b1ec8fc6a6550e31f844b1,1121,0,63,3
0,20,0,1,2,0.040936673,0.023045,0.0065969999999999996,131420160,NA,NA,NA,NA,NA,NA,NA,NA,837856,318511,16385,4096,b4f737276339a7626b246c204b626e79f9d9ec0f1f160233a5aa1c27728af83f,627,0,19,4
0,20,1,0,2,0.041022573999999999,0.019764999999999998,0.0098909999999999988,131112960,NA,NA,NA,NA,NA,NA,NA,NA,837856,318511,16385,4096,b4f737276339a7626b246c204b626e79f9d9ec0f1f160233a5aa1c27728af83f,1070,0,21,4
0,20,0,1,0,0.018703956000000001,0.0054269999999999995,0.0027159999999999997,55799808,NA,NA,NA,NA,NA,NA,NA,NA,2408,135,5,1,3d4d37e7dcef36139698862d60d536450dfb480779ac0676046a82e065e8af0f,581,0,11,2
0,20,1,0,0,0.019136836000000001,0.0055049999999999995,0.0027409999999999999,55173120,NA,NA,NA,NA,NA,NA,NA,NA,2408,135,5,1,3d4d37e7dcef36139698862d60d536450dfb480779ac0676046a82e065e8af0f,1028,0,10,3
0,20,0,1,4,0.209098326,0.14566699999999999,0.033852,428462080,NA,NA,NA,NA,NA,NA,NA,NA,5833440,1882629,26625,512,0f41e20848de6408cce7b1c5f57f0212c9401233ca75c7b6652c8ea62bfcd43f,1239,0,175,7
0,20,1,0,4,0.19867198900000002,0.160163,0.019604999999999997,428437504,NA,NA,NA,NA,NA,NA,NA,NA,5833440,1882629,26625,512,0f41e20848de6408cce7b1c5f57f0212c9401233ca75c7b6652c8ea62bfcd43f,1239,0,172,7
0,21,0,0,1,0.055407557000000003,0.031390000000000001,0.012546999999999999,156266496,NA,NA,NA,NA,NA,NA,NA,NA,994016,407679,8197,1,76f10b65f44b546f736cef2848789238eb7a5f77ce08b564ccca55b5bdc08f36,1104,0,27,4
0,21,1,1,1,0.055896844000000001,0.037457999999999998,0.0068119999999999995,156168192,NA,NA,NA,NA,NA,NA,NA,NA,994016,407679,8197,1,76f10b65f44b546f736cef2848789238eb7a5f77ce08b564ccca55b5bdc08f36,1077,0,48,2
0,21,0,0,3,0.059594962000000001,0.036112999999999999,0.012039999999999999,181366784,NA,NA,NA,NA,NA,NA,NA,NA,1968568,2240463,32773,1,c491f4791a93a71124b9219b05e718490cf6bd1c68b1ec8fc6a6550e31f844b1,1126,0,31,3
0,21,1,1,3,0.059851224000000001,0.041478999999999995,0.0068959999999999994,181231616,NA,NA,NA,NA,NA,NA,NA,NA,1968568,2240463,32773,1,c491f4791a93a71124b9219b05e718490cf6bd1c68b1ec8fc6a6550e31f844b1,1121,0,46,3
0,21,0,0,2,0.041006473000000002,0.026435,0.0032949999999999998,131088384,NA,NA,NA,NA,NA,NA,NA,NA,837856,318511,16385,4096,b4f737276339a7626b246c204b626e79f9d9ec0f1f160233a5aa1c27728af83f,1070,0,30,1
0,21,1,1,2,0.040786100000000006,0.016468999999999998,0.013202,131194880,NA,NA,NA,NA,NA,NA,NA,NA,837856,318511,16385,4096,b4f737276339a7626b246c204b626e79f9d9ec0f1f160233a5aa1c27728af83f,1071,0,23,4
0,21,0,0,5,0.44756443600000001,0.37076999999999999,0.046779999999999995,1023496192,NA,NA,NA,NA,NA,NA,NA,NA,11457352,5690734,153602,512,388033e7552b3b3255277a47381a62d5067155e67b74e663ad0ac019ed72fc50,1580,0,36,5
0,21,1,1,5,0.44223446000000005,0.369946,0.043306999999999998,1023692800,NA,NA,NA,NA,NA,NA,NA,NA,11457352,5690734,153602,512,388033e7552b3b3255277a47381a62d5067155e67b74e663ad0ac019ed72fc50,1580,0,100,6
0,21,0,0,4,0.19890738000000002,0.156416,0.023299999999999998,428503040,NA,NA,NA,NA,NA,NA,NA,NA,5833440,1882629,26625,512,0f41e20848de6408cce7b1c5f57f0212c9401233ca75c7b6652c8ea62bfcd43f,1241,0,179,3
0,21,1,1,4,0.19771591800000002,0.155944,0.022737999999999998,428716032,NA,NA,NA,NA,NA,NA,NA,NA,5833440,1882629,26625,512,0f41e20848de6408cce7b1c5f57f0212c9401233ca75c7b6652c8ea62bfcd43f,797,0,180,4
0,21,0,0,0,0.018651958,0.0052949999999999994,0.0026489999999999999,55414784,NA,NA,NA,NA,NA,NA,NA,NA,2408,135,5,1,3d4d37e7dcef36139698862d60d536450dfb480779ac0676046a82e065e8af0f,583,0,11,3
0,21,1,1,0,0.019413814000000001,0.0084390000000000003,0,55160832,NA,NA,NA,NA,NA,NA,NA,NA,2408,135,5,1,3d4d37e7dcef36139698862d60d536450dfb480779ac0676046a82e065e8af0f,1026,0,10,3
0,22,0,1,0,0.019168005000000002,0.0041180000000000001,0.0040819999999999997,55480320,NA,NA,NA,NA,NA,NA,NA,NA,2408,135,5,1,3d4d37e7dcef36139698862d60d536450dfb480779ac0676046a82e065e8af0f,1030,0,9,3
0,22,1,0,0,0.019152076000000001,0.0026549999999999998,0.0053089999999999995,55316480,NA,NA,NA,NA,NA,NA,NA,NA,2408,135,5,1,3d4d37e7dcef36139698862d60d536450dfb480779ac0676046a82e065e8af0f,1028,0,11,4
0,22,0,1,5,0.44467636500000002,0.37607999999999997,0.039948999999999998,1023836160,NA,NA,NA,NA,NA,NA,NA,NA,11457352,5690734,153602,512,388033e7552b3b3255277a47381a62d5067155e67b74e663ad0ac019ed72fc50,1140,0,152,8
0,22,1,0,5,0.43389522600000002,0.369921,0.043325999999999996,1023528960,NA,NA,NA,NA,NA,NA,NA,NA,11457352,5690734,153602,512,388033e7552b3b3255277a47381a62d5067155e67b74e663ad0ac019ed72fc50,1581,0,88,3
0,22,0,0,1,0.055397818000000001,0.031313000000000001,0.012518999999999999,156430336,NA,NA,NA,NA,NA,NA,NA,NA,994016,407679,8197,1,76f10b65f44b546f736cef2848789238eb7a5f77ce08b564ccca55b5bdc08f36,1084,0,23,4
0,22,1,1,1,0.055230235000000003,0.036881999999999998,0.0067059999999999993,156258304,NA,NA,NA,NA,NA,NA,NA,NA,994016,407679,8197,1,76f10b65f44b546f736cef2848789238eb7a5f77ce08b564ccca55b5bdc08f36,1079,0,45,3
0,22,0,0,2,0.040944538000000003,0.020813999999999999,0.0089249999999999989,131256320,NA,NA,NA,NA,NA,NA,NA,NA,837856,318511,16385,4096,b4f737276339a7626b246c204b626e79f9d9ec0f1f160233a5aa1c27728af83f,1073,0,29,3
0,22,1,1,2,0.041320822,0.026717999999999999,0.0033139999999999997,131108864,NA,NA,NA,NA,NA,NA,NA,NA,837856,318511,16385,4096,b4f737276339a7626b246c204b626e79f9d9ec0f1f160233a5aa1c27728af83f,1069,0,24,4
0,22,0,0,4,0.19776346800000003,0.16173199999999999,0.016850999999999998,428634112,NA,NA,NA,NA,NA,NA,NA,NA,5833440,1882629,26625,512,0f41e20848de6408cce7b1c5f57f0212c9401233ca75c7b6652c8ea62bfcd43f,795,0,85,5
0,22,1,1,4,0.19763868500000001,0.149198,0.029196,428654592,NA,NA,NA,NA,NA,NA,NA,NA,5833440,1882629,26625,512,0f41e20848de6408cce7b1c5f57f0212c9401233ca75c7b6652c8ea62bfcd43f,1273,0,80,3
0,22,0,0,3,0.060048431000000006,0.035369999999999999,0.012865999999999999,181338112,NA,NA,NA,NA,NA,NA,NA,NA,1968568,2240463,32773,1,c491f4791a93a71124b9219b05e718490cf6bd1c68b1ec8fc6a6550e31f844b1,1124,0,28,4
0,22,1,1,3,0.059602046000000006,0.037738000000000001,0.010298999999999999,181633024,NA,NA,NA,NA,NA,NA,NA,NA,1968568,2240463,32773,1,c491f4791a93a71124b9219b05e718490cf6bd1c68b1ec8fc6a6550e31f844b1,683,0,32,4
0,23,0,1,1,0.054977991000000004,0.03671,0.0066759999999999996,156307456,NA,NA,NA,NA,NA,NA,NA,NA,994016,407679,8197,1,76f10b65f44b546f736cef2848789238eb7a5f77ce08b564ccca55b5bdc08f36,1079,0,33,3
0,23,1,0,1,0.055557648000000001,0.033831,0.010137,156319744,NA,NA,NA,NA,NA,NA,NA,NA,994016,407679,8197,1,76f10b65f44b546f736cef2848789238eb7a5f77ce08b564ccca55b5bdc08f36,1079,0,19,3
0,23,0,1,2,0.041296577000000001,0.020986999999999999,0.0090010000000000003,131141632,NA,NA,NA,NA,NA,NA,NA,NA,837856,318511,16385,4096,b4f737276339a7626b246c204b626e79f9d9ec0f1f160233a5aa1c27728af83f,1077,0,20,2
0,23,1,0,2,0.040974353000000005,0.023122,0.0065880000000000001,131125248,NA,NA,NA,NA,NA,NA,NA,NA,837856,318511,16385,4096,b4f737276339a7626b246c204b626e79f9d9ec0f1f160233a5aa1c27728af83f,1070,0,21,4
0,23,0,0,0,0.019115718,0.0041830000000000001,0.0041849999999999995,55246848,NA,NA,NA,NA,NA,NA,NA,NA,2408,135,5,1,3d4d37e7dcef36139698862d60d536450dfb480779ac0676046a82e065e8af0f,1026,0,12,3
0,23,1,1,0,0.019454311000000002,0.0042529999999999998,0.0042079999999999999,55513088,NA,NA,NA,NA,NA,NA,NA,NA,2408,135,5,1,3d4d37e7dcef36139698862d60d536450dfb480779ac0676046a82e065e8af0f,1032,0,9,3
0,23,0,1,3,0.059392754000000006,0.041284000000000001,0.006365,181534720,NA,NA,NA,NA,NA,NA,NA,NA,1968568,2240463,32773,1,c491f4791a93a71124b9219b05e718490cf6bd1c68b1ec8fc6a6550e31f844b1,681,0,33,6
0,23,1,0,3,0.060396695000000007,0.04233,0.0065139999999999998,181354496,NA,NA,NA,NA,NA,NA,NA,NA,1968568,2240463,32773,1,c491f4791a93a71124b9219b05e718490cf6bd1c68b1ec8fc6a6550e31f844b1,1124,0,37,5
0,23,0,1,4,0.19754164200000002,0.15806000000000001,0.020183,428212224,NA,NA,NA,NA,NA,NA,NA,NA,5833440,1882629,26625,512,0f41e20848de6408cce7b1c5f57f0212c9401233ca75c7b6652c8ea62bfcd43f,1235,0,148,4
0,23,1,0,4,0.19868893200000001,0.14952199999999999,0.029885999999999999,428154880,NA,NA,NA,NA,NA,NA,NA,NA,5833440,1882629,26625,512,0f41e20848de6408cce7b1c5f57f0212c9401233ca75c7b6652c8ea62bfcd43f,1234,0,121,3
0,23,0,0,5,0.43717823700000003,0.38333200000000001,0.033327999999999997,1023942656,NA,NA,NA,NA,NA,NA,NA,NA,11457352,5690734,153602,512,388033e7552b3b3255277a47381a62d5067155e67b74e663ad0ac019ed72fc50,1140,0,189,5
0,23,1,1,5,0.435063955,0.36124999999999996,0.053027999999999999,1023807488,NA,NA,NA,NA,NA,NA,NA,NA,11457352,5690734,153602,512,388033e7552b3b3255277a47381a62d5067155e67b74e663ad0ac019ed72fc50,1136,0,175,8
0,24,0,0,2,0.040992247000000002,0.029762,0,131207168,NA,NA,NA,NA,NA,NA,NA,NA,837856,318511,16385,4096,b4f737276339a7626b246c204b626e79f9d9ec0f1f160233a5aa1c27728af83f,1073,0,24,3
0,24,1,1,2,0.041035448000000002,0.022994999999999998,0.0065709999999999996,131391488,NA,NA,NA,NA,NA,NA,NA,NA,837856,318511,16385,4096,b4f737276339a7626b246c204b626e79f9d9ec0f1f160233a5aa1c27728af83f,620,0,23,2
0,24,0,1,5,0.45243507200000005,0.361174,0.056340999999999995,1023574016,NA,NA,NA,NA,NA,NA,NA,NA,11457352,5690734,153602,512,388033e7552b3b3255277a47381a62d5067155e67b74e663ad0ac019ed72fc50,1581,0,241,6
0,24,1,0,5,0.44689199700000004,0.365846,0.049912999999999999,1023488000,NA,NA,NA,NA,NA,NA,NA,NA,11457352,5690734,153602,512,388033e7552b3b3255277a47381a62d5067155e67b74e663ad0ac019ed72fc50,1580,0,171,8
0,24,0,1,1,0.055947288000000005,0.034085999999999998,0.01022,156434432,NA,NA,NA,NA,NA,NA,NA,NA,994016,407679,8197,1,76f10b65f44b546f736cef2848789238eb7a5f77ce08b564ccca55b5bdc08f36,1080,0,26,4
0,24,1,0,1,0.055010984000000006,0.040107999999999998,0.0033430000000000001,156471296,NA,NA,NA,NA,NA,NA,NA,NA,994016,407679,8197,1,76f10b65f44b546f736cef2848789238eb7a5f77ce08b564ccca55b5bdc08f36,635,0,36,3
0,24,0,1,0,0.019195045000000001,0.0082039999999999995,0,55377920,NA,NA,NA,NA,NA,NA,NA,NA,2408,135,5,1,3d4d37e7dcef36139698862d60d536450dfb480779ac0676046a82e065e8af0f,1030,0,10,2
0,24,1,0,0,0.018516944,0.0052209999999999999,0.0026099999999999999,55685120,NA,NA,NA,NA,NA,NA,NA,NA,2408,135,5,1,3d4d37e7dcef36139698862d60d536450dfb480779ac0676046a82e065e8af0f,588,0,11,3
0,24,0,1,3,0.062636742000000009,0.034534999999999996,0.012525,181231616,NA,NA,NA,NA,NA,NA,NA,NA,1968568,2240463,32773,1,c491f4791a93a71124b9219b05e718490cf6bd1c68b1ec8fc6a6550e31f844b1,670,0,33,5
0,24,1,0,3,0.059583832000000003,0.038205999999999997,0.009554,181628928,NA,NA,NA,NA,NA,NA,NA,NA,1968568,2240463,32773,1,c491f4791a93a71124b9219b05e718490cf6bd1c68b1ec8fc6a6550e31f844b1,679,0,63,3
0,24,0,1,4,0.198281238,0.16570799999999999,0.013243999999999999,428322816,NA,NA,NA,NA,NA,NA,NA,NA,5833440,1882629,26625,512,0f41e20848de6408cce7b1c5f57f0212c9401233ca75c7b6652c8ea62bfcd43f,1238,0,158,4
0,24,1,0,4,0.19923864100000002,0.166597,0.013326999999999999,428769280,NA,NA,NA,NA,NA,NA,NA,NA,5833440,1882629,26625,512,0f41e20848de6408cce7b1c5f57f0212c9401233ca75c7b6652c8ea62bfcd43f,798,0,223,5
0,25,0,0,5,0.43719309500000003,0.37622499999999998,0.039959999999999996,1023733760,NA,NA,NA,NA,NA,NA,NA,NA,11457352,5690734,153602,512,388033e7552b3b3255277a47381a62d5067155e67b74e663ad0ac019ed72fc50,1584,0,200,3
0,25,1,1,5,0.44438154400000002,0.368867,0.046517999999999997,1023406080,NA,NA,NA,NA,NA,NA,NA,NA,11457352,5690734,153602,512,388033e7552b3b3255277a47381a62d5067155e67b74e663ad0ac019ed72fc50,1577,0,112,8
0,25,0,0,3,0.060309462000000001,0.044858999999999996,0.0034509999999999996,181465088,NA,NA,NA,NA,NA,NA,NA,NA,1968568,2240463,32773,1,c491f4791a93a71124b9219b05e718490cf6bd1c68b1ec8fc6a6550e31f844b1,680,0,44,4
0,25,1,1,3,0.060107724000000001,0.041835999999999998,0.0064409999999999997,181407744,NA,NA,NA,NA,NA,NA,NA,NA,1968568,2240463,32773,1,c491f4791a93a71124b9219b05e718490cf6bd1c68b1ec8fc6a6550e31f844b1,1124,0,40,4
0,25,0,0,0,0.019296276000000001,0.0041459999999999995,0.0041479999999999998,55349248,NA,NA,NA,NA,NA,NA,NA,NA,2408,135,5,1,3d4d37e7dcef36139698862d60d536450dfb480779ac0676046a82e065e8af0f,1031,0,12,2
0,25,1,1,0,0.019297016,0.0081269999999999988,0,55353344,NA,NA,NA,NA,NA,NA,NA,NA,2408,135,5,1,3d4d37e7dcef36139698862d60d536450dfb480779ac0676046a82e065e8af0f,1028,0,9,4
0,25,0,0,4,0.19856849600000001,0.15919700000000001,0.019887999999999999,428277760,NA,NA,NA,NA,NA,NA,NA,NA,5833440,1882629,26625,512,0f41e20848de6408cce7b1c5f57f0212c9401233ca75c7b6652c8ea62bfcd43f,1236,0,141,6
0,25,1,1,4,0.20777687900000003,0.154476,0.023503,428580864,NA,NA,NA,NA,NA,NA,NA,NA,5833440,1882629,26625,512,0f41e20848de6408cce7b1c5f57f0212c9401233ca75c7b6652c8ea62bfcd43f,787,0,118,4
0,25,0,0,1,0.055132031000000005,0.036698000000000001,0.0066759999999999996,156844032,NA,NA,NA,NA,NA,NA,NA,NA,994016,407679,8197,1,76f10b65f44b546f736cef2848789238eb7a5f77ce08b564ccca55b5bdc08f36,643,0,33,3
0,25,1,1,1,0.055279346,0.031177,0.012470999999999999,156426240,NA,NA,NA,NA,NA,NA,NA,NA,994016,407679,8197,1,76f10b65f44b546f736cef2848789238eb7a5f77ce08b564ccca55b5bdc08f36,638,0,23,3
0,25,0,1,2,0.040977669000000001,0.029767999999999999,0,131031040,NA,NA,NA,NA,NA,NA,NA,NA,837856,318511,16385,4096,b4f737276339a7626b246c204b626e79f9d9ec0f1f160233a5aa1c27728af83f,1067,0,18,4
0,25,1,0,2,0.040797692000000003,0.025849,0.0036939999999999998,131076096,NA,NA,NA,NA,NA,NA,NA,NA,837856,318511,16385,4096,b4f737276339a7626b246c204b626e79f9d9ec0f1f160233a5aa1c27728af83f,1070,0,22,4
0,26,0,1,4,0.204654109,0.165212,0.013462999999999999,428556288,NA,NA,NA,NA,NA,NA,NA,NA,5833440,1882629,26625,512,0f41e20848de6408cce7b1c5f57f0212c9401233ca75c7b6652c8ea62bfcd43f,1240,0,79,8
0,26,1,0,4,0.198160372,0.15515599999999999,0.023615999999999998,428793856,NA,NA,NA,NA,NA,NA,NA,NA,5833440,1882629,26625,512,0f41e20848de6408cce7b1c5f57f0212c9401233ca75c7b6652c8ea62bfcd43f,797,0,174,5
0,26,0,1,0,0.019199504000000003,0.0041219999999999998,0.004117,55422976,NA,NA,NA,NA,NA,NA,NA,NA,2408,135,5,1,3d4d37e7dcef36139698862d60d536450dfb480779ac0676046a82e065e8af0f,1040,0,10,2
0,26,1,0,0,0.018131332,0.0075099999999999993,0,55570432,NA,NA,NA,NA,NA,NA,NA,NA,2408,135,5,1,3d4d37e7dcef36139698862d60d536450dfb480779ac0676046a82e065e8af0f,584,0,12,2
0,26,0,1,1,0.054962503000000003,0.037260999999999996,0.0061739999999999998,156348416,NA,NA,NA,NA,NA,NA,NA,NA,994016,407679,8197,1,76f10b65f44b546f736cef2848789238eb7a5f77ce08b564ccca55b5bdc08f36,1082,0,30,5
0,26,1,0,1,0.055458132,0.033579999999999999,0.010076999999999999,156655616,NA,NA,NA,NA,NA,NA,NA,NA,994016,407679,8197,1,76f10b65f44b546f736cef2848789238eb7a5f77ce08b564ccca55b5bdc08f36,640,0,17,3
0,26,0,0,5,0.43627278000000003,0.37620999999999999,0.040284,1023782912,NA,NA,NA,NA,NA,NA,NA,NA,11457352,5690734,153602,512,388033e7552b3b3255277a47381a62d5067155e67b74e663ad0ac019ed72fc50,1620,0,217,5
0,26,1,1,5,0.44428506200000001,0.34843799999999997,0.067002999999999993,1023696896,NA,NA,NA,NA,NA,NA,NA,NA,11457352,5690734,153602,512,388033e7552b3b3255277a47381a62d5067155e67b74e663ad0ac019ed72fc50,1584,0,189,7
0,26,0,1,3,0.059537665000000004,0.037686999999999998,0.010284999999999999,181329920,NA,NA,NA,NA,NA,NA,NA,NA,1968568,2240463,32773,1,c491f4791a93a71124b9219b05e718490cf6bd1c68b1ec8fc6a6550e31f844b1,1122,0,43,3
0,26,1,0,3,0.060544161000000006,0.042078999999999998,0.0064669999999999997,181288960,NA,NA,NA,NA,NA,NA,NA,NA,1968568,2240463,32773,1,c491f4791a93a71124b9219b05e718490cf6bd1c68b1ec8fc6a6550e31f844b1,1124,0,45,3
0,26,0,0,2,0.040923246000000003,0.026719999999999997,0.0029629999999999999,131289088,NA,NA,NA,NA,NA,NA,NA,NA,837856,318511,16385,4096,b4f737276339a7626b246c204b626e79f9d9ec0f1f160233a5aa1c27728af83f,1105,0,24,2
0,26,1,1,2,0.04105781,0.026498999999999998,0.003313,131334144,NA,NA,NA,NA,NA,NA,NA,NA,837856,318511,16385,4096,b4f737276339a7626b246c204b626e79f9d9ec0f1f160233a5aa1c27728af83f,622,0,24,4
0,27,0,0,1,0.055308171000000003,0.040113999999999997,0.0036509999999999997,156348416,NA,NA,NA,NA,NA,NA,NA,NA,994016,407679,8197,1,76f10b65f44b546f736cef2848789238eb7a5f77ce08b564ccca55b5bdc08f36,1080,0,29,4
0,27,1,1,1,0.05504618,0.034125999999999997,0.009306,156422144,NA,NA,NA,NA,NA,NA,NA,NA,994016,407679,8197,1,76f10b65f44b546f736cef2848789238eb7a5f77ce08b564ccca55b5bdc08f36,638,0,22,4
0,27,0,0,4,0.19770949600000001,0.148114,0.030284999999999999,428339200,NA,NA,NA,NA,NA,NA,NA,NA,5833440,1882629,26625,512,0f41e20848de6408cce7b1c5f57f0212c9401233ca75c7b6652c8ea62bfcd43f,1236,0,131,3
0,27,1,1,4,0.19737747500000002,0.155394,0.022654999999999998,428716032,NA,NA,NA,NA,NA,NA,NA,NA,5833440,1882629,26625,512,0f41e20848de6408cce7b1c5f57f0212c9401233ca75c7b6652c8ea62bfcd43f,795,0,168,7
0,27,0,0,0,0.019865331,0.0042649999999999997,0.0042589999999999998,55267328,NA,NA,NA,NA,NA,NA,NA,NA,2408,135,5,1,3d4d37e7dcef36139698862d60d536450dfb480779ac0676046a82e065e8af0f,1027,0,11,2
0,27,1,1,0,0.019784479000000001,0.0040460000000000001,0.0040379999999999999,55644160,NA,NA,NA,NA,NA,NA,NA,NA,2408,135,5,1,3d4d37e7dcef36139698862d60d536450dfb480779ac0676046a82e065e8af0f,588,0,10,4
0,27,0,0,3,0.059626733000000001,0.041921,0.0059889999999999995,181055488,NA,NA,NA,NA,NA,NA,NA,NA,1968568,2240463,32773,1,c491f4791a93a71124b9219b05e718490cf6bd1c68b1ec8fc6a6550e31f844b1,1120,0,33,3
0,27,1,1,3,0.060164640000000005,0.044785999999999999,0.003447,181125120,NA,NA,NA,NA,NA,NA,NA,NA,1968568,2240463,32773,1,c491f4791a93a71124b9219b05e718490cf6bd1c68b1ec8fc6a6550e31f844b1,1120,0,28,4
0,27,0,1,2,0.041313849999999999,0.029749999999999999,0,131223552,NA,NA,NA,NA,NA,NA,NA,NA,837856,318511,16385,4096,b4f737276339a7626b246c204b626e79f9d9ec0f1f160233a5aa1c27728af83f,1072,0,22,3
0,27,1,0,2,0.040862112000000006,0.016447,0.01315,131497984,NA,NA,NA,NA,NA,NA,NA,NA,837856,318511,16385,4096,b4f737276339a7626b246c204b626e79f9d9ec0f1f160233a5aa1c27728af83f,624,0,14,5
0,27,0,1,5,0.43600860500000005,0.37852999999999998,0.036846999999999998,1023504384,NA,NA,NA,NA,NA,NA,NA,NA,11457352,5690734,153602,512,388033e7552b3b3255277a47381a62d5067155e67b74e663ad0ac019ed72fc50,1578,0,104,5
0,27,1,0,5,0.44555134500000004,0.38318099999999999,0.033050999999999997,1024053248,NA,NA,NA,NA,NA,NA,NA,NA,11457352,5690734,153602,512,388033e7552b3b3255277a47381a62d5067155e67b74e663ad0ac019ed72fc50,1144,0,238,7
0,28,0,0,5,0.43543452900000001,0.37525399999999998,0.039835999999999996,1023492096,NA,NA,NA,NA,NA,NA,NA,NA,11457352,5690734,153602,512,388033e7552b3b3255277a47381a62d5067155e67b74e663ad0ac019ed72fc50,1582,0,98,3
0,28,1,1,5,0.43418733200000004,0.376774,0.036681999999999999,1023524864,NA,NA,NA,NA,NA,NA,NA,NA,11457352,5690734,153602,512,388033e7552b3b3255277a47381a62d5067155e67b74e663ad0ac019ed72fc50,1581,0,173,9
0,28,0,0,4,0.19975036900000001,0.15673099999999998,0.023351999999999998,428400640,NA,NA,NA,NA,NA,NA,NA,NA,5833440,1882629,26625,512,0f41e20848de6408cce7b1c5f57f0212c9401233ca75c7b6652c8ea62bfcd43f,1236,0,134,5
0,28,1,1,4,0.19811018700000002,0.151925,0.027002999999999999,428404736,NA,NA,NA,NA,NA,NA,NA,NA,5833440,1882629,26625,512,0f41e20848de6408cce7b1c5f57f0212c9401233ca75c7b6652c8ea62bfcd43f,1237,0,193,4
0,28,0,0,0,0.019114886000000001,0.0083369999999999989,0,55042048,NA,NA,NA,NA,NA,NA,NA,NA,2408,135,5,1,3d4d37e7dcef36139698862d60d536450dfb480779ac0676046a82e065e8af0f,1023,0,12,4
0,28,1,1,0,0.018611542000000002,0.0039849999999999998,0.003986,55287808,NA,NA,NA,NA,NA,NA,NA,NA,2408,135,5,1,3d4d37e7dcef36139698862d60d536450dfb480779ac0676046a82e065e8af0f,1027,0,13,3
0,28,0,1,1,0.055307910000000002,0.040296999999999999,0.0033549999999999999,156790784,NA,NA,NA,NA,NA,NA,NA,NA,994016,407679,8197,1,76f10b65f44b546f736cef2848789238eb7a5f77ce08b564ccca55b5bdc08f36,640,0,40,5
0,28,1,0,1,0.055954210000000004,0.037526999999999998,0.0068089999999999999,156368896,NA,NA,NA,NA,NA,NA,NA,NA,994016,407679,8197,1,76f10b65f44b546f736cef2848789238eb7a5f77ce08b564ccca55b5bdc08f36,1081,0,29,3
0,28,0,0,3,0.059593600000000004,0.044718000000000001,0.003444,181354496,NA,NA,NA,NA,NA,NA,NA,NA,1968568,2240463,32773,1,c491f4791a93a71124b9219b05e718490cf6bd1c68b1ec8fc6a6550e31f844b1,1123,0,55,5
0,28,1,1,3,0.060050806000000005,0.038415999999999999,0.0095929999999999991,181432320,NA,NA,NA,NA,NA,NA,NA,NA,1968568,2240463,32773,1,c491f4791a93a71124b9219b05e718490cf6bd1c68b1ec8fc6a6550e31f844b1,1124,0,67,5
0,28,0,0,2,0.041270067000000001,0.023803999999999999,0.0059519999999999998,130949120,NA,NA,NA,NA,NA,NA,NA,NA,837856,318511,16385,4096,b4f737276339a7626b246c204b626e79f9d9ec0f1f160233a5aa1c27728af83f,1068,0,27,4
0,28,1,1,2,0.041192962999999999,0.019902,0.0099609999999999994,131231744,NA,NA,NA,NA,NA,NA,NA,NA,837856,318511,16385,4096,b4f737276339a7626b246c204b626e79f9d9ec0f1f160233a5aa1c27728af83f,618,0,25,4
0,29,0,0,1,0.056732349000000001,0.037966,0.0069119999999999997,156356608,NA,NA,NA,NA,NA,NA,NA,NA,994016,407679,8197,1,76f10b65f44b546f736cef2848789238eb7a5f77ce08b564ccca55b5bdc08f36,1081,0,29,5
0,29,1,1,1,0.055325613000000003,0.033739999999999999,0.010106,156524544,NA,NA,NA,NA,NA,NA,NA,NA,994016,407679,8197,1,76f10b65f44b546f736cef2848789238eb7a5f77ce08b564ccca55b5bdc08f36,638,0,25,3
0,29,0,1,4,0.19774901,0.16147599999999998,0.016805999999999998,428494848,NA,NA,NA,NA,NA,NA,NA,NA,5833440,1882629,26625,512,0f41e20848de6408cce7b1c5f57f0212c9401233ca75c7b6652c8ea62bfcd43f,1239,0,125,6
0,29,1,0,4,0.19863167400000001,0.15939299999999998,0.019927999999999998,428433408,NA,NA,NA,NA,NA,NA,NA,NA,5833440,1882629,26625,512,0f41e20848de6408cce7b1c5f57f0212c9401233ca75c7b6652c8ea62bfcd43f,1242,0,153,4
0,29,0,1,3,0.059909481000000001,0.037871999999999996,0.010329,181764096,NA,NA,NA,NA,NA,NA,NA,NA,1968568,2240463,32773,1,c491f4791a93a71124b9219b05e718490cf6bd1c68b1ec8fc6a6550e31f844b1,686,0,38,5
0,29,1,0,3,0.059690452000000005,0.037814,0.010321,181235712,NA,NA,NA,NA,NA,NA,NA,NA,1968568,2240463,32773,1,c491f4791a93a71124b9219b05e718490cf6bd1c68b1ec8fc6a6550e31f844b1,1123,0,53,4
0,29,0,1,2,0.041200687,0.023271,0.0066409999999999993,131006464,NA,NA,NA,NA,NA,NA,NA,NA,837856,318511,16385,4096,b4f737276339a7626b246c204b626e79f9d9ec0f1f160233a5aa1c27728af83f,1068,0,23,3
0,29,1,0,2,0.040916424999999999,0.019810999999999999,0.0099109999999999997,131088384,NA,NA,NA,NA,NA,NA,NA,NA,837856,318511,16385,4096,b4f737276339a7626b246c204b626e79f9d9ec0f1f160233a5aa1c27728af83f,1068,0,22,3
0,29,0,1,5,0.43656587800000002,0.37896299999999999,0.036554999999999997,1023705088,NA,NA,NA,NA,NA,NA,NA,NA,11457352,5690734,153602,512,388033e7552b3b3255277a47381a62d5067155e67b74e663ad0ac019ed72fc50,1621,0,201,9
0,29,1,0,5,0.44263587200000004,0.366284,0.047044999999999997,1023574016,NA,NA,NA,NA,NA,NA,NA,NA,11457352,5690734,153602,512,388033e7552b3b3255277a47381a62d5067155e67b74e663ad0ac019ed72fc50,1582,0,44,4
0,29,0,1,0,0.018843858000000002,0.0054149999999999997,0.0027099999999999997,55255040,NA,NA,NA,NA,NA,NA,NA,NA,2408,135,5,1,3d4d37e7dcef36139698862d60d536450dfb480779ac0676046a82e065e8af0f,1027,0,12,2
0,29,1,0,0,0.019550762000000003,0.0041069999999999995,0.00413,55242752,NA,NA,NA,NA,NA,NA,NA,NA,2408,135,5,1,3d4d37e7dcef36139698862d60d536450dfb480779ac0676046a82e065e8af0f,1029,0,10,4
0,30,0,0,0,0.019032592000000001,0.0027049999999999999,0.005385,55271424,NA,NA,NA,NA,NA,NA,NA,NA,2408,135,5,1,3d4d37e7dcef36139698862d60d536450dfb480779ac0676046a82e065e8af0f,1026,0,9,3
0,30,1,1,0,0.019039905000000003,0.0052290000000000001,0.0026080000000000001,55250944,NA,NA,NA,NA,NA,NA,NA,NA,2408,135,5,1,3d4d37e7dcef36139698862d60d536450dfb480779ac0676046a82e065e8af0f,583,0,9,3
0,30,0,1,1,0.054968114000000005,0.029959,0.01332,156512256,NA,NA,NA,NA,NA,NA,NA,NA,994016,407679,8197,1,76f10b65f44b546f736cef2848789238eb7a5f77ce08b564ccca55b5bdc08f36,1081,0,41,5
0,30,1,0,1,0.055365518000000002,0.036801,0.0066949999999999996,156389376,NA,NA,NA,NA,NA,NA,NA,NA,994016,407679,8197,1,76f10b65f44b546f736cef2848789238eb7a5f77ce08b564ccca55b5bdc08f36,1083,0,44,3
0,30,0,0,3,0.059370322000000003,0.044696,0.0034219999999999997,181223424,NA,NA,NA,NA,NA,NA,NA,NA,1968568,2240463,32773,1,c491f4791a93a71124b9219b05e718490cf6bd1c68b1ec8fc6a6550e31f844b1,1121,0,59,3
0,30,1,1,3,0.059626381000000006,0.038446999999999995,0.0096150000000000003,181284864,NA,NA,NA,NA,NA,NA,NA,NA,1968568,2240463,32773,1,c491f4791a93a71124b9219b05e718490cf6bd1c68b1ec8fc6a6550e31f844b1,1125,0,35,4
0,30,0,1,2,0.041058681999999999,0.026365999999999997,0.0032959999999999999,131473408,NA,NA,NA,NA,NA,NA,NA,NA,837856,318511,16385,4096,b4f737276339a7626b246c204b626e79f9d9ec0f1f160233a5aa1c27728af83f,628,0,25,4
0,30,1,0,2,0.040909711000000001,0.019778,0.0098619999999999992,131080192,NA,NA,NA,NA,NA,NA,NA,NA,837856,318511,16385,4096,b4f737276339a7626b246c204b626e79f9d9ec0f1f160233a5aa1c27728af83f,1070,0,31,4
0,30,0,1,5,0.433736758,0.370726,0.043436999999999996,1023995904,NA,NA,NA,NA,NA,NA,NA,NA,11457352,5690734,153602,512,388033e7552b3b3255277a47381a62d5067155e67b74e663ad0ac019ed72fc50,1134,0,341,6
0,30,1,0,5,0.44255828600000002,0.38608499999999996,0.029953999999999998,1023672320,NA,NA,NA,NA,NA,NA,NA,NA,11457352,5690734,153602,512,388033e7552b3b3255277a47381a62d5067155e67b74e663ad0ac019ed72fc50,1584,0,161,7
0,30,0,0,4,0.19933329800000002,0.15713299999999999,0.022910999999999997,428679168,NA,NA,NA,NA,NA,NA,NA,NA,5833440,1882629,26625,512,0f41e20848de6408cce7b1c5f57f0212c9401233ca75c7b6652c8ea62bfcd43f,795,0,78,3
0,30,1,1,4,0.19805389200000001,0.15235699999999999,0.026501999999999998,428507136,NA,NA,NA,NA,NA,NA,NA,NA,5833440,1882629,26625,512,0f41e20848de6408cce7b1c5f57f0212c9401233ca75c7b6652c8ea62bfcd43f,795,0,133,4
0,31,0,1,4,0.19804381200000001,0.168629,0.010119999999999999,428371968,NA,NA,NA,NA,NA,NA,NA,NA,5833440,1882629,26625,512,0f41e20848de6408cce7b1c5f57f0212c9401233ca75c7b6652c8ea62bfcd43f,1235,0,176,5
0,31,1,0,4,0.19919856600000002,0.15306500000000001,0.026622,428351488,NA,NA,NA,NA,NA,NA,NA,NA,5833440,1882629,26625,512,0f41e20848de6408cce7b1c5f57f0212c9401233ca75c7b6652c8ea62bfcd43f,1276,0,150,6
0,31,0,1,3,0.060061877000000007,0.038557999999999995,0.0096499999999999989,181497856,NA,NA,NA,NA,NA,NA,NA,NA,1968568,2240463,32773,1,c491f4791a93a71124b9219b05e718490cf6bd1c68b1ec8fc6a6550e31f844b1,1152,0,49,3
0,31,1,0,3,0.060736252000000004,0.039118,0.0097710000000000002,181321728,NA,NA,NA,NA,NA,NA,NA,NA,1968568,2240463,32773,1,c491f4791a93a71124b9219b05e718490cf6bd1c68b1ec8fc6a6550e31f844b1,1123,0,54,3
0,31,0,1,0,0.018929859,0.0082979999999999998,0,55406592,NA,NA,NA,NA,NA,NA,NA,NA,2408,135,5,1,3d4d37e7dcef36139698862d60d536450dfb480779ac0676046a82e065e8af0f,1030,0,11,3
0,31,1,0,0,0.018954035000000001,0.0041050000000000001,0.0041059999999999994,55259136,NA,NA,NA,NA,NA,NA,NA,NA,2408,135,5,1,3d4d37e7dcef36139698862d60d536450dfb480779ac0676046a82e065e8af0f,1030,0,11,3
0,31,0,0,1,0.054894795000000003,0.039497999999999998,0.0035769999999999999,156590080,NA,NA,NA,NA,NA,NA,NA,NA,994016,407679,8197,1,76f10b65f44b546f736cef2848789238eb7a5f77ce08b564ccca55b5bdc08f36,633,0,17,6
0,31,1,1,1,0.055657635000000004,0.040764999999999996,0.0031289999999999998,156426240,NA,NA,NA,NA,NA,NA,NA,NA,994016,407679,8197,1,76f10b65f44b546f736cef2848789238eb7a5f77ce08b564ccca55b5bdc08f36,638,0,32,3
0,31,0,0,2,0.040758920000000004,0.020631,0.0088229999999999992,131256320,NA,NA,NA,NA,NA,NA,NA,NA,837856,318511,16385,4096,b4f737276339a7626b246c204b626e79f9d9ec0f1f160233a5aa1c27728af83f,1071,0,27,3
0,31,1,1,2,0.041201267999999999,0.024011999999999999,0.0059889999999999995,131088384,NA,NA,NA,NA,NA,NA,NA,NA,837856,318511,16385,4096,b4f737276339a7626b246c204b626e79f9d9ec0f1f160233a5aa1c27728af83f,1068,0,22,4
0,31,0,0,5,0.44748711000000002,0.376801,0.040371999999999998,1023811584,NA,NA,NA,NA,NA,NA,NA,NA,11457352,5690734,153602,512,388033e7552b3b3255277a47381a62d5067155e67b74e663ad0ac019ed72fc50,1137,0,68,5
0,31,1,1,5,0.43266170400000004,0.36344399999999999,0.049544999999999999,1023819776,NA,NA,NA,NA,NA,NA,NA,NA,11457352,5690734,153602,512,388033e7552b3b3255277a47381a62d5067155e67b74e663ad0ac019ed72fc50,1139,0,269,8
0,32,0,0,2,0.041212770000000003,0.016611999999999998,0.013292,131194880,NA,NA,NA,NA,NA,NA,NA,NA,837856,318511,16385,4096,b4f737276339a7626b246c204b626e79f9d9ec0f1f160233a5aa1c27728af83f,624,0,25,4
0,32,1,1,2,0.041051747,0.023186999999999999,0.0066179999999999998,131117056,NA,NA,NA,NA,NA,NA,NA,NA,837856,318511,16385,4096,b4f737276339a7626b246c204b626e79f9d9ec0f1f160233a5aa1c27728af83f,1071,0,34,4
0,32,0,1,1,0.055905319000000002,0.033952999999999997,0.010192,156471296,NA,NA,NA,NA,NA,NA,NA,NA,994016,407679,8197,1,76f10b65f44b546f736cef2848789238eb7a5f77ce08b564ccca55b5bdc08f36,1081,0,21,5
0,32,1,0,1,0.055468361000000001,0.031314999999999996,0.012527,156364800,NA,NA,NA,NA,NA,NA,NA,NA,994016,407679,8197,1,76f10b65f44b546f736cef2848789238eb7a5f77ce08b564ccca55b5bdc08f36,1088,0,36,3
0,32,0,0,5,0.43722054500000002,0.36960399999999999,0.047035999999999994,1023545344,NA,NA,NA,NA,NA,NA,NA,NA,11457352,5690734,153602,512,388033e7552b3b3255277a47381a62d5067155e67b74e663ad0ac019ed72fc50,1583,0,327,5
0,32,1,1,5,0.434463339,0.36706699999999998,0.046286999999999995,1023492096,NA,NA,NA,NA,NA,NA,NA,NA,11457352,5690734,153602,512,388033e7552b3b3255277a47381a62d5067155e67b74e663ad0ac019ed72fc50,1580,0,130,5
0,32,0,0,3,0.060577674000000005,0.048489999999999998,0,181452800,NA,NA,NA,NA,NA,NA,NA,NA,1968568,2240463,32773,1,c491f4791a93a71124b9219b05e718490cf6bd1c68b1ec8fc6a6550e31f844b1,1166,0,41,4
0,32,1,1,3,0.060136116000000003,0.045074999999999997,0.0032199999999999998,181256192,NA,NA,NA,NA,NA,NA,NA,NA,1968568,2240463,32773,1,c491f4791a93a71124b9219b05e718490cf6bd1c68b1ec8fc6a6550e31f844b1,1128,0,66,4
0,32,0,0,4,0.19905352400000001,0.16317599999999999,0.016652999999999998,428396544,NA,NA,NA,NA,NA,NA,NA,NA,5833440,1882629,26625,512,0f41e20848de6408cce7b1c5f57f0212c9401233ca75c7b6652c8ea62bfcd43f,1236,0,171,5
0,32,1,1,4,0.19847803600000002,0.15915499999999999,0.019896,428400640,NA,NA,NA,NA,NA,NA,NA,NA,5833440,1882629,26625,512,0f41e20848de6408cce7b1c5f57f0212c9401233ca75c7b6652c8ea62bfcd43f,1237,0,189,5
0,32,0,1,0,0.020084223000000002,0.002941,0.005901,55422976,NA,NA,NA,NA,NA,NA,NA,NA,2408,135,5,1,3d4d37e7dcef36139698862d60d536450dfb480779ac0676046a82e065e8af0f,1073,0,10,3
0,32,1,0,0,0.018422779,0.0075489999999999993,0,55627776,NA,NA,NA,NA,NA,NA,NA,NA,2408,135,5,1,3d4d37e7dcef36139698862d60d536450dfb480779ac0676046a82e065e8af0f,584,0,9,2
0,33,0,1,3,0.059903661000000004,0.041145000000000001,0.0068519999999999996,181366784,NA,NA,NA,NA,NA,NA,NA,NA,1968568,2240463,32773,1,c491f4791a93a71124b9219b05e718490cf6bd1c68b1ec8fc6a6550e31f844b1,1127,0,54,4
0,33,1,0,3,0.060118894000000006,0.037829999999999996,0.010317,181395456,NA,NA,NA,NA,NA,NA,NA,NA,1968568,2240463,32773,1,c491f4791a93a71124b9219b05e718490cf6bd1c68b1ec8fc6a6550e31f844b1,1143,0,36,4
0,33,0,1,2,0.044762349999999999,0.026012999999999998,0.0037209999999999999,131018752,NA,NA,NA,NA,NA,NA,NA,NA,837856,318511,16385,4096,b4f737276339a7626b246c204b626e79f9d9ec0f1f160233a5aa1c27728af83f,1069,0,22,3
0,33,1,0,2,0.040677286999999999,0.023001000000000001,0.0065779999999999996,131096576,NA,NA,NA,NA,NA,NA,NA,NA,837856,318511,16385,4096,b4f737276339a7626b246c204b626e79f9d9ec0f1f160233a5aa1c27728af83f,1074,0,21,3
0,33,0,1,5,0.43342974200000001,0.38044,0.033363999999999998,1023791104,NA,NA,NA,NA,NA,NA,NA,NA,11457352,5690734,153602,512,388033e7552b3b3255277a47381a62d5067155e67b74e663ad0ac019ed72fc50,1582,0,307,5
0,33,1,0,5,0.43597677400000001,0.35933399999999999,0.056551999999999998,1023766528,NA,NA,NA,NA,NA,NA,NA,NA,11457352,5690734,153602,512,388033e7552b3b3255277a47381a62d5067155e67b74e663ad0ac019ed72fc50,1139,0,165,9
0,33,0,1,4,0.19754102000000001,0.15819900000000001,0.019758999999999999,428818432,NA,NA,NA,NA,NA,NA,NA,NA,5833440,1882629,26625,512,0f41e20848de6408cce7b1c5f57f0212c9401233ca75c7b6652c8ea62bfcd43f,799,0,190,3
0,33,1,0,4,0.20391773800000002,0.16377899999999998,0.017063999999999999,428404736,NA,NA,NA,NA,NA,NA,NA,NA,5833440,1882629,26625,512,0f41e20848de6408cce7b1c5f57f0212c9401233ca75c7b6652c8ea62bfcd43f,1239,0,165,4
0,33,0,0,1,0.055283544000000004,0.033715000000000002,0.010106,156487680,NA,NA,NA,NA,NA,NA,NA,NA,994016,407679,8197,1,76f10b65f44b546f736cef2848789238eb7a5f77ce08b564ccca55b5bdc08f36,1085,0,25,3
0,33,1,1,1,0.055296599000000002,0.037100000000000001,0.0067539999999999996,156139520,NA,NA,NA,NA,NA,NA,NA,NA,994016,407679,8197,1,76f10b65f44b546f736cef2848789238eb7a5f77ce08b564ccca55b5bdc08f36,1080,0,23,4
0,33,0,0,0,0.018678919000000002,0.0040679999999999996,0.0040429999999999997,55242752,NA,NA,NA,NA,NA,NA,NA,NA,2408,135,5,1,3d4d37e7dcef36139698862d60d536450dfb480779ac0676046a82e065e8af0f,1027,0,12,3
0,33,1,1,0,0.017953530000000002,0.0049329999999999999,0.0024749999999999998,55451648,NA,NA,NA,NA,NA,NA,NA,NA,2408,135,5,1,3d4d37e7dcef36139698862d60d536450dfb480779ac0676046a82e065e8af0f,585,0,12,3
0,34,0,1,5,0.43465346500000002,0.36424299999999998,0.049664,1023721472,NA,NA,NA,NA,NA,NA,NA,NA,11457352,5690734,153602,512,388033e7552b3b3255277a47381a62d5067155e67b74e663ad0ac019ed72fc50,1584,0,161,9
0,34,1,0,5,0.45051028500000001,0.36935699999999999,0.046592999999999996,1023754240,NA,NA,NA,NA,NA,NA,NA,NA,11457352,5690734,153602,512,388033e7552b3b3255277a47381a62d5067155e67b74e663ad0ac019ed72fc50,1585,0,183,5
0,34,0,1,2,0.040580245000000001,0.029484999999999997,0,131141632,NA,NA,NA,NA,NA,NA,NA,NA,837856,318511,16385,4096,b4f737276339a7626b246c204b626e79f9d9ec0f1f160233a5aa1c27728af83f,1083,0,13,3
0,34,1,0,2,0.040521565000000002,0.019591000000000001,0.009809,131145728,NA,NA,NA,NA,NA,NA,NA,NA,837856,318511,16385,4096,b4f737276339a7626b246c204b626e79f9d9ec0f1f160233a5aa1c27728af83f,1080,0,27,4
0,34,0,0,3,0.059750163000000002,0.035226,0.012766999999999999,181604352,NA,NA,NA,NA,NA,NA,NA,NA,1968568,2240463,32773,1,c491f4791a93a71124b9219b05e718490cf6bd1c68b1ec8fc6a6550e31f844b1,674,0,46,6
0,34,1,1,3,0.059674962000000005,0.035271999999999998,0.012832,181325824,NA,NA,NA,NA,NA,NA,NA,NA,1968568,2240463,32773,1,c491f4791a93a71124b9219b05e718490cf6bd1c68b1ec8fc6a6550e31f844b1,1124,0,34,4
0,34,0,0,0,0.018606352,0.0026189999999999998,0.0052389999999999997,55525376,NA,NA,NA,NA,NA,NA,NA,NA,2408,135,5,1,3d4d37e7dcef36139698862d60d536450dfb480779ac0676046a82e065e8af0f,585,0,12,3
0,34,1,1,0,0.018325247000000003,0.0077779999999999993,0,55672832,NA,NA,NA,NA,NA,NA,NA,NA,2408,135,5,1,3d4d37e7dcef36139698862d60d536450dfb480779ac0676046a82e065e8af0f,587,0,12,3
0,34,0,0,4,0.19734394100000002,0.15435099999999999,0.023459999999999998,428720128,NA,NA,NA,NA,NA,NA,NA,NA,5833440,1882629,26625,512,0f41e20848de6408cce7b1c5f57f0212c9401233ca75c7b6652c8ea62bfcd43f,798,0,126,7
0,34,1,1,4,0.19852840100000002,0.14987699999999998,0.029321,428871680,NA,NA,NA,NA,NA,NA,NA,NA,5833440,1882629,26625,512,0f41e20848de6408cce7b1c5f57f0212c9401233ca75c7b6652c8ea62bfcd43f,796,0,147,4
0,34,0,1,1,0.054944137000000004,0.033450000000000001,0.010031999999999999,156553216,NA,NA,NA,NA,NA,NA,NA,NA,994016,407679,8197,1,76f10b65f44b546f736cef2848789238eb7a5f77ce08b564ccca55b5bdc08f36,632,0,20,4
0,34,1,0,1,0.055197844000000003,0.034266999999999999,0.0093279999999999995,156631040,NA,NA,NA,NA,NA,NA,NA,NA,994016,407679,8197,1,76f10b65f44b546f736cef2848789238eb7a5f77ce08b564ccca55b5bdc08f36,638,0,31,4
0,35,0,0,5,0.449464156,0.36229,0.053183999999999995,1023655936,NA,NA,NA,NA,NA,NA,NA,NA,11457352,5690734,153602,512,388033e7552b3b3255277a47381a62d5067155e67b74e663ad0ac019ed72fc50,1579,0,77,7
0,35,1,1,5,0.43626464400000003,0.35519599999999996,0.060315999999999995,1024110592,NA,NA,NA,NA,NA,NA,NA,NA,11457352,5690734,153602,512,388033e7552b3b3255277a47381a62d5067155e67b74e663ad0ac019ed72fc50,1144,0,183,5
0,35,0,0,1,0.055699293000000004,0.031652,0.012660999999999999,156717056,NA,NA,NA,NA,NA,NA,NA,NA,994016,407679,8197,1,76f10b65f44b546f736cef2848789238eb7a5f77ce08b564ccca55b5bdc08f36,638,0,21,4
0,35,1,1,1,0.054977701000000004,0.036726999999999996,0.0066819999999999996,156540928,NA,NA,NA,NA,NA,NA,NA,NA,994016,407679,8197,1,76f10b65f44b546f736cef2848789238eb7a5f77ce08b564ccca55b5bdc08f36,1084,0,37,4
0,35,0,1,0,0.018878432000000001,0.0040629999999999998,0.0040499999999999998,55382016,NA,NA,NA,NA,NA,NA,NA,NA,2408,135,5,1,3d4d37e7dcef36139698862d60d536450dfb480779ac0676046a82e065e8af0f,1031,0,13,3
0,35,1,0,0,0.019092774,0.0079939999999999994,0,55582720,NA,NA,NA,NA,NA,NA,NA,NA,2408,135,5,1,3d4d37e7dcef36139698862d60d536450dfb480779ac0676046a82e065e8af0f,583,0,10,3
0,35,0,1,4,0.197136904,0.15439700000000001,0.023481999999999999,428449792,NA,NA,NA,NA,NA,NA,NA,NA,5833440,1882629,26625,512,0f41e20848de6408cce7b1c5f57f0212c9401233ca75c7b6652c8ea62bfcd43f,1241,0,162,4
0,35,1,0,4,0.19838607300000002,0.15928,0.019903000000000001,428339200,NA,NA,NA,NA,NA,NA,NA,NA,5833440,1882629,26625,512,0f41e20848de6408cce7b1c5f57f0212c9401233ca75c7b6652c8ea62bfcd43f,1235,0,155,4
0,35,0,1,3,0.060580458000000004,0.035642,0.01295,181190656,NA,NA,NA,NA,NA,NA,NA,NA,1968568,2240463,32773,1,c491f4791a93a71124b9219b05e718490cf6bd1c68b1ec8fc6a6550e31f844b1,1121,0,38,3
0,35,1,0,3,0.059525763000000002,0.041146999999999996,0.0068629999999999993,181624832,NA,NA,NA,NA,NA,NA,NA,NA,1968568,2240463,32773,1,c491f4791a93a71124b9219b05e718490cf6bd1c68b1ec8fc6a6550e31f844b1,681,0,23,4
0,35,0,0,2,0.041072147000000003,0.019858000000000001,0.0099469999999999992,131112960,NA,NA,NA,NA,NA,NA,NA,NA,837856,318511,16385,4096,b4f737276339a7626b246c204b626e79f9d9ec0f1f160233a5aa1c27728af83f,1068,0,21,5
0,35,1,1,2,0.041384772,0.020201,0.010083999999999999,131092480,NA,NA,NA,NA,NA,NA,NA,NA,837856,318511,16385,4096,b4f737276339a7626b246c204b626e79f9d9ec0f1f160233a5aa1c27728af83f,1069,0,23,3
0,36,0,0,1,0.055411975000000002,0.037371000000000001,0.0067949999999999998,156413952,NA,NA,NA,NA,NA,NA,NA,NA,994016,407679,8197,1,76f10b65f44b546f736cef2848789238eb7a5f77ce08b564ccca55b5bdc08f36,1085,0,27,4
0,36,1,1,1,0.055039157000000005,0.033493999999999996,0.010055,156184576,NA,NA,NA,NA,NA,NA,NA,NA,994016,407679,8197,1,76f10b65f44b546f736cef2848789238eb7a5f77ce08b564ccca55b5bdc08f36,1077,0,21,4
0,36,0,1,5,0.43176353000000001,0.37107299999999999,0.040496999999999998,1023549440,NA,NA,NA,NA,NA,NA,NA,NA,11457352,5690734,153602,512,388033e7552b3b3255277a47381a62d5067155e67b74e663ad0ac019ed72fc50,1579,0,211,4
0,36,1,0,5,0.43637529000000003,0.36513599999999996,0.049804000000000001,1023893504,NA,NA,NA,NA,NA,NA,NA,NA,11457352,5690734,153602,512,388033e7552b3b3255277a47381a62d5067155e67b74e663ad0ac019ed72fc50,1141,0,123,7
0,36,0,1,4,0.19894541100000002,0.15966900000000001,0.019951999999999998,428630016,NA,NA,NA,NA,NA,NA,NA,NA,5833440,1882629,26625,512,0f41e20848de6408cce7b1c5f57f0212c9401233ca75c7b6652c8ea62bfcd43f,795,0,165,3
0,36,1,0,4,0.199026384,0.15983600000000001,0.019982,428388352,NA,NA,NA,NA,NA,NA,NA,NA,5833440,1882629,26625,512,0f41e20848de6408cce7b1c5f57f0212c9401233ca75c7b6652c8ea62bfcd43f,1238,0,144,5
0,36,0,1,2,0.040966097999999999,0.023203999999999999,0.0066339999999999993,131084288,NA,NA,NA,NA,NA,NA,NA,NA,837856,318511,16385,4096,b4f737276339a7626b246c204b626e79f9d9ec0f1f160233a5aa1c27728af83f,1068,0,22,1
0,36,1,0,2,0.040884324999999999,0.017836999999999999,0.011899999999999999,131133440,NA,NA,NA,NA,NA,NA,NA,NA,837856,318511,16385,4096,b4f737276339a7626b246c204b626e79f9d9ec0f1f160233a5aa1c27728af83f,1070,0,21,3
0,36,0,0,0,0.018794645000000002,0.0054779999999999994,0.0027389999999999997,55422976,NA,NA,NA,NA,NA,NA,NA,NA,2408,135,5,1,3d4d37e7dcef36139698862d60d536450dfb480779ac0676046a82e065e8af0f,1030,0,13,3
0,36,1,1,0,0.01844525,0.0025209999999999998,0.0050469999999999994,55242752,NA,NA,NA,NA,NA,NA,NA,NA,2408,135,5,1,3d4d37e7dcef36139698862d60d536450dfb480779ac0676046a82e065e8af0f,1028,0,12,3
0,36,0,1,3,0.060606537000000002,0.045501,0.0035039999999999997,181432320,NA,NA,NA,NA,NA,NA,NA,NA,1968568,2240463,32773,1,c491f4791a93a71124b9219b05e718490cf6bd1c68b1ec8fc6a6550e31f844b1,1126,0,37,5
0,36,1,0,3,0.060116589000000005,0.041777999999999996,0.0064359999999999999,181235712,NA,NA,NA,NA,NA,NA,NA,NA,1968568,2240463,32773,1,c491f4791a93a71124b9219b05e718490cf6bd1c68b1ec8fc6a6550e31f844b1,1123,0,35,5
0,37,0,0,3,0.060003839000000003,0.041394,0.006901,181354496,NA,NA,NA,NA,NA,NA,NA,NA,1968568,2240463,32773,1,c491f4791a93a71124b9219b05e718490cf6bd1c68b1ec8fc6a6550e31f844b1,1125,0,49,4
0,37,1,1,3,0.060044915000000004,0.037907999999999997,0.010340999999999999,181415936,NA,NA,NA,NA,NA,NA,NA,NA,1968568,2240463,32773,1,c491f4791a93a71124b9219b05e718490cf6bd1c68b1ec8fc6a6550e31f844b1,1124,0,34,5
0,37,0,1,1,0.055357323000000007,0.037106,0.0067419999999999997,156626944,NA,NA,NA,NA,NA,NA,NA,NA,994016,407679,8197,1,76f10b65f44b546f736cef2848789238eb7a5f77ce08b564ccca55b5bdc08f36,640,0,13,3
0,37,1,0,1,0.055456949000000005,0.031219,0.012480999999999999,156385280,NA,NA,NA,NA,NA,NA,NA,NA,994016,407679,8197,1,76f10b65f44b546f736cef2848789238eb7a5f77ce08b564ccca55b5bdc08f36,1080,0,44,5
0,37,0,0,5,0.43361976900000004,0.37270599999999998,0.039942999999999999,1024016384,NA,NA,NA,NA,NA,NA,NA,NA,11457352,5690734,153602,512,388033e7552b3b3255277a47381a62d5067155e67b74e663ad0ac019ed72fc50,1142,0,170,4
0,37,1,1,5,0.43443662800000005,0.36288899999999996,0.050416999999999997,1023565824,NA,NA,NA,NA,NA,NA,NA,NA,11457352,5690734,153602,512,388033e7552b3b3255277a47381a62d5067155e67b74e663ad0ac019ed72fc50,1583,0,179,8
0,37,0,0,2,0.040732109000000002,0.01967,0.009833999999999999,131297280,NA,NA,NA,NA,NA,NA,NA,NA,837856,318511,16385,4096,b4f737276339a7626b246c204b626e79f9d9ec0f1f160233a5aa1c27728af83f,1070,0,25,4
0,37,1,1,2,0.040884715000000002,0.019802,0.0098899999999999995,131284992,NA,NA,NA,NA,NA,NA,NA,NA,837856,318511,16385,4096,b4f737276339a7626b246c204b626e79f9d9ec0f1f160233a5aa1c27728af83f,626,0,18,4
0,37,0,1,0,0.018812218000000002,0.0054539999999999996,0.0027299999999999998,55267328,NA,NA,NA,NA,NA,NA,NA,NA,2408,135,5,1,3d4d37e7dcef36139698862d60d536450dfb480779ac0676046a82e065e8af0f,1027,0,12,3
0,37,1,0,0,0.019283881000000003,0.0082030000000000002,0,55324672,NA,NA,NA,NA,NA,NA,NA,NA,2408,135,5,1,3d4d37e7dcef36139698862d60d536450dfb480779ac0676046a82e065e8af0f,1029,0,11,3
0,37,0,0,4,0.19791688400000002,0.15848899999999999,0.020219999999999998,428298240,NA,NA,NA,NA,NA,NA,NA,NA,5833440,1882629,26625,512,0f41e20848de6408cce7b1c5f57f0212c9401233ca75c7b6652c8ea62bfcd43f,1237,0,137,4
0,37,1,1,4,0.19711145500000002,0.16117699999999999,0.016795000000000001,428208128,NA,NA,NA,NA,NA,NA,NA,NA,5833440,1882629,26625,512,0f41e20848de6408cce7b1c5f57f0212c9401233ca75c7b6652c8ea62bfcd43f,1236,0,165,5
0,38,0,0,3,0.059811779000000002,0.038578999999999995,0.0096469999999999993,181256192,NA,NA,NA,NA,NA,NA,NA,NA,1968568,2240463,32773,1,c491f4791a93a71124b9219b05e718490cf6bd1c68b1ec8fc6a6550e31f844b1,1122,0,50,4
0,38,1,1,3,0.059690451000000005,0.041234,0.0068739999999999999,181329920,NA,NA,NA,NA,NA,NA,NA,NA,1968568,2240463,32773,1,c491f4791a93a71124b9219b05e718490cf6bd1c68b1ec8fc6a6550e31f844b1,1126,0,47,4
0,38,0,1,0,0.018705267000000001,0.0040759999999999998,0.0040790000000000002,55242752,NA,NA,NA,NA,NA,NA,NA,NA,2408,135,5,1,3d4d37e7dcef36139698862d60d536450dfb480779ac0676046a82e065e8af0f,1028,0,11,3
0,38,1,0,0,0.018179923000000001,0.007443,0,55447552,NA,NA,NA,NA,NA,NA,NA,NA,2408,135,5,1,3d4d37e7dcef36139698862d60d536450dfb480779ac0676046a82e065e8af0f,585,0,10,4
0,38,0,0,2,0.040197077000000005,0.025391999999999998,0.003627,131178496,NA,NA,NA,NA,NA,NA,NA,NA,837856,318511,16385,4096,b4f737276339a7626b246c204b626e79f9d9ec0f1f160233a5aa1c27728af83f,1071,0,16,4
0,38,1,1,2,0.040722060000000004,0.029729999999999999,0,131538944,NA,NA,NA,NA,NA,NA,NA,NA,837856,318511,16385,4096,b4f737276339a7626b246c204b626e79f9d9ec0f1f160233a5aa1c27728af83f,625,0,35,5
0,38,0,0,5,0.44364388000000005,0.37447900000000001,0.040131,1023610880,NA,NA,NA,NA,NA,NA,NA,NA,11457352,5690734,153602,512,388033e7552b3b3255277a47381a62d5067155e67b74e663ad0ac019ed72fc50,1583,0,203,8
0,38,1,1,5,0.43491678800000005,0.37115499999999996,0.043088000000000001,1023746048,NA,NA,NA,NA,NA,NA,NA,NA,11457352,5690734,153602,512,388033e7552b3b3255277a47381a62d5067155e67b74e663ad0ac019ed72fc50,1138,0,140,4
0,38,0,0,1,0.055763083000000005,0.034577999999999998,0.0094310000000000001,156393472,NA,NA,NA,NA,NA,NA,NA,NA,994016,407679,8197,1,76f10b65f44b546f736cef2848789238eb7a5f77ce08b564ccca55b5bdc08f36,1084,0,35,4
0,38,1,1,1,0.055224985000000004,0.025054999999999997,0.018773999999999999,156446720,NA,NA,NA,NA,NA,NA,NA,NA,994016,407679,8197,1,76f10b65f44b546f736cef2848789238eb7a5f77ce08b564ccca55b5bdc08f36,1083,0,17,2
0,38,0,1,4,0.19726207700000001,0.15853,0.019785000000000001,428601344,NA,NA,NA,NA,NA,NA,NA,NA,5833440,1882629,26625,512,0f41e20848de6408cce7b1c5f57f0212c9401233ca75c7b6652c8ea62bfcd43f,794,0,141,5
0,38,1,0,4,0.19829828900000002,0.15882099999999999,0.020274,428597248,NA,NA,NA,NA,NA,NA,NA,NA,5833440,1882629,26625,512,0f41e20848de6408cce7b1c5f57f0212c9401233ca75c7b6652c8ea62bfcd43f,789,0,138,5
0,39,0,1,3,0.060266771000000004,0.045359999999999998,0.0034919999999999999,181231616,NA,NA,NA,NA,NA,NA,NA,NA,1968568,2240463,32773,1,c491f4791a93a71124b9219b05e718490cf6bd1c68b1ec8fc6a6550e31f844b1,1121,0,61,4
0,39,1,0,3,0.060192312000000005,0.045297999999999998,0.0032369999999999999,181571584,NA,NA,NA,NA,NA,NA,NA,NA,1968568,2240463,32773,1,c491f4791a93a71124b9219b05e718490cf6bd1c68b1ec8fc6a6550e31f844b1,678,0,39,5
0,39,0,1,5,0.44172737000000001,0.363367,0.049564999999999998,1023864832,NA,NA,NA,NA,NA,NA,NA,NA,11457352,5690734,153602,512,388033e7552b3b3255277a47381a62d5067155e67b74e663ad0ac019ed72fc50,1584,0,167,6
0,39,1,0,5,0.43623620100000005,0.362066,0.053643999999999997,1023520768,NA,NA,NA,NA,NA,NA,NA,NA,11457352,5690734,153602,512,388033e7552b3b3255277a47381a62d5067155e67b74e663ad0ac019ed72fc50,1579,0,190,6
0,39,0,0,0,0.019110417000000001,0.005561,0.0027819999999999998,55349248,NA,NA,NA,NA,NA,NA,NA,NA,2408,135,5,1,3d4d37e7dcef36139698862d60d536450dfb480779ac0676046a82e065e8af0f,1030,0,11,3
0,39,1,1,0,0.018742327,0.0052789999999999998,0.002647,55541760,NA,NA,NA,NA,NA,NA,NA,NA,2408,135,5,1,3d4d37e7dcef36139698862d60d536450dfb480779ac0676046a82e065e8af0f,587,0,10,3
0,39,0,0,4,0.19921687100000002,0.16561899999999999,0.013524999999999999,428503040,NA,NA,NA,NA,NA,NA,NA,NA,5833440,1882629,26625,512,0f41e20848de6408cce7b1c5f57f0212c9401233ca75c7b6652c8ea62bfcd43f,1237,0,32,5
0,39,1,1,4,0.19679755600000001,0.16409899999999999,0.013401999999999999,428498944,NA,NA,NA,NA,NA,NA,NA,NA,5833440,1882629,26625,512,0f41e20848de6408cce7b1c5f57f0212c9401233ca75c7b6652c8ea62bfcd43f,1237,0,195,5
0,39,0,1,2,0.040903671000000003,0.025946999999999998,0.0037059999999999997,131551232,NA,NA,NA,NA,NA,NA,NA,NA,837856,318511,16385,4096,b4f737276339a7626b246c204b626e79f9d9ec0f1f160233a5aa1c27728af83f,630,0,33,2
0,39,1,0,2,0.040707504000000005,0.029454999999999999,0,131612672,NA,NA,NA,NA,NA,NA,NA,NA,837856,318511,16385,4096,b4f737276339a7626b246c204b626e79f9d9ec0f1f160233a5aa1c27728af83f,632,0,29,2
0,39,0,1,1,0.055342795,0.031177999999999997,0.012478,156282880,NA,NA,NA,NA,NA,NA,NA,NA,994016,407679,8197,1,76f10b65f44b546f736cef2848789238eb7a5f77ce08b564ccca55b5bdc08f36,1081,0,45,3
0,39,1,0,1,0.055164731000000002,0.040187,0.0033499999999999997,156356608,NA,NA,NA,NA,NA,NA,NA,NA,994016,407679,8197,1,76f10b65f44b546f736cef2848789238eb7a5f77ce08b564ccca55b5bdc08f36,1081,0,41,3
1,0,0,0,4,0.19938566600000002,0.15281400000000001,0.027167999999999998,428290048,NA,NA,NA,NA,NA,NA,NA,NA,5833440,1882629,26625,512,0f41e20848de6408cce7b1c5f57f0212c9401233ca75c7b6652c8ea62bfcd43f,1237,0,172,5
1,0,1,1,4,0.19894588200000002,0.15694,0.022897999999999998,428232704,NA,NA,NA,NA,NA,NA,NA,NA,5833440,1882629,26625,512,0f41e20848de6408cce7b1c5f57f0212c9401233ca75c7b6652c8ea62bfcd43f,1237,0,160,3
1,0,0,1,0,0.019289302000000001,0.0042680000000000001,0.0042750000000000002,55341056,NA,NA,NA,NA,NA,NA,NA,NA,2408,135,5,1,3d4d37e7dcef36139698862d60d536450dfb480779ac0676046a82e065e8af0f,585,0,11,3
1,0,1,0,0,0.019416691,0.007901,0,55414784,NA,NA,NA,NA,NA,NA,NA,NA,2408,135,5,1,3d4d37e7dcef36139698862d60d536450dfb480779ac0676046a82e065e8af0f,1063,0,12,2
1,0,0,0,5,0.44513380100000005,0.372587,0.040258999999999996,1023864832,NA,NA,NA,NA,NA,NA,NA,NA,11457352,5690734,153602,512,388033e7552b3b3255277a47381a62d5067155e67b74e663ad0ac019ed72fc50,1140,0,187,9
1,0,1,1,5,0.43339175100000005,0.35949899999999996,0.052786,1023832064,NA,NA,NA,NA,NA,NA,NA,NA,11457352,5690734,153602,512,388033e7552b3b3255277a47381a62d5067155e67b74e663ad0ac019ed72fc50,1586,0,220,6
1,0,0,1,3,0.059129581000000001,0.034077999999999997,0.013609999999999999,181628928,NA,NA,NA,NA,NA,NA,NA,NA,1968568,2240463,32773,1,c491f4791a93a71124b9219b05e718490cf6bd1c68b1ec8fc6a6550e31f844b1,684,0,65,4
1,0,1,0,3,0.059924430000000001,0.044767000000000001,0.0034459999999999998,181256192,NA,NA,NA,NA,NA,NA,NA,NA,1968568,2240463,32773,1,c491f4791a93a71124b9219b05e718490cf6bd1c68b1ec8fc6a6550e31f844b1,1122,0,31,4
1,0,0,0,2,0.040943907000000002,0.022421,0.007476,131575808,NA,NA,NA,NA,NA,NA,NA,NA,837856,318511,16385,4096,b4f737276339a7626b246c204b626e79f9d9ec0f1f160233a5aa1c27728af83f,630,0,35,2
1,0,1,1,2,0.040538127,0.022872,0.0065449999999999996,131031040,NA,NA,NA,NA,NA,NA,NA,NA,837856,318511,16385,4096,b4f737276339a7626b246c204b626e79f9d9ec0f1f160233a5aa1c27728af83f,1066,0,25,4
1,0,0,0,1,0.056072842000000005,0.034814999999999999,0.0095059999999999988,156274688,NA,NA,NA,NA,NA,NA,NA,NA,994016,407679,8197,1,76f10b65f44b546f736cef2848789238eb7a5f77ce08b564ccca55b5bdc08f36,1083,0,25,4
1,0,1,1,1,0.055531258,0.040311,0.003666,156479488,NA,NA,NA,NA,NA,NA,NA,NA,994016,407679,8197,1,76f10b65f44b546f736cef2848789238eb7a5f77ce08b564ccca55b5bdc08f36,1080,0,27,4
1,1,0,1,1,0.056134649000000002,0.037829999999999996,0.006881,156385280,NA,NA,NA,NA,NA,NA,NA,NA,994016,407679,8197,1,76f10b65f44b546f736cef2848789238eb7a5f77ce08b564ccca55b5bdc08f36,1082,0,26,5
1,1,1,0,1,0.055867008000000003,0.044076999999999998,0,156377088,NA,NA,NA,NA,NA,NA,NA,NA,994016,407679,8197,1,76f10b65f44b546f736cef2848789238eb7a5f77ce08b564ccca55b5bdc08f36,1084,0,36,4
1,1,0,1,2,0.040929479000000005,0.023127999999999999,0.006607,131473408,NA,NA,NA,NA,NA,NA,NA,NA,837856,318511,16385,4096,b4f737276339a7626b246c204b626e79f9d9ec0f1f160233a5aa1c27728af83f,629,0,30,2
1,1,1,0,2,0.040676343000000004,0.025897,0.003705,131092480,NA,NA,NA,NA,NA,NA,NA,NA,837856,318511,16385,4096,b4f737276339a7626b246c204b626e79f9d9ec0f1f160233a5aa1c27728af83f,1070,0,21,4
1,1,0,0,3,0.059731838000000002,0.044624999999999998,0.0034289999999999998,181137408,NA,NA,NA,NA,NA,NA,NA,NA,1968568,2240463,32773,1,c491f4791a93a71124b9219b05e718490cf6bd1c68b1ec8fc6a6550e31f844b1,1120,0,36,3
1,1,1,1,3,0.059861422000000004,0.044859999999999997,0.0034519999999999998,181252096,NA,NA,NA,NA,NA,NA,NA,NA,1968568,2240463,32773,1,c491f4791a93a71124b9219b05e718490cf6bd1c68b1ec8fc6a6550e31f844b1,1124,0,31,4
1,1,0,0,0,0.018796338000000003,0.0053330000000000001,0.002666,55308288,NA,NA,NA,NA,NA,NA,NA,NA,2408,135,5,1,3d4d37e7dcef36139698862d60d536450dfb480779ac0676046a82e065e8af0f,582,0,11,3
1,1,1,1,0,0.017918885000000002,0.0036849999999999999,0.0036979999999999999,55517184,NA,NA,NA,NA,NA,NA,NA,NA,2408,135,5,1,3d4d37e7dcef36139698862d60d536450dfb480779ac0676046a82e065e8af0f,578,0,12,4
1,1,0,1,4,0.19702580500000003,0.167854,0.010074999999999999,428658688,NA,NA,NA,NA,NA,NA,NA,NA,5833440,1882629,26625,512,0f41e20848de6408cce7b1c5f57f0212c9401233ca75c7b6652c8ea62bfcd43f,796,0,99,5
1,1,1,0,4,0.199606009,0.150367,0.030078999999999998,428429312,NA,NA,NA,NA,NA,NA,NA,NA,5833440,1882629,26625,512,0f41e20848de6408cce7b1c5f57f0212c9401233ca75c7b6652c8ea62bfcd43f,1239,0,181,5
1,1,0,1,5,0.44022171800000004,0.37479499999999999,0.040162999999999997,1023389696,NA,NA,NA,NA,NA,NA,NA,NA,11457352,5690734,153602,512,388033e7552b3b3255277a47381a62d5067155e67b74e663ad0ac019ed72fc50,1580,0,149,7
1,1,1,0,5,0.45219601400000003,0.373998,0.043039000000000001,1023836160,NA,NA,NA,NA,NA,NA,NA,NA,11457352,5690734,153602,512,388033e7552b3b3255277a47381a62d5067155e67b74e663ad0ac019ed72fc50,1140,0,81,7
1,2,0,1,1,0.060744167000000002,0.034410999999999997,0.0093869999999999995,156295168,NA,NA,NA,NA,NA,NA,NA,NA,994016,407679,8197,1,76f10b65f44b546f736cef2848789238eb7a5f77ce08b564ccca55b5bdc08f36,1082,0,37,3
1,2,1,0,1,0.065638496000000005,0.034071999999999998,0.010220999999999999,156393472,NA,NA,NA,NA,NA,NA,NA,NA,994016,407679,8197,1,76f10b65f44b546f736cef2848789238eb7a5f77ce08b564ccca55b5bdc08f36,1083,0,25,2
1,2,0,0,4,0.197806337,0.154748,0.023542,428507136,NA,NA,NA,NA,NA,NA,NA,NA,5833440,1882629,26625,512,0f41e20848de6408cce7b1c5f57f0212c9401233ca75c7b6652c8ea62bfcd43f,1241,0,66,6
1,2,1,1,4,0.20320138600000001,0.15221899999999999,0.026459,428818432,NA,NA,NA,NA,NA,NA,NA,NA,5833440,1882629,26625,512,0f41e20848de6408cce7b1c5f57f0212c9401233ca75c7b6652c8ea62bfcd43f,796,0,155,5
1,2,0,0,3,0.066162728000000004,0.039345999999999999,0.0090840000000000001,181628928,NA,NA,NA,NA,NA,NA,NA,NA,1968568,2240463,32773,1,c491f4791a93a71124b9219b05e718490cf6bd1c68b1ec8fc6a6550e31f844b1,681,0,31,4
1,2,1,1,3,0.059498882000000003,0.040828999999999997,0.0068059999999999996,181366784,NA,NA,NA,NA,NA,NA,NA,NA,1968568,2240463,32773,1,c491f4791a93a71124b9219b05e718490cf6bd1c68b1ec8fc6a6550e31f844b1,677,0,37,4
1,2,0,0,5,0.43544034000000004,0.377581,0.037097999999999999,1023664128,NA,NA,NA,NA,NA,NA,NA,NA,11457352,5690734,153602,512,388033e7552b3b3255277a47381a62d5067155e67b74e663ad0ac019ed72fc50,1581,0,180,6
1,2,1,1,5,0.43800846000000004,0.37795000000000001,0.039438999999999995,1023852544,NA,NA,NA,NA,NA,NA,NA,NA,11457352,5690734,153602,512,388033e7552b3b3255277a47381a62d5067155e67b74e663ad0ac019ed72fc50,1133,0,192,8
1,2,0,1,2,0.040947833000000003,0.023216999999999998,0.0066339999999999993,130940928,NA,NA,NA,NA,NA,NA,NA,NA,837856,318511,16385,4096,b4f737276339a7626b246c204b626e79f9d9ec0f1f160233a5aa1c27728af83f,1076,0,23,4
1,2,1,0,2,0.041166875000000006,0.023310999999999998,0.0066489999999999995,130936832,NA,NA,NA,NA,NA,NA,NA,NA,837856,318511,16385,4096,b4f737276339a7626b246c204b626e79f9d9ec0f1f160233a5aa1c27728af83f,1067,0,30,3
1,2,0,0,0,0.018823118,0.008232999999999999,0,55246848,NA,NA,NA,NA,NA,NA,NA,NA,2408,135,5,1,3d4d37e7dcef36139698862d60d536450dfb480779ac0676046a82e065e8af0f,1027,0,11,4
1,2,1,1,0,0.018077822,0.0037889999999999998,0.0037909999999999997,55545856,NA,NA,NA,NA,NA,NA,NA,NA,2408,135,5,1,3d4d37e7dcef36139698862d60d536450dfb480779ac0676046a82e065e8af0f,586,0,12,3
1,3,0,0,2,0.040711200000000003,0.025915000000000001,0.0036709999999999998,131084288,NA,NA,NA,NA,NA,NA,NA,NA,837856,318511,16385,4096,b4f737276339a7626b246c204b626e79f9d9ec0f1f160233a5aa1c27728af83f,1070,0,20,5
1,3,1,1,2,0.040827428000000006,0.022237999999999997,0.0074009999999999996,131051520,NA,NA,NA,NA,NA,NA,NA,NA,837856,318511,16385,4096,b4f737276339a7626b246c204b626e79f9d9ec0f1f160233a5aa1c27728af83f,1068,0,33,5
1,3,0,1,3,0.063603904000000003,0.041065999999999998,0.0068539999999999998,181198848,NA,NA,NA,NA,NA,NA,NA,NA,1968568,2240463,32773,1,c491f4791a93a71124b9219b05e718490cf6bd1c68b1ec8fc6a6550e31f844b1,1123,0,38,6
1,3,1,0,3,0.060243517000000003,0.038786000000000001,0.0097000000000000003,181215232,NA,NA,NA,NA,NA,NA,NA,NA,1968568,2240463,32773,1,c491f4791a93a71124b9219b05e718490cf6bd1c68b1ec8fc6a6550e31f844b1,1120,0,41,4
1,3,0,1,0,0.018757625999999999,0.0039959999999999996,0.0039969999999999997,55656448,NA,NA,NA,NA,NA,NA,NA,NA,2408,135,5,1,3d4d37e7dcef36139698862d60d536450dfb480779ac0676046a82e065e8af0f,587,0,12,3
1,3,1,0,0,0.018392472,0.0039099999999999994,0.0038959999999999997,55308288,NA,NA,NA,NA,NA,NA,NA,NA,2408,135,5,1,3d4d37e7dcef36139698862d60d536450dfb480779ac0676046a82e065e8af0f,1029,0,12,3
1,3,0,1,5,0.43446311700000001,0.36776899999999996,0.046827000000000001,1023750144,NA,NA,NA,NA,NA,NA,NA,NA,11457352,5690734,153602,512,388033e7552b3b3255277a47381a62d5067155e67b74e663ad0ac019ed72fc50,1140,0,278,8
1,3,1,0,5,0.43877769100000003,0.377722,0.040114999999999998,1023799296,NA,NA,NA,NA,NA,NA,NA,NA,11457352,5690734,153602,512,388033e7552b3b3255277a47381a62d5067155e67b74e663ad0ac019ed72fc50,1584,0,226,5
1,3,0,1,4,0.19862216500000002,0.14010999999999998,0.039094999999999998,428732416,NA,NA,NA,NA,NA,NA,NA,NA,5833440,1882629,26625,512,0f41e20848de6408cce7b1c5f57f0212c9401233ca75c7b6652c8ea62bfcd43f,794,0,106,4
1,3,1,0,4,0.19946055800000001,0.16656799999999999,0.01358,428376064,NA,NA,NA,NA,NA,NA,NA,NA,5833440,1882629,26625,512,0f41e20848de6408cce7b1c5f57f0212c9401233ca75c7b6652c8ea62bfcd43f,1237,0,183,6
1,3,0,0,1,0.055278103000000002,0.040686,0.00313,156504064,NA,NA,NA,NA,NA,NA,NA,NA,994016,407679,8197,1,76f10b65f44b546f736cef2848789238eb7a5f77ce08b564ccca55b5bdc08f36,1103,0,28,3
1,3,1,1,1,0.056330235000000006,0.028839,0.016021000000000001,156196864,NA,NA,NA,NA,NA,NA,NA,NA,994016,407679,8197,1,76f10b65f44b546f736cef2848789238eb7a5f77ce08b564ccca55b5bdc08f36,1077,0,23,4
1,4,0,0,3,0.059465049000000006,0.034161999999999998,0.013653999999999999,181706752,NA,NA,NA,NA,NA,NA,NA,NA,1968568,2240463,32773,1,c491f4791a93a71124b9219b05e718490cf6bd1c68b1ec8fc6a6550e31f844b1,685,0,41,3
1,4,1,1,3,0.060006915000000001,0.035525000000000001,0.012917,181288960,NA,NA,NA,NA,NA,NA,NA,NA,1968568,2240463,32773,1,c491f4791a93a71124b9219b05e718490cf6bd1c68b1ec8fc6a6550e31f844b1,1122,0,27,4
1,4,0,1,0,0.018843617,0.0039849999999999998,0.0039849999999999998,55566336,NA,NA,NA,NA,NA,NA,NA,NA,2408,135,5,1,3d4d37e7dcef36139698862d60d536450dfb480779ac0676046a82e065e8af0f,585,0,12,3
1,4,1,0,0,0.018440752000000001,0.0077129999999999994,0,55058432,NA,NA,NA,NA,NA,NA,NA,NA,2408,135,5,1,3d4d37e7dcef36139698862d60d536450dfb480779ac0676046a82e065e8af0f,1027,0,11,3
1,4,0,1,4,0.20793398300000002,0.167572,0.010260999999999999,428556288,NA,NA,NA,NA,NA,NA,NA,NA,5833440,1882629,26625,512,0f41e20848de6408cce7b1c5f57f0212c9401233ca75c7b6652c8ea62bfcd43f,788,0,169,8
1,4,1,0,4,0.19850708,0.149733,0.029288999999999999,428457984,NA,NA,NA,NA,NA,NA,NA,NA,5833440,1882629,26625,512,0f41e20848de6408cce7b1c5f57f0212c9401233ca75c7b6652c8ea62bfcd43f,1242,0,143,4
1,4,0,0,5,0.43552529900000003,0.37185999999999997,0.043568999999999997,1023819776,NA,NA,NA,NA,NA,NA,NA,NA,11457352,5690734,153602,512,388033e7552b3b3255277a47381a62d5067155e67b74e663ad0ac019ed72fc50,1136,0,235,7
1,4,1,1,5,0.43768367200000002,0.37091199999999996,0.045929999999999999,1023553536,NA,NA,NA,NA,NA,NA,NA,NA,11457352,5690734,153602,512,388033e7552b3b3255277a47381a62d5067155e67b74e663ad0ac019ed72fc50,1583,0,238,6
1,4,0,1,2,0.041211306000000003,0.020972999999999999,0.0089969999999999998,131383296,NA,NA,NA,NA,NA,NA,NA,NA,837856,318511,16385,4096,b4f737276339a7626b246c204b626e79f9d9ec0f1f160233a5aa1c27728af83f,627,0,22,5
1,4,1,0,2,0.040649635000000003,0.02291,0.0065409999999999999,131026944,NA,NA,NA,NA,NA,NA,NA,NA,837856,318511,16385,4096,b4f737276339a7626b246c204b626e79f9d9ec0f1f160233a5aa1c27728af83f,1067,0,22,3
1,4,0,1,1,0.055000835000000005,0.039764000000000001,0.00362,156491776,NA,NA,NA,NA,NA,NA,NA,NA,994016,407679,8197,1,76f10b65f44b546f736cef2848789238eb7a5f77ce08b564ccca55b5bdc08f36,638,0,21,3
1,4,1,0,1,0.055532971,0.033820999999999997,0.010152999999999999,156680192,NA,NA,NA,NA,NA,NA,NA,NA,994016,407679,8197,1,76f10b65f44b546f736cef2848789238eb7a5f77ce08b564ccca55b5bdc08f36,639,0,20,3
1,5,0,0,1,0.056047165000000003,0.037475999999999995,0.0068249999999999995,156364800,NA,NA,NA,NA,NA,NA,NA,NA,994016,407679,8197,1,76f10b65f44b546f736cef2848789238eb7a5f77ce08b564ccca55b5bdc08f36,1081,0,36,5
1,5,1,1,1,0.055450617000000001,0.037072000000000001,0.0067329999999999994,156450816,NA,NA,NA,NA,NA,NA,NA,NA,994016,407679,8197,1,76f10b65f44b546f736cef2848789238eb7a5f77ce08b564ccca55b5bdc08f36,1082,0,19,4
1,5,0,0,2,0.040594852000000001,0.025800999999999998,0.0036899999999999997,131088384,NA,NA,NA,NA,NA,NA,NA,NA,837856,318511,16385,4096,b4f737276339a7626b246c204b626e79f9d9ec0f1f160233a5aa1c27728af83f,1069,0,36,3
1,5,1,1,2,0.041244148000000001,0.019935999999999999,0.0099819999999999996,131186688,NA,NA,NA,NA,NA,NA,NA,NA,837856,318511,16385,4096,b4f737276339a7626b246c204b626e79f9d9ec0f1f160233a5aa1c27728af83f,1068,0,31,3
1,5,0,1,3,0.064381561000000004,0.028666999999999998,0.019129,181596160,NA,NA,NA,NA,NA,NA,NA,NA,1968568,2240463,32773,1,c491f4791a93a71124b9219b05e718490cf6bd1c68b1ec8fc6a6550e31f844b1,675,0,34,3
1,5,1,0,3,0.059931212000000005,0.037732000000000002,0.010298999999999999,181538816,NA,NA,NA,NA,NA,NA,NA,NA,1968568,2240463,32773,1,c491f4791a93a71124b9219b05e718490cf6bd1c68b1ec8fc6a6550e31f844b1,682,0,38,3
1,5,0,1,5,0.43369481900000001,0.36933899999999997,0.043249999999999997,1023901696,NA,NA,NA,NA,NA,NA,NA,NA,11457352,5690734,153602,512,388033e7552b3b3255277a47381a62d5067155e67b74e663ad0ac019ed72fc50,1626,0,192,7
1,5,1,0,5,0.43642925200000005,0.36276799999999998,0.052774999999999996,1023623168,NA,NA,NA,NA,NA,NA,NA,NA,11457352,5690734,153602,512,388033e7552b3b3255277a47381a62d5067155e67b74e663ad0ac019ed72fc50,1583,0,222,6
1,5,0,0,4,0.19913890400000001,0.16264199999999998,0.016947,428630016,NA,NA,NA,NA,NA,NA,NA,NA,5833440,1882629,26625,512,0f41e20848de6408cce7b1c5f57f0212c9401233ca75c7b6652c8ea62bfcd43f,795,0,175,3
1,5,1,1,4,0.19889884400000002,0.169568,0.010173,428322816,NA,NA,NA,NA,NA,NA,NA,NA,5833440,1882629,26625,512,0f41e20848de6408cce7b1c5f57f0212c9401233ca75c7b6652c8ea62bfcd43f,1238,0,153,4
1,5,0,0,0,0.019015779999999999,0.0041580000000000002,0.0041580000000000002,55271424,NA,NA,NA,NA,NA,NA,NA,NA,2408,135,5,1,3d4d37e7dcef36139698862d60d536450dfb480779ac0676046a82e065e8af0f,1028,0,12,2
1,5,1,1,0,0.019138689,0.0081269999999999988,0,55283712,NA,NA,NA,NA,NA,NA,NA,NA,2408,135,5,1,3d4d37e7dcef36139698862d60d536450dfb480779ac0676046a82e065e8af0f,1028,0,11,3
1,6,0,0,3,0.060177664000000006,0.041812999999999996,0.0064279999999999997,181239808,NA,NA,NA,NA,NA,NA,NA,NA,1968568,2240463,32773,1,c491f4791a93a71124b9219b05e718490cf6bd1c68b1ec8fc6a6550e31f844b1,1123,0,60,4
1,6,1,1,3,0.060151395000000003,0.034755000000000001,0.013897,181264384,NA,NA,NA,NA,NA,NA,NA,NA,1968568,2240463,32773,1,c491f4791a93a71124b9219b05e718490cf6bd1c68b1ec8fc6a6550e31f844b1,1125,0,46,2
1,6,0,1,0,0.019157615000000003,0.0082139999999999991,0,55558144,NA,NA,NA,NA,NA,NA,NA,NA,2408,135,5,1,3d4d37e7dcef36139698862d60d536450dfb480779ac0676046a82e065e8af0f,584,0,10,3
1,6,1,0,0,0.019599414000000003,0.0083499999999999998,0,55394304,NA,NA,NA,NA,NA,NA,NA,NA,2408,135,5,1,3d4d37e7dcef36139698862d60d536450dfb480779ac0676046a82e065e8af0f,1065,0,9,3
1,6,0,1,4,0.19904677100000001,0.16009399999999999,0.019615999999999998,428466176,NA,NA,NA,NA,NA,NA,NA,NA,5833440,1882629,26625,512,0f41e20848de6408cce7b1c5f57f0212c9401233ca75c7b6652c8ea62bfcd43f,1241,0,177,9
1,6,1,0,4,0.199143712,0.16304399999999999,0.016638999999999998,428560384,NA,NA,NA,NA,NA,NA,NA,NA,5833440,1882629,26625,512,0f41e20848de6408cce7b1c5f57f0212c9401233ca75c7b6652c8ea62bfcd43f,1240,0,137,5
1,6,0,0,5,0.43732403800000003,0.36026799999999998,0.056155999999999998,1023561728,NA,NA,NA,NA,NA,NA,NA,NA,11457352,5690734,153602,512,388033e7552b3b3255277a47381a62d5067155e67b74e663ad0ac019ed72fc50,1582,0,284,6
1,6,1,1,5,0.43294180700000001,0.35608400000000001,0.056555999999999995,1023975424,NA,NA,NA,NA,NA,NA,NA,NA,11457352,5690734,153602,512,388033e7552b3b3255277a47381a62d5067155e67b74e663ad0ac019ed72fc50,1133,0,212,6
1,6,0,0,1,0.055084661,0.043566999999999995,0,156667904,NA,NA,NA,NA,NA,NA,NA,NA,994016,407679,8197,1,76f10b65f44b546f736cef2848789238eb7a5f77ce08b564ccca55b5bdc08f36,634,0,24,6
1,6,1,1,1,0.055372621000000004,0.040543999999999997,0.0033779999999999999,156459008,NA,NA,NA,NA,NA,NA,NA,NA,994016,407679,8197,1,76f10b65f44b546f736cef2848789238eb7a5f77ce08b564ccca55b5bdc08f36,1120,0,22,3
1,6,0,1,2,0.040784658000000001,0.023653,0.0059239999999999996,131112960,NA,NA,NA,NA,NA,NA,NA,NA,837856,318511,16385,4096,b4f737276339a7626b246c204b626e79f9d9ec0f1f160233a5aa1c27728af83f,1070,0,25,2
1,6,1,0,2,0.042571316000000005,0.023084999999999998,0.0066019999999999994,131129344,NA,NA,NA,NA,NA,NA,NA,NA,837856,318511,16385,4096,b4f737276339a7626b246c204b626e79f9d9ec0f1f160233a5aa1c27728af83f,1071,0,22,4
1,7,0,1,3,0.059659412000000002,0.034179000000000001,0.013661,181706752,NA,NA,NA,NA,NA,NA,NA,NA,1968568,2240463,32773,1,c491f4791a93a71124b9219b05e718490cf6bd1c68b1ec8fc6a6550e31f844b1,684,0,30,4
1,7,1,0,3,0.060020650000000002,0.045219999999999996,0.003235,181239808,NA,NA,NA,NA,NA,NA,NA,NA,1968568,2240463,32773,1,c491f4791a93a71124b9219b05e718490cf6bd1c68b1ec8fc6a6550e31f844b1,1123,0,33,3
1,7,0,0,2,0.040885718000000001,0.0263,0.0032889999999999998,131457024,NA,NA,NA,NA,NA,NA,NA,NA,837856,318511,16385,4096,b4f737276339a7626b246c204b626e79f9d9ec0f1f160233a5aa1c27728af83f,627,0,25,2
1,7,1,1,2,0.041473127000000005,0.023428999999999998,0.0066990000000000001,131239936,NA,NA,NA,NA,NA,NA,NA,NA,837856,318511,16385,4096,b4f737276339a7626b246c204b626e79f9d9ec0f1f160233a5aa1c27728af83f,1069,0,19,3
1,7,0,1,1,0.055745269,0.034041000000000002,0.010206,156508160,NA,NA,NA,NA,NA,NA,NA,NA,994016,407679,8197,1,76f10b65f44b546f736cef2848789238eb7a5f77ce08b564ccca55b5bdc08f36,1084,0,16,5
1,7,1,0,1,0.055255512000000007,0.034221000000000001,0.0093299999999999998,156688384,NA,NA,NA,NA,NA,NA,NA,NA,994016,407679,8197,1,76f10b65f44b546f736cef2848789238eb7a5f77ce08b564ccca55b5bdc08f36,641,0,20,3
1,7,0,0,0,0.019129052000000001,0.004202,0.0041900000000000001,55320576,NA,NA,NA,NA,NA,NA,NA,NA,2408,135,5,1,3d4d37e7dcef36139698862d60d536450dfb480779ac0676046a82e065e8af0f,1027,0,12,3
1,7,1,1,0,0.019388559,0.004163,0.004143,55201792,NA,NA,NA,NA,NA,NA,NA,NA,2408,135,5,1,3d4d37e7dcef36139698862d60d536450dfb480779ac0676046a82e065e8af0f,1026,0,9,3
1,7,0,1,5,0.43342578400000004,0.362151,0.050299999999999997,1023922176,NA,NA,NA,NA,NA,NA,NA,NA,11457352,5690734,153602,512,388033e7552b3b3255277a47381a62d5067155e67b74e663ad0ac019ed72fc50,1142,0,190,7
1,7,1,0,5,0.445692058,0.38293699999999997,0.033014000000000002,1023492096,NA,NA,NA,NA,NA,NA,NA,NA,11457352,5690734,153602,512,388033e7552b3b3255277a47381a62d5067155e67b74e663ad0ac019ed72fc50,1583,0,43,5
1,7,0,0,4,0.19898010600000002,0.150226,0.029382999999999999,428388352,NA,NA,NA,NA,NA,NA,NA,NA,5833440,1882629,26625,512,0f41e20848de6408cce7b1c5f57f0212c9401233ca75c7b6652c8ea62bfcd43f,1236,0,124,4
1,7,1,1,4,0.19853051400000002,0.158967,0.020281,428355584,NA,NA,NA,NA,NA,NA,NA,NA,5833440,1882629,26625,512,0f41e20848de6408cce7b1c5f57f0212c9401233ca75c7b6652c8ea62bfcd43f,1236,0,142,6
1,8,0,0,2,0.040876630000000004,0.025996999999999999,0.0037169999999999998,131186688,NA,NA,NA,NA,NA,NA,NA,NA,837856,318511,16385,4096,b4f737276339a7626b246c204b626e79f9d9ec0f1f160233a5aa1c27728af83f,1070,0,26,2
1,8,1,1,2,0.041245732,0.023975999999999997,0.0059959999999999996,130953216,NA,NA,NA,NA,NA,NA,NA,NA,837856,318511,16385,4096,b4f737276339a7626b246c204b626e79f9d9ec0f1f160233a5aa1c27728af83f,1065,0,27,3
1,8,0,1,1,0.055301738000000003,0.037568999999999998,0.006267,156360704,NA,NA,NA,NA,NA,NA,NA,NA,994016,407679,8197,1,76f10b65f44b546f736cef2848789238eb7a5f77ce08b564ccca55b5bdc08f36,1082,0,20,5
1,8,1,0,1,0.055385095000000002,0.037007999999999999,0.006711,156413952,NA,NA,NA,NA,NA,NA,NA,NA,994016,407679,8197,1,76f10b65f44b546f736cef2848789238eb7a5f77ce08b564ccca55b5bdc08f36,1080,0,45,4
1,8,0,0,0,0.019381866000000001,0.0041539999999999997,0.004163,55345152,NA,NA,NA,NA,NA,NA,NA,NA,2408,135,5,1,3d4d37e7dcef36139698862d60d536450dfb480779ac0676046a82e065e8af0f,1027,0,10,3
1,8,1,1,0,0.018916654000000001,0.0040660000000000002,0.004058,55148544,NA,NA,NA,NA,NA,NA,NA,NA,2408,135,5,1,3d4d37e7dcef36139698862d60d536450dfb480779ac0676046a82e065e8af0f,1024,0,11,3
1,8,0,0,3,0.060316625000000006,0.038225999999999996,0.010404999999999999,181592064,NA,NA,NA,NA,NA,NA,NA,NA,1968568,2240463,32773,1,c491f4791a93a71124b9219b05e718490cf6bd1c68b1ec8fc6a6550e31f844b1,1156,0,34,5
1,8,1,1,3,0.059974513000000007,0.041319000000000002,0.0068919999999999997,181387264,NA,NA,NA,NA,NA,NA,NA,NA,1968568,2240463,32773,1,c491f4791a93a71124b9219b05e718490cf6bd1c68b1ec8fc6a6550e31f844b1,1141,0,41,6
1,8,0,1,5,0.45085890900000003,0.37486700000000001,0.039802999999999998,1023549440,NA,NA,NA,NA,NA,NA,NA,NA,11457352,5690734,153602,512,388033e7552b3b3255277a47381a62d5067155e67b74e663ad0ac019ed72fc50,1583,0,147,5
1,8,1,0,5,0.43671356400000005,0.36932699999999996,0.046591,1023836160,NA,NA,NA,NA,NA,NA,NA,NA,11457352,5690734,153602,512,388033e7552b3b3255277a47381a62d5067155e67b74e663ad0ac019ed72fc50,1139,0,220,6
1,8,0,0,4,0.19945710100000003,0.159751,0.020396999999999998,428371968,NA,NA,NA,NA,NA,NA,NA,NA,5833440,1882629,26625,512,0f41e20848de6408cce7b1c5f57f0212c9401233ca75c7b6652c8ea62bfcd43f,1239,0,206,6
1,8,1,1,4,0.19814454000000001,0.16869399999999998,0.010125,428355584,NA,NA,NA,NA,NA,NA,NA,NA,5833440,1882629,26625,512,0f41e20848de6408cce7b1c5f57f0212c9401233ca75c7b6652c8ea62bfcd43f,1238,0,168,4
1,9,0,1,2,0.041225724000000005,0.019993999999999998,0.0099979999999999999,131256320,NA,NA,NA,NA,NA,NA,NA,NA,837856,318511,16385,4096,b4f737276339a7626b246c204b626e79f9d9ec0f1f160233a5aa1c27728af83f,1071,0,20,2
1,9,1,0,2,0.041011492000000004,0.023019999999999999,0.0065799999999999999,131047424,NA,NA,NA,NA,NA,NA,NA,NA,837856,318511,16385,4096,b4f737276339a7626b246c204b626e79f9d9ec0f1f160233a5aa1c27728af83f,1070,0,26,3
1,9,0,1,4,0.19861151600000002,0.16273799999999999,0.016612999999999999,428343296,NA,NA,NA,NA,NA,NA,NA,NA,5833440,1882629,26625,512,0f41e20848de6408cce7b1c5f57f0212c9401233ca75c7b6652c8ea62bfcd43f,1236,0,163,6
1,9,1,0,4,0.198327262,0.15304399999999999,0.026036999999999998,428404736,NA,NA,NA,NA,NA,NA,NA,NA,5833440,1882629,26625,512,0f41e20848de6408cce7b1c5f57f0212c9401233ca75c7b6652c8ea62bfcd43f,1238,0,186,4
1,9,0,1,3,0.059449270000000005,0.041024999999999999,0.0068439999999999994,181534720,NA,NA,NA,NA,NA,NA,NA,NA,1968568,2240463,32773,1,c491f4791a93a71124b9219b05e718490cf6bd1c68b1ec8fc6a6550e31f844b1,675,0,35,4
1,9,1,0,3,0.060037582000000006,0.041356999999999998,0.0068989999999999998,181354496,NA,NA,NA,NA,NA,NA,NA,NA,1968568,2240463,32773,1,c491f4791a93a71124b9219b05e718490cf6bd1c68b1ec8fc6a6550e31f844b1,1123,0,30,5
1,9,0,0,5,0.44299722800000002,0.37959599999999999,0.036636999999999996,1023926272,NA,NA,NA,NA,NA,NA,NA,NA,11457352,5690734,153602,512,388033e7552b3b3255277a47381a62d5067155e67b74e663ad0ac019ed72fc50,1141,0,194,6
1,9,1,1,5,0.43638947700000003,0.37560099999999996,0.039893999999999999,1023983616,NA,NA,NA,NA,NA,NA,NA,NA,11457352,5690734,153602,512,388033e7552b3b3255277a47381a62d5067155e67b74e663ad0ac019ed72fc50,1142,0,112,6
1,9,0,1,0,0.018993118,0.005509,0.0027589999999999997,55341056,NA,NA,NA,NA,NA,NA,NA,NA,2408,135,5,1,3d4d37e7dcef36139698862d60d536450dfb480779ac0676046a82e065e8af0f,1025,0,12,3
1,9,1,0,0,0.019350056000000001,0.004215,0.004228,55287808,NA,NA,NA,NA,NA,NA,NA,NA,2408,135,5,1,3d4d37e7dcef36139698862d60d536450dfb480779ac0676046a82e065e8af0f,1027,0,11,4
1,9,0,0,1,0.054789219,0.033159999999999995,0.0099620000000000004,156360704,NA,NA,NA,NA,NA,NA,NA,NA,994016,407679,8197,1,76f10b65f44b546f736cef2848789238eb7a5f77ce08b564ccca55b5bdc08f36,1082,0,25,3
1,9,1,1,1,0.055691508000000001,0.03415,0.010223999999999999,156594176,NA,NA,NA,NA,NA,NA,NA,NA,994016,407679,8197,1,76f10b65f44b546f736cef2848789238eb7a5f77ce08b564ccca55b5bdc08f36,1086,0,27,4
1,10,0,1,3,0.059793173000000005,0.041658000000000001,0.006417,181526528,NA,NA,NA,NA,NA,NA,NA,NA,1968568,2240463,32773,1,c491f4791a93a71124b9219b05e718490cf6bd1c68b1ec8fc6a6550e31f844b1,1153,0,45,4
1,10,1,0,3,0.060412935000000001,0.02913,0.019434999999999997,181526528,NA,NA,NA,NA,NA,NA,NA,NA,1968568,2240463,32773,1,c491f4791a93a71124b9219b05e718490cf6bd1c68b1ec8fc6a6550e31f844b1,682,0,47,4
1,10,0,1,0,0.018953604000000002,0.0082609999999999992,0,55341056,NA,NA,NA,NA,NA,NA,NA,NA,2408,135,5,1,3d4d37e7dcef36139698862d60d536450dfb480779ac0676046a82e065e8af0f,1029,0,12,3
1,10,1,0,0,0.017792788,0.0074549999999999998,0,55599104,NA,NA,NA,NA,NA,NA,NA,NA,2408,135,5,1,3d4d37e7dcef36139698862d60d536450dfb480779ac0676046a82e065e8af0f,588,0,10,3
1,10,0,1,2,0.040102951000000005,0.025890999999999997,0.0032399999999999998,131223552,NA,NA,NA,NA,NA,NA,NA,NA,837856,318511,16385,4096,b4f737276339a7626b246c204b626e79f9d9ec0f1f160233a5aa1c27728af83f,1069,0,27,3
1,10,1,0,2,0.040527384999999999,0.029585999999999998,0,131538944,NA,NA,NA,NA,NA,NA,NA,NA,837856,318511,16385,4096,b4f737276339a7626b246c204b626e79f9d9ec0f1f160233a5aa1c27728af83f,624,0,24,4
1,10,0,1,4,0.20125145200000003,0.155449,0.023122,428556288,NA,NA,NA,NA,NA,NA,NA,NA,5833440,1882629,26625,512,0f41e20848de6408cce7b1c5f57f0212c9401233ca75c7b6652c8ea62bfcd43f,795,0,170,6
1,10,1,0,4,0.20681563800000002,0.16369799999999998,0.016708000000000001,428167168,NA,NA,NA,NA,NA,NA,NA,NA,5833440,1882629,26625,512,0f41e20848de6408cce7b1c5f57f0212c9401233ca75c7b6652c8ea62bfcd43f,1237,0,40,4
1,10,0,1,5,0.441828098,0.36992599999999998,0.042952999999999998,1023635456,NA,NA,NA,NA,NA,NA,NA,NA,11457352,5690734,153602,512,388033e7552b3b3255277a47381a62d5067155e67b74e663ad0ac019ed72fc50,1582,0,174,7
1,10,1,0,5,0.44002057,0.36960199999999999,0.049459999999999997,1023725568,NA,NA,NA,NA,NA,NA,NA,NA,11457352,5690734,153602,512,388033e7552b3b3255277a47381a62d5067155e67b74e663ad0ac019ed72fc50,1586,0,96,9
1,10,0,0,1,0.055917973000000003,0.044325999999999997,0,156688384,NA,NA,NA,NA,NA,NA,NA,NA,994016,407679,8197,1,76f10b65f44b546f736cef2848789238eb7a5f77ce08b564ccca55b5bdc08f36,641,0,37,4
1,10,1,1,1,0.055253066000000003,0.033668999999999998,0.010097,156266496,NA,NA,NA,NA,NA,NA,NA,NA,994016,407679,8197,1,76f10b65f44b546f736cef2848789238eb7a5f77ce08b564ccca55b5bdc08f36,1080,0,28,3
1,11,0,0,5,0.43480897500000004,0.371805,0.043554999999999996,1023500288,NA,NA,NA,NA,NA,NA,NA,NA,11457352,5690734,153602,512,388033e7552b3b3255277a47381a62d5067155e67b74e663ad0ac019ed72fc50,1581,0,189,6
1,11,1,1,5,0.43306217300000005,0.36929099999999998,0.043264999999999998,1023602688,NA,NA,NA,NA,NA,NA,NA,NA,11457352,5690734,153602,512,388033e7552b3b3255277a47381a62d5067155e67b74e663ad0ac019ed72fc50,1581,0,265,9
1,11,0,1,1,0.055508125000000005,0.030362,0.013509,156459008,NA,NA,NA,NA,NA,NA,NA,NA,994016,407679,8197,1,76f10b65f44b546f736cef2848789238eb7a5f77ce08b564ccca55b5bdc08f36,1083,0,24,4
1,11,1,0,1,0.055630813000000001,0.040715000000000001,0.0033809999999999999,156381184,NA,NA,NA,NA,NA,NA,NA,NA,994016,407679,8197,1,76f10b65f44b546f736cef2848789238eb7a5f77ce08b564ccca55b5bdc08f36,1081,0,17,4
1,11,0,0,2,0.040577270000000006,0.026171999999999997,0.0032659999999999998,131231744,NA,NA,NA,NA,NA,NA,NA,NA,837856,318511,16385,4096,b4f737276339a7626b246c204b626e79f9d9ec0f1f160233a5aa1c27728af83f,1072,0,26,3
1,11,1,1,2,0.041058090000000005,0.020930999999999998,0.0089629999999999987,131682304,NA,NA,NA,NA,NA,NA,NA,NA,837856,318511,16385,4096,b4f737276339a7626b246c204b626e79f9d9ec0f1f160233a5aa1c27728af83f,630,0,24,4
1,11,0,0,0,0.018978529000000001,0.0084569999999999992,0,55107584,NA,NA,NA,NA,NA,NA,NA,NA,2408,135,5,1,3d4d37e7dcef36139698862d60d536450dfb480779ac0676046a82e065e8af0f,1026,0,11,3
1,11,1,1,0,0.018915032000000002,0.0080520000000000001,0,55181312,NA,NA,NA,NA,NA,NA,NA,NA,2408,135,5,1,3d4d37e7dcef36139698862d60d536450dfb480779ac0676046a82e065e8af0f,1028,0,9,3
1,11,0,0,4,0.19826390400000002,0.16905099999999998,0.01014,428544000,NA,NA,NA,NA,NA,NA,NA,NA,5833440,1882629,26625,512,0f41e20848de6408cce7b1c5f57f0212c9401233ca75c7b6652c8ea62bfcd43f,792,0,133,6
1,11,1,1,4,0.19804403400000001,0.15532599999999999,0.023635999999999997,428351488,NA,NA,NA,NA,NA,NA,NA,NA,5833440,1882629,26625,512,0f41e20848de6408cce7b1c5f57f0212c9401233ca75c7b6652c8ea62bfcd43f,1238,0,154,5
1,11,0,0,3,0.059795468000000004,0.048343999999999998,0,181411840,NA,NA,NA,NA,NA,NA,NA,NA,1968568,2240463,32773,1,c491f4791a93a71124b9219b05e718490cf6bd1c68b1ec8fc6a6550e31f844b1,1124,0,26,4
1,11,1,1,3,0.059942944000000005,0.045114999999999995,0.0032129999999999997,181395456,NA,NA,NA,NA,NA,NA,NA,NA,1968568,2240463,32773,1,c491f4791a93a71124b9219b05e718490cf6bd1c68b1ec8fc6a6550e31f844b1,1160,0,31,3
1,12,0,1,4,0.197657629,0.14938399999999999,0.029231,428351488,NA,NA,NA,NA,NA,NA,NA,NA,5833440,1882629,26625,512,0f41e20848de6408cce7b1c5f57f0212c9401233ca75c7b6652c8ea62bfcd43f,1237,0,167,4
1,12,1,0,4,0.19884641600000003,0.15324099999999999,0.026654999999999998,428806144,NA,NA,NA,NA,NA,NA,NA,NA,5833440,1882629,26625,512,0f41e20848de6408cce7b1c5f57f0212c9401233ca75c7b6652c8ea62bfcd43f,797,0,193,5
1,12,0,1,5,0.43736607600000005,0.36574299999999998,0.046558999999999996,1023520768,NA,NA,NA,NA,NA,NA,NA,NA,11457352,5690734,153602,512,388033e7552b3b3255277a47381a62d5067155e67b74e663ad0ac019ed72fc50,1581,0,143,5
1,12,1,0,5,0.44544539500000002,0.37570199999999998,0.040232999999999998,1023660032,NA,NA,NA,NA,NA,NA,NA,NA,11457352,5690734,153602,512,388033e7552b3b3255277a47381a62d5067155e67b74e663ad0ac019ed72fc50,1585,0,37,4
1,12,0,0,1,0.054985454000000003,0.034110999999999995,0.0092890000000000004,156569600,NA,NA,NA,NA,NA,NA,NA,NA,994016,407679,8197,1,76f10b65f44b546f736cef2848789238eb7a5f77ce08b564ccca55b5bdc08f36,639,0,30,3
1,12,1,1,1,0.055047161000000004,0.040292999999999995,0.003359,156585984,NA,NA,NA,NA,NA,NA,NA,NA,994016,407679,8197,1,76f10b65f44b546f736cef2848789238eb7a5f77ce08b564ccca55b5bdc08f36,1084,0,30,4
1,12,0,1,0,0.018680422000000002,0.002735,0.0054659999999999995,55201792,NA,NA,NA,NA,NA,NA,NA,NA,2408,135,5,1,3d4d37e7dcef36139698862d60d536450dfb480779ac0676046a82e065e8af0f,1027,0,12,4
1,12,1,0,0,0.018963181000000003,0.0052610000000000001,0.0026340000000000001,55447552,NA,NA,NA,NA,NA,NA,NA,NA,2408,135,5,1,3d4d37e7dcef36139698862d60d536450dfb480779ac0676046a82e065e8af0f,585,0,9,3
1,12,0,1,3,0.059073696000000002,0.047341999999999995,0,181407744,NA,NA,NA,NA,NA,NA,NA,NA,1968568,2240463,32773,1,c491f4791a93a71124b9219b05e718490cf6bd1c68b1ec8fc6a6550e31f844b1,1125,0,53,5
1,12,1,0,3,0.060032352000000004,0.045258,0.003483,181256192,NA,NA,NA,NA,NA,NA,NA,NA,1968568,2240463,32773,1,c491f4791a93a71124b9219b05e718490cf6bd1c68b1ec8fc6a6550e31f844b1,1123,0,53,4
1,12,0,1,2,0.041009448000000004,0.025999999999999999,0.003715,131473408,NA,NA,NA,NA,NA,NA,NA,NA,837856,318511,16385,4096,b4f737276339a7626b246c204b626e79f9d9ec0f1f160233a5aa1c27728af83f,632,0,22,2
1,12,1,0,2,0.040556661000000001,0.029433999999999998,0,131112960,NA,NA,NA,NA,NA,NA,NA,NA,837856,318511,16385,4096,b4f737276339a7626b246c204b626e79f9d9ec0f1f160233a5aa1c27728af83f,1066,0,23,2
1,13,0,0,0,0.019010158000000003,0.0041189999999999994,0.0041180000000000001,55345152,NA,NA,NA,NA,NA,NA,NA,NA,2408,135,5,1,3d4d37e7dcef36139698862d60d536450dfb480779ac0676046a82e065e8af0f,582,0,10,3
1,13,1,1,0,0.019523271000000002,0.0060629999999999998,0.0020169999999999997,55246848,NA,NA,NA,NA,NA,NA,NA,NA,2408,135,5,1,3d4d37e7dcef36139698862d60d536450dfb480779ac0676046a82e065e8af0f,1026,0,10,4
1,13,0,0,3,0.059586997000000003,0.028818999999999997,0.019229,181522432,NA,NA,NA,NA,NA,NA,NA,NA,1968568,2240463,32773,1,c491f4791a93a71124b9219b05e718490cf6bd1c68b1ec8fc6a6550e31f844b1,682,0,48,4
1,13,1,1,3,0.059892379000000003,0.041693999999999995,0.0064180000000000001,181526528,NA,NA,NA,NA,NA,NA,NA,NA,1968568,2240463,32773,1,c491f4791a93a71124b9219b05e718490cf6bd1c68b1ec8fc6a6550e31f844b1,683,0,21,3
1,13,0,0,5,0.43294775800000002,0.37024199999999996,0.043354999999999998,1023885312,NA,NA,NA,NA,NA,NA,NA,NA,11457352,5690734,153602,512,388033e7552b3b3255277a47381a62d5067155e67b74e663ad0ac019ed72fc50,1140,0,327,5
1,13,1,1,5,0.44205999300000004,0.36911499999999997,0.043226000000000001,1023492096,NA,NA,NA,NA,NA,NA,NA,NA,11457352,5690734,153602,512,388033e7552b3b3255277a47381a62d5067155e67b74e663ad0ac019ed72fc50,1581,0,226,4
1,13,0,0,4,0.20056054700000001,0.15762399999999999,0.023487999999999998,428437504,NA,NA,NA,NA,NA,NA,NA,NA,5833440,1882629,26625,512,0f41e20848de6408cce7b1c5f57f0212c9401233ca75c7b6652c8ea62bfcd43f,1238,0,168,6
1,13,1,1,4,0.19895389700000002,0.16320799999999999,0.016649999999999998,428449792,NA,NA,NA,NA,NA,NA,NA,NA,5833440,1882629,26625,512,0f41e20848de6408cce7b1c5f57f0212c9401233ca75c7b6652c8ea62bfcd43f,1237,0,169,3
1,13,0,0,2,0.040735606000000001,0.019243,0.010116,131362816,NA,NA,NA,NA,NA,NA,NA,NA,837856,318511,16385,4096,b4f737276339a7626b246c204b626e79f9d9ec0f1f160233a5aa1c27728af83f,627,0,27,4
1,13,1,1,2,0.041260910000000005,0.026678,0.0033339999999999997,131104768,NA,NA,NA,NA,NA,NA,NA,NA,837856,318511,16385,4096,b4f737276339a7626b246c204b626e79f9d9ec0f1f160233a5aa1c27728af83f,1068,0,25,3
1,13,0,1,1,0.054828372,0.043569999999999998,0,156348416,NA,NA,NA,NA,NA,NA,NA,NA,994016,407679,8197,1,76f10b65f44b546f736cef2848789238eb7a5f77ce08b564ccca55b5bdc08f36,1081,0,28,3
1,13,1,0,1,0.055217099000000006,0.031123999999999999,0.012466999999999999,156680192,NA,NA,NA,NA,NA,NA,NA,NA,994016,407679,8197,1,76f10b65f44b546f736cef2848789238eb7a5f77ce08b564ccca55b5bdc08f36,642,0,35,5
1,14,0,0,5,0.43984023300000002,0.37662699999999999,0.043334999999999999,1023557632,NA,NA,NA,NA,NA,NA,NA,NA,11457352,5690734,153602,512,388033e7552b3b3255277a47381a62d5067155e67b74e663ad0ac019ed72fc50,1582,0,296,7
1,14,1,1,5,0.43965677800000003,0.37070999999999998,0.040454999999999998,1023922176,NA,NA,NA,NA,NA,NA,NA,NA,11457352,5690734,153602,512,388033e7552b3b3255277a47381a62d5067155e67b74e663ad0ac019ed72fc50,1626,0,219,5
1,14,0,0,3,0.060224783000000004,0.045315000000000001,0.0032389999999999997,181350400,NA,NA,NA,NA,NA,NA,NA,NA,1968568,2240463,32773,1,c491f4791a93a71124b9219b05e718490cf6bd1c68b1ec8fc6a6550e31f844b1,1122,0,38,4
1,14,1,1,3,0.059227614000000005,0.044496999999999995,0.0034249999999999997,181268480,NA,NA,NA,NA,NA,NA,NA,NA,1968568,2240463,32773,1,c491f4791a93a71124b9219b05e718490cf6bd1c68b1ec8fc6a6550e31f844b1,1121,0,44,4
1,14,0,0,0,0.018838989,0.0054329999999999995,0.0027199999999999998,55083008,NA,NA,NA,NA,NA,NA,NA,NA,2408,135,5,1,3d4d37e7dcef36139698862d60d536450dfb480779ac0676046a82e065e8af0f,1023,0,13,3
1,14,1,1,0,0.018047626000000001,0.0074969999999999993,0,55447552,NA,NA,NA,NA,NA,NA,NA,NA,2408,135,5,1,3d4d37e7dcef36139698862d60d536450dfb480779ac0676046a82e065e8af0f,586,0,13,3
1,14,0,1,2,0.040579091000000005,0.017743999999999999,0.011856999999999999,131317760,NA,NA,NA,NA,NA,NA,NA,NA,837856,318511,16385,4096,b4f737276339a7626b246c204b626e79f9d9ec0f1f160233a5aa1c27728af83f,1070,0,37,3
1,14,1,0,2,0.040996104000000005,0.023188,0.0066039999999999996,131440640,NA,NA,NA,NA,NA,NA,NA,NA,837856,318511,16385,4096,b4f737276339a7626b246c204b626e79f9d9ec0f1f160233a5aa1c27728af83f,629,0,23,4
1,14,0,0,1,0.055295165,0.037026999999999997,0.0067329999999999994,156295168,NA,NA,NA,NA,NA,NA,NA,NA,994016,407679,8197,1,76f10b65f44b546f736cef2848789238eb7a5f77ce08b564ccca55b5bdc08f36,1082,0,21,4
1,14,1,1,1,0.054921326000000006,0.043482,0,156237824,NA,NA,NA,NA,NA,NA,NA,NA,994016,407679,8197,1,76f10b65f44b546f736cef2848789238eb7a5f77ce08b564ccca55b5bdc08f36,1082,0,28,5
1,14,0,0,4,0.19810955500000002,0.162714,0.016257999999999998,428269568,NA,NA,NA,NA,NA,NA,NA,NA,5833440,1882629,26625,512,0f41e20848de6408cce7b1c5f57f0212c9401233ca75c7b6652c8ea62bfcd43f,1236,0,173,6
1,14,1,1,4,0.19864921600000002,0.152895,0.026591,428294144,NA,NA,NA,NA,NA,NA,NA,NA,5833440,1882629,26625,512,0f41e20848de6408cce7b1c5f57f0212c9401233ca75c7b6652c8ea62bfcd43f,1236,0,128,5
1,15,0,1,5,0.43506180900000002,0.37062299999999998,0.043809000000000001,1023864832,NA,NA,NA,NA,NA,NA,NA,NA,11457352,5690734,153602,512,388033e7552b3b3255277a47381a62d5067155e67b74e663ad0ac019ed72fc50,1140,0,176,6
1,15,1,0,5,0.43414266700000004,0.36669999999999997,0.046681,1023569920,NA,NA,NA,NA,NA,NA,NA,NA,11457352,5690734,153602,512,388033e7552b3b3255277a47381a62d5067155e67b74e663ad0ac019ed72fc50,1582,0,72,8
1,15,0,1,3,0.059863815000000001,0.037734999999999998,0.0103,181436416,NA,NA,NA,NA,NA,NA,NA,NA,1968568,2240463,32773,1,c491f4791a93a71124b9219b05e718490cf6bd1c68b1ec8fc6a6550e31f844b1,681,0,18,5
1,15,1,0,3,0.059673599000000001,0.041785999999999997,0.0064310000000000001,181342208,NA,NA,NA,NA,NA,NA,NA,NA,1968568,2240463,32773,1,c491f4791a93a71124b9219b05e718490cf6bd1c68b1ec8fc6a6550e31f844b1,1124,0,43,3
1,15,0,1,1,0.055305535000000003,0.036977999999999997,0.0067259999999999993,156581888,NA,NA,NA,NA,NA,NA,NA,NA,994016,407679,8197,1,76f10b65f44b546f736cef2848789238eb7a5f77ce08b564ccca55b5bdc08f36,642,0,42,4
1,15,1,0,1,0.055169751000000003,0.040333000000000001,0.0033639999999999998,156311552,NA,NA,NA,NA,NA,NA,NA,NA,994016,407679,8197,1,76f10b65f44b546f736cef2848789238eb7a5f77ce08b564ccca55b5bdc08f36,1080,0,27,3
1,15,0,1,4,0.19747145900000002,0.155417,0.022626,428777472,NA,NA,NA,NA,NA,NA,NA,NA,5833440,1882629,26625,512,0f41e20848de6408cce7b1c5f57f0212c9401233ca75c7b6652c8ea62bfcd43f,798,0,180,6
1,15,1,0,4,0.19803189900000001,0.16544999999999999,0.013505999999999999,428376064,NA,NA,NA,NA,NA,NA,NA,NA,5833440,1882629,26625,512,0f41e20848de6408cce7b1c5f57f0212c9401233ca75c7b6652c8ea62bfcd43f,1235,0,178,5
1,15,0,0,2,0.041180108999999999,0.023281,0.0066539999999999993,131248128,NA,NA,NA,NA,NA,NA,NA,NA,837856,318511,16385,4096,b4f737276339a7626b246c204b626e79f9d9ec0f1f160233a5aa1c27728af83f,1069,0,24,4
1,15,1,1,2,0.041292888999999999,0.01993,0.009970999999999999,131407872,NA,NA,NA,NA,NA,NA,NA,NA,837856,318511,16385,4096,b4f737276339a7626b246c204b626e79f9d9ec0f1f160233a5aa1c27728af83f,1106,0,24,2
1,15,0,1,0,0.019073198,0.0042059999999999997,0.0041929999999999997,55308288,NA,NA,NA,NA,NA,NA,NA,NA,2408,135,5,1,3d4d37e7dcef36139698862d60d536450dfb480779ac0676046a82e065e8af0f,1028,0,12,3
1,15,1,0,0,0.018829680000000001,0.0052899999999999996,0.0026589999999999999,55197696,NA,NA,NA,NA,NA,NA,NA,NA,2408,135,5,1,3d4d37e7dcef36139698862d60d536450dfb480779ac0676046a82e065e8af0f,1028,0,9,3
1,16,0,1,0,0.019184176000000001,0.0039909999999999998,0.004006,55316480,NA,NA,NA,NA,NA,NA,NA,NA,2408,135,5,1,3d4d37e7dcef36139698862d60d536450dfb480779ac0676046a82e065e8af0f,1028,0,11,4
1,16,1,0,0,0.018514160000000002,0.0052599999999999999,0.0026340000000000001,55345152,NA,NA,NA,NA,NA,NA,NA,NA,2408,135,5,1,3d4d37e7dcef36139698862d60d536450dfb480779ac0676046a82e065e8af0f,1029,0,10,4
1,16,0,1,4,0.19849707100000002,0.156363,0.022799,428785664,NA,NA,NA,NA,NA,NA,NA,NA,5833440,1882629,26625,512,0f41e20848de6408cce7b1c5f57f0212c9401233ca75c7b6652c8ea62bfcd43f,798,0,180,7
1,16,1,0,4,0.19941411000000001,0.16700399999999999,0.013365,428822528,NA,NA,NA,NA,NA,NA,NA,NA,5833440,1882629,26625,512,0f41e20848de6408cce7b1c5f57f0212c9401233ca75c7b6652c8ea62bfcd43f,793,0,158,3
1,16,0,0,5,0.43481211000000003,0.34865499999999999,0.066389999999999991,1023381504,NA,NA,NA,NA,NA,NA,NA,NA,11457352,5690734,153602,512,388033e7552b3b3255277a47381a62d5067155e67b74e663ad0ac019ed72fc50,1581,0,129,5
1,16,1,1,5,0.43340198900000004,0.372865,0.039954999999999997,1023725568,NA,NA,NA,NA,NA,NA,NA,NA,11457352,5690734,153602,512,388033e7552b3b3255277a47381a62d5067155e67b74e663ad0ac019ed72fc50,1585,0,223,5
1,16,0,0,3,0.060015019000000003,0.038640999999999995,0.009663999999999999,181334016,NA,NA,NA,NA,NA,NA,NA,NA,1968568,2240463,32773,1,c491f4791a93a71124b9219b05e718490cf6bd1c68b1ec8fc6a6550e31f844b1,1123,0,43,3
1,16,1,1,3,0.059992496000000006,0.041886,0.0064399999999999995,181252096,NA,NA,NA,NA,NA,NA,NA,NA,1968568,2240463,32773,1,c491f4791a93a71124b9219b05e718490cf6bd1c68b1ec8fc6a6550e31f844b1,1126,0,53,3
1,16,0,0,2,0.040669812,0.020763999999999998,0.0088849999999999988,131162112,NA,NA,NA,NA,NA,NA,NA,NA,837856,318511,16385,4096,b4f737276339a7626b246c204b626e79f9d9ec0f1f160233a5aa1c27728af83f,1069,0,30,3
1,16,1,1,2,0.040946802000000004,0.019868999999999998,0.0099319999999999999,131448832,NA,NA,NA,NA,NA,NA,NA,NA,837856,318511,16385,4096,b4f737276339a7626b246c204b626e79f9d9ec0f1f160233a5aa1c27728af83f,621,0,25,4
1,16,0,1,1,0.054722924000000006,0.034203999999999998,0.0093220000000000004,156372992,NA,NA,NA,NA,NA,NA,NA,NA,994016,407679,8197,1,76f10b65f44b546f736cef2848789238eb7a5f77ce08b564ccca55b5bdc08f36,1083,0,25,4
1,16,1,0,1,0.055170392000000006,0.030325999999999999,0.013462999999999999,156389376,NA,NA,NA,NA,NA,NA,NA,NA,994016,407679,8197,1,76f10b65f44b546f736cef2848789238eb7a5f77ce08b564ccca55b5bdc08f36,1079,0,15,5
1,17,0,1,5,0.43338116000000004,0.36958999999999997,0.043279999999999999,1023524864,NA,NA,NA,NA,NA,NA,NA,NA,11457352,5690734,153602,512,388033e7552b3b3255277a47381a62d5067155e67b74e663ad0ac019ed72fc50,1582,0,193,6
1,17,1,0,5,0.43737656600000002,0.36626799999999998,0.050396999999999997,1023664128,NA,NA,NA,NA,NA,NA,NA,NA,11457352,5690734,153602,512,388033e7552b3b3255277a47381a62d5067155e67b74e663ad0ac019ed72fc50,1585,0,81,4
1,17,0,1,3,0.060003287000000002,0.032221,0.016102999999999999,181534720,NA,NA,NA,NA,NA,NA,NA,NA,1968568,2240463,32773,1,c491f4791a93a71124b9219b05e718490cf6bd1c68b1ec8fc6a6550e31f844b1,682,0,47,3
1,17,1,0,3,0.059262839000000005,0.038542,0.0096499999999999989,181604352,NA,NA,NA,NA,NA,NA,NA,NA,1968568,2240463,32773,1,c491f4791a93a71124b9219b05e718490cf6bd1c68b1ec8fc6a6550e31f844b1,680,0,50,5
1,17,0,0,1,0.055141378000000005,0.036760000000000001,0.006692,156643328,NA,NA,NA,NA,NA,NA,NA,NA,994016,407679,8197,1,76f10b65f44b546f736cef2848789238eb7a5f77ce08b564ccca55b5bdc08f36,638,0,26,4
1,17,1,1,1,0.055216428000000005,0.030244999999999998,0.013443,156258304,NA,NA,NA,NA,NA,NA,NA,NA,994016,407679,8197,1,76f10b65f44b546f736cef2848789238eb7a5f77ce08b564ccca55b5bdc08f36,1079,0,24,5
1,17,0,0,4,0.19746718200000002,0.16136399999999998,0.016795999999999998,428142592,NA,NA,NA,NA,NA,NA,NA,NA,5833440,1882629,26625,512,0f41e20848de6408cce7b1c5f57f0212c9401233ca75c7b6652c8ea62bfcd43f,1234,0,137,5
1,17,1,1,4,0.19813529300000002,0.158828,0.020282999999999999,428445696,NA,NA,NA,NA,NA,NA,NA,NA,5833440,1882629,26625,512,0f41e20848de6408cce7b1c5f57f0212c9401233ca75c7b6652c8ea62bfcd43f,1252,0,114,5
1,17,0,0,0,0.019162776000000003,0.0042940000000000001,0.0042969999999999996,55029760,NA,NA,NA,NA,NA,NA,NA,NA,2408,135,5,1,3d4d37e7dcef36139698862d60d536450dfb480779ac0676046a82e065e8af0f,1023,0,11,3
1,17,1,1,0,0.018219577000000001,0.0051419999999999999,0.0025669999999999998,55328768,NA,NA,NA,NA,NA,NA,NA,NA,2408,135,5,1,3d4d37e7dcef36139698862d60d536450dfb480779ac0676046a82e065e8af0f,584,0,11,2
1,17,0,1,2,0.040441916000000001,0.022779000000000001,0.0065249999999999996,131473408,NA,NA,NA,NA,NA,NA,NA,NA,837856,318511,16385,4096,b4f737276339a7626b246c204b626e79f9d9ec0f1f160233a5aa1c27728af83f,626,0,29,5
1,17,1,0,2,0.040942904000000002,0.017842,0.011889,131477504,NA,NA,NA,NA,NA,NA,NA,NA,837856,318511,16385,4096,b4f737276339a7626b246c204b626e79f9d9ec0f1f160233a5aa1c27728af83f,621,0,27,3
1,18,0,0,4,0.19827470400000002,0.15309599999999998,0.026046999999999997,428285952,NA,NA,NA,NA,NA,NA,NA,NA,5833440,1882629,26625,512,0f41e20848de6408cce7b1c5f57f0212c9401233ca75c7b6652c8ea62bfcd43f,1238,0,118,5
1,18,1,1,4,0.198392756,0.14569599999999999,0.033117000000000001,428498944,NA,NA,NA,NA,NA,NA,NA,NA,5833440,1882629,26625,512,0f41e20848de6408cce7b1c5f57f0212c9401233ca75c7b6652c8ea62bfcd43f,796,0,118,5
1,18,0,0,2,0.041006183000000002,0.023698999999999998,0.0059159999999999994,131137536,NA,NA,NA,NA,NA,NA,NA,NA,837856,318511,16385,4096,b4f737276339a7626b246c204b626e79f9d9ec0f1f160233a5aa1c27728af83f,1069,0,25,4
1,18,1,1,2,0.040963283000000003,0.023230000000000001,0.0066309999999999997,131248128,NA,NA,NA,NA,NA,NA,NA,NA,837856,318511,16385,4096,b4f737276339a7626b246c204b626e79f9d9ec0f1f160233a5aa1c27728af83f,1070,0,29,4
1,18,0,0,1,0.055091815000000002,0.033577999999999997,0.010076999999999999,156344320,NA,NA,NA,NA,NA,NA,NA,NA,994016,407679,8197,1,76f10b65f44b546f736cef2848789238eb7a5f77ce08b564ccca55b5bdc08f36,1081,0,46,3
1,18,1,1,1,0.060845496000000006,0.038334,0.006378,156397568,NA,NA,NA,NA,NA,NA,NA,NA,994016,407679,8197,1,76f10b65f44b546f736cef2848789238eb7a5f77ce08b564ccca55b5bdc08f36,1079,0,29,3
1,18,0,0,5,0.44441569500000005,0.37991599999999998,0.036317999999999996,1023635456,NA,NA,NA,NA,NA,NA,NA,NA,11457352,5690734,153602,512,388033e7552b3b3255277a47381a62d5067155e67b74e663ad0ac019ed72fc50,1137,0,321,7
1,18,1,1,5,0.43376470800000005,0.36031799999999997,0.052874999999999998,1023496192,NA,NA,NA,NA,NA,NA,NA,NA,11457352,5690734,153602,512,388033e7552b3b3255277a47381a62d5067155e67b74e663ad0ac019ed72fc50,1580,0,315,7
1,18,0,1,0,0.019076204000000003,0.0055420000000000001,0.0027719999999999997,55291904,NA,NA,NA,NA,NA,NA,NA,NA,2408,135,5,1,3d4d37e7dcef36139698862d60d536450dfb480779ac0676046a82e065e8af0f,1027,0,12,3
1,18,1,0,0,0.019842108000000001,0.0056189999999999999,0.0027989999999999998,55267328,NA,NA,NA,NA,NA,NA,NA,NA,2408,135,5,1,3d4d37e7dcef36139698862d60d536450dfb480779ac0676046a82e065e8af0f,1026,0,10,2
1,18,0,0,3,0.059777784,0.041620999999999998,0.006404,181231616,NA,NA,NA,NA,NA,NA,NA,NA,1968568,2240463,32773,1,c491f4791a93a71124b9219b05e718490cf6bd1c68b1ec8fc6a6550e31f844b1,1121,0,48,4
1,18,1,1,3,0.060041659000000004,0.038063,0.010366999999999999,181121024,NA,NA,NA,NA,NA,NA,NA,NA,1968568,2240463,32773,1,c491f4791a93a71124b9219b05e718490cf6bd1c68b1ec8fc6a6550e31f844b1,1121,0,41,4
1,19,0,1,4,0.19734100500000001,0.164772,0.013453999999999999,428732416,NA,NA,NA,NA,NA,NA,NA,NA,5833440,1882629,26625,512,0f41e20848de6408cce7b1c5f57f0212c9401233ca75c7b6652c8ea62bfcd43f,795,0,172,5
1,19,1,0,4,0.201029336,0.168244,0.013460999999999999,428785664,NA,NA,NA,NA,NA,NA,NA,NA,5833440,1882629,26625,512,0f41e20848de6408cce7b1c5f57f0212c9401233ca75c7b6652c8ea62bfcd43f,799,0,179,5
1,19,0,1,2,0.041119265000000002,0.022533999999999998,0.0075109999999999994,131383296,NA,NA,NA,NA,NA,NA,NA,NA,837856,318511,16385,4096,b4f737276339a7626b246c204b626e79f9d9ec0f1f160233a5aa1c27728af83f,1073,0,22,1
1,19,1,0,2,0.040777373000000006,0.029633,0,131203072,NA,NA,NA,NA,NA,NA,NA,NA,837856,318511,16385,4096,b4f737276339a7626b246c204b626e79f9d9ec0f1f160233a5aa1c27728af83f,1085,0,27,2
1,19,0,1,5,0.43948816200000002,0.36976599999999998,0.042903999999999998,1023918080,NA,NA,NA,NA,NA,NA,NA,NA,11457352,5690734,153602,512,388033e7552b3b3255277a47381a62d5067155e67b74e663ad0ac019ed72fc50,1133,0,171,6
1,19,1,0,5,0.44202893300000001,0.35669599999999996,0.060002999999999994,1023664128,NA,NA,NA,NA,NA,NA,NA,NA,11457352,5690734,153602,512,388033e7552b3b3255277a47381a62d5067155e67b74e663ad0ac019ed72fc50,1582,0,241,5
1,19,0,0,0,0.018877952,0.004071,0.0040730000000000002,55422976,NA,NA,NA,NA,NA,NA,NA,NA,2408,135,5,1,3d4d37e7dcef36139698862d60d536450dfb480779ac0676046a82e065e8af0f,583,0,12,3
1,19,1,1,0,0.018615289,0.0026609999999999997,0.0053239999999999997,55287808,NA,NA,NA,NA,NA,NA,NA,NA,2408,135,5,1,3d4d37e7dcef36139698862d60d536450dfb480779ac0676046a82e065e8af0f,1027,0,10,4
1,19,0,1,3,0.063330421999999997,0.035068999999999996,0.012761999999999999,181395456,NA,NA,NA,NA,NA,NA,NA,NA,1968568,2240463,32773,1,c491f4791a93a71124b9219b05e718490cf6bd1c68b1ec8fc6a6550e31f844b1,1125,0,21,3
1,19,1,0,3,0.060246202000000006,0.041585999999999998,0.0069359999999999995,181399552,NA,NA,NA,NA,NA,NA,NA,NA,1968568,2240463,32773,1,c491f4791a93a71124b9219b05e718490cf6bd1c68b1ec8fc6a6550e31f844b1,1124,0,20,4
1,19,0,1,1,0.054513701000000005,0.033306999999999996,0.010003999999999999,156798976,NA,NA,NA,NA,NA,NA,NA,NA,994016,407679,8197,1,76f10b65f44b546f736cef2848789238eb7a5f77ce08b564ccca55b5bdc08f36,636,0,16,3
1,19,1,0,1,0.055241666000000002,0.036895999999999998,0.0067059999999999993,156631040,NA,NA,NA,NA,NA,NA,NA,NA,994016,407679,8197,1,76f10b65f44b546f736cef2848789238eb7a5f77ce08b564ccca55b5bdc08f36,638,0,28,5
1,20,0,1,4,0.19734742800000002,0.15798399999999999,0.020166999999999997,428326912,NA,NA,NA,NA,NA,NA,NA,NA,5833440,1882629,26625,512,0f41e20848de6408cce7b1c5f57f0212c9401233ca75c7b6652c8ea62bfcd43f,1237,0,162,3
1,20,1,0,4,0.19885468100000001,0.16267299999999998,0.016945999999999999,428441600,NA,NA,NA,NA,NA,NA,NA,NA,5833440,1882629,26625,512,0f41e20848de6408cce7b1c5f57f0212c9401233ca75c7b6652c8ea62bfcd43f,1241,0,164,4
1,20,0,1,1,0.056462123000000003,0.038565999999999996,0.0064229999999999999,156254208,NA,NA,NA,NA,NA,NA,NA,NA,994016,407679,8197,1,76f10b65f44b546f736cef2848789238eb7a5f77ce08b564ccca55b5bdc08f36,1079,0,37,4
1,20,1,0,1,0.055497936000000005,0.034008999999999998,0.010199999999999999,156405760,NA,NA,NA,NA,NA,NA,NA,NA,994016,407679,8197,1,76f10b65f44b546f736cef2848789238eb7a5f77ce08b564ccca55b5bdc08f36,1082,0,23,3
1,20,0,0,5,0.43842321700000003,0.35482799999999998,0.062958,1024020480,NA,NA,NA,NA,NA,NA,NA,NA,11457352,5690734,153602,512,388033e7552b3b3255277a47381a62d5067155e67b74e663ad0ac019ed72fc50,1137,0,260,6
1,20,1,1,5,0.44066164000000002,0.36029499999999998,0.05169,1023987712,NA,NA,NA,NA,NA,NA,NA,NA,11457352,5690734,153602,512,388033e7552b3b3255277a47381a62d5067155e67b74e663ad0ac019ed72fc50,1140,0,170,5
1,20,0,1,0,0.019644036,0.00577,0.0028729999999999997,55406592,NA,NA,NA,NA,NA,NA,NA,NA,2408,135,5,1,3d4d37e7dcef36139698862d60d536450dfb480779ac0676046a82e065e8af0f,1029,0,10,3
1,20,1,0,0,0.019024216,0.0079799999999999992,0,55468032,NA,NA,NA,NA,NA,NA,NA,NA,2408,135,5,1,3d4d37e7dcef36139698862d60d536450dfb480779ac0676046a82e065e8af0f,1030,0,9,3
1,20,0,0,2,0.040803923000000006,0.019694,0.0098370000000000003,131076096,NA,NA,NA,NA,NA,NA,NA,NA,837856,318511,16385,4096,b4f737276339a7626b246c204b626e79f9d9ec0f1f160233a5aa1c27728af83f,1070,0,21,3
1,20,1,1,2,0.041220785000000003,0.026724999999999999,0.0033209999999999997,131411968,NA,NA,NA,NA,NA,NA,NA,NA,837856,318511,16385,4096,b4f737276339a7626b246c204b626e79f9d9ec0f1f160233a5aa1c27728af83f,1116,0,23,3
1,20,0,0,3,0.060039245000000005,0.035399,0.012886999999999999,181669888,NA,NA,NA,NA,NA,NA,NA,NA,1968568,2240463,32773,1,c491f4791a93a71124b9219b05e718490cf6bd1c68b1ec8fc6a6550e31f844b1,676,0,22,5
1,20,1,1,3,0.060707967000000002,0.035830000000000001,0.012997,181301248,NA,NA,NA,NA,NA,NA,NA,NA,1968568,2240463,32773,1,c491f4791a93a71124b9219b05e718490cf6bd1c68b1ec8fc6a6550e31f844b1,1124,0,27,4
1,21,0,0,0,0.018902366,0.0082439999999999996,0,55459840,NA,NA,NA,NA,NA,NA,NA,NA,2408,135,5,1,3d4d37e7dcef36139698862d60d536450dfb480779ac0676046a82e065e8af0f,1061,0,11,2
1,21,1,1,0,0.019524853000000002,0.0027889999999999998,0.0055719999999999997,55328768,NA,NA,NA,NA,NA,NA,NA,NA,2408,135,5,1,3d4d37e7dcef36139698862d60d536450dfb480779ac0676046a82e065e8af0f,1028,0,11,3
1,21,0,1,2,0.040749142000000002,0.026124999999999999,0.0032649999999999997,131223552,NA,NA,NA,NA,NA,NA,NA,NA,837856,318511,16385,4096,b4f737276339a7626b246c204b626e79f9d9ec0f1f160233a5aa1c27728af83f,1070,0,26,4
1,21,1,0,2,0.040825263000000001,0.029374999999999998,0,131575808,NA,NA,NA,NA,NA,NA,NA,NA,837856,318511,16385,4096,b4f737276339a7626b246c204b626e79f9d9ec0f1f160233a5aa1c27728af83f,631,0,16,4
1,21,0,1,3,0.059863095000000005,0.041554000000000001,0.0063949999999999996,181452800,NA,NA,NA,NA,NA,NA,NA,NA,1968568,2240463,32773,1,c491f4791a93a71124b9219b05e718490cf6bd1c68b1ec8fc6a6550e31f844b1,682,0,45,6
1,21,1,0,3,0.060219111000000006,0.041867999999999995,0.0064449999999999993,181321728,NA,NA,NA,NA,NA,NA,NA,NA,1968568,2240463,32773,1,c491f4791a93a71124b9219b05e718490cf6bd1c68b1ec8fc6a6550e31f844b1,1123,0,36,4
1,21,0,0,1,0.055486554,0.033673999999999996,0.010102,156545024,NA,NA,NA,NA,NA,NA,NA,NA,994016,407679,8197,1,76f10b65f44b546f736cef2848789238eb7a5f77ce08b564ccca55b5bdc08f36,637,0,47,2
1,21,1,1,1,0.055490601000000001,0.036510000000000001,0.0072959999999999995,156504064,NA,NA,NA,NA,NA,NA,NA,NA,994016,407679,8197,1,76f10b65f44b546f736cef2848789238eb7a5f77ce08b564ccca55b5bdc08f36,1083,0,25,2
1,21,0,0,4,0.20351811900000003,0.16179499999999999,0.016857,428408832,NA,NA,NA,NA,NA,NA,NA,NA,5833440,1882629,26625,512,0f41e20848de6408cce7b1c5f57f0212c9401233ca75c7b6652c8ea62bfcd43f,786,0,168,4
1,21,1,1,4,0.20940101200000003,0.15653,0.023316999999999997,428281856,NA,NA,NA,NA,NA,NA,NA,NA,5833440,1882629,26625,512,0f41e20848de6408cce7b1c5f57f0212c9401233ca75c7b6652c8ea62bfcd43f,1243,0,116,3
1,21,0,1,5,0.43220424600000001,0.36463000000000001,0.046796999999999998,1023270912,NA,NA,NA,NA,NA,NA,NA,NA,11457352,5690734,153602,512,388033e7552b3b3255277a47381a62d5067155e67b74e663ad0ac019ed72fc50,1577,0,71,5
1,21,1,0,5,0.44486681,0.39572199999999996,0.020129999999999999,1023488000,NA,NA,NA,NA,NA,NA,NA,NA,11457352,5690734,153602,512,388033e7552b3b3255277a47381a62d5067155e67b74e663ad0ac019ed72fc50,1581,0,171,6
1,22,0,1,2,0.041180048000000004,0.023143999999999998,0.00662,131186688,NA,NA,NA,NA,NA,NA,NA,NA,837856,318511,16385,4096,b4f737276339a7626b246c204b626e79f9d9ec0f1f160233a5aa1c27728af83f,1071,0,22,4
1,22,1,0,2,0.040981666999999999,0.020766,0.008907,131448832,NA,NA,NA,NA,NA,NA,NA,NA,837856,318511,16385,4096,b4f737276339a7626b246c204b626e79f9d9ec0f1f160233a5aa1c27728af83f,627,0,29,3
1,22,0,0,1,0.055414941000000002,0.037383,0.0062289999999999993,156459008,NA,NA,NA,NA,NA,NA,NA,NA,994016,407679,8197,1,76f10b65f44b546f736cef2848789238eb7a5f77ce08b564ccca55b5bdc08f36,637,0,47,6
1,22,1,1,1,0.055459654000000004,0.037163000000000002,0.0067589999999999994,156442624,NA,NA,NA,NA,NA,NA,NA,NA,994016,407679,8197,1,76f10b65f44b546f736cef2848789238eb7a5f77ce08b564ccca55b5bdc08f36,1105,0,24,3
1,22,0,1,5,0.439010228,0.38095899999999999,0.036427000000000001,1023488000,NA,NA,NA,NA,NA,NA,NA,NA,11457352,5690734,153602,512,388033e7552b3b3255277a47381a62d5067155e67b74e663ad0ac019ed72fc50,1604,0,158,8
1,22,1,0,5,0.43837054800000003,0.36127100000000001,0.055829999999999998,1023561728,NA,NA,NA,NA,NA,NA,NA,NA,11457352,5690734,153602,512,388033e7552b3b3255277a47381a62d5067155e67b74e663ad0ac019ed72fc50,1580,0,151,9
1,22,0,1,3,0.065597840000000004,0.045294000000000001,0.0032339999999999999,181305344,NA,NA,NA,NA,NA,NA,NA,NA,1968568,2240463,32773,1,c491f4791a93a71124b9219b05e718490cf6bd1c68b1ec8fc6a6550e31f844b1,1123,0,36,4
1,22,1,0,3,0.060367649000000002,0.041505,0.0069239999999999996,181325824,NA,NA,NA,NA,NA,NA,NA,NA,1968568,2240463,32773,1,c491f4791a93a71124b9219b05e718490cf6bd1c68b1ec8fc6a6550e31f844b1,1125,0,37,4
1,22,0,0,0,0.018879063000000001,0.0053470000000000002,0.0026749999999999999,55508992,NA,NA,NA,NA,NA,NA,NA,NA,2408,135,5,1,3d4d37e7dcef36139698862d60d536450dfb480779ac0676046a82e065e8af0f,585,0,11,3
1,22,1,1,0,0.018698495000000002,0.0040429999999999997,0.004045,55390208,NA,NA,NA,NA,NA,NA,NA,NA,2408,135,5,1,3d4d37e7dcef36139698862d60d536450dfb480779ac0676046a82e065e8af0f,1026,0,13,4
1,22,0,0,4,0.19793553900000002,0.15523999999999999,0.023632,428576768,NA,NA,NA,NA,NA,NA,NA,NA,5833440,1882629,26625,512,0f41e20848de6408cce7b1c5f57f0212c9401233ca75c7b6652c8ea62bfcd43f,1252,0,184,5
1,22,1,1,4,0.19892431200000002,0.16006899999999999,0.019601999999999998,428220416,NA,NA,NA,NA,NA,NA,NA,NA,5833440,1882629,26625,512,0f41e20848de6408cce7b1c5f57f0212c9401233ca75c7b6652c8ea62bfcd43f,1237,0,182,4
1,23,0,0,5,0.43484699600000004,0.36812299999999998,0.045992999999999999,1023606784,NA,NA,NA,NA,NA,NA,NA,NA,11457352,5690734,153602,512,388033e7552b3b3255277a47381a62d5067155e67b74e663ad0ac019ed72fc50,1593,0,200,5
1,23,1,1,5,0.44530819800000004,0.37911899999999998,0.036264999999999999,1023586304,NA,NA,NA,NA,NA,NA,NA,NA,11457352,5690734,153602,512,388033e7552b3b3255277a47381a62d5067155e67b74e663ad0ac019ed72fc50,1583,0,215,7
1,23,0,1,1,0.055738186000000002,0.033857999999999999,0.010163,156315648,NA,NA,NA,NA,NA,NA,NA,NA,994016,407679,8197,1,76f10b65f44b546f736cef2848789238eb7a5f77ce08b564ccca55b5bdc08f36,1079,0,24,3
1,23,1,0,1,0.055588676000000004,0.030655999999999999,0.013620999999999999,156372992,NA,NA,NA,NA,NA,NA,NA,NA,994016,407679,8197,1,76f10b65f44b546f736cef2848789238eb7a5f77ce08b564ccca55b5bdc08f36,1078,0,31,5
1,23,0,0,2,0.040928547000000003,0.029644,0,131289088,NA,NA,NA,NA,NA,NA,NA,NA,837856,318511,16385,4096,b4f737276339a7626b246c204b626e79f9d9ec0f1f160233a5aa1c27728af83f,625,0,22,3
1,23,1,1,2,0.040902829000000002,0.026029999999999998,0.0037209999999999999,131272704,NA,NA,NA,NA,NA,NA,NA,NA,837856,318511,16385,4096,b4f737276339a7626b246c204b626e79f9d9ec0f1f160233a5aa1c27728af83f,1070,0,17,4
1,23,0,0,3,0.059889695000000007,0.035400999999999995,0.012872999999999999,181301248,NA,NA,NA,NA,NA,NA,NA,NA,1968568,2240463,32773,1,c491f4791a93a71124b9219b05e718490cf6bd1c68b1ec8fc6a6550e31f844b1,1125,0,34,4
1,23,1,1,3,0.060253888000000005,0.041894999999999995,0.0064469999999999996,181555200,NA,NA,NA,NA,NA,NA,NA,NA,1968568,2240463,32773,1,c491f4791a93a71124b9219b05e718490cf6bd1c68b1ec8fc6a6550e31f844b1,681,0,36,2
1,23,0,1,0,0.018962640000000003,0.0083350000000000004,0,55164928,NA,NA,NA,NA,NA,NA,NA,NA,2408,135,5,1,3d4d37e7dcef36139698862d60d536450dfb480779ac0676046a82e065e8af0f,1027,0,13,3
1,23,1,0,0,0.019407465000000002,0.0054339999999999996,0.0027159999999999997,55267328,NA,NA,NA,NA,NA,NA,NA,NA,2408,135,5,1,3d4d37e7dcef36139698862d60d536450dfb480779ac0676046a82e065e8af0f,1026,0,11,3
1,23,0,1,4,0.19854442,0.16575499999999999,0.013519,428384256,NA,NA,NA,NA,NA,NA,NA,NA,5833440,1882629,26625,512,0f41e20848de6408cce7b1c5f57f0212c9401233ca75c7b6652c8ea62bfcd43f,1237,0,121,8
1,23,1,0,4,0.19833864400000001,0.172126,0.0067469999999999995,428679168,NA,NA,NA,NA,NA,NA,NA,NA,5833440,1882629,26625,512,0f41e20848de6408cce7b1c5f57f0212c9401233ca75c7b6652c8ea62bfcd43f,795,0,188,3
1,24,0,0,3,0.060340980000000002,0.038077,0.010395,181329920,NA,NA,NA,NA,NA,NA,NA,NA,1968568,2240463,32773,1,c491f4791a93a71124b9219b05e718490cf6bd1c68b1ec8fc6a6550e31f844b1,1126,0,23,5
1,24,1,1,3,0.06012224,0.048264999999999995,0,181432320,NA,NA,NA,NA,NA,NA,NA,NA,1968568,2240463,32773,1,c491f4791a93a71124b9219b05e718490cf6bd1c68b1ec8fc6a6550e31f844b1,1126,0,45,4
1,24,0,1,2,0.041331481000000003,0.018054999999999998,0.012013999999999999,130985984,NA,NA,NA,NA,NA,NA,NA,NA,837856,318511,16385,4096,b4f737276339a7626b246c204b626e79f9d9ec0f1f160233a5aa1c27728af83f,1068,0,30,3
1,24,1,0,2,0.040981256000000001,0.029753999999999999,0,131178496,NA,NA,NA,NA,NA,NA,NA,NA,837856,318511,16385,4096,b4f737276339a7626b246c204b626e79f9d9ec0f1f160233a5aa1c27728af83f,1084,0,21,3
1,24,0,0,0,0.019243657000000001,0.0082880000000000002,0,55308288,NA,NA,NA,NA,NA,NA,NA,NA,2408,135,5,1,3d4d37e7dcef36139698862d60d536450dfb480779ac0676046a82e065e8af0f,1031,0,11,3
1,24,1,1,0,0.018592707,0.0078359999999999992,0,55377920,NA,NA,NA,NA,NA,NA,NA,NA,2408,135,5,1,3d4d37e7dcef36139698862d60d536450dfb480779ac0676046a82e065e8af0f,1028,0,12,3
1,24,0,1,4,0.19878401900000001,0.16283499999999998,0.016617,428601344,NA,NA,NA,NA,NA,NA,NA,NA,5833440,1882629,26625,512,0f41e20848de6408cce7b1c5f57f0212c9401233ca75c7b6652c8ea62bfcd43f,796,0,141,7
1,24,1,0,4,0.199254971,0.15966,0.020367,428826624,NA,NA,NA,NA,NA,NA,NA,NA,5833440,1882629,26625,512,0f41e20848de6408cce7b1c5f57f0212c9401233ca75c7b6652c8ea62bfcd43f,790,0,131,3
1,24,0,1,1,0.055349798000000006,0.036962999999999996,0.0067059999999999993,156483584,NA,NA,NA,NA,NA,NA,NA,NA,994016,407679,8197,1,76f10b65f44b546f736cef2848789238eb7a5f77ce08b564ccca55b5bdc08f36,1082,0,16,4
1,24,1,0,1,0.055460004,0.034483,0.0093629999999999998,156475392,NA,NA,NA,NA,NA,NA,NA,NA,994016,407679,8197,1,76f10b65f44b546f736cef2848789238eb7a5f77ce08b564ccca55b5bdc08f36,1085,0,18,4
1,24,0,1,5,0.43360853600000004,0.366116,0.046574999999999998,1023528960,NA,NA,NA,NA,NA,NA,NA,NA,11457352,5690734,153602,512,388033e7552b3b3255277a47381a62d5067155e67b74e663ad0ac019ed72fc50,1581,0,131,7
1,24,1,0,5,0.43428280800000002,0.370647,0.043393999999999995,1023578112,NA,NA,NA,NA,NA,NA,NA,NA,11457352,5690734,153602,512,388033e7552b3b3255277a47381a62d5067155e67b74e663ad0ac019ed72fc50,1582,0,57,6
1,25,0,0,5,0.44601323800000003,0.370423,0.046718999999999997,1023569920,NA,NA,NA,NA,NA,NA,NA,NA,11457352,5690734,153602,512,388033e7552b3b3255277a47381a62d5067155e67b74e663ad0ac019ed72fc50,1584,0,238,6
1,25,1,1,5,0.43630239300000001,0.379911,0.036646999999999999,1023283200,NA,NA,NA,NA,NA,NA,NA,NA,11457352,5690734,153602,512,388033e7552b3b3255277a47381a62d5067155e67b74e663ad0ac019ed72fc50,1578,0,310,4
1,25,0,0,4,0.19908051400000001,0.15604899999999999,0.023734999999999999,428240896,NA,NA,NA,NA,NA,NA,NA,NA,5833440,1882629,26625,512,0f41e20848de6408cce7b1c5f57f0212c9401233ca75c7b6652c8ea62bfcd43f,1236,0,209,5
1,25,1,1,4,0.19797175700000003,0.16498699999999999,0.013470999999999999,428625920,NA,NA,NA,NA,NA,NA,NA,NA,5833440,1882629,26625,512,0f41e20848de6408cce7b1c5f57f0212c9401233ca75c7b6652c8ea62bfcd43f,1241,0,143,6
1,25,0,1,0,0.018696873000000003,0.0081849999999999996,0,55627776,NA,NA,NA,NA,NA,NA,NA,NA,2408,135,5,1,3d4d37e7dcef36139698862d60d536450dfb480779ac0676046a82e065e8af0f,585,0,12,1
1,25,1,0,0,0.01831168,0.0078259999999999996,0,55230464,NA,NA,NA,NA,NA,NA,NA,NA,2408,135,5,1,3d4d37e7dcef36139698862d60d536450dfb480779ac0676046a82e065e8af0f,1028,0,12,2
1,25,0,0,2,0.040664953000000004,0.020482,0.0087889999999999999,131416064,NA,NA,NA,NA,NA,NA,NA,NA,837856,318511,16385,4096,b4f737276339a7626b246c204b626e79f9d9ec0f1f160233a5aa1c27728af83f,628,0,26,5
1,25,1,1,2,0.041249499000000002,0.016597999999999998,0.013262999999999999,131067904,NA,NA,NA,NA,NA,NA,NA,NA,837856,318511,16385,4096,b4f737276339a7626b246c204b626e79f9d9ec0f1f160233a5aa1c27728af83f,1070,0,25,4
1,25,0,1,3,0.060043013000000006,0.033272999999999997,0.015122,181436416,NA,NA,NA,NA,NA,NA,NA,NA,1968568,2240463,32773,1,c491f4791a93a71124b9219b05e718490cf6bd1c68b1ec8fc6a6550e31f844b1,1128,0,51,5
1,25,1,0,3,0.059308746000000002,0.034264999999999997,0.013712999999999999,181596160,NA,NA,NA,NA,NA,NA,NA,NA,1968568,2240463,32773,1,c491f4791a93a71124b9219b05e718490cf6bd1c68b1ec8fc6a6550e31f844b1,683,0,54,4
1,25,0,0,1,0.055403679000000004,0.031236,0.012475999999999999,156213248,NA,NA,NA,NA,NA,NA,NA,NA,994016,407679,8197,1,76f10b65f44b546f736cef2848789238eb7a5f77ce08b564ccca55b5bdc08f36,1082,0,17,3
1,25,1,1,1,0.055595948000000006,0.040774999999999999,0.00314,156393472,NA,NA,NA,NA,NA,NA,NA,NA,994016,407679,8197,1,76f10b65f44b546f736cef2848789238eb7a5f77ce08b564ccca55b5bdc08f36,1082,0,19,5
1,26,0,0,1,0.055537570000000001,0.037183000000000001,0.0067599999999999995,156200960,NA,NA,NA,NA,NA,NA,NA,NA,994016,407679,8197,1,76f10b65f44b546f736cef2848789238eb7a5f77ce08b564ccca55b5bdc08f36,1079,0,30,3
1,26,1,1,1,0.056040301000000001,0.038102999999999998,0.0063279999999999994,156647424,NA,NA,NA,NA,NA,NA,NA,NA,994016,407679,8197,1,76f10b65f44b546f736cef2848789238eb7a5f77ce08b564ccca55b5bdc08f36,640,0,43,3
1,26,0,1,2,0.041402124000000005,0.020074999999999999,0.010019999999999999,131031040,NA,NA,NA,NA,NA,NA,NA,NA,837856,318511,16385,4096,b4f737276339a7626b246c204b626e79f9d9ec0f1f160233a5aa1c27728af83f,1067,0,19,2
1,26,1,0,2,0.041087035000000001,0.023240999999999998,0.0066259999999999999,131133440,NA,NA,NA,NA,NA,NA,NA,NA,837856,318511,16385,4096,b4f737276339a7626b246c204b626e79f9d9ec0f1f160233a5aa1c27728af83f,1071,0,22,3
1,26,0,0,3,0.060048532000000002,0.041280999999999998,0.0068719999999999996,181334016,NA,NA,NA,NA,NA,NA,NA,NA,1968568,2240463,32773,1,c491f4791a93a71124b9219b05e718490cf6bd1c68b1ec8fc6a6550e31f844b1,1122,0,32,4
1,26,1,1,3,0.065285755000000001,0.041883999999999998,0.0064459999999999995,181342208,NA,NA,NA,NA,NA,NA,NA,NA,1968568,2240463,32773,1,c491f4791a93a71124b9219b05e718490cf6bd1c68b1ec8fc6a6550e31f844b1,1124,0,34,3
1,26,0,0,0,0.01861525,0.0026570000000000001,0.0053400000000000001,55238656,NA,NA,NA,NA,NA,NA,NA,NA,2408,135,5,1,3d4d37e7dcef36139698862d60d536450dfb480779ac0676046a82e065e8af0f,1030,0,12,3
1,26,1,1,0,0.018501976,0.0039829999999999996,0.00398,55197696,NA,NA,NA,NA,NA,NA,NA,NA,2408,135,5,1,3d4d37e7dcef36139698862d60d536450dfb480779ac0676046a82e065e8af0f,1024,0,11,2
1,26,0,0,4,0.19699618900000002,0.15148200000000001,0.026345999999999998,428724224,NA,NA,NA,NA,NA,NA,NA,NA,5833440,1882629,26625,512,0f41e20848de6408cce7b1c5f57f0212c9401233ca75c7b6652c8ea62bfcd43f,1271,0,153,8
1,26,1,1,4,0.19910771500000002,0.15678599999999998,0.022858,428511232,NA,NA,NA,NA,NA,NA,NA,NA,5833440,1882629,26625,512,0f41e20848de6408cce7b1c5f57f0212c9401233ca75c7b6652c8ea62bfcd43f,1237,0,151,6
1,26,0,1,5,0.43533813700000001,0.37789200000000001,0.036790999999999997,1023565824,NA,NA,NA,NA,NA,NA,NA,NA,11457352,5690734,153602,512,388033e7552b3b3255277a47381a62d5067155e67b74e663ad0ac019ed72fc50,1581,0,314,3
1,26,1,0,5,0.43748113100000002,0.37965699999999997,0.036610999999999998,1023606784,NA,NA,NA,NA,NA,NA,NA,NA,11457352,5690734,153602,512,388033e7552b3b3255277a47381a62d5067155e67b74e663ad0ac019ed72fc50,1584,0,184,9
1,27,0,1,3,0.059609299000000004,0.037768999999999997,0.010307999999999999,181657600,NA,NA,NA,NA,NA,NA,NA,NA,1968568,2240463,32773,1,c491f4791a93a71124b9219b05e718490cf6bd1c68b1ec8fc6a6550e31f844b1,683,0,74,3
1,27,1,0,3,0.060408457000000006,0.039065999999999997,0.0097689999999999999,181346304,NA,NA,NA,NA,NA,NA,NA,NA,1968568,2240463,32773,1,c491f4791a93a71124b9219b05e718490cf6bd1c68b1ec8fc6a6550e31f844b1,1127,0,52,4
1,27,0,1,4,0.19752034100000002,0.14526899999999998,0.033020000000000001,428511232,NA,NA,NA,NA,NA,NA,NA,NA,5833440,1882629,26625,512,0f41e20848de6408cce7b1c5f57f0212c9401233ca75c7b6652c8ea62bfcd43f,1238,0,188,5
1,27,1,0,4,0.19915560400000001,0.15650500000000001,0.023313,428412928,NA,NA,NA,NA,NA,NA,NA,NA,5833440,1882629,26625,512,0f41e20848de6408cce7b1c5f57f0212c9401233ca75c7b6652c8ea62bfcd43f,1246,0,177,5
1,27,0,0,2,0.040958473000000002,0.020753000000000001,0.0089029999999999995,131031040,NA,NA,NA,NA,NA,NA,NA,NA,837856,318511,16385,4096,b4f737276339a7626b246c204b626e79f9d9ec0f1f160233a5aa1c27728af83f,1068,0,20,4
1,27,1,1,2,0.041242967000000005,0.019983999999999998,0.0099950000000000004,131342336,NA,NA,NA,NA,NA,NA,NA,NA,837856,318511,16385,4096,b4f737276339a7626b246c204b626e79f9d9ec0f1f160233a5aa1c27728af83f,625,0,24,3
1,27,0,1,0,0.019927038000000001,0.0056509999999999998,0.0028170000000000001,55226368,NA,NA,NA,NA,NA,NA,NA,NA,2408,135,5,1,3d4d37e7dcef36139698862d60d536450dfb480779ac0676046a82e065e8af0f,1026,0,10,2
1,27,1,0,0,0.019448991000000002,0.0041710000000000002,0.0041609999999999998,55234560,NA,NA,NA,NA,NA,NA,NA,NA,2408,135,5,1,3d4d37e7dcef36139698862d60d536450dfb480779ac0676046a82e065e8af0f,1027,0,9,3
1,27,0,1,1,0.055074473000000006,0.036067999999999996,0.0072259999999999998,156508160,NA,NA,NA,NA,NA,NA,NA,NA,994016,407679,8197,1,76f10b65f44b546f736cef2848789238eb7a5f77ce08b564ccca55b5bdc08f36,1086,0,29,6
1,27,1,0,1,0.055437874000000005,0.034432999999999998,0.009384,156409856,NA,NA,NA,NA,NA,NA,NA,NA,994016,407679,8197,1,76f10b65f44b546f736cef2848789238eb7a5f77ce08b564ccca55b5bdc08f36,1087,0,25,4
1,27,0,0,5,0.44436209400000004,0.37802199999999997,0.036444999999999998,1023614976,NA,NA,NA,NA,NA,NA,NA,NA,11457352,5690734,153602,512,388033e7552b3b3255277a47381a62d5067155e67b74e663ad0ac019ed72fc50,1584,0,208,5
1,27,1,1,5,0.433678797,0.37664799999999998,0.036665999999999997,1023913984,NA,NA,NA,NA,NA,NA,NA,NA,11457352,5690734,153602,512,388033e7552b3b3255277a47381a62d5067155e67b74e663ad0ac019ed72fc50,1133,0,280,3
1,28,0,0,3,0.059921794,0.044524000000000001,0.0034269999999999999,181719040,NA,NA,NA,NA,NA,NA,NA,NA,1968568,2240463,32773,1,c491f4791a93a71124b9219b05e718490cf6bd1c68b1ec8fc6a6550e31f844b1,685,0,47,4
1,28,1,1,3,0.059885357000000007,0.037941999999999997,0.010350999999999999,181035008,NA,NA,NA,NA,NA,NA,NA,NA,1968568,2240463,32773,1,c491f4791a93a71124b9219b05e718490cf6bd1c68b1ec8fc6a6550e31f844b1,1119,0,27,3
1,28,0,0,5,0.45078764400000004,0.373108,0.040337999999999999,1023815680,NA,NA,NA,NA,NA,NA,NA,NA,11457352,5690734,153602,512,388033e7552b3b3255277a47381a62d5067155e67b74e663ad0ac019ed72fc50,1139,0,205,4
1,28,1,1,5,0.43390222500000003,0.36625799999999997,0.047056000000000001,1023750144,NA,NA,NA,NA,NA,NA,NA,NA,11457352,5690734,153602,512,388033e7552b3b3255277a47381a62d5067155e67b74e663ad0ac019ed72fc50,1137,0,223,6
1,28,0,1,1,0.055213363000000001,0.043532999999999995,0,156819456,NA,NA,NA,NA,NA,NA,NA,NA,994016,407679,8197,1,76f10b65f44b546f736cef2848789238eb7a5f77ce08b564ccca55b5bdc08f36,638,0,27,3
1,28,1,0,1,0.055133433000000003,0.030178999999999997,0.013415,156655616,NA,NA,NA,NA,NA,NA,NA,NA,994016,407679,8197,1,76f10b65f44b546f736cef2848789238eb7a5f77ce08b564ccca55b5bdc08f36,637,0,35,3
1,28,0,0,2,0.040731658000000004,0.029357999999999999,0,131162112,NA,NA,NA,NA,NA,NA,NA,NA,837856,318511,16385,4096,b4f737276339a7626b246c204b626e79f9d9ec0f1f160233a5aa1c27728af83f,1072,0,23,3
1,28,1,1,2,0.044760297000000004,0.025909999999999999,0.003705,131235840,NA,NA,NA,NA,NA,NA,NA,NA,837856,318511,16385,4096,b4f737276339a7626b246c204b626e79f9d9ec0f1f160233a5aa1c27728af83f,1070,0,25,5
1,28,0,1,0,0.018927554000000003,0.008319,0,55365632,NA,NA,NA,NA,NA,NA,NA,NA,2408,135,5,1,3d4d37e7dcef36139698862d60d536450dfb480779ac0676046a82e065e8af0f,1030,0,11,4
1,28,1,0,0,0.018407118,0.0052169999999999994,0.002611,55189504,NA,NA,NA,NA,NA,NA,NA,NA,2408,135,5,1,3d4d37e7dcef36139698862d60d536450dfb480779ac0676046a82e065e8af0f,1027,0,11,3
1,28,0,0,4,0.18966381100000002,0.17140999999999998,0.0067239999999999999,428511232,NA,NA,NA,NA,NA,NA,NA,NA,5833440,1882629,26625,512,0f41e20848de6408cce7b1c5f57f0212c9401233ca75c7b6652c8ea62bfcd43f,1239,0,188,4
1,28,1,1,4,0.19894862600000002,0.15942699999999999,0.020355999999999999,428507136,NA,NA,NA,NA,NA,NA,NA,NA,5833440,1882629,26625,512,0f41e20848de6408cce7b1c5f57f0212c9401233ca75c7b6652c8ea62bfcd43f,1254,0,118,4
1,29,0,1,4,0.19939303900000002,0.15926999999999999,0.019902,428486656,NA,NA,NA,NA,NA,NA,NA,NA,5833440,1882629,26625,512,0f41e20848de6408cce7b1c5f57f0212c9401233ca75c7b6652c8ea62bfcd43f,1238,0,104,5
1,29,1,0,4,0.19795035600000002,0.154838,0.023560999999999999,428302336,NA,NA,NA,NA,NA,NA,NA,NA,5833440,1882629,26625,512,0f41e20848de6408cce7b1c5f57f0212c9401233ca75c7b6652c8ea62bfcd43f,1236,0,187,7
1,29,0,0,0,0.023325775,0.0043109999999999997,0.0043140000000000001,55226368,NA,NA,NA,NA,NA,NA,NA,NA,2408,135,5,1,3d4d37e7dcef36139698862d60d536450dfb480779ac0676046a82e065e8af0f,1025,0,12,3
1,29,1,1,0,0.019263052000000003,0.0081549999999999991,0,55345152,NA,NA,NA,NA,NA,NA,NA,NA,2408,135,5,1,3d4d37e7dcef36139698862d60d536450dfb480779ac0676046a82e065e8af0f,1031,0,9,3
1,29,0,0,1,0.054694871000000006,0.036367999999999998,0.0066149999999999994,156508160,NA,NA,NA,NA,NA,NA,NA,NA,994016,407679,8197,1,76f10b65f44b546f736cef2848789238eb7a5f77ce08b564ccca55b5bdc08f36,629,0,47,5
1,29,1,1,1,0.055196872000000001,0.033757999999999996,0.010123,156250112,NA,NA,NA,NA,NA,NA,NA,NA,994016,407679,8197,1,76f10b65f44b546f736cef2848789238eb7a5f77ce08b564ccca55b5bdc08f36,1081,0,32,3
1,29,0,1,2,0.040610893000000002,0.022213,0.0074079999999999997,131342336,NA,NA,NA,NA,NA,NA,NA,NA,837856,318511,16385,4096,b4f737276339a7626b246c204b626e79f9d9ec0f1f160233a5aa1c27728af83f,1090,0,27,3
1,29,1,0,2,0.040979002,0.026298999999999999,0.0037389999999999997,130916352,NA,NA,NA,NA,NA,NA,NA,NA,837856,318511,16385,4096,b4f737276339a7626b246c204b626e79f9d9ec0f1f160233a5aa1c27728af83f,1067,0,40,4
1,29,0,1,5,0.43353555900000001,0.35968699999999998,0.053254999999999997,1024106496,NA,NA,NA,NA,NA,NA,NA,NA,11457352,5690734,153602,512,388033e7552b3b3255277a47381a62d5067155e67b74e663ad0ac019ed72fc50,1142,0,325,6
1,29,1,0,5,0.435119378,0.37093199999999998,0.043456999999999996,1023582208,NA,NA,NA,NA,NA,NA,NA,NA,11457352,5690734,153602,512,388033e7552b3b3255277a47381a62d5067155e67b74e663ad0ac019ed72fc50,1583,0,260,8
1,29,0,1,3,0.059889053000000005,0.041270999999999995,0.0068829999999999994,181104640,NA,NA,NA,NA,NA,NA,NA,NA,1968568,2240463,32773,1,c491f4791a93a71124b9219b05e718490cf6bd1c68b1ec8fc6a6550e31f844b1,1119,0,17,4
1,29,1,0,3,0.060041609000000003,0.037939000000000001,0.010354,181628928,NA,NA,NA,NA,NA,NA,NA,NA,1968568,2240463,32773,1,c491f4791a93a71124b9219b05e718490cf6bd1c68b1ec8fc6a6550e31f844b1,679,0,46,3
1,30,0,1,3,0.060049664000000003,0.045225000000000001,0.0032229999999999997,181379072,NA,NA,NA,NA,NA,NA,NA,NA,1968568,2240463,32773,1,c491f4791a93a71124b9219b05e718490cf6bd1c68b1ec8fc6a6550e31f844b1,1162,0,37,3
1,30,1,0,3,0.060159480000000001,0.037884000000000001,0.010331999999999999,181428224,NA,NA,NA,NA,NA,NA,NA,NA,1968568,2240463,32773,1,c491f4791a93a71124b9219b05e718490cf6bd1c68b1ec8fc6a6550e31f844b1,1123,0,51,3
1,30,0,1,0,0.018640095000000002,0.004045,0.0040499999999999998,55238656,NA,NA,NA,NA,NA,NA,NA,NA,2408,135,5,1,3d4d37e7dcef36139698862d60d536450dfb480779ac0676046a82e065e8af0f,582,0,12,3
1,30,1,0,0,0.019642445000000001,0.004084,0.0040829999999999998,55267328,NA,NA,NA,NA,NA,NA,NA,NA,2408,135,5,1,3d4d37e7dcef36139698862d60d536450dfb480779ac0676046a82e065e8af0f,1029,0,10,3
1,30,0,1,2,0.040767025000000005,0.020645,0.008827999999999999,131072000,NA,NA,NA,NA,NA,NA,NA,NA,837856,318511,16385,4096,b4f737276339a7626b246c204b626e79f9d9ec0f1f160233a5aa1c27728af83f,1069,0,32,4
1,30,1,0,2,0.041136066000000006,0.021016,0.0090060000000000001,131354624,NA,NA,NA,NA,NA,NA,NA,NA,837856,318511,16385,4096,b4f737276339a7626b246c204b626e79f9d9ec0f1f160233a5aa1c27728af83f,1072,0,27,4
1,30,0,1,5,0.44291832900000006,0.37064199999999997,0.043400999999999995,1023602688,NA,NA,NA,NA,NA,NA,NA,NA,11457352,5690734,153602,512,388033e7552b3b3255277a47381a62d5067155e67b74e663ad0ac019ed72fc50,1582,0,312,8
1,30,1,0,5,0.42762652600000001,0.382355,0.033235000000000001,1023471616,NA,NA,NA,NA,NA,NA,NA,NA,11457352,5690734,153602,512,388033e7552b3b3255277a47381a62d5067155e67b74e663ad0ac019ed72fc50,1580,0,223,5
1,30,0,0,4,0.199098197,0.16003899999999999,0.020013,428371968,NA,NA,NA,NA,NA,NA,NA,NA,5833440,1882629,26625,512,0f41e20848de6408cce7b1c5f57f0212c9401233ca75c7b6652c8ea62bfcd43f,1235,0,166,4
1,30,1,1,4,0.19826517700000001,0.168959,0.010145,428482560,NA,NA,NA,NA,NA,NA,NA,NA,5833440,1882629,26625,512,0f41e20848de6408cce7b1c5f57f0212c9401233ca75c7b6652c8ea62bfcd43f,1237,0,183,6
1,30,0,1,1,0.055397297000000005,0.040437999999999995,0.0033729999999999997,156381184,NA,NA,NA,NA,NA,NA,NA,NA,994016,407679,8197,1,76f10b65f44b546f736cef2848789238eb7a5f77ce08b564ccca55b5bdc08f36,1080,0,22,4
1,30,1,0,1,0.055115298,0.034326999999999996,0.0093130000000000001,156696576,NA,NA,NA,NA,NA,NA,NA,NA,994016,407679,8197,1,76f10b65f44b546f736cef2848789238eb7a5f77ce08b564ccca55b5bdc08f36,641,0,21,3
1,31,0,0,3,0.060110448000000004,0.044877,0.003454,181387264,NA,NA,NA,NA,NA,NA,NA,NA,1968568,2240463,32773,1,c491f4791a93a71124b9219b05e718490cf6bd1c68b1ec8fc6a6550e31f844b1,1130,0,51,5
1,31,1,1,3,0.060685265000000002,0.039716999999999995,0.0091690000000000001,181264384,NA,NA,NA,NA,NA,NA,NA,NA,1968568,2240463,32773,1,c491f4791a93a71124b9219b05e718490cf6bd1c68b1ec8fc6a6550e31f844b1,1123,0,51,4
1,31,0,0,0,0.018759609,0.0055629999999999994,0.0027819999999999998,55336960,NA,NA,NA,NA,NA,NA,NA,NA,2408,135,5,1,3d4d37e7dcef36139698862d60d536450dfb480779ac0676046a82e065e8af0f,1025,0,13,3
1,31,1,1,0,0.018160858000000002,0.0075629999999999994,0,55275520,NA,NA,NA,NA,NA,NA,NA,NA,2408,135,5,1,3d4d37e7dcef36139698862d60d536450dfb480779ac0676046a82e065e8af0f,1028,0,12,2
1,31,0,0,2,0.040228686,0.025985999999999999,0.003251,131313664,NA,NA,NA,NA,NA,NA,NA,NA,837856,318511,16385,4096,b4f737276339a7626b246c204b626e79f9d9ec0f1f160233a5aa1c27728af83f,1085,0,38,5
1,31,1,1,2,0.041057018000000001,0.023909,0.0059719999999999999,131026944,NA,NA,NA,NA,NA,NA,NA,NA,837856,318511,16385,4096,b4f737276339a7626b246c204b626e79f9d9ec0f1f160233a5aa1c27728af83f,1069,0,28,3
1,31,0,0,1,0.055494270000000005,0.033916999999999996,0.010163999999999999,156364800,NA,NA,NA,NA,NA,NA,NA,NA,994016,407679,8197,1,76f10b65f44b546f736cef2848789238eb7a5f77ce08b564ccca55b5bdc08f36,1082,0,22,4
1,31,1,1,1,0.054869157000000002,0.039510999999999998,0.0039309999999999996,156590080,NA,NA,NA,NA,NA,NA,NA,NA,994016,407679,8197,1,76f10b65f44b546f736cef2848789238eb7a5f77ce08b564ccca55b5bdc08f36,1102,0,44,4
1,31,0,1,4,0.19821683700000001,0.15324699999999999,0.026054999999999998,428081152,NA,NA,NA,NA,NA,NA,NA,NA,5833440,1882629,26625,512,0f41e20848de6408cce7b1c5f57f0212c9401233ca75c7b6652c8ea62bfcd43f,1234,0,162,5
1,31,1,0,4,0.19853747600000002,0.15943499999999999,0.019920999999999998,428638208,NA,NA,NA,NA,NA,NA,NA,NA,5833440,1882629,26625,512,0f41e20848de6408cce7b1c5f57f0212c9401233ca75c7b6652c8ea62bfcd43f,791,0,134,3
1,31,0,0,5,0.44498604300000005,0.37961099999999998,0.036601000000000002,1023660032,NA,NA,NA,NA,NA,NA,NA,NA,11457352,5690734,153602,512,388033e7552b3b3255277a47381a62d5067155e67b74e663ad0ac019ed72fc50,1582,0,264,7
1,31,1,1,5,0.43422097300000001,0.36736599999999997,0.046767999999999997,1023541248,NA,NA,NA,NA,NA,NA,NA,NA,11457352,5690734,153602,512,388033e7552b3b3255277a47381a62d5067155e67b74e663ad0ac019ed72fc50,1582,0,302,3
1,32,0,1,1,0.055716155000000003,0.034457000000000002,0.0094039999999999992,156385280,NA,NA,NA,NA,NA,NA,NA,NA,994016,407679,8197,1,76f10b65f44b546f736cef2848789238eb7a5f77ce08b564ccca55b5bdc08f36,1083,0,21,5
1,32,1,0,1,0.055336292000000002,0.033762,0.010126999999999999,156184576,NA,NA,NA,NA,NA,NA,NA,NA,994016,407679,8197,1,76f10b65f44b546f736cef2848789238eb7a5f77ce08b564ccca55b5bdc08f36,1078,0,44,4
1,32,0,0,5,0.43685594100000003,0.35963099999999998,0.053758,1023549440,NA,NA,NA,NA,NA,NA,NA,NA,11457352,5690734,153602,512,388033e7552b3b3255277a47381a62d5067155e67b74e663ad0ac019ed72fc50,1580,0,306,7
1,32,1,1,5,0.43401430500000004,0.36625399999999997,0.047042999999999995,1023610880,NA,NA,NA,NA,NA,NA,NA,NA,11457352,5690734,153602,512,388033e7552b3b3255277a47381a62d5067155e67b74e663ad0ac019ed72fc50,1582,0,253,5
1,32,0,0,3,0.060200248000000005,0.038427999999999997,0.0096099999999999988,181460992,NA,NA,NA,NA,NA,NA,NA,NA,1968568,2240463,32773,1,c491f4791a93a71124b9219b05e718490cf6bd1c68b1ec8fc6a6550e31f844b1,681,0,50,5
1,32,1,1,3,0.059133197000000005,0.038292,0.0095769999999999987,181432320,NA,NA,NA,NA,NA,NA,NA,NA,1968568,2240463,32773,1,c491f4791a93a71124b9219b05e718490cf6bd1c68b1ec8fc6a6550e31f844b1,678,0,55,5
1,32,0,0,4,0.19837770700000001,0.15887199999999999,0.020284999999999997,428380160,NA,NA,NA,NA,NA,NA,NA,NA,5833440,1882629,26625,512,0f41e20848de6408cce7b1c5f57f0212c9401233ca75c7b6652c8ea62bfcd43f,1235,0,167,5
1,32,1,1,4,0.19699063900000002,0.14807899999999999,0.029613999999999998,428335104,NA,NA,NA,NA,NA,NA,NA,NA,5833440,1882629,26625,512,0f41e20848de6408cce7b1c5f57f0212c9401233ca75c7b6652c8ea62bfcd43f,1234,0,140,5
1,32,0,1,0,0.019488775,0.0083680000000000004,0,55701504,NA,NA,NA,NA,NA,NA,NA,NA,2408,135,5,1,3d4d37e7dcef36139698862d60d536450dfb480779ac0676046a82e065e8af0f,588,0,9,3
1,32,1,0,0,0.018253561000000001,0.0077089999999999997,0,55275520,NA,NA,NA,NA,NA,NA,NA,NA,2408,135,5,1,3d4d37e7dcef36139698862d60d536450dfb480779ac0676046a82e065e8af0f,1026,0,12,3
1,32,0,0,2,0.040781662000000003,0.022997,0.0065569999999999995,131272704,NA,NA,NA,NA,NA,NA,NA,NA,837856,318511,16385,4096,b4f737276339a7626b246c204b626e79f9d9ec0f1f160233a5aa1c27728af83f,1072,0,21,4
1,32,1,1,2,0.041195537000000004,0.026948999999999997,0.0029949999999999998,130801664,NA,NA,NA,NA,NA,NA,NA,NA,837856,318511,16385,4096,b4f737276339a7626b246c204b626e79f9d9ec0f1f160233a5aa1c27728af83f,1064,0,29,4
1,33,0,1,2,0.041212379,0.026747,0.0033339999999999997,131600384,NA,NA,NA,NA,NA,NA,NA,NA,837856,318511,16385,4096,b4f737276339a7626b246c204b626e79f9d9ec0f1f160233a5aa1c27728af83f,630,0,29,3
1,33,1,0,2,0.040578011000000004,0.026117999999999999,0.0032569999999999999,131387392,NA,NA,NA,NA,NA,NA,NA,NA,837856,318511,16385,4096,b4f737276339a7626b246c204b626e79f9d9ec0f1f160233a5aa1c27728af83f,626,0,29,3
1,33,0,1,4,0.19816255400000002,0.159271,0.019913,428519424,NA,NA,NA,NA,NA,NA,NA,NA,5833440,1882629,26625,512,0f41e20848de6408cce7b1c5f57f0212c9401233ca75c7b6652c8ea62bfcd43f,1252,0,154,4
1,33,1,0,4,0.19978137800000001,0.153866,0.026765999999999998,428339200,NA,NA,NA,NA,NA,NA,NA,NA,5833440,1882629,26625,512,0f41e20848de6408cce7b1c5f57f0212c9401233ca75c7b6652c8ea62bfcd43f,1240,0,127,5
1,33,0,0,0,0.019563185,0.0086070000000000001,0,55394304,NA,NA,NA,NA,NA,NA,NA,NA,2408,135,5,1,3d4d37e7dcef36139698862d60d536450dfb480779ac0676046a82e065e8af0f,1026,0,11,3
1,33,1,1,0,0.019338834000000003,0.0082119999999999988,0,55410688,NA,NA,NA,NA,NA,NA,NA,NA,2408,135,5,1,3d4d37e7dcef36139698862d60d536450dfb480779ac0676046a82e065e8af0f,584,0,9,3
1,33,0,1,5,0.44661583700000002,0.37362399999999996,0.040044999999999997,1023397888,NA,NA,NA,NA,NA,NA,NA,NA,11457352,5690734,153602,512,388033e7552b3b3255277a47381a62d5067155e67b74e663ad0ac019ed72fc50,1580,0,343,9
1,33,1,0,5,0.44023914900000005,0.36935299999999999,0.050370999999999999,1023868928,NA,NA,NA,NA,NA,NA,NA,NA,11457352,5690734,153602,512,388033e7552b3b3255277a47381a62d5067155e67b74e663ad0ac019ed72fc50,1138,0,281,5
1,33,0,1,3,0.059930842000000005,0.041354999999999996,0.0068699999999999994,181342208,NA,NA,NA,NA,NA,NA,NA,NA,1968568,2240463,32773,1,c491f4791a93a71124b9219b05e718490cf6bd1c68b1ec8fc6a6550e31f844b1,1123,0,39,4
1,33,1,0,3,0.060003768000000006,0.038755999999999999,0.009698,181350400,NA,NA,NA,NA,NA,NA,NA,NA,1968568,2240463,32773,1,c491f4791a93a71124b9219b05e718490cf6bd1c68b1ec8fc6a6550e31f844b1,1124,0,31,4
1,33,0,0,1,0.055741812000000002,0.037232000000000001,0.0067739999999999996,156344320,NA,NA,NA,NA,NA,NA,NA,NA,994016,407679,8197,1,76f10b65f44b546f736cef2848789238eb7a5f77ce08b564ccca55b5bdc08f36,1081,0,24,3
1,33,1,1,1,0.055241264000000005,0.043619999999999999,0,156516352,NA,NA,NA,NA,NA,NA,NA,NA,994016,407679,8197,1,76f10b65f44b546f736cef2848789238eb7a5f77ce08b564ccca55b5bdc08f36,1083,0,30,2
1,34,0,0,0,0.019288832000000002,0.0081619999999999991,0,55717888,NA,NA,NA,NA,NA,NA,NA,NA,2408,135,5,1,3d4d37e7dcef36139698862d60d536450dfb480779ac0676046a82e065e8af0f,589,0,11,3
1,34,1,1,0,0.019410028000000003,0.0040959999999999998,0.0040790000000000002,55504896,NA,NA,NA,NA,NA,NA,NA,NA,2408,135,5,1,3d4d37e7dcef36139698862d60d536450dfb480779ac0676046a82e065e8af0f,585,0,9,3
1,34,0,0,3,0.060271540000000005,0.045116999999999997,0.0032199999999999998,181284864,NA,NA,NA,NA,NA,NA,NA,NA,1968568,2240463,32773,1,c491f4791a93a71124b9219b05e718490cf6bd1c68b1ec8fc6a6550e31f844b1,1121,0,39,4
1,34,1,1,3,0.059618666000000001,0.044616999999999997,0.0034349999999999997,181592064,NA,NA,NA,NA,NA,NA,NA,NA,1968568,2240463,32773,1,c491f4791a93a71124b9219b05e718490cf6bd1c68b1ec8fc6a6550e31f844b1,675,0,38,4
1,34,0,0,1,0.055284675000000005,0.037608999999999997,0.0062599999999999999,156647424,NA,NA,NA,NA,NA,NA,NA,NA,994016,407679,8197,1,76f10b65f44b546f736cef2848789238eb7a5f77ce08b564ccca55b5bdc08f36,638,0,30,3
1,34,1,1,1,0.054972411000000006,0.039843999999999997,0.0036240000000000001,156557312,NA,NA,NA,NA,NA,NA,NA,NA,994016,407679,8197,1,76f10b65f44b546f736cef2848789238eb7a5f77ce08b564ccca55b5bdc08f36,639,0,28,3
1,34,0,0,5,0.43413226700000002,0.37790399999999996,0.036776999999999997,1023422464,NA,NA,NA,NA,NA,NA,NA,NA,11457352,5690734,153602,512,388033e7552b3b3255277a47381a62d5067155e67b74e663ad0ac019ed72fc50,1581,0,313,7
1,34,1,1,5,0.43607615800000005,0.36174499999999998,0.053599999999999995,1023610880,NA,NA,NA,NA,NA,NA,NA,NA,11457352,5690734,153602,512,388033e7552b3b3255277a47381a62d5067155e67b74e663ad0ac019ed72fc50,1584,0,193,7
1,34,0,0,2,0.040864057000000002,0.019793999999999999,0.0099089999999999994,130998272,NA,NA,NA,NA,NA,NA,NA,NA,837856,318511,16385,4096,b4f737276339a7626b246c204b626e79f9d9ec0f1f160233a5aa1c27728af83f,1067,0,29,4
1,34,1,1,2,0.040762355,0.020728,0.0088839999999999995,131461120,NA,NA,NA,NA,NA,NA,NA,NA,837856,318511,16385,4096,b4f737276339a7626b246c204b626e79f9d9ec0f1f160233a5aa1c27728af83f,625,0,18,3
1,34,0,1,4,0.19750357900000001,0.16155899999999998,0.016834999999999999,428687360,NA,NA,NA,NA,NA,NA,NA,NA,5833440,1882629,26625,512,0f41e20848de6408cce7b1c5f57f0212c9401233ca75c7b6652c8ea62bfcd43f,795,0,130,4
1,34,1,0,4,0.19900076300000002,0.16028599999999998,0.019615999999999998,428437504,NA,NA,NA,NA,NA,NA,NA,NA,5833440,1882629,26625,512,0f41e20848de6408cce7b1c5f57f0212c9401233ca75c7b6652c8ea62bfcd43f,1238,0,180,6
1,35,0,1,5,0.43558158200000002,0.39092399999999999,0.023396,1023782912,NA,NA,NA,NA,NA,NA,NA,NA,11457352,5690734,153602,512,388033e7552b3b3255277a47381a62d5067155e67b74e663ad0ac019ed72fc50,1138,0,127,6
1,35,1,0,5,0.43506639700000005,0.38750799999999996,0.026727999999999998,1023438848,NA,NA,NA,NA,NA,NA,NA,NA,11457352,5690734,153602,512,388033e7552b3b3255277a47381a62d5067155e67b74e663ad0ac019ed72fc50,1580,0,202,5
1,35,0,1,0,0.019036327000000002,0.0056019999999999993,0.0028049999999999998,55414784,NA,NA,NA,NA,NA,NA,NA,NA,2408,135,5,1,3d4d37e7dcef36139698862d60d536450dfb480779ac0676046a82e065e8af0f,1027,0,13,3
1,35,1,0,0,0.019247634,0.0081949999999999992,0,55595008,NA,NA,NA,NA,NA,NA,NA,NA,2408,135,5,1,3d4d37e7dcef36139698862d60d536450dfb480779ac0676046a82e065e8af0f,586,0,11,4
1,35,0,1,2,0.040722101000000004,0.02554,0.0036519999999999999,131477504,NA,NA,NA,NA,NA,NA,NA,NA,837856,318511,16385,4096,b4f737276339a7626b246c204b626e79f9d9ec0f1f160233a5aa1c27728af83f,628,0,25,5
1,35,1,0,2,0.040516185000000003,0.029411,0,131186688,NA,NA,NA,NA,NA,NA,NA,NA,837856,318511,16385,4096,b4f737276339a7626b246c204b626e79f9d9ec0f1f160233a5aa1c27728af83f,1072,0,16,3
1,35,0,0,4,0.19921758000000001,0.162523,0.016926,428396544,NA,NA,NA,NA,NA,NA,NA,NA,5833440,1882629,26625,512,0f41e20848de6408cce7b1c5f57f0212c9401233ca75c7b6652c8ea62bfcd43f,1237,0,103,5
1,35,1,1,4,0.19788059700000002,0.16542099999999998,0.013505,428642304,NA,NA,NA,NA,NA,NA,NA,NA,5833440,1882629,26625,512,0f41e20848de6408cce7b1c5f57f0212c9401233ca75c7b6652c8ea62bfcd43f,795,0,176,4
1,35,0,1,3,0.059223516000000004,0.037446,0.010213999999999999,181628928,NA,NA,NA,NA,NA,NA,NA,NA,1968568,2240463,32773,1,c491f4791a93a71124b9219b05e718490cf6bd1c68b1ec8fc6a6550e31f844b1,679,0,50,3
1,35,1,0,3,0.059479426000000002,0.044562999999999998,0.0034289999999999998,181321728,NA,NA,NA,NA,NA,NA,NA,NA,1968568,2240463,32773,1,c491f4791a93a71124b9219b05e718490cf6bd1c68b1ec8fc6a6550e31f844b1,1126,0,39,4
1,35,0,1,1,0.055176983000000006,0.033520999999999995,0.010052,156372992,NA,NA,NA,NA,NA,NA,NA,NA,994016,407679,8197,1,76f10b65f44b546f736cef2848789238eb7a5f77ce08b564ccca55b5bdc08f36,1083,0,34,5
1,35,1,0,1,0.054825426000000003,0.039799999999999995,0.0036189999999999998,156336128,NA,NA,NA,NA,NA,NA,NA,NA,994016,407679,8197,1,76f10b65f44b546f736cef2848789238eb7a5f77ce08b564ccca55b5bdc08f36,1082,0,26,2
1,36,0,1,4,0.197400034,0.15465799999999999,0.023542,428498944,NA,NA,NA,NA,NA,NA,NA,NA,5833440,1882629,26625,512,0f41e20848de6408cce7b1c5f57f0212c9401233ca75c7b6652c8ea62bfcd43f,1237,0,131,6
1,36,1,0,4,0.19909270800000001,0.15975999999999999,0.019972,428429312,NA,NA,NA,NA,NA,NA,NA,NA,5833440,1882629,26625,512,0f41e20848de6408cce7b1c5f57f0212c9401233ca75c7b6652c8ea62bfcd43f,1241,0,143,6
1,36,0,0,2,0.040651538000000001,0.026244999999999997,0.0032810000000000001,130928640,NA,NA,NA,NA,NA,NA,NA,NA,837856,318511,16385,4096,b4f737276339a7626b246c204b626e79f9d9ec0f1f160233a5aa1c27728af83f,1066,0,26,3
1,36,1,1,2,0.041220524000000001,0.023968999999999997,0.0059930000000000001,131219456,NA,NA,NA,NA,NA,NA,NA,NA,837856,318511,16385,4096,b4f737276339a7626b246c204b626e79f9d9ec0f1f160233a5aa1c27728af83f,1070,0,28,4
1,36,0,0,3,0.059638103000000005,0.037919999999999995,0.010350999999999999,181391360,NA,NA,NA,NA,NA,NA,NA,NA,1968568,2240463,32773,1,c491f4791a93a71124b9219b05e718490cf6bd1c68b1ec8fc6a6550e31f844b1,1125,0,27,4
1,36,1,1,3,0.059960818000000006,0.044843000000000001,0.0034499999999999999,181411840,NA,NA,NA,NA,NA,NA,NA,NA,1968568,2240463,32773,1,c491f4791a93a71124b9219b05e718490cf6bd1c68b1ec8fc6a6550e31f844b1,1145,0,53,3
1,36,0,1,5,0.44209019700000002,0.367037,0.046304999999999999,1023832064,NA,NA,NA,NA,NA,NA,NA,NA,11457352,5690734,153602,512,388033e7552b3b3255277a47381a62d5067155e67b74e663ad0ac019ed72fc50,1615,0,339,6
1,36,1,0,5,0.44444741400000004,0.36700199999999999,0.046713999999999999,1023873024,NA,NA,NA,NA,NA,NA,NA,NA,11457352,5690734,153602,512,388033e7552b3b3255277a47381a62d5067155e67b74e663ad0ac019ed72fc50,1137,0,180,7
1,36,0,0,1,0.054679821000000003,0.039987999999999996,0.0033339999999999997,156655616,NA,NA,NA,NA,NA,NA,NA,NA,994016,407679,8197,1,76f10b65f44b546f736cef2848789238eb7a5f77ce08b564ccca55b5bdc08f36,637,0,29,3
1,36,1,1,1,0.055176454000000007,0.034199,0.0093270000000000002,156434432,NA,NA,NA,NA,NA,NA,NA,NA,994016,407679,8197,1,76f10b65f44b546f736cef2848789238eb7a5f77ce08b564ccca55b5bdc08f36,1080,0,33,3
1,36,0,0,0,0.019061574000000001,0.0041289999999999999,0.0041329999999999995,55349248,NA,NA,NA,NA,NA,NA,NA,NA,2408,135,5,1,3d4d37e7dcef36139698862d60d536450dfb480779ac0676046a82e065e8af0f,1030,0,9,3
1,36,1,1,0,0.019899575000000003,0.0041459999999999995,0.0041479999999999998,55373824,NA,NA,NA,NA,NA,NA,NA,NA,2408,135,5,1,3d4d37e7dcef36139698862d60d536450dfb480779ac0676046a82e065e8af0f,1059,0,10,3
1,37,0,1,1,0.055130107000000005,0.036333999999999998,0.00728,156766208,NA,NA,NA,NA,NA,NA,NA,NA,994016,407679,8197,1,76f10b65f44b546f736cef2848789238eb7a5f77ce08b564ccca55b5bdc08f36,1114,0,25,5
1,37,1,0,1,0.055173929000000003,0.028043999999999999,0.015569999999999999,156336128,NA,NA,NA,NA,NA,NA,NA,NA,994016,407679,8197,1,76f10b65f44b546f736cef2848789238eb7a5f77ce08b564ccca55b5bdc08f36,1082,0,44,4
1,37,0,1,0,0.019244870000000001,0.0041479999999999998,0.0041539999999999997,55832576,NA,NA,NA,NA,NA,NA,NA,NA,2408,135,5,1,3d4d37e7dcef36139698862d60d536450dfb480779ac0676046a82e065e8af0f,589,0,11,3
1,37,1,0,0,0.019650128000000003,0.0061279999999999998,0.002042,55316480,NA,NA,NA,NA,NA,NA,NA,NA,2408,135,5,1,3d4d37e7dcef36139698862d60d536450dfb480779ac0676046a82e065e8af0f,1029,0,10,3
1,37,0,0,4,0.20127090900000003,0.15262199999999998,0.026556999999999997,428748800,NA,NA,NA,NA,NA,NA,NA,NA,5833440,1882629,26625,512,0f41e20848de6408cce7b1c5f57f0212c9401233ca75c7b6652c8ea62bfcd43f,797,0,106,5
1,37,1,1,4,0.20808915300000003,0.15516099999999999,0.023619999999999999,428417024,NA,NA,NA,NA,NA,NA,NA,NA,5833440,1882629,26625,512,0f41e20848de6408cce7b1c5f57f0212c9401233ca75c7b6652c8ea62bfcd43f,1235,0,150,5
1,37,0,0,5,0.44445593100000003,0.36972099999999997,0.043277999999999997,1023496192,NA,NA,NA,NA,NA,NA,NA,NA,11457352,5690734,153602,512,388033e7552b3b3255277a47381a62d5067155e67b74e663ad0ac019ed72fc50,1582,0,164,5
1,37,1,1,5,0.43933497500000002,0.366118,0.046601999999999998,1023848448,NA,NA,NA,NA,NA,NA,NA,NA,11457352,5690734,153602,512,388033e7552b3b3255277a47381a62d5067155e67b74e663ad0ac019ed72fc50,1131,0,48,4
1,37,0,1,3,0.06369047600000001,0.0378,0.010303999999999999,181637120,NA,NA,NA,NA,NA,NA,NA,NA,1968568,2240463,32773,1,c491f4791a93a71124b9219b05e718490cf6bd1c68b1ec8fc6a6550e31f844b1,684,0,32,5
1,37,1,0,3,0.059913809000000005,0.038523999999999996,0.009639,181624832,NA,NA,NA,NA,NA,NA,NA,NA,1968568,2240463,32773,1,c491f4791a93a71124b9219b05e718490cf6bd1c68b1ec8fc6a6550e31f844b1,683,0,36,4
1,37,0,1,2,0.041468098000000002,0.026856999999999999,0.003359,131223552,NA,NA,NA,NA,NA,NA,NA,NA,837856,318511,16385,4096,b4f737276339a7626b246c204b626e79f9d9ec0f1f160233a5aa1c27728af83f,1071,0,22,3
1,37,1,0,2,0.040436255000000004,0.014723999999999999,0.014711999999999999,131391488,NA,NA,NA,NA,NA,NA,NA,NA,837856,318511,16385,4096,b4f737276339a7626b246c204b626e79f9d9ec0f1f160233a5aa1c27728af83f,628,0,21,4
1,38,0,1,0,0.019414787000000003,0.0086879999999999995,0,55287808,NA,NA,NA,NA,NA,NA,NA,NA,2408,135,5,1,3d4d37e7dcef36139698862d60d536450dfb480779ac0676046a82e065e8af0f,1027,0,10,4
1,38,1,0,0,0.018912106000000001,0.0052339999999999999,0.002627,55308288,NA,NA,NA,NA,NA,NA,NA,NA,2408,135,5,1,3d4d37e7dcef36139698862d60d536450dfb480779ac0676046a82e065e8af0f,581,0,9,3
1,38,0,0,2,0.040559606000000005,0.025600999999999999,0.0036519999999999999,131170304,NA,NA,NA,NA,NA,NA,NA,NA,837856,318511,16385,4096,b4f737276339a7626b246c204b626e79f9d9ec0f1f160233a5aa1c27728af83f,1071,0,22,5
1,38,1,1,2,0.041121038000000006,0.029789999999999997,0,131362816,NA,NA,NA,NA,NA,NA,NA,NA,837856,318511,16385,4096,b4f737276339a7626b246c204b626e79f9d9ec0f1f160233a5aa1c27728af83f,1075,0,19,4
1,38,0,1,1,0.055528793000000007,0.040436,0.0033729999999999997,156172288,NA,NA,NA,NA,NA,NA,NA,NA,994016,407679,8197,1,76f10b65f44b546f736cef2848789238eb7a5f77ce08b564ccca55b5bdc08f36,1078,0,16,6
1,38,1,0,1,0.055268357000000004,0.037012999999999997,0.0067250000000000001,156635136,NA,NA,NA,NA,NA,NA,NA,NA,994016,407679,8197,1,76f10b65f44b546f736cef2848789238eb7a5f77ce08b564ccca55b5bdc08f36,1099,0,20,3
1,38,0,0,4,0.198973174,0.15921399999999999,0.020323000000000001,428388352,NA,NA,NA,NA,NA,NA,NA,NA,5833440,1882629,26625,512,0f41e20848de6408cce7b1c5f57f0212c9401233ca75c7b6652c8ea62bfcd43f,1235,0,173,5
1,38,1,1,4,0.198100307,0.15515199999999998,0.023607,428380160,NA,NA,NA,NA,NA,NA,NA,NA,5833440,1882629,26625,512,0f41e20848de6408cce7b1c5f57f0212c9401233ca75c7b6652c8ea62bfcd43f,1236,0,197,4
1,38,0,1,5,0.43497400400000003,0.37144499999999997,0.043116999999999996,1023508480,NA,NA,NA,NA,NA,NA,NA,NA,11457352,5690734,153602,512,388033e7552b3b3255277a47381a62d5067155e67b74e663ad0ac019ed72fc50,1587,0,252,7
1,38,1,0,5,0.43571609400000005,0.36283599999999999,0.053245000000000001,1023766528,NA,NA,NA,NA,NA,NA,NA,NA,11457352,5690734,153602,512,388033e7552b3b3255277a47381a62d5067155e67b74e663ad0ac019ed72fc50,1138,0,246,6
1,38,0,0,3,0.060428564000000004,0.034523999999999999,0.0138,181432320,NA,NA,NA,NA,NA,NA,NA,NA,1968568,2240463,32773,1,c491f4791a93a71124b9219b05e718490cf6bd1c68b1ec8fc6a6550e31f844b1,1125,0,26,4
1,38,1,1,3,0.060095911000000002,0.038772000000000001,0.0096930000000000002,181366784,NA,NA,NA,NA,NA,NA,NA,NA,1968568,2240463,32773,1,c491f4791a93a71124b9219b05e718490cf6bd1c68b1ec8fc6a6550e31f844b1,1124,0,31,3
1,39,0,0,1,0.055144864000000002,0.033463,0.010045999999999999,156585984,NA,NA,NA,NA,NA,NA,NA,NA,994016,407679,8197,1,76f10b65f44b546f736cef2848789238eb7a5f77ce08b564ccca55b5bdc08f36,639,0,18,5
1,39,1,1,1,0.055472127000000003,0.040557999999999997,0.0033839999999999999,156356608,NA,NA,NA,NA,NA,NA,NA,NA,994016,407679,8197,1,76f10b65f44b546f736cef2848789238eb7a5f77ce08b564ccca55b5bdc08f36,1082,0,17,3
1,39,0,1,3,0.060071275,0.045191999999999996,0.0032299999999999998,181235712,NA,NA,NA,NA,NA,NA,NA,NA,1968568,2240463,32773,1,c491f4791a93a71124b9219b05e718490cf6bd1c68b1ec8fc6a6550e31f844b1,1123,0,40,5
1,39,1,0,3,0.059998990000000002,0.044548999999999998,0.0034319999999999997,181751808,NA,NA,NA,NA,NA,NA,NA,NA,1968568,2240463,32773,1,c491f4791a93a71124b9219b05e718490cf6bd1c68b1ec8fc6a6550e31f844b1,685,0,31,5
1,39,0,0,0,0.018836814,0.0081110000000000002,0,55476224,NA,NA,NA,NA,NA,NA,NA,NA,2408,135,5,1,3d4d37e7dcef36139698862d60d536450dfb480779ac0676046a82e065e8af0f,1029,0,12,3
1,39,1,1,0,0.018541191000000002,0.0052759999999999994,0.00264,55328768,NA,NA,NA,NA,NA,NA,NA,NA,2408,135,5,1,3d4d37e7dcef36139698862d60d536450dfb480779ac0676046a82e065e8af0f,1028,0,11,3
1,39,0,1,2,0.040505594000000006,0.022706,0.0064939999999999998,131080192,NA,NA,NA,NA,NA,NA,NA,NA,837856,318511,16385,4096,b4f737276339a7626b246c204b626e79f9d9ec0f1f160233a5aa1c27728af83f,1067,0,26,3
1,39,1,0,2,0.041087125000000002,0.026519999999999998,0.0033189999999999999,131366912,NA,NA,NA,NA,NA,NA,NA,NA,837856,318511,16385,4096,b4f737276339a7626b246c204b626e79f9d9ec0f1f160233a5aa1c27728af83f,620,0,25,4
1,39,0,1,4,0.20383896900000001,0.15525,0.023599999999999999,428355584,NA,NA,NA,NA,NA,NA,NA,NA,5833440,1882629,26625,512,0f41e20848de6408cce7b1c5f57f0212c9401233ca75c7b6652c8ea62bfcd43f,1237,0,127,6
1,39,1,0,4,0.20476544500000002,0.166597,0.013326999999999999,428810240,NA,NA,NA,NA,NA,NA,NA,NA,5833440,1882629,26625,512,0f41e20848de6408cce7b1c5f57f0212c9401233ca75c7b6652c8ea62bfcd43f,795,0,195,5
1,39,0,0,5,0.43760790900000002,0.35722499999999996,0.059542999999999999,1023598592,NA,NA,NA,NA,NA,NA,NA,NA,11457352,5690734,153602,512,388033e7552b3b3255277a47381a62d5067155e67b74e663ad0ac019ed72fc50,1582,0,173,7
1,39,1,1,5,0.443276791,0.36311099999999996,0.049977000000000001,1023565824,NA,NA,NA,NA,NA,NA,NA,NA,11457352,5690734,153602,512,388033e7552b3b3255277a47381a62d5067155e67b74e663ad0ac019ed72fc50,1581,0,86,4
